annee,code_postal_acheteur,achat_etranger,amm,substance,cas,fonction,classification,classification_mention,quantite_substance
2021,35132,Non,2000316,esfenvalerate,66230-04-4,Insecticide,Santé A,Substitution,0.05
2021,35132,Non,2030323,fludioxonil,131341-86-1,Fongicide,Env A,,0.04475
2021,35132,Non,2030342,chlormequat chlorure,999-81-5,Régulateur de croissance,Autre,,27.6
2021,35132,Non,2040146,tefluthrine,79538-32-2,Insecticide,Santé A,,0.98
2021,35132,Non,2050046,flonicamide,158062-67-0,Insecticide,Autre,,0.25
2021,35132,Non,2060088,benoxacor,98730-04-2,Autre usage – Coformulant / Phytoprotecteur / Synergiste,Autre,,1.6
2021,35132,Non,2060088,mesotrione,104206-82-8,Herbicide,Env A,,3.2
2021,35132,Non,2060088,s-metolachlore,87392-12-9,Herbicide,Env A,,32
2021,35132,Non,2080026,nicosulfuron,111991-09-4,Herbicide,Env A,,0.96
2021,35132,Non,2080117,prosulfuron,94125-34-5,Herbicide,Env A,Substitution,0.0375
2021,35132,Non,2080123,metsulfuron-methyl,74223-64-6,Herbicide,Env A,Substitution,0.32
2021,35132,Non,2080125,metsulfuron-methyl,74223-64-6,Herbicide,Env A,Substitution,0.12
2021,35132,Non,2080145,diflufenicanil,83164-33-4,Herbicide,Env B,,1
2021,35132,Non,2080145,flufenacet,142459-58-3,Herbicide,Env A,,2
2021,35132,Non,2090016,imazamox,114311-32-9,Herbicide,Env A,Substitution,0.334
2021,35132,Non,2090016,pendimethaline,40487-42-1,Herbicide,Env A,Substitution,5
2021,35132,Non,2090037,dicamba,1918-00-9,Herbicide,Env B,,1
2021,35132,Non,2090037,prosulfuron,94125-34-5,Herbicide,Env A,Substitution,0.1
2021,35132,Non,2090071,bromoxynil,1689-84-5,Herbicide,CMR,Exclusion,2.35
2021,35132,Non,2090093,glyphosate,1071-83-6,Herbicide,Env A,,45
2021,35132,Non,2090101,nicosulfuron,111991-09-4,Herbicide,Env A,,0.6
2021,35132,Non,2090111,cypermethrine,52315-07-8,Insecticide,Env A,,3.228
2021,35132,Non,2090118,flufenacet,142459-58-3,Herbicide,Env A,,3
2021,35132,Non,2090118,pendimethaline,40487-42-1,Herbicide,Env A,Substitution,15
2021,35132,Non,2090153,dicamba,1918-00-9,Herbicide,Env B,,4.8
2021,35132,Non,2090153,tritosulfuron,142469-14-5,Herbicide,Env A,,1
2021,35132,Non,2090186,prosulfocarbe,52888-80-9,Herbicide,Env A,,24
2021,35132,Non,2100030,phosphate ferrique,10045-86-0,Molluscicide,Autre,,1.782
2021,35132,Non,2100057,prothioconazole,178928-70-6,Fongicide,Env A,,0.875
2021,35132,Non,2100057,trifloxystrobine,141517-21-7,Fongicide,Env A,,0.44
2021,35132,Non,2100112,ethephon,16672-87-0,Régulateur de croissance,Santé A,,2.4
2021,35132,Non,2100138,cloquintocet-mexyl,99607-70-2,Autre usage – Coformulant / Phytoprotecteur / Synergiste,Autre,,0.25
2021,35132,Non,2100138,pinoxaden,243973-20-8,Herbicide,CMR,,1
2021,35132,Non,2100140,clodinafop-propargyl,105512-06-9,Herbicide,Env A,,1.75
2021,35132,Non,2100140,cloquintocet-mexyl,99607-70-2,Autre usage – Coformulant / Phytoprotecteur / Synergiste,Autre,,0.4375
2021,35132,Non,2100140,pinoxaden,243973-20-8,Herbicide,CMR,,1.75
2021,35132,Non,2100151,pyraclostrobine,175013-18-0,Fongicide,Santé A,,9.5
2021,35132,Non,2100175,prothioconazole,178928-70-6,Fongicide,Env A,,0.054
2021,35132,Non,2110102,difenoconazole,119446-68-3,Fongicide,Env A,,0.38200
2021,35132,Non,2110102,fludioxonil,131341-86-1,Fongicide,Env A,,0.38200
2021,35132,Non,2110102,sedaxane,874967-67-6,Fongicide,Env A,,0.7640
2021,35132,Non,2110103,tribenuron-methyle,101200-48-0,Herbicide,Env A,,0.075
2021,35132,Non,2110162,azoxystrobine,131860-33-8,Fongicide,Santé A,,2.5
2021,35132,Non,2110167,tebuconazole,107534-96-3,Fongicide,CMR,,9.03
2021,35132,Non,2120041,zirame,137-30-4,Fongicide,Santé A,,0.63
2021,35132,Non,2120048,aminopyralid,150114-71-9,Herbicide,Env A,,0.09
2021,35132,Non,2120048,triclopyr,55335-06-3,Herbicide,Env B,,0.72
2021,35132,Non,2120070,prothioconazole,178928-70-6,Fongicide,Env A,,1.6
2021,35132,Non,2120070,tebuconazole,107534-96-3,Fongicide,CMR,,0.8
2021,35132,Non,2120075,dimethenamide-p (dmta-p),163515-14-8,Herbicide,Env A,,6
2021,35132,Non,2120075,metazachlore,67129-08-2,Herbicide,CMR,,6
2021,35132,Non,2120075,quinmerac,90717-03-6,Herbicide,Env B,,3
2021,35132,Non,2120143,glyphosate,1071-83-6,Herbicide,Env A,,19.2
2021,35132,Non,2130063,nicosulfuron,111991-09-4,Herbicide,Env A,,0.6
2021,35132,Non,2130069,diflufenicanil,83164-33-4,Herbicide,Env B,,2.5
2021,35132,Non,2130083,lambda-cyhalothrine,91465-08-6,Insecticide,Santé A,Substitution,0.3
2021,35132,Non,2130140,diflufenicanil,83164-33-4,Herbicide,Env B,,4
2021,35132,Non,2130140,pendimethaline,40487-42-1,Herbicide,Env A,Substitution,40
2021,35132,Non,2130202,fluopyram,658066-35-4,Fongicide,Env A,,1.25
2021,35132,Non,2130202,prothioconazole,178928-70-6,Fongicide,Env A,,1.25
2021,35132,Non,2140051,fluxapyroxad,907204-31-3,Fongicide,CMR,,0.67599
2021,35132,Non,2140173,fluxapyroxad,907204-31-3,Fongicide,CMR,,0.3125
2021,35132,Non,2140173,metconazole,125116-23-6,Fongicide,CMR,,0.225
2021,35132,Non,2140177,pyriofenone,688046-61-9,Fongicide,CMR,,0.9
2021,35132,Non,2150125,diflufenicanil,83164-33-4,Herbicide,Env B,,1.2
2021,35132,Non,2150140,glyphosate,1071-83-6,Herbicide,Env A,,7.2
2021,35132,Non,2150484,clopyralid,1702-17-6,Herbicide,Autre,,1.8
2021,35132,Non,2150484,florasulame,145701-23-1,Herbicide,Env A,,0.15
2021,35132,Non,2150964,lambda-cyhalothrine,91465-08-6,Insecticide,Santé A,Substitution,1.36
2021,35132,Non,2160936,cloquintocet-mexyl,99607-70-2,Autre usage – Coformulant / Phytoprotecteur / Synergiste,Autre,,0.12
2021,35132,Non,2160936,fluroxypyr-meptyl,81406-37-3,Herbicide,Autre,,4.03
2021,35132,Non,2160936,halauxifen-methyl,943831-98-9,Herbicide,Env A,,0.125
2021,35132,Non,2160937,cloquintocet-mexyl,99607-70-2,Autre usage – Coformulant / Phytoprotecteur / Synergiste,Autre,,0.018
2021,35132,Non,2160937,florasulame,145701-23-1,Herbicide,Env A,,0.015
2021,35132,Non,2160937,halauxifen-methyl,943831-98-9,Herbicide,Env A,,0.01875
2021,35132,Non,2160959,benzovindiflupyr,1072957-71-1,Fongicide,Santé A,Substitution,0.75
2021,35132,Non,2160959,prothioconazole,178928-70-6,Fongicide,Env A,,1.5
2021,35132,Non,2170055,dicamba,1918-00-9,Herbicide,Env B,,0.48
2021,35132,Non,2170381,mesotrione,104206-82-8,Herbicide,Env A,,0.35
2021,35132,Non,2170381,terbuthylazine,5915-41-3,Herbicide,Env A,,1.65
2021,35132,Non,2170421,mesotrione,104206-82-8,Herbicide,Env A,,0.5
2021,35132,Non,2170423,mesotrione,104206-82-8,Herbicide,Env A,,1.5
2021,35132,Non,2171195,lambda-cyhalothrine,91465-08-6,Insecticide,Santé A,Substitution,0.28
2021,35132,Non,2180124,metalaxyl,57837-19-1,Fongicide,Env B,,0.0256
2021,35132,Non,2180124,prothioconazole,178928-70-6,Fongicide,Env A,,0.128
2021,35132,Non,2180865,ipconazole,125225-28-7,Fongicide,CMR,Exclusion,0.01356
2021,35132,Non,2190686,fluxapyroxad,907204-31-3,Fongicide,CMR,,4.75
2021,35132,Non,2190686,mefentrifluconazole,1417782-03-6,Fongicide,Autre,,9.5
2021,35132,Non,2200756,prohexadione-calcium,127277-53-6,Régulateur de croissance,Env B,,0.5
2021,35132,Non,8100291,metazachlore,67129-08-2,Herbicide,CMR,,2.5
2021,35132,Non,8300063,soufre pour pulverisation (micronise),7704-34-9,Fongicide,Autre,,88
2021,35132,Non,8400096,dicamba,1918-00-9,Herbicide,Env B,,7.2
2021,35132,Non,8400574,propyzamide,23950-58-5,Herbicide,CMR,Substitution,4
2021,35132,Non,9100296,"2,4-d",94-75-7,Herbicide,Env B,,6
2021,35132,Non,9100418,nicosulfuron,111991-09-4,Herbicide,Env A,,0.2
2021,35132,Non,9900251,dimethenamide-p (dmta-p),163515-14-8,Herbicide,Env A,,21.6
2021,35000,Non,2000201,silthiofam,175217-20-6,Fongicide,Env A,,1.210
2021,35000,Non,2000202,glyphosate,1071-83-6,Herbicide,Env A,,14.4
2021,35000,Non,2000299,clomazone,81777-89-1,Herbicide,Env A,,0.72
2021,35000,Non,2010030,mepiquat-chlorure,24307-26-4,Régulateur de croissance,Env B,,1.5
2021,35000,Non,2010030,prohexadione-calcium,127277-53-6,Régulateur de croissance,Env B,,0.25
2021,35000,Non,2020226,clethodime,99129-21-2,Herbicide,Env B,,0.24
2021,35000,Non,2030332,"2,4-d",94-75-7,Herbicide,Env B,,1.2
2021,35000,Non,2030332,dichlorprop-p,15165-67-0,Herbicide,Autre,,0.6
2021,35000,Non,2030342,chlormequat chlorure,999-81-5,Régulateur de croissance,Autre,,4.6
2021,35000,Non,2040146,tefluthrine,79538-32-2,Insecticide,Santé A,,0.04
2021,35000,Non,2060088,benoxacor,98730-04-2,Autre usage – Coformulant / Phytoprotecteur / Synergiste,Autre,,1.4
2021,35000,Non,2060088,mesotrione,104206-82-8,Herbicide,Env A,,2.8
2021,35000,Non,2060088,s-metolachlore,87392-12-9,Herbicide,Env A,,28
2021,35000,Non,2060098,spinosad,168316-95-8,Insecticide,Env A,,4.8
2021,35000,Non,2080094,florasulame,145701-23-1,Herbicide,Env A,,0.0288
2021,35000,Non,2080094,isoxaben,82558-50-7,Herbicide,Env B,,0.4392
2021,35000,Non,2080124,metsulfuron-methyl,74223-64-6,Herbicide,Env A,Substitution,0.026
2021,35000,Non,2080145,diflufenicanil,83164-33-4,Herbicide,Env B,,3
2021,35000,Non,2080145,flufenacet,142459-58-3,Herbicide,Env A,,6
2021,35000,Non,2090041,cloquintocet-mexyl,99607-70-2,Autre usage – Coformulant / Phytoprotecteur / Synergiste,Autre,,0.225
2021,35000,Non,2090041,pyroxsulame,422556-08-9,Herbicide,Env A,,0.225
2021,35000,Non,2090093,glyphosate,1071-83-6,Herbicide,Env A,,54
2021,35000,Non,2090111,cypermethrine,52315-07-8,Insecticide,Env A,,2.850
2021,35000,Non,2090146,abamectine,71751-41-2,Insecticide,CMR,,0.0000030
2021,35000,Non,2090146,pyrethrines,8003-34-7,Insecticide,Env A,,0.000040
2021,35000,Non,2090153,dicamba,1918-00-9,Herbicide,Env B,,1.2
2021,35000,Non,2090153,tritosulfuron,142469-14-5,Herbicide,Env A,,0.25
2021,35000,Non,2090159,tritosulfuron,142469-14-5,Herbicide,Env A,,0.2499
2021,35000,Non,2090160,glyphosate,1071-83-6,Herbicide,Env A,,28.8
2021,35000,Non,2100009,thifensulfuron-methyle,79277-27-3,Herbicide,Env A,,0.1332
2021,35000,Non,2100009,tribenuron-methyle,101200-48-0,Herbicide,Env A,,0.0668
2021,35000,Non,2100030,phosphate ferrique,10045-86-0,Molluscicide,Autre,,1.188
2021,35000,Non,2100037,boscalid,188425-85-6,Fongicide,Env A,,1
2021,35000,Non,2100037,dimoxystrobine,149961-52-4,Fongicide,CMR,,1
2021,35000,Non,2100091,clethodime,99129-21-2,Herbicide,Env B,,1.104
2021,35000,Non,2100111,mesotrione,104206-82-8,Herbicide,Env A,,0.375
2021,35000,Non,2100111,nicosulfuron,111991-09-4,Herbicide,Env A,,0.15
2021,35000,Non,2100138,cloquintocet-mexyl,99607-70-2,Autre usage – Coformulant / Phytoprotecteur / Synergiste,Autre,,0.0625
2021,35000,Non,2100138,pinoxaden,243973-20-8,Herbicide,CMR,,0.25
2021,35000,Non,2100140,clodinafop-propargyl,105512-06-9,Herbicide,Env A,,0.500
2021,35000,Non,2100140,cloquintocet-mexyl,99607-70-2,Autre usage – Coformulant / Phytoprotecteur / Synergiste,Autre,,0.12500
2021,35000,Non,2100140,pinoxaden,243973-20-8,Herbicide,CMR,,0.500
2021,35000,Non,2100151,pyraclostrobine,175013-18-0,Fongicide,Santé A,,3
2021,35000,Non,2100177,isoxadifen-ethyl,163520-33-0,Autre usage – Coformulant / Phytoprotecteur / Synergiste,Env A,,3.6
2021,35000,Non,2100177,tembotrione,335104-84-2,Herbicide,CMR,,7.2
2021,35000,Non,2100231,emamectine benzoate,155569-91-8,Insecticide,Santé A,,0.38
2021,35000,Non,2110102,difenoconazole,119446-68-3,Fongicide,Env A,,0.18525
2021,35000,Non,2110102,fludioxonil,131341-86-1,Fongicide,Env A,,0.18525
2021,35000,Non,2110102,sedaxane,874967-67-6,Fongicide,Env A,,0.3705
2021,35000,Non,2110148,bixafen,581809-46-3,Fongicide,Env A,,0.125
2021,35000,Non,2110162,azoxystrobine,131860-33-8,Fongicide,Santé A,,0.5
2021,35000,Non,2110167,tebuconazole,107534-96-3,Fongicide,CMR,,2.58
2021,35000,Non,2120048,aminopyralid,150114-71-9,Herbicide,Env A,,0.03
2021,35000,Non,2120048,triclopyr,55335-06-3,Herbicide,Env B,,0.24
2021,35000,Non,2120075,dimethenamide-p (dmta-p),163515-14-8,Herbicide,Env A,,2
2021,35000,Non,2120075,metazachlore,67129-08-2,Herbicide,CMR,,2
2021,35000,Non,2120075,quinmerac,90717-03-6,Herbicide,Env B,,1
2021,35000,Non,2130063,nicosulfuron,111991-09-4,Herbicide,Env A,,0.2
2021,35000,Non,2130069,diflufenicanil,83164-33-4,Herbicide,Env B,,1.295
2021,35000,Non,2130083,lambda-cyhalothrine,91465-08-6,Insecticide,Santé A,Substitution,0.1
2021,35000,Non,2130085,metaldehyde,108-62-3,Molluscicide,CMR,,0.72
2021,35000,Non,2130253,"2,4-d",94-75-7,Herbicide,Env B,,2.4
2021,35000,Non,2130253,glyphosate,1071-83-6,Herbicide,Env A,,3.6
2021,35000,Non,2130266,bromuconazole,116255-48-2,Fongicide,Env A,,1.67
2021,35000,Non,2130266,tebuconazole,107534-96-3,Fongicide,CMR,,1.07
2021,35000,Non,2140258,iodosulfuron-methyl-sodium,144550-36-7,Herbicide,Env A,,0.075
2021,35000,Non,2140258,mesosulfuron-methyl,208465-21-8,Herbicide,Env A,,0.075
2021,35000,Non,2150084,mesotrione,104206-82-8,Herbicide,Env A,,2.5
2021,35000,Non,2150757,diflufenicanil,83164-33-4,Herbicide,Env B,,0.4
2021,35000,Non,2150757,glyphosate,1071-83-6,Herbicide,Env A,,2.5
2021,35000,Non,2150964,lambda-cyhalothrine,91465-08-6,Insecticide,Santé A,Substitution,0.6
2021,35000,Non,2160484,difenoconazole,119446-68-3,Fongicide,Env A,,0.29
2021,35000,Non,2160484,fludioxonil,131341-86-1,Fongicide,Env A,,0.29
2021,35000,Non,2160814,diflufenicanil,83164-33-4,Herbicide,Env B,,1
2021,35000,Non,2160920,fluroxypyr-meptyl,81406-37-3,Herbicide,Autre,,0.9725
2021,35000,Non,2160920,metsulfuron-methyl,74223-64-6,Herbicide,Env A,Substitution,0.025
2021,35000,Non,2160920,thifensulfuron-methyle,79277-27-3,Herbicide,Env A,,0.15
2021,35000,Non,2160931,bixafen,581809-46-3,Fongicide,Env A,,0.27625
2021,35000,Non,2160931,fluopyram,658066-35-4,Fongicide,Env A,,0.27625
2021,35000,Non,2160931,prothioconazole,178928-70-6,Fongicide,Env A,,0.5525
2021,35000,Non,2160936,cloquintocet-mexyl,99607-70-2,Autre usage – Coformulant / Phytoprotecteur / Synergiste,Autre,,0.048
2021,35000,Non,2160936,fluroxypyr-meptyl,81406-37-3,Herbicide,Autre,,1.612
2021,35000,Non,2160936,halauxifen-methyl,943831-98-9,Herbicide,Env A,,0.05
2021,35000,Non,2160959,benzovindiflupyr,1072957-71-1,Fongicide,Santé A,Substitution,2.25
2021,35000,Non,2160959,prothioconazole,178928-70-6,Fongicide,Env A,,4.5
2021,35000,Non,2161101,fluxapyroxad,907204-31-3,Fongicide,CMR,,0.375
2021,35000,Non,2161101,pyraclostrobine,175013-18-0,Fongicide,Santé A,,0.75
2021,35000,Non,2170237,iodosulfuron-methyl-sodium,144550-36-7,Herbicide,Env A,,0.045
2021,35000,Non,2170237,mefenpyr-diethyl,135590-91-9,Autre usage – Coformulant / Phytoprotecteur / Synergiste,Autre,,0.135
2021,35000,Non,2170237,mesosulfuron-methyl,208465-21-8,Herbicide,Env A,,0.045
2021,35000,Non,2170237,thiencarbazone-methyl,317815-83-1,Herbicide,CMR,,0.0375
2021,35000,Non,2170685,acide acetique,64-19-7,Herbicide,Autre,,0.3
2021,35000,Non,2180124,metalaxyl,57837-19-1,Fongicide,Env B,,0.0184
2021,35000,Non,2180124,prothioconazole,178928-70-6,Fongicide,Env A,,0.092
2021,35000,Non,2180461,metaldehyde,108-62-3,Molluscicide,CMR,,2.489
2021,35000,Non,2180865,ipconazole,125225-28-7,Fongicide,CMR,Exclusion,0.00452
2021,35000,Non,2190062,halauxifen-methyl,943831-98-9,Herbicide,Env A,,0.045
2021,35000,Non,2190062,piclorame,1918-02-1,Herbicide,Env A,,0.216
2021,35000,Non,2190214,aclonifen,74070-46-5,Herbicide,CMR,,18
2021,35000,Non,2190214,diflufenicanil,83164-33-4,Herbicide,Env B,,2.4
2021,35000,Non,2190214,flufenacet,142459-58-3,Herbicide,Env A,,3
2021,35000,Non,2190608,flufenacet,142459-58-3,Herbicide,Env A,,2
2021,35000,Non,2190686,fluxapyroxad,907204-31-3,Fongicide,CMR,,2.0
2021,35000,Non,2190686,mefentrifluconazole,1417782-03-6,Fongicide,Autre,,4
2021,35000,Non,7200313,alcools terpeniques,98-55-5,Autre usage – Adjuvant,Autre,,3.325
2021,35000,Non,8300063,soufre pour pulverisation (micronise),7704-34-9,Fongicide,Autre,,48
2021,35000,Non,8400096,dicamba,1918-00-9,Herbicide,Env B,,0.48
2021,35000,Non,8700462,prosulfocarbe,52888-80-9,Herbicide,Env A,,32
2021,35000,Non,8800395,lambda-cyhalothrine,91465-08-6,Insecticide,Santé A,Substitution,0.025
2021,35000,Non,8800395,pyrimicarbe,23103-98-2,Insecticide,CMR,,0.5
2021,35000,Non,9000184,"2,4-mcpa",94-74-6,Herbicide,Env A,,2
2021,35000,Non,9000184,clopyralid,1702-17-6,Herbicide,Autre,,0.2
2021,35000,Non,9000184,fluroxypyr-meptyl,81406-37-3,Herbicide,Autre,,0.576
2021,35000,Non,9000741,tetraconazole,112281-77-3,Fongicide,Env A,,1.25
2021,35000,Non,9100418,nicosulfuron,111991-09-4,Herbicide,Env A,,0.2
2021,35000,Non,9500040,quizalofop-p-ethyl,100646-51-3,Herbicide,Env A,,0.25
2021,35000,Non,9500323,phosphure d'aluminium,20859-73-8,Insecticide,Santé A,,6.16
2021,35000,Non,9500595,"2,4-d",94-75-7,Herbicide,Env B,,0.15
2021,35000,Non,9500595,"2,4-mcpa",94-74-6,Herbicide,Env A,,0.175
2021,35000,Non,9500595,clopyralid,1702-17-6,Herbicide,Autre,,0.035
2021,35000,Non,9500628,bentazone,25057-89-0,Herbicide,Env B,,5.22
2021,35000,Non,9600093,azoxystrobine,131860-33-8,Fongicide,Santé A,,0.8325
2021,35000,Non,9600370,"2,4-mcpa",94-74-6,Herbicide,Env A,,1.75
2021,35000,Non,9600370,clopyralid (sous forme de sel de monoethanolamine),57754-85-5,Herbicide,Autre,,0.175
2021,35000,Non,9800182,s-metolachlore,87392-12-9,Herbicide,Env A,,9.6
2021,35000,Non,9800262,flazasulfuron,104040-78-0,Herbicide,Env A,,0.025
2021,35000,Non,9800336,lambda-cyhalothrine,91465-08-6,Insecticide,Santé A,Substitution,1.3
2021,35000,Non,9900251,dimethenamide-p (dmta-p),163515-14-8,Herbicide,Env A,,7.2
2021,35131,Non,2000003,metazachlore,67129-08-2,Herbicide,CMR,,15.0
2021,35131,Non,2000201,silthiofam,175217-20-6,Fongicide,Env A,,0.17625
2021,35131,Non,2000380,clethodime,99129-21-2,Herbicide,Env B,,0.12
2021,35131,Non,2010030,mepiquat-chlorure,24307-26-4,Régulateur de croissance,Env B,,10.5
2021,35131,Non,2010030,prohexadione-calcium,127277-53-6,Régulateur de croissance,Env B,,1.75
2021,35131,Non,2010280,metconazole,125116-23-6,Fongicide,CMR,,1.35
2021,35131,Non,2020099,trifloxystrobine,141517-21-7,Fongicide,Env A,,1
2021,35131,Non,2030010,clomazone,81777-89-1,Herbicide,Env A,,0.36
2021,35131,Non,2030342,chlormequat chlorure,999-81-5,Régulateur de croissance,Autre,,27.6
2021,35131,Non,2040146,tefluthrine,79538-32-2,Insecticide,Santé A,,0.1
2021,35131,Non,2060127,prothioconazole,178928-70-6,Fongicide,Env A,,0.188
2021,35131,Non,2080026,nicosulfuron,111991-09-4,Herbicide,Env A,,0.12
2021,35131,Non,2080123,metsulfuron-methyl,74223-64-6,Herbicide,Env A,Substitution,0.08
2021,35131,Non,2080145,diflufenicanil,83164-33-4,Herbicide,Env B,,7
2021,35131,Non,2080145,flufenacet,142459-58-3,Herbicide,Env A,,14
2021,35131,Non,2090037,dicamba,1918-00-9,Herbicide,Env B,,3.5
2021,35131,Non,2090037,prosulfuron,94125-34-5,Herbicide,Env A,Substitution,0.35
2021,35131,Non,2090050,cypermethrine,52315-07-8,Insecticide,Env A,,4.608
2021,35131,Non,2090069,bromoxynil,1689-84-5,Herbicide,CMR,Exclusion,3.525
2021,35131,Non,2090093,glyphosate,1071-83-6,Herbicide,Env A,,36
2021,35131,Non,2090101,nicosulfuron,111991-09-4,Herbicide,Env A,,0.8
2021,35131,Non,2090111,cypermethrine,52315-07-8,Insecticide,Env A,,0.372
2021,35131,Non,2090118,flufenacet,142459-58-3,Herbicide,Env A,,1.8
2021,35131,Non,2090118,pendimethaline,40487-42-1,Herbicide,Env A,Substitution,9
2021,35131,Non,2090153,dicamba,1918-00-9,Herbicide,Env B,,4.8
2021,35131,Non,2090153,tritosulfuron,142469-14-5,Herbicide,Env A,,1.0
2021,35131,Non,2100018,tebuconazole,107534-96-3,Fongicide,CMR,,1.25
2021,35131,Non,2100030,phosphate ferrique,10045-86-0,Molluscicide,Autre,,0.594
2021,35131,Non,2100057,prothioconazole,178928-70-6,Fongicide,Env A,,2.625
2021,35131,Non,2100057,trifloxystrobine,141517-21-7,Fongicide,Env A,,1.32
2021,35131,Non,2100111,mesotrione,104206-82-8,Herbicide,Env A,,3
2021,35131,Non,2100111,nicosulfuron,111991-09-4,Herbicide,Env A,,1.2
2021,35131,Non,2100138,cloquintocet-mexyl,99607-70-2,Autre usage – Coformulant / Phytoprotecteur / Synergiste,Autre,,1.0625
2021,35131,Non,2100138,pinoxaden,243973-20-8,Herbicide,CMR,,4.25
2021,35131,Non,2110018,difenoconazole,119446-68-3,Fongicide,Env A,,0.127
2021,35131,Non,2110018,fludioxonil,131341-86-1,Fongicide,Env A,,0.127
2021,35131,Non,2110102,difenoconazole,119446-68-3,Fongicide,Env A,,0.227
2021,35131,Non,2110102,fludioxonil,131341-86-1,Fongicide,Env A,,0.227
2021,35131,Non,2110102,sedaxane,874967-67-6,Fongicide,Env A,,0.454
2021,35131,Non,2110105,azoxystrobine,131860-33-8,Fongicide,Santé A,,0.5
2021,35131,Non,2110142,clopyralid,1702-17-6,Herbicide,Autre,,0.1
2021,35131,Non,2110192,metsulfuron-methyl,74223-64-6,Herbicide,Env A,Substitution,0.36
2021,35131,Non,2120048,aminopyralid,150114-71-9,Herbicide,Env A,,0.09
2021,35131,Non,2120048,triclopyr,55335-06-3,Herbicide,Env B,,0.72
2021,35131,Non,2130063,nicosulfuron,111991-09-4,Herbicide,Env A,,3.2
2021,35131,Non,2130068,diflufenicanil,83164-33-4,Herbicide,Env B,,1
2021,35131,Non,2130083,lambda-cyhalothrine,91465-08-6,Insecticide,Santé A,Substitution,0.1
2021,35131,Non,2130202,fluopyram,658066-35-4,Fongicide,Env A,,2.1875
2021,35131,Non,2130202,prothioconazole,178928-70-6,Fongicide,Env A,,2.1875
2021,35131,Non,2130266,bromuconazole,116255-48-2,Fongicide,Env A,,2.505
2021,35131,Non,2130266,tebuconazole,107534-96-3,Fongicide,CMR,,1.605
2021,35131,Non,2140078,fludioxonil,131341-86-1,Fongicide,Env A,,0.5965
2021,35131,Non,2140078,tefluthrine,79538-32-2,Insecticide,Santé A,,2.386
2021,35131,Non,2140093,glyphosate,1071-83-6,Herbicide,Env A,,9
2021,35131,Non,2150140,glyphosate,1071-83-6,Herbicide,Env A,,50.4
2021,35131,Non,2150483,lambda-cyhalothrine,91465-08-6,Insecticide,Santé A,Substitution,0.28
2021,35131,Non,2150785,mesotrione,104206-82-8,Herbicide,Env A,,3.5
2021,35131,Non,2160384,trinexapac-ethyl,95266-40-3,Régulateur de croissance,Env A,,1.25
2021,35131,Non,2160556,clomazone,81777-89-1,Herbicide,Env A,,1.8
2021,35131,Non,2160931,bixafen,581809-46-3,Fongicide,Env A,,1.235
2021,35131,Non,2160931,fluopyram,658066-35-4,Fongicide,Env A,,1.235
2021,35131,Non,2160931,prothioconazole,178928-70-6,Fongicide,Env A,,2.47
2021,35131,Non,2160959,benzovindiflupyr,1072957-71-1,Fongicide,Santé A,Substitution,3
2021,35131,Non,2160959,prothioconazole,178928-70-6,Fongicide,Env A,,6
2021,35131,Non,2161101,fluxapyroxad,907204-31-3,Fongicide,CMR,,1.125
2021,35131,Non,2161101,pyraclostrobine,175013-18-0,Fongicide,Santé A,,2.25
2021,35131,Non,2170230,azoxystrobine,131860-33-8,Fongicide,Santé A,,0.0063
2021,35131,Non,2170230,fludioxonil,131341-86-1,Fongicide,Env A,,0.01575
2021,35131,Non,2170230,metalaxyl-m,70630-17-0,Fongicide,Autre,,0.01218
2021,35131,Non,2170230,thiabendazole,148-79-8,Fongicide,Env A,,0.126
2021,35131,Non,2170381,mesotrione,104206-82-8,Herbicide,Env A,,4.90
2021,35131,Non,2170381,terbuthylazine,5915-41-3,Herbicide,Env A,,23.10
2021,35131,Non,2170933,prohexadione-calcium,127277-53-6,Régulateur de croissance,Env B,,0.3
2021,35131,Non,2170933,trinexapac-ethyl,95266-40-3,Régulateur de croissance,Env A,,0.45
2021,35131,Non,2171111,metamitrone,41394-05-2,Herbicide,Env A,,3.5
2021,35131,Non,2180124,metalaxyl,57837-19-1,Fongicide,Env B,,0.0184
2021,35131,Non,2180124,prothioconazole,178928-70-6,Fongicide,Env A,,0.092
2021,35131,Non,2180404,bacillus subtilis souche qst 713,68038-70-0,Fongicide,Autre,,
2021,35131,Non,2190173,metaldehyde,108-62-3,Molluscicide,CMR,,1.44
2021,35131,Non,2190173,phosphate ferrique,10045-86-0,Molluscicide,Autre,,2.3328
2021,35131,Non,2190509,mefentrifluconazole,1417782-03-6,Fongicide,Autre,,1.5
2021,35131,Non,2200066,fenpicoxamide,517875-34-2,Fongicide,Autre,,4
2021,35131,Non,8400096,dicamba,1918-00-9,Herbicide,Env B,,4.8
2021,35131,Non,8800029,phenmediphame,13684-63-4,Herbicide,Env A,,1.6
2021,35131,Non,8800395,lambda-cyhalothrine,91465-08-6,Insecticide,Santé A,Substitution,0.025
2021,35131,Non,8800395,pyrimicarbe,23103-98-2,Insecticide,CMR,,0.5
2021,35131,Non,9000069,ethofumesate,26225-79-6,Herbicide,Env A,,2.5
2021,35131,Non,9100296,"2,4-d",94-75-7,Herbicide,Env B,,6
2021,35131,Non,9200073,triflusulfuron-methyl,126535-15-7,Herbicide,CMR,,0.15
2021,35131,Non,9400008,triticonazole,131983-72-7,Fongicide,Env A,,0.66
2021,35131,Non,9400052,clethodime,99129-21-2,Herbicide,Env B,,2.4
2021,35131,Non,9400463,phenmediphame,13684-63-4,Herbicide,Env A,,1.6
2021,35131,Non,9500361,metamitrone,41394-05-2,Herbicide,Env A,,7
2021,35131,Non,9800336,lambda-cyhalothrine,91465-08-6,Insecticide,Santé A,Substitution,0.2
2021,35135,Non,2000332,pyraclostrobine,175013-18-0,Fongicide,Santé A,,3.75
2021,35135,Non,2010280,metconazole,125116-23-6,Fongicide,CMR,,2.7
2021,35135,Non,2030323,fludioxonil,131341-86-1,Fongicide,Env A,,0.17700
2021,35135,Non,2040146,tefluthrine,79538-32-2,Insecticide,Santé A,,0.224
2021,35135,Non,2060116,prothioconazole,178928-70-6,Fongicide,Env A,,5
2021,35135,Non,2060127,prothioconazole,178928-70-6,Fongicide,Env A,,0.276
2021,35135,Non,2080112,thirame,137-26-8,Fongicide,Env A,,0.2832
2021,35135,Non,2080123,metsulfuron-methyl,74223-64-6,Herbicide,Env A,Substitution,0.2
2021,35135,Non,2080124,metsulfuron-methyl,74223-64-6,Herbicide,Env A,Substitution,0.24
2021,35135,Non,2090042,cloquintocet-mexyl,99607-70-2,Autre usage – Coformulant / Phytoprotecteur / Synergiste,Autre,,0.07513
2021,35135,Non,2090042,florasulame,145701-23-1,Herbicide,Env A,,0.02508
2021,35135,Non,2090042,pyroxsulame,422556-08-9,Herbicide,Env A,,0.07513
2021,35135,Non,2090101,nicosulfuron,111991-09-4,Herbicide,Env A,,2.2
2021,35135,Non,2090111,cypermethrine,52315-07-8,Insecticide,Env A,,0.063
2021,35135,Non,2090117,tebuconazole,107534-96-3,Fongicide,CMR,,12
2021,35135,Non,2090153,dicamba,1918-00-9,Herbicide,Env B,,6
2021,35135,Non,2090153,tritosulfuron,142469-14-5,Herbicide,Env A,,1.25
2021,35135,Non,2100009,thifensulfuron-methyle,79277-27-3,Herbicide,Env A,,0.35964
2021,35135,Non,2100009,tribenuron-methyle,101200-48-0,Herbicide,Env A,,0.18036
2021,35135,Non,2100026,cypermethrine,52315-07-8,Insecticide,Env A,,1.5
2021,35135,Non,2100030,phosphate ferrique,10045-86-0,Molluscicide,Autre,,1.188
2021,35135,Non,2100037,boscalid,188425-85-6,Fongicide,Env A,,1
2021,35135,Non,2100037,dimoxystrobine,149961-52-4,Fongicide,CMR,,1
2021,35135,Non,2100138,cloquintocet-mexyl,99607-70-2,Autre usage – Coformulant / Phytoprotecteur / Synergiste,Autre,,0.25
2021,35135,Non,2100138,pinoxaden,243973-20-8,Herbicide,CMR,,1
2021,35135,Non,2100140,clodinafop-propargyl,105512-06-9,Herbicide,Env A,,1.75
2021,35135,Non,2100140,cloquintocet-mexyl,99607-70-2,Autre usage – Coformulant / Phytoprotecteur / Synergiste,Autre,,0.4375
2021,35135,Non,2100140,pinoxaden,243973-20-8,Herbicide,CMR,,1.75
2021,35135,Non,2110018,difenoconazole,119446-68-3,Fongicide,Env A,,0.0405
2021,35135,Non,2110018,fludioxonil,131341-86-1,Fongicide,Env A,,0.0405
2021,35135,Non,2110102,difenoconazole,119446-68-3,Fongicide,Env A,,0.04575
2021,35135,Non,2110102,fludioxonil,131341-86-1,Fongicide,Env A,,0.04575
2021,35135,Non,2110102,sedaxane,874967-67-6,Fongicide,Env A,,0.0915
2021,35135,Non,2110167,tebuconazole,107534-96-3,Fongicide,CMR,,1.72
2021,35135,Non,2120048,aminopyralid,150114-71-9,Herbicide,Env A,,0.09
2021,35135,Non,2120048,triclopyr,55335-06-3,Herbicide,Env B,,0.72
2021,35135,Non,2130091,diflufenicanil,83164-33-4,Herbicide,Env B,,5.5
2021,35135,Non,2130164,cyprosulfamide,221667-31-8,Autre usage – Coformulant / Phytoprotecteur / Synergiste,Autre,,0.15
2021,35135,Non,2130164,foramsulfuron,173159-57-4,Herbicide,Env A,,0.3
2021,35135,Non,2130164,thiencarbazone-methyl,317815-83-1,Herbicide,CMR,,0.1
2021,35135,Non,2130253,"2,4-d",94-75-7,Herbicide,Env B,,2.4
2021,35135,Non,2130253,glyphosate,1071-83-6,Herbicide,Env A,,3.6
2021,35135,Non,2140040,phosmet,732-11-6,Insecticide,CMR,,2.5
2021,35135,Non,2140082,trinexapac-ethyl,95266-40-3,Régulateur de croissance,Env A,,1.05
2021,35135,Non,2140121,acide pelargonique,112-05-0,Herbicide,Autre,,2.3759
2021,35135,Non,2150022,dicamba,1918-00-9,Herbicide,Env B,,4.8
2021,35135,Non,2150140,glyphosate,1071-83-6,Herbicide,Env A,,21.6
2021,35135,Non,2150483,lambda-cyhalothrine,91465-08-6,Insecticide,Santé A,Substitution,1.76
2021,35135,Non,2150785,mesotrione,104206-82-8,Herbicide,Env A,,2.5
2021,35135,Non,2160931,bixafen,581809-46-3,Fongicide,Env A,,2.275
2021,35135,Non,2160931,fluopyram,658066-35-4,Fongicide,Env A,,2.275
2021,35135,Non,2160931,prothioconazole,178928-70-6,Fongicide,Env A,,4.55
2021,35135,Non,2170031,metamitrone,41394-05-2,Herbicide,Env A,,7
2021,35135,Non,2170230,azoxystrobine,131860-33-8,Fongicide,Santé A,,0.0015
2021,35135,Non,2170230,fludioxonil,131341-86-1,Fongicide,Env A,,0.00375
2021,35135,Non,2170230,metalaxyl-m,70630-17-0,Fongicide,Autre,,0.0029
2021,35135,Non,2170230,thiabendazole,148-79-8,Fongicide,Env A,,0.03
2021,35135,Non,2170381,mesotrione,104206-82-8,Herbicide,Env A,,1.05
2021,35135,Non,2170381,terbuthylazine,5915-41-3,Herbicide,Env A,,4.95
2021,35135,Non,2170421,mesotrione,104206-82-8,Herbicide,Env A,,1
2021,35135,Non,2180088,s-metolachlore,87392-12-9,Herbicide,Env A,,48
2021,35135,Non,2180124,metalaxyl,57837-19-1,Fongicide,Env B,,0.0038
2021,35135,Non,2180124,prothioconazole,178928-70-6,Fongicide,Env A,,0.019
2021,35135,Non,2180165,dicamba dimethylammonium,2300-66-5,Herbicide,Env B,,4.8
2021,35135,Non,2190468,dicamba,1918-00-9,Herbicide,Env B,,3
2021,35135,Non,2190468,prosulfuron,94125-34-5,Herbicide,Env A,Substitution,0.3
2021,35135,Non,2190594,"(e,z)-3,8-tetradecadien-1-yl acetate",163041-87-0,Insecticide - Médiateur chimique,Autre,,
2021,35135,Non,2190594,"(e,z,z)-3,8,11-tetradecatrien-1-yl acetate",163041-94-9,Insecticide - Médiateur chimique,Autre,,
2021,35135,Non,2190686,fluxapyroxad,907204-31-3,Fongicide,CMR,,1.5
2021,35135,Non,2190686,mefentrifluconazole,1417782-03-6,Fongicide,Autre,,3
2021,35135,Non,8300063,soufre pour pulverisation (micronise),7704-34-9,Fongicide,Autre,,32
2021,35135,Non,8700462,prosulfocarbe,52888-80-9,Herbicide,Env A,,88
2021,35135,Non,8800199,propaquizafop,111479-05-1,Herbicide,Env A,,0.5
2021,35135,Non,9000833,metazachlore,67129-08-2,Herbicide,CMR,,6
2021,35135,Non,9000833,quinmerac,90717-03-6,Herbicide,Env B,,1.5
2021,35135,Non,9400008,triticonazole,131983-72-7,Fongicide,Env A,,0.156
2021,35135,Non,9400052,clethodime,99129-21-2,Herbicide,Env B,,0.72
2021,35135,Non,9800344,fludioxonil,131341-86-1,Fongicide,Env A,,0.00425
2021,35135,Non,9800344,metalaxyl-m,70630-17-0,Fongicide,Autre,,0.001649
2021,35135,Non,9900251,dimethenamide-p (dmta-p),163515-14-8,Herbicide,Env A,,21.6
2021,35136,Non,2000202,glyphosate,1071-83-6,Herbicide,Env A,,1.8
2021,35136,Non,2110154,"2,4-mcpa",94-74-6,Herbicide,Env A,,34.68
2021,35136,Non,2110154,dicamba,1918-00-9,Herbicide,Env B,,3.06
2021,35136,Non,2120219,tebuconazole,107534-96-3,Fongicide,CMR,,0.65
2021,35136,Non,2120219,trifloxystrobine,141517-21-7,Fongicide,Env A,,0.325
2021,35136,Non,2180334,difenoconazole,119446-68-3,Fongicide,Env A,,1.4454
2021,35136,Non,2180334,fludioxonil,131341-86-1,Fongicide,Env A,,1.4454
2021,35136,Non,2200861,"2,4-d",94-75-7,Herbicide,Env B,,0.05
2021,35136,Non,2200861,dicamba,1918-00-9,Herbicide,Env B,,0.025
2021,35136,Non,9900119,isoxaben,82558-50-7,Herbicide,Env B,,0.026
2021,35136,Non,9900119,oryzalin,19044-88-3,Herbicide,CMR,,0.108
2021,35160,Non,2000003,metazachlore,67129-08-2,Herbicide,CMR,,10
2021,35160,Non,2000044,fluazifop-p-butyl,79241-46-6,Herbicide,CMR,,1.25
2021,35160,Non,2000046,ethofumesate,26225-79-6,Herbicide,Env A,,0.75
2021,35160,Non,2000046,metamitrone,41394-05-2,Herbicide,Env A,,1.75
2021,35160,Non,2000201,silthiofam,175217-20-6,Fongicide,Env A,,0.30625
2021,35160,Non,2000202,glyphosate,1071-83-6,Herbicide,Env A,,7.2
2021,35160,Non,2000205,propoxycarbazone sodium,181274-15-7,Herbicide,Env A,,0.21
2021,35160,Non,2000299,clomazone,81777-89-1,Herbicide,Env A,,0.72
2021,35160,Non,2000301,foramsulfuron,173159-57-4,Herbicide,Env A,,1.1250
2021,35160,Non,2000301,isoxadifen-ethyl,163520-33-0,Autre usage – Coformulant / Phytoprotecteur / Synergiste,Env A,,1.1250
2021,35160,Non,2000369,metsulfuron-methyl,74223-64-6,Herbicide,Env A,Substitution,0.28
2021,35160,Non,2000380,clethodime,99129-21-2,Herbicide,Env B,,1.44
2021,35160,Non,2010280,metconazole,125116-23-6,Fongicide,CMR,,0.9
2021,35160,Non,2010282,cypermethrine,52315-07-8,Insecticide,Env A,,1
2021,35160,Non,2020099,trifloxystrobine,141517-21-7,Fongicide,Env A,,5.5
2021,35160,Non,2030323,fludioxonil,131341-86-1,Fongicide,Env A,,1.08225
2021,35160,Non,2030332,"2,4-d",94-75-7,Herbicide,Env B,,1.2
2021,35160,Non,2030332,dichlorprop-p,15165-67-0,Herbicide,Autre,,0.6
2021,35160,Non,2030342,chlormequat chlorure,999-81-5,Régulateur de croissance,Autre,,36.8
2021,35160,Non,2040146,tefluthrine,79538-32-2,Insecticide,Santé A,,3.110
2021,35160,Non,2050075,boscalid,188425-85-6,Fongicide,Env A,,2.5
2021,35160,Non,2060063,picolinafen,137641-05-5,Herbicide,Env A,,3.0075
2021,35160,Non,2060088,benoxacor,98730-04-2,Autre usage – Coformulant / Phytoprotecteur / Synergiste,Autre,,0.8
2021,35160,Non,2060088,mesotrione,104206-82-8,Herbicide,Env A,,1.6
2021,35160,Non,2060088,s-metolachlore,87392-12-9,Herbicide,Env A,,16
2021,35160,Non,2060116,prothioconazole,178928-70-6,Fongicide,Env A,,6.25
2021,35160,Non,2060127,prothioconazole,178928-70-6,Fongicide,Env A,,1.034
2021,35160,Non,2060131,"2,4-d",94-75-7,Herbicide,Env B,,0.465
2021,35160,Non,2060131,triclopyr,55335-06-3,Herbicide,Env B,,0.518
2021,35160,Non,2060194,tefluthrine,79538-32-2,Insecticide,Santé A,,2.52
2021,35160,Non,2080026,nicosulfuron,111991-09-4,Herbicide,Env A,,2.52
2021,35160,Non,2080094,florasulame,145701-23-1,Herbicide,Env A,,0.0432
2021,35160,Non,2080094,isoxaben,82558-50-7,Herbicide,Env B,,0.6588
2021,35160,Non,2080105,glyphosate,1071-83-6,Herbicide,Env A,,3.6
2021,35160,Non,2080112,thirame,137-26-8,Fongicide,Env A,,0.9216
2021,35160,Non,2080117,prosulfuron,94125-34-5,Herbicide,Env A,Substitution,2.9625
2021,35160,Non,2080123,metsulfuron-methyl,74223-64-6,Herbicide,Env A,Substitution,0.08
2021,35160,Non,2080124,metsulfuron-methyl,74223-64-6,Herbicide,Env A,Substitution,0.048
2021,35160,Non,2080125,metsulfuron-methyl,74223-64-6,Herbicide,Env A,Substitution,0.90
2021,35160,Non,2080145,diflufenicanil,83164-33-4,Herbicide,Env B,,43
2021,35160,Non,2080145,flufenacet,142459-58-3,Herbicide,Env A,,86
2021,35160,Non,2090008,thirame,137-26-8,Fongicide,Env A,,1.5457
2021,35160,Non,2090009,pendimethaline,40487-42-1,Herbicide,Env A,Substitution,26.4
2021,35160,Non,2090009,picolinafen,137641-05-5,Herbicide,Env A,,0.6
2021,35160,Non,2090011,pendimethaline,40487-42-1,Herbicide,Env A,Substitution,9.1
2021,35160,Non,2090016,imazamox,114311-32-9,Herbicide,Env A,Substitution,0.167
2021,35160,Non,2090016,pendimethaline,40487-42-1,Herbicide,Env A,Substitution,2.5
2021,35160,Non,2090037,dicamba,1918-00-9,Herbicide,Env B,,14.5
2021,35160,Non,2090037,prosulfuron,94125-34-5,Herbicide,Env A,Substitution,1.45
2021,35160,Non,2090041,cloquintocet-mexyl,99607-70-2,Autre usage – Coformulant / Phytoprotecteur / Synergiste,Autre,,0.525
2021,35160,Non,2090041,pyroxsulame,422556-08-9,Herbicide,Env A,,0.525
2021,35160,Non,2090050,cypermethrine,52315-07-8,Insecticide,Env A,,7.296
2021,35160,Non,2090057,metsulfuron-methyl,74223-64-6,Herbicide,Env A,Substitution,0.3663
2021,35160,Non,2090057,tribenuron-methyle,101200-48-0,Herbicide,Env A,,0.7326
2021,35160,Non,2090069,bromoxynil,1689-84-5,Herbicide,CMR,Exclusion,5.875
2021,35160,Non,2090093,glyphosate,1071-83-6,Herbicide,Env A,,90
2021,35160,Non,2090095,ethofumesate,26225-79-6,Herbicide,Env A,,1.9
2021,35160,Non,2090095,phenmediphame,13684-63-4,Herbicide,Env A,,2
2021,35160,Non,2090101,nicosulfuron,111991-09-4,Herbicide,Env A,,8.6
2021,35160,Non,2090111,cypermethrine,52315-07-8,Insecticide,Env A,,8.868
2021,35160,Non,2090112,dimethenamide-p (dmta-p),163515-14-8,Herbicide,Env A,,2
2021,35160,Non,2090112,metazachlore,67129-08-2,Herbicide,CMR,,2
2021,35160,Non,2090118,flufenacet,142459-58-3,Herbicide,Env A,,21.0
2021,35160,Non,2090118,pendimethaline,40487-42-1,Herbicide,Env A,Substitution,105
2021,35160,Non,2090153,dicamba,1918-00-9,Herbicide,Env B,,19.2
2021,35160,Non,2090153,tritosulfuron,142469-14-5,Herbicide,Env A,,4.00
2021,35160,Non,2090159,tritosulfuron,142469-14-5,Herbicide,Env A,,10.7814
2021,35160,Non,2090186,prosulfocarbe,52888-80-9,Herbicide,Env A,,248
2021,35160,Non,2090188,glyphosate,1071-83-6,Herbicide,Env A,,14.4
2021,35160,Non,2100009,thifensulfuron-methyle,79277-27-3,Herbicide,Env A,,0.2997
2021,35160,Non,2100009,tribenuron-methyle,101200-48-0,Herbicide,Env A,,0.1503
2021,35160,Non,2100014,metsulfuron-methyl,74223-64-6,Herbicide,Env A,Substitution,0.0603
2021,35160,Non,2100014,thifensulfuron-methyle,79277-27-3,Herbicide,Env A,,0.2997
2021,35160,Non,2100015,thifensulfuron-methyle,79277-27-3,Herbicide,Env A,,0.135
2021,35160,Non,2100026,cypermethrine,52315-07-8,Insecticide,Env A,,1.5
2021,35160,Non,2100030,phosphate ferrique,10045-86-0,Molluscicide,Autre,,0.594
2021,35160,Non,2100051,ipconazole,125225-28-7,Fongicide,CMR,Exclusion,0.0348
2021,35160,Non,2100052,cyprodinil,121552-61-2,Fongicide,Env A,,4.5
2021,35160,Non,2100053,fluroxypyr,69377-81-7,Herbicide,Env B,,2
2021,35160,Non,2100057,prothioconazole,178928-70-6,Fongicide,Env A,,0.875
2021,35160,Non,2100057,trifloxystrobine,141517-21-7,Fongicide,Env A,,0.44
2021,35160,Non,2100069,metsulfuron-methyl,74223-64-6,Herbicide,Env A,Substitution,0.07
2021,35160,Non,2100069,thifensulfuron-methyle,79277-27-3,Herbicide,Env A,,0.68
2021,35160,Non,2100108,prothioconazole,178928-70-6,Fongicide,Env A,,13.75
2021,35160,Non,2100108,tebuconazole,107534-96-3,Fongicide,CMR,,13.75
2021,35160,Non,2100111,mesotrione,104206-82-8,Herbicide,Env A,,6.375
2021,35160,Non,2100111,nicosulfuron,111991-09-4,Herbicide,Env A,,2.55
2021,35160,Non,2100112,ethephon,16672-87-0,Régulateur de croissance,Santé A,,9.6
2021,35160,Non,2100121,chlorantraniliprole,500008-45-7,Insecticide,Env A,,3.0
2021,35160,Non,2100138,cloquintocet-mexyl,99607-70-2,Autre usage – Coformulant / Phytoprotecteur / Synergiste,Autre,,3.0000
2021,35160,Non,2100138,pinoxaden,243973-20-8,Herbicide,CMR,,12.00
2021,35160,Non,2100140,clodinafop-propargyl,105512-06-9,Herbicide,Env A,,4.875
2021,35160,Non,2100140,cloquintocet-mexyl,99607-70-2,Autre usage – Coformulant / Phytoprotecteur / Synergiste,Autre,,1.21875
2021,35160,Non,2100140,pinoxaden,243973-20-8,Herbicide,CMR,,4.875
2021,35160,Non,2100151,pyraclostrobine,175013-18-0,Fongicide,Santé A,,4.5
2021,35160,Non,2100175,prothioconazole,178928-70-6,Fongicide,Env A,,0.381
2021,35160,Non,2100186,glyphosate,1071-83-6,Herbicide,Env A,,28.8
2021,35160,Non,2100211,prothioconazole,178928-70-6,Fongicide,Env A,,6.875
2021,35160,Non,2100211,tebuconazole,107534-96-3,Fongicide,CMR,,6.875
2021,35160,Non,2100215,pendimethaline,40487-42-1,Herbicide,Env A,Substitution,28
2021,35160,Non,2100234,diflufenicanil,83164-33-4,Herbicide,Env B,,3
2021,35160,Non,2100234,iodosulfuron-methyl-sodium,144550-36-7,Herbicide,Env A,,0.1875
2021,35160,Non,2100234,mefenpyr-diethyl,135590-91-9,Autre usage – Coformulant / Phytoprotecteur / Synergiste,Autre,,0.675
2021,35160,Non,2100234,mesosulfuron-methyl,208465-21-8,Herbicide,Env A,,0.225
2021,35160,Non,2110013,bromoxynil,1689-84-5,Herbicide,CMR,Exclusion,2.008
2021,35160,Non,2110018,difenoconazole,119446-68-3,Fongicide,Env A,,0.5565
2021,35160,Non,2110018,fludioxonil,131341-86-1,Fongicide,Env A,,0.5565
2021,35160,Non,2110082,diflufenicanil,83164-33-4,Herbicide,Env B,,0.72
2021,35160,Non,2110082,metsulfuron-methyl,74223-64-6,Herbicide,Env A,Substitution,0.072
2021,35160,Non,2110102,difenoconazole,119446-68-3,Fongicide,Env A,,1.42925
2021,35160,Non,2110102,fludioxonil,131341-86-1,Fongicide,Env A,,1.42925
2021,35160,Non,2110102,sedaxane,874967-67-6,Fongicide,Env A,,2.8585
2021,35160,Non,2110103,tribenuron-methyle,101200-48-0,Herbicide,Env A,,0.075
2021,35160,Non,2110104,clopyralid,1702-17-6,Herbicide,Autre,,0.8
2021,35160,Non,2110104,florasulame,145701-23-1,Herbicide,Env A,,0.025
2021,35160,Non,2110104,fluroxypyr-meptyl,81406-37-3,Herbicide,Autre,,1.44
2021,35160,Non,2110105,azoxystrobine,131860-33-8,Fongicide,Santé A,,6.25
2021,35160,Non,2110140,diflufenicanil,83164-33-4,Herbicide,Env B,,5.4
2021,35160,Non,2110140,flufenacet,142459-58-3,Herbicide,Env A,,10.8
2021,35160,Non,2110144,fluxapyroxad,907204-31-3,Fongicide,CMR,,1.125
2021,35160,Non,2110148,bixafen,581809-46-3,Fongicide,Env A,,0.5
2021,35160,Non,2110152,cypermethrine,52315-07-8,Insecticide,Env A,,0.08
2021,35160,Non,2110162,azoxystrobine,131860-33-8,Fongicide,Santé A,,20.0
2021,35160,Non,2110167,tebuconazole,107534-96-3,Fongicide,CMR,,34.40
2021,35160,Non,2110192,metsulfuron-methyl,74223-64-6,Herbicide,Env A,Substitution,0.44
2021,35160,Non,2120048,aminopyralid,150114-71-9,Herbicide,Env A,,1.53
2021,35160,Non,2120048,triclopyr,55335-06-3,Herbicide,Env B,,12.24
2021,35160,Non,2120070,prothioconazole,178928-70-6,Fongicide,Env A,,4.8
2021,35160,Non,2120070,tebuconazole,107534-96-3,Fongicide,CMR,,2.4
2021,35160,Non,2120089,"2,4-mcpa",94-74-6,Herbicide,Env A,,0.6
2021,35160,Non,2120089,diflufenicanil,83164-33-4,Herbicide,Env B,,0.150
2021,35160,Non,2120089,glyphosate,1071-83-6,Herbicide,Env A,,1.2
2021,35160,Non,2120120,bentazone,25057-89-0,Herbicide,Env B,,2.4
2021,35160,Non,2120120,imazamox,114311-32-9,Herbicide,Env A,Substitution,0.112
2021,35160,Non,2120143,glyphosate,1071-83-6,Herbicide,Env A,,105.6
2021,35160,Non,2120160,bentazone,25057-89-0,Herbicide,Env B,,12.0
2021,35160,Non,2130063,nicosulfuron,111991-09-4,Herbicide,Env A,,18.8
2021,35160,Non,2130066,dicamba,1918-00-9,Herbicide,Env B,,4.2
2021,35160,Non,2130068,diflufenicanil,83164-33-4,Herbicide,Env B,,15.5
2021,35160,Non,2130083,lambda-cyhalothrine,91465-08-6,Insecticide,Santé A,Substitution,0.8
2021,35160,Non,2130091,diflufenicanil,83164-33-4,Herbicide,Env B,,8
2021,35160,Non,2130164,cyprosulfamide,221667-31-8,Autre usage – Coformulant / Phytoprotecteur / Synergiste,Autre,,2.400
2021,35160,Non,2130164,foramsulfuron,173159-57-4,Herbicide,Env A,,4.80
2021,35160,Non,2130164,thiencarbazone-methyl,317815-83-1,Herbicide,CMR,,1.60
2021,35160,Non,2130202,fluopyram,658066-35-4,Fongicide,Env A,,0.625
2021,35160,Non,2130202,prothioconazole,178928-70-6,Fongicide,Env A,,0.625
2021,35160,Non,2130247,trinexapac-ethyl,95266-40-3,Régulateur de croissance,Env A,,2
2021,35160,Non,2130266,bromuconazole,116255-48-2,Fongicide,Env A,,13.36
2021,35160,Non,2130266,tebuconazole,107534-96-3,Fongicide,CMR,,8.56
2021,35160,Non,2140042,clomazone,81777-89-1,Herbicide,Env A,,1.08
2021,35160,Non,2140078,fludioxonil,131341-86-1,Fongicide,Env A,,1.0205
2021,35160,Non,2140078,tefluthrine,79538-32-2,Insecticide,Santé A,,4.082
2021,35160,Non,2140082,trinexapac-ethyl,95266-40-3,Régulateur de croissance,Env A,,3.675
2021,35160,Non,2140132,diflufenicanil,83164-33-4,Herbicide,Env B,,7.5
2021,35160,Non,2140148,dicamba,1918-00-9,Herbicide,Env B,,7.2
2021,35160,Non,2140156,"2,4-mcpa",94-74-6,Herbicide,Env A,,14.6685
2021,35160,Non,2140156,clopyralid,1702-17-6,Herbicide,Autre,,1.2815
2021,35160,Non,2140156,fluroxypyr,69377-81-7,Herbicide,Env B,,3.3
2021,35160,Non,2140257,iodosulfuron-methyl-sodium,144550-36-7,Herbicide,Env A,,0.05
2021,35160,Non,2140257,mefenpyr-diethyl,135590-91-9,Autre usage – Coformulant / Phytoprotecteur / Synergiste,Autre,,0.75
2021,35160,Non,2140257,mesosulfuron-methyl,208465-21-8,Herbicide,Env A,,0.25
2021,35160,Non,2140258,iodosulfuron-methyl-sodium,144550-36-7,Herbicide,Env A,,0.0375
2021,35160,Non,2140258,mesosulfuron-methyl,208465-21-8,Herbicide,Env A,,0.0375
2021,35160,Non,2150014,fluxapyroxad,907204-31-3,Fongicide,CMR,,0.625
2021,35160,Non,2150014,metconazole,125116-23-6,Fongicide,CMR,,0.45
2021,35160,Non,2150022,dicamba,1918-00-9,Herbicide,Env B,,18.72
2021,35160,Non,2150078,clomazone,81777-89-1,Herbicide,Env A,,0.48
2021,35160,Non,2150078,pethoxamide,106700-29-2,Herbicide,Env A,,8
2021,35160,Non,2150084,mesotrione,104206-82-8,Herbicide,Env A,,3.5
2021,35160,Non,2150125,diflufenicanil,83164-33-4,Herbicide,Env B,,5.2
2021,35160,Non,2150140,glyphosate,1071-83-6,Herbicide,Env A,,439.2
2021,35160,Non,2150483,lambda-cyhalothrine,91465-08-6,Insecticide,Santé A,Substitution,3.8
2021,35160,Non,2150484,clopyralid,1702-17-6,Herbicide,Autre,,2.1
2021,35160,Non,2150484,florasulame,145701-23-1,Herbicide,Env A,,0.175
2021,35160,Non,2150757,diflufenicanil,83164-33-4,Herbicide,Env B,,0.2
2021,35160,Non,2150757,glyphosate,1071-83-6,Herbicide,Env A,,1.25
2021,35160,Non,2150785,mesotrione,104206-82-8,Herbicide,Env A,,26
2021,35160,Non,2150964,lambda-cyhalothrine,91465-08-6,Insecticide,Santé A,Substitution,7.64
2021,35160,Non,2160064,fludioxonil,131341-86-1,Fongicide,Env A,,0.005
2021,35160,Non,2160064,tebuconazole,107534-96-3,Fongicide,CMR,,0.001
2021,35160,Non,2160200,cloquintocet-mexyl,99607-70-2,Autre usage – Coformulant / Phytoprotecteur / Synergiste,Autre,,1.4375
2021,35160,Non,2160200,pinoxaden,243973-20-8,Herbicide,CMR,,5.75
2021,35160,Non,2160226,phosphate ferrique,10045-86-0,Molluscicide,Autre,,2.057
2021,35160,Non,2160248,dicamba,1918-00-9,Herbicide,Env B,,6.0
2021,35160,Non,2160248,mesotrione,104206-82-8,Herbicide,Env A,,2.5
2021,35160,Non,2160260,metconazole,125116-23-6,Fongicide,CMR,,1.35
2021,35160,Non,2160384,trinexapac-ethyl,95266-40-3,Régulateur de croissance,Env A,,7.25
2021,35160,Non,2160387,tebuconazole,107534-96-3,Fongicide,CMR,,6.25
2021,35160,Non,2160556,clomazone,81777-89-1,Herbicide,Env A,,0.72
2021,35160,Non,2160617,benzovindiflupyr,1072957-71-1,Fongicide,Santé A,Substitution,1.5
2021,35160,Non,2160693,cyprosulfamide,221667-31-8,Autre usage – Coformulant / Phytoprotecteur / Synergiste,Autre,,8.55
2021,35160,Non,2160693,isoxaflutole,141112-29-0,Herbicide,CMR,,12.825
2021,35160,Non,2160693,thiencarbazone-methyl,317815-83-1,Herbicide,CMR,,5.13
2021,35160,Non,2160752,pyridate,55512-33-9,Herbicide,Env A,,21
2021,35160,Non,2160814,diflufenicanil,83164-33-4,Herbicide,Env B,,1
2021,35160,Non,2160818,soufre,7704-34-9,Fongicide,Autre,,72
2021,35160,Non,2160931,bixafen,581809-46-3,Fongicide,Env A,,13.130
2021,35160,Non,2160931,fluopyram,658066-35-4,Fongicide,Env A,,13.130
2021,35160,Non,2160931,prothioconazole,178928-70-6,Fongicide,Env A,,26.26
2021,35160,Non,2160936,cloquintocet-mexyl,99607-70-2,Autre usage – Coformulant / Phytoprotecteur / Synergiste,Autre,,0.768
2021,35160,Non,2160936,fluroxypyr-meptyl,81406-37-3,Herbicide,Autre,,25.792
2021,35160,Non,2160936,halauxifen-methyl,943831-98-9,Herbicide,Env A,,0.800
2021,35160,Non,2160937,cloquintocet-mexyl,99607-70-2,Autre usage – Coformulant / Phytoprotecteur / Synergiste,Autre,,0.234
2021,35160,Non,2160937,florasulame,145701-23-1,Herbicide,Env A,,0.195
2021,35160,Non,2160937,halauxifen-methyl,943831-98-9,Herbicide,Env A,,0.24375
2021,35160,Non,2160958,cypermethrine,52315-07-8,Insecticide,Env A,,1.152
2021,35160,Non,2160959,benzovindiflupyr,1072957-71-1,Fongicide,Santé A,Substitution,9.000
2021,35160,Non,2160959,prothioconazole,178928-70-6,Fongicide,Env A,,18.00
2021,35160,Non,2160976,prosulfuron,94125-34-5,Herbicide,Env A,Substitution,0.12
2021,35160,Non,2161068,mesotrione,104206-82-8,Herbicide,Env A,,10.5
2021,35160,Non,2161068,nicosulfuron,111991-09-4,Herbicide,Env A,,4.2
2021,35160,Non,2161101,fluxapyroxad,907204-31-3,Fongicide,CMR,,1.5
2021,35160,Non,2161101,pyraclostrobine,175013-18-0,Fongicide,Santé A,,3
2021,35160,Non,2170035,tribenuron-methyle,101200-48-0,Herbicide,Env A,,0.225
2021,35160,Non,2170055,dicamba,1918-00-9,Herbicide,Env B,,16.8
2021,35160,Non,2170158,dimethenamide-p (dmta-p),163515-14-8,Herbicide,Env A,,3.33
2021,35160,Non,2170158,quinmerac,90717-03-6,Herbicide,Env B,,1.67
2021,35160,Non,2170208,iodosulfuron-methyl-sodium,144550-36-7,Herbicide,Env A,,0.018
2021,35160,Non,2170208,mefenpyr-diethyl,135590-91-9,Autre usage – Coformulant / Phytoprotecteur / Synergiste,Autre,,0.27
2021,35160,Non,2170208,mesosulfuron-methyl,208465-21-8,Herbicide,Env A,,0.09
2021,35160,Non,2170216,cloquintocet-mexyl,99607-70-2,Autre usage – Coformulant / Phytoprotecteur / Synergiste,Autre,,0.1
2021,35160,Non,2170216,diflufenicanil,83164-33-4,Herbicide,Env B,,0.4
2021,35160,Non,2170216,florasulame,145701-23-1,Herbicide,Env A,,0.02
2021,35160,Non,2170216,iodosulfuron-methyl-sodium,144550-36-7,Herbicide,Env A,,0.05
2021,35160,Non,2170228,bixafen,581809-46-3,Fongicide,Env A,,6.5
2021,35160,Non,2170228,fluopyram,658066-35-4,Fongicide,Env A,,6.5
2021,35160,Non,2170228,prothioconazole,178928-70-6,Fongicide,Env A,,13
2021,35160,Non,2170230,azoxystrobine,131860-33-8,Fongicide,Santé A,,0.01845
2021,35160,Non,2170230,fludioxonil,131341-86-1,Fongicide,Env A,,0.046125
2021,35160,Non,2170230,metalaxyl-m,70630-17-0,Fongicide,Autre,,0.03567
2021,35160,Non,2170230,thiabendazole,148-79-8,Fongicide,Env A,,0.369
2021,35160,Non,2170263,cypermethrine,52315-07-8,Insecticide,Env A,,0.5
2021,35160,Non,2170381,mesotrione,104206-82-8,Herbicide,Env A,,17.15
2021,35160,Non,2170381,terbuthylazine,5915-41-3,Herbicide,Env A,,80.85
2021,35160,Non,2170421,mesotrione,104206-82-8,Herbicide,Env A,,3
2021,35160,Non,2170423,mesotrione,104206-82-8,Herbicide,Env A,,0.5
2021,35160,Non,2170752,sedaxane,874967-67-6,Fongicide,Env A,,0.03
2021,35160,Non,2170757,prochloraze,67747-09-5,Fongicide,Env A,,5.34
2021,35160,Non,2170757,tebuconazole,107534-96-3,Fongicide,CMR,,2.66
2021,35160,Non,2171111,metamitrone,41394-05-2,Herbicide,Env A,,3.5
2021,35160,Non,2171195,lambda-cyhalothrine,91465-08-6,Insecticide,Santé A,Substitution,0.8
2021,35160,Non,2171236,mesotrione,104206-82-8,Herbicide,Env A,,3.5
2021,35160,Non,2171236,terbuthylazine,5915-41-3,Herbicide,Env A,,16.5
2021,35160,Non,2179999,iodosulfuron-methyl-sodium,144550-36-7,Herbicide,Env A,,0.09
2021,35160,Non,2179999,mesosulfuron-methyl,208465-21-8,Herbicide,Env A,,0.09
2021,35160,Non,2180009,dicamba,1918-00-9,Herbicide,Env B,,2.5
2021,35160,Non,2180009,tritosulfuron,142469-14-5,Herbicide,Env A,,1.25
2021,35160,Non,2180124,metalaxyl,57837-19-1,Fongicide,Env B,,0.3016
2021,35160,Non,2180124,prothioconazole,178928-70-6,Fongicide,Env A,,1.508
2021,35160,Non,2180165,dicamba dimethylammonium,2300-66-5,Herbicide,Env B,,9.6
2021,35160,Non,2180865,ipconazole,125225-28-7,Fongicide,CMR,Exclusion,0.27572
2021,35160,Non,2190062,halauxifen-methyl,943831-98-9,Herbicide,Env A,,0.05
2021,35160,Non,2190062,piclorame,1918-02-1,Herbicide,Env A,,0.240
2021,35160,Non,2190173,metaldehyde,108-62-3,Molluscicide,CMR,,0.18
2021,35160,Non,2190173,phosphate ferrique,10045-86-0,Molluscicide,Autre,,0.2916
2021,35160,Non,2190214,aclonifen,74070-46-5,Herbicide,CMR,,6.75
2021,35160,Non,2190214,diflufenicanil,83164-33-4,Herbicide,Env B,,0.9
2021,35160,Non,2190214,flufenacet,142459-58-3,Herbicide,Env A,,1.125
2021,35160,Non,2190468,dicamba,1918-00-9,Herbicide,Env B,,1.5
2021,35160,Non,2190468,prosulfuron,94125-34-5,Herbicide,Env A,Substitution,0.15
2021,35160,Non,2190686,fluxapyroxad,907204-31-3,Fongicide,CMR,,8.50
2021,35160,Non,2190686,mefentrifluconazole,1417782-03-6,Fongicide,Autre,,17.0
2021,35160,Non,2190883,prothioconazole,178928-70-6,Fongicide,Env A,,4.75
2021,35160,Non,2190964,phosmet,732-11-6,Insecticide,CMR,,5
2021,35160,Non,2200066,fenpicoxamide,517875-34-2,Fongicide,Autre,,1.5
2021,35160,Non,2200753,glyphosate,1071-83-6,Herbicide,Env A,,2.7
2021,35160,Non,2210192,prosulfocarbe,52888-80-9,Herbicide,Env A,,32
2021,35160,Non,8200538,"2,4-d",94-75-7,Herbicide,Env B,,0.75
2021,35160,Non,8200538,"2,4-mcpa",94-74-6,Herbicide,Env A,,0.875
2021,35160,Non,8200538,clopyralid (sous forme de sel de monoethanolamine),57754-85-5,Herbicide,Autre,,0.175
2021,35160,Non,8400096,dicamba,1918-00-9,Herbicide,Env B,,28.80
2021,35160,Non,8400255,metsulfuron-methyl,74223-64-6,Herbicide,Env A,Substitution,0.26
2021,35160,Non,8400528,isoxaben,82558-50-7,Herbicide,Env B,,1.375
2021,35160,Non,8400574,propyzamide,23950-58-5,Herbicide,CMR,Substitution,4
2021,35160,Non,8600243,aclonifen,74070-46-5,Herbicide,CMR,,12
2021,35160,Non,8700462,prosulfocarbe,52888-80-9,Herbicide,Env A,,176
2021,35160,Non,8800029,phenmediphame,13684-63-4,Herbicide,Env A,,2.4
2021,35160,Non,8800199,propaquizafop,111479-05-1,Herbicide,Env A,,0.5
2021,35160,Non,8800827,chlortoluron,15545-48-9,Herbicide,CMR,,2.5
2021,35160,Non,8800827,isoxaben,82558-50-7,Herbicide,Env B,,0.0935
2021,35160,Non,8900564,tau-fluvalinate,102851-06-9,Insecticide,Env A,,0.72
2021,35160,Non,8900681,pendimethaline,40487-42-1,Herbicide,Env A,Substitution,10.02
2021,35160,Non,9000222,soufre,7704-34-9,Fongicide,Autre,,77
2021,35160,Non,9000259,amidosulfuron,120923-37-7,Herbicide,Env A,,0.90
2021,35160,Non,9000753,metaldehyde,108-62-3,Molluscicide,CMR,,1.5
2021,35160,Non,9000833,metazachlore,67129-08-2,Herbicide,CMR,,6
2021,35160,Non,9000833,quinmerac,90717-03-6,Herbicide,Env B,,1.5
2021,35160,Non,9100034,chlormequat chlorure,999-81-5,Régulateur de croissance,Autre,,27.6
2021,35160,Non,9100046,trinexapac-ethyl,95266-40-3,Régulateur de croissance,Env A,,1.00
2021,35160,Non,9100296,"2,4-d",94-75-7,Herbicide,Env B,,12
2021,35160,Non,9100418,nicosulfuron,111991-09-4,Herbicide,Env A,,3.8
2021,35160,Non,9100645,clodinafop-propargyl,105512-06-9,Herbicide,Env A,,0.1
2021,35160,Non,9100645,cloquintocet-mexyl,99607-70-2,Autre usage – Coformulant / Phytoprotecteur / Synergiste,Autre,,0.025
2021,35160,Non,9200548,thirame,137-26-8,Fongicide,Env A,,0.048
2021,35160,Non,9300322,metamitrone,41394-05-2,Herbicide,Env A,,3.5
2021,35160,Non,9400008,triticonazole,131983-72-7,Fongicide,Env A,,2.256
2021,35160,Non,9400083,"2,4-mcpa",94-74-6,Herbicide,Env A,,1
2021,35160,Non,9400083,dichlorprop-p,15165-67-0,Herbicide,Autre,,0.5
2021,35160,Non,9400083,mecoprop-p (mcpp-p),16484-77-8,Herbicide,Env A,,0.5
2021,35160,Non,9400463,phenmediphame,13684-63-4,Herbicide,Env A,,0.8
2021,35160,Non,9500361,metamitrone,41394-05-2,Herbicide,Env A,,3.5
2021,35160,Non,9500568,cyprodinil,121552-61-2,Fongicide,Env A,,1.875
2021,35160,Non,9500568,fludioxonil,131341-86-1,Fongicide,Env A,,1.25
2021,35160,Non,9600093,azoxystrobine,131860-33-8,Fongicide,Santé A,,1.25
2021,35160,Non,9600197,carfentrazone ethyl,128639-02-1,Herbicide,Env A,,0.08
2021,35160,Non,9600197,metsulfuron-methyl,74223-64-6,Herbicide,Env A,Substitution,0.02
2021,35160,Non,9600229,fenpropidine,67306-00-7,Fongicide,Env A,,2.25
2021,35160,Non,9600370,"2,4-mcpa",94-74-6,Herbicide,Env A,,3.5
2021,35160,Non,9600370,clopyralid (sous forme de sel de monoethanolamine),57754-85-5,Herbicide,Autre,,0.35
2021,35160,Non,9600390,glyphosate,1071-83-6,Herbicide,Env A,,28.8
2021,35160,Non,9800018,clomazone,81777-89-1,Herbicide,Env A,,1.35
2021,35160,Non,9800018,dimethachlore,50563-36-5,Herbicide,Env A,,8.4375
2021,35160,Non,9800018,napropamide,15299-99-7,Herbicide,Env A,,8.4375
2021,35160,Non,9800182,s-metolachlore,87392-12-9,Herbicide,Env A,,9.6
2021,35160,Non,9800336,lambda-cyhalothrine,91465-08-6,Insecticide,Santé A,Substitution,1.9
2021,35160,Non,9800344,fludioxonil,131341-86-1,Fongicide,Env A,,0.153
2021,35160,Non,9800344,metalaxyl-m,70630-17-0,Fongicide,Autre,,0.059364
2021,35160,Non,9900115,clethodime,99129-21-2,Herbicide,Env B,,1.2
2021,35160,Non,9900251,dimethenamide-p (dmta-p),163515-14-8,Herbicide,Env A,,43.2
2021,35160,Non,9900446,cymoxanil,57966-95-7,Fongicide,CMR,,0.045
2021,35160,Non,9900446,fludioxonil,131341-86-1,Fongicide,Env A,,0.0225
2021,35160,Non,9900446,metalaxyl-m,70630-17-0,Fongicide,Autre,,0.07632
2021,35170,Non,2000003,metazachlore,67129-08-2,Herbicide,CMR,,5
2021,35170,Non,2000202,glyphosate,1071-83-6,Herbicide,Env A,,1.8
2021,35170,Non,2000301,foramsulfuron,173159-57-4,Herbicide,Env A,,0.9
2021,35170,Non,2000301,isoxadifen-ethyl,163520-33-0,Autre usage – Coformulant / Phytoprotecteur / Synergiste,Env A,,0.9
2021,35170,Non,2000380,clethodime,99129-21-2,Herbicide,Env B,,0.96
2021,35170,Non,2010513,bacillus thuringiensis ssp kurstaki souche abts-351,68038-71-1,Insecticide,Autre,,
2021,35170,Non,2020474,metazachlore,67129-08-2,Herbicide,CMR,,15
2021,35170,Non,2030323,fludioxonil,131341-86-1,Fongicide,Env A,,0.025
2021,35170,Non,2030332,"2,4-d",94-75-7,Herbicide,Env B,,1.2
2021,35170,Non,2030332,dichlorprop-p,15165-67-0,Herbicide,Autre,,0.6
2021,35170,Non,2030457,azoxystrobine,131860-33-8,Fongicide,Santé A,,0.25
2021,35170,Non,2040146,tefluthrine,79538-32-2,Insecticide,Santé A,,0.796
2021,35170,Non,2060098,spinosad,168316-95-8,Insecticide,Env A,,0.48
2021,35170,Non,2060115,azoxystrobine,131860-33-8,Fongicide,Santé A,,3
2021,35170,Non,2060115,cyproconazole,94361-06-5,Fongicide,CMR,Exclusion,1.2
2021,35170,Non,2060127,prothioconazole,178928-70-6,Fongicide,Env A,,0.182
2021,35170,Non,2080026,nicosulfuron,111991-09-4,Herbicide,Env A,,0.3
2021,35170,Non,2080094,florasulame,145701-23-1,Herbicide,Env A,,0.04
2021,35170,Non,2080094,isoxaben,82558-50-7,Herbicide,Env B,,0.61
2021,35170,Non,2080105,glyphosate,1071-83-6,Herbicide,Env A,,10.8
2021,35170,Non,2080117,prosulfuron,94125-34-5,Herbicide,Env A,Substitution,0.0375
2021,35170,Non,2080123,metsulfuron-methyl,74223-64-6,Herbicide,Env A,Substitution,0.12
2021,35170,Non,2080124,metsulfuron-methyl,74223-64-6,Herbicide,Env A,Substitution,0.12
2021,35170,Non,2080125,metsulfuron-methyl,74223-64-6,Herbicide,Env A,Substitution,0.42
2021,35170,Non,2080145,diflufenicanil,83164-33-4,Herbicide,Env B,,10
2021,35170,Non,2080145,flufenacet,142459-58-3,Herbicide,Env A,,20
2021,35170,Non,2090042,cloquintocet-mexyl,99607-70-2,Autre usage – Coformulant / Phytoprotecteur / Synergiste,Autre,,0.07513
2021,35170,Non,2090042,florasulame,145701-23-1,Herbicide,Env A,,0.02508
2021,35170,Non,2090042,pyroxsulame,422556-08-9,Herbicide,Env A,,0.07513
2021,35170,Non,2090050,cypermethrine,52315-07-8,Insecticide,Env A,,2.592
2021,35170,Non,2090069,bromoxynil,1689-84-5,Herbicide,CMR,Exclusion,2.35
2021,35170,Non,2090093,glyphosate,1071-83-6,Herbicide,Env A,,18
2021,35170,Non,2090101,nicosulfuron,111991-09-4,Herbicide,Env A,,0.4
2021,35170,Non,2090111,cypermethrine,52315-07-8,Insecticide,Env A,,0.195
2021,35170,Non,2090117,tebuconazole,107534-96-3,Fongicide,CMR,,6
2021,35170,Non,2090118,flufenacet,142459-58-3,Herbicide,Env A,,3.0
2021,35170,Non,2090118,pendimethaline,40487-42-1,Herbicide,Env A,Substitution,15
2021,35170,Non,2090153,dicamba,1918-00-9,Herbicide,Env B,,1.2
2021,35170,Non,2090153,tritosulfuron,142469-14-5,Herbicide,Env A,,0.25
2021,35170,Non,2090188,glyphosate,1071-83-6,Herbicide,Env A,,36
2021,35170,Non,2100018,tebuconazole,107534-96-3,Fongicide,CMR,,1.25
2021,35170,Non,2100026,cypermethrine,52315-07-8,Insecticide,Env A,,3.5
2021,35170,Non,2100030,phosphate ferrique,10045-86-0,Molluscicide,Autre,,0.594
2021,35170,Non,2100037,boscalid,188425-85-6,Fongicide,Env A,,1
2021,35170,Non,2100037,dimoxystrobine,149961-52-4,Fongicide,CMR,,1
2021,35170,Non,2100052,cyprodinil,121552-61-2,Fongicide,Env A,,1.5
2021,35170,Non,2100053,fluroxypyr,69377-81-7,Herbicide,Env B,,1
2021,35170,Non,2100057,prothioconazole,178928-70-6,Fongicide,Env A,,0.875
2021,35170,Non,2100057,trifloxystrobine,141517-21-7,Fongicide,Env A,,0.44
2021,35170,Non,2100108,prothioconazole,178928-70-6,Fongicide,Env A,,1.250
2021,35170,Non,2100108,tebuconazole,107534-96-3,Fongicide,CMR,,1.250
2021,35170,Non,2100112,ethephon,16672-87-0,Régulateur de croissance,Santé A,,2.4
2021,35170,Non,2100114,cyprodinil,121552-61-2,Fongicide,Env A,,1.125
2021,35170,Non,2100114,fludioxonil,131341-86-1,Fongicide,Env A,,0.75
2021,35170,Non,2100121,chlorantraniliprole,500008-45-7,Insecticide,Env A,,1
2021,35170,Non,2100138,cloquintocet-mexyl,99607-70-2,Autre usage – Coformulant / Phytoprotecteur / Synergiste,Autre,,0.8750
2021,35170,Non,2100138,pinoxaden,243973-20-8,Herbicide,CMR,,3.50
2021,35170,Non,2100140,clodinafop-propargyl,105512-06-9,Herbicide,Env A,,1.000
2021,35170,Non,2100140,cloquintocet-mexyl,99607-70-2,Autre usage – Coformulant / Phytoprotecteur / Synergiste,Autre,,0.25000
2021,35170,Non,2100140,pinoxaden,243973-20-8,Herbicide,CMR,,1.000
2021,35170,Non,2100215,pendimethaline,40487-42-1,Herbicide,Env A,Substitution,4
2021,35170,Non,2100244,napropamide,15299-99-7,Herbicide,Env A,,9
2021,35170,Non,2110010,diflufenicanil,83164-33-4,Herbicide,Env B,,0.18
2021,35170,Non,2110010,iodosulfuron-methyl-sodium,144550-36-7,Herbicide,Env A,,0.005
2021,35170,Non,2110018,difenoconazole,119446-68-3,Fongicide,Env A,,0.18400
2021,35170,Non,2110018,fludioxonil,131341-86-1,Fongicide,Env A,,0.18400
2021,35170,Non,2110056,acide pelargonique,112-05-0,Herbicide,Autre,,5.601
2021,35170,Non,2110102,difenoconazole,119446-68-3,Fongicide,Env A,,0.37325
2021,35170,Non,2110102,fludioxonil,131341-86-1,Fongicide,Env A,,0.37325
2021,35170,Non,2110102,sedaxane,874967-67-6,Fongicide,Env A,,0.7465
2021,35170,Non,2110103,tribenuron-methyle,101200-48-0,Herbicide,Env A,,0.15
2021,35170,Non,2110104,clopyralid,1702-17-6,Herbicide,Autre,,0.16
2021,35170,Non,2110104,florasulame,145701-23-1,Herbicide,Env A,,0.005
2021,35170,Non,2110104,fluroxypyr-meptyl,81406-37-3,Herbicide,Autre,,0.288
2021,35170,Non,2110105,azoxystrobine,131860-33-8,Fongicide,Santé A,,1.25
2021,35170,Non,2110162,azoxystrobine,131860-33-8,Fongicide,Santé A,,2.50
2021,35170,Non,2110167,tebuconazole,107534-96-3,Fongicide,CMR,,10.75
2021,35170,Non,2110192,metsulfuron-methyl,74223-64-6,Herbicide,Env A,Substitution,0.04
2021,35170,Non,2120048,aminopyralid,150114-71-9,Herbicide,Env A,,0.09
2021,35170,Non,2120048,triclopyr,55335-06-3,Herbicide,Env B,,0.72
2021,35170,Non,2130063,nicosulfuron,111991-09-4,Herbicide,Env A,,0.4
2021,35170,Non,2130068,diflufenicanil,83164-33-4,Herbicide,Env B,,0.5
2021,35170,Non,2130249,pendimethaline,40487-42-1,Herbicide,Env A,Substitution,8
2021,35170,Non,2150019,silthiofam,175217-20-6,Fongicide,Env A,,0.5
2021,35170,Non,2150140,glyphosate,1071-83-6,Herbicide,Env A,,144.0
2021,35170,Non,2150483,lambda-cyhalothrine,91465-08-6,Insecticide,Santé A,Substitution,0.52
2021,35170,Non,2150484,clopyralid,1702-17-6,Herbicide,Autre,,0.9
2021,35170,Non,2150484,florasulame,145701-23-1,Herbicide,Env A,,0.075
2021,35170,Non,2150626,mesotrione,104206-82-8,Herbicide,Env A,,0.5
2021,35170,Non,2150757,diflufenicanil,83164-33-4,Herbicide,Env B,,0.4
2021,35170,Non,2150757,glyphosate,1071-83-6,Herbicide,Env A,,2.50
2021,35170,Non,2160226,phosphate ferrique,10045-86-0,Molluscicide,Autre,,0.363
2021,35170,Non,2160248,dicamba,1918-00-9,Herbicide,Env B,,0.6
2021,35170,Non,2160248,mesotrione,104206-82-8,Herbicide,Env A,,0.25
2021,35170,Non,2160260,metconazole,125116-23-6,Fongicide,CMR,,0.45
2021,35170,Non,2160556,clomazone,81777-89-1,Herbicide,Env A,,0.72
2021,35170,Non,2160727,diflufenicanil,83164-33-4,Herbicide,Env B,,4
2021,35170,Non,2160931,bixafen,581809-46-3,Fongicide,Env A,,1.625
2021,35170,Non,2160931,fluopyram,658066-35-4,Fongicide,Env A,,1.625
2021,35170,Non,2160931,prothioconazole,178928-70-6,Fongicide,Env A,,3.25
2021,35170,Non,2160936,cloquintocet-mexyl,99607-70-2,Autre usage – Coformulant / Phytoprotecteur / Synergiste,Autre,,0.624
2021,35170,Non,2160936,fluroxypyr-meptyl,81406-37-3,Herbicide,Autre,,20.956
2021,35170,Non,2160936,halauxifen-methyl,943831-98-9,Herbicide,Env A,,0.650
2021,35170,Non,2160937,cloquintocet-mexyl,99607-70-2,Autre usage – Coformulant / Phytoprotecteur / Synergiste,Autre,,0.09
2021,35170,Non,2160937,florasulame,145701-23-1,Herbicide,Env A,,0.075
2021,35170,Non,2160937,halauxifen-methyl,943831-98-9,Herbicide,Env A,,0.09375
2021,35170,Non,2160959,benzovindiflupyr,1072957-71-1,Fongicide,Santé A,Substitution,3.000
2021,35170,Non,2160959,prothioconazole,178928-70-6,Fongicide,Env A,,6.00
2021,35170,Non,2161016,azoxystrobine,131860-33-8,Fongicide,Santé A,,7.5
2021,35170,Non,2170230,azoxystrobine,131860-33-8,Fongicide,Santé A,,0.0051
2021,35170,Non,2170230,fludioxonil,131341-86-1,Fongicide,Env A,,0.01275
2021,35170,Non,2170230,metalaxyl-m,70630-17-0,Fongicide,Autre,,0.00986
2021,35170,Non,2170230,thiabendazole,148-79-8,Fongicide,Env A,,0.102
2021,35170,Non,2170263,cypermethrine,52315-07-8,Insecticide,Env A,,1
2021,35170,Non,2170381,mesotrione,104206-82-8,Herbicide,Env A,,2.10
2021,35170,Non,2170381,terbuthylazine,5915-41-3,Herbicide,Env A,,9.90
2021,35170,Non,2170421,mesotrione,104206-82-8,Herbicide,Env A,,0.5
2021,35170,Non,2171111,metamitrone,41394-05-2,Herbicide,Env A,,3.5
2021,35170,Non,2171195,lambda-cyhalothrine,91465-08-6,Insecticide,Santé A,Substitution,0.6
2021,35170,Non,2171317,"2,4-d",94-75-7,Herbicide,Env B,,3
2021,35170,Non,2180088,s-metolachlore,87392-12-9,Herbicide,Env A,,19.2
2021,35170,Non,2180124,metalaxyl,57837-19-1,Fongicide,Env B,,0.0128
2021,35170,Non,2180124,prothioconazole,178928-70-6,Fongicide,Env A,,0.064
2021,35170,Non,2180334,difenoconazole,119446-68-3,Fongicide,Env A,,0.2409
2021,35170,Non,2180334,fludioxonil,131341-86-1,Fongicide,Env A,,0.2409
2021,35170,Non,2190062,halauxifen-methyl,943831-98-9,Herbicide,Env A,,0.02
2021,35170,Non,2190062,piclorame,1918-02-1,Herbicide,Env A,,0.096
2021,35170,Non,2190173,metaldehyde,108-62-3,Molluscicide,CMR,,0.36
2021,35170,Non,2190173,phosphate ferrique,10045-86-0,Molluscicide,Autre,,0.5832
2021,35170,Non,2190468,dicamba,1918-00-9,Herbicide,Env B,,1
2021,35170,Non,2190468,prosulfuron,94125-34-5,Herbicide,Env A,Substitution,0.1
2021,35170,Non,2190883,prothioconazole,178928-70-6,Fongicide,Env A,,1.25
2021,35170,Non,2200066,fenpicoxamide,517875-34-2,Fongicide,Autre,,1
2021,35170,Non,7500716,cuivre du sulfate de cuivre,8011-63-0,Fongicide,Env A,Substitution,5
2021,35170,Non,8000084,"2,4-mcpa",94-74-6,Herbicide,Env A,,4
2021,35170,Non,8400574,propyzamide,23950-58-5,Herbicide,CMR,Substitution,12
2021,35170,Non,8700002,chlortoluron,15545-48-9,Herbicide,CMR,,20
2021,35170,Non,8700196,butoxyde de piperonyle,51-03-6,Autre usage – Coformulant / Phytoprotecteur / Synergiste,Autre,,0.225
2021,35170,Non,8700196,deltamethrine,52918-63-5,Insecticide,Santé A,,0.025
2021,35170,Non,8700462,prosulfocarbe,52888-80-9,Herbicide,Env A,,120
2021,35170,Non,8700525,mancozebe,8018-01-7,Fongicide,CMR,Exclusion,15
2021,35170,Non,9000069,ethofumesate,26225-79-6,Herbicide,Env A,,2.5
2021,35170,Non,9000184,"2,4-mcpa",94-74-6,Herbicide,Env A,,13
2021,35170,Non,9000184,clopyralid,1702-17-6,Herbicide,Autre,,1.3
2021,35170,Non,9000184,fluroxypyr-meptyl,81406-37-3,Herbicide,Autre,,3.744
2021,35170,Non,9100296,"2,4-d",94-75-7,Herbicide,Env B,,24
2021,35170,Non,9400008,triticonazole,131983-72-7,Fongicide,Env A,,0.24
2021,35170,Non,9400463,phenmediphame,13684-63-4,Herbicide,Env A,,0.8
2021,35170,Non,9500321,phosphure d'aluminium,20859-73-8,Insecticide,Santé A,,16.8
2021,35170,Non,9500595,"2,4-d",94-75-7,Herbicide,Env B,,0.45
2021,35170,Non,9500595,"2,4-mcpa",94-74-6,Herbicide,Env A,,0.525
2021,35170,Non,9500595,clopyralid,1702-17-6,Herbicide,Autre,,0.105
2021,35170,Non,9800336,lambda-cyhalothrine,91465-08-6,Insecticide,Santé A,Substitution,0.4
2021,35170,Non,9900189,coniothyrium minitans souche con/m/91-08,,Fongicide,Autre,,
2021,35170,Non,9900251,dimethenamide-p (dmta-p),163515-14-8,Herbicide,Env A,,21.6
2021,35190,Non,2000003,metazachlore,67129-08-2,Herbicide,CMR,,95.0
2021,35190,Non,2000044,fluazifop-p-butyl,79241-46-6,Herbicide,CMR,,1.375
2021,35190,Non,2000046,ethofumesate,26225-79-6,Herbicide,Env A,,0.75
2021,35190,Non,2000046,metamitrone,41394-05-2,Herbicide,Env A,,1.75
2021,35190,Non,2000125,cuivre du sulfate de cuivre,8011-63-0,Fongicide,Env A,Substitution,0.28
2021,35190,Non,2000201,silthiofam,175217-20-6,Fongicide,Env A,,0.2875
2021,35190,Non,2000299,clomazone,81777-89-1,Herbicide,Env A,,1.08
2021,35190,Non,2000301,foramsulfuron,173159-57-4,Herbicide,Env A,,0.1125
2021,35190,Non,2000301,isoxadifen-ethyl,163520-33-0,Autre usage – Coformulant / Phytoprotecteur / Synergiste,Env A,,0.1125
2021,35190,Non,2000369,metsulfuron-methyl,74223-64-6,Herbicide,Env A,Substitution,0.04
2021,35190,Non,2000380,clethodime,99129-21-2,Herbicide,Env B,,20.4
2021,35190,Non,2010019,quizalofop-p-ethyl,100646-51-3,Herbicide,Env A,,0.75
2021,35190,Non,2010030,mepiquat-chlorure,24307-26-4,Régulateur de croissance,Env B,,7.5
2021,35190,Non,2010030,prohexadione-calcium,127277-53-6,Régulateur de croissance,Env B,,1.25
2021,35190,Non,2010239,florasulame,145701-23-1,Herbicide,Env A,,0.035
2021,35190,Non,2010239,fluroxypyr-meptyl,81406-37-3,Herbicide,Autre,,5.0435
2021,35190,Non,2010280,metconazole,125116-23-6,Fongicide,CMR,,13.50
2021,35190,Non,2010513,bacillus thuringiensis ssp kurstaki souche abts-351,68038-71-1,Insecticide,Autre,,
2021,35190,Non,2020099,trifloxystrobine,141517-21-7,Fongicide,Env A,,0.5
2021,35190,Non,2020233,metaldehyde,108-62-3,Molluscicide,CMR,,1
2021,35190,Non,2030010,clomazone,81777-89-1,Herbicide,Env A,,0.72
2021,35190,Non,2030071,metaldehyde,108-62-3,Molluscicide,CMR,,3.75
2021,35190,Non,2030073,metaldehyde,108-62-3,Molluscicide,CMR,,0.75
2021,35190,Non,2030323,fludioxonil,131341-86-1,Fongicide,Env A,,38.51550
2021,35190,Non,2030342,chlormequat chlorure,999-81-5,Régulateur de croissance,Autre,,542.8
2021,35190,Non,2030404,pendimethaline,40487-42-1,Herbicide,Env A,Substitution,12
2021,35190,Non,2040146,tefluthrine,79538-32-2,Insecticide,Santé A,,13.752
2021,35190,Non,2050046,flonicamide,158062-67-0,Insecticide,Autre,,0.25
2021,35190,Non,2050075,boscalid,188425-85-6,Fongicide,Env A,,2.50
2021,35190,Non,2060026,flazasulfuron,104040-78-0,Herbicide,Env A,,0.025
2021,35190,Non,2060063,picolinafen,137641-05-5,Herbicide,Env A,,2.625
2021,35190,Non,2060088,benoxacor,98730-04-2,Autre usage – Coformulant / Phytoprotecteur / Synergiste,Autre,,32.36
2021,35190,Non,2060088,mesotrione,104206-82-8,Herbicide,Env A,,64.72
2021,35190,Non,2060088,s-metolachlore,87392-12-9,Herbicide,Env A,,647.2
2021,35190,Non,2060116,prothioconazole,178928-70-6,Fongicide,Env A,,31.25
2021,35190,Non,2060127,prothioconazole,178928-70-6,Fongicide,Env A,,0.5
2021,35190,Non,2060131,"2,4-d",94-75-7,Herbicide,Env B,,2.883
2021,35190,Non,2060131,triclopyr,55335-06-3,Herbicide,Env B,,3.2116
2021,35190,Non,2060194,tefluthrine,79538-32-2,Insecticide,Santé A,,6.48
2021,35190,Non,2070221,metazachlore,67129-08-2,Herbicide,CMR,,36
2021,35190,Non,2070221,quinmerac,90717-03-6,Herbicide,Env B,,9
2021,35190,Non,2080026,nicosulfuron,111991-09-4,Herbicide,Env A,,7.74
2021,35190,Non,2080094,florasulame,145701-23-1,Herbicide,Env A,,0.116
2021,35190,Non,2080094,isoxaben,82558-50-7,Herbicide,Env B,,1.769
2021,35190,Non,2080105,glyphosate,1071-83-6,Herbicide,Env A,,1.8
2021,35190,Non,2080112,thirame,137-26-8,Fongicide,Env A,,2.8704
2021,35190,Non,2080117,prosulfuron,94125-34-5,Herbicide,Env A,Substitution,3.7500
2021,35190,Non,2080123,metsulfuron-methyl,74223-64-6,Herbicide,Env A,Substitution,4.30
2021,35190,Non,2080125,metsulfuron-methyl,74223-64-6,Herbicide,Env A,Substitution,1.56
2021,35190,Non,2080136,pyridate,55512-33-9,Herbicide,Env A,,1.8
2021,35190,Non,2080145,diflufenicanil,83164-33-4,Herbicide,Env B,,39
2021,35190,Non,2080145,flufenacet,142459-58-3,Herbicide,Env A,,78
2021,35190,Non,2090008,thirame,137-26-8,Fongicide,Env A,,4.71705
2021,35190,Non,2090011,pendimethaline,40487-42-1,Herbicide,Env A,Substitution,18.20
2021,35190,Non,2090016,imazamox,114311-32-9,Herbicide,Env A,Substitution,1.002
2021,35190,Non,2090016,pendimethaline,40487-42-1,Herbicide,Env A,Substitution,15.0
2021,35190,Non,2090037,dicamba,1918-00-9,Herbicide,Env B,,3.5
2021,35190,Non,2090037,prosulfuron,94125-34-5,Herbicide,Env A,Substitution,0.35
2021,35190,Non,2090039,ethofumesate,26225-79-6,Herbicide,Env A,,2.5
2021,35190,Non,2090041,cloquintocet-mexyl,99607-70-2,Autre usage – Coformulant / Phytoprotecteur / Synergiste,Autre,,1.8000
2021,35190,Non,2090041,pyroxsulame,422556-08-9,Herbicide,Env A,,1.8000
2021,35190,Non,2090042,cloquintocet-mexyl,99607-70-2,Autre usage – Coformulant / Phytoprotecteur / Synergiste,Autre,,0.15026
2021,35190,Non,2090042,florasulame,145701-23-1,Herbicide,Env A,,0.05016
2021,35190,Non,2090042,pyroxsulame,422556-08-9,Herbicide,Env A,,0.15026
2021,35190,Non,2090050,cypermethrine,52315-07-8,Insecticide,Env A,,5.952
2021,35190,Non,2090057,metsulfuron-methyl,74223-64-6,Herbicide,Env A,Substitution,0.08325
2021,35190,Non,2090057,tribenuron-methyle,101200-48-0,Herbicide,Env A,,0.1665
2021,35190,Non,2090068,mepiquat-chlorure,24307-26-4,Régulateur de croissance,Env B,,16.80
2021,35190,Non,2090068,metconazole,125116-23-6,Fongicide,CMR,,2.40
2021,35190,Non,2090069,bromoxynil,1689-84-5,Herbicide,CMR,Exclusion,9.400
2021,35190,Non,2090071,bromoxynil,1689-84-5,Herbicide,CMR,Exclusion,45.825
2021,35190,Non,2090072,florasulame,145701-23-1,Herbicide,Env A,,0.05
2021,35190,Non,2090080,sulcotrione,99105-77-8,Herbicide,CMR,,1.5
2021,35190,Non,2090093,glyphosate,1071-83-6,Herbicide,Env A,,1332
2021,35190,Non,2090095,ethofumesate,26225-79-6,Herbicide,Env A,,0.95
2021,35190,Non,2090095,phenmediphame,13684-63-4,Herbicide,Env A,,1
2021,35190,Non,2090101,nicosulfuron,111991-09-4,Herbicide,Env A,,43.44
2021,35190,Non,2090111,cypermethrine,52315-07-8,Insecticide,Env A,,183.198
2021,35190,Non,2090113,dimethenamide-p (dmta-p),163515-14-8,Herbicide,Env A,,49.9375
2021,35190,Non,2090113,pendimethaline,40487-42-1,Herbicide,Env A,Substitution,58.75
2021,35190,Non,2090117,tebuconazole,107534-96-3,Fongicide,CMR,,7
2021,35190,Non,2090118,flufenacet,142459-58-3,Herbicide,Env A,,18.6
2021,35190,Non,2090118,pendimethaline,40487-42-1,Herbicide,Env A,Substitution,93
2021,35190,Non,2090149,ethephon,16672-87-0,Régulateur de croissance,Santé A,,28.8
2021,35190,Non,2090153,dicamba,1918-00-9,Herbicide,Env B,,193.44
2021,35190,Non,2090153,tritosulfuron,142469-14-5,Herbicide,Env A,,40.30
2021,35190,Non,2090159,tritosulfuron,142469-14-5,Herbicide,Env A,,11.40972
2021,35190,Non,2090173,epoxiconazole,133855-98-8,Fongicide,CMR,Exclusion,0.625
2021,35190,Non,2090173,fenpropimorphe,67564-91-4,Fongicide,CMR,,2
2021,35190,Non,2090173,metrafenone,220899-03-6,Fongicide,Env A,,0.75
2021,35190,Non,2090186,prosulfocarbe,52888-80-9,Herbicide,Env A,,160
2021,35190,Non,2090188,glyphosate,1071-83-6,Herbicide,Env A,,21.6
2021,35190,Non,2100009,thifensulfuron-methyle,79277-27-3,Herbicide,Env A,,1.95804
2021,35190,Non,2100009,tribenuron-methyle,101200-48-0,Herbicide,Env A,,0.98196
2021,35190,Non,2100014,metsulfuron-methyl,74223-64-6,Herbicide,Env A,Substitution,0.1005
2021,35190,Non,2100014,thifensulfuron-methyle,79277-27-3,Herbicide,Env A,,0.4995
2021,35190,Non,2100015,thifensulfuron-methyle,79277-27-3,Herbicide,Env A,,1.00
2021,35190,Non,2100018,tebuconazole,107534-96-3,Fongicide,CMR,,136.25
2021,35190,Non,2100026,cypermethrine,52315-07-8,Insecticide,Env A,,16.5
2021,35190,Non,2100030,phosphate ferrique,10045-86-0,Molluscicide,Autre,,83.754
2021,35190,Non,2100034,phenmediphame,13684-63-4,Herbicide,Env A,,0.8
2021,35190,Non,2100037,boscalid,188425-85-6,Fongicide,Env A,,1
2021,35190,Non,2100037,dimoxystrobine,149961-52-4,Fongicide,CMR,,1
2021,35190,Non,2100051,ipconazole,125225-28-7,Fongicide,CMR,Exclusion,0.21435
2021,35190,Non,2100052,cyprodinil,121552-61-2,Fongicide,Env A,,10.5
2021,35190,Non,2100056,prothioconazole,178928-70-6,Fongicide,Env A,,2.4
2021,35190,Non,2100056,spiroxamine,118134-30-8,Fongicide,CMR,,4.5
2021,35190,Non,2100057,prothioconazole,178928-70-6,Fongicide,Env A,,18.375
2021,35190,Non,2100057,trifloxystrobine,141517-21-7,Fongicide,Env A,,9.24
2021,35190,Non,2100069,metsulfuron-methyl,74223-64-6,Herbicide,Env A,Substitution,0.175
2021,35190,Non,2100069,thifensulfuron-methyle,79277-27-3,Herbicide,Env A,,1.7
2021,35190,Non,2100108,prothioconazole,178928-70-6,Fongicide,Env A,,30.000
2021,35190,Non,2100108,tebuconazole,107534-96-3,Fongicide,CMR,,30.000
2021,35190,Non,2100111,mesotrione,104206-82-8,Herbicide,Env A,,15.000
2021,35190,Non,2100111,nicosulfuron,111991-09-4,Herbicide,Env A,,6.00
2021,35190,Non,2100112,ethephon,16672-87-0,Régulateur de croissance,Santé A,,108.192
2021,35190,Non,2100121,chlorantraniliprole,500008-45-7,Insecticide,Env A,,6.6
2021,35190,Non,2100138,cloquintocet-mexyl,99607-70-2,Autre usage – Coformulant / Phytoprotecteur / Synergiste,Autre,,4.0625
2021,35190,Non,2100138,pinoxaden,243973-20-8,Herbicide,CMR,,16.25
2021,35190,Non,2100140,clodinafop-propargyl,105512-06-9,Herbicide,Env A,,8.125
2021,35190,Non,2100140,cloquintocet-mexyl,99607-70-2,Autre usage – Coformulant / Phytoprotecteur / Synergiste,Autre,,2.03125
2021,35190,Non,2100140,pinoxaden,243973-20-8,Herbicide,CMR,,8.125
2021,35190,Non,2100151,pyraclostrobine,175013-18-0,Fongicide,Santé A,,143.98
2021,35190,Non,2100175,prothioconazole,178928-70-6,Fongicide,Env A,,0.513
2021,35190,Non,2100211,prothioconazole,178928-70-6,Fongicide,Env A,,6.25
2021,35190,Non,2100211,tebuconazole,107534-96-3,Fongicide,CMR,,6.25
2021,35190,Non,2100234,diflufenicanil,83164-33-4,Herbicide,Env B,,51.0
2021,35190,Non,2100234,iodosulfuron-methyl-sodium,144550-36-7,Herbicide,Env A,,3.1875
2021,35190,Non,2100234,mefenpyr-diethyl,135590-91-9,Autre usage – Coformulant / Phytoprotecteur / Synergiste,Autre,,11.475
2021,35190,Non,2100234,mesosulfuron-methyl,208465-21-8,Herbicide,Env A,,3.825
2021,35190,Non,2100235,fenoxaprop-p-ethyl,71283-80-2,Herbicide,Env A,,0.32
2021,35190,Non,2100235,iodosulfuron-methyl-sodium,144550-36-7,Herbicide,Env A,,0.04
2021,35190,Non,2100235,mefenpyr-diethyl,135590-91-9,Autre usage – Coformulant / Phytoprotecteur / Synergiste,Autre,,0.12
2021,35190,Non,2100245,prothioconazole,178928-70-6,Fongicide,Env A,,1.25
2021,35190,Non,2100245,tebuconazole,107534-96-3,Fongicide,CMR,,1.25
2021,35190,Non,2110004,propyzamide,23950-58-5,Herbicide,CMR,Substitution,8
2021,35190,Non,2110018,difenoconazole,119446-68-3,Fongicide,Env A,,0.0755
2021,35190,Non,2110018,fludioxonil,131341-86-1,Fongicide,Env A,,0.0755
2021,35190,Non,2110063,clopyralid,1702-17-6,Herbicide,Autre,,0.432
2021,35190,Non,2110072,thifensulfuron-methyle,79277-27-3,Herbicide,Env A,,0.75
2021,35190,Non,2110072,tribenuron-methyle,101200-48-0,Herbicide,Env A,,0.375
2021,35190,Non,2110102,difenoconazole,119446-68-3,Fongicide,Env A,,54.423748
2021,35190,Non,2110102,fludioxonil,131341-86-1,Fongicide,Env A,,54.423748
2021,35190,Non,2110102,sedaxane,874967-67-6,Fongicide,Env A,,108.847495
2021,35190,Non,2110103,tribenuron-methyle,101200-48-0,Herbicide,Env A,,1.275
2021,35190,Non,2110104,clopyralid,1702-17-6,Herbicide,Autre,,2.72
2021,35190,Non,2110104,florasulame,145701-23-1,Herbicide,Env A,,0.085
2021,35190,Non,2110104,fluroxypyr-meptyl,81406-37-3,Herbicide,Autre,,4.896
2021,35190,Non,2110140,diflufenicanil,83164-33-4,Herbicide,Env B,,9.6
2021,35190,Non,2110140,flufenacet,142459-58-3,Herbicide,Env A,,19.2
2021,35190,Non,2110142,clopyralid,1702-17-6,Herbicide,Autre,,0.1
2021,35190,Non,2110144,fluxapyroxad,907204-31-3,Fongicide,CMR,,0.25
2021,35190,Non,2110147,fludioxonil,131341-86-1,Fongicide,Env A,,5
2021,35190,Non,2110148,bixafen,581809-46-3,Fongicide,Env A,,0.125
2021,35190,Non,2110152,cypermethrine,52315-07-8,Insecticide,Env A,,1.20
2021,35190,Non,2110162,azoxystrobine,131860-33-8,Fongicide,Santé A,,29.00
2021,35190,Non,2110167,tebuconazole,107534-96-3,Fongicide,CMR,,61.06
2021,35190,Non,2110196,bicarbonate de potassium,298-14-6,Fongicide,Autre,,0.085
2021,35190,Non,2120041,zirame,137-30-4,Fongicide,Santé A,,1.008
2021,35190,Non,2120048,aminopyralid,150114-71-9,Herbicide,Env A,,3.18
2021,35190,Non,2120048,triclopyr,55335-06-3,Herbicide,Env B,,25.44
2021,35190,Non,2120066,dichlorprop-p,15165-67-0,Herbicide,Autre,,30
2021,35190,Non,2120066,picolinafen,137641-05-5,Herbicide,Env A,,1
2021,35190,Non,2120070,prothioconazole,178928-70-6,Fongicide,Env A,,91.2
2021,35190,Non,2120070,tebuconazole,107534-96-3,Fongicide,CMR,,45.6
2021,35190,Non,2120075,dimethenamide-p (dmta-p),163515-14-8,Herbicide,Env A,,128
2021,35190,Non,2120075,metazachlore,67129-08-2,Herbicide,CMR,,128
2021,35190,Non,2120075,quinmerac,90717-03-6,Herbicide,Env B,,64
2021,35190,Non,2120089,"2,4-mcpa",94-74-6,Herbicide,Env A,,2.4
2021,35190,Non,2120089,diflufenicanil,83164-33-4,Herbicide,Env B,,0.600
2021,35190,Non,2120089,glyphosate,1071-83-6,Herbicide,Env A,,4.8
2021,35190,Non,2120117,"2,4-d",94-75-7,Herbicide,Env B,,1.16
2021,35190,Non,2120117,triclopyr,55335-06-3,Herbicide,Env B,,1.2940
2021,35190,Non,2120143,glyphosate,1071-83-6,Herbicide,Env A,,67.2
2021,35190,Non,2120153,propyzamide,23950-58-5,Herbicide,CMR,Substitution,4
2021,35190,Non,2120160,bentazone,25057-89-0,Herbicide,Env B,,12
2021,35190,Non,2130059,lambda-cyhalothrine,91465-08-6,Insecticide,Santé A,Substitution,0.6
2021,35190,Non,2130063,nicosulfuron,111991-09-4,Herbicide,Env A,,14.4
2021,35190,Non,2130068,diflufenicanil,83164-33-4,Herbicide,Env B,,132.5
2021,35190,Non,2130069,diflufenicanil,83164-33-4,Herbicide,Env B,,3
2021,35190,Non,2130075,metaldehyde,108-62-3,Molluscicide,CMR,,2.4
2021,35190,Non,2130083,lambda-cyhalothrine,91465-08-6,Insecticide,Santé A,Substitution,4.5
2021,35190,Non,2130091,diflufenicanil,83164-33-4,Herbicide,Env B,,9.5
2021,35190,Non,2130140,diflufenicanil,83164-33-4,Herbicide,Env B,,7.2
2021,35190,Non,2130140,pendimethaline,40487-42-1,Herbicide,Env A,Substitution,72
2021,35190,Non,2130164,cyprosulfamide,221667-31-8,Autre usage – Coformulant / Phytoprotecteur / Synergiste,Autre,,6.375
2021,35190,Non,2130164,foramsulfuron,173159-57-4,Herbicide,Env A,,12.75
2021,35190,Non,2130164,thiencarbazone-methyl,317815-83-1,Herbicide,CMR,,4.25
2021,35190,Non,2130187,dimethenamide-p (dmta-p),163515-14-8,Herbicide,Env A,,2
2021,35190,Non,2130187,metazachlore,67129-08-2,Herbicide,CMR,,2
2021,35190,Non,2130187,quinmerac,90717-03-6,Herbicide,Env B,,1
2021,35190,Non,2130202,fluopyram,658066-35-4,Fongicide,Env A,,23.750
2021,35190,Non,2130202,prothioconazole,178928-70-6,Fongicide,Env A,,23.750
2021,35190,Non,2130215,pendimethaline,40487-42-1,Herbicide,Env A,Substitution,27.3
2021,35190,Non,2130247,trinexapac-ethyl,95266-40-3,Régulateur de croissance,Env A,,2.5
2021,35190,Non,2130249,pendimethaline,40487-42-1,Herbicide,Env A,Substitution,8
2021,35190,Non,2130251,lambda-cyhalothrine,91465-08-6,Insecticide,Santé A,Substitution,0.5
2021,35190,Non,2130253,"2,4-d",94-75-7,Herbicide,Env B,,9.6
2021,35190,Non,2130253,glyphosate,1071-83-6,Herbicide,Env A,,14.4
2021,35190,Non,2130261,zetacypermethrine,52315-07-8,Insecticide,Santé A,,0.08
2021,35190,Non,2130266,bromuconazole,116255-48-2,Fongicide,Env A,,23.380
2021,35190,Non,2130266,tebuconazole,107534-96-3,Fongicide,CMR,,14.980
2021,35190,Non,2140051,fluxapyroxad,907204-31-3,Fongicide,CMR,,0.87579
2021,35190,Non,2140078,fludioxonil,131341-86-1,Fongicide,Env A,,0.1578
2021,35190,Non,2140078,tefluthrine,79538-32-2,Insecticide,Santé A,,0.6312
2021,35190,Non,2140082,trinexapac-ethyl,95266-40-3,Régulateur de croissance,Env A,,29.925
2021,35190,Non,2140093,glyphosate,1071-83-6,Herbicide,Env A,,36
2021,35190,Non,2140098,aminopyralid,150114-71-9,Herbicide,Env A,,0.39525
2021,35190,Non,2140098,propyzamide,23950-58-5,Herbicide,CMR,Substitution,37.5
2021,35190,Non,2140121,acide pelargonique,112-05-0,Herbicide,Autre,,0.432414
2021,35190,Non,2140148,dicamba,1918-00-9,Herbicide,Env B,,2.4
2021,35190,Non,2140156,"2,4-mcpa",94-74-6,Herbicide,Env A,,32.004
2021,35190,Non,2140156,clopyralid,1702-17-6,Herbicide,Autre,,2.796
2021,35190,Non,2140156,fluroxypyr,69377-81-7,Herbicide,Env B,,7.2
2021,35190,Non,2140173,fluxapyroxad,907204-31-3,Fongicide,CMR,,10.625
2021,35190,Non,2140173,metconazole,125116-23-6,Fongicide,CMR,,7.65
2021,35190,Non,2140175,metconazole,125116-23-6,Fongicide,CMR,,2.7
2021,35190,Non,2140207,clodinafop-propargyl,105512-06-9,Herbicide,Env A,,0.2
2021,35190,Non,2140207,cloquintocet-mexyl,99607-70-2,Autre usage – Coformulant / Phytoprotecteur / Synergiste,Autre,,0.05
2021,35190,Non,2140256,chlorpyriphos-methyl,5598-13-0,Insecticide,Env A,,0.225
2021,35190,Non,2140257,iodosulfuron-methyl-sodium,144550-36-7,Herbicide,Env A,,0.84
2021,35190,Non,2140257,mefenpyr-diethyl,135590-91-9,Autre usage – Coformulant / Phytoprotecteur / Synergiste,Autre,,12.60
2021,35190,Non,2140257,mesosulfuron-methyl,208465-21-8,Herbicide,Env A,,4.20
2021,35190,Non,2140258,iodosulfuron-methyl-sodium,144550-36-7,Herbicide,Env A,,1.5750
2021,35190,Non,2140258,mesosulfuron-methyl,208465-21-8,Herbicide,Env A,,1.5750
2021,35190,Non,2150019,silthiofam,175217-20-6,Fongicide,Env A,,10
2021,35190,Non,2150022,dicamba,1918-00-9,Herbicide,Env B,,28.80
2021,35190,Non,2150084,mesotrione,104206-82-8,Herbicide,Env A,,7.5
2021,35190,Non,2150104,huile minerale paraffinique,8042-47-5,Insecticide - Acaricide,Autre,,73.53
2021,35190,Non,2150125,diflufenicanil,83164-33-4,Herbicide,Env B,,1.6
2021,35190,Non,2150140,glyphosate,1071-83-6,Herbicide,Env A,,842.4
2021,35190,Non,2150481,aclonifen,74070-46-5,Herbicide,CMR,,6
2021,35190,Non,2150481,clomazone,81777-89-1,Herbicide,Env A,,0.36
2021,35190,Non,2150483,lambda-cyhalothrine,91465-08-6,Insecticide,Santé A,Substitution,20.88
2021,35190,Non,2150484,clopyralid,1702-17-6,Herbicide,Autre,,27.0
2021,35190,Non,2150484,florasulame,145701-23-1,Herbicide,Env A,,2.250
2021,35190,Non,2150626,mesotrione,104206-82-8,Herbicide,Env A,,0.5
2021,35190,Non,2150752,prosulfocarbe,52888-80-9,Herbicide,Env A,,64
2021,35190,Non,2150757,diflufenicanil,83164-33-4,Herbicide,Env B,,1.4
2021,35190,Non,2150757,glyphosate,1071-83-6,Herbicide,Env A,,8.75
2021,35190,Non,2150785,mesotrione,104206-82-8,Herbicide,Env A,,48.5
2021,35190,Non,2150870,florasulame,145701-23-1,Herbicide,Env A,,0.1
2021,35190,Non,2150964,lambda-cyhalothrine,91465-08-6,Insecticide,Santé A,Substitution,10.24
2021,35190,Non,2150968,"2,4-d",94-75-7,Herbicide,Env B,,0.98
2021,35190,Non,2150968,dicamba,1918-00-9,Herbicide,Env B,,0.14
2021,35190,Non,2160064,fludioxonil,131341-86-1,Fongicide,Env A,,0.4545
2021,35190,Non,2160064,tebuconazole,107534-96-3,Fongicide,CMR,,0.0909
2021,35190,Non,2160160,bromoxynil,1689-84-5,Herbicide,CMR,Exclusion,1.6
2021,35190,Non,2160160,diflufenicanil,83164-33-4,Herbicide,Env B,,0.267
2021,35190,Non,2160198,prothioconazole,178928-70-6,Fongicide,Env A,,0.625
2021,35190,Non,2160198,tebuconazole,107534-96-3,Fongicide,CMR,,0.625
2021,35190,Non,2160200,cloquintocet-mexyl,99607-70-2,Autre usage – Coformulant / Phytoprotecteur / Synergiste,Autre,,1.0000
2021,35190,Non,2160200,pinoxaden,243973-20-8,Herbicide,CMR,,4.00
2021,35190,Non,2160226,phosphate ferrique,10045-86-0,Molluscicide,Autre,,1.7424
2021,35190,Non,2160248,dicamba,1918-00-9,Herbicide,Env B,,12
2021,35190,Non,2160248,mesotrione,104206-82-8,Herbicide,Env A,,5
2021,35190,Non,2160260,metconazole,125116-23-6,Fongicide,CMR,,8.10
2021,35190,Non,2160343,clopyralid,1702-17-6,Herbicide,Autre,,0.6
2021,35190,Non,2160384,trinexapac-ethyl,95266-40-3,Régulateur de croissance,Env A,,3.75
2021,35190,Non,2160387,tebuconazole,107534-96-3,Fongicide,CMR,,3.75
2021,35190,Non,2160556,clomazone,81777-89-1,Herbicide,Env A,,2.52
2021,35190,Non,2160693,cyprosulfamide,221667-31-8,Autre usage – Coformulant / Phytoprotecteur / Synergiste,Autre,,5.4
2021,35190,Non,2160693,isoxaflutole,141112-29-0,Herbicide,CMR,,8.1
2021,35190,Non,2160693,thiencarbazone-methyl,317815-83-1,Herbicide,CMR,,3.24
2021,35190,Non,2160739,iodosulfuron-methyl-sodium,144550-36-7,Herbicide,Env A,,0.054
2021,35190,Non,2160739,mefenpyr-diethyl,135590-91-9,Autre usage – Coformulant / Phytoprotecteur / Synergiste,Autre,,0.81
2021,35190,Non,2160739,mesosulfuron-methyl,208465-21-8,Herbicide,Env A,,0.27
2021,35190,Non,2160752,pyridate,55512-33-9,Herbicide,Env A,,3
2021,35190,Non,2160781,s-metolachlore,87392-12-9,Herbicide,Env A,,9.6
2021,35190,Non,2160920,fluroxypyr-meptyl,81406-37-3,Herbicide,Autre,,35.0100
2021,35190,Non,2160920,metsulfuron-methyl,74223-64-6,Herbicide,Env A,Substitution,0.900
2021,35190,Non,2160920,thifensulfuron-methyle,79277-27-3,Herbicide,Env A,,5.40
2021,35190,Non,2160931,bixafen,581809-46-3,Fongicide,Env A,,16.52625
2021,35190,Non,2160931,fluopyram,658066-35-4,Fongicide,Env A,,16.52625
2021,35190,Non,2160931,prothioconazole,178928-70-6,Fongicide,Env A,,33.0525
2021,35190,Non,2160936,cloquintocet-mexyl,99607-70-2,Autre usage – Coformulant / Phytoprotecteur / Synergiste,Autre,,0.768
2021,35190,Non,2160936,fluroxypyr-meptyl,81406-37-3,Herbicide,Autre,,25.792
2021,35190,Non,2160936,halauxifen-methyl,943831-98-9,Herbicide,Env A,,0.800
2021,35190,Non,2160937,cloquintocet-mexyl,99607-70-2,Autre usage – Coformulant / Phytoprotecteur / Synergiste,Autre,,2.340
2021,35190,Non,2160937,florasulame,145701-23-1,Herbicide,Env A,,1.950
2021,35190,Non,2160937,halauxifen-methyl,943831-98-9,Herbicide,Env A,,2.43750
2021,35190,Non,2160958,cypermethrine,52315-07-8,Insecticide,Env A,,0.768
2021,35190,Non,2160959,benzovindiflupyr,1072957-71-1,Fongicide,Santé A,Substitution,4.125
2021,35190,Non,2160959,prothioconazole,178928-70-6,Fongicide,Env A,,8.25
2021,35190,Non,2160976,prosulfuron,94125-34-5,Herbicide,Env A,Substitution,0.18
2021,35190,Non,2161016,azoxystrobine,131860-33-8,Fongicide,Santé A,,4.75
2021,35190,Non,2161068,mesotrione,104206-82-8,Herbicide,Env A,,2.625
2021,35190,Non,2161068,nicosulfuron,111991-09-4,Herbicide,Env A,,1.05
2021,35190,Non,2161101,fluxapyroxad,907204-31-3,Fongicide,CMR,,3.000
2021,35190,Non,2161101,pyraclostrobine,175013-18-0,Fongicide,Santé A,,6.00
2021,35190,Non,2170055,dicamba,1918-00-9,Herbicide,Env B,,7.2
2021,35190,Non,2170110,myclobutanil,88671-89-0,Fongicide,CMR,,0.25
2021,35190,Non,2170149,cypermethrine,52315-07-8,Insecticide,Env A,,3
2021,35190,Non,2170158,dimethenamide-p (dmta-p),163515-14-8,Herbicide,Env A,,11.655
2021,35190,Non,2170158,quinmerac,90717-03-6,Herbicide,Env B,,5.845
2021,35190,Non,2170208,iodosulfuron-methyl-sodium,144550-36-7,Herbicide,Env A,,0.054
2021,35190,Non,2170208,mefenpyr-diethyl,135590-91-9,Autre usage – Coformulant / Phytoprotecteur / Synergiste,Autre,,0.81
2021,35190,Non,2170208,mesosulfuron-methyl,208465-21-8,Herbicide,Env A,,0.27
2021,35190,Non,2170216,cloquintocet-mexyl,99607-70-2,Autre usage – Coformulant / Phytoprotecteur / Synergiste,Autre,,0.4
2021,35190,Non,2170216,diflufenicanil,83164-33-4,Herbicide,Env B,,1.6
2021,35190,Non,2170216,florasulame,145701-23-1,Herbicide,Env A,,0.08
2021,35190,Non,2170216,iodosulfuron-methyl-sodium,144550-36-7,Herbicide,Env A,,0.20
2021,35190,Non,2170228,bixafen,581809-46-3,Fongicide,Env A,,2.925
2021,35190,Non,2170228,fluopyram,658066-35-4,Fongicide,Env A,,2.925
2021,35190,Non,2170228,prothioconazole,178928-70-6,Fongicide,Env A,,5.85
2021,35190,Non,2170230,azoxystrobine,131860-33-8,Fongicide,Santé A,,0.0696
2021,35190,Non,2170230,fludioxonil,131341-86-1,Fongicide,Env A,,0.1740
2021,35190,Non,2170230,metalaxyl-m,70630-17-0,Fongicide,Autre,,0.13456
2021,35190,Non,2170230,thiabendazole,148-79-8,Fongicide,Env A,,1.392
2021,35190,Non,2170263,cypermethrine,52315-07-8,Insecticide,Env A,,0.5
2021,35190,Non,2170381,mesotrione,104206-82-8,Herbicide,Env A,,71.568
2021,35190,Non,2170381,terbuthylazine,5915-41-3,Herbicide,Env A,,337.392
2021,35190,Non,2170421,mesotrione,104206-82-8,Herbicide,Env A,,2.0
2021,35190,Non,2170423,mesotrione,104206-82-8,Herbicide,Env A,,4.5
2021,35190,Non,2170429,fenpropidine,67306-00-7,Fongicide,Env A,,90.75
2021,35190,Non,2170429,prochloraze,67747-09-5,Fongicide,Env A,,121
2021,35190,Non,2170429,tebuconazole,107534-96-3,Fongicide,CMR,,60.5
2021,35190,Non,2170752,sedaxane,874967-67-6,Fongicide,Env A,,0.625
2021,35190,Non,2170757,prochloraze,67747-09-5,Fongicide,Env A,,10.680
2021,35190,Non,2170757,tebuconazole,107534-96-3,Fongicide,CMR,,5.320
2021,35190,Non,2170807,benzovindiflupyr,1072957-71-1,Fongicide,Santé A,Substitution,3
2021,35190,Non,2170807,prothioconazole,178928-70-6,Fongicide,Env A,,6
2021,35190,Non,2170900,napropamide,15299-99-7,Herbicide,Env A,,9
2021,35190,Non,2170933,prohexadione-calcium,127277-53-6,Régulateur de croissance,Env B,,4.05
2021,35190,Non,2170933,trinexapac-ethyl,95266-40-3,Régulateur de croissance,Env A,,6.075
2021,35190,Non,2171035,tebuconazole,107534-96-3,Fongicide,CMR,,15
2021,35190,Non,2171054,diflufenicanil,83164-33-4,Herbicide,Env B,,3
2021,35190,Non,2171054,flufenacet,142459-58-3,Herbicide,Env A,,6
2021,35190,Non,2171111,metamitrone,41394-05-2,Herbicide,Env A,,14
2021,35190,Non,2171193,mesotrione,104206-82-8,Herbicide,Env A,,5.25
2021,35190,Non,2171193,terbuthylazine,5915-41-3,Herbicide,Env A,,24.75
2021,35190,Non,2171195,lambda-cyhalothrine,91465-08-6,Insecticide,Santé A,Substitution,9.56
2021,35190,Non,2171236,mesotrione,104206-82-8,Herbicide,Env A,,1.05
2021,35190,Non,2171236,terbuthylazine,5915-41-3,Herbicide,Env A,,4.95
2021,35190,Non,2171317,"2,4-d",94-75-7,Herbicide,Env B,,3
2021,35190,Non,2180009,dicamba,1918-00-9,Herbicide,Env B,,7
2021,35190,Non,2180009,tritosulfuron,142469-14-5,Herbicide,Env A,,3.5
2021,35190,Non,2180088,s-metolachlore,87392-12-9,Herbicide,Env A,,28.8
2021,35190,Non,2180124,metalaxyl,57837-19-1,Fongicide,Env B,,1.3170
2021,35190,Non,2180124,prothioconazole,178928-70-6,Fongicide,Env A,,6.585
2021,35190,Non,2180165,dicamba dimethylammonium,2300-66-5,Herbicide,Env B,,67.2
2021,35190,Non,2180233,dicamba,1918-00-9,Herbicide,Env B,,16.8
2021,35190,Non,2180260,metaldehyde,108-62-3,Molluscicide,CMR,,0.96
2021,35190,Non,2180309,clomazone,81777-89-1,Herbicide,Env A,,0.72
2021,35190,Non,2180404,bacillus subtilis souche qst 713,68038-70-0,Fongicide,Autre,,
2021,35190,Non,2180463,metaldehyde,108-62-3,Molluscicide,CMR,,12
2021,35190,Non,2180865,ipconazole,125225-28-7,Fongicide,CMR,Exclusion,0.40680
2021,35190,Non,2190097,metamitrone,41394-05-2,Herbicide,Env A,,2.855
2021,35190,Non,2190097,quinmerac,90717-03-6,Herbicide,Env B,,0.355
2021,35190,Non,2190173,metaldehyde,108-62-3,Molluscicide,CMR,,2.16
2021,35190,Non,2190173,phosphate ferrique,10045-86-0,Molluscicide,Autre,,3.4992
2021,35190,Non,2190214,aclonifen,74070-46-5,Herbicide,CMR,,4.5
2021,35190,Non,2190214,diflufenicanil,83164-33-4,Herbicide,Env B,,0.6
2021,35190,Non,2190214,flufenacet,142459-58-3,Herbicide,Env A,,0.75
2021,35190,Non,2190215,clomazone,81777-89-1,Herbicide,Env A,,3.24
2021,35190,Non,2190468,dicamba,1918-00-9,Herbicide,Env B,,14.5
2021,35190,Non,2190468,prosulfuron,94125-34-5,Herbicide,Env A,Substitution,1.45
2021,35190,Non,2190509,mefentrifluconazole,1417782-03-6,Fongicide,Autre,,0.5
2021,35190,Non,2190548,diflufenicanil,83164-33-4,Herbicide,Env B,,1
2021,35190,Non,2190548,flufenacet,142459-58-3,Herbicide,Env A,,2
2021,35190,Non,2190559,fludioxonil,131341-86-1,Fongicide,Env A,,0.25
2021,35190,Non,2190608,flufenacet,142459-58-3,Herbicide,Env A,,67.5
2021,35190,Non,2190686,fluxapyroxad,907204-31-3,Fongicide,CMR,,80.59
2021,35190,Non,2190686,mefentrifluconazole,1417782-03-6,Fongicide,Autre,,161.18
2021,35190,Non,2190961,prothioconazole,178928-70-6,Fongicide,Env A,,2.5
2021,35190,Non,2190964,phosmet,732-11-6,Insecticide,CMR,,2.5
2021,35190,Non,2190968,halauxifen-methyl,943831-98-9,Herbicide,Env A,,0.09
2021,35190,Non,2190968,piclorame,1918-02-1,Herbicide,Env A,,0.432
2021,35190,Non,2200753,glyphosate,1071-83-6,Herbicide,Env A,,81
2021,35190,Non,2200756,prohexadione-calcium,127277-53-6,Régulateur de croissance,Env B,,2
2021,35190,Non,2200861,"2,4-d",94-75-7,Herbicide,Env B,,0.25
2021,35190,Non,2200861,dicamba,1918-00-9,Herbicide,Env B,,0.125
2021,35190,Non,2210192,prosulfocarbe,52888-80-9,Herbicide,Env A,,176
2021,35190,Non,7100280,benfluraline,1861-40-1,Herbicide,CMR,,5.4
2021,35190,Non,7200313,alcools terpeniques,98-55-5,Autre usage – Adjuvant,Autre,,66.5
2021,35190,Non,8100291,metazachlore,67129-08-2,Herbicide,CMR,,15
2021,35190,Non,8200538,"2,4-d",94-75-7,Herbicide,Env B,,2.25
2021,35190,Non,8200538,"2,4-mcpa",94-74-6,Herbicide,Env A,,2.625
2021,35190,Non,8200538,clopyralid (sous forme de sel de monoethanolamine),57754-85-5,Herbicide,Autre,,0.525
2021,35190,Non,8300063,soufre pour pulverisation (micronise),7704-34-9,Fongicide,Autre,,376
2021,35190,Non,8400096,dicamba,1918-00-9,Herbicide,Env B,,47.04
2021,35190,Non,8400255,metsulfuron-methyl,74223-64-6,Herbicide,Env A,Substitution,0.48
2021,35190,Non,8400528,isoxaben,82558-50-7,Herbicide,Env B,,3.625
2021,35190,Non,8400574,propyzamide,23950-58-5,Herbicide,CMR,Substitution,8
2021,35190,Non,8700462,prosulfocarbe,52888-80-9,Herbicide,Env A,,785.6
2021,35190,Non,8800011,carboxine,5234-68-4,Fongicide,Env A,,0.122
2021,35190,Non,8800011,thirame,137-26-8,Fongicide,Env A,,0.122
2021,35190,Non,8800029,phenmediphame,13684-63-4,Herbicide,Env A,,2.4
2021,35190,Non,8800395,lambda-cyhalothrine,91465-08-6,Insecticide,Santé A,Substitution,0.025
2021,35190,Non,8800395,pyrimicarbe,23103-98-2,Insecticide,CMR,,0.5
2021,35190,Non,8800504,butoxyde de piperonyle,51-03-6,Autre usage – Coformulant / Phytoprotecteur / Synergiste,Autre,,0.225
2021,35190,Non,8800504,deltamethrine,52918-63-5,Insecticide,Santé A,,0.025
2021,35190,Non,8900564,tau-fluvalinate,102851-06-9,Insecticide,Env A,,2.64
2021,35190,Non,8900681,pendimethaline,40487-42-1,Herbicide,Env A,Substitution,6
2021,35190,Non,9000069,ethofumesate,26225-79-6,Herbicide,Env A,,2.5
2021,35190,Non,9000184,"2,4-mcpa",94-74-6,Herbicide,Env A,,5
2021,35190,Non,9000184,clopyralid,1702-17-6,Herbicide,Autre,,0.5
2021,35190,Non,9000184,fluroxypyr-meptyl,81406-37-3,Herbicide,Autre,,1.440
2021,35190,Non,9000222,soufre,7704-34-9,Fongicide,Autre,,14
2021,35190,Non,9000259,amidosulfuron,120923-37-7,Herbicide,Env A,,0.405
2021,35190,Non,9000619,chlortoluron,15545-48-9,Herbicide,CMR,,10
2021,35190,Non,9000833,metazachlore,67129-08-2,Herbicide,CMR,,2
2021,35190,Non,9000833,quinmerac,90717-03-6,Herbicide,Env B,,0.5
2021,35190,Non,9100034,chlormequat chlorure,999-81-5,Régulateur de croissance,Autre,,78.2
2021,35190,Non,9100046,trinexapac-ethyl,95266-40-3,Régulateur de croissance,Env A,,1.50
2021,35190,Non,9100296,"2,4-d",94-75-7,Herbicide,Env B,,132
2021,35190,Non,9100418,nicosulfuron,111991-09-4,Herbicide,Env A,,11.72
2021,35190,Non,9200073,triflusulfuron-methyl,126535-15-7,Herbicide,CMR,,0.1
2021,35190,Non,9200091,imidaclopride,138261-41-3,Insecticide,Env A,,0.7
2021,35190,Non,9200548,thirame,137-26-8,Fongicide,Env A,,0.1152
2021,35190,Non,9300322,metamitrone,41394-05-2,Herbicide,Env A,,3.5
2021,35190,Non,9400008,triticonazole,131983-72-7,Fongicide,Env A,,0.24
2021,35190,Non,9400052,clethodime,99129-21-2,Herbicide,Env B,,3.6
2021,35190,Non,9400463,phenmediphame,13684-63-4,Herbicide,Env A,,3.2
2021,35190,Non,9500040,quizalofop-p-ethyl,100646-51-3,Herbicide,Env A,,0.75
2021,35190,Non,9500568,cyprodinil,121552-61-2,Fongicide,Env A,,1.875
2021,35190,Non,9500568,fludioxonil,131341-86-1,Fongicide,Env A,,1.25
2021,35190,Non,9500628,bentazone,25057-89-0,Herbicide,Env B,,7.83
2021,35190,Non,9600093,azoxystrobine,131860-33-8,Fongicide,Santé A,,8.75
2021,35190,Non,9600197,carfentrazone ethyl,128639-02-1,Herbicide,Env A,,0.12
2021,35190,Non,9600197,metsulfuron-methyl,74223-64-6,Herbicide,Env A,Substitution,0.03
2021,35190,Non,9600370,"2,4-mcpa",94-74-6,Herbicide,Env A,,3.50
2021,35190,Non,9600370,clopyralid (sous forme de sel de monoethanolamine),57754-85-5,Herbicide,Autre,,0.350
2021,35190,Non,9600390,glyphosate,1071-83-6,Herbicide,Env A,,122.4
2021,35190,Non,9800018,clomazone,81777-89-1,Herbicide,Env A,,0.9
2021,35190,Non,9800018,dimethachlore,50563-36-5,Herbicide,Env A,,5.625
2021,35190,Non,9800018,napropamide,15299-99-7,Herbicide,Env A,,5.625
2021,35190,Non,9800182,s-metolachlore,87392-12-9,Herbicide,Env A,,14.4
2021,35190,Non,9800245,soufre pour pulverisation (micronise),7704-34-9,Fongicide,Autre,,96
2021,35190,Non,9800262,flazasulfuron,104040-78-0,Herbicide,Env A,,0.05
2021,35190,Non,9800277,florasulame,145701-23-1,Herbicide,Env A,,0.6125
2021,35190,Non,9800336,lambda-cyhalothrine,91465-08-6,Insecticide,Santé A,Substitution,1.43
2021,35190,Non,9800344,fludioxonil,131341-86-1,Fongicide,Env A,,0.35300
2021,35190,Non,9800344,metalaxyl-m,70630-17-0,Fongicide,Autre,,0.136964
2021,35190,Non,9800347,fluroxypyr-meptyl,81406-37-3,Herbicide,Autre,,0.144
2021,35190,Non,9800347,triclopyr,55335-06-3,Herbicide,Env B,,0.3
2021,35190,Non,9900047,mesotrione,104206-82-8,Herbicide,Env A,,2.5
2021,35190,Non,9900115,clethodime,99129-21-2,Herbicide,Env B,,1.32
2021,35190,Non,9900251,dimethenamide-p (dmta-p),163515-14-8,Herbicide,Env A,,838.656
2021,35190,Non,9900257,cuivre du sulfate de cuivre,8011-63-0,Fongicide,Env A,Substitution,0.6
2021,35190,Non,9900340,pendimethaline,40487-42-1,Herbicide,Env A,Substitution,44.8
2021,35190,Non,9900340,picolinafen,137641-05-5,Herbicide,Env A,,2.24
2021,35200,Non,2030332,"2,4-d",94-75-7,Herbicide,Env B,,1.2
2021,35200,Non,2030332,dichlorprop-p,15165-67-0,Herbicide,Autre,,0.6
2021,35200,Non,2110143,metribuzine,21087-64-9,Herbicide,Env A,,0.6
2021,35200,Non,8400425,hydrazide maleique,123-33-1,Régulateur de croissance,Autre,,2.4
2021,35200,Non,9400109,"2,4-d",94-75-7,Herbicide,Env B,,0.35
2021,35200,Non,9400109,dicamba,1918-00-9,Herbicide,Env B,,0.05
2021,35200,Non,9800336,lambda-cyhalothrine,91465-08-6,Insecticide,Santé A,Substitution,0.1
2021,35230,Non,2000003,metazachlore,67129-08-2,Herbicide,CMR,,92.5
2021,35230,Non,2000018,soufre pour pulverisation (micronise),7704-34-9,Fongicide,Autre,,32
2021,35230,Non,2000044,fluazifop-p-butyl,79241-46-6,Herbicide,CMR,,0.625
2021,35230,Non,2000201,silthiofam,175217-20-6,Fongicide,Env A,,1.89500
2021,35230,Non,2000202,glyphosate,1071-83-6,Herbicide,Env A,,3.6
2021,35230,Non,2000299,clomazone,81777-89-1,Herbicide,Env A,,2.52
2021,35230,Non,2000301,foramsulfuron,173159-57-4,Herbicide,Env A,,0.675
2021,35230,Non,2000301,isoxadifen-ethyl,163520-33-0,Autre usage – Coformulant / Phytoprotecteur / Synergiste,Env A,,0.675
2021,35230,Non,2000369,metsulfuron-methyl,74223-64-6,Herbicide,Env A,Substitution,0.1
2021,35230,Non,2000380,clethodime,99129-21-2,Herbicide,Env B,,11.4
2021,35230,Non,2000536,1-dodecanol,112-53-8,Insecticide - Médiateur chimique,Env A,,0.23256
2021,35230,Non,2000536,1-tetradecanol,112-72-1,Insecticide - Médiateur chimique,Env A,,0.05396
2021,35230,Non,2000536,"e8,e10-dodecadiene-1-ol",33956-49-9,Insecticide - Médiateur chimique,Env A,,0.39824
2021,35230,Non,2010030,mepiquat-chlorure,24307-26-4,Régulateur de croissance,Env B,,33.0
2021,35230,Non,2010030,prohexadione-calcium,127277-53-6,Régulateur de croissance,Env B,,5.50
2021,35230,Non,2010280,metconazole,125116-23-6,Fongicide,CMR,,4.5
2021,35230,Non,2010495,metaldehyde,108-62-3,Molluscicide,CMR,,7.5
2021,35230,Non,2010513,bacillus thuringiensis ssp kurstaki souche abts-351,68038-71-1,Insecticide,Autre,,
2021,35230,Non,2010610,prochloraze,67747-09-5,Fongicide,Env A,,9
2021,35230,Non,2010617,dimethenamide-p (dmta-p),163515-14-8,Herbicide,Env A,,7.2
2021,35230,Non,2020099,trifloxystrobine,141517-21-7,Fongicide,Env A,,12
2021,35230,Non,2030071,metaldehyde,108-62-3,Molluscicide,CMR,,12
2021,35230,Non,2030323,fludioxonil,131341-86-1,Fongicide,Env A,,0.11375
2021,35230,Non,2030332,"2,4-d",94-75-7,Herbicide,Env B,,1.2
2021,35230,Non,2030332,dichlorprop-p,15165-67-0,Herbicide,Autre,,0.6
2021,35230,Non,2030342,chlormequat chlorure,999-81-5,Régulateur de croissance,Autre,,55.2
2021,35230,Non,2040146,tefluthrine,79538-32-2,Insecticide,Santé A,,2.096
2021,35230,Non,2050075,boscalid,188425-85-6,Fongicide,Env A,,2.5
2021,35230,Non,2060045,huile vegetale,,SA non phyto - Divers,Autre,,1.750
2021,35230,Non,2060045,resines (colophane),8050-09-7,SA non phyto - Divers,Autre,,17.0
2021,35230,Non,2060088,benoxacor,98730-04-2,Autre usage – Coformulant / Phytoprotecteur / Synergiste,Autre,,1.9
2021,35230,Non,2060088,mesotrione,104206-82-8,Herbicide,Env A,,3.8
2021,35230,Non,2060088,s-metolachlore,87392-12-9,Herbicide,Env A,,38
2021,35230,Non,2060098,spinosad,168316-95-8,Insecticide,Env A,,0.72
2021,35230,Non,2060113,bifenazate,149877-41-8,Insecticide - Acaricide,Env A,,0.24
2021,35230,Non,2060116,prothioconazole,178928-70-6,Fongicide,Env A,,13.125
2021,35230,Non,2060127,prothioconazole,178928-70-6,Fongicide,Env A,,0.761
2021,35230,Non,2060131,"2,4-d",94-75-7,Herbicide,Env B,,0.465
2021,35230,Non,2060131,triclopyr,55335-06-3,Herbicide,Env B,,0.518
2021,35230,Non,2080026,nicosulfuron,111991-09-4,Herbicide,Env A,,7.50
2021,35230,Non,2080094,florasulame,145701-23-1,Herbicide,Env A,,0.5
2021,35230,Non,2080094,isoxaben,82558-50-7,Herbicide,Env B,,7.625
2021,35230,Non,2080112,thirame,137-26-8,Fongicide,Env A,,3.1344
2021,35230,Non,2080117,prosulfuron,94125-34-5,Herbicide,Env A,Substitution,1.5750
2021,35230,Non,2080123,metsulfuron-methyl,74223-64-6,Herbicide,Env A,Substitution,0.60
2021,35230,Non,2080125,metsulfuron-methyl,74223-64-6,Herbicide,Env A,Substitution,0.34
2021,35230,Non,2080145,diflufenicanil,83164-33-4,Herbicide,Env B,,42
2021,35230,Non,2080145,flufenacet,142459-58-3,Herbicide,Env A,,84
2021,35230,Non,2090008,thirame,137-26-8,Fongicide,Env A,,0.50102
2021,35230,Non,2090016,imazamox,114311-32-9,Herbicide,Env A,Substitution,0.334
2021,35230,Non,2090016,pendimethaline,40487-42-1,Herbicide,Env A,Substitution,5.0
2021,35230,Non,2090037,dicamba,1918-00-9,Herbicide,Env B,,8.5
2021,35230,Non,2090037,prosulfuron,94125-34-5,Herbicide,Env A,Substitution,0.85
2021,35230,Non,2090041,cloquintocet-mexyl,99607-70-2,Autre usage – Coformulant / Phytoprotecteur / Synergiste,Autre,,0.675
2021,35230,Non,2090041,pyroxsulame,422556-08-9,Herbicide,Env A,,0.675
2021,35230,Non,2090042,cloquintocet-mexyl,99607-70-2,Autre usage – Coformulant / Phytoprotecteur / Synergiste,Autre,,0.63519
2021,35230,Non,2090042,florasulame,145701-23-1,Herbicide,Env A,,0.21204
2021,35230,Non,2090042,pyroxsulame,422556-08-9,Herbicide,Env A,,0.63519
2021,35230,Non,2090050,cypermethrine,52315-07-8,Insecticide,Env A,,5.856
2021,35230,Non,2090057,metsulfuron-methyl,74223-64-6,Herbicide,Env A,Substitution,0.1554
2021,35230,Non,2090057,tribenuron-methyle,101200-48-0,Herbicide,Env A,,0.3108
2021,35230,Non,2090068,mepiquat-chlorure,24307-26-4,Régulateur de croissance,Env B,,6.30
2021,35230,Non,2090068,metconazole,125116-23-6,Fongicide,CMR,,0.90
2021,35230,Non,2090093,glyphosate,1071-83-6,Herbicide,Env A,,180
2021,35230,Non,2090095,ethofumesate,26225-79-6,Herbicide,Env A,,1.9
2021,35230,Non,2090095,phenmediphame,13684-63-4,Herbicide,Env A,,2
2021,35230,Non,2090101,nicosulfuron,111991-09-4,Herbicide,Env A,,3.4
2021,35230,Non,2090111,cypermethrine,52315-07-8,Insecticide,Env A,,18.573
2021,35230,Non,2090113,dimethenamide-p (dmta-p),163515-14-8,Herbicide,Env A,,4.25
2021,35230,Non,2090113,pendimethaline,40487-42-1,Herbicide,Env A,Substitution,5
2021,35230,Non,2090116,glyphosate,1071-83-6,Herbicide,Env A,,1.8
2021,35230,Non,2090118,flufenacet,142459-58-3,Herbicide,Env A,,18.0
2021,35230,Non,2090118,pendimethaline,40487-42-1,Herbicide,Env A,Substitution,90
2021,35230,Non,2090149,ethephon,16672-87-0,Régulateur de croissance,Santé A,,2.4
2021,35230,Non,2090153,dicamba,1918-00-9,Herbicide,Env B,,38.4
2021,35230,Non,2090153,tritosulfuron,142469-14-5,Herbicide,Env A,,8.00
2021,35230,Non,2090159,tritosulfuron,142469-14-5,Herbicide,Env A,,6.94722
2021,35230,Non,2090160,glyphosate,1071-83-6,Herbicide,Env A,,1.8
2021,35230,Non,2090186,prosulfocarbe,52888-80-9,Herbicide,Env A,,272
2021,35230,Non,2090188,glyphosate,1071-83-6,Herbicide,Env A,,36.0
2021,35230,Non,2100009,thifensulfuron-methyle,79277-27-3,Herbicide,Env A,,0.4329
2021,35230,Non,2100009,tribenuron-methyle,101200-48-0,Herbicide,Env A,,0.2171
2021,35230,Non,2100015,thifensulfuron-methyle,79277-27-3,Herbicide,Env A,,0.09
2021,35230,Non,2100018,tebuconazole,107534-96-3,Fongicide,CMR,,3.75
2021,35230,Non,2100026,cypermethrine,52315-07-8,Insecticide,Env A,,3.0
2021,35230,Non,2100030,phosphate ferrique,10045-86-0,Molluscicide,Autre,,4.158
2021,35230,Non,2100037,boscalid,188425-85-6,Fongicide,Env A,,5
2021,35230,Non,2100037,dimoxystrobine,149961-52-4,Fongicide,CMR,,5
2021,35230,Non,2100051,ipconazole,125225-28-7,Fongicide,CMR,Exclusion,0.07425
2021,35230,Non,2100052,cyprodinil,121552-61-2,Fongicide,Env A,,18
2021,35230,Non,2100053,fluroxypyr,69377-81-7,Herbicide,Env B,,2
2021,35230,Non,2100056,prothioconazole,178928-70-6,Fongicide,Env A,,0.8
2021,35230,Non,2100056,spiroxamine,118134-30-8,Fongicide,CMR,,1.5
2021,35230,Non,2100057,prothioconazole,178928-70-6,Fongicide,Env A,,1.75
2021,35230,Non,2100057,trifloxystrobine,141517-21-7,Fongicide,Env A,,0.88
2021,35230,Non,2100108,prothioconazole,178928-70-6,Fongicide,Env A,,16.250
2021,35230,Non,2100108,tebuconazole,107534-96-3,Fongicide,CMR,,16.250
2021,35230,Non,2100111,mesotrione,104206-82-8,Herbicide,Env A,,13.875
2021,35230,Non,2100111,nicosulfuron,111991-09-4,Herbicide,Env A,,5.55
2021,35230,Non,2100112,ethephon,16672-87-0,Régulateur de croissance,Santé A,,19.2
2021,35230,Non,2100121,chlorantraniliprole,500008-45-7,Insecticide,Env A,,1.0
2021,35230,Non,2100138,cloquintocet-mexyl,99607-70-2,Autre usage – Coformulant / Phytoprotecteur / Synergiste,Autre,,5.6250
2021,35230,Non,2100138,pinoxaden,243973-20-8,Herbicide,CMR,,22.50
2021,35230,Non,2100140,clodinafop-propargyl,105512-06-9,Herbicide,Env A,,1.625
2021,35230,Non,2100140,cloquintocet-mexyl,99607-70-2,Autre usage – Coformulant / Phytoprotecteur / Synergiste,Autre,,0.40625
2021,35230,Non,2100140,pinoxaden,243973-20-8,Herbicide,CMR,,1.625
2021,35230,Non,2100151,pyraclostrobine,175013-18-0,Fongicide,Santé A,,6
2021,35230,Non,2100231,emamectine benzoate,155569-91-8,Insecticide,Santé A,,0.0285
2021,35230,Non,2100234,diflufenicanil,83164-33-4,Herbicide,Env B,,7.2
2021,35230,Non,2100234,iodosulfuron-methyl-sodium,144550-36-7,Herbicide,Env A,,0.4500
2021,35230,Non,2100234,mefenpyr-diethyl,135590-91-9,Autre usage – Coformulant / Phytoprotecteur / Synergiste,Autre,,1.620
2021,35230,Non,2100234,mesosulfuron-methyl,208465-21-8,Herbicide,Env A,,0.540
2021,35230,Non,2100244,napropamide,15299-99-7,Herbicide,Env A,,13.5
2021,35230,Non,2110018,difenoconazole,119446-68-3,Fongicide,Env A,,0.81725
2021,35230,Non,2110018,fludioxonil,131341-86-1,Fongicide,Env A,,0.81725
2021,35230,Non,2110059,bicarbonate de potassium,298-14-6,Fongicide,Autre,,17
2021,35230,Non,2110082,diflufenicanil,83164-33-4,Herbicide,Env B,,0.36
2021,35230,Non,2110082,metsulfuron-methyl,74223-64-6,Herbicide,Env A,Substitution,0.036
2021,35230,Non,2110102,difenoconazole,119446-68-3,Fongicide,Env A,,2.48800
2021,35230,Non,2110102,fludioxonil,131341-86-1,Fongicide,Env A,,2.48800
2021,35230,Non,2110102,sedaxane,874967-67-6,Fongicide,Env A,,4.9760
2021,35230,Non,2110104,clopyralid,1702-17-6,Herbicide,Autre,,1.36
2021,35230,Non,2110104,florasulame,145701-23-1,Herbicide,Env A,,0.0425
2021,35230,Non,2110104,fluroxypyr-meptyl,81406-37-3,Herbicide,Autre,,2.448
2021,35230,Non,2110105,azoxystrobine,131860-33-8,Fongicide,Santé A,,1.25
2021,35230,Non,2110144,fluxapyroxad,907204-31-3,Fongicide,CMR,,0.4375
2021,35230,Non,2110148,bixafen,581809-46-3,Fongicide,Env A,,0.125
2021,35230,Non,2110152,cypermethrine,52315-07-8,Insecticide,Env A,,0.24
2021,35230,Non,2110153,chlormequat chlorure,999-81-5,Régulateur de croissance,Autre,,1.5
2021,35230,Non,2110153,ethephon,16672-87-0,Régulateur de croissance,Santé A,,0.75
2021,35230,Non,2110154,"2,4-mcpa",94-74-6,Herbicide,Env A,,3.06
2021,35230,Non,2110154,dicamba,1918-00-9,Herbicide,Env B,,0.27
2021,35230,Non,2110162,azoxystrobine,131860-33-8,Fongicide,Santé A,,21.25
2021,35230,Non,2110167,tebuconazole,107534-96-3,Fongicide,CMR,,9.46
2021,35230,Non,2110192,metsulfuron-methyl,74223-64-6,Herbicide,Env A,Substitution,1.36
2021,35230,Non,2120041,zirame,137-30-4,Fongicide,Santé A,,5.9556
2021,35230,Non,2120048,aminopyralid,150114-71-9,Herbicide,Env A,,0.87
2021,35230,Non,2120048,triclopyr,55335-06-3,Herbicide,Env B,,6.96
2021,35230,Non,2120070,prothioconazole,178928-70-6,Fongicide,Env A,,0.8
2021,35230,Non,2120070,tebuconazole,107534-96-3,Fongicide,CMR,,0.4
2021,35230,Non,2120075,dimethenamide-p (dmta-p),163515-14-8,Herbicide,Env A,,26
2021,35230,Non,2120075,metazachlore,67129-08-2,Herbicide,CMR,,26
2021,35230,Non,2120075,quinmerac,90717-03-6,Herbicide,Env B,,13
2021,35230,Non,2120081,"cydia pomonella granulovirus, isolat r5 (cpgv-r5)",,Insecticide,Autre,,
2021,35230,Non,2120089,"2,4-mcpa",94-74-6,Herbicide,Env A,,2.1
2021,35230,Non,2120089,diflufenicanil,83164-33-4,Herbicide,Env B,,0.525
2021,35230,Non,2120089,glyphosate,1071-83-6,Herbicide,Env A,,4.2
2021,35230,Non,2120120,bentazone,25057-89-0,Herbicide,Env B,,2.4
2021,35230,Non,2120120,imazamox,114311-32-9,Herbicide,Env A,Substitution,0.112
2021,35230,Non,2120143,glyphosate,1071-83-6,Herbicide,Env A,,38.4
2021,35230,Non,2120153,propyzamide,23950-58-5,Herbicide,CMR,Substitution,12
2021,35230,Non,2120160,bentazone,25057-89-0,Herbicide,Env B,,12.0
2021,35230,Non,2130059,lambda-cyhalothrine,91465-08-6,Insecticide,Santé A,Substitution,0.5
2021,35230,Non,2130063,nicosulfuron,111991-09-4,Herbicide,Env A,,11.0
2021,35230,Non,2130068,diflufenicanil,83164-33-4,Herbicide,Env B,,20.5
2021,35230,Non,2130069,diflufenicanil,83164-33-4,Herbicide,Env B,,3.5
2021,35230,Non,2130075,metaldehyde,108-62-3,Molluscicide,CMR,,0.8
2021,35230,Non,2130083,lambda-cyhalothrine,91465-08-6,Insecticide,Santé A,Substitution,0.5
2021,35230,Non,2130091,diflufenicanil,83164-33-4,Herbicide,Env B,,5
2021,35230,Non,2130140,diflufenicanil,83164-33-4,Herbicide,Env B,,2.0
2021,35230,Non,2130140,pendimethaline,40487-42-1,Herbicide,Env A,Substitution,20
2021,35230,Non,2130164,cyprosulfamide,221667-31-8,Autre usage – Coformulant / Phytoprotecteur / Synergiste,Autre,,1.350
2021,35230,Non,2130164,foramsulfuron,173159-57-4,Herbicide,Env A,,2.70
2021,35230,Non,2130164,thiencarbazone-methyl,317815-83-1,Herbicide,CMR,,0.90
2021,35230,Non,2130202,fluopyram,658066-35-4,Fongicide,Env A,,9.21875
2021,35230,Non,2130202,prothioconazole,178928-70-6,Fongicide,Env A,,9.21875
2021,35230,Non,2130251,lambda-cyhalothrine,91465-08-6,Insecticide,Santé A,Substitution,1.5
2021,35230,Non,2130266,bromuconazole,116255-48-2,Fongicide,Env A,,25.885
2021,35230,Non,2130266,tebuconazole,107534-96-3,Fongicide,CMR,,16.585
2021,35230,Non,2140078,fludioxonil,131341-86-1,Fongicide,Env A,,1.345
2021,35230,Non,2140078,tefluthrine,79538-32-2,Insecticide,Santé A,,5.38
2021,35230,Non,2140082,trinexapac-ethyl,95266-40-3,Régulateur de croissance,Env A,,5.60
2021,35230,Non,2140090,azadirachtine,11141-17-6,Insecticide,CMR,,0.196
2021,35230,Non,2140093,glyphosate,1071-83-6,Herbicide,Env A,,18
2021,35230,Non,2140098,aminopyralid,150114-71-9,Herbicide,Env A,,0.3162
2021,35230,Non,2140098,propyzamide,23950-58-5,Herbicide,CMR,Substitution,30
2021,35230,Non,2140156,"2,4-mcpa",94-74-6,Herbicide,Env A,,25.3365
2021,35230,Non,2140156,clopyralid,1702-17-6,Herbicide,Autre,,2.2135
2021,35230,Non,2140156,fluroxypyr,69377-81-7,Herbicide,Env B,,5.7
2021,35230,Non,2140168,cuivre du sulfate tribasique,12527-76-3,Fongicide,Env A,Substitution,0.1748
2021,35230,Non,2140173,fluxapyroxad,907204-31-3,Fongicide,CMR,,2.5000
2021,35230,Non,2140173,metconazole,125116-23-6,Fongicide,CMR,,1.800
2021,35230,Non,2140193,sulfate de fer (sulfate ferreux heptahydrate),7782-63-0,Herbicide - Antimousse,Autre,,0.187
2021,35230,Non,2140257,iodosulfuron-methyl-sodium,144550-36-7,Herbicide,Env A,,0.01
2021,35230,Non,2140257,mefenpyr-diethyl,135590-91-9,Autre usage – Coformulant / Phytoprotecteur / Synergiste,Autre,,0.15
2021,35230,Non,2140257,mesosulfuron-methyl,208465-21-8,Herbicide,Env A,,0.05
2021,35230,Non,2140258,iodosulfuron-methyl-sodium,144550-36-7,Herbicide,Env A,,0.5625
2021,35230,Non,2140258,mesosulfuron-methyl,208465-21-8,Herbicide,Env A,,0.5625
2021,35230,Non,2150066,propyzamide,23950-58-5,Herbicide,CMR,Substitution,12
2021,35230,Non,2150104,huile minerale paraffinique,8042-47-5,Insecticide - Acaricide,Autre,,473.86
2021,35230,Non,2150125,diflufenicanil,83164-33-4,Herbicide,Env B,,13.6
2021,35230,Non,2150140,glyphosate,1071-83-6,Herbicide,Env A,,579.6
2021,35230,Non,2150484,clopyralid,1702-17-6,Herbicide,Autre,,3.3
2021,35230,Non,2150484,florasulame,145701-23-1,Herbicide,Env A,,0.275
2021,35230,Non,2150785,mesotrione,104206-82-8,Herbicide,Env A,,10.5
2021,35230,Non,2150964,lambda-cyhalothrine,91465-08-6,Insecticide,Santé A,Substitution,3.64
2021,35230,Non,2150973,lambda-cyhalothrine,91465-08-6,Insecticide,Santé A,Substitution,0.12
2021,35230,Non,2160064,fludioxonil,131341-86-1,Fongicide,Env A,,0.0445
2021,35230,Non,2160064,tebuconazole,107534-96-3,Fongicide,CMR,,0.0089
2021,35230,Non,2160226,phosphate ferrique,10045-86-0,Molluscicide,Autre,,15.488
2021,35230,Non,2160248,dicamba,1918-00-9,Herbicide,Env B,,12.6
2021,35230,Non,2160248,mesotrione,104206-82-8,Herbicide,Env A,,5.25
2021,35230,Non,2160260,metconazole,125116-23-6,Fongicide,CMR,,4.50
2021,35230,Non,2160343,clopyralid,1702-17-6,Herbicide,Autre,,0.6
2021,35230,Non,2160384,trinexapac-ethyl,95266-40-3,Régulateur de croissance,Env A,,5.00
2021,35230,Non,2160477,dicamba,1918-00-9,Herbicide,Env B,,12
2021,35230,Non,2160484,difenoconazole,119446-68-3,Fongicide,Env A,,1.1935
2021,35230,Non,2160484,fludioxonil,131341-86-1,Fongicide,Env A,,1.1935
2021,35230,Non,2160527,sels de potassium d'acides gras,10124-65-9,Insecticide,Autre,,40.783
2021,35230,Non,2160556,clomazone,81777-89-1,Herbicide,Env A,,12.6
2021,35230,Non,2160617,benzovindiflupyr,1072957-71-1,Fongicide,Santé A,Substitution,1.5
2021,35230,Non,2160693,cyprosulfamide,221667-31-8,Autre usage – Coformulant / Phytoprotecteur / Synergiste,Autre,,0.9
2021,35230,Non,2160693,isoxaflutole,141112-29-0,Herbicide,CMR,,1.35
2021,35230,Non,2160693,thiencarbazone-methyl,317815-83-1,Herbicide,CMR,,0.54
2021,35230,Non,2160752,pyridate,55512-33-9,Herbicide,Env A,,15
2021,35230,Non,2160781,s-metolachlore,87392-12-9,Herbicide,Env A,,28.8
2021,35230,Non,2160814,diflufenicanil,83164-33-4,Herbicide,Env B,,6
2021,35230,Non,2160920,fluroxypyr-meptyl,81406-37-3,Herbicide,Autre,,8.7525
2021,35230,Non,2160920,metsulfuron-methyl,74223-64-6,Herbicide,Env A,Substitution,0.225
2021,35230,Non,2160920,thifensulfuron-methyle,79277-27-3,Herbicide,Env A,,1.35
2021,35230,Non,2160931,bixafen,581809-46-3,Fongicide,Env A,,19.77625
2021,35230,Non,2160931,fluopyram,658066-35-4,Fongicide,Env A,,19.77625
2021,35230,Non,2160931,prothioconazole,178928-70-6,Fongicide,Env A,,39.5525
2021,35230,Non,2160936,cloquintocet-mexyl,99607-70-2,Autre usage – Coformulant / Phytoprotecteur / Synergiste,Autre,,0.600
2021,35230,Non,2160936,fluroxypyr-meptyl,81406-37-3,Herbicide,Autre,,20.150
2021,35230,Non,2160936,halauxifen-methyl,943831-98-9,Herbicide,Env A,,0.625
2021,35230,Non,2160937,cloquintocet-mexyl,99607-70-2,Autre usage – Coformulant / Phytoprotecteur / Synergiste,Autre,,0.198
2021,35150,Non,1030003,polymere carboxyl sulfone cationique,8061-53-8,SA non phyto - Divers,Autre,,1.107
2021,35150,Non,2000003,metazachlore,67129-08-2,Herbicide,CMR,,72.5
2021,35150,Non,2000018,soufre pour pulverisation (micronise),7704-34-9,Fongicide,Autre,,288
2021,35150,Non,2000046,ethofumesate,26225-79-6,Herbicide,Env A,,2.25
2021,35150,Non,2000046,metamitrone,41394-05-2,Herbicide,Env A,,5.25
2021,35150,Non,2000122,metalaxyl-m,70630-17-0,Fongicide,Autre,,0.010176
2021,35150,Non,2000125,cuivre du sulfate de cuivre,8011-63-0,Fongicide,Env A,Substitution,2.02
2021,35150,Non,2000201,silthiofam,175217-20-6,Fongicide,Env A,,5.2475
2021,35150,Non,2000299,clomazone,81777-89-1,Herbicide,Env A,,7.56
2021,35150,Non,2000301,foramsulfuron,173159-57-4,Herbicide,Env A,,6.750
2021,35150,Non,2000301,isoxadifen-ethyl,163520-33-0,Autre usage – Coformulant / Phytoprotecteur / Synergiste,Env A,,6.750
2021,35150,Non,2000316,esfenvalerate,66230-04-4,Insecticide,Santé A,Substitution,3.85
2021,35150,Non,2000324,deltamethrine,52918-63-5,Insecticide,Santé A,,0.1
2021,35150,Non,2000369,metsulfuron-methyl,74223-64-6,Herbicide,Env A,Substitution,2.32
2021,35150,Non,2000380,clethodime,99129-21-2,Herbicide,Env B,,9.48
2021,35150,Non,2000461,prochloraze,67747-09-5,Fongicide,Env A,,4.5
2021,35150,Non,2000536,1-dodecanol,112-53-8,Insecticide - Médiateur chimique,Env A,,1.66158
2021,35150,Non,2000536,1-tetradecanol,112-72-1,Insecticide - Médiateur chimique,Env A,,0.38553
2021,35150,Non,2000536,"e8,e10-dodecadiene-1-ol",33956-49-9,Insecticide - Médiateur chimique,Env A,,2.84532
2021,35150,Non,2010023,deltamethrine,52918-63-5,Insecticide,Santé A,,0.18
2021,35150,Non,2010030,mepiquat-chlorure,24307-26-4,Régulateur de croissance,Env B,,64.5
2021,35150,Non,2010030,prohexadione-calcium,127277-53-6,Régulateur de croissance,Env B,,10.75
2021,35150,Oui,2010130,cuivre de l'oxyde cuivreux,1317-39-1,Fongicide,Env A,Substitution,82.500
2021,35150,Non,2010239,florasulame,145701-23-1,Herbicide,Env A,,0.095
2021,35150,Non,2010239,fluroxypyr-meptyl,81406-37-3,Herbicide,Autre,,13.6895
2021,35150,Non,2010240,florasulame,145701-23-1,Herbicide,Env A,,0.025
2021,35150,Non,2010240,fluroxypyr-meptyl,81406-37-3,Herbicide,Autre,,1.441
2021,35150,Non,2010280,metconazole,125116-23-6,Fongicide,CMR,,67.5
2021,35150,Non,2010282,cypermethrine,52315-07-8,Insecticide,Env A,,2.5
2021,35150,Non,2010410,soufre pour pulverisation (micronise),7704-34-9,Fongicide,Autre,,4.8
2021,35150,Non,2010640,acide alpha naphtylacetique (ana),86-87-3,Régulateur de croissance,CMR,,0.1
2021,35150,Non,2020099,trifloxystrobine,141517-21-7,Fongicide,Env A,,20.5
2021,35150,Non,2020474,metazachlore,67129-08-2,Herbicide,CMR,,42.5
2021,35150,Non,2030071,metaldehyde,108-62-3,Molluscicide,CMR,,16.5
2021,35150,Non,2030175,bacillus thuringiensis ssp kurstaki souche sa-11,68038-71-1,Insecticide,Autre,,0.153
2021,35150,Non,2030323,fludioxonil,131341-86-1,Fongicide,Env A,,3.43950
2021,35150,Non,2030332,"2,4-d",94-75-7,Herbicide,Env B,,3.6
2021,35150,Non,2030332,dichlorprop-p,15165-67-0,Herbicide,Autre,,1.8
2021,35150,Non,2030342,chlormequat chlorure,999-81-5,Régulateur de croissance,Autre,,864.8
2021,35150,Non,2030466,soufre triture ventile,7704-34-9,Fongicide,Autre,,7.8
2021,35150,Non,2040146,tefluthrine,79538-32-2,Insecticide,Santé A,,45.254
2021,35150,Oui,2050046,flonicamide,158062-67-0,Insecticide,Autre,,6.500
2021,35150,Non,2050075,boscalid,188425-85-6,Fongicide,Env A,,3.75
2021,35150,Non,2060002,difenoconazole,119446-68-3,Fongicide,Env A,,5
2021,35150,Non,2060045,huile vegetale,,SA non phyto - Divers,Autre,,0.21
2021,35150,Non,2060045,resines (colophane),8050-09-7,SA non phyto - Divers,Autre,,2.04
2021,35150,Non,2060084,boscalid,188425-85-6,Fongicide,Env A,,1.602
2021,35150,Non,2060084,pyraclostrobine,175013-18-0,Fongicide,Santé A,,0.402
2021,35150,Non,2060088,benoxacor,98730-04-2,Autre usage – Coformulant / Phytoprotecteur / Synergiste,Autre,,63.2
2021,35150,Non,2060088,mesotrione,104206-82-8,Herbicide,Env A,,126.4
2021,35150,Non,2060088,s-metolachlore,87392-12-9,Herbicide,Env A,,1264
2021,35150,Non,2060098,spinosad,168316-95-8,Insecticide,Env A,,1.92
2021,35150,Non,2060116,prothioconazole,178928-70-6,Fongicide,Env A,,109.375
2021,35150,Non,2060127,prothioconazole,178928-70-6,Fongicide,Env A,,2.407
2021,35150,Non,2060131,"2,4-d",94-75-7,Herbicide,Env B,,5.487
2021,35150,Non,2060131,triclopyr,55335-06-3,Herbicide,Env B,,6.1124
2021,35150,Non,2060134,captane,133-06-2,Fongicide,CMR,,266.4
2021,35150,Non,2060194,tefluthrine,79538-32-2,Insecticide,Santé A,,2.16
2021,35150,Non,2070221,metazachlore,67129-08-2,Herbicide,CMR,,128.8
2021,35150,Non,2070221,quinmerac,90717-03-6,Herbicide,Env B,,32.2
2021,35150,Non,2080026,nicosulfuron,111991-09-4,Herbicide,Env A,,35.04
2021,35150,Non,2080070,boscalid,188425-85-6,Fongicide,Env A,,1.26
2021,35150,Non,2080070,pyraclostrobine,175013-18-0,Fongicide,Santé A,,0.64
2021,35150,Non,2080094,florasulame,145701-23-1,Herbicide,Env A,,1.54
2021,35150,Non,2080094,isoxaben,82558-50-7,Herbicide,Env B,,23.485
2021,35150,Non,2080105,glyphosate,1071-83-6,Herbicide,Env A,,32.4
2021,35150,Non,2080112,thirame,137-26-8,Fongicide,Env A,,23.2704
2021,35150,Non,2080117,prosulfuron,94125-34-5,Herbicide,Env A,Substitution,4.6125
2021,35150,Non,2080123,metsulfuron-methyl,74223-64-6,Herbicide,Env A,Substitution,6.64
2021,35150,Non,2080125,metsulfuron-methyl,74223-64-6,Herbicide,Env A,Substitution,2.50
2021,35150,Non,2080145,diflufenicanil,83164-33-4,Herbicide,Env B,,336.2
2021,35150,Non,2080145,flufenacet,142459-58-3,Herbicide,Env A,,672.4
2021,35150,Non,2090008,thirame,137-26-8,Fongicide,Env A,,4.18405
2021,35150,Non,2090016,imazamox,114311-32-9,Herbicide,Env A,Substitution,7.181
2021,35150,Non,2090016,pendimethaline,40487-42-1,Herbicide,Env A,Substitution,107.5
2021,35150,Non,2090019,6-benzyladenine,1214-39-7,Régulateur de croissance,CMR,,0.7
2021,35150,Non,2090028,metamitrone,41394-05-2,Herbicide,Env A,,3.5
2021,35150,Non,2090037,dicamba,1918-00-9,Herbicide,Env B,,13.5
2021,35150,Non,2090037,prosulfuron,94125-34-5,Herbicide,Env A,Substitution,1.35
2021,35150,Non,2090041,cloquintocet-mexyl,99607-70-2,Autre usage – Coformulant / Phytoprotecteur / Synergiste,Autre,,4.1625
2021,35150,Non,2090041,pyroxsulame,422556-08-9,Herbicide,Env A,,4.1625
2021,35150,Non,2090042,cloquintocet-mexyl,99607-70-2,Autre usage – Coformulant / Phytoprotecteur / Synergiste,Autre,,1.157685
2021,35150,Non,2090042,florasulame,145701-23-1,Herbicide,Env A,,0.38646
2021,35150,Non,2090042,pyroxsulame,422556-08-9,Herbicide,Env A,,1.157685
2021,35150,Non,2090050,cypermethrine,52315-07-8,Insecticide,Env A,,60.672
2021,35150,Non,2090054,metsulfuron-methyl,74223-64-6,Herbicide,Env A,Substitution,2.32375
2021,35150,Non,2090054,tribenuron-methyle,101200-48-0,Herbicide,Env A,,2.32375
2021,35150,Non,2090057,metsulfuron-methyl,74223-64-6,Herbicide,Env A,Substitution,0.60495
2021,35150,Non,2090057,tribenuron-methyle,101200-48-0,Herbicide,Env A,,1.2099
2021,35150,Non,2090068,mepiquat-chlorure,24307-26-4,Régulateur de croissance,Env B,,34.65
2021,35150,Non,2090068,metconazole,125116-23-6,Fongicide,CMR,,4.95
2021,35150,Non,2090069,bromoxynil,1689-84-5,Herbicide,CMR,Exclusion,36.425
2021,35150,Non,2090071,bromoxynil,1689-84-5,Herbicide,CMR,Exclusion,85.775
2021,35150,Non,2090080,sulcotrione,99105-77-8,Herbicide,CMR,,1.5
2021,35150,Non,2090093,glyphosate,1071-83-6,Herbicide,Env A,,540
2021,35150,Non,2090095,ethofumesate,26225-79-6,Herbicide,Env A,,3.80
2021,35150,Non,2090095,phenmediphame,13684-63-4,Herbicide,Env A,,4
2021,35150,Non,2090101,nicosulfuron,111991-09-4,Herbicide,Env A,,36.6
2021,35150,Non,2090111,cypermethrine,52315-07-8,Insecticide,Env A,,99.285
2021,35150,Non,2090112,dimethenamide-p (dmta-p),163515-14-8,Herbicide,Env A,,4
2021,35150,Non,2090112,metazachlore,67129-08-2,Herbicide,CMR,,4
2021,35150,Non,2090113,dimethenamide-p (dmta-p),163515-14-8,Herbicide,Env A,,199.794625
2021,35150,Non,2090113,pendimethaline,40487-42-1,Herbicide,Env A,Substitution,235.0525
2021,35150,Non,2090117,tebuconazole,107534-96-3,Fongicide,CMR,,26
2021,35150,Non,2090118,flufenacet,142459-58-3,Herbicide,Env A,,75.0
2021,35150,Non,2090118,pendimethaline,40487-42-1,Herbicide,Env A,Substitution,375
2021,35150,Non,2090127,huile essentielle d'orange douce,8028-48-6,Régulateur de croissance,Env A,,0.3
2021,35150,Non,2090137,cuivre du sulfate de cuivre,8011-63-0,Fongicide,Env A,Substitution,8
2021,35150,Non,2090146,abamectine,71751-41-2,Insecticide,CMR,,0.000088
2021,35150,Non,2090146,pyrethrines,8003-34-7,Insecticide,Env A,,0.00117
2021,35150,Non,2090149,ethephon,16672-87-0,Régulateur de croissance,Santé A,,7.2
2021,35150,Non,2090153,dicamba,1918-00-9,Herbicide,Env B,,111.6
2021,35150,Non,2090153,tritosulfuron,142469-14-5,Herbicide,Env A,,23.25
2021,35150,Non,2090159,tritosulfuron,142469-14-5,Herbicide,Env A,,33.21528
2021,35150,Non,2090160,glyphosate,1071-83-6,Herbicide,Env A,,3.6
2021,35150,Non,2090186,prosulfocarbe,52888-80-9,Herbicide,Env A,,752
2021,35150,Non,2090188,glyphosate,1071-83-6,Herbicide,Env A,,57.6
2021,35150,Non,2090199,huile de colza,8002-13-9,Insecticide,Autre,,1.6506
2021,35150,Non,2090199,pyrethrines,8003-34-7,Insecticide,Env A,,0.00918
2021,35150,Non,2100002,triticonazole,131983-72-7,Fongicide,Env A,,0.027
2021,35150,Non,2100009,thifensulfuron-methyle,79277-27-3,Herbicide,Env A,,1.01898
2021,35150,Non,2100009,tribenuron-methyle,101200-48-0,Herbicide,Env A,,0.51102
2021,35150,Non,2100014,metsulfuron-methyl,74223-64-6,Herbicide,Env A,Substitution,0.1608
2021,35150,Non,2100014,thifensulfuron-methyle,79277-27-3,Herbicide,Env A,,0.7992
2021,35150,Non,2100015,thifensulfuron-methyle,79277-27-3,Herbicide,Env A,,1.060
2021,35150,Non,2100018,tebuconazole,107534-96-3,Fongicide,CMR,,33.75
2021,35150,Non,2100026,cypermethrine,52315-07-8,Insecticide,Env A,,11.5
2021,35150,Non,2100028,fluroxypyr,69377-81-7,Herbicide,Env B,,4
2021,35150,Non,2100030,phosphate ferrique,10045-86-0,Molluscicide,Autre,,8.316
2021,35150,Non,2100037,boscalid,188425-85-6,Fongicide,Env A,,3
2021,35150,Non,2100037,dimoxystrobine,149961-52-4,Fongicide,CMR,,3
2021,35150,Non,2100051,ipconazole,125225-28-7,Fongicide,CMR,Exclusion,0.02535
2021,35150,Non,2100052,cyprodinil,121552-61-2,Fongicide,Env A,,48.0
2021,35150,Non,2100053,fluroxypyr,69377-81-7,Herbicide,Env B,,15
2021,35150,Non,2100056,prothioconazole,178928-70-6,Fongicide,Env A,,3.2
2021,35150,Non,2100056,spiroxamine,118134-30-8,Fongicide,CMR,,6
2021,35150,Non,2100057,prothioconazole,178928-70-6,Fongicide,Env A,,42.875
2021,35150,Non,2100057,trifloxystrobine,141517-21-7,Fongicide,Env A,,21.56
2021,35150,Non,2100108,prothioconazole,178928-70-6,Fongicide,Env A,,66.875
2021,35150,Non,2100108,tebuconazole,107534-96-3,Fongicide,CMR,,66.875
2021,35150,Non,2100111,mesotrione,104206-82-8,Herbicide,Env A,,19.125
2021,35150,Non,2100111,nicosulfuron,111991-09-4,Herbicide,Env A,,7.65
2021,35150,Non,2100112,ethephon,16672-87-0,Régulateur de croissance,Santé A,,168.0
2021,35150,Non,2100121,chlorantraniliprole,500008-45-7,Insecticide,Env A,,31.01
2021,35150,Non,2100138,cloquintocet-mexyl,99607-70-2,Autre usage – Coformulant / Phytoprotecteur / Synergiste,Autre,,15.8750
2021,35150,Non,2100138,pinoxaden,243973-20-8,Herbicide,CMR,,63.50
2021,35150,Non,2100140,clodinafop-propargyl,105512-06-9,Herbicide,Env A,,25.625
2021,35150,Non,2100140,cloquintocet-mexyl,99607-70-2,Autre usage – Coformulant / Phytoprotecteur / Synergiste,Autre,,6.40625
2021,35150,Non,2100140,pinoxaden,243973-20-8,Herbicide,CMR,,25.625
2021,35150,Non,2100151,pyraclostrobine,175013-18-0,Fongicide,Santé A,,131.506
2021,35150,Non,2100175,prothioconazole,178928-70-6,Fongicide,Env A,,0.45
2021,35150,Oui,2100186,glyphosate,1071-83-6,Herbicide,Env A,,43.200
2021,35150,Non,2100211,prothioconazole,178928-70-6,Fongicide,Env A,,14.375
2021,35150,Non,2100211,tebuconazole,107534-96-3,Fongicide,CMR,,14.375
2021,35150,Oui,2100215,pendimethaline,40487-42-1,Herbicide,Env A,Substitution,4.000
2021,35150,Non,2100231,emamectine benzoate,155569-91-8,Insecticide,Santé A,,0.5985
2021,35150,Non,2100234,diflufenicanil,83164-33-4,Herbicide,Env B,,9.6
2021,35150,Non,2100234,iodosulfuron-methyl-sodium,144550-36-7,Herbicide,Env A,,0.6000
2021,35150,Non,2100234,mefenpyr-diethyl,135590-91-9,Autre usage – Coformulant / Phytoprotecteur / Synergiste,Autre,,2.160
2021,35150,Non,2100234,mesosulfuron-methyl,208465-21-8,Herbicide,Env A,,0.720
2021,35150,Non,2100244,napropamide,15299-99-7,Herbicide,Env A,,114.75
2021,35150,Non,2100245,prothioconazole,178928-70-6,Fongicide,Env A,,7.5
2021,35150,Non,2100245,tebuconazole,107534-96-3,Fongicide,CMR,,7.5
2021,35150,Non,2110004,propyzamide,23950-58-5,Herbicide,CMR,Substitution,60
2021,35150,Non,2110013,bromoxynil,1689-84-5,Herbicide,CMR,Exclusion,2.008
2021,35150,Non,2110018,difenoconazole,119446-68-3,Fongicide,Env A,,1.173
2021,35150,Non,2110018,fludioxonil,131341-86-1,Fongicide,Env A,,1.173
2021,35150,Non,2110056,acide pelargonique,112-05-0,Herbicide,Autre,,1.867
2021,35150,Non,2110059,bicarbonate de potassium,298-14-6,Fongicide,Autre,,25.5
2021,35150,Non,2110063,clopyralid,1702-17-6,Herbicide,Autre,,1.944
2021,35150,Non,2110073,indoxacarbe,173584-44-6,Insecticide,Santé A,,0.0705
2021,35150,Non,2110077,cloquintocet-mexyl,99607-70-2,Autre usage – Coformulant / Phytoprotecteur / Synergiste,Autre,,1.5525
2021,35150,Non,2110077,fenoxaprop-p-ethyl,71283-80-2,Herbicide,Env A,,3.105
2021,35150,Non,2110082,diflufenicanil,83164-33-4,Herbicide,Env B,,1.08
2021,35150,Non,2110082,metsulfuron-methyl,74223-64-6,Herbicide,Env A,Substitution,0.108
2021,35150,Non,2110086,spirotetramat,203313-25-1,Insecticide,CMR,,4.6
2021,35150,Non,2110102,difenoconazole,119446-68-3,Fongicide,Env A,,13.06525
2021,35150,Non,2110102,fludioxonil,131341-86-1,Fongicide,Env A,,13.06525
2021,35150,Non,2110102,sedaxane,874967-67-6,Fongicide,Env A,,26.1305
2021,35150,Non,2110104,clopyralid,1702-17-6,Herbicide,Autre,,4.96
2021,35150,Non,2110104,florasulame,145701-23-1,Herbicide,Env A,,0.155
2021,35150,Non,2110104,fluroxypyr-meptyl,81406-37-3,Herbicide,Autre,,8.928
2021,35150,Non,2110105,azoxystrobine,131860-33-8,Fongicide,Santé A,,5.5
2021,35150,Non,2110140,diflufenicanil,83164-33-4,Herbicide,Env B,,4.8
2021,35150,Non,2110140,flufenacet,142459-58-3,Herbicide,Env A,,9.6
2021,35150,Non,2110144,fluxapyroxad,907204-31-3,Fongicide,CMR,,26.8125
2021,35150,Non,2110148,bixafen,581809-46-3,Fongicide,Env A,,3.25
2021,35150,Non,2110149,huile de colza,8002-13-9,Insecticide,Autre,,0.09464
2021,35150,Non,2110150,huile de colza,8002-13-9,Insecticide,Autre,,4.15695
2021,35150,Non,2110152,cypermethrine,52315-07-8,Insecticide,Env A,,0.64
2021,35150,Non,2110153,chlormequat chlorure,999-81-5,Régulateur de croissance,Autre,,9
2021,35150,Non,2110153,ethephon,16672-87-0,Régulateur de croissance,Santé A,,4.5
2021,35150,Non,2110162,azoxystrobine,131860-33-8,Fongicide,Santé A,,121.25
2021,35150,Non,2110167,tebuconazole,107534-96-3,Fongicide,CMR,,36.12
2021,35150,Non,2110180,cuivre de l'oxyde cuivreux,1317-39-1,Fongicide,Env A,Substitution,0.15
2021,35150,Non,2110192,metsulfuron-methyl,74223-64-6,Herbicide,Env A,Substitution,1.08
2021,35150,Non,2120041,zirame,137-30-4,Fongicide,Santé A,,18.2952
2021,35150,Non,2120048,aminopyralid,150114-71-9,Herbicide,Env A,,3.15
2021,35150,Non,2120048,triclopyr,55335-06-3,Herbicide,Env B,,25.20
2021,35150,Non,2120066,dichlorprop-p,15165-67-0,Herbicide,Autre,,18
2021,35150,Non,2120066,picolinafen,137641-05-5,Herbicide,Env A,,0.6
2021,35150,Non,2120067,cymoxanil,57966-95-7,Fongicide,CMR,,0.45
2021,35150,Non,2120070,prothioconazole,178928-70-6,Fongicide,Env A,,15.2
2021,35150,Non,2120070,tebuconazole,107534-96-3,Fongicide,CMR,,7.6
2021,35150,Non,2120075,dimethenamide-p (dmta-p),163515-14-8,Herbicide,Env A,,50
2021,35150,Non,2120075,metazachlore,67129-08-2,Herbicide,CMR,,50
2021,35150,Non,2120075,quinmerac,90717-03-6,Herbicide,Env B,,25
2021,35150,Non,2120089,"2,4-mcpa",94-74-6,Herbicide,Env A,,2.4
2021,35150,Non,2120089,diflufenicanil,83164-33-4,Herbicide,Env B,,0.600
2021,35150,Non,2120089,glyphosate,1071-83-6,Herbicide,Env A,,4.8
2021,35150,Non,2120120,bentazone,25057-89-0,Herbicide,Env B,,4.8
2021,35150,Non,2120120,imazamox,114311-32-9,Herbicide,Env A,Substitution,0.224
2021,35150,Non,2120143,glyphosate,1071-83-6,Herbicide,Env A,,96.0
2021,35150,Non,2120153,propyzamide,23950-58-5,Herbicide,CMR,Substitution,104
2021,35150,Non,2120160,bentazone,25057-89-0,Herbicide,Env B,,36.0
2021,35150,Non,2120177,clonostachys rosea j1446 (anciennement gliocladium catenulatum),,Fongicide,Autre,,
2021,35150,Non,2120206,boscalid,188425-85-6,Fongicide,Env A,,7.980
2021,35150,Non,2120206,metconazole,125116-23-6,Fongicide,CMR,,3.6
2021,35150,Oui,2130023,captane,133-06-2,Fongicide,CMR,,56.000
2021,35150,Non,2130059,lambda-cyhalothrine,91465-08-6,Insecticide,Santé A,Substitution,2.1
2021,35150,Non,2130063,nicosulfuron,111991-09-4,Herbicide,Env A,,30.8
2021,35150,Non,2130067,cyflufenamid,180409-60-3,Fongicide,Env A,,0.25
2021,35150,Non,2130068,diflufenicanil,83164-33-4,Herbicide,Env B,,49.0
2021,35150,Non,2130069,diflufenicanil,83164-33-4,Herbicide,Env B,,22.5
2021,35150,Oui,2130083,lambda-cyhalothrine,91465-08-6,Insecticide,Santé A,Substitution,3.700
2021,35150,Non,2130091,diflufenicanil,83164-33-4,Herbicide,Env B,,25
2021,35150,Non,2130092,spiromesifen,283594-90-1,Insecticide,Autre,,0.48
2021,35150,Non,2130140,diflufenicanil,83164-33-4,Herbicide,Env B,,3.6
2021,35150,Non,2130140,pendimethaline,40487-42-1,Herbicide,Env A,Substitution,36
2021,35150,Non,2130153,acide acetique,64-19-7,Herbicide,Autre,,0.162
2021,35150,Non,2130164,cyprosulfamide,221667-31-8,Autre usage – Coformulant / Phytoprotecteur / Synergiste,Autre,,3.150
2021,35150,Non,2130164,foramsulfuron,173159-57-4,Herbicide,Env A,,6.30
2021,35150,Non,2130164,thiencarbazone-methyl,317815-83-1,Herbicide,CMR,,2.10
2021,35150,Non,2130187,dimethenamide-p (dmta-p),163515-14-8,Herbicide,Env A,,12
2021,35150,Non,2130187,metazachlore,67129-08-2,Herbicide,CMR,,12
2021,35150,Non,2130187,quinmerac,90717-03-6,Herbicide,Env B,,6
2021,35150,Non,2130202,fluopyram,658066-35-4,Fongicide,Env A,,41.875
2021,35150,Non,2130202,prothioconazole,178928-70-6,Fongicide,Env A,,41.875
2021,35150,Oui,2130212,phosmet,732-11-6,Insecticide,CMR,,7.500
2021,35150,Non,2130247,trinexapac-ethyl,95266-40-3,Régulateur de croissance,Env A,,1.25
2021,35150,Non,2130249,pendimethaline,40487-42-1,Herbicide,Env A,Substitution,20
2021,35150,Non,2130251,lambda-cyhalothrine,91465-08-6,Insecticide,Santé A,Substitution,10.4
2021,35150,Non,2130253,"2,4-d",94-75-7,Herbicide,Env B,,7.2
2021,35150,Non,2130253,glyphosate,1071-83-6,Herbicide,Env A,,10.8
2021,35150,Non,2130266,bromuconazole,116255-48-2,Fongicide,Env A,,34.235
2021,35150,Non,2130266,tebuconazole,107534-96-3,Fongicide,CMR,,21.935
2021,35150,Oui,2140001,acide gibberellique,77-06-5,Régulateur de croissance,Autre,,0.120
2021,35150,Non,2140002,florasulame,145701-23-1,Herbicide,Env A,,0.49
2021,35150,Oui,2140035,abamectine,71751-41-2,Insecticide,CMR,,0.090
2021,35150,Non,2140042,clomazone,81777-89-1,Herbicide,Env A,,1.8
2021,35150,Non,2140051,fluxapyroxad,907204-31-3,Fongicide,CMR,,0.80919
2021,35150,Non,2140052,clopyralid,1702-17-6,Herbicide,Autre,,0.8
2021,35150,Non,2140078,fludioxonil,131341-86-1,Fongicide,Env A,,2.681
2021,35150,Non,2140078,tefluthrine,79538-32-2,Insecticide,Santé A,,10.724
2021,35150,Non,2140082,trinexapac-ethyl,95266-40-3,Régulateur de croissance,Env A,,22.400
2021,35150,Non,2140084,polysulfure de calcium,1344-81-6,Fongicide,Env A,,38
2021,35150,Non,2140090,azadirachtine,11141-17-6,Insecticide,CMR,,0.1666
2021,35150,Non,2140093,glyphosate,1071-83-6,Herbicide,Env A,,99
2021,35150,Non,2140098,aminopyralid,150114-71-9,Herbicide,Env A,,0.1581
2021,35150,Non,2140098,propyzamide,23950-58-5,Herbicide,CMR,Substitution,15
2021,35150,Non,2140110,dimethenamide-p (dmta-p),163515-14-8,Herbicide,Env A,,4
2021,35150,Non,2140110,metazachlore,67129-08-2,Herbicide,CMR,,4
2021,35150,Non,2140110,quinmerac,90717-03-6,Herbicide,Env B,,2
2021,35150,Non,2140121,acide pelargonique,112-05-0,Herbicide,Autre,,11.40432
2021,35150,Non,2140132,diflufenicanil,83164-33-4,Herbicide,Env B,,9.5
2021,35150,Non,2140148,dicamba,1918-00-9,Herbicide,Env B,,9.6
2021,35150,Non,2140156,"2,4-mcpa",94-74-6,Herbicide,Env A,,156.0195
2021,35150,Non,2140156,clopyralid,1702-17-6,Herbicide,Autre,,13.6305
2021,35150,Non,2140156,fluroxypyr,69377-81-7,Herbicide,Env B,,35.1
2021,35150,Non,2140167,acide decanoique,334-48-5,Herbicide - Antimousse,Env B,,0.03564
2021,35150,Non,2140167,acide octanoique,124-07-2,Herbicide - Antimousse,Env B,,0.05346
2021,35150,Non,2140173,fluxapyroxad,907204-31-3,Fongicide,CMR,,14.6875
2021,35150,Non,2140173,metconazole,125116-23-6,Fongicide,CMR,,10.575
2021,35150,Non,2140252,phosphate ferrique,10045-86-0,Molluscicide,Autre,,0.081875
2021,35150,Non,2140257,iodosulfuron-methyl-sodium,144550-36-7,Herbicide,Env A,,0.11
2021,35150,Non,2140257,mefenpyr-diethyl,135590-91-9,Autre usage – Coformulant / Phytoprotecteur / Synergiste,Autre,,1.65
2021,35150,Non,2140257,mesosulfuron-methyl,208465-21-8,Herbicide,Env A,,0.55
2021,35150,Non,2140258,iodosulfuron-methyl-sodium,144550-36-7,Herbicide,Env A,,0.7875
2021,35150,Non,2140258,mesosulfuron-methyl,208465-21-8,Herbicide,Env A,,0.7875
2021,35150,Non,2150002,metamitrone,41394-05-2,Herbicide,Env A,,0.75
2021,35150,Oui,2150008,prohexadione-calcium,127277-53-6,Régulateur de croissance,Env B,,0.600
2021,35150,Non,2150012,mesotrione,104206-82-8,Herbicide,Env A,,0.48
2021,35150,Non,2150019,silthiofam,175217-20-6,Fongicide,Env A,,3.68
2021,35150,Non,2150022,dicamba,1918-00-9,Herbicide,Env B,,62.88
2021,35150,Non,2150066,propyzamide,23950-58-5,Herbicide,CMR,Substitution,96
2021,35150,Non,2150104,huile minerale paraffinique,8042-47-5,Insecticide - Acaricide,Autre,,751.64
2021,35150,Non,2150125,diflufenicanil,83164-33-4,Herbicide,Env B,,14.8
2021,35150,Non,2150140,glyphosate,1071-83-6,Herbicide,Env A,,2154.6
2021,35150,Non,2150179,"e8,e10-dodecadiene-1-ol",33956-49-9,Insecticide - Médiateur chimique,Env A,,9.747
2021,35150,Oui,2150295,fenoxycarbe,72490-01-8,Insecticide,CMR,,1.500
2021,35150,Non,2150417,bacillus thuringiensis ssp kurstaki souche abts-351,68038-71-1,Insecticide,Autre,,0.015325
2021,35150,Non,2150483,lambda-cyhalothrine,91465-08-6,Insecticide,Santé A,Substitution,11.96
2021,35150,Non,2150484,clopyralid,1702-17-6,Herbicide,Autre,,10.8
2021,35150,Non,2150484,florasulame,145701-23-1,Herbicide,Env A,,0.900
2021,35150,Non,2150626,mesotrione,104206-82-8,Herbicide,Env A,,7.5
2021,35150,Oui,2150642,metamitrone,41394-05-2,Herbicide,Env A,,0.450
2021,35150,Oui,2150747,prohexadione-calcium,127277-53-6,Régulateur de croissance,Env B,,0.900
2021,35150,Oui,2150758,spirotetramat,203313-25-1,Insecticide,CMR,,1.200
2021,35150,Non,2150785,mesotrione,104206-82-8,Herbicide,Env A,,54.0
2021,35150,Non,2150790,phosphate ferrique,10045-86-0,Molluscicide,Autre,,0.5140
2021,35150,Non,2150870,florasulame,145701-23-1,Herbicide,Env A,,0.7
2021,35150,Non,2150918,clodinafop-propargyl,105512-06-9,Herbicide,Env A,,14.0
2021,35150,Non,2150918,cloquintocet-mexyl,99607-70-2,Autre usage – Coformulant / Phytoprotecteur / Synergiste,Autre,,3.500
2021,35150,Non,2150964,lambda-cyhalothrine,91465-08-6,Insecticide,Santé A,Substitution,1.84
2021,35150,Non,2160008,fluopyram,658066-35-4,Fongicide,Env A,,6.6
2021,35150,Non,2160008,tebuconazole,107534-96-3,Fongicide,CMR,,6.6
2021,35150,Non,2160064,fludioxonil,131341-86-1,Fongicide,Env A,,0.1410
2021,35150,Non,2160064,tebuconazole,107534-96-3,Fongicide,CMR,,0.0282
2021,35150,Non,2160115,acide pelargonique,112-05-0,Herbicide,Autre,,0.027891
2021,35150,Non,2160198,prothioconazole,178928-70-6,Fongicide,Env A,,1.25
2021,35150,Non,2160198,tebuconazole,107534-96-3,Fongicide,CMR,,1.25
2021,35150,Non,2160200,cloquintocet-mexyl,99607-70-2,Autre usage – Coformulant / Phytoprotecteur / Synergiste,Autre,,1.625
2021,35150,Non,2160200,pinoxaden,243973-20-8,Herbicide,CMR,,6.5
2021,35150,Non,2160226,phosphate ferrique,10045-86-0,Molluscicide,Autre,,15.125
2021,35150,Non,2160248,dicamba,1918-00-9,Herbicide,Env B,,7.2
2021,35150,Non,2160248,mesotrione,104206-82-8,Herbicide,Env A,,3.00
2021,35150,Non,2160260,metconazole,125116-23-6,Fongicide,CMR,,9.90
2021,35150,Non,2160343,clopyralid,1702-17-6,Herbicide,Autre,,1.8
2021,35150,Non,2160384,trinexapac-ethyl,95266-40-3,Régulateur de croissance,Env A,,15.75
2021,35150,Non,2160387,tebuconazole,107534-96-3,Fongicide,CMR,,12.5
2021,35150,Non,2160390,gibberellines (a4+a7),8030-53-3,Régulateur de croissance,Autre,,0.04
2021,35150,Oui,2160421,6-benzyladenine,1214-39-7,Régulateur de croissance,CMR,,0.800
2021,35150,Non,2160475,soufre,7704-34-9,Fongicide,Autre,,60
2021,35150,Non,2160477,dicamba,1918-00-9,Herbicide,Env B,,7.2
2021,35150,Non,2160484,difenoconazole,119446-68-3,Fongicide,Env A,,4.31275
2021,35150,Non,2160484,fludioxonil,131341-86-1,Fongicide,Env A,,4.31275
2021,35150,Non,2160492,trichoderma asperellum t34,,Fongicide,Autre,,
2021,35150,Non,2160527,sels de potassium d'acides gras,10124-65-9,Insecticide,Autre,,21.1112
2021,35150,Non,2160556,clomazone,81777-89-1,Herbicide,Env A,,3.6
2021,35150,Non,2160615,soufre triture ventile,7704-34-9,Fongicide,Autre,,1.576
2021,35150,Non,2160693,cyprosulfamide,221667-31-8,Autre usage – Coformulant / Phytoprotecteur / Synergiste,Autre,,5.25
2021,35150,Non,2160693,isoxaflutole,141112-29-0,Herbicide,CMR,,7.875
2021,35150,Non,2160693,thiencarbazone-methyl,317815-83-1,Herbicide,CMR,,3.15
2021,35150,Non,2160726,dithianon,3347-22-6,Fongicide,Env A,,16.25
2021,35150,Non,2160726,monopotassium phosphonate,13977-65-6,Fongicide,Autre,,72.956
2021,35150,Non,2160752,pyridate,55512-33-9,Herbicide,Env A,,30
2021,35150,Oui,2160756,dodine,2439-10-3,Fongicide,Env A,,108.800
2021,35150,Non,2160781,s-metolachlore,87392-12-9,Herbicide,Env A,,38.4
2021,35150,Non,2160802,trinexapac-ethyl,95266-40-3,Régulateur de croissance,Env A,,6.25
2021,35150,Non,2160814,diflufenicanil,83164-33-4,Herbicide,Env B,,3
2021,35150,Non,2160920,fluroxypyr-meptyl,81406-37-3,Herbicide,Autre,,5.8350
2021,35150,Non,2160920,metsulfuron-methyl,74223-64-6,Herbicide,Env A,Substitution,0.150
2021,35150,Non,2160920,thifensulfuron-methyle,79277-27-3,Herbicide,Env A,,0.90
2021,35150,Non,2160931,bixafen,581809-46-3,Fongicide,Env A,,45.7600
2021,35150,Non,2160931,fluopyram,658066-35-4,Fongicide,Env A,,45.7600
2021,35150,Non,2160931,prothioconazole,178928-70-6,Fongicide,Env A,,91.520
2021,35150,Non,2160936,cloquintocet-mexyl,99607-70-2,Autre usage – Coformulant / Phytoprotecteur / Synergiste,Autre,,0.288
2021,35150,Non,2160936,fluroxypyr-meptyl,81406-37-3,Herbicide,Autre,,9.672
2021,35150,Non,2160936,halauxifen-methyl,943831-98-9,Herbicide,Env A,,0.300
2021,35150,Non,2160937,cloquintocet-mexyl,99607-70-2,Autre usage – Coformulant / Phytoprotecteur / Synergiste,Autre,,0.558
2021,35150,Non,2160937,florasulame,145701-23-1,Herbicide,Env A,,0.465
2021,35150,Non,2160937,halauxifen-methyl,943831-98-9,Herbicide,Env A,,0.58125
2021,35150,Non,2160951,paclobutrazol,76738-62-0,Régulateur de croissance,CMR,,0.008
2021,35150,Non,2160959,benzovindiflupyr,1072957-71-1,Fongicide,Santé A,Substitution,10.125
2021,35150,Non,2160959,prothioconazole,178928-70-6,Fongicide,Env A,,20.25
2021,35150,Non,2160962,fluxapyroxad,907204-31-3,Fongicide,CMR,,1.5
2021,35150,Non,2160976,prosulfuron,94125-34-5,Herbicide,Env A,Substitution,0.84
2021,35150,Non,2161016,azoxystrobine,131860-33-8,Fongicide,Santé A,,2.5
2021,35150,Non,2161068,mesotrione,104206-82-8,Herbicide,Env A,,5.25
2021,35150,Non,2161068,nicosulfuron,111991-09-4,Herbicide,Env A,,2.1
2021,35150,Non,2161101,fluxapyroxad,907204-31-3,Fongicide,CMR,,15.375
2021,35150,Non,2161101,pyraclostrobine,175013-18-0,Fongicide,Santé A,,30.75
2021,35150,Non,2170031,metamitrone,41394-05-2,Herbicide,Env A,,7
2021,35150,Non,2170055,dicamba,1918-00-9,Herbicide,Env B,,26.4
2021,35150,Non,2170158,dimethenamide-p (dmta-p),163515-14-8,Herbicide,Env A,,6.66
2021,35150,Non,2170158,quinmerac,90717-03-6,Herbicide,Env B,,3.34
2021,35150,Oui,2170166,fludioxonil,131341-86-1,Fongicide,Env A,,2.000
2021,35150,Non,2170228,bixafen,581809-46-3,Fongicide,Env A,,14.625
2021,35150,Non,2170228,fluopyram,658066-35-4,Fongicide,Env A,,14.625
2021,35150,Non,2170228,prothioconazole,178928-70-6,Fongicide,Env A,,29.25
2021,35150,Non,2170230,azoxystrobine,131860-33-8,Fongicide,Santé A,,0.02175
2021,35150,Non,2170230,fludioxonil,131341-86-1,Fongicide,Env A,,0.054375
2021,35150,Non,2170230,metalaxyl-m,70630-17-0,Fongicide,Autre,,0.04205
2021,35150,Non,2170230,thiabendazole,148-79-8,Fongicide,Env A,,0.435
2021,35150,Non,2170237,iodosulfuron-methyl-sodium,144550-36-7,Herbicide,Env A,,0.189
2021,35150,Non,2170237,mefenpyr-diethyl,135590-91-9,Autre usage – Coformulant / Phytoprotecteur / Synergiste,Autre,,0.567
2021,35150,Non,2170237,mesosulfuron-methyl,208465-21-8,Herbicide,Env A,,0.189
2021,35150,Non,2170237,thiencarbazone-methyl,317815-83-1,Herbicide,CMR,,0.1575
2021,35150,Non,2170243,acide pelargonique,112-05-0,Herbicide,Autre,,4.25
2021,35150,Non,2170263,cypermethrine,52315-07-8,Insecticide,Env A,,8.5
2021,35150,Non,2170354,trinexapac-ethyl,95266-40-3,Régulateur de croissance,Env A,,7.5
2021,35150,Non,2170381,mesotrione,104206-82-8,Herbicide,Env A,,62.30
2021,35150,Non,2170381,terbuthylazine,5915-41-3,Herbicide,Env A,,293.70
2021,35150,Oui,2170403,dithianon,3347-22-6,Fongicide,Env A,,1.875
2021,35150,Oui,2170403,monopotassium phosphonate,13977-65-6,Fongicide,Autre,,8.418
2021,35150,Non,2170412,huile essentielle d'orange douce,8028-48-6,Régulateur de croissance,Env A,,0.06
2021,35150,Non,2170421,mesotrione,104206-82-8,Herbicide,Env A,,33.5
2021,35150,Non,2170423,mesotrione,104206-82-8,Herbicide,Env A,,14
2021,35150,Non,2170424,mesotrione,104206-82-8,Herbicide,Env A,,2
2021,35150,Non,2170429,fenpropidine,67306-00-7,Fongicide,Env A,,12.75
2021,35150,Non,2170429,prochloraze,67747-09-5,Fongicide,Env A,,17
2021,35150,Non,2170429,tebuconazole,107534-96-3,Fongicide,CMR,,8.5
2021,35150,Non,2170712,azoxystrobine,131860-33-8,Fongicide,Santé A,,2.75
2021,35150,Non,2170752,sedaxane,874967-67-6,Fongicide,Env A,,0.070
2021,35150,Non,2170757,prochloraze,67747-09-5,Fongicide,Env A,,84.105
2021,35150,Non,2170757,tebuconazole,107534-96-3,Fongicide,CMR,,41.895
2021,35150,Non,2170933,prohexadione-calcium,127277-53-6,Régulateur de croissance,Env B,,5.25
2021,35150,Non,2170933,trinexapac-ethyl,95266-40-3,Régulateur de croissance,Env A,,7.875
2021,35150,Non,2170977,huile de colza,8002-13-9,Insecticide,Autre,,0.034358
2021,35150,Non,2171035,tebuconazole,107534-96-3,Fongicide,CMR,,66.25
2021,35150,Non,2171111,metamitrone,41394-05-2,Herbicide,Env A,,28.0
2021,35150,Non,2171134,dithianon,3347-22-6,Fongicide,Env A,,17.5
2021,35150,Non,2171141,chlormequat chlorure,999-81-5,Régulateur de croissance,Autre,,88.5
2021,35150,Non,2171141,ethephon,16672-87-0,Régulateur de croissance,Santé A,,44.25
2021,35150,Non,2171236,mesotrione,104206-82-8,Herbicide,Env A,,2.1
2021,35150,Non,2171236,terbuthylazine,5915-41-3,Herbicide,Env A,,9.9
2021,35150,Non,2171253,bacillus amyloliquefaciens souche mbi 600,NC,Fongicide,Autre,,
2021,35150,Non,2171317,"2,4-d",94-75-7,Herbicide,Env B,,21
2021,35150,Non,2179999,iodosulfuron-methyl-sodium,144550-36-7,Herbicide,Env A,,0.0675
2021,35150,Non,2179999,mesosulfuron-methyl,208465-21-8,Herbicide,Env A,,0.0675
2021,35150,Non,2180009,dicamba,1918-00-9,Herbicide,Env B,,25.0
2021,35150,Non,2180009,tritosulfuron,142469-14-5,Herbicide,Env A,,12.50
2021,35150,Non,2180124,metalaxyl,57837-19-1,Fongicide,Env B,,1.5836
2021,35150,Non,2180124,prothioconazole,178928-70-6,Fongicide,Env A,,7.918
2021,35150,Non,2180165,dicamba dimethylammonium,2300-66-5,Herbicide,Env B,,45.6
2021,35150,Non,2180189,lenacile,2164-08-1,Herbicide,CMR,,0.0714
2021,35150,Non,2180189,triflusulfuron-methyl,126535-15-7,Herbicide,CMR,,0.0071
2021,35150,Non,2180260,metaldehyde,108-62-3,Molluscicide,CMR,,39.36
2021,35150,Non,2180463,metaldehyde,108-62-3,Molluscicide,CMR,,5
2021,35150,Non,2180619,aclonifen,74070-46-5,Herbicide,CMR,,6
2021,35150,Oui,2180690,huile minerale blanche,8042-47-5,Insecticide - Acaricide,Autre,,79.000
2021,35150,Non,2180766,fludioxonil,131341-86-1,Fongicide,Env A,,0.013950
2021,35150,Non,2180766,metalaxyl-m,70630-17-0,Fongicide,Autre,,0.008928
2021,35150,Non,2180766,sedaxane,874967-67-6,Fongicide,Env A,,0.00930
2021,35150,Non,2180865,ipconazole,125225-28-7,Fongicide,CMR,Exclusion,0.32544
2021,35150,Non,2189993,cuivre du sulfate de cuivre,8011-63-0,Fongicide,Env A,Substitution,0.096
2021,35150,Non,2189996,azadirachtine,11141-17-6,Insecticide,CMR,,0.104
2021,35150,Non,2190016,pyrimicarbe,23103-98-2,Insecticide,CMR,,11.0
2021,35150,Non,2190016,tau-fluvalinate,102851-06-9,Insecticide,Env A,,3.96
2021,35150,Non,2190047,difenoconazole,119446-68-3,Fongicide,Env A,,1.25
2021,35150,Non,2190062,halauxifen-methyl,943831-98-9,Herbicide,Env A,,0.60
2021,35150,Non,2190062,piclorame,1918-02-1,Herbicide,Env A,,2.880
2021,35150,Non,2190097,metamitrone,41394-05-2,Herbicide,Env A,,11.42
2021,35150,Non,2190097,quinmerac,90717-03-6,Herbicide,Env B,,1.42
2021,35150,Non,2190173,metaldehyde,108-62-3,Molluscicide,CMR,,17.10
2021,35150,Non,2190173,phosphate ferrique,10045-86-0,Molluscicide,Autre,,27.7020
2021,35150,Non,2190214,aclonifen,74070-46-5,Herbicide,CMR,,4.5
2021,35150,Non,2190214,diflufenicanil,83164-33-4,Herbicide,Env B,,0.6
2021,35150,Non,2190214,flufenacet,142459-58-3,Herbicide,Env A,,0.75
2021,35150,Non,2190215,clomazone,81777-89-1,Herbicide,Env A,,14.40
2021,35150,Non,2190509,mefentrifluconazole,1417782-03-6,Fongicide,Autre,,18
2021,35150,Non,2190686,fluxapyroxad,907204-31-3,Fongicide,CMR,,92.457
2021,35150,Non,2190686,mefentrifluconazole,1417782-03-6,Fongicide,Autre,,184.914
2021,35150,Non,2200078,oxathiapiproline,1003318-67-9,Fongicide,Autre,,0.028
2021,35150,Non,2200756,prohexadione-calcium,127277-53-6,Régulateur de croissance,Env B,,4.5
2021,35150,Non,2200861,"2,4-d",94-75-7,Herbicide,Env B,,0.4
2021,35150,Non,2200861,dicamba,1918-00-9,Herbicide,Env B,,0.2
2021,35150,Non,2200891,fluxapyroxad,907204-31-3,Fongicide,CMR,,5.3125
2021,35150,Non,2210192,prosulfocarbe,52888-80-9,Herbicide,Env A,,136
2021,35150,Non,2210219,prosulfocarbe,52888-80-9,Herbicide,Env A,,16
2021,35150,Non,2210567,mefentrifluconazole,1417782-03-6,Fongicide,Autre,,8.075
2021,35150,Non,2210567,pyraclostrobine,175013-18-0,Fongicide,Santé A,,8.5
2021,35150,Non,5100219,soufre sublime,7704-34-9,Fongicide,Autre,,247.50
2021,35150,Non,7200313,alcools terpeniques,98-55-5,Autre usage – Adjuvant,Autre,,96.425
2021,35150,Non,7400755,acide alpha naphtylacetique (ana),86-87-3,Régulateur de croissance,CMR,,0.2
2021,35150,Non,7500716,cuivre du sulfate de cuivre,8011-63-0,Fongicide,Env A,Substitution,41
2021,35150,Oui,7600008,bupirimate,41483-43-6,Fongicide,CMR,,5.250
2021,35150,Non,7700216,soufre pour pulverisation (micronise),7704-34-9,Fongicide,Autre,,33
2021,35150,Non,7900753,clopyralid (sous forme de sel de monoethanolamine),57754-85-5,Herbicide,Autre,,0.6
2021,35150,Non,8000084,"2,4-mcpa",94-74-6,Herbicide,Env A,,4
2021,35150,Non,8100345,hymexazol,10004-44-1,Fongicide,Env B,,0.469
2021,35150,Non,8200538,"2,4-d",94-75-7,Herbicide,Env B,,3.75
2021,35150,Non,8200538,"2,4-mcpa",94-74-6,Herbicide,Env A,,4.375
2021,35150,Non,8200538,clopyralid (sous forme de sel de monoethanolamine),57754-85-5,Herbicide,Autre,,0.875
2021,35150,Oui,8300025,penconazole,66246-88-6,Fongicide,CMR,,2.000
2021,35150,Non,8300063,soufre pour pulverisation (micronise),7704-34-9,Fongicide,Autre,,592
2021,35150,Non,8400096,dicamba,1918-00-9,Herbicide,Env B,,103.20
2021,35150,Non,8400255,metsulfuron-methyl,74223-64-6,Herbicide,Env A,Substitution,0.24
2021,35150,Non,8400477,fenoxycarbe,72490-01-8,Insecticide,CMR,,21.90
2021,35150,Non,8400528,isoxaben,82558-50-7,Herbicide,Env B,,2.000
2021,35150,Non,8400574,propyzamide,23950-58-5,Herbicide,CMR,Substitution,122.8
2021,35150,Non,8600243,aclonifen,74070-46-5,Herbicide,CMR,,42
2021,35150,Non,8600330,paclobutrazol,76738-62-0,Régulateur de croissance,CMR,,0.008
2021,35150,Non,8700002,chlortoluron,15545-48-9,Herbicide,CMR,,365
2021,35150,Non,8700196,butoxyde de piperonyle,51-03-6,Autre usage – Coformulant / Phytoprotecteur / Synergiste,Autre,,0.9
2021,35150,Non,8700196,deltamethrine,52918-63-5,Insecticide,Santé A,,0.1
2021,35150,Non,8700462,prosulfocarbe,52888-80-9,Herbicide,Env A,,680
2021,35150,Non,8700525,mancozebe,8018-01-7,Fongicide,CMR,Exclusion,127.5
2021,35150,Non,8800011,carboxine,5234-68-4,Fongicide,Env A,,0.636
2021,35150,Non,8800011,thirame,137-26-8,Fongicide,Env A,,0.636
2021,35150,Non,8800029,phenmediphame,13684-63-4,Herbicide,Env A,,4.8
2021,35150,Non,8800161,triallate,2303-17-5,Herbicide,Env A,,48
2021,35150,Non,8800395,lambda-cyhalothrine,91465-08-6,Insecticide,Santé A,Substitution,0.025
2021,35150,Non,8800395,pyrimicarbe,23103-98-2,Insecticide,CMR,,0.5
2021,35150,Non,8800504,butoxyde de piperonyle,51-03-6,Autre usage – Coformulant / Phytoprotecteur / Synergiste,Autre,,2.25
2021,35150,Non,8800504,deltamethrine,52918-63-5,Insecticide,Santé A,,0.25
2021,35150,Non,8800603,napropamide,15299-99-7,Herbicide,Env A,,4.5
2021,35150,Non,8900564,tau-fluvalinate,102851-06-9,Insecticide,Env A,,18.24
2021,35150,Non,8900681,pendimethaline,40487-42-1,Herbicide,Env A,Substitution,12
2021,35150,Non,8900700,sulfate de fer (sulfate ferreux heptahydrate),7782-63-0,Herbicide - Antimousse,Autre,,23.5
2021,35150,Non,9000069,ethofumesate,26225-79-6,Herbicide,Env A,,30.0
2021,35150,Non,9000184,"2,4-mcpa",94-74-6,Herbicide,Env A,,25
2021,35150,Non,9000184,clopyralid,1702-17-6,Herbicide,Autre,,2.5
2021,35150,Non,9000184,fluroxypyr-meptyl,81406-37-3,Herbicide,Autre,,7.200
2021,35150,Non,9000222,soufre,7704-34-9,Fongicide,Autre,,455
2021,35150,Non,9000259,amidosulfuron,120923-37-7,Herbicide,Env A,,2.07
2021,35150,Non,9000490,cycloxydime,101205-02-1,Herbicide,CMR,,10.5
2021,35150,Non,9000619,chlortoluron,15545-48-9,Herbicide,CMR,,120
2021,35150,Non,9000753,metaldehyde,108-62-3,Molluscicide,CMR,,52.5
2021,35150,Non,9000833,metazachlore,67129-08-2,Herbicide,CMR,,14
2021,35150,Non,9000833,quinmerac,90717-03-6,Herbicide,Env B,,3.5
2021,35150,Non,9100034,chlormequat chlorure,999-81-5,Régulateur de croissance,Autre,,211.6
2021,35150,Non,9100046,trinexapac-ethyl,95266-40-3,Régulateur de croissance,Env A,,11.00
2021,35150,Non,9100296,"2,4-d",94-75-7,Herbicide,Env B,,222
2021,35150,Non,9100418,nicosulfuron,111991-09-4,Herbicide,Env A,,8.12
2021,35150,Non,9100645,clodinafop-propargyl,105512-06-9,Herbicide,Env A,,5.8
2021,35150,Non,9100645,cloquintocet-mexyl,99607-70-2,Autre usage – Coformulant / Phytoprotecteur / Synergiste,Autre,,1.450
2021,35150,Non,9200073,triflusulfuron-methyl,126535-15-7,Herbicide,CMR,,0.60
2021,35150,Non,9200159,pyrimethanil,53112-28-0,Fongicide,Env A,,2
2021,35150,Non,9200214,soufre pour pulverisation (micronise),7704-34-9,Fongicide,Autre,,80
2021,35150,Non,9200215,cymoxanil,57966-95-7,Fongicide,CMR,,0.24
2021,35150,Non,9200215,metirame,9006-42-2,Fongicide,Env A,,2.85
2021,35150,Non,9200482,bacillus thuringiensis ssp kurstaki souche sa-11,68038-71-1,Insecticide,Autre,,0.102
2021,35150,Non,9200493,bromoxynil octanoate,1689-99-2,Herbicide,CMR,Exclusion,9
2021,35150,Non,9200548,thirame,137-26-8,Fongicide,Env A,,0.072
2021,35150,Non,9300032,tebufenozide,112410-23-8,Insecticide,Env A,,2.4
2021,35150,Non,9300305,prochloraze,67747-09-5,Fongicide,Env A,,0.0405
2021,35150,Non,9300396,chlormequat chlorure,999-81-5,Régulateur de croissance,Autre,,4.6
2021,35150,Non,9400008,triticonazole,131983-72-7,Fongicide,Env A,,3.552
2021,35150,Non,9400052,clethodime,99129-21-2,Herbicide,Env B,,29.28
2021,35150,Non,9400085,etofenprox,80844-07-1,Insecticide,Santé A,,0.8625
2021,35150,Non,9400280,flumioxazine,103361-09-7,Herbicide,CMR,,1
2021,35150,Non,9400463,phenmediphame,13684-63-4,Herbicide,Env A,,4.0
2021,35150,Non,9500040,quizalofop-p-ethyl,100646-51-3,Herbicide,Env A,,2.50
2021,35150,Non,9500147,soufre pour pulverisation (micronise),7704-34-9,Fongicide,Autre,,1.4
2021,35150,Non,9500223,prochloraze,67747-09-5,Fongicide,Env A,,32.052
2021,35150,Non,9500223,tebuconazole,107534-96-3,Fongicide,CMR,,15.900
2021,35150,Non,9500234,tetraconazole,112281-77-3,Fongicide,Env A,,3
2021,35150,Oui,9500467,triclopyr,55335-06-3,Herbicide,Env B,,0.100
2021,35150,Non,9500595,"2,4-d",94-75-7,Herbicide,Env B,,0.3
2021,35150,Non,9500595,"2,4-mcpa",94-74-6,Herbicide,Env A,,0.35
2021,35150,Non,9500595,clopyralid,1702-17-6,Herbicide,Autre,,0.07
2021,35150,Non,9500628,bentazone,25057-89-0,Herbicide,Env B,,7.83
2021,35150,Oui,9500629,cyprodinil,121552-61-2,Fongicide,Env A,,2.500
2021,35150,Non,9600093,azoxystrobine,131860-33-8,Fongicide,Santé A,,23.75
2021,35150,Non,9600197,carfentrazone ethyl,128639-02-1,Herbicide,Env A,,2.04
2021,35150,Non,9600197,metsulfuron-methyl,74223-64-6,Herbicide,Env A,Substitution,0.51
2021,35150,Non,9600229,fenpropidine,67306-00-7,Fongicide,Env A,,22.4775
2021,35150,Non,9600390,glyphosate,1071-83-6,Herbicide,Env A,,86.4
2021,35150,Non,9600398,kresoxim-methyl,143390-89-0,Fongicide,CMR,,1
2021,35150,Non,9700332,azoxystrobine,131860-33-8,Fongicide,Santé A,,1.25
2021,35150,Non,9800018,clomazone,81777-89-1,Herbicide,Env A,,2.1
2021,35150,Non,9800018,dimethachlore,50563-36-5,Herbicide,Env A,,13.125
2021,35250,Non,2000003,metazachlore,67129-08-2,Herbicide,CMR,,20
2021,35250,Non,2000044,fluazifop-p-butyl,79241-46-6,Herbicide,CMR,,1.125
2021,35250,Non,2000201,silthiofam,175217-20-6,Fongicide,Env A,,0.94250
2021,35250,Non,2000202,glyphosate,1071-83-6,Herbicide,Env A,,369
2021,35250,Non,2000299,clomazone,81777-89-1,Herbicide,Env A,,1.08
2021,35250,Non,2000301,foramsulfuron,173159-57-4,Herbicide,Env A,,2.925
2021,35250,Non,2000301,isoxadifen-ethyl,163520-33-0,Autre usage – Coformulant / Phytoprotecteur / Synergiste,Env A,,2.925
2021,35250,Non,2000316,esfenvalerate,66230-04-4,Insecticide,Santé A,Substitution,0.1
2021,35250,Non,2000369,metsulfuron-methyl,74223-64-6,Herbicide,Env A,Substitution,1.08
2021,35250,Non,2000380,clethodime,99129-21-2,Herbicide,Env B,,2.4
2021,35250,Non,2010030,mepiquat-chlorure,24307-26-4,Régulateur de croissance,Env B,,10.5
2021,35250,Non,2010030,prohexadione-calcium,127277-53-6,Régulateur de croissance,Env B,,1.75
2021,35250,Non,2010112,bentazone,25057-89-0,Herbicide,Env B,,2.61
2021,35250,Non,2010239,florasulame,145701-23-1,Herbicide,Env A,,0.02
2021,35250,Non,2010239,fluroxypyr-meptyl,81406-37-3,Herbicide,Autre,,2.882
2021,35250,Non,2010280,metconazole,125116-23-6,Fongicide,CMR,,13.5
2021,35250,Non,2010618,cuivre du sulfate de cuivre,8011-63-0,Fongicide,Env A,Substitution,5
2021,35250,Non,2020099,trifloxystrobine,141517-21-7,Fongicide,Env A,,2
2021,35250,Non,2020226,clethodime,99129-21-2,Herbicide,Env B,,0.72
2021,35250,Non,2020474,metazachlore,67129-08-2,Herbicide,CMR,,5
2021,35250,Non,2030071,metaldehyde,108-62-3,Molluscicide,CMR,,6
2021,35250,Non,2030323,fludioxonil,131341-86-1,Fongicide,Env A,,0.05225
2021,35250,Non,2030332,"2,4-d",94-75-7,Herbicide,Env B,,4.8
2021,35250,Non,2030332,dichlorprop-p,15165-67-0,Herbicide,Autre,,2.4
2021,35250,Non,2030342,chlormequat chlorure,999-81-5,Régulateur de croissance,Autre,,138.0
2021,35250,Non,2040146,tefluthrine,79538-32-2,Insecticide,Santé A,,4.858
2021,35250,Non,2050046,flonicamide,158062-67-0,Insecticide,Autre,,1.00
2021,35250,Non,2060051,metrafenone,220899-03-6,Fongicide,Env A,,1.5
2021,35250,Non,2060088,benoxacor,98730-04-2,Autre usage – Coformulant / Phytoprotecteur / Synergiste,Autre,,15.2
2021,35250,Non,2060088,mesotrione,104206-82-8,Herbicide,Env A,,30.4
2021,35250,Non,2060088,s-metolachlore,87392-12-9,Herbicide,Env A,,304
2021,35250,Non,2060098,spinosad,168316-95-8,Insecticide,Env A,,0.288
2021,35250,Non,2060116,prothioconazole,178928-70-6,Fongicide,Env A,,22.50
2021,35250,Non,2060127,prothioconazole,178928-70-6,Fongicide,Env A,,0.608
2021,35250,Non,2060131,"2,4-d",94-75-7,Herbicide,Env B,,0.279
2021,35250,Non,2060131,triclopyr,55335-06-3,Herbicide,Env B,,0.3108
2021,35250,Non,2070221,metazachlore,67129-08-2,Herbicide,CMR,,12
2021,35250,Non,2070221,quinmerac,90717-03-6,Herbicide,Env B,,3
2021,35250,Non,2080026,nicosulfuron,111991-09-4,Herbicide,Env A,,8.04
2021,35250,Non,2080094,florasulame,145701-23-1,Herbicide,Env A,,0.1752
2021,35250,Non,2080094,isoxaben,82558-50-7,Herbicide,Env B,,2.6718
2021,35250,Non,2080105,glyphosate,1071-83-6,Herbicide,Env A,,1.8
2021,35250,Non,2080112,thirame,137-26-8,Fongicide,Env A,,0.0624
2021,35250,Non,2080117,prosulfuron,94125-34-5,Herbicide,Env A,Substitution,1.2375
2021,35250,Non,2080123,metsulfuron-methyl,74223-64-6,Herbicide,Env A,Substitution,0.40
2021,35250,Non,2080124,metsulfuron-methyl,74223-64-6,Herbicide,Env A,Substitution,0.192
2021,35250,Non,2080125,metsulfuron-methyl,74223-64-6,Herbicide,Env A,Substitution,1.68
2021,35250,Non,2080145,diflufenicanil,83164-33-4,Herbicide,Env B,,22
2021,35250,Non,2080145,flufenacet,142459-58-3,Herbicide,Env A,,44
2021,35250,Non,2090008,thirame,137-26-8,Fongicide,Env A,,2.31855
2021,35250,Non,2090011,pendimethaline,40487-42-1,Herbicide,Env A,Substitution,100.10
2021,35250,Non,2090016,imazamox,114311-32-9,Herbicide,Env A,Substitution,0.167
2021,35250,Non,2090016,pendimethaline,40487-42-1,Herbicide,Env A,Substitution,2.5
2021,35250,Non,2090028,metamitrone,41394-05-2,Herbicide,Env A,,3.5
2021,35250,Non,2090037,dicamba,1918-00-9,Herbicide,Env B,,10.0
2021,35250,Non,2090037,prosulfuron,94125-34-5,Herbicide,Env A,Substitution,1.00
2021,35250,Non,2090039,ethofumesate,26225-79-6,Herbicide,Env A,,12.5
2021,35250,Non,2090050,cypermethrine,52315-07-8,Insecticide,Env A,,7.872
2021,35250,Non,2090057,metsulfuron-methyl,74223-64-6,Herbicide,Env A,Substitution,0.1665
2021,35250,Non,2090057,tribenuron-methyle,101200-48-0,Herbicide,Env A,,0.333
2021,35250,Non,2090068,mepiquat-chlorure,24307-26-4,Régulateur de croissance,Env B,,2.10
2021,35250,Non,2090068,metconazole,125116-23-6,Fongicide,CMR,,0.30
2021,35250,Non,2090071,bromoxynil,1689-84-5,Herbicide,CMR,Exclusion,12.925
2021,35250,Non,2090093,glyphosate,1071-83-6,Herbicide,Env A,,126
2021,35250,Non,2090095,ethofumesate,26225-79-6,Herbicide,Env A,,3.8
2021,35250,Non,2090095,phenmediphame,13684-63-4,Herbicide,Env A,,4
2021,35250,Non,2090101,nicosulfuron,111991-09-4,Herbicide,Env A,,2.0
2021,35250,Non,2090111,cypermethrine,52315-07-8,Insecticide,Env A,,15.240
2021,35250,Non,2090115,glyphosate,1071-83-6,Herbicide,Env A,,7.2
2021,35250,Non,2090118,flufenacet,142459-58-3,Herbicide,Env A,,18.0
2021,35250,Non,2090118,pendimethaline,40487-42-1,Herbicide,Env A,Substitution,90
2021,35250,Non,2090153,dicamba,1918-00-9,Herbicide,Env B,,42.0
2021,35250,Non,2090153,tritosulfuron,142469-14-5,Herbicide,Env A,,8.75
2021,35250,Non,2090159,tritosulfuron,142469-14-5,Herbicide,Env A,,5.2479
2021,35250,Non,2090186,prosulfocarbe,52888-80-9,Herbicide,Env A,,128
2021,35250,Non,2090188,glyphosate,1071-83-6,Herbicide,Env A,,36
2021,35250,Non,2090189,glyphosate,1071-83-6,Herbicide,Env A,,7.2
2021,35250,Non,2100009,thifensulfuron-methyle,79277-27-3,Herbicide,Env A,,0.3330
2021,35250,Non,2100009,tribenuron-methyle,101200-48-0,Herbicide,Env A,,0.1670
2021,35250,Non,2100014,metsulfuron-methyl,74223-64-6,Herbicide,Env A,Substitution,0.0603
2021,35250,Non,2100014,thifensulfuron-methyle,79277-27-3,Herbicide,Env A,,0.2997
2021,35250,Non,2100015,thifensulfuron-methyle,79277-27-3,Herbicide,Env A,,0.32
2021,35250,Non,2100018,tebuconazole,107534-96-3,Fongicide,CMR,,6.25
2021,35250,Non,2100028,fluroxypyr,69377-81-7,Herbicide,Env B,,6
2021,35250,Non,2100030,phosphate ferrique,10045-86-0,Molluscicide,Autre,,2.970
2021,35250,Non,2100037,boscalid,188425-85-6,Fongicide,Env A,,2
2021,35250,Non,2100037,dimoxystrobine,149961-52-4,Fongicide,CMR,,2
2021,35250,Non,2100052,cyprodinil,121552-61-2,Fongicide,Env A,,46.5
2021,35250,Non,2100056,prothioconazole,178928-70-6,Fongicide,Env A,,1.6
2021,35250,Non,2100056,spiroxamine,118134-30-8,Fongicide,CMR,,3
2021,35250,Non,2100057,prothioconazole,178928-70-6,Fongicide,Env A,,6.125
2021,35250,Non,2100057,trifloxystrobine,141517-21-7,Fongicide,Env A,,3.08
2021,35250,Non,2100108,prothioconazole,178928-70-6,Fongicide,Env A,,19.375
2021,35250,Non,2100108,tebuconazole,107534-96-3,Fongicide,CMR,,19.375
2021,35250,Non,2100111,mesotrione,104206-82-8,Herbicide,Env A,,9.750
2021,35250,Non,2100111,nicosulfuron,111991-09-4,Herbicide,Env A,,3.90
2021,35250,Non,2100112,ethephon,16672-87-0,Régulateur de croissance,Santé A,,84.0
2021,35250,Non,2100121,chlorantraniliprole,500008-45-7,Insecticide,Env A,,2.2
2021,35250,Non,2100138,cloquintocet-mexyl,99607-70-2,Autre usage – Coformulant / Phytoprotecteur / Synergiste,Autre,,3.0625
2021,35250,Non,2100138,pinoxaden,243973-20-8,Herbicide,CMR,,12.25
2021,35250,Non,2100140,clodinafop-propargyl,105512-06-9,Herbicide,Env A,,9.000
2021,35250,Non,2100140,cloquintocet-mexyl,99607-70-2,Autre usage – Coformulant / Phytoprotecteur / Synergiste,Autre,,2.25000
2021,35250,Non,2100140,pinoxaden,243973-20-8,Herbicide,CMR,,9.000
2021,35250,Non,2100151,pyraclostrobine,175013-18-0,Fongicide,Santé A,,20.5
2021,35250,Non,2100175,prothioconazole,178928-70-6,Fongicide,Env A,,0.378
2021,35250,Non,2100211,prothioconazole,178928-70-6,Fongicide,Env A,,1.875
2021,35250,Non,2100211,tebuconazole,107534-96-3,Fongicide,CMR,,1.875
2021,35250,Non,2100215,pendimethaline,40487-42-1,Herbicide,Env A,Substitution,12
2021,35250,Non,2100234,diflufenicanil,83164-33-4,Herbicide,Env B,,3.0
2021,35250,Non,2100234,iodosulfuron-methyl-sodium,144550-36-7,Herbicide,Env A,,0.1875
2021,35250,Non,2100234,mefenpyr-diethyl,135590-91-9,Autre usage – Coformulant / Phytoprotecteur / Synergiste,Autre,,0.675
2021,35250,Non,2100234,mesosulfuron-methyl,208465-21-8,Herbicide,Env A,,0.225
2021,35250,Non,2100235,fenoxaprop-p-ethyl,71283-80-2,Herbicide,Env A,,0.64
2021,35250,Non,2100235,iodosulfuron-methyl-sodium,144550-36-7,Herbicide,Env A,,0.08
2021,35250,Non,2100235,mefenpyr-diethyl,135590-91-9,Autre usage – Coformulant / Phytoprotecteur / Synergiste,Autre,,0.24
2021,35250,Non,2110018,difenoconazole,119446-68-3,Fongicide,Env A,,0.073
2021,35250,Non,2110018,fludioxonil,131341-86-1,Fongicide,Env A,,0.073
2021,35250,Non,2110063,clopyralid,1702-17-6,Herbicide,Autre,,0.324
2021,35250,Non,2110082,diflufenicanil,83164-33-4,Herbicide,Env B,,1.8
2021,35250,Non,2110082,metsulfuron-methyl,74223-64-6,Herbicide,Env A,Substitution,0.18
2021,35250,Non,2110102,difenoconazole,119446-68-3,Fongicide,Env A,,1.60575
2021,35250,Non,2110102,fludioxonil,131341-86-1,Fongicide,Env A,,1.60575
2021,35250,Non,2110102,sedaxane,874967-67-6,Fongicide,Env A,,3.2115
2021,35250,Non,2110103,tribenuron-methyle,101200-48-0,Herbicide,Env A,,2.625
2021,35250,Non,2110104,clopyralid,1702-17-6,Herbicide,Autre,,1.92
2021,35250,Non,2110104,florasulame,145701-23-1,Herbicide,Env A,,0.06
2021,35250,Non,2110104,fluroxypyr-meptyl,81406-37-3,Herbicide,Autre,,3.456
2021,35250,Non,2110140,diflufenicanil,83164-33-4,Herbicide,Env B,,24
2021,35250,Non,2110140,flufenacet,142459-58-3,Herbicide,Env A,,48
2021,35250,Non,2110144,fluxapyroxad,907204-31-3,Fongicide,CMR,,7.5
2021,35250,Non,2110148,bixafen,581809-46-3,Fongicide,Env A,,5.875
2021,35250,Non,2110152,cypermethrine,52315-07-8,Insecticide,Env A,,0.32
2021,35250,Non,2110162,azoxystrobine,131860-33-8,Fongicide,Santé A,,21.25
2021,35250,Non,2110167,tebuconazole,107534-96-3,Fongicide,CMR,,107.07
2021,35250,Non,2110178,bixafen,581809-46-3,Fongicide,Env A,,1.125
2021,35250,Non,2110178,prothioconazole,178928-70-6,Fongicide,Env A,,2.25
2021,35250,Non,2120041,zirame,137-30-4,Fongicide,Santé A,,6.8166
2021,35250,Non,2120048,aminopyralid,150114-71-9,Herbicide,Env A,,1.71
2021,35250,Non,2120048,triclopyr,55335-06-3,Herbicide,Env B,,13.68
2021,35250,Non,2120066,dichlorprop-p,15165-67-0,Herbicide,Autre,,6
2021,35250,Non,2120066,picolinafen,137641-05-5,Herbicide,Env A,,0.2
2021,35250,Non,2120070,prothioconazole,178928-70-6,Fongicide,Env A,,5.6
2021,35250,Non,2120070,tebuconazole,107534-96-3,Fongicide,CMR,,2.8
2021,35250,Non,2120075,dimethenamide-p (dmta-p),163515-14-8,Herbicide,Env A,,10
2021,35250,Non,2120075,metazachlore,67129-08-2,Herbicide,CMR,,10
2021,35250,Non,2120075,quinmerac,90717-03-6,Herbicide,Env B,,5
2021,35250,Non,2120089,"2,4-mcpa",94-74-6,Herbicide,Env A,,0.3
2021,35250,Non,2120089,diflufenicanil,83164-33-4,Herbicide,Env B,,0.075
2021,35250,Non,2120089,glyphosate,1071-83-6,Herbicide,Env A,,0.6
2021,35250,Non,2120143,glyphosate,1071-83-6,Herbicide,Env A,,19.2
2021,35250,Non,2120153,propyzamide,23950-58-5,Herbicide,CMR,Substitution,24
2021,35250,Non,2120210,dicamba,1918-00-9,Herbicide,Env B,,2.4
2021,35250,Non,2130063,nicosulfuron,111991-09-4,Herbicide,Env A,,6.2
2021,35250,Non,2130068,diflufenicanil,83164-33-4,Herbicide,Env B,,58.5
2021,35250,Non,2130069,diflufenicanil,83164-33-4,Herbicide,Env B,,15
2021,35250,Non,2130075,metaldehyde,108-62-3,Molluscicide,CMR,,1
2021,35250,Non,2130083,lambda-cyhalothrine,91465-08-6,Insecticide,Santé A,Substitution,0.5
2021,35250,Non,2130091,diflufenicanil,83164-33-4,Herbicide,Env B,,2.5
2021,35250,Non,2130164,cyprosulfamide,221667-31-8,Autre usage – Coformulant / Phytoprotecteur / Synergiste,Autre,,2.100
2021,35250,Non,2130164,foramsulfuron,173159-57-4,Herbicide,Env A,,4.20
2021,35250,Non,2130164,thiencarbazone-methyl,317815-83-1,Herbicide,CMR,,1.40
2021,35250,Non,2130194,clomazone,81777-89-1,Herbicide,Env A,,0.36
2021,35250,Non,2130202,fluopyram,658066-35-4,Fongicide,Env A,,1.250
2021,35250,Non,2130202,prothioconazole,178928-70-6,Fongicide,Env A,,1.250
2021,35250,Non,2130215,pendimethaline,40487-42-1,Herbicide,Env A,Substitution,31.85
2021,35250,Non,2130249,pendimethaline,40487-42-1,Herbicide,Env A,Substitution,24
2021,35250,Non,2130251,lambda-cyhalothrine,91465-08-6,Insecticide,Santé A,Substitution,0.7
2021,35250,Non,2140040,phosmet,732-11-6,Insecticide,CMR,,5
2021,35250,Non,2140051,fluxapyroxad,907204-31-3,Fongicide,CMR,,3.30669
2021,35250,Non,2140082,trinexapac-ethyl,95266-40-3,Régulateur de croissance,Env A,,7.000
2021,35250,Non,2140090,azadirachtine,11141-17-6,Insecticide,CMR,,0.0098
2021,35250,Non,2140098,aminopyralid,150114-71-9,Herbicide,Env A,,0.5270
2021,35250,Non,2140098,propyzamide,23950-58-5,Herbicide,CMR,Substitution,50
2021,35250,Non,2140156,"2,4-mcpa",94-74-6,Herbicide,Env A,,9.3345
2021,35250,Non,2140156,clopyralid,1702-17-6,Herbicide,Autre,,0.8155
2021,35250,Non,2140156,fluroxypyr,69377-81-7,Herbicide,Env B,,2.1
2021,35250,Non,2140199,amidosulfuron,120923-37-7,Herbicide,Env A,,0.3
2021,35250,Non,2140199,iodosulfuron-methyl-sodium,144550-36-7,Herbicide,Env A,,0.06
2021,35250,Non,2140199,mefenpyr-diethyl,135590-91-9,Autre usage – Coformulant / Phytoprotecteur / Synergiste,Autre,,0.54
2021,35250,Non,2140199,mesosulfuron-methyl,208465-21-8,Herbicide,Env A,,0.18
2021,35250,Non,2140257,iodosulfuron-methyl-sodium,144550-36-7,Herbicide,Env A,,0.03
2021,35250,Non,2140257,mefenpyr-diethyl,135590-91-9,Autre usage – Coformulant / Phytoprotecteur / Synergiste,Autre,,0.45
2021,35250,Non,2140257,mesosulfuron-methyl,208465-21-8,Herbicide,Env A,,0.15
2021,35250,Non,2140258,iodosulfuron-methyl-sodium,144550-36-7,Herbicide,Env A,,0.15
2021,35250,Non,2140258,mesosulfuron-methyl,208465-21-8,Herbicide,Env A,,0.15
2021,35250,Non,2150078,clomazone,81777-89-1,Herbicide,Env A,,2.28
2021,35250,Non,2150078,pethoxamide,106700-29-2,Herbicide,Env A,,38
2021,35250,Non,2150084,mesotrione,104206-82-8,Herbicide,Env A,,3.5
2021,35250,Non,2150125,diflufenicanil,83164-33-4,Herbicide,Env B,,7.2
2021,35250,Non,2150140,glyphosate,1071-83-6,Herbicide,Env A,,676.8
2021,35250,Non,2150483,lambda-cyhalothrine,91465-08-6,Insecticide,Santé A,Substitution,2.56
2021,35250,Non,2150484,clopyralid,1702-17-6,Herbicide,Autre,,0.3
2021,35250,Non,2150484,florasulame,145701-23-1,Herbicide,Env A,,0.025
2021,35250,Non,2150785,mesotrione,104206-82-8,Herbicide,Env A,,45
2021,35250,Non,2150964,lambda-cyhalothrine,91465-08-6,Insecticide,Santé A,Substitution,9.44
2021,35250,Non,2160200,cloquintocet-mexyl,99607-70-2,Autre usage – Coformulant / Phytoprotecteur / Synergiste,Autre,,1
2021,35250,Non,2160200,pinoxaden,243973-20-8,Herbicide,CMR,,4
2021,35250,Non,2160226,phosphate ferrique,10045-86-0,Molluscicide,Autre,,3.872
2021,35250,Non,2160248,dicamba,1918-00-9,Herbicide,Env B,,13.8
2021,35250,Non,2160248,mesotrione,104206-82-8,Herbicide,Env A,,5.75
2021,35250,Non,2160260,metconazole,125116-23-6,Fongicide,CMR,,10.80
2021,35250,Non,2160387,tebuconazole,107534-96-3,Fongicide,CMR,,3.75
2021,35250,Non,2160693,cyprosulfamide,221667-31-8,Autre usage – Coformulant / Phytoprotecteur / Synergiste,Autre,,1.35
2021,35250,Non,2160693,isoxaflutole,141112-29-0,Herbicide,CMR,,2.025
2021,35250,Non,2160693,thiencarbazone-methyl,317815-83-1,Herbicide,CMR,,0.81
2021,35250,Non,2160752,pyridate,55512-33-9,Herbicide,Env A,,6
2021,35250,Non,2160817,clomazone,81777-89-1,Herbicide,Env A,,0.43
2021,35250,Non,2160817,pendimethaline,40487-42-1,Herbicide,Env A,Substitution,2.98
2021,35250,Non,2160920,fluroxypyr-meptyl,81406-37-3,Herbicide,Autre,,16.5325
2021,35250,Non,2160920,metsulfuron-methyl,74223-64-6,Herbicide,Env A,Substitution,0.425
2021,35250,Non,2160920,thifensulfuron-methyle,79277-27-3,Herbicide,Env A,,2.55
2021,35250,Non,2160931,bixafen,581809-46-3,Fongicide,Env A,,20.45875
2021,35250,Non,2160931,fluopyram,658066-35-4,Fongicide,Env A,,20.45875
2021,35250,Non,2160931,prothioconazole,178928-70-6,Fongicide,Env A,,40.9175
2021,35250,Non,2160936,cloquintocet-mexyl,99607-70-2,Autre usage – Coformulant / Phytoprotecteur / Synergiste,Autre,,0.984
2021,35250,Non,2160936,fluroxypyr-meptyl,81406-37-3,Herbicide,Autre,,33.046
2021,35250,Non,2160936,halauxifen-methyl,943831-98-9,Herbicide,Env A,,1.025
2021,35250,Non,2160937,cloquintocet-mexyl,99607-70-2,Autre usage – Coformulant / Phytoprotecteur / Synergiste,Autre,,0.144
2021,35250,Non,2160937,florasulame,145701-23-1,Herbicide,Env A,,0.120
2021,35250,Non,2160937,halauxifen-methyl,943831-98-9,Herbicide,Env A,,0.15000
2021,35250,Non,2160958,cypermethrine,52315-07-8,Insecticide,Env A,,2.784
2021,35250,Non,2160959,benzovindiflupyr,1072957-71-1,Fongicide,Santé A,Substitution,2.625
2021,35250,Non,2160959,prothioconazole,178928-70-6,Fongicide,Env A,,5.25
2021,35250,Non,2161068,mesotrione,104206-82-8,Herbicide,Env A,,1.875
2021,35250,Non,2161068,nicosulfuron,111991-09-4,Herbicide,Env A,,0.75
2021,35250,Non,2170055,dicamba,1918-00-9,Herbicide,Env B,,4.8
2021,35250,Non,2170149,cypermethrine,52315-07-8,Insecticide,Env A,,16.5
2021,35250,Non,2170208,iodosulfuron-methyl-sodium,144550-36-7,Herbicide,Env A,,0.036
2021,35250,Non,2170208,mefenpyr-diethyl,135590-91-9,Autre usage – Coformulant / Phytoprotecteur / Synergiste,Autre,,0.54
2021,35250,Non,2170208,mesosulfuron-methyl,208465-21-8,Herbicide,Env A,,0.18
2021,35250,Non,2170216,cloquintocet-mexyl,99607-70-2,Autre usage – Coformulant / Phytoprotecteur / Synergiste,Autre,,0.1
2021,35250,Non,2170216,diflufenicanil,83164-33-4,Herbicide,Env B,,0.4
2021,35250,Non,2170216,florasulame,145701-23-1,Herbicide,Env A,,0.02
2021,35250,Non,2170216,iodosulfuron-methyl-sodium,144550-36-7,Herbicide,Env A,,0.05
2021,35250,Non,2170230,azoxystrobine,131860-33-8,Fongicide,Santé A,,0.00105
2021,35250,Non,2170230,fludioxonil,131341-86-1,Fongicide,Env A,,0.002625
2021,35250,Non,2170230,metalaxyl-m,70630-17-0,Fongicide,Autre,,0.00203
2021,35250,Non,2170230,thiabendazole,148-79-8,Fongicide,Env A,,0.021
2021,35250,Non,2170381,mesotrione,104206-82-8,Herbicide,Env A,,9.45
2021,35250,Non,2170381,terbuthylazine,5915-41-3,Herbicide,Env A,,44.55
2021,35250,Non,2170421,mesotrione,104206-82-8,Herbicide,Env A,,7.5
2021,35250,Non,2170423,mesotrione,104206-82-8,Herbicide,Env A,,2.5
2021,35250,Non,2170752,sedaxane,874967-67-6,Fongicide,Env A,,0.030
2021,35250,Non,2170807,benzovindiflupyr,1072957-71-1,Fongicide,Santé A,Substitution,9.375
2021,35250,Non,2170807,prothioconazole,178928-70-6,Fongicide,Env A,,18.75
2021,35250,Non,2170933,prohexadione-calcium,127277-53-6,Régulateur de croissance,Env B,,0.6
2021,35250,Non,2170933,trinexapac-ethyl,95266-40-3,Régulateur de croissance,Env A,,0.90
2021,35250,Non,2171111,metamitrone,41394-05-2,Herbicide,Env A,,28
2021,35250,Non,2171193,mesotrione,104206-82-8,Herbicide,Env A,,6.65
2021,35250,Non,2171193,terbuthylazine,5915-41-3,Herbicide,Env A,,31.35
2021,35250,Non,2171195,lambda-cyhalothrine,91465-08-6,Insecticide,Santé A,Substitution,12.68
2021,35250,Non,2171204,triflusulfuron-methyl,126535-15-7,Herbicide,CMR,,0.12
2021,35250,Non,2171317,"2,4-d",94-75-7,Herbicide,Env B,,6
2021,35250,Non,2180009,dicamba,1918-00-9,Herbicide,Env B,,15
2021,35250,Non,2180009,tritosulfuron,142469-14-5,Herbicide,Env A,,7.5
2021,35250,Non,2180088,s-metolachlore,87392-12-9,Herbicide,Env A,,96
2021,35250,Non,2180124,metalaxyl,57837-19-1,Fongicide,Env B,,0.3184
2021,35250,Non,2180124,prothioconazole,178928-70-6,Fongicide,Env A,,1.592
2021,35250,Non,2180196,azoxystrobine,131860-33-8,Fongicide,Santé A,,1.25
2021,35250,Non,2180233,dicamba,1918-00-9,Herbicide,Env B,,3.84
2021,35250,Non,2180309,clomazone,81777-89-1,Herbicide,Env A,,1.44
2021,35250,Non,2180383,clethodime,99129-21-2,Herbicide,Env B,,1.8
2021,35250,Non,2180463,metaldehyde,108-62-3,Molluscicide,CMR,,3
2021,35250,Non,2180864,flufenacet,142459-58-3,Herbicide,Env A,,38.4
2021,35250,Non,2180864,picolinafen,137641-05-5,Herbicide,Env A,,16
2021,35250,Non,2180865,ipconazole,125225-28-7,Fongicide,CMR,Exclusion,0.15368
2021,35250,Non,2190041,prothioconazole,178928-70-6,Fongicide,Env A,,1.25
2021,35250,Non,2190062,halauxifen-methyl,943831-98-9,Herbicide,Env A,,0.06
2021,35250,Non,2190062,piclorame,1918-02-1,Herbicide,Env A,,0.288
2021,35250,Non,2190097,metamitrone,41394-05-2,Herbicide,Env A,,5.71
2021,35250,Non,2190097,quinmerac,90717-03-6,Herbicide,Env B,,0.71
2021,35250,Non,2190173,metaldehyde,108-62-3,Molluscicide,CMR,,1.44
2021,35250,Non,2190173,phosphate ferrique,10045-86-0,Molluscicide,Autre,,2.3328
2021,35250,Non,2190328,propaquizafop,111479-05-1,Herbicide,Env A,,0.5
2021,35250,Non,2190467,cyprosulfamide,221667-31-8,Autre usage – Coformulant / Phytoprotecteur / Synergiste,Autre,,0.75
2021,35250,Non,2190467,isoxaflutole,141112-29-0,Herbicide,CMR,,1.125
2021,35250,Non,2190467,thiencarbazone-methyl,317815-83-1,Herbicide,CMR,,0.45
2021,35250,Non,2190468,dicamba,1918-00-9,Herbicide,Env B,,26
2021,35250,Non,2190468,prosulfuron,94125-34-5,Herbicide,Env A,Substitution,2.6
2021,35250,Non,2190608,flufenacet,142459-58-3,Herbicide,Env A,,5
2021,35250,Non,2190686,fluxapyroxad,907204-31-3,Fongicide,CMR,,13.50
2021,35250,Non,2190686,mefentrifluconazole,1417782-03-6,Fongicide,Autre,,27.0
2021,35250,Non,2190961,prothioconazole,178928-70-6,Fongicide,Env A,,5
2021,35250,Non,2190964,phosmet,732-11-6,Insecticide,CMR,,5
2021,35250,Non,2200241,quizalofop-p-ethyl,100646-51-3,Herbicide,Env A,,0.5
2021,35250,Non,2200753,glyphosate,1071-83-6,Herbicide,Env A,,8.1
2021,35250,Non,2200756,prohexadione-calcium,127277-53-6,Régulateur de croissance,Env B,,0.5
2021,35250,Non,2200861,"2,4-d",94-75-7,Herbicide,Env B,,0.3
2021,35250,Non,2200861,dicamba,1918-00-9,Herbicide,Env B,,0.15
2021,35250,Non,2210192,prosulfocarbe,52888-80-9,Herbicide,Env A,,352
2021,35250,Non,7200313,alcools terpeniques,98-55-5,Autre usage – Adjuvant,Autre,,19.95
2021,35250,Non,7500716,cuivre du sulfate de cuivre,8011-63-0,Fongicide,Env A,Substitution,8
2021,35250,Non,7700216,soufre pour pulverisation (micronise),7704-34-9,Fongicide,Autre,,49.5
2021,35250,Non,7800132,ethephon,16672-87-0,Régulateur de croissance,Santé A,,2.4
2021,35250,Non,7900753,clopyralid (sous forme de sel de monoethanolamine),57754-85-5,Herbicide,Autre,,0.4
2021,35250,Non,8000084,"2,4-mcpa",94-74-6,Herbicide,Env A,,4
2021,35250,Non,8200538,"2,4-d",94-75-7,Herbicide,Env B,,0.75
2021,35250,Non,8200538,"2,4-mcpa",94-74-6,Herbicide,Env A,,0.875
2021,35250,Non,8200538,clopyralid (sous forme de sel de monoethanolamine),57754-85-5,Herbicide,Autre,,0.175
2021,35250,Non,8300063,soufre pour pulverisation (micronise),7704-34-9,Fongicide,Autre,,296
2021,35250,Non,8400096,dicamba,1918-00-9,Herbicide,Env B,,15.36
2021,35250,Non,8400255,metsulfuron-methyl,74223-64-6,Herbicide,Env A,Substitution,0.18
2021,35250,Non,8400574,propyzamide,23950-58-5,Herbicide,CMR,Substitution,6
2021,35250,Non,8700196,butoxyde de piperonyle,51-03-6,Autre usage – Coformulant / Phytoprotecteur / Synergiste,Autre,,0.45
2021,35250,Non,8700196,deltamethrine,52918-63-5,Insecticide,Santé A,,0.05
2021,35250,Non,8700462,prosulfocarbe,52888-80-9,Herbicide,Env A,,272
2021,35250,Non,8800029,phenmediphame,13684-63-4,Herbicide,Env A,,10.4
2021,35250,Non,8800199,propaquizafop,111479-05-1,Herbicide,Env A,,2.5
2021,35250,Non,9000184,"2,4-mcpa",94-74-6,Herbicide,Env A,,1
2021,35250,Non,9000184,clopyralid,1702-17-6,Herbicide,Autre,,0.1
2021,35250,Non,9000184,fluroxypyr-meptyl,81406-37-3,Herbicide,Autre,,0.288
2021,35250,Non,9000259,amidosulfuron,120923-37-7,Herbicide,Env A,,0.78
2021,35250,Non,9000619,chlortoluron,15545-48-9,Herbicide,CMR,,15
2021,35250,Non,9000741,tetraconazole,112281-77-3,Fongicide,Env A,,2.5
2021,35250,Non,9000753,metaldehyde,108-62-3,Molluscicide,CMR,,3.0
2021,35250,Non,9000833,metazachlore,67129-08-2,Herbicide,CMR,,6
2021,35250,Non,9000833,quinmerac,90717-03-6,Herbicide,Env B,,1.5
2021,35250,Non,9100034,chlormequat chlorure,999-81-5,Régulateur de croissance,Autre,,9.2
2021,35250,Non,9100296,"2,4-d",94-75-7,Herbicide,Env B,,141
2021,35250,Non,9100418,nicosulfuron,111991-09-4,Herbicide,Env A,,16.68
2021,35250,Non,9200073,triflusulfuron-methyl,126535-15-7,Herbicide,CMR,,0.15
2021,35250,Non,9200548,thirame,137-26-8,Fongicide,Env A,,0.1248
2021,35250,Non,9300322,metamitrone,41394-05-2,Herbicide,Env A,,17.5
2021,35250,Non,9400008,triticonazole,131983-72-7,Fongicide,Env A,,0.06
2021,35250,Non,9400085,etofenprox,80844-07-1,Insecticide,Santé A,,1.15
2021,35250,Non,9500595,"2,4-d",94-75-7,Herbicide,Env B,,0.3
2021,35250,Non,9500595,"2,4-mcpa",94-74-6,Herbicide,Env A,,0.35
2021,35250,Non,9500595,clopyralid,1702-17-6,Herbicide,Autre,,0.07
2021,35250,Non,9600093,azoxystrobine,131860-33-8,Fongicide,Santé A,,1.665
2021,35250,Non,9600197,carfentrazone ethyl,128639-02-1,Herbicide,Env A,,0.12
2021,35250,Non,9600197,metsulfuron-methyl,74223-64-6,Herbicide,Env A,Substitution,0.03
2021,35250,Non,9600370,"2,4-mcpa",94-74-6,Herbicide,Env A,,12.25
2021,35250,Non,9600370,clopyralid (sous forme de sel de monoethanolamine),57754-85-5,Herbicide,Autre,,1.225
2021,35250,Non,9600390,glyphosate,1071-83-6,Herbicide,Env A,,14.4
2021,35250,Non,9800262,flazasulfuron,104040-78-0,Herbicide,Env A,,0.025
2021,35250,Non,9800336,lambda-cyhalothrine,91465-08-6,Insecticide,Santé A,Substitution,3.2
2021,35250,Non,9800344,fludioxonil,131341-86-1,Fongicide,Env A,,0.09025
2021,35250,Non,9800344,metalaxyl-m,70630-17-0,Fongicide,Autre,,0.035017
2021,35250,Non,9800347,fluroxypyr-meptyl,81406-37-3,Herbicide,Autre,,0.288
2021,35250,Non,9800347,triclopyr,55335-06-3,Herbicide,Env B,,0.6
2021,35250,Non,9900047,mesotrione,104206-82-8,Herbicide,Env A,,2
2021,35250,Non,9900115,clethodime,99129-21-2,Herbicide,Env B,,0.6
2021,35250,Non,9900251,dimethenamide-p (dmta-p),163515-14-8,Herbicide,Env A,,633.6
2021,35250,Non,9900257,cuivre du sulfate de cuivre,8011-63-0,Fongicide,Env A,Substitution,0.2
2021,35250,Non,9900340,pendimethaline,40487-42-1,Herbicide,Env A,Substitution,70.4
2021,35250,Non,9900340,picolinafen,137641-05-5,Herbicide,Env A,,3.52
2021,35230,Non,2160937,florasulame,145701-23-1,Herbicide,Env A,,0.165
2021,35230,Non,2160937,halauxifen-methyl,943831-98-9,Herbicide,Env A,,0.20625
2021,35230,Non,2160959,benzovindiflupyr,1072957-71-1,Fongicide,Santé A,Substitution,12.000
2021,35230,Non,2160959,prothioconazole,178928-70-6,Fongicide,Env A,,24.00
2021,35230,Non,2160976,prosulfuron,94125-34-5,Herbicide,Env A,Substitution,0.12
2021,35230,Non,2160985,huile de paraffine,72623-86-0,Insecticide - Acaricide,Autre,,64
2021,35230,Non,2161101,fluxapyroxad,907204-31-3,Fongicide,CMR,,12.75
2021,35230,Non,2161101,pyraclostrobine,175013-18-0,Fongicide,Santé A,,25.5
2021,35230,Non,2170055,dicamba,1918-00-9,Herbicide,Env B,,2.4
2021,35230,Non,2170158,dimethenamide-p (dmta-p),163515-14-8,Herbicide,Env A,,4.995
2021,35230,Non,2170158,quinmerac,90717-03-6,Herbicide,Env B,,2.505
2021,35230,Non,2170208,iodosulfuron-methyl-sodium,144550-36-7,Herbicide,Env A,,0.018
2021,35230,Non,2170208,mefenpyr-diethyl,135590-91-9,Autre usage – Coformulant / Phytoprotecteur / Synergiste,Autre,,0.27
2021,35230,Non,2170208,mesosulfuron-methyl,208465-21-8,Herbicide,Env A,,0.09
2021,35230,Non,2170228,bixafen,581809-46-3,Fongicide,Env A,,1.3
2021,35230,Non,2170228,fluopyram,658066-35-4,Fongicide,Env A,,1.3
2021,35230,Non,2170228,prothioconazole,178928-70-6,Fongicide,Env A,,2.6
2021,35230,Non,2170230,azoxystrobine,131860-33-8,Fongicide,Santé A,,0.0228
2021,35230,Non,2170230,fludioxonil,131341-86-1,Fongicide,Env A,,0.05700
2021,35230,Non,2170230,metalaxyl-m,70630-17-0,Fongicide,Autre,,0.04408
2021,35230,Non,2170230,thiabendazole,148-79-8,Fongicide,Env A,,0.456
2021,35230,Non,2170237,iodosulfuron-methyl-sodium,144550-36-7,Herbicide,Env A,,0.153
2021,35230,Non,2170237,mefenpyr-diethyl,135590-91-9,Autre usage – Coformulant / Phytoprotecteur / Synergiste,Autre,,0.459
2021,35230,Non,2170237,mesosulfuron-methyl,208465-21-8,Herbicide,Env A,,0.153
2021,35230,Non,2170237,thiencarbazone-methyl,317815-83-1,Herbicide,CMR,,0.1275
2021,35230,Non,2170381,mesotrione,104206-82-8,Herbicide,Env A,,21.35
2021,35230,Non,2170381,terbuthylazine,5915-41-3,Herbicide,Env A,,100.65
2021,35230,Non,2170421,mesotrione,104206-82-8,Herbicide,Env A,,2.5
2021,35230,Non,2170425,mesotrione,104206-82-8,Herbicide,Env A,,1
2021,35230,Non,2170437,beauveria bassiana souche atcc 74040,63428-82-0,Insecticide,Autre,,
2021,35230,Non,2170752,sedaxane,874967-67-6,Fongicide,Env A,,0.005
2021,35230,Non,2170757,prochloraze,67747-09-5,Fongicide,Env A,,9.345
2021,35230,Non,2170757,tebuconazole,107534-96-3,Fongicide,CMR,,4.655
2021,35230,Non,2170933,prohexadione-calcium,127277-53-6,Régulateur de croissance,Env B,,1.2
2021,35230,Non,2170933,trinexapac-ethyl,95266-40-3,Régulateur de croissance,Env A,,1.80
2021,35230,Non,2171035,tebuconazole,107534-96-3,Fongicide,CMR,,15
2021,35230,Non,2171054,diflufenicanil,83164-33-4,Herbicide,Env B,,2
2021,35230,Non,2171054,flufenacet,142459-58-3,Herbicide,Env A,,4
2021,35230,Non,2171236,mesotrione,104206-82-8,Herbicide,Env A,,1.05
2021,35230,Non,2171236,terbuthylazine,5915-41-3,Herbicide,Env A,,4.95
2021,35230,Non,2171253,bacillus amyloliquefaciens souche mbi 600,NC,Fongicide,Autre,,
2021,35230,Non,2180124,metalaxyl,57837-19-1,Fongicide,Env B,,0.2358
2021,35230,Non,2180124,prothioconazole,178928-70-6,Fongicide,Env A,,1.179
2021,35230,Non,2180165,dicamba dimethylammonium,2300-66-5,Herbicide,Env B,,7.2
2021,35230,Non,2180260,metaldehyde,108-62-3,Molluscicide,CMR,,14.88
2021,35230,Non,2180404,bacillus subtilis souche qst 713,68038-70-0,Fongicide,Autre,,
2021,35230,Non,2180865,ipconazole,125225-28-7,Fongicide,CMR,Exclusion,0.0226
2021,35230,Non,2190062,halauxifen-methyl,943831-98-9,Herbicide,Env A,,0.17
2021,35230,Non,2190062,piclorame,1918-02-1,Herbicide,Env A,,0.816
2021,35230,Non,2190173,metaldehyde,108-62-3,Molluscicide,CMR,,9.90
2021,35230,Non,2190173,phosphate ferrique,10045-86-0,Molluscicide,Autre,,16.0380
2021,35230,Non,2190214,aclonifen,74070-46-5,Herbicide,CMR,,13.5
2021,35230,Non,2190214,diflufenicanil,83164-33-4,Herbicide,Env B,,1.8
2021,35230,Non,2190214,flufenacet,142459-58-3,Herbicide,Env A,,2.25
2021,35230,Non,2190265,bicarbonate de potassium,298-14-6,Fongicide,Autre,,12.75
2021,35230,Non,2190509,mefentrifluconazole,1417782-03-6,Fongicide,Autre,,11
2021,35230,Non,2190594,"(e,z)-3,8-tetradecadien-1-yl acetate",163041-87-0,Insecticide - Médiateur chimique,Autre,,
2021,35230,Non,2190594,"(e,z,z)-3,8,11-tetradecatrien-1-yl acetate",163041-94-9,Insecticide - Médiateur chimique,Autre,,
2021,35230,Non,2190686,fluxapyroxad,907204-31-3,Fongicide,CMR,,8.25
2021,35230,Non,2190686,mefentrifluconazole,1417782-03-6,Fongicide,Autre,,16.5
2021,35230,Non,2200066,fenpicoxamide,517875-34-2,Fongicide,Autre,,5
2021,35230,Non,2200078,oxathiapiproline,1003318-67-9,Fongicide,Autre,,0.008
2021,35230,Non,2200165,flufenacet,142459-58-3,Herbicide,Env A,,20
2021,35230,Non,2200756,prohexadione-calcium,127277-53-6,Régulateur de croissance,Env B,,0.5
2021,35230,Non,2200891,fluxapyroxad,907204-31-3,Fongicide,CMR,,0.3125
2021,35230,Non,2210013,fenpicoxamide,517875-34-2,Fongicide,Autre,,1.5
2021,35230,Non,2210013,prothioconazole,178928-70-6,Fongicide,Env A,,3
2021,35230,Non,2210567,mefentrifluconazole,1417782-03-6,Fongicide,Autre,,0.475
2021,35230,Non,2210567,pyraclostrobine,175013-18-0,Fongicide,Santé A,,0.5
2021,35230,Non,5100219,soufre sublime,7704-34-9,Fongicide,Autre,,123.75
2021,35230,Non,7500716,cuivre du sulfate de cuivre,8011-63-0,Fongicide,Env A,Substitution,4
2021,35230,Non,8000084,"2,4-mcpa",94-74-6,Herbicide,Env A,,8
2021,35230,Non,8300063,soufre pour pulverisation (micronise),7704-34-9,Fongicide,Autre,,56
2021,35230,Non,8400096,dicamba,1918-00-9,Herbicide,Env B,,6.72
2021,35230,Non,8400255,metsulfuron-methyl,74223-64-6,Herbicide,Env A,Substitution,0.08
2021,35230,Non,8400528,isoxaben,82558-50-7,Herbicide,Env B,,0.625
2021,35230,Non,8400574,propyzamide,23950-58-5,Herbicide,CMR,Substitution,14
2021,35230,Non,8600243,aclonifen,74070-46-5,Herbicide,CMR,,18
2021,35230,Non,8700002,chlortoluron,15545-48-9,Herbicide,CMR,,135
2021,35230,Non,8700196,butoxyde de piperonyle,51-03-6,Autre usage – Coformulant / Phytoprotecteur / Synergiste,Autre,,0.45
2021,35230,Non,8700196,deltamethrine,52918-63-5,Insecticide,Santé A,,0.05
2021,35230,Non,8700462,prosulfocarbe,52888-80-9,Herbicide,Env A,,198.4
2021,35230,Non,8800395,lambda-cyhalothrine,91465-08-6,Insecticide,Santé A,Substitution,0.2
2021,35230,Non,8800395,pyrimicarbe,23103-98-2,Insecticide,CMR,,4
2021,35230,Non,8900564,tau-fluvalinate,102851-06-9,Insecticide,Env A,,3.12
2021,35230,Non,9000069,ethofumesate,26225-79-6,Herbicide,Env A,,7.5
2021,35230,Non,9000184,"2,4-mcpa",94-74-6,Herbicide,Env A,,11
2021,35230,Non,9000184,clopyralid,1702-17-6,Herbicide,Autre,,1.1
2021,35230,Non,9000184,fluroxypyr-meptyl,81406-37-3,Herbicide,Autre,,3.168
2021,35230,Non,9000222,soufre,7704-34-9,Fongicide,Autre,,28
2021,35230,Non,9000259,amidosulfuron,120923-37-7,Herbicide,Env A,,0.615
2021,35230,Non,9000490,cycloxydime,101205-02-1,Herbicide,CMR,,0.5
2021,35230,Non,9000619,chlortoluron,15545-48-9,Herbicide,CMR,,10
2021,35230,Non,9000833,metazachlore,67129-08-2,Herbicide,CMR,,6
2021,35230,Non,9000833,quinmerac,90717-03-6,Herbicide,Env B,,1.5
2021,35230,Non,9100034,chlormequat chlorure,999-81-5,Régulateur de croissance,Autre,,18.4
2021,35230,Non,9100046,trinexapac-ethyl,95266-40-3,Régulateur de croissance,Env A,,4.50
2021,35230,Non,9100296,"2,4-d",94-75-7,Herbicide,Env B,,90
2021,35230,Non,9100418,nicosulfuron,111991-09-4,Herbicide,Env A,,0.2
2021,35230,Non,9100645,clodinafop-propargyl,105512-06-9,Herbicide,Env A,,0.2
2021,35230,Non,9100645,cloquintocet-mexyl,99607-70-2,Autre usage – Coformulant / Phytoprotecteur / Synergiste,Autre,,0.05
2021,35230,Non,9200073,triflusulfuron-methyl,126535-15-7,Herbicide,CMR,,0.05
2021,35230,Non,9200159,pyrimethanil,53112-28-0,Fongicide,Env A,,6
2021,35230,Non,9200482,bacillus thuringiensis ssp kurstaki souche sa-11,68038-71-1,Insecticide,Autre,,7.65
2021,35230,Non,9200548,thirame,137-26-8,Fongicide,Env A,,0.072
2021,35230,Non,9300396,chlormequat chlorure,999-81-5,Régulateur de croissance,Autre,,4.6
2021,35230,Non,9400008,triticonazole,131983-72-7,Fongicide,Env A,,1.896
2021,35230,Non,9400052,clethodime,99129-21-2,Herbicide,Env B,,8.88
2021,35230,Non,9400083,"2,4-mcpa",94-74-6,Herbicide,Env A,,2
2021,35230,Non,9400083,dichlorprop-p,15165-67-0,Herbicide,Autre,,1
2021,35230,Non,9400083,mecoprop-p (mcpp-p),16484-77-8,Herbicide,Env A,,1
2021,35230,Non,9400085,etofenprox,80844-07-1,Insecticide,Santé A,,1.15
2021,35230,Non,9500361,metamitrone,41394-05-2,Herbicide,Env A,,3.5
2021,35230,Non,9600197,carfentrazone ethyl,128639-02-1,Herbicide,Env A,,0.40
2021,35230,Non,9600197,metsulfuron-methyl,74223-64-6,Herbicide,Env A,Substitution,0.10
2021,35230,Non,9600229,fenpropidine,67306-00-7,Fongicide,Env A,,9.2475
2021,35230,Non,9600390,glyphosate,1071-83-6,Herbicide,Env A,,64.8
2021,35230,Non,9800018,clomazone,81777-89-1,Herbicide,Env A,,0.3
2021,35230,Non,9800018,dimethachlore,50563-36-5,Herbicide,Env A,,1.875
2021,35230,Non,9800018,napropamide,15299-99-7,Herbicide,Env A,,1.875
2021,35230,Non,9800100,chlortoluron,15545-48-9,Herbicide,CMR,,28
2021,35230,Non,9800182,s-metolachlore,87392-12-9,Herbicide,Env A,,4.8
2021,35230,Non,9800277,florasulame,145701-23-1,Herbicide,Env A,,0.05
2021,35230,Non,9800336,lambda-cyhalothrine,91465-08-6,Insecticide,Santé A,Substitution,2.5
2021,35230,Non,9800344,fludioxonil,131341-86-1,Fongicide,Env A,,0.07000
2021,35230,Non,9800344,metalaxyl-m,70630-17-0,Fongicide,Autre,,0.027160
2021,35230,Non,9800374,sulfosulfuron,141776-32-1,Herbicide,Env A,,0.2
2021,35230,Non,9800458,propaquizafop,111479-05-1,Herbicide,Env A,,0.5
2021,35230,Non,9800474,cuivre du sulfate de cuivre,8011-63-0,Fongicide,Env A,Substitution,12
2021,35230,Non,9900115,clethodime,99129-21-2,Herbicide,Env B,,1.2
2021,35230,Non,9900251,dimethenamide-p (dmta-p),163515-14-8,Herbicide,Env A,,86.4
2021,35230,Non,9900446,cymoxanil,57966-95-7,Fongicide,CMR,,0.14
2021,35230,Non,9900446,fludioxonil,131341-86-1,Fongicide,Env A,,0.07
2021,35230,Non,9900446,metalaxyl-m,70630-17-0,Fongicide,Autre,,0.23744
2021,35235,Non,2000044,fluazifop-p-butyl,79241-46-6,Herbicide,CMR,,1.875
2021,35235,Non,2000202,glyphosate,1071-83-6,Herbicide,Env A,,7.2
2021,35235,Non,2000517,cuivre de l'hydroxyde de cuivre,20427-59-2,Fongicide,Santé A,Substitution,1.8
2021,35235,Non,2000536,1-dodecanol,112-53-8,Insecticide - Médiateur chimique,Env A,,0.34884
2021,35235,Non,2000536,1-tetradecanol,112-72-1,Insecticide - Médiateur chimique,Env A,,0.08094
2021,35235,Non,2000536,"e8,e10-dodecadiene-1-ol",33956-49-9,Insecticide - Médiateur chimique,Env A,,0.59736
2021,35235,Non,2010023,deltamethrine,52918-63-5,Insecticide,Santé A,,0.075
2021,35235,Non,2010130,cuivre de l'oxyde cuivreux,1317-39-1,Fongicide,Env A,Substitution,7.5
2021,35235,Non,2010280,metconazole,125116-23-6,Fongicide,CMR,,0.9
2021,35235,Non,2010513,bacillus thuringiensis ssp kurstaki souche abts-351,68038-71-1,Insecticide,Autre,,
2021,35235,Non,2010640,acide alpha naphtylacetique (ana),86-87-3,Régulateur de croissance,CMR,,0.2
2021,35235,Non,2030071,metaldehyde,108-62-3,Molluscicide,CMR,,3
2021,35235,Non,2030323,fludioxonil,131341-86-1,Fongicide,Env A,,0.19975
2021,35235,Non,2040146,tefluthrine,79538-32-2,Insecticide,Santé A,,1.31
2021,35235,Non,2060002,difenoconazole,119446-68-3,Fongicide,Env A,,0.5
2021,35235,Non,2060116,prothioconazole,178928-70-6,Fongicide,Env A,,2.5
2021,35235,Non,2080026,nicosulfuron,111991-09-4,Herbicide,Env A,,0.3
2021,35235,Non,2080102,azoxystrobine,131860-33-8,Fongicide,Santé A,,1
2021,35235,Non,2080102,difenoconazole,119446-68-3,Fongicide,Env A,,0.625
2021,35235,Non,2080112,thirame,137-26-8,Fongicide,Env A,,0.1776
2021,35235,Non,2080117,prosulfuron,94125-34-5,Herbicide,Env A,Substitution,0.075
2021,35235,Non,2080123,metsulfuron-methyl,74223-64-6,Herbicide,Env A,Substitution,0.04
2021,35235,Non,2080145,diflufenicanil,83164-33-4,Herbicide,Env B,,2
2021,35235,Non,2080145,flufenacet,142459-58-3,Herbicide,Env A,,4
2021,35235,Non,2090016,imazamox,114311-32-9,Herbicide,Env A,Substitution,0.167
2021,35235,Non,2090016,pendimethaline,40487-42-1,Herbicide,Env A,Substitution,2.5
2021,35235,Non,2090019,6-benzyladenine,1214-39-7,Régulateur de croissance,CMR,,0.4
2021,35235,Non,2090037,dicamba,1918-00-9,Herbicide,Env B,,1
2021,35235,Non,2090037,prosulfuron,94125-34-5,Herbicide,Env A,Substitution,0.1
2021,35235,Non,2090055,6-benzyladenine,1214-39-7,Régulateur de croissance,CMR,,0.4
2021,35235,Non,2090111,cypermethrine,52315-07-8,Insecticide,Env A,,0.456
2021,35235,Non,2090118,flufenacet,142459-58-3,Herbicide,Env A,,1.2
2021,35235,Non,2090118,pendimethaline,40487-42-1,Herbicide,Env A,Substitution,6
2021,35235,Non,2090136,fluopicolide,239110-15-7,Fongicide,Env A,,0.625
2021,35235,Non,2090136,propamocarbe hcl,25606-41-1,Fongicide,Autre,,6.25
2021,35235,Non,2100014,metsulfuron-methyl,74223-64-6,Herbicide,Env A,Substitution,0.1407
2021,35235,Non,2100014,thifensulfuron-methyle,79277-27-3,Herbicide,Env A,,0.6993
2021,35235,Non,2100015,thifensulfuron-methyle,79277-27-3,Herbicide,Env A,,0.180
2021,35235,Non,2100030,phosphate ferrique,10045-86-0,Molluscicide,Autre,,2.970
2021,35235,Non,2100111,mesotrione,104206-82-8,Herbicide,Env A,,0.375
2021,35235,Non,2100111,nicosulfuron,111991-09-4,Herbicide,Env A,,0.15
2021,35235,Non,2100138,cloquintocet-mexyl,99607-70-2,Autre usage – Coformulant / Phytoprotecteur / Synergiste,Autre,,0.750
2021,35235,Non,2100138,pinoxaden,243973-20-8,Herbicide,CMR,,3.0
2021,35235,Non,2100151,pyraclostrobine,175013-18-0,Fongicide,Santé A,,0.004
2021,35235,Non,2100215,pendimethaline,40487-42-1,Herbicide,Env A,Substitution,8
2021,35235,Non,2100231,emamectine benzoate,155569-91-8,Insecticide,Santé A,,0.114
2021,35235,Non,2100244,napropamide,15299-99-7,Herbicide,Env A,,4.5
2021,35235,Non,2110059,bicarbonate de potassium,298-14-6,Fongicide,Autre,,4.25
2021,35235,Non,2110086,spirotetramat,203313-25-1,Insecticide,CMR,,1.5
2021,35235,Non,2110102,difenoconazole,119446-68-3,Fongicide,Env A,,0.03800
2021,35235,Non,2110102,fludioxonil,131341-86-1,Fongicide,Env A,,0.03800
2021,35235,Non,2110102,sedaxane,874967-67-6,Fongicide,Env A,,0.0760
2021,35235,Non,2110104,clopyralid,1702-17-6,Herbicide,Autre,,0.32
2021,35235,Non,2110104,florasulame,145701-23-1,Herbicide,Env A,,0.01
2021,35235,Non,2110104,fluroxypyr-meptyl,81406-37-3,Herbicide,Autre,,0.576
2021,35235,Non,2110152,cypermethrine,52315-07-8,Insecticide,Env A,,0.16
2021,35235,Non,2110154,"2,4-mcpa",94-74-6,Herbicide,Env A,,6.12
2021,35235,Non,2110154,dicamba,1918-00-9,Herbicide,Env B,,0.54
2021,35235,Non,2110162,azoxystrobine,131860-33-8,Fongicide,Santé A,,5.0
2021,35235,Non,2120153,propyzamide,23950-58-5,Herbicide,CMR,Substitution,4
2021,35235,Non,2130067,cyflufenamid,180409-60-3,Fongicide,Env A,,0.25
2021,35235,Non,2130068,diflufenicanil,83164-33-4,Herbicide,Env B,,2.5
2021,35235,Non,2130083,lambda-cyhalothrine,91465-08-6,Insecticide,Santé A,Substitution,0.2
2021,35235,Non,2130091,diflufenicanil,83164-33-4,Herbicide,Env B,,3.5
2021,35235,Non,2130140,diflufenicanil,83164-33-4,Herbicide,Env B,,0.4
2021,35235,Non,2130140,pendimethaline,40487-42-1,Herbicide,Env A,Substitution,4
2021,35235,Non,2140257,iodosulfuron-methyl-sodium,144550-36-7,Herbicide,Env A,,0.01
2021,35235,Non,2140257,mefenpyr-diethyl,135590-91-9,Autre usage – Coformulant / Phytoprotecteur / Synergiste,Autre,,0.15
2021,35235,Non,2140257,mesosulfuron-methyl,208465-21-8,Herbicide,Env A,,0.05
2021,35235,Non,2150002,metamitrone,41394-05-2,Herbicide,Env A,,0.75
2021,35235,Non,2150277,pyrimethanil,53112-28-0,Fongicide,Env A,,2
2021,35235,Non,2150443,dithianon,3347-22-6,Fongicide,Env A,,1.8
2021,35235,Non,2150443,pyraclostrobine,175013-18-0,Fongicide,Santé A,,0.6
2021,35235,Non,2150483,lambda-cyhalothrine,91465-08-6,Insecticide,Santé A,Substitution,0.36
2021,35235,Non,2160008,fluopyram,658066-35-4,Fongicide,Env A,,1.2
2021,35235,Non,2160008,tebuconazole,107534-96-3,Fongicide,CMR,,1.2
2021,35235,Non,2160527,sels de potassium d'acides gras,10124-65-9,Insecticide,Autre,,4.798
2021,35235,Non,2160726,dithianon,3347-22-6,Fongicide,Env A,,6.25
2021,35235,Non,2160726,monopotassium phosphonate,13977-65-6,Fongicide,Autre,,28.06
2021,35235,Non,2160756,dodine,2439-10-3,Fongicide,Env A,,32.64
2021,35235,Non,2160931,bixafen,581809-46-3,Fongicide,Env A,,0.325
2021,35235,Non,2160931,fluopyram,658066-35-4,Fongicide,Env A,,0.325
2021,35235,Non,2160931,prothioconazole,178928-70-6,Fongicide,Env A,,0.65
2021,35235,Non,2160936,cloquintocet-mexyl,99607-70-2,Autre usage – Coformulant / Phytoprotecteur / Synergiste,Autre,,0.12
2021,35235,Non,2160936,fluroxypyr-meptyl,81406-37-3,Herbicide,Autre,,4.03
2021,35235,Non,2160936,halauxifen-methyl,943831-98-9,Herbicide,Env A,,0.125
2021,35235,Non,2160937,cloquintocet-mexyl,99607-70-2,Autre usage – Coformulant / Phytoprotecteur / Synergiste,Autre,,0.09
2021,35235,Non,2160937,florasulame,145701-23-1,Herbicide,Env A,,0.075
2021,35235,Non,2160937,halauxifen-methyl,943831-98-9,Herbicide,Env A,,0.09375
2021,35235,Non,2160959,benzovindiflupyr,1072957-71-1,Fongicide,Santé A,Substitution,1.5
2021,35235,Non,2160959,prothioconazole,178928-70-6,Fongicide,Env A,,3
2021,35235,Non,2170208,iodosulfuron-methyl-sodium,144550-36-7,Herbicide,Env A,,0.054
2021,35235,Non,2170208,mefenpyr-diethyl,135590-91-9,Autre usage – Coformulant / Phytoprotecteur / Synergiste,Autre,,0.81
2021,35235,Non,2170208,mesosulfuron-methyl,208465-21-8,Herbicide,Env A,,0.27
2021,35235,Non,2170381,mesotrione,104206-82-8,Herbicide,Env A,,0.35
2021,35235,Non,2170381,terbuthylazine,5915-41-3,Herbicide,Env A,,1.65
2021,35235,Non,2170437,beauveria bassiana souche atcc 74040,63428-82-0,Insecticide,Autre,,
2021,35235,Non,2171035,tebuconazole,107534-96-3,Fongicide,CMR,,1.25
2021,35235,Non,2171140,dithianon,3347-22-6,Fongicide,Env A,,7
2021,35235,Non,2180124,metalaxyl,57837-19-1,Fongicide,Env B,,0.0002
2021,35235,Non,2180124,prothioconazole,178928-70-6,Fongicide,Env A,,0.001
2021,35235,Non,2180756,prohexadione-calcium,127277-53-6,Régulateur de croissance,Env B,,1
2021,35235,Non,2180865,ipconazole,125225-28-7,Fongicide,CMR,Exclusion,0.00452
2021,35235,Non,2190062,halauxifen-methyl,943831-98-9,Herbicide,Env A,,0.01
2021,35235,Non,2190062,piclorame,1918-02-1,Herbicide,Env A,,0.048
2021,35235,Non,2190173,metaldehyde,108-62-3,Molluscicide,CMR,,0.72
2021,35235,Non,2190173,phosphate ferrique,10045-86-0,Molluscicide,Autre,,1.1664
2021,35235,Non,2190686,fluxapyroxad,907204-31-3,Fongicide,CMR,,1.75
2021,35235,Non,2190686,mefentrifluconazole,1417782-03-6,Fongicide,Autre,,3.5
2021,35235,Non,2190883,prothioconazole,178928-70-6,Fongicide,Env A,,1.25
2021,35235,Non,7500716,cuivre du sulfate de cuivre,8011-63-0,Fongicide,Env A,Substitution,16
2021,35235,Non,7600008,bupirimate,41483-43-6,Fongicide,CMR,,2
2021,35235,Non,8300063,soufre pour pulverisation (micronise),7704-34-9,Fongicide,Autre,,56
2021,35235,Non,8400477,fenoxycarbe,72490-01-8,Insecticide,CMR,,3.55
2021,35235,Non,8400574,propyzamide,23950-58-5,Herbicide,CMR,Substitution,2
2021,35235,Non,8700462,prosulfocarbe,52888-80-9,Herbicide,Env A,,24
2021,35235,Non,8700525,mancozebe,8018-01-7,Fongicide,CMR,Exclusion,7.5
2021,35235,Non,8900564,tau-fluvalinate,102851-06-9,Insecticide,Env A,,0.24
2021,35235,Non,8900681,pendimethaline,40487-42-1,Herbicide,Env A,Substitution,2
2021,35235,Non,9100034,chlormequat chlorure,999-81-5,Régulateur de croissance,Autre,,13.8
2021,35235,Non,9100296,"2,4-d",94-75-7,Herbicide,Env B,,3
2021,35235,Non,9100418,nicosulfuron,111991-09-4,Herbicide,Env A,,0.2
2021,35235,Non,9300108,captane,133-06-2,Fongicide,CMR,,72
2021,35235,Non,9400280,flumioxazine,103361-09-7,Herbicide,CMR,,2
2021,35235,Non,9500234,tetraconazole,112281-77-3,Fongicide,Env A,,0.5
2021,35235,Non,9500595,"2,4-d",94-75-7,Herbicide,Env B,,0.15
2021,35235,Non,9500595,"2,4-mcpa",94-74-6,Herbicide,Env A,,0.175
2021,35235,Non,9500595,clopyralid,1702-17-6,Herbicide,Autre,,0.035
2021,35235,Non,9500629,cyprodinil,121552-61-2,Fongicide,Env A,,2.5
2021,35235,Non,9600025,fosetyl-aluminium,39148-24-8,Fongicide,Autre,,24
2021,35235,Non,9800219,ethephon,16672-87-0,Régulateur de croissance,Santé A,,0.36
2021,35235,Non,9800245,soufre pour pulverisation (micronise),7704-34-9,Fongicide,Autre,,160
2021,35235,Non,9800336,lambda-cyhalothrine,91465-08-6,Insecticide,Santé A,Substitution,0.1
2021,35235,Non,9800344,fludioxonil,131341-86-1,Fongicide,Env A,,0.00925
2021,35235,Non,9800344,metalaxyl-m,70630-17-0,Fongicide,Autre,,0.003589
2021,35235,Non,9900047,mesotrione,104206-82-8,Herbicide,Env A,,0.5
2021,35235,Non,9900119,isoxaben,82558-50-7,Herbicide,Env B,,0.052
2021,35235,Non,9900119,oryzalin,19044-88-3,Herbicide,CMR,,0.216
2021,35235,Non,9900251,dimethenamide-p (dmta-p),163515-14-8,Herbicide,Env A,,7.2144
2021,35150,Non,9800018,napropamide,15299-99-7,Herbicide,Env A,,13.125
2021,35150,Non,9800076,"cydia pomonella granulosis, isolat m (cpvg m)",,Insecticide,Autre,,
2021,35150,Non,9800100,chlortoluron,15545-48-9,Herbicide,CMR,,7
2021,35150,Non,9800182,s-metolachlore,87392-12-9,Herbicide,Env A,,48.0
2021,35150,Non,9800219,ethephon,16672-87-0,Régulateur de croissance,Santé A,,1.2
2021,35150,Non,9800245,soufre pour pulverisation (micronise),7704-34-9,Fongicide,Autre,,160
2021,35150,Non,9800277,florasulame,145701-23-1,Herbicide,Env A,,0.45
2021,35150,Non,9800336,lambda-cyhalothrine,91465-08-6,Insecticide,Santé A,Substitution,10.8
2021,35150,Non,9800344,fludioxonil,131341-86-1,Fongicide,Env A,,0.48600
2021,35150,Non,9800344,metalaxyl-m,70630-17-0,Fongicide,Autre,,0.188568
2021,35150,Non,9800374,sulfosulfuron,141776-32-1,Herbicide,Env A,,0.400
2021,35150,Non,9800458,propaquizafop,111479-05-1,Herbicide,Env A,,7.5
2021,35150,Non,9800474,cuivre du sulfate de cuivre,8011-63-0,Fongicide,Env A,Substitution,18
2021,35150,Non,9900047,mesotrione,104206-82-8,Herbicide,Env A,,8.0
2021,35150,Non,9900115,clethodime,99129-21-2,Herbicide,Env B,,9.0
2021,35150,Non,9900189,coniothyrium minitans souche con/m/91-08,,Fongicide,Autre,,
2021,35150,Non,9900251,dimethenamide-p (dmta-p),163515-14-8,Herbicide,Env A,,460.8144
2021,35150,Non,9900257,cuivre du sulfate de cuivre,8011-63-0,Fongicide,Env A,Substitution,2.4
2021,35150,Non,9900340,pendimethaline,40487-42-1,Herbicide,Env A,Substitution,6.4
2021,35150,Non,9900340,picolinafen,137641-05-5,Herbicide,Env A,,0.32
2021,35150,Non,9900446,cymoxanil,57966-95-7,Fongicide,CMR,,0.515
2021,35150,Non,9900446,fludioxonil,131341-86-1,Fongicide,Env A,,0.2575
2021,35150,Non,9900446,metalaxyl-m,70630-17-0,Fongicide,Autre,,0.87344
2021,35310,Non,2000003,metazachlore,67129-08-2,Herbicide,CMR,,30.0
2021,35310,Non,2000018,soufre pour pulverisation (micronise),7704-34-9,Fongicide,Autre,,112
2021,35310,Non,2000044,fluazifop-p-butyl,79241-46-6,Herbicide,CMR,,1.75
2021,35310,Non,2000046,ethofumesate,26225-79-6,Herbicide,Env A,,1.5
2021,35310,Non,2000046,metamitrone,41394-05-2,Herbicide,Env A,,3.5
2021,35310,Non,2000122,metalaxyl-m,70630-17-0,Fongicide,Autre,,0.61056
2021,35310,Non,2000125,cuivre du sulfate de cuivre,8011-63-0,Fongicide,Env A,Substitution,0.34
2021,35310,Non,2000201,silthiofam,175217-20-6,Fongicide,Env A,,0.0225
2021,35310,Non,2000299,clomazone,81777-89-1,Herbicide,Env A,,3.24
2021,35310,Non,2000301,foramsulfuron,173159-57-4,Herbicide,Env A,,1.2375
2021,35310,Non,2000301,isoxadifen-ethyl,163520-33-0,Autre usage – Coformulant / Phytoprotecteur / Synergiste,Env A,,1.2375
2021,35310,Non,2000316,esfenvalerate,66230-04-4,Insecticide,Santé A,Substitution,0.20
2021,35310,Non,2000327,carfentrazone ethyl,128639-02-1,Herbicide,Env A,,0.3
2021,35310,Non,2000369,metsulfuron-methyl,74223-64-6,Herbicide,Env A,Substitution,0.1
2021,35310,Non,2000380,clethodime,99129-21-2,Herbicide,Env B,,1.92
2021,35310,Non,2010030,mepiquat-chlorure,24307-26-4,Régulateur de croissance,Env B,,9.0
2021,35310,Non,2010030,prohexadione-calcium,127277-53-6,Régulateur de croissance,Env B,,1.50
2021,35310,Non,2010239,florasulame,145701-23-1,Herbicide,Env A,,0.020
2021,35310,Non,2010239,fluroxypyr-meptyl,81406-37-3,Herbicide,Autre,,2.8820
2021,35310,Non,2010280,metconazole,125116-23-6,Fongicide,CMR,,1.3527
2021,35310,Non,2010617,dimethenamide-p (dmta-p),163515-14-8,Herbicide,Env A,,21.6
2021,35310,Non,2020099,trifloxystrobine,141517-21-7,Fongicide,Env A,,21.5
2021,35310,Non,2020474,metazachlore,67129-08-2,Herbicide,CMR,,15
2021,35310,Non,2030010,clomazone,81777-89-1,Herbicide,Env A,,1.44
2021,35310,Non,2030071,metaldehyde,108-62-3,Molluscicide,CMR,,1
2021,35310,Non,2030323,fludioxonil,131341-86-1,Fongicide,Env A,,50.22600
2021,35310,Non,2030342,chlormequat chlorure,999-81-5,Régulateur de croissance,Autre,,156.4
2021,35310,Non,2030404,pendimethaline,40487-42-1,Herbicide,Env A,Substitution,2
2021,35310,Non,2040146,tefluthrine,79538-32-2,Insecticide,Santé A,,108.116
2021,35310,Non,2050075,boscalid,188425-85-6,Fongicide,Env A,,3.75
2021,35310,Non,2060026,flazasulfuron,104040-78-0,Herbicide,Env A,,0.0750
2021,35310,Non,2060045,huile vegetale,,SA non phyto - Divers,Autre,,0.175
2021,35310,Non,2060045,resines (colophane),8050-09-7,SA non phyto - Divers,Autre,,1.7
2021,35310,Non,2060063,picolinafen,137641-05-5,Herbicide,Env A,,1.875
2021,35310,Non,2060088,benoxacor,98730-04-2,Autre usage – Coformulant / Phytoprotecteur / Synergiste,Autre,,1.8
2021,35310,Non,2060088,mesotrione,104206-82-8,Herbicide,Env A,,3.6
2021,35310,Non,2060088,s-metolachlore,87392-12-9,Herbicide,Env A,,36
2021,35310,Non,2060113,bifenazate,149877-41-8,Insecticide - Acaricide,Env A,,0.36
2021,35310,Non,2060116,prothioconazole,178928-70-6,Fongicide,Env A,,46.25
2021,35310,Non,2060127,prothioconazole,178928-70-6,Fongicide,Env A,,1.516
2021,35310,Non,2060131,"2,4-d",94-75-7,Herbicide,Env B,,0.093
2021,35310,Non,2060131,triclopyr,55335-06-3,Herbicide,Env B,,0.1036
2021,35310,Non,2060194,tefluthrine,79538-32-2,Insecticide,Santé A,,10.98
2021,35310,Non,2070107,fosetyl,15845-66-6,Fongicide,Autre,,4.65
2021,35310,Non,2070107,propamocarbe,24579-73-5,Fongicide,Autre,,7.95
2021,35310,Non,2080026,nicosulfuron,111991-09-4,Herbicide,Env A,,1.68
2021,35310,Non,2080094,florasulame,145701-23-1,Herbicide,Env A,,0.1864
2021,35310,Non,2080094,isoxaben,82558-50-7,Herbicide,Env B,,2.8426
2021,35310,Non,2080105,glyphosate,1071-83-6,Herbicide,Env A,,7.2
2021,35310,Non,2080112,thirame,137-26-8,Fongicide,Env A,,1.0128
2021,35310,Non,2080117,prosulfuron,94125-34-5,Herbicide,Env A,Substitution,2.5500
2021,35310,Non,2080123,metsulfuron-methyl,74223-64-6,Herbicide,Env A,Substitution,1.10
2021,35310,Non,2080124,metsulfuron-methyl,74223-64-6,Herbicide,Env A,Substitution,0.024
2021,35310,Non,2080125,metsulfuron-methyl,74223-64-6,Herbicide,Env A,Substitution,2.02
2021,35310,Non,2080145,diflufenicanil,83164-33-4,Herbicide,Env B,,62
2021,35310,Non,2080145,flufenacet,142459-58-3,Herbicide,Env A,,124
2021,35310,Non,2090008,thirame,137-26-8,Fongicide,Env A,,1.8122
2021,35310,Non,2090016,imazamox,114311-32-9,Herbicide,Env A,Substitution,1.670
2021,35310,Non,2090016,pendimethaline,40487-42-1,Herbicide,Env A,Substitution,25.0
2021,35310,Non,2090037,dicamba,1918-00-9,Herbicide,Env B,,15.0
2021,35310,Non,2090037,prosulfuron,94125-34-5,Herbicide,Env A,Substitution,1.50
2021,35310,Non,2090041,cloquintocet-mexyl,99607-70-2,Autre usage – Coformulant / Phytoprotecteur / Synergiste,Autre,,0.375
2021,35310,Non,2090041,pyroxsulame,422556-08-9,Herbicide,Env A,,0.375
2021,35310,Non,2090042,cloquintocet-mexyl,99607-70-2,Autre usage – Coformulant / Phytoprotecteur / Synergiste,Autre,,0.112695
2021,35310,Non,2090042,florasulame,145701-23-1,Herbicide,Env A,,0.03762
2021,35310,Non,2090042,pyroxsulame,422556-08-9,Herbicide,Env A,,0.112695
2021,35310,Non,2090050,cypermethrine,52315-07-8,Insecticide,Env A,,12.096
2021,35310,Non,2090053,bromoxynil octanoate,1689-99-2,Herbicide,CMR,Exclusion,1.31
2021,35310,Non,2090053,isoxadifen-ethyl,163520-33-0,Autre usage – Coformulant / Phytoprotecteur / Synergiste,Env A,,0.125
2021,35310,Non,2090053,tembotrione,335104-84-2,Herbicide,CMR,,0.25
2021,35310,Non,2090057,metsulfuron-methyl,74223-64-6,Herbicide,Env A,Substitution,0.16650
2021,35310,Non,2090057,tribenuron-methyle,101200-48-0,Herbicide,Env A,,0.3330
2021,35310,Non,2090068,mepiquat-chlorure,24307-26-4,Régulateur de croissance,Env B,,1.05
2021,35310,Non,2090068,metconazole,125116-23-6,Fongicide,CMR,,0.15
2021,35310,Non,2090071,bromoxynil,1689-84-5,Herbicide,CMR,Exclusion,5.875
2021,35310,Non,2090093,glyphosate,1071-83-6,Herbicide,Env A,,153
2021,35310,Non,2090095,ethofumesate,26225-79-6,Herbicide,Env A,,3.8
2021,35310,Non,2090095,phenmediphame,13684-63-4,Herbicide,Env A,,4
2021,35310,Non,2090101,nicosulfuron,111991-09-4,Herbicide,Env A,,16.8
2021,35310,Non,2090111,cypermethrine,52315-07-8,Insecticide,Env A,,312.261
2021,35310,Non,2090113,dimethenamide-p (dmta-p),163515-14-8,Herbicide,Env A,,46.76275
2021,35310,Non,2090113,pendimethaline,40487-42-1,Herbicide,Env A,Substitution,55.015
2021,35310,Non,2090116,glyphosate,1071-83-6,Herbicide,Env A,,1.8
2021,35310,Non,2090117,tebuconazole,107534-96-3,Fongicide,CMR,,5
2021,35310,Non,2090118,flufenacet,142459-58-3,Herbicide,Env A,,34.2
2021,35310,Non,2090118,pendimethaline,40487-42-1,Herbicide,Env A,Substitution,171
2021,35310,Non,2090153,dicamba,1918-00-9,Herbicide,Env B,,38.4
2021,35310,Non,2090153,tritosulfuron,142469-14-5,Herbicide,Env A,,8.00
2021,35310,Non,2090159,tritosulfuron,142469-14-5,Herbicide,Env A,,8.43948
2021,35310,Non,2090186,prosulfocarbe,52888-80-9,Herbicide,Env A,,208
2021,35310,Non,2100009,thifensulfuron-methyle,79277-27-3,Herbicide,Env A,,0.1332
2021,35310,Non,2100009,tribenuron-methyle,101200-48-0,Herbicide,Env A,,0.0668
2021,35310,Non,2100014,metsulfuron-methyl,74223-64-6,Herbicide,Env A,Substitution,0.0201
2021,35310,Non,2100014,thifensulfuron-methyle,79277-27-3,Herbicide,Env A,,0.0999
2021,35310,Non,2100015,thifensulfuron-methyle,79277-27-3,Herbicide,Env A,,0.135
2021,35310,Non,2100018,tebuconazole,107534-96-3,Fongicide,CMR,,13.75
2021,35310,Non,2100026,cypermethrine,52315-07-8,Insecticide,Env A,,6.5
2021,35310,Non,2100028,fluroxypyr,69377-81-7,Herbicide,Env B,,2
2021,35310,Non,2100030,phosphate ferrique,10045-86-0,Molluscicide,Autre,,13.068
2021,35310,Non,2100051,ipconazole,125225-28-7,Fongicide,CMR,Exclusion,0.1635
2021,35310,Non,2100052,cyprodinil,121552-61-2,Fongicide,Env A,,10.5
2021,35310,Non,2100053,fluroxypyr,69377-81-7,Herbicide,Env B,,1
2021,35310,Non,2100056,prothioconazole,178928-70-6,Fongicide,Env A,,0.8
2021,35310,Non,2100056,spiroxamine,118134-30-8,Fongicide,CMR,,1.5
2021,35310,Non,2100057,prothioconazole,178928-70-6,Fongicide,Env A,,4.375
2021,35310,Non,2100057,trifloxystrobine,141517-21-7,Fongicide,Env A,,2.20
2021,35310,Non,2100069,metsulfuron-methyl,74223-64-6,Herbicide,Env A,Substitution,0.035
2021,35310,Non,2100069,thifensulfuron-methyle,79277-27-3,Herbicide,Env A,,0.34
2021,35310,Non,2100108,prothioconazole,178928-70-6,Fongicide,Env A,,8.125
2021,35310,Non,2100108,tebuconazole,107534-96-3,Fongicide,CMR,,8.125
2021,35310,Non,2100111,mesotrione,104206-82-8,Herbicide,Env A,,22.500
2021,35310,Non,2100111,nicosulfuron,111991-09-4,Herbicide,Env A,,9.00
2021,35310,Non,2100112,ethephon,16672-87-0,Régulateur de croissance,Santé A,,45.6
2021,35310,Non,2100121,chlorantraniliprole,500008-45-7,Insecticide,Env A,,2.8
2021,35310,Non,2100122,chlorantraniliprole,500008-45-7,Insecticide,Env A,,0.105
2021,35310,Non,2100138,cloquintocet-mexyl,99607-70-2,Autre usage – Coformulant / Phytoprotecteur / Synergiste,Autre,,5.4375
2021,35310,Non,2100138,pinoxaden,243973-20-8,Herbicide,CMR,,21.75
2021,35310,Non,2100140,clodinafop-propargyl,105512-06-9,Herbicide,Env A,,9.625
2021,35310,Non,2100140,cloquintocet-mexyl,99607-70-2,Autre usage – Coformulant / Phytoprotecteur / Synergiste,Autre,,2.40625
2021,35310,Non,2100140,pinoxaden,243973-20-8,Herbicide,CMR,,9.625
2021,35310,Non,2100151,pyraclostrobine,175013-18-0,Fongicide,Santé A,,48
2021,35310,Non,2100175,prothioconazole,178928-70-6,Fongicide,Env A,,0.282
2021,35310,Non,2100186,glyphosate,1071-83-6,Herbicide,Env A,,187.2
2021,35310,Non,2100211,prothioconazole,178928-70-6,Fongicide,Env A,,4.375
2021,35310,Non,2100211,tebuconazole,107534-96-3,Fongicide,CMR,,4.375
2021,35310,Non,2100231,emamectine benzoate,155569-91-8,Insecticide,Santé A,,0.0095
2021,35310,Non,2100234,diflufenicanil,83164-33-4,Herbicide,Env B,,3.6
2021,35310,Non,2100234,iodosulfuron-methyl-sodium,144550-36-7,Herbicide,Env A,,0.225
2021,35310,Non,2100234,mefenpyr-diethyl,135590-91-9,Autre usage – Coformulant / Phytoprotecteur / Synergiste,Autre,,0.81
2021,35310,Non,2100234,mesosulfuron-methyl,208465-21-8,Herbicide,Env A,,0.27
2021,35310,Non,2100244,napropamide,15299-99-7,Herbicide,Env A,,27
2021,35310,Non,2100245,prothioconazole,178928-70-6,Fongicide,Env A,,1.25
2021,35310,Non,2100245,tebuconazole,107534-96-3,Fongicide,CMR,,1.25
2021,35310,Non,2110012,cyazofamide,120116-88-3,Fongicide,Env A,,0.64
2021,35310,Non,2110018,difenoconazole,119446-68-3,Fongicide,Env A,,1.7765
2021,35310,Non,2110018,fludioxonil,131341-86-1,Fongicide,Env A,,1.7765
2021,35310,Non,2110059,bicarbonate de potassium,298-14-6,Fongicide,Autre,,25.5
2021,35310,Non,2110063,clopyralid,1702-17-6,Herbicide,Autre,,1.548
2021,35310,Non,2110082,diflufenicanil,83164-33-4,Herbicide,Env B,,0.36
2021,35310,Non,2110082,metsulfuron-methyl,74223-64-6,Herbicide,Env A,Substitution,0.036
2021,35310,Non,2110086,spirotetramat,203313-25-1,Insecticide,CMR,,0.2
2021,35310,Non,2110102,difenoconazole,119446-68-3,Fongicide,Env A,,2.75675
2021,35310,Non,2110102,fludioxonil,131341-86-1,Fongicide,Env A,,2.75675
2021,35310,Non,2110102,sedaxane,874967-67-6,Fongicide,Env A,,5.5135
2021,35310,Non,2110103,tribenuron-methyle,101200-48-0,Herbicide,Env A,,0.75
2021,35310,Non,2110104,clopyralid,1702-17-6,Herbicide,Autre,,1.84
2021,35310,Non,2110104,florasulame,145701-23-1,Herbicide,Env A,,0.0575
2021,35310,Non,2110104,fluroxypyr-meptyl,81406-37-3,Herbicide,Autre,,3.312
2021,35310,Non,2110105,azoxystrobine,131860-33-8,Fongicide,Santé A,,5.25
2021,35310,Non,2110140,diflufenicanil,83164-33-4,Herbicide,Env B,,15.0
2021,35310,Non,2110140,flufenacet,142459-58-3,Herbicide,Env A,,30.0
2021,35310,Non,2110144,fluxapyroxad,907204-31-3,Fongicide,CMR,,0.375
2021,35310,Non,2110148,bixafen,581809-46-3,Fongicide,Env A,,0.5
2021,35310,Non,2110150,huile de colza,8002-13-9,Insecticide,Autre,,0.3108
2021,35310,Non,2110152,cypermethrine,52315-07-8,Insecticide,Env A,,0.16
2021,35310,Non,2110162,azoxystrobine,131860-33-8,Fongicide,Santé A,,83.75
2021,35310,Non,2110167,tebuconazole,107534-96-3,Fongicide,CMR,,40.85
2021,35310,Non,2110192,metsulfuron-methyl,74223-64-6,Herbicide,Env A,Substitution,0.7
2021,35310,Non,2120041,zirame,137-30-4,Fongicide,Santé A,,10.1682
2021,35310,Non,2120048,aminopyralid,150114-71-9,Herbicide,Env A,,1.14
2021,35310,Non,2120048,triclopyr,55335-06-3,Herbicide,Env B,,9.12
2021,35310,Non,2120066,dichlorprop-p,15165-67-0,Herbicide,Autre,,6
2021,35310,Non,2120066,picolinafen,137641-05-5,Herbicide,Env A,,0.2
2021,35310,Non,2120070,prothioconazole,178928-70-6,Fongicide,Env A,,22.4
2021,35310,Non,2120070,tebuconazole,107534-96-3,Fongicide,CMR,,11.2
2021,35310,Non,2120075,dimethenamide-p (dmta-p),163515-14-8,Herbicide,Env A,,2
2021,35310,Non,2120075,metazachlore,67129-08-2,Herbicide,CMR,,2
2021,35310,Non,2120075,quinmerac,90717-03-6,Herbicide,Env B,,1
2021,35310,Non,2120089,"2,4-mcpa",94-74-6,Herbicide,Env A,,1.5
2021,35310,Non,2120089,diflufenicanil,83164-33-4,Herbicide,Env B,,0.375
2021,35310,Non,2120089,glyphosate,1071-83-6,Herbicide,Env A,,3.0
2021,35310,Non,2120120,bentazone,25057-89-0,Herbicide,Env B,,2.4
2021,35310,Non,2120120,imazamox,114311-32-9,Herbicide,Env A,Substitution,0.112
2021,35310,Non,2120143,glyphosate,1071-83-6,Herbicide,Env A,,48.0
2021,35310,Non,2120153,propyzamide,23950-58-5,Herbicide,CMR,Substitution,24
2021,35310,Non,2130063,nicosulfuron,111991-09-4,Herbicide,Env A,,16.2
2021,35310,Non,2130068,diflufenicanil,83164-33-4,Herbicide,Env B,,25.5
2021,35310,Non,2130069,diflufenicanil,83164-33-4,Herbicide,Env B,,10.5
2021,35310,Non,2130083,lambda-cyhalothrine,91465-08-6,Insecticide,Santé A,Substitution,1.0
2021,35310,Non,2130091,diflufenicanil,83164-33-4,Herbicide,Env B,,15.5
2021,35310,Non,2130092,spiromesifen,283594-90-1,Insecticide,Autre,,0.48
2021,35310,Non,2130152,fluopyram,658066-35-4,Fongicide,Env A,,0.25
2021,35310,Non,2130152,trifloxystrobine,141517-21-7,Fongicide,Env A,,0.25
2021,35310,Non,2130164,cyprosulfamide,221667-31-8,Autre usage – Coformulant / Phytoprotecteur / Synergiste,Autre,,1.650
2021,35310,Non,2130164,foramsulfuron,173159-57-4,Herbicide,Env A,,3.30
2021,35310,Non,2130164,thiencarbazone-methyl,317815-83-1,Herbicide,CMR,,1.10
2021,35310,Non,2130202,fluopyram,658066-35-4,Fongicide,Env A,,3.125
2021,35310,Non,2130202,prothioconazole,178928-70-6,Fongicide,Env A,,3.125
2021,35310,Non,2130244,difenoconazole,119446-68-3,Fongicide,Env A,,1.25
2021,35310,Non,2130244,mandipropamide,374726-62-2,Fongicide,Env A,,1.25
2021,35310,Non,2130249,pendimethaline,40487-42-1,Herbicide,Env A,Substitution,4
2021,35310,Non,2130251,lambda-cyhalothrine,91465-08-6,Insecticide,Santé A,Substitution,4.5
2021,35310,Non,2130266,bromuconazole,116255-48-2,Fongicide,Env A,,10.855
2021,35310,Non,2130266,tebuconazole,107534-96-3,Fongicide,CMR,,6.955
2021,35310,Non,2140051,fluxapyroxad,907204-31-3,Fongicide,CMR,,0.05661
2021,35310,Non,2140078,fludioxonil,131341-86-1,Fongicide,Env A,,0.753
2021,35310,Non,2140078,tefluthrine,79538-32-2,Insecticide,Santé A,,3.012
2021,35310,Non,2140082,trinexapac-ethyl,95266-40-3,Régulateur de croissance,Env A,,5.075
2021,35310,Non,2140093,glyphosate,1071-83-6,Herbicide,Env A,,9
2021,35310,Non,2140098,aminopyralid,150114-71-9,Herbicide,Env A,,0.18445
2021,35310,Non,2140098,propyzamide,23950-58-5,Herbicide,CMR,Substitution,17.5
2021,35310,Non,2140121,acide pelargonique,112-05-0,Herbicide,Autre,,0.593975
2021,35310,Non,2140132,diflufenicanil,83164-33-4,Herbicide,Env B,,1.5
2021,35310,Non,2140148,dicamba,1918-00-9,Herbicide,Env B,,4.8
2021,35310,Non,2140156,"2,4-mcpa",94-74-6,Herbicide,Env A,,74.676
2021,35310,Non,2140156,clopyralid,1702-17-6,Herbicide,Autre,,6.524
2021,35310,Non,2140156,fluroxypyr,69377-81-7,Herbicide,Env B,,16.8
2021,35310,Non,2140173,fluxapyroxad,907204-31-3,Fongicide,CMR,,2.8125
2021,35310,Non,2140173,metconazole,125116-23-6,Fongicide,CMR,,2.025
2021,35310,Non,2140201,cyflufenamid,180409-60-3,Fongicide,Env A,,0.03
2021,35310,Non,2140201,difenoconazole,119446-68-3,Fongicide,Env A,,0.25
2021,35310,Non,2140207,clodinafop-propargyl,105512-06-9,Herbicide,Env A,,0.6
2021,35310,Non,2140207,cloquintocet-mexyl,99607-70-2,Autre usage – Coformulant / Phytoprotecteur / Synergiste,Autre,,0.15
2021,35310,Non,2140257,iodosulfuron-methyl-sodium,144550-36-7,Herbicide,Env A,,0.02
2021,35310,Non,2140257,mefenpyr-diethyl,135590-91-9,Autre usage – Coformulant / Phytoprotecteur / Synergiste,Autre,,0.3
2021,35310,Non,2140257,mesosulfuron-methyl,208465-21-8,Herbicide,Env A,,0.1
2021,35310,Non,2140258,iodosulfuron-methyl-sodium,144550-36-7,Herbicide,Env A,,0.375
2021,35310,Non,2140258,mesosulfuron-methyl,208465-21-8,Herbicide,Env A,,0.375
2021,35310,Non,2150007,clomazone,81777-89-1,Herbicide,Env A,,0.35
2021,35310,Non,2150007,napropamide,15299-99-7,Herbicide,Env A,,4
2021,35310,Non,2150019,silthiofam,175217-20-6,Fongicide,Env A,,50.2
2021,35310,Non,2150022,dicamba,1918-00-9,Herbicide,Env B,,13.44
2021,35310,Non,2150028,metobromuron,3060-89-7,Herbicide,CMR,,5
2021,35310,Non,2150066,propyzamide,23950-58-5,Herbicide,CMR,Substitution,24
2021,35310,Non,2150104,huile minerale paraffinique,8042-47-5,Insecticide - Acaricide,Autre,,163.4
2021,35310,Non,2150125,diflufenicanil,83164-33-4,Herbicide,Env B,,8.8
2021,35310,Non,2150140,glyphosate,1071-83-6,Herbicide,Env A,,554.4
2021,35310,Non,2150483,lambda-cyhalothrine,91465-08-6,Insecticide,Santé A,Substitution,7.0
2021,35310,Non,2150484,clopyralid,1702-17-6,Herbicide,Autre,,3.6
2021,35310,Non,2150484,florasulame,145701-23-1,Herbicide,Env A,,0.300
2021,35310,Non,2150785,mesotrione,104206-82-8,Herbicide,Env A,,27.0
2021,35310,Non,2150964,lambda-cyhalothrine,91465-08-6,Insecticide,Santé A,Substitution,3.36
2021,35310,Non,2150968,"2,4-d",94-75-7,Herbicide,Env B,,0.14
2021,35310,Non,2150968,dicamba,1918-00-9,Herbicide,Env B,,0.02
2021,35310,Non,2150973,lambda-cyhalothrine,91465-08-6,Insecticide,Santé A,Substitution,1.92
2021,35310,Non,2160064,fludioxonil,131341-86-1,Fongicide,Env A,,0.013
2021,35310,Non,2160064,tebuconazole,107534-96-3,Fongicide,CMR,,0.0026
2021,35310,Non,2160200,cloquintocet-mexyl,99607-70-2,Autre usage – Coformulant / Phytoprotecteur / Synergiste,Autre,,0.8750
2021,35310,Non,2160200,pinoxaden,243973-20-8,Herbicide,CMR,,3.50
2021,35310,Non,2160226,phosphate ferrique,10045-86-0,Molluscicide,Autre,,1.0648
2021,35310,Non,2160248,dicamba,1918-00-9,Herbicide,Env B,,10.2
2021,35310,Non,2160248,mesotrione,104206-82-8,Herbicide,Env A,,4.25
2021,35310,Non,2160260,metconazole,125116-23-6,Fongicide,CMR,,6.75
2021,35310,Non,2160272,hexythiazox,78587-05-0,Insecticide - Acaricide,Env A,,0.25
2021,35310,Non,2160477,dicamba,1918-00-9,Herbicide,Env B,,4.8
2021,35310,Non,2160527,sels de potassium d'acides gras,10124-65-9,Insecticide,Autre,,2.399
2021,35310,Non,2160556,clomazone,81777-89-1,Herbicide,Env A,,1.08
2021,35310,Non,2160693,cyprosulfamide,221667-31-8,Autre usage – Coformulant / Phytoprotecteur / Synergiste,Autre,,9.45
2021,35310,Non,2160693,isoxaflutole,141112-29-0,Herbicide,CMR,,14.175
2021,35310,Non,2160693,thiencarbazone-methyl,317815-83-1,Herbicide,CMR,,5.67
2021,35310,Non,2160705,soufre,7704-34-9,Fongicide,Autre,,35
2021,35310,Non,2160705,tebuconazole,107534-96-3,Fongicide,CMR,,2.25
2021,35310,Non,2160752,pyridate,55512-33-9,Herbicide,Env A,,18
2021,35310,Non,2160814,diflufenicanil,83164-33-4,Herbicide,Env B,,1
2021,35310,Non,2160818,soufre,7704-34-9,Fongicide,Autre,,24
2021,35310,Non,2160920,fluroxypyr-meptyl,81406-37-3,Herbicide,Autre,,6.8075
2021,35310,Non,2160920,metsulfuron-methyl,74223-64-6,Herbicide,Env A,Substitution,0.175
2021,35310,Non,2160920,thifensulfuron-methyle,79277-27-3,Herbicide,Env A,,1.05
2021,35310,Non,2160931,bixafen,581809-46-3,Fongicide,Env A,,18.655
2021,35310,Non,2160931,fluopyram,658066-35-4,Fongicide,Env A,,18.655
2021,35310,Non,2160931,prothioconazole,178928-70-6,Fongicide,Env A,,37.31
2021,35310,Non,2160936,cloquintocet-mexyl,99607-70-2,Autre usage – Coformulant / Phytoprotecteur / Synergiste,Autre,,0.792
2021,35310,Non,2160936,fluroxypyr-meptyl,81406-37-3,Herbicide,Autre,,26.598
2021,35310,Non,2160936,halauxifen-methyl,943831-98-9,Herbicide,Env A,,0.825
2021,35310,Non,2160937,cloquintocet-mexyl,99607-70-2,Autre usage – Coformulant / Phytoprotecteur / Synergiste,Autre,,0.036
2021,35310,Non,2160937,florasulame,145701-23-1,Herbicide,Env A,,0.030
2021,35310,Non,2160937,halauxifen-methyl,943831-98-9,Herbicide,Env A,,0.03750
2021,35310,Non,2160958,cypermethrine,52315-07-8,Insecticide,Env A,,4.8
2021,35310,Non,2160959,benzovindiflupyr,1072957-71-1,Fongicide,Santé A,Substitution,6.375
2021,35310,Non,2160959,prothioconazole,178928-70-6,Fongicide,Env A,,12.75
2021,35310,Non,2161068,mesotrione,104206-82-8,Herbicide,Env A,,5.25
2021,35310,Non,2161068,nicosulfuron,111991-09-4,Herbicide,Env A,,2.1
2021,35310,Non,2161101,fluxapyroxad,907204-31-3,Fongicide,CMR,,0.75
2021,35310,Non,2161101,pyraclostrobine,175013-18-0,Fongicide,Santé A,,1.5
2021,35310,Non,2170031,metamitrone,41394-05-2,Herbicide,Env A,,7
2021,35310,Non,2170055,dicamba,1918-00-9,Herbicide,Env B,,12.0
2021,35310,Non,2170149,cypermethrine,52315-07-8,Insecticide,Env A,,0.5
2021,35310,Non,2170216,cloquintocet-mexyl,99607-70-2,Autre usage – Coformulant / Phytoprotecteur / Synergiste,Autre,,0.5
2021,35310,Non,2170216,diflufenicanil,83164-33-4,Herbicide,Env B,,2
2021,35310,Non,2170216,florasulame,145701-23-1,Herbicide,Env A,,0.1
2021,35310,Non,2170216,iodosulfuron-methyl-sodium,144550-36-7,Herbicide,Env A,,0.25
2021,35310,Non,2170228,bixafen,581809-46-3,Fongicide,Env A,,4.225
2021,35310,Non,2170228,fluopyram,658066-35-4,Fongicide,Env A,,4.225
2021,35310,Non,2170228,prothioconazole,178928-70-6,Fongicide,Env A,,8.45
2021,35310,Non,2170230,azoxystrobine,131860-33-8,Fongicide,Santé A,,0.03555
2021,35310,Non,2170230,fludioxonil,131341-86-1,Fongicide,Env A,,0.088875
2021,35310,Non,2170230,metalaxyl-m,70630-17-0,Fongicide,Autre,,0.06873
2021,35310,Non,2170230,thiabendazole,148-79-8,Fongicide,Env A,,0.711
2021,35310,Non,2170238,iodosulfuron-methyl-sodium,144550-36-7,Herbicide,Env A,,0.12
2021,35310,Non,2170238,mefenpyr-diethyl,135590-91-9,Autre usage – Coformulant / Phytoprotecteur / Synergiste,Autre,,0.36
2021,35310,Non,2170238,mesosulfuron-methyl,208465-21-8,Herbicide,Env A,,0.12
2021,35310,Non,2170263,cypermethrine,52315-07-8,Insecticide,Env A,,1.5
2021,35310,Non,2170354,trinexapac-ethyl,95266-40-3,Régulateur de croissance,Env A,,5
2021,35310,Non,2170381,mesotrione,104206-82-8,Herbicide,Env A,,26.25
2021,35310,Non,2170381,terbuthylazine,5915-41-3,Herbicide,Env A,,123.75
2021,35310,Non,2170421,mesotrione,104206-82-8,Herbicide,Env A,,6.5
2021,35310,Non,2170424,mesotrione,104206-82-8,Herbicide,Env A,,2
2021,35310,Non,2170437,beauveria bassiana souche atcc 74040,63428-82-0,Insecticide,Autre,,
2021,35310,Non,2170752,sedaxane,874967-67-6,Fongicide,Env A,,0.015
2021,35310,Non,2170757,prochloraze,67747-09-5,Fongicide,Env A,,9.345
2021,35310,Non,2170757,tebuconazole,107534-96-3,Fongicide,CMR,,4.655
2021,35310,Non,2170807,benzovindiflupyr,1072957-71-1,Fongicide,Santé A,Substitution,3.375
2021,35310,Non,2170807,prothioconazole,178928-70-6,Fongicide,Env A,,6.75
2021,35310,Non,2170858,iodosulfuron-methyl-sodium,144550-36-7,Herbicide,Env A,,0.009
2021,35310,Non,2170858,mefenpyr-diethyl,135590-91-9,Autre usage – Coformulant / Phytoprotecteur / Synergiste,Autre,,0.135
2021,35310,Non,2170858,mesosulfuron-methyl,208465-21-8,Herbicide,Env A,,0.045
2021,35310,Non,2171035,tebuconazole,107534-96-3,Fongicide,CMR,,35
2021,35310,Non,2171111,metamitrone,41394-05-2,Herbicide,Env A,,3.5
2021,35310,Non,2171193,mesotrione,104206-82-8,Herbicide,Env A,,2.45
2021,35310,Non,2171193,terbuthylazine,5915-41-3,Herbicide,Env A,,11.55
2021,35310,Non,2171195,lambda-cyhalothrine,91465-08-6,Insecticide,Santé A,Substitution,1.96
2021,35310,Non,2171204,triflusulfuron-methyl,126535-15-7,Herbicide,CMR,,0.12
2021,35310,Non,2171236,mesotrione,104206-82-8,Herbicide,Env A,,3.5
2021,35310,Non,2171236,terbuthylazine,5915-41-3,Herbicide,Env A,,16.5
2021,35310,Non,2171317,"2,4-d",94-75-7,Herbicide,Env B,,9
2021,35310,Non,2180009,dicamba,1918-00-9,Herbicide,Env B,,1.01
2021,35310,Non,2180009,tritosulfuron,142469-14-5,Herbicide,Env A,,0.505
2021,35310,Non,2180124,metalaxyl,57837-19-1,Fongicide,Env B,,0.4644
2021,35310,Non,2180124,prothioconazole,178928-70-6,Fongicide,Env A,,2.322
2021,35310,Non,2180165,dicamba dimethylammonium,2300-66-5,Herbicide,Env B,,57.6
2021,35310,Non,2180233,dicamba,1918-00-9,Herbicide,Env B,,2.4
2021,35310,Non,2180309,clomazone,81777-89-1,Herbicide,Env A,,0.36
2021,35310,Non,2180766,fludioxonil,131341-86-1,Fongicide,Env A,,0.0018
2021,35310,Non,2180766,metalaxyl-m,70630-17-0,Fongicide,Autre,,0.001152
2021,35310,Non,2180766,sedaxane,874967-67-6,Fongicide,Env A,,0.0012
2021,35310,Non,2180865,ipconazole,125225-28-7,Fongicide,CMR,Exclusion,0.15820
2021,35310,Non,2189996,azadirachtine,11141-17-6,Insecticide,CMR,,0.026
2021,35310,Non,2190062,halauxifen-methyl,943831-98-9,Herbicide,Env A,,0.11
2021,35310,Non,2190062,piclorame,1918-02-1,Herbicide,Env A,,0.528
2021,35310,Non,2190173,metaldehyde,108-62-3,Molluscicide,CMR,,2.70
2021,35310,Non,2190173,phosphate ferrique,10045-86-0,Molluscicide,Autre,,4.3740
2021,35310,Non,2190214,aclonifen,74070-46-5,Herbicide,CMR,,2.25
2021,35310,Non,2190214,diflufenicanil,83164-33-4,Herbicide,Env B,,0.3
2021,35310,Non,2190214,flufenacet,142459-58-3,Herbicide,Env A,,0.375
2021,35310,Non,2190328,propaquizafop,111479-05-1,Herbicide,Env A,,0.5
2021,35310,Non,2190468,dicamba,1918-00-9,Herbicide,Env B,,15.0
2021,35310,Non,2190468,prosulfuron,94125-34-5,Herbicide,Env A,Substitution,1.50
2021,35310,Non,2190509,mefentrifluconazole,1417782-03-6,Fongicide,Autre,,1
2021,35310,Non,2190594,"(e,z)-3,8-tetradecadien-1-yl acetate",163041-87-0,Insecticide - Médiateur chimique,Autre,,
2021,35310,Non,2190594,"(e,z,z)-3,8,11-tetradecatrien-1-yl acetate",163041-94-9,Insecticide - Médiateur chimique,Autre,,
2021,35310,Non,2190634,azoxystrobine,131860-33-8,Fongicide,Santé A,,1.25
2021,35310,Non,2190686,fluxapyroxad,907204-31-3,Fongicide,CMR,,36.152
2021,35310,Non,2190686,mefentrifluconazole,1417782-03-6,Fongicide,Autre,,72.304
2021,35310,Non,2190883,prothioconazole,178928-70-6,Fongicide,Env A,,6.25
2021,35310,Non,2190961,prothioconazole,178928-70-6,Fongicide,Env A,,3.75
2021,35310,Non,2200066,fenpicoxamide,517875-34-2,Fongicide,Autre,,2.5
2021,35310,Non,2200756,prohexadione-calcium,127277-53-6,Régulateur de croissance,Env B,,7.5
2021,35310,Non,2210192,prosulfocarbe,52888-80-9,Herbicide,Env A,,32
2021,35310,Non,5100219,soufre sublime,7704-34-9,Fongicide,Autre,,198
2021,35310,Non,7200313,alcools terpeniques,98-55-5,Autre usage – Adjuvant,Autre,,16.625
2021,35310,Non,7700216,soufre pour pulverisation (micronise),7704-34-9,Fongicide,Autre,,82.5
2021,35310,Non,8100291,metazachlore,67129-08-2,Herbicide,CMR,,5
2021,35310,Non,8100345,hymexazol,10004-44-1,Fongicide,Env B,,0.049
2021,35310,Non,8300063,soufre pour pulverisation (micronise),7704-34-9,Fongicide,Autre,,48
2021,35310,Non,8400096,dicamba,1918-00-9,Herbicide,Env B,,27.84
2021,35310,Non,8400255,metsulfuron-methyl,74223-64-6,Herbicide,Env A,Substitution,0.26
2021,35310,Non,8400528,isoxaben,82558-50-7,Herbicide,Env B,,2
2021,35310,Non,8400574,propyzamide,23950-58-5,Herbicide,CMR,Substitution,22
2021,35310,Non,8600243,aclonifen,74070-46-5,Herbicide,CMR,,24
2021,35310,Non,8700002,chlortoluron,15545-48-9,Herbicide,CMR,,5
2021,35310,Non,8700020,flurochloridone,61213-25-0,Herbicide,CMR,Exclusion,5
2021,35310,Non,8700196,butoxyde de piperonyle,51-03-6,Autre usage – Coformulant / Phytoprotecteur / Synergiste,Autre,,0.225
2021,35310,Non,8700196,deltamethrine,52918-63-5,Insecticide,Santé A,,0.025
2021,35310,Non,8700462,prosulfocarbe,52888-80-9,Herbicide,Env A,,360
2021,35310,Non,8800029,phenmediphame,13684-63-4,Herbicide,Env A,,2.4
2021,35310,Non,8800395,lambda-cyhalothrine,91465-08-6,Insecticide,Santé A,Substitution,0.075
2021,35310,Non,8800395,pyrimicarbe,23103-98-2,Insecticide,CMR,,1.5
2021,35310,Non,8900564,tau-fluvalinate,102851-06-9,Insecticide,Env A,,2.16
2021,35310,Non,8900681,pendimethaline,40487-42-1,Herbicide,Env A,Substitution,30
2021,35310,Non,9000069,ethofumesate,26225-79-6,Herbicide,Env A,,5.0
2021,35310,Non,9000163,rimsulfuron,122931-48-0,Herbicide,Env A,,0.025
2021,35310,Non,9000184,"2,4-mcpa",94-74-6,Herbicide,Env A,,1
2021,35310,Non,9000184,clopyralid,1702-17-6,Herbicide,Autre,,0.1
2021,35310,Non,9000184,fluroxypyr-meptyl,81406-37-3,Herbicide,Autre,,0.288
2021,35310,Non,9000222,soufre,7704-34-9,Fongicide,Autre,,140
2021,35310,Non,9000259,amidosulfuron,120923-37-7,Herbicide,Env A,,0.45
2021,35310,Non,9000619,chlortoluron,15545-48-9,Herbicide,CMR,,75
2021,35310,Non,9000753,metaldehyde,108-62-3,Molluscicide,CMR,,0.75
2021,35310,Non,9100034,chlormequat chlorure,999-81-5,Régulateur de croissance,Autre,,234.6
2021,35310,Non,9100046,trinexapac-ethyl,95266-40-3,Régulateur de croissance,Env A,,1.75
2021,35310,Non,9100296,"2,4-d",94-75-7,Herbicide,Env B,,21
2021,35310,Non,9100418,nicosulfuron,111991-09-4,Herbicide,Env A,,6.36
2021,35310,Non,9200073,triflusulfuron-methyl,126535-15-7,Herbicide,CMR,,0.30
2021,35310,Non,9200159,pyrimethanil,53112-28-0,Fongicide,Env A,,4
2021,35310,Non,9200548,thirame,137-26-8,Fongicide,Env A,,0.024
2021,35310,Non,9300322,metamitrone,41394-05-2,Herbicide,Env A,,3.5
2021,35310,Non,9400008,triticonazole,131983-72-7,Fongicide,Env A,,2.688
2021,35310,Non,9400052,clethodime,99129-21-2,Herbicide,Env B,,4.32
2021,35310,Non,9400463,phenmediphame,13684-63-4,Herbicide,Env A,,3.2
2021,35310,Non,9500150,isoxaben,82558-50-7,Herbicide,Env B,,0.107
2021,35310,Non,9500150,oryzalin,19044-88-3,Herbicide,CMR,,0.429
2021,35310,Non,9500361,metamitrone,41394-05-2,Herbicide,Env A,,10.5
2021,35310,Non,9500568,cyprodinil,121552-61-2,Fongicide,Env A,,1.875
2021,35310,Non,9500568,fludioxonil,131341-86-1,Fongicide,Env A,,1.25
2021,35310,Non,9500595,"2,4-d",94-75-7,Herbicide,Env B,,0.60
2021,35310,Non,9500595,"2,4-mcpa",94-74-6,Herbicide,Env A,,0.700
2021,35310,Non,9500595,clopyralid,1702-17-6,Herbicide,Autre,,0.140
2021,35310,Non,9500628,bentazone,25057-89-0,Herbicide,Env B,,2.61
2021,35310,Non,9600093,azoxystrobine,131860-33-8,Fongicide,Santé A,,5
2021,35310,Non,9600370,"2,4-mcpa",94-74-6,Herbicide,Env A,,8.75
2021,35310,Non,9600370,clopyralid (sous forme de sel de monoethanolamine),57754-85-5,Herbicide,Autre,,0.875
2021,35310,Non,9600390,glyphosate,1071-83-6,Herbicide,Env A,,158.4
2021,35310,Non,9800018,clomazone,81777-89-1,Herbicide,Env A,,0.6
2021,35310,Non,9800018,dimethachlore,50563-36-5,Herbicide,Env A,,3.750
2021,35310,Non,9800018,napropamide,15299-99-7,Herbicide,Env A,,3.750
2021,35310,Non,9800182,s-metolachlore,87392-12-9,Herbicide,Env A,,24
2021,35310,Non,9800219,ethephon,16672-87-0,Régulateur de croissance,Santé A,,2.4
2021,35310,Non,9800336,lambda-cyhalothrine,91465-08-6,Insecticide,Santé A,Substitution,2.3
2021,35310,Non,9800344,fludioxonil,131341-86-1,Fongicide,Env A,,0.14875
2021,35310,Non,9800344,metalaxyl-m,70630-17-0,Fongicide,Autre,,0.057715
2021,35310,Non,9800347,fluroxypyr-meptyl,81406-37-3,Herbicide,Autre,,0.144
2021,35310,Non,9800347,triclopyr,55335-06-3,Herbicide,Env B,,0.3
2021,35310,Non,9900047,mesotrione,104206-82-8,Herbicide,Env A,,2
2021,35310,Non,9900119,isoxaben,82558-50-7,Herbicide,Env B,,0.052
2021,35310,Non,9900119,oryzalin,19044-88-3,Herbicide,CMR,,0.216
2021,35310,Non,9900251,dimethenamide-p (dmta-p),163515-14-8,Herbicide,Env A,,93.672
2021,35310,Non,9900257,cuivre du sulfate de cuivre,8011-63-0,Fongicide,Env A,Substitution,0.4
2021,35310,Non,9900340,pendimethaline,40487-42-1,Herbicide,Env A,Substitution,19.2
2021,35310,Non,9900340,picolinafen,137641-05-5,Herbicide,Env A,,0.96
2021,35410,Non,2000003,metazachlore,67129-08-2,Herbicide,CMR,,15.0
2021,35410,Non,2000018,soufre pour pulverisation (micronise),7704-34-9,Fongicide,Autre,,368
2021,35410,Non,2000125,cuivre du sulfate de cuivre,8011-63-0,Fongicide,Env A,Substitution,7.98
2021,35410,Non,2000201,silthiofam,175217-20-6,Fongicide,Env A,,2.81500
2021,35410,Non,2000299,clomazone,81777-89-1,Herbicide,Env A,,1.80
2021,35410,Non,2000301,foramsulfuron,173159-57-4,Herbicide,Env A,,0.90
2021,35410,Non,2000301,isoxadifen-ethyl,163520-33-0,Autre usage – Coformulant / Phytoprotecteur / Synergiste,Env A,,0.90
2021,35410,Non,2000316,esfenvalerate,66230-04-4,Insecticide,Santé A,Substitution,0.30
2021,35410,Non,2000327,carfentrazone ethyl,128639-02-1,Herbicide,Env A,,0.3
2021,35410,Non,2000369,metsulfuron-methyl,74223-64-6,Herbicide,Env A,Substitution,0.24
2021,35410,Non,2000380,clethodime,99129-21-2,Herbicide,Env B,,3.00
2021,35410,Non,2010023,deltamethrine,52918-63-5,Insecticide,Santé A,,0.45
2021,35410,Non,2010030,mepiquat-chlorure,24307-26-4,Régulateur de croissance,Env B,,9.0
2021,35410,Non,2010030,prohexadione-calcium,127277-53-6,Régulateur de croissance,Env B,,1.50
2021,35410,Non,2010239,florasulame,145701-23-1,Herbicide,Env A,,0.005
2021,35410,Non,2010239,fluroxypyr-meptyl,81406-37-3,Herbicide,Autre,,0.7205
2021,35410,Non,2010240,florasulame,145701-23-1,Herbicide,Env A,,0.0125
2021,35410,Non,2010240,fluroxypyr-meptyl,81406-37-3,Herbicide,Autre,,0.7205
2021,35410,Non,2010280,metconazole,125116-23-6,Fongicide,CMR,,1.8
2021,35410,Non,2020241,bacillus thuringiensis ssp aizawai souche abts-1857,68038-71-1,Insecticide,Autre,,0.54
2021,35410,Non,2020474,metazachlore,67129-08-2,Herbicide,CMR,,10.0
2021,35410,Non,2030071,metaldehyde,108-62-3,Molluscicide,CMR,,0.75
2021,35410,Non,2030323,fludioxonil,131341-86-1,Fongicide,Env A,,0.90175
2021,35410,Non,2030332,"2,4-d",94-75-7,Herbicide,Env B,,2.4
2021,35410,Non,2030332,dichlorprop-p,15165-67-0,Herbicide,Autre,,1.2
2021,35410,Non,2030342,chlormequat chlorure,999-81-5,Régulateur de croissance,Autre,,73.6
2021,35410,Non,2040146,tefluthrine,79538-32-2,Insecticide,Santé A,,2.992
2021,35410,Non,2040354,lecanicillium muscarium souche ve6,67892-35-7,Insecticide,Autre,,0.966
2021,35410,Non,2050046,flonicamide,158062-67-0,Insecticide,Autre,,4.25
2021,35410,Non,2060045,huile vegetale,,SA non phyto - Divers,Autre,,0.35
2021,35410,Non,2060045,resines (colophane),8050-09-7,SA non phyto - Divers,Autre,,3.4
2021,35410,Non,2060084,boscalid,188425-85-6,Fongicide,Env A,,0.267
2021,35410,Non,2060084,pyraclostrobine,175013-18-0,Fongicide,Santé A,,0.067
2021,35410,Non,2060088,benoxacor,98730-04-2,Autre usage – Coformulant / Phytoprotecteur / Synergiste,Autre,,7.6
2021,35410,Non,2060088,mesotrione,104206-82-8,Herbicide,Env A,,15.2
2021,35410,Non,2060088,s-metolachlore,87392-12-9,Herbicide,Env A,,152
2021,35410,Non,2060098,spinosad,168316-95-8,Insecticide,Env A,,0.048
2021,35410,Non,2060113,bifenazate,149877-41-8,Insecticide - Acaricide,Env A,,0.36
2021,35410,Non,2060116,prothioconazole,178928-70-6,Fongicide,Env A,,5.00
2021,35410,Non,2060127,prothioconazole,178928-70-6,Fongicide,Env A,,0.045
2021,35410,Non,2060134,captane,133-06-2,Fongicide,CMR,,28.8
2021,35410,Non,2060194,tefluthrine,79538-32-2,Insecticide,Santé A,,1.98
2021,35410,Non,2070107,fosetyl,15845-66-6,Fongicide,Autre,,0.62
2021,35410,Non,2070107,propamocarbe,24579-73-5,Fongicide,Autre,,1.06
2021,35410,Non,2070184,chlortoluron,15545-48-9,Herbicide,CMR,,32
2021,35410,Non,2070184,diflufenicanil,83164-33-4,Herbicide,Env B,,2
2021,35410,Non,2070221,metazachlore,67129-08-2,Herbicide,CMR,,2
2021,35410,Non,2070221,quinmerac,90717-03-6,Herbicide,Env B,,0.5
2021,35410,Non,2080026,nicosulfuron,111991-09-4,Herbicide,Env A,,9.72
2021,35410,Non,2080094,florasulame,145701-23-1,Herbicide,Env A,,1.36
2021,35410,Non,2080094,isoxaben,82558-50-7,Herbicide,Env B,,20.74
2021,35410,Non,2080102,azoxystrobine,131860-33-8,Fongicide,Santé A,,1
2021,35410,Non,2080102,difenoconazole,119446-68-3,Fongicide,Env A,,0.625
2021,35410,Non,2080112,thirame,137-26-8,Fongicide,Env A,,4.8336
2021,35410,Non,2080114,cymoxanil,57966-95-7,Fongicide,CMR,,0.5
2021,35410,Non,2080114,propamocarbe hcl,25606-41-1,Fongicide,Autre,,4
2021,35410,Non,2080117,prosulfuron,94125-34-5,Herbicide,Env A,Substitution,0.2625
2021,35410,Non,2080123,metsulfuron-methyl,74223-64-6,Herbicide,Env A,Substitution,0.16
2021,35410,Non,2080125,metsulfuron-methyl,74223-64-6,Herbicide,Env A,Substitution,0.28
2021,35410,Non,2080136,pyridate,55512-33-9,Herbicide,Env A,,1.35
2021,35410,Non,2080145,diflufenicanil,83164-33-4,Herbicide,Env B,,32
2021,35410,Non,2080145,flufenacet,142459-58-3,Herbicide,Env A,,64
2021,35410,Non,2090008,thirame,137-26-8,Fongicide,Env A,,0.1066
2021,35410,Non,2090011,pendimethaline,40487-42-1,Herbicide,Env A,Substitution,13.65
2021,35410,Non,2090016,imazamox,114311-32-9,Herbicide,Env A,Substitution,3.674
2021,35410,Non,2090016,pendimethaline,40487-42-1,Herbicide,Env A,Substitution,55
2021,35410,Non,2090037,dicamba,1918-00-9,Herbicide,Env B,,4.5
2021,35410,Non,2090037,prosulfuron,94125-34-5,Herbicide,Env A,Substitution,0.45
2021,35410,Non,2090050,cypermethrine,52315-07-8,Insecticide,Env A,,6.336
2021,35410,Non,2090068,mepiquat-chlorure,24307-26-4,Régulateur de croissance,Env B,,5.25
2021,35410,Non,2090068,metconazole,125116-23-6,Fongicide,CMR,,0.75
2021,35410,Non,2090093,glyphosate,1071-83-6,Herbicide,Env A,,135
2021,35410,Non,2090101,nicosulfuron,111991-09-4,Herbicide,Env A,,3.4
2021,35410,Non,2090111,cypermethrine,52315-07-8,Insecticide,Env A,,10.359
2021,35410,Non,2090112,dimethenamide-p (dmta-p),163515-14-8,Herbicide,Env A,,3
2021,35410,Non,2090112,metazachlore,67129-08-2,Herbicide,CMR,,3
2021,35410,Non,2090117,tebuconazole,107534-96-3,Fongicide,CMR,,1
2021,35410,Non,2090118,flufenacet,142459-58-3,Herbicide,Env A,,6.0
2021,35410,Non,2090118,pendimethaline,40487-42-1,Herbicide,Env A,Substitution,30
2021,35410,Non,2090146,abamectine,71751-41-2,Insecticide,CMR,,0.00045
2021,35410,Non,2090146,pyrethrines,8003-34-7,Insecticide,Env A,,0.006
2021,35410,Non,2090149,ethephon,16672-87-0,Régulateur de croissance,Santé A,,4.8
2021,35410,Non,2090153,dicamba,1918-00-9,Herbicide,Env B,,30.0
2021,35410,Non,2090153,tritosulfuron,142469-14-5,Herbicide,Env A,,6.25
2021,35410,Non,2090159,tritosulfuron,142469-14-5,Herbicide,Env A,,5.0694
2021,35410,Non,2090186,prosulfocarbe,52888-80-9,Herbicide,Env A,,16
2021,35410,Non,2090188,glyphosate,1071-83-6,Herbicide,Env A,,14.4
2021,35410,Non,2090199,huile de colza,8002-13-9,Insecticide,Autre,,1.444275
2021,35410,Non,2090199,pyrethrines,8003-34-7,Insecticide,Env A,,0.008033
2021,35410,Non,2090200,huile de colza,8002-13-9,Insecticide,Autre,,0.136125
2021,35410,Non,2090200,pyrethrines,8003-34-7,Insecticide,Env A,,0.000743
2021,35410,Non,2100014,metsulfuron-methyl,74223-64-6,Herbicide,Env A,Substitution,0.0201
2021,35410,Non,2100014,thifensulfuron-methyle,79277-27-3,Herbicide,Env A,,0.0999
2021,35410,Non,2100015,thifensulfuron-methyle,79277-27-3,Herbicide,Env A,,0.270
2021,35410,Non,2100026,cypermethrine,52315-07-8,Insecticide,Env A,,1.0
2021,35410,Non,2100030,phosphate ferrique,10045-86-0,Molluscicide,Autre,,0.594
2021,35410,Non,2100037,boscalid,188425-85-6,Fongicide,Env A,,1
2021,35410,Non,2100037,dimoxystrobine,149961-52-4,Fongicide,CMR,,1
2021,35410,Non,2100051,ipconazole,125225-28-7,Fongicide,CMR,Exclusion,0.02265
2021,35410,Non,2100052,cyprodinil,121552-61-2,Fongicide,Env A,,1.5
2021,35410,Non,2100108,prothioconazole,178928-70-6,Fongicide,Env A,,10.625
2021,35410,Non,2100108,tebuconazole,107534-96-3,Fongicide,CMR,,10.625
2021,35410,Non,2100111,mesotrione,104206-82-8,Herbicide,Env A,,5.625
2021,35410,Non,2100111,nicosulfuron,111991-09-4,Herbicide,Env A,,2.25
2021,35410,Non,2100112,ethephon,16672-87-0,Régulateur de croissance,Santé A,,16.8
2021,35410,Non,2100121,chlorantraniliprole,500008-45-7,Insecticide,Env A,,0.8
2021,35410,Non,2100122,chlorantraniliprole,500008-45-7,Insecticide,Env A,,1.68
2021,35410,Non,2100138,cloquintocet-mexyl,99607-70-2,Autre usage – Coformulant / Phytoprotecteur / Synergiste,Autre,,2.1875
2021,35410,Non,2100138,pinoxaden,243973-20-8,Herbicide,CMR,,8.75
2021,35410,Non,2100140,clodinafop-propargyl,105512-06-9,Herbicide,Env A,,4.125
2021,35410,Non,2100140,cloquintocet-mexyl,99607-70-2,Autre usage – Coformulant / Phytoprotecteur / Synergiste,Autre,,1.03125
2021,35410,Non,2100140,pinoxaden,243973-20-8,Herbicide,CMR,,4.125
2021,35410,Non,2100175,prothioconazole,178928-70-6,Fongicide,Env A,,0.516
2021,35410,Non,2100186,glyphosate,1071-83-6,Herbicide,Env A,,21.6
2021,35410,Non,2100215,pendimethaline,40487-42-1,Herbicide,Env A,Substitution,4
2021,35410,Non,2100234,diflufenicanil,83164-33-4,Herbicide,Env B,,12
2021,35410,Non,2100234,iodosulfuron-methyl-sodium,144550-36-7,Herbicide,Env A,,0.75
2021,35410,Non,2100234,mefenpyr-diethyl,135590-91-9,Autre usage – Coformulant / Phytoprotecteur / Synergiste,Autre,,2.7
2021,35410,Non,2100234,mesosulfuron-methyl,208465-21-8,Herbicide,Env A,,0.9
2021,35410,Non,2110004,propyzamide,23950-58-5,Herbicide,CMR,Substitution,28
2021,35410,Non,2110012,cyazofamide,120116-88-3,Fongicide,Env A,,0.64
2021,35410,Non,2110018,difenoconazole,119446-68-3,Fongicide,Env A,,0.17425
2021,35410,Non,2110018,fludioxonil,131341-86-1,Fongicide,Env A,,0.17425
2021,35410,Non,2110063,clopyralid,1702-17-6,Herbicide,Autre,,0.108
2021,35410,Non,2110102,difenoconazole,119446-68-3,Fongicide,Env A,,2.28200
2021,35410,Non,2110102,fludioxonil,131341-86-1,Fongicide,Env A,,2.28200
2021,35410,Non,2110102,sedaxane,874967-67-6,Fongicide,Env A,,4.5640
2021,35410,Non,2110104,clopyralid,1702-17-6,Herbicide,Autre,,1.12
2021,35410,Non,2110104,florasulame,145701-23-1,Herbicide,Env A,,0.035
2021,35410,Non,2110104,fluroxypyr-meptyl,81406-37-3,Herbicide,Autre,,2.016
2021,35410,Non,2110105,azoxystrobine,131860-33-8,Fongicide,Santé A,,0.395
2021,35410,Non,2110143,metribuzine,21087-64-9,Herbicide,Env A,,0.6
2021,35410,Non,2110144,fluxapyroxad,907204-31-3,Fongicide,CMR,,2.0000
2021,35410,Non,2110147,fludioxonil,131341-86-1,Fongicide,Env A,,0.5
2021,35410,Non,2110149,huile de colza,8002-13-9,Insecticide,Autre,,2.46064
2021,35410,Non,2110150,huile de colza,8002-13-9,Insecticide,Autre,,8.74125
2021,35410,Non,2110162,azoxystrobine,131860-33-8,Fongicide,Santé A,,12.85
2021,35410,Non,2110167,tebuconazole,107534-96-3,Fongicide,CMR,,9.46
2021,35410,Non,2110192,metsulfuron-methyl,74223-64-6,Herbicide,Env A,Substitution,0.08
2021,35410,Non,2120041,zirame,137-30-4,Fongicide,Santé A,,1.3818
2021,35410,Non,2120048,aminopyralid,150114-71-9,Herbicide,Env A,,0.63
2021,35410,Non,2120048,triclopyr,55335-06-3,Herbicide,Env B,,5.04
2021,35410,Non,2120066,dichlorprop-p,15165-67-0,Herbicide,Autre,,6
2021,35410,Non,2120066,picolinafen,137641-05-5,Herbicide,Env A,,0.2
2021,35410,Non,2120075,dimethenamide-p (dmta-p),163515-14-8,Herbicide,Env A,,10
2021,35410,Non,2120075,metazachlore,67129-08-2,Herbicide,CMR,,10
2021,35410,Non,2120075,quinmerac,90717-03-6,Herbicide,Env B,,5
2021,35410,Non,2120081,"cydia pomonella granulovirus, isolat r5 (cpgv-r5)",,Insecticide,Autre,,
2021,35410,Non,2120120,bentazone,25057-89-0,Herbicide,Env B,,4.8
2021,35410,Non,2120120,imazamox,114311-32-9,Herbicide,Env A,Substitution,0.224
2021,35410,Non,2130063,nicosulfuron,111991-09-4,Herbicide,Env A,,0.6
2021,35410,Non,2130068,diflufenicanil,83164-33-4,Herbicide,Env B,,7.0
2021,35410,Non,2130083,lambda-cyhalothrine,91465-08-6,Insecticide,Santé A,Substitution,0.4
2021,35410,Non,2130091,diflufenicanil,83164-33-4,Herbicide,Env B,,1.5
2021,35410,Non,2130140,diflufenicanil,83164-33-4,Herbicide,Env B,,0.8
2021,35410,Non,2130140,pendimethaline,40487-42-1,Herbicide,Env A,Substitution,8
2021,35410,Non,2130152,fluopyram,658066-35-4,Fongicide,Env A,,2.5
2021,35410,Non,2130152,trifloxystrobine,141517-21-7,Fongicide,Env A,,2.5
2021,35410,Non,2130153,acide acetique,64-19-7,Herbicide,Autre,,13.896
2021,35410,Non,2130164,cyprosulfamide,221667-31-8,Autre usage – Coformulant / Phytoprotecteur / Synergiste,Autre,,0.375
2021,35410,Non,2130164,foramsulfuron,173159-57-4,Herbicide,Env A,,0.75
2021,35410,Non,2130164,thiencarbazone-methyl,317815-83-1,Herbicide,CMR,,0.25
2021,35410,Non,2130202,fluopyram,658066-35-4,Fongicide,Env A,,2.04
2021,35410,Non,2130202,prothioconazole,178928-70-6,Fongicide,Env A,,2.04
2021,35410,Non,2130251,lambda-cyhalothrine,91465-08-6,Insecticide,Santé A,Substitution,1.1
2021,35410,Non,2130253,"2,4-d",94-75-7,Herbicide,Env B,,2.4
2021,35410,Non,2130253,glyphosate,1071-83-6,Herbicide,Env A,,3.6
2021,35410,Non,2130266,bromuconazole,116255-48-2,Fongicide,Env A,,6.680
2021,35410,Non,2130266,tebuconazole,107534-96-3,Fongicide,CMR,,4.280
2021,35410,Non,2140040,phosmet,732-11-6,Insecticide,CMR,,7.5
2021,35410,Non,2140051,fluxapyroxad,907204-31-3,Fongicide,CMR,,0.22644
2021,35410,Non,2140078,fludioxonil,131341-86-1,Fongicide,Env A,,0.4
2021,35410,Non,2140078,tefluthrine,79538-32-2,Insecticide,Santé A,,1.6
2021,35410,Non,2140082,trinexapac-ethyl,95266-40-3,Régulateur de croissance,Env A,,0.525
2021,35410,Non,2140084,polysulfure de calcium,1344-81-6,Fongicide,Env A,,7.6
2021,35410,Non,2140090,azadirachtine,11141-17-6,Insecticide,CMR,,0.0098
2021,35410,Non,2140098,aminopyralid,150114-71-9,Herbicide,Env A,,0.26350
2021,35410,Non,2140098,propyzamide,23950-58-5,Herbicide,CMR,Substitution,25.0
2021,35410,Non,2140121,acide pelargonique,112-05-0,Herbicide,Autre,,102.87647
2021,35410,Non,2140148,dicamba,1918-00-9,Herbicide,Env B,,2.4
2021,35410,Non,2140156,"2,4-mcpa",94-74-6,Herbicide,Env A,,18.669
2021,35410,Non,2140156,clopyralid,1702-17-6,Herbicide,Autre,,1.631
2021,35410,Non,2140156,fluroxypyr,69377-81-7,Herbicide,Env B,,4.2
2021,35410,Non,2140173,fluxapyroxad,907204-31-3,Fongicide,CMR,,6.2500
2021,35410,Non,2140173,metconazole,125116-23-6,Fongicide,CMR,,4.500
2021,35410,Non,2140252,phosphate ferrique,10045-86-0,Molluscicide,Autre,,3.36125
2021,35410,Non,2140257,iodosulfuron-methyl-sodium,144550-36-7,Herbicide,Env A,,0.01
2021,35410,Non,2140257,mefenpyr-diethyl,135590-91-9,Autre usage – Coformulant / Phytoprotecteur / Synergiste,Autre,,0.15
2021,35410,Non,2140257,mesosulfuron-methyl,208465-21-8,Herbicide,Env A,,0.05
2021,35410,Non,2140258,iodosulfuron-methyl-sodium,144550-36-7,Herbicide,Env A,,0.600
2021,35410,Non,2140258,mesosulfuron-methyl,208465-21-8,Herbicide,Env A,,0.600
2021,35410,Non,2150019,silthiofam,175217-20-6,Fongicide,Env A,,0.705
2021,35410,Non,2150022,dicamba,1918-00-9,Herbicide,Env B,,7.2
2021,35410,Non,2150104,huile minerale paraffinique,8042-47-5,Insecticide - Acaricide,Autre,,759.810
2021,35410,Non,2150125,diflufenicanil,83164-33-4,Herbicide,Env B,,0.8
2021,35410,Non,2150140,glyphosate,1071-83-6,Herbicide,Env A,,223.2
2021,35410,Non,2150417,bacillus thuringiensis ssp kurstaki souche abts-351,68038-71-1,Insecticide,Autre,,0.316721
2021,35410,Non,2150483,lambda-cyhalothrine,91465-08-6,Insecticide,Santé A,Substitution,0.16
2021,35410,Non,2150484,clopyralid,1702-17-6,Herbicide,Autre,,5.1
2021,35410,Non,2150484,florasulame,145701-23-1,Herbicide,Env A,,0.425
2021,35410,Non,2150785,mesotrione,104206-82-8,Herbicide,Env A,,2.0
2021,35410,Non,2150790,phosphate ferrique,10045-86-0,Molluscicide,Autre,,3.524
2021,35410,Non,2150870,florasulame,145701-23-1,Herbicide,Env A,,0.1
2021,35410,Non,2160008,fluopyram,658066-35-4,Fongicide,Env A,,1.2
2021,35410,Non,2160008,tebuconazole,107534-96-3,Fongicide,CMR,,1.2
2021,35410,Non,2160115,acide pelargonique,112-05-0,Herbicide,Autre,,15.89787
2021,35410,Non,2160200,cloquintocet-mexyl,99607-70-2,Autre usage – Coformulant / Phytoprotecteur / Synergiste,Autre,,0.0625
2021,35410,Non,2160200,pinoxaden,243973-20-8,Herbicide,CMR,,0.25
2021,35410,Non,2160226,phosphate ferrique,10045-86-0,Molluscicide,Autre,,1.936
2021,35410,Non,2160248,dicamba,1918-00-9,Herbicide,Env B,,4.8
2021,35410,Non,2160248,mesotrione,104206-82-8,Herbicide,Env A,,2
2021,35410,Non,2160260,metconazole,125116-23-6,Fongicide,CMR,,5.85
2021,35410,Non,2160384,trinexapac-ethyl,95266-40-3,Régulateur de croissance,Env A,,2
2021,35410,Non,2160387,tebuconazole,107534-96-3,Fongicide,CMR,,6.25
2021,35410,Non,2160484,difenoconazole,119446-68-3,Fongicide,Env A,,1.25975
2021,35410,Non,2160484,fludioxonil,131341-86-1,Fongicide,Env A,,1.25975
2021,35410,Non,2160527,sels de potassium d'acides gras,10124-65-9,Insecticide,Autre,,5.7576
2021,35410,Non,2160556,clomazone,81777-89-1,Herbicide,Env A,,1.8
2021,35410,Non,2160693,cyprosulfamide,221667-31-8,Autre usage – Coformulant / Phytoprotecteur / Synergiste,Autre,,1.5
2021,35410,Non,2160693,isoxaflutole,141112-29-0,Herbicide,CMR,,2.25
2021,35410,Non,2160693,thiencarbazone-methyl,317815-83-1,Herbicide,CMR,,0.9
2021,35410,Non,2160752,pyridate,55512-33-9,Herbicide,Env A,,36
2021,35410,Non,2160817,clomazone,81777-89-1,Herbicide,Env A,,0.86
2021,35410,Non,2160817,pendimethaline,40487-42-1,Herbicide,Env A,Substitution,5.96
2021,35410,Non,2160931,bixafen,581809-46-3,Fongicide,Env A,,0.975
2021,35410,Non,2160931,fluopyram,658066-35-4,Fongicide,Env A,,0.975
2021,35410,Non,2160931,prothioconazole,178928-70-6,Fongicide,Env A,,1.95
2021,35410,Non,2160936,cloquintocet-mexyl,99607-70-2,Autre usage – Coformulant / Phytoprotecteur / Synergiste,Autre,,0.024
2021,35410,Non,2160936,fluroxypyr-meptyl,81406-37-3,Herbicide,Autre,,0.806
2021,35410,Non,2160936,halauxifen-methyl,943831-98-9,Herbicide,Env A,,0.025
2021,35410,Non,2160937,cloquintocet-mexyl,99607-70-2,Autre usage – Coformulant / Phytoprotecteur / Synergiste,Autre,,0.090
2021,35410,Non,2160937,florasulame,145701-23-1,Herbicide,Env A,,0.075
2021,35410,Non,2160937,halauxifen-methyl,943831-98-9,Herbicide,Env A,,0.09375
2021,35410,Non,2160959,benzovindiflupyr,1072957-71-1,Fongicide,Santé A,Substitution,1.275
2021,35410,Non,2160959,prothioconazole,178928-70-6,Fongicide,Env A,,2.55
2021,35410,Non,2160976,prosulfuron,94125-34-5,Herbicide,Env A,Substitution,0.24
2021,35410,Non,2161068,mesotrione,104206-82-8,Herbicide,Env A,,1.875
2021,35410,Non,2161068,nicosulfuron,111991-09-4,Herbicide,Env A,,0.75
2021,35410,Non,2161101,fluxapyroxad,907204-31-3,Fongicide,CMR,,11.625
2021,35410,Non,2161101,pyraclostrobine,175013-18-0,Fongicide,Santé A,,23.25
2021,35410,Non,2170055,dicamba,1918-00-9,Herbicide,Env B,,2.4
2021,35410,Non,2170158,dimethenamide-p (dmta-p),163515-14-8,Herbicide,Env A,,8.325
2021,35410,Non,2170158,quinmerac,90717-03-6,Herbicide,Env B,,4.175
2021,35410,Non,2170228,bixafen,581809-46-3,Fongicide,Env A,,0.975
2021,35410,Non,2170228,fluopyram,658066-35-4,Fongicide,Env A,,0.975
2021,35410,Non,2170228,prothioconazole,178928-70-6,Fongicide,Env A,,1.95
2021,35410,Non,2170230,azoxystrobine,131860-33-8,Fongicide,Santé A,,0.00330
2021,35410,Non,2170230,fludioxonil,131341-86-1,Fongicide,Env A,,0.008250
2021,35410,Non,2170230,metalaxyl-m,70630-17-0,Fongicide,Autre,,0.00638
2021,35410,Non,2170230,thiabendazole,148-79-8,Fongicide,Env A,,0.066
2021,35410,Non,2170243,acide pelargonique,112-05-0,Herbicide,Autre,,37.055
2021,35410,Non,2170263,cypermethrine,52315-07-8,Insecticide,Env A,,0.5
2021,35410,Non,2170354,trinexapac-ethyl,95266-40-3,Régulateur de croissance,Env A,,1.25
2021,35410,Non,2170381,mesotrione,104206-82-8,Herbicide,Env A,,16.10
2021,35410,Non,2170381,terbuthylazine,5915-41-3,Herbicide,Env A,,75.90
2021,35410,Non,2170434,acetate de tetradecyle,638-59-5,Insecticide - Médiateur chimique,Autre,,0.0099
2021,35410,Non,2170434,"e8,e10-dodecadiene-1-ol",33956-49-9,Insecticide - Médiateur chimique,Env A,,0.0511
2021,35410,Non,2170434,z-11-tetradecenyl acetate,20711-10-8,Insecticide - Médiateur chimique,Autre,,0.0403
2021,35410,Non,2170752,sedaxane,874967-67-6,Fongicide,Env A,,0.01
2021,35410,Non,2170757,prochloraze,67747-09-5,Fongicide,Env A,,14.685
2021,35410,Non,2170757,tebuconazole,107534-96-3,Fongicide,CMR,,7.315
2021,35410,Non,2170933,prohexadione-calcium,127277-53-6,Régulateur de croissance,Env B,,1.35
2021,35410,Non,2170933,trinexapac-ethyl,95266-40-3,Régulateur de croissance,Env A,,2.025
2021,35410,Non,2170978,huile de colza,8002-13-9,Insecticide,Autre,,1.48442
2021,35410,Non,2171035,tebuconazole,107534-96-3,Fongicide,CMR,,3.75
2021,35410,Non,2171067,bicarbonate de potassium,298-14-6,Fongicide,Autre,,0.015938
2021,35410,Non,2171134,dithianon,3347-22-6,Fongicide,Env A,,30
2021,35410,Non,2171140,dithianon,3347-22-6,Fongicide,Env A,,3.5
2021,35410,Non,2171200,bicarbonate de potassium,298-14-6,Fongicide,Autre,,74.6175
2021,35410,Non,2171236,mesotrione,104206-82-8,Herbicide,Env A,,1.05
2021,35410,Non,2171236,terbuthylazine,5915-41-3,Herbicide,Env A,,4.95
2021,35410,Non,2171312,huile de colza,8002-13-9,Insecticide,Autre,,0.042
2021,35410,Non,2171312,pyrethrines,8003-34-7,Insecticide,Env A,,0.00042
2021,35410,Non,2179999,iodosulfuron-methyl-sodium,144550-36-7,Herbicide,Env A,,0.0225
2021,35410,Non,2179999,mesosulfuron-methyl,208465-21-8,Herbicide,Env A,,0.0225
2021,35410,Non,2180009,dicamba,1918-00-9,Herbicide,Env B,,0.5
2021,35410,Non,2180009,tritosulfuron,142469-14-5,Herbicide,Env A,,0.25
2021,35410,Non,2180124,metalaxyl,57837-19-1,Fongicide,Env B,,0.2614
2021,35410,Non,2180124,prothioconazole,178928-70-6,Fongicide,Env A,,1.307
2021,35410,Non,2180165,dicamba dimethylammonium,2300-66-5,Herbicide,Env B,,14.4
2021,35410,Non,2180256,sulfate de fer monohydrate,17375-41-6,Herbicide - Antimousse,Autre,,12.16
2021,35410,Non,2180260,metaldehyde,108-62-3,Molluscicide,CMR,,7.2
2021,35410,Non,2180319,cuivre du sulfate tribasique,12527-76-3,Fongicide,Env A,Substitution,0.06132
2021,35410,Non,2180474,clethodime,99129-21-2,Herbicide,Env B,,1.4
2021,35410,Non,2180474,quizalofop-p-ethyl,100646-51-3,Herbicide,Env A,,0.7
2021,35410,Non,2180672,bifenox,42576-02-3,Herbicide,Env A,,7.2
2021,35410,Non,2180766,fludioxonil,131341-86-1,Fongicide,Env A,,0.0018
2021,35410,Non,2180766,metalaxyl-m,70630-17-0,Fongicide,Autre,,0.001152
2021,35410,Non,2180766,sedaxane,874967-67-6,Fongicide,Env A,,0.0012
2021,35410,Non,2180858,huile essentielle de menthe verte,8008-79-5,Régulateur de croissance,Env A,,0.19162
2021,35410,Non,2180865,ipconazole,125225-28-7,Fongicide,CMR,Exclusion,0.02260
2021,35410,Non,2180888,cuivre du sulfate tribasique,12527-76-3,Fongicide,Env A,Substitution,0.4275
2021,35410,Non,2190016,pyrimicarbe,23103-98-2,Insecticide,CMR,,1.5
2021,35410,Non,2190016,tau-fluvalinate,102851-06-9,Insecticide,Env A,,0.54
2021,35410,Non,2190062,halauxifen-methyl,943831-98-9,Herbicide,Env A,,0.03
2021,35410,Non,2190062,piclorame,1918-02-1,Herbicide,Env A,,0.144
2021,35410,Non,2190066,fer sous forme de sulfate de fer,7720-78-7,Herbicide - Antimousse,Autre,,119.2345
2021,35410,Non,2190088,spinosad,168316-95-8,Insecticide,Env A,,0.03312
2021,35410,Non,2190173,metaldehyde,108-62-3,Molluscicide,CMR,,0.54
2021,35410,Non,2190173,phosphate ferrique,10045-86-0,Molluscicide,Autre,,0.8748
2021,35410,Non,2190215,clomazone,81777-89-1,Herbicide,Env A,,1.08
2021,35410,Non,2190319,acide pelargonique,112-05-0,Herbicide,Autre,,2.118552
2021,35410,Non,2190346,bacillus amyloliquefaciens subsp plantarum d747,,Fongicide,Autre,,
2021,35410,Non,2190509,mefentrifluconazole,1417782-03-6,Fongicide,Autre,,14
2021,35410,Non,2190594,"(e,z)-3,8-tetradecadien-1-yl acetate",163041-87-0,Insecticide - Médiateur chimique,Autre,,
2021,35410,Non,2190594,"(e,z,z)-3,8,11-tetradecatrien-1-yl acetate",163041-94-9,Insecticide - Médiateur chimique,Autre,,
2021,35410,Non,2190686,fluxapyroxad,907204-31-3,Fongicide,CMR,,6.50
2021,35410,Non,2190686,mefentrifluconazole,1417782-03-6,Fongicide,Autre,,13.0
2021,35410,Non,2190760,spinosad,168316-95-8,Insecticide,Env A,,0.0121
2021,35410,Non,2190808,huile de colza,8002-13-9,Insecticide,Autre,,0.098
2021,35410,Non,2190808,pyrethrines,8003-34-7,Insecticide,Env A,,0.00098
2021,35410,Non,2190811,sels de potassium d'acides gras (c7-c18),67701-09-1,Insecticide - Acaricide,Autre,,0.24
2021,35410,Non,2190811,soufre,7704-34-9,Fongicide,Autre,,0.096
2021,35410,Non,2190874,soufre,7704-34-9,Fongicide,Autre,,0.0608
2021,35410,Non,2190883,prothioconazole,178928-70-6,Fongicide,Env A,,2.5
2021,35410,Non,2200165,flufenacet,142459-58-3,Herbicide,Env A,,25
2021,35410,Non,2200526,acide pelargonique,112-05-0,Herbicide,Autre,,21.31935
2021,35410,Non,2200891,fluxapyroxad,907204-31-3,Fongicide,CMR,,0.625
2021,35410,Non,2210567,mefentrifluconazole,1417782-03-6,Fongicide,Autre,,0.95
2021,35410,Non,2210567,pyraclostrobine,175013-18-0,Fongicide,Santé A,,1
2021,35410,Non,5100219,soufre sublime,7704-34-9,Fongicide,Autre,,49.5
2021,35410,Non,6400401,lenacile,2164-08-1,Herbicide,CMR,,0.8
2021,35410,Non,7100280,benfluraline,1861-40-1,Herbicide,CMR,,2.7
2021,35410,Non,7200313,alcools terpeniques,98-55-5,Autre usage – Adjuvant,Autre,,19.950
2021,35410,Non,7400755,acide alpha naphtylacetique (ana),86-87-3,Régulateur de croissance,CMR,,0.05
2021,35410,Non,7600008,bupirimate,41483-43-6,Fongicide,CMR,,0.25
2021,35410,Non,8100291,metazachlore,67129-08-2,Herbicide,CMR,,5
2021,35410,Non,8100345,hymexazol,10004-44-1,Fongicide,Env B,,0.07
2021,35410,Non,8200538,"2,4-d",94-75-7,Herbicide,Env B,,0.75
2021,35410,Non,8200538,"2,4-mcpa",94-74-6,Herbicide,Env A,,0.875
2021,35410,Non,8200538,clopyralid (sous forme de sel de monoethanolamine),57754-85-5,Herbicide,Autre,,0.175
2021,35410,Non,8300063,soufre pour pulverisation (micronise),7704-34-9,Fongicide,Autre,,16
2021,35410,Non,8400096,dicamba,1918-00-9,Herbicide,Env B,,3.36
2021,35410,Non,8400425,hydrazide maleique,123-33-1,Régulateur de croissance,Autre,,7.2
2021,35410,Non,8400477,fenoxycarbe,72490-01-8,Insecticide,CMR,,3.3
2021,35410,Non,8400528,isoxaben,82558-50-7,Herbicide,Env B,,1.375
2021,35410,Non,8400574,propyzamide,23950-58-5,Herbicide,CMR,Substitution,28
2021,35410,Non,8600243,aclonifen,74070-46-5,Herbicide,CMR,,6
2021,35410,Non,8700002,chlortoluron,15545-48-9,Herbicide,CMR,,40
2021,35410,Non,8700462,prosulfocarbe,52888-80-9,Herbicide,Env A,,56
2021,35410,Non,8700525,mancozebe,8018-01-7,Fongicide,CMR,Exclusion,15
2021,35410,Non,8800395,lambda-cyhalothrine,91465-08-6,Insecticide,Santé A,Substitution,0.075
2021,35410,Non,8800395,pyrimicarbe,23103-98-2,Insecticide,CMR,,1.5
2021,35410,Non,8800504,butoxyde de piperonyle,51-03-6,Autre usage – Coformulant / Phytoprotecteur / Synergiste,Autre,,2.250
2021,35410,Non,8800504,deltamethrine,52918-63-5,Insecticide,Santé A,,0.250
2021,35410,Non,8900564,tau-fluvalinate,102851-06-9,Insecticide,Env A,,0.96
2021,35410,Non,9000184,"2,4-mcpa",94-74-6,Herbicide,Env A,,7
2021,35410,Non,9000184,clopyralid,1702-17-6,Herbicide,Autre,,0.7
2021,35410,Non,9000184,fluroxypyr-meptyl,81406-37-3,Herbicide,Autre,,2.016
2021,35410,Non,9000222,soufre,7704-34-9,Fongicide,Autre,,66.5
2021,35410,Non,9000259,amidosulfuron,120923-37-7,Herbicide,Env A,,0.45
2021,35410,Non,9000490,cycloxydime,101205-02-1,Herbicide,CMR,,1.5
2021,35410,Non,9000619,chlortoluron,15545-48-9,Herbicide,CMR,,60
2021,35410,Non,9000753,metaldehyde,108-62-3,Molluscicide,CMR,,31.5
2021,35410,Non,9000833,metazachlore,67129-08-2,Herbicide,CMR,,12
2021,35410,Non,9000833,quinmerac,90717-03-6,Herbicide,Env B,,3
2021,35410,Non,9100034,chlormequat chlorure,999-81-5,Régulateur de croissance,Autre,,64.4
2021,35410,Non,9100046,trinexapac-ethyl,95266-40-3,Régulateur de croissance,Env A,,0.25
2021,35410,Non,9100296,"2,4-d",94-75-7,Herbicide,Env B,,153
2021,35410,Non,9100418,nicosulfuron,111991-09-4,Herbicide,Env A,,7.28
2021,35410,Non,9200073,triflusulfuron-methyl,126535-15-7,Herbicide,CMR,,0.05
2021,35410,Non,9200214,soufre pour pulverisation (micronise),7704-34-9,Fongicide,Autre,,320
2021,35410,Non,9200215,cymoxanil,57966-95-7,Fongicide,CMR,,0.36
2021,35410,Non,9200215,metirame,9006-42-2,Fongicide,Env A,,4.275
2021,35410,Non,9400008,triticonazole,131983-72-7,Fongicide,Env A,,0.444
2021,35410,Non,9400052,clethodime,99129-21-2,Herbicide,Env B,,1.2
2021,35410,Non,9400085,etofenprox,80844-07-1,Insecticide,Santé A,,0.819375
2021,35410,Non,9400463,phenmediphame,13684-63-4,Herbicide,Env A,,0.8
2021,35410,Non,9500147,soufre pour pulverisation (micronise),7704-34-9,Fongicide,Autre,,3.64
2021,35410,Non,9500302,cuivre du sulfate de cuivre,8011-63-0,Fongicide,Env A,Substitution,4.05
2021,35410,Non,9500341,soufre,7704-34-9,Fongicide,Autre,,3.96
2021,35410,Non,9500568,cyprodinil,121552-61-2,Fongicide,Env A,,4.875
2021,35410,Non,9500568,fludioxonil,131341-86-1,Fongicide,Env A,,3.25
2021,35410,Non,9500628,bentazone,25057-89-0,Herbicide,Env B,,10.44
2021,35410,Non,9600093,azoxystrobine,131860-33-8,Fongicide,Santé A,,1.25
2021,35410,Non,9600197,carfentrazone ethyl,128639-02-1,Herbicide,Env A,,0.64
2021,35410,Non,9600197,metsulfuron-methyl,74223-64-6,Herbicide,Env A,Substitution,0.16
2021,35410,Non,9600390,glyphosate,1071-83-6,Herbicide,Env A,,93.6
2021,35410,Non,9700332,azoxystrobine,131860-33-8,Fongicide,Santé A,,0.25
2021,35410,Non,9700401,cuivre de l'hydroxyde de cuivre,20427-59-2,Fongicide,Santé A,Substitution,3.5
2021,35410,Non,9800100,chlortoluron,15545-48-9,Herbicide,CMR,,14
2021,35410,Non,9800182,s-metolachlore,87392-12-9,Herbicide,Env A,,24.0
2021,35410,Non,9800201,"2,4-mcpa",94-74-6,Herbicide,Env A,,0.27
2021,35410,Non,9800201,dichlorprop-p,15165-67-0,Herbicide,Autre,,0.27
2021,35410,Non,9800201,glyphosate,1071-83-6,Herbicide,Env A,,0.36
2021,35410,Non,9800277,florasulame,145701-23-1,Herbicide,Env A,,0.05
2021,35410,Non,9800336,lambda-cyhalothrine,91465-08-6,Insecticide,Santé A,Substitution,0.8
2021,35410,Non,9800344,fludioxonil,131341-86-1,Fongicide,Env A,,0.08775
2021,35410,Non,9800344,metalaxyl-m,70630-17-0,Fongicide,Autre,,0.034047
2021,35410,Non,9800374,sulfosulfuron,141776-32-1,Herbicide,Env A,,1.2
2021,35410,Non,9800474,cuivre du sulfate de cuivre,8011-63-0,Fongicide,Env A,Substitution,6
2021,35410,Non,9900047,mesotrione,104206-82-8,Herbicide,Env A,,1
2021,35410,Non,9900242,mancozebe,8018-01-7,Fongicide,CMR,Exclusion,7.5
2021,35410,Non,9900251,dimethenamide-p (dmta-p),163515-14-8,Herbicide,Env A,,122.4
2021,35410,Non,9900340,pendimethaline,40487-42-1,Herbicide,Env A,Substitution,12.8
2021,35410,Non,9900340,picolinafen,137641-05-5,Herbicide,Env A,,0.64
2021,35410,Non,9900446,cymoxanil,57966-95-7,Fongicide,CMR,,0.008
2021,35410,Non,9900446,fludioxonil,131341-86-1,Fongicide,Env A,,0.004
2021,35410,Non,9900446,metalaxyl-m,70630-17-0,Fongicide,Autre,,0.013568
2021,35520,Non,2000003,metazachlore,67129-08-2,Herbicide,CMR,,35.0
2021,35520,Non,2000018,soufre pour pulverisation (micronise),7704-34-9,Fongicide,Autre,,48
2021,35520,Non,2000044,fluazifop-p-butyl,79241-46-6,Herbicide,CMR,,1.75
2021,35520,Non,2000122,metalaxyl-m,70630-17-0,Fongicide,Autre,,0.40704
2021,35520,Non,2000202,glyphosate,1071-83-6,Herbicide,Env A,,118.8
2021,35520,Non,2000205,propoxycarbazone sodium,181274-15-7,Herbicide,Env A,,0.21
2021,35520,Non,2000299,clomazone,81777-89-1,Herbicide,Env A,,0.72
2021,35520,Non,2000301,foramsulfuron,173159-57-4,Herbicide,Env A,,0.3375
2021,35520,Non,2000301,isoxadifen-ethyl,163520-33-0,Autre usage – Coformulant / Phytoprotecteur / Synergiste,Env A,,0.3375
2021,35520,Non,2000327,carfentrazone ethyl,128639-02-1,Herbicide,Env A,,0.9
2021,35520,Non,2000369,metsulfuron-methyl,74223-64-6,Herbicide,Env A,Substitution,0.52
2021,35520,Non,2000380,clethodime,99129-21-2,Herbicide,Env B,,3.0
2021,35520,Non,2010023,deltamethrine,52918-63-5,Insecticide,Santé A,,0.015
2021,35520,Non,2010030,mepiquat-chlorure,24307-26-4,Régulateur de croissance,Env B,,13.5
2021,35520,Non,2010030,prohexadione-calcium,127277-53-6,Régulateur de croissance,Env B,,2.25
2021,35520,Non,2010035,"2,4-mcpa",94-74-6,Herbicide,Env A,,3
2021,35520,Non,2010035,dichlorprop-p,15165-67-0,Herbicide,Autre,,1.5
2021,35520,Non,2010035,mecoprop-p (mcpp-p),16484-77-8,Herbicide,Env A,,1.5
2021,35520,Non,2010239,florasulame,145701-23-1,Herbicide,Env A,,0.010
2021,35520,Non,2010239,fluroxypyr-meptyl,81406-37-3,Herbicide,Autre,,1.4410
2021,35520,Non,2010280,metconazole,125116-23-6,Fongicide,CMR,,0.0036
2021,35520,Non,2010282,cypermethrine,52315-07-8,Insecticide,Env A,,1.0
2021,35520,Non,2010513,bacillus thuringiensis ssp kurstaki souche abts-351,68038-71-1,Insecticide,Autre,,
2021,35520,Non,2030071,metaldehyde,108-62-3,Molluscicide,CMR,,3
2021,35520,Non,2030255,tebuconazole,107534-96-3,Fongicide,CMR,,1.25
2021,35520,Non,2030323,fludioxonil,131341-86-1,Fongicide,Env A,,0.52975
2021,35520,Non,2030332,"2,4-d",94-75-7,Herbicide,Env B,,1.2
2021,35520,Non,2030332,dichlorprop-p,15165-67-0,Herbicide,Autre,,0.6
2021,35520,Non,2030342,chlormequat chlorure,999-81-5,Régulateur de croissance,Autre,,110.4
2021,35520,Non,2040146,tefluthrine,79538-32-2,Insecticide,Santé A,,16.954
2021,35520,Non,2050046,flonicamide,158062-67-0,Insecticide,Autre,,3.50
2021,35520,Non,2050075,boscalid,188425-85-6,Fongicide,Env A,,2.5
2021,35520,Non,2060002,difenoconazole,119446-68-3,Fongicide,Env A,,0.25
2021,35520,Non,2060045,huile vegetale,,SA non phyto - Divers,Autre,,2.975
2021,35520,Non,2060045,resines (colophane),8050-09-7,SA non phyto - Divers,Autre,,28.9
2021,35520,Non,2060050,metrafenone,220899-03-6,Fongicide,Env A,,4.5
2021,35520,Non,2060051,metrafenone,220899-03-6,Fongicide,Env A,,3.0
2021,35520,Non,2060084,boscalid,188425-85-6,Fongicide,Env A,,5.340
2021,35520,Non,2060084,pyraclostrobine,175013-18-0,Fongicide,Santé A,,1.340
2021,35520,Non,2060088,benoxacor,98730-04-2,Autre usage – Coformulant / Phytoprotecteur / Synergiste,Autre,,11.7
2021,35520,Non,2060088,mesotrione,104206-82-8,Herbicide,Env A,,23.4
2021,35520,Non,2060088,s-metolachlore,87392-12-9,Herbicide,Env A,,234
2021,35520,Non,2060098,spinosad,168316-95-8,Insecticide,Env A,,0.24
2021,35520,Non,2060113,bifenazate,149877-41-8,Insecticide - Acaricide,Env A,,2.16
2021,35520,Non,2060116,prothioconazole,178928-70-6,Fongicide,Env A,,3.75
2021,35520,Non,2060127,prothioconazole,178928-70-6,Fongicide,Env A,,0.3
2021,35520,Non,2060131,"2,4-d",94-75-7,Herbicide,Env B,,0.465
2021,35520,Non,2060131,triclopyr,55335-06-3,Herbicide,Env B,,0.518
2021,35520,Non,2060194,tefluthrine,79538-32-2,Insecticide,Santé A,,0.18
2021,35520,Non,2070107,fosetyl,15845-66-6,Fongicide,Autre,,0.31
2021,35520,Non,2070107,propamocarbe,24579-73-5,Fongicide,Autre,,0.53
2021,35520,Non,2070221,metazachlore,67129-08-2,Herbicide,CMR,,20
2021,35520,Non,2070221,quinmerac,90717-03-6,Herbicide,Env B,,5
2021,35520,Non,2080026,nicosulfuron,111991-09-4,Herbicide,Env A,,0.6
2021,35520,Non,2080060,pyriproxyfene,95737-68-1,Insecticide,Env A,,1.4
2021,35520,Non,2080098,mandipropamide,374726-62-2,Fongicide,Env A,,1.25
2021,35520,Non,2080103,thiophanate-methyl,23564-05-8,Fongicide,CMR,Exclusion,15
2021,35520,Non,2080105,glyphosate,1071-83-6,Herbicide,Env A,,5.4
2021,35520,Non,2080112,thirame,137-26-8,Fongicide,Env A,,2.3664
2021,35520,Non,2080117,prosulfuron,94125-34-5,Herbicide,Env A,Substitution,1.5375
2021,35520,Non,2080123,metsulfuron-methyl,74223-64-6,Herbicide,Env A,Substitution,0.88
2021,35520,Non,2080125,metsulfuron-methyl,74223-64-6,Herbicide,Env A,Substitution,3.00
2021,35520,Non,2080136,pyridate,55512-33-9,Herbicide,Env A,,2.70
2021,35520,Non,2080145,diflufenicanil,83164-33-4,Herbicide,Env B,,35
2021,35520,Non,2080145,flufenacet,142459-58-3,Herbicide,Env A,,70
2021,35520,Non,2090008,thirame,137-26-8,Fongicide,Env A,,0.04264
2021,35520,Non,2090011,pendimethaline,40487-42-1,Herbicide,Env A,Substitution,27.30
2021,35520,Non,2090016,imazamox,114311-32-9,Herbicide,Env A,Substitution,0.334
2021,35520,Non,2090016,pendimethaline,40487-42-1,Herbicide,Env A,Substitution,5.0
2021,35520,Non,2090028,metamitrone,41394-05-2,Herbicide,Env A,,1.75
2021,35520,Non,2090037,dicamba,1918-00-9,Herbicide,Env B,,5
2021,35520,Non,2090037,prosulfuron,94125-34-5,Herbicide,Env A,Substitution,0.5
2021,35520,Non,2090039,ethofumesate,26225-79-6,Herbicide,Env A,,2.5
2021,35520,Non,2090042,cloquintocet-mexyl,99607-70-2,Autre usage – Coformulant / Phytoprotecteur / Synergiste,Autre,,0.037565
2021,35520,Non,2090042,florasulame,145701-23-1,Herbicide,Env A,,0.01254
2021,35520,Non,2090042,pyroxsulame,422556-08-9,Herbicide,Env A,,0.037565
2021,35520,Non,2090050,cypermethrine,52315-07-8,Insecticide,Env A,,0.672
2021,35520,Non,2090057,metsulfuron-methyl,74223-64-6,Herbicide,Env A,Substitution,0.1221
2021,35520,Non,2090057,tribenuron-methyle,101200-48-0,Herbicide,Env A,,0.2442
2021,35520,Non,2090069,bromoxynil,1689-84-5,Herbicide,CMR,Exclusion,1.175
2021,35520,Non,2090093,glyphosate,1071-83-6,Herbicide,Env A,,81
2021,35520,Non,2090101,nicosulfuron,111991-09-4,Herbicide,Env A,,4.4
2021,35520,Non,2090111,cypermethrine,52315-07-8,Insecticide,Env A,,11.346
2021,35520,Non,2090117,tebuconazole,107534-96-3,Fongicide,CMR,,1
2021,35520,Non,2090118,flufenacet,142459-58-3,Herbicide,Env A,,10.2048
2021,35520,Non,2090118,pendimethaline,40487-42-1,Herbicide,Env A,Substitution,51.024
2021,35520,Non,2090127,huile essentielle d'orange douce,8028-48-6,Régulateur de croissance,Env A,,6
2021,35520,Non,2090149,ethephon,16672-87-0,Régulateur de croissance,Santé A,,7.2
2021,35520,Non,2090153,dicamba,1918-00-9,Herbicide,Env B,,40.8
2021,35520,Non,2090153,tritosulfuron,142469-14-5,Herbicide,Env A,,8.5
2021,35520,Non,2090159,tritosulfuron,142469-14-5,Herbicide,Env A,,1.7493
2021,35520,Non,2090186,prosulfocarbe,52888-80-9,Herbicide,Env A,,8
2021,35520,Non,2090188,glyphosate,1071-83-6,Herbicide,Env A,,14.4
2021,35520,Non,2100002,triticonazole,131983-72-7,Fongicide,Env A,,0.0135
2021,35520,Non,2100009,thifensulfuron-methyle,79277-27-3,Herbicide,Env A,,0.19314
2021,35520,Non,2100009,tribenuron-methyle,101200-48-0,Herbicide,Env A,,0.09686
2021,35520,Non,2100015,thifensulfuron-methyle,79277-27-3,Herbicide,Env A,,0.275
2021,35520,Non,2100018,tebuconazole,107534-96-3,Fongicide,CMR,,2.5
2021,35520,Non,2100026,cypermethrine,52315-07-8,Insecticide,Env A,,2.0
2021,35520,Non,2100028,fluroxypyr,69377-81-7,Herbicide,Env B,,10
2021,35520,Non,2100030,phosphate ferrique,10045-86-0,Molluscicide,Autre,,14.256
2021,35520,Non,2100037,boscalid,188425-85-6,Fongicide,Env A,,2
2021,35520,Non,2100037,dimoxystrobine,149961-52-4,Fongicide,CMR,,2
2021,35520,Non,2100051,ipconazole,125225-28-7,Fongicide,CMR,Exclusion,0.09165
2021,35520,Non,2100052,cyprodinil,121552-61-2,Fongicide,Env A,,4.5
2021,35520,Non,2100108,prothioconazole,178928-70-6,Fongicide,Env A,,5.625
2021,35520,Non,2100108,tebuconazole,107534-96-3,Fongicide,CMR,,5.625
2021,35520,Non,2100111,mesotrione,104206-82-8,Herbicide,Env A,,10.50
2021,35520,Non,2100111,nicosulfuron,111991-09-4,Herbicide,Env A,,4.2
2021,35520,Non,2100112,ethephon,16672-87-0,Régulateur de croissance,Santé A,,48.0
2021,35520,Non,2100114,cyprodinil,121552-61-2,Fongicide,Env A,,0.75
2021,35520,Non,2100114,fludioxonil,131341-86-1,Fongicide,Env A,,0.5
2021,35520,Non,2100121,chlorantraniliprole,500008-45-7,Insecticide,Env A,,5.4
2021,35520,Non,2100138,cloquintocet-mexyl,99607-70-2,Autre usage – Coformulant / Phytoprotecteur / Synergiste,Autre,,2.5625
2021,35520,Non,2100138,pinoxaden,243973-20-8,Herbicide,CMR,,10.25
2021,35520,Non,2100140,clodinafop-propargyl,105512-06-9,Herbicide,Env A,,10.375
2021,35520,Non,2100140,cloquintocet-mexyl,99607-70-2,Autre usage – Coformulant / Phytoprotecteur / Synergiste,Autre,,2.59375
2021,35520,Non,2100140,pinoxaden,243973-20-8,Herbicide,CMR,,10.375
2021,35520,Non,2100151,pyraclostrobine,175013-18-0,Fongicide,Santé A,,13.022
2021,35520,Non,2100175,prothioconazole,178928-70-6,Fongicide,Env A,,0.504
2021,35520,Non,2100211,prothioconazole,178928-70-6,Fongicide,Env A,,4.375
2021,35520,Non,2100211,tebuconazole,107534-96-3,Fongicide,CMR,,4.375
2021,35520,Non,2100215,pendimethaline,40487-42-1,Herbicide,Env A,Substitution,4
2021,35520,Non,2100231,emamectine benzoate,155569-91-8,Insecticide,Santé A,,1.900
2021,35520,Non,2100234,diflufenicanil,83164-33-4,Herbicide,Env B,,2.4
2021,35520,Non,2100234,iodosulfuron-methyl-sodium,144550-36-7,Herbicide,Env A,,0.1500
2021,35520,Non,2100234,mefenpyr-diethyl,135590-91-9,Autre usage – Coformulant / Phytoprotecteur / Synergiste,Autre,,0.540
2021,35520,Non,2100234,mesosulfuron-methyl,208465-21-8,Herbicide,Env A,,0.180
2021,35520,Non,2100245,prothioconazole,178928-70-6,Fongicide,Env A,,1.25
2021,35520,Non,2100245,tebuconazole,107534-96-3,Fongicide,CMR,,1.25
2021,35520,Non,2110012,cyazofamide,120116-88-3,Fongicide,Env A,,1.92
2021,35520,Non,2110018,difenoconazole,119446-68-3,Fongicide,Env A,,0.00675
2021,35520,Non,2110018,fludioxonil,131341-86-1,Fongicide,Env A,,0.00675
2021,35520,Non,2110059,bicarbonate de potassium,298-14-6,Fongicide,Autre,,51.0
2021,35520,Non,2110063,clopyralid,1702-17-6,Herbicide,Autre,,0.108
2021,35520,Non,2110082,diflufenicanil,83164-33-4,Herbicide,Env B,,0.72
2021,35520,Non,2110082,metsulfuron-methyl,74223-64-6,Herbicide,Env A,Substitution,0.072
2021,35520,Non,2110086,spirotetramat,203313-25-1,Insecticide,CMR,,0.1
2021,35520,Non,2110102,difenoconazole,119446-68-3,Fongicide,Env A,,3.84000
2021,35520,Non,2110102,fludioxonil,131341-86-1,Fongicide,Env A,,3.84000
2021,35520,Non,2110102,sedaxane,874967-67-6,Fongicide,Env A,,7.6800
2021,35520,Non,2110103,tribenuron-methyle,101200-48-0,Herbicide,Env A,,3.075
2021,35520,Non,2110104,clopyralid,1702-17-6,Herbicide,Autre,,2.08
2021,35520,Non,2110104,florasulame,145701-23-1,Herbicide,Env A,,0.065
2021,35520,Non,2110104,fluroxypyr-meptyl,81406-37-3,Herbicide,Autre,,3.744
2021,35520,Non,2110140,diflufenicanil,83164-33-4,Herbicide,Env B,,22.2
2021,35520,Non,2110140,flufenacet,142459-58-3,Herbicide,Env A,,44.4
2021,35520,Non,2110141,dimethomorphe,110488-70-5,Fongicide,Env A,,1.08
2021,35520,Non,2110141,pyraclostrobine,175013-18-0,Fongicide,Santé A,,0.6
2021,35520,Non,2110143,metribuzine,21087-64-9,Herbicide,Env A,,1.8
2021,35520,Non,2110144,fluxapyroxad,907204-31-3,Fongicide,CMR,,0.625
2021,35520,Non,2110148,bixafen,581809-46-3,Fongicide,Env A,,2.25
2021,35520,Non,2110152,cypermethrine,52315-07-8,Insecticide,Env A,,0.16
2021,35520,Non,2110154,"2,4-mcpa",94-74-6,Herbicide,Env A,,7.14
2021,35520,Non,2110154,dicamba,1918-00-9,Herbicide,Env B,,0.63
2021,35520,Non,2110162,azoxystrobine,131860-33-8,Fongicide,Santé A,,29.25
2021,35520,Non,2110167,tebuconazole,107534-96-3,Fongicide,CMR,,105.78
2021,35520,Non,2110178,bixafen,581809-46-3,Fongicide,Env A,,0.75
2021,35520,Non,2110178,prothioconazole,178928-70-6,Fongicide,Env A,,1.5
2021,35520,Non,2120041,zirame,137-30-4,Fongicide,Santé A,,1.5582
2021,35520,Non,2120048,aminopyralid,150114-71-9,Herbicide,Env A,,1.68
2021,35520,Non,2120048,triclopyr,55335-06-3,Herbicide,Env B,,13.44
2021,35520,Non,2120070,prothioconazole,178928-70-6,Fongicide,Env A,,12.0
2021,35520,Non,2120070,tebuconazole,107534-96-3,Fongicide,CMR,,6.0
2021,35520,Non,2120075,dimethenamide-p (dmta-p),163515-14-8,Herbicide,Env A,,2
2021,35520,Non,2120075,metazachlore,67129-08-2,Herbicide,CMR,,2
2021,35520,Non,2120075,quinmerac,90717-03-6,Herbicide,Env B,,1
2021,35520,Non,2120089,"2,4-mcpa",94-74-6,Herbicide,Env A,,4.5
2021,35520,Non,2120089,diflufenicanil,83164-33-4,Herbicide,Env B,,1.125
2021,35520,Non,2120089,glyphosate,1071-83-6,Herbicide,Env A,,9.0
2021,35520,Non,2120120,bentazone,25057-89-0,Herbicide,Env B,,2.4
2021,35520,Non,2120120,imazamox,114311-32-9,Herbicide,Env A,Substitution,0.112
2021,35520,Non,2120153,propyzamide,23950-58-5,Herbicide,CMR,Substitution,24
2021,35520,Non,2120160,bentazone,25057-89-0,Herbicide,Env B,,7.2
2021,35520,Non,2120210,dicamba,1918-00-9,Herbicide,Env B,,2.4
2021,35520,Non,2130063,nicosulfuron,111991-09-4,Herbicide,Env A,,5.8
2021,35520,Non,2130068,diflufenicanil,83164-33-4,Herbicide,Env B,,63.0
2021,35520,Non,2130069,diflufenicanil,83164-33-4,Herbicide,Env B,,12.5
2021,35520,Non,2130075,metaldehyde,108-62-3,Molluscicide,CMR,,1.6
2021,35520,Non,2130091,diflufenicanil,83164-33-4,Herbicide,Env B,,2.5
2021,35520,Non,2130092,spiromesifen,283594-90-1,Insecticide,Autre,,6.72
2021,35520,Non,2130152,fluopyram,658066-35-4,Fongicide,Env A,,0.75
2021,35520,Non,2130152,trifloxystrobine,141517-21-7,Fongicide,Env A,,0.75
2021,35520,Non,2130158,pyrimicarbe,23103-98-2,Insecticide,CMR,,1
2021,35520,Non,2130164,cyprosulfamide,221667-31-8,Autre usage – Coformulant / Phytoprotecteur / Synergiste,Autre,,0.525
2021,35520,Non,2130164,foramsulfuron,173159-57-4,Herbicide,Env A,,1.05
2021,35520,Non,2130164,thiencarbazone-methyl,317815-83-1,Herbicide,CMR,,0.35
2021,35520,Non,2130202,fluopyram,658066-35-4,Fongicide,Env A,,1.250
2021,35520,Non,2130202,prothioconazole,178928-70-6,Fongicide,Env A,,1.250
2021,35520,Non,2130215,pendimethaline,40487-42-1,Herbicide,Env A,Substitution,63.7
2021,35520,Non,2130244,difenoconazole,119446-68-3,Fongicide,Env A,,1.25
2021,35520,Non,2130244,mandipropamide,374726-62-2,Fongicide,Env A,,1.25
2021,35520,Non,2130251,lambda-cyhalothrine,91465-08-6,Insecticide,Santé A,Substitution,0.7
2021,35520,Non,2130252,nicosulfuron,111991-09-4,Herbicide,Env A,,0.8
2021,35520,Non,2130253,"2,4-d",94-75-7,Herbicide,Env B,,7.2
2021,35520,Non,2130253,glyphosate,1071-83-6,Herbicide,Env A,,10.8
2021,35520,Non,2130266,bromuconazole,116255-48-2,Fongicide,Env A,,14.195
2021,35520,Non,2130266,tebuconazole,107534-96-3,Fongicide,CMR,,9.095
2021,35520,Non,2130277,soufre,7704-34-9,Fongicide,Autre,,16
2021,35520,Non,2140040,phosmet,732-11-6,Insecticide,CMR,,2.5
2021,35520,Non,2140051,fluxapyroxad,907204-31-3,Fongicide,CMR,,0.13653
2021,35520,Non,2140082,trinexapac-ethyl,95266-40-3,Régulateur de croissance,Env A,,10.500
2021,35520,Non,2140093,glyphosate,1071-83-6,Herbicide,Env A,,18
2021,35520,Non,2140132,diflufenicanil,83164-33-4,Herbicide,Env B,,0.5
2021,35520,Non,2140168,cuivre du sulfate tribasique,12527-76-3,Fongicide,Env A,Substitution,0.0988
2021,35520,Non,2140173,fluxapyroxad,907204-31-3,Fongicide,CMR,,2.18875
2021,35520,Non,2140173,metconazole,125116-23-6,Fongicide,CMR,,1.5759
2021,35520,Non,2140175,metconazole,125116-23-6,Fongicide,CMR,,4.95
2021,35520,Non,2140199,amidosulfuron,120923-37-7,Herbicide,Env A,,0.15
2021,35520,Non,2140199,iodosulfuron-methyl-sodium,144550-36-7,Herbicide,Env A,,0.03
2021,35520,Non,2140199,mefenpyr-diethyl,135590-91-9,Autre usage – Coformulant / Phytoprotecteur / Synergiste,Autre,,0.27
2021,35520,Non,2140199,mesosulfuron-methyl,208465-21-8,Herbicide,Env A,,0.09
2021,35520,Non,2140201,cyflufenamid,180409-60-3,Fongicide,Env A,,0.180
2021,35520,Non,2140201,difenoconazole,119446-68-3,Fongicide,Env A,,1.500
2021,35520,Non,2140207,clodinafop-propargyl,105512-06-9,Herbicide,Env A,,1.6
2021,35520,Non,2140207,cloquintocet-mexyl,99607-70-2,Autre usage – Coformulant / Phytoprotecteur / Synergiste,Autre,,0.4
2021,35520,Non,2140252,phosphate ferrique,10045-86-0,Molluscicide,Autre,,0.009375
2021,35520,Non,2140257,iodosulfuron-methyl-sodium,144550-36-7,Herbicide,Env A,,0.02
2021,35520,Non,2140257,mefenpyr-diethyl,135590-91-9,Autre usage – Coformulant / Phytoprotecteur / Synergiste,Autre,,0.30
2021,35520,Non,2140257,mesosulfuron-methyl,208465-21-8,Herbicide,Env A,,0.10
2021,35520,Non,2140258,iodosulfuron-methyl-sodium,144550-36-7,Herbicide,Env A,,0.2625
2021,35520,Non,2140258,mesosulfuron-methyl,208465-21-8,Herbicide,Env A,,0.2625
2021,35520,Non,2150019,silthiofam,175217-20-6,Fongicide,Env A,,1.35
2021,35520,Non,2150078,clomazone,81777-89-1,Herbicide,Env A,,0.48
2021,35520,Non,2150078,pethoxamide,106700-29-2,Herbicide,Env A,,8
2021,35520,Non,2150084,mesotrione,104206-82-8,Herbicide,Env A,,10.5
2021,35520,Non,2150097,tribenuron-methyle,101200-48-0,Herbicide,Env A,,0.15
2021,35520,Non,2150104,huile minerale paraffinique,8042-47-5,Insecticide - Acaricide,Autre,,1192.82
2021,35520,Non,2150125,diflufenicanil,83164-33-4,Herbicide,Env B,,0.4
2021,35520,Non,2150140,glyphosate,1071-83-6,Herbicide,Env A,,547.2
2021,35520,Non,2150483,lambda-cyhalothrine,91465-08-6,Insecticide,Santé A,Substitution,16.60
2021,35520,Non,2150484,clopyralid,1702-17-6,Herbicide,Autre,,0.3
2021,35520,Non,2150484,florasulame,145701-23-1,Herbicide,Env A,,0.025
2021,35520,Non,2150626,mesotrione,104206-82-8,Herbicide,Env A,,0.5
2021,35520,Non,2150757,diflufenicanil,83164-33-4,Herbicide,Env B,,0.2
2021,35520,Non,2150757,glyphosate,1071-83-6,Herbicide,Env A,,1.25
2021,35520,Non,2150785,mesotrione,104206-82-8,Herbicide,Env A,,36.0
2021,35520,Non,2150964,lambda-cyhalothrine,91465-08-6,Insecticide,Santé A,Substitution,9.28
2021,35520,Non,2150973,lambda-cyhalothrine,91465-08-6,Insecticide,Santé A,Substitution,1
2021,35520,Non,2160064,fludioxonil,131341-86-1,Fongicide,Env A,,0.0230
2021,35520,Non,2160064,tebuconazole,107534-96-3,Fongicide,CMR,,0.0046
2021,35520,Non,2160114,maltodextrine,9050-36-6,Insecticide,Autre,,508.130
2021,35520,Non,2160200,cloquintocet-mexyl,99607-70-2,Autre usage – Coformulant / Phytoprotecteur / Synergiste,Autre,,1.1250
2021,35520,Non,2160200,pinoxaden,243973-20-8,Herbicide,CMR,,4.50
2021,35520,Non,2160226,phosphate ferrique,10045-86-0,Molluscicide,Autre,,2.420
2021,35520,Non,2160248,dicamba,1918-00-9,Herbicide,Env B,,2.4
2021,35520,Non,2160248,mesotrione,104206-82-8,Herbicide,Env A,,1
2021,35520,Non,2160260,metconazole,125116-23-6,Fongicide,CMR,,5.40
2021,35520,Non,2160272,hexythiazox,78587-05-0,Insecticide - Acaricide,Env A,,0.1875
2021,35520,Non,2160527,sels de potassium d'acides gras,10124-65-9,Insecticide,Autre,,1685.5374
2021,35520,Non,2160724,azoxystrobine,131860-33-8,Fongicide,Santé A,,0.625
2021,35520,Non,2160724,difenoconazole,119446-68-3,Fongicide,Env A,,0.625
2021,35520,Non,2160752,pyridate,55512-33-9,Herbicide,Env A,,3
2021,35520,Non,2160783,abamectine,71751-41-2,Insecticide,CMR,,0.09
2021,35520,Non,2160818,soufre,7704-34-9,Fongicide,Autre,,16
2021,35520,Non,2160841,bacillus amyloliquefaciens subsp plantarum d747,,Fongicide,Autre,,
2021,35520,Non,2160931,bixafen,581809-46-3,Fongicide,Env A,,6.9225
2021,35520,Non,2160931,fluopyram,658066-35-4,Fongicide,Env A,,6.9225
2021,35520,Non,2160931,prothioconazole,178928-70-6,Fongicide,Env A,,13.845
2021,35520,Non,2160936,cloquintocet-mexyl,99607-70-2,Autre usage – Coformulant / Phytoprotecteur / Synergiste,Autre,,1.152
2021,35520,Non,2160936,fluroxypyr-meptyl,81406-37-3,Herbicide,Autre,,38.688
2021,35520,Non,2160936,halauxifen-methyl,943831-98-9,Herbicide,Env A,,1.200
2021,35520,Non,2160937,cloquintocet-mexyl,99607-70-2,Autre usage – Coformulant / Phytoprotecteur / Synergiste,Autre,,0.342
2021,35520,Non,2160937,florasulame,145701-23-1,Herbicide,Env A,,0.285
2021,35520,Non,2160937,halauxifen-methyl,943831-98-9,Herbicide,Env A,,0.35625
2021,35520,Non,2160958,cypermethrine,52315-07-8,Insecticide,Env A,,5.088
2021,35520,Non,2160959,benzovindiflupyr,1072957-71-1,Fongicide,Santé A,Substitution,4.500
2021,35520,Non,2160959,prothioconazole,178928-70-6,Fongicide,Env A,,9.00
2021,35520,Non,2160976,prosulfuron,94125-34-5,Herbicide,Env A,Substitution,0.09
2021,35520,Non,2161068,mesotrione,104206-82-8,Herbicide,Env A,,0.375
2021,35520,Non,2161068,nicosulfuron,111991-09-4,Herbicide,Env A,,0.15
2021,35520,Non,2170055,dicamba,1918-00-9,Herbicide,Env B,,4.8
2021,35520,Non,2170149,cypermethrine,52315-07-8,Insecticide,Env A,,10
2021,35520,Non,2170158,dimethenamide-p (dmta-p),163515-14-8,Herbicide,Env A,,4.995
2021,35520,Non,2170158,quinmerac,90717-03-6,Herbicide,Env B,,2.505
2021,35520,Non,2170208,iodosulfuron-methyl-sodium,144550-36-7,Herbicide,Env A,,0.036
2021,35520,Non,2170208,mefenpyr-diethyl,135590-91-9,Autre usage – Coformulant / Phytoprotecteur / Synergiste,Autre,,0.54
2021,35520,Non,2170208,mesosulfuron-methyl,208465-21-8,Herbicide,Env A,,0.18
2021,35520,Non,2170228,bixafen,581809-46-3,Fongicide,Env A,,1.3
2021,35520,Non,2170228,fluopyram,658066-35-4,Fongicide,Env A,,1.3
2021,35520,Non,2170228,prothioconazole,178928-70-6,Fongicide,Env A,,2.6
2021,35520,Non,2170243,acide pelargonique,112-05-0,Herbicide,Autre,,1
2021,35520,Non,2170263,cypermethrine,52315-07-8,Insecticide,Env A,,0.5
2021,35520,Non,2170381,mesotrione,104206-82-8,Herbicide,Env A,,6.30
2021,35520,Non,2170381,terbuthylazine,5915-41-3,Herbicide,Env A,,29.70
2021,35520,Non,2170421,mesotrione,104206-82-8,Herbicide,Env A,,1
2021,35520,Non,2170423,mesotrione,104206-82-8,Herbicide,Env A,,1.5
2021,35520,Non,2170424,mesotrione,104206-82-8,Herbicide,Env A,,1
2021,35520,Non,2170437,beauveria bassiana souche atcc 74040,63428-82-0,Insecticide,Autre,,
2021,35520,Non,2170459,fludioxonil,131341-86-1,Fongicide,Env A,,0.06
2021,35520,Non,2170459,sedaxane,874967-67-6,Fongicide,Env A,,0.06
2021,35520,Non,2170752,sedaxane,874967-67-6,Fongicide,Env A,,0.035
2021,35520,Non,2170780,beauveria bassiana souche gha,63428-82-0,Insecticide,Autre,,
2021,35520,Non,2170803,cypermethrine,52315-07-8,Insecticide,Env A,,1
2021,35520,Non,2170807,benzovindiflupyr,1072957-71-1,Fongicide,Santé A,Substitution,8.625
2021,35520,Non,2170807,prothioconazole,178928-70-6,Fongicide,Env A,,17.25
2021,35520,Non,2170835,cypermethrine,52315-07-8,Insecticide,Env A,,2
2021,35520,Non,2170933,prohexadione-calcium,127277-53-6,Régulateur de croissance,Env B,,0.0005
2021,35520,Non,2170933,trinexapac-ethyl,95266-40-3,Régulateur de croissance,Env A,,0.00075
2021,35520,Non,2171054,diflufenicanil,83164-33-4,Herbicide,Env B,,5
2021,35520,Non,2171054,flufenacet,142459-58-3,Herbicide,Env A,,10
2021,35520,Non,2171089,spinosad,168316-95-8,Insecticide,Env A,,0.096
2021,35520,Non,2171193,mesotrione,104206-82-8,Herbicide,Env A,,7.7
2021,35520,Non,2171193,terbuthylazine,5915-41-3,Herbicide,Env A,,36.3
2021,35520,Non,2171195,lambda-cyhalothrine,91465-08-6,Insecticide,Santé A,Substitution,8
2021,35520,Non,2171317,"2,4-d",94-75-7,Herbicide,Env B,,12
2021,35520,Non,2179999,iodosulfuron-methyl-sodium,144550-36-7,Herbicide,Env A,,0.03
2021,35520,Non,2179999,mesosulfuron-methyl,208465-21-8,Herbicide,Env A,,0.03
2021,35520,Non,2180009,dicamba,1918-00-9,Herbicide,Env B,,8
2021,35520,Non,2180009,tritosulfuron,142469-14-5,Herbicide,Env A,,4
2021,35520,Non,2180088,s-metolachlore,87392-12-9,Herbicide,Env A,,28.8
2021,35520,Non,2180123,benzovindiflupyr,1072957-71-1,Fongicide,Santé A,Substitution,0.0708
2021,35520,Non,2180123,difenoconazole,119446-68-3,Fongicide,Env A,,0.2364
2021,35520,Non,2180124,metalaxyl,57837-19-1,Fongicide,Env B,,0.2790
2021,35520,Non,2180124,prothioconazole,178928-70-6,Fongicide,Env A,,1.395
2021,35520,Non,2180165,dicamba dimethylammonium,2300-66-5,Herbicide,Env B,,2.4
2021,35520,Non,2180233,dicamba,1918-00-9,Herbicide,Env B,,8.64
2021,35520,Non,2180309,clomazone,81777-89-1,Herbicide,Env A,,2.52
2021,35520,Non,2180334,difenoconazole,119446-68-3,Fongicide,Env A,,0.2409
2021,35520,Non,2180334,fludioxonil,131341-86-1,Fongicide,Env A,,0.2409
2021,35520,Non,2180766,fludioxonil,131341-86-1,Fongicide,Env A,,0.0054
2021,35520,Non,2180766,metalaxyl-m,70630-17-0,Fongicide,Autre,,0.003456
2021,35520,Non,2180766,sedaxane,874967-67-6,Fongicide,Env A,,0.0036
2021,35520,Non,2180865,ipconazole,125225-28-7,Fongicide,CMR,Exclusion,0.01808
2021,35520,Non,2189996,azadirachtine,11141-17-6,Insecticide,CMR,,0.78
2021,35520,Non,2190062,halauxifen-methyl,943831-98-9,Herbicide,Env A,,0.05
2021,35520,Non,2190062,piclorame,1918-02-1,Herbicide,Env A,,0.240
2021,35520,Non,2190173,metaldehyde,108-62-3,Molluscicide,CMR,,0.36
2021,35520,Non,2190173,phosphate ferrique,10045-86-0,Molluscicide,Autre,,0.5832
2021,35520,Non,2190328,propaquizafop,111479-05-1,Herbicide,Env A,,1
2021,35520,Non,2190468,dicamba,1918-00-9,Herbicide,Env B,,48.5
2021,35520,Non,2190468,prosulfuron,94125-34-5,Herbicide,Env A,Substitution,4.85
2021,35520,Non,2190509,mefentrifluconazole,1417782-03-6,Fongicide,Autre,,0.022
2021,35520,Non,2190594,"(e,z)-3,8-tetradecadien-1-yl acetate",163041-87-0,Insecticide - Médiateur chimique,Autre,,
2021,35520,Non,2190594,"(e,z,z)-3,8,11-tetradecatrien-1-yl acetate",163041-94-9,Insecticide - Médiateur chimique,Autre,,
2021,35520,Non,2190634,azoxystrobine,131860-33-8,Fongicide,Santé A,,8.75
2021,35520,Non,2190686,fluxapyroxad,907204-31-3,Fongicide,CMR,,11.7515
2021,35520,Non,2190686,mefentrifluconazole,1417782-03-6,Fongicide,Autre,,23.503
2021,35520,Non,2190687,fludioxonil,131341-86-1,Fongicide,Env A,,1.5
2021,35520,Non,2190883,prothioconazole,178928-70-6,Fongicide,Env A,,1.25
2021,35520,Non,2190961,prothioconazole,178928-70-6,Fongicide,Env A,,16.25
2021,35520,Non,2200753,glyphosate,1071-83-6,Herbicide,Env A,,2.7
2021,35520,Non,2200839,azoxystrobine,131860-33-8,Fongicide,Santé A,,2.5
2021,35520,Non,2200861,"2,4-d",94-75-7,Herbicide,Env B,,0.5
2021,35520,Non,2200861,dicamba,1918-00-9,Herbicide,Env B,,0.25
2021,35520,Non,2210192,prosulfocarbe,52888-80-9,Herbicide,Env A,,304
2021,35520,Non,5100219,soufre sublime,7704-34-9,Fongicide,Autre,,470.25
2021,35520,Non,7200313,alcools terpeniques,98-55-5,Autre usage – Adjuvant,Autre,,13.300
2021,35520,Non,7700706,"2,4-d",94-75-7,Herbicide,Env B,,0.28
2021,35520,Non,7700706,dicamba,1918-00-9,Herbicide,Env B,,0.04
2021,35520,Non,7800132,ethephon,16672-87-0,Régulateur de croissance,Santé A,,2.4
2021,35520,Non,8300063,soufre pour pulverisation (micronise),7704-34-9,Fongicide,Autre,,352
2021,35520,Non,8400096,dicamba,1918-00-9,Herbicide,Env B,,5.76
2021,35520,Non,8400255,metsulfuron-methyl,74223-64-6,Herbicide,Env A,Substitution,0.54
2021,35520,Non,8400425,hydrazide maleique,123-33-1,Régulateur de croissance,Autre,,2.4
2021,35520,Non,8400574,propyzamide,23950-58-5,Herbicide,CMR,Substitution,24
2021,35520,Non,8600243,aclonifen,74070-46-5,Herbicide,CMR,,18
2021,35520,Non,8700020,flurochloridone,61213-25-0,Herbicide,CMR,Exclusion,3.75
2021,35520,Non,8700196,butoxyde de piperonyle,51-03-6,Autre usage – Coformulant / Phytoprotecteur / Synergiste,Autre,,0.225
2021,35520,Non,8700196,deltamethrine,52918-63-5,Insecticide,Santé A,,0.025
2021,35520,Non,8700462,prosulfocarbe,52888-80-9,Herbicide,Env A,,48
2021,35520,Non,8800029,phenmediphame,13684-63-4,Herbicide,Env A,,3.6
2021,35520,Non,8800841,difenoconazole,119446-68-3,Fongicide,Env A,,0.125
2021,35520,Non,8900681,pendimethaline,40487-42-1,Herbicide,Env A,Substitution,4
2021,35520,Non,9000222,soufre,7704-34-9,Fongicide,Autre,,56
2021,35520,Non,9000259,amidosulfuron,120923-37-7,Herbicide,Env A,,0.615
2021,35520,Non,9000490,cycloxydime,101205-02-1,Herbicide,CMR,,0.5
2021,35520,Non,9000619,chlortoluron,15545-48-9,Herbicide,CMR,,5
2021,35520,Non,9000833,metazachlore,67129-08-2,Herbicide,CMR,,6
2021,35520,Non,9000833,quinmerac,90717-03-6,Herbicide,Env B,,1.5
2021,35520,Non,9100034,chlormequat chlorure,999-81-5,Régulateur de croissance,Autre,,59.8
2021,35520,Non,9100296,"2,4-d",94-75-7,Herbicide,Env B,,24
2021,35520,Non,9100418,nicosulfuron,111991-09-4,Herbicide,Env A,,20.48
2021,35520,Non,9200073,triflusulfuron-methyl,126535-15-7,Herbicide,CMR,,0.05
2021,35520,Non,9200159,pyrimethanil,53112-28-0,Fongicide,Env A,,2
2021,35520,Non,9200548,thirame,137-26-8,Fongicide,Env A,,0.1152
2021,35520,Non,9300322,metamitrone,41394-05-2,Herbicide,Env A,,7
2021,35520,Non,9300396,chlormequat chlorure,999-81-5,Régulateur de croissance,Autre,,27.6
2021,35520,Non,9400008,triticonazole,131983-72-7,Fongicide,Env A,,0.168
2021,35520,Non,9400052,clethodime,99129-21-2,Herbicide,Env B,,0.96
2021,35520,Non,9400085,etofenprox,80844-07-1,Insecticide,Santé A,,0.2875
2021,35520,Non,9500040,quizalofop-p-ethyl,100646-51-3,Herbicide,Env A,,0.5
2021,35520,Non,9500361,metamitrone,41394-05-2,Herbicide,Env A,,3.5
2021,35520,Non,9500628,bentazone,25057-89-0,Herbicide,Env B,,5.22
2021,35520,Non,9600093,azoxystrobine,131860-33-8,Fongicide,Santé A,,1.875
2021,35520,Non,9600390,glyphosate,1071-83-6,Herbicide,Env A,,93.6
2021,35520,Non,9700332,azoxystrobine,131860-33-8,Fongicide,Santé A,,1.25
2021,35520,Non,9800018,clomazone,81777-89-1,Herbicide,Env A,,0.6
2021,35520,Non,9800018,dimethachlore,50563-36-5,Herbicide,Env A,,3.75
2021,35520,Non,9800018,napropamide,15299-99-7,Herbicide,Env A,,3.75
2021,35520,Non,9800182,s-metolachlore,87392-12-9,Herbicide,Env A,,9.6
2021,35520,Non,9800245,soufre pour pulverisation (micronise),7704-34-9,Fongicide,Autre,,80
2021,35520,Non,9800336,lambda-cyhalothrine,91465-08-6,Insecticide,Santé A,Substitution,1.65
2021,35520,Non,9800344,fludioxonil,131341-86-1,Fongicide,Env A,,0.34775
2021,35520,Non,9800344,metalaxyl-m,70630-17-0,Fongicide,Autre,,0.134927
2021,35520,Non,9800347,fluroxypyr-meptyl,81406-37-3,Herbicide,Autre,,0.144
2021,35520,Non,9800347,triclopyr,55335-06-3,Herbicide,Env B,,0.3
2021,35520,Non,9900115,clethodime,99129-21-2,Herbicide,Env B,,1.2
2021,35520,Non,9900251,dimethenamide-p (dmta-p),163515-14-8,Herbicide,Env A,,295.2
2021,35520,Non,9900446,cymoxanil,57966-95-7,Fongicide,CMR,,0.079
2021,35520,Non,9900446,fludioxonil,131341-86-1,Fongicide,Env A,,0.0395
2021,35520,Non,9900446,metalaxyl-m,70630-17-0,Fongicide,Autre,,0.133984
2021,35530,Non,2000044,fluazifop-p-butyl,79241-46-6,Herbicide,CMR,,3.125
2021,35530,Non,2000046,ethofumesate,26225-79-6,Herbicide,Env A,,0.75
2021,35530,Non,2000046,metamitrone,41394-05-2,Herbicide,Env A,,1.75
2021,35530,Non,2000122,metalaxyl-m,70630-17-0,Fongicide,Autre,,0.06784
2021,35530,Non,2000201,silthiofam,175217-20-6,Fongicide,Env A,,0.36875
2021,35530,Non,2000202,glyphosate,1071-83-6,Herbicide,Env A,,10.8
2021,35530,Non,2000299,clomazone,81777-89-1,Herbicide,Env A,,0.72
2021,35530,Non,2000301,foramsulfuron,173159-57-4,Herbicide,Env A,,4.7250
2021,35530,Non,2000301,isoxadifen-ethyl,163520-33-0,Autre usage – Coformulant / Phytoprotecteur / Synergiste,Env A,,4.7250
2021,35530,Non,2000316,esfenvalerate,66230-04-4,Insecticide,Santé A,Substitution,0.6
2021,35530,Non,2000369,metsulfuron-methyl,74223-64-6,Herbicide,Env A,Substitution,0.02
2021,35530,Non,2000380,clethodime,99129-21-2,Herbicide,Env B,,1.44
2021,35530,Non,2010023,deltamethrine,52918-63-5,Insecticide,Santé A,,0.15
2021,35530,Non,2010030,mepiquat-chlorure,24307-26-4,Régulateur de croissance,Env B,,1.5
2021,35530,Non,2010030,prohexadione-calcium,127277-53-6,Régulateur de croissance,Env B,,0.25
2021,35530,Non,2010239,florasulame,145701-23-1,Herbicide,Env A,,0.01
2021,35530,Non,2010239,fluroxypyr-meptyl,81406-37-3,Herbicide,Autre,,1.441
2021,35530,Non,2010280,metconazole,125116-23-6,Fongicide,CMR,,6.75
2021,35530,Non,2010513,bacillus thuringiensis ssp kurstaki souche abts-351,68038-71-1,Insecticide,Autre,,
2021,35530,Non,2020099,trifloxystrobine,141517-21-7,Fongicide,Env A,,0.1
2021,35530,Non,2020226,clethodime,99129-21-2,Herbicide,Env B,,0.72
2021,35530,Non,2020241,bacillus thuringiensis ssp aizawai souche abts-1857,68038-71-1,Insecticide,Autre,,0.27
2021,35530,Non,2020474,metazachlore,67129-08-2,Herbicide,CMR,,5
2021,35530,Non,2030071,metaldehyde,108-62-3,Molluscicide,CMR,,3
2021,35530,Non,2030323,fludioxonil,131341-86-1,Fongicide,Env A,,1.27350
2021,35530,Non,2030342,chlormequat chlorure,999-81-5,Régulateur de croissance,Autre,,82.8
2021,35530,Non,2040146,tefluthrine,79538-32-2,Insecticide,Santé A,,10.946
2021,35530,Non,2050046,flonicamide,158062-67-0,Insecticide,Autre,,0.25
2021,35530,Non,2060045,huile vegetale,,SA non phyto - Divers,Autre,,0.35
2021,35530,Non,2060045,resines (colophane),8050-09-7,SA non phyto - Divers,Autre,,3.4
2021,35530,Non,2060051,metrafenone,220899-03-6,Fongicide,Env A,,1.5
2021,35530,Non,2060071,flazasulfuron,104040-78-0,Herbicide,Env A,,0.025
2021,35530,Non,2060084,boscalid,188425-85-6,Fongicide,Env A,,0.801
2021,35530,Non,2060084,pyraclostrobine,175013-18-0,Fongicide,Santé A,,0.201
2021,35530,Non,2060088,benoxacor,98730-04-2,Autre usage – Coformulant / Phytoprotecteur / Synergiste,Autre,,13.8
2021,35530,Non,2060088,mesotrione,104206-82-8,Herbicide,Env A,,27.6
2021,35530,Non,2060088,s-metolachlore,87392-12-9,Herbicide,Env A,,276
2021,35530,Non,2060098,spinosad,168316-95-8,Insecticide,Env A,,0.048
2021,35530,Non,2060116,prothioconazole,178928-70-6,Fongicide,Env A,,16.25
2021,35530,Non,2060127,prothioconazole,178928-70-6,Fongicide,Env A,,0.018
2021,35530,Non,2060131,"2,4-d",94-75-7,Herbicide,Env B,,1.488
2021,35530,Non,2060131,triclopyr,55335-06-3,Herbicide,Env B,,1.6576
2021,35530,Non,2070221,metazachlore,67129-08-2,Herbicide,CMR,,12
2021,35530,Non,2070221,quinmerac,90717-03-6,Herbicide,Env B,,3
2021,35530,Non,2080026,nicosulfuron,111991-09-4,Herbicide,Env A,,7.32
2021,35530,Non,2080060,pyriproxyfene,95737-68-1,Insecticide,Env A,,0.1
2021,35530,Non,2080094,florasulame,145701-23-1,Herbicide,Env A,,0.54
2021,35530,Non,2080094,isoxaben,82558-50-7,Herbicide,Env B,,8.235
2021,35530,Non,2080105,glyphosate,1071-83-6,Herbicide,Env A,,1.8
2021,35530,Non,2080112,thirame,137-26-8,Fongicide,Env A,,2.5056
2021,35530,Non,2080117,prosulfuron,94125-34-5,Herbicide,Env A,Substitution,0.5250
2021,35530,Non,2080123,metsulfuron-methyl,74223-64-6,Herbicide,Env A,Substitution,0.82
2021,35530,Non,2080124,metsulfuron-methyl,74223-64-6,Herbicide,Env A,Substitution,0.144
2021,35530,Non,2080125,metsulfuron-methyl,74223-64-6,Herbicide,Env A,Substitution,0.38
2021,35530,Non,2080145,diflufenicanil,83164-33-4,Herbicide,Env B,,66
2021,35530,Non,2080145,flufenacet,142459-58-3,Herbicide,Env A,,132
2021,35530,Non,2090016,imazamox,114311-32-9,Herbicide,Env A,Substitution,1.169
2021,35530,Non,2090016,pendimethaline,40487-42-1,Herbicide,Env A,Substitution,17.5
2021,35530,Non,2090028,metamitrone,41394-05-2,Herbicide,Env A,,3.5
2021,35530,Non,2090037,dicamba,1918-00-9,Herbicide,Env B,,2.5
2021,35530,Non,2090037,prosulfuron,94125-34-5,Herbicide,Env A,Substitution,0.25
2021,35530,Non,2090041,cloquintocet-mexyl,99607-70-2,Autre usage – Coformulant / Phytoprotecteur / Synergiste,Autre,,0.5625
2021,35530,Non,2090041,pyroxsulame,422556-08-9,Herbicide,Env A,,0.5625
2021,35530,Non,2090050,cypermethrine,52315-07-8,Insecticide,Env A,,8.736
2021,35530,Non,2090054,metsulfuron-methyl,74223-64-6,Herbicide,Env A,Substitution,0.17732
2021,35530,Non,2090054,tribenuron-methyle,101200-48-0,Herbicide,Env A,,0.17732
2021,35530,Non,2090064,imazamox,114311-32-9,Herbicide,Env A,Substitution,0.2
2021,35530,Non,2090068,mepiquat-chlorure,24307-26-4,Régulateur de croissance,Env B,,5.25
2021,35530,Non,2090068,metconazole,125116-23-6,Fongicide,CMR,,0.75
2021,35530,Non,2090093,glyphosate,1071-83-6,Herbicide,Env A,,90
2021,35530,Non,2090095,ethofumesate,26225-79-6,Herbicide,Env A,,1.9
2021,35530,Non,2090095,phenmediphame,13684-63-4,Herbicide,Env A,,2
2021,35530,Non,2090101,nicosulfuron,111991-09-4,Herbicide,Env A,,10.2
2021,35530,Non,2090111,cypermethrine,52315-07-8,Insecticide,Env A,,10.539
2021,35530,Non,2090112,dimethenamide-p (dmta-p),163515-14-8,Herbicide,Env A,,2
2021,35530,Non,2090112,metazachlore,67129-08-2,Herbicide,CMR,,2
2021,35530,Non,2090113,dimethenamide-p (dmta-p),163515-14-8,Herbicide,Env A,,63.750
2021,35530,Non,2090113,pendimethaline,40487-42-1,Herbicide,Env A,Substitution,75.0
2021,35530,Non,2090116,glyphosate,1071-83-6,Herbicide,Env A,,1.8
2021,35530,Non,2090117,tebuconazole,107534-96-3,Fongicide,CMR,,7
2021,35530,Non,2090118,flufenacet,142459-58-3,Herbicide,Env A,,18
2021,35530,Non,2090118,pendimethaline,40487-42-1,Herbicide,Env A,Substitution,90
2021,35530,Non,2090153,dicamba,1918-00-9,Herbicide,Env B,,36.0
2021,35530,Non,2090153,tritosulfuron,142469-14-5,Herbicide,Env A,,7.50
2021,35530,Non,2090159,tritosulfuron,142469-14-5,Herbicide,Env A,,5.7477
2021,35530,Non,2090160,glyphosate,1071-83-6,Herbicide,Env A,,1.8
2021,35530,Non,2090186,prosulfocarbe,52888-80-9,Herbicide,Env A,,168
2021,35530,Non,2090188,glyphosate,1071-83-6,Herbicide,Env A,,14.4
2021,35530,Non,2100009,thifensulfuron-methyle,79277-27-3,Herbicide,Env A,,0.25308
2021,35530,Non,2100009,tribenuron-methyle,101200-48-0,Herbicide,Env A,,0.12692
2021,35530,Non,2100014,metsulfuron-methyl,74223-64-6,Herbicide,Env A,Substitution,0.0804
2021,35530,Non,2100014,thifensulfuron-methyle,79277-27-3,Herbicide,Env A,,0.3996
2021,35530,Non,2100015,thifensulfuron-methyle,79277-27-3,Herbicide,Env A,,0.325
2021,35530,Non,2100016,metsulfuron-methyl,74223-64-6,Herbicide,Env A,Substitution,0.01
2021,35530,Non,2100016,thifensulfuron-methyle,79277-27-3,Herbicide,Env A,,0.1
2021,35530,Non,2100026,cypermethrine,52315-07-8,Insecticide,Env A,,2.5
2021,35530,Non,2100030,phosphate ferrique,10045-86-0,Molluscicide,Autre,,1.782
2021,35530,Non,2100052,cyprodinil,121552-61-2,Fongicide,Env A,,9.0
2021,35530,Non,2100053,fluroxypyr,69377-81-7,Herbicide,Env B,,3
2021,35530,Non,2100056,prothioconazole,178928-70-6,Fongicide,Env A,,1.6
2021,35530,Non,2100056,spiroxamine,118134-30-8,Fongicide,CMR,,3
2021,35530,Non,2100057,prothioconazole,178928-70-6,Fongicide,Env A,,6.125
2021,35530,Non,2100057,trifloxystrobine,141517-21-7,Fongicide,Env A,,3.08
2021,35530,Non,2100065,metsulfuron-methyl,74223-64-6,Herbicide,Env A,Substitution,0.0408
2021,35530,Non,2100065,thifensulfuron-methyle,79277-27-3,Herbicide,Env A,,0.4092
2021,35530,Non,2100108,prothioconazole,178928-70-6,Fongicide,Env A,,21.875
2021,35530,Non,2100108,tebuconazole,107534-96-3,Fongicide,CMR,,21.875
2021,35530,Non,2100111,mesotrione,104206-82-8,Herbicide,Env A,,10.500
2021,35530,Non,2100111,nicosulfuron,111991-09-4,Herbicide,Env A,,4.20
2021,35530,Non,2100112,ethephon,16672-87-0,Régulateur de croissance,Santé A,,7.2
2021,35530,Non,2100121,chlorantraniliprole,500008-45-7,Insecticide,Env A,,3.0
2021,35530,Non,2100138,cloquintocet-mexyl,99607-70-2,Autre usage – Coformulant / Phytoprotecteur / Synergiste,Autre,,3.4375
2021,35530,Non,2100138,pinoxaden,243973-20-8,Herbicide,CMR,,13.75
2021,35530,Non,2100140,clodinafop-propargyl,105512-06-9,Herbicide,Env A,,5.500
2021,35530,Non,2100140,cloquintocet-mexyl,99607-70-2,Autre usage – Coformulant / Phytoprotecteur / Synergiste,Autre,,1.37500
2021,35530,Non,2100140,pinoxaden,243973-20-8,Herbicide,CMR,,5.500
2021,35530,Non,2100151,pyraclostrobine,175013-18-0,Fongicide,Santé A,,11.06
2021,35530,Non,2100175,prothioconazole,178928-70-6,Fongicide,Env A,,0.294
2021,35530,Non,2100186,glyphosate,1071-83-6,Herbicide,Env A,,57.6
2021,35530,Non,2100211,prothioconazole,178928-70-6,Fongicide,Env A,,5.000
2021,35530,Non,2100211,tebuconazole,107534-96-3,Fongicide,CMR,,5.000
2021,35530,Non,2100227,propaquizafop,111479-05-1,Herbicide,Env A,,1.5
2021,35530,Non,2100234,diflufenicanil,83164-33-4,Herbicide,Env B,,3.6
2021,35530,Non,2100234,iodosulfuron-methyl-sodium,144550-36-7,Herbicide,Env A,,0.2250
2021,35530,Non,2100234,mefenpyr-diethyl,135590-91-9,Autre usage – Coformulant / Phytoprotecteur / Synergiste,Autre,,0.810
2021,35530,Non,2100234,mesosulfuron-methyl,208465-21-8,Herbicide,Env A,,0.270
2021,35530,Non,2100244,napropamide,15299-99-7,Herbicide,Env A,,27
2021,35530,Non,2110018,difenoconazole,119446-68-3,Fongicide,Env A,,0.15975
2021,35530,Non,2110018,fludioxonil,131341-86-1,Fongicide,Env A,,0.15975
2021,35530,Non,2110063,clopyralid,1702-17-6,Herbicide,Autre,,0.54
2021,35530,Non,2110086,spirotetramat,203313-25-1,Insecticide,CMR,,0.1
2021,35530,Non,2110102,difenoconazole,119446-68-3,Fongicide,Env A,,16.51900
2021,35530,Non,2110102,fludioxonil,131341-86-1,Fongicide,Env A,,16.51900
2021,35530,Non,2110102,sedaxane,874967-67-6,Fongicide,Env A,,33.0380
2021,35530,Non,2110103,tribenuron-methyle,101200-48-0,Herbicide,Env A,,0.3
2021,35530,Non,2110104,clopyralid,1702-17-6,Herbicide,Autre,,0.32
2021,35530,Non,2110104,florasulame,145701-23-1,Herbicide,Env A,,0.010
2021,35530,Non,2110104,fluroxypyr-meptyl,81406-37-3,Herbicide,Autre,,0.576
2021,35530,Non,2110105,azoxystrobine,131860-33-8,Fongicide,Santé A,,2.5
2021,35530,Non,2110144,fluxapyroxad,907204-31-3,Fongicide,CMR,,0.7500
2021,35530,Non,2110148,bixafen,581809-46-3,Fongicide,Env A,,0.5
2021,35530,Non,2110152,cypermethrine,52315-07-8,Insecticide,Env A,,0.80
2021,35530,Non,2110153,chlormequat chlorure,999-81-5,Régulateur de croissance,Autre,,3
2021,35530,Non,2110153,ethephon,16672-87-0,Régulateur de croissance,Santé A,,1.5
2021,35530,Non,2110161,glyphosate,1071-83-6,Herbicide,Env A,,2.25
2021,35530,Non,2110162,azoxystrobine,131860-33-8,Fongicide,Santé A,,30
2021,35530,Non,2110167,tebuconazole,107534-96-3,Fongicide,CMR,,1.72
2021,35530,Non,2110192,metsulfuron-methyl,74223-64-6,Herbicide,Env A,Substitution,0.1
2021,35530,Non,2120041,zirame,137-30-4,Fongicide,Santé A,,7.2744
2021,35530,Non,2120048,aminopyralid,150114-71-9,Herbicide,Env A,,0.96
2021,35530,Non,2120048,triclopyr,55335-06-3,Herbicide,Env B,,7.68
2021,35530,Non,2120066,dichlorprop-p,15165-67-0,Herbicide,Autre,,6
2021,35530,Non,2120066,picolinafen,137641-05-5,Herbicide,Env A,,0.2
2021,35530,Non,2120070,prothioconazole,178928-70-6,Fongicide,Env A,,2.4
2021,35530,Non,2120070,tebuconazole,107534-96-3,Fongicide,CMR,,1.2
2021,35530,Non,2120075,dimethenamide-p (dmta-p),163515-14-8,Herbicide,Env A,,16
2021,35530,Non,2120075,metazachlore,67129-08-2,Herbicide,CMR,,16
2021,35530,Non,2120075,quinmerac,90717-03-6,Herbicide,Env B,,8
2021,35530,Non,2120089,"2,4-mcpa",94-74-6,Herbicide,Env A,,0.6
2021,35530,Non,2120089,diflufenicanil,83164-33-4,Herbicide,Env B,,0.15
2021,35530,Non,2120089,glyphosate,1071-83-6,Herbicide,Env A,,1.2
2021,35530,Non,2120120,bentazone,25057-89-0,Herbicide,Env B,,9.6
2021,35530,Non,2120120,imazamox,114311-32-9,Herbicide,Env A,Substitution,0.448
2021,35530,Non,2120143,glyphosate,1071-83-6,Herbicide,Env A,,19.2
2021,35530,Non,2120153,propyzamide,23950-58-5,Herbicide,CMR,Substitution,24
2021,35530,Non,2120160,bentazone,25057-89-0,Herbicide,Env B,,19.2
2021,35530,Non,2120206,boscalid,188425-85-6,Fongicide,Env A,,0.665
2021,35530,Non,2120206,metconazole,125116-23-6,Fongicide,CMR,,0.3
2021,35530,Non,2130063,nicosulfuron,111991-09-4,Herbicide,Env A,,1.4
2021,35530,Non,2130068,diflufenicanil,83164-33-4,Herbicide,Env B,,13.0
2021,35530,Non,2130069,diflufenicanil,83164-33-4,Herbicide,Env B,,14.0
2021,35530,Non,2130083,lambda-cyhalothrine,91465-08-6,Insecticide,Santé A,Substitution,0.7
2021,35530,Non,2130091,diflufenicanil,83164-33-4,Herbicide,Env B,,9
2021,35530,Non,2130092,spiromesifen,283594-90-1,Insecticide,Autre,,0.24
2021,35530,Non,2130140,diflufenicanil,83164-33-4,Herbicide,Env B,,2.4
2021,35530,Non,2130140,pendimethaline,40487-42-1,Herbicide,Env A,Substitution,24
2021,35530,Non,2130164,cyprosulfamide,221667-31-8,Autre usage – Coformulant / Phytoprotecteur / Synergiste,Autre,,0.675
2021,35530,Non,2130164,foramsulfuron,173159-57-4,Herbicide,Env A,,1.35
2021,35530,Non,2130164,thiencarbazone-methyl,317815-83-1,Herbicide,CMR,,0.45
2021,35530,Non,2130202,fluopyram,658066-35-4,Fongicide,Env A,,3.125
2021,35530,Non,2130202,prothioconazole,178928-70-6,Fongicide,Env A,,3.125
2021,35530,Non,2130247,trinexapac-ethyl,95266-40-3,Régulateur de croissance,Env A,,3.00
2021,35530,Non,2130251,lambda-cyhalothrine,91465-08-6,Insecticide,Santé A,Substitution,3.5
2021,35530,Non,2130266,bromuconazole,116255-48-2,Fongicide,Env A,,7.515
2021,35530,Non,2130266,tebuconazole,107534-96-3,Fongicide,CMR,,4.815
2021,35530,Non,2140040,phosmet,732-11-6,Insecticide,CMR,,27.5
2021,35530,Non,2140051,fluxapyroxad,907204-31-3,Fongicide,CMR,,0.04662
2021,35530,Non,2140078,fludioxonil,131341-86-1,Fongicide,Env A,,0.08
2021,35530,Non,2140078,tefluthrine,79538-32-2,Insecticide,Santé A,,0.32
2021,35530,Non,2140082,trinexapac-ethyl,95266-40-3,Régulateur de croissance,Env A,,1.225
2021,35530,Non,2140098,aminopyralid,150114-71-9,Herbicide,Env A,,0.02635
2021,35530,Non,2140098,propyzamide,23950-58-5,Herbicide,CMR,Substitution,2.5
2021,35530,Non,2140121,acide pelargonique,112-05-0,Herbicide,Autre,,0.593975
2021,35530,Non,2140132,diflufenicanil,83164-33-4,Herbicide,Env B,,6
2021,35530,Non,2140148,dicamba,1918-00-9,Herbicide,Env B,,9.6
2021,35530,Non,2140156,"2,4-mcpa",94-74-6,Herbicide,Env A,,49.3395
2021,35530,Non,2140156,clopyralid,1702-17-6,Herbicide,Autre,,4.3105
2021,35530,Non,2140156,fluroxypyr,69377-81-7,Herbicide,Env B,,11.1
2021,35530,Non,2140173,fluxapyroxad,907204-31-3,Fongicide,CMR,,0.05
2021,35530,Non,2140173,metconazole,125116-23-6,Fongicide,CMR,,0.036
2021,35530,Non,2140257,iodosulfuron-methyl-sodium,144550-36-7,Herbicide,Env A,,0.05
2021,35530,Non,2140257,mefenpyr-diethyl,135590-91-9,Autre usage – Coformulant / Phytoprotecteur / Synergiste,Autre,,0.75
2021,35530,Non,2140257,mesosulfuron-methyl,208465-21-8,Herbicide,Env A,,0.25
2021,35530,Non,2140258,iodosulfuron-methyl-sodium,144550-36-7,Herbicide,Env A,,0.1875
2021,35530,Non,2140258,mesosulfuron-methyl,208465-21-8,Herbicide,Env A,,0.1875
2021,35530,Non,2150014,fluxapyroxad,907204-31-3,Fongicide,CMR,,2.5
2021,35530,Non,2150014,metconazole,125116-23-6,Fongicide,CMR,,1.8
2021,35530,Non,2150019,silthiofam,175217-20-6,Fongicide,Env A,,2.5
2021,35530,Non,2150022,dicamba,1918-00-9,Herbicide,Env B,,12
2021,35530,Non,2150028,metobromuron,3060-89-7,Herbicide,CMR,,5
2021,35530,Non,2150066,propyzamide,23950-58-5,Herbicide,CMR,Substitution,16
2021,35530,Non,2150078,clomazone,81777-89-1,Herbicide,Env A,,0.48
2021,35530,Non,2150078,pethoxamide,106700-29-2,Herbicide,Env A,,8
2021,35530,Non,2150084,mesotrione,104206-82-8,Herbicide,Env A,,0.5
2021,35530,Non,2150125,diflufenicanil,83164-33-4,Herbicide,Env B,,2.8
2021,35530,Non,2150140,glyphosate,1071-83-6,Herbicide,Env A,,525.6
2021,35530,Non,2150245,alphamethrine,67375-30-8,Insecticide,Santé A,Substitution,0.1
2021,35530,Non,2150483,lambda-cyhalothrine,91465-08-6,Insecticide,Santé A,Substitution,0.88
2021,35530,Non,2150484,clopyralid,1702-17-6,Herbicide,Autre,,2.1
2021,35530,Non,2150484,florasulame,145701-23-1,Herbicide,Env A,,0.175
2021,35530,Non,2150626,mesotrione,104206-82-8,Herbicide,Env A,,2
2021,35530,Non,2150753,fluopyram,658066-35-4,Fongicide,Env A,,0.625
2021,35530,Non,2150753,prothioconazole,178928-70-6,Fongicide,Env A,,0.625
2021,35530,Non,2150785,mesotrione,104206-82-8,Herbicide,Env A,,5.0
2021,35530,Non,2150870,florasulame,145701-23-1,Herbicide,Env A,,0.45
2021,35530,Non,2150964,lambda-cyhalothrine,91465-08-6,Insecticide,Santé A,Substitution,1.4
2021,35530,Non,2160200,cloquintocet-mexyl,99607-70-2,Autre usage – Coformulant / Phytoprotecteur / Synergiste,Autre,,0.5
2021,35530,Non,2160200,pinoxaden,243973-20-8,Herbicide,CMR,,2
2021,35530,Non,2160226,phosphate ferrique,10045-86-0,Molluscicide,Autre,,2.7588
2021,35530,Non,2160248,dicamba,1918-00-9,Herbicide,Env B,,1.2
2021,35530,Non,2160248,mesotrione,104206-82-8,Herbicide,Env A,,0.5
2021,35530,Non,2160260,metconazole,125116-23-6,Fongicide,CMR,,3.15
2021,35530,Non,2160384,trinexapac-ethyl,95266-40-3,Régulateur de croissance,Env A,,1
2021,35530,Non,2160387,tebuconazole,107534-96-3,Fongicide,CMR,,5
2021,35530,Non,2160484,difenoconazole,119446-68-3,Fongicide,Env A,,0.57
2021,35530,Non,2160484,fludioxonil,131341-86-1,Fongicide,Env A,,0.57
2021,35530,Non,2160527,sels de potassium d'acides gras,10124-65-9,Insecticide,Autre,,19.192
2021,35530,Non,2160693,cyprosulfamide,221667-31-8,Autre usage – Coformulant / Phytoprotecteur / Synergiste,Autre,,1.8
2021,35530,Non,2160693,isoxaflutole,141112-29-0,Herbicide,CMR,,2.70
2021,35530,Non,2160693,thiencarbazone-methyl,317815-83-1,Herbicide,CMR,,1.08
2021,35530,Non,2160752,pyridate,55512-33-9,Herbicide,Env A,,27
2021,35530,Non,2160781,s-metolachlore,87392-12-9,Herbicide,Env A,,100.8
2021,35530,Non,2160931,bixafen,581809-46-3,Fongicide,Env A,,4.407
2021,35530,Non,2160931,fluopyram,658066-35-4,Fongicide,Env A,,4.407
2021,35530,Non,2160931,prothioconazole,178928-70-6,Fongicide,Env A,,8.814
2021,35530,Non,2160936,cloquintocet-mexyl,99607-70-2,Autre usage – Coformulant / Phytoprotecteur / Synergiste,Autre,,0.60
2021,35530,Non,2160936,fluroxypyr-meptyl,81406-37-3,Herbicide,Autre,,20.15
2021,35530,Non,2160936,halauxifen-methyl,943831-98-9,Herbicide,Env A,,0.625
2021,35530,Non,2160937,cloquintocet-mexyl,99607-70-2,Autre usage – Coformulant / Phytoprotecteur / Synergiste,Autre,,0.180
2021,35530,Non,2160937,florasulame,145701-23-1,Herbicide,Env A,,0.150
2021,35530,Non,2160937,halauxifen-methyl,943831-98-9,Herbicide,Env A,,0.18750
2021,35530,Non,2160959,benzovindiflupyr,1072957-71-1,Fongicide,Santé A,Substitution,3.750
2021,35530,Non,2160959,prothioconazole,178928-70-6,Fongicide,Env A,,7.50
2021,35530,Non,2160976,prosulfuron,94125-34-5,Herbicide,Env A,Substitution,0.18
2021,35530,Non,2161068,mesotrione,104206-82-8,Herbicide,Env A,,2.25
2021,35530,Non,2161068,nicosulfuron,111991-09-4,Herbicide,Env A,,0.9
2021,35530,Non,2161101,fluxapyroxad,907204-31-3,Fongicide,CMR,,3.75
2021,35530,Non,2161101,pyraclostrobine,175013-18-0,Fongicide,Santé A,,7.5
2021,35530,Non,2170031,metamitrone,41394-05-2,Herbicide,Env A,,7
2021,35530,Non,2170055,dicamba,1918-00-9,Herbicide,Env B,,4.8
2021,35530,Non,2170158,dimethenamide-p (dmta-p),163515-14-8,Herbicide,Env A,,3.33
2021,35530,Non,2170158,quinmerac,90717-03-6,Herbicide,Env B,,1.67
2021,35530,Non,2170208,iodosulfuron-methyl-sodium,144550-36-7,Herbicide,Env A,,0.018
2021,35510,Non,2000003,metazachlore,67129-08-2,Herbicide,CMR,,10
2021,35510,Non,2000201,silthiofam,175217-20-6,Fongicide,Env A,,0.64875
2021,35510,Non,2000202,glyphosate,1071-83-6,Herbicide,Env A,,1.8
2021,35510,Non,2000299,clomazone,81777-89-1,Herbicide,Env A,,0.36
2021,35510,Non,2000369,metsulfuron-methyl,74223-64-6,Herbicide,Env A,Substitution,0.06
2021,35510,Non,2000380,clethodime,99129-21-2,Herbicide,Env B,,1.08
2021,35510,Non,2010023,deltamethrine,52918-63-5,Insecticide,Santé A,,0.045
2021,35510,Non,2010030,mepiquat-chlorure,24307-26-4,Régulateur de croissance,Env B,,1.5
2021,35510,Non,2010030,prohexadione-calcium,127277-53-6,Régulateur de croissance,Env B,,0.25
2021,35510,Non,2010280,metconazole,125116-23-6,Fongicide,CMR,,9.9
2021,35510,Non,2020099,trifloxystrobine,141517-21-7,Fongicide,Env A,,3.75
2021,35510,Non,2020226,clethodime,99129-21-2,Herbicide,Env B,,0.24
2021,35510,Non,2030071,metaldehyde,108-62-3,Molluscicide,CMR,,0.75
2021,35510,Non,2030323,fludioxonil,131341-86-1,Fongicide,Env A,,0.24775
2021,35510,Non,2030342,chlormequat chlorure,999-81-5,Régulateur de croissance,Autre,,55.2
2021,35510,Non,2040146,tefluthrine,79538-32-2,Insecticide,Santé A,,0.074
2021,35510,Non,2050037,cyanamide de calcium,156-62-7,Herbicide - Antimousse,Autre,,9.675
2021,35510,Non,2050046,flonicamide,158062-67-0,Insecticide,Autre,,0.25
2021,35510,Non,2060050,metrafenone,220899-03-6,Fongicide,Env A,,0.15
2021,35510,Non,2060088,benoxacor,98730-04-2,Autre usage – Coformulant / Phytoprotecteur / Synergiste,Autre,,3.5
2021,35510,Non,2060088,mesotrione,104206-82-8,Herbicide,Env A,,7.0
2021,35510,Non,2060088,s-metolachlore,87392-12-9,Herbicide,Env A,,70
2021,35510,Non,2060116,prothioconazole,178928-70-6,Fongicide,Env A,,2.5
2021,35510,Non,2060127,prothioconazole,178928-70-6,Fongicide,Env A,,0.087
2021,35510,Non,2060172,tetraconazole,112281-77-3,Fongicide,Env A,,0.04
2021,35510,Non,2070221,metazachlore,67129-08-2,Herbicide,CMR,,6
2021,35510,Non,2070221,quinmerac,90717-03-6,Herbicide,Env B,,1.5
2021,35510,Non,2080026,nicosulfuron,111991-09-4,Herbicide,Env A,,0.72
2021,35510,Non,2080112,thirame,137-26-8,Fongicide,Env A,,0.6576
2021,35510,Non,2080117,prosulfuron,94125-34-5,Herbicide,Env A,Substitution,0.0750
2021,35510,Non,2080123,metsulfuron-methyl,74223-64-6,Herbicide,Env A,Substitution,0.68
2021,35510,Non,2080125,metsulfuron-methyl,74223-64-6,Herbicide,Env A,Substitution,0.24
2021,35510,Non,2080145,diflufenicanil,83164-33-4,Herbicide,Env B,,7
2021,35510,Non,2080145,flufenacet,142459-58-3,Herbicide,Env A,,14
2021,35510,Non,2090008,thirame,137-26-8,Fongicide,Env A,,0.29848
2021,35510,Non,2090016,imazamox,114311-32-9,Herbicide,Env A,Substitution,0.167
2021,35510,Non,2090016,pendimethaline,40487-42-1,Herbicide,Env A,Substitution,2.5
2021,35510,Non,2090037,dicamba,1918-00-9,Herbicide,Env B,,1.0
2021,35510,Non,2090037,prosulfuron,94125-34-5,Herbicide,Env A,Substitution,0.10
2021,35510,Non,2090042,cloquintocet-mexyl,99607-70-2,Autre usage – Coformulant / Phytoprotecteur / Synergiste,Autre,,0.583965
2021,35510,Non,2090042,florasulame,145701-23-1,Herbicide,Env A,,0.19494
2021,35510,Non,2090042,pyroxsulame,422556-08-9,Herbicide,Env A,,0.583965
2021,35510,Non,2090050,cypermethrine,52315-07-8,Insecticide,Env A,,2.592
2021,35510,Non,2090093,glyphosate,1071-83-6,Herbicide,Env A,,27
2021,35510,Non,2090095,ethofumesate,26225-79-6,Herbicide,Env A,,0.95
2021,35510,Non,2090095,phenmediphame,13684-63-4,Herbicide,Env A,,1
2021,35510,Non,2090101,nicosulfuron,111991-09-4,Herbicide,Env A,,0.8
2021,35510,Non,2090111,cypermethrine,52315-07-8,Insecticide,Env A,,1.809
2021,35510,Non,2090113,dimethenamide-p (dmta-p),163515-14-8,Herbicide,Env A,,2.125
2021,35510,Non,2090113,pendimethaline,40487-42-1,Herbicide,Env A,Substitution,2.5
2021,35510,Non,2090114,diflufenicanil,83164-33-4,Herbicide,Env B,,0.18
2021,35510,Non,2090114,iodosulfuron-methyl-sodium,144550-36-7,Herbicide,Env A,,0.005
2021,35510,Non,2090117,tebuconazole,107534-96-3,Fongicide,CMR,,2
2021,35510,Non,2090118,flufenacet,142459-58-3,Herbicide,Env A,,7.2
2021,35510,Non,2090118,pendimethaline,40487-42-1,Herbicide,Env A,Substitution,36
2021,35510,Non,2090153,dicamba,1918-00-9,Herbicide,Env B,,13.2
2021,35510,Non,2090153,tritosulfuron,142469-14-5,Herbicide,Env A,,2.75
2021,35510,Non,2090186,prosulfocarbe,52888-80-9,Herbicide,Env A,,48
2021,35510,Non,2100028,fluroxypyr,69377-81-7,Herbicide,Env B,,3
2021,35510,Non,2100030,phosphate ferrique,10045-86-0,Molluscicide,Autre,,9.504
2021,35510,Non,2100037,boscalid,188425-85-6,Fongicide,Env A,,1
2021,35510,Non,2100037,dimoxystrobine,149961-52-4,Fongicide,CMR,,1
2021,35510,Non,2100051,ipconazole,125225-28-7,Fongicide,CMR,Exclusion,0.03435
2021,35510,Non,2100052,cyprodinil,121552-61-2,Fongicide,Env A,,9
2021,35510,Non,2100060,monopotassium phosphonate,13977-65-6,Fongicide,Autre,,3.504
2021,35510,Non,2100111,mesotrione,104206-82-8,Herbicide,Env A,,3.375
2021,35510,Non,2100111,nicosulfuron,111991-09-4,Herbicide,Env A,,1.35
2021,35510,Non,2100112,ethephon,16672-87-0,Régulateur de croissance,Santé A,,16.8
2021,35510,Non,2100121,chlorantraniliprole,500008-45-7,Insecticide,Env A,,0.8
2021,35510,Non,2100138,cloquintocet-mexyl,99607-70-2,Autre usage – Coformulant / Phytoprotecteur / Synergiste,Autre,,0.8125
2021,35510,Non,2100138,pinoxaden,243973-20-8,Herbicide,CMR,,3.25
2021,35510,Non,2100140,clodinafop-propargyl,105512-06-9,Herbicide,Env A,,3.375
2021,35510,Non,2100140,cloquintocet-mexyl,99607-70-2,Autre usage – Coformulant / Phytoprotecteur / Synergiste,Autre,,0.84375
2021,35510,Non,2100140,pinoxaden,243973-20-8,Herbicide,CMR,,3.375
2021,35510,Non,2100151,pyraclostrobine,175013-18-0,Fongicide,Santé A,,14
2021,35510,Non,2100181,fluopicolide,239110-15-7,Fongicide,Env A,,0.18648
2021,35510,Non,2100181,fosetyl-aluminium,39148-24-8,Fongicide,Autre,,2.80014
2021,35510,Non,2100215,pendimethaline,40487-42-1,Herbicide,Env A,Substitution,4
2021,35510,Non,2100221,ametoctradine,865318-97-4,Fongicide,Env A,,0.42
2021,35510,Non,2100221,metirame,9006-42-2,Fongicide,Env A,,1.54
2021,35510,Non,2100231,emamectine benzoate,155569-91-8,Insecticide,Santé A,,0.019
2021,35510,Non,2110004,propyzamide,23950-58-5,Herbicide,CMR,Substitution,16
2021,35510,Non,2110013,bromoxynil,1689-84-5,Herbicide,CMR,Exclusion,2.4096
2021,35510,Non,2110018,difenoconazole,119446-68-3,Fongicide,Env A,,0.0585
2021,35510,Non,2110018,fludioxonil,131341-86-1,Fongicide,Env A,,0.0585
2021,35510,Non,2110073,indoxacarbe,173584-44-6,Insecticide,Santé A,,0.06
2021,35510,Non,2110082,diflufenicanil,83164-33-4,Herbicide,Env B,,0.72
2021,35510,Non,2110082,metsulfuron-methyl,74223-64-6,Herbicide,Env A,Substitution,0.072
2021,35510,Non,2110086,spirotetramat,203313-25-1,Insecticide,CMR,,0.1
2021,35510,Non,2110095,cloquintocet-mexyl,99607-70-2,Autre usage – Coformulant / Phytoprotecteur / Synergiste,Autre,,0.3375
2021,35510,Non,2110095,florasulame,145701-23-1,Herbicide,Env A,,0.15
2021,35510,Non,2110095,pinoxaden,243973-20-8,Herbicide,CMR,,1.35
2021,35510,Non,2110102,difenoconazole,119446-68-3,Fongicide,Env A,,0.16000
2021,35510,Non,2110102,fludioxonil,131341-86-1,Fongicide,Env A,,0.16000
2021,35510,Non,2110102,sedaxane,874967-67-6,Fongicide,Env A,,0.3200
2021,35510,Non,2110103,tribenuron-methyle,101200-48-0,Herbicide,Env A,,0.075
2021,35510,Non,2110105,azoxystrobine,131860-33-8,Fongicide,Santé A,,1.25
2021,35510,Non,2110144,fluxapyroxad,907204-31-3,Fongicide,CMR,,1.375
2021,35510,Non,2110150,huile de colza,8002-13-9,Insecticide,Autre,,0.19425
2021,35510,Non,2110154,"2,4-mcpa",94-74-6,Herbicide,Env A,,3.06
2021,35510,Non,2110154,dicamba,1918-00-9,Herbicide,Env B,,0.27
2021,35510,Non,2110167,tebuconazole,107534-96-3,Fongicide,CMR,,7.74
2021,35510,Non,2110192,metsulfuron-methyl,74223-64-6,Herbicide,Env A,Substitution,0.22
2021,35510,Non,2120041,zirame,137-30-4,Fongicide,Santé A,,0.378
2021,35510,Non,2120048,aminopyralid,150114-71-9,Herbicide,Env A,,0.36
2021,35510,Non,2120048,triclopyr,55335-06-3,Herbicide,Env B,,2.88
2021,35510,Non,2120143,glyphosate,1071-83-6,Herbicide,Env A,,19.2
2021,35510,Non,2120177,clonostachys rosea j1446 (anciennement gliocladium catenulatum),,Fongicide,Autre,,
2021,35510,Non,2130049,cyflufenamid,180409-60-3,Fongicide,Env A,,0.021
2021,35510,Non,2130049,difenoconazole,119446-68-3,Fongicide,Env A,,0.042
2021,35510,Non,2130063,nicosulfuron,111991-09-4,Herbicide,Env A,,1
2021,35510,Non,2130068,diflufenicanil,83164-33-4,Herbicide,Env B,,3.5
2021,35510,Non,2130069,diflufenicanil,83164-33-4,Herbicide,Env B,,6
2021,35510,Non,2130083,lambda-cyhalothrine,91465-08-6,Insecticide,Santé A,Substitution,0.2
2021,35510,Non,2130152,fluopyram,658066-35-4,Fongicide,Env A,,0.075
2021,35510,Non,2130152,trifloxystrobine,141517-21-7,Fongicide,Env A,,0.075
2021,35510,Non,2130164,cyprosulfamide,221667-31-8,Autre usage – Coformulant / Phytoprotecteur / Synergiste,Autre,,0.15
2021,35510,Non,2130164,foramsulfuron,173159-57-4,Herbicide,Env A,,0.3
2021,35510,Non,2130164,thiencarbazone-methyl,317815-83-1,Herbicide,CMR,,0.1
2021,35510,Non,2130202,fluopyram,658066-35-4,Fongicide,Env A,,1.875
2021,35510,Non,2130202,prothioconazole,178928-70-6,Fongicide,Env A,,1.875
2021,35510,Non,2130253,"2,4-d",94-75-7,Herbicide,Env B,,4.8
2021,35510,Non,2130253,glyphosate,1071-83-6,Herbicide,Env A,,7.2
2021,35510,Non,2140082,trinexapac-ethyl,95266-40-3,Régulateur de croissance,Env A,,0.175
2021,35510,Non,2140098,aminopyralid,150114-71-9,Herbicide,Env A,,0.02635
2021,35510,Non,2140098,propyzamide,23950-58-5,Herbicide,CMR,Substitution,2.5
2021,35510,Non,2140121,acide pelargonique,112-05-0,Herbicide,Autre,,1.026389
2021,35510,Non,2140156,"2,4-mcpa",94-74-6,Herbicide,Env A,,5.334
2021,35510,Non,2140156,clopyralid,1702-17-6,Herbicide,Autre,,0.466
2021,35510,Non,2140156,fluroxypyr,69377-81-7,Herbicide,Env B,,1.2
2021,35510,Non,2140257,iodosulfuron-methyl-sodium,144550-36-7,Herbicide,Env A,,0.02
2021,35510,Non,2140257,mefenpyr-diethyl,135590-91-9,Autre usage – Coformulant / Phytoprotecteur / Synergiste,Autre,,0.3
2021,35510,Non,2140257,mesosulfuron-methyl,208465-21-8,Herbicide,Env A,,0.1
2021,35510,Non,2150022,dicamba,1918-00-9,Herbicide,Env B,,2.4
2021,35510,Non,2150104,huile minerale paraffinique,8042-47-5,Insecticide - Acaricide,Autre,,130.72
2021,35510,Non,2150125,diflufenicanil,83164-33-4,Herbicide,Env B,,2.4
2021,35510,Non,2150140,glyphosate,1071-83-6,Herbicide,Env A,,122.4
2021,35510,Non,2150328,pythium oligandrum souche m1,,Fongicide,Autre,,
2021,35510,Non,2150387,ametoctradine,865318-97-4,Fongicide,Env A,,0.39
2021,35510,Non,2150387,dimethomorphe,110488-70-5,Fongicide,Env A,,0.2925
2021,35510,Non,2150626,mesotrione,104206-82-8,Herbicide,Env A,,0.5
2021,35510,Non,2150757,diflufenicanil,83164-33-4,Herbicide,Env B,,0.2
2021,35510,Non,2150757,glyphosate,1071-83-6,Herbicide,Env A,,1.25
2021,35510,Non,2150785,mesotrione,104206-82-8,Herbicide,Env A,,4.5
2021,35510,Non,2160064,fludioxonil,131341-86-1,Fongicide,Env A,,0.111
2021,35510,Non,2160064,tebuconazole,107534-96-3,Fongicide,CMR,,0.0222
2021,35510,Non,2160200,cloquintocet-mexyl,99607-70-2,Autre usage – Coformulant / Phytoprotecteur / Synergiste,Autre,,0.3125
2021,35510,Non,2160200,pinoxaden,243973-20-8,Herbicide,CMR,,1.25
2021,35510,Non,2160226,phosphate ferrique,10045-86-0,Molluscicide,Autre,,5.929
2021,35510,Non,2160248,dicamba,1918-00-9,Herbicide,Env B,,1.2
2021,35510,Non,2160248,mesotrione,104206-82-8,Herbicide,Env A,,0.50
2021,35510,Non,2160260,metconazole,125116-23-6,Fongicide,CMR,,2.25
2021,35510,Non,2160384,trinexapac-ethyl,95266-40-3,Régulateur de croissance,Env A,,0.25
2021,35510,Non,2160556,clomazone,81777-89-1,Herbicide,Env A,,1.44
2021,35510,Non,2160920,fluroxypyr-meptyl,81406-37-3,Herbicide,Autre,,1.945
2021,35510,Non,2160920,metsulfuron-methyl,74223-64-6,Herbicide,Env A,Substitution,0.05
2021,35510,Non,2160920,thifensulfuron-methyle,79277-27-3,Herbicide,Env A,,0.3
2021,35510,Non,2160931,bixafen,581809-46-3,Fongicide,Env A,,2.3725
2021,35510,Non,2160931,fluopyram,658066-35-4,Fongicide,Env A,,2.3725
2021,35510,Non,2160931,prothioconazole,178928-70-6,Fongicide,Env A,,4.745
2021,35510,Non,2160936,cloquintocet-mexyl,99607-70-2,Autre usage – Coformulant / Phytoprotecteur / Synergiste,Autre,,0.144
2021,35510,Non,2160936,fluroxypyr-meptyl,81406-37-3,Herbicide,Autre,,4.836
2021,35510,Non,2160936,halauxifen-methyl,943831-98-9,Herbicide,Env A,,0.150
2021,35510,Non,2160937,cloquintocet-mexyl,99607-70-2,Autre usage – Coformulant / Phytoprotecteur / Synergiste,Autre,,0.126
2021,35510,Non,2160937,florasulame,145701-23-1,Herbicide,Env A,,0.105
2021,35510,Non,2160937,halauxifen-methyl,943831-98-9,Herbicide,Env A,,0.13125
2021,35510,Non,2160959,benzovindiflupyr,1072957-71-1,Fongicide,Santé A,Substitution,1.125
2021,35510,Non,2160959,prothioconazole,178928-70-6,Fongicide,Env A,,2.25
2021,35510,Non,2161101,fluxapyroxad,907204-31-3,Fongicide,CMR,,0.75
2021,35510,Non,2161101,pyraclostrobine,175013-18-0,Fongicide,Santé A,,1.5
2021,35510,Non,2170158,dimethenamide-p (dmta-p),163515-14-8,Herbicide,Env A,,3.33
2021,35510,Non,2170158,quinmerac,90717-03-6,Herbicide,Env B,,1.67
2021,35510,Non,2170228,bixafen,581809-46-3,Fongicide,Env A,,0.65
2021,35510,Non,2170228,fluopyram,658066-35-4,Fongicide,Env A,,0.65
2021,35510,Non,2170228,prothioconazole,178928-70-6,Fongicide,Env A,,1.3
2021,35510,Non,2170230,azoxystrobine,131860-33-8,Fongicide,Santé A,,0.003
2021,35510,Non,2170230,fludioxonil,131341-86-1,Fongicide,Env A,,0.0075
2021,35510,Non,2170230,metalaxyl-m,70630-17-0,Fongicide,Autre,,0.0058
2021,35510,Non,2170230,thiabendazole,148-79-8,Fongicide,Env A,,0.06
2021,35510,Non,2170332,dimethomorphe,110488-70-5,Fongicide,Env A,,0.27
2021,35510,Non,2170332,zoxamide,156052-68-5,Fongicide,Env A,,0.27
2021,35510,Non,2170381,mesotrione,104206-82-8,Herbicide,Env A,,1.75
2021,35510,Non,2170381,terbuthylazine,5915-41-3,Herbicide,Env A,,8.25
2021,35510,Non,2170757,prochloraze,67747-09-5,Fongicide,Env A,,1.335
2021,35510,Non,2170757,tebuconazole,107534-96-3,Fongicide,CMR,,0.665
2021,35510,Non,2171200,bicarbonate de potassium,298-14-6,Fongicide,Autre,,12.43625
2021,35510,Non,2180124,metalaxyl,57837-19-1,Fongicide,Env B,,0.0486
2021,35510,Non,2180124,prothioconazole,178928-70-6,Fongicide,Env A,,0.243
2021,35510,Non,2180369,acide octanoique,124-07-2,Herbicide - Antimousse,Env B,,5.64
2021,35510,Non,2180581,difenoconazole,119446-68-3,Fongicide,Env A,,0.25
2021,35510,Non,2180651,bacillus amyloliquefaciens souche fzb24,NC,Fongicide,Autre,,
2021,35510,Non,2180703,isofetamide,875915-78-9,Fongicide,Env A,,0.4
2021,35510,Non,2190010,saccharomyces cerevisiae souche las02,,Fongicide,Autre,,
2021,35510,Non,2190062,halauxifen-methyl,943831-98-9,Herbicide,Env A,,0.04
2021,35510,Non,2190062,piclorame,1918-02-1,Herbicide,Env A,,0.192
2021,35510,Non,2190173,metaldehyde,108-62-3,Molluscicide,CMR,,2.16
2021,35510,Non,2190173,phosphate ferrique,10045-86-0,Molluscicide,Autre,,3.4992
2021,35510,Non,2190215,clomazone,81777-89-1,Herbicide,Env A,,0.72
2021,35510,Non,2190265,bicarbonate de potassium,298-14-6,Fongicide,Autre,,12.75
2021,35510,Non,2190468,dicamba,1918-00-9,Herbicide,Env B,,2
2021,35510,Non,2190468,prosulfuron,94125-34-5,Herbicide,Env A,Substitution,0.2
2021,35510,Non,2190509,mefentrifluconazole,1417782-03-6,Fongicide,Autre,,1
2021,35510,Non,2190686,fluxapyroxad,907204-31-3,Fongicide,CMR,,8.25
2021,35510,Non,2190686,mefentrifluconazole,1417782-03-6,Fongicide,Autre,,16.5
2021,35510,Non,2190883,prothioconazole,178928-70-6,Fongicide,Env A,,3.75
2021,35510,Non,2200753,glyphosate,1071-83-6,Herbicide,Env A,,2.7
2021,35510,Non,5100219,soufre sublime,7704-34-9,Fongicide,Autre,,198
2021,35510,Non,8400528,isoxaben,82558-50-7,Herbicide,Env B,,0.625
2021,35510,Non,8400574,propyzamide,23950-58-5,Herbicide,CMR,Substitution,4
2021,35510,Non,8600243,aclonifen,74070-46-5,Herbicide,CMR,,6
2021,35510,Non,8700002,chlortoluron,15545-48-9,Herbicide,CMR,,25
2021,35510,Non,8700107,metirame,9006-42-2,Fongicide,Env A,,1.4
2021,35510,Non,8700196,butoxyde de piperonyle,51-03-6,Autre usage – Coformulant / Phytoprotecteur / Synergiste,Autre,,0.225
2021,35510,Non,8700196,deltamethrine,52918-63-5,Insecticide,Santé A,,0.025
2021,35510,Non,8700462,prosulfocarbe,52888-80-9,Herbicide,Env A,,96
2021,35510,Non,8800011,carboxine,5234-68-4,Fongicide,Env A,,0.06
2021,35510,Non,8800011,thirame,137-26-8,Fongicide,Env A,,0.06
2021,35510,Non,8800199,propaquizafop,111479-05-1,Herbicide,Env A,,0.5
2021,35510,Non,8800841,difenoconazole,119446-68-3,Fongicide,Env A,,1.25
2021,35510,Non,8900564,tau-fluvalinate,102851-06-9,Insecticide,Env A,,0.12
2021,35510,Non,9000222,soufre,7704-34-9,Fongicide,Autre,,14
2021,35510,Non,9000259,amidosulfuron,120923-37-7,Herbicide,Env A,,0.18
2021,35510,Non,9000490,cycloxydime,101205-02-1,Herbicide,CMR,,1.5
2021,35510,Non,9000619,chlortoluron,15545-48-9,Herbicide,CMR,,5
2021,35510,Non,9000833,metazachlore,67129-08-2,Herbicide,CMR,,4
2021,35510,Non,9000833,quinmerac,90717-03-6,Herbicide,Env B,,1
2021,35510,Non,9100046,trinexapac-ethyl,95266-40-3,Régulateur de croissance,Env A,,1.25
2021,35510,Non,9100296,"2,4-d",94-75-7,Herbicide,Env B,,3
2021,35510,Non,9100418,nicosulfuron,111991-09-4,Herbicide,Env A,,1
2021,35510,Non,9200215,cymoxanil,57966-95-7,Fongicide,CMR,,0.168
2021,35510,Non,9200215,metirame,9006-42-2,Fongicide,Env A,,1.995
2021,35510,Non,9200436,cuivre de l'oxychlorure de cuivre,1332-40-7,Fongicide,Santé A,Substitution,1.8
2021,35510,Non,9200436,cymoxanil,57966-95-7,Fongicide,CMR,,0.18
2021,35510,Non,9300322,metamitrone,41394-05-2,Herbicide,Env A,,3.5
2021,35510,Non,9400008,triticonazole,131983-72-7,Fongicide,Env A,,0.420
2021,35510,Non,9400052,clethodime,99129-21-2,Herbicide,Env B,,1.2
2021,35510,Non,9400083,"2,4-mcpa",94-74-6,Herbicide,Env A,,4
2021,35510,Non,9400083,dichlorprop-p,15165-67-0,Herbicide,Autre,,2
2021,35510,Non,9400083,mecoprop-p (mcpp-p),16484-77-8,Herbicide,Env A,,2
2021,35510,Non,9400085,etofenprox,80844-07-1,Insecticide,Santé A,,0.2875
2021,35510,Non,9500040,quizalofop-p-ethyl,100646-51-3,Herbicide,Env A,,0.75
2021,35510,Non,9500628,bentazone,25057-89-0,Herbicide,Env B,,5.22
2021,35510,Non,9800018,clomazone,81777-89-1,Herbicide,Env A,,1.35
2021,35510,Non,9800018,dimethachlore,50563-36-5,Herbicide,Env A,,8.4375
2021,35510,Non,9800018,napropamide,15299-99-7,Herbicide,Env A,,8.4375
2021,35510,Non,9800244,fenhexamide,126833-17-8,Fongicide,Env A,,0.425
2021,35510,Non,9800245,soufre pour pulverisation (micronise),7704-34-9,Fongicide,Autre,,51.2
2021,35510,Non,9800262,flazasulfuron,104040-78-0,Herbicide,Env A,,0.025
2021,35510,Non,9800336,lambda-cyhalothrine,91465-08-6,Insecticide,Santé A,Substitution,0.3
2021,35510,Non,9800344,fludioxonil,131341-86-1,Fongicide,Env A,,0.01275
2021,35510,Non,9800344,metalaxyl-m,70630-17-0,Fongicide,Autre,,0.004947
2021,35510,Non,9900037,trifloxystrobine,141517-21-7,Fongicide,Env A,,0.05
2021,35510,Non,9900115,clethodime,99129-21-2,Herbicide,Env B,,1.2
2021,35510,Non,9900119,isoxaben,82558-50-7,Herbicide,Env B,,0.026
2021,35510,Non,9900119,oryzalin,19044-88-3,Herbicide,CMR,,0.108
2021,35510,Non,9900251,dimethenamide-p (dmta-p),163515-14-8,Herbicide,Env A,,14.4
2021,35510,Non,9900257,cuivre du sulfate de cuivre,8011-63-0,Fongicide,Env A,Substitution,0.2
2021,35510,Non,9900340,pendimethaline,40487-42-1,Herbicide,Env A,Substitution,25.6
2021,35510,Non,9900340,picolinafen,137641-05-5,Herbicide,Env A,,1.28
2021,35590,Non,2000044,fluazifop-p-butyl,79241-46-6,Herbicide,CMR,,0.625
2021,35590,Non,2000046,ethofumesate,26225-79-6,Herbicide,Env A,,0.75
2021,35590,Non,2000046,metamitrone,41394-05-2,Herbicide,Env A,,1.75
2021,35590,Non,2000201,silthiofam,175217-20-6,Fongicide,Env A,,1.0325
2021,35590,Non,2000301,foramsulfuron,173159-57-4,Herbicide,Env A,,0.1125
2021,35590,Non,2000301,isoxadifen-ethyl,163520-33-0,Autre usage – Coformulant / Phytoprotecteur / Synergiste,Env A,,0.1125
2021,35590,Non,2000369,metsulfuron-methyl,74223-64-6,Herbicide,Env A,Substitution,0.1
2021,35590,Non,2000380,clethodime,99129-21-2,Herbicide,Env B,,1.8
2021,35590,Non,2010030,mepiquat-chlorure,24307-26-4,Régulateur de croissance,Env B,,4.5
2021,35590,Non,2010030,prohexadione-calcium,127277-53-6,Régulateur de croissance,Env B,,0.75
2021,35590,Non,2010280,metconazole,125116-23-6,Fongicide,CMR,,1.8
2021,35590,Non,2010617,dimethenamide-p (dmta-p),163515-14-8,Herbicide,Env A,,7.2
2021,35590,Non,2020021,laminarine,9008-22-4,Fongicide,Autre,,0.185
2021,35590,Non,2020099,trifloxystrobine,141517-21-7,Fongicide,Env A,,4.5
2021,35590,Non,2020226,clethodime,99129-21-2,Herbicide,Env B,,0.72
2021,35590,Non,2030323,fludioxonil,131341-86-1,Fongicide,Env A,,0.36625
2021,35590,Non,2030332,"2,4-d",94-75-7,Herbicide,Env B,,1.2
2021,35590,Non,2030332,dichlorprop-p,15165-67-0,Herbicide,Autre,,0.6
2021,35590,Non,2030342,chlormequat chlorure,999-81-5,Régulateur de croissance,Autre,,46.0
2021,35590,Non,2040146,tefluthrine,79538-32-2,Insecticide,Santé A,,2.614
2021,35590,Non,2060063,picolinafen,137641-05-5,Herbicide,Env A,,2.625
2021,35590,Non,2060071,flazasulfuron,104040-78-0,Herbicide,Env A,,0.0125
2021,35590,Non,2060088,benoxacor,98730-04-2,Autre usage – Coformulant / Phytoprotecteur / Synergiste,Autre,,8.0
2021,35590,Non,2060088,mesotrione,104206-82-8,Herbicide,Env A,,16.0
2021,35590,Non,2060088,s-metolachlore,87392-12-9,Herbicide,Env A,,160
2021,35590,Non,2060098,spinosad,168316-95-8,Insecticide,Env A,,1.20
2021,35590,Non,2060127,prothioconazole,178928-70-6,Fongicide,Env A,,0.990
2021,35590,Non,2060131,"2,4-d",94-75-7,Herbicide,Env B,,0.465
2021,35590,Non,2060131,triclopyr,55335-06-3,Herbicide,Env B,,0.518
2021,35590,Non,2080026,nicosulfuron,111991-09-4,Herbicide,Env A,,2.4
2021,35590,Non,2080105,glyphosate,1071-83-6,Herbicide,Env A,,1.8
2021,35590,Non,2080112,thirame,137-26-8,Fongicide,Env A,,0.9888
2021,35590,Non,2080117,prosulfuron,94125-34-5,Herbicide,Env A,Substitution,1.9500
2021,35590,Non,2080123,metsulfuron-methyl,74223-64-6,Herbicide,Env A,Substitution,0.48
2021,35590,Non,2080124,metsulfuron-methyl,74223-64-6,Herbicide,Env A,Substitution,0.18
2021,35590,Non,2080125,metsulfuron-methyl,74223-64-6,Herbicide,Env A,Substitution,0.74
2021,35590,Non,2080145,diflufenicanil,83164-33-4,Herbicide,Env B,,28
2021,35590,Non,2080145,flufenacet,142459-58-3,Herbicide,Env A,,56
2021,35590,Non,2090008,thirame,137-26-8,Fongicide,Env A,,0.30381
2021,35590,Non,2090037,dicamba,1918-00-9,Herbicide,Env B,,3.0
2021,35590,Non,2090037,prosulfuron,94125-34-5,Herbicide,Env A,Substitution,0.30
2021,35590,Non,2090050,cypermethrine,52315-07-8,Insecticide,Env A,,2.400
2021,35590,Non,2090069,bromoxynil,1689-84-5,Herbicide,CMR,Exclusion,7.050
2021,35590,Non,2090071,bromoxynil,1689-84-5,Herbicide,CMR,Exclusion,4.7
2021,35590,Non,2090093,glyphosate,1071-83-6,Herbicide,Env A,,54
2021,35590,Non,2090101,nicosulfuron,111991-09-4,Herbicide,Env A,,6.8
2021,35590,Non,2090111,cypermethrine,52315-07-8,Insecticide,Env A,,18.573
2021,35590,Non,2090112,dimethenamide-p (dmta-p),163515-14-8,Herbicide,Env A,,1
2021,35590,Non,2090112,metazachlore,67129-08-2,Herbicide,CMR,,1
2021,35590,Non,2090113,dimethenamide-p (dmta-p),163515-14-8,Herbicide,Env A,,65.875
2021,35590,Non,2090113,pendimethaline,40487-42-1,Herbicide,Env A,Substitution,77.5
2021,35590,Non,2090118,flufenacet,142459-58-3,Herbicide,Env A,,3
2021,35590,Non,2090118,pendimethaline,40487-42-1,Herbicide,Env A,Substitution,15
2021,35590,Non,2090149,ethephon,16672-87-0,Régulateur de croissance,Santé A,,2.4
2021,35590,Non,2090153,dicamba,1918-00-9,Herbicide,Env B,,16.8
2021,35590,Non,2090153,tritosulfuron,142469-14-5,Herbicide,Env A,,3.50
2021,35590,Non,2090159,tritosulfuron,142469-14-5,Herbicide,Env A,,3.7485
2021,35590,Non,2090186,prosulfocarbe,52888-80-9,Herbicide,Env A,,72
2021,35590,Non,2090188,glyphosate,1071-83-6,Herbicide,Env A,,7.2
2021,35590,Non,2100009,thifensulfuron-methyle,79277-27-3,Herbicide,Env A,,0.5994
2021,35590,Non,2100009,tribenuron-methyle,101200-48-0,Herbicide,Env A,,0.3006
2021,35590,Non,2100026,cypermethrine,52315-07-8,Insecticide,Env A,,1
2021,35590,Non,2100028,fluroxypyr,69377-81-7,Herbicide,Env B,,2
2021,35590,Non,2100030,phosphate ferrique,10045-86-0,Molluscicide,Autre,,1.782
2021,35590,Non,2100051,ipconazole,125225-28-7,Fongicide,CMR,Exclusion,0.0291
2021,35590,Non,2100052,cyprodinil,121552-61-2,Fongicide,Env A,,1.5
2021,35590,Non,2100056,prothioconazole,178928-70-6,Fongicide,Env A,,0.8
2021,35590,Non,2100056,spiroxamine,118134-30-8,Fongicide,CMR,,1.5
2021,35590,Non,2100057,prothioconazole,178928-70-6,Fongicide,Env A,,5.250
2021,35590,Non,2100057,trifloxystrobine,141517-21-7,Fongicide,Env A,,2.64
2021,35590,Non,2100108,prothioconazole,178928-70-6,Fongicide,Env A,,4.375
2021,35590,Non,2100108,tebuconazole,107534-96-3,Fongicide,CMR,,4.375
2021,35590,Non,2100111,mesotrione,104206-82-8,Herbicide,Env A,,3.750
2021,35590,Non,2100111,nicosulfuron,111991-09-4,Herbicide,Env A,,1.50
2021,35590,Non,2100112,ethephon,16672-87-0,Régulateur de croissance,Santé A,,7.2
2021,35590,Non,2100121,chlorantraniliprole,500008-45-7,Insecticide,Env A,,1.4
2021,35590,Non,2100138,cloquintocet-mexyl,99607-70-2,Autre usage – Coformulant / Phytoprotecteur / Synergiste,Autre,,1.4375
2021,35590,Non,2100138,pinoxaden,243973-20-8,Herbicide,CMR,,5.75
2021,35590,Non,2100140,clodinafop-propargyl,105512-06-9,Herbicide,Env A,,2.50
2021,35590,Non,2100140,cloquintocet-mexyl,99607-70-2,Autre usage – Coformulant / Phytoprotecteur / Synergiste,Autre,,0.6250
2021,35590,Non,2100140,pinoxaden,243973-20-8,Herbicide,CMR,,2.50
2021,35590,Non,2100151,pyraclostrobine,175013-18-0,Fongicide,Santé A,,22
2021,35590,Non,2100211,prothioconazole,178928-70-6,Fongicide,Env A,,2.5
2021,35590,Non,2100211,tebuconazole,107534-96-3,Fongicide,CMR,,2.5
2021,35590,Non,2100234,diflufenicanil,83164-33-4,Herbicide,Env B,,6.6
2021,35590,Non,2100234,iodosulfuron-methyl-sodium,144550-36-7,Herbicide,Env A,,0.4125
2021,35590,Non,2100234,mefenpyr-diethyl,135590-91-9,Autre usage – Coformulant / Phytoprotecteur / Synergiste,Autre,,1.485
2021,35590,Non,2100234,mesosulfuron-methyl,208465-21-8,Herbicide,Env A,,0.495
2021,35590,Non,2110018,difenoconazole,119446-68-3,Fongicide,Env A,,0.19025
2021,35590,Non,2110018,fludioxonil,131341-86-1,Fongicide,Env A,,0.19025
2021,35590,Non,2110063,clopyralid,1702-17-6,Herbicide,Autre,,0.54
2021,35590,Non,2110072,thifensulfuron-methyle,79277-27-3,Herbicide,Env A,,0.25
2021,35590,Non,2110072,tribenuron-methyle,101200-48-0,Herbicide,Env A,,0.125
2021,35590,Non,2110082,diflufenicanil,83164-33-4,Herbicide,Env B,,0.72
2021,35590,Non,2110082,metsulfuron-methyl,74223-64-6,Herbicide,Env A,Substitution,0.072
2021,35590,Non,2110102,difenoconazole,119446-68-3,Fongicide,Env A,,1.82750
2021,35590,Non,2110102,fludioxonil,131341-86-1,Fongicide,Env A,,1.82750
2021,35590,Non,2110102,sedaxane,874967-67-6,Fongicide,Env A,,3.6550
2021,35590,Non,2110105,azoxystrobine,131860-33-8,Fongicide,Santé A,,2.50
2021,35590,Non,2110140,diflufenicanil,83164-33-4,Herbicide,Env B,,1.8
2021,35590,Non,2110140,flufenacet,142459-58-3,Herbicide,Env A,,3.6
2021,35590,Non,2110144,fluxapyroxad,907204-31-3,Fongicide,CMR,,0.875
2021,35590,Non,2110152,cypermethrine,52315-07-8,Insecticide,Env A,,0.24
2021,35590,Non,2110162,azoxystrobine,131860-33-8,Fongicide,Santé A,,2.5
2021,35590,Non,2110167,tebuconazole,107534-96-3,Fongicide,CMR,,2.15
2021,35590,Non,2110192,metsulfuron-methyl,74223-64-6,Herbicide,Env A,Substitution,0.06
2021,35590,Non,2120041,zirame,137-30-4,Fongicide,Santé A,,7.3122
2021,35590,Non,2120048,aminopyralid,150114-71-9,Herbicide,Env A,,1.02
2021,35590,Non,2120048,triclopyr,55335-06-3,Herbicide,Env B,,8.16
2021,35590,Non,2120070,prothioconazole,178928-70-6,Fongicide,Env A,,15.2
2021,35590,Non,2120070,tebuconazole,107534-96-3,Fongicide,CMR,,7.6
2021,35590,Non,2120075,dimethenamide-p (dmta-p),163515-14-8,Herbicide,Env A,,6
2021,35590,Non,2120075,metazachlore,67129-08-2,Herbicide,CMR,,6
2021,35590,Non,2120075,quinmerac,90717-03-6,Herbicide,Env B,,3
2021,35590,Non,2120089,"2,4-mcpa",94-74-6,Herbicide,Env A,,0.6
2021,35590,Non,2120089,diflufenicanil,83164-33-4,Herbicide,Env B,,0.150
2021,35590,Non,2120089,glyphosate,1071-83-6,Herbicide,Env A,,1.2
2021,35590,Non,2120120,bentazone,25057-89-0,Herbicide,Env B,,14.4
2021,35590,Non,2120120,imazamox,114311-32-9,Herbicide,Env A,Substitution,0.672
2021,35590,Non,2120143,glyphosate,1071-83-6,Herbicide,Env A,,86.4
2021,35590,Non,2120160,bentazone,25057-89-0,Herbicide,Env B,,4.8
2021,35590,Non,2130063,nicosulfuron,111991-09-4,Herbicide,Env A,,8.2
2021,35590,Non,2130068,diflufenicanil,83164-33-4,Herbicide,Env B,,14.0
2021,35590,Non,2130083,lambda-cyhalothrine,91465-08-6,Insecticide,Santé A,Substitution,0.8
2021,35590,Non,2130084,metaldehyde,108-62-3,Molluscicide,CMR,,0.48
2021,35590,Non,2130140,diflufenicanil,83164-33-4,Herbicide,Env B,,1.6
2021,35590,Non,2130140,pendimethaline,40487-42-1,Herbicide,Env A,Substitution,16
2021,35590,Non,2130164,cyprosulfamide,221667-31-8,Autre usage – Coformulant / Phytoprotecteur / Synergiste,Autre,,1.800
2021,35590,Non,2130164,foramsulfuron,173159-57-4,Herbicide,Env A,,3.60
2021,35590,Non,2130164,thiencarbazone-methyl,317815-83-1,Herbicide,CMR,,1.20
2021,35590,Non,2130187,dimethenamide-p (dmta-p),163515-14-8,Herbicide,Env A,,2
2021,35590,Non,2130187,metazachlore,67129-08-2,Herbicide,CMR,,2
2021,35590,Non,2130187,quinmerac,90717-03-6,Herbicide,Env B,,1
2021,35590,Non,2130251,lambda-cyhalothrine,91465-08-6,Insecticide,Santé A,Substitution,0.1
2021,35590,Non,2130266,bromuconazole,116255-48-2,Fongicide,Env A,,0.835
2021,35590,Non,2130266,tebuconazole,107534-96-3,Fongicide,CMR,,0.535
2021,35590,Non,2140040,phosmet,732-11-6,Insecticide,CMR,,5
2021,35590,Non,2140051,fluxapyroxad,907204-31-3,Fongicide,CMR,,0.17982
2021,35590,Non,2140082,trinexapac-ethyl,95266-40-3,Régulateur de croissance,Env A,,1.400
2021,35590,Non,2140098,aminopyralid,150114-71-9,Herbicide,Env A,,0.0527
2021,35590,Non,2140098,propyzamide,23950-58-5,Herbicide,CMR,Substitution,5
2021,35590,Non,2140148,dicamba,1918-00-9,Herbicide,Env B,,7.2
2021,35590,Non,2140173,fluxapyroxad,907204-31-3,Fongicide,CMR,,3.75
2021,35590,Non,2140173,metconazole,125116-23-6,Fongicide,CMR,,2.7
2021,35590,Non,2140257,iodosulfuron-methyl-sodium,144550-36-7,Herbicide,Env A,,0.02
2021,35590,Non,2140257,mefenpyr-diethyl,135590-91-9,Autre usage – Coformulant / Phytoprotecteur / Synergiste,Autre,,0.3
2021,35590,Non,2140257,mesosulfuron-methyl,208465-21-8,Herbicide,Env A,,0.1
2021,35590,Non,2140258,iodosulfuron-methyl-sodium,144550-36-7,Herbicide,Env A,,0.2625
2021,35590,Non,2140258,mesosulfuron-methyl,208465-21-8,Herbicide,Env A,,0.2625
2021,35590,Non,2150022,dicamba,1918-00-9,Herbicide,Env B,,3.84
2021,35590,Non,2150084,mesotrione,104206-82-8,Herbicide,Env A,,3
2021,35590,Non,2150125,diflufenicanil,83164-33-4,Herbicide,Env B,,3.6
2021,35590,Non,2150140,glyphosate,1071-83-6,Herbicide,Env A,,273.6
2021,35590,Non,2150483,lambda-cyhalothrine,91465-08-6,Insecticide,Santé A,Substitution,0.48
2021,35590,Non,2150484,clopyralid,1702-17-6,Herbicide,Autre,,0.6
2021,35590,Non,2150484,florasulame,145701-23-1,Herbicide,Env A,,0.05
2021,35590,Non,2150785,mesotrione,104206-82-8,Herbicide,Env A,,9
2021,35590,Non,2150964,lambda-cyhalothrine,91465-08-6,Insecticide,Santé A,Substitution,1.32
2021,35590,Non,2160200,cloquintocet-mexyl,99607-70-2,Autre usage – Coformulant / Phytoprotecteur / Synergiste,Autre,,0.25
2021,35590,Non,2160200,pinoxaden,243973-20-8,Herbicide,CMR,,1
2021,35590,Non,2160226,phosphate ferrique,10045-86-0,Molluscicide,Autre,,0.2904
2021,35590,Non,2160248,dicamba,1918-00-9,Herbicide,Env B,,3
2021,35590,Non,2160248,mesotrione,104206-82-8,Herbicide,Env A,,1.25
2021,35590,Non,2160384,trinexapac-ethyl,95266-40-3,Régulateur de croissance,Env A,,1.75
2021,35590,Non,2160387,tebuconazole,107534-96-3,Fongicide,CMR,,5
2021,35590,Non,2160693,cyprosulfamide,221667-31-8,Autre usage – Coformulant / Phytoprotecteur / Synergiste,Autre,,1.50
2021,35590,Non,2160693,isoxaflutole,141112-29-0,Herbicide,CMR,,2.250
2021,35590,Non,2160693,thiencarbazone-methyl,317815-83-1,Herbicide,CMR,,0.90
2021,35590,Non,2160752,pyridate,55512-33-9,Herbicide,Env A,,12
2021,35590,Non,2160920,fluroxypyr-meptyl,81406-37-3,Herbicide,Autre,,4.8625
2021,35590,Non,2160920,metsulfuron-methyl,74223-64-6,Herbicide,Env A,Substitution,0.125
2021,35590,Non,2160920,thifensulfuron-methyle,79277-27-3,Herbicide,Env A,,0.75
2021,35590,Non,2160931,bixafen,581809-46-3,Fongicide,Env A,,6.6625
2021,35590,Non,2160931,fluopyram,658066-35-4,Fongicide,Env A,,6.6625
2021,35590,Non,2160931,prothioconazole,178928-70-6,Fongicide,Env A,,13.325
2021,35590,Non,2160937,cloquintocet-mexyl,99607-70-2,Autre usage – Coformulant / Phytoprotecteur / Synergiste,Autre,,0.396
2021,35590,Non,2160937,florasulame,145701-23-1,Herbicide,Env A,,0.330
2021,35590,Non,2160937,halauxifen-methyl,943831-98-9,Herbicide,Env A,,0.41250
2021,35590,Non,2160959,benzovindiflupyr,1072957-71-1,Fongicide,Santé A,Substitution,1.125
2021,35590,Non,2160959,prothioconazole,178928-70-6,Fongicide,Env A,,2.25
2021,35590,Non,2161068,mesotrione,104206-82-8,Herbicide,Env A,,1.125
2021,35590,Non,2161068,nicosulfuron,111991-09-4,Herbicide,Env A,,0.45
2021,35590,Non,2170031,metamitrone,41394-05-2,Herbicide,Env A,,3.5
2021,35590,Non,2170158,dimethenamide-p (dmta-p),163515-14-8,Herbicide,Env A,,1.665
2021,35590,Non,2170158,quinmerac,90717-03-6,Herbicide,Env B,,0.835
2021,35590,Non,2170216,cloquintocet-mexyl,99607-70-2,Autre usage – Coformulant / Phytoprotecteur / Synergiste,Autre,,0.2
2021,35590,Non,2170216,diflufenicanil,83164-33-4,Herbicide,Env B,,0.8
2021,35590,Non,2170216,florasulame,145701-23-1,Herbicide,Env A,,0.04
2021,35590,Non,2170216,iodosulfuron-methyl-sodium,144550-36-7,Herbicide,Env A,,0.1
2021,35590,Non,2170228,bixafen,581809-46-3,Fongicide,Env A,,2.275
2021,35590,Non,2170228,fluopyram,658066-35-4,Fongicide,Env A,,2.275
2021,35590,Non,2170228,prothioconazole,178928-70-6,Fongicide,Env A,,4.55
2021,35590,Non,2170230,azoxystrobine,131860-33-8,Fongicide,Santé A,,0.00105
2021,35590,Non,2170230,fludioxonil,131341-86-1,Fongicide,Env A,,0.002625
2021,35590,Non,2170230,metalaxyl-m,70630-17-0,Fongicide,Autre,,0.00203
2021,35590,Non,2170230,thiabendazole,148-79-8,Fongicide,Env A,,0.021
2021,35590,Non,2170381,mesotrione,104206-82-8,Herbicide,Env A,,10.15
2021,35590,Non,2170381,terbuthylazine,5915-41-3,Herbicide,Env A,,47.85
2021,35590,Non,2170757,prochloraze,67747-09-5,Fongicide,Env A,,4.005
2021,35590,Non,2170757,tebuconazole,107534-96-3,Fongicide,CMR,,1.995
2021,35590,Non,2171193,mesotrione,104206-82-8,Herbicide,Env A,,0.7
2021,35590,Non,2171193,terbuthylazine,5915-41-3,Herbicide,Env A,,3.3
2021,35590,Non,2171204,triflusulfuron-methyl,126535-15-7,Herbicide,CMR,,0.12
2021,35590,Non,2180009,dicamba,1918-00-9,Herbicide,Env B,,0.5
2021,35590,Non,2180009,tritosulfuron,142469-14-5,Herbicide,Env A,,0.25
2021,35590,Non,2180124,metalaxyl,57837-19-1,Fongicide,Env B,,0.2738
2021,35590,Non,2180124,prothioconazole,178928-70-6,Fongicide,Env A,,1.369
2021,35590,Non,2180165,dicamba dimethylammonium,2300-66-5,Herbicide,Env B,,9.6
2021,35590,Non,2180233,dicamba,1918-00-9,Herbicide,Env B,,7.2
2021,35590,Non,2180309,clomazone,81777-89-1,Herbicide,Env A,,0.36
2021,35590,Non,2180766,fludioxonil,131341-86-1,Fongicide,Env A,,0.001125
2021,35590,Non,2180766,metalaxyl-m,70630-17-0,Fongicide,Autre,,0.00072
2021,35590,Non,2180766,sedaxane,874967-67-6,Fongicide,Env A,,0.00075
2021,35590,Non,2180865,ipconazole,125225-28-7,Fongicide,CMR,Exclusion,0.08136
2021,35590,Non,2190173,metaldehyde,108-62-3,Molluscicide,CMR,,0.72
2021,35590,Non,2190173,phosphate ferrique,10045-86-0,Molluscicide,Autre,,1.1664
2021,35590,Non,2190634,azoxystrobine,131860-33-8,Fongicide,Santé A,,1.25
2021,35590,Non,2190686,fluxapyroxad,907204-31-3,Fongicide,CMR,,13.1
2021,35590,Non,2190686,mefentrifluconazole,1417782-03-6,Fongicide,Autre,,26.2
2021,35590,Non,2200756,prohexadione-calcium,127277-53-6,Régulateur de croissance,Env B,,2.5
2021,35590,Non,7200313,alcools terpeniques,98-55-5,Autre usage – Adjuvant,Autre,,3.325
2021,35590,Non,8100345,hymexazol,10004-44-1,Fongicide,Env B,,0.049
2021,35590,Non,8400096,dicamba,1918-00-9,Herbicide,Env B,,28.80
2021,35590,Non,8400255,metsulfuron-methyl,74223-64-6,Herbicide,Env A,Substitution,0.14
2021,35590,Non,8400528,isoxaben,82558-50-7,Herbicide,Env B,,0.25
2021,35590,Non,8700462,prosulfocarbe,52888-80-9,Herbicide,Env A,,208
2021,35590,Non,8800029,phenmediphame,13684-63-4,Herbicide,Env A,,4.0
2021,35590,Non,8800395,lambda-cyhalothrine,91465-08-6,Insecticide,Santé A,Substitution,0.025
2021,35590,Non,8800395,pyrimicarbe,23103-98-2,Insecticide,CMR,,0.5
2021,35590,Non,9000184,"2,4-mcpa",94-74-6,Herbicide,Env A,,1
2021,35590,Non,9000184,clopyralid,1702-17-6,Herbicide,Autre,,0.1
2021,35590,Non,9000184,fluroxypyr-meptyl,81406-37-3,Herbicide,Autre,,0.288
2021,35590,Non,9000259,amidosulfuron,120923-37-7,Herbicide,Env A,,0.09
2021,35590,Non,9000753,metaldehyde,108-62-3,Molluscicide,CMR,,1.5
2021,35590,Non,9100418,nicosulfuron,111991-09-4,Herbicide,Env A,,0.4
2021,35590,Non,9200073,triflusulfuron-methyl,126535-15-7,Herbicide,CMR,,0.05
2021,35590,Non,9200548,thirame,137-26-8,Fongicide,Env A,,0.048
2021,35590,Non,9300189,fluroxypyr,69377-81-7,Herbicide,Env B,,0.1
2021,35590,Non,9300189,triclopyr,55335-06-3,Herbicide,Env B,,0.3
2021,35590,Non,9300322,metamitrone,41394-05-2,Herbicide,Env A,,3.5
2021,35590,Non,9400008,triticonazole,131983-72-7,Fongicide,Env A,,0.84
2021,35590,Non,9400083,"2,4-mcpa",94-74-6,Herbicide,Env A,,4
2021,35590,Non,9400083,dichlorprop-p,15165-67-0,Herbicide,Autre,,2
2021,35590,Non,9400083,mecoprop-p (mcpp-p),16484-77-8,Herbicide,Env A,,2
2021,35590,Non,9500361,metamitrone,41394-05-2,Herbicide,Env A,,3.5
2021,35590,Non,9500595,"2,4-d",94-75-7,Herbicide,Env B,,0.3
2021,35590,Non,9500595,"2,4-mcpa",94-74-6,Herbicide,Env A,,0.35
2021,35590,Non,9500595,clopyralid,1702-17-6,Herbicide,Autre,,0.07
2021,35590,Non,9600370,"2,4-mcpa",94-74-6,Herbicide,Env A,,3.5
2021,35590,Non,9600370,clopyralid (sous forme de sel de monoethanolamine),57754-85-5,Herbicide,Autre,,0.35
2021,35590,Non,9600390,glyphosate,1071-83-6,Herbicide,Env A,,14.4
2021,35590,Non,9800277,florasulame,145701-23-1,Herbicide,Env A,,0.05
2021,35590,Non,9800336,lambda-cyhalothrine,91465-08-6,Insecticide,Santé A,Substitution,1.0
2021,35590,Non,9800344,fludioxonil,131341-86-1,Fongicide,Env A,,0.07250
2021,35590,Non,9800344,metalaxyl-m,70630-17-0,Fongicide,Autre,,0.028130
2021,35590,Non,9900047,mesotrione,104206-82-8,Herbicide,Env A,,0.5
2021,35590,Non,9900251,dimethenamide-p (dmta-p),163515-14-8,Herbicide,Env A,,28.8
2021,35590,Non,9900446,cymoxanil,57966-95-7,Fongicide,CMR,,0.1
2021,35590,Non,9900446,fludioxonil,131341-86-1,Fongicide,Env A,,0.05
2021,35590,Non,9900446,metalaxyl-m,70630-17-0,Fongicide,Autre,,0.1696
2021,35530,Non,2170208,mefenpyr-diethyl,135590-91-9,Autre usage – Coformulant / Phytoprotecteur / Synergiste,Autre,,0.27
2021,35530,Non,2170208,mesosulfuron-methyl,208465-21-8,Herbicide,Env A,,0.09
2021,35530,Non,2170228,bixafen,581809-46-3,Fongicide,Env A,,4.55
2021,35530,Non,2170228,fluopyram,658066-35-4,Fongicide,Env A,,4.55
2021,35530,Non,2170228,prothioconazole,178928-70-6,Fongicide,Env A,,9.1
2021,35530,Non,2170230,azoxystrobine,131860-33-8,Fongicide,Santé A,,0.0015
2021,35530,Non,2170230,fludioxonil,131341-86-1,Fongicide,Env A,,0.00375
2021,35530,Non,2170230,metalaxyl-m,70630-17-0,Fongicide,Autre,,0.0029
2021,35530,Non,2170230,thiabendazole,148-79-8,Fongicide,Env A,,0.03
2021,35530,Non,2170237,iodosulfuron-methyl-sodium,144550-36-7,Herbicide,Env A,,0.189
2021,35530,Non,2170237,mefenpyr-diethyl,135590-91-9,Autre usage – Coformulant / Phytoprotecteur / Synergiste,Autre,,0.567
2021,35530,Non,2170237,mesosulfuron-methyl,208465-21-8,Herbicide,Env A,,0.189
2021,35530,Non,2170237,thiencarbazone-methyl,317815-83-1,Herbicide,CMR,,0.1575
2021,35530,Non,2170263,cypermethrine,52315-07-8,Insecticide,Env A,,1
2021,35530,Non,2170354,trinexapac-ethyl,95266-40-3,Régulateur de croissance,Env A,,1.25
2021,35530,Non,2170381,mesotrione,104206-82-8,Herbicide,Env A,,15.05
2021,35530,Non,2170381,terbuthylazine,5915-41-3,Herbicide,Env A,,70.95
2021,35530,Non,2170421,mesotrione,104206-82-8,Herbicide,Env A,,1.5
2021,35530,Non,2170459,fludioxonil,131341-86-1,Fongicide,Env A,,0.2245
2021,35530,Non,2170459,sedaxane,874967-67-6,Fongicide,Env A,,0.2245
2021,35530,Non,2170752,sedaxane,874967-67-6,Fongicide,Env A,,0.03
2021,35530,Non,2170757,prochloraze,67747-09-5,Fongicide,Env A,,25.365
2021,35530,Non,2170757,tebuconazole,107534-96-3,Fongicide,CMR,,12.635
2021,35530,Non,2170780,beauveria bassiana souche gha,63428-82-0,Insecticide,Autre,,
2021,35530,Non,2170807,benzovindiflupyr,1072957-71-1,Fongicide,Santé A,Substitution,0.75
2021,35530,Non,2170807,prothioconazole,178928-70-6,Fongicide,Env A,,1.5
2021,35530,Non,2170933,prohexadione-calcium,127277-53-6,Régulateur de croissance,Env B,,1.35
2021,35530,Non,2170933,trinexapac-ethyl,95266-40-3,Régulateur de croissance,Env A,,2.025
2021,35530,Non,2171035,tebuconazole,107534-96-3,Fongicide,CMR,,18.75
2021,35530,Non,2171054,diflufenicanil,83164-33-4,Herbicide,Env B,,4
2021,35530,Non,2171054,flufenacet,142459-58-3,Herbicide,Env A,,8
2021,35530,Non,2171179,metazachlore,67129-08-2,Herbicide,CMR,,20
2021,35530,Non,2171204,triflusulfuron-methyl,126535-15-7,Herbicide,CMR,,0.12
2021,35530,Non,2171236,mesotrione,104206-82-8,Herbicide,Env A,,3.85
2021,35530,Non,2171236,terbuthylazine,5915-41-3,Herbicide,Env A,,18.15
2021,35530,Non,2171317,"2,4-d",94-75-7,Herbicide,Env B,,12
2021,35530,Non,2180029,clomazone,81777-89-1,Herbicide,Env A,,1.8
2021,35530,Non,2180124,metalaxyl,57837-19-1,Fongicide,Env B,,0.4730
2021,35530,Non,2180124,prothioconazole,178928-70-6,Fongicide,Env A,,2.365
2021,35530,Non,2180165,dicamba dimethylammonium,2300-66-5,Herbicide,Env B,,24
2021,35530,Non,2180260,metaldehyde,108-62-3,Molluscicide,CMR,,1.44
2021,35530,Non,2180309,clomazone,81777-89-1,Herbicide,Env A,,1.44
2021,35530,Non,2180404,bacillus subtilis souche qst 713,68038-70-0,Fongicide,Autre,,
2021,35530,Non,2180865,ipconazole,125225-28-7,Fongicide,CMR,Exclusion,0.12204
2021,35530,Non,2190062,halauxifen-methyl,943831-98-9,Herbicide,Env A,,0.14
2021,35530,Non,2190062,piclorame,1918-02-1,Herbicide,Env A,,0.672
2021,35530,Non,2190173,metaldehyde,108-62-3,Molluscicide,CMR,,1.62
2021,35530,Non,2190173,phosphate ferrique,10045-86-0,Molluscicide,Autre,,2.6244
2021,35530,Non,2190214,aclonifen,74070-46-5,Herbicide,CMR,,4.5
2021,35530,Non,2190214,diflufenicanil,83164-33-4,Herbicide,Env B,,0.6
2021,35530,Non,2190214,flufenacet,142459-58-3,Herbicide,Env A,,0.75
2021,35530,Non,2190215,clomazone,81777-89-1,Herbicide,Env A,,2.16
2021,35530,Non,2190509,mefentrifluconazole,1417782-03-6,Fongicide,Autre,,5
2021,35530,Non,2190594,"(e,z)-3,8-tetradecadien-1-yl acetate",163041-87-0,Insecticide - Médiateur chimique,Autre,,
2021,35530,Non,2190594,"(e,z,z)-3,8,11-tetradecatrien-1-yl acetate",163041-94-9,Insecticide - Médiateur chimique,Autre,,
2021,35530,Non,2190686,fluxapyroxad,907204-31-3,Fongicide,CMR,,12.50
2021,35530,Non,2190686,mefentrifluconazole,1417782-03-6,Fongicide,Autre,,25.0
2021,35530,Non,2190883,prothioconazole,178928-70-6,Fongicide,Env A,,3.75
2021,35530,Non,2200066,fenpicoxamide,517875-34-2,Fongicide,Autre,,1
2021,35530,Non,2200756,prohexadione-calcium,127277-53-6,Régulateur de croissance,Env B,,1
2021,35530,Non,2200891,fluxapyroxad,907204-31-3,Fongicide,CMR,,0.9375
2021,35530,Non,2210219,prosulfocarbe,52888-80-9,Herbicide,Env A,,64
2021,35530,Non,2210567,mefentrifluconazole,1417782-03-6,Fongicide,Autre,,1.425
2021,35530,Non,2210567,pyraclostrobine,175013-18-0,Fongicide,Santé A,,1.5
2021,35530,Non,8000084,"2,4-mcpa",94-74-6,Herbicide,Env A,,4
2021,35530,Non,8300063,soufre pour pulverisation (micronise),7704-34-9,Fongicide,Autre,,8
2021,35530,Non,8400096,dicamba,1918-00-9,Herbicide,Env B,,22.56
2021,35530,Non,8400255,metsulfuron-methyl,74223-64-6,Herbicide,Env A,Substitution,0.54
2021,35530,Non,8400574,propyzamide,23950-58-5,Herbicide,CMR,Substitution,8.8
2021,35530,Non,8400600,fluroxypyr-meptyl,81406-37-3,Herbicide,Autre,,1.4410
2021,35530,Non,8600243,aclonifen,74070-46-5,Herbicide,CMR,,12
2021,35530,Non,8700002,chlortoluron,15545-48-9,Herbicide,CMR,,145
2021,35530,Non,8700020,flurochloridone,61213-25-0,Herbicide,CMR,Exclusion,15
2021,35530,Non,8700462,prosulfocarbe,52888-80-9,Herbicide,Env A,,384
2021,35530,Non,8800011,carboxine,5234-68-4,Fongicide,Env A,,0.928
2021,35530,Non,8800011,thirame,137-26-8,Fongicide,Env A,,0.928
2021,35530,Non,8800029,phenmediphame,13684-63-4,Herbicide,Env A,,2.4
2021,35530,Non,8800161,triallate,2303-17-5,Herbicide,Env A,,21.6
2021,35530,Non,8800395,lambda-cyhalothrine,91465-08-6,Insecticide,Santé A,Substitution,0.2
2021,35530,Non,8800395,pyrimicarbe,23103-98-2,Insecticide,CMR,,4
2021,35530,Non,8800504,butoxyde de piperonyle,51-03-6,Autre usage – Coformulant / Phytoprotecteur / Synergiste,Autre,,0.225
2021,35530,Non,8800504,deltamethrine,52918-63-5,Insecticide,Santé A,,0.025
2021,35530,Non,8800603,napropamide,15299-99-7,Herbicide,Env A,,6.75
2021,35530,Non,8900564,tau-fluvalinate,102851-06-9,Insecticide,Env A,,2.88
2021,35530,Non,9000184,"2,4-mcpa",94-74-6,Herbicide,Env A,,7
2021,35530,Non,9000184,clopyralid,1702-17-6,Herbicide,Autre,,0.7
2021,35530,Non,9000184,fluroxypyr-meptyl,81406-37-3,Herbicide,Autre,,2.016
2021,35530,Non,9000222,soufre,7704-34-9,Fongicide,Autre,,49
2021,35530,Non,9000259,amidosulfuron,120923-37-7,Herbicide,Env A,,1.89
2021,35530,Non,9000490,cycloxydime,101205-02-1,Herbicide,CMR,,3
2021,35530,Non,9000619,chlortoluron,15545-48-9,Herbicide,CMR,,15
2021,35530,Non,9000753,metaldehyde,108-62-3,Molluscicide,CMR,,64.5
2021,35530,Non,9100034,chlormequat chlorure,999-81-5,Régulateur de croissance,Autre,,87.4
2021,35530,Non,9100046,trinexapac-ethyl,95266-40-3,Régulateur de croissance,Env A,,2.5
2021,35530,Non,9100296,"2,4-d",94-75-7,Herbicide,Env B,,117
2021,35530,Non,9100418,nicosulfuron,111991-09-4,Herbicide,Env A,,3.52
2021,35530,Non,9200073,triflusulfuron-methyl,126535-15-7,Herbicide,CMR,,0.05
2021,35530,Non,9200548,thirame,137-26-8,Fongicide,Env A,,157.9392
2021,35530,Non,9400008,triticonazole,131983-72-7,Fongicide,Env A,,0.045
2021,35530,Non,9400052,clethodime,99129-21-2,Herbicide,Env B,,1.2
2021,35530,Non,9400463,phenmediphame,13684-63-4,Herbicide,Env A,,0.8
2021,35530,Non,9500040,quizalofop-p-ethyl,100646-51-3,Herbicide,Env A,,1.25
2021,35530,Non,9500223,prochloraze,67747-09-5,Fongicide,Env A,,4.0065
2021,35530,Non,9500223,tebuconazole,107534-96-3,Fongicide,CMR,,1.9875
2021,35530,Non,9500361,metamitrone,41394-05-2,Herbicide,Env A,,3.5
2021,35530,Non,9500581,chlormequat chlorure,999-81-5,Régulateur de croissance,Autre,,3
2021,35530,Non,9500581,ethephon,16672-87-0,Régulateur de croissance,Santé A,,1.5
2021,35530,Non,9600093,azoxystrobine,131860-33-8,Fongicide,Santé A,,1.25
2021,35530,Non,9600197,carfentrazone ethyl,128639-02-1,Herbicide,Env A,,0.08
2021,35530,Non,9600197,metsulfuron-methyl,74223-64-6,Herbicide,Env A,Substitution,0.02
2021,35530,Non,9600229,fenpropidine,67306-00-7,Fongicide,Env A,,2.4975
2021,35530,Non,9600390,glyphosate,1071-83-6,Herbicide,Env A,,50.4
2021,35530,Non,9800018,clomazone,81777-89-1,Herbicide,Env A,,1.2
2021,35530,Non,9800018,dimethachlore,50563-36-5,Herbicide,Env A,,7.5
2021,35530,Non,9800018,napropamide,15299-99-7,Herbicide,Env A,,7.5
2021,35530,Non,9800098,metamitrone,41394-05-2,Herbicide,Env A,,4.5
2021,35530,Non,9800182,s-metolachlore,87392-12-9,Herbicide,Env A,,86.4
2021,35530,Non,9800336,lambda-cyhalothrine,91465-08-6,Insecticide,Santé A,Substitution,1.15
2021,35530,Non,9800344,fludioxonil,131341-86-1,Fongicide,Env A,,0.06375
2021,35530,Non,9800344,metalaxyl-m,70630-17-0,Fongicide,Autre,,0.024735
2021,35530,Non,9800458,propaquizafop,111479-05-1,Herbicide,Env A,,1
2021,35530,Non,9900115,clethodime,99129-21-2,Herbicide,Env B,,5.76
2021,35530,Non,9900251,dimethenamide-p (dmta-p),163515-14-8,Herbicide,Env A,,93.6
2021,35530,Non,9900340,pendimethaline,40487-42-1,Herbicide,Env A,Substitution,22.4
2021,35530,Non,9900340,picolinafen,137641-05-5,Herbicide,Env A,,1.12
2021,35630,Non,2000003,metazachlore,67129-08-2,Herbicide,CMR,,47.5
2021,35630,Non,2000018,soufre pour pulverisation (micronise),7704-34-9,Fongicide,Autre,,208
2021,35630,Non,2000044,fluazifop-p-butyl,79241-46-6,Herbicide,CMR,,0.125
2021,35630,Non,2000201,silthiofam,175217-20-6,Fongicide,Env A,,0.1175
2021,35630,Non,2000205,propoxycarbazone sodium,181274-15-7,Herbicide,Env A,,0.84
2021,35630,Non,2000299,clomazone,81777-89-1,Herbicide,Env A,,0.72
2021,35630,Non,2000327,carfentrazone ethyl,128639-02-1,Herbicide,Env A,,2.7
2021,35630,Non,2000380,clethodime,99129-21-2,Herbicide,Env B,,2.64
2021,35630,Non,2010030,mepiquat-chlorure,24307-26-4,Régulateur de croissance,Env B,,3
2021,35630,Non,2010030,prohexadione-calcium,127277-53-6,Régulateur de croissance,Env B,,0.5
2021,35630,Non,2010239,florasulame,145701-23-1,Herbicide,Env A,,0.015
2021,35630,Non,2010239,fluroxypyr-meptyl,81406-37-3,Herbicide,Autre,,2.1615
2021,35630,Non,2010280,metconazole,125116-23-6,Fongicide,CMR,,0.9
2021,35630,Non,2020233,metaldehyde,108-62-3,Molluscicide,CMR,,1
2021,35630,Non,2030071,metaldehyde,108-62-3,Molluscicide,CMR,,13
2021,35630,Non,2030174,rimsulfuron,122931-48-0,Herbicide,Env A,,0.12
2021,35630,Non,2030323,fludioxonil,131341-86-1,Fongicide,Env A,,0.40075
2021,35630,Non,2030342,chlormequat chlorure,999-81-5,Régulateur de croissance,Autre,,193.2
2021,35630,Non,2030404,pendimethaline,40487-42-1,Herbicide,Env A,Substitution,4
2021,35630,Non,2040146,tefluthrine,79538-32-2,Insecticide,Santé A,,10.548
2021,35630,Non,2060051,metrafenone,220899-03-6,Fongicide,Env A,,4.5
2021,35630,Non,2060088,benoxacor,98730-04-2,Autre usage – Coformulant / Phytoprotecteur / Synergiste,Autre,,11.3
2021,35630,Non,2060088,mesotrione,104206-82-8,Herbicide,Env A,,22.6
2021,35630,Non,2060088,s-metolachlore,87392-12-9,Herbicide,Env A,,226
2021,35630,Non,2060098,spinosad,168316-95-8,Insecticide,Env A,,0.96
2021,35630,Non,2060127,prothioconazole,178928-70-6,Fongicide,Env A,,0.575
2021,35630,Non,2060131,"2,4-d",94-75-7,Herbicide,Env B,,0.93
2021,35630,Non,2060131,triclopyr,55335-06-3,Herbicide,Env B,,1.036
2021,35630,Non,2060194,tefluthrine,79538-32-2,Insecticide,Santé A,,1.62
2021,35630,Non,2070184,chlortoluron,15545-48-9,Herbicide,CMR,,16
2021,35630,Non,2070184,diflufenicanil,83164-33-4,Herbicide,Env B,,1
2021,35630,Non,2070221,metazachlore,67129-08-2,Herbicide,CMR,,32
2021,35630,Non,2070221,quinmerac,90717-03-6,Herbicide,Env B,,8
2021,35630,Non,2080026,nicosulfuron,111991-09-4,Herbicide,Env A,,3.18
2021,35630,Non,2080094,florasulame,145701-23-1,Herbicide,Env A,,0.2864
2021,35630,Non,2080094,isoxaben,82558-50-7,Herbicide,Env B,,4.3676
2021,35630,Non,2080098,mandipropamide,374726-62-2,Fongicide,Env A,,47.50
2021,35630,Non,2080112,thirame,137-26-8,Fongicide,Env A,,1.2336
2021,35630,Non,2080114,cymoxanil,57966-95-7,Fongicide,CMR,,8
2021,35630,Non,2080114,propamocarbe hcl,25606-41-1,Fongicide,Autre,,64
2021,35630,Non,2080117,prosulfuron,94125-34-5,Herbicide,Env A,Substitution,1.9875
2021,35630,Non,2080123,metsulfuron-methyl,74223-64-6,Herbicide,Env A,Substitution,1.64
2021,35630,Non,2080125,metsulfuron-methyl,74223-64-6,Herbicide,Env A,Substitution,1.34
2021,35630,Non,2080145,diflufenicanil,83164-33-4,Herbicide,Env B,,14
2021,35630,Non,2080145,flufenacet,142459-58-3,Herbicide,Env A,,28
2021,35630,Non,2080147,difenoconazole,119446-68-3,Fongicide,Env A,,1.25
2021,35630,Non,2080147,paclobutrazol,76738-62-0,Régulateur de croissance,CMR,,0.625
2021,35630,Non,2090008,thirame,137-26-8,Fongicide,Env A,,1.24722
2021,35630,Non,2090011,pendimethaline,40487-42-1,Herbicide,Env A,Substitution,50.05
2021,35630,Non,2090028,metamitrone,41394-05-2,Herbicide,Env A,,1.75
2021,35630,Non,2090037,dicamba,1918-00-9,Herbicide,Env B,,3.5
2021,35630,Non,2090037,prosulfuron,94125-34-5,Herbicide,Env A,Substitution,0.35
2021,35630,Non,2090041,cloquintocet-mexyl,99607-70-2,Autre usage – Coformulant / Phytoprotecteur / Synergiste,Autre,,0.1125
2021,35630,Non,2090041,pyroxsulame,422556-08-9,Herbicide,Env A,,0.1125
2021,35630,Non,2090050,cypermethrine,52315-07-8,Insecticide,Env A,,0.864
2021,35630,Non,2090068,mepiquat-chlorure,24307-26-4,Régulateur de croissance,Env B,,2.1
2021,35630,Non,2090068,metconazole,125116-23-6,Fongicide,CMR,,0.3
2021,35630,Non,2090069,bromoxynil,1689-84-5,Herbicide,CMR,Exclusion,5.875
2021,35630,Non,2090071,bromoxynil,1689-84-5,Herbicide,CMR,Exclusion,17.625
2021,35630,Non,2090093,glyphosate,1071-83-6,Herbicide,Env A,,342
2021,35630,Non,2090101,nicosulfuron,111991-09-4,Herbicide,Env A,,10.0
2021,35630,Non,2090111,cypermethrine,52315-07-8,Insecticide,Env A,,25.809
2021,35630,Non,2090118,flufenacet,142459-58-3,Herbicide,Env A,,7.8
2021,35630,Non,2090118,pendimethaline,40487-42-1,Herbicide,Env A,Substitution,39
2021,35630,Non,2090136,fluopicolide,239110-15-7,Fongicide,Env A,,6.875
2021,35630,Non,2090136,propamocarbe hcl,25606-41-1,Fongicide,Autre,,68.75
2021,35630,Non,2090149,ethephon,16672-87-0,Régulateur de croissance,Santé A,,45.6
2021,35630,Non,2090153,dicamba,1918-00-9,Herbicide,Env B,,67.2
2021,35630,Non,2090153,tritosulfuron,142469-14-5,Herbicide,Env A,,14.00
2021,35630,Non,2090159,tritosulfuron,142469-14-5,Herbicide,Env A,,1.7493
2021,35630,Non,2090186,prosulfocarbe,52888-80-9,Herbicide,Env A,,480
2021,35630,Non,2090188,glyphosate,1071-83-6,Herbicide,Env A,,21.6
2021,35630,Non,2100009,thifensulfuron-methyle,79277-27-3,Herbicide,Env A,,0.4329
2021,35630,Non,2100009,tribenuron-methyle,101200-48-0,Herbicide,Env A,,0.2171
2021,35630,Non,2100014,metsulfuron-methyl,74223-64-6,Herbicide,Env A,Substitution,0.2814
2021,35630,Non,2100014,thifensulfuron-methyle,79277-27-3,Herbicide,Env A,,1.3986
2021,35630,Non,2100018,tebuconazole,107534-96-3,Fongicide,CMR,,41.25
2021,35630,Non,2100026,cypermethrine,52315-07-8,Insecticide,Env A,,7
2021,35630,Non,2100028,fluroxypyr,69377-81-7,Herbicide,Env B,,1
2021,35630,Non,2100030,phosphate ferrique,10045-86-0,Molluscicide,Autre,,26.136
2021,35630,Non,2100037,boscalid,188425-85-6,Fongicide,Env A,,3
2021,35630,Non,2100037,dimoxystrobine,149961-52-4,Fongicide,CMR,,3
2021,35630,Non,2100051,ipconazole,125225-28-7,Fongicide,CMR,Exclusion,0.01875
2021,35630,Non,2100052,cyprodinil,121552-61-2,Fongicide,Env A,,1.5
2021,35630,Non,2100056,prothioconazole,178928-70-6,Fongicide,Env A,,0.8
2021,35630,Non,2100056,spiroxamine,118134-30-8,Fongicide,CMR,,1.5
2021,35630,Non,2100057,prothioconazole,178928-70-6,Fongicide,Env A,,5.25
2021,35630,Non,2100057,trifloxystrobine,141517-21-7,Fongicide,Env A,,2.64
2021,35630,Non,2100108,prothioconazole,178928-70-6,Fongicide,Env A,,7.5
2021,35630,Non,2100108,tebuconazole,107534-96-3,Fongicide,CMR,,7.5
2021,35630,Non,2100111,mesotrione,104206-82-8,Herbicide,Env A,,8.250
2021,35630,Non,2100111,nicosulfuron,111991-09-4,Herbicide,Env A,,3.30
2021,35630,Non,2100112,ethephon,16672-87-0,Régulateur de croissance,Santé A,,43.2
2021,35630,Non,2100121,chlorantraniliprole,500008-45-7,Insecticide,Env A,,1.2
2021,35630,Non,2100138,cloquintocet-mexyl,99607-70-2,Autre usage – Coformulant / Phytoprotecteur / Synergiste,Autre,,2.8125
2021,35630,Non,2100138,pinoxaden,243973-20-8,Herbicide,CMR,,11.25
2021,35630,Non,2100140,clodinafop-propargyl,105512-06-9,Herbicide,Env A,,7.625
2021,35630,Non,2100140,cloquintocet-mexyl,99607-70-2,Autre usage – Coformulant / Phytoprotecteur / Synergiste,Autre,,1.90625
2021,35630,Non,2100140,pinoxaden,243973-20-8,Herbicide,CMR,,7.625
2021,35630,Non,2100151,pyraclostrobine,175013-18-0,Fongicide,Santé A,,55
2021,35630,Non,2100175,prothioconazole,178928-70-6,Fongicide,Env A,,0.066
2021,35630,Non,2100211,prothioconazole,178928-70-6,Fongicide,Env A,,5.625
2021,35630,Non,2100211,tebuconazole,107534-96-3,Fongicide,CMR,,5.625
2021,35630,Non,2100215,pendimethaline,40487-42-1,Herbicide,Env A,Substitution,8
2021,35630,Non,2100234,diflufenicanil,83164-33-4,Herbicide,Env B,,13.8
2021,35630,Non,2100234,iodosulfuron-methyl-sodium,144550-36-7,Herbicide,Env A,,0.8625
2021,35630,Non,2100234,mefenpyr-diethyl,135590-91-9,Autre usage – Coformulant / Phytoprotecteur / Synergiste,Autre,,3.105
2021,35630,Non,2100234,mesosulfuron-methyl,208465-21-8,Herbicide,Env A,,1.035
2021,35630,Non,2110004,propyzamide,23950-58-5,Herbicide,CMR,Substitution,8
2021,35630,Non,2110012,cyazofamide,120116-88-3,Fongicide,Env A,,37.6
2021,35630,Non,2110063,clopyralid,1702-17-6,Herbicide,Autre,,1.44
2021,35630,Non,2110090,azoxystrobine,131860-33-8,Fongicide,Santé A,,1.25
2021,35630,Non,2110102,difenoconazole,119446-68-3,Fongicide,Env A,,2.55900
2021,35630,Non,2110102,fludioxonil,131341-86-1,Fongicide,Env A,,2.55900
2021,35630,Non,2110102,sedaxane,874967-67-6,Fongicide,Env A,,5.1180
2021,35630,Non,2110103,tribenuron-methyle,101200-48-0,Herbicide,Env A,,1.125
2021,35630,Non,2110104,clopyralid,1702-17-6,Herbicide,Autre,,2.32
2021,35630,Non,2110104,florasulame,145701-23-1,Herbicide,Env A,,0.0725
2021,35630,Non,2110104,fluroxypyr-meptyl,81406-37-3,Herbicide,Autre,,4.176
2021,35630,Non,2110105,azoxystrobine,131860-33-8,Fongicide,Santé A,,2.75
2021,35630,Non,2110140,diflufenicanil,83164-33-4,Herbicide,Env B,,12.2
2021,35630,Non,2110140,flufenacet,142459-58-3,Herbicide,Env A,,24.4
2021,35630,Non,2110152,cypermethrine,52315-07-8,Insecticide,Env A,,0.40
2021,35630,Non,2110162,azoxystrobine,131860-33-8,Fongicide,Santé A,,17.5
2021,35630,Non,2110167,tebuconazole,107534-96-3,Fongicide,CMR,,61.92
2021,35630,Non,2120041,zirame,137-30-4,Fongicide,Santé A,,2.6838
2021,35630,Non,2120048,aminopyralid,150114-71-9,Herbicide,Env A,,0.99
2021,35630,Non,2120048,triclopyr,55335-06-3,Herbicide,Env B,,7.92
2021,35630,Non,2120067,cymoxanil,57966-95-7,Fongicide,CMR,,9.9
2021,35630,Non,2120070,prothioconazole,178928-70-6,Fongicide,Env A,,36.8
2021,35630,Non,2120070,tebuconazole,107534-96-3,Fongicide,CMR,,18.4
2021,35630,Non,2120075,dimethenamide-p (dmta-p),163515-14-8,Herbicide,Env A,,12
2021,35630,Non,2120075,metazachlore,67129-08-2,Herbicide,CMR,,12
2021,35630,Non,2120075,quinmerac,90717-03-6,Herbicide,Env B,,6
2021,35630,Non,2120089,"2,4-mcpa",94-74-6,Herbicide,Env A,,0.6
2021,35630,Non,2120089,diflufenicanil,83164-33-4,Herbicide,Env B,,0.15
2021,35630,Non,2120089,glyphosate,1071-83-6,Herbicide,Env A,,1.2
2021,35630,Non,2120143,glyphosate,1071-83-6,Herbicide,Env A,,19.2
2021,35630,Non,2120160,bentazone,25057-89-0,Herbicide,Env B,,2.4
2021,35630,Non,2130063,nicosulfuron,111991-09-4,Herbicide,Env A,,13.6
2021,35630,Non,2130068,diflufenicanil,83164-33-4,Herbicide,Env B,,59.5
2021,35630,Non,2130069,diflufenicanil,83164-33-4,Herbicide,Env B,,8.5
2021,35630,Non,2130075,metaldehyde,108-62-3,Molluscicide,CMR,,1.6
2021,35630,Non,2130083,lambda-cyhalothrine,91465-08-6,Insecticide,Santé A,Substitution,0.4
2021,35630,Non,2130091,diflufenicanil,83164-33-4,Herbicide,Env B,,5
2021,35630,Non,2130140,diflufenicanil,83164-33-4,Herbicide,Env B,,1.2
2021,35630,Non,2130140,pendimethaline,40487-42-1,Herbicide,Env A,Substitution,12
2021,35630,Non,2130164,cyprosulfamide,221667-31-8,Autre usage – Coformulant / Phytoprotecteur / Synergiste,Autre,,2.400
2021,35630,Non,2130164,foramsulfuron,173159-57-4,Herbicide,Env A,,4.80
2021,35630,Non,2130164,thiencarbazone-methyl,317815-83-1,Herbicide,CMR,,1.60
2021,35630,Non,2130194,clomazone,81777-89-1,Herbicide,Env A,,0.72
2021,35630,Non,2130202,fluopyram,658066-35-4,Fongicide,Env A,,5.00
2021,35630,Non,2130202,prothioconazole,178928-70-6,Fongicide,Env A,,5.00
2021,35630,Non,2130215,pendimethaline,40487-42-1,Herbicide,Env A,Substitution,4.55
2021,35630,Non,2130251,lambda-cyhalothrine,91465-08-6,Insecticide,Santé A,Substitution,0.7
2021,35630,Non,2130253,"2,4-d",94-75-7,Herbicide,Env B,,24
2021,35630,Non,2130253,glyphosate,1071-83-6,Herbicide,Env A,,36
2021,35630,Non,2130266,bromuconazole,116255-48-2,Fongicide,Env A,,21.710
2021,35630,Non,2130266,tebuconazole,107534-96-3,Fongicide,CMR,,13.910
2021,35630,Non,2140040,phosmet,732-11-6,Insecticide,CMR,,5
2021,35630,Non,2140082,trinexapac-ethyl,95266-40-3,Régulateur de croissance,Env A,,4.375
2021,35630,Non,2140098,aminopyralid,150114-71-9,Herbicide,Env A,,0.0527
2021,35630,Non,2140098,propyzamide,23950-58-5,Herbicide,CMR,Substitution,5
2021,35630,Non,2140173,fluxapyroxad,907204-31-3,Fongicide,CMR,,1.5625
2021,35630,Non,2140173,metconazole,125116-23-6,Fongicide,CMR,,1.125
2021,35630,Non,2140199,amidosulfuron,120923-37-7,Herbicide,Env A,,0.15
2021,35630,Non,2140199,iodosulfuron-methyl-sodium,144550-36-7,Herbicide,Env A,,0.03
2021,35630,Non,2140199,mefenpyr-diethyl,135590-91-9,Autre usage – Coformulant / Phytoprotecteur / Synergiste,Autre,,0.27
2021,35630,Non,2140199,mesosulfuron-methyl,208465-21-8,Herbicide,Env A,,0.09
2021,35630,Non,2140207,clodinafop-propargyl,105512-06-9,Herbicide,Env A,,1.7
2021,35630,Non,2140207,cloquintocet-mexyl,99607-70-2,Autre usage – Coformulant / Phytoprotecteur / Synergiste,Autre,,0.425
2021,35630,Non,2140255,acide pelargonique,112-05-0,Herbicide,Autre,,108.8
2021,35630,Non,2140257,iodosulfuron-methyl-sodium,144550-36-7,Herbicide,Env A,,0.11
2021,35630,Non,2140257,mefenpyr-diethyl,135590-91-9,Autre usage – Coformulant / Phytoprotecteur / Synergiste,Autre,,1.65
2021,35630,Non,2140257,mesosulfuron-methyl,208465-21-8,Herbicide,Env A,,0.55
2021,35630,Non,2140258,iodosulfuron-methyl-sodium,144550-36-7,Herbicide,Env A,,0.7875
2021,35630,Non,2140258,mesosulfuron-methyl,208465-21-8,Herbicide,Env A,,0.7875
2021,35630,Non,2150019,silthiofam,175217-20-6,Fongicide,Env A,,0.7175
2021,35630,Non,2150020,rimsulfuron,122931-48-0,Herbicide,Env A,,0.1
2021,35630,Non,2150022,dicamba,1918-00-9,Herbicide,Env B,,2.4
2021,35630,Non,2150084,mesotrione,104206-82-8,Herbicide,Env A,,17.5
2021,35630,Non,2150125,diflufenicanil,83164-33-4,Herbicide,Env B,,1.6
2021,35630,Non,2150140,glyphosate,1071-83-6,Herbicide,Env A,,547.2
2021,35630,Non,2150481,aclonifen,74070-46-5,Herbicide,CMR,,12
2021,35630,Non,2150481,clomazone,81777-89-1,Herbicide,Env A,,0.72
2021,35630,Non,2150483,lambda-cyhalothrine,91465-08-6,Insecticide,Santé A,Substitution,23.12
2021,35630,Non,2150484,clopyralid,1702-17-6,Herbicide,Autre,,12.9
2021,35630,Non,2150484,florasulame,145701-23-1,Herbicide,Env A,,1.075
2021,35630,Non,2150626,mesotrione,104206-82-8,Herbicide,Env A,,2
2021,35630,Non,2150785,mesotrione,104206-82-8,Herbicide,Env A,,15.5
2021,35630,Non,2150870,florasulame,145701-23-1,Herbicide,Env A,,0.25
2021,35630,Non,2150964,lambda-cyhalothrine,91465-08-6,Insecticide,Santé A,Substitution,8.80
2021,35630,Non,2160064,fludioxonil,131341-86-1,Fongicide,Env A,,0.1605
2021,35630,Non,2160064,tebuconazole,107534-96-3,Fongicide,CMR,,0.0321
2021,35630,Non,2160160,bromoxynil,1689-84-5,Herbicide,CMR,Exclusion,0.8
2021,35630,Non,2160160,diflufenicanil,83164-33-4,Herbicide,Env B,,0.1335
2021,35630,Non,2160226,phosphate ferrique,10045-86-0,Molluscicide,Autre,,3.1944
2021,35630,Non,2160248,dicamba,1918-00-9,Herbicide,Env B,,5.4
2021,35630,Non,2160248,mesotrione,104206-82-8,Herbicide,Env A,,2.25
2021,35630,Non,2160260,metconazole,125116-23-6,Fongicide,CMR,,7.20
2021,35630,Non,2160343,clopyralid,1702-17-6,Herbicide,Autre,,0.6
2021,35630,Non,2160384,trinexapac-ethyl,95266-40-3,Régulateur de croissance,Env A,,7.5
2021,35630,Non,2160477,dicamba,1918-00-9,Herbicide,Env B,,2.4
2021,35630,Non,2160556,clomazone,81777-89-1,Herbicide,Env A,,2.16
2021,35630,Non,2160693,cyprosulfamide,221667-31-8,Autre usage – Coformulant / Phytoprotecteur / Synergiste,Autre,,0.45
2021,35630,Non,2160693,isoxaflutole,141112-29-0,Herbicide,CMR,,0.675
2021,35630,Non,2160693,thiencarbazone-methyl,317815-83-1,Herbicide,CMR,,0.27
2021,35630,Non,2160752,pyridate,55512-33-9,Herbicide,Env A,,6
2021,35630,Non,2160920,fluroxypyr-meptyl,81406-37-3,Herbicide,Autre,,0.9725
2021,35630,Non,2160920,metsulfuron-methyl,74223-64-6,Herbicide,Env A,Substitution,0.025
2021,35630,Non,2160920,thifensulfuron-methyle,79277-27-3,Herbicide,Env A,,0.15
2021,35630,Non,2160931,bixafen,581809-46-3,Fongicide,Env A,,3.8675
2021,35630,Non,2160931,fluopyram,658066-35-4,Fongicide,Env A,,3.8675
2021,35630,Non,2160931,prothioconazole,178928-70-6,Fongicide,Env A,,7.735
2021,35630,Non,2160936,cloquintocet-mexyl,99607-70-2,Autre usage – Coformulant / Phytoprotecteur / Synergiste,Autre,,0.456
2021,35630,Non,2160936,fluroxypyr-meptyl,81406-37-3,Herbicide,Autre,,15.314
2021,35630,Non,2160936,halauxifen-methyl,943831-98-9,Herbicide,Env A,,0.475
2021,35630,Non,2160937,cloquintocet-mexyl,99607-70-2,Autre usage – Coformulant / Phytoprotecteur / Synergiste,Autre,,0.666
2021,35630,Non,2160937,florasulame,145701-23-1,Herbicide,Env A,,0.555
2021,35630,Non,2160937,halauxifen-methyl,943831-98-9,Herbicide,Env A,,0.69375
2021,35630,Non,2160959,benzovindiflupyr,1072957-71-1,Fongicide,Santé A,Substitution,15.375
2021,35630,Non,2160959,prothioconazole,178928-70-6,Fongicide,Env A,,30.75
2021,35630,Non,2160976,prosulfuron,94125-34-5,Herbicide,Env A,Substitution,0.36
2021,35630,Non,2161016,azoxystrobine,131860-33-8,Fongicide,Santé A,,6.25
2021,35630,Non,2161068,mesotrione,104206-82-8,Herbicide,Env A,,3.375
2021,35630,Non,2161068,nicosulfuron,111991-09-4,Herbicide,Env A,,1.35
2021,35630,Non,2161101,fluxapyroxad,907204-31-3,Fongicide,CMR,,5.625
2021,35630,Non,2161101,pyraclostrobine,175013-18-0,Fongicide,Santé A,,11.25
2021,35630,Non,2170055,dicamba,1918-00-9,Herbicide,Env B,,12.0
2021,35630,Non,2170149,cypermethrine,52315-07-8,Insecticide,Env A,,3.5
2021,35630,Non,2170158,dimethenamide-p (dmta-p),163515-14-8,Herbicide,Env A,,4.995
2021,35630,Non,2170158,quinmerac,90717-03-6,Herbicide,Env B,,2.505
2021,35630,Non,2170208,iodosulfuron-methyl-sodium,144550-36-7,Herbicide,Env A,,0.09
2021,35630,Non,2170208,mefenpyr-diethyl,135590-91-9,Autre usage – Coformulant / Phytoprotecteur / Synergiste,Autre,,1.35
2021,35630,Non,2170208,mesosulfuron-methyl,208465-21-8,Herbicide,Env A,,0.45
2021,35630,Non,2170216,cloquintocet-mexyl,99607-70-2,Autre usage – Coformulant / Phytoprotecteur / Synergiste,Autre,,0.2
2021,35630,Non,2170216,diflufenicanil,83164-33-4,Herbicide,Env B,,0.8
2021,35630,Non,2170216,florasulame,145701-23-1,Herbicide,Env A,,0.04
2021,35630,Non,2170216,iodosulfuron-methyl-sodium,144550-36-7,Herbicide,Env A,,0.1
2021,35630,Non,2170228,bixafen,581809-46-3,Fongicide,Env A,,2.925
2021,35630,Non,2170228,fluopyram,658066-35-4,Fongicide,Env A,,2.925
2021,35630,Non,2170228,prothioconazole,178928-70-6,Fongicide,Env A,,5.85
2021,35630,Non,2170230,azoxystrobine,131860-33-8,Fongicide,Santé A,,0.01545
2021,35630,Non,2170230,fludioxonil,131341-86-1,Fongicide,Env A,,0.038625
2021,35630,Non,2170230,metalaxyl-m,70630-17-0,Fongicide,Autre,,0.02987
2021,35630,Non,2170230,thiabendazole,148-79-8,Fongicide,Env A,,0.309
2021,35630,Non,2170263,cypermethrine,52315-07-8,Insecticide,Env A,,1
2021,35630,Non,2170381,mesotrione,104206-82-8,Herbicide,Env A,,24.50
2021,35630,Non,2170381,terbuthylazine,5915-41-3,Herbicide,Env A,,115.50
2021,35630,Non,2170421,mesotrione,104206-82-8,Herbicide,Env A,,3.5
2021,35630,Non,2170429,fenpropidine,67306-00-7,Fongicide,Env A,,12
2021,35630,Non,2170429,prochloraze,67747-09-5,Fongicide,Env A,,16
2021,35630,Non,2170429,tebuconazole,107534-96-3,Fongicide,CMR,,8
2021,35630,Non,2170752,sedaxane,874967-67-6,Fongicide,Env A,,0.15
2021,35630,Non,2170757,prochloraze,67747-09-5,Fongicide,Env A,,14.685
2021,35630,Non,2170757,tebuconazole,107534-96-3,Fongicide,CMR,,7.315
2021,35630,Non,2170807,benzovindiflupyr,1072957-71-1,Fongicide,Santé A,Substitution,2.25
2021,35630,Non,2170807,prothioconazole,178928-70-6,Fongicide,Env A,,4.5
2021,35630,Non,2170933,prohexadione-calcium,127277-53-6,Régulateur de croissance,Env B,,3.30
2021,35630,Non,2170933,trinexapac-ethyl,95266-40-3,Régulateur de croissance,Env A,,4.950
2021,35630,Non,2171054,diflufenicanil,83164-33-4,Herbicide,Env B,,3
2021,35630,Non,2171054,flufenacet,142459-58-3,Herbicide,Env A,,6
2021,35630,Non,2171111,metamitrone,41394-05-2,Herbicide,Env A,,7.0
2021,35630,Non,2171193,mesotrione,104206-82-8,Herbicide,Env A,,4.55
2021,35630,Non,2171193,terbuthylazine,5915-41-3,Herbicide,Env A,,21.45
2021,35630,Non,2171195,lambda-cyhalothrine,91465-08-6,Insecticide,Santé A,Substitution,8.8
2021,35630,Non,2180009,dicamba,1918-00-9,Herbicide,Env B,,3
2021,35630,Non,2180009,tritosulfuron,142469-14-5,Herbicide,Env A,,1.5
2021,35630,Non,2180124,metalaxyl,57837-19-1,Fongicide,Env B,,0.5008
2021,35630,Non,2180124,prothioconazole,178928-70-6,Fongicide,Env A,,2.504
2021,35630,Non,2180165,dicamba dimethylammonium,2300-66-5,Herbicide,Env B,,19.2
2021,35630,Non,2180233,dicamba,1918-00-9,Herbicide,Env B,,24
2021,35630,Non,2180309,clomazone,81777-89-1,Herbicide,Env A,,2.88
2021,35630,Non,2180369,acide octanoique,124-07-2,Herbicide - Antimousse,Env B,,5.64
2021,35630,Non,2180865,ipconazole,125225-28-7,Fongicide,CMR,Exclusion,0.11300
2021,35630,Non,2190062,halauxifen-methyl,943831-98-9,Herbicide,Env A,,0.03
2021,35630,Non,2190062,piclorame,1918-02-1,Herbicide,Env A,,0.144
2021,35630,Non,2190173,metaldehyde,108-62-3,Molluscicide,CMR,,1.98
2021,35630,Non,2190173,phosphate ferrique,10045-86-0,Molluscicide,Autre,,3.2076
2021,35630,Non,2190215,clomazone,81777-89-1,Herbicide,Env A,,0.72
2021,35630,Non,2190328,propaquizafop,111479-05-1,Herbicide,Env A,,2.5
2021,35630,Non,2190468,dicamba,1918-00-9,Herbicide,Env B,,18.5
2021,35630,Non,2190468,prosulfuron,94125-34-5,Herbicide,Env A,Substitution,1.85
2021,35630,Non,2190608,flufenacet,142459-58-3,Herbicide,Env A,,2.5
2021,35630,Non,2190634,azoxystrobine,131860-33-8,Fongicide,Santé A,,2.5
2021,35630,Non,2190686,fluxapyroxad,907204-31-3,Fongicide,CMR,,34.00
2021,35630,Non,2190686,mefentrifluconazole,1417782-03-6,Fongicide,Autre,,68.0
2021,35630,Non,2190722,aclonifen,74070-46-5,Herbicide,CMR,,48
2021,35630,Non,2190883,prothioconazole,178928-70-6,Fongicide,Env A,,5
2021,35630,Non,2190961,prothioconazole,178928-70-6,Fongicide,Env A,,7.5
2021,35630,Non,2190964,phosmet,732-11-6,Insecticide,CMR,,35
2021,35630,Non,2190968,halauxifen-methyl,943831-98-9,Herbicide,Env A,,0.12
2021,35630,Non,2190968,piclorame,1918-02-1,Herbicide,Env A,,0.576
2021,35630,Non,2200241,quizalofop-p-ethyl,100646-51-3,Herbicide,Env A,,0.5
2021,35630,Non,2200753,glyphosate,1071-83-6,Herbicide,Env A,,8.1
2021,35630,Non,2200756,prohexadione-calcium,127277-53-6,Régulateur de croissance,Env B,,0.5
2021,35630,Non,2210192,prosulfocarbe,52888-80-9,Herbicide,Env A,,80
2021,35630,Non,7200313,alcools terpeniques,98-55-5,Autre usage – Adjuvant,Autre,,3.325
2021,35630,Non,7900753,clopyralid (sous forme de sel de monoethanolamine),57754-85-5,Herbicide,Autre,,1
2021,35630,Non,8200538,"2,4-d",94-75-7,Herbicide,Env B,,0.75
2021,35630,Non,8200538,"2,4-mcpa",94-74-6,Herbicide,Env A,,0.875
2021,35630,Non,8200538,clopyralid (sous forme de sel de monoethanolamine),57754-85-5,Herbicide,Autre,,0.175
2021,35630,Non,8300063,soufre pour pulverisation (micronise),7704-34-9,Fongicide,Autre,,376
2021,35630,Non,8400096,dicamba,1918-00-9,Herbicide,Env B,,18.72
2021,35630,Non,8400255,metsulfuron-methyl,74223-64-6,Herbicide,Env A,Substitution,0.82
2021,35630,Non,8400425,hydrazide maleique,123-33-1,Régulateur de croissance,Autre,,33.6
2021,35630,Non,8400600,fluroxypyr-meptyl,81406-37-3,Herbicide,Autre,,0.2882
2021,35630,Non,8600243,aclonifen,74070-46-5,Herbicide,CMR,,78
2021,35630,Non,8700462,prosulfocarbe,52888-80-9,Herbicide,Env A,,592
2021,35630,Non,8800029,phenmediphame,13684-63-4,Herbicide,Env A,,1.2
2021,35630,Non,8800395,lambda-cyhalothrine,91465-08-6,Insecticide,Santé A,Substitution,0.075
2021,35630,Non,8800395,pyrimicarbe,23103-98-2,Insecticide,CMR,,1.5
2021,35630,Non,8800504,butoxyde de piperonyle,51-03-6,Autre usage – Coformulant / Phytoprotecteur / Synergiste,Autre,,3.375
2021,35630,Non,8800504,deltamethrine,52918-63-5,Insecticide,Santé A,,0.375
2021,35630,Non,9000222,soufre,7704-34-9,Fongicide,Autre,,28
2021,35630,Non,9000259,amidosulfuron,120923-37-7,Herbicide,Env A,,0.645
2021,35630,Non,9000490,cycloxydime,101205-02-1,Herbicide,CMR,,2
2021,35630,Non,9000619,chlortoluron,15545-48-9,Herbicide,CMR,,55
2021,35630,Non,9000833,metazachlore,67129-08-2,Herbicide,CMR,,10
2021,35630,Non,9000833,quinmerac,90717-03-6,Herbicide,Env B,,2.5
2021,35630,Non,9100034,chlormequat chlorure,999-81-5,Régulateur de croissance,Autre,,4.6
2021,35630,Non,9100046,trinexapac-ethyl,95266-40-3,Régulateur de croissance,Env A,,0.5
2021,35630,Non,9100296,"2,4-d",94-75-7,Herbicide,Env B,,12
2021,35630,Non,9100418,nicosulfuron,111991-09-4,Herbicide,Env A,,9.84
2021,35630,Non,9100645,clodinafop-propargyl,105512-06-9,Herbicide,Env A,,0.1
2021,35630,Non,9100645,cloquintocet-mexyl,99607-70-2,Autre usage – Coformulant / Phytoprotecteur / Synergiste,Autre,,0.025
2021,35630,Non,9200073,triflusulfuron-methyl,126535-15-7,Herbicide,CMR,,0.1
2021,35630,Non,9200091,imidaclopride,138261-41-3,Insecticide,Env A,,0.35
2021,35630,Non,9200380,flutolanil,66332-96-5,Fongicide,Env A,,19.2
2021,35630,Non,9200548,thirame,137-26-8,Fongicide,Env A,,0.1632
2021,35630,Non,9400052,clethodime,99129-21-2,Herbicide,Env B,,0.48
2021,35630,Non,9400463,phenmediphame,13684-63-4,Herbicide,Env A,,1.6
2021,35630,Non,9500040,quizalofop-p-ethyl,100646-51-3,Herbicide,Env A,,0.25
2021,35630,Non,9500568,cyprodinil,121552-61-2,Fongicide,Env A,,7.5
2021,35630,Non,9500568,fludioxonil,131341-86-1,Fongicide,Env A,,5
2021,35630,Non,9500628,bentazone,25057-89-0,Herbicide,Env B,,13.05
2021,35630,Non,9600370,"2,4-mcpa",94-74-6,Herbicide,Env A,,8.75
2021,35630,Non,9600370,clopyralid (sous forme de sel de monoethanolamine),57754-85-5,Herbicide,Autre,,0.875
2021,35630,Non,9600390,glyphosate,1071-83-6,Herbicide,Env A,,64.8
2021,35630,Non,9800018,clomazone,81777-89-1,Herbicide,Env A,,0.9
2021,35630,Non,9800018,dimethachlore,50563-36-5,Herbicide,Env A,,5.625
2021,35630,Non,9800018,napropamide,15299-99-7,Herbicide,Env A,,5.625
2021,35630,Non,9800106,metribuzine,21087-64-9,Herbicide,Env A,,9.1
2021,35630,Non,9800182,s-metolachlore,87392-12-9,Herbicide,Env A,,14.4
2021,35630,Non,9800336,lambda-cyhalothrine,91465-08-6,Insecticide,Santé A,Substitution,0.95
2021,35630,Non,9800344,fludioxonil,131341-86-1,Fongicide,Env A,,0.27875
2021,35630,Non,9800344,metalaxyl-m,70630-17-0,Fongicide,Autre,,0.108155
2021,35630,Non,9900115,clethodime,99129-21-2,Herbicide,Env B,,0.36
2021,35630,Non,9900251,dimethenamide-p (dmta-p),163515-14-8,Herbicide,Env A,,655.2
2021,35630,Non,9900257,cuivre du sulfate de cuivre,8011-63-0,Fongicide,Env A,Substitution,0.4
2021,35630,Non,9900446,cymoxanil,57966-95-7,Fongicide,CMR,,0.152
2021,35630,Non,9900446,fludioxonil,131341-86-1,Fongicide,Env A,,0.076
2021,35630,Non,9900446,metalaxyl-m,70630-17-0,Fongicide,Autre,,0.257792
2021,35740,Non,2000003,metazachlore,67129-08-2,Herbicide,CMR,,5
2021,35740,Non,2000018,soufre pour pulverisation (micronise),7704-34-9,Fongicide,Autre,,16
2021,35740,Non,2000122,metalaxyl-m,70630-17-0,Fongicide,Autre,,0.81408
2021,35740,Non,2000327,carfentrazone ethyl,128639-02-1,Herbicide,Env A,,0.3
2021,35740,Non,2000380,clethodime,99129-21-2,Herbicide,Env B,,2.64
2021,35740,Non,2010280,metconazole,125116-23-6,Fongicide,CMR,,4.05
2021,35740,Non,2010513,bacillus thuringiensis ssp kurstaki souche abts-351,68038-71-1,Insecticide,Autre,,
2021,35740,Non,2040146,tefluthrine,79538-32-2,Insecticide,Santé A,,6.852
2021,35740,Non,2050046,flonicamide,158062-67-0,Insecticide,Autre,,0.25
2021,35740,Non,2060045,huile vegetale,,SA non phyto - Divers,Autre,,2.45
2021,35740,Non,2060045,resines (colophane),8050-09-7,SA non phyto - Divers,Autre,,23.8
2021,35740,Non,2060050,metrafenone,220899-03-6,Fongicide,Env A,,0.5
2021,35740,Non,2060063,picolinafen,137641-05-5,Herbicide,Env A,,1.875
2021,35740,Non,2060084,boscalid,188425-85-6,Fongicide,Env A,,2.67
2021,35740,Non,2060084,pyraclostrobine,175013-18-0,Fongicide,Santé A,,0.67
2021,35740,Non,2060088,benoxacor,98730-04-2,Autre usage – Coformulant / Phytoprotecteur / Synergiste,Autre,,7.6
2021,35740,Non,2060088,mesotrione,104206-82-8,Herbicide,Env A,,15.2
2021,35740,Non,2060088,s-metolachlore,87392-12-9,Herbicide,Env A,,152
2021,35740,Non,2060098,spinosad,168316-95-8,Insecticide,Env A,,0.096
2021,35740,Non,2060127,prothioconazole,178928-70-6,Fongicide,Env A,,0.015
2021,35740,Non,2060194,tefluthrine,79538-32-2,Insecticide,Santé A,,0.18
2021,35740,Non,2070221,metazachlore,67129-08-2,Herbicide,CMR,,4
2021,35740,Non,2070221,quinmerac,90717-03-6,Herbicide,Env B,,1
2021,35740,Non,2080026,nicosulfuron,111991-09-4,Herbicide,Env A,,3.0
2021,35740,Non,2080105,glyphosate,1071-83-6,Herbicide,Env A,,1.8
2021,35740,Non,2080117,prosulfuron,94125-34-5,Herbicide,Env A,Substitution,1.7625
2021,35740,Non,2080123,metsulfuron-methyl,74223-64-6,Herbicide,Env A,Substitution,0.24
2021,35740,Non,2080125,metsulfuron-methyl,74223-64-6,Herbicide,Env A,Substitution,0.48
2021,35740,Non,2080145,diflufenicanil,83164-33-4,Herbicide,Env B,,16
2021,35740,Non,2080145,flufenacet,142459-58-3,Herbicide,Env A,,32
2021,35740,Non,2090011,pendimethaline,40487-42-1,Herbicide,Env A,Substitution,4.55
2021,35740,Non,2090016,imazamox,114311-32-9,Herbicide,Env A,Substitution,0.334
2021,35740,Non,2090016,pendimethaline,40487-42-1,Herbicide,Env A,Substitution,5
2021,35740,Non,2090028,metamitrone,41394-05-2,Herbicide,Env A,,3.5
2021,35740,Non,2090050,cypermethrine,52315-07-8,Insecticide,Env A,,3.36
2021,35740,Non,2090057,metsulfuron-methyl,74223-64-6,Herbicide,Env A,Substitution,0.0222
2021,35740,Non,2090057,tribenuron-methyle,101200-48-0,Herbicide,Env A,,0.0444
2021,35740,Non,2090069,bromoxynil,1689-84-5,Herbicide,CMR,Exclusion,5.875
2021,35740,Non,2090093,glyphosate,1071-83-6,Herbicide,Env A,,72
2021,35740,Non,2090101,nicosulfuron,111991-09-4,Herbicide,Env A,,6.2
2021,35740,Non,2090111,cypermethrine,52315-07-8,Insecticide,Env A,,5.076
2021,35740,Non,2090113,dimethenamide-p (dmta-p),163515-14-8,Herbicide,Env A,,10.625
2021,35740,Non,2090113,pendimethaline,40487-42-1,Herbicide,Env A,Substitution,12.5
2021,35740,Non,2090116,glyphosate,1071-83-6,Herbicide,Env A,,3.6
2021,35740,Non,2090153,dicamba,1918-00-9,Herbicide,Env B,,14.4
2021,35740,Non,2090153,tritosulfuron,142469-14-5,Herbicide,Env A,,3.0
2021,35740,Non,2090159,tritosulfuron,142469-14-5,Herbicide,Env A,,1.7850
2021,35740,Non,2090188,glyphosate,1071-83-6,Herbicide,Env A,,21.6
2021,35740,Non,2100009,thifensulfuron-methyle,79277-27-3,Herbicide,Env A,,0.5994
2021,35740,Non,2100009,tribenuron-methyle,101200-48-0,Herbicide,Env A,,0.3006
2021,35740,Non,2100014,metsulfuron-methyl,74223-64-6,Herbicide,Env A,Substitution,0.0201
2021,35740,Non,2100014,thifensulfuron-methyle,79277-27-3,Herbicide,Env A,,0.0999
2021,35740,Non,2100015,thifensulfuron-methyle,79277-27-3,Herbicide,Env A,,0.090
2021,35740,Non,2100018,tebuconazole,107534-96-3,Fongicide,CMR,,2.5
2021,35740,Non,2100026,cypermethrine,52315-07-8,Insecticide,Env A,,1.5
2021,35740,Non,2100030,phosphate ferrique,10045-86-0,Molluscicide,Autre,,4.158
2021,35740,Non,2100052,cyprodinil,121552-61-2,Fongicide,Env A,,1.5
2021,35740,Non,2100056,prothioconazole,178928-70-6,Fongicide,Env A,,0.8
2021,35740,Non,2100056,spiroxamine,118134-30-8,Fongicide,CMR,,1.5
2021,35740,Non,2100111,mesotrione,104206-82-8,Herbicide,Env A,,3.00
2021,35740,Non,2100111,nicosulfuron,111991-09-4,Herbicide,Env A,,1.2
2021,35740,Non,2100112,ethephon,16672-87-0,Régulateur de croissance,Santé A,,2.4
2021,35740,Non,2100121,chlorantraniliprole,500008-45-7,Insecticide,Env A,,1.2
2021,35740,Non,2100122,chlorantraniliprole,500008-45-7,Insecticide,Env A,,0.84
2021,35740,Non,2100138,cloquintocet-mexyl,99607-70-2,Autre usage – Coformulant / Phytoprotecteur / Synergiste,Autre,,1.0625
2021,35740,Non,2100138,pinoxaden,243973-20-8,Herbicide,CMR,,4.25
2021,35740,Non,2100140,clodinafop-propargyl,105512-06-9,Herbicide,Env A,,3.125
2021,35740,Non,2100140,cloquintocet-mexyl,99607-70-2,Autre usage – Coformulant / Phytoprotecteur / Synergiste,Autre,,0.78125
2021,35740,Non,2100140,pinoxaden,243973-20-8,Herbicide,CMR,,3.125
2021,35740,Non,2100151,pyraclostrobine,175013-18-0,Fongicide,Santé A,,22.5
2021,35740,Non,2100175,prothioconazole,178928-70-6,Fongicide,Env A,,0.024
2021,35740,Non,2100186,glyphosate,1071-83-6,Herbicide,Env A,,21.6
2021,35740,Non,2100234,diflufenicanil,83164-33-4,Herbicide,Env B,,4.8
2021,35740,Non,2100234,iodosulfuron-methyl-sodium,144550-36-7,Herbicide,Env A,,0.3000
2021,35740,Non,2100234,mefenpyr-diethyl,135590-91-9,Autre usage – Coformulant / Phytoprotecteur / Synergiste,Autre,,1.080
2021,35740,Non,2100234,mesosulfuron-methyl,208465-21-8,Herbicide,Env A,,0.360
2021,35740,Non,2110018,difenoconazole,119446-68-3,Fongicide,Env A,,0.01475
2021,35740,Non,2110018,fludioxonil,131341-86-1,Fongicide,Env A,,0.01475
2021,35740,Non,2110059,bicarbonate de potassium,298-14-6,Fongicide,Autre,,21.25
2021,35740,Non,2110102,difenoconazole,119446-68-3,Fongicide,Env A,,3.03275
2021,35740,Non,2110102,fludioxonil,131341-86-1,Fongicide,Env A,,3.03275
2021,35740,Non,2110102,sedaxane,874967-67-6,Fongicide,Env A,,6.0655
2021,35740,Non,2110103,tribenuron-methyle,101200-48-0,Herbicide,Env A,,0.45
2021,35740,Non,2110105,azoxystrobine,131860-33-8,Fongicide,Santé A,,1
2021,35740,Non,2110140,diflufenicanil,83164-33-4,Herbicide,Env B,,4.8
2021,35740,Non,2110140,flufenacet,142459-58-3,Herbicide,Env A,,9.6
2021,35740,Non,2110148,bixafen,581809-46-3,Fongicide,Env A,,0.625
2021,35740,Non,2110162,azoxystrobine,131860-33-8,Fongicide,Santé A,,5.0
2021,35740,Non,2110167,tebuconazole,107534-96-3,Fongicide,CMR,,8.6
2021,35740,Non,2120041,zirame,137-30-4,Fongicide,Santé A,,4.4394
2021,35740,Non,2120048,aminopyralid,150114-71-9,Herbicide,Env A,,0.45
2021,35740,Non,2120048,triclopyr,55335-06-3,Herbicide,Env B,,3.60
2021,35740,Non,2120070,prothioconazole,178928-70-6,Fongicide,Env A,,9.6
2021,35740,Non,2120070,tebuconazole,107534-96-3,Fongicide,CMR,,4.8
2021,35740,Non,2120075,dimethenamide-p (dmta-p),163515-14-8,Herbicide,Env A,,22
2021,35740,Non,2120075,metazachlore,67129-08-2,Herbicide,CMR,,22
2021,35740,Non,2120075,quinmerac,90717-03-6,Herbicide,Env B,,11
2021,35740,Non,2120089,"2,4-mcpa",94-74-6,Herbicide,Env A,,0.3
2021,35740,Non,2120089,diflufenicanil,83164-33-4,Herbicide,Env B,,0.075
2021,35740,Non,2120089,glyphosate,1071-83-6,Herbicide,Env A,,0.6
2021,35740,Non,2120160,bentazone,25057-89-0,Herbicide,Env B,,2.4
2021,35740,Non,2130063,nicosulfuron,111991-09-4,Herbicide,Env A,,1.8
2021,35740,Non,2130068,diflufenicanil,83164-33-4,Herbicide,Env B,,21
2021,35740,Non,2130083,lambda-cyhalothrine,91465-08-6,Insecticide,Santé A,Substitution,1.4
2021,35740,Non,2130140,diflufenicanil,83164-33-4,Herbicide,Env B,,5.2
2021,35740,Non,2130140,pendimethaline,40487-42-1,Herbicide,Env A,Substitution,52
2021,35740,Non,2130164,cyprosulfamide,221667-31-8,Autre usage – Coformulant / Phytoprotecteur / Synergiste,Autre,,0.375
2021,35740,Non,2130164,foramsulfuron,173159-57-4,Herbicide,Env A,,0.75
2021,35740,Non,2130164,thiencarbazone-methyl,317815-83-1,Herbicide,CMR,,0.25
2021,35740,Non,2130202,fluopyram,658066-35-4,Fongicide,Env A,,1.25
2021,35740,Non,2130202,prothioconazole,178928-70-6,Fongicide,Env A,,1.25
2021,35740,Non,2130266,bromuconazole,116255-48-2,Fongicide,Env A,,8.350
2021,35740,Non,2130266,tebuconazole,107534-96-3,Fongicide,CMR,,5.350
2021,35740,Non,2140052,clopyralid,1702-17-6,Herbicide,Autre,,0.1
2021,35740,Non,2140082,trinexapac-ethyl,95266-40-3,Régulateur de croissance,Env A,,0.875
2021,35740,Non,2140085,abamectine,71751-41-2,Insecticide,CMR,,0.018
2021,35740,Non,2140098,aminopyralid,150114-71-9,Herbicide,Env A,,0.07905
2021,35740,Non,2140098,propyzamide,23950-58-5,Herbicide,CMR,Substitution,7.5
2021,35740,Non,2140156,"2,4-mcpa",94-74-6,Herbicide,Env A,,1.3335
2021,35740,Non,2140156,clopyralid,1702-17-6,Herbicide,Autre,,0.1165
2021,35740,Non,2140156,fluroxypyr,69377-81-7,Herbicide,Env B,,0.3
2021,35740,Non,2140201,cyflufenamid,180409-60-3,Fongicide,Env A,,0.015
2021,35740,Non,2140201,difenoconazole,119446-68-3,Fongicide,Env A,,0.125
2021,35740,Non,2140207,clodinafop-propargyl,105512-06-9,Herbicide,Env A,,2.2
2021,35740,Non,2140207,cloquintocet-mexyl,99607-70-2,Autre usage – Coformulant / Phytoprotecteur / Synergiste,Autre,,0.55
2021,35740,Non,2140258,iodosulfuron-methyl-sodium,144550-36-7,Herbicide,Env A,,0.1125
2021,35740,Non,2140258,mesosulfuron-methyl,208465-21-8,Herbicide,Env A,,0.1125
2021,35740,Non,2150019,silthiofam,175217-20-6,Fongicide,Env A,,1.7125
2021,35740,Non,2150084,mesotrione,104206-82-8,Herbicide,Env A,,3
2021,35740,Non,2150104,huile minerale paraffinique,8042-47-5,Insecticide - Acaricide,Autre,,81.7
2021,35740,Non,2150140,glyphosate,1071-83-6,Herbicide,Env A,,129.6
2021,35740,Non,2150483,lambda-cyhalothrine,91465-08-6,Insecticide,Santé A,Substitution,8.44
2021,35740,Non,2150484,clopyralid,1702-17-6,Herbicide,Autre,,2.7
2021,35740,Non,2150484,florasulame,145701-23-1,Herbicide,Env A,,0.225
2021,35740,Non,2150785,mesotrione,104206-82-8,Herbicide,Env A,,8.0
2021,35740,Non,2160200,cloquintocet-mexyl,99607-70-2,Autre usage – Coformulant / Phytoprotecteur / Synergiste,Autre,,0.500
2021,35740,Non,2160200,pinoxaden,243973-20-8,Herbicide,CMR,,2.0
2021,35740,Non,2160226,phosphate ferrique,10045-86-0,Molluscicide,Autre,,1.9602
2021,35740,Non,2160248,dicamba,1918-00-9,Herbicide,Env B,,1.2
2021,35740,Non,2160248,mesotrione,104206-82-8,Herbicide,Env A,,0.50
2021,35740,Non,2160260,metconazole,125116-23-6,Fongicide,CMR,,4.05
2021,35740,Non,2160272,hexythiazox,78587-05-0,Insecticide - Acaricide,Env A,,0.125
2021,35740,Non,2160384,trinexapac-ethyl,95266-40-3,Régulateur de croissance,Env A,,1.75
2021,35740,Non,2160527,sels de potassium d'acides gras,10124-65-9,Insecticide,Autre,,0.4798
2021,35740,Non,2160556,clomazone,81777-89-1,Herbicide,Env A,,0.72
2021,35740,Non,2160693,cyprosulfamide,221667-31-8,Autre usage – Coformulant / Phytoprotecteur / Synergiste,Autre,,0.45
2021,35740,Non,2160693,isoxaflutole,141112-29-0,Herbicide,CMR,,0.675
2021,35740,Non,2160693,thiencarbazone-methyl,317815-83-1,Herbicide,CMR,,0.27
2021,35740,Non,2160920,fluroxypyr-meptyl,81406-37-3,Herbicide,Autre,,2.9175
2021,35740,Non,2160920,metsulfuron-methyl,74223-64-6,Herbicide,Env A,Substitution,0.075
2021,35740,Non,2160920,thifensulfuron-methyle,79277-27-3,Herbicide,Env A,,0.45
2021,35740,Non,2160931,bixafen,581809-46-3,Fongicide,Env A,,2.87625
2021,35740,Non,2160931,fluopyram,658066-35-4,Fongicide,Env A,,2.87625
2021,35740,Non,2160931,prothioconazole,178928-70-6,Fongicide,Env A,,5.7525
2021,35740,Non,2160936,cloquintocet-mexyl,99607-70-2,Autre usage – Coformulant / Phytoprotecteur / Synergiste,Autre,,0.216
2021,35740,Non,2160936,fluroxypyr-meptyl,81406-37-3,Herbicide,Autre,,7.254
2021,35740,Non,2160936,halauxifen-methyl,943831-98-9,Herbicide,Env A,,0.225
2021,35740,Non,2160937,cloquintocet-mexyl,99607-70-2,Autre usage – Coformulant / Phytoprotecteur / Synergiste,Autre,,0.162
2021,35740,Non,2160937,florasulame,145701-23-1,Herbicide,Env A,,0.135
2021,35740,Non,2160937,halauxifen-methyl,943831-98-9,Herbicide,Env A,,0.16875
2021,35740,Non,2160959,benzovindiflupyr,1072957-71-1,Fongicide,Santé A,Substitution,3.375
2021,35740,Non,2160959,prothioconazole,178928-70-6,Fongicide,Env A,,6.75
2021,35740,Non,2161068,mesotrione,104206-82-8,Herbicide,Env A,,1.875
2021,35740,Non,2161068,nicosulfuron,111991-09-4,Herbicide,Env A,,0.75
2021,35740,Non,2161101,fluxapyroxad,907204-31-3,Fongicide,CMR,,1.125
2021,35740,Non,2161101,pyraclostrobine,175013-18-0,Fongicide,Santé A,,2.25
2021,35740,Non,2170055,dicamba,1918-00-9,Herbicide,Env B,,7.2
2021,35740,Non,2170149,cypermethrine,52315-07-8,Insecticide,Env A,,0.5
2021,35740,Non,2170216,cloquintocet-mexyl,99607-70-2,Autre usage – Coformulant / Phytoprotecteur / Synergiste,Autre,,0.1
2021,35740,Non,2170216,diflufenicanil,83164-33-4,Herbicide,Env B,,0.4
2021,35740,Non,2170216,florasulame,145701-23-1,Herbicide,Env A,,0.02
2021,35740,Non,2170216,iodosulfuron-methyl-sodium,144550-36-7,Herbicide,Env A,,0.05
2021,35740,Non,2170228,bixafen,581809-46-3,Fongicide,Env A,,2.275
2021,35740,Non,2170228,fluopyram,658066-35-4,Fongicide,Env A,,2.275
2021,35740,Non,2170228,prothioconazole,178928-70-6,Fongicide,Env A,,4.55
2021,35740,Non,2170243,acide pelargonique,112-05-0,Herbicide,Autre,,0.25
2021,35740,Non,2170263,cypermethrine,52315-07-8,Insecticide,Env A,,0.5
2021,35740,Non,2170381,mesotrione,104206-82-8,Herbicide,Env A,,7.35
2021,35740,Non,2170381,terbuthylazine,5915-41-3,Herbicide,Env A,,34.65
2021,35740,Non,2170459,fludioxonil,131341-86-1,Fongicide,Env A,,0.14
2021,35740,Non,2170459,sedaxane,874967-67-6,Fongicide,Env A,,0.14
2021,35740,Non,2170807,benzovindiflupyr,1072957-71-1,Fongicide,Santé A,Substitution,1.5
2021,35740,Non,2170807,prothioconazole,178928-70-6,Fongicide,Env A,,3
2021,35740,Non,2171054,diflufenicanil,83164-33-4,Herbicide,Env B,,3
2021,35740,Non,2171054,flufenacet,142459-58-3,Herbicide,Env A,,6
2021,35740,Non,2171111,metamitrone,41394-05-2,Herbicide,Env A,,7
2021,35740,Non,2171195,lambda-cyhalothrine,91465-08-6,Insecticide,Santé A,Substitution,1.92
2021,35740,Non,2180009,dicamba,1918-00-9,Herbicide,Env B,,0.5
2021,35740,Non,2180009,tritosulfuron,142469-14-5,Herbicide,Env A,,0.25
2021,35740,Non,2180088,s-metolachlore,87392-12-9,Herbicide,Env A,,9.6
2021,35740,Non,2180124,metalaxyl,57837-19-1,Fongicide,Env B,,0.2242
2021,35740,Non,2180124,prothioconazole,178928-70-6,Fongicide,Env A,,1.121
2021,35740,Non,2180233,dicamba,1918-00-9,Herbicide,Env B,,12
2021,35740,Non,2180864,flufenacet,142459-58-3,Herbicide,Env A,,4.8
2021,35740,Non,2180864,picolinafen,137641-05-5,Herbicide,Env A,,2
2021,35740,Non,2180865,ipconazole,125225-28-7,Fongicide,CMR,Exclusion,0.21696
2021,35740,Non,2190062,halauxifen-methyl,943831-98-9,Herbicide,Env A,,0.05
2021,35740,Non,2190062,piclorame,1918-02-1,Herbicide,Env A,,0.240
2021,35740,Non,2190468,dicamba,1918-00-9,Herbicide,Env B,,9
2021,35740,Non,2190468,prosulfuron,94125-34-5,Herbicide,Env A,Substitution,0.9
2021,35740,Non,2190594,"(e,z)-3,8-tetradecadien-1-yl acetate",163041-87-0,Insecticide - Médiateur chimique,Autre,,
2021,35740,Non,2190594,"(e,z,z)-3,8,11-tetradecatrien-1-yl acetate",163041-94-9,Insecticide - Médiateur chimique,Autre,,
2021,35740,Non,2190686,fluxapyroxad,907204-31-3,Fongicide,CMR,,12.25
2021,35740,Non,2190686,mefentrifluconazole,1417782-03-6,Fongicide,Autre,,24.5
2021,35740,Non,2190722,aclonifen,74070-46-5,Herbicide,CMR,,12
2021,35740,Non,2190883,prothioconazole,178928-70-6,Fongicide,Env A,,1.25
2021,35740,Non,2200753,glyphosate,1071-83-6,Herbicide,Env A,,24.3
2021,35740,Non,2210192,prosulfocarbe,52888-80-9,Herbicide,Env A,,16
2021,35740,Non,7200313,alcools terpeniques,98-55-5,Autre usage – Adjuvant,Autre,,19.95
2021,35740,Non,7500716,cuivre du sulfate de cuivre,8011-63-0,Fongicide,Env A,Substitution,4
2021,35740,Non,8400096,dicamba,1918-00-9,Herbicide,Env B,,12.48
2021,35740,Non,8400255,metsulfuron-methyl,74223-64-6,Herbicide,Env A,Substitution,0.22
2021,35740,Non,8400528,isoxaben,82558-50-7,Herbicide,Env B,,0.125
2021,35740,Non,8400574,propyzamide,23950-58-5,Herbicide,CMR,Substitution,10
2021,35740,Non,8600243,aclonifen,74070-46-5,Herbicide,CMR,,12
2021,35740,Non,8700020,flurochloridone,61213-25-0,Herbicide,CMR,Exclusion,7.5
2021,35740,Non,8700462,prosulfocarbe,52888-80-9,Herbicide,Env A,,376
2021,35740,Non,8900681,pendimethaline,40487-42-1,Herbicide,Env A,Substitution,2
2021,35740,Non,9000069,ethofumesate,26225-79-6,Herbicide,Env A,,5
2021,35740,Non,9000184,"2,4-mcpa",94-74-6,Herbicide,Env A,,4
2021,35740,Non,9000184,clopyralid,1702-17-6,Herbicide,Autre,,0.4
2021,35740,Non,9000184,fluroxypyr-meptyl,81406-37-3,Herbicide,Autre,,1.152
2021,35740,Non,9000259,amidosulfuron,120923-37-7,Herbicide,Env A,,1.53
2021,35740,Non,9000490,cycloxydime,101205-02-1,Herbicide,CMR,,0.5
2021,35740,Non,9000619,chlortoluron,15545-48-9,Herbicide,CMR,,25
2021,35740,Non,9000741,tetraconazole,112281-77-3,Fongicide,Env A,,2.5
2021,35740,Non,9100296,"2,4-d",94-75-7,Herbicide,Env B,,33
2021,35740,Non,9100418,nicosulfuron,111991-09-4,Herbicide,Env A,,4.08
2021,35740,Non,9200073,triflusulfuron-methyl,126535-15-7,Herbicide,CMR,,0.1
2021,35740,Non,9200091,imidaclopride,138261-41-3,Insecticide,Env A,,0.35
2021,35740,Non,9200548,thirame,137-26-8,Fongicide,Env A,,0.1104
2021,35740,Non,9400463,phenmediphame,13684-63-4,Herbicide,Env A,,2.4
2021,35740,Non,9500628,bentazone,25057-89-0,Herbicide,Env B,,2.61
2021,35740,Non,9600093,azoxystrobine,131860-33-8,Fongicide,Santé A,,1.665
2021,35740,Non,9600390,glyphosate,1071-83-6,Herbicide,Env A,,72
2021,35740,Non,9800018,clomazone,81777-89-1,Herbicide,Env A,,0.15
2021,35740,Non,9800018,dimethachlore,50563-36-5,Herbicide,Env A,,0.9375
2021,35740,Non,9800018,napropamide,15299-99-7,Herbicide,Env A,,0.9375
2021,35740,Non,9800182,s-metolachlore,87392-12-9,Herbicide,Env A,,38.4
2021,35740,Non,9800277,florasulame,145701-23-1,Herbicide,Env A,,0.1
2021,35740,Non,9800289,metalaxyl-m,70630-17-0,Fongicide,Autre,,0.4652
2021,35740,Non,9800336,lambda-cyhalothrine,91465-08-6,Insecticide,Santé A,Substitution,0.2
2021,35740,Non,9800344,fludioxonil,131341-86-1,Fongicide,Env A,,0.0485
2021,35740,Non,9800344,metalaxyl-m,70630-17-0,Fongicide,Autre,,0.018818
2021,35740,Non,9900115,clethodime,99129-21-2,Herbicide,Env B,,1.2
2021,35740,Non,9900251,dimethenamide-p (dmta-p),163515-14-8,Herbicide,Env A,,21.6
2021,35690,Non,2000046,ethofumesate,26225-79-6,Herbicide,Env A,,0.75
2021,35690,Non,2000046,metamitrone,41394-05-2,Herbicide,Env A,,1.75
2021,35690,Non,2000201,silthiofam,175217-20-6,Fongicide,Env A,,0.16125
2021,35690,Non,2000202,glyphosate,1071-83-6,Herbicide,Env A,,7.2
2021,35690,Non,2000316,esfenvalerate,66230-04-4,Insecticide,Santé A,Substitution,0.1
2021,35690,Non,2000369,metsulfuron-methyl,74223-64-6,Herbicide,Env A,Substitution,0.08
2021,35690,Non,2000380,clethodime,99129-21-2,Herbicide,Env B,,0.24
2021,35690,Non,2010030,mepiquat-chlorure,24307-26-4,Régulateur de croissance,Env B,,3
2021,35690,Non,2010030,prohexadione-calcium,127277-53-6,Régulateur de croissance,Env B,,0.5
2021,35690,Non,2010239,florasulame,145701-23-1,Herbicide,Env A,,0.025
2021,35690,Non,2010239,fluroxypyr-meptyl,81406-37-3,Herbicide,Autre,,3.6025
2021,35690,Non,2010280,metconazole,125116-23-6,Fongicide,CMR,,8.1
2021,35690,Non,2020474,metazachlore,67129-08-2,Herbicide,CMR,,10
2021,35690,Non,2030323,fludioxonil,131341-86-1,Fongicide,Env A,,0.60100
2021,35690,Non,2030342,chlormequat chlorure,999-81-5,Régulateur de croissance,Autre,,18.4
2021,35690,Non,2040146,tefluthrine,79538-32-2,Insecticide,Santé A,,0.604
2021,35690,Non,2060088,benoxacor,98730-04-2,Autre usage – Coformulant / Phytoprotecteur / Synergiste,Autre,,6.2
2021,35690,Non,2060088,mesotrione,104206-82-8,Herbicide,Env A,,12.4
2021,35690,Non,2060088,s-metolachlore,87392-12-9,Herbicide,Env A,,124
2021,35690,Non,2060098,spinosad,168316-95-8,Insecticide,Env A,,0.048
2021,35690,Non,2060116,prothioconazole,178928-70-6,Fongicide,Env A,,2.5
2021,35690,Non,2060127,prothioconazole,178928-70-6,Fongicide,Env A,,0.014
2021,35690,Non,2080026,nicosulfuron,111991-09-4,Herbicide,Env A,,3.96
2021,35690,Non,2080094,florasulame,145701-23-1,Herbicide,Env A,,0.02
2021,35690,Non,2080094,isoxaben,82558-50-7,Herbicide,Env B,,0.305
2021,35690,Non,2080112,thirame,137-26-8,Fongicide,Env A,,0.8544
2021,35690,Non,2080117,prosulfuron,94125-34-5,Herbicide,Env A,Substitution,2.8875
2021,35690,Non,2080125,metsulfuron-methyl,74223-64-6,Herbicide,Env A,Substitution,0.4
2021,35690,Non,2080145,diflufenicanil,83164-33-4,Herbicide,Env B,,18
2021,35690,Non,2080145,flufenacet,142459-58-3,Herbicide,Env A,,36
2021,35690,Non,2090016,imazamox,114311-32-9,Herbicide,Env A,Substitution,0.668
2021,35690,Non,2090016,pendimethaline,40487-42-1,Herbicide,Env A,Substitution,10
2021,35690,Non,2090050,cypermethrine,52315-07-8,Insecticide,Env A,,3.072
2021,35690,Non,2090093,glyphosate,1071-83-6,Herbicide,Env A,,153
2021,35690,Non,2090111,cypermethrine,52315-07-8,Insecticide,Env A,,2.256
2021,35690,Non,2090118,flufenacet,142459-58-3,Herbicide,Env A,,3.6
2021,35690,Non,2090118,pendimethaline,40487-42-1,Herbicide,Env A,Substitution,18
2021,35690,Non,2090153,dicamba,1918-00-9,Herbicide,Env B,,2.4
2021,35690,Non,2090153,tritosulfuron,142469-14-5,Herbicide,Env A,,0.5
2021,35690,Non,2090159,tritosulfuron,142469-14-5,Herbicide,Env A,,0.32844
2021,35690,Non,2090186,prosulfocarbe,52888-80-9,Herbicide,Env A,,40
2021,35690,Non,2100015,thifensulfuron-methyle,79277-27-3,Herbicide,Env A,,0.1
2021,35690,Non,2100030,phosphate ferrique,10045-86-0,Molluscicide,Autre,,7.128
2021,35690,Non,2100052,cyprodinil,121552-61-2,Fongicide,Env A,,3
2021,35690,Non,2100108,prothioconazole,178928-70-6,Fongicide,Env A,,5.000
2021,35690,Non,2100108,tebuconazole,107534-96-3,Fongicide,CMR,,5.000
2021,35690,Non,2100111,mesotrione,104206-82-8,Herbicide,Env A,,3.750
2021,35690,Non,2100111,nicosulfuron,111991-09-4,Herbicide,Env A,,1.50
2021,35690,Non,2100112,ethephon,16672-87-0,Régulateur de croissance,Santé A,,4.8
2021,35690,Non,2100121,chlorantraniliprole,500008-45-7,Insecticide,Env A,,0.8
2021,35690,Non,2100138,cloquintocet-mexyl,99607-70-2,Autre usage – Coformulant / Phytoprotecteur / Synergiste,Autre,,0.6250
2021,35690,Non,2100138,pinoxaden,243973-20-8,Herbicide,CMR,,2.50
2021,35690,Non,2100140,clodinafop-propargyl,105512-06-9,Herbicide,Env A,,1.500
2021,35690,Non,2100140,cloquintocet-mexyl,99607-70-2,Autre usage – Coformulant / Phytoprotecteur / Synergiste,Autre,,0.37500
2021,35690,Non,2100140,pinoxaden,243973-20-8,Herbicide,CMR,,1.500
2021,35690,Non,2100175,prothioconazole,178928-70-6,Fongicide,Env A,,0.3
2021,35690,Non,2100179,azoxystrobine,131860-33-8,Fongicide,Santé A,,0.8
2021,35690,Non,2100179,chlorothalonil,1897-45-6,Fongicide,CMR,,4
2021,35690,Non,2100234,diflufenicanil,83164-33-4,Herbicide,Env B,,4.2
2021,35690,Non,2100234,iodosulfuron-methyl-sodium,144550-36-7,Herbicide,Env A,,0.2625
2021,35690,Non,2100234,mefenpyr-diethyl,135590-91-9,Autre usage – Coformulant / Phytoprotecteur / Synergiste,Autre,,0.945
2021,35690,Non,2100234,mesosulfuron-methyl,208465-21-8,Herbicide,Env A,,0.315
2021,35690,Non,2110082,diflufenicanil,83164-33-4,Herbicide,Env B,,0.36
2021,35690,Non,2110082,metsulfuron-methyl,74223-64-6,Herbicide,Env A,Substitution,0.036
2021,35690,Non,2110086,spirotetramat,203313-25-1,Insecticide,CMR,,1
2021,35690,Non,2110102,difenoconazole,119446-68-3,Fongicide,Env A,,0.67225
2021,35690,Non,2110102,fludioxonil,131341-86-1,Fongicide,Env A,,0.67225
2021,35690,Non,2110102,sedaxane,874967-67-6,Fongicide,Env A,,1.3445
2021,35690,Non,2110104,clopyralid,1702-17-6,Herbicide,Autre,,1.28
2021,35690,Non,2110104,florasulame,145701-23-1,Herbicide,Env A,,0.04
2021,35690,Non,2110104,fluroxypyr-meptyl,81406-37-3,Herbicide,Autre,,2.304
2021,35690,Non,2110105,azoxystrobine,131860-33-8,Fongicide,Santé A,,1.25
2021,35690,Non,2110144,fluxapyroxad,907204-31-3,Fongicide,CMR,,1.625
2021,35690,Non,2110148,bixafen,581809-46-3,Fongicide,Env A,,0.625
2021,35690,Non,2110152,cypermethrine,52315-07-8,Insecticide,Env A,,0.08
2021,35690,Non,2110167,tebuconazole,107534-96-3,Fongicide,CMR,,1.29
2021,35690,Non,2120048,aminopyralid,150114-71-9,Herbicide,Env A,,0.12
2021,35690,Non,2120048,triclopyr,55335-06-3,Herbicide,Env B,,0.96
2021,35690,Non,2120075,dimethenamide-p (dmta-p),163515-14-8,Herbicide,Env A,,8
2021,35690,Non,2120075,metazachlore,67129-08-2,Herbicide,CMR,,8
2021,35690,Non,2120075,quinmerac,90717-03-6,Herbicide,Env B,,4
2021,35690,Non,2120143,glyphosate,1071-83-6,Herbicide,Env A,,19.2
2021,35690,Non,2120153,propyzamide,23950-58-5,Herbicide,CMR,Substitution,20
2021,35690,Non,2120206,boscalid,188425-85-6,Fongicide,Env A,,0.665
2021,35690,Non,2120206,metconazole,125116-23-6,Fongicide,CMR,,0.3
2021,35690,Non,2130069,diflufenicanil,83164-33-4,Herbicide,Env B,,3
2021,35690,Non,2130083,lambda-cyhalothrine,91465-08-6,Insecticide,Santé A,Substitution,0.8
2021,35690,Non,2130129,kieselguhr,,Insecticide - Acaricide,Autre,,27.6
2021,35690,Non,2130164,cyprosulfamide,221667-31-8,Autre usage – Coformulant / Phytoprotecteur / Synergiste,Autre,,0.225
2021,35690,Non,2130164,foramsulfuron,173159-57-4,Herbicide,Env A,,0.45
2021,35690,Non,2130164,thiencarbazone-methyl,317815-83-1,Herbicide,CMR,,0.15
2021,35690,Non,2130202,fluopyram,658066-35-4,Fongicide,Env A,,3.75
2021,35690,Non,2130202,prothioconazole,178928-70-6,Fongicide,Env A,,3.75
2021,35690,Non,2130251,lambda-cyhalothrine,91465-08-6,Insecticide,Santé A,Substitution,0.5
2021,35690,Non,2130253,"2,4-d",94-75-7,Herbicide,Env B,,4.8
2021,35690,Non,2130253,glyphosate,1071-83-6,Herbicide,Env A,,7.2
2021,35690,Non,2130266,bromuconazole,116255-48-2,Fongicide,Env A,,5.344
2021,35690,Non,2130266,tebuconazole,107534-96-3,Fongicide,CMR,,3.424
2021,35690,Non,2140098,aminopyralid,150114-71-9,Herbicide,Env A,,0.0527
2021,35690,Non,2140098,propyzamide,23950-58-5,Herbicide,CMR,Substitution,5
2021,35690,Non,2150104,huile minerale paraffinique,8042-47-5,Insecticide - Acaricide,Autre,,161.766
2021,35690,Non,2150125,diflufenicanil,83164-33-4,Herbicide,Env B,,2
2021,35690,Non,2150140,glyphosate,1071-83-6,Herbicide,Env A,,36.0
2021,35690,Non,2150483,lambda-cyhalothrine,91465-08-6,Insecticide,Santé A,Substitution,0.2
2021,35690,Non,2150785,mesotrione,104206-82-8,Herbicide,Env A,,2
2021,35690,Non,2150964,lambda-cyhalothrine,91465-08-6,Insecticide,Santé A,Substitution,0.12
2021,35690,Non,2160260,metconazole,125116-23-6,Fongicide,CMR,,0.45
2021,35690,Non,2160920,fluroxypyr-meptyl,81406-37-3,Herbicide,Autre,,2.9175
2021,35690,Non,2160920,metsulfuron-methyl,74223-64-6,Herbicide,Env A,Substitution,0.075
2021,35690,Non,2160920,thifensulfuron-methyle,79277-27-3,Herbicide,Env A,,0.45
2021,35690,Non,2160931,bixafen,581809-46-3,Fongicide,Env A,,6.90625
2021,35690,Non,2160931,fluopyram,658066-35-4,Fongicide,Env A,,6.90625
2021,35690,Non,2160931,prothioconazole,178928-70-6,Fongicide,Env A,,13.8125
2021,35690,Non,2160937,cloquintocet-mexyl,99607-70-2,Autre usage – Coformulant / Phytoprotecteur / Synergiste,Autre,,0.054
2021,35690,Non,2160937,florasulame,145701-23-1,Herbicide,Env A,,0.045
2021,35690,Non,2160937,halauxifen-methyl,943831-98-9,Herbicide,Env A,,0.05625
2021,35690,Non,2170230,azoxystrobine,131860-33-8,Fongicide,Santé A,,0.0012
2021,35690,Non,2170230,fludioxonil,131341-86-1,Fongicide,Env A,,0.003
2021,35690,Non,2170230,metalaxyl-m,70630-17-0,Fongicide,Autre,,0.00232
2021,35690,Non,2170230,thiabendazole,148-79-8,Fongicide,Env A,,0.024
2021,35690,Non,2170381,mesotrione,104206-82-8,Herbicide,Env A,,0.35
2021,35690,Non,2170381,terbuthylazine,5915-41-3,Herbicide,Env A,,1.65
2021,35690,Non,2170697,phosphure de zinc,1314-84-7,Rodenticide - Taupicide,Santé A,,0.012
2021,35690,Non,2170757,prochloraze,67747-09-5,Fongicide,Env A,,1.335
2021,35690,Non,2170757,tebuconazole,107534-96-3,Fongicide,CMR,,0.665
2021,35690,Non,2171111,metamitrone,41394-05-2,Herbicide,Env A,,3.5
2021,35690,Non,2171253,bacillus amyloliquefaciens souche mbi 600,NC,Fongicide,Autre,,
2021,35690,Non,2180124,metalaxyl,57837-19-1,Fongicide,Env B,,0.1058
2021,35690,Non,2180124,prothioconazole,178928-70-6,Fongicide,Env A,,0.529
2021,35690,Non,2190173,metaldehyde,108-62-3,Molluscicide,CMR,,5.04
2021,35690,Non,2190173,phosphate ferrique,10045-86-0,Molluscicide,Autre,,8.1648
2021,35690,Non,2190215,clomazone,81777-89-1,Herbicide,Env A,,1.44
2021,35690,Non,2190686,fluxapyroxad,907204-31-3,Fongicide,CMR,,1.5
2021,35690,Non,2190686,mefentrifluconazole,1417782-03-6,Fongicide,Autre,,3
2021,35690,Non,2200756,prohexadione-calcium,127277-53-6,Régulateur de croissance,Env B,,0.5
2021,35690,Non,8400096,dicamba,1918-00-9,Herbicide,Env B,,7.20
2021,35690,Non,8400574,propyzamide,23950-58-5,Herbicide,CMR,Substitution,5.2
2021,35690,Non,8700462,prosulfocarbe,52888-80-9,Herbicide,Env A,,64
2021,35690,Non,9000222,soufre,7704-34-9,Fongicide,Autre,,80.5
2021,35690,Non,9000259,amidosulfuron,120923-37-7,Herbicide,Env A,,0.15
2021,35690,Non,9000741,tetraconazole,112281-77-3,Fongicide,Env A,,1.25
2021,35690,Non,9100046,trinexapac-ethyl,95266-40-3,Régulateur de croissance,Env A,,0.25
2021,35690,Non,9100296,"2,4-d",94-75-7,Herbicide,Env B,,6
2021,35690,Non,9200073,triflusulfuron-methyl,126535-15-7,Herbicide,CMR,,0.05
2021,35690,Non,9400008,triticonazole,131983-72-7,Fongicide,Env A,,0.108
2021,35690,Non,9400052,clethodime,99129-21-2,Herbicide,Env B,,0.48
2021,35690,Non,9500040,quizalofop-p-ethyl,100646-51-3,Herbicide,Env A,,0.25
2021,35690,Non,9600093,azoxystrobine,131860-33-8,Fongicide,Santé A,,1.6650
2021,35690,Non,9600197,carfentrazone ethyl,128639-02-1,Herbicide,Env A,,0.4
2021,35690,Non,9600197,metsulfuron-methyl,74223-64-6,Herbicide,Env A,Substitution,0.1
2021,35690,Non,9600390,glyphosate,1071-83-6,Herbicide,Env A,,21.6
2021,35690,Non,9800076,"cydia pomonella granulosis, isolat m (cpvg m)",,Insecticide,Autre,,
2021,35690,Non,9800100,chlortoluron,15545-48-9,Herbicide,CMR,,7
2021,35690,Non,9800336,lambda-cyhalothrine,91465-08-6,Insecticide,Santé A,Substitution,0.2
2021,35690,Non,9800344,fludioxonil,131341-86-1,Fongicide,Env A,,0.01200
2021,35690,Non,9800344,metalaxyl-m,70630-17-0,Fongicide,Autre,,0.004656
2021,35690,Non,9900047,mesotrione,104206-82-8,Herbicide,Env A,,0.5
2021,35690,Non,9900115,clethodime,99129-21-2,Herbicide,Env B,,3
2021,35690,Non,9900251,dimethenamide-p (dmta-p),163515-14-8,Herbicide,Env A,,21.6
2021,35690,Non,9900340,pendimethaline,40487-42-1,Herbicide,Env A,Substitution,19.2
2021,35690,Non,9900340,picolinafen,137641-05-5,Herbicide,Env A,,0.96
2021,35700,Non,1030003,polymere carboxyl sulfone cationique,8061-53-8,SA non phyto - Divers,Autre,,3.06024
2021,35700,Non,2000316,esfenvalerate,66230-04-4,Insecticide,Santé A,Substitution,0.5
2021,35700,Non,2000369,metsulfuron-methyl,74223-64-6,Herbicide,Env A,Substitution,0.02
2021,35700,Non,2010118,mancozebe,8018-01-7,Fongicide,CMR,Exclusion,0.5504
2021,35700,Non,2010118,metalaxyl-m,70630-17-0,Fongicide,Autre,,0.033368
2021,35700,Non,2010130,cuivre de l'oxyde cuivreux,1317-39-1,Fongicide,Env A,Substitution,0.36
2021,35700,Non,2010280,metconazole,125116-23-6,Fongicide,CMR,,2.7
2021,35700,Non,2020474,metazachlore,67129-08-2,Herbicide,CMR,,10
2021,35700,Non,2060050,metrafenone,220899-03-6,Fongicide,Env A,,0.035
2021,35700,Non,2060088,benoxacor,98730-04-2,Autre usage – Coformulant / Phytoprotecteur / Synergiste,Autre,,0.8
2021,35700,Non,2060088,mesotrione,104206-82-8,Herbicide,Env A,,1.6
2021,35700,Non,2060088,s-metolachlore,87392-12-9,Herbicide,Env A,,16
2021,35700,Non,2060116,prothioconazole,178928-70-6,Fongicide,Env A,,3.75
2021,35700,Non,2080100,folpel,133-07-3,Fongicide,CMR,,0.384
2021,35700,Non,2080100,mandipropamide,374726-62-2,Fongicide,Env A,,0.048
2021,35700,Non,2080112,thirame,137-26-8,Fongicide,Env A,,0.7488
2021,35700,Non,2080125,metsulfuron-methyl,74223-64-6,Herbicide,Env A,Substitution,0.04
2021,35700,Non,2080145,diflufenicanil,83164-33-4,Herbicide,Env B,,15.6
2021,35700,Non,2080145,flufenacet,142459-58-3,Herbicide,Env A,,31.2
2021,35700,Non,2090093,glyphosate,1071-83-6,Herbicide,Env A,,36
2021,35700,Non,2090101,nicosulfuron,111991-09-4,Herbicide,Env A,,0.8
2021,35700,Non,2090112,dimethenamide-p (dmta-p),163515-14-8,Herbicide,Env A,,2
2021,35700,Non,2090112,metazachlore,67129-08-2,Herbicide,CMR,,2
2021,35700,Non,2090132,cuivre du sulfate tribasique,12527-76-3,Fongicide,Env A,Substitution,0.229276
2021,35700,Non,2090132,zoxamide,156052-68-5,Fongicide,Env A,,0.0344
2021,35700,Non,2090153,dicamba,1918-00-9,Herbicide,Env B,,4.8
2021,35700,Non,2090153,tritosulfuron,142469-14-5,Herbicide,Env A,,1
2021,35700,Non,2090186,prosulfocarbe,52888-80-9,Herbicide,Env A,,96
2021,35700,Non,2100041,monopotassium phosphonate,13977-65-6,Fongicide,Autre,,0.7248
2021,35700,Non,2100060,monopotassium phosphonate,13977-65-6,Fongicide,Autre,,0.6935
2021,35700,Non,2100108,prothioconazole,178928-70-6,Fongicide,Env A,,2.5
2021,35700,Non,2100108,tebuconazole,107534-96-3,Fongicide,CMR,,2.5
2021,35700,Non,2100138,cloquintocet-mexyl,99607-70-2,Autre usage – Coformulant / Phytoprotecteur / Synergiste,Autre,,0.4375
2021,35700,Non,2100138,pinoxaden,243973-20-8,Herbicide,CMR,,1.75
2021,35700,Non,2100181,fluopicolide,239110-15-7,Fongicide,Env A,,0.051504
2021,35700,Non,2100181,fosetyl-aluminium,39148-24-8,Fongicide,Autre,,0.773372
2021,35700,Non,2100221,ametoctradine,865318-97-4,Fongicide,Env A,,0.1152
2021,35700,Non,2100221,metirame,9006-42-2,Fongicide,Env A,,0.4224
2021,35700,Non,2110144,fluxapyroxad,907204-31-3,Fongicide,CMR,,1.875
2021,35700,Non,2110167,tebuconazole,107534-96-3,Fongicide,CMR,,6.45
2021,35700,Non,2120132,dimethomorphe,110488-70-5,Fongicide,Env A,,0.0432
2021,35700,Non,2120132,metirame,9006-42-2,Fongicide,Env A,,0.2112
2021,35700,Non,2120143,glyphosate,1071-83-6,Herbicide,Env A,,0.1152
2021,35700,Non,2130067,cyflufenamid,180409-60-3,Fongicide,Env A,,0.0095
2021,35700,Non,2130152,fluopyram,658066-35-4,Fongicide,Env A,,0.015
2021,35700,Non,2130152,trifloxystrobine,141517-21-7,Fongicide,Env A,,0.015
2021,35700,Non,2130202,fluopyram,658066-35-4,Fongicide,Env A,,2.5
2021,35700,Non,2130202,prothioconazole,178928-70-6,Fongicide,Env A,,2.5
2021,35700,Non,2140098,aminopyralid,150114-71-9,Herbicide,Env A,,0.0527
2021,35700,Non,2140098,propyzamide,23950-58-5,Herbicide,CMR,Substitution,5
2021,35700,Non,2140173,fluxapyroxad,907204-31-3,Fongicide,CMR,,0.625
2021,35700,Non,2140173,metconazole,125116-23-6,Fongicide,CMR,,0.45
2021,35700,Non,2140258,iodosulfuron-methyl-sodium,144550-36-7,Herbicide,Env A,,0.1875
2021,35700,Non,2140258,mesosulfuron-methyl,208465-21-8,Herbicide,Env A,,0.1875
2021,35700,Non,2150125,diflufenicanil,83164-33-4,Herbicide,Env B,,4.8
2021,35700,Non,2150140,glyphosate,1071-83-6,Herbicide,Env A,,14.4
2021,35700,Non,2150328,pythium oligandrum souche m1,,Fongicide,Autre,,
2021,35700,Non,2150785,mesotrione,104206-82-8,Herbicide,Env A,,2
2021,35700,Non,2160226,phosphate ferrique,10045-86-0,Molluscicide,Autre,,1.452
2021,35700,Non,2160260,metconazole,125116-23-6,Fongicide,CMR,,0.45
2021,35700,Non,2160724,azoxystrobine,131860-33-8,Fongicide,Santé A,,1.875
2021,35700,Non,2160724,difenoconazole,119446-68-3,Fongicide,Env A,,1.875
2021,35700,Non,2160818,soufre,7704-34-9,Fongicide,Autre,,80
2021,35700,Non,2160931,bixafen,581809-46-3,Fongicide,Env A,,0.65
2021,35700,Non,2160931,fluopyram,658066-35-4,Fongicide,Env A,,0.65
2021,35700,Non,2160931,prothioconazole,178928-70-6,Fongicide,Env A,,1.3
2021,35700,Non,2160936,cloquintocet-mexyl,99607-70-2,Autre usage – Coformulant / Phytoprotecteur / Synergiste,Autre,,0.024
2021,35700,Non,2160936,fluroxypyr-meptyl,81406-37-3,Herbicide,Autre,,0.806
2021,35700,Non,2160936,halauxifen-methyl,943831-98-9,Herbicide,Env A,,0.025
2021,35700,Non,2180124,metalaxyl,57837-19-1,Fongicide,Env B,,0.0278
2021,35700,Non,2180124,prothioconazole,178928-70-6,Fongicide,Env A,,0.139
2021,35700,Non,2180380,oxathiapiproline,1003318-67-9,Fongicide,Autre,,0.007
2021,35700,Non,2180581,difenoconazole,119446-68-3,Fongicide,Env A,,0.5
2021,35700,Non,2180703,isofetamide,875915-78-9,Fongicide,Env A,,0.8
2021,35700,Non,2180865,ipconazole,125225-28-7,Fongicide,CMR,Exclusion,0.00904
2021,35700,Non,2190016,pyrimicarbe,23103-98-2,Insecticide,CMR,,4
2021,35700,Non,2190016,tau-fluvalinate,102851-06-9,Insecticide,Env A,,1.44
2021,35700,Non,2190173,metaldehyde,108-62-3,Molluscicide,CMR,,2.34
2021,35700,Non,2190173,phosphate ferrique,10045-86-0,Molluscicide,Autre,,3.7908
2021,35700,Non,2190215,clomazone,81777-89-1,Herbicide,Env A,,1.44
2021,35700,Non,2190591,clomazone,81777-89-1,Herbicide,Env A,,2.4
2021,35700,Non,2190591,dimethenamide-p (dmta-p),163515-14-8,Herbicide,Env A,,12
2021,35700,Non,2190591,metazachlore,67129-08-2,Herbicide,CMR,,12
2021,35700,Non,2190883,prothioconazole,178928-70-6,Fongicide,Env A,,5
2021,35700,Non,2200753,glyphosate,1071-83-6,Herbicide,Env A,,56.7
2021,35700,Non,7700216,soufre pour pulverisation (micronise),7704-34-9,Fongicide,Autre,,2.3925
2021,35700,Non,8400574,propyzamide,23950-58-5,Herbicide,CMR,Substitution,16
2021,35700,Non,8700462,prosulfocarbe,52888-80-9,Herbicide,Env A,,112
2021,35700,Non,8800011,carboxine,5234-68-4,Fongicide,Env A,,0.068
2021,35700,Non,8800011,thirame,137-26-8,Fongicide,Env A,,0.068
2021,35700,Non,9000222,soufre,7704-34-9,Fongicide,Autre,,7
2021,35700,Non,9100296,"2,4-d",94-75-7,Herbicide,Env B,,18
2021,35700,Non,9300309,zetacypermethrine,52315-07-8,Insecticide,Santé A,,0.5
2021,35700,Non,9400008,triticonazole,131983-72-7,Fongicide,Env A,,0.012
2021,35700,Non,9400085,etofenprox,80844-07-1,Insecticide,Santé A,,2.875
2021,35700,Non,9400485,cymoxanil,57966-95-7,Fongicide,CMR,,0.0172
2021,35700,Non,9400485,folpel,133-07-3,Fongicide,CMR,,0.14362
2021,35700,Non,9500040,quizalofop-p-ethyl,100646-51-3,Herbicide,Env A,,0.25
2021,35700,Non,9600093,azoxystrobine,131860-33-8,Fongicide,Santé A,,2.5
2021,35700,Non,9600195,fenoxaprop-p-ethyl,71283-80-2,Herbicide,Env A,,1.035
2021,35700,Non,9600195,mefenpyr-diethyl,135590-91-9,Autre usage – Coformulant / Phytoprotecteur / Synergiste,Autre,,0.28125
2021,35700,Non,9800245,soufre pour pulverisation (micronise),7704-34-9,Fongicide,Autre,,6.152
2021,35700,Non,9800336,lambda-cyhalothrine,91465-08-6,Insecticide,Santé A,Substitution,0.5
2021,35700,Non,9800344,fludioxonil,131341-86-1,Fongicide,Env A,,0.0105
2021,35700,Non,9800344,metalaxyl-m,70630-17-0,Fongicide,Autre,,0.004074
2021,35700,Non,9900115,clethodime,99129-21-2,Herbicide,Env B,,2.04
2021,35700,Non,9900251,dimethenamide-p (dmta-p),163515-14-8,Herbicide,Env A,,7.2
2021,35650,Non,2000202,glyphosate,1071-83-6,Herbicide,Env A,,7.2
2021,35650,Non,2000316,esfenvalerate,66230-04-4,Insecticide,Santé A,Substitution,0.1
2021,35650,Non,2010023,deltamethrine,52918-63-5,Insecticide,Santé A,,0.015
2021,35650,Non,2010513,bacillus thuringiensis ssp kurstaki souche abts-351,68038-71-1,Insecticide,Autre,,
2021,35650,Non,2020099,trifloxystrobine,141517-21-7,Fongicide,Env A,,0.5
2021,35650,Non,2030323,fludioxonil,131341-86-1,Fongicide,Env A,,0.0705
2021,35650,Non,2040146,tefluthrine,79538-32-2,Insecticide,Santé A,,0.688
2021,35650,Non,2060098,spinosad,168316-95-8,Insecticide,Env A,,0.24
2021,35650,Non,2060127,prothioconazole,178928-70-6,Fongicide,Env A,,0.078
2021,35650,Non,2080026,nicosulfuron,111991-09-4,Herbicide,Env A,,0.3
2021,35650,Non,2080112,thirame,137-26-8,Fongicide,Env A,,0.3264
2021,35650,Non,2080117,prosulfuron,94125-34-5,Herbicide,Env A,Substitution,0.2625
2021,35650,Non,2080125,metsulfuron-methyl,74223-64-6,Herbicide,Env A,Substitution,0.22
2021,35650,Non,2080145,diflufenicanil,83164-33-4,Herbicide,Env B,,3
2021,35650,Non,2080145,flufenacet,142459-58-3,Herbicide,Env A,,6
2021,35650,Non,2090037,dicamba,1918-00-9,Herbicide,Env B,,3.0
2021,35650,Non,2090037,prosulfuron,94125-34-5,Herbicide,Env A,Substitution,0.30
2021,35650,Non,2090050,cypermethrine,52315-07-8,Insecticide,Env A,,0.768
2021,35650,Non,2090118,flufenacet,142459-58-3,Herbicide,Env A,,0.6
2021,35650,Non,2090118,pendimethaline,40487-42-1,Herbicide,Env A,Substitution,3
2021,35650,Non,2090153,dicamba,1918-00-9,Herbicide,Env B,,4.8
2021,35650,Non,2090153,tritosulfuron,142469-14-5,Herbicide,Env A,,1.00
2021,35650,Non,2090159,tritosulfuron,142469-14-5,Herbicide,Env A,,0.4998
2021,35650,Non,2100053,fluroxypyr,69377-81-7,Herbicide,Env B,,1
2021,35650,Non,2100111,mesotrione,104206-82-8,Herbicide,Env A,,3.375
2021,35650,Non,2100111,nicosulfuron,111991-09-4,Herbicide,Env A,,1.35
2021,35650,Non,2100140,clodinafop-propargyl,105512-06-9,Herbicide,Env A,,0.625
2021,35650,Non,2100140,cloquintocet-mexyl,99607-70-2,Autre usage – Coformulant / Phytoprotecteur / Synergiste,Autre,,0.15625
2021,35650,Non,2100140,pinoxaden,243973-20-8,Herbicide,CMR,,0.625
2021,35650,Non,2100151,pyraclostrobine,175013-18-0,Fongicide,Santé A,,3
2021,35650,Non,2100175,prothioconazole,178928-70-6,Fongicide,Env A,,0.048
2021,35650,Non,2100234,diflufenicanil,83164-33-4,Herbicide,Env B,,1.2
2021,35650,Non,2100234,iodosulfuron-methyl-sodium,144550-36-7,Herbicide,Env A,,0.075
2021,35650,Non,2100234,mefenpyr-diethyl,135590-91-9,Autre usage – Coformulant / Phytoprotecteur / Synergiste,Autre,,0.27
2021,35650,Non,2100234,mesosulfuron-methyl,208465-21-8,Herbicide,Env A,,0.09
2021,35650,Non,2110012,cyazofamide,120116-88-3,Fongicide,Env A,,0.16
2021,35650,Non,2110018,difenoconazole,119446-68-3,Fongicide,Env A,,0.1045
2021,35650,Non,2110018,fludioxonil,131341-86-1,Fongicide,Env A,,0.1045
2021,35650,Non,2110063,clopyralid,1702-17-6,Herbicide,Autre,,0.216
2021,35650,Non,2110086,spirotetramat,203313-25-1,Insecticide,CMR,,0.1
2021,35650,Non,2110092,thifensulfuron-methyle,79277-27-3,Herbicide,Env A,,0.12
2021,35650,Non,2110092,tribenuron-methyle,101200-48-0,Herbicide,Env A,,0.12
2021,35650,Non,2110102,difenoconazole,119446-68-3,Fongicide,Env A,,0.06625
2021,35650,Non,2110102,fludioxonil,131341-86-1,Fongicide,Env A,,0.06625
2021,35650,Non,2110102,sedaxane,874967-67-6,Fongicide,Env A,,0.1325
2021,35650,Non,2110103,tribenuron-methyle,101200-48-0,Herbicide,Env A,,0.15
2021,35650,Non,2110140,diflufenicanil,83164-33-4,Herbicide,Env B,,1.2
2021,35650,Non,2110140,flufenacet,142459-58-3,Herbicide,Env A,,2.4
2021,35650,Non,2110162,azoxystrobine,131860-33-8,Fongicide,Santé A,,2.5
2021,35650,Non,2120048,aminopyralid,150114-71-9,Herbicide,Env A,,0.15
2021,35650,Non,2120048,triclopyr,55335-06-3,Herbicide,Env B,,1.20
2021,35650,Non,2120160,bentazone,25057-89-0,Herbicide,Env B,,4.8
2021,35650,Non,2120219,tebuconazole,107534-96-3,Fongicide,CMR,,0.2
2021,35650,Non,2120219,trifloxystrobine,141517-21-7,Fongicide,Env A,,0.1
2021,35650,Non,2130063,nicosulfuron,111991-09-4,Herbicide,Env A,,1.8
2021,35650,Non,2130068,diflufenicanil,83164-33-4,Herbicide,Env B,,2.5
2021,35650,Non,2130075,metaldehyde,108-62-3,Molluscicide,CMR,,1.6
2021,35650,Non,2130164,cyprosulfamide,221667-31-8,Autre usage – Coformulant / Phytoprotecteur / Synergiste,Autre,,0.075
2021,35650,Non,2130164,foramsulfuron,173159-57-4,Herbicide,Env A,,0.15
2021,35650,Non,2130164,thiencarbazone-methyl,317815-83-1,Herbicide,CMR,,0.05
2021,35650,Non,2130244,difenoconazole,119446-68-3,Fongicide,Env A,,1.25
2021,35650,Non,2130244,mandipropamide,374726-62-2,Fongicide,Env A,,1.25
2021,35650,Non,2140258,iodosulfuron-methyl-sodium,144550-36-7,Herbicide,Env A,,0.075
2021,35650,Non,2140258,mesosulfuron-methyl,208465-21-8,Herbicide,Env A,,0.075
2021,35650,Non,2150140,glyphosate,1071-83-6,Herbicide,Env A,,21.6
2021,35650,Non,2150757,diflufenicanil,83164-33-4,Herbicide,Env B,,0.8
2021,35650,Non,2150757,glyphosate,1071-83-6,Herbicide,Env A,,5.00
2021,35650,Non,2150785,mesotrione,104206-82-8,Herbicide,Env A,,2
2021,35650,Non,2150964,lambda-cyhalothrine,91465-08-6,Insecticide,Santé A,Substitution,1.32
2021,35650,Non,2160248,dicamba,1918-00-9,Herbicide,Env B,,1.8
2021,35650,Non,2160248,mesotrione,104206-82-8,Herbicide,Env A,,0.75
2021,35650,Non,2160527,sels de potassium d'acides gras,10124-65-9,Insecticide,Autre,,0.9596
2021,35650,Non,2160693,cyprosulfamide,221667-31-8,Autre usage – Coformulant / Phytoprotecteur / Synergiste,Autre,,0.9
2021,35650,Non,2160693,isoxaflutole,141112-29-0,Herbicide,CMR,,1.35
2021,35650,Non,2160693,thiencarbazone-methyl,317815-83-1,Herbicide,CMR,,0.54
2021,35650,Non,2160931,bixafen,581809-46-3,Fongicide,Env A,,0.325
2021,35650,Non,2160931,fluopyram,658066-35-4,Fongicide,Env A,,0.325
2021,35650,Non,2160931,prothioconazole,178928-70-6,Fongicide,Env A,,0.65
2021,35650,Non,2160936,cloquintocet-mexyl,99607-70-2,Autre usage – Coformulant / Phytoprotecteur / Synergiste,Autre,,0.072
2021,35650,Non,2160936,fluroxypyr-meptyl,81406-37-3,Herbicide,Autre,,2.418
2021,35650,Non,2160936,halauxifen-methyl,943831-98-9,Herbicide,Env A,,0.075
2021,35650,Non,2170381,mesotrione,104206-82-8,Herbicide,Env A,,1.4
2021,35650,Non,2170381,terbuthylazine,5915-41-3,Herbicide,Env A,,6.6
2021,35650,Non,2170421,mesotrione,104206-82-8,Herbicide,Env A,,1.5
2021,35650,Non,2180123,benzovindiflupyr,1072957-71-1,Fongicide,Santé A,Substitution,0.2124
2021,35650,Non,2180123,difenoconazole,119446-68-3,Fongicide,Env A,,0.7092
2021,35650,Non,2180124,metalaxyl,57837-19-1,Fongicide,Env B,,0.0756
2021,35650,Non,2180124,prothioconazole,178928-70-6,Fongicide,Env A,,0.378
2021,35650,Non,2180309,clomazone,81777-89-1,Herbicide,Env A,,0.36
2021,35650,Non,2180334,difenoconazole,119446-68-3,Fongicide,Env A,,0.7227
2021,35650,Non,2180334,fludioxonil,131341-86-1,Fongicide,Env A,,0.7227
2021,35650,Non,2180865,ipconazole,125225-28-7,Fongicide,CMR,Exclusion,0.06328
2021,35650,Non,2190468,dicamba,1918-00-9,Herbicide,Env B,,3
2021,35650,Non,2190468,prosulfuron,94125-34-5,Herbicide,Env A,Substitution,0.3
2021,35650,Non,2190594,"(e,z)-3,8-tetradecadien-1-yl acetate",163041-87-0,Insecticide - Médiateur chimique,Autre,,
2021,35650,Non,2190594,"(e,z,z)-3,8,11-tetradecatrien-1-yl acetate",163041-94-9,Insecticide - Médiateur chimique,Autre,,
2021,35650,Non,2190686,fluxapyroxad,907204-31-3,Fongicide,CMR,,1.5
2021,35650,Non,2190686,mefentrifluconazole,1417782-03-6,Fongicide,Autre,,3
2021,35650,Non,8400096,dicamba,1918-00-9,Herbicide,Env B,,2.4
2021,35650,Non,8400528,isoxaben,82558-50-7,Herbicide,Env B,,0.125
2021,35650,Non,8400574,propyzamide,23950-58-5,Herbicide,CMR,Substitution,2
2021,35650,Non,8700525,mancozebe,8018-01-7,Fongicide,CMR,Exclusion,75
2021,35650,Non,8800199,propaquizafop,111479-05-1,Herbicide,Env A,,0.5
2021,35650,Non,8900681,pendimethaline,40487-42-1,Herbicide,Env A,Substitution,2
2021,35650,Non,9000833,metazachlore,67129-08-2,Herbicide,CMR,,4
2021,35650,Non,9000833,quinmerac,90717-03-6,Herbicide,Env B,,1
2021,35650,Non,9100296,"2,4-d",94-75-7,Herbicide,Env B,,9
2021,35650,Non,9100418,nicosulfuron,111991-09-4,Herbicide,Env A,,1.6
2021,35650,Non,9300189,fluroxypyr,69377-81-7,Herbicide,Env B,,0.1
2021,35650,Non,9300189,triclopyr,55335-06-3,Herbicide,Env B,,0.3
2021,35650,Non,9400008,triticonazole,131983-72-7,Fongicide,Env A,,0.24
2021,35650,Non,9400083,"2,4-mcpa",94-74-6,Herbicide,Env A,,4
2021,35650,Non,9400083,dichlorprop-p,15165-67-0,Herbicide,Autre,,2
2021,35650,Non,9400083,mecoprop-p (mcpp-p),16484-77-8,Herbicide,Env A,,2
2021,35650,Non,9500485,"2,4-mcpa",94-74-6,Herbicide,Env A,,1.8
2021,35650,Non,9500485,dicamba,1918-00-9,Herbicide,Env B,,0.15
2021,35650,Non,9500595,"2,4-d",94-75-7,Herbicide,Env B,,3.75
2021,35650,Non,9500595,"2,4-mcpa",94-74-6,Herbicide,Env A,,4.375
2021,35650,Non,9500595,clopyralid,1702-17-6,Herbicide,Autre,,0.875
2021,35650,Non,9700332,azoxystrobine,131860-33-8,Fongicide,Santé A,,0.25
2021,35650,Non,9800262,flazasulfuron,104040-78-0,Herbicide,Env A,,0.05
2021,35650,Non,9800344,fludioxonil,131341-86-1,Fongicide,Env A,,0.005
2021,35650,Non,9800344,metalaxyl-m,70630-17-0,Fongicide,Autre,,0.00194
2021,35650,Non,9900251,dimethenamide-p (dmta-p),163515-14-8,Herbicide,Env A,,14.4
2021,35830,Non,2000003,metazachlore,67129-08-2,Herbicide,CMR,,12.5
2021,35830,Non,2000201,silthiofam,175217-20-6,Fongicide,Env A,,0.140
2021,35830,Non,2000202,glyphosate,1071-83-6,Herbicide,Env A,,21.6
2021,35830,Non,2000301,foramsulfuron,173159-57-4,Herbicide,Env A,,0.9
2021,35830,Non,2000301,isoxadifen-ethyl,163520-33-0,Autre usage – Coformulant / Phytoprotecteur / Synergiste,Env A,,0.9
2021,35830,Non,2000316,esfenvalerate,66230-04-4,Insecticide,Santé A,Substitution,0.05
2021,35830,Non,2000369,metsulfuron-methyl,74223-64-6,Herbicide,Env A,Substitution,0.16
2021,35830,Non,2000380,clethodime,99129-21-2,Herbicide,Env B,,1.2
2021,35830,Non,2010280,metconazole,125116-23-6,Fongicide,CMR,,2.7
2021,35830,Non,2020226,clethodime,99129-21-2,Herbicide,Env B,,0.6
2021,35830,Non,2020474,metazachlore,67129-08-2,Herbicide,CMR,,7.5
2021,35830,Non,2030323,fludioxonil,131341-86-1,Fongicide,Env A,,0.00825
2021,35830,Non,2040146,tefluthrine,79538-32-2,Insecticide,Santé A,,0.27
2021,35830,Non,2060088,benoxacor,98730-04-2,Autre usage – Coformulant / Phytoprotecteur / Synergiste,Autre,,1.1
2021,35830,Non,2060088,mesotrione,104206-82-8,Herbicide,Env A,,2.2
2021,35830,Non,2060088,s-metolachlore,87392-12-9,Herbicide,Env A,,22
2021,35830,Non,2060127,prothioconazole,178928-70-6,Fongicide,Env A,,0.11
2021,35830,Non,2060131,"2,4-d",94-75-7,Herbicide,Env B,,0.465
2021,35830,Non,2060131,triclopyr,55335-06-3,Herbicide,Env B,,0.518
2021,35830,Non,2080026,nicosulfuron,111991-09-4,Herbicide,Env A,,1.2
2021,35830,Non,2080125,metsulfuron-methyl,74223-64-6,Herbicide,Env A,Substitution,0.86
2021,35830,Non,2080145,diflufenicanil,83164-33-4,Herbicide,Env B,,3
2021,35830,Non,2080145,flufenacet,142459-58-3,Herbicide,Env A,,6
2021,35830,Non,2090011,pendimethaline,40487-42-1,Herbicide,Env A,Substitution,4.55
2021,35830,Non,2090037,dicamba,1918-00-9,Herbicide,Env B,,1
2021,35830,Non,2090037,prosulfuron,94125-34-5,Herbicide,Env A,Substitution,0.1
2021,35830,Non,2090093,glyphosate,1071-83-6,Herbicide,Env A,,27
2021,35830,Non,2090101,nicosulfuron,111991-09-4,Herbicide,Env A,,0.6
2021,35830,Non,2090111,cypermethrine,52315-07-8,Insecticide,Env A,,2.397
2021,35830,Non,2090118,flufenacet,142459-58-3,Herbicide,Env A,,0.6
2021,35830,Non,2090118,pendimethaline,40487-42-1,Herbicide,Env A,Substitution,3
2021,35830,Non,2090153,dicamba,1918-00-9,Herbicide,Env B,,3.6
2021,35830,Non,2090153,tritosulfuron,142469-14-5,Herbicide,Env A,,0.75
2021,35830,Non,2090159,tritosulfuron,142469-14-5,Herbicide,Env A,,1.4994
2021,35830,Non,2100018,tebuconazole,107534-96-3,Fongicide,CMR,,5
2021,35830,Non,2100028,fluroxypyr,69377-81-7,Herbicide,Env B,,1
2021,35830,Non,2100030,phosphate ferrique,10045-86-0,Molluscicide,Autre,,1.782
2021,35830,Non,2100037,boscalid,188425-85-6,Fongicide,Env A,,3
2021,35830,Non,2100037,dimoxystrobine,149961-52-4,Fongicide,CMR,,3
2021,35830,Non,2100052,cyprodinil,121552-61-2,Fongicide,Env A,,6
2021,35830,Non,2100108,prothioconazole,178928-70-6,Fongicide,Env A,,0.625
2021,35830,Non,2100108,tebuconazole,107534-96-3,Fongicide,CMR,,0.625
2021,35830,Non,2100111,mesotrione,104206-82-8,Herbicide,Env A,,1.125
2021,35830,Non,2100111,nicosulfuron,111991-09-4,Herbicide,Env A,,0.45
2021,35830,Non,2100112,ethephon,16672-87-0,Régulateur de croissance,Santé A,,16.8
2021,35830,Non,2100121,chlorantraniliprole,500008-45-7,Insecticide,Env A,,0.4
2021,35830,Non,2100138,cloquintocet-mexyl,99607-70-2,Autre usage – Coformulant / Phytoprotecteur / Synergiste,Autre,,0.5625
2021,35830,Non,2100138,pinoxaden,243973-20-8,Herbicide,CMR,,2.25
2021,35760,Non,2000003,metazachlore,67129-08-2,Herbicide,CMR,,10
2021,35760,Non,2000044,fluazifop-p-butyl,79241-46-6,Herbicide,CMR,,0.625
2021,35760,Non,2000202,glyphosate,1071-83-6,Herbicide,Env A,,18.0
2021,35760,Non,2000299,clomazone,81777-89-1,Herbicide,Env A,,0.72
2021,35760,Non,2000327,carfentrazone ethyl,128639-02-1,Herbicide,Env A,,0.6
2021,35760,Non,2000380,clethodime,99129-21-2,Herbicide,Env B,,1.8
2021,35760,Non,2010023,deltamethrine,52918-63-5,Insecticide,Santé A,,0.075
2021,35760,Non,2010280,metconazole,125116-23-6,Fongicide,CMR,,7.65
2021,35760,Non,2030323,fludioxonil,131341-86-1,Fongicide,Env A,,0.0090
2021,35760,Non,2030342,chlormequat chlorure,999-81-5,Régulateur de croissance,Autre,,27.6
2021,35760,Non,2040146,tefluthrine,79538-32-2,Insecticide,Santé A,,1.940
2021,35760,Non,2060051,metrafenone,220899-03-6,Fongicide,Env A,,0.006
2021,35760,Non,2060088,benoxacor,98730-04-2,Autre usage – Coformulant / Phytoprotecteur / Synergiste,Autre,,1.6
2021,35760,Non,2060088,mesotrione,104206-82-8,Herbicide,Env A,,3.2
2021,35760,Non,2060088,s-metolachlore,87392-12-9,Herbicide,Env A,,32
2021,35760,Non,2060098,spinosad,168316-95-8,Insecticide,Env A,,0.24
2021,35760,Non,2070107,fosetyl,15845-66-6,Fongicide,Autre,,1.55
2021,35760,Non,2070107,propamocarbe,24579-73-5,Fongicide,Autre,,2.65
2021,35760,Non,2070185,fluazinam,79622-59-6,Fongicide,CMR,,2.5
2021,35760,Non,2070221,metazachlore,67129-08-2,Herbicide,CMR,,12
2021,35760,Non,2070221,quinmerac,90717-03-6,Herbicide,Env B,,3
2021,35760,Non,2080026,nicosulfuron,111991-09-4,Herbicide,Env A,,0.12
2021,35760,Non,2080117,prosulfuron,94125-34-5,Herbicide,Env A,Substitution,0.075
2021,35760,Non,2080123,metsulfuron-methyl,74223-64-6,Herbicide,Env A,Substitution,0.04
2021,35760,Non,2080125,metsulfuron-methyl,74223-64-6,Herbicide,Env A,Substitution,0.36
2021,35760,Non,2080136,pyridate,55512-33-9,Herbicide,Env A,,0.45
2021,35760,Non,2080145,diflufenicanil,83164-33-4,Herbicide,Env B,,3
2021,35760,Non,2080145,flufenacet,142459-58-3,Herbicide,Env A,,6
2021,35760,Non,2090016,imazamox,114311-32-9,Herbicide,Env A,Substitution,0.334
2021,35760,Non,2090016,pendimethaline,40487-42-1,Herbicide,Env A,Substitution,5
2021,35760,Non,2090037,dicamba,1918-00-9,Herbicide,Env B,,1
2021,35760,Non,2090037,prosulfuron,94125-34-5,Herbicide,Env A,Substitution,0.1
2021,35760,Non,2090057,metsulfuron-methyl,74223-64-6,Herbicide,Env A,Substitution,0.04995
2021,35760,Non,2090057,tribenuron-methyle,101200-48-0,Herbicide,Env A,,0.0999
2021,35760,Non,2090111,cypermethrine,52315-07-8,Insecticide,Env A,,6.486
2021,35760,Non,2090118,flufenacet,142459-58-3,Herbicide,Env A,,5.4
2021,35760,Non,2090118,pendimethaline,40487-42-1,Herbicide,Env A,Substitution,27
2021,35760,Non,2090149,ethephon,16672-87-0,Régulateur de croissance,Santé A,,4.8
2021,35760,Non,2090153,dicamba,1918-00-9,Herbicide,Env B,,8.4
2021,35760,Non,2090153,tritosulfuron,142469-14-5,Herbicide,Env A,,1.75
2021,35760,Non,2090159,tritosulfuron,142469-14-5,Herbicide,Env A,,0.7497
2021,35760,Non,2100009,thifensulfuron-methyle,79277-27-3,Herbicide,Env A,,0.7326
2021,35760,Non,2100009,tribenuron-methyle,101200-48-0,Herbicide,Env A,,0.3674
2021,35760,Non,2100015,thifensulfuron-methyle,79277-27-3,Herbicide,Env A,,0.045
2021,35760,Non,2100018,tebuconazole,107534-96-3,Fongicide,CMR,,1.25
2021,35760,Non,2100030,phosphate ferrique,10045-86-0,Molluscicide,Autre,,2.970
2021,35760,Non,2100037,boscalid,188425-85-6,Fongicide,Env A,,1
2021,35760,Non,2100037,dimoxystrobine,149961-52-4,Fongicide,CMR,,1
2021,35760,Non,2100052,cyprodinil,121552-61-2,Fongicide,Env A,,3
2021,35760,Non,2100108,prothioconazole,178928-70-6,Fongicide,Env A,,1.25
2021,35760,Non,2100108,tebuconazole,107534-96-3,Fongicide,CMR,,1.25
2021,35760,Non,2100111,mesotrione,104206-82-8,Herbicide,Env A,,3.375
2021,35760,Non,2100111,nicosulfuron,111991-09-4,Herbicide,Env A,,1.35
2021,35760,Non,2100121,chlorantraniliprole,500008-45-7,Insecticide,Env A,,0.2
2021,35760,Non,2100138,cloquintocet-mexyl,99607-70-2,Autre usage – Coformulant / Phytoprotecteur / Synergiste,Autre,,0.4375
2021,35760,Non,2100138,pinoxaden,243973-20-8,Herbicide,CMR,,1.75
2021,35760,Non,2100140,clodinafop-propargyl,105512-06-9,Herbicide,Env A,,1.625
2021,35760,Non,2100140,cloquintocet-mexyl,99607-70-2,Autre usage – Coformulant / Phytoprotecteur / Synergiste,Autre,,0.40625
2021,35760,Non,2100140,pinoxaden,243973-20-8,Herbicide,CMR,,1.625
2021,35760,Non,2100151,pyraclostrobine,175013-18-0,Fongicide,Santé A,,6
2021,35760,Non,2100175,prothioconazole,178928-70-6,Fongicide,Env A,,0.048
2021,35760,Non,2100215,pendimethaline,40487-42-1,Herbicide,Env A,Substitution,8
2021,35760,Non,2110012,cyazofamide,120116-88-3,Fongicide,Env A,,0.32
2021,35760,Non,2110090,azoxystrobine,131860-33-8,Fongicide,Santé A,,1.25
2021,35760,Non,2110095,cloquintocet-mexyl,99607-70-2,Autre usage – Coformulant / Phytoprotecteur / Synergiste,Autre,,0.1125
2021,35760,Non,2110095,florasulame,145701-23-1,Herbicide,Env A,,0.05
2021,35760,Non,2110095,pinoxaden,243973-20-8,Herbicide,CMR,,0.45
2021,35760,Non,2110102,difenoconazole,119446-68-3,Fongicide,Env A,,0.69250
2021,35760,Non,2110102,fludioxonil,131341-86-1,Fongicide,Env A,,0.69250
2021,35760,Non,2110102,sedaxane,874967-67-6,Fongicide,Env A,,1.3850
2021,35760,Non,2110103,tribenuron-methyle,101200-48-0,Herbicide,Env A,,0.6
2021,35760,Non,2110140,diflufenicanil,83164-33-4,Herbicide,Env B,,2.4
2021,35760,Non,2110140,flufenacet,142459-58-3,Herbicide,Env A,,4.8
2021,35760,Non,2110143,metribuzine,21087-64-9,Herbicide,Env A,,0.6
2021,35760,Non,2110148,bixafen,581809-46-3,Fongicide,Env A,,0.625
2021,35760,Non,2110152,cypermethrine,52315-07-8,Insecticide,Env A,,0.24
2021,35760,Non,2110162,azoxystrobine,131860-33-8,Fongicide,Santé A,,8.75
2021,35760,Non,2110167,tebuconazole,107534-96-3,Fongicide,CMR,,17.63
2021,35760,Non,2120041,zirame,137-30-4,Fongicide,Santé A,,2.4276
2021,35760,Non,2120048,aminopyralid,150114-71-9,Herbicide,Env A,,0.09
2021,35760,Non,2120048,triclopyr,55335-06-3,Herbicide,Env B,,0.72
2021,35760,Non,2120081,"cydia pomonella granulovirus, isolat r5 (cpgv-r5)",,Insecticide,Autre,,
2021,35760,Non,2120089,"2,4-mcpa",94-74-6,Herbicide,Env A,,0.72
2021,35760,Non,2120089,diflufenicanil,83164-33-4,Herbicide,Env B,,0.18
2021,35760,Non,2120089,glyphosate,1071-83-6,Herbicide,Env A,,1.44
2021,35760,Non,2120153,propyzamide,23950-58-5,Herbicide,CMR,Substitution,4
2021,35760,Non,2120199,hydrazide maleique,123-33-1,Régulateur de croissance,Autre,,4.05
2021,35760,Non,2120210,dicamba,1918-00-9,Herbicide,Env B,,2.4
2021,35760,Non,2130059,lambda-cyhalothrine,91465-08-6,Insecticide,Santé A,Substitution,0.25
2021,35760,Non,2130063,nicosulfuron,111991-09-4,Herbicide,Env A,,0.4
2021,35760,Non,2130068,diflufenicanil,83164-33-4,Herbicide,Env B,,13.0
2021,35760,Non,2130069,diflufenicanil,83164-33-4,Herbicide,Env B,,4.5
2021,35760,Non,2130083,lambda-cyhalothrine,91465-08-6,Insecticide,Santé A,Substitution,0.2
2021,35760,Non,2130091,diflufenicanil,83164-33-4,Herbicide,Env B,,2.5
2021,35760,Non,2130164,cyprosulfamide,221667-31-8,Autre usage – Coformulant / Phytoprotecteur / Synergiste,Autre,,0.975
2021,35760,Non,2130164,foramsulfuron,173159-57-4,Herbicide,Env A,,1.95
2021,35760,Non,2130164,thiencarbazone-methyl,317815-83-1,Herbicide,CMR,,0.65
2021,35760,Non,2130175,cydia pomonella granulovirus,,Insecticide,Autre,,
2021,35760,Non,2130194,clomazone,81777-89-1,Herbicide,Env A,,0.36
2021,35760,Non,2130215,pendimethaline,40487-42-1,Herbicide,Env A,Substitution,13.65
2021,35760,Non,2130251,lambda-cyhalothrine,91465-08-6,Insecticide,Santé A,Substitution,0.5
2021,35760,Non,2140040,phosmet,732-11-6,Insecticide,CMR,,12.5
2021,35760,Non,2140084,polysulfure de calcium,1344-81-6,Fongicide,Env A,,152
2021,35760,Non,2140090,azadirachtine,11141-17-6,Insecticide,CMR,,0.098
2021,35760,Non,2140156,"2,4-mcpa",94-74-6,Herbicide,Env A,,1.3335
2021,35760,Non,2140156,clopyralid,1702-17-6,Herbicide,Autre,,0.1165
2021,35760,Non,2140156,fluroxypyr,69377-81-7,Herbicide,Env B,,0.3
2021,35760,Non,2140175,metconazole,125116-23-6,Fongicide,CMR,,1.8
2021,35760,Non,2150078,clomazone,81777-89-1,Herbicide,Env A,,0.48
2021,35760,Non,2150078,pethoxamide,106700-29-2,Herbicide,Env A,,8
2021,35760,Non,2150104,huile minerale paraffinique,8042-47-5,Insecticide - Acaricide,Autre,,58.824
2021,35760,Non,2150140,glyphosate,1071-83-6,Herbicide,Env A,,79.2
2021,35760,Non,2150483,lambda-cyhalothrine,91465-08-6,Insecticide,Santé A,Substitution,0.28
2021,35760,Non,2150785,mesotrione,104206-82-8,Herbicide,Env A,,2.5
2021,35760,Non,2150790,phosphate ferrique,10045-86-0,Molluscicide,Autre,,0.012
2021,35760,Non,2150964,lambda-cyhalothrine,91465-08-6,Insecticide,Santé A,Substitution,3.52
2021,35760,Non,2160064,fludioxonil,131341-86-1,Fongicide,Env A,,0.1945
2021,35760,Non,2160064,tebuconazole,107534-96-3,Fongicide,CMR,,0.0389
2021,35760,Non,2160226,phosphate ferrique,10045-86-0,Molluscicide,Autre,,1.3552
2021,35760,Non,2160260,metconazole,125116-23-6,Fongicide,CMR,,2.7
2021,35760,Non,2160920,fluroxypyr-meptyl,81406-37-3,Herbicide,Autre,,1.945
2021,35760,Non,2160920,metsulfuron-methyl,74223-64-6,Herbicide,Env A,Substitution,0.05
2021,35760,Non,2160920,thifensulfuron-methyle,79277-27-3,Herbicide,Env A,,0.3
2021,35760,Non,2160931,bixafen,581809-46-3,Fongicide,Env A,,1.38125
2021,35760,Non,2160931,fluopyram,658066-35-4,Fongicide,Env A,,1.38125
2021,35760,Non,2160931,prothioconazole,178928-70-6,Fongicide,Env A,,2.7625
2021,35760,Non,2160936,cloquintocet-mexyl,99607-70-2,Autre usage – Coformulant / Phytoprotecteur / Synergiste,Autre,,0.12
2021,35760,Non,2160936,fluroxypyr-meptyl,81406-37-3,Herbicide,Autre,,4.03
2021,35760,Non,2160936,halauxifen-methyl,943831-98-9,Herbicide,Env A,,0.125
2021,35760,Non,2160937,cloquintocet-mexyl,99607-70-2,Autre usage – Coformulant / Phytoprotecteur / Synergiste,Autre,,0.018
2021,35760,Non,2160937,florasulame,145701-23-1,Herbicide,Env A,,0.015
2021,35760,Non,2160937,halauxifen-methyl,943831-98-9,Herbicide,Env A,,0.01875
2021,35760,Non,2160958,cypermethrine,52315-07-8,Insecticide,Env A,,0.096
2021,35760,Non,2160959,benzovindiflupyr,1072957-71-1,Fongicide,Santé A,Substitution,1.125
2021,35760,Non,2160959,prothioconazole,178928-70-6,Fongicide,Env A,,2.25
2021,35760,Non,2161101,fluxapyroxad,907204-31-3,Fongicide,CMR,,1.125
2021,35760,Non,2161101,pyraclostrobine,175013-18-0,Fongicide,Santé A,,2.25
2021,35760,Non,2170149,cypermethrine,52315-07-8,Insecticide,Env A,,3.5
2021,35760,Non,2170381,mesotrione,104206-82-8,Herbicide,Env A,,1.05
2021,35760,Non,2170381,terbuthylazine,5915-41-3,Herbicide,Env A,,4.95
2021,35760,Non,2170429,fenpropidine,67306-00-7,Fongicide,Env A,,2.25
2021,35760,Non,2170429,prochloraze,67747-09-5,Fongicide,Env A,,3
2021,35760,Non,2170429,tebuconazole,107534-96-3,Fongicide,CMR,,1.5
2021,35760,Non,2170459,fludioxonil,131341-86-1,Fongicide,Env A,,0.5815
2021,35760,Non,2170459,sedaxane,874967-67-6,Fongicide,Env A,,0.5815
2021,35760,Non,2170807,benzovindiflupyr,1072957-71-1,Fongicide,Santé A,Substitution,1.875
2021,35760,Non,2170807,prothioconazole,178928-70-6,Fongicide,Env A,,3.75
2021,35760,Non,2171111,metamitrone,41394-05-2,Herbicide,Env A,,3.5
2021,35760,Non,2171193,mesotrione,104206-82-8,Herbicide,Env A,,1.4
2021,35760,Non,2171193,terbuthylazine,5915-41-3,Herbicide,Env A,,6.6
2021,35760,Non,2171195,lambda-cyhalothrine,91465-08-6,Insecticide,Santé A,Substitution,1
2021,35760,Non,2171317,"2,4-d",94-75-7,Herbicide,Env B,,3
2021,35760,Non,2180124,metalaxyl,57837-19-1,Fongicide,Env B,,0.0568
2021,35760,Non,2180124,prothioconazole,178928-70-6,Fongicide,Env A,,0.284
2021,35760,Non,2180369,acide octanoique,124-07-2,Herbicide - Antimousse,Env B,,5.64
2021,35760,Non,2180619,aclonifen,74070-46-5,Herbicide,CMR,,30
2021,35760,Non,2190328,propaquizafop,111479-05-1,Herbicide,Env A,,0.5
2021,35760,Non,2190468,dicamba,1918-00-9,Herbicide,Env B,,5.5
2021,35760,Non,2190468,prosulfuron,94125-34-5,Herbicide,Env A,Substitution,0.55
2021,35760,Non,2190594,"(e,z)-3,8-tetradecadien-1-yl acetate",163041-87-0,Insecticide - Médiateur chimique,Autre,,
2021,35760,Non,2190594,"(e,z,z)-3,8,11-tetradecatrien-1-yl acetate",163041-94-9,Insecticide - Médiateur chimique,Autre,,
2021,35760,Non,2190634,azoxystrobine,131860-33-8,Fongicide,Santé A,,5
2021,35760,Non,2190686,fluxapyroxad,907204-31-3,Fongicide,CMR,,4.515
2021,35760,Non,2190686,mefentrifluconazole,1417782-03-6,Fongicide,Autre,,9.03
2021,35760,Non,2190964,phosmet,732-11-6,Insecticide,CMR,,2.5
2021,35760,Non,2210192,prosulfocarbe,52888-80-9,Herbicide,Env A,,48
2021,35760,Non,7200313,alcools terpeniques,98-55-5,Autre usage – Adjuvant,Autre,,9.975
2021,35760,Non,7500716,cuivre du sulfate de cuivre,8011-63-0,Fongicide,Env A,Substitution,4
2021,35760,Non,8300063,soufre pour pulverisation (micronise),7704-34-9,Fongicide,Autre,,88
2021,35760,Non,8400096,dicamba,1918-00-9,Herbicide,Env B,,1.44
2021,35760,Non,8400255,metsulfuron-methyl,74223-64-6,Herbicide,Env A,Substitution,0.14
2021,35760,Non,8400574,propyzamide,23950-58-5,Herbicide,CMR,Substitution,6
2021,35760,Non,8500174,abamectine,71751-41-2,Insecticide,CMR,,0.018
2021,35760,Non,8700462,prosulfocarbe,52888-80-9,Herbicide,Env A,,120
2021,35760,Non,8800395,lambda-cyhalothrine,91465-08-6,Insecticide,Santé A,Substitution,0.050
2021,35760,Non,8800395,pyrimicarbe,23103-98-2,Insecticide,CMR,,1.0
2021,35760,Non,8900681,pendimethaline,40487-42-1,Herbicide,Env A,Substitution,2
2021,35760,Non,9100034,chlormequat chlorure,999-81-5,Régulateur de croissance,Autre,,13.8
2021,35760,Non,9100418,nicosulfuron,111991-09-4,Herbicide,Env A,,2.4
2021,35760,Non,9200159,pyrimethanil,53112-28-0,Fongicide,Env A,,2
2021,35760,Non,9200482,bacillus thuringiensis ssp kurstaki souche sa-11,68038-71-1,Insecticide,Autre,,2.55
2021,35760,Non,9200548,thirame,137-26-8,Fongicide,Env A,,0.072
2021,35760,Non,9500568,cyprodinil,121552-61-2,Fongicide,Env A,,0.375
2021,35760,Non,9500568,fludioxonil,131341-86-1,Fongicide,Env A,,0.25
2021,35760,Non,9500595,"2,4-d",94-75-7,Herbicide,Env B,,0.15
2021,35760,Non,9500595,"2,4-mcpa",94-74-6,Herbicide,Env A,,0.175
2021,35760,Non,9500595,clopyralid,1702-17-6,Herbicide,Autre,,0.035
2021,35760,Non,9600199,fosthiazate,98886-44-3,Nématicide,Santé A,,4
2021,35760,Non,9600370,"2,4-mcpa",94-74-6,Herbicide,Env A,,1.75
2021,35760,Non,9600370,clopyralid (sous forme de sel de monoethanolamine),57754-85-5,Herbicide,Autre,,0.175
2021,35760,Non,9800219,ethephon,16672-87-0,Régulateur de croissance,Santé A,,1.2
2021,35760,Non,9800336,lambda-cyhalothrine,91465-08-6,Insecticide,Santé A,Substitution,0.25
2021,35760,Non,9800344,fludioxonil,131341-86-1,Fongicide,Env A,,0.0115
2021,35760,Non,9800344,metalaxyl-m,70630-17-0,Fongicide,Autre,,0.004462
2021,35760,Non,9800474,cuivre du sulfate de cuivre,8011-63-0,Fongicide,Env A,Substitution,6
2021,35760,Non,9900047,mesotrione,104206-82-8,Herbicide,Env A,,0.5
2021,35760,Non,9900115,clethodime,99129-21-2,Herbicide,Env B,,1.2
2021,35760,Non,9900189,coniothyrium minitans souche con/m/91-08,,Fongicide,Autre,,
2021,35760,Non,9900251,dimethenamide-p (dmta-p),163515-14-8,Herbicide,Env A,,93.6
2021,35760,Non,9900340,pendimethaline,40487-42-1,Herbicide,Env A,Substitution,9.6
2021,35760,Non,9900340,picolinafen,137641-05-5,Herbicide,Env A,,0.48
2021,35760,Non,9900446,cymoxanil,57966-95-7,Fongicide,CMR,,0.165
2021,35760,Non,9900446,fludioxonil,131341-86-1,Fongicide,Env A,,0.0825
2021,35760,Non,9900446,metalaxyl-m,70630-17-0,Fongicide,Autre,,0.27984
2021,35770,Non,2000003,metazachlore,67129-08-2,Herbicide,CMR,,17.5
2021,35770,Non,2000046,ethofumesate,26225-79-6,Herbicide,Env A,,1.5
2021,35770,Non,2000046,metamitrone,41394-05-2,Herbicide,Env A,,3.5
2021,35770,Non,2000202,glyphosate,1071-83-6,Herbicide,Env A,,10.8
2021,35770,Non,2000301,foramsulfuron,173159-57-4,Herbicide,Env A,,6.525
2021,35770,Non,2000301,isoxadifen-ethyl,163520-33-0,Autre usage – Coformulant / Phytoprotecteur / Synergiste,Env A,,6.525
2021,35770,Non,2000380,clethodime,99129-21-2,Herbicide,Env B,,2.76
2021,35770,Non,2010030,mepiquat-chlorure,24307-26-4,Régulateur de croissance,Env B,,6
2021,35770,Non,2010030,prohexadione-calcium,127277-53-6,Régulateur de croissance,Env B,,1
2021,35770,Non,2020099,trifloxystrobine,141517-21-7,Fongicide,Env A,,2
2021,35770,Non,2030071,metaldehyde,108-62-3,Molluscicide,CMR,,21.75
2021,35770,Non,2030323,fludioxonil,131341-86-1,Fongicide,Env A,,0.48125
2021,35770,Non,2030332,"2,4-d",94-75-7,Herbicide,Env B,,16.8
2021,35770,Non,2030332,dichlorprop-p,15165-67-0,Herbicide,Autre,,8.4
2021,35770,Non,2030342,chlormequat chlorure,999-81-5,Régulateur de croissance,Autre,,41.4
2021,35770,Non,2040146,tefluthrine,79538-32-2,Insecticide,Santé A,,0.08
2021,35770,Non,2050075,boscalid,188425-85-6,Fongicide,Env A,,1.25
2021,35770,Non,2060084,boscalid,188425-85-6,Fongicide,Env A,,1.335
2021,35770,Non,2060084,pyraclostrobine,175013-18-0,Fongicide,Santé A,,0.335
2021,35770,Non,2060116,prothioconazole,178928-70-6,Fongicide,Env A,,48.75
2021,35770,Non,2060127,prothioconazole,178928-70-6,Fongicide,Env A,,0.238
2021,35770,Non,2080026,nicosulfuron,111991-09-4,Herbicide,Env A,,3.06
2021,35770,Non,2080094,florasulame,145701-23-1,Herbicide,Env A,,0.08
2021,35770,Non,2080094,isoxaben,82558-50-7,Herbicide,Env B,,1.22
2021,35770,Non,2080112,thirame,137-26-8,Fongicide,Env A,,2.6640
2021,35770,Non,2080123,metsulfuron-methyl,74223-64-6,Herbicide,Env A,Substitution,1.24
2021,35770,Non,2080125,metsulfuron-methyl,74223-64-6,Herbicide,Env A,Substitution,0.14
2021,35770,Non,2080145,diflufenicanil,83164-33-4,Herbicide,Env B,,22.4
2021,35770,Non,2080145,flufenacet,142459-58-3,Herbicide,Env A,,44.8
2021,35770,Non,2090008,thirame,137-26-8,Fongicide,Env A,,0.21853
2021,35770,Non,2090016,imazamox,114311-32-9,Herbicide,Env A,Substitution,0.167
2021,35770,Non,2090016,pendimethaline,40487-42-1,Herbicide,Env A,Substitution,2.5
2021,35770,Non,2090037,dicamba,1918-00-9,Herbicide,Env B,,1
2021,35770,Non,2090037,prosulfuron,94125-34-5,Herbicide,Env A,Substitution,0.1
2021,35770,Non,2090041,cloquintocet-mexyl,99607-70-2,Autre usage – Coformulant / Phytoprotecteur / Synergiste,Autre,,1.425
2021,35770,Non,2090041,pyroxsulame,422556-08-9,Herbicide,Env A,,1.425
2021,35770,Non,2090042,cloquintocet-mexyl,99607-70-2,Autre usage – Coformulant / Phytoprotecteur / Synergiste,Autre,,0.037565
2021,35770,Non,2090042,florasulame,145701-23-1,Herbicide,Env A,,0.01254
2021,35770,Non,2090042,pyroxsulame,422556-08-9,Herbicide,Env A,,0.037565
2021,35770,Non,2090050,cypermethrine,52315-07-8,Insecticide,Env A,,3.36
2021,35770,Non,2090057,metsulfuron-methyl,74223-64-6,Herbicide,Env A,Substitution,0.04995
2021,35770,Non,2090057,tribenuron-methyle,101200-48-0,Herbicide,Env A,,0.0999
2021,35770,Non,2090068,mepiquat-chlorure,24307-26-4,Régulateur de croissance,Env B,,1.05
2021,35770,Non,2090068,metconazole,125116-23-6,Fongicide,CMR,,0.15
2021,35770,Non,2090093,glyphosate,1071-83-6,Herbicide,Env A,,9
2021,35770,Non,2090101,nicosulfuron,111991-09-4,Herbicide,Env A,,3.4
2021,35770,Non,2090111,cypermethrine,52315-07-8,Insecticide,Env A,,12.114
2021,35770,Non,2090113,dimethenamide-p (dmta-p),163515-14-8,Herbicide,Env A,,27.625
2021,35770,Non,2090113,pendimethaline,40487-42-1,Herbicide,Env A,Substitution,32.5
2021,35770,Non,2090118,flufenacet,142459-58-3,Herbicide,Env A,,13.8
2021,35770,Non,2090118,pendimethaline,40487-42-1,Herbicide,Env A,Substitution,69
2021,35770,Non,2090153,dicamba,1918-00-9,Herbicide,Env B,,14.4
2021,35770,Non,2090153,tritosulfuron,142469-14-5,Herbicide,Env A,,3.00
2021,35770,Non,2090159,tritosulfuron,142469-14-5,Herbicide,Env A,,3.7485
2021,35770,Non,2090188,glyphosate,1071-83-6,Herbicide,Env A,,7.2
2021,35770,Non,2100009,thifensulfuron-methyle,79277-27-3,Herbicide,Env A,,0.17982
2021,35770,Non,2100009,tribenuron-methyle,101200-48-0,Herbicide,Env A,,0.09018
2021,35770,Non,2100015,thifensulfuron-methyle,79277-27-3,Herbicide,Env A,,0.045
2021,35770,Non,2100108,prothioconazole,178928-70-6,Fongicide,Env A,,2.500
2021,35770,Non,2100108,tebuconazole,107534-96-3,Fongicide,CMR,,2.500
2021,35770,Non,2100111,mesotrione,104206-82-8,Herbicide,Env A,,0.75
2021,35770,Non,2100111,nicosulfuron,111991-09-4,Herbicide,Env A,,0.3
2021,35770,Non,2100112,ethephon,16672-87-0,Régulateur de croissance,Santé A,,12
2021,35770,Non,2100121,chlorantraniliprole,500008-45-7,Insecticide,Env A,,2.4
2021,35770,Non,2100138,cloquintocet-mexyl,99607-70-2,Autre usage – Coformulant / Phytoprotecteur / Synergiste,Autre,,2.0000
2021,35770,Non,2100138,pinoxaden,243973-20-8,Herbicide,CMR,,8.00
2021,35770,Non,2100140,clodinafop-propargyl,105512-06-9,Herbicide,Env A,,4.000
2021,35770,Non,2100140,cloquintocet-mexyl,99607-70-2,Autre usage – Coformulant / Phytoprotecteur / Synergiste,Autre,,1.00000
2021,35770,Non,2100140,pinoxaden,243973-20-8,Herbicide,CMR,,4.000
2021,35770,Non,2100186,glyphosate,1071-83-6,Herbicide,Env A,,93.6
2021,35770,Non,2100244,napropamide,15299-99-7,Herbicide,Env A,,81
2021,35770,Non,2110004,propyzamide,23950-58-5,Herbicide,CMR,Substitution,32
2021,35770,Non,2110018,difenoconazole,119446-68-3,Fongicide,Env A,,0.134
2021,35770,Non,2110018,fludioxonil,131341-86-1,Fongicide,Env A,,0.134
2021,35770,Non,2110059,bicarbonate de potassium,298-14-6,Fongicide,Autre,,17
2021,35770,Non,2110063,clopyralid,1702-17-6,Herbicide,Autre,,3.6
2021,35770,Non,2110102,difenoconazole,119446-68-3,Fongicide,Env A,,0.20275
2021,35770,Non,2110102,fludioxonil,131341-86-1,Fongicide,Env A,,0.20275
2021,35770,Non,2110102,sedaxane,874967-67-6,Fongicide,Env A,,0.4055
2021,35770,Non,2110152,cypermethrine,52315-07-8,Insecticide,Env A,,0.08
2021,35770,Non,2110153,chlormequat chlorure,999-81-5,Régulateur de croissance,Autre,,9
2021,35770,Non,2110153,ethephon,16672-87-0,Régulateur de croissance,Santé A,,4.5
2021,35770,Non,2110154,"2,4-mcpa",94-74-6,Herbicide,Env A,,4.08
2021,35770,Non,2110154,dicamba,1918-00-9,Herbicide,Env B,,0.36
2021,35770,Non,2110162,azoxystrobine,131860-33-8,Fongicide,Santé A,,55
2021,35770,Non,2110167,tebuconazole,107534-96-3,Fongicide,CMR,,36.55
2021,35770,Non,2110192,metsulfuron-methyl,74223-64-6,Herbicide,Env A,Substitution,0.2
2021,35770,Non,2120048,aminopyralid,150114-71-9,Herbicide,Env A,,0.45
2021,35770,Non,2120048,triclopyr,55335-06-3,Herbicide,Env B,,3.60
2021,35770,Non,2120066,dichlorprop-p,15165-67-0,Herbicide,Autre,,6
2021,35770,Non,2120066,picolinafen,137641-05-5,Herbicide,Env A,,0.2
2021,35770,Non,2120089,"2,4-mcpa",94-74-6,Herbicide,Env A,,2.4
2021,35770,Non,2120089,diflufenicanil,83164-33-4,Herbicide,Env B,,0.6
2021,35770,Non,2120089,glyphosate,1071-83-6,Herbicide,Env A,,4.8
2021,35770,Non,2130063,nicosulfuron,111991-09-4,Herbicide,Env A,,0.6
2021,35770,Non,2130068,diflufenicanil,83164-33-4,Herbicide,Env B,,1.5
2021,35770,Non,2130083,lambda-cyhalothrine,91465-08-6,Insecticide,Santé A,Substitution,0.1
2021,35770,Non,2130091,diflufenicanil,83164-33-4,Herbicide,Env B,,15
2021,35770,Non,2130202,fluopyram,658066-35-4,Fongicide,Env A,,5
2021,35770,Non,2130202,prothioconazole,178928-70-6,Fongicide,Env A,,5
2021,35770,Non,2130251,lambda-cyhalothrine,91465-08-6,Insecticide,Santé A,Substitution,3.5
2021,35770,Non,2130266,bromuconazole,116255-48-2,Fongicide,Env A,,10.02
2021,35770,Non,2130266,tebuconazole,107534-96-3,Fongicide,CMR,,6.42
2021,35770,Non,2140156,"2,4-mcpa",94-74-6,Herbicide,Env A,,72.009
2021,35770,Non,2140156,clopyralid,1702-17-6,Herbicide,Autre,,6.291
2021,35770,Non,2140156,fluroxypyr,69377-81-7,Herbicide,Env B,,16.2
2021,35770,Non,2140257,iodosulfuron-methyl-sodium,144550-36-7,Herbicide,Env A,,0.07
2021,35770,Non,2140257,mefenpyr-diethyl,135590-91-9,Autre usage – Coformulant / Phytoprotecteur / Synergiste,Autre,,1.05
2021,35770,Non,2140257,mesosulfuron-methyl,208465-21-8,Herbicide,Env A,,0.35
2021,35770,Non,2140258,iodosulfuron-methyl-sodium,144550-36-7,Herbicide,Env A,,0.225
2021,35770,Non,2140258,mesosulfuron-methyl,208465-21-8,Herbicide,Env A,,0.225
2021,35770,Non,2150140,glyphosate,1071-83-6,Herbicide,Env A,,302.4
2021,35770,Non,2150484,clopyralid,1702-17-6,Herbicide,Autre,,0.3
2021,35770,Non,2150484,florasulame,145701-23-1,Herbicide,Env A,,0.025
2021,35770,Non,2150757,diflufenicanil,83164-33-4,Herbicide,Env B,,0.8
2021,35770,Non,2150757,glyphosate,1071-83-6,Herbicide,Env A,,5
2021,35770,Non,2160226,phosphate ferrique,10045-86-0,Molluscicide,Autre,,1.210
2021,35770,Non,2160248,dicamba,1918-00-9,Herbicide,Env B,,1.2
2021,35770,Non,2160248,mesotrione,104206-82-8,Herbicide,Env A,,0.5
2021,35770,Non,2160260,metconazole,125116-23-6,Fongicide,CMR,,1.35
2021,35770,Non,2160387,tebuconazole,107534-96-3,Fongicide,CMR,,27.5
2021,35770,Non,2160484,difenoconazole,119446-68-3,Fongicide,Env A,,0.435
2021,35770,Non,2160484,fludioxonil,131341-86-1,Fongicide,Env A,,0.435
2021,35770,Non,2160556,clomazone,81777-89-1,Herbicide,Env A,,2.52
2021,35770,Non,2160752,pyridate,55512-33-9,Herbicide,Env A,,9
2021,35770,Non,2160781,s-metolachlore,87392-12-9,Herbicide,Env A,,163.2
2021,35770,Non,2160814,diflufenicanil,83164-33-4,Herbicide,Env B,,2.5
2021,35770,Non,2160931,bixafen,581809-46-3,Fongicide,Env A,,1.3
2021,35770,Non,2160931,fluopyram,658066-35-4,Fongicide,Env A,,1.3
2021,35770,Non,2160931,prothioconazole,178928-70-6,Fongicide,Env A,,2.6
2021,35770,Non,2160936,cloquintocet-mexyl,99607-70-2,Autre usage – Coformulant / Phytoprotecteur / Synergiste,Autre,,0.096
2021,35770,Non,2160936,fluroxypyr-meptyl,81406-37-3,Herbicide,Autre,,3.224
2021,35770,Non,2160936,halauxifen-methyl,943831-98-9,Herbicide,Env A,,0.1
2021,35770,Non,2160959,benzovindiflupyr,1072957-71-1,Fongicide,Santé A,Substitution,1.5
2021,35770,Non,2160959,prothioconazole,178928-70-6,Fongicide,Env A,,3
2021,35770,Non,2161101,fluxapyroxad,907204-31-3,Fongicide,CMR,,2.625
2021,35770,Non,2161101,pyraclostrobine,175013-18-0,Fongicide,Santé A,,5.25
2021,35770,Non,2170230,azoxystrobine,131860-33-8,Fongicide,Santé A,,0.0012
2021,35770,Non,2170230,fludioxonil,131341-86-1,Fongicide,Env A,,0.003
2021,35770,Non,2170230,metalaxyl-m,70630-17-0,Fongicide,Autre,,0.00232
2021,35770,Non,2170230,thiabendazole,148-79-8,Fongicide,Env A,,0.024
2021,35770,Non,2170381,mesotrione,104206-82-8,Herbicide,Env A,,7.35
2021,35770,Non,2170381,terbuthylazine,5915-41-3,Herbicide,Env A,,34.65
2021,35770,Non,2180124,metalaxyl,57837-19-1,Fongicide,Env B,,0.0688
2021,35770,Non,2180124,prothioconazole,178928-70-6,Fongicide,Env A,,0.344
2021,35770,Non,2180766,fludioxonil,131341-86-1,Fongicide,Env A,,0.0018
2021,35770,Non,2180766,metalaxyl-m,70630-17-0,Fongicide,Autre,,0.001152
2021,35770,Non,2180766,sedaxane,874967-67-6,Fongicide,Env A,,0.0012
2021,35770,Non,2180865,ipconazole,125225-28-7,Fongicide,CMR,Exclusion,0.05876
2021,35770,Non,2190062,halauxifen-methyl,943831-98-9,Herbicide,Env A,,0.23
2021,35770,Non,2190062,piclorame,1918-02-1,Herbicide,Env A,,1.104
2021,35770,Non,2190509,mefentrifluconazole,1417782-03-6,Fongicide,Autre,,1.5
2021,35770,Non,2190686,fluxapyroxad,907204-31-3,Fongicide,CMR,,7.50
2021,35770,Non,2190686,mefentrifluconazole,1417782-03-6,Fongicide,Autre,,15.0
2021,35770,Non,2200066,fenpicoxamide,517875-34-2,Fongicide,Autre,,0.5
2021,35770,Non,5100219,soufre sublime,7704-34-9,Fongicide,Autre,,123.75
2021,35770,Non,8100345,hymexazol,10004-44-1,Fongicide,Env B,,0.07
2021,35770,Non,8400096,dicamba,1918-00-9,Herbicide,Env B,,0.96
2021,35770,Non,8400528,isoxaben,82558-50-7,Herbicide,Env B,,0.25
2021,35770,Non,8400574,propyzamide,23950-58-5,Herbicide,CMR,Substitution,2
2021,35770,Non,8700002,chlortoluron,15545-48-9,Herbicide,CMR,,185
2021,35770,Non,8700462,prosulfocarbe,52888-80-9,Herbicide,Env A,,8
2021,35770,Non,8800161,triallate,2303-17-5,Herbicide,Env A,,67.2
2021,35770,Non,8800199,propaquizafop,111479-05-1,Herbicide,Env A,,1
2021,35770,Non,8800395,lambda-cyhalothrine,91465-08-6,Insecticide,Santé A,Substitution,0.25
2021,35770,Non,8800395,pyrimicarbe,23103-98-2,Insecticide,CMR,,5
2021,35770,Non,8800504,butoxyde de piperonyle,51-03-6,Autre usage – Coformulant / Phytoprotecteur / Synergiste,Autre,,1.125
2021,35770,Non,8800504,deltamethrine,52918-63-5,Insecticide,Santé A,,0.125
2021,35770,Non,8900564,tau-fluvalinate,102851-06-9,Insecticide,Env A,,5.04
2021,35770,Non,8900681,pendimethaline,40487-42-1,Herbicide,Env A,Substitution,6
2021,35770,Non,9000184,"2,4-mcpa",94-74-6,Herbicide,Env A,,2
2021,35770,Non,9000184,clopyralid,1702-17-6,Herbicide,Autre,,0.2
2021,35770,Non,9000184,fluroxypyr-meptyl,81406-37-3,Herbicide,Autre,,0.576
2021,35770,Non,9100034,chlormequat chlorure,999-81-5,Régulateur de croissance,Autre,,105.8
2021,35770,Non,9100046,trinexapac-ethyl,95266-40-3,Régulateur de croissance,Env A,,5
2021,35770,Non,9100296,"2,4-d",94-75-7,Herbicide,Env B,,3
2021,35770,Non,9400008,triticonazole,131983-72-7,Fongicide,Env A,,0.984
2021,35770,Non,9400052,clethodime,99129-21-2,Herbicide,Env B,,7.2
2021,35770,Non,9400085,etofenprox,80844-07-1,Insecticide,Santé A,,0.575
2021,35770,Non,9400463,phenmediphame,13684-63-4,Herbicide,Env A,,0.8
2021,35770,Non,9500568,cyprodinil,121552-61-2,Fongicide,Env A,,0.75
2021,35770,Non,9500568,fludioxonil,131341-86-1,Fongicide,Env A,,0.5
2021,35770,Non,9600390,glyphosate,1071-83-6,Herbicide,Env A,,7.2
2021,35770,Non,9800336,lambda-cyhalothrine,91465-08-6,Insecticide,Santé A,Substitution,0.2
2021,35770,Non,9800344,fludioxonil,131341-86-1,Fongicide,Env A,,0.04075
2021,35770,Non,9800344,metalaxyl-m,70630-17-0,Fongicide,Autre,,0.015811
2021,35770,Non,9900115,clethodime,99129-21-2,Herbicide,Env B,,0.6
2021,35770,Non,9900251,dimethenamide-p (dmta-p),163515-14-8,Herbicide,Env A,,122.4
2021,35830,Non,2100140,clodinafop-propargyl,105512-06-9,Herbicide,Env A,,2.50
2021,35830,Non,2100140,cloquintocet-mexyl,99607-70-2,Autre usage – Coformulant / Phytoprotecteur / Synergiste,Autre,,0.6250
2021,35830,Non,2100140,pinoxaden,243973-20-8,Herbicide,CMR,,2.50
2021,35830,Non,2100175,prothioconazole,178928-70-6,Fongicide,Env A,,0.006
2021,35830,Non,2100234,diflufenicanil,83164-33-4,Herbicide,Env B,,1.2
2021,35830,Non,2100234,iodosulfuron-methyl-sodium,144550-36-7,Herbicide,Env A,,0.0750
2021,35830,Non,2100234,mefenpyr-diethyl,135590-91-9,Autre usage – Coformulant / Phytoprotecteur / Synergiste,Autre,,0.270
2021,35830,Non,2100234,mesosulfuron-methyl,208465-21-8,Herbicide,Env A,,0.090
2021,35830,Non,2110018,difenoconazole,119446-68-3,Fongicide,Env A,,0.009
2021,35830,Non,2110018,fludioxonil,131341-86-1,Fongicide,Env A,,0.009
2021,35830,Non,2110082,diflufenicanil,83164-33-4,Herbicide,Env B,,0.36
2021,35830,Non,2110082,metsulfuron-methyl,74223-64-6,Herbicide,Env A,Substitution,0.036
2021,35830,Non,2110102,difenoconazole,119446-68-3,Fongicide,Env A,,0.20625
2021,35830,Non,2110102,fludioxonil,131341-86-1,Fongicide,Env A,,0.20625
2021,35830,Non,2110102,sedaxane,874967-67-6,Fongicide,Env A,,0.4125
2021,35830,Non,2110103,tribenuron-methyle,101200-48-0,Herbicide,Env A,,0.375
2021,35830,Non,2110104,clopyralid,1702-17-6,Herbicide,Autre,,0.32
2021,35830,Non,2110104,florasulame,145701-23-1,Herbicide,Env A,,0.01
2021,35830,Non,2110104,fluroxypyr-meptyl,81406-37-3,Herbicide,Autre,,0.576
2021,35830,Non,2110140,diflufenicanil,83164-33-4,Herbicide,Env B,,9
2021,35830,Non,2110140,flufenacet,142459-58-3,Herbicide,Env A,,18
2021,35830,Non,2110148,bixafen,581809-46-3,Fongicide,Env A,,1
2021,35830,Non,2110162,azoxystrobine,131860-33-8,Fongicide,Santé A,,17.5
2021,35830,Non,2110167,tebuconazole,107534-96-3,Fongicide,CMR,,31.39
2021,35830,Non,2120070,prothioconazole,178928-70-6,Fongicide,Env A,,0.8
2021,35830,Non,2120070,tebuconazole,107534-96-3,Fongicide,CMR,,0.4
2021,35830,Non,2120089,"2,4-mcpa",94-74-6,Herbicide,Env A,,0.3
2021,35830,Non,2120089,diflufenicanil,83164-33-4,Herbicide,Env B,,0.075
2021,35830,Non,2120089,glyphosate,1071-83-6,Herbicide,Env A,,0.6
2021,35830,Non,2120153,propyzamide,23950-58-5,Herbicide,CMR,Substitution,8
2021,35830,Non,2120210,dicamba,1918-00-9,Herbicide,Env B,,4.8
2021,35830,Non,2130068,diflufenicanil,83164-33-4,Herbicide,Env B,,14.0
2021,35830,Non,2130091,diflufenicanil,83164-33-4,Herbicide,Env B,,6
2021,35830,Non,2130140,diflufenicanil,83164-33-4,Herbicide,Env B,,1.6
2021,35830,Non,2130140,pendimethaline,40487-42-1,Herbicide,Env A,Substitution,16
2021,35830,Non,2130164,cyprosulfamide,221667-31-8,Autre usage – Coformulant / Phytoprotecteur / Synergiste,Autre,,0.3
2021,35830,Non,2130164,foramsulfuron,173159-57-4,Herbicide,Env A,,0.6
2021,35830,Non,2130164,thiencarbazone-methyl,317815-83-1,Herbicide,CMR,,0.2
2021,35830,Non,2130202,fluopyram,658066-35-4,Fongicide,Env A,,1.250
2021,35830,Non,2130202,prothioconazole,178928-70-6,Fongicide,Env A,,1.250
2021,35830,Non,2130215,pendimethaline,40487-42-1,Herbicide,Env A,Substitution,36.4
2021,35830,Non,2130247,trinexapac-ethyl,95266-40-3,Régulateur de croissance,Env A,,1.25
2021,35830,Non,2140040,phosmet,732-11-6,Insecticide,CMR,,2.5
2021,35830,Non,2140082,trinexapac-ethyl,95266-40-3,Régulateur de croissance,Env A,,0.875
2021,35830,Non,2140098,aminopyralid,150114-71-9,Herbicide,Env A,,0.1054
2021,35830,Non,2140098,propyzamide,23950-58-5,Herbicide,CMR,Substitution,10
2021,35830,Non,2140199,amidosulfuron,120923-37-7,Herbicide,Env A,,0.15
2021,35830,Non,2140199,iodosulfuron-methyl-sodium,144550-36-7,Herbicide,Env A,,0.03
2021,35830,Non,2140199,mefenpyr-diethyl,135590-91-9,Autre usage – Coformulant / Phytoprotecteur / Synergiste,Autre,,0.27
2021,35830,Non,2140199,mesosulfuron-methyl,208465-21-8,Herbicide,Env A,,0.09
2021,35830,Non,2150078,clomazone,81777-89-1,Herbicide,Env A,,1.08
2021,35830,Non,2150078,pethoxamide,106700-29-2,Herbicide,Env A,,18
2021,35830,Non,2150140,glyphosate,1071-83-6,Herbicide,Env A,,151.2
2021,35830,Non,2150483,lambda-cyhalothrine,91465-08-6,Insecticide,Santé A,Substitution,0.04
2021,35830,Non,2150785,mesotrione,104206-82-8,Herbicide,Env A,,7
2021,35830,Non,2150964,lambda-cyhalothrine,91465-08-6,Insecticide,Santé A,Substitution,0.08
2021,35830,Non,2160200,cloquintocet-mexyl,99607-70-2,Autre usage – Coformulant / Phytoprotecteur / Synergiste,Autre,,0.5625
2021,35830,Non,2160200,pinoxaden,243973-20-8,Herbicide,CMR,,2.25
2021,35830,Non,2160226,phosphate ferrique,10045-86-0,Molluscicide,Autre,,0.484
2021,35830,Non,2160248,dicamba,1918-00-9,Herbicide,Env B,,3.0
2021,35830,Non,2160248,mesotrione,104206-82-8,Herbicide,Env A,,1.25
2021,35830,Non,2160260,metconazole,125116-23-6,Fongicide,CMR,,1.8
2021,35830,Non,2160387,tebuconazole,107534-96-3,Fongicide,CMR,,3.75
2021,35830,Non,2160752,pyridate,55512-33-9,Herbicide,Env A,,3
2021,35830,Non,2160920,fluroxypyr-meptyl,81406-37-3,Herbicide,Autre,,7.780
2021,35830,Non,2160920,metsulfuron-methyl,74223-64-6,Herbicide,Env A,Substitution,0.20
2021,35830,Non,2160920,thifensulfuron-methyle,79277-27-3,Herbicide,Env A,,1.2
2021,35830,Non,2160931,bixafen,581809-46-3,Fongicide,Env A,,3.510
2021,35830,Non,2160931,fluopyram,658066-35-4,Fongicide,Env A,,3.510
2021,35830,Non,2160931,prothioconazole,178928-70-6,Fongicide,Env A,,7.02
2021,35830,Non,2160936,cloquintocet-mexyl,99607-70-2,Autre usage – Coformulant / Phytoprotecteur / Synergiste,Autre,,0.144
2021,35830,Non,2160936,fluroxypyr-meptyl,81406-37-3,Herbicide,Autre,,4.836
2021,35830,Non,2160936,halauxifen-methyl,943831-98-9,Herbicide,Env A,,0.150
2021,35830,Non,2160937,cloquintocet-mexyl,99607-70-2,Autre usage – Coformulant / Phytoprotecteur / Synergiste,Autre,,0.018
2021,35830,Non,2160937,florasulame,145701-23-1,Herbicide,Env A,,0.015
2021,35830,Non,2160937,halauxifen-methyl,943831-98-9,Herbicide,Env A,,0.01875
2021,35830,Non,2160958,cypermethrine,52315-07-8,Insecticide,Env A,,1.92
2021,35830,Non,2160959,benzovindiflupyr,1072957-71-1,Fongicide,Santé A,Substitution,0.750
2021,35830,Non,2160959,prothioconazole,178928-70-6,Fongicide,Env A,,1.50
2021,35830,Non,2161101,fluxapyroxad,907204-31-3,Fongicide,CMR,,0.75
2021,35830,Non,2161101,pyraclostrobine,175013-18-0,Fongicide,Santé A,,1.5
2021,35830,Non,2170149,cypermethrine,52315-07-8,Insecticide,Env A,,3
2021,35830,Non,2170230,azoxystrobine,131860-33-8,Fongicide,Santé A,,0.01095
2021,35830,Non,2170230,fludioxonil,131341-86-1,Fongicide,Env A,,0.027375
2021,35830,Non,2170230,metalaxyl-m,70630-17-0,Fongicide,Autre,,0.02117
2021,35830,Non,2170230,thiabendazole,148-79-8,Fongicide,Env A,,0.219
2021,35830,Non,2170263,cypermethrine,52315-07-8,Insecticide,Env A,,0.5
2021,35830,Non,2170381,mesotrione,104206-82-8,Herbicide,Env A,,1.05
2021,35830,Non,2170381,terbuthylazine,5915-41-3,Herbicide,Env A,,4.95
2021,35830,Non,2170425,mesotrione,104206-82-8,Herbicide,Env A,,0.5
2021,35830,Non,2170807,benzovindiflupyr,1072957-71-1,Fongicide,Santé A,Substitution,3.375
2021,35830,Non,2170807,prothioconazole,178928-70-6,Fongicide,Env A,,6.75
2021,35830,Non,2170900,napropamide,15299-99-7,Herbicide,Env A,,18
2021,35830,Non,2171193,mesotrione,104206-82-8,Herbicide,Env A,,2.1
2021,35830,Non,2171193,terbuthylazine,5915-41-3,Herbicide,Env A,,9.9
2021,35830,Non,2171195,lambda-cyhalothrine,91465-08-6,Insecticide,Santé A,Substitution,3.72
2021,35830,Non,2180009,dicamba,1918-00-9,Herbicide,Env B,,0.5
2021,35830,Non,2180009,tritosulfuron,142469-14-5,Herbicide,Env A,,0.25
2021,35830,Non,2180088,s-metolachlore,87392-12-9,Herbicide,Env A,,96
2021,35830,Non,2180124,metalaxyl,57837-19-1,Fongicide,Env B,,0.0522
2021,35830,Non,2180124,prothioconazole,178928-70-6,Fongicide,Env A,,0.261
2021,35830,Non,2180309,clomazone,81777-89-1,Herbicide,Env A,,1.08
2021,35830,Non,2180865,ipconazole,125225-28-7,Fongicide,CMR,Exclusion,0.17628
2021,35830,Non,2190468,dicamba,1918-00-9,Herbicide,Env B,,12.5
2021,35830,Non,2190468,prosulfuron,94125-34-5,Herbicide,Env A,Substitution,1.25
2021,35830,Non,2190509,mefentrifluconazole,1417782-03-6,Fongicide,Autre,,1
2021,35830,Non,2190686,fluxapyroxad,907204-31-3,Fongicide,CMR,,2.25
2021,35830,Non,2190686,mefentrifluconazole,1417782-03-6,Fongicide,Autre,,4.5
2021,35830,Non,2190961,prothioconazole,178928-70-6,Fongicide,Env A,,5
2021,35830,Non,2200532,trinexapac-ethyl,95266-40-3,Régulateur de croissance,Env A,,1.25
2021,35830,Non,2200756,prohexadione-calcium,127277-53-6,Régulateur de croissance,Env B,,0.5
2021,35830,Non,2210192,prosulfocarbe,52888-80-9,Herbicide,Env A,,272
2021,35830,Non,8300063,soufre pour pulverisation (micronise),7704-34-9,Fongicide,Autre,,32
2021,35830,Non,8400096,dicamba,1918-00-9,Herbicide,Env B,,3.36
2021,35830,Non,8700196,butoxyde de piperonyle,51-03-6,Autre usage – Coformulant / Phytoprotecteur / Synergiste,Autre,,0.225
2021,35830,Non,8700196,deltamethrine,52918-63-5,Insecticide,Santé A,,0.025
2021,35830,Non,8700462,prosulfocarbe,52888-80-9,Herbicide,Env A,,120
2021,35830,Non,8800199,propaquizafop,111479-05-1,Herbicide,Env A,,0.5
2021,35830,Non,8900681,pendimethaline,40487-42-1,Herbicide,Env A,Substitution,4
2021,35830,Non,9000222,soufre,7704-34-9,Fongicide,Autre,,14
2021,35830,Non,9000619,chlortoluron,15545-48-9,Herbicide,CMR,,25
2021,35830,Non,9100034,chlormequat chlorure,999-81-5,Régulateur de croissance,Autre,,36.8
2021,35830,Non,9100296,"2,4-d",94-75-7,Herbicide,Env B,,3
2021,35830,Non,9100418,nicosulfuron,111991-09-4,Herbicide,Env A,,4.4
2021,35830,Non,9500223,prochloraze,67747-09-5,Fongicide,Env A,,1.3355
2021,35830,Non,9500223,tebuconazole,107534-96-3,Fongicide,CMR,,0.6625
2021,35830,Non,9800076,"cydia pomonella granulosis, isolat m (cpvg m)",,Insecticide,Autre,,
2021,35830,Non,9800336,lambda-cyhalothrine,91465-08-6,Insecticide,Santé A,Substitution,0.2
2021,35830,Non,9800474,cuivre du sulfate de cuivre,8011-63-0,Fongicide,Env A,Substitution,3
2021,35830,Non,9900047,mesotrione,104206-82-8,Herbicide,Env A,,0.5
2021,35830,Non,9900251,dimethenamide-p (dmta-p),163515-14-8,Herbicide,Env A,,72.0
2021,35830,Non,9900340,pendimethaline,40487-42-1,Herbicide,Env A,Substitution,19.2
2021,35830,Non,9900340,picolinafen,137641-05-5,Herbicide,Env A,,0.96
2021,35850,Non,2000003,metazachlore,67129-08-2,Herbicide,CMR,,35.0
2021,35850,Non,2000044,fluazifop-p-butyl,79241-46-6,Herbicide,CMR,,5.375
2021,35850,Non,2000125,cuivre du sulfate de cuivre,8011-63-0,Fongicide,Env A,Substitution,0.14
2021,35850,Non,2000201,silthiofam,175217-20-6,Fongicide,Env A,,1.525
2021,35850,Non,2000202,glyphosate,1071-83-6,Herbicide,Env A,,3.6
2021,35850,Non,2000299,clomazone,81777-89-1,Herbicide,Env A,,1.44
2021,35850,Non,2000369,metsulfuron-methyl,74223-64-6,Herbicide,Env A,Substitution,0.18
2021,35850,Non,2000380,clethodime,99129-21-2,Herbicide,Env B,,3.6
2021,35850,Non,2010023,deltamethrine,52918-63-5,Insecticide,Santé A,,0.300
2021,35850,Non,2010030,mepiquat-chlorure,24307-26-4,Régulateur de croissance,Env B,,4.5
2021,35850,Non,2010030,prohexadione-calcium,127277-53-6,Régulateur de croissance,Env B,,0.75
2021,35850,Non,2010239,florasulame,145701-23-1,Herbicide,Env A,,0.015
2021,35850,Non,2010239,fluroxypyr-meptyl,81406-37-3,Herbicide,Autre,,2.1615
2021,35850,Non,2010280,metconazole,125116-23-6,Fongicide,CMR,,13.5
2021,35850,Non,2010282,cypermethrine,52315-07-8,Insecticide,Env A,,0.5
2021,35850,Non,2020099,trifloxystrobine,141517-21-7,Fongicide,Env A,,1.5
2021,35850,Non,2030010,clomazone,81777-89-1,Herbicide,Env A,,2.16
2021,35850,Non,2030071,metaldehyde,108-62-3,Molluscicide,CMR,,2.25
2021,35850,Non,2030073,metaldehyde,108-62-3,Molluscicide,CMR,,0.75
2021,35850,Non,2030323,fludioxonil,131341-86-1,Fongicide,Env A,,1.68325
2021,35850,Non,2030332,"2,4-d",94-75-7,Herbicide,Env B,,1.2
2021,35850,Non,2030332,dichlorprop-p,15165-67-0,Herbicide,Autre,,0.6
2021,35850,Non,2030342,chlormequat chlorure,999-81-5,Régulateur de croissance,Autre,,64.4
2021,35850,Non,2030404,pendimethaline,40487-42-1,Herbicide,Env A,Substitution,4
2021,35850,Non,2040146,tefluthrine,79538-32-2,Insecticide,Santé A,,28.392
2021,35850,Non,2050037,cyanamide de calcium,156-62-7,Herbicide - Antimousse,Autre,,9.675
2021,35850,Non,2050046,flonicamide,158062-67-0,Insecticide,Autre,,1.75
2021,35850,Non,2060051,metrafenone,220899-03-6,Fongicide,Env A,,1.5
2021,35850,Non,2060063,picolinafen,137641-05-5,Herbicide,Env A,,0.375
2021,35850,Non,2060084,boscalid,188425-85-6,Fongicide,Env A,,2.67
2021,35850,Non,2060084,pyraclostrobine,175013-18-0,Fongicide,Santé A,,0.67
2021,35850,Non,2060088,benoxacor,98730-04-2,Autre usage – Coformulant / Phytoprotecteur / Synergiste,Autre,,36.8
2021,35850,Non,2060088,mesotrione,104206-82-8,Herbicide,Env A,,73.6
2021,35850,Non,2060088,s-metolachlore,87392-12-9,Herbicide,Env A,,736
2021,35850,Non,2060098,spinosad,168316-95-8,Insecticide,Env A,,0.96
2021,35850,Non,2060127,prothioconazole,178928-70-6,Fongicide,Env A,,0.862
2021,35850,Non,2060131,"2,4-d",94-75-7,Herbicide,Env B,,1.581
2021,35850,Non,2060131,triclopyr,55335-06-3,Herbicide,Env B,,1.7612
2021,35850,Non,2070184,chlortoluron,15545-48-9,Herbicide,CMR,,4
2021,35850,Non,2070184,diflufenicanil,83164-33-4,Herbicide,Env B,,0.25
2021,35850,Non,2080026,nicosulfuron,111991-09-4,Herbicide,Env A,,4.74
2021,35850,Non,2080094,florasulame,145701-23-1,Herbicide,Env A,,0.02
2021,35850,Non,2080094,isoxaben,82558-50-7,Herbicide,Env B,,0.305
2021,35850,Non,2080103,thiophanate-methyl,23564-05-8,Fongicide,CMR,Exclusion,25
2021,35850,Non,2080105,glyphosate,1071-83-6,Herbicide,Env A,,9.0
2021,35850,Non,2080112,thirame,137-26-8,Fongicide,Env A,,0.7392
2021,35850,Non,2080117,prosulfuron,94125-34-5,Herbicide,Env A,Substitution,4.2000
2021,35850,Non,2080123,metsulfuron-methyl,74223-64-6,Herbicide,Env A,Substitution,1.58
2021,35850,Non,2080125,metsulfuron-methyl,74223-64-6,Herbicide,Env A,Substitution,1.38
2021,35850,Non,2080136,pyridate,55512-33-9,Herbicide,Env A,,4.5
2021,35850,Non,2080145,diflufenicanil,83164-33-4,Herbicide,Env B,,74
2021,35850,Non,2080145,flufenacet,142459-58-3,Herbicide,Env A,,148
2021,35850,Non,2090008,thirame,137-26-8,Fongicide,Env A,,0.91143
2021,35850,Non,2090011,pendimethaline,40487-42-1,Herbicide,Env A,Substitution,27.30
2021,35850,Non,2090016,imazamox,114311-32-9,Herbicide,Env A,Substitution,1.169
2021,35850,Non,2090016,pendimethaline,40487-42-1,Herbicide,Env A,Substitution,17.5
2021,35850,Non,2090037,dicamba,1918-00-9,Herbicide,Env B,,7.5
2021,35850,Non,2090037,prosulfuron,94125-34-5,Herbicide,Env A,Substitution,0.75
2021,35850,Non,2090041,cloquintocet-mexyl,99607-70-2,Autre usage – Coformulant / Phytoprotecteur / Synergiste,Autre,,1.0875
2021,35850,Non,2090041,pyroxsulame,422556-08-9,Herbicide,Env A,,1.0875
2021,35850,Non,2090050,cypermethrine,52315-07-8,Insecticide,Env A,,5.376
2021,35850,Non,2090057,metsulfuron-methyl,74223-64-6,Herbicide,Env A,Substitution,0.0333
2021,35850,Non,2090057,tribenuron-methyle,101200-48-0,Herbicide,Env A,,0.0666
2021,35850,Non,2090068,mepiquat-chlorure,24307-26-4,Régulateur de croissance,Env B,,5.25
2021,35850,Non,2090068,metconazole,125116-23-6,Fongicide,CMR,,0.75
2021,35850,Non,2090069,bromoxynil,1689-84-5,Herbicide,CMR,Exclusion,4.70
2021,35850,Non,2090071,bromoxynil,1689-84-5,Herbicide,CMR,Exclusion,1.175
2021,35850,Non,2090093,glyphosate,1071-83-6,Herbicide,Env A,,117
2021,35850,Non,2090101,nicosulfuron,111991-09-4,Herbicide,Env A,,8.2
2021,35850,Non,2090111,cypermethrine,52315-07-8,Insecticide,Env A,,28.386
2021,35850,Non,2090113,dimethenamide-p (dmta-p),163515-14-8,Herbicide,Env A,,38.250
2021,35850,Non,2090113,pendimethaline,40487-42-1,Herbicide,Env A,Substitution,45.0
2021,35850,Non,2090117,tebuconazole,107534-96-3,Fongicide,CMR,,1
2021,35850,Non,2090118,flufenacet,142459-58-3,Herbicide,Env A,,24.0
2021,35850,Non,2090118,pendimethaline,40487-42-1,Herbicide,Env A,Substitution,120
2021,35850,Non,2090127,huile essentielle d'orange douce,8028-48-6,Régulateur de croissance,Env A,,0.3
2021,35850,Non,2090136,fluopicolide,239110-15-7,Fongicide,Env A,,0.625
2021,35850,Non,2090136,propamocarbe hcl,25606-41-1,Fongicide,Autre,,6.25
2021,35850,Non,2090149,ethephon,16672-87-0,Régulateur de croissance,Santé A,,31.2
2021,35850,Non,2090153,dicamba,1918-00-9,Herbicide,Env B,,75.6
2021,35850,Non,2090153,tritosulfuron,142469-14-5,Herbicide,Env A,,15.75
2021,35850,Non,2090159,tritosulfuron,142469-14-5,Herbicide,Env A,,4.7838
2021,35850,Non,2090188,glyphosate,1071-83-6,Herbicide,Env A,,7.2
2021,35850,Non,2100009,thifensulfuron-methyle,79277-27-3,Herbicide,Env A,,0.62604
2021,35850,Non,2100009,tribenuron-methyle,101200-48-0,Herbicide,Env A,,0.31396
2021,35850,Non,2100014,metsulfuron-methyl,74223-64-6,Herbicide,Env A,Substitution,0.4623
2021,35850,Non,2100014,thifensulfuron-methyle,79277-27-3,Herbicide,Env A,,2.2977
2021,35850,Non,2100015,thifensulfuron-methyle,79277-27-3,Herbicide,Env A,,0.135
2021,35850,Non,2100018,tebuconazole,107534-96-3,Fongicide,CMR,,21.25
2021,35850,Non,2100026,cypermethrine,52315-07-8,Insecticide,Env A,,8.0
2021,35850,Non,2100028,fluroxypyr,69377-81-7,Herbicide,Env B,,6
2021,35850,Non,2100030,phosphate ferrique,10045-86-0,Molluscicide,Autre,,42.768
2021,35850,Non,2100051,ipconazole,125225-28-7,Fongicide,CMR,Exclusion,0.04845
2021,35850,Non,2100052,cyprodinil,121552-61-2,Fongicide,Env A,,9
2021,35850,Non,2100053,fluroxypyr,69377-81-7,Herbicide,Env B,,5
2021,35850,Non,2100056,prothioconazole,178928-70-6,Fongicide,Env A,,5.6
2021,35850,Non,2100056,spiroxamine,118134-30-8,Fongicide,CMR,,10.5
2021,35850,Non,2100057,prothioconazole,178928-70-6,Fongicide,Env A,,15.750
2021,35850,Non,2100057,trifloxystrobine,141517-21-7,Fongicide,Env A,,7.92
2021,35850,Non,2100108,prothioconazole,178928-70-6,Fongicide,Env A,,36.250
2021,35850,Non,2100108,tebuconazole,107534-96-3,Fongicide,CMR,,36.250
2021,35850,Non,2100111,mesotrione,104206-82-8,Herbicide,Env A,,16.875
2021,35850,Non,2100111,nicosulfuron,111991-09-4,Herbicide,Env A,,6.75
2021,35850,Non,2100112,ethephon,16672-87-0,Régulateur de croissance,Santé A,,55.2
2021,35850,Non,2100121,chlorantraniliprole,500008-45-7,Insecticide,Env A,,0.6
2021,35850,Non,2100122,chlorantraniliprole,500008-45-7,Insecticide,Env A,,0.105
2021,35850,Non,2100138,cloquintocet-mexyl,99607-70-2,Autre usage – Coformulant / Phytoprotecteur / Synergiste,Autre,,5.6875
2021,35850,Non,2100138,pinoxaden,243973-20-8,Herbicide,CMR,,22.75
2021,35850,Non,2100140,clodinafop-propargyl,105512-06-9,Herbicide,Env A,,7.375
2021,35850,Non,2100140,cloquintocet-mexyl,99607-70-2,Autre usage – Coformulant / Phytoprotecteur / Synergiste,Autre,,1.84375
2021,35850,Non,2100140,pinoxaden,243973-20-8,Herbicide,CMR,,7.375
2021,35850,Non,2100151,pyraclostrobine,175013-18-0,Fongicide,Santé A,,52
2021,35850,Non,2100175,prothioconazole,178928-70-6,Fongicide,Env A,,0.108
2021,35850,Non,2100186,glyphosate,1071-83-6,Herbicide,Env A,,43.2
2021,35850,Non,2100211,prothioconazole,178928-70-6,Fongicide,Env A,,10.625
2021,35850,Non,2100211,tebuconazole,107534-96-3,Fongicide,CMR,,10.625
2021,35850,Non,2100234,diflufenicanil,83164-33-4,Herbicide,Env B,,16.2
2021,35850,Non,2100234,iodosulfuron-methyl-sodium,144550-36-7,Herbicide,Env A,,1.0125
2021,35850,Non,2100234,mefenpyr-diethyl,135590-91-9,Autre usage – Coformulant / Phytoprotecteur / Synergiste,Autre,,3.645
2021,35850,Non,2100234,mesosulfuron-methyl,208465-21-8,Herbicide,Env A,,1.215
2021,35850,Non,2110018,difenoconazole,119446-68-3,Fongicide,Env A,,0.2160
2021,35850,Non,2110018,fludioxonil,131341-86-1,Fongicide,Env A,,0.2160
2021,35850,Non,2110063,clopyralid,1702-17-6,Herbicide,Autre,,0.792
2021,35850,Non,2110086,spirotetramat,203313-25-1,Insecticide,CMR,,1.5
2021,35850,Non,2110090,azoxystrobine,131860-33-8,Fongicide,Santé A,,2.5
2021,35850,Non,2110102,difenoconazole,119446-68-3,Fongicide,Env A,,2.68350
2021,35850,Non,2110102,fludioxonil,131341-86-1,Fongicide,Env A,,2.68350
2021,35850,Non,2110102,sedaxane,874967-67-6,Fongicide,Env A,,5.3670
2021,35850,Non,2110103,tribenuron-methyle,101200-48-0,Herbicide,Env A,,0.600
2021,35850,Non,2110104,clopyralid,1702-17-6,Herbicide,Autre,,0.4
2021,35850,Non,2110104,florasulame,145701-23-1,Herbicide,Env A,,0.0125
2021,35850,Non,2110104,fluroxypyr-meptyl,81406-37-3,Herbicide,Autre,,0.72
2021,35850,Non,2110105,azoxystrobine,131860-33-8,Fongicide,Santé A,,7.5
2021,35850,Non,2110140,diflufenicanil,83164-33-4,Herbicide,Env B,,6.6
2021,35850,Non,2110140,flufenacet,142459-58-3,Herbicide,Env A,,13.2
2021,35850,Non,2110144,fluxapyroxad,907204-31-3,Fongicide,CMR,,0.4375
2021,35850,Non,2110152,cypermethrine,52315-07-8,Insecticide,Env A,,0.64
2021,35850,Non,2110162,azoxystrobine,131860-33-8,Fongicide,Santé A,,20.0
2021,35850,Non,2110167,tebuconazole,107534-96-3,Fongicide,CMR,,37.41
2021,35850,Non,2120041,zirame,137-30-4,Fongicide,Santé A,,3.8976
2021,35850,Non,2120048,aminopyralid,150114-71-9,Herbicide,Env A,,1.32
2021,35850,Non,2120048,triclopyr,55335-06-3,Herbicide,Env B,,10.56
2021,35850,Non,2120066,dichlorprop-p,15165-67-0,Herbicide,Autre,,12
2021,35850,Non,2120066,picolinafen,137641-05-5,Herbicide,Env A,,0.4
2021,35850,Non,2120070,prothioconazole,178928-70-6,Fongicide,Env A,,41.6
2021,35850,Non,2120070,tebuconazole,107534-96-3,Fongicide,CMR,,20.8
2021,35850,Non,2120075,dimethenamide-p (dmta-p),163515-14-8,Herbicide,Env A,,6
2021,35850,Non,2120075,metazachlore,67129-08-2,Herbicide,CMR,,6
2021,35850,Non,2120075,quinmerac,90717-03-6,Herbicide,Env B,,3
2021,35850,Non,2120081,"cydia pomonella granulovirus, isolat r5 (cpgv-r5)",,Insecticide,Autre,,
2021,35850,Non,2120089,"2,4-mcpa",94-74-6,Herbicide,Env A,,0.9
2021,35850,Non,2120089,diflufenicanil,83164-33-4,Herbicide,Env B,,0.225
2021,35850,Non,2120089,glyphosate,1071-83-6,Herbicide,Env A,,1.8
2021,35850,Non,2120143,glyphosate,1071-83-6,Herbicide,Env A,,86.4
2021,35850,Non,2120160,bentazone,25057-89-0,Herbicide,Env B,,2.4
2021,35850,Non,2130063,nicosulfuron,111991-09-4,Herbicide,Env A,,16.6
2021,35850,Non,2130068,diflufenicanil,83164-33-4,Herbicide,Env B,,44.0
2021,35850,Non,2130069,diflufenicanil,83164-33-4,Herbicide,Env B,,5.5
2021,35850,Non,2130075,metaldehyde,108-62-3,Molluscicide,CMR,,4
2021,35850,Non,2130083,lambda-cyhalothrine,91465-08-6,Insecticide,Santé A,Substitution,1.4
2021,35850,Non,2130091,diflufenicanil,83164-33-4,Herbicide,Env B,,13
2021,35850,Non,2130164,cyprosulfamide,221667-31-8,Autre usage – Coformulant / Phytoprotecteur / Synergiste,Autre,,3.300
2021,35850,Non,2130164,foramsulfuron,173159-57-4,Herbicide,Env A,,6.60
2021,35850,Non,2130164,thiencarbazone-methyl,317815-83-1,Herbicide,CMR,,2.20
2021,35850,Non,2130194,clomazone,81777-89-1,Herbicide,Env A,,1.08
2021,35850,Non,2130195,flufenacet,142459-58-3,Herbicide,Env A,,3.6
2021,35850,Non,2130195,pendimethaline,40487-42-1,Herbicide,Env A,Substitution,18
2021,35850,Non,2130202,fluopyram,658066-35-4,Fongicide,Env A,,5.000
2021,35850,Non,2130202,prothioconazole,178928-70-6,Fongicide,Env A,,5.000
2021,35850,Non,2130215,pendimethaline,40487-42-1,Herbicide,Env A,Substitution,68.25
2021,35850,Non,2130247,trinexapac-ethyl,95266-40-3,Régulateur de croissance,Env A,,1.25
2021,35850,Non,2130252,nicosulfuron,111991-09-4,Herbicide,Env A,,0.2
2021,35850,Non,2130266,bromuconazole,116255-48-2,Fongicide,Env A,,35.070
2021,35850,Non,2130266,tebuconazole,107534-96-3,Fongicide,CMR,,22.470
2021,35850,Non,2140082,trinexapac-ethyl,95266-40-3,Régulateur de croissance,Env A,,10.325
2021,35850,Non,2140093,glyphosate,1071-83-6,Herbicide,Env A,,9
2021,35850,Non,2140121,acide pelargonique,112-05-0,Herbicide,Autre,,0.216207
2021,35850,Non,2140132,diflufenicanil,83164-33-4,Herbicide,Env B,,1.5
2021,35850,Non,2140148,dicamba,1918-00-9,Herbicide,Env B,,21.6
2021,35850,Non,2140167,acide decanoique,334-48-5,Herbicide - Antimousse,Env B,,0.02376
2021,35850,Non,2140167,acide octanoique,124-07-2,Herbicide - Antimousse,Env B,,0.03564
2021,35850,Non,2140173,fluxapyroxad,907204-31-3,Fongicide,CMR,,2.50
2021,35850,Non,2140173,metconazole,125116-23-6,Fongicide,CMR,,1.8
2021,35850,Non,2140175,metconazole,125116-23-6,Fongicide,CMR,,4.95
2021,35850,Non,2140207,clodinafop-propargyl,105512-06-9,Herbicide,Env A,,3.8
2021,35850,Non,2140207,cloquintocet-mexyl,99607-70-2,Autre usage – Coformulant / Phytoprotecteur / Synergiste,Autre,,0.95
2021,35850,Non,2140252,phosphate ferrique,10045-86-0,Molluscicide,Autre,,0.09375
2021,35850,Non,2140257,iodosulfuron-methyl-sodium,144550-36-7,Herbicide,Env A,,0.04
2021,35850,Non,2140257,mefenpyr-diethyl,135590-91-9,Autre usage – Coformulant / Phytoprotecteur / Synergiste,Autre,,0.6
2021,35850,Non,2140257,mesosulfuron-methyl,208465-21-8,Herbicide,Env A,,0.2
2021,35850,Non,2140258,iodosulfuron-methyl-sodium,144550-36-7,Herbicide,Env A,,0.450
2021,35850,Non,2140258,mesosulfuron-methyl,208465-21-8,Herbicide,Env A,,0.450
2021,35850,Non,2150019,silthiofam,175217-20-6,Fongicide,Env A,,0.425
2021,35850,Non,2150022,dicamba,1918-00-9,Herbicide,Env B,,14.4
2021,35850,Non,2150084,mesotrione,104206-82-8,Herbicide,Env A,,21
2021,35850,Non,2150140,glyphosate,1071-83-6,Herbicide,Env A,,309.6
2021,35850,Non,2150215,tribenuron-methyle,101200-48-0,Herbicide,Env A,,0.15
2021,35850,Non,2150417,bacillus thuringiensis ssp kurstaki souche abts-351,68038-71-1,Insecticide,Autre,,0.025542
2021,35850,Non,2150483,lambda-cyhalothrine,91465-08-6,Insecticide,Santé A,Substitution,32.68
2021,35850,Non,2150484,clopyralid,1702-17-6,Herbicide,Autre,,10.2
2021,35850,Non,2150484,florasulame,145701-23-1,Herbicide,Env A,,0.850
2021,35850,Non,2150626,mesotrione,104206-82-8,Herbicide,Env A,,3.5
2021,35850,Non,2150757,diflufenicanil,83164-33-4,Herbicide,Env B,,0.2
2021,35850,Non,2150757,glyphosate,1071-83-6,Herbicide,Env A,,1.25
2021,35850,Non,2150785,mesotrione,104206-82-8,Herbicide,Env A,,17.0
2021,35850,Non,2150790,phosphate ferrique,10045-86-0,Molluscicide,Autre,,0.01
2021,35850,Non,2150918,clodinafop-propargyl,105512-06-9,Herbicide,Env A,,1.0
2021,35850,Non,2150918,cloquintocet-mexyl,99607-70-2,Autre usage – Coformulant / Phytoprotecteur / Synergiste,Autre,,0.250
2021,35850,Non,2150964,lambda-cyhalothrine,91465-08-6,Insecticide,Santé A,Substitution,8.28
2021,35850,Non,2150973,lambda-cyhalothrine,91465-08-6,Insecticide,Santé A,Substitution,3.32
2021,35850,Non,2160064,fludioxonil,131341-86-1,Fongicide,Env A,,0.115
2021,35850,Non,2160064,tebuconazole,107534-96-3,Fongicide,CMR,,0.0230
2021,35850,Non,2160160,bromoxynil,1689-84-5,Herbicide,CMR,Exclusion,3.2
2021,35850,Non,2160160,diflufenicanil,83164-33-4,Herbicide,Env B,,0.534
2021,35850,Non,2160198,prothioconazole,178928-70-6,Fongicide,Env A,,1.25
2021,35850,Non,2160198,tebuconazole,107534-96-3,Fongicide,CMR,,1.25
2021,35850,Non,2160200,cloquintocet-mexyl,99607-70-2,Autre usage – Coformulant / Phytoprotecteur / Synergiste,Autre,,0.625
2021,35850,Non,2160200,pinoxaden,243973-20-8,Herbicide,CMR,,2.5
2021,35850,Non,2160226,phosphate ferrique,10045-86-0,Molluscicide,Autre,,9.559
2021,35850,Non,2160260,metconazole,125116-23-6,Fongicide,CMR,,10.35
2021,35850,Non,2160343,clopyralid,1702-17-6,Herbicide,Autre,,1.8
2021,35850,Non,2160384,trinexapac-ethyl,95266-40-3,Régulateur de croissance,Env A,,0.25
2021,35850,Non,2160693,cyprosulfamide,221667-31-8,Autre usage – Coformulant / Phytoprotecteur / Synergiste,Autre,,0.45
2021,35850,Non,2160693,isoxaflutole,141112-29-0,Herbicide,CMR,,0.675
2021,35850,Non,2160693,thiencarbazone-methyl,317815-83-1,Herbicide,CMR,,0.27
2021,35850,Non,2160739,iodosulfuron-methyl-sodium,144550-36-7,Herbicide,Env A,,0.045
2021,35850,Non,2160739,mefenpyr-diethyl,135590-91-9,Autre usage – Coformulant / Phytoprotecteur / Synergiste,Autre,,0.675
2021,35850,Non,2160739,mesosulfuron-methyl,208465-21-8,Herbicide,Env A,,0.225
2021,35850,Non,2160752,pyridate,55512-33-9,Herbicide,Env A,,3
2021,35850,Non,2160814,diflufenicanil,83164-33-4,Herbicide,Env B,,0.5
2021,35850,Non,2160839,azoxystrobine,131860-33-8,Fongicide,Santé A,,5
2021,35850,Non,2160920,fluroxypyr-meptyl,81406-37-3,Herbicide,Autre,,1.945
2021,35850,Non,2160920,metsulfuron-methyl,74223-64-6,Herbicide,Env A,Substitution,0.05
2021,35850,Non,2160920,thifensulfuron-methyle,79277-27-3,Herbicide,Env A,,0.3
2021,35850,Non,2160931,bixafen,581809-46-3,Fongicide,Env A,,14.950
2021,35850,Non,2160931,fluopyram,658066-35-4,Fongicide,Env A,,14.950
2021,35850,Non,2160931,prothioconazole,178928-70-6,Fongicide,Env A,,29.90
2021,35850,Non,2160936,cloquintocet-mexyl,99607-70-2,Autre usage – Coformulant / Phytoprotecteur / Synergiste,Autre,,0.264
2021,35850,Non,2160936,fluroxypyr-meptyl,81406-37-3,Herbicide,Autre,,8.866
2021,35850,Non,2160936,halauxifen-methyl,943831-98-9,Herbicide,Env A,,0.275
2021,35850,Non,2160937,cloquintocet-mexyl,99607-70-2,Autre usage – Coformulant / Phytoprotecteur / Synergiste,Autre,,1.134
2021,35850,Non,2160937,florasulame,145701-23-1,Herbicide,Env A,,0.945
2021,35850,Non,2160937,halauxifen-methyl,943831-98-9,Herbicide,Env A,,1.18125
2021,35850,Non,2160959,benzovindiflupyr,1072957-71-1,Fongicide,Santé A,Substitution,24.375
2021,35850,Non,2160959,prothioconazole,178928-70-6,Fongicide,Env A,,48.75
2021,35850,Non,2160976,prosulfuron,94125-34-5,Herbicide,Env A,Substitution,0.18
2021,35850,Non,2161101,fluxapyroxad,907204-31-3,Fongicide,CMR,,4.5
2021,35850,Non,2161101,pyraclostrobine,175013-18-0,Fongicide,Santé A,,9
2021,35850,Non,2170035,tribenuron-methyle,101200-48-0,Herbicide,Env A,,0.6
2021,35850,Non,2170055,dicamba,1918-00-9,Herbicide,Env B,,4.8
2021,35850,Non,2170149,cypermethrine,52315-07-8,Insecticide,Env A,,1.5
2021,35850,Non,2170158,dimethenamide-p (dmta-p),163515-14-8,Herbicide,Env A,,9.990
2021,35850,Non,2170158,quinmerac,90717-03-6,Herbicide,Env B,,5.010
2021,35850,Non,2170208,iodosulfuron-methyl-sodium,144550-36-7,Herbicide,Env A,,0.198
2021,35850,Non,2170208,mefenpyr-diethyl,135590-91-9,Autre usage – Coformulant / Phytoprotecteur / Synergiste,Autre,,2.97
2021,35850,Non,2170208,mesosulfuron-methyl,208465-21-8,Herbicide,Env A,,0.99
2021,35850,Non,2170228,bixafen,581809-46-3,Fongicide,Env A,,4.225
2021,35850,Non,2170228,fluopyram,658066-35-4,Fongicide,Env A,,4.225
2021,35850,Non,2170228,prothioconazole,178928-70-6,Fongicide,Env A,,8.45
2021,35850,Non,2170230,azoxystrobine,131860-33-8,Fongicide,Santé A,,0.00735
2021,35850,Non,2170230,fludioxonil,131341-86-1,Fongicide,Env A,,0.018375
2021,35850,Non,2170230,metalaxyl-m,70630-17-0,Fongicide,Autre,,0.01421
2021,35850,Non,2170230,thiabendazole,148-79-8,Fongicide,Env A,,0.147
2021,35850,Non,2170243,acide pelargonique,112-05-0,Herbicide,Autre,,2.5
2021,35850,Non,2170263,cypermethrine,52315-07-8,Insecticide,Env A,,1.5
2021,35850,Non,2170381,mesotrione,104206-82-8,Herbicide,Env A,,25.55
2021,35850,Non,2170381,terbuthylazine,5915-41-3,Herbicide,Env A,,120.45
2021,35850,Non,2170421,mesotrione,104206-82-8,Herbicide,Env A,,3
2021,35850,Non,2170423,mesotrione,104206-82-8,Herbicide,Env A,,7.0
2021,35850,Non,2170757,prochloraze,67747-09-5,Fongicide,Env A,,5.34
2021,35850,Non,2170757,tebuconazole,107534-96-3,Fongicide,CMR,,2.66
2021,35850,Non,2170807,benzovindiflupyr,1072957-71-1,Fongicide,Santé A,Substitution,2.25
2021,35850,Non,2170807,prothioconazole,178928-70-6,Fongicide,Env A,,4.5
2021,35850,Non,2170810,benzovindiflupyr,1072957-71-1,Fongicide,Santé A,Substitution,1.125
2021,35850,Non,2170810,prothioconazole,178928-70-6,Fongicide,Env A,,2.25
2021,35850,Non,2170830,benzovindiflupyr,1072957-71-1,Fongicide,Santé A,Substitution,0.375
2021,35850,Non,2170830,prothioconazole,178928-70-6,Fongicide,Env A,,0.75
2021,35850,Non,2170933,prohexadione-calcium,127277-53-6,Régulateur de croissance,Env B,,1.5
2021,35850,Non,2170933,trinexapac-ethyl,95266-40-3,Régulateur de croissance,Env A,,2.25
2021,35850,Non,2171054,diflufenicanil,83164-33-4,Herbicide,Env B,,10
2021,35850,Non,2171054,flufenacet,142459-58-3,Herbicide,Env A,,20
2021,35850,Non,2171111,metamitrone,41394-05-2,Herbicide,Env A,,10.5
2021,35850,Non,2171193,mesotrione,104206-82-8,Herbicide,Env A,,3.15
2021,35850,Non,2171193,terbuthylazine,5915-41-3,Herbicide,Env A,,14.85
2021,35850,Non,2171195,lambda-cyhalothrine,91465-08-6,Insecticide,Santé A,Substitution,5.24
2021,35850,Non,2171236,mesotrione,104206-82-8,Herbicide,Env A,,4.9
2021,35850,Non,2171236,terbuthylazine,5915-41-3,Herbicide,Env A,,23.1
2021,35850,Non,2171253,bacillus amyloliquefaciens souche mbi 600,NC,Fongicide,Autre,,
2021,35850,Non,2171317,"2,4-d",94-75-7,Herbicide,Env B,,3
2021,35850,Non,2180009,dicamba,1918-00-9,Herbicide,Env B,,11.5
2021,35850,Non,2180009,tritosulfuron,142469-14-5,Herbicide,Env A,,5.75
2021,35850,Non,2180124,metalaxyl,57837-19-1,Fongicide,Env B,,0.5944
2021,35850,Non,2180124,prothioconazole,178928-70-6,Fongicide,Env A,,2.972
2021,35850,Non,2180233,dicamba,1918-00-9,Herbicide,Env B,,81.6
2021,35850,Non,2180766,fludioxonil,131341-86-1,Fongicide,Env A,,0.00135
2021,35850,Non,2180766,metalaxyl-m,70630-17-0,Fongicide,Autre,,0.000864
2021,35850,Non,2180766,sedaxane,874967-67-6,Fongicide,Env A,,0.0009
2021,35850,Non,2180865,ipconazole,125225-28-7,Fongicide,CMR,Exclusion,0.32996
2021,35850,Non,2189996,azadirachtine,11141-17-6,Insecticide,CMR,,0.026
2021,35850,Non,2190016,pyrimicarbe,23103-98-2,Insecticide,CMR,,1.5
2021,35850,Non,2190016,tau-fluvalinate,102851-06-9,Insecticide,Env A,,0.54
2021,35850,Non,2190062,halauxifen-methyl,943831-98-9,Herbicide,Env A,,0.07
2021,35850,Non,2190062,piclorame,1918-02-1,Herbicide,Env A,,0.336
2021,35850,Non,2190173,metaldehyde,108-62-3,Molluscicide,CMR,,0.54
2021,35850,Non,2190173,phosphate ferrique,10045-86-0,Molluscicide,Autre,,0.8748
2021,35850,Non,2190468,dicamba,1918-00-9,Herbicide,Env B,,18
2021,35850,Non,2190468,prosulfuron,94125-34-5,Herbicide,Env A,Substitution,1.8
2021,35850,Non,2190634,azoxystrobine,131860-33-8,Fongicide,Santé A,,13.75
2021,35850,Non,2190686,fluxapyroxad,907204-31-3,Fongicide,CMR,,29.50
2021,35850,Non,2190686,mefentrifluconazole,1417782-03-6,Fongicide,Autre,,59.0
2021,35850,Non,2190883,prothioconazole,178928-70-6,Fongicide,Env A,,5.00
2021,35850,Non,2190961,prothioconazole,178928-70-6,Fongicide,Env A,,5
2021,35850,Non,2200756,prohexadione-calcium,127277-53-6,Régulateur de croissance,Env B,,7
2021,35850,Non,2200839,azoxystrobine,131860-33-8,Fongicide,Santé A,,5
2021,35850,Non,2210192,prosulfocarbe,52888-80-9,Herbicide,Env A,,32
2021,35850,Non,6400401,lenacile,2164-08-1,Herbicide,CMR,,0.8
2021,35850,Non,7200313,alcools terpeniques,98-55-5,Autre usage – Adjuvant,Autre,,6.65
2021,35850,Non,7700568,cuivre du sulfate de cuivre,8011-63-0,Fongicide,Env A,Substitution,0.6
2021,35850,Non,7900753,clopyralid (sous forme de sel de monoethanolamine),57754-85-5,Herbicide,Autre,,0.2
2021,35850,Non,8000084,"2,4-mcpa",94-74-6,Herbicide,Env A,,8
2021,35850,Non,8300063,soufre pour pulverisation (micronise),7704-34-9,Fongicide,Autre,,624
2021,35850,Non,8400096,dicamba,1918-00-9,Herbicide,Env B,,59.04
2021,35850,Non,8400255,metsulfuron-methyl,74223-64-6,Herbicide,Env A,Substitution,2.2
2021,35850,Non,8400528,isoxaben,82558-50-7,Herbicide,Env B,,1.50
2021,35850,Non,8400574,propyzamide,23950-58-5,Herbicide,CMR,Substitution,18
2021,35850,Non,8700002,chlortoluron,15545-48-9,Herbicide,CMR,,10
2021,35850,Non,8700462,prosulfocarbe,52888-80-9,Herbicide,Env A,,168
2021,35850,Non,8800011,carboxine,5234-68-4,Fongicide,Env A,,0.082
2021,35850,Non,8800011,thirame,137-26-8,Fongicide,Env A,,0.082
2021,35850,Non,8800029,phenmediphame,13684-63-4,Herbicide,Env A,,4.0
2021,35850,Non,8800199,propaquizafop,111479-05-1,Herbicide,Env A,,0.5
2021,35850,Non,8800395,lambda-cyhalothrine,91465-08-6,Insecticide,Santé A,Substitution,0.050
2021,35850,Non,8800395,pyrimicarbe,23103-98-2,Insecticide,CMR,,1.0
2021,35850,Non,8900564,tau-fluvalinate,102851-06-9,Insecticide,Env A,,0.48
2021,35850,Non,8900681,pendimethaline,40487-42-1,Herbicide,Env A,Substitution,10
2021,35850,Non,9000069,ethofumesate,26225-79-6,Herbicide,Env A,,2.5
2021,35850,Non,9000184,"2,4-mcpa",94-74-6,Herbicide,Env A,,6
2021,35850,Non,9000184,clopyralid,1702-17-6,Herbicide,Autre,,0.6
2021,35850,Non,9000184,fluroxypyr-meptyl,81406-37-3,Herbicide,Autre,,1.728
2021,35850,Non,9000222,soufre,7704-34-9,Fongicide,Autre,,252
2021,35850,Non,9000259,amidosulfuron,120923-37-7,Herbicide,Env A,,0.885
2021,35850,Non,9000619,chlortoluron,15545-48-9,Herbicide,CMR,,10
2021,35850,Non,9000753,metaldehyde,108-62-3,Molluscicide,CMR,,1
2021,35850,Non,9000833,metazachlore,67129-08-2,Herbicide,CMR,,12
2021,35850,Non,9000833,quinmerac,90717-03-6,Herbicide,Env B,,3.0
2021,35850,Non,9100034,chlormequat chlorure,999-81-5,Régulateur de croissance,Autre,,138.0
2021,35850,Non,9100046,trinexapac-ethyl,95266-40-3,Régulateur de croissance,Env A,,1.25
2021,35850,Non,9100296,"2,4-d",94-75-7,Herbicide,Env B,,57
2021,35850,Non,9100418,nicosulfuron,111991-09-4,Herbicide,Env A,,9.96
2021,35850,Non,9100645,clodinafop-propargyl,105512-06-9,Herbicide,Env A,,0.1
2021,35850,Non,9100645,cloquintocet-mexyl,99607-70-2,Autre usage – Coformulant / Phytoprotecteur / Synergiste,Autre,,0.025
2021,35850,Non,9200073,triflusulfuron-methyl,126535-15-7,Herbicide,CMR,,0.25
2021,35850,Non,9200548,thirame,137-26-8,Fongicide,Env A,,1.0560
2021,35850,Non,9300305,prochloraze,67747-09-5,Fongicide,Env A,,2.25
2021,35850,Non,9300322,metamitrone,41394-05-2,Herbicide,Env A,,7.0
2021,35850,Non,9400008,triticonazole,131983-72-7,Fongicide,Env A,,0.252
2021,35850,Non,9400052,clethodime,99129-21-2,Herbicide,Env B,,1.68
2021,35850,Non,9400067,dicamba,1918-00-9,Herbicide,Env B,,0.7
2021,35850,Non,9400463,phenmediphame,13684-63-4,Herbicide,Env A,,1.6
2021,35850,Non,9500040,quizalofop-p-ethyl,100646-51-3,Herbicide,Env A,,0.25
2021,35850,Non,9600093,azoxystrobine,131860-33-8,Fongicide,Santé A,,1.25
2021,35850,Non,9600197,carfentrazone ethyl,128639-02-1,Herbicide,Env A,,0.40
2021,35850,Non,9600197,metsulfuron-methyl,74223-64-6,Herbicide,Env A,Substitution,0.10
2021,35850,Non,9600370,"2,4-mcpa",94-74-6,Herbicide,Env A,,1.75
2021,35850,Non,9600370,clopyralid (sous forme de sel de monoethanolamine),57754-85-5,Herbicide,Autre,,0.175
2021,35850,Non,9600390,glyphosate,1071-83-6,Herbicide,Env A,,216.0
2021,35850,Non,9600398,kresoxim-methyl,143390-89-0,Fongicide,CMR,,0.3
2021,35850,Non,9800018,clomazone,81777-89-1,Herbicide,Env A,,8.7
2021,35850,Non,9800018,dimethachlore,50563-36-5,Herbicide,Env A,,54.375
2021,35850,Non,9800018,napropamide,15299-99-7,Herbicide,Env A,,54.375
2021,35850,Non,9800182,s-metolachlore,87392-12-9,Herbicide,Env A,,24
2021,35850,Non,9800320,acibenzolar-s-methyl,135158-54-2,Fongicide,Env A,,0.04
2021,35850,Non,9800320,metalaxyl-m,70630-17-0,Fongicide,Autre,,0.3876
2021,35850,Non,9800336,lambda-cyhalothrine,91465-08-6,Insecticide,Santé A,Substitution,3.4
2021,35850,Non,9800344,fludioxonil,131341-86-1,Fongicide,Env A,,0.7415
2021,35850,Non,9800344,metalaxyl-m,70630-17-0,Fongicide,Autre,,0.287702
2021,35850,Non,9800347,fluroxypyr-meptyl,81406-37-3,Herbicide,Autre,,0.288
2021,35850,Non,9800347,triclopyr,55335-06-3,Herbicide,Env B,,0.6
2021,35850,Non,9900047,mesotrione,104206-82-8,Herbicide,Env A,,1.5
2021,35850,Non,9900189,coniothyrium minitans souche con/m/91-08,,Fongicide,Autre,,
2021,35850,Non,9900251,dimethenamide-p (dmta-p),163515-14-8,Herbicide,Env A,,244.8
2021,35850,Non,9900446,cymoxanil,57966-95-7,Fongicide,CMR,,0.466
2021,35850,Non,9900446,fludioxonil,131341-86-1,Fongicide,Env A,,0.233
2021,35850,Non,9900446,metalaxyl-m,70630-17-0,Fongicide,Autre,,0.790336
2021,35890,Non,1030003,polymere carboxyl sulfone cationique,8061-53-8,SA non phyto - Divers,Autre,,0.738
2021,35890,Non,2000003,metazachlore,67129-08-2,Herbicide,CMR,,7.5
2021,35890,Non,2000046,ethofumesate,26225-79-6,Herbicide,Env A,,2.25
2021,35890,Non,2000046,metamitrone,41394-05-2,Herbicide,Env A,,5.25
2021,35890,Non,2000125,cuivre du sulfate de cuivre,8011-63-0,Fongicide,Env A,Substitution,1.26
2021,35890,Non,2000201,silthiofam,175217-20-6,Fongicide,Env A,,3.67875
2021,35890,Non,2000299,clomazone,81777-89-1,Herbicide,Env A,,0.72
2021,35890,Non,2000380,clethodime,99129-21-2,Herbicide,Env B,,4.44
2021,35890,Non,2010030,mepiquat-chlorure,24307-26-4,Régulateur de croissance,Env B,,7.5
2021,35890,Non,2010030,prohexadione-calcium,127277-53-6,Régulateur de croissance,Env B,,1.25
2021,35890,Non,2010280,metconazole,125116-23-6,Fongicide,CMR,,1.80
2021,35890,Non,2010410,soufre pour pulverisation (micronise),7704-34-9,Fongicide,Autre,,1.2
2021,35890,Non,2010617,dimethenamide-p (dmta-p),163515-14-8,Herbicide,Env A,,7.2
2021,35890,Non,2020099,trifloxystrobine,141517-21-7,Fongicide,Env A,,6.5
2021,35890,Non,2030010,clomazone,81777-89-1,Herbicide,Env A,,0.36
2021,35890,Non,2030175,bacillus thuringiensis ssp kurstaki souche sa-11,68038-71-1,Insecticide,Autre,,0.017
2021,35890,Non,2030323,fludioxonil,131341-86-1,Fongicide,Env A,,0.40325
2021,35890,Non,2030342,chlormequat chlorure,999-81-5,Régulateur de croissance,Autre,,46.0
2021,35890,Non,2040146,tefluthrine,79538-32-2,Insecticide,Santé A,,2.474
2021,35890,Non,2060088,benoxacor,98730-04-2,Autre usage – Coformulant / Phytoprotecteur / Synergiste,Autre,,3.2
2021,35890,Non,2060088,mesotrione,104206-82-8,Herbicide,Env A,,6.4
2021,35890,Non,2060088,s-metolachlore,87392-12-9,Herbicide,Env A,,64
2021,35890,Non,2060116,prothioconazole,178928-70-6,Fongicide,Env A,,7.5
2021,35890,Non,2060127,prothioconazole,178928-70-6,Fongicide,Env A,,0.197
2021,35890,Non,2060131,"2,4-d",94-75-7,Herbicide,Env B,,0.558
2021,35890,Non,2060131,triclopyr,55335-06-3,Herbicide,Env B,,0.6216
2021,35890,Non,2070221,metazachlore,67129-08-2,Herbicide,CMR,,8
2021,35890,Non,2070221,quinmerac,90717-03-6,Herbicide,Env B,,2
2021,35890,Non,2080026,nicosulfuron,111991-09-4,Herbicide,Env A,,6.54
2021,35890,Non,2080094,florasulame,145701-23-1,Herbicide,Env A,,0.14
2021,35890,Non,2080094,isoxaben,82558-50-7,Herbicide,Env B,,2.135
2021,35890,Non,2080117,prosulfuron,94125-34-5,Herbicide,Env A,Substitution,0.3750
2021,35890,Non,2080123,metsulfuron-methyl,74223-64-6,Herbicide,Env A,Substitution,0.96
2021,35890,Non,2080125,metsulfuron-methyl,74223-64-6,Herbicide,Env A,Substitution,0.28
2021,35890,Non,2080145,diflufenicanil,83164-33-4,Herbicide,Env B,,36
2021,35890,Non,2080145,flufenacet,142459-58-3,Herbicide,Env A,,72
2021,35890,Non,2090016,imazamox,114311-32-9,Herbicide,Env A,Substitution,0.668
2021,35890,Non,2090016,pendimethaline,40487-42-1,Herbicide,Env A,Substitution,10
2021,35890,Non,2090037,dicamba,1918-00-9,Herbicide,Env B,,2
2021,35890,Non,2090037,prosulfuron,94125-34-5,Herbicide,Env A,Substitution,0.2
2021,35890,Non,2090041,cloquintocet-mexyl,99607-70-2,Autre usage – Coformulant / Phytoprotecteur / Synergiste,Autre,,0.45
2021,35890,Non,2090041,pyroxsulame,422556-08-9,Herbicide,Env A,,0.45
2021,35890,Non,2090042,cloquintocet-mexyl,99607-70-2,Autre usage – Coformulant / Phytoprotecteur / Synergiste,Autre,,0.2049
2021,35890,Non,2090042,florasulame,145701-23-1,Herbicide,Env A,,0.0684
2021,35890,Non,2090042,pyroxsulame,422556-08-9,Herbicide,Env A,,0.2049
2021,35890,Non,2090050,cypermethrine,52315-07-8,Insecticide,Env A,,14.976
2021,35890,Non,2090057,metsulfuron-methyl,74223-64-6,Herbicide,Env A,Substitution,0.0555
2021,35890,Non,2090057,tribenuron-methyle,101200-48-0,Herbicide,Env A,,0.111
2021,35890,Non,2090068,mepiquat-chlorure,24307-26-4,Régulateur de croissance,Env B,,2.1
2021,35890,Non,2090068,metconazole,125116-23-6,Fongicide,CMR,,0.3
2021,35890,Non,2090071,bromoxynil,1689-84-5,Herbicide,CMR,Exclusion,2.35
2021,35890,Non,2090093,glyphosate,1071-83-6,Herbicide,Env A,,144
2021,35890,Non,2090095,ethofumesate,26225-79-6,Herbicide,Env A,,1.9
2021,35890,Non,2090095,phenmediphame,13684-63-4,Herbicide,Env A,,2
2021,35890,Non,2090101,nicosulfuron,111991-09-4,Herbicide,Env A,,2
2021,35890,Non,2090111,cypermethrine,52315-07-8,Insecticide,Env A,,11.991
2021,35890,Non,2090113,dimethenamide-p (dmta-p),163515-14-8,Herbicide,Env A,,34.000
2021,35890,Non,2090113,pendimethaline,40487-42-1,Herbicide,Env A,Substitution,40.0
2021,35890,Non,2090118,flufenacet,142459-58-3,Herbicide,Env A,,19.8
2021,35890,Non,2090118,pendimethaline,40487-42-1,Herbicide,Env A,Substitution,99
2021,35890,Non,2090146,abamectine,71751-41-2,Insecticide,CMR,,0.0000060
2021,35890,Non,2090146,pyrethrines,8003-34-7,Insecticide,Env A,,0.000076
2021,35890,Non,2090153,dicamba,1918-00-9,Herbicide,Env B,,16.8
2021,35890,Non,2090153,tritosulfuron,142469-14-5,Herbicide,Env A,,3.50
2021,35890,Non,2090159,tritosulfuron,142469-14-5,Herbicide,Env A,,7.0329
2021,35890,Non,2100009,thifensulfuron-methyle,79277-27-3,Herbicide,Env A,,0.4662
2021,35890,Non,2100009,tribenuron-methyle,101200-48-0,Herbicide,Env A,,0.2338
2021,35890,Non,2100018,tebuconazole,107534-96-3,Fongicide,CMR,,1.25
2021,35890,Non,2100026,cypermethrine,52315-07-8,Insecticide,Env A,,1.5
2021,35890,Non,2100030,phosphate ferrique,10045-86-0,Molluscicide,Autre,,1.188
2021,35890,Non,2100052,cyprodinil,121552-61-2,Fongicide,Env A,,3.0
2021,35890,Non,2100057,prothioconazole,178928-70-6,Fongicide,Env A,,7
2021,35890,Non,2100057,trifloxystrobine,141517-21-7,Fongicide,Env A,,3.52
2021,35890,Non,2100108,prothioconazole,178928-70-6,Fongicide,Env A,,23.125
2021,35890,Non,2100108,tebuconazole,107534-96-3,Fongicide,CMR,,23.125
2021,35890,Non,2100111,mesotrione,104206-82-8,Herbicide,Env A,,10.875
2021,35890,Non,2100111,nicosulfuron,111991-09-4,Herbicide,Env A,,4.35
2021,35890,Non,2100121,chlorantraniliprole,500008-45-7,Insecticide,Env A,,1.6
2021,35890,Non,2100138,cloquintocet-mexyl,99607-70-2,Autre usage – Coformulant / Phytoprotecteur / Synergiste,Autre,,4.4375
2021,35890,Non,2100138,pinoxaden,243973-20-8,Herbicide,CMR,,17.75
2021,35890,Non,2100140,clodinafop-propargyl,105512-06-9,Herbicide,Env A,,0.375
2021,35890,Non,2100140,cloquintocet-mexyl,99607-70-2,Autre usage – Coformulant / Phytoprotecteur / Synergiste,Autre,,0.09375
2021,35890,Non,2100140,pinoxaden,243973-20-8,Herbicide,CMR,,0.375
2021,35890,Non,2100151,pyraclostrobine,175013-18-0,Fongicide,Santé A,,11
2021,35890,Non,2100186,glyphosate,1071-83-6,Herbicide,Env A,,21.6
2021,35890,Non,2110018,difenoconazole,119446-68-3,Fongicide,Env A,,0.199
2021,35890,Non,2110018,fludioxonil,131341-86-1,Fongicide,Env A,,0.199
2021,35890,Non,2110102,difenoconazole,119446-68-3,Fongicide,Env A,,3.24325
2021,35890,Non,2110102,fludioxonil,131341-86-1,Fongicide,Env A,,3.24325
2021,35890,Non,2110102,sedaxane,874967-67-6,Fongicide,Env A,,6.4865
2021,35890,Non,2110105,azoxystrobine,131860-33-8,Fongicide,Santé A,,7.75
2021,35890,Non,2110149,huile de colza,8002-13-9,Insecticide,Autre,,0.0676
2021,35890,Non,2110150,huile de colza,8002-13-9,Insecticide,Autre,,2.52525
2021,35890,Non,2110152,cypermethrine,52315-07-8,Insecticide,Env A,,0.24
2021,35890,Non,2110153,chlormequat chlorure,999-81-5,Régulateur de croissance,Autre,,3
2021,35890,Non,2110153,ethephon,16672-87-0,Régulateur de croissance,Santé A,,1.5
2021,35890,Non,2110162,azoxystrobine,131860-33-8,Fongicide,Santé A,,31.25
2021,35890,Non,2110167,tebuconazole,107534-96-3,Fongicide,CMR,,34.40
2021,35890,Non,2110192,metsulfuron-methyl,74223-64-6,Herbicide,Env A,Substitution,0.3
2021,35890,Non,2120041,zirame,137-30-4,Fongicide,Santé A,,6.237
2021,35890,Non,2120048,aminopyralid,150114-71-9,Herbicide,Env A,,0.39
2021,35890,Non,2120048,triclopyr,55335-06-3,Herbicide,Env B,,3.12
2021,35890,Non,2120066,dichlorprop-p,15165-67-0,Herbicide,Autre,,6
2021,35890,Non,2120066,picolinafen,137641-05-5,Herbicide,Env A,,0.2
2021,35890,Non,2120070,prothioconazole,178928-70-6,Fongicide,Env A,,2.4
2021,35890,Non,2120070,tebuconazole,107534-96-3,Fongicide,CMR,,1.2
2021,35890,Non,2120075,dimethenamide-p (dmta-p),163515-14-8,Herbicide,Env A,,8
2021,35890,Non,2120075,metazachlore,67129-08-2,Herbicide,CMR,,8
2021,35890,Non,2120075,quinmerac,90717-03-6,Herbicide,Env B,,4
2021,35890,Non,2120143,glyphosate,1071-83-6,Herbicide,Env A,,67.2
2021,35890,Non,2130063,nicosulfuron,111991-09-4,Herbicide,Env A,,3.4
2021,35890,Non,2130068,diflufenicanil,83164-33-4,Herbicide,Env B,,20.5
2021,35890,Non,2130083,lambda-cyhalothrine,91465-08-6,Insecticide,Santé A,Substitution,0.6
2021,35890,Non,2130091,diflufenicanil,83164-33-4,Herbicide,Env B,,5
2021,35890,Non,2130153,acide acetique,64-19-7,Herbicide,Autre,,0.108
2021,35890,Non,2130164,cyprosulfamide,221667-31-8,Autre usage – Coformulant / Phytoprotecteur / Synergiste,Autre,,0.075
2021,35890,Non,2130164,foramsulfuron,173159-57-4,Herbicide,Env A,,0.15
2021,35890,Non,2130164,thiencarbazone-methyl,317815-83-1,Herbicide,CMR,,0.05
2021,35890,Non,2130202,fluopyram,658066-35-4,Fongicide,Env A,,5.625
2021,35890,Non,2130202,prothioconazole,178928-70-6,Fongicide,Env A,,5.625
2021,35890,Non,2130266,bromuconazole,116255-48-2,Fongicide,Env A,,10.855
2021,35890,Non,2130266,tebuconazole,107534-96-3,Fongicide,CMR,,6.955
2021,35890,Non,2140051,fluxapyroxad,907204-31-3,Fongicide,CMR,,0.29304
2021,35890,Non,2140078,fludioxonil,131341-86-1,Fongicide,Env A,,0.145
2021,35890,Non,2140078,tefluthrine,79538-32-2,Insecticide,Santé A,,0.58
2021,35890,Non,2140082,trinexapac-ethyl,95266-40-3,Régulateur de croissance,Env A,,0.35
2021,35890,Non,2140093,glyphosate,1071-83-6,Herbicide,Env A,,45
2021,35890,Non,2140121,acide pelargonique,112-05-0,Herbicide,Autre,,4.27662
2021,35890,Non,2140156,"2,4-mcpa",94-74-6,Herbicide,Env A,,14.6685
2021,35890,Non,2140156,clopyralid,1702-17-6,Herbicide,Autre,,1.2815
2021,35890,Non,2140156,fluroxypyr,69377-81-7,Herbicide,Env B,,3.3
2021,35890,Non,2140166,acide decanoique,334-48-5,Herbicide - Antimousse,Env B,,0.01188
2021,35890,Non,2140166,acide octanoique,124-07-2,Herbicide - Antimousse,Env B,,0.01782
2021,35890,Non,2140167,acide decanoique,334-48-5,Herbicide - Antimousse,Env B,,0.02376
2021,35890,Non,2140167,acide octanoique,124-07-2,Herbicide - Antimousse,Env B,,0.03564
2021,35890,Non,2140252,phosphate ferrique,10045-86-0,Molluscicide,Autre,,0.02
2021,35890,Non,2140258,iodosulfuron-methyl-sodium,144550-36-7,Herbicide,Env A,,0.3
2021,35890,Non,2140258,mesosulfuron-methyl,208465-21-8,Herbicide,Env A,,0.3
2021,35890,Non,2150019,silthiofam,175217-20-6,Fongicide,Env A,,0.8525
2021,35890,Non,2150140,glyphosate,1071-83-6,Herbicide,Env A,,165.6
2021,35890,Non,2150417,bacillus thuringiensis ssp kurstaki souche abts-351,68038-71-1,Insecticide,Autre,,0.061301
2021,35890,Non,2150483,lambda-cyhalothrine,91465-08-6,Insecticide,Santé A,Substitution,0.32
2021,35890,Non,2150484,clopyralid,1702-17-6,Herbicide,Autre,,2.1
2021,35890,Non,2150484,florasulame,145701-23-1,Herbicide,Env A,,0.175
2021,35890,Non,2150785,mesotrione,104206-82-8,Herbicide,Env A,,2.0
2021,35890,Non,2150790,phosphate ferrique,10045-86-0,Molluscicide,Autre,,0.42
2021,35890,Non,2150964,lambda-cyhalothrine,91465-08-6,Insecticide,Santé A,Substitution,0.08
2021,35890,Non,2160115,acide pelargonique,112-05-0,Herbicide,Autre,,0.675582
2021,35890,Non,2160226,phosphate ferrique,10045-86-0,Molluscicide,Autre,,3.872
2021,35890,Non,2160248,dicamba,1918-00-9,Herbicide,Env B,,3.6
2021,35890,Non,2160248,mesotrione,104206-82-8,Herbicide,Env A,,1.5
2021,35890,Non,2160260,metconazole,125116-23-6,Fongicide,CMR,,1.35
2021,35890,Non,2160384,trinexapac-ethyl,95266-40-3,Régulateur de croissance,Env A,,1.25
2021,35890,Non,2160484,difenoconazole,119446-68-3,Fongicide,Env A,,0.6595
2021,35890,Non,2160484,fludioxonil,131341-86-1,Fongicide,Env A,,0.6595
2021,35890,Non,2160556,clomazone,81777-89-1,Herbicide,Env A,,0.72
2021,35890,Non,2160615,soufre triture ventile,7704-34-9,Fongicide,Autre,,0.788
2021,35890,Non,2160752,pyridate,55512-33-9,Herbicide,Env A,,3
2021,35890,Non,2160781,s-metolachlore,87392-12-9,Herbicide,Env A,,14.4
2021,35890,Non,2160814,diflufenicanil,83164-33-4,Herbicide,Env B,,0.5
2021,35890,Non,2160920,fluroxypyr-meptyl,81406-37-3,Herbicide,Autre,,1.945
2021,35890,Non,2160920,metsulfuron-methyl,74223-64-6,Herbicide,Env A,Substitution,0.05
2021,35890,Non,2160920,thifensulfuron-methyle,79277-27-3,Herbicide,Env A,,0.3
2021,35890,Non,2160931,bixafen,581809-46-3,Fongicide,Env A,,13.2925
2021,35890,Non,2160931,fluopyram,658066-35-4,Fongicide,Env A,,13.2925
2021,35890,Non,2160931,prothioconazole,178928-70-6,Fongicide,Env A,,26.585
2021,35890,Non,2160937,cloquintocet-mexyl,99607-70-2,Autre usage – Coformulant / Phytoprotecteur / Synergiste,Autre,,0.180
2021,35890,Non,2160937,florasulame,145701-23-1,Herbicide,Env A,,0.150
2021,35890,Non,2160937,halauxifen-methyl,943831-98-9,Herbicide,Env A,,0.18750
2021,35890,Non,2160959,benzovindiflupyr,1072957-71-1,Fongicide,Santé A,Substitution,3
2021,35890,Non,2160959,prothioconazole,178928-70-6,Fongicide,Env A,,6
2021,35890,Non,2161101,fluxapyroxad,907204-31-3,Fongicide,CMR,,4.5
2021,35890,Non,2161101,pyraclostrobine,175013-18-0,Fongicide,Santé A,,9
2021,35890,Non,2170042,glyphosate,1071-83-6,Herbicide,Env A,,63
2021,35890,Non,2170158,dimethenamide-p (dmta-p),163515-14-8,Herbicide,Env A,,1.665
2021,35890,Non,2170158,quinmerac,90717-03-6,Herbicide,Env B,,0.835
2021,35890,Non,2170230,azoxystrobine,131860-33-8,Fongicide,Santé A,,0.01140
2021,35890,Non,2170230,fludioxonil,131341-86-1,Fongicide,Env A,,0.028500
2021,35890,Non,2170230,metalaxyl-m,70630-17-0,Fongicide,Autre,,0.02204
2021,35890,Non,2170230,thiabendazole,148-79-8,Fongicide,Env A,,0.228
2021,35890,Non,2170243,acide pelargonique,112-05-0,Herbicide,Autre,,7.25
2021,35890,Non,2170381,mesotrione,104206-82-8,Herbicide,Env A,,14.00
2021,35890,Non,2170381,terbuthylazine,5915-41-3,Herbicide,Env A,,66.00
2021,35890,Non,2170421,mesotrione,104206-82-8,Herbicide,Env A,,2.5
2021,35890,Non,2170424,mesotrione,104206-82-8,Herbicide,Env A,,1.5
2021,35890,Non,2170459,fludioxonil,131341-86-1,Fongicide,Env A,,0.105
2021,35890,Non,2170459,sedaxane,874967-67-6,Fongicide,Env A,,0.105
2021,35890,Non,2170686,trinexapac-ethyl,95266-40-3,Régulateur de croissance,Env A,,1.25
2021,35890,Non,2170752,sedaxane,874967-67-6,Fongicide,Env A,,0.01
2021,35890,Non,2170757,prochloraze,67747-09-5,Fongicide,Env A,,6.675
2021,35890,Non,2170757,tebuconazole,107534-96-3,Fongicide,CMR,,3.325
2021,35890,Non,2170933,prohexadione-calcium,127277-53-6,Régulateur de croissance,Env B,,2.55
2021,35890,Non,2170933,trinexapac-ethyl,95266-40-3,Régulateur de croissance,Env A,,3.825
2021,35890,Non,2171236,mesotrione,104206-82-8,Herbicide,Env A,,0.7
2021,35890,Non,2171236,terbuthylazine,5915-41-3,Herbicide,Env A,,3.3
2021,35890,Non,2180124,metalaxyl,57837-19-1,Fongicide,Env B,,0.2374
2021,35890,Non,2180124,prothioconazole,178928-70-6,Fongicide,Env A,,1.187
2021,35890,Non,2180165,dicamba dimethylammonium,2300-66-5,Herbicide,Env B,,4.8
2021,35890,Non,2180256,sulfate de fer monohydrate,17375-41-6,Herbicide - Antimousse,Autre,,2.128
2021,35890,Non,2180260,metaldehyde,108-62-3,Molluscicide,CMR,,6.24
2021,35890,Non,2180404,bacillus subtilis souche qst 713,68038-70-0,Fongicide,Autre,,
2021,35890,Non,2180766,fludioxonil,131341-86-1,Fongicide,Env A,,0.0027
2021,35890,Non,2180766,metalaxyl-m,70630-17-0,Fongicide,Autre,,0.001728
2021,35890,Non,2180766,sedaxane,874967-67-6,Fongicide,Env A,,0.0018
2021,35890,Non,2180865,ipconazole,125225-28-7,Fongicide,CMR,Exclusion,0.01356
2021,35890,Non,2190062,halauxifen-methyl,943831-98-9,Herbicide,Env A,,0.02
2021,35890,Non,2190062,piclorame,1918-02-1,Herbicide,Env A,,0.096
2021,35890,Non,2190173,metaldehyde,108-62-3,Molluscicide,CMR,,2.16
2021,35890,Non,2190173,phosphate ferrique,10045-86-0,Molluscicide,Autre,,3.4992
2021,35890,Non,2190214,aclonifen,74070-46-5,Herbicide,CMR,,58.5
2021,35890,Non,2190214,diflufenicanil,83164-33-4,Herbicide,Env B,,7.8
2021,35890,Non,2190214,flufenacet,142459-58-3,Herbicide,Env A,,9.75
2021,35890,Non,2190215,clomazone,81777-89-1,Herbicide,Env A,,0.72
2021,35890,Non,2190509,mefentrifluconazole,1417782-03-6,Fongicide,Autre,,5.5
2021,35890,Non,2190686,fluxapyroxad,907204-31-3,Fongicide,CMR,,8.75
2021,35890,Non,2190686,mefentrifluconazole,1417782-03-6,Fongicide,Autre,,17.5
2021,35890,Non,2200526,acide pelargonique,112-05-0,Herbicide,Autre,,13.2327
2021,35890,Non,2200756,prohexadione-calcium,127277-53-6,Régulateur de croissance,Env B,,4
2021,35890,Non,7200313,alcools terpeniques,98-55-5,Autre usage – Adjuvant,Autre,,6.65
2021,35890,Non,8100291,metazachlore,67129-08-2,Herbicide,CMR,,2.5
2021,35890,Non,8100345,hymexazol,10004-44-1,Fongicide,Env B,,0.098
2021,35890,Non,8400096,dicamba,1918-00-9,Herbicide,Env B,,6.72
2021,35890,Non,8400574,propyzamide,23950-58-5,Herbicide,CMR,Substitution,4
2021,35890,Non,8700002,chlortoluron,15545-48-9,Herbicide,CMR,,10
2021,35890,Non,8700462,prosulfocarbe,52888-80-9,Herbicide,Env A,,288
2021,35890,Non,8800029,phenmediphame,13684-63-4,Herbicide,Env A,,0.8
2021,35890,Non,8800395,lambda-cyhalothrine,91465-08-6,Insecticide,Santé A,Substitution,0.05
2021,35890,Non,8800395,pyrimicarbe,23103-98-2,Insecticide,CMR,,1
2021,35890,Non,9000222,soufre,7704-34-9,Fongicide,Autre,,112
2021,35890,Non,9000259,amidosulfuron,120923-37-7,Herbicide,Env A,,0.27
2021,35890,Non,9000753,metaldehyde,108-62-3,Molluscicide,CMR,,44.25
2021,35890,Non,9100034,chlormequat chlorure,999-81-5,Régulateur de croissance,Autre,,23
2021,35890,Non,9100296,"2,4-d",94-75-7,Herbicide,Env B,,93
2021,35890,Non,9100418,nicosulfuron,111991-09-4,Herbicide,Env A,,0.96
2021,35890,Non,9200073,triflusulfuron-methyl,126535-15-7,Herbicide,CMR,,0.35
2021,35890,Non,9200215,cymoxanil,57966-95-7,Fongicide,CMR,,0.96
2021,35890,Non,9200215,metirame,9006-42-2,Fongicide,Env A,,11.4
2021,35890,Non,9200482,bacillus thuringiensis ssp kurstaki souche sa-11,68038-71-1,Insecticide,Autre,,0.0255
2021,35890,Non,9400008,triticonazole,131983-72-7,Fongicide,Env A,,0.348
2021,35890,Non,9400463,phenmediphame,13684-63-4,Herbicide,Env A,,1.6
2021,35890,Non,9500147,soufre pour pulverisation (micronise),7704-34-9,Fongicide,Autre,,0.64
2021,35890,Non,9500361,metamitrone,41394-05-2,Herbicide,Env A,,3.5
2021,35890,Non,9600097,cuivre de l'hydroxyde de cuivre,20427-59-2,Fongicide,Santé A,Substitution,0.3024
2021,35890,Non,9600197,carfentrazone ethyl,128639-02-1,Herbicide,Env A,,0.04
2021,35890,Non,9600197,metsulfuron-methyl,74223-64-6,Herbicide,Env A,Substitution,0.01
2021,35890,Non,9600370,"2,4-mcpa",94-74-6,Herbicide,Env A,,1.75
2021,35890,Non,9600370,clopyralid (sous forme de sel de monoethanolamine),57754-85-5,Herbicide,Autre,,0.175
2021,35890,Non,9800277,florasulame,145701-23-1,Herbicide,Env A,,0.05
2021,35890,Non,9800336,lambda-cyhalothrine,91465-08-6,Insecticide,Santé A,Substitution,1.6
2021,35890,Non,9900189,coniothyrium minitans souche con/m/91-08,,Fongicide,Autre,,
2021,35890,Non,9900251,dimethenamide-p (dmta-p),163515-14-8,Herbicide,Env A,,50.4
2021,35890,Non,9900257,cuivre du sulfate de cuivre,8011-63-0,Fongicide,Env A,Substitution,2.4
2021,35890,Non,9900446,cymoxanil,57966-95-7,Fongicide,CMR,,0.166
2021,35890,Non,9900446,fludioxonil,131341-86-1,Fongicide,Env A,,0.083
2021,35890,Non,9900446,metalaxyl-m,70630-17-0,Fongicide,Autre,,0.281536
