annee,code_postal_acheteur,achat_etranger,amm,substance,cas,fonction,classification,classification_mention,quantite_substance
2016,35000,Non,2000018,soufre pour pulverisation (micronise),7704-34-9,Fongicide,Autre,,1.6
2016,35000,Non,2000071,"2,4-d",94-75-7,Herbicide,N Organique,,2.8665
2016,35000,Non,2000071,dicamba,1918-00-9,Herbicide,N Organique,,0.4095
2016,35000,Non,2000071,sulfate de fer (sulfate ferreux heptahydrate),7782-63-0,Herbicide - Antimousse,Autre,,109.78695
2016,35000,Non,2000299,clomazone,81777-89-1,Herbicide,N Organique,,0.72
2016,35000,Non,2000502,chlorpyriphos-methyl,5598-13-0,Insecticide,N Organique,,0.1125
2016,35000,Non,2010023,deltamethrine,52918-63-5,Insecticide,"T, T+, CMR",,0.3
2016,35000,Non,2010035,"2,4-mcpa",94-74-6,Herbicide,N Organique,,3.63
2016,35000,Non,2010035,dichlorprop-p,15165-67-0,Herbicide,Autre,,1.815
2016,35000,Non,2010035,mecoprop-p (mcpp-p),16484-77-8,Herbicide,N Organique,,1.815
2016,35000,Non,2010319,"2,4-mcpa",94-74-6,Herbicide,N Organique,,0.216
2016,35000,Non,2010319,dichlorprop-p,15165-67-0,Herbicide,Autre,,0.216
2016,35000,Non,2010319,glyphosate,1071-83-6,Herbicide,N Organique,,0.288
2016,35000,Non,2010351,iodosulfuron-methyl-sodium,144550-36-7,Herbicide,N Organique,,0.126
2016,35000,Non,2010351,mefenpyr-diethyl,135590-91-9,Autre usage – Coformulant / Phytoprotecteur / Synergiste,Autre,,0.378
2016,35000,Non,2010351,mesosulfuron-methyl,208465-21-8,Herbicide,N Organique,,0.126
2016,35000,Non,2010410,soufre pour pulverisation (micronise),7704-34-9,Fongicide,Autre,,0.6
2016,35000,Non,2010415,glyphosate,1071-83-6,Herbicide,N Organique,,1.35
2016,35000,Non,2010419,iodosulfuron-methyl-sodium,144550-36-7,Herbicide,N Organique,,0.0072
2016,35000,Non,2010419,mefenpyr-diethyl,135590-91-9,Autre usage – Coformulant / Phytoprotecteur / Synergiste,Autre,,0.108
2016,35000,Non,2010419,mesosulfuron-methyl,208465-21-8,Herbicide,N Organique,,0.036
2016,35000,Non,2010509,cuivre du sulfate de cuivre,8011-63-0,Fongicide,N minéral,,0.08
2016,35000,Non,2010618,cuivre du sulfate de cuivre,8011-63-0,Fongicide,N minéral,,0.144
2016,35000,Non,2020003,phosphate ferrique,10045-86-0,Molluscicide,Autre,,0.156915
2016,35000,Non,2020065,metribuzine,21087-64-9,Herbicide,N Organique,,0.14
2016,35000,Non,2020110,mancozebe,8018-01-7,Fongicide,"T, T+, CMR",,0.3445
2016,35000,Non,2020110,zoxamide,156052-68-5,Fongicide,N Organique,,0.03075
2016,35000,Non,2020318,"2,4-mcpa",94-74-6,Herbicide,N Organique,,0.594
2016,35000,Non,2020318,dichlorprop-p,15165-67-0,Herbicide,Autre,,0.594
2016,35000,Non,2020318,glyphosate,1071-83-6,Herbicide,N Organique,,0.792
2016,35000,Non,2030125,deltamethrine,52918-63-5,Insecticide,"T, T+, CMR",,0.0426
2016,35000,Non,2050075,boscalid,188425-85-6,Fongicide,N Organique,,20
2016,35000,Non,2050136,fluorure de sulfuryle,2699-79-8,Insecticide,"T, T+, CMR",,226.546
2016,35000,Non,2050145,diflufenicanil,83164-33-4,Herbicide,N Organique,,3.628
2016,35000,Non,2050145,glyphosate,1071-83-6,Herbicide,N Organique,,22.675
2016,35000,Non,2050146,diflufenicanil,83164-33-4,Herbicide,N Organique,,2.064
2016,35000,Non,2050146,glyphosate,1071-83-6,Herbicide,N Organique,,12.9
2016,35000,Non,2060045,huile vegetale,,SA non phyto - Divers,Autre,,0.07
2016,35000,Non,2060045,resines (colophane),8050-09-7,SA non phyto - Divers,Autre,,0.68
2016,35000,Non,2060050,metrafenone,220899-03-6,Fongicide,N Organique,,0.05
2016,35000,Non,2060085,boscalid,188425-85-6,Fongicide,N Organique,,0.02
2016,35000,Non,2060085,kresoxim-methyl,143390-89-0,Fongicide,"T, T+, CMR",,0.01
2016,35000,Non,2060088,benoxacor,98730-04-2,Autre usage – Coformulant / Phytoprotecteur / Synergiste,Autre,,5.9
2016,35000,Non,2060088,mesotrione,104206-82-8,Herbicide,N Organique,,11.8
2016,35000,Non,2060088,s-metolachlore,87392-12-9,Herbicide,N Organique,,118
2016,35000,Non,2060137,ethofumesate,26225-79-6,Herbicide,N Organique,,5
2016,35000,Non,2060175,metaldehyde,108-62-3,Molluscicide,Autre,,0.39
2016,35000,Non,2070221,metazachlore,67129-08-2,Herbicide,"T, T+, CMR",,7.2
2016,35000,Non,2070221,quinmerac,90717-03-6,Herbicide,N Organique,,1.8
2016,35000,Non,2080018,acetamipride,135410-20-7,Insecticide,N Organique,,0.023
2016,35000,Non,2080026,nicosulfuron,111991-09-4,Herbicide,N Organique,,3.6
2016,35000,Non,2080054,acetamipride,135410-20-7,Insecticide,N Organique,,0.00099
2016,35000,Non,2080101,acetamipride,135410-20-7,Insecticide,N Organique,,1.6
2016,35000,Non,2080103,thiophanate-methyl,23564-05-8,Fongicide,"T, T+, CMR",,40
2016,35000,Non,2080117,prosulfuron,94125-34-5,Herbicide,N Organique,,1.1625
2016,35000,Non,2080145,diflufenicanil,83164-33-4,Herbicide,N Organique,,1
2016,35000,Non,2080145,flufenacet,142459-58-3,Herbicide,N Organique,,2
2016,35000,Non,2090016,imazamox,114311-32-9,Herbicide,N Organique,,0.334
2016,35000,Non,2090016,pendimethaline,40487-42-1,Herbicide,N Organique,,5.0
2016,35000,Non,2090024,sulcotrione,99105-77-8,Herbicide,"T, T+, CMR",,7.5
2016,35000,Non,2090036,glyphosate,1071-83-6,Herbicide,N Organique,,0.546
2016,35000,Non,2090037,dicamba,1918-00-9,Herbicide,N Organique,,7.5
2016,35000,Non,2090037,prosulfuron,94125-34-5,Herbicide,N Organique,,0.75
2016,35000,Non,2090041,cloquintocet-mexyl,99607-70-2,Autre usage – Coformulant / Phytoprotecteur / Synergiste,Autre,,0.3
2016,35000,Non,2090041,pyroxsulame,422556-08-9,Herbicide,"T, T+, CMR",,0.3
2016,35000,Non,2090057,metsulfuron-methyl,74223-64-6,Herbicide,N Organique,,0.08325
2016,35000,Non,2090057,tribenuron-methyle,101200-48-0,Herbicide,N Organique,,0.1665
2016,35000,Non,2090064,imazamox,114311-32-9,Herbicide,N Organique,,0.2
2016,35000,Non,2090090,thiamethoxam,153719-23-4,Insecticide,N Organique,,0.06
2016,35000,Non,2090124,acide pelargonique,112-05-0,Herbicide,Autre,,0.317955
2016,35000,Non,2090124,hydrazide maleique,123-33-1,Régulateur de croissance,Autre,,0.050738
2016,35000,Non,2090132,cuivre du sulfate tribasique,12527-76-3,Fongicide,N minéral,,0.37324
2016,35000,Non,2090132,zoxamide,156052-68-5,Fongicide,N Organique,,0.056
2016,35000,Non,2090160,glyphosate,1071-83-6,Herbicide,N Organique,,7.2
2016,35000,Non,2090164,glyphosate,1071-83-6,Herbicide,N Organique,,310.32
2016,35000,Non,2090165,glyphosate,1071-83-6,Herbicide,N Organique,,5.4
2016,35000,Non,2090178,tebuconazole,107534-96-3,Fongicide,"T, T+, CMR",,0.001219
2016,35000,Non,2090178,trifloxystrobine,141517-21-7,Fongicide,N Organique,,0.001219
2016,35000,Non,2090199,huile de colza,8002-13-9,Insecticide,Autre,,1.6506
2016,35000,Non,2090199,pyrethrines,8003-34-7,Insecticide,N Organique,,0.00918
2016,35000,Non,2100037,boscalid,188425-85-6,Fongicide,N Organique,,1
2016,35000,Non,2100037,dimoxystrobine,149961-52-4,Fongicide,"T, T+, CMR",,1
2016,35000,Non,2100051,ipconazole,125225-28-7,Fongicide,N Organique,,0.0081
2016,35000,Non,2100078,deltamethrine,52918-63-5,Insecticide,"T, T+, CMR",,0.000219
2016,35000,Non,2100083,"2,4-d",94-75-7,Herbicide,N Organique,,8.3475
2016,35000,Non,2100083,"2,4-mcpa",94-74-6,Herbicide,N Organique,,8.3475
2016,35000,Non,2100083,dicamba,1918-00-9,Herbicide,N Organique,,2.385
2016,35000,Non,2100083,mecoprop-p (mcpp-p),16484-77-8,Herbicide,N Organique,,5.0085
2016,35000,Non,2100098,glyphosate,1071-83-6,Herbicide,N Organique,,14.4
2016,35000,Non,2100108,prothioconazole,178928-70-6,Fongicide,"T, T+, CMR",,2.5
2016,35000,Non,2100108,tebuconazole,107534-96-3,Fongicide,"T, T+, CMR",,2.5
2016,35000,Non,2100111,mesotrione,104206-82-8,Herbicide,N Organique,,1.875
2016,35000,Non,2100111,nicosulfuron,111991-09-4,Herbicide,N Organique,,0.75
2016,35000,Non,2100121,chlorantraniliprole,500008-45-7,Insecticide,N Organique,,5
2016,35000,Non,2100122,chlorantraniliprole,500008-45-7,Insecticide,N Organique,,1.89
2016,35000,Non,2100138,cloquintocet-mexyl,99607-70-2,Autre usage – Coformulant / Phytoprotecteur / Synergiste,Autre,,0.250
2016,35000,Non,2100138,pinoxaden,243973-20-8,Herbicide,"T, T+, CMR",,1.0
2016,35000,Non,2100140,clodinafop-propargyl,105512-06-9,Herbicide,N Organique,,0.875
2016,35000,Non,2100140,cloquintocet-mexyl,99607-70-2,Autre usage – Coformulant / Phytoprotecteur / Synergiste,Autre,,0.21875
2016,35000,Non,2100140,pinoxaden,243973-20-8,Herbicide,"T, T+, CMR",,0.875
2016,35000,Non,2100177,isoxadifen-ethyl,163520-33-0,Autre usage – Coformulant / Phytoprotecteur / Synergiste,N Organique,,4.8
2016,35000,Non,2100177,tembotrione,335104-84-2,Herbicide,"T, T+, CMR",,9.6
2016,35000,Non,2100181,fluopicolide,239110-15-7,Fongicide,N Organique,,0.0333
2016,35000,Non,2100181,fosetyl-aluminium,39148-24-8,Fongicide,Autre,,0.500025
2016,35000,Non,2100184,picolinafen,137641-05-5,Herbicide,N Organique,,1.0005
2016,35000,Non,2100184,tritosulfuron,142469-14-5,Herbicide,N Organique,,1.0005
2016,35000,Non,2100221,ametoctradine,865318-97-4,Fongicide,Autre,,0.084
2016,35000,Non,2100221,metirame,9006-42-2,Fongicide,N Organique,,0.308
2016,35000,Non,2100231,emamectine benzoate,155569-91-8,Insecticide,"T, T+, CMR",,0.475
2016,35000,Non,2110018,difenoconazole,119446-68-3,Fongicide,N Organique,,0.035
2016,35000,Non,2110018,fludioxonil,131341-86-1,Fongicide,N Organique,,0.035
2016,35000,Non,2110033,acide pelargonique,112-05-0,Herbicide,Autre,,0.12408
2016,35000,Non,2110040,bacillus subtilis,68038-70-0,Fongicide,Autre,,0.03134
2016,35000,Non,2110063,clopyralid,1702-17-6,Herbicide,Autre,,0.216
2016,35000,Non,2110084,butoxyde de piperonyle,51-03-6,Autre usage – Coformulant / Phytoprotecteur / Synergiste,Autre,,0.00135
2016,35000,Non,2110084,pyrethrines,8003-34-7,Insecticide,N Organique,,0.000188
2016,35000,Non,2110105,azoxystrobine,131860-33-8,Fongicide,"T, T+, CMR",,2.5
2016,35000,Non,2110121,thiaclopride,111988-49-9,Insecticide,"T, T+, CMR",,0.144
2016,35000,Non,2110135,glyphosate,1071-83-6,Herbicide,N Organique,,2.88
2016,35000,Non,2110147,fludioxonil,131341-86-1,Fongicide,N Organique,,0.125
2016,35000,Non,2110149,huile de colza,8002-13-9,Insecticide,Autre,,0.51376
2016,35000,Non,2110150,huile de colza,8002-13-9,Insecticide,Autre,,8.9355
2016,35000,Non,2110177,chlorothalonil,1897-45-6,Fongicide,"T, T+, CMR",,7.5
2016,35000,Non,2110177,cyproconazole,94361-06-5,Fongicide,"T, T+, CMR",,1
2016,35000,Non,2110177,propiconazole,60207-90-1,Fongicide,N Organique,,1.25
2016,35000,Non,2110178,bixafen,581809-46-3,Fongicide,N Organique,,1.125
2016,35000,Non,2110178,prothioconazole,178928-70-6,Fongicide,"T, T+, CMR",,2.25
2016,35000,Non,2120008,glyphosate,1071-83-6,Herbicide,N Organique,,3.24
2016,35000,Non,2120015,glyphosate,1071-83-6,Herbicide,N Organique,,0.00648
2016,35000,Non,2120018,glyphosate,1071-83-6,Herbicide,N Organique,,22.728
2016,35000,Non,2120034,glyphosate,1071-83-6,Herbicide,N Organique,,76.8
2016,35000,Non,2120048,aminopyralid,150114-71-9,Herbicide,N Organique,,0.51
2016,35000,Non,2120048,triclopyr,55335-06-3,Herbicide,N Organique,,4.08
2016,35000,Non,2120057,graisse de mouton,,Autre usage - Répulsif,Autre,,0.32
2016,35000,Non,2120063,fluopicolide,239110-15-7,Fongicide,N Organique,,0.1375
2016,35000,Non,2120063,propamocarbe,24579-73-5,Fongicide,Autre,,1.375
2016,35000,Non,2120075,dimethenamide-p (dmta-p),163515-14-8,Herbicide,N Organique,,5
2016,35000,Non,2120075,metazachlore,67129-08-2,Herbicide,"T, T+, CMR",,5
2016,35000,Non,2120075,quinmerac,90717-03-6,Herbicide,N Organique,,2.5
2016,35000,Non,2120089,diflufenicanil,83164-33-4,Herbicide,N Organique,,0.18
2016,35000,Non,2120089,glyphosate,1071-83-6,Herbicide,N Organique,,1.44
2016,35000,Non,2120089,mecoprop (mcpp),7085-19-0,Herbicide,N Organique,,0.72
2016,35000,Non,2120116,acide pelargonique,112-05-0,Herbicide,Autre,,5.202
2016,35000,Non,2120116,glyphosate,1071-83-6,Herbicide,N Organique,,1.836
2016,35000,Non,2120118,"2,4-d",94-75-7,Herbicide,N Organique,,0.116
2016,35000,Non,2120118,triclopyr,55335-06-3,Herbicide,N Organique,,0.1294
2016,35000,Non,2120120,bentazone,25057-89-0,Herbicide,N Organique,,2.4
2016,35000,Non,2120120,imazamox,114311-32-9,Herbicide,N Organique,,0.112
2016,35000,Non,2120133,fluroxypyr,69377-81-7,Herbicide,N Organique,,0.99
2016,35000,Non,2120133,triclopyr,55335-06-3,Herbicide,N Organique,,2.97
2016,35000,Non,2120155,diflufenicanil,83164-33-4,Herbicide,N Organique,,0.00675
2016,35000,Non,2120155,glyphosate,1071-83-6,Herbicide,N Organique,,0.054
2016,35000,Non,2120155,mecoprop (mcpp),7085-19-0,Herbicide,N Organique,,0.027
2016,35000,Non,2120157,acide pelargonique,112-05-0,Herbicide,Autre,,0.9996
2016,35000,Non,2120157,glyphosate,1071-83-6,Herbicide,N Organique,,0.3528
2016,35000,Non,2120174,acide pelargonique,112-05-0,Herbicide,Autre,,1.3069
2016,35000,Non,2120174,hydrazide maleique,123-33-1,Régulateur de croissance,Autre,,0.21
2016,35000,Non,2120194,metsulfuron-methyl,74223-64-6,Herbicide,N Organique,,0.04
2016,35000,Non,2120213,deltamethrine,52918-63-5,Insecticide,"T, T+, CMR",,0.0009
2016,35000,Non,2120213,tebuconazole,107534-96-3,Fongicide,"T, T+, CMR",,0.018
2016,35000,Non,2130040,"2,4-d",94-75-7,Herbicide,N Organique,,0.6
2016,35000,Non,2130049,cyflufenamid,180409-60-3,Fongicide,N Organique,,0.009
2016,35000,Non,2130049,difenoconazole,119446-68-3,Fongicide,N Organique,,0.018
2016,35000,Non,2130063,nicosulfuron,111991-09-4,Herbicide,N Organique,,0.2
2016,35000,Non,2130075,metaldehyde,108-62-3,Molluscicide,Autre,,1.6
2016,35000,Non,2130093,diflufenicanil,83164-33-4,Herbicide,N Organique,,0.012672
2016,35000,Non,2130093,glyphosate,1071-83-6,Herbicide,N Organique,,0.0792
2016,35000,Non,2130126,sulfate de fer (sulfate ferreux heptahydrate),7782-63-0,Herbicide - Antimousse,Autre,,31.416
2016,35000,Non,2130151,hydrazide maleique,123-33-1,Régulateur de croissance,Autre,,0.408
2016,35000,Non,2130152,fluopyram,658066-35-4,Fongicide,"T, T+, CMR",,0.025
2016,35000,Non,2130152,trifloxystrobine,141517-21-7,Fongicide,N Organique,,0.025
2016,35000,Non,2130202,fluopyram,658066-35-4,Fongicide,"T, T+, CMR",,0.625
2016,35000,Non,2130202,prothioconazole,178928-70-6,Fongicide,"T, T+, CMR",,0.625
2016,35000,Non,2130240,fosetyl-aluminium,39148-24-8,Fongicide,Autre,,0.12
2016,35000,Non,2140121,acide pelargonique,112-05-0,Herbicide,Autre,,36.603115
2016,35000,Non,2140167,acide decanoique,334-48-5,Herbicide - Antimousse,Autre,,0.1188
2016,35000,Non,2140167,acide octanoique,124-07-2,Herbicide - Antimousse,Autre,,0.1782
2016,35000,Non,2140173,fluxapyroxad,907204-31-3,Fongicide,"T, T+, CMR",,1.25
2016,35000,Non,2140173,metconazole,125116-23-6,Fongicide,"T, T+, CMR",,0.9
2016,35000,Non,2150011,tebuconazole,107534-96-3,Fongicide,"T, T+, CMR",,0.215
2016,35000,Non,2150084,mesotrione,104206-82-8,Herbicide,N Organique,,4
2016,35000,Non,2150098,azoxystrobine,131860-33-8,Fongicide,"T, T+, CMR",,21.21
2016,35000,Non,2150098,propiconazole,60207-90-1,Fongicide,N Organique,,18.36
2016,35000,Non,2150417,bacillus thuringiensis ssp kurstaki,68038-71-1,Insecticide,Autre,,0.243
2016,35000,Non,2150790,phosphate ferrique,10045-86-0,Molluscicide,Autre,,0.523
2016,35000,Non,6500402,"2,4-d",94-75-7,Herbicide,N Organique,,4.8
2016,35000,Non,7500004,butoxyde de piperonyle,51-03-6,Autre usage – Coformulant / Phytoprotecteur / Synergiste,Autre,,0.012
2016,35000,Non,7500004,pyrethrines,8003-34-7,Insecticide,N Organique,,0.0024
2016,35000,Non,7700078,diquat,85-00-7,Herbicide,"T, T+, CMR",,6
2016,35000,Non,7700706,"2,4-d",94-75-7,Herbicide,N Organique,,0.021
2016,35000,Non,7700706,dicamba,1918-00-9,Herbicide,N Organique,,0.003
2016,35000,Non,8100462,huile vegetale,,SA non phyto - Divers,Autre,,0.0552
2016,35000,Non,8100462,resines (colophane),8050-09-7,SA non phyto - Divers,Autre,,0.546
2016,35000,Non,8400096,dicamba,1918-00-9,Herbicide,N Organique,,12.48
2016,35000,Non,8500351,acide b-indole butyrique (aib),133-32-4,Régulateur de croissance,"T, T+, CMR",,2
2016,35000,Non,8600243,aclonifen,74070-46-5,Herbicide,"T, T+, CMR",,6
2016,35000,Non,8700020,flurochloridone,61213-25-0,Herbicide,"T, T+, CMR",,1.25
2016,35000,Non,8700621,propiconazole,60207-90-1,Fongicide,N Organique,,0.01125
2016,35000,Non,8800199,propaquizafop,111479-05-1,Herbicide,N Organique,,0.2
2016,35000,Non,8800395,lambda-cyhalothrine,91465-08-6,Insecticide,"T, T+, CMR",,0.025
2016,35000,Non,8800395,pyrimicarbe,23103-98-2,Insecticide,"T, T+, CMR",,0.5
2016,35000,Non,8800504,butoxyde de piperonyle,51-03-6,Autre usage – Coformulant / Phytoprotecteur / Synergiste,Autre,,5.625
2016,35000,Non,8800504,deltamethrine,52918-63-5,Insecticide,"T, T+, CMR",,0.625
2016,35000,Non,8820680,fer sous forme de sulfate de fer,7720-78-7,Herbicide - Antimousse,Autre,,18.3456
2016,35000,Non,9000184,"2,4-mcpa",94-74-6,Herbicide,N Organique,,1
2016,35000,Non,9000184,clopyralid (sous forme de sel de monoethanolamine),57754-85-5,Herbicide,Autre,,0.1
2016,35000,Non,9000184,fluroxypyr,69377-81-7,Herbicide,N Organique,,0.2
2016,35000,Non,9000359,cire d'abeille,,SA non phyto - Divers,Autre,,1.0525
2016,35000,Non,9000359,huile de resine,8050-18-8,SA non phyto - Divers,Autre,,1.53
2016,35000,Non,9000359,resines (colophane),8050-09-7,SA non phyto - Divers,Autre,,2.005
2016,35000,Non,9000360,cire d'abeille,,SA non phyto - Divers,Autre,,0.648
2016,35000,Non,9000360,huile de resine,8050-18-8,SA non phyto - Divers,Autre,,1.2363
2016,35000,Non,9000360,resines (colophane),8050-09-7,SA non phyto - Divers,Autre,,0.354
2016,35000,Non,9000361,goudrons de pin,8011-48-1,SA non phyto - Divers,Autre,,12.8
2016,35000,Non,9000490,cycloxydime,101205-02-1,Herbicide,"T, T+, CMR",,8.5
2016,35000,Non,9000691,butoxyde de piperonyle,51-03-6,Autre usage – Coformulant / Phytoprotecteur / Synergiste,Autre,,33.6
2016,35000,Non,9000691,pyrethrines,8003-34-7,Insecticide,N Organique,,4.2
2016,35000,Non,9000741,tetraconazole,112281-77-3,Fongicide,N Organique,,1.25
2016,35000,Non,9100156,diflubenzuron,35367-38-5,Insecticide,N Organique,,22.5
2016,35000,Non,9100231,metaldehyde,108-62-3,Molluscicide,Autre,,6.1
2016,35000,Non,9100418,nicosulfuron,111991-09-4,Herbicide,N Organique,,4.0
2016,35000,Non,9100525,tebufenpyrad,119168-77-3,Insecticide - Acaricide,"T, T+, CMR",,0.016
2016,35000,Non,9100537,glyphosate,1071-83-6,Herbicide,N Organique,,7.2
2016,35000,Non,9100558,cypermethrine,52315-07-8,Insecticide,N Organique,,0.0415
2016,35000,Non,9200056,acide b-indole butyrique (aib),133-32-4,Régulateur de croissance,"T, T+, CMR",,0.01
2016,35000,Non,9200091,imidaclopride,138261-41-3,Insecticide,N Organique,,0.49
2016,35000,Non,9200135,cypermethrine,52315-07-8,Insecticide,N Organique,,0.0175
2016,35000,Non,9200392,"2,4-mcpa",94-74-6,Herbicide,N Organique,,0.2
2016,35000,Non,9200392,clopyralid (sous forme de sel de monoethanolamine),57754-85-5,Herbicide,Autre,,0.02
2016,35000,Non,9200392,fluroxypyr,69377-81-7,Herbicide,N Organique,,0.04
2016,35000,Non,9200461,chlormequat chlorure,999-81-5,Régulateur de croissance,Autre,,12.075
2016,35000,Non,9200461,mepiquat-chlorure,24307-26-4,Régulateur de croissance,N Organique,,4.025
2016,35000,Non,9200482,bacillus thuringiensis serotype 3a 3b,68038-71-1,Insecticide,Autre,,
2016,35000,Non,9200532,polybutene,9003-29-6,SA non phyto - Divers,Autre,,1.352
2016,35000,Non,9200532,polyisobutene,115-11-7,SA non phyto - Divers,Autre,,0.728
2016,35000,Non,9300189,fluroxypyr,69377-81-7,Herbicide,N Organique,,0.1
2016,35000,Non,9300189,triclopyr,55335-06-3,Herbicide,N Organique,,0.3
2016,35000,Non,9300241,glyphosate,1071-83-6,Herbicide,N Organique,,6.80
2016,35000,Non,9300338,prochloraze,67747-09-5,Fongicide,N Organique,,6.75
2016,35000,Non,9400039,huile de colza,8002-13-9,Insecticide,Autre,,0.632
2016,35000,Non,9400109,"2,4-d",94-75-7,Herbicide,N Organique,,3.689
2016,35000,Non,9400109,dicamba,1918-00-9,Herbicide,N Organique,,0.527
2016,35000,Non,9400134,diflufenicanil,83164-33-4,Herbicide,N Organique,,0.5
2016,35000,Non,9400134,flurtamone,96525-23-4,Herbicide,N Organique,,1.25
2016,35000,Non,9400367,chlorothalonil,1897-45-6,Fongicide,"T, T+, CMR",,7.5
2016,35000,Non,9400367,cyproconazole,94361-06-5,Fongicide,"T, T+, CMR",,0.8
2016,35000,Non,9400389,chlorothalonil,1897-45-6,Fongicide,"T, T+, CMR",,3.75
2016,35000,Non,9400389,pyrimethanil,53112-28-0,Fongicide,N Organique,,1.5
2016,35000,Non,9420113,"2,4-d",94-75-7,Herbicide,N Organique,,7.308
2016,35000,Non,9420113,dicamba,1918-00-9,Herbicide,N Organique,,1.044
2016,35000,Non,9420113,sulfate de fer (sulfate ferreux heptahydrate),7782-63-0,Herbicide - Antimousse,Autre,,522
2016,35000,Non,9500135,metaldehyde,108-62-3,Molluscicide,Autre,,0.5
2016,35000,Non,9500147,soufre pour pulverisation (micronise),7704-34-9,Fongicide,Autre,,4.8
2016,35000,Non,9500296,cire d'abeille,,SA non phyto - Divers,Autre,,0.01
2016,35000,Non,9500296,colophane,8050-09-7,SA non phyto - Divers,Autre,,0.07
2016,35000,Non,9500296,huile de resine,8050-18-8,SA non phyto - Divers,Autre,,0.08
2016,35000,Non,9500296,huile de ricin,8001-79-4,SA non phyto - Divers,Autre,,0.04
2016,35000,Non,9500302,cuivre du sulfate de cuivre,8011-63-0,Fongicide,N minéral,,15.1
2016,35000,Non,9500323,phosphure d'aluminium,20859-73-8,Insecticide,"T, T+, CMR",,11.76
2016,35000,Non,9500341,soufre,7704-34-9,Fongicide,Autre,,6
2016,35000,Non,9500484,"2,4-mcpa",94-74-6,Herbicide,N Organique,,7.2
2016,35000,Non,9500484,dicamba,1918-00-9,Herbicide,N Organique,,0.6
2016,35000,Non,9500568,cyprodinil,121552-61-2,Fongicide,N Organique,,1.875
2016,35000,Non,9500568,fludioxonil,131341-86-1,Fongicide,N Organique,,1.25
2016,35000,Non,9500581,chlormequat chlorure,999-81-5,Régulateur de croissance,Autre,,4.5
2016,35000,Non,9500581,ethephon,16672-87-0,Régulateur de croissance,"T, T+, CMR",,2.25
2016,35000,Non,9500628,bentazone,25057-89-0,Herbicide,N Organique,,39.15
2016,35000,Non,9600001,cymoxanil,57966-95-7,Fongicide,"T, T+, CMR",,0.052
2016,35000,Non,9600001,folpel,133-07-3,Fongicide,"T, T+, CMR",,0.325
2016,35000,Non,9600001,fosetyl-aluminium,39148-24-8,Fongicide,Autre,,0.65
2016,35000,Non,9600022,huile de vaseline,8042-47-5,Insecticide - Acaricide,Autre,,1.4706
2016,35000,Non,9600319,glyphosate,1071-83-6,Herbicide,N Organique,,7.2
2016,35000,Non,9600386,fosetyl-aluminium,39148-24-8,Fongicide,Autre,,2.24
2016,35000,Non,9600404,"2,4-d",94-75-7,Herbicide,N Organique,,4.35
2016,35000,Non,9600404,"2,4-mcpa",94-74-6,Herbicide,N Organique,,5.075
2016,35000,Non,9600404,clopyralid,1702-17-6,Herbicide,Autre,,1.015
2016,35000,Non,9700332,azoxystrobine,131860-33-8,Fongicide,"T, T+, CMR",,11.27
2016,35000,Non,9800018,clomazone,81777-89-1,Herbicide,N Organique,,0.45
2016,35000,Non,9800018,dimethachlore,50563-36-5,Herbicide,N Organique,,2.8125
2016,35000,Non,9800018,napropamide,15299-99-7,Herbicide,N Organique,,2.8125
2016,35000,Non,9800096,huile minerale paraffinique,8042-47-5,Insecticide - Acaricide,Autre,,1.6
2016,35000,Non,9800182,s-metolachlore,87392-12-9,Herbicide,N Organique,,14.4
2016,35000,Non,9800244,fenhexamide,126833-17-8,Fongicide,N Organique,,0.03
2016,35000,Non,9800259,benoxacor,98730-04-2,Autre usage – Coformulant / Phytoprotecteur / Synergiste,Autre,,4.05
2016,35000,Non,9800259,s-metolachlore,87392-12-9,Herbicide,N Organique,,82.35
2016,35000,Non,9800420,spiroxamine,118134-30-8,Fongicide,N Organique,,0.1
2016,35000,Non,9800481,fleur de chaux (chaux eteinte),1305-62-0,SA non phyto - Divers,Autre,,3.9
2016,35000,Non,9900119,isoxaben,82558-50-7,Herbicide,N Organique,,0.017212
2016,35000,Non,9900119,oryzalin,19044-88-3,Herbicide,"T, T+, CMR",,0.071496
2016,35000,Non,9900134,fenbuconazole,114369-43-6,Fongicide,N Organique,,0.008
2016,35000,Non,9900189,coniothyrium minitans souche con/m/91-08,,Fongicide,Autre,,4.8
2016,35000,Non,9900262,flazasulfuron,104040-78-0,Herbicide,N Organique,,0.1
2016,35000,Non,9900282,cuivre de l'oxychlorure de cuivre,1332-40-7,Fongicide,"T, T+, CMR",,0.45045
2016,35131,Non,2000201,silthiofam,175217-20-6,Fongicide,N Organique,,0.2925
2016,35131,Non,2000299,clomazone,81777-89-1,Herbicide,N Organique,,1.08
2016,35131,Non,2010025,desmediphame,13684-56-5,Herbicide,N Organique,,0.375
2016,35131,Non,2010025,ethofumesate,26225-79-6,Herbicide,N Organique,,2.265
2016,35131,Non,2010025,phenmediphame,13684-63-4,Herbicide,N Organique,,1.125
2016,35131,Non,2010030,mepiquat-chlorure,24307-26-4,Régulateur de croissance,N Organique,,13.5
2016,35131,Non,2010030,prohexadione-calcium,127277-53-6,Régulateur de croissance,N Organique,,2.25
2016,35131,Non,2010509,cuivre du sulfate de cuivre,8011-63-0,Fongicide,N minéral,,0.2
2016,35131,Non,2020049,iodosulfuron-methyl-sodium,144550-36-7,Herbicide,N Organique,,0.0108
2016,35131,Non,2020049,mefenpyr-diethyl,135590-91-9,Autre usage – Coformulant / Phytoprotecteur / Synergiste,Autre,,0.162
2016,35131,Non,2020049,mesosulfuron-methyl,208465-21-8,Herbicide,N Organique,,0.054
2016,35131,Non,2020224,iodosulfuron-methyl-sodium,144550-36-7,Herbicide,N Organique,,0.072
2016,35131,Non,2020224,mefenpyr-diethyl,135590-91-9,Autre usage – Coformulant / Phytoprotecteur / Synergiste,Autre,,0.216
2016,35131,Non,2020224,mesosulfuron-methyl,208465-21-8,Herbicide,N Organique,,0.072
2016,35131,Non,2020474,metazachlore,67129-08-2,Herbicide,"T, T+, CMR",,7.5
2016,35131,Non,2030125,deltamethrine,52918-63-5,Insecticide,"T, T+, CMR",,0.03
2016,35131,Non,2030255,tebuconazole,107534-96-3,Fongicide,"T, T+, CMR",,8.75
2016,35131,Non,2030323,fludioxonil,131341-86-1,Fongicide,N Organique,,0.6
2016,35131,Non,2040146,tefluthrine,79538-32-2,Insecticide,"T, T+, CMR",,2.604
2016,35131,Non,2040199,metamitrone,41394-05-2,Herbicide,N Organique,,3.5
2016,35131,Non,2050146,diflufenicanil,83164-33-4,Herbicide,N Organique,,0.016
2016,35131,Non,2050146,glyphosate,1071-83-6,Herbicide,N Organique,,0.1
2016,35131,Non,2060091,diflufenicanil,83164-33-4,Herbicide,N Organique,,1.875
2016,35131,Non,2060091,isoproturon,34123-59-6,Herbicide,"T, T+, CMR",,15
2016,35131,Non,2060115,azoxystrobine,131860-33-8,Fongicide,"T, T+, CMR",,1
2016,35131,Non,2060115,cyproconazole,94361-06-5,Fongicide,"T, T+, CMR",,0.4
2016,35131,Non,2060118,fluoxastrobine,361377-29-9,Fongicide,"T, T+, CMR",,0.25
2016,35131,Non,2060118,prothioconazole,178928-70-6,Fongicide,"T, T+, CMR",,0.5
2016,35131,Non,2060194,tefluthrine,79538-32-2,Insecticide,"T, T+, CMR",,0.54
2016,35131,Non,2080026,nicosulfuron,111991-09-4,Herbicide,N Organique,,3.3
2016,35131,Non,2080112,thirame,137-26-8,Fongicide,N Organique,,2.2272
2016,35131,Non,2080124,metsulfuron-methyl,74223-64-6,Herbicide,N Organique,,0.24
2016,35131,Non,2080125,metsulfuron-methyl,74223-64-6,Herbicide,N Organique,,0.06
2016,35131,Non,2090008,thirame,137-26-8,Fongicide,N Organique,,0.34112
2016,35131,Non,2090028,metamitrone,41394-05-2,Herbicide,N Organique,,3.5
2016,35131,Non,2090037,dicamba,1918-00-9,Herbicide,N Organique,,6
2016,35131,Non,2090037,prosulfuron,94125-34-5,Herbicide,N Organique,,0.6
2016,35131,Non,2090054,metsulfuron-methyl,74223-64-6,Herbicide,N Organique,,0.143
2016,35131,Non,2090054,tribenuron-methyle,101200-48-0,Herbicide,N Organique,,0.143
2016,35131,Non,2090069,bromoxynil,1689-84-5,Herbicide,"T, T+, CMR",,3.525
2016,35131,Non,2090092,epoxiconazole,133855-98-8,Fongicide,"T, T+, CMR",,1.5
2016,35131,Non,2090092,metconazole,125116-23-6,Fongicide,"T, T+, CMR",,1.1
2016,35131,Non,2090153,dicamba,1918-00-9,Herbicide,N Organique,,0.48
2016,35131,Non,2090153,tritosulfuron,142469-14-5,Herbicide,N Organique,,0.1
2016,35131,Non,2090160,glyphosate,1071-83-6,Herbicide,N Organique,,36.0
2016,35131,Non,2090199,huile de colza,8002-13-9,Insecticide,Autre,,0.8253
2016,35131,Non,2090199,pyrethrines,8003-34-7,Insecticide,N Organique,,0.00459
2016,35131,Non,2100009,thifensulfuron-methyle,79277-27-3,Herbicide,N Organique,,0.05994
2016,35131,Non,2100009,tribenuron-methyle,101200-48-0,Herbicide,N Organique,,0.03006
2016,35131,Non,2100015,thifensulfuron-methyle,79277-27-3,Herbicide,N Organique,,0.09
2016,35131,Non,2100030,phosphate ferrique,10045-86-0,Molluscicide,Autre,,3.564
2016,35131,Non,2100056,prothioconazole,178928-70-6,Fongicide,"T, T+, CMR",,2.4
2016,35131,Non,2100056,spiroxamine,118134-30-8,Fongicide,N Organique,,4.5
2016,35131,Non,2100057,prothioconazole,178928-70-6,Fongicide,"T, T+, CMR",,7.000
2016,35131,Non,2100057,trifloxystrobine,141517-21-7,Fongicide,N Organique,,3.52
2016,35131,Non,2100108,prothioconazole,178928-70-6,Fongicide,"T, T+, CMR",,1.25
2016,35131,Non,2100108,tebuconazole,107534-96-3,Fongicide,"T, T+, CMR",,1.25
2016,35131,Non,2100111,mesotrione,104206-82-8,Herbicide,N Organique,,0.375
2016,35131,Non,2100111,nicosulfuron,111991-09-4,Herbicide,N Organique,,0.15
2016,35131,Non,2100138,cloquintocet-mexyl,99607-70-2,Autre usage – Coformulant / Phytoprotecteur / Synergiste,Autre,,0.5000
2016,35131,Non,2100138,pinoxaden,243973-20-8,Herbicide,"T, T+, CMR",,2.00
2016,35131,Non,2100140,clodinafop-propargyl,105512-06-9,Herbicide,N Organique,,0.125
2016,35131,Non,2100140,cloquintocet-mexyl,99607-70-2,Autre usage – Coformulant / Phytoprotecteur / Synergiste,Autre,,0.03125
2016,35131,Non,2100140,pinoxaden,243973-20-8,Herbicide,"T, T+, CMR",,0.125
2016,35131,Non,2100151,pyraclostrobine,175013-18-0,Fongicide,"T, T+, CMR",,0.666
2016,35131,Non,2100234,diflufenicanil,83164-33-4,Herbicide,N Organique,,1.2
2016,35131,Non,2100234,iodosulfuron-methyl-sodium,144550-36-7,Herbicide,N Organique,,0.075
2016,35131,Non,2100234,mefenpyr-diethyl,135590-91-9,Autre usage – Coformulant / Phytoprotecteur / Synergiste,Autre,,0.27
2016,35131,Non,2100234,mesosulfuron-methyl,208465-21-8,Herbicide,N Organique,,0.09
2016,35131,Non,2110018,difenoconazole,119446-68-3,Fongicide,N Organique,,0.22675
2016,35131,Non,2110018,fludioxonil,131341-86-1,Fongicide,N Organique,,0.22675
2016,35131,Non,2110092,thifensulfuron-methyle,79277-27-3,Herbicide,N Organique,,0.18
2016,35131,Non,2110092,tribenuron-methyle,101200-48-0,Herbicide,N Organique,,0.18
2016,35131,Non,2110121,thiaclopride,111988-49-9,Insecticide,"T, T+, CMR",,2.1
2016,35131,Non,2110170,epoxiconazole,133855-98-8,Fongicide,"T, T+, CMR",,0.3125
2016,35131,Non,2110170,fluxapyroxad,907204-31-3,Fongicide,"T, T+, CMR",,0.3125
2016,35131,Non,2110177,chlorothalonil,1897-45-6,Fongicide,"T, T+, CMR",,5.625
2016,35131,Non,2110177,cyproconazole,94361-06-5,Fongicide,"T, T+, CMR",,0.75
2016,35131,Non,2110177,propiconazole,60207-90-1,Fongicide,N Organique,,0.9375
2016,35131,Non,2110181,bixafen,581809-46-3,Fongicide,N Organique,,1.125
2016,35131,Non,2110181,prothioconazole,178928-70-6,Fongicide,"T, T+, CMR",,1.5
2016,35131,Non,2110181,tebuconazole,107534-96-3,Fongicide,"T, T+, CMR",,1.5
2016,35131,Non,2110192,metsulfuron-methyl,74223-64-6,Herbicide,N Organique,,0.02
2016,35131,Non,2120008,glyphosate,1071-83-6,Herbicide,N Organique,,6.3
2016,35131,Non,2120066,dichlorprop-p,15165-67-0,Herbicide,Autre,,6
2016,35131,Non,2120066,picolinafen,137641-05-5,Herbicide,N Organique,,0.2
2016,35131,Non,2120155,diflufenicanil,83164-33-4,Herbicide,N Organique,,0.105
2016,35131,Non,2120155,glyphosate,1071-83-6,Herbicide,N Organique,,0.84
2016,35131,Non,2120155,mecoprop (mcpp),7085-19-0,Herbicide,N Organique,,0.42
2016,35131,Non,2120194,metsulfuron-methyl,74223-64-6,Herbicide,N Organique,,0.06
2016,35131,Non,2120205,epoxiconazole,133855-98-8,Fongicide,"T, T+, CMR",,4.16
2016,35131,Non,2120205,fluxapyroxad,907204-31-3,Fongicide,"T, T+, CMR",,4.16
2016,35131,Non,2120205,pyraclostrobine,175013-18-0,Fongicide,"T, T+, CMR",,6.66
2016,35131,Non,2130068,diflufenicanil,83164-33-4,Herbicide,N Organique,,1
2016,35131,Non,2130105,metaldehyde,108-62-3,Molluscicide,Autre,,4.8
2016,35131,Non,2140121,acide pelargonique,112-05-0,Herbicide,Autre,,0.216207
2016,35131,Non,2140160,bacillus pumilus souche qst 2808,,Fongicide,Autre,,0.1435
2016,35131,Non,2140173,fluxapyroxad,907204-31-3,Fongicide,"T, T+, CMR",,3.125
2016,35131,Non,2140173,metconazole,125116-23-6,Fongicide,"T, T+, CMR",,2.25
2016,35131,Non,2140258,iodosulfuron-methyl-sodium,144550-36-7,Herbicide,N Organique,,0.075
2016,35131,Non,2140258,mesosulfuron-methyl,208465-21-8,Herbicide,N Organique,,0.075
2016,35131,Non,6500402,"2,4-d",94-75-7,Herbicide,N Organique,,9.6
2016,35131,Non,7300221,chlortoluron,15545-48-9,Herbicide,"T, T+, CMR",,15
2016,35131,Non,8200307,isoproturon,34123-59-6,Herbicide,"T, T+, CMR",,10
2016,35131,Non,8300243,chlorothalonil,1897-45-6,Fongicide,"T, T+, CMR",,25
2016,35131,Non,8400096,dicamba,1918-00-9,Herbicide,N Organique,,5.28
2016,35131,Non,8400108,triadimenol,55219-65-3,Fongicide,N Organique,,0.05
2016,35131,Non,8400574,propyzamide,23950-58-5,Herbicide,"T, T+, CMR",,2
2016,35131,Non,8600063,cuivre de l'oxyde cuivreux,1317-39-1,Fongicide,N minéral,,0.5
2016,35131,Non,8700462,prosulfocarbe,52888-80-9,Herbicide,N Organique,,16
2016,35131,Non,8800827,chlortoluron,15545-48-9,Herbicide,"T, T+, CMR",,30
2016,35131,Non,8800827,isoxaben,82558-50-7,Herbicide,N Organique,,1.122
2016,35131,Non,9100645,clodinafop-propargyl,105512-06-9,Herbicide,N Organique,,0.1
2016,35131,Non,9100645,cloquintocet-mexyl,99607-70-2,Autre usage – Coformulant / Phytoprotecteur / Synergiste,Autre,,0.025
2016,35131,Non,9200073,triflusulfuron-methyl,126535-15-7,Herbicide,"T, T+, CMR",,0.05
2016,35131,Non,9200091,imidaclopride,138261-41-3,Insecticide,N Organique,,10.1675
2016,35131,Non,9200392,"2,4-mcpa",94-74-6,Herbicide,N Organique,,0.4
2016,35131,Non,9200392,clopyralid (sous forme de sel de monoethanolamine),57754-85-5,Herbicide,Autre,,0.04
2016,35131,Non,9200392,fluroxypyr,69377-81-7,Herbicide,N Organique,,0.08
2016,35131,Non,9200494,ethephon,16672-87-0,Régulateur de croissance,"T, T+, CMR",,4.2
2016,35131,Non,9200494,trinexapac-ethyl,95266-40-3,Régulateur de croissance,N Organique,,4.2
2016,35131,Non,9300189,fluroxypyr,69377-81-7,Herbicide,N Organique,,0.08
2016,35131,Non,9300189,triclopyr,55335-06-3,Herbicide,N Organique,,0.24
2016,35131,Non,9300309,zetacypermethrine,52315-07-8,Insecticide,"T, T+, CMR",,0.1
2016,35131,Non,9400495,glyphosate,1071-83-6,Herbicide,N Organique,,0.9
2016,35131,Non,9500223,prochloraze,67747-09-5,Fongicide,N Organique,,8.013
2016,35131,Non,9500223,tebuconazole,107534-96-3,Fongicide,"T, T+, CMR",,3.975
2016,35131,Non,9500414,cypermethrine,52315-07-8,Insecticide,N Organique,,0.01
2016,35131,Non,9500581,chlormequat chlorure,999-81-5,Régulateur de croissance,Autre,,21
2016,35131,Non,9500581,ethephon,16672-87-0,Régulateur de croissance,"T, T+, CMR",,10.5
2016,35131,Non,9600197,carfentrazone ethyl,128639-02-1,Herbicide,N Organique,,0.16
2016,35131,Non,9600197,metsulfuron-methyl,74223-64-6,Herbicide,N Organique,,0.04
2016,35131,Non,9800098,metamitrone,41394-05-2,Herbicide,N Organique,,0.9
2016,35131,Non,9800236,glyphosate,1071-83-6,Herbicide,N Organique,,1.8
2016,35131,Non,9800277,florasulame,145701-23-1,Herbicide,N Organique,,0.0625
2016,35131,Non,9800344,fludioxonil,131341-86-1,Fongicide,N Organique,,0.0395
2016,35131,Non,9800344,metalaxyl-m,70630-17-0,Fongicide,Autre,,0.015326
2016,35131,Non,9800453,cyproconazole,94361-06-5,Fongicide,"T, T+, CMR",,4
2016,35131,Non,9800453,prochloraze,67747-09-5,Fongicide,N Organique,,15
2016,35131,Non,9900047,mesotrione,104206-82-8,Herbicide,N Organique,,5.5
2016,35131,Non,9900201,glyphosate,1071-83-6,Herbicide,N Organique,,3.24
2016,35131,Non,9900206,picoxystrobine,117428-22-5,Fongicide,N Organique,,1.25
2016,35131,Non,9900262,flazasulfuron,104040-78-0,Herbicide,N Organique,,0.1
2016,35131,Non,9900269,glyphosate,1071-83-6,Herbicide,N Organique,,9.6
2016,35132,Non,2000380,clethodime,99129-21-2,Herbicide,N Organique,,1.2
2016,35132,Non,2010239,florasulame,145701-23-1,Herbicide,N Organique,,0.025
2016,35132,Non,2010239,fluroxypyr,69377-81-7,Herbicide,N Organique,,2.5
2016,35132,Non,2010282,cypermethrine,52315-07-8,Insecticide,N Organique,,0.5
2016,35132,Non,2010427,quizalofop-p-ethyl,100646-51-3,Herbicide,N Organique,,0.24
2016,35132,Non,2010499,prochloraze,67747-09-5,Fongicide,N Organique,,18
2016,35132,Non,2030255,tebuconazole,107534-96-3,Fongicide,"T, T+, CMR",,8.75
2016,35132,Non,2060116,prothioconazole,178928-70-6,Fongicide,"T, T+, CMR",,1.25
2016,35132,Non,2080026,nicosulfuron,111991-09-4,Herbicide,N Organique,,0.6
2016,35132,Non,2080094,florasulame,145701-23-1,Herbicide,N Organique,,0.12
2016,35132,Non,2080094,isoxaben,82558-50-7,Herbicide,N Organique,,1.83
2016,35132,Non,2080117,prosulfuron,94125-34-5,Herbicide,N Organique,,1.2375
2016,35132,Non,2080145,diflufenicanil,83164-33-4,Herbicide,N Organique,,8
2016,35132,Non,2080145,flufenacet,142459-58-3,Herbicide,N Organique,,16
2016,35132,Non,2090037,dicamba,1918-00-9,Herbicide,N Organique,,4.5
2016,35132,Non,2090037,prosulfuron,94125-34-5,Herbicide,N Organique,,0.45
2016,35132,Non,2090057,metsulfuron-methyl,74223-64-6,Herbicide,N Organique,,0.1332
2016,35132,Non,2090057,tribenuron-methyle,101200-48-0,Herbicide,N Organique,,0.2664
2016,35132,Non,2090071,bromoxynil,1689-84-5,Herbicide,"T, T+, CMR",,4.7
2016,35132,Non,2090080,sulcotrione,99105-77-8,Herbicide,"T, T+, CMR",,1.5
2016,35132,Non,2090092,epoxiconazole,133855-98-8,Fongicide,"T, T+, CMR",,0.375
2016,35132,Non,2090092,metconazole,125116-23-6,Fongicide,"T, T+, CMR",,0.275
2016,35132,Non,2090153,dicamba,1918-00-9,Herbicide,N Organique,,2.4
2016,35132,Non,2090153,tritosulfuron,142469-14-5,Herbicide,N Organique,,0.5
2016,35132,Non,2090164,glyphosate,1071-83-6,Herbicide,N Organique,,0.72
2016,35132,Non,2100028,fluroxypyr,69377-81-7,Herbicide,N Organique,,1
2016,35132,Non,2100030,phosphate ferrique,10045-86-0,Molluscicide,Autre,,1.782
2016,35132,Non,2100057,prothioconazole,178928-70-6,Fongicide,"T, T+, CMR",,0.875
2016,35132,Non,2100057,trifloxystrobine,141517-21-7,Fongicide,N Organique,,0.44
2016,35132,Non,2100111,mesotrione,104206-82-8,Herbicide,N Organique,,4.5
2016,35132,Non,2100111,nicosulfuron,111991-09-4,Herbicide,N Organique,,1.8
2016,35132,Non,2100138,cloquintocet-mexyl,99607-70-2,Autre usage – Coformulant / Phytoprotecteur / Synergiste,Autre,,0.375
2016,35132,Non,2100138,pinoxaden,243973-20-8,Herbicide,"T, T+, CMR",,1.5
2016,35132,Non,2100140,clodinafop-propargyl,105512-06-9,Herbicide,N Organique,,1.875
2016,35132,Non,2100140,cloquintocet-mexyl,99607-70-2,Autre usage – Coformulant / Phytoprotecteur / Synergiste,Autre,,0.46875
2016,35132,Non,2100140,pinoxaden,243973-20-8,Herbicide,"T, T+, CMR",,1.875
2016,35132,Non,2110095,cloquintocet-mexyl,99607-70-2,Autre usage – Coformulant / Phytoprotecteur / Synergiste,Autre,,0.1125
2016,35132,Non,2110095,florasulame,145701-23-1,Herbicide,N Organique,,0.05
2016,35132,Non,2110095,pinoxaden,243973-20-8,Herbicide,"T, T+, CMR",,0.45
2016,35132,Non,2110162,azoxystrobine,131860-33-8,Fongicide,"T, T+, CMR",,3.75
2016,35132,Non,2110177,chlorothalonil,1897-45-6,Fongicide,"T, T+, CMR",,26.25
2016,35132,Non,2110177,cyproconazole,94361-06-5,Fongicide,"T, T+, CMR",,3.5
2016,35132,Non,2110177,propiconazole,60207-90-1,Fongicide,N Organique,,4.375
2016,35132,Non,2120018,glyphosate,1071-83-6,Herbicide,N Organique,,0.384
2016,35132,Non,2120034,glyphosate,1071-83-6,Herbicide,N Organique,,48.0
2016,35132,Non,2120048,aminopyralid,150114-71-9,Herbicide,N Organique,,0.18
2016,35132,Non,2120048,triclopyr,55335-06-3,Herbicide,N Organique,,1.44
2016,35132,Non,2120070,prothioconazole,178928-70-6,Fongicide,"T, T+, CMR",,6.4
2016,35132,Non,2120070,tebuconazole,107534-96-3,Fongicide,"T, T+, CMR",,3.2
2016,35132,Non,2120075,dimethenamide-p (dmta-p),163515-14-8,Herbicide,N Organique,,8
2016,35132,Non,2120075,metazachlore,67129-08-2,Herbicide,"T, T+, CMR",,8
2016,35132,Non,2120075,quinmerac,90717-03-6,Herbicide,N Organique,,4
2016,35132,Non,2120194,metsulfuron-methyl,74223-64-6,Herbicide,N Organique,,0.22
2016,35132,Non,2120205,epoxiconazole,133855-98-8,Fongicide,"T, T+, CMR",,4.576
2016,35132,Non,2120205,fluxapyroxad,907204-31-3,Fongicide,"T, T+, CMR",,4.576
2016,35132,Non,2120205,pyraclostrobine,175013-18-0,Fongicide,"T, T+, CMR",,7.326
2016,35132,Non,2130068,diflufenicanil,83164-33-4,Herbicide,N Organique,,1
2016,35132,Non,2130202,fluopyram,658066-35-4,Fongicide,"T, T+, CMR",,1.25
2016,35132,Non,2130202,prothioconazole,178928-70-6,Fongicide,"T, T+, CMR",,1.25
2016,35132,Non,2150484,clopyralid,1702-17-6,Herbicide,Autre,,1.2
2016,35132,Non,2150484,florasulame,145701-23-1,Herbicide,N Organique,,0.1
2016,35132,Non,6500402,"2,4-d",94-75-7,Herbicide,N Organique,,19.2
2016,35132,Non,7400815,chlormequat chlorure,999-81-5,Régulateur de croissance,Autre,,4.6
2016,35132,Non,7500716,cuivre du sulfate de cuivre,8011-63-0,Fongicide,N minéral,,4
2016,35132,Non,8300243,chlorothalonil,1897-45-6,Fongicide,"T, T+, CMR",,10
2016,35132,Non,8300270,chlorothalonil,1897-45-6,Fongicide,"T, T+, CMR",,5
2016,35132,Non,8400096,dicamba,1918-00-9,Herbicide,N Organique,,4.8
2016,35132,Non,8400255,metsulfuron-methyl,74223-64-6,Herbicide,N Organique,,0.02
2016,35132,Non,8700462,prosulfocarbe,52888-80-9,Herbicide,N Organique,,88
2016,35132,Non,8900564,tau-fluvalinate,102851-06-9,Insecticide,N Organique,,0.72
2016,35132,Non,9000184,"2,4-mcpa",94-74-6,Herbicide,N Organique,,8
2016,35132,Non,9000184,clopyralid (sous forme de sel de monoethanolamine),57754-85-5,Herbicide,Autre,,0.8
2016,35132,Non,9000184,fluroxypyr,69377-81-7,Herbicide,N Organique,,1.6
2016,35132,Non,9000259,amidosulfuron,120923-37-7,Herbicide,N Organique,,0.63
2016,35132,Non,9100418,nicosulfuron,111991-09-4,Herbicide,N Organique,,0.2
2016,35132,Non,9200494,ethephon,16672-87-0,Régulateur de croissance,"T, T+, CMR",,6.6
2016,35132,Non,9200494,trinexapac-ethyl,95266-40-3,Régulateur de croissance,N Organique,,6.6
2016,35132,Non,9400067,dicamba,1918-00-9,Herbicide,N Organique,,3.5
2016,35132,Non,9500581,chlormequat chlorure,999-81-5,Régulateur de croissance,Autre,,15
2016,35132,Non,9500581,ethephon,16672-87-0,Régulateur de croissance,"T, T+, CMR",,7.5
2016,35132,Non,9600370,"2,4-mcpa",94-74-6,Herbicide,N Organique,,8.75
2016,35132,Non,9600370,clopyralid (sous forme de sel de monoethanolamine),57754-85-5,Herbicide,Autre,,0.875
2016,35132,Non,9700558,ethephon,16672-87-0,Régulateur de croissance,"T, T+, CMR",,2.4
2016,35132,Non,9800277,florasulame,145701-23-1,Herbicide,N Organique,,0.125
2016,35132,Non,9800453,cyproconazole,94361-06-5,Fongicide,"T, T+, CMR",,1.6
2016,35132,Non,9800453,prochloraze,67747-09-5,Fongicide,N Organique,,6
2016,35132,Non,9900047,mesotrione,104206-82-8,Herbicide,N Organique,,1
2016,35132,Non,9900257,cuivre du sulfate de cuivre,8011-63-0,Fongicide,N minéral,,0.2
2016,35135,Non,2000299,clomazone,81777-89-1,Herbicide,N Organique,,0.72
2016,35135,Non,2010617,dimethenamide-p (dmta-p),163515-14-8,Herbicide,N Organique,,7.2
2016,35135,Non,2070221,metazachlore,67129-08-2,Herbicide,"T, T+, CMR",,10
2016,35135,Non,2070221,quinmerac,90717-03-6,Herbicide,N Organique,,2.5
2016,35135,Non,2080112,thirame,137-26-8,Fongicide,N Organique,,4.824
2016,35135,Non,2080124,metsulfuron-methyl,74223-64-6,Herbicide,N Organique,,0.24
2016,35135,Non,2090016,imazamox,114311-32-9,Herbicide,N Organique,,0.501
2016,35135,Non,2090016,pendimethaline,40487-42-1,Herbicide,N Organique,,7.5
2016,35135,Non,2090037,dicamba,1918-00-9,Herbicide,N Organique,,8.2
2016,35135,Non,2090037,prosulfuron,94125-34-5,Herbicide,N Organique,,0.82
2016,35135,Non,2090042,cloquintocet-mexyl,99607-70-2,Autre usage – Coformulant / Phytoprotecteur / Synergiste,Autre,,0.07513
2016,35135,Non,2090042,florasulame,145701-23-1,Herbicide,N Organique,,0.02508
2016,35135,Non,2090042,pyroxsulame,422556-08-9,Herbicide,"T, T+, CMR",,0.07513
2016,35135,Non,2090069,bromoxynil,1689-84-5,Herbicide,"T, T+, CMR",,11.75
2016,35135,Non,2090092,epoxiconazole,133855-98-8,Fongicide,"T, T+, CMR",,2.625
2016,35135,Non,2090092,metconazole,125116-23-6,Fongicide,"T, T+, CMR",,1.925
2016,35135,Non,2090160,glyphosate,1071-83-6,Herbicide,N Organique,,64.8
2016,35135,Non,2090186,prosulfocarbe,52888-80-9,Herbicide,N Organique,,96
2016,35135,Non,2100026,cypermethrine,52315-07-8,Insecticide,N Organique,,3.5
2016,35135,Non,2100037,boscalid,188425-85-6,Fongicide,N Organique,,2
2016,35135,Non,2100037,dimoxystrobine,149961-52-4,Fongicide,"T, T+, CMR",,2
2016,35135,Non,2100053,fluroxypyr,69377-81-7,Herbicide,N Organique,,6
2016,35135,Non,2100071,glyphosate,1071-83-6,Herbicide,N Organique,,21.6
2016,35135,Non,2100102,glyphosate,1071-83-6,Herbicide,N Organique,,3.6
2016,35135,Non,2100108,prothioconazole,178928-70-6,Fongicide,"T, T+, CMR",,10.625
2016,35135,Non,2100108,tebuconazole,107534-96-3,Fongicide,"T, T+, CMR",,10.625
2016,35135,Non,2100111,mesotrione,104206-82-8,Herbicide,N Organique,,1.875
2016,35135,Non,2100111,nicosulfuron,111991-09-4,Herbicide,N Organique,,0.75
2016,35135,Non,2100140,clodinafop-propargyl,105512-06-9,Herbicide,N Organique,,1.25
2016,35135,Non,2100140,cloquintocet-mexyl,99607-70-2,Autre usage – Coformulant / Phytoprotecteur / Synergiste,Autre,,0.3125
2016,35135,Non,2100140,pinoxaden,243973-20-8,Herbicide,"T, T+, CMR",,1.25
2016,35135,Non,2100154,chlorpyriphos-ethyl,2921-88-2,Insecticide,"T, T+, CMR",,2.5
2016,35135,Non,2100154,cypermethrine,52315-07-8,Insecticide,N Organique,,0.25
2016,35135,Non,2100179,azoxystrobine,131860-33-8,Fongicide,"T, T+, CMR",,3.2
2016,35135,Non,2100179,chlorothalonil,1897-45-6,Fongicide,"T, T+, CMR",,16
2016,35135,Non,2110105,azoxystrobine,131860-33-8,Fongicide,"T, T+, CMR",,3.75
2016,35135,Non,2110121,thiaclopride,111988-49-9,Insecticide,"T, T+, CMR",,10.952
2016,35135,Non,2110178,bixafen,581809-46-3,Fongicide,N Organique,,1.5
2016,35135,Non,2110178,prothioconazole,178928-70-6,Fongicide,"T, T+, CMR",,3
2016,35135,Non,2110192,metsulfuron-methyl,74223-64-6,Herbicide,N Organique,,0.12
2016,35135,Non,2110200,ethephon,16672-87-0,Régulateur de croissance,"T, T+, CMR",,12
2016,35135,Non,2120008,glyphosate,1071-83-6,Herbicide,N Organique,,1.8
2016,35135,Non,2120048,aminopyralid,150114-71-9,Herbicide,N Organique,,0.18
2016,35135,Non,2120048,triclopyr,55335-06-3,Herbicide,N Organique,,1.44
2016,35135,Non,2120089,diflufenicanil,83164-33-4,Herbicide,N Organique,,0.135
2016,35135,Non,2120089,glyphosate,1071-83-6,Herbicide,N Organique,,1.08
2016,35135,Non,2120089,mecoprop (mcpp),7085-19-0,Herbicide,N Organique,,0.54
2016,35135,Non,2120205,epoxiconazole,133855-98-8,Fongicide,"T, T+, CMR",,2.496
2016,35135,Non,2120205,fluxapyroxad,907204-31-3,Fongicide,"T, T+, CMR",,2.496
2016,35135,Non,2120205,pyraclostrobine,175013-18-0,Fongicide,"T, T+, CMR",,3.996
2016,35135,Non,2130063,nicosulfuron,111991-09-4,Herbicide,N Organique,,0.2
2016,35135,Non,2130068,diflufenicanil,83164-33-4,Herbicide,N Organique,,5
2016,35135,Non,2130164,foramsulfuron,173159-57-4,Herbicide,N Organique,,1.2
2016,35135,Non,2130164,thiencarbazone-methyl,317815-83-1,Herbicide,"T, T+, CMR",,0.4
2016,35135,Non,2150785,mesotrione,104206-82-8,Herbicide,N Organique,,2
2016,35135,Non,8400574,propyzamide,23950-58-5,Herbicide,"T, T+, CMR",,2
2016,35135,Non,8600243,aclonifen,74070-46-5,Herbicide,"T, T+, CMR",,12
2016,35135,Non,8800199,propaquizafop,111479-05-1,Herbicide,N Organique,,0.5
2016,35135,Non,8800488,chlorothalonil,1897-45-6,Fongicide,"T, T+, CMR",,65
2016,35135,Non,9000184,"2,4-mcpa",94-74-6,Herbicide,N Organique,,1
2016,35135,Non,9000184,clopyralid (sous forme de sel de monoethanolamine),57754-85-5,Herbicide,Autre,,0.1
2016,35135,Non,9000184,fluroxypyr,69377-81-7,Herbicide,N Organique,,0.2
2016,35135,Non,9000741,tetraconazole,112281-77-3,Fongicide,N Organique,,1.875
2016,35135,Non,9100046,trinexapac-ethyl,95266-40-3,Régulateur de croissance,N Organique,,1.5
2016,35135,Non,9100418,nicosulfuron,111991-09-4,Herbicide,N Organique,,3.2
2016,35135,Non,9100537,glyphosate,1071-83-6,Herbicide,N Organique,,57.6
2016,35135,Non,9200392,"2,4-mcpa",94-74-6,Herbicide,N Organique,,0.4
2016,35135,Non,9200392,clopyralid (sous forme de sel de monoethanolamine),57754-85-5,Herbicide,Autre,,0.04
2016,35135,Non,9200392,fluroxypyr,69377-81-7,Herbicide,N Organique,,0.08
2016,35135,Non,9200461,chlormequat chlorure,999-81-5,Régulateur de croissance,Autre,,13.8
2016,35135,Non,9200461,mepiquat-chlorure,24307-26-4,Régulateur de croissance,N Organique,,4.6
2016,35135,Non,9300396,chlormequat chlorure,999-81-5,Régulateur de croissance,Autre,,165.6
2016,35135,Non,9300396,chlorure de choline,67-48-1,Autre usage – Coformulant / Phytoprotecteur / Synergiste,Autre,,115.2
2016,35135,Non,9400367,chlorothalonil,1897-45-6,Fongicide,"T, T+, CMR",,11.25
2016,35135,Non,9400367,cyproconazole,94361-06-5,Fongicide,"T, T+, CMR",,1.2
2016,35135,Non,9500581,chlormequat chlorure,999-81-5,Régulateur de croissance,Autre,,9
2016,35135,Non,9500581,ethephon,16672-87-0,Régulateur de croissance,"T, T+, CMR",,4.5
2016,35135,Non,9700554,prochloraze,67747-09-5,Fongicide,N Organique,,8
2016,35135,Non,9700554,propiconazole,60207-90-1,Fongicide,N Organique,,1.8
2016,35135,Non,9800344,fludioxonil,131341-86-1,Fongicide,N Organique,,0.075
2016,35135,Non,9800344,metalaxyl-m,70630-17-0,Fongicide,Autre,,0.0291
2016,35135,Non,9900047,mesotrione,104206-82-8,Herbicide,N Organique,,2
2016,35135,Non,9900251,dimethenamide-p (dmta-p),163515-14-8,Herbicide,N Organique,,14.4
2016,35135,Non,9900412,fluroxypyr,69377-81-7,Herbicide,N Organique,,4
2016,35135,Non,9900414,flupyrsulfuron-methyl,144740-54-5,Herbicide,N Organique,,0.1332
2016,35135,Non,9900414,metsulfuron-methyl,74223-64-6,Herbicide,N Organique,,0.0668
2016,35136,Non,2010410,soufre pour pulverisation (micronise),7704-34-9,Fongicide,Autre,,0.6
2016,35136,Non,2010419,iodosulfuron-methyl-sodium,144550-36-7,Herbicide,N Organique,,0.0072
2016,35136,Non,2010419,mefenpyr-diethyl,135590-91-9,Autre usage – Coformulant / Phytoprotecteur / Synergiste,Autre,,0.108
2016,35136,Non,2010419,mesosulfuron-methyl,208465-21-8,Herbicide,N Organique,,0.036
2016,35136,Non,2020099,trifloxystrobine,141517-21-7,Fongicide,N Organique,,0.75
2016,35136,Non,2060045,huile vegetale,,SA non phyto - Divers,Autre,,0.035
2016,35136,Non,2060045,resines (colophane),8050-09-7,SA non phyto - Divers,Autre,,0.34
2016,35136,Non,2060115,azoxystrobine,131860-33-8,Fongicide,"T, T+, CMR",,1
2016,35136,Non,2060115,cyproconazole,94361-06-5,Fongicide,"T, T+, CMR",,0.4
2016,35136,Non,2060208,oxyfluorfene,42874-03-3,Herbicide,"T, T+, CMR",,3.85
2016,35136,Non,2060208,pendimethaline,40487-42-1,Herbicide,N Organique,,19.25
2016,35136,Non,2090016,imazamox,114311-32-9,Herbicide,N Organique,,0.167
2016,35136,Non,2090016,pendimethaline,40487-42-1,Herbicide,N Organique,,2.5
2016,35136,Non,2090024,sulcotrione,99105-77-8,Herbicide,"T, T+, CMR",,1.5
2016,35136,Non,2090041,cloquintocet-mexyl,99607-70-2,Autre usage – Coformulant / Phytoprotecteur / Synergiste,Autre,,0.225
2016,35136,Non,2090041,pyroxsulame,422556-08-9,Herbicide,"T, T+, CMR",,0.225
2016,35136,Non,2090057,metsulfuron-methyl,74223-64-6,Herbicide,N Organique,,0.0999
2016,35136,Non,2090057,tribenuron-methyle,101200-48-0,Herbicide,N Organique,,0.1998
2016,35136,Non,2090116,glyphosate,1071-83-6,Herbicide,N Organique,,9
2016,35136,Non,2090153,dicamba,1918-00-9,Herbicide,N Organique,,1.2
2016,35136,Non,2090153,tritosulfuron,142469-14-5,Herbicide,N Organique,,0.25
2016,35136,Non,2090158,glyphosate,1071-83-6,Herbicide,N Organique,,19.8
2016,35136,Non,2090159,tritosulfuron,142469-14-5,Herbicide,N Organique,,0.4998
2016,35136,Non,2090164,glyphosate,1071-83-6,Herbicide,N Organique,,0.36
2016,35136,Non,2100098,glyphosate,1071-83-6,Herbicide,N Organique,,1.8
2016,35136,Non,2100114,cyprodinil,121552-61-2,Fongicide,N Organique,,0.75
2016,35136,Non,2100114,fludioxonil,131341-86-1,Fongicide,N Organique,,0.5
2016,35136,Non,2110178,bixafen,581809-46-3,Fongicide,N Organique,,0.75
2016,35136,Non,2110178,prothioconazole,178928-70-6,Fongicide,"T, T+, CMR",,1.5
2016,35136,Non,2120070,prothioconazole,178928-70-6,Fongicide,"T, T+, CMR",,1.6
2016,35136,Non,2120070,tebuconazole,107534-96-3,Fongicide,"T, T+, CMR",,0.8
2016,35136,Non,2130063,nicosulfuron,111991-09-4,Herbicide,N Organique,,0.2
2016,35136,Non,8700240,diflufenicanil,83164-33-4,Herbicide,N Organique,,1.875
2016,35136,Non,8700240,isoproturon,34123-59-6,Herbicide,"T, T+, CMR",,15
2016,35136,Non,9000184,"2,4-mcpa",94-74-6,Herbicide,N Organique,,1
2016,35136,Non,9000184,clopyralid (sous forme de sel de monoethanolamine),57754-85-5,Herbicide,Autre,,0.1
2016,35136,Non,9000184,fluroxypyr,69377-81-7,Herbicide,N Organique,,0.2
2016,35136,Non,9200392,"2,4-mcpa",94-74-6,Herbicide,N Organique,,0.2
2016,35136,Non,9200392,clopyralid (sous forme de sel de monoethanolamine),57754-85-5,Herbicide,Autre,,0.02
2016,35136,Non,9200392,fluroxypyr,69377-81-7,Herbicide,N Organique,,0.04
2016,35136,Non,9300189,fluroxypyr,69377-81-7,Herbicide,N Organique,,0.1
2016,35136,Non,9300189,triclopyr,55335-06-3,Herbicide,N Organique,,0.3
2016,35136,Non,9400109,"2,4-d",94-75-7,Herbicide,N Organique,,1.96
2016,35136,Non,9400109,dicamba,1918-00-9,Herbicide,N Organique,,0.28
2016,35136,Non,9800350,"2,4-d",94-75-7,Herbicide,N Organique,,0.5328
2016,35136,Non,9800350,"2,4-mcpa",94-74-6,Herbicide,N Organique,,1.0512
2016,35150,Non,1030003,polymere carboxyl sulfone cationique,8061-53-8,SA non phyto - Divers,Autre,,0.738
2016,35150,Non,2000017,tau-fluvalinate,102851-06-9,Insecticide,N Organique,,0.0144
2016,35150,Non,2000018,soufre pour pulverisation (micronise),7704-34-9,Fongicide,Autre,,304
2016,35150,Non,2000044,fluazifop-p-butyl,79241-46-6,Herbicide,"T, T+, CMR",,0.875
2016,35150,Non,2000079,cypermethrine,52315-07-8,Insecticide,N Organique,,1.5
2016,35150,Non,2000125,cuivre du sulfate de cuivre,8011-63-0,Fongicide,N minéral,,1.26
2016,35150,Non,2000201,silthiofam,175217-20-6,Fongicide,N Organique,,1.665
2016,35150,Non,2000299,clomazone,81777-89-1,Herbicide,N Organique,,75.60
2016,35150,Non,2000301,foramsulfuron,173159-57-4,Herbicide,N Organique,,6.1875
2016,35150,Non,2000301,isoxadifen-ethyl,163520-33-0,Autre usage – Coformulant / Phytoprotecteur / Synergiste,N Organique,,6.1875
2016,35150,Non,2000341,glyphosate,1071-83-6,Herbicide,N Organique,,13.6
2016,35150,Non,2000380,clethodime,99129-21-2,Herbicide,N Organique,,11.40
2016,35150,Non,2000502,chlorpyriphos-methyl,5598-13-0,Insecticide,N Organique,,0.7875
2016,35150,Non,2000536,1-dodecanol,112-53-8,Insecticide - Médiateur chimique,N Organique,,3.978
2016,35150,Non,2000536,1-tetradecanol,112-72-1,Insecticide - Médiateur chimique,N Organique,,0.923
2016,35150,Non,2000536,"e8,e10-dodecadiene-1-ol",33956-49-9,Insecticide - Médiateur chimique,N Organique,,6.812
2016,35150,Non,2010019,quizalofop-p-ethyl,100646-51-3,Herbicide,N Organique,,1.15
2016,35150,Non,2010023,deltamethrine,52918-63-5,Insecticide,"T, T+, CMR",,1.725
2016,35150,Non,2010025,desmediphame,13684-56-5,Herbicide,N Organique,,0.500
2016,35150,Non,2010025,ethofumesate,26225-79-6,Herbicide,N Organique,,3.020
2016,35150,Non,2010025,phenmediphame,13684-63-4,Herbicide,N Organique,,1.500
2016,35150,Non,2010030,mepiquat-chlorure,24307-26-4,Régulateur de croissance,N Organique,,75.0
2016,35150,Non,2010030,prohexadione-calcium,127277-53-6,Régulateur de croissance,N Organique,,12.50
2016,35150,Non,2010035,"2,4-mcpa",94-74-6,Herbicide,N Organique,,7.65
2016,35150,Non,2010035,dichlorprop-p,15165-67-0,Herbicide,Autre,,3.825
2016,35150,Non,2010035,mecoprop-p (mcpp-p),16484-77-8,Herbicide,N Organique,,3.825
2016,35150,Non,2010130,cuivre de l'oxyde cuivreux,1317-39-1,Fongicide,N minéral,,37.5
2016,35150,Non,2010132,pymetrozine,123312-89-0,Insecticide,"T, T+, CMR",,1.5
2016,35150,Non,2010239,florasulame,145701-23-1,Herbicide,N Organique,,0.351
2016,35150,Non,2010239,fluroxypyr,69377-81-7,Herbicide,N Organique,,35.1
2016,35150,Non,2010240,florasulame,145701-23-1,Herbicide,N Organique,,0.3625
2016,35150,Non,2010240,fluroxypyr,69377-81-7,Herbicide,N Organique,,14.5
2016,35150,Non,2010280,metconazole,125116-23-6,Fongicide,"T, T+, CMR",,10.62
2016,35150,Non,2010319,"2,4-mcpa",94-74-6,Herbicide,N Organique,,0.2835
2016,35150,Non,2010319,dichlorprop-p,15165-67-0,Herbicide,Autre,,0.2835
2016,35150,Non,2010319,glyphosate,1071-83-6,Herbicide,N Organique,,0.378
2016,35150,Non,2010321,glyphosate,1071-83-6,Herbicide,N Organique,,0.07776
2016,35150,Non,2010326,metconazole,125116-23-6,Fongicide,"T, T+, CMR",,9.09
2016,35150,Non,2010349,desmediphame,13684-56-5,Herbicide,N Organique,,1.42
2016,35150,Non,2010349,ethofumesate,26225-79-6,Herbicide,N Organique,,2.24
2016,35150,Non,2010349,phenmediphame,13684-63-4,Herbicide,N Organique,,1.82
2016,35150,Non,2010351,iodosulfuron-methyl-sodium,144550-36-7,Herbicide,N Organique,,0.324
2016,35150,Non,2010351,mefenpyr-diethyl,135590-91-9,Autre usage – Coformulant / Phytoprotecteur / Synergiste,Autre,,0.972
2016,35150,Non,2010351,mesosulfuron-methyl,208465-21-8,Herbicide,N Organique,,0.324
2016,35150,Non,2010410,soufre pour pulverisation (micronise),7704-34-9,Fongicide,Autre,,1.8
2016,35150,Non,2010419,iodosulfuron-methyl-sodium,144550-36-7,Herbicide,N Organique,,0.1836
2016,35150,Non,2010419,mefenpyr-diethyl,135590-91-9,Autre usage – Coformulant / Phytoprotecteur / Synergiste,Autre,,2.754
2016,35150,Non,2010419,mesosulfuron-methyl,208465-21-8,Herbicide,N Organique,,0.918
2016,35150,Non,2010425,metsulfuron-methyl,74223-64-6,Herbicide,N Organique,,0.68
2016,35150,Non,2010427,quizalofop-p-ethyl,100646-51-3,Herbicide,N Organique,,9.0
2016,35150,Non,2010495,metaldehyde,108-62-3,Molluscicide,Autre,,9.75
2016,35150,Non,2010499,prochloraze,67747-09-5,Fongicide,N Organique,,4.5
2016,35150,Non,2010612,glyphosate,1071-83-6,Herbicide,N Organique,,21.6
2016,35150,Non,2010632,prohexadione-calcium,127277-53-6,Régulateur de croissance,N Organique,,0.1
2016,35150,Non,2010640,acide alpha naphtylacetique (ana),86-87-3,Régulateur de croissance,N Organique,,0.1
2016,35150,Non,2020003,phosphate ferrique,10045-86-0,Molluscicide,Autre,,0.099
2016,35150,Non,2020014,propaquizafop,111479-05-1,Herbicide,N Organique,,0.5
2016,35150,Non,2020021,laminarine,9008-22-4,Fongicide,Autre,,1.295
2016,35150,Non,2020049,iodosulfuron-methyl-sodium,144550-36-7,Herbicide,N Organique,,0.2952
2016,35150,Non,2020049,mefenpyr-diethyl,135590-91-9,Autre usage – Coformulant / Phytoprotecteur / Synergiste,Autre,,4.428
2016,35150,Non,2020049,mesosulfuron-methyl,208465-21-8,Herbicide,N Organique,,1.476
2016,35150,Non,2020065,metribuzine,21087-64-9,Herbicide,N Organique,,0.056
2016,35150,Non,2020069,tau-fluvalinate,102851-06-9,Insecticide,N Organique,,0.96
2016,35150,Non,2020099,trifloxystrobine,141517-21-7,Fongicide,N Organique,,56.125
2016,35150,Non,2020224,iodosulfuron-methyl-sodium,144550-36-7,Herbicide,N Organique,,0.396
2016,35150,Non,2020224,mefenpyr-diethyl,135590-91-9,Autre usage – Coformulant / Phytoprotecteur / Synergiste,Autre,,1.188
2016,35150,Non,2020224,mesosulfuron-methyl,208465-21-8,Herbicide,N Organique,,0.396
2016,35150,Non,2020226,clethodime,99129-21-2,Herbicide,N Organique,,7.2
2016,35150,Non,2020267,lenacile,2164-08-1,Herbicide,"T, T+, CMR",,1.6
2016,35150,Non,2020328,isoproturon,34123-59-6,Herbicide,"T, T+, CMR",,25
2016,35150,Non,2020456,florasulame,145701-23-1,Herbicide,N Organique,,0.015
2016,35150,Non,2020456,fluroxypyr,69377-81-7,Herbicide,N Organique,,1.5
2016,35150,Non,2020474,metazachlore,67129-08-2,Herbicide,"T, T+, CMR",,65
2016,35150,Non,2030125,deltamethrine,52918-63-5,Insecticide,"T, T+, CMR",,0.1344
2016,35150,Non,2030255,tebuconazole,107534-96-3,Fongicide,"T, T+, CMR",,137.52
2016,35150,Non,2030265,chlormequat chlorure,999-81-5,Régulateur de croissance,Autre,,147.2
2016,35150,Non,2030323,fludioxonil,131341-86-1,Fongicide,N Organique,,2.574
2016,35150,Non,2030332,"2,4-d",94-75-7,Herbicide,N Organique,,3.3
2016,35150,Non,2030332,dichlorprop-p,15165-67-0,Herbicide,Autre,,1.65
2016,35150,Non,2030342,chlormequat chlorure,999-81-5,Régulateur de croissance,Autre,,340.4
2016,35150,Non,2030342,chlorure de choline,67-48-1,Autre usage – Coformulant / Phytoprotecteur / Synergiste,Autre,,236.8
2016,35150,Non,2030404,pendimethaline,40487-42-1,Herbicide,N Organique,,24
2016,35150,Non,2030460,metaldehyde,108-62-3,Molluscicide,Autre,,1
2016,35150,Non,2040109,flupyrsulfuron-methyl,144740-54-5,Herbicide,N Organique,,0.675
2016,35150,Non,2040109,thifensulfuron-methyle,79277-27-3,Herbicide,N Organique,,2.7
2016,35150,Non,2040146,tefluthrine,79538-32-2,Insecticide,"T, T+, CMR",,6.73
2016,35150,Non,2040195,myclobutanil,88671-89-0,Fongicide,"T, T+, CMR",,0.27
2016,35150,Non,2040196,dimethomorphe,110488-70-5,Fongicide,N Organique,,0.09
2016,35150,Non,2040196,mancozebe,8018-01-7,Fongicide,"T, T+, CMR",,0.6
2016,35150,Non,2040199,metamitrone,41394-05-2,Herbicide,N Organique,,2.8
2016,35150,Non,2040310,prochloraze,67747-09-5,Fongicide,N Organique,,14.6905
2016,35150,Non,2040310,tebuconazole,107534-96-3,Fongicide,"T, T+, CMR",,7.2875
2016,35150,Non,2040311,metazachlore,67129-08-2,Herbicide,"T, T+, CMR",,20
2016,35150,Non,2040354,lecanicillium muscarium souche ve6,67892-35-7,Insecticide,Autre,,0.161
2016,35150,Oui,2050046,flonicamide,158062-67-0,Insecticide,Autre,,3.250
2016,35150,Non,2050075,boscalid,188425-85-6,Fongicide,N Organique,,10.00
2016,35150,Non,2050145,diflufenicanil,83164-33-4,Herbicide,N Organique,,0.02
2016,35150,Non,2050145,glyphosate,1071-83-6,Herbicide,N Organique,,0.125
2016,35150,Non,2050146,diflufenicanil,83164-33-4,Herbicide,N Organique,,0.39
2016,35150,Non,2050146,glyphosate,1071-83-6,Herbicide,N Organique,,2.4375
2016,35150,Non,2060002,difenoconazole,119446-68-3,Fongicide,N Organique,,1.75
2016,35150,Non,2060045,huile vegetale,,SA non phyto - Divers,Autre,,0.105
2016,35150,Non,2060045,resines (colophane),8050-09-7,SA non phyto - Divers,Autre,,1.02
2016,35150,Non,2060063,picolinafen,137641-05-5,Herbicide,N Organique,,1.125
2016,35150,Non,2060084,boscalid,188425-85-6,Fongicide,N Organique,,4.005
2016,35150,Non,2060084,pyraclostrobine,175013-18-0,Fongicide,"T, T+, CMR",,1.005
2016,35150,Non,2060088,benoxacor,98730-04-2,Autre usage – Coformulant / Phytoprotecteur / Synergiste,Autre,,37.8
2016,35150,Non,2060088,mesotrione,104206-82-8,Herbicide,N Organique,,75.6
2016,35150,Non,2060088,s-metolachlore,87392-12-9,Herbicide,N Organique,,756
2016,35150,Non,2060091,diflufenicanil,83164-33-4,Herbicide,N Organique,,15.000
2016,35150,Non,2060091,isoproturon,34123-59-6,Herbicide,"T, T+, CMR",,120
2016,35150,Non,2060098,spinosad,168316-95-8,Insecticide,N Organique,,0.48
2016,35150,Non,2060113,bifenazate,149877-41-8,Insecticide - Acaricide,N Organique,,0.30
2016,35150,Non,2060115,azoxystrobine,131860-33-8,Fongicide,"T, T+, CMR",,4.6
2016,35150,Non,2060115,cyproconazole,94361-06-5,Fongicide,"T, T+, CMR",,1.84
2016,35150,Non,2060116,prothioconazole,178928-70-6,Fongicide,"T, T+, CMR",,2.5
2016,35150,Non,2060118,fluoxastrobine,361377-29-9,Fongicide,"T, T+, CMR",,0.5
2016,35150,Non,2060118,prothioconazole,178928-70-6,Fongicide,"T, T+, CMR",,1
2016,35150,Non,2060127,prothioconazole,178928-70-6,Fongicide,"T, T+, CMR",,0.309
2016,35150,Non,2060129,oxyfluorfene,42874-03-3,Herbicide,"T, T+, CMR",,0.01188
2016,35150,Non,2060129,pendimethaline,40487-42-1,Herbicide,N Organique,,0.06072
2016,35150,Non,2060131,"2,4-d",94-75-7,Herbicide,N Organique,,12.3876
2016,35150,Non,2060131,triclopyr,55335-06-3,Herbicide,N Organique,,13.79952
2016,35150,Non,2060134,captane,133-06-2,Fongicide,"T, T+, CMR",,216
2016,35150,Non,2060137,ethofumesate,26225-79-6,Herbicide,N Organique,,2.5
2016,35150,Non,2060175,metaldehyde,108-62-3,Molluscicide,Autre,,61.14
2016,35150,Non,2060194,tefluthrine,79538-32-2,Insecticide,"T, T+, CMR",,2.16
2016,35150,Non,2070086,metconazole,125116-23-6,Fongicide,"T, T+, CMR",,0.9
2016,35150,Non,2070107,fosetyl,15845-66-6,Fongicide,Autre,,4.65
2016,35150,Non,2070107,propamocarbe,24579-73-5,Fongicide,Autre,,7.95
2016,35150,Oui,2070133,napropamide,15299-99-7,Herbicide,N Organique,,24.750
2016,35150,Non,2070221,metazachlore,67129-08-2,Herbicide,"T, T+, CMR",,129.6
2016,35150,Non,2070221,quinmerac,90717-03-6,Herbicide,N Organique,,32.4
2016,35150,Non,2080010,huile minerale paraffinique,8042-47-5,Insecticide - Acaricide,Autre,,752
2016,35150,Non,2080026,nicosulfuron,111991-09-4,Herbicide,N Organique,,30.90
2016,35150,Non,2080060,pyriproxyfene,95737-68-1,Insecticide,N Organique,,0.3
2016,35150,Non,2080094,florasulame,145701-23-1,Herbicide,N Organique,,0.6416
2016,35150,Non,2080094,isoxaben,82558-50-7,Herbicide,N Organique,,9.7844
2016,35150,Non,2080098,mandipropamide,374726-62-2,Fongicide,N Organique,,0.0075
2016,35150,Non,2080101,acetamipride,135410-20-7,Insecticide,N Organique,,3.8
2016,35150,Non,2080103,thiophanate-methyl,23564-05-8,Fongicide,"T, T+, CMR",,17.5
2016,35150,Non,2080112,thirame,137-26-8,Fongicide,N Organique,,28.7040
2016,35150,Non,2080117,prosulfuron,94125-34-5,Herbicide,N Organique,,13.2450
2016,35150,Non,2080123,metsulfuron-methyl,74223-64-6,Herbicide,N Organique,,1.12
2016,35150,Non,2080124,metsulfuron-methyl,74223-64-6,Herbicide,N Organique,,0.12
2016,35150,Non,2080136,pyridate,55512-33-9,Herbicide,N Organique,,1.8
2016,35150,Non,2080145,diflufenicanil,83164-33-4,Herbicide,N Organique,,156.5
2016,35150,Non,2080145,flufenacet,142459-58-3,Herbicide,N Organique,,313
2016,35150,Non,2090008,thirame,137-26-8,Fongicide,N Organique,,3.18201
2016,35150,Non,2090016,imazamox,114311-32-9,Herbicide,N Organique,,4.342
2016,35150,Non,2090016,pendimethaline,40487-42-1,Herbicide,N Organique,,65.0
2016,35150,Oui,2090019,6-benzyladenine,1214-39-7,Régulateur de croissance,"T, T+, CMR",,1.400
2016,35150,Non,2090024,sulcotrione,99105-77-8,Herbicide,"T, T+, CMR",,34.5
2016,35150,Non,2090036,glyphosate,1071-83-6,Herbicide,N Organique,,0.126
2016,35150,Non,2090037,dicamba,1918-00-9,Herbicide,N Organique,,63.5
2016,35150,Non,2090037,prosulfuron,94125-34-5,Herbicide,N Organique,,6.35
2016,35150,Non,2090038,beflubutamide,113614-08-7,Herbicide,N Organique,,57.8
2016,35150,Non,2090038,isoproturon,34123-59-6,Herbicide,"T, T+, CMR",,340
2016,35150,Non,2090041,cloquintocet-mexyl,99607-70-2,Autre usage – Coformulant / Phytoprotecteur / Synergiste,Autre,,2.5500
2016,35150,Non,2090041,pyroxsulame,422556-08-9,Herbicide,"T, T+, CMR",,2.5500
2016,35150,Non,2090042,cloquintocet-mexyl,99607-70-2,Autre usage – Coformulant / Phytoprotecteur / Synergiste,Autre,,2.673945
2016,35150,Non,2090042,florasulame,145701-23-1,Herbicide,N Organique,,0.89262
2016,35150,Non,2090042,pyroxsulame,422556-08-9,Herbicide,"T, T+, CMR",,2.673945
2016,35150,Non,2090043,glyphosate,1071-83-6,Herbicide,N Organique,,3.2551
2016,35150,Non,2090044,glyphosate,1071-83-6,Herbicide,N Organique,,0.6813
2016,35150,Non,2090050,cypermethrine,52315-07-8,Insecticide,N Organique,,4.224
2016,35150,Non,2090053,bromoxynil octanoate,1689-99-2,Herbicide,"T, T+, CMR",,20.96
2016,35150,Non,2090053,isoxadifen-ethyl,163520-33-0,Autre usage – Coformulant / Phytoprotecteur / Synergiste,N Organique,,2.000
2016,35150,Non,2090053,tembotrione,335104-84-2,Herbicide,"T, T+, CMR",,4.00
2016,35150,Non,2090054,metsulfuron-methyl,74223-64-6,Herbicide,N Organique,,3.98684
2016,35150,Non,2090054,tribenuron-methyle,101200-48-0,Herbicide,N Organique,,3.98684
2016,35150,Non,2090055,6-benzyladenine,1214-39-7,Régulateur de croissance,"T, T+, CMR",,0.6
2016,35150,Non,2090057,metsulfuron-methyl,74223-64-6,Herbicide,N Organique,,0.81585
2016,35150,Non,2090057,tribenuron-methyle,101200-48-0,Herbicide,N Organique,,1.6317
2016,35150,Non,2090060,deltamethrine,52918-63-5,Insecticide,"T, T+, CMR",,0.45
2016,35150,Non,2090060,thiaclopride,111988-49-9,Insecticide,"T, T+, CMR",,4.5
2016,35150,Non,2090064,imazamox,114311-32-9,Herbicide,N Organique,,0.2
2016,35150,Non,2090068,mepiquat-chlorure,24307-26-4,Régulateur de croissance,N Organique,,12.60
2016,35150,Non,2090068,metconazole,125116-23-6,Fongicide,"T, T+, CMR",,1.80
2016,35150,Non,2090069,bromoxynil,1689-84-5,Herbicide,"T, T+, CMR",,64.625
2016,35150,Non,2090071,bromoxynil,1689-84-5,Herbicide,"T, T+, CMR",,49.350
2016,35150,Non,2090072,florasulame,145701-23-1,Herbicide,N Organique,,0.225
2016,35150,Non,2090080,sulcotrione,99105-77-8,Herbicide,"T, T+, CMR",,1.5
2016,35150,Non,2090090,thiamethoxam,153719-23-4,Insecticide,N Organique,,0.84
2016,35150,Non,2090091,thiamethoxam,153719-23-4,Insecticide,N Organique,,0.25
2016,35150,Non,2090092,epoxiconazole,133855-98-8,Fongicide,"T, T+, CMR",,36.376125
2016,35150,Non,2090092,metconazole,125116-23-6,Fongicide,"T, T+, CMR",,26.675825
2016,35150,Oui,2090094,thiophanate-methyl,23564-05-8,Fongicide,"T, T+, CMR",,14.080
2016,35150,Non,2090101,nicosulfuron,111991-09-4,Herbicide,N Organique,,5.8
2016,35150,Non,2090103,soufre pour pulverisation (micronise),7704-34-9,Fongicide,Autre,,200
2016,35150,Non,2090106,penconazole,66246-88-6,Fongicide,"T, T+, CMR",,0.5
2016,35150,Non,2090109,imidaclopride,138261-41-3,Insecticide,N Organique,,0.091
2016,35150,Non,2090113,dimethenamide-p (dmta-p),163515-14-8,Herbicide,N Organique,,235.875
2016,35150,Non,2090113,pendimethaline,40487-42-1,Herbicide,N Organique,,277.5
2016,35150,Non,2090115,glyphosate,1071-83-6,Herbicide,N Organique,,187.56
2016,35150,Non,2090118,flufenacet,142459-58-3,Herbicide,N Organique,,6
2016,35150,Non,2090118,pendimethaline,40487-42-1,Herbicide,N Organique,,30
2016,35150,Non,2090146,abamectine,71751-41-2,Insecticide,"T, T+, CMR",,0.000024
2016,35150,Non,2090146,pyrethrines,8003-34-7,Insecticide,N Organique,,0.00032
2016,35150,Non,2090153,dicamba,1918-00-9,Herbicide,N Organique,,6.0
2016,35150,Non,2090153,tritosulfuron,142469-14-5,Herbicide,N Organique,,1.25
2016,35150,Non,2090157,cyflufenamid,180409-60-3,Fongicide,N Organique,,0.15
2016,35150,Non,2090159,tritosulfuron,142469-14-5,Herbicide,N Organique,,19.44936
2016,35150,Non,2090160,glyphosate,1071-83-6,Herbicide,N Organique,,892.8
2016,35150,Non,2090164,glyphosate,1071-83-6,Herbicide,N Organique,,0.36
2016,35150,Non,2090171,dimoxystrobine,149961-52-4,Fongicide,"T, T+, CMR",,13.3
2016,35150,Non,2090171,epoxiconazole,133855-98-8,Fongicide,"T, T+, CMR",,5
2016,35150,Non,2090172,epoxiconazole,133855-98-8,Fongicide,"T, T+, CMR",,0.83
2016,35150,Non,2090172,metrafenone,220899-03-6,Fongicide,N Organique,,1
2016,35150,Non,2090173,epoxiconazole,133855-98-8,Fongicide,"T, T+, CMR",,0.3125
2016,35150,Non,2090173,fenpropimorphe,67564-91-4,Fongicide,"T, T+, CMR",,1
2016,35150,Non,2090173,metrafenone,220899-03-6,Fongicide,N Organique,,0.375
2016,35150,Non,2090186,prosulfocarbe,52888-80-9,Herbicide,N Organique,,1024
2016,35150,Non,2090188,glyphosate,1071-83-6,Herbicide,N Organique,,10.8
2016,35150,Non,2100004,acetamipride,135410-20-7,Insecticide,N Organique,,0.000192
2016,35150,Non,2100004,triticonazole,131983-72-7,Fongicide,N Organique,,0.000576
2016,35150,Non,2100009,thifensulfuron-methyle,79277-27-3,Herbicide,N Organique,,6.17382
2016,35150,Non,2100009,tribenuron-methyle,101200-48-0,Herbicide,N Organique,,3.09618
2016,35150,Non,2100015,thifensulfuron-methyle,79277-27-3,Herbicide,N Organique,,0.495
2016,35150,Non,2100026,cypermethrine,52315-07-8,Insecticide,N Organique,,12.0
2016,35150,Non,2100028,fluroxypyr,69377-81-7,Herbicide,N Organique,,12
2016,35150,Non,2100030,phosphate ferrique,10045-86-0,Molluscicide,Autre,,14.850
2016,35150,Non,2100037,boscalid,188425-85-6,Fongicide,N Organique,,11
2016,35150,Non,2100037,dimoxystrobine,149961-52-4,Fongicide,"T, T+, CMR",,11
2016,35150,Non,2100040,epoxiconazole,133855-98-8,Fongicide,"T, T+, CMR",,1.25
2016,35150,Non,2100040,pyraclostrobine,175013-18-0,Fongicide,"T, T+, CMR",,1.7
2016,35150,Non,2100052,cyprodinil,121552-61-2,Fongicide,N Organique,,12.0
2016,35150,Non,2100056,prothioconazole,178928-70-6,Fongicide,"T, T+, CMR",,12.8
2016,35150,Non,2100056,spiroxamine,118134-30-8,Fongicide,N Organique,,24.0
2016,35150,Non,2100057,prothioconazole,178928-70-6,Fongicide,"T, T+, CMR",,107.625
2016,35150,Non,2100057,trifloxystrobine,141517-21-7,Fongicide,N Organique,,54.12
2016,35150,Non,2100058,captane,133-06-2,Fongicide,"T, T+, CMR",,14.4
2016,35150,Non,2100058,trifloxystrobine,141517-21-7,Fongicide,N Organique,,0.96
2016,35150,Non,2100065,metsulfuron-methyl,74223-64-6,Herbicide,N Organique,,0.00816
2016,35150,Non,2100065,thifensulfuron-methyle,79277-27-3,Herbicide,N Organique,,0.08184
2016,35150,Non,2100069,metsulfuron-methyl,74223-64-6,Herbicide,N Organique,,0.945
2016,35150,Non,2100069,thifensulfuron-methyle,79277-27-3,Herbicide,N Organique,,9.18
2016,35150,Non,2100071,glyphosate,1071-83-6,Herbicide,N Organique,,36.0
2016,35150,Non,2100078,deltamethrine,52918-63-5,Insecticide,"T, T+, CMR",,0.0000080
2016,35150,Oui,2100088,cuivre de l'oxyde cuivreux,1317-39-1,Fongicide,N minéral,,75.000
2016,35150,Oui,2100096,difenoconazole,119446-68-3,Fongicide,N Organique,,2.500
2016,35150,Non,2100102,glyphosate,1071-83-6,Herbicide,N Organique,,10.8
2016,35150,Non,2100108,prothioconazole,178928-70-6,Fongicide,"T, T+, CMR",,69.375
2016,35150,Non,2100108,tebuconazole,107534-96-3,Fongicide,"T, T+, CMR",,69.375
2016,35150,Non,2100111,mesotrione,104206-82-8,Herbicide,N Organique,,57.000
2016,35150,Non,2100111,nicosulfuron,111991-09-4,Herbicide,N Organique,,22.80
2016,35150,Non,2100112,ethephon,16672-87-0,Régulateur de croissance,"T, T+, CMR",,25.44
2016,35150,Non,2100121,chlorantraniliprole,500008-45-7,Insecticide,N Organique,,14.76
2016,35150,Oui,2100134,penconazole,66246-88-6,Fongicide,"T, T+, CMR",,0.500
2016,35150,Non,2100138,cloquintocet-mexyl,99607-70-2,Autre usage – Coformulant / Phytoprotecteur / Synergiste,Autre,,11.0625
2016,35150,Non,2100138,pinoxaden,243973-20-8,Herbicide,"T, T+, CMR",,44.25
2016,35150,Non,2100140,clodinafop-propargyl,105512-06-9,Herbicide,N Organique,,26.90
2016,35150,Non,2100140,cloquintocet-mexyl,99607-70-2,Autre usage – Coformulant / Phytoprotecteur / Synergiste,Autre,,6.7250
2016,35150,Non,2100140,pinoxaden,243973-20-8,Herbicide,"T, T+, CMR",,26.90
2016,35150,Non,2100154,chlorpyriphos-ethyl,2921-88-2,Insecticide,"T, T+, CMR",,97.5
2016,35150,Non,2100154,cypermethrine,52315-07-8,Insecticide,N Organique,,9.75
2016,35150,Non,2100165,acetamipride,135410-20-7,Insecticide,N Organique,,0.002
2016,35150,Non,2100165,triticonazole,131983-72-7,Fongicide,N Organique,,0.006
2016,35150,Non,2100175,prothioconazole,178928-70-6,Fongicide,"T, T+, CMR",,0.027
2016,35150,Non,2100179,azoxystrobine,131860-33-8,Fongicide,"T, T+, CMR",,3.2
2016,35150,Non,2100179,chlorothalonil,1897-45-6,Fongicide,"T, T+, CMR",,16
2016,35150,Oui,2100186,glyphosate,1071-83-6,Herbicide,N Organique,,14.400
2016,35150,Non,2100211,prothioconazole,178928-70-6,Fongicide,"T, T+, CMR",,1.25
2016,35150,Non,2100211,tebuconazole,107534-96-3,Fongicide,"T, T+, CMR",,1.25
2016,35150,Non,2100214,clomazone,81777-89-1,Herbicide,N Organique,,2.88
2016,35150,Non,2100231,emamectine benzoate,155569-91-8,Insecticide,"T, T+, CMR",,1.140
2016,35150,Non,2100234,diflufenicanil,83164-33-4,Herbicide,N Organique,,19.2
2016,35150,Non,2100234,iodosulfuron-methyl-sodium,144550-36-7,Herbicide,N Organique,,1.2000
2016,35150,Non,2100234,mefenpyr-diethyl,135590-91-9,Autre usage – Coformulant / Phytoprotecteur / Synergiste,Autre,,4.320
2016,35150,Non,2100234,mesosulfuron-methyl,208465-21-8,Herbicide,N Organique,,1.440
2016,35150,Non,2100235,fenoxaprop-p-ethyl,71283-80-2,Herbicide,N Organique,,0.96
2016,35150,Non,2100235,iodosulfuron-methyl-sodium,144550-36-7,Herbicide,N Organique,,0.12
2016,35150,Non,2100235,mefenpyr-diethyl,135590-91-9,Autre usage – Coformulant / Phytoprotecteur / Synergiste,Autre,,0.36
2016,35150,Non,2100245,prothioconazole,178928-70-6,Fongicide,"T, T+, CMR",,20
2016,35150,Non,2100245,tebuconazole,107534-96-3,Fongicide,"T, T+, CMR",,20
2016,35150,Non,2110001,thifensulfuron-methyle,79277-27-3,Herbicide,N Organique,,0.375
2016,35150,Oui,2110004,propyzamide,23950-58-5,Herbicide,"T, T+, CMR",,12.000
2016,35150,Non,2110013,bromoxynil,1689-84-5,Herbicide,"T, T+, CMR",,5.2208
2016,35150,Non,2110018,difenoconazole,119446-68-3,Fongicide,N Organique,,3.06425
2016,35150,Non,2110018,fludioxonil,131341-86-1,Fongicide,N Organique,,3.06425
2016,35150,Non,2110059,bicarbonate de potassium,298-14-6,Fongicide,Autre,,42.5
2016,35150,Non,2110063,clopyralid,1702-17-6,Herbicide,Autre,,3.456
2016,35150,Non,2110077,cloquintocet-mexyl,99607-70-2,Autre usage – Coformulant / Phytoprotecteur / Synergiste,Autre,,1.5525
2016,35150,Non,2110077,fenoxaprop-p-ethyl,71283-80-2,Herbicide,N Organique,,3.105
2016,35150,Non,2110086,spirotetramat,203313-25-1,Insecticide,"T, T+, CMR",,5
2016,35150,Non,2110092,thifensulfuron-methyle,79277-27-3,Herbicide,N Organique,,2.22
2016,35150,Non,2110092,tribenuron-methyle,101200-48-0,Herbicide,N Organique,,2.22
2016,35150,Non,2110095,cloquintocet-mexyl,99607-70-2,Autre usage – Coformulant / Phytoprotecteur / Synergiste,Autre,,1.57500
2016,35150,Non,2110095,florasulame,145701-23-1,Herbicide,N Organique,,0.700
2016,35150,Non,2110095,pinoxaden,243973-20-8,Herbicide,"T, T+, CMR",,6.300
2016,35150,Non,2110102,difenoconazole,119446-68-3,Fongicide,N Organique,,2.65825
2016,35150,Non,2110102,fludioxonil,131341-86-1,Fongicide,N Organique,,2.65825
2016,35150,Non,2110102,sedaxane,874967-67-6,Fongicide,N Organique,,5.3165
2016,35150,Non,2110104,clopyralid (sous forme de sel de monoethanolamine),57754-85-5,Herbicide,Autre,,2.4
2016,35150,Non,2110104,florasulame,145701-23-1,Herbicide,N Organique,,0.075
2016,35150,Non,2110104,fluroxypyr,69377-81-7,Herbicide,N Organique,,3
2016,35150,Non,2110105,azoxystrobine,131860-33-8,Fongicide,"T, T+, CMR",,159.25
2016,35150,Non,2110109,cyprosulfamide,221667-31-8,Autre usage – Coformulant / Phytoprotecteur / Synergiste,Autre,,8.91
2016,35150,Non,2110109,isoxaflutole,141112-29-0,Herbicide,"T, T+, CMR",,13.5
2016,35150,Non,2110109,thiencarbazone-methyl,317815-83-1,Herbicide,"T, T+, CMR",,5.4
2016,35150,Non,2110115,cypermethrine,52315-07-8,Insecticide,N Organique,,2.5
2016,35150,Non,2110121,thiaclopride,111988-49-9,Insecticide,"T, T+, CMR",,63.348
2016,35150,Non,2110144,fluxapyroxad,907204-31-3,Fongicide,"T, T+, CMR",,13
2016,35150,Non,2110147,fludioxonil,131341-86-1,Fongicide,N Organique,,3.5
2016,35150,Non,2110149,huile de colza,8002-13-9,Insecticide,Autre,,0.08112
2016,35150,Non,2110150,huile de colza,8002-13-9,Insecticide,Autre,,2.2533
2016,35150,Non,2110153,chlormequat chlorure,999-81-5,Régulateur de croissance,Autre,,370.5
2016,35150,Non,2110153,ethephon,16672-87-0,Régulateur de croissance,"T, T+, CMR",,185.25
2016,35150,Non,2110159,triticonazole,131983-72-7,Fongicide,N Organique,,0.006
2016,35150,Non,2110162,azoxystrobine,131860-33-8,Fongicide,"T, T+, CMR",,5
2016,35150,Non,2110177,chlorothalonil,1897-45-6,Fongicide,"T, T+, CMR",,367.50
2016,35150,Non,2110177,cyproconazole,94361-06-5,Fongicide,"T, T+, CMR",,49.0
2016,35150,Non,2110177,propiconazole,60207-90-1,Fongicide,N Organique,,61.250
2016,35150,Non,2110178,bixafen,581809-46-3,Fongicide,N Organique,,22.800
2016,35150,Non,2110178,prothioconazole,178928-70-6,Fongicide,"T, T+, CMR",,45.60
2016,35150,Non,2110180,cuivre de l'oxyde cuivreux,1317-39-1,Fongicide,N minéral,,0.0975
2016,35150,Non,2110181,bixafen,581809-46-3,Fongicide,N Organique,,40.500
2016,35150,Non,2110181,prothioconazole,178928-70-6,Fongicide,"T, T+, CMR",,54.0
2016,35150,Non,2110181,tebuconazole,107534-96-3,Fongicide,"T, T+, CMR",,54.0
2016,35150,Non,2110192,metsulfuron-methyl,74223-64-6,Herbicide,N Organique,,0.04
2016,35150,Non,2110194,boscalid,188425-85-6,Fongicide,N Organique,,8.4
2016,35150,Non,2110194,epoxiconazole,133855-98-8,Fongicide,"T, T+, CMR",,3
2016,35150,Non,2110198,glyphosate,1071-83-6,Herbicide,N Organique,,115.2
2016,35150,Non,2120018,glyphosate,1071-83-6,Herbicide,N Organique,,0.384
2016,35150,Non,2120034,glyphosate,1071-83-6,Herbicide,N Organique,,115.2
2016,35150,Oui,2120045,thiaclopride,111988-49-9,Insecticide,"T, T+, CMR",,1.440
2016,35150,Non,2120048,aminopyralid,150114-71-9,Herbicide,N Organique,,2.97
2016,35150,Non,2120048,triclopyr,55335-06-3,Herbicide,N Organique,,23.76
2016,35150,Non,2120063,fluopicolide,239110-15-7,Fongicide,N Organique,,0.0625
2016,35150,Non,2120063,propamocarbe,24579-73-5,Fongicide,Autre,,0.625
2016,35150,Non,2120066,dichlorprop-p,15165-67-0,Herbicide,Autre,,402
2016,35150,Non,2120066,picolinafen,137641-05-5,Herbicide,N Organique,,13.4
2016,35150,Non,2120070,prothioconazole,178928-70-6,Fongicide,"T, T+, CMR",,56.0
2016,35150,Non,2120070,tebuconazole,107534-96-3,Fongicide,"T, T+, CMR",,28.0
2016,35150,Non,2120075,dimethenamide-p (dmta-p),163515-14-8,Herbicide,N Organique,,36
2016,35150,Non,2120075,metazachlore,67129-08-2,Herbicide,"T, T+, CMR",,36
2016,35150,Non,2120075,quinmerac,90717-03-6,Herbicide,N Organique,,18
2016,35150,Non,2120081,virus de la granulose,,Insecticide,Autre,,
2016,35150,Non,2120089,diflufenicanil,83164-33-4,Herbicide,N Organique,,0.945
2016,35150,Non,2120089,glyphosate,1071-83-6,Herbicide,N Organique,,7.56
2016,35150,Non,2120089,mecoprop (mcpp),7085-19-0,Herbicide,N Organique,,3.78
2016,35150,Non,2120093,epoxiconazole,133855-98-8,Fongicide,"T, T+, CMR",,3.75
2016,35150,Non,2120120,bentazone,25057-89-0,Herbicide,N Organique,,2.4
2016,35150,Non,2120120,imazamox,114311-32-9,Herbicide,N Organique,,0.112
2016,35150,Non,2120157,acide pelargonique,112-05-0,Herbicide,Autre,,0.02448
2016,35150,Non,2120157,glyphosate,1071-83-6,Herbicide,N Organique,,0.00864
2016,35150,Non,2120159,thirame,137-26-8,Fongicide,N Organique,,0.045528
2016,35150,Non,2120160,bentazone,25057-89-0,Herbicide,N Organique,,14.4
2016,35150,Oui,2120191,trifloxystrobine,141517-21-7,Fongicide,N Organique,,1.000
2016,35150,Non,2120194,metsulfuron-methyl,74223-64-6,Herbicide,N Organique,,0.28
2016,35150,Non,2120205,epoxiconazole,133855-98-8,Fongicide,"T, T+, CMR",,40.976832
2016,35150,Non,2120205,fluxapyroxad,907204-31-3,Fongicide,"T, T+, CMR",,40.976832
2016,35150,Non,2120205,pyraclostrobine,175013-18-0,Fongicide,"T, T+, CMR",,65.602332
2016,35150,Non,2120206,boscalid,188425-85-6,Fongicide,N Organique,,6.65
2016,35150,Non,2120206,metconazole,125116-23-6,Fongicide,"T, T+, CMR",,3
2016,35150,Non,2120210,dicamba,1918-00-9,Herbicide,N Organique,,69.6
2016,35150,Oui,2130023,captane,133-06-2,Fongicide,"T, T+, CMR",,48.000
2016,35150,Non,2130040,"2,4-d",94-75-7,Herbicide,N Organique,,0.2
2016,35150,Non,2130054,propiconazole,60207-90-1,Fongicide,N Organique,,0.81
2016,35150,Non,2130063,nicosulfuron,111991-09-4,Herbicide,N Organique,,2.4
2016,35150,Non,2130068,diflufenicanil,83164-33-4,Herbicide,N Organique,,23.5
2016,35150,Non,2130075,metaldehyde,108-62-3,Molluscicide,Autre,,25.52
2016,35150,Non,2130081,metaldehyde,108-62-3,Molluscicide,Autre,,0.6
2016,35150,Non,2130083,lambda-cyhalothrine,91465-08-6,Insecticide,"T, T+, CMR",,1.2
2016,35150,Non,2130084,metaldehyde,108-62-3,Molluscicide,Autre,,4.32
2016,35150,Non,2130092,spiromesifen,283594-90-1,Insecticide,Autre,,1.20
2016,35150,Non,2130093,diflufenicanil,83164-33-4,Herbicide,N Organique,,0.001728
2016,35150,Non,2130093,glyphosate,1071-83-6,Herbicide,N Organique,,0.0108
2016,35150,Non,2130105,metaldehyde,108-62-3,Molluscicide,Autre,,11.52
2016,35150,Non,2130140,diflufenicanil,83164-33-4,Herbicide,N Organique,,24.4
2016,35150,Non,2130140,pendimethaline,40487-42-1,Herbicide,N Organique,,244
2016,35150,Non,2130151,hydrazide maleique,123-33-1,Régulateur de croissance,Autre,,0.09
2016,35150,Non,2130164,foramsulfuron,173159-57-4,Herbicide,N Organique,,15.42
2016,35150,Non,2130164,thiencarbazone-methyl,317815-83-1,Herbicide,"T, T+, CMR",,5.14
2016,35150,Non,2130181,mesotrione,104206-82-8,Herbicide,N Organique,,5.5
2016,35150,Non,2130186,lambda-cyhalothrine,91465-08-6,Insecticide,"T, T+, CMR",,0.3
2016,35150,Non,2130196,chlorothalonil,1897-45-6,Fongicide,"T, T+, CMR",,63.75
2016,35150,Non,2130196,cyproconazole,94361-06-5,Fongicide,"T, T+, CMR",,8.5
2016,35150,Non,2130196,propiconazole,60207-90-1,Fongicide,N Organique,,10.625
2016,35150,Non,2130202,fluopyram,658066-35-4,Fongicide,"T, T+, CMR",,20.625
2016,35150,Non,2130202,prothioconazole,178928-70-6,Fongicide,"T, T+, CMR",,20.625
2016,35150,Oui,2130212,phosmet,732-11-6,Insecticide,N Organique,,2.500
2016,35150,Non,2130242,chlortoluron,15545-48-9,Herbicide,"T, T+, CMR",,48
2016,35150,Non,2130242,diflufenicanil,83164-33-4,Herbicide,N Organique,,3.2
2016,35150,Non,2130247,trinexapac-ethyl,95266-40-3,Régulateur de croissance,N Organique,,3.75
2016,35150,Non,2130253,"2,4-d",94-75-7,Herbicide,N Organique,,9.6
2016,35150,Non,2130253,glyphosate,1071-83-6,Herbicide,N Organique,,14.4
2016,35150,Non,2130266,bromuconazole,116255-48-2,Fongicide,N Organique,,48.43
2016,35150,Non,2130266,tebuconazole,107534-96-3,Fongicide,"T, T+, CMR",,31.03
2016,35150,Non,2140002,florasulame,145701-23-1,Herbicide,N Organique,,0.175
2016,35150,Non,2140007,iodosulfuron-methyl-sodium,144550-36-7,Herbicide,N Organique,,0.036
2016,35150,Non,2140007,mesosulfuron-methyl,208465-21-8,Herbicide,N Organique,,0.18
2016,35150,Non,2140034,mesotrione,104206-82-8,Herbicide,N Organique,,6.5
2016,35150,Oui,2140035,abamectine,71751-41-2,Insecticide,"T, T+, CMR",,0.090
2016,35150,Non,2140039,imidaclopride,138261-41-3,Insecticide,N Organique,,6.398
2016,35150,Non,2140039,prothioconazole,178928-70-6,Fongicide,"T, T+, CMR",,0.914
2016,35150,Non,2140060,chlorothalonil,1897-45-6,Fongicide,"T, T+, CMR",,2.5
2016,35150,Non,2140060,propiconazole,60207-90-1,Fongicide,N Organique,,0.625
2016,35150,Non,2140078,fludioxonil,131341-86-1,Fongicide,N Organique,,0.0025
2016,35150,Non,2140078,tefluthrine,79538-32-2,Insecticide,"T, T+, CMR",,0.01
2016,35150,Non,2140082,trinexapac-ethyl,95266-40-3,Régulateur de croissance,N Organique,,4.025
2016,35150,Non,2140093,glyphosate,1071-83-6,Herbicide,N Organique,,135
2016,35150,Non,2140098,aminopyralid,150114-71-9,Herbicide,N Organique,,1.00130
2016,35150,Non,2140098,propyzamide,23950-58-5,Herbicide,"T, T+, CMR",,95.0
2016,35150,Non,2140106,huile minerale paraffinique,8042-47-5,Insecticide - Acaricide,Autre,,3.16
2016,35150,Non,2140108,dimethenamide-p (dmta-p),163515-14-8,Herbicide,N Organique,,7
2016,35150,Non,2140108,metazachlore,67129-08-2,Herbicide,"T, T+, CMR",,7
2016,35150,Non,2140108,quinmerac,90717-03-6,Herbicide,N Organique,,3.5
2016,35150,Non,2140121,acide pelargonique,112-05-0,Herbicide,Autre,,0.216207
2016,35150,Non,2140132,diflufenicanil,83164-33-4,Herbicide,N Organique,,25
2016,35150,Non,2140134,soufre triture ventile,7704-34-9,Fongicide,Autre,,0.788
2016,35150,Non,2140148,dicamba,1918-00-9,Herbicide,N Organique,,23.04
2016,35150,Non,2140153,trinexapac-ethyl,95266-40-3,Régulateur de croissance,N Organique,,5
2016,35150,Non,2140160,bacillus pumilus souche qst 2808,,Fongicide,Autre,,2.0090
2016,35150,Non,2140166,acide decanoique,334-48-5,Herbicide - Antimousse,Autre,,0.02376
2016,35150,Non,2140166,acide octanoique,124-07-2,Herbicide - Antimousse,Autre,,0.03564
2016,35150,Non,2140167,acide decanoique,334-48-5,Herbicide - Antimousse,Autre,,0.01188
2016,35150,Non,2140167,acide octanoique,124-07-2,Herbicide - Antimousse,Autre,,0.01782
2016,35150,Non,2140173,fluxapyroxad,907204-31-3,Fongicide,"T, T+, CMR",,35.0075
2016,35150,Non,2140173,metconazole,125116-23-6,Fongicide,"T, T+, CMR",,25.2054
2016,35150,Non,2140175,metconazole,125116-23-6,Fongicide,"T, T+, CMR",,1.8
2016,35150,Non,2140188,dithianon,3347-22-6,Fongicide,"T, T+, CMR",,5
2016,35150,Non,2140188,pyrimethanil,53112-28-0,Fongicide,N Organique,,5
2016,35150,Non,2140193,sulfate de fer (sulfate ferreux heptahydrate),7782-63-0,Herbicide - Antimousse,Autre,,0.748
2016,35150,Non,2140199,amidosulfuron,120923-37-7,Herbicide,N Organique,,4.05
2016,35150,Non,2140199,iodosulfuron-methyl-sodium,144550-36-7,Herbicide,N Organique,,0.81
2016,35150,Non,2140199,mesosulfuron-methyl,208465-21-8,Herbicide,N Organique,,2.43
2016,35150,Non,2140254,acide pelargonique,112-05-0,Herbicide,Autre,,6.8
2016,35150,Non,2140256,chlorpyriphos-methyl,5598-13-0,Insecticide,N Organique,,2.3625
2016,35150,Non,2140257,iodosulfuron-methyl-sodium,144550-36-7,Herbicide,N Organique,,0.14
2016,35150,Non,2140257,mefenpyr-diethyl,135590-91-9,Autre usage – Coformulant / Phytoprotecteur / Synergiste,Autre,,2.10
2016,35150,Non,2140257,mesosulfuron-methyl,208465-21-8,Herbicide,N Organique,,0.70
2016,35150,Non,2140258,iodosulfuron-methyl-sodium,144550-36-7,Herbicide,N Organique,,0.9000
2016,35150,Non,2140258,mesosulfuron-methyl,208465-21-8,Herbicide,N Organique,,0.9000
2016,35150,Non,2140266,epoxiconazole,133855-98-8,Fongicide,"T, T+, CMR",,7.98
2016,35150,Non,2140266,fluxapyroxad,907204-31-3,Fongicide,"T, T+, CMR",,7.98
2016,35150,Non,2140266,pyraclostrobine,175013-18-0,Fongicide,"T, T+, CMR",,12.92
2016,35150,Non,2140267,epoxiconazole,133855-98-8,Fongicide,"T, T+, CMR",,0.42
2016,35150,Non,2140267,fluxapyroxad,907204-31-3,Fongicide,"T, T+, CMR",,0.42
2016,35150,Non,2140267,pyraclostrobine,175013-18-0,Fongicide,"T, T+, CMR",,0.68
2016,35150,Oui,2150002,metamitrone,41394-05-2,Herbicide,N Organique,,0.450
2016,35150,Oui,2150008,prohexadione-calcium,127277-53-6,Régulateur de croissance,N Organique,,1.950
2016,35150,Non,2150051,bixafen,581809-46-3,Fongicide,N Organique,,0.6
2016,35150,Non,2150051,fluoxastrobine,361377-29-9,Fongicide,"T, T+, CMR",,0.75
2016,35150,Non,2150051,prothioconazole,178928-70-6,Fongicide,"T, T+, CMR",,1.5
2016,35150,Non,2150084,mesotrione,104206-82-8,Herbicide,N Organique,,0.5
2016,35150,Non,2150098,azoxystrobine,131860-33-8,Fongicide,"T, T+, CMR",,3.535
2016,35150,Non,2150098,propiconazole,60207-90-1,Fongicide,N Organique,,3.06
2016,35150,Non,2150125,diflufenicanil,83164-33-4,Herbicide,N Organique,,5.6
2016,35150,Non,2150200,chlorothalonil,1897-45-6,Fongicide,"T, T+, CMR",,82.5
2016,35150,Non,2150280,imidaclopride,138261-41-3,Insecticide,N Organique,,15.618
2016,35150,Non,2150484,clopyralid,1702-17-6,Herbicide,Autre,,6.3
2016,35150,Non,2150484,florasulame,145701-23-1,Herbicide,N Organique,,0.525
2016,35150,Non,2160005,bifenox,42576-02-3,Herbicide,N Organique,,8.75
2016,35150,Non,2160005,mecoprop-p (mcpp-p),16484-77-8,Herbicide,N Organique,,10.78
2016,35150,Non,2160617,benzovindiflupyr,1072957-71-1,Fongicide,Autre,,6.5
2016,35150,Non,2160959,benzovindiflupyr,1072957-71-1,Fongicide,Autre,,1.875
2016,35150,Non,2160959,prothioconazole,178928-70-6,Fongicide,"T, T+, CMR",,3.75
2016,35150,Non,5100219,soufre sublime,7704-34-9,Fongicide,Autre,,148.5
2016,35150,Non,6500402,"2,4-d",94-75-7,Herbicide,N Organique,,110.4
2016,35150,Non,7300221,chlortoluron,15545-48-9,Herbicide,"T, T+, CMR",,55
2016,35150,Non,7400815,chlormequat chlorure,999-81-5,Régulateur de croissance,Autre,,92.0
2016,35150,Non,7500569,pyrimicarbe,23103-98-2,Insecticide,"T, T+, CMR",,0.5
2016,35150,Non,7500716,cuivre du sulfate de cuivre,8011-63-0,Fongicide,N minéral,,4
2016,35150,Oui,7600008,bupirimate,41483-43-6,Fongicide,N Organique,,6.250
2016,35150,Oui,7800132,ethephon,16672-87-0,Régulateur de croissance,"T, T+, CMR",,2.400
2016,35150,Non,7800790,bromoxynil octanoate,1689-99-2,Herbicide,"T, T+, CMR",,3
2016,35150,Non,7800790,dicamba,1918-00-9,Herbicide,N Organique,,0.6
2016,35150,Non,7800790,mecoprop (mcpp),7085-19-0,Herbicide,N Organique,,9
2016,35150,Non,7900753,clopyralid (sous forme de sel de monoethanolamine),57754-85-5,Herbicide,Autre,,0.1
2016,35150,Non,8000084,"2,4-mcpa",94-74-6,Herbicide,N Organique,,4
2016,35150,Non,8100345,hymexazol,10004-44-1,Fongicide,N Organique,,0.021
2016,35150,Non,8100462,huile vegetale,,SA non phyto - Divers,Autre,,0.8832
2016,35150,Non,8100462,resines (colophane),8050-09-7,SA non phyto - Divers,Autre,,8.7360
2016,35150,Non,8200216,propiconazole,60207-90-1,Fongicide,N Organique,,63.75
2016,35150,Non,8200307,isoproturon,34123-59-6,Herbicide,"T, T+, CMR",,240
2016,35150,Non,8200538,"2,4-d",94-75-7,Herbicide,N Organique,,0.75
2016,35150,Non,8200538,"2,4-mcpa",94-74-6,Herbicide,N Organique,,0.875
2016,35150,Non,8200538,clopyralid (sous forme de sel de monoethanolamine),57754-85-5,Herbicide,Autre,,0.175
2016,35150,Non,8200575,cypermethrine,52315-07-8,Insecticide,N Organique,,2.5
2016,35150,Non,8300243,chlorothalonil,1897-45-6,Fongicide,"T, T+, CMR",,155
2016,35150,Non,8300270,chlorothalonil,1897-45-6,Fongicide,"T, T+, CMR",,20
2016,35150,Non,8300429,alphamethrine,67375-30-8,Insecticide,"T, T+, CMR",,0.5
2016,35150,Non,8400096,dicamba,1918-00-9,Herbicide,N Organique,,88.32
2016,35150,Non,8400098,bacillus thuringiensis serotype 3a 3b,68038-71-1,Insecticide,Autre,,0.015
2016,35150,Non,8400098,butoxyde de piperonyle,51-03-6,Autre usage – Coformulant / Phytoprotecteur / Synergiste,Autre,,0.0375
2016,35150,Non,8400098,pyrethrines,8003-34-7,Insecticide,N Organique,,0.018
2016,35150,Non,8400255,metsulfuron-methyl,74223-64-6,Herbicide,N Organique,,0.52
2016,35150,Oui,8400477,fenoxycarbe,72490-01-8,Insecticide,"T, T+, CMR",,13.700
2016,35150,Non,8400528,isoxaben,82558-50-7,Herbicide,N Organique,,25.000
2016,35150,Non,8400574,propyzamide,23950-58-5,Herbicide,"T, T+, CMR",,46
2016,35150,Non,8500023,thirame,137-26-8,Fongicide,N Organique,,12
2016,35150,Non,8500160,chlorothalonil,1897-45-6,Fongicide,"T, T+, CMR",,1.25
2016,35150,Non,8500160,propiconazole,60207-90-1,Fongicide,N Organique,,0.3125
2016,35150,Non,8500194,tau-fluvalinate,102851-06-9,Insecticide,N Organique,,1.68
2016,35150,Non,8500351,acide b-indole butyrique (aib),133-32-4,Régulateur de croissance,"T, T+, CMR",,0.000075
2016,35150,Non,8600243,aclonifen,74070-46-5,Herbicide,"T, T+, CMR",,42
2016,35150,Non,8600395,huile vegetale,,SA non phyto - Divers,Autre,,0.023
2016,35150,Non,8600395,resines (colophane),8050-09-7,SA non phyto - Divers,Autre,,0.074
2016,35150,Non,8700240,diflufenicanil,83164-33-4,Herbicide,N Organique,,1.25
2016,35150,Non,8700240,isoproturon,34123-59-6,Herbicide,"T, T+, CMR",,10
2016,35150,Non,8700462,prosulfocarbe,52888-80-9,Herbicide,N Organique,,1912
2016,35150,Non,8700571,soufre,7704-34-9,Fongicide,Autre,,10.44
2016,35150,Non,8800011,carboxine,5234-68-4,Fongicide,N Organique,,0.99
2016,35150,Non,8800011,thirame,137-26-8,Fongicide,N Organique,,0.99
2016,35150,Non,8800199,propaquizafop,111479-05-1,Herbicide,N Organique,,5.5
2016,35150,Non,8800395,lambda-cyhalothrine,91465-08-6,Insecticide,"T, T+, CMR",,0.750
2016,35150,Non,8800395,pyrimicarbe,23103-98-2,Insecticide,"T, T+, CMR",,15.0
2016,35150,Non,8800417,captane,133-06-2,Fongicide,"T, T+, CMR",,9.6
2016,35150,Non,8800488,chlorothalonil,1897-45-6,Fongicide,"T, T+, CMR",,77.5
2016,35150,Non,8800827,chlortoluron,15545-48-9,Herbicide,"T, T+, CMR",,65
2016,35150,Non,8800827,isoxaben,82558-50-7,Herbicide,N Organique,,2.431
2016,35150,Non,8800841,difenoconazole,119446-68-3,Fongicide,N Organique,,7.5
2016,35150,Non,8800941,metaldehyde,108-62-3,Molluscicide,Autre,,1.056
2016,35150,Non,8900564,tau-fluvalinate,102851-06-9,Insecticide,N Organique,,6.72
2016,35150,Non,8900681,pendimethaline,40487-42-1,Herbicide,N Organique,,24
2016,35150,Non,9000069,ethofumesate,26225-79-6,Herbicide,N Organique,,20
2016,35150,Non,9000163,rimsulfuron,122931-48-0,Herbicide,N Organique,,2.5
2016,35150,Non,9000184,"2,4-mcpa",94-74-6,Herbicide,N Organique,,61
2016,35150,Non,9000184,clopyralid (sous forme de sel de monoethanolamine),57754-85-5,Herbicide,Autre,,6.1
2016,35150,Non,9000184,fluroxypyr,69377-81-7,Herbicide,N Organique,,12.2
2016,35150,Non,9000198,chlortoluron,15545-48-9,Herbicide,"T, T+, CMR",,4
2016,35150,Non,9000198,diflufenicanil,83164-33-4,Herbicide,N Organique,,0.25
2016,35150,Non,9000259,amidosulfuron,120923-37-7,Herbicide,N Organique,,5.58
2016,35150,Non,9000362,huile de resine,8050-18-8,SA non phyto - Divers,Autre,,0.699
2016,35150,Non,9000362,resines (colophane),8050-09-7,SA non phyto - Divers,Autre,,6.075
2016,35150,Non,9000362,suif,61789-97-7,SA non phyto - Divers,Autre,,0.523
2016,35150,Non,9000471,glufosinate ammonium,77182-82-2,Herbicide,"T, T+, CMR",,6.75
2016,35150,Non,9000490,cycloxydime,101205-02-1,Herbicide,"T, T+, CMR",,10.0
2016,35150,Non,9000619,chlortoluron,15545-48-9,Herbicide,"T, T+, CMR",,20
2016,35150,Non,9000741,tetraconazole,112281-77-3,Fongicide,N Organique,,8.125
2016,35150,Non,9000753,metaldehyde,108-62-3,Molluscicide,Autre,,21
2016,35150,Non,9000833,metazachlore,67129-08-2,Herbicide,"T, T+, CMR",,30
2016,35150,Non,9000833,quinmerac,90717-03-6,Herbicide,N Organique,,7.5
2016,35150,Non,9100046,trinexapac-ethyl,95266-40-3,Régulateur de croissance,N Organique,,31.00
2016,35150,Non,9100155,glyphosate,1071-83-6,Herbicide,N Organique,,5.4
2016,35150,Non,9100231,metaldehyde,108-62-3,Molluscicide,Autre,,2.58
2016,35150,Non,9100418,nicosulfuron,111991-09-4,Herbicide,N Organique,,10.0
2016,35150,Non,9100505,glyphosate,1071-83-6,Herbicide,N Organique,,12.6
2016,35150,Non,9100537,glyphosate,1071-83-6,Herbicide,N Organique,,28.8
2016,35150,Non,9100557,dimethomorphe,110488-70-5,Fongicide,N Organique,,0.1125
2016,35150,Non,9100645,clodinafop-propargyl,105512-06-9,Herbicide,N Organique,,0.9
2016,35150,Non,9100645,cloquintocet-mexyl,99607-70-2,Autre usage – Coformulant / Phytoprotecteur / Synergiste,Autre,,0.225
2016,35150,Non,9200022,fenpropidine,67306-00-7,Fongicide,N Organique,,5
2016,35150,Non,9200022,propiconazole,60207-90-1,Fongicide,N Organique,,1.25
2016,35150,Non,9200073,triflusulfuron-methyl,126535-15-7,Herbicide,"T, T+, CMR",,0.25
2016,35150,Non,9200078,tebuconazole,107534-96-3,Fongicide,"T, T+, CMR",,7.5
2016,35150,Non,9200091,imidaclopride,138261-41-3,Insecticide,N Organique,,85.0605
2016,35150,Non,9200135,cypermethrine,52315-07-8,Insecticide,N Organique,,0.026688
2016,35150,Non,9200159,pyrimethanil,53112-28-0,Fongicide,N Organique,,2
2016,35150,Non,9200262,iprodione,36734-19-7,Fongicide,"T, T+, CMR",,2.505
2016,35150,Non,9200283,imidaclopride,138261-41-3,Insecticide,N Organique,,3.5
2016,35150,Non,9200283,tebuconazole,107534-96-3,Fongicide,"T, T+, CMR",,0.15
2016,35150,Non,9200283,triazoxide,72459-58-6,Fongicide,Autre,,0.1
2016,35150,Non,9200392,"2,4-mcpa",94-74-6,Herbicide,N Organique,,7.6
2016,35150,Non,9200392,clopyralid (sous forme de sel de monoethanolamine),57754-85-5,Herbicide,Autre,,0.76
2016,35150,Non,9200392,fluroxypyr,69377-81-7,Herbicide,N Organique,,1.52
2016,35150,Non,9200461,chlormequat chlorure,999-81-5,Régulateur de croissance,Autre,,457.125
2016,35150,Non,9200461,mepiquat-chlorure,24307-26-4,Régulateur de croissance,N Organique,,152.375
2016,35150,Non,9200482,bacillus thuringiensis serotype 3a 3b,68038-71-1,Insecticide,Autre,,
2016,35150,Non,9200493,bromoxynil octanoate,1689-99-2,Herbicide,"T, T+, CMR",,4.2
2016,35150,Non,9200494,ethephon,16672-87-0,Régulateur de croissance,"T, T+, CMR",,25.8
2016,35150,Non,9200494,trinexapac-ethyl,95266-40-3,Régulateur de croissance,N Organique,,25.8
2016,35150,Non,9200548,thirame,137-26-8,Fongicide,N Organique,,0.3792
2016,35150,Non,9300108,captane,133-06-2,Fongicide,"T, T+, CMR",,32
2016,35150,Non,9300111,pyrethrines,8003-34-7,Insecticide,N Organique,,0.023
2016,35150,Non,9300186,tebuconazole,107534-96-3,Fongicide,"T, T+, CMR",,2.25
2016,35150,Non,9300189,fluroxypyr,69377-81-7,Herbicide,N Organique,,0.0054
2016,35150,Non,9300189,triclopyr,55335-06-3,Herbicide,N Organique,,0.0162
2016,35150,Non,9300309,zetacypermethrine,52315-07-8,Insecticide,"T, T+, CMR",,3.9
2016,35150,Non,9300338,prochloraze,67747-09-5,Fongicide,N Organique,,4.5
2016,35150,Non,9300396,chlormequat chlorure,999-81-5,Régulateur de croissance,Autre,,546.48
2016,35150,Non,9300396,chlorure de choline,67-48-1,Autre usage – Coformulant / Phytoprotecteur / Synergiste,Autre,,380.16
2016,35150,Non,9400008,triticonazole,131983-72-7,Fongicide,N Organique,,0.567
2016,35150,Non,9400052,clethodime,99129-21-2,Herbicide,N Organique,,15.6
2016,35150,Non,9400067,dicamba,1918-00-9,Herbicide,N Organique,,20.3
2016,35150,Non,9400133,aclonifen,74070-46-5,Herbicide,"T, T+, CMR",,14
2016,35150,Non,9400133,flurtamone,96525-23-4,Herbicide,N Organique,,3.76
2016,35150,Non,9400134,diflufenicanil,83164-33-4,Herbicide,N Organique,,26.0
2016,35150,Non,9400134,flurtamone,96525-23-4,Herbicide,N Organique,,65.00
2016,35150,Non,9400162,glyphosate,1071-83-6,Herbicide,N Organique,,72
2016,35150,Non,9400354,glyphosate,1071-83-6,Herbicide,N Organique,,144.0
2016,35150,Non,9400367,chlorothalonil,1897-45-6,Fongicide,"T, T+, CMR",,506.25
2016,35150,Non,9400367,cyproconazole,94361-06-5,Fongicide,"T, T+, CMR",,54.0
2016,35150,Non,9400389,chlorothalonil,1897-45-6,Fongicide,"T, T+, CMR",,9.375
2016,35150,Non,9400389,pyrimethanil,53112-28-0,Fongicide,N Organique,,3.75
2016,35150,Non,9400495,glyphosate,1071-83-6,Herbicide,N Organique,,5.4
2016,35150,Non,9400496,huile minerale paraffinique,8042-47-5,Insecticide - Acaricide,Autre,,344
2016,35150,Non,9500107,propiconazole,60207-90-1,Fongicide,N Organique,,8.125
2016,35150,Non,9500107,tebuconazole,107534-96-3,Fongicide,"T, T+, CMR",,8.125
2016,35150,Non,9500135,metaldehyde,108-62-3,Molluscicide,Autre,,1.5
2016,35150,Non,9500150,isoxaben,82558-50-7,Herbicide,N Organique,,0.856
2016,35150,Non,9500150,oryzalin,19044-88-3,Herbicide,"T, T+, CMR",,3.432
2016,35150,Non,9500213,fenbuconazole,114369-43-6,Fongicide,N Organique,,0.5
2016,35150,Non,9500223,prochloraze,67747-09-5,Fongicide,N Organique,,66.7750
2016,35150,Non,9500223,tebuconazole,107534-96-3,Fongicide,"T, T+, CMR",,33.1250
2016,35150,Non,9500234,tetraconazole,112281-77-3,Fongicide,N Organique,,2.2
2016,35150,Non,9500302,cuivre du sulfate de cuivre,8011-63-0,Fongicide,N minéral,,28.2
2016,35150,Non,9500364,myclobutanil,88671-89-0,Fongicide,"T, T+, CMR",,0.006
2016,35150,Non,9500414,cypermethrine,52315-07-8,Insecticide,N Organique,,0.0025
2016,35150,Non,9500467,triclopyr,55335-06-3,Herbicide,N Organique,,0.004
2016,35150,Non,9500551,chlormequat chlorure,999-81-5,Régulateur de croissance,Autre,,9.2
2016,35150,Non,9500551,ethephon,16672-87-0,Régulateur de croissance,"T, T+, CMR",,6.2
2016,35150,Non,9500551,mepiquat-chlorure,24307-26-4,Régulateur de croissance,N Organique,,3
2016,35150,Non,9500581,chlormequat chlorure,999-81-5,Régulateur de croissance,Autre,,121.5
2016,35150,Non,9500581,ethephon,16672-87-0,Régulateur de croissance,"T, T+, CMR",,60.75
2016,35150,Non,9500628,bentazone,25057-89-0,Herbicide,N Organique,,2.61
2016,35150,Non,9500629,cyprodinil,121552-61-2,Fongicide,N Organique,,3.5
2016,35150,Non,9600022,huile de vaseline,8042-47-5,Insecticide - Acaricide,Autre,,4.085
2016,35150,Non,9600093,azoxystrobine,131860-33-8,Fongicide,"T, T+, CMR",,15
2016,35150,Non,9600097,cuivre de l'hydroxyde de cuivre,20427-59-2,Fongicide,"T, T+, CMR",,0.0432
2016,35150,Non,9600197,carfentrazone ethyl,128639-02-1,Herbicide,N Organique,,8.84
2016,35150,Non,9600197,metsulfuron-methyl,74223-64-6,Herbicide,N Organique,,2.21
2016,35150,Non,9600319,glyphosate,1071-83-6,Herbicide,N Organique,,3.6
2016,35150,Non,9600370,"2,4-mcpa",94-74-6,Herbicide,N Organique,,1.75
2016,35150,Non,9600370,clopyralid (sous forme de sel de monoethanolamine),57754-85-5,Herbicide,Autre,,0.175
2016,35150,Non,9600386,fosetyl-aluminium,39148-24-8,Fongicide,Autre,,1.12
2016,35150,Non,9600392,chlormequat chlorure,999-81-5,Régulateur de croissance,Autre,,73.6
2016,35150,Non,9600392,imazaquine,81335-37-7,Régulateur de croissance,N Organique,,0.16
2016,35150,Oui,9600395,dithianon,3347-22-6,Fongicide,"T, T+, CMR",,25.900
2016,35150,Non,9600550,diflufenicanil,83164-33-4,Herbicide,N Organique,,0.6
2016,35150,Non,9600550,glyphosate,1071-83-6,Herbicide,N Organique,,3.75
2016,35150,Non,9700009,prochloraze,67747-09-5,Fongicide,N Organique,,66.775
2016,35150,Non,9700009,tebuconazole,107534-96-3,Fongicide,"T, T+, CMR",,33.125
2016,35150,Non,9700027,hexythiazox,78587-05-0,Insecticide - Acaricide,N Organique,,0.15
2016,35150,Non,9700116,chlorothalonil,1897-45-6,Fongicide,"T, T+, CMR",,15
2016,35150,Non,9700181,chlortoluron,15545-48-9,Herbicide,"T, T+, CMR",,20
2016,35150,Non,9700278,alphamethrine,67375-30-8,Insecticide,"T, T+, CMR",,1.65
2016,35150,Non,9700332,azoxystrobine,131860-33-8,Fongicide,"T, T+, CMR",,0.04
2016,35150,Non,9700396,pyrimethanil,53112-28-0,Fongicide,N Organique,,4
2016,35150,Non,9700420,clethodime,99129-21-2,Herbicide,N Organique,,3.36
2016,35150,Non,9700554,prochloraze,67747-09-5,Fongicide,N Organique,,32
2016,35150,Non,9700554,propiconazole,60207-90-1,Fongicide,N Organique,,7.2
2016,35150,Non,9700558,ethephon,16672-87-0,Régulateur de croissance,"T, T+, CMR",,14.4
2016,35150,Non,9800018,clomazone,81777-89-1,Herbicide,N Organique,,5.40
2016,35150,Non,9800018,dimethachlore,50563-36-5,Herbicide,N Organique,,33.7500
2016,35150,Non,9800018,napropamide,15299-99-7,Herbicide,N Organique,,33.7500
2016,35150,Non,9800076,virus de la granulose,,Insecticide,Autre,,
2016,35150,Non,9800098,metamitrone,41394-05-2,Herbicide,N Organique,,6.3
2016,35150,Non,9800100,chlortoluron,15545-48-9,Herbicide,"T, T+, CMR",,14
2016,35150,Non,9800144,indoxacarbe,173584-44-6,Insecticide,"T, T+, CMR",,8.7
2016,35150,Non,9800182,s-metolachlore,87392-12-9,Herbicide,N Organique,,62.4
2016,35150,Non,9800210,phenmediphame,13684-63-4,Herbicide,N Organique,,0.8
2016,35150,Non,9800219,ethephon,16672-87-0,Régulateur de croissance,"T, T+, CMR",,4.92
2016,35150,Non,9800231,mancozebe,8018-01-7,Fongicide,"T, T+, CMR",,0.48
2016,35150,Non,9800231,myclobutanil,88671-89-0,Fongicide,"T, T+, CMR",,0.018
2016,35150,Non,9800236,glyphosate,1071-83-6,Herbicide,N Organique,,3.6
2016,35150,Non,9800244,fenhexamide,126833-17-8,Fongicide,N Organique,,1.5
2016,35150,Non,9800245,soufre pour pulverisation (micronise),7704-34-9,Fongicide,Autre,,32
2016,35150,Non,9800277,florasulame,145701-23-1,Herbicide,N Organique,,0.1125
2016,35150,Non,9800289,metalaxyl-m,70630-17-0,Fongicide,Autre,,2.7912
2016,35150,Non,9800294,glyphosate,1071-83-6,Herbicide,N Organique,,9.0
2016,35150,Non,9800320,acibenzolar-s-methyl,135158-54-2,Fongicide,N Organique,,0.01
2016,35150,Non,9800320,metalaxyl-m,70630-17-0,Fongicide,Autre,,0.0969
2016,35150,Non,9800321,cypermethrine,52315-07-8,Insecticide,N Organique,,0.001
2016,35150,Non,9800336,lambda-cyhalothrine,91465-08-6,Insecticide,"T, T+, CMR",,6.725
2016,35150,Non,9800343,clomazone,81777-89-1,Herbicide,N Organique,,0.6
2016,35150,Non,9800343,dimethachlore,50563-36-5,Herbicide,N Organique,,5
2016,35150,Non,9800344,fludioxonil,131341-86-1,Fongicide,N Organique,,0.59725
2016,35150,Non,9800344,metalaxyl-m,70630-17-0,Fongicide,Autre,,0.231733
2016,35150,Non,9800374,sulfosulfuron,141776-32-1,Herbicide,N Organique,,0.2
2016,35150,Non,9800392,dodine,2439-10-3,Fongicide,"T, T+, CMR",,68
2016,35150,Non,9800453,cyproconazole,94361-06-5,Fongicide,"T, T+, CMR",,23.2
2016,35150,Non,9800453,prochloraze,67747-09-5,Fongicide,N Organique,,87
2016,35150,Non,9800458,propaquizafop,111479-05-1,Herbicide,N Organique,,0.5
2016,35150,Non,9800474,cuivre du sulfate de cuivre,8011-63-0,Fongicide,N minéral,,36
2016,35150,Non,9800477,bentazone,25057-89-0,Herbicide,N Organique,,3.2
2016,35150,Non,9800477,dicamba,1918-00-9,Herbicide,N Organique,,0.9
2016,35150,Non,9800481,fleur de chaux (chaux eteinte),1305-62-0,SA non phyto - Divers,Autre,,2.6
2016,35150,Non,9800496,clopyralid,1702-17-6,Herbicide,Autre,,1.4
2016,35150,Non,9800499,glyphosate,1071-83-6,Herbicide,N Organique,,7.2
2016,35150,Non,9900047,mesotrione,104206-82-8,Herbicide,N Organique,,64.5
2016,35150,Non,9900201,glyphosate,1071-83-6,Herbicide,N Organique,,5.22
2016,35150,Non,9900206,picoxystrobine,117428-22-5,Fongicide,N Organique,,20.50
2016,35150,Non,9900242,mancozebe,8018-01-7,Fongicide,"T, T+, CMR",,30.0
2016,35150,Non,9900251,dimethenamide-p (dmta-p),163515-14-8,Herbicide,N Organique,,316.8
2016,35150,Non,9900257,cuivre du sulfate de cuivre,8011-63-0,Fongicide,N minéral,,4.0
2016,35150,Non,9900262,flazasulfuron,104040-78-0,Herbicide,N Organique,,0.1
2016,35150,Non,9900263,chlormequat chlorure,999-81-5,Régulateur de croissance,Autre,,29.44
2016,35150,Non,9900263,imazaquine,81335-37-7,Régulateur de croissance,N Organique,,0.064
2016,35150,Non,9900269,glyphosate,1071-83-6,Herbicide,N Organique,,115.2
2016,35150,Non,9900340,pendimethaline,40487-42-1,Herbicide,N Organique,,0.032
2016,35150,Non,9900340,picolinafen,137641-05-5,Herbicide,N Organique,,0.0016
2016,35150,Non,9900390,huile de vaseline,8042-47-5,Insecticide - Acaricide,Autre,,147.06
2016,35150,Non,9900412,fluroxypyr,69377-81-7,Herbicide,N Organique,,0.6
2016,35160,Non,2000017,tau-fluvalinate,102851-06-9,Insecticide,N Organique,,3.8472
2016,35160,Non,2000044,fluazifop-p-butyl,79241-46-6,Herbicide,"T, T+, CMR",,0.5
2016,35160,Non,2000125,cuivre du sulfate de cuivre,8011-63-0,Fongicide,N minéral,,1
2016,35160,Non,2000201,silthiofam,175217-20-6,Fongicide,N Organique,,0.4625
2016,35160,Non,2000299,clomazone,81777-89-1,Herbicide,N Organique,,2.52
2016,35160,Non,2000301,foramsulfuron,173159-57-4,Herbicide,N Organique,,0.675
2016,35160,Non,2000301,isoxadifen-ethyl,163520-33-0,Autre usage – Coformulant / Phytoprotecteur / Synergiste,N Organique,,0.675
2016,35160,Non,2000369,metsulfuron-methyl,74223-64-6,Herbicide,N Organique,,0.06
2016,35160,Non,2000380,clethodime,99129-21-2,Herbicide,N Organique,,0.12
2016,35160,Non,2000502,chlorpyriphos-methyl,5598-13-0,Insecticide,N Organique,,0.7875
2016,35160,Non,2000510,fer sous forme de sulfate de fer,7720-78-7,Herbicide - Antimousse,Autre,,2.24
2016,35160,Non,2010030,mepiquat-chlorure,24307-26-4,Régulateur de croissance,N Organique,,4.5
2016,35160,Non,2010030,prohexadione-calcium,127277-53-6,Régulateur de croissance,N Organique,,0.75
2016,35160,Non,2010035,"2,4-mcpa",94-74-6,Herbicide,N Organique,,1
2016,35160,Non,2010035,dichlorprop-p,15165-67-0,Herbicide,Autre,,0.5
2016,35160,Non,2010035,mecoprop-p (mcpp-p),16484-77-8,Herbicide,N Organique,,0.5
2016,35160,Non,2010239,florasulame,145701-23-1,Herbicide,N Organique,,0.049
2016,35160,Non,2010239,fluroxypyr,69377-81-7,Herbicide,N Organique,,4.9
2016,35160,Non,2010280,metconazole,125116-23-6,Fongicide,"T, T+, CMR",,0.45
2016,35160,Non,2010326,metconazole,125116-23-6,Fongicide,"T, T+, CMR",,1.188
2016,35160,Non,2010351,iodosulfuron-methyl-sodium,144550-36-7,Herbicide,N Organique,,0.288
2016,35160,Non,2010351,mefenpyr-diethyl,135590-91-9,Autre usage – Coformulant / Phytoprotecteur / Synergiste,Autre,,0.864
2016,35160,Non,2010351,mesosulfuron-methyl,208465-21-8,Herbicide,N Organique,,0.288
2016,35160,Non,2010415,glyphosate,1071-83-6,Herbicide,N Organique,,18
2016,35160,Non,2010419,iodosulfuron-methyl-sodium,144550-36-7,Herbicide,N Organique,,0.0072
2016,35160,Non,2010419,mefenpyr-diethyl,135590-91-9,Autre usage – Coformulant / Phytoprotecteur / Synergiste,Autre,,0.108
2016,35160,Non,2010419,mesosulfuron-methyl,208465-21-8,Herbicide,N Organique,,0.036
2016,35160,Non,2010425,metsulfuron-methyl,74223-64-6,Herbicide,N Organique,,0.04
2016,35160,Non,2010427,quizalofop-p-ethyl,100646-51-3,Herbicide,N Organique,,0.24
2016,35160,Non,2020049,iodosulfuron-methyl-sodium,144550-36-7,Herbicide,N Organique,,0.0252
2016,35160,Non,2020049,mefenpyr-diethyl,135590-91-9,Autre usage – Coformulant / Phytoprotecteur / Synergiste,Autre,,0.378
2016,35160,Non,2020049,mesosulfuron-methyl,208465-21-8,Herbicide,N Organique,,0.126
2016,35160,Non,2020224,iodosulfuron-methyl-sodium,144550-36-7,Herbicide,N Organique,,0.036
2016,35160,Non,2020224,mefenpyr-diethyl,135590-91-9,Autre usage – Coformulant / Phytoprotecteur / Synergiste,Autre,,0.108
2016,35160,Non,2020224,mesosulfuron-methyl,208465-21-8,Herbicide,N Organique,,0.036
2016,35160,Non,2020234,metaldehyde,108-62-3,Molluscicide,Autre,,1
2016,35160,Non,2020474,metazachlore,67129-08-2,Herbicide,"T, T+, CMR",,10
2016,35160,Non,2030125,deltamethrine,52918-63-5,Insecticide,"T, T+, CMR",,0.00345
2016,35160,Non,2030255,tebuconazole,107534-96-3,Fongicide,"T, T+, CMR",,8.75
2016,35160,Non,2030323,fludioxonil,131341-86-1,Fongicide,N Organique,,2.8575
2016,35160,Non,2030332,"2,4-d",94-75-7,Herbicide,N Organique,,1.44
2016,35160,Non,2030332,dichlorprop-p,15165-67-0,Herbicide,Autre,,0.72
2016,35160,Non,2040146,tefluthrine,79538-32-2,Insecticide,"T, T+, CMR",,3.184
2016,35160,Non,2050075,boscalid,188425-85-6,Fongicide,N Organique,,7.5
2016,35160,Non,2050145,diflufenicanil,83164-33-4,Herbicide,N Organique,,0.96
2016,35160,Non,2050145,glyphosate,1071-83-6,Herbicide,N Organique,,6
2016,35160,Non,2060051,metrafenone,220899-03-6,Fongicide,N Organique,,1.5
2016,35160,Non,2060088,benoxacor,98730-04-2,Autre usage – Coformulant / Phytoprotecteur / Synergiste,Autre,,6
2016,35160,Non,2060088,mesotrione,104206-82-8,Herbicide,N Organique,,12
2016,35160,Non,2060088,s-metolachlore,87392-12-9,Herbicide,N Organique,,120
2016,35160,Non,2060115,azoxystrobine,131860-33-8,Fongicide,"T, T+, CMR",,3
2016,35160,Non,2060115,cyproconazole,94361-06-5,Fongicide,"T, T+, CMR",,1.2
2016,35160,Non,2060137,ethofumesate,26225-79-6,Herbicide,N Organique,,2.5
2016,35160,Non,2060194,tefluthrine,79538-32-2,Insecticide,"T, T+, CMR",,2.16
2016,35160,Non,2070221,metazachlore,67129-08-2,Herbicide,"T, T+, CMR",,8
2016,35160,Non,2070221,quinmerac,90717-03-6,Herbicide,N Organique,,2
2016,35160,Non,2080018,acetamipride,135410-20-7,Insecticide,N Organique,,0.175
2016,35160,Non,2080026,nicosulfuron,111991-09-4,Herbicide,N Organique,,10.02
2016,35160,Non,2080054,acetamipride,135410-20-7,Insecticide,N Organique,,0.0018
2016,35160,Non,2080094,florasulame,145701-23-1,Herbicide,N Organique,,0.42
2016,35160,Non,2080094,isoxaben,82558-50-7,Herbicide,N Organique,,6.405
2016,35160,Non,2080103,thiophanate-methyl,23564-05-8,Fongicide,"T, T+, CMR",,17.5
2016,35160,Non,2080112,thirame,137-26-8,Fongicide,N Organique,,14.8032
2016,35160,Non,2080117,prosulfuron,94125-34-5,Herbicide,N Organique,,5.4000
2016,35160,Non,2080123,metsulfuron-methyl,74223-64-6,Herbicide,N Organique,,0.04
2016,35160,Non,2080124,metsulfuron-methyl,74223-64-6,Herbicide,N Organique,,0.348
2016,35160,Non,2080125,metsulfuron-methyl,74223-64-6,Herbicide,N Organique,,0.02
2016,35160,Non,2080145,diflufenicanil,83164-33-4,Herbicide,N Organique,,37
2016,35160,Non,2080145,flufenacet,142459-58-3,Herbicide,N Organique,,74
2016,35160,Non,2090008,thirame,137-26-8,Fongicide,N Organique,,1.55636
2016,35160,Non,2090009,pendimethaline,40487-42-1,Herbicide,N Organique,,6.6
2016,35160,Non,2090009,picolinafen,137641-05-5,Herbicide,N Organique,,0.15
2016,35160,Non,2090016,imazamox,114311-32-9,Herbicide,N Organique,,1.169
2016,35160,Non,2090016,pendimethaline,40487-42-1,Herbicide,N Organique,,17.5
2016,35160,Non,2090024,sulcotrione,99105-77-8,Herbicide,"T, T+, CMR",,3
2016,35160,Non,2090028,metamitrone,41394-05-2,Herbicide,N Organique,,3.5
2016,35160,Non,2090037,dicamba,1918-00-9,Herbicide,N Organique,,38.0
2016,35160,Non,2090037,prosulfuron,94125-34-5,Herbicide,N Organique,,3.80
2016,35160,Non,2090042,cloquintocet-mexyl,99607-70-2,Autre usage – Coformulant / Phytoprotecteur / Synergiste,Autre,,0.07513
2016,35160,Non,2090042,florasulame,145701-23-1,Herbicide,N Organique,,0.02508
2016,35160,Non,2090042,pyroxsulame,422556-08-9,Herbicide,"T, T+, CMR",,0.07513
2016,35160,Non,2090057,metsulfuron-methyl,74223-64-6,Herbicide,N Organique,,0.4329
2016,35160,Non,2090057,tribenuron-methyle,101200-48-0,Herbicide,N Organique,,0.8658
2016,35160,Non,2090069,bromoxynil,1689-84-5,Herbicide,"T, T+, CMR",,24.675
2016,35160,Non,2090072,florasulame,145701-23-1,Herbicide,N Organique,,0.175
2016,35160,Non,2090092,epoxiconazole,133855-98-8,Fongicide,"T, T+, CMR",,1.875
2016,35160,Non,2090092,metconazole,125116-23-6,Fongicide,"T, T+, CMR",,1.375
2016,35160,Non,2090115,glyphosate,1071-83-6,Herbicide,N Organique,,7.2
2016,35160,Non,2090118,flufenacet,142459-58-3,Herbicide,N Organique,,5.4
2016,35160,Non,2090118,pendimethaline,40487-42-1,Herbicide,N Organique,,27
2016,35160,Non,2090124,acide pelargonique,112-05-0,Herbicide,Autre,,0.24816
2016,35160,Non,2090124,hydrazide maleique,123-33-1,Régulateur de croissance,Autre,,0.0396
2016,35160,Non,2090149,ethephon,16672-87-0,Régulateur de croissance,"T, T+, CMR",,4.8
2016,35160,Non,2090153,dicamba,1918-00-9,Herbicide,N Organique,,3.6
2016,35160,Non,2090153,tritosulfuron,142469-14-5,Herbicide,N Organique,,0.75
2016,35160,Non,2090159,tritosulfuron,142469-14-5,Herbicide,N Organique,,1.9992
2016,35160,Non,2090160,glyphosate,1071-83-6,Herbicide,N Organique,,180.0
2016,35160,Non,2090164,glyphosate,1071-83-6,Herbicide,N Organique,,104.40
2016,35160,Non,2090171,dimoxystrobine,149961-52-4,Fongicide,"T, T+, CMR",,2.66
2016,35160,Non,2090171,epoxiconazole,133855-98-8,Fongicide,"T, T+, CMR",,1
2016,35160,Non,2090186,prosulfocarbe,52888-80-9,Herbicide,N Organique,,96
2016,35160,Non,2090199,huile de colza,8002-13-9,Insecticide,Autre,,1.6506
2016,35160,Non,2090199,pyrethrines,8003-34-7,Insecticide,N Organique,,0.00918
2016,35160,Non,2090200,huile de colza,8002-13-9,Insecticide,Autre,,0.231
2016,35160,Non,2090200,pyrethrines,8003-34-7,Insecticide,N Organique,,0.00504
2016,35160,Non,2100004,acetamipride,135410-20-7,Insecticide,N Organique,,0.0021
2016,35160,Non,2100004,triticonazole,131983-72-7,Fongicide,N Organique,,0.0063
2016,35160,Non,2100009,thifensulfuron-methyle,79277-27-3,Herbicide,N Organique,,0.11988
2016,35160,Non,2100009,tribenuron-methyle,101200-48-0,Herbicide,N Organique,,0.06012
2016,35160,Non,2100014,metsulfuron-methyl,74223-64-6,Herbicide,N Organique,,0.0603
2016,35160,Non,2100014,thifensulfuron-methyle,79277-27-3,Herbicide,N Organique,,0.2997
2016,35160,Non,2100015,thifensulfuron-methyle,79277-27-3,Herbicide,N Organique,,0.045
2016,35160,Non,2100026,cypermethrine,52315-07-8,Insecticide,N Organique,,2.5
2016,35160,Non,2100030,phosphate ferrique,10045-86-0,Molluscicide,Autre,,3.564
2016,35160,Non,2100053,fluroxypyr,69377-81-7,Herbicide,N Organique,,1
2016,35160,Non,2100056,prothioconazole,178928-70-6,Fongicide,"T, T+, CMR",,7.2
2016,35160,Non,2100056,spiroxamine,118134-30-8,Fongicide,N Organique,,13.5
2016,35160,Non,2100057,prothioconazole,178928-70-6,Fongicide,"T, T+, CMR",,10.500
2016,35160,Non,2100057,trifloxystrobine,141517-21-7,Fongicide,N Organique,,5.28
2016,35160,Non,2100065,metsulfuron-methyl,74223-64-6,Herbicide,N Organique,,0.01632
2016,35160,Non,2100065,thifensulfuron-methyle,79277-27-3,Herbicide,N Organique,,0.16368
2016,35160,Non,2100069,metsulfuron-methyl,74223-64-6,Herbicide,N Organique,,0.105
2016,35160,Non,2100069,thifensulfuron-methyle,79277-27-3,Herbicide,N Organique,,1.02
2016,35160,Non,2100071,glyphosate,1071-83-6,Herbicide,N Organique,,14.4
2016,35160,Non,2100083,"2,4-d",94-75-7,Herbicide,N Organique,,1.26
2016,35160,Non,2100083,"2,4-mcpa",94-74-6,Herbicide,N Organique,,1.26
2016,35160,Non,2100083,dicamba,1918-00-9,Herbicide,N Organique,,0.36
2016,35160,Non,2100083,mecoprop-p (mcpp-p),16484-77-8,Herbicide,N Organique,,0.756
2016,35160,Non,2100108,prothioconazole,178928-70-6,Fongicide,"T, T+, CMR",,26.875
2016,35160,Non,2100108,tebuconazole,107534-96-3,Fongicide,"T, T+, CMR",,26.875
2016,35160,Non,2100111,mesotrione,104206-82-8,Herbicide,N Organique,,43.500
2016,35160,Non,2100111,nicosulfuron,111991-09-4,Herbicide,N Organique,,17.40
2016,35160,Non,2100112,ethephon,16672-87-0,Régulateur de croissance,"T, T+, CMR",,2.4
2016,35160,Non,2100121,chlorantraniliprole,500008-45-7,Insecticide,N Organique,,0.2
2016,35160,Non,2100138,cloquintocet-mexyl,99607-70-2,Autre usage – Coformulant / Phytoprotecteur / Synergiste,Autre,,4.2500
2016,35160,Non,2100138,pinoxaden,243973-20-8,Herbicide,"T, T+, CMR",,17.00
2016,35160,Non,2100140,clodinafop-propargyl,105512-06-9,Herbicide,N Organique,,2.250
2016,35160,Non,2100140,cloquintocet-mexyl,99607-70-2,Autre usage – Coformulant / Phytoprotecteur / Synergiste,Autre,,0.56250
2016,35160,Non,2100140,pinoxaden,243973-20-8,Herbicide,"T, T+, CMR",,2.250
2016,35160,Non,2100151,pyraclostrobine,175013-18-0,Fongicide,"T, T+, CMR",,0.666
2016,35160,Non,2100165,acetamipride,135410-20-7,Insecticide,N Organique,,0.03
2016,35160,Non,2100165,triticonazole,131983-72-7,Fongicide,N Organique,,0.09
2016,35160,Non,2100179,azoxystrobine,131860-33-8,Fongicide,"T, T+, CMR",,1.2
2016,35160,Non,2100179,chlorothalonil,1897-45-6,Fongicide,"T, T+, CMR",,6
2016,35160,Non,2100184,picolinafen,137641-05-5,Herbicide,N Organique,,1.0005
2016,35160,Non,2100184,tritosulfuron,142469-14-5,Herbicide,N Organique,,1.0005
2016,35160,Non,2100211,prothioconazole,178928-70-6,Fongicide,"T, T+, CMR",,0.625
2016,35160,Non,2100211,tebuconazole,107534-96-3,Fongicide,"T, T+, CMR",,0.625
2016,35160,Non,2100235,fenoxaprop-p-ethyl,71283-80-2,Herbicide,N Organique,,0.32
2016,35160,Non,2100235,iodosulfuron-methyl-sodium,144550-36-7,Herbicide,N Organique,,0.04
2016,35160,Non,2100235,mefenpyr-diethyl,135590-91-9,Autre usage – Coformulant / Phytoprotecteur / Synergiste,Autre,,0.12
2016,35160,Non,2100245,prothioconazole,178928-70-6,Fongicide,"T, T+, CMR",,1.875
2016,35160,Non,2100245,tebuconazole,107534-96-3,Fongicide,"T, T+, CMR",,1.875
2016,35160,Non,2110013,bromoxynil,1689-84-5,Herbicide,"T, T+, CMR",,0.4016
2016,35160,Non,2110018,difenoconazole,119446-68-3,Fongicide,N Organique,,0.721
2016,35160,Non,2110018,fludioxonil,131341-86-1,Fongicide,N Organique,,0.721
2016,35160,Non,2110063,clopyralid,1702-17-6,Herbicide,Autre,,0.324
2016,35160,Non,2110092,thifensulfuron-methyle,79277-27-3,Herbicide,N Organique,,0.6
2016,35160,Non,2110092,tribenuron-methyle,101200-48-0,Herbicide,N Organique,,0.6
2016,35160,Non,2110102,difenoconazole,119446-68-3,Fongicide,N Organique,,0.0425
2016,35160,Non,2110102,fludioxonil,131341-86-1,Fongicide,N Organique,,0.0425
2016,35160,Non,2110102,sedaxane,874967-67-6,Fongicide,N Organique,,0.085
2016,35160,Non,2110104,clopyralid (sous forme de sel de monoethanolamine),57754-85-5,Herbicide,Autre,,0.48
2016,35160,Non,2110104,florasulame,145701-23-1,Herbicide,N Organique,,0.015
2016,35160,Non,2110104,fluroxypyr,69377-81-7,Herbicide,N Organique,,0.6
2016,35160,Non,2110105,azoxystrobine,131860-33-8,Fongicide,"T, T+, CMR",,17.5
2016,35160,Non,2110109,cyprosulfamide,221667-31-8,Autre usage – Coformulant / Phytoprotecteur / Synergiste,Autre,,10.23
2016,35160,Non,2110109,isoxaflutole,141112-29-0,Herbicide,"T, T+, CMR",,15.5
2016,35160,Non,2110109,thiencarbazone-methyl,317815-83-1,Herbicide,"T, T+, CMR",,6.2
2016,35160,Non,2110121,thiaclopride,111988-49-9,Insecticide,"T, T+, CMR",,21.0
2016,35160,Non,2110135,glyphosate,1071-83-6,Herbicide,N Organique,,0.84
2016,35160,Non,2110149,huile de colza,8002-13-9,Insecticide,Autre,,0.2028
2016,35160,Non,2110150,huile de colza,8002-13-9,Insecticide,Autre,,4.662
2016,35160,Non,2110153,chlormequat chlorure,999-81-5,Régulateur de croissance,Autre,,3
2016,35160,Non,2110153,ethephon,16672-87-0,Régulateur de croissance,"T, T+, CMR",,1.5
2016,35160,Non,2110159,triticonazole,131983-72-7,Fongicide,N Organique,,0.14
2016,35160,Non,2110160,triticonazole,131983-72-7,Fongicide,N Organique,,0.0033
2016,35160,Non,2110170,epoxiconazole,133855-98-8,Fongicide,"T, T+, CMR",,1.5625
2016,35160,Non,2110170,fluxapyroxad,907204-31-3,Fongicide,"T, T+, CMR",,1.5625
2016,35160,Non,2110177,chlorothalonil,1897-45-6,Fongicide,"T, T+, CMR",,84.375
2016,35160,Non,2110177,cyproconazole,94361-06-5,Fongicide,"T, T+, CMR",,11.25
2016,35160,Non,2110177,propiconazole,60207-90-1,Fongicide,N Organique,,14.0625
2016,35160,Non,2110178,bixafen,581809-46-3,Fongicide,N Organique,,10.875
2016,35160,Non,2110178,prothioconazole,178928-70-6,Fongicide,"T, T+, CMR",,21.75
2016,35160,Non,2110181,bixafen,581809-46-3,Fongicide,N Organique,,4.5
2016,35160,Non,2110181,prothioconazole,178928-70-6,Fongicide,"T, T+, CMR",,6
2016,35160,Non,2110181,tebuconazole,107534-96-3,Fongicide,"T, T+, CMR",,6
2016,35160,Non,2110192,metsulfuron-methyl,74223-64-6,Herbicide,N Organique,,0.08
2016,35160,Non,2110194,boscalid,188425-85-6,Fongicide,N Organique,,2.1
2016,35160,Non,2110194,epoxiconazole,133855-98-8,Fongicide,"T, T+, CMR",,0.75
2016,35160,Non,2110198,glyphosate,1071-83-6,Herbicide,N Organique,,21.6
2016,35160,Non,2120015,glyphosate,1071-83-6,Herbicide,N Organique,,0.0936
2016,35160,Non,2120034,glyphosate,1071-83-6,Herbicide,N Organique,,48.0
2016,35160,Non,2120048,aminopyralid,150114-71-9,Herbicide,N Organique,,1.41
2016,35160,Non,2120048,triclopyr,55335-06-3,Herbicide,N Organique,,11.28
2016,35160,Non,2120063,fluopicolide,239110-15-7,Fongicide,N Organique,,0.0125
2016,35160,Non,2120063,propamocarbe,24579-73-5,Fongicide,Autre,,0.125
2016,35160,Non,2120066,dichlorprop-p,15165-67-0,Herbicide,Autre,,6
2016,35160,Non,2120066,picolinafen,137641-05-5,Herbicide,N Organique,,0.2
2016,35160,Non,2120070,prothioconazole,178928-70-6,Fongicide,"T, T+, CMR",,2.4
2016,35160,Non,2120070,tebuconazole,107534-96-3,Fongicide,"T, T+, CMR",,1.2
2016,35160,Non,2120075,dimethenamide-p (dmta-p),163515-14-8,Herbicide,N Organique,,8
2016,35160,Non,2120075,metazachlore,67129-08-2,Herbicide,"T, T+, CMR",,8
2016,35160,Non,2120075,quinmerac,90717-03-6,Herbicide,N Organique,,4
2016,35160,Non,2120129,lambda-cyhalothrine,91465-08-6,Insecticide,"T, T+, CMR",,0.0003
2016,35160,Non,2120133,fluroxypyr,69377-81-7,Herbicide,N Organique,,1.04
2016,35160,Non,2120133,triclopyr,55335-06-3,Herbicide,N Organique,,3.12
2016,35160,Non,2120155,diflufenicanil,83164-33-4,Herbicide,N Organique,,0.00375
2016,35160,Non,2120155,glyphosate,1071-83-6,Herbicide,N Organique,,0.03
2016,35160,Non,2120155,mecoprop (mcpp),7085-19-0,Herbicide,N Organique,,0.015
2016,35160,Non,2120157,acide pelargonique,112-05-0,Herbicide,Autre,,0.408
2016,35160,Non,2120157,glyphosate,1071-83-6,Herbicide,N Organique,,0.144
2016,35160,Non,2120194,metsulfuron-methyl,74223-64-6,Herbicide,N Organique,,0.12
2016,35160,Non,2120205,epoxiconazole,133855-98-8,Fongicide,"T, T+, CMR",,9.152
2016,35160,Non,2120205,fluxapyroxad,907204-31-3,Fongicide,"T, T+, CMR",,9.152
2016,35160,Non,2120205,pyraclostrobine,175013-18-0,Fongicide,"T, T+, CMR",,14.652
2016,35160,Non,2120210,dicamba,1918-00-9,Herbicide,N Organique,,12.0
2016,35160,Non,2130040,"2,4-d",94-75-7,Herbicide,N Organique,,2.9
2016,35160,Non,2130063,nicosulfuron,111991-09-4,Herbicide,N Organique,,1.6
2016,35160,Non,2130068,diflufenicanil,83164-33-4,Herbicide,N Organique,,3.5
2016,35160,Non,2130075,metaldehyde,108-62-3,Molluscicide,Autre,,0.8
2016,35160,Non,2130083,lambda-cyhalothrine,91465-08-6,Insecticide,"T, T+, CMR",,0.1
2016,35160,Non,2130084,metaldehyde,108-62-3,Molluscicide,Autre,,1.44
2016,35160,Non,2130093,diflufenicanil,83164-33-4,Herbicide,N Organique,,0.015552
2016,35160,Non,2130093,glyphosate,1071-83-6,Herbicide,N Organique,,0.0972
2016,35160,Non,2130105,metaldehyde,108-62-3,Molluscicide,Autre,,2.4
2016,35160,Non,2130153,acide acetique,64-19-7,Herbicide,Autre,,0.84
2016,35160,Non,2130164,foramsulfuron,173159-57-4,Herbicide,N Organique,,2.70
2016,35160,Non,2130164,thiencarbazone-methyl,317815-83-1,Herbicide,"T, T+, CMR",,0.90
2016,35160,Non,2130186,lambda-cyhalothrine,91465-08-6,Insecticide,"T, T+, CMR",,0.25
2016,35160,Non,2130190,desmediphame,13684-56-5,Herbicide,N Organique,,0.705
2016,35160,Non,2130190,ethofumesate,26225-79-6,Herbicide,N Organique,,1.125
2016,35160,Non,2130190,lenacile,2164-08-1,Herbicide,"T, T+, CMR",,0.405
2016,35160,Non,2130190,phenmediphame,13684-63-4,Herbicide,N Organique,,0.9
2016,35160,Non,2130196,chlorothalonil,1897-45-6,Fongicide,"T, T+, CMR",,7.5
2016,35160,Non,2130196,cyproconazole,94361-06-5,Fongicide,"T, T+, CMR",,1
2016,35160,Non,2130196,propiconazole,60207-90-1,Fongicide,N Organique,,1.25
2016,35160,Non,2130202,fluopyram,658066-35-4,Fongicide,"T, T+, CMR",,1.25
2016,35160,Non,2130202,prothioconazole,178928-70-6,Fongicide,"T, T+, CMR",,1.25
2016,35160,Non,2130240,fosetyl-aluminium,39148-24-8,Fongicide,Autre,,3.2
2016,35160,Non,2130249,pendimethaline,40487-42-1,Herbicide,N Organique,,4
2016,35160,Non,2130253,"2,4-d",94-75-7,Herbicide,N Organique,,2.4
2016,35160,Non,2130253,glyphosate,1071-83-6,Herbicide,N Organique,,3.6
2016,35160,Non,2140002,florasulame,145701-23-1,Herbicide,N Organique,,0.035
2016,35160,Non,2140007,iodosulfuron-methyl-sodium,144550-36-7,Herbicide,N Organique,,0.024
2016,35160,Non,2140007,mesosulfuron-methyl,208465-21-8,Herbicide,N Organique,,0.12
2016,35160,Non,2140034,mesotrione,104206-82-8,Herbicide,N Organique,,1
2016,35160,Non,2140039,imidaclopride,138261-41-3,Insecticide,N Organique,,0.9170
2016,35160,Non,2140039,prothioconazole,178928-70-6,Fongicide,"T, T+, CMR",,0.1310
2016,35160,Non,2140078,fludioxonil,131341-86-1,Fongicide,N Organique,,0.01
2016,35160,Non,2140078,tefluthrine,79538-32-2,Insecticide,"T, T+, CMR",,0.04
2016,35160,Non,2140098,aminopyralid,150114-71-9,Herbicide,N Organique,,0.0527
2016,35160,Non,2140098,propyzamide,23950-58-5,Herbicide,"T, T+, CMR",,5
2016,35160,Non,2140121,acide pelargonique,112-05-0,Herbicide,Autre,,7.1277
2016,35160,Non,2140123,diflufenicanil,83164-33-4,Herbicide,N Organique,,0.625
2016,35160,Non,2140123,isoproturon,34123-59-6,Herbicide,"T, T+, CMR",,5
2016,35160,Non,2140148,dicamba,1918-00-9,Herbicide,N Organique,,4.8
2016,35160,Non,2140160,bacillus pumilus souche qst 2808,,Fongicide,Autre,,0.1435
2016,35160,Non,2140173,fluxapyroxad,907204-31-3,Fongicide,"T, T+, CMR",,11.2500
2016,35160,Non,2140173,metconazole,125116-23-6,Fongicide,"T, T+, CMR",,8.100
2016,35160,Non,2140256,chlorpyriphos-methyl,5598-13-0,Insecticide,N Organique,,0.4500
2016,35160,Non,2140257,iodosulfuron-methyl-sodium,144550-36-7,Herbicide,N Organique,,0.02
2016,35160,Non,2140257,mefenpyr-diethyl,135590-91-9,Autre usage – Coformulant / Phytoprotecteur / Synergiste,Autre,,0.3
2016,35160,Non,2140257,mesosulfuron-methyl,208465-21-8,Herbicide,N Organique,,0.1
2016,35160,Non,2140258,iodosulfuron-methyl-sodium,144550-36-7,Herbicide,N Organique,,0.4125
2016,35160,Non,2140258,mesosulfuron-methyl,208465-21-8,Herbicide,N Organique,,0.4125
2016,35160,Non,2140266,epoxiconazole,133855-98-8,Fongicide,"T, T+, CMR",,1.26
2016,35160,Non,2140266,fluxapyroxad,907204-31-3,Fongicide,"T, T+, CMR",,1.26
2016,35160,Non,2140266,pyraclostrobine,175013-18-0,Fongicide,"T, T+, CMR",,2.04
2016,35160,Non,2150200,chlorothalonil,1897-45-6,Fongicide,"T, T+, CMR",,10
2016,35160,Non,2150280,imidaclopride,138261-41-3,Insecticide,N Organique,,0.72
2016,35160,Non,2150484,clopyralid,1702-17-6,Herbicide,Autre,,0.9
2016,35160,Non,2150484,florasulame,145701-23-1,Herbicide,N Organique,,0.075
2016,35160,Non,6500402,"2,4-d",94-75-7,Herbicide,N Organique,,24.0
2016,35160,Non,7600008,bupirimate,41483-43-6,Fongicide,N Organique,,0.25
2016,35160,Non,7800790,bromoxynil octanoate,1689-99-2,Herbicide,"T, T+, CMR",,1.2
2016,35160,Non,7800790,dicamba,1918-00-9,Herbicide,N Organique,,0.24
2016,35160,Non,7800790,mecoprop (mcpp),7085-19-0,Herbicide,N Organique,,3.6
2016,35160,Non,7900753,clopyralid (sous forme de sel de monoethanolamine),57754-85-5,Herbicide,Autre,,0.1
2016,35160,Non,8100006,clopyralid,1702-17-6,Herbicide,Autre,,0.06
2016,35160,Non,8100006,triclopyr,55335-06-3,Herbicide,N Organique,,0.24
2016,35160,Non,8100345,hymexazol,10004-44-1,Fongicide,N Organique,,0.021
2016,35160,Non,8200575,cypermethrine,52315-07-8,Insecticide,N Organique,,1.5
2016,35160,Non,8300243,chlorothalonil,1897-45-6,Fongicide,"T, T+, CMR",,87.5
2016,35160,Non,8400096,dicamba,1918-00-9,Herbicide,N Organique,,30.24
2016,35160,Non,8400255,metsulfuron-methyl,74223-64-6,Herbicide,N Organique,,0.6
2016,35160,Non,8400528,isoxaben,82558-50-7,Herbicide,N Organique,,8.750
2016,35160,Non,8400600,fluroxypyr,69377-81-7,Herbicide,N Organique,,0.2
2016,35160,Non,8600243,aclonifen,74070-46-5,Herbicide,"T, T+, CMR",,6
2016,35160,Non,8700462,prosulfocarbe,52888-80-9,Herbicide,N Organique,,440
2016,35160,Non,8800011,carboxine,5234-68-4,Fongicide,N Organique,,0.4752
2016,35160,Non,8800011,thirame,137-26-8,Fongicide,N Organique,,0.4752
2016,35160,Non,8800029,phenmediphame,13684-63-4,Herbicide,N Organique,,1.590
2016,35160,Non,8800488,chlorothalonil,1897-45-6,Fongicide,"T, T+, CMR",,2.5
2016,35160,Non,8800827,chlortoluron,15545-48-9,Herbicide,"T, T+, CMR",,20
2016,35160,Non,8800827,isoxaben,82558-50-7,Herbicide,N Organique,,0.748
2016,35160,Non,8900681,pendimethaline,40487-42-1,Herbicide,N Organique,,24
2016,35160,Non,9000069,ethofumesate,26225-79-6,Herbicide,N Organique,,2.5
2016,35160,Non,9000184,"2,4-mcpa",94-74-6,Herbicide,N Organique,,68
2016,35160,Non,9000184,clopyralid (sous forme de sel de monoethanolamine),57754-85-5,Herbicide,Autre,,6.8
2016,35160,Non,9000184,fluroxypyr,69377-81-7,Herbicide,N Organique,,13.6
2016,35160,Non,9000259,amidosulfuron,120923-37-7,Herbicide,N Organique,,0.90
2016,35160,Non,9000490,cycloxydime,101205-02-1,Herbicide,"T, T+, CMR",,0.5
2016,35160,Non,9000741,tetraconazole,112281-77-3,Fongicide,N Organique,,8.125
2016,35160,Non,9000833,metazachlore,67129-08-2,Herbicide,"T, T+, CMR",,4
2016,35160,Non,9000833,quinmerac,90717-03-6,Herbicide,N Organique,,1
2016,35160,Non,9100046,trinexapac-ethyl,95266-40-3,Régulateur de croissance,N Organique,,1.25
2016,35160,Non,9100155,glyphosate,1071-83-6,Herbicide,N Organique,,1.8
2016,35160,Non,9100231,metaldehyde,108-62-3,Molluscicide,Autre,,10.65
2016,35160,Non,9100418,nicosulfuron,111991-09-4,Herbicide,N Organique,,1.24
2016,35160,Non,9100537,glyphosate,1071-83-6,Herbicide,N Organique,,64.8
2016,35160,Non,9100645,clodinafop-propargyl,105512-06-9,Herbicide,N Organique,,0.3
2016,35160,Non,9100645,cloquintocet-mexyl,99607-70-2,Autre usage – Coformulant / Phytoprotecteur / Synergiste,Autre,,0.075
2016,35160,Non,9200073,triflusulfuron-methyl,126535-15-7,Herbicide,"T, T+, CMR",,0.05
2016,35160,Non,9200091,imidaclopride,138261-41-3,Insecticide,N Organique,,28.959
2016,35160,Non,9200135,cypermethrine,52315-07-8,Insecticide,N Organique,,0.01350
2016,35160,Non,9200262,iprodione,36734-19-7,Fongicide,"T, T+, CMR",,0.005
2016,35160,Non,9200283,imidaclopride,138261-41-3,Insecticide,N Organique,,0.7
2016,35160,Non,9200283,tebuconazole,107534-96-3,Fongicide,"T, T+, CMR",,0.03
2016,35160,Non,9200283,triazoxide,72459-58-6,Fongicide,Autre,,0.02
2016,35160,Non,9200461,chlormequat chlorure,999-81-5,Régulateur de croissance,Autre,,53.475
2016,35160,Non,9200461,mepiquat-chlorure,24307-26-4,Régulateur de croissance,N Organique,,17.825
2016,35160,Non,9200493,bromoxynil octanoate,1689-99-2,Herbicide,"T, T+, CMR",,3
2016,35160,Non,9200548,thirame,137-26-8,Fongicide,N Organique,,0.9024
2016,35160,Non,9300241,glyphosate,1071-83-6,Herbicide,N Organique,,5.1
2016,35160,Non,9300309,zetacypermethrine,52315-07-8,Insecticide,"T, T+, CMR",,0.3
2016,35160,Non,9300338,prochloraze,67747-09-5,Fongicide,N Organique,,6.75
2016,35160,Non,9300396,chlormequat chlorure,999-81-5,Régulateur de croissance,Autre,,46.0
2016,35160,Non,9300396,chlorure de choline,67-48-1,Autre usage – Coformulant / Phytoprotecteur / Synergiste,Autre,,32.0
2016,35160,Non,9400067,dicamba,1918-00-9,Herbicide,N Organique,,1.4
2016,35160,Non,9400109,"2,4-d",94-75-7,Herbicide,N Organique,,1.75
2016,35160,Non,9400109,dicamba,1918-00-9,Herbicide,N Organique,,0.25
2016,35160,Non,9400134,diflufenicanil,83164-33-4,Herbicide,N Organique,,5.0
2016,35160,Non,9400134,flurtamone,96525-23-4,Herbicide,N Organique,,12.50
2016,35160,Non,9400354,glyphosate,1071-83-6,Herbicide,N Organique,,50.4
2016,35160,Non,9400367,chlorothalonil,1897-45-6,Fongicide,"T, T+, CMR",,48.75
2016,35160,Non,9400367,cyproconazole,94361-06-5,Fongicide,"T, T+, CMR",,5.2
2016,35160,Non,9400389,chlorothalonil,1897-45-6,Fongicide,"T, T+, CMR",,5.625
2016,35160,Non,9400389,pyrimethanil,53112-28-0,Fongicide,N Organique,,2.25
2016,35160,Non,9400456,"2,4-d",94-75-7,Herbicide,N Organique,,0.0045
2016,35160,Non,9400456,mecoprop-p (mcpp-p),16484-77-8,Herbicide,N Organique,,0.0108
2016,35160,Non,9400456,sulfate de fer (sulfate ferreux heptahydrate),7782-63-0,Herbicide - Antimousse,Autre,,0.9
2016,35160,Non,9400525,glyphosate,1071-83-6,Herbicide,N Organique,,28.8
2016,35160,Non,9420113,"2,4-d",94-75-7,Herbicide,N Organique,,0.28
2016,35160,Non,9420113,dicamba,1918-00-9,Herbicide,N Organique,,0.04
2016,35160,Non,9420113,sulfate de fer (sulfate ferreux heptahydrate),7782-63-0,Herbicide - Antimousse,Autre,,20
2016,35160,Non,9500040,quizalofop-p-ethyl,100646-51-3,Herbicide,N Organique,,0.5
2016,35160,Non,9500135,metaldehyde,108-62-3,Molluscicide,Autre,,3.595
2016,35160,Non,9500148,metirame-zinc,9006-42-2,Fongicide,N Organique,,14.48
2016,35160,Non,9500159,glyphosate,1071-83-6,Herbicide,N Organique,,7.2
2016,35160,Non,9500223,prochloraze,67747-09-5,Fongicide,N Organique,,29.381
2016,35160,Non,9500223,tebuconazole,107534-96-3,Fongicide,"T, T+, CMR",,14.575
2016,35160,Non,9500229,metaldehyde,108-62-3,Molluscicide,Autre,,0.05
2016,35160,Non,9500281,"2,4-mcpa",94-74-6,Herbicide,N Organique,,0.028
2016,35160,Non,9500281,dicamba,1918-00-9,Herbicide,N Organique,,0.0024
2016,35160,Non,9500281,sulfate de fer (sulfate ferreux heptahydrate),7782-63-0,Herbicide - Antimousse,Autre,,1.72
2016,35160,Non,9500302,cuivre du sulfate de cuivre,8011-63-0,Fongicide,N minéral,,7.2
2016,35160,Non,9500452,cuivre du sulfate de cuivre,8011-63-0,Fongicide,N minéral,,4
2016,35160,Non,9500568,cyprodinil,121552-61-2,Fongicide,N Organique,,3.75
2016,35160,Non,9500568,fludioxonil,131341-86-1,Fongicide,N Organique,,2.5
2016,35160,Non,9500581,chlormequat chlorure,999-81-5,Régulateur de croissance,Autre,,72.0
2016,35160,Non,9500581,ethephon,16672-87-0,Régulateur de croissance,"T, T+, CMR",,36.00
2016,35160,Non,9600197,carfentrazone ethyl,128639-02-1,Herbicide,N Organique,,0.48
2016,35160,Non,9600197,metsulfuron-methyl,74223-64-6,Herbicide,N Organique,,0.12
2016,35160,Non,9600390,glyphosate,1071-83-6,Herbicide,N Organique,,7.2
2016,35160,Non,9700259,glyphosate,1071-83-6,Herbicide,N Organique,,13.32
2016,35160,Non,9700554,prochloraze,67747-09-5,Fongicide,N Organique,,48
2016,35160,Non,9700554,propiconazole,60207-90-1,Fongicide,N Organique,,10.8
2016,35160,Non,9800018,clomazone,81777-89-1,Herbicide,N Organique,,0.75
2016,35160,Non,9800018,dimethachlore,50563-36-5,Herbicide,N Organique,,4.6875
2016,35160,Non,9800018,napropamide,15299-99-7,Herbicide,N Organique,,4.6875
2016,35160,Non,9800098,metamitrone,41394-05-2,Herbicide,N Organique,,7.2
2016,35160,Non,9800182,s-metolachlore,87392-12-9,Herbicide,N Organique,,9.6
2016,35160,Non,9800336,lambda-cyhalothrine,91465-08-6,Insecticide,"T, T+, CMR",,0.150
2016,35160,Non,9800343,clomazone,81777-89-1,Herbicide,N Organique,,0.3
2016,35160,Non,9800343,dimethachlore,50563-36-5,Herbicide,N Organique,,2.5
2016,35160,Non,9800344,fludioxonil,131341-86-1,Fongicide,N Organique,,0.25275
2016,35160,Non,9800344,metalaxyl-m,70630-17-0,Fongicide,Autre,,0.098067
2016,35160,Non,9800384,propiconazole,60207-90-1,Fongicide,N Organique,,0.5
2016,35160,Non,9800453,cyproconazole,94361-06-5,Fongicide,"T, T+, CMR",,14.8
2016,35160,Non,9800453,prochloraze,67747-09-5,Fongicide,N Organique,,55.5
2016,35160,Non,9800477,bentazone,25057-89-0,Herbicide,N Organique,,24.0
2016,35160,Non,9800477,dicamba,1918-00-9,Herbicide,N Organique,,6.75
2016,35160,Non,9800496,clopyralid,1702-17-6,Herbicide,Autre,,0.3
2016,35160,Non,9900016,bromoxynil octanoate,1689-99-2,Herbicide,"T, T+, CMR",,1.125
2016,35160,Non,9900047,mesotrione,104206-82-8,Herbicide,N Organique,,17.5
2016,35160,Non,9900189,coniothyrium minitans souche con/m/91-08,,Fongicide,Autre,,2
2016,35160,Non,9900206,picoxystrobine,117428-22-5,Fongicide,N Organique,,2.25
2016,35160,Non,9900269,glyphosate,1071-83-6,Herbicide,N Organique,,57.6
2016,35170,Non,2000299,clomazone,81777-89-1,Herbicide,N Organique,,0.36
2016,35170,Non,2010035,"2,4-mcpa",94-74-6,Herbicide,N Organique,,2
2016,35170,Non,2010035,dichlorprop-p,15165-67-0,Herbicide,Autre,,1
2016,35170,Non,2010035,mecoprop-p (mcpp-p),16484-77-8,Herbicide,N Organique,,1
2016,35170,Non,2010239,florasulame,145701-23-1,Herbicide,N Organique,,0.005
2016,35170,Non,2010239,fluroxypyr,69377-81-7,Herbicide,N Organique,,0.5
2016,35170,Non,2010280,metconazole,125116-23-6,Fongicide,"T, T+, CMR",,2.7
2016,35170,Non,2010319,"2,4-mcpa",94-74-6,Herbicide,N Organique,,0.054
2016,35170,Non,2010319,dichlorprop-p,15165-67-0,Herbicide,Autre,,0.054
2016,35170,Non,2010319,glyphosate,1071-83-6,Herbicide,N Organique,,0.072
2016,35170,Non,2010349,desmediphame,13684-56-5,Herbicide,N Organique,,0.355
2016,35170,Non,2010349,ethofumesate,26225-79-6,Herbicide,N Organique,,0.56
2016,35170,Non,2010349,phenmediphame,13684-63-4,Herbicide,N Organique,,0.455
2016,35170,Non,2010439,"2,4-d",94-75-7,Herbicide,N Organique,,0.0185
2016,35170,Non,2010439,"2,4-mcpa",94-74-6,Herbicide,N Organique,,0.0365
2016,35170,Non,2010513,bacillus thuringiensis serotype 3a 3b,68038-71-1,Insecticide,Autre,,
2016,35170,Non,2020047,glyphosate,1071-83-6,Herbicide,N Organique,,10.8
2016,35170,Non,2020049,iodosulfuron-methyl-sodium,144550-36-7,Herbicide,N Organique,,0.0036
2016,35170,Non,2020049,mefenpyr-diethyl,135590-91-9,Autre usage – Coformulant / Phytoprotecteur / Synergiste,Autre,,0.054
2016,35170,Non,2020049,mesosulfuron-methyl,208465-21-8,Herbicide,N Organique,,0.018
2016,35170,Non,2020348,iprodione,36734-19-7,Fongicide,"T, T+, CMR",,3.825
2016,35170,Non,2020474,metazachlore,67129-08-2,Herbicide,"T, T+, CMR",,2.5
2016,35170,Non,2030255,tebuconazole,107534-96-3,Fongicide,"T, T+, CMR",,1.25
2016,35170,Non,2030323,fludioxonil,131341-86-1,Fongicide,N Organique,,0.125
2016,35170,Non,2030457,azoxystrobine,131860-33-8,Fongicide,"T, T+, CMR",,0.25
2016,35170,Non,2050146,diflufenicanil,83164-33-4,Herbicide,N Organique,,0.02
2016,35170,Non,2050146,glyphosate,1071-83-6,Herbicide,N Organique,,0.125
2016,35170,Non,2060088,benoxacor,98730-04-2,Autre usage – Coformulant / Phytoprotecteur / Synergiste,Autre,,0.8
2016,35170,Non,2060088,mesotrione,104206-82-8,Herbicide,N Organique,,1.6
2016,35170,Non,2060088,s-metolachlore,87392-12-9,Herbicide,N Organique,,16
2016,35170,Non,2060091,diflufenicanil,83164-33-4,Herbicide,N Organique,,1.875
2016,35170,Non,2060091,isoproturon,34123-59-6,Herbicide,"T, T+, CMR",,15
2016,35170,Non,2060131,"2,4-d",94-75-7,Herbicide,N Organique,,0.465
2016,35170,Non,2060131,triclopyr,55335-06-3,Herbicide,N Organique,,0.518
2016,35170,Non,2060194,tefluthrine,79538-32-2,Insecticide,"T, T+, CMR",,3.42
2016,35170,Non,2070086,metconazole,125116-23-6,Fongicide,"T, T+, CMR",,0.45
2016,35170,Non,2080026,nicosulfuron,111991-09-4,Herbicide,N Organique,,0.9
2016,35170,Non,2080112,thirame,137-26-8,Fongicide,N Organique,,3.7056
2016,35170,Non,2080117,prosulfuron,94125-34-5,Herbicide,N Organique,,0.0375
2016,35170,Non,2080123,metsulfuron-methyl,74223-64-6,Herbicide,N Organique,,0.06
2016,35170,Non,2080145,diflufenicanil,83164-33-4,Herbicide,N Organique,,5
2016,35170,Non,2080145,flufenacet,142459-58-3,Herbicide,N Organique,,10
2016,35170,Non,2090008,thirame,137-26-8,Fongicide,N Organique,,0.40508
2016,35170,Non,2090016,imazamox,114311-32-9,Herbicide,N Organique,,0.167
2016,35170,Non,2090016,pendimethaline,40487-42-1,Herbicide,N Organique,,2.5
2016,35170,Non,2090037,dicamba,1918-00-9,Herbicide,N Organique,,6
2016,35170,Non,2090037,prosulfuron,94125-34-5,Herbicide,N Organique,,0.6
2016,35170,Non,2090057,metsulfuron-methyl,74223-64-6,Herbicide,N Organique,,0.04995
2016,35170,Non,2090057,tribenuron-methyle,101200-48-0,Herbicide,N Organique,,0.0999
2016,35170,Non,2090061,carfentrazone ethyl,128639-02-1,Herbicide,N Organique,,0.045
2016,35170,Non,2090061,mecoprop-p (mcpp-p),16484-77-8,Herbicide,N Organique,,1.8
2016,35170,Non,2090069,bromoxynil,1689-84-5,Herbicide,"T, T+, CMR",,5.875
2016,35170,Non,2090092,epoxiconazole,133855-98-8,Fongicide,"T, T+, CMR",,3.00
2016,35170,Non,2090092,metconazole,125116-23-6,Fongicide,"T, T+, CMR",,2.20
2016,35170,Non,2090101,nicosulfuron,111991-09-4,Herbicide,N Organique,,0.2
2016,35170,Non,2090115,glyphosate,1071-83-6,Herbicide,N Organique,,7.2
2016,35170,Non,2090116,glyphosate,1071-83-6,Herbicide,N Organique,,1.8
2016,35170,Non,2090117,tebuconazole,107534-96-3,Fongicide,"T, T+, CMR",,0.6
2016,35170,Non,2090128,propiconazole,60207-90-1,Fongicide,N Organique,,2.028
2016,35170,Non,2090149,ethephon,16672-87-0,Régulateur de croissance,"T, T+, CMR",,7.2
2016,35170,Non,2090160,glyphosate,1071-83-6,Herbicide,N Organique,,43.2
2016,35170,Non,2090162,glyphosate,1071-83-6,Herbicide,N Organique,,4.5
2016,35170,Non,2090164,glyphosate,1071-83-6,Herbicide,N Organique,,1.08
2016,35170,Non,2100026,cypermethrine,52315-07-8,Insecticide,N Organique,,1.5
2016,35170,Non,2100028,fluroxypyr,69377-81-7,Herbicide,N Organique,,2
2016,35170,Non,2100030,phosphate ferrique,10045-86-0,Molluscicide,Autre,,0.594
2016,35170,Non,2100051,ipconazole,125225-28-7,Fongicide,N Organique,,0.084
2016,35170,Non,2100067,daminozide,1596-84-5,Régulateur de croissance,Autre,,0.425
2016,35170,Non,2100071,glyphosate,1071-83-6,Herbicide,N Organique,,7.2
2016,35170,Non,2100098,glyphosate,1071-83-6,Herbicide,N Organique,,3.6
2016,35170,Non,2100108,prothioconazole,178928-70-6,Fongicide,"T, T+, CMR",,1.25
2016,35170,Non,2100108,tebuconazole,107534-96-3,Fongicide,"T, T+, CMR",,1.25
2016,35170,Non,2100111,mesotrione,104206-82-8,Herbicide,N Organique,,0.375
2016,35170,Non,2100111,nicosulfuron,111991-09-4,Herbicide,N Organique,,0.15
2016,35170,Non,2100114,cyprodinil,121552-61-2,Fongicide,N Organique,,0.75
2016,35170,Non,2100114,fludioxonil,131341-86-1,Fongicide,N Organique,,0.5
2016,35170,Non,2100138,cloquintocet-mexyl,99607-70-2,Autre usage – Coformulant / Phytoprotecteur / Synergiste,Autre,,0.6875
2016,35170,Non,2100138,pinoxaden,243973-20-8,Herbicide,"T, T+, CMR",,2.75
2016,35170,Non,2100140,clodinafop-propargyl,105512-06-9,Herbicide,N Organique,,1.875
2016,35170,Non,2100140,cloquintocet-mexyl,99607-70-2,Autre usage – Coformulant / Phytoprotecteur / Synergiste,Autre,,0.46875
2016,35170,Non,2100140,pinoxaden,243973-20-8,Herbicide,"T, T+, CMR",,1.875
2016,35170,Non,2100164,fluroxypyr,69377-81-7,Herbicide,N Organique,,3
2016,35170,Non,2100215,pendimethaline,40487-42-1,Herbicide,N Organique,,8
2016,35170,Non,2110018,difenoconazole,119446-68-3,Fongicide,N Organique,,0.33375
2016,35170,Non,2110018,fludioxonil,131341-86-1,Fongicide,N Organique,,0.33375
2016,35170,Non,2110102,difenoconazole,119446-68-3,Fongicide,N Organique,,0.06325
2016,35170,Non,2110102,fludioxonil,131341-86-1,Fongicide,N Organique,,0.06325
2016,35170,Non,2110102,sedaxane,874967-67-6,Fongicide,N Organique,,0.1265
2016,35170,Non,2110121,thiaclopride,111988-49-9,Insecticide,"T, T+, CMR",,3.5
2016,35170,Non,2110152,cypermethrine,52315-07-8,Insecticide,N Organique,,0.16
2016,35170,Non,2110181,bixafen,581809-46-3,Fongicide,N Organique,,3.375
2016,35170,Non,2110181,prothioconazole,178928-70-6,Fongicide,"T, T+, CMR",,4.5
2016,35170,Non,2110181,tebuconazole,107534-96-3,Fongicide,"T, T+, CMR",,4.5
2016,35170,Non,2110192,metsulfuron-methyl,74223-64-6,Herbicide,N Organique,,0.4
2016,35170,Non,2120008,glyphosate,1071-83-6,Herbicide,N Organique,,1.08
2016,35170,Non,2120048,aminopyralid,150114-71-9,Herbicide,N Organique,,0.18
2016,35170,Non,2120048,triclopyr,55335-06-3,Herbicide,N Organique,,1.44
2016,35170,Non,2120066,dichlorprop-p,15165-67-0,Herbicide,Autre,,30
2016,35170,Non,2120066,picolinafen,137641-05-5,Herbicide,N Organique,,1.0
2016,35170,Non,2120118,"2,4-d",94-75-7,Herbicide,N Organique,,0.116
2016,35170,Non,2120118,triclopyr,55335-06-3,Herbicide,N Organique,,0.1294
2016,35170,Non,2120160,bentazone,25057-89-0,Herbicide,N Organique,,2.4
2016,35170,Non,2120205,epoxiconazole,133855-98-8,Fongicide,"T, T+, CMR",,2.912
2016,35170,Non,2120205,fluxapyroxad,907204-31-3,Fongicide,"T, T+, CMR",,2.912
2016,35170,Non,2120205,pyraclostrobine,175013-18-0,Fongicide,"T, T+, CMR",,4.662
2016,35170,Non,2120219,tebuconazole,107534-96-3,Fongicide,"T, T+, CMR",,0.24
2016,35170,Non,2120219,trifloxystrobine,141517-21-7,Fongicide,N Organique,,0.12
2016,35170,Non,2130068,diflufenicanil,83164-33-4,Herbicide,N Organique,,1
2016,35170,Non,2130087,metaldehyde,108-62-3,Molluscicide,Autre,,1.6
2016,35170,Non,2130105,metaldehyde,108-62-3,Molluscicide,Autre,,2.4
2016,35170,Non,2130164,foramsulfuron,173159-57-4,Herbicide,N Organique,,0.15
2016,35170,Non,2130164,thiencarbazone-methyl,317815-83-1,Herbicide,"T, T+, CMR",,0.05
2016,35170,Non,2130202,fluopyram,658066-35-4,Fongicide,"T, T+, CMR",,0.625
2016,35170,Non,2130202,prothioconazole,178928-70-6,Fongicide,"T, T+, CMR",,0.625
2016,35170,Non,2130249,pendimethaline,40487-42-1,Herbicide,N Organique,,4
2016,35170,Non,2140156,"2,4-mcpa",94-74-6,Herbicide,N Organique,,2.667
2016,35170,Non,2140156,clopyralid,1702-17-6,Herbicide,Autre,,0.233
2016,35170,Non,2140156,fluroxypyr,69377-81-7,Herbicide,N Organique,,0.6
2016,35170,Non,2140173,fluxapyroxad,907204-31-3,Fongicide,"T, T+, CMR",,0.625
2016,35170,Non,2140173,metconazole,125116-23-6,Fongicide,"T, T+, CMR",,0.45
2016,35170,Non,2140256,chlorpyriphos-methyl,5598-13-0,Insecticide,N Organique,,1.125
2016,35170,Non,2150280,imidaclopride,138261-41-3,Insecticide,N Organique,,1.464
2016,35170,Non,6500402,"2,4-d",94-75-7,Herbicide,N Organique,,12.0
2016,35170,Non,7800790,bromoxynil octanoate,1689-99-2,Herbicide,"T, T+, CMR",,5.4
2016,35170,Non,7800790,dicamba,1918-00-9,Herbicide,N Organique,,1.08
2016,35170,Non,7800790,mecoprop (mcpp),7085-19-0,Herbicide,N Organique,,16.2
2016,35170,Non,8200307,isoproturon,34123-59-6,Herbicide,"T, T+, CMR",,37.5
2016,35170,Non,8200575,cypermethrine,52315-07-8,Insecticide,N Organique,,0.5
2016,35170,Non,8300243,chlorothalonil,1897-45-6,Fongicide,"T, T+, CMR",,5
2016,35170,Non,8400096,dicamba,1918-00-9,Herbicide,N Organique,,6.24
2016,35170,Non,8400528,isoxaben,82558-50-7,Herbicide,N Organique,,0.625
2016,35170,Non,8500160,chlorothalonil,1897-45-6,Fongicide,"T, T+, CMR",,1.25
2016,35170,Non,8500160,propiconazole,60207-90-1,Fongicide,N Organique,,0.3125
2016,35170,Non,8700002,chlortoluron,15545-48-9,Herbicide,"T, T+, CMR",,25
2016,35170,Non,8900681,pendimethaline,40487-42-1,Herbicide,N Organique,,8
2016,35170,Non,9000184,"2,4-mcpa",94-74-6,Herbicide,N Organique,,1
2016,35170,Non,9000184,clopyralid (sous forme de sel de monoethanolamine),57754-85-5,Herbicide,Autre,,0.1
2016,35170,Non,9000184,fluroxypyr,69377-81-7,Herbicide,N Organique,,0.2
2016,35170,Non,9000833,metazachlore,67129-08-2,Herbicide,"T, T+, CMR",,16
2016,35170,Non,9000833,quinmerac,90717-03-6,Herbicide,N Organique,,4
2016,35170,Non,9100046,trinexapac-ethyl,95266-40-3,Régulateur de croissance,N Organique,,1.25
2016,35170,Non,9100418,nicosulfuron,111991-09-4,Herbicide,N Organique,,1.2
2016,35170,Non,9100554,dimethomorphe,110488-70-5,Fongicide,N Organique,,3.5
2016,35170,Non,9100645,clodinafop-propargyl,105512-06-9,Herbicide,N Organique,,0.5
2016,35170,Non,9100645,cloquintocet-mexyl,99607-70-2,Autre usage – Coformulant / Phytoprotecteur / Synergiste,Autre,,0.125
2016,35170,Non,9200091,imidaclopride,138261-41-3,Insecticide,N Organique,,1.435
2016,35170,Non,9200392,"2,4-mcpa",94-74-6,Herbicide,N Organique,,0.8
2016,35170,Non,9200392,clopyralid (sous forme de sel de monoethanolamine),57754-85-5,Herbicide,Autre,,0.08
2016,35170,Non,9200392,fluroxypyr,69377-81-7,Herbicide,N Organique,,0.16
2016,35170,Non,9200512,glyphosate,1071-83-6,Herbicide,N Organique,,0.9
2016,35170,Non,9200548,thirame,137-26-8,Fongicide,N Organique,,0.0864
2016,35170,Non,9300189,fluroxypyr,69377-81-7,Herbicide,N Organique,,0.06
2016,35170,Non,9300189,triclopyr,55335-06-3,Herbicide,N Organique,,0.18
2016,35170,Non,9300396,chlormequat chlorure,999-81-5,Régulateur de croissance,Autre,,27.6
2016,35170,Non,9300396,chlorure de choline,67-48-1,Autre usage – Coformulant / Phytoprotecteur / Synergiste,Autre,,19.2
2016,35170,Non,9400134,diflufenicanil,83164-33-4,Herbicide,N Organique,,2
2016,35170,Non,9400134,flurtamone,96525-23-4,Herbicide,N Organique,,5
2016,35170,Non,9500011,prochloraze,67747-09-5,Fongicide,N Organique,,2.25
2016,35170,Non,9500159,glyphosate,1071-83-6,Herbicide,N Organique,,3.6
2016,35170,Non,9500581,chlormequat chlorure,999-81-5,Régulateur de croissance,Autre,,4.5
2016,35170,Non,9500581,ethephon,16672-87-0,Régulateur de croissance,"T, T+, CMR",,2.25
2016,35170,Non,9600022,huile de vaseline,8042-47-5,Insecticide - Acaricide,Autre,,4.085
2016,35170,Non,9600093,azoxystrobine,131860-33-8,Fongicide,"T, T+, CMR",,10
2016,35170,Non,9600197,carfentrazone ethyl,128639-02-1,Herbicide,N Organique,,1.08
2016,35170,Non,9600197,metsulfuron-methyl,74223-64-6,Herbicide,N Organique,,0.27
2016,35170,Non,9700446,prochloraze,67747-09-5,Fongicide,N Organique,,5.342
2016,35170,Non,9700446,tebuconazole,107534-96-3,Fongicide,"T, T+, CMR",,2.65
2016,35170,Non,9800098,metamitrone,41394-05-2,Herbicide,N Organique,,1.8
2016,35170,Non,9800344,fludioxonil,131341-86-1,Fongicide,N Organique,,0.06475
2016,35170,Non,9800344,metalaxyl-m,70630-17-0,Fongicide,Autre,,0.025123
2016,35170,Non,9800350,"2,4-d",94-75-7,Herbicide,N Organique,,1.5984
2016,35170,Non,9800350,"2,4-mcpa",94-74-6,Herbicide,N Organique,,3.1536
2016,35170,Non,9800453,cyproconazole,94361-06-5,Fongicide,"T, T+, CMR",,0.8
2016,35170,Non,9800453,prochloraze,67747-09-5,Fongicide,N Organique,,3
2016,35170,Non,9800528,epoxiconazole,133855-98-8,Fongicide,"T, T+, CMR",,2.1
2016,35170,Non,9800528,fenpropimorphe,67564-91-4,Fongicide,"T, T+, CMR",,6.25
2016,35170,Non,9900047,mesotrione,104206-82-8,Herbicide,N Organique,,3.5
2016,35170,Non,9900411,fluroxypyr,69377-81-7,Herbicide,N Organique,,11
2016,35170,Non,9900412,fluroxypyr,69377-81-7,Herbicide,N Organique,,1.8
2016,35190,Non,2000003,metazachlore,67129-08-2,Herbicide,"T, T+, CMR",,2.5
2016,35190,Non,2000017,tau-fluvalinate,102851-06-9,Insecticide,N Organique,,0.084
2016,35190,Non,2000044,fluazifop-p-butyl,79241-46-6,Herbicide,"T, T+, CMR",,0.375
2016,35190,Non,2000071,"2,4-d",94-75-7,Herbicide,N Organique,,0.441
2016,35190,Non,2000071,dicamba,1918-00-9,Herbicide,N Organique,,0.063
2016,35190,Non,2000071,sulfate de fer (sulfate ferreux heptahydrate),7782-63-0,Herbicide - Antimousse,Autre,,16.8903
2016,35190,Non,2000105,bacillus thuringiensis serotype 3a 3b,68038-71-1,Insecticide,Autre,,0.00576
2016,35190,Non,2000125,cuivre du sulfate de cuivre,8011-63-0,Fongicide,N minéral,,8
2016,35190,Non,2000201,silthiofam,175217-20-6,Fongicide,N Organique,,0.05
2016,35190,Non,2000299,clomazone,81777-89-1,Herbicide,N Organique,,48.6
2016,35190,Non,2000301,foramsulfuron,173159-57-4,Herbicide,N Organique,,2.8125
2016,35190,Non,2000301,isoxadifen-ethyl,163520-33-0,Autre usage – Coformulant / Phytoprotecteur / Synergiste,N Organique,,2.8125
2016,35190,Non,2000380,clethodime,99129-21-2,Herbicide,N Organique,,13.32
2016,35190,Non,2000461,prochloraze,67747-09-5,Fongicide,N Organique,,33.75
2016,35190,Non,2010019,quizalofop-p-ethyl,100646-51-3,Herbicide,N Organique,,0.75
2016,35190,Non,2010023,deltamethrine,52918-63-5,Insecticide,"T, T+, CMR",,0.150
2016,35190,Non,2010025,desmediphame,13684-56-5,Herbicide,N Organique,,0.125
2016,35190,Non,2010025,ethofumesate,26225-79-6,Herbicide,N Organique,,0.755
2016,35190,Non,2010025,phenmediphame,13684-63-4,Herbicide,N Organique,,0.375
2016,35190,Non,2010030,mepiquat-chlorure,24307-26-4,Régulateur de croissance,N Organique,,7.5
2016,35190,Non,2010030,prohexadione-calcium,127277-53-6,Régulateur de croissance,N Organique,,1.25
2016,35190,Non,2010035,"2,4-mcpa",94-74-6,Herbicide,N Organique,,12.33
2016,35190,Non,2010035,dichlorprop-p,15165-67-0,Herbicide,Autre,,6.165
2016,35190,Non,2010035,mecoprop-p (mcpp-p),16484-77-8,Herbicide,N Organique,,6.165
2016,35190,Non,2010239,florasulame,145701-23-1,Herbicide,N Organique,,0.046
2016,35190,Non,2010239,fluroxypyr,69377-81-7,Herbicide,N Organique,,4.6
2016,35190,Non,2010280,metconazole,125116-23-6,Fongicide,"T, T+, CMR",,14.391
2016,35190,Non,2010319,"2,4-mcpa",94-74-6,Herbicide,N Organique,,0.081
2016,35190,Non,2010319,dichlorprop-p,15165-67-0,Herbicide,Autre,,0.081
2016,35190,Non,2010319,glyphosate,1071-83-6,Herbicide,N Organique,,0.108
2016,35190,Non,2010321,glyphosate,1071-83-6,Herbicide,N Organique,,0.37116
2016,35190,Non,2010326,metconazole,125116-23-6,Fongicide,"T, T+, CMR",,2.25
2016,35190,Non,2010349,desmediphame,13684-56-5,Herbicide,N Organique,,1.065
2016,35190,Non,2010349,ethofumesate,26225-79-6,Herbicide,N Organique,,1.68
2016,35190,Non,2010349,phenmediphame,13684-63-4,Herbicide,N Organique,,1.365
2016,35190,Non,2010351,iodosulfuron-methyl-sodium,144550-36-7,Herbicide,N Organique,,0.648
2016,35190,Non,2010351,mefenpyr-diethyl,135590-91-9,Autre usage – Coformulant / Phytoprotecteur / Synergiste,Autre,,1.944
2016,35190,Non,2010351,mesosulfuron-methyl,208465-21-8,Herbicide,N Organique,,0.648
2016,35190,Non,2010410,soufre pour pulverisation (micronise),7704-34-9,Fongicide,Autre,,6.6
2016,35190,Non,2010415,glyphosate,1071-83-6,Herbicide,N Organique,,9
2016,35190,Non,2010419,iodosulfuron-methyl-sodium,144550-36-7,Herbicide,N Organique,,0.1152
2016,35190,Non,2010419,mefenpyr-diethyl,135590-91-9,Autre usage – Coformulant / Phytoprotecteur / Synergiste,Autre,,1.728
2016,35190,Non,2010419,mesosulfuron-methyl,208465-21-8,Herbicide,N Organique,,0.576
2016,35190,Non,2010439,"2,4-d",94-75-7,Herbicide,N Organique,,0.037
2016,35190,Non,2010439,"2,4-mcpa",94-74-6,Herbicide,N Organique,,0.073
2016,35190,Non,2010493,glyphosate,1071-83-6,Herbicide,N Organique,,3.8736
2016,35190,Non,2010499,prochloraze,67747-09-5,Fongicide,N Organique,,27
2016,35190,Non,2010509,cuivre du sulfate de cuivre,8011-63-0,Fongicide,N minéral,,6.52
2016,35190,Non,2010513,bacillus thuringiensis serotype 3a 3b,68038-71-1,Insecticide,Autre,,
2016,35190,Non,2010612,glyphosate,1071-83-6,Herbicide,N Organique,,21.6
2016,35190,Non,2020003,phosphate ferrique,10045-86-0,Molluscicide,Autre,,0.01782
2016,35190,Non,2020049,iodosulfuron-methyl-sodium,144550-36-7,Herbicide,N Organique,,0.2484
2016,35190,Non,2020049,mefenpyr-diethyl,135590-91-9,Autre usage – Coformulant / Phytoprotecteur / Synergiste,Autre,,3.726
2016,35190,Non,2020049,mesosulfuron-methyl,208465-21-8,Herbicide,N Organique,,1.242
2016,35190,Non,2020065,metribuzine,21087-64-9,Herbicide,N Organique,,0.35
2016,35190,Non,2020099,trifloxystrobine,141517-21-7,Fongicide,N Organique,,1.125
2016,35190,Non,2020224,iodosulfuron-methyl-sodium,144550-36-7,Herbicide,N Organique,,0.108
2016,35190,Non,2020224,mefenpyr-diethyl,135590-91-9,Autre usage – Coformulant / Phytoprotecteur / Synergiste,Autre,,0.324
2016,35190,Non,2020224,mesosulfuron-methyl,208465-21-8,Herbicide,N Organique,,0.108
2016,35190,Non,2020226,clethodime,99129-21-2,Herbicide,N Organique,,1.20
2016,35190,Non,2020234,metaldehyde,108-62-3,Molluscicide,Autre,,3
2016,35190,Non,2020474,metazachlore,67129-08-2,Herbicide,"T, T+, CMR",,5
2016,35190,Non,2030010,clomazone,81777-89-1,Herbicide,N Organique,,0.72
2016,35190,Non,2030125,deltamethrine,52918-63-5,Insecticide,"T, T+, CMR",,0.05265
2016,35190,Non,2030255,tebuconazole,107534-96-3,Fongicide,"T, T+, CMR",,95
2016,35190,Non,2030273,lambda-cyhalothrine,91465-08-6,Insecticide,"T, T+, CMR",,0.00675
2016,35190,Non,2030273,pyrimicarbe,23103-98-2,Insecticide,"T, T+, CMR",,0.135
2016,35190,Non,2030323,fludioxonil,131341-86-1,Fongicide,N Organique,,0.27825
2016,35190,Non,2030332,"2,4-d",94-75-7,Herbicide,N Organique,,5.76
2016,35190,Non,2030332,dichlorprop-p,15165-67-0,Herbicide,Autre,,2.88
2016,35190,Non,2030342,chlormequat chlorure,999-81-5,Régulateur de croissance,Autre,,18.4
2016,35190,Non,2030342,chlorure de choline,67-48-1,Autre usage – Coformulant / Phytoprotecteur / Synergiste,Autre,,12.8
2016,35190,Non,2030460,metaldehyde,108-62-3,Molluscicide,Autre,,13
2016,35190,Non,2040146,tefluthrine,79538-32-2,Insecticide,"T, T+, CMR",,0.04
2016,35190,Non,2040199,metamitrone,41394-05-2,Herbicide,N Organique,,1.4
2016,35190,Non,2040310,prochloraze,67747-09-5,Fongicide,N Organique,,4.0065
2016,35190,Non,2040310,tebuconazole,107534-96-3,Fongicide,"T, T+, CMR",,1.9875
2016,35190,Non,2050033,iodosulfuron-methyl-sodium,144550-36-7,Herbicide,N Organique,,0.06
2016,35190,Non,2050033,mefenpyr-diethyl,135590-91-9,Autre usage – Coformulant / Phytoprotecteur / Synergiste,Autre,,0.9
2016,35190,Non,2050033,mesosulfuron-methyl,208465-21-8,Herbicide,N Organique,,0.3
2016,35190,Non,2050075,boscalid,188425-85-6,Fongicide,N Organique,,2.5
2016,35190,Non,2050144,"2,4-mcpa",94-74-6,Herbicide,N Organique,,0.0084
2016,35190,Non,2050144,clopyralid,1702-17-6,Herbicide,Autre,,0.00084
2016,35190,Non,2050144,fluroxypyr,69377-81-7,Herbicide,N Organique,,0.00168
2016,35190,Non,2050145,diflufenicanil,83164-33-4,Herbicide,N Organique,,0.96
2016,35190,Non,2050145,glyphosate,1071-83-6,Herbicide,N Organique,,6
2016,35190,Non,2050146,diflufenicanil,83164-33-4,Herbicide,N Organique,,1.915
2016,35190,Non,2050146,glyphosate,1071-83-6,Herbicide,N Organique,,11.96875
2016,35190,Non,2060051,metrafenone,220899-03-6,Fongicide,N Organique,,1.5
2016,35190,Non,2060088,benoxacor,98730-04-2,Autre usage – Coformulant / Phytoprotecteur / Synergiste,Autre,,44.3
2016,35190,Non,2060088,mesotrione,104206-82-8,Herbicide,N Organique,,88.6
2016,35190,Non,2060088,s-metolachlore,87392-12-9,Herbicide,N Organique,,886
2016,35190,Non,2060091,diflufenicanil,83164-33-4,Herbicide,N Organique,,24.375
2016,35190,Non,2060091,isoproturon,34123-59-6,Herbicide,"T, T+, CMR",,195
2016,35190,Non,2060115,azoxystrobine,131860-33-8,Fongicide,"T, T+, CMR",,1
2016,35190,Non,2060115,cyproconazole,94361-06-5,Fongicide,"T, T+, CMR",,0.4
2016,35190,Non,2060116,prothioconazole,178928-70-6,Fongicide,"T, T+, CMR",,3.75
2016,35190,Non,2060127,prothioconazole,178928-70-6,Fongicide,"T, T+, CMR",,0.202
2016,35190,Non,2060129,oxyfluorfene,42874-03-3,Herbicide,"T, T+, CMR",,0.01188
2016,35190,Non,2060129,pendimethaline,40487-42-1,Herbicide,N Organique,,0.06072
2016,35190,Non,2060131,"2,4-d",94-75-7,Herbicide,N Organique,,0.093
2016,35190,Non,2060131,triclopyr,55335-06-3,Herbicide,N Organique,,0.1036
2016,35190,Non,2060175,metaldehyde,108-62-3,Molluscicide,Autre,,5.634
2016,35190,Non,2060194,tefluthrine,79538-32-2,Insecticide,"T, T+, CMR",,15.22995
2016,35190,Non,2070221,metazachlore,67129-08-2,Herbicide,"T, T+, CMR",,10
2016,35190,Non,2070221,quinmerac,90717-03-6,Herbicide,N Organique,,2.5
2016,35190,Non,2080018,acetamipride,135410-20-7,Insecticide,N Organique,,0.015
2016,35190,Non,2080026,nicosulfuron,111991-09-4,Herbicide,N Organique,,6.48
2016,35190,Non,2080054,acetamipride,135410-20-7,Insecticide,N Organique,,0.00108
2016,35190,Non,2080094,florasulame,145701-23-1,Herbicide,N Organique,,0.10
2016,35190,Non,2080094,isoxaben,82558-50-7,Herbicide,N Organique,,1.525
2016,35190,Non,2080098,mandipropamide,374726-62-2,Fongicide,N Organique,,2.5
2016,35190,Non,2080112,thirame,137-26-8,Fongicide,N Organique,,3.1248
2016,35190,Non,2080117,prosulfuron,94125-34-5,Herbicide,N Organique,,23.7525
2016,35190,Non,2080123,metsulfuron-methyl,74223-64-6,Herbicide,N Organique,,7.34
2016,35190,Non,2080125,metsulfuron-methyl,74223-64-6,Herbicide,N Organique,,0.12
2016,35190,Non,2080136,pyridate,55512-33-9,Herbicide,N Organique,,1.35
2016,35190,Non,2080145,diflufenicanil,83164-33-4,Herbicide,N Organique,,18
2016,35190,Non,2080145,flufenacet,142459-58-3,Herbicide,N Organique,,36
2016,35190,Non,2080147,difenoconazole,119446-68-3,Fongicide,N Organique,,1.25
2016,35190,Non,2080147,paclobutrazol,76738-62-0,Régulateur de croissance,N Organique,,0.625
2016,35190,Non,2090008,thirame,137-26-8,Fongicide,N Organique,,2.08403
2016,35190,Non,2090011,pendimethaline,40487-42-1,Herbicide,N Organique,,27.3
2016,35190,Non,2090016,imazamox,114311-32-9,Herbicide,N Organique,,1.336
2016,35190,Non,2090016,pendimethaline,40487-42-1,Herbicide,N Organique,,20.0
2016,35190,Non,2090017,fluazinam,79622-59-6,Fongicide,"T, T+, CMR",,2.5
2016,35190,Non,2090024,sulcotrione,99105-77-8,Herbicide,"T, T+, CMR",,6.0
2016,35190,Non,2090028,metamitrone,41394-05-2,Herbicide,N Organique,,7
2016,35190,Non,2090033,difenoconazole,119446-68-3,Fongicide,N Organique,,0.02338
2016,35190,Non,2090036,glyphosate,1071-83-6,Herbicide,N Organique,,0.966
2016,35190,Non,2090037,dicamba,1918-00-9,Herbicide,N Organique,,75.175
2016,35190,Non,2090037,prosulfuron,94125-34-5,Herbicide,N Organique,,7.5175
2016,35190,Non,2090038,beflubutamide,113614-08-7,Herbicide,N Organique,,2.55
2016,35190,Non,2090038,isoproturon,34123-59-6,Herbicide,"T, T+, CMR",,15
2016,35190,Non,2090041,cloquintocet-mexyl,99607-70-2,Autre usage – Coformulant / Phytoprotecteur / Synergiste,Autre,,0.5625
2016,35190,Non,2090041,pyroxsulame,422556-08-9,Herbicide,"T, T+, CMR",,0.5625
2016,35190,Non,2090042,cloquintocet-mexyl,99607-70-2,Autre usage – Coformulant / Phytoprotecteur / Synergiste,Autre,,1.213691
2016,35190,Non,2090042,florasulame,145701-23-1,Herbicide,N Organique,,0.405156
2016,35190,Non,2090042,pyroxsulame,422556-08-9,Herbicide,"T, T+, CMR",,1.213691
2016,35190,Non,2090043,glyphosate,1071-83-6,Herbicide,N Organique,,3.97425
2016,35190,Non,2090044,glyphosate,1071-83-6,Herbicide,N Organique,,3.6336
2016,35190,Non,2090057,metsulfuron-methyl,74223-64-6,Herbicide,N Organique,,0.76590
2016,35190,Non,2090057,tribenuron-methyle,101200-48-0,Herbicide,N Organique,,1.5318
2016,35190,Non,2090069,bromoxynil,1689-84-5,Herbicide,"T, T+, CMR",,5.875
2016,35190,Non,2090071,bromoxynil,1689-84-5,Herbicide,"T, T+, CMR",,78.83075
2016,35190,Non,2090079,acide acetique,64-19-7,Herbicide,Autre,,0.36
2016,35190,Non,2090092,epoxiconazole,133855-98-8,Fongicide,"T, T+, CMR",,11.42625
2016,35190,Non,2090092,metconazole,125116-23-6,Fongicide,"T, T+, CMR",,8.37925
2016,35190,Non,2090101,nicosulfuron,111991-09-4,Herbicide,N Organique,,1.8
2016,35190,Non,2090103,soufre pour pulverisation (micronise),7704-34-9,Fongicide,Autre,,80
2016,35190,Non,2090111,cypermethrine,52315-07-8,Insecticide,N Organique,,1.41
2016,35190,Non,2090113,dimethenamide-p (dmta-p),163515-14-8,Herbicide,N Organique,,189.125
2016,35190,Non,2090113,pendimethaline,40487-42-1,Herbicide,N Organique,,222.5
2016,35190,Non,2090115,glyphosate,1071-83-6,Herbicide,N Organique,,57.6
2016,35190,Non,2090117,tebuconazole,107534-96-3,Fongicide,"T, T+, CMR",,2
2016,35190,Non,2090124,acide pelargonique,112-05-0,Herbicide,Autre,,0.023265
2016,35190,Non,2090124,hydrazide maleique,123-33-1,Régulateur de croissance,Autre,,0.003713
2016,35190,Non,2090136,fluopicolide,239110-15-7,Fongicide,N Organique,,1.25
2016,35190,Non,2090136,propamocarbe,24579-73-5,Fongicide,Autre,,12.5
2016,35190,Non,2090146,abamectine,71751-41-2,Insecticide,"T, T+, CMR",,0.000144
2016,35190,Non,2090146,pyrethrines,8003-34-7,Insecticide,N Organique,,0.00192
2016,35190,Non,2090153,dicamba,1918-00-9,Herbicide,N Organique,,4.416
2016,35190,Non,2090153,tritosulfuron,142469-14-5,Herbicide,N Organique,,0.92
2016,35190,Non,2090159,tritosulfuron,142469-14-5,Herbicide,N Organique,,4.9980
2016,35190,Non,2090160,glyphosate,1071-83-6,Herbicide,N Organique,,208.8
2016,35190,Non,2090164,glyphosate,1071-83-6,Herbicide,N Organique,,42.84
2016,35190,Non,2090171,dimoxystrobine,149961-52-4,Fongicide,"T, T+, CMR",,1.995
2016,35190,Non,2090171,epoxiconazole,133855-98-8,Fongicide,"T, T+, CMR",,0.75
2016,35190,Non,2090172,epoxiconazole,133855-98-8,Fongicide,"T, T+, CMR",,7.055
2016,35190,Non,2090172,metrafenone,220899-03-6,Fongicide,N Organique,,8.5
2016,35190,Non,2090186,prosulfocarbe,52888-80-9,Herbicide,N Organique,,120
2016,35190,Non,2090200,huile de colza,8002-13-9,Insecticide,Autre,,0.004125
2016,35190,Non,2090200,pyrethrines,8003-34-7,Insecticide,N Organique,,0.000090
2016,35190,Non,2100004,acetamipride,135410-20-7,Insecticide,N Organique,,0.001248
2016,35190,Non,2100004,triticonazole,131983-72-7,Fongicide,N Organique,,0.003744
2016,35190,Non,2100009,thifensulfuron-methyle,79277-27-3,Herbicide,N Organique,,1.21878
2016,35190,Non,2100009,tribenuron-methyle,101200-48-0,Herbicide,N Organique,,0.61122
2016,35190,Non,2100014,metsulfuron-methyl,74223-64-6,Herbicide,N Organique,,0.0201
2016,35190,Non,2100014,thifensulfuron-methyle,79277-27-3,Herbicide,N Organique,,0.0999
2016,35190,Non,2100015,thifensulfuron-methyle,79277-27-3,Herbicide,N Organique,,0.945
2016,35190,Non,2100026,cypermethrine,52315-07-8,Insecticide,N Organique,,14.5
2016,35190,Non,2100028,fluroxypyr,69377-81-7,Herbicide,N Organique,,37
2016,35190,Non,2100030,phosphate ferrique,10045-86-0,Molluscicide,Autre,,4.158
2016,35190,Non,2100037,boscalid,188425-85-6,Fongicide,N Organique,,0.92
2016,35190,Non,2100037,dimoxystrobine,149961-52-4,Fongicide,"T, T+, CMR",,0.92
2016,35190,Non,2100051,ipconazole,125225-28-7,Fongicide,N Organique,,0.06525
2016,35190,Non,2100052,cyprodinil,121552-61-2,Fongicide,N Organique,,3
2016,35190,Non,2100056,prothioconazole,178928-70-6,Fongicide,"T, T+, CMR",,0.8
2016,35190,Non,2100056,spiroxamine,118134-30-8,Fongicide,N Organique,,1.5
2016,35190,Non,2100057,prothioconazole,178928-70-6,Fongicide,"T, T+, CMR",,44.625
2016,35190,Non,2100057,trifloxystrobine,141517-21-7,Fongicide,N Organique,,22.44
2016,35190,Non,2100069,metsulfuron-methyl,74223-64-6,Herbicide,N Organique,,0.385
2016,35190,Non,2100069,thifensulfuron-methyle,79277-27-3,Herbicide,N Organique,,3.74
2016,35190,Non,2100071,glyphosate,1071-83-6,Herbicide,N Organique,,28.8
2016,35190,Non,2100078,deltamethrine,52918-63-5,Insecticide,"T, T+, CMR",,0.000143
2016,35190,Non,2100108,prothioconazole,178928-70-6,Fongicide,"T, T+, CMR",,26.875
2016,35190,Non,2100108,tebuconazole,107534-96-3,Fongicide,"T, T+, CMR",,26.875
2016,35190,Non,2100111,mesotrione,104206-82-8,Herbicide,N Organique,,49.875
2016,35190,Non,2100111,nicosulfuron,111991-09-4,Herbicide,N Organique,,19.95
2016,35190,Non,2100112,ethephon,16672-87-0,Régulateur de croissance,"T, T+, CMR",,45.6
2016,35190,Non,2100138,cloquintocet-mexyl,99607-70-2,Autre usage – Coformulant / Phytoprotecteur / Synergiste,Autre,,4.44525
2016,35190,Non,2100138,pinoxaden,243973-20-8,Herbicide,"T, T+, CMR",,17.781
2016,35190,Non,2100140,clodinafop-propargyl,105512-06-9,Herbicide,N Organique,,12.750
2016,35190,Non,2100140,cloquintocet-mexyl,99607-70-2,Autre usage – Coformulant / Phytoprotecteur / Synergiste,Autre,,3.18750
2016,35190,Non,2100140,pinoxaden,243973-20-8,Herbicide,"T, T+, CMR",,12.750
2016,35190,Non,2100154,chlorpyriphos-ethyl,2921-88-2,Insecticide,"T, T+, CMR",,17.5
2016,35190,Non,2100154,cypermethrine,52315-07-8,Insecticide,N Organique,,1.75
2016,35190,Non,2100164,fluroxypyr,69377-81-7,Herbicide,N Organique,,1
2016,35190,Non,2100165,acetamipride,135410-20-7,Insecticide,N Organique,,0.013
2016,35190,Non,2100165,triticonazole,131983-72-7,Fongicide,N Organique,,0.039
2016,35190,Non,2100167,mancozebe,8018-01-7,Fongicide,"T, T+, CMR",,15
2016,35190,Non,2100175,prothioconazole,178928-70-6,Fongicide,"T, T+, CMR",,0.09
2016,35190,Non,2100184,picolinafen,137641-05-5,Herbicide,N Organique,,5.0025
2016,35190,Non,2100184,tritosulfuron,142469-14-5,Herbicide,N Organique,,5.0025
2016,35190,Non,2100206,glyphosate,1071-83-6,Herbicide,N Organique,,10.8
2016,35190,Non,2100211,prothioconazole,178928-70-6,Fongicide,"T, T+, CMR",,5.0
2016,35190,Non,2100211,tebuconazole,107534-96-3,Fongicide,"T, T+, CMR",,5.0
2016,35190,Non,2100215,pendimethaline,40487-42-1,Herbicide,N Organique,,16
2016,35190,Non,2100234,diflufenicanil,83164-33-4,Herbicide,N Organique,,12.6
2016,35190,Non,2100234,iodosulfuron-methyl-sodium,144550-36-7,Herbicide,N Organique,,0.7875
2016,35190,Non,2100234,mefenpyr-diethyl,135590-91-9,Autre usage – Coformulant / Phytoprotecteur / Synergiste,Autre,,2.835
2016,35190,Non,2100234,mesosulfuron-methyl,208465-21-8,Herbicide,N Organique,,0.945
2016,35190,Non,2100235,fenoxaprop-p-ethyl,71283-80-2,Herbicide,N Organique,,0.32
2016,35190,Non,2100235,iodosulfuron-methyl-sodium,144550-36-7,Herbicide,N Organique,,0.04
2016,35190,Non,2100235,mefenpyr-diethyl,135590-91-9,Autre usage – Coformulant / Phytoprotecteur / Synergiste,Autre,,0.12
2016,35190,Non,2100245,prothioconazole,178928-70-6,Fongicide,"T, T+, CMR",,6.25
2016,35190,Non,2100245,tebuconazole,107534-96-3,Fongicide,"T, T+, CMR",,6.25
2016,35190,Non,2110012,cyazofamide,120116-88-3,Fongicide,N Organique,,2.4
2016,35190,Non,2110013,bromoxynil,1689-84-5,Herbicide,"T, T+, CMR",,1.2048
2016,35190,Non,2110018,difenoconazole,119446-68-3,Fongicide,N Organique,,0.01225
2016,35190,Non,2110018,fludioxonil,131341-86-1,Fongicide,N Organique,,0.01225
2016,35190,Non,2110040,bacillus subtilis,68038-70-0,Fongicide,Autre,,0.01567
2016,35190,Non,2110078,chlorpyriphos-methyl,5598-13-0,Insecticide,N Organique,,2
2016,35190,Non,2110078,cypermethrine,52315-07-8,Insecticide,N Organique,,0.2
2016,35190,Non,2110083,cuivre du sulfate tribasique,12527-76-3,Fongicide,N minéral,,0.001913
2016,35190,Non,2110083,pyrethrines,8003-34-7,Insecticide,N Organique,,0.000563
2016,35190,Non,2110083,soufre,7704-34-9,Fongicide,Autre,,0.0135
2016,35190,Non,2110095,cloquintocet-mexyl,99607-70-2,Autre usage – Coformulant / Phytoprotecteur / Synergiste,Autre,,0.05625
2016,35190,Non,2110095,florasulame,145701-23-1,Herbicide,N Organique,,0.025
2016,35190,Non,2110095,pinoxaden,243973-20-8,Herbicide,"T, T+, CMR",,0.225
2016,35190,Non,2110096,chlorothalonil,1897-45-6,Fongicide,"T, T+, CMR",,5
2016,35190,Non,2110102,difenoconazole,119446-68-3,Fongicide,N Organique,,0.23100
2016,35190,Non,2110102,fludioxonil,131341-86-1,Fongicide,N Organique,,0.23100
2016,35190,Non,2110102,sedaxane,874967-67-6,Fongicide,N Organique,,0.4620
2016,35190,Non,2110103,tribenuron-methyle,101200-48-0,Herbicide,N Organique,,0.825
2016,35190,Non,2110104,clopyralid (sous forme de sel de monoethanolamine),57754-85-5,Herbicide,Autre,,1.68
2016,35190,Non,2110104,florasulame,145701-23-1,Herbicide,N Organique,,0.0525
2016,35190,Non,2110104,fluroxypyr,69377-81-7,Herbicide,N Organique,,2.1
2016,35190,Non,2110105,azoxystrobine,131860-33-8,Fongicide,"T, T+, CMR",,51.25
2016,35190,Non,2110109,cyprosulfamide,221667-31-8,Autre usage – Coformulant / Phytoprotecteur / Synergiste,Autre,,7.60782
2016,35190,Non,2110109,isoxaflutole,141112-29-0,Herbicide,"T, T+, CMR",,11.527
2016,35190,Non,2110109,thiencarbazone-methyl,317815-83-1,Herbicide,"T, T+, CMR",,4.6108
2016,35190,Non,2110115,cypermethrine,52315-07-8,Insecticide,N Organique,,2.5
2016,35190,Non,2110121,thiaclopride,111988-49-9,Insecticide,"T, T+, CMR",,4.988
2016,35190,Non,2110149,huile de colza,8002-13-9,Insecticide,Autre,,0.12168
2016,35190,Non,2110150,huile de colza,8002-13-9,Insecticide,Autre,,5.24475
2016,35190,Non,2110152,cypermethrine,52315-07-8,Insecticide,N Organique,,0.24
2016,35190,Non,2110153,chlormequat chlorure,999-81-5,Régulateur de croissance,Autre,,30
2016,35190,Non,2110153,ethephon,16672-87-0,Régulateur de croissance,"T, T+, CMR",,15.0
2016,35190,Non,2110159,triticonazole,131983-72-7,Fongicide,N Organique,,0.028
2016,35190,Non,2110160,triticonazole,131983-72-7,Fongicide,N Organique,,0.00156
2016,35190,Non,2110162,azoxystrobine,131860-33-8,Fongicide,"T, T+, CMR",,5
2016,35190,Non,2110170,epoxiconazole,133855-98-8,Fongicide,"T, T+, CMR",,7.8125
2016,35190,Non,2110170,fluxapyroxad,907204-31-3,Fongicide,"T, T+, CMR",,7.8125
2016,35190,Non,2110177,chlorothalonil,1897-45-6,Fongicide,"T, T+, CMR",,489.375
2016,35190,Non,2110177,cyproconazole,94361-06-5,Fongicide,"T, T+, CMR",,65.25
2016,35190,Non,2110177,propiconazole,60207-90-1,Fongicide,N Organique,,81.5625
2016,35190,Non,2110178,bixafen,581809-46-3,Fongicide,N Organique,,9.750
2016,35190,Non,2110178,prothioconazole,178928-70-6,Fongicide,"T, T+, CMR",,19.50
2016,35190,Non,2110180,cuivre de l'oxyde cuivreux,1317-39-1,Fongicide,N minéral,,1.125
2016,35190,Non,2110181,bixafen,581809-46-3,Fongicide,N Organique,,1.125
2016,35190,Non,2110181,prothioconazole,178928-70-6,Fongicide,"T, T+, CMR",,1.5
2016,35190,Non,2110181,tebuconazole,107534-96-3,Fongicide,"T, T+, CMR",,1.5
2016,35190,Non,2110191,difenoconazole,119446-68-3,Fongicide,N Organique,,0.5
2016,35190,Non,2110191,tebuconazole,107534-96-3,Fongicide,"T, T+, CMR",,1.25
2016,35190,Non,2110194,boscalid,188425-85-6,Fongicide,N Organique,,22.4
2016,35190,Non,2110194,epoxiconazole,133855-98-8,Fongicide,"T, T+, CMR",,8.0
2016,35190,Non,2110198,glyphosate,1071-83-6,Herbicide,N Organique,,115.2
2016,35190,Non,2110202,metribuzine,21087-64-9,Herbicide,N Organique,,1.6
2016,35190,Non,2110202,prosulfocarbe,52888-80-9,Herbicide,N Organique,,16
2016,35190,Non,2120015,glyphosate,1071-83-6,Herbicide,N Organique,,0.00216
2016,35190,Non,2120018,glyphosate,1071-83-6,Herbicide,N Organique,,24.456
2016,35190,Non,2120034,glyphosate,1071-83-6,Herbicide,N Organique,,278.4
2016,35190,Non,2120048,aminopyralid,150114-71-9,Herbicide,N Organique,,3.81
2016,35190,Non,2120048,triclopyr,55335-06-3,Herbicide,N Organique,,30.48
2016,35190,Non,2120063,fluopicolide,239110-15-7,Fongicide,N Organique,,0.3375
2016,35190,Non,2120063,propamocarbe,24579-73-5,Fongicide,Autre,,3.375
2016,35190,Non,2120066,dichlorprop-p,15165-67-0,Herbicide,Autre,,192
2016,35190,Non,2120066,picolinafen,137641-05-5,Herbicide,N Organique,,6.4
2016,35190,Non,2120070,prothioconazole,178928-70-6,Fongicide,"T, T+, CMR",,114.4
2016,35190,Non,2120070,tebuconazole,107534-96-3,Fongicide,"T, T+, CMR",,57.2
2016,35190,Non,2120075,dimethenamide-p (dmta-p),163515-14-8,Herbicide,N Organique,,32
2016,35190,Non,2120075,metazachlore,67129-08-2,Herbicide,"T, T+, CMR",,32
2016,35190,Non,2120075,quinmerac,90717-03-6,Herbicide,N Organique,,16
2016,35190,Non,2120093,epoxiconazole,133855-98-8,Fongicide,"T, T+, CMR",,8.75
2016,35190,Non,2120129,lambda-cyhalothrine,91465-08-6,Insecticide,"T, T+, CMR",,0.00915
2016,35190,Non,2120133,fluroxypyr,69377-81-7,Herbicide,N Organique,,0.328
2016,35190,Non,2120133,triclopyr,55335-06-3,Herbicide,N Organique,,0.984
2016,35190,Non,2120194,metsulfuron-methyl,74223-64-6,Herbicide,N Organique,,0.40
2016,35190,Non,2120205,epoxiconazole,133855-98-8,Fongicide,"T, T+, CMR",,46.592
2016,35190,Non,2120205,fluxapyroxad,907204-31-3,Fongicide,"T, T+, CMR",,46.592
2016,35190,Non,2120205,pyraclostrobine,175013-18-0,Fongicide,"T, T+, CMR",,74.592
2016,35190,Non,2120210,dicamba,1918-00-9,Herbicide,N Organique,,12
2016,35190,Non,2130040,"2,4-d",94-75-7,Herbicide,N Organique,,0.525
2016,35190,Non,2130063,nicosulfuron,111991-09-4,Herbicide,N Organique,,0.618
2016,35190,Non,2130068,diflufenicanil,83164-33-4,Herbicide,N Organique,,23.5
2016,35190,Non,2130075,metaldehyde,108-62-3,Molluscicide,Autre,,3.2
2016,35190,Non,2130081,metaldehyde,108-62-3,Molluscicide,Autre,,5.6
2016,35190,Non,2130082,metaldehyde,108-62-3,Molluscicide,Autre,,0.8
2016,35190,Non,2130083,lambda-cyhalothrine,91465-08-6,Insecticide,"T, T+, CMR",,0.4
2016,35190,Non,2130084,metaldehyde,108-62-3,Molluscicide,Autre,,0.96
2016,35190,Non,2130093,diflufenicanil,83164-33-4,Herbicide,N Organique,,0.005184
2016,35190,Non,2130093,glyphosate,1071-83-6,Herbicide,N Organique,,0.0324
2016,35190,Non,2130105,metaldehyde,108-62-3,Molluscicide,Autre,,3.84
2016,35190,Non,2130140,diflufenicanil,83164-33-4,Herbicide,N Organique,,2.4
2016,35190,Non,2130140,pendimethaline,40487-42-1,Herbicide,N Organique,,24
2016,35190,Non,2130151,hydrazide maleique,123-33-1,Régulateur de croissance,Autre,,0.318
2016,35190,Non,2130164,foramsulfuron,173159-57-4,Herbicide,N Organique,,1.05
2016,35190,Non,2130164,thiencarbazone-methyl,317815-83-1,Herbicide,"T, T+, CMR",,0.35
2016,35190,Non,2130190,desmediphame,13684-56-5,Herbicide,N Organique,,0.94
2016,35190,Non,2130190,ethofumesate,26225-79-6,Herbicide,N Organique,,1.50
2016,35190,Non,2130190,lenacile,2164-08-1,Herbicide,"T, T+, CMR",,0.54
2016,35190,Non,2130190,phenmediphame,13684-63-4,Herbicide,N Organique,,1.2
2016,35190,Non,2130196,chlorothalonil,1897-45-6,Fongicide,"T, T+, CMR",,26.25
2016,35190,Non,2130196,cyproconazole,94361-06-5,Fongicide,"T, T+, CMR",,3.5
2016,35190,Non,2130196,propiconazole,60207-90-1,Fongicide,N Organique,,4.375
2016,35190,Non,2130202,fluopyram,658066-35-4,Fongicide,"T, T+, CMR",,10.625
2016,35190,Non,2130202,prothioconazole,178928-70-6,Fongicide,"T, T+, CMR",,10.625
2016,35190,Non,2130247,trinexapac-ethyl,95266-40-3,Régulateur de croissance,N Organique,,2.5
2016,35190,Non,2130249,pendimethaline,40487-42-1,Herbicide,N Organique,,4
2016,35190,Non,2130266,bromuconazole,116255-48-2,Fongicide,N Organique,,6.68
2016,35190,Non,2130266,tebuconazole,107534-96-3,Fongicide,"T, T+, CMR",,4.28
2016,35190,Non,2140002,florasulame,145701-23-1,Herbicide,N Organique,,0.27
2016,35190,Non,2140007,iodosulfuron-methyl-sodium,144550-36-7,Herbicide,N Organique,,0.036
2016,35190,Non,2140007,mesosulfuron-methyl,208465-21-8,Herbicide,N Organique,,0.18
2016,35190,Non,2140039,imidaclopride,138261-41-3,Insecticide,N Organique,,10.0905
2016,35190,Non,2140039,prothioconazole,178928-70-6,Fongicide,"T, T+, CMR",,1.4415
2016,35190,Non,2140078,fludioxonil,131341-86-1,Fongicide,N Organique,,0.015
2016,35190,Non,2140078,tefluthrine,79538-32-2,Insecticide,"T, T+, CMR",,0.06
2016,35190,Non,2140082,trinexapac-ethyl,95266-40-3,Régulateur de croissance,N Organique,,3.50
2016,35190,Non,2140098,aminopyralid,150114-71-9,Herbicide,N Organique,,0.07905
2016,35190,Non,2140098,propyzamide,23950-58-5,Herbicide,"T, T+, CMR",,7.5
2016,35190,Non,2140106,huile minerale paraffinique,8042-47-5,Insecticide - Acaricide,Autre,,6.004
2016,35190,Non,2140121,acide pelargonique,112-05-0,Herbicide,Autre,,11.454214
2016,35190,Non,2140132,diflufenicanil,83164-33-4,Herbicide,N Organique,,4
2016,35190,Non,2140148,dicamba,1918-00-9,Herbicide,N Organique,,7.68
2016,35190,Non,2140160,bacillus pumilus souche qst 2808,,Fongicide,Autre,,0.1435
2016,35190,Non,2140166,acide decanoique,334-48-5,Herbicide - Antimousse,Autre,,0.32076
2016,35190,Non,2140166,acide octanoique,124-07-2,Herbicide - Antimousse,Autre,,0.48114
2016,35190,Non,2140167,acide decanoique,334-48-5,Herbicide - Antimousse,Autre,,0.02376
2016,35190,Non,2140167,acide octanoique,124-07-2,Herbicide - Antimousse,Autre,,0.03564
2016,35190,Non,2140173,fluxapyroxad,907204-31-3,Fongicide,"T, T+, CMR",,21.875
2016,35190,Non,2140173,metconazole,125116-23-6,Fongicide,"T, T+, CMR",,15.75
2016,35190,Non,2140193,sulfate de fer (sulfate ferreux heptahydrate),7782-63-0,Herbicide - Antimousse,Autre,,1.87
2016,35190,Non,2140256,chlorpyriphos-methyl,5598-13-0,Insecticide,N Organique,,0.90
2016,35190,Non,2140257,iodosulfuron-methyl-sodium,144550-36-7,Herbicide,N Organique,,0.09
2016,35190,Non,2140257,mefenpyr-diethyl,135590-91-9,Autre usage – Coformulant / Phytoprotecteur / Synergiste,Autre,,1.35
2016,35190,Non,2140257,mesosulfuron-methyl,208465-21-8,Herbicide,N Organique,,0.45
2016,35190,Non,2140258,iodosulfuron-methyl-sodium,144550-36-7,Herbicide,N Organique,,0.075
2016,35190,Non,2140258,mesosulfuron-methyl,208465-21-8,Herbicide,N Organique,,0.075
2016,35190,Non,2140265,epoxiconazole,133855-98-8,Fongicide,"T, T+, CMR",,2.5
2016,35190,Non,2140265,folpel,133-07-3,Fongicide,"T, T+, CMR",,18.75
2016,35190,Non,2140266,epoxiconazole,133855-98-8,Fongicide,"T, T+, CMR",,7.98
2016,35190,Non,2140266,fluxapyroxad,907204-31-3,Fongicide,"T, T+, CMR",,7.98
2016,35190,Non,2140266,pyraclostrobine,175013-18-0,Fongicide,"T, T+, CMR",,12.92
2016,35190,Non,2150051,bixafen,581809-46-3,Fongicide,N Organique,,0.2
2016,35190,Non,2150051,fluoxastrobine,361377-29-9,Fongicide,"T, T+, CMR",,0.25
2016,35190,Non,2150051,prothioconazole,178928-70-6,Fongicide,"T, T+, CMR",,0.5
2016,35190,Non,2150084,mesotrione,104206-82-8,Herbicide,N Organique,,0.545
2016,35190,Non,2150125,diflufenicanil,83164-33-4,Herbicide,N Organique,,2
2016,35190,Non,2150200,chlorothalonil,1897-45-6,Fongicide,"T, T+, CMR",,52.5
2016,35190,Non,2150247,nicosulfuron,111991-09-4,Herbicide,N Organique,,0.5
2016,35190,Non,2150247,sulcotrione,99105-77-8,Herbicide,"T, T+, CMR",,3.75
2016,35190,Non,2150280,imidaclopride,138261-41-3,Insecticide,N Organique,,12
2016,35190,Non,2150484,clopyralid,1702-17-6,Herbicide,Autre,,4.8
2016,35190,Non,2150484,florasulame,145701-23-1,Herbicide,N Organique,,0.4
2016,35190,Non,2160931,bixafen,581809-46-3,Fongicide,N Organique,,2.925
2016,35190,Non,2160931,fluopyram,658066-35-4,Fongicide,"T, T+, CMR",,2.925
2016,35190,Non,2160931,prothioconazole,178928-70-6,Fongicide,"T, T+, CMR",,5.85
2016,35190,Non,5500179,"2,4-mcpb",94-81-5,Herbicide,N Organique,,8
2016,35190,Non,6500402,"2,4-d",94-75-7,Herbicide,N Organique,,220.8
2016,35190,Non,7300221,chlortoluron,15545-48-9,Herbicide,"T, T+, CMR",,10
2016,35190,Non,7400815,chlormequat chlorure,999-81-5,Régulateur de croissance,Autre,,59.8
2016,35190,Non,7800790,bromoxynil octanoate,1689-99-2,Herbicide,"T, T+, CMR",,31.2
2016,35190,Non,7800790,dicamba,1918-00-9,Herbicide,N Organique,,6.24
2016,35190,Non,7800790,mecoprop (mcpp),7085-19-0,Herbicide,N Organique,,93.6
2016,35190,Non,8000084,"2,4-mcpa",94-74-6,Herbicide,N Organique,,8
2016,35190,Non,8100462,huile vegetale,,SA non phyto - Divers,Autre,,0.1771
2016,35190,Non,8100462,resines (colophane),8050-09-7,SA non phyto - Divers,Autre,,1.75175
2016,35190,Non,8200307,isoproturon,34123-59-6,Herbicide,"T, T+, CMR",,552.5
2016,35190,Non,8200575,cypermethrine,52315-07-8,Insecticide,N Organique,,1.5
2016,35190,Non,8300243,chlorothalonil,1897-45-6,Fongicide,"T, T+, CMR",,92.5
2016,35190,Non,8400096,dicamba,1918-00-9,Herbicide,N Organique,,50.88
2016,35190,Non,8400098,bacillus thuringiensis serotype 3a 3b,68038-71-1,Insecticide,Autre,,0.002
2016,35190,Non,8400098,butoxyde de piperonyle,51-03-6,Autre usage – Coformulant / Phytoprotecteur / Synergiste,Autre,,0.005
2016,35190,Non,8400098,pyrethrines,8003-34-7,Insecticide,N Organique,,0.0024
2016,35190,Non,8400255,metsulfuron-methyl,74223-64-6,Herbicide,N Organique,,0.28
2016,35190,Non,8400528,isoxaben,82558-50-7,Herbicide,N Organique,,12.500
2016,35190,Non,8500351,acide b-indole butyrique (aib),133-32-4,Régulateur de croissance,"T, T+, CMR",,0.00345
2016,35190,Non,8600027,pencycuron,66063-05-6,Fongicide,N Organique,,2.5
2016,35190,Non,8600243,aclonifen,74070-46-5,Herbicide,"T, T+, CMR",,12
2016,35190,Non,8700240,diflufenicanil,83164-33-4,Herbicide,N Organique,,43.125
2016,35190,Non,8700240,isoproturon,34123-59-6,Herbicide,"T, T+, CMR",,345
2016,35190,Non,8700462,prosulfocarbe,52888-80-9,Herbicide,N Organique,,656
2016,35190,Non,8800029,phenmediphame,13684-63-4,Herbicide,N Organique,,1.59
2016,35190,Non,8800395,lambda-cyhalothrine,91465-08-6,Insecticide,"T, T+, CMR",,0.050
2016,35190,Non,8800395,pyrimicarbe,23103-98-2,Insecticide,"T, T+, CMR",,1.0
2016,35190,Non,8800488,chlorothalonil,1897-45-6,Fongicide,"T, T+, CMR",,20
2016,35190,Non,8800504,butoxyde de piperonyle,51-03-6,Autre usage – Coformulant / Phytoprotecteur / Synergiste,Autre,,0.675
2016,35190,Non,8800504,deltamethrine,52918-63-5,Insecticide,"T, T+, CMR",,0.075
2016,35190,Non,8820680,fer sous forme de sulfate de fer,7720-78-7,Herbicide - Antimousse,Autre,,85.6128
2016,35190,Non,8900681,pendimethaline,40487-42-1,Herbicide,N Organique,,4
2016,35190,Non,8920639,sulfate de fer (sulfate ferreux heptahydrate),7782-63-0,Herbicide - Antimousse,Autre,,9.6
2016,35190,Non,9000069,ethofumesate,26225-79-6,Herbicide,N Organique,,2.5
2016,35190,Non,9000184,"2,4-mcpa",94-74-6,Herbicide,N Organique,,48
2016,35190,Non,9000184,clopyralid (sous forme de sel de monoethanolamine),57754-85-5,Herbicide,Autre,,4.8
2016,35190,Non,9000184,fluroxypyr,69377-81-7,Herbicide,N Organique,,9.6
2016,35190,Non,9000259,amidosulfuron,120923-37-7,Herbicide,N Organique,,1.26
2016,35190,Non,9000361,goudrons de pin,8011-48-1,SA non phyto - Divers,Autre,,10.4
2016,35190,Non,9000490,cycloxydime,101205-02-1,Herbicide,"T, T+, CMR",,1
2016,35190,Non,9000741,tetraconazole,112281-77-3,Fongicide,N Organique,,13.125
2016,35190,Non,9000753,metaldehyde,108-62-3,Molluscicide,Autre,,4
2016,35190,Non,9000833,metazachlore,67129-08-2,Herbicide,"T, T+, CMR",,24
2016,35190,Non,9000833,quinmerac,90717-03-6,Herbicide,N Organique,,6.0
2016,35190,Non,9100034,chlormequat chlorure,999-81-5,Régulateur de croissance,Autre,,27.6
2016,35190,Non,9100046,trinexapac-ethyl,95266-40-3,Régulateur de croissance,N Organique,,36.75
2016,35190,Non,9100155,glyphosate,1071-83-6,Herbicide,N Organique,,1.8
2016,35190,Non,9100231,metaldehyde,108-62-3,Molluscicide,Autre,,9.245
2016,35190,Non,9100418,nicosulfuron,111991-09-4,Herbicide,N Organique,,23.48
2016,35190,Non,9100525,tebufenpyrad,119168-77-3,Insecticide - Acaricide,"T, T+, CMR",,0.008
2016,35190,Non,9100537,glyphosate,1071-83-6,Herbicide,N Organique,,86.4
2016,35190,Non,9200078,tebuconazole,107534-96-3,Fongicide,"T, T+, CMR",,2.5
2016,35190,Non,9200091,imidaclopride,138261-41-3,Insecticide,N Organique,,30.0965
2016,35190,Non,9200135,cypermethrine,52315-07-8,Insecticide,N Organique,,0.0695
2016,35190,Non,9200383,lambda-cyhalothrine,91465-08-6,Insecticide,"T, T+, CMR",,0.05
2016,35190,Non,9200392,"2,4-mcpa",94-74-6,Herbicide,N Organique,,0.4
2016,35190,Non,9200392,clopyralid (sous forme de sel de monoethanolamine),57754-85-5,Herbicide,Autre,,0.04
2016,35190,Non,9200392,fluroxypyr,69377-81-7,Herbicide,N Organique,,0.08
2016,35190,Non,9200461,chlormequat chlorure,999-81-5,Régulateur de croissance,Autre,,112.125
2016,35190,Non,9200461,mepiquat-chlorure,24307-26-4,Régulateur de croissance,N Organique,,37.375
2016,35190,Non,9200482,bacillus thuringiensis serotype 3a 3b,68038-71-1,Insecticide,Autre,,
2016,35190,Non,9200494,ethephon,16672-87-0,Régulateur de croissance,"T, T+, CMR",,37.8
2016,35190,Non,9200494,trinexapac-ethyl,95266-40-3,Régulateur de croissance,N Organique,,37.8
2016,35190,Non,9200512,glyphosate,1071-83-6,Herbicide,N Organique,,12.6
2016,35190,Non,9200548,thirame,137-26-8,Fongicide,N Organique,,0.3072
2016,35190,Non,9300111,pyrethrines,8003-34-7,Insecticide,N Organique,,0.212
2016,35190,Non,9300189,fluroxypyr,69377-81-7,Herbicide,N Organique,,0.0558
2016,35190,Non,9300189,triclopyr,55335-06-3,Herbicide,N Organique,,0.1674
2016,35190,Non,9300241,glyphosate,1071-83-6,Herbicide,N Organique,,3.57
2016,35190,Non,9300309,zetacypermethrine,52315-07-8,Insecticide,"T, T+, CMR",,0.2
2016,35190,Non,9300338,prochloraze,67747-09-5,Fongicide,N Organique,,4.5
2016,35190,Non,9300396,chlormequat chlorure,999-81-5,Régulateur de croissance,Autre,,239.2
2016,35190,Non,9300396,chlorure de choline,67-48-1,Autre usage – Coformulant / Phytoprotecteur / Synergiste,Autre,,166.4
2016,35190,Non,9400052,clethodime,99129-21-2,Herbicide,N Organique,,1.2
2016,35190,Non,9400067,dicamba,1918-00-9,Herbicide,N Organique,,21.0
2016,35190,Non,9400109,"2,4-d",94-75-7,Herbicide,N Organique,,3.5
2016,35190,Non,9400109,dicamba,1918-00-9,Herbicide,N Organique,,0.5
2016,35190,Non,9400134,diflufenicanil,83164-33-4,Herbicide,N Organique,,13.0
2016,35190,Non,9400134,flurtamone,96525-23-4,Herbicide,N Organique,,32.50
2016,35190,Non,9400162,glyphosate,1071-83-6,Herbicide,N Organique,,28.8
2016,35190,Non,9400354,glyphosate,1071-83-6,Herbicide,N Organique,,115.2
2016,35190,Non,9400367,chlorothalonil,1897-45-6,Fongicide,"T, T+, CMR",,108.750
2016,35190,Non,9400367,cyproconazole,94361-06-5,Fongicide,"T, T+, CMR",,11.6
2016,35190,Non,9400525,glyphosate,1071-83-6,Herbicide,N Organique,,7.2
2016,35190,Non,9500135,metaldehyde,108-62-3,Molluscicide,Autre,,0.5
2016,35190,Non,9500148,metirame-zinc,9006-42-2,Fongicide,N Organique,,1.6
2016,35190,Non,9500223,prochloraze,67747-09-5,Fongicide,N Organique,,13.355
2016,35190,Non,9500223,tebuconazole,107534-96-3,Fongicide,"T, T+, CMR",,6.625
2016,35190,Non,9500414,cypermethrine,52315-07-8,Insecticide,N Organique,,0.004
2016,35190,Non,9500452,cuivre du sulfate de cuivre,8011-63-0,Fongicide,N minéral,,3
2016,35190,Non,9500551,chlormequat chlorure,999-81-5,Régulateur de croissance,Autre,,11.5
2016,35190,Non,9500551,ethephon,16672-87-0,Régulateur de croissance,"T, T+, CMR",,7.75
2016,35190,Non,9500551,mepiquat-chlorure,24307-26-4,Régulateur de croissance,N Organique,,3.75
2016,35190,Non,9500568,cyprodinil,121552-61-2,Fongicide,N Organique,,0.0075
2016,35190,Non,9500568,fludioxonil,131341-86-1,Fongicide,N Organique,,0.005
2016,35190,Non,9500581,chlormequat chlorure,999-81-5,Régulateur de croissance,Autre,,84.0
2016,35190,Non,9500581,ethephon,16672-87-0,Régulateur de croissance,"T, T+, CMR",,42.00
2016,35190,Non,9500628,bentazone,25057-89-0,Herbicide,N Organique,,2.61
2016,35190,Non,9600097,cuivre de l'hydroxyde de cuivre,20427-59-2,Fongicide,"T, T+, CMR",,0.4752
2016,35190,Non,9600197,carfentrazone ethyl,128639-02-1,Herbicide,N Organique,,2.56
2016,35190,Non,9600197,metsulfuron-methyl,74223-64-6,Herbicide,N Organique,,0.64
2016,35190,Non,9600319,glyphosate,1071-83-6,Herbicide,N Organique,,3.6
2016,35190,Non,9600386,fosetyl-aluminium,39148-24-8,Fongicide,Autre,,2.72
2016,35190,Non,9600392,chlormequat chlorure,999-81-5,Régulateur de croissance,Autre,,110.4
2016,35190,Non,9600392,imazaquine,81335-37-7,Régulateur de croissance,N Organique,,0.24
2016,35190,Non,9600550,diflufenicanil,83164-33-4,Herbicide,N Organique,,0.6
2016,35190,Non,9600550,glyphosate,1071-83-6,Herbicide,N Organique,,3.75
2016,35190,Non,9700038,huile de colza,8002-13-9,Insecticide,Autre,,0.395
2016,35190,Non,9700278,alphamethrine,67375-30-8,Insecticide,"T, T+, CMR",,0.3
2016,35190,Non,9700332,azoxystrobine,131860-33-8,Fongicide,"T, T+, CMR",,0.19
2016,35190,Non,9700554,prochloraze,67747-09-5,Fongicide,N Organique,,42
2016,35190,Non,9700554,propiconazole,60207-90-1,Fongicide,N Organique,,9.45
2016,35190,Non,9700558,ethephon,16672-87-0,Régulateur de croissance,"T, T+, CMR",,43.2
2016,35190,Non,9800018,clomazone,81777-89-1,Herbicide,N Organique,,1.05
2016,35190,Non,9800018,dimethachlore,50563-36-5,Herbicide,N Organique,,6.5625
2016,35190,Non,9800018,napropamide,15299-99-7,Herbicide,N Organique,,6.5625
2016,35190,Non,9800076,virus de la granulose,,Insecticide,Autre,,
2016,35190,Non,9800085,cycloxydime,101205-02-1,Herbicide,"T, T+, CMR",,0.5
2016,35190,Non,9800096,huile minerale paraffinique,8042-47-5,Insecticide - Acaricide,Autre,,2.4
2016,35190,Non,9800098,metamitrone,41394-05-2,Herbicide,N Organique,,10.8
2016,35190,Non,9800231,mancozebe,8018-01-7,Fongicide,"T, T+, CMR",,3.54
2016,35190,Non,9800231,myclobutanil,88671-89-0,Fongicide,"T, T+, CMR",,0.13275
2016,35190,Non,9800236,glyphosate,1071-83-6,Herbicide,N Organique,,1.8
2016,35190,Non,9800245,soufre pour pulverisation (micronise),7704-34-9,Fongicide,Autre,,32
2016,35190,Non,9800321,cypermethrine,52315-07-8,Insecticide,N Organique,,0.012
2016,35190,Non,9800336,lambda-cyhalothrine,91465-08-6,Insecticide,"T, T+, CMR",,0.5
2016,35190,Non,9800342,fluazinam,79622-59-6,Fongicide,"T, T+, CMR",,2
2016,35190,Non,9800342,metalaxyl-m,70630-17-0,Fongicide,Autre,,1
2016,35190,Non,9800343,clomazone,81777-89-1,Herbicide,N Organique,,0.3
2016,35190,Non,9800343,dimethachlore,50563-36-5,Herbicide,N Organique,,2.5
2016,35190,Non,9800344,fludioxonil,131341-86-1,Fongicide,N Organique,,0.0725
2016,35190,Non,9800344,metalaxyl-m,70630-17-0,Fongicide,Autre,,0.028130
2016,35190,Non,9800384,propiconazole,60207-90-1,Fongicide,N Organique,,0.25
2016,35190,Non,9800452,fenpropidine,67306-00-7,Fongicide,N Organique,,7.5
2016,35190,Non,9800452,propiconazole,60207-90-1,Fongicide,N Organique,,1.875
2016,35190,Non,9800453,cyproconazole,94361-06-5,Fongicide,"T, T+, CMR",,0.8
2016,35190,Non,9800453,prochloraze,67747-09-5,Fongicide,N Organique,,3.0
2016,35190,Non,9800477,bentazone,25057-89-0,Herbicide,N Organique,,4.8
2016,35190,Non,9800477,dicamba,1918-00-9,Herbicide,N Organique,,1.35
2016,35190,Non,9800481,fleur de chaux (chaux eteinte),1305-62-0,SA non phyto - Divers,Autre,,66.3
2016,35190,Non,9900016,bromoxynil octanoate,1689-99-2,Herbicide,"T, T+, CMR",,3.375
2016,35190,Non,9900047,mesotrione,104206-82-8,Herbicide,N Organique,,33.3
2016,35190,Non,9900119,isoxaben,82558-50-7,Herbicide,N Organique,,0.021528
2016,35190,Non,9900119,oryzalin,19044-88-3,Herbicide,"T, T+, CMR",,0.089424
2016,35190,Non,9900202,amidosulfuron,120923-37-7,Herbicide,N Organique,,0.15
2016,35190,Non,9900202,iodosulfuron-methyl-sodium,144550-36-7,Herbicide,N Organique,,0.015
2016,35190,Non,9900202,mefenpyr-diethyl,135590-91-9,Autre usage – Coformulant / Phytoprotecteur / Synergiste,Autre,,0.15
2016,35190,Non,9900206,picoxystrobine,117428-22-5,Fongicide,N Organique,,12.25
2016,35190,Non,9900251,dimethenamide-p (dmta-p),163515-14-8,Herbicide,N Organique,,167.544
2016,35190,Non,9900257,cuivre du sulfate de cuivre,8011-63-0,Fongicide,N minéral,,10.4
2016,35190,Non,9900390,huile de vaseline,8042-47-5,Insecticide - Acaricide,Autre,,49.02
2016,35200,Non,2000201,silthiofam,175217-20-6,Fongicide,N Organique,,0.0125
2016,35200,Non,2000299,clomazone,81777-89-1,Herbicide,N Organique,,0.54
2016,35200,Non,2030125,deltamethrine,52918-63-5,Insecticide,"T, T+, CMR",,0.00345
2016,35200,Non,2070221,metazachlore,67129-08-2,Herbicide,"T, T+, CMR",,4.8
2016,35200,Non,2070221,quinmerac,90717-03-6,Herbicide,N Organique,,1.2
2016,35200,Non,2080060,pyriproxyfene,95737-68-1,Insecticide,N Organique,,0.1
2016,35200,Non,2080112,thirame,137-26-8,Fongicide,N Organique,,0.0288
2016,35200,Non,2090054,metsulfuron-methyl,74223-64-6,Herbicide,N Organique,,0.03575
2016,35200,Non,2090054,tribenuron-methyle,101200-48-0,Herbicide,N Organique,,0.03575
2016,35200,Non,2090115,glyphosate,1071-83-6,Herbicide,N Organique,,10.8
2016,35200,Non,2100057,prothioconazole,178928-70-6,Fongicide,"T, T+, CMR",,0.875
2016,35200,Non,2100057,trifloxystrobine,141517-21-7,Fongicide,N Organique,,0.44
2016,35200,Non,2100138,cloquintocet-mexyl,99607-70-2,Autre usage – Coformulant / Phytoprotecteur / Synergiste,Autre,,0.125
2016,35200,Non,2100138,pinoxaden,243973-20-8,Herbicide,"T, T+, CMR",,0.5
2016,35200,Non,2110012,cyazofamide,120116-88-3,Fongicide,N Organique,,0.16
2016,35200,Non,2110153,chlormequat chlorure,999-81-5,Régulateur de croissance,Autre,,4.5
2016,35200,Non,2110153,ethephon,16672-87-0,Régulateur de croissance,"T, T+, CMR",,2.25
2016,35200,Non,2120048,aminopyralid,150114-71-9,Herbicide,N Organique,,0.06
2016,35200,Non,2120048,triclopyr,55335-06-3,Herbicide,N Organique,,0.48
2016,35200,Non,2140098,aminopyralid,150114-71-9,Herbicide,N Organique,,0.0527
2016,35200,Non,2140098,propyzamide,23950-58-5,Herbicide,"T, T+, CMR",,5
2016,35200,Non,8300243,chlorothalonil,1897-45-6,Fongicide,"T, T+, CMR",,2.5
2016,35200,Non,8600349,huile vegetale,,SA non phyto - Divers,Autre,,0.03
2016,35200,Non,8600349,resines (colophane),8050-09-7,SA non phyto - Divers,Autre,,0.08
2016,35200,Non,9300309,zetacypermethrine,52315-07-8,Insecticide,"T, T+, CMR",,0.1
2016,35200,Non,9700027,hexythiazox,78587-05-0,Insecticide - Acaricide,N Organique,,0.05
2016,35200,Non,9700332,azoxystrobine,131860-33-8,Fongicide,"T, T+, CMR",,0.25
2016,35200,Non,9800336,lambda-cyhalothrine,91465-08-6,Insecticide,"T, T+, CMR",,0.1
2016,35200,Non,9900201,glyphosate,1071-83-6,Herbicide,N Organique,,1.62
2016,35200,Non,9900262,flazasulfuron,104040-78-0,Herbicide,N Organique,,0.05
2016,35200,Non,9900331,chlorothalonil,1897-45-6,Fongicide,"T, T+, CMR",,0.5
2016,35200,Non,9900331,metalaxyl-m,70630-17-0,Fongicide,Autre,,0.0363
2016,35230,Non,2000018,soufre pour pulverisation (micronise),7704-34-9,Fongicide,Autre,,16
2016,35230,Non,2000079,cypermethrine,52315-07-8,Insecticide,N Organique,,0.5
2016,35230,Non,2000125,cuivre du sulfate de cuivre,8011-63-0,Fongicide,N minéral,,0.14
2016,35230,Non,2000201,silthiofam,175217-20-6,Fongicide,N Organique,,0.62625
2016,35230,Non,2000202,glyphosate,1071-83-6,Herbicide,N Organique,,36
2016,35230,Non,2000299,clomazone,81777-89-1,Herbicide,N Organique,,21.96
2016,35230,Non,2000301,foramsulfuron,173159-57-4,Herbicide,N Organique,,0.7875
2016,35230,Non,2000301,isoxadifen-ethyl,163520-33-0,Autre usage – Coformulant / Phytoprotecteur / Synergiste,N Organique,,0.7875
2016,35230,Non,2000369,metsulfuron-methyl,74223-64-6,Herbicide,N Organique,,0.02
2016,35230,Non,2000380,clethodime,99129-21-2,Herbicide,N Organique,,4.32
2016,35230,Non,2000536,1-dodecanol,112-53-8,Insecticide - Médiateur chimique,N Organique,,0.23256
2016,35230,Non,2000536,1-tetradecanol,112-72-1,Insecticide - Médiateur chimique,N Organique,,0.05396
2016,35230,Non,2000536,"e8,e10-dodecadiene-1-ol",33956-49-9,Insecticide - Médiateur chimique,N Organique,,0.39824
2016,35230,Non,2010023,deltamethrine,52918-63-5,Insecticide,"T, T+, CMR",,0.255
2016,35230,Non,2010030,mepiquat-chlorure,24307-26-4,Régulateur de croissance,N Organique,,63
2016,35230,Non,2010030,prohexadione-calcium,127277-53-6,Régulateur de croissance,N Organique,,10.5
2016,35230,Non,2010035,"2,4-mcpa",94-74-6,Herbicide,N Organique,,0.31
2016,35230,Non,2010035,dichlorprop-p,15165-67-0,Herbicide,Autre,,0.155
2016,35230,Non,2010035,mecoprop-p (mcpp-p),16484-77-8,Herbicide,N Organique,,0.155
2016,35230,Non,2010239,florasulame,145701-23-1,Herbicide,N Organique,,0.059
2016,35230,Non,2010239,fluroxypyr,69377-81-7,Herbicide,N Organique,,5.9
2016,35230,Non,2010240,florasulame,145701-23-1,Herbicide,N Organique,,0.0250
2016,35230,Non,2010240,fluroxypyr,69377-81-7,Herbicide,N Organique,,1.0
2016,35230,Non,2010280,metconazole,125116-23-6,Fongicide,"T, T+, CMR",,0.9
2016,35230,Non,2010319,"2,4-mcpa",94-74-6,Herbicide,N Organique,,0.1188
2016,35230,Non,2010319,dichlorprop-p,15165-67-0,Herbicide,Autre,,0.1188
2016,35230,Non,2010319,glyphosate,1071-83-6,Herbicide,N Organique,,0.1584
2016,35230,Non,2010351,iodosulfuron-methyl-sodium,144550-36-7,Herbicide,N Organique,,0.198
2016,35230,Non,2010351,mefenpyr-diethyl,135590-91-9,Autre usage – Coformulant / Phytoprotecteur / Synergiste,Autre,,0.594
2016,35230,Non,2010351,mesosulfuron-methyl,208465-21-8,Herbicide,N Organique,,0.198
2016,35230,Non,2010410,soufre pour pulverisation (micronise),7704-34-9,Fongicide,Autre,,0.6
2016,35230,Non,2010419,iodosulfuron-methyl-sodium,144550-36-7,Herbicide,N Organique,,0.054
2016,35230,Non,2010419,mefenpyr-diethyl,135590-91-9,Autre usage – Coformulant / Phytoprotecteur / Synergiste,Autre,,0.81
2016,35230,Non,2010419,mesosulfuron-methyl,208465-21-8,Herbicide,N Organique,,0.27
2016,35230,Non,2010612,glyphosate,1071-83-6,Herbicide,N Organique,,7.2
2016,35230,Non,2020003,phosphate ferrique,10045-86-0,Molluscicide,Autre,,0.0594
2016,35230,Non,2020049,iodosulfuron-methyl-sodium,144550-36-7,Herbicide,N Organique,,0.0252
2016,35230,Non,2020049,mefenpyr-diethyl,135590-91-9,Autre usage – Coformulant / Phytoprotecteur / Synergiste,Autre,,0.378
2016,35230,Non,2020049,mesosulfuron-methyl,208465-21-8,Herbicide,N Organique,,0.126
2016,35230,Non,2020099,trifloxystrobine,141517-21-7,Fongicide,N Organique,,4.875
2016,35230,Non,2020224,iodosulfuron-methyl-sodium,144550-36-7,Herbicide,N Organique,,0.072
2016,35230,Non,2020224,mefenpyr-diethyl,135590-91-9,Autre usage – Coformulant / Phytoprotecteur / Synergiste,Autre,,0.216
2016,35230,Non,2020224,mesosulfuron-methyl,208465-21-8,Herbicide,N Organique,,0.072
2016,35230,Non,2020474,metazachlore,67129-08-2,Herbicide,"T, T+, CMR",,40
2016,35230,Non,2030073,metaldehyde,108-62-3,Molluscicide,Autre,,10.5
2016,35230,Non,2030125,deltamethrine,52918-63-5,Insecticide,"T, T+, CMR",,0.00705
2016,35230,Non,2030255,tebuconazole,107534-96-3,Fongicide,"T, T+, CMR",,28.75
2016,35230,Non,2030323,fludioxonil,131341-86-1,Fongicide,N Organique,,1.6885
2016,35230,Non,2030332,"2,4-d",94-75-7,Herbicide,N Organique,,53.2752
2016,35230,Non,2030332,dichlorprop-p,15165-67-0,Herbicide,Autre,,26.6376
2016,35230,Non,2030342,chlormequat chlorure,999-81-5,Régulateur de croissance,Autre,,64.4
2016,35230,Non,2030342,chlorure de choline,67-48-1,Autre usage – Coformulant / Phytoprotecteur / Synergiste,Autre,,44.8
2016,35230,Non,2040146,tefluthrine,79538-32-2,Insecticide,"T, T+, CMR",,1.370
2016,35230,Non,2040195,myclobutanil,88671-89-0,Fongicide,"T, T+, CMR",,0.135
2016,35230,Non,2040199,metamitrone,41394-05-2,Herbicide,N Organique,,2.1
2016,35230,Non,2040201,"2,4-mcpa",94-74-6,Herbicide,N Organique,,72
2016,35230,Non,2040201,dicamba,1918-00-9,Herbicide,N Organique,,6
2016,35230,Non,2050075,boscalid,188425-85-6,Fongicide,N Organique,,2.5
2016,35230,Non,2060045,huile vegetale,,SA non phyto - Divers,Autre,,1.960
2016,35230,Non,2060045,resines (colophane),8050-09-7,SA non phyto - Divers,Autre,,19.04
2016,35230,Non,2060050,metrafenone,220899-03-6,Fongicide,N Organique,,1.5
2016,35230,Non,2060063,picolinafen,137641-05-5,Herbicide,N Organique,,1.5
2016,35230,Non,2060084,boscalid,188425-85-6,Fongicide,N Organique,,2.67
2016,35230,Non,2060084,pyraclostrobine,175013-18-0,Fongicide,"T, T+, CMR",,0.67
2016,35230,Non,2060088,benoxacor,98730-04-2,Autre usage – Coformulant / Phytoprotecteur / Synergiste,Autre,,12.2
2016,35230,Non,2060088,mesotrione,104206-82-8,Herbicide,N Organique,,24.4
2016,35230,Non,2060088,s-metolachlore,87392-12-9,Herbicide,N Organique,,244
2016,35230,Non,2060098,spinosad,168316-95-8,Insecticide,N Organique,,0.24
2016,35230,Non,2060113,bifenazate,149877-41-8,Insecticide - Acaricide,N Organique,,0.48
2016,35230,Non,2060115,azoxystrobine,131860-33-8,Fongicide,"T, T+, CMR",,3
2016,35230,Non,2060115,cyproconazole,94361-06-5,Fongicide,"T, T+, CMR",,1.2
2016,35230,Non,2060129,oxyfluorfene,42874-03-3,Herbicide,"T, T+, CMR",,3.6
2016,35230,Non,2060129,pendimethaline,40487-42-1,Herbicide,N Organique,,18.4
2016,35230,Non,2060131,"2,4-d",94-75-7,Herbicide,N Organique,,4.1013
2016,35230,Non,2060131,triclopyr,55335-06-3,Herbicide,N Organique,,4.56876
2016,35230,Non,2060175,metaldehyde,108-62-3,Molluscicide,Autre,,9.6
2016,35230,Non,2060194,tefluthrine,79538-32-2,Insecticide,"T, T+, CMR",,4.14
2016,35230,Non,2070086,metconazole,125116-23-6,Fongicide,"T, T+, CMR",,0.9
2016,35230,Non,2070107,fosetyl,15845-66-6,Fongicide,Autre,,10.85
2016,35230,Non,2070107,propamocarbe,24579-73-5,Fongicide,Autre,,18.55
2016,35230,Non,2070221,metazachlore,67129-08-2,Herbicide,"T, T+, CMR",,18.4
2016,35230,Non,2070221,quinmerac,90717-03-6,Herbicide,N Organique,,4.6
2016,35230,Non,2080018,acetamipride,135410-20-7,Insecticide,N Organique,,0.002
2016,35230,Non,2080026,nicosulfuron,111991-09-4,Herbicide,N Organique,,14.52
2016,35230,Non,2080094,florasulame,145701-23-1,Herbicide,N Organique,,0.18
2016,35230,Non,2080094,isoxaben,82558-50-7,Herbicide,N Organique,,2.745
2016,35230,Non,2080101,acetamipride,135410-20-7,Insecticide,N Organique,,0.6
2016,35230,Non,2080112,thirame,137-26-8,Fongicide,N Organique,,16.032
2016,35230,Non,2080117,prosulfuron,94125-34-5,Herbicide,N Organique,,4.2375
2016,35230,Non,2080123,metsulfuron-methyl,74223-64-6,Herbicide,N Organique,,0.32
2016,35230,Non,2080124,metsulfuron-methyl,74223-64-6,Herbicide,N Organique,,0.168
2016,35230,Non,2080136,pyridate,55512-33-9,Herbicide,N Organique,,0.9
2016,35230,Non,2080145,diflufenicanil,83164-33-4,Herbicide,N Organique,,18
2016,35230,Non,2080145,flufenacet,142459-58-3,Herbicide,N Organique,,36
2016,35230,Non,2090008,thirame,137-26-8,Fongicide,N Organique,,0.65026
2016,35230,Non,2090016,imazamox,114311-32-9,Herbicide,N Organique,,1.336
2016,35230,Non,2090016,pendimethaline,40487-42-1,Herbicide,N Organique,,20.0
2016,35230,Non,2090024,sulcotrione,99105-77-8,Herbicide,"T, T+, CMR",,4.5
2016,35230,Non,2090037,dicamba,1918-00-9,Herbicide,N Organique,,32.5
2016,35230,Non,2090037,prosulfuron,94125-34-5,Herbicide,N Organique,,3.25
2016,35230,Non,2090041,cloquintocet-mexyl,99607-70-2,Autre usage – Coformulant / Phytoprotecteur / Synergiste,Autre,,1.1625
2016,35230,Non,2090041,pyroxsulame,422556-08-9,Herbicide,"T, T+, CMR",,1.1625
2016,35230,Non,2090042,cloquintocet-mexyl,99607-70-2,Autre usage – Coformulant / Phytoprotecteur / Synergiste,Autre,,1.403565
2016,35230,Non,2090042,florasulame,145701-23-1,Herbicide,N Organique,,0.46854
2016,35230,Non,2090042,pyroxsulame,422556-08-9,Herbicide,"T, T+, CMR",,1.403565
2016,35230,Non,2090054,metsulfuron-methyl,74223-64-6,Herbicide,N Organique,,0.41184
2016,35230,Non,2090054,tribenuron-methyle,101200-48-0,Herbicide,N Organique,,0.41184
2016,35230,Non,2090057,metsulfuron-methyl,74223-64-6,Herbicide,N Organique,,0.01665
2016,35230,Non,2090057,tribenuron-methyle,101200-48-0,Herbicide,N Organique,,0.0333
2016,35230,Non,2090060,deltamethrine,52918-63-5,Insecticide,"T, T+, CMR",,0.2
2016,35230,Non,2090060,thiaclopride,111988-49-9,Insecticide,"T, T+, CMR",,2
2016,35230,Non,2090069,bromoxynil,1689-84-5,Herbicide,"T, T+, CMR",,8.225
2016,35230,Non,2090071,bromoxynil,1689-84-5,Herbicide,"T, T+, CMR",,24.675
2016,35230,Non,2090072,florasulame,145701-23-1,Herbicide,N Organique,,0.450
2016,35230,Non,2090092,epoxiconazole,133855-98-8,Fongicide,"T, T+, CMR",,8.8125
2016,35230,Non,2090092,metconazole,125116-23-6,Fongicide,"T, T+, CMR",,6.4625
2016,35230,Non,2090113,dimethenamide-p (dmta-p),163515-14-8,Herbicide,N Organique,,27.625
2016,35230,Non,2090113,pendimethaline,40487-42-1,Herbicide,N Organique,,32.5
2016,35230,Non,2090115,glyphosate,1071-83-6,Herbicide,N Organique,,14.4
2016,35230,Non,2090116,glyphosate,1071-83-6,Herbicide,N Organique,,21.6
2016,35230,Non,2090153,dicamba,1918-00-9,Herbicide,N Organique,,2.4
2016,35230,Non,2090153,tritosulfuron,142469-14-5,Herbicide,N Organique,,0.5
2016,35230,Non,2090159,tritosulfuron,142469-14-5,Herbicide,N Organique,,5.79054
2016,35230,Non,2090160,glyphosate,1071-83-6,Herbicide,N Organique,,338.4
2016,35230,Non,2090186,prosulfocarbe,52888-80-9,Herbicide,N Organique,,224
2016,35230,Non,2100009,thifensulfuron-methyle,79277-27-3,Herbicide,N Organique,,0.25974
2016,35230,Non,2100009,tribenuron-methyle,101200-48-0,Herbicide,N Organique,,0.13026
2016,35230,Non,2100026,cypermethrine,52315-07-8,Insecticide,N Organique,,5.5
2016,35230,Non,2100028,fluroxypyr,69377-81-7,Herbicide,N Organique,,3
2016,35230,Non,2100030,phosphate ferrique,10045-86-0,Molluscicide,Autre,,11.286
2016,35230,Non,2100037,boscalid,188425-85-6,Fongicide,N Organique,,2
2016,35230,Non,2100037,dimoxystrobine,149961-52-4,Fongicide,"T, T+, CMR",,2
2016,35230,Non,2100056,prothioconazole,178928-70-6,Fongicide,"T, T+, CMR",,12.8
2016,35230,Non,2100056,spiroxamine,118134-30-8,Fongicide,N Organique,,24
2016,35230,Non,2100057,prothioconazole,178928-70-6,Fongicide,"T, T+, CMR",,7.875
2016,35230,Non,2100057,trifloxystrobine,141517-21-7,Fongicide,N Organique,,3.96
2016,35230,Non,2100069,metsulfuron-methyl,74223-64-6,Herbicide,N Organique,,0.21
2016,35230,Non,2100069,thifensulfuron-methyle,79277-27-3,Herbicide,N Organique,,2.04
2016,35230,Non,2100071,glyphosate,1071-83-6,Herbicide,N Organique,,14.4
2016,35230,Non,2100098,glyphosate,1071-83-6,Herbicide,N Organique,,214.2
2016,35230,Non,2100108,prothioconazole,178928-70-6,Fongicide,"T, T+, CMR",,4.375
2016,35230,Non,2100108,tebuconazole,107534-96-3,Fongicide,"T, T+, CMR",,4.375
2016,35230,Non,2100111,mesotrione,104206-82-8,Herbicide,N Organique,,7.500
2016,35230,Non,2100111,nicosulfuron,111991-09-4,Herbicide,N Organique,,3.00
2016,35230,Non,2100112,ethephon,16672-87-0,Régulateur de croissance,"T, T+, CMR",,16.8
2016,35230,Non,2100121,chlorantraniliprole,500008-45-7,Insecticide,N Organique,,4.74
2016,35230,Non,2100122,chlorantraniliprole,500008-45-7,Insecticide,N Organique,,0.42
2016,35230,Non,2100138,cloquintocet-mexyl,99607-70-2,Autre usage – Coformulant / Phytoprotecteur / Synergiste,Autre,,3.2500
2016,35230,Non,2100138,pinoxaden,243973-20-8,Herbicide,"T, T+, CMR",,13.00
2016,35230,Non,2100140,clodinafop-propargyl,105512-06-9,Herbicide,N Organique,,4.250
2016,35230,Non,2100140,cloquintocet-mexyl,99607-70-2,Autre usage – Coformulant / Phytoprotecteur / Synergiste,Autre,,1.06250
2016,35230,Non,2100140,pinoxaden,243973-20-8,Herbicide,"T, T+, CMR",,4.250
2016,35230,Non,2100154,chlorpyriphos-ethyl,2921-88-2,Insecticide,"T, T+, CMR",,22.5
2016,35230,Non,2100154,cypermethrine,52315-07-8,Insecticide,N Organique,,2.25
2016,35230,Non,2100204,diflufenicanil,83164-33-4,Herbicide,N Organique,,0.09
2016,35230,Non,2100204,flufenacet,142459-58-3,Herbicide,N Organique,,0.3
2016,35230,Non,2100204,glyphosate,1071-83-6,Herbicide,N Organique,,0.9
2016,35230,Non,2100214,clomazone,81777-89-1,Herbicide,N Organique,,1.08
2016,35230,Non,2100234,diflufenicanil,83164-33-4,Herbicide,N Organique,,7.2
2016,35230,Non,2100234,iodosulfuron-methyl-sodium,144550-36-7,Herbicide,N Organique,,0.45
2016,35230,Non,2100234,mefenpyr-diethyl,135590-91-9,Autre usage – Coformulant / Phytoprotecteur / Synergiste,Autre,,1.62
2016,35230,Non,2100234,mesosulfuron-methyl,208465-21-8,Herbicide,N Organique,,0.54
2016,35230,Non,2100245,prothioconazole,178928-70-6,Fongicide,"T, T+, CMR",,0.625
2016,35230,Non,2100245,tebuconazole,107534-96-3,Fongicide,"T, T+, CMR",,0.625
2016,35230,Non,2110018,difenoconazole,119446-68-3,Fongicide,N Organique,,0.8845
2016,35230,Non,2110018,fludioxonil,131341-86-1,Fongicide,N Organique,,0.8845
2016,35230,Non,2110059,bicarbonate de potassium,298-14-6,Fongicide,Autre,,4.25
2016,35230,Non,2110092,thifensulfuron-methyle,79277-27-3,Herbicide,N Organique,,1.08
2016,35230,Non,2110092,tribenuron-methyle,101200-48-0,Herbicide,N Organique,,1.08
2016,35230,Non,2110098,imazamox,114311-32-9,Herbicide,N Organique,,0.35
2016,35230,Non,2110098,metazachlore,67129-08-2,Herbicide,"T, T+, CMR",,7.5
2016,35230,Non,2110102,difenoconazole,119446-68-3,Fongicide,N Organique,,0.2005
2016,35230,Non,2110102,fludioxonil,131341-86-1,Fongicide,N Organique,,0.2005
2016,35230,Non,2110102,sedaxane,874967-67-6,Fongicide,N Organique,,0.401
2016,35230,Non,2110105,azoxystrobine,131860-33-8,Fongicide,"T, T+, CMR",,31.25
2016,35230,Non,2110109,cyprosulfamide,221667-31-8,Autre usage – Coformulant / Phytoprotecteur / Synergiste,Autre,,2.64
2016,35230,Non,2110109,isoxaflutole,141112-29-0,Herbicide,"T, T+, CMR",,4.0
2016,35230,Non,2110109,thiencarbazone-methyl,317815-83-1,Herbicide,"T, T+, CMR",,1.6
2016,35230,Non,2110121,thiaclopride,111988-49-9,Insecticide,"T, T+, CMR",,30.640
2016,35230,Non,2110148,bixafen,581809-46-3,Fongicide,N Organique,,2
2016,35230,Non,2110150,huile de colza,8002-13-9,Insecticide,Autre,,0.58275
2016,35230,Non,2110153,chlormequat chlorure,999-81-5,Régulateur de croissance,Autre,,70.5
2016,35230,Non,2110153,ethephon,16672-87-0,Régulateur de croissance,"T, T+, CMR",,35.25
2016,35230,Non,2110177,chlorothalonil,1897-45-6,Fongicide,"T, T+, CMR",,136.875
2016,35230,Non,2110177,cyproconazole,94361-06-5,Fongicide,"T, T+, CMR",,18.25
2016,35230,Non,2110177,propiconazole,60207-90-1,Fongicide,N Organique,,22.8125
2016,35230,Non,2110178,bixafen,581809-46-3,Fongicide,N Organique,,6.750
2016,35230,Non,2110178,prothioconazole,178928-70-6,Fongicide,"T, T+, CMR",,13.50
2016,35230,Non,2110181,bixafen,581809-46-3,Fongicide,N Organique,,6.000
2016,35230,Non,2110181,prothioconazole,178928-70-6,Fongicide,"T, T+, CMR",,8.0
2016,35230,Non,2110181,tebuconazole,107534-96-3,Fongicide,"T, T+, CMR",,8.0
2016,35230,Non,2110192,metsulfuron-methyl,74223-64-6,Herbicide,N Organique,,0.02
2016,35230,Non,2110198,glyphosate,1071-83-6,Herbicide,N Organique,,36.0
2016,35230,Non,2110201,boscalid,188425-85-6,Fongicide,N Organique,,0.7
2016,35230,Non,2110201,epoxiconazole,133855-98-8,Fongicide,"T, T+, CMR",,0.25
2016,35230,Non,2110201,pyraclostrobine,175013-18-0,Fongicide,"T, T+, CMR",,0.3
2016,35230,Non,2120008,glyphosate,1071-83-6,Herbicide,N Organique,,1.08
2016,35230,Non,2120018,glyphosate,1071-83-6,Herbicide,N Organique,,0.48
2016,35230,Non,2120034,glyphosate,1071-83-6,Herbicide,N Organique,,38.4
2016,35230,Non,2120048,aminopyralid,150114-71-9,Herbicide,N Organique,,0.96
2016,35230,Non,2120048,triclopyr,55335-06-3,Herbicide,N Organique,,7.68
2016,35230,Non,2120063,fluopicolide,239110-15-7,Fongicide,N Organique,,0.015625
2016,35230,Non,2120063,propamocarbe,24579-73-5,Fongicide,Autre,,0.15625
2016,35230,Non,2120066,dichlorprop-p,15165-67-0,Herbicide,Autre,,96
2016,35230,Non,2120066,picolinafen,137641-05-5,Herbicide,N Organique,,3.2
2016,35230,Non,2120070,prothioconazole,178928-70-6,Fongicide,"T, T+, CMR",,13.6
2016,35230,Non,2120070,tebuconazole,107534-96-3,Fongicide,"T, T+, CMR",,6.8
2016,35230,Non,2120075,dimethenamide-p (dmta-p),163515-14-8,Herbicide,N Organique,,22
2016,35230,Non,2120075,metazachlore,67129-08-2,Herbicide,"T, T+, CMR",,22
2016,35230,Non,2120075,quinmerac,90717-03-6,Herbicide,N Organique,,11.0
2016,35230,Non,2120089,diflufenicanil,83164-33-4,Herbicide,N Organique,,0.090
2016,35230,Non,2120089,glyphosate,1071-83-6,Herbicide,N Organique,,0.72
2016,35230,Non,2120089,mecoprop (mcpp),7085-19-0,Herbicide,N Organique,,0.36
2016,35230,Non,2120093,epoxiconazole,133855-98-8,Fongicide,"T, T+, CMR",,0.625
2016,35230,Non,2120118,"2,4-d",94-75-7,Herbicide,N Organique,,0.116
2016,35230,Non,2120118,triclopyr,55335-06-3,Herbicide,N Organique,,0.1294
2016,35230,Non,2120120,bentazone,25057-89-0,Herbicide,N Organique,,4.8
2016,35230,Non,2120120,imazamox,114311-32-9,Herbicide,N Organique,,0.224
2016,35230,Non,2120155,diflufenicanil,83164-33-4,Herbicide,N Organique,,0.018
2016,35230,Non,2120155,glyphosate,1071-83-6,Herbicide,N Organique,,0.144
2016,35230,Non,2120155,mecoprop (mcpp),7085-19-0,Herbicide,N Organique,,0.072
2016,35230,Non,2120160,bentazone,25057-89-0,Herbicide,N Organique,,14.4
2016,35230,Non,2120174,acide pelargonique,112-05-0,Herbicide,Autre,,0.3734
2016,35230,Non,2120174,hydrazide maleique,123-33-1,Régulateur de croissance,Autre,,0.06
2016,35230,Non,2120194,metsulfuron-methyl,74223-64-6,Herbicide,N Organique,,0.08
2016,35230,Non,2120205,epoxiconazole,133855-98-8,Fongicide,"T, T+, CMR",,17.888
2016,35230,Non,2120205,fluxapyroxad,907204-31-3,Fongicide,"T, T+, CMR",,17.888
2016,35230,Non,2120205,pyraclostrobine,175013-18-0,Fongicide,"T, T+, CMR",,28.638
2016,35230,Non,2120210,dicamba,1918-00-9,Herbicide,N Organique,,12.0
2016,35230,Non,2130063,nicosulfuron,111991-09-4,Herbicide,N Organique,,0.4
2016,35230,Non,2130068,diflufenicanil,83164-33-4,Herbicide,N Organique,,10.5
2016,35230,Non,2130075,metaldehyde,108-62-3,Molluscicide,Autre,,27.2
2016,35230,Non,2130083,lambda-cyhalothrine,91465-08-6,Insecticide,"T, T+, CMR",,0.3
2016,35230,Non,2130084,metaldehyde,108-62-3,Molluscicide,Autre,,4.32
2016,35230,Non,2130087,metaldehyde,108-62-3,Molluscicide,Autre,,0.8
2016,35230,Non,2130092,spiromesifen,283594-90-1,Insecticide,Autre,,1.68
2016,35230,Non,2130105,metaldehyde,108-62-3,Molluscicide,Autre,,16.32
2016,35230,Non,2130140,diflufenicanil,83164-33-4,Herbicide,N Organique,,3.6
2016,35230,Non,2130140,pendimethaline,40487-42-1,Herbicide,N Organique,,36
2016,35230,Non,2130164,foramsulfuron,173159-57-4,Herbicide,N Organique,,3.60
2016,35230,Non,2130164,thiencarbazone-methyl,317815-83-1,Herbicide,"T, T+, CMR",,1.20
2016,35230,Non,2130186,lambda-cyhalothrine,91465-08-6,Insecticide,"T, T+, CMR",,0.75
2016,35230,Non,2130196,chlorothalonil,1897-45-6,Fongicide,"T, T+, CMR",,7.5
2016,35230,Non,2130196,cyproconazole,94361-06-5,Fongicide,"T, T+, CMR",,1
2016,35230,Non,2130196,propiconazole,60207-90-1,Fongicide,N Organique,,1.25
2016,35230,Non,2130202,fluopyram,658066-35-4,Fongicide,"T, T+, CMR",,8.75
2016,35230,Non,2130202,prothioconazole,178928-70-6,Fongicide,"T, T+, CMR",,8.75
2016,35230,Non,2130253,"2,4-d",94-75-7,Herbicide,N Organique,,9.6
2016,35230,Non,2130253,glyphosate,1071-83-6,Herbicide,N Organique,,14.4
2016,35230,Non,2130266,bromuconazole,116255-48-2,Fongicide,N Organique,,3.34
2016,35230,Non,2130266,tebuconazole,107534-96-3,Fongicide,"T, T+, CMR",,2.14
2016,35230,Non,2140002,florasulame,145701-23-1,Herbicide,N Organique,,0.105
2016,35230,Non,2140034,mesotrione,104206-82-8,Herbicide,N Organique,,1
2016,35230,Non,2140082,trinexapac-ethyl,95266-40-3,Régulateur de croissance,N Organique,,1.75
2016,35230,Non,2140084,polysulfure de calcium,1344-81-6,Fongicide,N Organique,,14.616
2016,35230,Non,2140090,azadirachtine,11141-17-6,Insecticide,Autre,,0.049
2016,35230,Non,2140093,glyphosate,1071-83-6,Herbicide,N Organique,,54
2016,35230,Non,2140098,aminopyralid,150114-71-9,Herbicide,N Organique,,0.21080
2016,35230,Non,2140098,propyzamide,23950-58-5,Herbicide,"T, T+, CMR",,20.0
2016,35230,Non,2140121,acide pelargonique,112-05-0,Herbicide,Autre,,7.1277
2016,35230,Non,2140132,diflufenicanil,83164-33-4,Herbicide,N Organique,,6
2016,35230,Non,2140148,dicamba,1918-00-9,Herbicide,N Organique,,6.24
2016,35230,Non,2140153,trinexapac-ethyl,95266-40-3,Régulateur de croissance,N Organique,,1.25
2016,35230,Non,2140160,bacillus pumilus souche qst 2808,,Fongicide,Autre,,0.861
2016,35230,Non,2140173,fluxapyroxad,907204-31-3,Fongicide,"T, T+, CMR",,11.8750
2016,35230,Non,2140173,metconazole,125116-23-6,Fongicide,"T, T+, CMR",,8.550
2016,35230,Non,2140254,acide pelargonique,112-05-0,Herbicide,Autre,,6.8
2016,35230,Non,2140256,chlorpyriphos-methyl,5598-13-0,Insecticide,N Organique,,0.2250
2016,35230,Non,2140257,iodosulfuron-methyl-sodium,144550-36-7,Herbicide,N Organique,,0.02
2016,35230,Non,2140257,mefenpyr-diethyl,135590-91-9,Autre usage – Coformulant / Phytoprotecteur / Synergiste,Autre,,0.3
2016,35230,Non,2140257,mesosulfuron-methyl,208465-21-8,Herbicide,N Organique,,0.1
2016,35230,Non,2140258,iodosulfuron-methyl-sodium,144550-36-7,Herbicide,N Organique,,0.9375
2016,35230,Non,2140258,mesosulfuron-methyl,208465-21-8,Herbicide,N Organique,,0.9375
2016,35230,Non,2140266,epoxiconazole,133855-98-8,Fongicide,"T, T+, CMR",,1.68
2016,35230,Non,2140266,fluxapyroxad,907204-31-3,Fongicide,"T, T+, CMR",,1.68
2016,35230,Non,2140266,pyraclostrobine,175013-18-0,Fongicide,"T, T+, CMR",,2.72
2016,35230,Non,2150200,chlorothalonil,1897-45-6,Fongicide,"T, T+, CMR",,105.0
2016,35230,Non,2150484,clopyralid,1702-17-6,Herbicide,Autre,,3.9
2016,35230,Non,2150484,florasulame,145701-23-1,Herbicide,N Organique,,0.325
2016,35230,Non,5100219,soufre sublime,7704-34-9,Fongicide,Autre,,222.75
2016,35230,Non,6500402,"2,4-d",94-75-7,Herbicide,N Organique,,28.8
2016,35230,Non,7300221,chlortoluron,15545-48-9,Herbicide,"T, T+, CMR",,45
2016,35230,Non,7400815,chlormequat chlorure,999-81-5,Régulateur de croissance,Autre,,46
2016,35230,Non,7500540,chlorophacinone,3691-35-8,Rodenticide - Taupicide,Autre,,0.000120
2016,35230,Non,8200216,propiconazole,60207-90-1,Fongicide,N Organique,,2.5
2016,35230,Non,8200307,isoproturon,34123-59-6,Herbicide,"T, T+, CMR",,102.5
2016,35230,Non,8200538,"2,4-d",94-75-7,Herbicide,N Organique,,0.75
2016,35230,Non,8200538,"2,4-mcpa",94-74-6,Herbicide,N Organique,,0.875
2016,35230,Non,8200538,clopyralid (sous forme de sel de monoethanolamine),57754-85-5,Herbicide,Autre,,0.175
2016,35230,Non,8200575,cypermethrine,52315-07-8,Insecticide,N Organique,,1.5
2016,35230,Non,8300243,chlorothalonil,1897-45-6,Fongicide,"T, T+, CMR",,142.5
2016,35230,Non,8400096,dicamba,1918-00-9,Herbicide,N Organique,,15.84
2016,35230,Non,8400528,isoxaben,82558-50-7,Herbicide,N Organique,,7.500
2016,35230,Non,8400574,propyzamide,23950-58-5,Herbicide,"T, T+, CMR",,8
2016,35230,Non,8600068,methiocarbe,2032-65-7,Molluscicide,"T, T+, CMR",,0.4
2016,35230,Non,8600243,aclonifen,74070-46-5,Herbicide,"T, T+, CMR",,18
2016,35230,Non,8600349,huile vegetale,,SA non phyto - Divers,Autre,,0.06
2016,35230,Non,8600349,resines (colophane),8050-09-7,SA non phyto - Divers,Autre,,0.16
2016,35230,Non,8700240,diflufenicanil,83164-33-4,Herbicide,N Organique,,1.25
2016,35230,Non,8700240,isoproturon,34123-59-6,Herbicide,"T, T+, CMR",,10
2016,35230,Non,8700462,prosulfocarbe,52888-80-9,Herbicide,N Organique,,456
2016,35230,Non,8800011,carboxine,5234-68-4,Fongicide,N Organique,,0.9108
2016,35230,Non,8800011,thirame,137-26-8,Fongicide,N Organique,,0.9108
2016,35230,Non,8800199,propaquizafop,111479-05-1,Herbicide,N Organique,,2.2
2016,35230,Non,8800395,lambda-cyhalothrine,91465-08-6,Insecticide,"T, T+, CMR",,0.25
2016,35230,Non,8800395,pyrimicarbe,23103-98-2,Insecticide,"T, T+, CMR",,5
2016,35230,Non,8800827,chlortoluron,15545-48-9,Herbicide,"T, T+, CMR",,55
2016,35230,Non,8800827,isoxaben,82558-50-7,Herbicide,N Organique,,2.057
2016,35230,Non,8800841,difenoconazole,119446-68-3,Fongicide,N Organique,,0.125
2016,35230,Non,8900564,tau-fluvalinate,102851-06-9,Insecticide,N Organique,,1.92
2016,35230,Non,9000069,ethofumesate,26225-79-6,Herbicide,N Organique,,5
2016,35230,Non,9000184,"2,4-mcpa",94-74-6,Herbicide,N Organique,,38
2016,35230,Non,9000184,clopyralid (sous forme de sel de monoethanolamine),57754-85-5,Herbicide,Autre,,3.8
2016,35230,Non,9000184,fluroxypyr,69377-81-7,Herbicide,N Organique,,7.6
2016,35230,Non,9000259,amidosulfuron,120923-37-7,Herbicide,N Organique,,2.07
2016,35230,Non,9000471,glufosinate ammonium,77182-82-2,Herbicide,"T, T+, CMR",,1.5
2016,35230,Non,9000490,cycloxydime,101205-02-1,Herbicide,"T, T+, CMR",,5.0
2016,35230,Non,9100046,trinexapac-ethyl,95266-40-3,Régulateur de croissance,N Organique,,7.75
2016,35230,Non,9100231,metaldehyde,108-62-3,Molluscicide,Autre,,0.075
2016,35230,Non,9100418,nicosulfuron,111991-09-4,Herbicide,N Organique,,1.68
2016,35230,Non,9100505,glyphosate,1071-83-6,Herbicide,N Organique,,1.8
2016,35230,Non,9100558,cypermethrine,52315-07-8,Insecticide,N Organique,,0.000938
2016,35230,Non,9200091,imidaclopride,138261-41-3,Insecticide,N Organique,,32.4975
2016,35230,Non,9200135,cypermethrine,52315-07-8,Insecticide,N Organique,,0.002
2016,35230,Non,9200159,pyrimethanil,53112-28-0,Fongicide,N Organique,,4
2016,35230,Non,9200283,imidaclopride,138261-41-3,Insecticide,N Organique,,1.7675
2016,35230,Non,9200283,tebuconazole,107534-96-3,Fongicide,"T, T+, CMR",,0.07575
2016,35230,Non,9200283,triazoxide,72459-58-6,Fongicide,Autre,,0.0505
2016,35230,Non,9200313,fenazaquin,120928-09-8,Insecticide - Acaricide,"T, T+, CMR",,0.2
2016,35230,Non,9200392,"2,4-mcpa",94-74-6,Herbicide,N Organique,,1.4
2016,35230,Non,9200392,clopyralid (sous forme de sel de monoethanolamine),57754-85-5,Herbicide,Autre,,0.14
2016,35230,Non,9200392,fluroxypyr,69377-81-7,Herbicide,N Organique,,0.28
2016,35230,Non,9200461,chlormequat chlorure,999-81-5,Régulateur de croissance,Autre,,58.650
2016,35230,Non,9200461,mepiquat-chlorure,24307-26-4,Régulateur de croissance,N Organique,,19.550
2016,35230,Non,9200532,polybutene,9003-29-6,SA non phyto - Divers,Autre,,0.52
2016,35230,Non,9200532,polyisobutene,115-11-7,SA non phyto - Divers,Autre,,0.28
2016,35230,Non,9300189,fluroxypyr,69377-81-7,Herbicide,N Organique,,0.05
2016,35230,Non,9300189,triclopyr,55335-06-3,Herbicide,N Organique,,0.15
2016,35230,Non,9300309,zetacypermethrine,52315-07-8,Insecticide,"T, T+, CMR",,0.4
2016,35230,Non,9300396,chlormequat chlorure,999-81-5,Régulateur de croissance,Autre,,41.4
2016,35230,Non,9300396,chlorure de choline,67-48-1,Autre usage – Coformulant / Phytoprotecteur / Synergiste,Autre,,28.8
2016,35230,Non,9400067,dicamba,1918-00-9,Herbicide,N Organique,,2.8
2016,35230,Non,9400109,"2,4-d",94-75-7,Herbicide,N Organique,,0.161
2016,35230,Non,9400109,dicamba,1918-00-9,Herbicide,N Organique,,0.023
2016,35230,Non,9400134,diflufenicanil,83164-33-4,Herbicide,N Organique,,5.1
2016,35230,Non,9400134,flurtamone,96525-23-4,Herbicide,N Organique,,12.75
2016,35230,Non,9400162,glyphosate,1071-83-6,Herbicide,N Organique,,7.2
2016,35230,Non,9400367,chlorothalonil,1897-45-6,Fongicide,"T, T+, CMR",,18.75
2016,35230,Non,9400367,cyproconazole,94361-06-5,Fongicide,"T, T+, CMR",,2
2016,35230,Non,9400495,glyphosate,1071-83-6,Herbicide,N Organique,,10.44
2016,35230,Non,9500011,prochloraze,67747-09-5,Fongicide,N Organique,,4.5
2016,35230,Non,9500135,metaldehyde,108-62-3,Molluscicide,Autre,,1
2016,35230,Non,9500159,glyphosate,1071-83-6,Herbicide,N Organique,,25.2
2016,35230,Non,9500223,prochloraze,67747-09-5,Fongicide,N Organique,,8.013
2016,35230,Non,9500223,tebuconazole,107534-96-3,Fongicide,"T, T+, CMR",,3.975
2016,35230,Non,9500541,prochloraze,67747-09-5,Fongicide,N Organique,,6.75
2016,35230,Non,9500568,cyprodinil,121552-61-2,Fongicide,N Organique,,2.25
2016,35230,Non,9500568,fludioxonil,131341-86-1,Fongicide,N Organique,,1.5
2016,35230,Non,9500581,chlormequat chlorure,999-81-5,Régulateur de croissance,Autre,,34.5
2016,35230,Non,9500581,ethephon,16672-87-0,Régulateur de croissance,"T, T+, CMR",,17.25
2016,35230,Non,9500595,"2,4-d",94-75-7,Herbicide,N Organique,,0.15
2016,35230,Non,9500595,"2,4-mcpa",94-74-6,Herbicide,N Organique,,0.175
2016,35230,Non,9500595,clopyralid,1702-17-6,Herbicide,Autre,,0.035
2016,35230,Non,9600093,azoxystrobine,131860-33-8,Fongicide,"T, T+, CMR",,3.75
2016,35230,Non,9600197,carfentrazone ethyl,128639-02-1,Herbicide,N Organique,,2.16
2016,35230,Non,9600197,metsulfuron-methyl,74223-64-6,Herbicide,N Organique,,0.54
2016,35230,Non,9600392,chlormequat chlorure,999-81-5,Régulateur de croissance,Autre,,29.44
2016,35230,Non,9600392,imazaquine,81335-37-7,Régulateur de croissance,N Organique,,0.064
2016,35230,Non,9600550,diflufenicanil,83164-33-4,Herbicide,N Organique,,0.24
2016,35230,Non,9600550,glyphosate,1071-83-6,Herbicide,N Organique,,1.5
2016,35230,Non,9700027,hexythiazox,78587-05-0,Insecticide - Acaricide,N Organique,,0.1
2016,35230,Non,9700396,pyrimethanil,53112-28-0,Fongicide,N Organique,,0.8
2016,35230,Non,9700558,ethephon,16672-87-0,Régulateur de croissance,"T, T+, CMR",,7.2
2016,35230,Non,9800018,clomazone,81777-89-1,Herbicide,N Organique,,0.6
2016,35230,Non,9800018,dimethachlore,50563-36-5,Herbicide,N Organique,,3.75
2016,35230,Non,9800018,napropamide,15299-99-7,Herbicide,N Organique,,3.75
2016,35230,Non,9800076,virus de la granulose,,Insecticide,Autre,,
2016,35230,Non,9800144,indoxacarbe,173584-44-6,Insecticide,"T, T+, CMR",,1.2
2016,35230,Non,9800182,s-metolachlore,87392-12-9,Herbicide,N Organique,,33.6
2016,35230,Non,9800219,ethephon,16672-87-0,Régulateur de croissance,"T, T+, CMR",,3
2016,35230,Non,9800236,glyphosate,1071-83-6,Herbicide,N Organique,,3.6
2016,35230,Non,9800277,florasulame,145701-23-1,Herbicide,N Organique,,0.025
2016,35230,Non,9800336,lambda-cyhalothrine,91465-08-6,Insecticide,"T, T+, CMR",,0.2
2016,35230,Non,9800344,fludioxonil,131341-86-1,Fongicide,N Organique,,0.29700
2016,35230,Non,9800344,metalaxyl-m,70630-17-0,Fongicide,Autre,,0.115236
2016,35230,Non,9800365,oxyfluorfene,42874-03-3,Herbicide,"T, T+, CMR",,0.3
2016,35230,Non,9800365,propyzamide,23950-58-5,Herbicide,"T, T+, CMR",,0.84
2016,35230,Non,9800374,sulfosulfuron,141776-32-1,Herbicide,N Organique,,0.304
2016,35230,Non,9800392,dodine,2439-10-3,Fongicide,"T, T+, CMR",,4
2016,35230,Non,9800453,cyproconazole,94361-06-5,Fongicide,"T, T+, CMR",,20.8
2016,35230,Non,9800453,prochloraze,67747-09-5,Fongicide,N Organique,,78.0
2016,35230,Non,9900014,cypermethrine,52315-07-8,Insecticide,N Organique,,0.025
2016,35230,Non,9900016,bromoxynil octanoate,1689-99-2,Herbicide,"T, T+, CMR",,1.125
2016,35230,Non,9900047,mesotrione,104206-82-8,Herbicide,N Organique,,25.3
2016,35230,Non,9900138,oxyfluorfene,42874-03-3,Herbicide,"T, T+, CMR",,0.268
2016,35230,Non,9900138,propyzamide,23950-58-5,Herbicide,"T, T+, CMR",,0.714
2016,35230,Non,9900206,picoxystrobine,117428-22-5,Fongicide,N Organique,,7.5
2016,35230,Non,9900251,dimethenamide-p (dmta-p),163515-14-8,Herbicide,N Organique,,57.6
2016,35230,Non,9900269,glyphosate,1071-83-6,Herbicide,N Organique,,96
2016,35230,Non,9900331,chlorothalonil,1897-45-6,Fongicide,"T, T+, CMR",,1
2016,35230,Non,9900331,metalaxyl-m,70630-17-0,Fongicide,Autre,,0.0726
2016,35230,Non,9900412,fluroxypyr,69377-81-7,Herbicide,N Organique,,2.2
2016,35230,Non,9900446,cymoxanil,57966-95-7,Fongicide,"T, T+, CMR",,0.05
2016,35230,Non,9900446,fludioxonil,131341-86-1,Fongicide,N Organique,,0.025
2016,35230,Non,9900446,metalaxyl-m,70630-17-0,Fongicide,Autre,,0.0848
2016,35235,Non,2000003,metazachlore,67129-08-2,Herbicide,"T, T+, CMR",,0.035
2016,35235,Non,2000044,fluazifop-p-butyl,79241-46-6,Herbicide,"T, T+, CMR",,0.25
2016,35235,Non,2000299,clomazone,81777-89-1,Herbicide,N Organique,,0.36
2016,35235,Non,2000536,1-dodecanol,112-53-8,Insecticide - Médiateur chimique,N Organique,,2.142
2016,35235,Non,2000536,1-tetradecanol,112-72-1,Insecticide - Médiateur chimique,N Organique,,0.497
2016,35235,Non,2000536,"e8,e10-dodecadiene-1-ol",33956-49-9,Insecticide - Médiateur chimique,N Organique,,3.668
2016,35235,Non,2010023,deltamethrine,52918-63-5,Insecticide,"T, T+, CMR",,0.075
2016,35235,Non,2010280,metconazole,125116-23-6,Fongicide,"T, T+, CMR",,1.8
2016,35235,Non,2010419,iodosulfuron-methyl-sodium,144550-36-7,Herbicide,N Organique,,0.036
2016,35235,Non,2010419,mefenpyr-diethyl,135590-91-9,Autre usage – Coformulant / Phytoprotecteur / Synergiste,Autre,,0.54
2016,35235,Non,2010419,mesosulfuron-methyl,208465-21-8,Herbicide,N Organique,,0.18
2016,35235,Non,2010425,metsulfuron-methyl,74223-64-6,Herbicide,N Organique,,0.02
2016,35235,Non,2010427,quizalofop-p-ethyl,100646-51-3,Herbicide,N Organique,,1.8
2016,35235,Non,2010628,trifloxystrobine,141517-21-7,Fongicide,N Organique,,0.5
2016,35235,Non,2010632,prohexadione-calcium,127277-53-6,Régulateur de croissance,N Organique,,0.5
2016,35235,Non,2010640,acide alpha naphtylacetique (ana),86-87-3,Régulateur de croissance,N Organique,,0.1
2016,35235,Non,2020049,iodosulfuron-methyl-sodium,144550-36-7,Herbicide,N Organique,,0.0108
2016,35235,Non,2020049,mefenpyr-diethyl,135590-91-9,Autre usage – Coformulant / Phytoprotecteur / Synergiste,Autre,,0.162
2016,35235,Non,2020049,mesosulfuron-methyl,208465-21-8,Herbicide,N Organique,,0.054
2016,35235,Non,2020099,trifloxystrobine,141517-21-7,Fongicide,N Organique,,0.5
2016,35235,Non,2020474,metazachlore,67129-08-2,Herbicide,"T, T+, CMR",,5
2016,35235,Non,2030174,rimsulfuron,122931-48-0,Herbicide,N Organique,,0.03
2016,35235,Non,2030255,tebuconazole,107534-96-3,Fongicide,"T, T+, CMR",,7.5
2016,35235,Non,2030342,chlormequat chlorure,999-81-5,Régulateur de croissance,Autre,,9.2
2016,35235,Non,2030342,chlorure de choline,67-48-1,Autre usage – Coformulant / Phytoprotecteur / Synergiste,Autre,,6.4
2016,35235,Non,2030404,pendimethaline,40487-42-1,Herbicide,N Organique,,4
2016,35235,Non,2040330,cymoxanil,57966-95-7,Fongicide,"T, T+, CMR",,0.4
2016,35235,Non,2040330,mancozebe,8018-01-7,Fongicide,"T, T+, CMR",,4.65
2016,35235,Non,2060045,huile vegetale,,SA non phyto - Divers,Autre,,0.175
2016,35235,Non,2060045,resines (colophane),8050-09-7,SA non phyto - Divers,Autre,,1.7
2016,35235,Non,2060084,boscalid,188425-85-6,Fongicide,N Organique,,1.335
2016,35235,Non,2060084,pyraclostrobine,175013-18-0,Fongicide,"T, T+, CMR",,0.335
2016,35235,Non,2060088,benoxacor,98730-04-2,Autre usage – Coformulant / Phytoprotecteur / Synergiste,Autre,,1.4
2016,35235,Non,2060088,mesotrione,104206-82-8,Herbicide,N Organique,,2.8
2016,35235,Non,2060088,s-metolachlore,87392-12-9,Herbicide,N Organique,,28
2016,35235,Non,2060098,spinosad,168316-95-8,Insecticide,N Organique,,0.96
2016,35235,Non,2060133,thiaclopride,111988-49-9,Insecticide,"T, T+, CMR",,0.96
2016,35235,Non,2060134,captane,133-06-2,Fongicide,"T, T+, CMR",,56
2016,35235,Non,2060175,metaldehyde,108-62-3,Molluscicide,Autre,,2.31
2016,35235,Non,2070107,fosetyl,15845-66-6,Fongicide,Autre,,1.55
2016,35235,Non,2070107,propamocarbe,24579-73-5,Fongicide,Autre,,2.65
2016,35235,Non,2070221,metazachlore,67129-08-2,Herbicide,"T, T+, CMR",,3.2
2016,35235,Non,2070221,quinmerac,90717-03-6,Herbicide,N Organique,,0.8
2016,35235,Non,2080070,boscalid,188425-85-6,Fongicide,N Organique,,1.26
2016,35235,Non,2080070,pyraclostrobine,175013-18-0,Fongicide,"T, T+, CMR",,0.64
2016,35235,Non,2080094,florasulame,145701-23-1,Herbicide,N Organique,,0.02
2016,35235,Non,2080094,isoxaben,82558-50-7,Herbicide,N Organique,,0.305
2016,35235,Non,2080101,acetamipride,135410-20-7,Insecticide,N Organique,,0.6
2016,35235,Non,2080112,thirame,137-26-8,Fongicide,N Organique,,0.0288
2016,35235,Non,2080117,prosulfuron,94125-34-5,Herbicide,N Organique,,2.7375
2016,35235,Non,2080123,metsulfuron-methyl,74223-64-6,Herbicide,N Organique,,0.196
2016,35235,Non,2080145,diflufenicanil,83164-33-4,Herbicide,N Organique,,2
2016,35235,Non,2080145,flufenacet,142459-58-3,Herbicide,N Organique,,4
2016,35235,Non,2090016,imazamox,114311-32-9,Herbicide,N Organique,,0.835
2016,35235,Non,2090016,pendimethaline,40487-42-1,Herbicide,N Organique,,12.5
2016,35235,Non,2090019,6-benzyladenine,1214-39-7,Régulateur de croissance,"T, T+, CMR",,0.2
2016,35235,Non,2090038,beflubutamide,113614-08-7,Herbicide,N Organique,,1.7
2016,35235,Non,2090038,isoproturon,34123-59-6,Herbicide,"T, T+, CMR",,10
2016,35235,Non,2090042,cloquintocet-mexyl,99607-70-2,Autre usage – Coformulant / Phytoprotecteur / Synergiste,Autre,,0.112695
2016,35235,Non,2090042,florasulame,145701-23-1,Herbicide,N Organique,,0.03762
2016,35235,Non,2090042,pyroxsulame,422556-08-9,Herbicide,"T, T+, CMR",,0.112695
2016,35235,Non,2090054,metsulfuron-methyl,74223-64-6,Herbicide,N Organique,,0.03575
2016,35235,Non,2090054,tribenuron-methyle,101200-48-0,Herbicide,N Organique,,0.03575
2016,35235,Non,2090055,6-benzyladenine,1214-39-7,Régulateur de croissance,"T, T+, CMR",,1.0
2016,35235,Non,2090069,bromoxynil,1689-84-5,Herbicide,"T, T+, CMR",,1.175
2016,35235,Non,2090092,epoxiconazole,133855-98-8,Fongicide,"T, T+, CMR",,0.75
2016,35235,Non,2090092,metconazole,125116-23-6,Fongicide,"T, T+, CMR",,0.55
2016,35235,Non,2090094,thiophanate-methyl,23564-05-8,Fongicide,"T, T+, CMR",,3.52
2016,35235,Non,2090103,soufre pour pulverisation (micronise),7704-34-9,Fongicide,Autre,,140
2016,35235,Non,2090104,penconazole,66246-88-6,Fongicide,"T, T+, CMR",,0.5
2016,35235,Non,2090160,glyphosate,1071-83-6,Herbicide,N Organique,,14.4
2016,35235,Non,2100009,thifensulfuron-methyle,79277-27-3,Herbicide,N Organique,,0.23976
2016,35235,Non,2100009,tribenuron-methyle,101200-48-0,Herbicide,N Organique,,0.12024
2016,35235,Non,2100015,thifensulfuron-methyle,79277-27-3,Herbicide,N Organique,,0.09
2016,35235,Non,2100056,prothioconazole,178928-70-6,Fongicide,"T, T+, CMR",,1.6
2016,35235,Non,2100056,spiroxamine,118134-30-8,Fongicide,N Organique,,3
2016,35235,Non,2100064,clothianidine,210880-92-5,Insecticide,N Organique,,0.3
2016,35235,Non,2100065,metsulfuron-methyl,74223-64-6,Herbicide,N Organique,,0.0306
2016,35235,Non,2100065,thifensulfuron-methyle,79277-27-3,Herbicide,N Organique,,0.3069
2016,35235,Non,2100069,metsulfuron-methyl,74223-64-6,Herbicide,N Organique,,0.035
2016,35235,Non,2100069,thifensulfuron-methyle,79277-27-3,Herbicide,N Organique,,0.34
2016,35235,Non,2100071,glyphosate,1071-83-6,Herbicide,N Organique,,14.4
2016,35235,Non,2100102,glyphosate,1071-83-6,Herbicide,N Organique,,3.6
2016,35235,Non,2100111,mesotrione,104206-82-8,Herbicide,N Organique,,2.625
2016,35235,Non,2100111,nicosulfuron,111991-09-4,Herbicide,N Organique,,1.05
2016,35235,Non,2100112,ethephon,16672-87-0,Régulateur de croissance,"T, T+, CMR",,2.4
2016,35235,Non,2100138,cloquintocet-mexyl,99607-70-2,Autre usage – Coformulant / Phytoprotecteur / Synergiste,Autre,,0.125
2016,35235,Non,2100138,pinoxaden,243973-20-8,Herbicide,"T, T+, CMR",,0.5
2016,35235,Non,2100140,clodinafop-propargyl,105512-06-9,Herbicide,N Organique,,0.625
2016,35235,Non,2100140,cloquintocet-mexyl,99607-70-2,Autre usage – Coformulant / Phytoprotecteur / Synergiste,Autre,,0.15625
2016,35235,Non,2100140,pinoxaden,243973-20-8,Herbicide,"T, T+, CMR",,0.625
2016,35235,Non,2100164,fluroxypyr,69377-81-7,Herbicide,N Organique,,2
2016,35235,Non,2100231,emamectine benzoate,155569-91-8,Insecticide,"T, T+, CMR",,0.19
2016,35235,Non,2110004,propyzamide,23950-58-5,Herbicide,"T, T+, CMR",,4
2016,35235,Non,2110012,cyazofamide,120116-88-3,Fongicide,N Organique,,0.48
2016,35235,Non,2110013,bromoxynil,1689-84-5,Herbicide,"T, T+, CMR",,0.8032
2016,35235,Non,2110018,difenoconazole,119446-68-3,Fongicide,N Organique,,0.01275
2016,35235,Non,2110018,fludioxonil,131341-86-1,Fongicide,N Organique,,0.01275
2016,35235,Non,2110086,spirotetramat,203313-25-1,Insecticide,"T, T+, CMR",,0.5
2016,35235,Non,2110102,difenoconazole,119446-68-3,Fongicide,N Organique,,0.075
2016,35235,Non,2110102,fludioxonil,131341-86-1,Fongicide,N Organique,,0.075
2016,35235,Non,2110102,sedaxane,874967-67-6,Fongicide,N Organique,,0.15
2016,35235,Non,2110104,clopyralid (sous forme de sel de monoethanolamine),57754-85-5,Herbicide,Autre,,0.24
2016,35235,Non,2110104,florasulame,145701-23-1,Herbicide,N Organique,,0.0075
2016,35235,Non,2110104,fluroxypyr,69377-81-7,Herbicide,N Organique,,0.3
2016,35235,Non,2110105,azoxystrobine,131860-33-8,Fongicide,"T, T+, CMR",,6.25
2016,35235,Non,2110141,dimethomorphe,110488-70-5,Fongicide,N Organique,,0.36
2016,35235,Non,2110141,pyraclostrobine,175013-18-0,Fongicide,"T, T+, CMR",,0.2
2016,35235,Non,2110177,chlorothalonil,1897-45-6,Fongicide,"T, T+, CMR",,7.5
2016,35235,Non,2110177,cyproconazole,94361-06-5,Fongicide,"T, T+, CMR",,1
2016,35235,Non,2110177,propiconazole,60207-90-1,Fongicide,N Organique,,1.25
2016,35235,Non,2110181,bixafen,581809-46-3,Fongicide,N Organique,,0.375
2016,35235,Non,2110181,prothioconazole,178928-70-6,Fongicide,"T, T+, CMR",,0.5
2016,35235,Non,2110181,tebuconazole,107534-96-3,Fongicide,"T, T+, CMR",,0.5
2016,35235,Non,2110198,glyphosate,1071-83-6,Herbicide,N Organique,,14.4
2016,35235,Non,2120034,glyphosate,1071-83-6,Herbicide,N Organique,,19.2
2016,35235,Non,2120048,aminopyralid,150114-71-9,Herbicide,N Organique,,0.09
2016,35235,Non,2120048,triclopyr,55335-06-3,Herbicide,N Organique,,0.72
2016,35235,Non,2120066,dichlorprop-p,15165-67-0,Herbicide,Autre,,18
2016,35235,Non,2120066,picolinafen,137641-05-5,Herbicide,N Organique,,0.6
2016,35235,Non,2120120,bentazone,25057-89-0,Herbicide,N Organique,,2.4
2016,35235,Non,2120120,imazamox,114311-32-9,Herbicide,N Organique,,0.112
2016,35235,Non,2120205,epoxiconazole,133855-98-8,Fongicide,"T, T+, CMR",,0.416
2016,35235,Non,2120205,fluxapyroxad,907204-31-3,Fongicide,"T, T+, CMR",,0.416
2016,35235,Non,2120205,pyraclostrobine,175013-18-0,Fongicide,"T, T+, CMR",,0.666
2016,35235,Non,2130067,cyflufenamid,180409-60-3,Fongicide,N Organique,,0.25
2016,35235,Non,2130068,diflufenicanil,83164-33-4,Herbicide,N Organique,,2.5
2016,35235,Non,2130084,metaldehyde,108-62-3,Molluscicide,Autre,,0.96
2016,35235,Non,2130152,fluopyram,658066-35-4,Fongicide,"T, T+, CMR",,0.75
2016,35235,Non,2130152,trifloxystrobine,141517-21-7,Fongicide,N Organique,,0.75
2016,35235,Non,2130247,trinexapac-ethyl,95266-40-3,Régulateur de croissance,N Organique,,1.25
2016,35235,Non,2140098,aminopyralid,150114-71-9,Herbicide,N Organique,,0.1054
2016,35235,Non,2140098,propyzamide,23950-58-5,Herbicide,"T, T+, CMR",,10
2016,35235,Non,2140160,bacillus pumilus souche qst 2808,,Fongicide,Autre,,0.1435
2016,35235,Non,2140173,fluxapyroxad,907204-31-3,Fongicide,"T, T+, CMR",,2.8125
2016,35235,Non,2140173,metconazole,125116-23-6,Fongicide,"T, T+, CMR",,2.025
2016,35235,Non,2140197,penthiopyrad,183675-82-3,Fongicide,N Organique,,0.352
2016,35235,Non,2140256,chlorpyriphos-methyl,5598-13-0,Insecticide,N Organique,,0.225
2016,35235,Non,2150200,chlorothalonil,1897-45-6,Fongicide,"T, T+, CMR",,15
2016,35235,Non,2150280,imidaclopride,138261-41-3,Insecticide,N Organique,,1.044
2016,35235,Non,2150443,dithianon,3347-22-6,Fongicide,"T, T+, CMR",,2.4
2016,35235,Non,2150443,pyraclostrobine,175013-18-0,Fongicide,"T, T+, CMR",,0.8
2016,35235,Non,6500402,"2,4-d",94-75-7,Herbicide,N Organique,,4.8
2016,35235,Non,7400755,acide alpha naphtylacetique (ana),86-87-3,Régulateur de croissance,N Organique,,0.15
2016,35235,Non,7600008,bupirimate,41483-43-6,Fongicide,N Organique,,2.25
2016,35235,Non,8100291,metazachlore,67129-08-2,Herbicide,"T, T+, CMR",,0.04
2016,35235,Non,8200216,propiconazole,60207-90-1,Fongicide,N Organique,,0.5
2016,35235,Non,8400096,dicamba,1918-00-9,Herbicide,N Organique,,0.96
2016,35235,Non,8400477,fenoxycarbe,72490-01-8,Insecticide,"T, T+, CMR",,1.00
2016,35235,Non,8400528,isoxaben,82558-50-7,Herbicide,N Organique,,0.625
2016,35235,Non,8400574,propyzamide,23950-58-5,Herbicide,"T, T+, CMR",,8
2016,35235,Non,8700462,prosulfocarbe,52888-80-9,Herbicide,N Organique,,80
2016,35235,Non,8800417,captane,133-06-2,Fongicide,"T, T+, CMR",,9.6
2016,35235,Non,8800488,chlorothalonil,1897-45-6,Fongicide,"T, T+, CMR",,2.5
2016,35235,Non,8800498,acide alpha naphtylacetique (ana),86-87-3,Régulateur de croissance,N Organique,,0.0086
2016,35235,Non,8800498,alpha naphtyl acetamide (nad),86-86-2,Régulateur de croissance,N Organique,,0.0236
2016,35235,Non,8900153,isoproturon,34123-59-6,Herbicide,"T, T+, CMR",,5
2016,35235,Non,8900681,pendimethaline,40487-42-1,Herbicide,N Organique,,4
2016,35235,Non,9000184,"2,4-mcpa",94-74-6,Herbicide,N Organique,,11
2016,35235,Non,9000184,clopyralid (sous forme de sel de monoethanolamine),57754-85-5,Herbicide,Autre,,1.1
2016,35235,Non,9000184,fluroxypyr,69377-81-7,Herbicide,N Organique,,2.2
2016,35235,Non,9000471,glufosinate ammonium,77182-82-2,Herbicide,"T, T+, CMR",,11.25
2016,35235,Non,9100046,trinexapac-ethyl,95266-40-3,Régulateur de croissance,N Organique,,1.75
2016,35235,Non,9200091,imidaclopride,138261-41-3,Insecticide,N Organique,,1.995
2016,35235,Non,9200392,"2,4-mcpa",94-74-6,Herbicide,N Organique,,1
2016,35235,Non,9200392,clopyralid (sous forme de sel de monoethanolamine),57754-85-5,Herbicide,Autre,,0.1
2016,35235,Non,9200392,fluroxypyr,69377-81-7,Herbicide,N Organique,,0.2
2016,35235,Non,9300186,tebuconazole,107534-96-3,Fongicide,"T, T+, CMR",,1
2016,35235,Non,9300309,zetacypermethrine,52315-07-8,Insecticide,"T, T+, CMR",,0.1
2016,35235,Non,9400012,tetraconazole,112281-77-3,Fongicide,N Organique,,0.5
2016,35235,Non,9400052,clethodime,99129-21-2,Herbicide,N Organique,,2.4
2016,35235,Non,9400134,diflufenicanil,83164-33-4,Herbicide,N Organique,,0.2
2016,35235,Non,9400134,flurtamone,96525-23-4,Herbicide,N Organique,,0.5
2016,35235,Non,9400354,glyphosate,1071-83-6,Herbicide,N Organique,,7.2
2016,35235,Non,9400367,chlorothalonil,1897-45-6,Fongicide,"T, T+, CMR",,3.75
2016,35235,Non,9400367,cyproconazole,94361-06-5,Fongicide,"T, T+, CMR",,0.4
2016,35235,Non,9500135,metaldehyde,108-62-3,Molluscicide,Autre,,1
2016,35235,Non,9500302,cuivre du sulfate de cuivre,8011-63-0,Fongicide,N minéral,,12
2016,35235,Non,9500467,triclopyr,55335-06-3,Herbicide,N Organique,,0.1
2016,35235,Non,9500568,cyprodinil,121552-61-2,Fongicide,N Organique,,0.75
2016,35235,Non,9500568,fludioxonil,131341-86-1,Fongicide,N Organique,,0.5
2016,35235,Non,9600025,fosetyl-aluminium,39148-24-8,Fongicide,Autre,,14.4
2016,35235,Non,9600395,dithianon,3347-22-6,Fongicide,"T, T+, CMR",,17.5
2016,35235,Non,9600398,kresoxim-methyl,143390-89-0,Fongicide,"T, T+, CMR",,0.5
2016,35235,Non,9700278,alphamethrine,67375-30-8,Insecticide,"T, T+, CMR",,0.15
2016,35235,Non,9700396,pyrimethanil,53112-28-0,Fongicide,N Organique,,3.2
2016,35235,Non,9800018,clomazone,81777-89-1,Herbicide,N Organique,,0.9
2016,35235,Non,9800018,dimethachlore,50563-36-5,Herbicide,N Organique,,5.625
2016,35235,Non,9800018,napropamide,15299-99-7,Herbicide,N Organique,,5.625
2016,35235,Non,9800076,virus de la granulose,,Insecticide,Autre,,
2016,35235,Non,9800098,metamitrone,41394-05-2,Herbicide,N Organique,,0.9
2016,35235,Non,9800182,s-metolachlore,87392-12-9,Herbicide,N Organique,,4.8
2016,35235,Non,9800219,ethephon,16672-87-0,Régulateur de croissance,"T, T+, CMR",,0.6
2016,35235,Non,9800336,lambda-cyhalothrine,91465-08-6,Insecticide,"T, T+, CMR",,0.225
2016,35235,Non,9800392,dodine,2439-10-3,Fongicide,"T, T+, CMR",,12
2016,35235,Non,9800474,cuivre du sulfate de cuivre,8011-63-0,Fongicide,N minéral,,18
2016,35235,Non,9800477,bentazone,25057-89-0,Herbicide,N Organique,,6.4
2016,35235,Non,9800477,dicamba,1918-00-9,Herbicide,N Organique,,1.8
2016,35235,Non,9900047,mesotrione,104206-82-8,Herbicide,N Organique,,0.5
2016,35235,Non,9900206,picoxystrobine,117428-22-5,Fongicide,N Organique,,1.25
2016,35235,Non,9900242,mancozebe,8018-01-7,Fongicide,"T, T+, CMR",,60.0
2016,35235,Non,9900354,cuivre de l'hydroxyde de cuivre,20427-59-2,Fongicide,"T, T+, CMR",,7
2016,35235,Non,9900390,huile de vaseline,8042-47-5,Insecticide - Acaricide,Autre,,32.68
2016,35250,Non,2000046,ethofumesate,26225-79-6,Herbicide,N Organique,,0.75
2016,35250,Non,2000046,metamitrone,41394-05-2,Herbicide,N Organique,,1.75
2016,35250,Non,2000201,silthiofam,175217-20-6,Fongicide,N Organique,,0.02375
2016,35250,Non,2000202,glyphosate,1071-83-6,Herbicide,N Organique,,1.8
2016,35250,Non,2000299,clomazone,81777-89-1,Herbicide,N Organique,,8.64
2016,35250,Non,2000301,foramsulfuron,173159-57-4,Herbicide,N Organique,,2.475
2016,35250,Non,2000301,isoxadifen-ethyl,163520-33-0,Autre usage – Coformulant / Phytoprotecteur / Synergiste,N Organique,,2.475
2016,35250,Non,2000324,deltamethrine,52918-63-5,Insecticide,"T, T+, CMR",,0.2
2016,35250,Non,2000369,metsulfuron-methyl,74223-64-6,Herbicide,N Organique,,0.08
2016,35250,Non,2010239,florasulame,145701-23-1,Herbicide,N Organique,,0.065
2016,35250,Non,2010239,fluroxypyr,69377-81-7,Herbicide,N Organique,,6.5
2016,35250,Non,2010280,metconazole,125116-23-6,Fongicide,"T, T+, CMR",,23.4
2016,35250,Non,2010315,flupyrsulfuron-methyl,144740-54-5,Herbicide,N Organique,,0.15
2016,35250,Non,2010349,desmediphame,13684-56-5,Herbicide,N Organique,,0.355
2016,35250,Non,2010349,ethofumesate,26225-79-6,Herbicide,N Organique,,0.56
2016,35250,Non,2010349,phenmediphame,13684-63-4,Herbicide,N Organique,,0.455
2016,35250,Non,2010351,iodosulfuron-methyl-sodium,144550-36-7,Herbicide,N Organique,,0.198
2016,35250,Non,2010351,mefenpyr-diethyl,135590-91-9,Autre usage – Coformulant / Phytoprotecteur / Synergiste,Autre,,0.594
2016,35250,Non,2010351,mesosulfuron-methyl,208465-21-8,Herbicide,N Organique,,0.198
2016,35250,Non,2010415,glyphosate,1071-83-6,Herbicide,N Organique,,18
2016,35250,Non,2010419,iodosulfuron-methyl-sodium,144550-36-7,Herbicide,N Organique,,0.0288
2016,35250,Non,2010419,mefenpyr-diethyl,135590-91-9,Autre usage – Coformulant / Phytoprotecteur / Synergiste,Autre,,0.432
2016,35250,Non,2010419,mesosulfuron-methyl,208465-21-8,Herbicide,N Organique,,0.144
2016,35250,Non,2010425,metsulfuron-methyl,74223-64-6,Herbicide,N Organique,,0.18
2016,35250,Non,2010439,"2,4-d",94-75-7,Herbicide,N Organique,,0.0222
2016,35250,Non,2010439,"2,4-mcpa",94-74-6,Herbicide,N Organique,,0.0438
2016,35250,Non,2010493,glyphosate,1071-83-6,Herbicide,N Organique,,0.0936
2016,35250,Non,2010499,prochloraze,67747-09-5,Fongicide,N Organique,,9.0
2016,35250,Non,2010612,glyphosate,1071-83-6,Herbicide,N Organique,,28.8
2016,35250,Non,2020003,phosphate ferrique,10045-86-0,Molluscicide,Autre,,0.0495
2016,35250,Non,2020021,laminarine,9008-22-4,Fongicide,Autre,,2.96
2016,35250,Non,2020049,iodosulfuron-methyl-sodium,144550-36-7,Herbicide,N Organique,,0.0072
2016,35250,Non,2020049,mefenpyr-diethyl,135590-91-9,Autre usage – Coformulant / Phytoprotecteur / Synergiste,Autre,,0.108
2016,35250,Non,2020049,mesosulfuron-methyl,208465-21-8,Herbicide,N Organique,,0.036
2016,35250,Non,2020099,trifloxystrobine,141517-21-7,Fongicide,N Organique,,2.25
2016,35250,Non,2020224,iodosulfuron-methyl-sodium,144550-36-7,Herbicide,N Organique,,0.018
2016,35250,Non,2020224,mefenpyr-diethyl,135590-91-9,Autre usage – Coformulant / Phytoprotecteur / Synergiste,Autre,,0.054
2016,35250,Non,2020224,mesosulfuron-methyl,208465-21-8,Herbicide,N Organique,,0.018
2016,35250,Non,2020234,metaldehyde,108-62-3,Molluscicide,Autre,,1
2016,35250,Non,2030010,clomazone,81777-89-1,Herbicide,N Organique,,0.36
2016,35250,Non,2030073,metaldehyde,108-62-3,Molluscicide,Autre,,2.25
2016,35250,Non,2030255,tebuconazole,107534-96-3,Fongicide,"T, T+, CMR",,6.25
2016,35250,Non,2030323,fludioxonil,131341-86-1,Fongicide,N Organique,,0.0235
2016,35250,Non,2030404,pendimethaline,40487-42-1,Herbicide,N Organique,,4
2016,35250,Non,2040310,prochloraze,67747-09-5,Fongicide,N Organique,,20.0325
2016,35250,Non,2040310,tebuconazole,107534-96-3,Fongicide,"T, T+, CMR",,9.9375
2016,35250,Non,2050075,boscalid,188425-85-6,Fongicide,N Organique,,1.25
2016,35250,Non,2060051,metrafenone,220899-03-6,Fongicide,N Organique,,1.5
2016,35250,Non,2060088,benoxacor,98730-04-2,Autre usage – Coformulant / Phytoprotecteur / Synergiste,Autre,,29.1
2016,35250,Non,2060088,mesotrione,104206-82-8,Herbicide,N Organique,,58.2
2016,35250,Non,2060088,s-metolachlore,87392-12-9,Herbicide,N Organique,,582
2016,35250,Non,2060091,diflufenicanil,83164-33-4,Herbicide,N Organique,,7.5
2016,35250,Non,2060091,isoproturon,34123-59-6,Herbicide,"T, T+, CMR",,60
2016,35250,Non,2060127,prothioconazole,178928-70-6,Fongicide,"T, T+, CMR",,0.080
2016,35250,Non,2060131,"2,4-d",94-75-7,Herbicide,N Organique,,0.837
2016,35250,Non,2060131,triclopyr,55335-06-3,Herbicide,N Organique,,0.9324
2016,35250,Non,2060194,tefluthrine,79538-32-2,Insecticide,"T, T+, CMR",,22.90995
2016,35250,Non,2070077,prothioconazole,178928-70-6,Fongicide,"T, T+, CMR",,1.25
2016,35250,Non,2070221,metazachlore,67129-08-2,Herbicide,"T, T+, CMR",,24.8
2016,35250,Non,2070221,quinmerac,90717-03-6,Herbicide,N Organique,,6.2
2016,35250,Non,2080026,nicosulfuron,111991-09-4,Herbicide,N Organique,,1.32
2016,35250,Non,2080092,glyphosate,1071-83-6,Herbicide,N Organique,,18
2016,35250,Non,2080094,florasulame,145701-23-1,Herbicide,N Organique,,0.1
2016,35250,Non,2080094,isoxaben,82558-50-7,Herbicide,N Organique,,1.525
2016,35250,Non,2080112,thirame,137-26-8,Fongicide,N Organique,,0.9072
2016,35250,Non,2080113,glyphosate,1071-83-6,Herbicide,N Organique,,13.6
2016,35250,Non,2080117,prosulfuron,94125-34-5,Herbicide,N Organique,,11.3025
2016,35250,Non,2080123,metsulfuron-methyl,74223-64-6,Herbicide,N Organique,,21.08
2016,35250,Non,2080145,diflufenicanil,83164-33-4,Herbicide,N Organique,,14
2016,35250,Non,2080145,flufenacet,142459-58-3,Herbicide,N Organique,,28
2016,35250,Non,2080147,difenoconazole,119446-68-3,Fongicide,N Organique,,1.25
2016,35250,Non,2080147,paclobutrazol,76738-62-0,Régulateur de croissance,N Organique,,0.625
2016,35250,Non,2090008,thirame,137-26-8,Fongicide,N Organique,,0.15457
2016,35250,Non,2090011,pendimethaline,40487-42-1,Herbicide,N Organique,,104.65
2016,35250,Non,2090016,imazamox,114311-32-9,Herbicide,N Organique,,0.334
2016,35250,Non,2090016,pendimethaline,40487-42-1,Herbicide,N Organique,,5.0
2016,35250,Non,2090028,metamitrone,41394-05-2,Herbicide,N Organique,,17.5
2016,35250,Non,2090037,dicamba,1918-00-9,Herbicide,N Organique,,47.0
2016,35250,Non,2090037,prosulfuron,94125-34-5,Herbicide,N Organique,,4.70
2016,35250,Non,2090041,cloquintocet-mexyl,99607-70-2,Autre usage – Coformulant / Phytoprotecteur / Synergiste,Autre,,0.1875
2016,35250,Non,2090041,pyroxsulame,422556-08-9,Herbicide,"T, T+, CMR",,0.1875
2016,35250,Non,2090042,cloquintocet-mexyl,99607-70-2,Autre usage – Coformulant / Phytoprotecteur / Synergiste,Autre,,0.241782
2016,35250,Non,2090042,florasulame,145701-23-1,Herbicide,N Organique,,0.080712
2016,35250,Non,2090042,pyroxsulame,422556-08-9,Herbicide,"T, T+, CMR",,0.241782
2016,35250,Non,2090053,bromoxynil octanoate,1689-99-2,Herbicide,"T, T+, CMR",,5.24
2016,35250,Non,2090053,isoxadifen-ethyl,163520-33-0,Autre usage – Coformulant / Phytoprotecteur / Synergiste,N Organique,,0.5
2016,35250,Non,2090053,tembotrione,335104-84-2,Herbicide,"T, T+, CMR",,1
2016,35250,Non,2090057,metsulfuron-methyl,74223-64-6,Herbicide,N Organique,,0.48285
2016,35250,Non,2090057,tribenuron-methyle,101200-48-0,Herbicide,N Organique,,0.9657
2016,35250,Non,2090068,mepiquat-chlorure,24307-26-4,Régulateur de croissance,N Organique,,1.05
2016,35250,Non,2090068,metconazole,125116-23-6,Fongicide,"T, T+, CMR",,0.15
2016,35250,Non,2090069,bromoxynil,1689-84-5,Herbicide,"T, T+, CMR",,71.66325
2016,35250,Non,2090080,sulcotrione,99105-77-8,Herbicide,"T, T+, CMR",,6.0
2016,35250,Non,2090092,epoxiconazole,133855-98-8,Fongicide,"T, T+, CMR",,10.491
2016,35250,Non,2090092,metconazole,125116-23-6,Fongicide,"T, T+, CMR",,7.6934
2016,35250,Non,2090101,nicosulfuron,111991-09-4,Herbicide,N Organique,,0.6
2016,35250,Non,2090115,glyphosate,1071-83-6,Herbicide,N Organique,,72.0
2016,35250,Non,2090116,glyphosate,1071-83-6,Herbicide,N Organique,,1.8
2016,35250,Non,2090153,dicamba,1918-00-9,Herbicide,N Organique,,9.6
2016,35250,Non,2090153,tritosulfuron,142469-14-5,Herbicide,N Organique,,2.00
2016,35250,Non,2090160,glyphosate,1071-83-6,Herbicide,N Organique,,396.0
2016,35250,Non,2090186,prosulfocarbe,52888-80-9,Herbicide,N Organique,,288
2016,35250,Non,2100009,thifensulfuron-methyle,79277-27-3,Herbicide,N Organique,,0.43956
2016,35250,Non,2100009,tribenuron-methyle,101200-48-0,Herbicide,N Organique,,0.22044
2016,35250,Non,2100015,thifensulfuron-methyle,79277-27-3,Herbicide,N Organique,,0.180
2016,35250,Non,2100016,metsulfuron-methyl,74223-64-6,Herbicide,N Organique,,0.01
2016,35250,Non,2100016,thifensulfuron-methyle,79277-27-3,Herbicide,N Organique,,0.1
2016,35250,Non,2100026,cypermethrine,52315-07-8,Insecticide,N Organique,,7.5
2016,35250,Non,2100028,fluroxypyr,69377-81-7,Herbicide,N Organique,,52
2016,35250,Non,2100034,phenmediphame,13684-63-4,Herbicide,N Organique,,6.4
2016,35250,Non,2100037,boscalid,188425-85-6,Fongicide,N Organique,,4
2016,35250,Non,2100037,dimoxystrobine,149961-52-4,Fongicide,"T, T+, CMR",,4
2016,35250,Non,2100052,cyprodinil,121552-61-2,Fongicide,N Organique,,6
2016,35250,Non,2100056,prothioconazole,178928-70-6,Fongicide,"T, T+, CMR",,3.2
2016,35250,Non,2100056,spiroxamine,118134-30-8,Fongicide,N Organique,,6.0
2016,35250,Non,2100057,prothioconazole,178928-70-6,Fongicide,"T, T+, CMR",,30.625
2016,35250,Non,2100057,trifloxystrobine,141517-21-7,Fongicide,N Organique,,15.4
2016,35250,Non,2100071,glyphosate,1071-83-6,Herbicide,N Organique,,14.4
2016,35250,Non,2100102,glyphosate,1071-83-6,Herbicide,N Organique,,5.4
2016,35250,Non,2100108,prothioconazole,178928-70-6,Fongicide,"T, T+, CMR",,5.625
2016,35250,Non,2100108,tebuconazole,107534-96-3,Fongicide,"T, T+, CMR",,5.625
2016,35250,Non,2100111,mesotrione,104206-82-8,Herbicide,N Organique,,22.125
2016,35250,Non,2100111,nicosulfuron,111991-09-4,Herbicide,N Organique,,8.85
2016,35250,Non,2100112,ethephon,16672-87-0,Régulateur de croissance,"T, T+, CMR",,45.6
2016,35250,Non,2100138,cloquintocet-mexyl,99607-70-2,Autre usage – Coformulant / Phytoprotecteur / Synergiste,Autre,,4.25075
2016,35250,Non,2100138,pinoxaden,243973-20-8,Herbicide,"T, T+, CMR",,17.003
2016,35250,Non,2100140,clodinafop-propargyl,105512-06-9,Herbicide,N Organique,,10.625
2016,35250,Non,2100140,cloquintocet-mexyl,99607-70-2,Autre usage – Coformulant / Phytoprotecteur / Synergiste,Autre,,2.65625
2016,35250,Non,2100140,pinoxaden,243973-20-8,Herbicide,"T, T+, CMR",,10.625
2016,35250,Non,2100154,chlorpyriphos-ethyl,2921-88-2,Insecticide,"T, T+, CMR",,2.5
2016,35250,Non,2100154,cypermethrine,52315-07-8,Insecticide,N Organique,,0.25
2016,35250,Non,2100164,fluroxypyr,69377-81-7,Herbicide,N Organique,,2
2016,35250,Non,2100179,azoxystrobine,131860-33-8,Fongicide,"T, T+, CMR",,2
2016,35250,Non,2100179,chlorothalonil,1897-45-6,Fongicide,"T, T+, CMR",,10
2016,35250,Non,2100184,picolinafen,137641-05-5,Herbicide,N Organique,,2.001
2016,35250,Non,2100184,tritosulfuron,142469-14-5,Herbicide,N Organique,,2.001
2016,35250,Non,2100211,prothioconazole,178928-70-6,Fongicide,"T, T+, CMR",,8.125
2016,35250,Non,2100211,tebuconazole,107534-96-3,Fongicide,"T, T+, CMR",,8.125
2016,35250,Non,2100215,pendimethaline,40487-42-1,Herbicide,N Organique,,16
2016,35250,Non,2100234,diflufenicanil,83164-33-4,Herbicide,N Organique,,5.4
2016,35250,Non,2100234,iodosulfuron-methyl-sodium,144550-36-7,Herbicide,N Organique,,0.3375
2016,35250,Non,2100234,mefenpyr-diethyl,135590-91-9,Autre usage – Coformulant / Phytoprotecteur / Synergiste,Autre,,1.215
2016,35250,Non,2100234,mesosulfuron-methyl,208465-21-8,Herbicide,N Organique,,0.405
2016,35250,Non,2100235,fenoxaprop-p-ethyl,71283-80-2,Herbicide,N Organique,,1.92
2016,35250,Non,2100235,iodosulfuron-methyl-sodium,144550-36-7,Herbicide,N Organique,,0.24
2016,35250,Non,2100235,mefenpyr-diethyl,135590-91-9,Autre usage – Coformulant / Phytoprotecteur / Synergiste,Autre,,0.72
2016,35250,Non,2110090,azoxystrobine,131860-33-8,Fongicide,"T, T+, CMR",,6.25
2016,35250,Non,2110103,tribenuron-methyle,101200-48-0,Herbicide,N Organique,,1.425
2016,35250,Non,2110105,azoxystrobine,131860-33-8,Fongicide,"T, T+, CMR",,1.25
2016,35250,Non,2110109,cyprosulfamide,221667-31-8,Autre usage – Coformulant / Phytoprotecteur / Synergiste,Autre,,4.95
2016,35250,Non,2110109,isoxaflutole,141112-29-0,Herbicide,"T, T+, CMR",,7.5
2016,35250,Non,2110109,thiencarbazone-methyl,317815-83-1,Herbicide,"T, T+, CMR",,3.0
2016,35250,Non,2110121,thiaclopride,111988-49-9,Insecticide,"T, T+, CMR",,1.292
2016,35250,Non,2110144,fluxapyroxad,907204-31-3,Fongicide,"T, T+, CMR",,10
2016,35250,Non,2110148,bixafen,581809-46-3,Fongicide,N Organique,,0.625
2016,35250,Non,2110152,cypermethrine,52315-07-8,Insecticide,N Organique,,0.16
2016,35250,Non,2110156,desmediphame,13684-56-5,Herbicide,N Organique,,0.25
2016,35250,Non,2110156,ethofumesate,26225-79-6,Herbicide,N Organique,,1.5
2016,35250,Non,2110156,phenmediphame,13684-63-4,Herbicide,N Organique,,0.75
2016,35250,Non,2110162,azoxystrobine,131860-33-8,Fongicide,"T, T+, CMR",,5.00
2016,35250,Non,2110177,chlorothalonil,1897-45-6,Fongicide,"T, T+, CMR",,90.00
2016,35250,Non,2110177,cyproconazole,94361-06-5,Fongicide,"T, T+, CMR",,12.0
2016,35250,Non,2110177,propiconazole,60207-90-1,Fongicide,N Organique,,15.000
2016,35250,Non,2110178,bixafen,581809-46-3,Fongicide,N Organique,,7.8765
2016,35250,Non,2110178,prothioconazole,178928-70-6,Fongicide,"T, T+, CMR",,15.753
2016,35250,Non,2110181,bixafen,581809-46-3,Fongicide,N Organique,,1.125
2016,35250,Non,2110181,prothioconazole,178928-70-6,Fongicide,"T, T+, CMR",,1.5
2016,35250,Non,2110181,tebuconazole,107534-96-3,Fongicide,"T, T+, CMR",,1.5
2016,35250,Non,2110194,boscalid,188425-85-6,Fongicide,N Organique,,6.3
2016,35250,Non,2110194,epoxiconazole,133855-98-8,Fongicide,"T, T+, CMR",,2.25
2016,35250,Non,2110198,glyphosate,1071-83-6,Herbicide,N Organique,,86.4
2016,35250,Non,2110201,boscalid,188425-85-6,Fongicide,N Organique,,15.4
2016,35250,Non,2110201,epoxiconazole,133855-98-8,Fongicide,"T, T+, CMR",,5.5
2016,35250,Non,2110201,pyraclostrobine,175013-18-0,Fongicide,"T, T+, CMR",,6.6
2016,35250,Non,2120034,glyphosate,1071-83-6,Herbicide,N Organique,,96
2016,35250,Non,2120048,aminopyralid,150114-71-9,Herbicide,N Organique,,3.21
2016,35250,Non,2120048,triclopyr,55335-06-3,Herbicide,N Organique,,25.68
2016,35250,Non,2120066,dichlorprop-p,15165-67-0,Herbicide,Autre,,18
2016,35250,Non,2120066,picolinafen,137641-05-5,Herbicide,N Organique,,0.6
2016,35250,Non,2120070,prothioconazole,178928-70-6,Fongicide,"T, T+, CMR",,10.4
2016,35250,Non,2120070,tebuconazole,107534-96-3,Fongicide,"T, T+, CMR",,5.2
2016,35250,Non,2120075,dimethenamide-p (dmta-p),163515-14-8,Herbicide,N Organique,,13
2016,35250,Non,2120075,metazachlore,67129-08-2,Herbicide,"T, T+, CMR",,13
2016,35250,Non,2120075,quinmerac,90717-03-6,Herbicide,N Organique,,6.5
2016,35250,Non,2120089,diflufenicanil,83164-33-4,Herbicide,N Organique,,0.225
2016,35250,Non,2120089,glyphosate,1071-83-6,Herbicide,N Organique,,1.8
2016,35250,Non,2120089,mecoprop (mcpp),7085-19-0,Herbicide,N Organique,,0.9
2016,35250,Non,2120093,epoxiconazole,133855-98-8,Fongicide,"T, T+, CMR",,3.75
2016,35250,Non,2120153,propyzamide,23950-58-5,Herbicide,"T, T+, CMR",,8
2016,35250,Non,2120194,metsulfuron-methyl,74223-64-6,Herbicide,N Organique,,0.16
2016,35250,Non,2120205,epoxiconazole,133855-98-8,Fongicide,"T, T+, CMR",,4.992
2016,35250,Non,2120205,fluxapyroxad,907204-31-3,Fongicide,"T, T+, CMR",,4.992
2016,35250,Non,2120205,pyraclostrobine,175013-18-0,Fongicide,"T, T+, CMR",,7.992
2016,35250,Non,2120210,dicamba,1918-00-9,Herbicide,N Organique,,4.8
2016,35250,Non,2130063,nicosulfuron,111991-09-4,Herbicide,N Organique,,1.6
2016,35250,Non,2130068,diflufenicanil,83164-33-4,Herbicide,N Organique,,1.5
2016,35250,Non,2130075,metaldehyde,108-62-3,Molluscicide,Autre,,27.0
2016,35250,Non,2130084,metaldehyde,108-62-3,Molluscicide,Autre,,4.80
2016,35250,Non,2130091,diflufenicanil,83164-33-4,Herbicide,N Organique,,1.5
2016,35250,Non,2130140,diflufenicanil,83164-33-4,Herbicide,N Organique,,2.8
2016,35250,Non,2130140,pendimethaline,40487-42-1,Herbicide,N Organique,,28
2016,35250,Non,2130155,mesotrione,104206-82-8,Herbicide,N Organique,,0.5
2016,35250,Non,2130164,foramsulfuron,173159-57-4,Herbicide,N Organique,,3.0
2016,35250,Non,2130164,thiencarbazone-methyl,317815-83-1,Herbicide,"T, T+, CMR",,1.0
2016,35250,Non,2130190,desmediphame,13684-56-5,Herbicide,N Organique,,0.705
2016,35250,Non,2130190,ethofumesate,26225-79-6,Herbicide,N Organique,,1.125
2016,35250,Non,2130190,lenacile,2164-08-1,Herbicide,"T, T+, CMR",,0.405
2016,35250,Non,2130190,phenmediphame,13684-63-4,Herbicide,N Organique,,0.9
2016,35250,Non,2130202,fluopyram,658066-35-4,Fongicide,"T, T+, CMR",,3.75
2016,35250,Non,2130202,prothioconazole,178928-70-6,Fongicide,"T, T+, CMR",,3.75
2016,35250,Non,2130249,pendimethaline,40487-42-1,Herbicide,N Organique,,12
2016,35250,Non,2130266,bromuconazole,116255-48-2,Fongicide,N Organique,,33.4
2016,35250,Non,2130266,tebuconazole,107534-96-3,Fongicide,"T, T+, CMR",,21.4
2016,35250,Non,2140039,imidaclopride,138261-41-3,Insecticide,N Organique,,1.7430
2016,35250,Non,2140039,prothioconazole,178928-70-6,Fongicide,"T, T+, CMR",,0.2490
2016,35250,Non,2140082,trinexapac-ethyl,95266-40-3,Régulateur de croissance,N Organique,,0.875
2016,35250,Non,2140098,aminopyralid,150114-71-9,Herbicide,N Organique,,0.3162
2016,35250,Non,2140098,propyzamide,23950-58-5,Herbicide,"T, T+, CMR",,30
2016,35250,Non,2140132,diflufenicanil,83164-33-4,Herbicide,N Organique,,5
2016,35250,Non,2140148,dicamba,1918-00-9,Herbicide,N Organique,,1.44
2016,35250,Non,2140173,fluxapyroxad,907204-31-3,Fongicide,"T, T+, CMR",,11.25125
2016,35250,Non,2140173,metconazole,125116-23-6,Fongicide,"T, T+, CMR",,8.1009
2016,35250,Non,2140199,amidosulfuron,120923-37-7,Herbicide,N Organique,,0.6
2016,35250,Non,2140199,iodosulfuron-methyl-sodium,144550-36-7,Herbicide,N Organique,,0.12
2016,35250,Non,2140199,mesosulfuron-methyl,208465-21-8,Herbicide,N Organique,,0.36
2016,35250,Non,2140256,chlorpyriphos-methyl,5598-13-0,Insecticide,N Organique,,1.35
2016,35250,Non,2140266,epoxiconazole,133855-98-8,Fongicide,"T, T+, CMR",,12.18
2016,35250,Non,2140266,fluxapyroxad,907204-31-3,Fongicide,"T, T+, CMR",,12.18
2016,35250,Non,2140266,pyraclostrobine,175013-18-0,Fongicide,"T, T+, CMR",,19.72
2016,35250,Non,2150200,chlorothalonil,1897-45-6,Fongicide,"T, T+, CMR",,5
2016,35250,Non,2160248,dicamba,1918-00-9,Herbicide,N Organique,,0.6
2016,35250,Non,2160248,mesotrione,104206-82-8,Herbicide,N Organique,,0.25
2016,35250,Non,2160931,bixafen,581809-46-3,Fongicide,N Organique,,1.38125
2016,35250,Non,2160931,fluopyram,658066-35-4,Fongicide,"T, T+, CMR",,1.38125
2016,35250,Non,2160931,prothioconazole,178928-70-6,Fongicide,"T, T+, CMR",,2.7625
2016,35250,Non,6500402,"2,4-d",94-75-7,Herbicide,N Organique,,72.48
2016,35250,Non,7400815,chlormequat chlorure,999-81-5,Régulateur de croissance,Autre,,73.6
2016,35250,Non,7800132,ethephon,16672-87-0,Régulateur de croissance,"T, T+, CMR",,2.4
2016,35250,Non,7800790,bromoxynil octanoate,1689-99-2,Herbicide,"T, T+, CMR",,1.8
2016,35250,Non,7800790,dicamba,1918-00-9,Herbicide,N Organique,,0.36
2016,35250,Non,7800790,mecoprop (mcpp),7085-19-0,Herbicide,N Organique,,5.4
2016,35250,Non,8100291,metazachlore,67129-08-2,Herbicide,"T, T+, CMR",,10
2016,35250,Non,8200307,isoproturon,34123-59-6,Herbicide,"T, T+, CMR",,25
2016,35250,Non,8300243,chlorothalonil,1897-45-6,Fongicide,"T, T+, CMR",,215
2016,35250,Non,8400096,dicamba,1918-00-9,Herbicide,N Organique,,4.80
2016,35250,Non,8400528,isoxaben,82558-50-7,Herbicide,N Organique,,5
2016,35250,Non,8400600,fluroxypyr,69377-81-7,Herbicide,N Organique,,0.2
2016,35250,Non,8500351,acide b-indole butyrique (aib),133-32-4,Régulateur de croissance,"T, T+, CMR",,0.000075
2016,35250,Non,8600243,aclonifen,74070-46-5,Herbicide,"T, T+, CMR",,12
2016,35250,Non,8700002,chlortoluron,15545-48-9,Herbicide,"T, T+, CMR",,60
2016,35250,Non,8700240,diflufenicanil,83164-33-4,Herbicide,N Organique,,1.875
2016,35250,Non,8700240,isoproturon,34123-59-6,Herbicide,"T, T+, CMR",,15
2016,35250,Non,8700462,prosulfocarbe,52888-80-9,Herbicide,N Organique,,784
2016,35250,Non,8800029,phenmediphame,13684-63-4,Herbicide,N Organique,,0.795
2016,35250,Non,8800199,propaquizafop,111479-05-1,Herbicide,N Organique,,2.3
2016,35250,Non,8800488,chlorothalonil,1897-45-6,Fongicide,"T, T+, CMR",,20
2016,35250,Non,8800941,metaldehyde,108-62-3,Molluscicide,Autre,,9.504
2016,35250,Non,8900564,tau-fluvalinate,102851-06-9,Insecticide,N Organique,,0.48
2016,35250,Non,8900681,pendimethaline,40487-42-1,Herbicide,N Organique,,4
2016,35250,Non,9000069,ethofumesate,26225-79-6,Herbicide,N Organique,,5.0
2016,35250,Non,9000184,"2,4-mcpa",94-74-6,Herbicide,N Organique,,59
2016,35250,Non,9000184,clopyralid (sous forme de sel de monoethanolamine),57754-85-5,Herbicide,Autre,,5.9
2016,35250,Non,9000184,fluroxypyr,69377-81-7,Herbicide,N Organique,,11.8
2016,35250,Non,9000259,amidosulfuron,120923-37-7,Herbicide,N Organique,,0.18
2016,35250,Non,9000490,cycloxydime,101205-02-1,Herbicide,"T, T+, CMR",,2.0
2016,35250,Non,9000833,metazachlore,67129-08-2,Herbicide,"T, T+, CMR",,30
2016,35250,Non,9000833,quinmerac,90717-03-6,Herbicide,N Organique,,7.5
2016,35250,Non,9100034,chlormequat chlorure,999-81-5,Régulateur de croissance,Autre,,23
2016,35250,Non,9100046,trinexapac-ethyl,95266-40-3,Régulateur de croissance,N Organique,,5.00
2016,35250,Non,9100296,"2,4-d",94-75-7,Herbicide,N Organique,,27
2016,35250,Non,9100418,nicosulfuron,111991-09-4,Herbicide,N Organique,,16.40
2016,35250,Non,9100645,clodinafop-propargyl,105512-06-9,Herbicide,N Organique,,0.1
2016,35250,Non,9100645,cloquintocet-mexyl,99607-70-2,Autre usage – Coformulant / Phytoprotecteur / Synergiste,Autre,,0.025
2016,35250,Non,9200022,fenpropidine,67306-00-7,Fongicide,N Organique,,12.5
2016,35250,Non,9200022,propiconazole,60207-90-1,Fongicide,N Organique,,3.125
2016,35250,Non,9200073,triflusulfuron-methyl,126535-15-7,Herbicide,"T, T+, CMR",,0.05
2016,35250,Non,9200078,tebuconazole,107534-96-3,Fongicide,"T, T+, CMR",,3.75
2016,35250,Non,9200091,imidaclopride,138261-41-3,Insecticide,N Organique,,0.4935
2016,35250,Non,9200135,cypermethrine,52315-07-8,Insecticide,N Organique,,0.0005
2016,35250,Non,9200392,"2,4-mcpa",94-74-6,Herbicide,N Organique,,1.2
2016,35250,Non,9200392,clopyralid (sous forme de sel de monoethanolamine),57754-85-5,Herbicide,Autre,,0.12
2016,35250,Non,9200392,fluroxypyr,69377-81-7,Herbicide,N Organique,,0.24
2016,35250,Non,9200461,chlormequat chlorure,999-81-5,Régulateur de croissance,Autre,,36.225
2016,35250,Non,9200461,mepiquat-chlorure,24307-26-4,Régulateur de croissance,N Organique,,12.075
2016,35250,Non,9200548,thirame,137-26-8,Fongicide,N Organique,,2.6784
2016,35250,Non,9300189,fluroxypyr,69377-81-7,Herbicide,N Organique,,0.02
2016,35250,Non,9300189,triclopyr,55335-06-3,Herbicide,N Organique,,0.06
2016,35250,Non,9300309,zetacypermethrine,52315-07-8,Insecticide,"T, T+, CMR",,0.5
2016,35250,Non,9300396,chlormequat chlorure,999-81-5,Régulateur de croissance,Autre,,220.8
2016,35250,Non,9300396,chlorure de choline,67-48-1,Autre usage – Coformulant / Phytoprotecteur / Synergiste,Autre,,153.6
2016,35250,Non,9400008,triticonazole,131983-72-7,Fongicide,N Organique,,0.072
2016,35250,Non,9400067,dicamba,1918-00-9,Herbicide,N Organique,,17.5
2016,35250,Non,9400109,"2,4-d",94-75-7,Herbicide,N Organique,,1.75
2016,35250,Non,9400109,dicamba,1918-00-9,Herbicide,N Organique,,0.25
2016,35250,Non,9400134,diflufenicanil,83164-33-4,Herbicide,N Organique,,12.5
2016,35250,Non,9400134,flurtamone,96525-23-4,Herbicide,N Organique,,31.25
2016,35250,Non,9400162,glyphosate,1071-83-6,Herbicide,N Organique,,259.2
2016,35250,Non,9400354,glyphosate,1071-83-6,Herbicide,N Organique,,21.6
2016,35250,Non,9400367,chlorothalonil,1897-45-6,Fongicide,"T, T+, CMR",,16.875
2016,35250,Non,9400367,cyproconazole,94361-06-5,Fongicide,"T, T+, CMR",,1.8
2016,35250,Non,9400525,glyphosate,1071-83-6,Herbicide,N Organique,,324
2016,35250,Non,9500011,prochloraze,67747-09-5,Fongicide,N Organique,,4.5
2016,35250,Non,9500135,metaldehyde,108-62-3,Molluscicide,Autre,,2
2016,35250,Non,9500581,chlormequat chlorure,999-81-5,Régulateur de croissance,Autre,,28.5
2016,35250,Non,9500581,ethephon,16672-87-0,Régulateur de croissance,"T, T+, CMR",,14.25
2016,35250,Non,9600093,azoxystrobine,131860-33-8,Fongicide,"T, T+, CMR",,1.25
2016,35250,Non,9600197,carfentrazone ethyl,128639-02-1,Herbicide,N Organique,,0.04
2016,35250,Non,9600197,metsulfuron-methyl,74223-64-6,Herbicide,N Organique,,0.01
2016,35250,Non,9600201,prochloraze,67747-09-5,Fongicide,N Organique,,24
2016,35250,Non,9600201,propiconazole,60207-90-1,Fongicide,N Organique,,5.4
2016,35250,Non,9600319,glyphosate,1071-83-6,Herbicide,N Organique,,1.8
2016,35250,Non,9600550,diflufenicanil,83164-33-4,Herbicide,N Organique,,0.4
2016,35250,Non,9600550,glyphosate,1071-83-6,Herbicide,N Organique,,2.50
2016,35250,Non,9700369,chloridazone,1698-60-8,Herbicide,N Organique,,3.250
2016,35250,Non,9700369,quinmerac,90717-03-6,Herbicide,N Organique,,1.0
2016,35250,Non,9800018,clomazone,81777-89-1,Herbicide,N Organique,,1.2
2016,35250,Non,9800018,dimethachlore,50563-36-5,Herbicide,N Organique,,7.5
2016,35250,Non,9800018,napropamide,15299-99-7,Herbicide,N Organique,,7.5
2016,35250,Non,9800098,metamitrone,41394-05-2,Herbicide,N Organique,,9.0
2016,35250,Non,9800336,lambda-cyhalothrine,91465-08-6,Insecticide,"T, T+, CMR",,0.2
2016,35250,Non,9800343,clomazone,81777-89-1,Herbicide,N Organique,,1.8
2016,35250,Non,9800343,dimethachlore,50563-36-5,Herbicide,N Organique,,15
2016,35250,Non,9800344,fludioxonil,131341-86-1,Fongicide,N Organique,,0.0165
2016,35250,Non,9800344,metalaxyl-m,70630-17-0,Fongicide,Autre,,0.006402
2016,35250,Non,9800384,propiconazole,60207-90-1,Fongicide,N Organique,,0.5
2016,35250,Non,9800453,cyproconazole,94361-06-5,Fongicide,"T, T+, CMR",,0.8
2016,35250,Non,9800453,prochloraze,67747-09-5,Fongicide,N Organique,,3
2016,35250,Non,9800477,bentazone,25057-89-0,Herbicide,N Organique,,62.4
2016,35250,Non,9800477,dicamba,1918-00-9,Herbicide,N Organique,,17.55
2016,35250,Non,9900047,mesotrione,104206-82-8,Herbicide,N Organique,,28.7
2016,35250,Non,9900206,picoxystrobine,117428-22-5,Fongicide,N Organique,,15.75
2016,35250,Non,9900251,dimethenamide-p (dmta-p),163515-14-8,Herbicide,N Organique,,282.24
2016,35310,Non,2000044,fluazifop-p-butyl,79241-46-6,Herbicide,"T, T+, CMR",,0.5
2016,35310,Non,2000201,silthiofam,175217-20-6,Fongicide,N Organique,,15
2016,35310,Non,2000299,clomazone,81777-89-1,Herbicide,N Organique,,1.44
2016,35310,Non,2000301,foramsulfuron,173159-57-4,Herbicide,N Organique,,1.9125
2016,35310,Non,2000301,isoxadifen-ethyl,163520-33-0,Autre usage – Coformulant / Phytoprotecteur / Synergiste,N Organique,,1.9125
2016,35310,Non,2000380,clethodime,99129-21-2,Herbicide,N Organique,,3.6
2016,35310,Non,2000502,chlorpyriphos-methyl,5598-13-0,Insecticide,N Organique,,0.1125
2016,35310,Non,2010023,deltamethrine,52918-63-5,Insecticide,"T, T+, CMR",,0.255
2016,35310,Non,2010025,desmediphame,13684-56-5,Herbicide,N Organique,,0.625
2016,35310,Non,2010025,ethofumesate,26225-79-6,Herbicide,N Organique,,3.775
2016,35310,Non,2010025,phenmediphame,13684-63-4,Herbicide,N Organique,,1.875
2016,35310,Non,2010030,mepiquat-chlorure,24307-26-4,Régulateur de croissance,N Organique,,16.5
2016,35310,Non,2010030,prohexadione-calcium,127277-53-6,Régulateur de croissance,N Organique,,2.75
2016,35310,Non,2010035,"2,4-mcpa",94-74-6,Herbicide,N Organique,,0.14
2016,35310,Non,2010035,dichlorprop-p,15165-67-0,Herbicide,Autre,,0.07
2016,35310,Non,2010035,mecoprop-p (mcpp-p),16484-77-8,Herbicide,N Organique,,0.07
2016,35310,Non,2010239,florasulame,145701-23-1,Herbicide,N Organique,,0.063
2016,35310,Non,2010239,fluroxypyr,69377-81-7,Herbicide,N Organique,,6.3
2016,35310,Non,2010280,metconazole,125116-23-6,Fongicide,"T, T+, CMR",,6.6582
2016,35310,Non,2010326,metconazole,125116-23-6,Fongicide,"T, T+, CMR",,11.232
2016,35310,Non,2010349,desmediphame,13684-56-5,Herbicide,N Organique,,0.71
2016,35310,Non,2010349,ethofumesate,26225-79-6,Herbicide,N Organique,,1.12
2016,35310,Non,2010349,phenmediphame,13684-63-4,Herbicide,N Organique,,0.91
2016,35310,Non,2010351,iodosulfuron-methyl-sodium,144550-36-7,Herbicide,N Organique,,0.234
2016,35310,Non,2010351,mefenpyr-diethyl,135590-91-9,Autre usage – Coformulant / Phytoprotecteur / Synergiste,Autre,,0.702
2016,35310,Non,2010351,mesosulfuron-methyl,208465-21-8,Herbicide,N Organique,,0.234
2016,35310,Non,2010425,metsulfuron-methyl,74223-64-6,Herbicide,N Organique,,0.02
2016,35310,Non,2010427,quizalofop-p-ethyl,100646-51-3,Herbicide,N Organique,,0.96
2016,35310,Non,2010499,prochloraze,67747-09-5,Fongicide,N Organique,,24.75
2016,35310,Non,2010509,cuivre du sulfate de cuivre,8011-63-0,Fongicide,N minéral,,0.08
2016,35310,Non,2010612,glyphosate,1071-83-6,Herbicide,N Organique,,18
2016,35310,Non,2020003,phosphate ferrique,10045-86-0,Molluscicide,Autre,,0.0495
2016,35310,Non,2020049,iodosulfuron-methyl-sodium,144550-36-7,Herbicide,N Organique,,0.0072
2016,35310,Non,2020049,mefenpyr-diethyl,135590-91-9,Autre usage – Coformulant / Phytoprotecteur / Synergiste,Autre,,0.108
2016,35310,Non,2020049,mesosulfuron-methyl,208465-21-8,Herbicide,N Organique,,0.036
2016,35310,Non,2020099,trifloxystrobine,141517-21-7,Fongicide,N Organique,,5.25
2016,35310,Non,2020224,iodosulfuron-methyl-sodium,144550-36-7,Herbicide,N Organique,,0.036
2016,35310,Non,2020224,mefenpyr-diethyl,135590-91-9,Autre usage – Coformulant / Phytoprotecteur / Synergiste,Autre,,0.108
2016,35310,Non,2020224,mesosulfuron-methyl,208465-21-8,Herbicide,N Organique,,0.036
2016,35310,Non,2020318,"2,4-mcpa",94-74-6,Herbicide,N Organique,,0.27
2016,35310,Non,2020318,dichlorprop-p,15165-67-0,Herbicide,Autre,,0.27
2016,35310,Non,2020318,glyphosate,1071-83-6,Herbicide,N Organique,,0.36
2016,35310,Non,2020456,florasulame,145701-23-1,Herbicide,N Organique,,0.005
2016,35310,Non,2020456,fluroxypyr,69377-81-7,Herbicide,N Organique,,0.5
2016,35310,Non,2020474,metazachlore,67129-08-2,Herbicide,"T, T+, CMR",,7.5
2016,35310,Non,2030255,tebuconazole,107534-96-3,Fongicide,"T, T+, CMR",,38.75
2016,35310,Non,2030323,fludioxonil,131341-86-1,Fongicide,N Organique,,38.46325
2016,35310,Non,2030342,chlormequat chlorure,999-81-5,Régulateur de croissance,Autre,,36.8
2016,35310,Non,2030342,chlorure de choline,67-48-1,Autre usage – Coformulant / Phytoprotecteur / Synergiste,Autre,,25.6
2016,35310,Non,2030404,pendimethaline,40487-42-1,Herbicide,N Organique,,4
2016,35310,Non,2040109,flupyrsulfuron-methyl,144740-54-5,Herbicide,N Organique,,0.075
2016,35310,Non,2040109,thifensulfuron-methyle,79277-27-3,Herbicide,N Organique,,0.3
2016,35310,Non,2040146,tefluthrine,79538-32-2,Insecticide,"T, T+, CMR",,1.396
2016,35310,Non,2040195,myclobutanil,88671-89-0,Fongicide,"T, T+, CMR",,0.135
2016,35310,Non,2040199,metamitrone,41394-05-2,Herbicide,N Organique,,21
2016,35310,Non,2040311,metazachlore,67129-08-2,Herbicide,"T, T+, CMR",,20
2016,35310,Non,2050046,flonicamide,158062-67-0,Insecticide,Autre,,1.5
2016,35310,Non,2050075,boscalid,188425-85-6,Fongicide,N Organique,,2.50
2016,35310,Non,2060026,flazasulfuron,104040-78-0,Herbicide,N Organique,,0.0125
2016,35310,Non,2060045,huile vegetale,,SA non phyto - Divers,Autre,,0.525
2016,35310,Non,2060045,resines (colophane),8050-09-7,SA non phyto - Divers,Autre,,5.1
2016,35310,Non,2060063,picolinafen,137641-05-5,Herbicide,N Organique,,1.125
2016,35310,Non,2060084,boscalid,188425-85-6,Fongicide,N Organique,,2.67
2016,35310,Non,2060084,pyraclostrobine,175013-18-0,Fongicide,"T, T+, CMR",,0.67
2016,35310,Non,2060088,benoxacor,98730-04-2,Autre usage – Coformulant / Phytoprotecteur / Synergiste,Autre,,4.4
2016,35310,Non,2060088,mesotrione,104206-82-8,Herbicide,N Organique,,8.8
2016,35310,Non,2060088,s-metolachlore,87392-12-9,Herbicide,N Organique,,88
2016,35310,Non,2060091,diflufenicanil,83164-33-4,Herbicide,N Organique,,2.500
2016,35310,Non,2060091,isoproturon,34123-59-6,Herbicide,"T, T+, CMR",,20
2016,35310,Non,2060115,azoxystrobine,131860-33-8,Fongicide,"T, T+, CMR",,2
2016,35310,Non,2060115,cyproconazole,94361-06-5,Fongicide,"T, T+, CMR",,0.8
2016,35310,Non,2060131,"2,4-d",94-75-7,Herbicide,N Organique,,1.023
2016,35310,Non,2060131,triclopyr,55335-06-3,Herbicide,N Organique,,1.1396
2016,35310,Non,2060194,tefluthrine,79538-32-2,Insecticide,"T, T+, CMR",,15.30
2016,35310,Non,2070077,prothioconazole,178928-70-6,Fongicide,"T, T+, CMR",,1.25
2016,35310,Non,2070086,metconazole,125116-23-6,Fongicide,"T, T+, CMR",,0.36
2016,35310,Non,2070107,fosetyl,15845-66-6,Fongicide,Autre,,1.55
2016,35310,Non,2070107,propamocarbe,24579-73-5,Fongicide,Autre,,2.65
2016,35310,Non,2070163,bentazone,25057-89-0,Herbicide,N Organique,,2.61
2016,35310,Non,2070221,metazachlore,67129-08-2,Herbicide,"T, T+, CMR",,6
2016,35310,Non,2070221,quinmerac,90717-03-6,Herbicide,N Organique,,1.5
2016,35310,Non,2080026,nicosulfuron,111991-09-4,Herbicide,N Organique,,19.44
2016,35310,Non,2080060,pyriproxyfene,95737-68-1,Insecticide,N Organique,,0.3
2016,35310,Non,2080094,florasulame,145701-23-1,Herbicide,N Organique,,0.50
2016,35310,Non,2080094,isoxaben,82558-50-7,Herbicide,N Organique,,7.625
2016,35310,Non,2080101,acetamipride,135410-20-7,Insecticide,N Organique,,0.2
2016,35310,Non,2080112,thirame,137-26-8,Fongicide,N Organique,,23.3568
2016,35310,Non,2080117,prosulfuron,94125-34-5,Herbicide,N Organique,,16.7400
2016,35310,Non,2080123,metsulfuron-methyl,74223-64-6,Herbicide,N Organique,,6.62
2016,35310,Non,2080124,metsulfuron-methyl,74223-64-6,Herbicide,N Organique,,0.156
2016,35310,Non,2080136,pyridate,55512-33-9,Herbicide,N Organique,,0.9
2016,35310,Non,2080145,diflufenicanil,83164-33-4,Herbicide,N Organique,,50
2016,35310,Non,2080145,flufenacet,142459-58-3,Herbicide,N Organique,,100
2016,35310,Non,2090005,iprodione,36734-19-7,Fongicide,"T, T+, CMR",,0.75
2016,35310,Non,2090008,thirame,137-26-8,Fongicide,N Organique,,3.44318
2016,35310,Non,2090016,imazamox,114311-32-9,Herbicide,N Organique,,2.505
2016,35310,Non,2090016,pendimethaline,40487-42-1,Herbicide,N Organique,,37.5
2016,35310,Non,2090024,sulcotrione,99105-77-8,Herbicide,"T, T+, CMR",,3
2016,35310,Non,2090028,metamitrone,41394-05-2,Herbicide,N Organique,,7.0
2016,35310,Non,2090037,dicamba,1918-00-9,Herbicide,N Organique,,39.5
2016,35310,Non,2090037,prosulfuron,94125-34-5,Herbicide,N Organique,,3.95
2016,35310,Non,2090038,beflubutamide,113614-08-7,Herbicide,N Organique,,12.75
2016,35310,Non,2090038,isoproturon,34123-59-6,Herbicide,"T, T+, CMR",,75
2016,35310,Non,2090041,cloquintocet-mexyl,99607-70-2,Autre usage – Coformulant / Phytoprotecteur / Synergiste,Autre,,0.15
2016,35310,Non,2090041,pyroxsulame,422556-08-9,Herbicide,"T, T+, CMR",,0.15
2016,35310,Non,2090042,cloquintocet-mexyl,99607-70-2,Autre usage – Coformulant / Phytoprotecteur / Synergiste,Autre,,0.973275
2016,35310,Non,2090042,florasulame,145701-23-1,Herbicide,N Organique,,0.32490
2016,35310,Non,2090042,pyroxsulame,422556-08-9,Herbicide,"T, T+, CMR",,0.973275
2016,35310,Non,2090050,cypermethrine,52315-07-8,Insecticide,N Organique,,0.480
2016,35310,Non,2090053,bromoxynil octanoate,1689-99-2,Herbicide,"T, T+, CMR",,11.79
2016,35310,Non,2090053,isoxadifen-ethyl,163520-33-0,Autre usage – Coformulant / Phytoprotecteur / Synergiste,N Organique,,1.125
2016,35310,Non,2090053,tembotrione,335104-84-2,Herbicide,"T, T+, CMR",,2.25
2016,35310,Non,2090054,metsulfuron-methyl,74223-64-6,Herbicide,N Organique,,0.16159
2016,35310,Non,2090054,tribenuron-methyle,101200-48-0,Herbicide,N Organique,,0.16159
2016,35310,Non,2090057,metsulfuron-methyl,74223-64-6,Herbicide,N Organique,,0.41625
2016,35310,Non,2090057,tribenuron-methyle,101200-48-0,Herbicide,N Organique,,0.8325
2016,35310,Non,2090060,deltamethrine,52918-63-5,Insecticide,"T, T+, CMR",,0.05
2016,35310,Non,2090060,thiaclopride,111988-49-9,Insecticide,"T, T+, CMR",,0.5
2016,35310,Non,2090068,mepiquat-chlorure,24307-26-4,Régulateur de croissance,N Organique,,2.1
2016,35310,Non,2090068,metconazole,125116-23-6,Fongicide,"T, T+, CMR",,0.3
2016,35310,Non,2090069,bromoxynil,1689-84-5,Herbicide,"T, T+, CMR",,58.7453
2016,35310,Non,2090071,bromoxynil,1689-84-5,Herbicide,"T, T+, CMR",,8.225
2016,35310,Non,2090072,florasulame,145701-23-1,Herbicide,N Organique,,0.2
2016,35310,Non,2090091,thiamethoxam,153719-23-4,Insecticide,N Organique,,0.5
2016,35310,Non,2090092,epoxiconazole,133855-98-8,Fongicide,"T, T+, CMR",,10.232625
2016,35310,Non,2090092,metconazole,125116-23-6,Fongicide,"T, T+, CMR",,7.503925
2016,35310,Non,2090101,nicosulfuron,111991-09-4,Herbicide,N Organique,,1.2
2016,35310,Non,2090111,cypermethrine,52315-07-8,Insecticide,N Organique,,180
2016,35310,Non,2090113,dimethenamide-p (dmta-p),163515-14-8,Herbicide,N Organique,,21.25
2016,35310,Non,2090113,pendimethaline,40487-42-1,Herbicide,N Organique,,25
2016,35310,Non,2090115,glyphosate,1071-83-6,Herbicide,N Organique,,7.2
2016,35310,Non,2090117,tebuconazole,107534-96-3,Fongicide,"T, T+, CMR",,3.4
2016,35310,Non,2090118,flufenacet,142459-58-3,Herbicide,N Organique,,3.6018
2016,35310,Non,2090118,pendimethaline,40487-42-1,Herbicide,N Organique,,18.009
2016,35310,Non,2090153,dicamba,1918-00-9,Herbicide,N Organique,,14.4
2016,35310,Non,2090153,tritosulfuron,142469-14-5,Herbicide,N Organique,,3
2016,35310,Non,2090159,tritosulfuron,142469-14-5,Herbicide,N Organique,,3.4986
2016,35310,Non,2090160,glyphosate,1071-83-6,Herbicide,N Organique,,324.0
2016,35310,Non,2090164,glyphosate,1071-83-6,Herbicide,N Organique,,0.36
2016,35310,Non,2090171,dimoxystrobine,149961-52-4,Fongicide,"T, T+, CMR",,3.99
2016,35310,Non,2090171,epoxiconazole,133855-98-8,Fongicide,"T, T+, CMR",,1.5
2016,35310,Non,2090186,prosulfocarbe,52888-80-9,Herbicide,N Organique,,288
2016,35310,Non,2100009,thifensulfuron-methyle,79277-27-3,Herbicide,N Organique,,0.2997
2016,35310,Non,2100009,tribenuron-methyle,101200-48-0,Herbicide,N Organique,,0.1503
2016,35310,Non,2100014,metsulfuron-methyl,74223-64-6,Herbicide,N Organique,,0.0603
2016,35310,Non,2100014,thifensulfuron-methyle,79277-27-3,Herbicide,N Organique,,0.2997
2016,35310,Non,2100015,thifensulfuron-methyle,79277-27-3,Herbicide,N Organique,,0.045
2016,35310,Non,2100026,cypermethrine,52315-07-8,Insecticide,N Organique,,5.0
2016,35310,Non,2100028,fluroxypyr,69377-81-7,Herbicide,N Organique,,12
2016,35310,Non,2100030,phosphate ferrique,10045-86-0,Molluscicide,Autre,,1.782
2016,35310,Non,2100037,boscalid,188425-85-6,Fongicide,N Organique,,2
2016,35310,Non,2100037,dimoxystrobine,149961-52-4,Fongicide,"T, T+, CMR",,2
2016,35310,Non,2100051,ipconazole,125225-28-7,Fongicide,N Organique,,0.012
2016,35310,Non,2100052,cyprodinil,121552-61-2,Fongicide,N Organique,,3
2016,35310,Non,2100056,prothioconazole,178928-70-6,Fongicide,"T, T+, CMR",,8.8
2016,35310,Non,2100056,spiroxamine,118134-30-8,Fongicide,N Organique,,16.5
2016,35310,Non,2100057,prothioconazole,178928-70-6,Fongicide,"T, T+, CMR",,23.625
2016,35310,Non,2100057,trifloxystrobine,141517-21-7,Fongicide,N Organique,,11.88
2016,35310,Non,2100065,metsulfuron-methyl,74223-64-6,Herbicide,N Organique,,0.00816
2016,35310,Non,2100065,thifensulfuron-methyle,79277-27-3,Herbicide,N Organique,,0.08184
2016,35310,Non,2100069,metsulfuron-methyl,74223-64-6,Herbicide,N Organique,,0.35
2016,35310,Non,2100069,thifensulfuron-methyle,79277-27-3,Herbicide,N Organique,,3.4
2016,35310,Non,2100071,glyphosate,1071-83-6,Herbicide,N Organique,,14.4
2016,35310,Non,2100078,deltamethrine,52918-63-5,Insecticide,"T, T+, CMR",,0.0000080
2016,35310,Non,2100098,glyphosate,1071-83-6,Herbicide,N Organique,,5.4
2016,35310,Non,2100107,tebuconazole,107534-96-3,Fongicide,"T, T+, CMR",,2.5
2016,35310,Non,2100108,prothioconazole,178928-70-6,Fongicide,"T, T+, CMR",,13.125
2016,35310,Non,2100108,tebuconazole,107534-96-3,Fongicide,"T, T+, CMR",,13.125
2016,35310,Non,2100111,mesotrione,104206-82-8,Herbicide,N Organique,,28.125
2016,35310,Non,2100111,nicosulfuron,111991-09-4,Herbicide,N Organique,,11.25
2016,35310,Non,2100112,ethephon,16672-87-0,Régulateur de croissance,"T, T+, CMR",,40.8
2016,35310,Non,2100121,chlorantraniliprole,500008-45-7,Insecticide,N Organique,,2.8
2016,35310,Non,2100122,chlorantraniliprole,500008-45-7,Insecticide,N Organique,,0.105
2016,35310,Non,2100138,cloquintocet-mexyl,99607-70-2,Autre usage – Coformulant / Phytoprotecteur / Synergiste,Autre,,4.49125
2016,35310,Non,2100138,pinoxaden,243973-20-8,Herbicide,"T, T+, CMR",,17.965
2016,35310,Non,2100140,clodinafop-propargyl,105512-06-9,Herbicide,N Organique,,10.750
2016,35310,Non,2100140,cloquintocet-mexyl,99607-70-2,Autre usage – Coformulant / Phytoprotecteur / Synergiste,Autre,,2.68750
2016,35310,Non,2100140,pinoxaden,243973-20-8,Herbicide,"T, T+, CMR",,10.750
2016,35310,Non,2100164,fluroxypyr,69377-81-7,Herbicide,N Organique,,3
2016,35310,Non,2100204,diflufenicanil,83164-33-4,Herbicide,N Organique,,0.09
2016,35310,Non,2100204,flufenacet,142459-58-3,Herbicide,N Organique,,0.3
2016,35310,Non,2100204,glyphosate,1071-83-6,Herbicide,N Organique,,0.9
2016,35310,Non,2100211,prothioconazole,178928-70-6,Fongicide,"T, T+, CMR",,3.125
2016,35310,Non,2100211,tebuconazole,107534-96-3,Fongicide,"T, T+, CMR",,3.125
2016,35310,Non,2100214,clomazone,81777-89-1,Herbicide,N Organique,,0.72
2016,35310,Non,2100215,pendimethaline,40487-42-1,Herbicide,N Organique,,4
2016,35310,Non,2100234,diflufenicanil,83164-33-4,Herbicide,N Organique,,7.2
2016,35310,Non,2100234,iodosulfuron-methyl-sodium,144550-36-7,Herbicide,N Organique,,0.4500
2016,35310,Non,2100234,mefenpyr-diethyl,135590-91-9,Autre usage – Coformulant / Phytoprotecteur / Synergiste,Autre,,1.620
2016,35310,Non,2100234,mesosulfuron-methyl,208465-21-8,Herbicide,N Organique,,0.540
2016,35310,Non,2100235,fenoxaprop-p-ethyl,71283-80-2,Herbicide,N Organique,,0.96
2016,35310,Non,2100235,iodosulfuron-methyl-sodium,144550-36-7,Herbicide,N Organique,,0.12
2016,35310,Non,2100235,mefenpyr-diethyl,135590-91-9,Autre usage – Coformulant / Phytoprotecteur / Synergiste,Autre,,0.36
2016,35310,Non,2100245,prothioconazole,178928-70-6,Fongicide,"T, T+, CMR",,3.125
2016,35310,Non,2100245,tebuconazole,107534-96-3,Fongicide,"T, T+, CMR",,3.125
2016,35310,Non,2110001,thifensulfuron-methyle,79277-27-3,Herbicide,N Organique,,0.15
2016,35310,Non,2110012,cyazofamide,120116-88-3,Fongicide,N Organique,,0.16
2016,35310,Non,2110013,bromoxynil,1689-84-5,Herbicide,"T, T+, CMR",,8.032
2016,35310,Non,2110018,difenoconazole,119446-68-3,Fongicide,N Organique,,1.406
2016,35310,Non,2110018,fludioxonil,131341-86-1,Fongicide,N Organique,,1.406
2016,35310,Non,2110086,spirotetramat,203313-25-1,Insecticide,"T, T+, CMR",,0.1
2016,35310,Non,2110092,thifensulfuron-methyle,79277-27-3,Herbicide,N Organique,,0.9
2016,35310,Non,2110092,tribenuron-methyle,101200-48-0,Herbicide,N Organique,,0.9
2016,35310,Non,2110095,cloquintocet-mexyl,99607-70-2,Autre usage – Coformulant / Phytoprotecteur / Synergiste,Autre,,0.225
2016,35310,Non,2110095,florasulame,145701-23-1,Herbicide,N Organique,,0.1
2016,35310,Non,2110095,pinoxaden,243973-20-8,Herbicide,"T, T+, CMR",,0.9
2016,35310,Non,2110102,difenoconazole,119446-68-3,Fongicide,N Organique,,25.4225
2016,35310,Non,2110102,fludioxonil,131341-86-1,Fongicide,N Organique,,25.4225
2016,35310,Non,2110102,sedaxane,874967-67-6,Fongicide,N Organique,,50.845
2016,35310,Non,2110103,tribenuron-methyle,101200-48-0,Herbicide,N Organique,,0.15
2016,35310,Non,2110104,clopyralid (sous forme de sel de monoethanolamine),57754-85-5,Herbicide,Autre,,0.72
2016,35310,Non,2110104,florasulame,145701-23-1,Herbicide,N Organique,,0.0225
2016,35310,Non,2110104,fluroxypyr,69377-81-7,Herbicide,N Organique,,0.9
2016,35310,Non,2110105,azoxystrobine,131860-33-8,Fongicide,"T, T+, CMR",,46.25
2016,35310,Non,2110109,cyprosulfamide,221667-31-8,Autre usage – Coformulant / Phytoprotecteur / Synergiste,Autre,,9.57
2016,35310,Non,2110109,isoxaflutole,141112-29-0,Herbicide,"T, T+, CMR",,14.5
2016,35310,Non,2110109,thiencarbazone-methyl,317815-83-1,Herbicide,"T, T+, CMR",,5.8
2016,35310,Non,2110121,thiaclopride,111988-49-9,Insecticide,"T, T+, CMR",,37.752
2016,35310,Non,2110153,chlormequat chlorure,999-81-5,Régulateur de croissance,Autre,,61.5
2016,35310,Non,2110153,ethephon,16672-87-0,Régulateur de croissance,"T, T+, CMR",,30.75
2016,35310,Non,2110156,desmediphame,13684-56-5,Herbicide,N Organique,,0.125
2016,35310,Non,2110156,ethofumesate,26225-79-6,Herbicide,N Organique,,0.75
2016,35310,Non,2110156,phenmediphame,13684-63-4,Herbicide,N Organique,,0.375
2016,35310,Non,2110162,azoxystrobine,131860-33-8,Fongicide,"T, T+, CMR",,2.5
2016,35310,Non,2110177,chlorothalonil,1897-45-6,Fongicide,"T, T+, CMR",,215.625
2016,35310,Non,2110177,cyproconazole,94361-06-5,Fongicide,"T, T+, CMR",,28.75
2016,35310,Non,2110177,propiconazole,60207-90-1,Fongicide,N Organique,,35.9375
2016,35310,Non,2110178,bixafen,581809-46-3,Fongicide,N Organique,,10.12575
2016,35310,Non,2110178,prothioconazole,178928-70-6,Fongicide,"T, T+, CMR",,20.2515
2016,35310,Non,2110181,bixafen,581809-46-3,Fongicide,N Organique,,3.75
2016,35310,Non,2110181,prothioconazole,178928-70-6,Fongicide,"T, T+, CMR",,5
2016,35310,Non,2110181,tebuconazole,107534-96-3,Fongicide,"T, T+, CMR",,5
2016,35310,Non,2110192,metsulfuron-methyl,74223-64-6,Herbicide,N Organique,,0.34
2016,35310,Non,2110198,glyphosate,1071-83-6,Herbicide,N Organique,,36
2016,35310,Non,2110201,boscalid,188425-85-6,Fongicide,N Organique,,6.3
2016,35310,Non,2110201,epoxiconazole,133855-98-8,Fongicide,"T, T+, CMR",,2.25
2016,35310,Non,2110201,pyraclostrobine,175013-18-0,Fongicide,"T, T+, CMR",,2.7
2016,35310,Non,2120034,glyphosate,1071-83-6,Herbicide,N Organique,,57.6
2016,35310,Non,2120041,zirame,137-30-4,Fongicide,"T, T+, CMR",,1.071
2016,35310,Non,2120048,aminopyralid,150114-71-9,Herbicide,N Organique,,1.29
2016,35310,Non,2120048,triclopyr,55335-06-3,Herbicide,N Organique,,10.32
2016,35310,Non,2120066,dichlorprop-p,15165-67-0,Herbicide,Autre,,24.042
2016,35310,Non,2120066,picolinafen,137641-05-5,Herbicide,N Organique,,0.8014
2016,35310,Non,2120070,prothioconazole,178928-70-6,Fongicide,"T, T+, CMR",,4.0
2016,35310,Non,2120070,tebuconazole,107534-96-3,Fongicide,"T, T+, CMR",,2.0
2016,35310,Non,2120075,dimethenamide-p (dmta-p),163515-14-8,Herbicide,N Organique,,16
2016,35310,Non,2120075,metazachlore,67129-08-2,Herbicide,"T, T+, CMR",,16
2016,35310,Non,2120075,quinmerac,90717-03-6,Herbicide,N Organique,,8
2016,35310,Non,2120093,epoxiconazole,133855-98-8,Fongicide,"T, T+, CMR",,1.875
2016,35310,Non,2120117,"2,4-d",94-75-7,Herbicide,N Organique,,0.58116
2016,35310,Non,2120117,triclopyr,55335-06-3,Herbicide,N Organique,,0.648294
2016,35310,Non,2120160,bentazone,25057-89-0,Herbicide,N Organique,,2.4
2016,35310,Non,2120194,metsulfuron-methyl,74223-64-6,Herbicide,N Organique,,0.40
2016,35310,Non,2120205,epoxiconazole,133855-98-8,Fongicide,"T, T+, CMR",,25.792
2016,35310,Non,2120205,fluxapyroxad,907204-31-3,Fongicide,"T, T+, CMR",,25.792
2016,35310,Non,2120205,pyraclostrobine,175013-18-0,Fongicide,"T, T+, CMR",,41.292
2016,35310,Non,2120210,dicamba,1918-00-9,Herbicide,N Organique,,14.4
2016,35310,Non,2130013,clomazone,81777-89-1,Herbicide,N Organique,,0.72
2016,35310,Non,2130063,nicosulfuron,111991-09-4,Herbicide,N Organique,,0.6
2016,35310,Non,2130068,diflufenicanil,83164-33-4,Herbicide,N Organique,,7.5
2016,35310,Non,2130075,metaldehyde,108-62-3,Molluscicide,Autre,,4.8
2016,35310,Non,2130082,metaldehyde,108-62-3,Molluscicide,Autre,,1.6
2016,35310,Non,2130083,lambda-cyhalothrine,91465-08-6,Insecticide,"T, T+, CMR",,0.8
2016,35310,Non,2130084,metaldehyde,108-62-3,Molluscicide,Autre,,3.36
2016,35310,Non,2130091,diflufenicanil,83164-33-4,Herbicide,N Organique,,1
2016,35310,Non,2130105,metaldehyde,108-62-3,Molluscicide,Autre,,6.24
2016,35310,Non,2130131,epoxiconazole,133855-98-8,Fongicide,"T, T+, CMR",,0.625
2016,35310,Non,2130140,diflufenicanil,83164-33-4,Herbicide,N Organique,,11.2
2016,35310,Non,2130140,pendimethaline,40487-42-1,Herbicide,N Organique,,112
2016,35310,Non,2130152,fluopyram,658066-35-4,Fongicide,"T, T+, CMR",,0.25
2016,35310,Non,2130152,trifloxystrobine,141517-21-7,Fongicide,N Organique,,0.25
2016,35310,Non,2130164,foramsulfuron,173159-57-4,Herbicide,N Organique,,3.0
2016,35310,Non,2130164,thiencarbazone-methyl,317815-83-1,Herbicide,"T, T+, CMR",,1.0
2016,35310,Non,2130196,chlorothalonil,1897-45-6,Fongicide,"T, T+, CMR",,7.5
2016,35310,Non,2130196,cyproconazole,94361-06-5,Fongicide,"T, T+, CMR",,1
2016,35310,Non,2130196,propiconazole,60207-90-1,Fongicide,N Organique,,1.25
2016,35310,Non,2130202,fluopyram,658066-35-4,Fongicide,"T, T+, CMR",,4.375
2016,35310,Non,2130202,prothioconazole,178928-70-6,Fongicide,"T, T+, CMR",,4.375
2016,35310,Non,2130243,cyprodinil,121552-61-2,Fongicide,N Organique,,3
2016,35310,Non,2130247,trinexapac-ethyl,95266-40-3,Régulateur de croissance,N Organique,,1.25
2016,35310,Non,2140002,florasulame,145701-23-1,Herbicide,N Organique,,0.085
2016,35310,Non,2140034,mesotrione,104206-82-8,Herbicide,N Organique,,2
2016,35310,Non,2140039,imidaclopride,138261-41-3,Insecticide,N Organique,,189.3115
2016,35310,Non,2140039,prothioconazole,178928-70-6,Fongicide,"T, T+, CMR",,27.0445
2016,35310,Non,2140078,fludioxonil,131341-86-1,Fongicide,N Organique,,10
2016,35310,Non,2140078,tefluthrine,79538-32-2,Insecticide,"T, T+, CMR",,40
2016,35310,Non,2140082,trinexapac-ethyl,95266-40-3,Régulateur de croissance,N Organique,,3.50
2016,35310,Non,2140093,glyphosate,1071-83-6,Herbicide,N Organique,,135
2016,35310,Non,2140098,aminopyralid,150114-71-9,Herbicide,N Organique,,0.1054
2016,35310,Non,2140098,propyzamide,23950-58-5,Herbicide,"T, T+, CMR",,10
2016,35310,Non,2140106,huile minerale paraffinique,8042-47-5,Insecticide - Acaricide,Autre,,0.395
2016,35310,Non,2140108,dimethenamide-p (dmta-p),163515-14-8,Herbicide,N Organique,,3
2016,35310,Non,2140108,metazachlore,67129-08-2,Herbicide,"T, T+, CMR",,3
2016,35310,Non,2140108,quinmerac,90717-03-6,Herbicide,N Organique,,1.5
2016,35310,Non,2140173,fluxapyroxad,907204-31-3,Fongicide,"T, T+, CMR",,17.8125
2016,35310,Non,2140173,metconazole,125116-23-6,Fongicide,"T, T+, CMR",,12.825
2016,35310,Non,2140192,chlorpyriphos-methyl,5598-13-0,Insecticide,N Organique,,0.6
2016,35310,Non,2140192,cypermethrine,52315-07-8,Insecticide,N Organique,,0.4
2016,35310,Non,2140220,foramsulfuron,173159-57-4,Herbicide,N Organique,,0.6
2016,35310,Non,2140220,thiencarbazone-methyl,317815-83-1,Herbicide,"T, T+, CMR",,0.2
2016,35310,Non,2140256,chlorpyriphos-methyl,5598-13-0,Insecticide,N Organique,,3.2625
2016,35310,Non,2140257,iodosulfuron-methyl-sodium,144550-36-7,Herbicide,N Organique,,0.08
2016,35310,Non,2140257,mefenpyr-diethyl,135590-91-9,Autre usage – Coformulant / Phytoprotecteur / Synergiste,Autre,,1.2
2016,35310,Non,2140257,mesosulfuron-methyl,208465-21-8,Herbicide,N Organique,,0.4
2016,35310,Non,2140258,iodosulfuron-methyl-sodium,144550-36-7,Herbicide,N Organique,,0.9
2016,35310,Non,2140258,mesosulfuron-methyl,208465-21-8,Herbicide,N Organique,,0.9
2016,35310,Non,2140266,epoxiconazole,133855-98-8,Fongicide,"T, T+, CMR",,5.46
2016,35310,Non,2140266,fluxapyroxad,907204-31-3,Fongicide,"T, T+, CMR",,5.46
2016,35310,Non,2140266,pyraclostrobine,175013-18-0,Fongicide,"T, T+, CMR",,8.84
2016,35310,Non,2150098,azoxystrobine,131860-33-8,Fongicide,"T, T+, CMR",,2.828
2016,35310,Non,2150098,propiconazole,60207-90-1,Fongicide,N Organique,,2.448
2016,35310,Non,2150200,chlorothalonil,1897-45-6,Fongicide,"T, T+, CMR",,60
2016,35310,Non,2150280,imidaclopride,138261-41-3,Insecticide,N Organique,,18.774
2016,35310,Non,2150484,clopyralid,1702-17-6,Herbicide,Autre,,3.9
2016,35310,Non,2150484,florasulame,145701-23-1,Herbicide,N Organique,,0.325
2016,35310,Non,2160160,bromoxynil,1689-84-5,Herbicide,"T, T+, CMR",,3.2
2016,35310,Non,2160160,diflufenicanil,83164-33-4,Herbicide,N Organique,,0.534
2016,35310,Non,5100219,soufre sublime,7704-34-9,Fongicide,Autre,,49.5
2016,35310,Non,6400401,lenacile,2164-08-1,Herbicide,"T, T+, CMR",,1.6
2016,35310,Non,6500402,"2,4-d",94-75-7,Herbicide,N Organique,,9.6
2016,35310,Non,7300221,chlortoluron,15545-48-9,Herbicide,"T, T+, CMR",,85
2016,35310,Non,7400815,chlormequat chlorure,999-81-5,Régulateur de croissance,Autre,,96.6
2016,35310,Non,7500716,cuivre du sulfate de cuivre,8011-63-0,Fongicide,N minéral,,4
2016,35310,Non,7600557,carbetamide,16118-49-3,Herbicide,"T, T+, CMR",,4.5
2016,35310,Non,7800790,bromoxynil octanoate,1689-99-2,Herbicide,"T, T+, CMR",,3.0
2016,35310,Non,7800790,dicamba,1918-00-9,Herbicide,N Organique,,0.60
2016,35310,Non,7800790,mecoprop (mcpp),7085-19-0,Herbicide,N Organique,,9.0
2016,35310,Non,7900753,clopyralid (sous forme de sel de monoethanolamine),57754-85-5,Herbicide,Autre,,1.2
2016,35310,Non,8100283,linuron,330-55-2,Herbicide,"T, T+, CMR",,2.25
2016,35310,Non,8100291,metazachlore,67129-08-2,Herbicide,"T, T+, CMR",,2.5
2016,35310,Non,8100345,hymexazol,10004-44-1,Fongicide,N Organique,,0.042
2016,35310,Non,8200307,isoproturon,34123-59-6,Herbicide,"T, T+, CMR",,77.5
2016,35310,Non,8200538,"2,4-d",94-75-7,Herbicide,N Organique,,1.5
2016,35310,Non,8200538,"2,4-mcpa",94-74-6,Herbicide,N Organique,,1.75
2016,35310,Non,8200538,clopyralid (sous forme de sel de monoethanolamine),57754-85-5,Herbicide,Autre,,0.35
2016,35310,Non,8200575,cypermethrine,52315-07-8,Insecticide,N Organique,,0.5
2016,35310,Non,8300243,chlorothalonil,1897-45-6,Fongicide,"T, T+, CMR",,192.5
2016,35310,Non,8300270,chlorothalonil,1897-45-6,Fongicide,"T, T+, CMR",,10
2016,35310,Non,8400096,dicamba,1918-00-9,Herbicide,N Organique,,42.72
2016,35310,Non,8400255,metsulfuron-methyl,74223-64-6,Herbicide,N Organique,,0.32
2016,35310,Non,8400528,isoxaben,82558-50-7,Herbicide,N Organique,,6.750
2016,35310,Non,8400574,propyzamide,23950-58-5,Herbicide,"T, T+, CMR",,20
2016,35310,Non,8500351,acide b-indole butyrique (aib),133-32-4,Régulateur de croissance,"T, T+, CMR",,0.000125
2016,35310,Non,8600243,aclonifen,74070-46-5,Herbicide,"T, T+, CMR",,6
2016,35310,Non,8700462,prosulfocarbe,52888-80-9,Herbicide,N Organique,,584
2016,35310,Non,8800011,carboxine,5234-68-4,Fongicide,N Organique,,12.2364
2016,35310,Non,8800011,thirame,137-26-8,Fongicide,N Organique,,12.2364
2016,35310,Non,8800029,phenmediphame,13684-63-4,Herbicide,N Organique,,1.59
2016,35310,Non,8800199,propaquizafop,111479-05-1,Herbicide,N Organique,,0.5
2016,35310,Non,8800395,lambda-cyhalothrine,91465-08-6,Insecticide,"T, T+, CMR",,0.30
2016,35310,Non,8800395,pyrimicarbe,23103-98-2,Insecticide,"T, T+, CMR",,6
2016,35310,Non,8800488,chlorothalonil,1897-45-6,Fongicide,"T, T+, CMR",,42.5
2016,35310,Non,8800827,chlortoluron,15545-48-9,Herbicide,"T, T+, CMR",,72.5
2016,35310,Non,8800827,isoxaben,82558-50-7,Herbicide,N Organique,,2.7115
2016,35310,Non,8800941,metaldehyde,108-62-3,Molluscicide,Autre,,1.056
2016,35310,Non,8900564,tau-fluvalinate,102851-06-9,Insecticide,N Organique,,0.72
2016,35310,Non,8900681,pendimethaline,40487-42-1,Herbicide,N Organique,,22
2016,35310,Non,9000184,"2,4-mcpa",94-74-6,Herbicide,N Organique,,51
2016,35310,Non,9000184,clopyralid (sous forme de sel de monoethanolamine),57754-85-5,Herbicide,Autre,,5.1
2016,35310,Non,9000184,fluroxypyr,69377-81-7,Herbicide,N Organique,,10.2
2016,35310,Non,9000259,amidosulfuron,120923-37-7,Herbicide,N Organique,,1.89
2016,35310,Non,9000471,glufosinate ammonium,77182-82-2,Herbicide,"T, T+, CMR",,2.25
2016,35310,Non,9000490,cycloxydime,101205-02-1,Herbicide,"T, T+, CMR",,0.6
2016,35310,Non,9000753,metaldehyde,108-62-3,Molluscicide,Autre,,11
2016,35310,Non,9000833,metazachlore,67129-08-2,Herbicide,"T, T+, CMR",,24
2016,35310,Non,9000833,quinmerac,90717-03-6,Herbicide,N Organique,,6
2016,35310,Non,9100034,chlormequat chlorure,999-81-5,Régulateur de croissance,Autre,,13.8
2016,35310,Non,9100046,trinexapac-ethyl,95266-40-3,Régulateur de croissance,N Organique,,3.5
2016,35310,Non,9100418,nicosulfuron,111991-09-4,Herbicide,N Organique,,4.64
2016,35310,Non,9100505,glyphosate,1071-83-6,Herbicide,N Organique,,1.8
2016,35310,Non,9100537,glyphosate,1071-83-6,Herbicide,N Organique,,57.6
2016,35310,Non,9100645,clodinafop-propargyl,105512-06-9,Herbicide,N Organique,,0.2
2016,35310,Non,9100645,cloquintocet-mexyl,99607-70-2,Autre usage – Coformulant / Phytoprotecteur / Synergiste,Autre,,0.05
2016,35310,Non,9200018,epoxiconazole,133855-98-8,Fongicide,"T, T+, CMR",,0.25
2016,35310,Non,9200022,fenpropidine,67306-00-7,Fongicide,N Organique,,5
2016,35310,Non,9200022,propiconazole,60207-90-1,Fongicide,N Organique,,1.25
2016,35310,Non,9200073,triflusulfuron-methyl,126535-15-7,Herbicide,"T, T+, CMR",,0.25
2016,35310,Non,9200078,tebuconazole,107534-96-3,Fongicide,"T, T+, CMR",,2.5
2016,35310,Non,9200091,imidaclopride,138261-41-3,Insecticide,N Organique,,22.3475
2016,35310,Non,9200262,iprodione,36734-19-7,Fongicide,"T, T+, CMR",,0.505
2016,35310,Non,9200383,lambda-cyhalothrine,91465-08-6,Insecticide,"T, T+, CMR",,0.1
2016,35310,Non,9200461,chlormequat chlorure,999-81-5,Régulateur de croissance,Autre,,29.325
2016,35310,Non,9200461,mepiquat-chlorure,24307-26-4,Régulateur de croissance,N Organique,,9.775
2016,35310,Non,9200494,ethephon,16672-87-0,Régulateur de croissance,"T, T+, CMR",,23.4
2016,35310,Non,9200494,trinexapac-ethyl,95266-40-3,Régulateur de croissance,N Organique,,23.4
2016,35310,Non,9200548,thirame,137-26-8,Fongicide,N Organique,,0.1104
2016,35310,Non,9300309,zetacypermethrine,52315-07-8,Insecticide,"T, T+, CMR",,1.1
2016,35310,Non,9300338,prochloraze,67747-09-5,Fongicide,N Organique,,11.25
2016,35310,Non,9300396,chlormequat chlorure,999-81-5,Régulateur de croissance,Autre,,59.8
2016,35310,Non,9300396,chlorure de choline,67-48-1,Autre usage – Coformulant / Phytoprotecteur / Synergiste,Autre,,41.6
2016,35310,Non,9400008,triticonazole,131983-72-7,Fongicide,N Organique,,0.168
2016,35310,Non,9400052,clethodime,99129-21-2,Herbicide,N Organique,,2.88
2016,35310,Non,9400067,dicamba,1918-00-9,Herbicide,N Organique,,21.0
2016,35310,Non,9400134,diflufenicanil,83164-33-4,Herbicide,N Organique,,9.5
2016,35310,Non,9400134,flurtamone,96525-23-4,Herbicide,N Organique,,23.75
2016,35310,Non,9400162,glyphosate,1071-83-6,Herbicide,N Organique,,28.8
2016,35310,Non,9400354,glyphosate,1071-83-6,Herbicide,N Organique,,93.6
2016,35310,Non,9400495,glyphosate,1071-83-6,Herbicide,N Organique,,2.16
2016,35310,Non,9500011,prochloraze,67747-09-5,Fongicide,N Organique,,6.75
2016,35310,Non,9500135,metaldehyde,108-62-3,Molluscicide,Autre,,1
2016,35310,Non,9500159,glyphosate,1071-83-6,Herbicide,N Organique,,64.8
2016,35310,Non,9500223,prochloraze,67747-09-5,Fongicide,N Organique,,14.6905
2016,35310,Non,9500223,tebuconazole,107534-96-3,Fongicide,"T, T+, CMR",,7.2875
2016,35310,Non,9500551,chlormequat chlorure,999-81-5,Régulateur de croissance,Autre,,9.2
2016,35310,Non,9500551,ethephon,16672-87-0,Régulateur de croissance,"T, T+, CMR",,6.2
2016,35310,Non,9500551,mepiquat-chlorure,24307-26-4,Régulateur de croissance,N Organique,,3
2016,35310,Non,9500562,glyphosate,1071-83-6,Herbicide,N Organique,,0.2304
2016,35310,Non,9500581,chlormequat chlorure,999-81-5,Régulateur de croissance,Autre,,120
2016,35310,Non,9500581,ethephon,16672-87-0,Régulateur de croissance,"T, T+, CMR",,60
2016,35310,Non,9600093,azoxystrobine,131860-33-8,Fongicide,"T, T+, CMR",,6.25
2016,35310,Non,9600197,carfentrazone ethyl,128639-02-1,Herbicide,N Organique,,1.40
2016,35310,Non,9600197,metsulfuron-methyl,74223-64-6,Herbicide,N Organique,,0.35
2016,35310,Non,9600390,glyphosate,1071-83-6,Herbicide,N Organique,,14.4
2016,35310,Non,9600550,diflufenicanil,83164-33-4,Herbicide,N Organique,,0.4
2016,35310,Non,9600550,glyphosate,1071-83-6,Herbicide,N Organique,,2.50
2016,35310,Non,9700278,alphamethrine,67375-30-8,Insecticide,"T, T+, CMR",,0.45
2016,35310,Non,9700332,azoxystrobine,131860-33-8,Fongicide,"T, T+, CMR",,1
2016,35310,Non,9700521,glyphosate,1071-83-6,Herbicide,N Organique,,0.36
2016,35310,Non,9700554,prochloraze,67747-09-5,Fongicide,N Organique,,6
2016,35310,Non,9700554,propiconazole,60207-90-1,Fongicide,N Organique,,1.35
2016,35310,Non,9700558,ethephon,16672-87-0,Régulateur de croissance,"T, T+, CMR",,4.8
2016,35310,Non,9800018,clomazone,81777-89-1,Herbicide,N Organique,,4.95
2016,35310,Non,9800018,dimethachlore,50563-36-5,Herbicide,N Organique,,30.9375
2016,35310,Non,9800018,napropamide,15299-99-7,Herbicide,N Organique,,30.9375
2016,35310,Non,9800098,metamitrone,41394-05-2,Herbicide,N Organique,,10.8
2016,35310,Non,9800144,indoxacarbe,173584-44-6,Insecticide,"T, T+, CMR",,0.9
2016,35310,Non,9800210,phenmediphame,13684-63-4,Herbicide,N Organique,,0.8
2016,35310,Non,9800219,ethephon,16672-87-0,Régulateur de croissance,"T, T+, CMR",,3.6
2016,35310,Non,9800231,mancozebe,8018-01-7,Fongicide,"T, T+, CMR",,0.24
2016,35310,Non,9800231,myclobutanil,88671-89-0,Fongicide,"T, T+, CMR",,0.009
2016,35310,Non,9800277,florasulame,145701-23-1,Herbicide,N Organique,,0.2500
2016,35310,Non,9800280,bacillus thuringiensis sp. tenebrionis,68038-71-1,Insecticide,Autre,,
2016,35310,Non,9800294,glyphosate,1071-83-6,Herbicide,N Organique,,7.2
2016,35310,Non,9800336,lambda-cyhalothrine,91465-08-6,Insecticide,"T, T+, CMR",,1.1
2016,35310,Non,9800343,clomazone,81777-89-1,Herbicide,N Organique,,2.4
2016,35310,Non,9800343,dimethachlore,50563-36-5,Herbicide,N Organique,,20
2016,35310,Non,9800344,fludioxonil,131341-86-1,Fongicide,N Organique,,0.39475
2016,35310,Non,9800344,metalaxyl-m,70630-17-0,Fongicide,Autre,,0.153163
2016,35310,Non,9800365,oxyfluorfene,42874-03-3,Herbicide,"T, T+, CMR",,0.1
2016,35310,Non,9800365,propyzamide,23950-58-5,Herbicide,"T, T+, CMR",,0.28
2016,35310,Non,9800453,cyproconazole,94361-06-5,Fongicide,"T, T+, CMR",,25.2
2016,35310,Non,9800453,prochloraze,67747-09-5,Fongicide,N Organique,,94.5
2016,35310,Non,9800458,propaquizafop,111479-05-1,Herbicide,N Organique,,2
2016,35310,Non,9800477,bentazone,25057-89-0,Herbicide,N Organique,,22.4
2016,35310,Non,9800477,dicamba,1918-00-9,Herbicide,N Organique,,6.3
2016,35310,Non,9900016,bromoxynil octanoate,1689-99-2,Herbicide,"T, T+, CMR",,1.125
2016,35310,Non,9900047,mesotrione,104206-82-8,Herbicide,N Organique,,36.6
2016,35310,Non,9900201,glyphosate,1071-83-6,Herbicide,N Organique,,7.02
2016,35310,Non,9900206,picoxystrobine,117428-22-5,Fongicide,N Organique,,8.75
2016,35310,Non,9900251,dimethenamide-p (dmta-p),163515-14-8,Herbicide,N Organique,,86.4
2016,35310,Non,9900262,flazasulfuron,104040-78-0,Herbicide,N Organique,,0.05
2016,35310,Non,9900269,glyphosate,1071-83-6,Herbicide,N Organique,,28.8
2016,35310,Non,9900412,fluroxypyr,69377-81-7,Herbicide,N Organique,,5
2016,35410,Non,2000018,soufre pour pulverisation (micronise),7704-34-9,Fongicide,Autre,,128
2016,35410,Non,2000201,silthiofam,175217-20-6,Fongicide,N Organique,,0.03875
2016,35410,Non,2000299,clomazone,81777-89-1,Herbicide,N Organique,,16.56
2016,35410,Non,2000301,foramsulfuron,173159-57-4,Herbicide,N Organique,,1.125
2016,35410,Non,2000301,isoxadifen-ethyl,163520-33-0,Autre usage – Coformulant / Phytoprotecteur / Synergiste,N Organique,,1.125
2016,35410,Non,2000380,clethodime,99129-21-2,Herbicide,N Organique,,1.92
2016,35410,Non,2010023,deltamethrine,52918-63-5,Insecticide,"T, T+, CMR",,0.45
2016,35410,Non,2010025,desmediphame,13684-56-5,Herbicide,N Organique,,0.125
2016,35410,Non,2010025,ethofumesate,26225-79-6,Herbicide,N Organique,,0.755
2016,35410,Non,2010025,phenmediphame,13684-63-4,Herbicide,N Organique,,0.375
2016,35410,Non,2010239,florasulame,145701-23-1,Herbicide,N Organique,,0.035
2016,35410,Non,2010239,fluroxypyr,69377-81-7,Herbicide,N Organique,,3.5
2016,35410,Non,2010240,florasulame,145701-23-1,Herbicide,N Organique,,0.0625
2016,35410,Non,2010240,fluroxypyr,69377-81-7,Herbicide,N Organique,,2.5
2016,35410,Non,2010280,metconazole,125116-23-6,Fongicide,"T, T+, CMR",,1.8
2016,35410,Non,2010282,cypermethrine,52315-07-8,Insecticide,N Organique,,0.5
2016,35410,Non,2010326,metconazole,125116-23-6,Fongicide,"T, T+, CMR",,4.95
2016,35410,Non,2010419,iodosulfuron-methyl-sodium,144550-36-7,Herbicide,N Organique,,0.0108
2016,35410,Non,2010419,mefenpyr-diethyl,135590-91-9,Autre usage – Coformulant / Phytoprotecteur / Synergiste,Autre,,0.162
2016,35410,Non,2010419,mesosulfuron-methyl,208465-21-8,Herbicide,N Organique,,0.054
2016,35410,Non,2010427,quizalofop-p-ethyl,100646-51-3,Herbicide,N Organique,,1.44
2016,35410,Non,2010513,bacillus thuringiensis serotype 3a 3b,68038-71-1,Insecticide,Autre,,
2016,35410,Non,2010612,glyphosate,1071-83-6,Herbicide,N Organique,,7.2
2016,35410,Non,2020049,iodosulfuron-methyl-sodium,144550-36-7,Herbicide,N Organique,,0.0036
2016,35410,Non,2020049,mefenpyr-diethyl,135590-91-9,Autre usage – Coformulant / Phytoprotecteur / Synergiste,Autre,,0.054
2016,35410,Non,2020049,mesosulfuron-methyl,208465-21-8,Herbicide,N Organique,,0.018
2016,35410,Non,2020099,trifloxystrobine,141517-21-7,Fongicide,N Organique,,7.0
2016,35410,Non,2020224,iodosulfuron-methyl-sodium,144550-36-7,Herbicide,N Organique,,0.180
2016,35410,Non,2020224,mefenpyr-diethyl,135590-91-9,Autre usage – Coformulant / Phytoprotecteur / Synergiste,Autre,,0.540
2016,35410,Non,2020224,mesosulfuron-methyl,208465-21-8,Herbicide,N Organique,,0.180
2016,35410,Non,2020226,clethodime,99129-21-2,Herbicide,N Organique,,1.56
2016,35410,Non,2030010,clomazone,81777-89-1,Herbicide,N Organique,,0.72
2016,35410,Non,2030255,tebuconazole,107534-96-3,Fongicide,"T, T+, CMR",,21.25
2016,35410,Non,2030273,lambda-cyhalothrine,91465-08-6,Insecticide,"T, T+, CMR",,0.00015
2016,35410,Non,2030273,pyrimicarbe,23103-98-2,Insecticide,"T, T+, CMR",,0.003
2016,35410,Non,2030323,fludioxonil,131341-86-1,Fongicide,N Organique,,0.14975
2016,35410,Non,2030342,chlormequat chlorure,999-81-5,Régulateur de croissance,Autre,,18.4
2016,35410,Non,2030342,chlorure de choline,67-48-1,Autre usage – Coformulant / Phytoprotecteur / Synergiste,Autre,,12.8
2016,35410,Non,2030404,pendimethaline,40487-42-1,Herbicide,N Organique,,8
2016,35410,Non,2040146,tefluthrine,79538-32-2,Insecticide,"T, T+, CMR",,0.542
2016,35410,Non,2040199,metamitrone,41394-05-2,Herbicide,N Organique,,1.4
2016,35410,Non,2040310,prochloraze,67747-09-5,Fongicide,N Organique,,3.60585
2016,35410,Non,2040310,tebuconazole,107534-96-3,Fongicide,"T, T+, CMR",,1.78875
2016,35410,Non,2050046,flonicamide,158062-67-0,Insecticide,Autre,,1.75
2016,35410,Non,2050075,boscalid,188425-85-6,Fongicide,N Organique,,7.50
2016,35410,Non,2060002,difenoconazole,119446-68-3,Fongicide,N Organique,,1.25
2016,35410,Non,2060045,huile vegetale,,SA non phyto - Divers,Autre,,1.225
2016,35410,Non,2060045,resines (colophane),8050-09-7,SA non phyto - Divers,Autre,,11.9
2016,35410,Non,2060063,picolinafen,137641-05-5,Herbicide,N Organique,,0.75
2016,35410,Non,2060088,benoxacor,98730-04-2,Autre usage – Coformulant / Phytoprotecteur / Synergiste,Autre,,9.2
2016,35410,Non,2060088,mesotrione,104206-82-8,Herbicide,N Organique,,18.4
2016,35410,Non,2060088,s-metolachlore,87392-12-9,Herbicide,N Organique,,184
2016,35410,Non,2060091,diflufenicanil,83164-33-4,Herbicide,N Organique,,3.125
2016,35410,Non,2060091,isoproturon,34123-59-6,Herbicide,"T, T+, CMR",,25
2016,35410,Non,2060116,prothioconazole,178928-70-6,Fongicide,"T, T+, CMR",,2.95
2016,35410,Non,2060131,"2,4-d",94-75-7,Herbicide,N Organique,,0.465
2016,35410,Non,2060131,triclopyr,55335-06-3,Herbicide,N Organique,,0.5180
2016,35410,Non,2060133,thiaclopride,111988-49-9,Insecticide,"T, T+, CMR",,5.76
2016,35410,Non,2060134,captane,133-06-2,Fongicide,"T, T+, CMR",,144
2016,35410,Non,2060137,ethofumesate,26225-79-6,Herbicide,N Organique,,10
2016,35410,Non,2060175,metaldehyde,108-62-3,Molluscicide,Autre,,11.46
2016,35410,Non,2070221,metazachlore,67129-08-2,Herbicide,"T, T+, CMR",,15.6
2016,35410,Non,2070221,quinmerac,90717-03-6,Herbicide,N Organique,,3.9
2016,35410,Non,2080026,nicosulfuron,111991-09-4,Herbicide,N Organique,,7.92
2016,35410,Non,2080070,boscalid,188425-85-6,Fongicide,N Organique,,2.52
2016,35410,Non,2080070,pyraclostrobine,175013-18-0,Fongicide,"T, T+, CMR",,1.28
2016,35410,Non,2080094,florasulame,145701-23-1,Herbicide,N Organique,,0.02
2016,35410,Non,2080094,isoxaben,82558-50-7,Herbicide,N Organique,,0.305
2016,35410,Non,2080101,acetamipride,135410-20-7,Insecticide,N Organique,,1.2
2016,35410,Non,2080103,thiophanate-methyl,23564-05-8,Fongicide,"T, T+, CMR",,15
2016,35410,Non,2080112,thirame,137-26-8,Fongicide,N Organique,,2.7024
2016,35410,Non,2080114,cymoxanil,57966-95-7,Fongicide,"T, T+, CMR",,0.5
2016,35410,Non,2080114,propamocarbe,24579-73-5,Fongicide,Autre,,4
2016,35410,Non,2080117,prosulfuron,94125-34-5,Herbicide,N Organique,,5.5125
2016,35410,Non,2080123,metsulfuron-methyl,74223-64-6,Herbicide,N Organique,,1.16
2016,35410,Non,2080145,diflufenicanil,83164-33-4,Herbicide,N Organique,,15.5
2016,35410,Non,2080145,flufenacet,142459-58-3,Herbicide,N Organique,,31
2016,35410,Non,2090008,thirame,137-26-8,Fongicide,N Organique,,0.11193
2016,35410,Non,2090011,pendimethaline,40487-42-1,Herbicide,N Organique,,4.55
2016,35410,Non,2090016,imazamox,114311-32-9,Herbicide,N Organique,,1.670
2016,35410,Non,2090016,pendimethaline,40487-42-1,Herbicide,N Organique,,25.0
2016,35410,Non,2090024,sulcotrione,99105-77-8,Herbicide,"T, T+, CMR",,1.5
2016,35410,Non,2090037,dicamba,1918-00-9,Herbicide,N Organique,,3.0
2016,35410,Non,2090037,prosulfuron,94125-34-5,Herbicide,N Organique,,0.30
2016,35410,Non,2090038,beflubutamide,113614-08-7,Herbicide,N Organique,,3.4
2016,35410,Non,2090038,isoproturon,34123-59-6,Herbicide,"T, T+, CMR",,20
2016,35410,Non,2090041,cloquintocet-mexyl,99607-70-2,Autre usage – Coformulant / Phytoprotecteur / Synergiste,Autre,,0.15
2016,35410,Non,2090041,pyroxsulame,422556-08-9,Herbicide,"T, T+, CMR",,0.15
2016,35410,Non,2090042,cloquintocet-mexyl,99607-70-2,Autre usage – Coformulant / Phytoprotecteur / Synergiste,Autre,,0.484247
2016,35410,Non,2090042,florasulame,145701-23-1,Herbicide,N Organique,,0.161652
2016,35410,Non,2090042,pyroxsulame,422556-08-9,Herbicide,"T, T+, CMR",,0.484247
2016,35410,Non,2090050,cypermethrine,52315-07-8,Insecticide,N Organique,,0.192
2016,35410,Non,2090053,bromoxynil octanoate,1689-99-2,Herbicide,"T, T+, CMR",,9.17
2016,35410,Non,2090053,isoxadifen-ethyl,163520-33-0,Autre usage – Coformulant / Phytoprotecteur / Synergiste,N Organique,,0.875
2016,35410,Non,2090053,tembotrione,335104-84-2,Herbicide,"T, T+, CMR",,1.75
2016,35410,Non,2090054,metsulfuron-methyl,74223-64-6,Herbicide,N Organique,,0.32175
2016,35410,Non,2090054,tribenuron-methyle,101200-48-0,Herbicide,N Organique,,0.32175
2016,35410,Non,2090057,metsulfuron-methyl,74223-64-6,Herbicide,N Organique,,0.14985
2016,35410,Non,2090057,tribenuron-methyle,101200-48-0,Herbicide,N Organique,,0.2997
2016,35410,Non,2090068,mepiquat-chlorure,24307-26-4,Régulateur de croissance,N Organique,,2.10
2016,35410,Non,2090068,metconazole,125116-23-6,Fongicide,"T, T+, CMR",,0.30
2016,35410,Non,2090069,bromoxynil,1689-84-5,Herbicide,"T, T+, CMR",,3.525
2016,35410,Non,2090071,bromoxynil,1689-84-5,Herbicide,"T, T+, CMR",,12.925
2016,35410,Non,2090072,florasulame,145701-23-1,Herbicide,N Organique,,0.025
2016,35410,Non,2090092,epoxiconazole,133855-98-8,Fongicide,"T, T+, CMR",,7.123875
2016,35410,Non,2090092,metconazole,125116-23-6,Fongicide,"T, T+, CMR",,5.224175
2016,35410,Non,2090094,thiophanate-methyl,23564-05-8,Fongicide,"T, T+, CMR",,21.12
2016,35410,Non,2090113,dimethenamide-p (dmta-p),163515-14-8,Herbicide,N Organique,,36.125
2016,35410,Non,2090113,pendimethaline,40487-42-1,Herbicide,N Organique,,42.5
2016,35410,Non,2090115,glyphosate,1071-83-6,Herbicide,N Organique,,57.6
2016,35410,Non,2090117,tebuconazole,107534-96-3,Fongicide,"T, T+, CMR",,1.2
2016,35410,Non,2090127,huile essentielle d'orange douce,8028-48-6,Régulateur de croissance,N Organique,,0.3
2016,35410,Non,2090153,dicamba,1918-00-9,Herbicide,N Organique,,1.2
2016,35410,Non,2090153,tritosulfuron,142469-14-5,Herbicide,N Organique,,0.25
2016,35410,Non,2090159,tritosulfuron,142469-14-5,Herbicide,N Organique,,3.1416
2016,35410,Non,2090160,glyphosate,1071-83-6,Herbicide,N Organique,,187.2
2016,35410,Non,2090164,glyphosate,1071-83-6,Herbicide,N Organique,,0.36
2016,35410,Non,2090186,prosulfocarbe,52888-80-9,Herbicide,N Organique,,16
2016,35410,Non,2100009,thifensulfuron-methyle,79277-27-3,Herbicide,N Organique,,0.05994
2016,35410,Non,2100009,tribenuron-methyle,101200-48-0,Herbicide,N Organique,,0.03006
2016,35410,Non,2100015,thifensulfuron-methyle,79277-27-3,Herbicide,N Organique,,0.315
2016,35410,Non,2100026,cypermethrine,52315-07-8,Insecticide,N Organique,,0.5
2016,35410,Non,2100028,fluroxypyr,69377-81-7,Herbicide,N Organique,,2
2016,35410,Non,2100030,phosphate ferrique,10045-86-0,Molluscicide,Autre,,0.594
2016,35410,Non,2100037,boscalid,188425-85-6,Fongicide,N Organique,,1.48
2016,35410,Non,2100037,dimoxystrobine,149961-52-4,Fongicide,"T, T+, CMR",,1.48
2016,35410,Non,2100053,fluroxypyr,69377-81-7,Herbicide,N Organique,,1
2016,35410,Non,2100056,prothioconazole,178928-70-6,Fongicide,"T, T+, CMR",,1.6
2016,35410,Non,2100056,spiroxamine,118134-30-8,Fongicide,N Organique,,3
2016,35410,Non,2100057,prothioconazole,178928-70-6,Fongicide,"T, T+, CMR",,42.875
2016,35410,Non,2100057,trifloxystrobine,141517-21-7,Fongicide,N Organique,,21.56
2016,35410,Non,2100069,metsulfuron-methyl,74223-64-6,Herbicide,N Organique,,0.07
2016,35410,Non,2100069,thifensulfuron-methyle,79277-27-3,Herbicide,N Organique,,0.68
2016,35410,Non,2100071,glyphosate,1071-83-6,Herbicide,N Organique,,14.4
2016,35410,Non,2100098,glyphosate,1071-83-6,Herbicide,N Organique,,1.8
2016,35410,Non,2100100,glyphosate,1071-83-6,Herbicide,N Organique,,1.8
2016,35410,Non,2100108,prothioconazole,178928-70-6,Fongicide,"T, T+, CMR",,5.625
2016,35410,Non,2100108,tebuconazole,107534-96-3,Fongicide,"T, T+, CMR",,5.625
2016,35410,Non,2100111,mesotrione,104206-82-8,Herbicide,N Organique,,6.375
2016,35410,Non,2100111,nicosulfuron,111991-09-4,Herbicide,N Organique,,2.55
2016,35410,Non,2100112,ethephon,16672-87-0,Régulateur de croissance,"T, T+, CMR",,4.8
2016,35410,Non,2100121,chlorantraniliprole,500008-45-7,Insecticide,N Organique,,2.69
2016,35410,Non,2100138,cloquintocet-mexyl,99607-70-2,Autre usage – Coformulant / Phytoprotecteur / Synergiste,Autre,,2.56275
2016,35410,Non,2100138,pinoxaden,243973-20-8,Herbicide,"T, T+, CMR",,10.251
2016,35410,Non,2100140,clodinafop-propargyl,105512-06-9,Herbicide,N Organique,,2.250
2016,35410,Non,2100140,cloquintocet-mexyl,99607-70-2,Autre usage – Coformulant / Phytoprotecteur / Synergiste,Autre,,0.56250
2016,35410,Non,2100140,pinoxaden,243973-20-8,Herbicide,"T, T+, CMR",,2.250
2016,35410,Non,2100154,chlorpyriphos-ethyl,2921-88-2,Insecticide,"T, T+, CMR",,10
2016,35410,Non,2100154,cypermethrine,52315-07-8,Insecticide,N Organique,,1
2016,35410,Non,2100164,fluroxypyr,69377-81-7,Herbicide,N Organique,,4
2016,35410,Non,2100179,azoxystrobine,131860-33-8,Fongicide,"T, T+, CMR",,0.8
2016,35410,Non,2100179,chlorothalonil,1897-45-6,Fongicide,"T, T+, CMR",,4
2016,35410,Non,2100231,emamectine benzoate,155569-91-8,Insecticide,"T, T+, CMR",,0.57
2016,35410,Non,2100234,diflufenicanil,83164-33-4,Herbicide,N Organique,,18.6
2016,35410,Non,2100234,iodosulfuron-methyl-sodium,144550-36-7,Herbicide,N Organique,,1.1625
2016,35410,Non,2100234,mefenpyr-diethyl,135590-91-9,Autre usage – Coformulant / Phytoprotecteur / Synergiste,Autre,,4.185
2016,35410,Non,2100234,mesosulfuron-methyl,208465-21-8,Herbicide,N Organique,,1.395
2016,35410,Non,2100235,fenoxaprop-p-ethyl,71283-80-2,Herbicide,N Organique,,4.16
2016,35410,Non,2100235,iodosulfuron-methyl-sodium,144550-36-7,Herbicide,N Organique,,0.52
2016,35410,Non,2100235,mefenpyr-diethyl,135590-91-9,Autre usage – Coformulant / Phytoprotecteur / Synergiste,Autre,,1.56
2016,35410,Non,2100245,prothioconazole,178928-70-6,Fongicide,"T, T+, CMR",,2.5
2016,35410,Non,2100245,tebuconazole,107534-96-3,Fongicide,"T, T+, CMR",,2.5
2016,35410,Non,2110004,propyzamide,23950-58-5,Herbicide,"T, T+, CMR",,6
2016,35410,Non,2110012,cyazofamide,120116-88-3,Fongicide,N Organique,,0.96
2016,35410,Non,2110013,bromoxynil,1689-84-5,Herbicide,"T, T+, CMR",,0.4016
2016,35410,Non,2110018,difenoconazole,119446-68-3,Fongicide,N Organique,,0.5835
2016,35410,Non,2110018,fludioxonil,131341-86-1,Fongicide,N Organique,,0.5835
2016,35410,Non,2110063,clopyralid,1702-17-6,Herbicide,Autre,,0.108
2016,35410,Non,2110077,cloquintocet-mexyl,99607-70-2,Autre usage – Coformulant / Phytoprotecteur / Synergiste,Autre,,0.1725
2016,35410,Non,2110077,fenoxaprop-p-ethyl,71283-80-2,Herbicide,N Organique,,0.345
2016,35410,Non,2110086,spirotetramat,203313-25-1,Insecticide,"T, T+, CMR",,2.5
2016,35410,Non,2110090,azoxystrobine,131860-33-8,Fongicide,"T, T+, CMR",,2.5
2016,35410,Non,2110095,cloquintocet-mexyl,99607-70-2,Autre usage – Coformulant / Phytoprotecteur / Synergiste,Autre,,0.16875
2016,35410,Non,2110095,florasulame,145701-23-1,Herbicide,N Organique,,0.075
2016,35410,Non,2110095,pinoxaden,243973-20-8,Herbicide,"T, T+, CMR",,0.675
2016,35410,Non,2110102,difenoconazole,119446-68-3,Fongicide,N Organique,,0.01975
2016,35410,Non,2110102,fludioxonil,131341-86-1,Fongicide,N Organique,,0.01975
2016,35410,Non,2110102,sedaxane,874967-67-6,Fongicide,N Organique,,0.0395
2016,35410,Non,2110103,tribenuron-methyle,101200-48-0,Herbicide,N Organique,,0.075
2016,35410,Non,2110105,azoxystrobine,131860-33-8,Fongicide,"T, T+, CMR",,16.25
2016,35410,Non,2110109,cyprosulfamide,221667-31-8,Autre usage – Coformulant / Phytoprotecteur / Synergiste,Autre,,1.32
2016,35410,Non,2110109,isoxaflutole,141112-29-0,Herbicide,"T, T+, CMR",,2.0
2016,35410,Non,2110109,thiencarbazone-methyl,317815-83-1,Herbicide,"T, T+, CMR",,0.8
2016,35410,Non,2110121,thiaclopride,111988-49-9,Insecticide,"T, T+, CMR",,9.344
2016,35410,Non,2110143,metribuzine,21087-64-9,Herbicide,N Organique,,1.2
2016,35410,Non,2110147,fludioxonil,131341-86-1,Fongicide,N Organique,,5
2016,35410,Non,2110153,chlormequat chlorure,999-81-5,Régulateur de croissance,Autre,,47.1
2016,35410,Non,2110153,ethephon,16672-87-0,Régulateur de croissance,"T, T+, CMR",,23.55
2016,35410,Non,2110162,azoxystrobine,131860-33-8,Fongicide,"T, T+, CMR",,1.25
2016,35410,Non,2110177,chlorothalonil,1897-45-6,Fongicide,"T, T+, CMR",,133.125
2016,35410,Non,2110177,cyproconazole,94361-06-5,Fongicide,"T, T+, CMR",,17.75
2016,35410,Non,2110177,propiconazole,60207-90-1,Fongicide,N Organique,,22.1875
2016,35410,Non,2110178,bixafen,581809-46-3,Fongicide,N Organique,,1.65
2016,35410,Non,2110178,prothioconazole,178928-70-6,Fongicide,"T, T+, CMR",,3.3
2016,35410,Non,2110181,bixafen,581809-46-3,Fongicide,N Organique,,4.875
2016,35410,Non,2110181,prothioconazole,178928-70-6,Fongicide,"T, T+, CMR",,6.5
2016,35410,Non,2110181,tebuconazole,107534-96-3,Fongicide,"T, T+, CMR",,6.5
2016,35410,Non,2110194,boscalid,188425-85-6,Fongicide,N Organique,,4.9
2016,35410,Non,2110194,epoxiconazole,133855-98-8,Fongicide,"T, T+, CMR",,1.75
2016,35410,Non,2110198,glyphosate,1071-83-6,Herbicide,N Organique,,79.2
2016,35410,Non,2120034,glyphosate,1071-83-6,Herbicide,N Organique,,153.6
2016,35410,Non,2120048,aminopyralid,150114-71-9,Herbicide,N Organique,,0.81
2016,35410,Non,2120048,triclopyr,55335-06-3,Herbicide,N Organique,,6.48
2016,35410,Non,2120060,propyzamide,23950-58-5,Herbicide,"T, T+, CMR",,8
2016,35410,Non,2120066,dichlorprop-p,15165-67-0,Herbicide,Autre,,42
2016,35410,Non,2120066,picolinafen,137641-05-5,Herbicide,N Organique,,1.4
2016,35410,Non,2120070,prothioconazole,178928-70-6,Fongicide,"T, T+, CMR",,29.6
2016,35410,Non,2120070,tebuconazole,107534-96-3,Fongicide,"T, T+, CMR",,14.8
2016,35410,Non,2120075,dimethenamide-p (dmta-p),163515-14-8,Herbicide,N Organique,,11
2016,35410,Non,2120075,metazachlore,67129-08-2,Herbicide,"T, T+, CMR",,11
2016,35410,Non,2120075,quinmerac,90717-03-6,Herbicide,N Organique,,5.5
2016,35410,Non,2120089,diflufenicanil,83164-33-4,Herbicide,N Organique,,0.09
2016,35410,Non,2120089,glyphosate,1071-83-6,Herbicide,N Organique,,0.72
2016,35410,Non,2120089,mecoprop (mcpp),7085-19-0,Herbicide,N Organique,,0.36
2016,35410,Non,2120117,"2,4-d",94-75-7,Herbicide,N Organique,,0.29
2016,35410,Non,2120117,triclopyr,55335-06-3,Herbicide,N Organique,,0.3235
2016,35410,Non,2120120,bentazone,25057-89-0,Herbicide,N Organique,,19.2
2016,35410,Non,2120120,imazamox,114311-32-9,Herbicide,N Organique,,0.896
2016,35410,Non,2120153,propyzamide,23950-58-5,Herbicide,"T, T+, CMR",,12
2016,35410,Non,2120157,acide pelargonique,112-05-0,Herbicide,Autre,,0.0204
2016,35410,Non,2120157,glyphosate,1071-83-6,Herbicide,N Organique,,0.0072
2016,35410,Non,2120160,bentazone,25057-89-0,Herbicide,N Organique,,16.8
2016,35410,Non,2120194,metsulfuron-methyl,74223-64-6,Herbicide,N Organique,,0.56
2016,35410,Non,2120205,epoxiconazole,133855-98-8,Fongicide,"T, T+, CMR",,4.4512
2016,35410,Non,2120205,fluxapyroxad,907204-31-3,Fongicide,"T, T+, CMR",,4.4512
2016,35410,Non,2120205,pyraclostrobine,175013-18-0,Fongicide,"T, T+, CMR",,7.1262
2016,35410,Non,2120210,dicamba,1918-00-9,Herbicide,N Organique,,12.0
2016,35410,Non,2130013,clomazone,81777-89-1,Herbicide,N Organique,,0.72
2016,35410,Non,2130067,cyflufenamid,180409-60-3,Fongicide,N Organique,,0.25
2016,35410,Non,2130068,diflufenicanil,83164-33-4,Herbicide,N Organique,,4
2016,35410,Non,2130075,metaldehyde,108-62-3,Molluscicide,Autre,,4.8
2016,35410,Non,2130082,metaldehyde,108-62-3,Molluscicide,Autre,,4
2016,35410,Non,2130083,lambda-cyhalothrine,91465-08-6,Insecticide,"T, T+, CMR",,1.6
2016,35410,Non,2130084,metaldehyde,108-62-3,Molluscicide,Autre,,0.96
2016,35410,Non,2130091,diflufenicanil,83164-33-4,Herbicide,N Organique,,2.5
2016,35410,Non,2130092,spiromesifen,283594-90-1,Insecticide,Autre,,0.24
2016,35410,Non,2130105,metaldehyde,108-62-3,Molluscicide,Autre,,0.045
2016,35410,Non,2130164,foramsulfuron,173159-57-4,Herbicide,N Organique,,1.8
2016,35410,Non,2130164,thiencarbazone-methyl,317815-83-1,Herbicide,"T, T+, CMR",,0.6
2016,35410,Non,2130175,cydia pomonella granulovirus,,Insecticide,Autre,,
2016,35410,Non,2130186,lambda-cyhalothrine,91465-08-6,Insecticide,"T, T+, CMR",,1.25
2016,35410,Non,2130190,desmediphame,13684-56-5,Herbicide,N Organique,,0.235
2016,35410,Non,2130190,ethofumesate,26225-79-6,Herbicide,N Organique,,0.375
2016,35410,Non,2130190,lenacile,2164-08-1,Herbicide,"T, T+, CMR",,0.135
2016,35410,Non,2130190,phenmediphame,13684-63-4,Herbicide,N Organique,,0.3
2016,35410,Non,2130196,chlorothalonil,1897-45-6,Fongicide,"T, T+, CMR",,11.25
2016,35410,Non,2130196,cyproconazole,94361-06-5,Fongicide,"T, T+, CMR",,1.5
2016,35410,Non,2130196,propiconazole,60207-90-1,Fongicide,N Organique,,1.875
2016,35410,Non,2130202,fluopyram,658066-35-4,Fongicide,"T, T+, CMR",,1.875
2016,35410,Non,2130202,prothioconazole,178928-70-6,Fongicide,"T, T+, CMR",,1.875
2016,35410,Non,2130247,trinexapac-ethyl,95266-40-3,Régulateur de croissance,N Organique,,3.75
2016,35410,Non,2130249,pendimethaline,40487-42-1,Herbicide,N Organique,,8
2016,35410,Non,2140034,mesotrione,104206-82-8,Herbicide,N Organique,,1.5
2016,35410,Non,2140039,imidaclopride,138261-41-3,Insecticide,N Organique,,0.035
2016,35410,Non,2140039,prothioconazole,178928-70-6,Fongicide,"T, T+, CMR",,0.005
2016,35410,Non,2140078,fludioxonil,131341-86-1,Fongicide,N Organique,,0.09
2016,35410,Non,2140078,tefluthrine,79538-32-2,Insecticide,"T, T+, CMR",,0.36
2016,35410,Non,2140082,trinexapac-ethyl,95266-40-3,Régulateur de croissance,N Organique,,1.750
2016,35410,Non,2140098,aminopyralid,150114-71-9,Herbicide,N Organique,,0.18445
2016,35410,Non,2140098,propyzamide,23950-58-5,Herbicide,"T, T+, CMR",,17.5
2016,35410,Non,2140148,dicamba,1918-00-9,Herbicide,N Organique,,0.96
2016,35410,Non,2140160,bacillus pumilus souche qst 2808,,Fongicide,Autre,,0.1435
2016,35410,Non,2140173,fluxapyroxad,907204-31-3,Fongicide,"T, T+, CMR",,6.2500
2016,35410,Non,2140173,metconazole,125116-23-6,Fongicide,"T, T+, CMR",,4.500
2016,35410,Non,2140199,amidosulfuron,120923-37-7,Herbicide,N Organique,,0.15
2016,35410,Non,2140199,iodosulfuron-methyl-sodium,144550-36-7,Herbicide,N Organique,,0.03
2016,35410,Non,2140199,mesosulfuron-methyl,208465-21-8,Herbicide,N Organique,,0.09
2016,35410,Non,2140256,chlorpyriphos-methyl,5598-13-0,Insecticide,N Organique,,0.5625
2016,35410,Non,2140257,iodosulfuron-methyl-sodium,144550-36-7,Herbicide,N Organique,,0.02
2016,35410,Non,2140257,mefenpyr-diethyl,135590-91-9,Autre usage – Coformulant / Phytoprotecteur / Synergiste,Autre,,0.3
2016,35410,Non,2140257,mesosulfuron-methyl,208465-21-8,Herbicide,N Organique,,0.1
2016,35410,Non,2140266,epoxiconazole,133855-98-8,Fongicide,"T, T+, CMR",,0.84
2016,35410,Non,2140266,fluxapyroxad,907204-31-3,Fongicide,"T, T+, CMR",,0.84
2016,35410,Non,2140266,pyraclostrobine,175013-18-0,Fongicide,"T, T+, CMR",,1.36
2016,35410,Non,2150104,huile de vaseline,8042-47-5,Insecticide - Acaricide,Autre,,351.31
2016,35410,Non,2150200,chlorothalonil,1897-45-6,Fongicide,"T, T+, CMR",,35
2016,35410,Non,2150443,dithianon,3347-22-6,Fongicide,"T, T+, CMR",,6
2016,35410,Non,2150443,pyraclostrobine,175013-18-0,Fongicide,"T, T+, CMR",,2
2016,35410,Non,2150484,clopyralid,1702-17-6,Herbicide,Autre,,1.5
2016,35410,Non,2150484,florasulame,145701-23-1,Herbicide,N Organique,,0.125
2016,35410,Non,2160754,aminopyralid,150114-71-9,Herbicide,N Organique,,0.0527
2016,35410,Non,2160754,propyzamide,23950-58-5,Herbicide,"T, T+, CMR",,5
2016,35410,Non,5100219,soufre sublime,7704-34-9,Fongicide,Autre,,247.5
2016,35410,Non,6500402,"2,4-d",94-75-7,Herbicide,N Organique,,76.8
2016,35410,Non,7300221,chlortoluron,15545-48-9,Herbicide,"T, T+, CMR",,50
2016,35410,Non,7400755,acide alpha naphtylacetique (ana),86-87-3,Régulateur de croissance,N Organique,,0.2
2016,35410,Non,7400815,chlormequat chlorure,999-81-5,Régulateur de croissance,Autre,,41.4
2016,35410,Non,7500716,cuivre du sulfate de cuivre,8011-63-0,Fongicide,N minéral,,16
2016,35410,Non,7600008,bupirimate,41483-43-6,Fongicide,N Organique,,3.0
2016,35410,Non,7800132,ethephon,16672-87-0,Régulateur de croissance,"T, T+, CMR",,4.8
2016,35410,Non,7800790,bromoxynil octanoate,1689-99-2,Herbicide,"T, T+, CMR",,9.0
2016,35410,Non,7800790,dicamba,1918-00-9,Herbicide,N Organique,,1.80
2016,35410,Non,7800790,mecoprop (mcpp),7085-19-0,Herbicide,N Organique,,27.0
2016,35410,Non,7900753,clopyralid (sous forme de sel de monoethanolamine),57754-85-5,Herbicide,Autre,,0.1
2016,35410,Non,8200216,propiconazole,60207-90-1,Fongicide,N Organique,,1.5
2016,35410,Non,8200307,isoproturon,34123-59-6,Herbicide,"T, T+, CMR",,35
2016,35410,Non,8300025,penconazole,66246-88-6,Fongicide,"T, T+, CMR",,0.5
2016,35410,Non,8300243,chlorothalonil,1897-45-6,Fongicide,"T, T+, CMR",,25
2016,35410,Non,8400096,dicamba,1918-00-9,Herbicide,N Organique,,9.12
2016,35410,Non,8400255,metsulfuron-methyl,74223-64-6,Herbicide,N Organique,,0.02
2016,35410,Non,8400477,fenoxycarbe,72490-01-8,Insecticide,"T, T+, CMR",,0.6
2016,35410,Non,8400528,isoxaben,82558-50-7,Herbicide,N Organique,,3.375
2016,35410,Non,8400574,propyzamide,23950-58-5,Herbicide,"T, T+, CMR",,8
2016,35410,Non,8500023,thirame,137-26-8,Fongicide,N Organique,,4
2016,35410,Non,8600243,aclonifen,74070-46-5,Herbicide,"T, T+, CMR",,12
2016,35410,Non,8700240,diflufenicanil,83164-33-4,Herbicide,N Organique,,1.25
2016,35410,Non,8700240,isoproturon,34123-59-6,Herbicide,"T, T+, CMR",,10
2016,35410,Non,8700462,prosulfocarbe,52888-80-9,Herbicide,N Organique,,224
2016,35410,Non,8800011,carboxine,5234-68-4,Fongicide,N Organique,,3.96
2016,35410,Non,8800011,thirame,137-26-8,Fongicide,N Organique,,3.96
2016,35410,Non,8800395,lambda-cyhalothrine,91465-08-6,Insecticide,"T, T+, CMR",,0.15
2016,35410,Non,8800395,pyrimicarbe,23103-98-2,Insecticide,"T, T+, CMR",,3
2016,35410,Non,8800488,chlorothalonil,1897-45-6,Fongicide,"T, T+, CMR",,5
2016,35410,Non,8800827,chlortoluron,15545-48-9,Herbicide,"T, T+, CMR",,10
2016,35410,Non,8800827,isoxaben,82558-50-7,Herbicide,N Organique,,0.374
2016,35410,Non,8800941,metaldehyde,108-62-3,Molluscicide,Autre,,5.28
2016,35410,Non,8900564,tau-fluvalinate,102851-06-9,Insecticide,N Organique,,1.20
2016,35410,Non,8900681,pendimethaline,40487-42-1,Herbicide,N Organique,,2
2016,35410,Non,9000184,"2,4-mcpa",94-74-6,Herbicide,N Organique,,39
2016,35410,Non,9000184,clopyralid (sous forme de sel de monoethanolamine),57754-85-5,Herbicide,Autre,,3.9
2016,35410,Non,9000184,fluroxypyr,69377-81-7,Herbicide,N Organique,,7.8
2016,35410,Non,9000259,amidosulfuron,120923-37-7,Herbicide,N Organique,,0.18
2016,35410,Non,9000490,cycloxydime,101205-02-1,Herbicide,"T, T+, CMR",,4.5
2016,35410,Non,9000619,chlortoluron,15545-48-9,Herbicide,"T, T+, CMR",,30
2016,35410,Non,9000833,metazachlore,67129-08-2,Herbicide,"T, T+, CMR",,16
2016,35410,Non,9000833,quinmerac,90717-03-6,Herbicide,N Organique,,4
2016,35410,Non,9100034,chlormequat chlorure,999-81-5,Régulateur de croissance,Autre,,138.0
2016,35410,Non,9100046,trinexapac-ethyl,95266-40-3,Régulateur de croissance,N Organique,,9.25
2016,35410,Non,9100418,nicosulfuron,111991-09-4,Herbicide,N Organique,,1.2
2016,35410,Non,9100505,glyphosate,1071-83-6,Herbicide,N Organique,,10.8
2016,35410,Non,9100537,glyphosate,1071-83-6,Herbicide,N Organique,,7.2
2016,35410,Non,9100645,clodinafop-propargyl,105512-06-9,Herbicide,N Organique,,0.3
2016,35410,Non,9100645,cloquintocet-mexyl,99607-70-2,Autre usage – Coformulant / Phytoprotecteur / Synergiste,Autre,,0.075
2016,35410,Non,9200073,triflusulfuron-methyl,126535-15-7,Herbicide,"T, T+, CMR",,0.20
2016,35410,Non,9200091,imidaclopride,138261-41-3,Insecticide,N Organique,,4.34
2016,35410,Non,9200155,oxyfluorfene,42874-03-3,Herbicide,"T, T+, CMR",,4.32
2016,35410,Non,9200262,iprodione,36734-19-7,Fongicide,"T, T+, CMR",,1
2016,35410,Non,9200383,lambda-cyhalothrine,91465-08-6,Insecticide,"T, T+, CMR",,0.35
2016,35410,Non,9200392,"2,4-mcpa",94-74-6,Herbicide,N Organique,,1.2
2016,35410,Non,9200392,clopyralid (sous forme de sel de monoethanolamine),57754-85-5,Herbicide,Autre,,0.12
2016,35410,Non,9200392,fluroxypyr,69377-81-7,Herbicide,N Organique,,0.24
2016,35410,Non,9200461,chlormequat chlorure,999-81-5,Régulateur de croissance,Autre,,39.675
2016,35410,Non,9200461,mepiquat-chlorure,24307-26-4,Régulateur de croissance,N Organique,,13.225
2016,35410,Non,9200493,bromoxynil octanoate,1689-99-2,Herbicide,"T, T+, CMR",,0.6
2016,35410,Non,9200548,thirame,137-26-8,Fongicide,N Organique,,0.1488
2016,35410,Non,9300108,captane,133-06-2,Fongicide,"T, T+, CMR",,96
2016,35410,Non,9300309,zetacypermethrine,52315-07-8,Insecticide,"T, T+, CMR",,0.3
2016,35410,Non,9300396,chlormequat chlorure,999-81-5,Régulateur de croissance,Autre,,4.6
2016,35410,Non,9300396,chlorure de choline,67-48-1,Autre usage – Coformulant / Phytoprotecteur / Synergiste,Autre,,3.2
2016,35410,Non,9400052,clethodime,99129-21-2,Herbicide,N Organique,,1.2
2016,35410,Non,9400067,dicamba,1918-00-9,Herbicide,N Organique,,28.0
2016,35410,Non,9400109,"2,4-d",94-75-7,Herbicide,N Organique,,1.75
2016,35410,Non,9400109,dicamba,1918-00-9,Herbicide,N Organique,,0.25
2016,35410,Non,9400134,diflufenicanil,83164-33-4,Herbicide,N Organique,,2.3
2016,35410,Non,9400134,flurtamone,96525-23-4,Herbicide,N Organique,,5.75
2016,35410,Non,9400162,glyphosate,1071-83-6,Herbicide,N Organique,,43.2
2016,35410,Non,9400367,chlorothalonil,1897-45-6,Fongicide,"T, T+, CMR",,11.25
2016,35410,Non,9400367,cyproconazole,94361-06-5,Fongicide,"T, T+, CMR",,1.2
2016,35410,Non,9400495,glyphosate,1071-83-6,Herbicide,N Organique,,1.8
2016,35410,Non,9500011,prochloraze,67747-09-5,Fongicide,N Organique,,2.61
2016,35410,Non,9500040,quizalofop-p-ethyl,100646-51-3,Herbicide,N Organique,,0.35
2016,35410,Non,9500223,prochloraze,67747-09-5,Fongicide,N Organique,,1.3355
2016,35410,Non,9500223,tebuconazole,107534-96-3,Fongicide,"T, T+, CMR",,0.6625
2016,35410,Non,9500311,oxyfluorfene,42874-03-3,Herbicide,"T, T+, CMR",,32.88
2016,35410,Non,9500311,propyzamide,23950-58-5,Herbicide,"T, T+, CMR",,25.68
2016,35410,Non,9500568,cyprodinil,121552-61-2,Fongicide,N Organique,,7.5
2016,35410,Non,9500568,fludioxonil,131341-86-1,Fongicide,N Organique,,5
2016,35410,Non,9500581,chlormequat chlorure,999-81-5,Régulateur de croissance,Autre,,45.0
2016,35410,Non,9500581,ethephon,16672-87-0,Régulateur de croissance,"T, T+, CMR",,22.50
2016,35410,Non,9500629,cyprodinil,121552-61-2,Fongicide,N Organique,,10
2016,35410,Non,9600093,azoxystrobine,131860-33-8,Fongicide,"T, T+, CMR",,6.25
2016,35410,Non,9600197,carfentrazone ethyl,128639-02-1,Herbicide,N Organique,,0.92
2016,35410,Non,9600197,metsulfuron-methyl,74223-64-6,Herbicide,N Organique,,0.23
2016,35410,Non,9600370,"2,4-mcpa",94-74-6,Herbicide,N Organique,,1.75
2016,35410,Non,9600370,clopyralid (sous forme de sel de monoethanolamine),57754-85-5,Herbicide,Autre,,0.175
2016,35410,Non,9600386,fosetyl-aluminium,39148-24-8,Fongicide,Autre,,0.16
2016,35410,Non,9600392,chlormequat chlorure,999-81-5,Régulateur de croissance,Autre,,14.72
2016,35410,Non,9600392,imazaquine,81335-37-7,Régulateur de croissance,N Organique,,0.032
2016,35410,Non,9700278,alphamethrine,67375-30-8,Insecticide,"T, T+, CMR",,0.15
2016,35410,Non,9700332,azoxystrobine,131860-33-8,Fongicide,"T, T+, CMR",,1.25
2016,35410,Non,9700558,ethephon,16672-87-0,Régulateur de croissance,"T, T+, CMR",,2.4
2016,35410,Non,9800018,clomazone,81777-89-1,Herbicide,N Organique,,1.05
2016,35410,Non,9800018,dimethachlore,50563-36-5,Herbicide,N Organique,,6.5625
2016,35410,Non,9800018,napropamide,15299-99-7,Herbicide,N Organique,,6.5625
2016,35410,Non,9800076,virus de la granulose,,Insecticide,Autre,,
2016,35410,Non,9800144,indoxacarbe,173584-44-6,Insecticide,"T, T+, CMR",,1.2
2016,35410,Non,9800182,s-metolachlore,87392-12-9,Herbicide,N Organique,,38.4
2016,35410,Non,9800219,ethephon,16672-87-0,Régulateur de croissance,"T, T+, CMR",,2.4
2016,35410,Non,9800245,soufre pour pulverisation (micronise),7704-34-9,Fongicide,Autre,,160
2016,35410,Non,9800277,florasulame,145701-23-1,Herbicide,N Organique,,0.025
2016,35410,Non,9800294,glyphosate,1071-83-6,Herbicide,N Organique,,9
2016,35410,Non,9800330,bentazone,25057-89-0,Herbicide,N Organique,,5.22
2016,35410,Non,9800336,lambda-cyhalothrine,91465-08-6,Insecticide,"T, T+, CMR",,2.2
2016,35410,Non,9800343,clomazone,81777-89-1,Herbicide,N Organique,,0.3
2016,35410,Non,9800343,dimethachlore,50563-36-5,Herbicide,N Organique,,2.5
2016,35410,Non,9800344,fludioxonil,131341-86-1,Fongicide,N Organique,,0.07425
2016,35410,Non,9800344,metalaxyl-m,70630-17-0,Fongicide,Autre,,0.028809
2016,35410,Non,9800384,propiconazole,60207-90-1,Fongicide,N Organique,,0.25
2016,35410,Non,9800392,dodine,2439-10-3,Fongicide,"T, T+, CMR",,28
2016,35410,Non,9800453,cyproconazole,94361-06-5,Fongicide,"T, T+, CMR",,0.4
2016,35410,Non,9800453,prochloraze,67747-09-5,Fongicide,N Organique,,1.5
2016,35410,Non,9800458,propaquizafop,111479-05-1,Herbicide,N Organique,,1
2016,35410,Non,9800474,cuivre du sulfate de cuivre,8011-63-0,Fongicide,N minéral,,12
2016,35410,Non,9800477,bentazone,25057-89-0,Herbicide,N Organique,,12.8
2016,35410,Non,9800477,dicamba,1918-00-9,Herbicide,N Organique,,3.6
2016,35410,Non,9800496,clopyralid,1702-17-6,Herbicide,Autre,,0.5
2016,35410,Non,9900047,mesotrione,104206-82-8,Herbicide,N Organique,,12
2016,35410,Non,9900104,chlorpyriphos-ethyl,2921-88-2,Insecticide,"T, T+, CMR",,1.25
2016,35410,Non,9900189,coniothyrium minitans souche con/m/91-08,,Fongicide,Autre,,9.6
2016,35410,Non,9900201,glyphosate,1071-83-6,Herbicide,N Organique,,7.2
2016,35410,Non,9900206,picoxystrobine,117428-22-5,Fongicide,N Organique,,1.25
2016,35410,Non,9900242,mancozebe,8018-01-7,Fongicide,"T, T+, CMR",,97.5
2016,35410,Non,9900251,dimethenamide-p (dmta-p),163515-14-8,Herbicide,N Organique,,61.92
2016,35410,Non,9900263,chlormequat chlorure,999-81-5,Régulateur de croissance,Autre,,29.44
2016,35410,Non,9900263,imazaquine,81335-37-7,Régulateur de croissance,N Organique,,0.064
2016,35410,Non,9900446,cymoxanil,57966-95-7,Fongicide,"T, T+, CMR",,0.284
2016,35410,Non,9900446,fludioxonil,131341-86-1,Fongicide,N Organique,,0.142
2016,35410,Non,9900446,metalaxyl-m,70630-17-0,Fongicide,Autre,,0.481664
2016,35510,Non,2000299,clomazone,81777-89-1,Herbicide,N Organique,,5.76
2016,35510,Non,2000380,clethodime,99129-21-2,Herbicide,N Organique,,0.72
2016,35510,Non,2000502,chlorpyriphos-methyl,5598-13-0,Insecticide,N Organique,,0.1125
2016,35510,Non,2010132,pymetrozine,123312-89-0,Insecticide,"T, T+, CMR",,0.5
2016,35510,Non,2010239,florasulame,145701-23-1,Herbicide,N Organique,,0.025
2016,35510,Non,2010239,fluroxypyr,69377-81-7,Herbicide,N Organique,,2.5
2016,35510,Non,2010280,metconazole,125116-23-6,Fongicide,"T, T+, CMR",,5.58
2016,35510,Non,2010326,metconazole,125116-23-6,Fongicide,"T, T+, CMR",,0.9
2016,35510,Non,2010425,metsulfuron-methyl,74223-64-6,Herbicide,N Organique,,0.04
2016,35510,Non,2010495,metaldehyde,108-62-3,Molluscicide,Autre,,3
2016,35510,Non,2020099,trifloxystrobine,141517-21-7,Fongicide,N Organique,,1
2016,35510,Non,2020224,iodosulfuron-methyl-sodium,144550-36-7,Herbicide,N Organique,,0.036
2016,35510,Non,2020224,mefenpyr-diethyl,135590-91-9,Autre usage – Coformulant / Phytoprotecteur / Synergiste,Autre,,0.108
2016,35510,Non,2020224,mesosulfuron-methyl,208465-21-8,Herbicide,N Organique,,0.036
2016,35510,Non,2030323,fludioxonil,131341-86-1,Fongicide,N Organique,,0.13000
2016,35510,Non,2030332,"2,4-d",94-75-7,Herbicide,N Organique,,0.06
2016,35510,Non,2030332,dichlorprop-p,15165-67-0,Herbicide,Autre,,0.03
2016,35510,Non,2040109,flupyrsulfuron-methyl,144740-54-5,Herbicide,N Organique,,0.075
2016,35510,Non,2040109,thifensulfuron-methyle,79277-27-3,Herbicide,N Organique,,0.3
2016,35510,Non,2040141,"2,4-mcpa",94-74-6,Herbicide,N Organique,,1
2016,35510,Non,2040141,dichlorprop-p,15165-67-0,Herbicide,Autre,,0.5
2016,35510,Non,2040141,mecoprop-p (mcpp-p),16484-77-8,Herbicide,N Organique,,0.5
2016,35510,Non,2040146,tefluthrine,79538-32-2,Insecticide,"T, T+, CMR",,0.016
2016,35510,Non,2060045,huile vegetale,,SA non phyto - Divers,Autre,,0.175
2016,35510,Non,2060045,resines (colophane),8050-09-7,SA non phyto - Divers,Autre,,1.7
2016,35510,Non,2060084,boscalid,188425-85-6,Fongicide,N Organique,,7.209
2016,35510,Non,2060084,pyraclostrobine,175013-18-0,Fongicide,"T, T+, CMR",,1.809
2016,35510,Non,2060088,benoxacor,98730-04-2,Autre usage – Coformulant / Phytoprotecteur / Synergiste,Autre,,3.3
2016,35510,Non,2060088,mesotrione,104206-82-8,Herbicide,N Organique,,6.6
2016,35510,Non,2060088,s-metolachlore,87392-12-9,Herbicide,N Organique,,66
2016,35510,Non,2060115,azoxystrobine,131860-33-8,Fongicide,"T, T+, CMR",,3
2016,35510,Non,2060115,cyproconazole,94361-06-5,Fongicide,"T, T+, CMR",,1.2
2016,35510,Non,2060131,"2,4-d",94-75-7,Herbicide,N Organique,,0.465
2016,35510,Non,2060131,triclopyr,55335-06-3,Herbicide,N Organique,,0.518
2016,35510,Non,2060133,thiaclopride,111988-49-9,Insecticide,"T, T+, CMR",,0.48
2016,35510,Non,2060175,metaldehyde,108-62-3,Molluscicide,Autre,,1.2
2016,35510,Non,2060194,tefluthrine,79538-32-2,Insecticide,"T, T+, CMR",,0.17925
2016,35510,Non,2070221,metazachlore,67129-08-2,Herbicide,"T, T+, CMR",,17.6
2016,35510,Non,2070221,quinmerac,90717-03-6,Herbicide,N Organique,,4.4
2016,35510,Non,2080026,nicosulfuron,111991-09-4,Herbicide,N Organique,,0.36
2016,35510,Non,2080054,acetamipride,135410-20-7,Insecticide,N Organique,,0.000045
2016,35510,Non,2080094,florasulame,145701-23-1,Herbicide,N Organique,,0.12
2016,35510,Non,2080094,isoxaben,82558-50-7,Herbicide,N Organique,,1.83
2016,35510,Non,2080101,acetamipride,135410-20-7,Insecticide,N Organique,,0.6
2016,35510,Non,2080112,thirame,137-26-8,Fongicide,N Organique,,1.3488
2016,35510,Non,2080117,prosulfuron,94125-34-5,Herbicide,N Organique,,4.200
2016,35510,Non,2080123,metsulfuron-methyl,74223-64-6,Herbicide,N Organique,,0.88
2016,35510,Non,2080145,diflufenicanil,83164-33-4,Herbicide,N Organique,,16
2016,35510,Non,2080145,flufenacet,142459-58-3,Herbicide,N Organique,,32
2016,35510,Non,2080147,difenoconazole,119446-68-3,Fongicide,N Organique,,1.25
2016,35510,Non,2080147,paclobutrazol,76738-62-0,Régulateur de croissance,N Organique,,0.625
2016,35510,Non,2090016,imazamox,114311-32-9,Herbicide,N Organique,,1.169
2016,35510,Non,2090016,pendimethaline,40487-42-1,Herbicide,N Organique,,17.5
2016,35510,Non,2090037,dicamba,1918-00-9,Herbicide,N Organique,,7.3
2016,35510,Non,2090037,prosulfuron,94125-34-5,Herbicide,N Organique,,0.73
2016,35510,Non,2090042,cloquintocet-mexyl,99607-70-2,Autre usage – Coformulant / Phytoprotecteur / Synergiste,Autre,,0.488345
2016,35510,Non,2090042,florasulame,145701-23-1,Herbicide,N Organique,,0.16302
2016,35510,Non,2090042,pyroxsulame,422556-08-9,Herbicide,"T, T+, CMR",,0.488345
2016,35510,Non,2090054,metsulfuron-methyl,74223-64-6,Herbicide,N Organique,,0.10725
2016,35510,Non,2090054,tribenuron-methyle,101200-48-0,Herbicide,N Organique,,0.10725
2016,35510,Non,2090057,metsulfuron-methyl,74223-64-6,Herbicide,N Organique,,0.04995
2016,35510,Non,2090057,tribenuron-methyle,101200-48-0,Herbicide,N Organique,,0.0999
2016,35510,Non,2090060,deltamethrine,52918-63-5,Insecticide,"T, T+, CMR",,0.05
2016,35510,Non,2090060,thiaclopride,111988-49-9,Insecticide,"T, T+, CMR",,0.5
2016,35510,Non,2090069,bromoxynil,1689-84-5,Herbicide,"T, T+, CMR",,2.350
2016,35510,Non,2090070,quinoclamine,2797-51-5,Herbicide - Antimousse,"T, T+, CMR",,0.25
2016,35510,Non,2090092,epoxiconazole,133855-98-8,Fongicide,"T, T+, CMR",,0.449625
2016,35510,Non,2090092,metconazole,125116-23-6,Fongicide,"T, T+, CMR",,0.329725
2016,35510,Non,2090101,nicosulfuron,111991-09-4,Herbicide,N Organique,,0.2
2016,35510,Non,2090111,cypermethrine,52315-07-8,Insecticide,N Organique,,0.015
2016,35510,Non,2090115,glyphosate,1071-83-6,Herbicide,N Organique,,21.6
2016,35510,Non,2090127,huile essentielle d'orange douce,8028-48-6,Régulateur de croissance,N Organique,,0.3
2016,35510,Non,2090158,glyphosate,1071-83-6,Herbicide,N Organique,,1.8
2016,35510,Non,2090159,tritosulfuron,142469-14-5,Herbicide,N Organique,,0.99246
2016,35510,Non,2090160,glyphosate,1071-83-6,Herbicide,N Organique,,14.4
2016,35510,Non,2090186,prosulfocarbe,52888-80-9,Herbicide,N Organique,,80
2016,35510,Non,2100026,cypermethrine,52315-07-8,Insecticide,N Organique,,1.5
2016,35510,Non,2100028,fluroxypyr,69377-81-7,Herbicide,N Organique,,2
2016,35510,Non,2100030,phosphate ferrique,10045-86-0,Molluscicide,Autre,,1.782
2016,35510,Non,2100052,cyprodinil,121552-61-2,Fongicide,N Organique,,4.5
2016,35510,Non,2100053,fluroxypyr,69377-81-7,Herbicide,N Organique,,1
2016,35510,Non,2100056,prothioconazole,178928-70-6,Fongicide,"T, T+, CMR",,4
2016,35510,Non,2100056,spiroxamine,118134-30-8,Fongicide,N Organique,,7.5
2016,35510,Non,2100057,prothioconazole,178928-70-6,Fongicide,"T, T+, CMR",,7.875
2016,35510,Non,2100057,trifloxystrobine,141517-21-7,Fongicide,N Organique,,3.96
2016,35510,Non,2100098,glyphosate,1071-83-6,Herbicide,N Organique,,14.4
2016,35510,Non,2100108,prothioconazole,178928-70-6,Fongicide,"T, T+, CMR",,7.500
2016,35510,Non,2100108,tebuconazole,107534-96-3,Fongicide,"T, T+, CMR",,7.500
2016,35510,Non,2100111,mesotrione,104206-82-8,Herbicide,N Organique,,3.000
2016,35510,Non,2100111,nicosulfuron,111991-09-4,Herbicide,N Organique,,1.20
2016,35510,Non,2100112,ethephon,16672-87-0,Régulateur de croissance,"T, T+, CMR",,7.2
2016,35510,Non,2100121,chlorantraniliprole,500008-45-7,Insecticide,N Organique,,0.8
2016,35510,Non,2100138,cloquintocet-mexyl,99607-70-2,Autre usage – Coformulant / Phytoprotecteur / Synergiste,Autre,,1.3125
2016,35510,Non,2100138,pinoxaden,243973-20-8,Herbicide,"T, T+, CMR",,5.25
2016,35510,Non,2100140,clodinafop-propargyl,105512-06-9,Herbicide,N Organique,,1.500
2016,35510,Non,2100140,cloquintocet-mexyl,99607-70-2,Autre usage – Coformulant / Phytoprotecteur / Synergiste,Autre,,0.37500
2016,35510,Non,2100140,pinoxaden,243973-20-8,Herbicide,"T, T+, CMR",,1.500
2016,35510,Non,2100211,prothioconazole,178928-70-6,Fongicide,"T, T+, CMR",,1.875
2016,35510,Non,2100211,tebuconazole,107534-96-3,Fongicide,"T, T+, CMR",,1.875
2016,35510,Non,2100234,diflufenicanil,83164-33-4,Herbicide,N Organique,,1.8
2016,35510,Non,2100234,iodosulfuron-methyl-sodium,144550-36-7,Herbicide,N Organique,,0.1125
2016,35510,Non,2100234,mefenpyr-diethyl,135590-91-9,Autre usage – Coformulant / Phytoprotecteur / Synergiste,Autre,,0.405
2016,35510,Non,2100234,mesosulfuron-methyl,208465-21-8,Herbicide,N Organique,,0.135
2016,35510,Non,2100245,prothioconazole,178928-70-6,Fongicide,"T, T+, CMR",,1.875
2016,35510,Non,2100245,tebuconazole,107534-96-3,Fongicide,"T, T+, CMR",,1.875
2016,35510,Non,2110018,difenoconazole,119446-68-3,Fongicide,N Organique,,0.08925
2016,35510,Non,2110018,fludioxonil,131341-86-1,Fongicide,N Organique,,0.08925
2016,35510,Non,2110063,clopyralid,1702-17-6,Herbicide,Autre,,0.324
2016,35510,Non,2110102,difenoconazole,119446-68-3,Fongicide,N Organique,,0.04775
2016,35510,Non,2110102,fludioxonil,131341-86-1,Fongicide,N Organique,,0.04775
2016,35510,Non,2110102,sedaxane,874967-67-6,Fongicide,N Organique,,0.0955
2016,35510,Non,2110103,tribenuron-methyle,101200-48-0,Herbicide,N Organique,,0.075
2016,35510,Non,2110105,azoxystrobine,131860-33-8,Fongicide,"T, T+, CMR",,5
2016,35510,Non,2110121,thiaclopride,111988-49-9,Insecticide,"T, T+, CMR",,4.3
2016,35510,Non,2110144,fluxapyroxad,907204-31-3,Fongicide,"T, T+, CMR",,0.5
2016,35510,Non,2110177,chlorothalonil,1897-45-6,Fongicide,"T, T+, CMR",,37.50
2016,35510,Non,2110177,cyproconazole,94361-06-5,Fongicide,"T, T+, CMR",,5.0
2016,35510,Non,2110177,propiconazole,60207-90-1,Fongicide,N Organique,,6.250
2016,35510,Non,2110178,bixafen,581809-46-3,Fongicide,N Organique,,2.25
2016,35510,Non,2110178,prothioconazole,178928-70-6,Fongicide,"T, T+, CMR",,4.5
2016,35510,Non,2110181,bixafen,581809-46-3,Fongicide,N Organique,,1.125
2016,35510,Non,2110181,prothioconazole,178928-70-6,Fongicide,"T, T+, CMR",,1.5
2016,35510,Non,2110181,tebuconazole,107534-96-3,Fongicide,"T, T+, CMR",,1.5
2016,35510,Non,2110192,metsulfuron-methyl,74223-64-6,Herbicide,N Organique,,0.06
2016,35510,Non,2110198,glyphosate,1071-83-6,Herbicide,N Organique,,14.4
2016,35510,Non,2110200,ethephon,16672-87-0,Régulateur de croissance,"T, T+, CMR",,4.8
2016,35510,Non,2110201,boscalid,188425-85-6,Fongicide,N Organique,,1.4
2016,35510,Non,2110201,epoxiconazole,133855-98-8,Fongicide,"T, T+, CMR",,0.5
2016,35510,Non,2110201,pyraclostrobine,175013-18-0,Fongicide,"T, T+, CMR",,0.6
2016,35510,Non,2120008,glyphosate,1071-83-6,Herbicide,N Organique,,3.78
2016,35510,Non,2120034,glyphosate,1071-83-6,Herbicide,N Organique,,28.8
2016,35510,Non,2120048,aminopyralid,150114-71-9,Herbicide,N Organique,,0.63
2016,35510,Non,2120048,triclopyr,55335-06-3,Herbicide,N Organique,,5.04
2016,35510,Non,2120066,dichlorprop-p,15165-67-0,Herbicide,Autre,,18.012
2016,35510,Non,2120066,picolinafen,137641-05-5,Herbicide,N Organique,,0.6004
2016,35510,Non,2120070,prothioconazole,178928-70-6,Fongicide,"T, T+, CMR",,3.2
2016,35510,Non,2120070,tebuconazole,107534-96-3,Fongicide,"T, T+, CMR",,1.6
2016,35510,Non,2120118,"2,4-d",94-75-7,Herbicide,N Organique,,0.058
2016,35510,Non,2120118,triclopyr,55335-06-3,Herbicide,N Organique,,0.0647
2016,35510,Non,2120120,bentazone,25057-89-0,Herbicide,N Organique,,2.4
2016,35510,Non,2120120,imazamox,114311-32-9,Herbicide,N Organique,,0.112
2016,35510,Non,2120157,acide pelargonique,112-05-0,Herbicide,Autre,,0.0612
2016,35510,Non,2120157,glyphosate,1071-83-6,Herbicide,N Organique,,0.0216
2016,35510,Non,2120194,metsulfuron-methyl,74223-64-6,Herbicide,N Organique,,0.1
2016,35510,Non,2120205,epoxiconazole,133855-98-8,Fongicide,"T, T+, CMR",,0.832
2016,35510,Non,2120205,fluxapyroxad,907204-31-3,Fongicide,"T, T+, CMR",,0.832
2016,35510,Non,2120205,pyraclostrobine,175013-18-0,Fongicide,"T, T+, CMR",,1.332
2016,35510,Non,2130068,diflufenicanil,83164-33-4,Herbicide,N Organique,,5.5
2016,35510,Non,2130083,lambda-cyhalothrine,91465-08-6,Insecticide,"T, T+, CMR",,0.2
2016,35510,Non,2130084,metaldehyde,108-62-3,Molluscicide,Autre,,1.44
2016,35510,Non,2130092,spiromesifen,283594-90-1,Insecticide,Autre,,0.72
2016,35510,Non,2130105,metaldehyde,108-62-3,Molluscicide,Autre,,0.48
2016,35510,Non,2130164,foramsulfuron,173159-57-4,Herbicide,N Organique,,0.45
2016,35510,Non,2130164,thiencarbazone-methyl,317815-83-1,Herbicide,"T, T+, CMR",,0.15
2016,35510,Non,2130196,chlorothalonil,1897-45-6,Fongicide,"T, T+, CMR",,7.5
2016,35510,Non,2130196,cyproconazole,94361-06-5,Fongicide,"T, T+, CMR",,1
2016,35510,Non,2130196,propiconazole,60207-90-1,Fongicide,N Organique,,1.25
2016,35510,Non,2130202,fluopyram,658066-35-4,Fongicide,"T, T+, CMR",,1.25
2016,35510,Non,2130202,prothioconazole,178928-70-6,Fongicide,"T, T+, CMR",,1.25
2016,35510,Non,2130240,fosetyl-aluminium,39148-24-8,Fongicide,Autre,,0.8
2016,35510,Non,2130266,bromuconazole,116255-48-2,Fongicide,N Organique,,1.67
2016,35510,Non,2130266,tebuconazole,107534-96-3,Fongicide,"T, T+, CMR",,1.07
2016,35510,Non,2140039,imidaclopride,138261-41-3,Insecticide,N Organique,,0.1225
2016,35510,Non,2140039,prothioconazole,178928-70-6,Fongicide,"T, T+, CMR",,0.0175
2016,35510,Non,2140078,fludioxonil,131341-86-1,Fongicide,N Organique,,0.0025
2016,35510,Non,2140078,tefluthrine,79538-32-2,Insecticide,"T, T+, CMR",,0.01
2016,35510,Non,2140098,aminopyralid,150114-71-9,Herbicide,N Organique,,0.1581
2016,35510,Non,2140098,propyzamide,23950-58-5,Herbicide,"T, T+, CMR",,15
2016,35510,Non,2140132,diflufenicanil,83164-33-4,Herbicide,N Organique,,2.5
2016,35510,Non,2140156,"2,4-mcpa",94-74-6,Herbicide,N Organique,,8.001
2016,35510,Non,2140156,clopyralid,1702-17-6,Herbicide,Autre,,0.699
2016,35510,Non,2140156,fluroxypyr,69377-81-7,Herbicide,N Organique,,1.8
2016,35510,Non,2140173,fluxapyroxad,907204-31-3,Fongicide,"T, T+, CMR",,5.3125
2016,35510,Non,2140173,metconazole,125116-23-6,Fongicide,"T, T+, CMR",,3.825
2016,35510,Non,2140199,amidosulfuron,120923-37-7,Herbicide,N Organique,,0.3
2016,35510,Non,2140199,iodosulfuron-methyl-sodium,144550-36-7,Herbicide,N Organique,,0.06
2016,35510,Non,2140199,mesosulfuron-methyl,208465-21-8,Herbicide,N Organique,,0.18
2016,35510,Non,2140256,chlorpyriphos-methyl,5598-13-0,Insecticide,N Organique,,0.2250
2016,35510,Non,2140266,epoxiconazole,133855-98-8,Fongicide,"T, T+, CMR",,1.68
2016,35510,Non,2140266,fluxapyroxad,907204-31-3,Fongicide,"T, T+, CMR",,1.68
2016,35510,Non,2140266,pyraclostrobine,175013-18-0,Fongicide,"T, T+, CMR",,2.72
2016,35510,Non,2150200,chlorothalonil,1897-45-6,Fongicide,"T, T+, CMR",,5
2016,35510,Non,5100219,soufre sublime,7704-34-9,Fongicide,Autre,,173.25
2016,35510,Non,6500402,"2,4-d",94-75-7,Herbicide,N Organique,,4.8
2016,35510,Non,7300221,chlortoluron,15545-48-9,Herbicide,"T, T+, CMR",,20
2016,35510,Non,7400815,chlormequat chlorure,999-81-5,Régulateur de croissance,Autre,,18.4
2016,35510,Non,7800790,bromoxynil octanoate,1689-99-2,Herbicide,"T, T+, CMR",,1.2
2016,35510,Non,7800790,dicamba,1918-00-9,Herbicide,N Organique,,0.24
2016,35510,Non,7800790,mecoprop (mcpp),7085-19-0,Herbicide,N Organique,,3.6
2016,35510,Non,8200307,isoproturon,34123-59-6,Herbicide,"T, T+, CMR",,7.5
2016,35510,Non,8200575,cypermethrine,52315-07-8,Insecticide,N Organique,,0.5
2016,35510,Non,8400096,dicamba,1918-00-9,Herbicide,N Organique,,1.44
2016,35510,Non,8400255,metsulfuron-methyl,74223-64-6,Herbicide,N Organique,,0.14
2016,35510,Non,8400528,isoxaben,82558-50-7,Herbicide,N Organique,,1.000
2016,35510,Non,8400574,propyzamide,23950-58-5,Herbicide,"T, T+, CMR",,10
2016,35510,Non,8500174,abamectine,71751-41-2,Insecticide,"T, T+, CMR",,0.018
2016,35510,Non,8500194,tau-fluvalinate,102851-06-9,Insecticide,N Organique,,0.96
2016,35510,Non,8600243,aclonifen,74070-46-5,Herbicide,"T, T+, CMR",,12
2016,35510,Non,8700002,chlortoluron,15545-48-9,Herbicide,"T, T+, CMR",,5
2016,35510,Non,8700462,prosulfocarbe,52888-80-9,Herbicide,N Organique,,128
2016,35510,Non,8800011,carboxine,5234-68-4,Fongicide,N Organique,,1.98
2016,35510,Non,8800011,thirame,137-26-8,Fongicide,N Organique,,1.98
2016,35510,Non,8800199,propaquizafop,111479-05-1,Herbicide,N Organique,,0.8
2016,35510,Non,8800488,chlorothalonil,1897-45-6,Fongicide,"T, T+, CMR",,20
2016,35510,Non,8800827,chlortoluron,15545-48-9,Herbicide,"T, T+, CMR",,12.5
2016,35510,Non,8800827,isoxaben,82558-50-7,Herbicide,N Organique,,0.4675
2016,35510,Non,8800841,difenoconazole,119446-68-3,Fongicide,N Organique,,2.5
2016,35510,Non,9000144,betacyfluthrine,68359-37-5,Insecticide,"T, T+, CMR",,0.25
2016,35510,Non,9000184,"2,4-mcpa",94-74-6,Herbicide,N Organique,,8
2016,35510,Non,9000184,clopyralid (sous forme de sel de monoethanolamine),57754-85-5,Herbicide,Autre,,0.8
2016,35510,Non,9000184,fluroxypyr,69377-81-7,Herbicide,N Organique,,1.6
2016,35510,Non,9000259,amidosulfuron,120923-37-7,Herbicide,N Organique,,0.165
2016,35510,Non,9000490,cycloxydime,101205-02-1,Herbicide,"T, T+, CMR",,1.5
2016,35510,Non,9000741,tetraconazole,112281-77-3,Fongicide,N Organique,,1.875
2016,35510,Non,9000833,metazachlore,67129-08-2,Herbicide,"T, T+, CMR",,4
2016,35510,Non,9000833,quinmerac,90717-03-6,Herbicide,N Organique,,1
2016,35510,Non,9100046,trinexapac-ethyl,95266-40-3,Régulateur de croissance,N Organique,,5.75
2016,35510,Non,9100155,glyphosate,1071-83-6,Herbicide,N Organique,,1.8
2016,35510,Non,9100418,nicosulfuron,111991-09-4,Herbicide,N Organique,,1.8
2016,35510,Non,9200091,imidaclopride,138261-41-3,Insecticide,N Organique,,6.0515
2016,35510,Non,9200313,fenazaquin,120928-09-8,Insecticide - Acaricide,"T, T+, CMR",,0.2
2016,35510,Non,9200383,lambda-cyhalothrine,91465-08-6,Insecticide,"T, T+, CMR",,0.05
2016,35510,Non,9200392,"2,4-mcpa",94-74-6,Herbicide,N Organique,,2
2016,35510,Non,9200392,clopyralid (sous forme de sel de monoethanolamine),57754-85-5,Herbicide,Autre,,0.2
2016,35510,Non,9200392,fluroxypyr,69377-81-7,Herbicide,N Organique,,0.4
2016,35510,Non,9200461,chlormequat chlorure,999-81-5,Régulateur de croissance,Autre,,12.075
2016,35510,Non,9200461,mepiquat-chlorure,24307-26-4,Régulateur de croissance,N Organique,,4.025
2016,35510,Non,9200548,thirame,137-26-8,Fongicide,N Organique,,0.4224
2016,35510,Non,9300270,prochloraze,67747-09-5,Fongicide,N Organique,,0.08
2016,35510,Non,9400067,dicamba,1918-00-9,Herbicide,N Organique,,3.5
2016,35510,Non,9400109,"2,4-d",94-75-7,Herbicide,N Organique,,0.175
2016,35510,Non,9400109,dicamba,1918-00-9,Herbicide,N Organique,,0.025
2016,35510,Non,9400134,diflufenicanil,83164-33-4,Herbicide,N Organique,,1.4
2016,35510,Non,9400134,flurtamone,96525-23-4,Herbicide,N Organique,,3.5
2016,35510,Non,9400162,glyphosate,1071-83-6,Herbicide,N Organique,,7.2
2016,35510,Non,9400354,glyphosate,1071-83-6,Herbicide,N Organique,,28.8
2016,35510,Non,9400367,chlorothalonil,1897-45-6,Fongicide,"T, T+, CMR",,11.25
2016,35510,Non,9400367,cyproconazole,94361-06-5,Fongicide,"T, T+, CMR",,1.2
2016,35510,Non,9400495,glyphosate,1071-83-6,Herbicide,N Organique,,1.8
2016,35510,Non,9500040,quizalofop-p-ethyl,100646-51-3,Herbicide,N Organique,,0.5
2016,35510,Non,9500135,metaldehyde,108-62-3,Molluscicide,Autre,,2
2016,35510,Non,9500581,chlormequat chlorure,999-81-5,Régulateur de croissance,Autre,,3
2016,35510,Non,9500581,ethephon,16672-87-0,Régulateur de croissance,"T, T+, CMR",,1.5
2016,35510,Non,9600093,azoxystrobine,131860-33-8,Fongicide,"T, T+, CMR",,6.25
2016,35510,Non,9600197,carfentrazone ethyl,128639-02-1,Herbicide,N Organique,,0.36
2016,35510,Non,9600197,metsulfuron-methyl,74223-64-6,Herbicide,N Organique,,0.09
2016,35510,Non,9600318,glyphosate,1071-83-6,Herbicide,N Organique,,0.0072
2016,35510,Non,9600319,glyphosate,1071-83-6,Herbicide,N Organique,,1.8
2016,35510,Non,9700554,prochloraze,67747-09-5,Fongicide,N Organique,,12
2016,35510,Non,9700554,propiconazole,60207-90-1,Fongicide,N Organique,,2.7
2016,35510,Non,9800018,clomazone,81777-89-1,Herbicide,N Organique,,1.8
2016,35510,Non,9800018,dimethachlore,50563-36-5,Herbicide,N Organique,,11.250
2016,35510,Non,9800018,napropamide,15299-99-7,Herbicide,N Organique,,11.250
2016,35510,Non,9800219,ethephon,16672-87-0,Régulateur de croissance,"T, T+, CMR",,1.2
2016,35510,Non,9800344,fludioxonil,131341-86-1,Fongicide,N Organique,,0.03175
2016,35510,Non,9800344,metalaxyl-m,70630-17-0,Fongicide,Autre,,0.012319
2016,35510,Non,9800350,"2,4-d",94-75-7,Herbicide,N Organique,,0.5328
2016,35510,Non,9800350,"2,4-mcpa",94-74-6,Herbicide,N Organique,,1.0512
2016,35510,Non,9900047,mesotrione,104206-82-8,Herbicide,N Organique,,3.1
2016,35510,Non,9900104,chlorpyriphos-ethyl,2921-88-2,Insecticide,"T, T+, CMR",,2.5
2016,35510,Non,9900206,picoxystrobine,117428-22-5,Fongicide,N Organique,,2.5
2016,35510,Non,9900263,chlormequat chlorure,999-81-5,Régulateur de croissance,Autre,,40.48
2016,35510,Non,9900263,imazaquine,81335-37-7,Régulateur de croissance,N Organique,,0.088
2016,35510,Non,9900269,glyphosate,1071-83-6,Herbicide,N Organique,,28.8
2016,35510,Non,9900412,fluroxypyr,69377-81-7,Herbicide,N Organique,,1
2016,35510,Non,9900446,cymoxanil,57966-95-7,Fongicide,"T, T+, CMR",,0.04
2016,35510,Non,9900446,fludioxonil,131341-86-1,Fongicide,N Organique,,0.02
2016,35510,Non,9900446,metalaxyl-m,70630-17-0,Fongicide,Autre,,0.06784
2016,35520,Non,2000018,soufre pour pulverisation (micronise),7704-34-9,Fongicide,Autre,,64
2016,35520,Non,2000044,fluazifop-p-butyl,79241-46-6,Herbicide,"T, T+, CMR",,0.500
2016,35520,Non,2000097,metaldehyde,108-62-3,Molluscicide,Autre,,0.6
2016,35520,Non,2000201,silthiofam,175217-20-6,Fongicide,N Organique,,1.4825
2016,35520,Non,2000202,glyphosate,1071-83-6,Herbicide,N Organique,,9
2016,35520,Non,2000299,clomazone,81777-89-1,Herbicide,N Organique,,3.6
2016,35520,Non,2000301,foramsulfuron,173159-57-4,Herbicide,N Organique,,2.1375
2016,35520,Non,2000301,isoxadifen-ethyl,163520-33-0,Autre usage – Coformulant / Phytoprotecteur / Synergiste,N Organique,,2.1375
2016,35520,Non,2000502,chlorpyriphos-methyl,5598-13-0,Insecticide,N Organique,,0.1125
2016,35520,Non,2010023,deltamethrine,52918-63-5,Insecticide,"T, T+, CMR",,0.225
2016,35520,Non,2010025,desmediphame,13684-56-5,Herbicide,N Organique,,0.125
2016,35520,Non,2010025,ethofumesate,26225-79-6,Herbicide,N Organique,,0.755
2016,35520,Non,2010025,phenmediphame,13684-63-4,Herbicide,N Organique,,0.375
2016,35520,Non,2010132,pymetrozine,123312-89-0,Insecticide,"T, T+, CMR",,1.5
2016,35520,Non,2010239,florasulame,145701-23-1,Herbicide,N Organique,,0.005
2016,35520,Non,2010239,fluroxypyr,69377-81-7,Herbicide,N Organique,,0.5
2016,35520,Non,2010280,metconazole,125116-23-6,Fongicide,"T, T+, CMR",,30.06
2016,35520,Non,2010351,iodosulfuron-methyl-sodium,144550-36-7,Herbicide,N Organique,,0.450
2016,35520,Non,2010351,mefenpyr-diethyl,135590-91-9,Autre usage – Coformulant / Phytoprotecteur / Synergiste,Autre,,1.350
2016,35520,Non,2010351,mesosulfuron-methyl,208465-21-8,Herbicide,N Organique,,0.450
2016,35520,Non,2010419,iodosulfuron-methyl-sodium,144550-36-7,Herbicide,N Organique,,0.0216
2016,35520,Non,2010419,mefenpyr-diethyl,135590-91-9,Autre usage – Coformulant / Phytoprotecteur / Synergiste,Autre,,0.324
2016,35520,Non,2010419,mesosulfuron-methyl,208465-21-8,Herbicide,N Organique,,0.108
2016,35520,Non,2010425,metsulfuron-methyl,74223-64-6,Herbicide,N Organique,,0.1
2016,35520,Non,2010439,"2,4-d",94-75-7,Herbicide,N Organique,,0.0444
2016,35520,Non,2010439,"2,4-mcpa",94-74-6,Herbicide,N Organique,,0.0876
2016,35520,Non,2010513,bacillus thuringiensis serotype 3a 3b,68038-71-1,Insecticide,Autre,,
2016,35520,Non,2010585,oxyfluorfene,42874-03-3,Herbicide,"T, T+, CMR",,4.9
2016,35520,Non,2010585,pendimethaline,40487-42-1,Herbicide,N Organique,,24.5
2016,35520,Non,2010612,glyphosate,1071-83-6,Herbicide,N Organique,,14.4
2016,35520,Non,2020003,phosphate ferrique,10045-86-0,Molluscicide,Autre,,0.1485
2016,35520,Non,2020021,laminarine,9008-22-4,Fongicide,Autre,,0.74
2016,35520,Non,2020049,iodosulfuron-methyl-sodium,144550-36-7,Herbicide,N Organique,,0.0252
2016,35520,Non,2020049,mefenpyr-diethyl,135590-91-9,Autre usage – Coformulant / Phytoprotecteur / Synergiste,Autre,,0.378
2016,35520,Non,2020049,mesosulfuron-methyl,208465-21-8,Herbicide,N Organique,,0.126
2016,35520,Non,2020065,metribuzine,21087-64-9,Herbicide,N Organique,,0.028
2016,35520,Non,2020099,trifloxystrobine,141517-21-7,Fongicide,N Organique,,1.125
2016,35520,Non,2020234,metaldehyde,108-62-3,Molluscicide,Autre,,2
2016,35520,Non,2030265,chlormequat chlorure,999-81-5,Régulateur de croissance,Autre,,9.2
2016,35520,Non,2030323,fludioxonil,131341-86-1,Fongicide,N Organique,,0.03750
2016,35520,Non,2040195,myclobutanil,88671-89-0,Fongicide,"T, T+, CMR",,0.27
2016,35520,Non,2040201,"2,4-mcpa",94-74-6,Herbicide,N Organique,,3.6
2016,35520,Non,2040201,dicamba,1918-00-9,Herbicide,N Organique,,0.3
2016,35520,Non,2040310,prochloraze,67747-09-5,Fongicide,N Organique,,9.3485
2016,35520,Non,2040310,tebuconazole,107534-96-3,Fongicide,"T, T+, CMR",,4.6375
2016,35520,Non,2040311,metazachlore,67129-08-2,Herbicide,"T, T+, CMR",,5
2016,35520,Non,2050046,flonicamide,158062-67-0,Insecticide,Autre,,0.75
2016,35520,Non,2050075,boscalid,188425-85-6,Fongicide,N Organique,,8.75
2016,35520,Non,2060045,huile vegetale,,SA non phyto - Divers,Autre,,0.35
2016,35520,Non,2060045,resines (colophane),8050-09-7,SA non phyto - Divers,Autre,,3.4
2016,35520,Non,2060084,boscalid,188425-85-6,Fongicide,N Organique,,10.146
2016,35520,Non,2060084,pyraclostrobine,175013-18-0,Fongicide,"T, T+, CMR",,2.546
2016,35520,Non,2060088,benoxacor,98730-04-2,Autre usage – Coformulant / Phytoprotecteur / Synergiste,Autre,,10.7
2016,35520,Non,2060088,mesotrione,104206-82-8,Herbicide,N Organique,,21.4
2016,35520,Non,2060088,s-metolachlore,87392-12-9,Herbicide,N Organique,,214
2016,35520,Non,2060091,diflufenicanil,83164-33-4,Herbicide,N Organique,,2.5
2016,35520,Non,2060091,isoproturon,34123-59-6,Herbicide,"T, T+, CMR",,20
2016,35520,Non,2060113,bifenazate,149877-41-8,Insecticide - Acaricide,N Organique,,1.02
2016,35520,Non,2060115,azoxystrobine,131860-33-8,Fongicide,"T, T+, CMR",,1
2016,35520,Non,2060115,cyproconazole,94361-06-5,Fongicide,"T, T+, CMR",,0.4
2016,35520,Non,2060127,prothioconazole,178928-70-6,Fongicide,"T, T+, CMR",,0.012
2016,35520,Non,2060129,oxyfluorfene,42874-03-3,Herbicide,"T, T+, CMR",,0.1125
2016,35520,Non,2060129,pendimethaline,40487-42-1,Herbicide,N Organique,,0.575
2016,35520,Non,2060131,"2,4-d",94-75-7,Herbicide,N Organique,,1.116
2016,35520,Non,2060131,triclopyr,55335-06-3,Herbicide,N Organique,,1.2432
2016,35520,Non,2060133,thiaclopride,111988-49-9,Insecticide,"T, T+, CMR",,0.48
2016,35520,Non,2060194,tefluthrine,79538-32-2,Insecticide,"T, T+, CMR",,16.8681
2016,35520,Non,2070077,prothioconazole,178928-70-6,Fongicide,"T, T+, CMR",,1.25
2016,35520,Non,2070107,fosetyl,15845-66-6,Fongicide,Autre,,3.41
2016,35520,Non,2070107,propamocarbe,24579-73-5,Fongicide,Autre,,5.83
2016,35520,Non,2070163,bentazone,25057-89-0,Herbicide,N Organique,,2.61
2016,35520,Non,2070221,metazachlore,67129-08-2,Herbicide,"T, T+, CMR",,4
2016,35520,Non,2070221,quinmerac,90717-03-6,Herbicide,N Organique,,1
2016,35520,Non,2080026,nicosulfuron,111991-09-4,Herbicide,N Organique,,3.30
2016,35520,Non,2080060,pyriproxyfene,95737-68-1,Insecticide,N Organique,,0.2
2016,35520,Non,2080092,glyphosate,1071-83-6,Herbicide,N Organique,,27
2016,35520,Non,2080094,florasulame,145701-23-1,Herbicide,N Organique,,0.18
2016,35520,Non,2080094,isoxaben,82558-50-7,Herbicide,N Organique,,2.745
2016,35520,Non,2080101,acetamipride,135410-20-7,Insecticide,N Organique,,2.2
2016,35520,Non,2080102,azoxystrobine,131860-33-8,Fongicide,"T, T+, CMR",,1
2016,35520,Non,2080102,difenoconazole,119446-68-3,Fongicide,N Organique,,0.625
2016,35520,Non,2080112,thirame,137-26-8,Fongicide,N Organique,,1.9392
2016,35520,Non,2080117,prosulfuron,94125-34-5,Herbicide,N Organique,,26.7375
2016,35520,Non,2080123,metsulfuron-methyl,74223-64-6,Herbicide,N Organique,,16.80
2016,35520,Non,2080136,pyridate,55512-33-9,Herbicide,N Organique,,0.45
2016,35520,Non,2080145,diflufenicanil,83164-33-4,Herbicide,N Organique,,29
2016,35520,Non,2080145,flufenacet,142459-58-3,Herbicide,N Organique,,58
2016,35520,Non,2090008,thirame,137-26-8,Fongicide,N Organique,,0.54899
2016,35520,Non,2090011,pendimethaline,40487-42-1,Herbicide,N Organique,,18.2
2016,35520,Non,2090016,imazamox,114311-32-9,Herbicide,N Organique,,0.167
2016,35520,Non,2090016,pendimethaline,40487-42-1,Herbicide,N Organique,,2.5
2016,35520,Non,2090037,dicamba,1918-00-9,Herbicide,N Organique,,41.7
2016,35520,Non,2090037,prosulfuron,94125-34-5,Herbicide,N Organique,,4.17
2016,35520,Non,2090041,cloquintocet-mexyl,99607-70-2,Autre usage – Coformulant / Phytoprotecteur / Synergiste,Autre,,1.05
2016,35520,Non,2090041,pyroxsulame,422556-08-9,Herbicide,"T, T+, CMR",,1.05
2016,35520,Non,2090042,cloquintocet-mexyl,99607-70-2,Autre usage – Coformulant / Phytoprotecteur / Synergiste,Autre,,0.037565
2016,35520,Non,2090042,florasulame,145701-23-1,Herbicide,N Organique,,0.01254
2016,35520,Non,2090042,pyroxsulame,422556-08-9,Herbicide,"T, T+, CMR",,0.037565
2016,35520,Non,2090057,metsulfuron-methyl,74223-64-6,Herbicide,N Organique,,0.38295
2016,35520,Non,2090057,tribenuron-methyle,101200-48-0,Herbicide,N Organique,,0.7659
2016,35520,Non,2090063,tebuconazole,107534-96-3,Fongicide,"T, T+, CMR",,0.5
2016,35520,Non,2090063,trifloxystrobine,141517-21-7,Fongicide,N Organique,,0.25
2016,35520,Non,2090064,imazamox,114311-32-9,Herbicide,N Organique,,0.2
2016,35520,Non,2090069,bromoxynil,1689-84-5,Herbicide,"T, T+, CMR",,46.9953
2016,35520,Non,2090071,bromoxynil,1689-84-5,Herbicide,"T, T+, CMR",,7.050
2016,35520,Non,2090072,florasulame,145701-23-1,Herbicide,N Organique,,0.025
2016,35520,Non,2090091,thiamethoxam,153719-23-4,Insecticide,N Organique,,1
2016,35520,Non,2090092,epoxiconazole,133855-98-8,Fongicide,"T, T+, CMR",,13.410
2016,35520,Non,2090092,metconazole,125116-23-6,Fongicide,"T, T+, CMR",,9.834
2016,35520,Non,2090094,thiophanate-methyl,23564-05-8,Fongicide,"T, T+, CMR",,7.04
2016,35520,Non,2090101,nicosulfuron,111991-09-4,Herbicide,N Organique,,2.0
2016,35520,Non,2090111,cypermethrine,52315-07-8,Insecticide,N Organique,,0.06
2016,35520,Non,2090113,dimethenamide-p (dmta-p),163515-14-8,Herbicide,N Organique,,10.625
2016,35520,Non,2090113,pendimethaline,40487-42-1,Herbicide,N Organique,,12.5
2016,35520,Non,2090114,diflufenicanil,83164-33-4,Herbicide,N Organique,,0.09
2016,35520,Non,2090114,iodosulfuron-methyl-sodium,144550-36-7,Herbicide,N Organique,,0.0025
2016,35520,Non,2090115,glyphosate,1071-83-6,Herbicide,N Organique,,50.4
2016,35520,Non,2090116,glyphosate,1071-83-6,Herbicide,N Organique,,43.2
2016,35520,Non,2090127,huile essentielle d'orange douce,8028-48-6,Régulateur de croissance,N Organique,,0.3
2016,35520,Non,2090136,fluopicolide,239110-15-7,Fongicide,N Organique,,0.625
2016,35520,Non,2090136,propamocarbe,24579-73-5,Fongicide,Autre,,6.25
2016,35520,Non,2090153,dicamba,1918-00-9,Herbicide,N Organique,,9.6
2016,35520,Non,2090153,tritosulfuron,142469-14-5,Herbicide,N Organique,,2
2016,35520,Non,2090159,tritosulfuron,142469-14-5,Herbicide,N Organique,,0.7497
2016,35520,Non,2090160,glyphosate,1071-83-6,Herbicide,N Organique,,208.8
2016,35520,Non,2090164,glyphosate,1071-83-6,Herbicide,N Organique,,18.36
2016,35520,Non,2090186,prosulfocarbe,52888-80-9,Herbicide,N Organique,,88
2016,35520,Non,2090199,huile de colza,8002-13-9,Insecticide,Autre,,0.8253
2016,35520,Non,2090199,pyrethrines,8003-34-7,Insecticide,N Organique,,0.00459
2016,35520,Non,2100014,metsulfuron-methyl,74223-64-6,Herbicide,N Organique,,0.1206
2016,35520,Non,2100014,thifensulfuron-methyle,79277-27-3,Herbicide,N Organique,,0.5994
2016,35520,Non,2100015,thifensulfuron-methyle,79277-27-3,Herbicide,N Organique,,0.135
2016,35520,Non,2100026,cypermethrine,52315-07-8,Insecticide,N Organique,,4.5
2016,35520,Non,2100028,fluroxypyr,69377-81-7,Herbicide,N Organique,,37
2016,35520,Non,2100030,phosphate ferrique,10045-86-0,Molluscicide,Autre,,1.188
2016,35520,Non,2100051,ipconazole,125225-28-7,Fongicide,N Organique,,0.3072
2016,35520,Non,2100052,cyprodinil,121552-61-2,Fongicide,N Organique,,12.0
2016,35520,Non,2100056,prothioconazole,178928-70-6,Fongicide,"T, T+, CMR",,3.2
2016,35520,Non,2100056,spiroxamine,118134-30-8,Fongicide,N Organique,,6.0
2016,35520,Non,2100057,prothioconazole,178928-70-6,Fongicide,"T, T+, CMR",,7.875
2016,35520,Non,2100057,trifloxystrobine,141517-21-7,Fongicide,N Organique,,3.96
2016,35520,Non,2100065,metsulfuron-methyl,74223-64-6,Herbicide,N Organique,,0.0306
2016,35520,Non,2100065,thifensulfuron-methyle,79277-27-3,Herbicide,N Organique,,0.3069
2016,35520,Non,2100071,glyphosate,1071-83-6,Herbicide,N Organique,,28.8
2016,35520,Non,2100108,prothioconazole,178928-70-6,Fongicide,"T, T+, CMR",,10.000
2016,35520,Non,2100108,tebuconazole,107534-96-3,Fongicide,"T, T+, CMR",,10.000
2016,35520,Non,2100111,mesotrione,104206-82-8,Herbicide,N Organique,,15.750
2016,35520,Non,2100111,nicosulfuron,111991-09-4,Herbicide,N Organique,,6.30
2016,35520,Non,2100112,ethephon,16672-87-0,Régulateur de croissance,"T, T+, CMR",,67.2
2016,35520,Non,2100121,chlorantraniliprole,500008-45-7,Insecticide,N Organique,,0.4
2016,35520,Non,2100138,cloquintocet-mexyl,99607-70-2,Autre usage – Coformulant / Phytoprotecteur / Synergiste,Autre,,2.00125
2016,35520,Non,2100138,pinoxaden,243973-20-8,Herbicide,"T, T+, CMR",,8.005
2016,35520,Non,2100140,clodinafop-propargyl,105512-06-9,Herbicide,N Organique,,7.7485
2016,35520,Non,2100140,cloquintocet-mexyl,99607-70-2,Autre usage – Coformulant / Phytoprotecteur / Synergiste,Autre,,1.937125
2016,35520,Non,2100140,pinoxaden,243973-20-8,Herbicide,"T, T+, CMR",,7.7485
2016,35520,Non,2100164,fluroxypyr,69377-81-7,Herbicide,N Organique,,6
2016,35520,Non,2100184,picolinafen,137641-05-5,Herbicide,N Organique,,3.0015
2016,35520,Non,2100184,tritosulfuron,142469-14-5,Herbicide,N Organique,,3.0015
2016,35520,Non,2100211,prothioconazole,178928-70-6,Fongicide,"T, T+, CMR",,17.5
2016,35520,Non,2100211,tebuconazole,107534-96-3,Fongicide,"T, T+, CMR",,17.5
2016,35520,Non,2100215,pendimethaline,40487-42-1,Herbicide,N Organique,,4
2016,35520,Non,2100231,emamectine benzoate,155569-91-8,Insecticide,"T, T+, CMR",,0.057
2016,35520,Non,2100234,diflufenicanil,83164-33-4,Herbicide,N Organique,,6.0
2016,35520,Non,2100234,iodosulfuron-methyl-sodium,144550-36-7,Herbicide,N Organique,,0.3750
2016,35520,Non,2100234,mefenpyr-diethyl,135590-91-9,Autre usage – Coformulant / Phytoprotecteur / Synergiste,Autre,,1.350
2016,35520,Non,2100234,mesosulfuron-methyl,208465-21-8,Herbicide,N Organique,,0.450
2016,35520,Non,2100245,prothioconazole,178928-70-6,Fongicide,"T, T+, CMR",,1.25
2016,35520,Non,2100245,tebuconazole,107534-96-3,Fongicide,"T, T+, CMR",,1.25
2016,35520,Non,2110012,cyazofamide,120116-88-3,Fongicide,N Organique,,1.28
2016,35520,Non,2110013,bromoxynil,1689-84-5,Herbicide,"T, T+, CMR",,0.4016
2016,35520,Non,2110018,difenoconazole,119446-68-3,Fongicide,N Organique,,0.02025
2016,35520,Non,2110018,fludioxonil,131341-86-1,Fongicide,N Organique,,0.02025
2016,35520,Non,2110052,propaquizafop,111479-05-1,Herbicide,N Organique,,0.5
2016,35520,Non,2110063,clopyralid,1702-17-6,Herbicide,Autre,,0.108
2016,35520,Non,2110082,diflufenicanil,83164-33-4,Herbicide,N Organique,,0.36
2016,35520,Non,2110082,metsulfuron-methyl,74223-64-6,Herbicide,N Organique,,0.036
2016,35520,Non,2110090,azoxystrobine,131860-33-8,Fongicide,"T, T+, CMR",,11.25
2016,35520,Non,2110095,cloquintocet-mexyl,99607-70-2,Autre usage – Coformulant / Phytoprotecteur / Synergiste,Autre,,0.16875
2016,35520,Non,2110095,florasulame,145701-23-1,Herbicide,N Organique,,0.075
2016,35520,Non,2110095,pinoxaden,243973-20-8,Herbicide,"T, T+, CMR",,0.675
2016,35520,Non,2110102,difenoconazole,119446-68-3,Fongicide,N Organique,,0.56675
2016,35520,Non,2110102,fludioxonil,131341-86-1,Fongicide,N Organique,,0.56675
2016,35520,Non,2110102,sedaxane,874967-67-6,Fongicide,N Organique,,1.1335
2016,35520,Non,2110103,tribenuron-methyle,101200-48-0,Herbicide,N Organique,,1.65
2016,35520,Non,2110104,clopyralid (sous forme de sel de monoethanolamine),57754-85-5,Herbicide,Autre,,3.36
2016,35520,Non,2110104,florasulame,145701-23-1,Herbicide,N Organique,,0.105
2016,35520,Non,2110104,fluroxypyr,69377-81-7,Herbicide,N Organique,,4.2
2016,35520,Non,2110105,azoxystrobine,131860-33-8,Fongicide,"T, T+, CMR",,6.25
2016,35520,Non,2110109,cyprosulfamide,221667-31-8,Autre usage – Coformulant / Phytoprotecteur / Synergiste,Autre,,2.97
2016,35520,Non,2110109,isoxaflutole,141112-29-0,Herbicide,"T, T+, CMR",,4.5
2016,35520,Non,2110109,thiencarbazone-methyl,317815-83-1,Herbicide,"T, T+, CMR",,1.8
2016,35520,Non,2110115,cypermethrine,52315-07-8,Insecticide,N Organique,,1
2016,35520,Non,2110121,thiaclopride,111988-49-9,Insecticide,"T, T+, CMR",,1.892
2016,35520,Non,2110141,dimethomorphe,110488-70-5,Fongicide,N Organique,,0.36
2016,35520,Non,2110141,pyraclostrobine,175013-18-0,Fongicide,"T, T+, CMR",,0.2
2016,35520,Non,2110144,fluxapyroxad,907204-31-3,Fongicide,"T, T+, CMR",,1
2016,35520,Non,2110148,bixafen,581809-46-3,Fongicide,N Organique,,1.125
2016,35520,Non,2110152,cypermethrine,52315-07-8,Insecticide,N Organique,,0.24
2016,35520,Non,2110156,desmediphame,13684-56-5,Herbicide,N Organique,,0.125
2016,35520,Non,2110156,ethofumesate,26225-79-6,Herbicide,N Organique,,0.75
2016,35520,Non,2110156,phenmediphame,13684-63-4,Herbicide,N Organique,,0.375
2016,35520,Non,2110177,chlorothalonil,1897-45-6,Fongicide,"T, T+, CMR",,180.00
2016,35520,Non,2110177,cyproconazole,94361-06-5,Fongicide,"T, T+, CMR",,24.0
2016,35520,Non,2110177,propiconazole,60207-90-1,Fongicide,N Organique,,30.000
2016,35520,Non,2110178,bixafen,581809-46-3,Fongicide,N Organique,,6.75225
2016,35520,Non,2110178,prothioconazole,178928-70-6,Fongicide,"T, T+, CMR",,13.5045
2016,35520,Non,2110181,bixafen,581809-46-3,Fongicide,N Organique,,1.875
2016,35520,Non,2110181,prothioconazole,178928-70-6,Fongicide,"T, T+, CMR",,2.5
2016,35520,Non,2110181,tebuconazole,107534-96-3,Fongicide,"T, T+, CMR",,2.5
2016,35520,Non,2110198,glyphosate,1071-83-6,Herbicide,N Organique,,79.2
2016,35520,Non,2110201,boscalid,188425-85-6,Fongicide,N Organique,,0.7
2016,35520,Non,2110201,epoxiconazole,133855-98-8,Fongicide,"T, T+, CMR",,0.25
2016,35520,Non,2110201,pyraclostrobine,175013-18-0,Fongicide,"T, T+, CMR",,0.3
2016,35520,Non,2120008,glyphosate,1071-83-6,Herbicide,N Organique,,1.08
2016,35520,Non,2120034,glyphosate,1071-83-6,Herbicide,N Organique,,48.0
2016,35520,Non,2120041,zirame,137-30-4,Fongicide,"T, T+, CMR",,1.1046
2016,35520,Non,2120048,aminopyralid,150114-71-9,Herbicide,N Organique,,2.58
2016,35520,Non,2120048,triclopyr,55335-06-3,Herbicide,N Organique,,20.64
2016,35520,Non,2120066,dichlorprop-p,15165-67-0,Herbicide,Autre,,24
2016,35520,Non,2120066,picolinafen,137641-05-5,Herbicide,N Organique,,0.8
2016,35520,Non,2120070,prothioconazole,178928-70-6,Fongicide,"T, T+, CMR",,21.6
2016,35520,Non,2120070,tebuconazole,107534-96-3,Fongicide,"T, T+, CMR",,10.8
2016,35520,Non,2120075,dimethenamide-p (dmta-p),163515-14-8,Herbicide,N Organique,,1
2016,35520,Non,2120075,metazachlore,67129-08-2,Herbicide,"T, T+, CMR",,1
2016,35520,Non,2120075,quinmerac,90717-03-6,Herbicide,N Organique,,0.5
2016,35520,Non,2120089,diflufenicanil,83164-33-4,Herbicide,N Organique,,0.495
2016,35520,Non,2120089,glyphosate,1071-83-6,Herbicide,N Organique,,3.96
2016,35520,Non,2120089,mecoprop (mcpp),7085-19-0,Herbicide,N Organique,,1.98
2016,35520,Non,2120110,epoxiconazole,133855-98-8,Fongicide,"T, T+, CMR",,1.875
2016,35520,Non,2120110,fluxapyroxad,907204-31-3,Fongicide,"T, T+, CMR",,1.875
2016,35520,Non,2120117,"2,4-d",94-75-7,Herbicide,N Organique,,0.29
2016,35520,Non,2120117,triclopyr,55335-06-3,Herbicide,N Organique,,0.3235
2016,35520,Non,2120118,"2,4-d",94-75-7,Herbicide,N Organique,,0.058
2016,35520,Non,2120118,triclopyr,55335-06-3,Herbicide,N Organique,,0.0647
2016,35520,Non,2120171,fosetyl-aluminium,39148-24-8,Fongicide,Autre,,9.6
2016,35520,Non,2120194,metsulfuron-methyl,74223-64-6,Herbicide,N Organique,,0.10
2016,35520,Non,2120205,epoxiconazole,133855-98-8,Fongicide,"T, T+, CMR",,1.664
2016,35520,Non,2120205,fluxapyroxad,907204-31-3,Fongicide,"T, T+, CMR",,1.664
2016,35520,Non,2120205,pyraclostrobine,175013-18-0,Fongicide,"T, T+, CMR",,2.664
2016,35520,Non,2120210,dicamba,1918-00-9,Herbicide,N Organique,,4.8
2016,35520,Non,2130063,nicosulfuron,111991-09-4,Herbicide,N Organique,,0.2
2016,35520,Non,2130068,diflufenicanil,83164-33-4,Herbicide,N Organique,,5.5
2016,35520,Non,2130075,metaldehyde,108-62-3,Molluscicide,Autre,,6.4
2016,35520,Non,2130082,metaldehyde,108-62-3,Molluscicide,Autre,,0.8
2016,35520,Non,2130083,lambda-cyhalothrine,91465-08-6,Insecticide,"T, T+, CMR",,0.2
2016,35520,Non,2130084,metaldehyde,108-62-3,Molluscicide,Autre,,2.4
2016,35520,Non,2130092,spiromesifen,283594-90-1,Insecticide,Autre,,3.36
2016,35520,Non,2130105,metaldehyde,108-62-3,Molluscicide,Autre,,0.96
2016,35520,Non,2130164,foramsulfuron,173159-57-4,Herbicide,N Organique,,2.25
2016,35520,Non,2130164,thiencarbazone-methyl,317815-83-1,Herbicide,"T, T+, CMR",,0.75
2016,35520,Non,2130196,chlorothalonil,1897-45-6,Fongicide,"T, T+, CMR",,7.5
2016,35520,Non,2130196,cyproconazole,94361-06-5,Fongicide,"T, T+, CMR",,1
2016,35520,Non,2130196,propiconazole,60207-90-1,Fongicide,N Organique,,1.25
2016,35520,Non,2130202,fluopyram,658066-35-4,Fongicide,"T, T+, CMR",,1.25
2016,35520,Non,2130202,prothioconazole,178928-70-6,Fongicide,"T, T+, CMR",,1.25
2016,35520,Non,2130243,cyprodinil,121552-61-2,Fongicide,N Organique,,1.5
2016,35520,Non,2130256,chlorothalonil,1897-45-6,Fongicide,"T, T+, CMR",,10
2016,35520,Non,2130266,bromuconazole,116255-48-2,Fongicide,N Organique,,3.34
2016,35520,Non,2130266,tebuconazole,107534-96-3,Fongicide,"T, T+, CMR",,2.14
2016,35520,Non,2140002,florasulame,145701-23-1,Herbicide,N Organique,,0.05
2016,35520,Non,2140007,iodosulfuron-methyl-sodium,144550-36-7,Herbicide,N Organique,,0.036
2016,35520,Non,2140007,mesosulfuron-methyl,208465-21-8,Herbicide,N Organique,,0.18
2016,35520,Non,2140034,mesotrione,104206-82-8,Herbicide,N Organique,,1.5
2016,35520,Non,2140039,imidaclopride,138261-41-3,Insecticide,N Organique,,1.7395
2016,35520,Non,2140039,prothioconazole,178928-70-6,Fongicide,"T, T+, CMR",,0.2485
2016,35520,Non,2140082,trinexapac-ethyl,95266-40-3,Régulateur de croissance,N Organique,,3.500
2016,35520,Non,2140085,abamectine,71751-41-2,Insecticide,"T, T+, CMR",,0.018
2016,35520,Non,2140093,glyphosate,1071-83-6,Herbicide,N Organique,,27
2016,35520,Non,2140132,diflufenicanil,83164-33-4,Herbicide,N Organique,,8.5
2016,35520,Non,2140148,dicamba,1918-00-9,Herbicide,N Organique,,0.48
2016,35520,Non,2140173,fluxapyroxad,907204-31-3,Fongicide,"T, T+, CMR",,17.5000
2016,35520,Non,2140173,metconazole,125116-23-6,Fongicide,"T, T+, CMR",,12.600
2016,35520,Non,2140201,cyflufenamid,180409-60-3,Fongicide,N Organique,,0.150
2016,35520,Non,2140201,difenoconazole,119446-68-3,Fongicide,N Organique,,1.250
2016,35520,Non,2140256,chlorpyriphos-methyl,5598-13-0,Insecticide,N Organique,,2.025
2016,35520,Non,2140257,iodosulfuron-methyl-sodium,144550-36-7,Herbicide,N Organique,,0.02
2016,35520,Non,2140257,mefenpyr-diethyl,135590-91-9,Autre usage – Coformulant / Phytoprotecteur / Synergiste,Autre,,0.3
2016,35520,Non,2140257,mesosulfuron-methyl,208465-21-8,Herbicide,N Organique,,0.1
2016,35520,Non,2140266,epoxiconazole,133855-98-8,Fongicide,"T, T+, CMR",,14.28
2016,35520,Non,2140266,fluxapyroxad,907204-31-3,Fongicide,"T, T+, CMR",,14.28
2016,35520,Non,2140266,pyraclostrobine,175013-18-0,Fongicide,"T, T+, CMR",,23.12
2016,35520,Non,2150028,metobromuron,3060-89-7,Herbicide,Autre,,2.5
2016,35520,Non,2150200,chlorothalonil,1897-45-6,Fongicide,"T, T+, CMR",,15
2016,35520,Non,2150280,imidaclopride,138261-41-3,Insecticide,N Organique,,22.326
2016,35520,Non,2160931,bixafen,581809-46-3,Fongicide,N Organique,,2.48625
2016,35520,Non,2160931,fluopyram,658066-35-4,Fongicide,"T, T+, CMR",,2.48625
2016,35520,Non,2160931,prothioconazole,178928-70-6,Fongicide,"T, T+, CMR",,4.9725
2016,35520,Non,5100219,soufre sublime,7704-34-9,Fongicide,Autre,,346.50
2016,35520,Non,6400401,lenacile,2164-08-1,Herbicide,"T, T+, CMR",,0.8
2016,35520,Non,6500402,"2,4-d",94-75-7,Herbicide,N Organique,,86.4
2016,35520,Non,7300221,chlortoluron,15545-48-9,Herbicide,"T, T+, CMR",,5
2016,35520,Non,7400815,chlormequat chlorure,999-81-5,Régulateur de croissance,Autre,,9.2
2016,35520,Non,7500071,chlorprophame,101-21-3,Herbicide,"T, T+, CMR",,0.75
2016,35520,Non,7700706,"2,4-d",94-75-7,Herbicide,N Organique,,0.42
2016,35520,Non,7700706,dicamba,1918-00-9,Herbicide,N Organique,,0.06
2016,35520,Non,7800132,ethephon,16672-87-0,Régulateur de croissance,"T, T+, CMR",,7.2
2016,35520,Non,7900323,"2,4-mcpa",94-74-6,Herbicide,N Organique,,18
2016,35520,Non,7900323,dicamba,1918-00-9,Herbicide,N Organique,,1.5
2016,35520,Non,8000144,fosetyl-aluminium,39148-24-8,Fongicide,Autre,,4.4
2016,35520,Non,8000144,mancozebe,8018-01-7,Fongicide,"T, T+, CMR",,2.6
2016,35520,Non,8100283,linuron,330-55-2,Herbicide,"T, T+, CMR",,2.25
2016,35520,Non,8100462,huile vegetale,,SA non phyto - Divers,Autre,,0.069
2016,35520,Non,8100462,resines (colophane),8050-09-7,SA non phyto - Divers,Autre,,0.6825
2016,35520,Non,8200307,isoproturon,34123-59-6,Herbicide,"T, T+, CMR",,52.5
2016,35520,Non,8300243,chlorothalonil,1897-45-6,Fongicide,"T, T+, CMR",,275
2016,35520,Non,8400096,dicamba,1918-00-9,Herbicide,N Organique,,15.84
2016,35520,Non,8400528,isoxaben,82558-50-7,Herbicide,N Organique,,3.500
2016,35520,Non,8400574,propyzamide,23950-58-5,Herbicide,"T, T+, CMR",,9.2
2016,35520,Non,8400600,fluroxypyr,69377-81-7,Herbicide,N Organique,,1
2016,35520,Non,8500174,abamectine,71751-41-2,Insecticide,"T, T+, CMR",,0.0045
2016,35520,Non,8600028,pencycuron,66063-05-6,Fongicide,N Organique,,1.25
2016,35520,Non,8600243,aclonifen,74070-46-5,Herbicide,"T, T+, CMR",,6
2016,35520,Non,8700002,chlortoluron,15545-48-9,Herbicide,"T, T+, CMR",,15
2016,35520,Non,8700240,diflufenicanil,83164-33-4,Herbicide,N Organique,,0.625
2016,35520,Non,8700240,isoproturon,34123-59-6,Herbicide,"T, T+, CMR",,5
2016,35520,Non,8700462,prosulfocarbe,52888-80-9,Herbicide,N Organique,,1016
2016,35520,Non,8800011,carboxine,5234-68-4,Fongicide,N Organique,,0.99
2016,35520,Non,8800011,thirame,137-26-8,Fongicide,N Organique,,0.99
2016,35520,Non,8800199,propaquizafop,111479-05-1,Herbicide,N Organique,,0.5
2016,35520,Non,8800395,lambda-cyhalothrine,91465-08-6,Insecticide,"T, T+, CMR",,0.050
2016,35520,Non,8800395,pyrimicarbe,23103-98-2,Insecticide,"T, T+, CMR",,1.0
2016,35520,Non,8800488,chlorothalonil,1897-45-6,Fongicide,"T, T+, CMR",,5
2016,35520,Non,8800941,metaldehyde,108-62-3,Molluscicide,Autre,,5.28
2016,35520,Non,8900564,tau-fluvalinate,102851-06-9,Insecticide,N Organique,,0.24
2016,35520,Non,8900681,pendimethaline,40487-42-1,Herbicide,N Organique,,6
2016,35520,Non,9000184,"2,4-mcpa",94-74-6,Herbicide,N Organique,,30
2016,35520,Non,9000184,clopyralid (sous forme de sel de monoethanolamine),57754-85-5,Herbicide,Autre,,3.0
2016,35520,Non,9000184,fluroxypyr,69377-81-7,Herbicide,N Organique,,6.0
2016,35520,Non,9000259,amidosulfuron,120923-37-7,Herbicide,N Organique,,0.54
2016,35520,Non,9000471,glufosinate ammonium,77182-82-2,Herbicide,"T, T+, CMR",,1.5
2016,35520,Non,9000741,tetraconazole,112281-77-3,Fongicide,N Organique,,4.375
2016,35520,Non,9000753,metaldehyde,108-62-3,Molluscicide,Autre,,2
2016,35520,Non,9000833,metazachlore,67129-08-2,Herbicide,"T, T+, CMR",,22
2016,35520,Non,9000833,quinmerac,90717-03-6,Herbicide,N Organique,,5.5
2016,35520,Non,9100046,trinexapac-ethyl,95266-40-3,Régulateur de croissance,N Organique,,13.00
2016,35520,Non,9100155,glyphosate,1071-83-6,Herbicide,N Organique,,1.8
2016,35520,Non,9100296,"2,4-d",94-75-7,Herbicide,N Organique,,18
2016,35520,Non,9100418,nicosulfuron,111991-09-4,Herbicide,N Organique,,17.76
2016,35520,Non,9100537,glyphosate,1071-83-6,Herbicide,N Organique,,93.6
2016,35520,Non,9100636,fluazinam,79622-59-6,Fongicide,"T, T+, CMR",,0.5
2016,35520,Non,9200018,epoxiconazole,133855-98-8,Fongicide,"T, T+, CMR",,0.375
2016,35520,Non,9200091,imidaclopride,138261-41-3,Insecticide,N Organique,,0.2485
2016,35520,Non,9200135,cypermethrine,52315-07-8,Insecticide,N Organique,,0.0005
2016,35520,Non,9200159,pyrimethanil,53112-28-0,Fongicide,N Organique,,4
2016,35520,Non,9200313,fenazaquin,120928-09-8,Insecticide - Acaricide,"T, T+, CMR",,0.6
2016,35520,Non,9200383,lambda-cyhalothrine,91465-08-6,Insecticide,"T, T+, CMR",,0.05
2016,35520,Non,9200392,"2,4-mcpa",94-74-6,Herbicide,N Organique,,8
2016,35520,Non,9200392,clopyralid (sous forme de sel de monoethanolamine),57754-85-5,Herbicide,Autre,,0.8
2016,35520,Non,9200392,fluroxypyr,69377-81-7,Herbicide,N Organique,,1.6
2016,35520,Non,9200461,chlormequat chlorure,999-81-5,Régulateur de croissance,Autre,,74.175
2016,35520,Non,9200461,mepiquat-chlorure,24307-26-4,Régulateur de croissance,N Organique,,24.725
2016,35520,Non,9200548,thirame,137-26-8,Fongicide,N Organique,,1.3392
2016,35520,Non,9300189,fluroxypyr,69377-81-7,Herbicide,N Organique,,0.44
2016,35520,Non,9300189,triclopyr,55335-06-3,Herbicide,N Organique,,1.32
2016,35520,Non,9300194,chlorothalonil,1897-45-6,Fongicide,"T, T+, CMR",,1.875
2016,35520,Non,9300194,cyproconazole,94361-06-5,Fongicide,"T, T+, CMR",,0.2
2016,35520,Non,9300396,chlormequat chlorure,999-81-5,Régulateur de croissance,Autre,,276.0
2016,35520,Non,9300396,chlorure de choline,67-48-1,Autre usage – Coformulant / Phytoprotecteur / Synergiste,Autre,,192.0
2016,35520,Non,9400008,triticonazole,131983-72-7,Fongicide,N Organique,,0.3
2016,35520,Non,9400052,clethodime,99129-21-2,Herbicide,N Organique,,1.2
2016,35520,Non,9400067,dicamba,1918-00-9,Herbicide,N Organique,,7.0
2016,35520,Non,9400109,"2,4-d",94-75-7,Herbicide,N Organique,,4.55
2016,35520,Non,9400109,dicamba,1918-00-9,Herbicide,N Organique,,0.65
2016,35520,Non,9400133,aclonifen,74070-46-5,Herbicide,"T, T+, CMR",,3.5
2016,35520,Non,9400133,flurtamone,96525-23-4,Herbicide,N Organique,,0.94
2016,35520,Non,9400134,diflufenicanil,83164-33-4,Herbicide,N Organique,,16
2016,35520,Non,9400134,flurtamone,96525-23-4,Herbicide,N Organique,,40
2016,35520,Non,9400162,glyphosate,1071-83-6,Herbicide,N Organique,,136.8
2016,35520,Non,9400354,glyphosate,1071-83-6,Herbicide,N Organique,,57.6
2016,35520,Non,9400367,chlorothalonil,1897-45-6,Fongicide,"T, T+, CMR",,26.25
2016,35520,Non,9400367,cyproconazole,94361-06-5,Fongicide,"T, T+, CMR",,2.8
2016,35520,Non,9400495,glyphosate,1071-83-6,Herbicide,N Organique,,7.2
2016,35520,Non,9400525,glyphosate,1071-83-6,Herbicide,N Organique,,50.4
2016,35520,Non,9500040,quizalofop-p-ethyl,100646-51-3,Herbicide,N Organique,,0.5
2016,35520,Non,9500135,metaldehyde,108-62-3,Molluscicide,Autre,,1.0
2016,35520,Non,9500568,cyprodinil,121552-61-2,Fongicide,N Organique,,1.875
2016,35520,Non,9500568,fludioxonil,131341-86-1,Fongicide,N Organique,,1.25
2016,35520,Non,9500581,chlormequat chlorure,999-81-5,Régulateur de croissance,Autre,,18.0
2016,35520,Non,9500581,ethephon,16672-87-0,Régulateur de croissance,"T, T+, CMR",,9.00
2016,35520,Non,9500628,bentazone,25057-89-0,Herbicide,N Organique,,2.61
2016,35520,Non,9600093,azoxystrobine,131860-33-8,Fongicide,"T, T+, CMR",,3.75
2016,35520,Non,9600197,carfentrazone ethyl,128639-02-1,Herbicide,N Organique,,1.12
2016,35520,Non,9600197,metsulfuron-methyl,74223-64-6,Herbicide,N Organique,,0.28
2016,35520,Non,9600319,glyphosate,1071-83-6,Herbicide,N Organique,,1.8
2016,35520,Non,9600390,glyphosate,1071-83-6,Herbicide,N Organique,,7.2
2016,35520,Non,9600509,cymoxanil,57966-95-7,Fongicide,"T, T+, CMR",,0.6
2016,35520,Non,9600509,famoxadone,131807-57-3,Fongicide,N Organique,,0.45
2016,35520,Non,9600550,diflufenicanil,83164-33-4,Herbicide,N Organique,,1.4
2016,35520,Non,9600550,glyphosate,1071-83-6,Herbicide,N Organique,,8.75
2016,35520,Non,9700027,hexythiazox,78587-05-0,Insecticide - Acaricide,N Organique,,0.25
2016,35520,Non,9700332,azoxystrobine,131860-33-8,Fongicide,"T, T+, CMR",,2
2016,35520,Non,9700554,prochloraze,67747-09-5,Fongicide,N Organique,,14
2016,35520,Non,9700554,propiconazole,60207-90-1,Fongicide,N Organique,,3.15
2016,35520,Non,9800018,clomazone,81777-89-1,Herbicide,N Organique,,3.15
2016,35520,Non,9800018,dimethachlore,50563-36-5,Herbicide,N Organique,,19.6875
2016,35520,Non,9800018,napropamide,15299-99-7,Herbicide,N Organique,,19.6875
2016,35520,Non,9800182,s-metolachlore,87392-12-9,Herbicide,N Organique,,4.8
2016,35520,Non,9800201,"2,4-mcpa",94-74-6,Herbicide,N Organique,,0.405
2016,35520,Non,9800201,dichlorprop-p,15165-67-0,Herbicide,Autre,,0.405
2016,35520,Non,9800201,glyphosate,1071-83-6,Herbicide,N Organique,,0.54
2016,35520,Non,9800219,ethephon,16672-87-0,Régulateur de croissance,"T, T+, CMR",,1.2
2016,35520,Non,9800236,glyphosate,1071-83-6,Herbicide,N Organique,,5.4
2016,35520,Non,9800277,florasulame,145701-23-1,Herbicide,N Organique,,0.05
2016,35520,Non,9800289,metalaxyl-m,70630-17-0,Fongicide,Autre,,0.4652
2016,35520,Non,9800336,lambda-cyhalothrine,91465-08-6,Insecticide,"T, T+, CMR",,0.2
2016,35520,Non,9800343,clomazone,81777-89-1,Herbicide,N Organique,,2.4
2016,35520,Non,9800343,dimethachlore,50563-36-5,Herbicide,N Organique,,20.0
2016,35520,Non,9800344,fludioxonil,131341-86-1,Fongicide,N Organique,,0.02475
2016,35520,Non,9800344,metalaxyl-m,70630-17-0,Fongicide,Autre,,0.009603
2016,35520,Non,9800365,oxyfluorfene,42874-03-3,Herbicide,"T, T+, CMR",,0.1
2016,35520,Non,9800365,propyzamide,23950-58-5,Herbicide,"T, T+, CMR",,0.28
2016,35520,Non,9800374,sulfosulfuron,141776-32-1,Herbicide,N Organique,,0.008
2016,35520,Non,9800477,bentazone,25057-89-0,Herbicide,N Organique,,16
2016,35520,Non,9800477,dicamba,1918-00-9,Herbicide,N Organique,,4.5
2016,35520,Non,9900047,mesotrione,104206-82-8,Herbicide,N Organique,,33.9
2016,35520,Non,9900189,coniothyrium minitans souche con/m/91-08,,Fongicide,Autre,,1.2
2016,35520,Non,9900200,glyphosate,1071-83-6,Herbicide,N Organique,,1.8
2016,35520,Non,9900206,picoxystrobine,117428-22-5,Fongicide,N Organique,,18.25
2016,35520,Non,9900251,dimethenamide-p (dmta-p),163515-14-8,Herbicide,N Organique,,165.6
2016,35520,Non,9900331,chlorothalonil,1897-45-6,Fongicide,"T, T+, CMR",,5.5
2016,35520,Non,9900331,metalaxyl-m,70630-17-0,Fongicide,Autre,,0.3993
2016,35530,Non,2000044,fluazifop-p-butyl,79241-46-6,Herbicide,"T, T+, CMR",,4.5
2016,35530,Oui,2000201,silthiofam,175217-20-6,Fongicide,N Organique,,2.5255
2016,35530,Non,2000202,glyphosate,1071-83-6,Herbicide,N Organique,,1.8
2016,35530,Non,2000299,clomazone,81777-89-1,Herbicide,N Organique,,10.80
2016,35530,Non,2000301,foramsulfuron,173159-57-4,Herbicide,N Organique,,2.025
2016,35530,Non,2000301,isoxadifen-ethyl,163520-33-0,Autre usage – Coformulant / Phytoprotecteur / Synergiste,N Organique,,2.025
2016,35530,Non,2000380,clethodime,99129-21-2,Herbicide,N Organique,,0.48
2016,35530,Non,2000502,chlorpyriphos-methyl,5598-13-0,Insecticide,N Organique,,0.1125
2016,35530,Non,2010023,deltamethrine,52918-63-5,Insecticide,"T, T+, CMR",,0.3
2016,35530,Non,2010132,pymetrozine,123312-89-0,Insecticide,"T, T+, CMR",,1.5
2016,35530,Non,2010239,florasulame,145701-23-1,Herbicide,N Organique,,0.130
2016,35530,Non,2010239,fluroxypyr,69377-81-7,Herbicide,N Organique,,13.0
2016,35530,Non,2010240,florasulame,145701-23-1,Herbicide,N Organique,,0.0625
2016,35530,Non,2010240,fluroxypyr,69377-81-7,Herbicide,N Organique,,2.5
2016,35530,Non,2010280,metconazole,125116-23-6,Fongicide,"T, T+, CMR",,6.48
2016,35530,Non,2010315,flupyrsulfuron-methyl,144740-54-5,Herbicide,N Organique,,0.15
2016,35530,Non,2010319,"2,4-mcpa",94-74-6,Herbicide,N Organique,,0.054
2016,35530,Non,2010319,dichlorprop-p,15165-67-0,Herbicide,Autre,,0.054
2016,35530,Non,2010319,glyphosate,1071-83-6,Herbicide,N Organique,,0.072
2016,35530,Non,2010326,metconazole,125116-23-6,Fongicide,"T, T+, CMR",,1.8
2016,35530,Non,2010419,iodosulfuron-methyl-sodium,144550-36-7,Herbicide,N Organique,,0.1008
2016,35530,Non,2010419,mefenpyr-diethyl,135590-91-9,Autre usage – Coformulant / Phytoprotecteur / Synergiste,Autre,,1.512
2016,35530,Non,2010419,mesosulfuron-methyl,208465-21-8,Herbicide,N Organique,,0.504
2016,35530,Non,2010425,metsulfuron-methyl,74223-64-6,Herbicide,N Organique,,0.06
2016,35530,Non,2010427,quizalofop-p-ethyl,100646-51-3,Herbicide,N Organique,,0.84
2016,35530,Non,2010439,"2,4-d",94-75-7,Herbicide,N Organique,,0.0037
2016,35530,Non,2010439,"2,4-mcpa",94-74-6,Herbicide,N Organique,,0.0073
2016,35530,Non,2010495,metaldehyde,108-62-3,Molluscicide,Autre,,12
2016,35530,Non,2010499,prochloraze,67747-09-5,Fongicide,N Organique,,2.25
2016,35530,Non,2020049,iodosulfuron-methyl-sodium,144550-36-7,Herbicide,N Organique,,0.0036
2016,35530,Non,2020049,mefenpyr-diethyl,135590-91-9,Autre usage – Coformulant / Phytoprotecteur / Synergiste,Autre,,0.054
2016,35530,Non,2020049,mesosulfuron-methyl,208465-21-8,Herbicide,N Organique,,0.018
2016,35530,Non,2020099,trifloxystrobine,141517-21-7,Fongicide,N Organique,,1.95
2016,35530,Non,2020224,iodosulfuron-methyl-sodium,144550-36-7,Herbicide,N Organique,,0.24
2016,35530,Non,2020224,mefenpyr-diethyl,135590-91-9,Autre usage – Coformulant / Phytoprotecteur / Synergiste,Autre,,0.72
2016,35530,Non,2020224,mesosulfuron-methyl,208465-21-8,Herbicide,N Organique,,0.24
2016,35530,Non,2020226,clethodime,99129-21-2,Herbicide,N Organique,,0.6
2016,35530,Non,2020318,"2,4-mcpa",94-74-6,Herbicide,N Organique,,0.27
2016,35530,Non,2020318,dichlorprop-p,15165-67-0,Herbicide,Autre,,0.27
2016,35530,Non,2020318,glyphosate,1071-83-6,Herbicide,N Organique,,0.36
2016,35530,Non,2030255,tebuconazole,107534-96-3,Fongicide,"T, T+, CMR",,38.75
2016,35530,Non,2030265,chlormequat chlorure,999-81-5,Régulateur de croissance,Autre,,27.6
2016,35530,Non,2030323,fludioxonil,131341-86-1,Fongicide,N Organique,,0.50625
2016,35530,Non,2030342,chlormequat chlorure,999-81-5,Régulateur de croissance,Autre,,36.8
2016,35530,Non,2030342,chlorure de choline,67-48-1,Autre usage – Coformulant / Phytoprotecteur / Synergiste,Autre,,25.6
2016,35530,Non,2030460,metaldehyde,108-62-3,Molluscicide,Autre,,2
2016,35530,Non,2040109,flupyrsulfuron-methyl,144740-54-5,Herbicide,N Organique,,0.15
2016,35530,Non,2040109,thifensulfuron-methyle,79277-27-3,Herbicide,N Organique,,0.6
2016,35530,Non,2040146,tefluthrine,79538-32-2,Insecticide,"T, T+, CMR",,0.282
2016,35530,Non,2050046,flonicamide,158062-67-0,Insecticide,Autre,,0.25
2016,35530,Non,2050075,boscalid,188425-85-6,Fongicide,N Organique,,3.75
2016,35530,Non,2050146,diflufenicanil,83164-33-4,Herbicide,N Organique,,0.048
2016,35530,Non,2050146,glyphosate,1071-83-6,Herbicide,N Organique,,0.3
2016,35530,Non,2060045,huile vegetale,,SA non phyto - Divers,Autre,,0.175
2016,35530,Non,2060045,resines (colophane),8050-09-7,SA non phyto - Divers,Autre,,1.7
2016,35530,Non,2060050,metrafenone,220899-03-6,Fongicide,N Organique,,1
2016,35530,Non,2060051,metrafenone,220899-03-6,Fongicide,N Organique,,3.3
2016,35530,Non,2060084,boscalid,188425-85-6,Fongicide,N Organique,,1.869
2016,35530,Non,2060084,pyraclostrobine,175013-18-0,Fongicide,"T, T+, CMR",,0.469
2016,35530,Non,2060088,benoxacor,98730-04-2,Autre usage – Coformulant / Phytoprotecteur / Synergiste,Autre,,10.7
2016,35530,Non,2060088,mesotrione,104206-82-8,Herbicide,N Organique,,21.4
2016,35530,Non,2060088,s-metolachlore,87392-12-9,Herbicide,N Organique,,214
2016,35530,Non,2060091,diflufenicanil,83164-33-4,Herbicide,N Organique,,0.625
2016,35530,Non,2060091,isoproturon,34123-59-6,Herbicide,"T, T+, CMR",,5
2016,35530,Non,2060113,bifenazate,149877-41-8,Insecticide - Acaricide,N Organique,,0.24
2016,35530,Non,2060115,azoxystrobine,131860-33-8,Fongicide,"T, T+, CMR",,3
2016,35530,Non,2060115,cyproconazole,94361-06-5,Fongicide,"T, T+, CMR",,1.2
2016,35530,Non,2060127,prothioconazole,178928-70-6,Fongicide,"T, T+, CMR",,0.22
2016,35530,Non,2060129,oxyfluorfene,42874-03-3,Herbicide,"T, T+, CMR",,0.225
2016,35530,Non,2060129,pendimethaline,40487-42-1,Herbicide,N Organique,,1.15
2016,35530,Non,2060131,"2,4-d",94-75-7,Herbicide,N Organique,,1.860
2016,35530,Non,2060131,triclopyr,55335-06-3,Herbicide,N Organique,,2.072
2016,35530,Non,2060175,metaldehyde,108-62-3,Molluscicide,Autre,,6.84
2016,35530,Non,2060194,tefluthrine,79538-32-2,Insecticide,"T, T+, CMR",,1.26
2016,35530,Non,2070077,prothioconazole,178928-70-6,Fongicide,"T, T+, CMR",,1.25
2016,35530,Non,2070221,metazachlore,67129-08-2,Herbicide,"T, T+, CMR",,28.8
2016,35530,Non,2070221,quinmerac,90717-03-6,Herbicide,N Organique,,7.2
2016,35530,Non,2080026,nicosulfuron,111991-09-4,Herbicide,N Organique,,7.32
2016,35530,Non,2080112,thirame,137-26-8,Fongicide,N Organique,,3.6864
2016,35530,Non,2080117,prosulfuron,94125-34-5,Herbicide,N Organique,,4.6125
2016,35530,Non,2080123,metsulfuron-methyl,74223-64-6,Herbicide,N Organique,,1.62
2016,35530,Non,2080125,metsulfuron-methyl,74223-64-6,Herbicide,N Organique,,0.2
2016,35530,Non,2080136,pyridate,55512-33-9,Herbicide,N Organique,,2.70
2016,35530,Non,2080145,diflufenicanil,83164-33-4,Herbicide,N Organique,,27
2016,35530,Non,2080145,flufenacet,142459-58-3,Herbicide,N Organique,,54
2016,35530,Non,2090008,thirame,137-26-8,Fongicide,N Organique,,1.66296
2016,35530,Non,2090016,imazamox,114311-32-9,Herbicide,N Organique,,3.841
2016,35530,Non,2090016,pendimethaline,40487-42-1,Herbicide,N Organique,,57.5
2016,35530,Non,2090024,sulcotrione,99105-77-8,Herbicide,"T, T+, CMR",,3.0
2016,35530,Non,2090036,glyphosate,1071-83-6,Herbicide,N Organique,,0.042
2016,35530,Non,2090037,dicamba,1918-00-9,Herbicide,N Organique,,10.3
2016,35530,Non,2090037,prosulfuron,94125-34-5,Herbicide,N Organique,,1.03
2016,35530,Non,2090038,beflubutamide,113614-08-7,Herbicide,N Organique,,9.35
2016,35530,Non,2090038,isoproturon,34123-59-6,Herbicide,"T, T+, CMR",,55
2016,35530,Non,2090041,cloquintocet-mexyl,99607-70-2,Autre usage – Coformulant / Phytoprotecteur / Synergiste,Autre,,0.525
2016,35530,Non,2090041,pyroxsulame,422556-08-9,Herbicide,"T, T+, CMR",,0.525
2016,35530,Non,2090042,cloquintocet-mexyl,99607-70-2,Autre usage – Coformulant / Phytoprotecteur / Synergiste,Autre,,1.027915
2016,35530,Non,2090042,florasulame,145701-23-1,Herbicide,N Organique,,0.34314
2016,35530,Non,2090042,pyroxsulame,422556-08-9,Herbicide,"T, T+, CMR",,1.027915
2016,35530,Non,2090053,bromoxynil octanoate,1689-99-2,Herbicide,"T, T+, CMR",,6.55
2016,35530,Non,2090053,isoxadifen-ethyl,163520-33-0,Autre usage – Coformulant / Phytoprotecteur / Synergiste,N Organique,,0.625
2016,35530,Non,2090053,tembotrione,335104-84-2,Herbicide,"T, T+, CMR",,1.25
2016,35530,Non,2090054,metsulfuron-methyl,74223-64-6,Herbicide,N Organique,,0.37609
2016,35530,Non,2090054,tribenuron-methyle,101200-48-0,Herbicide,N Organique,,0.37609
2016,35530,Non,2090057,metsulfuron-methyl,74223-64-6,Herbicide,N Organique,,0.1665
2016,35530,Non,2090057,tribenuron-methyle,101200-48-0,Herbicide,N Organique,,0.333
2016,35530,Non,2090060,deltamethrine,52918-63-5,Insecticide,"T, T+, CMR",,0.05
2016,35530,Non,2090060,thiaclopride,111988-49-9,Insecticide,"T, T+, CMR",,0.5
2016,35530,Non,2090069,bromoxynil,1689-84-5,Herbicide,"T, T+, CMR",,15.275
2016,35530,Non,2090071,bromoxynil,1689-84-5,Herbicide,"T, T+, CMR",,8.225
2016,35530,Non,2090072,florasulame,145701-23-1,Herbicide,N Organique,,0.15
2016,35530,Non,2090080,sulcotrione,99105-77-8,Herbicide,"T, T+, CMR",,3.0
2016,35530,Non,2090092,epoxiconazole,133855-98-8,Fongicide,"T, T+, CMR",,4.873875
2016,35530,Non,2090092,metconazole,125116-23-6,Fongicide,"T, T+, CMR",,3.574175
2016,35530,Non,2090096,pethoxamide,106700-29-2,Herbicide,N Organique,,3
2016,35530,Non,2090101,nicosulfuron,111991-09-4,Herbicide,N Organique,,0.4
2016,35530,Non,2090103,soufre pour pulverisation (micronise),7704-34-9,Fongicide,Autre,,40
2016,35530,Non,2090113,dimethenamide-p (dmta-p),163515-14-8,Herbicide,N Organique,,63.75
2016,35530,Non,2090113,pendimethaline,40487-42-1,Herbicide,N Organique,,75
2016,35530,Non,2090115,glyphosate,1071-83-6,Herbicide,N Organique,,28.8
2016,35530,Non,2090116,glyphosate,1071-83-6,Herbicide,N Organique,,1.8
2016,35530,Non,2090118,flufenacet,142459-58-3,Herbicide,N Organique,,1.8
2016,35530,Non,2090118,pendimethaline,40487-42-1,Herbicide,N Organique,,9
2016,35530,Non,2090149,ethephon,16672-87-0,Régulateur de croissance,"T, T+, CMR",,9.6
2016,35530,Non,2090153,dicamba,1918-00-9,Herbicide,N Organique,,6
2016,35530,Non,2090153,tritosulfuron,142469-14-5,Herbicide,N Organique,,1.25
2016,35530,Non,2090159,tritosulfuron,142469-14-5,Herbicide,N Organique,,2.89884
2016,35530,Non,2090160,glyphosate,1071-83-6,Herbicide,N Organique,,388.8
2016,35530,Non,2090171,dimoxystrobine,149961-52-4,Fongicide,"T, T+, CMR",,2.394
2016,35530,Non,2090171,epoxiconazole,133855-98-8,Fongicide,"T, T+, CMR",,0.9
2016,35530,Non,2090173,epoxiconazole,133855-98-8,Fongicide,"T, T+, CMR",,0.3125
2016,35530,Non,2090173,fenpropimorphe,67564-91-4,Fongicide,"T, T+, CMR",,1
2016,35530,Non,2090173,metrafenone,220899-03-6,Fongicide,N Organique,,0.375
2016,35530,Non,2090186,prosulfocarbe,52888-80-9,Herbicide,N Organique,,160
2016,35530,Non,2100009,thifensulfuron-methyle,79277-27-3,Herbicide,N Organique,,1.43856
2016,35530,Non,2100009,tribenuron-methyle,101200-48-0,Herbicide,N Organique,,0.72144
2016,35530,Non,2100015,thifensulfuron-methyle,79277-27-3,Herbicide,N Organique,,0.270
2016,35530,Non,2100026,cypermethrine,52315-07-8,Insecticide,N Organique,,1.5
2016,35530,Non,2100028,fluroxypyr,69377-81-7,Herbicide,N Organique,,5
2016,35530,Non,2100030,phosphate ferrique,10045-86-0,Molluscicide,Autre,,0.594
2016,35530,Non,2100037,boscalid,188425-85-6,Fongicide,N Organique,,2
2016,35530,Non,2100037,dimoxystrobine,149961-52-4,Fongicide,"T, T+, CMR",,2
2016,35530,Non,2100052,cyprodinil,121552-61-2,Fongicide,N Organique,,7.5
2016,35530,Non,2100053,fluroxypyr,69377-81-7,Herbicide,N Organique,,2
2016,35530,Non,2100056,prothioconazole,178928-70-6,Fongicide,"T, T+, CMR",,9.6
2016,35530,Non,2100056,spiroxamine,118134-30-8,Fongicide,N Organique,,18.0
2016,35530,Non,2100057,prothioconazole,178928-70-6,Fongicide,"T, T+, CMR",,12.250
2016,35530,Non,2100057,trifloxystrobine,141517-21-7,Fongicide,N Organique,,6.16
2016,35530,Non,2100069,metsulfuron-methyl,74223-64-6,Herbicide,N Organique,,0.35
2016,35530,Non,2100069,thifensulfuron-methyle,79277-27-3,Herbicide,N Organique,,3.4
2016,35530,Non,2100098,glyphosate,1071-83-6,Herbicide,N Organique,,5.4
2016,35530,Non,2100100,glyphosate,1071-83-6,Herbicide,N Organique,,1.8
2016,35530,Non,2100108,prothioconazole,178928-70-6,Fongicide,"T, T+, CMR",,13.125
2016,35530,Non,2100108,tebuconazole,107534-96-3,Fongicide,"T, T+, CMR",,13.125
2016,35530,Non,2100111,mesotrione,104206-82-8,Herbicide,N Organique,,11.625
2016,35530,Non,2100111,nicosulfuron,111991-09-4,Herbicide,N Organique,,4.65
2016,35530,Non,2100112,ethephon,16672-87-0,Régulateur de croissance,"T, T+, CMR",,7.2
2016,35530,Non,2100121,chlorantraniliprole,500008-45-7,Insecticide,N Organique,,0.4
2016,35530,Non,2100122,chlorantraniliprole,500008-45-7,Insecticide,N Organique,,0.525
2016,35530,Non,2100138,cloquintocet-mexyl,99607-70-2,Autre usage – Coformulant / Phytoprotecteur / Synergiste,Autre,,2.93775
2016,35530,Non,2100138,pinoxaden,243973-20-8,Herbicide,"T, T+, CMR",,11.751
2016,35530,Non,2100140,clodinafop-propargyl,105512-06-9,Herbicide,N Organique,,5.250
2016,35530,Non,2100140,cloquintocet-mexyl,99607-70-2,Autre usage – Coformulant / Phytoprotecteur / Synergiste,Autre,,1.31250
2016,35530,Non,2100140,pinoxaden,243973-20-8,Herbicide,"T, T+, CMR",,5.250
2016,35530,Non,2100154,chlorpyriphos-ethyl,2921-88-2,Insecticide,"T, T+, CMR",,12.5
2016,35530,Non,2100154,cypermethrine,52315-07-8,Insecticide,N Organique,,1.25
2016,35530,Non,2100182,epoxiconazole,133855-98-8,Fongicide,"T, T+, CMR",,1.66
2016,35530,Non,2100206,glyphosate,1071-83-6,Herbicide,N Organique,,10.8
2016,35530,Non,2100211,prothioconazole,178928-70-6,Fongicide,"T, T+, CMR",,0.625
2016,35530,Non,2100211,tebuconazole,107534-96-3,Fongicide,"T, T+, CMR",,0.625
2016,35530,Non,2100214,clomazone,81777-89-1,Herbicide,N Organique,,0.36
2016,35530,Non,2100234,diflufenicanil,83164-33-4,Herbicide,N Organique,,8.4
2016,35530,Non,2100234,iodosulfuron-methyl-sodium,144550-36-7,Herbicide,N Organique,,0.525
2016,35530,Non,2100234,mefenpyr-diethyl,135590-91-9,Autre usage – Coformulant / Phytoprotecteur / Synergiste,Autre,,1.89
2016,35530,Non,2100234,mesosulfuron-methyl,208465-21-8,Herbicide,N Organique,,0.63
2016,35530,Non,2100245,prothioconazole,178928-70-6,Fongicide,"T, T+, CMR",,7.5
2016,35530,Non,2100245,tebuconazole,107534-96-3,Fongicide,"T, T+, CMR",,7.5
2016,35530,Non,2110001,thifensulfuron-methyle,79277-27-3,Herbicide,N Organique,,0.3
2016,35530,Non,2110013,bromoxynil,1689-84-5,Herbicide,"T, T+, CMR",,0.4016
2016,35530,Non,2110018,difenoconazole,119446-68-3,Fongicide,N Organique,,0.15075
2016,35530,Non,2110018,fludioxonil,131341-86-1,Fongicide,N Organique,,0.15075
2016,35530,Non,2110063,clopyralid,1702-17-6,Herbicide,Autre,,0.648
2016,35530,Non,2110082,diflufenicanil,83164-33-4,Herbicide,N Organique,,0.72
2016,35530,Non,2110082,metsulfuron-methyl,74223-64-6,Herbicide,N Organique,,0.072
2016,35530,Non,2110092,thifensulfuron-methyle,79277-27-3,Herbicide,N Organique,,0.18
2016,35530,Non,2110092,tribenuron-methyle,101200-48-0,Herbicide,N Organique,,0.18
2016,35530,Oui,2110102,difenoconazole,119446-68-3,Fongicide,N Organique,,13.3485
2016,35530,Oui,2110102,fludioxonil,131341-86-1,Fongicide,N Organique,,13.3485
2016,35530,Oui,2110102,sedaxane,874967-67-6,Fongicide,N Organique,,26.697
2016,35530,Non,2110103,tribenuron-methyle,101200-48-0,Herbicide,N Organique,,0.15
2016,35530,Non,2110105,azoxystrobine,131860-33-8,Fongicide,"T, T+, CMR",,36.25
2016,35530,Non,2110109,cyprosulfamide,221667-31-8,Autre usage – Coformulant / Phytoprotecteur / Synergiste,Autre,,5.28
2016,35530,Non,2110109,isoxaflutole,141112-29-0,Herbicide,"T, T+, CMR",,8
2016,35530,Non,2110109,thiencarbazone-methyl,317815-83-1,Herbicide,"T, T+, CMR",,3.2
2016,35530,Non,2110115,cypermethrine,52315-07-8,Insecticide,N Organique,,0.5
2016,35530,Non,2110121,thiaclopride,111988-49-9,Insecticide,"T, T+, CMR",,4.8
2016,35530,Non,2110144,fluxapyroxad,907204-31-3,Fongicide,"T, T+, CMR",,1.5
2016,35530,Non,2110151,clodinafop-propargyl,105512-06-9,Herbicide,N Organique,,0.6
2016,35530,Non,2110151,cloquintocet-mexyl,99607-70-2,Autre usage – Coformulant / Phytoprotecteur / Synergiste,Autre,,0.15
2016,35530,Non,2110151,prosulfocarbe,52888-80-9,Herbicide,N Organique,,48
2016,35530,Non,2110153,chlormequat chlorure,999-81-5,Régulateur de croissance,Autre,,42
2016,35530,Non,2110153,ethephon,16672-87-0,Régulateur de croissance,"T, T+, CMR",,21
2016,35530,Non,2110165,tebuconazole,107534-96-3,Fongicide,"T, T+, CMR",,2.5
2016,35530,Non,2110170,epoxiconazole,133855-98-8,Fongicide,"T, T+, CMR",,0.9375
2016,35530,Non,2110170,fluxapyroxad,907204-31-3,Fongicide,"T, T+, CMR",,0.9375
2016,35530,Non,2110177,chlorothalonil,1897-45-6,Fongicide,"T, T+, CMR",,101.25
2016,35530,Non,2110177,cyproconazole,94361-06-5,Fongicide,"T, T+, CMR",,13.5
2016,35530,Non,2110177,propiconazole,60207-90-1,Fongicide,N Organique,,16.875
2016,35530,Non,2110178,bixafen,581809-46-3,Fongicide,N Organique,,5.8575
2016,35530,Non,2110178,prothioconazole,178928-70-6,Fongicide,"T, T+, CMR",,11.715
2016,35530,Non,2110181,bixafen,581809-46-3,Fongicide,N Organique,,2.625
2016,35530,Non,2110181,prothioconazole,178928-70-6,Fongicide,"T, T+, CMR",,3.5
2016,35530,Non,2110181,tebuconazole,107534-96-3,Fongicide,"T, T+, CMR",,3.5
2016,35530,Non,2110198,glyphosate,1071-83-6,Herbicide,N Organique,,64.8
2016,35530,Non,2120018,glyphosate,1071-83-6,Herbicide,N Organique,,0.384
2016,35530,Non,2120034,glyphosate,1071-83-6,Herbicide,N Organique,,144.0
2016,35530,Non,2120048,aminopyralid,150114-71-9,Herbicide,N Organique,,0.99
2016,35530,Non,2120048,triclopyr,55335-06-3,Herbicide,N Organique,,7.92
2016,35530,Non,2120066,dichlorprop-p,15165-67-0,Herbicide,Autre,,66
2016,35530,Non,2120066,picolinafen,137641-05-5,Herbicide,N Organique,,2.2
2016,35530,Non,2120070,prothioconazole,178928-70-6,Fongicide,"T, T+, CMR",,25.6
2016,35530,Non,2120070,tebuconazole,107534-96-3,Fongicide,"T, T+, CMR",,12.8
2016,35530,Non,2120075,dimethenamide-p (dmta-p),163515-14-8,Herbicide,N Organique,,6
2016,35530,Non,2120075,metazachlore,67129-08-2,Herbicide,"T, T+, CMR",,6
2016,35530,Non,2120075,quinmerac,90717-03-6,Herbicide,N Organique,,3
2016,35530,Non,2120120,bentazone,25057-89-0,Herbicide,N Organique,,7.2
2016,35530,Non,2120120,imazamox,114311-32-9,Herbicide,N Organique,,0.336
2016,35530,Non,2120160,bentazone,25057-89-0,Herbicide,N Organique,,2.4
2016,35530,Non,2120194,metsulfuron-methyl,74223-64-6,Herbicide,N Organique,,0.24
2016,35530,Non,2120205,epoxiconazole,133855-98-8,Fongicide,"T, T+, CMR",,5.824
2016,35530,Non,2120205,fluxapyroxad,907204-31-3,Fongicide,"T, T+, CMR",,5.824
2016,35530,Non,2120205,pyraclostrobine,175013-18-0,Fongicide,"T, T+, CMR",,9.324
2016,35530,Non,2120206,boscalid,188425-85-6,Fongicide,N Organique,,1.995
2016,35530,Non,2120206,metconazole,125116-23-6,Fongicide,"T, T+, CMR",,0.9
2016,35530,Non,2120210,dicamba,1918-00-9,Herbicide,N Organique,,12.96
2016,35530,Non,2130063,nicosulfuron,111991-09-4,Herbicide,N Organique,,0.6
2016,35530,Non,2130068,diflufenicanil,83164-33-4,Herbicide,N Organique,,10.0
2016,35530,Non,2130069,diflufenicanil,83164-33-4,Herbicide,N Organique,,3.0
2016,35530,Non,2130082,metaldehyde,108-62-3,Molluscicide,Autre,,1.6
2016,35530,Non,2130083,lambda-cyhalothrine,91465-08-6,Insecticide,"T, T+, CMR",,0.1
2016,35530,Non,2130084,metaldehyde,108-62-3,Molluscicide,Autre,,4.8
2016,35530,Non,2130088,metaldehyde,108-62-3,Molluscicide,Autre,,0.02
2016,35530,Non,2130092,spiromesifen,283594-90-1,Insecticide,Autre,,0.96
2016,35530,Non,2130164,foramsulfuron,173159-57-4,Herbicide,N Organique,,3.90
2016,35530,Non,2130164,thiencarbazone-methyl,317815-83-1,Herbicide,"T, T+, CMR",,1.30
2016,35530,Non,2130196,chlorothalonil,1897-45-6,Fongicide,"T, T+, CMR",,30
2016,35530,Non,2130196,cyproconazole,94361-06-5,Fongicide,"T, T+, CMR",,4
2016,35530,Non,2130196,propiconazole,60207-90-1,Fongicide,N Organique,,5
2016,35530,Non,2130253,"2,4-d",94-75-7,Herbicide,N Organique,,4.8
2016,35530,Non,2130253,glyphosate,1071-83-6,Herbicide,N Organique,,7.2
2016,35530,Non,2130266,bromuconazole,116255-48-2,Fongicide,N Organique,,5.01
2016,35530,Non,2130266,tebuconazole,107534-96-3,Fongicide,"T, T+, CMR",,3.21
2016,35530,Non,2140002,florasulame,145701-23-1,Herbicide,N Organique,,0.17
2016,35530,Non,2140007,iodosulfuron-methyl-sodium,144550-36-7,Herbicide,N Organique,,0.024
2016,35530,Non,2140007,mesosulfuron-methyl,208465-21-8,Herbicide,N Organique,,0.12
2016,35530,Non,2140034,mesotrione,104206-82-8,Herbicide,N Organique,,3
2016,35530,Oui,2140039,imidaclopride,138261-41-3,Insecticide,N Organique,,90.7025
2016,35530,Oui,2140039,prothioconazole,178928-70-6,Fongicide,"T, T+, CMR",,12.9575
2016,35530,Non,2140040,phosmet,732-11-6,Insecticide,N Organique,,12.5
2016,35530,Non,2140098,aminopyralid,150114-71-9,Herbicide,N Organique,,0.44795
2016,35530,Non,2140098,propyzamide,23950-58-5,Herbicide,"T, T+, CMR",,42.5
2016,35530,Non,2140132,diflufenicanil,83164-33-4,Herbicide,N Organique,,5
2016,35530,Non,2140148,dicamba,1918-00-9,Herbicide,N Organique,,4.8
2016,35530,Non,2140153,trinexapac-ethyl,95266-40-3,Régulateur de croissance,N Organique,,3.75
2016,35530,Non,2140160,bacillus pumilus souche qst 2808,,Fongicide,Autre,,0.287
2016,35530,Non,2140173,fluxapyroxad,907204-31-3,Fongicide,"T, T+, CMR",,15.6250
2016,35530,Non,2140173,metconazole,125116-23-6,Fongicide,"T, T+, CMR",,11.250
2016,35530,Non,2140199,amidosulfuron,120923-37-7,Herbicide,N Organique,,0.6
2016,35530,Non,2140199,iodosulfuron-methyl-sodium,144550-36-7,Herbicide,N Organique,,0.12
2016,35530,Non,2140199,mesosulfuron-methyl,208465-21-8,Herbicide,N Organique,,0.36
2016,35530,Non,2140207,clodinafop-propargyl,105512-06-9,Herbicide,N Organique,,1.3
2016,35530,Non,2140207,cloquintocet-mexyl,99607-70-2,Autre usage – Coformulant / Phytoprotecteur / Synergiste,Autre,,0.325
2016,35530,Non,2140220,foramsulfuron,173159-57-4,Herbicide,N Organique,,0.15
2016,35530,Non,2140220,thiencarbazone-methyl,317815-83-1,Herbicide,"T, T+, CMR",,0.05
2016,35530,Non,2140256,chlorpyriphos-methyl,5598-13-0,Insecticide,N Organique,,1.3500
2016,35530,Non,2140258,iodosulfuron-methyl-sodium,144550-36-7,Herbicide,N Organique,,0.0375
2016,35530,Non,2140258,mesosulfuron-methyl,208465-21-8,Herbicide,N Organique,,0.0375
2016,35530,Non,2140266,epoxiconazole,133855-98-8,Fongicide,"T, T+, CMR",,3.36
2016,35530,Non,2140266,fluxapyroxad,907204-31-3,Fongicide,"T, T+, CMR",,3.36
2016,35530,Non,2140266,pyraclostrobine,175013-18-0,Fongicide,"T, T+, CMR",,5.44
2016,35530,Non,2150084,mesotrione,104206-82-8,Herbicide,N Organique,,1.5
2016,35530,Non,2150200,chlorothalonil,1897-45-6,Fongicide,"T, T+, CMR",,42.5
2016,35530,Non,2150484,clopyralid,1702-17-6,Herbicide,Autre,,2.1
2016,35530,Non,2150484,florasulame,145701-23-1,Herbicide,N Organique,,0.175
2016,35530,Non,2160005,bifenox,42576-02-3,Herbicide,N Organique,,10
2016,35530,Non,2160005,mecoprop-p (mcpp-p),16484-77-8,Herbicide,N Organique,,12.32
2016,35530,Non,5100219,soufre sublime,7704-34-9,Fongicide,Autre,,346.50
2016,35530,Non,6500402,"2,4-d",94-75-7,Herbicide,N Organique,,9.6
2016,35530,Non,7300221,chlortoluron,15545-48-9,Herbicide,"T, T+, CMR",,5
2016,35530,Non,7400815,chlormequat chlorure,999-81-5,Régulateur de croissance,Autre,,23.0
2016,35530,Non,7500569,pyrimicarbe,23103-98-2,Insecticide,"T, T+, CMR",,0.5
2016,35530,Non,7500716,cuivre du sulfate de cuivre,8011-63-0,Fongicide,N minéral,,4
2016,35530,Non,7800790,bromoxynil octanoate,1689-99-2,Herbicide,"T, T+, CMR",,0.6
2016,35530,Non,7800790,dicamba,1918-00-9,Herbicide,N Organique,,0.12
2016,35530,Non,7800790,mecoprop (mcpp),7085-19-0,Herbicide,N Organique,,1.8
2016,35530,Non,8200216,propiconazole,60207-90-1,Fongicide,N Organique,,3
2016,35530,Non,8200307,isoproturon,34123-59-6,Herbicide,"T, T+, CMR",,50
2016,35530,Non,8200575,cypermethrine,52315-07-8,Insecticide,N Organique,,2
2016,35530,Non,8300243,chlorothalonil,1897-45-6,Fongicide,"T, T+, CMR",,50
2016,35530,Non,8400096,dicamba,1918-00-9,Herbicide,N Organique,,10.56
2016,35530,Non,8400255,metsulfuron-methyl,74223-64-6,Herbicide,N Organique,,0.16
2016,35530,Non,8400528,isoxaben,82558-50-7,Herbicide,N Organique,,5.750
2016,35530,Non,8400574,propyzamide,23950-58-5,Herbicide,"T, T+, CMR",,24
2016,35530,Non,8500160,chlorothalonil,1897-45-6,Fongicide,"T, T+, CMR",,1.25
2016,35530,Non,8500160,propiconazole,60207-90-1,Fongicide,N Organique,,0.3125
2016,35530,Non,8500194,tau-fluvalinate,102851-06-9,Insecticide,N Organique,,1.2
2016,35530,Non,8600243,aclonifen,74070-46-5,Herbicide,"T, T+, CMR",,18
2016,35530,Non,8700462,prosulfocarbe,52888-80-9,Herbicide,N Organique,,419.2
2016,35530,Non,8700571,soufre,7704-34-9,Fongicide,Autre,,2.61
2016,35530,Non,8800011,carboxine,5234-68-4,Fongicide,N Organique,,0.891
2016,35530,Non,8800011,thirame,137-26-8,Fongicide,N Organique,,0.891
2016,35530,Non,8800161,triallate,2303-17-5,Herbicide,N Organique,,28.8
2016,35530,Non,8800199,propaquizafop,111479-05-1,Herbicide,N Organique,,0.5
2016,35530,Non,8800395,lambda-cyhalothrine,91465-08-6,Insecticide,"T, T+, CMR",,0.475
2016,35530,Non,8800395,pyrimicarbe,23103-98-2,Insecticide,"T, T+, CMR",,9.5
2016,35530,Non,8800488,chlorothalonil,1897-45-6,Fongicide,"T, T+, CMR",,20
2016,35530,Non,8800941,metaldehyde,108-62-3,Molluscicide,Autre,,3.168
2016,35530,Non,8900153,isoproturon,34123-59-6,Herbicide,"T, T+, CMR",,25
2016,35530,Non,8900564,tau-fluvalinate,102851-06-9,Insecticide,N Organique,,0.72
2016,35530,Non,8900681,pendimethaline,40487-42-1,Herbicide,N Organique,,2
2016,35530,Non,9000163,rimsulfuron,122931-48-0,Herbicide,N Organique,,0.225
2016,35530,Non,9000184,"2,4-mcpa",94-74-6,Herbicide,N Organique,,49
2016,35530,Non,9000184,clopyralid (sous forme de sel de monoethanolamine),57754-85-5,Herbicide,Autre,,4.9
2016,35530,Non,9000184,fluroxypyr,69377-81-7,Herbicide,N Organique,,9.8
2016,35530,Non,9000259,amidosulfuron,120923-37-7,Herbicide,N Organique,,2.805
2016,35530,Non,9000490,cycloxydime,101205-02-1,Herbicide,"T, T+, CMR",,0.8
2016,35530,Non,9000753,metaldehyde,108-62-3,Molluscicide,Autre,,10
2016,35530,Non,9000833,metazachlore,67129-08-2,Herbicide,"T, T+, CMR",,18
2016,35530,Non,9000833,quinmerac,90717-03-6,Herbicide,N Organique,,4.5
2016,35530,Non,9100046,trinexapac-ethyl,95266-40-3,Régulateur de croissance,N Organique,,12.25
2016,35530,Non,9100155,glyphosate,1071-83-6,Herbicide,N Organique,,1.8
2016,35530,Non,9100418,nicosulfuron,111991-09-4,Herbicide,N Organique,,1.4
2016,35530,Non,9100505,glyphosate,1071-83-6,Herbicide,N Organique,,7.2
2016,35530,Non,9100645,clodinafop-propargyl,105512-06-9,Herbicide,N Organique,,0.2
2016,35530,Non,9100645,cloquintocet-mexyl,99607-70-2,Autre usage – Coformulant / Phytoprotecteur / Synergiste,Autre,,0.05
2016,35530,Non,9200091,imidaclopride,138261-41-3,Insecticide,N Organique,,6.9335
2016,35530,Non,9200383,lambda-cyhalothrine,91465-08-6,Insecticide,"T, T+, CMR",,0.05
2016,35530,Non,9200392,"2,4-mcpa",94-74-6,Herbicide,N Organique,,1
2016,35530,Non,9200392,clopyralid (sous forme de sel de monoethanolamine),57754-85-5,Herbicide,Autre,,0.1
2016,35530,Non,9200392,fluroxypyr,69377-81-7,Herbicide,N Organique,,0.2
2016,35530,Non,9200461,chlormequat chlorure,999-81-5,Régulateur de croissance,Autre,,17.250
2016,35530,Non,9200461,mepiquat-chlorure,24307-26-4,Régulateur de croissance,N Organique,,5.750
2016,35530,Non,9200548,thirame,137-26-8,Fongicide,N Organique,,0.4176
2016,35530,Non,9300241,glyphosate,1071-83-6,Herbicide,N Organique,,0.391
2016,35530,Non,9300305,prochloraze,67747-09-5,Fongicide,N Organique,,2.25
2016,35530,Non,9300309,zetacypermethrine,52315-07-8,Insecticide,"T, T+, CMR",,0.7
2016,35530,Non,9300396,chlormequat chlorure,999-81-5,Régulateur de croissance,Autre,,64.4
2016,35530,Non,9300396,chlorure de choline,67-48-1,Autre usage – Coformulant / Phytoprotecteur / Synergiste,Autre,,44.8
2016,35530,Non,9400008,triticonazole,131983-72-7,Fongicide,N Organique,,0.420
2016,35530,Non,9400012,tetraconazole,112281-77-3,Fongicide,N Organique,,0.5
2016,35530,Non,9400052,clethodime,99129-21-2,Herbicide,N Organique,,8.4
2016,35530,Non,9400067,dicamba,1918-00-9,Herbicide,N Organique,,18.2
2016,35530,Non,9400109,"2,4-d",94-75-7,Herbicide,N Organique,,0.14
2016,35530,Non,9400109,dicamba,1918-00-9,Herbicide,N Organique,,0.02
2016,35530,Non,9400134,diflufenicanil,83164-33-4,Herbicide,N Organique,,5.7
2016,35530,Non,9400134,flurtamone,96525-23-4,Herbicide,N Organique,,14.25
2016,35530,Non,9400162,glyphosate,1071-83-6,Herbicide,N Organique,,21.6
2016,35530,Non,9400354,glyphosate,1071-83-6,Herbicide,N Organique,,43.2
2016,35530,Non,9400367,chlorothalonil,1897-45-6,Fongicide,"T, T+, CMR",,22.5
2016,35530,Non,9400367,cyproconazole,94361-06-5,Fongicide,"T, T+, CMR",,2.4
2016,35530,Non,9500040,quizalofop-p-ethyl,100646-51-3,Herbicide,N Organique,,0.25
2016,35530,Non,9500135,metaldehyde,108-62-3,Molluscicide,Autre,,2.5
2016,35530,Non,9500223,prochloraze,67747-09-5,Fongicide,N Organique,,14.6905
2016,35530,Non,9500223,tebuconazole,107534-96-3,Fongicide,"T, T+, CMR",,7.2875
2016,35530,Non,9500302,cuivre du sulfate de cuivre,8011-63-0,Fongicide,N minéral,,24
2016,35530,Non,9500561,glyphosate,1071-83-6,Herbicide,N Organique,,0.36
2016,35530,Non,9500581,chlormequat chlorure,999-81-5,Régulateur de croissance,Autre,,55.5
2016,35530,Non,9500581,ethephon,16672-87-0,Régulateur de croissance,"T, T+, CMR",,27.75
2016,35530,Non,9600056,flupyrsulfuron-methyl,144740-54-5,Herbicide,N Organique,,0.0333
2016,35530,Non,9600056,metsulfuron-methyl,74223-64-6,Herbicide,N Organique,,0.0167
2016,35530,Non,9600093,azoxystrobine,131860-33-8,Fongicide,"T, T+, CMR",,12.50
2016,35530,Non,9600197,carfentrazone ethyl,128639-02-1,Herbicide,N Organique,,0.88
2016,35530,Non,9600197,metsulfuron-methyl,74223-64-6,Herbicide,N Organique,,0.22
2016,35530,Non,9600229,fenpropidine,67306-00-7,Fongicide,N Organique,,3.75
2016,35530,Non,9600319,glyphosate,1071-83-6,Herbicide,N Organique,,3.6
2016,35530,Non,9600390,glyphosate,1071-83-6,Herbicide,N Organique,,21.6
2016,35530,Non,9600392,chlormequat chlorure,999-81-5,Régulateur de croissance,Autre,,18.4
2016,35530,Non,9600392,imazaquine,81335-37-7,Régulateur de croissance,N Organique,,0.04
2016,35530,Non,9700027,hexythiazox,78587-05-0,Insecticide - Acaricide,N Organique,,0.05
2016,35530,Non,9700332,azoxystrobine,131860-33-8,Fongicide,"T, T+, CMR",,0.75
2016,35530,Non,9700554,prochloraze,67747-09-5,Fongicide,N Organique,,18
2016,35530,Non,9700554,propiconazole,60207-90-1,Fongicide,N Organique,,4.05
2016,35530,Non,9800018,clomazone,81777-89-1,Herbicide,N Organique,,7.05
2016,35530,Non,9800018,dimethachlore,50563-36-5,Herbicide,N Organique,,44.0625
2016,35530,Non,9800018,napropamide,15299-99-7,Herbicide,N Organique,,44.0625
2016,35530,Non,9800076,virus de la granulose,,Insecticide,Autre,,
2016,35530,Non,9800144,indoxacarbe,173584-44-6,Insecticide,"T, T+, CMR",,2.25
2016,35530,Non,9800182,s-metolachlore,87392-12-9,Herbicide,N Organique,,33.6
2016,35530,Non,9800219,ethephon,16672-87-0,Régulateur de croissance,"T, T+, CMR",,6
2016,35530,Non,9800294,glyphosate,1071-83-6,Herbicide,N Organique,,1.8
2016,35530,Non,9800336,lambda-cyhalothrine,91465-08-6,Insecticide,"T, T+, CMR",,1.925
2016,35530,Non,9800343,clomazone,81777-89-1,Herbicide,N Organique,,0.9
2016,35530,Non,9800343,dimethachlore,50563-36-5,Herbicide,N Organique,,7.5
2016,35530,Non,9800344,fludioxonil,131341-86-1,Fongicide,N Organique,,0.09050
2016,35530,Non,9800344,metalaxyl-m,70630-17-0,Fongicide,Autre,,0.035114
2016,35530,Non,9800365,oxyfluorfene,42874-03-3,Herbicide,"T, T+, CMR",,0.1
2016,35530,Non,9800365,propyzamide,23950-58-5,Herbicide,"T, T+, CMR",,0.28
2016,35530,Non,9800392,dodine,2439-10-3,Fongicide,"T, T+, CMR",,8
2016,35530,Non,9800453,cyproconazole,94361-06-5,Fongicide,"T, T+, CMR",,0.8
2016,35530,Non,9800453,prochloraze,67747-09-5,Fongicide,N Organique,,3
2016,35530,Non,9800458,propaquizafop,111479-05-1,Herbicide,N Organique,,1
2016,35530,Non,9800496,clopyralid,1702-17-6,Herbicide,Autre,,0.5
2016,35530,Non,9900047,mesotrione,104206-82-8,Herbicide,N Organique,,13.0
2016,35530,Non,9900201,glyphosate,1071-83-6,Herbicide,N Organique,,1.8
2016,35530,Non,9900206,picoxystrobine,117428-22-5,Fongicide,N Organique,,5.0
2016,35530,Non,9900242,mancozebe,8018-01-7,Fongicide,"T, T+, CMR",,22.5
2016,35530,Non,9900251,dimethenamide-p (dmta-p),163515-14-8,Herbicide,N Organique,,43.2
2016,35530,Non,9900269,glyphosate,1071-83-6,Herbicide,N Organique,,48.0
2016,35530,Non,9900414,flupyrsulfuron-methyl,144740-54-5,Herbicide,N Organique,,0.0333
2016,35530,Non,9900414,metsulfuron-methyl,74223-64-6,Herbicide,N Organique,,0.0167
2016,35590,Non,2000017,tau-fluvalinate,102851-06-9,Insecticide,N Organique,,0.072
2016,35590,Non,2000071,"2,4-d",94-75-7,Herbicide,N Organique,,1.04125
2016,35590,Non,2000071,dicamba,1918-00-9,Herbicide,N Organique,,0.14875
2016,35590,Non,2000071,sulfate de fer (sulfate ferreux heptahydrate),7782-63-0,Herbicide - Antimousse,Autre,,39.879875
2016,35590,Non,2000105,bacillus thuringiensis serotype 3a 3b,68038-71-1,Insecticide,Autre,,0.00576
2016,35590,Non,2000125,cuivre du sulfate de cuivre,8011-63-0,Fongicide,N minéral,,2.14
2016,35590,Non,2000299,clomazone,81777-89-1,Herbicide,N Organique,,0.72
2016,35590,Non,2000380,clethodime,99129-21-2,Herbicide,N Organique,,1.44
2016,35590,Non,2010023,deltamethrine,52918-63-5,Insecticide,"T, T+, CMR",,0.075
2016,35590,Non,2010035,"2,4-mcpa",94-74-6,Herbicide,N Organique,,9.25
2016,35590,Non,2010035,dichlorprop-p,15165-67-0,Herbicide,Autre,,4.625
2016,35590,Non,2010035,mecoprop-p (mcpp-p),16484-77-8,Herbicide,N Organique,,4.625
2016,35590,Non,2010239,florasulame,145701-23-1,Herbicide,N Organique,,0.010
2016,35590,Non,2010239,fluroxypyr,69377-81-7,Herbicide,N Organique,,1.0
2016,35590,Non,2010319,"2,4-mcpa",94-74-6,Herbicide,N Organique,,0.2835
2016,35590,Non,2010319,dichlorprop-p,15165-67-0,Herbicide,Autre,,0.2835
2016,35590,Non,2010319,glyphosate,1071-83-6,Herbicide,N Organique,,0.378
2016,35590,Non,2010321,glyphosate,1071-83-6,Herbicide,N Organique,,0.12096
2016,35590,Non,2010326,metconazole,125116-23-6,Fongicide,"T, T+, CMR",,0.891
2016,35590,Non,2010349,desmediphame,13684-56-5,Herbicide,N Organique,,0.355
2016,35590,Non,2010349,ethofumesate,26225-79-6,Herbicide,N Organique,,0.56
2016,35590,Non,2010349,phenmediphame,13684-63-4,Herbicide,N Organique,,0.455
2016,35590,Non,2010351,iodosulfuron-methyl-sodium,144550-36-7,Herbicide,N Organique,,0.324
2016,35590,Non,2010351,mefenpyr-diethyl,135590-91-9,Autre usage – Coformulant / Phytoprotecteur / Synergiste,Autre,,0.972
2016,35590,Non,2010351,mesosulfuron-methyl,208465-21-8,Herbicide,N Organique,,0.324
2016,35590,Non,2010410,soufre pour pulverisation (micronise),7704-34-9,Fongicide,Autre,,3.6
2016,35590,Non,2010419,iodosulfuron-methyl-sodium,144550-36-7,Herbicide,N Organique,,0.0216
2016,35590,Non,2010419,mefenpyr-diethyl,135590-91-9,Autre usage – Coformulant / Phytoprotecteur / Synergiste,Autre,,0.324
2016,35590,Non,2010419,mesosulfuron-methyl,208465-21-8,Herbicide,N Organique,,0.108
2016,35590,Non,2010425,metsulfuron-methyl,74223-64-6,Herbicide,N Organique,,0.02
2016,35590,Non,2010493,glyphosate,1071-83-6,Herbicide,N Organique,,1.26
2016,35590,Non,2010499,prochloraze,67747-09-5,Fongicide,N Organique,,9
2016,35590,Non,2010509,cuivre du sulfate de cuivre,8011-63-0,Fongicide,N minéral,,2.5
2016,35590,Non,2020065,metribuzine,21087-64-9,Herbicide,N Organique,,0.084
2016,35590,Non,2020099,trifloxystrobine,141517-21-7,Fongicide,N Organique,,2.625
2016,35590,Non,2020224,iodosulfuron-methyl-sodium,144550-36-7,Herbicide,N Organique,,0.018
2016,35590,Non,2020224,mefenpyr-diethyl,135590-91-9,Autre usage – Coformulant / Phytoprotecteur / Synergiste,Autre,,0.054
2016,35590,Non,2020224,mesosulfuron-methyl,208465-21-8,Herbicide,N Organique,,0.018
2016,35590,Non,2020474,metazachlore,67129-08-2,Herbicide,"T, T+, CMR",,5
2016,35590,Non,2030125,deltamethrine,52918-63-5,Insecticide,"T, T+, CMR",,0.0036
2016,35590,Non,2030255,tebuconazole,107534-96-3,Fongicide,"T, T+, CMR",,22.5
2016,35590,Non,2030273,lambda-cyhalothrine,91465-08-6,Insecticide,"T, T+, CMR",,0.00315
2016,35590,Non,2030273,pyrimicarbe,23103-98-2,Insecticide,"T, T+, CMR",,0.063
2016,35590,Non,2030323,fludioxonil,131341-86-1,Fongicide,N Organique,,0.4075
2016,35590,Non,2030332,"2,4-d",94-75-7,Herbicide,N Organique,,1.4112
2016,35590,Non,2030332,dichlorprop-p,15165-67-0,Herbicide,Autre,,0.7056
2016,35590,Non,2030466,soufre triture ventile,7704-34-9,Fongicide,Autre,,1.4625
2016,35590,Non,2040146,tefluthrine,79538-32-2,Insecticide,"T, T+, CMR",,0.83
2016,35590,Non,2040310,prochloraze,67747-09-5,Fongicide,N Organique,,1.3355
2016,35590,Non,2040310,tebuconazole,107534-96-3,Fongicide,"T, T+, CMR",,0.6625
2016,35590,Non,2040311,metazachlore,67129-08-2,Herbicide,"T, T+, CMR",,2.5
2016,35590,Non,2050075,boscalid,188425-85-6,Fongicide,N Organique,,1.25
2016,35590,Non,2050145,diflufenicanil,83164-33-4,Herbicide,N Organique,,0.3
2016,35590,Non,2050145,glyphosate,1071-83-6,Herbicide,N Organique,,1.875
2016,35590,Non,2050146,diflufenicanil,83164-33-4,Herbicide,N Organique,,0.368
2016,35590,Non,2050146,glyphosate,1071-83-6,Herbicide,N Organique,,2.3
2016,35590,Non,2060026,flazasulfuron,104040-78-0,Herbicide,N Organique,,0.0125
2016,35590,Non,2060045,huile vegetale,,SA non phyto - Divers,Autre,,0.035
2016,35590,Non,2060045,resines (colophane),8050-09-7,SA non phyto - Divers,Autre,,0.34
2016,35590,Non,2060088,benoxacor,98730-04-2,Autre usage – Coformulant / Phytoprotecteur / Synergiste,Autre,,6.0
2016,35590,Non,2060088,mesotrione,104206-82-8,Herbicide,N Organique,,12.0
2016,35590,Non,2060088,s-metolachlore,87392-12-9,Herbicide,N Organique,,120
2016,35590,Non,2060115,azoxystrobine,131860-33-8,Fongicide,"T, T+, CMR",,1
2016,35590,Non,2060115,cyproconazole,94361-06-5,Fongicide,"T, T+, CMR",,0.4
2016,35590,Non,2060129,oxyfluorfene,42874-03-3,Herbicide,"T, T+, CMR",,0.022275
2016,35590,Non,2060129,pendimethaline,40487-42-1,Herbicide,N Organique,,0.11385
2016,35590,Non,2060175,metaldehyde,108-62-3,Molluscicide,Autre,,0.984
2016,35590,Non,2060194,tefluthrine,79538-32-2,Insecticide,"T, T+, CMR",,0.54
2016,35590,Non,2080018,acetamipride,135410-20-7,Insecticide,N Organique,,0.002
2016,35590,Non,2080026,nicosulfuron,111991-09-4,Herbicide,N Organique,,8.76
2016,35590,Non,2080054,acetamipride,135410-20-7,Insecticide,N Organique,,0.000045
2016,35590,Non,2080094,florasulame,145701-23-1,Herbicide,N Organique,,0.30
2016,35590,Non,2080094,isoxaben,82558-50-7,Herbicide,N Organique,,4.575
2016,35590,Non,2080103,thiophanate-methyl,23564-05-8,Fongicide,"T, T+, CMR",,2.5
2016,35590,Non,2080112,thirame,137-26-8,Fongicide,N Organique,,1.7376
2016,35590,Non,2080117,prosulfuron,94125-34-5,Herbicide,N Organique,,5.1375
2016,35590,Non,2080123,metsulfuron-methyl,74223-64-6,Herbicide,N Organique,,0.16
2016,35590,Non,2080124,metsulfuron-methyl,74223-64-6,Herbicide,N Organique,,0.096
2016,35590,Non,2080145,diflufenicanil,83164-33-4,Herbicide,N Organique,,4
2016,35590,Non,2080145,flufenacet,142459-58-3,Herbicide,N Organique,,8
2016,35590,Non,2090008,thirame,137-26-8,Fongicide,N Organique,,0.17056
2016,35590,Non,2090016,imazamox,114311-32-9,Herbicide,N Organique,,0.167
2016,35590,Non,2090016,pendimethaline,40487-42-1,Herbicide,N Organique,,2.5
2016,35590,Non,2090028,metamitrone,41394-05-2,Herbicide,N Organique,,3.5
2016,35590,Non,2090033,difenoconazole,119446-68-3,Fongicide,N Organique,,0.03674
2016,35590,Non,2090036,glyphosate,1071-83-6,Herbicide,N Organique,,0.672
2016,35590,Non,2090037,dicamba,1918-00-9,Herbicide,N Organique,,51.0
2016,35590,Non,2090037,prosulfuron,94125-34-5,Herbicide,N Organique,,5.10
2016,35590,Non,2090041,cloquintocet-mexyl,99607-70-2,Autre usage – Coformulant / Phytoprotecteur / Synergiste,Autre,,0.45
2016,35590,Non,2090041,pyroxsulame,422556-08-9,Herbicide,"T, T+, CMR",,0.45
2016,35590,Non,2090044,glyphosate,1071-83-6,Herbicide,N Organique,,1.24905
2016,35590,Non,2090057,metsulfuron-methyl,74223-64-6,Herbicide,N Organique,,0.61605
2016,35590,Non,2090057,tribenuron-methyle,101200-48-0,Herbicide,N Organique,,1.2321
2016,35590,Non,2090069,bromoxynil,1689-84-5,Herbicide,"T, T+, CMR",,9.400
2016,35590,Non,2090071,bromoxynil,1689-84-5,Herbicide,"T, T+, CMR",,35.25
2016,35590,Non,2090072,florasulame,145701-23-1,Herbicide,N Organique,,0.025
2016,35590,Non,2090079,acide acetique,64-19-7,Herbicide,Autre,,0.72
2016,35590,Non,2090090,thiamethoxam,153719-23-4,Insecticide,N Organique,,0.01
2016,35590,Non,2090092,epoxiconazole,133855-98-8,Fongicide,"T, T+, CMR",,2.0625
2016,35590,Non,2090092,metconazole,125116-23-6,Fongicide,"T, T+, CMR",,1.5125
2016,35590,Non,2090101,nicosulfuron,111991-09-4,Herbicide,N Organique,,0.4
2016,35590,Non,2090103,soufre pour pulverisation (micronise),7704-34-9,Fongicide,Autre,,20
2016,35590,Non,2090115,glyphosate,1071-83-6,Herbicide,N Organique,,21.6
2016,35590,Non,2090118,flufenacet,142459-58-3,Herbicide,N Organique,,0.6
2016,35590,Non,2090118,pendimethaline,40487-42-1,Herbicide,N Organique,,3
2016,35590,Non,2090124,acide pelargonique,112-05-0,Herbicide,Autre,,0.069795
2016,35590,Non,2090124,hydrazide maleique,123-33-1,Régulateur de croissance,Autre,,0.011138
2016,35590,Non,2090146,abamectine,71751-41-2,Insecticide,"T, T+, CMR",,0.000036
2016,35590,Non,2090146,pyrethrines,8003-34-7,Insecticide,N Organique,,0.00048
2016,35590,Non,2090159,tritosulfuron,142469-14-5,Herbicide,N Organique,,1.2495
2016,35590,Non,2090160,glyphosate,1071-83-6,Herbicide,N Organique,,21.6
2016,35590,Non,2090164,glyphosate,1071-83-6,Herbicide,N Organique,,21.6
2016,35590,Non,2090171,dimoxystrobine,149961-52-4,Fongicide,"T, T+, CMR",,1.995
2016,35590,Non,2090171,epoxiconazole,133855-98-8,Fongicide,"T, T+, CMR",,0.75
2016,35590,Non,2090173,epoxiconazole,133855-98-8,Fongicide,"T, T+, CMR",,0.3125
2016,35590,Non,2090173,fenpropimorphe,67564-91-4,Fongicide,"T, T+, CMR",,1
2016,35590,Non,2090173,metrafenone,220899-03-6,Fongicide,N Organique,,0.375
2016,35590,Non,2100004,acetamipride,135410-20-7,Insecticide,N Organique,,0.00048
2016,35590,Non,2100004,triticonazole,131983-72-7,Fongicide,N Organique,,0.00144
2016,35590,Non,2100015,thifensulfuron-methyle,79277-27-3,Herbicide,N Organique,,0.09
2016,35590,Non,2100026,cypermethrine,52315-07-8,Insecticide,N Organique,,1.0
2016,35590,Non,2100052,cyprodinil,121552-61-2,Fongicide,N Organique,,3
2016,35590,Non,2100056,prothioconazole,178928-70-6,Fongicide,"T, T+, CMR",,1.6
2016,35590,Non,2100056,spiroxamine,118134-30-8,Fongicide,N Organique,,3.0
2016,35590,Non,2100057,prothioconazole,178928-70-6,Fongicide,"T, T+, CMR",,20.125
2016,35590,Non,2100057,trifloxystrobine,141517-21-7,Fongicide,N Organique,,10.12
2016,35590,Non,2100065,metsulfuron-methyl,74223-64-6,Herbicide,N Organique,,0.00816
2016,35590,Non,2100065,thifensulfuron-methyle,79277-27-3,Herbicide,N Organique,,0.08184
2016,35590,Non,2100078,deltamethrine,52918-63-5,Insecticide,"T, T+, CMR",,0.000060
2016,35590,Non,2100108,prothioconazole,178928-70-6,Fongicide,"T, T+, CMR",,8.75
2016,35590,Non,2100108,tebuconazole,107534-96-3,Fongicide,"T, T+, CMR",,8.75
2016,35590,Non,2100111,mesotrione,104206-82-8,Herbicide,N Organique,,28.875
2016,35590,Non,2100111,nicosulfuron,111991-09-4,Herbicide,N Organique,,11.55
2016,35590,Non,2100138,cloquintocet-mexyl,99607-70-2,Autre usage – Coformulant / Phytoprotecteur / Synergiste,Autre,,1.94625
2016,35590,Non,2100138,pinoxaden,243973-20-8,Herbicide,"T, T+, CMR",,7.785
2016,35590,Non,2100140,clodinafop-propargyl,105512-06-9,Herbicide,N Organique,,3.500
2016,35590,Non,2100140,cloquintocet-mexyl,99607-70-2,Autre usage – Coformulant / Phytoprotecteur / Synergiste,Autre,,0.87500
2016,35590,Non,2100140,pinoxaden,243973-20-8,Herbicide,"T, T+, CMR",,3.500
2016,35590,Non,2100164,fluroxypyr,69377-81-7,Herbicide,N Organique,,3
2016,35590,Non,2100165,acetamipride,135410-20-7,Insecticide,N Organique,,0.007
2016,35590,Non,2100165,triticonazole,131983-72-7,Fongicide,N Organique,,0.021
2016,35590,Non,2100179,azoxystrobine,131860-33-8,Fongicide,"T, T+, CMR",,0.8
2016,35590,Non,2100179,chlorothalonil,1897-45-6,Fongicide,"T, T+, CMR",,4
2016,35590,Non,2100184,picolinafen,137641-05-5,Herbicide,N Organique,,2.001
2016,35590,Non,2100184,tritosulfuron,142469-14-5,Herbicide,N Organique,,2.001
2016,35590,Non,2100215,pendimethaline,40487-42-1,Herbicide,N Organique,,4
2016,35590,Non,2100234,diflufenicanil,83164-33-4,Herbicide,N Organique,,4.2
2016,35590,Non,2100234,iodosulfuron-methyl-sodium,144550-36-7,Herbicide,N Organique,,0.2625
2016,35590,Non,2100234,mefenpyr-diethyl,135590-91-9,Autre usage – Coformulant / Phytoprotecteur / Synergiste,Autre,,0.945
2016,35590,Non,2100234,mesosulfuron-methyl,208465-21-8,Herbicide,N Organique,,0.315
2016,35590,Non,2110018,difenoconazole,119446-68-3,Fongicide,N Organique,,0.16725
2016,35590,Non,2110018,fludioxonil,131341-86-1,Fongicide,N Organique,,0.16725
2016,35590,Non,2110063,clopyralid,1702-17-6,Herbicide,Autre,,0.324
2016,35590,Non,2110072,thifensulfuron-methyle,79277-27-3,Herbicide,N Organique,,0.05
2016,35590,Non,2110072,tribenuron-methyle,101200-48-0,Herbicide,N Organique,,0.025
2016,35590,Non,2110092,thifensulfuron-methyle,79277-27-3,Herbicide,N Organique,,0.12
2016,35590,Non,2110092,tribenuron-methyle,101200-48-0,Herbicide,N Organique,,0.12
2016,35590,Non,2110095,cloquintocet-mexyl,99607-70-2,Autre usage – Coformulant / Phytoprotecteur / Synergiste,Autre,,0.1125
2016,35590,Non,2110095,florasulame,145701-23-1,Herbicide,N Organique,,0.05
2016,35590,Non,2110095,pinoxaden,243973-20-8,Herbicide,"T, T+, CMR",,0.45
2016,35590,Non,2110102,difenoconazole,119446-68-3,Fongicide,N Organique,,0.2025
2016,35590,Non,2110102,fludioxonil,131341-86-1,Fongicide,N Organique,,0.2025
2016,35590,Non,2110102,sedaxane,874967-67-6,Fongicide,N Organique,,0.405
2016,35590,Non,2110105,azoxystrobine,131860-33-8,Fongicide,"T, T+, CMR",,8.75
2016,35590,Non,2110109,cyprosulfamide,221667-31-8,Autre usage – Coformulant / Phytoprotecteur / Synergiste,Autre,,2.31
2016,35590,Non,2110109,isoxaflutole,141112-29-0,Herbicide,"T, T+, CMR",,3.5
2016,35590,Non,2110109,thiencarbazone-methyl,317815-83-1,Herbicide,"T, T+, CMR",,1.4
2016,35590,Non,2110121,thiaclopride,111988-49-9,Insecticide,"T, T+, CMR",,1
2016,35590,Non,2110149,huile de colza,8002-13-9,Insecticide,Autre,,0.10816
2016,35590,Non,2110150,huile de colza,8002-13-9,Insecticide,Autre,,4.0404
2016,35590,Non,2110156,desmediphame,13684-56-5,Herbicide,N Organique,,0.25
2016,35590,Non,2110156,ethofumesate,26225-79-6,Herbicide,N Organique,,1.5
2016,35590,Non,2110156,phenmediphame,13684-63-4,Herbicide,N Organique,,0.75
2016,35590,Non,2110159,triticonazole,131983-72-7,Fongicide,N Organique,,0.006
2016,35590,Non,2110160,triticonazole,131983-72-7,Fongicide,N Organique,,0.0006
2016,35590,Non,2110162,azoxystrobine,131860-33-8,Fongicide,"T, T+, CMR",,6.25
2016,35590,Non,2110170,epoxiconazole,133855-98-8,Fongicide,"T, T+, CMR",,1.5625
2016,35590,Non,2110170,fluxapyroxad,907204-31-3,Fongicide,"T, T+, CMR",,1.5625
2016,35590,Non,2110177,chlorothalonil,1897-45-6,Fongicide,"T, T+, CMR",,86.25
2016,35590,Non,2110177,cyproconazole,94361-06-5,Fongicide,"T, T+, CMR",,11.5
2016,35590,Non,2110177,propiconazole,60207-90-1,Fongicide,N Organique,,14.375
2016,35590,Non,2110178,bixafen,581809-46-3,Fongicide,N Organique,,6.750
2016,35590,Non,2110178,prothioconazole,178928-70-6,Fongicide,"T, T+, CMR",,13.50
2016,35590,Non,2110180,cuivre de l'oxyde cuivreux,1317-39-1,Fongicide,N minéral,,0.0975
2016,35590,Non,2110192,metsulfuron-methyl,74223-64-6,Herbicide,N Organique,,0.02
2016,35590,Non,2110198,glyphosate,1071-83-6,Herbicide,N Organique,,93.6
2016,35590,Non,2120008,glyphosate,1071-83-6,Herbicide,N Organique,,1.08
2016,35590,Non,2120018,glyphosate,1071-83-6,Herbicide,N Organique,,8.208
2016,35590,Non,2120034,glyphosate,1071-83-6,Herbicide,N Organique,,67.2
2016,35590,Non,2120048,aminopyralid,150114-71-9,Herbicide,N Organique,,0.69
2016,35590,Non,2120048,triclopyr,55335-06-3,Herbicide,N Organique,,5.52
2016,35590,Non,2120063,fluopicolide,239110-15-7,Fongicide,N Organique,,0.1375
2016,35590,Non,2120063,propamocarbe,24579-73-5,Fongicide,Autre,,1.375
2016,35590,Non,2120066,dichlorprop-p,15165-67-0,Herbicide,Autre,,24
2016,35590,Non,2120066,picolinafen,137641-05-5,Herbicide,N Organique,,0.8
2016,35590,Non,2120070,prothioconazole,178928-70-6,Fongicide,"T, T+, CMR",,9.6
2016,35590,Non,2120070,tebuconazole,107534-96-3,Fongicide,"T, T+, CMR",,4.8
2016,35590,Non,2120075,dimethenamide-p (dmta-p),163515-14-8,Herbicide,N Organique,,2
2016,35590,Non,2120075,metazachlore,67129-08-2,Herbicide,"T, T+, CMR",,2
2016,35590,Non,2120075,quinmerac,90717-03-6,Herbicide,N Organique,,1
2016,35590,Non,2120129,lambda-cyhalothrine,91465-08-6,Insecticide,"T, T+, CMR",,0.005775
2016,35590,Non,2120133,fluroxypyr,69377-81-7,Herbicide,N Organique,,0.136
2016,35590,Non,2120133,triclopyr,55335-06-3,Herbicide,N Organique,,0.408
2016,35590,Non,2120194,metsulfuron-methyl,74223-64-6,Herbicide,N Organique,,0.30
2016,35590,Non,2120205,epoxiconazole,133855-98-8,Fongicide,"T, T+, CMR",,12.480
2016,35590,Non,2120205,fluxapyroxad,907204-31-3,Fongicide,"T, T+, CMR",,12.480
2016,35590,Non,2120205,pyraclostrobine,175013-18-0,Fongicide,"T, T+, CMR",,19.980
2016,35590,Non,2130040,"2,4-d",94-75-7,Herbicide,N Organique,,0.175
2016,35590,Non,2130068,diflufenicanil,83164-33-4,Herbicide,N Organique,,11
2016,35590,Non,2130069,diflufenicanil,83164-33-4,Herbicide,N Organique,,3
2016,35590,Non,2130075,metaldehyde,108-62-3,Molluscicide,Autre,,0.8
2016,35590,Non,2130082,metaldehyde,108-62-3,Molluscicide,Autre,,0.8
2016,35590,Non,2130083,lambda-cyhalothrine,91465-08-6,Insecticide,"T, T+, CMR",,0.1
2016,35590,Non,2130093,diflufenicanil,83164-33-4,Herbicide,N Organique,,0.003456
2016,35590,Non,2130093,glyphosate,1071-83-6,Herbicide,N Organique,,0.0216
2016,35590,Non,2130151,hydrazide maleique,123-33-1,Régulateur de croissance,Autre,,0.18
2016,35590,Non,2130164,foramsulfuron,173159-57-4,Herbicide,N Organique,,0.30
2016,35590,Non,2130164,thiencarbazone-methyl,317815-83-1,Herbicide,"T, T+, CMR",,0.10
2016,35590,Non,2130251,lambda-cyhalothrine,91465-08-6,Insecticide,"T, T+, CMR",,0.1
2016,35590,Non,2140039,imidaclopride,138261-41-3,Insecticide,N Organique,,4.655
2016,35590,Non,2140039,prothioconazole,178928-70-6,Fongicide,"T, T+, CMR",,0.665
2016,35590,Non,2140082,trinexapac-ethyl,95266-40-3,Régulateur de croissance,N Organique,,0.875
2016,35590,Non,2140106,huile minerale paraffinique,8042-47-5,Insecticide - Acaricide,Autre,,5.372
2016,35590,Non,2140148,dicamba,1918-00-9,Herbicide,N Organique,,2.88
2016,35590,Non,2140167,acide decanoique,334-48-5,Herbicide - Antimousse,Autre,,0.0594
2016,35590,Non,2140167,acide octanoique,124-07-2,Herbicide - Antimousse,Autre,,0.0891
2016,35590,Non,2140173,fluxapyroxad,907204-31-3,Fongicide,"T, T+, CMR",,3.75
2016,35590,Non,2140173,metconazole,125116-23-6,Fongicide,"T, T+, CMR",,2.7
2016,35590,Non,2140193,sulfate de fer (sulfate ferreux heptahydrate),7782-63-0,Herbicide - Antimousse,Autre,,0.748
2016,35590,Non,2140256,chlorpyriphos-methyl,5598-13-0,Insecticide,N Organique,,0.2250
2016,35590,Non,2140258,iodosulfuron-methyl-sodium,144550-36-7,Herbicide,N Organique,,0.150
2016,35590,Non,2140258,mesosulfuron-methyl,208465-21-8,Herbicide,N Organique,,0.150
2016,35590,Non,2150280,imidaclopride,138261-41-3,Insecticide,N Organique,,2.82
2016,35590,Non,2150417,bacillus thuringiensis ssp kurstaki,68038-71-1,Insecticide,Autre,,0.0648
2016,35590,Non,2150484,clopyralid,1702-17-6,Herbicide,Autre,,3.9
2016,35590,Non,2150484,florasulame,145701-23-1,Herbicide,N Organique,,0.325
2016,35590,Non,6500402,"2,4-d",94-75-7,Herbicide,N Organique,,4.8
2016,35590,Non,7300221,chlortoluron,15545-48-9,Herbicide,"T, T+, CMR",,10
2016,35590,Non,7700706,"2,4-d",94-75-7,Herbicide,N Organique,,0.336
2016,35590,Non,7700706,dicamba,1918-00-9,Herbicide,N Organique,,0.048
2016,35590,Non,8100345,hymexazol,10004-44-1,Fongicide,N Organique,,0.042
2016,35590,Non,8100462,huile vegetale,,SA non phyto - Divers,Autre,,0.161
2016,35590,Non,8100462,resines (colophane),8050-09-7,SA non phyto - Divers,Autre,,1.5925
2016,35590,Non,8200307,isoproturon,34123-59-6,Herbicide,"T, T+, CMR",,70
2016,35590,Non,8300243,chlorothalonil,1897-45-6,Fongicide,"T, T+, CMR",,10
2016,35590,Non,8400096,dicamba,1918-00-9,Herbicide,N Organique,,24.48
2016,35590,Non,8400255,metsulfuron-methyl,74223-64-6,Herbicide,N Organique,,0.12
2016,35590,Non,8400528,isoxaben,82558-50-7,Herbicide,N Organique,,3.375
2016,35590,Non,8400574,propyzamide,23950-58-5,Herbicide,"T, T+, CMR",,6
2016,35590,Non,8500351,acide b-indole butyrique (aib),133-32-4,Régulateur de croissance,"T, T+, CMR",,0.000825
2016,35590,Non,8700002,chlortoluron,15545-48-9,Herbicide,"T, T+, CMR",,10
2016,35590,Non,8700462,prosulfocarbe,52888-80-9,Herbicide,N Organique,,504
2016,35590,Non,8800011,carboxine,5234-68-4,Fongicide,N Organique,,0.99
2016,35590,Non,8800011,thirame,137-26-8,Fongicide,N Organique,,0.99
2016,35590,Non,8800199,propaquizafop,111479-05-1,Herbicide,N Organique,,1
2016,35590,Non,8800395,lambda-cyhalothrine,91465-08-6,Insecticide,"T, T+, CMR",,0.05
2016,35590,Non,8800395,pyrimicarbe,23103-98-2,Insecticide,"T, T+, CMR",,1
2016,35590,Non,8800488,chlorothalonil,1897-45-6,Fongicide,"T, T+, CMR",,10
2016,35590,Non,8800534,cymoxanil,57966-95-7,Fongicide,"T, T+, CMR",,0.024
2016,35590,Non,8800534,mancozebe,8018-01-7,Fongicide,"T, T+, CMR",,0.279
2016,35590,Non,8800827,chlortoluron,15545-48-9,Herbicide,"T, T+, CMR",,7.5
2016,35590,Non,8800827,isoxaben,82558-50-7,Herbicide,N Organique,,0.2805
2016,35590,Non,8820680,fer sous forme de sulfate de fer,7720-78-7,Herbicide - Antimousse,Autre,,48.9216
2016,35590,Non,8900564,tau-fluvalinate,102851-06-9,Insecticide,N Organique,,0.96
2016,35590,Non,9000184,"2,4-mcpa",94-74-6,Herbicide,N Organique,,12
2016,35590,Non,9000184,clopyralid (sous forme de sel de monoethanolamine),57754-85-5,Herbicide,Autre,,1.2
2016,35590,Non,9000184,fluroxypyr,69377-81-7,Herbicide,N Organique,,2.4
2016,35590,Non,9000259,amidosulfuron,120923-37-7,Herbicide,N Organique,,0.54
2016,35590,Non,9000361,goudrons de pin,8011-48-1,SA non phyto - Divers,Autre,,2.4
2016,35590,Non,9000741,tetraconazole,112281-77-3,Fongicide,N Organique,,3.75
2016,35590,Non,9000833,metazachlore,67129-08-2,Herbicide,"T, T+, CMR",,4
2016,35590,Non,9000833,quinmerac,90717-03-6,Herbicide,N Organique,,1
2016,35590,Non,9100046,trinexapac-ethyl,95266-40-3,Régulateur de croissance,N Organique,,1.25
2016,35590,Non,9100231,metaldehyde,108-62-3,Molluscicide,Autre,,2.025
2016,35590,Non,9100525,tebufenpyrad,119168-77-3,Insecticide - Acaricide,"T, T+, CMR",,0.006
2016,35590,Non,9100537,glyphosate,1071-83-6,Herbicide,N Organique,,64.8
2016,35590,Non,9200073,triflusulfuron-methyl,126535-15-7,Herbicide,"T, T+, CMR",,0.10
2016,35590,Non,9200091,imidaclopride,138261-41-3,Insecticide,N Organique,,1.729
2016,35590,Non,9200135,cypermethrine,52315-07-8,Insecticide,N Organique,,0.061313
2016,35590,Non,9200262,iprodione,36734-19-7,Fongicide,"T, T+, CMR",,0.005
2016,35590,Non,9200392,"2,4-mcpa",94-74-6,Herbicide,N Organique,,1
2016,35590,Non,9200392,clopyralid (sous forme de sel de monoethanolamine),57754-85-5,Herbicide,Autre,,0.1
2016,35590,Non,9200392,fluroxypyr,69377-81-7,Herbicide,N Organique,,0.2
2016,35590,Non,9200461,chlormequat chlorure,999-81-5,Régulateur de croissance,Autre,,29.325
2016,35590,Non,9200461,mepiquat-chlorure,24307-26-4,Régulateur de croissance,N Organique,,9.775
2016,35590,Non,9200482,bacillus thuringiensis serotype 3a 3b,68038-71-1,Insecticide,Autre,,
2016,35590,Non,9200494,ethephon,16672-87-0,Régulateur de croissance,"T, T+, CMR",,10.2
2016,35590,Non,9200494,trinexapac-ethyl,95266-40-3,Régulateur de croissance,N Organique,,10.2
2016,35590,Non,9200512,glyphosate,1071-83-6,Herbicide,N Organique,,7.2
2016,35590,Non,9200548,thirame,137-26-8,Fongicide,N Organique,,0.1344
2016,35590,Non,9300111,pyrethrines,8003-34-7,Insecticide,N Organique,,0.011
2016,35590,Non,9300189,fluroxypyr,69377-81-7,Herbicide,N Organique,,0.045
2016,35590,Non,9300189,triclopyr,55335-06-3,Herbicide,N Organique,,0.135
2016,35590,Non,9300241,glyphosate,1071-83-6,Herbicide,N Organique,,1.445
2016,35590,Non,9300338,prochloraze,67747-09-5,Fongicide,N Organique,,2.25
2016,35590,Non,9400067,dicamba,1918-00-9,Herbicide,N Organique,,18.2
2016,35590,Non,9400134,diflufenicanil,83164-33-4,Herbicide,N Organique,,0.5
2016,35590,Non,9400134,flurtamone,96525-23-4,Herbicide,N Organique,,1.25
2016,35590,Non,9400235,huile de poisson,,Autre usage - Répulsif,Autre,,0.165
2016,35590,Non,9400235,huile minerale paraffinique,8042-47-5,Insecticide - Acaricide,Autre,,0.67
2016,35590,Non,9400354,glyphosate,1071-83-6,Herbicide,N Organique,,7.2
2016,35590,Non,9400367,chlorothalonil,1897-45-6,Fongicide,"T, T+, CMR",,22.5
2016,35590,Non,9400367,cyproconazole,94361-06-5,Fongicide,"T, T+, CMR",,2.4
2016,35590,Non,9500040,quizalofop-p-ethyl,100646-51-3,Herbicide,N Organique,,0.25
2016,35590,Non,9500135,metaldehyde,108-62-3,Molluscicide,Autre,,0.5
2016,35590,Non,9500147,soufre pour pulverisation (micronise),7704-34-9,Fongicide,Autre,,0.96
2016,35590,Non,9500148,metirame-zinc,9006-42-2,Fongicide,N Organique,,1.04
2016,35590,Non,9500302,cuivre du sulfate de cuivre,8011-63-0,Fongicide,N minéral,,0.4
2016,35590,Non,9500551,chlormequat chlorure,999-81-5,Régulateur de croissance,Autre,,2.3
2016,35590,Non,9500551,ethephon,16672-87-0,Régulateur de croissance,"T, T+, CMR",,1.55
2016,35590,Non,9500551,mepiquat-chlorure,24307-26-4,Régulateur de croissance,N Organique,,0.75
2016,35590,Non,9500562,glyphosate,1071-83-6,Herbicide,N Organique,,0.2304
2016,35590,Non,9500568,cyprodinil,121552-61-2,Fongicide,N Organique,,0.01875
2016,35590,Non,9500568,fludioxonil,131341-86-1,Fongicide,N Organique,,0.0125
2016,35590,Non,9500581,chlormequat chlorure,999-81-5,Régulateur de croissance,Autre,,39
2016,35590,Non,9500581,ethephon,16672-87-0,Régulateur de croissance,"T, T+, CMR",,19.5
2016,35590,Non,9600093,azoxystrobine,131860-33-8,Fongicide,"T, T+, CMR",,1.25
2016,35590,Non,9600097,cuivre de l'hydroxyde de cuivre,20427-59-2,Fongicide,"T, T+, CMR",,0.0864
2016,35590,Non,9600197,carfentrazone ethyl,128639-02-1,Herbicide,N Organique,,0.48
2016,35590,Non,9600197,metsulfuron-methyl,74223-64-6,Herbicide,N Organique,,0.12
2016,35590,Non,9600386,fosetyl-aluminium,39148-24-8,Fongicide,Autre,,0.96
2016,35590,Non,9600390,glyphosate,1071-83-6,Herbicide,N Organique,,7.2
2016,35590,Non,9600488,cypermethrine,52315-07-8,Insecticide,N Organique,,0.003
2016,35590,Non,9700332,azoxystrobine,131860-33-8,Fongicide,"T, T+, CMR",,0.31
2016,35590,Non,9700554,prochloraze,67747-09-5,Fongicide,N Organique,,20
2016,35590,Non,9700554,propiconazole,60207-90-1,Fongicide,N Organique,,4.5
2016,35590,Non,9700558,ethephon,16672-87-0,Régulateur de croissance,"T, T+, CMR",,2.4
2016,35590,Non,9800018,clomazone,81777-89-1,Herbicide,N Organique,,2.40
2016,35590,Non,9800018,dimethachlore,50563-36-5,Herbicide,N Organique,,15.0000
2016,35590,Non,9800018,napropamide,15299-99-7,Herbicide,N Organique,,15.0000
2016,35590,Non,9800076,virus de la granulose,,Insecticide,Autre,,
2016,35590,Non,9800096,huile minerale paraffinique,8042-47-5,Insecticide - Acaricide,Autre,,2.4
2016,35590,Non,9800098,metamitrone,41394-05-2,Herbicide,N Organique,,3.6
2016,35590,Non,9800182,s-metolachlore,87392-12-9,Herbicide,N Organique,,4.8
2016,35590,Non,9800231,mancozebe,8018-01-7,Fongicide,"T, T+, CMR",,0.96
2016,35590,Non,9800231,myclobutanil,88671-89-0,Fongicide,"T, T+, CMR",,0.036
2016,35590,Non,9800236,glyphosate,1071-83-6,Herbicide,N Organique,,1.8
2016,35590,Non,9800277,florasulame,145701-23-1,Herbicide,N Organique,,0.025
2016,35590,Non,9800321,cypermethrine,52315-07-8,Insecticide,N Organique,,0.003
2016,35590,Non,9800343,clomazone,81777-89-1,Herbicide,N Organique,,0.3
2016,35590,Non,9800343,dimethachlore,50563-36-5,Herbicide,N Organique,,2.5
2016,35590,Non,9800344,fludioxonil,131341-86-1,Fongicide,N Organique,,0.0285
2016,35590,Non,9800344,metalaxyl-m,70630-17-0,Fongicide,Autre,,0.011058
2016,35590,Non,9800384,propiconazole,60207-90-1,Fongicide,N Organique,,0.25
2016,35590,Non,9800453,cyproconazole,94361-06-5,Fongicide,"T, T+, CMR",,2.0
2016,35590,Non,9800453,prochloraze,67747-09-5,Fongicide,N Organique,,7.5
2016,35590,Non,9800481,fleur de chaux (chaux eteinte),1305-62-0,SA non phyto - Divers,Autre,,27.3
2016,35590,Non,9900014,cypermethrine,52315-07-8,Insecticide,N Organique,,0.045
2016,35590,Non,9900047,mesotrione,104206-82-8,Herbicide,N Organique,,11.5
2016,35590,Non,9900200,glyphosate,1071-83-6,Herbicide,N Organique,,3.6
2016,35590,Non,9900257,cuivre du sulfate de cuivre,8011-63-0,Fongicide,N minéral,,6.8
2016,35590,Non,9900269,glyphosate,1071-83-6,Herbicide,N Organique,,9.6
2016,35590,Non,9900331,chlorothalonil,1897-45-6,Fongicide,"T, T+, CMR",,0.5
2016,35590,Non,9900331,metalaxyl-m,70630-17-0,Fongicide,Autre,,0.0363
2016,35590,Non,9900412,fluroxypyr,69377-81-7,Herbicide,N Organique,,1.2
2016,35630,Non,2000205,propoxycarbazone sodium,181274-15-7,Herbicide,N Organique,,0.21
2016,35630,Non,2000299,clomazone,81777-89-1,Herbicide,N Organique,,5.40
2016,35630,Non,2000301,foramsulfuron,173159-57-4,Herbicide,N Organique,,1.6875
2016,35630,Non,2000301,isoxadifen-ethyl,163520-33-0,Autre usage – Coformulant / Phytoprotecteur / Synergiste,N Organique,,1.6875
2016,35630,Non,2000380,clethodime,99129-21-2,Herbicide,N Organique,,2.16
2016,35630,Non,2010019,quizalofop-p-ethyl,100646-51-3,Herbicide,N Organique,,0.25
2016,35630,Non,2010023,deltamethrine,52918-63-5,Insecticide,"T, T+, CMR",,0.150
2016,35630,Non,2010030,mepiquat-chlorure,24307-26-4,Régulateur de croissance,N Organique,,7.5
2016,35630,Non,2010030,prohexadione-calcium,127277-53-6,Régulateur de croissance,N Organique,,1.25
2016,35630,Non,2010239,florasulame,145701-23-1,Herbicide,N Organique,,0.059
2016,35630,Non,2010239,fluroxypyr,69377-81-7,Herbicide,N Organique,,5.9
2016,35630,Non,2010280,metconazole,125116-23-6,Fongicide,"T, T+, CMR",,7.2
2016,35630,Non,2010351,iodosulfuron-methyl-sodium,144550-36-7,Herbicide,N Organique,,0.18
2016,35630,Non,2010351,mefenpyr-diethyl,135590-91-9,Autre usage – Coformulant / Phytoprotecteur / Synergiste,Autre,,0.54
2016,35630,Non,2010351,mesosulfuron-methyl,208465-21-8,Herbicide,N Organique,,0.18
2016,35630,Non,2010415,glyphosate,1071-83-6,Herbicide,N Organique,,27
2016,35630,Non,2010419,iodosulfuron-methyl-sodium,144550-36-7,Herbicide,N Organique,,0.1188
2016,35630,Non,2010419,mefenpyr-diethyl,135590-91-9,Autre usage – Coformulant / Phytoprotecteur / Synergiste,Autre,,1.782
2016,35630,Non,2010419,mesosulfuron-methyl,208465-21-8,Herbicide,N Organique,,0.594
2016,35630,Non,2010425,metsulfuron-methyl,74223-64-6,Herbicide,N Organique,,0.16
2016,35630,Non,2010499,prochloraze,67747-09-5,Fongicide,N Organique,,2.25
2016,35630,Non,2010525,metribuzine,21087-64-9,Herbicide,N Organique,,7
2016,35630,Non,2010612,glyphosate,1071-83-6,Herbicide,N Organique,,21.6
2016,35630,Non,2020049,iodosulfuron-methyl-sodium,144550-36-7,Herbicide,N Organique,,0.0864
2016,35630,Non,2020049,mefenpyr-diethyl,135590-91-9,Autre usage – Coformulant / Phytoprotecteur / Synergiste,Autre,,1.296
2016,35630,Non,2020049,mesosulfuron-methyl,208465-21-8,Herbicide,N Organique,,0.432
2016,35630,Non,2020065,metribuzine,21087-64-9,Herbicide,N Organique,,0.042
2016,35630,Non,2020224,iodosulfuron-methyl-sodium,144550-36-7,Herbicide,N Organique,,0.09
2016,35630,Non,2020224,mefenpyr-diethyl,135590-91-9,Autre usage – Coformulant / Phytoprotecteur / Synergiste,Autre,,0.27
2016,35630,Non,2020224,mesosulfuron-methyl,208465-21-8,Herbicide,N Organique,,0.09
2016,35630,Non,2020456,florasulame,145701-23-1,Herbicide,N Organique,,0.005
2016,35630,Non,2020456,fluroxypyr,69377-81-7,Herbicide,N Organique,,0.5
2016,35630,Non,2020474,metazachlore,67129-08-2,Herbicide,"T, T+, CMR",,2.5
2016,35630,Non,2030174,rimsulfuron,122931-48-0,Herbicide,N Organique,,0.15
2016,35630,Non,2030255,tebuconazole,107534-96-3,Fongicide,"T, T+, CMR",,22.50
2016,35630,Non,2030323,fludioxonil,131341-86-1,Fongicide,N Organique,,0.11875
2016,35630,Non,2030332,"2,4-d",94-75-7,Herbicide,N Organique,,0.18
2016,35630,Non,2030332,dichlorprop-p,15165-67-0,Herbicide,Autre,,0.09
2016,35630,Non,2050075,boscalid,188425-85-6,Fongicide,N Organique,,8.75
2016,35630,Non,2050146,diflufenicanil,83164-33-4,Herbicide,N Organique,,0.064
2016,35630,Non,2050146,glyphosate,1071-83-6,Herbicide,N Organique,,0.4
2016,35630,Non,2060051,metrafenone,220899-03-6,Fongicide,N Organique,,3
2016,35630,Non,2060088,benoxacor,98730-04-2,Autre usage – Coformulant / Phytoprotecteur / Synergiste,Autre,,16.9
2016,35630,Non,2060088,mesotrione,104206-82-8,Herbicide,N Organique,,33.8
2016,35630,Non,2060088,s-metolachlore,87392-12-9,Herbicide,N Organique,,338
2016,35630,Non,2060098,spinosad,168316-95-8,Insecticide,N Organique,,0.48
2016,35630,Non,2060116,prothioconazole,178928-70-6,Fongicide,"T, T+, CMR",,1.25
2016,35630,Non,2060127,prothioconazole,178928-70-6,Fongicide,"T, T+, CMR",,0.008
2016,35630,Non,2060131,"2,4-d",94-75-7,Herbicide,N Organique,,0.186
2016,35630,Non,2060131,triclopyr,55335-06-3,Herbicide,N Organique,,0.2072
2016,35630,Non,2060194,tefluthrine,79538-32-2,Insecticide,"T, T+, CMR",,19.54185
2016,35630,Non,2080018,acetamipride,135410-20-7,Insecticide,N Organique,,0.001
2016,35630,Non,2080026,nicosulfuron,111991-09-4,Herbicide,N Organique,,1.86
2016,35630,Non,2080054,acetamipride,135410-20-7,Insecticide,N Organique,,0.000045
2016,35630,Non,2080094,florasulame,145701-23-1,Herbicide,N Organique,,0.36
2016,35630,Non,2080094,isoxaben,82558-50-7,Herbicide,N Organique,,5.49
2016,35630,Non,2080098,mandipropamide,374726-62-2,Fongicide,N Organique,,35.00
2016,35630,Non,2080103,thiophanate-methyl,23564-05-8,Fongicide,"T, T+, CMR",,7.5
2016,35630,Non,2080112,thirame,137-26-8,Fongicide,N Organique,,0.7056
2016,35630,Non,2080114,cymoxanil,57966-95-7,Fongicide,"T, T+, CMR",,18.5
2016,35630,Non,2080114,propamocarbe,24579-73-5,Fongicide,Autre,,148
2016,35630,Non,2080117,prosulfuron,94125-34-5,Herbicide,N Organique,,15.930
2016,35630,Non,2080123,metsulfuron-methyl,74223-64-6,Herbicide,N Organique,,8.636
2016,35630,Non,2080125,metsulfuron-methyl,74223-64-6,Herbicide,N Organique,,0.04
2016,35630,Non,2080145,diflufenicanil,83164-33-4,Herbicide,N Organique,,14
2016,35630,Non,2080145,flufenacet,142459-58-3,Herbicide,N Organique,,28
2016,35630,Non,2090016,imazamox,114311-32-9,Herbicide,N Organique,,0.501
2016,35630,Non,2090016,pendimethaline,40487-42-1,Herbicide,N Organique,,7.5
2016,35630,Non,2090017,fluazinam,79622-59-6,Fongicide,"T, T+, CMR",,10
2016,35630,Non,2090024,sulcotrione,99105-77-8,Herbicide,"T, T+, CMR",,7.5
2016,35630,Non,2090028,metamitrone,41394-05-2,Herbicide,N Organique,,7
2016,35630,Non,2090037,dicamba,1918-00-9,Herbicide,N Organique,,18.2
2016,35630,Non,2090037,prosulfuron,94125-34-5,Herbicide,N Organique,,1.82
2016,35630,Non,2090041,cloquintocet-mexyl,99607-70-2,Autre usage – Coformulant / Phytoprotecteur / Synergiste,Autre,,0.150
2016,35630,Non,2090041,pyroxsulame,422556-08-9,Herbicide,"T, T+, CMR",,0.150
2016,35630,Non,2090042,cloquintocet-mexyl,99607-70-2,Autre usage – Coformulant / Phytoprotecteur / Synergiste,Autre,,0.037565
2016,35630,Non,2090042,florasulame,145701-23-1,Herbicide,N Organique,,0.01254
2016,35630,Non,2090042,pyroxsulame,422556-08-9,Herbicide,"T, T+, CMR",,0.037565
2016,35630,Non,2090044,glyphosate,1071-83-6,Herbicide,N Organique,,0.11355
2016,35630,Non,2090050,cypermethrine,52315-07-8,Insecticide,N Organique,,0.866
2016,35630,Non,2090053,bromoxynil octanoate,1689-99-2,Herbicide,"T, T+, CMR",,1.31
2016,35630,Non,2090053,isoxadifen-ethyl,163520-33-0,Autre usage – Coformulant / Phytoprotecteur / Synergiste,N Organique,,0.125
2016,35630,Non,2090053,tembotrione,335104-84-2,Herbicide,"T, T+, CMR",,0.25
2016,35630,Non,2090057,metsulfuron-methyl,74223-64-6,Herbicide,N Organique,,0.54945
2016,35630,Non,2090057,tribenuron-methyle,101200-48-0,Herbicide,N Organique,,1.0989
2016,35630,Non,2090068,mepiquat-chlorure,24307-26-4,Régulateur de croissance,N Organique,,1.05
2016,35630,Non,2090068,metconazole,125116-23-6,Fongicide,"T, T+, CMR",,0.15
2016,35630,Non,2090071,bromoxynil,1689-84-5,Herbicide,"T, T+, CMR",,47.00
2016,35630,Non,2090092,epoxiconazole,133855-98-8,Fongicide,"T, T+, CMR",,5.994375
2016,35630,Non,2090092,metconazole,125116-23-6,Fongicide,"T, T+, CMR",,4.395875
2016,35630,Non,2090113,dimethenamide-p (dmta-p),163515-14-8,Herbicide,N Organique,,78.625
2016,35630,Non,2090113,pendimethaline,40487-42-1,Herbicide,N Organique,,92.5
2016,35630,Non,2090136,fluopicolide,239110-15-7,Fongicide,N Organique,,12.500
2016,35630,Non,2090136,propamocarbe,24579-73-5,Fongicide,Autre,,125.00
2016,35630,Non,2090146,abamectine,71751-41-2,Insecticide,"T, T+, CMR",,0.000015
2016,35630,Non,2090146,pyrethrines,8003-34-7,Insecticide,N Organique,,0.0002
2016,35630,Non,2090153,dicamba,1918-00-9,Herbicide,N Organique,,8.4
2016,35630,Non,2090153,tritosulfuron,142469-14-5,Herbicide,N Organique,,1.75
2016,35630,Non,2090159,tritosulfuron,142469-14-5,Herbicide,N Organique,,0.7497
2016,35630,Non,2090160,glyphosate,1071-83-6,Herbicide,N Organique,,115.2
2016,35630,Non,2090164,glyphosate,1071-83-6,Herbicide,N Organique,,0.36
2016,35630,Non,2090173,epoxiconazole,133855-98-8,Fongicide,"T, T+, CMR",,4.375
2016,35630,Non,2090173,fenpropimorphe,67564-91-4,Fongicide,"T, T+, CMR",,14
2016,35630,Non,2090173,metrafenone,220899-03-6,Fongicide,N Organique,,5.25
2016,35630,Non,2090186,prosulfocarbe,52888-80-9,Herbicide,N Organique,,424
2016,35630,Non,2100009,thifensulfuron-methyle,79277-27-3,Herbicide,N Organique,,0.7992
2016,35630,Non,2100009,tribenuron-methyle,101200-48-0,Herbicide,N Organique,,0.4008
2016,35630,Non,2100014,metsulfuron-methyl,74223-64-6,Herbicide,N Organique,,0.201
2016,35630,Non,2100014,thifensulfuron-methyle,79277-27-3,Herbicide,N Organique,,0.999
2016,35630,Non,2100015,thifensulfuron-methyle,79277-27-3,Herbicide,N Organique,,0.180
2016,35630,Non,2100026,cypermethrine,52315-07-8,Insecticide,N Organique,,8
2016,35630,Non,2100028,fluroxypyr,69377-81-7,Herbicide,N Organique,,13
2016,35630,Non,2100030,phosphate ferrique,10045-86-0,Molluscicide,Autre,,2.376
2016,35630,Non,2100037,boscalid,188425-85-6,Fongicide,N Organique,,1
2016,35630,Non,2100037,dimoxystrobine,149961-52-4,Fongicide,"T, T+, CMR",,1
2016,35630,Non,2100052,cyprodinil,121552-61-2,Fongicide,N Organique,,16.5
2016,35630,Non,2100056,prothioconazole,178928-70-6,Fongicide,"T, T+, CMR",,3.2
2016,35630,Non,2100056,spiroxamine,118134-30-8,Fongicide,N Organique,,6.0
2016,35630,Non,2100057,prothioconazole,178928-70-6,Fongicide,"T, T+, CMR",,13.125
2016,35630,Non,2100057,trifloxystrobine,141517-21-7,Fongicide,N Organique,,6.6
2016,35630,Non,2100108,prothioconazole,178928-70-6,Fongicide,"T, T+, CMR",,10.625
2016,35630,Non,2100108,tebuconazole,107534-96-3,Fongicide,"T, T+, CMR",,10.625
2016,35630,Non,2100111,mesotrione,104206-82-8,Herbicide,N Organique,,17.250
2016,35630,Non,2100111,nicosulfuron,111991-09-4,Herbicide,N Organique,,6.90
2016,35630,Non,2100112,ethephon,16672-87-0,Régulateur de croissance,"T, T+, CMR",,31.2
2016,35630,Non,2100122,chlorantraniliprole,500008-45-7,Insecticide,N Organique,,0.21
2016,35630,Non,2100138,cloquintocet-mexyl,99607-70-2,Autre usage – Coformulant / Phytoprotecteur / Synergiste,Autre,,1.25025
2016,35630,Non,2100138,pinoxaden,243973-20-8,Herbicide,"T, T+, CMR",,5.001
2016,35630,Non,2100140,clodinafop-propargyl,105512-06-9,Herbicide,N Organique,,3.125
2016,35630,Non,2100140,cloquintocet-mexyl,99607-70-2,Autre usage – Coformulant / Phytoprotecteur / Synergiste,Autre,,0.78125
2016,35630,Non,2100140,pinoxaden,243973-20-8,Herbicide,"T, T+, CMR",,3.125
2016,35630,Non,2100154,chlorpyriphos-ethyl,2921-88-2,Insecticide,"T, T+, CMR",,5
2016,35630,Non,2100154,cypermethrine,52315-07-8,Insecticide,N Organique,,0.5
2016,35630,Non,2100164,fluroxypyr,69377-81-7,Herbicide,N Organique,,1
2016,35630,Non,2100165,acetamipride,135410-20-7,Insecticide,N Organique,,0.0006
2016,35630,Non,2100165,triticonazole,131983-72-7,Fongicide,N Organique,,0.0018
2016,35630,Non,2100179,azoxystrobine,131860-33-8,Fongicide,"T, T+, CMR",,3.2
2016,35630,Non,2100179,chlorothalonil,1897-45-6,Fongicide,"T, T+, CMR",,16
2016,35630,Non,2100182,epoxiconazole,133855-98-8,Fongicide,"T, T+, CMR",,0.83
2016,35630,Non,2100184,picolinafen,137641-05-5,Herbicide,N Organique,,1.334
2016,35630,Non,2100184,tritosulfuron,142469-14-5,Herbicide,N Organique,,1.334
2016,35630,Non,2100211,prothioconazole,178928-70-6,Fongicide,"T, T+, CMR",,6.25
2016,35630,Non,2100211,tebuconazole,107534-96-3,Fongicide,"T, T+, CMR",,6.25
2016,35630,Non,2100227,propaquizafop,111479-05-1,Herbicide,N Organique,,1.5
2016,35630,Non,2100234,diflufenicanil,83164-33-4,Herbicide,N Organique,,13.8
2016,35630,Non,2100234,iodosulfuron-methyl-sodium,144550-36-7,Herbicide,N Organique,,0.8625
2016,35630,Non,2100234,mefenpyr-diethyl,135590-91-9,Autre usage – Coformulant / Phytoprotecteur / Synergiste,Autre,,3.105
2016,35630,Non,2100234,mesosulfuron-methyl,208465-21-8,Herbicide,N Organique,,1.035
2016,35630,Non,2100245,prothioconazole,178928-70-6,Fongicide,"T, T+, CMR",,4.375
2016,35630,Non,2100245,tebuconazole,107534-96-3,Fongicide,"T, T+, CMR",,4.375
2016,35630,Non,2110012,cyazofamide,120116-88-3,Fongicide,N Organique,,24.0
2016,35630,Non,2110013,bromoxynil,1689-84-5,Herbicide,"T, T+, CMR",,5.6224
2016,35630,Non,2110018,difenoconazole,119446-68-3,Fongicide,N Organique,,0.0165
2016,35630,Non,2110018,fludioxonil,131341-86-1,Fongicide,N Organique,,0.0165
2016,35630,Non,2110072,thifensulfuron-methyle,79277-27-3,Herbicide,N Organique,,0.1
2016,35630,Non,2110072,tribenuron-methyle,101200-48-0,Herbicide,N Organique,,0.05
2016,35630,Non,2110077,cloquintocet-mexyl,99607-70-2,Autre usage – Coformulant / Phytoprotecteur / Synergiste,Autre,,0.345
2016,35630,Non,2110077,fenoxaprop-p-ethyl,71283-80-2,Herbicide,N Organique,,0.69
2016,35630,Non,2110102,difenoconazole,119446-68-3,Fongicide,N Organique,,0.13975
2016,35630,Non,2110102,fludioxonil,131341-86-1,Fongicide,N Organique,,0.13975
2016,35630,Non,2110102,sedaxane,874967-67-6,Fongicide,N Organique,,0.2795
2016,35630,Non,2110103,tribenuron-methyle,101200-48-0,Herbicide,N Organique,,0.75
2016,35630,Non,2110104,clopyralid (sous forme de sel de monoethanolamine),57754-85-5,Herbicide,Autre,,3.12
2016,35630,Non,2110104,florasulame,145701-23-1,Herbicide,N Organique,,0.0975
2016,35630,Non,2110104,fluroxypyr,69377-81-7,Herbicide,N Organique,,3.9
2016,35630,Non,2110105,azoxystrobine,131860-33-8,Fongicide,"T, T+, CMR",,1.25
2016,35630,Non,2110121,thiaclopride,111988-49-9,Insecticide,"T, T+, CMR",,2.688
2016,35630,Non,2110152,cypermethrine,52315-07-8,Insecticide,N Organique,,0.56
2016,35630,Non,2110162,azoxystrobine,131860-33-8,Fongicide,"T, T+, CMR",,1.25
2016,35630,Non,2110170,epoxiconazole,133855-98-8,Fongicide,"T, T+, CMR",,0.3125
2016,35630,Non,2110170,fluxapyroxad,907204-31-3,Fongicide,"T, T+, CMR",,0.3125
2016,35630,Non,2110177,chlorothalonil,1897-45-6,Fongicide,"T, T+, CMR",,226.875
2016,35630,Non,2110177,cyproconazole,94361-06-5,Fongicide,"T, T+, CMR",,30.25
2016,35630,Non,2110177,propiconazole,60207-90-1,Fongicide,N Organique,,37.8125
2016,35630,Non,2110178,bixafen,581809-46-3,Fongicide,N Organique,,4.128
2016,35630,Non,2110178,prothioconazole,178928-70-6,Fongicide,"T, T+, CMR",,8.256
2016,35630,Non,2110194,boscalid,188425-85-6,Fongicide,N Organique,,4.2
2016,35630,Non,2110194,epoxiconazole,133855-98-8,Fongicide,"T, T+, CMR",,1.5
2016,35630,Non,2110198,glyphosate,1071-83-6,Herbicide,N Organique,,93.6
2016,35630,Non,2120034,glyphosate,1071-83-6,Herbicide,N Organique,,192.0
2016,35630,Non,2120048,aminopyralid,150114-71-9,Herbicide,N Organique,,2.01
2016,35630,Non,2120048,triclopyr,55335-06-3,Herbicide,N Organique,,16.08
2016,35630,Non,2120066,dichlorprop-p,15165-67-0,Herbicide,Autre,,108
2016,35630,Non,2120066,picolinafen,137641-05-5,Herbicide,N Organique,,3.6
2016,35630,Non,2120067,cymoxanil,57966-95-7,Fongicide,"T, T+, CMR",,11.25
2016,35630,Non,2120070,prothioconazole,178928-70-6,Fongicide,"T, T+, CMR",,40.8
2016,35630,Non,2120070,tebuconazole,107534-96-3,Fongicide,"T, T+, CMR",,20.4
2016,35630,Non,2120075,dimethenamide-p (dmta-p),163515-14-8,Herbicide,N Organique,,2
2016,35630,Non,2120075,metazachlore,67129-08-2,Herbicide,"T, T+, CMR",,2
2016,35630,Non,2120075,quinmerac,90717-03-6,Herbicide,N Organique,,1
2016,35630,Non,2120093,epoxiconazole,133855-98-8,Fongicide,"T, T+, CMR",,0.625
2016,35630,Non,2120122,bixafen,581809-46-3,Fongicide,N Organique,,0.37575
2016,35630,Non,2120122,prothioconazole,178928-70-6,Fongicide,"T, T+, CMR",,0.7515
2016,35630,Non,2120153,propyzamide,23950-58-5,Herbicide,"T, T+, CMR",,8
2016,35630,Non,2120160,bentazone,25057-89-0,Herbicide,N Organique,,2.4
2016,35630,Non,2120194,metsulfuron-methyl,74223-64-6,Herbicide,N Organique,,0.20
2016,35630,Non,2120205,epoxiconazole,133855-98-8,Fongicide,"T, T+, CMR",,25.792
2016,35630,Non,2120205,fluxapyroxad,907204-31-3,Fongicide,"T, T+, CMR",,25.792
2016,35630,Non,2120205,pyraclostrobine,175013-18-0,Fongicide,"T, T+, CMR",,41.292
2016,35630,Non,2120210,dicamba,1918-00-9,Herbicide,N Organique,,12.0
2016,35630,Non,2130063,nicosulfuron,111991-09-4,Herbicide,N Organique,,0.4
2016,35630,Non,2130068,diflufenicanil,83164-33-4,Herbicide,N Organique,,7.5
2016,35630,Non,2130084,metaldehyde,108-62-3,Molluscicide,Autre,,2.4
2016,35630,Non,2130164,foramsulfuron,173159-57-4,Herbicide,N Organique,,1.65
2016,35630,Non,2130164,thiencarbazone-methyl,317815-83-1,Herbicide,"T, T+, CMR",,0.55
2016,35630,Non,2130190,desmediphame,13684-56-5,Herbicide,N Organique,,0.235
2016,35630,Non,2130190,ethofumesate,26225-79-6,Herbicide,N Organique,,0.375
2016,35630,Non,2130190,lenacile,2164-08-1,Herbicide,"T, T+, CMR",,0.135
2016,35630,Non,2130190,phenmediphame,13684-63-4,Herbicide,N Organique,,0.3
2016,35630,Non,2130196,chlorothalonil,1897-45-6,Fongicide,"T, T+, CMR",,18.75
2016,35630,Non,2130196,cyproconazole,94361-06-5,Fongicide,"T, T+, CMR",,2.5
2016,35630,Non,2130196,propiconazole,60207-90-1,Fongicide,N Organique,,3.125
2016,35630,Non,2130247,trinexapac-ethyl,95266-40-3,Régulateur de croissance,N Organique,,1.25
2016,35630,Non,2130249,pendimethaline,40487-42-1,Herbicide,N Organique,,4
2016,35630,Non,2140002,florasulame,145701-23-1,Herbicide,N Organique,,0.21
2016,35630,Non,2140007,iodosulfuron-methyl-sodium,144550-36-7,Herbicide,N Organique,,0.012
2016,35630,Non,2140007,mesosulfuron-methyl,208465-21-8,Herbicide,N Organique,,0.06
2016,35630,Non,2140034,mesotrione,104206-82-8,Herbicide,N Organique,,1
2016,35630,Non,2140039,imidaclopride,138261-41-3,Insecticide,N Organique,,3.9375
2016,35630,Non,2140039,prothioconazole,178928-70-6,Fongicide,"T, T+, CMR",,0.5625
2016,35630,Non,2140063,chlorprophame,101-21-3,Herbicide,"T, T+, CMR",,7.8
2016,35630,Non,2140082,trinexapac-ethyl,95266-40-3,Régulateur de croissance,N Organique,,1.750
2016,35630,Non,2140098,aminopyralid,150114-71-9,Herbicide,N Organique,,0.1054
2016,35630,Non,2140098,propyzamide,23950-58-5,Herbicide,"T, T+, CMR",,10
2016,35630,Non,2140110,dimethenamide-p (dmta-p),163515-14-8,Herbicide,N Organique,,2
2016,35630,Non,2140110,metazachlore,67129-08-2,Herbicide,"T, T+, CMR",,2
2016,35630,Non,2140110,quinmerac,90717-03-6,Herbicide,N Organique,,1
2016,35630,Non,2140132,diflufenicanil,83164-33-4,Herbicide,N Organique,,7.5
2016,35630,Non,2140148,dicamba,1918-00-9,Herbicide,N Organique,,4.32
2016,35630,Non,2140156,"2,4-mcpa",94-74-6,Herbicide,N Organique,,1.3335
2016,35630,Non,2140156,clopyralid,1702-17-6,Herbicide,Autre,,0.1165
2016,35630,Non,2140156,fluroxypyr,69377-81-7,Herbicide,N Organique,,0.3
2016,35630,Non,2140173,fluxapyroxad,907204-31-3,Fongicide,"T, T+, CMR",,15.62625
2016,35630,Non,2140173,metconazole,125116-23-6,Fongicide,"T, T+, CMR",,11.2509
2016,35630,Non,2140256,chlorpyriphos-methyl,5598-13-0,Insecticide,N Organique,,0.6750
2016,35630,Non,2140257,iodosulfuron-methyl-sodium,144550-36-7,Herbicide,N Organique,,0.1
2016,35630,Non,2140257,mefenpyr-diethyl,135590-91-9,Autre usage – Coformulant / Phytoprotecteur / Synergiste,Autre,,1.5
2016,35630,Non,2140257,mesosulfuron-methyl,208465-21-8,Herbicide,N Organique,,0.5
2016,35630,Non,2140258,iodosulfuron-methyl-sodium,144550-36-7,Herbicide,N Organique,,0.2625
2016,35630,Non,2140258,mesosulfuron-methyl,208465-21-8,Herbicide,N Organique,,0.2625
2016,35630,Non,2140266,epoxiconazole,133855-98-8,Fongicide,"T, T+, CMR",,4.62
2016,35630,Non,2140266,fluxapyroxad,907204-31-3,Fongicide,"T, T+, CMR",,4.62
2016,35630,Non,2140266,pyraclostrobine,175013-18-0,Fongicide,"T, T+, CMR",,7.48
2016,35630,Non,2140267,epoxiconazole,133855-98-8,Fongicide,"T, T+, CMR",,0.84
2016,35630,Non,2140267,fluxapyroxad,907204-31-3,Fongicide,"T, T+, CMR",,0.84
2016,35630,Non,2140267,pyraclostrobine,175013-18-0,Fongicide,"T, T+, CMR",,1.36
2016,35630,Non,2140273,chlorothalonil,1897-45-6,Fongicide,"T, T+, CMR",,10
2016,35630,Non,2150084,mesotrione,104206-82-8,Herbicide,N Organique,,1
2016,35630,Non,2150125,diflufenicanil,83164-33-4,Herbicide,N Organique,,0.4
2016,35630,Non,2150280,imidaclopride,138261-41-3,Insecticide,N Organique,,1.554
2016,35630,Non,2150483,lambda-cyhalothrine,91465-08-6,Insecticide,"T, T+, CMR",,5.64
2016,35630,Non,6500402,"2,4-d",94-75-7,Herbicide,N Organique,,100.8
2016,35630,Non,7400815,chlormequat chlorure,999-81-5,Régulateur de croissance,Autre,,23
2016,35630,Non,7700078,diquat,85-00-7,Herbicide,"T, T+, CMR",,36
2016,35630,Non,8200307,isoproturon,34123-59-6,Herbicide,"T, T+, CMR",,147.5
2016,35630,Non,8300243,chlorothalonil,1897-45-6,Fongicide,"T, T+, CMR",,70
2016,35630,Non,8400096,dicamba,1918-00-9,Herbicide,N Organique,,20.16
2016,35630,Non,8400255,metsulfuron-methyl,74223-64-6,Herbicide,N Organique,,0.26
2016,35630,Non,8400528,isoxaben,82558-50-7,Herbicide,N Organique,,5.750
2016,35630,Non,8400600,fluroxypyr,69377-81-7,Herbicide,N Organique,,0.6
2016,35630,Non,8600027,pencycuron,66063-05-6,Fongicide,N Organique,,34.375
2016,35630,Non,8600243,aclonifen,74070-46-5,Herbicide,"T, T+, CMR",,132
2016,35630,Non,8700002,chlortoluron,15545-48-9,Herbicide,"T, T+, CMR",,10
2016,35630,Non,8700240,diflufenicanil,83164-33-4,Herbicide,N Organique,,13.75
2016,35630,Non,8700240,isoproturon,34123-59-6,Herbicide,"T, T+, CMR",,110
2016,35630,Non,8700462,prosulfocarbe,52888-80-9,Herbicide,N Organique,,600
2016,35630,Non,8800011,carboxine,5234-68-4,Fongicide,N Organique,,0.99
2016,35630,Non,8800011,thirame,137-26-8,Fongicide,N Organique,,0.99
2016,35630,Non,8800029,phenmediphame,13684-63-4,Herbicide,N Organique,,1.59
2016,35630,Non,8800199,propaquizafop,111479-05-1,Herbicide,N Organique,,0.5
2016,35630,Non,8800395,lambda-cyhalothrine,91465-08-6,Insecticide,"T, T+, CMR",,0.075
2016,35630,Non,8800395,pyrimicarbe,23103-98-2,Insecticide,"T, T+, CMR",,1.5
2016,35630,Non,8800504,butoxyde de piperonyle,51-03-6,Autre usage – Coformulant / Phytoprotecteur / Synergiste,Autre,,0.45
2016,35630,Non,8800504,deltamethrine,52918-63-5,Insecticide,"T, T+, CMR",,0.05
2016,35630,Non,8800941,metaldehyde,108-62-3,Molluscicide,Autre,,22.176
2016,35630,Non,8900681,pendimethaline,40487-42-1,Herbicide,N Organique,,10
2016,35630,Non,9000069,ethofumesate,26225-79-6,Herbicide,N Organique,,10
2016,35630,Non,9000184,"2,4-mcpa",94-74-6,Herbicide,N Organique,,15
2016,35630,Non,9000184,clopyralid (sous forme de sel de monoethanolamine),57754-85-5,Herbicide,Autre,,1.5
2016,35630,Non,9000184,fluroxypyr,69377-81-7,Herbicide,N Organique,,3.0
2016,35630,Non,9000259,amidosulfuron,120923-37-7,Herbicide,N Organique,,1.44
2016,35630,Non,9000282,butoxyde de piperonyle,51-03-6,Autre usage – Coformulant / Phytoprotecteur / Synergiste,Autre,,1.35
2016,35630,Non,9000282,deltamethrine,52918-63-5,Insecticide,"T, T+, CMR",,0.15
2016,35630,Non,9000471,glufosinate ammonium,77182-82-2,Herbicide,"T, T+, CMR",,20.25
2016,35630,Non,9000490,cycloxydime,101205-02-1,Herbicide,"T, T+, CMR",,0.5
2016,35630,Non,9000741,tetraconazole,112281-77-3,Fongicide,N Organique,,1.25
2016,35630,Non,9000753,metaldehyde,108-62-3,Molluscicide,Autre,,1
2016,35630,Non,9000833,metazachlore,67129-08-2,Herbicide,"T, T+, CMR",,36
2016,35630,Non,9000833,quinmerac,90717-03-6,Herbicide,N Organique,,9.0
2016,35630,Non,9100034,chlormequat chlorure,999-81-5,Régulateur de croissance,Autre,,18.4
2016,35630,Non,9100046,trinexapac-ethyl,95266-40-3,Régulateur de croissance,N Organique,,23.25
2016,35630,Non,9100155,glyphosate,1071-83-6,Herbicide,N Organique,,7.2
2016,35630,Non,9100231,metaldehyde,108-62-3,Molluscicide,Autre,,0.09
2016,35630,Non,9100418,nicosulfuron,111991-09-4,Herbicide,N Organique,,18.4
2016,35630,Non,9100537,glyphosate,1071-83-6,Herbicide,N Organique,,7.2
2016,35630,Non,9200078,tebuconazole,107534-96-3,Fongicide,"T, T+, CMR",,2.5
2016,35630,Non,9200091,imidaclopride,138261-41-3,Insecticide,N Organique,,16.065
2016,35630,Non,9200461,chlormequat chlorure,999-81-5,Régulateur de croissance,Autre,,55.200
2016,35630,Non,9200461,mepiquat-chlorure,24307-26-4,Régulateur de croissance,N Organique,,18.400
2016,35630,Non,9200494,ethephon,16672-87-0,Régulateur de croissance,"T, T+, CMR",,11.4
2016,35630,Non,9200494,trinexapac-ethyl,95266-40-3,Régulateur de croissance,N Organique,,11.4
2016,35630,Non,9200548,thirame,137-26-8,Fongicide,N Organique,,0.8544
2016,35630,Non,9300309,zetacypermethrine,52315-07-8,Insecticide,"T, T+, CMR",,0.7
2016,35630,Non,9300396,chlormequat chlorure,999-81-5,Régulateur de croissance,Autre,,110.4
2016,35630,Non,9300396,chlorure de choline,67-48-1,Autre usage – Coformulant / Phytoprotecteur / Synergiste,Autre,,76.8
2016,35630,Non,9400008,triticonazole,131983-72-7,Fongicide,N Organique,,0.12
2016,35630,Non,9400067,dicamba,1918-00-9,Herbicide,N Organique,,14.0
2016,35630,Non,9400109,"2,4-d",94-75-7,Herbicide,N Organique,,3.15
2016,35630,Non,9400109,dicamba,1918-00-9,Herbicide,N Organique,,0.45
2016,35630,Non,9400134,diflufenicanil,83164-33-4,Herbicide,N Organique,,6.5
2016,35630,Non,9400134,flurtamone,96525-23-4,Herbicide,N Organique,,16.25
2016,35630,Non,9400162,glyphosate,1071-83-6,Herbicide,N Organique,,57.6
2016,35630,Non,9400367,chlorothalonil,1897-45-6,Fongicide,"T, T+, CMR",,30.0
2016,35630,Non,9400367,cyproconazole,94361-06-5,Fongicide,"T, T+, CMR",,3.2
2016,35630,Non,9500148,metirame-zinc,9006-42-2,Fongicide,N Organique,,0.08
2016,35630,Non,9500223,prochloraze,67747-09-5,Fongicide,N Organique,,6.6775
2016,35630,Non,9500223,tebuconazole,107534-96-3,Fongicide,"T, T+, CMR",,3.3125
2016,35630,Non,9500551,chlormequat chlorure,999-81-5,Régulateur de croissance,Autre,,1.15
2016,35630,Non,9500551,ethephon,16672-87-0,Régulateur de croissance,"T, T+, CMR",,0.775
2016,35630,Non,9500551,mepiquat-chlorure,24307-26-4,Régulateur de croissance,N Organique,,0.375
2016,35630,Non,9500568,cyprodinil,121552-61-2,Fongicide,N Organique,,6.75
2016,35630,Non,9500568,fludioxonil,131341-86-1,Fongicide,N Organique,,4.5
2016,35630,Non,9500581,chlormequat chlorure,999-81-5,Régulateur de croissance,Autre,,16.5
2016,35630,Non,9500581,ethephon,16672-87-0,Régulateur de croissance,"T, T+, CMR",,8.25
2016,35630,Non,9600056,flupyrsulfuron-methyl,144740-54-5,Herbicide,N Organique,,0.0333
2016,35630,Non,9600056,metsulfuron-methyl,74223-64-6,Herbicide,N Organique,,0.0167
2016,35630,Non,9600093,azoxystrobine,131860-33-8,Fongicide,"T, T+, CMR",,25.0
2016,35630,Non,9600197,carfentrazone ethyl,128639-02-1,Herbicide,N Organique,,0.52
2016,35630,Non,9600197,metsulfuron-methyl,74223-64-6,Herbicide,N Organique,,0.13
2016,35630,Non,9600229,fenpropidine,67306-00-7,Fongicide,N Organique,,18.75
2016,35630,Non,9600319,glyphosate,1071-83-6,Herbicide,N Organique,,0.288
2016,35630,Non,9600392,chlormequat chlorure,999-81-5,Régulateur de croissance,Autre,,33.12
2016,35630,Non,9600392,imazaquine,81335-37-7,Régulateur de croissance,N Organique,,0.072
2016,35630,Non,9700554,prochloraze,67747-09-5,Fongicide,N Organique,,6
2016,35630,Non,9700554,propiconazole,60207-90-1,Fongicide,N Organique,,1.35
2016,35630,Non,9700558,ethephon,16672-87-0,Régulateur de croissance,"T, T+, CMR",,12
2016,35630,Non,9800018,clomazone,81777-89-1,Herbicide,N Organique,,2.4
2016,35630,Non,9800018,dimethachlore,50563-36-5,Herbicide,N Organique,,15
2016,35630,Non,9800018,napropamide,15299-99-7,Herbicide,N Organique,,15
2016,35630,Non,9800098,metamitrone,41394-05-2,Herbicide,N Organique,,0.9
2016,35630,Non,9800126,flufenacet,142459-58-3,Herbicide,N Organique,,1.2
2016,35630,Non,9800126,metribuzine,21087-64-9,Herbicide,N Organique,,0.875
2016,35630,Non,9800182,s-metolachlore,87392-12-9,Herbicide,N Organique,,9.6
2016,35630,Non,9800236,glyphosate,1071-83-6,Herbicide,N Organique,,3.6
2016,35630,Non,9800343,clomazone,81777-89-1,Herbicide,N Organique,,1.2
2016,35630,Non,9800343,dimethachlore,50563-36-5,Herbicide,N Organique,,10
2016,35630,Non,9800344,fludioxonil,131341-86-1,Fongicide,N Organique,,0.00875
2016,35630,Non,9800344,metalaxyl-m,70630-17-0,Fongicide,Autre,,0.003395
2016,35630,Non,9800384,propiconazole,60207-90-1,Fongicide,N Organique,,0.75
2016,35630,Non,9800452,fenpropidine,67306-00-7,Fongicide,N Organique,,10
2016,35630,Non,9800452,propiconazole,60207-90-1,Fongicide,N Organique,,2.5
2016,35630,Non,9800453,cyproconazole,94361-06-5,Fongicide,"T, T+, CMR",,1.2
2016,35630,Non,9800453,prochloraze,67747-09-5,Fongicide,N Organique,,4.5
2016,35630,Non,9800477,bentazone,25057-89-0,Herbicide,N Organique,,24
2016,35630,Non,9800477,dicamba,1918-00-9,Herbicide,N Organique,,6.75
2016,35630,Non,9900016,bromoxynil octanoate,1689-99-2,Herbicide,"T, T+, CMR",,2.25
2016,35630,Non,9900047,mesotrione,104206-82-8,Herbicide,N Organique,,25.7
2016,35630,Non,9900206,picoxystrobine,117428-22-5,Fongicide,N Organique,,10.75
2016,35630,Non,9900242,mancozebe,8018-01-7,Fongicide,"T, T+, CMR",,30
2016,35630,Non,9900251,dimethenamide-p (dmta-p),163515-14-8,Herbicide,N Organique,,187.2
2016,35650,Non,2010415,glyphosate,1071-83-6,Herbicide,N Organique,,4.5
2016,35650,Non,2020003,phosphate ferrique,10045-86-0,Molluscicide,Autre,,0.099
2016,35650,Non,2040146,tefluthrine,79538-32-2,Insecticide,"T, T+, CMR",,0.046
2016,35650,Non,2060045,huile vegetale,,SA non phyto - Divers,Autre,,1.295
2016,35650,Non,2060045,resines (colophane),8050-09-7,SA non phyto - Divers,Autre,,12.58
2016,35650,Non,2060084,boscalid,188425-85-6,Fongicide,N Organique,,0.534
2016,35650,Non,2060084,pyraclostrobine,175013-18-0,Fongicide,"T, T+, CMR",,0.134
2016,35650,Non,2060129,oxyfluorfene,42874-03-3,Herbicide,"T, T+, CMR",,0.675
2016,35650,Non,2060129,pendimethaline,40487-42-1,Herbicide,N Organique,,3.45
2016,35650,Non,2060131,"2,4-d",94-75-7,Herbicide,N Organique,,0.093
2016,35650,Non,2060131,triclopyr,55335-06-3,Herbicide,N Organique,,0.1036
2016,35650,Non,2060194,tefluthrine,79538-32-2,Insecticide,"T, T+, CMR",,4.47075
2016,35650,Non,2080026,nicosulfuron,111991-09-4,Herbicide,N Organique,,1.2
2016,35650,Non,2080094,florasulame,145701-23-1,Herbicide,N Organique,,0.02
2016,35650,Non,2080094,isoxaben,82558-50-7,Herbicide,N Organique,,0.305
2016,35650,Non,2080112,thirame,137-26-8,Fongicide,N Organique,,0.6816
2016,35650,Non,2080117,prosulfuron,94125-34-5,Herbicide,N Organique,,1.05
2016,35650,Non,2080145,diflufenicanil,83164-33-4,Herbicide,N Organique,,3
2016,35650,Non,2080145,flufenacet,142459-58-3,Herbicide,N Organique,,6
2016,35650,Non,2090011,pendimethaline,40487-42-1,Herbicide,N Organique,,9.1
2016,35650,Non,2090024,sulcotrione,99105-77-8,Herbicide,"T, T+, CMR",,3
2016,35650,Non,2090037,dicamba,1918-00-9,Herbicide,N Organique,,4.6
2016,35650,Non,2090037,prosulfuron,94125-34-5,Herbicide,N Organique,,0.46
2016,35650,Non,2090041,cloquintocet-mexyl,99607-70-2,Autre usage – Coformulant / Phytoprotecteur / Synergiste,Autre,,0.0375
2016,35650,Non,2090041,pyroxsulame,422556-08-9,Herbicide,"T, T+, CMR",,0.0375
2016,35650,Non,2090057,metsulfuron-methyl,74223-64-6,Herbicide,N Organique,,0.09990
2016,35650,Non,2090057,tribenuron-methyle,101200-48-0,Herbicide,N Organique,,0.1998
2016,35650,Non,2090069,bromoxynil,1689-84-5,Herbicide,"T, T+, CMR",,2.35
2016,35650,Non,2090092,epoxiconazole,133855-98-8,Fongicide,"T, T+, CMR",,0.89925
2016,35650,Non,2090092,metconazole,125116-23-6,Fongicide,"T, T+, CMR",,0.65945
2016,35650,Non,2090118,flufenacet,142459-58-3,Herbicide,N Organique,,0.6
2016,35650,Non,2090118,pendimethaline,40487-42-1,Herbicide,N Organique,,3
2016,35650,Non,2090128,propiconazole,60207-90-1,Fongicide,N Organique,,1.56
2016,35650,Non,2090152,"2,4-mcpa",94-74-6,Herbicide,N Organique,,2.97436
2016,35650,Non,2090152,florasulame,145701-23-1,Herbicide,N Organique,,0.06148
2016,35650,Non,2090153,dicamba,1918-00-9,Herbicide,N Organique,,1.2
2016,35650,Non,2090153,tritosulfuron,142469-14-5,Herbicide,N Organique,,0.25
2016,35650,Non,2090159,tritosulfuron,142469-14-5,Herbicide,N Organique,,1.9992
2016,35650,Non,2090160,glyphosate,1071-83-6,Herbicide,N Organique,,21.6
2016,35650,Non,2090164,glyphosate,1071-83-6,Herbicide,N Organique,,0.9
2016,35650,Non,2090186,prosulfocarbe,52888-80-9,Herbicide,N Organique,,80
2016,35650,Non,2100030,phosphate ferrique,10045-86-0,Molluscicide,Autre,,1.188
2016,35650,Non,2100056,prothioconazole,178928-70-6,Fongicide,"T, T+, CMR",,0.8
2016,35650,Non,2100056,spiroxamine,118134-30-8,Fongicide,N Organique,,1.5
2016,35650,Non,2100098,glyphosate,1071-83-6,Herbicide,N Organique,,3.6
2016,35650,Non,2100102,glyphosate,1071-83-6,Herbicide,N Organique,,3.6
2016,35650,Non,2100111,mesotrione,104206-82-8,Herbicide,N Organique,,0.75
2016,35650,Non,2100111,nicosulfuron,111991-09-4,Herbicide,N Organique,,0.3
2016,35650,Non,2100112,ethephon,16672-87-0,Régulateur de croissance,"T, T+, CMR",,2.4
2016,35650,Non,2100114,cyprodinil,121552-61-2,Fongicide,N Organique,,0.375
2016,35650,Non,2100114,fludioxonil,131341-86-1,Fongicide,N Organique,,0.25
2016,35650,Non,2100121,chlorantraniliprole,500008-45-7,Insecticide,N Organique,,0.6
2016,35650,Non,2100211,prothioconazole,178928-70-6,Fongicide,"T, T+, CMR",,1.25
2016,35650,Non,2100211,tebuconazole,107534-96-3,Fongicide,"T, T+, CMR",,1.25
2016,35650,Non,2100234,diflufenicanil,83164-33-4,Herbicide,N Organique,,1.2
2016,35650,Non,2100234,iodosulfuron-methyl-sodium,144550-36-7,Herbicide,N Organique,,0.075
2016,35650,Non,2100234,mefenpyr-diethyl,135590-91-9,Autre usage – Coformulant / Phytoprotecteur / Synergiste,Autre,,0.27
2016,35650,Non,2100234,mesosulfuron-methyl,208465-21-8,Herbicide,N Organique,,0.09
2016,35650,Non,2110018,difenoconazole,119446-68-3,Fongicide,N Organique,,0.09875
2016,35650,Non,2110018,fludioxonil,131341-86-1,Fongicide,N Organique,,0.09875
2016,35650,Non,2110121,thiaclopride,111988-49-9,Insecticide,"T, T+, CMR",,0.752
2016,35650,Non,2110177,chlorothalonil,1897-45-6,Fongicide,"T, T+, CMR",,15.0
2016,35650,Non,2110177,cyproconazole,94361-06-5,Fongicide,"T, T+, CMR",,2
2016,35650,Non,2110177,propiconazole,60207-90-1,Fongicide,N Organique,,2.50
2016,35650,Non,2110181,bixafen,581809-46-3,Fongicide,N Organique,,1.125
2016,35650,Non,2110181,prothioconazole,178928-70-6,Fongicide,"T, T+, CMR",,1.5
2016,35650,Non,2110181,tebuconazole,107534-96-3,Fongicide,"T, T+, CMR",,1.5
2016,35650,Non,2120008,glyphosate,1071-83-6,Herbicide,N Organique,,3.96
2016,35650,Non,2120018,glyphosate,1071-83-6,Herbicide,N Organique,,0.384
2016,35650,Non,2120034,glyphosate,1071-83-6,Herbicide,N Organique,,9.6
2016,35650,Non,2120048,aminopyralid,150114-71-9,Herbicide,N Organique,,0.30
2016,35650,Non,2120048,triclopyr,55335-06-3,Herbicide,N Organique,,2.40
2016,35650,Non,2120118,"2,4-d",94-75-7,Herbicide,N Organique,,0.116
2016,35650,Non,2120118,triclopyr,55335-06-3,Herbicide,N Organique,,0.1294
2016,35650,Non,2120205,epoxiconazole,133855-98-8,Fongicide,"T, T+, CMR",,0.832
2016,35650,Non,2120205,fluxapyroxad,907204-31-3,Fongicide,"T, T+, CMR",,0.832
2016,35650,Non,2120205,pyraclostrobine,175013-18-0,Fongicide,"T, T+, CMR",,1.332
2016,35650,Non,2120210,dicamba,1918-00-9,Herbicide,N Organique,,2.4
2016,35650,Non,2130063,nicosulfuron,111991-09-4,Herbicide,N Organique,,0.4
2016,35650,Non,2130068,diflufenicanil,83164-33-4,Herbicide,N Organique,,5
2016,35650,Non,2130075,metaldehyde,108-62-3,Molluscicide,Autre,,0.8
2016,35650,Non,2130243,cyprodinil,121552-61-2,Fongicide,N Organique,,1.5
2016,35650,Non,2140082,trinexapac-ethyl,95266-40-3,Régulateur de croissance,N Organique,,0.875
2016,35650,Non,2140173,fluxapyroxad,907204-31-3,Fongicide,"T, T+, CMR",,1.875
2016,35650,Non,2140173,metconazole,125116-23-6,Fongicide,"T, T+, CMR",,1.35
2016,35650,Non,2140258,iodosulfuron-methyl-sodium,144550-36-7,Herbicide,N Organique,,0.0375
2016,35650,Non,2140258,mesosulfuron-methyl,208465-21-8,Herbicide,N Organique,,0.0375
2016,35650,Non,7300221,chlortoluron,15545-48-9,Herbicide,"T, T+, CMR",,15
2016,35650,Non,8100283,linuron,330-55-2,Herbicide,"T, T+, CMR",,2.25
2016,35650,Non,8300243,chlorothalonil,1897-45-6,Fongicide,"T, T+, CMR",,30
2016,35650,Non,8400528,isoxaben,82558-50-7,Herbicide,N Organique,,0.375
2016,35650,Non,8400574,propyzamide,23950-58-5,Herbicide,"T, T+, CMR",,2
2016,35650,Non,8700462,prosulfocarbe,52888-80-9,Herbicide,N Organique,,16
2016,35650,Non,8700702,mancozebe,8018-01-7,Fongicide,"T, T+, CMR",,30
2016,35650,Non,8900681,pendimethaline,40487-42-1,Herbicide,N Organique,,2
2016,35650,Non,9100418,nicosulfuron,111991-09-4,Herbicide,N Organique,,1.2
2016,35650,Non,9200091,imidaclopride,138261-41-3,Insecticide,N Organique,,0.7
2016,35650,Non,9200262,iprodione,36734-19-7,Fongicide,"T, T+, CMR",,2.0
2016,35650,Non,9200392,"2,4-mcpa",94-74-6,Herbicide,N Organique,,6
2016,35650,Non,9200392,clopyralid (sous forme de sel de monoethanolamine),57754-85-5,Herbicide,Autre,,0.6
2016,35650,Non,9200392,fluroxypyr,69377-81-7,Herbicide,N Organique,,1.2
2016,35650,Non,9200494,ethephon,16672-87-0,Régulateur de croissance,"T, T+, CMR",,0.6
2016,35650,Non,9200494,trinexapac-ethyl,95266-40-3,Régulateur de croissance,N Organique,,0.6
2016,35650,Non,9200512,glyphosate,1071-83-6,Herbicide,N Organique,,0.9
2016,35650,Non,9200548,thirame,137-26-8,Fongicide,N Organique,,0.072
2016,35650,Non,9300189,fluroxypyr,69377-81-7,Herbicide,N Organique,,0.1
2016,35650,Non,9300189,triclopyr,55335-06-3,Herbicide,N Organique,,0.3
2016,35650,Non,9300396,chlormequat chlorure,999-81-5,Régulateur de croissance,Autre,,27.6
2016,35650,Non,9300396,chlorure de choline,67-48-1,Autre usage – Coformulant / Phytoprotecteur / Synergiste,Autre,,19.2
2016,35650,Non,9400109,"2,4-d",94-75-7,Herbicide,N Organique,,4.55
2016,35650,Non,9400109,dicamba,1918-00-9,Herbicide,N Organique,,0.65
2016,35650,Non,9500568,cyprodinil,121552-61-2,Fongicide,N Organique,,0.75
2016,35650,Non,9500568,fludioxonil,131341-86-1,Fongicide,N Organique,,0.5
2016,35650,Non,9600103,dimethomorphe,110488-70-5,Fongicide,N Organique,,0.9
2016,35650,Non,9600103,mancozebe,8018-01-7,Fongicide,"T, T+, CMR",,6
2016,35650,Non,9600197,carfentrazone ethyl,128639-02-1,Herbicide,N Organique,,0.08
2016,35650,Non,9600197,metsulfuron-methyl,74223-64-6,Herbicide,N Organique,,0.02
2016,35650,Non,9700420,clethodime,99129-21-2,Herbicide,N Organique,,0.24
2016,35650,Non,9700521,glyphosate,1071-83-6,Herbicide,N Organique,,2.7
2016,35650,Non,9800236,glyphosate,1071-83-6,Herbicide,N Organique,,1.8
2016,35650,Non,9800336,lambda-cyhalothrine,91465-08-6,Insecticide,"T, T+, CMR",,0.2
2016,35650,Non,9800344,fludioxonil,131341-86-1,Fongicide,N Organique,,0.0105
2016,35650,Non,9800344,metalaxyl-m,70630-17-0,Fongicide,Autre,,0.004074
2016,35650,Non,9800453,cyproconazole,94361-06-5,Fongicide,"T, T+, CMR",,1.6
2016,35650,Non,9800453,prochloraze,67747-09-5,Fongicide,N Organique,,6
2016,35650,Non,9900047,mesotrione,104206-82-8,Herbicide,N Organique,,5.1
2016,35650,Non,9900138,oxyfluorfene,42874-03-3,Herbicide,"T, T+, CMR",,0.67
2016,35650,Non,9900138,propyzamide,23950-58-5,Herbicide,"T, T+, CMR",,1.785
2016,35650,Non,9900201,glyphosate,1071-83-6,Herbicide,N Organique,,3.6
2016,35650,Non,9900206,picoxystrobine,117428-22-5,Fongicide,N Organique,,3.75
2016,35650,Non,9900251,dimethenamide-p (dmta-p),163515-14-8,Herbicide,N Organique,,21.6
2016,35650,Non,9900262,flazasulfuron,104040-78-0,Herbicide,N Organique,,0.15
2016,35650,Non,9900269,glyphosate,1071-83-6,Herbicide,N Organique,,9.6
2016,35650,Non,9900412,fluroxypyr,69377-81-7,Herbicide,N Organique,,0.2
2016,35690,Non,2000201,silthiofam,175217-20-6,Fongicide,N Organique,,0.295
2016,35690,Non,2000299,clomazone,81777-89-1,Herbicide,N Organique,,3.96
2016,35690,Non,2000380,clethodime,99129-21-2,Herbicide,N Organique,,0.6
2016,35690,Non,2010035,"2,4-mcpa",94-74-6,Herbicide,N Organique,,0.08
2016,35690,Non,2010035,dichlorprop-p,15165-67-0,Herbicide,Autre,,0.04
2016,35690,Non,2010035,mecoprop-p (mcpp-p),16484-77-8,Herbicide,N Organique,,0.04
2016,35690,Non,2010239,florasulame,145701-23-1,Herbicide,N Organique,,0.044
2016,35690,Non,2010239,fluroxypyr,69377-81-7,Herbicide,N Organique,,4.4
2016,35690,Non,2010240,florasulame,145701-23-1,Herbicide,N Organique,,0.025
2016,35690,Non,2010240,fluroxypyr,69377-81-7,Herbicide,N Organique,,1
2016,35690,Non,2010280,metconazole,125116-23-6,Fongicide,"T, T+, CMR",,5.4
2016,35690,Non,2010425,metsulfuron-methyl,74223-64-6,Herbicide,N Organique,,0.02
2016,35690,Non,2010427,quizalofop-p-ethyl,100646-51-3,Herbicide,N Organique,,0.24
2016,35690,Non,2010612,glyphosate,1071-83-6,Herbicide,N Organique,,21.6
2016,35690,Non,2020049,iodosulfuron-methyl-sodium,144550-36-7,Herbicide,N Organique,,0.0036
2016,35690,Non,2020049,mefenpyr-diethyl,135590-91-9,Autre usage – Coformulant / Phytoprotecteur / Synergiste,Autre,,0.054
2016,35690,Non,2020049,mesosulfuron-methyl,208465-21-8,Herbicide,N Organique,,0.018
2016,35690,Non,2020099,trifloxystrobine,141517-21-7,Fongicide,N Organique,,6
2016,35690,Non,2020226,clethodime,99129-21-2,Herbicide,N Organique,,1.08
2016,35690,Non,2030175,bacillus thuringiensis serotype 3a 3b,68038-71-1,Insecticide,Autre,,
2016,35690,Non,2030255,tebuconazole,107534-96-3,Fongicide,"T, T+, CMR",,6.25
2016,35690,Non,2030332,"2,4-d",94-75-7,Herbicide,N Organique,,1.2
2016,35690,Non,2030332,dichlorprop-p,15165-67-0,Herbicide,Autre,,0.6
2016,35690,Non,2040146,tefluthrine,79538-32-2,Insecticide,"T, T+, CMR",,0.056
2016,35690,Non,2050075,boscalid,188425-85-6,Fongicide,N Organique,,1.25
2016,35690,Non,2050146,diflufenicanil,83164-33-4,Herbicide,N Organique,,0.021
2016,35690,Non,2050146,glyphosate,1071-83-6,Herbicide,N Organique,,0.13125
2016,35690,Non,2060088,benoxacor,98730-04-2,Autre usage – Coformulant / Phytoprotecteur / Synergiste,Autre,,5.2
2016,35690,Non,2060088,mesotrione,104206-82-8,Herbicide,N Organique,,10.4
2016,35690,Non,2060088,s-metolachlore,87392-12-9,Herbicide,N Organique,,104
2016,35690,Non,2060115,azoxystrobine,131860-33-8,Fongicide,"T, T+, CMR",,0.4
2016,35690,Non,2060115,cyproconazole,94361-06-5,Fongicide,"T, T+, CMR",,0.16
2016,35690,Non,2060127,prothioconazole,178928-70-6,Fongicide,"T, T+, CMR",,0.01
2016,35690,Non,2060175,metaldehyde,108-62-3,Molluscicide,Autre,,2.76
2016,35690,Non,2070221,metazachlore,67129-08-2,Herbicide,"T, T+, CMR",,36
2016,35690,Non,2070221,quinmerac,90717-03-6,Herbicide,N Organique,,9
2016,35690,Non,2080026,nicosulfuron,111991-09-4,Herbicide,N Organique,,0.6
2016,35690,Non,2080112,thirame,137-26-8,Fongicide,N Organique,,1.8192
2016,35690,Non,2080117,prosulfuron,94125-34-5,Herbicide,N Organique,,5.3625
2016,35690,Non,2080123,metsulfuron-methyl,74223-64-6,Herbicide,N Organique,,1
2016,35690,Non,2080145,diflufenicanil,83164-33-4,Herbicide,N Organique,,23
2016,35690,Non,2080145,flufenacet,142459-58-3,Herbicide,N Organique,,46
2016,35690,Non,2090008,thirame,137-26-8,Fongicide,N Organique,,0.3198
2016,35690,Non,2090011,pendimethaline,40487-42-1,Herbicide,N Organique,,4.55
2016,35690,Non,2090016,imazamox,114311-32-9,Herbicide,N Organique,,1.336
2016,35690,Non,2090016,pendimethaline,40487-42-1,Herbicide,N Organique,,20
2016,35690,Non,2090024,sulcotrione,99105-77-8,Herbicide,"T, T+, CMR",,4.5
2016,35690,Non,2090037,dicamba,1918-00-9,Herbicide,N Organique,,0.5
2016,35690,Non,2090037,prosulfuron,94125-34-5,Herbicide,N Organique,,0.05
2016,35690,Non,2090042,cloquintocet-mexyl,99607-70-2,Autre usage – Coformulant / Phytoprotecteur / Synergiste,Autre,,0.35516
2016,35690,Non,2090042,florasulame,145701-23-1,Herbicide,N Organique,,0.11856
2016,35690,Non,2090042,pyroxsulame,422556-08-9,Herbicide,"T, T+, CMR",,0.35516
2016,35690,Non,2090050,cypermethrine,52315-07-8,Insecticide,N Organique,,0.768
2016,35690,Non,2090054,metsulfuron-methyl,74223-64-6,Herbicide,N Organique,,0.3575
2016,35690,Non,2090054,tribenuron-methyle,101200-48-0,Herbicide,N Organique,,0.3575
2016,35690,Non,2090057,metsulfuron-methyl,74223-64-6,Herbicide,N Organique,,0.08325
2016,35690,Non,2090057,tribenuron-methyle,101200-48-0,Herbicide,N Organique,,0.1665
2016,35690,Non,2090069,bromoxynil,1689-84-5,Herbicide,"T, T+, CMR",,1.175
2016,35690,Non,2090080,sulcotrione,99105-77-8,Herbicide,"T, T+, CMR",,1.5
2016,35690,Non,2090092,epoxiconazole,133855-98-8,Fongicide,"T, T+, CMR",,3.373875
2016,35690,Non,2090092,metconazole,125116-23-6,Fongicide,"T, T+, CMR",,2.474175
2016,35690,Non,2090111,cypermethrine,52315-07-8,Insecticide,N Organique,,0.015
2016,35690,Non,2090113,dimethenamide-p (dmta-p),163515-14-8,Herbicide,N Organique,,6.375
2016,35690,Non,2090113,pendimethaline,40487-42-1,Herbicide,N Organique,,7.5
2016,35690,Non,2090115,glyphosate,1071-83-6,Herbicide,N Organique,,28.8
2016,35690,Non,2090153,dicamba,1918-00-9,Herbicide,N Organique,,2.4
2016,35690,Non,2090153,tritosulfuron,142469-14-5,Herbicide,N Organique,,0.5
2016,35690,Non,2090159,tritosulfuron,142469-14-5,Herbicide,N Organique,,1.89924
2016,35690,Non,2090160,glyphosate,1071-83-6,Herbicide,N Organique,,50.4
2016,35690,Non,2090186,prosulfocarbe,52888-80-9,Herbicide,N Organique,,120
2016,35690,Non,2100015,thifensulfuron-methyle,79277-27-3,Herbicide,N Organique,,0.225
2016,35690,Non,2100026,cypermethrine,52315-07-8,Insecticide,N Organique,,1.5
2016,35690,Non,2100028,fluroxypyr,69377-81-7,Herbicide,N Organique,,2
2016,35690,Non,2100037,boscalid,188425-85-6,Fongicide,N Organique,,1
2016,35690,Non,2100037,dimoxystrobine,149961-52-4,Fongicide,"T, T+, CMR",,1
2016,35690,Non,2100053,fluroxypyr,69377-81-7,Herbicide,N Organique,,1
2016,35690,Non,2100056,prothioconazole,178928-70-6,Fongicide,"T, T+, CMR",,3.2
2016,35690,Non,2100056,spiroxamine,118134-30-8,Fongicide,N Organique,,6
2016,35690,Non,2100057,prothioconazole,178928-70-6,Fongicide,"T, T+, CMR",,10.500
2016,35690,Non,2100057,trifloxystrobine,141517-21-7,Fongicide,N Organique,,5.28
2016,35690,Non,2100065,metsulfuron-methyl,74223-64-6,Herbicide,N Organique,,0.0612
2016,35690,Non,2100065,thifensulfuron-methyle,79277-27-3,Herbicide,N Organique,,0.6138
2016,35690,Non,2100108,prothioconazole,178928-70-6,Fongicide,"T, T+, CMR",,1.25
2016,35690,Non,2100108,tebuconazole,107534-96-3,Fongicide,"T, T+, CMR",,1.25
2016,35690,Non,2100111,mesotrione,104206-82-8,Herbicide,N Organique,,5.250
2016,35690,Non,2100111,nicosulfuron,111991-09-4,Herbicide,N Organique,,2.10
2016,35690,Non,2100121,chlorantraniliprole,500008-45-7,Insecticide,N Organique,,2.0
2016,35690,Non,2100138,cloquintocet-mexyl,99607-70-2,Autre usage – Coformulant / Phytoprotecteur / Synergiste,Autre,,1.250
2016,35690,Non,2100138,pinoxaden,243973-20-8,Herbicide,"T, T+, CMR",,5.0
2016,35690,Non,2100140,clodinafop-propargyl,105512-06-9,Herbicide,N Organique,,2.750
2016,35690,Non,2100140,cloquintocet-mexyl,99607-70-2,Autre usage – Coformulant / Phytoprotecteur / Synergiste,Autre,,0.68750
2016,35690,Non,2100140,pinoxaden,243973-20-8,Herbicide,"T, T+, CMR",,2.750
2016,35690,Non,2100234,diflufenicanil,83164-33-4,Herbicide,N Organique,,6
2016,35690,Non,2100234,iodosulfuron-methyl-sodium,144550-36-7,Herbicide,N Organique,,0.375
2016,35690,Non,2100234,mefenpyr-diethyl,135590-91-9,Autre usage – Coformulant / Phytoprotecteur / Synergiste,Autre,,1.35
2016,35690,Non,2100234,mesosulfuron-methyl,208465-21-8,Herbicide,N Organique,,0.45
2016,35690,Non,2110013,bromoxynil,1689-84-5,Herbicide,"T, T+, CMR",,4.016
2016,35690,Non,2110018,difenoconazole,119446-68-3,Fongicide,N Organique,,0.28800
2016,35690,Non,2110018,fludioxonil,131341-86-1,Fongicide,N Organique,,0.28800
2016,35690,Non,2110063,clopyralid,1702-17-6,Herbicide,Autre,,0.108
2016,35690,Non,2110086,spirotetramat,203313-25-1,Insecticide,"T, T+, CMR",,3
2016,35690,Non,2110095,cloquintocet-mexyl,99607-70-2,Autre usage – Coformulant / Phytoprotecteur / Synergiste,Autre,,0.225
2016,35690,Non,2110095,florasulame,145701-23-1,Herbicide,N Organique,,0.1
2016,35690,Non,2110095,pinoxaden,243973-20-8,Herbicide,"T, T+, CMR",,0.9
2016,35690,Non,2110102,difenoconazole,119446-68-3,Fongicide,N Organique,,0.0130
2016,35690,Non,2110102,fludioxonil,131341-86-1,Fongicide,N Organique,,0.0130
2016,35690,Non,2110102,sedaxane,874967-67-6,Fongicide,N Organique,,0.026
2016,35690,Non,2110105,azoxystrobine,131860-33-8,Fongicide,"T, T+, CMR",,1.25
2016,35690,Non,2110109,cyprosulfamide,221667-31-8,Autre usage – Coformulant / Phytoprotecteur / Synergiste,Autre,,0.99
2016,35690,Non,2110109,isoxaflutole,141112-29-0,Herbicide,"T, T+, CMR",,1.5
2016,35690,Non,2110109,thiencarbazone-methyl,317815-83-1,Herbicide,"T, T+, CMR",,0.6
2016,35690,Non,2110121,thiaclopride,111988-49-9,Insecticide,"T, T+, CMR",,4.452
2016,35690,Non,2110147,fludioxonil,131341-86-1,Fongicide,N Organique,,2.5
2016,35690,Non,2110153,chlormequat chlorure,999-81-5,Régulateur de croissance,Autre,,12
2016,35690,Non,2110153,ethephon,16672-87-0,Régulateur de croissance,"T, T+, CMR",,6.0
2016,35690,Non,2110177,chlorothalonil,1897-45-6,Fongicide,"T, T+, CMR",,18.75
2016,35690,Non,2110177,cyproconazole,94361-06-5,Fongicide,"T, T+, CMR",,2.5
2016,35690,Non,2110177,propiconazole,60207-90-1,Fongicide,N Organique,,3.125
2016,35690,Non,2110181,bixafen,581809-46-3,Fongicide,N Organique,,4.5
2016,35690,Non,2110181,prothioconazole,178928-70-6,Fongicide,"T, T+, CMR",,6
2016,35690,Non,2110181,tebuconazole,107534-96-3,Fongicide,"T, T+, CMR",,6
2016,35690,Non,2110194,boscalid,188425-85-6,Fongicide,N Organique,,1.4
2016,35690,Non,2110194,epoxiconazole,133855-98-8,Fongicide,"T, T+, CMR",,0.5
2016,35690,Non,2110198,glyphosate,1071-83-6,Herbicide,N Organique,,28.8
2016,35690,Non,2120034,glyphosate,1071-83-6,Herbicide,N Organique,,38.4
2016,35690,Non,2120048,aminopyralid,150114-71-9,Herbicide,N Organique,,0.75
2016,35690,Non,2120048,triclopyr,55335-06-3,Herbicide,N Organique,,6.00
2016,35690,Non,2120066,dichlorprop-p,15165-67-0,Herbicide,Autre,,12
2016,35690,Non,2120066,picolinafen,137641-05-5,Herbicide,N Organique,,0.4
2016,35690,Non,2120070,prothioconazole,178928-70-6,Fongicide,"T, T+, CMR",,2.4
2016,35690,Non,2120070,tebuconazole,107534-96-3,Fongicide,"T, T+, CMR",,1.2
2016,35690,Non,2120075,dimethenamide-p (dmta-p),163515-14-8,Herbicide,N Organique,,9
2016,35690,Non,2120075,metazachlore,67129-08-2,Herbicide,"T, T+, CMR",,9
2016,35690,Non,2120075,quinmerac,90717-03-6,Herbicide,N Organique,,4.5
2016,35690,Non,2120133,fluroxypyr,69377-81-7,Herbicide,N Organique,,0.015
2016,35690,Non,2120133,triclopyr,55335-06-3,Herbicide,N Organique,,0.045
2016,35690,Non,2120194,metsulfuron-methyl,74223-64-6,Herbicide,N Organique,,0.12
2016,35690,Non,2120205,epoxiconazole,133855-98-8,Fongicide,"T, T+, CMR",,1.248
2016,35690,Non,2120205,fluxapyroxad,907204-31-3,Fongicide,"T, T+, CMR",,1.248
2016,35690,Non,2120205,pyraclostrobine,175013-18-0,Fongicide,"T, T+, CMR",,1.998
2016,35690,Non,2120206,boscalid,188425-85-6,Fongicide,N Organique,,0.665
2016,35690,Non,2120206,metconazole,125116-23-6,Fongicide,"T, T+, CMR",,0.3
2016,35690,Non,2130040,"2,4-d",94-75-7,Herbicide,N Organique,,0.024
2016,35690,Non,2130063,nicosulfuron,111991-09-4,Herbicide,N Organique,,0.6
2016,35690,Non,2130075,metaldehyde,108-62-3,Molluscicide,Autre,,3.2
2016,35690,Non,2130083,lambda-cyhalothrine,91465-08-6,Insecticide,"T, T+, CMR",,0.1
2016,35690,Non,2130084,metaldehyde,108-62-3,Molluscicide,Autre,,1.44
2016,35690,Non,2130164,foramsulfuron,173159-57-4,Herbicide,N Organique,,1.05
2016,35690,Non,2130164,thiencarbazone-methyl,317815-83-1,Herbicide,"T, T+, CMR",,0.35
2016,35690,Non,2130196,chlorothalonil,1897-45-6,Fongicide,"T, T+, CMR",,7.5
2016,35690,Non,2130196,cyproconazole,94361-06-5,Fongicide,"T, T+, CMR",,1
2016,35690,Non,2130196,propiconazole,60207-90-1,Fongicide,N Organique,,1.25
2016,35690,Non,2130202,fluopyram,658066-35-4,Fongicide,"T, T+, CMR",,3.125
2016,35690,Non,2130202,prothioconazole,178928-70-6,Fongicide,"T, T+, CMR",,3.125
2016,35690,Non,2130253,"2,4-d",94-75-7,Herbicide,N Organique,,14.4
2016,35690,Non,2130253,glyphosate,1071-83-6,Herbicide,N Organique,,21.6
2016,35690,Non,2140034,mesotrione,104206-82-8,Herbicide,N Organique,,0.5
2016,35690,Non,2140039,imidaclopride,138261-41-3,Insecticide,N Organique,,1.505
2016,35690,Non,2140039,prothioconazole,178928-70-6,Fongicide,"T, T+, CMR",,0.215
2016,35690,Non,2140078,fludioxonil,131341-86-1,Fongicide,N Organique,,0.0013
2016,35690,Non,2140078,tefluthrine,79538-32-2,Insecticide,"T, T+, CMR",,0.0052
2016,35690,Non,2140098,aminopyralid,150114-71-9,Herbicide,N Organique,,0.2108
2016,35690,Non,2140098,propyzamide,23950-58-5,Herbicide,"T, T+, CMR",,20
2016,35690,Non,2140153,trinexapac-ethyl,95266-40-3,Régulateur de croissance,N Organique,,1.25
2016,35690,Non,2140160,bacillus pumilus souche qst 2808,,Fongicide,Autre,,0.287
2016,35690,Non,2140173,fluxapyroxad,907204-31-3,Fongicide,"T, T+, CMR",,8.7500
2016,35690,Non,2140173,metconazole,125116-23-6,Fongicide,"T, T+, CMR",,6.300
2016,35690,Non,2140207,clodinafop-propargyl,105512-06-9,Herbicide,N Organique,,0.3
2016,35690,Non,2140207,cloquintocet-mexyl,99607-70-2,Autre usage – Coformulant / Phytoprotecteur / Synergiste,Autre,,0.075
2016,35690,Non,2140252,phosphate ferrique,10045-86-0,Molluscicide,Autre,,0.005
2016,35690,Non,2140256,chlorpyriphos-methyl,5598-13-0,Insecticide,N Organique,,0.3375
2016,35690,Non,2140266,epoxiconazole,133855-98-8,Fongicide,"T, T+, CMR",,1.26
2016,35690,Non,2140266,fluxapyroxad,907204-31-3,Fongicide,"T, T+, CMR",,1.26
2016,35690,Non,2140266,pyraclostrobine,175013-18-0,Fongicide,"T, T+, CMR",,2.04
2016,35690,Non,6500402,"2,4-d",94-75-7,Herbicide,N Organique,,24.0
2016,35690,Non,7400815,chlormequat chlorure,999-81-5,Régulateur de croissance,Autre,,4.6
2016,35690,Non,8100291,metazachlore,67129-08-2,Herbicide,"T, T+, CMR",,2.5
2016,35690,Non,8200216,propiconazole,60207-90-1,Fongicide,N Organique,,4.5
2016,35690,Non,8300243,chlorothalonil,1897-45-6,Fongicide,"T, T+, CMR",,5
2016,35690,Non,8400096,dicamba,1918-00-9,Herbicide,N Organique,,3.36
2016,35690,Non,8400255,metsulfuron-methyl,74223-64-6,Herbicide,N Organique,,0.02
2016,35690,Non,8400574,propyzamide,23950-58-5,Herbicide,"T, T+, CMR",,8
2016,35690,Non,8500194,tau-fluvalinate,102851-06-9,Insecticide,N Organique,,0.96
2016,35690,Non,8700408,"2,4-d",94-75-7,Herbicide,N Organique,,4
2016,35690,Non,8700462,prosulfocarbe,52888-80-9,Herbicide,N Organique,,120
2016,35690,Non,8800199,propaquizafop,111479-05-1,Herbicide,N Organique,,0.2
2016,35690,Non,8800395,lambda-cyhalothrine,91465-08-6,Insecticide,"T, T+, CMR",,0.125
2016,35690,Non,8800395,pyrimicarbe,23103-98-2,Insecticide,"T, T+, CMR",,2.5
2016,35690,Non,8800488,chlorothalonil,1897-45-6,Fongicide,"T, T+, CMR",,20
2016,35690,Non,9000184,"2,4-mcpa",94-74-6,Herbicide,N Organique,,18
2016,35690,Non,9000184,clopyralid (sous forme de sel de monoethanolamine),57754-85-5,Herbicide,Autre,,1.8
2016,35690,Non,9000184,fluroxypyr,69377-81-7,Herbicide,N Organique,,3.6
2016,35690,Non,9000259,amidosulfuron,120923-37-7,Herbicide,N Organique,,0.36
2016,35690,Non,9000833,metazachlore,67129-08-2,Herbicide,"T, T+, CMR",,4
2016,35690,Non,9000833,quinmerac,90717-03-6,Herbicide,N Organique,,1
2016,35690,Non,9100046,trinexapac-ethyl,95266-40-3,Régulateur de croissance,N Organique,,4.25
2016,35690,Non,9100418,nicosulfuron,111991-09-4,Herbicide,N Organique,,0.4
2016,35690,Non,9100505,glyphosate,1071-83-6,Herbicide,N Organique,,1.8
2016,35690,Non,9200091,imidaclopride,138261-41-3,Insecticide,N Organique,,6.426
2016,35690,Non,9200461,chlormequat chlorure,999-81-5,Régulateur de croissance,Autre,,15.525
2016,35690,Non,9200461,mepiquat-chlorure,24307-26-4,Régulateur de croissance,N Organique,,5.175
2016,35690,Non,9300189,fluroxypyr,69377-81-7,Herbicide,N Organique,,0.1
2016,35690,Non,9300189,triclopyr,55335-06-3,Herbicide,N Organique,,0.3
2016,35690,Non,9300309,zetacypermethrine,52315-07-8,Insecticide,"T, T+, CMR",,0.4
2016,35690,Non,9300396,chlormequat chlorure,999-81-5,Régulateur de croissance,Autre,,82.8
2016,35690,Non,9300396,chlorure de choline,67-48-1,Autre usage – Coformulant / Phytoprotecteur / Synergiste,Autre,,57.6
2016,35690,Non,9400008,triticonazole,131983-72-7,Fongicide,N Organique,,0.096
2016,35690,Non,9400067,dicamba,1918-00-9,Herbicide,N Organique,,2.1
2016,35690,Non,9400109,"2,4-d",94-75-7,Herbicide,N Organique,,5.6
2016,35690,Non,9400109,dicamba,1918-00-9,Herbicide,N Organique,,0.8
2016,35690,Non,9400134,diflufenicanil,83164-33-4,Herbicide,N Organique,,2.8
2016,35690,Non,9400134,flurtamone,96525-23-4,Herbicide,N Organique,,7.0
2016,35690,Non,9400367,chlorothalonil,1897-45-6,Fongicide,"T, T+, CMR",,33.75
2016,35690,Non,9400367,cyproconazole,94361-06-5,Fongicide,"T, T+, CMR",,3.6
2016,35690,Non,9500040,quizalofop-p-ethyl,100646-51-3,Herbicide,N Organique,,0.75
2016,35690,Non,9500135,metaldehyde,108-62-3,Molluscicide,Autre,,7.5
2016,35690,Non,9500302,cuivre du sulfate de cuivre,8011-63-0,Fongicide,N minéral,,40
2016,35690,Non,9500581,chlormequat chlorure,999-81-5,Régulateur de croissance,Autre,,10.5
2016,35690,Non,9500581,ethephon,16672-87-0,Régulateur de croissance,"T, T+, CMR",,5.25
2016,35690,Non,9600093,azoxystrobine,131860-33-8,Fongicide,"T, T+, CMR",,8.75
2016,35690,Non,9600197,carfentrazone ethyl,128639-02-1,Herbicide,N Organique,,1.52
2016,35690,Non,9600197,metsulfuron-methyl,74223-64-6,Herbicide,N Organique,,0.38
2016,35690,Non,9600392,chlormequat chlorure,999-81-5,Régulateur de croissance,Autre,,7.36
2016,35690,Non,9600392,imazaquine,81335-37-7,Régulateur de croissance,N Organique,,0.016
2016,35690,Non,9700521,glyphosate,1071-83-6,Herbicide,N Organique,,0.36
2016,35690,Non,9800076,virus de la granulose,,Insecticide,Autre,,
2016,35690,Non,9800182,s-metolachlore,87392-12-9,Herbicide,N Organique,,9.6
2016,35690,Non,9800259,benoxacor,98730-04-2,Autre usage – Coformulant / Phytoprotecteur / Synergiste,Autre,,0.9
2016,35690,Non,9800259,s-metolachlore,87392-12-9,Herbicide,N Organique,,18.3
2016,35690,Non,9800280,bacillus thuringiensis sp. tenebrionis,68038-71-1,Insecticide,Autre,,
2016,35690,Non,9800336,lambda-cyhalothrine,91465-08-6,Insecticide,"T, T+, CMR",,0.2
2016,35690,Non,9800344,fludioxonil,131341-86-1,Fongicide,N Organique,,0.03900
2016,35690,Non,9800344,metalaxyl-m,70630-17-0,Fongicide,Autre,,0.015132
2016,35690,Non,9800392,dodine,2439-10-3,Fongicide,"T, T+, CMR",,18
2016,35690,Non,9800477,bentazone,25057-89-0,Herbicide,N Organique,,12.8
2016,35690,Non,9800477,dicamba,1918-00-9,Herbicide,N Organique,,3.6
2016,35690,Non,9900047,mesotrione,104206-82-8,Herbicide,N Organique,,1.6
2016,35690,Non,9900206,picoxystrobine,117428-22-5,Fongicide,N Organique,,9.25
2016,35690,Non,9900263,chlormequat chlorure,999-81-5,Régulateur de croissance,Autre,,3.68
2016,35690,Non,9900263,imazaquine,81335-37-7,Régulateur de croissance,N Organique,,0.008
2016,35690,Non,9900390,huile de vaseline,8042-47-5,Insecticide - Acaricide,Autre,,175.655
2016,35700,Non,2000201,silthiofam,175217-20-6,Fongicide,N Organique,,0.23875
2016,35700,Non,2000294,mancozebe,8018-01-7,Fongicide,"T, T+, CMR",,0.6201
2016,35700,Non,2000294,zoxamide,156052-68-5,Fongicide,N Organique,,0.05535
2016,35700,Non,2010239,florasulame,145701-23-1,Herbicide,N Organique,,0.02
2016,35700,Non,2010239,fluroxypyr,69377-81-7,Herbicide,N Organique,,2
2016,35700,Non,2020099,trifloxystrobine,141517-21-7,Fongicide,N Organique,,2.5
2016,35700,Non,2020224,iodosulfuron-methyl-sodium,144550-36-7,Herbicide,N Organique,,0.018
2016,35700,Non,2020224,mefenpyr-diethyl,135590-91-9,Autre usage – Coformulant / Phytoprotecteur / Synergiste,Autre,,0.054
2016,35700,Non,2020224,mesosulfuron-methyl,208465-21-8,Herbicide,N Organique,,0.018
2016,35700,Non,2030323,fludioxonil,131341-86-1,Fongicide,N Organique,,0.2895
2016,35700,Non,2060085,boscalid,188425-85-6,Fongicide,N Organique,,0.038
2016,35700,Non,2060085,kresoxim-methyl,143390-89-0,Fongicide,"T, T+, CMR",,0.019
2016,35700,Non,2060088,benoxacor,98730-04-2,Autre usage – Coformulant / Phytoprotecteur / Synergiste,Autre,,1.0
2016,35700,Non,2060088,mesotrione,104206-82-8,Herbicide,N Organique,,2.0
2016,35700,Non,2060088,s-metolachlore,87392-12-9,Herbicide,N Organique,,20
2016,35700,Non,2080026,nicosulfuron,111991-09-4,Herbicide,N Organique,,1.2
2016,35700,Non,2080145,diflufenicanil,83164-33-4,Herbicide,N Organique,,2
2016,35700,Non,2080145,flufenacet,142459-58-3,Herbicide,N Organique,,4
2016,35700,Non,2090016,imazamox,114311-32-9,Herbicide,N Organique,,0.334
2016,35700,Non,2090016,pendimethaline,40487-42-1,Herbicide,N Organique,,5
2016,35700,Non,2090024,sulcotrione,99105-77-8,Herbicide,"T, T+, CMR",,1.5
2016,35700,Non,2090054,metsulfuron-methyl,74223-64-6,Herbicide,N Organique,,0.3575
2016,35700,Non,2090054,tribenuron-methyle,101200-48-0,Herbicide,N Organique,,0.3575
2016,35700,Non,2090126,cyazofamide,120116-88-3,Fongicide,N Organique,,0.0475
2016,35700,Non,2090126,phosphonate de disodium,13708-85-5,Fongicide,Autre,,0.475
2016,35700,Non,2090159,tritosulfuron,142469-14-5,Herbicide,N Organique,,1.2495
2016,35700,Non,2100057,prothioconazole,178928-70-6,Fongicide,"T, T+, CMR",,8.75
2016,35700,Non,2100057,trifloxystrobine,141517-21-7,Fongicide,N Organique,,4.4
2016,35700,Non,2100138,cloquintocet-mexyl,99607-70-2,Autre usage – Coformulant / Phytoprotecteur / Synergiste,Autre,,0.4375
2016,35700,Non,2100138,pinoxaden,243973-20-8,Herbicide,"T, T+, CMR",,1.75
2016,35700,Non,2100140,clodinafop-propargyl,105512-06-9,Herbicide,N Organique,,0.5
2016,35700,Non,2100140,cloquintocet-mexyl,99607-70-2,Autre usage – Coformulant / Phytoprotecteur / Synergiste,Autre,,0.125
2016,35700,Non,2100140,pinoxaden,243973-20-8,Herbicide,"T, T+, CMR",,0.5
2016,35700,Non,2100181,fluopicolide,239110-15-7,Fongicide,N Organique,,0.051504
2016,35700,Non,2100181,fosetyl-aluminium,39148-24-8,Fongicide,Autre,,0.773372
2016,35700,Non,2110121,thiaclopride,111988-49-9,Insecticide,"T, T+, CMR",,0.5
2016,35700,Non,2110144,fluxapyroxad,907204-31-3,Fongicide,"T, T+, CMR",,1
2016,35700,Non,2110181,bixafen,581809-46-3,Fongicide,N Organique,,1.875
2016,35700,Non,2110181,prothioconazole,178928-70-6,Fongicide,"T, T+, CMR",,2.5
2016,35700,Non,2110181,tebuconazole,107534-96-3,Fongicide,"T, T+, CMR",,2.5
2016,35700,Non,2120132,dimethomorphe,110488-70-5,Fongicide,N Organique,,0.1035
2016,35700,Non,2120132,metirame,9006-42-2,Fongicide,N Organique,,0.506
2016,35700,Non,2120205,epoxiconazole,133855-98-8,Fongicide,"T, T+, CMR",,1.664
2016,35700,Non,2120205,fluxapyroxad,907204-31-3,Fongicide,"T, T+, CMR",,1.664
2016,35700,Non,2120205,pyraclostrobine,175013-18-0,Fongicide,"T, T+, CMR",,2.664
2016,35700,Non,2130266,bromuconazole,116255-48-2,Fongicide,N Organique,,3.34
2016,35700,Non,2130266,tebuconazole,107534-96-3,Fongicide,"T, T+, CMR",,2.14
2016,35700,Non,2140160,bacillus pumilus souche qst 2808,,Fongicide,Autre,,0.4305
2016,35700,Non,2140252,phosphate ferrique,10045-86-0,Molluscicide,Autre,,0.01875
2016,35700,Non,2140256,chlorpyriphos-methyl,5598-13-0,Insecticide,N Organique,,0.225
2016,35700,Non,8200216,propiconazole,60207-90-1,Fongicide,N Organique,,1.5
2016,35700,Non,8400096,dicamba,1918-00-9,Herbicide,N Organique,,0.48
2016,35700,Non,8700542,cymoxanil,57966-95-7,Fongicide,"T, T+, CMR",,0.0552
2016,35700,Non,8700542,folpel,133-07-3,Fongicide,"T, T+, CMR",,0.552
2016,35700,Non,8800199,propaquizafop,111479-05-1,Herbicide,N Organique,,0.5
2016,35700,Non,8800841,difenoconazole,119446-68-3,Fongicide,N Organique,,0.0175
2016,35700,Non,9000259,amidosulfuron,120923-37-7,Herbicide,N Organique,,0.27
2016,35700,Non,9000471,glufosinate ammonium,77182-82-2,Herbicide,"T, T+, CMR",,0.45
2016,35700,Non,9200493,bromoxynil octanoate,1689-99-2,Herbicide,"T, T+, CMR",,1
2016,35700,Non,9300396,chlormequat chlorure,999-81-5,Régulateur de croissance,Autre,,4.6
2016,35700,Non,9300396,chlorure de choline,67-48-1,Autre usage – Coformulant / Phytoprotecteur / Synergiste,Autre,,3.2
2016,35700,Non,9400134,diflufenicanil,83164-33-4,Herbicide,N Organique,,0.4
2016,35700,Non,9400134,flurtamone,96525-23-4,Herbicide,N Organique,,1
2016,35700,Non,9400280,flumioxazine,103361-09-7,Herbicide,"T, T+, CMR",,0.255
2016,35700,Non,9400367,chlorothalonil,1897-45-6,Fongicide,"T, T+, CMR",,11.25
2016,35700,Non,9400367,cyproconazole,94361-06-5,Fongicide,"T, T+, CMR",,1.2
2016,35700,Non,9600368,fosetyl-aluminium,39148-24-8,Fongicide,Autre,,1.5543
2016,35700,Non,9600368,metirame,9006-42-2,Fongicide,N Organique,,0.9537
2016,35700,Non,9700463,dimethomorphe,110488-70-5,Fongicide,N Organique,,0.10396
2016,35700,Non,9700463,folpel,133-07-3,Fongicide,"T, T+, CMR",,0.552
2016,35700,Non,9800344,fludioxonil,131341-86-1,Fongicide,N Organique,,0.0035
2016,35700,Non,9800344,metalaxyl-m,70630-17-0,Fongicide,Autre,,0.001358
2016,35700,Non,9800414,pyrimethanil,53112-28-0,Fongicide,N Organique,,0.38
2016,35700,Non,9900047,mesotrione,104206-82-8,Herbicide,N Organique,,2
2016,35700,Non,9900133,spiroxamine,118134-30-8,Fongicide,N Organique,,0.02
2016,35700,Non,9900133,tebuconazole,107534-96-3,Fongicide,"T, T+, CMR",,0.005
2016,35700,Non,9900206,picoxystrobine,117428-22-5,Fongicide,N Organique,,3.75
2016,35700,Non,9900251,dimethenamide-p (dmta-p),163515-14-8,Herbicide,N Organique,,7.2
2016,35740,Non,2000018,soufre pour pulverisation (micronise),7704-34-9,Fongicide,Autre,,48
2016,35740,Non,2000071,"2,4-d",94-75-7,Herbicide,N Organique,,0.735
2016,35740,Non,2000071,dicamba,1918-00-9,Herbicide,N Organique,,0.105
2016,35740,Non,2000071,sulfate de fer (sulfate ferreux heptahydrate),7782-63-0,Herbicide - Antimousse,Autre,,28.1505
2016,35740,Non,2000125,cuivre du sulfate de cuivre,8011-63-0,Fongicide,N minéral,,0.98
2016,35740,Non,2000201,silthiofam,175217-20-6,Fongicide,N Organique,,0.7425
2016,35740,Non,2000301,foramsulfuron,173159-57-4,Herbicide,N Organique,,0.225
2016,35740,Non,2000301,isoxadifen-ethyl,163520-33-0,Autre usage – Coformulant / Phytoprotecteur / Synergiste,N Organique,,0.225
2016,35740,Non,2000380,clethodime,99129-21-2,Herbicide,N Organique,,2.52
2016,35740,Non,2000500,glyphosate,1071-83-6,Herbicide,N Organique,,0.022
2016,35740,Non,2000510,fer sous forme de sulfate de fer,7720-78-7,Herbicide - Antimousse,Autre,,16
2016,35740,Non,2010035,"2,4-mcpa",94-74-6,Herbicide,N Organique,,1.86
2016,35740,Non,2010035,dichlorprop-p,15165-67-0,Herbicide,Autre,,0.93
2016,35740,Non,2010035,mecoprop-p (mcpp-p),16484-77-8,Herbicide,N Organique,,0.93
2016,35740,Non,2010239,florasulame,145701-23-1,Herbicide,N Organique,,0.021
2016,35740,Non,2010239,fluroxypyr,69377-81-7,Herbicide,N Organique,,2.1
2016,35740,Non,2010280,metconazole,125116-23-6,Fongicide,"T, T+, CMR",,3.2391
2016,35740,Non,2010289,chlormequat chlorure,999-81-5,Régulateur de croissance,Autre,,1.15
2016,35740,Non,2010289,ethephon,16672-87-0,Régulateur de croissance,"T, T+, CMR",,0.775
2016,35740,Non,2010289,mepiquat-chlorure,24307-26-4,Régulateur de croissance,N Organique,,0.375
2016,35740,Non,2010319,"2,4-mcpa",94-74-6,Herbicide,N Organique,,0.081
2016,35740,Non,2010319,dichlorprop-p,15165-67-0,Herbicide,Autre,,0.081
2016,35740,Non,2010319,glyphosate,1071-83-6,Herbicide,N Organique,,0.108
2016,35740,Non,2010349,desmediphame,13684-56-5,Herbicide,N Organique,,0.355
2016,35740,Non,2010349,ethofumesate,26225-79-6,Herbicide,N Organique,,0.56
2016,35740,Non,2010349,phenmediphame,13684-63-4,Herbicide,N Organique,,0.455
2016,35740,Non,2010419,iodosulfuron-methyl-sodium,144550-36-7,Herbicide,N Organique,,0.0288
2016,35740,Non,2010419,mefenpyr-diethyl,135590-91-9,Autre usage – Coformulant / Phytoprotecteur / Synergiste,Autre,,0.432
2016,35740,Non,2010419,mesosulfuron-methyl,208465-21-8,Herbicide,N Organique,,0.144
2016,35740,Non,2010425,metsulfuron-methyl,74223-64-6,Herbicide,N Organique,,0.06
2016,35740,Non,2010493,glyphosate,1071-83-6,Herbicide,N Organique,,0.72
2016,35740,Non,2010499,prochloraze,67747-09-5,Fongicide,N Organique,,31.5
2016,35740,Non,2010612,glyphosate,1071-83-6,Herbicide,N Organique,,28.8
2016,35740,Non,2020003,phosphate ferrique,10045-86-0,Molluscicide,Autre,,0.009405
2016,35740,Non,2020021,laminarine,9008-22-4,Fongicide,Autre,,0.37
2016,35740,Non,2020065,metribuzine,21087-64-9,Herbicide,N Organique,,0.154
2016,35740,Non,2020099,trifloxystrobine,141517-21-7,Fongicide,N Organique,,0.75
2016,35740,Non,2030125,deltamethrine,52918-63-5,Insecticide,"T, T+, CMR",,0.00045
2016,35740,Non,2030175,bacillus thuringiensis serotype 3a 3b,68038-71-1,Insecticide,Autre,,
2016,35740,Non,2030255,tebuconazole,107534-96-3,Fongicide,"T, T+, CMR",,12.50
2016,35740,Non,2030323,fludioxonil,131341-86-1,Fongicide,N Organique,,0.01175
2016,35740,Non,2030332,"2,4-d",94-75-7,Herbicide,N Organique,,0.5712
2016,35740,Non,2030332,dichlorprop-p,15165-67-0,Herbicide,Autre,,0.2856
2016,35740,Non,2040146,tefluthrine,79538-32-2,Insecticide,"T, T+, CMR",,0.23
2016,35740,Non,2040310,prochloraze,67747-09-5,Fongicide,N Organique,,2.671
2016,35740,Non,2040310,tebuconazole,107534-96-3,Fongicide,"T, T+, CMR",,1.325
2016,35740,Non,2050146,diflufenicanil,83164-33-4,Herbicide,N Organique,,0.308
2016,35740,Non,2050146,glyphosate,1071-83-6,Herbicide,N Organique,,1.9250
2016,35740,Non,2060045,huile vegetale,,SA non phyto - Divers,Autre,,0.875
2016,35740,Non,2060045,resines (colophane),8050-09-7,SA non phyto - Divers,Autre,,8.5
2016,35740,Non,2060050,metrafenone,220899-03-6,Fongicide,N Organique,,0.5
2016,35740,Non,2060084,boscalid,188425-85-6,Fongicide,N Organique,,1.335
2016,35740,Non,2060084,pyraclostrobine,175013-18-0,Fongicide,"T, T+, CMR",,0.335
2016,35740,Non,2060088,benoxacor,98730-04-2,Autre usage – Coformulant / Phytoprotecteur / Synergiste,Autre,,5.1
2016,35740,Non,2060088,mesotrione,104206-82-8,Herbicide,N Organique,,10.2
2016,35740,Non,2060088,s-metolachlore,87392-12-9,Herbicide,N Organique,,102
2016,35740,Non,2060091,diflufenicanil,83164-33-4,Herbicide,N Organique,,0.625
2016,35740,Non,2060091,isoproturon,34123-59-6,Herbicide,"T, T+, CMR",,5
2016,35740,Non,2060098,spinosad,168316-95-8,Insecticide,N Organique,,0.48
2016,35740,Non,2060131,"2,4-d",94-75-7,Herbicide,N Organique,,0.465
2016,35740,Non,2060131,triclopyr,55335-06-3,Herbicide,N Organique,,0.518
2016,35740,Non,2060175,metaldehyde,108-62-3,Molluscicide,Autre,,0.024
2016,35740,Non,2080018,acetamipride,135410-20-7,Insecticide,N Organique,,0.0055
2016,35740,Non,2080026,nicosulfuron,111991-09-4,Herbicide,N Organique,,6.42
2016,35740,Non,2080054,acetamipride,135410-20-7,Insecticide,N Organique,,0.000045
2016,35740,Non,2080094,florasulame,145701-23-1,Herbicide,N Organique,,0.22
2016,35740,Non,2080094,isoxaben,82558-50-7,Herbicide,N Organique,,3.355
2016,35740,Non,2080101,acetamipride,135410-20-7,Insecticide,N Organique,,0.2
2016,35740,Non,2080112,thirame,137-26-8,Fongicide,N Organique,,1.5216
2016,35740,Non,2080117,prosulfuron,94125-34-5,Herbicide,N Organique,,4.3125
2016,35740,Non,2080123,metsulfuron-methyl,74223-64-6,Herbicide,N Organique,,3.20
2016,35740,Non,2080136,pyridate,55512-33-9,Herbicide,N Organique,,3.15
2016,35740,Non,2080145,diflufenicanil,83164-33-4,Herbicide,N Organique,,7
2016,35740,Non,2080145,flufenacet,142459-58-3,Herbicide,N Organique,,14
2016,35740,Non,2090008,thirame,137-26-8,Fongicide,N Organique,,0.17589
2016,35740,Non,2090011,pendimethaline,40487-42-1,Herbicide,N Organique,,4.55
2016,35740,Non,2090028,metamitrone,41394-05-2,Herbicide,N Organique,,3.5
2016,35740,Non,2090037,dicamba,1918-00-9,Herbicide,N Organique,,30.5
2016,35740,Non,2090037,prosulfuron,94125-34-5,Herbicide,N Organique,,3.05
2016,35740,Non,2090041,cloquintocet-mexyl,99607-70-2,Autre usage – Coformulant / Phytoprotecteur / Synergiste,Autre,,1.05
2016,35740,Non,2090041,pyroxsulame,422556-08-9,Herbicide,"T, T+, CMR",,1.05
2016,35740,Non,2090042,cloquintocet-mexyl,99607-70-2,Autre usage – Coformulant / Phytoprotecteur / Synergiste,Autre,,0.07513
2016,35740,Non,2090042,florasulame,145701-23-1,Herbicide,N Organique,,0.02508
2016,35740,Non,2090042,pyroxsulame,422556-08-9,Herbicide,"T, T+, CMR",,0.07513
2016,35740,Non,2090050,cypermethrine,52315-07-8,Insecticide,N Organique,,0.096
2016,35740,Non,2090053,bromoxynil octanoate,1689-99-2,Herbicide,"T, T+, CMR",,2.62
2016,35740,Non,2090053,isoxadifen-ethyl,163520-33-0,Autre usage – Coformulant / Phytoprotecteur / Synergiste,N Organique,,0.25
2016,35740,Non,2090053,tembotrione,335104-84-2,Herbicide,"T, T+, CMR",,0.5
2016,35740,Non,2090057,metsulfuron-methyl,74223-64-6,Herbicide,N Organique,,0.61605
2016,35740,Non,2090057,tribenuron-methyle,101200-48-0,Herbicide,N Organique,,1.2321
2016,35740,Non,2090068,mepiquat-chlorure,24307-26-4,Régulateur de croissance,N Organique,,1.0521
2016,35740,Non,2090068,metconazole,125116-23-6,Fongicide,"T, T+, CMR",,0.1503
2016,35740,Non,2090069,bromoxynil,1689-84-5,Herbicide,"T, T+, CMR",,8.225
2016,35740,Non,2090071,bromoxynil,1689-84-5,Herbicide,"T, T+, CMR",,25.850
2016,35740,Non,2090092,epoxiconazole,133855-98-8,Fongicide,"T, T+, CMR",,3.597
2016,35740,Non,2090092,metconazole,125116-23-6,Fongicide,"T, T+, CMR",,2.6378
2016,35740,Non,2090094,thiophanate-methyl,23564-05-8,Fongicide,"T, T+, CMR",,3.52
2016,35740,Non,2090115,glyphosate,1071-83-6,Herbicide,N Organique,,14.4
2016,35740,Non,2090146,abamectine,71751-41-2,Insecticide,"T, T+, CMR",,0.000030
2016,35740,Non,2090146,pyrethrines,8003-34-7,Insecticide,N Organique,,0.0004
2016,35740,Non,2090159,tritosulfuron,142469-14-5,Herbicide,N Organique,,0.7497
2016,35740,Non,2090160,glyphosate,1071-83-6,Herbicide,N Organique,,72.0
2016,35740,Non,2090164,glyphosate,1071-83-6,Herbicide,N Organique,,4.32
2016,35740,Non,2090173,epoxiconazole,133855-98-8,Fongicide,"T, T+, CMR",,0.625
2016,35740,Non,2090173,fenpropimorphe,67564-91-4,Fongicide,"T, T+, CMR",,2
2016,35740,Non,2090173,metrafenone,220899-03-6,Fongicide,N Organique,,0.75
2016,35740,Non,2090176,diquat,85-00-7,Herbicide,"T, T+, CMR",,0.003
2016,35740,Non,2090176,glyphosate,1071-83-6,Herbicide,N Organique,,0.083
2016,35740,Non,2090186,prosulfocarbe,52888-80-9,Herbicide,N Organique,,32
2016,35740,Non,2100004,acetamipride,135410-20-7,Insecticide,N Organique,,0.000086
2016,35740,Non,2100004,triticonazole,131983-72-7,Fongicide,N Organique,,0.000257
2016,35740,Non,2100009,thifensulfuron-methyle,79277-27-3,Herbicide,N Organique,,0.05994
2016,35740,Non,2100009,tribenuron-methyle,101200-48-0,Herbicide,N Organique,,0.03006
2016,35740,Non,2100014,metsulfuron-methyl,74223-64-6,Herbicide,N Organique,,0.0402
2016,35740,Non,2100014,thifensulfuron-methyle,79277-27-3,Herbicide,N Organique,,0.1998
2016,35740,Non,2100015,thifensulfuron-methyle,79277-27-3,Herbicide,N Organique,,0.09
2016,35740,Non,2100026,cypermethrine,52315-07-8,Insecticide,N Organique,,1
2016,35740,Non,2100028,fluroxypyr,69377-81-7,Herbicide,N Organique,,16
2016,35740,Non,2100037,boscalid,188425-85-6,Fongicide,N Organique,,1
2016,35740,Non,2100037,dimoxystrobine,149961-52-4,Fongicide,"T, T+, CMR",,1
2016,35740,Non,2100051,ipconazole,125225-28-7,Fongicide,N Organique,,0.34125
2016,35740,Non,2100052,cyprodinil,121552-61-2,Fongicide,N Organique,,3
2016,35740,Non,2100056,prothioconazole,178928-70-6,Fongicide,"T, T+, CMR",,0.8
2016,35740,Non,2100056,spiroxamine,118134-30-8,Fongicide,N Organique,,1.5
2016,35740,Non,2100057,prothioconazole,178928-70-6,Fongicide,"T, T+, CMR",,31.500
2016,35740,Non,2100057,trifloxystrobine,141517-21-7,Fongicide,N Organique,,15.84
2016,35740,Non,2100098,glyphosate,1071-83-6,Herbicide,N Organique,,5.4
2016,35740,Non,2100111,mesotrione,104206-82-8,Herbicide,N Organique,,16.125
2016,35740,Non,2100111,nicosulfuron,111991-09-4,Herbicide,N Organique,,6.45
2016,35740,Non,2100112,ethephon,16672-87-0,Régulateur de croissance,"T, T+, CMR",,21.6
2016,35740,Non,2100138,cloquintocet-mexyl,99607-70-2,Autre usage – Coformulant / Phytoprotecteur / Synergiste,Autre,,1.87525
2016,35740,Non,2100138,pinoxaden,243973-20-8,Herbicide,"T, T+, CMR",,7.501
2016,35740,Non,2100140,clodinafop-propargyl,105512-06-9,Herbicide,N Organique,,4.000
2016,35740,Non,2100140,cloquintocet-mexyl,99607-70-2,Autre usage – Coformulant / Phytoprotecteur / Synergiste,Autre,,1.00000
2016,35740,Non,2100140,pinoxaden,243973-20-8,Herbicide,"T, T+, CMR",,4.000
2016,35740,Non,2100164,fluroxypyr,69377-81-7,Herbicide,N Organique,,1
2016,35740,Non,2100165,acetamipride,135410-20-7,Insecticide,N Organique,,0.0035
2016,35740,Non,2100165,triticonazole,131983-72-7,Fongicide,N Organique,,0.0105
2016,35740,Non,2100211,prothioconazole,178928-70-6,Fongicide,"T, T+, CMR",,0.625
2016,35740,Non,2100211,tebuconazole,107534-96-3,Fongicide,"T, T+, CMR",,0.625
2016,35740,Non,2100219,glyphosate,1071-83-6,Herbicide,N Organique,,2.7
2016,35740,Non,2100234,diflufenicanil,83164-33-4,Herbicide,N Organique,,10.2
2016,35740,Non,2100234,iodosulfuron-methyl-sodium,144550-36-7,Herbicide,N Organique,,0.6375
2016,35740,Non,2100234,mefenpyr-diethyl,135590-91-9,Autre usage – Coformulant / Phytoprotecteur / Synergiste,Autre,,2.295
2016,35740,Non,2100234,mesosulfuron-methyl,208465-21-8,Herbicide,N Organique,,0.765
2016,35740,Non,2100245,prothioconazole,178928-70-6,Fongicide,"T, T+, CMR",,1.25
2016,35740,Non,2100245,tebuconazole,107534-96-3,Fongicide,"T, T+, CMR",,1.25
2016,35740,Non,2110018,difenoconazole,119446-68-3,Fongicide,N Organique,,0.03
2016,35740,Non,2110018,fludioxonil,131341-86-1,Fongicide,N Organique,,0.03
2016,35740,Non,2110063,clopyralid,1702-17-6,Herbicide,Autre,,0.216
2016,35740,Non,2110083,cuivre du sulfate tribasique,12527-76-3,Fongicide,N minéral,,0.000638
2016,35740,Non,2110083,pyrethrines,8003-34-7,Insecticide,N Organique,,0.000188
2016,35740,Non,2110083,soufre,7704-34-9,Fongicide,Autre,,0.0045
2016,35740,Non,2110090,azoxystrobine,131860-33-8,Fongicide,"T, T+, CMR",,2.5
2016,35740,Non,2110095,cloquintocet-mexyl,99607-70-2,Autre usage – Coformulant / Phytoprotecteur / Synergiste,Autre,,0.05625
2016,35740,Non,2110095,florasulame,145701-23-1,Herbicide,N Organique,,0.025
2016,35740,Non,2110095,pinoxaden,243973-20-8,Herbicide,"T, T+, CMR",,0.225
2016,35740,Non,2110102,difenoconazole,119446-68-3,Fongicide,N Organique,,0.8415
2016,35740,Non,2110102,fludioxonil,131341-86-1,Fongicide,N Organique,,0.8415
2016,35740,Non,2110102,sedaxane,874967-67-6,Fongicide,N Organique,,1.683
2016,35740,Non,2110103,tribenuron-methyle,101200-48-0,Herbicide,N Organique,,0.525
2016,35740,Non,2110104,clopyralid (sous forme de sel de monoethanolamine),57754-85-5,Herbicide,Autre,,0.48
2016,35740,Non,2110104,florasulame,145701-23-1,Herbicide,N Organique,,0.015
2016,35740,Non,2110104,fluroxypyr,69377-81-7,Herbicide,N Organique,,0.6
2016,35740,Non,2110109,cyprosulfamide,221667-31-8,Autre usage – Coformulant / Phytoprotecteur / Synergiste,Autre,,0.99
2016,35740,Non,2110109,isoxaflutole,141112-29-0,Herbicide,"T, T+, CMR",,1.5
2016,35740,Non,2110109,thiencarbazone-methyl,317815-83-1,Herbicide,"T, T+, CMR",,0.6
2016,35740,Non,2110121,thiaclopride,111988-49-9,Insecticide,"T, T+, CMR",,1.5
2016,35740,Non,2110149,huile de colza,8002-13-9,Insecticide,Autre,,0.01352
2016,35740,Non,2110150,huile de colza,8002-13-9,Insecticide,Autre,,1.554
2016,35740,Non,2110162,azoxystrobine,131860-33-8,Fongicide,"T, T+, CMR",,5.0
2016,35740,Non,2110170,epoxiconazole,133855-98-8,Fongicide,"T, T+, CMR",,0.3125
2016,35740,Non,2110170,fluxapyroxad,907204-31-3,Fongicide,"T, T+, CMR",,0.3125
2016,35740,Non,2110177,chlorothalonil,1897-45-6,Fongicide,"T, T+, CMR",,88.125
2016,35740,Non,2110177,cyproconazole,94361-06-5,Fongicide,"T, T+, CMR",,11.75
2016,35740,Non,2110177,propiconazole,60207-90-1,Fongicide,N Organique,,14.6875
2016,35740,Non,2110178,bixafen,581809-46-3,Fongicide,N Organique,,0.75
2016,35740,Non,2110178,prothioconazole,178928-70-6,Fongicide,"T, T+, CMR",,1.5
2016,35740,Non,2110181,bixafen,581809-46-3,Fongicide,N Organique,,1.125
2016,35740,Non,2110181,prothioconazole,178928-70-6,Fongicide,"T, T+, CMR",,1.5
2016,35740,Non,2110181,tebuconazole,107534-96-3,Fongicide,"T, T+, CMR",,1.5
2016,35740,Non,2110198,glyphosate,1071-83-6,Herbicide,N Organique,,86.4
2016,35740,Non,2120018,glyphosate,1071-83-6,Herbicide,N Organique,,1.536
2016,35740,Non,2120034,glyphosate,1071-83-6,Herbicide,N Organique,,38.4
2016,35740,Non,2120041,zirame,137-30-4,Fongicide,"T, T+, CMR",,1.6716
2016,35740,Non,2120048,aminopyralid,150114-71-9,Herbicide,N Organique,,0.18
2016,35740,Non,2120048,triclopyr,55335-06-3,Herbicide,N Organique,,1.44
2016,35740,Non,2120063,fluopicolide,239110-15-7,Fongicide,N Organique,,0.0125
2016,35740,Non,2120063,propamocarbe,24579-73-5,Fongicide,Autre,,0.125
2016,35740,Non,2120066,dichlorprop-p,15165-67-0,Herbicide,Autre,,18
2016,35740,Non,2120066,picolinafen,137641-05-5,Herbicide,N Organique,,0.6
2016,35740,Non,2120070,prothioconazole,178928-70-6,Fongicide,"T, T+, CMR",,7.2
2016,35740,Non,2120070,tebuconazole,107534-96-3,Fongicide,"T, T+, CMR",,3.6
2016,35740,Non,2120075,dimethenamide-p (dmta-p),163515-14-8,Herbicide,N Organique,,12
2016,35740,Non,2120075,metazachlore,67129-08-2,Herbicide,"T, T+, CMR",,12
2016,35740,Non,2120075,quinmerac,90717-03-6,Herbicide,N Organique,,6
2016,35740,Non,2120117,"2,4-d",94-75-7,Herbicide,N Organique,,0.29
2016,35740,Non,2120117,triclopyr,55335-06-3,Herbicide,N Organique,,0.3235
2016,35740,Non,2120133,fluroxypyr,69377-81-7,Herbicide,N Organique,,0.0224
2016,35740,Non,2120133,triclopyr,55335-06-3,Herbicide,N Organique,,0.0672
2016,35740,Non,2120194,metsulfuron-methyl,74223-64-6,Herbicide,N Organique,,0.5
2016,35740,Non,2120205,epoxiconazole,133855-98-8,Fongicide,"T, T+, CMR",,12.896
2016,35740,Non,2120205,fluxapyroxad,907204-31-3,Fongicide,"T, T+, CMR",,12.896
2016,35740,Non,2120205,pyraclostrobine,175013-18-0,Fongicide,"T, T+, CMR",,20.646
2016,35740,Non,2130040,"2,4-d",94-75-7,Herbicide,N Organique,,0.074
2016,35740,Non,2130068,diflufenicanil,83164-33-4,Herbicide,N Organique,,10.0
2016,35740,Non,2130075,metaldehyde,108-62-3,Molluscicide,Autre,,9
2016,35740,Non,2130084,metaldehyde,108-62-3,Molluscicide,Autre,,0.48
2016,35740,Non,2130153,acide acetique,64-19-7,Herbicide,Autre,,0.054
2016,35740,Non,2130196,chlorothalonil,1897-45-6,Fongicide,"T, T+, CMR",,11.25
2016,35740,Non,2130196,cyproconazole,94361-06-5,Fongicide,"T, T+, CMR",,1.5
2016,35740,Non,2130196,propiconazole,60207-90-1,Fongicide,N Organique,,1.875
2016,35740,Non,2130240,fosetyl-aluminium,39148-24-8,Fongicide,Autre,,0.12
2016,35740,Non,2140039,imidaclopride,138261-41-3,Insecticide,N Organique,,2.331
2016,35740,Non,2140039,prothioconazole,178928-70-6,Fongicide,"T, T+, CMR",,0.333
2016,35740,Non,2140085,abamectine,71751-41-2,Insecticide,"T, T+, CMR",,0.018
2016,35740,Non,2140098,aminopyralid,150114-71-9,Herbicide,N Organique,,0.0527
2016,35740,Non,2140098,propyzamide,23950-58-5,Herbicide,"T, T+, CMR",,5
2016,35740,Non,2140121,acide pelargonique,112-05-0,Herbicide,Autre,,2.268985
2016,35740,Non,2140132,diflufenicanil,83164-33-4,Herbicide,N Organique,,2
2016,35740,Non,2140148,dicamba,1918-00-9,Herbicide,N Organique,,0.48
2016,35740,Non,2140166,acide decanoique,334-48-5,Herbicide - Antimousse,Autre,,0.0594
2016,35740,Non,2140166,acide octanoique,124-07-2,Herbicide - Antimousse,Autre,,0.0891
2016,35740,Non,2140167,acide decanoique,334-48-5,Herbicide - Antimousse,Autre,,0.03564
2016,35740,Non,2140167,acide octanoique,124-07-2,Herbicide - Antimousse,Autre,,0.05346
2016,35740,Non,2140173,fluxapyroxad,907204-31-3,Fongicide,"T, T+, CMR",,4.6875
2016,35740,Non,2140173,metconazole,125116-23-6,Fongicide,"T, T+, CMR",,3.375
2016,35740,Non,2140193,sulfate de fer (sulfate ferreux heptahydrate),7782-63-0,Herbicide - Antimousse,Autre,,0.187
2016,35740,Non,2140252,phosphate ferrique,10045-86-0,Molluscicide,Autre,,0.381875
2016,35740,Non,2140256,chlorpyriphos-methyl,5598-13-0,Insecticide,N Organique,,0.5625
2016,35740,Non,2140257,iodosulfuron-methyl-sodium,144550-36-7,Herbicide,N Organique,,0.03
2016,35740,Non,2140257,mefenpyr-diethyl,135590-91-9,Autre usage – Coformulant / Phytoprotecteur / Synergiste,Autre,,0.45
2016,35740,Non,2140257,mesosulfuron-methyl,208465-21-8,Herbicide,N Organique,,0.15
2016,35740,Non,2140266,epoxiconazole,133855-98-8,Fongicide,"T, T+, CMR",,3.36
2016,35740,Non,2140266,fluxapyroxad,907204-31-3,Fongicide,"T, T+, CMR",,3.36
2016,35740,Non,2140266,pyraclostrobine,175013-18-0,Fongicide,"T, T+, CMR",,5.44
2016,35740,Non,2150280,imidaclopride,138261-41-3,Insecticide,N Organique,,23.79
2016,35740,Non,2150483,lambda-cyhalothrine,91465-08-6,Insecticide,"T, T+, CMR",,5.56
2016,35740,Non,2150484,clopyralid,1702-17-6,Herbicide,Autre,,2.4
2016,35740,Non,2150484,florasulame,145701-23-1,Herbicide,N Organique,,0.2
2016,35740,Non,6500402,"2,4-d",94-75-7,Herbicide,N Organique,,33.6
2016,35740,Non,7300221,chlortoluron,15545-48-9,Herbicide,"T, T+, CMR",,35
2016,35740,Non,7400815,chlormequat chlorure,999-81-5,Régulateur de croissance,Autre,,4.6
2016,35740,Non,7500716,cuivre du sulfate de cuivre,8011-63-0,Fongicide,N minéral,,4
2016,35740,Non,7600008,bupirimate,41483-43-6,Fongicide,N Organique,,0.25
2016,35740,Non,8100283,linuron,330-55-2,Herbicide,"T, T+, CMR",,2.25
2016,35740,Non,8200307,isoproturon,34123-59-6,Herbicide,"T, T+, CMR",,80
2016,35740,Non,8300243,chlorothalonil,1897-45-6,Fongicide,"T, T+, CMR",,75
2016,35740,Non,8400096,dicamba,1918-00-9,Herbicide,N Organique,,24.00
2016,35740,Non,8400098,bacillus thuringiensis serotype 3a 3b,68038-71-1,Insecticide,Autre,,0.001
2016,35740,Non,8400098,butoxyde de piperonyle,51-03-6,Autre usage – Coformulant / Phytoprotecteur / Synergiste,Autre,,0.0025
2016,35740,Non,8400098,pyrethrines,8003-34-7,Insecticide,N Organique,,0.0012
2016,35740,Non,8400528,isoxaben,82558-50-7,Herbicide,N Organique,,0.375
2016,35740,Non,8400600,fluroxypyr,69377-81-7,Herbicide,N Organique,,2.4
2016,35740,Non,8500351,acide b-indole butyrique (aib),133-32-4,Régulateur de croissance,"T, T+, CMR",,0.00025
2016,35740,Non,8600349,huile vegetale,,SA non phyto - Divers,Autre,,0.0405
2016,35740,Non,8600349,resines (colophane),8050-09-7,SA non phyto - Divers,Autre,,0.108
2016,35740,Non,8600395,huile vegetale,,SA non phyto - Divers,Autre,,0.01035
2016,35740,Non,8600395,resines (colophane),8050-09-7,SA non phyto - Divers,Autre,,0.0333
2016,35740,Non,8700002,chlortoluron,15545-48-9,Herbicide,"T, T+, CMR",,20
2016,35740,Non,8700240,diflufenicanil,83164-33-4,Herbicide,N Organique,,1.875
2016,35740,Non,8700240,isoproturon,34123-59-6,Herbicide,"T, T+, CMR",,15
2016,35740,Non,8700462,prosulfocarbe,52888-80-9,Herbicide,N Organique,,376
2016,35740,Non,8700621,propiconazole,60207-90-1,Fongicide,N Organique,,0.00125
2016,35740,Non,8800029,phenmediphame,13684-63-4,Herbicide,N Organique,,0.795
2016,35740,Non,8900564,tau-fluvalinate,102851-06-9,Insecticide,N Organique,,1.44
2016,35740,Non,9000184,"2,4-mcpa",94-74-6,Herbicide,N Organique,,18
2016,35740,Non,9000184,clopyralid (sous forme de sel de monoethanolamine),57754-85-5,Herbicide,Autre,,1.8
2016,35740,Non,9000184,fluroxypyr,69377-81-7,Herbicide,N Organique,,3.6
2016,35740,Non,9000259,amidosulfuron,120923-37-7,Herbicide,N Organique,,1.8
2016,35740,Non,9000361,goudrons de pin,8011-48-1,SA non phyto - Divers,Autre,,2.4
2016,35740,Non,9000471,glufosinate ammonium,77182-82-2,Herbicide,"T, T+, CMR",,0.75
2016,35740,Non,9000833,metazachlore,67129-08-2,Herbicide,"T, T+, CMR",,2
2016,35740,Non,9000833,quinmerac,90717-03-6,Herbicide,N Organique,,0.5
2016,35740,Non,9100046,trinexapac-ethyl,95266-40-3,Régulateur de croissance,N Organique,,1.25
2016,35740,Non,9100231,metaldehyde,108-62-3,Molluscicide,Autre,,0.790
2016,35740,Non,9100418,nicosulfuron,111991-09-4,Herbicide,N Organique,,2.8
2016,35740,Non,9100505,glyphosate,1071-83-6,Herbicide,N Organique,,7.2
2016,35740,Non,9200091,imidaclopride,138261-41-3,Insecticide,N Organique,,0.1645
2016,35740,Non,9200135,cypermethrine,52315-07-8,Insecticide,N Organique,,0.01450
2016,35740,Non,9200262,iprodione,36734-19-7,Fongicide,"T, T+, CMR",,1.0
2016,35740,Non,9200482,bacillus thuringiensis serotype 3a 3b,68038-71-1,Insecticide,Autre,,
2016,35740,Non,9200494,ethephon,16672-87-0,Régulateur de croissance,"T, T+, CMR",,19.2
2016,35740,Non,9200494,trinexapac-ethyl,95266-40-3,Régulateur de croissance,N Organique,,19.2
2016,35740,Non,9200512,glyphosate,1071-83-6,Herbicide,N Organique,,0.9
2016,35740,Non,9200532,polybutene,9003-29-6,SA non phyto - Divers,Autre,,0.312
2016,35740,Non,9200532,polyisobutene,115-11-7,SA non phyto - Divers,Autre,,0.168
2016,35740,Non,9200548,thirame,137-26-8,Fongicide,N Organique,,0.1296
2016,35740,Non,9300111,pyrethrines,8003-34-7,Insecticide,N Organique,,0.001
2016,35740,Non,9300189,fluroxypyr,69377-81-7,Herbicide,N Organique,,0.0018
2016,35740,Non,9300189,triclopyr,55335-06-3,Herbicide,N Organique,,0.0054
2016,35740,Non,9300241,glyphosate,1071-83-6,Herbicide,N Organique,,1.343
2016,35740,Non,9300396,chlormequat chlorure,999-81-5,Régulateur de croissance,Autre,,82.8
2016,35740,Non,9300396,chlorure de choline,67-48-1,Autre usage – Coformulant / Phytoprotecteur / Synergiste,Autre,,57.6
2016,35740,Non,9400067,dicamba,1918-00-9,Herbicide,N Organique,,20.3
2016,35740,Non,9400134,diflufenicanil,83164-33-4,Herbicide,N Organique,,3.0
2016,35740,Non,9400134,flurtamone,96525-23-4,Herbicide,N Organique,,7.50
2016,35740,Non,9400162,glyphosate,1071-83-6,Herbicide,N Organique,,36.0
2016,35740,Non,9500002,glyphosate,1071-83-6,Herbicide,N Organique,,1.8
2016,35740,Non,9500135,metaldehyde,108-62-3,Molluscicide,Autre,,0.12
2016,35740,Non,9500148,metirame-zinc,9006-42-2,Fongicide,N Organique,,0.08
2016,35740,Non,9500281,"2,4-mcpa",94-74-6,Herbicide,N Organique,,0.252
2016,35740,Non,9500281,dicamba,1918-00-9,Herbicide,N Organique,,0.0216
2016,35740,Non,9500281,sulfate de fer (sulfate ferreux heptahydrate),7782-63-0,Herbicide - Antimousse,Autre,,15.48
2016,35740,Non,9500414,cypermethrine,52315-07-8,Insecticide,N Organique,,0.001
2016,35740,Non,9500581,chlormequat chlorure,999-81-5,Régulateur de croissance,Autre,,3
2016,35740,Non,9500581,ethephon,16672-87-0,Régulateur de croissance,"T, T+, CMR",,1.5
2016,35740,Non,9600056,flupyrsulfuron-methyl,144740-54-5,Herbicide,N Organique,,0.0999
2016,35740,Non,9600056,metsulfuron-methyl,74223-64-6,Herbicide,N Organique,,0.0501
2016,35740,Non,9600197,carfentrazone ethyl,128639-02-1,Herbicide,N Organique,,0.24
2016,35740,Non,9600197,metsulfuron-methyl,74223-64-6,Herbicide,N Organique,,0.06
2016,35740,Non,9700027,hexythiazox,78587-05-0,Insecticide - Acaricide,N Organique,,0.05
2016,35740,Non,9700332,azoxystrobine,131860-33-8,Fongicide,"T, T+, CMR",,0.5
2016,35740,Non,9700521,glyphosate,1071-83-6,Herbicide,N Organique,,3.6
2016,35740,Non,9800018,clomazone,81777-89-1,Herbicide,N Organique,,0.45
2016,35740,Non,9800018,dimethachlore,50563-36-5,Herbicide,N Organique,,2.8125
2016,35740,Non,9800018,napropamide,15299-99-7,Herbicide,N Organique,,2.8125
2016,35740,Non,9800096,huile minerale paraffinique,8042-47-5,Insecticide - Acaricide,Autre,,1.6
2016,35740,Non,9800098,metamitrone,41394-05-2,Herbicide,N Organique,,1.8
2016,35740,Non,9800211,chlorprophame,101-21-3,Herbicide,"T, T+, CMR",,2
2016,35740,Non,9800219,ethephon,16672-87-0,Régulateur de croissance,"T, T+, CMR",,0.6
2016,35740,Non,9800277,florasulame,145701-23-1,Herbicide,N Organique,,0.1
2016,35740,Non,9800344,fludioxonil,131341-86-1,Fongicide,N Organique,,0.0195
2016,35740,Non,9800344,metalaxyl-m,70630-17-0,Fongicide,Autre,,0.007566
2016,35740,Non,9800477,bentazone,25057-89-0,Herbicide,N Organique,,12.8
2016,35740,Non,9800477,dicamba,1918-00-9,Herbicide,N Organique,,3.6
2016,35740,Non,9800481,fleur de chaux (chaux eteinte),1305-62-0,SA non phyto - Divers,Autre,,14.95
2016,35740,Non,9900047,mesotrione,104206-82-8,Herbicide,N Organique,,11.1
2016,35740,Non,9900119,isoxaben,82558-50-7,Herbicide,N Organique,,0.001196
2016,35740,Non,9900119,oryzalin,19044-88-3,Herbicide,"T, T+, CMR",,0.004968
2016,35740,Non,9900200,glyphosate,1071-83-6,Herbicide,N Organique,,3.6
2016,35740,Non,9900201,glyphosate,1071-83-6,Herbicide,N Organique,,1.8
2016,35740,Non,9900206,picoxystrobine,117428-22-5,Fongicide,N Organique,,4.0
2016,35740,Non,9900251,dimethenamide-p (dmta-p),163515-14-8,Herbicide,N Organique,,7.2
2016,35740,Non,9900257,cuivre du sulfate de cuivre,8011-63-0,Fongicide,N minéral,,2
2016,35740,Non,9900263,chlormequat chlorure,999-81-5,Régulateur de croissance,Autre,,7.36
2016,35740,Non,9900263,imazaquine,81335-37-7,Régulateur de croissance,N Organique,,0.016
2016,35740,Non,9900331,chlorothalonil,1897-45-6,Fongicide,"T, T+, CMR",,0.5
2016,35740,Non,9900331,metalaxyl-m,70630-17-0,Fongicide,Autre,,0.0363
2016,35760,Non,2000018,soufre pour pulverisation (micronise),7704-34-9,Fongicide,Autre,,48
2016,35760,Non,2000044,fluazifop-p-butyl,79241-46-6,Herbicide,"T, T+, CMR",,0.625
2016,35760,Non,2000150,glyphosate,1071-83-6,Herbicide,N Organique,,5.4
2016,35760,Non,2000301,foramsulfuron,173159-57-4,Herbicide,N Organique,,0.225
2016,35760,Non,2000301,isoxadifen-ethyl,163520-33-0,Autre usage – Coformulant / Phytoprotecteur / Synergiste,N Organique,,0.225
2016,35760,Non,2000536,1-dodecanol,112-53-8,Insecticide - Médiateur chimique,N Organique,,0.05814
2016,35760,Non,2000536,1-tetradecanol,112-72-1,Insecticide - Médiateur chimique,N Organique,,0.01349
2016,35760,Non,2000536,"e8,e10-dodecadiene-1-ol",33956-49-9,Insecticide - Médiateur chimique,N Organique,,0.09956
2016,35760,Non,2010130,cuivre de l'oxyde cuivreux,1317-39-1,Fongicide,N minéral,,7.5
2016,35760,Non,2010132,pymetrozine,123312-89-0,Insecticide,"T, T+, CMR",,0.5
2016,35760,Non,2010239,florasulame,145701-23-1,Herbicide,N Organique,,0.029
2016,35760,Non,2010239,fluroxypyr,69377-81-7,Herbicide,N Organique,,2.9
2016,35760,Non,2010280,metconazole,125116-23-6,Fongicide,"T, T+, CMR",,4.3236
2016,35760,Non,2010425,metsulfuron-methyl,74223-64-6,Herbicide,N Organique,,0.08
2016,35760,Non,2010439,"2,4-d",94-75-7,Herbicide,N Organique,,0.0444
2016,35760,Non,2010439,"2,4-mcpa",94-74-6,Herbicide,N Organique,,0.0876
2016,35760,Non,2020234,metaldehyde,108-62-3,Molluscicide,Autre,,1
2016,35760,Non,2030010,clomazone,81777-89-1,Herbicide,N Organique,,0.36
2016,35760,Non,2030174,rimsulfuron,122931-48-0,Herbicide,N Organique,,0.03
2016,35760,Non,2030323,fludioxonil,131341-86-1,Fongicide,N Organique,,0.0095
2016,35760,Non,2030404,pendimethaline,40487-42-1,Herbicide,N Organique,,8
2016,35760,Non,2030460,metaldehyde,108-62-3,Molluscicide,Autre,,1
2016,35760,Non,2040330,cymoxanil,57966-95-7,Fongicide,"T, T+, CMR",,0.4
2016,35760,Non,2040330,mancozebe,8018-01-7,Fongicide,"T, T+, CMR",,4.65
2016,35760,Non,2050046,flonicamide,158062-67-0,Insecticide,Autre,,3
2016,35760,Non,2050146,diflufenicanil,83164-33-4,Herbicide,N Organique,,0.005
2016,35760,Non,2050146,glyphosate,1071-83-6,Herbicide,N Organique,,0.03125
2016,35760,Non,2060051,metrafenone,220899-03-6,Fongicide,N Organique,,0.015
2016,35760,Non,2060088,benoxacor,98730-04-2,Autre usage – Coformulant / Phytoprotecteur / Synergiste,Autre,,1.6
2016,35760,Non,2060088,mesotrione,104206-82-8,Herbicide,N Organique,,3.2
2016,35760,Non,2060088,s-metolachlore,87392-12-9,Herbicide,N Organique,,32
2016,35760,Non,2060098,spinosad,168316-95-8,Insecticide,N Organique,,1.44
2016,35760,Non,2060131,"2,4-d",94-75-7,Herbicide,N Organique,,0.093
2016,35760,Non,2060131,triclopyr,55335-06-3,Herbicide,N Organique,,0.1036
2016,35760,Non,2060132,spinosad,168316-95-8,Insecticide,N Organique,,1.2
2016,35760,Non,2060133,thiaclopride,111988-49-9,Insecticide,"T, T+, CMR",,0.48
2016,35760,Non,2060194,tefluthrine,79538-32-2,Insecticide,"T, T+, CMR",,2.3268
2016,35760,Non,2080010,huile minerale paraffinique,8042-47-5,Insecticide - Acaricide,Autre,,32
2016,35760,Non,2080112,thirame,137-26-8,Fongicide,N Organique,,0.9264
2016,35760,Non,2080117,prosulfuron,94125-34-5,Herbicide,N Organique,,2.700
2016,35760,Non,2080123,metsulfuron-methyl,74223-64-6,Herbicide,N Organique,,4.48
2016,35760,Non,2080136,pyridate,55512-33-9,Herbicide,N Organique,,0.45
2016,35760,Non,2080145,diflufenicanil,83164-33-4,Herbicide,N Organique,,7
2016,35760,Non,2080145,flufenacet,142459-58-3,Herbicide,N Organique,,14
2016,35760,Non,2090008,thirame,137-26-8,Fongicide,N Organique,,0.70356
2016,35760,Non,2090011,pendimethaline,40487-42-1,Herbicide,N Organique,,13.65
2016,35760,Non,2090037,dicamba,1918-00-9,Herbicide,N Organique,,6.4
2016,35760,Non,2090037,prosulfuron,94125-34-5,Herbicide,N Organique,,0.64
2016,35760,Non,2090041,cloquintocet-mexyl,99607-70-2,Autre usage – Coformulant / Phytoprotecteur / Synergiste,Autre,,0.225
2016,35760,Non,2090041,pyroxsulame,422556-08-9,Herbicide,"T, T+, CMR",,0.225
2016,35760,Non,2090050,cypermethrine,52315-07-8,Insecticide,N Organique,,0.096
2016,35760,Non,2090057,metsulfuron-methyl,74223-64-6,Herbicide,N Organique,,0.01665
2016,35760,Non,2090057,tribenuron-methyle,101200-48-0,Herbicide,N Organique,,0.0333
2016,35760,Non,2090069,bromoxynil,1689-84-5,Herbicide,"T, T+, CMR",,8.225
2016,35760,Non,2090071,bromoxynil,1689-84-5,Herbicide,"T, T+, CMR",,1.175
2016,35760,Non,2090082,imidaclopride,138261-41-3,Insecticide,N Organique,,4
2016,35760,Non,2090092,epoxiconazole,133855-98-8,Fongicide,"T, T+, CMR",,2.397
2016,35760,Non,2090092,metconazole,125116-23-6,Fongicide,"T, T+, CMR",,1.7578
2016,35760,Non,2090101,nicosulfuron,111991-09-4,Herbicide,N Organique,,0.4
2016,35760,Non,2090113,dimethenamide-p (dmta-p),163515-14-8,Herbicide,N Organique,,25.60625
2016,35760,Non,2090113,pendimethaline,40487-42-1,Herbicide,N Organique,,30.125
2016,35760,Non,2090116,glyphosate,1071-83-6,Herbicide,N Organique,,7.2
2016,35760,Non,2090153,dicamba,1918-00-9,Herbicide,N Organique,,4.8
2016,35760,Non,2090153,tritosulfuron,142469-14-5,Herbicide,N Organique,,1
2016,35760,Non,2090160,glyphosate,1071-83-6,Herbicide,N Organique,,79.2
2016,35760,Non,2090164,glyphosate,1071-83-6,Herbicide,N Organique,,0.36
2016,35760,Non,2090186,prosulfocarbe,52888-80-9,Herbicide,N Organique,,24
2016,35760,Non,2100026,cypermethrine,52315-07-8,Insecticide,N Organique,,1.5
2016,35760,Non,2100028,fluroxypyr,69377-81-7,Herbicide,N Organique,,6
2016,35760,Non,2100037,boscalid,188425-85-6,Fongicide,N Organique,,1
2016,35760,Non,2100037,dimoxystrobine,149961-52-4,Fongicide,"T, T+, CMR",,1
2016,35760,Non,2100051,ipconazole,125225-28-7,Fongicide,N Organique,,0.1662
2016,35760,Non,2100057,prothioconazole,178928-70-6,Fongicide,"T, T+, CMR",,2.625
2016,35760,Non,2100057,trifloxystrobine,141517-21-7,Fongicide,N Organique,,1.32
2016,35760,Non,2100102,glyphosate,1071-83-6,Herbicide,N Organique,,7.2
2016,35760,Non,2100111,mesotrione,104206-82-8,Herbicide,N Organique,,1.875
2016,35760,Non,2100111,nicosulfuron,111991-09-4,Herbicide,N Organique,,0.75
2016,35760,Non,2100112,ethephon,16672-87-0,Régulateur de croissance,"T, T+, CMR",,4.8
2016,35760,Non,2100138,cloquintocet-mexyl,99607-70-2,Autre usage – Coformulant / Phytoprotecteur / Synergiste,Autre,,0.8750
2016,35760,Non,2100138,pinoxaden,243973-20-8,Herbicide,"T, T+, CMR",,3.50
2016,35760,Non,2100140,clodinafop-propargyl,105512-06-9,Herbicide,N Organique,,1.875
2016,35760,Non,2100140,cloquintocet-mexyl,99607-70-2,Autre usage – Coformulant / Phytoprotecteur / Synergiste,Autre,,0.46875
2016,35760,Non,2100140,pinoxaden,243973-20-8,Herbicide,"T, T+, CMR",,1.875
2016,35760,Non,2100184,picolinafen,137641-05-5,Herbicide,N Organique,,0.03335
2016,35760,Non,2100184,tritosulfuron,142469-14-5,Herbicide,N Organique,,0.03335
2016,35760,Non,2100211,prothioconazole,178928-70-6,Fongicide,"T, T+, CMR",,0.625
2016,35760,Non,2100211,tebuconazole,107534-96-3,Fongicide,"T, T+, CMR",,0.625
2016,35760,Non,2100227,propaquizafop,111479-05-1,Herbicide,N Organique,,0.5
2016,35760,Non,2100245,prothioconazole,178928-70-6,Fongicide,"T, T+, CMR",,1.875
2016,35760,Non,2100245,tebuconazole,107534-96-3,Fongicide,"T, T+, CMR",,1.875
2016,35760,Non,2110102,difenoconazole,119446-68-3,Fongicide,N Organique,,0.139
2016,35760,Non,2110102,fludioxonil,131341-86-1,Fongicide,N Organique,,0.139
2016,35760,Non,2110102,sedaxane,874967-67-6,Fongicide,N Organique,,0.278
2016,35760,Non,2110103,tribenuron-methyle,101200-48-0,Herbicide,N Organique,,0.45
2016,35760,Non,2110121,thiaclopride,111988-49-9,Insecticide,"T, T+, CMR",,0.592
2016,35760,Non,2110152,cypermethrine,52315-07-8,Insecticide,N Organique,,0.08
2016,35760,Non,2110177,chlorothalonil,1897-45-6,Fongicide,"T, T+, CMR",,18.75
2016,35760,Non,2110177,cyproconazole,94361-06-5,Fongicide,"T, T+, CMR",,2.5
2016,35760,Non,2110177,propiconazole,60207-90-1,Fongicide,N Organique,,3.125
2016,35760,Non,2110187,dimethomorphe,110488-70-5,Fongicide,N Organique,,0.9
2016,35760,Non,2110187,mancozebe,8018-01-7,Fongicide,"T, T+, CMR",,6
2016,35760,Non,2120008,glyphosate,1071-83-6,Herbicide,N Organique,,1.08
2016,35760,Non,2120034,glyphosate,1071-83-6,Herbicide,N Organique,,19.2
2016,35760,Non,2120041,zirame,137-30-4,Fongicide,"T, T+, CMR",,0.378
2016,35760,Non,2120048,aminopyralid,150114-71-9,Herbicide,N Organique,,0.48
2016,35760,Non,2120048,triclopyr,55335-06-3,Herbicide,N Organique,,3.84
2016,35760,Non,2120070,prothioconazole,178928-70-6,Fongicide,"T, T+, CMR",,4.8
2016,35760,Non,2120070,tebuconazole,107534-96-3,Fongicide,"T, T+, CMR",,2.4
2016,35760,Non,2120075,dimethenamide-p (dmta-p),163515-14-8,Herbicide,N Organique,,0.04
2016,35760,Non,2120075,metazachlore,67129-08-2,Herbicide,"T, T+, CMR",,0.04
2016,35760,Non,2120075,quinmerac,90717-03-6,Herbicide,N Organique,,0.02
2016,35760,Non,2120118,"2,4-d",94-75-7,Herbicide,N Organique,,0.058
2016,35760,Non,2120118,triclopyr,55335-06-3,Herbicide,N Organique,,0.0647
2016,35760,Non,2120210,dicamba,1918-00-9,Herbicide,N Organique,,4.8
2016,35760,Non,2130068,diflufenicanil,83164-33-4,Herbicide,N Organique,,2.5
2016,35760,Non,2130152,fluopyram,658066-35-4,Fongicide,"T, T+, CMR",,0.5
2016,35760,Non,2130152,trifloxystrobine,141517-21-7,Fongicide,N Organique,,0.5
2016,35760,Non,2130164,foramsulfuron,173159-57-4,Herbicide,N Organique,,1.20
2016,35760,Non,2130164,thiencarbazone-methyl,317815-83-1,Herbicide,"T, T+, CMR",,0.40
2016,35760,Non,2130196,chlorothalonil,1897-45-6,Fongicide,"T, T+, CMR",,7.5
2016,35760,Non,2130196,cyproconazole,94361-06-5,Fongicide,"T, T+, CMR",,1
2016,35760,Non,2130196,propiconazole,60207-90-1,Fongicide,N Organique,,1.25
2016,35760,Non,2140023,clomazone,81777-89-1,Herbicide,N Organique,,0.0045
2016,35760,Non,2140023,pendimethaline,40487-42-1,Herbicide,N Organique,,0.04995
2016,35760,Non,2140034,mesotrione,104206-82-8,Herbicide,N Organique,,0.5
2016,35760,Non,2140039,imidaclopride,138261-41-3,Insecticide,N Organique,,0.196
2016,35760,Non,2140039,prothioconazole,178928-70-6,Fongicide,"T, T+, CMR",,0.028
2016,35760,Non,2140084,polysulfure de calcium,1344-81-6,Fongicide,N Organique,,146.16
2016,35760,Non,2140085,abamectine,71751-41-2,Insecticide,"T, T+, CMR",,0.198
2016,35760,Non,2140090,azadirachtine,11141-17-6,Insecticide,Autre,,0.049
2016,35760,Non,2140132,diflufenicanil,83164-33-4,Herbicide,N Organique,,2.5
2016,35760,Non,2140156,"2,4-mcpa",94-74-6,Herbicide,N Organique,,1.3335
2016,35760,Non,2140156,clopyralid,1702-17-6,Herbicide,Autre,,0.1165
2016,35760,Non,2140156,fluroxypyr,69377-81-7,Herbicide,N Organique,,0.3
2016,35760,Non,2140173,fluxapyroxad,907204-31-3,Fongicide,"T, T+, CMR",,3.4625
2016,35760,Non,2140173,metconazole,125116-23-6,Fongicide,"T, T+, CMR",,2.493
2016,35760,Non,2140256,chlorpyriphos-methyl,5598-13-0,Insecticide,N Organique,,0.2250
2016,35760,Non,2140266,epoxiconazole,133855-98-8,Fongicide,"T, T+, CMR",,2.94
2016,35760,Non,2140266,fluxapyroxad,907204-31-3,Fongicide,"T, T+, CMR",,2.94
2016,35760,Non,2140266,pyraclostrobine,175013-18-0,Fongicide,"T, T+, CMR",,4.76
2016,35760,Non,2150006,metribuzine,21087-64-9,Herbicide,N Organique,,0.7
2016,35760,Non,2150280,imidaclopride,138261-41-3,Insecticide,N Organique,,7.71
2016,35760,Non,2169997,pyridalyl,179101-81-6,Insecticide,Autre,,1.01
2016,35760,Non,6500402,"2,4-d",94-75-7,Herbicide,N Organique,,16.8
2016,35760,Non,7400815,chlormequat chlorure,999-81-5,Régulateur de croissance,Autre,,18.4
2016,35760,Non,7500071,chlorprophame,101-21-3,Herbicide,"T, T+, CMR",,0.5
2016,35760,Non,7500716,cuivre du sulfate de cuivre,8011-63-0,Fongicide,N minéral,,12
2016,35760,Non,7700078,diquat,85-00-7,Herbicide,"T, T+, CMR",,1
2016,35760,Non,8200307,isoproturon,34123-59-6,Herbicide,"T, T+, CMR",,30
2016,35760,Non,8300243,chlorothalonil,1897-45-6,Fongicide,"T, T+, CMR",,50
2016,35760,Non,8400425,hydrazide maleique,123-33-1,Régulateur de croissance,Autre,,12
2016,35760,Non,8400528,isoxaben,82558-50-7,Herbicide,N Organique,,0.125
2016,35760,Non,8600243,aclonifen,74070-46-5,Herbicide,"T, T+, CMR",,6
2016,35760,Non,8700462,prosulfocarbe,52888-80-9,Herbicide,N Organique,,136
2016,35760,Non,8700746,prochloraze,67747-09-5,Fongicide,N Organique,,20.284
2016,35760,Non,8800395,lambda-cyhalothrine,91465-08-6,Insecticide,"T, T+, CMR",,0.025
2016,35760,Non,8800395,pyrimicarbe,23103-98-2,Insecticide,"T, T+, CMR",,0.5
2016,35760,Non,8800941,metaldehyde,108-62-3,Molluscicide,Autre,,1.056
2016,35760,Non,8900681,pendimethaline,40487-42-1,Herbicide,N Organique,,0.04
2016,35760,Non,9000184,"2,4-mcpa",94-74-6,Herbicide,N Organique,,2
2016,35760,Non,9000184,clopyralid (sous forme de sel de monoethanolamine),57754-85-5,Herbicide,Autre,,0.2
2016,35760,Non,9000184,fluroxypyr,69377-81-7,Herbicide,N Organique,,0.4
2016,35760,Non,9000259,amidosulfuron,120923-37-7,Herbicide,N Organique,,0.18
2016,35760,Non,9000362,huile de resine,8050-18-8,SA non phyto - Divers,Autre,,0.4194
2016,35760,Non,9000362,resines (colophane),8050-09-7,SA non phyto - Divers,Autre,,3.645
2016,35760,Non,9000362,suif,61789-97-7,SA non phyto - Divers,Autre,,0.3138
2016,35760,Non,9000471,glufosinate ammonium,77182-82-2,Herbicide,"T, T+, CMR",,0.75
2016,35760,Non,9000833,metazachlore,67129-08-2,Herbicide,"T, T+, CMR",,2
2016,35760,Non,9000833,quinmerac,90717-03-6,Herbicide,N Organique,,0.5
2016,35760,Non,9100296,"2,4-d",94-75-7,Herbicide,N Organique,,3
2016,35760,Non,9100418,nicosulfuron,111991-09-4,Herbicide,N Organique,,2.8
2016,35760,Non,9200022,fenpropidine,67306-00-7,Fongicide,N Organique,,2.5
2016,35760,Non,9200022,propiconazole,60207-90-1,Fongicide,N Organique,,0.625
2016,35760,Non,9200091,imidaclopride,138261-41-3,Insecticide,N Organique,,0.133
2016,35760,Non,9200159,pyrimethanil,53112-28-0,Fongicide,N Organique,,2
2016,35760,Non,9200262,iprodione,36734-19-7,Fongicide,"T, T+, CMR",,0.5
2016,35760,Non,9200461,chlormequat chlorure,999-81-5,Régulateur de croissance,Autre,,15.525
2016,35760,Non,9200461,mepiquat-chlorure,24307-26-4,Régulateur de croissance,N Organique,,5.175
2016,35760,Non,9200548,thirame,137-26-8,Fongicide,N Organique,,0.12
2016,35760,Non,9300309,zetacypermethrine,52315-07-8,Insecticide,"T, T+, CMR",,0.2
2016,35760,Non,9300396,chlormequat chlorure,999-81-5,Régulateur de croissance,Autre,,41.4
2016,35760,Non,9300396,chlorure de choline,67-48-1,Autre usage – Coformulant / Phytoprotecteur / Synergiste,Autre,,28.8
2016,35760,Non,9400134,diflufenicanil,83164-33-4,Herbicide,N Organique,,2.5
2016,35760,Non,9400134,flurtamone,96525-23-4,Herbicide,N Organique,,6.25
2016,35760,Non,9400162,glyphosate,1071-83-6,Herbicide,N Organique,,43.2
2016,35760,Non,9400495,glyphosate,1071-83-6,Herbicide,N Organique,,0.72
2016,35760,Non,9400525,glyphosate,1071-83-6,Herbicide,N Organique,,7.2
2016,35760,Non,9800245,soufre pour pulverisation (micronise),7704-34-9,Fongicide,Autre,,64
2016,35760,Non,9800336,lambda-cyhalothrine,91465-08-6,Insecticide,"T, T+, CMR",,0.8
2016,35760,Non,9800343,clomazone,81777-89-1,Herbicide,N Organique,,0.3
2016,35760,Non,9800343,dimethachlore,50563-36-5,Herbicide,N Organique,,2.5
2016,35760,Non,9800344,fludioxonil,131341-86-1,Fongicide,N Organique,,0.01925
2016,35760,Non,9800344,metalaxyl-m,70630-17-0,Fongicide,Autre,,0.007469
2016,35760,Non,9800477,bentazone,25057-89-0,Herbicide,N Organique,,11.2
2016,35760,Non,9800477,dicamba,1918-00-9,Herbicide,N Organique,,3.15
2016,35760,Non,9900047,mesotrione,104206-82-8,Herbicide,N Organique,,5.1
2016,35760,Non,9900123,1-dodecanol,112-53-8,Insecticide - Médiateur chimique,N Organique,,0.34884
2016,35760,Non,9900123,1-tetradecanol,112-72-1,Insecticide - Médiateur chimique,N Organique,,0.08094
2016,35760,Non,9900123,"e8,e10-dodecadiene-1-ol",33956-49-9,Insecticide - Médiateur chimique,N Organique,,0.59736
2016,35760,Non,9900206,picoxystrobine,117428-22-5,Fongicide,N Organique,,5.00
2016,35760,Non,9900251,dimethenamide-p (dmta-p),163515-14-8,Herbicide,N Organique,,43.2
2016,35770,Non,2000018,soufre pour pulverisation (micronise),7704-34-9,Fongicide,Autre,,96
2016,35770,Non,2000125,cuivre du sulfate de cuivre,8011-63-0,Fongicide,N minéral,,0.14
2016,35770,Non,2000299,clomazone,81777-89-1,Herbicide,N Organique,,6.84
2016,35770,Non,2000301,foramsulfuron,173159-57-4,Herbicide,N Organique,,2.25
2016,35770,Non,2000301,isoxadifen-ethyl,163520-33-0,Autre usage – Coformulant / Phytoprotecteur / Synergiste,N Organique,,2.25
2016,35770,Non,2000380,clethodime,99129-21-2,Herbicide,N Organique,,0.48
2016,35770,Non,2000502,chlorpyriphos-methyl,5598-13-0,Insecticide,N Organique,,0.1125
2016,35770,Non,2010023,deltamethrine,52918-63-5,Insecticide,"T, T+, CMR",,1.05
2016,35770,Non,2010130,cuivre de l'oxyde cuivreux,1317-39-1,Fongicide,N minéral,,22.5
2016,35770,Non,2010239,florasulame,145701-23-1,Herbicide,N Organique,,0.034
2016,35770,Non,2010239,fluroxypyr,69377-81-7,Herbicide,N Organique,,3.4
2016,35770,Non,2010427,quizalofop-p-ethyl,100646-51-3,Herbicide,N Organique,,0.6
2016,35770,Non,2010439,"2,4-d",94-75-7,Herbicide,N Organique,,0.1554
2016,35770,Non,2010439,"2,4-mcpa",94-74-6,Herbicide,N Organique,,0.3066
2016,35770,Non,2010628,trifloxystrobine,141517-21-7,Fongicide,N Organique,,2
2016,35770,Non,2020062,desmediphame,13684-56-5,Herbicide,N Organique,,0.125
2016,35770,Non,2020062,ethofumesate,26225-79-6,Herbicide,N Organique,,0.755
2016,35770,Non,2020062,phenmediphame,13684-63-4,Herbicide,N Organique,,0.375
2016,35770,Non,2020267,lenacile,2164-08-1,Herbicide,"T, T+, CMR",,0.8
2016,35770,Non,2020318,"2,4-mcpa",94-74-6,Herbicide,N Organique,,0.27
2016,35770,Non,2020318,dichlorprop-p,15165-67-0,Herbicide,Autre,,0.27
2016,35770,Non,2020318,glyphosate,1071-83-6,Herbicide,N Organique,,0.36
2016,35770,Non,2020474,metazachlore,67129-08-2,Herbicide,"T, T+, CMR",,2.5
2016,35770,Non,2030125,deltamethrine,52918-63-5,Insecticide,"T, T+, CMR",,0.0003
2016,35770,Non,2030255,tebuconazole,107534-96-3,Fongicide,"T, T+, CMR",,38.75
2016,35770,Non,2030323,fludioxonil,131341-86-1,Fongicide,N Organique,,0.133
2016,35770,Non,2030342,chlormequat chlorure,999-81-5,Régulateur de croissance,Autre,,18.4
2016,35770,Non,2030342,chlorure de choline,67-48-1,Autre usage – Coformulant / Phytoprotecteur / Synergiste,Autre,,12.8
2016,35770,Non,2040146,tefluthrine,79538-32-2,Insecticide,"T, T+, CMR",,0.42
2016,35770,Non,2040201,"2,4-mcpa",94-74-6,Herbicide,N Organique,,10.8
2016,35770,Non,2040201,dicamba,1918-00-9,Herbicide,N Organique,,0.9
2016,35770,Non,2060002,difenoconazole,119446-68-3,Fongicide,N Organique,,1.25
2016,35770,Non,2060045,huile vegetale,,SA non phyto - Divers,Autre,,0.525
2016,35770,Non,2060045,resines (colophane),8050-09-7,SA non phyto - Divers,Autre,,5.1
2016,35770,Non,2060084,boscalid,188425-85-6,Fongicide,N Organique,,2.403
2016,35770,Non,2060084,pyraclostrobine,175013-18-0,Fongicide,"T, T+, CMR",,0.603
2016,35770,Non,2060127,prothioconazole,178928-70-6,Fongicide,"T, T+, CMR",,0.005
2016,35770,Non,2060134,captane,133-06-2,Fongicide,"T, T+, CMR",,24
2016,35770,Non,2060175,metaldehyde,108-62-3,Molluscicide,Autre,,15
2016,35770,Non,2060194,tefluthrine,79538-32-2,Insecticide,"T, T+, CMR",,0.18
2016,35770,Non,2080026,nicosulfuron,111991-09-4,Herbicide,N Organique,,2.46
2016,35770,Non,2080094,florasulame,145701-23-1,Herbicide,N Organique,,0.08
2016,35770,Non,2080094,isoxaben,82558-50-7,Herbicide,N Organique,,1.22
2016,35770,Non,2080101,acetamipride,135410-20-7,Insecticide,N Organique,,0.6
2016,35770,Non,2080112,thirame,137-26-8,Fongicide,N Organique,,1.1472
2016,35770,Non,2080117,prosulfuron,94125-34-5,Herbicide,N Organique,,0.1875
2016,35770,Non,2080123,metsulfuron-methyl,74223-64-6,Herbicide,N Organique,,0.08
2016,35770,Non,2080145,diflufenicanil,83164-33-4,Herbicide,N Organique,,12
2016,35770,Non,2080145,flufenacet,142459-58-3,Herbicide,N Organique,,24
2016,35770,Non,2090016,imazamox,114311-32-9,Herbicide,N Organique,,0.501
2016,35770,Non,2090016,pendimethaline,40487-42-1,Herbicide,N Organique,,7.5
2016,35770,Non,2090037,dicamba,1918-00-9,Herbicide,N Organique,,6.0
2016,35770,Non,2090037,prosulfuron,94125-34-5,Herbicide,N Organique,,0.60
2016,35770,Non,2090042,cloquintocet-mexyl,99607-70-2,Autre usage – Coformulant / Phytoprotecteur / Synergiste,Autre,,1.6392
2016,35770,Non,2090042,florasulame,145701-23-1,Herbicide,N Organique,,0.5472
2016,35770,Non,2090042,pyroxsulame,422556-08-9,Herbicide,"T, T+, CMR",,1.6392
2016,35770,Non,2090050,cypermethrine,52315-07-8,Insecticide,N Organique,,0.576
2016,35770,Non,2090054,metsulfuron-methyl,74223-64-6,Herbicide,N Organique,,0.05434
2016,35770,Non,2090054,tribenuron-methyle,101200-48-0,Herbicide,N Organique,,0.05434
2016,35770,Non,2090060,deltamethrine,52918-63-5,Insecticide,"T, T+, CMR",,0.15
2016,35770,Non,2090060,thiaclopride,111988-49-9,Insecticide,"T, T+, CMR",,1.5
2016,35770,Non,2090068,mepiquat-chlorure,24307-26-4,Régulateur de croissance,N Organique,,3.15
2016,35770,Non,2090068,metconazole,125116-23-6,Fongicide,"T, T+, CMR",,0.45
2016,35770,Non,2090069,bromoxynil,1689-84-5,Herbicide,"T, T+, CMR",,1.175
2016,35770,Non,2090071,bromoxynil,1689-84-5,Herbicide,"T, T+, CMR",,7.05
2016,35770,Non,2090092,epoxiconazole,133855-98-8,Fongicide,"T, T+, CMR",,1.875
2016,35770,Non,2090092,metconazole,125116-23-6,Fongicide,"T, T+, CMR",,1.375
2016,35770,Non,2090103,soufre pour pulverisation (micronise),7704-34-9,Fongicide,Autre,,60
2016,35770,Non,2090113,dimethenamide-p (dmta-p),163515-14-8,Herbicide,N Organique,,51
2016,35770,Non,2090113,pendimethaline,40487-42-1,Herbicide,N Organique,,60
2016,35770,Non,2090116,glyphosate,1071-83-6,Herbicide,N Organique,,14.4
2016,35770,Non,2090149,ethephon,16672-87-0,Régulateur de croissance,"T, T+, CMR",,21.6
2016,35770,Non,2090157,cyflufenamid,180409-60-3,Fongicide,N Organique,,0.1
2016,35770,Non,2090160,glyphosate,1071-83-6,Herbicide,N Organique,,324.0
2016,35770,Non,2100009,thifensulfuron-methyle,79277-27-3,Herbicide,N Organique,,0.05994
2016,35770,Non,2100009,tribenuron-methyle,101200-48-0,Herbicide,N Organique,,0.03006
2016,35770,Non,2100026,cypermethrine,52315-07-8,Insecticide,N Organique,,0.5
2016,35770,Non,2100028,fluroxypyr,69377-81-7,Herbicide,N Organique,,5
2016,35770,Non,2100037,boscalid,188425-85-6,Fongicide,N Organique,,4
2016,35770,Non,2100037,dimoxystrobine,149961-52-4,Fongicide,"T, T+, CMR",,4
2016,35770,Non,2100056,prothioconazole,178928-70-6,Fongicide,"T, T+, CMR",,0.8
2016,35770,Non,2100056,spiroxamine,118134-30-8,Fongicide,N Organique,,1.5
2016,35770,Non,2100057,prothioconazole,178928-70-6,Fongicide,"T, T+, CMR",,2.625
2016,35770,Non,2100057,trifloxystrobine,141517-21-7,Fongicide,N Organique,,1.32
2016,35770,Non,2100069,metsulfuron-methyl,74223-64-6,Herbicide,N Organique,,0.35
2016,35770,Non,2100069,thifensulfuron-methyle,79277-27-3,Herbicide,N Organique,,3.4
2016,35770,Non,2100098,glyphosate,1071-83-6,Herbicide,N Organique,,3.6
2016,35770,Non,2100102,glyphosate,1071-83-6,Herbicide,N Organique,,3.6
2016,35770,Non,2100112,ethephon,16672-87-0,Régulateur de croissance,"T, T+, CMR",,33.6
2016,35770,Non,2100138,cloquintocet-mexyl,99607-70-2,Autre usage – Coformulant / Phytoprotecteur / Synergiste,Autre,,0.3750
2016,35770,Non,2100138,pinoxaden,243973-20-8,Herbicide,"T, T+, CMR",,1.50
2016,35770,Non,2100140,clodinafop-propargyl,105512-06-9,Herbicide,N Organique,,3.125
2016,35770,Non,2100140,cloquintocet-mexyl,99607-70-2,Autre usage – Coformulant / Phytoprotecteur / Synergiste,Autre,,0.78125
2016,35770,Non,2100140,pinoxaden,243973-20-8,Herbicide,"T, T+, CMR",,3.125
2016,35770,Non,2100154,chlorpyriphos-ethyl,2921-88-2,Insecticide,"T, T+, CMR",,25
2016,35770,Non,2100154,cypermethrine,52315-07-8,Insecticide,N Organique,,2.5
2016,35770,Non,2100214,clomazone,81777-89-1,Herbicide,N Organique,,1.08
2016,35770,Non,2100234,diflufenicanil,83164-33-4,Herbicide,N Organique,,3.6
2016,35770,Non,2100234,iodosulfuron-methyl-sodium,144550-36-7,Herbicide,N Organique,,0.225
2016,35770,Non,2100234,mefenpyr-diethyl,135590-91-9,Autre usage – Coformulant / Phytoprotecteur / Synergiste,Autre,,0.81
2016,35770,Non,2100234,mesosulfuron-methyl,208465-21-8,Herbicide,N Organique,,0.27
2016,35770,Non,2100246,aminopyralid,150114-71-9,Herbicide,N Organique,,0.36
2016,35770,Non,2100246,fluroxypyr,69377-81-7,Herbicide,N Organique,,1.2
2016,35770,Non,2110018,difenoconazole,119446-68-3,Fongicide,N Organique,,0.13
2016,35770,Non,2110018,fludioxonil,131341-86-1,Fongicide,N Organique,,0.13
2016,35770,Non,2110086,spirotetramat,203313-25-1,Insecticide,"T, T+, CMR",,0.2
2016,35770,Non,2110105,azoxystrobine,131860-33-8,Fongicide,"T, T+, CMR",,58.75
2016,35770,Non,2110121,thiaclopride,111988-49-9,Insecticide,"T, T+, CMR",,3.212
2016,35770,Non,2110153,chlormequat chlorure,999-81-5,Régulateur de croissance,Autre,,147
2016,35770,Non,2110153,ethephon,16672-87-0,Régulateur de croissance,"T, T+, CMR",,73.5
2016,35770,Non,2110177,chlorothalonil,1897-45-6,Fongicide,"T, T+, CMR",,33.75
2016,35770,Non,2110177,cyproconazole,94361-06-5,Fongicide,"T, T+, CMR",,4.5
2016,35770,Non,2110177,propiconazole,60207-90-1,Fongicide,N Organique,,5.625
2016,35770,Non,2110178,bixafen,581809-46-3,Fongicide,N Organique,,0.525
2016,35770,Non,2110178,prothioconazole,178928-70-6,Fongicide,"T, T+, CMR",,1.05
2016,35770,Non,2110181,bixafen,581809-46-3,Fongicide,N Organique,,1.500
2016,35770,Non,2110181,prothioconazole,178928-70-6,Fongicide,"T, T+, CMR",,2.0
2016,35770,Non,2110181,tebuconazole,107534-96-3,Fongicide,"T, T+, CMR",,2.0
2016,35770,Non,2110192,metsulfuron-methyl,74223-64-6,Herbicide,N Organique,,0.04
2016,35770,Non,2110198,glyphosate,1071-83-6,Herbicide,N Organique,,21.6
2016,35770,Non,2120048,aminopyralid,150114-71-9,Herbicide,N Organique,,0.36
2016,35770,Non,2120048,triclopyr,55335-06-3,Herbicide,N Organique,,2.88
2016,35770,Non,2120066,dichlorprop-p,15165-67-0,Herbicide,Autre,,6
2016,35770,Non,2120066,picolinafen,137641-05-5,Herbicide,N Organique,,0.2
2016,35770,Non,2120070,prothioconazole,178928-70-6,Fongicide,"T, T+, CMR",,8
2016,35770,Non,2120070,tebuconazole,107534-96-3,Fongicide,"T, T+, CMR",,4
2016,35770,Non,2120075,dimethenamide-p (dmta-p),163515-14-8,Herbicide,N Organique,,4
2016,35770,Non,2120075,metazachlore,67129-08-2,Herbicide,"T, T+, CMR",,4
2016,35770,Non,2120075,quinmerac,90717-03-6,Herbicide,N Organique,,2
2016,35770,Non,2120160,bentazone,25057-89-0,Herbicide,N Organique,,19.2
2016,35770,Non,2120194,metsulfuron-methyl,74223-64-6,Herbicide,N Organique,,0.04
2016,35770,Non,2120205,epoxiconazole,133855-98-8,Fongicide,"T, T+, CMR",,0.416
2016,35770,Non,2120205,fluxapyroxad,907204-31-3,Fongicide,"T, T+, CMR",,0.416
2016,35770,Non,2120205,pyraclostrobine,175013-18-0,Fongicide,"T, T+, CMR",,0.666
2016,35770,Non,2120210,dicamba,1918-00-9,Herbicide,N Organique,,7.2
2016,35770,Non,2130068,diflufenicanil,83164-33-4,Herbicide,N Organique,,1
2016,35770,Non,2130084,metaldehyde,108-62-3,Molluscicide,Autre,,1.44
2016,35770,Non,2130186,lambda-cyhalothrine,91465-08-6,Insecticide,"T, T+, CMR",,1.75
2016,35770,Non,2130202,fluopyram,658066-35-4,Fongicide,"T, T+, CMR",,3.125
2016,35770,Non,2130202,prothioconazole,178928-70-6,Fongicide,"T, T+, CMR",,3.125
2016,35770,Non,2140085,abamectine,71751-41-2,Insecticide,"T, T+, CMR",,0.036
2016,35770,Non,2140093,glyphosate,1071-83-6,Herbicide,N Organique,,18
2016,35770,Non,2140098,aminopyralid,150114-71-9,Herbicide,N Organique,,0.3162
2016,35770,Non,2140098,propyzamide,23950-58-5,Herbicide,"T, T+, CMR",,30
2016,35770,Non,2140148,dicamba,1918-00-9,Herbicide,N Organique,,1.44
2016,35770,Non,2140173,fluxapyroxad,907204-31-3,Fongicide,"T, T+, CMR",,7.8125
2016,35770,Non,2140173,metconazole,125116-23-6,Fongicide,"T, T+, CMR",,5.625
2016,35770,Non,2140199,amidosulfuron,120923-37-7,Herbicide,N Organique,,0.15
2016,35770,Non,2140199,iodosulfuron-methyl-sodium,144550-36-7,Herbicide,N Organique,,0.03
2016,35770,Non,2140199,mesosulfuron-methyl,208465-21-8,Herbicide,N Organique,,0.09
2016,35770,Non,2140256,chlorpyriphos-methyl,5598-13-0,Insecticide,N Organique,,0.1125
2016,35770,Non,2150200,chlorothalonil,1897-45-6,Fongicide,"T, T+, CMR",,35
2016,35770,Non,2150484,clopyralid,1702-17-6,Herbicide,Autre,,0.9
2016,35770,Non,2150484,florasulame,145701-23-1,Herbicide,N Organique,,0.075
2016,35770,Non,5100219,soufre sublime,7704-34-9,Fongicide,Autre,,24.75
2016,35770,Non,6500402,"2,4-d",94-75-7,Herbicide,N Organique,,4.8
2016,35770,Non,7300221,chlortoluron,15545-48-9,Herbicide,"T, T+, CMR",,15
2016,35770,Non,7400815,chlormequat chlorure,999-81-5,Régulateur de croissance,Autre,,13.8
2016,35770,Non,7500569,pyrimicarbe,23103-98-2,Insecticide,"T, T+, CMR",,2
2016,35770,Non,7800790,bromoxynil octanoate,1689-99-2,Herbicide,"T, T+, CMR",,2.4
2016,35770,Non,7800790,dicamba,1918-00-9,Herbicide,N Organique,,0.48
2016,35770,Non,7800790,mecoprop (mcpp),7085-19-0,Herbicide,N Organique,,7.2
2016,35770,Non,8200216,propiconazole,60207-90-1,Fongicide,N Organique,,1.75
2016,35770,Non,8200307,isoproturon,34123-59-6,Herbicide,"T, T+, CMR",,7.5
2016,35770,Non,8300243,chlorothalonil,1897-45-6,Fongicide,"T, T+, CMR",,2.5
2016,35770,Non,8400096,dicamba,1918-00-9,Herbicide,N Organique,,2.4
2016,35770,Non,8500023,thirame,137-26-8,Fongicide,N Organique,,64
2016,35770,Non,8600330,paclobutrazol,76738-62-0,Régulateur de croissance,N Organique,,0.008
2016,35770,Non,8700462,prosulfocarbe,52888-80-9,Herbicide,N Organique,,40
2016,35770,Non,8800395,lambda-cyhalothrine,91465-08-6,Insecticide,"T, T+, CMR",,0.75
2016,35770,Non,8800395,pyrimicarbe,23103-98-2,Insecticide,"T, T+, CMR",,15
2016,35770,Non,8800488,chlorothalonil,1897-45-6,Fongicide,"T, T+, CMR",,45
2016,35770,Non,8900681,pendimethaline,40487-42-1,Herbicide,N Organique,,2
2016,35770,Non,9000163,rimsulfuron,122931-48-0,Herbicide,N Organique,,0.075
2016,35770,Non,9000184,"2,4-mcpa",94-74-6,Herbicide,N Organique,,2
2016,35770,Non,9000184,clopyralid (sous forme de sel de monoethanolamine),57754-85-5,Herbicide,Autre,,0.2
2016,35770,Non,9000184,fluroxypyr,69377-81-7,Herbicide,N Organique,,0.4
2016,35770,Non,9000259,amidosulfuron,120923-37-7,Herbicide,N Organique,,1.26
2016,35770,Non,9000471,glufosinate ammonium,77182-82-2,Herbicide,"T, T+, CMR",,0.75
2016,35770,Non,9000490,cycloxydime,101205-02-1,Herbicide,"T, T+, CMR",,1
2016,35770,Non,9000833,metazachlore,67129-08-2,Herbicide,"T, T+, CMR",,2
2016,35770,Non,9000833,quinmerac,90717-03-6,Herbicide,N Organique,,0.5
2016,35770,Non,9100046,trinexapac-ethyl,95266-40-3,Régulateur de croissance,N Organique,,1.25
2016,35770,Non,9100537,glyphosate,1071-83-6,Herbicide,N Organique,,14.4
2016,35770,Non,9200073,triflusulfuron-methyl,126535-15-7,Herbicide,"T, T+, CMR",,0.05
2016,35770,Non,9200091,imidaclopride,138261-41-3,Insecticide,N Organique,,3.122
2016,35770,Non,9200159,pyrimethanil,53112-28-0,Fongicide,N Organique,,2
2016,35770,Non,9200392,"2,4-mcpa",94-74-6,Herbicide,N Organique,,1.2
2016,35770,Non,9200392,clopyralid (sous forme de sel de monoethanolamine),57754-85-5,Herbicide,Autre,,0.12
2016,35770,Non,9200392,fluroxypyr,69377-81-7,Herbicide,N Organique,,0.24
2016,35770,Non,9200548,thirame,137-26-8,Fongicide,N Organique,,0.3312
2016,35770,Non,9300186,tebuconazole,107534-96-3,Fongicide,"T, T+, CMR",,1.25
2016,35770,Non,9300189,fluroxypyr,69377-81-7,Herbicide,N Organique,,2.2
2016,35770,Non,9300189,triclopyr,55335-06-3,Herbicide,N Organique,,6.6
2016,35770,Non,9300309,zetacypermethrine,52315-07-8,Insecticide,"T, T+, CMR",,0.1
2016,35770,Non,9300396,chlormequat chlorure,999-81-5,Régulateur de croissance,Autre,,115
2016,35770,Non,9300396,chlorure de choline,67-48-1,Autre usage – Coformulant / Phytoprotecteur / Synergiste,Autre,,80
2016,35770,Non,9400012,tetraconazole,112281-77-3,Fongicide,N Organique,,1.5
2016,35770,Non,9400052,clethodime,99129-21-2,Herbicide,N Organique,,4.8
2016,35770,Non,9400067,dicamba,1918-00-9,Herbicide,N Organique,,0.7
2016,35770,Non,9400134,diflufenicanil,83164-33-4,Herbicide,N Organique,,7.5
2016,35770,Non,9400134,flurtamone,96525-23-4,Herbicide,N Organique,,18.75
2016,35770,Non,9400162,glyphosate,1071-83-6,Herbicide,N Organique,,7.2
2016,35770,Non,9500159,glyphosate,1071-83-6,Herbicide,N Organique,,7.2
2016,35770,Non,9500302,cuivre du sulfate de cuivre,8011-63-0,Fongicide,N minéral,,80
2016,35770,Non,9500581,chlormequat chlorure,999-81-5,Régulateur de croissance,Autre,,1.5
2016,35770,Non,9500581,ethephon,16672-87-0,Régulateur de croissance,"T, T+, CMR",,0.75
2016,35770,Non,9600093,azoxystrobine,131860-33-8,Fongicide,"T, T+, CMR",,5
2016,35770,Non,9600197,carfentrazone ethyl,128639-02-1,Herbicide,N Organique,,0.16
2016,35770,Non,9600197,metsulfuron-methyl,74223-64-6,Herbicide,N Organique,,0.04
2016,35770,Non,9600319,glyphosate,1071-83-6,Herbicide,N Organique,,3.6
2016,35770,Non,9600392,chlormequat chlorure,999-81-5,Régulateur de croissance,Autre,,11.04
2016,35770,Non,9600392,imazaquine,81335-37-7,Régulateur de croissance,N Organique,,0.024
2016,35770,Non,9600550,diflufenicanil,83164-33-4,Herbicide,N Organique,,5.2
2016,35770,Non,9600550,glyphosate,1071-83-6,Herbicide,N Organique,,32.5
2016,35770,Non,9700278,alphamethrine,67375-30-8,Insecticide,"T, T+, CMR",,0.15
2016,35770,Non,9700558,ethephon,16672-87-0,Régulateur de croissance,"T, T+, CMR",,4.8
2016,35770,Non,9800098,metamitrone,41394-05-2,Herbicide,N Organique,,1.8
2016,35770,Non,9800144,indoxacarbe,173584-44-6,Insecticide,"T, T+, CMR",,2.25
2016,35770,Non,9800182,s-metolachlore,87392-12-9,Herbicide,N Organique,,153.6
2016,35770,Non,9800219,ethephon,16672-87-0,Régulateur de croissance,"T, T+, CMR",,0.6
2016,35770,Non,9800277,florasulame,145701-23-1,Herbicide,N Organique,,0.0125
2016,35770,Non,9800336,lambda-cyhalothrine,91465-08-6,Insecticide,"T, T+, CMR",,0.5
2016,35770,Non,9800344,fludioxonil,131341-86-1,Fongicide,N Organique,,0.02575
2016,35770,Non,9800344,metalaxyl-m,70630-17-0,Fongicide,Autre,,0.009991
2016,35770,Non,9800392,dodine,2439-10-3,Fongicide,"T, T+, CMR",,12
2016,35770,Non,9800453,cyproconazole,94361-06-5,Fongicide,"T, T+, CMR",,0.4
2016,35770,Non,9800453,prochloraze,67747-09-5,Fongicide,N Organique,,1.5
2016,35770,Non,9800484,etoxazole,153233-91-1,Insecticide - Acaricide,N Organique,,0.22
2016,35770,Non,9900047,mesotrione,104206-82-8,Herbicide,N Organique,,4.5
2016,35770,Non,9900242,mancozebe,8018-01-7,Fongicide,"T, T+, CMR",,97.5
2016,35770,Non,9900251,dimethenamide-p (dmta-p),163515-14-8,Herbicide,N Organique,,43.2
2016,35830,Non,2000017,tau-fluvalinate,102851-06-9,Insecticide,N Organique,,0.1632
2016,35830,Non,2000071,"2,4-d",94-75-7,Herbicide,N Organique,,10.74325
2016,35830,Non,2000071,dicamba,1918-00-9,Herbicide,N Organique,,1.53475
2016,35830,Non,2000071,sulfate de fer (sulfate ferreux heptahydrate),7782-63-0,Herbicide - Antimousse,Autre,,411.466475
2016,35830,Non,2000105,bacillus thuringiensis serotype 3a 3b,68038-71-1,Insecticide,Autre,,0.05952
2016,35830,Non,2000125,cuivre du sulfate de cuivre,8011-63-0,Fongicide,N minéral,,18.62
2016,35830,Non,2000201,silthiofam,175217-20-6,Fongicide,N Organique,,0.07
2016,35830,Non,2000299,clomazone,81777-89-1,Herbicide,N Organique,,0.72
2016,35830,Non,2000301,foramsulfuron,173159-57-4,Herbicide,N Organique,,1.0125
2016,35830,Non,2000301,isoxadifen-ethyl,163520-33-0,Autre usage – Coformulant / Phytoprotecteur / Synergiste,N Organique,,1.0125
2016,35830,Non,2010035,"2,4-mcpa",94-74-6,Herbicide,N Organique,,54.85
2016,35830,Non,2010035,dichlorprop-p,15165-67-0,Herbicide,Autre,,27.425
2016,35830,Non,2010035,mecoprop-p (mcpp-p),16484-77-8,Herbicide,N Organique,,27.425
2016,35830,Non,2010280,metconazole,125116-23-6,Fongicide,"T, T+, CMR",,5.3991
2016,35830,Non,2010319,"2,4-mcpa",94-74-6,Herbicide,N Organique,,1.701
2016,35830,Non,2010319,dichlorprop-p,15165-67-0,Herbicide,Autre,,1.701
2016,35830,Non,2010319,glyphosate,1071-83-6,Herbicide,N Organique,,2.268
2016,35830,Non,2010321,glyphosate,1071-83-6,Herbicide,N Organique,,1.98504
2016,35830,Non,2010351,iodosulfuron-methyl-sodium,144550-36-7,Herbicide,N Organique,,0.018
2016,35830,Non,2010351,mefenpyr-diethyl,135590-91-9,Autre usage – Coformulant / Phytoprotecteur / Synergiste,Autre,,0.054
2016,35830,Non,2010351,mesosulfuron-methyl,208465-21-8,Herbicide,N Organique,,0.018
2016,35830,Non,2010410,soufre pour pulverisation (micronise),7704-34-9,Fongicide,Autre,,17.4
2016,35830,Non,2010419,iodosulfuron-methyl-sodium,144550-36-7,Herbicide,N Organique,,0.0108
2016,35830,Non,2010419,mefenpyr-diethyl,135590-91-9,Autre usage – Coformulant / Phytoprotecteur / Synergiste,Autre,,0.162
2016,35830,Non,2010419,mesosulfuron-methyl,208465-21-8,Herbicide,N Organique,,0.054
2016,35830,Non,2010439,"2,4-d",94-75-7,Herbicide,N Organique,,0.1739
2016,35830,Non,2010439,"2,4-mcpa",94-74-6,Herbicide,N Organique,,0.3431
2016,35830,Non,2010493,glyphosate,1071-83-6,Herbicide,N Organique,,15.9336
2016,35830,Non,2010509,cuivre du sulfate de cuivre,8011-63-0,Fongicide,N minéral,,10.54
2016,35830,Non,2020065,metribuzine,21087-64-9,Herbicide,N Organique,,0.546
2016,35830,Non,2020224,iodosulfuron-methyl-sodium,144550-36-7,Herbicide,N Organique,,0.15
2016,35830,Non,2020224,mefenpyr-diethyl,135590-91-9,Autre usage – Coformulant / Phytoprotecteur / Synergiste,Autre,,0.45
2016,35830,Non,2020224,mesosulfuron-methyl,208465-21-8,Herbicide,N Organique,,0.15
2016,35830,Non,2030125,deltamethrine,52918-63-5,Insecticide,"T, T+, CMR",,0.07245
2016,35830,Non,2030273,lambda-cyhalothrine,91465-08-6,Insecticide,"T, T+, CMR",,0.00765
2016,35830,Non,2030273,pyrimicarbe,23103-98-2,Insecticide,"T, T+, CMR",,0.153
2016,35830,Non,2030332,"2,4-d",94-75-7,Herbicide,N Organique,,10.86
2016,35830,Non,2030332,dichlorprop-p,15165-67-0,Herbicide,Autre,,5.43
2016,35830,Non,2030466,soufre triture ventile,7704-34-9,Fongicide,Autre,,17.55
2016,35830,Non,2050144,"2,4-mcpa",94-74-6,Herbicide,N Organique,,0.1164
2016,35830,Non,2050144,clopyralid,1702-17-6,Herbicide,Autre,,0.01164
2016,35830,Non,2050144,fluroxypyr,69377-81-7,Herbicide,N Organique,,0.02328
2016,35830,Non,2050145,diflufenicanil,83164-33-4,Herbicide,N Organique,,1.44
2016,35830,Non,2050145,glyphosate,1071-83-6,Herbicide,N Organique,,9
2016,35830,Non,2050146,diflufenicanil,83164-33-4,Herbicide,N Organique,,4.407
2016,35830,Non,2050146,glyphosate,1071-83-6,Herbicide,N Organique,,27.54375
2016,35830,Non,2060088,benoxacor,98730-04-2,Autre usage – Coformulant / Phytoprotecteur / Synergiste,Autre,,2.1
2016,35830,Non,2060088,mesotrione,104206-82-8,Herbicide,N Organique,,4.2
2016,35830,Non,2060088,s-metolachlore,87392-12-9,Herbicide,N Organique,,42
2016,35830,Non,2060098,spinosad,168316-95-8,Insecticide,N Organique,,0.24
2016,35830,Non,2060115,azoxystrobine,131860-33-8,Fongicide,"T, T+, CMR",,1
2016,35830,Non,2060115,cyproconazole,94361-06-5,Fongicide,"T, T+, CMR",,0.4
2016,35830,Non,2060127,prothioconazole,178928-70-6,Fongicide,"T, T+, CMR",,0.078
2016,35830,Non,2060129,oxyfluorfene,42874-03-3,Herbicide,"T, T+, CMR",,0.07128
2016,35830,Non,2060129,pendimethaline,40487-42-1,Herbicide,N Organique,,0.36432
2016,35830,Non,2060175,metaldehyde,108-62-3,Molluscicide,Autre,,4.014
2016,35830,Non,2060194,tefluthrine,79538-32-2,Insecticide,"T, T+, CMR",,4.8402
2016,35830,Non,2070077,prothioconazole,178928-70-6,Fongicide,"T, T+, CMR",,1.25
2016,35830,Non,2070221,metazachlore,67129-08-2,Herbicide,"T, T+, CMR",,18.4
2016,35830,Non,2070221,quinmerac,90717-03-6,Herbicide,N Organique,,4.6
2016,35830,Non,2080018,acetamipride,135410-20-7,Insecticide,N Organique,,0.245
2016,35830,Non,2080054,acetamipride,135410-20-7,Insecticide,N Organique,,0.007605
2016,35830,Non,2080098,mandipropamide,374726-62-2,Fongicide,N Organique,,0.03
2016,35830,Non,2080112,thirame,137-26-8,Fongicide,N Organique,,1.056
2016,35830,Non,2080117,prosulfuron,94125-34-5,Herbicide,N Organique,,3.8025
2016,35830,Non,2080123,metsulfuron-methyl,74223-64-6,Herbicide,N Organique,,6.8
2016,35830,Non,2080145,diflufenicanil,83164-33-4,Herbicide,N Organique,,5
2016,35830,Non,2080145,flufenacet,142459-58-3,Herbicide,N Organique,,10
2016,35830,Non,2090011,pendimethaline,40487-42-1,Herbicide,N Organique,,40.95
2016,35830,Non,2090016,imazamox,114311-32-9,Herbicide,N Organique,,0.167
2016,35830,Non,2090016,pendimethaline,40487-42-1,Herbicide,N Organique,,2.5
2016,35830,Non,2090032,"2,4-d",94-75-7,Herbicide,N Organique,,0.0378
2016,35830,Non,2090032,"2,4-mcpa",94-74-6,Herbicide,N Organique,,0.0378
2016,35830,Non,2090032,dicamba,1918-00-9,Herbicide,N Organique,,0.0108
2016,35830,Non,2090032,mecoprop (mcpp),7085-19-0,Herbicide,N Organique,,0.02268
2016,35830,Non,2090033,difenoconazole,119446-68-3,Fongicide,N Organique,,0.24048
2016,35830,Non,2090036,glyphosate,1071-83-6,Herbicide,N Organique,,1.68
2016,35830,Non,2090037,dicamba,1918-00-9,Herbicide,N Organique,,18.3
2016,35830,Non,2090037,prosulfuron,94125-34-5,Herbicide,N Organique,,1.83
2016,35830,Non,2090038,beflubutamide,113614-08-7,Herbicide,N Organique,,0.85
2016,35830,Non,2090038,isoproturon,34123-59-6,Herbicide,"T, T+, CMR",,5
2016,35830,Non,2090043,glyphosate,1071-83-6,Herbicide,N Organique,,8.6298
2016,35830,Non,2090044,glyphosate,1071-83-6,Herbicide,N Organique,,6.1317
2016,35830,Non,2090069,bromoxynil,1689-84-5,Herbicide,"T, T+, CMR",,7.050
2016,35830,Non,2090079,acide acetique,64-19-7,Herbicide,Autre,,3.69
2016,35830,Non,2090092,epoxiconazole,133855-98-8,Fongicide,"T, T+, CMR",,4.869375
2016,35830,Non,2090092,metconazole,125116-23-6,Fongicide,"T, T+, CMR",,3.570875
2016,35830,Non,2090101,nicosulfuron,111991-09-4,Herbicide,N Organique,,0.2
2016,35830,Non,2090103,soufre pour pulverisation (micronise),7704-34-9,Fongicide,Autre,,40
2016,35830,Non,2090124,acide pelargonique,112-05-0,Herbicide,Autre,,0.4653
2016,35830,Non,2090124,hydrazide maleique,123-33-1,Régulateur de croissance,Autre,,0.07425
2016,35830,Non,2090146,abamectine,71751-41-2,Insecticide,"T, T+, CMR",,0.001166
2016,35830,Non,2090146,pyrethrines,8003-34-7,Insecticide,N Organique,,0.01554
2016,35830,Non,2090160,glyphosate,1071-83-6,Herbicide,N Organique,,72.0
2016,35830,Non,2090164,glyphosate,1071-83-6,Herbicide,N Organique,,96.12
2016,35830,Non,2090186,prosulfocarbe,52888-80-9,Herbicide,N Organique,,32
2016,35830,Non,2090199,huile de colza,8002-13-9,Insecticide,Autre,,1.15542
2016,35830,Non,2090199,pyrethrines,8003-34-7,Insecticide,N Organique,,0.006426
2016,35830,Non,2090200,huile de colza,8002-13-9,Insecticide,Autre,,0.22275
2016,35830,Non,2090200,pyrethrines,8003-34-7,Insecticide,N Organique,,0.00486
2016,35830,Non,2100004,acetamipride,135410-20-7,Insecticide,N Organique,,0.003552
2016,35830,Non,2100004,triticonazole,131983-72-7,Fongicide,N Organique,,0.010656
2016,35830,Non,2100015,thifensulfuron-methyle,79277-27-3,Herbicide,N Organique,,0.045
2016,35830,Non,2100026,cypermethrine,52315-07-8,Insecticide,N Organique,,5.5
2016,35830,Non,2100028,fluroxypyr,69377-81-7,Herbicide,N Organique,,16
2016,35830,Non,2100030,phosphate ferrique,10045-86-0,Molluscicide,Autre,,0.594
2016,35830,Non,2100057,prothioconazole,178928-70-6,Fongicide,"T, T+, CMR",,2.625
2016,35830,Non,2100057,trifloxystrobine,141517-21-7,Fongicide,N Organique,,1.32
2016,35830,Non,2100071,glyphosate,1071-83-6,Herbicide,N Organique,,7.2
2016,35830,Non,2100078,deltamethrine,52918-63-5,Insecticide,"T, T+, CMR",,0.000443
2016,35830,Non,2100111,mesotrione,104206-82-8,Herbicide,N Organique,,0.75
2016,35830,Non,2100111,nicosulfuron,111991-09-4,Herbicide,N Organique,,0.3
2016,35830,Non,2100112,ethephon,16672-87-0,Régulateur de croissance,"T, T+, CMR",,33.6
2016,35830,Non,2100138,cloquintocet-mexyl,99607-70-2,Autre usage – Coformulant / Phytoprotecteur / Synergiste,Autre,,1.0005
2016,35830,Non,2100138,pinoxaden,243973-20-8,Herbicide,"T, T+, CMR",,4.002
2016,35830,Non,2100140,clodinafop-propargyl,105512-06-9,Herbicide,N Organique,,2.500
2016,35830,Non,2100140,cloquintocet-mexyl,99607-70-2,Autre usage – Coformulant / Phytoprotecteur / Synergiste,Autre,,0.62500
2016,35830,Non,2100140,pinoxaden,243973-20-8,Herbicide,"T, T+, CMR",,2.500
2016,35830,Non,2100154,chlorpyriphos-ethyl,2921-88-2,Insecticide,"T, T+, CMR",,2.5
2016,35830,Non,2100154,cypermethrine,52315-07-8,Insecticide,N Organique,,0.25
2016,35830,Non,2100165,acetamipride,135410-20-7,Insecticide,N Organique,,0.027
2016,35830,Non,2100165,triticonazole,131983-72-7,Fongicide,N Organique,,0.081
2016,35830,Non,2100211,prothioconazole,178928-70-6,Fongicide,"T, T+, CMR",,8.125
2016,35830,Non,2100211,tebuconazole,107534-96-3,Fongicide,"T, T+, CMR",,8.125
2016,35830,Non,2100234,diflufenicanil,83164-33-4,Herbicide,N Organique,,3.6024
2016,35830,Non,2100234,iodosulfuron-methyl-sodium,144550-36-7,Herbicide,N Organique,,0.22515
2016,35830,Non,2100234,mefenpyr-diethyl,135590-91-9,Autre usage – Coformulant / Phytoprotecteur / Synergiste,Autre,,0.81054
2016,35830,Non,2100234,mesosulfuron-methyl,208465-21-8,Herbicide,N Organique,,0.27018
2016,35830,Non,2110018,difenoconazole,119446-68-3,Fongicide,N Organique,,0.0165
2016,35830,Non,2110018,fludioxonil,131341-86-1,Fongicide,N Organique,,0.0165
2016,35830,Non,2110040,bacillus subtilis,68038-70-0,Fongicide,Autre,,0.03134
2016,35830,Non,2110090,azoxystrobine,131860-33-8,Fongicide,"T, T+, CMR",,1.25
2016,35830,Non,2110103,tribenuron-methyle,101200-48-0,Herbicide,N Organique,,1.125
2016,35830,Non,2110109,cyprosulfamide,221667-31-8,Autre usage – Coformulant / Phytoprotecteur / Synergiste,Autre,,0.66
2016,35830,Non,2110109,isoxaflutole,141112-29-0,Herbicide,"T, T+, CMR",,1
2016,35830,Non,2110109,thiencarbazone-methyl,317815-83-1,Herbicide,"T, T+, CMR",,0.4
2016,35830,Non,2110148,bixafen,581809-46-3,Fongicide,N Organique,,0.375
2016,35830,Non,2110149,huile de colza,8002-13-9,Insecticide,Autre,,0.6084
2016,35830,Non,2110150,huile de colza,8002-13-9,Insecticide,Autre,,26.3403
2016,35830,Non,2110159,triticonazole,131983-72-7,Fongicide,N Organique,,0.096
2016,35830,Non,2110160,triticonazole,131983-72-7,Fongicide,N Organique,,0.00948
2016,35830,Non,2110177,chlorothalonil,1897-45-6,Fongicide,"T, T+, CMR",,3.75
2016,35830,Non,2110177,cyproconazole,94361-06-5,Fongicide,"T, T+, CMR",,0.5
2016,35830,Non,2110177,propiconazole,60207-90-1,Fongicide,N Organique,,0.625
2016,35830,Non,2110178,bixafen,581809-46-3,Fongicide,N Organique,,0.37575
2016,35830,Non,2110178,prothioconazole,178928-70-6,Fongicide,"T, T+, CMR",,0.7515
2016,35830,Non,2110180,cuivre de l'oxyde cuivreux,1317-39-1,Fongicide,N minéral,,3.2475
2016,35830,Non,2110198,glyphosate,1071-83-6,Herbicide,N Organique,,7.2
2016,35830,Non,2120015,glyphosate,1071-83-6,Herbicide,N Organique,,0.03564
2016,35830,Non,2120018,glyphosate,1071-83-6,Herbicide,N Organique,,48.48
2016,35830,Non,2120034,glyphosate,1071-83-6,Herbicide,N Organique,,28.8
2016,35830,Non,2120063,fluopicolide,239110-15-7,Fongicide,N Organique,,0.2
2016,35830,Non,2120063,propamocarbe,24579-73-5,Fongicide,Autre,,2
2016,35830,Non,2120066,dichlorprop-p,15165-67-0,Herbicide,Autre,,6
2016,35830,Non,2120066,picolinafen,137641-05-5,Herbicide,N Organique,,0.2
2016,35830,Non,2120129,lambda-cyhalothrine,91465-08-6,Insecticide,"T, T+, CMR",,0.015675
2016,35830,Non,2120133,fluroxypyr,69377-81-7,Herbicide,N Organique,,0.736
2016,35830,Non,2120133,triclopyr,55335-06-3,Herbicide,N Organique,,2.208
2016,35830,Non,2120153,propyzamide,23950-58-5,Herbicide,"T, T+, CMR",,8
2016,35830,Non,2120194,metsulfuron-methyl,74223-64-6,Herbicide,N Organique,,0.02
2016,35830,Non,2130040,"2,4-d",94-75-7,Herbicide,N Organique,,1.875
2016,35830,Non,2130075,metaldehyde,108-62-3,Molluscicide,Autre,,5.6
2016,35830,Non,2130093,diflufenicanil,83164-33-4,Herbicide,N Organique,,0.030528
2016,35830,Non,2130093,glyphosate,1071-83-6,Herbicide,N Organique,,0.1908
2016,35830,Non,2130105,metaldehyde,108-62-3,Molluscicide,Autre,,0.96
2016,35830,Non,2130126,sulfate de fer (sulfate ferreux heptahydrate),7782-63-0,Herbicide - Antimousse,Autre,,3.57
2016,35830,Non,2130151,hydrazide maleique,123-33-1,Régulateur de croissance,Autre,,0.318
2016,35830,Non,2130162,bixafen,581809-46-3,Fongicide,N Organique,,0.375
2016,35830,Non,2130162,prothioconazole,178928-70-6,Fongicide,"T, T+, CMR",,0.5
2016,35830,Non,2130162,tebuconazole,107534-96-3,Fongicide,"T, T+, CMR",,0.5
2016,35830,Non,2130243,cyprodinil,121552-61-2,Fongicide,N Organique,,1.5
2016,35830,Non,2140039,imidaclopride,138261-41-3,Insecticide,N Organique,,0.525
2016,35830,Non,2140039,prothioconazole,178928-70-6,Fongicide,"T, T+, CMR",,0.075
2016,35830,Non,2140082,trinexapac-ethyl,95266-40-3,Régulateur de croissance,N Organique,,0.875
2016,35830,Non,2140090,azadirachtine,11141-17-6,Insecticide,Autre,,0.049
2016,35830,Non,2140098,aminopyralid,150114-71-9,Herbicide,N Organique,,0.1054
2016,35830,Non,2140098,propyzamide,23950-58-5,Herbicide,"T, T+, CMR",,10
2016,35830,Non,2140106,huile minerale paraffinique,8042-47-5,Insecticide - Acaricide,Autre,,63.832
2016,35830,Non,2140121,acide pelargonique,112-05-0,Herbicide,Autre,,24.467018
2016,35830,Non,2140132,diflufenicanil,83164-33-4,Herbicide,N Organique,,2.5
2016,35830,Non,2140134,soufre triture ventile,7704-34-9,Fongicide,Autre,,11.032
2016,35830,Non,2140148,dicamba,1918-00-9,Herbicide,N Organique,,4.8
2016,35830,Non,2140166,acide decanoique,334-48-5,Herbicide - Antimousse,Autre,,1.03356
2016,35830,Non,2140166,acide octanoique,124-07-2,Herbicide - Antimousse,Autre,,1.55034
2016,35830,Non,2140167,acide decanoique,334-48-5,Herbicide - Antimousse,Autre,,0.70092
2016,35830,Non,2140167,acide octanoique,124-07-2,Herbicide - Antimousse,Autre,,1.05138
2016,35830,Non,2140173,fluxapyroxad,907204-31-3,Fongicide,"T, T+, CMR",,0.625
2016,35830,Non,2140173,metconazole,125116-23-6,Fongicide,"T, T+, CMR",,0.45
2016,35830,Non,2140193,sulfate de fer (sulfate ferreux heptahydrate),7782-63-0,Herbicide - Antimousse,Autre,,3.927
2016,35830,Non,2140199,amidosulfuron,120923-37-7,Herbicide,N Organique,,0.15
2016,35830,Non,2140199,iodosulfuron-methyl-sodium,144550-36-7,Herbicide,N Organique,,0.03
2016,35830,Non,2140199,mesosulfuron-methyl,208465-21-8,Herbicide,N Organique,,0.09
2016,35830,Non,2140256,chlorpyriphos-methyl,5598-13-0,Insecticide,N Organique,,0.45
2016,35830,Non,2140266,epoxiconazole,133855-98-8,Fongicide,"T, T+, CMR",,2.94
2016,35830,Non,2140266,fluxapyroxad,907204-31-3,Fongicide,"T, T+, CMR",,2.94
2016,35830,Non,2140266,pyraclostrobine,175013-18-0,Fongicide,"T, T+, CMR",,4.76
2016,35830,Non,2150417,bacillus thuringiensis ssp kurstaki,68038-71-1,Insecticide,Autre,,0.4536
2016,35830,Non,2159998,tebufenpyrad,119168-77-3,Insecticide - Acaricide,"T, T+, CMR",,0.04
2016,35830,Non,2160248,dicamba,1918-00-9,Herbicide,N Organique,,1.2
2016,35830,Non,2160248,mesotrione,104206-82-8,Herbicide,N Organique,,0.5
2016,35830,Non,2160931,bixafen,581809-46-3,Fongicide,N Organique,,0.82875
2016,35830,Non,2160931,fluopyram,658066-35-4,Fongicide,"T, T+, CMR",,0.82875
2016,35830,Non,2160931,prothioconazole,178928-70-6,Fongicide,"T, T+, CMR",,1.6575
2016,35830,Non,6500402,"2,4-d",94-75-7,Herbicide,N Organique,,9.6
2016,35830,Non,7700706,"2,4-d",94-75-7,Herbicide,N Organique,,2.772
2016,35830,Non,7700706,dicamba,1918-00-9,Herbicide,N Organique,,0.396
2016,35830,Non,7800790,bromoxynil octanoate,1689-99-2,Herbicide,"T, T+, CMR",,0.6
2016,35830,Non,7800790,dicamba,1918-00-9,Herbicide,N Organique,,0.12
2016,35830,Non,7800790,mecoprop (mcpp),7085-19-0,Herbicide,N Organique,,1.8
2016,35830,Non,8100462,huile vegetale,,SA non phyto - Divers,Autre,,0.8533
2016,35830,Non,8100462,resines (colophane),8050-09-7,SA non phyto - Divers,Autre,,8.44025
2016,35830,Non,8300243,chlorothalonil,1897-45-6,Fongicide,"T, T+, CMR",,95
2016,35830,Non,8400098,bacillus thuringiensis serotype 3a 3b,68038-71-1,Insecticide,Autre,,0.004
2016,35830,Non,8400098,butoxyde de piperonyle,51-03-6,Autre usage – Coformulant / Phytoprotecteur / Synergiste,Autre,,0.01
2016,35830,Non,8400098,pyrethrines,8003-34-7,Insecticide,N Organique,,0.0048
2016,35830,Non,8400574,propyzamide,23950-58-5,Herbicide,"T, T+, CMR",,2
2016,35830,Non,8400600,fluroxypyr,69377-81-7,Herbicide,N Organique,,0.6
2016,35830,Non,8500351,acide b-indole butyrique (aib),133-32-4,Régulateur de croissance,"T, T+, CMR",,0.011
2016,35830,Non,8700002,chlortoluron,15545-48-9,Herbicide,"T, T+, CMR",,25
2016,35830,Non,8700462,prosulfocarbe,52888-80-9,Herbicide,N Organique,,248
2016,35830,Non,8700571,soufre,7704-34-9,Fongicide,Autre,,1.74
2016,35830,Non,8800941,metaldehyde,108-62-3,Molluscicide,Autre,,3.168
2016,35830,Non,8820680,fer sous forme de sulfate de fer,7720-78-7,Herbicide - Antimousse,Autre,,432.95616
2016,35830,Non,8920639,sulfate de fer (sulfate ferreux heptahydrate),7782-63-0,Herbicide - Antimousse,Autre,,48
2016,35830,Non,9000184,"2,4-mcpa",94-74-6,Herbicide,N Organique,,10
2016,35830,Non,9000184,clopyralid (sous forme de sel de monoethanolamine),57754-85-5,Herbicide,Autre,,1
2016,35830,Non,9000184,fluroxypyr,69377-81-7,Herbicide,N Organique,,2
2016,35830,Non,9000361,goudrons de pin,8011-48-1,SA non phyto - Divers,Autre,,21.6
2016,35830,Non,9000490,cycloxydime,101205-02-1,Herbicide,"T, T+, CMR",,0.5
2016,35830,Non,9000597,soufre pour pulverisation (micronise),7704-34-9,Fongicide,Autre,,1.8975
2016,35830,Non,9000833,metazachlore,67129-08-2,Herbicide,"T, T+, CMR",,16
2016,35830,Non,9000833,quinmerac,90717-03-6,Herbicide,N Organique,,4
2016,35830,Non,9100034,chlormequat chlorure,999-81-5,Régulateur de croissance,Autre,,50.6
2016,35830,Non,9100231,metaldehyde,108-62-3,Molluscicide,Autre,,29.105
2016,35830,Non,9100296,"2,4-d",94-75-7,Herbicide,N Organique,,21
2016,35830,Non,9100418,nicosulfuron,111991-09-4,Herbicide,N Organique,,7.4
2016,35830,Non,9100525,tebufenpyrad,119168-77-3,Insecticide - Acaricide,"T, T+, CMR",,0.27
2016,35830,Non,9120616,sulfate de fer (sulfate ferreux heptahydrate),7782-63-0,Herbicide - Antimousse,Autre,,57.967
2016,35830,Non,9200091,imidaclopride,138261-41-3,Insecticide,N Organique,,0.231
2016,35830,Non,9200135,cypermethrine,52315-07-8,Insecticide,N Organique,,0.189
2016,35830,Non,9200482,bacillus thuringiensis serotype 3a 3b,68038-71-1,Insecticide,Autre,,
2016,35830,Non,9200512,glyphosate,1071-83-6,Herbicide,N Organique,,20.7
2016,35830,Non,9200548,thirame,137-26-8,Fongicide,N Organique,,0.6768
2016,35830,Non,9300111,pyrethrines,8003-34-7,Insecticide,N Organique,,2.094
2016,35830,Non,9300189,fluroxypyr,69377-81-7,Herbicide,N Organique,,0.252
2016,35830,Non,9300189,triclopyr,55335-06-3,Herbicide,N Organique,,0.756
2016,35830,Non,9300241,glyphosate,1071-83-6,Herbicide,N Organique,,9.52
2016,35830,Non,9300309,zetacypermethrine,52315-07-8,Insecticide,"T, T+, CMR",,0.4
2016,35830,Non,9300396,chlormequat chlorure,999-81-5,Régulateur de croissance,Autre,,50.6
2016,35830,Non,9300396,chlorure de choline,67-48-1,Autre usage – Coformulant / Phytoprotecteur / Synergiste,Autre,,35.2
2016,35830,Non,9400134,diflufenicanil,83164-33-4,Herbicide,N Organique,,4
2016,35830,Non,9400134,flurtamone,96525-23-4,Herbicide,N Organique,,10
2016,35830,Non,9400162,glyphosate,1071-83-6,Herbicide,N Organique,,93.6
2016,35830,Non,9400525,glyphosate,1071-83-6,Herbicide,N Organique,,14.4
2016,35830,Non,9500011,prochloraze,67747-09-5,Fongicide,N Organique,,4.5
2016,35830,Non,9500140,fosetyl-aluminium,39148-24-8,Fongicide,Autre,,5.28
2016,35830,Non,9500147,soufre pour pulverisation (micronise),7704-34-9,Fongicide,Autre,,12.16
2016,35830,Non,9500148,metirame-zinc,9006-42-2,Fongicide,N Organique,,2.88
2016,35830,Non,9500364,myclobutanil,88671-89-0,Fongicide,"T, T+, CMR",,0.058875
2016,35830,Non,9500414,cypermethrine,52315-07-8,Insecticide,N Organique,,0.006
2016,35830,Non,9500516,propiconazole,60207-90-1,Fongicide,N Organique,,0.01625
2016,35830,Non,9600093,azoxystrobine,131860-33-8,Fongicide,"T, T+, CMR",,1.25
2016,35830,Non,9600097,cuivre de l'hydroxyde de cuivre,20427-59-2,Fongicide,"T, T+, CMR",,0.7776
2016,35830,Non,9600229,fenpropidine,67306-00-7,Fongicide,N Organique,,11.25
2016,35830,Non,9600386,fosetyl-aluminium,39148-24-8,Fongicide,Autre,,20.32
2016,35830,Non,9700332,azoxystrobine,131860-33-8,Fongicide,"T, T+, CMR",,0.24
2016,35830,Non,9800076,virus de la granulose,,Insecticide,Autre,,
2016,35830,Non,9800096,huile minerale paraffinique,8042-47-5,Insecticide - Acaricide,Autre,,16
2016,35830,Non,9800231,mancozebe,8018-01-7,Fongicide,"T, T+, CMR",,15.9
2016,35830,Non,9800231,myclobutanil,88671-89-0,Fongicide,"T, T+, CMR",,0.59625
2016,35830,Non,9800259,benoxacor,98730-04-2,Autre usage – Coformulant / Phytoprotecteur / Synergiste,Autre,,2.7
2016,35830,Non,9800259,s-metolachlore,87392-12-9,Herbicide,N Organique,,54.9
2016,35830,Non,9800321,cypermethrine,52315-07-8,Insecticide,N Organique,,0.015
2016,35830,Non,9800344,fludioxonil,131341-86-1,Fongicide,N Organique,,0.41925
2016,35830,Non,9800344,metalaxyl-m,70630-17-0,Fongicide,Autre,,0.162669
2016,35830,Non,9800474,cuivre du sulfate de cuivre,8011-63-0,Fongicide,N minéral,,6
2016,35830,Non,9800477,bentazone,25057-89-0,Herbicide,N Organique,,12.8
2016,35830,Non,9800477,dicamba,1918-00-9,Herbicide,N Organique,,3.6
2016,35830,Non,9800481,fleur de chaux (chaux eteinte),1305-62-0,SA non phyto - Divers,Autre,,208.65
2016,35830,Non,9800524,huile de colza,8002-13-9,Insecticide,Autre,,1.58
2016,35830,Non,9900047,mesotrione,104206-82-8,Herbicide,N Organique,,11.5
2016,35830,Non,9900119,isoxaben,82558-50-7,Herbicide,N Organique,,0.04732
2016,35830,Non,9900119,oryzalin,19044-88-3,Herbicide,"T, T+, CMR",,0.19656
2016,35830,Non,9900134,fenbuconazole,114369-43-6,Fongicide,N Organique,,0.056
2016,35830,Non,9900206,picoxystrobine,117428-22-5,Fongicide,N Organique,,2.5
2016,35830,Non,9900251,dimethenamide-p (dmta-p),163515-14-8,Herbicide,N Organique,,43.2
2016,35830,Non,9900257,cuivre du sulfate de cuivre,8011-63-0,Fongicide,N minéral,,35.2
2016,35830,Non,9900390,huile de vaseline,8042-47-5,Insecticide - Acaricide,Autre,,16.34
2016,35830,Non,9900411,fluroxypyr,69377-81-7,Herbicide,N Organique,,1
2016,35850,Non,2000044,fluazifop-p-butyl,79241-46-6,Herbicide,"T, T+, CMR",,0.375
2016,35850,Non,2000125,cuivre du sulfate de cuivre,8011-63-0,Fongicide,N minéral,,0.56
2016,35850,Non,2000201,silthiofam,175217-20-6,Fongicide,N Organique,,0.22875
2016,35850,Non,2000202,glyphosate,1071-83-6,Herbicide,N Organique,,1.8
2016,35850,Non,2000299,clomazone,81777-89-1,Herbicide,N Organique,,0.72
2016,35850,Non,2000301,foramsulfuron,173159-57-4,Herbicide,N Organique,,0.5625
2016,35850,Non,2000301,isoxadifen-ethyl,163520-33-0,Autre usage – Coformulant / Phytoprotecteur / Synergiste,N Organique,,0.5625
2016,35850,Non,2000424,glyphosate,1071-83-6,Herbicide,N Organique,,1.44
2016,35850,Non,2000502,chlorpyriphos-methyl,5598-13-0,Insecticide,N Organique,,0.3375
2016,35850,Non,2010023,deltamethrine,52918-63-5,Insecticide,"T, T+, CMR",,0.300
2016,35850,Non,2010025,desmediphame,13684-56-5,Herbicide,N Organique,,0.25
2016,35850,Non,2010025,ethofumesate,26225-79-6,Herbicide,N Organique,,1.51
2016,35850,Non,2010025,phenmediphame,13684-63-4,Herbicide,N Organique,,0.75
2016,35850,Non,2010030,mepiquat-chlorure,24307-26-4,Régulateur de croissance,N Organique,,6
2016,35850,Non,2010030,prohexadione-calcium,127277-53-6,Régulateur de croissance,N Organique,,1
2016,35850,Non,2010035,"2,4-mcpa",94-74-6,Herbicide,N Organique,,0.28
2016,35850,Non,2010035,dichlorprop-p,15165-67-0,Herbicide,Autre,,0.14
2016,35850,Non,2010035,mecoprop-p (mcpp-p),16484-77-8,Herbicide,N Organique,,0.14
2016,35850,Non,2010239,florasulame,145701-23-1,Herbicide,N Organique,,0.03302
2016,35850,Non,2010239,fluroxypyr,69377-81-7,Herbicide,N Organique,,3.302
2016,35850,Non,2010280,metconazole,125116-23-6,Fongicide,"T, T+, CMR",,9.9909
2016,35850,Non,2010289,chlormequat chlorure,999-81-5,Régulateur de croissance,Autre,,5.75
2016,35850,Non,2010289,ethephon,16672-87-0,Régulateur de croissance,"T, T+, CMR",,3.875
2016,35850,Non,2010289,mepiquat-chlorure,24307-26-4,Régulateur de croissance,N Organique,,1.875
2016,35850,Non,2010299,diflufenicanil,83164-33-4,Herbicide,N Organique,,0.00288
2016,35850,Non,2010299,glyphosate,1071-83-6,Herbicide,N Organique,,0.048
2016,35850,Non,2010299,oxadiazon,19666-30-9,Herbicide,N Organique,,0.048
2016,35850,Non,2010326,metconazole,125116-23-6,Fongicide,"T, T+, CMR",,2.079
2016,35850,Non,2010351,iodosulfuron-methyl-sodium,144550-36-7,Herbicide,N Organique,,0.99
2016,35850,Non,2010351,mefenpyr-diethyl,135590-91-9,Autre usage – Coformulant / Phytoprotecteur / Synergiste,Autre,,2.97
2016,35850,Non,2010351,mesosulfuron-methyl,208465-21-8,Herbicide,N Organique,,0.99
2016,35850,Non,2010419,iodosulfuron-methyl-sodium,144550-36-7,Herbicide,N Organique,,0.018
2016,35850,Non,2010419,mefenpyr-diethyl,135590-91-9,Autre usage – Coformulant / Phytoprotecteur / Synergiste,Autre,,0.27
2016,35850,Non,2010419,mesosulfuron-methyl,208465-21-8,Herbicide,N Organique,,0.09
2016,35850,Non,2010425,metsulfuron-methyl,74223-64-6,Herbicide,N Organique,,0.2
2016,35850,Non,2010612,glyphosate,1071-83-6,Herbicide,N Organique,,7.2
2016,35850,Non,2020003,phosphate ferrique,10045-86-0,Molluscicide,Autre,,0.02376
2016,35850,Non,2020049,iodosulfuron-methyl-sodium,144550-36-7,Herbicide,N Organique,,0.0432
2016,35850,Non,2020049,mefenpyr-diethyl,135590-91-9,Autre usage – Coformulant / Phytoprotecteur / Synergiste,Autre,,0.648
2016,35850,Non,2020049,mesosulfuron-methyl,208465-21-8,Herbicide,N Organique,,0.216
2016,35850,Non,2020065,metribuzine,21087-64-9,Herbicide,N Organique,,0.042
2016,35850,Non,2020099,trifloxystrobine,141517-21-7,Fongicide,N Organique,,7.125
2016,35850,Non,2020224,iodosulfuron-methyl-sodium,144550-36-7,Herbicide,N Organique,,0.018
2016,35850,Non,2020224,mefenpyr-diethyl,135590-91-9,Autre usage – Coformulant / Phytoprotecteur / Synergiste,Autre,,0.054
2016,35850,Non,2020224,mesosulfuron-methyl,208465-21-8,Herbicide,N Organique,,0.018
2016,35850,Non,2020234,metaldehyde,108-62-3,Molluscicide,Autre,,5
2016,35850,Non,2030073,metaldehyde,108-62-3,Molluscicide,Autre,,0.75
2016,35850,Non,2030125,deltamethrine,52918-63-5,Insecticide,"T, T+, CMR",,0.00675
2016,35850,Non,2030255,tebuconazole,107534-96-3,Fongicide,"T, T+, CMR",,8.75
2016,35850,Non,2030323,fludioxonil,131341-86-1,Fongicide,N Organique,,0.58025
2016,35850,Non,2040146,tefluthrine,79538-32-2,Insecticide,"T, T+, CMR",,0.016
2016,35850,Non,2040199,metamitrone,41394-05-2,Herbicide,N Organique,,7
2016,35850,Non,2050075,boscalid,188425-85-6,Fongicide,N Organique,,5.00
2016,35850,Non,2050146,diflufenicanil,83164-33-4,Herbicide,N Organique,,0.16
2016,35850,Non,2050146,glyphosate,1071-83-6,Herbicide,N Organique,,1
2016,35850,Non,2060045,huile vegetale,,SA non phyto - Divers,Autre,,0.07
2016,35850,Non,2060045,resines (colophane),8050-09-7,SA non phyto - Divers,Autre,,0.68
2016,35850,Non,2060051,metrafenone,220899-03-6,Fongicide,N Organique,,3.0
2016,35850,Non,2060084,boscalid,188425-85-6,Fongicide,N Organique,,2.67
2016,35850,Non,2060084,pyraclostrobine,175013-18-0,Fongicide,"T, T+, CMR",,0.67
2016,35850,Non,2060088,benoxacor,98730-04-2,Autre usage – Coformulant / Phytoprotecteur / Synergiste,Autre,,19.0
2016,35850,Non,2060088,mesotrione,104206-82-8,Herbicide,N Organique,,38.0
2016,35850,Non,2060088,s-metolachlore,87392-12-9,Herbicide,N Organique,,380
2016,35850,Non,2060131,"2,4-d",94-75-7,Herbicide,N Organique,,3.255
2016,35850,Non,2060131,triclopyr,55335-06-3,Herbicide,N Organique,,3.6260
2016,35850,Non,2060194,tefluthrine,79538-32-2,Insecticide,"T, T+, CMR",,9.67905
2016,35850,Non,2070077,prothioconazole,178928-70-6,Fongicide,"T, T+, CMR",,1.25
2016,35850,Non,2070086,metconazole,125116-23-6,Fongicide,"T, T+, CMR",,0.54
2016,35850,Non,2070221,metazachlore,67129-08-2,Herbicide,"T, T+, CMR",,8
2016,35850,Non,2070221,quinmerac,90717-03-6,Herbicide,N Organique,,2
2016,35850,Non,2080026,nicosulfuron,111991-09-4,Herbicide,N Organique,,6.18
2016,35850,Non,2080091,metaldehyde,108-62-3,Molluscicide,Autre,,0.125
2016,35850,Non,2080094,florasulame,145701-23-1,Herbicide,N Organique,,0.06
2016,35850,Non,2080094,isoxaben,82558-50-7,Herbicide,N Organique,,0.915
2016,35850,Non,2080101,acetamipride,135410-20-7,Insecticide,N Organique,,0.4
2016,35850,Non,2080105,glyphosate,1071-83-6,Herbicide,N Organique,,3.6
2016,35850,Non,2080112,thirame,137-26-8,Fongicide,N Organique,,8.2608
2016,35850,Non,2080117,prosulfuron,94125-34-5,Herbicide,N Organique,,31.0275
2016,35850,Non,2080123,metsulfuron-methyl,74223-64-6,Herbicide,N Organique,,6.40
2016,35850,Non,2080124,metsulfuron-methyl,74223-64-6,Herbicide,N Organique,,0.192
2016,35850,Non,2080145,diflufenicanil,83164-33-4,Herbicide,N Organique,,49
2016,35850,Non,2080145,flufenacet,142459-58-3,Herbicide,N Organique,,98
2016,35850,Non,2090008,thirame,137-26-8,Fongicide,N Organique,,2.86221
2016,35850,Non,2090011,pendimethaline,40487-42-1,Herbicide,N Organique,,18.2
2016,35850,Non,2090036,glyphosate,1071-83-6,Herbicide,N Organique,,0.042
2016,35850,Non,2090037,dicamba,1918-00-9,Herbicide,N Organique,,36.2
2016,35850,Non,2090037,prosulfuron,94125-34-5,Herbicide,N Organique,,3.62
2016,35850,Non,2090041,cloquintocet-mexyl,99607-70-2,Autre usage – Coformulant / Phytoprotecteur / Synergiste,Autre,,0.3000
2016,35850,Non,2090041,pyroxsulame,422556-08-9,Herbicide,"T, T+, CMR",,0.3000
2016,35850,Non,2090050,cypermethrine,52315-07-8,Insecticide,N Organique,,0.384
2016,35850,Non,2090054,metsulfuron-methyl,74223-64-6,Herbicide,N Organique,,0.03575
2016,35850,Non,2090054,tribenuron-methyle,101200-48-0,Herbicide,N Organique,,0.03575
2016,35850,Non,2090057,metsulfuron-methyl,74223-64-6,Herbicide,N Organique,,0.4995
2016,35850,Non,2090057,tribenuron-methyle,101200-48-0,Herbicide,N Organique,,0.999
2016,35850,Non,2090069,bromoxynil,1689-84-5,Herbicide,"T, T+, CMR",,48.16795
2016,35850,Non,2090071,bromoxynil,1689-84-5,Herbicide,"T, T+, CMR",,27.025
2016,35850,Non,2090091,thiamethoxam,153719-23-4,Insecticide,N Organique,,0.5
2016,35850,Non,2090092,epoxiconazole,133855-98-8,Fongicide,"T, T+, CMR",,8.9955
2016,35850,Non,2090092,metconazole,125116-23-6,Fongicide,"T, T+, CMR",,6.5967
2016,35850,Non,2090101,nicosulfuron,111991-09-4,Herbicide,N Organique,,1.4
2016,35850,Non,2090113,dimethenamide-p (dmta-p),163515-14-8,Herbicide,N Organique,,27.625
2016,35850,Non,2090113,pendimethaline,40487-42-1,Herbicide,N Organique,,32.5
2016,35850,Non,2090136,fluopicolide,239110-15-7,Fongicide,N Organique,,0.625
2016,35850,Non,2090136,propamocarbe,24579-73-5,Fongicide,Autre,,6.25
2016,35850,Non,2090146,abamectine,71751-41-2,Insecticide,"T, T+, CMR",,0.000012
2016,35850,Non,2090146,pyrethrines,8003-34-7,Insecticide,N Organique,,0.00016
2016,35850,Non,2090153,dicamba,1918-00-9,Herbicide,N Organique,,4.08
2016,35850,Non,2090153,tritosulfuron,142469-14-5,Herbicide,N Organique,,0.85
2016,35850,Non,2090159,tritosulfuron,142469-14-5,Herbicide,N Organique,,2.9988
2016,35850,Non,2090160,glyphosate,1071-83-6,Herbicide,N Organique,,352.8
2016,35850,Non,2090162,glyphosate,1071-83-6,Herbicide,N Organique,,4.5
2016,35850,Non,2090164,glyphosate,1071-83-6,Herbicide,N Organique,,2.52
2016,35850,Non,2090171,dimoxystrobine,149961-52-4,Fongicide,"T, T+, CMR",,4.655
2016,35850,Non,2090171,epoxiconazole,133855-98-8,Fongicide,"T, T+, CMR",,1.75
2016,35850,Non,2090172,epoxiconazole,133855-98-8,Fongicide,"T, T+, CMR",,6.64
2016,35850,Non,2090172,metrafenone,220899-03-6,Fongicide,N Organique,,8
2016,35850,Non,2090173,epoxiconazole,133855-98-8,Fongicide,"T, T+, CMR",,0.625
2016,35850,Non,2090173,fenpropimorphe,67564-91-4,Fongicide,"T, T+, CMR",,2
2016,35850,Non,2090173,metrafenone,220899-03-6,Fongicide,N Organique,,0.75
2016,35850,Non,2090186,prosulfocarbe,52888-80-9,Herbicide,N Organique,,112
2016,35850,Non,2100009,thifensulfuron-methyle,79277-27-3,Herbicide,N Organique,,0.71928
2016,35850,Non,2100009,tribenuron-methyle,101200-48-0,Herbicide,N Organique,,0.36072
2016,35850,Non,2100014,metsulfuron-methyl,74223-64-6,Herbicide,N Organique,,0.402
2016,35850,Non,2100014,thifensulfuron-methyle,79277-27-3,Herbicide,N Organique,,1.998
2016,35850,Non,2100015,thifensulfuron-methyle,79277-27-3,Herbicide,N Organique,,0.225
2016,35850,Non,2100018,tebuconazole,107534-96-3,Fongicide,"T, T+, CMR",,1.25
2016,35850,Non,2100026,cypermethrine,52315-07-8,Insecticide,N Organique,,7.5
2016,35850,Non,2100028,fluroxypyr,69377-81-7,Herbicide,N Organique,,7
2016,35850,Non,2100040,epoxiconazole,133855-98-8,Fongicide,"T, T+, CMR",,1.250625
2016,35850,Non,2100040,pyraclostrobine,175013-18-0,Fongicide,"T, T+, CMR",,1.70085
2016,35850,Non,2100052,cyprodinil,121552-61-2,Fongicide,N Organique,,30.0
2016,35850,Non,2100053,fluroxypyr,69377-81-7,Herbicide,N Organique,,1
2016,35850,Non,2100056,prothioconazole,178928-70-6,Fongicide,"T, T+, CMR",,4.8
2016,35850,Non,2100056,spiroxamine,118134-30-8,Fongicide,N Organique,,9
2016,35850,Non,2100057,prothioconazole,178928-70-6,Fongicide,"T, T+, CMR",,4.375
2016,35850,Non,2100057,trifloxystrobine,141517-21-7,Fongicide,N Organique,,2.2
2016,35850,Non,2100108,prothioconazole,178928-70-6,Fongicide,"T, T+, CMR",,19.375
2016,35850,Non,2100108,tebuconazole,107534-96-3,Fongicide,"T, T+, CMR",,19.375
2016,35850,Non,2100111,mesotrione,104206-82-8,Herbicide,N Organique,,36.750
2016,35850,Non,2100111,nicosulfuron,111991-09-4,Herbicide,N Organique,,14.70
2016,35850,Non,2100112,ethephon,16672-87-0,Régulateur de croissance,"T, T+, CMR",,45.6
2016,35850,Non,2100138,cloquintocet-mexyl,99607-70-2,Autre usage – Coformulant / Phytoprotecteur / Synergiste,Autre,,2.8125
2016,35850,Non,2100138,pinoxaden,243973-20-8,Herbicide,"T, T+, CMR",,11.25
2016,35850,Non,2100140,clodinafop-propargyl,105512-06-9,Herbicide,N Organique,,5.000
2016,35850,Non,2100140,cloquintocet-mexyl,99607-70-2,Autre usage – Coformulant / Phytoprotecteur / Synergiste,Autre,,1.25000
2016,35850,Non,2100140,pinoxaden,243973-20-8,Herbicide,"T, T+, CMR",,5.000
2016,35850,Non,2100164,fluroxypyr,69377-81-7,Herbicide,N Organique,,1
2016,35850,Non,2100175,prothioconazole,178928-70-6,Fongicide,"T, T+, CMR",,0.18
2016,35850,Non,2100179,azoxystrobine,131860-33-8,Fongicide,"T, T+, CMR",,2
2016,35850,Non,2100179,chlorothalonil,1897-45-6,Fongicide,"T, T+, CMR",,10
2016,35850,Non,2100182,epoxiconazole,133855-98-8,Fongicide,"T, T+, CMR",,6.64
2016,35850,Non,2100184,picolinafen,137641-05-5,Herbicide,N Organique,,6.0030
2016,35850,Non,2100184,tritosulfuron,142469-14-5,Herbicide,N Organique,,6.0030
2016,35850,Non,2100211,prothioconazole,178928-70-6,Fongicide,"T, T+, CMR",,4.375
2016,35850,Non,2100211,tebuconazole,107534-96-3,Fongicide,"T, T+, CMR",,4.375
2016,35850,Non,2100227,propaquizafop,111479-05-1,Herbicide,N Organique,,0.5
2016,35850,Non,2100234,diflufenicanil,83164-33-4,Herbicide,N Organique,,6
2016,35850,Non,2100234,iodosulfuron-methyl-sodium,144550-36-7,Herbicide,N Organique,,0.375
2016,35850,Non,2100234,mefenpyr-diethyl,135590-91-9,Autre usage – Coformulant / Phytoprotecteur / Synergiste,Autre,,1.35
2016,35850,Non,2100234,mesosulfuron-methyl,208465-21-8,Herbicide,N Organique,,0.45
2016,35850,Non,2100245,prothioconazole,178928-70-6,Fongicide,"T, T+, CMR",,6.875
2016,35850,Non,2100245,tebuconazole,107534-96-3,Fongicide,"T, T+, CMR",,6.875
2016,35850,Non,2110013,bromoxynil,1689-84-5,Herbicide,"T, T+, CMR",,3.2128
2016,35850,Non,2110018,difenoconazole,119446-68-3,Fongicide,N Organique,,0.0375
2016,35850,Non,2110018,fludioxonil,131341-86-1,Fongicide,N Organique,,0.0375
2016,35850,Non,2110063,clopyralid,1702-17-6,Herbicide,Autre,,0.54
2016,35850,Non,2110090,azoxystrobine,131860-33-8,Fongicide,"T, T+, CMR",,3.75
2016,35850,Non,2110092,thifensulfuron-methyle,79277-27-3,Herbicide,N Organique,,0.18
2016,35850,Non,2110092,tribenuron-methyle,101200-48-0,Herbicide,N Organique,,0.18
2016,35850,Non,2110095,cloquintocet-mexyl,99607-70-2,Autre usage – Coformulant / Phytoprotecteur / Synergiste,Autre,,0.16875
2016,35850,Non,2110095,florasulame,145701-23-1,Herbicide,N Organique,,0.075
2016,35850,Non,2110095,pinoxaden,243973-20-8,Herbicide,"T, T+, CMR",,0.675
2016,35850,Non,2110102,difenoconazole,119446-68-3,Fongicide,N Organique,,0.2725
2016,35850,Non,2110102,fludioxonil,131341-86-1,Fongicide,N Organique,,0.2725
2016,35850,Non,2110102,sedaxane,874967-67-6,Fongicide,N Organique,,0.545
2016,35850,Non,2110103,tribenuron-methyle,101200-48-0,Herbicide,N Organique,,0.375
2016,35850,Non,2110104,clopyralid (sous forme de sel de monoethanolamine),57754-85-5,Herbicide,Autre,,4.08
2016,35850,Non,2110104,florasulame,145701-23-1,Herbicide,N Organique,,0.1275
2016,35850,Non,2110104,fluroxypyr,69377-81-7,Herbicide,N Organique,,5.1
2016,35850,Non,2110105,azoxystrobine,131860-33-8,Fongicide,"T, T+, CMR",,6.25
2016,35850,Non,2110109,cyprosulfamide,221667-31-8,Autre usage – Coformulant / Phytoprotecteur / Synergiste,Autre,,3.63
2016,35850,Non,2110109,isoxaflutole,141112-29-0,Herbicide,"T, T+, CMR",,5.5
2016,35850,Non,2110109,thiencarbazone-methyl,317815-83-1,Herbicide,"T, T+, CMR",,2.2
2016,35850,Non,2110115,cypermethrine,52315-07-8,Insecticide,N Organique,,0.5
2016,35850,Non,2110121,thiaclopride,111988-49-9,Insecticide,"T, T+, CMR",,14.364
2016,35850,Non,2110170,epoxiconazole,133855-98-8,Fongicide,"T, T+, CMR",,12.1875
2016,35850,Non,2110170,fluxapyroxad,907204-31-3,Fongicide,"T, T+, CMR",,12.1875
2016,35850,Non,2110177,chlorothalonil,1897-45-6,Fongicide,"T, T+, CMR",,208.125
2016,35850,Non,2110177,cyproconazole,94361-06-5,Fongicide,"T, T+, CMR",,27.75
2016,35850,Non,2110177,propiconazole,60207-90-1,Fongicide,N Organique,,34.6875
2016,35850,Non,2110178,bixafen,581809-46-3,Fongicide,N Organique,,18.00225
2016,35850,Non,2110178,prothioconazole,178928-70-6,Fongicide,"T, T+, CMR",,36.0045
2016,35850,Non,2110179,1-dodecanol,112-53-8,Insecticide - Médiateur chimique,N Organique,,0.01598
2016,35850,Non,2110179,1-tetradecanol,112-72-1,Insecticide - Médiateur chimique,N Organique,,0.00289
2016,35850,Non,2110179,acetate de e-8-dodecenyle,38363-29-0,Insecticide - Médiateur chimique,N Organique,,0.00187
2016,35850,Non,2110179,acetate de z-8-dodecenyle,28079-04-1,Insecticide - Médiateur chimique,N Organique,,0.03604
2016,35850,Non,2110179,"e8,e10-dodecadiene-1-ol",33956-49-9,Insecticide - Médiateur chimique,N Organique,,0.09792
2016,35850,Non,2110179,(z)-8-dodecenol,40642-40-8,Insecticide - Médiateur chimique,N Organique,,0.00034
2016,35850,Non,2110181,bixafen,581809-46-3,Fongicide,N Organique,,1.125
2016,35850,Non,2110181,prothioconazole,178928-70-6,Fongicide,"T, T+, CMR",,1.5
2016,35850,Non,2110181,tebuconazole,107534-96-3,Fongicide,"T, T+, CMR",,1.5
2016,35850,Non,2110192,metsulfuron-methyl,74223-64-6,Herbicide,N Organique,,0.08
2016,35850,Non,2110194,boscalid,188425-85-6,Fongicide,N Organique,,7.7
2016,35850,Non,2110194,epoxiconazole,133855-98-8,Fongicide,"T, T+, CMR",,2.75
2016,35850,Non,2110198,glyphosate,1071-83-6,Herbicide,N Organique,,180.0
2016,35850,Non,2110201,boscalid,188425-85-6,Fongicide,N Organique,,2.8
2016,35850,Non,2110201,epoxiconazole,133855-98-8,Fongicide,"T, T+, CMR",,1
2016,35850,Non,2110201,pyraclostrobine,175013-18-0,Fongicide,"T, T+, CMR",,1.2
2016,35850,Non,2120034,glyphosate,1071-83-6,Herbicide,N Organique,,86.4
2016,35850,Non,2120048,aminopyralid,150114-71-9,Herbicide,N Organique,,0.60
2016,35850,Non,2120048,triclopyr,55335-06-3,Herbicide,N Organique,,4.80
2016,35850,Non,2120066,dichlorprop-p,15165-67-0,Herbicide,Autre,,156
2016,35850,Non,2120066,picolinafen,137641-05-5,Herbicide,N Organique,,5.2
2016,35850,Non,2120070,prothioconazole,178928-70-6,Fongicide,"T, T+, CMR",,32.8
2016,35850,Non,2120070,tebuconazole,107534-96-3,Fongicide,"T, T+, CMR",,16.4
2016,35850,Non,2120075,dimethenamide-p (dmta-p),163515-14-8,Herbicide,N Organique,,8
2016,35850,Non,2120075,metazachlore,67129-08-2,Herbicide,"T, T+, CMR",,8
2016,35850,Non,2120075,quinmerac,90717-03-6,Herbicide,N Organique,,4
2016,35850,Non,2120089,diflufenicanil,83164-33-4,Herbicide,N Organique,,0.045
2016,35850,Non,2120089,glyphosate,1071-83-6,Herbicide,N Organique,,0.36
2016,35850,Non,2120089,mecoprop (mcpp),7085-19-0,Herbicide,N Organique,,0.18
2016,35850,Non,2120093,epoxiconazole,133855-98-8,Fongicide,"T, T+, CMR",,1.875
2016,35850,Non,2120120,bentazone,25057-89-0,Herbicide,N Organique,,2.4
2016,35850,Non,2120120,imazamox,114311-32-9,Herbicide,N Organique,,0.112
2016,35850,Non,2120193,glyphosate,1071-83-6,Herbicide,N Organique,,36
2016,35850,Non,2120194,metsulfuron-methyl,74223-64-6,Herbicide,N Organique,,0.14
2016,35850,Non,2120205,epoxiconazole,133855-98-8,Fongicide,"T, T+, CMR",,13.312
2016,35850,Non,2120205,fluxapyroxad,907204-31-3,Fongicide,"T, T+, CMR",,13.312
2016,35850,Non,2120205,pyraclostrobine,175013-18-0,Fongicide,"T, T+, CMR",,21.312
2016,35850,Non,2120210,dicamba,1918-00-9,Herbicide,N Organique,,7.2
2016,35850,Non,2130063,nicosulfuron,111991-09-4,Herbicide,N Organique,,0.8
2016,35850,Non,2130068,diflufenicanil,83164-33-4,Herbicide,N Organique,,28.0
2016,35850,Non,2130075,metaldehyde,108-62-3,Molluscicide,Autre,,11.2
2016,35850,Non,2130083,lambda-cyhalothrine,91465-08-6,Insecticide,"T, T+, CMR",,0.1
2016,35850,Non,2130084,metaldehyde,108-62-3,Molluscicide,Autre,,5.76
2016,35850,Non,2130105,metaldehyde,108-62-3,Molluscicide,Autre,,0.48
2016,35850,Non,2130151,hydrazide maleique,123-33-1,Régulateur de croissance,Autre,,0.048
2016,35850,Non,2130164,foramsulfuron,173159-57-4,Herbicide,N Organique,,0.75
2016,35850,Non,2130164,thiencarbazone-methyl,317815-83-1,Herbicide,"T, T+, CMR",,0.25
2016,35850,Non,2130175,cydia pomonella granulovirus,,Insecticide,Autre,,
2016,35850,Non,2130196,chlorothalonil,1897-45-6,Fongicide,"T, T+, CMR",,3.75
2016,35850,Non,2130196,cyproconazole,94361-06-5,Fongicide,"T, T+, CMR",,0.5
2016,35850,Non,2130196,propiconazole,60207-90-1,Fongicide,N Organique,,0.625
2016,35850,Non,2130243,cyprodinil,121552-61-2,Fongicide,N Organique,,3
2016,35850,Non,2130249,pendimethaline,40487-42-1,Herbicide,N Organique,,4
2016,35850,Non,2140039,imidaclopride,138261-41-3,Insecticide,N Organique,,24.9655
2016,35850,Non,2140039,prothioconazole,178928-70-6,Fongicide,"T, T+, CMR",,3.5665
2016,35850,Non,2140078,fludioxonil,131341-86-1,Fongicide,N Organique,,0.0013
2016,35850,Non,2140078,tefluthrine,79538-32-2,Insecticide,"T, T+, CMR",,0.0052
2016,35850,Non,2140082,trinexapac-ethyl,95266-40-3,Régulateur de croissance,N Organique,,3.50
2016,35850,Non,2140085,abamectine,71751-41-2,Insecticide,"T, T+, CMR",,0.018
2016,35850,Non,2140098,aminopyralid,150114-71-9,Herbicide,N Organique,,0.02635
2016,35850,Non,2140098,propyzamide,23950-58-5,Herbicide,"T, T+, CMR",,2.5
2016,35850,Non,2140121,acide pelargonique,112-05-0,Herbicide,Autre,,0.216207
2016,35850,Non,2140173,fluxapyroxad,907204-31-3,Fongicide,"T, T+, CMR",,8.4375
2016,35850,Non,2140173,metconazole,125116-23-6,Fongicide,"T, T+, CMR",,6.075
2016,35850,Non,2140252,phosphate ferrique,10045-86-0,Molluscicide,Autre,,0.06
2016,35850,Non,2140256,chlorpyriphos-methyl,5598-13-0,Insecticide,N Organique,,2.0250
2016,35850,Non,2140257,iodosulfuron-methyl-sodium,144550-36-7,Herbicide,N Organique,,0.23
2016,35850,Non,2140257,mefenpyr-diethyl,135590-91-9,Autre usage – Coformulant / Phytoprotecteur / Synergiste,Autre,,3.45
2016,35850,Non,2140257,mesosulfuron-methyl,208465-21-8,Herbicide,N Organique,,1.15
2016,35850,Non,2140266,epoxiconazole,133855-98-8,Fongicide,"T, T+, CMR",,5.04
2016,35850,Non,2140266,fluxapyroxad,907204-31-3,Fongicide,"T, T+, CMR",,5.04
2016,35850,Non,2140266,pyraclostrobine,175013-18-0,Fongicide,"T, T+, CMR",,8.16
2016,35850,Non,2140267,epoxiconazole,133855-98-8,Fongicide,"T, T+, CMR",,1.68
2016,35850,Non,2140267,fluxapyroxad,907204-31-3,Fongicide,"T, T+, CMR",,1.68
2016,35850,Non,2140267,pyraclostrobine,175013-18-0,Fongicide,"T, T+, CMR",,2.72
2016,35850,Non,2150084,mesotrione,104206-82-8,Herbicide,N Organique,,0.5
2016,35850,Non,2150280,imidaclopride,138261-41-3,Insecticide,N Organique,,3.69
2016,35850,Non,2150484,clopyralid,1702-17-6,Herbicide,Autre,,0.6
2016,35850,Non,2150484,florasulame,145701-23-1,Herbicide,N Organique,,0.05
2016,35850,Non,6500402,"2,4-d",94-75-7,Herbicide,N Organique,,100.8
2016,35850,Non,7400815,chlormequat chlorure,999-81-5,Régulateur de croissance,Autre,,4.6
2016,35850,Non,7500569,pyrimicarbe,23103-98-2,Insecticide,"T, T+, CMR",,3
2016,35850,Non,7800132,ethephon,16672-87-0,Régulateur de croissance,"T, T+, CMR",,2.4
2016,35850,Non,7800790,bromoxynil octanoate,1689-99-2,Herbicide,"T, T+, CMR",,4.8
2016,35850,Non,7800790,dicamba,1918-00-9,Herbicide,N Organique,,0.96
2016,35850,Non,7800790,mecoprop (mcpp),7085-19-0,Herbicide,N Organique,,14.4
2016,35850,Non,8000144,fosetyl-aluminium,39148-24-8,Fongicide,Autre,,6.6
2016,35850,Non,8000144,mancozebe,8018-01-7,Fongicide,"T, T+, CMR",,3.9
2016,35850,Non,8100283,linuron,330-55-2,Herbicide,"T, T+, CMR",,4.50
2016,35850,Non,8200307,isoproturon,34123-59-6,Herbicide,"T, T+, CMR",,87.5
2016,35850,Non,8300243,chlorothalonil,1897-45-6,Fongicide,"T, T+, CMR",,95.0
2016,35850,Non,8400096,dicamba,1918-00-9,Herbicide,N Organique,,31.20
2016,35850,Non,8400255,metsulfuron-methyl,74223-64-6,Herbicide,N Organique,,0.10
2016,35850,Non,8400528,isoxaben,82558-50-7,Herbicide,N Organique,,9.375
2016,35850,Non,8400574,propyzamide,23950-58-5,Herbicide,"T, T+, CMR",,10
2016,35850,Non,8400600,fluroxypyr,69377-81-7,Herbicide,N Organique,,2.8
2016,35850,Non,8600028,pencycuron,66063-05-6,Fongicide,N Organique,,1.25
2016,35850,Non,8600349,huile vegetale,,SA non phyto - Divers,Autre,,0.03
2016,35850,Non,8600349,resines (colophane),8050-09-7,SA non phyto - Divers,Autre,,0.08
2016,35850,Non,8700002,chlortoluron,15545-48-9,Herbicide,"T, T+, CMR",,100
2016,35850,Non,8700240,diflufenicanil,83164-33-4,Herbicide,N Organique,,0.625
2016,35850,Non,8700240,isoproturon,34123-59-6,Herbicide,"T, T+, CMR",,5
2016,35850,Non,8700462,prosulfocarbe,52888-80-9,Herbicide,N Organique,,1080
2016,35850,Non,8800395,lambda-cyhalothrine,91465-08-6,Insecticide,"T, T+, CMR",,0.075
2016,35850,Non,8800395,pyrimicarbe,23103-98-2,Insecticide,"T, T+, CMR",,1.5
2016,35850,Non,8800488,chlorothalonil,1897-45-6,Fongicide,"T, T+, CMR",,22.5
2016,35850,Non,8900681,pendimethaline,40487-42-1,Herbicide,N Organique,,8
2016,35850,Non,9000163,rimsulfuron,122931-48-0,Herbicide,N Organique,,0.225
2016,35850,Non,9000184,"2,4-mcpa",94-74-6,Herbicide,N Organique,,63
2016,35850,Non,9000184,clopyralid (sous forme de sel de monoethanolamine),57754-85-5,Herbicide,Autre,,6.3
2016,35850,Non,9000184,fluroxypyr,69377-81-7,Herbicide,N Organique,,12.6
2016,35850,Non,9000259,amidosulfuron,120923-37-7,Herbicide,N Organique,,1.08
2016,35850,Non,9000741,tetraconazole,112281-77-3,Fongicide,N Organique,,7.5
2016,35850,Non,9000753,metaldehyde,108-62-3,Molluscicide,Autre,,8
2016,35850,Non,9000833,metazachlore,67129-08-2,Herbicide,"T, T+, CMR",,14
2016,35850,Non,9000833,quinmerac,90717-03-6,Herbicide,N Organique,,3.5
2016,35850,Non,9100034,chlormequat chlorure,999-81-5,Régulateur de croissance,Autre,,13.8
2016,35850,Non,9100046,trinexapac-ethyl,95266-40-3,Régulateur de croissance,N Organique,,15.00
2016,35850,Non,9100065,bentazone,25057-89-0,Herbicide,N Organique,,7.2
2016,35850,Non,9100155,glyphosate,1071-83-6,Herbicide,N Organique,,3.6
2016,35850,Non,9100231,metaldehyde,108-62-3,Molluscicide,Autre,,0.24
2016,35850,Non,9100418,nicosulfuron,111991-09-4,Herbicide,N Organique,,11.8
2016,35850,Non,9100537,glyphosate,1071-83-6,Herbicide,N Organique,,14.4
2016,35850,Non,9100645,clodinafop-propargyl,105512-06-9,Herbicide,N Organique,,1
2016,35850,Non,9100645,cloquintocet-mexyl,99607-70-2,Autre usage – Coformulant / Phytoprotecteur / Synergiste,Autre,,0.25
2016,35850,Non,9200073,triflusulfuron-methyl,126535-15-7,Herbicide,"T, T+, CMR",,0.1
2016,35850,Non,9200091,imidaclopride,138261-41-3,Insecticide,N Organique,,3.7625
2016,35850,Non,9200135,cypermethrine,52315-07-8,Insecticide,N Organique,,0.006438
2016,35850,Non,9200159,pyrimethanil,53112-28-0,Fongicide,N Organique,,4
2016,35850,Non,9200262,iprodione,36734-19-7,Fongicide,"T, T+, CMR",,6
2016,35850,Non,9200461,chlormequat chlorure,999-81-5,Régulateur de croissance,Autre,,113.850
2016,35850,Non,9200461,mepiquat-chlorure,24307-26-4,Régulateur de croissance,N Organique,,37.950
2016,35850,Non,9200494,ethephon,16672-87-0,Régulateur de croissance,"T, T+, CMR",,5.4
2016,35850,Non,9200494,trinexapac-ethyl,95266-40-3,Régulateur de croissance,N Organique,,5.4
2016,35850,Non,9200548,thirame,137-26-8,Fongicide,N Organique,,0.3360
2016,35850,Non,9300305,prochloraze,67747-09-5,Fongicide,N Organique,,4.5
2016,35850,Non,9300309,zetacypermethrine,52315-07-8,Insecticide,"T, T+, CMR",,0.1
2016,35850,Non,9300396,chlormequat chlorure,999-81-5,Régulateur de croissance,Autre,,96.6
2016,35850,Non,9300396,chlorure de choline,67-48-1,Autre usage – Coformulant / Phytoprotecteur / Synergiste,Autre,,67.2
2016,35850,Non,9400008,triticonazole,131983-72-7,Fongicide,N Organique,,0.432
2016,35850,Non,9400067,dicamba,1918-00-9,Herbicide,N Organique,,15.4
2016,35850,Non,9400109,"2,4-d",94-75-7,Herbicide,N Organique,,2.1
2016,35850,Non,9400109,dicamba,1918-00-9,Herbicide,N Organique,,0.3
2016,35850,Non,9400134,diflufenicanil,83164-33-4,Herbicide,N Organique,,14.5
2016,35850,Non,9400134,flurtamone,96525-23-4,Herbicide,N Organique,,36.25
2016,35850,Non,9400162,glyphosate,1071-83-6,Herbicide,N Organique,,14.4
2016,35850,Non,9400336,chlormequat chlorure,999-81-5,Régulateur de croissance,Autre,,4.6
2016,35850,Non,9400354,glyphosate,1071-83-6,Herbicide,N Organique,,14.4
2016,35850,Non,9400367,chlorothalonil,1897-45-6,Fongicide,"T, T+, CMR",,45
2016,35850,Non,9400367,cyproconazole,94361-06-5,Fongicide,"T, T+, CMR",,4.8
2016,35850,Non,9400495,glyphosate,1071-83-6,Herbicide,N Organique,,1.8
2016,35850,Non,9500002,glyphosate,1071-83-6,Herbicide,N Organique,,5.76
2016,35850,Non,9500040,quizalofop-p-ethyl,100646-51-3,Herbicide,N Organique,,0.75
2016,35850,Non,9500135,metaldehyde,108-62-3,Molluscicide,Autre,,0.5
2016,35850,Non,9500148,metirame-zinc,9006-42-2,Fongicide,N Organique,,0.16
2016,35850,Non,9500223,prochloraze,67747-09-5,Fongicide,N Organique,,5.342
2016,35850,Non,9500223,tebuconazole,107534-96-3,Fongicide,"T, T+, CMR",,2.65
2016,35850,Non,9500484,"2,4-mcpa",94-74-6,Herbicide,N Organique,,0.5832
2016,35850,Non,9500484,dicamba,1918-00-9,Herbicide,N Organique,,0.0486
2016,35850,Non,9500581,chlormequat chlorure,999-81-5,Régulateur de croissance,Autre,,16.5
2016,35850,Non,9500581,ethephon,16672-87-0,Régulateur de croissance,"T, T+, CMR",,8.25
2016,35850,Non,9600197,carfentrazone ethyl,128639-02-1,Herbicide,N Organique,,0.04
2016,35850,Non,9600197,metsulfuron-methyl,74223-64-6,Herbicide,N Organique,,0.01
2016,35850,Non,9700521,glyphosate,1071-83-6,Herbicide,N Organique,,0.36
2016,35850,Non,9700554,prochloraze,67747-09-5,Fongicide,N Organique,,26
2016,35850,Non,9700554,propiconazole,60207-90-1,Fongicide,N Organique,,5.85
2016,35850,Non,9800018,clomazone,81777-89-1,Herbicide,N Organique,,7.80
2016,35850,Non,9800018,dimethachlore,50563-36-5,Herbicide,N Organique,,48.7500
2016,35850,Non,9800018,napropamide,15299-99-7,Herbicide,N Organique,,48.7500
2016,35850,Non,9800098,metamitrone,41394-05-2,Herbicide,N Organique,,0.9
2016,35850,Non,9800236,glyphosate,1071-83-6,Herbicide,N Organique,,3.6
2016,35850,Non,9800320,acibenzolar-s-methyl,135158-54-2,Fongicide,N Organique,,0.12
2016,35850,Non,9800320,metalaxyl-m,70630-17-0,Fongicide,Autre,,1.1628
2016,35850,Non,9800336,lambda-cyhalothrine,91465-08-6,Insecticide,"T, T+, CMR",,0.6
2016,35850,Non,9800344,fludioxonil,131341-86-1,Fongicide,N Organique,,0.16175
2016,35850,Non,9800344,metalaxyl-m,70630-17-0,Fongicide,Autre,,0.062759
2016,35850,Non,9800374,sulfosulfuron,141776-32-1,Herbicide,N Organique,,0.104
2016,35850,Non,9800453,cyproconazole,94361-06-5,Fongicide,"T, T+, CMR",,4.4
2016,35850,Non,9800453,prochloraze,67747-09-5,Fongicide,N Organique,,16.5
2016,35850,Non,9800477,bentazone,25057-89-0,Herbicide,N Organique,,12.8
2016,35850,Non,9800477,dicamba,1918-00-9,Herbicide,N Organique,,3.6
2016,35850,Non,9800481,fleur de chaux (chaux eteinte),1305-62-0,SA non phyto - Divers,Autre,,1.95
2016,35850,Non,9900047,mesotrione,104206-82-8,Herbicide,N Organique,,27.3
2016,35850,Non,9900202,amidosulfuron,120923-37-7,Herbicide,N Organique,,0.15
2016,35850,Non,9900202,iodosulfuron-methyl-sodium,144550-36-7,Herbicide,N Organique,,0.015
2016,35850,Non,9900202,mefenpyr-diethyl,135590-91-9,Autre usage – Coformulant / Phytoprotecteur / Synergiste,Autre,,0.15
2016,35850,Non,9900206,picoxystrobine,117428-22-5,Fongicide,N Organique,,20.25
2016,35850,Non,9900251,dimethenamide-p (dmta-p),163515-14-8,Herbicide,N Organique,,79.2
2016,35850,Non,9900257,cuivre du sulfate de cuivre,8011-63-0,Fongicide,N minéral,,0.4
2016,35850,Non,9900282,cuivre de l'oxychlorure de cuivre,1332-40-7,Fongicide,"T, T+, CMR",,3.575
2016,35850,Non,9900411,fluroxypyr,69377-81-7,Herbicide,N Organique,,3
2016,35890,Non,2000003,metazachlore,67129-08-2,Herbicide,"T, T+, CMR",,5
2016,35890,Non,2000017,tau-fluvalinate,102851-06-9,Insecticide,N Organique,,0.0624
2016,35890,Non,2000125,cuivre du sulfate de cuivre,8011-63-0,Fongicide,N minéral,,0.92
2016,35890,Non,2000201,silthiofam,175217-20-6,Fongicide,N Organique,,4.050
2016,35890,Non,2000299,clomazone,81777-89-1,Herbicide,N Organique,,3.96
2016,35890,Non,2000301,foramsulfuron,173159-57-4,Herbicide,N Organique,,0.7875
2016,35890,Non,2000301,isoxadifen-ethyl,163520-33-0,Autre usage – Coformulant / Phytoprotecteur / Synergiste,N Organique,,0.7875
2016,35890,Non,2000380,clethodime,99129-21-2,Herbicide,N Organique,,1.56
2016,35890,Non,2000502,chlorpyriphos-methyl,5598-13-0,Insecticide,N Organique,,0.3375
2016,35890,Non,2010019,quizalofop-p-ethyl,100646-51-3,Herbicide,N Organique,,1
2016,35890,Non,2010023,deltamethrine,52918-63-5,Insecticide,"T, T+, CMR",,0.225
2016,35890,Non,2010030,mepiquat-chlorure,24307-26-4,Régulateur de croissance,N Organique,,18.0
2016,35890,Non,2010030,prohexadione-calcium,127277-53-6,Régulateur de croissance,N Organique,,3.00
2016,35890,Non,2010035,"2,4-mcpa",94-74-6,Herbicide,N Organique,,3.82
2016,35890,Non,2010035,dichlorprop-p,15165-67-0,Herbicide,Autre,,1.91
2016,35890,Non,2010035,mecoprop-p (mcpp-p),16484-77-8,Herbicide,N Organique,,1.91
2016,35890,Non,2010239,florasulame,145701-23-1,Herbicide,N Organique,,0.015
2016,35890,Non,2010239,fluroxypyr,69377-81-7,Herbicide,N Organique,,1.5
2016,35890,Non,2010280,metconazole,125116-23-6,Fongicide,"T, T+, CMR",,2.7
2016,35890,Non,2010326,metconazole,125116-23-6,Fongicide,"T, T+, CMR",,6.444
2016,35890,Non,2010349,desmediphame,13684-56-5,Herbicide,N Organique,,0.71
2016,35890,Non,2010349,ethofumesate,26225-79-6,Herbicide,N Organique,,1.12
2016,35890,Non,2010349,phenmediphame,13684-63-4,Herbicide,N Organique,,0.91
2016,35890,Non,2010351,iodosulfuron-methyl-sodium,144550-36-7,Herbicide,N Organique,,0.09
2016,35890,Non,2010351,mefenpyr-diethyl,135590-91-9,Autre usage – Coformulant / Phytoprotecteur / Synergiste,Autre,,0.27
2016,35890,Non,2010351,mesosulfuron-methyl,208465-21-8,Herbicide,N Organique,,0.09
2016,35890,Non,2010415,glyphosate,1071-83-6,Herbicide,N Organique,,18
2016,35890,Non,2010419,iodosulfuron-methyl-sodium,144550-36-7,Herbicide,N Organique,,0.0612
2016,35890,Non,2010419,mefenpyr-diethyl,135590-91-9,Autre usage – Coformulant / Phytoprotecteur / Synergiste,Autre,,0.918
2016,35890,Non,2010419,mesosulfuron-methyl,208465-21-8,Herbicide,N Organique,,0.306
2016,35890,Non,2010427,quizalofop-p-ethyl,100646-51-3,Herbicide,N Organique,,1.2
2016,35890,Non,2010439,"2,4-d",94-75-7,Herbicide,N Organique,,0.0074
2016,35890,Non,2010439,"2,4-mcpa",94-74-6,Herbicide,N Organique,,0.0146
2016,35890,Non,2010495,metaldehyde,108-62-3,Molluscicide,Autre,,18
2016,35890,Non,2010537,carfentrazone ethyl,128639-02-1,Herbicide,N Organique,,0.12
2016,35890,Non,2020065,metribuzine,21087-64-9,Herbicide,N Organique,,0.042
2016,35890,Non,2020069,tau-fluvalinate,102851-06-9,Insecticide,N Organique,,0.24
2016,35890,Non,2020224,iodosulfuron-methyl-sodium,144550-36-7,Herbicide,N Organique,,0.018
2016,35890,Non,2020224,mefenpyr-diethyl,135590-91-9,Autre usage – Coformulant / Phytoprotecteur / Synergiste,Autre,,0.054
2016,35890,Non,2020224,mesosulfuron-methyl,208465-21-8,Herbicide,N Organique,,0.018
2016,35890,Non,2020474,metazachlore,67129-08-2,Herbicide,"T, T+, CMR",,15
2016,35890,Non,2030125,deltamethrine,52918-63-5,Insecticide,"T, T+, CMR",,0.04035
2016,35890,Non,2030255,tebuconazole,107534-96-3,Fongicide,"T, T+, CMR",,12.5
2016,35890,Non,2030323,fludioxonil,131341-86-1,Fongicide,N Organique,,0.58925
2016,35890,Non,2030332,"2,4-d",94-75-7,Herbicide,N Organique,,1.62
2016,35890,Non,2030332,dichlorprop-p,15165-67-0,Herbicide,Autre,,0.81
2016,35890,Non,2030342,chlormequat chlorure,999-81-5,Régulateur de croissance,Autre,,18.4
2016,35890,Non,2030342,chlorure de choline,67-48-1,Autre usage – Coformulant / Phytoprotecteur / Synergiste,Autre,,12.8
2016,35890,Non,2030429,metaldehyde,108-62-3,Molluscicide,Autre,,5.25
2016,35890,Non,2040146,tefluthrine,79538-32-2,Insecticide,"T, T+, CMR",,23.028
2016,35890,Non,2040310,prochloraze,67747-09-5,Fongicide,N Organique,,5.342
2016,35890,Non,2040310,tebuconazole,107534-96-3,Fongicide,"T, T+, CMR",,2.65
2016,35890,Non,2050075,boscalid,188425-85-6,Fongicide,N Organique,,2.5
2016,35890,Non,2050146,diflufenicanil,83164-33-4,Herbicide,N Organique,,0.78
2016,35890,Non,2050146,glyphosate,1071-83-6,Herbicide,N Organique,,4.875
2016,35890,Non,2060088,benoxacor,98730-04-2,Autre usage – Coformulant / Phytoprotecteur / Synergiste,Autre,,10.0
2016,35890,Non,2060088,mesotrione,104206-82-8,Herbicide,N Organique,,20.0
2016,35890,Non,2060088,s-metolachlore,87392-12-9,Herbicide,N Organique,,200
2016,35890,Non,2060115,azoxystrobine,131860-33-8,Fongicide,"T, T+, CMR",,1
2016,35890,Non,2060115,cyproconazole,94361-06-5,Fongicide,"T, T+, CMR",,0.4
2016,35890,Non,2060116,prothioconazole,178928-70-6,Fongicide,"T, T+, CMR",,2.5
2016,35890,Non,2060118,fluoxastrobine,361377-29-9,Fongicide,"T, T+, CMR",,3.25
2016,35890,Non,2060118,prothioconazole,178928-70-6,Fongicide,"T, T+, CMR",,6.5
2016,35890,Non,2060131,"2,4-d",94-75-7,Herbicide,N Organique,,2.4273
2016,35890,Non,2060131,triclopyr,55335-06-3,Herbicide,N Organique,,2.70396
2016,35890,Non,2060175,metaldehyde,108-62-3,Molluscicide,Autre,,18.0216
2016,35890,Non,2060194,tefluthrine,79538-32-2,Insecticide,"T, T+, CMR",,0.18
2016,35890,Non,2080026,nicosulfuron,111991-09-4,Herbicide,N Organique,,11.64
2016,35890,Non,2080054,acetamipride,135410-20-7,Insecticide,N Organique,,0.000090
2016,35890,Non,2080094,florasulame,145701-23-1,Herbicide,N Organique,,0.14
2016,35890,Non,2080094,isoxaben,82558-50-7,Herbicide,N Organique,,2.135
2016,35890,Non,2080103,thiophanate-methyl,23564-05-8,Fongicide,"T, T+, CMR",,10
2016,35890,Non,2080112,thirame,137-26-8,Fongicide,N Organique,,5.7552
2016,35890,Non,2080113,glyphosate,1071-83-6,Herbicide,N Organique,,6.8
2016,35890,Non,2080117,prosulfuron,94125-34-5,Herbicide,N Organique,,5.2500
2016,35890,Non,2080125,metsulfuron-methyl,74223-64-6,Herbicide,N Organique,,0.28
2016,35890,Non,2080145,diflufenicanil,83164-33-4,Herbicide,N Organique,,15
2016,35890,Non,2080145,flufenacet,142459-58-3,Herbicide,N Organique,,30
2016,35890,Non,2090008,thirame,137-26-8,Fongicide,N Organique,,0.20254
2016,35890,Non,2090016,imazamox,114311-32-9,Herbicide,N Organique,,0.668
2016,35890,Non,2090016,pendimethaline,40487-42-1,Herbicide,N Organique,,10.0
2016,35890,Non,2090037,dicamba,1918-00-9,Herbicide,N Organique,,12.0
2016,35890,Non,2090037,prosulfuron,94125-34-5,Herbicide,N Organique,,1.20
2016,35890,Non,2090041,cloquintocet-mexyl,99607-70-2,Autre usage – Coformulant / Phytoprotecteur / Synergiste,Autre,,0.225
2016,35890,Non,2090041,pyroxsulame,422556-08-9,Herbicide,"T, T+, CMR",,0.225
2016,35890,Non,2090042,cloquintocet-mexyl,99607-70-2,Autre usage – Coformulant / Phytoprotecteur / Synergiste,Autre,,0.4098
2016,35890,Non,2090042,florasulame,145701-23-1,Herbicide,N Organique,,0.1368
2016,35890,Non,2090042,pyroxsulame,422556-08-9,Herbicide,"T, T+, CMR",,0.4098
2016,35890,Non,2090053,bromoxynil octanoate,1689-99-2,Herbicide,"T, T+, CMR",,1.31
2016,35890,Non,2090053,isoxadifen-ethyl,163520-33-0,Autre usage – Coformulant / Phytoprotecteur / Synergiste,N Organique,,0.125
2016,35890,Non,2090053,tembotrione,335104-84-2,Herbicide,"T, T+, CMR",,0.25
2016,35890,Non,2090057,metsulfuron-methyl,74223-64-6,Herbicide,N Organique,,0.18315
2016,35890,Non,2090057,tribenuron-methyle,101200-48-0,Herbicide,N Organique,,0.3663
2016,35890,Non,2090060,deltamethrine,52918-63-5,Insecticide,"T, T+, CMR",,0.05
2016,35890,Non,2090060,thiaclopride,111988-49-9,Insecticide,"T, T+, CMR",,0.5
2016,35890,Non,2090068,mepiquat-chlorure,24307-26-4,Régulateur de croissance,N Organique,,2.1
2016,35890,Non,2090068,metconazole,125116-23-6,Fongicide,"T, T+, CMR",,0.3
2016,35890,Non,2090069,bromoxynil,1689-84-5,Herbicide,"T, T+, CMR",,10.575
2016,35890,Non,2090071,bromoxynil,1689-84-5,Herbicide,"T, T+, CMR",,5.875
2016,35890,Non,2090072,florasulame,145701-23-1,Herbicide,N Organique,,0.05
2016,35890,Non,2090092,epoxiconazole,133855-98-8,Fongicide,"T, T+, CMR",,1.125
2016,35890,Non,2090092,metconazole,125116-23-6,Fongicide,"T, T+, CMR",,0.825
2016,35890,Non,2090113,dimethenamide-p (dmta-p),163515-14-8,Herbicide,N Organique,,57.375
2016,35890,Non,2090113,pendimethaline,40487-42-1,Herbicide,N Organique,,67.5
2016,35890,Non,2090115,glyphosate,1071-83-6,Herbicide,N Organique,,7.2
2016,35890,Non,2090146,abamectine,71751-41-2,Insecticide,"T, T+, CMR",,0.0000060
2016,35890,Non,2090146,pyrethrines,8003-34-7,Insecticide,N Organique,,0.000080
2016,35890,Non,2090153,dicamba,1918-00-9,Herbicide,N Organique,,10.08
2016,35890,Non,2090153,tritosulfuron,142469-14-5,Herbicide,N Organique,,2.1
2016,35890,Non,2090157,cyflufenamid,180409-60-3,Fongicide,N Organique,,0.2
2016,35890,Non,2090160,glyphosate,1071-83-6,Herbicide,N Organique,,129.6
2016,35890,Non,2090171,dimoxystrobine,149961-52-4,Fongicide,"T, T+, CMR",,1.33
2016,35890,Non,2090171,epoxiconazole,133855-98-8,Fongicide,"T, T+, CMR",,0.5
2016,35890,Non,2090172,epoxiconazole,133855-98-8,Fongicide,"T, T+, CMR",,9.960
2016,35890,Non,2090172,metrafenone,220899-03-6,Fongicide,N Organique,,12.0
2016,35890,Non,2090186,prosulfocarbe,52888-80-9,Herbicide,N Organique,,208
2016,35890,Non,2100009,thifensulfuron-methyle,79277-27-3,Herbicide,N Organique,,1.65834
2016,35890,Non,2100009,tribenuron-methyle,101200-48-0,Herbicide,N Organique,,0.83166
2016,35890,Non,2100014,metsulfuron-methyl,74223-64-6,Herbicide,N Organique,,0.201
2016,35890,Non,2100014,thifensulfuron-methyle,79277-27-3,Herbicide,N Organique,,0.999
2016,35890,Non,2100015,thifensulfuron-methyle,79277-27-3,Herbicide,N Organique,,0.045
2016,35890,Non,2100026,cypermethrine,52315-07-8,Insecticide,N Organique,,3.0
2016,35890,Non,2100030,phosphate ferrique,10045-86-0,Molluscicide,Autre,,3.564
2016,35890,Non,2100056,prothioconazole,178928-70-6,Fongicide,"T, T+, CMR",,4.8
2016,35890,Non,2100056,spiroxamine,118134-30-8,Fongicide,N Organique,,9
2016,35890,Non,2100057,prothioconazole,178928-70-6,Fongicide,"T, T+, CMR",,5.25
2016,35890,Non,2100057,trifloxystrobine,141517-21-7,Fongicide,N Organique,,2.64
2016,35890,Non,2100069,metsulfuron-methyl,74223-64-6,Herbicide,N Organique,,0.1484
2016,35890,Non,2100069,thifensulfuron-methyle,79277-27-3,Herbicide,N Organique,,1.4416
2016,35890,Non,2100108,prothioconazole,178928-70-6,Fongicide,"T, T+, CMR",,13.125
2016,35890,Non,2100108,tebuconazole,107534-96-3,Fongicide,"T, T+, CMR",,13.125
2016,35890,Non,2100111,mesotrione,104206-82-8,Herbicide,N Organique,,6.375
2016,35890,Non,2100111,nicosulfuron,111991-09-4,Herbicide,N Organique,,2.55
2016,35890,Non,2100121,chlorantraniliprole,500008-45-7,Insecticide,N Organique,,1
2016,35890,Non,2100138,cloquintocet-mexyl,99607-70-2,Autre usage – Coformulant / Phytoprotecteur / Synergiste,Autre,,3.8750
2016,35890,Non,2100138,pinoxaden,243973-20-8,Herbicide,"T, T+, CMR",,15.50
2016,35890,Non,2100140,clodinafop-propargyl,105512-06-9,Herbicide,N Organique,,3.250
2016,35890,Non,2100140,cloquintocet-mexyl,99607-70-2,Autre usage – Coformulant / Phytoprotecteur / Synergiste,Autre,,0.81250
2016,35890,Non,2100140,pinoxaden,243973-20-8,Herbicide,"T, T+, CMR",,3.250
2016,35890,Non,2100151,pyraclostrobine,175013-18-0,Fongicide,"T, T+, CMR",,8.658
2016,35890,Non,2100154,chlorpyriphos-ethyl,2921-88-2,Insecticide,"T, T+, CMR",,10
2016,35890,Non,2100154,cypermethrine,52315-07-8,Insecticide,N Organique,,1
2016,35890,Non,2100165,acetamipride,135410-20-7,Insecticide,N Organique,,0.002
2016,35890,Non,2100165,triticonazole,131983-72-7,Fongicide,N Organique,,0.006
2016,35890,Non,2100175,prothioconazole,178928-70-6,Fongicide,"T, T+, CMR",,2.031
2016,35890,Non,2100214,clomazone,81777-89-1,Herbicide,N Organique,,0.36
2016,35890,Non,2100234,diflufenicanil,83164-33-4,Herbicide,N Organique,,4.8
2016,35890,Non,2100234,iodosulfuron-methyl-sodium,144550-36-7,Herbicide,N Organique,,0.3000
2016,35890,Non,2100234,mefenpyr-diethyl,135590-91-9,Autre usage – Coformulant / Phytoprotecteur / Synergiste,Autre,,1.080
2016,35890,Non,2100234,mesosulfuron-methyl,208465-21-8,Herbicide,N Organique,,0.360
2016,35890,Non,2110013,bromoxynil,1689-84-5,Herbicide,"T, T+, CMR",,4.016
2016,35890,Non,2110018,difenoconazole,119446-68-3,Fongicide,N Organique,,0.1315
2016,35890,Non,2110018,fludioxonil,131341-86-1,Fongicide,N Organique,,0.1315
2016,35890,Non,2110092,thifensulfuron-methyle,79277-27-3,Herbicide,N Organique,,0.24
2016,35890,Non,2110092,tribenuron-methyle,101200-48-0,Herbicide,N Organique,,0.24
2016,35890,Non,2110095,cloquintocet-mexyl,99607-70-2,Autre usage – Coformulant / Phytoprotecteur / Synergiste,Autre,,0.225
2016,35890,Non,2110095,florasulame,145701-23-1,Herbicide,N Organique,,0.1
2016,35890,Non,2110095,pinoxaden,243973-20-8,Herbicide,"T, T+, CMR",,0.9
2016,35890,Non,2110102,difenoconazole,119446-68-3,Fongicide,N Organique,,0.9085
2016,35890,Non,2110102,fludioxonil,131341-86-1,Fongicide,N Organique,,0.9085
2016,35890,Non,2110102,sedaxane,874967-67-6,Fongicide,N Organique,,1.817
2016,35890,Non,2110105,azoxystrobine,131860-33-8,Fongicide,"T, T+, CMR",,17.5
2016,35890,Non,2110109,cyprosulfamide,221667-31-8,Autre usage – Coformulant / Phytoprotecteur / Synergiste,Autre,,1.65
2016,35890,Non,2110109,isoxaflutole,141112-29-0,Herbicide,"T, T+, CMR",,2.5
2016,35890,Non,2110109,thiencarbazone-methyl,317815-83-1,Herbicide,"T, T+, CMR",,1.0
2016,35890,Non,2110121,thiaclopride,111988-49-9,Insecticide,"T, T+, CMR",,7.84
2016,35890,Non,2110149,huile de colza,8002-13-9,Insecticide,Autre,,0.04056
2016,35890,Non,2110150,huile de colza,8002-13-9,Insecticide,Autre,,0.9324
2016,35890,Non,2110153,chlormequat chlorure,999-81-5,Régulateur de croissance,Autre,,15
2016,35890,Non,2110153,ethephon,16672-87-0,Régulateur de croissance,"T, T+, CMR",,7.5
2016,35890,Non,2110160,triticonazole,131983-72-7,Fongicide,N Organique,,0.00036
2016,35890,Non,2110162,azoxystrobine,131860-33-8,Fongicide,"T, T+, CMR",,3.75
2016,35890,Non,2110170,epoxiconazole,133855-98-8,Fongicide,"T, T+, CMR",,5.625
2016,35890,Non,2110170,fluxapyroxad,907204-31-3,Fongicide,"T, T+, CMR",,5.625
2016,35890,Non,2110177,chlorothalonil,1897-45-6,Fongicide,"T, T+, CMR",,110.625
2016,35890,Non,2110177,cyproconazole,94361-06-5,Fongicide,"T, T+, CMR",,14.75
2016,35890,Non,2110177,propiconazole,60207-90-1,Fongicide,N Organique,,18.4375
2016,35890,Non,2110178,bixafen,581809-46-3,Fongicide,N Organique,,0.45
2016,35890,Non,2110178,prothioconazole,178928-70-6,Fongicide,"T, T+, CMR",,0.9
2016,35890,Non,2110181,bixafen,581809-46-3,Fongicide,N Organique,,1.5
2016,35890,Non,2110181,prothioconazole,178928-70-6,Fongicide,"T, T+, CMR",,2
2016,35890,Non,2110181,tebuconazole,107534-96-3,Fongicide,"T, T+, CMR",,2
2016,35890,Non,2110192,metsulfuron-methyl,74223-64-6,Herbicide,N Organique,,0.04
2016,35890,Non,2120018,glyphosate,1071-83-6,Herbicide,N Organique,,2.136
2016,35890,Non,2120034,glyphosate,1071-83-6,Herbicide,N Organique,,86.4
2016,35890,Non,2120041,zirame,137-30-4,Fongicide,"T, T+, CMR",,2.1756
2016,35890,Non,2120048,aminopyralid,150114-71-9,Herbicide,N Organique,,0.63
2016,35890,Non,2120048,triclopyr,55335-06-3,Herbicide,N Organique,,5.04
2016,35890,Non,2120063,fluopicolide,239110-15-7,Fongicide,N Organique,,0.05
2016,35890,Non,2120063,propamocarbe,24579-73-5,Fongicide,Autre,,0.5
2016,35890,Non,2120066,dichlorprop-p,15165-67-0,Herbicide,Autre,,60
2016,35890,Non,2120066,picolinafen,137641-05-5,Herbicide,N Organique,,2.0
2016,35890,Non,2120075,dimethenamide-p (dmta-p),163515-14-8,Herbicide,N Organique,,10
2016,35890,Non,2120075,metazachlore,67129-08-2,Herbicide,"T, T+, CMR",,10
2016,35890,Non,2120075,quinmerac,90717-03-6,Herbicide,N Organique,,5
2016,35890,Non,2120093,epoxiconazole,133855-98-8,Fongicide,"T, T+, CMR",,0.625
2016,35890,Non,2120159,thirame,137-26-8,Fongicide,N Organique,,0.019512
2016,35890,Non,2120194,metsulfuron-methyl,74223-64-6,Herbicide,N Organique,,0.22
2016,35890,Non,2120205,epoxiconazole,133855-98-8,Fongicide,"T, T+, CMR",,8.320
2016,35890,Non,2120205,fluxapyroxad,907204-31-3,Fongicide,"T, T+, CMR",,8.320
2016,35890,Non,2120205,pyraclostrobine,175013-18-0,Fongicide,"T, T+, CMR",,13.320
2016,35890,Non,2120210,dicamba,1918-00-9,Herbicide,N Organique,,4.8
2016,35890,Non,2130040,"2,4-d",94-75-7,Herbicide,N Organique,,0.075
2016,35890,Non,2130068,diflufenicanil,83164-33-4,Herbicide,N Organique,,28.0
2016,35890,Non,2130075,metaldehyde,108-62-3,Molluscicide,Autre,,6.4
2016,35890,Non,2130081,metaldehyde,108-62-3,Molluscicide,Autre,,1.24
2016,35890,Non,2130083,lambda-cyhalothrine,91465-08-6,Insecticide,"T, T+, CMR",,0.3
2016,35890,Non,2130084,metaldehyde,108-62-3,Molluscicide,Autre,,0.96
2016,35890,Non,2130105,metaldehyde,108-62-3,Molluscicide,Autre,,0.48
2016,35890,Non,2130140,diflufenicanil,83164-33-4,Herbicide,N Organique,,5.6
2016,35890,Non,2130140,pendimethaline,40487-42-1,Herbicide,N Organique,,56
2016,35890,Non,2130151,hydrazide maleique,123-33-1,Régulateur de croissance,Autre,,0.048
2016,35890,Non,2130152,fluopyram,658066-35-4,Fongicide,"T, T+, CMR",,2.5
2016,35890,Non,2130152,trifloxystrobine,141517-21-7,Fongicide,N Organique,,2.5
2016,35890,Non,2130164,foramsulfuron,173159-57-4,Herbicide,N Organique,,1.05
2016,35890,Non,2130164,thiencarbazone-methyl,317815-83-1,Herbicide,"T, T+, CMR",,0.35
2016,35890,Non,2130202,fluopyram,658066-35-4,Fongicide,"T, T+, CMR",,4.375
2016,35890,Non,2130202,prothioconazole,178928-70-6,Fongicide,"T, T+, CMR",,4.375
2016,35890,Non,2140002,florasulame,145701-23-1,Herbicide,N Organique,,0.175
2016,35890,Non,2140039,imidaclopride,138261-41-3,Insecticide,N Organique,,0.0035
2016,35890,Non,2140039,prothioconazole,178928-70-6,Fongicide,"T, T+, CMR",,0.0005
2016,35890,Non,2140093,glyphosate,1071-83-6,Herbicide,N Organique,,9
2016,35890,Non,2140098,aminopyralid,150114-71-9,Herbicide,N Organique,,0.2108
2016,35890,Non,2140098,propyzamide,23950-58-5,Herbicide,"T, T+, CMR",,20
2016,35890,Non,2140106,huile minerale paraffinique,8042-47-5,Insecticide - Acaricide,Autre,,2.37
2016,35890,Non,2140134,soufre triture ventile,7704-34-9,Fongicide,Autre,,1.576
2016,35890,Non,2140148,dicamba,1918-00-9,Herbicide,N Organique,,6.24
2016,35890,Non,2140160,bacillus pumilus souche qst 2808,,Fongicide,Autre,,0.287
2016,35890,Non,2140166,acide decanoique,334-48-5,Herbicide - Antimousse,Autre,,0.02376
2016,35890,Non,2140166,acide octanoique,124-07-2,Herbicide - Antimousse,Autre,,0.03564
2016,35890,Non,2140173,fluxapyroxad,907204-31-3,Fongicide,"T, T+, CMR",,14.375
2016,35890,Non,2140173,metconazole,125116-23-6,Fongicide,"T, T+, CMR",,10.35
2016,35890,Non,2140256,chlorpyriphos-methyl,5598-13-0,Insecticide,N Organique,,0.225
2016,35890,Non,2140258,iodosulfuron-methyl-sodium,144550-36-7,Herbicide,N Organique,,0.168
2016,35890,Non,2140258,mesosulfuron-methyl,208465-21-8,Herbicide,N Organique,,0.168
2016,35890,Non,2150200,chlorothalonil,1897-45-6,Fongicide,"T, T+, CMR",,30
2016,35890,Non,2150280,imidaclopride,138261-41-3,Insecticide,N Organique,,4.572
2016,35890,Non,2150484,clopyralid,1702-17-6,Herbicide,Autre,,1.8
2016,35890,Non,2150484,florasulame,145701-23-1,Herbicide,N Organique,,0.150
2016,35890,Non,7400815,chlormequat chlorure,999-81-5,Régulateur de croissance,Autre,,46.0
2016,35890,Non,8100462,huile vegetale,,SA non phyto - Divers,Autre,,0.0644
2016,35890,Non,8100462,resines (colophane),8050-09-7,SA non phyto - Divers,Autre,,0.637
2016,35890,Non,8200307,isoproturon,34123-59-6,Herbicide,"T, T+, CMR",,165
2016,35890,Non,8300243,chlorothalonil,1897-45-6,Fongicide,"T, T+, CMR",,52.5
2016,35890,Non,8400096,dicamba,1918-00-9,Herbicide,N Organique,,4.80
2016,35890,Non,8400255,metsulfuron-methyl,74223-64-6,Herbicide,N Organique,,0.02
2016,35890,Non,8400528,isoxaben,82558-50-7,Herbicide,N Organique,,2.500
2016,35890,Non,8500351,acide b-indole butyrique (aib),133-32-4,Régulateur de croissance,"T, T+, CMR",,0.0002
2016,35890,Non,8600243,aclonifen,74070-46-5,Herbicide,"T, T+, CMR",,12
2016,35890,Non,8700462,prosulfocarbe,52888-80-9,Herbicide,N Organique,,448
2016,35890,Non,8800011,carboxine,5234-68-4,Fongicide,N Organique,,0.99
2016,35890,Non,8800011,thirame,137-26-8,Fongicide,N Organique,,0.99
2016,35890,Non,8800395,lambda-cyhalothrine,91465-08-6,Insecticide,"T, T+, CMR",,0.125
2016,35890,Non,8800395,pyrimicarbe,23103-98-2,Insecticide,"T, T+, CMR",,2.5
2016,35890,Non,8800519,goudrons de pin,8011-48-1,SA non phyto - Divers,Autre,,3.2
2016,35890,Non,8800827,chlortoluron,15545-48-9,Herbicide,"T, T+, CMR",,47.5
2016,35890,Non,8800827,isoxaben,82558-50-7,Herbicide,N Organique,,1.7765
2016,35890,Non,8820680,fer sous forme de sulfate de fer,7720-78-7,Herbicide - Antimousse,Autre,,12.2304
2016,35890,Non,8900564,tau-fluvalinate,102851-06-9,Insecticide,N Organique,,0.24
2016,35890,Non,8900681,pendimethaline,40487-42-1,Herbicide,N Organique,,6
2016,35890,Non,9000069,ethofumesate,26225-79-6,Herbicide,N Organique,,2.5
2016,35890,Non,9000184,"2,4-mcpa",94-74-6,Herbicide,N Organique,,9
2016,35890,Non,9000184,clopyralid (sous forme de sel de monoethanolamine),57754-85-5,Herbicide,Autre,,0.9
2016,35890,Non,9000184,fluroxypyr,69377-81-7,Herbicide,N Organique,,1.8
2016,35890,Non,9000259,amidosulfuron,120923-37-7,Herbicide,N Organique,,0.18
2016,35890,Non,9000361,goudrons de pin,8011-48-1,SA non phyto - Divers,Autre,,0.8
2016,35890,Non,9100046,trinexapac-ethyl,95266-40-3,Régulateur de croissance,N Organique,,1.0
2016,35890,Non,9100231,metaldehyde,108-62-3,Molluscicide,Autre,,0.95
2016,35890,Non,9100418,nicosulfuron,111991-09-4,Herbicide,N Organique,,1.84
2016,35890,Non,9100505,glyphosate,1071-83-6,Herbicide,N Organique,,28.8
2016,35890,Non,9100645,clodinafop-propargyl,105512-06-9,Herbicide,N Organique,,0.2
2016,35890,Non,9100645,cloquintocet-mexyl,99607-70-2,Autre usage – Coformulant / Phytoprotecteur / Synergiste,Autre,,0.05
2016,35890,Non,9200091,imidaclopride,138261-41-3,Insecticide,N Organique,,6.4575
2016,35890,Non,9200135,cypermethrine,52315-07-8,Insecticide,N Organique,,0.028375
2016,35890,Non,9200283,imidaclopride,138261-41-3,Insecticide,N Organique,,4.3015
2016,35890,Non,9200283,tebuconazole,107534-96-3,Fongicide,"T, T+, CMR",,0.18435
2016,35890,Non,9200283,triazoxide,72459-58-6,Fongicide,Autre,,0.1229
2016,35890,Non,9200392,"2,4-mcpa",94-74-6,Herbicide,N Organique,,0.4
2016,35890,Non,9200392,clopyralid (sous forme de sel de monoethanolamine),57754-85-5,Herbicide,Autre,,0.04
2016,35890,Non,9200392,fluroxypyr,69377-81-7,Herbicide,N Organique,,0.08
2016,35890,Non,9200461,chlormequat chlorure,999-81-5,Régulateur de croissance,Autre,,17.25
2016,35890,Non,9200461,mepiquat-chlorure,24307-26-4,Régulateur de croissance,N Organique,,5.75
2016,35890,Non,9200482,bacillus thuringiensis serotype 3a 3b,68038-71-1,Insecticide,Autre,,
2016,35890,Non,9300111,pyrethrines,8003-34-7,Insecticide,N Organique,,0.0106
2016,35890,Non,9300189,fluroxypyr,69377-81-7,Herbicide,N Organique,,0.02
2016,35890,Non,9300189,triclopyr,55335-06-3,Herbicide,N Organique,,0.06
2016,35890,Non,9300396,chlormequat chlorure,999-81-5,Régulateur de croissance,Autre,,27.6
2016,35890,Non,9300396,chlorure de choline,67-48-1,Autre usage – Coformulant / Phytoprotecteur / Synergiste,Autre,,19.2
2016,35890,Non,9400008,triticonazole,131983-72-7,Fongicide,N Organique,,0.003
2016,35890,Non,9400067,dicamba,1918-00-9,Herbicide,N Organique,,1.4
2016,35890,Non,9400134,diflufenicanil,83164-33-4,Herbicide,N Organique,,3.5
2016,35890,Non,9400134,flurtamone,96525-23-4,Herbicide,N Organique,,8.75
2016,35890,Non,9500148,metirame-zinc,9006-42-2,Fongicide,N Organique,,0.8
2016,35890,Non,9500159,glyphosate,1071-83-6,Herbicide,N Organique,,1.8
2016,35890,Non,9500223,prochloraze,67747-09-5,Fongicide,N Organique,,2.671
2016,35890,Non,9500223,tebuconazole,107534-96-3,Fongicide,"T, T+, CMR",,1.325
2016,35890,Non,9500541,prochloraze,67747-09-5,Fongicide,N Organique,,2.25
2016,35890,Non,9500551,chlormequat chlorure,999-81-5,Régulateur de croissance,Autre,,3.45
2016,35890,Non,9500551,ethephon,16672-87-0,Régulateur de croissance,"T, T+, CMR",,2.325
2016,35890,Non,9500551,mepiquat-chlorure,24307-26-4,Régulateur de croissance,N Organique,,1.125
2016,35890,Non,9500568,cyprodinil,121552-61-2,Fongicide,N Organique,,2.625
2016,35890,Non,9500568,fludioxonil,131341-86-1,Fongicide,N Organique,,1.75
2016,35890,Non,9500581,chlormequat chlorure,999-81-5,Régulateur de croissance,Autre,,100.5
2016,35890,Non,9500581,ethephon,16672-87-0,Régulateur de croissance,"T, T+, CMR",,50.25
2016,35890,Non,9500628,bentazone,25057-89-0,Herbicide,N Organique,,2.61
2016,35890,Non,9600056,flupyrsulfuron-methyl,144740-54-5,Herbicide,N Organique,,0.0666
2016,35890,Non,9600056,metsulfuron-methyl,74223-64-6,Herbicide,N Organique,,0.0334
2016,35890,Non,9600093,azoxystrobine,131860-33-8,Fongicide,"T, T+, CMR",,8.75
2016,35890,Non,9600197,carfentrazone ethyl,128639-02-1,Herbicide,N Organique,,0.92
2016,35890,Non,9600197,metsulfuron-methyl,74223-64-6,Herbicide,N Organique,,0.23
2016,35890,Non,9600299,"2,4-d",94-75-7,Herbicide,N Organique,,0.0192
2016,35890,Non,9600299,fer sous forme de sulfate de fer,7720-78-7,Herbicide - Antimousse,Autre,,0.672
2016,35890,Non,9600299,mecoprop (mcpp),7085-19-0,Herbicide,N Organique,,0.0384
2016,35890,Non,9600319,glyphosate,1071-83-6,Herbicide,N Organique,,1.8
2016,35890,Non,9600386,fosetyl-aluminium,39148-24-8,Fongicide,Autre,,0.32
2016,35890,Non,9600392,chlormequat chlorure,999-81-5,Régulateur de croissance,Autre,,11.04
2016,35890,Non,9600392,imazaquine,81335-37-7,Régulateur de croissance,N Organique,,0.024
2016,35890,Non,9600550,diflufenicanil,83164-33-4,Herbicide,N Organique,,0.2
2016,35890,Non,9600550,glyphosate,1071-83-6,Herbicide,N Organique,,1.25
2016,35890,Non,9700278,alphamethrine,67375-30-8,Insecticide,"T, T+, CMR",,0.6
2016,35890,Non,9700332,azoxystrobine,131860-33-8,Fongicide,"T, T+, CMR",,0.03
2016,35890,Non,9800018,clomazone,81777-89-1,Herbicide,N Organique,,1.05
2016,35890,Non,9800018,dimethachlore,50563-36-5,Herbicide,N Organique,,6.5625
2016,35890,Non,9800018,napropamide,15299-99-7,Herbicide,N Organique,,6.5625
2016,35890,Non,9800098,metamitrone,41394-05-2,Herbicide,N Organique,,2.7
2016,35890,Non,9800106,metribuzine,21087-64-9,Herbicide,N Organique,,0.7
2016,35890,Non,9800144,indoxacarbe,173584-44-6,Insecticide,"T, T+, CMR",,0.9
2016,35890,Non,9800182,s-metolachlore,87392-12-9,Herbicide,N Organique,,33.6
2016,35890,Non,9800277,florasulame,145701-23-1,Herbicide,N Organique,,0.1500
2016,35890,Non,9800294,glyphosate,1071-83-6,Herbicide,N Organique,,21.6
2016,35890,Non,9800321,cypermethrine,52315-07-8,Insecticide,N Organique,,0.001
2016,35890,Non,9800336,lambda-cyhalothrine,91465-08-6,Insecticide,"T, T+, CMR",,1.2
2016,35890,Non,9800344,fludioxonil,131341-86-1,Fongicide,N Organique,,0.09225
2016,35890,Non,9800344,metalaxyl-m,70630-17-0,Fongicide,Autre,,0.035793
2016,35890,Non,9800365,oxyfluorfene,42874-03-3,Herbicide,"T, T+, CMR",,0.1
2016,35890,Non,9800365,propyzamide,23950-58-5,Herbicide,"T, T+, CMR",,0.28
2016,35890,Non,9800453,cyproconazole,94361-06-5,Fongicide,"T, T+, CMR",,8.4
2016,35890,Non,9800453,prochloraze,67747-09-5,Fongicide,N Organique,,31.5
2016,35890,Non,9800481,fleur de chaux (chaux eteinte),1305-62-0,SA non phyto - Divers,Autre,,1.3
2016,35890,Non,9900047,mesotrione,104206-82-8,Herbicide,N Organique,,21.0
2016,35890,Non,9900119,isoxaben,82558-50-7,Herbicide,N Organique,,0.00312
2016,35890,Non,9900119,oryzalin,19044-88-3,Herbicide,"T, T+, CMR",,0.01296
2016,35890,Non,9900189,coniothyrium minitans souche con/m/91-08,,Fongicide,Autre,,5.2
2016,35890,Non,9900206,picoxystrobine,117428-22-5,Fongicide,N Organique,,2.5
2016,35890,Non,9900251,dimethenamide-p (dmta-p),163515-14-8,Herbicide,N Organique,,64.8
2016,35890,Non,9900257,cuivre du sulfate de cuivre,8011-63-0,Fongicide,N minéral,,5.0
2016,35890,Non,9900263,chlormequat chlorure,999-81-5,Régulateur de croissance,Autre,,14.72
2016,35890,Non,9900263,imazaquine,81335-37-7,Régulateur de croissance,N Organique,,0.032
2016,35890,Non,9900269,glyphosate,1071-83-6,Herbicide,N Organique,,19.2
2016,35890,Non,9900412,fluroxypyr,69377-81-7,Herbicide,N Organique,,6.4
