annee,code_postal_acheteur,achat_etranger,amm,quantite_produit,conditionnement,eaj
2015,35000,Non,2000017,0.05,l,Oui
2015,35000,Non,2000018,2,kg,Non
2015,35000,Non,2000071,332.5,kg,Oui
2015,35000,Non,2000125,9,kg,Oui
2015,35000,Non,2000228,254.5,kg,Oui
2015,35000,Non,2000299,2,l,Non
2015,35000,Non,2000391,3,l,Non
2015,35000,Non,2000500,220,l,Oui
2015,35000,Non,2000502,2.5,l,Non
2015,35000,Non,2000510,292,kg,Oui
2015,35000,Non,2000538,0.2,l,Oui
2015,35000,Non,2010023,15,l,Non
2015,35000,Non,2010035,51.95,l,Oui
2015,35000,Non,2010139,2.07,l,Non
2015,35000,Non,2010239,5,l,Non
2015,35000,Non,2010240,20,l,Non
2015,35000,Non,2010284,0.64,l,Oui
2015,35000,Non,2010319,22.5,l,Oui
2015,35000,Non,2010351,4,kg,Non
2015,35000,Non,2010410,16.7,kg,Oui
2015,35000,Non,2010425,0.5,kg,Non
2015,35000,Non,2010439,4.3,l,Oui
2015,35000,Non,2010493,1.5,kg,Oui
2015,35000,Non,2010509,30.8,kg,Oui
2015,35000,Non,2010530,2.10,l,Oui
2015,35000,Non,2010612,20,l,Oui
2015,35000,Non,2010618,5.76,kg,Oui
2015,35000,Non,2020003,101.85,kg,Oui
2015,35000,Non,2020020,0.34,l,Oui
2015,35000,Non,2020049,2.4,kg,Non
2015,35000,Non,2020065,0.4,kg,Oui
2015,35000,Non,2020099,4,l,Non
2015,35000,Non,2020110,0.3,kg,Non
2015,35000,Non,2020301,2.25,l,Oui
2015,35000,Non,2020304,1.61,l,Oui
2015,35000,Non,2020318,255.0,l,Oui
2015,35000,Non,2020339,10,l,Non
2015,35000,Non,2020348,40,l,Non
2015,35000,Non,2030019,90,l,Non
2015,35000,Non,2030125,12.25,l,Oui
2015,35000,Non,2030273,1.08,l,Oui
2015,35000,Non,2030321,20,l,Oui
2015,35000,Non,2030332,2.75,l,Oui
2015,35000,Non,2030466,4.8,kg,Oui
2015,35000,Non,2050033,2,kg,Non
2015,35000,Non,2050075,5.0,kg,Non
2015,35000,Non,2050136,113,kg,Non
2015,35000,Non,2050145,2.62,l,Oui
2015,35000,Non,2050146,136.70,l,Oui
2015,35000,Non,2060050,0.05,l,Non
2015,35000,Non,2060084,50,kg,Non
2015,35000,Non,2060088,420,l,Non
2015,35000,Non,2060131,29.5,l,Oui
2015,35000,Non,2060175,210,kg,Oui
2015,35000,Non,2080018,2.6,l,Oui
2015,35000,Non,2080054,13.5,l,Oui
2015,35000,Non,2080089,58.1,l,Oui
2015,35000,Non,2080090,26.86,l,Oui
2015,35000,Non,2080101,6,kg,Non
2015,35000,Non,2080102,25,l,Non
2015,35000,Non,2080105,215,l,Non
2015,35000,Non,2080117,1.4,kg,Non
2015,35000,Non,2080133,24.3,l,Oui
2015,35000,Non,2090016,10,l,Non
2015,35000,Non,2090018,5,l,Non
2015,35000,Non,2090036,215,l,Oui
2015,35000,Non,2090037,13,kg,Non
2015,35000,Non,2090041,12.5,kg,Non
2015,35000,Non,2090050,120,kg,Non
2015,35000,Non,2090054,0.37,kg,Non
2015,35000,Non,2090057,0.6,kg,Non
2015,35000,Non,2090060,25,l,Non
2015,35000,Non,2090064,20,l,Non
2015,35000,Non,2090090,9,l,Non
2015,35000,Non,2090092,5.5,l,Non
2015,35000,Non,2090124,34.00,l,Oui
2015,35000,Non,2090160,20,l,Non
2015,35000,Non,2090164,352.5,l,Oui
2015,35000,Non,2090175,6,kg,Non
2015,35000,Non,2090176,5,l,Oui
2015,35000,Non,2090178,12.75,l,Oui
2015,35000,Non,2090199,6.55,l,Oui
2015,35000,Non,2090200,11.5,l,Oui
2015,35000,Non,2100004,5.76,l,Oui
2015,35000,Non,2100009,1.2,kg,Non
2015,35000,Non,2100037,10,l,Non
2015,35000,Non,2100057,30,l,Non
2015,35000,Non,2100078,57,l,Oui
2015,35000,Non,2100083,11.25,l,Oui
2015,35000,Non,2100098,5,l,Non
2015,35000,Non,2100100,9,l,Oui
2015,35000,Non,2100102,10,l,Non
2015,35000,Non,2100108,65,l,Non
2015,35000,Non,2100111,10,l,Non
2015,35000,Non,2100112,10,l,Non
2015,35000,Non,2100121,20.43,l,Non
2015,35000,Non,2100138,55,l,Non
2015,35000,Non,2100140,30,l,Non
2015,35000,Non,2100177,73,kg,Non
2015,35000,Non,2100179,10,l,Non
2015,35000,Non,2100181,1.25,kg,Non
2015,35000,Non,2100184,2,kg,Non
2015,35000,Non,2100221,0.55,kg,Non
2015,35000,Non,2110033,8.25,l,Oui
2015,35000,Non,2110040,0.3,kg,Oui
2015,35000,Non,2110078,5,l,Non
2015,35000,Non,2110083,14.25,l,Oui
2015,35000,Non,2110084,18.25,l,Oui
2015,35000,Non,2110102,1,l,Non
2015,35000,Non,2110147,0.25,kg,Non
2015,35000,Non,2110149,8.8,l,Oui
2015,35000,Non,2110178,20,l,Non
2015,35000,Non,2110180,1.43,kg,Oui
2015,35000,Non,2110181,25,l,Non
2015,35000,Non,2120008,2.5,l,Oui
2015,35000,Non,2120015,1.35,l,Oui
2015,35000,Non,2120018,86.8,l,Oui
2015,35000,Non,2120034,200,l,Non
2015,35000,Non,2120048,3,l,Non
2015,35000,Non,2120063,3.4,l,Oui
2015,35000,Non,2120066,20,l,Non
2015,35000,Non,2120075,15,l,Non
2015,35000,Non,2120118,3,l,Oui
2015,35000,Non,2120133,19.28,l,Oui
2015,35000,Non,2120150,15.35,l,Oui
2015,35000,Non,2120155,113.70,l,Oui
2015,35000,Non,2120157,74,l,Oui
2015,35000,Non,2120174,10,l,Oui
2015,35000,Non,2120205,20,l,Non
2015,35000,Non,2120213,4.2,l,Oui
2015,35000,Non,2130040,11.96,l,Oui
2015,35000,Non,2130063,10,l,Non
2015,35000,Non,2130084,24,kg,Non
2015,35000,Non,2130088,8.1,kg,Oui
2015,35000,Non,2130126,24,kg,Oui
2015,35000,Non,2130140,80,l,Non
2015,35000,Non,2130151,1.28,kg,Oui
2015,35000,Non,2130152,0.56,l,Non
2015,35000,Non,2130153,10.8,l,Oui
2015,35000,Non,2150098,150,l,Non
2015,35000,Non,6500402,20,l,Non
2015,35000,Non,7700078,173,l,Non
2015,35000,Non,7700706,260,kg,Oui
2015,35000,Non,8100462,29.65,kg,Oui
2015,35000,Non,8200216,4,l,Non
2015,35000,Non,8300243,130,l,Non
2015,35000,Non,8400096,5,l,Non
2015,35000,Non,8400255,0.1,kg,Non
2015,35000,Non,8400574,10,l,Non
2015,35000,Non,8400600,1,l,Non
2015,35000,Non,8500351,2.39,kg,Oui
2015,35000,Non,8500493,60,l,Non
2015,35000,Non,8600063,1.6,kg,Oui
2015,35000,Non,8600243,70,l,Oui
2015,35000,Non,8600262,12.8,kg,Oui
2015,35000,Non,8600395,0.82,kg,Oui
2015,35000,Non,8700012,15,l,Non
2015,35000,Non,8700020,15,l,Non
2015,35000,Non,8700462,40,l,Non
2015,35000,Non,8700621,7.05,l,Oui
2015,35000,Non,8800199,17,l,Non
2015,35000,Non,8800395,20,l,Non
2015,35000,Non,8800504,40,l,Non
2015,35000,Non,8800841,40,l,Oui
2015,35000,Non,8820680,156,kg,Oui
2015,35000,Non,8900153,100,l,Non
2015,35000,Non,8900564,6,l,Non
2015,35000,Non,9000282,200,l,Non
2015,35000,Non,9000359,11.6,kg,Oui
2015,35000,Non,9000360,11.6,kg,Oui
2015,35000,Non,9000361,9.6,kg,Oui
2015,35000,Non,9000471,59,l,Non
2015,35000,Non,9000490,156,l,Non
2015,35000,Non,9000691,140,l,Non
2015,35000,Non,9000741,10,l,Non
2015,35000,Non,9100156,100,l,Non
2015,35000,Non,9100231,200.8,kg,Oui
2015,35000,Non,9100418,50,l,Non
2015,35000,Non,9100505,40,l,Non
2015,35000,Non,9100525,0.17,kg,Oui
2015,35000,Non,9200135,111.85,kg,Oui
2015,35000,Non,9200383,1,kg,Non
2015,35000,Non,9200392,7,l,Non
2015,35000,Non,9200461,30,l,Non
2015,35000,Non,9200482,0.81,kg,Oui
2015,35000,Non,9200532,5.05,l,Oui
2015,35000,Non,9300111,1.12,l,Oui
2015,35000,Non,9300189,51.73,l,Oui
2015,35000,Non,9300241,53.5,l,Oui
2015,35000,Non,9300309,15,l,Non
2015,35000,Non,9300326,12,kg,Oui
2015,35000,Non,9300338,10,l,Non
2015,35000,Non,9300557,20,l,Non
2015,35000,Non,9400109,344,kg,Oui
2015,35000,Non,9400134,10,l,Non
2015,35000,Non,9400354,60,l,Non
2015,35000,Non,9400367,40,l,Non
2015,35000,Non,9400456,270,kg,Oui
2015,35000,Non,9420113,1554.0,kg,Oui
2015,35000,Non,9500106,2,l,Non
2015,35000,Non,9500150,1,l,Oui
2015,35000,Non,9500302,121.6,kg,Oui
2015,35000,Non,9500321,4,kg,Non
2015,35000,Non,9500323,4,kg,Non
2015,35000,Non,9500364,0.35,l,Oui
2015,35000,Non,9500434,0.84,l,Oui
2015,35000,Non,9500484,152.24,l,Oui
2015,35000,Non,9500485,469.8,l,Oui
2015,35000,Non,9500581,5,l,Non
2015,35000,Non,9500628,18,kg,Non
2015,35000,Non,9600022,10.50,l,Oui
2015,35000,Non,9600141,0.8,l,Oui
2015,35000,Non,9600197,1.7,kg,Non
2015,35000,Non,9600377,4.05,l,Oui
2015,35000,Non,9600386,6.8,kg,Oui
2015,35000,Non,9600392,30,l,Non
2015,35000,Non,9600488,0.03,kg,Oui
2015,35000,Non,9700038,1.05,l,Oui
2015,35000,Non,9700332,0.72,l,Oui
2015,35000,Non,9700521,115,l,Oui
2015,35000,Non,9800018,15,l,Non
2015,35000,Non,9800096,14.3,l,Oui
2015,35000,Non,9800144,6.52,kg,Non
2015,35000,Non,9800244,0.24,kg,Oui
2015,35000,Non,9800251,87.5,l,Non
2015,35000,Non,9800259,80,l,Non
2015,35000,Non,9800294,40,l,Non
2015,35000,Non,9800321,3.3,l,Oui
2015,35000,Non,9800336,2,l,Non
2015,35000,Non,9800481,90,l,Oui
2015,35000,Non,9900047,30,l,Non
2015,35000,Non,9900119,22.8,kg,Oui
2015,35000,Non,9900134,0.20,l,Oui
2015,35000,Non,9900242,30,kg,Non
2015,35000,Non,9900254,967,l,Oui
2015,35000,Non,9900262,5.6,kg,Non
2015,35000,Non,9900282,10.62,l,Oui
2015,35131,Non,2000299,4,l,Non
2015,35131,Non,2010025,10,l,Non
2015,35131,Non,2010030,40,l,Non
2015,35131,Non,2010280,10,l,Non
2015,35131,Non,2010415,20,l,Non
2015,35131,Non,2010419,1.2,kg,Non
2015,35131,Non,2010495,15,kg,Non
2015,35131,Non,2020224,6.6,kg,Non
2015,35131,Non,2020474,20,l,Non
2015,35131,Non,2040109,0.75,kg,Non
2015,35131,Non,2040199,10,kg,Non
2015,35131,Non,2040310,25,l,Non
2015,35131,Non,2050146,0.8,l,Oui
2015,35131,Non,2060115,15,l,Non
2015,35131,Non,2060118,5,l,Non
2015,35131,Non,2060131,1,l,Oui
2015,35131,Non,2060175,80,kg,Oui
2015,35131,Non,2080026,60,l,Non
2015,35131,Non,2080089,1,l,Oui
2015,35131,Non,2080107,20,l,Non
2015,35131,Non,2080112,2.2,l,Non
2015,35131,Non,2080117,1.4,kg,Non
2015,35131,Non,2080136,2,kg,Non
2015,35131,Non,2080145,5,l,Non
2015,35131,Non,2090036,5,l,Oui
2015,35131,Non,2090038,10,l,Non
2015,35131,Non,2090054,0.5,kg,Non
2015,35131,Non,2090057,1.8,kg,Non
2015,35131,Non,2090092,10,l,Non
2015,35131,Non,2090111,0.71,l,Non
2015,35131,Non,2090186,100,l,Non
2015,35131,Non,2100014,0.3,kg,Non
2015,35131,Non,2100056,15,l,Non
2015,35131,Non,2100108,10,l,Non
2015,35131,Non,2100111,10,l,Non
2015,35131,Non,2100138,30,l,Non
2015,35131,Non,2100140,5,l,Non
2015,35131,Non,2110102,0.71,l,Non
2015,35131,Non,2110121,5.75,l,Non
2015,35131,Non,2110170,10,l,Non
2015,35131,Non,2110177,20,l,Non
2015,35131,Non,2110194,15,l,Non
2015,35131,Non,2120048,1,l,Non
2015,35131,Non,2120066,30,l,Non
2015,35131,Non,2120155,4,l,Oui
2015,35131,Non,2120205,150,l,Non
2015,35131,Non,2130087,60,kg,Non
2015,35131,Non,2130105,48,kg,Non
2015,35131,Non,2140039,0.7,l,Non
2015,35131,Non,8400096,1,l,Non
2015,35131,Non,8400574,10,l,Non
2015,35131,Non,8500493,90,l,Non
2015,35131,Non,8700012,15,l,Non
2015,35131,Non,8800199,3,l,Non
2015,35131,Non,9100505,20,l,Non
2015,35131,Non,9100525,1,kg,Oui
2015,35131,Non,9200392,1,l,Non
2015,35131,Non,9300309,4,l,Non
2015,35131,Non,9400008,1.44,l,Non
2015,35131,Non,9400067,1,kg,Non
2015,35131,Non,9500581,15,l,Non
2015,35131,Non,9600197,0.5,kg,Non
2015,35131,Non,9800098,2,kg,Non
2015,35131,Non,9800277,3,l,Non
2015,35131,Non,9800336,1.5,l,Non
2015,35131,Non,9800344,0.66,l,Non
2015,35131,Non,9900016,15,l,Non
2015,35131,Non,9900047,60,l,Non
2015,35131,Non,9900141,15,l,Non
2015,35131,Non,9900201,4.5,l,Non
2015,35131,Non,9900262,0.2,kg,Non
2015,35131,Non,9900269,60,l,Non
2015,35132,Non,2000201,4.66,l,Non
2015,35132,Non,2010415,40,l,Non
2015,35132,Non,2060088,80,l,Non
2015,35132,Non,2060115,10,l,Non
2015,35132,Non,2080094,2.5,kg,Non
2015,35132,Non,2080145,5,l,Non
2015,35132,Non,2090009,75,l,Non
2015,35132,Non,2100004,0.96,l,Oui
2015,35132,Non,2100056,10,l,Non
2015,35132,Non,2100140,5,l,Non
2015,35132,Non,2100234,10,l,Non
2015,35132,Non,2110102,4.66,l,Non
2015,35132,Non,2120034,60,l,Non
2015,35132,Non,2120048,3,l,Non
2015,35132,Non,2120070,20,l,Non
2015,35132,Non,2120205,20,l,Non
2015,35132,Non,2130164,25,l,Non
2015,35132,Non,8400096,5,l,Non
2015,35132,Non,9000259,0.24,kg,Non
2015,35132,Non,9100231,2,kg,Oui
2015,35132,Non,9200461,30,l,Non
2015,35132,Non,9500484,0.36,l,Oui
2015,35132,Non,9800280,5,l,Non
2015,35135,Non,2000299,3,l,Non
2015,35135,Non,2010425,1.6,kg,Non
2015,35135,Non,2020003,5,kg,Oui
2015,35135,Non,2020049,0.6,kg,Non
2015,35135,Non,2050146,0.8,l,Oui
2015,35135,Non,2080136,10,kg,Non
2015,35135,Non,2090016,20,l,Non
2015,35135,Non,2090018,5,l,Non
2015,35135,Non,2090037,8,kg,Non
2015,35135,Non,2090041,1.5,kg,Non
2015,35135,Non,2090186,95,l,Non
2015,35135,Non,2090199,1,l,Oui
2015,35135,Non,2100026,2,l,Non
2015,35135,Non,2100102,5,l,Non
2015,35135,Non,2100108,55,l,Non
2015,35135,Non,2100111,40,l,Non
2015,35135,Non,2100138,60,l,Non
2015,35135,Non,2100179,10,l,Non
2015,35135,Non,2100234,35,l,Non
2015,35135,Non,2110177,20,l,Non
2015,35135,Non,2110178,25,l,Non
2015,35135,Non,2120048,1,l,Non
2015,35135,Non,2120160,5,l,Non
2015,35135,Non,2130068,10,l,Non
2015,35135,Non,2130083,3,l,Non
2015,35135,Non,2130105,48,kg,Non
2015,35135,Non,8600243,30,l,Oui
2015,35135,Non,9000259,0.24,kg,Non
2015,35135,Non,9000741,30,l,Non
2015,35135,Non,9000833,25,l,Non
2015,35135,Non,9100046,2,l,Non
2015,35135,Non,9100418,40,l,Non
2015,35135,Non,9200018,15,l,Non
2015,35135,Non,9200461,65,l,Non
2015,35135,Non,9300338,25,l,Non
2015,35135,Non,9400354,80,l,Non
2015,35135,Non,9400367,60,l,Non
2015,35135,Non,9500581,40,l,Non
2015,35135,Non,9600196,0.6,kg,Non
2015,35135,Non,9800277,0.25,l,Non
2015,35135,Non,9900269,80,l,Non
2015,35136,Non,2010280,10,l,Non
2015,35136,Non,2020049,1.2,kg,Non
2015,35136,Non,2020318,5,l,Oui
2015,35136,Non,2060045,1,kg,Oui
2015,35136,Non,2060115,5,l,Non
2015,35136,Non,2060131,4,l,Oui
2015,35136,Non,2060208,55,l,Non
2015,35136,Non,2080103,16,l,Non
2015,35136,Non,2080120,10,l,Non
2015,35136,Non,2090041,3,kg,Non
2015,35136,Non,2090043,50,l,Non
2015,35136,Non,2090057,0.6,kg,Non
2015,35136,Non,2100040,12,l,Non
2015,35136,Non,2100098,10,l,Non
2015,35136,Non,2100102,5,l,Non
2015,35136,Non,2100114,4,kg,Non
2015,35136,Non,2130054,20,l,Non
2015,35136,Non,2130164,10,l,Non
2015,35136,Non,7900323,120,l,Non
2015,35136,Non,9200392,15,l,Non
2015,35136,Non,9300189,5,l,Oui
2015,35136,Non,9300305,6,l,Non
2015,35136,Non,9400109,280,kg,Oui
2015,35136,Non,9500002,8,l,Oui
2015,35136,Non,9700136,4,l,Non
2015,35136,Non,9800477,10,l,Non
2015,35136,Non,9900119,1.84,kg,Oui
2015,35150,Non,2000017,1.24,l,Oui
2015,35150,Non,2000018,380,kg,Non
2015,35150,Non,2000044,10,l,Non
2015,35150,Non,2000079,20,l,Non
2015,35150,Non,2000125,2.8,kg,Oui
2015,35150,Non,2000201,13.27,l,Non
2015,35150,Non,2000299,143.6,l,Non
2015,35150,Non,2000301,425,l,Non
2015,35150,Non,2000316,3,l,Non
2015,35150,Non,2000341,10,kg,Non
2015,35150,Non,2000502,24,l,Non
2015,35150,Non,2000536,4.4,kg,Non
2015,35150,Non,2010019,25,l,Non
2015,35150,Non,2010023,155,l,Non
2015,35150,Non,2010025,10,l,Non
2015,35150,Non,2010030,100,l,Non
2015,35150,Non,2010035,18.45,l,Oui
2015,35150,Non,2010130,120,kg,Non
2015,35150,Non,2010132,5,kg,Non
2015,35150,Non,2010239,384,l,Non
2015,35150,Non,2010240,260,l,Non
2015,35150,Non,2010280,133.06,l,Non
2015,35150,Non,2010282,110,l,Non
2015,35150,Non,2010284,0.35,l,Oui
2015,35150,Non,2010289,300,l,Non
2015,35150,Non,2010315,0.1,kg,Non
2015,35150,Non,2010326,25,l,Non
2015,35150,Non,2010351,29.4,kg,Non
2015,35150,Non,2010415,260,l,Non
2015,35150,Non,2010419,63,kg,Non
2015,35150,Non,2010425,2.5,kg,Non
2015,35150,Non,2010427,109,l,Non
2015,35150,Non,2010439,1,l,Oui
2015,35150,Non,2010499,20.04,l,Non
2015,35150,Non,2010513,15,kg,Non
2015,35150,Non,2010530,0.15,l,Oui
2015,35150,Non,2010537,0.1,kg,Non
2015,35150,Non,2010612,260,l,Oui
2015,35150,Non,2010617,20,l,Non
2015,35150,Non,2010632,1,kg,Non
2015,35150,Non,2010640,10,kg,Non
2015,35150,Non,2020014,10,l,Non
2015,35150,Non,2020020,0.04,l,Oui
2015,35150,Non,2020021,18,l,Non
2015,35150,Non,2020049,93.0,kg,Non
2015,35150,Non,2020065,0.04,kg,Oui
2015,35150,Non,2020069,10,l,Non
2015,35150,Non,2020099,67.8,l,Non
2015,35150,Non,2020224,136.2,kg,Non
2015,35150,Non,2020328,20,l,Non
2015,35150,Non,2020445,120,l,Non
2015,35150,Non,2020456,10,l,Non
2015,35150,Non,2020474,212,l,Non
2015,35150,Non,2030019,75,l,Non
2015,35150,Non,2030073,60,kg,Non
2015,35150,Non,2030125,5.28,l,Oui
2015,35150,Non,2030255,20,l,Non
2015,35150,Non,2030265,200,l,Non
2015,35150,Non,2030323,121.16,l,Non
2015,35150,Non,2030332,8.25,l,Oui
2015,35150,Non,2040109,28.59,kg,Non
2015,35150,Non,2040146,49.63,l,Non
2015,35150,Non,2040199,3,kg,Non
2015,35150,Non,2040310,570.04,l,Non
2015,35150,Non,2040311,30,l,Non
2015,35150,Non,2040338,12,l,Non
2015,35150,Non,2050046,2.5,kg,Non
2015,35150,Non,2050075,58.5,kg,Non
2015,35150,Non,2050145,0.67,l,Oui
2015,35150,Non,2050146,44.0,l,Oui
2015,35150,Non,2060002,4,l,Non
2015,35150,Non,2060045,4,kg,Oui
2015,35150,Non,2060050,2,l,Non
2015,35150,Non,2060051,0.08,l,Non
2015,35150,Non,2060063,4,kg,Non
2015,35150,Non,2060084,21,kg,Non
2015,35150,Non,2060088,1635,l,Non
2015,35150,Non,2060091,120,l,Non
2015,35150,Non,2060113,2.75,l,Non
2015,35150,Non,2060115,10,l,Non
2015,35150,Non,2060116,25,l,Non
2015,35150,Non,2060118,20.09,l,Non
2015,35150,Non,2060127,14.37,l,Non
2015,35150,Non,2060131,204.5,l,Oui
2015,35150,Non,2060132,1,l,Non
2015,35150,Non,2060134,90,kg,Non
2015,35150,Non,2060175,2911,kg,Oui
2015,35150,Non,2060194,360,kg,Non
2015,35150,Non,2070221,178.8,l,Non
2015,35150,Non,2080010,180,l,Oui
2015,35150,Non,2080026,501,l,Non
2015,35150,Non,2080039,10,l,Non
2015,35150,Non,2080054,0.9,l,Oui
2015,35150,Non,2080060,2,l,Non
2015,35150,Non,2080070,10,kg,Non
2015,35150,Non,2080084,4,kg,Non
2015,35150,Non,2080088,10,l,Non
2015,35150,Non,2080089,1.8,l,Oui
2015,35150,Non,2080094,18.7,kg,Non
2015,35150,Non,2080101,10,kg,Non
2015,35150,Non,2080107,130,l,Non
2015,35150,Non,2080112,90.31,l,Non
2015,35150,Non,2080117,37.79,kg,Non
2015,35150,Non,2080123,8.6,kg,Non
2015,35150,Non,2080124,0.6,kg,Non
2015,35150,Non,2080136,202,kg,Non
2015,35150,Non,2080145,294,l,Non
2015,35150,Non,2090008,1.07,l,Non
2015,35150,Non,2090011,40,l,Non
2015,35150,Non,2090016,310,l,Non
2015,35150,Non,2090018,170,l,Non
2015,35150,Non,2090019,130,l,Non
2015,35150,Non,2090024,265,l,Non
2015,35150,Non,2090037,99.2,kg,Non
2015,35150,Non,2090038,970,l,Non
2015,35150,Non,2090041,22.5,kg,Non
2015,35150,Non,2090042,22.45,kg,Non
2015,35150,Non,2090043,3,l,Non
2015,35150,Non,2090050,828,kg,Non
2015,35150,Non,2090053,45,l,Non
2015,35150,Non,2090054,25.29,kg,Non
2015,35150,Non,2090055,20,l,Non
2015,35150,Non,2090057,14.25,kg,Non
2015,35150,Non,2090060,85,l,Non
2015,35150,Non,2090068,285,l,Non
2015,35150,Non,2090069,105,l,Non
2015,35150,Non,2090072,0.6,kg,Non
2015,35150,Non,2090080,10,l,Non
2015,35150,Non,2090090,172,l,Non
2015,35150,Non,2090091,2,kg,Non
2015,35150,Non,2090092,1039.5,l,Non
2015,35150,Non,2090093,40,l,Non
2015,35150,Non,2090094,15,kg,Non
2015,35150,Non,2090101,110,l,Non
2015,35150,Non,2090103,200,kg,Non
2015,35150,Oui,2090104,10,l,Non
2015,35150,Non,2090106,10,l,Non
2015,35150,Non,2090113,790,l,Non
2015,35150,Non,2090115,620,l,Non
2015,35150,Non,2090118,120,l,Non
2015,35150,Non,2090153,14.1,kg,Non
2015,35150,Non,2090159,27.71,kg,Non
2015,35150,Non,2090160,1080,l,Non
2015,35150,Non,2090186,636,l,Non
2015,35150,Non,2090189,10,l,Non
2015,35150,Non,2090199,0.2,l,Oui
2015,35150,Non,2100001,20,l,Non
2015,35150,Non,2100004,2.4,l,Oui
2015,35150,Non,2100009,7.92,kg,Non
2015,35150,Non,2100015,3.15,kg,Non
2015,35150,Non,2100018,245,l,Non
2015,35150,Non,2100026,15,l,Non
2015,35150,Non,2100028,40,l,Non
2015,35150,Non,2100030,200,kg,Non
2015,35150,Non,2100037,10,l,Non
2015,35150,Non,2100040,25,l,Non
2015,35150,Non,2100052,15.08,l,Non
2015,35150,Non,2100056,320,l,Non
2015,35150,Non,2100057,530.04,l,Non
2015,35150,Non,2100069,13,kg,Non
2015,35150,Non,2100083,2.7,l,Oui
2015,35150,Oui,2100088,80,kg,Non
2015,35150,Oui,2100096,10,l,Oui
2015,35150,Non,2100102,55,l,Non
2015,35150,Non,2100108,825,l,Non
2015,35150,Non,2100111,601.5,l,Non
2015,35150,Non,2100112,250,l,Non
2015,35150,Non,2100121,6,l,Non
2015,35150,Oui,2100132,20,l,Non
2015,35150,Non,2100138,585,l,Non
2015,35150,Non,2100140,580,l,Non
2015,35150,Non,2100154,135,l,Non
2015,35150,Non,2100167,10,kg,Non
2015,35150,Non,2100174,1,l,Non
2015,35150,Non,2100179,75,l,Non
2015,35150,Non,2100184,5,kg,Non
2015,35150,Non,2100211,145,l,Non
2015,35150,Non,2100214,13,l,Non
2015,35150,Non,2100231,50,kg,Non
2015,35150,Non,2100234,495,l,Non
2015,35150,Non,2100235,45,l,Non
2015,35150,Oui,2100239,6,kg,Non
2015,35150,Non,2110013,36,l,Non
2015,35150,Non,2110018,2.07,l,Non
2015,35150,Non,2110063,2,kg,Non
2015,35150,Non,2110077,10,l,Non
2015,35150,Non,2110078,15,l,Non
2015,35150,Non,2110083,1.5,l,Oui
2015,35150,Non,2110086,45,l,Non
2015,35150,Non,2110090,445,l,Non
2015,35150,Non,2110095,140,l,Non
2015,35150,Non,2110102,68.55,l,Non
2015,35150,Non,2110105,2,l,Non
2015,35150,Non,2110109,230,l,Non
2015,35150,Non,2110111,60,l,Non
2015,35150,Non,2110115,25,l,Non
2015,35150,Non,2110121,136.44,l,Non
2015,35150,Non,2110144,14.4,l,Non
2015,35150,Non,2110147,13,kg,Non
2015,35150,Non,2110152,21,l,Non
2015,35150,Non,2110153,500,l,Non
2015,35150,Non,2110160,0.8,l,Oui
2015,35150,Non,2110162,25,l,Non
2015,35150,Non,2110170,100.23,l,Non
2015,35150,Non,2110177,765.35,l,Non
2015,35150,Non,2110178,194,l,Non
2015,35150,Non,2110181,354,l,Non
2015,35150,Non,2110194,120,l,Non
2015,35150,Non,2110198,120,l,Oui
2015,35150,Non,2110200,30,l,Non
2015,35150,Non,2120008,5,l,Oui
2015,35150,Non,2120034,420,l,Non
2015,35150,Non,2120041,2.62,l,Non
2015,35150,Oui,2120045,4,l,Non
2015,35150,Non,2120048,80,l,Non
2015,35150,Non,2120063,0.4,l,Oui
2015,35150,Non,2120066,450,l,Non
2015,35150,Non,2120070,435.06,l,Non
2015,35150,Non,2120075,465,l,Non
2015,35150,Non,2120081,22,l,Non
2015,35150,Non,2120089,66,l,Non
2015,35150,Non,2120093,25.06,l,Non
2015,35150,Non,2120117,5,l,Non
2015,35150,Non,2120118,2,l,Oui
2015,35150,Non,2120120,45,l,Non
2015,35150,Non,2120154,10,l,Non
2015,35150,Non,2120159,1.47,l,Non
2015,35150,Non,2120194,0.8,kg,Non
2015,35150,Non,2120205,2130.2,l,Non
2015,35150,Non,2120210,130,l,Non
2015,35150,Oui,2120212,13,kg,Non
2015,35150,Oui,2130023,100,kg,Non
2015,35150,Non,2130040,2.25,l,Oui
2015,35150,Oui,2130059,10,l,Non
2015,35150,Non,2130063,180,l,Non
2015,35150,Non,2130067,6,l,Non
2015,35150,Non,2130068,74.8,l,Non
2015,35150,Non,2130069,10,l,Non
2015,35150,Non,2130075,750,kg,Non
2015,35150,Non,2130081,20,kg,Non
2015,35150,Non,2130083,24,l,Non
2015,35150,Non,2130084,24,kg,Non
2015,35150,Non,2130087,360,kg,Non
2015,35150,Non,2130088,1.6,kg,Oui
2015,35150,Non,2130091,2,l,Non
2015,35150,Non,2130092,1,l,Non
2015,35150,Non,2130093,5,l,Oui
2015,35150,Non,2130105,416,kg,Non
2015,35150,Non,2130120,220,l,Non
2015,35150,Non,2130140,300,l,Non
2015,35150,Non,2130155,5,l,Non
2015,35150,Non,2130164,292,l,Non
2015,35150,Non,2130202,245,l,Non
2015,35150,Non,2130247,20,l,Non
2015,35150,Non,2130251,1,l,Non
2015,35150,Non,2130253,135,l,Non
2015,35150,Non,2130266,18,l,Non
2015,35150,Non,2140002,1,l,Non
2015,35150,Oui,2140035,10,l,Non
2015,35150,Non,2140039,70.46,l,Non
2015,35150,Non,2140070,40,l,Non
2015,35150,Non,2140078,7.63,l,Non
2015,35150,Non,2140085,3,l,Non
2015,35150,Non,2140098,30,l,Non
2015,35150,Non,2140132,6,l,Non
2015,35150,Non,2140160,144,l,Non
2015,35150,Non,2140173,290,l,Non
2015,35150,Non,2140199,15,kg,Non
2015,35150,Non,2140256,14.0,l,Non
2015,35150,Non,2150125,17.28,l,Non
2015,35150,Non,5100219,150,kg,Non
2015,35150,Non,5500179,5,l,Non
2015,35150,Non,6000067,60,l,Non
2015,35150,Non,6500402,125,l,Non
2015,35150,Non,6600357,3,l,Non
2015,35150,Non,7300221,250,l,Non
2015,35150,Non,7400815,610,l,Non
2015,35150,Non,7500569,13,kg,Non
2015,35150,Non,7500716,60,kg,Non
2015,35150,Non,7600008,12,l,Non
2015,35150,Non,7800132,15,l,Non
2015,35150,Non,7800790,5,l,Non
2015,35150,Non,8100198,75,kg,Non
2015,35150,Non,8100345,0.03,kg,Non
2015,35150,Non,8100444,5,l,Non
2015,35150,Non,8100462,3.9,kg,Oui
2015,35150,Non,8200216,132.4,l,Non
2015,35150,Non,8200307,1060,l,Non
2015,35150,Non,8200575,10,l,Non
2015,35150,Non,8300243,375.04,l,Non
2015,35150,Non,8300429,26,l,Non
2015,35150,Non,8400096,212,l,Non
2015,35150,Non,8400255,2.3,kg,Non
2015,35150,Non,8400477,42.6,kg,Non
2015,35150,Non,8400528,93,l,Non
2015,35150,Non,8400574,237,l,Non
2015,35150,Non,8400600,11,l,Non
2015,35150,Non,8500174,1,l,Non
2015,35150,Non,8500194,30,l,Non
2015,35150,Non,8500351,0.03,kg,Oui
2015,35150,Non,8500493,395,l,Non
2015,35150,Non,8500689,65,l,Non
2015,35150,Non,8600243,50,l,Oui
2015,35150,Non,8600330,3,l,Non
2015,35150,Non,8600395,0.2,kg,Oui
2015,35150,Non,8700012,475,l,Non
2015,35150,Non,8700118,100,l,Non
2015,35150,Non,8700462,1068,l,Non
2015,35150,Non,8700571,60,l,Non
2015,35150,Non,8700687,5,l,Non
2015,35150,Non,8800142,5,l,Non
2015,35150,Non,8800199,69,l,Non
2015,35150,Non,8800395,180,l,Non
2015,35150,Non,8800488,450,l,Non
2015,35150,Non,8800504,50,l,Non
2015,35150,Non,8800603,15,l,Non
2015,35150,Non,8800827,130,l,Non
2015,35150,Non,8800841,22,l,Oui
2015,35150,Non,8800847,30,kg,Non
2015,35150,Non,8800893,70,l,Non
2015,35150,Non,8800939,60,l,Non
2015,35150,Non,8800941,1140,kg,Non
2015,35150,Non,8820680,48,kg,Oui
2015,35150,Non,8900153,988,l,Non
2015,35150,Non,8900564,82,l,Non
2015,35150,Non,8900681,20,l,Non
2015,35150,Non,9000069,35,l,Non
2015,35150,Non,9000163,0.9,kg,Non
2015,35150,Non,9000184,125,l,Non
2015,35150,Non,9000198,20,l,Non
2015,35150,Non,9000259,4.08,kg,Non
2015,35150,Non,9000277,10,kg,Non
2015,35150,Non,9000282,200,l,Non
2015,35150,Non,9000471,15,l,Non
2015,35150,Non,9000490,62,l,Non
2015,35150,Non,9000741,105,l,Non
2015,35150,Non,9000753,580,kg,Non
2015,35150,Non,9000833,70,l,Non
2015,35150,Non,9100046,138,l,Non
2015,35150,Non,9100065,45,l,Non
2015,35150,Non,9100155,15,l,Non
2015,35150,Non,9100156,5,l,Non
2015,35150,Non,9100296,25,l,Non
2015,35150,Non,9100418,464,l,Non
2015,35150,Non,9100505,10,l,Non
2015,35150,Non,9100525,0.03,kg,Oui
2015,35150,Non,9100558,18.6,kg,Oui
2015,35150,Non,9100624,240,l,Non
2015,35150,Non,9100645,12,l,Non
2015,35150,Non,9200022,4.05,l,Non
2015,35150,Non,9200073,0.4,kg,Non
2015,35150,Non,9200091,168.17,l,Non
2015,35150,Non,9200135,2.7,kg,Oui
2015,35150,Non,9200262,4.01,l,Non
2015,35150,Non,9200383,8,kg,Non
2015,35150,Non,9200392,45,l,Non
2015,35150,Non,9200461,1495,l,Non
2015,35150,Non,9200493,9,kg,Non
2015,35150,Non,9200494,81.6,l,Non
2015,35150,Non,9200548,1.93,l,Non
2015,35150,Non,9300108,380,kg,Non
2015,35150,Non,9300111,0.35,l,Oui
2015,35150,Non,9300186,6,kg,Non
2015,35150,Non,9300189,3,l,Oui
2015,35150,Non,9300309,141,l,Non
2015,35150,Non,9300338,20,l,Non
2015,35150,Non,9300396,1330,l,Non
2015,35150,Non,9300557,20,l,Non
2015,35150,Non,9400008,5.32,l,Non
2015,35150,Non,9400052,35,l,Non
2015,35150,Non,9400067,40,kg,Non
2015,35150,Non,9400133,65,l,Non
2015,35150,Non,9400134,46.6,l,Non
2015,35150,Non,9400162,1800,l,Non
2015,35150,Non,9400336,360,l,Non
2015,35150,Non,9400354,320,l,Non
2015,35150,Non,9400367,848,l,Non
2015,35150,Non,9400389,20,l,Non
2015,35150,Non,9400495,1,l,Oui
2015,35150,Non,9400496,830,l,Oui
2015,35150,Non,9500135,80,kg,Oui
2015,35150,Non,9500150,20,l,Oui
2015,35150,Non,9500213,10,l,Non
2015,35150,Non,9500219,95,l,Non
2015,35150,Non,9500223,145,l,Non
2015,35150,Non,9500234,12,l,Non
2015,35150,Non,9500302,61,kg,Oui
2015,35150,Non,9500364,1.36,l,Oui
2015,35150,Non,9500414,0.15,l,Oui
2015,35150,Non,9500467,0.35,kg,Non
2015,35150,Non,9500484,9.36,l,Oui
2015,35150,Non,9500485,12,l,Oui
2015,35150,Non,9500551,250,l,Non
2015,35150,Non,9500568,1,kg,Non
2015,35150,Non,9500581,140,l,Non
2015,35150,Non,9500624,0.6,kg,Non
2015,35150,Non,9500628,15,kg,Non
2015,35150,Non,9500629,7,kg,Non
2015,35150,Non,9500642,200,l,Non
2015,35150,Non,9600025,12,kg,Non
2015,35150,Non,9600093,15,l,Non
2015,35150,Non,9600195,10,l,Non
2015,35150,Non,9600197,35.1,kg,Non
2015,35150,Non,9600392,190,l,Non
2015,35150,Oui,9600395,63,kg,Non
2015,35150,Non,9600404,2,l,Oui
2015,35150,Non,9600488,5.4,kg,Oui
2015,35150,Non,9600550,40,l,Non
2015,35150,Non,9700009,205,l,Non
2015,35150,Non,9700277,45,l,Non
2015,35150,Non,9700332,0.2,l,Oui
2015,35150,Non,9700357,1,l,Non
2015,35150,Non,9700376,10,l,Non
2015,35150,Non,9700392,36,kg,Non
2015,35150,Non,9700396,20,l,Non
2015,35150,Non,9700420,8,l,Non
2015,35150,Non,9700554,40,l,Non
2015,35150,Non,9700558,5,l,Non
2015,35150,Non,9800018,315,l,Non
2015,35150,Non,9800076,35,l,Oui
2015,35150,Non,9800098,2,kg,Non
2015,35150,Non,9800100,50,l,Non
2015,35150,Non,9800144,15,kg,Non
2015,35150,Non,9800182,25,l,Non
2015,35150,Non,9800219,25,l,Non
2015,35150,Non,9800245,160,kg,Non
2015,35150,Non,9800277,15.00,l,Non
2015,35150,Non,9800280,10,l,Non
2015,35150,Non,9800294,900,l,Non
2015,35150,Non,9800330,2,kg,Non
2015,35150,Non,9800336,22.5,l,Non
2015,35150,Non,9800343,25,l,Non
2015,35150,Non,9800344,28.62,l,Non
2015,35150,Non,9800392,230,l,Non
2015,35150,Non,9800453,250.06,l,Non
2015,35150,Non,9800474,180,kg,Non
2015,35150,Non,9800477,10,l,Non
2015,35150,Non,9800481,500,l,Oui
2015,35150,Non,9800496,11,l,Non
2015,35150,Non,9800499,45,l,Non
2015,35150,Non,9900016,170,l,Non
2015,35150,Non,9900047,966,l,Non
2015,35150,Non,9900119,4.8,kg,Oui
2015,35150,Non,9900141,15,l,Non
2015,35150,Non,9900201,10,l,Non
2015,35150,Non,9900202,0.6,kg,Non
2015,35150,Non,9900206,78,l,Non
2015,35150,Non,9900242,110,kg,Non
2015,35150,Non,9900251,145,l,Non
2015,35150,Non,9900257,40,kg,Oui
2015,35150,Non,9900262,0.4,kg,Non
2015,35150,Non,9900263,20,l,Non
2015,35150,Non,9900269,280,l,Non
2015,35150,Non,9900331,5,l,Non
2015,35150,Non,9900390,300,l,Non
2015,35150,Non,9900446,2.48,kg,Non
2015,35160,Non,2000003,40,l,Non
2015,35160,Non,2000079,5,l,Non
2015,35160,Non,2000150,5,l,Oui
2015,35160,Non,2000299,8,l,Non
2015,35160,Non,2000301,15,l,Non
2015,35160,Non,2000380,8,l,Non
2015,35160,Non,2000502,8,l,Non
2015,35160,Non,2010025,5,l,Non
2015,35160,Non,2010112,3,kg,Non
2015,35160,Non,2010239,31,l,Non
2015,35160,Non,2010280,5,l,Non
2015,35160,Non,2010289,75,l,Non
2015,35160,Non,2010351,20.4,kg,Non
2015,35160,Non,2010415,60,l,Non
2015,35160,Non,2010419,4.8,kg,Non
2015,35160,Non,2010425,0.4,kg,Non
2015,35160,Non,2010427,6,l,Non
2015,35160,Non,2010513,12,kg,Non
2015,35160,Non,2010612,220,l,Oui
2015,35160,Non,2020020,0.01,l,Oui
2015,35160,Non,2020049,1.8,kg,Non
2015,35160,Non,2020099,1,l,Non
2015,35160,Non,2020234,40,kg,Non
2015,35160,Non,2020474,30,l,Non
2015,35160,Non,2030073,15,kg,Non
2015,35160,Non,2030323,2.85,l,Non
2015,35160,Non,2040146,0.15,l,Non
2015,35160,Non,2040199,3,kg,Non
2015,35160,Non,2040310,130,l,Non
2015,35160,Non,2040338,10,l,Non
2015,35160,Non,2050075,17.5,kg,Non
2015,35160,Non,2060088,20,l,Non
2015,35160,Non,2060115,10,l,Non
2015,35160,Non,2060118,10,l,Non
2015,35160,Non,2060127,1.28,l,Non
2015,35160,Non,2060137,10,l,Non
2015,35160,Non,2060175,20,kg,Oui
2015,35160,Non,2070221,10,l,Non
2015,35160,Non,2080026,186,l,Non
2015,35160,Non,2080094,4,kg,Non
2015,35160,Non,2080103,30,l,Non
2015,35160,Non,2080107,55,l,Non
2015,35160,Non,2080112,3.72,l,Non
2015,35160,Non,2080117,5.70,kg,Non
2015,35160,Non,2080145,140,l,Non
2015,35160,Non,2080147,5,l,Non
2015,35160,Non,2090008,0.29,l,Non
2015,35160,Non,2090011,40,l,Non
2015,35160,Non,2090016,30,l,Non
2015,35160,Non,2090024,35,l,Non
2015,35160,Non,2090037,49,kg,Non
2015,35160,Non,2090042,2.2,kg,Non
2015,35160,Non,2090053,15,l,Non
2015,35160,Non,2090057,4.20,kg,Non
2015,35160,Non,2090068,20,l,Non
2015,35160,Non,2090092,60,l,Non
2015,35160,Non,2090101,15,l,Non
2015,35160,Non,2090103,100,kg,Non
2015,35160,Non,2090113,60,l,Non
2015,35160,Non,2090118,10,l,Non
2015,35160,Non,2090159,6.65,kg,Non
2015,35160,Non,2090160,60,l,Non
2015,35160,Non,2090171,60,l,Non
2015,35160,Non,2090172,5,l,Non
2015,35160,Non,2090173,40,l,Non
2015,35160,Non,2090186,40,l,Non
2015,35160,Non,2100015,0.18,kg,Non
2015,35160,Non,2100016,1,kg,Non
2015,35160,Non,2100018,45,l,Non
2015,35160,Non,2100026,1,l,Non
2015,35160,Non,2100030,140,kg,Non
2015,35160,Non,2100052,30,l,Non
2015,35160,Non,2100056,10,l,Non
2015,35160,Non,2100057,110,l,Non
2015,35160,Non,2100069,1.5,kg,Non
2015,35160,Non,2100071,40,l,Non
2015,35160,Non,2100108,220,l,Non
2015,35160,Non,2100111,415,l,Non
2015,35160,Non,2100112,20,l,Non
2015,35160,Non,2100138,70,l,Non
2015,35160,Non,2100140,50,l,Non
2015,35160,Non,2100151,3.33,l,Non
2015,35160,Non,2100154,5,l,Non
2015,35160,Non,2100179,70,l,Non
2015,35160,Non,2100184,20,kg,Non
2015,35160,Non,2100185,20,l,Non
2015,35160,Non,2100211,10,l,Non
2015,35160,Non,2100234,45,l,Non
2015,35160,Non,2100235,25,l,Non
2015,35160,Non,2110018,0.47,l,Non
2015,35160,Non,2110063,0.15,kg,Non
2015,35160,Non,2110090,50,l,Non
2015,35160,Non,2110095,70,l,Non
2015,35160,Non,2110102,0.15,l,Non
2015,35160,Non,2110109,480,l,Non
2015,35160,Non,2110115,5,l,Non
2015,35160,Non,2110121,11.88,l,Non
2015,35160,Non,2110170,155,l,Non
2015,35160,Non,2110177,195,l,Non
2015,35160,Non,2110178,35,l,Non
2015,35160,Non,2110181,5,l,Non
2015,35160,Non,2110198,80,l,Oui
2015,35160,Non,2110201,20,l,Non
2015,35160,Non,2120034,160,l,Non
2015,35160,Non,2120048,39,l,Non
2015,35160,Non,2120063,0.2,l,Oui
2015,35160,Non,2120066,40,l,Non
2015,35160,Non,2120070,55,l,Non
2015,35160,Non,2120075,5,l,Non
2015,35160,Non,2120117,10,l,Non
2015,35160,Non,2120120,15,l,Non
2015,35160,Non,2120159,0.32,l,Non
2015,35160,Non,2120205,430,l,Non
2015,35160,Non,2120210,5,l,Non
2015,35160,Non,2130063,80,l,Non
2015,35160,Non,2130068,38,l,Non
2015,35160,Non,2130075,85,kg,Non
2015,35160,Non,2130081,20,kg,Non
2015,35160,Non,2130083,5,l,Non
2015,35160,Non,2130087,20,kg,Non
2015,35160,Non,2130105,48,kg,Non
2015,35160,Non,2130120,50,l,Non
2015,35160,Non,2130190,5,l,Non
2015,35160,Non,2130261,30,kg,Non
2015,35160,Non,2140039,3.71,l,Non
2015,35160,Non,2140152,80,l,Non
2015,35160,Non,2140173,100,l,Non
2015,35160,Non,2140256,6.0,l,Non
2015,35160,Non,6500402,51,l,Non
2015,35160,Non,7700706,192,kg,Oui
2015,35160,Non,8200538,10,l,Non
2015,35160,Non,8300243,25,l,Non
2015,35160,Non,8400096,14,l,Non
2015,35160,Non,8400255,0.3,kg,Non
2015,35160,Non,8400528,31,l,Non
2015,35160,Non,8400600,2,l,Non
2015,35160,Non,8500493,175,l,Non
2015,35160,Non,8600243,10,l,Oui
2015,35160,Non,8700002,50,l,Non
2015,35160,Non,8700012,80,l,Non
2015,35160,Non,8700462,300,l,Non
2015,35160,Non,8800011,5,l,Non
2015,35160,Non,8800199,3,l,Non
2015,35160,Non,8800488,70,l,Non
2015,35160,Non,8800841,5,l,Oui
2015,35160,Non,8900564,2,l,Non
2015,35160,Non,8900669,10,l,Non
2015,35160,Non,8900681,8,l,Non
2015,35160,Non,9000184,80,l,Non
2015,35160,Non,9000259,0.84,kg,Non
2015,35160,Non,9000490,10,l,Non
2015,35160,Non,9000741,75,l,Non
2015,35160,Non,9100046,21,l,Non
2015,35160,Non,9100155,15,l,Non
2015,35160,Non,9100418,70,l,Non
2015,35160,Non,9100505,20,l,Non
2015,35160,Non,9100645,11,l,Non
2015,35160,Non,9200383,12,kg,Non
2015,35160,Non,9200461,140,l,Non
2015,35160,Non,9200493,10,kg,Non
2015,35160,Non,9300305,10,l,Non
2015,35160,Non,9300309,4,l,Non
2015,35160,Non,9300338,25,l,Non
2015,35160,Non,9300396,40,l,Non
2015,35160,Non,9400008,0.08,l,Non
2015,35160,Non,9400067,12,kg,Non
2015,35160,Non,9400109,225,kg,Oui
2015,35160,Non,9400134,20,l,Non
2015,35160,Non,9400354,200,l,Non
2015,35160,Non,9400367,150,l,Non
2015,35160,Non,9400495,5,l,Oui
2015,35160,Non,9500011,5,l,Non
2015,35160,Non,9500159,20,l,Oui
2015,35160,Non,9500568,10,kg,Non
2015,35160,Non,9500581,140,l,Non
2015,35160,Non,9500642,120,l,Non
2015,35160,Non,9700277,10,l,Non
2015,35160,Non,9700392,3,kg,Non
2015,35160,Non,9700554,10,l,Non
2015,35160,Non,9800018,20,l,Non
2015,35160,Non,9800076,5,l,Oui
2015,35160,Non,9800098,3,kg,Non
2015,35160,Non,9800182,15,l,Non
2015,35160,Non,9800277,0.75,l,Non
2015,35160,Non,9800294,60,l,Non
2015,35160,Non,9800336,1.25,l,Non
2015,35160,Non,9800343,30,l,Non
2015,35160,Non,9800344,1.02,l,Non
2015,35160,Non,9800453,25,l,Non
2015,35160,Non,9800496,2,l,Non
2015,35160,Non,9900016,125,l,Non
2015,35160,Non,9900047,210,l,Non
2015,35160,Non,9900189,24,kg,Non
2015,35160,Non,9900206,3,l,Non
2015,35160,Non,9900269,220,l,Non
2015,35160,Non,9900390,160,l,Non
2015,35160,Non,9900412,2,l,Non
2015,35170,Non,2000201,0.9,l,Non
2015,35170,Non,2000299,1,l,Non
2015,35170,Non,2010030,5,l,Non
2015,35170,Non,2010280,40,l,Non
2015,35170,Non,2010282,5,l,Non
2015,35170,Non,2010351,0.6,kg,Non
2015,35170,Non,2010415,20,l,Non
2015,35170,Non,2010425,1.6,kg,Non
2015,35170,Non,2010439,24,l,Oui
2015,35170,Non,2010513,0.5,kg,Non
2015,35170,Non,2010585,20,l,Non
2015,35170,Non,2020003,25,kg,Oui
2015,35170,Non,2020049,6,kg,Non
2015,35170,Non,2020062,5,l,Non
2015,35170,Non,2020241,0.5,kg,Non
2015,35170,Non,2020348,15,l,Non
2015,35170,Non,2020445,20,l,Non
2015,35170,Non,2020474,5,l,Non
2015,35170,Non,2030323,7.2,l,Non
2015,35170,Non,2040141,10,l,Non
2015,35170,Non,2040146,2.35,l,Non
2015,35170,Non,2050033,2,kg,Non
2015,35170,Non,2060088,40,l,Non
2015,35170,Non,2060091,60,l,Non
2015,35170,Non,2060098,0.5,l,Non
2015,35170,Non,2060131,5,l,Oui
2015,35170,Non,2060194,540,kg,Non
2015,35170,Non,2080026,10,l,Non
2015,35170,Non,2080105,5,l,Non
2015,35170,Non,2080112,0.37,l,Non
2015,35170,Non,2080117,4.50,kg,Non
2015,35170,Non,2080123,2.36,kg,Non
2015,35170,Non,2080145,15,l,Non
2015,35170,Non,2090018,25,l,Non
2015,35170,Non,2090037,3,kg,Non
2015,35170,Non,2090043,3,l,Non
2015,35170,Non,2090057,0.45,kg,Non
2015,35170,Non,2090061,3,kg,Non
2015,35170,Non,2090090,3,l,Non
2015,35170,Non,2090092,55,l,Non
2015,35170,Non,2090101,40,l,Non
2015,35170,Non,2090114,0.25,kg,Non
2015,35170,Non,2090128,5,l,Non
2015,35170,Non,2090186,80,l,Non
2015,35170,Non,2100026,4,l,Non
2015,35170,Non,2100030,40,kg,Non
2015,35170,Non,2100037,5,l,Non
2015,35170,Non,2100052,20,l,Non
2015,35170,Non,2100056,5,l,Non
2015,35170,Non,2100065,1.14,kg,Non
2015,35170,Non,2100071,300,l,Non
2015,35170,Non,2100098,25,l,Non
2015,35170,Non,2100102,15,l,Non
2015,35170,Non,2100108,30,l,Non
2015,35170,Non,2100111,30,l,Non
2015,35170,Non,2100112,20,l,Non
2015,35170,Non,2100114,2,kg,Non
2015,35170,Non,2100138,60,l,Non
2015,35170,Non,2100140,30,l,Non
2015,35170,Non,2100234,10,l,Non
2015,35170,Non,2110018,6.9,l,Non
2015,35170,Non,2110063,0.15,kg,Non
2015,35170,Non,2110102,5.6,l,Non
2015,35170,Non,2110164,30,l,Non
2015,35170,Non,2110181,50,l,Non
2015,35170,Non,2110200,1,l,Non
2015,35170,Non,2120034,20,l,Non
2015,35170,Non,2120048,3,l,Non
2015,35170,Non,2120070,5,l,Non
2015,35170,Non,2120075,15,l,Non
2015,35170,Non,2120126,5,l,Non
2015,35170,Non,2120159,0.64,l,Non
2015,35170,Non,2120205,70,l,Non
2015,35170,Non,2130084,24,kg,Non
2015,35170,Non,2130105,16,kg,Non
2015,35170,Non,2130155,5,l,Non
2015,35170,Non,2130249,10,l,Non
2015,35170,Non,2140082,5,l,Non
2015,35170,Non,2140148,15,l,Non
2015,35170,Non,2140173,20,l,Non
2015,35170,Non,2140256,1,l,Non
2015,35170,Non,6500402,20,l,Non
2015,35170,Non,6900486,100,l,Oui
2015,35170,Non,7500716,5,kg,Non
2015,35170,Non,8200307,50,l,Non
2015,35170,Non,8300243,10,l,Non
2015,35170,Non,8400096,4,l,Non
2015,35170,Non,8400528,15,l,Non
2015,35170,Non,8500174,0.4,l,Non
2015,35170,Non,8500493,40,l,Non
2015,35170,Non,8800488,15,l,Non
2015,35170,Non,8900153,100,l,Non
2015,35170,Non,9000259,0.24,kg,Non
2015,35170,Non,9000833,10,l,Non
2015,35170,Non,9100418,10,l,Non
2015,35170,Non,9100554,6,kg,Non
2015,35170,Non,9100645,10,l,Non
2015,35170,Non,9200020,20,l,Non
2015,35170,Non,9200091,1.8,l,Non
2015,35170,Non,9200392,13,l,Non
2015,35170,Non,9300189,11,l,Oui
2015,35170,Non,9300309,3,l,Non
2015,35170,Non,9300396,60,l,Non
2015,35170,Non,9400067,4,kg,Non
2015,35170,Non,9400162,40,l,Non
2015,35170,Non,9400212,15,l,Non
2015,35170,Non,9500011,35,l,Non
2015,35170,Non,9500159,15,l,Oui
2015,35170,Non,9500581,20,l,Non
2015,35170,Non,9600197,2.8,kg,Non
2015,35170,Non,9700173,10,l,Non
2015,35170,Non,9700277,10,l,Non
2015,35170,Non,9700332,1,l,Oui
2015,35170,Non,9700446,20,l,Non
2015,35170,Non,9800098,1,kg,Non
2015,35170,Non,9800201,7.5,l,Non
2015,35170,Non,9800336,0.25,l,Non
2015,35170,Non,9800343,20,l,Non
2015,35170,Non,9800344,0.11,l,Non
2015,35170,Non,9800499,60,l,Non
2015,35170,Non,9900016,20,l,Non
2015,35170,Non,9900047,30,l,Non
2015,35170,Non,9900119,3,kg,Oui
2015,35170,Non,9900206,15,l,Non
2015,35170,Non,9900251,10,l,Non
2015,35170,Non,9900411,40,l,Non
2015,35190,Non,2000003,35,l,Non
2015,35190,Non,2000017,0.26,l,Oui
2015,35190,Non,2000071,287,kg,Oui
2015,35190,Non,2000105,0.5,kg,Oui
2015,35190,Non,2000125,30,kg,Oui
2015,35190,Non,2000201,20,l,Non
2015,35190,Non,2000299,68,l,Non
2015,35190,Non,2000301,20,l,Non
2015,35190,Non,2000380,17,l,Non
2015,35190,Non,2000461,55,l,Non
2015,35190,Non,2000499,102,l,Non
2015,35190,Non,2000502,3,l,Non
2015,35190,Non,2010019,12,l,Non
2015,35190,Non,2010023,1,l,Non
2015,35190,Non,2010025,20,l,Non
2015,35190,Non,2010030,25,l,Non
2015,35190,Non,2010035,25.65,l,Oui
2015,35190,Non,2010239,60,l,Non
2015,35190,Non,2010280,113,l,Non
2015,35190,Non,2010282,40,l,Non
2015,35190,Non,2010284,0.05,l,Oui
2015,35190,Non,2010289,250,l,Non
2015,35190,Non,2010319,3.75,l,Oui
2015,35190,Non,2010321,40.8,l,Oui
2015,35190,Non,2010326,80,l,Non
2015,35190,Non,2010351,65.2,kg,Non
2015,35190,Non,2010410,9,kg,Oui
2015,35190,Non,2010415,140,l,Non
2015,35190,Non,2010419,94.8,kg,Non
2015,35190,Non,2010425,2.4,kg,Non
2015,35190,Non,2010427,10,l,Non
2015,35190,Non,2010439,6.5,l,Oui
2015,35190,Non,2010493,4.25,kg,Oui
2015,35190,Non,2010495,90,kg,Non
2015,35190,Non,2010499,95,l,Non
2015,35190,Non,2010509,17.56,kg,Oui
2015,35190,Non,2010525,1,kg,Non
2015,35190,Non,2010537,0.7,kg,Non
2015,35190,Non,2010612,120,l,Oui
2015,35190,Non,2020020,3.29,l,Oui
2015,35190,Non,2020049,241.2,kg,Non
2015,35190,Non,2020065,4.44,kg,Oui
2015,35190,Non,2020099,2.81,l,Non
2015,35190,Non,2020224,10.8,kg,Non
2015,35190,Non,2020234,120,kg,Non
2015,35190,Non,2020328,10,l,Non
2015,35190,Non,2020445,65,l,Non
2015,35190,Non,2020456,75,l,Non
2015,35190,Non,2020474,15,l,Non
2015,35190,Non,2030056,25,kg,Non
2015,35190,Non,2030125,3.17,l,Oui
2015,35190,Non,2030255,125,l,Non
2015,35190,Non,2030273,10.5,l,Oui
2015,35190,Non,2030323,1.26,l,Non
2015,35190,Non,2030332,28.0,l,Oui
2015,35190,Non,2030429,15,kg,Non
2015,35190,Non,2030466,1.5,kg,Oui
2015,35190,Non,2040146,0.18,l,Non
2015,35190,Non,2040199,1,kg,Non
2015,35190,Non,2040310,40,l,Non
2015,35190,Non,2040311,5,l,Non
2015,35190,Non,2040338,15,l,Non
2015,35190,Non,2050033,6,kg,Non
2015,35190,Non,2050075,10.0,kg,Non
2015,35190,Non,2050144,9.75,l,Oui
2015,35190,Non,2050145,43,l,Oui
2015,35190,Non,2050146,107.85,l,Oui
2015,35190,Non,2060088,2520,l,Non
2015,35190,Non,2060091,180,l,Non
2015,35190,Non,2060114,2.4,l,Non
2015,35190,Non,2060116,35,l,Non
2015,35190,Non,2060118,210,l,Non
2015,35190,Non,2060127,38.26,l,Non
2015,35190,Non,2060129,2.64,kg,Non
2015,35190,Non,2060131,16,l,Oui
2015,35190,Non,2060175,102.88,kg,Oui
2015,35190,Non,2060194,692,kg,Non
2015,35190,Non,2070077,5,l,Non
2015,35190,Non,2080018,2.8,l,Oui
2015,35190,Non,2080026,256,l,Non
2015,35190,Non,2080054,22.5,l,Oui
2015,35190,Non,2080089,0.8,l,Oui
2015,35190,Non,2080090,11.8,l,Oui
2015,35190,Non,2080094,2.5,kg,Non
2015,35190,Non,2080098,10,l,Oui
2015,35190,Non,2080105,10,l,Non
2015,35190,Non,2080107,115,l,Non
2015,35190,Non,2080112,3.56,l,Non
2015,35190,Non,2080117,56.25,kg,Non
2015,35190,Non,2080120,5,l,Non
2015,35190,Non,2080123,8.74,kg,Non
2015,35190,Non,2080124,0.3,kg,Non
2015,35190,Non,2080125,1.6,kg,Non
2015,35190,Non,2080136,8,kg,Non
2015,35190,Non,2080145,80,l,Non
2015,35190,Non,2080147,2,l,Non
2015,35190,Non,2090008,1.08,l,Non
2015,35190,Non,2090011,45,l,Non
2015,35190,Non,2090016,80,l,Non
2015,35190,Non,2090017,5,l,Non
2015,35190,Non,2090018,235,l,Non
2015,35190,Non,2090024,35,l,Non
2015,35190,Non,2090033,2,l,Oui
2015,35190,Non,2090036,70,l,Oui
2015,35190,Non,2090037,162.4,kg,Non
2015,35190,Non,2090038,160,l,Non
2015,35190,Non,2090041,56.5,kg,Non
2015,35190,Non,2090043,30.25,l,Non
2015,35190,Non,2090044,24.75,l,Oui
2015,35190,Non,2090050,672,kg,Non
2015,35190,Non,2090053,5,l,Non
2015,35190,Non,2090057,13.05,kg,Non
2015,35190,Non,2090060,5,l,Non
2015,35190,Non,2090068,35,l,Non
2015,35190,Non,2090069,320,l,Non
2015,35190,Non,2090079,7.2,l,Oui
2015,35190,Non,2090080,10,l,Non
2015,35190,Non,2090090,1,l,Non
2015,35190,Non,2090092,254,l,Non
2015,35190,Non,2090093,5,l,Non
2015,35190,Non,2090101,10,l,Non
2015,35190,Non,2090111,15,l,Non
2015,35190,Non,2090113,240,l,Non
2015,35190,Non,2090146,2.4,l,Oui
2015,35190,Non,2090153,135.2,kg,Non
2015,35190,Non,2090157,1,l,Non
2015,35190,Non,2090159,11.20,kg,Non
2015,35190,Non,2090160,440,l,Non
2015,35190,Non,2090172,40,l,Non
2015,35190,Non,2090173,55,l,Non
2015,35190,Non,2090186,740,l,Non
2015,35190,Non,2090200,0.5,l,Oui
2015,35190,Non,2100004,34.56,l,Oui
2015,35190,Non,2100009,22.08,kg,Non
2015,35190,Non,2100014,16.2,kg,Non
2015,35190,Non,2100015,0.99,kg,Non
2015,35190,Non,2100016,0.5,kg,Non
2015,35190,Non,2100018,75,l,Non
2015,35190,Non,2100026,11,l,Non
2015,35190,Non,2100028,20,l,Non
2015,35190,Non,2100030,640,kg,Non
2015,35190,Non,2100035,10,l,Non
2015,35190,Non,2100037,5,l,Non
2015,35190,Non,2100051,12.51,l,Non
2015,35190,Non,2100052,5,l,Non
2015,35190,Non,2100053,15,l,Non
2015,35190,Non,2100056,60,l,Non
2015,35190,Non,2100057,500,l,Non
2015,35190,Non,2100065,1.35,kg,Non
2015,35190,Non,2100069,2,kg,Non
2015,35190,Non,2100071,460,l,Non
2015,35190,Non,2100078,12,l,Oui
2015,35190,Non,2100108,460,l,Non
2015,35190,Non,2100111,1425,l,Non
2015,35190,Non,2100112,95,l,Non
2015,35190,Non,2100138,185,l,Non
2015,35190,Non,2100140,200,l,Non
2015,35190,Non,2100151,56.61,l,Non
2015,35190,Non,2100154,10,l,Non
2015,35190,Non,2100165,5.28,l,Oui
2015,35190,Non,2100167,20,kg,Non
2015,35190,Non,2100179,182.2,l,Non
2015,35190,Non,2100184,37,kg,Non
2015,35190,Non,2100185,150,l,Non
2015,35190,Non,2100211,15,l,Non
2015,35190,Non,2100215,40,l,Non
2015,35190,Non,2100219,130,l,Oui
2015,35190,Non,2100234,95,l,Non
2015,35190,Non,2100235,20,l,Non
2015,35190,Non,2110012,10,l,Non
2015,35190,Non,2110013,11,l,Non
2015,35190,Non,2110018,0.81,l,Non
2015,35190,Non,2110040,0.1,kg,Oui
2015,35190,Non,2110063,0.60,kg,Non
2015,35190,Non,2110082,1,kg,Non
2015,35190,Non,2110083,8.25,l,Oui
2015,35190,Non,2110090,45,l,Non
2015,35190,Non,2110091,5,l,Non
2015,35190,Non,2110095,20,l,Non
2015,35190,Non,2110102,26.00,l,Non
2015,35190,Non,2110103,0.6,kg,Non
2015,35190,Non,2110109,450,l,Non
2015,35190,Non,2110115,10,l,Non
2015,35190,Non,2110121,68.52,l,Non
2015,35190,Non,2110149,1.6,l,Oui
2015,35190,Non,2110150,11.8,l,Oui
2015,35190,Non,2110152,10,l,Non
2015,35190,Non,2110159,3,l,Oui
2015,35190,Non,2110160,4,l,Oui
2015,35190,Non,2110162,55,l,Non
2015,35190,Non,2110164,10,l,Non
2015,35190,Non,2110170,440,l,Non
2015,35190,Non,2110177,1725,l,Non
2015,35190,Non,2110178,90,l,Non
2015,35190,Non,2110180,0.88,kg,Oui
2015,35190,Non,2110181,40,l,Non
2015,35190,Non,2110191,5,l,Non
2015,35190,Non,2110198,440,l,Oui
2015,35190,Non,2110201,5,l,Non
2015,35190,Non,2110202,18,l,Non
2015,35190,Non,2120015,0.45,l,Oui
2015,35190,Non,2120018,62.25,l,Oui
2015,35190,Non,2120034,420,l,Non
2015,35190,Non,2120048,209,l,Non
2015,35190,Non,2120063,4.8,l,Oui
2015,35190,Non,2120066,110,l,Non
2015,35190,Non,2120070,880,l,Non
2015,35190,Non,2120075,160,l,Non
2015,35190,Non,2120089,18,l,Non
2015,35190,Non,2120093,135,l,Non
2015,35190,Non,2120117,5,l,Non
2015,35190,Non,2120129,9.1,l,Oui
2015,35190,Non,2120133,29.8,l,Oui
2015,35190,Non,2120159,0.01,l,Non
2015,35190,Non,2120160,10,l,Non
2015,35190,Non,2120194,2.9,kg,Non
2015,35190,Non,2120205,1365,l,Non
2015,35190,Non,2120210,2,l,Non
2015,35190,Non,2130040,4.75,l,Oui
2015,35190,Non,2130063,105.96,l,Non
2015,35190,Non,2130068,50,l,Non
2015,35190,Non,2130075,240,kg,Non
2015,35190,Non,2130081,80,kg,Non
2015,35190,Non,2130083,7,l,Non
2015,35190,Non,2130084,216,kg,Non
2015,35190,Non,2130093,11,l,Oui
2015,35190,Non,2130105,208,kg,Non
2015,35190,Non,2130120,30,l,Non
2015,35190,Non,2130155,10,l,Non
2015,35190,Non,2130164,285,l,Non
2015,35190,Non,2130190,25,l,Non
2015,35190,Non,2130202,40,l,Non
2015,35190,Non,2130243,25.5,l,Non
2015,35190,Non,2130266,10,l,Non
2015,35190,Non,2140002,2,l,Non
2015,35190,Non,2140039,40.90,l,Non
2015,35190,Non,2140078,0.5,l,Non
2015,35190,Non,2140082,22,l,Non
2015,35190,Non,2140098,20,l,Non
2015,35190,Non,2140123,20,l,Non
2015,35190,Non,2140148,5,l,Non
2015,35190,Non,2140160,10,l,Non
2015,35190,Non,2140173,330,l,Non
2015,35190,Non,2140256,5.5,l,Non
2015,35190,Non,2150484,6,l,Non
2015,35190,Non,5500179,5,l,Non
2015,35190,Non,6500402,443,l,Non
2015,35190,Non,6600357,1,l,Non
2015,35190,Non,7300221,30,l,Non
2015,35190,Non,7400815,150,l,Non
2015,35190,Non,7700078,25,l,Non
2015,35190,Non,7700706,24,kg,Oui
2015,35190,Non,7800790,70,l,Non
2015,35190,Non,8000084,10,l,Non
2015,35190,Non,8100283,5,l,Non
2015,35190,Non,8100462,3.85,kg,Oui
2015,35190,Non,8200307,1000,l,Non
2015,35190,Non,8300243,160,l,Non
2015,35190,Non,8400096,67,l,Non
2015,35190,Non,8400098,0.45,l,Oui
2015,35190,Non,8400255,0.9,kg,Non
2015,35190,Non,8400528,115,l,Non
2015,35190,Non,8400574,5,l,Non
2015,35190,Non,8400600,19,l,Non
2015,35190,Non,8500351,0.96,kg,Oui
2015,35190,Non,8500493,393,l,Non
2015,35190,Non,8600027,15,kg,Non
2015,35190,Non,8600243,10,l,Oui
2015,35190,Non,8700012,532.31,l,Non
2015,35190,Non,8700240,80,l,Non
2015,35190,Non,8700462,220,l,Non
2015,35190,Non,8800011,20,l,Non
2015,35190,Non,8800488,90,l,Non
2015,35190,Non,8800893,60,l,Non
2015,35190,Non,8800939,10,l,Non
2015,35190,Non,8820680,192,kg,Oui
2015,35190,Non,8900153,30,l,Non
2015,35190,Non,8900564,10,l,Non
2015,35190,Non,8900669,5,l,Non
2015,35190,Non,8900681,10,l,Non
2015,35190,Non,9000184,40,l,Non
2015,35190,Non,9000259,2.76,kg,Non
2015,35190,Non,9000361,8,kg,Oui
2015,35190,Non,9000741,85,l,Non
2015,35190,Non,9000753,100,kg,Non
2015,35190,Non,9000833,55,l,Non
2015,35190,Non,9100046,91,l,Non
2015,35190,Non,9100065,35,l,Non
2015,35190,Non,9100155,20,l,Non
2015,35190,Non,9100231,223.5,kg,Oui
2015,35190,Non,9100418,518,l,Non
2015,35190,Non,9100505,440,l,Non
2015,35190,Non,9100525,5,kg,Oui
2015,35190,Non,9200073,0.2,kg,Non
2015,35190,Non,9200078,5,l,Non
2015,35190,Non,9200135,40.4,kg,Oui
2015,35190,Non,9200383,5,kg,Non
2015,35190,Non,9200392,5,l,Non
2015,35190,Non,9200461,395,l,Non
2015,35190,Non,9200482,0.45,kg,Oui
2015,35190,Non,9200494,160.8,l,Non
2015,35190,Non,9200548,9.13,l,Non
2015,35190,Non,9300111,0.45,l,Oui
2015,35190,Non,9300189,19.53,l,Oui
2015,35190,Non,9300241,17.5,l,Oui
2015,35190,Non,9300305,15,l,Non
2015,35190,Non,9300309,2,l,Non
2015,35190,Non,9300338,60,l,Non
2015,35190,Non,9300396,140,l,Non
2015,35190,Non,9400008,0.03,l,Non
2015,35190,Non,9400052,5,l,Non
2015,35190,Non,9400067,56,kg,Non
2015,35190,Non,9400134,85,l,Non
2015,35190,Non,9400212,210,l,Non
2015,35190,Non,9400336,135,l,Non
2015,35190,Non,9400354,220,l,Non
2015,35190,Non,9400367,270,l,Non
2015,35190,Non,9400494,27,l,Non
2015,35190,Non,9500002,1,l,Oui
2015,35190,Non,9500011,10,l,Non
2015,35190,Non,9500106,19,l,Non
2015,35190,Non,9500147,4.8,kg,Oui
2015,35190,Non,9500148,0.6,kg,Oui
2015,35190,Non,9500150,1,l,Oui
2015,35190,Non,9500219,30,l,Non
2015,35190,Non,9500223,25,l,Non
2015,35190,Non,9500364,4.8,l,Oui
2015,35190,Non,9500414,4,l,Oui
2015,35190,Non,9500452,15,kg,Oui
2015,35190,Non,9500484,10.08,l,Oui
2015,35190,Non,9500485,48,l,Oui
2015,35190,Non,9500551,205,l,Non
2015,35190,Non,9500568,0.25,kg,Non
2015,35190,Non,9500581,20,l,Non
2015,35190,Non,9500595,1,l,Non
2015,35190,Non,9500628,3,kg,Non
2015,35190,Non,9600097,0.6,l,Oui
2015,35190,Non,9600197,6.5,kg,Non
2015,35190,Non,9600199,20,kg,Non
2015,35190,Non,9600386,3.6,kg,Oui
2015,35190,Non,9600392,200,l,Non
2015,35190,Non,9600488,14.4,kg,Oui
2015,35190,Non,9600538,70,l,Non
2015,35190,Non,9600550,55,l,Non
2015,35190,Non,9700038,1,l,Oui
2015,35190,Non,9700173,40,l,Non
2015,35190,Non,9700277,20,l,Non
2015,35190,Non,9700332,2.68,l,Oui
2015,35190,Non,9700392,4,kg,Non
2015,35190,Non,9700420,10,l,Non
2015,35190,Non,9700521,18,l,Oui
2015,35190,Non,9700558,5,l,Non
2015,35190,Non,9800018,60,l,Non
2015,35190,Non,9800096,4,l,Oui
2015,35190,Non,9800098,9,kg,Non
2015,35190,Non,9800245,60,kg,Non
2015,35190,Non,9800277,15.25,l,Non
2015,35190,Non,9800294,120,l,Non
2015,35190,Non,9800321,1.8,l,Oui
2015,35190,Non,9800336,11.9,l,Non
2015,35190,Non,9800337,10,l,Non
2015,35190,Non,9800342,3,l,Non
2015,35190,Non,9800343,15,l,Non
2015,35190,Non,9800344,1.36,l,Non
2015,35190,Non,9800374,0.25,kg,Non
2015,35190,Non,9800453,35,l,Non
2015,35190,Non,9800477,30,l,Non
2015,35190,Non,9800481,102,l,Oui
2015,35190,Non,9800499,20,l,Non
2015,35190,Non,9800524,2.5,l,Oui
2015,35190,Non,9900016,230,l,Non
2015,35190,Non,9900047,462.96,l,Non
2015,35190,Non,9900078,40,l,Non
2015,35190,Non,9900119,19.4,kg,Oui
2015,35190,Non,9900201,5,l,Non
2015,35190,Non,9900202,2.4,kg,Non
2015,35190,Non,9900206,45,l,Non
2015,35190,Non,9900251,229,l,Non
2015,35190,Non,9900257,65,kg,Oui
2015,35190,Non,9900263,310,l,Non
2015,35190,Non,9900269,60,l,Non
2015,35200,Non,2000424,3,l,Oui
2015,35200,Non,2010023,1,l,Non
2015,35200,Non,2010240,2,l,Non
2015,35200,Non,2020224,1.62,kg,Non
2015,35200,Non,2040109,1.05,kg,Non
2015,35200,Non,2090092,15,l,Non
2015,35200,Non,2100122,0.3,kg,Non
2015,35200,Non,2110143,1,l,Non
2015,35200,Non,2120118,2,l,Oui
2015,35200,Non,2120205,10,l,Non
2015,35200,Non,2140085,1,l,Non
2015,35200,Non,8400574,15,l,Non
2015,35200,Non,9000471,5,l,Non
2015,35200,Non,9000490,1,l,Non
2015,35200,Non,9200091,0.23,l,Non
2015,35200,Non,9500302,1,kg,Oui
2015,35200,Non,9500628,9,kg,Non
2015,35200,Non,9900331,2,l,Non
2015,35230,Non,2000105,0.5,kg,Oui
2015,35230,Non,2000125,1.4,kg,Oui
2015,35230,Non,2000201,2.75,l,Non
2015,35230,Non,2000299,53.2,l,Non
2015,35230,Non,2000301,60,l,Non
2015,35230,Non,2000380,4,l,Non
2015,35230,Non,2000478,5,l,Non
2015,35230,Non,2000536,0.76,kg,Non
2015,35230,Non,2010019,25,l,Non
2015,35230,Non,2010023,19,l,Non
2015,35230,Non,2010030,125,l,Non
2015,35230,Non,2010035,10.4,l,Oui
2015,35230,Non,2010239,61,l,Non
2015,35230,Non,2010240,5,l,Non
2015,35230,Non,2010280,54,l,Non
2015,35230,Non,2010282,5,l,Non
2015,35230,Non,2010289,70,l,Non
2015,35230,Non,2010319,2.25,l,Oui
2015,35230,Non,2010410,0.75,kg,Oui
2015,35230,Non,2010415,60,l,Non
2015,35230,Non,2010419,12,kg,Non
2015,35230,Non,2010425,0.1,kg,Non
2015,35230,Non,2010427,40,l,Non
2015,35230,Non,2010495,360,kg,Non
2015,35230,Non,2010513,0.5,kg,Non
2015,35230,Non,2010612,60,l,Oui
2015,35230,Non,2020020,0.72,l,Oui
2015,35230,Non,2020021,18,l,Non
2015,35230,Non,2020049,4.8,kg,Non
2015,35230,Non,2020099,76.05,l,Non
2015,35230,Non,2020224,10.2,kg,Non
2015,35230,Non,2020234,20,kg,Non
2015,35230,Non,2020241,0.5,kg,Non
2015,35230,Non,2020328,40,l,Non
2015,35230,Non,2020474,162,l,Non
2015,35230,Non,2030019,25,l,Non
2015,35230,Non,2030125,0.48,l,Oui
2015,35230,Non,2030175,0.12,kg,Oui
2015,35230,Non,2030323,45.66,l,Non
2015,35230,Non,2030332,151.00,l,Oui
2015,35230,Non,2040109,3.75,kg,Non
2015,35230,Non,2040146,15.01,l,Non
2015,35230,Non,2040310,20,l,Non
2015,35230,Non,2040330,10,kg,Oui
2015,35230,Non,2040338,15,l,Non
2015,35230,Non,2050046,0.5,kg,Non
2015,35230,Non,2050075,24.0,kg,Non
2015,35230,Non,2050146,0.8,l,Oui
2015,35230,Non,2060045,117,kg,Oui
2015,35230,Non,2060050,1,l,Non
2015,35230,Non,2060084,20,kg,Non
2015,35230,Non,2060088,510,l,Non
2015,35230,Non,2060091,110,l,Non
2015,35230,Non,2060098,1.5,l,Non
2015,35230,Non,2060113,0.25,l,Non
2015,35230,Non,2060116,5,l,Non
2015,35230,Non,2060118,20,l,Non
2015,35230,Non,2060120,5,l,Non
2015,35230,Non,2060127,0.87,l,Non
2015,35230,Non,2060131,24.2,l,Oui
2015,35230,Non,2060132,1,l,Non
2015,35230,Non,2060175,890,kg,Oui
2015,35230,Non,2060194,120,kg,Non
2015,35230,Non,2070107,15,l,Non
2015,35230,Non,2070149,1,kg,Non
2015,35230,Non,2070221,190.8,l,Non
2015,35230,Non,2080026,261,l,Non
2015,35230,Non,2080054,0.9,l,Oui
2015,35230,Non,2080060,4,l,Non
2015,35230,Non,2080094,8.2,kg,Non
2015,35230,Non,2080101,3,kg,Non
2015,35230,Non,2080103,48,l,Non
2015,35230,Non,2080107,80,l,Non
2015,35230,Non,2080112,73.71,l,Non
2015,35230,Non,2080117,7.89,kg,Non
2015,35230,Non,2080123,1.4,kg,Non
2015,35230,Non,2080136,20,kg,Non
2015,35230,Non,2080145,109,l,Non
2015,35230,Non,2090008,1.48,l,Non
2015,35230,Non,2090016,50,l,Non
2015,35230,Non,2090019,20,l,Non
2015,35230,Non,2090024,10,l,Non
2015,35230,Non,2090037,37.2,kg,Non
2015,35230,Non,2090038,160,l,Non
2015,35230,Non,2090042,12.85,kg,Non
2015,35230,Non,2090053,5,l,Non
2015,35230,Non,2090054,1.89,kg,Non
2015,35230,Non,2090055,10,l,Non
2015,35230,Non,2090057,1.2,kg,Non
2015,35230,Non,2090060,30,l,Non
2015,35230,Non,2090068,25,l,Non
2015,35230,Non,2090069,15,l,Non
2015,35230,Non,2090072,0.7,kg,Non
2015,35230,Non,2090092,385,l,Non
2015,35230,Non,2090093,20,l,Non
2015,35230,Non,2090103,100,kg,Non
2015,35230,Non,2090111,0.28,l,Non
2015,35230,Non,2090113,80,l,Non
2015,35230,Non,2090115,320,l,Non
2015,35230,Non,2090117,5,l,Non
2015,35230,Non,2090118,40,l,Non
2015,35230,Non,2090138,9,kg,Non
2015,35230,Non,2090153,10,kg,Non
2015,35230,Non,2090159,11.86,kg,Non
2015,35230,Non,2090160,60,l,Non
2015,35230,Non,2090172,25,l,Non
2015,35230,Non,2090173,20,l,Non
2015,35230,Non,2090186,396,l,Non
2015,35230,Non,2090199,2,l,Oui
2015,35230,Non,2100009,1.2,kg,Non
2015,35230,Non,2100015,0.72,kg,Non
2015,35230,Non,2100016,1,kg,Non
2015,35230,Non,2100018,95,l,Non
2015,35230,Non,2100026,26,l,Non
2015,35230,Non,2100028,30,l,Non
2015,35230,Non,2100030,60,kg,Non
2015,35230,Non,2100037,10,l,Non
2015,35230,Non,2100040,36,l,Non
2015,35230,Non,2100056,90,l,Non
2015,35230,Non,2100057,105,l,Non
2015,35230,Non,2100069,4,kg,Non
2015,35230,Non,2100071,20,l,Non
2015,35230,Non,2100098,310,l,Non
2015,35230,Non,2100102,25,l,Non
2015,35230,Non,2100108,90,l,Non
2015,35230,Non,2100111,111,l,Non
2015,35230,Non,2100112,65,l,Non
2015,35230,Non,2100121,2.7,l,Non
2015,35230,Non,2100122,0.6,kg,Non
2015,35230,Non,2100138,125,l,Non
2015,35230,Non,2100140,85,l,Non
2015,35230,Non,2100154,75,l,Non
2015,35230,Non,2100165,0.24,l,Oui
2015,35230,Non,2100211,65,l,Non
2015,35230,Non,2100214,4,l,Non
2015,35230,Non,2100231,20,kg,Non
2015,35230,Non,2100234,205,l,Non
2015,35230,Non,2110013,5,l,Non
2015,35230,Non,2110018,0.2,l,Non
2015,35230,Non,2110063,0.75,kg,Non
2015,35230,Non,2110077,5,l,Non
2015,35230,Non,2110090,155,l,Non
2015,35230,Non,2110095,15,l,Non
2015,35230,Non,2110098,30,l,Non
2015,35230,Non,2110102,9.53,l,Non
2015,35230,Non,2110105,1,l,Non
2015,35230,Non,2110109,20,l,Non
2015,35230,Non,2110121,104.91,l,Non
2015,35230,Non,2110144,14.4,l,Non
2015,35230,Non,2110153,60,l,Non
2015,35230,Non,2110170,30,l,Non
2015,35230,Non,2110174,400,l,Oui
2015,35230,Non,2110177,255,l,Non
2015,35230,Non,2110178,114,l,Non
2015,35230,Non,2110181,349,l,Non
2015,35230,Non,2110198,80,l,Oui
2015,35230,Non,2110201,25,l,Non
2015,35230,Non,2120008,7.5,l,Oui
2015,35230,Non,2120034,120,l,Non
2015,35230,Non,2120048,33,l,Non
2015,35230,Non,2120066,60,l,Non
2015,35230,Non,2120070,75,l,Non
2015,35230,Non,2120075,150,l,Non
2015,35230,Non,2120089,15,l,Non
2015,35230,Non,2120155,1.2,l,Oui
2015,35230,Non,2120160,5,l,Non
2015,35230,Non,2120194,0.2,kg,Non
2015,35230,Non,2120205,646,l,Non
2015,35230,Non,2120210,35,l,Non
2015,35230,Non,2130040,0.71,l,Oui
2015,35230,Non,2130063,40,l,Non
2015,35230,Non,2130068,31.8,l,Non
2015,35230,Non,2130075,240,kg,Non
2015,35230,Non,2130083,1,l,Non
2015,35230,Non,2130087,460,kg,Non
2015,35230,Non,2130092,2,l,Non
2015,35230,Non,2130105,112,kg,Non
2015,35230,Non,2130120,30,l,Non
2015,35230,Non,2130140,50,l,Non
2015,35230,Non,2130164,197,l,Non
2015,35230,Non,2130202,65,l,Non
2015,35230,Non,2130240,0.3,kg,Oui
2015,35230,Non,2130247,5,l,Non
2015,35230,Non,2130251,1,l,Non
2015,35230,Non,2130253,45,l,Non
2015,35230,Non,2130266,18,l,Non
2015,35230,Non,2140023,50,l,Non
2015,35230,Non,2140078,6.25,l,Non
2015,35230,Non,2140082,5,l,Non
2015,35230,Non,2140084,240,l,Non
2015,35230,Non,2140085,4,l,Non
2015,35230,Non,2140108,10,l,Non
2015,35230,Non,2140132,15,l,Non
2015,35230,Non,2140160,144,l,Non
2015,35230,Non,2140173,90,l,Non
2015,35230,Non,2140256,2.0,l,Non
2015,35230,Non,2150125,17.28,l,Non
2015,35230,Non,5100219,625,kg,Non
2015,35230,Non,6500402,90,l,Non
2015,35230,Non,7300221,140,l,Non
2015,35230,Non,7400755,10,kg,Non
2015,35230,Non,7400815,50,l,Non
2015,35230,Non,7500004,0.2,l,Oui
2015,35230,Non,7500540,0.8,kg,Oui
2015,35230,Non,7500716,140,kg,Non
2015,35230,Non,7800132,10,l,Non
2015,35230,Non,7800790,15,l,Non
2015,35230,Non,7900323,5,l,Non
2015,35230,Non,8100198,25,kg,Non
2015,35230,Non,8100462,2.1,kg,Oui
2015,35230,Non,8200216,132.4,l,Non
2015,35230,Non,8200307,170,l,Non
2015,35230,Non,8200575,5,l,Non
2015,35230,Non,8300243,60,l,Non
2015,35230,Non,8300429,1,l,Non
2015,35230,Non,8400096,14,l,Non
2015,35230,Non,8400255,0.2,kg,Non
2015,35230,Non,8400528,41,l,Non
2015,35230,Non,8400574,25,l,Non
2015,35230,Non,8500493,360,l,Non
2015,35230,Non,8500689,30,l,Non
2015,35230,Non,8600243,20,l,Oui
2015,35230,Non,8600349,0.2,kg,Oui
2015,35230,Non,8600395,0.2,kg,Oui
2015,35230,Non,8700012,110,l,Non
2015,35230,Non,8700240,10,l,Non
2015,35230,Non,8700462,448,l,Non
2015,35230,Non,8800199,19,l,Non
2015,35230,Non,8800395,105,l,Non
2015,35230,Non,8800488,80,l,Non
2015,35230,Non,8800939,20,l,Non
2015,35230,Non,8900153,88,l,Non
2015,35230,Non,8900563,35,l,Non
2015,35230,Non,8900564,16,l,Non
2015,35230,Non,8900681,1,l,Non
2015,35230,Non,9000069,10,l,Non
2015,35230,Non,9000184,75,l,Non
2015,35230,Non,9000198,20,l,Non
2015,35230,Non,9000259,0.96,kg,Non
2015,35230,Non,9000362,4,kg,Non
2015,35230,Non,9000471,15,l,Non
2015,35230,Non,9000490,5,l,Non
2015,35230,Non,9100046,35,l,Non
2015,35230,Non,9100065,10,l,Non
2015,35230,Non,9100155,35,l,Non
2015,35230,Non,9100231,0.5,kg,Oui
2015,35230,Non,9100418,105,l,Non
2015,35230,Non,9100645,17,l,Non
2015,35230,Non,9200091,115.20,l,Non
2015,35230,Non,9200135,1.2,kg,Oui
2015,35230,Non,9200159,5,l,Non
2015,35230,Non,9200383,1,kg,Non
2015,35230,Non,9200392,1,l,Non
2015,35230,Non,9200461,260,l,Non
2015,35230,Non,9200532,0.2,l,Oui
2015,35230,Non,9300305,18,l,Non
2015,35230,Non,9300309,26,l,Non
2015,35230,Non,9300396,80,l,Non
2015,35230,Non,9400067,17,kg,Non
2015,35230,Non,9400109,17,kg,Oui
2015,35230,Non,9400134,33.6,l,Non
2015,35230,Non,9400162,160,l,Non
2015,35230,Non,9400212,35,l,Non
2015,35230,Non,9400235,1,l,Oui
2015,35230,Non,9400336,20,l,Non
2015,35230,Non,9400367,618,l,Non
2015,35230,Non,9400495,21,l,Oui
2015,35230,Non,9500223,30,l,Non
2015,35230,Non,9500302,3,kg,Oui
2015,35230,Non,9500541,20,l,Non
2015,35230,Non,9500551,70,l,Non
2015,35230,Non,9500581,70,l,Non
2015,35230,Non,9500628,3,kg,Non
2015,35230,Non,9600197,4.3,kg,Non
2015,35230,Non,9600341,10,l,Non
2015,35230,Non,9600392,80,l,Non
2015,35230,Non,9600395,2,kg,Non
2015,35230,Non,9700332,1,l,Oui
2015,35230,Non,9700392,12,kg,Non
2015,35230,Non,9700396,2,l,Non
2015,35230,Non,9800018,30,l,Non
2015,35230,Non,9800076,6,l,Oui
2015,35230,Non,9800100,40,l,Non
2015,35230,Non,9800144,5,kg,Non
2015,35230,Non,9800182,90,l,Non
2015,35230,Non,9800201,1,l,Non
2015,35230,Non,9800212,25,kg,Non
2015,35230,Non,9800219,30,l,Non
2015,35230,Non,9800236,5,l,Non
2015,35230,Non,9800277,4.5,l,Non
2015,35230,Non,9800280,1,l,Non
2015,35230,Non,9800294,260,l,Non
2015,35230,Non,9800321,0.2,l,Oui
2015,35230,Non,9800336,3.25,l,Non
2015,35230,Non,9800344,21.94,l,Non
2015,35230,Non,9800350,0.5,l,Oui
2015,35230,Non,9800392,20,l,Non
2015,35230,Non,9800432,45,l,Oui
2015,35230,Non,9800453,40,l,Non
2015,35230,Non,9800474,15,kg,Non
2015,35230,Non,9800496,53,l,Non
2015,35230,Non,9800499,60,l,Non
2015,35230,Non,9800524,1.3,l,Oui
2015,35230,Non,9900016,55,l,Non
2015,35230,Non,9900037,1,kg,Non
2015,35230,Non,9900047,430,l,Non
2015,35230,Non,9900119,1,kg,Oui
2015,35230,Non,9900139,10,kg,Non
2015,35230,Non,9900206,72,l,Non
2015,35230,Non,9900251,30,l,Non
2015,35230,Non,9900263,20,l,Non
2015,35230,Non,9900269,680,l,Non
2015,35230,Non,9900446,4.88,kg,Non
2015,35235,Non,2000018,20,kg,Non
2015,35235,Non,2000044,5,l,Non
2015,35235,Non,2000299,2,l,Non
2015,35235,Non,2000301,5,l,Non
2015,35235,Non,2000536,3.6,kg,Non
2015,35235,Non,2010023,10,l,Non
2015,35235,Non,2010130,20,kg,Non
2015,35235,Non,2010425,0.1,kg,Non
2015,35235,Non,2010427,5,l,Non
2015,35235,Non,2010612,120,l,Oui
2015,35235,Non,2010632,4,kg,Non
2015,35235,Non,2010640,20,kg,Non
2015,35235,Non,2040051,10,l,Non
2015,35235,Non,2040146,2.35,l,Non
2015,35235,Non,2050046,1,kg,Non
2015,35235,Non,2050146,0.8,l,Oui
2015,35235,Non,2060084,5,kg,Non
2015,35235,Non,2060098,0.2,l,Non
2015,35235,Non,2060131,10,l,Oui
2015,35235,Non,2060134,40,kg,Non
2015,35235,Non,2060175,130,kg,Oui
2015,35235,Non,2060194,48,kg,Non
2015,35235,Non,2070242,5,kg,Non
2015,35235,Non,2080010,160,l,Oui
2015,35235,Non,2080026,15,l,Non
2015,35235,Non,2080117,1.4,kg,Non
2015,35235,Non,2080136,1,kg,Non
2015,35235,Non,2080145,5,l,Non
2015,35235,Non,2090011,10,l,Non
2015,35235,Non,2090016,50,l,Non
2015,35235,Non,2090019,10,l,Non
2015,35235,Non,2090042,2.2,kg,Non
2015,35235,Non,2090043,15,l,Non
2015,35235,Non,2090055,40,l,Non
2015,35235,Non,2090057,0.45,kg,Non
2015,35235,Non,2090091,1,kg,Non
2015,35235,Non,2090092,10,l,Non
2015,35235,Non,2090094,10,kg,Non
2015,35235,Non,2090103,175,kg,Non
2015,35235,Non,2090112,0.04,l,Non
2015,35235,Non,2090113,20,l,Non
2015,35235,Non,2090115,40,l,Non
2015,35235,Non,2090173,5,l,Non
2015,35235,Non,2100015,0.45,kg,Non
2015,35235,Non,2100018,15,l,Non
2015,35235,Non,2100025,2,l,Non
2015,35235,Non,2100030,40,kg,Non
2015,35235,Non,2100098,5,l,Non
2015,35235,Non,2100102,20,l,Non
2015,35235,Non,2100108,5,l,Non
2015,35235,Non,2100111,20,l,Non
2015,35235,Non,2100138,20,l,Non
2015,35235,Non,2100140,35,l,Non
2015,35235,Non,2100182,0.08,l,Non
2015,35235,Non,2100185,0.04,l,Non
2015,35235,Non,2100214,2,l,Non
2015,35235,Non,2100234,15,l,Non
2015,35235,Non,2100235,10,l,Non
2015,35235,Non,2110013,10,l,Non
2015,35235,Non,2110090,15,l,Non
2015,35235,Non,2110102,4.7,l,Non
2015,35235,Non,2110144,0.1,l,Non
2015,35235,Non,2110170,0.2,l,Non
2015,35235,Non,2110177,15,l,Non
2015,35235,Non,2110194,0.12,l,Non
2015,35235,Non,2110201,5,l,Non
2015,35235,Non,2120034,80,l,Non
2015,35235,Non,2120048,15,l,Non
2015,35235,Non,2120070,15,l,Non
2015,35235,Non,2130067,5,l,Non
2015,35235,Non,2130075,20,kg,Non
2015,35235,Non,2130253,15,l,Non
2015,35235,Non,2140039,11.25,l,Non
2015,35235,Non,2140173,10,l,Non
2015,35235,Non,2140256,2,l,Non
2015,35235,Non,2150002,5,kg,Non
2015,35235,Non,7600008,9,l,Non
2015,35235,Non,8100291,0.02,l,Non
2015,35235,Non,8200307,30,l,Non
2015,35235,Non,8300025,5,l,Oui
2015,35235,Non,8400096,4,l,Non
2015,35235,Non,8400477,9.0,kg,Non
2015,35235,Non,8400528,1,l,Non
2015,35235,Non,8400574,6,l,Non
2015,35235,Non,8500174,0.25,l,Non
2015,35235,Non,8500194,1,l,Non
2015,35235,Non,8500493,15,l,Non
2015,35235,Non,8600243,30,l,Oui
2015,35235,Non,8700012,15,l,Non
2015,35235,Non,8700408,10,l,Non
2015,35235,Non,8700462,30,l,Non
2015,35235,Non,8800011,11.45,l,Non
2015,35235,Non,8800142,10,l,Non
2015,35235,Non,8800417,30,l,Non
2015,35235,Non,8800488,35,l,Non
2015,35235,Non,8800498,4,kg,Non
2015,35235,Non,8800893,15,l,Non
2015,35235,Non,8900153,30,l,Non
2015,35235,Non,8900681,20,l,Non
2015,35235,Non,9000184,55,l,Non
2015,35235,Non,9000277,20,kg,Non
2015,35235,Non,9000471,60,l,Non
2015,35235,Non,9000619,30,l,Non
2015,35235,Non,9100046,6,l,Non
2015,35235,Non,9100645,5,l,Non
2015,35235,Non,9200392,5,l,Non
2015,35235,Non,9300108,40,kg,Non
2015,35235,Non,9300189,5,l,Oui
2015,35235,Non,9300305,0.05,l,Non
2015,35235,Non,9300309,2,l,Non
2015,35235,Non,9300396,30,l,Non
2015,35235,Non,9400067,4,kg,Non
2015,35235,Non,9400134,5,l,Non
2015,35235,Non,9500302,80,kg,Oui
2015,35235,Non,9500467,0.31,kg,Non
2015,35235,Non,9500568,1,kg,Non
2015,35235,Non,9500629,10,kg,Non
2015,35235,Non,9600025,24,kg,Non
2015,35235,Non,9600319,5,l,Oui
2015,35235,Non,9600395,20,kg,Non
2015,35235,Non,9600398,0.6,kg,Non
2015,35235,Non,9700332,1,l,Oui
2015,35235,Non,9700396,4,l,Non
2015,35235,Non,9700420,1,l,Non
2015,35235,Non,9800076,6,l,Oui
2015,35235,Non,9800106,1,kg,Non
2015,35235,Non,9800219,30,l,Non
2015,35235,Non,9800280,5,l,Non
2015,35235,Non,9800336,1,l,Non
2015,35235,Non,9800392,10,l,Non
2015,35235,Non,9800474,75,kg,Non
2015,35235,Non,9900037,0.25,kg,Non
2015,35235,Non,9900119,21,kg,Oui
2015,35235,Non,9900251,0.02,l,Non
2015,35235,Non,9900390,40,l,Non
2015,35250,Non,2000205,0.6,kg,Non
2015,35250,Non,2000502,1,l,Non
2015,35250,Non,2010030,15,l,Non
2015,35250,Non,2010239,10,l,Non
2015,35250,Non,2010280,280,l,Non
2015,35250,Non,2010326,20,l,Non
2015,35250,Non,2010349,10,l,Non
2015,35250,Non,2010351,6.6,kg,Non
2015,35250,Non,2010415,60,l,Non
2015,35250,Non,2010419,3,kg,Non
2015,35250,Non,2010425,0.3,kg,Non
2015,35250,Non,2010499,20,l,Non
2015,35250,Non,2010612,320,l,Oui
2015,35250,Non,2020003,20,kg,Oui
2015,35250,Non,2020021,95,l,Non
2015,35250,Non,2020049,3.0,kg,Non
2015,35250,Non,2020099,12.50,l,Non
2015,35250,Non,2020224,0.6,kg,Non
2015,35250,Non,2020234,200,kg,Non
2015,35250,Non,2030073,75,kg,Non
2015,35250,Non,2030323,1.16,l,Non
2015,35250,Non,2030332,1,l,Oui
2015,35250,Non,2040310,65,l,Non
2015,35250,Non,2050033,2,kg,Non
2015,35250,Non,2050075,20,kg,Non
2015,35250,Non,2050145,1,l,Oui
2015,35250,Non,2050146,2.05,l,Oui
2015,35250,Non,2060063,0.75,kg,Non
2015,35250,Non,2060088,340,l,Non
2015,35250,Non,2060091,20,l,Non
2015,35250,Non,2060114,10,l,Non
2015,35250,Non,2060127,0.52,l,Non
2015,35250,Non,2060131,10,l,Oui
2015,35250,Non,2060175,180,kg,Oui
2015,35250,Non,2060194,1690,kg,Non
2015,35250,Non,2070221,26,l,Non
2015,35250,Non,2080026,272,l,Non
2015,35250,Non,2080088,15,l,Non
2015,35250,Non,2080094,9.0,kg,Non
2015,35250,Non,2080105,5,l,Non
2015,35250,Non,2080107,20,l,Non
2015,35250,Non,2080112,0.18,l,Non
2015,35250,Non,2080117,3.85,kg,Non
2015,35250,Non,2080120,5,l,Non
2015,35250,Non,2080123,7.8,kg,Non
2015,35250,Non,2080136,10,kg,Non
2015,35250,Non,2080145,45,l,Non
2015,35250,Non,2090009,135,l,Non
2015,35250,Non,2090010,10,l,Non
2015,35250,Non,2090011,245,l,Non
2015,35250,Non,2090016,20,l,Non
2015,35250,Non,2090018,10,l,Non
2015,35250,Non,2090024,5,l,Non
2015,35250,Non,2090037,123,kg,Non
2015,35250,Non,2090038,90,l,Non
2015,35250,Non,2090041,8.0,kg,Non
2015,35250,Non,2090042,7.70,kg,Non
2015,35250,Non,2090057,4.20,kg,Non
2015,35250,Non,2090064,5,l,Non
2015,35250,Non,2090068,10,l,Non
2015,35250,Non,2090069,5,l,Non
2015,35250,Non,2090071,10,l,Non
2015,35250,Non,2090072,0.2,kg,Non
2015,35250,Non,2090080,30,l,Non
2015,35250,Non,2090092,276,l,Non
2015,35250,Non,2090101,25,l,Non
2015,35250,Non,2090118,170,l,Non
2015,35250,Non,2090146,0.4,l,Oui
2015,35250,Non,2090153,4,kg,Non
2015,35250,Non,2090159,0.35,kg,Non
2015,35250,Non,2090160,140,l,Non
2015,35250,Non,2090171,395,l,Non
2015,35250,Non,2090172,20,l,Non
2015,35250,Non,2090186,70,l,Non
2015,35250,Non,2100009,1.14,kg,Non
2015,35250,Non,2100015,0.90,kg,Non
2015,35250,Non,2100026,9,l,Non
2015,35250,Non,2100028,30,l,Non
2015,35250,Non,2100030,20,kg,Non
2015,35250,Non,2100037,10,l,Non
2015,35250,Non,2100053,90,l,Non
2015,35250,Non,2100056,25,l,Non
2015,35250,Non,2100057,130,l,Non
2015,35250,Non,2100071,1540,l,Non
2015,35250,Non,2100098,10,l,Non
2015,35250,Non,2100102,10,l,Non
2015,35250,Non,2100108,185,l,Non
2015,35250,Non,2100111,315,l,Non
2015,35250,Non,2100112,115,l,Non
2015,35250,Non,2100138,145,l,Non
2015,35250,Non,2100140,230,l,Non
2015,35250,Non,2100154,10,l,Non
2015,35250,Non,2100179,30,l,Non
2015,35250,Non,2100184,4,kg,Non
2015,35250,Non,2100215,50,l,Non
2015,35250,Non,2100234,45,l,Non
2015,35250,Non,2100235,40,l,Non
2015,35250,Non,2110013,3,l,Non
2015,35250,Non,2110018,0.15,l,Non
2015,35250,Non,2110091,20,l,Non
2015,35250,Non,2110095,25,l,Non
2015,35250,Non,2110102,1.40,l,Non
2015,35250,Non,2110103,0.2,kg,Non
2015,35250,Non,2110105,25,l,Non
2015,35250,Non,2110109,340,l,Non
2015,35250,Non,2110121,6.73,l,Non
2015,35250,Non,2110152,9,l,Non
2015,35250,Non,2110153,50,l,Non
2015,35250,Non,2110162,20,l,Non
2015,35250,Non,2110170,35,l,Non
2015,35250,Non,2110177,160,l,Non
2015,35250,Non,2110178,115,l,Non
2015,35250,Non,2110181,25,l,Non
2015,35250,Non,2110198,20,l,Oui
2015,35250,Non,2110201,55,l,Non
2015,35250,Non,2120034,300,l,Non
2015,35250,Non,2120048,76,l,Non
2015,35250,Non,2120066,100,l,Non
2015,35250,Non,2120070,20,l,Non
2015,35250,Non,2120075,85,l,Non
2015,35250,Non,2120089,9,l,Non
2015,35250,Non,2120117,15,l,Non
2015,35250,Non,2120122,5,l,Non
2015,35250,Non,2120153,10,l,Non
2015,35250,Non,2120154,15,l,Non
2015,35250,Non,2120160,5,l,Non
2015,35250,Non,2120194,1.2,kg,Non
2015,35250,Non,2120205,340,l,Non
2015,35250,Non,2120210,5,l,Non
2015,35250,Non,2130063,15,l,Non
2015,35250,Non,2130068,26,l,Non
2015,35250,Non,2130069,45,l,Non
2015,35250,Non,2130075,290,kg,Non
2015,35250,Non,2130084,72,kg,Non
2015,35250,Non,2130105,128,kg,Non
2015,35250,Non,2130164,110,l,Non
2015,35250,Non,2130243,51,l,Non
2015,35250,Non,2140039,7.72,l,Non
2015,35250,Non,2140148,15,l,Non
2015,35250,Non,2140152,130,l,Non
2015,35250,Non,2140173,355,l,Non
2015,35250,Non,2140220,3.6,l,Non
2015,35250,Non,2140256,5.5,l,Non
2015,35250,Non,6500402,82,l,Non
2015,35250,Non,7100280,10,l,Non
2015,35250,Non,8100291,5,l,Non
2015,35250,Non,8200307,280,l,Non
2015,35250,Non,8300243,290,l,Non
2015,35250,Non,8400096,15,l,Non
2015,35250,Non,8400255,0.1,kg,Non
2015,35250,Non,8400528,47,l,Non
2015,35250,Non,8400574,35,l,Non
2015,35250,Non,8500493,815,l,Non
2015,35250,Non,8600243,10,l,Oui
2015,35250,Non,8600349,0.2,kg,Oui
2015,35250,Non,8700012,75,l,Non
2015,35250,Non,8700449,60,l,Non
2015,35250,Non,8700462,1290,l,Non
2015,35250,Non,8800199,30,l,Non
2015,35250,Non,8800395,5,l,Non
2015,35250,Non,8800488,10,l,Non
2015,35250,Non,8800893,40,l,Non
2015,35250,Non,8900204,10,l,Non
2015,35250,Non,8900669,8,l,Non
2015,35250,Non,8900681,20,l,Non
2015,35250,Non,9000069,5,l,Non
2015,35250,Non,9000184,40,l,Non
2015,35250,Non,9000259,1.08,kg,Non
2015,35250,Non,9000471,5,l,Non
2015,35250,Non,9000741,10,l,Non
2015,35250,Non,9000753,380,kg,Non
2015,35250,Non,9000833,125,l,Non
2015,35250,Non,9100046,13,l,Non
2015,35250,Non,9100155,35,l,Non
2015,35250,Non,9100296,15,l,Non
2015,35250,Non,9100418,315,l,Non
2015,35250,Non,9100645,1,l,Non
2015,35250,Non,9200018,10,l,Non
2015,35250,Non,9200022,5,l,Non
2015,35250,Non,9200078,25,l,Non
2015,35250,Non,9200091,2.24,l,Non
2015,35250,Non,9200135,0.4,kg,Oui
2015,35250,Non,9200392,15,l,Non
2015,35250,Non,9200461,300,l,Non
2015,35250,Non,9200548,16.97,l,Non
2015,35250,Non,9300189,5,l,Oui
2015,35250,Non,9300305,25,l,Non
2015,35250,Non,9300396,80,l,Non
2015,35250,Non,9400039,0.8,l,Oui
2015,35250,Non,9400067,11,kg,Non
2015,35250,Non,9400109,50,kg,Oui
2015,35250,Non,9400134,151,l,Non
2015,35250,Non,9400162,20,l,Non
2015,35250,Non,9400354,40,l,Non
2015,35250,Non,9400367,70,l,Non
2015,35250,Non,9400494,69,l,Non
2015,35250,Non,9500011,5,l,Non
2015,35250,Non,9500135,30,kg,Oui
2015,35250,Non,9500506,290,l,Non
2015,35250,Non,9500541,5,l,Non
2015,35250,Non,9500551,15,l,Non
2015,35250,Non,9500581,140,l,Non
2015,35250,Non,9500642,800,l,Non
2015,35250,Non,9600093,5,l,Non
2015,35250,Non,9600197,0.1,kg,Non
2015,35250,Non,9600201,55,l,Non
2015,35250,Non,9600229,25,l,Non
2015,35250,Non,9600550,10,l,Non
2015,35250,Non,9700332,1,l,Oui
2015,35250,Non,9700358,20,kg,Oui
2015,35250,Non,9700376,5,l,Non
2015,35250,Non,9800280,5,l,Non
2015,35250,Non,9800336,0.25,l,Non
2015,35250,Non,9800343,30,l,Non
2015,35250,Non,9800344,0.50,l,Non
2015,35250,Non,9800365,20,kg,Non
2015,35250,Non,9800477,10,l,Non
2015,35250,Non,9800499,20,l,Non
2015,35250,Non,9900016,195,l,Non
2015,35250,Non,9900047,405,l,Non
2015,35250,Non,9900200,15,l,Oui
2015,35250,Non,9900206,158,l,Non
2015,35250,Non,9900251,334,l,Non
2015,35310,Non,2000003,10,l,Non
2015,35310,Non,2000044,2,l,Non
2015,35310,Non,2000201,310,l,Non
2015,35310,Non,2000208,0.5,l,Non
2015,35310,Non,2000299,10.4,l,Non
2015,35310,Non,2000301,85,l,Non
2015,35310,Non,2000380,5,l,Non
2015,35310,Non,2000502,22,l,Non
2015,35310,Non,2010023,36,l,Non
2015,35310,Non,2010025,15,l,Non
2015,35310,Non,2010030,35,l,Non
2015,35310,Non,2010112,3,kg,Non
2015,35310,Non,2010239,32,l,Non
2015,35310,Non,2010280,140,l,Non
2015,35310,Non,2010289,185,l,Non
2015,35310,Non,2010326,110,l,Non
2015,35310,Non,2010332,4,l,Non
2015,35310,Non,2010351,15.0,kg,Non
2015,35310,Non,2010415,40,l,Non
2015,35310,Non,2010425,1.8,kg,Non
2015,35310,Non,2010427,13,l,Non
2015,35310,Non,2010612,460,l,Oui
2015,35310,Non,2020049,15.6,kg,Non
2015,35310,Non,2020062,5,l,Non
2015,35310,Non,2020099,15,l,Non
2015,35310,Non,2020445,30,l,Non
2015,35310,Non,2020456,30,l,Non
2015,35310,Non,2020474,53,l,Non
2015,35310,Non,2030019,125,l,Non
2015,35310,Non,2030125,0.26,l,Oui
2015,35310,Non,2030323,2000,l,Non
2015,35310,Non,2030332,2,l,Oui
2015,35310,Non,2040146,6.40,l,Non
2015,35310,Non,2040195,6,l,Non
2015,35310,Non,2040199,8,kg,Non
2015,35310,Non,2040310,135,l,Non
2015,35310,Non,2040311,5,l,Non
2015,35310,Non,2040338,19,l,Non
2015,35310,Non,2050046,1,kg,Non
2015,35310,Non,2050075,27.5,kg,Non
2015,35310,Non,2060045,5,kg,Oui
2015,35310,Non,2060084,10,kg,Non
2015,35310,Non,2060088,110,l,Non
2015,35310,Non,2060091,90,l,Non
2015,35310,Non,2060098,2.6,l,Non
2015,35310,Non,2060113,1,l,Non
2015,35310,Non,2060115,10,l,Non
2015,35310,Non,2060116,5,l,Non
2015,35310,Non,2060127,0.33,l,Non
2015,35310,Non,2060131,1,l,Oui
2015,35310,Non,2060133,1,l,Non
2015,35310,Non,2060137,5,l,Non
2015,35310,Non,2060194,576,kg,Non
2015,35310,Non,2080026,393,l,Non
2015,35310,Non,2080094,10.0,kg,Non
2015,35310,Non,2080101,2,kg,Non
2015,35310,Non,2080107,45,l,Non
2015,35310,Non,2080112,9.29,l,Non
2015,35310,Non,2080117,14.10,kg,Non
2015,35310,Non,2080123,9.18,kg,Non
2015,35310,Non,2080124,0.2,kg,Non
2015,35310,Non,2080145,175,l,Non
2015,35310,Non,2090008,0.49,l,Non
2015,35310,Non,2090009,45,l,Non
2015,35310,Non,2090016,70,l,Non
2015,35310,Non,2090018,50,l,Non
2015,35310,Non,2090024,120,l,Non
2015,35310,Non,2090028,5,l,Non
2015,35310,Non,2090037,58.6,kg,Non
2015,35310,Non,2090038,130,l,Non
2015,35310,Non,2090041,9.5,kg,Non
2015,35310,Non,2090042,8.50,kg,Non
2015,35310,Non,2090043,20,l,Non
2015,35310,Non,2090050,408,kg,Non
2015,35310,Non,2090053,20,l,Non
2015,35310,Non,2090057,5.10,kg,Non
2015,35310,Non,2090060,20,l,Non
2015,35310,Non,2090068,40,l,Non
2015,35310,Non,2090092,303,l,Non
2015,35310,Non,2090101,35,l,Non
2015,35310,Non,2090113,120,l,Non
2015,35310,Non,2090115,20,l,Non
2015,35310,Non,2090117,10,l,Non
2015,35310,Non,2090118,50,l,Non
2015,35310,Non,2090153,6,kg,Non
2015,35310,Non,2090159,19.60,kg,Non
2015,35310,Non,2090160,260,l,Non
2015,35310,Non,2090171,45,l,Non
2015,35310,Non,2090173,85,l,Non
2015,35310,Non,2090176,20,l,Oui
2015,35310,Non,2090186,200,l,Non
2015,35310,Non,2100009,0.18,kg,Non
2015,35310,Non,2100015,0.09,kg,Non
2015,35310,Non,2100016,0.25,kg,Non
2015,35310,Non,2100018,100,l,Non
2015,35310,Non,2100026,16,l,Non
2015,35310,Non,2100030,300,kg,Non
2015,35310,Non,2100037,10,l,Non
2015,35310,Non,2100040,60,l,Non
2015,35310,Non,2100052,5,l,Non
2015,35310,Non,2100053,25,l,Non
2015,35310,Non,2100056,105,l,Non
2015,35310,Non,2100057,95,l,Non
2015,35310,Non,2100069,3.5,kg,Non
2015,35310,Non,2100071,220,l,Non
2015,35310,Non,2100098,10,l,Non
2015,35310,Non,2100108,170,l,Non
2015,35310,Non,2100111,400,l,Non
2015,35310,Non,2100112,140,l,Non
2015,35310,Non,2100138,230,l,Non
2015,35310,Non,2100140,270,l,Non
2015,35310,Non,2100154,15,l,Non
2015,35310,Non,2100179,50,l,Non
2015,35310,Non,2100184,7,kg,Non
2015,35310,Non,2100211,65,l,Non
2015,35310,Non,2100214,5,l,Non
2015,35310,Non,2100215,30,l,Non
2015,35310,Non,2100234,35,l,Non
2015,35310,Non,2100235,75,l,Non
2015,35310,Non,2110012,1,l,Non
2015,35310,Non,2110013,5,l,Non
2015,35310,Non,2110063,0.15,kg,Non
2015,35310,Non,2110068,25,l,Non
2015,35310,Non,2110086,4,l,Non
2015,35310,Non,2110090,115,l,Non
2015,35310,Non,2110095,165,l,Non
2015,35310,Non,2110096,10,l,Non
2015,35310,Non,2110102,9.62,l,Non
2015,35310,Non,2110105,15,l,Non
2015,35310,Non,2110109,350,l,Non
2015,35310,Non,2110115,10,l,Non
2015,35310,Non,2110121,21.69,l,Non
2015,35310,Non,2110143,1,l,Non
2015,35310,Non,2110152,1,l,Non
2015,35310,Non,2110153,10,l,Non
2015,35310,Non,2110162,15,l,Non
2015,35310,Non,2110164,20,l,Non
2015,35310,Non,2110170,60,l,Non
2015,35310,Non,2110175,0.05,kg,Non
2015,35310,Non,2110177,200,l,Non
2015,35310,Non,2110178,125,l,Non
2015,35310,Non,2110198,120,l,Oui
2015,35310,Non,2110200,5,l,Non
2015,35310,Non,2110201,50,l,Non
2015,35310,Non,2120018,0.8,l,Oui
2015,35310,Non,2120034,540,l,Non
2015,35310,Non,2120041,10.72,l,Non
2015,35310,Non,2120048,74,l,Non
2015,35310,Non,2120066,10,l,Non
2015,35310,Non,2120070,45,l,Non
2015,35310,Non,2120075,115,l,Non
2015,35310,Non,2120093,30,l,Non
2015,35310,Non,2120108,5,kg,Non
2015,35310,Non,2120120,10,l,Non
2015,35310,Non,2120122,5,l,Non
2015,35310,Non,2120154,10,l,Non
2015,35310,Non,2120194,2.0,kg,Non
2015,35310,Non,2120205,940,l,Non
2015,35310,Non,2120210,35,l,Non
2015,35310,Non,2130013,3,l,Non
2015,35310,Non,2130063,90,l,Non
2015,35310,Non,2130068,34,l,Non
2015,35310,Non,2130075,340,kg,Non
2015,35310,Non,2130083,10,l,Non
2015,35310,Non,2130084,132,kg,Non
2015,35310,Non,2130087,180,kg,Non
2015,35310,Non,2130091,1,l,Non
2015,35310,Non,2130092,1,l,Non
2015,35310,Non,2130105,208,kg,Non
2015,35310,Non,2130120,20,l,Non
2015,35310,Non,2130155,15,l,Non
2015,35310,Non,2130164,40,l,Non
2015,35310,Non,2130202,30,l,Non
2015,35310,Non,2130243,5,l,Non
2015,35310,Non,2130261,130,kg,Non
2015,35310,Non,2140039,721.59,l,Non
2015,35310,Non,2140078,1,l,Non
2015,35310,Non,2140082,5,l,Non
2015,35310,Non,2140108,5,l,Non
2015,35310,Non,2140152,50,l,Non
2015,35310,Non,2140173,205,l,Non
2015,35310,Non,2140256,5.5,l,Non
2015,35310,Non,2140266,60,l,Non
2015,35310,Non,5100219,175,kg,Non
2015,35310,Non,6400401,2,kg,Non
2015,35310,Non,6500402,60,l,Non
2015,35310,Non,6800258,10,kg,Non
2015,35310,Non,7300221,20,l,Non
2015,35310,Non,7400815,50,l,Non
2015,35310,Non,7500071,25,kg,Non
2015,35310,Non,7600557,5,l,Non
2015,35310,Non,7800790,10,l,Non
2015,35310,Non,8000144,5,kg,Non
2015,35310,Non,8100283,15,l,Non
2015,35310,Non,8100345,0.06,kg,Non
2015,35310,Non,8200307,450,l,Non
2015,35310,Non,8200538,15,l,Non
2015,35310,Non,8300243,255,l,Non
2015,35310,Non,8400096,17,l,Non
2015,35310,Non,8400528,37,l,Non
2015,35310,Non,8400574,80,l,Non
2015,35310,Non,8500174,2,l,Non
2015,35310,Non,8500194,5,l,Non
2015,35310,Non,8500493,491.5,l,Non
2015,35310,Non,8600243,70,l,Oui
2015,35310,Non,8700002,90,l,Non
2015,35310,Non,8700012,120,l,Non
2015,35310,Non,8700240,80,l,Non
2015,35310,Non,8700449,60,l,Non
2015,35310,Non,8700462,440,l,Non
2015,35310,Non,8800011,14,l,Non
2015,35310,Non,8800029,10,l,Non
2015,35310,Non,8800161,15,l,Non
2015,35310,Non,8800199,7,l,Non
2015,35310,Non,8800395,105,l,Non
2015,35310,Non,8800488,250,l,Non
2015,35310,Non,8800827,95,l,Non
2015,35310,Non,8900153,70,l,Non
2015,35310,Non,8900564,18,l,Non
2015,35310,Non,8900681,15,l,Non
2015,35310,Non,9000163,0.6,kg,Non
2015,35310,Non,9000184,15,l,Non
2015,35310,Non,9000259,1.08,kg,Non
2015,35310,Non,9000471,5,l,Non
2015,35310,Non,9000490,35,l,Non
2015,35310,Non,9000753,300,kg,Non
2015,35310,Non,9000833,35,l,Non
2015,35310,Non,9100034,20,l,Non
2015,35310,Non,9100046,28,l,Non
2015,35310,Non,9100065,10,l,Non
2015,35310,Non,9100155,10,l,Non
2015,35310,Non,9100418,140,l,Non
2015,35310,Non,9100624,145,l,Non
2015,35310,Non,9100645,3,l,Non
2015,35310,Non,9200018,2,l,Non
2015,35310,Non,9200078,5,l,Non
2015,35310,Non,9200091,0.65,l,Non
2015,35310,Non,9200159,1,l,Non
2015,35310,Non,9200262,0.01,l,Non
2015,35310,Non,9200383,5,kg,Non
2015,35310,Non,9200461,100,l,Non
2015,35310,Non,9200482,3,kg,Oui
2015,35310,Non,9200494,76.8,l,Non
2015,35310,Non,9200548,2.43,l,Non
2015,35310,Non,9300305,45,l,Non
2015,35310,Non,9300309,23,l,Non
2015,35310,Non,9300396,80,l,Non
2015,35310,Non,9400008,1.00,l,Non
2015,35310,Non,9400052,20,l,Non
2015,35310,Non,9400067,24,kg,Non
2015,35310,Non,9400109,325,kg,Oui
2015,35310,Non,9400134,63,l,Non
2015,35310,Non,9400162,200,l,Non
2015,35310,Non,9400212,15,l,Non
2015,35310,Non,9400354,20,l,Non
2015,35310,Non,9400494,44,l,Non
2015,35310,Non,9400495,5,l,Oui
2015,35310,Non,9400525,20,l,Non
2015,35310,Non,9500011,50,l,Non
2015,35310,Non,9500106,10,l,Non
2015,35310,Non,9500159,65,l,Oui
2015,35310,Non,9500551,50,l,Non
2015,35310,Non,9500581,90,l,Non
2015,35310,Non,9500642,20,l,Non
2015,35310,Non,9600056,0.09,kg,Non
2015,35310,Non,9600197,4.9,kg,Non
2015,35310,Non,9600273,20,l,Non
2015,35310,Non,9600319,5,l,Oui
2015,35310,Non,9600370,5,l,Non
2015,35310,Non,9600386,0.8,kg,Oui
2015,35310,Non,9600538,5,l,Non
2015,35310,Non,9600550,20,l,Non
2015,35310,Non,9700027,1.0,kg,Non
2015,35310,Non,9700173,10,l,Non
2015,35310,Non,9700277,10,l,Non
2015,35310,Non,9700332,1.08,l,Oui
2015,35310,Non,9700392,16,kg,Non
2015,35310,Non,9700446,12,l,Non
2015,35310,Non,9800018,165,l,Non
2015,35310,Non,9800098,6,kg,Non
2015,35310,Non,9800182,5,l,Non
2015,35310,Non,9800219,30,l,Non
2015,35310,Non,9800277,5.25,l,Non
2015,35310,Non,9800280,7,l,Non
2015,35310,Non,9800294,360,l,Non
2015,35310,Non,9800327,10,l,Non
2015,35310,Non,9800336,3.75,l,Non
2015,35310,Non,9800343,20,l,Non
2015,35310,Non,9800344,2.48,l,Non
2015,35310,Non,9800365,20,kg,Non
2015,35310,Non,9800453,105,l,Non
2015,35310,Non,9800458,10,l,Non
2015,35310,Non,9800477,10,l,Non
2015,35310,Non,9800496,4,l,Non
2015,35310,Non,9900016,200,l,Non
2015,35310,Non,9900047,500,l,Non
2015,35310,Non,9900078,30,l,Non
2015,35310,Non,9900200,5,l,Oui
2015,35310,Non,9900201,19,l,Non
2015,35310,Non,9900206,48,l,Non
2015,35310,Non,9900251,50,l,Non
2015,35310,Non,9900269,280,l,Non
2015,35310,Non,9900411,10,l,Non
2015,35310,Non,9900412,20,l,Non
2015,35410,Non,2000018,380,kg,Non
2015,35410,Non,2000044,5,l,Non
2015,35410,Non,2000201,2.75,l,Non
2015,35410,Non,2000299,34.6,l,Non
2015,35410,Non,2000301,35,l,Non
2015,35410,Non,2000502,1,l,Non
2015,35410,Non,2010019,5,l,Non
2015,35410,Non,2010023,64,l,Non
2015,35410,Non,2010025,25,l,Non
2015,35410,Non,2010239,38,l,Non
2015,35410,Non,2010240,15,l,Non
2015,35410,Non,2010280,90,l,Non
2015,35410,Non,2010351,3.0,kg,Non
2015,35410,Non,2020003,5,kg,Oui
2015,35410,Non,2020021,18,l,Non
2015,35410,Non,2020049,4.2,kg,Non
2015,35410,Non,2020099,67.8,l,Non
2015,35410,Non,2020224,17.4,kg,Non
2015,35410,Non,2020234,100,kg,Non
2015,35410,Non,2030056,100,kg,Non
2015,35410,Non,2030323,53.68,l,Non
2015,35410,Non,2030460,200,kg,Oui
2015,35410,Non,2040109,5.25,kg,Non
2015,35410,Non,2040146,0.23,l,Non
2015,35410,Non,2040199,2,kg,Non
2015,35410,Non,2040310,20,l,Non
2015,35410,Non,2040338,5,l,Non
2015,35410,Non,2050046,1,kg,Non
2015,35410,Non,2050075,27.5,kg,Non
2015,35410,Non,2060002,15,l,Non
2015,35410,Non,2060045,60,kg,Oui
2015,35410,Non,2060051,5,l,Non
2015,35410,Non,2060063,2,kg,Non
2015,35410,Non,2060088,325,l,Non
2015,35410,Non,2060091,100,l,Non
2015,35410,Non,2060114,4,l,Non
2015,35410,Non,2060115,35,l,Non
2015,35410,Non,2060127,0.09,l,Non
2015,35410,Non,2060131,19,l,Oui
2015,35410,Non,2060133,12,l,Non
2015,35410,Non,2060134,130,kg,Non
2015,35410,Non,2060137,15,l,Non
2015,35410,Non,2060175,245,kg,Oui
2015,35410,Non,2060194,120,kg,Non
2015,35410,Non,2070107,1,l,Non
2015,35410,Non,2070184,80,l,Non
2015,35410,Non,2070221,150.8,l,Non
2015,35410,Non,2080010,430,l,Oui
2015,35410,Non,2080026,145,l,Non
2015,35410,Non,2080060,1,l,Non
2015,35410,Non,2080070,5,kg,Non
2015,35410,Non,2080094,10.7,kg,Non
2015,35410,Non,2080103,25,l,Non
2015,35410,Non,2080112,73.43,l,Non
2015,35410,Non,2080117,10.64,kg,Non
2015,35410,Non,2080123,0.2,kg,Non
2015,35410,Non,2080124,0.54,kg,Non
2015,35410,Non,2080136,86,kg,Non
2015,35410,Non,2080145,79,l,Non
2015,35410,Non,2090008,0.21,l,Non
2015,35410,Non,2090011,10,l,Non
2015,35410,Non,2090016,80,l,Non
2015,35410,Non,2090018,5,l,Non
2015,35410,Non,2090024,20,l,Non
2015,35410,Non,2090037,23.0,kg,Non
2015,35410,Non,2090038,90,l,Non
2015,35410,Non,2090041,5.0,kg,Non
2015,35410,Non,2090042,3.3,kg,Non
2015,35410,Non,2090050,72,kg,Non
2015,35410,Non,2090053,55,l,Non
2015,35410,Non,2090054,2.9,kg,Non
2015,35410,Non,2090057,1.65,kg,Non
2015,35410,Non,2090068,15,l,Non
2015,35410,Non,2090069,10,l,Non
2015,35410,Non,2090092,344,l,Non
2015,35410,Non,2090094,20,kg,Non
2015,35410,Non,2090113,120,l,Non
2015,35410,Non,2090115,100,l,Non
2015,35410,Non,2090159,11.74,kg,Non
2015,35410,Non,2090160,200,l,Non
2015,35410,Non,2090173,25,l,Non
2015,35410,Non,2090186,296,l,Non
2015,35410,Non,2100009,1.26,kg,Non
2015,35410,Non,2100015,0.45,kg,Non
2015,35410,Non,2100018,15,l,Non
2015,35410,Non,2100028,5,l,Non
2015,35410,Non,2100056,65,l,Non
2015,35410,Non,2100057,280,l,Non
2015,35410,Non,2100069,1.5,kg,Non
2015,35410,Non,2100071,80,l,Non
2015,35410,Non,2100098,10,l,Non
2015,35410,Non,2100108,35,l,Non
2015,35410,Non,2100111,76,l,Non
2015,35410,Non,2100112,20,l,Non
2015,35410,Non,2100121,6,l,Non
2015,35410,Non,2100138,110,l,Non
2015,35410,Non,2100140,90,l,Non
2015,35410,Non,2100154,15,l,Non
2015,35410,Non,2100211,25,l,Non
2015,35410,Non,2100215,10,l,Non
2015,35410,Non,2100231,80,kg,Non
2015,35410,Non,2100234,310,l,Non
2015,35410,Non,2110012,6,l,Non
2015,35410,Non,2110086,15,l,Non
2015,35410,Non,2110090,15,l,Non
2015,35410,Non,2110095,10,l,Non
2015,35410,Non,2110102,1.85,l,Non
2015,35410,Non,2110103,0.1,kg,Non
2015,35410,Non,2110109,20,l,Non
2015,35410,Non,2110121,100.91,l,Non
2015,35410,Non,2110143,2,l,Non
2015,35410,Non,2110144,14.4,l,Non
2015,35410,Non,2110147,30,kg,Non
2015,35410,Non,2110152,3,l,Non
2015,35410,Non,2110153,35,l,Non
2015,35410,Non,2110163,5,l,Non
2015,35410,Non,2110170,60,l,Non
2015,35410,Non,2110177,260,l,Non
2015,35410,Non,2110178,26,l,Non
2015,35410,Non,2110181,344,l,Non
2015,35410,Non,2110194,20,l,Non
2015,35410,Non,2110198,100,l,Oui
2015,35410,Non,2110200,15,l,Non
2015,35410,Non,2120034,360,l,Non
2015,35410,Non,2120048,37,l,Non
2015,35410,Non,2120066,50,l,Non
2015,35410,Non,2120070,115,l,Non
2015,35410,Non,2120075,40,l,Non
2015,35410,Non,2120076,12,l,Non
2015,35410,Non,2120120,38,l,Non
2015,35410,Non,2120160,35,l,Non
2015,35410,Non,2120194,0.6,kg,Non
2015,35410,Non,2120205,210,l,Non
2015,35410,Non,2120210,25,l,Non
2015,35410,Non,2130063,10,l,Non
2015,35410,Non,2130067,40,l,Non
2015,35410,Non,2130068,45.8,l,Non
2015,35410,Non,2130075,40,kg,Non
2015,35410,Non,2130083,12,l,Non
2015,35410,Non,2130084,25,kg,Non
2015,35410,Non,2130092,3,l,Non
2015,35410,Non,2130132,15,l,Non
2015,35410,Non,2130140,100,l,Non
2015,35410,Non,2130155,25,l,Non
2015,35410,Non,2130164,207,l,Non
2015,35410,Non,2130202,20,l,Non
2015,35410,Non,2130247,15,l,Non
2015,35410,Non,2130253,45,l,Non
2015,35410,Non,2130266,18,l,Non
2015,35410,Non,2140039,9.34,l,Non
2015,35410,Non,2140070,40,l,Non
2015,35410,Non,2140078,6.00,l,Non
2015,35410,Non,2140160,84,l,Non
2015,35410,Non,2140173,60,l,Non
2015,35410,Non,2140199,3,kg,Non
2015,35410,Non,2140256,2,l,Non
2015,35410,Non,2140266,10,l,Non
2015,35410,Non,2150002,5,kg,Non
2015,35410,Non,2150125,17.28,l,Non
2015,35410,Non,5100219,275,kg,Non
2015,35410,Non,6000067,200,l,Non
2015,35410,Non,6500402,160,l,Non
2015,35410,Non,7300221,210,l,Non
2015,35410,Non,7400755,10,kg,Non
2015,35410,Non,7500071,100,kg,Non
2015,35410,Non,7500716,280,kg,Non
2015,35410,Non,7600008,12,l,Non
2015,35410,Non,7700078,5,l,Non
2015,35410,Non,8200216,132.4,l,Non
2015,35410,Non,8200307,320,l,Non
2015,35410,Non,8300243,30,l,Non
2015,35410,Non,8400096,12,l,Non
2015,35410,Non,8400255,1.7,kg,Non
2015,35410,Non,8400477,1.8,kg,Non
2015,35410,Non,8400528,21,l,Non
2015,35410,Non,8400574,145,l,Non
2015,35410,Non,8500493,50,l,Non
2015,35410,Non,8600243,70,l,Oui
2015,35410,Non,8600395,0.2,kg,Oui
2015,35410,Non,8700012,110,l,Non
2015,35410,Non,8700462,428,l,Non
2015,35410,Non,8800142,20,l,Non
2015,35410,Non,8800199,15,l,Non
2015,35410,Non,8800395,100,l,Non
2015,35410,Non,8800488,20,l,Non
2015,35410,Non,8800504,0.5,l,Non
2015,35410,Non,8800827,105,l,Non
2015,35410,Non,8800893,5,l,Non
2015,35410,Non,8800939,50,l,Non
2015,35410,Non,8800941,300,kg,Non
2015,35410,Non,8900153,78,l,Non
2015,35410,Non,8900564,6,l,Non
2015,35410,Non,9000184,40,l,Non
2015,35410,Non,9000259,1.20,kg,Non
2015,35410,Non,9000471,10,l,Non
2015,35410,Non,9000490,50,l,Non
2015,35410,Non,9000833,25,l,Non
2015,35410,Non,9100046,32,l,Non
2015,35410,Non,9100065,20,l,Non
2015,35410,Non,9100155,25,l,Non
2015,35410,Non,9100296,20,l,Non
2015,35410,Non,9100418,129,l,Non
2015,35410,Non,9100505,30,l,Non
2015,35410,Non,9100645,5,l,Non
2015,35410,Non,9200073,0.5,kg,Non
2015,35410,Non,9200091,96.95,l,Non
2015,35410,Non,9200135,0.6,kg,Oui
2015,35410,Non,9200155,21,l,Non
2015,35410,Non,9200262,3,l,Non
2015,35410,Non,9200383,1,kg,Non
2015,35410,Non,9200392,5,l,Non
2015,35410,Non,9200461,210,l,Non
2015,35410,Non,9200482,3,kg,Oui
2015,35410,Non,9200493,13,kg,Non
2015,35410,Non,9300108,60,kg,Non
2015,35410,Non,9300189,3,l,Oui
2015,35410,Non,9300309,11,l,Non
2015,35410,Non,9300396,150,l,Non
2015,35410,Non,9300557,5,l,Non
2015,35410,Non,9400067,34,kg,Non
2015,35410,Non,9400134,31.6,l,Non
2015,35410,Non,9400162,200,l,Non
2015,35410,Non,9400235,1,l,Oui
2015,35410,Non,9400354,40,l,Non
2015,35410,Non,9400367,668,l,Non
2015,35410,Non,9400494,12,l,Non
2015,35410,Non,9400495,5,l,Oui
2015,35410,Non,9500135,10,kg,Oui
2015,35410,Non,9500223,15,l,Non
2015,35410,Non,9500234,1,l,Non
2015,35410,Non,9500467,1.6,kg,Non
2015,35410,Non,9500551,220,l,Non
2015,35410,Non,9500568,10,kg,Non
2015,35410,Non,9500628,6.5,kg,Non
2015,35410,Non,9600093,35,l,Non
2015,35410,Non,9600197,6.6,kg,Non
2015,35410,Non,9600319,5,l,Oui
2015,35410,Non,9600370,15,l,Non
2015,35410,Non,9600392,20,l,Non
2015,35410,Non,9600395,4,kg,Non
2015,35410,Non,9700332,2,l,Oui
2015,35410,Non,9700376,5,l,Non
2015,35410,Non,9800018,45,l,Non
2015,35410,Non,9800076,35,l,Oui
2015,35410,Non,9800098,4,kg,Non
2015,35410,Non,9800100,60,l,Non
2015,35410,Non,9800106,1,kg,Non
2015,35410,Non,9800144,2,kg,Non
2015,35410,Non,9800182,55,l,Non
2015,35410,Non,9800212,25,kg,Non
2015,35410,Non,9800219,10,l,Non
2015,35410,Non,9800277,0.75,l,Non
2015,35410,Non,9800294,340,l,Non
2015,35410,Non,9800330,2,kg,Non
2015,35410,Non,9800336,22.25,l,Non
2015,35410,Non,9800344,21.43,l,Non
2015,35410,Non,9800392,90,l,Non
2015,35410,Non,9800499,25,l,Non
2015,35410,Non,9900016,5,l,Non
2015,35410,Non,9900047,286,l,Non
2015,35410,Non,9900189,48,kg,Non
2015,35410,Non,9900201,25,l,Non
2015,35410,Non,9900206,42,l,Non
2015,35410,Non,9900242,140,kg,Non
2015,35410,Non,9900251,86,l,Non
2015,35410,Non,9900263,160,l,Non
2015,35410,Non,9900331,2,l,Non
2015,35410,Non,9900446,7.88,kg,Non
2015,35510,Non,2000299,6,l,Non
2015,35510,Non,2000502,2,l,Non
2015,35510,Non,2010023,4,l,Non
2015,35510,Non,2010239,52,l,Non
2015,35510,Non,2010280,120,l,Non
2015,35510,Non,2010289,20,l,Non
2015,35510,Non,2010351,5.4,kg,Non
2015,35510,Non,2010415,20,l,Non
2015,35510,Non,2010425,0.1,kg,Non
2015,35510,Non,2010612,60,l,Oui
2015,35510,Non,2020049,3.0,kg,Non
2015,35510,Non,2020224,2.4,kg,Non
2015,35510,Non,2020234,60,kg,Non
2015,35510,Non,2030056,50,kg,Non
2015,35510,Non,2030068,20,l,Non
2015,35510,Non,2030273,0.05,l,Oui
2015,35510,Non,2030323,5.25,l,Non
2015,35510,Non,2040141,5,l,Non
2015,35510,Non,2040146,0.1,l,Non
2015,35510,Non,2040310,5,l,Non
2015,35510,Non,2050146,0.25,l,Oui
2015,35510,Non,2060045,15,kg,Oui
2015,35510,Non,2060051,5,l,Non
2015,35510,Non,2060084,14,kg,Non
2015,35510,Non,2060088,160,l,Non
2015,35510,Non,2060115,5,l,Non
2015,35510,Non,2060131,15,l,Oui
2015,35510,Non,2060175,90,kg,Oui
2015,35510,Non,2060194,60,kg,Non
2015,35510,Non,2070107,1,l,Non
2015,35510,Non,2070221,24,l,Non
2015,35510,Non,2080026,17,l,Non
2015,35510,Non,2080101,5,kg,Non
2015,35510,Non,2080112,0.65,l,Non
2015,35510,Non,2080117,2.40,kg,Non
2015,35510,Non,2080123,1.3,kg,Non
2015,35510,Non,2080136,10,kg,Non
2015,35510,Non,2080145,30,l,Non
2015,35510,Non,2090008,0.08,l,Non
2015,35510,Non,2090016,50,l,Non
2015,35510,Non,2090024,10,l,Non
2015,35510,Non,2090037,9.6,kg,Non
2015,35510,Non,2090042,6,kg,Non
2015,35510,Non,2090054,0.38,kg,Non
2015,35510,Non,2090057,0.45,kg,Non
2015,35510,Non,2090092,60,l,Non
2015,35510,Non,2090115,20,l,Non
2015,35510,Non,2090160,40,l,Non
2015,35510,Non,2090173,5,l,Non
2015,35510,Non,2090186,105,l,Non
2015,35510,Non,2100009,0.36,kg,Non
2015,35510,Non,2100015,0.45,kg,Non
2015,35510,Non,2100026,1,l,Non
2015,35510,Non,2100030,140,kg,Non
2015,35510,Non,2100053,5,l,Non
2015,35510,Non,2100056,55,l,Non
2015,35510,Non,2100057,40,l,Non
2015,35510,Non,2100067,1,kg,Non
2015,35510,Non,2100071,80,l,Non
2015,35510,Non,2100098,10,l,Non
2015,35510,Non,2100108,70,l,Non
2015,35510,Non,2100111,45,l,Non
2015,35510,Non,2100112,10,l,Non
2015,35510,Non,2100114,2,kg,Non
2015,35510,Non,2100138,50,l,Non
2015,35510,Non,2100140,65,l,Non
2015,35510,Non,2100179,30,l,Non
2015,35510,Non,2100184,5,kg,Non
2015,35510,Non,2100234,83,l,Non
2015,35510,Non,2100235,5,l,Non
2015,35510,Non,2110063,0.6,kg,Non
2015,35510,Non,2110102,2.95,l,Non
2015,35510,Non,2110121,0.25,l,Non
2015,35510,Non,2110153,5,l,Non
2015,35510,Non,2110177,40,l,Non
2015,35510,Non,2110178,20,l,Non
2015,35510,Non,2110200,1,l,Non
2015,35510,Non,2110201,5,l,Non
2015,35510,Non,2120034,120,l,Non
2015,35510,Non,2120048,16,l,Non
2015,35510,Non,2120066,30,l,Non
2015,35510,Non,2120070,20,l,Non
2015,35510,Non,2120075,5,l,Non
2015,35510,Non,2120133,0.09,l,Oui
2015,35510,Non,2120157,1,l,Oui
2015,35510,Non,2120159,0.09,l,Non
2015,35510,Non,2120160,5,l,Non
2015,35510,Non,2120194,0.8,kg,Non
2015,35510,Non,2120205,140,l,Non
2015,35510,Non,2130063,5,l,Non
2015,35510,Non,2130068,7,l,Non
2015,35510,Non,2130069,5,l,Non
2015,35510,Non,2130075,40,kg,Non
2015,35510,Non,2130083,1,l,Non
2015,35510,Non,2130084,36,kg,Non
2015,35510,Non,2130087,60,kg,Non
2015,35510,Non,2130120,20,l,Non
2015,35510,Non,2130140,49,l,Non
2015,35510,Non,2130155,5,l,Non
2015,35510,Non,2130164,20,l,Non
2015,35510,Non,2130202,20,l,Non
2015,35510,Non,2140078,0.13,l,Non
2015,35510,Non,2140256,1.5,l,Non
2015,35510,Non,2140266,30,l,Non
2015,35510,Non,5100219,125,kg,Non
2015,35510,Non,6500402,20,l,Non
2015,35510,Non,7300221,10,l,Non
2015,35510,Non,7400815,10,l,Non
2015,35510,Non,7500540,1.6,kg,Oui
2015,35510,Non,7500569,1,kg,Non
2015,35510,Non,7500716,40,kg,Non
2015,35510,Non,7800132,10,l,Non
2015,35510,Non,8200307,110,l,Non
2015,35510,Non,8300243,30,l,Non
2015,35510,Non,8300429,2,l,Non
2015,35510,Non,8400096,2,l,Non
2015,35510,Non,8400574,15,l,Non
2015,35510,Non,8500174,0.25,l,Non
2015,35510,Non,8500493,75,l,Non
2015,35510,Non,8700462,20,l,Non
2015,35510,Non,8700687,5,l,Non
2015,35510,Non,8800011,10,l,Non
2015,35510,Non,8800199,3,l,Non
2015,35510,Non,8800488,15,l,Non
2015,35510,Non,8800827,40,l,Non
2015,35510,Non,8800841,10,l,Oui
2015,35510,Non,8800893,25,l,Non
2015,35510,Non,8800941,40,kg,Non
2015,35510,Non,8900153,60,l,Non
2015,35510,Non,8900564,1,l,Non
2015,35510,Non,8900669,10,l,Non
2015,35510,Non,9000144,10,l,Non
2015,35510,Non,9000259,0.34,kg,Non
2015,35510,Non,9000490,5,l,Non
2015,35510,Non,9000741,15,l,Non
2015,35510,Non,9000833,5,l,Non
2015,35510,Non,9100046,29,l,Non
2015,35510,Non,9100296,15,l,Non
2015,35510,Non,9100418,55,l,Non
2015,35510,Non,9200313,2,l,Non
2015,35510,Non,9200383,1,kg,Non
2015,35510,Non,9200461,30,l,Non
2015,35510,Non,9200493,3,kg,Non
2015,35510,Non,9200548,0.6,l,Non
2015,35510,Non,9300194,10,l,Non
2015,35510,Non,9300270,0.3,l,Non
2015,35510,Non,9300305,5,l,Non
2015,35510,Non,9300309,5,l,Non
2015,35510,Non,9400067,4,kg,Non
2015,35510,Non,9400134,25,l,Non
2015,35510,Non,9400162,160,l,Non
2015,35510,Non,9400354,40,l,Non
2015,35510,Non,9400367,30,l,Non
2015,35510,Non,9500040,10,l,Non
2015,35510,Non,9500159,5,l,Oui
2015,35510,Non,9500551,5,l,Non
2015,35510,Non,9600093,5,l,Non
2015,35510,Non,9600196,0.3,kg,Non
2015,35510,Non,9600197,2.0,kg,Non
2015,35510,Non,9600201,20,l,Non
2015,35510,Non,9600370,5,l,Non
2015,35510,Non,9600550,5,l,Non
2015,35510,Non,9700277,10,l,Non
2015,35510,Non,9700420,5,l,Non
2015,35510,Non,9700554,20,l,Non
2015,35510,Non,9800018,85,l,Non
2015,35510,Non,9800100,10,l,Non
2015,35510,Non,9800277,3.50,l,Non
2015,35510,Non,9800289,1,l,Non
2015,35510,Non,9800336,5,l,Non
2015,35510,Non,9800344,0.19,l,Non
2015,35510,Non,9900016,55,l,Non
2015,35510,Non,9900047,65,l,Non
2015,35510,Non,9900206,5,l,Non
2015,35510,Non,9900269,160,l,Non
2015,35510,Non,9900412,15,l,Non
2015,35510,Non,9900414,0.1,kg,Non
2015,35510,Non,9900446,0.08,kg,Non
2015,35520,Non,2000018,20,kg,Non
2015,35520,Non,2000044,4,l,Non
2015,35520,Non,2000201,4.18,l,Non
2015,35520,Non,2000202,10,l,Non
2015,35520,Non,2000299,14,l,Non
2015,35520,Non,2000391,6,l,Non
2015,35520,Non,2000502,2,l,Non
2015,35520,Non,2010019,5,l,Non
2015,35520,Non,2010023,29,l,Non
2015,35520,Non,2010030,5,l,Non
2015,35520,Non,2010132,2,kg,Non
2015,35520,Non,2010239,20,l,Non
2015,35520,Non,2010280,342,l,Non
2015,35520,Non,2010282,20,l,Non
2015,35520,Non,2010326,10,l,Non
2015,35520,Non,2010351,22.8,kg,Non
2015,35520,Non,2010415,80,l,Non
2015,35520,Non,2010425,0.9,kg,Non
2015,35520,Non,2010439,72,l,Oui
2015,35520,Non,2010499,10,l,Non
2015,35520,Non,2010513,6,kg,Non
2015,35520,Non,2010612,240,l,Oui
2015,35520,Non,2020003,35,kg,Oui
2015,35520,Non,2020021,5,l,Non
2015,35520,Non,2020049,5.4,kg,Non
2015,35520,Non,2020099,4,l,Non
2015,35520,Non,2020234,20,kg,Non
2015,35520,Non,2020348,10,l,Non
2015,35520,Non,2030323,1.47,l,Non
2015,35520,Non,2030332,5,l,Oui
2015,35520,Non,2040146,0.19,l,Non
2015,35520,Non,2040195,9,l,Non
2015,35520,Non,2040201,5,l,Non
2015,35520,Non,2040310,20,l,Non
2015,35520,Non,2050033,4,kg,Non
2015,35520,Non,2050075,10.0,kg,Non
2015,35520,Non,2050146,2.25,l,Oui
2015,35520,Non,2060045,20,kg,Oui
2015,35520,Non,2060050,22,l,Non
2015,35520,Non,2060084,11,kg,Non
2015,35520,Non,2060088,375,l,Non
2015,35520,Non,2060091,40,l,Non
2015,35520,Non,2060098,0.5,l,Non
2015,35520,Non,2060113,2,l,Non
2015,35520,Non,2060116,11,l,Non
2015,35520,Non,2060131,1.5,l,Oui
2015,35520,Non,2060133,1,l,Non
2015,35520,Non,2060175,0.8,kg,Oui
2015,35520,Non,2060194,1061,kg,Non
2015,35520,Non,2070107,5,l,Non
2015,35520,Non,2070221,18,l,Non
2015,35520,Non,2080026,109,l,Non
2015,35520,Non,2080060,2,l,Non
2015,35520,Non,2080092,40,l,Non
2015,35520,Non,2080094,6.5,kg,Non
2015,35520,Non,2080101,5,kg,Non
2015,35520,Non,2080103,15,l,Non
2015,35520,Non,2080105,35,l,Non
2015,35520,Non,2080107,15,l,Non
2015,35520,Non,2080112,3.89,l,Non
2015,35520,Non,2080117,14.25,kg,Non
2015,35520,Non,2080123,7.8,kg,Non
2015,35520,Non,2080136,14,kg,Non
2015,35520,Non,2080145,70,l,Non
2015,35520,Non,2090001,2,l,Non
2015,35520,Non,2090008,1.28,l,Non
2015,35520,Non,2090009,15,l,Non
2015,35520,Non,2090011,90,l,Non
2015,35520,Non,2090016,20,l,Non
2015,35520,Non,2090018,10,l,Non
2015,35520,Non,2090037,87.2,kg,Non
2015,35520,Non,2090038,50,l,Non
2015,35520,Non,2090041,17.5,kg,Non
2015,35520,Non,2090042,2.2,kg,Non
2015,35520,Non,2090057,3.15,kg,Non
2015,35520,Non,2090069,5,l,Non
2015,35520,Non,2090070,3.0,kg,Non
2015,35520,Non,2090092,260,l,Non
2015,35520,Non,2090094,5,kg,Non
2015,35520,Non,2090113,30,l,Non
2015,35520,Non,2090153,4,kg,Non
2015,35520,Non,2090159,3.85,kg,Non
2015,35520,Non,2090160,40,l,Non
2015,35520,Non,2090171,60,l,Non
2015,35520,Non,2090173,45,l,Non
2015,35520,Non,2090186,390,l,Non
2015,35520,Non,2090199,1,l,Oui
2015,35520,Non,2100009,1.56,kg,Non
2015,35520,Non,2100015,0.09,kg,Non
2015,35520,Non,2100026,25,l,Non
2015,35520,Non,2100030,220,kg,Non
2015,35520,Non,2100037,5,l,Non
2015,35520,Non,2100052,5,l,Non
2015,35520,Non,2100053,170,l,Non
2015,35520,Non,2100056,15,l,Non
2015,35520,Non,2100057,60,l,Non
2015,35520,Non,2100065,0.45,kg,Non
2015,35520,Non,2100071,620,l,Non
2015,35520,Non,2100098,150,l,Non
2015,35520,Non,2100102,30,l,Non
2015,35520,Non,2100108,130,l,Non
2015,35520,Non,2100111,275,l,Non
2015,35520,Non,2100112,110,l,Non
2015,35520,Non,2100138,85,l,Non
2015,35520,Non,2100140,255,l,Non
2015,35520,Non,2100175,0.12,l,Non
2015,35520,Non,2100179,45,l,Non
2015,35520,Non,2100184,9,kg,Non
2015,35520,Non,2100211,55,l,Non
2015,35520,Non,2100215,30,l,Non
2015,35520,Non,2100234,150,l,Non
2015,35520,Non,2100235,10,l,Non
2015,35520,Non,2110012,4,l,Non
2015,35520,Non,2110013,2,l,Non
2015,35520,Non,2110018,0.7,l,Non
2015,35520,Non,2110063,0.3,kg,Non
2015,35520,Non,2110091,10,l,Non
2015,35520,Non,2110095,10,l,Non
2015,35520,Non,2110102,11.21,l,Non
2015,35520,Non,2110103,0.1,kg,Non
2015,35520,Non,2110105,15,l,Non
2015,35520,Non,2110109,150,l,Non
2015,35520,Non,2110121,7.45,l,Non
2015,35520,Non,2110143,1,l,Non
2015,35520,Non,2110152,4,l,Non
2015,35520,Non,2110153,35,l,Non
2015,35520,Non,2110162,5,l,Non
2015,35520,Non,2110163,5,l,Non
2015,35520,Non,2110164,10,l,Non
2015,35520,Non,2110170,40,l,Non
2015,35520,Non,2110177,455,l,Non
2015,35520,Non,2110178,75,l,Non
2015,35520,Non,2110200,10,l,Non
2015,35520,Non,2120008,2.5,l,Oui
2015,35520,Non,2120034,140,l,Non
2015,35520,Non,2120041,4.35,l,Non
2015,35520,Non,2120048,84,l,Non
2015,35520,Non,2120070,110,l,Non
2015,35520,Non,2120075,30,l,Non
2015,35520,Non,2120089,15,l,Non
2015,35520,Non,2120093,5,l,Non
2015,35520,Non,2120118,2,l,Oui
2015,35520,Non,2120122,10,l,Non
2015,35520,Non,2120155,0.6,l,Oui
2015,35520,Non,2120159,0.46,l,Non
2015,35520,Non,2120160,5,l,Non
2015,35520,Non,2120170,20,l,Non
2015,35520,Non,2120177,3,kg,Non
2015,35520,Non,2120194,0.4,kg,Non
2015,35520,Non,2120205,410,l,Non
2015,35520,Non,2120210,5,l,Non
2015,35520,Non,2130054,5,l,Non
2015,35520,Non,2130068,29,l,Non
2015,35520,Non,2130069,35,l,Non
2015,35520,Non,2130075,320,kg,Non
2015,35520,Non,2130082,20,kg,Non
2015,35520,Non,2130083,3,l,Non
2015,35520,Non,2130084,72,kg,Non
2015,35520,Non,2130092,8,l,Non
2015,35520,Non,2130120,70,l,Non
2015,35520,Non,2130164,70,l,Non
2015,35520,Non,2130202,10,l,Non
2015,35520,Non,2130243,76.5,l,Non
2015,35520,Non,2140039,64.32,l,Non
2015,35520,Non,2140085,2,l,Non
2015,35520,Non,2140148,13.33,l,Non
2015,35520,Non,2140152,30,l,Non
2015,35520,Non,2140173,140,l,Non
2015,35520,Non,2140256,7.0,l,Non
2015,35520,Non,2140266,70,l,Non
2015,35520,Non,2150078,10,l,Non
2015,35520,Non,5100219,150,kg,Non
2015,35520,Non,6400401,2,kg,Non
2015,35520,Non,6500402,162,l,Non
2015,35520,Non,7100280,20,l,Non
2015,35520,Non,7500071,25,kg,Non
2015,35520,Non,7700078,5,l,Non
2015,35520,Non,7700706,130,kg,Oui
2015,35520,Non,8000144,5,kg,Non
2015,35520,Non,8100283,15,l,Non
2015,35520,Non,8200307,400,l,Non
2015,35520,Non,8300243,260,l,Non
2015,35520,Non,8400096,4,l,Non
2015,35520,Non,8400255,0.4,kg,Non
2015,35520,Non,8400528,70,l,Non
2015,35520,Non,8400574,29,l,Non
2015,35520,Non,8400600,3,l,Non
2015,35520,Non,8500174,1,l,Non
2015,35520,Non,8500493,620,l,Non
2015,35520,Non,8600243,50,l,Oui
2015,35520,Non,8700012,90,l,Non
2015,35520,Non,8700462,430,l,Non
2015,35520,Non,8800199,5,l,Non
2015,35520,Non,8800395,40,l,Non
2015,35520,Non,8800488,45,l,Non
2015,35520,Non,8800841,1,l,Oui
2015,35520,Non,8800893,35,l,Non
2015,35520,Non,8900153,100,l,Non
2015,35520,Non,8900564,1,l,Non
2015,35520,Non,8900681,20,l,Non
2015,35520,Non,9000184,70,l,Non
2015,35520,Non,9000259,0.72,kg,Non
2015,35520,Non,9000471,10,l,Non
2015,35520,Non,9000490,15,l,Non
2015,35520,Non,9000741,40,l,Non
2015,35520,Non,9000753,40,kg,Non
2015,35520,Non,9000833,60,l,Non
2015,35520,Non,9100046,17,l,Non
2015,35520,Non,9100155,30,l,Non
2015,35520,Non,9100296,10,l,Non
2015,35520,Non,9100418,390,l,Non
2015,35520,Non,9100525,1,kg,Oui
2015,35520,Non,9100537,60,l,Non
2015,35520,Non,9200018,7,l,Non
2015,35520,Non,9200135,0.8,kg,Oui
2015,35520,Non,9200262,9,l,Non
2015,35520,Non,9200313,2,l,Non
2015,35520,Non,9200392,35,l,Non
2015,35520,Non,9200461,260,l,Non
2015,35520,Non,9200548,13.97,l,Non
2015,35520,Non,9300189,27,l,Oui
2015,35520,Non,9300241,1,l,Oui
2015,35520,Non,9300305,92,l,Non
2015,35520,Non,9300309,1,l,Non
2015,35520,Non,9300338,20,l,Non
2015,35520,Non,9400008,0.76,l,Non
2015,35520,Non,9400067,34,kg,Non
2015,35520,Non,9400083,40,l,Non
2015,35520,Non,9400134,90,l,Non
2015,35520,Non,9400162,140,l,Non
2015,35520,Non,9400354,60,l,Non
2015,35520,Non,9400367,80,l,Non
2015,35520,Non,9400494,78,l,Non
2015,35520,Non,9500011,15,l,Non
2015,35520,Non,9500568,17,kg,Non
2015,35520,Non,9500581,25,l,Non
2015,35520,Non,9500628,9,kg,Non
2015,35520,Non,9500642,120,l,Non
2015,35520,Non,9600093,10,l,Non
2015,35520,Non,9600103,30,kg,Non
2015,35520,Non,9600197,1.9,kg,Non
2015,35520,Non,9600550,250,l,Non
2015,35520,Non,9700027,0.5,kg,Non
2015,35520,Non,9700136,1,l,Non
2015,35520,Non,9700332,10,l,Oui
2015,35520,Non,9700358,60,kg,Oui
2015,35520,Non,9800018,95,l,Non
2015,35520,Non,9800106,1,kg,Non
2015,35520,Non,9800182,5,l,Non
2015,35520,Non,9800219,5,l,Non
2015,35520,Non,9800289,2,l,Non
2015,35520,Non,9800336,2.5,l,Non
2015,35520,Non,9800343,35,l,Non
2015,35520,Non,9800344,1.27,l,Non
2015,35520,Non,9800365,20,kg,Non
2015,35520,Non,9800477,5,l,Non
2015,35520,Non,9800499,40,l,Non
2015,35520,Non,9900016,420,l,Non
2015,35520,Non,9900047,495,l,Non
2015,35520,Non,9900189,24,kg,Non
2015,35520,Non,9900206,115,l,Non
2015,35520,Non,9900227,5,l,Non
2015,35520,Non,9900242,10,kg,Non
2015,35520,Non,9900251,142,l,Non
2015,35520,Non,9900411,10,l,Non
2015,35530,Non,2000044,5,l,Non
2015,35530,Non,2000125,0.4,kg,Oui
2015,35530,Non,2000201,9.8,l,Non
2015,35530,Non,2000208,2.75,l,Non
2015,35530,Non,2000299,15.2,l,Non
2015,35530,Non,2000301,40,l,Non
2015,35530,Non,2010023,21,l,Non
2015,35530,Non,2010030,15,l,Non
2015,35530,Non,2010132,8.4,kg,Non
2015,35530,Non,2010239,72,l,Non
2015,35530,Non,2010240,30,l,Non
2015,35530,Non,2010280,150,l,Non
2015,35530,Non,2010282,45,l,Non
2015,35530,Non,2010289,45,l,Non
2015,35530,Non,2010351,7.8,kg,Non
2015,35530,Non,2010419,6,kg,Non
2015,35530,Non,2010427,34,l,Non
2015,35530,Non,2010495,240,kg,Non
2015,35530,Non,2010513,1,kg,Non
2015,35530,Non,2010612,200,l,Oui
2015,35530,Non,2020049,16.8,kg,Non
2015,35530,Non,2020099,1,l,Non
2015,35530,Non,2020119,140,l,Oui
2015,35530,Non,2020224,15.6,kg,Non
2015,35530,Non,2020241,0.5,kg,Non
2015,35530,Non,2020328,50.02,l,Non
2015,35530,Non,2020474,31.5,l,Non
2015,35530,Non,2030056,25,kg,Non
2015,35530,Non,2030265,40,l,Non
2015,35530,Non,2030323,22.5,l,Non
2015,35530,Non,2040051,5,l,Non
2015,35530,Non,2040109,3.75,kg,Non
2015,35530,Non,2040146,2.08,l,Non
2015,35530,Non,2040310,45,l,Non
2015,35530,Non,2050046,8,kg,Non
2015,35530,Non,2050075,2.5,kg,Non
2015,35530,Non,2050145,0.78,l,Oui
2015,35530,Non,2050146,4.0,l,Oui
2015,35530,Non,2060045,34,kg,Oui
2015,35530,Non,2060084,1,kg,Non
2015,35530,Non,2060088,395,l,Non
2015,35530,Non,2060091,30,l,Non
2015,35530,Non,2060098,0.5,l,Non
2015,35530,Non,2060113,5.5,l,Non
2015,35530,Non,2060115,10,l,Non
2015,35530,Non,2060116,5,l,Non
2015,35530,Non,2060118,30,l,Non
2015,35530,Non,2060127,12.33,l,Non
2015,35530,Non,2060131,32,l,Oui
2015,35530,Non,2060175,268,kg,Oui
2015,35530,Non,2060194,228,kg,Non
2015,35530,Non,2070221,42,l,Non
2015,35530,Non,2070242,10,kg,Non
2015,35530,Non,2080026,91,l,Non
2015,35530,Non,2080039,70,l,Non
2015,35530,Non,2080094,2.5,kg,Non
2015,35530,Non,2080107,10,l,Non
2015,35530,Non,2080112,8.71,l,Non
2015,35530,Non,2080117,13.2,kg,Non
2015,35530,Non,2080123,1.0,kg,Non
2015,35530,Non,2080136,96,kg,Non
2015,35530,Non,2080145,150,l,Non
2015,35530,Non,2090008,1.27,l,Non
2015,35530,Non,2090016,90,l,Non
2015,35530,Non,2090018,5,l,Non
2015,35530,Non,2090024,25,l,Non
2015,35530,Non,2090037,12.8,kg,Non
2015,35530,Non,2090038,170,l,Non
2015,35530,Non,2090041,15.51,kg,Non
2015,35530,Non,2090042,5.5,kg,Non
2015,35530,Non,2090050,48,kg,Non
2015,35530,Non,2090053,35,l,Non
2015,35530,Non,2090054,2.52,kg,Non
2015,35530,Non,2090057,3.15,kg,Non
2015,35530,Non,2090068,5,l,Non
2015,35530,Non,2090069,5,l,Non
2015,35530,Non,2090080,15,l,Non
2015,35530,Non,2090092,80,l,Non
2015,35530,Non,2090099,5,l,Non
2015,35530,Non,2090101,10,l,Non
2015,35530,Non,2090103,50,kg,Non
2015,35530,Non,2090113,120,l,Non
2015,35530,Non,2090115,20,l,Non
2015,35530,Non,2090153,54,kg,Non
2015,35530,Non,2090159,2.33,kg,Non
2015,35530,Non,2090160,80,l,Non
2015,35530,Non,2090171,5,l,Non
2015,35530,Non,2090173,65,l,Non
2015,35530,Non,2090186,60,l,Non
2015,35530,Non,2100009,2.7,kg,Non
2015,35530,Non,2100015,1.08,kg,Non
2015,35530,Non,2100018,50,l,Non
2015,35530,Non,2100026,4,l,Non
2015,35530,Non,2100028,10,l,Non
2015,35530,Non,2100030,100,kg,Non
2015,35530,Non,2100053,20,l,Non
2015,35530,Non,2100056,105,l,Non
2015,35530,Non,2100057,55,l,Non
2015,35530,Non,2100069,3.5,kg,Non
2015,35530,Non,2100098,10,l,Non
2015,35530,Non,2100102,10,l,Non
2015,35530,Non,2100108,245,l,Non
2015,35530,Non,2100111,320,l,Non
2015,35530,Non,2100112,130,l,Non
2015,35530,Non,2100122,1.8,kg,Non
2015,35530,Non,2100138,80,l,Non
2015,35530,Non,2100140,175,l,Non
2015,35530,Non,2100154,70,l,Non
2015,35530,Non,2100174,1,l,Non
2015,35530,Non,2100179,60,l,Non
2015,35530,Non,2100211,55,l,Non
2015,35530,Non,2100214,1,l,Non
2015,35530,Non,2100234,272,l,Non
2015,35530,Non,2100235,5,l,Non
2015,35530,Non,2110001,0.2,kg,Non
2015,35530,Non,2110012,1,l,Non
2015,35530,Non,2110063,1.05,kg,Non
2015,35530,Non,2110078,10,l,Non
2015,35530,Non,2110090,150,l,Non
2015,35530,Non,2110102,63.79,l,Non
2015,35530,Non,2110103,0.2,kg,Non
2015,35530,Non,2110109,70,l,Non
2015,35530,Non,2110121,7.13,l,Non
2015,35530,Non,2110165,5,l,Non
2015,35530,Non,2110170,70,l,Non
2015,35530,Non,2110177,170,l,Non
2015,35530,Non,2110178,28,l,Non
2015,35530,Non,2110181,5,l,Non
2015,35530,Non,2110194,20,l,Non
2015,35530,Non,2110198,80,l,Oui
2015,35530,Non,2120034,200,l,Non
2015,35530,Non,2120048,17,l,Non
2015,35530,Non,2120066,100.02,l,Non
2015,35530,Non,2120070,190,l,Non
2015,35530,Non,2120075,30,l,Non
2015,35530,Non,2120120,10,l,Non
2015,35530,Non,2120133,0.09,l,Oui
2015,35530,Non,2120194,1.1,kg,Non
2015,35530,Non,2120205,380,l,Non
2015,35530,Non,2120210,41,l,Non
2015,35530,Non,2130063,10,l,Non
2015,35530,Non,2130075,40,kg,Non
2015,35530,Non,2130083,16,l,Non
2015,35530,Non,2130084,132,kg,Non
2015,35530,Non,2130092,4,l,Non
2015,35530,Non,2130140,30,l,Non
2015,35530,Non,2130155,55,l,Non
2015,35530,Non,2130164,85,l,Non
2015,35530,Non,2130202,45,l,Non
2015,35530,Non,2130247,10,l,Non
2015,35530,Non,2130253,30,l,Non
2015,35530,Non,2140002,2,l,Non
2015,35530,Non,2140039,4.19,l,Non
2015,35530,Non,2140070,80,l,Non
2015,35530,Non,2140078,0.63,l,Non
2015,35530,Non,2140123,30,l,Non
2015,35530,Non,2140173,140,l,Non
2015,35530,Non,2140256,4.0,l,Non
2015,35530,Non,5100219,575,kg,Non
2015,35530,Non,6000067,40,l,Non
2015,35530,Non,6500402,70,l,Non
2015,35530,Non,7300221,30,l,Non
2015,35530,Non,7500569,9,kg,Non
2015,35530,Non,7800132,20,l,Non
2015,35530,Non,7800536,5,l,Non
2015,35530,Non,7800790,80,l,Non
2015,35530,Non,8200307,175,l,Non
2015,35530,Non,8300243,20,l,Non
2015,35530,Non,8300429,1,l,Non
2015,35530,Non,8400096,17,l,Non
2015,35530,Non,8400528,47,l,Non
2015,35530,Non,8400574,150,l,Non
2015,35530,Non,8400600,4,l,Non
2015,35530,Non,8500493,155,l,Non
2015,35530,Non,8600243,40,l,Oui
2015,35530,Non,8700012,140,l,Non
2015,35530,Non,8700408,10,l,Non
2015,35530,Non,8700462,80,l,Non
2015,35530,Non,8800011,4.5,l,Non
2015,35530,Non,8800199,14,l,Non
2015,35530,Non,8800395,20,l,Non
2015,35530,Non,8800488,160,l,Non
2015,35530,Non,8800893,20,l,Non
2015,35530,Non,8800941,60,kg,Non
2015,35530,Non,8900153,80,l,Non
2015,35530,Non,8900564,3,l,Non
2015,35530,Non,9000163,0.3,kg,Non
2015,35530,Non,9000184,105,l,Non
2015,35530,Non,9000259,2.40,kg,Non
2015,35530,Non,9000490,6,l,Non
2015,35530,Non,9000833,25,l,Non
2015,35530,Non,9100046,45,l,Non
2015,35530,Non,9100065,25,l,Non
2015,35530,Non,9100155,10,l,Non
2015,35530,Non,9100296,45,l,Non
2015,35530,Non,9100418,90,l,Non
2015,35530,Non,9100505,5,l,Non
2015,35530,Non,9100537,200,l,Non
2015,35530,Non,9100645,26,l,Non
2015,35530,Non,9200091,18.38,l,Non
2015,35530,Non,9200135,0.4,kg,Oui
2015,35530,Non,9200159,105,l,Non
2015,35530,Non,9200262,13,l,Non
2015,35530,Non,9200383,1,kg,Non
2015,35530,Non,9200392,5,l,Non
2015,35530,Non,9200461,65,l,Non
2015,35530,Non,9200493,5,kg,Non
2015,35530,Non,9200548,0.69,l,Non
2015,35530,Non,9300186,5,kg,Non
2015,35530,Non,9300189,6,l,Oui
2015,35530,Non,9300309,19,l,Non
2015,35530,Non,9300396,130,l,Non
2015,35530,Non,9400008,0.96,l,Non
2015,35530,Non,9400012,5,l,Non
2015,35530,Non,9400052,15,l,Non
2015,35530,Non,9400067,28,kg,Non
2015,35530,Non,9400109,600,kg,Oui
2015,35530,Non,9400134,1,l,Non
2015,35530,Non,9400162,120,l,Non
2015,35530,Non,9400354,120,l,Non
2015,35530,Non,9500135,40,kg,Oui
2015,35530,Non,9500223,5,l,Non
2015,35530,Non,9500302,20,kg,Oui
2015,35530,Non,9500321,30,kg,Non
2015,35530,Non,9500506,10,l,Non
2015,35530,Non,9500551,90,l,Non
2015,35530,Non,9500581,130,l,Non
2015,35530,Non,9500628,6,kg,Non
2015,35530,Non,9600197,3.2,kg,Non
2015,35530,Non,9600256,1,l,Non
2015,35530,Non,9600293,5,l,Non
2015,35530,Non,9600319,5,l,Oui
2015,35530,Non,9600392,30,l,Non
2015,35530,Non,9600550,5,l,Non
2015,35530,Non,9700277,15,l,Non
2015,35530,Non,9700332,3,l,Oui
2015,35530,Non,9700392,2,kg,Non
2015,35530,Non,9700420,2,l,Non
2015,35530,Non,9800018,210,l,Non
2015,35530,Non,9800076,22,l,Oui
2015,35530,Non,9800144,2,kg,Non
2015,35530,Non,9800182,15,l,Non
2015,35530,Non,9800277,8.25,l,Non
2015,35530,Non,9800280,1,l,Non
2015,35530,Non,9800294,620,l,Non
2015,35530,Non,9800336,4.75,l,Non
2015,35530,Non,9800344,2.76,l,Non
2015,35530,Non,9800453,20,l,Non
2015,35530,Non,9800496,5,l,Non
2015,35530,Non,9900016,80,l,Non
2015,35530,Non,9900047,116,l,Non
2015,35530,Non,9900104,20,l,Non
2015,35530,Non,9900201,5,l,Non
2015,35530,Non,9900251,120,l,Non
2015,35530,Non,9900263,120,l,Non
2015,35530,Non,9900269,60,l,Non
2015,35530,Non,9900390,220,l,Non
2015,35530,Non,9900414,0.1,kg,Non
2015,35590,Non,2000003,10,l,Non
2015,35590,Non,2000017,0.39,l,Oui
2015,35590,Non,2000071,113.75,kg,Oui
2015,35590,Non,2000125,22.5,kg,Oui
2015,35590,Non,2000299,2,l,Non
2015,35590,Non,2000424,6,l,Oui
2015,35590,Non,2000499,56,l,Non
2015,35590,Non,2000502,1,l,Non
2015,35590,Non,2010019,5,l,Non
2015,35590,Non,2010030,15,l,Non
2015,35590,Non,2010035,13.6,l,Oui
2015,35590,Non,2010239,20,l,Non
2015,35590,Non,2010280,20,l,Non
2015,35590,Non,2010284,0.02,l,Oui
2015,35590,Non,2010289,60,l,Non
2015,35590,Non,2010319,2.25,l,Oui
2015,35590,Non,2010321,18,l,Oui
2015,35590,Non,2010326,70,l,Non
2015,35590,Non,2010351,17.4,kg,Non
2015,35590,Non,2010410,3.75,kg,Oui
2015,35590,Non,2010415,40,l,Non
2015,35590,Non,2010425,1.7,kg,Non
2015,35590,Non,2010493,2,kg,Oui
2015,35590,Non,2010509,13.04,kg,Oui
2015,35590,Non,2010513,1,kg,Non
2015,35590,Non,2010612,260,l,Oui
2015,35590,Non,2020020,2.06,l,Oui
2015,35590,Non,2020049,9.6,kg,Non
2015,35590,Non,2020062,10,l,Non
2015,35590,Non,2020099,12.75,l,Non
2015,35590,Non,2020224,36,kg,Non
2015,35590,Non,2020445,115,l,Non
2015,35590,Non,2020456,20,l,Non
2015,35590,Non,2020474,10,l,Non
2015,35590,Non,2030068,5,l,Non
2015,35590,Non,2030125,0.54,l,Oui
2015,35590,Non,2030273,1.2,l,Oui
2015,35590,Non,2030332,2.63,l,Oui
2015,35590,Non,2030466,3,kg,Oui
2015,35590,Non,2040310,10,l,Non
2015,35590,Non,2040311,5,l,Non
2015,35590,Non,2050145,22,l,Oui
2015,35590,Non,2050146,14.85,l,Oui
2015,35590,Non,2060045,2,kg,Oui
2015,35590,Non,2060088,85,l,Non
2015,35590,Non,2060091,30,l,Non
2015,35590,Non,2060129,5.28,kg,Non
2015,35590,Non,2060131,7.9,l,Oui
2015,35590,Non,2060175,41.64,kg,Oui
2015,35590,Non,2060194,180,kg,Non
2015,35590,Non,2080026,83,l,Non
2015,35590,Non,2080054,12.6,l,Oui
2015,35590,Non,2080089,1.4,l,Oui
2015,35590,Non,2080090,4.95,l,Oui
2015,35590,Non,2080094,16.5,kg,Non
2015,35590,Non,2080103,16,l,Non
2015,35590,Non,2080105,5,l,Non
2015,35590,Non,2080107,15,l,Non
2015,35590,Non,2080112,0.92,l,Non
2015,35590,Non,2080117,12.95,kg,Non
2015,35590,Non,2080145,50,l,Non
2015,35590,Non,2090009,15,l,Non
2015,35590,Non,2090016,50,l,Non
2015,35590,Non,2090018,5,l,Non
2015,35590,Non,2090024,10,l,Non
2015,35590,Non,2090033,1.2,l,Oui
2015,35590,Non,2090036,35,l,Oui
2015,35590,Non,2090037,37,kg,Non
2015,35590,Non,2090044,11.25,l,Oui
2015,35590,Non,2090057,3.3,kg,Non
2015,35590,Non,2090069,5,l,Non
2015,35590,Non,2090079,7.2,l,Oui
2015,35590,Non,2090080,5,l,Non
2015,35590,Non,2090092,20,l,Non
2015,35590,Non,2090101,5,l,Non
2015,35590,Non,2090109,0.07,kg,Non
2015,35590,Non,2090118,40,l,Non
2015,35590,Non,2090153,4,kg,Non
2015,35590,Non,2090159,7.35,kg,Non
2015,35590,Non,2090160,40,l,Non
2015,35590,Non,2090162,5,l,Non
2015,35590,Non,2090172,15,l,Non
2015,35590,Non,2090173,30,l,Non
2015,35590,Non,2090186,20,l,Non
2015,35590,Non,2100004,3.84,l,Oui
2015,35590,Non,2100009,0.36,kg,Non
2015,35590,Non,2100018,5,l,Non
2015,35590,Non,2100026,3,l,Non
2015,35590,Non,2100040,12,l,Non
2015,35590,Non,2100056,5,l,Non
2015,35590,Non,2100057,135,l,Non
2015,35590,Non,2100071,80,l,Non
2015,35590,Non,2100078,2,l,Oui
2015,35590,Non,2100108,80,l,Non
2015,35590,Non,2100111,570,l,Non
2015,35590,Non,2100112,5,l,Non
2015,35590,Non,2100138,75,l,Non
2015,35590,Non,2100140,15,l,Non
2015,35590,Non,2100144,5,kg,Non
2015,35590,Non,2100165,3.76,l,Oui
2015,35590,Non,2100179,65,l,Non
2015,35590,Non,2100184,15,kg,Non
2015,35590,Non,2100219,15,l,Oui
2015,35590,Non,2100234,55,l,Non
2015,35590,Non,2110063,0.15,kg,Non
2015,35590,Non,2110083,0.75,l,Oui
2015,35590,Non,2110084,0.75,l,Oui
2015,35590,Non,2110095,25,l,Non
2015,35590,Non,2110102,4.81,l,Non
2015,35590,Non,2110105,5,l,Non
2015,35590,Non,2110109,70,l,Non
2015,35590,Non,2110149,8,l,Oui
2015,35590,Non,2110150,5.9,l,Oui
2015,35590,Non,2110153,5,l,Non
2015,35590,Non,2110159,1.8,l,Oui
2015,35590,Non,2110162,5,l,Non
2015,35590,Non,2110170,5,l,Non
2015,35590,Non,2110177,205,l,Non
2015,35590,Non,2110178,135,l,Non
2015,35590,Non,2110180,0.5,kg,Oui
2015,35590,Non,2110181,25,l,Non
2015,35590,Non,2110198,60,l,Oui
2015,35590,Non,2120008,5,l,Oui
2015,35590,Non,2120018,24.8,l,Oui
2015,35590,Non,2120034,200,l,Non
2015,35590,Non,2120048,58,l,Non
2015,35590,Non,2120063,0.8,l,Oui
2015,35590,Non,2120070,90,l,Non
2015,35590,Non,2120075,20,l,Non
2015,35590,Non,2120108,5,kg,Non
2015,35590,Non,2120129,10.9,l,Oui
2015,35590,Non,2120133,3.2,l,Oui
2015,35590,Non,2120194,2.4,kg,Non
2015,35590,Non,2120205,290,l,Non
2015,35590,Non,2120210,10,l,Non
2015,35590,Non,2130040,2,l,Oui
2015,35590,Non,2130063,5,l,Non
2015,35590,Non,2130068,23,l,Non
2015,35590,Non,2130075,120,kg,Non
2015,35590,Non,2130081,40,kg,Non
2015,35590,Non,2130083,2,l,Non
2015,35590,Non,2130084,36,kg,Non
2015,35590,Non,2130093,5,l,Oui
2015,35590,Non,2130202,5,l,Non
2015,35590,Non,2140039,13.32,l,Non
2015,35590,Non,2140152,20,l,Non
2015,35590,Non,2140256,2,l,Non
2015,35590,Non,6500402,25,l,Non
2015,35590,Non,7300221,90,l,Non
2015,35590,Non,7500716,20,kg,Non
2015,35590,Non,7700706,72,kg,Oui
2015,35590,Non,8100283,5,l,Non
2015,35590,Non,8100345,0.04,kg,Non
2015,35590,Non,8100462,4.55,kg,Oui
2015,35590,Non,8200307,460,l,Non
2015,35590,Non,8400096,14,l,Non
2015,35590,Non,8400098,0.30,l,Oui
2015,35590,Non,8400255,0.1,kg,Non
2015,35590,Non,8400528,25,l,Non
2015,35590,Non,8500351,0.38,kg,Oui
2015,35590,Non,8500493,115,l,Non
2015,35590,Non,8700012,160,l,Non
2015,35590,Non,8700240,20,l,Non
2015,35590,Non,8700462,300,l,Non
2015,35590,Non,8700687,1,l,Non
2015,35590,Non,8800011,5,l,Non
2015,35590,Non,8800199,3,l,Non
2015,35590,Non,8800395,6,l,Non
2015,35590,Non,8800488,10,l,Non
2015,35590,Non,8800893,40,l,Non
2015,35590,Non,8820680,252,kg,Oui
2015,35590,Non,8900153,10,l,Non
2015,35590,Non,8900564,2,l,Non
2015,35590,Non,8900681,5,l,Non
2015,35590,Non,9000163,0.6,kg,Non
2015,35590,Non,9000184,15,l,Non
2015,35590,Non,9000259,1.44,kg,Non
2015,35590,Non,9000361,2.4,kg,Oui
2015,35590,Non,9000741,40,l,Non
2015,35590,Non,9100046,12,l,Non
2015,35590,Non,9100065,25,l,Non
2015,35590,Non,9100231,61.4,kg,Oui
2015,35590,Non,9100296,10,l,Non
2015,35590,Non,9100438,5,l,Non
2015,35590,Non,9100525,8,kg,Oui
2015,35590,Non,9100645,1,l,Non
2015,35590,Non,9200135,42,kg,Oui
2015,35590,Non,9200262,0.01,l,Non
2015,35590,Non,9200383,1,kg,Non
2015,35590,Non,9200392,20,l,Non
2015,35590,Non,9200461,120,l,Non
2015,35590,Non,9200482,0.66,kg,Oui
2015,35590,Non,9200494,9.6,l,Non
2015,35590,Non,9300111,0.2,l,Oui
2015,35590,Non,9300189,17.63,l,Oui
2015,35590,Non,9300305,6,l,Non
2015,35590,Non,9300309,1,l,Non
2015,35590,Non,9300338,5,l,Non
2015,35590,Non,9400008,0.8,l,Non
2015,35590,Non,9400067,39,kg,Non
2015,35590,Non,9400109,25,kg,Oui
2015,35590,Non,9400133,25,l,Non
2015,35590,Non,9400134,15,l,Non
2015,35590,Non,9400162,20,l,Non
2015,35590,Non,9400212,35,l,Non
2015,35590,Non,9400336,40,l,Non
2015,35590,Non,9400354,40,l,Non
2015,35590,Non,9400367,80,l,Non
2015,35590,Non,9500148,0.9,kg,Oui
2015,35590,Non,9500484,9.36,l,Oui
2015,35590,Non,9500485,36,l,Oui
2015,35590,Non,9500568,0.38,kg,Non
2015,35590,Non,9500581,35,l,Non
2015,35590,Non,9500628,6,kg,Non
2015,35590,Non,9600097,0.6,l,Oui
2015,35590,Non,9600197,0.9,kg,Non
2015,35590,Non,9600319,5,l,Oui
2015,35590,Non,9600488,10.8,kg,Oui
2015,35590,Non,9600550,5,l,Non
2015,35590,Non,9700332,0.56,l,Oui
2015,35590,Non,9700420,2,l,Non
2015,35590,Non,9700521,18,l,Oui
2015,35590,Non,9700554,35,l,Non
2015,35590,Non,9700558,30,l,Non
2015,35590,Non,9800018,65,l,Non
2015,35590,Non,9800076,1,l,Oui
2015,35590,Non,9800096,8,l,Oui
2015,35590,Non,9800098,2,kg,Non
2015,35590,Non,9800277,6.00,l,Non
2015,35590,Non,9800321,1.2,l,Oui
2015,35590,Non,9800343,5,l,Non
2015,35590,Non,9800344,0.27,l,Non
2015,35590,Non,9800432,0.2,l,Oui
2015,35590,Non,9800477,5,l,Non
2015,35590,Non,9800481,51,l,Oui
2015,35590,Non,9800524,2,l,Oui
2015,35590,Non,9900014,0.3,l,Oui
2015,35590,Non,9900016,35,l,Non
2015,35590,Non,9900047,75,l,Non
2015,35590,Non,9900078,10,l,Non
2015,35590,Non,9900184,5,l,Non
2015,35590,Non,9900201,40,l,Non
2015,35590,Non,9900257,24,kg,Oui
2015,35590,Non,9900269,40,l,Non
2015,35590,Non,9900446,0.88,kg,Non
2015,35630,Non,2000003,20,l,Non
2015,35630,Non,2000299,9,l,Non
2015,35630,Non,2000380,3,l,Non
2015,35630,Non,2000499,2,l,Non
2015,35630,Non,2010019,15,l,Non
2015,35630,Non,2010023,9,l,Non
2015,35630,Non,2010025,10,l,Non
2015,35630,Non,2010030,25,l,Non
2015,35630,Non,2010239,10,l,Non
2015,35630,Non,2010280,132,l,Non
2015,35630,Non,2010289,135,l,Non
2015,35630,Non,2010326,5,l,Non
2015,35630,Non,2010349,5,l,Non
2015,35630,Non,2010351,20.6,kg,Non
2015,35630,Non,2010415,240,l,Non
2015,35630,Non,2010419,3,kg,Non
2015,35630,Non,2010425,1.2,kg,Non
2015,35630,Non,2010427,3,l,Non
2015,35630,Non,2010498,15,l,Non
2015,35630,Non,2010499,5,l,Non
2015,35630,Non,2010525,9,kg,Non
2015,35630,Non,2010612,240,l,Oui
2015,35630,Non,2020020,0.01,l,Oui
2015,35630,Non,2020049,58.8,kg,Non
2015,35630,Non,2020062,5,l,Non
2015,35630,Non,2020099,1.69,l,Non
2015,35630,Non,2020224,10.8,kg,Non
2015,35630,Non,2020234,260,kg,Non
2015,35630,Non,2020445,20,l,Non
2015,35630,Non,2020456,5,l,Non
2015,35630,Non,2030255,30,l,Non
2015,35630,Non,2030323,0.66,l,Non
2015,35630,Non,2030332,1,l,Oui
2015,35630,Non,2040338,11,l,Non
2015,35630,Non,2050033,4,kg,Non
2015,35630,Non,2050075,7.5,kg,Non
2015,35630,Non,2050146,3.95,l,Oui
2015,35630,Non,2060051,5,l,Non
2015,35630,Non,2060084,1,kg,Non
2015,35630,Non,2060088,885,l,Non
2015,35630,Non,2060091,70,l,Non
2015,35630,Non,2060118,10,l,Non
2015,35630,Non,2060127,32.44,l,Non
2015,35630,Non,2060129,75,kg,Non
2015,35630,Non,2060194,1584,kg,Non
2015,35630,Non,2070077,10,l,Non
2015,35630,Non,2080026,106,l,Non
2015,35630,Non,2080054,0.9,l,Oui
2015,35630,Non,2080089,0.4,l,Oui
2015,35630,Non,2080094,13.5,kg,Non
2015,35630,Non,2080098,55,l,Oui
2015,35630,Non,2080103,5,l,Non
2015,35630,Non,2080105,25,l,Non
2015,35630,Non,2080107,115,l,Non
2015,35630,Non,2080114,110,l,Non
2015,35630,Non,2080117,13.15,kg,Non
2015,35630,Non,2080123,4.9,kg,Non
2015,35630,Non,2080145,30,l,Non
2015,35630,Non,2090009,90,l,Non
2015,35630,Non,2090011,55,l,Non
2015,35630,Non,2090016,60,l,Non
2015,35630,Non,2090018,90,l,Non
2015,35630,Non,2090024,30,l,Non
2015,35630,Non,2090037,35.8,kg,Non
2015,35630,Non,2090038,40,l,Non
2015,35630,Non,2090041,6.0,kg,Non
2015,35630,Non,2090042,1.65,kg,Non
2015,35630,Non,2090050,684,kg,Non
2015,35630,Non,2090057,5.70,kg,Non
2015,35630,Non,2090068,10,l,Non
2015,35630,Non,2090069,15,l,Non
2015,35630,Non,2090092,182,l,Non
2015,35630,Non,2090093,20,l,Non
2015,35630,Non,2090101,50,l,Non
2015,35630,Non,2090113,70,l,Non
2015,35630,Non,2090117,5,l,Non
2015,35630,Non,2090136,180,l,Non
2015,35630,Non,2090153,2,kg,Non
2015,35630,Non,2090157,1,l,Non
2015,35630,Non,2090159,2.10,kg,Non
2015,35630,Non,2090160,200,l,Non
2015,35630,Non,2090162,50,l,Non
2015,35630,Non,2090173,250,l,Non
2015,35630,Non,2090180,5,l,Non
2015,35630,Non,2090186,240,l,Non
2015,35630,Non,2100009,6.24,kg,Non
2015,35630,Non,2100015,0.36,kg,Non
2015,35630,Non,2100026,5,l,Non
2015,35630,Non,2100030,260,kg,Non
2015,35630,Non,2100052,25,l,Non
2015,35630,Non,2100053,45,l,Non
2015,35630,Non,2100056,50,l,Non
2015,35630,Non,2100057,160,l,Non
2015,35630,Non,2100071,480,l,Non
2015,35630,Non,2100098,10,l,Non
2015,35630,Non,2100108,120,l,Non
2015,35630,Non,2100111,305,l,Non
2015,35630,Non,2100112,70,l,Non
2015,35630,Non,2100138,100,l,Non
2015,35630,Non,2100140,110,l,Non
2015,35630,Non,2100165,0.4,l,Oui
2015,35630,Non,2100179,40,l,Non
2015,35630,Non,2100184,2,kg,Non
2015,35630,Non,2100211,35,l,Non
2015,35630,Non,2100219,5,l,Oui
2015,35630,Non,2100234,65,l,Non
2015,35630,Non,2100235,10,l,Non
2015,35630,Non,2110012,100,l,Non
2015,35630,Non,2110018,1.38,l,Non
2015,35630,Non,2110082,1,kg,Non
2015,35630,Non,2110091,15,l,Non
2015,35630,Non,2110095,25,l,Non
2015,35630,Non,2110102,5.95,l,Non
2015,35630,Non,2110103,0.2,kg,Non
2015,35630,Non,2110105,40,l,Non
2015,35630,Non,2110109,100,l,Non
2015,35630,Non,2110121,39.22,l,Non
2015,35630,Non,2110152,21,l,Non
2015,35630,Non,2110164,10,l,Non
2015,35630,Non,2110170,30,l,Non
2015,35630,Non,2110177,625,l,Non
2015,35630,Non,2110178,10,l,Non
2015,35630,Non,2110181,5,l,Non
2015,35630,Non,2110198,80,l,Oui
2015,35630,Non,2110201,15,l,Non
2015,35630,Non,2120034,280,l,Non
2015,35630,Non,2120048,91,l,Non
2015,35630,Non,2120066,50,l,Non
2015,35630,Non,2120070,420,l,Non
2015,35630,Non,2120075,60,l,Non
2015,35630,Non,2120093,75,l,Non
2015,35630,Non,2120120,6,l,Non
2015,35630,Non,2120122,20,l,Non
2015,35630,Non,2120133,0.2,l,Oui
2015,35630,Non,2120154,15,l,Non
2015,35630,Non,2120194,1.9,kg,Non
2015,35630,Non,2120205,800,l,Non
2015,35630,Non,2120210,5,l,Non
2015,35630,Non,2130040,0.25,l,Oui
2015,35630,Non,2130068,4,l,Non
2015,35630,Non,2130075,90,kg,Non
2015,35630,Non,2130083,4,l,Non
2015,35630,Non,2130084,72,kg,Non
2015,35630,Non,2130105,16,kg,Non
2015,35630,Non,2130120,40,l,Non
2015,35630,Non,2130164,20,l,Non
2015,35630,Non,2130190,20,l,Non
2015,35630,Non,2130202,5,l,Non
2015,35630,Non,2130243,76.5,l,Non
2015,35630,Non,2130247,5,l,Non
2015,35630,Non,2140039,25.37,l,Non
2015,35630,Non,2140082,5,l,Non
2015,35630,Non,2140148,23.33,l,Non
2015,35630,Non,2140173,125,l,Non
2015,35630,Non,2140256,3.5,l,Non
2015,35630,Non,5500179,5,l,Non
2015,35630,Non,6500402,40,l,Non
2015,35630,Non,7100280,15,l,Non
2015,35630,Non,7400815,20,l,Non
2015,35630,Non,7700078,120,l,Non
2015,35630,Non,7700706,40,kg,Oui
2015,35630,Non,8100283,15,l,Non
2015,35630,Non,8100462,0.7,kg,Oui
2015,35630,Non,8200307,580,l,Non
2015,35630,Non,8300243,90,l,Non
2015,35630,Non,8400096,47,l,Non
2015,35630,Non,8400255,0.7,kg,Non
2015,35630,Non,8400528,95,l,Non
2015,35630,Non,8400574,10,l,Non
2015,35630,Non,8400600,1,l,Non
2015,35630,Non,8500160,15,l,Non
2015,35630,Non,8500493,300,l,Non
2015,35630,Non,8600027,185,kg,Non
2015,35630,Non,8600243,170,l,Oui
2015,35630,Non,8700012,265,l,Non
2015,35630,Non,8700462,690,l,Non
2015,35630,Non,8800011,5,l,Non
2015,35630,Non,8800199,5,l,Non
2015,35630,Non,8800395,25,l,Non
2015,35630,Non,8800893,50,l,Non
2015,35630,Non,8820680,24,kg,Oui
2015,35630,Non,8900153,80,l,Non
2015,35630,Non,8900564,2,l,Non
2015,35630,Non,8900681,30,l,Non
2015,35630,Non,9000069,5,l,Non
2015,35630,Non,9000184,5,l,Non
2015,35630,Non,9000259,0.84,kg,Non
2015,35630,Non,9000471,60,l,Non
2015,35630,Non,9000490,5,l,Non
2015,35630,Non,9000741,25,l,Non
2015,35630,Non,9000753,100,kg,Non
2015,35630,Non,9000833,45,l,Non
2015,35630,Non,9100046,44,l,Non
2015,35630,Non,9100155,5,l,Non
2015,35630,Non,9100418,355,l,Non
2015,35630,Non,9200073,0.1,kg,Non
2015,35630,Non,9200091,0.18,l,Non
2015,35630,Non,9200392,6,l,Non
2015,35630,Non,9200461,125,l,Non
2015,35630,Non,9200494,31.2,l,Non
2015,35630,Non,9200548,9.95,l,Non
2015,35630,Non,9300189,1,l,Oui
2015,35630,Non,9300305,30,l,Non
2015,35630,Non,9300309,2,l,Non
2015,35630,Non,9400067,22,kg,Non
2015,35630,Non,9400134,65,l,Non
2015,35630,Non,9400212,5,l,Non
2015,35630,Non,9400336,50,l,Non
2015,35630,Non,9400367,50,l,Non
2015,35630,Non,9400494,6,l,Non
2015,35630,Non,9500011,10,l,Non
2015,35630,Non,9500106,12,l,Non
2015,35630,Non,9500223,25,l,Non
2015,35630,Non,9500551,180,l,Non
2015,35630,Non,9500568,20,kg,Non
2015,35630,Non,9500581,25,l,Non
2015,35630,Non,9500628,9,kg,Non
2015,35630,Non,9600093,80,l,Non
2015,35630,Non,9600197,2.4,kg,Non
2015,35630,Non,9600199,700,kg,Non
2015,35630,Non,9600392,90,l,Non
2015,35630,Non,9600550,5,l,Non
2015,35630,Non,9700173,20,l,Non
2015,35630,Non,9700332,10,l,Oui
2015,35630,Non,9700558,5,l,Non
2015,35630,Non,9800018,15,l,Non
2015,35630,Non,9800098,6,kg,Non
2015,35630,Non,9800182,5,l,Non
2015,35630,Non,9800277,1.5,l,Non
2015,35630,Non,9800289,1,l,Non
2015,35630,Non,9800336,4.5,l,Non
2015,35630,Non,9800343,50,l,Non
2015,35630,Non,9800453,10,l,Non
2015,35630,Non,9800495,3,kg,Non
2015,35630,Non,9900016,285,l,Non
2015,35630,Non,9900047,420,l,Non
2015,35630,Non,9900206,100,l,Non
2015,35630,Non,9900251,178,l,Non
2015,35630,Non,9900257,1,kg,Oui
2015,35630,Non,9900263,20,l,Non
2015,35630,Non,9900282,10,l,Oui
2015,35630,Non,9900414,0.1,kg,Non
2015,35650,Non,2000299,1,l,Non
2015,35650,Non,2000327,5,l,Non
2015,35650,Non,2010280,52,l,Non
2015,35650,Non,2020003,5,kg,Oui
2015,35650,Non,2020049,0.6,kg,Non
2015,35650,Non,2030404,1,l,Non
2015,35650,Non,2030457,1,kg,Non
2015,35650,Non,2060045,1,kg,Oui
2015,35650,Non,2060116,10,l,Non
2015,35650,Non,2060129,100,kg,Non
2015,35650,Non,2060131,1,l,Oui
2015,35650,Non,2060194,720,kg,Non
2015,35650,Non,2080026,15,l,Non
2015,35650,Non,2080103,8,l,Non
2015,35650,Non,2080117,5.6,kg,Non
2015,35650,Non,2080120,5,l,Non
2015,35650,Non,2080123,0.5,kg,Non
2015,35650,Non,2090011,50,l,Non
2015,35650,Non,2090024,20,l,Non
2015,35650,Non,2090037,23.4,kg,Non
2015,35650,Non,2090043,40,l,Non
2015,35650,Non,2090090,1,l,Non
2015,35650,Non,2090127,5,l,Non
2015,35650,Non,2090159,1.75,kg,Non
2015,35650,Non,2090160,20,l,Non
2015,35650,Non,2100030,40,kg,Non
2015,35650,Non,2100053,10,l,Non
2015,35650,Non,2100057,10,l,Non
2015,35650,Non,2100071,60,l,Non
2015,35650,Non,2100098,30,l,Non
2015,35650,Non,2100111,40,l,Non
2015,35650,Non,2100114,2,kg,Non
2015,35650,Non,2100138,15,l,Non
2015,35650,Non,2100140,25,l,Non
2015,35650,Non,2100211,15,l,Non
2015,35650,Non,2100234,30,l,Non
2015,35650,Non,2100235,5,l,Non
2015,35650,Non,2110103,0.2,kg,Non
2015,35650,Non,2110150,0.25,l,Oui
2015,35650,Non,2120008,5,l,Oui
2015,35650,Non,2120018,0.8,l,Oui
2015,35650,Non,2120034,40,l,Non
2015,35650,Non,2120048,16,l,Non
2015,35650,Non,2120205,40,l,Non
2015,35650,Non,2130054,5,l,Non
2015,35650,Non,2130063,15,l,Non
2015,35650,Non,2130243,5,l,Non
2015,35650,Non,2140039,0.39,l,Non
2015,35650,Non,2140148,5,l,Non
2015,35650,Non,2140215,0.34,kg,Non
2015,35650,Non,6500402,10,l,Non
2015,35650,Non,7500569,2,kg,Non
2015,35650,Non,8100291,5,l,Non
2015,35650,Non,8200307,20,l,Non
2015,35650,Non,8500351,0.08,kg,Oui
2015,35650,Non,8500493,65,l,Non
2015,35650,Non,8700012,10,l,Non
2015,35650,Non,8700020,5,l,Non
2015,35650,Non,8700462,100,l,Non
2015,35650,Non,8700702,50,kg,Non
2015,35650,Non,8900681,1,l,Non
2015,35650,Non,9000259,0.24,kg,Non
2015,35650,Non,9100418,25,l,Non
2015,35650,Non,9200262,2,l,Non
2015,35650,Non,9200392,81,l,Non
2015,35650,Non,9200548,1.1,l,Non
2015,35650,Non,9300189,5,l,Oui
2015,35650,Non,9300194,5,l,Non
2015,35650,Non,9300305,5,l,Non
2015,35650,Non,9300309,1,l,Non
2015,35650,Non,9400067,5,kg,Non
2015,35650,Non,9400134,10,l,Non
2015,35650,Non,9500150,3,l,Oui
2015,35650,Non,9500568,2,kg,Non
2015,35650,Non,9500595,2,l,Non
2015,35650,Non,9700332,1,l,Oui
2015,35650,Non,9700420,1,l,Non
2015,35650,Non,9800336,1,l,Non
2015,35650,Non,9900016,25,l,Non
2015,35650,Non,9900047,30,l,Non
2015,35650,Non,9900206,5,l,Non
2015,35650,Non,9900251,45,l,Non
2015,35650,Non,9900257,5,kg,Oui
2015,35650,Non,9900262,0.3,kg,Non
2015,35650,Non,9900269,60,l,Non
2015,35650,Non,9900412,3,l,Non
2015,35690,Non,2000003,5,l,Non
2015,35690,Non,2000299,1,l,Non
2015,35690,Non,2000380,1,l,Non
2015,35690,Non,2010023,4,l,Non
2015,35690,Non,2010025,5,l,Non
2015,35690,Non,2010030,10,l,Non
2015,35690,Non,2010239,67,l,Non
2015,35690,Non,2010240,10,l,Non
2015,35690,Non,2010280,217,l,Non
2015,35690,Non,2010351,0.6,kg,Non
2015,35690,Non,2010415,80,l,Non
2015,35690,Non,2010427,2,l,Non
2015,35690,Non,2010612,40,l,Oui
2015,35690,Non,2020049,4.2,kg,Non
2015,35690,Non,2020099,1.75,l,Non
2015,35690,Non,2020224,10.2,kg,Non
2015,35690,Non,2030323,13.73,l,Non
2015,35690,Non,2040051,50,l,Non
2015,35690,Non,2040109,2.25,kg,Non
2015,35690,Non,2040146,0.25,l,Non
2015,35690,Non,2050075,5.0,kg,Non
2015,35690,Non,2050146,0.8,l,Oui
2015,35690,Non,2060088,285,l,Non
2015,35690,Non,2060091,140,l,Non
2015,35690,Non,2060115,20,l,Non
2015,35690,Non,2060127,2.32,l,Non
2015,35690,Non,2060133,1,l,Non
2015,35690,Non,2060175,120,kg,Oui
2015,35690,Non,2070221,24,l,Non
2015,35690,Non,2080026,35,l,Non
2015,35690,Non,2080090,0.2,l,Oui
2015,35690,Non,2080094,2,kg,Non
2015,35690,Non,2080117,21.1,kg,Non
2015,35690,Non,2080120,5,l,Non
2015,35690,Non,2080123,0.2,kg,Non
2015,35690,Non,2080124,0.1,kg,Non
2015,35690,Non,2080136,31,kg,Non
2015,35690,Non,2080145,10,l,Non
2015,35690,Non,2090011,10,l,Non
2015,35690,Non,2090016,10,l,Non
2015,35690,Non,2090018,10,l,Non
2015,35690,Non,2090024,15,l,Non
2015,35690,Non,2090037,4.8,kg,Non
2015,35690,Non,2090038,60,l,Non
2015,35690,Non,2090053,5,l,Non
2015,35690,Non,2090054,2.77,kg,Non
2015,35690,Non,2090057,2.1,kg,Non
2015,35690,Non,2090069,5,l,Non
2015,35690,Non,2090092,12,l,Non
2015,35690,Non,2090103,400,kg,Non
2015,35690,Non,2090111,5.35,l,Non
2015,35690,Non,2090113,40,l,Non
2015,35690,Non,2090115,60,l,Non
2015,35690,Non,2090159,0.58,kg,Non
2015,35690,Non,2090160,80,l,Non
2015,35690,Non,2090164,1,l,Oui
2015,35690,Non,2090171,35,l,Non
2015,35690,Non,2090173,40,l,Non
2015,35690,Non,2090186,60,l,Non
2015,35690,Non,2100009,0.36,kg,Non
2015,35690,Non,2100015,0.72,kg,Non
2015,35690,Non,2100018,10,l,Non
2015,35690,Non,2100026,1,l,Non
2015,35690,Non,2100030,160,kg,Non
2015,35690,Non,2100056,85,l,Non
2015,35690,Non,2100057,60,l,Non
2015,35690,Non,2100071,80,l,Non
2015,35690,Non,2100078,1,l,Oui
2015,35690,Non,2100108,60,l,Non
2015,35690,Non,2100111,170,l,Non
2015,35690,Non,2100138,100,l,Non
2015,35690,Non,2100140,55,l,Non
2015,35690,Non,2100154,20,l,Non
2015,35690,Non,2100234,70,l,Non
2015,35690,Non,2100235,10,l,Non
2015,35690,Non,2110018,0.45,l,Non
2015,35690,Non,2110078,5,l,Non
2015,35690,Non,2110086,30,l,Non
2015,35690,Non,2110102,1.40,l,Non
2015,35690,Non,2110109,30,l,Non
2015,35690,Non,2110121,0.16,l,Non
2015,35690,Non,2110153,25,l,Non
2015,35690,Non,2110177,20,l,Non
2015,35690,Non,2110181,5,l,Non
2015,35690,Non,2110200,2,l,Non
2015,35690,Non,2120015,0.15,l,Oui
2015,35690,Non,2120034,260,l,Non
2015,35690,Non,2120048,13,l,Non
2015,35690,Non,2120066,20,l,Non
2015,35690,Non,2120075,35,l,Non
2015,35690,Non,2120133,0.75,l,Oui
2015,35690,Non,2120194,1.1,kg,Non
2015,35690,Non,2120205,350,l,Non
2015,35690,Non,2130068,5,l,Non
2015,35690,Non,2130075,220,kg,Non
2015,35690,Non,2130083,5,l,Non
2015,35690,Non,2130084,72,kg,Non
2015,35690,Non,2130091,3,l,Non
2015,35690,Non,2130140,50,l,Non
2015,35690,Non,2130164,60,l,Non
2015,35690,Non,2130202,10,l,Non
2015,35690,Non,2130253,60,l,Non
2015,35690,Non,2140039,7.79,l,Non
2015,35690,Non,2140078,0.63,l,Non
2015,35690,Non,2140173,90,l,Non
2015,35690,Non,2140256,4.0,l,Non
2015,35690,Non,7300221,50,l,Non
2015,35690,Non,7400815,80,l,Non
2015,35690,Non,7500569,2,kg,Non
2015,35690,Non,8200307,230,l,Non
2015,35690,Non,8300429,3,l,Non
2015,35690,Non,8400096,5,l,Non
2015,35690,Non,8400528,4,l,Non
2015,35690,Non,8400574,35,l,Non
2015,35690,Non,8500493,65,l,Non
2015,35690,Non,8700012,20,l,Non
2015,35690,Non,8700408,20,l,Non
2015,35690,Non,8700462,210,l,Non
2015,35690,Non,8800417,50,l,Non
2015,35690,Non,8800488,15,l,Non
2015,35690,Non,8800893,40,l,Non
2015,35690,Non,8800939,20,l,Non
2015,35690,Non,8900564,3,l,Non
2015,35690,Non,9000259,1.44,kg,Non
2015,35690,Non,9000490,1,l,Non
2015,35690,Non,9000833,10,l,Non
2015,35690,Non,9100046,16,l,Non
2015,35690,Non,9100418,10,l,Non
2015,35690,Non,9100505,25,l,Non
2015,35690,Non,9200091,16.95,l,Non
2015,35690,Non,9200461,75,l,Non
2015,35690,Non,9200548,0.41,l,Non
2015,35690,Non,9300309,16,l,Non
2015,35690,Non,9300396,30,l,Non
2015,35690,Non,9400052,5,l,Non
2015,35690,Non,9400067,11,kg,Non
2015,35690,Non,9400109,220,kg,Oui
2015,35690,Non,9400134,5,l,Non
2015,35690,Non,9400212,15,l,Non
2015,35690,Non,9500135,40,kg,Oui
2015,35690,Non,9500484,0.36,l,Oui
2015,35690,Non,9500506,60,l,Non
2015,35690,Non,9500551,40,l,Non
2015,35690,Non,9500628,12,kg,Non
2015,35690,Non,9500642,20,l,Non
2015,35690,Non,9600093,25,l,Non
2015,35690,Non,9600197,5.8,kg,Non
2015,35690,Non,9600370,5,l,Non
2015,35690,Non,9600392,10,l,Non
2015,35690,Non,9700392,1,kg,Non
2015,35690,Non,9700420,4,l,Non
2015,35690,Non,9800076,18,l,Oui
2015,35690,Non,9800098,2,kg,Non
2015,35690,Non,9800100,10,l,Non
2015,35690,Non,9800144,0.5,kg,Non
2015,35690,Non,9800277,3.25,l,Non
2015,35690,Non,9800294,260,l,Non
2015,35690,Non,9800343,5,l,Non
2015,35690,Non,9800477,5,l,Non
2015,35690,Non,9800496,2,l,Non
2015,35690,Non,9900016,5,l,Non
2015,35690,Non,9900047,31,l,Non
2015,35690,Non,9900206,12,l,Non
2015,35690,Non,9900251,15,l,Non
2015,35700,Non,2000294,1.25,kg,Non
2015,35700,Non,2020224,3.6,kg,Non
2015,35700,Non,2040109,2.25,kg,Non
2015,35700,Non,2060050,0.03,l,Non
2015,35700,Non,2060127,5.55,l,Non
2015,35700,Non,2080026,7,l,Non
2015,35700,Non,2090054,0.88,kg,Non
2015,35700,Non,2090092,35,l,Non
2015,35700,Non,2100057,20,l,Non
2015,35700,Non,2100098,75,l,Non
2015,35700,Non,2100181,1.28,kg,Non
2015,35700,Non,2100231,0.5,kg,Non
2015,35700,Non,2110013,5,l,Non
2015,35700,Non,2130140,30,l,Non
2015,35700,Non,2140254,5,l,Non
2015,35700,Non,2140256,1,l,Non
2015,35700,Non,6000067,1.5,l,Non
2015,35700,Non,8400574,10,l,Non
2015,35700,Non,8700542,0.25,l,Non
2015,35700,Non,8800142,2.39,l,Non
2015,35700,Non,9000471,2.25,l,Non
2015,35700,Non,9000490,1,l,Non
2015,35700,Non,9200392,1,l,Non
2015,35700,Non,9200493,10,kg,Non
2015,35700,Non,9300189,50,l,Oui
2015,35700,Non,9500302,1,kg,Oui
2015,35700,Non,9500628,9,kg,Non
2015,35700,Non,9600368,2.6,kg,Non
2015,35700,Non,9700214,0.06,kg,Non
2015,35700,Non,9700467,0.75,l,Non
2015,35700,Non,9900047,5,l,Non
2015,35700,Non,9900133,0.26,l,Non
2015,35740,Non,2000003,5,l,Non
2015,35740,Non,2000017,0.06,l,Oui
2015,35740,Non,2000071,73.5,kg,Oui
2015,35740,Non,2000125,24.5,kg,Oui
2015,35740,Non,2000201,1.6,l,Non
2015,35740,Non,2000380,7,l,Non
2015,35740,Non,2000499,2,l,Non
2015,35740,Non,2000500,45,l,Oui
2015,35740,Non,2000510,328,kg,Oui
2015,35740,Non,2010023,3,l,Non
2015,35740,Non,2010035,16.5,l,Oui
2015,35740,Non,2010239,10,l,Non
2015,35740,Non,2010280,122,l,Non
2015,35740,Non,2010284,0.04,l,Oui
2015,35740,Non,2010319,0.75,l,Oui
2015,35740,Non,2010321,1.2,l,Oui
2015,35740,Non,2010326,30,l,Non
2015,35740,Non,2010351,1.2,kg,Non
2015,35740,Non,2010410,5.25,kg,Oui
2015,35740,Non,2010425,0.2,kg,Non
2015,35740,Non,2010493,1.5,kg,Oui
2015,35740,Non,2010499,35,l,Non
2015,35740,Non,2010512,0.12,l,Oui
2015,35740,Non,2010513,1,kg,Non
2015,35740,Non,2010530,0.2,l,Oui
2015,35740,Non,2010612,40,l,Oui
2015,35740,Non,2020003,4.85,kg,Oui
2015,35740,Non,2020020,0.21,l,Oui
2015,35740,Non,2020049,8.4,kg,Non
2015,35740,Non,2020062,5,l,Non
2015,35740,Non,2020065,0.1,kg,Oui
2015,35740,Non,2020099,5.25,l,Non
2015,35740,Non,2020224,16.2,kg,Non
2015,35740,Non,2020234,20,kg,Non
2015,35740,Non,2020267,1,kg,Non
2015,35740,Non,2020445,5,l,Non
2015,35740,Non,2020456,5,l,Non
2015,35740,Non,2030125,1.43,l,Oui
2015,35740,Non,2030175,0.48,kg,Oui
2015,35740,Non,2030273,0.33,l,Oui
2015,35740,Non,2030323,0.41,l,Non
2015,35740,Non,2030332,6.25,l,Oui
2015,35740,Non,2040146,1.1,l,Non
2015,35740,Non,2050075,2.5,kg,Non
2015,35740,Non,2050145,3.24,l,Oui
2015,35740,Non,2050146,32.65,l,Oui
2015,35740,Non,2060045,25,kg,Oui
2015,35740,Non,2060050,2,l,Non
2015,35740,Non,2060088,140,l,Non
2015,35740,Non,2060098,2.5,l,Non
2015,35740,Non,2060113,1,l,Non
2015,35740,Non,2060131,0.3,l,Oui
2015,35740,Non,2060175,20,kg,Oui
2015,35740,Non,2060194,48,kg,Non
2015,35740,Non,2070077,15,l,Non
2015,35740,Non,2070107,10,l,Non
2015,35740,Non,2080018,3.08,l,Oui
2015,35740,Non,2080026,135,l,Non
2015,35740,Non,2080054,1.8,l,Oui
2015,35740,Non,2080089,12.6,l,Oui
2015,35740,Non,2080090,3.7,l,Oui
2015,35740,Non,2080094,14.5,kg,Non
2015,35740,Non,2080098,0.9,l,Oui
2015,35740,Non,2080112,2.16,l,Non
2015,35740,Non,2080117,8.80,kg,Non
2015,35740,Non,2080123,3.02,kg,Non
2015,35740,Non,2080136,7,kg,Non
2015,35740,Non,2080145,15,l,Non
2015,35740,Non,2090011,20,l,Non
2015,35740,Non,2090016,30,l,Non
2015,35740,Non,2090018,10,l,Non
2015,35740,Non,2090028,5,l,Non
2015,35740,Non,2090037,21.8,kg,Non
2015,35740,Non,2090041,6.5,kg,Non
2015,35740,Non,2090042,0.55,kg,Non
2015,35740,Non,2090053,15,l,Non
2015,35740,Non,2090057,6.60,kg,Non
2015,35740,Non,2090079,2.7,l,Oui
2015,35740,Non,2090092,161,l,Non
2015,35740,Non,2090146,1,l,Oui
2015,35740,Non,2090159,2.8,kg,Non
2015,35740,Non,2090160,260,l,Non
2015,35740,Non,2090164,56,l,Oui
2015,35740,Non,2090171,20,l,Non
2015,35740,Non,2090176,40,l,Oui
2015,35740,Non,2090178,4.5,l,Oui
2015,35740,Non,2090186,40,l,Non
2015,35740,Non,2100004,3,l,Oui
2015,35740,Non,2100015,0.36,kg,Non
2015,35740,Non,2100026,8,l,Non
2015,35740,Non,2100028,5,l,Non
2015,35740,Non,2100030,20,kg,Non
2015,35740,Non,2100053,25,l,Non
2015,35740,Non,2100056,10,l,Non
2015,35740,Non,2100057,145,l,Non
2015,35740,Non,2100071,160,l,Non
2015,35740,Non,2100078,9,l,Oui
2015,35740,Non,2100098,10,l,Non
2015,35740,Non,2100111,215,l,Non
2015,35740,Non,2100112,35,l,Non
2015,35740,Non,2100138,85,l,Non
2015,35740,Non,2100140,70,l,Non
2015,35740,Non,2100154,5,l,Non
2015,35740,Non,2100165,1.62,l,Oui
2015,35740,Non,2100211,35,l,Non
2015,35740,Non,2100215,10,l,Non
2015,35740,Non,2100219,60,l,Oui
2015,35740,Non,2100220,2.25,l,Oui
2015,35740,Non,2100234,135,l,Non
2015,35740,Non,2100235,30,l,Non
2015,35740,Non,2110083,0.75,l,Oui
2015,35740,Non,2110095,30,l,Non
2015,35740,Non,2110102,35.3,l,Non
2015,35740,Non,2110103,0.2,kg,Non
2015,35740,Non,2110105,5,l,Non
2015,35740,Non,2110109,40,l,Non
2015,35740,Non,2110121,0.31,l,Non
2015,35740,Non,2110149,4.8,l,Oui
2015,35740,Non,2110150,0.4,l,Oui
2015,35740,Non,2110152,3,l,Non
2015,35740,Non,2110159,1.4,l,Oui
2015,35740,Non,2110162,5,l,Non
2015,35740,Non,2110164,20,l,Non
2015,35740,Non,2110170,15,l,Non
2015,35740,Non,2110177,160,l,Non
2015,35740,Non,2110178,20,l,Non
2015,35740,Non,2110180,0.3,kg,Oui
2015,35740,Non,2110200,3,l,Non
2015,35740,Non,2110201,20,l,Non
2015,35740,Non,2120015,0.3,l,Oui
2015,35740,Non,2120018,1.6,l,Oui
2015,35740,Non,2120034,20,l,Non
2015,35740,Non,2120041,4.05,l,Non
2015,35740,Non,2120048,37,l,Non
2015,35740,Non,2120066,10,l,Non
2015,35740,Non,2120070,60,l,Non
2015,35740,Non,2120075,65,l,Non
2015,35740,Non,2120093,25,l,Non
2015,35740,Non,2120122,5,l,Non
2015,35740,Non,2120133,18.68,l,Oui
2015,35740,Non,2120159,0.78,l,Non
2015,35740,Non,2120194,2.1,kg,Non
2015,35740,Non,2120205,400,l,Non
2015,35740,Non,2130040,4.33,l,Oui
2015,35740,Non,2130068,9,l,Non
2015,35740,Non,2130069,10,l,Non
2015,35740,Non,2130075,50,kg,Non
2015,35740,Non,2130083,3,l,Non
2015,35740,Non,2130084,24,kg,Non
2015,35740,Non,2130092,3,l,Non
2015,35740,Non,2130093,9,l,Oui
2015,35740,Non,2130120,40,l,Non
2015,35740,Non,2130151,0.15,kg,Oui
2015,35740,Non,2130153,1.8,l,Oui
2015,35740,Non,2130240,0.3,kg,Oui
2015,35740,Non,2130243,5,l,Non
2015,35740,Non,2140039,61.71,l,Non
2015,35740,Non,2140121,1,l,Non
2015,35740,Non,2140148,5,l,Non
2015,35740,Non,2140173,10,l,Non
2015,35740,Non,2140256,2.5,l,Non
2015,35740,Non,2140266,80,l,Non
2015,35740,Non,6500402,60,l,Non
2015,35740,Non,7300221,50,l,Non
2015,35740,Non,7500716,20,kg,Non
2015,35740,Non,7700706,36,kg,Oui
2015,35740,Non,7800132,10,l,Non
2015,35740,Non,8100283,10,l,Non
2015,35740,Non,8200307,410,l,Non
2015,35740,Non,8300243,80,l,Non
2015,35740,Non,8400096,6,l,Non
2015,35740,Non,8400098,0.3,l,Oui
2015,35740,Non,8400528,10,l,Non
2015,35740,Non,8400574,25,l,Non
2015,35740,Non,8400600,9,l,Non
2015,35740,Non,8500351,0.2,kg,Oui
2015,35740,Non,8500493,135,l,Non
2015,35740,Non,8600349,0.54,kg,Oui
2015,35740,Non,8600395,1.36,kg,Oui
2015,35740,Non,8700012,135,l,Non
2015,35740,Non,8700240,10,l,Non
2015,35740,Non,8700449,10,l,Non
2015,35740,Non,8700462,400,l,Non
2015,35740,Non,8700621,2,l,Oui
2015,35740,Non,8800011,5,l,Non
2015,35740,Non,8800029,5,l,Non
2015,35740,Non,8800395,10,l,Non
2015,35740,Non,8800893,5,l,Non
2015,35740,Non,8900564,7,l,Non
2015,35740,Non,8900681,1,l,Non
2015,35740,Non,9000069,5,l,Non
2015,35740,Non,9000184,5,l,Non
2015,35740,Non,9000361,2.4,kg,Oui
2015,35740,Non,9000490,5,l,Non
2015,35740,Non,9000833,10,l,Non
2015,35740,Non,9100046,3,l,Non
2015,35740,Non,9100231,41.1,kg,Oui
2015,35740,Non,9100418,70,l,Non
2015,35740,Non,9200135,28.5,kg,Oui
2015,35740,Non,9200159,1,l,Non
2015,35740,Non,9200392,1,l,Non
2015,35740,Non,9200461,40,l,Non
2015,35740,Non,9200494,28.8,l,Non
2015,35740,Non,9200532,1.8,l,Oui
2015,35740,Non,9200548,1.97,l,Non
2015,35740,Non,9300241,28.7,l,Oui
2015,35740,Non,9300305,20,l,Non
2015,35740,Non,9300309,1,l,Non
2015,35740,Non,9400039,2,l,Oui
2015,35740,Non,9400067,24,kg,Non
2015,35740,Non,9400134,30,l,Non
2015,35740,Non,9400162,20,l,Non
2015,35740,Non,9400494,18,l,Non
2015,35740,Non,9500002,40,l,Oui
2015,35740,Non,9500011,20,l,Non
2015,35740,Non,9500135,21.9,kg,Oui
2015,35740,Non,9500148,0.8,kg,Oui
2015,35740,Non,9500281,198,kg,Oui
2015,35740,Non,9500364,4.04,l,Oui
2015,35740,Non,9500484,8.64,l,Oui
2015,35740,Non,9500551,5,l,Non
2015,35740,Non,9600056,0.1,kg,Non
2015,35740,Non,9600197,0.9,kg,Non
2015,35740,Non,9600299,30,kg,Oui
2015,35740,Non,9600341,20,l,Non
2015,35740,Non,9600370,10,l,Non
2015,35740,Non,9600386,0.8,kg,Oui
2015,35740,Non,9700027,0.5,kg,Non
2015,35740,Non,9700332,1.24,l,Oui
2015,35740,Non,9700521,21,l,Oui
2015,35740,Non,9700558,30,l,Non
2015,35740,Non,9800096,3,l,Oui
2015,35740,Non,9800126,5,kg,Oui
2015,35740,Non,9800210,5,l,Non
2015,35740,Non,9800219,5,l,Non
2015,35740,Non,9800277,2.75,l,Non
2015,35740,Non,9800280,1,l,Non
2015,35740,Non,9800289,2,l,Non
2015,35740,Non,9800321,1,l,Oui
2015,35740,Non,9800343,5,l,Non
2015,35740,Non,9800344,0.64,l,Non
2015,35740,Non,9800432,5.22,l,Oui
2015,35740,Non,9800453,20,l,Non
2015,35740,Non,9800481,24,l,Oui
2015,35740,Non,9900016,45,l,Non
2015,35740,Non,9900047,125,l,Non
2015,35740,Non,9900078,20,l,Non
2015,35740,Non,9900119,7.36,kg,Oui
2015,35740,Non,9900134,0.18,l,Oui
2015,35740,Non,9900200,20,l,Oui
2015,35740,Non,9900201,5,l,Non
2015,35740,Non,9900206,18,l,Non
2015,35740,Non,9900251,29,l,Non
2015,35740,Non,9900257,31,kg,Oui
2015,35740,Non,9900371,3.36,kg,Oui
2015,35760,Non,2000018,80,kg,Non
2015,35760,Non,2000201,1.4,l,Non
2015,35760,Non,2010023,10,l,Non
2015,35760,Non,2010239,9,l,Non
2015,35760,Non,2010280,60,l,Non
2015,35760,Non,2010351,1.8,kg,Non
2015,35760,Non,2010425,0.3,kg,Non
2015,35760,Non,2010612,80,l,Oui
2015,35760,Non,2020049,1.8,kg,Non
2015,35760,Non,2020099,1,l,Non
2015,35760,Non,2030174,0.12,kg,Non
2015,35760,Non,2030273,20,l,Oui
2015,35760,Non,2040195,9,l,Non
2015,35760,Non,2040311,5,l,Non
2015,35760,Non,2050075,2.5,kg,Non
2015,35760,Non,2060063,0.02,kg,Non
2015,35760,Non,2060098,0.4,l,Non
2015,35760,Non,2060131,5,l,Oui
2015,35760,Non,2060132,20,l,Non
2015,35760,Non,2060175,25,kg,Oui
2015,35760,Non,2060194,264,kg,Non
2015,35760,Non,2070185,5,l,Non
2015,35760,Non,2080010,160,l,Oui
2015,35760,Non,2080026,20,l,Non
2015,35760,Non,2080101,3,kg,Non
2015,35760,Non,2080112,2.39,l,Non
2015,35760,Non,2080117,2.4,kg,Non
2015,35760,Non,2080123,1.6,kg,Non
2015,35760,Non,2080136,1,kg,Non
2015,35760,Non,2080145,15,l,Non
2015,35760,Non,2090008,0.82,l,Non
2015,35760,Non,2090011,70.1,l,Non
2015,35760,Non,2090028,5,l,Non
2015,35760,Non,2090037,17.2,kg,Non
2015,35760,Non,2090060,5,l,Non
2015,35760,Non,2090090,70,l,Non
2015,35760,Non,2090092,64,l,Non
2015,35760,Non,2090113,0.75,l,Non
2015,35760,Non,2090118,0.4,l,Non
2015,35760,Non,2090164,2.5,l,Oui
2015,35760,Non,2090171,35,l,Non
2015,35760,Non,2100026,3,l,Non
2015,35760,Non,2100028,10,l,Non
2015,35760,Non,2100053,30,l,Non
2015,35760,Non,2100057,20,l,Non
2015,35760,Non,2100067,30,kg,Non
2015,35760,Non,2100071,140,l,Non
2015,35760,Non,2100098,10,l,Non
2015,35760,Non,2100102,55,l,Non
2015,35760,Non,2100111,25,l,Non
2015,35760,Non,2100138,45,l,Non
2015,35760,Non,2100140,50,l,Non
2015,35760,Non,2100154,30,l,Non
2015,35760,Non,2100211,10,l,Non
2015,35760,Non,2100234,30,l,Non
2015,35760,Non,2100235,10,l,Non
2015,35760,Non,2110018,0.19,l,Non
2015,35760,Non,2110102,9.74,l,Non
2015,35760,Non,2110109,10,l,Non
2015,35760,Non,2110121,0.63,l,Non
2015,35760,Non,2110156,5,l,Non
2015,35760,Non,2110177,60,l,Non
2015,35760,Non,2110181,5,l,Non
2015,35760,Non,2120008,5,l,Oui
2015,35760,Non,2120029,5,l,Non
2015,35760,Non,2120041,0.75,l,Non
2015,35760,Non,2120048,1,l,Non
2015,35760,Non,2120066,0.1,l,Non
2015,35760,Non,2120075,0.4,l,Non
2015,35760,Non,2120089,9,l,Non
2015,35760,Non,2120117,10,l,Non
2015,35760,Non,2120120,5,l,Non
2015,35760,Non,2120153,10,l,Non
2015,35760,Non,2120205,90,l,Non
2015,35760,Non,2120210,10,l,Non
2015,35760,Non,2130013,1,l,Non
2015,35760,Non,2130069,10,l,Non
2015,35760,Non,2130105,224,kg,Non
2015,35760,Non,2130120,20,l,Non
2015,35760,Non,2130164,5,l,Non
2015,35760,Non,2140039,19.19,l,Non
2015,35760,Non,2140152,30,l,Non
2015,35760,Non,2140173,20.4,l,Non
2015,35760,Non,2140220,7.2,l,Non
2015,35760,Non,2140256,0.5,l,Non
2015,35760,Non,2140261,0.01,kg,Non
2015,35760,Non,2140266,70,l,Non
2015,35760,Non,6500402,60,l,Non
2015,35760,Non,6800258,5,kg,Non
2015,35760,Non,7400815,0.4,l,Non
2015,35760,Non,8100283,30,l,Non
2015,35760,Non,8200307,80,l,Non
2015,35760,Non,8300243,50,l,Non
2015,35760,Non,8400096,2,l,Non
2015,35760,Non,8400255,0.3,kg,Non
2015,35760,Non,8400528,1,l,Non
2015,35760,Non,8400600,1,l,Non
2015,35760,Non,8500174,0.4,l,Non
2015,35760,Non,8500493,30,l,Non
2015,35760,Non,8600243,10,l,Oui
2015,35760,Non,8600330,30,l,Non
2015,35760,Non,8700462,70,l,Non
2015,35760,Non,8800199,5,l,Non
2015,35760,Non,8800395,10,l,Non
2015,35760,Non,8800847,10,kg,Non
2015,35760,Non,8800893,15,l,Non
2015,35760,Non,8900681,15.1,l,Non
2015,35760,Non,9000069,5,l,Non
2015,35760,Non,9000833,5,l,Non
2015,35760,Non,9100296,15,l,Non
2015,35760,Non,9100418,75,l,Non
2015,35760,Non,9100505,60,l,Non
2015,35760,Non,9100636,1,l,Non
2015,35760,Non,9200392,15,l,Non
2015,35760,Non,9200461,25,l,Non
2015,35760,Non,9200482,3,kg,Oui
2015,35760,Non,9200548,0.73,l,Non
2015,35760,Non,9400067,4,kg,Non
2015,35760,Non,9400134,5,l,Non
2015,35760,Non,9400494,27,l,Non
2015,35760,Non,9500432,15,l,Non
2015,35760,Non,9500581,5,l,Non
2015,35760,Non,9500642,40,l,Non
2015,35760,Non,9600526,0.3,kg,Non
2015,35760,Non,9600550,10,l,Non
2015,35760,Non,9700332,1,l,Oui
2015,35760,Non,9800259,10,l,Non
2015,35760,Non,9800336,10,l,Non
2015,35760,Non,9800343,5,l,Non
2015,35760,Non,9800344,0.77,l,Non
2015,35760,Non,9800350,1,l,Oui
2015,35760,Non,9900016,50,l,Non
2015,35760,Non,9900047,55,l,Non
2015,35760,Non,9900200,25,l,Oui
2015,35760,Non,9900206,13,l,Non
2015,35760,Non,9900251,63.2,l,Non
2015,35770,Non,2000299,8.8,l,Non
2015,35770,Non,2000301,50,l,Non
2015,35770,Non,2010019,3,l,Non
2015,35770,Non,2010023,105,l,Non
2015,35770,Non,2010025,5,l,Non
2015,35770,Non,2010030,5,l,Non
2015,35770,Non,2010130,30,kg,Non
2015,35770,Non,2010132,0.4,kg,Non
2015,35770,Non,2010240,5,l,Non
2015,35770,Non,2010282,60,l,Non
2015,35770,Non,2010351,0.6,kg,Non
2015,35770,Non,2010427,45,l,Non
2015,35770,Non,2010439,56,l,Oui
2015,35770,Non,2020049,6,kg,Non
2015,35770,Non,2020224,3,kg,Non
2015,35770,Non,2020474,63.5,l,Non
2015,35770,Non,2030332,20,l,Oui
2015,35770,Non,2040051,35,l,Non
2015,35770,Non,2040195,3,l,Non
2015,35770,Non,2040199,1,kg,Non
2015,35770,Non,2050046,0.5,kg,Non
2015,35770,Non,2050075,10,kg,Non
2015,35770,Non,2060045,7,kg,Oui
2015,35770,Non,2060084,10,kg,Non
2015,35770,Non,2060088,25,l,Non
2015,35770,Non,2060098,0.5,l,Non
2015,35770,Non,2060115,20,l,Non
2015,35770,Non,2060131,10,l,Oui
2015,35770,Non,2060134,20,kg,Non
2015,35770,Non,2060175,350,kg,Oui
2015,35770,Non,2060194,24,kg,Non
2015,35770,Non,2070242,20,kg,Non
2015,35770,Non,2080026,48,l,Non
2015,35770,Non,2080060,1,l,Non
2015,35770,Non,2080101,1,kg,Non
2015,35770,Non,2080107,15,l,Non
2015,35770,Non,2080117,0.9,kg,Non
2015,35770,Non,2080136,30,kg,Non
2015,35770,Non,2080145,65,l,Non
2015,35770,Non,2090016,10,l,Non
2015,35770,Non,2090018,40,l,Non
2015,35770,Non,2090037,13,kg,Non
2015,35770,Non,2090038,255,l,Non
2015,35770,Non,2090041,4,kg,Non
2015,35770,Non,2090042,16.65,kg,Non
2015,35770,Non,2090050,60,kg,Non
2015,35770,Non,2090054,0.5,kg,Non
2015,35770,Non,2090057,0.6,kg,Non
2015,35770,Non,2090060,25,l,Non
2015,35770,Non,2090068,15,l,Non
2015,35770,Non,2090090,22,l,Non
2015,35770,Non,2090103,300,kg,Non
2015,35770,Non,2090113,250,l,Non
2015,35770,Non,2090115,40,l,Non
2015,35770,Non,2090138,4.5,kg,Non
2015,35770,Non,2090159,0.7,kg,Non
2015,35770,Non,2090160,20,l,Non
2015,35770,Non,2100015,0.18,kg,Non
2015,35770,Non,2100018,65,l,Non
2015,35770,Non,2100026,3,l,Non
2015,35770,Non,2100028,10,l,Non
2015,35770,Non,2100030,20,kg,Non
2015,35770,Non,2100056,10,l,Non
2015,35770,Non,2100057,10,l,Non
2015,35770,Non,2100067,1.5,kg,Non
2015,35770,Non,2100069,5.5,kg,Non
2015,35770,Non,2100102,40,l,Non
2015,35770,Non,2100108,45,l,Non
2015,35770,Non,2100112,100,l,Non
2015,35770,Non,2100138,30,l,Non
2015,35770,Non,2100140,65,l,Non
2015,35770,Non,2100154,30,l,Non
2015,35770,Non,2100214,5,l,Non
2015,35770,Non,2100234,55,l,Non
2015,35770,Non,2110090,195,l,Non
2015,35770,Non,2110153,25,l,Non
2015,35770,Non,2110177,60,l,Non
2015,35770,Non,2110178,6,l,Non
2015,35770,Non,2110194,10,l,Non
2015,35770,Non,2110198,40,l,Oui
2015,35770,Non,2110200,5,l,Non
2015,35770,Non,2120034,40,l,Non
2015,35770,Non,2120048,9,l,Non
2015,35770,Non,2120066,10,l,Non
2015,35770,Non,2120070,65,l,Non
2015,35770,Non,2120075,40,l,Non
2015,35770,Non,2120160,50,l,Non
2015,35770,Non,2120177,1,kg,Non
2015,35770,Non,2120205,40,l,Non
2015,35770,Non,2120210,10,l,Non
2015,35770,Non,2130068,4,l,Non
2015,35770,Non,2130075,80,kg,Non
2015,35770,Non,2130092,1,l,Non
2015,35770,Non,2130105,16,kg,Non
2015,35770,Non,2130164,20,l,Non
2015,35770,Non,2130202,20,l,Non
2015,35770,Non,2130253,15,l,Non
2015,35770,Non,2140039,9.92,l,Non
2015,35770,Non,2140085,1,l,Non
2015,35770,Non,2140173,80,l,Non
2015,35770,Non,2140183,5,l,Non
2015,35770,Non,5100219,100,kg,Non
2015,35770,Non,6500402,10,l,Non
2015,35770,Non,7300221,30,l,Non
2015,35770,Non,7400815,20,l,Non
2015,35770,Non,7500569,4,kg,Non
2015,35770,Non,7500716,5,kg,Non
2015,35770,Non,8200307,40,l,Non
2015,35770,Non,8300243,5,l,Non
2015,35770,Non,8400528,30,l,Non
2015,35770,Non,8400574,20,l,Non
2015,35770,Non,8500194,5,l,Non
2015,35770,Non,8500493,40,l,Non
2015,35770,Non,8700012,30,l,Non
2015,35770,Non,8700746,1,kg,Non
2015,35770,Non,8800395,20,l,Non
2015,35770,Non,8800488,140,l,Non
2015,35770,Non,8800504,12,l,Non
2015,35770,Non,8900564,1,l,Non
2015,35770,Non,9000184,5,l,Non
2015,35770,Non,9000259,0.36,kg,Non
2015,35770,Non,9000471,5,l,Non
2015,35770,Non,9100046,3,l,Non
2015,35770,Non,9100065,5,l,Non
2015,35770,Non,9100418,25,l,Non
2015,35770,Non,9100645,2,l,Non
2015,35770,Non,9200159,6,l,Non
2015,35770,Non,9200262,2,l,Non
2015,35770,Non,9200392,1,l,Non
2015,35770,Non,9200461,10,l,Non
2015,35770,Non,9300186,10,kg,Non
2015,35770,Non,9300189,65,l,Oui
2015,35770,Non,9300309,2,l,Non
2015,35770,Non,9300396,120,l,Non
2015,35770,Non,9400012,15,l,Non
2015,35770,Non,9400162,20,l,Non
2015,35770,Non,9500551,10,l,Non
2015,35770,Non,9600197,2.1,kg,Non
2015,35770,Non,9600319,10,l,Oui
2015,35770,Non,9600392,10,l,Non
2015,35770,Non,9600550,125,l,Non
2015,35770,Non,9700216,1,l,Non
2015,35770,Non,9700392,2,kg,Non
2015,35770,Non,9800076,30,l,Oui
2015,35770,Non,9800182,170,l,Non
2015,35770,Non,9800219,5,l,Non
2015,35770,Non,9800277,2.25,l,Non
2015,35770,Non,9800294,820,l,Non
2015,35770,Non,9800336,7,l,Non
2015,35770,Non,9800392,10,l,Non
2015,35770,Non,9800496,1,l,Non
2015,35770,Non,9900016,10,l,Non
2015,35770,Non,9900047,53,l,Non
2015,35770,Non,9900104,65,l,Non
2015,35770,Non,9900200,40,l,Oui
2015,35770,Non,9900242,20,kg,Non
2015,35770,Non,9900269,20,l,Non
2015,35830,Non,2000017,0.86,l,Oui
2015,35830,Non,2000071,1249.5,kg,Oui
2015,35830,Non,2000105,2.7,kg,Oui
2015,35830,Non,2000125,84.5,kg,Oui
2015,35830,Non,2000499,208,l,Non
2015,35830,Non,2000502,1,l,Non
2015,35830,Non,2010023,2,l,Non
2015,35830,Non,2010030,5,l,Non
2015,35830,Non,2010035,173.25,l,Oui
2015,35830,Non,2010239,10,l,Non
2015,35830,Non,2010280,124,l,Non
2015,35830,Non,2010284,0.02,l,Oui
2015,35830,Non,2010319,21.75,l,Oui
2015,35830,Non,2010321,362.15,l,Oui
2015,35830,Non,2010410,22.5,kg,Oui
2015,35830,Non,2010425,0.1,kg,Non
2015,35830,Non,2010439,29,l,Oui
2015,35830,Non,2010493,21.25,kg,Oui
2015,35830,Non,2010509,61.7,kg,Oui
2015,35830,Non,2010531,20,l,Non
2015,35830,Non,2010612,180,l,Oui
2015,35830,Non,2020020,3.2,l,Oui
2015,35830,Non,2020021,5,l,Non
2015,35830,Non,2020049,0.6,kg,Non
2015,35830,Non,2020065,4.2,kg,Oui
2015,35830,Non,2020234,60,kg,Non
2015,35830,Non,2030019,30,l,Non
2015,35830,Non,2030125,8.86,l,Oui
2015,35830,Non,2030273,11.83,l,Oui
2015,35830,Non,2030323,0.41,l,Non
2015,35830,Non,2030332,47.88,l,Oui
2015,35830,Non,2030466,9,kg,Oui
2015,35830,Non,2050144,57.75,l,Oui
2015,35830,Non,2050145,83,l,Oui
2015,35830,Non,2050146,233.8,l,Oui
2015,35830,Non,2060088,120,l,Non
2015,35830,Non,2060114,1,l,Non
2015,35830,Non,2060127,0.57,l,Non
2015,35830,Non,2060129,28.71,kg,Non
2015,35830,Non,2060131,0.3,l,Oui
2015,35830,Non,2060175,145.12,kg,Oui
2015,35830,Non,2060194,60,kg,Non
2015,35830,Non,2070221,8,l,Non
2015,35830,Non,2080018,17.6,l,Oui
2015,35830,Non,2080026,25,l,Non
2015,35830,Non,2080054,264.6,l,Oui
2015,35830,Non,2080089,38,l,Oui
2015,35830,Non,2080090,41.5,l,Oui
2015,35830,Non,2080117,3.9,kg,Non
2015,35830,Non,2080123,3.3,kg,Non
2015,35830,Non,2080145,15,l,Non
2015,35830,Non,2090009,60,l,Non
2015,35830,Non,2090011,70,l,Non
2015,35830,Non,2090016,20,l,Non
2015,35830,Non,2090032,24,l,Oui
2015,35830,Non,2090033,8.2,l,Oui
2015,35830,Non,2090036,170,l,Oui
2015,35830,Non,2090037,26.6,kg,Non
2015,35830,Non,2090041,2.5,kg,Non
2015,35830,Non,2090043,57,l,Non
2015,35830,Non,2090044,63,l,Oui
2015,35830,Non,2090050,120,kg,Non
2015,35830,Non,2090057,0.45,kg,Non
2015,35830,Non,2090079,44.1,l,Oui
2015,35830,Non,2090092,108,l,Non
2015,35830,Non,2090103,25,kg,Non
2015,35830,Non,2090118,10,l,Non
2015,35830,Non,2090146,21.8,l,Oui
2015,35830,Non,2090160,20,l,Non
2015,35830,Non,2090171,55,l,Non
2015,35830,Non,2090173,30,l,Non
2015,35830,Non,2090176,10.44,l,Oui
2015,35830,Non,2090186,160,l,Non
2015,35830,Non,2090199,2.4,l,Oui
2015,35830,Non,2090200,3.55,l,Oui
2015,35830,Non,2100004,91.2,l,Oui
2015,35830,Non,2100015,0.18,kg,Non
2015,35830,Non,2100026,8,l,Non
2015,35830,Non,2100037,5,l,Non
2015,35830,Non,2100052,5,l,Non
2015,35830,Non,2100053,65,l,Non
2015,35830,Non,2100057,25,l,Non
2015,35830,Non,2100071,300,l,Non
2015,35830,Non,2100078,90,l,Oui
2015,35830,Non,2100108,45,l,Non
2015,35830,Non,2100111,25,l,Non
2015,35830,Non,2100112,35,l,Non
2015,35830,Non,2100138,35,l,Non
2015,35830,Non,2100140,95,l,Non
2015,35830,Non,2100154,5,l,Non
2015,35830,Non,2100165,8.72,l,Oui
2015,35830,Non,2100219,165,l,Oui
2015,35830,Non,2100234,30,l,Non
2015,35830,Non,2110018,0.5,l,Non
2015,35830,Non,2110040,0.3,kg,Oui
2015,35830,Non,2110083,9,l,Oui
2015,35830,Non,2110084,24.75,l,Oui
2015,35830,Non,2110103,0.5,kg,Non
2015,35830,Non,2110105,5,l,Non
2015,35830,Non,2110109,40,l,Non
2015,35830,Non,2110143,1,l,Non
2015,35830,Non,2110144,8,l,Non
2015,35830,Non,2110149,34.4,l,Oui
2015,35830,Non,2110150,27.45,l,Oui
2015,35830,Non,2110152,1,l,Non
2015,35830,Non,2110159,8.6,l,Oui
2015,35830,Non,2110160,80,l,Oui
2015,35830,Non,2110177,20,l,Non
2015,35830,Non,2110178,20,l,Non
2015,35830,Non,2110180,6.13,kg,Oui
2015,35830,Non,2120015,4.5,l,Oui
2015,35830,Non,2120018,98.2,l,Oui
2015,35830,Non,2120034,20,l,Non
2015,35830,Non,2120048,7,l,Non
2015,35830,Non,2120063,1.2,l,Oui
2015,35830,Non,2120066,10,l,Non
2015,35830,Non,2120122,5,l,Non
2015,35830,Non,2120129,25.9,l,Oui
2015,35830,Non,2120133,22,l,Oui
2015,35830,Non,2120153,10,l,Non
2015,35830,Non,2120160,10,l,Non
2015,35830,Non,2120205,80,l,Non
2015,35830,Non,2130040,14.25,l,Oui
2015,35830,Non,2130063,5,l,Non
2015,35830,Non,2130068,1,l,Non
2015,35830,Non,2130069,10,l,Non
2015,35830,Non,2130075,80,kg,Non
2015,35830,Non,2130083,1,l,Non
2015,35830,Non,2130087,40,kg,Non
2015,35830,Non,2130093,116,l,Oui
2015,35830,Non,2130164,10,l,Non
2015,35830,Non,2130243,25.5,l,Non
2015,35830,Non,2130249,10,l,Non
2015,35830,Non,2130266,10,l,Non
2015,35830,Non,2140039,0.4,l,Non
2015,35830,Non,2140090,5,l,Non
2015,35830,Non,2140106,75,l,Oui
2015,35830,Non,2140148,5,l,Non
2015,35830,Non,2140173,55,l,Non
2015,35830,Non,2140220,7.2,l,Non
2015,35830,Non,2140256,1.5,l,Non
2015,35830,Non,6500402,110,l,Non
2015,35830,Non,7500004,0.5,l,Oui
2015,35830,Non,7500716,5,kg,Non
2015,35830,Non,7700706,396,kg,Oui
2015,35830,Non,8100462,19.25,kg,Oui
2015,35830,Non,8200307,55,l,Non
2015,35830,Non,8300243,40,l,Non
2015,35830,Non,8400096,11,l,Non
2015,35830,Non,8400098,3.35,l,Oui
2015,35830,Non,8400255,0.4,kg,Non
2015,35830,Non,8400574,10,l,Non
2015,35830,Non,8400600,10,l,Non
2015,35830,Non,8500351,4.33,kg,Oui
2015,35830,Non,8500493,180,l,Non
2015,35830,Non,8700012,5,l,Non
2015,35830,Non,8700462,10,l,Non
2015,35830,Non,8800488,5,l,Non
2015,35830,Non,8820680,1497.6,kg,Oui
2015,35830,Non,8900153,10,l,Non
2015,35830,Non,8900681,11,l,Non
2015,35830,Non,9000259,0.24,kg,Non
2015,35830,Non,9000361,25.6,kg,Oui
2015,35830,Non,9000833,30,l,Non
2015,35830,Non,9100155,10,l,Non
2015,35830,Non,9100231,733.6,kg,Oui
2015,35830,Non,9100418,140,l,Non
2015,35830,Non,9100525,38,kg,Oui
2015,35830,Non,9100645,2,l,Non
2015,35830,Non,9120616,927.5,kg,Oui
2015,35830,Non,9200135,151.65,kg,Oui
2015,35830,Non,9200461,10,l,Non
2015,35830,Non,9200482,1.22,kg,Oui
2015,35830,Non,9200548,3.21,l,Non
2015,35830,Non,9300111,93.45,l,Oui
2015,35830,Non,9300189,30.24,l,Oui
2015,35830,Non,9300241,46.5,l,Oui
2015,35830,Non,9300305,20,l,Non
2015,35830,Non,9300309,1,l,Non
2015,35830,Non,9400067,4,kg,Non
2015,35830,Non,9400134,40,l,Non
2015,35830,Non,9400494,27,l,Non
2015,35830,Non,9500147,11.6,kg,Oui
2015,35830,Non,9500148,1.3,kg,Oui
2015,35830,Non,9500364,38.87,l,Oui
2015,35830,Non,9500414,5,l,Oui
2015,35830,Non,9500452,15,kg,Oui
2015,35830,Non,9500484,21.6,l,Oui
2015,35830,Non,9500485,170,l,Oui
2015,35830,Non,9500506,90,l,Non
2015,35830,Non,9500516,3.5,l,Oui
2015,35830,Non,9500568,0.13,kg,Non
2015,35830,Non,9500642,40,l,Non
2015,35830,Non,9600097,1.44,l,Oui
2015,35830,Non,9600386,18.2,kg,Oui
2015,35830,Non,9600488,17.4,kg,Oui
2015,35830,Non,9600550,10,l,Non
2015,35830,Non,9700332,2.2,l,Oui
2015,35830,Non,9700521,34,l,Oui
2015,35830,Non,9800076,6,l,Oui
2015,35830,Non,9800096,60,l,Oui
2015,35830,Non,9800194,5,l,Oui
2015,35830,Non,9800321,3.2,l,Oui
2015,35830,Non,9800343,5,l,Non
2015,35830,Non,9800344,32.21,l,Non
2015,35830,Non,9800474,15,kg,Non
2015,35830,Non,9800481,309,l,Oui
2015,35830,Non,9800524,9,l,Oui
2015,35830,Non,9900016,215,l,Non
2015,35830,Non,9900047,125,l,Non
2015,35830,Non,9900119,41.12,kg,Oui
2015,35830,Non,9900134,1.02,l,Oui
2015,35830,Non,9900206,31,l,Non
2015,35830,Non,9900251,135,l,Non
2015,35830,Non,9900257,214,kg,Oui
2015,35830,Non,9900263,20,l,Non
2015,35830,Non,9900269,100,l,Non
2015,35830,Non,9900390,60,l,Non
2015,35850,Non,2000003,35,l,Non
2015,35850,Non,2000079,5,l,Non
2015,35850,Non,2000097,24,kg,Non
2015,35850,Non,2000202,5,l,Non
2015,35850,Non,2000299,2,l,Non
2015,35850,Non,2000391,1,l,Non
2015,35850,Non,2000424,25,l,Oui
2015,35850,Non,2010023,13,l,Non
2015,35850,Non,2010025,15,l,Non
2015,35850,Non,2010035,1.2,l,Oui
2015,35850,Non,2010280,180,l,Non
2015,35850,Non,2010282,30,l,Non
2015,35850,Non,2010289,160,l,Non
2015,35850,Non,2010299,0.24,kg,Oui
2015,35850,Non,2010326,20,l,Non
2015,35850,Non,2010351,37.8,kg,Non
2015,35850,Non,2010415,280,l,Non
2015,35850,Non,2010419,22.8,kg,Non
2015,35850,Non,2010425,3.3,kg,Non
2015,35850,Non,2010427,6,l,Non
2015,35850,Non,2010495,30,kg,Non
2015,35850,Non,2010612,560,l,Oui
2015,35850,Non,2020003,5,kg,Oui
2015,35850,Non,2020020,0.13,l,Oui
2015,35850,Non,2020049,20.4,kg,Non
2015,35850,Non,2020062,15,l,Non
2015,35850,Non,2020065,0.02,kg,Oui
2015,35850,Non,2020099,38.25,l,Non
2015,35850,Non,2020224,6.6,kg,Non
2015,35850,Non,2020234,20,kg,Non
2015,35850,Non,2020445,20,l,Non
2015,35850,Non,2020456,30,l,Non
2015,35850,Non,2030019,190,l,Non
2015,35850,Non,2030056,75,kg,Non
2015,35850,Non,2030125,0.23,l,Oui
2015,35850,Non,2030323,21.2,l,Non
2015,35850,Non,2030332,0.5,l,Oui
2015,35850,Non,2030429,60,kg,Non
2015,35850,Non,2040146,0.05,l,Non
2015,35850,Non,2050075,20,kg,Non
2015,35850,Non,2050146,7.4,l,Oui
2015,35850,Non,2060045,5,kg,Oui
2015,35850,Non,2060051,10,l,Non
2015,35850,Non,2060063,5.5,kg,Non
2015,35850,Non,2060084,19,kg,Non
2015,35850,Non,2060088,940,l,Non
2015,35850,Non,2060091,100,l,Non
2015,35850,Non,2060115,10,l,Non
2015,35850,Non,2060118,340,l,Non
2015,35850,Non,2060127,4.54,l,Non
2015,35850,Non,2060131,2.1,l,Oui
2015,35850,Non,2060194,1496,kg,Non
2015,35850,Non,2070107,5,l,Non
2015,35850,Non,2070184,10,l,Non
2015,35850,Non,2080026,206,l,Non
2015,35850,Non,2080094,7.5,kg,Non
2015,35850,Non,2080101,4,kg,Non
2015,35850,Non,2080105,20,l,Non
2015,35850,Non,2080107,35,l,Non
2015,35850,Non,2080112,5.83,l,Non
2015,35850,Non,2080117,13.30,kg,Non
2015,35850,Non,2080123,2.5,kg,Non
2015,35850,Non,2080136,1,kg,Non
2015,35850,Non,2080145,200,l,Non
2015,35850,Non,2090008,4.52,l,Non
2015,35850,Non,2090011,30,l,Non
2015,35850,Non,2090016,40,l,Non
2015,35850,Non,2090018,10,l,Non
2015,35850,Non,2090024,25,l,Non
2015,35850,Non,2090037,83.2,kg,Non
2015,35850,Non,2090041,17,kg,Non
2015,35850,Non,2090042,1.1,kg,Non
2015,35850,Non,2090050,324,kg,Non
2015,35850,Non,2090057,6.45,kg,Non
2015,35850,Non,2090068,15,l,Non
2015,35850,Non,2090069,110,l,Non
2015,35850,Non,2090092,386,l,Non
2015,35850,Non,2090113,170,l,Non
2015,35850,Non,2090153,20.4,kg,Non
2015,35850,Non,2090159,1.05,kg,Non
2015,35850,Non,2090160,160,l,Non
2015,35850,Non,2090162,20,l,Non
2015,35850,Non,2090171,5,l,Non
2015,35850,Non,2090172,60,l,Non
2015,35850,Non,2090173,85,l,Non
2015,35850,Non,2090186,160,l,Non
2015,35850,Non,2100004,0.96,l,Oui
2015,35850,Non,2100009,6.84,kg,Non
2015,35850,Non,2100014,4.5,kg,Non
2015,35850,Non,2100015,0.54,kg,Non
2015,35850,Non,2100016,1,kg,Non
2015,35850,Non,2100026,8,l,Non
2015,35850,Non,2100028,20,l,Non
2015,35850,Non,2100030,200,kg,Non
2015,35850,Non,2100052,5,l,Non
2015,35850,Non,2100053,55,l,Non
2015,35850,Non,2100056,45,l,Non
2015,35850,Non,2100057,25,l,Non
2015,35850,Non,2100065,2.37,kg,Non
2015,35850,Non,2100071,220,l,Non
2015,35850,Non,2100108,330,l,Non
2015,35850,Non,2100111,860,l,Non
2015,35850,Non,2100112,85,l,Non
2015,35850,Non,2100138,220,l,Non
2015,35850,Non,2100140,130,l,Non
2015,35850,Non,2100151,23.31,l,Non
2015,35850,Non,2100179,100,l,Non
2015,35850,Non,2100184,25,kg,Non
2015,35850,Non,2100185,25,l,Non
2015,35850,Non,2100211,120,l,Non
2015,35850,Non,2100215,30,l,Non
2015,35850,Non,2100234,235,l,Non
2015,35850,Non,2100235,40,l,Non
2015,35850,Non,2110063,1.65,kg,Non
2015,35850,Non,2110095,5,l,Non
2015,35850,Non,2110102,7.28,l,Non
2015,35850,Non,2110103,0.4,kg,Non
2015,35850,Non,2110105,10,l,Non
2015,35850,Non,2110109,500,l,Non
2015,35850,Non,2110121,13.85,l,Non
2015,35850,Non,2110152,2,l,Non
2015,35850,Non,2110164,5,l,Non
2015,35850,Non,2110170,430,l,Non
2015,35850,Non,2110177,610,l,Non
2015,35850,Non,2110178,310,l,Non
2015,35850,Non,2110181,5,l,Non
2015,35850,Non,2110194,45,l,Non
2015,35850,Non,2110201,105,l,Non
2015,35850,Non,2120018,0.8,l,Oui
2015,35850,Non,2120034,120,l,Non
2015,35850,Non,2120048,103,l,Non
2015,35850,Non,2120063,0.2,l,Oui
2015,35850,Non,2120066,30,l,Non
2015,35850,Non,2120070,535,l,Non
2015,35850,Non,2120075,40,l,Non
2015,35850,Non,2120089,6,l,Non
2015,35850,Non,2120093,5,l,Non
2015,35850,Non,2120122,5,l,Non
2015,35850,Non,2120194,0.7,kg,Non
2015,35850,Non,2120205,610,l,Non
2015,35850,Non,2120210,20,l,Non
2015,35850,Non,2130063,5,l,Non
2015,35850,Non,2130068,21,l,Non
2015,35850,Non,2130075,1060,kg,Non
2015,35850,Non,2130079,0.5,l,Non
2015,35850,Non,2130083,13,l,Non
2015,35850,Non,2130084,84,kg,Non
2015,35850,Non,2130120,50,l,Non
2015,35850,Non,2130164,30,l,Non
2015,35850,Non,2130190,10,l,Non
2015,35850,Non,2130202,25,l,Non
2015,35850,Non,2130243,15,l,Non
2015,35850,Non,2140039,101.77,l,Non
2015,35850,Non,2140078,0.25,l,Non
2015,35850,Non,2140082,56,l,Non
2015,35850,Non,2140085,3,l,Non
2015,35850,Non,2140123,20,l,Non
2015,35850,Non,2140148,15,l,Non
2015,35850,Non,2140173,140,l,Non
2015,35850,Non,2140220,3.6,l,Non
2015,35850,Non,2140256,15.5,l,Non
2015,35850,Non,2140266,150,l,Non
2015,35850,Non,6500402,253,l,Non
2015,35850,Non,6600357,2,l,Non
2015,35850,Non,7000391,2,l,Non
2015,35850,Non,7400815,170,l,Non
2015,35850,Non,7500569,5,kg,Non
2015,35850,Non,7600008,6,l,Non
2015,35850,Non,7700078,25,l,Non
2015,35850,Non,7900753,1,l,Non
2015,35850,Non,8000144,20,kg,Non
2015,35850,Non,8100283,15,l,Non
2015,35850,Non,8200307,1155,l,Non
2015,35850,Non,8200538,5,l,Non
2015,35850,Non,8300243,230,l,Non
2015,35850,Non,8400096,44,l,Non
2015,35850,Non,8400255,0.3,kg,Non
2015,35850,Non,8400528,100,l,Non
2015,35850,Non,8400574,100,l,Non
2015,35850,Non,8400600,1,l,Non
2015,35850,Non,8500493,205,l,Non
2015,35850,Non,8600028,20,l,Non
2015,35850,Non,8600243,20,l,Oui
2015,35850,Non,8700012,405,l,Non
2015,35850,Non,8700177,25,kg,Non
2015,35850,Non,8700304,20,kg,Non
2015,35850,Non,8700449,100,l,Non
2015,35850,Non,8700462,450,l,Non
2015,35850,Non,8800395,50,l,Non
2015,35850,Non,8800488,70,l,Non
2015,35850,Non,8800893,150,l,Non
2015,35850,Non,8900153,30,l,Non
2015,35850,Non,8900564,11,l,Non
2015,35850,Non,8900681,10,l,Non
2015,35850,Non,9000163,2.7,kg,Non
2015,35850,Non,9000184,140,l,Non
2015,35850,Non,9000259,2.40,kg,Non
2015,35850,Non,9000490,25,l,Non
2015,35850,Non,9000741,65,l,Non
2015,35850,Non,9000753,80,kg,Non
2015,35850,Non,9000833,70,l,Non
2015,35850,Non,9100046,39,l,Non
2015,35850,Non,9100065,25,l,Non
2015,35850,Non,9100155,30,l,Non
2015,35850,Non,9100231,8.2,kg,Oui
2015,35850,Non,9100418,245,l,Non
2015,35850,Non,9100438,10,l,Non
2015,35850,Non,9100645,2,l,Non
2015,35850,Non,9200091,2.7,l,Non
2015,35850,Non,9200135,2,kg,Oui
2015,35850,Non,9200262,18,l,Non
2015,35850,Non,9200392,20,l,Non
2015,35850,Non,9200461,260,l,Non
2015,35850,Non,9200494,9.6,l,Non
2015,35850,Non,9200548,7.19,l,Non
2015,35850,Non,9300338,40,l,Non
2015,35850,Non,9400067,48,kg,Non
2015,35850,Non,9400109,300,kg,Oui
2015,35850,Non,9400133,40,l,Non
2015,35850,Non,9400134,150,l,Non
2015,35850,Non,9400162,60,l,Non
2015,35850,Non,9400212,65,l,Non
2015,35850,Non,9400336,75,l,Non
2015,35850,Non,9400354,60,l,Non
2015,35850,Non,9400367,165,l,Non
2015,35850,Non,9400494,63,l,Non
2015,35850,Non,9500002,5,l,Oui
2015,35850,Non,9500011,35,l,Non
2015,35850,Non,9500506,10,l,Non
2015,35850,Non,9500568,5,kg,Non
2015,35850,Non,9500581,80,l,Non
2015,35850,Non,9600056,0.2,kg,Non
2015,35850,Non,9600093,5,l,Non
2015,35850,Non,9600197,4.2,kg,Non
2015,35850,Non,9600319,10,l,Oui
2015,35850,Non,9600341,30,l,Non
2015,35850,Non,9700521,3,l,Oui
2015,35850,Non,9800018,240,l,Non
2015,35850,Non,9800076,1,l,Oui
2015,35850,Non,9800098,10,kg,Non
2015,35850,Non,9800126,0.08,kg,Oui
2015,35850,Non,9800211,35,l,Non
2015,35850,Non,9800277,0.75,l,Non
2015,35850,Non,9800320,4,kg,Non
2015,35850,Non,9800336,3,l,Non
2015,35850,Non,9800343,25,l,Non
2015,35850,Non,9800344,3.07,l,Non
2015,35850,Non,9800374,0.25,kg,Non
2015,35850,Non,9800453,60,l,Non
2015,35850,Non,9800477,150,l,Non
2015,35850,Non,9800499,20,l,Non
2015,35850,Non,9900014,0.4,l,Oui
2015,35850,Non,9900016,225,l,Non
2015,35850,Non,9900047,380,l,Non
2015,35850,Non,9900206,91,l,Non
2015,35850,Non,9900251,51,l,Non
2015,35850,Non,9900257,5.5,kg,Oui
2015,35850,Non,9900263,20,l,Non
2015,35850,Non,9900411,10,l,Non
2015,35850,Non,9900412,5,l,Non
2015,35890,Non,2000017,0.12,l,Oui
2015,35890,Non,2000125,3.2,kg,Oui
2015,35890,Non,2000201,13.95,l,Non
2015,35890,Non,2000299,13,l,Non
2015,35890,Non,2000301,35,l,Non
2015,35890,Non,2000305,20,l,Non
2015,35890,Non,2000341,20,kg,Non
2015,35890,Non,2010019,25,l,Non
2015,35890,Non,2010023,21,l,Non
2015,35890,Non,2010025,15,l,Non
2015,35890,Non,2010030,50,l,Non
2015,35890,Non,2010035,7.25,l,Oui
2015,35890,Non,2010239,30,l,Non
2015,35890,Non,2010280,115,l,Non
2015,35890,Non,2010284,0.09,l,Oui
2015,35890,Non,2010289,30,l,Non
2015,35890,Non,2010326,15,l,Non
2015,35890,Non,2010351,4.2,kg,Non
2015,35890,Non,2010415,120,l,Non
2015,35890,Non,2010419,26.4,kg,Non
2015,35890,Non,2010425,0.4,kg,Non
2015,35890,Non,2010439,1,l,Oui
2015,35890,Non,2010495,240,kg,Non
2015,35890,Non,2010530,0.3,l,Oui
2015,35890,Non,2010537,1.5,kg,Non
2015,35890,Non,2020020,0.15,l,Oui
2015,35890,Non,2020049,16.2,kg,Non
2015,35890,Non,2020099,5.25,l,Non
2015,35890,Non,2020269,60,l,Non
2015,35890,Non,2020456,5,l,Non
2015,35890,Non,2020474,25,l,Non
2015,35890,Non,2030068,5,l,Non
2015,35890,Non,2030125,5.39,l,Oui
2015,35890,Non,2030255,35,l,Non
2015,35890,Non,2030323,2.58,l,Non
2015,35890,Non,2030332,0.5,l,Oui
2015,35890,Non,2030429,60,kg,Non
2015,35890,Non,2040146,19.72,l,Non
2015,35890,Non,2040338,8,l,Non
2015,35890,Non,2050075,27.5,kg,Non
2015,35890,Non,2050146,55.6,l,Oui
2015,35890,Non,2060088,505,l,Non
2015,35890,Non,2060091,30,l,Non
2015,35890,Non,2060118,60,l,Non
2015,35890,Non,2060127,0.11,l,Non
2015,35890,Non,2060131,51,l,Oui
2015,35890,Non,2060137,5,l,Non
2015,35890,Non,2060175,875,kg,Oui
2015,35890,Non,2060194,72,kg,Non
2015,35890,Non,2080018,1.4,l,Oui
2015,35890,Non,2080026,181,l,Non
2015,35890,Non,2080094,5,kg,Non
2015,35890,Non,2080098,10,l,Oui
2015,35890,Non,2080103,45,l,Non
2015,35890,Non,2080107,30,l,Non
2015,35890,Non,2080112,13.44,l,Non
2015,35890,Non,2080113,30,kg,Non
2015,35890,Non,2080117,7.80,kg,Non
2015,35890,Non,2080120,5,l,Non
2015,35890,Non,2080125,1.7,kg,Non
2015,35890,Non,2080145,115,l,Non
2015,35890,Non,2090008,3.04,l,Non
2015,35890,Non,2090016,50,l,Non
2015,35890,Non,2090017,25,l,Non
2015,35890,Non,2090018,50,l,Non
2015,35890,Non,2090024,15,l,Non
2015,35890,Non,2090037,4,kg,Non
2015,35890,Non,2090038,250,l,Non
2015,35890,Non,2090041,6,kg,Non
2015,35890,Non,2090042,6.85,kg,Non
2015,35890,Non,2090050,24,kg,Non
2015,35890,Non,2090053,5,l,Non
2015,35890,Non,2090057,2.70,kg,Non
2015,35890,Non,2090060,15,l,Non
2015,35890,Non,2090068,30,l,Non
2015,35890,Non,2090080,20,l,Non
2015,35890,Non,2090092,15,l,Non
2015,35890,Non,2090101,15,l,Non
2015,35890,Non,2090111,12.17,l,Non
2015,35890,Non,2090113,190,l,Non
2015,35890,Non,2090115,60,l,Non
2015,35890,Non,2090153,16,kg,Non
2015,35890,Non,2090159,0.35,kg,Non
2015,35890,Non,2090160,80,l,Non
2015,35890,Non,2090171,10,l,Non
2015,35890,Non,2090172,10,l,Non
2015,35890,Non,2090173,105,l,Non
2015,35890,Non,2090186,20,l,Non
2015,35890,Non,2100004,2.35,l,Oui
2015,35890,Non,2100009,2.10,kg,Non
2015,35890,Non,2100014,4.8,kg,Non
2015,35890,Non,2100015,0.36,kg,Non
2015,35890,Non,2100018,95,l,Non
2015,35890,Non,2100026,5,l,Non
2015,35890,Non,2100030,200,kg,Non
2015,35890,Non,2100052,40,l,Non
2015,35890,Non,2100056,40,l,Non
2015,35890,Non,2100057,10,l,Non
2015,35890,Non,2100069,1.5,kg,Non
2015,35890,Non,2100071,80,l,Non
2015,35890,Non,2100083,3.6,l,Oui
2015,35890,Non,2100108,115,l,Non
2015,35890,Non,2100111,90,l,Non
2015,35890,Non,2100112,20,l,Non
2015,35890,Non,2100138,165,l,Non
2015,35890,Non,2100140,50,l,Non
2015,35890,Non,2100151,13.32,l,Non
2015,35890,Non,2100154,10,l,Non
2015,35890,Non,2100234,80,l,Non
2015,35890,Non,2110011,15,l,Non
2015,35890,Non,2110018,2.77,l,Non
2015,35890,Non,2110083,2.25,l,Oui
2015,35890,Non,2110090,130,l,Non
2015,35890,Non,2110102,47.56,l,Non
2015,35890,Non,2110121,22.25,l,Non
2015,35890,Non,2110152,4,l,Non
2015,35890,Non,2110162,5,l,Non
2015,35890,Non,2110170,80,l,Non
2015,35890,Non,2110177,315,l,Non
2015,35890,Non,2110178,42,l,Non
2015,35890,Non,2110181,25,l,Non
2015,35890,Non,2120018,2.4,l,Oui
2015,35890,Non,2120034,340,l,Non
2015,35890,Non,2120041,2.25,l,Non
2015,35890,Non,2120048,24,l,Non
2015,35890,Non,2120063,1,l,Oui
2015,35890,Non,2120066,90,l,Non
2015,35890,Non,2120070,20,l,Non
2015,35890,Non,2120075,45,l,Non
2015,35890,Non,2120093,10,l,Non
2015,35890,Non,2120120,20,l,Non
2015,35890,Non,2120159,1.61,l,Non
2015,35890,Non,2120205,280,l,Non
2015,35890,Non,2120210,5,l,Non
2015,35890,Non,2130040,0.25,l,Oui
2015,35890,Non,2130068,32,l,Non
2015,35890,Non,2130075,40,kg,Non
2015,35890,Non,2130083,4,l,Non
2015,35890,Non,2130105,16,kg,Non
2015,35890,Non,2130164,25,l,Non
2015,35890,Non,2130202,25,l,Non
2015,35890,Non,2140039,19.99,l,Non
2015,35890,Non,2140160,30,l,Non
2015,35890,Non,2140173,150,l,Non
2015,35890,Non,6500402,10,l,Non
2015,35890,Non,7100280,45,l,Non
2015,35890,Non,7300221,110,l,Non
2015,35890,Non,7400815,20,l,Non
2015,35890,Non,7700078,20,l,Non
2015,35890,Non,8200307,500,l,Non
2015,35890,Non,8400528,43,l,Non
2015,35890,Non,8400574,5,l,Non
2015,35890,Non,8500351,0.12,kg,Oui
2015,35890,Non,8500493,125,l,Non
2015,35890,Non,8500689,60,l,Non
2015,35890,Non,8600243,20,l,Oui
2015,35890,Non,8700012,130,l,Non
2015,35890,Non,8700462,320,l,Non
2015,35890,Non,8800011,6.3,l,Non
2015,35890,Non,8800488,80,l,Non
2015,35890,Non,8800519,2.4,kg,Oui
2015,35890,Non,8900564,1,l,Non
2015,35890,Non,8900681,30,l,Non
2015,35890,Non,9000069,10,l,Non
2015,35890,Non,9000259,0.6,kg,Non
2015,35890,Non,9100046,14,l,Non
2015,35890,Non,9100065,25,l,Non
2015,35890,Non,9100418,105,l,Non
2015,35890,Non,9100438,5,l,Non
2015,35890,Non,9100505,160,l,Non
2015,35890,Non,9100558,15.6,kg,Oui
2015,35890,Non,9100624,190,l,Non
2015,35890,Non,9100645,1,l,Non
2015,35890,Non,9200073,0.1,kg,Non
2015,35890,Non,9200091,3.97,l,Non
2015,35890,Non,9200392,1,l,Non
2015,35890,Non,9200494,4.8,l,Non
2015,35890,Non,9200548,0.14,l,Non
2015,35890,Non,9300111,0.1,l,Oui
2015,35890,Non,9300189,1,l,Oui
2015,35890,Non,9300309,7,l,Non
2015,35890,Non,9300396,60,l,Non
2015,35890,Non,9400008,2.64,l,Non
2015,35890,Non,9400067,7,kg,Non
2015,35890,Non,9400235,5,l,Oui
2015,35890,Non,9400336,45,l,Non
2015,35890,Non,9500364,0.48,l,Oui
2015,35890,Non,9500452,15,kg,Oui
2015,35890,Non,9500551,110,l,Non
2015,35890,Non,9500568,46,kg,Non
2015,35890,Non,9500581,200,l,Non
2015,35890,Non,9500628,6,kg,Non
2015,35890,Non,9600056,0.4,kg,Non
2015,35890,Non,9600197,2.5,kg,Non
2015,35890,Non,9600273,5,l,Non
2015,35890,Non,9600293,15,l,Non
2015,35890,Non,9600404,2.5,l,Oui
2015,35890,Non,9600550,5,l,Non
2015,35890,Non,9700332,0.2,l,Oui
2015,35890,Non,9700392,1,kg,Non
2015,35890,Non,9700420,5,l,Non
2015,35890,Non,9700521,1,l,Oui
2015,35890,Non,9800018,65,l,Non
2015,35890,Non,9800098,4,kg,Non
2015,35890,Non,9800182,70,l,Non
2015,35890,Non,9800187,60,l,Non
2015,35890,Non,9800277,8.25,l,Non
2015,35890,Non,9800294,100,l,Non
2015,35890,Non,9800336,17,l,Non
2015,35890,Non,9800342,4,l,Non
2015,35890,Non,9800344,11.4,l,Non
2015,35890,Non,9800365,20,kg,Non
2015,35890,Non,9900016,25,l,Non
2015,35890,Non,9900047,215,l,Non
2015,35890,Non,9900078,5,l,Non
2015,35890,Non,9900119,7.2,kg,Oui
2015,35890,Non,9900141,5,l,Non
2015,35890,Non,9900189,88,kg,Non
2015,35890,Non,9900206,15,l,Non
2015,35890,Non,9900242,20,kg,Non
2015,35890,Non,9900251,40,l,Non
2015,35890,Non,9900257,15,kg,Oui
2015,35890,Non,9900263,50,l,Non
2015,35890,Non,9900269,260,l,Non
