MAJ,RPPS,RPPSA,Nom,Prenom,Profession,Adresse,CP,Ville,Region,Info,Fauteuil,Pertinence fauteuil,Marche difficile,Pertinence marche difficile,Malvoyant,Pertinence malvoyant,Aveugle,Pertinence aveugle,Intellectuel,Pertinence intellectuel,Psychique,Pertinence psychique,TSA,Pertinence TSA,Auditif,Pertinence auditif,Obésité,Pertinence obésité,Langues parlées,Informations agrégées
22/01/2026,10100391571,1013469395,Doris,Brigitte,Médecin généraliste,2bis Place de Bretagne,35000,Rennes,FR-BRE,"Le lieu de soin est à proximité d'un arrêt de transport en commun. Précision sur les transports en commun : C2 arrêt place de Bretagne - metro A arrêt république. Un parking est disponible à proximité. Le cabinet se trouve au 3e étage. Pas de présence de personnel à l'accueil. La prise de rendez-vous peut être faite de la façon suivante : site internet (cabinetmedical-placedebretagne.fr). Le professionnel effectue des consultations à domicile. Le professionnel propose des consultations en télémédecine. Le cabinet dispose de matériel spécifique pour faciliter les soins aux personnes en situation de handicap (table de consultation à hauteur variable, matériel d'examen portatif…). Informations complémentaires concernant l'accessibilité du bâtiment ou des prestations spécifiques proposées : Ascenseur de petite taille. Une marche pour accéder à la salle d'attente.",La porte d'entrée est de type : porte battante manuelle. L'entrée est équipée d'un interphone. Des sanitaires accessibles sont à disposition du public. Le professionnel effectue des consultations à domicile. Le professionnel peut réaliser la consultation ou les soins sur un fauteuil roulant.,Oui,La porte d'entrée est de type : porte battante manuelle. L'entrée est équipée d'un interphone. Des sanitaires accessibles sont à disposition du public. Le professionnel effectue des consultations à domicile.,Oui,La porte d'entrée est de type : porte battante manuelle. L'entrée est équipée d'un interphone. Il y a des bandes de signalisation contrastées sur les portes vitrées. Le professionnel effectue des consultations à domicile.,Oui,La porte d'entrée est de type : porte battante manuelle. L'entrée est équipée d'un interphone. Le dispositif d'appel n'est pas accessible aux personnes aveugles. Aucune information n'a été renseignée sur les touches de l'ascenseur situé dans le bâtiment. Le professionnel effectue des consultations à domicile. Il y a un ascenseur dont le panneau de commande est tactile. L'ascenseur situé dans le bâtiment n'est pas équipé d'un dispositif d'annonces vocales.,Non,La signalétique utilise des pictogrammes. Le professionnel effectue des consultations à domicile. Le professionnel propose une préparation à la consultation (visite blanche). Une organisation particulière permet de réduire le temps d'attente lorsque cela est nécessaire.,Oui,Le professionnel effectue des consultations à domicile. Le professionnel propose une préparation à la consultation (visite blanche). Une organisation particulière permet de réduire le temps d'attente lorsque cela est nécessaire.,Oui,La signalétique utilise des pictogrammes. Le professionnel effectue des consultations à domicile. Le professionnel propose une préparation à la consultation (visite blanche). Une organisation particulière permet de réduire le temps d'attente lorsque cela est nécessaire.,Oui,,Non,Le professionnel effectue des consultations à domicile. Le professionnel possède du matériel d'auscultation adapté aux personnes en situation d'obésité. La table d'examen est adaptée jusqu'à 200 kg.,Oui,anglais,"Le lieu de soin est à proximité d'un arrêt de transport en commun. Précision sur les transports en commun : C2 arrêt place de Bretagne - metro A arrêt république. Un parking est disponible à proximité. Le cabinet se trouve au 3e étage. Pas de présence de personnel à l'accueil. La prise de rendez-vous peut être faite de la façon suivante : site internet (cabinetmedical-placedebretagne.fr). Le professionnel effectue des consultations à domicile. Le professionnel propose des consultations en télémédecine. Le cabinet dispose de matériel spécifique pour faciliter les soins aux personnes en situation de handicap (table de consultation à hauteur variable, matériel d'examen portatif…). Informations complémentaires concernant l'accessibilité du bâtiment ou des prestations spécifiques proposées : Ascenseur de petite taille. Une marche pour accéder à la salle d'attente. La porte d'entrée est de type : porte battante manuelle. L'entrée est équipée d'un interphone. Le dispositif d'appel n'est pas accessible aux personnes aveugles. Aucune information n'a été renseignée sur les touches de l'ascenseur situé dans le bâtiment. Il y a un ascenseur dont le panneau de commande est tactile. L'ascenseur situé dans le bâtiment n'est pas équipé d'un dispositif d'annonces vocales. Des sanitaires accessibles sont à disposition du public. Le professionnel peut réaliser la consultation ou les soins sur un fauteuil roulant. Il y a des bandes de signalisation contrastées sur les portes vitrées. Le professionnel propose une préparation à la consultation (visite blanche). Une organisation particulière permet de réduire le temps d'attente lorsque cela est nécessaire. La signalétique utilise des pictogrammes. Le professionnel possède du matériel d'auscultation adapté aux personnes en situation d'obésité. La table d'examen est adaptée jusqu'à 200 kg. anglais"
26/07/2025,10100912426,1013118528,Gac,Marie-Melanie,Gynécologue-obstétricien,6 Boulevard de la Boutière,35760,Saint-Grégoire,FR-BRE,"Le lieu de soin est à proximité d'un arrêt de transport en commun. Un parking est disponible à proximité. La prise de rendez-vous peut être faite de la façon suivante : site internet (doctolib). Le professionnel propose des consultations en télémédecine. Le cabinet dispose de matériel spécifique pour faciliter les soins aux personnes en situation de handicap (table de consultation à hauteur variable, matériel d'examen portatif…).",Il y a des places de stationnement PMR à proximité. L'ensemble du site est de plain-pied. Le cheminement extérieur présente une pente légère de plus de 2 mètres. La porte d'entrée est de type : porte coulissante automatique. L'entrée est équipée d'un interphone. Le cabinet dispose d'un guichet bas ou d'un bureau accessible en fauteuil roulant. Des sanitaires accessibles sont à disposition du public. Le professionnel peut réaliser la consultation ou les soins sur un fauteuil roulant.,Oui,Il y a des places de stationnement PMR à proximité. L'ensemble du site est de plain-pied. Le cheminement extérieur présente une pente légère de plus de 2 mètres. La porte d'entrée est de type : porte coulissante automatique. L'entrée est équipée d'un interphone. Des sanitaires accessibles sont à disposition du public.,Oui,L'ensemble du site est de plain-pied. La porte d'entrée est de type : porte coulissante automatique. L'entrée est équipée d'un interphone. La zone d'accueil n'est pas visible depuis l'entrée. Le cabinet dispose d'un éclairage permanent ou par détection de présence. Présence de personnel à l'accueil. Il y a des bandes de signalisation contrastées sur les portes vitrées.,Oui,L'ensemble du site est de plain-pied. La porte d'entrée est de type : porte coulissante automatique. L'entrée est équipée d'un interphone. Le dispositif d'appel est accessible aux personnes aveugles. Présence de personnel à l'accueil.,Oui,La zone d'accueil n'est pas visible depuis l'entrée. Présence de personnel à l'accueil. La signalétique utilise des pictogrammes.,Oui,La zone d'accueil n'est pas visible depuis l'entrée. Présence de personnel à l'accueil.,Oui,Présence de personnel à l'accueil. La signalétique utilise des pictogrammes.,Non,,Non,Les sanitaires sont équipés de toilettes suspendues. Le professionnel ne possède pas de matériel adapté aux personnes en situation d'obésité. La table d'examen est adaptée jusqu'à 200 kg.,Non,anglais,"Le lieu de soin est à proximité d'un arrêt de transport en commun. Un parking est disponible à proximité. La prise de rendez-vous peut être faite de la façon suivante : site internet (doctolib). Le professionnel propose des consultations en télémédecine. Le cabinet dispose de matériel spécifique pour faciliter les soins aux personnes en situation de handicap (table de consultation à hauteur variable, matériel d'examen portatif…). Il y a des places de stationnement PMR à proximité. L'ensemble du site est de plain-pied. Le cheminement extérieur présente une pente légère de plus de 2 mètres. La porte d'entrée est de type : porte coulissante automatique. L'entrée est équipée d'un interphone. Des sanitaires accessibles sont à disposition du public. Le cabinet dispose d'un guichet bas ou d'un bureau accessible en fauteuil roulant. Le professionnel peut réaliser la consultation ou les soins sur un fauteuil roulant. Le dispositif d'appel est accessible aux personnes aveugles. Présence de personnel à l'accueil. La zone d'accueil n'est pas visible depuis l'entrée. Le cabinet dispose d'un éclairage permanent ou par détection de présence. Il y a des bandes de signalisation contrastées sur les portes vitrées. La signalétique utilise des pictogrammes. Les sanitaires sont équipés de toilettes suspendues. Le professionnel ne possède pas de matériel adapté aux personnes en situation d'obésité. La table d'examen est adaptée jusqu'à 200 kg. anglais"
18/02/2025,10102640892,1012892328,Daniel,Romain,Infirmier,2bis Rue François Vallée,35000,Rennes,FR-BRE,"Le lieu de soin est à proximité d'un arrêt de transport en commun. Précision sur les transports en commun : Lignes C4 ou 53. Un parking est disponible à proximité. Pas de présence de personnel à l'accueil. La prise de rendez-vous peut être faite de la façon suivante : mail (infirmier.rennes@gmail.com), SMS (0613735538). Le professionnel effectue des consultations à domicile. Le professionnel propose des consultations en télémédecine.",Il y a des places de stationnement PMR à proximité. L'ensemble du site est de plain-pied. La porte d'entrée est de type : porte battante manuelle. L'entrée est équipée d'un interphone. Le praticien possède une expérience particulière ou est formé à la prise en charge du handicap moteur. Il y a des sanitaires mis à disposition du public mais qui ne sont pas aux normes d'accessibilité. Le professionnel effectue des consultations à domicile. Le professionnel peut réaliser la consultation ou les soins sur un fauteuil roulant.,Oui,Il y a des places de stationnement PMR à proximité. L'ensemble du site est de plain-pied. La porte d'entrée est de type : porte battante manuelle. L'entrée est équipée d'un interphone. Le praticien possède une expérience particulière ou est formé à la prise en charge du handicap moteur. Il y a des sanitaires mis à disposition du public mais qui ne sont pas aux normes d'accessibilité. Le professionnel effectue des consultations à domicile.,Oui,L'ensemble du site est de plain-pied. La porte d'entrée est de type : porte battante manuelle. L'entrée est équipée d'un interphone. Le cabinet dispose d'un éclairage permanent ou par détection de présence. Le professionnel effectue des consultations à domicile.,Non,L'ensemble du site est de plain-pied. La porte d'entrée est de type : porte battante manuelle. L'entrée est équipée d'un interphone. Le professionnel effectue des consultations à domicile.,Non,Le professionnel effectue des consultations à domicile. Une organisation particulière permet de réduire le temps d'attente lorsque cela est nécessaire.,Oui,Le professionnel effectue des consultations à domicile. Une organisation particulière permet de réduire le temps d'attente lorsque cela est nécessaire.,Oui,Le professionnel effectue des consultations à domicile. Une organisation particulière permet de réduire le temps d'attente lorsque cela est nécessaire.,Oui,,Non,Le professionnel effectue des consultations à domicile. Le professionnel possède du matériel d'auscultation adapté aux personnes en situation d'obésité. La table d'examen est adaptée jusqu'à 200 kg.,Oui,,"Le lieu de soin est à proximité d'un arrêt de transport en commun. Précision sur les transports en commun : Lignes C4 ou 53. Un parking est disponible à proximité. Pas de présence de personnel à l'accueil. La prise de rendez-vous peut être faite de la façon suivante : mail (infirmier.rennes@gmail.com), SMS (0613735538). Le professionnel effectue des consultations à domicile. Le professionnel propose des consultations en télémédecine. Il y a des places de stationnement PMR à proximité. L'ensemble du site est de plain-pied. La porte d'entrée est de type : porte battante manuelle. L'entrée est équipée d'un interphone. Le praticien possède une expérience particulière ou est formé à la prise en charge du handicap moteur. Il y a des sanitaires mis à disposition du public mais qui ne sont pas aux normes d'accessibilité. Le professionnel peut réaliser la consultation ou les soins sur un fauteuil roulant. Le cabinet dispose d'un éclairage permanent ou par détection de présence. Une organisation particulière permet de réduire le temps d'attente lorsque cela est nécessaire. Le professionnel possède du matériel d'auscultation adapté aux personnes en situation d'obésité. La table d'examen est adaptée jusqu'à 200 kg."
30/01/2025,10100107878,1011399410,Maillet,Claire,Médecin généraliste,12ter Avenue de Pologne,35200,Rennes,FR-BRE,"Le lieu de soin est à proximité d'un arrêt de transport en commun. Précision sur les transports en commun : station de métro Le Blosne. Un parking est disponible à proximité. Le cabinet se trouve au 3e étage. Le cabinet dispose de matériel spécifique pour faciliter les soins aux personnes en situation de handicap (table de consultation à hauteur variable, matériel d'examen portatif…).",Il y a des places de stationnement PMR à proximité. La porte d'entrée est de type : porte coulissante automatique. Le cabinet dispose d'un guichet bas ou d'un bureau accessible en fauteuil roulant. Possibilité d'une présence ou d'une aide humaine au déplacement. Le professionnel peut réaliser la consultation ou les soins sur un fauteuil roulant.,Oui,Il y a des places de stationnement PMR à proximité. La porte d'entrée est de type : porte coulissante automatique. Possibilité d'une présence ou d'une aide humaine au déplacement.,Oui,Le repérage de l'entrée de l'établissement peut s'avérer délicat. La porte d'entrée est de type : porte coulissante automatique. La porte vitrée ne possède aucun élément contrasté pour la repérer. Le cabinet dispose d'un éclairage permanent ou par détection de présence. Présence de personnel à l'accueil. Possibilité d'une présence ou d'une aide humaine au déplacement.,Oui,La porte d'entrée est de type : porte coulissante automatique. Présence de personnel à l'accueil. Possibilité d'une présence ou d'une aide humaine au déplacement.,Oui,Le repérage de l'entrée de l'établissement peut s'avérer délicat. Présence de personnel à l'accueil. La signalétique utilise des pictogrammes. La prise de rendez-vous ne peut être faite que par téléphone.,Oui,Le repérage de l'entrée de l'établissement peut s'avérer délicat. Présence de personnel à l'accueil. La prise de rendez-vous ne peut être faite que par téléphone.,Non,Le repérage de l'entrée de l'établissement peut s'avérer délicat. Présence de personnel à l'accueil. La signalétique utilise des pictogrammes. La prise de rendez-vous ne peut être faite que par téléphone.,Non,La prise de rendez-vous ne peut être faite que par téléphone.,Non,Le professionnel possède du matériel d'auscultation adapté aux personnes en situation d'obésité. La table d'examen est adaptée jusqu'à 200 kg.,Oui,anglais,"Le lieu de soin est à proximité d'un arrêt de transport en commun. Précision sur les transports en commun : station de métro Le Blosne. Un parking est disponible à proximité. Le cabinet se trouve au 3e étage. Le cabinet dispose de matériel spécifique pour faciliter les soins aux personnes en situation de handicap (table de consultation à hauteur variable, matériel d'examen portatif…). Il y a des places de stationnement PMR à proximité. La porte d'entrée est de type : porte coulissante automatique. Possibilité d'une présence ou d'une aide humaine au déplacement. Le cabinet dispose d'un guichet bas ou d'un bureau accessible en fauteuil roulant. Le professionnel peut réaliser la consultation ou les soins sur un fauteuil roulant. Présence de personnel à l'accueil. Le repérage de l'entrée de l'établissement peut s'avérer délicat. La porte vitrée ne possède aucun élément contrasté pour la repérer. Le cabinet dispose d'un éclairage permanent ou par détection de présence. La signalétique utilise des pictogrammes. La prise de rendez-vous ne peut être faite que par téléphone. Le professionnel possède du matériel d'auscultation adapté aux personnes en situation d'obésité. La table d'examen est adaptée jusqu'à 200 kg. anglais"
27/01/2025,10100391472,1013679802,Chabbert,Cecile,Dermatologue,Rue de la Terre Adélie,35760,Saint-Grégoire,FR-BRE,"Le lieu de soin est à proximité d'un arrêt de transport en commun. Précision sur les transports en commun : bus 78, arrêt Kerguelen. Un parking est disponible à proximité. La prise de rendez-vous peut être faite de la façon suivante : mail (agenda en ligne), site internet (doctolib). Le professionnel propose des consultations en télémédecine. Le cabinet dispose de matériel spécifique pour faciliter les soins aux personnes en situation de handicap (table de consultation à hauteur variable, matériel d'examen portatif…).",Il y a des places de stationnement PMR à proximité. L'ensemble du site est de plain-pied. La porte d'entrée est de type : porte battante manuelle. Il n'y a pas de dispositif permettant de sonner/se signaler devant l'entrée. Le cabinet dispose d'un guichet bas ou d'un bureau accessible en fauteuil roulant. Possibilité d'une présence ou d'une aide humaine au déplacement. Des sanitaires accessibles sont à disposition du public. Le professionnel peut réaliser la consultation ou les soins sur un fauteuil roulant.,Oui,Il y a des places de stationnement PMR à proximité. L'ensemble du site est de plain-pied. La porte d'entrée est de type : porte battante manuelle. Il n'y a pas de dispositif permettant de sonner/se signaler devant l'entrée. Possibilité d'une présence ou d'une aide humaine au déplacement. Des sanitaires accessibles sont à disposition du public.,Oui,L'ensemble du site est de plain-pied. La porte d'entrée est de type : porte battante manuelle. Il n'y a pas de dispositif permettant de sonner/se signaler devant l'entrée. Le cabinet dispose d'un éclairage permanent ou par détection de présence. Présence de personnel à l'accueil. Possibilité d'une présence ou d'une aide humaine au déplacement. Il y a des bandes de signalisation contrastées sur les portes vitrées.,Oui,L'ensemble du site est de plain-pied. La porte d'entrée est de type : porte battante manuelle. Il n'y a pas de dispositif permettant de sonner/se signaler devant l'entrée. Présence de personnel à l'accueil. Possibilité d'une présence ou d'une aide humaine au déplacement.,Non,Présence de personnel à l'accueil. Une organisation particulière permet de réduire le temps d'attente lorsque cela est nécessaire.,Oui,Présence de personnel à l'accueil. Une organisation particulière permet de réduire le temps d'attente lorsque cela est nécessaire.,Oui,Présence de personnel à l'accueil. Une organisation particulière permet de réduire le temps d'attente lorsque cela est nécessaire.,Oui,,Non,Le professionnel ne possède pas de matériel adapté aux personnes en situation d'obésité. La table d'examen est adaptée jusqu'à 200 kg. Les brancards|fauteuils roulants sont adaptés jusqu'à 200 kg.,Non,anglais,"Le lieu de soin est à proximité d'un arrêt de transport en commun. Précision sur les transports en commun : bus 78, arrêt Kerguelen. Un parking est disponible à proximité. La prise de rendez-vous peut être faite de la façon suivante : mail (agenda en ligne), site internet (doctolib). Le professionnel propose des consultations en télémédecine. Le cabinet dispose de matériel spécifique pour faciliter les soins aux personnes en situation de handicap (table de consultation à hauteur variable, matériel d'examen portatif…). Il y a des places de stationnement PMR à proximité. L'ensemble du site est de plain-pied. La porte d'entrée est de type : porte battante manuelle. Il n'y a pas de dispositif permettant de sonner/se signaler devant l'entrée. Possibilité d'une présence ou d'une aide humaine au déplacement. Des sanitaires accessibles sont à disposition du public. Le cabinet dispose d'un guichet bas ou d'un bureau accessible en fauteuil roulant. Le professionnel peut réaliser la consultation ou les soins sur un fauteuil roulant. Présence de personnel à l'accueil. Le cabinet dispose d'un éclairage permanent ou par détection de présence. Il y a des bandes de signalisation contrastées sur les portes vitrées. Une organisation particulière permet de réduire le temps d'attente lorsque cela est nécessaire. Le professionnel ne possède pas de matériel adapté aux personnes en situation d'obésité. La table d'examen est adaptée jusqu'à 200 kg. Les brancards|fauteuils roulants sont adaptés jusqu'à 200 kg. anglais"
13/10/2024,10102699526,1011922075,Menard,Christelle,Infirmier,1 Boulevard Jeanne d’Arc,35000,Rennes,FR-BRE,Le lieu de soin est à proximité d'un arrêt de transport en commun. Précision sur les transports en commun : Arrêt bus robidou. Un parking est disponible à proximité. Pas de présence de personnel à l'accueil. Le professionnel effectue des consultations à domicile. Le professionnel propose des consultations en télémédecine.,L'accès à l'entrée se fait par un cheminement extérieur pouvant présenter certaines difficultés. Le cheminement extérieur présente une pente légère de plus de 2 mètres. La porte d'entrée est de type : porte battante manuelle. L'entrée est équipée d'un interphone. La porte d'entrée fait 90cm de large ou plus. Le praticien possède une expérience particulière ou est formé à la prise en charge du handicap moteur. Des sanitaires accessibles sont à disposition du public. Le professionnel effectue des consultations à domicile. Le professionnel peut réaliser la consultation ou les soins sur un fauteuil roulant.,Oui,Le cheminement extérieur présente une pente légère de plus de 2 mètres. La porte d'entrée est de type : porte battante manuelle. L'entrée est équipée d'un interphone. Le praticien possède une expérience particulière ou est formé à la prise en charge du handicap moteur. Des sanitaires accessibles sont à disposition du public. Le professionnel effectue des consultations à domicile.,Oui,Les abords du cabinet ne sont pas éclairés la nuit. La porte d'entrée est de type : porte battante manuelle. L'entrée est équipée d'un interphone. Le cabinet dispose d'un éclairage permanent ou par détection de présence. Il n'y a pas de bandes de signalisation contrastées sur les portes vitrées. Le professionnel effectue des consultations à domicile.,Non,La porte d'entrée est de type : porte battante manuelle. L'entrée est équipée d'un interphone. Le dispositif d'appel n'est pas accessible aux personnes aveugles. Le professionnel effectue des consultations à domicile.,Non,Les abords du cabinet ne sont pas éclairés la nuit. La prise de rendez-vous ne peut être faite que par téléphone. Le professionnel effectue des consultations à domicile. Une organisation particulière permet de réduire le temps d'attente lorsque cela est nécessaire.,Oui,Les abords du cabinet ne sont pas éclairés la nuit. La prise de rendez-vous ne peut être faite que par téléphone. Le professionnel effectue des consultations à domicile. Une organisation particulière permet de réduire le temps d'attente lorsque cela est nécessaire.,Oui,La prise de rendez-vous ne peut être faite que par téléphone. Le professionnel effectue des consultations à domicile. Une organisation particulière permet de réduire le temps d'attente lorsque cela est nécessaire.,Oui,La prise de rendez-vous ne peut être faite que par téléphone.,Non,Le professionnel effectue des consultations à domicile. Le professionnel ne possède pas de matériel adapté aux personnes en situation d'obésité. La table d'examen ne permet pas de recevoir une personne en situation d'obésité. L'utilisation des brancards et/ou de fauteuils roulants ne sont pas adaptés aux personnes en situation d'obésité.,Non,,Le lieu de soin est à proximité d'un arrêt de transport en commun. Précision sur les transports en commun : Arrêt bus robidou. Un parking est disponible à proximité. Pas de présence de personnel à l'accueil. Le professionnel effectue des consultations à domicile. Le professionnel propose des consultations en télémédecine. La porte d'entrée est de type : porte battante manuelle. L'entrée est équipée d'un interphone. Le dispositif d'appel n'est pas accessible aux personnes aveugles. Le cheminement extérieur présente une pente légère de plus de 2 mètres. Le praticien possède une expérience particulière ou est formé à la prise en charge du handicap moteur. Des sanitaires accessibles sont à disposition du public. L'accès à l'entrée se fait par un cheminement extérieur pouvant présenter certaines difficultés. La porte d'entrée fait 90cm de large ou plus. Le professionnel peut réaliser la consultation ou les soins sur un fauteuil roulant. Les abords du cabinet ne sont pas éclairés la nuit. Le cabinet dispose d'un éclairage permanent ou par détection de présence. Il n'y a pas de bandes de signalisation contrastées sur les portes vitrées. La prise de rendez-vous ne peut être faite que par téléphone. Une organisation particulière permet de réduire le temps d'attente lorsque cela est nécessaire. Le professionnel ne possède pas de matériel adapté aux personnes en situation d'obésité. La table d'examen ne permet pas de recevoir une personne en situation d'obésité. L'utilisation des brancards et/ou de fauteuils roulants ne sont pas adaptés aux personnes en situation d'obésité.
27/09/2024,10005401673,1000425960,Penarroya,Magali,Masseur-Kinésithérapeute,4 Place Charles De Gaulle,35740,Pacé,FR-BRE,"Le lieu de soin est à proximité d'un arrêt de transport en commun. Un parking est disponible à proximité. Pas de présence de personnel à l'accueil. Le professionnel effectue des consultations à domicile. Le cabinet dispose de matériel spécifique pour faciliter les soins aux personnes en situation de handicap (table de consultation à hauteur variable, matériel d'examen portatif…).",Il y a des places de stationnement PMR à proximité. L'ensemble du site est de plain-pied. La porte d'entrée est de type : porte battante manuelle. L'entrée est équipée d'un bouton d'appel. La porte d'entrée fait 90cm de large ou plus. Le cabinet dispose d'un guichet bas ou d'un bureau accessible en fauteuil roulant. Le praticien possède une expérience particulière ou est formé à la prise en charge du handicap moteur. Des sanitaires accessibles sont à disposition du public. Le professionnel effectue des consultations à domicile. Le professionnel peut réaliser la consultation ou les soins sur un fauteuil roulant.,Oui,Il y a des places de stationnement PMR à proximité. L'ensemble du site est de plain-pied. La porte d'entrée est de type : porte battante manuelle. L'entrée est équipée d'un bouton d'appel. Le praticien possède une expérience particulière ou est formé à la prise en charge du handicap moteur. Des sanitaires accessibles sont à disposition du public. Le professionnel effectue des consultations à domicile.,Oui,L'ensemble du site est de plain-pied. La porte d'entrée est de type : porte battante manuelle. L'entrée est équipée d'un bouton d'appel. Le cabinet dispose d'un éclairage permanent ou par détection de présence. Il y a des bandes de signalisation contrastées sur les portes vitrées. Le professionnel effectue des consultations à domicile.,Oui,L'ensemble du site est de plain-pied. La porte d'entrée est de type : porte battante manuelle. L'entrée est équipée d'un bouton d'appel. Le dispositif d'appel est accessible aux personnes aveugles. Le professionnel effectue des consultations à domicile.,Non,La signalétique utilise des pictogrammes. Le professionnel effectue des consultations à domicile. Le professionnel propose une préparation à la consultation (visite blanche).,Oui,Le professionnel effectue des consultations à domicile. Le professionnel propose une préparation à la consultation (visite blanche).,Oui,La signalétique utilise des pictogrammes. Le professionnel effectue des consultations à domicile. Le professionnel propose une préparation à la consultation (visite blanche).,Oui,,Non,Le professionnel effectue des consultations à domicile. Le professionnel ne possède pas de matériel adapté aux personnes en situation d'obésité. La table d'examen ne permet pas de recevoir une personne en situation d'obésité.,Non,,"Le lieu de soin est à proximité d'un arrêt de transport en commun. Un parking est disponible à proximité. Pas de présence de personnel à l'accueil. Le professionnel effectue des consultations à domicile. Le cabinet dispose de matériel spécifique pour faciliter les soins aux personnes en situation de handicap (table de consultation à hauteur variable, matériel d'examen portatif…). Il y a des places de stationnement PMR à proximité. L'ensemble du site est de plain-pied. La porte d'entrée est de type : porte battante manuelle. L'entrée est équipée d'un bouton d'appel. Le praticien possède une expérience particulière ou est formé à la prise en charge du handicap moteur. Des sanitaires accessibles sont à disposition du public. La porte d'entrée fait 90cm de large ou plus. Le cabinet dispose d'un guichet bas ou d'un bureau accessible en fauteuil roulant. Le professionnel peut réaliser la consultation ou les soins sur un fauteuil roulant. Le dispositif d'appel est accessible aux personnes aveugles. Le cabinet dispose d'un éclairage permanent ou par détection de présence. Il y a des bandes de signalisation contrastées sur les portes vitrées. Le professionnel propose une préparation à la consultation (visite blanche). La signalétique utilise des pictogrammes. Le professionnel ne possède pas de matériel adapté aux personnes en situation d'obésité. La table d'examen ne permet pas de recevoir une personne en situation d'obésité."
25/09/2024,10010554748,1004275192,Guerrier,Aurelien,Orthoptiste,112 Rue Eugène Pottier,35000,Rennes,FR-BRE,"Le lieu de soin est à proximité d'un arrêt de transport en commun. Précision sur les transports en commun : BUS LIGNE 10 Arrêt la sagesse. Un parking est disponible à proximité. Pas de présence de personnel à l'accueil. La prise de rendez-vous peut être faite de la façon suivante : mail (aurelien.guerrier@gmail.com ou doctolib), SMS (0608119802), site internet (doctolib). Le cabinet dispose de matériel spécifique pour faciliter les soins aux personnes en situation de handicap (table de consultation à hauteur variable, matériel d'examen portatif…).",Il y a des places de stationnement PMR à proximité. L'ensemble du site est de plain-pied. La porte d'entrée est de type : porte battante automatique. L'entrée est équipée d'un interphone. La porte d'entrée fait 90cm de large ou plus. Le cabinet dispose d'un guichet bas ou d'un bureau accessible en fauteuil roulant. Le professionnel peut réaliser la consultation ou les soins sur un fauteuil roulant.,Oui,Il y a des places de stationnement PMR à proximité. L'ensemble du site est de plain-pied. La porte d'entrée est de type : porte battante automatique. L'entrée est équipée d'un interphone.,Oui,L'ensemble du site est de plain-pied. La porte d'entrée est de type : porte battante automatique. L'entrée est équipée d'un interphone. Le cabinet dispose d'un éclairage permanent ou par détection de présence. Il y a des bandes de signalisation contrastées sur les portes vitrées.,Oui,L'ensemble du site est de plain-pied. La porte d'entrée est de type : porte battante automatique. L'entrée est équipée d'un interphone. Le dispositif d'appel n'est pas accessible aux personnes aveugles.,Non,La signalétique utilise des pictogrammes. Une organisation particulière permet de réduire le temps d'attente lorsque cela est nécessaire.,Oui,Une organisation particulière permet de réduire le temps d'attente lorsque cela est nécessaire.,Oui,La signalétique utilise des pictogrammes. Une organisation particulière permet de réduire le temps d'attente lorsque cela est nécessaire.,Oui,,Non,Les sanitaires sont équipés de toilettes suspendues. Le professionnel possède du matériel d'auscultation adapté aux personnes en situation d'obésité. La table d'examen est adaptée jusqu'à 200 kg.,Oui,,"Le lieu de soin est à proximité d'un arrêt de transport en commun. Précision sur les transports en commun : BUS LIGNE 10 Arrêt la sagesse. Un parking est disponible à proximité. Pas de présence de personnel à l'accueil. La prise de rendez-vous peut être faite de la façon suivante : mail (aurelien.guerrier@gmail.com ou doctolib), SMS (0608119802), site internet (doctolib). Le cabinet dispose de matériel spécifique pour faciliter les soins aux personnes en situation de handicap (table de consultation à hauteur variable, matériel d'examen portatif…). Il y a des places de stationnement PMR à proximité. L'ensemble du site est de plain-pied. La porte d'entrée est de type : porte battante automatique. L'entrée est équipée d'un interphone. La porte d'entrée fait 90cm de large ou plus. Le cabinet dispose d'un guichet bas ou d'un bureau accessible en fauteuil roulant. Le professionnel peut réaliser la consultation ou les soins sur un fauteuil roulant. Le dispositif d'appel n'est pas accessible aux personnes aveugles. Le cabinet dispose d'un éclairage permanent ou par détection de présence. Il y a des bandes de signalisation contrastées sur les portes vitrées. Une organisation particulière permet de réduire le temps d'attente lorsque cela est nécessaire. La signalétique utilise des pictogrammes. Les sanitaires sont équipés de toilettes suspendues. Le professionnel possède du matériel d'auscultation adapté aux personnes en situation d'obésité. La table d'examen est adaptée jusqu'à 200 kg."
10/09/2024,10002650272,1000182209,Le Port,Francis,Psychiatre,5 Rue Château-Renault,35000,Rennes,FR-BRE,"Le lieu de soin est à proximité d'un arrêt de transport en commun. Précision sur les transports en commun : métro République ou Ste Anne, bus Champ Jacquet. Un parking est disponible à proximité. Le cabinet se trouve au 1er étage. Pas de présence de personnel à l'accueil. Le professionnel propose des consultations en télémédecine. Informations complémentaires concernant l'accessibilité du bâtiment ou des prestations spécifiques proposées : Le bâtiment est en secteur protégé et ne permet pas toutes les adaptations..","Il y a des places de stationnement PMR à proximité. Il y a des marches ou escaliers, sans rampe et sans ascenseur ou élévateur. Le lieu de soin se situe au 1er étage sans ascenseur. La porte d'entrée est de type : porte battante manuelle. L'entrée est équipée d'un interphone. La porte d'entrée fait 90cm de large ou plus. Il y a des sanitaires mis à disposition du public mais qui ne sont pas aux normes d'accessibilité. Le professionnel peut réaliser la consultation ou les soins sur un fauteuil roulant.",Non,Il y a des places de stationnement PMR à proximité. L'escalier n'est pas équipé de main courante continue de chaque côté. Il y a 48 marches sans ascenseur ou élévateur. Le lieu de soin se situe au 1er sans ascenseur. La porte d'entrée est de type : porte battante manuelle. L'entrée est équipée d'un interphone. Il y a des sanitaires mis à disposition du public mais qui ne sont pas aux normes d'accessibilité.,Non,Certains éléments importants concernant l'accessibilité des marches/escaliers au handicap visuel sont manquants. L'escalier n'est pas équipé de main courante continue de chaque côté. La porte d'entrée est de type : porte battante manuelle. L'entrée est équipée d'un interphone. Il y a 24 marches sans ascenseur ou élévateur pour rentrer dans le bâtiment (sens Montant en arrivant). Il y a 24 marches sans ascenseur ou élévateur à l'intérieur du bâtiment (sens Montant en arrivant). Le cabinet dispose d'un éclairage permanent ou par détection de présence.,Non,"Certains éléments importants concernant l'accessibilité des marches/escaliers au handicap visuel sont manquants. Les mains courantes ne sont pas prolongées au-delà des première/dernière marche de chaque volée. L'escalier n'est pas équipé de main courante continue de chaque côté. La porte d'entrée est de type : porte battante manuelle. L'entrée est équipée d'un interphone. Le dispositif d'appel n'est pas accessible, mais une alternative existe : code chiffré. Il y a 24 marches sans ascenseur ou élévateur pour rentrer dans le bâtiment (sens Montant en arrivant). Il y a 24 marches sans ascenseur ou élévateur à l'intérieur du bâtiment (sens Montant en arrivant).",Non,La prise de rendez-vous ne peut être faite que par téléphone.,Non,La prise de rendez-vous ne peut être faite que par téléphone.,Non,La prise de rendez-vous ne peut être faite que par téléphone.,Non,La prise de rendez-vous ne peut être faite que par téléphone.,Non,Le lieu de soin se situe au 1er sans ascenseur. Le professionnel ne possède pas de matériel adapté aux personnes en situation d'obésité.,Non,,"Le lieu de soin est à proximité d'un arrêt de transport en commun. Précision sur les transports en commun : métro République ou Ste Anne, bus Champ Jacquet. Un parking est disponible à proximité. Le cabinet se trouve au 1er étage. Pas de présence de personnel à l'accueil. Le professionnel propose des consultations en télémédecine. Informations complémentaires concernant l'accessibilité du bâtiment ou des prestations spécifiques proposées : Le bâtiment est en secteur protégé et ne permet pas toutes les adaptations.. Il y a des places de stationnement PMR à proximité. L'escalier n'est pas équipé de main courante continue de chaque côté. Il y a 48 marches sans ascenseur ou élévateur. Le lieu de soin se situe au 1er sans ascenseur. La porte d'entrée est de type : porte battante manuelle. L'entrée est équipée d'un interphone. Il y a des sanitaires mis à disposition du public mais qui ne sont pas aux normes d'accessibilité. Il y a des marches ou escaliers, sans rampe et sans ascenseur ou élévateur. Le lieu de soin se situe au 1er étage sans ascenseur. La porte d'entrée fait 90cm de large ou plus. Le professionnel peut réaliser la consultation ou les soins sur un fauteuil roulant. Certains éléments importants concernant l'accessibilité des marches/escaliers au handicap visuel sont manquants. Les mains courantes ne sont pas prolongées au-delà des première/dernière marche de chaque volée. Le dispositif d'appel n'est pas accessible, mais une alternative existe : code chiffré. Il y a 24 marches sans ascenseur ou élévateur pour rentrer dans le bâtiment (sens Montant en arrivant). Il y a 24 marches sans ascenseur ou élévateur à l'intérieur du bâtiment (sens Montant en arrivant). Le cabinet dispose d'un éclairage permanent ou par détection de présence. Le professionnel ne possède pas de matériel adapté aux personnes en situation d'obésité. La prise de rendez-vous ne peut être faite que par téléphone."
05/09/2024,10100966653,1010957195,Peduzzi-Rat,Jessica,Médecin généraliste,46 Boulevard de Cleunay,35000,Rennes,FR-BRE,"La prise de rendez-vous peut être faite de la façon suivante : mail (groupemedicalcleunay.fr), site internet (groupemedicalcleunay.fr). Le professionnel effectue des consultations à domicile. Le professionnel propose des consultations en télémédecine. Le cabinet dispose de matériel spécifique pour faciliter les soins aux personnes en situation de handicap (table de consultation à hauteur variable, matériel d'examen portatif…). Informations complémentaires concernant l'accessibilité du bâtiment ou des prestations spécifiques proposées : 1er étage avec ascenseur.",Le professionnel effectue des consultations à domicile. Le professionnel peut réaliser la consultation ou les soins sur un fauteuil roulant.,Oui,Le professionnel effectue des consultations à domicile.,Oui,Le professionnel effectue des consultations à domicile.,Non,Le professionnel effectue des consultations à domicile.,Non,Le professionnel effectue des consultations à domicile.,Oui,Le professionnel effectue des consultations à domicile.,Oui,Le professionnel effectue des consultations à domicile.,Non,,Non,Le professionnel effectue des consultations à domicile. Le professionnel ne possède pas de matériel adapté aux personnes en situation d'obésité. La table d'examen est adaptée jusqu'à 200 kg.,Non,,"La prise de rendez-vous peut être faite de la façon suivante : mail (groupemedicalcleunay.fr), site internet (groupemedicalcleunay.fr). Le professionnel effectue des consultations à domicile. Le professionnel propose des consultations en télémédecine. Le cabinet dispose de matériel spécifique pour faciliter les soins aux personnes en situation de handicap (table de consultation à hauteur variable, matériel d'examen portatif…). Informations complémentaires concernant l'accessibilité du bâtiment ou des prestations spécifiques proposées : 1er étage avec ascenseur. Le professionnel peut réaliser la consultation ou les soins sur un fauteuil roulant. Le professionnel ne possède pas de matériel adapté aux personnes en situation d'obésité. La table d'examen est adaptée jusqu'à 200 kg."
05/09/2024,10100940732,1013312604,Alazard,Margaux,Cardiologue,18 Avenue Jules Maniez,35000,Rennes,FR-BRE,"Le lieu de soin est à proximité d'un arrêt de transport en commun. Précision sur les transports en commun : Métro B Arrêt Courrouze. Un parking est disponible à proximité. La prise de rendez-vous peut être faite de la façon suivante : mail (contactcourrouze@kersante.com), SMS (0230969304), site internet (Doctolib), visiophonie (Téléconsultation). Le professionnel effectue des consultations à domicile. Le professionnel propose des consultations en télémédecine. Le cabinet dispose de matériel spécifique pour faciliter les soins aux personnes en situation de handicap (table de consultation à hauteur variable, matériel d'examen portatif…).",L'ensemble du site est de plain-pied. La porte d'entrée est de type : porte coulissante automatique. Possibilité d'une présence ou d'une aide humaine au déplacement. Des sanitaires accessibles sont à disposition du public. Le professionnel effectue des consultations à domicile. Le professionnel peut réaliser la consultation ou les soins sur un fauteuil roulant.,Oui,L'ensemble du site est de plain-pied. La porte d'entrée est de type : porte coulissante automatique. Possibilité d'une présence ou d'une aide humaine au déplacement. Des sanitaires accessibles sont à disposition du public. Le professionnel effectue des consultations à domicile.,Oui,L'ensemble du site est de plain-pied. La porte d'entrée est de type : porte coulissante automatique. Le cabinet dispose d'un éclairage permanent ou par détection de présence. Présence de personnel à l'accueil. Possibilité d'une présence ou d'une aide humaine au déplacement par un professionnel connaissant les techniques de guidage. Il y a des bandes de signalisation contrastées sur les portes vitrées. Le professionnel effectue des consultations à domicile.,Oui,L'ensemble du site est de plain-pied. La porte d'entrée est de type : porte coulissante automatique. Présence de personnel à l'accueil. Possibilité d'une présence ou d'une aide humaine au déplacement par un professionnel connaissant les techniques de guidage. Le professionnel effectue des consultations à domicile.,Oui,Présence de personnel à l'accueil. La signalétique utilise des pictogrammes. Le professionnel effectue des consultations à domicile.,Oui,Présence de personnel à l'accueil. Le professionnel effectue des consultations à domicile.,Oui,Présence de personnel à l'accueil. La signalétique utilise des pictogrammes. Le professionnel effectue des consultations à domicile.,Non,,Non,Les sanitaires sont équipés de toilettes suspendues. Le professionnel effectue des consultations à domicile. Le professionnel possède du matériel d'auscultation adapté aux personnes en situation d'obésité. La table d'examen est adaptée jusqu'à 200 kg. Les brancards|fauteuils roulants sont adaptés jusqu'à 200 kg.,Oui,anglais,"Le lieu de soin est à proximité d'un arrêt de transport en commun. Précision sur les transports en commun : Métro B Arrêt Courrouze. Un parking est disponible à proximité. La prise de rendez-vous peut être faite de la façon suivante : mail (contactcourrouze@kersante.com), SMS (0230969304), site internet (Doctolib), visiophonie (Téléconsultation). Le professionnel effectue des consultations à domicile. Le professionnel propose des consultations en télémédecine. Le cabinet dispose de matériel spécifique pour faciliter les soins aux personnes en situation de handicap (table de consultation à hauteur variable, matériel d'examen portatif…). L'ensemble du site est de plain-pied. La porte d'entrée est de type : porte coulissante automatique. Présence de personnel à l'accueil. Possibilité d'une présence ou d'une aide humaine au déplacement par un professionnel connaissant les techniques de guidage. Possibilité d'une présence ou d'une aide humaine au déplacement. Des sanitaires accessibles sont à disposition du public. Le professionnel peut réaliser la consultation ou les soins sur un fauteuil roulant. Le cabinet dispose d'un éclairage permanent ou par détection de présence. Il y a des bandes de signalisation contrastées sur les portes vitrées. La signalétique utilise des pictogrammes. Les sanitaires sont équipés de toilettes suspendues. Le professionnel possède du matériel d'auscultation adapté aux personnes en situation d'obésité. La table d'examen est adaptée jusqu'à 200 kg. Les brancards|fauteuils roulants sont adaptés jusqu'à 200 kg. anglais"
05/09/2024,10102509188,1011899017,Blouin,Jean-Marc,Infirmier,11 Rue Marie et Simone Alizon,35000,Rennes,FR-BRE,"Le lieu de soin est à proximité d'un arrêt de transport en commun. Précision sur les transports en commun : Bus  Metro. Un parking est disponible à proximité. La prise de rendez-vous peut être faite de la façon suivante : mail (blouinjm@aol.com), SMS (0681405224). Le professionnel effectue des consultations à domicile. Le cabinet dispose de matériel spécifique pour faciliter les soins aux personnes en situation de handicap (table de consultation à hauteur variable, matériel d'examen portatif…).","Il y a des places de stationnement PMR à proximité. L'ensemble du site est de plain-pied. L'accès à l'entrée se fait par un cheminement extérieur pouvant présenter certaines difficultés, notamment des rétrécissements de moins de 90 cm de large. La porte d'entrée est de type : porte coulissante manuelle. L'entrée est équipée d'un bouton d'appel. Le cabinet dispose d'un guichet bas ou d'un bureau accessible en fauteuil roulant. Possibilité d'une présence ou d'une aide humaine au déplacement. Le praticien possède une expérience particulière ou est formé à la prise en charge du handicap moteur. Des sanitaires accessibles sont à disposition du public. Le professionnel effectue des consultations à domicile. Le professionnel peut réaliser la consultation ou les soins sur un fauteuil roulant.",Oui,Il y a des places de stationnement PMR à proximité. L'ensemble du site est de plain-pied. La porte d'entrée est de type : porte coulissante manuelle. L'entrée est équipée d'un bouton d'appel. Possibilité d'une présence ou d'une aide humaine au déplacement. Le praticien possède une expérience particulière ou est formé à la prise en charge du handicap moteur. Des sanitaires accessibles sont à disposition du public. Le professionnel effectue des consultations à domicile.,Oui,L'ensemble du site est de plain-pied. Présence d'une bande de guidage au sol à l'extérieur et depuis l'entrée du cabinet jusqu'à la salle d'attente ou la zone d'accueil. La porte d'entrée est de type : porte coulissante manuelle. L'entrée est équipée d'un bouton d'appel. La zone d'accueil n'est pas visible depuis l'entrée. Le cabinet dispose d'un éclairage permanent ou par détection de présence. Présence de personnel à l'accueil. Possibilité d'une présence ou d'une aide humaine au déplacement. Le professionnel effectue des consultations à domicile.,Oui,L'ensemble du site est de plain-pied. Présence d'une bande de guidage au sol à l'extérieur et depuis l'entrée du cabinet jusqu'à la salle d'attente ou la zone d'accueil. La porte d'entrée est de type : porte coulissante manuelle. L'entrée est équipée d'un bouton d'appel. Présence de personnel à l'accueil. Possibilité d'une présence ou d'une aide humaine au déplacement. Le professionnel effectue des consultations à domicile.,Oui,La zone d'accueil n'est pas visible depuis l'entrée. Présence de personnel à l'accueil. La signalétique utilise des pictogrammes. Le praticien possède une expérience particulière ou est formé à la prise en charge du handicap mental. Le professionnel effectue des consultations à domicile. Une organisation particulière permet de réduire le temps d'attente lorsque cela est nécessaire.,Oui,Présence d'une bande de guidage au sol à l'extérieur et depuis l'entrée du cabinet jusqu'à la salle d'attente ou la zone d'accueil. La zone d'accueil n'est pas visible depuis l'entrée. Présence de personnel à l'accueil. Le praticien possède une expérience particulière ou est formé à la prise en charge des handicaps psychiques. Le professionnel effectue des consultations à domicile. Une organisation particulière permet de réduire le temps d'attente lorsque cela est nécessaire.,Oui,Présence d'une bande de guidage au sol à l'extérieur et depuis l'entrée du cabinet jusqu'à la salle d'attente ou la zone d'accueil. Présence de personnel à l'accueil. La signalétique utilise des pictogrammes. Le professionnel effectue des consultations à domicile. Une organisation particulière permet de réduire le temps d'attente lorsque cela est nécessaire.,Oui,,Non,Les sanitaires sont équipés de toilettes suspendues. Le professionnel effectue des consultations à domicile. Le professionnel possède du matériel d'auscultation adapté aux personnes en situation d'obésité. La table d'examen est adaptée jusqu'à 200 kg. Les brancards|fauteuils roulants sont adaptés jusqu'à 200 kg.,Oui,anglais,"Le lieu de soin est à proximité d'un arrêt de transport en commun. Précision sur les transports en commun : Bus  Metro. Un parking est disponible à proximité. La prise de rendez-vous peut être faite de la façon suivante : mail (blouinjm@aol.com), SMS (0681405224). Le professionnel effectue des consultations à domicile. Le cabinet dispose de matériel spécifique pour faciliter les soins aux personnes en situation de handicap (table de consultation à hauteur variable, matériel d'examen portatif…). Il y a des places de stationnement PMR à proximité. L'ensemble du site est de plain-pied. La porte d'entrée est de type : porte coulissante manuelle. L'entrée est équipée d'un bouton d'appel. Possibilité d'une présence ou d'une aide humaine au déplacement. Le praticien possède une expérience particulière ou est formé à la prise en charge du handicap moteur. Des sanitaires accessibles sont à disposition du public. L'accès à l'entrée se fait par un cheminement extérieur pouvant présenter certaines difficultés, notamment des rétrécissements de moins de 90 cm de large. Le cabinet dispose d'un guichet bas ou d'un bureau accessible en fauteuil roulant. Le professionnel peut réaliser la consultation ou les soins sur un fauteuil roulant. Présence d'une bande de guidage au sol à l'extérieur et depuis l'entrée du cabinet jusqu'à la salle d'attente ou la zone d'accueil. Présence de personnel à l'accueil. La zone d'accueil n'est pas visible depuis l'entrée. Le cabinet dispose d'un éclairage permanent ou par détection de présence. Le praticien possède une expérience particulière ou est formé à la prise en charge des handicaps psychiques. Une organisation particulière permet de réduire le temps d'attente lorsque cela est nécessaire. La signalétique utilise des pictogrammes. Le praticien possède une expérience particulière ou est formé à la prise en charge du handicap mental. Les sanitaires sont équipés de toilettes suspendues. Le professionnel possède du matériel d'auscultation adapté aux personnes en situation d'obésité. La table d'examen est adaptée jusqu'à 200 kg. Les brancards|fauteuils roulants sont adaptés jusqu'à 200 kg. anglais"
04/09/2024,10102300984,1013486478,Le Calvez,Ivana,Masseur-Kinésithérapeute,Rue de Chantepie,35770,Vern-sur-Seiche,FR-BRE,"Un parking est disponible à proximité. La prise de rendez-vous peut être faite de la façon suivante : mail (contact@aquaphysioplus.fr), SMS (0782498645), site internet (www.aquaphysioplus.fr). Le cabinet dispose de matériel spécifique pour faciliter les soins aux personnes en situation de handicap (table de consultation à hauteur variable, matériel d'examen portatif…).",L'ensemble du site est de plain-pied. La porte d'entrée est de type : porte battante manuelle. L'entrée est équipée d'un bouton d'appel. Il existe une entrée secondaire spécifique dédiée aux personnes à mobilité réduite : accès à la piscine par une rampe. Le praticien possède une expérience particulière ou est formé à la prise en charge du handicap moteur. Il y a des sanitaires mis à disposition du public mais qui ne sont pas aux normes d'accessibilité. Le professionnel peut réaliser la consultation ou les soins sur un fauteuil roulant.,Oui,L'ensemble du site est de plain-pied. La porte d'entrée est de type : porte battante manuelle. L'entrée est équipée d'un bouton d'appel. Il existe une entrée secondaire spécifique dédiée aux personnes à mobilité réduite : accès à la piscine par une rampe. Le praticien possède une expérience particulière ou est formé à la prise en charge du handicap moteur. Il y a des sanitaires mis à disposition du public mais qui ne sont pas aux normes d'accessibilité.,Oui,L'ensemble du site est de plain-pied. Le repérage de l'entrée de l'établissement peut s'avérer délicat. La porte d'entrée est de type : porte battante manuelle. L'entrée est équipée d'un bouton d'appel. Le cabinet dispose d'un éclairage permanent ou par détection de présence. Il n'y a pas de bandes de signalisation contrastées sur les portes vitrées. Le praticien possède une expérience particulière ou est formé à la prise en charge du handicap visuel.,Oui,L'ensemble du site est de plain-pied. La porte d'entrée est de type : porte battante manuelle. L'entrée est équipée d'un bouton d'appel. Le dispositif d'appel n'est pas accessible aux personnes aveugles. Le praticien possède une expérience particulière ou est formé à la prise en charge du handicap visuel.,Oui,Le repérage de l'entrée de l'établissement peut s'avérer délicat. La signalétique utilise des pictogrammes. Le praticien possède une expérience particulière ou est formé à la prise en charge du handicap mental. Le professionnel propose une préparation à la consultation (visite blanche).,Oui,Le repérage de l'entrée de l'établissement peut s'avérer délicat. Le praticien possède une expérience particulière ou est formé à la prise en charge des handicaps psychiques. Le professionnel propose une préparation à la consultation (visite blanche).,Oui,Le repérage de l'entrée de l'établissement peut s'avérer délicat. La signalétique utilise des pictogrammes. Le praticien possède une expérience particulière ou est formé à la prise en charge des TSA. Le professionnel propose une préparation à la consultation (visite blanche).,Oui,,Non,Le professionnel possède du matériel d'auscultation adapté aux personnes en situation d'obésité. La table d'examen ne permet pas de recevoir une personne en situation d'obésité.,Non,"anglais,allemand,serbo-croate,croate,bosniaque,espagnol, castillan","Un parking est disponible à proximité. La prise de rendez-vous peut être faite de la façon suivante : mail (contact@aquaphysioplus.fr), SMS (0782498645), site internet (www.aquaphysioplus.fr). Le cabinet dispose de matériel spécifique pour faciliter les soins aux personnes en situation de handicap (table de consultation à hauteur variable, matériel d'examen portatif…). L'ensemble du site est de plain-pied. La porte d'entrée est de type : porte battante manuelle. L'entrée est équipée d'un bouton d'appel. Le dispositif d'appel n'est pas accessible aux personnes aveugles. Le praticien possède une expérience particulière ou est formé à la prise en charge du handicap visuel. Il existe une entrée secondaire spécifique dédiée aux personnes à mobilité réduite : accès à la piscine par une rampe. Le praticien possède une expérience particulière ou est formé à la prise en charge du handicap moteur. Il y a des sanitaires mis à disposition du public mais qui ne sont pas aux normes d'accessibilité. Le professionnel peut réaliser la consultation ou les soins sur un fauteuil roulant. Le repérage de l'entrée de l'établissement peut s'avérer délicat. Le cabinet dispose d'un éclairage permanent ou par détection de présence. Il n'y a pas de bandes de signalisation contrastées sur les portes vitrées. La signalétique utilise des pictogrammes. Le praticien possède une expérience particulière ou est formé à la prise en charge du handicap mental. Le professionnel propose une préparation à la consultation (visite blanche). Le praticien possède une expérience particulière ou est formé à la prise en charge des handicaps psychiques. Le praticien possède une expérience particulière ou est formé à la prise en charge des TSA. Le professionnel possède du matériel d'auscultation adapté aux personnes en situation d'obésité. La table d'examen ne permet pas de recevoir une personne en situation d'obésité. anglais,allemand,serbo-croate,croate,bosniaque,espagnol, castillan"
04/09/2024,10010138195,1004369778,De La Villeon,Solenne,Orthophoniste,172 R De Fougeres,35000,Rennes,FR-BRE,"Le lieu de soin est à proximité d'un arrêt de transport en commun. Précision sur les transports en commun : Arrêt Painlevé, bus c2, 32, 4 ; métro gros chêne. Un parking est disponible à proximité. Pas de présence de personnel à l'accueil. La prise de rendez-vous peut être faite de la façon suivante : SMS (0769227185), site internet (https://perfactive.fr/list/villeon_bellec). Le professionnel effectue des consultations à domicile. Le professionnel propose des consultations en télémédecine.",Il y a des places de stationnement PMR à proximité. L'ensemble du site est de plain-pied. La porte d'entrée est de type : porte battante manuelle. L'entrée est équipée d'un visiophone. La porte d'entrée fait 90cm de large ou plus. Le praticien possède une expérience particulière ou est formé à la prise en charge du handicap moteur. Le professionnel effectue des consultations à domicile. Le professionnel peut réaliser la consultation ou les soins sur un fauteuil roulant.,Oui,Il y a des places de stationnement PMR à proximité. L'ensemble du site est de plain-pied. La porte d'entrée est de type : porte battante manuelle. L'entrée est équipée d'un visiophone. Le praticien possède une expérience particulière ou est formé à la prise en charge du handicap moteur. Le professionnel effectue des consultations à domicile.,Oui,L'ensemble du site est de plain-pied. La porte d'entrée est de type : porte battante manuelle. L'entrée est équipée d'un visiophone. Le cabinet dispose d'un éclairage permanent ou par détection de présence. Le professionnel effectue des consultations à domicile.,Oui,L'ensemble du site est de plain-pied. La porte d'entrée est de type : porte battante manuelle. L'entrée est équipée d'un visiophone. Le dispositif d'appel est accessible aux personnes aveugles. Le professionnel effectue des consultations à domicile.,Non,La signalétique utilise des pictogrammes. Le professionnel effectue des consultations à domicile. Des outils de communication simplifiés sont utilisés pour expliquer les actes.,Oui,Le professionnel effectue des consultations à domicile. Des outils de communication simplifiés sont utilisés pour expliquer les actes.,Oui,La signalétique utilise des pictogrammes. Le professionnel effectue des consultations à domicile. Des outils de communication simplifiés sont utilisés pour expliquer les actes.,Oui,Le praticien possède une expérience particulière ou est formé à la prise en charge du handicap auditif.,Oui,Le professionnel effectue des consultations à domicile. Le professionnel ne possède pas de matériel adapté aux personnes en situation d'obésité. La table d'examen ne permet pas de recevoir une personne en situation d'obésité.,Non,anglais,"Le lieu de soin est à proximité d'un arrêt de transport en commun. Précision sur les transports en commun : Arrêt Painlevé, bus c2, 32, 4 ; métro gros chêne. Un parking est disponible à proximité. Pas de présence de personnel à l'accueil. La prise de rendez-vous peut être faite de la façon suivante : SMS (0769227185), site internet (https://perfactive.fr/list/villeon_bellec). Le professionnel effectue des consultations à domicile. Le professionnel propose des consultations en télémédecine. Il y a des places de stationnement PMR à proximité. L'ensemble du site est de plain-pied. La porte d'entrée est de type : porte battante manuelle. L'entrée est équipée d'un visiophone. Le praticien possède une expérience particulière ou est formé à la prise en charge du handicap moteur. La porte d'entrée fait 90cm de large ou plus. Le professionnel peut réaliser la consultation ou les soins sur un fauteuil roulant. Le dispositif d'appel est accessible aux personnes aveugles. Le cabinet dispose d'un éclairage permanent ou par détection de présence. Des outils de communication simplifiés sont utilisés pour expliquer les actes. La signalétique utilise des pictogrammes. Le praticien possède une expérience particulière ou est formé à la prise en charge du handicap auditif. Le professionnel ne possède pas de matériel adapté aux personnes en situation d'obésité. La table d'examen ne permet pas de recevoir une personne en situation d'obésité. anglais"
04/09/2024,10105812084,1012274660,Albert,Laura,Infirmier,27 Boulevard René Laënnec,35000,Rennes,FR-BRE,"Le lieu de soin est à proximité d'un arrêt de transport en commun. Précision sur les transports en commun : Bus c1 et 11. Un parking est disponible à proximité. Il n'y a pas de sanitaires mis à disposition du public. Le professionnel effectue des consultations à domicile. Le cabinet dispose de matériel spécifique pour faciliter les soins aux personnes en situation de handicap (table de consultation à hauteur variable, matériel d'examen portatif…). Informations complémentaires concernant l'accessibilité du bâtiment ou des prestations spécifiques proposées : Cabinet Accessible par rampe amovible mais essentiellement soins à domicile.",Il y a des places de stationnement PMR à proximité. La porte d'entrée est de type : porte battante manuelle. L'entrée est équipée d'un bouton d'appel. Le professionnel effectue des consultations à domicile. Le professionnel peut réaliser la consultation ou les soins sur un fauteuil roulant.,Oui,Il y a des places de stationnement PMR à proximité. La porte d'entrée est de type : porte battante manuelle. L'entrée est équipée d'un bouton d'appel. Le professionnel effectue des consultations à domicile.,Oui,La porte d'entrée est de type : porte battante manuelle. L'entrée est équipée d'un bouton d'appel. Le cabinet dispose d'un éclairage permanent ou par détection de présence. Il y a des bandes de signalisation contrastées sur les portes vitrées. Le professionnel effectue des consultations à domicile.,Oui,"La porte d'entrée est de type : porte battante manuelle. L'entrée est équipée d'un bouton d'appel. Le dispositif d'appel n'est pas accessible, mais une alternative existe : Entree directe en salle d’attente. Le professionnel effectue des consultations à domicile.",Oui,La signalétique utilise des pictogrammes. La prise de rendez-vous ne peut être faite que par téléphone. Le professionnel effectue des consultations à domicile. Une organisation particulière permet de réduire le temps d'attente lorsque cela est nécessaire.,Oui,La prise de rendez-vous ne peut être faite que par téléphone. Le professionnel effectue des consultations à domicile. Une organisation particulière permet de réduire le temps d'attente lorsque cela est nécessaire.,Oui,La signalétique utilise des pictogrammes. La prise de rendez-vous ne peut être faite que par téléphone. Le professionnel effectue des consultations à domicile. Une organisation particulière permet de réduire le temps d'attente lorsque cela est nécessaire.,Oui,La prise de rendez-vous ne peut être faite que par téléphone.,Non,Le professionnel effectue des consultations à domicile. Le professionnel ne possède pas de matériel adapté aux personnes en situation d'obésité. La table d'examen ne permet pas de recevoir une personne en situation d'obésité. L'utilisation des brancards et/ou de fauteuils roulants ne sont pas adaptés aux personnes en situation d'obésité.,Non,anglais,"Le lieu de soin est à proximité d'un arrêt de transport en commun. Précision sur les transports en commun : Bus c1 et 11. Un parking est disponible à proximité. Il n'y a pas de sanitaires mis à disposition du public. Le professionnel effectue des consultations à domicile. Le cabinet dispose de matériel spécifique pour faciliter les soins aux personnes en situation de handicap (table de consultation à hauteur variable, matériel d'examen portatif…). Informations complémentaires concernant l'accessibilité du bâtiment ou des prestations spécifiques proposées : Cabinet Accessible par rampe amovible mais essentiellement soins à domicile. Il y a des places de stationnement PMR à proximité. La porte d'entrée est de type : porte battante manuelle. L'entrée est équipée d'un bouton d'appel. Le professionnel peut réaliser la consultation ou les soins sur un fauteuil roulant. Le dispositif d'appel n'est pas accessible, mais une alternative existe : Entree directe en salle d’attente. Le cabinet dispose d'un éclairage permanent ou par détection de présence. Il y a des bandes de signalisation contrastées sur les portes vitrées. La signalétique utilise des pictogrammes. La prise de rendez-vous ne peut être faite que par téléphone. Une organisation particulière permet de réduire le temps d'attente lorsque cela est nécessaire. Le professionnel ne possède pas de matériel adapté aux personnes en situation d'obésité. La table d'examen ne permet pas de recevoir une personne en situation d'obésité. L'utilisation des brancards et/ou de fauteuils roulants ne sont pas adaptés aux personnes en situation d'obésité. anglais"
04/09/2024,10006047103,1000502668,Merbouche,Jasmine,Pédicure-Podologue,23 Rue de Dinan,35000,Rennes,FR-BRE,"Le lieu de soin est à proximité d'un arrêt de transport en commun. Précision sur les transports en commun : métro Saint-Anne ou bus quais bas des LICES... Un parking est disponible à proximité. Il n'y a pas de sanitaires mis à disposition du public. La prise de rendez-vous peut être faite de la façon suivante : mail (doctolib), SMS (0223421983), site internet (doctolib). Le professionnel effectue des consultations à domicile. Le cabinet dispose de matériel spécifique pour faciliter les soins aux personnes en situation de handicap (table de consultation à hauteur variable, matériel d'examen portatif…). Informations complémentaires concernant l'accessibilité du bâtiment ou des prestations spécifiques proposées : trotoir accès direct salle d attente puis salle de soins..",Il y a des places de stationnement PMR à proximité. L'ensemble du site est de plain-pied. L'accès à l'entrée se fait par un cheminement extérieur pouvant présenter certaines difficultés. La porte d'entrée est de type : porte battante manuelle. La porte d'entrée fait 90cm de large ou plus. Le cabinet dispose d'un guichet bas ou d'un bureau accessible en fauteuil roulant. Possibilité d'une présence ou d'une aide humaine au déplacement. Le praticien possède une expérience particulière ou est formé à la prise en charge du handicap moteur. Le professionnel effectue des consultations à domicile. Le professionnel peut réaliser la consultation ou les soins sur un fauteuil roulant.,Oui,Il y a des places de stationnement PMR à proximité. L'ensemble du site est de plain-pied. La porte d'entrée est de type : porte battante manuelle. Possibilité d'une présence ou d'une aide humaine au déplacement. Le praticien possède une expérience particulière ou est formé à la prise en charge du handicap moteur. Le professionnel effectue des consultations à domicile.,Oui,L'ensemble du site est de plain-pied. La porte d'entrée est de type : porte battante manuelle. La zone d'accueil n'est pas visible depuis l'entrée. Le cabinet dispose d'un éclairage permanent ou par détection de présence. Présence de personnel à l'accueil. Possibilité d'une présence ou d'une aide humaine au déplacement par un professionnel connaissant les techniques de guidage. Il y a des bandes de signalisation contrastées sur les portes vitrées. Le professionnel effectue des consultations à domicile.,Oui,L'ensemble du site est de plain-pied. La porte d'entrée est de type : porte battante manuelle. Le dispositif d'appel est accessible aux personnes aveugles. Présence de personnel à l'accueil. Possibilité d'une présence ou d'une aide humaine au déplacement par un professionnel connaissant les techniques de guidage. Le professionnel effectue des consultations à domicile.,Oui,La zone d'accueil n'est pas visible depuis l'entrée. Présence de personnel à l'accueil. La signalétique utilise des pictogrammes. Le professionnel effectue des consultations à domicile. Des outils de communication simplifiés sont utilisés pour expliquer les actes.,Oui,La zone d'accueil n'est pas visible depuis l'entrée. Présence de personnel à l'accueil. Le professionnel effectue des consultations à domicile. Des outils de communication simplifiés sont utilisés pour expliquer les actes.,Oui,Présence de personnel à l'accueil. La signalétique utilise des pictogrammes. Le professionnel effectue des consultations à domicile. Des outils de communication simplifiés sont utilisés pour expliquer les actes.,Oui,,Non,Le professionnel effectue des consultations à domicile. Le professionnel ne possède pas de matériel adapté aux personnes en situation d'obésité.,Non,"anglais,espagnol, castillan","Le lieu de soin est à proximité d'un arrêt de transport en commun. Précision sur les transports en commun : métro Saint-Anne ou bus quais bas des LICES... Un parking est disponible à proximité. Il n'y a pas de sanitaires mis à disposition du public. La prise de rendez-vous peut être faite de la façon suivante : mail (doctolib), SMS (0223421983), site internet (doctolib). Le professionnel effectue des consultations à domicile. Le cabinet dispose de matériel spécifique pour faciliter les soins aux personnes en situation de handicap (table de consultation à hauteur variable, matériel d'examen portatif…). Informations complémentaires concernant l'accessibilité du bâtiment ou des prestations spécifiques proposées : trotoir accès direct salle d attente puis salle de soins.. Il y a des places de stationnement PMR à proximité. L'ensemble du site est de plain-pied. La porte d'entrée est de type : porte battante manuelle. Possibilité d'une présence ou d'une aide humaine au déplacement. Le praticien possède une expérience particulière ou est formé à la prise en charge du handicap moteur. L'accès à l'entrée se fait par un cheminement extérieur pouvant présenter certaines difficultés. La porte d'entrée fait 90cm de large ou plus. Le cabinet dispose d'un guichet bas ou d'un bureau accessible en fauteuil roulant. Le professionnel peut réaliser la consultation ou les soins sur un fauteuil roulant. Le dispositif d'appel est accessible aux personnes aveugles. Présence de personnel à l'accueil. Possibilité d'une présence ou d'une aide humaine au déplacement par un professionnel connaissant les techniques de guidage. La zone d'accueil n'est pas visible depuis l'entrée. Le cabinet dispose d'un éclairage permanent ou par détection de présence. Il y a des bandes de signalisation contrastées sur les portes vitrées. La signalétique utilise des pictogrammes. Des outils de communication simplifiés sont utilisés pour expliquer les actes. Le professionnel ne possède pas de matériel adapté aux personnes en situation d'obésité. anglais,espagnol, castillan"
04/09/2024,10106084709,1012305551,Anne,Delphine,Infirmier,6 Rue Mathurin Peltier,35740,Pacé,FR-BRE,Le professionnel effectue des consultations à domicile.,Le professionnel effectue des consultations à domicile. Le professionnel peut réaliser la consultation ou les soins sur un fauteuil roulant.,Oui,Le professionnel effectue des consultations à domicile.,Oui,Le professionnel effectue des consultations à domicile.,Non,Le professionnel effectue des consultations à domicile.,Non,La prise de rendez-vous ne peut être faite que par téléphone. Le professionnel effectue des consultations à domicile. Le professionnel propose une préparation à la consultation (visite blanche). Des outils de communication simplifiés sont utilisés pour expliquer les actes.,Oui,La prise de rendez-vous ne peut être faite que par téléphone. Le professionnel effectue des consultations à domicile. Le professionnel propose une préparation à la consultation (visite blanche). Des outils de communication simplifiés sont utilisés pour expliquer les actes.,Oui,La prise de rendez-vous ne peut être faite que par téléphone. Le professionnel effectue des consultations à domicile. Le professionnel propose une préparation à la consultation (visite blanche). Des outils de communication simplifiés sont utilisés pour expliquer les actes.,Oui,La prise de rendez-vous ne peut être faite que par téléphone.,Non,Le professionnel effectue des consultations à domicile. Le professionnel possède du matériel d'auscultation adapté aux personnes en situation d'obésité.,Oui,,La prise de rendez-vous ne peut être faite que par téléphone. Le professionnel effectue des consultations à domicile. Le professionnel propose une préparation à la consultation (visite blanche). Des outils de communication simplifiés sont utilisés pour expliquer les actes. Le professionnel peut réaliser la consultation ou les soins sur un fauteuil roulant. Le professionnel possède du matériel d'auscultation adapté aux personnes en situation d'obésité.
04/09/2024,10002650140,1000182503,Tarasco-Schenrey,Elisabeth,Endocrinologue,2 Avenue d’Irlande,35200,Rennes,FR-BRE,Le lieu de soin est à proximité d'un arrêt de transport en commun. Un parking est disponible à proximité. Pas de présence de personnel à l'accueil. Le professionnel propose des consultations en télémédecine.,Il y a des places de stationnement PMR à proximité. L'ensemble du site est de plain-pied. La porte d'entrée est de type : porte battante manuelle. L'entrée est équipée d'un bouton d'appel. Des sanitaires accessibles sont à disposition du public. Le professionnel peut réaliser la consultation ou les soins sur un fauteuil roulant.,Oui,Il y a des places de stationnement PMR à proximité. L'ensemble du site est de plain-pied. La porte d'entrée est de type : porte battante manuelle. L'entrée est équipée d'un bouton d'appel. Des sanitaires accessibles sont à disposition du public.,Oui,L'ensemble du site est de plain-pied. Le repérage de l'entrée de l'établissement peut s'avérer délicat. La porte d'entrée est de type : porte battante manuelle. L'entrée est équipée d'un bouton d'appel. La porte vitrée ne possède aucun élément contrasté pour la repérer. Le cabinet dispose d'un éclairage permanent ou par détection de présence. Il n'y a pas de bandes de signalisation contrastées sur les portes vitrées.,Non,L'ensemble du site est de plain-pied. La porte d'entrée est de type : porte battante manuelle. L'entrée est équipée d'un bouton d'appel. Le dispositif d'appel n'est pas accessible aux personnes aveugles.,Non,Le repérage de l'entrée de l'établissement peut s'avérer délicat. La prise de rendez-vous ne peut être faite que par téléphone.,Non,Le repérage de l'entrée de l'établissement peut s'avérer délicat. La prise de rendez-vous ne peut être faite que par téléphone.,Non,Le repérage de l'entrée de l'établissement peut s'avérer délicat. La prise de rendez-vous ne peut être faite que par téléphone.,Non,La prise de rendez-vous ne peut être faite que par téléphone.,Non,Le professionnel possède du matériel d'auscultation adapté aux personnes en situation d'obésité. La table d'examen est adaptée jusqu'à 200 kg. L'utilisation des brancards et/ou de fauteuils roulants ne sont pas adaptés aux personnes en situation d'obésité.,Non,français,Le lieu de soin est à proximité d'un arrêt de transport en commun. Un parking est disponible à proximité. Pas de présence de personnel à l'accueil. Le professionnel propose des consultations en télémédecine. Il y a des places de stationnement PMR à proximité. L'ensemble du site est de plain-pied. La porte d'entrée est de type : porte battante manuelle. L'entrée est équipée d'un bouton d'appel. Des sanitaires accessibles sont à disposition du public. Le professionnel peut réaliser la consultation ou les soins sur un fauteuil roulant. Le dispositif d'appel n'est pas accessible aux personnes aveugles. Le repérage de l'entrée de l'établissement peut s'avérer délicat. La porte vitrée ne possède aucun élément contrasté pour la repérer. Le cabinet dispose d'un éclairage permanent ou par détection de présence. Il n'y a pas de bandes de signalisation contrastées sur les portes vitrées. La prise de rendez-vous ne peut être faite que par téléphone. Le professionnel possède du matériel d'auscultation adapté aux personnes en situation d'obésité. La table d'examen est adaptée jusqu'à 200 kg. L'utilisation des brancards et/ou de fauteuils roulants ne sont pas adaptés aux personnes en situation d'obésité. français
03/09/2024,10101022589,1013942616,Graignic-Philippe,Rozenn,Sage-Femme,1bis Rue Jacques Cartier,35230,Orgères,FR-BRE,"Le lieu de soin est à proximité d'un arrêt de transport en commun. Précision sur les transports en commun : Ligne 74 arrêt Coteau. Un parking est disponible à proximité. Pas de présence de personnel à l'accueil. La prise de rendez-vous peut être faite de la façon suivante : mail (graignicrozenn@gmail.com), SMS (0661140605), site internet (https://www.pagesjaunes.fr/pros/57020957#calendrier). Le professionnel effectue des consultations à domicile. Le professionnel propose des consultations en télémédecine.",Il y a des places de stationnement PMR à proximité. La porte d'entrée est de type : porte battante manuelle. Il existe une entrée secondaire spécifique dédiée aux personnes à mobilité réduite. Des sanitaires accessibles sont à disposition du public. Le professionnel effectue des consultations à domicile.,Oui,Il y a des places de stationnement PMR à proximité. La porte d'entrée est de type : porte battante manuelle. Il existe une entrée secondaire spécifique dédiée aux personnes à mobilité réduite. Des sanitaires accessibles sont à disposition du public. Le professionnel effectue des consultations à domicile.,Oui,La porte d'entrée est de type : porte battante manuelle. Le cabinet dispose d'un éclairage permanent ou par détection de présence. Le professionnel effectue des consultations à domicile.,Non,La porte d'entrée est de type : porte battante manuelle. Le professionnel effectue des consultations à domicile.,Non,Le professionnel effectue des consultations à domicile. Une organisation particulière permet de réduire le temps d'attente lorsque cela est nécessaire. Des outils de communication simplifiés sont utilisés pour expliquer les actes.,Oui,Le professionnel effectue des consultations à domicile. Une organisation particulière permet de réduire le temps d'attente lorsque cela est nécessaire. Des outils de communication simplifiés sont utilisés pour expliquer les actes.,Oui,Le professionnel effectue des consultations à domicile. Une organisation particulière permet de réduire le temps d'attente lorsque cela est nécessaire. Des outils de communication simplifiés sont utilisés pour expliquer les actes.,Oui,,Non,Le professionnel effectue des consultations à domicile. Le professionnel possède du matériel d'auscultation adapté aux personnes en situation d'obésité. La table d'examen est adaptée jusqu'à 200 kg.,Oui,anglais,"Le lieu de soin est à proximité d'un arrêt de transport en commun. Précision sur les transports en commun : Ligne 74 arrêt Coteau. Un parking est disponible à proximité. Pas de présence de personnel à l'accueil. La prise de rendez-vous peut être faite de la façon suivante : mail (graignicrozenn@gmail.com), SMS (0661140605), site internet (https://www.pagesjaunes.fr/pros/57020957#calendrier). Le professionnel effectue des consultations à domicile. Le professionnel propose des consultations en télémédecine. Il y a des places de stationnement PMR à proximité. La porte d'entrée est de type : porte battante manuelle. Il existe une entrée secondaire spécifique dédiée aux personnes à mobilité réduite. Des sanitaires accessibles sont à disposition du public. Le cabinet dispose d'un éclairage permanent ou par détection de présence. Une organisation particulière permet de réduire le temps d'attente lorsque cela est nécessaire. Des outils de communication simplifiés sont utilisés pour expliquer les actes. Le professionnel possède du matériel d'auscultation adapté aux personnes en situation d'obésité. La table d'examen est adaptée jusqu'à 200 kg. anglais"
03/09/2024,10103349030,1013492029,Renault,Lucie,Infirmier,88bis Route de Nantes,35131,Pont-Péan,FR-BRE,"Le lieu de soin est à proximité d'un arrêt de transport en commun. Précision sur les transports en commun : bus arrêts : mouton blanc - chemin vert. Un parking est disponible à proximité. Pas de présence de personnel à l'accueil. La prise de rendez-vous peut être faite de la façon suivante : mail (brcabinet@hotmail.com), SMS (0684132197), site internet (www.infirmier-bezier-renault.fr). Le professionnel effectue des consultations à domicile. Le cabinet dispose de matériel spécifique pour faciliter les soins aux personnes en situation de handicap (table de consultation à hauteur variable, matériel d'examen portatif…).",Il y a des places de stationnement PMR à proximité. L'ensemble du site est de plain-pied. Des ressauts de plus de 2 cm sont présents sur le site. La porte d'entrée est de type : porte battante manuelle. L'entrée est équipée d'un bouton d'appel. La circulation en fauteuil roulant peut s'avérer délicate. Le cabinet dispose d'un guichet bas ou d'un bureau accessible en fauteuil roulant. Le praticien possède une expérience particulière ou est formé à la prise en charge du handicap moteur. Des sanitaires accessibles sont à disposition du public. Le professionnel effectue des consultations à domicile. Le professionnel peut réaliser la consultation ou les soins sur un fauteuil roulant.,Oui,Il y a des places de stationnement PMR à proximité. L'ensemble du site est de plain-pied. La porte d'entrée est de type : porte battante manuelle. L'entrée est équipée d'un bouton d'appel. Le praticien possède une expérience particulière ou est formé à la prise en charge du handicap moteur. Des sanitaires accessibles sont à disposition du public. Le professionnel effectue des consultations à domicile.,Oui,L'ensemble du site est de plain-pied. La porte d'entrée est de type : porte battante manuelle. L'entrée est équipée d'un bouton d'appel. Le cabinet dispose d'un éclairage permanent ou par détection de présence. Il y a des bandes de signalisation contrastées sur les portes vitrées. Le praticien possède une expérience particulière ou est formé à la prise en charge du handicap visuel. Le professionnel effectue des consultations à domicile.,Oui,L'ensemble du site est de plain-pied. La porte d'entrée est de type : porte battante manuelle. L'entrée est équipée d'un bouton d'appel. Le dispositif d'appel n'est pas accessible aux personnes aveugles. Le praticien possède une expérience particulière ou est formé à la prise en charge du handicap visuel. Le professionnel effectue des consultations à domicile.,Oui,La signalétique utilise des pictogrammes. Le praticien possède une expérience particulière ou est formé à la prise en charge du handicap mental. Le professionnel effectue des consultations à domicile. Une organisation particulière permet de réduire le temps d'attente lorsque cela est nécessaire.,Oui,Le professionnel effectue des consultations à domicile. Une organisation particulière permet de réduire le temps d'attente lorsque cela est nécessaire.,Oui,La signalétique utilise des pictogrammes. Le professionnel effectue des consultations à domicile. Une organisation particulière permet de réduire le temps d'attente lorsque cela est nécessaire.,Oui,Le praticien possède une expérience particulière ou est formé à la prise en charge du handicap auditif.,Oui,Le professionnel effectue des consultations à domicile. Le professionnel ne possède pas de matériel adapté aux personnes en situation d'obésité. La table d'examen ne permet pas de recevoir une personne en situation d'obésité. L'utilisation des brancards et/ou de fauteuils roulants ne sont pas adaptés aux personnes en situation d'obésité.,Non,anglais,"Le lieu de soin est à proximité d'un arrêt de transport en commun. Précision sur les transports en commun : bus arrêts : mouton blanc - chemin vert. Un parking est disponible à proximité. Pas de présence de personnel à l'accueil. La prise de rendez-vous peut être faite de la façon suivante : mail (brcabinet@hotmail.com), SMS (0684132197), site internet (www.infirmier-bezier-renault.fr). Le professionnel effectue des consultations à domicile. Le cabinet dispose de matériel spécifique pour faciliter les soins aux personnes en situation de handicap (table de consultation à hauteur variable, matériel d'examen portatif…). Il y a des places de stationnement PMR à proximité. L'ensemble du site est de plain-pied. La porte d'entrée est de type : porte battante manuelle. L'entrée est équipée d'un bouton d'appel. Le praticien possède une expérience particulière ou est formé à la prise en charge du handicap moteur. Des sanitaires accessibles sont à disposition du public. Des ressauts de plus de 2 cm sont présents sur le site. La circulation en fauteuil roulant peut s'avérer délicate. Le cabinet dispose d'un guichet bas ou d'un bureau accessible en fauteuil roulant. Le professionnel peut réaliser la consultation ou les soins sur un fauteuil roulant. Le dispositif d'appel n'est pas accessible aux personnes aveugles. Le praticien possède une expérience particulière ou est formé à la prise en charge du handicap visuel. Le cabinet dispose d'un éclairage permanent ou par détection de présence. Il y a des bandes de signalisation contrastées sur les portes vitrées. Une organisation particulière permet de réduire le temps d'attente lorsque cela est nécessaire. La signalétique utilise des pictogrammes. Le praticien possède une expérience particulière ou est formé à la prise en charge du handicap mental. Le praticien possède une expérience particulière ou est formé à la prise en charge du handicap auditif. Le professionnel ne possède pas de matériel adapté aux personnes en situation d'obésité. La table d'examen ne permet pas de recevoir une personne en situation d'obésité. L'utilisation des brancards et/ou de fauteuils roulants ne sont pas adaptés aux personnes en situation d'obésité. anglais"
03/09/2024,10100545739,1011678360,Tomi,Anne-Laurence,Rhumatologue,6bis Avenue Sir Winston Churchill,35000,Rennes,FR-BRE,"Le lieu de soin est à proximité d'un arrêt de transport en commun. Précision sur les transports en commun : Métro - ligne A, arrêt Villejean Université, Bus - Villejean-Churchill (ligne 14) Bus - Languedoc (lignes 31 et C4). Un parking est disponible à proximité. La prise de rendez-vous peut être faite de la façon suivante : SMS (02 99 59 32 94), site internet (https://www.doctolib.fr/rhumatologue/rennes/anne-laurence-tomi). Le professionnel propose des consultations en télémédecine. Le cabinet dispose de matériel spécifique pour faciliter les soins aux personnes en situation de handicap (table de consultation à hauteur variable, matériel d'examen portatif…).",Il y a des places de stationnement PMR à proximité. L'ensemble du site est de plain-pied. La porte d'entrée est de type : porte battante manuelle. Il n'y a pas de dispositif permettant de sonner/se signaler devant l'entrée. Possibilité d'une présence ou d'une aide humaine au déplacement. Le praticien possède une expérience particulière ou est formé à la prise en charge du handicap moteur. Des sanitaires accessibles sont à disposition du public. Le professionnel peut réaliser la consultation ou les soins sur un fauteuil roulant.,Oui,Il y a des places de stationnement PMR à proximité. L'ensemble du site est de plain-pied. La porte d'entrée est de type : porte battante manuelle. Il n'y a pas de dispositif permettant de sonner/se signaler devant l'entrée. Possibilité d'une présence ou d'une aide humaine au déplacement. Le praticien possède une expérience particulière ou est formé à la prise en charge du handicap moteur. Des sanitaires accessibles sont à disposition du public.,Oui,L'ensemble du site est de plain-pied. La porte d'entrée est de type : porte battante manuelle. Il n'y a pas de dispositif permettant de sonner/se signaler devant l'entrée. La porte vitrée ne possède aucun élément contrasté pour la repérer. Le cabinet dispose d'un éclairage permanent ou par détection de présence. Présence de personnel à l'accueil. Possibilité d'une présence ou d'une aide humaine au déplacement. Il y a des bandes de signalisation contrastées sur les portes vitrées.,Oui,L'ensemble du site est de plain-pied. La porte d'entrée est de type : porte battante manuelle. Il n'y a pas de dispositif permettant de sonner/se signaler devant l'entrée. Présence de personnel à l'accueil. Possibilité d'une présence ou d'une aide humaine au déplacement.,Non,Présence de personnel à l'accueil. Une organisation particulière permet de réduire le temps d'attente lorsque cela est nécessaire.,Oui,Présence de personnel à l'accueil. Une organisation particulière permet de réduire le temps d'attente lorsque cela est nécessaire.,Oui,Présence de personnel à l'accueil. Une organisation particulière permet de réduire le temps d'attente lorsque cela est nécessaire.,Oui,,Non,Les sanitaires sont équipés de toilettes suspendues. Le professionnel ne possède pas de matériel adapté aux personnes en situation d'obésité. La table d'examen est adaptée jusqu'à 200 kg. L'utilisation des brancards et/ou de fauteuils roulants ne sont pas adaptés aux personnes en situation d'obésité.,Non,,"Le lieu de soin est à proximité d'un arrêt de transport en commun. Précision sur les transports en commun : Métro - ligne A, arrêt Villejean Université, Bus - Villejean-Churchill (ligne 14) Bus - Languedoc (lignes 31 et C4). Un parking est disponible à proximité. La prise de rendez-vous peut être faite de la façon suivante : SMS (02 99 59 32 94), site internet (https://www.doctolib.fr/rhumatologue/rennes/anne-laurence-tomi). Le professionnel propose des consultations en télémédecine. Le cabinet dispose de matériel spécifique pour faciliter les soins aux personnes en situation de handicap (table de consultation à hauteur variable, matériel d'examen portatif…). Il y a des places de stationnement PMR à proximité. L'ensemble du site est de plain-pied. La porte d'entrée est de type : porte battante manuelle. Il n'y a pas de dispositif permettant de sonner/se signaler devant l'entrée. Possibilité d'une présence ou d'une aide humaine au déplacement. Le praticien possède une expérience particulière ou est formé à la prise en charge du handicap moteur. Des sanitaires accessibles sont à disposition du public. Le professionnel peut réaliser la consultation ou les soins sur un fauteuil roulant. Présence de personnel à l'accueil. La porte vitrée ne possède aucun élément contrasté pour la repérer. Le cabinet dispose d'un éclairage permanent ou par détection de présence. Il y a des bandes de signalisation contrastées sur les portes vitrées. Une organisation particulière permet de réduire le temps d'attente lorsque cela est nécessaire. Les sanitaires sont équipés de toilettes suspendues. Le professionnel ne possède pas de matériel adapté aux personnes en situation d'obésité. La table d'examen est adaptée jusqu'à 200 kg. L'utilisation des brancards et/ou de fauteuils roulants ne sont pas adaptés aux personnes en situation d'obésité."
03/09/2024,10101561677,1011280704,Kalka,Juliette,Pédicure-Podologue,2 Rue François Rabelais,35770,Vern-sur-Seiche,FR-BRE,"Le lieu de soin est à proximité d'un arrêt de transport en commun. Précision sur les transports en commun : Arrêt de LA POSTE (VERN SUR SEICHE). Un parking est disponible à proximité. La prise de rendez-vous peut être faite de la façon suivante : mail (mail, doctolib), site internet (doctolib.fr). Le professionnel effectue des consultations à domicile. Le cabinet dispose de matériel spécifique pour faciliter les soins aux personnes en situation de handicap (table de consultation à hauteur variable, matériel d'examen portatif…).",Il y a des places de stationnement PMR à proximité. L'ensemble du site est de plain-pied. La porte d'entrée est de type : porte battante manuelle. Il n'y a pas de dispositif permettant de sonner/se signaler devant l'entrée. La porte d'entrée fait 90cm de large ou plus. Le cabinet dispose d'un guichet bas ou d'un bureau accessible en fauteuil roulant. Des sanitaires accessibles sont à disposition du public. Le professionnel effectue des consultations à domicile. Le professionnel peut réaliser la consultation ou les soins sur un fauteuil roulant.,Oui,Il y a des places de stationnement PMR à proximité. L'ensemble du site est de plain-pied. La porte d'entrée est de type : porte battante manuelle. Il n'y a pas de dispositif permettant de sonner/se signaler devant l'entrée. Des sanitaires accessibles sont à disposition du public. Le professionnel effectue des consultations à domicile.,Oui,L'ensemble du site est de plain-pied. La porte d'entrée est de type : porte battante manuelle. Il n'y a pas de dispositif permettant de sonner/se signaler devant l'entrée. Le cabinet dispose d'un éclairage permanent ou par détection de présence. Présence de personnel à l'accueil. Il y a une signalétique orientant vers la salle d'attente. Il y a des bandes de signalisation contrastées sur les portes vitrées. Le professionnel effectue des consultations à domicile.,Oui,L'ensemble du site est de plain-pied. La porte d'entrée est de type : porte battante manuelle. Il n'y a pas de dispositif permettant de sonner/se signaler devant l'entrée. Présence de personnel à l'accueil. Le professionnel effectue des consultations à domicile.,Non,Présence de personnel à l'accueil. Il y a une signalétique orientant vers la salle d'attente. La signalétique utilise des pictogrammes. Le praticien possède une expérience particulière ou est formé à la prise en charge du handicap mental. Le professionnel effectue des consultations à domicile. Une organisation particulière permet de réduire le temps d'attente lorsque cela est nécessaire.,Oui,Présence de personnel à l'accueil. Il y a une signalétique orientant vers la salle d'attente. Le praticien possède une expérience particulière ou est formé à la prise en charge des handicaps psychiques. Le professionnel effectue des consultations à domicile. Une organisation particulière permet de réduire le temps d'attente lorsque cela est nécessaire.,Oui,Présence de personnel à l'accueil. Il y a une signalétique orientant vers la salle d'attente. La signalétique utilise des pictogrammes. Le professionnel effectue des consultations à domicile. Une organisation particulière permet de réduire le temps d'attente lorsque cela est nécessaire.,Oui,Le praticien possède une expérience particulière ou est formé à la prise en charge du handicap auditif.,Oui,Les sanitaires sont équipés de toilettes suspendues. Le professionnel effectue des consultations à domicile. Le professionnel ne possède pas de matériel adapté aux personnes en situation d'obésité. La table d'examen est adaptée jusqu'à 200 kg.,Non,"grec moderne (après 1453),anglais","Le lieu de soin est à proximité d'un arrêt de transport en commun. Précision sur les transports en commun : Arrêt de LA POSTE (VERN SUR SEICHE). Un parking est disponible à proximité. La prise de rendez-vous peut être faite de la façon suivante : mail (mail, doctolib), site internet (doctolib.fr). Le professionnel effectue des consultations à domicile. Le cabinet dispose de matériel spécifique pour faciliter les soins aux personnes en situation de handicap (table de consultation à hauteur variable, matériel d'examen portatif…). Il y a des places de stationnement PMR à proximité. L'ensemble du site est de plain-pied. La porte d'entrée est de type : porte battante manuelle. Il n'y a pas de dispositif permettant de sonner/se signaler devant l'entrée. Des sanitaires accessibles sont à disposition du public. La porte d'entrée fait 90cm de large ou plus. Le cabinet dispose d'un guichet bas ou d'un bureau accessible en fauteuil roulant. Le professionnel peut réaliser la consultation ou les soins sur un fauteuil roulant. Présence de personnel à l'accueil. Le cabinet dispose d'un éclairage permanent ou par détection de présence. Il y a une signalétique orientant vers la salle d'attente. Il y a des bandes de signalisation contrastées sur les portes vitrées. La signalétique utilise des pictogrammes. Le praticien possède une expérience particulière ou est formé à la prise en charge du handicap mental. Une organisation particulière permet de réduire le temps d'attente lorsque cela est nécessaire. Le praticien possède une expérience particulière ou est formé à la prise en charge des handicaps psychiques. Le praticien possède une expérience particulière ou est formé à la prise en charge du handicap auditif. Les sanitaires sont équipés de toilettes suspendues. Le professionnel ne possède pas de matériel adapté aux personnes en situation d'obésité. La table d'examen est adaptée jusqu'à 200 kg. grec moderne (après 1453),anglais"
03/09/2024,10100806149,1011830150,Rechaussat,Nicolas,Médecin généraliste,43 Rue Charles et Paul Géniaux,35000,Rennes,FR-BRE,"Le lieu de soin est à proximité d'un arrêt de transport en commun. Précision sur les transports en commun : Arrêt ""les Arts"", bus n°14. Un parking est disponible à proximité. Pas de présence de personnel à l'accueil. La prise de rendez-vous peut être faite de la façon suivante : site internet (doctolif.fr). Le professionnel propose des consultations en télémédecine.","L'ensemble du site est de plain-pied. Le cheminement extérieur présente une pente légère de plus de 2 mètres. La porte d'entrée est de type : porte battante manuelle. L'entrée est équipée d'un interphone. La porte d'entrée fait 90cm de large ou plus. Il existe une entrée secondaire spécifique dédiée aux personnes à mobilité réduite : Accès en ascenseur via  le 06 rue Micheline Ostermeyer, sonner à l'interphone ""cabinet médical""  et prendre l'ascenseur, 1er étage. Le cabinet dispose d'un guichet bas ou d'un bureau accessible en fauteuil roulant. Des sanitaires accessibles sont à disposition du public. Le professionnel peut réaliser la consultation ou les soins sur un fauteuil roulant.",Oui,"L'ensemble du site est de plain-pied. Le cheminement extérieur présente une pente légère de plus de 2 mètres. La porte d'entrée est de type : porte battante manuelle. L'entrée est équipée d'un interphone. Il existe une entrée secondaire spécifique dédiée aux personnes à mobilité réduite : Accès en ascenseur via  le 06 rue Micheline Ostermeyer, sonner à l'interphone ""cabinet médical""  et prendre l'ascenseur, 1er étage. Des sanitaires accessibles sont à disposition du public.",Oui,L'ensemble du site est de plain-pied. La porte d'entrée est de type : porte battante manuelle. L'entrée est équipée d'un interphone. Le cabinet dispose d'un éclairage permanent ou par détection de présence. Il n'y a pas de bandes de signalisation contrastées sur les portes vitrées.,Non,L'ensemble du site est de plain-pied. La porte d'entrée est de type : porte battante manuelle. L'entrée est équipée d'un interphone. Le dispositif d'appel n'est pas accessible aux personnes aveugles.,Non,La signalétique utilise des pictogrammes.,Non,,Non,La signalétique utilise des pictogrammes.,Non,,Non,Les sanitaires sont équipés de toilettes suspendues. Le professionnel ne possède pas de matériel adapté aux personnes en situation d'obésité. La table d'examen est adaptée jusqu'à 200 kg. L'utilisation des brancards et/ou de fauteuils roulants ne sont pas adaptés aux personnes en situation d'obésité.,Non,anglais,"Le lieu de soin est à proximité d'un arrêt de transport en commun. Précision sur les transports en commun : Arrêt ""les Arts"", bus n°14. Un parking est disponible à proximité. Pas de présence de personnel à l'accueil. La prise de rendez-vous peut être faite de la façon suivante : site internet (doctolif.fr). Le professionnel propose des consultations en télémédecine. L'ensemble du site est de plain-pied. La porte d'entrée est de type : porte battante manuelle. L'entrée est équipée d'un interphone. Le dispositif d'appel n'est pas accessible aux personnes aveugles. Le cheminement extérieur présente une pente légère de plus de 2 mètres. Il existe une entrée secondaire spécifique dédiée aux personnes à mobilité réduite : Accès en ascenseur via  le 06 rue Micheline Ostermeyer, sonner à l'interphone ""cabinet médical""  et prendre l'ascenseur, 1er étage. Des sanitaires accessibles sont à disposition du public. La porte d'entrée fait 90cm de large ou plus. Le cabinet dispose d'un guichet bas ou d'un bureau accessible en fauteuil roulant. Le professionnel peut réaliser la consultation ou les soins sur un fauteuil roulant. Le cabinet dispose d'un éclairage permanent ou par détection de présence. Il n'y a pas de bandes de signalisation contrastées sur les portes vitrées. La signalétique utilise des pictogrammes. Les sanitaires sont équipés de toilettes suspendues. Le professionnel ne possède pas de matériel adapté aux personnes en situation d'obésité. La table d'examen est adaptée jusqu'à 200 kg. L'utilisation des brancards et/ou de fauteuils roulants ne sont pas adaptés aux personnes en situation d'obésité. anglais"
03/09/2024,10010227303,1004349139,Touroul,Anaelle,Orthophoniste,4 Avenue Charles et Raymonde Tillon,35000,Rennes,FR-BRE,"Le lieu de soin est à proximité d'un arrêt de transport en commun. Précision sur les transports en commun : ARRET PREFECTURE. Un parking est disponible à proximité. Pas de présence de personnel à l'accueil. Le professionnel effectue des consultations à domicile. Le professionnel propose des consultations en télémédecine. Le cabinet dispose de matériel spécifique pour faciliter les soins aux personnes en situation de handicap (table de consultation à hauteur variable, matériel d'examen portatif…).",L'ensemble du site est de plain-pied. Le cheminement extérieur présente une pente légère. La porte d'entrée est de type : porte battante manuelle. Il n'y a pas de dispositif permettant de sonner/se signaler devant l'entrée. Le praticien possède une expérience particulière ou est formé à la prise en charge du handicap moteur. Il y a des sanitaires mis à disposition du public mais qui ne sont pas aux normes d'accessibilité. Le professionnel effectue des consultations à domicile. Le professionnel peut réaliser la consultation ou les soins sur un fauteuil roulant.,Oui,L'ensemble du site est de plain-pied. Le cheminement extérieur présente une pente légère. La porte d'entrée est de type : porte battante manuelle. Il n'y a pas de dispositif permettant de sonner/se signaler devant l'entrée. Le praticien possède une expérience particulière ou est formé à la prise en charge du handicap moteur. Il y a des sanitaires mis à disposition du public mais qui ne sont pas aux normes d'accessibilité. Le professionnel effectue des consultations à domicile.,Oui,L'ensemble du site est de plain-pied. La porte d'entrée est de type : porte battante manuelle. Il n'y a pas de dispositif permettant de sonner/se signaler devant l'entrée. Le cabinet dispose d'un éclairage permanent ou par détection de présence. Il n'y a pas de bandes de signalisation contrastées sur les portes vitrées. Le professionnel effectue des consultations à domicile.,Non,L'ensemble du site est de plain-pied. La porte d'entrée est de type : porte battante manuelle. Il n'y a pas de dispositif permettant de sonner/se signaler devant l'entrée. Le professionnel effectue des consultations à domicile.,Non,La signalétique utilise des pictogrammes. La prise de rendez-vous ne peut être faite que par téléphone. Le professionnel effectue des consultations à domicile. Le professionnel propose une préparation à la consultation (visite blanche). Une organisation particulière permet de réduire le temps d'attente lorsque cela est nécessaire. Des outils de communication simplifiés sont utilisés pour expliquer les actes.,Oui,Le praticien possède une expérience particulière ou est formé à la prise en charge des handicaps psychiques. La prise de rendez-vous ne peut être faite que par téléphone. Le professionnel effectue des consultations à domicile. Le professionnel propose une préparation à la consultation (visite blanche). Une organisation particulière permet de réduire le temps d'attente lorsque cela est nécessaire. Des outils de communication simplifiés sont utilisés pour expliquer les actes.,Oui,La signalétique utilise des pictogrammes. Le praticien possède une expérience particulière ou est formé à la prise en charge des TSA. La prise de rendez-vous ne peut être faite que par téléphone. Le professionnel effectue des consultations à domicile. Le professionnel propose une préparation à la consultation (visite blanche). Une organisation particulière permet de réduire le temps d'attente lorsque cela est nécessaire. Des outils de communication simplifiés sont utilisés pour expliquer les actes.,Oui,La prise de rendez-vous ne peut être faite que par téléphone.,Non,Le professionnel effectue des consultations à domicile. Le professionnel ne possède pas de matériel adapté aux personnes en situation d'obésité.,Non,anglais,"Le lieu de soin est à proximité d'un arrêt de transport en commun. Précision sur les transports en commun : ARRET PREFECTURE. Un parking est disponible à proximité. Pas de présence de personnel à l'accueil. Le professionnel effectue des consultations à domicile. Le professionnel propose des consultations en télémédecine. Le cabinet dispose de matériel spécifique pour faciliter les soins aux personnes en situation de handicap (table de consultation à hauteur variable, matériel d'examen portatif…). L'ensemble du site est de plain-pied. La porte d'entrée est de type : porte battante manuelle. Il n'y a pas de dispositif permettant de sonner/se signaler devant l'entrée. Le cheminement extérieur présente une pente légère. Le praticien possède une expérience particulière ou est formé à la prise en charge du handicap moteur. Il y a des sanitaires mis à disposition du public mais qui ne sont pas aux normes d'accessibilité. Le professionnel peut réaliser la consultation ou les soins sur un fauteuil roulant. Le cabinet dispose d'un éclairage permanent ou par détection de présence. Il n'y a pas de bandes de signalisation contrastées sur les portes vitrées. Le praticien possède une expérience particulière ou est formé à la prise en charge des handicaps psychiques. La prise de rendez-vous ne peut être faite que par téléphone. Le professionnel propose une préparation à la consultation (visite blanche). Une organisation particulière permet de réduire le temps d'attente lorsque cela est nécessaire. Des outils de communication simplifiés sont utilisés pour expliquer les actes. La signalétique utilise des pictogrammes. Le praticien possède une expérience particulière ou est formé à la prise en charge des TSA. Le professionnel ne possède pas de matériel adapté aux personnes en situation d'obésité. anglais"
03/09/2024,10010217791,1004275226,Bigot,Leopoldine,Orthoptiste,6 Rue Jeanne d’Arc,35310,Mordelles,FR-BRE,"Le lieu de soin est à proximité d'un arrêt de transport en commun. Précision sur les transports en commun : arrêt de bus l'église via le bus de la ligne 55. Un parking est disponible à proximité. Pas de présence de personnel à l'accueil. La prise de rendez-vous peut être faite de la façon suivante : mail (leopoldine.bigot@orthatlantic.fr), SMS (0256854108), site internet (doctolib).",Il y a des places de stationnement PMR à proximité. L'ensemble du site est de plain-pied. Des ressauts de plus de 2 cm sont présents sur le site. La porte d'entrée est de type : porte battante manuelle. Il n'y a pas de dispositif permettant de sonner/se signaler devant l'entrée. La porte d'entrée fait 90cm de large ou plus. Des sanitaires accessibles sont à disposition du public.,Oui,Il y a des places de stationnement PMR à proximité. L'ensemble du site est de plain-pied. La porte d'entrée est de type : porte battante manuelle. Il n'y a pas de dispositif permettant de sonner/se signaler devant l'entrée. Des sanitaires accessibles sont à disposition du public.,Oui,L'ensemble du site est de plain-pied. Le repérage de l'entrée de l'établissement peut s'avérer délicat. La porte d'entrée est de type : porte battante manuelle. Il n'y a pas de dispositif permettant de sonner/se signaler devant l'entrée. La porte vitrée ne possède aucun élément contrasté pour la repérer. La zone d'accueil n'est pas visible depuis l'entrée. Le cabinet dispose d'un éclairage permanent ou par détection de présence. Il n'y a pas de bandes de signalisation contrastées sur les portes vitrées. Le praticien possède une expérience particulière ou est formé à la prise en charge du handicap visuel.,Oui,L'ensemble du site est de plain-pied. La porte d'entrée est de type : porte battante manuelle. Il n'y a pas de dispositif permettant de sonner/se signaler devant l'entrée. Le praticien possède une expérience particulière ou est formé à la prise en charge du handicap visuel.,Oui,Le repérage de l'entrée de l'établissement peut s'avérer délicat. La zone d'accueil n'est pas visible depuis l'entrée.,Non,Le repérage de l'entrée de l'établissement peut s'avérer délicat. La zone d'accueil n'est pas visible depuis l'entrée.,Non,Le repérage de l'entrée de l'établissement peut s'avérer délicat.,Non,,Non,,Non,,"Le lieu de soin est à proximité d'un arrêt de transport en commun. Précision sur les transports en commun : arrêt de bus l'église via le bus de la ligne 55. Un parking est disponible à proximité. Pas de présence de personnel à l'accueil. La prise de rendez-vous peut être faite de la façon suivante : mail (leopoldine.bigot@orthatlantic.fr), SMS (0256854108), site internet (doctolib). Il y a des places de stationnement PMR à proximité. L'ensemble du site est de plain-pied. La porte d'entrée est de type : porte battante manuelle. Il n'y a pas de dispositif permettant de sonner/se signaler devant l'entrée. Des sanitaires accessibles sont à disposition du public. Des ressauts de plus de 2 cm sont présents sur le site. La porte d'entrée fait 90cm de large ou plus. Le praticien possède une expérience particulière ou est formé à la prise en charge du handicap visuel. Le repérage de l'entrée de l'établissement peut s'avérer délicat. La porte vitrée ne possède aucun élément contrasté pour la repérer. La zone d'accueil n'est pas visible depuis l'entrée. Le cabinet dispose d'un éclairage permanent ou par détection de présence. Il n'y a pas de bandes de signalisation contrastées sur les portes vitrées."
03/09/2024,10005268890,1011881770,Gaumont,Corentin,Masseur-Kinésithérapeute,2 Rue des Potiers,35230,Noyal-Châtillon-sur-Seiche,FR-BRE,"Le lieu de soin est à proximité d'un arrêt de transport en commun. Précision sur les transports en commun : Bus. Un parking est disponible à proximité. Le professionnel effectue des consultations à domicile. Le cabinet dispose de matériel spécifique pour faciliter les soins aux personnes en situation de handicap (table de consultation à hauteur variable, matériel d'examen portatif…).",Il y a des places de stationnement PMR à proximité. L'ensemble du site est de plain-pied. La porte d'entrée est de type : porte battante manuelle. Il n'y a pas de dispositif permettant de sonner/se signaler devant l'entrée. La porte d'entrée fait 90cm de large ou plus. Le cabinet dispose d'un guichet bas ou d'un bureau accessible en fauteuil roulant. Des sanitaires accessibles sont à disposition du public. Le professionnel effectue des consultations à domicile. Le professionnel peut réaliser la consultation ou les soins sur un fauteuil roulant.,Oui,Il y a des places de stationnement PMR à proximité. L'ensemble du site est de plain-pied. La porte d'entrée est de type : porte battante manuelle. Il n'y a pas de dispositif permettant de sonner/se signaler devant l'entrée. Des sanitaires accessibles sont à disposition du public. Le professionnel effectue des consultations à domicile.,Oui,L'ensemble du site est de plain-pied. La porte d'entrée est de type : porte battante manuelle. Il n'y a pas de dispositif permettant de sonner/se signaler devant l'entrée. Le cabinet dispose d'un éclairage permanent ou par détection de présence. Il y a des bandes de signalisation contrastées sur les portes vitrées. Le professionnel effectue des consultations à domicile.,Oui,L'ensemble du site est de plain-pied. La porte d'entrée est de type : porte battante manuelle. Il n'y a pas de dispositif permettant de sonner/se signaler devant l'entrée. Le professionnel effectue des consultations à domicile.,Non,La signalétique utilise des pictogrammes. Le professionnel effectue des consultations à domicile.,Oui,Le professionnel effectue des consultations à domicile.,Oui,La signalétique utilise des pictogrammes. Le professionnel effectue des consultations à domicile.,Non,,Non,Les sanitaires sont équipés de toilettes suspendues. Le professionnel effectue des consultations à domicile. Le professionnel ne possède pas de matériel adapté aux personnes en situation d'obésité. La table d'examen est adaptée jusqu'à 200 kg.,Non,anglais,"Le lieu de soin est à proximité d'un arrêt de transport en commun. Précision sur les transports en commun : Bus. Un parking est disponible à proximité. Le professionnel effectue des consultations à domicile. Le cabinet dispose de matériel spécifique pour faciliter les soins aux personnes en situation de handicap (table de consultation à hauteur variable, matériel d'examen portatif…). Il y a des places de stationnement PMR à proximité. L'ensemble du site est de plain-pied. La porte d'entrée est de type : porte battante manuelle. Il n'y a pas de dispositif permettant de sonner/se signaler devant l'entrée. Des sanitaires accessibles sont à disposition du public. La porte d'entrée fait 90cm de large ou plus. Le cabinet dispose d'un guichet bas ou d'un bureau accessible en fauteuil roulant. Le professionnel peut réaliser la consultation ou les soins sur un fauteuil roulant. Le cabinet dispose d'un éclairage permanent ou par détection de présence. Il y a des bandes de signalisation contrastées sur les portes vitrées. La signalétique utilise des pictogrammes. Les sanitaires sont équipés de toilettes suspendues. Le professionnel ne possède pas de matériel adapté aux personnes en situation d'obésité. La table d'examen est adaptée jusqu'à 200 kg. anglais"
03/09/2024,10005744973,1011216940,Stowahse,Katja,Masseur-Kinésithérapeute,12 Rue de Redon,35000,Rennes,FR-BRE,Le lieu de soin est à proximité d'un arrêt de transport en commun. Un parking est disponible à proximité.,"Il y a des places de stationnement PMR à proximité. L'ensemble du site est de plain-pied. La porte d'entrée est de type : manuelle. L'entrée est équipée d'un bouton d'appel. La porte d'entrée fait 90cm de large ou plus. Il existe une entrée secondaire spécifique dédiée aux personnes à mobilité réduite : Marche difficile, Fauteuil roulant.",Oui,"Il y a des places de stationnement PMR à proximité. L'ensemble du site est de plain-pied. La porte d'entrée est de type : manuelle. L'entrée est équipée d'un bouton d'appel. Il existe une entrée secondaire spécifique dédiée aux personnes à mobilité réduite : Marche difficile, Fauteuil roulant.",Oui,L'ensemble du site est de plain-pied. Le repérage de l'entrée de l'établissement peut s'avérer délicat. La porte d'entrée est de type : manuelle. L'entrée est équipée d'un bouton d'appel. Le cabinet dispose d'un éclairage permanent ou par détection de présence.,Oui,L'ensemble du site est de plain-pied. La porte d'entrée est de type : manuelle. L'entrée est équipée d'un bouton d'appel.,Oui,Le repérage de l'entrée de l'établissement peut s'avérer délicat.,Non,Le repérage de l'entrée de l'établissement peut s'avérer délicat.,Non,Le repérage de l'entrée de l'établissement peut s'avérer délicat.,Non,,Non,,Non,,"Le lieu de soin est à proximité d'un arrêt de transport en commun. Un parking est disponible à proximité. Il y a des places de stationnement PMR à proximité. L'ensemble du site est de plain-pied. La porte d'entrée est de type : manuelle. L'entrée est équipée d'un bouton d'appel. Il existe une entrée secondaire spécifique dédiée aux personnes à mobilité réduite : Marche difficile, Fauteuil roulant. La porte d'entrée fait 90cm de large ou plus. Le repérage de l'entrée de l'établissement peut s'avérer délicat. Le cabinet dispose d'un éclairage permanent ou par détection de présence."
03/09/2024,10101092525,1013083421,Range,Maxence,Psychiatre,158 Rue de Châteaugiron,35000,Rennes,FR-BRE,Le lieu de soin est à proximité d'un arrêt de transport en commun. Précision sur les transports en commun : BUS C1 arrêt Landry. Un parking est disponible à proximité. Le cabinet se trouve au 2e étage. Pas de présence de personnel à l'accueil. La prise de rendez-vous peut être faite de la façon suivante : site internet (clickdoc.fr). Le professionnel propose des consultations en télémédecine.,La porte d'entrée est de type : porte battante manuelle. L'entrée est équipée d'un interphone. Des sanitaires accessibles sont à disposition du public. Le professionnel peut réaliser la consultation ou les soins sur un fauteuil roulant.,Oui,La porte d'entrée est de type : porte battante manuelle. L'entrée est équipée d'un interphone. Des sanitaires accessibles sont à disposition du public.,Oui,Le repérage de l'entrée de l'établissement peut s'avérer délicat. La porte d'entrée est de type : porte battante manuelle. L'entrée est équipée d'un interphone. La porte vitrée ne possède aucun élément contrasté pour la repérer. La zone d'accueil n'est pas visible depuis l'entrée. Le cabinet dispose d'un éclairage permanent ou par détection de présence.,Non,La porte d'entrée est de type : porte battante manuelle. L'entrée est équipée d'un interphone. Le dispositif d'appel n'est pas accessible aux personnes aveugles.,Non,Le repérage de l'entrée de l'établissement peut s'avérer délicat. La zone d'accueil n'est pas visible depuis l'entrée.,Non,Le repérage de l'entrée de l'établissement peut s'avérer délicat. La zone d'accueil n'est pas visible depuis l'entrée.,Non,Le repérage de l'entrée de l'établissement peut s'avérer délicat.,Non,,Non,Les sanitaires sont équipés de toilettes suspendues. Le professionnel ne possède pas de matériel adapté aux personnes en situation d'obésité.,Non,anglais,Le lieu de soin est à proximité d'un arrêt de transport en commun. Précision sur les transports en commun : BUS C1 arrêt Landry. Un parking est disponible à proximité. Le cabinet se trouve au 2e étage. Pas de présence de personnel à l'accueil. La prise de rendez-vous peut être faite de la façon suivante : site internet (clickdoc.fr). Le professionnel propose des consultations en télémédecine. La porte d'entrée est de type : porte battante manuelle. L'entrée est équipée d'un interphone. Le dispositif d'appel n'est pas accessible aux personnes aveugles. Des sanitaires accessibles sont à disposition du public. Le professionnel peut réaliser la consultation ou les soins sur un fauteuil roulant. Le repérage de l'entrée de l'établissement peut s'avérer délicat. La porte vitrée ne possède aucun élément contrasté pour la repérer. La zone d'accueil n'est pas visible depuis l'entrée. Le cabinet dispose d'un éclairage permanent ou par détection de présence. Les sanitaires sont équipés de toilettes suspendues. Le professionnel ne possède pas de matériel adapté aux personnes en situation d'obésité. anglais
03/09/2024,10100139137,1010368440,Corbe-Gelebart,Aude,Sage-Femme,23 Allée du Gacet,35200,Rennes,FR-BRE,"Le lieu de soin est à proximité d'un arrêt de transport en commun. Précision sur les transports en commun : métro, bus 13, bus 61. Un parking est disponible à proximité. Pas de présence de personnel à l'accueil. La prise de rendez-vous peut être faite de la façon suivante : mail (aude_corbe_sf@yahoo.fr), SMS (0760854624), site internet (doctolib), visiophonie (doctolib). Le professionnel effectue des consultations à domicile. Le professionnel propose des consultations en télémédecine. Le cabinet dispose de matériel spécifique pour faciliter les soins aux personnes en situation de handicap (table de consultation à hauteur variable, matériel d'examen portatif…).",Il y a des places de stationnement PMR à proximité. L'ensemble du site est de plain-pied. L'accès à l'entrée se fait par un cheminement extérieur pouvant présenter certaines difficultés. Le cheminement extérieur présente une pente légère de plus de 2 mètres. La porte d'entrée est de type : porte battante manuelle. L'entrée est équipée d'un bouton d'appel. Des sanitaires accessibles sont à disposition du public. Le professionnel effectue des consultations à domicile. Le professionnel peut réaliser la consultation ou les soins sur un fauteuil roulant.,Oui,Il y a des places de stationnement PMR à proximité. L'ensemble du site est de plain-pied. Le cheminement extérieur présente une pente légère de plus de 2 mètres. La porte d'entrée est de type : porte battante manuelle. L'entrée est équipée d'un bouton d'appel. Des sanitaires accessibles sont à disposition du public. Le professionnel effectue des consultations à domicile.,Oui,L'ensemble du site est de plain-pied. Le repérage de l'entrée de l'établissement peut s'avérer délicat. La porte d'entrée est de type : porte battante manuelle. L'entrée est équipée d'un bouton d'appel. Le cabinet dispose d'un éclairage permanent ou par détection de présence. Le professionnel effectue des consultations à domicile.,Oui,"L'ensemble du site est de plain-pied. La porte d'entrée est de type : porte battante manuelle. L'entrée est équipée d'un bouton d'appel. Le dispositif d'appel n'est pas accessible, mais une alternative existe : téléphone. Le professionnel effectue des consultations à domicile.",Non,Le repérage de l'entrée de l'établissement peut s'avérer délicat. Le professionnel effectue des consultations à domicile.,Oui,Le repérage de l'entrée de l'établissement peut s'avérer délicat. Le professionnel effectue des consultations à domicile.,Oui,Le repérage de l'entrée de l'établissement peut s'avérer délicat. Le professionnel effectue des consultations à domicile.,Non,,Non,Le professionnel effectue des consultations à domicile. Le professionnel possède du matériel d'auscultation adapté aux personnes en situation d'obésité. La table d'examen est adaptée jusqu'à 200 kg.,Oui,,"Le lieu de soin est à proximité d'un arrêt de transport en commun. Précision sur les transports en commun : métro, bus 13, bus 61. Un parking est disponible à proximité. Pas de présence de personnel à l'accueil. La prise de rendez-vous peut être faite de la façon suivante : mail (aude_corbe_sf@yahoo.fr), SMS (0760854624), site internet (doctolib), visiophonie (doctolib). Le professionnel effectue des consultations à domicile. Le professionnel propose des consultations en télémédecine. Le cabinet dispose de matériel spécifique pour faciliter les soins aux personnes en situation de handicap (table de consultation à hauteur variable, matériel d'examen portatif…). Il y a des places de stationnement PMR à proximité. L'ensemble du site est de plain-pied. Le cheminement extérieur présente une pente légère de plus de 2 mètres. La porte d'entrée est de type : porte battante manuelle. L'entrée est équipée d'un bouton d'appel. Des sanitaires accessibles sont à disposition du public. L'accès à l'entrée se fait par un cheminement extérieur pouvant présenter certaines difficultés. Le professionnel peut réaliser la consultation ou les soins sur un fauteuil roulant. Le dispositif d'appel n'est pas accessible, mais une alternative existe : téléphone. Le repérage de l'entrée de l'établissement peut s'avérer délicat. Le cabinet dispose d'un éclairage permanent ou par détection de présence. Le professionnel possède du matériel d'auscultation adapté aux personnes en situation d'obésité. La table d'examen est adaptée jusqu'à 200 kg."
03/09/2024,10000418367,1010696845,Voyer,Celine,Sage-Femme,7 Rue de Calais,35690,Acigné,FR-BRE,"Un parking est disponible à proximité. Le cabinet se trouve au 1er étage. Pas de présence de personnel à l'accueil. La prise de rendez-vous peut être faite de la façon suivante : mail (sagesfemmes.acigne@gmail.com), site internet (doctolib). Le professionnel effectue des consultations à domicile. Le professionnel propose des consultations en télémédecine. Le cabinet dispose de matériel spécifique pour faciliter les soins aux personnes en situation de handicap (table de consultation à hauteur variable, matériel d'examen portatif…).",Il y a des places de stationnement PMR à proximité. L'accès à l'entrée se fait par un cheminement extérieur pouvant présenter certaines difficultés. La porte d'entrée est de type : porte battante manuelle. L'entrée est équipée d'un interphone. La porte d'entrée fait 90cm de large ou plus. Il y a des sanitaires mis à disposition du public mais qui ne sont pas aux normes d'accessibilité. Le professionnel effectue des consultations à domicile. Le professionnel peut réaliser la consultation ou les soins sur un fauteuil roulant.,Oui,Il y a des places de stationnement PMR à proximité. L'accès à l'entrée se fait par un cheminement extérieur pouvant présenter certaines difficultés. La porte d'entrée est de type : porte battante manuelle. L'entrée est équipée d'un interphone. Il y a des sanitaires mis à disposition du public mais qui ne sont pas aux normes d'accessibilité. Le professionnel effectue des consultations à domicile.,Oui,La porte d'entrée est de type : porte battante manuelle. L'entrée est équipée d'un interphone. Le cabinet dispose d'un éclairage permanent ou par détection de présence. Le professionnel effectue des consultations à domicile.,Oui,La porte d'entrée est de type : porte battante manuelle. L'entrée est équipée d'un interphone. Le dispositif d'appel n'est pas accessible aux personnes aveugles. Le professionnel effectue des consultations à domicile.,Non,Le praticien possède une expérience particulière ou est formé à la prise en charge du handicap mental. Le professionnel effectue des consultations à domicile. Le professionnel propose une préparation à la consultation (visite blanche). Une organisation particulière permet de réduire le temps d'attente lorsque cela est nécessaire. Des outils de communication simplifiés sont utilisés pour expliquer les actes.,Oui,Le praticien possède une expérience particulière ou est formé à la prise en charge des handicaps psychiques. Le professionnel effectue des consultations à domicile. Le professionnel propose une préparation à la consultation (visite blanche). Une organisation particulière permet de réduire le temps d'attente lorsque cela est nécessaire. Des outils de communication simplifiés sont utilisés pour expliquer les actes.,Oui,Le praticien possède une expérience particulière ou est formé à la prise en charge des TSA. Le professionnel effectue des consultations à domicile. Le professionnel propose une préparation à la consultation (visite blanche). Une organisation particulière permet de réduire le temps d'attente lorsque cela est nécessaire. Des outils de communication simplifiés sont utilisés pour expliquer les actes.,Oui,,Non,Les sanitaires sont équipés de toilettes suspendues. Le professionnel effectue des consultations à domicile. Le professionnel possède du matériel d'auscultation adapté aux personnes en situation d'obésité. La table d'examen est adaptée jusqu'à 200 kg.,Oui,,"Un parking est disponible à proximité. Le cabinet se trouve au 1er étage. Pas de présence de personnel à l'accueil. La prise de rendez-vous peut être faite de la façon suivante : mail (sagesfemmes.acigne@gmail.com), site internet (doctolib). Le professionnel effectue des consultations à domicile. Le professionnel propose des consultations en télémédecine. Le cabinet dispose de matériel spécifique pour faciliter les soins aux personnes en situation de handicap (table de consultation à hauteur variable, matériel d'examen portatif…). Il y a des places de stationnement PMR à proximité. L'accès à l'entrée se fait par un cheminement extérieur pouvant présenter certaines difficultés. La porte d'entrée est de type : porte battante manuelle. L'entrée est équipée d'un interphone. Il y a des sanitaires mis à disposition du public mais qui ne sont pas aux normes d'accessibilité. La porte d'entrée fait 90cm de large ou plus. Le professionnel peut réaliser la consultation ou les soins sur un fauteuil roulant. Le dispositif d'appel n'est pas accessible aux personnes aveugles. Le cabinet dispose d'un éclairage permanent ou par détection de présence. Le praticien possède une expérience particulière ou est formé à la prise en charge des handicaps psychiques. Le professionnel propose une préparation à la consultation (visite blanche). Une organisation particulière permet de réduire le temps d'attente lorsque cela est nécessaire. Des outils de communication simplifiés sont utilisés pour expliquer les actes. Le praticien possède une expérience particulière ou est formé à la prise en charge des TSA. Le praticien possède une expérience particulière ou est formé à la prise en charge du handicap mental. Les sanitaires sont équipés de toilettes suspendues. Le professionnel possède du matériel d'auscultation adapté aux personnes en situation d'obésité. La table d'examen est adaptée jusqu'à 200 kg."
07/04/2024,10005856132,1011833856,Mailfert Amajaoub,Fanette,Masseur-Kinésithérapeute,6 Boulevard de la Boutière,35760,Saint-Grégoire,FR-BRE,"Le lieu de soin est à proximité d'un arrêt de transport en commun. Précision sur les transports en commun : C2, arrêt CHP. Un parking est disponible à proximité. Pas de présence de personnel à l'accueil. Le professionnel effectue des consultations à domicile. Le cabinet dispose de matériel spécifique pour faciliter les soins aux personnes en situation de handicap (table de consultation à hauteur variable, matériel d'examen portatif…). Informations complémentaires concernant l'accessibilité du bâtiment ou des prestations spécifiques proposées : Soins exclusifs en pédiatrie.",Il y a des places de stationnement PMR à proximité. L'ensemble du site est de plain-pied. Des ressauts de plus de 2 cm sont présents sur le site. Présence d'une rampe fixe avec une pente douce. La porte d'entrée est de type : porte battante manuelle. Il n'y a pas de dispositif permettant de sonner/se signaler devant l'entrée. La porte d'entrée fait 90cm de large ou plus. Le cabinet dispose d'un guichet bas ou d'un bureau accessible en fauteuil roulant. Le praticien possède une expérience particulière ou est formé à la prise en charge du handicap moteur. Des sanitaires accessibles sont à disposition du public. Le professionnel effectue des consultations à domicile. Le professionnel peut réaliser la consultation ou les soins sur un fauteuil roulant.,Oui,Il y a des places de stationnement PMR à proximité. L'ensemble du site est de plain-pied. Présence d'une rampe fixe avec une pente douce. La porte d'entrée est de type : porte battante manuelle. Il n'y a pas de dispositif permettant de sonner/se signaler devant l'entrée. Le praticien possède une expérience particulière ou est formé à la prise en charge du handicap moteur. Des sanitaires accessibles sont à disposition du public. Le professionnel effectue des consultations à domicile.,Oui,L'ensemble du site est de plain-pied. Présence d'une bande de guidage au sol à l'extérieur. La porte d'entrée est de type : porte battante manuelle. Il n'y a pas de dispositif permettant de sonner/se signaler devant l'entrée. La porte vitrée ne possède aucun élément contrasté pour la repérer. Le cabinet dispose d'un éclairage permanent ou par détection de présence. Le praticien possède une expérience particulière ou est formé à la prise en charge du handicap visuel. Le professionnel effectue des consultations à domicile.,Oui,L'ensemble du site est de plain-pied. Présence d'une bande de guidage au sol à l'extérieur. La porte d'entrée est de type : porte battante manuelle. Il n'y a pas de dispositif permettant de sonner/se signaler devant l'entrée. Le praticien possède une expérience particulière ou est formé à la prise en charge du handicap visuel. Le professionnel effectue des consultations à domicile.,Oui,La signalétique utilise des pictogrammes. Le praticien possède une expérience particulière ou est formé à la prise en charge du handicap mental. La prise de rendez-vous ne peut être faite que par téléphone. Le professionnel effectue des consultations à domicile. Une organisation particulière permet de réduire le temps d'attente lorsque cela est nécessaire.,Oui,Présence d'une bande de guidage au sol à l'extérieur. Le praticien possède une expérience particulière ou est formé à la prise en charge des handicaps psychiques. La prise de rendez-vous ne peut être faite que par téléphone. Le professionnel effectue des consultations à domicile. Une organisation particulière permet de réduire le temps d'attente lorsque cela est nécessaire.,Oui,Présence d'une bande de guidage au sol à l'extérieur. La signalétique utilise des pictogrammes. Le praticien possède une expérience particulière ou est formé à la prise en charge des TSA. La prise de rendez-vous ne peut être faite que par téléphone. Le professionnel effectue des consultations à domicile. Une organisation particulière permet de réduire le temps d'attente lorsque cela est nécessaire.,Oui,Le praticien possède une expérience particulière ou est formé à la prise en charge du handicap auditif. La prise de rendez-vous ne peut être faite que par téléphone.,Non,Le professionnel effectue des consultations à domicile. Le professionnel ne possède pas de matériel adapté aux personnes en situation d'obésité. La table d'examen ne permet pas de recevoir une personne en situation d'obésité.,Non,anglais,"Le lieu de soin est à proximité d'un arrêt de transport en commun. Précision sur les transports en commun : C2, arrêt CHP. Un parking est disponible à proximité. Pas de présence de personnel à l'accueil. Le professionnel effectue des consultations à domicile. Le cabinet dispose de matériel spécifique pour faciliter les soins aux personnes en situation de handicap (table de consultation à hauteur variable, matériel d'examen portatif…). Informations complémentaires concernant l'accessibilité du bâtiment ou des prestations spécifiques proposées : Soins exclusifs en pédiatrie. Il y a des places de stationnement PMR à proximité. L'ensemble du site est de plain-pied. Présence d'une rampe fixe avec une pente douce. La porte d'entrée est de type : porte battante manuelle. Il n'y a pas de dispositif permettant de sonner/se signaler devant l'entrée. Le praticien possède une expérience particulière ou est formé à la prise en charge du handicap moteur. Des sanitaires accessibles sont à disposition du public. Des ressauts de plus de 2 cm sont présents sur le site. La porte d'entrée fait 90cm de large ou plus. Le cabinet dispose d'un guichet bas ou d'un bureau accessible en fauteuil roulant. Le professionnel peut réaliser la consultation ou les soins sur un fauteuil roulant. Présence d'une bande de guidage au sol à l'extérieur. Le praticien possède une expérience particulière ou est formé à la prise en charge du handicap visuel. La porte vitrée ne possède aucun élément contrasté pour la repérer. Le cabinet dispose d'un éclairage permanent ou par détection de présence. Le praticien possède une expérience particulière ou est formé à la prise en charge des handicaps psychiques. La prise de rendez-vous ne peut être faite que par téléphone. Une organisation particulière permet de réduire le temps d'attente lorsque cela est nécessaire. La signalétique utilise des pictogrammes. Le praticien possède une expérience particulière ou est formé à la prise en charge des TSA. Le praticien possède une expérience particulière ou est formé à la prise en charge du handicap mental. Le praticien possède une expérience particulière ou est formé à la prise en charge du handicap auditif. Le professionnel ne possède pas de matériel adapté aux personnes en situation d'obésité. La table d'examen ne permet pas de recevoir une personne en situation d'obésité. anglais"
07/04/2024,10005856132,1010986461,Mailfert Amajaoub,Fanette,Masseur-Kinésithérapeute,4 Rue Louis Aragon,35000,Rennes,FR-BRE,"Le professionnel effectue des consultations à domicile. Le cabinet dispose de matériel spécifique pour faciliter les soins aux personnes en situation de handicap (table de consultation à hauteur variable, matériel d'examen portatif…). Informations complémentaires concernant l'accessibilité du bâtiment ou des prestations spécifiques proposées : Pas de cabinet,  soins à domicile exclusivement en pédiatrie..",Le praticien possède une expérience particulière ou est formé à la prise en charge du handicap moteur. Le professionnel effectue des consultations à domicile. Le professionnel peut réaliser la consultation ou les soins sur un fauteuil roulant.,Oui,Le praticien possède une expérience particulière ou est formé à la prise en charge du handicap moteur. Le professionnel effectue des consultations à domicile.,Oui,Le praticien possède une expérience particulière ou est formé à la prise en charge du handicap visuel. Le professionnel effectue des consultations à domicile.,Oui,Le praticien possède une expérience particulière ou est formé à la prise en charge du handicap visuel. Le professionnel effectue des consultations à domicile.,Oui,Le praticien possède une expérience particulière ou est formé à la prise en charge du handicap mental. La prise de rendez-vous ne peut être faite que par téléphone. Le professionnel effectue des consultations à domicile. Une organisation particulière permet de réduire le temps d'attente lorsque cela est nécessaire.,Oui,Le praticien possède une expérience particulière ou est formé à la prise en charge des handicaps psychiques. La prise de rendez-vous ne peut être faite que par téléphone. Le professionnel effectue des consultations à domicile. Une organisation particulière permet de réduire le temps d'attente lorsque cela est nécessaire.,Oui,Le praticien possède une expérience particulière ou est formé à la prise en charge des TSA. La prise de rendez-vous ne peut être faite que par téléphone. Le professionnel effectue des consultations à domicile. Une organisation particulière permet de réduire le temps d'attente lorsque cela est nécessaire.,Oui,Le praticien possède une expérience particulière ou est formé à la prise en charge du handicap auditif. La prise de rendez-vous ne peut être faite que par téléphone.,Non,Le professionnel effectue des consultations à domicile. Le professionnel ne possède pas de matériel adapté aux personnes en situation d'obésité.,Non,anglais,"Le praticien possède une expérience particulière ou est formé à la prise en charge du handicap mental. La prise de rendez-vous ne peut être faite que par téléphone. Le professionnel effectue des consultations à domicile. Une organisation particulière permet de réduire le temps d'attente lorsque cela est nécessaire. Le praticien possède une expérience particulière ou est formé à la prise en charge du handicap visuel. Le praticien possède une expérience particulière ou est formé à la prise en charge des handicaps psychiques. Le praticien possède une expérience particulière ou est formé à la prise en charge des TSA. Le praticien possède une expérience particulière ou est formé à la prise en charge du handicap moteur. Le professionnel peut réaliser la consultation ou les soins sur un fauteuil roulant. Le praticien possède une expérience particulière ou est formé à la prise en charge du handicap auditif. Le cabinet dispose de matériel spécifique pour faciliter les soins aux personnes en situation de handicap (table de consultation à hauteur variable, matériel d'examen portatif…). Informations complémentaires concernant l'accessibilité du bâtiment ou des prestations spécifiques proposées : Pas de cabinet,  soins à domicile exclusivement en pédiatrie.. Le professionnel ne possède pas de matériel adapté aux personnes en situation d'obésité. anglais"
20/03/2024,10102260402,1012555814,Miglianico,Louise,Psychiatre,6 Square René Cassin,35700,Rennes,FR-BRE,"Le lieu de soin est à proximité d'un arrêt de transport en commun. Précision sur les transports en commun : En bus :  Ligne C1 : Arrêt Longs Champs (190m – 2 min à pied)  Ligne C4, 34, 150EX : Arrêt Longs Champs Est (450m – 5 min à pied)  Ligne 41EX, 50, 70, : Arrêt ZA St Sulpice (450m – 5 min à pied)  En métro :  Ligne B : Arrêt Atalante (800m – 9 min à pied) Si vous arrivez depuis les arrêts Longs Champs, Longs Champs Est et Joliot-Curie – Chateaubriand, vous pouvez accéder au CIDiS en longeant l’étang, puis par un escalier. Pour l’accès ascenseur, il faut passer sous le parking et se diriger vers le centre commercial.. Un parking est disponible à proximité. Le cabinet se trouve au 2e étage. La prise de rendez-vous peut être faite de la façon suivante : mail (secretariat@cidis-psychiatre.fr), site internet (https://cidis35.fr/contacts-psychiatres/). Le professionnel propose des consultations en télémédecine. Informations complémentaires concernant l'accessibilité du bâtiment ou des prestations spécifiques proposées : Description de l'accès sur le site internet avec photos et cartes fléchées.",Il y a des places de stationnement PMR à proximité. Le cheminement extérieur présente une pente légère de plus de 2 mètres. La porte d'entrée est de type : porte battante manuelle. Il n'y a pas de dispositif permettant de sonner/se signaler devant l'entrée. Le cabinet dispose d'un guichet bas ou d'un bureau accessible en fauteuil roulant. Des sanitaires accessibles sont à disposition du public. Le professionnel peut réaliser la consultation ou les soins sur un fauteuil roulant.,Oui,Il y a des places de stationnement PMR à proximité. Le cheminement extérieur présente une pente légère de plus de 2 mètres. La porte d'entrée est de type : porte battante manuelle. Il n'y a pas de dispositif permettant de sonner/se signaler devant l'entrée. Des sanitaires accessibles sont à disposition du public.,Non,La porte d'entrée est de type : porte battante manuelle. Il n'y a pas de dispositif permettant de sonner/se signaler devant l'entrée. Le cabinet dispose d'un éclairage permanent ou par détection de présence. Il y a des bandes de signalisation contrastées sur les portes vitrées.,Oui,La porte d'entrée est de type : porte battante manuelle. Il n'y a pas de dispositif permettant de sonner/se signaler devant l'entrée.,Non,La signalétique utilise des pictogrammes.,Oui,,Non,La signalétique utilise des pictogrammes.,Non,,Non,Les sanitaires sont équipés de toilettes suspendues. Le professionnel ne possède pas de matériel adapté aux personnes en situation d'obésité.,Non,anglais,"Le lieu de soin est à proximité d'un arrêt de transport en commun. Précision sur les transports en commun : En bus :  Ligne C1 : Arrêt Longs Champs (190m – 2 min à pied)  Ligne C4, 34, 150EX : Arrêt Longs Champs Est (450m – 5 min à pied)  Ligne 41EX, 50, 70, : Arrêt ZA St Sulpice (450m – 5 min à pied)  En métro :  Ligne B : Arrêt Atalante (800m – 9 min à pied) Si vous arrivez depuis les arrêts Longs Champs, Longs Champs Est et Joliot-Curie – Chateaubriand, vous pouvez accéder au CIDiS en longeant l’étang, puis par un escalier. Pour l’accès ascenseur, il faut passer sous le parking et se diriger vers le centre commercial.. Un parking est disponible à proximité. Le cabinet se trouve au 2e étage. La prise de rendez-vous peut être faite de la façon suivante : mail (secretariat@cidis-psychiatre.fr), site internet (https://cidis35.fr/contacts-psychiatres/). Le professionnel propose des consultations en télémédecine. Informations complémentaires concernant l'accessibilité du bâtiment ou des prestations spécifiques proposées : Description de l'accès sur le site internet avec photos et cartes fléchées. Il y a des places de stationnement PMR à proximité. Le cheminement extérieur présente une pente légère de plus de 2 mètres. La porte d'entrée est de type : porte battante manuelle. Il n'y a pas de dispositif permettant de sonner/se signaler devant l'entrée. Des sanitaires accessibles sont à disposition du public. Le cabinet dispose d'un guichet bas ou d'un bureau accessible en fauteuil roulant. Le professionnel peut réaliser la consultation ou les soins sur un fauteuil roulant. Le cabinet dispose d'un éclairage permanent ou par détection de présence. Il y a des bandes de signalisation contrastées sur les portes vitrées. La signalétique utilise des pictogrammes. Les sanitaires sont équipés de toilettes suspendues. Le professionnel ne possède pas de matériel adapté aux personnes en situation d'obésité. anglais"
09/02/2024,10101491651,1012612311,Boonaert,Sarah,Psychiatre,6 Square René Cassin,35700,Rennes,FR-BRE,"Le lieu de soin est à proximité d'un arrêt de transport en commun. Précision sur les transports en commun : En bus :  Ligne C1 : Arrêt Longs Champs (190m – 2 min à pied)  Ligne C4, 34, 150EX : Arrêt Longs Champs Est (450m – 5 min à pied)  Ligne 41EX, 50, 70, : Arrêt ZA St Sulpice (450m – 5 min à pied)  En métro :  Ligne B : Arrêt Atalante (800m – 9 min à pied) Si vous arrivez depuis les arrêts Longs Champs, Longs Champs Est et Joliot-Curie – Chateaubriand, vous pouvez accéder au CIDiS en longeant l’étang, puis par un escalier. Pour l’accès ascenseur, il faut passer sous le parking et se diriger vers le centre commercial.. Un parking est disponible à proximité. Le cabinet se trouve au 2e étage. La prise de rendez-vous peut être faite de la façon suivante : mail (secretariat@cidis-psychiatre.fr), site internet (https://cidis35.fr/contacts-psychiatres/). Le professionnel propose des consultations en télémédecine. Informations complémentaires concernant l'accessibilité du bâtiment ou des prestations spécifiques proposées : Description de l'accès sur le site internet avec photos et cartes fléchées.",Il y a des places de stationnement PMR à proximité. Le cheminement extérieur présente une pente légère de plus de 2 mètres. La porte d'entrée est de type : porte battante manuelle. Il n'y a pas de dispositif permettant de sonner/se signaler devant l'entrée. La porte d'entrée fait 90cm de large ou plus. Le cabinet dispose d'un guichet bas ou d'un bureau accessible en fauteuil roulant. Des sanitaires accessibles sont à disposition du public. Le professionnel peut réaliser la consultation ou les soins sur un fauteuil roulant.,Oui,Il y a des places de stationnement PMR à proximité. Le cheminement extérieur présente une pente légère de plus de 2 mètres. La porte d'entrée est de type : porte battante manuelle. Il n'y a pas de dispositif permettant de sonner/se signaler devant l'entrée. Des sanitaires accessibles sont à disposition du public.,Non,La porte d'entrée est de type : porte battante manuelle. Il n'y a pas de dispositif permettant de sonner/se signaler devant l'entrée. Le cabinet dispose d'un éclairage permanent ou par détection de présence. Il y a des bandes de signalisation contrastées sur les portes vitrées.,Oui,La porte d'entrée est de type : porte battante manuelle. Il n'y a pas de dispositif permettant de sonner/se signaler devant l'entrée.,Non,La signalétique utilise des pictogrammes.,Oui,,Non,La signalétique utilise des pictogrammes.,Non,,Non,Les sanitaires sont équipés de toilettes suspendues. Le professionnel ne possède pas de matériel adapté aux personnes en situation d'obésité.,Non,,"Le lieu de soin est à proximité d'un arrêt de transport en commun. Précision sur les transports en commun : En bus :  Ligne C1 : Arrêt Longs Champs (190m – 2 min à pied)  Ligne C4, 34, 150EX : Arrêt Longs Champs Est (450m – 5 min à pied)  Ligne 41EX, 50, 70, : Arrêt ZA St Sulpice (450m – 5 min à pied)  En métro :  Ligne B : Arrêt Atalante (800m – 9 min à pied) Si vous arrivez depuis les arrêts Longs Champs, Longs Champs Est et Joliot-Curie – Chateaubriand, vous pouvez accéder au CIDiS en longeant l’étang, puis par un escalier. Pour l’accès ascenseur, il faut passer sous le parking et se diriger vers le centre commercial.. Un parking est disponible à proximité. Le cabinet se trouve au 2e étage. La prise de rendez-vous peut être faite de la façon suivante : mail (secretariat@cidis-psychiatre.fr), site internet (https://cidis35.fr/contacts-psychiatres/). Le professionnel propose des consultations en télémédecine. Informations complémentaires concernant l'accessibilité du bâtiment ou des prestations spécifiques proposées : Description de l'accès sur le site internet avec photos et cartes fléchées. Il y a des places de stationnement PMR à proximité. Le cheminement extérieur présente une pente légère de plus de 2 mètres. La porte d'entrée est de type : porte battante manuelle. Il n'y a pas de dispositif permettant de sonner/se signaler devant l'entrée. Des sanitaires accessibles sont à disposition du public. La porte d'entrée fait 90cm de large ou plus. Le cabinet dispose d'un guichet bas ou d'un bureau accessible en fauteuil roulant. Le professionnel peut réaliser la consultation ou les soins sur un fauteuil roulant. Le cabinet dispose d'un éclairage permanent ou par détection de présence. Il y a des bandes de signalisation contrastées sur les portes vitrées. La signalétique utilise des pictogrammes. Les sanitaires sont équipés de toilettes suspendues. Le professionnel ne possède pas de matériel adapté aux personnes en situation d'obésité."
04/02/2024,10102540738,1012475102,Rolland,Anne-Claire,Infirmier,6 Rue de Montfort,35590,Saint-Gilles,FR-BRE,Le lieu de soin est à proximité d'un arrêt de transport en commun. Un parking est disponible à proximité. Pas de présence de personnel à l'accueil. Il n'y a pas de sanitaires mis à disposition du public. Le professionnel effectue des consultations à domicile. Le professionnel propose des consultations en télémédecine. Informations complémentaires concernant l'accessibilité du bâtiment ou des prestations spécifiques proposées : batiment accessible normes PMR.,Il y a des places de stationnement PMR à proximité. L'ensemble du site est de plain-pied. L'accès à l'entrée se fait par un cheminement extérieur pouvant présenter certaines difficultés. Le cheminement extérieur présente une pente légère de plus de 2 mètres. La porte d'entrée est de type : porte battante manuelle. L'entrée est équipée d'un bouton d'appel. Le cabinet dispose d'un guichet bas ou d'un bureau accessible en fauteuil roulant. Le professionnel effectue des consultations à domicile. Le professionnel peut réaliser la consultation ou les soins sur un fauteuil roulant.,Oui,Il y a des places de stationnement PMR à proximité. L'ensemble du site est de plain-pied. Le cheminement extérieur présente une pente légère de plus de 2 mètres. La porte d'entrée est de type : porte battante manuelle. L'entrée est équipée d'un bouton d'appel. Le professionnel effectue des consultations à domicile.,Oui,L'ensemble du site est de plain-pied. La porte d'entrée est de type : porte battante manuelle. L'entrée est équipée d'un bouton d'appel. Le cabinet dispose d'un éclairage permanent ou par détection de présence. Il y a des bandes de signalisation contrastées sur les portes vitrées. Le professionnel effectue des consultations à domicile.,Oui,L'ensemble du site est de plain-pied. La porte d'entrée est de type : porte battante manuelle. L'entrée est équipée d'un bouton d'appel. Le dispositif d'appel est accessible aux personnes aveugles. Le professionnel effectue des consultations à domicile.,Non,Le professionnel effectue des consultations à domicile. Une organisation particulière permet de réduire le temps d'attente lorsque cela est nécessaire.,Oui,Le professionnel effectue des consultations à domicile. Une organisation particulière permet de réduire le temps d'attente lorsque cela est nécessaire.,Oui,Le professionnel effectue des consultations à domicile. Une organisation particulière permet de réduire le temps d'attente lorsque cela est nécessaire.,Oui,,Non,Le professionnel effectue des consultations à domicile. Le professionnel possède du matériel d'auscultation adapté aux personnes en situation d'obésité. La table d'examen ne permet pas de recevoir une personne en situation d'obésité.,Non,anglais,Le lieu de soin est à proximité d'un arrêt de transport en commun. Un parking est disponible à proximité. Pas de présence de personnel à l'accueil. Il n'y a pas de sanitaires mis à disposition du public. Le professionnel effectue des consultations à domicile. Le professionnel propose des consultations en télémédecine. Informations complémentaires concernant l'accessibilité du bâtiment ou des prestations spécifiques proposées : batiment accessible normes PMR. Il y a des places de stationnement PMR à proximité. L'ensemble du site est de plain-pied. Le cheminement extérieur présente une pente légère de plus de 2 mètres. La porte d'entrée est de type : porte battante manuelle. L'entrée est équipée d'un bouton d'appel. L'accès à l'entrée se fait par un cheminement extérieur pouvant présenter certaines difficultés. Le cabinet dispose d'un guichet bas ou d'un bureau accessible en fauteuil roulant. Le professionnel peut réaliser la consultation ou les soins sur un fauteuil roulant. Le dispositif d'appel est accessible aux personnes aveugles. Le cabinet dispose d'un éclairage permanent ou par détection de présence. Il y a des bandes de signalisation contrastées sur les portes vitrées. Une organisation particulière permet de réduire le temps d'attente lorsque cela est nécessaire. Le professionnel possède du matériel d'auscultation adapté aux personnes en situation d'obésité. La table d'examen ne permet pas de recevoir une personne en situation d'obésité. anglais
12/01/2024,10005793525,1011406052,Guguen,Pascal,Masseur-Kinésithérapeute,1 Rue François Rabelais,35770,Vern-sur-Seiche,FR-BRE,Le lieu de soin est à proximité d'un arrêt de transport en commun. Précision sur les transports en commun : STAR. Un parking est disponible à proximité.,Il y a des places de stationnement PMR à proximité. L'ensemble du site est de plain-pied. L'accès à l'entrée se fait par un cheminement extérieur pouvant présenter certaines difficultés. Le cheminement extérieur présente une pente légère. La porte d'entrée est de type : porte battante manuelle. L'entrée est équipée d'un visiophone.,Oui,Il y a des places de stationnement PMR à proximité. L'ensemble du site est de plain-pied. Le cheminement extérieur présente une pente légère. La porte d'entrée est de type : porte battante manuelle. L'entrée est équipée d'un visiophone.,Oui,L'ensemble du site est de plain-pied. Présence d'une bande de guidage au sol à l'extérieur. La porte d'entrée est de type : porte battante manuelle. L'entrée est équipée d'un visiophone. Il y a des bandes de signalisation contrastées sur les portes vitrées.,Oui,L'ensemble du site est de plain-pied. Présence d'une bande de guidage au sol à l'extérieur. La porte d'entrée est de type : porte battante manuelle. L'entrée est équipée d'un visiophone. Le dispositif d'appel est accessible aux personnes aveugles.,Oui,La signalétique utilise des pictogrammes.,Oui,Présence d'une bande de guidage au sol à l'extérieur.,Non,Présence d'une bande de guidage au sol à l'extérieur. La signalétique utilise des pictogrammes.,Non,,Non,,Non,,Le lieu de soin est à proximité d'un arrêt de transport en commun. Précision sur les transports en commun : STAR. Un parking est disponible à proximité. Il y a des places de stationnement PMR à proximité. L'ensemble du site est de plain-pied. Le cheminement extérieur présente une pente légère. La porte d'entrée est de type : porte battante manuelle. L'entrée est équipée d'un visiophone. L'accès à l'entrée se fait par un cheminement extérieur pouvant présenter certaines difficultés. Présence d'une bande de guidage au sol à l'extérieur. Le dispositif d'appel est accessible aux personnes aveugles. Il y a des bandes de signalisation contrastées sur les portes vitrées. La signalétique utilise des pictogrammes.
12/01/2024,10102427415,1011889461,Lanoe,Marie-Laure,Infirmier,26 Boulevard Volney,35700,Rennes,FR-BRE,"Le lieu de soin est à proximité d'un arrêt de transport en commun. Précision sur les transports en commun : bus C1 et métro gros chêne ligne B. Un parking est disponible à proximité. La prise de rendez-vous peut être faite de la façon suivante : mail (marielaureide35@gmail.com), SMS (0769932229), site internet (https://www.doctolib.fr). Le professionnel effectue des consultations à domicile. Le professionnel propose des consultations en télémédecine.","Il y a des places de stationnement PMR à proximité. Il y a des marches ou escaliers, sans rampe et sans ascenseur ou élévateur. La porte d'entrée est de type : porte battante manuelle. Il n'y a pas de dispositif permettant de sonner/se signaler devant l'entrée. La circulation en fauteuil roulant peut s'avérer délicate. Le praticien possède une expérience particulière ou est formé à la prise en charge du handicap moteur. Il y a des sanitaires mis à disposition du public mais qui ne sont pas aux normes d'accessibilité. Le professionnel effectue des consultations à domicile. Le professionnel peut réaliser la consultation ou les soins sur un fauteuil roulant.",Oui,Il y a des places de stationnement PMR à proximité. Il y a 2 marches sans ascenseur ou élévateur. La porte d'entrée est de type : porte battante manuelle. Il n'y a pas de dispositif permettant de sonner/se signaler devant l'entrée. Le praticien possède une expérience particulière ou est formé à la prise en charge du handicap moteur. Il y a des sanitaires mis à disposition du public mais qui ne sont pas aux normes d'accessibilité. Le professionnel effectue des consultations à domicile.,Oui,Il y a 1 marche sans ascenseur ou élévateur à l'extérieur. La porte d'entrée est de type : porte battante manuelle. Il n'y a pas de dispositif permettant de sonner/se signaler devant l'entrée. La zone d'accueil n'est pas visible depuis l'entrée. Il y a 1 marche sans ascenseur ou élévateur à l'intérieur du bâtiment. Le cabinet dispose d'un éclairage permanent ou par détection de présence. Il y a des bandes de signalisation contrastées sur les portes vitrées. Le professionnel effectue des consultations à domicile.,Non,Il y a 1 marche sans ascenseur ou élévateur à l'extérieur. La porte d'entrée est de type : porte battante manuelle. Il n'y a pas de dispositif permettant de sonner/se signaler devant l'entrée. Il y a 1 marche sans ascenseur ou élévateur à l'intérieur du bâtiment. Le professionnel effectue des consultations à domicile.,Non,La zone d'accueil n'est pas visible depuis l'entrée. Le professionnel effectue des consultations à domicile. Une organisation particulière permet de réduire le temps d'attente lorsque cela est nécessaire.,Oui,La zone d'accueil n'est pas visible depuis l'entrée. Le professionnel effectue des consultations à domicile. Une organisation particulière permet de réduire le temps d'attente lorsque cela est nécessaire.,Oui,Le professionnel effectue des consultations à domicile. Une organisation particulière permet de réduire le temps d'attente lorsque cela est nécessaire.,Oui,,Non,Le professionnel effectue des consultations à domicile. Le professionnel ne possède pas de matériel adapté aux personnes en situation d'obésité. La table d'examen ne permet pas de recevoir une personne en situation d'obésité. L'utilisation des brancards et/ou de fauteuils roulants ne sont pas adaptés aux personnes en situation d'obésité.,Non,,"Le lieu de soin est à proximité d'un arrêt de transport en commun. Précision sur les transports en commun : bus C1 et métro gros chêne ligne B. Un parking est disponible à proximité. La prise de rendez-vous peut être faite de la façon suivante : mail (marielaureide35@gmail.com), SMS (0769932229), site internet (https://www.doctolib.fr). Le professionnel effectue des consultations à domicile. Le professionnel propose des consultations en télémédecine. Il y a des places de stationnement PMR à proximité. Il y a 2 marches sans ascenseur ou élévateur. La porte d'entrée est de type : porte battante manuelle. Il n'y a pas de dispositif permettant de sonner/se signaler devant l'entrée. Le praticien possède une expérience particulière ou est formé à la prise en charge du handicap moteur. Il y a des sanitaires mis à disposition du public mais qui ne sont pas aux normes d'accessibilité. Il y a des marches ou escaliers, sans rampe et sans ascenseur ou élévateur. La circulation en fauteuil roulant peut s'avérer délicate. Le professionnel peut réaliser la consultation ou les soins sur un fauteuil roulant. Il y a 1 marche sans ascenseur ou élévateur à l'extérieur. Il y a 1 marche sans ascenseur ou élévateur à l'intérieur du bâtiment. La zone d'accueil n'est pas visible depuis l'entrée. Le cabinet dispose d'un éclairage permanent ou par détection de présence. Il y a des bandes de signalisation contrastées sur les portes vitrées. Une organisation particulière permet de réduire le temps d'attente lorsque cela est nécessaire. Le professionnel ne possède pas de matériel adapté aux personnes en situation d'obésité. La table d'examen ne permet pas de recevoir une personne en situation d'obésité. L'utilisation des brancards et/ou de fauteuils roulants ne sont pas adaptés aux personnes en situation d'obésité."
25/11/2023,10005184535,1000115556,Dufils-Gelgon,Maryline,Médecin généraliste,6 Rue Jeanne d’Arc,35310,Mordelles,FR-BRE,"Le lieu de soin est à proximité d'un arrêt de transport en commun. Un parking est disponible à proximité. La prise de rendez-vous peut être faite de la façon suivante : mail (secretariat@maisonmedicaledemordelles.fr), site internet (https://www.maisonmedicaledemordelles.org/). Le professionnel effectue des consultations à domicile. Le professionnel propose des consultations en télémédecine.",Il y a des places de stationnement PMR à proximité. L'ensemble du site est de plain-pied. La porte d'entrée est de type : porte battante manuelle. La porte d'entrée fait 90cm de large ou plus. Le cabinet dispose d'un guichet bas ou d'un bureau accessible en fauteuil roulant. Possibilité d'une présence ou d'une aide humaine au déplacement. Des sanitaires accessibles sont à disposition du public. Le professionnel effectue des consultations à domicile. Le professionnel peut réaliser la consultation ou les soins sur un fauteuil roulant.,Oui,Il y a des places de stationnement PMR à proximité. L'ensemble du site est de plain-pied. La porte d'entrée est de type : porte battante manuelle. Possibilité d'une présence ou d'une aide humaine au déplacement. Des sanitaires accessibles sont à disposition du public. Le professionnel effectue des consultations à domicile.,Oui,L'ensemble du site est de plain-pied. La porte d'entrée est de type : porte battante manuelle. La zone d'accueil n'est pas visible depuis l'entrée. Le cabinet dispose d'un éclairage permanent ou par détection de présence. Présence de personnel à l'accueil. Possibilité d'une présence ou d'une aide humaine au déplacement. Il y a des bandes de signalisation contrastées sur les portes vitrées. Le professionnel effectue des consultations à domicile.,Oui,L'ensemble du site est de plain-pied. La porte d'entrée est de type : porte battante manuelle. Présence de personnel à l'accueil. Possibilité d'une présence ou d'une aide humaine au déplacement. Le professionnel effectue des consultations à domicile.,Oui,La zone d'accueil n'est pas visible depuis l'entrée. Présence de personnel à l'accueil. Le professionnel effectue des consultations à domicile. Le professionnel propose une préparation à la consultation (visite blanche). Une organisation particulière permet de réduire le temps d'attente lorsque cela est nécessaire.,Oui,La zone d'accueil n'est pas visible depuis l'entrée. Présence de personnel à l'accueil. Le professionnel effectue des consultations à domicile. Le professionnel propose une préparation à la consultation (visite blanche). Une organisation particulière permet de réduire le temps d'attente lorsque cela est nécessaire.,Oui,Présence de personnel à l'accueil. Le professionnel effectue des consultations à domicile. Le professionnel propose une préparation à la consultation (visite blanche). Une organisation particulière permet de réduire le temps d'attente lorsque cela est nécessaire.,Oui,,Non,Les sanitaires sont équipés de toilettes suspendues. Le professionnel effectue des consultations à domicile. Le professionnel possède du matériel d'auscultation adapté aux personnes en situation d'obésité. La table d'examen est adaptée jusqu'à 200 kg.,Oui,,"Le lieu de soin est à proximité d'un arrêt de transport en commun. Un parking est disponible à proximité. La prise de rendez-vous peut être faite de la façon suivante : mail (secretariat@maisonmedicaledemordelles.fr), site internet (https://www.maisonmedicaledemordelles.org/). Le professionnel effectue des consultations à domicile. Le professionnel propose des consultations en télémédecine. Il y a des places de stationnement PMR à proximité. L'ensemble du site est de plain-pied. La porte d'entrée est de type : porte battante manuelle. Possibilité d'une présence ou d'une aide humaine au déplacement. Des sanitaires accessibles sont à disposition du public. La porte d'entrée fait 90cm de large ou plus. Le cabinet dispose d'un guichet bas ou d'un bureau accessible en fauteuil roulant. Le professionnel peut réaliser la consultation ou les soins sur un fauteuil roulant. Présence de personnel à l'accueil. La zone d'accueil n'est pas visible depuis l'entrée. Le cabinet dispose d'un éclairage permanent ou par détection de présence. Il y a des bandes de signalisation contrastées sur les portes vitrées. Le professionnel propose une préparation à la consultation (visite blanche). Une organisation particulière permet de réduire le temps d'attente lorsque cela est nécessaire. Les sanitaires sont équipés de toilettes suspendues. Le professionnel possède du matériel d'auscultation adapté aux personnes en situation d'obésité. La table d'examen est adaptée jusqu'à 200 kg."
24/11/2023,10101140928,1011532995,Nuel,Margaux,Médecin généraliste,54 Avenue Alphonse Legault,35170,Bruz,FR-BRE,"Le lieu de soin est à proximité d'un arrêt de transport en commun. Précision sur les transports en commun : bus. Un parking est disponible à proximité. Le professionnel effectue des consultations à domicile. Le cabinet dispose de matériel spécifique pour faciliter les soins aux personnes en situation de handicap (table de consultation à hauteur variable, matériel d'examen portatif…).",L'ensemble du site est de plain-pied. La porte d'entrée est de type : porte battante manuelle. Il n'y a pas de dispositif permettant de sonner/se signaler devant l'entrée. Il existe un ou plusieurs rétrécissements (inférieur à 90 cm) pour atteindre la zone d'accueil. Le cabinet dispose d'un guichet bas ou d'un bureau accessible en fauteuil roulant. Possibilité d'une présence ou d'une aide humaine au déplacement. Des sanitaires accessibles sont à disposition du public. Le professionnel effectue des consultations à domicile. Le professionnel peut réaliser la consultation ou les soins sur un fauteuil roulant.,Oui,L'ensemble du site est de plain-pied. La porte d'entrée est de type : porte battante manuelle. Il n'y a pas de dispositif permettant de sonner/se signaler devant l'entrée. Possibilité d'une présence ou d'une aide humaine au déplacement. Des sanitaires accessibles sont à disposition du public. Le professionnel effectue des consultations à domicile.,Oui,L'ensemble du site est de plain-pied. La porte d'entrée est de type : porte battante manuelle. Il n'y a pas de dispositif permettant de sonner/se signaler devant l'entrée. Il existe un ou plusieurs rétrécissements pour atteindre la zone d'accueil. Le cabinet dispose d'un éclairage permanent ou par détection de présence. Présence de personnel à l'accueil. Possibilité d'une présence ou d'une aide humaine au déplacement. Il y a des bandes de signalisation contrastées sur les portes vitrées. Le professionnel effectue des consultations à domicile.,Oui,L'ensemble du site est de plain-pied. La porte d'entrée est de type : porte battante manuelle. Il n'y a pas de dispositif permettant de sonner/se signaler devant l'entrée. Il existe un ou plusieurs rétrécissements pour atteindre la zone d'accueil. Présence de personnel à l'accueil. Possibilité d'une présence ou d'une aide humaine au déplacement. Le professionnel effectue des consultations à domicile.,Non,Présence de personnel à l'accueil. La prise de rendez-vous ne peut être faite que par téléphone. Le professionnel effectue des consultations à domicile. Une organisation particulière permet de réduire le temps d'attente lorsque cela est nécessaire.,Oui,Présence de personnel à l'accueil. La prise de rendez-vous ne peut être faite que par téléphone. Le professionnel effectue des consultations à domicile. Une organisation particulière permet de réduire le temps d'attente lorsque cela est nécessaire.,Oui,Présence de personnel à l'accueil. La prise de rendez-vous ne peut être faite que par téléphone. Le professionnel effectue des consultations à domicile. Une organisation particulière permet de réduire le temps d'attente lorsque cela est nécessaire.,Oui,La prise de rendez-vous ne peut être faite que par téléphone.,Non,Le professionnel effectue des consultations à domicile. Le professionnel possède du matériel d'auscultation adapté aux personnes en situation d'obésité. La table d'examen est adaptée jusqu'à 200 kg.,Oui,,"Le lieu de soin est à proximité d'un arrêt de transport en commun. Précision sur les transports en commun : bus. Un parking est disponible à proximité. Le professionnel effectue des consultations à domicile. Le cabinet dispose de matériel spécifique pour faciliter les soins aux personnes en situation de handicap (table de consultation à hauteur variable, matériel d'examen portatif…). L'ensemble du site est de plain-pied. La porte d'entrée est de type : porte battante manuelle. Il n'y a pas de dispositif permettant de sonner/se signaler devant l'entrée. Il existe un ou plusieurs rétrécissements pour atteindre la zone d'accueil. Présence de personnel à l'accueil. Possibilité d'une présence ou d'une aide humaine au déplacement. Des sanitaires accessibles sont à disposition du public. Il existe un ou plusieurs rétrécissements (inférieur à 90 cm) pour atteindre la zone d'accueil. Le cabinet dispose d'un guichet bas ou d'un bureau accessible en fauteuil roulant. Le professionnel peut réaliser la consultation ou les soins sur un fauteuil roulant. Le cabinet dispose d'un éclairage permanent ou par détection de présence. Il y a des bandes de signalisation contrastées sur les portes vitrées. La prise de rendez-vous ne peut être faite que par téléphone. Une organisation particulière permet de réduire le temps d'attente lorsque cela est nécessaire. Le professionnel possède du matériel d'auscultation adapté aux personnes en situation d'obésité. La table d'examen est adaptée jusqu'à 200 kg."
24/11/2023,10100803484,1011007737,Nedellec,Elodie,Médecin généraliste,24 Rue des Verdaudais,35690,Acigné,FR-BRE,"Le lieu de soin est à proximité d'un arrêt de transport en commun. Un parking est disponible à proximité. La prise de rendez-vous peut être faite de la façon suivante : mail (Clickdoc), site internet (Clickdoc).",Il y a des places de stationnement PMR à proximité. L'ensemble du site est de plain-pied. La porte d'entrée est de type : porte coulissante automatique. Possibilité d'une présence ou d'une aide humaine au déplacement. Des sanitaires accessibles sont à disposition du public. Le professionnel peut réaliser la consultation ou les soins sur un fauteuil roulant.,Oui,Il y a des places de stationnement PMR à proximité. L'ensemble du site est de plain-pied. La porte d'entrée est de type : porte coulissante automatique. Possibilité d'une présence ou d'une aide humaine au déplacement. Des sanitaires accessibles sont à disposition du public.,Oui,L'ensemble du site est de plain-pied. La porte d'entrée est de type : porte coulissante automatique. Le cabinet dispose d'un éclairage permanent ou par détection de présence. Présence de personnel à l'accueil. Possibilité d'une présence ou d'une aide humaine au déplacement. Il y a des bandes de signalisation contrastées sur les portes vitrées.,Oui,L'ensemble du site est de plain-pied. La porte d'entrée est de type : porte coulissante automatique. Présence de personnel à l'accueil. Possibilité d'une présence ou d'une aide humaine au déplacement.,Oui,Présence de personnel à l'accueil. La signalétique utilise des pictogrammes. Le professionnel propose une préparation à la consultation (visite blanche). Une organisation particulière permet de réduire le temps d'attente lorsque cela est nécessaire. Des outils de communication simplifiés sont utilisés pour expliquer les actes.,Oui,Présence de personnel à l'accueil. Le professionnel propose une préparation à la consultation (visite blanche). Une organisation particulière permet de réduire le temps d'attente lorsque cela est nécessaire. Des outils de communication simplifiés sont utilisés pour expliquer les actes.,Oui,Présence de personnel à l'accueil. La signalétique utilise des pictogrammes. Le professionnel propose une préparation à la consultation (visite blanche). Une organisation particulière permet de réduire le temps d'attente lorsque cela est nécessaire. Des outils de communication simplifiés sont utilisés pour expliquer les actes.,Oui,,Non,Le professionnel possède du matériel d'auscultation adapté aux personnes en situation d'obésité.,Oui,,"Le lieu de soin est à proximité d'un arrêt de transport en commun. Un parking est disponible à proximité. La prise de rendez-vous peut être faite de la façon suivante : mail (Clickdoc), site internet (Clickdoc). Il y a des places de stationnement PMR à proximité. L'ensemble du site est de plain-pied. La porte d'entrée est de type : porte coulissante automatique. Possibilité d'une présence ou d'une aide humaine au déplacement. Des sanitaires accessibles sont à disposition du public. Le professionnel peut réaliser la consultation ou les soins sur un fauteuil roulant. Présence de personnel à l'accueil. Le cabinet dispose d'un éclairage permanent ou par détection de présence. Il y a des bandes de signalisation contrastées sur les portes vitrées. La signalétique utilise des pictogrammes. Le professionnel propose une préparation à la consultation (visite blanche). Une organisation particulière permet de réduire le temps d'attente lorsque cela est nécessaire. Des outils de communication simplifiés sont utilisés pour expliquer les actes. Le professionnel possède du matériel d'auscultation adapté aux personnes en situation d'obésité."
23/11/2023,10002641867,1000215779,Le Magadoux,Francoise,Médecin généraliste,15 Mail de Bourgchevreuil,35510,Cesson-Sévigné,FR-BRE,Le lieu de soin est à proximité d'un arrêt de transport en commun. Un parking est disponible à proximité. Pas de présence de personnel à l'accueil. Le professionnel effectue des consultations à domicile. Le professionnel propose des consultations en télémédecine. Informations complémentaires concernant l'accessibilité du bâtiment ou des prestations spécifiques proposées : 3 marches pour accéder au cabinet.,"Il y a des places de stationnement PMR à proximité. L'ensemble du site est de plain-pied. Il y a des marches ou escaliers, sans rampe et sans ascenseur ou élévateur. La porte d'entrée est de type : porte battante manuelle. Des sanitaires accessibles sont à disposition du public. Le professionnel effectue des consultations à domicile. Le professionnel ne peut pas réaliser la consultation ou les soins sur un fauteuil roulant.",Oui,Il y a des places de stationnement PMR à proximité. L'ensemble du site est de plain-pied. Il y a 3 marches sans ascenseur ou élévateur. La porte d'entrée est de type : porte battante manuelle. Des sanitaires accessibles sont à disposition du public. Le professionnel effectue des consultations à domicile.,Oui,L'ensemble du site est de plain-pied. Présence d'une bande de guidage au sol à l'extérieur. Il y a 3 marches sans ascenseur ou élévateur à l'extérieur (sens Montant en allant vers le lieu de soin/de consultation).. Le repérage de l'entrée de l'établissement peut s'avérer délicat. La porte d'entrée est de type : porte battante manuelle. Le professionnel effectue des consultations à domicile.,Oui,L'ensemble du site est de plain-pied. Présence d'une bande de guidage au sol à l'extérieur. Il y a 3 marches sans ascenseur ou élévateur à l'extérieur (sens Montant en allant vers le lieu de soin/de consultation).. La porte d'entrée est de type : porte battante manuelle. Le dispositif d'appel n'est pas accessible aux personnes aveugles. Le professionnel effectue des consultations à domicile.,Oui,Le repérage de l'entrée de l'établissement peut s'avérer délicat. La signalétique utilise des pictogrammes. La prise de rendez-vous ne peut être faite que par téléphone. Le professionnel effectue des consultations à domicile.,Oui,Présence d'une bande de guidage au sol à l'extérieur. Le repérage de l'entrée de l'établissement peut s'avérer délicat. La prise de rendez-vous ne peut être faite que par téléphone. Le professionnel effectue des consultations à domicile.,Oui,Présence d'une bande de guidage au sol à l'extérieur. Le repérage de l'entrée de l'établissement peut s'avérer délicat. La signalétique utilise des pictogrammes. La prise de rendez-vous ne peut être faite que par téléphone. Le professionnel effectue des consultations à domicile.,Non,La prise de rendez-vous ne peut être faite que par téléphone.,Non,Le professionnel effectue des consultations à domicile. Le professionnel ne possède pas de matériel adapté aux personnes en situation d'obésité. La table d'examen ne permet pas de recevoir une personne en situation d'obésité.,Non,,"Le lieu de soin est à proximité d'un arrêt de transport en commun. Un parking est disponible à proximité. Pas de présence de personnel à l'accueil. Le professionnel effectue des consultations à domicile. Le professionnel propose des consultations en télémédecine. Informations complémentaires concernant l'accessibilité du bâtiment ou des prestations spécifiques proposées : 3 marches pour accéder au cabinet. Il y a des places de stationnement PMR à proximité. L'ensemble du site est de plain-pied. Il y a 3 marches sans ascenseur ou élévateur. La porte d'entrée est de type : porte battante manuelle. Des sanitaires accessibles sont à disposition du public. Il y a des marches ou escaliers, sans rampe et sans ascenseur ou élévateur. Le professionnel ne peut pas réaliser la consultation ou les soins sur un fauteuil roulant. Présence d'une bande de guidage au sol à l'extérieur. Il y a 3 marches sans ascenseur ou élévateur à l'extérieur (sens Montant en allant vers le lieu de soin/de consultation).. Le dispositif d'appel n'est pas accessible aux personnes aveugles. Le repérage de l'entrée de l'établissement peut s'avérer délicat. La prise de rendez-vous ne peut être faite que par téléphone. La signalétique utilise des pictogrammes. Le professionnel ne possède pas de matériel adapté aux personnes en situation d'obésité. La table d'examen ne permet pas de recevoir une personne en situation d'obésité."
11/09/2023,10002641594,1011790329,Mocquard,Agnes,Médecin généraliste,4 Rue du Ruisseau,35830,Betton,FR-BRE,Le lieu de soin est à proximité d'un arrêt de transport en commun. Un parking est disponible à proximité. Pas de présence de personnel à l'accueil. Il n'y a pas de sanitaires mis à disposition du public.,L'ensemble du site est de plain-pied. Le cheminement extérieur présente une pente légère de plus de 2 mètres. Présence d'une rampe fixe avec une pente douce. La porte d'entrée est de type : manuelle. La porte d'entrée fait 90cm de large ou plus. La circulation en fauteuil roulant peut s'avérer délicate. Le cabinet dispose d'un guichet bas ou d'un bureau accessible en fauteuil roulant.,Oui,L'ensemble du site est de plain-pied. Le cheminement extérieur présente une pente légère de plus de 2 mètres. Il y a 1 marche sans ascenseur ou élévateur. Présence d'une rampe fixe avec une pente douce. La porte d'entrée est de type : manuelle.,Non,L'ensemble du site est de plain-pied. Il y a 1 marche sans ascenseur ou élévateur à l'extérieur. La porte d'entrée est de type : manuelle. Le cabinet dispose d'un éclairage permanent ou par détection de présence.,Non,L'ensemble du site est de plain-pied. Il y a 1 marche sans ascenseur ou élévateur à l'extérieur. La porte d'entrée est de type : manuelle.,Non,La prise de rendez-vous ne peut être faite que par téléphone.,Non,La prise de rendez-vous ne peut être faite que par téléphone.,Non,La prise de rendez-vous ne peut être faite que par téléphone.,Non,La prise de rendez-vous ne peut être faite que par téléphone.,Non,,Non,,Le lieu de soin est à proximité d'un arrêt de transport en commun. Un parking est disponible à proximité. Pas de présence de personnel à l'accueil. Il n'y a pas de sanitaires mis à disposition du public. L'ensemble du site est de plain-pied. Il y a 1 marche sans ascenseur ou élévateur à l'extérieur. La porte d'entrée est de type : manuelle. Le cheminement extérieur présente une pente légère de plus de 2 mètres. Il y a 1 marche sans ascenseur ou élévateur. Présence d'une rampe fixe avec une pente douce. La porte d'entrée fait 90cm de large ou plus. La circulation en fauteuil roulant peut s'avérer délicate. Le cabinet dispose d'un guichet bas ou d'un bureau accessible en fauteuil roulant. Le cabinet dispose d'un éclairage permanent ou par détection de présence. La prise de rendez-vous ne peut être faite que par téléphone.
10/05/2023,10100349256,1011656718,Chamoux,Margot,Sage-Femme,15 Rue du Sapeur Michel Jouan,35000,Rennes,FR-BRE,"Le lieu de soin est à proximité d'un arrêt de transport en commun. Précision sur les transports en commun : Métro ligne B, station Mabilais. Un parking est disponible à proximité. Pas de présence de personnel à l'accueil. La prise de rendez-vous peut être faite de la façon suivante : SMS (0627012560). Le professionnel propose des consultations en télémédecine. Le cabinet dispose de matériel spécifique pour faciliter les soins aux personnes en situation de handicap (table de consultation à hauteur variable, matériel d'examen portatif…).",Il n'y a pas de places de stationnement PMR à proximité. L'ensemble du site est de plain-pied. Le cheminement extérieur présente une pente légère de plus de 2 mètres. Des ressauts de plus de 2 cm sont présents sur le site. La porte d'entrée est de type : porte battante manuelle. Il n'y a pas de dispositif permettant de sonner/se signaler devant l'entrée. La porte d'entrée fait 90cm de large ou plus. Des sanitaires accessibles sont à disposition du public. Le professionnel ne peut pas réaliser la consultation ou les soins sur un fauteuil roulant. La réalisation de la consultation ou des soins nécessite le transfert du patient par lui-même.,Oui,Il n'y a pas de places de stationnement PMR à proximité. L'ensemble du site est de plain-pied. Le cheminement extérieur présente une pente légère de plus de 2 mètres. La porte d'entrée est de type : porte battante manuelle. Il n'y a pas de dispositif permettant de sonner/se signaler devant l'entrée. Des sanitaires accessibles sont à disposition du public.,Non,L'ensemble du site est de plain-pied. La porte d'entrée est de type : porte battante manuelle. Il n'y a pas de dispositif permettant de sonner/se signaler devant l'entrée. La porte vitrée ne possède aucun élément contrasté pour la repérer. La zone d'accueil n'est pas visible depuis l'entrée. Le cabinet dispose d'un éclairage permanent ou par détection de présence. Il n'y a pas de bandes de signalisation contrastées sur les portes vitrées.,Non,L'ensemble du site est de plain-pied. La porte d'entrée est de type : porte battante manuelle. Il n'y a pas de dispositif permettant de sonner/se signaler devant l'entrée.,Non,La zone d'accueil n'est pas visible depuis l'entrée.,Non,La zone d'accueil n'est pas visible depuis l'entrée.,Non,,Non,,Non,Les sanitaires sont équipés de toilettes suspendues. Le professionnel possède du matériel d'auscultation adapté aux personnes en situation d'obésité. La table d'examen ne permet pas de recevoir une personne en situation d'obésité.,Non,,"Le lieu de soin est à proximité d'un arrêt de transport en commun. Précision sur les transports en commun : Métro ligne B, station Mabilais. Un parking est disponible à proximité. Pas de présence de personnel à l'accueil. La prise de rendez-vous peut être faite de la façon suivante : SMS (0627012560). Le professionnel propose des consultations en télémédecine. Le cabinet dispose de matériel spécifique pour faciliter les soins aux personnes en situation de handicap (table de consultation à hauteur variable, matériel d'examen portatif…). Il n'y a pas de places de stationnement PMR à proximité. L'ensemble du site est de plain-pied. Le cheminement extérieur présente une pente légère de plus de 2 mètres. La porte d'entrée est de type : porte battante manuelle. Il n'y a pas de dispositif permettant de sonner/se signaler devant l'entrée. Des sanitaires accessibles sont à disposition du public. Des ressauts de plus de 2 cm sont présents sur le site. La porte d'entrée fait 90cm de large ou plus. Le professionnel ne peut pas réaliser la consultation ou les soins sur un fauteuil roulant. La réalisation de la consultation ou des soins nécessite le transfert du patient par lui-même. La porte vitrée ne possède aucun élément contrasté pour la repérer. La zone d'accueil n'est pas visible depuis l'entrée. Le cabinet dispose d'un éclairage permanent ou par détection de présence. Il n'y a pas de bandes de signalisation contrastées sur les portes vitrées. Les sanitaires sont équipés de toilettes suspendues. Le professionnel possède du matériel d'auscultation adapté aux personnes en situation d'obésité. La table d'examen ne permet pas de recevoir une personne en situation d'obésité."
02/04/2023,10100486710,1013164854,Fleury,Marie,Médecin généraliste,2 Rue de Turgé,35310,Chavagne,FR-BRE,"Le lieu de soin est à proximité d'un arrêt de transport en commun. Précision sur les transports en commun : bus : arrêt à 350 mètres. Un parking est disponible à proximité. La prise de rendez-vous peut être faite de la façon suivante : mail (ubiclic), SMS (ubiclic), site internet (ubiclic). Le professionnel effectue des consultations à domicile. Le professionnel propose des consultations en télémédecine. Le cabinet dispose de matériel spécifique pour faciliter les soins aux personnes en situation de handicap (table de consultation à hauteur variable, matériel d'examen portatif…).",Il y a des places de stationnement PMR à proximité. L'ensemble du site est de plain-pied. La porte d'entrée est de type : porte battante manuelle. L'entrée est équipée d'un bouton d'appel. La porte d'entrée fait 90cm de large ou plus. Le cabinet dispose d'un guichet bas ou d'un bureau accessible en fauteuil roulant. Possibilité d'une présence ou d'une aide humaine au déplacement. Des sanitaires accessibles sont à disposition du public. Le professionnel effectue des consultations à domicile. Le professionnel peut réaliser la consultation ou les soins sur un fauteuil roulant.,Oui,Il y a des places de stationnement PMR à proximité. L'ensemble du site est de plain-pied. La porte d'entrée est de type : porte battante manuelle. L'entrée est équipée d'un bouton d'appel. Possibilité d'une présence ou d'une aide humaine au déplacement. Des sanitaires accessibles sont à disposition du public. Le professionnel effectue des consultations à domicile.,Oui,L'ensemble du site est de plain-pied. La porte d'entrée est de type : porte battante manuelle. L'entrée est équipée d'un bouton d'appel. Le cabinet dispose d'un éclairage permanent ou par détection de présence. Présence de personnel à l'accueil. Possibilité d'une présence ou d'une aide humaine au déplacement. Il y a des bandes de signalisation contrastées sur les portes vitrées. Le professionnel effectue des consultations à domicile.,Oui,L'ensemble du site est de plain-pied. La porte d'entrée est de type : porte battante manuelle. L'entrée est équipée d'un bouton d'appel. Présence de personnel à l'accueil. Possibilité d'une présence ou d'une aide humaine au déplacement. Le professionnel effectue des consultations à domicile.,Oui,Présence de personnel à l'accueil. La signalétique utilise des pictogrammes. Le professionnel effectue des consultations à domicile. Une organisation particulière permet de réduire le temps d'attente lorsque cela est nécessaire. Des outils de communication simplifiés sont utilisés pour expliquer les actes.,Oui,Présence de personnel à l'accueil. Le professionnel effectue des consultations à domicile. Une organisation particulière permet de réduire le temps d'attente lorsque cela est nécessaire. Des outils de communication simplifiés sont utilisés pour expliquer les actes.,Oui,Présence de personnel à l'accueil. La signalétique utilise des pictogrammes. Le professionnel effectue des consultations à domicile. Une organisation particulière permet de réduire le temps d'attente lorsque cela est nécessaire. Des outils de communication simplifiés sont utilisés pour expliquer les actes.,Oui,,Non,Les sanitaires sont équipés de toilettes suspendues. Le professionnel effectue des consultations à domicile. Le professionnel possède du matériel d'auscultation adapté aux personnes en situation d'obésité. La table d'examen est adaptée jusqu'à 200 kg.,Oui,"anglais,espagnol, castillan","Le lieu de soin est à proximité d'un arrêt de transport en commun. Précision sur les transports en commun : bus : arrêt à 350 mètres. Un parking est disponible à proximité. La prise de rendez-vous peut être faite de la façon suivante : mail (ubiclic), SMS (ubiclic), site internet (ubiclic). Le professionnel effectue des consultations à domicile. Le professionnel propose des consultations en télémédecine. Le cabinet dispose de matériel spécifique pour faciliter les soins aux personnes en situation de handicap (table de consultation à hauteur variable, matériel d'examen portatif…). Il y a des places de stationnement PMR à proximité. L'ensemble du site est de plain-pied. La porte d'entrée est de type : porte battante manuelle. L'entrée est équipée d'un bouton d'appel. Possibilité d'une présence ou d'une aide humaine au déplacement. Des sanitaires accessibles sont à disposition du public. La porte d'entrée fait 90cm de large ou plus. Le cabinet dispose d'un guichet bas ou d'un bureau accessible en fauteuil roulant. Le professionnel peut réaliser la consultation ou les soins sur un fauteuil roulant. Présence de personnel à l'accueil. Le cabinet dispose d'un éclairage permanent ou par détection de présence. Il y a des bandes de signalisation contrastées sur les portes vitrées. La signalétique utilise des pictogrammes. Une organisation particulière permet de réduire le temps d'attente lorsque cela est nécessaire. Des outils de communication simplifiés sont utilisés pour expliquer les actes. Les sanitaires sont équipés de toilettes suspendues. Le professionnel possède du matériel d'auscultation adapté aux personnes en situation d'obésité. La table d'examen est adaptée jusqu'à 200 kg. anglais,espagnol, castillan"
30/03/2023,10100107878,1010929656,Maillet,Claire,Médecin généraliste,4 Rue de la Voie Romaine,35250,Saint-Sulpice-la-Forêt,FR-BRE,"Le lieu de soin est à proximité d'un arrêt de transport en commun. Un parking est disponible à proximité. La prise de rendez-vous peut être faite de la façon suivante : mail (Prise de RDV par internet), site internet (Doctolib). Le professionnel effectue des consultations à domicile. Le cabinet dispose de matériel spécifique pour faciliter les soins aux personnes en situation de handicap (table de consultation à hauteur variable, matériel d'examen portatif…).",Il y a des places de stationnement PMR à proximité. La porte d'entrée est de type : porte battante manuelle. Il n'y a pas de dispositif permettant de sonner/se signaler devant l'entrée. Il y a des sanitaires mis à disposition du public mais qui ne sont pas aux normes d'accessibilité. Le professionnel effectue des consultations à domicile. Le professionnel peut réaliser la consultation ou les soins sur un fauteuil roulant.,Oui,Il y a des places de stationnement PMR à proximité. La porte d'entrée est de type : porte battante manuelle. Il n'y a pas de dispositif permettant de sonner/se signaler devant l'entrée. Il y a des sanitaires mis à disposition du public mais qui ne sont pas aux normes d'accessibilité. Le professionnel effectue des consultations à domicile.,Oui,La porte d'entrée est de type : porte battante manuelle. Il n'y a pas de dispositif permettant de sonner/se signaler devant l'entrée. Le cabinet dispose d'un éclairage permanent ou par détection de présence. Il n'y a pas de bandes de signalisation contrastées sur les portes vitrées. Le professionnel effectue des consultations à domicile.,Non,La porte d'entrée est de type : porte battante manuelle. Il n'y a pas de dispositif permettant de sonner/se signaler devant l'entrée. Le professionnel effectue des consultations à domicile.,Non,Le professionnel effectue des consultations à domicile. Le professionnel propose une préparation à la consultation (visite blanche).,Oui,Le professionnel effectue des consultations à domicile. Le professionnel propose une préparation à la consultation (visite blanche).,Oui,Le professionnel effectue des consultations à domicile. Le professionnel propose une préparation à la consultation (visite blanche).,Oui,,Non,Les sanitaires sont équipés de toilettes suspendues. Le professionnel effectue des consultations à domicile. Le professionnel possède du matériel d'auscultation adapté aux personnes en situation d'obésité. La table d'examen est adaptée jusqu'à 200 kg.,Oui,anglais,"Le lieu de soin est à proximité d'un arrêt de transport en commun. Un parking est disponible à proximité. La prise de rendez-vous peut être faite de la façon suivante : mail (Prise de RDV par internet), site internet (Doctolib). Le professionnel effectue des consultations à domicile. Le cabinet dispose de matériel spécifique pour faciliter les soins aux personnes en situation de handicap (table de consultation à hauteur variable, matériel d'examen portatif…). Il y a des places de stationnement PMR à proximité. La porte d'entrée est de type : porte battante manuelle. Il n'y a pas de dispositif permettant de sonner/se signaler devant l'entrée. Il y a des sanitaires mis à disposition du public mais qui ne sont pas aux normes d'accessibilité. Le professionnel peut réaliser la consultation ou les soins sur un fauteuil roulant. Le cabinet dispose d'un éclairage permanent ou par détection de présence. Il n'y a pas de bandes de signalisation contrastées sur les portes vitrées. Les sanitaires sont équipés de toilettes suspendues. Le professionnel possède du matériel d'auscultation adapté aux personnes en situation d'obésité. La table d'examen est adaptée jusqu'à 200 kg. Le professionnel propose une préparation à la consultation (visite blanche). anglais"
30/03/2023,10100395903,1010669001,Pollet,Stefan,Rhumatologue,21 Boulevard Franklin Roosevelt,35200,Rennes,FR-BRE,"Le lieu de soin est à proximité d'un arrêt de transport en commun. Précision sur les transports en commun : Bus ligne 12 à 200m ,ligne C2 à 300m. Un parking est disponible à proximité. La prise de rendez-vous peut être faite de la façon suivante : mail (rhumato.franklin@gmail.com). Le professionnel propose des consultations en télémédecine. Le cabinet dispose de matériel spécifique pour faciliter les soins aux personnes en situation de handicap (table de consultation à hauteur variable, matériel d'examen portatif…).",Il y a des places de stationnement PMR à proximité. L'ensemble du site est de plain-pied. La porte d'entrée est de type : porte battante manuelle. Il n'y a pas de dispositif permettant de sonner/se signaler devant l'entrée. La porte d'entrée fait 90cm de large ou plus. Le cabinet dispose d'un guichet bas ou d'un bureau accessible en fauteuil roulant. Possibilité d'une présence ou d'une aide humaine au déplacement. Des sanitaires accessibles sont à disposition du public. Le professionnel peut réaliser la consultation ou les soins sur un fauteuil roulant.,Oui,Il y a des places de stationnement PMR à proximité. L'ensemble du site est de plain-pied. La porte d'entrée est de type : porte battante manuelle. Il n'y a pas de dispositif permettant de sonner/se signaler devant l'entrée. Possibilité d'une présence ou d'une aide humaine au déplacement. Des sanitaires accessibles sont à disposition du public.,Oui,L'ensemble du site est de plain-pied. La porte d'entrée est de type : porte battante manuelle. Il n'y a pas de dispositif permettant de sonner/se signaler devant l'entrée. Le cabinet dispose d'un éclairage permanent ou par détection de présence. Présence de personnel à l'accueil. Possibilité d'une présence ou d'une aide humaine au déplacement. Il y a des bandes de signalisation contrastées sur les portes vitrées.,Oui,L'ensemble du site est de plain-pied. La porte d'entrée est de type : porte battante manuelle. Il n'y a pas de dispositif permettant de sonner/se signaler devant l'entrée. Présence de personnel à l'accueil. Possibilité d'une présence ou d'une aide humaine au déplacement.,Non,Présence de personnel à l'accueil.,Oui,Présence de personnel à l'accueil.,Oui,Présence de personnel à l'accueil.,Non,,Non,Le professionnel ne possède pas de matériel adapté aux personnes en situation d'obésité. La table d'examen est adaptée jusqu'à 200 kg.,Non,anglais,"Le lieu de soin est à proximité d'un arrêt de transport en commun. Précision sur les transports en commun : Bus ligne 12 à 200m ,ligne C2 à 300m. Un parking est disponible à proximité. La prise de rendez-vous peut être faite de la façon suivante : mail (rhumato.franklin@gmail.com). Le professionnel propose des consultations en télémédecine. Le cabinet dispose de matériel spécifique pour faciliter les soins aux personnes en situation de handicap (table de consultation à hauteur variable, matériel d'examen portatif…). Il y a des places de stationnement PMR à proximité. L'ensemble du site est de plain-pied. La porte d'entrée est de type : porte battante manuelle. Il n'y a pas de dispositif permettant de sonner/se signaler devant l'entrée. Possibilité d'une présence ou d'une aide humaine au déplacement. Des sanitaires accessibles sont à disposition du public. La porte d'entrée fait 90cm de large ou plus. Le cabinet dispose d'un guichet bas ou d'un bureau accessible en fauteuil roulant. Le professionnel peut réaliser la consultation ou les soins sur un fauteuil roulant. Présence de personnel à l'accueil. Le cabinet dispose d'un éclairage permanent ou par détection de présence. Il y a des bandes de signalisation contrastées sur les portes vitrées. Le professionnel ne possède pas de matériel adapté aux personnes en situation d'obésité. La table d'examen est adaptée jusqu'à 200 kg. anglais"
28/03/2023,10100428118,1011215904,Ben Hamida,Myriam,Psychiatre,47 Rue Jules Lallemand,35000,Rennes,FR-BRE,Le lieu de soin est à proximité d'un arrêt de transport en commun. Précision sur les transports en commun : métro et bus. Un parking est disponible à proximité. Pas de présence de personnel à l'accueil. Le professionnel propose des consultations en télémédecine. Informations complémentaires concernant l'accessibilité du bâtiment ou des prestations spécifiques proposées : le premier contact téléphonique permet de répondre aux questions que les patients pourraient se poser et de voir quelles adaptations sont possibles en amont..,"Il y a des places de stationnement PMR à proximité. L'ensemble du site est de plain-pied. L'accès à l'entrée se fait par un cheminement extérieur pouvant présenter certaines difficultés. Le cheminement extérieur présente une pente importante de 0,5 à 2 mètres. La porte d'entrée est de type : porte battante manuelle. Il n'y a pas de dispositif permettant de sonner/se signaler devant l'entrée. La porte d'entrée fait 90cm de large ou plus. Il existe une entrée secondaire spécifique dédiée aux personnes à mobilité réduite : 90. Des sanitaires accessibles sont à disposition du public. Le professionnel peut réaliser la consultation ou les soins sur un fauteuil roulant.",Oui,"Il y a des places de stationnement PMR à proximité. L'ensemble du site est de plain-pied. L'accès à l'entrée se fait par un cheminement extérieur pouvant présenter certaines difficultés. Le cheminement extérieur présente une pente importante de 0,5 à 2 mètres. La porte d'entrée est de type : porte battante manuelle. Il n'y a pas de dispositif permettant de sonner/se signaler devant l'entrée. Il existe une entrée secondaire spécifique dédiée aux personnes à mobilité réduite : 90. Des sanitaires accessibles sont à disposition du public.",Oui,L'ensemble du site est de plain-pied. La porte d'entrée est de type : porte battante manuelle. Il n'y a pas de dispositif permettant de sonner/se signaler devant l'entrée. La zone d'accueil n'est pas visible depuis l'entrée. Le cabinet dispose d'un éclairage permanent ou par détection de présence. Il y a des bandes de signalisation contrastées sur les portes vitrées.,Non,L'ensemble du site est de plain-pied. La porte d'entrée est de type : porte battante manuelle. Il n'y a pas de dispositif permettant de sonner/se signaler devant l'entrée.,Non,La zone d'accueil n'est pas visible depuis l'entrée. La prise de rendez-vous ne peut être faite que par téléphone. Une organisation particulière permet de réduire le temps d'attente lorsque cela est nécessaire.,Oui,La zone d'accueil n'est pas visible depuis l'entrée. La prise de rendez-vous ne peut être faite que par téléphone. Une organisation particulière permet de réduire le temps d'attente lorsque cela est nécessaire.,Oui,La prise de rendez-vous ne peut être faite que par téléphone. Une organisation particulière permet de réduire le temps d'attente lorsque cela est nécessaire.,Oui,La prise de rendez-vous ne peut être faite que par téléphone.,Non,Les sanitaires sont équipés de toilettes suspendues. Le professionnel ne possède pas de matériel adapté aux personnes en situation d'obésité.,Non,anglais,"Le lieu de soin est à proximité d'un arrêt de transport en commun. Précision sur les transports en commun : métro et bus. Un parking est disponible à proximité. Pas de présence de personnel à l'accueil. Le professionnel propose des consultations en télémédecine. Informations complémentaires concernant l'accessibilité du bâtiment ou des prestations spécifiques proposées : le premier contact téléphonique permet de répondre aux questions que les patients pourraient se poser et de voir quelles adaptations sont possibles en amont.. Il y a des places de stationnement PMR à proximité. L'ensemble du site est de plain-pied. L'accès à l'entrée se fait par un cheminement extérieur pouvant présenter certaines difficultés. Le cheminement extérieur présente une pente importante de 0,5 à 2 mètres. La porte d'entrée est de type : porte battante manuelle. Il n'y a pas de dispositif permettant de sonner/se signaler devant l'entrée. Il existe une entrée secondaire spécifique dédiée aux personnes à mobilité réduite : 90. Des sanitaires accessibles sont à disposition du public. La porte d'entrée fait 90cm de large ou plus. Le professionnel peut réaliser la consultation ou les soins sur un fauteuil roulant. La zone d'accueil n'est pas visible depuis l'entrée. Le cabinet dispose d'un éclairage permanent ou par détection de présence. Il y a des bandes de signalisation contrastées sur les portes vitrées. La prise de rendez-vous ne peut être faite que par téléphone. Une organisation particulière permet de réduire le temps d'attente lorsque cela est nécessaire. Les sanitaires sont équipés de toilettes suspendues. Le professionnel ne possède pas de matériel adapté aux personnes en situation d'obésité. anglais"
27/03/2023,10005663611,1000414729,Boisgontier,Julie,Masseur-Kinésithérapeute,170 Rue de Fougères,35700,Rennes,FR-BRE,"Le lieu de soin est à proximité d'un arrêt de transport en commun. Précision sur les transports en commun : arrêt Painlevé ligne 32, C1, N5, 14 // 500 mètres de l'arrêt Gros chêne  du métro ligne B. Un parking est disponible à proximité. Pas de présence de personnel à l'accueil. La prise de rendez-vous peut être faite de la façon suivante : mail (cabinetlesalleesduparc@gmail.com). Le cabinet dispose de matériel spécifique pour faciliter les soins aux personnes en situation de handicap (table de consultation à hauteur variable, matériel d'examen portatif…).",Il y a des places de stationnement PMR à proximité. L'ensemble du site est de plain-pied. La porte d'entrée est de type : porte battante manuelle. L'entrée est équipée d'un interphone. Le cabinet dispose d'un guichet bas ou d'un bureau accessible en fauteuil roulant. Le professionnel peut réaliser la consultation ou les soins sur un fauteuil roulant.,Oui,Il y a des places de stationnement PMR à proximité. L'ensemble du site est de plain-pied. La porte d'entrée est de type : porte battante manuelle. L'entrée est équipée d'un interphone.,Oui,L'ensemble du site est de plain-pied. Le repérage de l'entrée de l'établissement peut s'avérer délicat. La porte d'entrée est de type : porte battante manuelle. L'entrée est équipée d'un interphone. Le cabinet dispose d'un éclairage permanent ou par détection de présence.,Oui,L'ensemble du site est de plain-pied. La porte d'entrée est de type : porte battante manuelle. L'entrée est équipée d'un interphone.,Non,Le repérage de l'entrée de l'établissement peut s'avérer délicat.,Non,Le repérage de l'entrée de l'établissement peut s'avérer délicat.,Non,Le repérage de l'entrée de l'établissement peut s'avérer délicat.,Non,,Non,,Non,anglais,"Le lieu de soin est à proximité d'un arrêt de transport en commun. Précision sur les transports en commun : arrêt Painlevé ligne 32, C1, N5, 14 // 500 mètres de l'arrêt Gros chêne  du métro ligne B. Un parking est disponible à proximité. Pas de présence de personnel à l'accueil. La prise de rendez-vous peut être faite de la façon suivante : mail (cabinetlesalleesduparc@gmail.com). Le cabinet dispose de matériel spécifique pour faciliter les soins aux personnes en situation de handicap (table de consultation à hauteur variable, matériel d'examen portatif…). Il y a des places de stationnement PMR à proximité. L'ensemble du site est de plain-pied. La porte d'entrée est de type : porte battante manuelle. L'entrée est équipée d'un interphone. Le cabinet dispose d'un guichet bas ou d'un bureau accessible en fauteuil roulant. Le professionnel peut réaliser la consultation ou les soins sur un fauteuil roulant. Le repérage de l'entrée de l'établissement peut s'avérer délicat. Le cabinet dispose d'un éclairage permanent ou par détection de présence. anglais"
27/11/2022,10102295523,1012626201,Schmitt,Karine,Masseur-Kinésithérapeute,219 Rue de Fougères,35700,Rennes,FR-BRE,"Le lieu de soin est à proximité d'un arrêt de transport en commun. Précision sur les transports en commun : Bus 32, C1 et N5. Un parking est disponible à proximité. La prise de rendez-vous peut être faite de la façon suivante : mail (karine.kine@yahoo.com), SMS (0782243027). Le professionnel effectue des consultations à domicile. Le cabinet dispose de matériel spécifique pour faciliter les soins aux personnes en situation de handicap (table de consultation à hauteur variable, matériel d'examen portatif…). Informations complémentaires concernant l'accessibilité du bâtiment ou des prestations spécifiques proposées : L'accès au cabinet se fait directement depuis la voirie. Cabinet pédiatrique : les locaux et le matériel sont adaptés aux enfants qu'ils soient ou non en situation de handicap..",Il y a des places de stationnement PMR à proximité. L'ensemble du site est de plain-pied. La porte d'entrée est de type : porte battante manuelle. Il n'y a pas de dispositif permettant de sonner/se signaler devant l'entrée. Le cabinet dispose d'un guichet bas ou d'un bureau accessible en fauteuil roulant. Le praticien possède une expérience particulière ou est formé à la prise en charge du handicap moteur. Le professionnel effectue des consultations à domicile. Le professionnel peut réaliser la consultation ou les soins sur un fauteuil roulant.,Oui,Il y a des places de stationnement PMR à proximité. L'ensemble du site est de plain-pied. La porte d'entrée est de type : porte battante manuelle. Il n'y a pas de dispositif permettant de sonner/se signaler devant l'entrée. Le praticien possède une expérience particulière ou est formé à la prise en charge du handicap moteur. Le professionnel effectue des consultations à domicile.,Oui,L'ensemble du site est de plain-pied. La porte d'entrée est de type : porte battante manuelle. Il n'y a pas de dispositif permettant de sonner/se signaler devant l'entrée. Le cabinet dispose d'un éclairage permanent ou par détection de présence. Il y a des bandes de signalisation contrastées sur les portes vitrées. Le professionnel effectue des consultations à domicile.,Oui,L'ensemble du site est de plain-pied. La porte d'entrée est de type : porte battante manuelle. Il n'y a pas de dispositif permettant de sonner/se signaler devant l'entrée. Le professionnel effectue des consultations à domicile.,Non,Le professionnel effectue des consultations à domicile. Le professionnel propose une préparation à la consultation (visite blanche). Une organisation particulière permet de réduire le temps d'attente lorsque cela est nécessaire. Des outils de communication simplifiés sont utilisés pour expliquer les actes.,Oui,Le professionnel effectue des consultations à domicile. Le professionnel propose une préparation à la consultation (visite blanche). Une organisation particulière permet de réduire le temps d'attente lorsque cela est nécessaire. Des outils de communication simplifiés sont utilisés pour expliquer les actes.,Oui,Le professionnel effectue des consultations à domicile. Le professionnel propose une préparation à la consultation (visite blanche). Une organisation particulière permet de réduire le temps d'attente lorsque cela est nécessaire. Des outils de communication simplifiés sont utilisés pour expliquer les actes.,Oui,,Non,Le professionnel effectue des consultations à domicile. Le professionnel ne possède pas de matériel adapté aux personnes en situation d'obésité. La table d'examen est adaptée jusqu'à 200 kg.,Non,anglais,"Le lieu de soin est à proximité d'un arrêt de transport en commun. Précision sur les transports en commun : Bus 32, C1 et N5. Un parking est disponible à proximité. La prise de rendez-vous peut être faite de la façon suivante : mail (karine.kine@yahoo.com), SMS (0782243027). Le professionnel effectue des consultations à domicile. Le cabinet dispose de matériel spécifique pour faciliter les soins aux personnes en situation de handicap (table de consultation à hauteur variable, matériel d'examen portatif…). Informations complémentaires concernant l'accessibilité du bâtiment ou des prestations spécifiques proposées : L'accès au cabinet se fait directement depuis la voirie. Cabinet pédiatrique : les locaux et le matériel sont adaptés aux enfants qu'ils soient ou non en situation de handicap.. Il y a des places de stationnement PMR à proximité. L'ensemble du site est de plain-pied. La porte d'entrée est de type : porte battante manuelle. Il n'y a pas de dispositif permettant de sonner/se signaler devant l'entrée. Le praticien possède une expérience particulière ou est formé à la prise en charge du handicap moteur. Le cabinet dispose d'un guichet bas ou d'un bureau accessible en fauteuil roulant. Le professionnel peut réaliser la consultation ou les soins sur un fauteuil roulant. Le cabinet dispose d'un éclairage permanent ou par détection de présence. Il y a des bandes de signalisation contrastées sur les portes vitrées. Le professionnel propose une préparation à la consultation (visite blanche). Une organisation particulière permet de réduire le temps d'attente lorsque cela est nécessaire. Des outils de communication simplifiés sont utilisés pour expliquer les actes. Le professionnel ne possède pas de matériel adapté aux personnes en situation d'obésité. La table d'examen est adaptée jusqu'à 200 kg. anglais"
13/11/2022,10000429380,1010895587,Horvat,Audrey,Sage-Femme,14 Rue Dupont des Loges,35000,Rennes,FR-BRE,"Le lieu de soin est à proximité d'un arrêt de transport en commun. Précision sur les transports en commun : Bis:arrêt musée des beaux arts/métro: Saint-Germain. Un parking est disponible à proximité. Le cabinet se trouve au 1er étage. Pas de présence de personnel à l'accueil. La prise de rendez-vous peut être faite de la façon suivante : mail (audrey.horvat@icloud.com), SMS (0699892189), site internet (https://www.rdvsagefemme.com/a/audrey-horvat). Le professionnel propose des consultations en télémédecine. Le cabinet dispose de matériel spécifique pour faciliter les soins aux personnes en situation de handicap (table de consultation à hauteur variable, matériel d'examen portatif…). Informations complémentaires concernant l'accessibilité du bâtiment ou des prestations spécifiques proposées : Portes coupes feu sans valet, à pousser manuellement , demande valet refusée par la copropriété.",Il y a des places de stationnement PMR à proximité. La porte d'entrée est de type : porte battante manuelle. Il n'y a pas de dispositif permettant de sonner/se signaler devant l'entrée. Le cabinet dispose d'un guichet bas ou d'un bureau accessible en fauteuil roulant. Le professionnel ne peut pas réaliser la consultation ou les soins sur un fauteuil roulant. La réalisation de la consultation ou des soins nécessite le transfert du patient par lui-même.,Oui,Il y a des places de stationnement PMR à proximité. La porte d'entrée est de type : porte battante manuelle. Il n'y a pas de dispositif permettant de sonner/se signaler devant l'entrée.,Oui,La porte d'entrée est de type : porte battante manuelle. Il n'y a pas de dispositif permettant de sonner/se signaler devant l'entrée. Le cabinet dispose d'un éclairage permanent ou par détection de présence.,Non,La porte d'entrée est de type : porte battante manuelle. Il n'y a pas de dispositif permettant de sonner/se signaler devant l'entrée.,Non,Le professionnel propose une préparation à la consultation (visite blanche). Une organisation particulière permet de réduire le temps d'attente lorsque cela est nécessaire. Des outils de communication simplifiés sont utilisés pour expliquer les actes.,Oui,Le professionnel propose une préparation à la consultation (visite blanche). Une organisation particulière permet de réduire le temps d'attente lorsque cela est nécessaire. Des outils de communication simplifiés sont utilisés pour expliquer les actes.,Oui,Le professionnel propose une préparation à la consultation (visite blanche). Une organisation particulière permet de réduire le temps d'attente lorsque cela est nécessaire. Des outils de communication simplifiés sont utilisés pour expliquer les actes.,Oui,,Non,Les sanitaires sont équipés de toilettes suspendues. Le professionnel ne possède pas de matériel adapté aux personnes en situation d'obésité. La table d'examen est adaptée jusqu'à 200 kg.,Non,anglais,"Le lieu de soin est à proximité d'un arrêt de transport en commun. Précision sur les transports en commun : Bis:arrêt musée des beaux arts/métro: Saint-Germain. Un parking est disponible à proximité. Le cabinet se trouve au 1er étage. Pas de présence de personnel à l'accueil. La prise de rendez-vous peut être faite de la façon suivante : mail (audrey.horvat@icloud.com), SMS (0699892189), site internet (https://www.rdvsagefemme.com/a/audrey-horvat). Le professionnel propose des consultations en télémédecine. Le cabinet dispose de matériel spécifique pour faciliter les soins aux personnes en situation de handicap (table de consultation à hauteur variable, matériel d'examen portatif…). Informations complémentaires concernant l'accessibilité du bâtiment ou des prestations spécifiques proposées : Portes coupes feu sans valet, à pousser manuellement , demande valet refusée par la copropriété. Il y a des places de stationnement PMR à proximité. La porte d'entrée est de type : porte battante manuelle. Il n'y a pas de dispositif permettant de sonner/se signaler devant l'entrée. Le cabinet dispose d'un guichet bas ou d'un bureau accessible en fauteuil roulant. Le professionnel ne peut pas réaliser la consultation ou les soins sur un fauteuil roulant. La réalisation de la consultation ou des soins nécessite le transfert du patient par lui-même. Le cabinet dispose d'un éclairage permanent ou par détection de présence. Le professionnel propose une préparation à la consultation (visite blanche). Une organisation particulière permet de réduire le temps d'attente lorsque cela est nécessaire. Des outils de communication simplifiés sont utilisés pour expliquer les actes. Les sanitaires sont équipés de toilettes suspendues. Le professionnel ne possède pas de matériel adapté aux personnes en situation d'obésité. La table d'examen est adaptée jusqu'à 200 kg. anglais"
12/11/2022,10100596534,1010918963,Charbonnel,Hoel,Médecin généraliste,1 Rue d’Armagnac,35000,Rennes,FR-BRE,Le lieu de soin est à proximité d'un arrêt de transport en commun. Précision sur les transports en commun : Bus arret Berry. Un parking est disponible à proximité. La prise de rendez-vous peut être faite de la façon suivante : site internet (https://www.keldoc.com/cabinet-medical/rennes-35000/maison-de-sante?specialty=8&cabinet=3837&category=-1). Le professionnel propose des consultations en télémédecine.,Il y a des places de stationnement PMR à proximité. L'ensemble du site est de plain-pied. La porte d'entrée est de type : porte battante manuelle. Le cabinet dispose d'un guichet bas ou d'un bureau accessible en fauteuil roulant. Des sanitaires accessibles sont à disposition du public.,Oui,Il y a des places de stationnement PMR à proximité. L'ensemble du site est de plain-pied. La porte d'entrée est de type : porte battante manuelle. Des sanitaires accessibles sont à disposition du public.,Oui,L'ensemble du site est de plain-pied. La porte d'entrée est de type : porte battante manuelle. Le cabinet dispose d'un éclairage permanent ou par détection de présence. Il y a des bandes de signalisation contrastées sur les portes vitrées.,Oui,L'ensemble du site est de plain-pied. La porte d'entrée est de type : porte battante manuelle.,Non,,Non,,Non,,Non,,Non,Les sanitaires sont équipés de toilettes suspendues. La table d'examen est adaptée jusqu'à 200 kg.,Non,anglais,Le lieu de soin est à proximité d'un arrêt de transport en commun. Précision sur les transports en commun : Bus arret Berry. Un parking est disponible à proximité. La prise de rendez-vous peut être faite de la façon suivante : site internet (https://www.keldoc.com/cabinet-medical/rennes-35000/maison-de-sante?specialty=8&cabinet=3837&category=-1). Le professionnel propose des consultations en télémédecine. Il y a des places de stationnement PMR à proximité. L'ensemble du site est de plain-pied. La porte d'entrée est de type : porte battante manuelle. Des sanitaires accessibles sont à disposition du public. Le cabinet dispose d'un guichet bas ou d'un bureau accessible en fauteuil roulant. Le cabinet dispose d'un éclairage permanent ou par détection de présence. Il y a des bandes de signalisation contrastées sur les portes vitrées. Les sanitaires sont équipés de toilettes suspendues. La table d'examen est adaptée jusqu'à 200 kg. anglais
15/10/2022,10002646841,1000215604,Le Hir-garreau,Isabelle,Dermatologue,1bis Rue Coulabin,35000,Rennes,FR-BRE,"Le lieu de soin est à proximité d'un arrêt de transport en commun. Précision sur les transports en commun : Bus Lignes C2,  C4, C6,  55 Arrêt le Mail/Chèques postaux    Métro Ligne B station Mabilais (7 mn à pied). Un parking est disponible à proximité. La prise de rendez-vous peut être faite de la façon suivante : mail (dermato.coulabin@hotmail.com), site internet (Doctolib). Le professionnel propose des consultations en télémédecine. Le cabinet dispose de matériel spécifique pour faciliter les soins aux personnes en situation de handicap (table de consultation à hauteur variable, matériel d'examen portatif…).",Il y a des places de stationnement PMR à proximité. L'ensemble du site est de plain-pied. Le cheminement extérieur présente une pente légère de plus de 2 mètres. La porte d'entrée est de type : porte coulissante automatique. L'entrée est équipée d'un bouton d'appel. Le cabinet dispose d'un guichet bas ou d'un bureau accessible en fauteuil roulant. Des sanitaires accessibles sont à disposition du public. Le professionnel peut réaliser la consultation ou les soins sur un fauteuil roulant.,Oui,Il y a des places de stationnement PMR à proximité. L'ensemble du site est de plain-pied. Le cheminement extérieur présente une pente légère de plus de 2 mètres. La porte d'entrée est de type : porte coulissante automatique. L'entrée est équipée d'un bouton d'appel. Des sanitaires accessibles sont à disposition du public.,Oui,L'ensemble du site est de plain-pied. La porte d'entrée est de type : porte coulissante automatique. L'entrée est équipée d'un bouton d'appel. Les interrupteurs ne sont pas lumineux ou contrastés par rapport à leur environnement. Présence de personnel à l'accueil. Il y a des bandes de signalisation contrastées sur les portes vitrées.,Oui,L'ensemble du site est de plain-pied. La porte d'entrée est de type : porte coulissante automatique. L'entrée est équipée d'un bouton d'appel. Présence de personnel à l'accueil.,Non,Présence de personnel à l'accueil.,Oui,Présence de personnel à l'accueil.,Oui,Présence de personnel à l'accueil.,Non,,Non,Les sanitaires sont équipés de toilettes suspendues. Le professionnel ne possède pas de matériel adapté aux personnes en situation d'obésité. La table d'examen est adaptée jusqu'à 200 kg.,Non,anglais,"Le lieu de soin est à proximité d'un arrêt de transport en commun. Précision sur les transports en commun : Bus Lignes C2,  C4, C6,  55 Arrêt le Mail/Chèques postaux    Métro Ligne B station Mabilais (7 mn à pied). Un parking est disponible à proximité. La prise de rendez-vous peut être faite de la façon suivante : mail (dermato.coulabin@hotmail.com), site internet (Doctolib). Le professionnel propose des consultations en télémédecine. Le cabinet dispose de matériel spécifique pour faciliter les soins aux personnes en situation de handicap (table de consultation à hauteur variable, matériel d'examen portatif…). Il y a des places de stationnement PMR à proximité. L'ensemble du site est de plain-pied. Le cheminement extérieur présente une pente légère de plus de 2 mètres. La porte d'entrée est de type : porte coulissante automatique. L'entrée est équipée d'un bouton d'appel. Des sanitaires accessibles sont à disposition du public. Le cabinet dispose d'un guichet bas ou d'un bureau accessible en fauteuil roulant. Le professionnel peut réaliser la consultation ou les soins sur un fauteuil roulant. Présence de personnel à l'accueil. Les interrupteurs ne sont pas lumineux ou contrastés par rapport à leur environnement. Il y a des bandes de signalisation contrastées sur les portes vitrées. Les sanitaires sont équipés de toilettes suspendues. Le professionnel ne possède pas de matériel adapté aux personnes en situation d'obésité. La table d'examen est adaptée jusqu'à 200 kg. anglais"
12/10/2022,10004044508,1011665762,Denys,Violaine,Neurologue,6 Boulevard de la Boutière,35760,Saint-Grégoire,FR-BRE,"Le lieu de soin est à proximité d'un arrêt de transport en commun. Un parking est disponible à proximité. La prise de rendez-vous peut être faite de la façon suivante : mail (doctolib), site internet (doctolib). Le professionnel propose des consultations en télémédecine. Le cabinet dispose de matériel spécifique pour faciliter les soins aux personnes en situation de handicap (table de consultation à hauteur variable, matériel d'examen portatif…).",Il y a des places de stationnement PMR à proximité. L'ensemble du site est de plain-pied. La porte d'entrée est de type : porte coulissante automatique. Le cabinet dispose d'un guichet bas ou d'un bureau accessible en fauteuil roulant. Des sanitaires accessibles sont à disposition du public. Le professionnel peut réaliser la consultation ou les soins sur un fauteuil roulant.,Oui,Il y a des places de stationnement PMR à proximité. L'ensemble du site est de plain-pied. La porte d'entrée est de type : porte coulissante automatique. Des sanitaires accessibles sont à disposition du public.,Oui,L'ensemble du site est de plain-pied. La porte d'entrée est de type : porte coulissante automatique. Le cabinet dispose d'un éclairage permanent ou par détection de présence. Présence de personnel à l'accueil. Il y a des bandes de signalisation contrastées sur les portes vitrées.,Oui,L'ensemble du site est de plain-pied. La porte d'entrée est de type : porte coulissante automatique. Présence de personnel à l'accueil.,Non,Présence de personnel à l'accueil. La signalétique utilise des pictogrammes. Une organisation particulière permet de réduire le temps d'attente lorsque cela est nécessaire.,Oui,Présence de personnel à l'accueil. Une organisation particulière permet de réduire le temps d'attente lorsque cela est nécessaire.,Oui,Présence de personnel à l'accueil. La signalétique utilise des pictogrammes. Une organisation particulière permet de réduire le temps d'attente lorsque cela est nécessaire.,Oui,,Non,Le professionnel possède du matériel d'auscultation adapté aux personnes en situation d'obésité. La table d'examen est adaptée jusqu'à 200 kg. Les brancards|fauteuils roulants sont adaptés jusqu'à 200 kg.,Oui,anglais,"Le lieu de soin est à proximité d'un arrêt de transport en commun. Un parking est disponible à proximité. La prise de rendez-vous peut être faite de la façon suivante : mail (doctolib), site internet (doctolib). Le professionnel propose des consultations en télémédecine. Le cabinet dispose de matériel spécifique pour faciliter les soins aux personnes en situation de handicap (table de consultation à hauteur variable, matériel d'examen portatif…). Il y a des places de stationnement PMR à proximité. L'ensemble du site est de plain-pied. La porte d'entrée est de type : porte coulissante automatique. Des sanitaires accessibles sont à disposition du public. Le cabinet dispose d'un guichet bas ou d'un bureau accessible en fauteuil roulant. Le professionnel peut réaliser la consultation ou les soins sur un fauteuil roulant. Présence de personnel à l'accueil. Le cabinet dispose d'un éclairage permanent ou par détection de présence. Il y a des bandes de signalisation contrastées sur les portes vitrées. La signalétique utilise des pictogrammes. Une organisation particulière permet de réduire le temps d'attente lorsque cela est nécessaire. Le professionnel possède du matériel d'auscultation adapté aux personnes en situation d'obésité. La table d'examen est adaptée jusqu'à 200 kg. Les brancards|fauteuils roulants sont adaptés jusqu'à 200 kg. anglais"
08/10/2022,10102774758,1013044137,Caille,Corinne,Infirmier,172 Rue de Fougères,35700,Rennes,FR-BRE,"Le lieu de soin est à proximité d'un arrêt de transport en commun. Il n'y a pas de stationnement à moins de 200 m du lieu de soin. La prise de rendez-vous peut être faite de la façon suivante : mail (Infirmiereavelo@gmail.com), SMS (0981034719). Le professionnel effectue des consultations à domicile. Le professionnel propose des consultations en télémédecine.",La porte d'entrée est de type : porte battante automatique. L'entrée est équipée d'un visiophone. La porte d'entrée fait 90cm de large ou plus. Le praticien possède une expérience particulière ou est formé à la prise en charge du handicap moteur. Des sanitaires accessibles sont à disposition du public. Le professionnel effectue des consultations à domicile. Le professionnel peut réaliser la consultation ou les soins sur un fauteuil roulant.,Oui,La porte d'entrée est de type : porte battante automatique. L'entrée est équipée d'un visiophone. Le praticien possède une expérience particulière ou est formé à la prise en charge du handicap moteur. Des sanitaires accessibles sont à disposition du public. Le professionnel effectue des consultations à domicile.,Oui,La porte d'entrée est de type : porte battante automatique. L'entrée est équipée d'un visiophone. La porte vitrée ne possède aucun élément contrasté pour la repérer. Le cabinet dispose d'un éclairage permanent ou par détection de présence. Le praticien possède une expérience particulière ou est formé à la prise en charge du handicap visuel. Le professionnel effectue des consultations à domicile.,Oui,La porte d'entrée est de type : porte battante automatique. L'entrée est équipée d'un visiophone. Le praticien possède une expérience particulière ou est formé à la prise en charge du handicap visuel. Le professionnel effectue des consultations à domicile.,Oui,Il n'y a pas de stationnement à moins de 200 m du lieu de soin. La signalétique utilise des pictogrammes. Le praticien possède une expérience particulière ou est formé à la prise en charge du handicap mental. Le professionnel effectue des consultations à domicile. Le professionnel propose une préparation à la consultation (visite blanche). Une organisation particulière permet de réduire le temps d'attente lorsque cela est nécessaire. Des outils de communication simplifiés sont utilisés pour expliquer les actes.,Oui,Le praticien possède une expérience particulière ou est formé à la prise en charge des handicaps psychiques. Le professionnel effectue des consultations à domicile. Le professionnel propose une préparation à la consultation (visite blanche). Une organisation particulière permet de réduire le temps d'attente lorsque cela est nécessaire. Des outils de communication simplifiés sont utilisés pour expliquer les actes.,Oui,La signalétique utilise des pictogrammes. Le praticien possède une expérience particulière ou est formé à la prise en charge des TSA. Le professionnel effectue des consultations à domicile. Le professionnel propose une préparation à la consultation (visite blanche). Une organisation particulière permet de réduire le temps d'attente lorsque cela est nécessaire. Des outils de communication simplifiés sont utilisés pour expliquer les actes.,Oui,Le praticien possède une expérience particulière ou est formé à la prise en charge du handicap auditif. Un professionnel pratique la langue des signes.,Oui,Le professionnel effectue des consultations à domicile. Le professionnel ne possède pas de matériel adapté aux personnes en situation d'obésité.,Non,,"Le lieu de soin est à proximité d'un arrêt de transport en commun. Il n'y a pas de stationnement à moins de 200 m du lieu de soin. La prise de rendez-vous peut être faite de la façon suivante : mail (Infirmiereavelo@gmail.com), SMS (0981034719). Le professionnel effectue des consultations à domicile. Le professionnel propose des consultations en télémédecine. La signalétique utilise des pictogrammes. Le praticien possède une expérience particulière ou est formé à la prise en charge du handicap mental. Le professionnel propose une préparation à la consultation (visite blanche). Une organisation particulière permet de réduire le temps d'attente lorsque cela est nécessaire. Des outils de communication simplifiés sont utilisés pour expliquer les actes. La porte d'entrée est de type : porte battante automatique. L'entrée est équipée d'un visiophone. Le praticien possède une expérience particulière ou est formé à la prise en charge du handicap visuel. Le praticien possède une expérience particulière ou est formé à la prise en charge du handicap moteur. Des sanitaires accessibles sont à disposition du public. La porte d'entrée fait 90cm de large ou plus. Le professionnel peut réaliser la consultation ou les soins sur un fauteuil roulant. La porte vitrée ne possède aucun élément contrasté pour la repérer. Le cabinet dispose d'un éclairage permanent ou par détection de présence. Le praticien possède une expérience particulière ou est formé à la prise en charge des TSA. Le praticien possède une expérience particulière ou est formé à la prise en charge des handicaps psychiques. Le praticien possède une expérience particulière ou est formé à la prise en charge du handicap auditif. Un professionnel pratique la langue des signes. Le professionnel ne possède pas de matériel adapté aux personnes en situation d'obésité."
07/10/2022,10102779807,1011932602,Poirier,Frederic,Infirmier,1 Place du Granier,35135,Chantepie,FR-BRE,"Le lieu de soin est à proximité d'un arrêt de transport en commun. Précision sur les transports en commun : Ligne C1 ou 13 - Arrêt Mairie. Un parking est disponible à proximité. La prise de rendez-vous peut être faite de la façon suivante : mail (35135infirmier@gmail.com), SMS (0604070433), site internet (35135infirmier.fr). Le professionnel effectue des consultations à domicile. Le cabinet dispose de matériel spécifique pour faciliter les soins aux personnes en situation de handicap (table de consultation à hauteur variable, matériel d'examen portatif…).","Il y a des places de stationnement PMR à proximité. L'ensemble du site est de plain-pied. L'accès à l'entrée se fait par un cheminement extérieur pouvant présenter certaines difficultés. Le cheminement extérieur présente une pente légère de 0,5 à 2 mètres. La porte d'entrée est de type : porte battante manuelle. L'entrée est équipée d'un bouton d'appel. La porte d'entrée fait 90cm de large ou plus. Le praticien possède une expérience particulière ou est formé à la prise en charge du handicap moteur. Des sanitaires accessibles sont à disposition du public. Le professionnel effectue des consultations à domicile. Le professionnel peut réaliser la consultation ou les soins sur un fauteuil roulant.",Oui,"Il y a des places de stationnement PMR à proximité. L'ensemble du site est de plain-pied. Le cheminement extérieur présente une pente légère de 0,5 à 2 mètres. La porte d'entrée est de type : porte battante manuelle. L'entrée est équipée d'un bouton d'appel. Le praticien possède une expérience particulière ou est formé à la prise en charge du handicap moteur. Des sanitaires accessibles sont à disposition du public. Le professionnel effectue des consultations à domicile.",Oui,L'ensemble du site est de plain-pied. La porte d'entrée est de type : porte battante manuelle. L'entrée est équipée d'un bouton d'appel. La zone d'accueil n'est pas visible depuis l'entrée. Le cabinet dispose d'un éclairage permanent ou par détection de présence. Il n'y a pas de bandes de signalisation contrastées sur les portes vitrées. Le praticien possède une expérience particulière ou est formé à la prise en charge du handicap visuel. Le professionnel effectue des consultations à domicile.,Oui,L'ensemble du site est de plain-pied. Aucune information n'a été renseignée sur les touches de l'ascenseur situé avant le bâtiment hébergeant le cabinet. La porte d'entrée est de type : porte battante manuelle. L'entrée est équipée d'un bouton d'appel. Le praticien possède une expérience particulière ou est formé à la prise en charge du handicap visuel. Le professionnel effectue des consultations à domicile.,Oui,La zone d'accueil n'est pas visible depuis l'entrée. La signalétique utilise des pictogrammes. Le praticien possède une expérience particulière ou est formé à la prise en charge du handicap mental. Le professionnel effectue des consultations à domicile.,Oui,La zone d'accueil n'est pas visible depuis l'entrée. Le praticien possède une expérience particulière ou est formé à la prise en charge des handicaps psychiques. Le professionnel effectue des consultations à domicile.,Oui,La signalétique utilise des pictogrammes. Le praticien possède une expérience particulière ou est formé à la prise en charge des TSA. Le professionnel effectue des consultations à domicile.,Oui,Le praticien possède une expérience particulière ou est formé à la prise en charge du handicap auditif.,Oui,Le professionnel effectue des consultations à domicile. Le professionnel possède du matériel d'auscultation adapté aux personnes en situation d'obésité. La table d'examen est adaptée jusqu'à 200 kg. Les brancards|fauteuils roulants sont adaptés jusqu'à 200 kg.,Oui,"anglais,espagnol, castillan","Le lieu de soin est à proximité d'un arrêt de transport en commun. Précision sur les transports en commun : Ligne C1 ou 13 - Arrêt Mairie. Un parking est disponible à proximité. La prise de rendez-vous peut être faite de la façon suivante : mail (35135infirmier@gmail.com), SMS (0604070433), site internet (35135infirmier.fr). Le professionnel effectue des consultations à domicile. Le cabinet dispose de matériel spécifique pour faciliter les soins aux personnes en situation de handicap (table de consultation à hauteur variable, matériel d'examen portatif…). Il y a des places de stationnement PMR à proximité. L'ensemble du site est de plain-pied. Le cheminement extérieur présente une pente légère de 0,5 à 2 mètres. La porte d'entrée est de type : porte battante manuelle. L'entrée est équipée d'un bouton d'appel. Le praticien possède une expérience particulière ou est formé à la prise en charge du handicap moteur. Des sanitaires accessibles sont à disposition du public. L'accès à l'entrée se fait par un cheminement extérieur pouvant présenter certaines difficultés. La porte d'entrée fait 90cm de large ou plus. Le professionnel peut réaliser la consultation ou les soins sur un fauteuil roulant. Aucune information n'a été renseignée sur les touches de l'ascenseur situé avant le bâtiment hébergeant le cabinet. Le praticien possède une expérience particulière ou est formé à la prise en charge du handicap visuel. La zone d'accueil n'est pas visible depuis l'entrée. Le cabinet dispose d'un éclairage permanent ou par détection de présence. Il n'y a pas de bandes de signalisation contrastées sur les portes vitrées. La signalétique utilise des pictogrammes. Le praticien possède une expérience particulière ou est formé à la prise en charge du handicap mental. Le praticien possède une expérience particulière ou est formé à la prise en charge des handicaps psychiques. Le praticien possède une expérience particulière ou est formé à la prise en charge des TSA. Le praticien possède une expérience particulière ou est formé à la prise en charge du handicap auditif. Le professionnel possède du matériel d'auscultation adapté aux personnes en situation d'obésité. La table d'examen est adaptée jusqu'à 200 kg. Les brancards|fauteuils roulants sont adaptés jusqu'à 200 kg. anglais,espagnol, castillan"
07/10/2022,10100952547,1012741819,Dindeleux,Helene,Sage-Femme,19 Rue Gabriel Germain,35000,Rennes,FR-BRE,"La prise de rendez-vous peut être faite de la façon suivante : mail (helene.dindeleux.sf@gmail.com), SMS (0622311180), site internet (https://www.doctolib.fr/sage-femme/rennes/helene-dindeleux-rennes), visiophonie (via doctolib), plateforme langue des signes (non). Le professionnel effectue des consultations à domicile. Le professionnel propose des consultations en télémédecine.",Le professionnel effectue des consultations à domicile. Le professionnel peut réaliser la consultation ou les soins sur un fauteuil roulant.,Oui,Le professionnel effectue des consultations à domicile.,Oui,Le professionnel effectue des consultations à domicile.,Non,Le professionnel effectue des consultations à domicile.,Non,Le professionnel effectue des consultations à domicile. Une organisation particulière permet de réduire le temps d'attente lorsque cela est nécessaire.,Oui,Le professionnel effectue des consultations à domicile. Une organisation particulière permet de réduire le temps d'attente lorsque cela est nécessaire.,Oui,Le professionnel effectue des consultations à domicile. Une organisation particulière permet de réduire le temps d'attente lorsque cela est nécessaire.,Oui,,Non,Le professionnel effectue des consultations à domicile. Le professionnel ne possède pas de matériel adapté aux personnes en situation d'obésité. La table d'examen peut recevoir plus de 200 kg.,Non,"allemand,anglais","La prise de rendez-vous peut être faite de la façon suivante : mail (helene.dindeleux.sf@gmail.com), SMS (0622311180), site internet (https://www.doctolib.fr/sage-femme/rennes/helene-dindeleux-rennes), visiophonie (via doctolib), plateforme langue des signes (non). Le professionnel effectue des consultations à domicile. Le professionnel propose des consultations en télémédecine. Une organisation particulière permet de réduire le temps d'attente lorsque cela est nécessaire. Le professionnel peut réaliser la consultation ou les soins sur un fauteuil roulant. Le professionnel ne possède pas de matériel adapté aux personnes en situation d'obésité. La table d'examen peut recevoir plus de 200 kg. allemand,anglais"
07/10/2022,10000919109,1013359733,Fouere,Philippe,Chirurgien-dentiste,39 Avenue Georges-Henri Rivière,35000,Rennes,FR-BRE,Le lieu de soin est à proximité d'un arrêt de transport en commun. Précision sur les transports en commun : star ligne C1 arrêt domaine. Un parking est disponible à proximité. Pas de présence de personnel à l'accueil.,L'ensemble du site est de plain-pied. L'accès à l'entrée se fait par un cheminement extérieur pouvant présenter certaines difficultés. Le cheminement extérieur présente une pente légère de plus de 2 mètres. La porte d'entrée est de type : manuelle. L'entrée est équipée d'un bouton d'appel. Il y a des sanitaires mis à disposition du public mais qui ne sont pas aux normes d'accessibilité. Le professionnel ne peut pas réaliser la consultation ou les soins sur un fauteuil roulant. Une aide technique ou humaine est possible pour le transfert du patient.,Oui,L'ensemble du site est de plain-pied. Le cheminement extérieur présente une pente légère de plus de 2 mètres. La porte d'entrée est de type : manuelle. L'entrée est équipée d'un bouton d'appel. Il y a des sanitaires mis à disposition du public mais qui ne sont pas aux normes d'accessibilité.,Non,L'ensemble du site est de plain-pied. Les abords du cabinet ne sont pas éclairés la nuit. La porte d'entrée est de type : manuelle. L'entrée est équipée d'un bouton d'appel. Le cabinet dispose d'un éclairage permanent ou par détection de présence. Il y a des bandes de signalisation contrastées sur les portes vitrées.,Oui,L'ensemble du site est de plain-pied. La porte d'entrée est de type : manuelle. L'entrée est équipée d'un bouton d'appel.,Non,Les abords du cabinet ne sont pas éclairés la nuit. La signalétique utilise des pictogrammes. La prise de rendez-vous ne peut être faite que par téléphone. Une organisation particulière permet de réduire le temps d'attente lorsque cela est nécessaire.,Oui,Les abords du cabinet ne sont pas éclairés la nuit. La prise de rendez-vous ne peut être faite que par téléphone. Une organisation particulière permet de réduire le temps d'attente lorsque cela est nécessaire.,Oui,La signalétique utilise des pictogrammes. La prise de rendez-vous ne peut être faite que par téléphone. Une organisation particulière permet de réduire le temps d'attente lorsque cela est nécessaire.,Oui,La prise de rendez-vous ne peut être faite que par téléphone.,Non,Le professionnel ne possède pas de matériel adapté aux personnes en situation d'obésité.,Non,,Le lieu de soin est à proximité d'un arrêt de transport en commun. Précision sur les transports en commun : star ligne C1 arrêt domaine. Un parking est disponible à proximité. Pas de présence de personnel à l'accueil. L'ensemble du site est de plain-pied. La porte d'entrée est de type : manuelle. L'entrée est équipée d'un bouton d'appel. Le cheminement extérieur présente une pente légère de plus de 2 mètres. Il y a des sanitaires mis à disposition du public mais qui ne sont pas aux normes d'accessibilité. L'accès à l'entrée se fait par un cheminement extérieur pouvant présenter certaines difficultés. Le professionnel ne peut pas réaliser la consultation ou les soins sur un fauteuil roulant. Une aide technique ou humaine est possible pour le transfert du patient. Les abords du cabinet ne sont pas éclairés la nuit. Le cabinet dispose d'un éclairage permanent ou par détection de présence. Il y a des bandes de signalisation contrastées sur les portes vitrées. La signalétique utilise des pictogrammes. La prise de rendez-vous ne peut être faite que par téléphone. Une organisation particulière permet de réduire le temps d'attente lorsque cela est nécessaire. Le professionnel ne possède pas de matériel adapté aux personnes en situation d'obésité.
06/10/2022,10106349144,1012564584,Froger,Anne-Sophie,Infirmier,314 Rue de Nantes,35136,Saint-Jacques-de-la-Lande,FR-BRE,"Le lieu de soin est à proximité d'un arrêt de transport en commun. Un parking est disponible à proximité. Le professionnel effectue des consultations à domicile. Informations complémentaires concernant l'accessibilité du bâtiment ou des prestations spécifiques proposées : rdc, cellule adaptée aux normes handicapées.",Il y a des places de stationnement PMR à proximité. La porte d'entrée est de type : porte battante manuelle. Il n'y a pas de dispositif permettant de sonner/se signaler devant l'entrée. Le cabinet dispose d'un guichet bas ou d'un bureau accessible en fauteuil roulant. Possibilité d'une présence ou d'une aide humaine au déplacement. Des sanitaires accessibles sont à disposition du public. Le professionnel effectue des consultations à domicile. Le professionnel peut réaliser la consultation ou les soins sur un fauteuil roulant.,Oui,Il y a des places de stationnement PMR à proximité. La porte d'entrée est de type : porte battante manuelle. Il n'y a pas de dispositif permettant de sonner/se signaler devant l'entrée. Possibilité d'une présence ou d'une aide humaine au déplacement. Des sanitaires accessibles sont à disposition du public. Le professionnel effectue des consultations à domicile.,Oui,La porte d'entrée est de type : porte battante manuelle. Il n'y a pas de dispositif permettant de sonner/se signaler devant l'entrée. Le cabinet dispose d'un éclairage permanent ou par détection de présence. Présence de personnel à l'accueil. Possibilité d'une présence ou d'une aide humaine au déplacement. Il y a des bandes de signalisation contrastées sur les portes vitrées. Le professionnel effectue des consultations à domicile.,Oui,La porte d'entrée est de type : porte battante manuelle. Il n'y a pas de dispositif permettant de sonner/se signaler devant l'entrée. Présence de personnel à l'accueil. Possibilité d'une présence ou d'une aide humaine au déplacement. Le professionnel effectue des consultations à domicile.,Non,Présence de personnel à l'accueil. La signalétique utilise des pictogrammes. La prise de rendez-vous ne peut être faite que par téléphone. Le professionnel effectue des consultations à domicile. Des outils de communication simplifiés sont utilisés pour expliquer les actes.,Oui,Présence de personnel à l'accueil. La prise de rendez-vous ne peut être faite que par téléphone. Le professionnel effectue des consultations à domicile. Des outils de communication simplifiés sont utilisés pour expliquer les actes.,Oui,Présence de personnel à l'accueil. La signalétique utilise des pictogrammes. La prise de rendez-vous ne peut être faite que par téléphone. Le professionnel effectue des consultations à domicile. Des outils de communication simplifiés sont utilisés pour expliquer les actes.,Oui,La prise de rendez-vous ne peut être faite que par téléphone.,Non,Les sanitaires sont équipés de toilettes suspendues. Le professionnel effectue des consultations à domicile. Le professionnel ne possède pas de matériel adapté aux personnes en situation d'obésité. La table d'examen est adaptée jusqu'à 200 kg.,Non,anglais,"Le lieu de soin est à proximité d'un arrêt de transport en commun. Un parking est disponible à proximité. Le professionnel effectue des consultations à domicile. Informations complémentaires concernant l'accessibilité du bâtiment ou des prestations spécifiques proposées : rdc, cellule adaptée aux normes handicapées. Il y a des places de stationnement PMR à proximité. La porte d'entrée est de type : porte battante manuelle. Il n'y a pas de dispositif permettant de sonner/se signaler devant l'entrée. Possibilité d'une présence ou d'une aide humaine au déplacement. Des sanitaires accessibles sont à disposition du public. Le cabinet dispose d'un guichet bas ou d'un bureau accessible en fauteuil roulant. Le professionnel peut réaliser la consultation ou les soins sur un fauteuil roulant. Présence de personnel à l'accueil. Le cabinet dispose d'un éclairage permanent ou par détection de présence. Il y a des bandes de signalisation contrastées sur les portes vitrées. La signalétique utilise des pictogrammes. La prise de rendez-vous ne peut être faite que par téléphone. Des outils de communication simplifiés sont utilisés pour expliquer les actes. Les sanitaires sont équipés de toilettes suspendues. Le professionnel ne possède pas de matériel adapté aux personnes en situation d'obésité. La table d'examen est adaptée jusqu'à 200 kg. anglais"
06/10/2022,10106400707,1013749244,Rouille,Jean-Francois,Infirmier,20 Rue Ange Blaize,35000,Rennes,FR-BRE,"La prise de rendez-vous peut être faite de la façon suivante : mail (contact@les-infirmiers-rennais.fr), SMS (0632933096), site internet (https://www.les-infirmiers-rennais.fr/), visiophonie (https://www.doctolib.fr/cabinet-paramedical/rennes/les-infirmiers-rennais-rennes/booking/motives?placeId=practice-270929&profile_skipped=true&specialityId=30&telehealth=false), plateforme langue des signes (https://www.doctolib.fr/cabinet-paramedical/rennes/les-infirmiers-rennais-rennes/booking/motives?placeId=practice-270929&profile_skipped=true&specialityId=30&telehealth=false). Le professionnel effectue des consultations à domicile. Le professionnel propose des consultations en télémédecine. Le cabinet dispose de matériel spécifique pour faciliter les soins aux personnes en situation de handicap (table de consultation à hauteur variable, matériel d'examen portatif…). Informations complémentaires concernant l'accessibilité du bâtiment ou des prestations spécifiques proposées : rdc avec une marche.",Le praticien possède une expérience particulière ou est formé à la prise en charge du handicap moteur. Le professionnel effectue des consultations à domicile. Le professionnel peut réaliser la consultation ou les soins sur un fauteuil roulant.,Oui,Le praticien possède une expérience particulière ou est formé à la prise en charge du handicap moteur. Le professionnel effectue des consultations à domicile.,Oui,Le praticien possède une expérience particulière ou est formé à la prise en charge du handicap visuel. Le professionnel effectue des consultations à domicile.,Oui,Le praticien possède une expérience particulière ou est formé à la prise en charge du handicap visuel. Le professionnel effectue des consultations à domicile.,Oui,Le praticien possède une expérience particulière ou est formé à la prise en charge du handicap mental. Le professionnel effectue des consultations à domicile.,Oui,Le praticien possède une expérience particulière ou est formé à la prise en charge des handicaps psychiques. Le professionnel effectue des consultations à domicile.,Oui,Le professionnel effectue des consultations à domicile.,Non,Le praticien possède une expérience particulière ou est formé à la prise en charge du handicap auditif.,Oui,Le professionnel effectue des consultations à domicile. Le professionnel ne possède pas de matériel adapté aux personnes en situation d'obésité. La table d'examen peut recevoir plus de 200 kg.,Non,"anglais,espagnol, castillan","Le praticien possède une expérience particulière ou est formé à la prise en charge du handicap mental. Le professionnel effectue des consultations à domicile. Le praticien possède une expérience particulière ou est formé à la prise en charge du handicap visuel. Le praticien possède une expérience particulière ou est formé à la prise en charge des handicaps psychiques. Le praticien possède une expérience particulière ou est formé à la prise en charge du handicap moteur. Le professionnel peut réaliser la consultation ou les soins sur un fauteuil roulant. Le praticien possède une expérience particulière ou est formé à la prise en charge du handicap auditif. La prise de rendez-vous peut être faite de la façon suivante : mail (contact@les-infirmiers-rennais.fr), SMS (0632933096), site internet (https://www.les-infirmiers-rennais.fr/), visiophonie (https://www.doctolib.fr/cabinet-paramedical/rennes/les-infirmiers-rennais-rennes/booking/motives?placeId=practice-270929&profile_skipped=true&specialityId=30&telehealth=false), plateforme langue des signes (https://www.doctolib.fr/cabinet-paramedical/rennes/les-infirmiers-rennais-rennes/booking/motives?placeId=practice-270929&profile_skipped=true&specialityId=30&telehealth=false). Le professionnel propose des consultations en télémédecine. Le cabinet dispose de matériel spécifique pour faciliter les soins aux personnes en situation de handicap (table de consultation à hauteur variable, matériel d'examen portatif…). Informations complémentaires concernant l'accessibilité du bâtiment ou des prestations spécifiques proposées : rdc avec une marche. Le professionnel ne possède pas de matériel adapté aux personnes en situation d'obésité. La table d'examen peut recevoir plus de 200 kg. anglais,espagnol, castillan"
06/10/2022,10005141014,1013341957,Pflieger,Cecile,Chirurgien-dentiste,9 Rue les Temps Modernes,35250,Chevaigné,FR-BRE,"Le lieu de soin est à proximité d'un arrêt de transport en commun. Précision sur les transports en commun : Bus Star Rennes metropole, Gare SNCF. Un parking est disponible à proximité. La prise de rendez-vous peut être faite de la façon suivante : mail (dentistececile@gmail.com), site internet (https://www.doctolib.fr/dentiste/chevaigne/cecile-pflieger). Informations complémentaires concernant l'accessibilité du bâtiment ou des prestations spécifiques proposées : Cabinet dentaire pédiatrique exclusivement.",Il y a des places de stationnement PMR à proximité. L'ensemble du site est de plain-pied. La porte d'entrée est de type : porte battante manuelle. Il n'y a pas de dispositif permettant de sonner/se signaler devant l'entrée. La porte d'entrée fait 90cm de large ou plus. Le cabinet dispose d'un guichet bas ou d'un bureau accessible en fauteuil roulant. Possibilité d'une présence ou d'une aide humaine au déplacement. Des sanitaires accessibles sont à disposition du public. Le professionnel ne peut pas réaliser la consultation ou les soins sur un fauteuil roulant. Une aide technique ou humaine est possible pour le transfert du patient.,Oui,Il y a des places de stationnement PMR à proximité. L'ensemble du site est de plain-pied. La porte d'entrée est de type : porte battante manuelle. Il n'y a pas de dispositif permettant de sonner/se signaler devant l'entrée. Possibilité d'une présence ou d'une aide humaine au déplacement. Des sanitaires accessibles sont à disposition du public.,Oui,L'ensemble du site est de plain-pied. Le repérage de l'entrée de l'établissement peut s'avérer délicat. La porte d'entrée est de type : porte battante manuelle. Il n'y a pas de dispositif permettant de sonner/se signaler devant l'entrée. Le cabinet dispose d'un éclairage permanent ou par détection de présence. Présence de personnel à l'accueil. Possibilité d'une présence ou d'une aide humaine au déplacement. Il y a des bandes de signalisation contrastées sur les portes vitrées.,Oui,L'ensemble du site est de plain-pied. La porte d'entrée est de type : porte battante manuelle. Il n'y a pas de dispositif permettant de sonner/se signaler devant l'entrée. Présence de personnel à l'accueil. Possibilité d'une présence ou d'une aide humaine au déplacement.,Non,Le repérage de l'entrée de l'établissement peut s'avérer délicat. Présence de personnel à l'accueil. La signalétique utilise des pictogrammes. Le professionnel propose une préparation à la consultation (visite blanche). Une organisation particulière permet de réduire le temps d'attente lorsque cela est nécessaire. Des outils de communication simplifiés sont utilisés pour expliquer les actes.,Oui,Le repérage de l'entrée de l'établissement peut s'avérer délicat. Présence de personnel à l'accueil. Le professionnel propose une préparation à la consultation (visite blanche). Une organisation particulière permet de réduire le temps d'attente lorsque cela est nécessaire. Des outils de communication simplifiés sont utilisés pour expliquer les actes.,Oui,Le repérage de l'entrée de l'établissement peut s'avérer délicat. Présence de personnel à l'accueil. La signalétique utilise des pictogrammes. Le praticien possède une expérience particulière ou est formé à la prise en charge des TSA. Le professionnel propose une préparation à la consultation (visite blanche). Une organisation particulière permet de réduire le temps d'attente lorsque cela est nécessaire. Des outils de communication simplifiés sont utilisés pour expliquer les actes.,Oui,Le praticien possède une expérience particulière ou est formé à la prise en charge du handicap auditif.,Oui,Les sanitaires sont équipés de toilettes suspendues. Le professionnel ne possède pas de matériel adapté aux personnes en situation d'obésité. La table d'examen ne permet pas de recevoir une personne en situation d'obésité. L'utilisation des brancards et/ou de fauteuils roulants ne sont pas adaptés aux personnes en situation d'obésité.,Non,,"Le lieu de soin est à proximité d'un arrêt de transport en commun. Précision sur les transports en commun : Bus Star Rennes metropole, Gare SNCF. Un parking est disponible à proximité. La prise de rendez-vous peut être faite de la façon suivante : mail (dentistececile@gmail.com), site internet (https://www.doctolib.fr/dentiste/chevaigne/cecile-pflieger). Informations complémentaires concernant l'accessibilité du bâtiment ou des prestations spécifiques proposées : Cabinet dentaire pédiatrique exclusivement. Il y a des places de stationnement PMR à proximité. L'ensemble du site est de plain-pied. La porte d'entrée est de type : porte battante manuelle. Il n'y a pas de dispositif permettant de sonner/se signaler devant l'entrée. Possibilité d'une présence ou d'une aide humaine au déplacement. Des sanitaires accessibles sont à disposition du public. La porte d'entrée fait 90cm de large ou plus. Le cabinet dispose d'un guichet bas ou d'un bureau accessible en fauteuil roulant. Le professionnel ne peut pas réaliser la consultation ou les soins sur un fauteuil roulant. Une aide technique ou humaine est possible pour le transfert du patient. Présence de personnel à l'accueil. Le repérage de l'entrée de l'établissement peut s'avérer délicat. Le cabinet dispose d'un éclairage permanent ou par détection de présence. Il y a des bandes de signalisation contrastées sur les portes vitrées. La signalétique utilise des pictogrammes. Le professionnel propose une préparation à la consultation (visite blanche). Une organisation particulière permet de réduire le temps d'attente lorsque cela est nécessaire. Des outils de communication simplifiés sont utilisés pour expliquer les actes. Le praticien possède une expérience particulière ou est formé à la prise en charge des TSA. Le praticien possède une expérience particulière ou est formé à la prise en charge du handicap auditif. Les sanitaires sont équipés de toilettes suspendues. Le professionnel ne possède pas de matériel adapté aux personnes en situation d'obésité. La table d'examen ne permet pas de recevoir une personne en situation d'obésité. L'utilisation des brancards et/ou de fauteuils roulants ne sont pas adaptés aux personnes en situation d'obésité."
06/10/2022,10107149477,1012482927,Grau,Gregoire,Infirmier,1 Rue Robert Duvivier,35000,Rennes,FR-BRE,"La prise de rendez-vous peut être faite de la façon suivante : mail (infirmiers.beauregard@telesantebretagne.org), SMS (0695836511), site internet (MEDICALIB). Le professionnel effectue des consultations à domicile. Informations complémentaires concernant l'accessibilité du bâtiment ou des prestations spécifiques proposées : Etablissement accécible au PMR.",Le praticien possède une expérience particulière ou est formé à la prise en charge du handicap moteur. Le professionnel effectue des consultations à domicile. Le professionnel peut réaliser la consultation ou les soins sur un fauteuil roulant.,Oui,Le praticien possède une expérience particulière ou est formé à la prise en charge du handicap moteur. Le professionnel effectue des consultations à domicile.,Oui,Le praticien possède une expérience particulière ou est formé à la prise en charge du handicap visuel. Le professionnel effectue des consultations à domicile.,Oui,Le praticien possède une expérience particulière ou est formé à la prise en charge du handicap visuel. Le professionnel effectue des consultations à domicile.,Oui,Le praticien possède une expérience particulière ou est formé à la prise en charge du handicap mental. Le professionnel effectue des consultations à domicile. Le professionnel propose une préparation à la consultation (visite blanche). Une organisation particulière permet de réduire le temps d'attente lorsque cela est nécessaire. Des outils de communication simplifiés sont utilisés pour expliquer les actes.,Oui,Le praticien possède une expérience particulière ou est formé à la prise en charge des handicaps psychiques. Le professionnel effectue des consultations à domicile. Le professionnel propose une préparation à la consultation (visite blanche). Une organisation particulière permet de réduire le temps d'attente lorsque cela est nécessaire. Des outils de communication simplifiés sont utilisés pour expliquer les actes.,Oui,Le praticien possède une expérience particulière ou est formé à la prise en charge des TSA. Le professionnel effectue des consultations à domicile. Le professionnel propose une préparation à la consultation (visite blanche). Une organisation particulière permet de réduire le temps d'attente lorsque cela est nécessaire. Des outils de communication simplifiés sont utilisés pour expliquer les actes.,Oui,Le praticien possède une expérience particulière ou est formé à la prise en charge du handicap auditif.,Oui,Le professionnel effectue des consultations à domicile. Le professionnel ne possède pas de matériel adapté aux personnes en situation d'obésité. La table d'examen ne permet pas de recevoir une personne en situation d'obésité.,Non,"espagnol, castillan,anglais","Le praticien possède une expérience particulière ou est formé à la prise en charge du handicap mental. Le professionnel effectue des consultations à domicile. Le professionnel propose une préparation à la consultation (visite blanche). Une organisation particulière permet de réduire le temps d'attente lorsque cela est nécessaire. Des outils de communication simplifiés sont utilisés pour expliquer les actes. Le praticien possède une expérience particulière ou est formé à la prise en charge du handicap visuel. Le praticien possède une expérience particulière ou est formé à la prise en charge des handicaps psychiques. Le praticien possède une expérience particulière ou est formé à la prise en charge des TSA. Le praticien possède une expérience particulière ou est formé à la prise en charge du handicap moteur. Le professionnel peut réaliser la consultation ou les soins sur un fauteuil roulant. Le praticien possède une expérience particulière ou est formé à la prise en charge du handicap auditif. La prise de rendez-vous peut être faite de la façon suivante : mail (infirmiers.beauregard@telesantebretagne.org), SMS (0695836511), site internet (MEDICALIB). Informations complémentaires concernant l'accessibilité du bâtiment ou des prestations spécifiques proposées : Etablissement accécible au PMR. Le professionnel ne possède pas de matériel adapté aux personnes en situation d'obésité. La table d'examen ne permet pas de recevoir une personne en situation d'obésité. espagnol, castillan,anglais"
06/10/2022,10005751648,1000448025,Philouze-Place,Cecile,Masseur-Kinésithérapeute,104 Boulevard Georges Clemenceau,35200,Rennes,FR-BRE,"Le lieu de soin est à proximité d'un arrêt de transport en commun. Précision sur les transports en commun : Métro arrêt Clémenceau. Un parking est disponible à proximité. Le cabinet se trouve au 1er étage. Pas de présence de personnel à l'accueil. Le professionnel propose des consultations en télémédecine. Le cabinet dispose de matériel spécifique pour faciliter les soins aux personnes en situation de handicap (table de consultation à hauteur variable, matériel d'examen portatif…). Informations complémentaires concernant l'accessibilité du bâtiment ou des prestations spécifiques proposées : Accessibilité fauteuil roulant et poussettes.",Il y a des places de stationnement PMR à proximité. La porte d'entrée est de type : porte battante manuelle. L'entrée est équipée d'un interphone. La porte d'entrée fait 90cm de large ou plus. Le praticien possède une expérience particulière ou est formé à la prise en charge du handicap moteur. Des sanitaires accessibles sont à disposition du public. Le professionnel peut réaliser la consultation ou les soins sur un fauteuil roulant.,Oui,Il y a des places de stationnement PMR à proximité. La porte d'entrée est de type : porte battante manuelle. L'entrée est équipée d'un interphone. Le praticien possède une expérience particulière ou est formé à la prise en charge du handicap moteur. Des sanitaires accessibles sont à disposition du public.,Oui,La porte d'entrée est de type : porte battante manuelle. L'entrée est équipée d'un interphone. La porte vitrée ne possède aucun élément contrasté pour la repérer. Le cabinet dispose d'un éclairage permanent ou par détection de présence.,Non,La porte d'entrée est de type : porte battante manuelle. L'entrée est équipée d'un interphone.,Non,La prise de rendez-vous ne peut être faite que par téléphone. Une organisation particulière permet de réduire le temps d'attente lorsque cela est nécessaire. Des outils de communication simplifiés sont utilisés pour expliquer les actes.,Oui,La prise de rendez-vous ne peut être faite que par téléphone. Une organisation particulière permet de réduire le temps d'attente lorsque cela est nécessaire. Des outils de communication simplifiés sont utilisés pour expliquer les actes.,Oui,La prise de rendez-vous ne peut être faite que par téléphone. Une organisation particulière permet de réduire le temps d'attente lorsque cela est nécessaire. Des outils de communication simplifiés sont utilisés pour expliquer les actes.,Oui,La prise de rendez-vous ne peut être faite que par téléphone.,Non,Les sanitaires sont équipés de toilettes suspendues. Le professionnel ne possède pas de matériel adapté aux personnes en situation d'obésité. La table d'examen ne permet pas de recevoir une personne en situation d'obésité. L'utilisation des brancards et/ou de fauteuils roulants ne sont pas adaptés aux personnes en situation d'obésité.,Non,,"Le lieu de soin est à proximité d'un arrêt de transport en commun. Précision sur les transports en commun : Métro arrêt Clémenceau. Un parking est disponible à proximité. Le cabinet se trouve au 1er étage. Pas de présence de personnel à l'accueil. Le professionnel propose des consultations en télémédecine. Le cabinet dispose de matériel spécifique pour faciliter les soins aux personnes en situation de handicap (table de consultation à hauteur variable, matériel d'examen portatif…). Informations complémentaires concernant l'accessibilité du bâtiment ou des prestations spécifiques proposées : Accessibilité fauteuil roulant et poussettes. Il y a des places de stationnement PMR à proximité. La porte d'entrée est de type : porte battante manuelle. L'entrée est équipée d'un interphone. Le praticien possède une expérience particulière ou est formé à la prise en charge du handicap moteur. Des sanitaires accessibles sont à disposition du public. La porte d'entrée fait 90cm de large ou plus. Le professionnel peut réaliser la consultation ou les soins sur un fauteuil roulant. La porte vitrée ne possède aucun élément contrasté pour la repérer. Le cabinet dispose d'un éclairage permanent ou par détection de présence. La prise de rendez-vous ne peut être faite que par téléphone. Une organisation particulière permet de réduire le temps d'attente lorsque cela est nécessaire. Des outils de communication simplifiés sont utilisés pour expliquer les actes. Les sanitaires sont équipés de toilettes suspendues. Le professionnel ne possède pas de matériel adapté aux personnes en situation d'obésité. La table d'examen ne permet pas de recevoir une personne en situation d'obésité. L'utilisation des brancards et/ou de fauteuils roulants ne sont pas adaptés aux personnes en situation d'obésité."
06/10/2022,10006047301,1000503124,Seulet,Isabelle,Pédicure-Podologue,145 Rue de Vern,35200,Rennes,FR-BRE,"Le lieu de soin est à proximité d'un arrêt de transport en commun. Précision sur les transports en commun : ligne 2 en bus arrêt calmette ou métro poterie. Un parking est disponible à proximité. Pas de présence de personnel à l'accueil. Le cabinet dispose de matériel spécifique pour faciliter les soins aux personnes en situation de handicap (table de consultation à hauteur variable, matériel d'examen portatif…).",Il y a des places de stationnement PMR à proximité. L'ensemble du site est de plain-pied. La porte d'entrée est de type : porte battante manuelle. L'entrée est équipée d'un bouton d'appel. Le cabinet dispose d'un guichet bas ou d'un bureau accessible en fauteuil roulant. Des sanitaires accessibles sont à disposition du public. Le professionnel peut réaliser la consultation ou les soins sur un fauteuil roulant.,Oui,Il y a des places de stationnement PMR à proximité. L'ensemble du site est de plain-pied. La porte d'entrée est de type : porte battante manuelle. L'entrée est équipée d'un bouton d'appel. Des sanitaires accessibles sont à disposition du public.,Oui,L'ensemble du site est de plain-pied. La porte d'entrée est de type : porte battante manuelle. L'entrée est équipée d'un bouton d'appel. Le cabinet dispose d'un éclairage permanent ou par détection de présence. Il y a des bandes de signalisation contrastées sur les portes vitrées.,Oui,L'ensemble du site est de plain-pied. La porte d'entrée est de type : porte battante manuelle. L'entrée est équipée d'un bouton d'appel.,Non,La prise de rendez-vous ne peut être faite que par téléphone.,Non,La prise de rendez-vous ne peut être faite que par téléphone.,Non,La prise de rendez-vous ne peut être faite que par téléphone.,Non,La prise de rendez-vous ne peut être faite que par téléphone.,Non,Le professionnel ne possède pas de matériel adapté aux personnes en situation d'obésité. La table d'examen est adaptée jusqu'à 200 kg.,Non,,"Le lieu de soin est à proximité d'un arrêt de transport en commun. Précision sur les transports en commun : ligne 2 en bus arrêt calmette ou métro poterie. Un parking est disponible à proximité. Pas de présence de personnel à l'accueil. Le cabinet dispose de matériel spécifique pour faciliter les soins aux personnes en situation de handicap (table de consultation à hauteur variable, matériel d'examen portatif…). Il y a des places de stationnement PMR à proximité. L'ensemble du site est de plain-pied. La porte d'entrée est de type : porte battante manuelle. L'entrée est équipée d'un bouton d'appel. Des sanitaires accessibles sont à disposition du public. Le cabinet dispose d'un guichet bas ou d'un bureau accessible en fauteuil roulant. Le professionnel peut réaliser la consultation ou les soins sur un fauteuil roulant. Le cabinet dispose d'un éclairage permanent ou par détection de présence. Il y a des bandes de signalisation contrastées sur les portes vitrées. La prise de rendez-vous ne peut être faite que par téléphone. Le professionnel ne possède pas de matériel adapté aux personnes en situation d'obésité. La table d'examen est adaptée jusqu'à 200 kg."
06/10/2022,10005294557,1011378992,Merzoug,Aurore,Masseur-Kinésithérapeute,2 Rue de la Voie Romaine,35250,Saint-Sulpice-la-Forêt,FR-BRE,"Le professionnel effectue des consultations à domicile. Le cabinet dispose de matériel spécifique pour faciliter les soins aux personnes en situation de handicap (table de consultation à hauteur variable, matériel d'examen portatif…).",Le praticien possède une expérience particulière ou est formé à la prise en charge du handicap moteur. Des sanitaires accessibles sont à disposition du public. Le professionnel effectue des consultations à domicile. Le professionnel peut réaliser la consultation ou les soins sur un fauteuil roulant.,Oui,Le praticien possède une expérience particulière ou est formé à la prise en charge du handicap moteur. Des sanitaires accessibles sont à disposition du public. Le professionnel effectue des consultations à domicile.,Oui,Le professionnel effectue des consultations à domicile.,Non,Le professionnel effectue des consultations à domicile.,Non,Le praticien possède une expérience particulière ou est formé à la prise en charge du handicap mental. La prise de rendez-vous ne peut être faite que par téléphone. Le professionnel effectue des consultations à domicile. Le professionnel propose une préparation à la consultation (visite blanche). Une organisation particulière permet de réduire le temps d'attente lorsque cela est nécessaire.,Oui,La prise de rendez-vous ne peut être faite que par téléphone. Le professionnel effectue des consultations à domicile. Le professionnel propose une préparation à la consultation (visite blanche). Une organisation particulière permet de réduire le temps d'attente lorsque cela est nécessaire.,Oui,Le praticien possède une expérience particulière ou est formé à la prise en charge des TSA. La prise de rendez-vous ne peut être faite que par téléphone. Le professionnel effectue des consultations à domicile. Le professionnel propose une préparation à la consultation (visite blanche). Une organisation particulière permet de réduire le temps d'attente lorsque cela est nécessaire.,Oui,La prise de rendez-vous ne peut être faite que par téléphone.,Non,Les sanitaires sont équipés de toilettes suspendues. Le professionnel effectue des consultations à domicile. Le professionnel ne possède pas de matériel adapté aux personnes en situation d'obésité. La table d'examen peut recevoir plus de 200 kg.,Non,,"Le praticien possède une expérience particulière ou est formé à la prise en charge du handicap mental. La prise de rendez-vous ne peut être faite que par téléphone. Le professionnel effectue des consultations à domicile. Le professionnel propose une préparation à la consultation (visite blanche). Une organisation particulière permet de réduire le temps d'attente lorsque cela est nécessaire. Le praticien possède une expérience particulière ou est formé à la prise en charge des TSA. Le praticien possède une expérience particulière ou est formé à la prise en charge du handicap moteur. Des sanitaires accessibles sont à disposition du public. Le professionnel peut réaliser la consultation ou les soins sur un fauteuil roulant. Les sanitaires sont équipés de toilettes suspendues. Le professionnel ne possède pas de matériel adapté aux personnes en situation d'obésité. La table d'examen peut recevoir plus de 200 kg. Le cabinet dispose de matériel spécifique pour faciliter les soins aux personnes en situation de handicap (table de consultation à hauteur variable, matériel d'examen portatif…)."
06/10/2022,10105913882,1012285444,Le Roy,Souad,Infirmier,101b Avenue André Bonnin,35135,Chantepie,FR-BRE,Le lieu de soin est à proximité d'un arrêt de transport en commun. Précision sur les transports en commun : LIGNE C1 et 34 arrets Deux ruisseaux. Un parking est disponible à proximité. Le professionnel effectue des consultations à domicile.,Il y a des places de stationnement PMR à proximité. L'ensemble du site est de plain-pied. La porte d'entrée est de type : porte battante manuelle. L'entrée est équipée d'un visiophone. Possibilité d'une présence ou d'une aide humaine au déplacement. Des sanitaires accessibles sont à disposition du public. Le professionnel effectue des consultations à domicile. Le professionnel peut réaliser la consultation ou les soins sur un fauteuil roulant.,Oui,Il y a des places de stationnement PMR à proximité. L'ensemble du site est de plain-pied. La porte d'entrée est de type : porte battante manuelle. L'entrée est équipée d'un visiophone. Possibilité d'une présence ou d'une aide humaine au déplacement. Des sanitaires accessibles sont à disposition du public. Le professionnel effectue des consultations à domicile.,Oui,L'ensemble du site est de plain-pied. La porte d'entrée est de type : porte battante manuelle. L'entrée est équipée d'un visiophone. Le cabinet dispose d'un éclairage permanent ou par détection de présence. Présence de personnel à l'accueil. Possibilité d'une présence ou d'une aide humaine au déplacement. Il y a des bandes de signalisation contrastées sur les portes vitrées. Le professionnel effectue des consultations à domicile.,Oui,L'ensemble du site est de plain-pied. La porte d'entrée est de type : porte battante manuelle. L'entrée est équipée d'un visiophone. Présence de personnel à l'accueil. Possibilité d'une présence ou d'une aide humaine au déplacement. Le professionnel effectue des consultations à domicile.,Oui,Présence de personnel à l'accueil. La signalétique utilise des pictogrammes. La prise de rendez-vous ne peut être faite que par téléphone. Le professionnel effectue des consultations à domicile.,Oui,Présence de personnel à l'accueil. La prise de rendez-vous ne peut être faite que par téléphone. Le professionnel effectue des consultations à domicile.,Oui,Présence de personnel à l'accueil. La signalétique utilise des pictogrammes. La prise de rendez-vous ne peut être faite que par téléphone. Le professionnel effectue des consultations à domicile.,Non,La prise de rendez-vous ne peut être faite que par téléphone.,Non,Les sanitaires sont équipés de toilettes suspendues. Le professionnel effectue des consultations à domicile. Le professionnel ne possède pas de matériel adapté aux personnes en situation d'obésité. La table d'examen ne permet pas de recevoir une personne en situation d'obésité. L'utilisation des brancards et/ou de fauteuils roulants ne sont pas adaptés aux personnes en situation d'obésité.,Non,"arabe,espagnol, castillan,anglais","Le lieu de soin est à proximité d'un arrêt de transport en commun. Précision sur les transports en commun : LIGNE C1 et 34 arrets Deux ruisseaux. Un parking est disponible à proximité. Le professionnel effectue des consultations à domicile. Il y a des places de stationnement PMR à proximité. L'ensemble du site est de plain-pied. La porte d'entrée est de type : porte battante manuelle. L'entrée est équipée d'un visiophone. Possibilité d'une présence ou d'une aide humaine au déplacement. Des sanitaires accessibles sont à disposition du public. Le professionnel peut réaliser la consultation ou les soins sur un fauteuil roulant. Présence de personnel à l'accueil. Le cabinet dispose d'un éclairage permanent ou par détection de présence. Il y a des bandes de signalisation contrastées sur les portes vitrées. La signalétique utilise des pictogrammes. La prise de rendez-vous ne peut être faite que par téléphone. Les sanitaires sont équipés de toilettes suspendues. Le professionnel ne possède pas de matériel adapté aux personnes en situation d'obésité. La table d'examen ne permet pas de recevoir une personne en situation d'obésité. L'utilisation des brancards et/ou de fauteuils roulants ne sont pas adaptés aux personnes en situation d'obésité. arabe,espagnol, castillan,anglais"
06/07/2022,10106658312,1012396737,Mercier,Eve,Infirmier,73 Boulevard de Metz,35700,Rennes,FR-BRE,"Le lieu de soin est à proximité d'un arrêt de transport en commun. Précision sur les transports en commun : Bus, arrêt Metz Volney, prendre le boulevard de Metz, cabinet sur la droite du boulevard. Un parking est disponible à proximité. Pas de présence de personnel à l'accueil. Le professionnel effectue des consultations à domicile. Le cabinet dispose de matériel spécifique pour faciliter les soins aux personnes en situation de handicap (table de consultation à hauteur variable, matériel d'examen portatif…).","Il y a des places de stationnement PMR à proximité. L'ensemble du site est de plain-pied. La porte d'entrée est de type : porte battante manuelle. L'entrée est équipée d'un interphone. Il existe une entrée secondaire spécifique dédiée aux personnes à mobilité réduite : interphone puis accès à un ascenseur par une entrée pour accéder au 1er étage du cabinet, sinon interphone et accès RDC du cabinet par porte principale avec aide pour l'ouverture de la porte d'entrée. Le praticien possède une expérience particulière ou est formé à la prise en charge du handicap moteur. Des sanitaires accessibles sont à disposition du public. Le professionnel effectue des consultations à domicile. Le professionnel peut réaliser la consultation ou les soins sur un fauteuil roulant.",Oui,"Il y a des places de stationnement PMR à proximité. L'ensemble du site est de plain-pied. La porte d'entrée est de type : porte battante manuelle. L'entrée est équipée d'un interphone. Il existe une entrée secondaire spécifique dédiée aux personnes à mobilité réduite : interphone puis accès à un ascenseur par une entrée pour accéder au 1er étage du cabinet, sinon interphone et accès RDC du cabinet par porte principale avec aide pour l'ouverture de la porte d'entrée. Le praticien possède une expérience particulière ou est formé à la prise en charge du handicap moteur. Des sanitaires accessibles sont à disposition du public. Le professionnel effectue des consultations à domicile.",Oui,L'ensemble du site est de plain-pied. La porte d'entrée est de type : porte battante manuelle. L'entrée est équipée d'un interphone. Le cabinet dispose d'un éclairage permanent ou par détection de présence. Il n'y a pas de bandes de signalisation contrastées sur les portes vitrées. Le praticien possède une expérience particulière ou est formé à la prise en charge du handicap visuel. Le professionnel effectue des consultations à domicile.,Oui,L'ensemble du site est de plain-pied. La porte d'entrée est de type : porte battante manuelle. L'entrée est équipée d'un interphone. Le praticien possède une expérience particulière ou est formé à la prise en charge du handicap visuel. Le professionnel effectue des consultations à domicile.,Oui,Le praticien possède une expérience particulière ou est formé à la prise en charge du handicap mental. La prise de rendez-vous ne peut être faite que par téléphone. Le professionnel effectue des consultations à domicile. Une organisation particulière permet de réduire le temps d'attente lorsque cela est nécessaire.,Oui,Le praticien possède une expérience particulière ou est formé à la prise en charge des handicaps psychiques. La prise de rendez-vous ne peut être faite que par téléphone. Le professionnel effectue des consultations à domicile. Une organisation particulière permet de réduire le temps d'attente lorsque cela est nécessaire.,Oui,Le praticien possède une expérience particulière ou est formé à la prise en charge des TSA. La prise de rendez-vous ne peut être faite que par téléphone. Le professionnel effectue des consultations à domicile. Une organisation particulière permet de réduire le temps d'attente lorsque cela est nécessaire.,Oui,Le praticien possède une expérience particulière ou est formé à la prise en charge du handicap auditif. La prise de rendez-vous ne peut être faite que par téléphone.,Non,Les sanitaires sont équipés de toilettes suspendues. Le professionnel effectue des consultations à domicile. Le professionnel ne possède pas de matériel adapté aux personnes en situation d'obésité. La table d'examen ne permet pas de recevoir une personne en situation d'obésité.,Non,"anglais,espagnol, castillan","Le lieu de soin est à proximité d'un arrêt de transport en commun. Précision sur les transports en commun : Bus, arrêt Metz Volney, prendre le boulevard de Metz, cabinet sur la droite du boulevard. Un parking est disponible à proximité. Pas de présence de personnel à l'accueil. Le professionnel effectue des consultations à domicile. Le cabinet dispose de matériel spécifique pour faciliter les soins aux personnes en situation de handicap (table de consultation à hauteur variable, matériel d'examen portatif…). Il y a des places de stationnement PMR à proximité. L'ensemble du site est de plain-pied. La porte d'entrée est de type : porte battante manuelle. L'entrée est équipée d'un interphone. Il existe une entrée secondaire spécifique dédiée aux personnes à mobilité réduite : interphone puis accès à un ascenseur par une entrée pour accéder au 1er étage du cabinet, sinon interphone et accès RDC du cabinet par porte principale avec aide pour l'ouverture de la porte d'entrée. Le praticien possède une expérience particulière ou est formé à la prise en charge du handicap moteur. Des sanitaires accessibles sont à disposition du public. Le professionnel peut réaliser la consultation ou les soins sur un fauteuil roulant. Le praticien possède une expérience particulière ou est formé à la prise en charge du handicap visuel. Le cabinet dispose d'un éclairage permanent ou par détection de présence. Il n'y a pas de bandes de signalisation contrastées sur les portes vitrées. Le praticien possède une expérience particulière ou est formé à la prise en charge des handicaps psychiques. La prise de rendez-vous ne peut être faite que par téléphone. Une organisation particulière permet de réduire le temps d'attente lorsque cela est nécessaire. Le praticien possède une expérience particulière ou est formé à la prise en charge des TSA. Le praticien possède une expérience particulière ou est formé à la prise en charge du handicap mental. Le praticien possède une expérience particulière ou est formé à la prise en charge du handicap auditif. Les sanitaires sont équipés de toilettes suspendues. Le professionnel ne possède pas de matériel adapté aux personnes en situation d'obésité. La table d'examen ne permet pas de recevoir une personne en situation d'obésité. anglais,espagnol, castillan"
05/07/2022,10005586945,1012496446,Fillion,Pascale,Masseur-Kinésithérapeute,23 Rue du Pré Perché,35000,Rennes,FR-BRE,"Le lieu de soin est à proximité d'un arrêt de transport en commun. Un parking est disponible à proximité. Pas de présence de personnel à l'accueil. La prise de rendez-vous peut être faite de la façon suivante : mail (pascale.fillion.mk@gmail.com), SMS (0686162047). Le professionnel effectue des consultations à domicile. Le professionnel propose des consultations en télémédecine. Le cabinet dispose de matériel spécifique pour faciliter les soins aux personnes en situation de handicap (table de consultation à hauteur variable, matériel d'examen portatif…). Informations complémentaires concernant l'accessibilité du bâtiment ou des prestations spécifiques proposées : Cabinet situé au premier étage d'un immeuble de 2020, accessible aux PMR avec visiophone, ascenseur et portes et lumières automatiques.",Il y a des places de stationnement PMR à proximité. L'ensemble du site est de plain-pied. La porte d'entrée est de type : porte battante automatique. L'entrée est équipée d'un visiophone. La porte d'entrée fait 90cm de large ou plus. Le cabinet dispose d'un guichet bas ou d'un bureau accessible en fauteuil roulant. Le praticien possède une expérience particulière ou est formé à la prise en charge du handicap moteur. Des sanitaires accessibles sont à disposition du public. Le professionnel effectue des consultations à domicile. Le professionnel peut réaliser la consultation ou les soins sur un fauteuil roulant.,Oui,Il y a des places de stationnement PMR à proximité. L'ensemble du site est de plain-pied. La porte d'entrée est de type : porte battante automatique. L'entrée est équipée d'un visiophone. Le praticien possède une expérience particulière ou est formé à la prise en charge du handicap moteur. Des sanitaires accessibles sont à disposition du public. Le professionnel effectue des consultations à domicile.,Oui,L'ensemble du site est de plain-pied. La porte d'entrée est de type : porte battante automatique. L'entrée est équipée d'un visiophone. Le cabinet dispose d'un éclairage permanent ou par détection de présence. Il y a des bandes de signalisation contrastées sur les portes vitrées. Le praticien possède une expérience particulière ou est formé à la prise en charge du handicap visuel. Le professionnel effectue des consultations à domicile.,Oui,L'ensemble du site est de plain-pied. La porte d'entrée est de type : porte battante automatique. L'entrée est équipée d'un visiophone. Le praticien possède une expérience particulière ou est formé à la prise en charge du handicap visuel. Le professionnel effectue des consultations à domicile.,Oui,Le professionnel effectue des consultations à domicile.,Oui,Le professionnel effectue des consultations à domicile.,Oui,Le professionnel effectue des consultations à domicile.,Non,,Non,Les sanitaires sont équipés de toilettes suspendues. Le professionnel effectue des consultations à domicile. Le professionnel ne possède pas de matériel adapté aux personnes en situation d'obésité. La table d'examen est adaptée jusqu'à 200 kg.,Non,,"Le lieu de soin est à proximité d'un arrêt de transport en commun. Un parking est disponible à proximité. Pas de présence de personnel à l'accueil. La prise de rendez-vous peut être faite de la façon suivante : mail (pascale.fillion.mk@gmail.com), SMS (0686162047). Le professionnel effectue des consultations à domicile. Le professionnel propose des consultations en télémédecine. Le cabinet dispose de matériel spécifique pour faciliter les soins aux personnes en situation de handicap (table de consultation à hauteur variable, matériel d'examen portatif…). Informations complémentaires concernant l'accessibilité du bâtiment ou des prestations spécifiques proposées : Cabinet situé au premier étage d'un immeuble de 2020, accessible aux PMR avec visiophone, ascenseur et portes et lumières automatiques. Il y a des places de stationnement PMR à proximité. L'ensemble du site est de plain-pied. La porte d'entrée est de type : porte battante automatique. L'entrée est équipée d'un visiophone. Le praticien possède une expérience particulière ou est formé à la prise en charge du handicap moteur. Des sanitaires accessibles sont à disposition du public. La porte d'entrée fait 90cm de large ou plus. Le cabinet dispose d'un guichet bas ou d'un bureau accessible en fauteuil roulant. Le professionnel peut réaliser la consultation ou les soins sur un fauteuil roulant. Le praticien possède une expérience particulière ou est formé à la prise en charge du handicap visuel. Le cabinet dispose d'un éclairage permanent ou par détection de présence. Il y a des bandes de signalisation contrastées sur les portes vitrées. Les sanitaires sont équipés de toilettes suspendues. Le professionnel ne possède pas de matériel adapté aux personnes en situation d'obésité. La table d'examen est adaptée jusqu'à 200 kg."
