{"type": "FeatureCollection", "features": [{"type": "Feature", "id": "administration.fid--17174f5a_19f2e433d8d_-4b09", "geometry": {"type": "Point", "coordinates": [-1.817843, 48.127719]}, "geometry_name": "geom", "properties": {"id": "8366d606-4d6d-4f1f-8aac-1380c64db2be", "nom": "Mairie - L'Hermitage", "nom_commune": "L'Hermitage", "adresse_principale": "1 place de l'Hôtel-de-Ville 35590 L'Hermitage", "siret": "21350131500013", "categorie": "Service local", "code_insee": "35131", "horaires": "<b>Lundi</b><br>\n13:30 - 17:30<br>\n<b>Mardi - Mercredi</b><br>\n09:00 - 12:00\n13:30 - 17:30<br>\n<b>Jeudi</b><br>\n08:30 - 12:00<br>\n<b>Vendredi</b><br>\n08:30 - 12:00\n13:30 - 17:30<br>\n<b>Samedi</b><br>\n09:00 - 12:00", "mail": "mairie@ville-lhermitage.fr", "site_internet": "https://www.ville-lhermitage.fr/", "telephone": "02 99 78 66 66", "url_service_public": "https://lannuaire.service-public.gouv.fr/bretagne/ille-et-vilaine/8366d606-4d6d-4f1f-8aac-1380c64db2be", "type_organisme": null, "date_modification": "18/07/2025 13:55:56", "latitude": 48.12772, "longitude": -1.8178427, "codes_siren": "213501315,243500139"}, "bbox": [-1.817843, 48.127719, -1.817843, 48.127719]}, {"type": "Feature", "id": "administration.fid--17174f5a_19f2e433d8d_-4b08", "geometry": {"type": "Point", "coordinates": [-1.68246, 48.1049]}, "geometry_name": "geom", "properties": {"id": "4f77a5fd-ece1-4615-94dc-366cf3e4e786", "nom": "Direction des ressources (ARS) - Bretagne", "nom_commune": "Rennes", "adresse_principale": "6 place des Colombes 35000 Rennes", "siret": null, "categorie": "Service institutionnel", "code_insee": "35238", "horaires": null, "mail": "ars-bretagne-contact@ars.sante.fr", "site_internet": "https://www.bretagne.ars.sante.fr/", "telephone": "02 90 08 80 00", "url_service_public": "https://lannuaire.service-public.gouv.fr/bretagne/ille-et-vilaine/4f77a5fd-ece1-4615-94dc-366cf3e4e786", "type_organisme": "Établissement public", "date_modification": "09/08/2023 13:53:21", "latitude": 48.1049, "longitude": -1.68246, "codes_siren": "213502388,243500139"}, "bbox": [-1.68246, 48.1049, -1.68246, 48.1049]}, {"type": "Feature", "id": "administration.fid--17174f5a_19f2e433d8d_-4b07", "geometry": {"type": "Point", "coordinates": [-1.671604, 48.11033]}, "geometry_name": "geom", "properties": {"id": "dda49972-400f-4a84-972e-a8940ab4c8c5", "nom": "Délégué départemental à la vie associative (DDVA) - Ille-et-Vilaine", "nom_commune": "Rennes", "adresse_principale": "1 quai Dujardin 35000 Rennes", "siret": null, "categorie": "Service institutionnel", "code_insee": "35238", "horaires": null, "mail": "ce.sdjes35@ac-rennes.fr", "site_internet": null, "telephone": "02 21 67 93 81", "url_service_public": "https://lannuaire.service-public.gouv.fr/bretagne/ille-et-vilaine/dda49972-400f-4a84-972e-a8940ab4c8c5", "type_organisme": "Service déconcentré", "date_modification": "10/11/2025 17:27:31", "latitude": 48.11033, "longitude": -1.671604, "codes_siren": "213502388,243500139"}, "bbox": [-1.671604, 48.11033, -1.671604, 48.11033]}, {"type": "Feature", "id": "administration.fid--17174f5a_19f2e433d8d_-4b06", "geometry": {"type": "Point", "coordinates": [-1.684749, 48.102645]}, "geometry_name": "geom", "properties": {"id": "dd9b27cd-d714-41a9-89fa-e2e231ba401b", "nom": "Centre du service national et de la jeunesse (CSNJ) - Rennes (pour les départements 35, 44, 53)", "nom_commune": "Rennes", "adresse_principale": "1 Boulevard Saint-Conwoïon 35000 Rennes", "siret": null, "categorie": "Service local", "code_insee": "35238", "horaires": null, "mail": "csnj-rennes.contact.fct@intradef.gouv.fr", "site_internet": "https://www.defense.gouv.fr/sga/au-service-nation-du-public/jeunesse/devenir-citoyen/journee-defense-citoyennete-jdc", "telephone": "09 70 84 51 51", "url_service_public": "https://lannuaire.service-public.gouv.fr/bretagne/ille-et-vilaine/dd9b27cd-d714-41a9-89fa-e2e231ba401b", "type_organisme": null, "date_modification": "06/02/2026 13:56:09", "latitude": 48.102646, "longitude": -1.6847491, "codes_siren": "213502388,243500139"}, "bbox": [-1.684749, 48.102645, -1.684749, 48.102645]}, {"type": "Feature", "id": "administration.fid--17174f5a_19f2e433d8d_-4b05", "geometry": {"type": "Point", "coordinates": [-1.317535, 47.831349]}, "geometry_name": "geom", "properties": {"id": "c5ef98d3-a743-4687-b279-08a01ea5035f", "nom": "Centre communal d'action sociale (CCAS) - Martigné-Ferchaud", "nom_commune": "Martigné-Ferchaud", "adresse_principale": "12 Place de la Mairie 35640 Martigné-Ferchaud", "siret": "26350156100017", "categorie": "Service local", "code_insee": "35167", "horaires": null, "mail": "ccas-urba@martigneferchaud.bzh", "site_internet": "https://www.martigneferchaud.bzh/annuaires/martigne-ferchaud/services/ccas-centre-communal-daction-sociale", "telephone": "+33299479025", "url_service_public": "https://lannuaire.service-public.gouv.fr/bretagne/ille-et-vilaine/c5ef98d3-a743-4687-b279-08a01ea5035f", "type_organisme": null, "date_modification": "24/02/2026 08:10:10", "latitude": 47.83135, "longitude": -1.317535, "codes_siren": "213501679,243500634"}, "bbox": [-1.317535, 47.831349, -1.317535, 47.831349]}, {"type": "Feature", "id": "administration.fid--17174f5a_19f2e433d8d_-4b04", "geometry": {"type": "Point", "coordinates": [-1.313645, 48.342143]}, "geometry_name": "geom", "properties": {"id": "1da492b3-599b-4b94-82eb-a7a56cdcf015", "nom": "Mairie - Saint-Sauveur-des-Landes", "nom_commune": "Saint-Sauveur-des-Landes", "adresse_principale": "2 place de l'Église 35133 Saint-Sauveur-des-Landes", "siret": "21350310500016", "categorie": "Service local", "code_insee": "35310", "horaires": "<b>Mardi</b><br>\n09:00 - 12:30\n14:00 - 17:00<br>\n<b>Mercredi - Jeudi</b><br>\n09:00 - 12:30<br>\n<b>Vendredi</b><br>\n09:00 - 12:30\n14:00 - 17:00<br>\n<b>Samedi</b><br>\n09:00 - 12:00", "mail": "mairie@saint-sauveur-des-landes.fr", "site_internet": "https://www.saint-sauveur-des-landes.fr", "telephone": "02 99 98 81 35", "url_service_public": "https://lannuaire.service-public.gouv.fr/bretagne/ille-et-vilaine/1da492b3-599b-4b94-82eb-a7a56cdcf015", "type_organisme": null, "date_modification": "05/05/2025 15:31:25", "latitude": 48.342144, "longitude": -1.3136452, "codes_siren": "213503105,200072452"}, "bbox": [-1.313645, 48.342143, -1.313645, 48.342143]}, {"type": "Feature", "id": "administration.fid--17174f5a_19f2e433d8d_-4b03", "geometry": {"type": "Point", "coordinates": [-1.580713, 48.156265]}, "geometry_name": "geom", "properties": {"id": "52b60caf-2907-4408-9f3a-8a01b192b5a0", "nom": "Mairie - Thorigné-Fouillard", "nom_commune": "Thorigné-Fouillard", "adresse_principale": "Esplanade des Droits-de-l'Homme 35235 Thorigné-Fouillard", "siret": "21350334500182", "categorie": "Service local", "code_insee": "35334", "horaires": "<b>Lundi - Vendredi</b><br>\n09:00 - 12:15\n13:45 - 17:00<br>\n<b>Samedi</b><br>\n09:30 - 12:00", "mail": "mairie@thorignefouillard.fr", "site_internet": "https://www.ville-thorigne-fouillard.fr/", "telephone": "02 99 04 54 54", "url_service_public": "https://lannuaire.service-public.gouv.fr/bretagne/ille-et-vilaine/52b60caf-2907-4408-9f3a-8a01b192b5a0", "type_organisme": null, "date_modification": "17/07/2025 14:16:32", "latitude": 48.156265, "longitude": -1.580713, "codes_siren": "213503345,243500139"}, "bbox": [-1.580713, 48.156265, -1.580713, 48.156265]}, {"type": "Feature", "id": "administration.fid--17174f5a_19f2e433d8d_-4b02", "geometry": {"type": "Point", "coordinates": [-1.546342, 48.041848]}, "geometry_name": "geom", "properties": {"id": "fe3d80ad-ce5e-4aec-84c4-2862e0265999", "nom": "Centre communal d'action sociale (CCAS) - Nouvoitou", "nom_commune": "Nouvoitou", "adresse_principale": "3 Place de l'Eglise 35410 Nouvoitou", "siret": "21350204000016", "categorie": "Service local", "code_insee": "35204", "horaires": null, "mail": "ccas@nouvoitou.fr", "site_internet": "https://www.nouvoitou.fr/mon-quotidien/action-sociale/centre-communal-daction-sociale/", "telephone": "+33299376512", "url_service_public": "https://lannuaire.service-public.gouv.fr/bretagne/ille-et-vilaine/fe3d80ad-ce5e-4aec-84c4-2862e0265999", "type_organisme": null, "date_modification": "24/02/2026 08:10:19", "latitude": 48.041847, "longitude": -1.546342, "codes_siren": "213502040,243500139"}, "bbox": [-1.546342, 48.041848, -1.546342, 48.041848]}, {"type": "Feature", "id": "administration.fid--17174f5a_19f2e433d8d_-4b01", "geometry": {"type": "Point", "coordinates": [-1.6741, 48.10775]}, "geometry_name": "geom", "properties": {"id": "b9f6b120-0c72-4fe6-80c3-53f76a8bfb83", "nom": "Paierie départementale - Ille-et-Vilaine - Rennes", "nom_commune": "rennes", "adresse_principale": "Avenue Jean-Janvier 35000 rennes", "siret": "13001493900958", "categorie": "Service local", "code_insee": "35238", "horaires": "<b>Lundi - Mardi</b><br>\n08:45 - 12:00\n13:30 - 16:00<br>\n<b>Mercredi</b><br>\n08:45 - 12:00<br>\n<b>Jeudi</b><br>\n08:45 - 12:00\n13:30 - 16:00<br>\n<b>Vendredi</b><br>\n08:45 - 12:00", "mail": "t035090@dgfip.finances.gouv.fr", "site_internet": "https://www.impots.gouv.fr/accueil", "telephone": "02 99 29 42 50", "url_service_public": "https://lannuaire.service-public.gouv.fr/bretagne/ille-et-vilaine/b9f6b120-0c72-4fe6-80c3-53f76a8bfb83", "type_organisme": null, "date_modification": "01/08/2025 11:41:58", "latitude": 48.10775, "longitude": -1.6741, "codes_siren": "213502388,243500139"}, "bbox": [-1.6741, 48.10775, -1.6741, 48.10775]}, {"type": "Feature", "id": "administration.fid--17174f5a_19f2e433d8d_-4b00", "geometry": {"type": "Point", "coordinates": [-1.651255, 48.018093]}, "geometry_name": "geom", "properties": {"id": "3f15f130-233d-410a-8c23-15728d5929af", "nom": "Centre Local d’Information et de Coordination (CLIC) Alli'âges - Antenne Saint-Erblon", "nom_commune": "Saint-Erblon", "adresse_principale": "1 Place des Droits de l'Homme 35230 Saint-Erblon", "siret": "40011181100032", "categorie": "Service local", "code_insee": "35266", "horaires": null, "mail": "accueil@clic-alliages.fr", "site_internet": "https://www.clic-alliages.fr/", "telephone": "+33299773513", "url_service_public": "https://lannuaire.service-public.gouv.fr/bretagne/ille-et-vilaine/3f15f130-233d-410a-8c23-15728d5929af", "type_organisme": null, "date_modification": "12/01/2026 14:20:36", "latitude": 48.018093, "longitude": -1.651255, "codes_siren": "213502669,243500139"}, "bbox": [-1.651255, 48.018093, -1.651255, 48.018093]}, {"type": "Feature", "id": "administration.fid--17174f5a_19f2e433d8d_-4aff", "geometry": {"type": "Point", "coordinates": [-1.674662, 48.101865]}, "geometry_name": "geom", "properties": {"id": "f50599b0-1d53-4531-bef2-44754343eaf3", "nom": "Point-justice du Centre pénitentiaire des Femmes de Rennes", "nom_commune": "RENNES", "adresse_principale": "18bis rue de Châtillon 35000 RENNES", "siret": null, "categorie": "Service local", "code_insee": "35238", "horaires": null, "mail": null, "site_internet": "https://www.cdad-ca-rennes.fr/", "telephone": null, "url_service_public": "https://lannuaire.service-public.gouv.fr/bretagne/ille-et-vilaine/f50599b0-1d53-4531-bef2-44754343eaf3", "type_organisme": null, "date_modification": "03/10/2025 04:36:25", "latitude": 48.101864, "longitude": -1.674662, "codes_siren": "213502388,243500139"}, "bbox": [-1.674662, 48.101865, -1.674662, 48.101865]}, {"type": "Feature", "id": "administration.fid--17174f5a_19f2e433d8d_-4afe", "geometry": {"type": "Point", "coordinates": [-1.772732, 48.146697]}, "geometry_name": "geom", "properties": {"id": "48e892e4-8fc6-4a88-bde4-0dfc7b7803cc", "nom": "Mairie - Pacé", "nom_commune": "Pacé", "adresse_principale": "11 avenue Brizeux 35740 Pacé", "siret": "21350210700013", "categorie": "Service local", "code_insee": "35210", "horaires": "<b>Lundi - Mardi</b><br>\n08:30 - 12:00\n14:00 - 17:30<br>\n<b>Mercredi</b><br>\n08:30 - 12:30\n14:00 - 17:30<br>\n<b>Jeudi</b><br>\n08:30 - 12:00\n14:00 - 17:30<br>\n<b>Vendredi</b><br>\n08:30 - 12:00\n14:00 - 17:00<br>\n<b>Samedi</b><br>\n09:00 - 12:00", "mail": "mairie@ville-pace.fr", "site_internet": "https://www.ville-pace.bzh/", "telephone": "02 23 41 30 00", "url_service_public": "https://lannuaire.service-public.gouv.fr/bretagne/ille-et-vilaine/48e892e4-8fc6-4a88-bde4-0dfc7b7803cc", "type_organisme": null, "date_modification": "03/10/2025 16:48:08", "latitude": 48.146698, "longitude": -1.772732, "codes_siren": "213502107,243500139"}, "bbox": [-1.772732, 48.146697, -1.772732, 48.146697]}, {"type": "Feature", "id": "administration.fid--17174f5a_19f2e433d8d_-4afd", "geometry": {"type": "Point", "coordinates": [-1.67486, 48.130706]}, "geometry_name": "geom", "properties": {"id": "d07fc11b-79fa-42c9-b2ed-f9001fbe6909", "nom": "Direction des étrangers en France (DEF) - Ille-et-Vilaine", "nom_commune": "Rennes", "adresse_principale": "81 boulevard d'Armorique 35700 Rennes", "siret": null, "categorie": "Service institutionnel", "code_insee": "35238", "horaires": null, "mail": "prefecture@ille-et-vilaine.gouv.fr", "site_internet": "https://www.ille-et-vilaine.gouv.fr/", "telephone": "0 800 71 36 35", "url_service_public": "https://lannuaire.service-public.gouv.fr/bretagne/ille-et-vilaine/d07fc11b-79fa-42c9-b2ed-f9001fbe6909", "type_organisme": "Préfecture, sous-préfecture", "date_modification": "28/02/2024 15:38:52", "latitude": 48.130707, "longitude": -1.67486, "codes_siren": "213502388,243500139"}, "bbox": [-1.67486, 48.130706, -1.67486, 48.130706]}, {"type": "Feature", "id": "administration.fid--17174f5a_19f2e433d8d_-4afc", "geometry": {"type": "Point", "coordinates": [-1.80671, 47.824811]}, "geometry_name": "geom", "properties": {"id": "2a1cc901-ee64-4889-a367-6aa603364692", "nom": "Centre communal d'action sociale (CCAS) - Guipry-Messac", "nom_commune": "Guipry-Messac", "adresse_principale": "2 Rue Saint Abdon 35480 Guipry-Messac", "siret": "20005490600017", "categorie": "Service local", "code_insee": "35176", "horaires": null, "mail": "ccas@guipry-messac.bzh", "site_internet": "https://www.guipry-messac.fr/centre-communal-daction-sociale/", "telephone": "+33299342230", "url_service_public": "https://lannuaire.service-public.gouv.fr/bretagne/ille-et-vilaine/2a1cc901-ee64-4889-a367-6aa603364692", "type_organisme": null, "date_modification": "24/02/2026 08:09:42", "latitude": 47.82481, "longitude": -1.80671, "codes_siren": "200054864,200043990"}, "bbox": [-1.80671, 47.824811, -1.80671, 47.824811]}, {"type": "Feature", "id": "administration.fid--17174f5a_19f2e433d8d_-4afb", "geometry": {"type": "Point", "coordinates": [-1.686366, 47.852651]}, "geometry_name": "geom", "properties": {"id": "db0656af-d0a8-4dad-96da-1809347003cf", "nom": "Point-justice France services de la Maison des services et de l'emploi de Bretagne Porte de Loire Communauté (Bain-de-Bretagne)", "nom_commune": "BAIN-DE-BRETAGNE", "adresse_principale": "2 allée de l’Ille 35470 BAIN-DE-BRETAGNE", "siret": null, "categorie": "Service local", "code_insee": "35012", "horaires": null, "mail": null, "site_internet": "https://www.cdad-ca-rennes.fr/", "telephone": "02 99 43 86 50", "url_service_public": "https://lannuaire.service-public.gouv.fr/bretagne/ille-et-vilaine/db0656af-d0a8-4dad-96da-1809347003cf", "type_organisme": null, "date_modification": "09/01/2026 04:36:41", "latitude": 47.85265, "longitude": -1.686366, "codes_siren": "213500127,200070662"}, "bbox": [-1.686366, 47.852651, -1.686366, 47.852651]}, {"type": "Feature", "id": "administration.fid--17174f5a_19f2e433d8d_-4afa", "geometry": {"type": "Point", "coordinates": [-1.683671, 47.84576]}, "geometry_name": "geom", "properties": {"id": "532374e0-1cb9-41db-aad9-e4e5735114b6", "nom": "Gendarmerie - Peloton motorisé - Bain-de-Bretagne", "nom_commune": "Bain-de-Bretagne", "adresse_principale": "9 rue La Rose des Vents 35470 Bain-de-Bretagne", "siret": null, "categorie": "Service local", "code_insee": "35012", "horaires": null, "mail": null, "site_internet": "https://www.gendarmerie.interieur.gouv.fr", "telephone": "02 99 43 98 38", "url_service_public": "https://lannuaire.service-public.gouv.fr/bretagne/ille-et-vilaine/532374e0-1cb9-41db-aad9-e4e5735114b6", "type_organisme": null, "date_modification": "24/10/2024 09:15:48", "latitude": 47.84576, "longitude": -1.6836714, "codes_siren": "213500127,200070662"}, "bbox": [-1.683671, 47.84576, -1.683671, 47.84576]}, {"type": "Feature", "id": "administration.fid--17174f5a_19f2e433d8d_-4af9", "geometry": {"type": "Point", "coordinates": [-1.731874, 48.105248]}, "geometry_name": "geom", "properties": {"id": "e9a6217b-9724-4e8e-a241-53d25f06ec30", "nom": "Agence France Travail RENNES OUEST", "nom_commune": "Rennes", "adresse_principale": "167 ROUTE DE LORIENT 35000 Rennes", "siret": "13000548126155", "categorie": "Service local", "code_insee": "35238", "horaires": "<b>Lundi - Vendredi</b><br>\n08:30 - 12:30", "mail": null, "site_internet": "https://www.francetravail.fr/accueil/", "telephone": "3949", "url_service_public": "https://lannuaire.service-public.gouv.fr/bretagne/ille-et-vilaine/e9a6217b-9724-4e8e-a241-53d25f06ec30", "type_organisme": null, "date_modification": "05/03/2026 22:31:44", "latitude": 48.105247, "longitude": -1.731874, "codes_siren": "213502388,243500139"}, "bbox": [-1.731874, 48.105248, -1.731874, 48.105248]}, {"type": "Feature", "id": "administration.fid--17174f5a_19f2e433d8d_-4af8", "geometry": {"type": "Point", "coordinates": [-1.862107, 48.126476]}, "geometry_name": "geom", "properties": {"id": "b06c5ceb-7d66-42e2-89c6-adf56bcc09c0", "nom": "Mairie - La Chapelle-Thouarault", "nom_commune": "La Chapelle-Thouarault", "adresse_principale": "Place George-C.-Padgett 35590 La Chapelle-Thouarault", "siret": "21350065500013", "categorie": "Service local", "code_insee": "35065", "horaires": "<b>Lundi</b><br>\n14:00 - 18:00<br>\n<b>Mardi</b><br>\n14:00 - 17:00<br>\n<b>Mercredi - Jeudi</b><br>\n09:00 - 12:00<br>\n<b>Vendredi</b><br>\n09:00 - 12:00\n14:00 - 17:00", "mail": "mairie@lachapellethouarault.fr", "site_internet": "https://www.lachapellethouarault.fr", "telephone": "02 99 07 61 41", "url_service_public": "https://lannuaire.service-public.gouv.fr/bretagne/ille-et-vilaine/b06c5ceb-7d66-42e2-89c6-adf56bcc09c0", "type_organisme": null, "date_modification": "28/07/2025 11:42:32", "latitude": 48.126476, "longitude": -1.862107, "codes_siren": "213500655,243500139"}, "bbox": [-1.862107, 48.126476, -1.862107, 48.126476]}, {"type": "Feature", "id": "administration.fid--17174f5a_19f2e433d8d_-4af7", "geometry": {"type": "Point", "coordinates": [-1.687048, 48.105086]}, "geometry_name": "geom", "properties": {"id": "3f1cec08-fb59-4c01-91be-9903fd7931a9", "nom": "Pôle spécialisé en matière de violence intrafamiliales du Tribunal judiciaire de Rennes", "nom_commune": "RENNES CEDEX", "adresse_principale": "7 RUE PIERRE ABELARD 35031 RENNES CEDEX", "siret": null, "categorie": "Service local", "code_insee": "35238", "horaires": null, "mail": null, "site_internet": null, "telephone": null, "url_service_public": "https://lannuaire.service-public.gouv.fr/bretagne/ille-et-vilaine/3f1cec08-fb59-4c01-91be-9903fd7931a9", "type_organisme": null, "date_modification": "16/05/2025 05:14:50", "latitude": null, "longitude": null, "codes_siren": "213502388,243500139"}, "bbox": [-1.687048, 48.105086, -1.687048, 48.105086]}, {"type": "Feature", "id": "administration.fid--17174f5a_19f2e433d8d_-4af6", "geometry": {"type": "Point", "coordinates": [-1.503221, 48.215371]}, "geometry_name": "geom", "properties": {"id": "08dd5fa7-88f0-42a8-bfa4-4f646e295803", "nom": "Centre communal d'action sociale (CCAS) - Liffré", "nom_commune": "Liffré", "adresse_principale": "Rue de fougeres 35340 Liffré", "siret": "26350163700015", "categorie": "Service local", "code_insee": "35152", "horaires": null, "mail": null, "site_internet": "https://www.ville-liffre.fr/fiche-annuaire/ccas-centre-communal-daction-sociale/", "telephone": "+33299685229", "url_service_public": "https://lannuaire.service-public.gouv.fr/bretagne/ille-et-vilaine/08dd5fa7-88f0-42a8-bfa4-4f646e295803", "type_organisme": null, "date_modification": "24/02/2026 08:09:36", "latitude": 48.21537, "longitude": -1.503221, "codes_siren": "213501521,243500774"}, "bbox": [-1.503221, 48.215371, -1.503221, 48.215371]}, {"type": "Feature", "id": "administration.fid--17174f5a_19f2e433d8d_-4af5", "geometry": {"type": "Point", "coordinates": [-1.79654, 47.964894]}, "geometry_name": "geom", "properties": {"id": "a8ef2bee-f8a2-4531-b128-b495a64a52dc", "nom": "Point d'information local dédié aux personnes âgées - Guichen", "nom_commune": "Guichen", "adresse_principale": "26 rue du Commandant-Charcot 35580 Guichen", "siret": null, "categorie": "Service local", "code_insee": "35126", "horaires": "<b>Lundi</b><br>\n14:00 - 17:00<br>\n<b>Mardi - Vendredi</b><br>\n09:00 - 12:30\n14:00 - 17:00", "mail": null, "site_internet": "https://clic4rivieres.fr/", "telephone": "02 99 52 01 59", "url_service_public": "https://lannuaire.service-public.gouv.fr/bretagne/ille-et-vilaine/a8ef2bee-f8a2-4531-b128-b495a64a52dc", "type_organisme": null, "date_modification": "13/12/2024 10:48:02", "latitude": 47.964893, "longitude": -1.79654, "codes_siren": "213501265,200043990"}, "bbox": [-1.79654, 47.964894, -1.79654, 47.964894]}, {"type": "Feature", "id": "administration.fid--17174f5a_19f2e433d8d_-4af4", "geometry": {"type": "Point", "coordinates": [-1.682855, 48.113818]}, "geometry_name": "geom", "properties": {"id": "6605d149-f33b-44b7-a9b0-6979c0041d70", "nom": "Commissariat de police de Rennes - Secteur Centre", "nom_commune": "Rennes", "adresse_principale": "16 rue de Penhoet 35000 Rennes", "siret": null, "categorie": "Service local", "code_insee": "35238", "horaires": "<b>Lundi - Jeudi</b><br>\n09:30 - 13:00\n14:00 - 18:00<br>\n<b>Vendredi</b><br>\n09:30 - 13:00\n14:00 - 17:30", "mail": null, "site_internet": "https://www.masecurite.interieur.gouv.fr/fr", "telephone": "02 57 87 10 40", "url_service_public": "https://lannuaire.service-public.gouv.fr/bretagne/ille-et-vilaine/6605d149-f33b-44b7-a9b0-6979c0041d70", "type_organisme": null, "date_modification": "12/07/2024 16:05:45", "latitude": 48.11382, "longitude": -1.6828552, "codes_siren": "213502388,243500139"}, "bbox": [-1.682855, 48.113818, -1.682855, 48.113818]}, {"type": "Feature", "id": "administration.fid--17174f5a_19f2e433d8d_-4af3", "geometry": {"type": "Point", "coordinates": [-1.67712, 48.093826]}, "geometry_name": "geom", "properties": {"id": "4e6fd481-1894-4cfa-ae47-63e3f4170c9d", "nom": "Espace conseil France Rénov' - Rennes", "nom_commune": "Rennes", "adresse_principale": "104 boulevard Georges-Clemenceau 35200 Rennes", "siret": null, "categorie": "Service local", "code_insee": "35238", "horaires": "<b>Lundi - Vendredi</b><br>\n09:00 - 12:00\n13:30 - 16:30", "mail": "infoenergie@alec-rennes.org", "site_internet": "https://ecotravo.rennesmetropole.fr/", "telephone": "08 00 00 03 53", "url_service_public": "https://lannuaire.service-public.gouv.fr/bretagne/ille-et-vilaine/4e6fd481-1894-4cfa-ae47-63e3f4170c9d", "type_organisme": null, "date_modification": "24/11/2025 11:12:36", "latitude": 48.093826, "longitude": -1.67712, "codes_siren": "213502388,243500139"}, "bbox": [-1.67712, 48.093826, -1.67712, 48.093826]}, {"type": "Feature", "id": "administration.fid--17174f5a_19f2e433d8d_-4af2", "geometry": {"type": "Point", "coordinates": [-1.437446, 48.184]}, "geometry_name": "geom", "properties": {"id": "1b0c6033-ba4b-4f10-985a-218ff33ae5b2", "nom": "Police municipale - La Bouëxière", "nom_commune": "La Bouëxière", "adresse_principale": "5 rue Théophile-Rémond 35340 La Bouëxière", "siret": null, "categorie": "Service local", "code_insee": "35031", "horaires": null, "mail": "police.municipale@mairie-labouexiere.fr", "site_internet": null, "telephone": null, "url_service_public": "https://lannuaire.service-public.gouv.fr/bretagne/ille-et-vilaine/1b0c6033-ba4b-4f10-985a-218ff33ae5b2", "type_organisme": null, "date_modification": "10/11/2025 17:08:22", "latitude": 48.184, "longitude": -1.437446, "codes_siren": "213500317,243500774"}, "bbox": [-1.437446, 48.184, -1.437446, 48.184]}, {"type": "Feature", "id": "administration.fid--17174f5a_19f2e433d8d_-4af1", "geometry": {"type": "Point", "coordinates": [-1.948911, 48.248863]}, "geometry_name": "geom", "properties": {"id": "92524d4d-f9af-4962-be01-d5e226b4b3bc", "nom": "Centre communal d'action sociale (CCAS) - Irodouer", "nom_commune": "Irodouër", "adresse_principale": "3 Rue de la Mairie 35850 Irodouër", "siret": "26350442500012", "categorie": "Service local", "code_insee": "35135", "horaires": null, "mail": null, "site_internet": null, "telephone": "+33299398156", "url_service_public": "https://lannuaire.service-public.gouv.fr/bretagne/ille-et-vilaine/92524d4d-f9af-4962-be01-d5e226b4b3bc", "type_organisme": null, "date_modification": "24/02/2026 08:10:01", "latitude": 48.248863, "longitude": -1.948911, "codes_siren": "213501356,200038990"}, "bbox": [-1.948911, 48.248863, -1.948911, 48.248863]}, {"type": "Feature", "id": "administration.fid--17174f5a_19f2e433d8d_-4af0", "geometry": {"type": "Point", "coordinates": [-1.604439, 48.26173]}, "geometry_name": "geom", "properties": {"id": "904aa348-7f0e-4857-b6c6-6627da0bdf4f", "nom": "Point d'information local dédié aux personnes âgées - Saint-Aubin-d'Aubigné", "nom_commune": "Saint-Aubin-d'Aubigné", "adresse_principale": "Centre local d'information et de coordination - L'Ille et L'Illet 35250 Saint-Aubin-d'Aubigné", "siret": null, "categorie": "Service local", "code_insee": "35251", "horaires": "<b>Lundi - Mardi</b><br>\n10:00 - 12:00\n14:00 - 16:00<br>\n<b>Mercredi</b><br>\n10:00 - 12:00<br>\n<b>Jeudi - Vendredi</b><br>\n10:00 - 12:00\n14:00 - 16:00", "mail": "clic-ille-illet@orange.fr", "site_internet": "http://www.clic-ille-illet.fr", "telephone": "02 23 37 13 99", "url_service_public": "https://lannuaire.service-public.gouv.fr/bretagne/ille-et-vilaine/904aa348-7f0e-4857-b6c6-6627da0bdf4f", "type_organisme": null, "date_modification": "17/09/2025 10:38:46", "latitude": 48.26173, "longitude": -1.604439, "codes_siren": "213502511,243500667"}, "bbox": [-1.604439, 48.26173, -1.604439, 48.26173]}, {"type": "Feature", "id": "administration.fid--17174f5a_19f2e433d8d_-4aef", "geometry": {"type": "Point", "coordinates": [-1.674855, 48.106924]}, "geometry_name": "geom", "properties": {"id": "f9bbf376-8fbd-4ee6-9b42-c1f596637387", "nom": "Service départemental de l'enregistrement - Ille-et-Vilaine", "nom_commune": "Rennes", "adresse_principale": "2 boulevard Magenta - Bât B 35000 Rennes", "siret": null, "categorie": "Service local", "code_insee": "35238", "horaires": "<b>Lundi - Vendredi</b><br>\n08:45 - 12:00", "mail": "sde.rennes@dgfip.finances.gouv.fr", "site_internet": "https://www.impots.gouv.fr", "telephone": "02 99 29 23 23", "url_service_public": "https://lannuaire.service-public.gouv.fr/bretagne/ille-et-vilaine/f9bbf376-8fbd-4ee6-9b42-c1f596637387", "type_organisme": null, "date_modification": "16/07/2024 11:17:44", "latitude": 48.106922, "longitude": -1.674855, "codes_siren": "213502388,243500139"}, "bbox": [-1.674855, 48.106924, -1.674855, 48.106924]}, {"type": "Feature", "id": "administration.fid--17174f5a_19f2e433d8d_-4aee", "geometry": {"type": "Point", "coordinates": [-1.56638, 48.237202]}, "geometry_name": "geom", "properties": {"id": "654b6db2-0045-402e-b024-c5e7b8915a68", "nom": "Mairie - Chasné-sur-Illet", "nom_commune": "Chasné-sur-Illet", "adresse_principale": "1 la Porte-Pilet 35250 Chasné-sur-Illet", "siret": "21350067100010", "categorie": "Service local", "code_insee": "35067", "horaires": "<b>Lundi</b><br>\n13:30 - 18:00<br>\n<b>Mercredi</b><br>\n09:00 - 12:30\n14:00 - 17:00<br>\n<b>Jeudi - Vendredi</b><br>\n09:00 - 12:30<br>\n<b>Samedi</b><br>\n09:00 - 12:00", "mail": "mairie@chasnesurillet.fr", "site_internet": "https://www.chasnesurillet.fr/", "telephone": "02 99 55 22 79", "url_service_public": "https://lannuaire.service-public.gouv.fr/bretagne/ille-et-vilaine/654b6db2-0045-402e-b024-c5e7b8915a68", "type_organisme": null, "date_modification": "05/05/2025 15:32:59", "latitude": 48.2372, "longitude": -1.56638, "codes_siren": "213500671,243500774"}, "bbox": [-1.56638, 48.237202, -1.56638, 48.237202]}, {"type": "Feature", "id": "administration.fid--17174f5a_19f2e433d8d_-4aed", "geometry": {"type": "Point", "coordinates": [-1.861581, 47.91943]}, "geometry_name": "geom", "properties": {"id": "a5b18899-22f8-4ef3-9ee6-02ff8c72c438", "nom": "Centre communal d'action sociale (CCAS) - Guignen", "nom_commune": "Guignen", "adresse_principale": "4 Rue de la Mairie 35580 Guignen", "siret": "26350142100014", "categorie": "Service local", "code_insee": "35127", "horaires": null, "mail": null, "site_internet": null, "telephone": "+33299922063", "url_service_public": "https://lannuaire.service-public.gouv.fr/bretagne/ille-et-vilaine/a5b18899-22f8-4ef3-9ee6-02ff8c72c438", "type_organisme": null, "date_modification": "24/02/2026 08:10:04", "latitude": 47.91943, "longitude": -1.861581, "codes_siren": "213501273,200043990"}, "bbox": [-1.861581, 47.91943, -1.861581, 47.91943]}, {"type": "Feature", "id": "administration.fid--17174f5a_19f2e433d8d_-4aec", "geometry": {"type": "Point", "coordinates": [-1.521943, 48.06134]}, "geometry_name": "geom", "properties": {"id": "ee2f7c00-b6d2-4ec2-a2c3-3d56e6b73235", "nom": "Centre communal d'action sociale (CCAS) - Domloup", "nom_commune": "Domloup", "adresse_principale": "Allée de l'Étang 35410 Domloup", "siret": "26350333600012", "categorie": "Service local", "code_insee": "35099", "horaires": null, "mail": null, "site_internet": null, "telephone": "+33299374209", "url_service_public": "https://lannuaire.service-public.gouv.fr/bretagne/ille-et-vilaine/ee2f7c00-b6d2-4ec2-a2c3-3d56e6b73235", "type_organisme": null, "date_modification": "24/02/2026 08:10:16", "latitude": 48.06134, "longitude": -1.521943, "codes_siren": "213500994,243500659"}, "bbox": [-1.521943, 48.06134, -1.521943, 48.06134]}, {"type": "Feature", "id": "administration.fid--17174f5a_19f2e433d8d_-4aeb", "geometry": {"type": "Point", "coordinates": [-1.512171, 48.054229]}, "geometry_name": "geom", "properties": {"id": "cbe355db-eecf-44e2-8580-34018f6249c2", "nom": "Espace conseil France Rénov' - Châteaugiron", "nom_commune": "Châteaugiron", "adresse_principale": "16 rue de Rennes 35410 Châteaugiron", "siret": null, "categorie": "Service local", "code_insee": "35069", "horaires": "<b>Lundi - Vendredi</b><br>\n09:00 - 12:30\n13:30 - 17:30", "mail": "renovation@pcc.bzh", "site_internet": "https://www.communaute.paysdechateaugiron.bzh/le-point-info-renovation/", "telephone": "02 99 37 67 68", "url_service_public": "https://lannuaire.service-public.gouv.fr/bretagne/ille-et-vilaine/cbe355db-eecf-44e2-8580-34018f6249c2", "type_organisme": null, "date_modification": "22/10/2025 13:48:51", "latitude": 48.05423, "longitude": -1.512171, "codes_siren": "200064483,243500659"}, "bbox": [-1.512171, 48.054229, -1.512171, 48.054229]}, {"type": "Feature", "id": "administration.fid--17174f5a_19f2e433d8d_-4aea", "geometry": {"type": "Point", "coordinates": [-1.67734, 48.103095]}, "geometry_name": "geom", "properties": {"id": "90e5306c-1f2e-43b6-be90-a1621d96d604", "nom": "Association pour l'emploi des cadres (Apec) de Rennes", "nom_commune": "Rennes", "adresse_principale": "22 rue de l'Alma 35000 Rennes", "siret": null, "categorie": "Service local", "code_insee": "35238", "horaires": "<b>Lundi - Vendredi</b><br>\n10:00 - 19:00", "mail": null, "site_internet": "https://www.apec.fr/", "telephone": "0 809 361 212", "url_service_public": "https://lannuaire.service-public.gouv.fr/bretagne/ille-et-vilaine/90e5306c-1f2e-43b6-be90-a1621d96d604", "type_organisme": null, "date_modification": "27/06/2025 09:19:47", "latitude": 48.103096, "longitude": -1.67734, "codes_siren": "213502388,243500139"}, "bbox": [-1.67734, 48.103095, -1.67734, 48.103095]}, {"type": "Feature", "id": "administration.fid--17174f5a_19f2e433d8d_-4ae9", "geometry": {"type": "Point", "coordinates": [-1.68361, 48.157745]}, "geometry_name": "geom", "properties": {"id": "2764e7e9-7ab5-4310-ae16-42e40aa1729b", "nom": "Conseil régional de l'ordre des experts-comptables (CROEC) - Bretagne", "nom_commune": "Saint-Grégoire", "adresse_principale": "Bâtiment O 35760 Saint-Grégoire", "siret": "80375081900028", "categorie": "Service institutionnel", "code_insee": "35278", "horaires": null, "mail": "contact@oecbretagne.fr", "site_internet": "https://www.bretagne.experts-comptables.fr/", "telephone": "02 99 83 37 37", "url_service_public": "https://lannuaire.service-public.gouv.fr/bretagne/ille-et-vilaine/2764e7e9-7ab5-4310-ae16-42e40aa1729b", "type_organisme": "Ordre professionnel", "date_modification": "07/10/2025 14:01:22", "latitude": null, "longitude": null, "codes_siren": "213502784,243500139"}, "bbox": [-1.68361, 48.157745, -1.68361, 48.157745]}, {"type": "Feature", "id": "administration.fid--17174f5a_19f2e433d8d_-4ae8", "geometry": {"type": "Point", "coordinates": [-1.615241, 48.086814]}, "geometry_name": "geom", "properties": {"id": "e6383d83-bc39-40a8-9ea1-93c7597b6d4a", "nom": "Centre communal d'action sociale (CCAS) - Chantepie", "nom_commune": "Chantepie", "adresse_principale": "101A Avenue André Bonnin 35135 Chantepie", "siret": "26350052200010", "categorie": "Service local", "code_insee": "35055", "horaires": null, "mail": "ccas@ville-chantepie.fr", "site_internet": "https://chantepie.fr/actions-sociales/ccas-centre-communal-action-sociale/", "telephone": "+33299410527", "url_service_public": "https://lannuaire.service-public.gouv.fr/bretagne/ille-et-vilaine/e6383d83-bc39-40a8-9ea1-93c7597b6d4a", "type_organisme": null, "date_modification": "24/02/2026 08:10:15", "latitude": 48.086815, "longitude": -1.615241, "codes_siren": "213500556,243500139"}, "bbox": [-1.615241, 48.086814, -1.615241, 48.086814]}, {"type": "Feature", "id": "administration.fid--17174f5a_19f2e433d8d_-4ae7", "geometry": {"type": "Point", "coordinates": [-1.88962, 48.21663]}, "geometry_name": "geom", "properties": {"id": "09906020-1a0f-4a85-a346-e22915523de2", "nom": "France services - Romillé", "nom_commune": "Romillé", "adresse_principale": "Place des Frères-Aubert 35850 Romillé", "siret": null, "categorie": "Service local", "code_insee": "35245", "horaires": "<b>Lundi</b><br>\n14:00 - 17:30<br>\n<b>Mardi</b><br>\n08:45 - 12:15<br>\n<b>Mercredi</b><br>\n08:45 - 12:15\n14:00 - 18:30<br>\n<b>Jeudi</b><br>\n08:45 - 12:15<br>\n<b>Vendredi</b><br>\n08:45 - 12:15\n14:00 - 17:30", "mail": "france.services@romille.fr", "site_internet": "https://www.france-services.gouv.fr", "telephone": "02 30 03 42 66", "url_service_public": "https://lannuaire.service-public.gouv.fr/bretagne/ille-et-vilaine/09906020-1a0f-4a85-a346-e22915523de2", "type_organisme": null, "date_modification": "10/02/2025 15:31:31", "latitude": 48.21663, "longitude": -1.88962, "codes_siren": "213502453,243500139"}, "bbox": [-1.88962, 48.21663, -1.88962, 48.21663]}, {"type": "Feature", "id": "administration.fid--17174f5a_19f2e433d8d_-4ae6", "geometry": {"type": "Point", "coordinates": [-1.616806, 48.099517]}, "geometry_name": "geom", "properties": {"id": "720b5cfe-db04-4074-a8b0-ab19ce254d29", "nom": "Confédération régionale de l'artisanat et des petites entreprises du bâtiment  (Capeb) - Bretagne", "nom_commune": "Cesson-Sévigné", "adresse_principale": "40 rue du Bignon 35510 Cesson-Sévigné", "siret": "41440735300039", "categorie": "Service institutionnel", "code_insee": "35051", "horaires": null, "mail": "contact@capeb-bretagne.fr", "site_internet": null, "telephone": "02 99 85 51 20", "url_service_public": "https://lannuaire.service-public.gouv.fr/bretagne/ille-et-vilaine/720b5cfe-db04-4074-a8b0-ab19ce254d29", "type_organisme": "Ordre professionnel", "date_modification": "09/01/2026 10:26:31", "latitude": 48.099518, "longitude": -1.616806, "codes_siren": "213500515,243500139"}, "bbox": [-1.616806, 48.099517, -1.616806, 48.099517]}, {"type": "Feature", "id": "administration.fid--17174f5a_19f2e433d8d_-4ae5", "geometry": {"type": "Point", "coordinates": [-1.71371, 48.079109]}, "geometry_name": "geom", "properties": {"id": "773e89a7-25e3-46b2-9b07-b80352c27d7a", "nom": "Mairie - Saint-Jacques-de-la-Lande", "nom_commune": "Saint-Jacques-de-la-Lande", "adresse_principale": "1 rue François-Mitterrand 35136 Saint-Jacques-de-la-Lande", "siret": "21350281800247", "categorie": "Service local", "code_insee": "35281", "horaires": "<b>Lundi - Jeudi</b><br>\n08:30 - 12:00\n13:30 - 17:30<br>\n<b>Vendredi</b><br>\n08:30 - 16:30<br>\n<b>Samedi</b><br>\n10:00 - 12:00", "mail": "mairie@st-jacques.fr", "site_internet": "https://www.st-jacques.fr/", "telephone": "02 99 29 75 30", "url_service_public": "https://lannuaire.service-public.gouv.fr/bretagne/ille-et-vilaine/773e89a7-25e3-46b2-9b07-b80352c27d7a", "type_organisme": null, "date_modification": "18/07/2025 11:10:04", "latitude": 48.07911, "longitude": -1.7137103, "codes_siren": "213502818,243500139"}, "bbox": [-1.71371, 48.079109, -1.71371, 48.079109]}, {"type": "Feature", "id": "administration.fid--17174f5a_19f2e433d8d_-4ae4", "geometry": {"type": "Point", "coordinates": [-1.714075, 48.080542]}, "geometry_name": "geom", "properties": {"id": "bdd1231f-8626-46bd-8428-0536af8066f9", "nom": "Point information jeunesse - Saint-Jacques-de-la-Lande", "nom_commune": "Saint-Jacques-de-la-Lande", "adresse_principale": "10 rue François-Mitterand 35136 Saint-Jacques-de-la-Lande", "siret": null, "categorie": "Service local", "code_insee": "35281", "horaires": "<b>Lundi</b><br>\n15:00 - 17:00<br>\n<b>Mardi</b><br>\n16:00 - 18:30<br>\n<b>Mercredi</b><br>\n09:00 - 12:00\n14:00 - 18:30<br>\n<b>Jeudi - Vendredi</b><br>\n15:00 - 17:00", "mail": "cij@centredelalande.fr", "site_internet": "https://www.centredelalande.bzh/", "telephone": "02 99 35 62 12", "url_service_public": "https://lannuaire.service-public.gouv.fr/bretagne/ille-et-vilaine/bdd1231f-8626-46bd-8428-0536af8066f9", "type_organisme": null, "date_modification": "25/09/2025 10:48:54", "latitude": 48.080544, "longitude": -1.714075, "codes_siren": "213502818,243500139"}, "bbox": [-1.714075, 48.080542, -1.714075, 48.080542]}, {"type": "Feature", "id": "administration.fid--17174f5a_19f2e433d8d_-4ae3", "geometry": {"type": "Point", "coordinates": [-1.674855, 48.106924]}, "geometry_name": "geom", "properties": {"id": "8d1f2435-435d-42cf-bfec-51a0b2cc1b11", "nom": "Service des impôts des particuliers (SIP) - Rennes 2", "nom_commune": "Rennes", "adresse_principale": "2 boulevard Magenta 35000 Rennes", "siret": "13001493900370", "categorie": "Service local", "code_insee": "35238", "horaires": "<b>Lundi - Vendredi</b><br>\n08:45 - 12:00", "mail": null, "site_internet": "https://www.impots.gouv.fr/accueil", "telephone": "0 809 401 401", "url_service_public": "https://lannuaire.service-public.gouv.fr/bretagne/ille-et-vilaine/8d1f2435-435d-42cf-bfec-51a0b2cc1b11", "type_organisme": null, "date_modification": "14/04/2025 14:13:16", "latitude": 48.106922, "longitude": -1.674855, "codes_siren": "213502388,243500139"}, "bbox": [-1.674855, 48.106924, -1.674855, 48.106924]}, {"type": "Feature", "id": "administration.fid--17174f5a_19f2e433d8d_-4ae2", "geometry": {"type": "Point", "coordinates": [-1.68365, 48.1109]}, "geometry_name": "geom", "properties": {"id": "0c333755-7390-4cf7-9d51-6b1873f50a71", "nom": "Trésorerie du contrôle automatisé", "nom_commune": "Rennes Cedex", "adresse_principale": " 35012 Rennes Cedex", "siret": null, "categorie": "Service local", "code_insee": "35238", "horaires": null, "mail": null, "site_internet": "https://www.antai.gouv.fr", "telephone": "08 06 60 66 06", "url_service_public": "https://lannuaire.service-public.gouv.fr/bretagne/ille-et-vilaine/0c333755-7390-4cf7-9d51-6b1873f50a71", "type_organisme": null, "date_modification": "10/11/2025 21:51:07", "latitude": 48.1109, "longitude": -1.68365, "codes_siren": "213502388,243500139"}, "bbox": [-1.68365, 48.1109, -1.68365, 48.1109]}, {"type": "Feature", "id": "administration.fid--17174f5a_19f2e433d8d_-4ae1", "geometry": {"type": "Point", "coordinates": [-1.67486, 48.130706]}, "geometry_name": "geom", "properties": {"id": "bfbf13a5-74c5-4732-a610-adb584bbac61", "nom": "Direction des sécurités (DS) - Ille-et-Vilaine", "nom_commune": "Rennes", "adresse_principale": "81 boulevard d'Armorique 35700 Rennes", "siret": null, "categorie": "Service institutionnel", "code_insee": "35238", "horaires": null, "mail": "prefecture@ille-et-vilaine.gouv.fr", "site_internet": "https://www.ille-et-vilaine.gouv.fr", "telephone": "0 800 71 36 35", "url_service_public": "https://lannuaire.service-public.gouv.fr/bretagne/ille-et-vilaine/bfbf13a5-74c5-4732-a610-adb584bbac61", "type_organisme": "Préfecture, sous-préfecture", "date_modification": "28/02/2024 15:23:49", "latitude": 48.130707, "longitude": -1.67486, "codes_siren": "213502388,243500139"}, "bbox": [-1.67486, 48.130706, -1.67486, 48.130706]}, {"type": "Feature", "id": "administration.fid--17174f5a_19f2e433d8d_-4ae0", "geometry": {"type": "Point", "coordinates": [-1.825619, 48.293359]}, "geometry_name": "geom", "properties": {"id": "3326da6e-cb25-4b7c-8d95-44ce90ff57be", "nom": "Fédération départementale des chasseurs - Îlle-et-Vilaine", "nom_commune": "Saint-Symphorien", "adresse_principale": " 35630 Saint-Symphorien", "siret": null, "categorie": "Service local", "code_insee": "35130", "horaires": "<b>Lundi - Mardi</b><br>\n09:00 - 17:15<br>\n<b>Jeudi - Vendredi</b><br>\n09:00 - 17:15", "mail": "fdc35@fdc35.com", "site_internet": "http://www.fdc35.com", "telephone": "02 99 45 50 20", "url_service_public": "https://lannuaire.service-public.gouv.fr/bretagne/ille-et-vilaine/3326da6e-cb25-4b7c-8d95-44ce90ff57be", "type_organisme": null, "date_modification": "09/08/2023 13:45:24", "latitude": 48.293358, "longitude": -1.8256187, "codes_siren": "213501307,243500733"}, "bbox": [-1.825619, 48.293359, -1.825619, 48.293359]}, {"type": "Feature", "id": "administration.fid--17174f5a_19f2e433d8d_-4adf", "geometry": {"type": "Point", "coordinates": [-1.498383, 47.959494]}, "geometry_name": "geom", "properties": {"id": "0d37a675-218b-49a4-9c09-b92e1d98cc65", "nom": "Mairie - Janzé", "nom_commune": "Janzé", "adresse_principale": "Place de l'Hôtel de Ville 35150 Janzé", "siret": "21350136400011", "categorie": "Service local", "code_insee": "35136", "horaires": "<b>Lundi</b><br>\n09:00 - 12:00\n14:00 - 17:00<br>\n<b>Mardi</b><br>\n09:00 - 12:00<br>\n<b>Mercredi - Vendredi</b><br>\n09:00 - 12:00\n14:00 - 17:00<br>\n<b>Samedi</b><br>\n09:00 - 12:00", "mail": "mairie@janze.fr", "site_internet": "https://www.janze.fr", "telephone": "02 99 47 00 54", "url_service_public": "https://lannuaire.service-public.gouv.fr/bretagne/ille-et-vilaine/0d37a675-218b-49a4-9c09-b92e1d98cc65", "type_organisme": null, "date_modification": "16/07/2025 10:52:49", "latitude": 47.95949, "longitude": -1.4983827, "codes_siren": "213501364,243500634"}, "bbox": [-1.498383, 47.959494, -1.498383, 47.959494]}, {"type": "Feature", "id": "administration.fid--17174f5a_19f2e433d8d_-4ade", "geometry": {"type": "Point", "coordinates": [-1.488066, 48.343356]}, "geometry_name": "geom", "properties": {"id": "0cecd3e7-032a-4231-9d65-638ce94753b3", "nom": "Mairie - Vieux-Vy-sur-Couesnon", "nom_commune": "Vieux-Vy-sur-Couesnon", "adresse_principale": "12 rue Zacharie-Roussin 35490 Vieux-Vy-sur-Couesnon", "siret": "21350355000013", "categorie": "Service local", "code_insee": "35355", "horaires": "<b>Lundi - Jeudi</b><br>\n09:00 - 12:20<br>\n<b>Vendredi</b><br>\n09:00 - 12:20\n14:00 - 17:00<br>\n<b>Samedi</b><br>\n09:00 - 12:00", "mail": "vieux.vy@orange.fr", "site_internet": "https://www.vieux-vy-sur-couesnon.fr", "telephone": "02 99 39 50 49", "url_service_public": "https://lannuaire.service-public.gouv.fr/bretagne/ille-et-vilaine/0cecd3e7-032a-4231-9d65-638ce94753b3", "type_organisme": null, "date_modification": "05/05/2025 15:31:01", "latitude": 48.343357, "longitude": -1.488066, "codes_siren": "213503550,243500667"}, "bbox": [-1.488066, 48.343356, -1.488066, 48.343356]}, {"type": "Feature", "id": "administration.fid--17174f5a_19f2e433d8d_-4add", "geometry": {"type": "Point", "coordinates": [-1.546434, 48.041783]}, "geometry_name": "geom", "properties": {"id": "8be19e37-7838-4ecd-937b-382a7cc2362d", "nom": "Mairie - Nouvoitou", "nom_commune": "Nouvoitou", "adresse_principale": "3 place de l'Église 35410 Nouvoitou", "siret": "21350204000016", "categorie": "Service local", "code_insee": "35204", "horaires": "<b>Lundi</b><br>\n08:30 - 12:00\n13:30 - 18:00<br>\n<b>Mardi</b><br>\n08:30 - 12:00<br>\n<b>Mercredi</b><br>\n08:30 - 12:00\n13:30 - 17:00<br>\n<b>Jeudi</b><br>\n08:30 - 12:00<br>\n<b>Vendredi</b><br>\n08:30 - 12:00\n13:30 - 16:00<br>\n<b>Samedi</b><br>\n09:00 - 12:00", "mail": "accueilmairie@nouvoitou.fr", "site_internet": "https://www.nouvoitou.fr", "telephone": "02 99 37 42 71", "url_service_public": "https://lannuaire.service-public.gouv.fr/bretagne/ille-et-vilaine/8be19e37-7838-4ecd-937b-382a7cc2362d", "type_organisme": null, "date_modification": "18/07/2025 14:22:24", "latitude": 48.041782, "longitude": -1.546434, "codes_siren": "213502040,243500139"}, "bbox": [-1.546434, 48.041783, -1.546434, 48.041783]}, {"type": "Feature", "id": "administration.fid--17174f5a_19f2e433d8d_-4adc", "geometry": {"type": "Point", "coordinates": [-1.518873, 48.29746]}, "geometry_name": "geom", "properties": {"id": "dccad84c-214e-4903-86a4-8e0f3a06ce7e", "nom": "Centre communal d'action sociale (CCAS) - Gahard", "nom_commune": "Gahard", "adresse_principale": "7 Place de la Mairie 35490 Gahard", "siret": "26350135500014", "categorie": "Service local", "code_insee": "35118", "horaires": null, "mail": null, "site_internet": null, "telephone": "+33299395016", "url_service_public": "https://lannuaire.service-public.gouv.fr/bretagne/ille-et-vilaine/dccad84c-214e-4903-86a4-8e0f3a06ce7e", "type_organisme": null, "date_modification": "24/02/2026 08:10:13", "latitude": 48.29746, "longitude": -1.518873, "codes_siren": "213501182,243500667"}, "bbox": [-1.518873, 48.29746, -1.518873, 48.29746]}, {"type": "Feature", "id": "administration.fid--17174f5a_19f2e433d8d_-4adb", "geometry": {"type": "Point", "coordinates": [-1.503244, 48.048807]}, "geometry_name": "geom", "properties": {"id": "3b2a2c4f-0793-45e1-8c34-de0c961e8209", "nom": "Mairie - Châteaugiron", "nom_commune": "Châteaugiron", "adresse_principale": "Boulevard Julien-et-Pierre-Gourdel 35410 Châteaugiron", "siret": "20006448300015", "categorie": "Service local", "code_insee": "35069", "horaires": "<b>Lundi - Vendredi</b><br>\n08:00 - 12:00\n13:30 - 17:00<br>\n<b>Samedi</b><br>\n09:00 - 12:00", "mail": "mairie@ville-chateaugiron.fr", "site_internet": "https://www.ville-chateaugiron.fr/", "telephone": "02 99 37 41 69", "url_service_public": "https://lannuaire.service-public.gouv.fr/bretagne/ille-et-vilaine/3b2a2c4f-0793-45e1-8c34-de0c961e8209", "type_organisme": null, "date_modification": "17/07/2025 10:25:04", "latitude": 48.048805, "longitude": -1.503244, "codes_siren": "200064483,243500659"}, "bbox": [-1.503244, 48.048807, -1.503244, 48.048807]}, {"type": "Feature", "id": "administration.fid--17174f5a_19f2e433d8d_-4ada", "geometry": {"type": "Point", "coordinates": [-1.976448, 47.950933]}, "geometry_name": "geom", "properties": {"id": "932dbbdf-fd47-4b98-aab6-0e51b1dac215", "nom": "Mairie - Bovel", "nom_commune": "Bovel", "adresse_principale": "3 rue du Tramway 35330 Bovel", "siret": "21350035800014", "categorie": "Service local", "code_insee": "35035", "horaires": "<b>Lundi</b><br>\n09:00 - 11:45<br>\n<b>Mardi</b><br>\n09:00 - 11:45\n13:30 - 18:30<br>\n<b>Jeudi - Vendredi</b><br>\n09:00 - 11:45", "mail": "secretariat.mairie@bovel.fr", "site_internet": "https://www.bovel.fr/", "telephone": "02 99 92 00 34", "url_service_public": "https://lannuaire.service-public.gouv.fr/bretagne/ille-et-vilaine/932dbbdf-fd47-4b98-aab6-0e51b1dac215", "type_organisme": null, "date_modification": "05/05/2025 15:33:52", "latitude": 47.95093, "longitude": -1.976448, "codes_siren": "213500358,200043990"}, "bbox": [-1.976448, 47.950933, -1.976448, 47.950933]}, {"type": "Feature", "id": "administration.fid--17174f5a_19f2e433d8d_-4ad9", "geometry": {"type": "Point", "coordinates": [-1.581354, 48.153237]}, "geometry_name": "geom", "properties": {"id": "0feb067e-709a-49c0-8d38-ad7280e591d6", "nom": "Centre communal d'action sociale (CCAS) - Thorigné-Fouillard", "nom_commune": "Thorigné-Fouillard", "adresse_principale": "4 Rue de Rennes 35235 Thorigné-Fouillard", "siret": "26350306200048", "categorie": "Service local", "code_insee": "35334", "horaires": null, "mail": "ccas@thorignefouillard.fr", "site_internet": "https://www.ville-thorigne-fouillard.fr/mon-quotidien/solidarite-ccas-2/", "telephone": "+33299045467", "url_service_public": "https://lannuaire.service-public.gouv.fr/bretagne/ille-et-vilaine/0feb067e-709a-49c0-8d38-ad7280e591d6", "type_organisme": null, "date_modification": "05/03/2026 22:34:06", "latitude": 48.153236, "longitude": -1.581354, "codes_siren": "213503345,243500139"}, "bbox": [-1.581354, 48.153237, -1.581354, 48.153237]}, {"type": "Feature", "id": "administration.fid--17174f5a_19f2e433d8d_-4ad8", "geometry": {"type": "Point", "coordinates": [-1.67407, 48.1132]}, "geometry_name": "geom", "properties": {"id": "87a4190c-21b5-4ddf-92bc-fd715d007e5f", "nom": "Secrétariat général pour les affaires régionales (SGAR) - Bretagne", "nom_commune": "Rennes", "adresse_principale": "3 rue Martenot 35000 Rennes", "siret": null, "categorie": "Service institutionnel", "code_insee": "35238", "horaires": null, "mail": null, "site_internet": "https://www.prefectures-regions.gouv.fr/bretagne", "telephone": "02 99 02 10 35", "url_service_public": "https://lannuaire.service-public.gouv.fr/bretagne/ille-et-vilaine/87a4190c-21b5-4ddf-92bc-fd715d007e5f", "type_organisme": "Préfecture, sous-préfecture", "date_modification": "06/03/2024 17:39:25", "latitude": 48.1132, "longitude": -1.67407, "codes_siren": "213502388,243500139"}, "bbox": [-1.67407, 48.1132, -1.67407, 48.1132]}, {"type": "Feature", "id": "administration.fid--17174f5a_19f2e433d8d_-4ad7", "geometry": {"type": "Point", "coordinates": [-1.946292, 47.80943]}, "geometry_name": "geom", "properties": {"id": "4ead4517-08ac-4c90-ab47-559952248be5", "nom": "Centre communal d'action sociale (CCAS) - Pipriac", "nom_commune": "Pipriac", "adresse_principale": "13 Place de la Mairie 35550 Pipriac", "siret": "26350205600017", "categorie": "Service local", "code_insee": "35219", "horaires": null, "mail": null, "site_internet": null, "telephone": "+33299344287", "url_service_public": "https://lannuaire.service-public.gouv.fr/bretagne/ille-et-vilaine/4ead4517-08ac-4c90-ab47-559952248be5", "type_organisme": null, "date_modification": "24/02/2026 08:09:50", "latitude": 47.80943, "longitude": -1.946292, "codes_siren": "213502198,243500741"}, "bbox": [-1.946292, 47.80943, -1.946292, 47.80943]}, {"type": "Feature", "id": "administration.fid--17174f5a_19f2e433d8d_-4ad6", "geometry": {"type": "Point", "coordinates": [-1.674855, 48.106924]}, "geometry_name": "geom", "properties": {"id": "0b616f8b-b8ca-41ac-80f6-69e50850b970", "nom": "Service des impôts des entreprises (SIE) - Rennes 1", "nom_commune": "Rennes", "adresse_principale": "2 boulevard Magenta 35000 Rennes", "siret": "13001493900230", "categorie": "Service local", "code_insee": "35238", "horaires": "<b>Lundi - Mardi</b><br>\n08:45 - 12:00\n13:30 - 16:00<br>\n<b>Mercredi</b><br>\n08:45 - 12:00<br>\n<b>Jeudi</b><br>\n08:45 - 12:00\n13:30 - 16:00<br>\n<b>Vendredi</b><br>\n08:45 - 12:00", "mail": null, "site_internet": "https://www.impots.gouv.fr", "telephone": "02 99 29 27 83", "url_service_public": "https://lannuaire.service-public.gouv.fr/bretagne/ille-et-vilaine/0b616f8b-b8ca-41ac-80f6-69e50850b970", "type_organisme": null, "date_modification": "19/03/2025 11:54:52", "latitude": 48.106922, "longitude": -1.674855, "codes_siren": "213502388,243500139"}, "bbox": [-1.674855, 48.106924, -1.674855, 48.106924]}, {"type": "Feature", "id": "administration.fid--17174f5a_19f2e433d8d_-4ad5", "geometry": {"type": "Point", "coordinates": [-1.797501, 47.965639]}, "geometry_name": "geom", "properties": {"id": "b0dbbfe5-2f22-420d-b90f-99d3d7fa65f7", "nom": "Service de gestion comptable (SGC) - Guichen", "nom_commune": "Guichen", "adresse_principale": "Place Georges-le-Cornec 35580 Guichen", "siret": null, "categorie": "Service local", "code_insee": "35126", "horaires": "<b>Lundi - Vendredi</b><br>\n09:00 - 12:00", "mail": "sgc.guichen@dgfip.finances.gouv.fr", "site_internet": "https://www.impots.gouv.fr/accueil", "telephone": "02 99 57 01 18", "url_service_public": "https://lannuaire.service-public.gouv.fr/bretagne/ille-et-vilaine/b0dbbfe5-2f22-420d-b90f-99d3d7fa65f7", "type_organisme": null, "date_modification": "16/07/2024 11:25:32", "latitude": 47.965637, "longitude": -1.7975011, "codes_siren": "213501265,200043990"}, "bbox": [-1.797501, 47.965639, -1.797501, 47.965639]}, {"type": "Feature", "id": "administration.fid--17174f5a_19f2e433d8d_-4ad4", "geometry": {"type": "Point", "coordinates": [-1.699907, 48.12747]}, "geometry_name": "geom", "properties": {"id": "e37a45b2-27e3-493c-bf1f-ff8e7a9bc7ff", "nom": "Direction régionale de l'alimentation, de l'agriculture et de la forêt (Draaf) - Bretagne", "nom_commune": "Rennes", "adresse_principale": "15 avenue de Cucillé 35000 Rennes", "siret": "13000709900018", "categorie": "Service institutionnel", "code_insee": "35238", "horaires": "<b>Lundi - Jeudi</b><br>\n08:45 - 12:30\n13:45 - 17:00<br>\n<b>Vendredi</b><br>\n08:45 - 12:30\n13:45 - 16:00", "mail": null, "site_internet": "https://draaf.bretagne.agriculture.gouv.fr/", "telephone": "02 99 28 21 00", "url_service_public": "https://lannuaire.service-public.gouv.fr/bretagne/ille-et-vilaine/e37a45b2-27e3-493c-bf1f-ff8e7a9bc7ff", "type_organisme": "Service déconcentré", "date_modification": "03/03/2026 08:47:13", "latitude": 48.12747, "longitude": -1.699907, "codes_siren": "213502388,243500139"}, "bbox": [-1.699907, 48.12747, -1.699907, 48.12747]}, {"type": "Feature", "id": "administration.fid--17174f5a_19f2e433d8d_-4ad3", "geometry": {"type": "Point", "coordinates": [-1.505423, 48.214118]}, "geometry_name": "geom", "properties": {"id": "22aa989a-4e58-4fdc-8fb2-c6a518f21d15", "nom": "Mairie - Liffré", "nom_commune": "Liffré", "adresse_principale": "Rue de Fougères 35340 Liffré", "siret": "21350152100016", "categorie": "Service local", "code_insee": "35152", "horaires": "<b>Lundi - Mercredi</b><br>\n08:45 - 12:15\n13:30 - 17:00<br>\n<b>Jeudi</b><br>\n08:45 - 12:15<br>\n<b>Vendredi</b><br>\n08:45 - 12:15\n13:30 - 17:00<br>\n<b>Samedi</b><br>\n09:30 - 12:30", "mail": "contact@ville-liffre.fr", "site_internet": "https://www.ville-liffre.fr", "telephone": "02 99 68 31 45", "url_service_public": "https://lannuaire.service-public.gouv.fr/bretagne/ille-et-vilaine/22aa989a-4e58-4fdc-8fb2-c6a518f21d15", "type_organisme": null, "date_modification": "16/07/2025 14:00:41", "latitude": 48.21412, "longitude": -1.505423, "codes_siren": "213501521,243500774"}, "bbox": [-1.505423, 48.214118, -1.505423, 48.214118]}, {"type": "Feature", "id": "administration.fid--17174f5a_19f2e433d8d_-4ad2", "geometry": {"type": "Point", "coordinates": [-1.82416, 48.291262]}, "geometry_name": "geom", "properties": {"id": "564a2ebc-9ee5-4dd9-9ce6-8bfcda44727a", "nom": "Centre communal d'action sociale (CCAS) - Saint-Symphorien", "nom_commune": "Saint-Symphorien", "adresse_principale": "Le Bourg 35630 Saint-Symphorien", "siret": "26350463100015", "categorie": "Service local", "code_insee": "35317", "horaires": null, "mail": null, "site_internet": null, "telephone": "+33299455241", "url_service_public": "https://lannuaire.service-public.gouv.fr/bretagne/ille-et-vilaine/564a2ebc-9ee5-4dd9-9ce6-8bfcda44727a", "type_organisme": null, "date_modification": "24/02/2026 08:09:51", "latitude": 48.291264, "longitude": -1.82416, "codes_siren": "200011062,243500667"}, "bbox": [-1.82416, 48.291262, -1.82416, 48.291262]}, {"type": "Feature", "id": "administration.fid--17174f5a_19f2e433d8d_-4ad1", "geometry": {"type": "Point", "coordinates": [-1.578689, 48.218393]}, "geometry_name": "geom", "properties": {"id": "9bc1af59-7e9c-476a-9a53-66edb5d13120", "nom": "Mairie - Saint-Sulpice-la-Forêt", "nom_commune": "Saint-Sulpice-la-Forêt", "adresse_principale": "3 rue de l'Abbaye 35250 Saint-Sulpice-la-Forêt", "siret": "21350315400014", "categorie": "Service local", "code_insee": "35315", "horaires": "<b>Lundi</b><br>\n14:00 - 18:00<br>\n<b>Mardi - Samedi</b><br>\n09:00 - 12:00", "mail": "secretariat.mairie@saint-sulpice-la-foret.fr", "site_internet": "https://saint-sulpice-la-foret.fr/", "telephone": "02 99 66 23 63", "url_service_public": "https://lannuaire.service-public.gouv.fr/bretagne/ille-et-vilaine/9bc1af59-7e9c-476a-9a53-66edb5d13120", "type_organisme": null, "date_modification": "26/02/2026 10:37:39", "latitude": 48.21839, "longitude": -1.578689, "codes_siren": "213503154,243500139"}, "bbox": [-1.578689, 48.218393, -1.578689, 48.218393]}, {"type": "Feature", "id": "administration.fid--17174f5a_19f2e433d8d_-4ad0", "geometry": {"type": "Point", "coordinates": [-1.664034, 48.130785]}, "geometry_name": "geom", "properties": {"id": "857b64fe-1d0a-443c-b307-3aca91bda346", "nom": "Point-justice de l’UDAF 35 de Rennes", "nom_commune": "RENNES", "adresse_principale": "1 rue du Houx 35700 RENNES", "siret": null, "categorie": "Service local", "code_insee": "35238", "horaires": null, "mail": null, "site_internet": "https://www.cdad-ca-rennes.fr/", "telephone": "02 30 03 95 60", "url_service_public": "https://lannuaire.service-public.gouv.fr/bretagne/ille-et-vilaine/857b64fe-1d0a-443c-b307-3aca91bda346", "type_organisme": null, "date_modification": "03/10/2025 04:36:25", "latitude": 48.130787, "longitude": -1.664034, "codes_siren": "213502388,243500139"}, "bbox": [-1.664034, 48.130785, -1.664034, 48.130785]}, {"type": "Feature", "id": "administration.fid--17174f5a_19f2e433d8d_-4acf", "geometry": {"type": "Point", "coordinates": [-1.674855, 48.106924]}, "geometry_name": "geom", "properties": {"id": "1bcc5f15-e983-41bd-9f88-ca31f94f59d4", "nom": "Service des impôts des particuliers (SIP) - Rennes 1", "nom_commune": "Rennes", "adresse_principale": "2 boulevard Magenta 35000 Rennes", "siret": "13001493900370", "categorie": "Service local", "code_insee": "35238", "horaires": "<b>Lundi - Vendredi</b><br>\n08:45 - 12:00", "mail": null, "site_internet": "https://www.impots.gouv.fr/accueil", "telephone": "0 809 401 401", "url_service_public": "https://lannuaire.service-public.gouv.fr/bretagne/ille-et-vilaine/1bcc5f15-e983-41bd-9f88-ca31f94f59d4", "type_organisme": null, "date_modification": "14/04/2025 14:08:54", "latitude": 48.106922, "longitude": -1.674855, "codes_siren": "213502388,243500139"}, "bbox": [-1.674855, 48.106924, -1.674855, 48.106924]}, {"type": "Feature", "id": "administration.fid--17174f5a_19f2e433d8d_-4ace", "geometry": {"type": "Point", "coordinates": [-1.693679, 48.11878]}, "geometry_name": "geom", "properties": {"id": "7efa3a0b-aeb6-4350-92f6-8e062991a199", "nom": "Service d’aide médicale urgente (Samu) - Ille-et-Vilaine", "nom_commune": "Rennes", "adresse_principale": "2 rue Henri Le Guilloux 35000 Rennes", "siret": null, "categorie": "Service institutionnel", "code_insee": "35238", "horaires": null, "mail": null, "site_internet": "https://www.chu-rennes.fr/je-cherche/services-348/samu-smur-urgences-adultes-63.html", "telephone": "02 99 28 43 21", "url_service_public": "https://lannuaire.service-public.gouv.fr/bretagne/ille-et-vilaine/7efa3a0b-aeb6-4350-92f6-8e062991a199", "type_organisme": "Établissement public", "date_modification": "04/03/2026 14:19:41", "latitude": 48.11878, "longitude": -1.693679, "codes_siren": "213502388,243500139"}, "bbox": [-1.693679, 48.11878, -1.693679, 48.11878]}, {"type": "Feature", "id": "administration.fid--17174f5a_19f2e433d8d_-4acd", "geometry": {"type": "Point", "coordinates": [-1.826991, 48.34445]}, "geometry_name": "geom", "properties": {"id": "bb37b7cf-23c6-4e12-80ad-91a6e8cfcd8f", "nom": "Mairie - Québriac", "nom_commune": "Québriac", "adresse_principale": "5 rue de la Liberté 35190 Québriac", "siret": "21350233900012", "categorie": "Service local", "code_insee": "35233", "horaires": "<b>Mardi - Jeudi</b><br>\n08:30 - 12:00<br>\n<b>Vendredi</b><br>\n08:30 - 12:00\n14:00 - 17:00<br>\n<b>Samedi</b><br>\n08:30 - 12:00", "mail": "mairie@quebriac.fr", "site_internet": "http://www.quebriac.fr", "telephone": "02 99 68 03 52", "url_service_public": "https://lannuaire.service-public.gouv.fr/bretagne/ille-et-vilaine/bb37b7cf-23c6-4e12-80ad-91a6e8cfcd8f", "type_organisme": null, "date_modification": "05/05/2025 15:34:37", "latitude": 48.34445, "longitude": -1.826991, "codes_siren": "213502339,243500733"}, "bbox": [-1.826991, 48.34445, -1.826991, 48.34445]}, {"type": "Feature", "id": "administration.fid--17174f5a_19f2e433d8d_-4acc", "geometry": {"type": "Point", "coordinates": [-1.630915, 48.119466]}, "geometry_name": "geom", "properties": {"id": "a4e99b01-145f-4c66-8e41-f8aec636380e", "nom": "Conseil économique, social et environnemental régional (Ceser) - Bretagne", "nom_commune": "Cesson-Sévigné", "adresse_principale": "5 rue de la Châtaigneraie 35510 Cesson-Sévigné", "siret": null, "categorie": "Service institutionnel", "code_insee": "35238", "horaires": null, "mail": "contact@ceser.bretagne.bzh", "site_internet": "https://ceser.bretagne.bzh", "telephone": "02 99 87 18 75", "url_service_public": "https://lannuaire.service-public.gouv.fr/bretagne/ille-et-vilaine/a4e99b01-145f-4c66-8e41-f8aec636380e", "type_organisme": "Collectivité locale", "date_modification": "25/11/2025 14:43:57", "latitude": 48.119465, "longitude": -1.630915, "codes_siren": "213502388,243500139"}, "bbox": [-1.630915, 48.119466, -1.630915, 48.119466]}, {"type": "Feature", "id": "administration.fid--17174f5a_19f2e433d8d_-4acb", "geometry": {"type": "Point", "coordinates": [-1.67346, 48.10376]}, "geometry_name": "geom", "properties": {"id": "c4bbdd2e-91ed-43d1-a923-735db0f8ccc2", "nom": "Centre d'information de conseil et d'accueil des salariés (Cicas) - Ille-et-Vilaine", "nom_commune": "Rennes", "adresse_principale": "26 boulevard de Beaumont 35000 Rennes", "siret": null, "categorie": "Service local", "code_insee": "35238", "horaires": "<b>Lundi - Jeudi</b><br>\n09:00 - 12:00\n13:30 - 16:15<br>\n<b>Vendredi</b><br>\n09:00 - 11:45\n13:30 - 16:15", "mail": null, "site_internet": "https://www.cicas.agirc-arrco.fr", "telephone": "09 70 66 06 60", "url_service_public": "https://lannuaire.service-public.gouv.fr/bretagne/ille-et-vilaine/c4bbdd2e-91ed-43d1-a923-735db0f8ccc2", "type_organisme": null, "date_modification": "25/09/2025 15:17:57", "latitude": 48.10376, "longitude": -1.67346, "codes_siren": "213502388,243500139"}, "bbox": [-1.67346, 48.10376, -1.67346, 48.10376]}, {"type": "Feature", "id": "administration.fid--17174f5a_19f2e433d8d_-4aca", "geometry": {"type": "Point", "coordinates": [-1.8371, 48.0775]}, "geometry_name": "geom", "properties": {"id": "6abe7a15-e855-41bc-897f-dca573e71fe4", "nom": "Brigade de gendarmerie - Mordelles", "nom_commune": "Mordelles", "adresse_principale": "91 avenue du Maréchal Leclerc 35310 Mordelles", "siret": null, "categorie": "Service local", "code_insee": "35196", "horaires": null, "mail": null, "site_internet": "https://www.gendarmerie.interieur.gouv.fr", "telephone": "02 99 60 40 12", "url_service_public": "https://lannuaire.service-public.gouv.fr/bretagne/ille-et-vilaine/6abe7a15-e855-41bc-897f-dca573e71fe4", "type_organisme": null, "date_modification": "24/10/2024 09:10:42", "latitude": 48.0775, "longitude": -1.8371, "codes_siren": "213501968,243500139"}, "bbox": [-1.8371, 48.0775, -1.8371, 48.0775]}, {"type": "Feature", "id": "administration.fid--17174f5a_19f2e433d8d_-4ac9", "geometry": {"type": "Point", "coordinates": [-1.77259, 48.14676]}, "geometry_name": "geom", "properties": {"id": "b3f800f6-22ef-4d57-ae0c-0b51ffa0b5c7", "nom": "Police municipale - Pacé", "nom_commune": "Pacé", "adresse_principale": "11 avenue Brizeux 35740 Pacé", "siret": null, "categorie": "Service local", "code_insee": "35210", "horaires": null, "mail": "police.municipale@ville-pace.fr", "site_internet": null, "telephone": "02 23 41 30 33", "url_service_public": "https://lannuaire.service-public.gouv.fr/bretagne/ille-et-vilaine/b3f800f6-22ef-4d57-ae0c-0b51ffa0b5c7", "type_organisme": null, "date_modification": "10/11/2025 17:15:32", "latitude": 48.14676, "longitude": -1.77259, "codes_siren": "213502107,243500139"}, "bbox": [-1.77259, 48.14676, -1.77259, 48.14676]}, {"type": "Feature", "id": "administration.fid--17174f5a_19f2e433d8d_-4ac8", "geometry": {"type": "Point", "coordinates": [-1.795384, 48.101097]}, "geometry_name": "geom", "properties": {"id": "f455e400-3a62-4ef7-b41e-7f1d60f4ef02", "nom": "Mairie - Le Rheu", "nom_commune": "Le Rheu", "adresse_principale": "Place de la Mairie 35651 Le Rheu", "siret": "21350240400014", "categorie": "Service local", "code_insee": "35240", "horaires": "<b>Lundi</b><br>\n08:30 - 12:30\n13:30 - 18:00<br>\n<b>Mardi - Mercredi</b><br>\n08:30 - 12:30\n13:30 - 17:30<br>\n<b>Jeudi</b><br>\n13:30 - 18:00<br>\n<b>Vendredi</b><br>\n08:30 - 12:30\n13:30 - 17:00", "mail": "mairie@ville-lerheu.fr", "site_internet": "https://www.lerheu.fr", "telephone": "02 99 60 71 31", "url_service_public": "https://lannuaire.service-public.gouv.fr/bretagne/ille-et-vilaine/f455e400-3a62-4ef7-b41e-7f1d60f4ef02", "type_organisme": null, "date_modification": "29/07/2025 11:17:10", "latitude": 48.101097, "longitude": -1.795384, "codes_siren": "213502404,243500139"}, "bbox": [-1.795384, 48.101097, -1.795384, 48.101097]}, {"type": "Feature", "id": "administration.fid--17174f5a_19f2e433d8d_-4ac7", "geometry": {"type": "Point", "coordinates": [-1.99404, 47.89371]}, "geometry_name": "geom", "properties": {"id": "309a9fa9-fbc5-4da7-b666-aa9667a55fe0", "nom": "France services - Val d'Anast", "nom_commune": "Val d’Anast", "adresse_principale": "7 rue du Querpon 35330 Val d’Anast", "siret": null, "categorie": "Service local", "code_insee": "35168", "horaires": "<b>Lundi - Mardi</b><br>\n09:00 - 12:30\n13:30 - 17:00<br>\n<b>Mercredi</b><br>\n09:00 - 12:30\n13:30 - 18:00<br>\n<b>Jeudi</b><br>\n09:00 - 12:30<br>\n<b>Vendredi</b><br>\n13:00 - 16:45", "mail": "fs.chorus@vallonsdehautebretagne.fr", "site_internet": "https://www.france-services.gouv.fr", "telephone": "02 99 92 46 99", "url_service_public": "https://lannuaire.service-public.gouv.fr/bretagne/ille-et-vilaine/309a9fa9-fbc5-4da7-b666-aa9667a55fe0", "type_organisme": null, "date_modification": "10/02/2025 15:32:03", "latitude": 47.89371, "longitude": -1.99404, "codes_siren": "200064475,200043990"}, "bbox": [-1.99404, 47.89371, -1.99404, 47.89371]}, {"type": "Feature", "id": "administration.fid--17174f5a_19f2e433d8d_-4ac6", "geometry": {"type": "Point", "coordinates": [-1.682883, 48.154311]}, "geometry_name": "geom", "properties": {"id": "e4981763-999f-4370-b917-b5ade91f1e86", "nom": "Mairie - Saint-Grégoire", "nom_commune": "Saint-Grégoire", "adresse_principale": "10 rue Chateaubriand 35760 Saint-Grégoire", "siret": "21350278400019", "categorie": "Service local", "code_insee": "35278", "horaires": "<b>Lundi - Vendredi</b><br>\n09:00 - 12:30\n13:30 - 17:30<br>\n<b>Samedi</b><br>\n09:00 - 12:30", "mail": "mairie@saint-gregoire.fr", "site_internet": "https://www.saint-gregoire.fr", "telephone": "02 99 23 19 23", "url_service_public": "https://lannuaire.service-public.gouv.fr/bretagne/ille-et-vilaine/e4981763-999f-4370-b917-b5ade91f1e86", "type_organisme": null, "date_modification": "03/11/2025 09:41:15", "latitude": 48.154312, "longitude": -1.682883, "codes_siren": "213502784,243500139"}, "bbox": [-1.682883, 48.154311, -1.682883, 48.154311]}, {"type": "Feature", "id": "administration.fid--17174f5a_19f2e433d8d_-4ac5", "geometry": {"type": "Point", "coordinates": [-1.892561, 48.21518]}, "geometry_name": "geom", "properties": {"id": "b2d37773-2542-4fe3-9194-de7ebbb8bf09", "nom": "Centre communal d'action sociale (CCAS) - Romille", "nom_commune": "Romillé", "adresse_principale": "Place de la Mairie 35850 Romillé", "siret": "26350453200015", "categorie": "Service local", "code_insee": "35245", "horaires": null, "mail": null, "site_internet": null, "telephone": "+33299232459", "url_service_public": "https://lannuaire.service-public.gouv.fr/bretagne/ille-et-vilaine/b2d37773-2542-4fe3-9194-de7ebbb8bf09", "type_organisme": null, "date_modification": "24/02/2026 08:10:07", "latitude": 48.21518, "longitude": -1.892561, "codes_siren": "213502453,243500139"}, "bbox": [-1.892561, 48.21518, -1.892561, 48.21518]}, {"type": "Feature", "id": "administration.fid--17174f5a_19f2e433d8d_-4ac4", "geometry": {"type": "Point", "coordinates": [-1.302683, 48.237365]}, "geometry_name": "geom", "properties": {"id": "2f2cd788-e115-48b8-afa4-7b0b2915df5d", "nom": "Mairie - Mecé", "nom_commune": "Mecé", "adresse_principale": "3 place de la Mairie 35450 Mecé", "siret": "21350170300010", "categorie": "Service local", "code_insee": "35170", "horaires": "<b>Lundi - Mardi</b><br>\n09:30 - 12:30\n14:00 - 17:30<br>\n<b>Jeudi - Vendredi</b><br>\n09:30 - 12:30\n14:00 - 17:30", "mail": "secretariat@mairiemece.fr", "site_internet": "https://mairiemece.fr/", "telephone": "02 99 76 05 43", "url_service_public": "https://lannuaire.service-public.gouv.fr/bretagne/ille-et-vilaine/2f2cd788-e115-48b8-afa4-7b0b2915df5d", "type_organisme": null, "date_modification": "16/07/2025 15:12:29", "latitude": 48.237366, "longitude": -1.302683, "codes_siren": "213501703,200039022"}, "bbox": [-1.302683, 48.237365, -1.302683, 48.237365]}, {"type": "Feature", "id": "administration.fid--17174f5a_19f2e433d8d_-4ac3", "geometry": {"type": "Point", "coordinates": [-1.716802, 48.117386]}, "geometry_name": "geom", "properties": {"id": "92e508c5-3127-418e-8aa3-02cee8698750", "nom": "Direction régionale de l'environnement, de l'aménagement et du logement (Dréal) - Bretagne", "nom_commune": "Rennes", "adresse_principale": "10 rue Maurice-Fabre 35000 Rennes", "siret": null, "categorie": "Service institutionnel", "code_insee": "35238", "horaires": "<b>Lundi - Jeudi</b><br>\n09:00 - 12:00\n14:00 - 17:00<br>\n<b>Vendredi</b><br>\n09:00 - 12:00\n14:00 - 16:00", "mail": null, "site_internet": "https://www.bretagne.developpement-durable.gouv.fr/", "telephone": "02 99 33 45 55", "url_service_public": "https://lannuaire.service-public.gouv.fr/bretagne/ille-et-vilaine/92e508c5-3127-418e-8aa3-02cee8698750", "type_organisme": "Service déconcentré", "date_modification": "10/11/2025 17:24:58", "latitude": 48.117386, "longitude": -1.716802, "codes_siren": "213502388,243500139"}, "bbox": [-1.716802, 48.117386, -1.716802, 48.117386]}, {"type": "Feature", "id": "administration.fid--17174f5a_19f2e433d8d_-4ac2", "geometry": {"type": "Point", "coordinates": [-1.54799, 47.882325]}, "geometry_name": "geom", "properties": {"id": "8f1c03de-0f47-4f21-bafe-9b6c4111c73b", "nom": "Centre communal d'action sociale (CCAS) - Tresbœuf", "nom_commune": "Tresbœuf", "adresse_principale": "9 Rue des Merisiers 35320 Tresbœuf", "siret": "21350343600015", "categorie": "Service local", "code_insee": "35343", "horaires": null, "mail": "mairie@tresboeuf.fr", "site_internet": "https://www.tresboeuf.fr/ccas/", "telephone": "+33299446310", "url_service_public": "https://lannuaire.service-public.gouv.fr/bretagne/ille-et-vilaine/8f1c03de-0f47-4f21-bafe-9b6c4111c73b", "type_organisme": null, "date_modification": "24/02/2026 08:10:00", "latitude": 47.882324, "longitude": -1.54799, "codes_siren": "213503436,200070662"}, "bbox": [-1.54799, 47.882325, -1.54799, 47.882325]}, {"type": "Feature", "id": "administration.fid--17174f5a_19f2e433d8d_-4ac1", "geometry": {"type": "Point", "coordinates": [-1.74506, 48.02324]}, "geometry_name": "geom", "properties": {"id": "6ecc07ae-051a-4a7a-8195-b8ad06b07d55", "nom": "Brigade de gendarmerie - Bruz", "nom_commune": "Bruz", "adresse_principale": "8 avenue du Général de Gaulle 35170 Bruz", "siret": null, "categorie": "Service local", "code_insee": "35047", "horaires": null, "mail": null, "site_internet": "https://www.gendarmerie.interieur.gouv.fr", "telephone": "02 99 52 61 06", "url_service_public": "https://lannuaire.service-public.gouv.fr/bretagne/ille-et-vilaine/6ecc07ae-051a-4a7a-8195-b8ad06b07d55", "type_organisme": null, "date_modification": "24/10/2024 09:10:47", "latitude": 48.02324, "longitude": -1.74506, "codes_siren": "213500473,243500139"}, "bbox": [-1.74506, 48.02324, -1.74506, 48.02324]}, {"type": "Feature", "id": "administration.fid--17174f5a_19f2e433d8d_-4ac0", "geometry": {"type": "Point", "coordinates": [-1.968641, 47.89767]}, "geometry_name": "geom", "properties": {"id": "a85bb3dc-f9c2-4093-85fa-10293ef98e1f", "nom": "Centre communal d'action sociale (CCAS) - Mernel", "nom_commune": "Mernel", "adresse_principale": "37 Rue Principale 35330 Mernel", "siret": "26350184300019", "categorie": "Service local", "code_insee": "35175", "horaires": null, "mail": null, "site_internet": null, "telephone": "+33299349187", "url_service_public": "https://lannuaire.service-public.gouv.fr/bretagne/ille-et-vilaine/a85bb3dc-f9c2-4093-85fa-10293ef98e1f", "type_organisme": null, "date_modification": "24/02/2026 08:10:05", "latitude": 47.89767, "longitude": -1.968641, "codes_siren": "213501752,200043990"}, "bbox": [-1.968641, 47.89767, -1.968641, 47.89767]}, {"type": "Feature", "id": "administration.fid--17174f5a_19f2e433d8d_-4abf", "geometry": {"type": "Point", "coordinates": [-1.673846, 48.119507]}, "geometry_name": "geom", "properties": {"id": "ea7a37da-ed1c-4ebe-a4d3-bbdd048f9a37", "nom": "Rectorat - Académie de Rennes", "nom_commune": "Rennes", "adresse_principale": "96 rue d'Antrain 35000 Rennes", "siret": "17350430900019", "categorie": "Service institutionnel", "code_insee": "35238", "horaires": "<b>Lundi - Vendredi</b><br>\n09:00 - 16:30", "mail": null, "site_internet": "https://www.ac-rennes.fr/", "telephone": "02 23 21 77 77", "url_service_public": "https://lannuaire.service-public.gouv.fr/bretagne/ille-et-vilaine/ea7a37da-ed1c-4ebe-a4d3-bbdd048f9a37", "type_organisme": "Service déconcentré", "date_modification": "23/01/2026 11:32:39", "latitude": 48.119507, "longitude": -1.673846, "codes_siren": "213502388,243500139"}, "bbox": [-1.673846, 48.119507, -1.673846, 48.119507]}, {"type": "Feature", "id": "administration.fid--17174f5a_19f2e433d8d_-4abe", "geometry": {"type": "Point", "coordinates": [-1.67971, 48.104218]}, "geometry_name": "geom", "properties": {"id": "4d5e031c-b0d0-46c5-9692-1293f5faa824", "nom": "Service de gestion comptable (SGC) - Rennes", "nom_commune": "Rennes Cedex", "adresse_principale": "32 place du Colombier 35031 Rennes Cedex", "siret": null, "categorie": "Service local", "code_insee": "35238", "horaires": "<b>Lundi - Vendredi</b><br>\n08:45 - 12:00", "mail": "sgc.rennes@dgfip.finances.gouv.fr", "site_internet": "https://www.impots.gouv.fr/accueil", "telephone": "02 99 31 48 66", "url_service_public": "https://lannuaire.service-public.gouv.fr/bretagne/ille-et-vilaine/4d5e031c-b0d0-46c5-9692-1293f5faa824", "type_organisme": null, "date_modification": "17/07/2024 09:34:51", "latitude": 48.104218, "longitude": -1.67971, "codes_siren": "213502388,243500139"}, "bbox": [-1.67971, 48.104218, -1.67971, 48.104218]}, {"type": "Feature", "id": "administration.fid--17174f5a_19f2e433d8d_-4abd", "geometry": {"type": "Point", "coordinates": [-1.854328, 48.244477]}, "geometry_name": "geom", "properties": {"id": "0a78f112-007e-4520-b756-f48f34d1ecc1", "nom": "Centre communal d'action sociale (CCAS) - Langan", "nom_commune": "Langan", "adresse_principale": "12 Rue de Romillé 35850 Langan", "siret": "26350443300016", "categorie": "Service local", "code_insee": "35144", "horaires": null, "mail": null, "site_internet": null, "telephone": "+33299232263", "url_service_public": "https://lannuaire.service-public.gouv.fr/bretagne/ille-et-vilaine/0a78f112-007e-4520-b756-f48f34d1ecc1", "type_organisme": null, "date_modification": "24/02/2026 08:09:36", "latitude": 48.244476, "longitude": -1.854328, "codes_siren": "213501448,243500139"}, "bbox": [-1.854328, 48.244477, -1.854328, 48.244477]}, {"type": "Feature", "id": "administration.fid--17174f5a_19f2e433d8d_-4abc", "geometry": {"type": "Point", "coordinates": [-1.406698, 48.108693]}, "geometry_name": "geom", "properties": {"id": "0e32d139-75b6-4b54-aa4b-a22da9292b5c", "nom": "Centre communal d'action sociale (CCAS) - Châteaubourg", "nom_commune": "Châteaubourg", "adresse_principale": "9 Rue Louis Pasteur 35220 Châteaubourg", "siret": "26350064700049", "categorie": "Service local", "code_insee": "35068", "horaires": null, "mail": "ccas@chateaubourg.fr", "site_internet": "https://www.chateaubourg.fr/ccas/", "telephone": "+33299008763", "url_service_public": "https://lannuaire.service-public.gouv.fr/bretagne/ille-et-vilaine/0e32d139-75b6-4b54-aa4b-a22da9292b5c", "type_organisme": null, "date_modification": "24/02/2026 08:09:36", "latitude": 48.108692, "longitude": -1.406698, "codes_siren": "213500689,200039022"}, "bbox": [-1.406698, 48.108693, -1.406698, 48.108693]}, {"type": "Feature", "id": "administration.fid--17174f5a_19f2e433d8d_-4abb", "geometry": {"type": "Point", "coordinates": [-1.580713, 48.156266]}, "geometry_name": "geom", "properties": {"id": "b90d6aa9-def1-45e6-82ca-4b5e7b1c98a1", "nom": "Centre de gestion de la fonction publique territoriale - Ille-et-Vilaine", "nom_commune": "Thorigné-Fouillard", "adresse_principale": "1 avenue de Tizé 35236 Thorigné-Fouillard", "siret": "18001404502203", "categorie": "Service local", "code_insee": "35334", "horaires": "<b>Lundi - Jeudi</b><br>\n08:30 - 12:30\n13:30 - 17:30<br>\n<b>Vendredi</b><br>\n08:30 - 12:30\n13:30 - 17:00", "mail": "contact@cdg35.fr", "site_internet": "https://www.cdg35.bzh/", "telephone": "02 99 23 31 00", "url_service_public": "https://lannuaire.service-public.gouv.fr/bretagne/ille-et-vilaine/b90d6aa9-def1-45e6-82ca-4b5e7b1c98a1", "type_organisme": null, "date_modification": "06/01/2026 10:40:03", "latitude": 48.156265, "longitude": -1.5807128, "codes_siren": "213503345,243500139"}, "bbox": [-1.580713, 48.156266, -1.580713, 48.156266]}, {"type": "Feature", "id": "administration.fid--17174f5a_19f2e433d8d_-4aba", "geometry": {"type": "Point", "coordinates": [-1.68026, 48.1118]}, "geometry_name": "geom", "properties": {"id": "57bc74ed-7296-46ba-b63e-da180276aaaf", "nom": "Direction régionale de l'Insee - Bretagne", "nom_commune": "Rennes", "adresse_principale": "35 place du Colombier 35000 Rennes", "siret": null, "categorie": "Service institutionnel", "code_insee": "35238", "horaires": null, "mail": "dr-bretagne@insee.fr", "site_internet": "https://www.insee.fr/fr/information/2016662", "telephone": "09 72 72 40 00", "url_service_public": "https://lannuaire.service-public.gouv.fr/bretagne/ille-et-vilaine/57bc74ed-7296-46ba-b63e-da180276aaaf", "type_organisme": "Service déconcentré", "date_modification": "08/01/2025 13:32:03", "latitude": 48.1118, "longitude": -1.68026, "codes_siren": "213502388,243500139"}, "bbox": [-1.68026, 48.1118, -1.68026, 48.1118]}, {"type": "Feature", "id": "administration.fid--17174f5a_19f2e433d8d_-4ab9", "geometry": {"type": "Point", "coordinates": [-1.836433, 48.267255]}, "geometry_name": "geom", "properties": {"id": "345404cf-6f69-4dd8-acd4-cc95ab4565d3", "nom": "Centre communal d'action sociale (CCAS) - Saint-Gondran", "nom_commune": "Saint-Gondran", "adresse_principale": "63 Rue de la Touche Mulon 35630 Saint-Gondran", "siret": "21350276800012", "categorie": "Service local", "code_insee": "35276", "horaires": null, "mail": "mairiestgondran@orange.fr", "site_internet": "https://www.saint-gondran.fr/ccas-c7.html", "telephone": "+33299458430", "url_service_public": "https://lannuaire.service-public.gouv.fr/bretagne/ille-et-vilaine/345404cf-6f69-4dd8-acd4-cc95ab4565d3", "type_organisme": null, "date_modification": "24/02/2026 08:09:44", "latitude": 48.267254, "longitude": -1.836433, "codes_siren": "213502768,243500667"}, "bbox": [-1.836433, 48.267255, -1.836433, 48.267255]}, {"type": "Feature", "id": "administration.fid--17174f5a_19f2e433d8d_-4ab8", "geometry": {"type": "Point", "coordinates": [-1.660933, 48.273601]}, "geometry_name": "geom", "properties": {"id": "148f0c76-017e-41a6-8227-0e6125c2109e", "nom": "Mairie - Saint-Médard-sur-Ille", "nom_commune": "Saint-Médard-sur-Ille", "adresse_principale": "2 rue de la Mairie 35250 Saint-Médard-sur-Ille", "siret": "21350296600012", "categorie": "Service local", "code_insee": "35296", "horaires": "<b>Lundi - Vendredi</b><br>\n08:30 - 12:00<br>\n<b>Samedi</b><br>\n10:00 - 12:00", "mail": "mairie@smdsi.fr", "site_internet": "https://saint-medard-sur-ille.fr/", "telephone": "02 99 55 23 53", "url_service_public": "https://lannuaire.service-public.gouv.fr/bretagne/ille-et-vilaine/148f0c76-017e-41a6-8227-0e6125c2109e", "type_organisme": null, "date_modification": "05/05/2025 15:31:13", "latitude": 48.2736, "longitude": -1.660933, "codes_siren": "213502966,243500667"}, "bbox": [-1.660933, 48.273601, -1.660933, 48.273601]}, {"type": "Feature", "id": "administration.fid--17174f5a_19f2e433d8d_-4ab7", "geometry": {"type": "Point", "coordinates": [-1.62409, 48.1301]}, "geometry_name": "geom", "properties": {"id": "ce9b7a0f-8114-472c-b1e5-afdf3b22f1e7", "nom": "Direction départementale de l'emploi, du travail et des solidarités (DDETS) - Ille-et-Vilaine", "nom_commune": "Cesson-Sévigné", "adresse_principale": "3 bis avenue de Belle-Fontaine 35510 Cesson-Sévigné", "siret": null, "categorie": "Service institutionnel", "code_insee": "35051", "horaires": "<b>Lundi - Vendredi</b><br>\n08:30 - 12:00\n13:30 - 17:00", "mail": "ddets-renseignements@ille-et-vilaine.gouv.fr", "site_internet": "https://bretagne.dreets.gouv.fr/Ille-et-Vilaine", "telephone": "02 99 12 22 22", "url_service_public": "https://lannuaire.service-public.gouv.fr/bretagne/ille-et-vilaine/ce9b7a0f-8114-472c-b1e5-afdf3b22f1e7", "type_organisme": "Service déconcentré", "date_modification": "06/06/2025 09:40:48", "latitude": 48.1301, "longitude": -1.62409, "codes_siren": "213500515,243500139"}, "bbox": [-1.62409, 48.1301, -1.62409, 48.1301]}, {"type": "Feature", "id": "administration.fid--17174f5a_19f2e433d8d_-4ab6", "geometry": {"type": "Point", "coordinates": [-1.686533, 48.105695]}, "geometry_name": "geom", "properties": {"id": "2943ee31-3568-4499-92b3-6b8daca63f5c", "nom": "Conseil départemental d'accès au droit d'Ille et Vilaine", "nom_commune": "RENNES", "adresse_principale": "7 RUE PIERRE ABELARD 35000 RENNES", "siret": null, "categorie": "Service local", "code_insee": "35238", "horaires": null, "mail": "cdad-ille-et-vilaine@justice.fr", "site_internet": "https://www.cdad-ca-rennes.fr", "telephone": null, "url_service_public": "https://lannuaire.service-public.gouv.fr/bretagne/ille-et-vilaine/2943ee31-3568-4499-92b3-6b8daca63f5c", "type_organisme": null, "date_modification": "17/01/2025 05:15:10", "latitude": 48.105694, "longitude": -1.686533, "codes_siren": "213502388,243500139"}, "bbox": [-1.686533, 48.105695, -1.686533, 48.105695]}, {"type": "Feature", "id": "administration.fid--17174f5a_19f2e433d8d_-4ab5", "geometry": {"type": "Point", "coordinates": [-1.674129, 48.119568]}, "geometry_name": "geom", "properties": {"id": "146eb19f-5bd0-445d-a2f4-e13400cc0ef2", "nom": "Délégation régionale académique à la recherche et à l’innovation (DRARI) - Bretagne", "nom_commune": "Rennes", "adresse_principale": "96 rue d'Antrain 35000 Rennes", "siret": null, "categorie": "Service institutionnel", "code_insee": "35238", "horaires": null, "mail": "drari.bretagne@recherche.gouv.fr", "site_internet": "https://www.enseignementsup-recherche.gouv.fr/fr/le-reseau-des-drari", "telephone": "02 23 21 77 05", "url_service_public": "https://lannuaire.service-public.gouv.fr/bretagne/ille-et-vilaine/146eb19f-5bd0-445d-a2f4-e13400cc0ef2", "type_organisme": "Service déconcentré", "date_modification": "10/11/2025 17:21:03", "latitude": 48.119568, "longitude": -1.674129, "codes_siren": "213502388,243500139"}, "bbox": [-1.674129, 48.119568, -1.674129, 48.119568]}, {"type": "Feature", "id": "administration.fid--17174f5a_19f2e433d8d_-4ab4", "geometry": {"type": "Point", "coordinates": [-1.669811, 48.307876]}, "geometry_name": "geom", "properties": {"id": "35f15c34-090a-4f7e-8dfd-cfdd6ab6a247", "nom": "Centre communal d'action sociale (CCAS) - Montreuil-Sur-Ille", "nom_commune": "Montreuil-sur-Ille", "adresse_principale": "19 Avenue Alexis Rey 35440 Montreuil-sur-Ille", "siret": "26350182700012", "categorie": "Service local", "code_insee": "35195", "horaires": null, "mail": null, "site_internet": null, "telephone": "+33299697107", "url_service_public": "https://lannuaire.service-public.gouv.fr/bretagne/ille-et-vilaine/35f15c34-090a-4f7e-8dfd-cfdd6ab6a247", "type_organisme": null, "date_modification": "24/02/2026 08:09:44", "latitude": 48.307877, "longitude": -1.669811, "codes_siren": "213501950,243500667"}, "bbox": [-1.669811, 48.307876, -1.669811, 48.307876]}, {"type": "Feature", "id": "administration.fid--17174f5a_19f2e433d8d_-4ab3", "geometry": {"type": "Point", "coordinates": [-1.685559, 48.104176]}, "geometry_name": "geom", "properties": {"id": "c8d5a9af-6e61-445d-97fe-d3d23ecd6a82", "nom": "Conseil départemental de l'ordre des médecins - Ille-et-Vilaine", "nom_commune": "Rennes", "adresse_principale": "4 cours Raphaël Binet 35000 Rennes", "siret": "77773893100032", "categorie": "Service institutionnel", "code_insee": "35238", "horaires": "<b>Lundi - Jeudi</b><br>\n09:00 - 12:30\n14:00 - 17:00<br>\n<b>Vendredi</b><br>\n09:00 - 12:30\n14:00 - 16:00", "mail": "cd.35@ordre.medecin.fr", "site_internet": "https://www.conseil-national.medecin.fr/contacts-ordre-des-medecins/ille-et-vilaine", "telephone": "02 99 67 45 45", "url_service_public": "https://lannuaire.service-public.gouv.fr/bretagne/ille-et-vilaine/c8d5a9af-6e61-445d-97fe-d3d23ecd6a82", "type_organisme": "Ordre professionnel", "date_modification": "10/11/2025 17:26:50", "latitude": 48.104176, "longitude": -1.685559, "codes_siren": "213502388,243500139"}, "bbox": [-1.685559, 48.104176, -1.685559, 48.104176]}, {"type": "Feature", "id": "administration.fid--17174f5a_19f2e433d8d_-4ab2", "geometry": {"type": "Point", "coordinates": [-1.424402, 48.01162]}, "geometry_name": "geom", "properties": {"id": "355d6601-ff7c-48ea-a8f7-6b3b57f86dcb", "nom": "Mairie - Piré-Chancé", "nom_commune": "Piré-Chancé", "adresse_principale": "8 rue de Vitré 35150 Piré-Chancé", "siret": "20008588400019", "categorie": "Service local", "code_insee": "35220", "horaires": "<b>Lundi</b><br>\n09:00 - 12:00\n14:00 - 17:30<br>\n<b>Mardi</b><br>\n09:00 - 12:00<br>\n<b>Mercredi</b><br>\n09:00 - 12:00\n14:00 - 17:30<br>\n<b>Jeudi</b><br>\n14:00 - 17:30<br>\n<b>Vendredi</b><br>\n09:00 - 12:00\n14:00 - 17:30<br>\n<b>Samedi</b><br>\n09:00 - 12:00", "mail": "mairie@pire-chance.bzh", "site_internet": "https://www.pire-sur-seiche.fr", "telephone": "02 99 44 41 54", "url_service_public": "https://lannuaire.service-public.gouv.fr/bretagne/ille-et-vilaine/355d6601-ff7c-48ea-a8f7-6b3b57f86dcb", "type_organisme": null, "date_modification": "05/05/2025 15:32:02", "latitude": 48.01162, "longitude": -1.424402, "codes_siren": "200085884,243500659"}, "bbox": [-1.424402, 48.01162, -1.424402, 48.01162]}, {"type": "Feature", "id": "administration.fid--17174f5a_19f2e433d8d_-4ab1", "geometry": {"type": "Point", "coordinates": [-1.653382, 48.083876]}, "geometry_name": "geom", "properties": {"id": "a836d2a7-3c98-4b49-9a85-b9ad5eb4072c", "nom": "Point-justice de la Maison des Femmes de Rennes Gisèle Halimi", "nom_commune": "RENNES", "adresse_principale": "16 boulevard de Bulgarie 35200 RENNES", "siret": null, "categorie": "Service local", "code_insee": "35238", "horaires": null, "mail": null, "site_internet": "https://www.cdad-ca-rennes.fr/", "telephone": "02 23 06 73 60", "url_service_public": "https://lannuaire.service-public.gouv.fr/bretagne/ille-et-vilaine/a836d2a7-3c98-4b49-9a85-b9ad5eb4072c", "type_organisme": null, "date_modification": "03/10/2025 04:36:26", "latitude": 48.083878, "longitude": -1.653382, "codes_siren": "213502388,243500139"}, "bbox": [-1.653382, 48.083876, -1.653382, 48.083876]}, {"type": "Feature", "id": "administration.fid--17174f5a_19f2e433d8d_-4ab0", "geometry": {"type": "Point", "coordinates": [-1.630503, 48.212093]}, "geometry_name": "geom", "properties": {"id": "28066d27-1d4a-43be-a2bb-d629dc8fa027", "nom": "Mairie - Chevaigné", "nom_commune": "Chevaigné", "adresse_principale": "7 rue de la Mairie 35250 Chevaigné", "siret": "21350079600015", "categorie": "Service local", "code_insee": "35079", "horaires": "<b>Lundi</b><br>\n09:00 - 12:30<br>\n<b>Mardi</b><br>\n09:00 - 12:30\n16:00 - 18:45<br>\n<b>Mercredi - Vendredi</b><br>\n09:00 - 12:30", "mail": "mairie@chevaigne.fr", "site_internet": "https://www.ville-chevaigne.fr", "telephone": "02 99 55 82 17", "url_service_public": "https://lannuaire.service-public.gouv.fr/bretagne/ille-et-vilaine/28066d27-1d4a-43be-a2bb-d629dc8fa027", "type_organisme": null, "date_modification": "05/05/2025 15:31:42", "latitude": 48.212093, "longitude": -1.630503, "codes_siren": "213500796,243500139"}, "bbox": [-1.630503, 48.212093, -1.630503, 48.212093]}, {"type": "Feature", "id": "administration.fid--17174f5a_19f2e433d8d_-4aaf", "geometry": {"type": "Point", "coordinates": [-1.717611, 48.117337]}, "geometry_name": "geom", "properties": {"id": "2225c825-9ddb-4327-883d-6f704105152c", "nom": "Agence nationale de l'habitat (Anah) - Délégation locale - Ille-et-Vilaine", "nom_commune": "Rennes", "adresse_principale": "12 rue Maurice Fabre 35000 Rennes", "siret": null, "categorie": "Service local", "code_insee": "35238", "horaires": "<b>Mardi</b><br>\n08:30 - 12:00<br>\n<b>Jeudi</b><br>\n08:30 - 12:00", "mail": null, "site_internet": "https://www.anah.gouv.fr", "telephone": "02 90 02 33 70", "url_service_public": "https://lannuaire.service-public.gouv.fr/bretagne/ille-et-vilaine/2225c825-9ddb-4327-883d-6f704105152c", "type_organisme": null, "date_modification": "18/12/2024 17:33:01", "latitude": 48.117336, "longitude": -1.717611, "codes_siren": "213502388,243500139"}, "bbox": [-1.717611, 48.117337, -1.717611, 48.117337]}, {"type": "Feature", "id": "administration.fid--17174f5a_19f2e433d8d_-4aae", "geometry": {"type": "Point", "coordinates": [-1.739026, 47.927938]}, "geometry_name": "geom", "properties": {"id": "599c3df8-5c06-4ae5-bedd-bfa1e7906460", "nom": "Mairie - Bourg-des-Comptes", "nom_commune": "Bourg-des-Comptes", "adresse_principale": "3 rue de la Mairie 35890 Bourg-des-Comptes", "siret": "21350033300017", "categorie": "Service local", "code_insee": "35033", "horaires": "<b>Lundi</b><br>\n13:30 - 17:30<br>\n<b>Mardi - Mercredi</b><br>\n09:00 - 12:00\n13:30 - 17:30<br>\n<b>Jeudi</b><br>\n09:00 - 12:00\n15:30 - 17:30<br>\n<b>Vendredi</b><br>\n09:00 - 12:00\n13:30 - 17:30<br>\n<b>Samedi</b><br>\n09:00 - 12:00", "mail": "mairie@bourgdescomptes.com", "site_internet": "https://www.bourgdescomptes.fr", "telephone": "02 99 05 62 62", "url_service_public": "https://lannuaire.service-public.gouv.fr/bretagne/ille-et-vilaine/599c3df8-5c06-4ae5-bedd-bfa1e7906460", "type_organisme": null, "date_modification": "17/07/2025 14:57:49", "latitude": 47.927937, "longitude": -1.739026, "codes_siren": "213500333,200043990"}, "bbox": [-1.739026, 47.927938, -1.739026, 47.927938]}, {"type": "Feature", "id": "administration.fid--17174f5a_19f2e433d8d_-4aad", "geometry": {"type": "Point", "coordinates": [-1.693679, 48.11878]}, "geometry_name": "geom", "properties": {"id": "90860fd8-8943-41d6-b688-6e7d939463b6", "nom": "Pôle investissement et logistique (CHU) - Rennes", "nom_commune": "Rennes", "adresse_principale": "2 rue Henri-Le-Guilloux 35000 Rennes", "siret": null, "categorie": "Service institutionnel", "code_insee": "35238", "horaires": null, "mail": null, "site_internet": "https://www.chu-rennes.fr/", "telephone": "02 99 28 43 21", "url_service_public": "https://lannuaire.service-public.gouv.fr/bretagne/ille-et-vilaine/90860fd8-8943-41d6-b688-6e7d939463b6", "type_organisme": "Établissement public", "date_modification": "10/11/2025 17:24:52", "latitude": 48.11878, "longitude": -1.693679, "codes_siren": "213502388,243500139"}, "bbox": [-1.693679, 48.11878, -1.693679, 48.11878]}, {"type": "Feature", "id": "administration.fid--17174f5a_19f2e433d8d_-4aac", "geometry": {"type": "Point", "coordinates": [-1.428227, 47.948761]}, "geometry_name": "geom", "properties": {"id": "d210cfea-b3fb-4917-bc3f-1dda06f73a2c", "nom": "Centre communal d'action sociale (CCAS) - Esse", "nom_commune": "Essé", "adresse_principale": "Bourg 35150 Essé", "siret": "26350121500010", "categorie": "Service local", "code_insee": "35108", "horaires": null, "mail": null, "site_internet": null, "telephone": "+33299470601", "url_service_public": "https://lannuaire.service-public.gouv.fr/bretagne/ille-et-vilaine/d210cfea-b3fb-4917-bc3f-1dda06f73a2c", "type_organisme": null, "date_modification": "25/02/2026 15:08:33", "latitude": 47.94876, "longitude": -1.428227, "codes_siren": "213501083,243500634"}, "bbox": [-1.428227, 47.948761, -1.428227, 47.948761]}, {"type": "Feature", "id": "administration.fid--17174f5a_19f2e433d8d_-4aab", "geometry": {"type": "Point", "coordinates": [-1.67486, 48.130706]}, "geometry_name": "geom", "properties": {"id": "7334f4f4-e0fb-413c-a318-8f8c4eb6c460", "nom": "Secrétariat général de la préfecture - Ille-et-Vilaine", "nom_commune": "Rennes", "adresse_principale": "81 boulevard d'Armorique 35700 Rennes", "siret": null, "categorie": "Service institutionnel", "code_insee": "35238", "horaires": null, "mail": "prefecture@ille-et-vilaine.gouv.fr", "site_internet": "https://www.ille-et-vilaine.gouv.fr/", "telephone": "0 800 71 36 35", "url_service_public": "https://lannuaire.service-public.gouv.fr/bretagne/ille-et-vilaine/7334f4f4-e0fb-413c-a318-8f8c4eb6c460", "type_organisme": "Préfecture, sous-préfecture", "date_modification": "24/09/2025 08:53:09", "latitude": 48.130707, "longitude": -1.67486, "codes_siren": "213502388,243500139"}, "bbox": [-1.67486, 48.130706, -1.67486, 48.130706]}, {"type": "Feature", "id": "administration.fid--17174f5a_19f2e433d8d_-4aaa", "geometry": {"type": "Point", "coordinates": [-1.68246, 48.1049]}, "geometry_name": "geom", "properties": {"id": "e1596702-4d63-409d-ba9f-a8d1f340d0c6", "nom": "Agence régionale de santé (ARS) - Bretagne", "nom_commune": "Rennes", "adresse_principale": "6 place des Colombes 35000 Rennes", "siret": "13000796600075", "categorie": "Service institutionnel", "code_insee": "35238", "horaires": "<b>Lundi - Jeudi</b><br>\n08:30 - 12:00\n13:30 - 17:00<br>\n<b>Vendredi</b><br>\n08:30 - 12:00\n13:30 - 16:30", "mail": "ars-bretagne-contact@ars.sante.fr", "site_internet": "https://www.bretagne.ars.sante.fr/", "telephone": "02 90 08 80 00", "url_service_public": "https://lannuaire.service-public.gouv.fr/bretagne/ille-et-vilaine/e1596702-4d63-409d-ba9f-a8d1f340d0c6", "type_organisme": "Établissement public", "date_modification": "22/08/2025 14:43:12", "latitude": 48.1049, "longitude": -1.68246, "codes_siren": "213502388,243500139"}, "bbox": [-1.68246, 48.1049, -1.68246, 48.1049]}, {"type": "Feature", "id": "administration.fid--17174f5a_19f2e433d8d_-4aa9", "geometry": {"type": "Point", "coordinates": [-1.691916, 48.118636]}, "geometry_name": "geom", "properties": {"id": "d0a6128d-1121-45e7-889c-f58297d4042d", "nom": "Pôle ressources humaines (CHU) - Rennes", "nom_commune": "Rennes Cedex 9", "adresse_principale": "2 rue Henri-Le-Guilloux 35033 Rennes Cedex 9", "siret": null, "categorie": "Service institutionnel", "code_insee": "35238", "horaires": null, "mail": null, "site_internet": "https://www.chu-rennes.fr/", "telephone": "02 99 28 43 21", "url_service_public": "https://lannuaire.service-public.gouv.fr/bretagne/ille-et-vilaine/d0a6128d-1121-45e7-889c-f58297d4042d", "type_organisme": "Établissement public", "date_modification": "09/08/2023 14:29:48", "latitude": 48.118637, "longitude": -1.691916, "codes_siren": "213502388,243500139"}, "bbox": [-1.691916, 48.118636, -1.691916, 48.118636]}, {"type": "Feature", "id": "administration.fid--17174f5a_19f2e433d8d_-4aa8", "geometry": {"type": "Point", "coordinates": [-1.77069, 48.145]}, "geometry_name": "geom", "properties": {"id": "9d343789-5c98-4f54-8c6a-98653fe302ee", "nom": "Centre de protection maternelle et infantile (PMI) - Pacé", "nom_commune": "Pacé", "adresse_principale": "4 boulevard Dumaine-de-la-Josserie 35740 Pacé", "siret": null, "categorie": "Service local", "code_insee": "35210", "horaires": "<b>Lundi</b><br>\n13:30 - 17:00<br>\n<b>Mardi - Jeudi</b><br>\n09:00 - 12:30\n13:30 - 17:00<br>\n<b>Vendredi</b><br>\n09:00 - 12:30\n13:30 - 16:30", "mail": null, "site_internet": "https://www.ille-et-vilaine.fr/", "telephone": "02 22 93 67 50", "url_service_public": "https://lannuaire.service-public.gouv.fr/bretagne/ille-et-vilaine/9d343789-5c98-4f54-8c6a-98653fe302ee", "type_organisme": null, "date_modification": "26/03/2025 13:25:13", "latitude": 48.145, "longitude": -1.77069, "codes_siren": "213502107,243500139"}, "bbox": [-1.77069, 48.145, -1.77069, 48.145]}, {"type": "Feature", "id": "administration.fid--17174f5a_19f2e433d8d_-4aa7", "geometry": {"type": "Point", "coordinates": [-1.67486, 48.130706]}, "geometry_name": "geom", "properties": {"id": "32313ae5-fd37-4ee0-9659-bf5f700811a8", "nom": "Direction des collectivités territoriales et de la citoyenneté (DCTC) - Ille-et-Vilaine", "nom_commune": "Rennes", "adresse_principale": "81 boulevard d'Armorique 35700 Rennes", "siret": null, "categorie": "Service institutionnel", "code_insee": "35238", "horaires": null, "mail": "prefecture@ille-et-vilaine.gouv.fr", "site_internet": "https://www.ille-et-vilaine.gouv.fr", "telephone": "0 800 71 36 35", "url_service_public": "https://lannuaire.service-public.gouv.fr/bretagne/ille-et-vilaine/32313ae5-fd37-4ee0-9659-bf5f700811a8", "type_organisme": "Préfecture, sous-préfecture", "date_modification": "28/02/2024 15:47:21", "latitude": 48.130707, "longitude": -1.67486, "codes_siren": "213502388,243500139"}, "bbox": [-1.67486, 48.130706, -1.67486, 48.130706]}, {"type": "Feature", "id": "administration.fid--17174f5a_19f2e433d8d_-4aa6", "geometry": {"type": "Point", "coordinates": [-1.667544, 47.995581]}, "geometry_name": "geom", "properties": {"id": "2050adfb-371a-4b8c-abc0-599b73ed44f8", "nom": "Mairie - Orgères", "nom_commune": "Orgères", "adresse_principale": "5 rue de la Mairie 35230 Orgères", "siret": "21350208100010", "categorie": "Service local", "code_insee": "35208", "horaires": "<b>Mardi</b><br>\n08:30 - 12:00\n14:00 - 18:00<br>\n<b>Mercredi</b><br>\n08:30 - 12:00\n14:00 - 16:00<br>\n<b>Jeudi</b><br>\n08:30 - 12:00\n14:00 - 18:00<br>\n<b>Vendredi</b><br>\n08:30 - 12:00\n14:00 - 16:00<br>\n<b>Samedi</b><br>\n09:00 - 11:45", "mail": "mairie@orgeres.fr", "site_internet": "https://www.orgeres.fr", "telephone": "02 99 05 70 10", "url_service_public": "https://lannuaire.service-public.gouv.fr/bretagne/ille-et-vilaine/2050adfb-371a-4b8c-abc0-599b73ed44f8", "type_organisme": null, "date_modification": "16/07/2025 13:55:28", "latitude": 47.995583, "longitude": -1.667544, "codes_siren": "213502081,243500139"}, "bbox": [-1.667544, 47.995581, -1.667544, 47.995581]}, {"type": "Feature", "id": "administration.fid--17174f5a_19f2e433d8d_-4aa5", "geometry": {"type": "Point", "coordinates": [-1.369756, 48.289817]}, "geometry_name": "geom", "properties": {"id": "7219f6cf-a718-405e-a64b-1c87b1d7ec8e", "nom": "Centre communal d'action sociale (CCAS) - Rives-Du-Couesnon", "nom_commune": "Rives-du-Couesnon", "adresse_principale": "4 Route Nationale 35140 Rives-du-Couesnon", "siret": "20008402800014", "categorie": "Service local", "code_insee": "35282", "horaires": null, "mail": null, "site_internet": null, "telephone": null, "url_service_public": "https://lannuaire.service-public.gouv.fr/bretagne/ille-et-vilaine/7219f6cf-a718-405e-a64b-1c87b1d7ec8e", "type_organisme": null, "date_modification": "24/02/2026 08:09:55", "latitude": 48.289818, "longitude": -1.369756, "codes_siren": "200084010,200072452"}, "bbox": [-1.369756, 48.289817, -1.369756, 48.289817]}, {"type": "Feature", "id": "administration.fid--17174f5a_19f2e433d8d_-4aa4", "geometry": {"type": "Point", "coordinates": [-1.637489, 48.100873]}, "geometry_name": "geom", "properties": {"id": "387da0f6-8532-4775-8c99-21bb5fa0b6eb", "nom": "Agence nationale pour la formation professionnelle des adultes (Afpa) - Direction régionale Bretagne", "nom_commune": "Rennes", "adresse_principale": "6 avenue Haut Sancé 35000 Rennes", "siret": null, "categorie": "Service local", "code_insee": "35238", "horaires": "<b>Lundi - Vendredi</b><br>\n14:00 - 16:00", "mail": "communication.bretagne@afpa.fr", "site_internet": "https://www.afpa.fr/directionregionale/direction-regionale-bretagne", "telephone": "39 36", "url_service_public": "https://lannuaire.service-public.gouv.fr/bretagne/ille-et-vilaine/387da0f6-8532-4775-8c99-21bb5fa0b6eb", "type_organisme": null, "date_modification": "24/09/2025 10:06:40", "latitude": 48.100872, "longitude": -1.637489, "codes_siren": "213502388,243500139"}, "bbox": [-1.637489, 48.100873, -1.637489, 48.100873]}, {"type": "Feature", "id": "administration.fid--17174f5a_19f2e433d8d_-4aa3", "geometry": {"type": "Point", "coordinates": [-1.94604, 48.13639]}, "geometry_name": "geom", "properties": {"id": "4877fbbf-2afb-49da-845f-89593b96bd37", "nom": "Brigade de gendarmerie - Montfort-sur-Meu", "nom_commune": "Montfort-sur-Meu", "adresse_principale": "22 rue Chateaubriand 35160 Montfort-sur-Meu", "siret": null, "categorie": "Service local", "code_insee": "35188", "horaires": null, "mail": null, "site_internet": "https://www.gendarmerie.interieur.gouv.fr", "telephone": "02 99 09 00 12", "url_service_public": "https://lannuaire.service-public.gouv.fr/bretagne/ille-et-vilaine/4877fbbf-2afb-49da-845f-89593b96bd37", "type_organisme": null, "date_modification": "24/10/2024 09:10:12", "latitude": 48.13639, "longitude": -1.94604, "codes_siren": "213501885,243500550"}, "bbox": [-1.94604, 48.13639, -1.94604, 48.13639]}, {"type": "Feature", "id": "administration.fid--17174f5a_19f2e433d8d_-4aa2", "geometry": {"type": "Point", "coordinates": [-1.667544, 47.995581]}, "geometry_name": "geom", "properties": {"id": "6d759a9e-8034-466d-9143-4311edaecf1f", "nom": "Centre communal d'action sociale (CCAS) - Orgeres", "nom_commune": "Orgères", "adresse_principale": "5 Rue de la Mairie 35230 Orgères", "siret": "26350450800015", "categorie": "Service local", "code_insee": "35208", "horaires": null, "mail": null, "site_internet": null, "telephone": "+33299057010", "url_service_public": "https://lannuaire.service-public.gouv.fr/bretagne/ille-et-vilaine/6d759a9e-8034-466d-9143-4311edaecf1f", "type_organisme": null, "date_modification": "24/02/2026 08:09:55", "latitude": 47.995583, "longitude": -1.667544, "codes_siren": "213502081,243500139"}, "bbox": [-1.667544, 47.995581, -1.667544, 47.995581]}, {"type": "Feature", "id": "administration.fid--17174f5a_19f2e433d8d_-4aa1", "geometry": {"type": "Point", "coordinates": [-1.517421, 48.256102]}, "geometry_name": "geom", "properties": {"id": "2aba4c0c-2dbf-4e0b-9397-c46c7577bcfb", "nom": "Centre communal d'action sociale (CCAS) - Erce-Pres-Liffre", "nom_commune": "Ercé-près-Liffré", "adresse_principale": "Place de la Mairie 35340 Ercé-près-Liffré", "siret": "26350335100011", "categorie": "Service local", "code_insee": "35107", "horaires": null, "mail": null, "site_internet": null, "telephone": "+33230962390", "url_service_public": "https://lannuaire.service-public.gouv.fr/bretagne/ille-et-vilaine/2aba4c0c-2dbf-4e0b-9397-c46c7577bcfb", "type_organisme": null, "date_modification": "24/02/2026 08:09:42", "latitude": 48.256104, "longitude": -1.517421, "codes_siren": "213501075,243500774"}, "bbox": [-1.517421, 48.256102, -1.517421, 48.256102]}, {"type": "Feature", "id": "administration.fid--17174f5a_19f2e433d8d_-4aa0", "geometry": {"type": "Point", "coordinates": [-1.601494, 48.044569]}, "geometry_name": "geom", "properties": {"id": "0765e6ee-0aab-4b17-b350-e75b82ece331", "nom": "Mairie - Vern-sur-Seiche", "nom_commune": "Vern-sur-Seiche", "adresse_principale": "22 rue de Châteaubriant 35770 Vern-sur-Seiche", "siret": "21350352700011", "categorie": "Service local", "code_insee": "35352", "horaires": "<b>Lundi - Mercredi</b><br>\n09:00 - 12:00\n14:00 - 17:30<br>\n<b>Jeudi</b><br>\n09:00 - 12:00<br>\n<b>Vendredi</b><br>\n09:00 - 12:00\n14:00 - 17:30<br>\n<b>Samedi</b><br>\n10:00 - 12:00", "mail": "mairie@vernsurseiche.fr", "site_internet": "https://www.vernsurseiche.fr", "telephone": "02 99 04 82 04", "url_service_public": "https://lannuaire.service-public.gouv.fr/bretagne/ille-et-vilaine/0765e6ee-0aab-4b17-b350-e75b82ece331", "type_organisme": null, "date_modification": "05/05/2025 15:30:49", "latitude": 48.044567, "longitude": -1.601494, "codes_siren": "213503527,243500139"}, "bbox": [-1.601494, 48.044569, -1.601494, 48.044569]}, {"type": "Feature", "id": "administration.fid--17174f5a_19f2e433d8d_-4a9f", "geometry": {"type": "Point", "coordinates": [-1.732709, 48.177068]}, "geometry_name": "geom", "properties": {"id": "fca68b16-736f-4115-80d9-653529c7236a", "nom": "Mairie - La Chapelle-des-Fougeretz", "nom_commune": "La Chapelle-des-Fougeretz", "adresse_principale": "2 rue de la Mairie 35520 La Chapelle-des-Fougeretz", "siret": "21350059800015", "categorie": "Service local", "code_insee": "35059", "horaires": "<b>Lundi - Mercredi</b><br>\n08:30 - 12:15\n13:30 - 17:00<br>\n<b>Jeudi</b><br>\n13:30 - 17:00<br>\n<b>Vendredi</b><br>\n08:30 - 12:15\n13:30 - 17:00<br>\n<b>Samedi</b><br>\n09:00 - 12:00", "mail": "mairie@lachapelledesfougeretz.fr", "site_internet": "https://www.lachapelledesfougeretz.bzh/", "telephone": "02 99 13 13 13", "url_service_public": "https://lannuaire.service-public.gouv.fr/bretagne/ille-et-vilaine/fca68b16-736f-4115-80d9-653529c7236a", "type_organisme": null, "date_modification": "05/05/2025 15:35:51", "latitude": 48.177067, "longitude": -1.732709, "codes_siren": "213500598,243500139"}, "bbox": [-1.732709, 48.177068, -1.732709, 48.177068]}, {"type": "Feature", "id": "administration.fid--17174f5a_19f2e433d8d_-4a9e", "geometry": {"type": "Point", "coordinates": [-1.407157, 48.349686]}, "geometry_name": "geom", "properties": {"id": "a9f1843e-3fd5-4b3b-b867-0217325e2ad1", "nom": "Centre communal d'action sociale (CCAS) - Le Tiercent", "nom_commune": "Le Tiercent", "adresse_principale": "Le Bourg 35460 Le Tiercent", "siret": "21350336000017", "categorie": "Service local", "code_insee": "35336", "horaires": null, "mail": "mairie.letiercent@wanadoo.fr", "site_internet": null, "telephone": "+33299950113", "url_service_public": "https://lannuaire.service-public.gouv.fr/bretagne/ille-et-vilaine/a9f1843e-3fd5-4b3b-b867-0217325e2ad1", "type_organisme": null, "date_modification": "24/02/2026 08:10:05", "latitude": 48.349686, "longitude": -1.407157, "codes_siren": "213503360,200070688"}, "bbox": [-1.407157, 48.349686, -1.407157, 48.349686]}, {"type": "Feature", "id": "administration.fid--17174f5a_19f2e433d8d_-4a9d", "geometry": {"type": "Point", "coordinates": [-1.683124, 47.842841]}, "geometry_name": "geom", "properties": {"id": "ef50d8d1-cf83-4309-9afb-08bd886634ef", "nom": "Mairie - Bain-de-Bretagne", "nom_commune": "Bain-de-Bretagne", "adresse_principale": "21 rue de l'Hôtel-de-Ville 35470 Bain-de-Bretagne", "siret": "21350012700013", "categorie": "Service local", "code_insee": "35012", "horaires": "<b>Lundi - Jeudi</b><br>\n08:30 - 12:00\n13:30 - 17:00<br>\n<b>Vendredi</b><br>\n13:30 - 17:00<br>\n<b>Samedi</b><br>\n09:00 - 12:00", "mail": "accueil@ville-baindebretagne.fr", "site_internet": "https://www.baindebretagne.fr/", "telephone": "02 99 43 70 24", "url_service_public": "https://lannuaire.service-public.gouv.fr/bretagne/ille-et-vilaine/ef50d8d1-cf83-4309-9afb-08bd886634ef", "type_organisme": null, "date_modification": "29/07/2025 10:56:51", "latitude": 47.842842, "longitude": -1.683124, "codes_siren": "213500127,200070662"}, "bbox": [-1.683124, 47.842841, -1.683124, 47.842841]}, {"type": "Feature", "id": "administration.fid--17174f5a_19f2e433d8d_-4a9c", "geometry": {"type": "Point", "coordinates": [-1.331843, 48.048393]}, "geometry_name": "geom", "properties": {"id": "2d5e63ed-693d-4cb6-afcc-aaba8142289a", "nom": "Mairie - Louvigné-de-Bais", "nom_commune": "Louvigné-de-Bais", "adresse_principale": "6 place de la Mairie 35680 Louvigné-de-Bais", "siret": "21350161200013", "categorie": "Service local", "code_insee": "35161", "horaires": "<b>Lundi</b><br>\n08:30 - 12:00\n14:30 - 17:30<br>\n<b>Mardi - Vendredi</b><br>\n08:30 - 12:00<br>\n<b>Samedi</b><br>\n09:00 - 11:00", "mail": "mairie@louvignedebais.fr", "site_internet": "https://www.louvignedebais.fr", "telephone": "02 99 49 00 20", "url_service_public": "https://lannuaire.service-public.gouv.fr/bretagne/ille-et-vilaine/2d5e63ed-693d-4cb6-afcc-aaba8142289a", "type_organisme": null, "date_modification": "05/05/2025 15:31:50", "latitude": 48.048393, "longitude": -1.331843, "codes_siren": "213501612,200039022"}, "bbox": [-1.331843, 48.048393, -1.331843, 48.048393]}, {"type": "Feature", "id": "administration.fid--17174f5a_19f2e433d8d_-4a9b", "geometry": {"type": "Point", "coordinates": [-1.706164, 48.010883]}, "geometry_name": "geom", "properties": {"id": "3566d4d1-118c-44f8-a140-fbcf852da93d", "nom": "Mairie - Pont-Péan", "nom_commune": "Pont-Péan", "adresse_principale": "2 avenue du Chemin Vert 35131 Pont-Péan", "siret": "21350363400015", "categorie": "Service local", "code_insee": "35363", "horaires": "<b>Lundi - Mardi</b><br>\n14:00 - 17:30<br>\n<b>Mercredi</b><br>\n10:00 - 12:00\n14:00 - 17:30<br>\n<b>Jeudi</b><br>\n14:00 - 18:30<br>\n<b>Vendredi</b><br>\n10:00 - 12:00\n14:00 - 17:30<br>\n<b>Samedi</b><br>\n10:00 - 12:00", "mail": "mairie@pontpean.bzh", "site_internet": "https://www.pontpean.fr", "telephone": "02 99 52 41 70", "url_service_public": "https://lannuaire.service-public.gouv.fr/bretagne/ille-et-vilaine/3566d4d1-118c-44f8-a140-fbcf852da93d", "type_organisme": null, "date_modification": "17/07/2025 09:21:40", "latitude": 48.010883, "longitude": -1.706164, "codes_siren": "213503634,243500139"}, "bbox": [-1.706164, 48.010883, -1.706164, 48.010883]}, {"type": "Feature", "id": "administration.fid--17174f5a_19f2e433d8d_-4a9a", "geometry": {"type": "Point", "coordinates": [-1.687439, 48.127419]}, "geometry_name": "geom", "properties": {"id": "73e817d9-7b7e-40a0-b275-532ab664d284", "nom": "Association de gestion du fonds pour l'insertion professionnelle des personnes handicapées (Agefiph) - Bretagne", "nom_commune": "Rennes", "adresse_principale": "4 avenue Charles-et-Raymonde-Tillon 35000 Rennes", "siret": null, "categorie": "Service local", "code_insee": "35238", "horaires": "<b>Lundi - Vendredi</b><br>\n09:00 - 12:00\n14:00 - 17:00", "mail": "bretagne@agefiph.asso.fr", "site_internet": "https://www.agefiph.fr", "telephone": "08 00 11 10 09", "url_service_public": "https://lannuaire.service-public.gouv.fr/bretagne/ille-et-vilaine/73e817d9-7b7e-40a0-b275-532ab664d284", "type_organisme": null, "date_modification": "18/12/2024 17:37:58", "latitude": 48.12742, "longitude": -1.6874388, "codes_siren": "213502388,243500139"}, "bbox": [-1.687439, 48.127419, -1.687439, 48.127419]}, {"type": "Feature", "id": "administration.fid--17174f5a_19f2e433d8d_-4a99", "geometry": {"type": "Point", "coordinates": [-1.693684, 48.128101]}, "geometry_name": "geom", "properties": {"id": "e32ec75f-a432-454b-a245-ae5ad318c8e6", "nom": "Commission départementale de conciliation - llle-et-Vilaine - Baux d'habitation", "nom_commune": "Rennes", "adresse_principale": "12 Rue Maurice Fabre - Le Morgat 35000 Rennes", "siret": null, "categorie": "Service local", "code_insee": "35238", "horaires": "<b>Mardi</b><br>\n09:00 - 12:00<br>\n<b>Jeudi</b><br>\n09:00 - 12:00", "mail": "ddtm-commission-conciliation@ille-et-vilaine.gouv.fr", "site_internet": "https://www.ille-et-vilaine.gouv.fr/Politiques-publiques/Solidarite-Hebergement-Logement-et-Populations-vulnerables/Habitat-et-logement/La-commission-departementale-de-conciliation-des-litiges-locatifs", "telephone": "02 90 02 33 65", "url_service_public": "https://lannuaire.service-public.gouv.fr/bretagne/ille-et-vilaine/e32ec75f-a432-454b-a245-ae5ad318c8e6", "type_organisme": null, "date_modification": "03/01/2024 10:00:11", "latitude": 48.1281, "longitude": -1.693684, "codes_siren": "213502388,243500139"}, "bbox": [-1.693684, 48.128101, -1.693684, 48.128101]}, {"type": "Feature", "id": "administration.fid--17174f5a_19f2e433d8d_-4a98", "geometry": {"type": "Point", "coordinates": [-1.749942, 48.02332]}, "geometry_name": "geom", "properties": {"id": "df88da02-ee71-4a30-ac57-d44c8e38e047", "nom": "Centre communal d'action sociale (CCAS) - Bruz", "nom_commune": "Bruz", "adresse_principale": "Rue des Planches 35170 Bruz", "siret": "26350045600011", "categorie": "Service local", "code_insee": "35047", "horaires": null, "mail": "ccas@ville-bruz.fr", "site_internet": "https://www.ville-bruz.fr/mon-quotidien/solidarite/", "telephone": "+33299571247", "url_service_public": "https://lannuaire.service-public.gouv.fr/bretagne/ille-et-vilaine/df88da02-ee71-4a30-ac57-d44c8e38e047", "type_organisme": null, "date_modification": "24/02/2026 08:10:14", "latitude": 48.02332, "longitude": -1.749942, "codes_siren": "213500473,243500139"}, "bbox": [-1.749942, 48.02332, -1.749942, 48.02332]}, {"type": "Feature", "id": "administration.fid--17174f5a_19f2e433d8d_-4a97", "geometry": {"type": "Point", "coordinates": [-1.7981, 47.961916]}, "geometry_name": "geom", "properties": {"id": "b3b8ca7e-cea0-4b08-93be-76f6e3f397f5", "nom": "Centre Local d’Information et de Coordination (CLIC) des 4 Rivières / Antenne MDPH", "nom_commune": "Guichen", "adresse_principale": "26 Rue du Commandant Charcot 35580 Guichen", "siret": "50954691700022", "categorie": "Service local", "code_insee": "35126", "horaires": null, "mail": "accueil.clic.4rivieres@gmail.com", "site_internet": "https://clic4rivieres.fr/", "telephone": "+33299520159", "url_service_public": "https://lannuaire.service-public.gouv.fr/bretagne/ille-et-vilaine/b3b8ca7e-cea0-4b08-93be-76f6e3f397f5", "type_organisme": null, "date_modification": "12/01/2026 14:20:46", "latitude": 47.961918, "longitude": -1.7981, "codes_siren": "213501265,200043990"}, "bbox": [-1.7981, 47.961916, -1.7981, 47.961916]}, {"type": "Feature", "id": "administration.fid--17174f5a_19f2e433d8d_-4a96", "geometry": {"type": "Point", "coordinates": [-1.683089, 47.842804]}, "geometry_name": "geom", "properties": {"id": "e3f07832-8351-4ca4-8260-afa001ebb7f5", "nom": "Police municipale - Bain-de-Bretagne", "nom_commune": "Bain-de-Bretagne", "adresse_principale": "21 rue de l'Hôtel-de-Ville 35470 Bain-de-Bretagne", "siret": null, "categorie": "Service local", "code_insee": "35012", "horaires": null, "mail": "police@ville-baindebretagne.fr", "site_internet": null, "telephone": "02 99 43 70 24", "url_service_public": "https://lannuaire.service-public.gouv.fr/bretagne/ille-et-vilaine/e3f07832-8351-4ca4-8260-afa001ebb7f5", "type_organisme": null, "date_modification": "10/11/2025 17:17:42", "latitude": 47.842804, "longitude": -1.683089, "codes_siren": "213500127,200070662"}, "bbox": [-1.683089, 47.842804, -1.683089, 47.842804]}, {"type": "Feature", "id": "administration.fid--17174f5a_19f2e433d8d_-4a95", "geometry": {"type": "Point", "coordinates": [-1.308505, 48.313624]}, "geometry_name": "geom", "properties": {"id": "8d30ad78-eb76-4df7-a0e5-a3462c6ba85b", "nom": "Mairie - La Chapelle-Saint-Aubert", "nom_commune": "La Chapelle-Saint-Aubert", "adresse_principale": "11 rue de la Mairie 35140 La Chapelle-Saint-Aubert", "siret": "21350063000016", "categorie": "Service local", "code_insee": "35063", "horaires": "<b>Lundi</b><br>\n14:00 - 17:00<br>\n<b>Jeudi</b><br>\n14:00 - 17:00<br>\n<b>Vendredi</b><br>\n14:00 - 17:30", "mail": "la.chapelle.saint.aubert@orange.fr", "site_internet": "https://lachapellesaintaubert.fr/", "telephone": "02 99 98 82 44", "url_service_public": "https://lannuaire.service-public.gouv.fr/bretagne/ille-et-vilaine/8d30ad78-eb76-4df7-a0e5-a3462c6ba85b", "type_organisme": null, "date_modification": "05/05/2025 15:33:43", "latitude": 48.313625, "longitude": -1.308505, "codes_siren": "213500630,200072452"}, "bbox": [-1.308505, 48.313624, -1.308505, 48.313624]}, {"type": "Feature", "id": "administration.fid--17174f5a_19f2e433d8d_-4a94", "geometry": {"type": "Point", "coordinates": [-1.817473, 48.127552]}, "geometry_name": "geom", "properties": {"id": "b8c71743-3611-47b6-90ad-94647b1fca98", "nom": "Police municipale - L'Hermitage", "nom_commune": "L'Hermitage", "adresse_principale": "Place de l'Hôtel-de-Ville 35590 L'Hermitage", "siret": null, "categorie": "Service local", "code_insee": "35131", "horaires": null, "mail": "police@ville-lhermitage.fr", "site_internet": null, "telephone": "02 23 30 90 58", "url_service_public": "https://lannuaire.service-public.gouv.fr/bretagne/ille-et-vilaine/b8c71743-3611-47b6-90ad-94647b1fca98", "type_organisme": null, "date_modification": "10/11/2025 17:15:45", "latitude": 48.127552, "longitude": -1.817473, "codes_siren": "213501315,243500139"}, "bbox": [-1.817473, 48.127552, -1.817473, 48.127552]}, {"type": "Feature", "id": "administration.fid--17174f5a_19f2e433d8d_-4a93", "geometry": {"type": "Point", "coordinates": [-1.4989, 47.958199]}, "geometry_name": "geom", "properties": {"id": "22027afc-0467-4240-a5fc-0806c7c7c062", "nom": "Centre de protection maternelle et infantile (PMI) - Janzé", "nom_commune": "Janzé", "adresse_principale": "28 rue Nantaise 35150 Janzé", "siret": null, "categorie": "Service local", "code_insee": "35136", "horaires": "<b>Lundi</b><br>\n13:30 - 17:00<br>\n<b>Mardi - Jeudi</b><br>\n09:00 - 12:30\n13:30 - 17:00<br>\n<b>Vendredi</b><br>\n09:00 - 12:30\n13:30 - 16:30", "mail": null, "site_internet": "https://www.ille-et-vilaine.fr/pmi", "telephone": "02 22 93 68 00", "url_service_public": "https://lannuaire.service-public.gouv.fr/bretagne/ille-et-vilaine/22027afc-0467-4240-a5fc-0806c7c7c062", "type_organisme": null, "date_modification": "26/03/2025 12:31:47", "latitude": 47.9582, "longitude": -1.4989, "codes_siren": "213501364,243500634"}, "bbox": [-1.4989, 47.958199, -1.4989, 47.958199]}, {"type": "Feature", "id": "administration.fid--17174f5a_19f2e433d8d_-4a92", "geometry": {"type": "Point", "coordinates": [-1.694336, 48.106795]}, "geometry_name": "geom", "properties": {"id": "66b062dd-99c1-4ea6-977b-088be6e9da99", "nom": "Centre d'information et de recrutement des forces armées (Cirfa) - Rennes", "nom_commune": "Rennes", "adresse_principale": "2 rue de la Mabilais 35000 Rennes", "siret": null, "categorie": "Service local", "code_insee": "35238", "horaires": "<b>Lundi - Vendredi</b><br>\n08:30 - 12:00\n13:00 - 17:30", "mail": null, "site_internet": "https://www.sengager.fr/vivre-aventure#element-7", "telephone": "02 57 21 80 12", "url_service_public": "https://lannuaire.service-public.gouv.fr/bretagne/ille-et-vilaine/66b062dd-99c1-4ea6-977b-088be6e9da99", "type_organisme": null, "date_modification": "25/02/2026 09:21:59", "latitude": 48.106796, "longitude": -1.694336, "codes_siren": "213502388,243500139"}, "bbox": [-1.694336, 48.106795, -1.694336, 48.106795]}, {"type": "Feature", "id": "administration.fid--17174f5a_19f2e433d8d_-4a91", "geometry": {"type": "Point", "coordinates": [-1.332102, 48.048451]}, "geometry_name": "geom", "properties": {"id": "fd243316-8857-4f6e-b68c-7ac78144cfd2", "nom": "Centre communal d'action sociale (CCAS) - Louvigne-De-Bais", "nom_commune": "Louvigné-de-Bais", "adresse_principale": "6 Place de la Mairie 35680 Louvigné-de-Bais", "siret": "26350150400017", "categorie": "Service local", "code_insee": "35161", "horaires": null, "mail": null, "site_internet": null, "telephone": "+33299490020", "url_service_public": "https://lannuaire.service-public.gouv.fr/bretagne/ille-et-vilaine/fd243316-8857-4f6e-b68c-7ac78144cfd2", "type_organisme": null, "date_modification": "24/02/2026 08:10:18", "latitude": 48.04845, "longitude": -1.332102, "codes_siren": "213501612,200039022"}, "bbox": [-1.332102, 48.048451, -1.332102, 48.048451]}, {"type": "Feature", "id": "administration.fid--17174f5a_19f2e433d8d_-4a90", "geometry": {"type": "Point", "coordinates": [-1.93213, 48.029922]}, "geometry_name": "geom", "properties": {"id": "57f313fd-3b56-49dd-86eb-2ec8e5f37acb", "nom": "Mairie - Saint-Thurial", "nom_commune": "Saint-Thurial", "adresse_principale": "9 rue du Schiste Violet 35310 Saint-Thurial", "siret": "21350319600015", "categorie": "Service local", "code_insee": "35319", "horaires": "<b>Lundi</b><br>\n14:00 - 17:30<br>\n<b>Mardi</b><br>\n09:00 - 12:00<br>\n<b>Mercredi</b><br>\n09:00 - 12:00\n14:00 - 17:30<br>\n<b>Jeudi - Samedi</b><br>\n09:00 - 12:00", "mail": "mairie@stthurial.fr", "site_internet": "https://saint-thurial.com", "telephone": "02 99 85 32 72", "url_service_public": "https://lannuaire.service-public.gouv.fr/bretagne/ille-et-vilaine/57f313fd-3b56-49dd-86eb-2ec8e5f37acb", "type_organisme": null, "date_modification": "17/07/2025 14:41:28", "latitude": 48.029922, "longitude": -1.93213, "codes_siren": "213503196,243500618"}, "bbox": [-1.93213, 48.029922, -1.93213, 48.029922]}, {"type": "Feature", "id": "administration.fid--17174f5a_19f2e433d8d_-4a8f", "geometry": {"type": "Point", "coordinates": [-1.465403, 48.044371]}, "geometry_name": "geom", "properties": {"id": "f3c8dc13-0410-4496-b666-83b655b84a58", "nom": "Mairie déléguée - Saint-Aubin-du-Pavail", "nom_commune": "Châteaugiron", "adresse_principale": "206 rue de la Mairie 35410 Châteaugiron", "siret": "20006448300031", "categorie": "Service local", "code_insee": "35069", "horaires": "<b>Mercredi</b><br>\n08:30 - 12:30<br>\n<b>Vendredi</b><br>\n08:45 - 12:45", "mail": "saintaubindupavail@ville-chateaugiron.fr", "site_internet": "https://www.ville-chateaugiron.fr/Mairie/Mairies-deleguees/Saint-Aubin-du-Pavail", "telephone": "02 99 37 47 76", "url_service_public": "https://lannuaire.service-public.gouv.fr/bretagne/ille-et-vilaine/f3c8dc13-0410-4496-b666-83b655b84a58", "type_organisme": null, "date_modification": "29/07/2025 11:14:46", "latitude": 48.044373, "longitude": -1.465403, "codes_siren": "200064483,243500659"}, "bbox": [-1.465403, 48.044371, -1.465403, 48.044371]}, {"type": "Feature", "id": "administration.fid--17174f5a_19f2e433d8d_-4a8e", "geometry": {"type": "Point", "coordinates": [-1.997397, 48.250627]}, "geometry_name": "geom", "properties": {"id": "1233af65-0d6b-45de-83d6-e284aca4de0e", "nom": "Mairie - Landujan", "nom_commune": "Landujan", "adresse_principale": "8 rue du Presbytère 35360 Landujan", "siret": "21350143000010", "categorie": "Service local", "code_insee": "35143", "horaires": "<b>Lundi - Jeudi</b><br>\n09:00 - 12:00\n14:00 - 17:00<br>\n<b>Mercredi</b><br>\n09:00 - 12:00<br>\n<b>Vendredi</b><br>\n09:00 - 12:00\n14:00 - 16:00", "mail": "mairie@landujan.fr", "site_internet": "https://www.landujan.fr", "telephone": "02 99 07 20 30", "url_service_public": "https://lannuaire.service-public.gouv.fr/bretagne/ille-et-vilaine/1233af65-0d6b-45de-83d6-e284aca4de0e", "type_organisme": null, "date_modification": "05/05/2025 15:31:09", "latitude": 48.250626, "longitude": -1.997397, "codes_siren": "213501430,200038990"}, "bbox": [-1.997397, 48.250627, -1.997397, 48.250627]}, {"type": "Feature", "id": "administration.fid--17174f5a_19f2e433d8d_-4a8d", "geometry": {"type": "Point", "coordinates": [-1.684892, 47.887059]}, "geometry_name": "geom", "properties": {"id": "b567ed42-337c-4f07-952e-1a1647591b2d", "nom": "Mairie - Poligné", "nom_commune": "Poligné", "adresse_principale": "2 rue du Tertre-Gris 35320 Poligné", "siret": "21350231300074", "categorie": "Service local", "code_insee": "35231", "horaires": "<b>Mardi</b><br>\n08:30 - 12:00\n15:00 - 17:30<br>\n<b>Mercredi</b><br>\n09:00 - 12:00<br>\n<b>Jeudi - Vendredi</b><br>\n08:30 - 12:00\n15:00 - 17:30", "mail": "accueil@poligne.fr", "site_internet": "https://www.poligne.fr/", "telephone": "02 99 43 73 09", "url_service_public": "https://lannuaire.service-public.gouv.fr/bretagne/ille-et-vilaine/b567ed42-337c-4f07-952e-1a1647591b2d", "type_organisme": null, "date_modification": "28/07/2025 12:09:52", "latitude": 47.88706, "longitude": -1.684892, "codes_siren": "213502313,200070662"}, "bbox": [-1.684892, 47.887059, -1.684892, 47.887059]}, {"type": "Feature", "id": "administration.fid--17174f5a_19f2e433d8d_-4a8c", "geometry": {"type": "Point", "coordinates": [-1.6713, 48.307172]}, "geometry_name": "geom", "properties": {"id": "1df04c6c-8ae6-4307-97cf-66fdbe669d81", "nom": "Mairie - Montreuil-sur-Ille", "nom_commune": "Montreuil-sur-Ille", "adresse_principale": "19 avenue Alexis Rey 35440 Montreuil-sur-Ille", "siret": "21350195000017", "categorie": "Service local", "code_insee": "35195", "horaires": "<b>Lundi</b><br>\n09:00 - 12:00\n13:30 - 16:30<br>\n<b>Mardi - Samedi</b><br>\n09:00 - 12:00", "mail": "mairie@montreuil-sur-ille.fr", "site_internet": "https://montreuil-sur-ille.fr/fr/", "telephone": "02 99 69 71 07", "url_service_public": "https://lannuaire.service-public.gouv.fr/bretagne/ille-et-vilaine/1df04c6c-8ae6-4307-97cf-66fdbe669d81", "type_organisme": null, "date_modification": "05/05/2025 15:31:26", "latitude": 48.30717, "longitude": -1.6713003, "codes_siren": "213501950,243500667"}, "bbox": [-1.6713, 48.307172, -1.6713, 48.307172]}, {"type": "Feature", "id": "administration.fid--17174f5a_19f2e433d8d_-4a8b", "geometry": {"type": "Point", "coordinates": [-1.399049, 48.260041]}, "geometry_name": "geom", "properties": {"id": "58b3775c-bdac-483b-ac16-fa7c64c0b1c3", "nom": "Mairie - Saint-Aubin-du-Cormier", "nom_commune": "Saint-Aubin-du-Cormier", "adresse_principale": "Place de la Mairie 35140 Saint-Aubin-du-Cormier", "siret": "21350253700011", "categorie": "Service local", "code_insee": "35253", "horaires": "<b>Lundi</b><br>\n09:00 - 12:00\n14:30 - 17:30<br>\n<b>Mardi</b><br>\n09:00 - 12:00<br>\n<b>Mercredi</b><br>\n09:00 - 12:00\n14:30 - 17:30<br>\n<b>Jeudi</b><br>\n09:00 - 12:00<br>\n<b>Vendredi</b><br>\n09:00 - 12:00\n14:30 - 17:30<br>\n<b>Samedi</b><br>\n09:00 - 11:30", "mail": "mairie@ville-staubinducormier.fr", "site_internet": "https://www.saint-aubin-du-cormier.bzh", "telephone": "02 99 39 10 42", "url_service_public": "https://lannuaire.service-public.gouv.fr/bretagne/ille-et-vilaine/58b3775c-bdac-483b-ac16-fa7c64c0b1c3", "type_organisme": null, "date_modification": "17/07/2025 14:46:35", "latitude": 48.26004, "longitude": -1.399049, "codes_siren": "213502537,243500774"}, "bbox": [-1.399049, 48.260041, -1.399049, 48.260041]}, {"type": "Feature", "id": "administration.fid--17174f5a_19f2e433d8d_-4a8a", "geometry": {"type": "Point", "coordinates": [-1.892759, 48.342847]}, "geometry_name": "geom", "properties": {"id": "e8e3274b-ea38-48c3-80be-9ddddc87e782", "nom": "Mairie - Trimer", "nom_commune": "Trimer", "adresse_principale": "11 rue de la Mairie 35190 Trimer", "siret": "21350346900016", "categorie": "Service local", "code_insee": "35346", "horaires": "<b>Lundi</b><br>\n08:30 - 12:00<br>\n<b>Jeudi</b><br>\n13:30 - 17:30", "mail": "communedetrimer@orange.fr", "site_internet": null, "telephone": "02 99 68 00 78", "url_service_public": "https://lannuaire.service-public.gouv.fr/bretagne/ille-et-vilaine/e8e3274b-ea38-48c3-80be-9ddddc87e782", "type_organisme": null, "date_modification": "29/07/2025 10:38:27", "latitude": 48.342846, "longitude": -1.892759, "codes_siren": "213503469,243500733"}, "bbox": [-1.892759, 48.342847, -1.892759, 48.342847]}, {"type": "Feature", "id": "administration.fid--17174f5a_19f2e433d8d_-4a89", "geometry": {"type": "Point", "coordinates": [-1.994691, 48.347633]}, "geometry_name": "geom", "properties": {"id": "c7df72f7-3c30-43f7-8709-109e61ffd06c", "nom": "Centre communal d'action sociale (CCAS) - Le Quiou", "nom_commune": "Le Quiou", "adresse_principale": "Bourg 22630 Le Quiou", "siret": "26220309400012", "categorie": "Service local", "code_insee": "22263", "horaires": null, "mail": null, "site_internet": null, "telephone": "+33296834616", "url_service_public": "https://lannuaire.service-public.gouv.fr/bretagne/cotes-d-armor/c7df72f7-3c30-43f7-8709-109e61ffd06c", "type_organisme": null, "date_modification": "25/02/2026 15:08:11", "latitude": 48.347633, "longitude": -1.994691, "codes_siren": "212202634,200068989"}, "bbox": [-1.994691, 48.347633, -1.994691, 48.347633]}, {"type": "Feature", "id": "administration.fid--17174f5a_19f2e433d8d_-4a88", "geometry": {"type": "Point", "coordinates": [-1.698721, 48.105449]}, "geometry_name": "geom", "properties": {"id": "3951879b-5d14-4981-bea9-9b3fd3d5029a", "nom": "Point-justice du CCAS de Cleunay", "nom_commune": "RENNES", "adresse_principale": "25 rue Noël Blayau 35000 RENNES", "siret": null, "categorie": "Service local", "code_insee": "35238", "horaires": null, "mail": null, "site_internet": "https://www.cdad-ca-rennes.fr/", "telephone": "02 99 35 41 90", "url_service_public": "https://lannuaire.service-public.gouv.fr/bretagne/ille-et-vilaine/3951879b-5d14-4981-bea9-9b3fd3d5029a", "type_organisme": null, "date_modification": "03/10/2025 04:36:25", "latitude": 48.10545, "longitude": -1.698721, "codes_siren": "213502388,243500139"}, "bbox": [-1.698721, 48.105449, -1.698721, 48.105449]}, {"type": "Feature", "id": "administration.fid--17174f5a_19f2e433d8d_-4a87", "geometry": {"type": "Point", "coordinates": [-1.755143, 48.119125]}, "geometry_name": "geom", "properties": {"id": "2ce6f1af-5bf6-4ab1-bf61-09749715d79e", "nom": "Mairie - Vezin-le-Coquet", "nom_commune": "Vezin-le-Coquet", "adresse_principale": "8 rue de Rennes 35132 Vezin-le-Coquet", "siret": "21350353500014", "categorie": "Service local", "code_insee": "35353", "horaires": "<b>Lundi</b><br>\n14:00 - 18:00<br>\n<b>Mardi - Mercredi</b><br>\n09:00 - 12:00\n14:00 - 17:30<br>\n<b>Jeudi</b><br>\n09:00 - 12:30<br>\n<b>Vendredi</b><br>\n09:00 - 12:00\n14:00 - 17:30", "mail": "mairie@ville-vezinlecoquet.fr", "site_internet": "https://www.ville-vezinlecoquet.fr", "telephone": "02 99 64 52 78", "url_service_public": "https://lannuaire.service-public.gouv.fr/bretagne/ille-et-vilaine/2ce6f1af-5bf6-4ab1-bf61-09749715d79e", "type_organisme": null, "date_modification": "06/05/2025 11:06:52", "latitude": 48.119125, "longitude": -1.755143, "codes_siren": "213503535,243500139"}, "bbox": [-1.755143, 48.119125, -1.755143, 48.119125]}, {"type": "Feature", "id": "administration.fid--17174f5a_19f2e433d8d_-4a86", "geometry": {"type": "Point", "coordinates": [-1.849717, 48.292485]}, "geometry_name": "geom", "properties": {"id": "271a7c21-ef51-43e7-8e5c-195d68c93a1a", "nom": "Mairie - Saint-Brieuc-des-Iffs", "nom_commune": "Saint-Brieuc-des-Iffs", "adresse_principale": "7 rue du Lin-et-du-Chanvre 35630 Saint-Brieuc-des-Iffs", "siret": "21350258600018", "categorie": "Service local", "code_insee": "35258", "horaires": "<b>Lundi - Mardi</b><br>\n13:00 - 18:30<br>\n<b>Jeudi</b><br>\n10:30 - 12:30\n13:45 - 18:15", "mail": "mairie@saintbrieucdesiffs.fr", "site_internet": "https://saintbrieucdesiffs.fr", "telephone": "02 99 45 87 14", "url_service_public": "https://lannuaire.service-public.gouv.fr/bretagne/ille-et-vilaine/271a7c21-ef51-43e7-8e5c-195d68c93a1a", "type_organisme": null, "date_modification": "16/07/2025 14:35:09", "latitude": 48.292484, "longitude": -1.849717, "codes_siren": "213502586,243500733"}, "bbox": [-1.849717, 48.292485, -1.849717, 48.292485]}, {"type": "Feature", "id": "administration.fid--17174f5a_19f2e433d8d_-4a85", "geometry": {"type": "Point", "coordinates": [-1.806687, 47.824797]}, "geometry_name": "geom", "properties": {"id": "6f0feacc-5135-4575-b8e8-57340432d566", "nom": "Mairie - Guipry-Messac", "nom_commune": "Guipry-Messac", "adresse_principale": "2 rue Saint-Abdon 35480 Guipry-Messac", "siret": "20005486400018", "categorie": "Service local", "code_insee": "35176", "horaires": "<b>Lundi - Vendredi</b><br>\n08:30 - 12:00\n14:00 - 17:30<br>\n<b>Samedi</b><br>\n09:00 - 12:00", "mail": "mairie@guipry-messac.bzh", "site_internet": "https://www.guipry-messac.fr", "telephone": "02 99 79 41 24", "url_service_public": "https://lannuaire.service-public.gouv.fr/bretagne/ille-et-vilaine/6f0feacc-5135-4575-b8e8-57340432d566", "type_organisme": null, "date_modification": "05/05/2025 15:33:09", "latitude": 47.8248, "longitude": -1.806687, "codes_siren": "200054864,200043990"}, "bbox": [-1.806687, 47.824797, -1.806687, 47.824797]}, {"type": "Feature", "id": "administration.fid--17174f5a_19f2e433d8d_-4a84", "geometry": {"type": "Point", "coordinates": [-1.861566, 47.919458]}, "geometry_name": "geom", "properties": {"id": "be792698-1019-4782-9856-c3d09454f96f", "nom": "Mairie - Guignen", "nom_commune": "Guignen", "adresse_principale": "4 rue de la Mairie 35580 Guignen", "siret": "21350127300014", "categorie": "Service local", "code_insee": "35127", "horaires": "<b>Lundi</b><br>\n08:30 - 12:00\n14:00 - 17:00<br>\n<b>Mardi</b><br>\n08:30 - 12:00<br>\n<b>Mercredi</b><br>\n08:30 - 12:00\n14:00 - 17:00<br>\n<b>Jeudi</b><br>\n14:00 - 17:00<br>\n<b>Vendredi</b><br>\n08:30 - 12:00\n14:00 - 17:00<br>\n<b>Samedi</b><br>\n10:00 - 12:00", "mail": "mairie@guignen.fr", "site_internet": "https://www.guignen.fr", "telephone": "02 99 92 20 63", "url_service_public": "https://lannuaire.service-public.gouv.fr/bretagne/ille-et-vilaine/be792698-1019-4782-9856-c3d09454f96f", "type_organisme": null, "date_modification": "05/05/2025 15:34:41", "latitude": 47.919456, "longitude": -1.861566, "codes_siren": "213501273,200043990"}, "bbox": [-1.861566, 47.919458, -1.861566, 47.919458]}, {"type": "Feature", "id": "administration.fid--17174f5a_19f2e433d8d_-4a83", "geometry": {"type": "Point", "coordinates": [-1.311461, 48.147551]}, "geometry_name": "geom", "properties": {"id": "7ec05d15-b029-4920-b731-c7f6998e17bf", "nom": "Mairie - Champeaux", "nom_commune": "Champeaux", "adresse_principale": "1 place du Cloître 35500 Champeaux", "siret": "21350052300013", "categorie": "Service local", "code_insee": "35052", "horaires": "<b>Lundi</b><br>\n13:30 - 17:45<br>\n<b>Mardi</b><br>\n09:15 - 12:15\n13:30 - 15:45<br>\n<b>Jeudi - Vendredi</b><br>\n09:15 - 12:15\n13:30 - 15:45", "mail": "mairie@champeaux35.fr", "site_internet": "https://www.champeaux35.fr", "telephone": "02 30 25 11 19", "url_service_public": "https://lannuaire.service-public.gouv.fr/bretagne/ille-et-vilaine/7ec05d15-b029-4920-b731-c7f6998e17bf", "type_organisme": null, "date_modification": "05/03/2026 11:08:53", "latitude": 48.147552, "longitude": -1.311461, "codes_siren": "213500523,200039022"}, "bbox": [-1.311461, 48.147551, -1.311461, 48.147551]}, {"type": "Feature", "id": "administration.fid--17174f5a_19f2e433d8d_-4a82", "geometry": {"type": "Point", "coordinates": [-1.661867, 48.042581]}, "geometry_name": "geom", "properties": {"id": "8ee0b78e-43cf-4062-9904-a4255ff624ff", "nom": "Centre communal d'action sociale (CCAS) - Noyal-Châtillon-sur-Seiche", "nom_commune": "Noyal-Châtillon-sur-Seiche", "adresse_principale": "3 Rue de la Mairie 35230 Noyal-Châtillon-sur-Seiche", "siret": "21350364200018", "categorie": "Service local", "code_insee": "35206", "horaires": null, "mail": "ccas@ville-noyal-chatillon.fr", "site_internet": "https://www.ville-noyal-chatillon.fr/ccas/", "telephone": "+33299052001", "url_service_public": "https://lannuaire.service-public.gouv.fr/bretagne/ille-et-vilaine/8ee0b78e-43cf-4062-9904-a4255ff624ff", "type_organisme": null, "date_modification": "24/02/2026 08:10:00", "latitude": 48.04258, "longitude": -1.661867, "codes_siren": "213503642,243500139"}, "bbox": [-1.661867, 48.042581, -1.661867, 48.042581]}, {"type": "Feature", "id": "administration.fid--17174f5a_19f2e433d8d_-4a81", "geometry": {"type": "Point", "coordinates": [-1.37957, 47.91226]}, "geometry_name": "geom", "properties": {"id": "85bdf946-2be9-4f61-ae19-a612ff9f458c", "nom": "Caisse d'allocations familiales (Caf) d'Ille-et-Vilaine - accueil de Retiers", "nom_commune": "Retiers", "adresse_principale": "12 rue Louis-Pasteur 35240 Retiers", "siret": null, "categorie": "Service local", "code_insee": "35239", "horaires": null, "mail": null, "site_internet": "https://www.caf.fr", "telephone": "32 30", "url_service_public": "https://lannuaire.service-public.gouv.fr/bretagne/ille-et-vilaine/85bdf946-2be9-4f61-ae19-a612ff9f458c", "type_organisme": null, "date_modification": "12/07/2024 09:21:43", "latitude": 47.91226, "longitude": -1.37957, "codes_siren": "213502396,243500634"}, "bbox": [-1.37957, 47.91226, -1.37957, 47.91226]}, {"type": "Feature", "id": "administration.fid--17174f5a_19f2e433d8d_-4a80", "geometry": {"type": "Point", "coordinates": [-1.956585, 48.138347]}, "geometry_name": "geom", "properties": {"id": "3b59f342-43b0-4b52-aea0-e3fc5178e6a9", "nom": "France services - Montfort-sur-Meu", "nom_commune": "Montfort-sur-Meu", "adresse_principale": "4 place du Tribunal 35162 Montfort-sur-Meu", "siret": null, "categorie": "Service local", "code_insee": "35188", "horaires": "<b>Lundi</b><br>\n09:00 - 12:00<br>\n<b>Mardi</b><br>\n09:00 - 12:00\n14:00 - 17:00<br>\n<b>Mercredi</b><br>\n09:00 - 12:00<br>\n<b>Jeudi - Vendredi</b><br>\n09:00 - 12:00\n14:00 - 17:00", "mail": null, "site_internet": "https://www.france-services.gouv.fr", "telephone": "02 99 09 88 19", "url_service_public": "https://lannuaire.service-public.gouv.fr/bretagne/ille-et-vilaine/3b59f342-43b0-4b52-aea0-e3fc5178e6a9", "type_organisme": null, "date_modification": "15/05/2025 09:03:24", "latitude": 48.138348, "longitude": -1.956585, "codes_siren": "213501885,243500550"}, "bbox": [-1.956585, 48.138347, -1.956585, 48.138347]}, {"type": "Feature", "id": "administration.fid--17174f5a_19f2e433d8d_-4a7f", "geometry": {"type": "Point", "coordinates": [-1.99394, 47.894213]}, "geometry_name": "geom", "properties": {"id": "0cfd969a-4f8e-48ff-8089-41c8983c3969", "nom": "Point information jeunesse - Val-d'Anast", "nom_commune": "Val-d'Anast", "adresse_principale": "Rue du Querpon 35330 Val-d'Anast", "siret": null, "categorie": "Service local", "code_insee": "35168", "horaires": "<b>Vendredi</b><br>\n14:30 - 18:30<br>\n<b>Samedi</b><br>\n10:00 - 12:30\n14:30 - 17:30", "mail": "eladio.castillo@vallonsdehautebretagne.fr", "site_internet": "http://www.vallons-de-haute-bretagne-communaute.fr", "telephone": "02 99 92 46 95", "url_service_public": "https://lannuaire.service-public.gouv.fr/bretagne/ille-et-vilaine/0cfd969a-4f8e-48ff-8089-41c8983c3969", "type_organisme": null, "date_modification": "09/08/2023 13:34:27", "latitude": 47.894215, "longitude": -1.9939398, "codes_siren": "200064475,200043990"}, "bbox": [-1.99394, 47.894213, -1.99394, 47.894213]}, {"type": "Feature", "id": "administration.fid--17174f5a_19f2e433d8d_-4a7e", "geometry": {"type": "Point", "coordinates": [-1.669424, 48.119934]}, "geometry_name": "geom", "properties": {"id": "062459ed-e261-4d2a-941e-ae998669344a", "nom": "Agence nationale pour la formation professionnelle des adultes (Afpa) - Centre de Rennes", "nom_commune": "Rennes", "adresse_principale": "6 avenue du Haut-Sancé 35069 Rennes", "siret": null, "categorie": "Service local", "code_insee": "35238", "horaires": "<b>Lundi - Jeudi</b><br>\n09:00 - 12:00\n13:30 - 16:30<br>\n<b>Vendredi</b><br>\n08:30 - 12:00", "mail": null, "site_internet": "https://www.afpa.fr/centre/centre-de-rennes", "telephone": "39 36", "url_service_public": "https://lannuaire.service-public.gouv.fr/bretagne/ille-et-vilaine/062459ed-e261-4d2a-941e-ae998669344a", "type_organisme": null, "date_modification": "24/09/2025 10:06:38", "latitude": 48.119934, "longitude": -1.6694244, "codes_siren": "213502388,243500139"}, "bbox": [-1.669424, 48.119934, -1.669424, 48.119934]}, {"type": "Feature", "id": "administration.fid--17174f5a_19f2e433d8d_-4a7d", "geometry": {"type": "Point", "coordinates": [-1.539124, 47.951078]}, "geometry_name": "geom", "properties": {"id": "09063a04-4c83-4d71-9b10-dfd769be688d", "nom": "Mairie - Brie", "nom_commune": "Brie", "adresse_principale": "22 rue de Bretagne 35150 Brie", "siret": "21350041600010", "categorie": "Service local", "code_insee": "35041", "horaires": "<b>Lundi</b><br>\n09:00 - 12:00<br>\n<b>Mercredi - Jeudi</b><br>\n09:00 - 12:00<br>\n<b>Vendredi</b><br>\n14:00 - 17:00<br>\n<b>Samedi</b><br>\n09:00 - 12:00", "mail": "accueil.mairie@brie.bzh", "site_internet": "https://brie35.fr", "telephone": "02 99 47 02 85", "url_service_public": "https://lannuaire.service-public.gouv.fr/bretagne/ille-et-vilaine/09063a04-4c83-4d71-9b10-dfd769be688d", "type_organisme": null, "date_modification": "16/07/2025 10:31:17", "latitude": 47.951077, "longitude": -1.539124, "codes_siren": "213500416,243500634"}, "bbox": [-1.539124, 47.951078, -1.539124, 47.951078]}, {"type": "Feature", "id": "administration.fid--17174f5a_19f2e433d8d_-4a7c", "geometry": {"type": "Point", "coordinates": [-1.68026, 48.1118]}, "geometry_name": "geom", "properties": {"id": "162c07cd-4a5b-471b-aa45-e16e2dd48fe9", "nom": "Direction départementale de la protection des populations (DDPP) - Ille-et-Vilaine", "nom_commune": "Rennes", "adresse_principale": "15 avenue de Cucillé 35000 Rennes", "siret": null, "categorie": "Service institutionnel", "code_insee": "35238", "horaires": "<b>Lundi - Vendredi</b><br>\n08:45 - 12:30\n13:45 - 16:00", "mail": "ddpp@ille-et-vilaine.gouv.fr", "site_internet": "https://www.ille-et-vilaine.gouv.fr/", "telephone": "02 99 59 89 00", "url_service_public": "https://lannuaire.service-public.gouv.fr/bretagne/ille-et-vilaine/162c07cd-4a5b-471b-aa45-e16e2dd48fe9", "type_organisme": "Direction départementale interministérielle", "date_modification": "02/05/2025 11:38:25", "latitude": 48.1118, "longitude": -1.68026, "codes_siren": "213502388,243500139"}, "bbox": [-1.68026, 48.1118, -1.68026, 48.1118]}, {"type": "Feature", "id": "administration.fid--17174f5a_19f2e433d8d_-4a7b", "geometry": {"type": "Point", "coordinates": [-1.784219, 48.248362]}, "geometry_name": "geom", "properties": {"id": "561c60fe-fa0f-450f-88fa-4f098a82bac7", "nom": "Centre communal d'action sociale (CCAS) - Vignoc", "nom_commune": "Vignoc", "adresse_principale": "12 Rue des Ecoles 35630 Vignoc", "siret": "26350334400016", "categorie": "Service local", "code_insee": "35356", "horaires": null, "mail": null, "site_internet": "https://vignoc.fr/ccas/", "telephone": "+33299698246", "url_service_public": "https://lannuaire.service-public.gouv.fr/bretagne/ille-et-vilaine/561c60fe-fa0f-450f-88fa-4f098a82bac7", "type_organisme": null, "date_modification": "24/02/2026 08:09:51", "latitude": 48.248363, "longitude": -1.784219, "codes_siren": "213503568,243500667"}, "bbox": [-1.784219, 48.248362, -1.784219, 48.248362]}, {"type": "Feature", "id": "administration.fid--17174f5a_19f2e433d8d_-4a7a", "geometry": {"type": "Point", "coordinates": [-1.37864, 47.912419]}, "geometry_name": "geom", "properties": {"id": "4ad51c83-4a45-46a3-bf78-2b4eb40de227", "nom": "Centre communal d'action sociale (CCAS) - Retiers", "nom_commune": "Retiers", "adresse_principale": "Rue Georges Clemenceau 35240 Retiers", "siret": "26350225400018", "categorie": "Service local", "code_insee": "35239", "horaires": null, "mail": null, "site_internet": null, "telephone": "+33299435141", "url_service_public": "https://lannuaire.service-public.gouv.fr/bretagne/ille-et-vilaine/4ad51c83-4a45-46a3-bf78-2b4eb40de227", "type_organisme": null, "date_modification": "24/02/2026 08:09:49", "latitude": 47.91242, "longitude": -1.37864, "codes_siren": "213502396,243500634"}, "bbox": [-1.37864, 47.912419, -1.37864, 47.912419]}, {"type": "Feature", "id": "administration.fid--17174f5a_19f2e433d8d_-4a79", "geometry": {"type": "Point", "coordinates": [-1.379538, 47.911594]}, "geometry_name": "geom", "properties": {"id": "0093de77-be23-453e-a30c-9715117e7722", "nom": "Mission locale pour l'insertion professionnelle et sociale des jeunes (16-25 ans) - Retiers", "nom_commune": "Retiers", "adresse_principale": "16 rue Louis-Pasteur 35240 Retiers", "siret": null, "categorie": "Service local", "code_insee": "35239", "horaires": "<b>Mardi</b><br>\n09:00 - 12:00", "mail": "pae.retiers@rafcom.bzh", "site_internet": "https://www.lieux.gref-bretagne.com/lieu-information/pae-la-roche-aux-fees-retiers/00600L", "telephone": "02 99 43 64 87", "url_service_public": "https://lannuaire.service-public.gouv.fr/bretagne/ille-et-vilaine/0093de77-be23-453e-a30c-9715117e7722", "type_organisme": null, "date_modification": "11/12/2023 13:14:07", "latitude": 47.911594, "longitude": -1.379538, "codes_siren": "213502396,243500634"}, "bbox": [-1.379538, 47.911594, -1.379538, 47.911594]}, {"type": "Feature", "id": "administration.fid--17174f5a_19f2e433d8d_-4a78", "geometry": {"type": "Point", "coordinates": [-1.802166, 48.295471]}, "geometry_name": "geom", "properties": {"id": "2e04cf5d-6b85-460c-83f1-505b21a318ea", "nom": "Centre communal d'action sociale (CCAS) - Hede-Bazouges", "nom_commune": "Hédé-Bazouges", "adresse_principale": "7 Place de la Mairie 35630 Hédé-Bazouges", "siret": "26350122300014", "categorie": "Service local", "code_insee": "35130", "horaires": null, "mail": null, "site_internet": null, "telephone": "+33299454618", "url_service_public": "https://lannuaire.service-public.gouv.fr/bretagne/ille-et-vilaine/2e04cf5d-6b85-460c-83f1-505b21a318ea", "type_organisme": null, "date_modification": "24/02/2026 08:09:43", "latitude": 48.29547, "longitude": -1.802166, "codes_siren": "213501307,243500733"}, "bbox": [-1.802166, 48.295471, -1.802166, 48.295471]}, {"type": "Feature", "id": "administration.fid--17174f5a_19f2e433d8d_-4a77", "geometry": {"type": "Point", "coordinates": [-1.673081, 48.10653]}, "geometry_name": "geom", "properties": {"id": "bf34d97d-33ab-43eb-bfcd-e3d7b3a76e81", "nom": "Direction régionale des finances publiques (DRFIP) - Bretagne et département d'Ille-et-Vilaine", "nom_commune": "Rennes", "adresse_principale": "Avenue Janvier 35000 Rennes", "siret": "13001493900016", "categorie": "Service institutionnel", "code_insee": "35238", "horaires": "<b>Lundi - Vendredi</b><br>\n08:45 - 12:00", "mail": "drfip35@dgfip.finances.gouv.fr", "site_internet": "https://www.prefectures-regions.gouv.fr/bretagne/Region-et-institutions/Organisation-administrative-de-la-region/Les-services-regionaux/DRFIP/DRFIP", "telephone": "02 99 79 80 00", "url_service_public": "https://lannuaire.service-public.gouv.fr/bretagne/ille-et-vilaine/bf34d97d-33ab-43eb-bfcd-e3d7b3a76e81", "type_organisme": "Service déconcentré", "date_modification": "22/12/2025 09:04:54", "latitude": 48.10653, "longitude": -1.673081, "codes_siren": "213502388,243500139"}, "bbox": [-1.673081, 48.10653, -1.673081, 48.10653]}, {"type": "Feature", "id": "administration.fid--17174f5a_19f2e433d8d_-4a76", "geometry": {"type": "Point", "coordinates": [-1.673822, 48.088095]}, "geometry_name": "geom", "properties": {"id": "140f442f-d03f-4c69-986f-dfe16318b13e", "nom": "France services - Rennes (itinérant)", "nom_commune": "Rennes", "adresse_principale": "47 avenue des Pays-Bas 35000 Rennes", "siret": null, "categorie": "Service local", "code_insee": "35238", "horaires": "<b>Lundi</b><br>\n09:00 - 12:30\n14:00 - 17:00<br>\n<b>Mardi - Mercredi</b><br>\n14:00 - 17:00<br>\n<b>Jeudi</b><br>\n09:30 - 12:00<br>\n<b>Vendredi</b><br>\n14:00 - 17:00<br>\n<b>Samedi</b><br>\n09:30 - 12:15\n14:00 - 17:00", "mail": "services.itinerants@pimms.org", "site_internet": "https://www.france-services.gouv.fr", "telephone": "06 27 62 62 74", "url_service_public": "https://lannuaire.service-public.gouv.fr/bretagne/ille-et-vilaine/140f442f-d03f-4c69-986f-dfe16318b13e", "type_organisme": null, "date_modification": "10/02/2025 15:31:40", "latitude": 48.088097, "longitude": -1.673822, "codes_siren": "213502388,243500139"}, "bbox": [-1.673822, 48.088095, -1.673822, 48.088095]}, {"type": "Feature", "id": "administration.fid--17174f5a_19f2e433d8d_-4a75", "geometry": {"type": "Point", "coordinates": [-1.6937, 48.1289]}, "geometry_name": "geom", "properties": {"id": "cc5b237a-e73c-4420-9cea-bfb14bdf4a61", "nom": "Archives départementales - Ille-et-Vilaine", "nom_commune": "Rennes", "adresse_principale": "1 rue Jacques-Léonard 35000 Rennes", "siret": null, "categorie": "Service institutionnel", "code_insee": "35238", "horaires": "<b>Lundi - Jeudi</b><br>\n09:00 - 17:00<br>\n<b>Vendredi</b><br>\n09:00 - 16:30", "mail": "archives@ille-et-vilaine.fr", "site_internet": "https://archives.ille-et-vilaine.fr/fr", "telephone": "02 99 02 40 00", "url_service_public": "https://lannuaire.service-public.gouv.fr/bretagne/ille-et-vilaine/cc5b237a-e73c-4420-9cea-bfb14bdf4a61", "type_organisme": "Collectivité locale", "date_modification": "24/11/2023 08:45:08", "latitude": 48.1289, "longitude": -1.6937, "codes_siren": "213502388,243500139"}, "bbox": [-1.6937, 48.1289, -1.6937, 48.1289]}, {"type": "Feature", "id": "administration.fid--17174f5a_19f2e433d8d_-4a74", "geometry": {"type": "Point", "coordinates": [-1.68159, 48.130413]}, "geometry_name": "geom", "properties": {"id": "d0be694d-b8f9-4003-b995-ccd33f0f3581", "nom": "Fédération française du bâtiment (FFB) - Ille-et-Vilaine", "nom_commune": "Rennes", "adresse_principale": "3 allée du Bâtiment 35000 Rennes", "siret": "77774880700024", "categorie": "Service institutionnel", "code_insee": "35238", "horaires": "<b>Lundi - Jeudi</b><br>\n08:30 - 12:15\n13:30 - 17:30<br>\n<b>Vendredi</b><br>\n08:30 - 12:15\n13:30 - 16:30", "mail": "contact@fbtp35.fr", "site_internet": "https://www.ffbatiment.fr/organisation-ffb/federations-departementales-chambres-syndicales/ille-et-vilaine", "telephone": "02 99 38 28 28", "url_service_public": "https://lannuaire.service-public.gouv.fr/bretagne/ille-et-vilaine/d0be694d-b8f9-4003-b995-ccd33f0f3581", "type_organisme": "Ordre professionnel", "date_modification": "10/11/2025 17:27:06", "latitude": 48.130413, "longitude": -1.68159, "codes_siren": "213502388,243500139"}, "bbox": [-1.68159, 48.130413, -1.68159, 48.130413]}, {"type": "Feature", "id": "administration.fid--17174f5a_19f2e433d8d_-4a73", "geometry": {"type": "Point", "coordinates": [-1.750545, 47.895741]}, "geometry_name": "geom", "properties": {"id": "10211e2a-3196-46b0-9bae-33676a3db0de", "nom": "Mairie - Pléchâtel", "nom_commune": "Pléchâtel", "adresse_principale": "1 place de la Mairie 35470 Pléchâtel", "siret": "21350221400017", "categorie": "Service local", "code_insee": "35221", "horaires": "<b>Lundi</b><br>\n08:00 - 12:00\n14:00 - 17:00<br>\n<b>Mardi</b><br>\n08:00 - 12:00<br>\n<b>Mercredi</b><br>\n08:00 - 12:00\n14:00 - 17:00<br>\n<b>Jeudi</b><br>\n08:00 - 12:00\n14:00 - 19:00<br>\n<b>Vendredi</b><br>\n08:00 - 12:00\n14:00 - 17:00", "mail": "accueil@plechatel.fr", "site_internet": "https://www.plechatel.fr/", "telephone": "02 99 57 41 68", "url_service_public": "https://lannuaire.service-public.gouv.fr/bretagne/ille-et-vilaine/10211e2a-3196-46b0-9bae-33676a3db0de", "type_organisme": null, "date_modification": "05/05/2025 15:31:06", "latitude": 47.89574, "longitude": -1.750545, "codes_siren": "213502214,200070662"}, "bbox": [-1.750545, 47.895741, -1.750545, 47.895741]}, {"type": "Feature", "id": "administration.fid--17174f5a_19f2e433d8d_-4a72", "geometry": {"type": "Point", "coordinates": [-1.614273, 47.995074]}, "geometry_name": "geom", "properties": {"id": "e367589b-cd10-4e84-a653-33dee8d6abad", "nom": "Centre communal d'action sociale (CCAS) - Bourgbarre", "nom_commune": "Bourgbarré", "adresse_principale": "1 Rue des Sports 35230 Bourgbarré", "siret": "26350436700024", "categorie": "Service local", "code_insee": "35032", "horaires": null, "mail": null, "site_internet": null, "telephone": "+33299576696", "url_service_public": "https://lannuaire.service-public.gouv.fr/bretagne/ille-et-vilaine/e367589b-cd10-4e84-a653-33dee8d6abad", "type_organisme": null, "date_modification": "24/02/2026 08:10:15", "latitude": 47.995075, "longitude": -1.614273, "codes_siren": "213500325,243500139"}, "bbox": [-1.614273, 47.995074, -1.614273, 47.995074]}, {"type": "Feature", "id": "administration.fid--17174f5a_19f2e433d8d_-4a71", "geometry": {"type": "Point", "coordinates": [-1.657979, 48.088253]}, "geometry_name": "geom", "properties": {"id": "dc7e9af1-65ea-4b95-98a7-2cd10f2d7aff", "nom": "Centre de protection maternelle et infantile (PMI) - Rennes - Le Blosne", "nom_commune": "Rennes", "adresse_principale": "7 boulevard de Yougoslavie 35200 Rennes", "siret": null, "categorie": "Service local", "code_insee": "35238", "horaires": "<b>Lundi</b><br>\n09:00 - 12:30\n13:30 - 17:00<br>\n<b>Mardi</b><br>\n13:30 - 17:00<br>\n<b>Mercredi - Jeudi</b><br>\n09:00 - 12:30\n13:30 - 17:00<br>\n<b>Vendredi</b><br>\n09:00 - 12:30\n13:30 - 16:30", "mail": "cdas-blosne@ille-et-vilaine.fr", "site_internet": "https://www.ille-et-vilaine.fr", "telephone": "02 90 02 77 20", "url_service_public": "https://lannuaire.service-public.gouv.fr/bretagne/ille-et-vilaine/dc7e9af1-65ea-4b95-98a7-2cd10f2d7aff", "type_organisme": null, "date_modification": "26/03/2025 13:53:20", "latitude": 48.088253, "longitude": -1.6579794, "codes_siren": "213502388,243500139"}, "bbox": [-1.657979, 48.088253, -1.657979, 48.088253]}, {"type": "Feature", "id": "administration.fid--17174f5a_19f2e433d8d_-4a70", "geometry": {"type": "Point", "coordinates": [-1.928102, 48.108867]}, "geometry_name": "geom", "properties": {"id": "afe4b746-cdf6-4b45-a5a4-0be99fcc8592", "nom": "Mairie - Talensac", "nom_commune": "Talensac", "adresse_principale": "9 bis rue de Saint-Péran 35160 Talensac", "siret": "21350331100010", "categorie": "Service local", "code_insee": "35331", "horaires": "<b>Lundi</b><br>\n08:30 - 12:15\n14:00 - 18:00<br>\n<b>Mardi</b><br>\n14:00 - 18:00<br>\n<b>Mercredi</b><br>\n08:30 - 12:15\n14:00 - 18:00<br>\n<b>Vendredi</b><br>\n08:30 - 12:15\n14:00 - 18:00<br>\n<b>Samedi</b><br>\n09:00 - 11:45", "mail": "mairie@talensac.fr", "site_internet": "https://www.talensac.fr", "telephone": "02 99 09 06 15", "url_service_public": "https://lannuaire.service-public.gouv.fr/bretagne/ille-et-vilaine/afe4b746-cdf6-4b45-a5a4-0be99fcc8592", "type_organisme": null, "date_modification": "21/11/2024 10:51:39", "latitude": 48.108868, "longitude": -1.928102, "codes_siren": "213503311,243500550"}, "bbox": [-1.928102, 48.108867, -1.928102, 48.108867]}, {"type": "Feature", "id": "administration.fid--17174f5a_19f2e433d8d_-4a6f", "geometry": {"type": "Point", "coordinates": [-1.60833, 47.927445]}, "geometry_name": "geom", "properties": {"id": "1817a3da-3f65-44d1-b2c8-6855fdbc3410", "nom": "Centre communal d'action sociale (CCAS) - Le Petit-Fougeray", "nom_commune": "Le Petit-Fougeray", "adresse_principale": "6 rue des Planches 35320 Le Petit-Fougeray", "siret": "21350218000010", "categorie": "Service local", "code_insee": "35218", "horaires": null, "mail": "mairie@lepetitfougeray.fr", "site_internet": "https://lepetitfougeray.fr/ccas/", "telephone": "+33299446260", "url_service_public": "https://lannuaire.service-public.gouv.fr/bretagne/ille-et-vilaine/1817a3da-3f65-44d1-b2c8-6855fdbc3410", "type_organisme": null, "date_modification": "24/02/2026 08:09:39", "latitude": 47.927444, "longitude": -1.60833, "codes_siren": "213502180,200070662"}, "bbox": [-1.60833, 47.927445, -1.60833, 47.927445]}, {"type": "Feature", "id": "administration.fid--17174f5a_19f2e433d8d_-4a6e", "geometry": {"type": "Point", "coordinates": [-1.693679, 48.11878]}, "geometry_name": "geom", "properties": {"id": "e0cd8bdb-4e10-4a53-a13e-36b8d74e8750", "nom": "Centre hospitalier universitaire (CHU) - Rennes", "nom_commune": "Rennes", "adresse_principale": "2 rue Henri-Le-Guilloux 35000 Rennes", "siret": null, "categorie": "Service institutionnel", "code_insee": "35238", "horaires": null, "mail": null, "site_internet": "https://www.chu-rennes.fr/", "telephone": "02 99 28 43 21", "url_service_public": "https://lannuaire.service-public.gouv.fr/bretagne/ille-et-vilaine/e0cd8bdb-4e10-4a53-a13e-36b8d74e8750", "type_organisme": "Établissement public", "date_modification": "10/11/2025 17:27:40", "latitude": 48.11878, "longitude": -1.693679, "codes_siren": "213502388,243500139"}, "bbox": [-1.693679, 48.11878, -1.693679, 48.11878]}, {"type": "Feature", "id": "administration.fid--17174f5a_19f2e433d8d_-4a6d", "geometry": {"type": "Point", "coordinates": [-1.669396, 48.11214]}, "geometry_name": "geom", "properties": {"id": "83e3b2dc-4fbe-4640-939e-de536a1d25d3", "nom": "Chambre interdépartementale des notaires - Côtes-d’Armor, Finistère, Ille-et-Vilaine, Loire-Atlantique, Morbihan", "nom_commune": "Rennes", "adresse_principale": "14 rue de Paris 35000 Rennes", "siret": null, "categorie": "Service local", "code_insee": "35238", "horaires": "<b>Lundi - Vendredi</b><br>\n08:30 - 12:30\n14:00 - 17:00", "mail": "contact@ci-rennes.notaires.fr", "site_internet": "https://www.notaireetbreton.bzh/propos", "telephone": "02 99 27 54 45", "url_service_public": "https://lannuaire.service-public.gouv.fr/bretagne/ille-et-vilaine/83e3b2dc-4fbe-4640-939e-de536a1d25d3", "type_organisme": null, "date_modification": "10/11/2025 17:13:25", "latitude": 48.11214, "longitude": -1.669396, "codes_siren": "213502388,243500139"}, "bbox": [-1.669396, 48.11214, -1.669396, 48.11214]}, {"type": "Feature", "id": "administration.fid--17174f5a_19f2e433d8d_-4a6c", "geometry": {"type": "Point", "coordinates": [-1.67642, 48.10516]}, "geometry_name": "geom", "properties": {"id": "5bfa29a1-295a-48b8-9a68-8a867dd8abbe", "nom": "Centre information jeunesse - Rennes", "nom_commune": "Rennes", "adresse_principale": "4 bis cours des alliés 35000 Rennes", "siret": null, "categorie": "Service local", "code_insee": "35238", "horaires": "<b>Mardi - Vendredi</b><br>\n13:00 - 18:00<br>\n<b>Samedi</b><br>\n14:00 - 18:00", "mail": "contact@le4bis-ij.com", "site_internet": "https://www.le4bis-ij.com", "telephone": "02 99 31 47 48", "url_service_public": "https://lannuaire.service-public.gouv.fr/bretagne/ille-et-vilaine/5bfa29a1-295a-48b8-9a68-8a867dd8abbe", "type_organisme": null, "date_modification": "18/12/2024 17:36:32", "latitude": 48.10516, "longitude": -1.67642, "codes_siren": "213502388,243500139"}, "bbox": [-1.67642, 48.10516, -1.67642, 48.10516]}, {"type": "Feature", "id": "administration.fid--17174f5a_19f2e433d8d_-4a6b", "geometry": {"type": "Point", "coordinates": [-1.671757, 48.110347]}, "geometry_name": "geom", "properties": {"id": "ffa26ca0-1b9e-4795-89f2-93db7629ae1e", "nom": "Direction des services départementaux de l'Éducation nationale (DSDEN) - Ille-et-Vilaine", "nom_commune": "Rennes", "adresse_principale": "1 quai Dujardin 35000 Rennes", "siret": "17350431700012", "categorie": "Service institutionnel", "code_insee": "35238", "horaires": "<b>Lundi - Vendredi</b><br>\n08:45 - 12:30\n13:30 - 17:00", "mail": "ce.dsden35@ac-rennes.fr", "site_internet": "https://www.ac-rennes.fr/presentation-de-la-dsden-d-ille-et-vilaine-122106", "telephone": "02 99 25 10 20", "url_service_public": "https://lannuaire.service-public.gouv.fr/bretagne/ille-et-vilaine/ffa26ca0-1b9e-4795-89f2-93db7629ae1e", "type_organisme": "Service déconcentré", "date_modification": "22/09/2025 11:38:14", "latitude": 48.110348, "longitude": -1.671757, "codes_siren": "213502388,243500139"}, "bbox": [-1.671757, 48.110347, -1.671757, 48.110347]}, {"type": "Feature", "id": "administration.fid--17174f5a_19f2e433d8d_-4a6a", "geometry": {"type": "Point", "coordinates": [-1.674795, 48.113642]}, "geometry_name": "geom", "properties": {"id": "c1e3fd7f-96b6-4d54-9d6a-e3afa70e277c", "nom": "Préfecture de région - Bretagne", "nom_commune": "Rennes", "adresse_principale": "1 rue Martenot 35000 Rennes", "siret": null, "categorie": "Service institutionnel", "code_insee": "35238", "horaires": null, "mail": null, "site_internet": "https://www.prefectures-regions.gouv.fr/bretagne", "telephone": "02 21 86 25 35", "url_service_public": "https://lannuaire.service-public.gouv.fr/bretagne/ille-et-vilaine/c1e3fd7f-96b6-4d54-9d6a-e3afa70e277c", "type_organisme": "Préfecture, sous-préfecture", "date_modification": "20/11/2025 16:04:25", "latitude": 48.113644, "longitude": -1.674795, "codes_siren": "213502388,243500139"}, "bbox": [-1.674795, 48.113642, -1.674795, 48.113642]}, {"type": "Feature", "id": "administration.fid--17174f5a_19f2e433d8d_-4a69", "geometry": {"type": "Point", "coordinates": [-1.40656, 48.25928]}, "geometry_name": "geom", "properties": {"id": "1b57a5cc-7755-43f1-92ed-9a68d1012abd", "nom": "Brigade de gendarmerie - Saint-Aubin-du-Cormier", "nom_commune": "Saint-Aubin-du-Cormier", "adresse_principale": "15 rue de Rennes 35140 Saint-Aubin-du-Cormier", "siret": null, "categorie": "Service local", "code_insee": "35253", "horaires": null, "mail": null, "site_internet": "https://www.gendarmerie.interieur.gouv.fr", "telephone": "02 99 39 10 07", "url_service_public": "https://lannuaire.service-public.gouv.fr/bretagne/ille-et-vilaine/1b57a5cc-7755-43f1-92ed-9a68d1012abd", "type_organisme": null, "date_modification": "24/10/2024 09:09:28", "latitude": 48.25928, "longitude": -1.40656, "codes_siren": "213502537,243500774"}, "bbox": [-1.40656, 48.25928, -1.40656, 48.25928]}, {"type": "Feature", "id": "administration.fid--17174f5a_19f2e433d8d_-4a68", "geometry": {"type": "Point", "coordinates": [-1.68365, 48.1109]}, "geometry_name": "geom", "properties": {"id": "e2f28679-3ced-4210-bcba-ef9c3d698e42", "nom": "Conciliateur fiscal départemental - Ille-et-Vilaine", "nom_commune": "Rennes Cedex 9", "adresse_principale": " 35021 Rennes Cedex 9", "siret": null, "categorie": "Service local", "code_insee": "35238", "horaires": null, "mail": "conciliateurfiscal35@dgfip.finances.gouv.fr", "site_internet": "https://www.impots.gouv.fr/accueil", "telephone": null, "url_service_public": "https://lannuaire.service-public.gouv.fr/bretagne/ille-et-vilaine/e2f28679-3ced-4210-bcba-ef9c3d698e42", "type_organisme": null, "date_modification": "10/11/2025 21:51:50", "latitude": 48.1109, "longitude": -1.68365, "codes_siren": "213502388,243500139"}, "bbox": [-1.68365, 48.1109, -1.68365, 48.1109]}, {"type": "Feature", "id": "administration.fid--17174f5a_19f2e433d8d_-4a67", "geometry": {"type": "Point", "coordinates": [-1.603015, 48.119446]}, "geometry_name": "geom", "properties": {"id": "3de01d2c-7979-4d17-8ce5-88fcb37194f1", "nom": "Police municipale - Cesson-Sévigné", "nom_commune": "Cesson-Sévigné", "adresse_principale": "1 esplanade de Hôtel-de-Ville 35517 Cesson-Sévigné", "siret": null, "categorie": "Service local", "code_insee": "35051", "horaires": null, "mail": "police.municipale@ville-cesson-sevigne.fr", "site_internet": null, "telephone": "02 99 83 52 14", "url_service_public": "https://lannuaire.service-public.gouv.fr/bretagne/ille-et-vilaine/3de01d2c-7979-4d17-8ce5-88fcb37194f1", "type_organisme": null, "date_modification": "10/11/2025 17:10:03", "latitude": 48.119446, "longitude": -1.603015, "codes_siren": "213500515,243500139"}, "bbox": [-1.603015, 48.119446, -1.603015, 48.119446]}, {"type": "Feature", "id": "administration.fid--17174f5a_19f2e433d8d_-4a66", "geometry": {"type": "Point", "coordinates": [-1.66925, 48.120294]}, "geometry_name": "geom", "properties": {"id": "ab66444f-623f-42ac-a5a6-3b8bdd70b331", "nom": "Point-justice du Foyer d'hébergement Saint-Benoit Labre", "nom_commune": "RENNES", "adresse_principale": "5 rue du Bois Rondel 35700 RENNES", "siret": null, "categorie": "Service local", "code_insee": "35238", "horaires": null, "mail": null, "site_internet": "https://www.cdad-ca-rennes.fr/", "telephone": null, "url_service_public": "https://lannuaire.service-public.gouv.fr/bretagne/ille-et-vilaine/ab66444f-623f-42ac-a5a6-3b8bdd70b331", "type_organisme": null, "date_modification": "03/10/2025 04:36:25", "latitude": 48.120293, "longitude": -1.66925, "codes_siren": "213502388,243500139"}, "bbox": [-1.66925, 48.120294, -1.66925, 48.120294]}, {"type": "Feature", "id": "administration.fid--17174f5a_19f2e433d8d_-4a65", "geometry": {"type": "Point", "coordinates": [-1.63602, 48.09489]}, "geometry_name": "geom", "properties": {"id": "df67792d-2d7f-4d0a-b6d0-deb3b98090df", "nom": "Agence régionale pour l’amélioration des conditions de travail (Aract) - Bretagne", "nom_commune": "Rennes", "adresse_principale": "227 rue de Chateaugiron 35000 Rennes", "siret": "18003701200085", "categorie": "Service institutionnel", "code_insee": "35238", "horaires": null, "mail": null, "site_internet": "https://www.anact.fr/bretagne", "telephone": "02 23 44 01 44", "url_service_public": "https://lannuaire.service-public.gouv.fr/bretagne/ille-et-vilaine/df67792d-2d7f-4d0a-b6d0-deb3b98090df", "type_organisme": "Établissement public", "date_modification": "22/10/2025 12:11:04", "latitude": 48.09489, "longitude": -1.63602, "codes_siren": "213502388,243500139"}, "bbox": [-1.63602, 48.09489, -1.63602, 48.09489]}, {"type": "Feature", "id": "administration.fid--17174f5a_19f2e433d8d_-4a64", "geometry": {"type": "Point", "coordinates": [-1.456469, 47.887613]}, "geometry_name": "geom", "properties": {"id": "14eef14c-e0db-4601-8431-5597386114ec", "nom": "Centre communal d'action sociale (CCAS) - Sainte-Colombe Ille-et-Vilaine", "nom_commune": "Sainte-Colombe", "adresse_principale": "Place Pierre et Marie Curie 35134 Sainte-Colombe", "siret": "21350262800018", "categorie": "Service local", "code_insee": "35262", "horaires": null, "mail": "saintecolombe.mairie@wanadoo.fr", "site_internet": null, "telephone": "+33299477872", "url_service_public": "https://lannuaire.service-public.gouv.fr/bretagne/ille-et-vilaine/14eef14c-e0db-4601-8431-5597386114ec", "type_organisme": null, "date_modification": "24/02/2026 08:09:38", "latitude": 47.88761, "longitude": -1.456469, "codes_siren": "213502628,243500634"}, "bbox": [-1.456469, 47.887613, -1.456469, 47.887613]}, {"type": "Feature", "id": "administration.fid--17174f5a_19f2e433d8d_-4a63", "geometry": {"type": "Point", "coordinates": [-1.615241, 48.086814]}, "geometry_name": "geom", "properties": {"id": "6d1a6390-bff3-4807-b851-04a8fb2e589b", "nom": "Centre Local d’Information et de Coordination (CLIC) Alli'âges - Antenne de Chantepie", "nom_commune": "Chantepie", "adresse_principale": "101A Avenue André Bonnin 35135 Chantepie", "siret": "40011181100032", "categorie": "Service local", "code_insee": "35055", "horaires": null, "mail": "accueil@clic-alliages.fr", "site_internet": "https://www.clic-alliages.fr/", "telephone": "+33299773513", "url_service_public": "https://lannuaire.service-public.gouv.fr/bretagne/ille-et-vilaine/6d1a6390-bff3-4807-b851-04a8fb2e589b", "type_organisme": null, "date_modification": "12/01/2026 14:17:22", "latitude": 48.086815, "longitude": -1.615241, "codes_siren": "213500556,243500139"}, "bbox": [-1.615241, 48.086814, -1.615241, 48.086814]}, {"type": "Feature", "id": "administration.fid--17174f5a_19f2e433d8d_-4a62", "geometry": {"type": "Point", "coordinates": [-1.933899, 48.335904]}, "geometry_name": "geom", "properties": {"id": "a1c19561-eaa3-439d-bcca-c4a08d5add8d", "nom": "Mairie - Saint-Thual", "nom_commune": "Saint-Thual", "adresse_principale": "12 rue de Tourdelin 35190 Saint-Thual", "siret": "21350318800012", "categorie": "Service local", "code_insee": "35318", "horaires": "<b>Lundi</b><br>\n09:00 - 12:00<br>\n<b>Mercredi</b><br>\n09:00 - 12:00<br>\n<b>Vendredi</b><br>\n09:00 - 12:00\n14:00 - 16:00", "mail": "mairie.saint-thual@wanadoo.fr", "site_internet": "https://www.saint-thual.fr/", "telephone": "02 99 66 82 02", "url_service_public": "https://lannuaire.service-public.gouv.fr/bretagne/ille-et-vilaine/a1c19561-eaa3-439d-bcca-c4a08d5add8d", "type_organisme": null, "date_modification": "05/05/2025 15:34:09", "latitude": 48.335903, "longitude": -1.933899, "codes_siren": "213503188,243500733"}, "bbox": [-1.933899, 48.335904, -1.933899, 48.335904]}, {"type": "Feature", "id": "administration.fid--17174f5a_19f2e433d8d_-4a61", "geometry": {"type": "Point", "coordinates": [-1.687026, 48.107126]}, "geometry_name": "geom", "properties": {"id": "ff7a5b62-b395-497a-a7db-93e35ad63a8c", "nom": "Conseil de prud'hommes de Rennes", "nom_commune": "RENNES", "adresse_principale": "2 PLACE DE LA ROTONDE 35000 RENNES", "siret": null, "categorie": "Service local", "code_insee": "35238", "horaires": "<b>Lundi - Vendredi</b><br>\n09:00 - 12:00\n13:30 - 17:00", "mail": "cph-rennes@justice.fr", "site_internet": "https://www.justice.fr/fiche/saisir-conseil-prud-hommes-cph", "telephone": "02 99 65 65 80", "url_service_public": "https://lannuaire.service-public.gouv.fr/bretagne/ille-et-vilaine/ff7a5b62-b395-497a-a7db-93e35ad63a8c", "type_organisme": null, "date_modification": "07/10/2025 04:36:54", "latitude": 48.107124, "longitude": -1.687026, "codes_siren": "213502388,243500139"}, "bbox": [-1.687026, 48.107126, -1.687026, 48.107126]}, {"type": "Feature", "id": "administration.fid--17174f5a_19f2e433d8d_-4a60", "geometry": {"type": "Point", "coordinates": [-1.706164, 48.010883]}, "geometry_name": "geom", "properties": {"id": "428646a3-5092-412b-95cc-748f76a02b10", "nom": "Centre communal d'action sociale (CCAS) - Pont-Péan", "nom_commune": "Pont-Péan", "adresse_principale": "2 Avenue du Chemin Vert 35131 Pont-Péan", "siret": "21350363400015", "categorie": "Service local", "code_insee": "35363", "horaires": null, "mail": "mairie@pontpean.bzh", "site_internet": "https://www.pontpean.fr/au-quotidien/solidarite-emploi/centre-communal-dactions-sociales/", "telephone": "+33299524170", "url_service_public": "https://lannuaire.service-public.gouv.fr/bretagne/ille-et-vilaine/428646a3-5092-412b-95cc-748f76a02b10", "type_organisme": null, "date_modification": "24/02/2026 08:09:47", "latitude": 48.010883, "longitude": -1.706164, "codes_siren": "213503634,243500139"}, "bbox": [-1.706164, 48.010883, -1.706164, 48.010883]}, {"type": "Feature", "id": "administration.fid--17174f5a_19f2e433d8d_-4a5f", "geometry": {"type": "Point", "coordinates": [-1.948203, 48.248441]}, "geometry_name": "geom", "properties": {"id": "c66f3518-18d5-4c35-b84a-6148aa4cef17", "nom": "Mairie - Irodouër", "nom_commune": "Irodouër", "adresse_principale": "3 rue de la Mairie 35850 Irodouër", "siret": "21350135600017", "categorie": "Service local", "code_insee": "35135", "horaires": "<b>Lundi</b><br>\n08:30 - 12:30\n13:30 - 17:30<br>\n<b>Mardi - Mercredi</b><br>\n08:15 - 12:15<br>\n<b>Jeudi</b><br>\n08:30 - 12:30\n13:30 - 17:30<br>\n<b>Vendredi</b><br>\n08:30 - 12:30\n14:00 - 16:30<br>\n<b>Samedi</b><br>\n09:00 - 12:00", "mail": "secretariat@mairie-irodouer.fr", "site_internet": "http://www.mairie-irodouer.fr", "telephone": "02 99 39 81 56", "url_service_public": "https://lannuaire.service-public.gouv.fr/bretagne/ille-et-vilaine/c66f3518-18d5-4c35-b84a-6148aa4cef17", "type_organisme": null, "date_modification": "29/07/2025 08:44:46", "latitude": 48.24844, "longitude": -1.9482028, "codes_siren": "213501356,200038990"}, "bbox": [-1.948203, 48.248441, -1.948203, 48.248441]}, {"type": "Feature", "id": "administration.fid--17174f5a_19f2e433d8d_-4a5e", "geometry": {"type": "Point", "coordinates": [-1.677812, 48.111923]}, "geometry_name": "geom", "properties": {"id": "84340fe2-1ab7-4ab1-8f5c-5f0364596290", "nom": "Pôle spécialisé en matière de violence intrafamiliales de la Cour d'appel de Rennes", "nom_commune": "RENNES CEDEX", "adresse_principale": "PLACE DU PARLEMENT DE BRETAGNE 35064 RENNES CEDEX", "siret": null, "categorie": "Service local", "code_insee": "35238", "horaires": null, "mail": null, "site_internet": null, "telephone": null, "url_service_public": "https://lannuaire.service-public.gouv.fr/bretagne/ille-et-vilaine/84340fe2-1ab7-4ab1-8f5c-5f0364596290", "type_organisme": null, "date_modification": "16/05/2025 05:14:50", "latitude": null, "longitude": null, "codes_siren": "213502388,243500139"}, "bbox": [-1.677812, 48.111923, -1.677812, 48.111923]}, {"type": "Feature", "id": "administration.fid--17174f5a_19f2e433d8d_-4a5d", "geometry": {"type": "Point", "coordinates": [-1.70544, 48.042809]}, "geometry_name": "geom", "properties": {"id": "d57e0713-af20-4563-b2b1-77cfd5277300", "nom": "Centre de protection maternelle et infantile (PMI) - Chartres-de-Bretagne", "nom_commune": "Chartres-de-Bretagne", "adresse_principale": "1 rue Madame-de-Janzé 35131 Chartres-de-Bretagne", "siret": null, "categorie": "Service local", "code_insee": "35066", "horaires": "<b>Lundi</b><br>\n09:00 - 12:30\n14:00 - 17:30<br>\n<b>Mardi</b><br>\n14:00 - 17:30<br>\n<b>Mercredi - Jeudi</b><br>\n09:00 - 12:30\n14:00 - 17:30<br>\n<b>Vendredi</b><br>\n09:00 - 12:30\n14:00 - 16:30", "mail": "cdas-crsud@ille-et-vilaine.fr", "site_internet": "https://www.ille-et-vilaine.fr", "telephone": "02 22 93 68 40", "url_service_public": "https://lannuaire.service-public.gouv.fr/bretagne/ille-et-vilaine/d57e0713-af20-4563-b2b1-77cfd5277300", "type_organisme": null, "date_modification": "26/03/2025 12:07:04", "latitude": 48.04281, "longitude": -1.7054404, "codes_siren": "213500663,243500139"}, "bbox": [-1.70544, 48.042809, -1.70544, 48.042809]}, {"type": "Feature", "id": "administration.fid--17174f5a_19f2e433d8d_-4a5c", "geometry": {"type": "Point", "coordinates": [-1.672378, 48.086862]}, "geometry_name": "geom", "properties": {"id": "d73ccc2d-1562-440e-8b8c-4ace97e6122b", "nom": "Point-justice du centre social Carrefour 18 Rennes", "nom_commune": "RENNES", "adresse_principale": "7 rue d'Espagne 35200 RENNES", "siret": null, "categorie": "Service local", "code_insee": "35238", "horaires": null, "mail": null, "site_internet": "https://www.cdad-ca-rennes.fr/", "telephone": "02 99 51 32 25", "url_service_public": "https://lannuaire.service-public.gouv.fr/bretagne/ille-et-vilaine/d73ccc2d-1562-440e-8b8c-4ace97e6122b", "type_organisme": null, "date_modification": "03/10/2025 04:36:24", "latitude": 48.08686, "longitude": -1.672378, "codes_siren": "213502388,243500139"}, "bbox": [-1.672378, 48.086862, -1.672378, 48.086862]}, {"type": "Feature", "id": "administration.fid--17174f5a_19f2e433d8d_-4a5b", "geometry": {"type": "Point", "coordinates": [-1.686533, 48.105695]}, "geometry_name": "geom", "properties": {"id": "318072f6-066f-490e-8ed7-afac6c959b29", "nom": "Tribunal de commerce de Rennes", "nom_commune": "RENNES", "adresse_principale": "7 RUE PIERRE ABELARD 35000 RENNES", "siret": null, "categorie": "Service local", "code_insee": "35238", "horaires": null, "mail": null, "site_internet": null, "telephone": "02 99 65 38 88", "url_service_public": "https://lannuaire.service-public.gouv.fr/bretagne/ille-et-vilaine/318072f6-066f-490e-8ed7-afac6c959b29", "type_organisme": null, "date_modification": "16/05/2025 05:14:43", "latitude": 48.105694, "longitude": -1.686533, "codes_siren": "213502388,243500139"}, "bbox": [-1.686533, 48.105695, -1.686533, 48.105695]}, {"type": "Feature", "id": "administration.fid--17174f5a_19f2e433d8d_-4a5a", "geometry": {"type": "Point", "coordinates": [-1.684895, 47.887311]}, "geometry_name": "geom", "properties": {"id": "7ae82789-890e-47de-ad6c-d88fedffe163", "nom": "Centre communal d'action sociale (CCAS) - Poligné", "nom_commune": "Poligné", "adresse_principale": "2 Rue du Tertre Gris 35320 Poligné", "siret": "21350231300074", "categorie": "Service local", "code_insee": "35231", "horaires": null, "mail": null, "site_internet": "https://www.poligne.fr/ccas/", "telephone": "+33299437309", "url_service_public": "https://lannuaire.service-public.gouv.fr/bretagne/ille-et-vilaine/7ae82789-890e-47de-ad6c-d88fedffe163", "type_organisme": null, "date_modification": "24/02/2026 08:09:56", "latitude": 47.88731, "longitude": -1.684895, "codes_siren": "213502313,200070662"}, "bbox": [-1.684895, 47.887311, -1.684895, 47.887311]}, {"type": "Feature", "id": "administration.fid--17174f5a_19f2e433d8d_-4a59", "geometry": {"type": "Point", "coordinates": [-1.633015, 48.094252]}, "geometry_name": "geom", "properties": {"id": "6b56045c-25e8-489c-9713-186fea2e3436", "nom": "Cap emploi - Ille-et-Vilaine", "nom_commune": "Rennes", "adresse_principale": "6 allée de la Guérinière 35000 Rennes", "siret": null, "categorie": "Service local", "code_insee": "35238", "horaires": "<b>Lundi</b><br>\n13:30 - 17:00<br>\n<b>Mardi - Jeudi</b><br>\n08:15 - 12:15\n13:30 - 17:00<br>\n<b>Vendredi</b><br>\n08:15 - 12:15\n13:30 - 16:00", "mail": "contact@capemploi35.com", "site_internet": "https://www.capemploi-35.com/", "telephone": "02 23 44 82 30", "url_service_public": "https://lannuaire.service-public.gouv.fr/bretagne/ille-et-vilaine/6b56045c-25e8-489c-9713-186fea2e3436", "type_organisme": null, "date_modification": "13/12/2024 13:50:30", "latitude": 48.094254, "longitude": -1.633015, "codes_siren": "213502388,243500139"}, "bbox": [-1.633015, 48.094252, -1.633015, 48.094252]}, {"type": "Feature", "id": "administration.fid--17174f5a_19f2e433d8d_-4a58", "geometry": {"type": "Point", "coordinates": [-1.42838, 47.919701]}, "geometry_name": "geom", "properties": {"id": "a90d2265-4ee5-434c-ad1b-605c5748bb22", "nom": "Mairie - Le Theil-de-Bretagne", "nom_commune": "Le Theil-de-Bretagne", "adresse_principale": "2 place de l'Église 35240 Le Theil-de-Bretagne", "siret": "21350333700015", "categorie": "Service local", "code_insee": "35333", "horaires": "<b>Lundi</b><br>\n08:30 - 12:30\n13:30 - 18:30<br>\n<b>Mardi - Samedi</b><br>\n08:30 - 12:30", "mail": "mairie.letheildebretagne@wanadoo.fr", "site_internet": "https://letheildebretagne.fr/", "telephone": "02 99 47 74 07", "url_service_public": "https://lannuaire.service-public.gouv.fr/bretagne/ille-et-vilaine/a90d2265-4ee5-434c-ad1b-605c5748bb22", "type_organisme": null, "date_modification": "28/07/2025 11:29:27", "latitude": 47.9197, "longitude": -1.42838, "codes_siren": "213503337,243500634"}, "bbox": [-1.42838, 47.919701, -1.42838, 47.919701]}, {"type": "Feature", "id": "administration.fid--17174f5a_19f2e433d8d_-4a57", "geometry": {"type": "Point", "coordinates": [-1.498162, 47.95923]}, "geometry_name": "geom", "properties": {"id": "ea39c5d4-a34f-4cac-84e6-f8f5a5eac081", "nom": "France services - Janzé", "nom_commune": "Janzé", "adresse_principale": "Place de l'Hôtel de ville 35150 Janzé", "siret": null, "categorie": "Service local", "code_insee": "35136", "horaires": "<b>Lundi - Mercredi</b><br>\n09:00 - 12:00\n14:00 - 17:00<br>\n<b>Jeudi - Vendredi</b><br>\n09:00 - 12:00", "mail": "maison.franceservices@janze.fr", "site_internet": "https://www.france-services.gouv.fr", "telephone": "02 99 47 09 59", "url_service_public": "https://lannuaire.service-public.gouv.fr/bretagne/ille-et-vilaine/ea39c5d4-a34f-4cac-84e6-f8f5a5eac081", "type_organisme": null, "date_modification": "18/06/2025 14:03:12", "latitude": 47.95923, "longitude": -1.498162, "codes_siren": "213501364,243500634"}, "bbox": [-1.498162, 47.95923, -1.498162, 47.95923]}, {"type": "Feature", "id": "administration.fid--17174f5a_19f2e433d8d_-4a56", "geometry": {"type": "Point", "coordinates": [-1.687193, 48.105248]}, "geometry_name": "geom", "properties": {"id": "8176a238-81dc-4989-b00d-a5009300d58c", "nom": "Ordre des avocats - Barreau de Rennes", "nom_commune": "Rennes", "adresse_principale": "6 rue Hoche 35000 Rennes", "siret": null, "categorie": "Service local", "code_insee": "35238", "horaires": "<b>Lundi - Vendredi</b><br>\n10:00 - 12:00\n14:00 - 16:00", "mail": "info@ordre-avocats-rennes.com", "site_internet": "https://www.ordre-avocats-rennes.fr/", "telephone": "02 23 20 90 00", "url_service_public": "https://lannuaire.service-public.gouv.fr/bretagne/ille-et-vilaine/8176a238-81dc-4989-b00d-a5009300d58c", "type_organisme": "Ordre professionnel", "date_modification": "05/01/2026 10:48:02", "latitude": 48.105247, "longitude": -1.687193, "codes_siren": "213502388,243500139"}, "bbox": [-1.687193, 48.105248, -1.687193, 48.105248]}, {"type": "Feature", "id": "administration.fid--17174f5a_19f2e433d8d_-4a55", "geometry": {"type": "Point", "coordinates": [-1.716206, 48.155974]}, "geometry_name": "geom", "properties": {"id": "b4c4ced2-de5e-4a4b-b5b1-1927063ec30b", "nom": "Mairie - Montgermont", "nom_commune": "Montgermont", "adresse_principale": "Place Jane-Beusnel 35760 Montgermont", "siret": "21350189300019", "categorie": "Service local", "code_insee": "35189", "horaires": "<b>Lundi</b><br>\n13:30 - 18:00<br>\n<b>Mardi</b><br>\n09:00 - 12:00\n13:30 - 18:00<br>\n<b>Mercredi</b><br>\n09:00 - 12:00<br>\n<b>Jeudi - Vendredi</b><br>\n09:00 - 12:00\n13:30 - 18:00<br>\n<b>Samedi</b><br>\n10:00 - 12:00", "mail": "mairie@ville-montgermont.fr", "site_internet": "https://www.ville-montgermont.fr", "telephone": "02 99 68 83 88", "url_service_public": "https://lannuaire.service-public.gouv.fr/bretagne/ille-et-vilaine/b4c4ced2-de5e-4a4b-b5b1-1927063ec30b", "type_organisme": null, "date_modification": "28/07/2025 12:08:09", "latitude": 48.155975, "longitude": -1.716206, "codes_siren": "213501893,243500139"}, "bbox": [-1.716206, 48.155974, -1.716206, 48.155974]}, {"type": "Feature", "id": "administration.fid--17174f5a_19f2e433d8d_-4a54", "geometry": {"type": "Point", "coordinates": [-1.732709, 48.177068]}, "geometry_name": "geom", "properties": {"id": "d4af9bdc-4cb3-4c33-be58-715ef2923a16", "nom": "Centre communal d'action sociale (CCAS) - La Chapelle-des-Fougeretz", "nom_commune": "La Chapelle-des-Fougeretz", "adresse_principale": "2 Rue de la Mairie 35520 La Chapelle-des-Fougeretz", "siret": "26350091000017", "categorie": "Service local", "code_insee": "35059", "horaires": null, "mail": "mairie@lachapelledesfougeretz.fr", "site_internet": "https://www.lachapelledesfougeretz.bzh/au-quotidien/sante-et-solidarite/action-sociale/", "telephone": "+33299131313", "url_service_public": "https://lannuaire.service-public.gouv.fr/bretagne/ille-et-vilaine/d4af9bdc-4cb3-4c33-be58-715ef2923a16", "type_organisme": null, "date_modification": "24/02/2026 08:10:12", "latitude": 48.177067, "longitude": -1.732709, "codes_siren": "213500598,243500139"}, "bbox": [-1.732709, 48.177068, -1.732709, 48.177068]}, {"type": "Feature", "id": "administration.fid--17174f5a_19f2e433d8d_-4a53", "geometry": {"type": "Point", "coordinates": [-1.588107, 47.978993]}, "geometry_name": "geom", "properties": {"id": "50d41ca5-05dc-476b-a73d-9fbce20f3555", "nom": "Centre communal d'action sociale (CCAS) - Corps-Nuds", "nom_commune": "Corps-Nuds", "adresse_principale": "31 Rue des Trois Marie 35150 Corps-Nuds", "siret": "26350080300014", "categorie": "Service local", "code_insee": "35088", "horaires": null, "mail": null, "site_internet": null, "telephone": "+33299440011", "url_service_public": "https://lannuaire.service-public.gouv.fr/bretagne/ille-et-vilaine/50d41ca5-05dc-476b-a73d-9fbce20f3555", "type_organisme": null, "date_modification": "24/02/2026 08:09:50", "latitude": 47.978992, "longitude": -1.588107, "codes_siren": "213500887,243500139"}, "bbox": [-1.588107, 47.978993, -1.588107, 47.978993]}, {"type": "Feature", "id": "administration.fid--17174f5a_19f2e433d8d_-4a52", "geometry": {"type": "Point", "coordinates": [-1.846, 48.006717]}, "geometry_name": "geom", "properties": {"id": "bcb97f21-1823-48e0-aea2-3906963469ed", "nom": "Mairie - Goven", "nom_commune": "Goven", "adresse_principale": "21 rue de la Mairie 35580 Goven", "siret": "21350123200010", "categorie": "Service local", "code_insee": "35123", "horaires": "<b>Lundi</b><br>\n09:00 - 12:30\n13:30 - 17:30<br>\n<b>Mardi</b><br>\n09:00 - 12:30<br>\n<b>Mercredi - Vendredi</b><br>\n09:00 - 12:30\n13:30 - 17:30<br>\n<b>Samedi</b><br>\n09:00 - 12:00", "mail": "accueil@goven.fr", "site_internet": "https://www.goven.fr", "telephone": "02 99 42 03 03", "url_service_public": "https://lannuaire.service-public.gouv.fr/bretagne/ille-et-vilaine/bcb97f21-1823-48e0-aea2-3906963469ed", "type_organisme": null, "date_modification": "04/02/2026 09:25:04", "latitude": 48.006718, "longitude": -1.8460004, "codes_siren": "213501232,200043990"}, "bbox": [-1.846, 48.006717, -1.846, 48.006717]}, {"type": "Feature", "id": "administration.fid--17174f5a_19f2e433d8d_-4a51", "geometry": {"type": "Point", "coordinates": [-1.517037, 48.255989]}, "geometry_name": "geom", "properties": {"id": "7c704ac2-68fe-4975-b2b2-7ebc4030f006", "nom": "Mairie - Ercé-près-Liffré", "nom_commune": "Ercé-près-Liffré", "adresse_principale": "Place de la Mairie 35340 Ercé-près-Liffré", "siret": "21350107500013", "categorie": "Service local", "code_insee": "35107", "horaires": "<b>Lundi - Vendredi</b><br>\n14:30 - 17:00<br>\n<b>Samedi</b><br>\n09:00 - 11:30", "mail": "mairie@ercepresliffre.fr", "site_internet": "https://www.ercepresliffre.fr", "telephone": "02 30 96 23 90", "url_service_public": "https://lannuaire.service-public.gouv.fr/bretagne/ille-et-vilaine/7c704ac2-68fe-4975-b2b2-7ebc4030f006", "type_organisme": null, "date_modification": "18/07/2025 11:15:38", "latitude": 48.25599, "longitude": -1.5170372, "codes_siren": "213501075,243500774"}, "bbox": [-1.517037, 48.255989, -1.517037, 48.255989]}, {"type": "Feature", "id": "administration.fid--17174f5a_19f2e433d8d_-4a50", "geometry": {"type": "Point", "coordinates": [-1.739631, 48.10682]}, "geometry_name": "geom", "properties": {"id": "c0a40801-2090-4444-be47-bd8800c62ab3", "nom": "Centre pénitentiaire de Rennes", "nom_commune": "VEZIN LE COQUET", "adresse_principale": "rue du Petit Pré 35132 VEZIN LE COQUET", "siret": null, "categorie": "Service local", "code_insee": "35353", "horaires": null, "mail": null, "site_internet": null, "telephone": "02 99 26 89 00", "url_service_public": "https://lannuaire.service-public.gouv.fr/bretagne/ille-et-vilaine/c0a40801-2090-4444-be47-bd8800c62ab3", "type_organisme": null, "date_modification": "17/01/2025 05:15:10", "latitude": 48.10682, "longitude": -1.739631, "codes_siren": "213503535,243500139"}, "bbox": [-1.739631, 48.10682, -1.739631, 48.10682]}, {"type": "Feature", "id": "administration.fid--17174f5a_19f2e433d8d_-4a4f", "geometry": {"type": "Point", "coordinates": [-1.361106, 48.117164]}, "geometry_name": "geom", "properties": {"id": "33b08eee-d987-47c8-b500-563da492077a", "nom": "Mairie - Saint-Jean-sur-Vilaine", "nom_commune": "Saint-Jean-sur-Vilaine", "adresse_principale": "9 rue de Rennes 35220 Saint-Jean-sur-Vilaine", "siret": "21350283400012", "categorie": "Service local", "code_insee": "35283", "horaires": "<b>Lundi</b><br>\n09:00 - 12:00\n13:30 - 17:00<br>\n<b>Mardi</b><br>\n09:00 - 12:00<br>\n<b>Jeudi - Samedi</b><br>\n09:00 - 12:00", "mail": "mairie@stjean-vilaine.fr", "site_internet": "https://www.stjean-vilaine.fr", "telephone": "02 99 00 32 55", "url_service_public": "https://lannuaire.service-public.gouv.fr/bretagne/ille-et-vilaine/33b08eee-d987-47c8-b500-563da492077a", "type_organisme": null, "date_modification": "17/07/2025 09:01:44", "latitude": 48.117165, "longitude": -1.361106, "codes_siren": "213502834,200039022"}, "bbox": [-1.361106, 48.117164, -1.361106, 48.117164]}, {"type": "Feature", "id": "administration.fid--17174f5a_19f2e433d8d_-4a4e", "geometry": {"type": "Point", "coordinates": [-1.68246, 48.1049]}, "geometry_name": "geom", "properties": {"id": "880fdde2-7397-4b00-b9e0-d7effa3a7ca4", "nom": "Direction de la santé publique (ARS) - Bretagne", "nom_commune": "Rennes", "adresse_principale": "6 place des Colombes 35000 Rennes", "siret": null, "categorie": "Service institutionnel", "code_insee": "35238", "horaires": null, "mail": "ars-bretagne-contact@ars.sante.fr", "site_internet": "https://www.bretagne.ars.sante.fr/", "telephone": "02 90 08 80 00", "url_service_public": "https://lannuaire.service-public.gouv.fr/bretagne/ille-et-vilaine/880fdde2-7397-4b00-b9e0-d7effa3a7ca4", "type_organisme": "Établissement public", "date_modification": "09/08/2023 14:09:28", "latitude": 48.1049, "longitude": -1.68246, "codes_siren": "213502388,243500139"}, "bbox": [-1.68246, 48.1049, -1.68246, 48.1049]}, {"type": "Feature", "id": "administration.fid--17174f5a_19f2e433d8d_-4a4d", "geometry": {"type": "Point", "coordinates": [-1.37971, 47.91145]}, "geometry_name": "geom", "properties": {"id": "fe637adf-570a-42a1-bf33-48ad35832d11", "nom": "France services - Retiers (itinérant)", "nom_commune": "Retiers", "adresse_principale": "16 rue Louis Pasteur 35240 Retiers", "siret": null, "categorie": "Service local", "code_insee": "35239", "horaires": "<b>Lundi - Vendredi</b><br>\n09:00 - 17:00", "mail": "buspimmsfs35@pimms.org", "site_internet": "https://www.france-services.gouv.fr", "telephone": "07 78 81 92 05", "url_service_public": "https://lannuaire.service-public.gouv.fr/bretagne/ille-et-vilaine/fe637adf-570a-42a1-bf33-48ad35832d11", "type_organisme": null, "date_modification": "10/02/2025 15:34:57", "latitude": 47.91145, "longitude": -1.37971, "codes_siren": "213502396,243500634"}, "bbox": [-1.37971, 47.91145, -1.37971, 47.91145]}, {"type": "Feature", "id": "administration.fid--17174f5a_19f2e433d8d_-4a4c", "geometry": {"type": "Point", "coordinates": [-1.371529, 48.001651]}, "geometry_name": "geom", "properties": {"id": "eaac85fe-f314-4e30-b9a9-5ed20a2b98f2", "nom": "Centre communal d'action sociale (CCAS) - Moulins Ille-et-Vilaine", "nom_commune": "Moulins", "adresse_principale": "10 Rue de la Mettrie 35680 Moulins", "siret": "21350198400016", "categorie": "Service local", "code_insee": "35198", "horaires": null, "mail": "mairie.moulins@wanadoo.fr", "site_internet": null, "telephone": "+33299490156", "url_service_public": "https://lannuaire.service-public.gouv.fr/bretagne/ille-et-vilaine/eaac85fe-f314-4e30-b9a9-5ed20a2b98f2", "type_organisme": null, "date_modification": "24/02/2026 08:10:16", "latitude": 48.00165, "longitude": -1.371529, "codes_siren": "213501984,200039022"}, "bbox": [-1.371529, 48.001651, -1.371529, 48.001651]}, {"type": "Feature", "id": "administration.fid--17174f5a_19f2e433d8d_-4a4b", "geometry": {"type": "Point", "coordinates": [-1.681254, 48.102666]}, "geometry_name": "geom", "properties": {"id": "de79b29d-de40-45b2-9b7d-2e06395c87a7", "nom": "Centre régional information jeunesse (CRIJ) - Bretagne", "nom_commune": "Rennes", "adresse_principale": "8 place du Colombier 35000 Rennes", "siret": null, "categorie": "Service local", "code_insee": "35238", "horaires": null, "mail": "contact@crij.bzh", "site_internet": "http://www.infojeunes.bzh", "telephone": "02 99 31 17 77", "url_service_public": "https://lannuaire.service-public.gouv.fr/bretagne/ille-et-vilaine/de79b29d-de40-45b2-9b7d-2e06395c87a7", "type_organisme": null, "date_modification": "05/05/2025 14:37:08", "latitude": 48.102665, "longitude": -1.681254, "codes_siren": "213502388,243500139"}, "bbox": [-1.681254, 48.102666, -1.681254, 48.102666]}, {"type": "Feature", "id": "administration.fid--17174f5a_19f2e433d8d_-4a4a", "geometry": {"type": "Point", "coordinates": [-1.40714, 48.108807]}, "geometry_name": "geom", "properties": {"id": "7996c340-e101-4260-8c8b-14b4b6470944", "nom": "Point information jeunesse - Châteaubourg", "nom_commune": "Châteaubourg", "adresse_principale": "9 rue Pasteur 35220 Châteaubourg", "siret": null, "categorie": "Service local", "code_insee": "35068", "horaires": "<b>Mardi</b><br>\n09:00 - 12:00<br>\n<b>Mercredi</b><br>\n09:00 - 12:00\n14:00 - 17:30<br>\n<b>Jeudi</b><br>\n14:00 - 17:30<br>\n<b>Vendredi</b><br>\n09:00 - 12:00\n14:00 - 17:00", "mail": "pij-chateaubourg@vitrecommunaute.org", "site_internet": "https://www.chateaubourg.fr/contacts/point-information-jeunesse/", "telephone": "02 99 00 91 15", "url_service_public": "https://lannuaire.service-public.gouv.fr/bretagne/ille-et-vilaine/7996c340-e101-4260-8c8b-14b4b6470944", "type_organisme": null, "date_modification": "25/09/2025 10:21:20", "latitude": 48.108807, "longitude": -1.4071405, "codes_siren": "213500689,200039022"}, "bbox": [-1.40714, 48.108807, -1.40714, 48.108807]}, {"type": "Feature", "id": "administration.fid--17174f5a_19f2e433d8d_-4a49", "geometry": {"type": "Point", "coordinates": [-1.786991, 47.87733]}, "geometry_name": "geom", "properties": {"id": "37a61910-0eec-4041-ac01-b5b5488055ca", "nom": "Mairie - Saint-Malo-de-Phily", "nom_commune": "Saint-Malo-de-Phily", "adresse_principale": "1 place de l'Église 35480 Saint-Malo-de-Phily", "siret": "21350289100012", "categorie": "Service local", "code_insee": "35289", "horaires": "<b>Mardi - Samedi</b><br>\n08:00 - 12:00", "mail": "accueil@saintmalodephily.fr", "site_internet": "https://www.saintmalodephily.fr", "telephone": "02 99 57 82 40", "url_service_public": "https://lannuaire.service-public.gouv.fr/bretagne/ille-et-vilaine/37a61910-0eec-4041-ac01-b5b5488055ca", "type_organisme": null, "date_modification": "17/07/2025 09:47:05", "latitude": 47.87733, "longitude": -1.786991, "codes_siren": "213502891,200043990"}, "bbox": [-1.786991, 47.87733, -1.786991, 47.87733]}, {"type": "Feature", "id": "administration.fid--17174f5a_19f2e433d8d_-4a48", "geometry": {"type": "Point", "coordinates": [-1.643043, 48.182206]}, "geometry_name": "geom", "properties": {"id": "31e43c4b-dd95-4fac-92ed-914dffa8bafe", "nom": "Centre Local d’Information et de Coordination (CLIC) de L'Ille et L'Illet - Point Accueil Emploi", "nom_commune": "Betton", "adresse_principale": "28 Avenue d'Armorique 35830 Betton", "siret": "50454437000019", "categorie": "Service local", "code_insee": "35024", "horaires": null, "mail": "clic-ille-illet@orange.fr", "site_internet": "https://www.clic-ille-illet.fr/", "telephone": "+33223371399", "url_service_public": "https://lannuaire.service-public.gouv.fr/bretagne/ille-et-vilaine/31e43c4b-dd95-4fac-92ed-914dffa8bafe", "type_organisme": null, "date_modification": "12/01/2026 14:20:37", "latitude": 48.182205, "longitude": -1.643043, "codes_siren": "213500242,243500139"}, "bbox": [-1.643043, 48.182206, -1.643043, 48.182206]}, {"type": "Feature", "id": "administration.fid--17174f5a_19f2e433d8d_-4a47", "geometry": {"type": "Point", "coordinates": [-1.986499, 47.890954]}, "geometry_name": "geom", "properties": {"id": "f15cb2e3-dd14-42da-9db6-e82f2f0b1aaf", "nom": "Mairie - Val-d'Anast", "nom_commune": "Val-d'Anast", "adresse_principale": "11 rue de Lohéac 35330 Val-d'Anast", "siret": "20006447500011", "categorie": "Service local", "code_insee": "35168", "horaires": "<b>Lundi</b><br>\n09:00 - 12:30\n13:45 - 17:15<br>\n<b>Mardi</b><br>\n13:45 - 17:15<br>\n<b>Mercredi</b><br>\n09:00 - 12:30\n13:45 - 17:15<br>\n<b>Jeudi</b><br>\n13:45 - 17:15<br>\n<b>Vendredi</b><br>\n09:00 - 12:30<br>\n<b>Samedi</b><br>\n09:00 - 12:00", "mail": "accueil@valdanast.fr", "site_internet": "https://www.valdanast.fr", "telephone": "02 99 34 91 29", "url_service_public": "https://lannuaire.service-public.gouv.fr/bretagne/ille-et-vilaine/f15cb2e3-dd14-42da-9db6-e82f2f0b1aaf", "type_organisme": null, "date_modification": "05/05/2025 15:35:37", "latitude": 47.890953, "longitude": -1.986499, "codes_siren": "200064475,200043990"}, "bbox": [-1.986499, 47.890954, -1.986499, 47.890954]}, {"type": "Feature", "id": "administration.fid--17174f5a_19f2e433d8d_-4a46", "geometry": {"type": "Point", "coordinates": [-1.834396, 47.822404]}, "geometry_name": "geom", "properties": {"id": "f9b22bf1-5ce2-4949-8fef-52e263552984", "nom": "Centre Local d’Information et de Coordination (CLIC) des 4 Rivières - Antenne de Guipry-Messac", "nom_commune": "Guipry-Messac", "adresse_principale": "52 Avenue du Port 35480 Guipry-Messac", "siret": "50954691700022", "categorie": "Service local", "code_insee": "35176", "horaires": null, "mail": "accueil.clic.4rivieres@gmail.com", "site_internet": "https://www.ille-et-vilaine.fr/clic", "telephone": "+33299520159", "url_service_public": "https://lannuaire.service-public.gouv.fr/bretagne/ille-et-vilaine/f9b22bf1-5ce2-4949-8fef-52e263552984", "type_organisme": null, "date_modification": "12/01/2026 14:20:37", "latitude": 47.822403, "longitude": -1.834396, "codes_siren": "200054864,200043990"}, "bbox": [-1.834396, 47.822404, -1.834396, 47.822404]}, {"type": "Feature", "id": "administration.fid--17174f5a_19f2e433d8d_-4a45", "geometry": {"type": "Point", "coordinates": [-1.685131, 48.106054]}, "geometry_name": "geom", "properties": {"id": "2cbbbca0-b942-46ae-98e8-af28cc246abd", "nom": "Commissariat de police de Rennes", "nom_commune": "Rennes", "adresse_principale": "22 boulevard de la Tour-d'Auvergne 35000 Rennes", "siret": null, "categorie": "Service local", "code_insee": "35238", "horaires": "<b>Lundi - Dimanche</b><br>\n00:00 - 23:59", "mail": null, "site_internet": "https://www.masecurite.interieur.gouv.fr/fr", "telephone": "02 99 65 00 22", "url_service_public": "https://lannuaire.service-public.gouv.fr/bretagne/ille-et-vilaine/2cbbbca0-b942-46ae-98e8-af28cc246abd", "type_organisme": null, "date_modification": "12/07/2024 16:05:08", "latitude": 48.106052, "longitude": -1.685131, "codes_siren": "213502388,243500139"}, "bbox": [-1.685131, 48.106054, -1.685131, 48.106054]}, {"type": "Feature", "id": "administration.fid--17174f5a_19f2e433d8d_-4a44", "geometry": {"type": "Point", "coordinates": [-1.955102, 48.13778]}, "geometry_name": "geom", "properties": {"id": "76474867-a91e-41be-9fba-47544c0904d9", "nom": "Police municipale - Montfort-sur-Meu", "nom_commune": "Montfort-sur-Meu", "adresse_principale": "9 rue de Hennau 35160 Montfort-sur-Meu", "siret": null, "categorie": "Service local", "code_insee": "35188", "horaires": null, "mail": "police.municipale@montfort-sur-meu.fr", "site_internet": null, "telephone": "02 23 43 10 43", "url_service_public": "https://lannuaire.service-public.gouv.fr/bretagne/ille-et-vilaine/76474867-a91e-41be-9fba-47544c0904d9", "type_organisme": null, "date_modification": "10/11/2025 17:12:48", "latitude": 48.13778, "longitude": -1.955102, "codes_siren": "213501885,243500550"}, "bbox": [-1.955102, 48.13778, -1.955102, 48.13778]}, {"type": "Feature", "id": "administration.fid--17174f5a_19f2e433d8d_-4a43", "geometry": {"type": "Point", "coordinates": [-1.306848, 48.313735]}, "geometry_name": "geom", "properties": {"id": "46a03398-0245-4c2c-8b5c-87f51e559d9d", "nom": "Centre communal d'action sociale (CCAS) - La Chapelle-Saint-Aubert", "nom_commune": "La Chapelle-Saint-Aubert", "adresse_principale": "11 Rue de la Mairie 35140 La Chapelle-Saint-Aubert", "siret": "26350425000014", "categorie": "Service local", "code_insee": "35063", "horaires": null, "mail": null, "site_internet": null, "telephone": "+33299988244", "url_service_public": "https://lannuaire.service-public.gouv.fr/bretagne/ille-et-vilaine/46a03398-0245-4c2c-8b5c-87f51e559d9d", "type_organisme": null, "date_modification": "24/02/2026 08:09:48", "latitude": 48.313736, "longitude": -1.306848, "codes_siren": "213500630,200072452"}, "bbox": [-1.306848, 48.313735, -1.306848, 48.313735]}, {"type": "Feature", "id": "administration.fid--17174f5a_19f2e433d8d_-4a42", "geometry": {"type": "Point", "coordinates": [-1.686533, 48.105695]}, "geometry_name": "geom", "properties": {"id": "e0320f31-e9e7-4b46-89fa-70629cb58da5", "nom": "Tribunal pour enfants de Rennes", "nom_commune": "RENNES", "adresse_principale": "7 RUE PIERRE ABELARD 35000 RENNES", "siret": null, "categorie": "Service local", "code_insee": "35238", "horaires": null, "mail": null, "site_internet": null, "telephone": "02 99 65 37 37", "url_service_public": "https://lannuaire.service-public.gouv.fr/bretagne/ille-et-vilaine/e0320f31-e9e7-4b46-89fa-70629cb58da5", "type_organisme": null, "date_modification": "17/01/2025 05:15:18", "latitude": 48.105694, "longitude": -1.686533, "codes_siren": "213502388,243500139"}, "bbox": [-1.686533, 48.105695, -1.686533, 48.105695]}, {"type": "Feature", "id": "administration.fid--17174f5a_19f2e433d8d_-4a41", "geometry": {"type": "Point", "coordinates": [-1.67486, 48.130706]}, "geometry_name": "geom", "properties": {"id": "428e2ba0-d199-4741-a472-34497243003e", "nom": "Greffe des associations - Ille-et-Vilaine (Rennes)", "nom_commune": "Rennes Cedex 9", "adresse_principale": "81 Boulevard d'Armorique 35026 Rennes Cedex 9", "siret": null, "categorie": "Service local", "code_insee": "35238", "horaires": null, "mail": "pref-associations@ille-et-vilaine.gouv.fr", "site_internet": "https://www.ille-et-vilaine.gouv.fr/Demarches/Associations/Associations-cultuelles#!/particuliers/page/N31931", "telephone": "02 21 86 25 35", "url_service_public": "https://lannuaire.service-public.gouv.fr/bretagne/ille-et-vilaine/428e2ba0-d199-4741-a472-34497243003e", "type_organisme": null, "date_modification": "15/05/2025 13:10:40", "latitude": 48.130707, "longitude": -1.67486, "codes_siren": "213502388,243500139"}, "bbox": [-1.67486, 48.130706, -1.67486, 48.130706]}, {"type": "Feature", "id": "administration.fid--17174f5a_19f2e433d8d_-4a40", "geometry": {"type": "Point", "coordinates": [-1.817814, 48.127542]}, "geometry_name": "geom", "properties": {"id": "12808c47-35b3-420d-90c1-913b5181050d", "nom": "Centre communal d'action sociale (CCAS) - L'Hermitage", "nom_commune": "L'Hermitage", "adresse_principale": "1 Place de l'Hôtel de Ville 35590 L'Hermitage", "siret": "26350147000011", "categorie": "Service local", "code_insee": "35131", "horaires": null, "mail": "mairie@ville-lhermitage.fr", "site_internet": "https://www.ville-lhermitage.fr/mon-quotidien/action-sociale-et-emploi/centre-communal-daction-sociale/", "telephone": "+33299786668", "url_service_public": "https://lannuaire.service-public.gouv.fr/bretagne/ille-et-vilaine/12808c47-35b3-420d-90c1-913b5181050d", "type_organisme": null, "date_modification": "24/02/2026 08:09:38", "latitude": 48.12754, "longitude": -1.817814, "codes_siren": "213501315,243500139"}, "bbox": [-1.817814, 48.127542, -1.817814, 48.127542]}, {"type": "Feature", "id": "administration.fid--17174f5a_19f2e433d8d_-4a3f", "geometry": {"type": "Point", "coordinates": [-1.849692, 48.292826]}, "geometry_name": "geom", "properties": {"id": "9659a7c3-4a5a-4780-8298-433f902aba10", "nom": "Centre communal d'action sociale (CCAS) - Saint-Brieuc-des-Iffs", "nom_commune": "Saint-Brieuc-des-Iffs", "adresse_principale": "7 Rue du Lin et du Chanvre 35630 Saint-Brieuc-des-Iffs", "siret": "21350258600018", "categorie": "Service local", "code_insee": "35258", "horaires": null, "mail": "mairie@saintbrieucdesiffs.fr", "site_internet": "https://saintbrieucdesiffs.fr/la-vie-municipale/ccas/", "telephone": "+33299458714", "url_service_public": "https://lannuaire.service-public.gouv.fr/bretagne/ille-et-vilaine/9659a7c3-4a5a-4780-8298-433f902aba10", "type_organisme": null, "date_modification": "24/02/2026 08:10:02", "latitude": 48.292828, "longitude": -1.849692, "codes_siren": "213502586,243500733"}, "bbox": [-1.849692, 48.292826, -1.849692, 48.292826]}, {"type": "Feature", "id": "administration.fid--17174f5a_19f2e433d8d_-4a3e", "geometry": {"type": "Point", "coordinates": [-1.67411, 48.107846]}, "geometry_name": "geom", "properties": {"id": "1b162150-7981-4387-b771-c5ddc97590ec", "nom": "Trésorerie amendes d'Ille-et-Vilaine", "nom_commune": "Rennes", "adresse_principale": "Cité administrative 35000 Rennes", "siret": null, "categorie": "Service local", "code_insee": "35238", "horaires": "<b>Lundi - Vendredi</b><br>\n08:45 - 12:00", "mail": "contact-amendes@dgfip.finances.gouv.fr", "site_internet": "https://www.amendes.gouv.fr", "telephone": "03 29 69 69 69", "url_service_public": "https://lannuaire.service-public.gouv.fr/bretagne/ille-et-vilaine/1b162150-7981-4387-b771-c5ddc97590ec", "type_organisme": null, "date_modification": "27/09/2024 09:00:15", "latitude": 48.107845, "longitude": -1.67411, "codes_siren": "213502388,243500139"}, "bbox": [-1.67411, 48.107846, -1.67411, 48.107846]}, {"type": "Feature", "id": "administration.fid--17174f5a_19f2e433d8d_-4a3d", "geometry": {"type": "Point", "coordinates": [-1.584702, 47.914459]}, "geometry_name": "geom", "properties": {"id": "c7c655b8-b923-4b6a-b707-63428e23861f", "nom": "Centre communal d'action sociale (CCAS) - Saulnières", "nom_commune": "Saulnières", "adresse_principale": "29 Rue Saint Martin 35320 Saulnières", "siret": "21350321200077", "categorie": "Service local", "code_insee": "35321", "horaires": null, "mail": "mairie@saulnieres35.fr", "site_internet": "https://www.saulnieres35.fr/ccas/", "telephone": "+33299446003", "url_service_public": "https://lannuaire.service-public.gouv.fr/bretagne/ille-et-vilaine/c7c655b8-b923-4b6a-b707-63428e23861f", "type_organisme": null, "date_modification": "24/02/2026 08:10:10", "latitude": 47.91446, "longitude": -1.584702, "codes_siren": "213503212,200070662"}, "bbox": [-1.584702, 47.914459, -1.584702, 47.914459]}, {"type": "Feature", "id": "administration.fid--17174f5a_19f2e433d8d_-4a3c", "geometry": {"type": "Point", "coordinates": [-1.941807, 47.930368]}, "geometry_name": "geom", "properties": {"id": "02cbc885-33e0-4b1c-a355-ed44ec02a07f", "nom": "Centre communal d'action sociale (CCAS) - La Chapelle-Bouexic", "nom_commune": "La Chapelle-Bouëxic", "adresse_principale": "Rue de Rennes 35330 La Chapelle-Bouëxic", "siret": "26350375700019", "categorie": "Service local", "code_insee": "35057", "horaires": null, "mail": null, "site_internet": null, "telephone": "+33299920115", "url_service_public": "https://lannuaire.service-public.gouv.fr/bretagne/ille-et-vilaine/02cbc885-33e0-4b1c-a355-ed44ec02a07f", "type_organisme": null, "date_modification": "24/02/2026 08:09:35", "latitude": 47.930367, "longitude": -1.941807, "codes_siren": "213500572,200043990"}, "bbox": [-1.941807, 47.930368, -1.941807, 47.930368]}, {"type": "Feature", "id": "administration.fid--17174f5a_19f2e433d8d_-4a3b", "geometry": {"type": "Point", "coordinates": [-1.750989, 47.896214]}, "geometry_name": "geom", "properties": {"id": "147a7a5c-1240-4ab1-823c-f4b7e56866b1", "nom": "Centre communal d'action sociale (CCAS) - Pléchâtel", "nom_commune": "Pléchâtel", "adresse_principale": "1 Place de la Mairie 35470 Pléchâtel", "siret": "21350221400017", "categorie": "Service local", "code_insee": "35221", "horaires": null, "mail": "mairie@plechatel.fr", "site_internet": "https://www.plechatel.fr/ccas/", "telephone": "+33299574168", "url_service_public": "https://lannuaire.service-public.gouv.fr/bretagne/ille-et-vilaine/147a7a5c-1240-4ab1-823c-f4b7e56866b1", "type_organisme": null, "date_modification": "24/02/2026 08:09:38", "latitude": 47.896214, "longitude": -1.750989, "codes_siren": "213502214,200070662"}, "bbox": [-1.750989, 47.896214, -1.750989, 47.896214]}, {"type": "Feature", "id": "administration.fid--17174f5a_19f2e433d8d_-4a3a", "geometry": {"type": "Point", "coordinates": [-1.369693, 48.193337]}, "geometry_name": "geom", "properties": {"id": "5205dfa4-bcd0-4a7c-ada7-f7966e558ddd", "nom": "Mairie - Dourdain", "nom_commune": "Dourdain", "adresse_principale": "4 rue Jean-Joseph-Chevrel 35450 Dourdain", "siret": "21350101800013", "categorie": "Service local", "code_insee": "35101", "horaires": "<b>Lundi - Mardi</b><br>\n09:00 - 12:00\n14:00 - 18:00<br>\n<b>Mercredi</b><br>\n09:00 - 12:00\n14:00 - 16:45<br>\n<b>Jeudi</b><br>\n09:00 - 12:00\n14:00 - 17:45<br>\n<b>Vendredi</b><br>\n09:00 - 12:00<br>\n<b>Samedi</b><br>\n09:00 - 12:00", "mail": "contact@dourdain.fr", "site_internet": "https://www.dourdain.fr/", "telephone": "02 99 39 06 57", "url_service_public": "https://lannuaire.service-public.gouv.fr/bretagne/ille-et-vilaine/5205dfa4-bcd0-4a7c-ada7-f7966e558ddd", "type_organisme": null, "date_modification": "17/07/2025 13:57:26", "latitude": 48.193336, "longitude": -1.369693, "codes_siren": "213501018,243500774"}, "bbox": [-1.369693, 48.193337, -1.369693, 48.193337]}, {"type": "Feature", "id": "administration.fid--17174f5a_19f2e433d8d_-4a39", "geometry": {"type": "Point", "coordinates": [-1.932591, 48.070846]}, "geometry_name": "geom", "properties": {"id": "3116096a-657d-4b67-8460-5c60d1f9f731", "nom": "Centre communal d'action sociale (CCAS) - Le Verger", "nom_commune": "Le Verger", "adresse_principale": "6 Route de Talensac 35160 Le Verger", "siret": "21350351900018", "categorie": "Service local", "code_insee": "35351", "horaires": null, "mail": "contact@mairie-le-verger.fr", "site_internet": "https://www.mairie-le-verger.fr/CCCAS.asp", "telephone": "+33299079215", "url_service_public": "https://lannuaire.service-public.gouv.fr/bretagne/ille-et-vilaine/3116096a-657d-4b67-8460-5c60d1f9f731", "type_organisme": null, "date_modification": "24/02/2026 08:09:43", "latitude": 48.070847, "longitude": -1.932591, "codes_siren": "213503519,243500139"}, "bbox": [-1.932591, 48.070846, -1.932591, 48.070846]}, {"type": "Feature", "id": "administration.fid--17174f5a_19f2e433d8d_-4a38", "geometry": {"type": "Point", "coordinates": [-1.864031, 48.048241]}, "geometry_name": "geom", "properties": {"id": "207e1a63-1aab-4335-8874-e9cb8e4322a1", "nom": "France services - Bréal-sous-Montfort", "nom_commune": "Bréal-sous-Montfort", "adresse_principale": "2 rue de Bruz 35310 Bréal-sous-Montfort", "siret": null, "categorie": "Service local", "code_insee": "35037", "horaires": "<b>Jeudi - Vendredi</b><br>\n09:00 - 12:00\n14:00 - 17:00", "mail": "france-services@cc-broceliande.bzh", "site_internet": "https://www.france-services.gouv.fr/", "telephone": "02 55 47 13 00", "url_service_public": "https://lannuaire.service-public.gouv.fr/bretagne/ille-et-vilaine/207e1a63-1aab-4335-8874-e9cb8e4322a1", "type_organisme": null, "date_modification": "20/05/2025 13:52:25", "latitude": 48.04824, "longitude": -1.864031, "codes_siren": "213500374,243500618"}, "bbox": [-1.864031, 48.048241, -1.864031, 48.048241]}, {"type": "Feature", "id": "administration.fid--17174f5a_19f2e433d8d_-4a37", "geometry": {"type": "Point", "coordinates": [-1.605884, 48.262902]}, "geometry_name": "geom", "properties": {"id": "8cb8cc5b-026d-4c47-9c99-e501da575ea2", "nom": "Mairie - Saint-Aubin-d'Aubigné", "nom_commune": "Saint-Aubin-d'Aubigné", "adresse_principale": "4 place de la Mairie 35250 Saint-Aubin-d'Aubigné", "siret": "21350251100016", "categorie": "Service local", "code_insee": "35251", "horaires": "<b>Lundi</b><br>\n08:45 - 12:00\n15:00 - 17:30<br>\n<b>Mardi</b><br>\n08:45 - 12:00<br>\n<b>Mercredi - Jeudi</b><br>\n08:45 - 12:00\n15:00 - 17:30<br>\n<b>Vendredi</b><br>\n08:45 - 12:00<br>\n<b>Samedi</b><br>\n08:45 - 12:00", "mail": "mairie@saint-aubin-daubigne.fr", "site_internet": "https://www.saint-aubin-daubigne.fr", "telephone": "02 99 55 20 23", "url_service_public": "https://lannuaire.service-public.gouv.fr/bretagne/ille-et-vilaine/8cb8cc5b-026d-4c47-9c99-e501da575ea2", "type_organisme": null, "date_modification": "13/08/2025 10:03:43", "latitude": 48.2629, "longitude": -1.605884, "codes_siren": "213502511,243500667"}, "bbox": [-1.605884, 48.262902, -1.605884, 48.262902]}, {"type": "Feature", "id": "administration.fid--17174f5a_19f2e433d8d_-4a36", "geometry": {"type": "Point", "coordinates": [-1.986471, 47.891087]}, "geometry_name": "geom", "properties": {"id": "436608c6-b9b8-4e49-a18f-941c1e7a4e97", "nom": "Police municipale - Val d'Anast", "nom_commune": "Val d'Anast", "adresse_principale": "11 rue de Lohéac 35330 Val d'Anast", "siret": null, "categorie": "Service local", "code_insee": "35168", "horaires": null, "mail": "policemunicipale@valdanast.fr", "site_internet": null, "telephone": null, "url_service_public": "https://lannuaire.service-public.gouv.fr/bretagne/ille-et-vilaine/436608c6-b9b8-4e49-a18f-941c1e7a4e97", "type_organisme": null, "date_modification": "10/11/2025 17:10:20", "latitude": 47.891087, "longitude": -1.986471, "codes_siren": "200064475,200043990"}, "bbox": [-1.986471, 47.891087, -1.986471, 47.891087]}, {"type": "Feature", "id": "administration.fid--17174f5a_19f2e433d8d_-4a35", "geometry": {"type": "Point", "coordinates": [-1.94404, 47.850636]}, "geometry_name": "geom", "properties": {"id": "d4ea22f7-1399-4121-9a0b-c3a337c3e222", "nom": "Mairie - Lieuron", "nom_commune": "Lieuron", "adresse_principale": "5 rue des Forges 35550 Lieuron", "siret": "21350151300013", "categorie": "Service local", "code_insee": "35151", "horaires": "<b>Lundi - Vendredi</b><br>\n09:30 - 12:30\n14:00 - 17:30", "mail": "mairie@lieuron.fr", "site_internet": "https://lieuron.fr", "telephone": "02 99 34 08 11", "url_service_public": "https://lannuaire.service-public.gouv.fr/bretagne/ille-et-vilaine/d4ea22f7-1399-4121-9a0b-c3a337c3e222", "type_organisme": null, "date_modification": "05/05/2025 15:35:04", "latitude": 47.850636, "longitude": -1.94404, "codes_siren": "213501513,243500741"}, "bbox": [-1.94404, 47.850636, -1.94404, 47.850636]}, {"type": "Feature", "id": "administration.fid--17174f5a_19f2e433d8d_-4a34", "geometry": {"type": "Point", "coordinates": [-1.378681, 47.912494]}, "geometry_name": "geom", "properties": {"id": "5f65446c-2e63-47de-aec9-d1f9da53fc1a", "nom": "Mairie - Retiers", "nom_commune": "Retiers", "adresse_principale": "19 rue Georges-Clemenceau 35240 Retiers", "siret": "21350239600012", "categorie": "Service local", "code_insee": "35239", "horaires": "<b>Lundi - Mercredi</b><br>\n09:00 - 12:00\n14:30 - 17:00<br>\n<b>Jeudi</b><br>\n09:00 - 12:00<br>\n<b>Vendredi</b><br>\n09:00 - 12:00\n14:30 - 17:00<br>\n<b>Samedi</b><br>\n09:00 - 12:00", "mail": "mairie@retiers.fr", "site_internet": "https://www.retiers.fr/", "telephone": "02 99 43 51 41", "url_service_public": "https://lannuaire.service-public.gouv.fr/bretagne/ille-et-vilaine/5f65446c-2e63-47de-aec9-d1f9da53fc1a", "type_organisme": null, "date_modification": "05/05/2025 15:32:52", "latitude": 47.912495, "longitude": -1.3786806, "codes_siren": "213502396,243500634"}, "bbox": [-1.378681, 47.912494, -1.378681, 47.912494]}, {"type": "Feature", "id": "administration.fid--17174f5a_19f2e433d8d_-4a33", "geometry": {"type": "Point", "coordinates": [-1.459381, 48.121106]}, "geometry_name": "geom", "properties": {"id": "2ad0fb02-1b3b-4099-934a-608ad0f4f2e6", "nom": "Mairie - Servon-sur-Vilaine", "nom_commune": "Servon-sur-Vilaine", "adresse_principale": "Rue Théodore-Gaudiche 35530 Servon-sur-Vilaine", "siret": "21350327900019", "categorie": "Service local", "code_insee": "35327", "horaires": "<b>Lundi</b><br>\n14:00 - 17:30<br>\n<b>Mardi - Mercredi</b><br>\n09:00 - 12:00\n14:00 - 17:30<br>\n<b>Jeudi</b><br>\n09:00 - 12:00<br>\n<b>Vendredi</b><br>\n09:00 - 16:30<br>\n<b>Samedi</b><br>\n09:00 - 12:00", "mail": "contact@ville-servonsurvilaine.fr", "site_internet": "https://www.ville-servonsurvilaine.fr/", "telephone": "02 99 00 11 85", "url_service_public": "https://lannuaire.service-public.gouv.fr/bretagne/ille-et-vilaine/2ad0fb02-1b3b-4099-934a-608ad0f4f2e6", "type_organisme": null, "date_modification": "16/07/2025 15:02:45", "latitude": 48.121105, "longitude": -1.4593812, "codes_siren": "213503279,243500659"}, "bbox": [-1.459381, 48.121106, -1.459381, 48.121106]}, {"type": "Feature", "id": "administration.fid--17174f5a_19f2e433d8d_-4a32", "geometry": {"type": "Point", "coordinates": [-1.674628, 48.113576]}, "geometry_name": "geom", "properties": {"id": "6d6648d0-c0af-475f-9d88-538af3d37243", "nom": "Pôle Modernisation, moyens, mutualisations", "nom_commune": "Rennes", "adresse_principale": "3 rue Martenot 35000 Rennes", "siret": null, "categorie": "Service institutionnel", "code_insee": "35238", "horaires": null, "mail": null, "site_internet": "https://www.prefectures-regions.gouv.fr/bretagne", "telephone": "02 99 02 10 35", "url_service_public": "https://lannuaire.service-public.gouv.fr/bretagne/ille-et-vilaine/6d6648d0-c0af-475f-9d88-538af3d37243", "type_organisme": "Service déconcentré", "date_modification": "15/10/2024 14:49:35", "latitude": 48.113575, "longitude": -1.674628, "codes_siren": "213502388,243500139"}, "bbox": [-1.674628, 48.113576, -1.674628, 48.113576]}, {"type": "Feature", "id": "administration.fid--17174f5a_19f2e433d8d_-4a31", "geometry": {"type": "Point", "coordinates": [-1.713441, 48.113527]}, "geometry_name": "geom", "properties": {"id": "6e889cf3-990d-4e35-beaf-bb088e817b45", "nom": "Association pour l'emploi des cadres, ingénieurs et techniciens de l'agriculture et de l'agroalimentaire (Apecita) - Bretagne", "nom_commune": "Rennes", "adresse_principale": "Rue Maurice-le-Lannou 35000 Rennes", "siret": null, "categorie": "Service local", "code_insee": "35238", "horaires": "<b>Lundi - Vendredi</b><br>\n09:00 - 17:00", "mail": "rennes@apecita.com", "site_internet": "https://www.apecita.com/a-propos/nos-bureaux/rennes", "telephone": "02 23 48 25 60", "url_service_public": "https://lannuaire.service-public.gouv.fr/bretagne/ille-et-vilaine/6e889cf3-990d-4e35-beaf-bb088e817b45", "type_organisme": null, "date_modification": "18/12/2024 17:37:40", "latitude": 48.113525, "longitude": -1.7134414, "codes_siren": "213502388,243500139"}, "bbox": [-1.713441, 48.113527, -1.713441, 48.113527]}, {"type": "Feature", "id": "administration.fid--17174f5a_19f2e433d8d_-4a30", "geometry": {"type": "Point", "coordinates": [-1.796959, 47.963601]}, "geometry_name": "geom", "properties": {"id": "ddf4e9df-5574-4c04-8cb1-ba7f5573dfde", "nom": "Centre de protection maternelle et infantile (PMI) - Guichen", "nom_commune": "Guichen", "adresse_principale": "18 rue du Commandant-Charcot 35580 Guichen", "siret": null, "categorie": "Service local", "code_insee": "35126", "horaires": "<b>Lundi - Jeudi</b><br>\n09:00 - 12:30\n13:30 - 17:00<br>\n<b>Vendredi</b><br>\n09:00 - 12:30\n13:30 - 16:30", "mail": "cdas-guichen@ille-et-vilaine.fr", "site_internet": "https://www.ille-et-vilaine.fr/pmi", "telephone": "02 22 93 66 60", "url_service_public": "https://lannuaire.service-public.gouv.fr/bretagne/ille-et-vilaine/ddf4e9df-5574-4c04-8cb1-ba7f5573dfde", "type_organisme": null, "date_modification": "26/03/2025 12:30:04", "latitude": 47.9636, "longitude": -1.796959, "codes_siren": "213501265,200043990"}, "bbox": [-1.796959, 47.963601, -1.796959, 47.963601]}, {"type": "Feature", "id": "administration.fid--17174f5a_19f2e433d8d_-4a2f", "geometry": {"type": "Point", "coordinates": [-1.360881, 47.949579]}, "geometry_name": "geom", "properties": {"id": "9a18a99d-b1a8-433e-8be5-179496c31952", "nom": "Mairie - Marcillé-Robert", "nom_commune": "Marcillé-Robert", "adresse_principale": "22 le Boulevard 35240 Marcillé-Robert", "siret": "21350165300074", "categorie": "Service local", "code_insee": "35165", "horaires": "<b>Lundi</b><br>\n09:00 - 12:00<br>\n<b>Mardi</b><br>\n09:00 - 12:00\n14:00 - 18:30<br>\n<b>Mercredi - Vendredi</b><br>\n09:00 - 12:00", "mail": "mairie@marcille-robert.bzh", "site_internet": "https://www.marcille-robert.bzh/", "telephone": "02 99 43 67 34", "url_service_public": "https://lannuaire.service-public.gouv.fr/bretagne/ille-et-vilaine/9a18a99d-b1a8-433e-8be5-179496c31952", "type_organisme": null, "date_modification": "05/05/2025 15:33:59", "latitude": 47.949577, "longitude": -1.360881, "codes_siren": "213501653,243500634"}, "bbox": [-1.360881, 47.949579, -1.360881, 47.949579]}, {"type": "Feature", "id": "administration.fid--17174f5a_19f2e433d8d_-4a2e", "geometry": {"type": "Point", "coordinates": [-1.623906, 48.127406]}, "geometry_name": "geom", "properties": {"id": "d3650091-6f36-4ab3-aaf3-fd340ec3b57b", "nom": "Direction interrégionale de la protection judiciaire de la jeunesse (DIRPJJ) - Grand Ouest", "nom_commune": "Cesson-Sévigné", "adresse_principale": "3 avenue de la Belle Fontaine 35510 Cesson-Sévigné", "siret": "13000743800018", "categorie": "Service institutionnel", "code_insee": "35051", "horaires": "<b>Lundi - Vendredi</b><br>\n08:30 - 17:30", "mail": "dirpjj-grand-ouest@justice.fr", "site_internet": "https://www.justice.gouv.fr/", "telephone": "02 99 87 95 10", "url_service_public": "https://lannuaire.service-public.gouv.fr/bretagne/ille-et-vilaine/d3650091-6f36-4ab3-aaf3-fd340ec3b57b", "type_organisme": "Service déconcentré", "date_modification": "04/03/2026 07:45:06", "latitude": 48.127407, "longitude": -1.623906, "codes_siren": "213500515,243500139"}, "bbox": [-1.623906, 48.127406, -1.623906, 48.127406]}, {"type": "Feature", "id": "administration.fid--17174f5a_19f2e433d8d_-4a2d", "geometry": {"type": "Point", "coordinates": [-1.739695, 48.10675]}, "geometry_name": "geom", "properties": {"id": "456ed172-4ed0-4fb0-a073-52aae455ccbd", "nom": "Centre pénitentiaire de Rennes-Vezin le Coquet", "nom_commune": "VEZIN LE COQUET", "adresse_principale": "rue du petit pré 35132 VEZIN LE COQUET", "siret": null, "categorie": "Service local", "code_insee": "35353", "horaires": null, "mail": null, "site_internet": null, "telephone": "02 56 01 56 00", "url_service_public": "https://lannuaire.service-public.gouv.fr/bretagne/ille-et-vilaine/456ed172-4ed0-4fb0-a073-52aae455ccbd", "type_organisme": null, "date_modification": "17/01/2025 05:15:10", "latitude": 48.10675, "longitude": -1.739695, "codes_siren": "213503535,243500139"}, "bbox": [-1.739695, 48.10675, -1.739695, 48.10675]}, {"type": "Feature", "id": "administration.fid--17174f5a_19f2e433d8d_-4a2c", "geometry": {"type": "Point", "coordinates": [-1.498086, 47.958225]}, "geometry_name": "geom", "properties": {"id": "26b0fdbe-0c94-4e76-8df3-7ae78c547ab0", "nom": "Mission locale pour l'insertion professionnelle et sociale des jeunes (16-25 ans) - Janzé", "nom_commune": "Janzé", "adresse_principale": "2 rue Louis-Amoureux 35150 Janzé", "siret": null, "categorie": "Service local", "code_insee": "35136", "horaires": null, "mail": "contact@missionlocale-portedebretagne.fr", "site_internet": "https://missionlocale-portedebretagne.fr/", "telephone": "02 99 47 01 84", "url_service_public": "https://lannuaire.service-public.gouv.fr/bretagne/ille-et-vilaine/26b0fdbe-0c94-4e76-8df3-7ae78c547ab0", "type_organisme": null, "date_modification": "18/12/2024 17:33:18", "latitude": 47.958225, "longitude": -1.498086, "codes_siren": "213501364,243500634"}, "bbox": [-1.498086, 47.958225, -1.498086, 47.958225]}, {"type": "Feature", "id": "administration.fid--17174f5a_19f2e433d8d_-4a2b", "geometry": {"type": "Point", "coordinates": [-1.342362, 48.218354]}, "geometry_name": "geom", "properties": {"id": "d75e445a-448a-4677-8711-1160038ccca9", "nom": "Centre communal d'action sociale (CCAS) - Livre-Sur-Changeon", "nom_commune": "Livré-sur-Changeon", "adresse_principale": "2 Place du Prieuré 35450 Livré-sur-Changeon", "siret": "26350143900016", "categorie": "Service local", "code_insee": "35154", "horaires": null, "mail": null, "site_internet": null, "telephone": "+33299390646", "url_service_public": "https://lannuaire.service-public.gouv.fr/bretagne/ille-et-vilaine/d75e445a-448a-4677-8711-1160038ccca9", "type_organisme": null, "date_modification": "24/02/2026 08:10:12", "latitude": 48.218353, "longitude": -1.342362, "codes_siren": "213501547,243500774"}, "bbox": [-1.342362, 48.218354, -1.342362, 48.218354]}, {"type": "Feature", "id": "administration.fid--17174f5a_19f2e433d8d_-4a2a", "geometry": {"type": "Point", "coordinates": [-1.371817, 48.095349]}, "geometry_name": "geom", "properties": {"id": "63b8982a-d4fd-4e4e-b09e-65dc715f9ac8", "nom": "Centre communal d'action sociale (CCAS) - Saint-Didier", "nom_commune": "Saint-Didier", "adresse_principale": "12 place de l'église 35220 Saint-Didier", "siret": "26350456500015", "categorie": "Service local", "code_insee": "35264", "horaires": null, "mail": null, "site_internet": "https://www.saintdidier35.fr/", "telephone": "+33299003308", "url_service_public": "https://lannuaire.service-public.gouv.fr/bretagne/ille-et-vilaine/63b8982a-d4fd-4e4e-b09e-65dc715f9ac8", "type_organisme": null, "date_modification": "24/02/2026 08:09:53", "latitude": 48.09535, "longitude": -1.371817, "codes_siren": "213502644,200039022"}, "bbox": [-1.371817, 48.095349, -1.371817, 48.095349]}, {"type": "Feature", "id": "administration.fid--17174f5a_19f2e433d8d_-4a29", "geometry": {"type": "Point", "coordinates": [-1.507035, 47.887211]}, "geometry_name": "geom", "properties": {"id": "8ed43860-72c2-482f-9507-8ebd34c974e6", "nom": "Mairie - La Couyère", "nom_commune": "La Couyère", "adresse_principale": "1 place de l'Église 35320 La Couyère", "siret": "21350089500015", "categorie": "Service local", "code_insee": "35089", "horaires": "<b>Lundi</b><br>\n08:30 - 12:00\n13:30 - 17:30<br>\n<b>Mercredi</b><br>\n08:30 - 12:00\n13:30 - 17:30<br>\n<b>Jeudi</b><br>\n08:30 - 12:00<br>\n<b>Vendredi</b><br>\n08:30 - 12:00\n13:30 - 17:00<br>\n<b>Samedi</b><br>\n09:00 - 12:00", "mail": "mairie@lacouyere.fr", "site_internet": "https://www.lacouyere.fr/", "telephone": "02 99 43 13 93", "url_service_public": "https://lannuaire.service-public.gouv.fr/bretagne/ille-et-vilaine/8ed43860-72c2-482f-9507-8ebd34c974e6", "type_organisme": null, "date_modification": "18/07/2025 14:49:58", "latitude": 47.88721, "longitude": -1.507035, "codes_siren": "213500895,200070662"}, "bbox": [-1.507035, 47.887211, -1.507035, 47.887211]}, {"type": "Feature", "id": "administration.fid--17174f5a_19f2e433d8d_-4a28", "geometry": {"type": "Point", "coordinates": [-1.602911, 48.119506]}, "geometry_name": "geom", "properties": {"id": "ad3b18ce-3bd8-4a95-96b9-42a906e0cebf", "nom": "Mairie - Cesson-Sévigné", "nom_commune": "Cesson-Sévigné", "adresse_principale": "1 esplanade de l'Hôtel-de-Ville 35517 Cesson-Sévigné", "siret": "21350051500019", "categorie": "Service local", "code_insee": "35051", "horaires": "<b>Vendredi</b><br>\n08:30 - 12:00\n13:00 - 16:00<br>\n<b>Samedi</b><br>\n09:00 - 12:00<br>\n<b>Lundi</b><br>\n08:30 - 12:00\n13:00 - 17:15<br>\n<b>Mardi</b><br>\n13:00 - 17:15<br>\n<b>Mercredi - Jeudi</b><br>\n08:30 - 12:00\n13:00 - 17:15", "mail": "mairie@ville-cesson-sevigne.fr", "site_internet": "https://www.ville-cesson-sevigne.fr", "telephone": "02 99 83 52 00", "url_service_public": "https://lannuaire.service-public.gouv.fr/bretagne/ille-et-vilaine/ad3b18ce-3bd8-4a95-96b9-42a906e0cebf", "type_organisme": null, "date_modification": "05/05/2025 15:34:23", "latitude": 48.119507, "longitude": -1.602911, "codes_siren": "213500515,243500139"}, "bbox": [-1.602911, 48.119506, -1.602911, 48.119506]}, {"type": "Feature", "id": "administration.fid--17174f5a_19f2e433d8d_-4a27", "geometry": {"type": "Point", "coordinates": [-1.685131, 48.106054]}, "geometry_name": "geom", "properties": {"id": "2490051b-5cd6-4cea-986d-a61f468091bd", "nom": "Direction zonale de la police nationale (DZPN) - Ouest", "nom_commune": "Rennes", "adresse_principale": "22 boulevard de la-Tour-d'Auvergne 35700 Rennes", "siret": "92497513900164", "categorie": "Service institutionnel", "code_insee": "35238", "horaires": null, "mail": null, "site_internet": "https://www.police-nationale.interieur.gouv.fr", "telephone": null, "url_service_public": "https://lannuaire.service-public.gouv.fr/bretagne/ille-et-vilaine/2490051b-5cd6-4cea-986d-a61f468091bd", "type_organisme": "Service déconcentré", "date_modification": "26/01/2026 09:41:48", "latitude": 48.106052, "longitude": -1.685131, "codes_siren": "213502388,243500139"}, "bbox": [-1.685131, 48.106054, -1.685131, 48.106054]}, {"type": "Feature", "id": "administration.fid--17174f5a_19f2e433d8d_-4a26", "geometry": {"type": "Point", "coordinates": [-1.78093, 48.299238]}, "geometry_name": "geom", "properties": {"id": "4c509918-bb1b-4519-92fc-1180fd5a4645", "nom": "Fédération départementale pour la pêche et la protection du milieu aquatique - Ille-et-Vilaine", "nom_commune": "Hédé-Bazouges", "adresse_principale": " 35630 Hédé-Bazouges", "siret": null, "categorie": "Service local", "code_insee": "35130", "horaires": "<b>Lundi - Mardi</b><br>\n09:00 - 12:00\n14:00 - 17:00<br>\n<b>Jeudi</b><br>\n09:00 - 12:00\n14:00 - 17:00", "mail": "federation.de.peche.35@wanadoo.fr", "site_internet": "https://www.peche35.fr/", "telephone": "02 99 22 81 80", "url_service_public": "https://lannuaire.service-public.gouv.fr/bretagne/ille-et-vilaine/4c509918-bb1b-4519-92fc-1180fd5a4645", "type_organisme": null, "date_modification": "20/02/2025 15:12:47", "latitude": 48.299236, "longitude": -1.78093, "codes_siren": "213501307,243500733"}, "bbox": [-1.78093, 48.299238, -1.78093, 48.299238]}, {"type": "Feature", "id": "administration.fid--17174f5a_19f2e433d8d_-4a25", "geometry": {"type": "Point", "coordinates": [-1.853392, 48.270995]}, "geometry_name": "geom", "properties": {"id": "dc892286-6550-45a1-96f2-f2fb313ba26b", "nom": "Mairie - La Chapelle-Chaussée", "nom_commune": "La Chapelle-Chaussée", "adresse_principale": "Place de la Mairie 35630 La Chapelle-Chaussée", "siret": "21350058000013", "categorie": "Service local", "code_insee": "35058", "horaires": "<b>Mardi</b><br>\n09:00 - 12:00\n13:30 - 17:30<br>\n<b>Mercredi</b><br>\n09:00 - 12:00\n13:30 - 15:30<br>\n<b>Jeudi</b><br>\n09:00 - 12:00\n13:30 - 17:30<br>\n<b>Samedi</b><br>\n09:00 - 12:00", "mail": "mairie@lachapellechaussee.bzh", "site_internet": "https://www.lachapellechaussee.bzh/", "telephone": "02 99 45 88 18", "url_service_public": "https://lannuaire.service-public.gouv.fr/bretagne/ille-et-vilaine/dc892286-6550-45a1-96f2-f2fb313ba26b", "type_organisme": null, "date_modification": "05/05/2025 15:35:13", "latitude": 48.270996, "longitude": -1.853392, "codes_siren": "213500580,243500139"}, "bbox": [-1.853392, 48.270995, -1.853392, 48.270995]}, {"type": "Feature", "id": "administration.fid--17174f5a_19f2e433d8d_-4a24", "geometry": {"type": "Point", "coordinates": [-1.535671, 48.33281]}, "geometry_name": "geom", "properties": {"id": "6b9f9479-5c36-4420-8f64-3ea90bfaadfa", "nom": "Centre communal d'action sociale (CCAS) - Sens-de-Bretagne", "nom_commune": "Sens-de-Bretagne", "adresse_principale": "9 Place de la Mairie 35490 Sens-de-Bretagne", "siret": "21350326100017", "categorie": "Service local", "code_insee": "35326", "horaires": null, "mail": "sens.bretagne@wanadoo.fr", "site_internet": "https://www.sens-de-bretagne.fr/wp-content/uploads/2025/07/ccas.jpg", "telephone": "+33299395133", "url_service_public": "https://lannuaire.service-public.gouv.fr/bretagne/ille-et-vilaine/6b9f9479-5c36-4420-8f64-3ea90bfaadfa", "type_organisme": null, "date_modification": "24/02/2026 08:09:54", "latitude": 48.33281, "longitude": -1.535671, "codes_siren": "213503261,243500667"}, "bbox": [-1.535671, 48.33281, -1.535671, 48.33281]}, {"type": "Feature", "id": "administration.fid--17174f5a_19f2e433d8d_-4a23", "geometry": {"type": "Point", "coordinates": [-1.847826, 48.073174]}, "geometry_name": "geom", "properties": {"id": "e2b7fd17-4da2-42a6-87f2-60c6c5039dc0", "nom": "Police municipale - Mordelles", "nom_commune": "Mordelles", "adresse_principale": "28 avenue du Maréchal-Leclerc 35510 Mordelles", "siret": null, "categorie": "Service local", "code_insee": "35196", "horaires": null, "mail": "police.municipale@ville-mordelles.fr", "site_internet": null, "telephone": "02 99 85 09 88", "url_service_public": "https://lannuaire.service-public.gouv.fr/bretagne/ille-et-vilaine/e2b7fd17-4da2-42a6-87f2-60c6c5039dc0", "type_organisme": null, "date_modification": "10/11/2025 17:17:39", "latitude": 48.073174, "longitude": -1.847826, "codes_siren": "213501968,243500139"}, "bbox": [-1.847826, 48.073174, -1.847826, 48.073174]}, {"type": "Feature", "id": "administration.fid--17174f5a_19f2e433d8d_-4a22", "geometry": {"type": "Point", "coordinates": [-1.919172, 48.183463]}, "geometry_name": "geom", "properties": {"id": "8d05cea9-d491-4d5d-9e3d-4e74fc4eef8b", "nom": "Centre communal d'action sociale (CCAS) - Pleumeleuc", "nom_commune": "Pleumeleuc", "adresse_principale": "14 Rue de Rennes 35137 Pleumeleuc", "siret": "26350220500010", "categorie": "Service local", "code_insee": "35227", "horaires": null, "mail": "mairie@pleumeleuc.bzh", "site_internet": "https://www.pleumeleuc.bzh/action-sociale.php", "telephone": "+33299061560", "url_service_public": "https://lannuaire.service-public.gouv.fr/bretagne/ille-et-vilaine/8d05cea9-d491-4d5d-9e3d-4e74fc4eef8b", "type_organisme": null, "date_modification": "24/02/2026 08:10:00", "latitude": 48.183464, "longitude": -1.919172, "codes_siren": "213502271,243500550"}, "bbox": [-1.919172, 48.183463, -1.919172, 48.183463]}, {"type": "Feature", "id": "administration.fid--17174f5a_19f2e433d8d_-4a21", "geometry": {"type": "Point", "coordinates": [-1.656589, 48.128792]}, "geometry_name": "geom", "properties": {"id": "f4bc4903-ff35-4c9b-8108-7642e5bc2df0", "nom": "Point-justice de l'Espace social commun Simone Iff - à Maurepas", "nom_commune": "RENNES", "adresse_principale": "12 rue Guy Ropartz 35700 RENNES", "siret": null, "categorie": "Service local", "code_insee": "35238", "horaires": null, "mail": null, "site_internet": "https://www.cdad-ca-rennes.fr/", "telephone": "02 99 27 48 27", "url_service_public": "https://lannuaire.service-public.gouv.fr/bretagne/ille-et-vilaine/f4bc4903-ff35-4c9b-8108-7642e5bc2df0", "type_organisme": null, "date_modification": "03/10/2025 04:36:25", "latitude": 48.12879, "longitude": -1.656589, "codes_siren": "213502388,243500139"}, "bbox": [-1.656589, 48.128792, -1.656589, 48.128792]}, {"type": "Feature", "id": "administration.fid--17174f5a_19f2e433d8d_-4a20", "geometry": {"type": "Point", "coordinates": [-1.379538, 47.911594]}, "geometry_name": "geom", "properties": {"id": "d1076dac-99ce-460a-90cb-b264247e524d", "nom": "Point-justice de la Maison du développement de Retiers", "nom_commune": "RETIERS", "adresse_principale": "16 rue Pasteur 35240 RETIERS", "siret": null, "categorie": "Service local", "code_insee": "35239", "horaires": null, "mail": null, "site_internet": "https://www.cdad-ca-rennes.fr/", "telephone": "02 99 43 64 87", "url_service_public": "https://lannuaire.service-public.gouv.fr/bretagne/ille-et-vilaine/d1076dac-99ce-460a-90cb-b264247e524d", "type_organisme": null, "date_modification": "03/10/2025 04:36:26", "latitude": 47.911594, "longitude": -1.379538, "codes_siren": "213502396,243500634"}, "bbox": [-1.379538, 47.911594, -1.379538, 47.911594]}, {"type": "Feature", "id": "administration.fid--17174f5a_19f2e433d8d_-4a1f", "geometry": {"type": "Point", "coordinates": [-1.534052, 48.133316]}, "geometry_name": "geom", "properties": {"id": "8ae3c302-ca05-426d-9f99-e1c55dc941e6", "nom": "Centre communal d'action sociale (CCAS) - Acigné", "nom_commune": "Acigné", "adresse_principale": "Place de la Mairie 35690 Acigné", "siret": "26350050600013", "categorie": "Service local", "code_insee": "35001", "horaires": null, "mail": "mairie@ville-acigne.fr", "site_internet": "https://acigne.fr/module-Contenus-viewpub-tid-2-pid-73.html", "telephone": "+33299043000", "url_service_public": "https://lannuaire.service-public.gouv.fr/bretagne/ille-et-vilaine/8ae3c302-ca05-426d-9f99-e1c55dc941e6", "type_organisme": null, "date_modification": "24/02/2026 08:09:59", "latitude": 48.133316, "longitude": -1.534052, "codes_siren": "213500010,243500139"}, "bbox": [-1.534052, 48.133316, -1.534052, 48.133316]}, {"type": "Feature", "id": "administration.fid--17174f5a_19f2e433d8d_-4a1e", "geometry": {"type": "Point", "coordinates": [-1.661201, 48.088446]}, "geometry_name": "geom", "properties": {"id": "7ddb031c-2432-4b34-bb36-dff5b390baee", "nom": "Agence France Travail RENNES SUD", "nom_commune": "Rennes", "adresse_principale": "40 Avenue Andrée Viollis 35200 Rennes", "siret": "13000548125173", "categorie": "Service local", "code_insee": "35238", "horaires": "<b>Lundi - Vendredi</b><br>\n08:30 - 12:30", "mail": null, "site_internet": "https://www.francetravail.fr/accueil/", "telephone": "3949", "url_service_public": "https://lannuaire.service-public.gouv.fr/bretagne/ille-et-vilaine/7ddb031c-2432-4b34-bb36-dff5b390baee", "type_organisme": null, "date_modification": "05/03/2026 22:31:45", "latitude": 48.088448, "longitude": -1.661201, "codes_siren": "213502388,243500139"}, "bbox": [-1.661201, 48.088446, -1.661201, 48.088446]}, {"type": "Feature", "id": "administration.fid--17174f5a_19f2e433d8d_-4a1d", "geometry": {"type": "Point", "coordinates": [-1.824504, 48.250108]}, "geometry_name": "geom", "properties": {"id": "2627bf9d-4b18-43e4-ab59-3a1272327f7f", "nom": "Mairie - Langouet", "nom_commune": "Langouet", "adresse_principale": "19 rue des Chênes 35630 Langouet", "siret": "21350146300011", "categorie": "Service local", "code_insee": "35146", "horaires": "<b>Mardi</b><br>\n09:00 - 12:00<br>\n<b>Jeudi</b><br>\n09:00 - 12:00<br>\n<b>Vendredi</b><br>\n16:00 - 19:00", "mail": null, "site_internet": "https://www.langouet.fr", "telephone": "02 99 69 92 30", "url_service_public": "https://lannuaire.service-public.gouv.fr/bretagne/ille-et-vilaine/2627bf9d-4b18-43e4-ab59-3a1272327f7f", "type_organisme": null, "date_modification": "14/04/2025 14:56:30", "latitude": 48.250107, "longitude": -1.824504, "codes_siren": "213501463,243500667"}, "bbox": [-1.824504, 48.250108, -1.824504, 48.250108]}, {"type": "Feature", "id": "administration.fid--17174f5a_19f2e433d8d_-4a1c", "geometry": {"type": "Point", "coordinates": [-1.640315, 48.328331]}, "geometry_name": "geom", "properties": {"id": "9362fbbd-dbd4-4500-b640-828964bd883f", "nom": "Mairie - Feins", "nom_commune": "Feins", "adresse_principale": "2 rue des Écoles 35440 Feins", "siret": "21350110900010", "categorie": "Service local", "code_insee": "35110", "horaires": "<b>Lundi</b><br>\n08:30 - 12:00<br>\n<b>Mercredi</b><br>\n08:30 - 12:00\n13:30 - 16:30<br>\n<b>Jeudi</b><br>\n08:30 - 12:00<br>\n<b>Samedi</b><br>\n09:00 - 11:30", "mail": "feins@orange.fr", "site_internet": "https://feins.fr/", "telephone": "02 99 69 70 52", "url_service_public": "https://lannuaire.service-public.gouv.fr/bretagne/ille-et-vilaine/9362fbbd-dbd4-4500-b640-828964bd883f", "type_organisme": null, "date_modification": "28/07/2025 10:38:43", "latitude": 48.32833, "longitude": -1.640315, "codes_siren": "213501109,243500667"}, "bbox": [-1.640315, 48.328331, -1.640315, 48.328331]}, {"type": "Feature", "id": "administration.fid--17174f5a_19f2e433d8d_-4a1b", "geometry": {"type": "Point", "coordinates": [-1.548044, 47.882248]}, "geometry_name": "geom", "properties": {"id": "94211107-b900-4c37-99f5-e9fa31897dfd", "nom": "Mairie - Tresboeuf", "nom_commune": "Tresboeuf", "adresse_principale": "9 rue des Merisiers 35320 Tresboeuf", "siret": "21350343600015", "categorie": "Service local", "code_insee": "35343", "horaires": "<b>Lundi</b><br>\n14:00 - 17:00<br>\n<b>Mardi</b><br>\n09:00 - 12:00\n14:00 - 17:00<br>\n<b>Mercredi - Jeudi</b><br>\n09:00 - 12:00<br>\n<b>Vendredi</b><br>\n09:00 - 12:00\n14:00 - 17:00<br>\n<b>Samedi</b><br>\n09:00 - 12:00", "mail": "mairie@tresboeuf.fr", "site_internet": "https://www.tresboeuf.fr/", "telephone": "02 99 44 63 10", "url_service_public": "https://lannuaire.service-public.gouv.fr/bretagne/ille-et-vilaine/94211107-b900-4c37-99f5-e9fa31897dfd", "type_organisme": null, "date_modification": "05/05/2025 15:33:54", "latitude": 47.882248, "longitude": -1.548044, "codes_siren": "213503436,200070662"}, "bbox": [-1.548044, 47.882248, -1.548044, 47.882248]}, {"type": "Feature", "id": "administration.fid--17174f5a_19f2e433d8d_-4a1a", "geometry": {"type": "Point", "coordinates": [-1.539097, 47.951131]}, "geometry_name": "geom", "properties": {"id": "f95b2a5d-4ad0-4545-85d9-bf8e837f291b", "nom": "Centre communal d'action sociale (CCAS) - Brie", "nom_commune": "Brie", "adresse_principale": "22 Rue de Bretagne 35150 Brie", "siret": "26350360900012", "categorie": "Service local", "code_insee": "35041", "horaires": null, "mail": null, "site_internet": null, "telephone": "+33299470285", "url_service_public": "https://lannuaire.service-public.gouv.fr/bretagne/ille-et-vilaine/f95b2a5d-4ad0-4545-85d9-bf8e837f291b", "type_organisme": null, "date_modification": "24/02/2026 08:10:18", "latitude": 47.95113, "longitude": -1.539097, "codes_siren": "213500416,243500634"}, "bbox": [-1.539097, 47.951131, -1.539097, 47.951131]}, {"type": "Feature", "id": "administration.fid--17174f5a_19f2e433d8d_-4a19", "geometry": {"type": "Point", "coordinates": [-1.693679, 48.11878]}, "geometry_name": "geom", "properties": {"id": "2dbcbdc4-4597-4f08-a9f6-65966af44379", "nom": "Centre régional de pharmacovigilance - Rennes", "nom_commune": "Rennes", "adresse_principale": "2 rue Henri-Le-Guilloux 35000 Rennes", "siret": null, "categorie": "Service institutionnel", "code_insee": "35238", "horaires": null, "mail": "pharmacovigilance@chu-rennes.fr", "site_internet": "https://solidarites-sante.gouv.fr/soins-et-maladies/signalement-sante-gouv-fr/", "telephone": "02 99 28 43 63", "url_service_public": "https://lannuaire.service-public.gouv.fr/bretagne/ille-et-vilaine/2dbcbdc4-4597-4f08-a9f6-65966af44379", "type_organisme": "Établissement public", "date_modification": "10/11/2025 17:22:06", "latitude": 48.11878, "longitude": -1.693679, "codes_siren": "213502388,243500139"}, "bbox": [-1.693679, 48.11878, -1.693679, 48.11878]}, {"type": "Feature", "id": "administration.fid--17174f5a_19f2e433d8d_-4a18", "geometry": {"type": "Point", "coordinates": [-1.931829, 48.029061]}, "geometry_name": "geom", "properties": {"id": "feb969ed-e782-4049-a896-925b954a00b6", "nom": "Centre communal d'action sociale (CCAS) - Saint-Thurial", "nom_commune": "Saint-Thurial", "adresse_principale": "9 Rue du Schiste Violet 35310 Saint-Thurial", "siret": "26350297300013", "categorie": "Service local", "code_insee": "35319", "horaires": null, "mail": "mairie@stthurial.fr", "site_internet": "https://saint-thurial.com/ma-commune/actions-sociales/", "telephone": "+33299853272", "url_service_public": "https://lannuaire.service-public.gouv.fr/bretagne/ille-et-vilaine/feb969ed-e782-4049-a896-925b954a00b6", "type_organisme": null, "date_modification": "24/02/2026 08:10:19", "latitude": 48.02906, "longitude": -1.931829, "codes_siren": "213503196,243500618"}, "bbox": [-1.931829, 48.029061, -1.931829, 48.029061]}, {"type": "Feature", "id": "administration.fid--17174f5a_19f2e433d8d_-4a17", "geometry": {"type": "Point", "coordinates": [-1.680196, 48.104228]}, "geometry_name": "geom", "properties": {"id": "62277672-fc22-47b6-ac17-762920be6ce0", "nom": "Point d'information local dédié aux personnes âgées - Rennes", "nom_commune": "Rennes", "adresse_principale": "Centre local d'information et de coordination de Rennes 35000 Rennes", "siret": null, "categorie": "Service local", "code_insee": "35238", "horaires": "<b>Lundi</b><br>\n14:30 - 17:30<br>\n<b>Mardi - Vendredi</b><br>\n09:00 - 12:30\n13:30 - 17:30", "mail": "clic@ccasrennes.fr", "site_internet": "http://metropole.rennes.fr", "telephone": "02 23 62 21 40", "url_service_public": "https://lannuaire.service-public.gouv.fr/bretagne/ille-et-vilaine/62277672-fc22-47b6-ac17-762920be6ce0", "type_organisme": null, "date_modification": "13/12/2024 10:47:56", "latitude": 48.10423, "longitude": -1.680196, "codes_siren": "213502388,243500139"}, "bbox": [-1.680196, 48.104228, -1.680196, 48.104228]}, {"type": "Feature", "id": "administration.fid--17174f5a_19f2e433d8d_-4a16", "geometry": {"type": "Point", "coordinates": [-1.67486, 48.130706]}, "geometry_name": "geom", "properties": {"id": "fc889ced-ce1d-433d-8ea3-a46e16d62ade", "nom": "Service du cabinet du préfet de la région Bretagne, préfet de la zone de défense et de sécurité Ouest, préfet d’Ille-et-Vilaine", "nom_commune": "Rennes", "adresse_principale": "81 boulevard d'Armorique 35700 Rennes", "siret": null, "categorie": "Service institutionnel", "code_insee": "35238", "horaires": null, "mail": "prefecture@ille-et-vilaine.gouv.fr", "site_internet": "https://www.ille-et-vilaine.gouv.fr", "telephone": "02 21 86 25 35", "url_service_public": "https://lannuaire.service-public.gouv.fr/bretagne/ille-et-vilaine/fc889ced-ce1d-433d-8ea3-a46e16d62ade", "type_organisme": "Préfecture, sous-préfecture", "date_modification": "29/08/2025 14:28:53", "latitude": 48.130707, "longitude": -1.67486, "codes_siren": "213502388,243500139"}, "bbox": [-1.67486, 48.130706, -1.67486, 48.130706]}, {"type": "Feature", "id": "administration.fid--17174f5a_19f2e433d8d_-4a15", "geometry": {"type": "Point", "coordinates": [-1.656474, 48.129229]}, "geometry_name": "geom", "properties": {"id": "31eabde1-e4e1-440b-b24e-4b557e389d27", "nom": "Centre de protection maternelle et infantile (PMI) - Rennes - Maurepas-Patton", "nom_commune": "Rennes", "adresse_principale": "12 bis rue Guy-Ropartz 35700 Rennes", "siret": null, "categorie": "Service local", "code_insee": "35238", "horaires": "<b>Lundi - Mercredi</b><br>\n08:30 - 12:30\n13:30 - 17:30<br>\n<b>Jeudi</b><br>\n13:30 - 17:30<br>\n<b>Vendredi</b><br>\n08:30 - 12:30\n13:30 - 17:00", "mail": "cdas-maurepas@ille-et-vilaine.fr", "site_internet": "https://www.ille-et-vilaine.fr/pmi", "telephone": "02 90 02 77 77", "url_service_public": "https://lannuaire.service-public.gouv.fr/bretagne/ille-et-vilaine/31eabde1-e4e1-440b-b24e-4b557e389d27", "type_organisme": null, "date_modification": "26/03/2025 14:00:14", "latitude": 48.12923, "longitude": -1.656474, "codes_siren": "213502388,243500139"}, "bbox": [-1.656474, 48.129229, -1.656474, 48.129229]}, {"type": "Feature", "id": "administration.fid--17174f5a_19f2e433d8d_-4a14", "geometry": {"type": "Point", "coordinates": [-1.588107, 47.978993]}, "geometry_name": "geom", "properties": {"id": "1ac33809-552e-4419-8c02-e11b61ef5f93", "nom": "Mairie - Corps-Nuds", "nom_commune": "Corps-Nuds", "adresse_principale": "31 rue des Trois-Marie 35150 Corps-Nuds", "siret": "21350088700103", "categorie": "Service local", "code_insee": "35088", "horaires": "<b>Lundi</b><br>\n09:00 - 12:00\n14:30 - 17:00<br>\n<b>Mardi</b><br>\n09:00 - 12:00<br>\n<b>Mercredi</b><br>\n09:00 - 12:00\n14:30 - 17:00<br>\n<b>Jeudi</b><br>\n09:00 - 12:00<br>\n<b>Vendredi</b><br>\n09:00 - 12:00\n14:30 - 17:00<br>\n<b>Samedi</b><br>\n09:00 - 12:00", "mail": "mairie@corps-nuds.fr", "site_internet": "https://ville-de-corps-nuds.fr", "telephone": "02 99 44 00 11", "url_service_public": "https://lannuaire.service-public.gouv.fr/bretagne/ille-et-vilaine/1ac33809-552e-4419-8c02-e11b61ef5f93", "type_organisme": null, "date_modification": "05/05/2025 15:31:20", "latitude": 47.978992, "longitude": -1.588107, "codes_siren": "213500887,243500139"}, "bbox": [-1.588107, 47.978993, -1.588107, 47.978993]}, {"type": "Feature", "id": "administration.fid--17174f5a_19f2e433d8d_-4a13", "geometry": {"type": "Point", "coordinates": [-1.787694, 47.904665]}, "geometry_name": "geom", "properties": {"id": "7a24c065-da1a-4eaa-a993-97576b0bfd59", "nom": "Centre communal d'action sociale (CCAS) - Saint-Senoux", "nom_commune": "Saint-Senoux", "adresse_principale": "11 Rue des Trois Huchet 35580 Saint-Senoux", "siret": "21350312100013", "categorie": "Service local", "code_insee": "35312", "horaires": null, "mail": "contact.mairie@saintsenoux.fr", "site_internet": "https://www.saintsenoux.fr/ccas/", "telephone": "+33299578620", "url_service_public": "https://lannuaire.service-public.gouv.fr/bretagne/ille-et-vilaine/7a24c065-da1a-4eaa-a993-97576b0bfd59", "type_organisme": null, "date_modification": "24/02/2026 08:09:56", "latitude": 47.904667, "longitude": -1.787694, "codes_siren": "213503121,200043990"}, "bbox": [-1.787694, 47.904665, -1.787694, 47.904665]}, {"type": "Feature", "id": "administration.fid--17174f5a_19f2e433d8d_-4a12", "geometry": {"type": "Point", "coordinates": [-1.932352, 47.985042]}, "geometry_name": "geom", "properties": {"id": "35ae877f-b102-4830-b8a7-0ef7a98408d4", "nom": "Mairie - Baulon", "nom_commune": "Baulon", "adresse_principale": "1 rue Neuve 35580 Baulon", "siret": "21350016800017", "categorie": "Service local", "code_insee": "35016", "horaires": "<b>Mardi - Mercredi</b><br>\n08:30 - 12:00<br>\n<b>Jeudi</b><br>\n14:00 - 17:30<br>\n<b>Vendredi</b><br>\n14:00 - 17:00<br>\n<b>Samedi</b><br>\n09:00 - 12:00", "mail": "mairie@baulon.fr", "site_internet": "https://www.baulon.fr/", "telephone": "02 99 85 37 63", "url_service_public": "https://lannuaire.service-public.gouv.fr/bretagne/ille-et-vilaine/35ae877f-b102-4830-b8a7-0ef7a98408d4", "type_organisme": null, "date_modification": "17/07/2025 09:24:05", "latitude": 47.985043, "longitude": -1.932352, "codes_siren": "213500168,200043990"}, "bbox": [-1.932352, 47.985042, -1.932352, 47.985042]}, {"type": "Feature", "id": "administration.fid--17174f5a_19f2e433d8d_-4a11", "geometry": {"type": "Point", "coordinates": [-1.661798, 47.93667]}, "geometry_name": "geom", "properties": {"id": "216ef15d-af30-4fee-a695-1cc12ab8bd09", "nom": "Centre communal d'action sociale (CCAS) - Crevin", "nom_commune": "Crevin", "adresse_principale": "10 Rue de la Mairie 35320 Crevin", "siret": "26350111600010", "categorie": "Service local", "code_insee": "35090", "horaires": null, "mail": null, "site_internet": null, "telephone": "+33299424165", "url_service_public": "https://lannuaire.service-public.gouv.fr/bretagne/ille-et-vilaine/216ef15d-af30-4fee-a695-1cc12ab8bd09", "type_organisme": null, "date_modification": "24/02/2026 08:09:41", "latitude": 47.93667, "longitude": -1.661798, "codes_siren": "213500903,200070662"}, "bbox": [-1.661798, 47.93667, -1.661798, 47.93667]}, {"type": "Feature", "id": "administration.fid--17174f5a_19f2e433d8d_-4a10", "geometry": {"type": "Point", "coordinates": [-1.317591, 47.831395]}, "geometry_name": "geom", "properties": {"id": "d77accbc-0d33-495d-ae6a-84aaba25dc93", "nom": "Mairie - Martigné-Ferchaud", "nom_commune": "Martigné-Ferchaud", "adresse_principale": "12 place de la Mairie 35640 Martigné-Ferchaud", "siret": "21350167900012", "categorie": "Service local", "code_insee": "35167", "horaires": "<b>Lundi</b><br>\n09:00 - 12:00<br>\n<b>Mardi - Vendredi</b><br>\n09:00 - 12:00\n14:30 - 17:00<br>\n<b>Samedi</b><br>\n10:00 - 12:00", "mail": "mairie@martigneferchaud.bzh", "site_internet": "https://www.martigneferchaud.bzh/", "telephone": "02 99 47 90 25", "url_service_public": "https://lannuaire.service-public.gouv.fr/bretagne/ille-et-vilaine/d77accbc-0d33-495d-ae6a-84aaba25dc93", "type_organisme": null, "date_modification": "29/07/2025 09:47:48", "latitude": 47.831394, "longitude": -1.317591, "codes_siren": "213501679,243500634"}, "bbox": [-1.317591, 47.831395, -1.317591, 47.831395]}, {"type": "Feature", "id": "administration.fid--17174f5a_19f2e433d8d_-4a0f", "geometry": {"type": "Point", "coordinates": [-1.697073, 48.117807]}, "geometry_name": "geom", "properties": {"id": "80bc23a8-f992-414b-bb9e-0fe698b2feb3", "nom": "Université Rennes 2 - Service universitaire d'information et d'orientation - Insertion professionnelle (SUIO-IP)", "nom_commune": "Rennes Cedex", "adresse_principale": "Place du recteur Henri Le Moal 35043 Rennes Cedex", "siret": null, "categorie": "Service local", "code_insee": "35238", "horaires": "<b>Lundi - Mardi</b><br>\n13:00 - 17:00<br>\n<b>Jeudi</b><br>\n13:30 - 17:00", "mail": null, "site_internet": "https://www.univ-rennes2.fr/formation/lycee-luniversite", "telephone": "02 99 14 13 91", "url_service_public": "https://lannuaire.service-public.gouv.fr/bretagne/ille-et-vilaine/80bc23a8-f992-414b-bb9e-0fe698b2feb3", "type_organisme": null, "date_modification": "25/09/2025 15:02:13", "latitude": 48.117805, "longitude": -1.6970733, "codes_siren": "213502388,243500139"}, "bbox": [-1.697073, 48.117807, -1.697073, 48.117807]}, {"type": "Feature", "id": "administration.fid--17174f5a_19f2e433d8d_-4a0e", "geometry": {"type": "Point", "coordinates": [-1.724608, 48.298532]}, "geometry_name": "geom", "properties": {"id": "bb909ec7-0584-427c-9231-a539d2ec4855", "nom": "Centre communal d'action sociale (CCAS) - Guipel", "nom_commune": "Guipel", "adresse_principale": "40 rue de la Liberté 35440 Guipel", "siret": "26350120700017", "categorie": "Service local", "code_insee": "35128", "horaires": null, "mail": null, "site_internet": null, "telephone": "+33299697474", "url_service_public": "https://lannuaire.service-public.gouv.fr/bretagne/ille-et-vilaine/bb909ec7-0584-427c-9231-a539d2ec4855", "type_organisme": null, "date_modification": "24/02/2026 08:10:08", "latitude": 48.29853, "longitude": -1.724608, "codes_siren": "213501281,243500667"}, "bbox": [-1.724608, 48.298532, -1.724608, 48.298532]}, {"type": "Feature", "id": "administration.fid--17174f5a_19f2e433d8d_-4a0d", "geometry": {"type": "Point", "coordinates": [-1.424433, 48.328968]}, "geometry_name": "geom", "properties": {"id": "a6b5e338-a40a-471b-a08f-e7ed6cf3ef92", "nom": "Mairie - Saint-Ouen-des-Alleux", "nom_commune": "Saint-Ouen-des-Alleux", "adresse_principale": "2 rue du Général de Gaulle 35140 Saint-Ouen-des-Alleux", "siret": "21350304800018", "categorie": "Service local", "code_insee": "35304", "horaires": "<b>Lundi - Vendredi</b><br>\n08:30 - 12:00<br>\n<b>Samedi</b><br>\n09:00 - 11:45", "mail": "accueil@saintouendesalleux.fr", "site_internet": "https://www.saintouendesalleux.fr", "telephone": "02 99 39 38 15", "url_service_public": "https://lannuaire.service-public.gouv.fr/bretagne/ille-et-vilaine/a6b5e338-a40a-471b-a08f-e7ed6cf3ef92", "type_organisme": null, "date_modification": "05/05/2025 15:34:14", "latitude": 48.328968, "longitude": -1.424433, "codes_siren": "213503048,200072452"}, "bbox": [-1.424433, 48.328968, -1.424433, 48.328968]}, {"type": "Feature", "id": "administration.fid--17174f5a_19f2e433d8d_-4a0c", "geometry": {"type": "Point", "coordinates": [-1.71154, 48.12108]}, "geometry_name": "geom", "properties": {"id": "45b0946c-d850-4c22-8f12-92263c31152b", "nom": "Centre de protection maternelle et infantile (PMI) - Rennes - Villejean", "nom_commune": "Rennes", "adresse_principale": "42 cours John-Fitzgerald-Kennedy 35000 Rennes", "siret": null, "categorie": "Service local", "code_insee": "35238", "horaires": "<b>Lundi - Mercredi</b><br>\n09:00 - 12:30\n13:30 - 17:30<br>\n<b>Jeudi</b><br>\n13:30 - 17:30<br>\n<b>Vendredi</b><br>\n09:00 - 12:30\n13:30 - 17:00", "mail": "cdas-villejean@ille-et-vilaine.fr", "site_internet": "https://www.ille-et-vilaine.fr/", "telephone": "02 99 02 20 10", "url_service_public": "https://lannuaire.service-public.gouv.fr/bretagne/ille-et-vilaine/45b0946c-d850-4c22-8f12-92263c31152b", "type_organisme": null, "date_modification": "26/03/2025 14:11:47", "latitude": 48.12108, "longitude": -1.71154, "codes_siren": "213502388,243500139"}, "bbox": [-1.71154, 48.12108, -1.71154, 48.12108]}, {"type": "Feature", "id": "administration.fid--17174f5a_19f2e433d8d_-4a0b", "geometry": {"type": "Point", "coordinates": [-1.711261, 48.121499]}, "geometry_name": "geom", "properties": {"id": "7924afd7-3d50-4bd2-9ce2-db4a4762b7a4", "nom": "Point-justice du centre social de Villejean à Rennes", "nom_commune": "RENNES", "adresse_principale": "42 Cours Président John Fitzgerald Kennedy 35000 RENNES", "siret": null, "categorie": "Service local", "code_insee": "35238", "horaires": null, "mail": null, "site_internet": "https://www.cdad-ca-rennes.fr/", "telephone": "02 23 46 85 70", "url_service_public": "https://lannuaire.service-public.gouv.fr/bretagne/ille-et-vilaine/7924afd7-3d50-4bd2-9ce2-db4a4762b7a4", "type_organisme": null, "date_modification": "03/10/2025 04:36:25", "latitude": 48.1215, "longitude": -1.711261, "codes_siren": "213502388,243500139"}, "bbox": [-1.711261, 48.121499, -1.711261, 48.121499]}, {"type": "Feature", "id": "administration.fid--17174f5a_19f2e433d8d_-4a0a", "geometry": {"type": "Point", "coordinates": [-1.538927, 47.80756]}, "geometry_name": "geom", "properties": {"id": "e8b5dee5-0d1e-4b47-899e-4351ed2f8ee2", "nom": "Mairie - Teillay", "nom_commune": "Teillay", "adresse_principale": "Placis de Bussy-Chardonney 35620 Teillay", "siret": "21350332900012", "categorie": "Service local", "code_insee": "35332", "horaires": "<b>Lundi - Mercredi</b><br>\n09:00 - 12:00<br>\n<b>Jeudi</b><br>\n09:00 - 12:00\n14:00 - 17:00<br>\n<b>Vendredi</b><br>\n09:00 - 12:00", "mail": "mairie@teillay.fr", "site_internet": "https://www.teillay.fr/", "telephone": "02 99 44 36 14", "url_service_public": "https://lannuaire.service-public.gouv.fr/bretagne/ille-et-vilaine/e8b5dee5-0d1e-4b47-899e-4351ed2f8ee2", "type_organisme": null, "date_modification": "29/07/2025 10:35:38", "latitude": 47.80756, "longitude": -1.538927, "codes_siren": "213503329,200070662"}, "bbox": [-1.538927, 47.80756, -1.538927, 47.80756]}, {"type": "Feature", "id": "administration.fid--17174f5a_19f2e433d8d_-4a09", "geometry": {"type": "Point", "coordinates": [-1.432341, 48.294557]}, "geometry_name": "geom", "properties": {"id": "ad93828e-4c03-40d1-8d92-d243098baba3", "nom": "Centre communal d'action sociale (CCAS) - Mezieres-Sur-Couesnon", "nom_commune": "Mézières-sur-Couesnon", "adresse_principale": "Place de la Mairie 35140 Mézières-sur-Couesnon", "siret": "26350186800016", "categorie": "Service local", "code_insee": "35178", "horaires": null, "mail": null, "site_internet": null, "telephone": "+33299393643", "url_service_public": "https://lannuaire.service-public.gouv.fr/bretagne/ille-et-vilaine/ad93828e-4c03-40d1-8d92-d243098baba3", "type_organisme": null, "date_modification": "24/02/2026 08:10:06", "latitude": 48.294556, "longitude": -1.432341, "codes_siren": "213501786,243500774"}, "bbox": [-1.432341, 48.294557, -1.432341, 48.294557]}, {"type": "Feature", "id": "administration.fid--17174f5a_19f2e433d8d_-4a08", "geometry": {"type": "Point", "coordinates": [-1.939422, 48.309501]}, "geometry_name": "geom", "properties": {"id": "e0985627-b291-4588-8528-0915232da406", "nom": "Mairie - Longaulnay", "nom_commune": "Longaulnay", "adresse_principale": "6 le Bourg 35190 Longaulnay", "siret": "21350156200010", "categorie": "Service local", "code_insee": "35156", "horaires": "<b>Mardi</b><br>\n13:30 - 18:30<br>\n<b>Mercredi - Jeudi</b><br>\n08:30 - 12:00<br>\n<b>Lundi</b><br>\n13:30 - 17:00<br>\n<b>Vendredi</b><br>\n08:30 - 12:30\n13:30 - 18:30", "mail": "communedelongaulnay@orange.fr", "site_internet": "https://www.longaulnay.fr", "telephone": "02 99 66 81 39", "url_service_public": "https://lannuaire.service-public.gouv.fr/bretagne/ille-et-vilaine/e0985627-b291-4588-8528-0915232da406", "type_organisme": null, "date_modification": "29/07/2025 10:12:33", "latitude": 48.3095, "longitude": -1.939422, "codes_siren": "213501562,243500733"}, "bbox": [-1.939422, 48.309501, -1.939422, 48.309501]}, {"type": "Feature", "id": "administration.fid--17174f5a_19f2e433d8d_-4a07", "geometry": {"type": "Point", "coordinates": [-1.713684, 48.08061]}, "geometry_name": "geom", "properties": {"id": "3cd05973-46cb-4c5f-9733-ed3ed8571f31", "nom": "Centre communal d'action sociale (CCAS) - Saint-Jacques-de-la-Lande", "nom_commune": "Saint-Jacques-de-la-Lande", "adresse_principale": "1 Rue François Mitterrand 35136 Saint-Jacques-de-la-Lande", "siret": "26350263500018", "categorie": "Service local", "code_insee": "35281", "horaires": null, "mail": "ccas@st-jacques.fr", "site_internet": "https://www.st-jacques.fr/emploi-et-vie-economique/aide-a-lacces-a-lemploi/point-accueil-emploi/", "telephone": "+33299297556", "url_service_public": "https://lannuaire.service-public.gouv.fr/bretagne/ille-et-vilaine/3cd05973-46cb-4c5f-9733-ed3ed8571f31", "type_organisme": null, "date_modification": "24/02/2026 08:09:46", "latitude": 48.08061, "longitude": -1.713684, "codes_siren": "213502818,243500139"}, "bbox": [-1.713684, 48.08061, -1.713684, 48.08061]}, {"type": "Feature", "id": "administration.fid--17174f5a_19f2e433d8d_-4a06", "geometry": {"type": "Point", "coordinates": [-1.674687, 48.105881]}, "geometry_name": "geom", "properties": {"id": "b9d2340e-7aa7-4b92-acdf-c4b3e3d23140", "nom": "Caisse d'allocations familiales (Caf) d'Ille-et-Vilaine - siège de Rennes", "nom_commune": "Rennes Cedex 9", "adresse_principale": "Cours des Alliés 35028 Rennes Cedex 9", "siret": null, "categorie": "Service local", "code_insee": "35238", "horaires": "<b>Lundi - Vendredi</b><br>\n08:30 - 12:30\n13:30 - 16:30", "mail": null, "site_internet": "https://www.caf.fr", "telephone": "32 30", "url_service_public": "https://lannuaire.service-public.gouv.fr/bretagne/ille-et-vilaine/b9d2340e-7aa7-4b92-acdf-c4b3e3d23140", "type_organisme": null, "date_modification": "11/02/2026 08:21:41", "latitude": 48.10588, "longitude": -1.6746868, "codes_siren": "213502388,243500139"}, "bbox": [-1.674687, 48.105881, -1.674687, 48.105881]}, {"type": "Feature", "id": "administration.fid--17174f5a_19f2e433d8d_-4a05", "geometry": {"type": "Point", "coordinates": [-1.361095, 47.949567]}, "geometry_name": "geom", "properties": {"id": "d9e7ea9b-50ac-4ee1-a767-d44d4ebc0ddd", "nom": "Centre communal d'action sociale (CCAS) - Marcillé-Robert", "nom_commune": "Marcillé-Robert", "adresse_principale": "22 Le Boulevard 35240 Marcillé-Robert", "siret": "26350154600034", "categorie": "Service local", "code_insee": "35165", "horaires": null, "mail": "mairie@marcille-robert.bzh", "site_internet": "https://www.marcille-robert.bzh/", "telephone": "+33299436734", "url_service_public": "https://lannuaire.service-public.gouv.fr/bretagne/ille-et-vilaine/d9e7ea9b-50ac-4ee1-a767-d44d4ebc0ddd", "type_organisme": null, "date_modification": "24/02/2026 08:10:13", "latitude": 47.949566, "longitude": -1.361095, "codes_siren": "213501653,243500634"}, "bbox": [-1.361095, 47.949567, -1.361095, 47.949567]}, {"type": "Feature", "id": "administration.fid--17174f5a_19f2e433d8d_-4a04", "geometry": {"type": "Point", "coordinates": [-1.394757, 48.070397]}, "geometry_name": "geom", "properties": {"id": "3fabfefd-bea8-4233-b7bb-cbb5daa1432a", "nom": "Centre communal d'action sociale (CCAS) - Domagné", "nom_commune": "Domagné", "adresse_principale": "8 Allée Saint-Pierre 35113 Domagné", "siret": "26350113200017", "categorie": "Service local", "code_insee": "35096", "horaires": null, "mail": "mairie@domagne.fr", "site_internet": "https://www.domagne.fr/", "telephone": "+33299000119", "url_service_public": "https://lannuaire.service-public.gouv.fr/bretagne/ille-et-vilaine/3fabfefd-bea8-4233-b7bb-cbb5daa1432a", "type_organisme": null, "date_modification": "24/02/2026 08:09:46", "latitude": 48.070396, "longitude": -1.394757, "codes_siren": "213500960,200039022"}, "bbox": [-1.394757, 48.070397, -1.394757, 48.070397]}, {"type": "Feature", "id": "administration.fid--17174f5a_19f2e433d8d_-4a03", "geometry": {"type": "Point", "coordinates": [-1.943643, 47.808565]}, "geometry_name": "geom", "properties": {"id": "cc565427-0174-4d6c-9390-d4fae938b91b", "nom": "France services - Pipriac", "nom_commune": "Pipriac", "adresse_principale": "24 rue de l'Avenir 35550 Pipriac", "siret": null, "categorie": "Service local", "code_insee": "35219", "horaires": "<b>Lundi</b><br>\n09:00 - 12:00\n14:00 - 17:00<br>\n<b>Mardi</b><br>\n09:00 - 18:30<br>\n<b>Mercredi - Vendredi</b><br>\n09:00 - 12:00", "mail": "services@iloz.bzh", "site_internet": "https://www.france-services.gouv.fr", "telephone": "02 99 34 36 91", "url_service_public": "https://lannuaire.service-public.gouv.fr/bretagne/ille-et-vilaine/cc565427-0174-4d6c-9390-d4fae938b91b", "type_organisme": null, "date_modification": "10/02/2025 15:34:16", "latitude": 47.808563, "longitude": -1.943643, "codes_siren": "213502198,243500741"}, "bbox": [-1.943643, 47.808565, -1.943643, 47.808565]}, {"type": "Feature", "id": "administration.fid--17174f5a_19f2e433d8d_-4a02", "geometry": {"type": "Point", "coordinates": [-1.680541, 47.85023]}, "geometry_name": "geom", "properties": {"id": "1572c72a-6c79-49ca-8925-de3aecce053b", "nom": "Service information jeunesse - Bain-de-Bretagne", "nom_commune": "Bain-de-Bretagne", "adresse_principale": "42 rue de Sabin 35470 Bain-de-Bretagne", "siret": null, "categorie": "Service local", "code_insee": "35012", "horaires": "<b>Lundi</b><br>\n14:00 - 16:00<br>\n<b>Mardi - Jeudi</b><br>\n14:00 - 18:00<br>\n<b>Vendredi</b><br>\n14:00 - 16:00", "mail": "sij@bretagneportedeloire.fr", "site_internet": "https://www.bretagneportedeloire.fr", "telephone": "06 74 66 90 62", "url_service_public": "https://lannuaire.service-public.gouv.fr/bretagne/ille-et-vilaine/1572c72a-6c79-49ca-8925-de3aecce053b", "type_organisme": null, "date_modification": "13/11/2023 14:30:48", "latitude": 47.85023, "longitude": -1.680541, "codes_siren": "213500127,200070662"}, "bbox": [-1.680541, 47.85023, -1.680541, 47.85023]}, {"type": "Feature", "id": "administration.fid--17174f5a_19f2e433d8d_-4a01", "geometry": {"type": "Point", "coordinates": [-1.498301, 47.959272]}, "geometry_name": "geom", "properties": {"id": "fb7a43ab-e613-4110-8d77-259ea3ee09f1", "nom": "Caisse d'allocations familiales (Caf) d'Ille-et-Vilaine - accueil de Janzé", "nom_commune": "Janzé", "adresse_principale": "Place des Halles 35150 Janzé", "siret": null, "categorie": "Service local", "code_insee": "35136", "horaires": "<b>Lundi</b><br>\n09:00 - 12:00\n14:00 - 16:00", "mail": null, "site_internet": "https://www.caf.fr", "telephone": "32 30", "url_service_public": "https://lannuaire.service-public.gouv.fr/bretagne/ille-et-vilaine/fb7a43ab-e613-4110-8d77-259ea3ee09f1", "type_organisme": null, "date_modification": "10/02/2026 15:37:57", "latitude": 47.95927, "longitude": -1.498301, "codes_siren": "213501364,243500634"}, "bbox": [-1.498301, 47.959272, -1.498301, 47.959272]}, {"type": "Feature", "id": "administration.fid--17174f5a_19f2e433d8d_-4a00", "geometry": {"type": "Point", "coordinates": [-1.674855, 48.106922]}, "geometry_name": "geom", "properties": {"id": "d23c4415-4714-46e8-af14-c76d9caa7210", "nom": "Trésorerie hospitalière de Rennes", "nom_commune": "Rennes", "adresse_principale": "2 boulevard Magenta 35000 Rennes", "siret": null, "categorie": "Service local", "code_insee": "35238", "horaires": "<b>Lundi - Vendredi</b><br>\n08:45 - 12:00", "mail": "t035033@dgfip.finances.gouv.fr", "site_internet": "https://www.impots.gouv.fr/accueil", "telephone": "02 99 84 19 72", "url_service_public": "https://lannuaire.service-public.gouv.fr/bretagne/ille-et-vilaine/d23c4415-4714-46e8-af14-c76d9caa7210", "type_organisme": null, "date_modification": "10/11/2025 17:16:56", "latitude": 48.106922, "longitude": -1.674855, "codes_siren": "213502388,243500139"}, "bbox": [-1.674855, 48.106922, -1.674855, 48.106922]}, {"type": "Feature", "id": "administration.fid--17174f5a_19f2e433d8d_-49ff", "geometry": {"type": "Point", "coordinates": [-1.639844, 48.182901]}, "geometry_name": "geom", "properties": {"id": "23d7d51f-29ae-4a3d-8ccf-cf0c72432722", "nom": "Mairie - Betton", "nom_commune": "Betton", "adresse_principale": "Place Charles-de-Gaulle 35830 Betton", "siret": "21350024200259", "categorie": "Service local", "code_insee": "35024", "horaires": "<b>Lundi - Vendredi</b><br>\n08:30 - 12:30\n13:30 - 17:00<br>\n<b>Samedi</b><br>\n09:00 - 12:00", "mail": "mairie-info@betton.fr", "site_internet": "https://www.betton.fr", "telephone": "02 99 55 81 01", "url_service_public": "https://lannuaire.service-public.gouv.fr/bretagne/ille-et-vilaine/23d7d51f-29ae-4a3d-8ccf-cf0c72432722", "type_organisme": null, "date_modification": "16/07/2025 14:22:06", "latitude": 48.1829, "longitude": -1.639844, "codes_siren": "213500242,243500139"}, "bbox": [-1.639844, 48.182901, -1.639844, 48.182901]}, {"type": "Feature", "id": "administration.fid--17174f5a_19f2e433d8d_-49fe", "geometry": {"type": "Point", "coordinates": [-1.68194, 48.092344]}, "geometry_name": "geom", "properties": {"id": "f001ae64-ba0c-4671-a62e-4c4406eb729d", "nom": "Centre de protection maternelle et infantile (PMI) - Rennes - Champs-Manceaux", "nom_commune": "Rennes", "adresse_principale": "15 rue Louis-et-René-Moine 35200 Rennes", "siret": null, "categorie": "Service local", "code_insee": "35238", "horaires": "<b>Lundi - Mercredi</b><br>\n09:00 - 12:30\n14:00 - 17:30<br>\n<b>Jeudi</b><br>\n14:00 - 17:30<br>\n<b>Vendredi</b><br>\n09:00 - 12:00\n14:00 - 16:30", "mail": null, "site_internet": "https://www.ille-et-vilaine.fr/", "telephone": "02 99 02 48 88", "url_service_public": "https://lannuaire.service-public.gouv.fr/bretagne/ille-et-vilaine/f001ae64-ba0c-4671-a62e-4c4406eb729d", "type_organisme": null, "date_modification": "26/03/2025 14:05:44", "latitude": 48.092342, "longitude": -1.6819401, "codes_siren": "213502388,243500139"}, "bbox": [-1.68194, 48.092344, -1.68194, 48.092344]}, {"type": "Feature", "id": "administration.fid--17174f5a_19f2e433d8d_-49fd", "geometry": {"type": "Point", "coordinates": [-1.65013, 48.18481]}, "geometry_name": "geom", "properties": {"id": "23a73281-1b8e-47ae-ac36-34fbc057ef3d", "nom": "Brigade de gendarmerie - Betton", "nom_commune": "Betton", "adresse_principale": "63 avenue d'Armorique 35830 Betton", "siret": null, "categorie": "Service local", "code_insee": "35024", "horaires": null, "mail": null, "site_internet": "https://www.gendarmerie.interieur.gouv.fr", "telephone": "02 99 55 85 38", "url_service_public": "https://lannuaire.service-public.gouv.fr/bretagne/ille-et-vilaine/23a73281-1b8e-47ae-ac36-34fbc057ef3d", "type_organisme": null, "date_modification": "24/10/2024 09:09:36", "latitude": 48.18481, "longitude": -1.65013, "codes_siren": "213500242,243500139"}, "bbox": [-1.65013, 48.18481, -1.65013, 48.18481]}, {"type": "Feature", "id": "administration.fid--17174f5a_19f2e433d8d_-49fc", "geometry": {"type": "Point", "coordinates": [-1.747074, 48.024452]}, "geometry_name": "geom", "properties": {"id": "5ff15d23-511a-4433-8ad5-f909ffcdbbfe", "nom": "Police municipale - Bruz", "nom_commune": "Bruz", "adresse_principale": "12 place du Docteur-Joly 35170 Bruz", "siret": null, "categorie": "Service local", "code_insee": "35047", "horaires": null, "mail": "police@ville-bruz.fr", "site_internet": null, "telephone": "02 99 05 44 04", "url_service_public": "https://lannuaire.service-public.gouv.fr/bretagne/ille-et-vilaine/5ff15d23-511a-4433-8ad5-f909ffcdbbfe", "type_organisme": null, "date_modification": "10/11/2025 17:11:40", "latitude": 48.024452, "longitude": -1.747074, "codes_siren": "213500473,243500139"}, "bbox": [-1.747074, 48.024452, -1.747074, 48.024452]}, {"type": "Feature", "id": "administration.fid--17174f5a_19f2e433d8d_-49fb", "geometry": {"type": "Point", "coordinates": [-1.60052, 48.117901]}, "geometry_name": "geom", "properties": {"id": "a583546b-1ca2-4937-b4a9-0d18b388efdf", "nom": "Centre de protection maternelle et infantile (PMI) - Thorigné-Fouillard", "nom_commune": "Thorigné-Fouillard", "adresse_principale": "2 avenue de Tizé 35235 Thorigné-Fouillard", "siret": null, "categorie": "Service local", "code_insee": "35334", "horaires": "<b>Lundi</b><br>\n13:30 - 17:00<br>\n<b>Mardi - Jeudi</b><br>\n09:00 - 12:30\n13:30 - 17:00<br>\n<b>Vendredi</b><br>\n09:00 - 12:30\n13:30 - 16:30", "mail": null, "site_internet": "https://www.ille-et-vilaine.fr/", "telephone": "02 99 02 20 20", "url_service_public": "https://lannuaire.service-public.gouv.fr/bretagne/ille-et-vilaine/a583546b-1ca2-4937-b4a9-0d18b388efdf", "type_organisme": null, "date_modification": "26/03/2025 13:47:53", "latitude": 48.1179, "longitude": -1.60052, "codes_siren": "213503345,243500139"}, "bbox": [-1.60052, 48.117901, -1.60052, 48.117901]}, {"type": "Feature", "id": "administration.fid--17174f5a_19f2e433d8d_-49fa", "geometry": {"type": "Point", "coordinates": [-1.674202, 48.10677]}, "geometry_name": "geom", "properties": {"id": "63d30674-160e-43b1-99b4-ea882a489537", "nom": "Banque de France - Bureau d’accueil et d’information - Rennes", "nom_commune": "Rennes", "adresse_principale": "5 boulevard magenta 350000 Rennes", "siret": null, "categorie": "Service local", "code_insee": "35238", "horaires": "<b>Lundi - Vendredi</b><br>\n09:00 - 12:00\n13:00 - 17:00", "mail": "rennes@banque-france.fr", "site_internet": "https://www.banque-france.fr", "telephone": "34 14", "url_service_public": "https://lannuaire.service-public.gouv.fr/bretagne/ille-et-vilaine/63d30674-160e-43b1-99b4-ea882a489537", "type_organisme": null, "date_modification": "04/03/2026 07:48:02", "latitude": 48.10677, "longitude": -1.674202, "codes_siren": "213502388,243500139"}, "bbox": [-1.674202, 48.10677, -1.674202, 48.10677]}, {"type": "Feature", "id": "administration.fid--17174f5a_19f2e433d8d_-49f9", "geometry": {"type": "Point", "coordinates": [-1.658579, 48.126548]}, "geometry_name": "geom", "properties": {"id": "bc4dc20c-1ed8-4857-8bc6-00c272bd5189", "nom": "Caisse primaire d'assurance maladie (CPAM) d'Ille-et-Vilaine - accueil de Rennes Maurepas", "nom_commune": "Rennes", "adresse_principale": "32 Rue de Trégain 35700 Rennes", "siret": null, "categorie": "Service local", "code_insee": "35238", "horaires": "<b>Mardi</b><br>\n08:30 - 12:00\n13:30 - 17:00<br>\n<b>Jeudi</b><br>\n08:30 - 12:00\n13:30 - 17:00", "mail": null, "site_internet": "https://www.ameli.fr", "telephone": "36 46", "url_service_public": "https://lannuaire.service-public.gouv.fr/bretagne/ille-et-vilaine/bc4dc20c-1ed8-4857-8bc6-00c272bd5189", "type_organisme": null, "date_modification": "29/11/2024 16:27:58", "latitude": 48.12655, "longitude": -1.658579, "codes_siren": "213502388,243500139"}, "bbox": [-1.658579, 48.126548, -1.658579, 48.126548]}, {"type": "Feature", "id": "administration.fid--17174f5a_19f2e433d8d_-49f8", "geometry": {"type": "Point", "coordinates": [-1.72447, 48.06526]}, "geometry_name": "geom", "properties": {"id": "80540d74-863e-46df-84d0-e8d98d05ab6e", "nom": "Direction zonale de la police aux frontières - Ouest", "nom_commune": "Saint-Jacques-de-la-Lande", "adresse_principale": "rue Jules Vallès 35136 Saint-Jacques-de-la-Lande", "siret": null, "categorie": "Service institutionnel", "code_insee": "35238", "horaires": null, "mail": null, "site_internet": null, "telephone": "02 99 35 30 10", "url_service_public": "https://lannuaire.service-public.gouv.fr/bretagne/ille-et-vilaine/80540d74-863e-46df-84d0-e8d98d05ab6e", "type_organisme": "Service déconcentré", "date_modification": "10/11/2025 17:24:29", "latitude": 48.06526, "longitude": -1.72447, "codes_siren": "213502388,243500139"}, "bbox": [-1.72447, 48.06526, -1.72447, 48.06526]}, {"type": "Feature", "id": "administration.fid--17174f5a_19f2e433d8d_-49f7", "geometry": {"type": "Point", "coordinates": [-1.567352, 48.236176]}, "geometry_name": "geom", "properties": {"id": "8d3b9fc0-c55b-4fc5-bd69-921d61b57b2a", "nom": "Centre communal d'action sociale (CCAS) - Chasne-Sur-Illet", "nom_commune": "Chasné-sur-Illet", "adresse_principale": "La Porte Pilet 35250 Chasné-sur-Illet", "siret": "26350099300013", "categorie": "Service local", "code_insee": "35067", "horaires": null, "mail": null, "site_internet": null, "telephone": "+33299552279", "url_service_public": "https://lannuaire.service-public.gouv.fr/bretagne/ille-et-vilaine/8d3b9fc0-c55b-4fc5-bd69-921d61b57b2a", "type_organisme": null, "date_modification": "24/02/2026 08:10:00", "latitude": 48.236176, "longitude": -1.567352, "codes_siren": "213500671,243500774"}, "bbox": [-1.567352, 48.236176, -1.567352, 48.236176]}, {"type": "Feature", "id": "administration.fid--17174f5a_19f2e433d8d_-49f6", "geometry": {"type": "Point", "coordinates": [-1.934214, 47.991825]}, "geometry_name": "geom", "properties": {"id": "c20cc4ad-53fd-4dcf-8656-d6b45ccbd868", "nom": "Centre communal d'action sociale (CCAS) - Baulon", "nom_commune": "Baulon", "adresse_principale": "Bourg 35580 Baulon", "siret": "26350059700012", "categorie": "Service local", "code_insee": "35016", "horaires": null, "mail": null, "site_internet": null, "telephone": "+33299853763", "url_service_public": "https://lannuaire.service-public.gouv.fr/bretagne/ille-et-vilaine/c20cc4ad-53fd-4dcf-8656-d6b45ccbd868", "type_organisme": null, "date_modification": "25/02/2026 15:08:01", "latitude": 47.991825, "longitude": -1.934214, "codes_siren": "213500168,200043990"}, "bbox": [-1.934214, 47.991825, -1.934214, 47.991825]}, {"type": "Feature", "id": "administration.fid--17174f5a_19f2e433d8d_-49f5", "geometry": {"type": "Point", "coordinates": [-1.676477, 48.104807]}, "geometry_name": "geom", "properties": {"id": "f1e2355b-6038-4011-bab5-f9d9ab14b906", "nom": "Bureau de douane - Rennes", "nom_commune": "Rennes", "adresse_principale": "8 cours des Alliés 35000 Rennes", "siret": null, "categorie": "Service local", "code_insee": "35238", "horaires": "<b>Lundi - Vendredi</b><br>\n08:30 - 12:30\n13:30 - 17:30", "mail": "crd-rennes@douane.finances.gouv.fr", "site_internet": "https://www.douane.gouv.fr", "telephone": "09 70 27 51 39", "url_service_public": "https://lannuaire.service-public.gouv.fr/bretagne/ille-et-vilaine/f1e2355b-6038-4011-bab5-f9d9ab14b906", "type_organisme": null, "date_modification": "18/03/2024 12:03:30", "latitude": 48.10481, "longitude": -1.676477, "codes_siren": "213502388,243500139"}, "bbox": [-1.676477, 48.104807, -1.676477, 48.104807]}, {"type": "Feature", "id": "administration.fid--17174f5a_19f2e433d8d_-49f4", "geometry": {"type": "Point", "coordinates": [-1.496184, 48.000591]}, "geometry_name": "geom", "properties": {"id": "6e7e6e35-c738-4d17-ade0-0e4dba397496", "nom": "Centre communal d'action sociale (CCAS) - Amanlis", "nom_commune": "Amanlis", "adresse_principale": "Bourg 35150 Amanlis", "siret": "26350033200014", "categorie": "Service local", "code_insee": "35002", "horaires": null, "mail": null, "site_internet": null, "telephone": "+33299444498", "url_service_public": "https://lannuaire.service-public.gouv.fr/bretagne/ille-et-vilaine/6e7e6e35-c738-4d17-ade0-0e4dba397496", "type_organisme": null, "date_modification": "25/02/2026 15:04:57", "latitude": 48.00059, "longitude": -1.496184, "codes_siren": "213500028,243500634"}, "bbox": [-1.496184, 48.000591, -1.496184, 48.000591]}, {"type": "Feature", "id": "administration.fid--17174f5a_19f2e433d8d_-49f3", "geometry": {"type": "Point", "coordinates": [-1.939774, 47.929768]}, "geometry_name": "geom", "properties": {"id": "5727867e-200c-4308-b82c-b3bd3d0c1960", "nom": "Mairie - La Chapelle-Bouëxic", "nom_commune": "La Chapelle-Bouëxic", "adresse_principale": "37 rue de la Mairie 35330 La Chapelle-Bouëxic", "siret": "21350057200077", "categorie": "Service local", "code_insee": "35057", "horaires": "<b>Lundi - Vendredi</b><br>\n08:45 - 12:15", "mail": "accueil@lachapellebouexic.fr", "site_internet": "https://www.lachapellebouexic.fr", "telephone": "02 99 92 01 15", "url_service_public": "https://lannuaire.service-public.gouv.fr/bretagne/ille-et-vilaine/5727867e-200c-4308-b82c-b3bd3d0c1960", "type_organisme": null, "date_modification": "23/05/2024 15:02:19", "latitude": 47.929768, "longitude": -1.939774, "codes_siren": "213500572,200043990"}, "bbox": [-1.939774, 47.929768, -1.939774, 47.929768]}, {"type": "Feature", "id": "administration.fid--17174f5a_19f2e433d8d_-49f2", "geometry": {"type": "Point", "coordinates": [-1.670254, 48.10755]}, "geometry_name": "geom", "properties": {"id": "c02a220d-0773-4ca7-95ec-479c616faa1e", "nom": "Conseil régional de l'ordre des architectes (CROA) - Bretagne", "nom_commune": "Rennes", "adresse_principale": "1 rue Marie et Simone Alizon 35000 Rennes", "siret": null, "categorie": "Service institutionnel", "code_insee": "35238", "horaires": "<b>Lundi - Vendredi</b><br>\n09:00 - 12:30\n14:00 - 17:30", "mail": "contact@ordrearchitectesbretagne.org", "site_internet": "https://www.architectes.org/bretagne", "telephone": "02 99 79 12 00", "url_service_public": "https://lannuaire.service-public.gouv.fr/bretagne/ille-et-vilaine/c02a220d-0773-4ca7-95ec-479c616faa1e", "type_organisme": "Ordre professionnel", "date_modification": "24/02/2026 07:45:11", "latitude": 48.10755, "longitude": -1.670254, "codes_siren": "213502388,243500139"}, "bbox": [-1.670254, 48.10755, -1.670254, 48.10755]}, {"type": "Feature", "id": "administration.fid--17174f5a_19f2e433d8d_-49f1", "geometry": {"type": "Point", "coordinates": [-1.83519, 48.328863]}, "geometry_name": "geom", "properties": {"id": "52204961-e234-49ba-95fd-fe329187a1a2", "nom": "Mairie - Tinténiac", "nom_commune": "Tinténiac", "adresse_principale": "12 rue Nationale 35190 Tinténiac", "siret": "21350337800019", "categorie": "Service local", "code_insee": "35337", "horaires": "<b>Lundi</b><br>\n08:30 - 12:15\n13:45 - 17:30<br>\n<b>Mardi</b><br>\n13:45 - 18:00<br>\n<b>Mercredi</b><br>\n08:30 - 12:15\n13:45 - 17:30<br>\n<b>Jeudi</b><br>\n08:30 - 12:15<br>\n<b>Vendredi</b><br>\n08:30 - 12:15\n13:45 - 17:00<br>\n<b>Samedi</b><br>\n09:00 - 12:00", "mail": "accueil@tinteniac.fr", "site_internet": "http://www.tinteniac.fr", "telephone": "02 99 68 18 68", "url_service_public": "https://lannuaire.service-public.gouv.fr/bretagne/ille-et-vilaine/52204961-e234-49ba-95fd-fe329187a1a2", "type_organisme": null, "date_modification": "05/05/2025 15:32:39", "latitude": 48.32886, "longitude": -1.83519, "codes_siren": "213503378,243500733"}, "bbox": [-1.83519, 48.328863, -1.83519, 48.328863]}, {"type": "Feature", "id": "administration.fid--17174f5a_19f2e433d8d_-49f0", "geometry": {"type": "Point", "coordinates": [-1.371897, 48.095298]}, "geometry_name": "geom", "properties": {"id": "a93f7695-2cef-4814-98b2-07adc3215535", "nom": "Mairie - Saint-Didier", "nom_commune": "Saint-Didier", "adresse_principale": "12 place de l'Église 35220 Saint-Didier", "siret": "21350264400015", "categorie": "Service local", "code_insee": "35264", "horaires": "<b>Mardi - Jeudi</b><br>\n14:00 - 17:30<br>\n<b>Vendredi</b><br>\n09:00 - 12:00\n14:00 - 17:30<br>\n<b>Samedi</b><br>\n09:00 - 12:00", "mail": "accueil@saintdidier35.fr", "site_internet": "http://www.saintdidier35.fr", "telephone": "02 99 00 33 08", "url_service_public": "https://lannuaire.service-public.gouv.fr/bretagne/ille-et-vilaine/a93f7695-2cef-4814-98b2-07adc3215535", "type_organisme": null, "date_modification": "05/05/2025 15:34:19", "latitude": 48.0953, "longitude": -1.3718972, "codes_siren": "213502644,200039022"}, "bbox": [-1.371897, 48.095298, -1.371897, 48.095298]}, {"type": "Feature", "id": "administration.fid--17174f5a_19f2e433d8d_-49ef", "geometry": {"type": "Point", "coordinates": [-1.685359, 48.103783]}, "geometry_name": "geom", "properties": {"id": "2aedb453-3525-4210-b0b4-57e3b1403c63", "nom": "service de réparation pénale RENNES", "nom_commune": "RENNES", "adresse_principale": "CITE DU NOTARIAT 2 MAIL ANNE CATHERINE 35000 RENNES", "siret": null, "categorie": "Service local", "code_insee": "35238", "horaires": null, "mail": null, "site_internet": null, "telephone": null, "url_service_public": "https://lannuaire.service-public.gouv.fr/bretagne/ille-et-vilaine/2aedb453-3525-4210-b0b4-57e3b1403c63", "type_organisme": null, "date_modification": "01/04/2025 05:14:33", "latitude": null, "longitude": null, "codes_siren": "213502388,243500139"}, "bbox": [-1.685359, 48.103783, -1.685359, 48.103783]}, {"type": "Feature", "id": "administration.fid--17174f5a_19f2e433d8d_-49ee", "geometry": {"type": "Point", "coordinates": [-1.7185, 48.1544]}, "geometry_name": "geom", "properties": {"id": "35e809f1-4700-404e-b649-b516f38077d8", "nom": "Point d'information local dédié aux personnes âgées - Montgermont", "nom_commune": "Montgermont", "adresse_principale": "8 rue Marin-Marie 35760 Montgermont", "siret": null, "categorie": "Service local", "code_insee": "35210", "horaires": "<b>Lundi - Vendredi</b><br>\n09:00 - 12:30\n13:30 - 17:00", "mail": "clic.noroit@gmail.com", "site_internet": "https://www.pour-les-personnes-agees.gouv.fr", "telephone": "02 99 35 49 52", "url_service_public": "https://lannuaire.service-public.gouv.fr/bretagne/ille-et-vilaine/35e809f1-4700-404e-b649-b516f38077d8", "type_organisme": null, "date_modification": "17/10/2025 13:59:49", "latitude": 48.1544, "longitude": -1.7184998, "codes_siren": "213502107,243500139"}, "bbox": [-1.7185, 48.1544, -1.7185, 48.1544]}, {"type": "Feature", "id": "administration.fid--17174f5a_19f2e433d8d_-49ed", "geometry": {"type": "Point", "coordinates": [-1.675126, 48.096854]}, "geometry_name": "geom", "properties": {"id": "2cce44ba-0a8c-4f35-aabf-b8c5817c0e28", "nom": "Point-justice Les Restos du Cœur de Rennes", "nom_commune": "RENNES", "adresse_principale": "118 rue de l'Alma 35000 RENNES", "siret": null, "categorie": "Service local", "code_insee": "35238", "horaires": null, "mail": null, "site_internet": "https://www.cdad-ca-rennes.fr/", "telephone": "02 99 51 48 31", "url_service_public": "https://lannuaire.service-public.gouv.fr/bretagne/ille-et-vilaine/2cce44ba-0a8c-4f35-aabf-b8c5817c0e28", "type_organisme": null, "date_modification": "03/10/2025 04:36:26", "latitude": 48.096855, "longitude": -1.675126, "codes_siren": "213502388,243500139"}, "bbox": [-1.675126, 48.096854, -1.675126, 48.096854]}, {"type": "Feature", "id": "administration.fid--17174f5a_19f2e433d8d_-49ec", "geometry": {"type": "Point", "coordinates": [-1.83159, 48.191818]}, "geometry_name": "geom", "properties": {"id": "655470dd-f19c-4a43-83e2-51a0946e2a49", "nom": "Mairie - Parthenay-de-Bretagne", "nom_commune": "Parthenay-de-Bretagne", "adresse_principale": "2 rue Principale 35850 Parthenay-de-Bretagne", "siret": "21350216400014", "categorie": "Service local", "code_insee": "35216", "horaires": "<b>Mardi - Mercredi</b><br>\n09:00 - 12:00<br>\n<b>Jeudi</b><br>\n13:30 - 19:00<br>\n<b>Vendredi</b><br>\n14:15 - 17:30<br>\n<b>Samedi</b><br>\n09:00 - 12:00", "mail": "accueil.mairie@parthenaydebretagne.fr", "site_internet": "https://parthenaydebretagne.com/", "telephone": "02 99 69 91 53", "url_service_public": "https://lannuaire.service-public.gouv.fr/bretagne/ille-et-vilaine/655470dd-f19c-4a43-83e2-51a0946e2a49", "type_organisme": null, "date_modification": "17/07/2025 15:32:34", "latitude": 48.19182, "longitude": -1.83159, "codes_siren": "213502164,243500139"}, "bbox": [-1.83159, 48.191818, -1.83159, 48.191818]}, {"type": "Feature", "id": "administration.fid--17174f5a_19f2e433d8d_-49eb", "geometry": {"type": "Point", "coordinates": [-1.672297, 48.087477]}, "geometry_name": "geom", "properties": {"id": "be7afe01-87d9-489e-8027-ece08cc1c43c", "nom": "Caisse primaire d'assurance maladie (CPAM) d'Ille-et-Vilaine - accueil de Rennes - Fréville", "nom_commune": "Rennes", "adresse_principale": "218 rue de Châtillon 35045 Rennes", "siret": null, "categorie": "Service local", "code_insee": "35238", "horaires": "<b>Mardi</b><br>\n08:30 - 12:00\n13:30 - 17:00<br>\n<b>Jeudi</b><br>\n08:30 - 12:00\n13:30 - 17:00", "mail": null, "site_internet": "https://www.ameli.fr", "telephone": "36 46", "url_service_public": "https://lannuaire.service-public.gouv.fr/bretagne/ille-et-vilaine/be7afe01-87d9-489e-8027-ece08cc1c43c", "type_organisme": null, "date_modification": "25/11/2024 16:44:57", "latitude": 48.087475, "longitude": -1.6722966, "codes_siren": "213502388,243500139"}, "bbox": [-1.672297, 48.087477, -1.672297, 48.087477]}, {"type": "Feature", "id": "administration.fid--17174f5a_19f2e433d8d_-49ea", "geometry": {"type": "Point", "coordinates": [-1.71354, 48.113602]}, "geometry_name": "geom", "properties": {"id": "4d85270c-bc3b-4312-a11a-47d694b9bb27", "nom": "Chambre d'agriculture - Ille-et-Vilaine", "nom_commune": "Rennes", "adresse_principale": "29 rue Maurice-le-Lannou 35042 Rennes", "siret": null, "categorie": "Service local", "code_insee": "35238", "horaires": "<b>Lundi - Jeudi</b><br>\n08:30 - 12:30\n13:30 - 17:00<br>\n<b>Vendredi</b><br>\n08:30 - 12:30\n13:30 - 16:00", "mail": "accueil@bretagne.chambragri.fr", "site_internet": "http://www.synagri.com", "telephone": "02 23 48 23 23", "url_service_public": "https://lannuaire.service-public.gouv.fr/bretagne/ille-et-vilaine/4d85270c-bc3b-4312-a11a-47d694b9bb27", "type_organisme": null, "date_modification": "22/11/2024 16:00:39", "latitude": 48.1136, "longitude": -1.71354, "codes_siren": "213502388,243500139"}, "bbox": [-1.71354, 48.113602, -1.71354, 48.113602]}, {"type": "Feature", "id": "administration.fid--17174f5a_19f2e433d8d_-49e9", "geometry": {"type": "Point", "coordinates": [-1.966022, 48.129584]}, "geometry_name": "geom", "properties": {"id": "6b5aedb9-159a-49be-9eb5-cb4c04c3d02f", "nom": "Centre Local d’Information et de Coordination (CLIC) en Brocéliande - Permanence Monfort-sur-Meu", "nom_commune": "Montfort-sur-Meu", "adresse_principale": "Coulon 35160 Montfort-sur-Meu", "siret": "50250986200012", "categorie": "Service local", "code_insee": "35188", "horaires": null, "mail": "clic@pays-broceliande.fr", "site_internet": "https://msp-broceliande.site-sante.fr/", "telephone": "+33299063245", "url_service_public": "https://lannuaire.service-public.gouv.fr/bretagne/ille-et-vilaine/6b5aedb9-159a-49be-9eb5-cb4c04c3d02f", "type_organisme": null, "date_modification": "12/01/2026 14:20:36", "latitude": 48.129585, "longitude": -1.966022, "codes_siren": "213501885,243500550"}, "bbox": [-1.966022, 48.129584, -1.966022, 48.129584]}, {"type": "Feature", "id": "administration.fid--17174f5a_19f2e433d8d_-49e8", "geometry": {"type": "Point", "coordinates": [-1.523851, 48.11402]}, "geometry_name": "geom", "properties": {"id": "c18dafaa-cfd8-4744-a884-70ee3393d6f5", "nom": "Police municipale - Noyal-sur-Vilaine", "nom_commune": "Noyal-sur-Vilaine", "adresse_principale": "18 place de la Mairie 35530 Noyal-sur-Vilaine", "siret": null, "categorie": "Service local", "code_insee": "35207", "horaires": null, "mail": "police-municipale@noyalsurvilaine.fr", "site_internet": null, "telephone": "02 99 04 04 84", "url_service_public": "https://lannuaire.service-public.gouv.fr/bretagne/ille-et-vilaine/c18dafaa-cfd8-4744-a884-70ee3393d6f5", "type_organisme": null, "date_modification": "10/11/2025 17:16:08", "latitude": 48.11402, "longitude": -1.523851, "codes_siren": "213502073,243500659"}, "bbox": [-1.523851, 48.11402, -1.523851, 48.11402]}, {"type": "Feature", "id": "administration.fid--17174f5a_19f2e433d8d_-49e7", "geometry": {"type": "Point", "coordinates": [-1.77259, 48.146758]}, "geometry_name": "geom", "properties": {"id": "bf16ad05-a75c-40a7-a24e-d58188e71431", "nom": "Centre communal d'action sociale (CCAS) - Pacé", "nom_commune": "Pacé", "adresse_principale": "11 Avenue Auguste Brizeux 35740 Pacé", "siret": "26350207200014", "categorie": "Service local", "code_insee": "35210", "horaires": null, "mail": null, "site_internet": "https://www.ville-pace.bzh/mon-quotidien/sante-et-solidarite/le-centre-communal-daction-sociale-ccas/", "telephone": "+33223413012", "url_service_public": "https://lannuaire.service-public.gouv.fr/bretagne/ille-et-vilaine/bf16ad05-a75c-40a7-a24e-d58188e71431", "type_organisme": null, "date_modification": "24/02/2026 08:10:09", "latitude": 48.14676, "longitude": -1.77259, "codes_siren": "213502107,243500139"}, "bbox": [-1.77259, 48.146758, -1.77259, 48.146758]}, {"type": "Feature", "id": "administration.fid--17174f5a_19f2e433d8d_-49e6", "geometry": {"type": "Point", "coordinates": [-1.313141, 48.342532]}, "geometry_name": "geom", "properties": {"id": "7bae3516-f59e-412b-9d03-0d8bd4af2d83", "nom": "Centre communal d'action sociale (CCAS) - Saint-Sauveur-des-Landes", "nom_commune": "Saint-Sauveur-des-Landes", "adresse_principale": "2 Place de l'Eglise 35133 Saint-Sauveur-des-Landes", "siret": "26350290800019", "categorie": "Service local", "code_insee": "35310", "horaires": null, "mail": "communesaintsauveur@wanadoo.fr", "site_internet": "https://www.saint-sauveur-des-landes.fr/page-introuvable/", "telephone": "+33299988135", "url_service_public": "https://lannuaire.service-public.gouv.fr/bretagne/ille-et-vilaine/7bae3516-f59e-412b-9d03-0d8bd4af2d83", "type_organisme": null, "date_modification": "24/02/2026 08:09:56", "latitude": 48.342533, "longitude": -1.313141, "codes_siren": "213503105,200072452"}, "bbox": [-1.313141, 48.342532, -1.313141, 48.342532]}, {"type": "Feature", "id": "administration.fid--17174f5a_19f2e433d8d_-49e5", "geometry": {"type": "Point", "coordinates": [-1.853583, 48.272809]}, "geometry_name": "geom", "properties": {"id": "3acf2e07-355d-413b-bbb1-eb21b362a5a7", "nom": "Centre Local d’Information et de Coordination (CLIC) Noroit - Permanence La Chapelle Chaussée", "nom_commune": "La Chapelle-Chaussée", "adresse_principale": "14 Rue du Lavoir 35630 La Chapelle-Chaussée", "siret": "52391091700013", "categorie": "Service local", "code_insee": "35058", "horaires": null, "mail": "contact@clic.noroit.fr", "site_internet": "https://www.clic-noroit.fr/", "telephone": "+33299354952", "url_service_public": "https://lannuaire.service-public.gouv.fr/bretagne/ille-et-vilaine/3acf2e07-355d-413b-bbb1-eb21b362a5a7", "type_organisme": null, "date_modification": "12/01/2026 14:20:37", "latitude": 48.272808, "longitude": -1.853583, "codes_siren": "213500580,243500139"}, "bbox": [-1.853583, 48.272809, -1.853583, 48.272809]}, {"type": "Feature", "id": "administration.fid--17174f5a_19f2e433d8d_-49e4", "geometry": {"type": "Point", "coordinates": [-1.603042, 48.261418]}, "geometry_name": "geom", "properties": {"id": "278d3150-4159-4811-bf2a-9b9471227e83", "nom": "Centre de protection maternelle et infantile (PMI) - Saint-Aubin-d'Aubigné", "nom_commune": "Saint-Aubin-d'Aubigné", "adresse_principale": "1 rue de l'Étang 35250 Saint-Aubin-d'Aubigné", "siret": null, "categorie": "Service local", "code_insee": "35251", "horaires": "<b>Lundi</b><br>\n13:30 - 17:00<br>\n<b>Mardi - Jeudi</b><br>\n09:00 - 12:30\n13:30 - 17:00<br>\n<b>Vendredi</b><br>\n09:00 - 12:30\n13:30 - 16:30", "mail": "cdas-staubin@ille-et-vilaine.fr", "site_internet": "https://www.ille-et-vilaine.fr/", "telephone": "02 99 02 37 77", "url_service_public": "https://lannuaire.service-public.gouv.fr/bretagne/ille-et-vilaine/278d3150-4159-4811-bf2a-9b9471227e83", "type_organisme": null, "date_modification": "26/03/2025 13:36:09", "latitude": 48.261417, "longitude": -1.603042, "codes_siren": "213502511,243500667"}, "bbox": [-1.603042, 48.261418, -1.603042, 48.261418]}, {"type": "Feature", "id": "administration.fid--17174f5a_19f2e433d8d_-49e3", "geometry": {"type": "Point", "coordinates": [-1.501319, 48.048798]}, "geometry_name": "geom", "properties": {"id": "f8479beb-8ab6-4695-a53c-7f595b3696f9", "nom": "Police municipale - Chateaugiron", "nom_commune": "Chateaugiron", "adresse_principale": "Boulevard  Pierre-et-Julien-Gourdel 35410 Chateaugiron", "siret": null, "categorie": "Service local", "code_insee": "35069", "horaires": null, "mail": "policemunicipale@ville-chateaugiron.fr", "site_internet": null, "telephone": "02 99 37 76 57", "url_service_public": "https://lannuaire.service-public.gouv.fr/bretagne/ille-et-vilaine/f8479beb-8ab6-4695-a53c-7f595b3696f9", "type_organisme": null, "date_modification": "10/11/2025 17:18:33", "latitude": 48.048798, "longitude": -1.501319, "codes_siren": "200064483,243500659"}, "bbox": [-1.501319, 48.048798, -1.501319, 48.048798]}, {"type": "Feature", "id": "administration.fid--17174f5a_19f2e433d8d_-49e2", "geometry": {"type": "Point", "coordinates": [-1.67408, 47.85285]}, "geometry_name": "geom", "properties": {"id": "d8532faa-768c-4a91-8230-d155e9c58c0c", "nom": "Brigade de gendarmerie - Bain-de-Bretagne", "nom_commune": "Bain-de-Bretagne", "adresse_principale": "7 rue La Rose des Vents 35470 Bain-de-Bretagne", "siret": null, "categorie": "Service local", "code_insee": "35012", "horaires": null, "mail": null, "site_internet": "https://www.gendarmerie.interieur.gouv.fr", "telephone": "02 99 43 70 13", "url_service_public": "https://lannuaire.service-public.gouv.fr/bretagne/ille-et-vilaine/d8532faa-768c-4a91-8230-d155e9c58c0c", "type_organisme": null, "date_modification": "24/10/2024 09:12:22", "latitude": 47.85285, "longitude": -1.67408, "codes_siren": "213500127,200070662"}, "bbox": [-1.67408, 47.85285, -1.67408, 47.85285]}, {"type": "Feature", "id": "administration.fid--17174f5a_19f2e433d8d_-49e1", "geometry": {"type": "Point", "coordinates": [-1.67366, 48.111685]}, "geometry_name": "geom", "properties": {"id": "fc791899-20c4-4b9e-aeb2-4f5cd96bc379", "nom": "Police municipale - Rennes", "nom_commune": "Rennes", "adresse_principale": "2 rue Gambetta 35000 Rennes", "siret": null, "categorie": "Service local", "code_insee": "35238", "horaires": null, "mail": null, "site_internet": "https://metropole.rennes.fr/organisations/ville-de-rennes-direction-police-municipale-domaine-public-service-de-la-police-municipale/", "telephone": "02 23 62 25 20", "url_service_public": "https://lannuaire.service-public.gouv.fr/bretagne/ille-et-vilaine/fc791899-20c4-4b9e-aeb2-4f5cd96bc379", "type_organisme": null, "date_modification": "21/11/2025 14:17:08", "latitude": 48.111687, "longitude": -1.6736602, "codes_siren": "213502388,243500139"}, "bbox": [-1.67366, 48.111685, -1.67366, 48.111685]}, {"type": "Feature", "id": "administration.fid--17174f5a_19f2e433d8d_-49e0", "geometry": {"type": "Point", "coordinates": [-1.637307, 48.094569]}, "geometry_name": "geom", "properties": {"id": "1a33f84f-bab2-4dc9-a71d-b322fb6b509e", "nom": "Caisse d'assurance retraite et de la santé au travail (Carsat) - Bretagne", "nom_commune": "Rennes", "adresse_principale": "236 rue de Châteaugiron 35000 Rennes", "siret": null, "categorie": "Service local", "code_insee": "35238", "horaires": null, "mail": null, "site_internet": "https://www.carsat-bretagne.fr/home.html", "telephone": "39 60", "url_service_public": "https://lannuaire.service-public.gouv.fr/bretagne/ille-et-vilaine/1a33f84f-bab2-4dc9-a71d-b322fb6b509e", "type_organisme": null, "date_modification": "09/05/2025 16:14:21", "latitude": 48.09457, "longitude": -1.637307, "codes_siren": "213502388,243500139"}, "bbox": [-1.637307, 48.094569, -1.637307, 48.094569]}, {"type": "Feature", "id": "administration.fid--17174f5a_19f2e433d8d_-49df", "geometry": {"type": "Point", "coordinates": [-1.70171, 48.12137]}, "geometry_name": "geom", "properties": {"id": "17ee2755-ecdc-4961-848d-29628a0e0ebc", "nom": "Dispositif spécifique régional du cancer (DSRC) - Onco Bretagne", "nom_commune": "Rennes", "adresse_principale": "Avenue de la bataille Flandres Dunkerque 35000 Rennes", "siret": "79862724600019", "categorie": "Service institutionnel", "code_insee": "35238", "horaires": null, "mail": "secretariat@oncobretagne.fr", "site_internet": "https://www.oncobretagne.fr/", "telephone": "02 99 25 32 75", "url_service_public": "https://lannuaire.service-public.gouv.fr/bretagne/ille-et-vilaine/17ee2755-ecdc-4961-848d-29628a0e0ebc", "type_organisme": "Association d'utilité publique", "date_modification": "02/03/2026 11:59:17", "latitude": 48.12137, "longitude": -1.70171, "codes_siren": "213502388,243500139"}, "bbox": [-1.70171, 48.12137, -1.70171, 48.12137]}, {"type": "Feature", "id": "administration.fid--17174f5a_19f2e433d8d_-49de", "geometry": {"type": "Point", "coordinates": [-1.930926, 48.284351]}, "geometry_name": "geom", "properties": {"id": "48876f39-0ea8-49be-934c-acbbee129977", "nom": "Mairie - Miniac-sous-Bécherel", "nom_commune": "Miniac-sous-Bécherel", "adresse_principale": "2 place Constant Gendrot 35190 Miniac-sous-Bécherel", "siret": "21350180200010", "categorie": "Service local", "code_insee": "35180", "horaires": "<b>Lundi - Mardi</b><br>\n09:00 - 12:30<br>\n<b>Jeudi - Vendredi</b><br>\n09:00 - 12:30", "mail": "accueil@mairie-miniac-sous-becherel.fr", "site_internet": "https://www.mairie-miniac-sous-becherel.fr", "telephone": "02 99 66 82 71", "url_service_public": "https://lannuaire.service-public.gouv.fr/bretagne/ille-et-vilaine/48876f39-0ea8-49be-934c-acbbee129977", "type_organisme": null, "date_modification": "17/07/2025 10:47:05", "latitude": 48.28435, "longitude": -1.930926, "codes_siren": "213501802,243500139"}, "bbox": [-1.930926, 48.284351, -1.930926, 48.284351]}, {"type": "Feature", "id": "administration.fid--17174f5a_19f2e433d8d_-49dd", "geometry": {"type": "Point", "coordinates": [-1.361405, 48.116847]}, "geometry_name": "geom", "properties": {"id": "91ca12fe-2b23-4443-83d2-3a535d15c17c", "nom": "Centre communal d'action sociale (CCAS) - Saint-Jean-sur-Vilaine", "nom_commune": "Saint-Jean-sur-Vilaine", "adresse_principale": "9 Rue de Rennes 35220 Saint-Jean-sur-Vilaine", "siret": "26350458100012", "categorie": "Service local", "code_insee": "35283", "horaires": null, "mail": "mairie@stjean-vilaine.fr", "site_internet": "https://www.stjean-vilaine.fr/ccas", "telephone": "+33299003255", "url_service_public": "https://lannuaire.service-public.gouv.fr/bretagne/ille-et-vilaine/91ca12fe-2b23-4443-83d2-3a535d15c17c", "type_organisme": null, "date_modification": "24/02/2026 08:10:01", "latitude": 48.116848, "longitude": -1.361405, "codes_siren": "213502834,200039022"}, "bbox": [-1.361405, 48.116847, -1.361405, 48.116847]}, {"type": "Feature", "id": "administration.fid--17174f5a_19f2e433d8d_-49dc", "geometry": {"type": "Point", "coordinates": [-1.811998, 47.970681]}, "geometry_name": "geom", "properties": {"id": "f7614f4b-abf8-4bd6-9520-4effc9da6e68", "nom": "Communauté de communes - Vallons de Haute Bretagne", "nom_commune": "Guichen", "adresse_principale": "12 rue Blaise-Pascal 35580 Guichen", "siret": "20004399000015", "categorie": "Service local", "code_insee": "35126", "horaires": "<b>Lundi - Vendredi</b><br>\n09:00 - 12:30\n13:30 - 17:00", "mail": "accueil@vallonsdehautebretagne.fr", "site_internet": "https://www.vallons-de-haute-bretagne-communaute.fr/", "telephone": "02 99 57 03 80", "url_service_public": "https://lannuaire.service-public.gouv.fr/bretagne/ille-et-vilaine/f7614f4b-abf8-4bd6-9520-4effc9da6e68", "type_organisme": null, "date_modification": "18/12/2024 17:45:47", "latitude": 47.97068, "longitude": -1.8119984, "codes_siren": "213501265,200043990"}, "bbox": [-1.811998, 47.970681, -1.811998, 47.970681]}, {"type": "Feature", "id": "administration.fid--17174f5a_19f2e433d8d_-49db", "geometry": {"type": "Point", "coordinates": [-1.603268, 48.045516]}, "geometry_name": "geom", "properties": {"id": "815822f8-702a-4290-ab0c-7e9b9bc41a05", "nom": "Point information jeunesse - Vern-sur-Seiche", "nom_commune": "Vern-sur-Seiche", "adresse_principale": "Chemin des Marais 35770 Vern-sur-Seiche", "siret": null, "categorie": "Service local", "code_insee": "35352", "horaires": "<b>Mercredi</b><br>\n14:00 - 19:00<br>\n<b>Vendredi</b><br>\n14:00 - 19:00<br>\n<b>Samedi</b><br>\n10:00 - 13:00\n14:00 - 18:00", "mail": "infosjeunes@centredesmarais.asso.fr", "site_internet": "http://www.centredesmarais.asso.fr", "telephone": "02 99 62 18 55", "url_service_public": "https://lannuaire.service-public.gouv.fr/bretagne/ille-et-vilaine/815822f8-702a-4290-ab0c-7e9b9bc41a05", "type_organisme": null, "date_modification": "13/11/2023 13:51:21", "latitude": 48.045517, "longitude": -1.6032683, "codes_siren": "213503527,243500139"}, "bbox": [-1.603268, 48.045516, -1.603268, 48.045516]}, {"type": "Feature", "id": "administration.fid--17174f5a_19f2e433d8d_-49da", "geometry": {"type": "Point", "coordinates": [-1.669825, 48.10452]}, "geometry_name": "geom", "properties": {"id": "5539e09f-038a-402e-a250-4d78c71a1bda", "nom": "Direction spécialisée de contrôle fiscal (DIRCOFI) - Centre-Ouest", "nom_commune": "Rennes", "adresse_principale": "17 boulevard Solférino 35000 Rennes", "siret": "17350801100017", "categorie": "Service institutionnel", "code_insee": "35238", "horaires": null, "mail": "dircofi-centre-ouest@dgfip.finances.gouv.fr", "site_internet": null, "telephone": "02 23 44 82 00", "url_service_public": "https://lannuaire.service-public.gouv.fr/bretagne/ille-et-vilaine/5539e09f-038a-402e-a250-4d78c71a1bda", "type_organisme": "Service déconcentré", "date_modification": "30/12/2025 14:20:51", "latitude": 48.10452, "longitude": -1.669825, "codes_siren": "213502388,243500139"}, "bbox": [-1.669825, 48.10452, -1.669825, 48.10452]}, {"type": "Feature", "id": "administration.fid--17174f5a_19f2e433d8d_-49d9", "geometry": {"type": "Point", "coordinates": [-1.465423, 48.24649]}, "geometry_name": "geom", "properties": {"id": "3ef3e869-b251-4f23-a953-04fc08c5e551", "nom": "Centre communal d'action sociale (CCAS) - Gosne", "nom_commune": "Gosné", "adresse_principale": "Bourg 35140 Gosné", "siret": "26350138900013", "categorie": "Service local", "code_insee": "35121", "horaires": null, "mail": null, "site_internet": null, "telephone": "+33299663208", "url_service_public": "https://lannuaire.service-public.gouv.fr/bretagne/ille-et-vilaine/3ef3e869-b251-4f23-a953-04fc08c5e551", "type_organisme": null, "date_modification": "25/02/2026 15:03:09", "latitude": 48.24649, "longitude": -1.465423, "codes_siren": "213501216,243500774"}, "bbox": [-1.465423, 48.24649, -1.465423, 48.24649]}, {"type": "Feature", "id": "administration.fid--17174f5a_19f2e433d8d_-49d8", "geometry": {"type": "Point", "coordinates": [-1.674129, 48.119568]}, "geometry_name": "geom", "properties": {"id": "278f30d9-1305-4f8f-9d38-9317ba66d3bb", "nom": "Délégué régional à la vie associative (DRVA) - Bretagne", "nom_commune": "Rennes", "adresse_principale": "96 rue d'Antrain 35000 Rennes", "siret": null, "categorie": "Service institutionnel", "code_insee": "35238", "horaires": null, "mail": "ce.drajes@ac-rennes.fr", "site_internet": "https://www.ac-rennes.fr/drajes-bretagne", "telephone": "02 23 21 77 77", "url_service_public": "https://lannuaire.service-public.gouv.fr/bretagne/ille-et-vilaine/278f30d9-1305-4f8f-9d38-9317ba66d3bb", "type_organisme": "Service déconcentré", "date_modification": "10/11/2025 17:21:48", "latitude": 48.119568, "longitude": -1.674129, "codes_siren": "213502388,243500139"}, "bbox": [-1.674129, 48.119568, -1.674129, 48.119568]}, {"type": "Feature", "id": "administration.fid--17174f5a_19f2e433d8d_-49d7", "geometry": {"type": "Point", "coordinates": [-1.68322, 48.1132]}, "geometry_name": "geom", "properties": {"id": "77694587-67ae-4fd8-95b6-07fb445d46cf", "nom": "Unité départementale de l'architecture et du patrimoine (UDAP) - Ille-et-Vilaine", "nom_commune": "Rennes", "adresse_principale": "6 rue du Chapitre 35000 Rennes", "siret": "17350460600018", "categorie": "Service institutionnel", "code_insee": "35238", "horaires": null, "mail": "sdap.ille-et-vilaine@culture.gouv.fr", "site_internet": "https://www.culture.gouv.fr/Regions/Drac-Bretagne/Les-UDAP-de-Bretagne", "telephone": "02 99 29 67 60", "url_service_public": "https://lannuaire.service-public.gouv.fr/bretagne/ille-et-vilaine/77694587-67ae-4fd8-95b6-07fb445d46cf", "type_organisme": "Service déconcentré", "date_modification": "08/07/2025 11:01:15", "latitude": 48.1132, "longitude": -1.68322, "codes_siren": "213502388,243500139"}, "bbox": [-1.68322, 48.1132, -1.68322, 48.1132]}, {"type": "Feature", "id": "administration.fid--17174f5a_19f2e433d8d_-49d6", "geometry": {"type": "Point", "coordinates": [-1.676015, 48.105034]}, "geometry_name": "geom", "properties": {"id": "a5a3249e-c999-4105-87c1-563de31a9b34", "nom": "Direction régionale des douanes - Bretagne", "nom_commune": "Rennes", "adresse_principale": "8 cours des Alliés 35000 Rennes", "siret": null, "categorie": "Service institutionnel", "code_insee": "35238", "horaires": "<b>Lundi - Vendredi</b><br>\n08:30 - 12:30\n13:30 - 17:30", "mail": "dr-bretagne@douane.finances.gouv.fr;ids@douane.finances.gouv.fr", "site_internet": "https://www.douane.gouv.fr", "telephone": "09 70 27 51 39", "url_service_public": "https://lannuaire.service-public.gouv.fr/bretagne/ille-et-vilaine/a5a3249e-c999-4105-87c1-563de31a9b34", "type_organisme": "Service déconcentré", "date_modification": "10/11/2025 17:25:33", "latitude": 48.105034, "longitude": -1.676015, "codes_siren": "213502388,243500139"}, "bbox": [-1.676015, 48.105034, -1.676015, 48.105034]}, {"type": "Feature", "id": "administration.fid--17174f5a_19f2e433d8d_-49d5", "geometry": {"type": "Point", "coordinates": [-1.601494, 48.044569]}, "geometry_name": "geom", "properties": {"id": "4a6cae99-20af-4b3b-a637-118370c978bb", "nom": "Centre Local d'Information et de Coordination (CLIC) Alli'âges - Antenne de Vern Sur Seiche", "nom_commune": "Vern-sur-Seiche", "adresse_principale": "22 Rue de Châteaubriant 35770 Vern-sur-Seiche", "siret": "40011181100032", "categorie": "Service local", "code_insee": "35352", "horaires": null, "mail": "accueil@clic-alliages.fr", "site_internet": "https://www.clic-alliages.fr/", "telephone": "+33299773513", "url_service_public": "https://lannuaire.service-public.gouv.fr/bretagne/ille-et-vilaine/4a6cae99-20af-4b3b-a637-118370c978bb", "type_organisme": null, "date_modification": "12/01/2026 14:20:36", "latitude": 48.044567, "longitude": -1.601494, "codes_siren": "213503527,243500139"}, "bbox": [-1.601494, 48.044569, -1.601494, 48.044569]}, {"type": "Feature", "id": "administration.fid--17174f5a_19f2e433d8d_-49d4", "geometry": {"type": "Point", "coordinates": [-1.603982, 48.118755]}, "geometry_name": "geom", "properties": {"id": "4b083749-e885-432a-a3d5-09f88b4d9b6d", "nom": "Centre Local d’Information et de Coordination (CLIC) Alli'âges", "nom_commune": "Cesson-Sévigné", "adresse_principale": "2 Mail de Bourgchevreuil 35510 Cesson-Sévigné", "siret": "40011181100032", "categorie": "Service local", "code_insee": "35051", "horaires": null, "mail": "accueil@clic-alliages.fr", "site_internet": "https://www.clic-alliages.fr/", "telephone": "+33299773513", "url_service_public": "https://lannuaire.service-public.gouv.fr/bretagne/ille-et-vilaine/4b083749-e885-432a-a3d5-09f88b4d9b6d", "type_organisme": null, "date_modification": "12/01/2026 14:20:36", "latitude": 48.118755, "longitude": -1.603982, "codes_siren": "213500515,243500139"}, "bbox": [-1.603982, 48.118755, -1.603982, 48.118755]}, {"type": "Feature", "id": "administration.fid--17174f5a_19f2e433d8d_-49d3", "geometry": {"type": "Point", "coordinates": [-1.753986, 48.219431]}, "geometry_name": "geom", "properties": {"id": "47228e10-6901-4c29-8d52-5f9ed0e200f6", "nom": "Mairie - La Mézière", "nom_commune": "La Mézière", "adresse_principale": "1 rue de Macéria 35520 La Mézière", "siret": "21350177800012", "categorie": "Service local", "code_insee": "35177", "horaires": "<b>Lundi</b><br>\n08:30 - 12:00\n14:00 - 18:00<br>\n<b>Mardi</b><br>\n08:30 - 12:00\n14:00 - 17:00<br>\n<b>Mercredi</b><br>\n08:30 - 12:00<br>\n<b>Jeudi - Vendredi</b><br>\n08:30 - 12:00\n14:00 - 17:00<br>\n<b>Samedi</b><br>\n09:00 - 12:00", "mail": "mairie@lameziere.fr", "site_internet": "https://www.lameziere.com", "telephone": "02 99 69 33 36", "url_service_public": "https://lannuaire.service-public.gouv.fr/bretagne/ille-et-vilaine/47228e10-6901-4c29-8d52-5f9ed0e200f6", "type_organisme": null, "date_modification": "17/07/2025 10:46:18", "latitude": 48.219433, "longitude": -1.753986, "codes_siren": "213501778,243500667"}, "bbox": [-1.753986, 48.219431, -1.753986, 48.219431]}, {"type": "Feature", "id": "administration.fid--17174f5a_19f2e433d8d_-49d2", "geometry": {"type": "Point", "coordinates": [-1.725985, 47.979592]}, "geometry_name": "geom", "properties": {"id": "a630abdb-89a2-4047-8f16-84836c560728", "nom": "Centre communal d'action sociale (CCAS) - Laillé", "nom_commune": "Laillé", "adresse_principale": "Rue de la Halte 35890 Laillé", "siret": "26350149600016", "categorie": "Service local", "code_insee": "35139", "horaires": null, "mail": "contact@laille.fr", "site_internet": "https://www.laille.fr/", "telephone": "+33299425710", "url_service_public": "https://lannuaire.service-public.gouv.fr/bretagne/ille-et-vilaine/a630abdb-89a2-4047-8f16-84836c560728", "type_organisme": null, "date_modification": "24/02/2026 08:10:04", "latitude": 47.97959, "longitude": -1.725985, "codes_siren": "213501398,243500139"}, "bbox": [-1.725985, 47.979592, -1.725985, 47.979592]}, {"type": "Feature", "id": "administration.fid--17174f5a_19f2e433d8d_-49d1", "geometry": {"type": "Point", "coordinates": [-1.409701, 48.100834]}, "geometry_name": "geom", "properties": {"id": "a2b6f56e-b931-4369-a84f-bd8ff60e5b27", "nom": "Brigade de gendarmerie - Châteaubourg", "nom_commune": "Châteaubourg", "adresse_principale": "10 rue Joseph Cugnot 35220 Châteaubourg", "siret": null, "categorie": "Service local", "code_insee": "35068", "horaires": null, "mail": null, "site_internet": "https://www.gendarmerie.interieur.gouv.fr", "telephone": "02 99 00 31 04", "url_service_public": "https://lannuaire.service-public.gouv.fr/bretagne/ille-et-vilaine/a2b6f56e-b931-4369-a84f-bd8ff60e5b27", "type_organisme": null, "date_modification": "24/10/2024 09:11:35", "latitude": 48.100834, "longitude": -1.409701, "codes_siren": "213500689,200039022"}, "bbox": [-1.409701, 48.100834, -1.409701, 48.100834]}, {"type": "Feature", "id": "administration.fid--17174f5a_19f2e433d8d_-49d0", "geometry": {"type": "Point", "coordinates": [-1.892759, 48.342847]}, "geometry_name": "geom", "properties": {"id": "8e5b2670-9656-4895-b8b1-fe492938a294", "nom": "Centre communal d'action sociale (CCAS) - Trimer", "nom_commune": "Trimer", "adresse_principale": "11 Rue de la Mairie 35190 Trimer", "siret": "21350346900016", "categorie": "Service local", "code_insee": "35346", "horaires": null, "mail": "communedetrimer@orange.fr", "site_internet": null, "telephone": "+33299680078", "url_service_public": "https://lannuaire.service-public.gouv.fr/bretagne/ille-et-vilaine/8e5b2670-9656-4895-b8b1-fe492938a294", "type_organisme": null, "date_modification": "24/02/2026 08:10:00", "latitude": 48.342846, "longitude": -1.892759, "codes_siren": "213503469,243500733"}, "bbox": [-1.892759, 48.342847, -1.892759, 48.342847]}, {"type": "Feature", "id": "administration.fid--17174f5a_19f2e433d8d_-49cf", "geometry": {"type": "Point", "coordinates": [-1.405353, 48.109406]}, "geometry_name": "geom", "properties": {"id": "05abc4f0-0351-493f-9c6f-95bb8229ea13", "nom": "Mairie - Châteaubourg", "nom_commune": "Châteaubourg", "adresse_principale": "5 place de l'Hôtel de Ville 35220 Châteaubourg", "siret": "21350068900251", "categorie": "Service local", "code_insee": "35068", "horaires": "<b>Lundi - Vendredi</b><br>\n08:30 - 12:00\n14:00 - 17:30", "mail": "mairie@chateaubourg.fr", "site_internet": "https://www.chateaubourg.fr", "telephone": "02 99 00 31 47", "url_service_public": "https://lannuaire.service-public.gouv.fr/bretagne/ille-et-vilaine/05abc4f0-0351-493f-9c6f-95bb8229ea13", "type_organisme": null, "date_modification": "05/05/2025 15:30:45", "latitude": 48.109406, "longitude": -1.405353, "codes_siren": "213500689,200039022"}, "bbox": [-1.405353, 48.109406, -1.405353, 48.109406]}, {"type": "Feature", "id": "administration.fid--17174f5a_19f2e433d8d_-49ce", "geometry": {"type": "Point", "coordinates": [-1.718304, 48.154345]}, "geometry_name": "geom", "properties": {"id": "9d3e46fc-8ed0-414a-b39c-333c33833c5e", "nom": "Centre Local d’Information et de Coordination (CLIC) Noroit", "nom_commune": "Montgermont", "adresse_principale": "8 Rue Marin Marie 35760 Montgermont", "siret": "52391091700013", "categorie": "Service local", "code_insee": "35189", "horaires": null, "mail": "contact@clic.noroit.fr", "site_internet": "https://www.clic-noroit.fr/", "telephone": "+33299354952", "url_service_public": "https://lannuaire.service-public.gouv.fr/bretagne/ille-et-vilaine/9d3e46fc-8ed0-414a-b39c-333c33833c5e", "type_organisme": null, "date_modification": "12/01/2026 14:20:37", "latitude": 48.154346, "longitude": -1.718304, "codes_siren": "213501893,243500139"}, "bbox": [-1.718304, 48.154345, -1.718304, 48.154345]}, {"type": "Feature", "id": "administration.fid--17174f5a_19f2e433d8d_-49cd", "geometry": {"type": "Point", "coordinates": [-1.919172, 48.183463]}, "geometry_name": "geom", "properties": {"id": "2dc9e195-9388-4570-9de1-17ca36da0815", "nom": "Mairie - Pleumeleuc", "nom_commune": "Pleumeleuc", "adresse_principale": "14 rue de Rennes 35137 Pleumeleuc", "siret": "21350227100017", "categorie": "Service local", "code_insee": "35227", "horaires": "<b>Lundi - Vendredi</b><br>\n09:00 - 12:00\n14:00 - 17:00<br>\n<b>Samedi</b><br>\n09:00 - 12:00", "mail": "mairie@pleumeleuc.bzh", "site_internet": "https://www.pleumeleuc.bzh/", "telephone": "02 99 06 15 60", "url_service_public": "https://lannuaire.service-public.gouv.fr/bretagne/ille-et-vilaine/2dc9e195-9388-4570-9de1-17ca36da0815", "type_organisme": null, "date_modification": "02/02/2026 15:28:31", "latitude": 48.183464, "longitude": -1.919172, "codes_siren": "213502271,243500550"}, "bbox": [-1.919172, 48.183463, -1.919172, 48.183463]}, {"type": "Feature", "id": "administration.fid--17174f5a_19f2e433d8d_-49cc", "geometry": {"type": "Point", "coordinates": [-1.593701, 48.01404]}, "geometry_name": "geom", "properties": {"id": "8dcc3965-eb1c-47e1-8713-80fac43fbc4a", "nom": "Centre communal d'action sociale (CCAS) - Saint-Armel", "nom_commune": "Saint-Armel", "adresse_principale": "14 Rue de la Mairie 35230 Saint-Armel", "siret": "21350250300013", "categorie": "Service local", "code_insee": "35250", "horaires": null, "mail": "secretariat.viesociale@saint-armel-35.fr", "site_internet": "https://www.saint-armel-35.fr/le-centre-communal-daction-sociale/", "telephone": "+33299627158", "url_service_public": "https://lannuaire.service-public.gouv.fr/bretagne/ille-et-vilaine/8dcc3965-eb1c-47e1-8713-80fac43fbc4a", "type_organisme": null, "date_modification": "24/02/2026 08:10:00", "latitude": 48.01404, "longitude": -1.593701, "codes_siren": "213502503,243500139"}, "bbox": [-1.593701, 48.01404, -1.593701, 48.01404]}, {"type": "Feature", "id": "administration.fid--17174f5a_19f2e433d8d_-49cb", "geometry": {"type": "Point", "coordinates": [-1.787883, 47.905141]}, "geometry_name": "geom", "properties": {"id": "cb407aa0-c2ee-4fba-b2d5-746cf2f662e4", "nom": "Mairie - Saint-Senoux", "nom_commune": "Saint-Senoux", "adresse_principale": "11 rue des Trois-Huchet 35580 Saint-Senoux", "siret": "21350312100013", "categorie": "Service local", "code_insee": "35312", "horaires": "<b>Lundi</b><br>\n08:30 - 12:00<br>\n<b>Mercredi</b><br>\n08:30 - 12:00<br>\n<b>Jeudi</b><br>\n14:00 - 18:00<br>\n<b>Vendredi</b><br>\n08:30 - 12:00", "mail": "contact.mairie@saintsenoux.fr", "site_internet": "https://www.saintsenoux.fr", "telephone": "02 99 57 86 20", "url_service_public": "https://lannuaire.service-public.gouv.fr/bretagne/ille-et-vilaine/cb407aa0-c2ee-4fba-b2d5-746cf2f662e4", "type_organisme": null, "date_modification": "23/05/2025 15:07:57", "latitude": 47.90514, "longitude": -1.787883, "codes_siren": "213503121,200043990"}, "bbox": [-1.787883, 47.905141, -1.787883, 47.905141]}, {"type": "Feature", "id": "administration.fid--17174f5a_19f2e433d8d_-49ca", "geometry": {"type": "Point", "coordinates": [-1.976886, 48.16225]}, "geometry_name": "geom", "properties": {"id": "108e4acc-fa4f-4c9c-9160-36a43945a4f4", "nom": "Mairie - La Nouaye", "nom_commune": "La Nouaye", "adresse_principale": "11 rue du Plessis-Blanc 35137 La Nouaye", "siret": "21350203200013", "categorie": "Service local", "code_insee": "35203", "horaires": "<b>Mardi</b><br>\n09:30 - 12:30\n13:30 - 18:30<br>\n<b>Vendredi</b><br>\n09:30 - 12:30\n13:30 - 17:30<br>\n<b>Samedi</b><br>\n09:30 - 12:30", "mail": "contact@lanouaye.fr", "site_internet": "https://www.lanouaye.fr/", "telephone": "02 99 09 25 35", "url_service_public": "https://lannuaire.service-public.gouv.fr/bretagne/ille-et-vilaine/108e4acc-fa4f-4c9c-9160-36a43945a4f4", "type_organisme": null, "date_modification": "16/07/2025 13:19:19", "latitude": 48.16225, "longitude": -1.976886, "codes_siren": "213502032,243500550"}, "bbox": [-1.976886, 48.16225, -1.976886, 48.16225]}, {"type": "Feature", "id": "administration.fid--17174f5a_19f2e433d8d_-49c9", "geometry": {"type": "Point", "coordinates": [-1.512241, 48.053979]}, "geometry_name": "geom", "properties": {"id": "dee69927-f78d-482b-a80e-0860a72c2b2c", "nom": "Communauté de communes - Pays de Châteaugiron", "nom_commune": "Châteaugiron", "adresse_principale": "16 rue de Rennes 35410 Châteaugiron", "siret": "24350065900129", "categorie": "Service local", "code_insee": "35069", "horaires": "<b>Lundi - Vendredi</b><br>\n08:30 - 12:30\n13:30 - 17:30", "mail": "contact@pcc.bzh", "site_internet": "https://www.communaute.paysdechateaugiron.bzh/", "telephone": "02 99 37 67 68", "url_service_public": "https://lannuaire.service-public.gouv.fr/bretagne/ille-et-vilaine/dee69927-f78d-482b-a80e-0860a72c2b2c", "type_organisme": null, "date_modification": "03/12/2024 10:43:02", "latitude": 48.053978, "longitude": -1.5122409, "codes_siren": "200064483,243500659"}, "bbox": [-1.512241, 48.053979, -1.512241, 48.053979]}, {"type": "Feature", "id": "administration.fid--17174f5a_19f2e433d8d_-49c8", "geometry": {"type": "Point", "coordinates": [-1.986471, 47.891086]}, "geometry_name": "geom", "properties": {"id": "862b98a5-e455-4f72-b31f-3962a6ecabf0", "nom": "Centre communal d'action sociale (CCAS) - Val d'Anast", "nom_commune": "Val d'Anast", "adresse_principale": "11 Rue de Lohéac 35330 Val d'Anast", "siret": "20006449100018", "categorie": "Service local", "code_insee": "35168", "horaires": null, "mail": "accueil@valdanast.fr", "site_internet": "https://www.valdanast.fr/ccas/", "telephone": "+33299349129", "url_service_public": "https://lannuaire.service-public.gouv.fr/bretagne/ille-et-vilaine/862b98a5-e455-4f72-b31f-3962a6ecabf0", "type_organisme": null, "date_modification": "24/02/2026 08:09:58", "latitude": 47.891087, "longitude": -1.986471, "codes_siren": "200064475,200043990"}, "bbox": [-1.986471, 47.891086, -1.986471, 47.891086]}, {"type": "Feature", "id": "administration.fid--17174f5a_19f2e433d8d_-49c7", "geometry": {"type": "Point", "coordinates": [-1.739058, 47.927805]}, "geometry_name": "geom", "properties": {"id": "8d68cde7-fa63-417b-9617-fc5176ac81fc", "nom": "Centre communal d'action sociale (CCAS) - Bourg-des-Comptes", "nom_commune": "Bourg-des-Comptes", "adresse_principale": "3 Rue de la Mairie 35890 Bourg-des-Comptes", "siret": "26350429200016", "categorie": "Service local", "code_insee": "35033", "horaires": null, "mail": "rh@bourgdescomptes.com", "site_internet": "https://www.bourgdescomptes.fr/ccas-2/", "telephone": "+33299056262", "url_service_public": "https://lannuaire.service-public.gouv.fr/bretagne/ille-et-vilaine/8d68cde7-fa63-417b-9617-fc5176ac81fc", "type_organisme": null, "date_modification": "24/02/2026 08:10:00", "latitude": 47.927807, "longitude": -1.739058, "codes_siren": "213500333,200043990"}, "bbox": [-1.739058, 47.927805, -1.739058, 47.927805]}, {"type": "Feature", "id": "administration.fid--17174f5a_19f2e433d8d_-49c6", "geometry": {"type": "Point", "coordinates": [-1.812247, 47.968773]}, "geometry_name": "geom", "properties": {"id": "2d536e8b-123d-42dc-bac3-cad4c0eb997f", "nom": "Espace conseil France Rénov' - Guichen", "nom_commune": "Guichen", "adresse_principale": "12 rue Blaise-Pascal 35580 Guichen", "siret": null, "categorie": "Service local", "code_insee": "35126", "horaires": null, "mail": "habitat@vallonsdehautebretagne.fr", "site_internet": "https://www.vallons-de-haute-bretagne-communaute.fr/actualites/la-maison-de-lhabitat-ouvre-ses-portes-a-partir-du-22-avril/", "telephone": "02 90 71 08 35", "url_service_public": "https://lannuaire.service-public.gouv.fr/bretagne/ille-et-vilaine/2d536e8b-123d-42dc-bac3-cad4c0eb997f", "type_organisme": null, "date_modification": "30/10/2025 11:16:45", "latitude": 47.968773, "longitude": -1.812247, "codes_siren": "213501265,200043990"}, "bbox": [-1.812247, 47.968773, -1.812247, 47.968773]}, {"type": "Feature", "id": "administration.fid--17174f5a_19f2e433d8d_-49c5", "geometry": {"type": "Point", "coordinates": [-1.70713, 48.041035]}, "geometry_name": "geom", "properties": {"id": "8370707d-34dd-4110-99e6-601d0ea4d5a8", "nom": "Police municipale - Chartres-de-Bretagne", "nom_commune": "Chartres-de-Bretagne", "adresse_principale": "Esplanade des Droits-de-l'Homme 35131 Chartres-de-Bretagne", "siret": null, "categorie": "Service local", "code_insee": "35066", "horaires": null, "mail": "police@ville-chartresdebretagne.fr", "site_internet": null, "telephone": null, "url_service_public": "https://lannuaire.service-public.gouv.fr/bretagne/ille-et-vilaine/8370707d-34dd-4110-99e6-601d0ea4d5a8", "type_organisme": null, "date_modification": "10/11/2025 17:13:24", "latitude": 48.041035, "longitude": -1.70713, "codes_siren": "213500663,243500139"}, "bbox": [-1.70713, 48.041035, -1.70713, 48.041035]}, {"type": "Feature", "id": "administration.fid--17174f5a_19f2e433d8d_-49c4", "geometry": {"type": "Point", "coordinates": [-1.660295, 48.134735]}, "geometry_name": "geom", "properties": {"id": "bcf01e3a-8c04-4bdb-bc97-18ca7ce1ff7e", "nom": "Pôle Education, orientation, formation, économie", "nom_commune": "Rennes", "adresse_principale": "283 avenue du Général Patton 35000 Rennes", "siret": null, "categorie": "Service institutionnel", "code_insee": "35238", "horaires": null, "mail": null, "site_internet": "http://www.bretagne.bzh", "telephone": "02 99 27 10 10", "url_service_public": "https://lannuaire.service-public.gouv.fr/bretagne/ille-et-vilaine/bcf01e3a-8c04-4bdb-bc97-18ca7ce1ff7e", "type_organisme": "Collectivité locale", "date_modification": "10/11/2025 17:26:22", "latitude": 48.134735, "longitude": -1.660295, "codes_siren": "213502388,243500139"}, "bbox": [-1.660295, 48.134735, -1.660295, 48.134735]}, {"type": "Feature", "id": "administration.fid--17174f5a_19f2e433d8d_-49c3", "geometry": {"type": "Point", "coordinates": [-1.783218, 48.054308]}, "geometry_name": "geom", "properties": {"id": "a2b8c4c0-26f0-44f1-8aac-118d36ba471c", "nom": "Mairie - Chavagne", "nom_commune": "Chavagne", "adresse_principale": "Rue de l'Avenir 35310 Chavagne", "siret": "21350076200017", "categorie": "Service local", "code_insee": "35076", "horaires": "<b>Lundi</b><br>\n14:00 - 17:30<br>\n<b>Mardi</b><br>\n09:00 - 12:00\n14:00 - 18:00<br>\n<b>Mercredi</b><br>\n09:00 - 12:00<br>\n<b>Jeudi</b><br>\n09:00 - 12:00\n14:00 - 18:00<br>\n<b>Vendredi</b><br>\n09:00 - 12:00\n14:00 - 17:30<br>\n<b>Samedi</b><br>\n09:00 - 12:00", "mail": "mairie@chavagne.fr", "site_internet": "https://www.chavagne.fr", "telephone": "02 99 64 24 11", "url_service_public": "https://lannuaire.service-public.gouv.fr/bretagne/ille-et-vilaine/a2b8c4c0-26f0-44f1-8aac-118d36ba471c", "type_organisme": null, "date_modification": "28/07/2025 11:16:43", "latitude": 48.054306, "longitude": -1.7832178, "codes_siren": "213500762,243500139"}, "bbox": [-1.783218, 48.054308, -1.783218, 48.054308]}, {"type": "Feature", "id": "administration.fid--17174f5a_19f2e433d8d_-49c2", "geometry": {"type": "Point", "coordinates": [-1.95028, 48.1357]}, "geometry_name": "geom", "properties": {"id": "4f29ca3d-64d7-4d3a-97b1-e8d83ccee114", "nom": "Centre de protection maternelle et infantile (PMI) - Montfort-sur-Meu", "nom_commune": "Montfort-sur-Meu", "adresse_principale": "26 boulevard Carnot 35160 Montfort-sur-Meu", "siret": null, "categorie": "Service local", "code_insee": "35188", "horaires": "<b>Lundi</b><br>\n13:30 - 17:00<br>\n<b>Mardi - Jeudi</b><br>\n09:00 - 12:30\n13:30 - 17:00<br>\n<b>Vendredi</b><br>\n09:00 - 12:30\n13:30 - 16:30", "mail": "cdas-broceliande@ille-et-vilaine.fr", "site_internet": "https://www.ille-et-vilaine.fr/", "telephone": "02 22 93 64 00", "url_service_public": "https://lannuaire.service-public.gouv.fr/bretagne/ille-et-vilaine/4f29ca3d-64d7-4d3a-97b1-e8d83ccee114", "type_organisme": null, "date_modification": "26/03/2025 13:28:01", "latitude": 48.1357, "longitude": -1.95028, "codes_siren": "213501885,243500550"}, "bbox": [-1.95028, 48.1357, -1.95028, 48.1357]}, {"type": "Feature", "id": "administration.fid--17174f5a_19f2e433d8d_-49c1", "geometry": {"type": "Point", "coordinates": [-1.755143, 48.119125]}, "geometry_name": "geom", "properties": {"id": "50cf1258-1294-4869-b0ad-8c5c7d9ae793", "nom": "Centre communal d'action sociale (CCAS) - Vezin-le-Coquet", "nom_commune": "Vezin-le-Coquet", "adresse_principale": "8 Rue de Rennes 35132 Vezin-le-Coquet", "siret": "21350353500014", "categorie": "Service local", "code_insee": "35353", "horaires": null, "mail": "mairie@ville-vezinlecoquet.fr", "site_internet": "https://www.ville-vezinlecoquet.fr/aides-sociales/", "telephone": "+33299645278", "url_service_public": "https://lannuaire.service-public.gouv.fr/bretagne/ille-et-vilaine/50cf1258-1294-4869-b0ad-8c5c7d9ae793", "type_organisme": null, "date_modification": "24/02/2026 08:09:50", "latitude": 48.119125, "longitude": -1.755143, "codes_siren": "213503535,243500139"}, "bbox": [-1.755143, 48.119125, -1.755143, 48.119125]}, {"type": "Feature", "id": "administration.fid--17174f5a_19f2e433d8d_-49c0", "geometry": {"type": "Point", "coordinates": [-1.671735, 48.110318]}, "geometry_name": "geom", "properties": {"id": "a59d252c-a959-441e-9377-b7a78f76c684", "nom": "Onisep - Délégation régionale Bretagne", "nom_commune": "Rennes", "adresse_principale": "1 quai Dujardin 35000 Rennes", "siret": "18004302800455", "categorie": "Service institutionnel", "code_insee": "35238", "horaires": null, "mail": null, "site_internet": "http://www.onisep.fr/Pres-de-chez-vous/Bretagne/Rennes", "telephone": "02 99 25 18 00", "url_service_public": "https://lannuaire.service-public.gouv.fr/bretagne/ille-et-vilaine/a59d252c-a959-441e-9377-b7a78f76c684", "type_organisme": "Établissement public", "date_modification": "30/09/2025 08:38:17", "latitude": 48.110317, "longitude": -1.671735, "codes_siren": "213502388,243500139"}, "bbox": [-1.671735, 48.110318, -1.671735, 48.110318]}, {"type": "Feature", "id": "administration.fid--17174f5a_19f2e433d8d_-49bf", "geometry": {"type": "Point", "coordinates": [-1.945717, 48.296583]}, "geometry_name": "geom", "properties": {"id": "24005037-f7f0-4acf-8dab-803a470de182", "nom": "Mairie - Bécherel", "nom_commune": "Bécherel", "adresse_principale": "6 place Tanguy de Kernier 35190 Bécherel", "siret": "21350022600013", "categorie": "Service local", "code_insee": "35022", "horaires": "<b>Lundi - Mardi</b><br>\n10:00 - 12:00<br>\n<b>Mercredi</b><br>\n09:00 - 10:30<br>\n<b>Jeudi</b><br>\n14:00 - 16:30<br>\n<b>Vendredi</b><br>\n10:00 - 12:00", "mail": "contact@becherel.bzh", "site_internet": "https://mairie-de-becherel.bzh", "telephone": "02 99 66 80 55", "url_service_public": "https://lannuaire.service-public.gouv.fr/bretagne/ille-et-vilaine/24005037-f7f0-4acf-8dab-803a470de182", "type_organisme": null, "date_modification": "06/11/2025 10:08:39", "latitude": 48.29658, "longitude": -1.945717, "codes_siren": "213500226,243500139"}, "bbox": [-1.945717, 48.296583, -1.945717, 48.296583]}, {"type": "Feature", "id": "administration.fid--17174f5a_19f2e433d8d_-49be", "geometry": {"type": "Point", "coordinates": [-1.960687, 48.141303]}, "geometry_name": "geom", "properties": {"id": "1e8891a8-a796-47e2-a75d-7ecb10e60006", "nom": "Mairie - Montfort-sur-Meu", "nom_commune": "Montfort-sur-Meu", "adresse_principale": "Boulevard Villebois-Mareuil 35160 Montfort-sur-Meu", "siret": "21350188500015", "categorie": "Service local", "code_insee": "35188", "horaires": "<b>Lundi - Mercredi</b><br>\n09:00 - 12:00\n14:00 - 17:30<br>\n<b>Jeudi</b><br>\n09:00 - 12:00<br>\n<b>Vendredi</b><br>\n09:00 - 12:00\n14:00 - 17:30<br>\n<b>Samedi</b><br>\n09:30 - 12:00", "mail": "accueil@montfort-sur-meu.bzh", "site_internet": "https://www.montfort-sur-meu.bzh", "telephone": "02 99 09 00 17", "url_service_public": "https://lannuaire.service-public.gouv.fr/bretagne/ille-et-vilaine/1e8891a8-a796-47e2-a75d-7ecb10e60006", "type_organisme": null, "date_modification": "18/02/2026 07:29:58", "latitude": 48.141304, "longitude": -1.960687, "codes_siren": "213501885,243500550"}, "bbox": [-1.960687, 48.141303, -1.960687, 48.141303]}, {"type": "Feature", "id": "administration.fid--17174f5a_19f2e433d8d_-49bd", "geometry": {"type": "Point", "coordinates": [-1.68246, 48.1049]}, "geometry_name": "geom", "properties": {"id": "9d5eb9c6-0802-4806-a214-9aad8427ca78", "nom": "Direction du cabinet (ARS) - Bretagne", "nom_commune": "Rennes", "adresse_principale": "6 place des Colombes 35000 Rennes", "siret": null, "categorie": "Service institutionnel", "code_insee": "35238", "horaires": null, "mail": "ars-bretagne-contact@ars.sante.fr", "site_internet": "https://www.bretagne.ars.sante.fr/", "telephone": "02 90 08 80 00", "url_service_public": "https://lannuaire.service-public.gouv.fr/bretagne/ille-et-vilaine/9d5eb9c6-0802-4806-a214-9aad8427ca78", "type_organisme": "Établissement public", "date_modification": "22/09/2025 10:34:08", "latitude": 48.1049, "longitude": -1.68246, "codes_siren": "213502388,243500139"}, "bbox": [-1.68246, 48.1049, -1.68246, 48.1049]}, {"type": "Feature", "id": "administration.fid--17174f5a_19f2e433d8d_-49bc", "geometry": {"type": "Point", "coordinates": [-1.44713, 48.342111]}, "geometry_name": "geom", "properties": {"id": "880381d3-adca-41e2-a4bf-c4d7cebeb94b", "nom": "Centre communal d'action sociale (CCAS) - Saint-Christophe-de-Valains", "nom_commune": "Saint-Christophe-de-Valains", "adresse_principale": "2 Rue des Ecoles 35140 Saint-Christophe-de-Valains", "siret": "21350261000016", "categorie": "Service local", "code_insee": "35261", "horaires": null, "mail": "saintchristophedevalains@wanadoo.fr", "site_internet": "https://saintchristophedevalains.fr/", "telephone": "+33299393516", "url_service_public": "https://lannuaire.service-public.gouv.fr/bretagne/ille-et-vilaine/880381d3-adca-41e2-a4bf-c4d7cebeb94b", "type_organisme": null, "date_modification": "24/02/2026 08:09:59", "latitude": 48.34211, "longitude": -1.44713, "codes_siren": "213502610,200072452"}, "bbox": [-1.44713, 48.342111, -1.44713, 48.342111]}, {"type": "Feature", "id": "administration.fid--17174f5a_19f2e433d8d_-49bb", "geometry": {"type": "Point", "coordinates": [-1.442775, 47.882277]}, "geometry_name": "geom", "properties": {"id": "37af9062-ef89-4a51-a31d-f86d55c22396", "nom": "Mairie - Coësmes", "nom_commune": "Coësmes", "adresse_principale": "14 rue Haute 35134 Coësmes", "siret": "21350082000013", "categorie": "Service local", "code_insee": "35082", "horaires": "<b>Lundi</b><br>\n09:00 - 12:30<br>\n<b>Mardi</b><br>\n09:00 - 12:30\n14:00 - 18:00<br>\n<b>Mercredi - Vendredi</b><br>\n09:00 - 12:30<br>\n<b>Samedi</b><br>\n10:00 - 12:00", "mail": "mairie.coesmes@coesmes.bzh", "site_internet": "https://www.coesmes.fr", "telephone": "02 99 47 72 04", "url_service_public": "https://lannuaire.service-public.gouv.fr/bretagne/ille-et-vilaine/37af9062-ef89-4a51-a31d-f86d55c22396", "type_organisme": null, "date_modification": "17/07/2025 09:48:12", "latitude": 47.88228, "longitude": -1.442775, "codes_siren": "213500820,243500634"}, "bbox": [-1.442775, 47.882277, -1.442775, 47.882277]}, {"type": "Feature", "id": "administration.fid--17174f5a_19f2e433d8d_-49ba", "geometry": {"type": "Point", "coordinates": [-1.680064, 48.111346]}, "geometry_name": "geom", "properties": {"id": "0c1addd7-83f0-4307-be56-fbecca60b81c", "nom": "Mairie - Rennes", "nom_commune": "Rennes", "adresse_principale": "Place de la mairie 35000 Rennes", "siret": "21350238800019", "categorie": "Service local", "code_insee": "35238", "horaires": "<b>Lundi - Vendredi</b><br>\n08:30 - 17:00", "mail": "ville.rennes@ville-rennes.fr", "site_internet": "https://metropole.rennes.fr", "telephone": "02 23 62 10 10", "url_service_public": "https://lannuaire.service-public.gouv.fr/bretagne/ille-et-vilaine/0c1addd7-83f0-4307-be56-fbecca60b81c", "type_organisme": null, "date_modification": "05/05/2025 15:31:00", "latitude": 48.111347, "longitude": -1.680064, "codes_siren": "213502388,243500139"}, "bbox": [-1.680064, 48.111346, -1.680064, 48.111346]}, {"type": "Feature", "id": "administration.fid--17174f5a_19f2e433d8d_-49b9", "geometry": {"type": "Point", "coordinates": [-1.769976, 48.143739]}, "geometry_name": "geom", "properties": {"id": "59f71c69-141d-4171-b5eb-9701d9d4b897", "nom": "Centre Local d’Information et de Coordination (CLIC) Noroit - Permanence Pacé", "nom_commune": "Pacé", "adresse_principale": "4 Boulevard Patrice Dumaine de la Josserie 35740 Pacé", "siret": "52391091700013", "categorie": "Service local", "code_insee": "35210", "horaires": null, "mail": "contact@clic.noroit.fr", "site_internet": "https://www.clic-noroit.fr/", "telephone": "+33299354952", "url_service_public": "https://lannuaire.service-public.gouv.fr/bretagne/ille-et-vilaine/59f71c69-141d-4171-b5eb-9701d9d4b897", "type_organisme": null, "date_modification": "12/01/2026 14:20:37", "latitude": 48.143738, "longitude": -1.769976, "codes_siren": "213502107,243500139"}, "bbox": [-1.769976, 48.143739, -1.769976, 48.143739]}, {"type": "Feature", "id": "administration.fid--17174f5a_19f2e433d8d_-49b8", "geometry": {"type": "Point", "coordinates": [-1.707158, 48.040996]}, "geometry_name": "geom", "properties": {"id": "4cd8f8fc-3423-42b4-a324-919f698f7abc", "nom": "Mairie - Chartres-de-Bretagne", "nom_commune": "Chartres-de-Bretagne", "adresse_principale": "Esplanade des Droits-de-l'Homme 35131 Chartres-de-Bretagne", "siret": "21350066300017", "categorie": "Service local", "code_insee": "35066", "horaires": "<b>Lundi</b><br>\n09:00 - 12:30\n14:00 - 18:00<br>\n<b>Mardi</b><br>\n09:00 - 12:30<br>\n<b>Mercredi - Vendredi</b><br>\n09:00 - 12:30\n14:00 - 18:00<br>\n<b>Samedi</b><br>\n10:00 - 12:00", "mail": "commune@ville-chartresdebretagne.fr", "site_internet": "https://www.chartresdebretagne.fr", "telephone": "02 99 77 13 00", "url_service_public": "https://lannuaire.service-public.gouv.fr/bretagne/ille-et-vilaine/4cd8f8fc-3423-42b4-a324-919f698f7abc", "type_organisme": null, "date_modification": "05/05/2025 15:32:32", "latitude": 48.040997, "longitude": -1.707158, "codes_siren": "213500663,243500139"}, "bbox": [-1.707158, 48.040996, -1.707158, 48.040996]}, {"type": "Feature", "id": "administration.fid--17174f5a_19f2e433d8d_-49b7", "geometry": {"type": "Point", "coordinates": [-1.584654, 47.914465]}, "geometry_name": "geom", "properties": {"id": "aa5bfc51-62e1-4d53-ab33-85e0b740419c", "nom": "Mairie - Saulnières", "nom_commune": "Saulnières", "adresse_principale": "29 rue Saint Martin 35320 Saulnières", "siret": "21350321200077", "categorie": "Service local", "code_insee": "35321", "horaires": "<b>Lundi - Mardi</b><br>\n14:00 - 17:00<br>\n<b>Mercredi</b><br>\n09:00 - 12:00\n14:00 - 17:00<br>\n<b>Vendredi</b><br>\n09:00 - 12:00\n14:00 - 17:00<br>\n<b>Samedi</b><br>\n10:00 - 12:00", "mail": "mairie@saulnieres35.fr", "site_internet": "https://www.saulnieres35.fr/", "telephone": "02 99 44 60 03", "url_service_public": "https://lannuaire.service-public.gouv.fr/bretagne/ille-et-vilaine/aa5bfc51-62e1-4d53-ab33-85e0b740419c", "type_organisme": null, "date_modification": "28/07/2025 11:34:15", "latitude": 47.914467, "longitude": -1.584654, "codes_siren": "213503212,200070662"}, "bbox": [-1.584654, 47.914465, -1.584654, 47.914465]}, {"type": "Feature", "id": "administration.fid--17174f5a_19f2e433d8d_-49b6", "geometry": {"type": "Point", "coordinates": [-1.696794, 48.104704]}, "geometry_name": "geom", "properties": {"id": "f3f2e7a0-979a-4970-b109-141e703d94be", "nom": "Point-justice du restaurant social « Le Perdit » de Rennes", "nom_commune": "RENNES", "adresse_principale": "5 rue Clémence Royer 35000 RENNES", "siret": null, "categorie": "Service local", "code_insee": "35238", "horaires": null, "mail": "aidejuridiqueurgence@free.fr", "site_internet": "https://www.cdad-ca-rennes.fr/", "telephone": "02 99 51 48 31", "url_service_public": "https://lannuaire.service-public.gouv.fr/bretagne/ille-et-vilaine/f3f2e7a0-979a-4970-b109-141e703d94be", "type_organisme": null, "date_modification": "03/10/2025 04:36:24", "latitude": 48.104706, "longitude": -1.696794, "codes_siren": "213502388,243500139"}, "bbox": [-1.696794, 48.104704, -1.696794, 48.104704]}, {"type": "Feature", "id": "administration.fid--17174f5a_19f2e433d8d_-49b5", "geometry": {"type": "Point", "coordinates": [-1.674855, 48.106924]}, "geometry_name": "geom", "properties": {"id": "bdec6702-3515-4e39-934a-0f32e04d455d", "nom": "Service de la publicité foncière (SPF) - Rennes", "nom_commune": "Rennes", "adresse_principale": "2 boulevard Magenta 35000 Rennes", "siret": null, "categorie": "Service local", "code_insee": "35238", "horaires": "<b>Lundi - Mardi</b><br>\n08:30 - 12:00\n13:30 - 16:00<br>\n<b>Mercredi</b><br>\n08:30 - 12:00<br>\n<b>Jeudi</b><br>\n08:30 - 12:00\n13:30 - 16:00<br>\n<b>Vendredi</b><br>\n08:30 - 12:00", "mail": "spf.rennes1@dgfip.finances.gouv.fr", "site_internet": "https://www.impots.gouv.fr/accueil", "telephone": "02 99 29 37 74", "url_service_public": "https://lannuaire.service-public.gouv.fr/bretagne/ille-et-vilaine/bdec6702-3515-4e39-934a-0f32e04d455d", "type_organisme": null, "date_modification": "11/09/2024 13:14:01", "latitude": 48.106922, "longitude": -1.674855, "codes_siren": "213502388,243500139"}, "bbox": [-1.674855, 48.106924, -1.674855, 48.106924]}, {"type": "Feature", "id": "administration.fid--17174f5a_19f2e433d8d_-49b4", "geometry": {"type": "Point", "coordinates": [-1.698249, 48.126017]}, "geometry_name": "geom", "properties": {"id": "dc3ed23a-6fa1-4f4a-a208-98d0e8151cfc", "nom": "Maison départementale des personnes handicapées (MDPH) - Ille-et-Vilaine", "nom_commune": "Rennes", "adresse_principale": "13 avenue de Cucillé 35030 Rennes", "siret": null, "categorie": "Service local", "code_insee": "35238", "horaires": "<b>Lundi</b><br>\n13:30 - 17:00<br>\n<b>Mardi - Jeudi</b><br>\n09:00 - 12:30\n13:30 - 17:00<br>\n<b>Vendredi</b><br>\n09:00 - 12:30\n13:30 - 16:00", "mail": "contact@mdph35.fr", "site_internet": "http://www.mdph35.fr", "telephone": "08 00 35 35 05", "url_service_public": "https://lannuaire.service-public.gouv.fr/bretagne/ille-et-vilaine/dc3ed23a-6fa1-4f4a-a208-98d0e8151cfc", "type_organisme": null, "date_modification": "14/02/2025 15:36:23", "latitude": 48.12602, "longitude": -1.698249, "codes_siren": "213502388,243500139"}, "bbox": [-1.698249, 48.126017, -1.698249, 48.126017]}, {"type": "Feature", "id": "administration.fid--17174f5a_19f2e433d8d_-49b3", "geometry": {"type": "Point", "coordinates": [-1.715811, 48.155567]}, "geometry_name": "geom", "properties": {"id": "ff29bdcd-2028-43cc-b230-c370ba4bcfb3", "nom": "Centre communal d'action sociale (CCAS) - Montgermont", "nom_commune": "Montgermont", "adresse_principale": "Place Jane Beusnel 35760 Montgermont", "siret": "21350189300019", "categorie": "Service local", "code_insee": "35189", "horaires": null, "mail": "mairie@ville-montgermont.fr", "site_internet": "https://www.ville-montgermont.fr/se-faire-aider/ccas/", "telephone": "+33299688388", "url_service_public": "https://lannuaire.service-public.gouv.fr/bretagne/ille-et-vilaine/ff29bdcd-2028-43cc-b230-c370ba4bcfb3", "type_organisme": null, "date_modification": "24/02/2026 08:10:19", "latitude": 48.155567, "longitude": -1.715811, "codes_siren": "213501893,243500139"}, "bbox": [-1.715811, 48.155567, -1.715811, 48.155567]}, {"type": "Feature", "id": "administration.fid--17174f5a_19f2e433d8d_-49b2", "geometry": {"type": "Point", "coordinates": [-1.50112, 48.04915]}, "geometry_name": "geom", "properties": {"id": "0929404f-360c-45f1-ba4e-37a94e06d1b4", "nom": "Brigade de gendarmerie - Châteaugiron", "nom_commune": "Châteaugiron", "adresse_principale": "16 boulevard Pierre et Julien Gourdel 35410 Châteaugiron", "siret": null, "categorie": "Service local", "code_insee": "35069", "horaires": null, "mail": null, "site_internet": "https://www.gendarmerie.interieur.gouv.fr", "telephone": "02 99 37 40 09", "url_service_public": "https://lannuaire.service-public.gouv.fr/bretagne/ille-et-vilaine/0929404f-360c-45f1-ba4e-37a94e06d1b4", "type_organisme": null, "date_modification": "24/10/2024 09:09:10", "latitude": 48.04915, "longitude": -1.50112, "codes_siren": "200064483,243500659"}, "bbox": [-1.50112, 48.04915, -1.50112, 48.04915]}, {"type": "Feature", "id": "administration.fid--17174f5a_19f2e433d8d_-49b1", "geometry": {"type": "Point", "coordinates": [-1.475983, 48.005139]}, "geometry_name": "geom", "properties": {"id": "4e8e2f8c-d3fd-4333-ba81-dd40268161b5", "nom": "Mairie - Amanlis", "nom_commune": "Amanlis", "adresse_principale": "1 place Centrale 35150 Amanlis", "siret": "21350002800013", "categorie": "Service local", "code_insee": "35002", "horaires": "<b>Lundi - Samedi</b><br>\n08:30 - 12:30", "mail": "secretariat@mairie-amanlis.fr", "site_internet": "https://www.amanlis.fr", "telephone": "02 99 44 44 98", "url_service_public": "https://lannuaire.service-public.gouv.fr/bretagne/ille-et-vilaine/4e8e2f8c-d3fd-4333-ba81-dd40268161b5", "type_organisme": null, "date_modification": "18/09/2025 11:06:39", "latitude": 48.00514, "longitude": -1.475983, "codes_siren": "213500028,243500634"}, "bbox": [-1.475983, 48.005139, -1.475983, 48.005139]}, {"type": "Feature", "id": "administration.fid--17174f5a_19f2e433d8d_-49b0", "geometry": {"type": "Point", "coordinates": [-1.746361, 48.024252]}, "geometry_name": "geom", "properties": {"id": "0947bec0-ee1d-490d-b0e0-9a8c8a5f580b", "nom": "Mairie - Bruz", "nom_commune": "Bruz", "adresse_principale": "12 place du Docteur Joly 35170 Bruz", "siret": "21350047300011", "categorie": "Service local", "code_insee": "35047", "horaires": "<b>Lundi - Vendredi</b><br>\n08:30 - 12:00\n14:00 - 17:30<br>\n<b>Samedi</b><br>\n08:30 - 12:00", "mail": "mairie@ville-bruz.fr", "site_internet": "https://www.ville-bruz.fr", "telephone": "02 99 05 86 86", "url_service_public": "https://lannuaire.service-public.gouv.fr/bretagne/ille-et-vilaine/0947bec0-ee1d-490d-b0e0-9a8c8a5f580b", "type_organisme": null, "date_modification": "16/07/2025 10:36:30", "latitude": 48.024254, "longitude": -1.746361, "codes_siren": "213500473,243500139"}, "bbox": [-1.746361, 48.024252, -1.746361, 48.024252]}, {"type": "Feature", "id": "administration.fid--17174f5a_19f2e433d8d_-49af", "geometry": {"type": "Point", "coordinates": [-1.601494, 48.044567]}, "geometry_name": "geom", "properties": {"id": "d071399e-bca1-460b-a63d-8037fb65966d", "nom": "Police municipale - Vern-sur-Seiche", "nom_commune": "Vern-sur-Seiche", "adresse_principale": "22 rue de Châteaubriand 35770 Vern-sur-Seiche", "siret": null, "categorie": "Service local", "code_insee": "35352", "horaires": null, "mail": "police.municipale@versnsurseiche.fr", "site_internet": null, "telephone": "02 99 04 82 15", "url_service_public": "https://lannuaire.service-public.gouv.fr/bretagne/ille-et-vilaine/d071399e-bca1-460b-a63d-8037fb65966d", "type_organisme": null, "date_modification": "10/11/2025 17:16:49", "latitude": 48.044567, "longitude": -1.601494, "codes_siren": "213503527,243500139"}, "bbox": [-1.601494, 48.044567, -1.601494, 48.044567]}, {"type": "Feature", "id": "administration.fid--17174f5a_19f2e433d8d_-49ae", "geometry": {"type": "Point", "coordinates": [-1.674662, 48.101864]}, "geometry_name": "geom", "properties": {"id": "abec373a-cc79-4abd-94a2-9b4d75cbf895", "nom": "Direction interrégionale des services pénitentiaires Grand-Ouest - Rennes", "nom_commune": "Rennes", "adresse_principale": "18 bis rue de Châtillon 35000 Rennes", "siret": "17350120600010", "categorie": "Service institutionnel", "code_insee": "35238", "horaires": null, "mail": "sve.disp-rennes@justice.fr", "site_internet": null, "telephone": "02 99 26 89 00", "url_service_public": "https://lannuaire.service-public.gouv.fr/bretagne/ille-et-vilaine/abec373a-cc79-4abd-94a2-9b4d75cbf895", "type_organisme": "Service déconcentré", "date_modification": "12/12/2025 15:46:06", "latitude": 48.101864, "longitude": -1.674662, "codes_siren": "213502388,243500139"}, "bbox": [-1.674662, 48.101864, -1.674662, 48.101864]}, {"type": "Feature", "id": "administration.fid--17174f5a_19f2e433d8d_-49ad", "geometry": {"type": "Point", "coordinates": [-1.709852, 48.127019]}, "geometry_name": "geom", "properties": {"id": "977646e7-ebef-4a4e-8770-37fbb8b0ce1e", "nom": "Centre national de la recherche scientifique (CNRS) - Délégation Bretagne et Pays de la Loire", "nom_commune": "Rennes", "adresse_principale": "1 rue André et Yvonne Meynier 35000 Rennes", "siret": null, "categorie": "Service institutionnel", "code_insee": "35238", "horaires": "<b>Lundi - Vendredi</b><br>\n09:00 - 12:00\n14:00 - 17:00", "mail": null, "site_internet": "https://www.bretagne-pays-de-la-loire.cnrs.fr/fr", "telephone": "02 99 28 68 68", "url_service_public": "https://lannuaire.service-public.gouv.fr/bretagne/ille-et-vilaine/977646e7-ebef-4a4e-8770-37fbb8b0ce1e", "type_organisme": "Établissement public", "date_modification": "18/12/2024 17:40:12", "latitude": 48.127018, "longitude": -1.709852, "codes_siren": "213502388,243500139"}, "bbox": [-1.709852, 48.127019, -1.709852, 48.127019]}, {"type": "Feature", "id": "administration.fid--17174f5a_19f2e433d8d_-49ac", "geometry": {"type": "Point", "coordinates": [-1.678254, 48.09446]}, "geometry_name": "geom", "properties": {"id": "a439f2bc-c141-4bcc-b76f-efccc5ef07fd", "nom": "Gendarmerie - Peloton motorisé - Rennes", "nom_commune": "Rennes", "adresse_principale": "85 boulevard Clemenceau 35000 Rennes", "siret": null, "categorie": "Service local", "code_insee": "35238", "horaires": null, "mail": null, "site_internet": "https://www.gendarmerie.interieur.gouv.fr", "telephone": "02 99 32 53 14", "url_service_public": "https://lannuaire.service-public.gouv.fr/bretagne/ille-et-vilaine/a439f2bc-c141-4bcc-b76f-efccc5ef07fd", "type_organisme": null, "date_modification": "24/10/2024 09:15:59", "latitude": 48.09446, "longitude": -1.678254, "codes_siren": "213502388,243500139"}, "bbox": [-1.678254, 48.09446, -1.678254, 48.09446]}, {"type": "Feature", "id": "administration.fid--17174f5a_19f2e433d8d_-49ab", "geometry": {"type": "Point", "coordinates": [-1.717611, 48.117337]}, "geometry_name": "geom", "properties": {"id": "741d8dc8-f269-4fac-910b-4f69522a8924", "nom": "Commission départementale de conciliation - llle-et-Vilaine - Baux commerciaux", "nom_commune": "Rennes", "adresse_principale": "12 rue Maurice Fabre 35000 Rennes", "siret": null, "categorie": "Service local", "code_insee": "35238", "horaires": "<b>Lundi - Jeudi</b><br>\n08:30 - 12:15\n13:45 - 16:30<br>\n<b>Vendredi</b><br>\n08:30 - 12:15\n13:45 - 16:00", "mail": "ddtm-commission-conciliation@ille-et-vilaine.gouv.fr;ddtm@ille-et-vilaine.gouv.fr", "site_internet": "https://www.ille-et-vilaine.gouv.fr/", "telephone": "02 90 02 32 00", "url_service_public": "https://lannuaire.service-public.gouv.fr/bretagne/ille-et-vilaine/741d8dc8-f269-4fac-910b-4f69522a8924", "type_organisme": null, "date_modification": "03/01/2024 10:00:08", "latitude": 48.117336, "longitude": -1.717611, "codes_siren": "213502388,243500139"}, "bbox": [-1.717611, 48.117337, -1.717611, 48.117337]}, {"type": "Feature", "id": "administration.fid--17174f5a_19f2e433d8d_-49aa", "geometry": {"type": "Point", "coordinates": [-1.429041, 47.920228]}, "geometry_name": "geom", "properties": {"id": "827805d3-b527-4024-b453-512bdacae2b4", "nom": "Centre communal d'action sociale (CCAS) - Le Theil-de-Bretagne", "nom_commune": "Le Theil-de-Bretagne", "adresse_principale": "2 Place de l’Église 35240 Le Theil-de-Bretagne", "siret": "26350305400011", "categorie": "Service local", "code_insee": "35333", "horaires": null, "mail": "mairie.letheildebretagne@wanadoo.fr", "site_internet": "https://letheildebretagne.fr/?Le-CCAS-Centre-Communal-d-Action-Sociale", "telephone": "+33299477407", "url_service_public": "https://lannuaire.service-public.gouv.fr/bretagne/ille-et-vilaine/827805d3-b527-4024-b453-512bdacae2b4", "type_organisme": null, "date_modification": "24/02/2026 08:09:58", "latitude": 47.920227, "longitude": -1.429041, "codes_siren": "213503337,243500634"}, "bbox": [-1.429041, 47.920228, -1.429041, 47.920228]}, {"type": "Feature", "id": "administration.fid--17174f5a_19f2e433d8d_-49a9", "geometry": {"type": "Point", "coordinates": [-1.678243, 48.094177]}, "geometry_name": "geom", "properties": {"id": "9c8fae5d-c085-4828-89ef-9e7070fec750", "nom": "Centre d'information et de recrutement (CIR) de la gendarmerie nationale - Rennes", "nom_commune": "Rennes", "adresse_principale": "85 boulevard Georges-Clemenceau 35000 Rennes", "siret": null, "categorie": "Service local", "code_insee": "35238", "horaires": "<b>Lundi - Vendredi</b><br>\n08:00 - 12:00\n14:00 - 18:00", "mail": null, "site_internet": "https://www.gendarmerie.interieur.gouv.fr/recrutement/contact/centre-d-information-et-de-recrutement-de-rennes", "telephone": "02 99 32 52 90", "url_service_public": "https://lannuaire.service-public.gouv.fr/bretagne/ille-et-vilaine/9c8fae5d-c085-4828-89ef-9e7070fec750", "type_organisme": null, "date_modification": "10/08/2023 10:05:16", "latitude": 48.094177, "longitude": -1.678243, "codes_siren": "213502388,243500139"}, "bbox": [-1.678243, 48.094177, -1.678243, 48.094177]}, {"type": "Feature", "id": "administration.fid--17174f5a_19f2e433d8d_-49a8", "geometry": {"type": "Point", "coordinates": [-1.692618, 48.126741]}, "geometry_name": "geom", "properties": {"id": "4cd360b5-5428-4ce9-af9c-76ba99bb8fa9", "nom": "Chambre de commerce et d'industrie (CCI) 35 - Ille-et-Vilaine - Siège de Rennes", "nom_commune": "Rennes", "adresse_principale": "2 avenue de la Préfecture 35000 Rennes", "siret": "18350004000070", "categorie": "Service local", "code_insee": "35238", "horaires": "<b>Lundi - Jeudi</b><br>\n08:30 - 12:30\n13:45 - 17:30<br>\n<b>Vendredi</b><br>\n08:30 - 12:30\n13:45 - 16:30", "mail": "infoplus@ille-et-vilaine.cci.fr", "site_internet": "https://www.bretagne.cci.fr/ille-et-vilaine", "telephone": "02 99 33 66 66", "url_service_public": "https://lannuaire.service-public.gouv.fr/bretagne/ille-et-vilaine/4cd360b5-5428-4ce9-af9c-76ba99bb8fa9", "type_organisme": null, "date_modification": "04/04/2025 10:03:27", "latitude": 48.12674, "longitude": -1.692618, "codes_siren": "213502388,243500139"}, "bbox": [-1.692618, 48.126741, -1.692618, 48.126741]}, {"type": "Feature", "id": "administration.fid--17174f5a_19f2e433d8d_-49a7", "geometry": {"type": "Point", "coordinates": [-1.872632, 48.105851]}, "geometry_name": "geom", "properties": {"id": "e6092469-f4b1-4aa1-818f-b0311de12be1", "nom": "Mairie - Cintré", "nom_commune": "Cintré", "adresse_principale": "7 place du Chêne Vert 35310 Cintré", "siret": "21350080400108", "categorie": "Service local", "code_insee": "35080", "horaires": "<b>Lundi</b><br>\n13:30 - 18:00<br>\n<b>Mardi</b><br>\n09:00 - 12:00\n13:30 - 17:30<br>\n<b>Mercredi</b><br>\n13:30 - 18:00<br>\n<b>Jeudi - Vendredi</b><br>\n09:00 - 12:00\n13:30 - 17:30<br>\n<b>Samedi</b><br>\n10:00 - 12:00", "mail": "mairie.cintre@ville-cintre.fr", "site_internet": "https://www.ville-cintre.fr", "telephone": "02 99 64 16 31", "url_service_public": "https://lannuaire.service-public.gouv.fr/bretagne/ille-et-vilaine/e6092469-f4b1-4aa1-818f-b0311de12be1", "type_organisme": null, "date_modification": "05/05/2025 15:35:21", "latitude": 48.10585, "longitude": -1.872632, "codes_siren": "213500804,243500139"}, "bbox": [-1.872632, 48.105851, -1.872632, 48.105851]}, {"type": "Feature", "id": "administration.fid--17174f5a_19f2e433d8d_-49a6", "geometry": {"type": "Point", "coordinates": [-1.629354, 48.096927]}, "geometry_name": "geom", "properties": {"id": "2a1e5438-2c18-4a94-b55a-b2254ba7f716", "nom": "Agence France Travail RENNES EST", "nom_commune": "Rennes", "adresse_principale": "22 Rue du Bignon 35000 Rennes", "siret": "13000548119812", "categorie": "Service local", "code_insee": "35238", "horaires": "<b>Lundi - Vendredi</b><br>\n08:30 - 12:30", "mail": null, "site_internet": "https://www.francetravail.fr/accueil/", "telephone": "3949", "url_service_public": "https://lannuaire.service-public.gouv.fr/bretagne/ille-et-vilaine/2a1e5438-2c18-4a94-b55a-b2254ba7f716", "type_organisme": null, "date_modification": "05/03/2026 22:31:45", "latitude": 48.096928, "longitude": -1.629354, "codes_siren": "213502388,243500139"}, "bbox": [-1.629354, 48.096927, -1.629354, 48.096927]}, {"type": "Feature", "id": "administration.fid--17174f5a_19f2e433d8d_-49a5", "geometry": {"type": "Point", "coordinates": [-1.590364, 48.293594]}, "geometry_name": "geom", "properties": {"id": "7e4f4df1-0325-4de1-973e-d506cfc3d748", "nom": "Mairie - Andouillé-Neuville", "nom_commune": "Andouillé-Neuville", "adresse_principale": "1 place des Croisettes 35250 Andouillé-Neuville", "siret": "21350003600016", "categorie": "Service local", "code_insee": "35003", "horaires": "<b>Lundi - Vendredi</b><br>\n08:30 - 12:30", "mail": "mairieandouilleneuville@gmail.com", "site_internet": "https://andouille-neuville.fr/", "telephone": "02 99 55 21 05", "url_service_public": "https://lannuaire.service-public.gouv.fr/bretagne/ille-et-vilaine/7e4f4df1-0325-4de1-973e-d506cfc3d748", "type_organisme": null, "date_modification": "18/07/2025 11:16:45", "latitude": 48.293594, "longitude": -1.590364, "codes_siren": "213500036,243500667"}, "bbox": [-1.590364, 48.293594, -1.590364, 48.293594]}, {"type": "Feature", "id": "administration.fid--17174f5a_19f2e433d8d_-49a4", "geometry": {"type": "Point", "coordinates": [-1.603015, 48.119445]}, "geometry_name": "geom", "properties": {"id": "a95d5a45-2933-4222-a303-1e2b7e50985e", "nom": "Centre communal d'action sociale (CCAS) - Cesson-Sévigné", "nom_commune": "Cesson-Sévigné", "adresse_principale": "1 Esplanade de l'Hôtel de Ville 35510 Cesson-Sévigné", "siret": "26350048000011", "categorie": "Service local", "code_insee": "35051", "horaires": null, "mail": "affaires-sociales@ville-cesson-sevigne.fr", "site_internet": "https://www.ville-cesson-sevigne.fr/contacts/centre-communal-daction-sociale-ccas/", "telephone": "+33299835200", "url_service_public": "https://lannuaire.service-public.gouv.fr/bretagne/ille-et-vilaine/a95d5a45-2933-4222-a303-1e2b7e50985e", "type_organisme": null, "date_modification": "24/02/2026 08:10:05", "latitude": 48.119446, "longitude": -1.603015, "codes_siren": "213500515,243500139"}, "bbox": [-1.603015, 48.119445, -1.603015, 48.119445]}, {"type": "Feature", "id": "administration.fid--17174f5a_19f2e433d8d_-49a3", "geometry": {"type": "Point", "coordinates": [-1.677098, 48.104994]}, "geometry_name": "geom", "properties": {"id": "a1052b36-06f5-4b9c-b23c-eb646a5b5ccf", "nom": "Chambre de métiers et de l'artisanat (CMA) - Ille-et-Vilaine", "nom_commune": "Rennes", "adresse_principale": "2 cours des Alliés 35000 Rennes", "siret": null, "categorie": "Service local", "code_insee": "35238", "horaires": "<b>Lundi - Vendredi</b><br>\n08:30 - 12:00\n13:30 - 17:00", "mail": "contact35@cma-bretagne.fr", "site_internet": "https://www.cma-bretagne.fr/", "telephone": "02 23 50 05 00", "url_service_public": "https://lannuaire.service-public.gouv.fr/bretagne/ille-et-vilaine/a1052b36-06f5-4b9c-b23c-eb646a5b5ccf", "type_organisme": null, "date_modification": "18/09/2024 12:40:51", "latitude": 48.104996, "longitude": -1.677098, "codes_siren": "213502388,243500139"}, "bbox": [-1.677098, 48.104994, -1.677098, 48.104994]}, {"type": "Feature", "id": "administration.fid--17174f5a_19f2e433d8d_-49a2", "geometry": {"type": "Point", "coordinates": [-1.686533, 48.105695]}, "geometry_name": "geom", "properties": {"id": "6ba1ba76-ed88-4d74-bfb7-dc4a36b9071c", "nom": "Tribunal judiciaire de Rennes", "nom_commune": "RENNES", "adresse_principale": "7 RUE PIERRE ABELARD 35000 RENNES", "siret": null, "categorie": "Service local", "code_insee": "35238", "horaires": "<b>Lundi - Vendredi</b><br>\n08:30 - 12:00\n13:30 - 17:00", "mail": "accueil.tj-rennes@justice.fr", "site_internet": "http://www.justice.gouv.fr/", "telephone": "02 99 65 37 37", "url_service_public": "https://lannuaire.service-public.gouv.fr/bretagne/ille-et-vilaine/6ba1ba76-ed88-4d74-bfb7-dc4a36b9071c", "type_organisme": null, "date_modification": "18/02/2025 05:14:25", "latitude": 48.105694, "longitude": -1.686533, "codes_siren": "213502388,243500139"}, "bbox": [-1.686533, 48.105695, -1.686533, 48.105695]}, {"type": "Feature", "id": "administration.fid--17174f5a_19f2e433d8d_-49a1", "geometry": {"type": "Point", "coordinates": [-1.518873, 48.29746]}, "geometry_name": "geom", "properties": {"id": "1c562ab6-0c45-4bda-9a5b-1dd733f88150", "nom": "Mairie - Gahard", "nom_commune": "Gahard", "adresse_principale": "7 place de la Mairie 35490 Gahard", "siret": "21350118200017", "categorie": "Service local", "code_insee": "35118", "horaires": "<b>Lundi - Vendredi</b><br>\n08:30 - 12:00", "mail": "mairie@gahard.bzh", "site_internet": null, "telephone": "02 99 39 50 16", "url_service_public": "https://lannuaire.service-public.gouv.fr/bretagne/ille-et-vilaine/1c562ab6-0c45-4bda-9a5b-1dd733f88150", "type_organisme": null, "date_modification": "26/09/2025 15:41:31", "latitude": 48.29746, "longitude": -1.518873, "codes_siren": "213501182,243500667"}, "bbox": [-1.518873, 48.29746, -1.518873, 48.29746]}, {"type": "Feature", "id": "administration.fid--17174f5a_19f2e433d8d_-49a0", "geometry": {"type": "Point", "coordinates": [-1.442473, 47.882311]}, "geometry_name": "geom", "properties": {"id": "895523d2-2db8-4929-a62f-9a31dcc1378c", "nom": "Centre communal d'action sociale (CCAS) - Coesmes", "nom_commune": "Coësmes", "adresse_principale": "11 Haute Rue 35134 Coësmes", "siret": "26350074600015", "categorie": "Service local", "code_insee": "35082", "horaires": null, "mail": null, "site_internet": null, "telephone": "+33299477204", "url_service_public": "https://lannuaire.service-public.gouv.fr/bretagne/ille-et-vilaine/895523d2-2db8-4929-a62f-9a31dcc1378c", "type_organisme": null, "date_modification": "24/02/2026 08:09:59", "latitude": 47.882313, "longitude": -1.442473, "codes_siren": "213500820,243500634"}, "bbox": [-1.442473, 47.882311, -1.442473, 47.882311]}, {"type": "Feature", "id": "administration.fid--17174f5a_19f2e433d8d_-499f", "geometry": {"type": "Point", "coordinates": [-1.796306, 47.966161]}, "geometry_name": "geom", "properties": {"id": "b1582481-a643-437f-8949-6f1be620d90f", "nom": "Mairie - Guichen", "nom_commune": "Guichen", "adresse_principale": "Place Georges Le Cornec 35580 Guichen", "siret": "21350126500010", "categorie": "Service local", "code_insee": "35126", "horaires": "<b>Lundi - Mercredi</b><br>\n08:30 - 12:00\n14:00 - 18:00<br>\n<b>Jeudi</b><br>\n08:30 - 12:00<br>\n<b>Vendredi</b><br>\n08:30 - 12:00\n14:00 - 17:00<br>\n<b>Samedi</b><br>\n09:00 - 12:00", "mail": "accueil@ville-guichenpontrean.fr", "site_internet": "https://www.guichenpontrean.fr/", "telephone": "02 99 05 75 75", "url_service_public": "https://lannuaire.service-public.gouv.fr/bretagne/ille-et-vilaine/b1582481-a643-437f-8949-6f1be620d90f", "type_organisme": null, "date_modification": "28/07/2025 11:59:08", "latitude": 47.96616, "longitude": -1.796306, "codes_siren": "213501265,200043990"}, "bbox": [-1.796306, 47.966161, -1.796306, 47.966161]}, {"type": "Feature", "id": "administration.fid--17174f5a_19f2e433d8d_-499e", "geometry": {"type": "Point", "coordinates": [-1.651392, 48.018007]}, "geometry_name": "geom", "properties": {"id": "0f29d655-f452-4670-b956-871c798c31da", "nom": "Mairie - Saint-Erblon", "nom_commune": "Saint-Erblon", "adresse_principale": "1 place des Droits-de-l'Homme 35230 Saint-Erblon", "siret": "21350266900012", "categorie": "Service local", "code_insee": "35266", "horaires": "<b>Lundi</b><br>\n09:00 - 12:00\n14:30 - 17:00<br>\n<b>Mardi - Mercredi</b><br>\n09:00 - 12:00<br>\n<b>Jeudi</b><br>\n14:30 - 18:30<br>\n<b>Vendredi</b><br>\n09:00 - 12:00\n14:30 - 17:00<br>\n<b>Samedi</b><br>\n10:00 - 12:00", "mail": "mairie@saint-erblon.fr", "site_internet": "https://www.saint-erblon.fr", "telephone": "02 99 52 34 08", "url_service_public": "https://lannuaire.service-public.gouv.fr/bretagne/ille-et-vilaine/0f29d655-f452-4670-b956-871c798c31da", "type_organisme": null, "date_modification": "16/07/2025 10:54:25", "latitude": 48.018005, "longitude": -1.651392, "codes_siren": "213502669,243500139"}, "bbox": [-1.651392, 48.018007, -1.651392, 48.018007]}, {"type": "Feature", "id": "administration.fid--17174f5a_19f2e433d8d_-499d", "geometry": {"type": "Point", "coordinates": [-1.488066, 48.343356]}, "geometry_name": "geom", "properties": {"id": "bb1171f3-c161-40cc-85c8-a3c928d94732", "nom": "Centre communal d'action sociale (CCAS) - Vieux-Vy-sur-Couesnon", "nom_commune": "Vieux-Vy-sur-Couesnon", "adresse_principale": "12 Rue Zacharie Roussin 35490 Vieux-Vy-sur-Couesnon", "siret": "21350355000013", "categorie": "Service local", "code_insee": "35355", "horaires": null, "mail": "vieux.vy@orange.fr", "site_internet": "https://www.vieux-vy-sur-couesnon.fr/", "telephone": "+33299395049", "url_service_public": "https://lannuaire.service-public.gouv.fr/bretagne/ille-et-vilaine/bb1171f3-c161-40cc-85c8-a3c928d94732", "type_organisme": null, "date_modification": "24/02/2026 08:10:08", "latitude": 48.343357, "longitude": -1.488066, "codes_siren": "213503550,243500667"}, "bbox": [-1.488066, 48.343356, -1.488066, 48.343356]}, {"type": "Feature", "id": "administration.fid--17174f5a_19f2e433d8d_-499c", "geometry": {"type": "Point", "coordinates": [-1.707996, 48.100079]}, "geometry_name": "geom", "properties": {"id": "f8e4b7e6-bda9-450f-920f-81b5574f92e0", "nom": "Point-justice du centre social Cleunay de Rennes", "nom_commune": "RENNES", "adresse_principale": "49 rue Jules Lallemand 35000 RENNES", "siret": null, "categorie": "Service local", "code_insee": "35238", "horaires": null, "mail": null, "site_internet": "https://www.cdad-ca-rennes.fr/", "telephone": "02 99 30 80 89", "url_service_public": "https://lannuaire.service-public.gouv.fr/bretagne/ille-et-vilaine/f8e4b7e6-bda9-450f-920f-81b5574f92e0", "type_organisme": null, "date_modification": "03/10/2025 04:36:25", "latitude": 48.10008, "longitude": -1.707996, "codes_siren": "213502388,243500139"}, "bbox": [-1.707996, 48.100079, -1.707996, 48.100079]}, {"type": "Feature", "id": "administration.fid--17174f5a_19f2e433d8d_-499b", "geometry": {"type": "Point", "coordinates": [-1.69796, 48.105806]}, "geometry_name": "geom", "properties": {"id": "c008c4c3-6b50-4a58-bbb0-993bda02bb79", "nom": "Centre de protection maternelle et infantile (PMI) - Rennes - Cleunay- Saint-Cyr", "nom_commune": "Rennes", "adresse_principale": "25 rue Noël-Blayau 35000 Rennes", "siret": null, "categorie": "Service local", "code_insee": "35238", "horaires": "<b>Lundi</b><br>\n08:30 - 12:30\n13:30 - 17:30<br>\n<b>Mardi</b><br>\n13:30 - 17:30<br>\n<b>Mercredi - Jeudi</b><br>\n08:30 - 12:30\n13:30 - 17:30<br>\n<b>Vendredi</b><br>\n08:30 - 12:30\n13:30 - 17:00", "mail": null, "site_internet": "https://www.ille-et-vilaine.fr/", "telephone": "02 99 02 20 13", "url_service_public": "https://lannuaire.service-public.gouv.fr/bretagne/ille-et-vilaine/c008c4c3-6b50-4a58-bbb0-993bda02bb79", "type_organisme": null, "date_modification": "26/03/2025 14:02:55", "latitude": 48.105804, "longitude": -1.6979601, "codes_siren": "213502388,243500139"}, "bbox": [-1.69796, 48.105806, -1.69796, 48.105806]}, {"type": "Feature", "id": "administration.fid--17174f5a_19f2e433d8d_-499a", "geometry": {"type": "Point", "coordinates": [-1.707255, 48.040766]}, "geometry_name": "geom", "properties": {"id": "1d3597d6-399a-447d-b5f7-e39d5861abf9", "nom": "Centre communal d'action sociale (CCAS) - Chartres-De-Bretagne", "nom_commune": "Chartres-de-Bretagne", "adresse_principale": "1 Rue Saint-Anthème 35131 Chartres-de-Bretagne", "siret": "26350098500068", "categorie": "Service local", "code_insee": "35066", "horaires": null, "mail": "direction@ccaschartres35.fr", "site_internet": null, "telephone": "+33299771300", "url_service_public": "https://lannuaire.service-public.gouv.fr/bretagne/ille-et-vilaine/1d3597d6-399a-447d-b5f7-e39d5861abf9", "type_organisme": null, "date_modification": "24/02/2026 08:09:40", "latitude": 48.040768, "longitude": -1.707255, "codes_siren": "213500663,243500139"}, "bbox": [-1.707255, 48.040766, -1.707255, 48.040766]}, {"type": "Feature", "id": "administration.fid--17174f5a_19f2e433d8d_-4999", "geometry": {"type": "Point", "coordinates": [-1.941473, 47.808538]}, "geometry_name": "geom", "properties": {"id": "6fb715d5-9339-4e33-b03a-8d4ea524a160", "nom": "Point information jeunesse - Pipriac", "nom_commune": "Pipriac", "adresse_principale": "36 rue de l'Avenir 35550 Pipriac", "siret": null, "categorie": "Service local", "code_insee": "35219", "horaires": "<b>Mardi</b><br>\n10:00 - 12:00\n14:00 - 18:00<br>\n<b>Mercredi</b><br>\n10:00 - 12:00<br>\n<b>Jeudi</b><br>\n10:00 - 12:00\n14:00 - 18:00<br>\n<b>Vendredi</b><br>\n10:00 - 12:00\n14:00 - 18:00", "mail": "pij.pipriac@gmail.com", "site_internet": "https://www.mairie-pipriac.fr/service-information-jeunes/", "telephone": "02 23 30 75 48", "url_service_public": "https://lannuaire.service-public.gouv.fr/bretagne/ille-et-vilaine/6fb715d5-9339-4e33-b03a-8d4ea524a160", "type_organisme": null, "date_modification": "24/09/2025 10:15:42", "latitude": 47.808537, "longitude": -1.9414728, "codes_siren": "213502198,243500741"}, "bbox": [-1.941473, 47.808538, -1.941473, 47.808538]}, {"type": "Feature", "id": "administration.fid--17174f5a_19f2e433d8d_-4998", "geometry": {"type": "Point", "coordinates": [-1.612615, 47.993691]}, "geometry_name": "geom", "properties": {"id": "e052e6f9-e7fc-489e-a2f5-24b2c91c2ebf", "nom": "Mairie - Bourgbarré", "nom_commune": "Bourgbarré", "adresse_principale": "1 rue des Sports 35230 Bourgbarré", "siret": "21350032500062", "categorie": "Service local", "code_insee": "35032", "horaires": "<b>Lundi</b><br>\n14:00 - 17:00<br>\n<b>Mardi</b><br>\n09:00 - 12:00\n14:00 - 18:00<br>\n<b>Mercredi</b><br>\n09:00 - 12:00\n14:00 - 17:00<br>\n<b>Jeudi</b><br>\n09:00 - 12:00<br>\n<b>Vendredi</b><br>\n09:00 - 12:00\n14:00 - 17:00<br>\n<b>Samedi</b><br>\n10:00 - 12:00", "mail": "mairie@bourgbarre.fr", "site_internet": "https://www.bourgbarre.fr/", "telephone": "02 99 57 66 96", "url_service_public": "https://lannuaire.service-public.gouv.fr/bretagne/ille-et-vilaine/e052e6f9-e7fc-489e-a2f5-24b2c91c2ebf", "type_organisme": null, "date_modification": "29/07/2025 10:04:11", "latitude": 47.99369, "longitude": -1.612615, "codes_siren": "213500325,243500139"}, "bbox": [-1.612615, 47.993691, -1.612615, 47.993691]}, {"type": "Feature", "id": "administration.fid--17174f5a_19f2e433d8d_-4997", "geometry": {"type": "Point", "coordinates": [-1.7966, 48.29463]}, "geometry_name": "geom", "properties": {"id": "3c2c7d05-4693-4774-a105-4a7f61ab9c35", "nom": "Brigade de gendarmerie - Hédé-Bazouges", "nom_commune": "Hédé-Bazouges", "adresse_principale": "11 rue Alfred Anne Duportal 35630 Hédé-Bazouges", "siret": null, "categorie": "Service local", "code_insee": "35130", "horaires": null, "mail": null, "site_internet": "https://www.gendarmerie.interieur.gouv.fr", "telephone": "02 99 45 45 61", "url_service_public": "https://lannuaire.service-public.gouv.fr/bretagne/ille-et-vilaine/3c2c7d05-4693-4774-a105-4a7f61ab9c35", "type_organisme": null, "date_modification": "24/10/2024 09:09:59", "latitude": 48.29463, "longitude": -1.7966, "codes_siren": "213501307,243500733"}, "bbox": [-1.7966, 48.29463, -1.7966, 48.29463]}, {"type": "Feature", "id": "administration.fid--17174f5a_19f2e433d8d_-4996", "geometry": {"type": "Point", "coordinates": [-1.82147, 48.291558]}, "geometry_name": "geom", "properties": {"id": "8614f815-52d9-4b28-86b9-65e181b2653c", "nom": "Mairie - Saint-Symphorien", "nom_commune": "Saint-Symphorien", "adresse_principale": "24 rue d'Armorique 35630 Saint-Symphorien", "siret": "20001106200011", "categorie": "Service local", "code_insee": "35317", "horaires": "<b>Lundi - Jeudi</b><br>\n09:00 - 12:30<br>\n<b>Vendredi</b><br>\n09:00 - 12:30\n16:00 - 18:30", "mail": "mairie.saintsymphorien@orange.fr", "site_internet": "https://saint-symphorien35.fr", "telephone": "02 99 45 52 41", "url_service_public": "https://lannuaire.service-public.gouv.fr/bretagne/ille-et-vilaine/8614f815-52d9-4b28-86b9-65e181b2653c", "type_organisme": null, "date_modification": "03/11/2025 15:27:15", "latitude": 48.291557, "longitude": -1.82147, "codes_siren": "200011062,243500667"}, "bbox": [-1.82147, 48.291558, -1.82147, 48.291558]}, {"type": "Feature", "id": "administration.fid--17174f5a_19f2e433d8d_-4995", "geometry": {"type": "Point", "coordinates": [-1.394757, 48.070397]}, "geometry_name": "geom", "properties": {"id": "baff8cbd-2ede-4b38-8be6-ad87e4b195be", "nom": "Mairie - Domagné", "nom_commune": "Domagné", "adresse_principale": "8 allée Saint-Pierre 35113 Domagné", "siret": "21350096000017", "categorie": "Service local", "code_insee": "35096", "horaires": "<b>Lundi - Jeudi</b><br>\n09:00 - 12:00<br>\n<b>Vendredi</b><br>\n09:00 - 12:00\n14:00 - 17:00<br>\n<b>Samedi</b><br>\n09:00 - 12:00", "mail": "mairie@domagne.fr", "site_internet": "http://www.domagne.fr", "telephone": "02 99 00 01 19", "url_service_public": "https://lannuaire.service-public.gouv.fr/bretagne/ille-et-vilaine/baff8cbd-2ede-4b38-8be6-ad87e4b195be", "type_organisme": null, "date_modification": "05/05/2025 15:34:37", "latitude": 48.070396, "longitude": -1.394757, "codes_siren": "213500960,200039022"}, "bbox": [-1.394757, 48.070397, -1.394757, 48.070397]}, {"type": "Feature", "id": "administration.fid--17174f5a_19f2e433d8d_-4994", "geometry": {"type": "Point", "coordinates": [-1.39985, 48.26067]}, "geometry_name": "geom", "properties": {"id": "5fdc6131-dfa4-41ef-b3ae-f7aaf952460b", "nom": "France services - Saint-Aubin-du-Cormier", "nom_commune": "Saint-Aubin-du-Cormier", "adresse_principale": "3 rue de la Libération 35140 Saint-Aubin-du-Cormier", "siret": null, "categorie": "Service local", "code_insee": "35253", "horaires": "<b>Lundi</b><br>\n09:00 - 12:30<br>\n<b>Mardi</b><br>\n09:00 - 12:30\n13:30 - 17:00<br>\n<b>Jeudi</b><br>\n09:00 - 12:30\n13:30 - 17:00<br>\n<b>Mercredi</b><br>\n09:00 - 12:30<br>\n<b>Vendredi</b><br>\n09:00 - 12:30", "mail": "franceservices-staubin@liffre-cormier.fr", "site_internet": "https://www.france-services.gouv.fr", "telephone": "02 23 42 42 13", "url_service_public": "https://lannuaire.service-public.gouv.fr/bretagne/ille-et-vilaine/5fdc6131-dfa4-41ef-b3ae-f7aaf952460b", "type_organisme": null, "date_modification": "10/02/2025 15:32:46", "latitude": 48.26067, "longitude": -1.39985, "codes_siren": "213502537,243500774"}, "bbox": [-1.39985, 48.26067, -1.39985, 48.26067]}, {"type": "Feature", "id": "administration.fid--17174f5a_19f2e433d8d_-4993", "geometry": {"type": "Point", "coordinates": [-1.677853, 48.129702]}, "geometry_name": "geom", "properties": {"id": "e7899293-f6ce-4c72-bfe5-e3a70c7e44f1", "nom": "Agence France Travail RENNES NORD", "nom_commune": "Rennes", "adresse_principale": "4 Rue René Dumont 35700 Rennes", "siret": "13000548122402", "categorie": "Service local", "code_insee": "35238", "horaires": "<b>Lundi - Vendredi</b><br>\n08:30 - 12:30", "mail": null, "site_internet": "https://www.francetravail.fr/accueil/", "telephone": "3949", "url_service_public": "https://lannuaire.service-public.gouv.fr/bretagne/ille-et-vilaine/e7899293-f6ce-4c72-bfe5-e3a70c7e44f1", "type_organisme": null, "date_modification": "05/03/2026 22:31:44", "latitude": 48.129704, "longitude": -1.677853, "codes_siren": "213502388,243500139"}, "bbox": [-1.677853, 48.129702, -1.677853, 48.129702]}, {"type": "Feature", "id": "administration.fid--17174f5a_19f2e433d8d_-4992", "geometry": {"type": "Point", "coordinates": [-1.943373, 48.179796]}, "geometry_name": "geom", "properties": {"id": "90457cec-0c26-4a91-bdc4-69e27d854675", "nom": "Mairie - Bédée", "nom_commune": "Bédée", "adresse_principale": "2 rue de Rennes 35137 Bédée", "siret": "21350023400017", "categorie": "Service local", "code_insee": "35023", "horaires": "<b>Lundi</b><br>\n09:00 - 12:15\n14:00 - 17:30<br>\n<b>Mardi</b><br>\n09:00 - 12:15<br>\n<b>Mercredi</b><br>\n09:00 - 12:15\n14:00 - 17:30<br>\n<b>Jeudi</b><br>\n09:00 - 12:00<br>\n<b>Vendredi</b><br>\n09:00 - 12:00\n14:00 - 17:00<br>\n<b>Samedi</b><br>\n09:30 - 12:00", "mail": "mairie@ville-bedee.bzh", "site_internet": "https://www.ville-bedee.fr", "telephone": "02 99 06 18 20", "url_service_public": "https://lannuaire.service-public.gouv.fr/bretagne/ille-et-vilaine/90457cec-0c26-4a91-bdc4-69e27d854675", "type_organisme": null, "date_modification": "12/09/2025 13:18:50", "latitude": 48.179794, "longitude": -1.943373, "codes_siren": "213500234,243500550"}, "bbox": [-1.943373, 48.179796, -1.943373, 48.179796]}, {"type": "Feature", "id": "administration.fid--17174f5a_19f2e433d8d_-4991", "geometry": {"type": "Point", "coordinates": [-1.379523, 47.911798]}, "geometry_name": "geom", "properties": {"id": "2fb96384-20f1-4eb2-a21c-44a97cd16e20", "nom": "Point information jeunesse - Pays la Roche-aux-Fées - Retiers", "nom_commune": "Retiers", "adresse_principale": "16 rue Louis-Pasteur 35240 Retiers", "siret": null, "categorie": "Service local", "code_insee": "35136", "horaires": "<b>Mercredi</b><br>\n14:00 - 19:00<br>\n<b>Mercredi</b><br>\n14:00 - 16:00", "mail": "pij@rafcom.bzh", "site_internet": "https://www.rafcom.bzh/vivre-habiter/enfance-et-jeunesse/point-information-jeunesse-pij", "telephone": "06 30 65 32 86", "url_service_public": "https://lannuaire.service-public.gouv.fr/bretagne/ille-et-vilaine/2fb96384-20f1-4eb2-a21c-44a97cd16e20", "type_organisme": null, "date_modification": "13/11/2023 13:50:47", "latitude": 47.911797, "longitude": -1.3795235, "codes_siren": "213501364,243500634"}, "bbox": [-1.379523, 47.911798, -1.379523, 47.911798]}, {"type": "Feature", "id": "administration.fid--17174f5a_19f2e433d8d_-4990", "geometry": {"type": "Point", "coordinates": [-1.65759, 48.132518]}, "geometry_name": "geom", "properties": {"id": "c427e304-0160-4588-adad-af14dfff9192", "nom": "Commissariat de police de Rennes - Secteur Nord Maurepas", "nom_commune": "Rennes", "adresse_principale": "5 rue des Longs-Prés 35700 Rennes", "siret": null, "categorie": "Service local", "code_insee": "35238", "horaires": "<b>Lundi - Jeudi</b><br>\n09:30 - 13:00\n14:00 - 18:00<br>\n<b>Vendredi</b><br>\n09:30 - 13:00\n14:00 - 17:30", "mail": null, "site_internet": "https://www.masecurite.interieur.gouv.fr/fr", "telephone": "02 57 87 10 20", "url_service_public": "https://lannuaire.service-public.gouv.fr/bretagne/ille-et-vilaine/c427e304-0160-4588-adad-af14dfff9192", "type_organisme": null, "date_modification": "12/07/2024 16:06:35", "latitude": 48.13252, "longitude": -1.6575902, "codes_siren": "213502388,243500139"}, "bbox": [-1.65759, 48.132518, -1.65759, 48.132518]}, {"type": "Feature", "id": "administration.fid--17174f5a_19f2e433d8d_-498f", "geometry": {"type": "Point", "coordinates": [-1.668846, 48.10797]}, "geometry_name": "geom", "properties": {"id": "71051bd2-bf55-49d8-a74c-f3fbe5cb4e17", "nom": "France Travail - Médiateur régional Bretagne", "nom_commune": "Rennes", "adresse_principale": "36 rue de Léon 35000 Rennes", "siret": null, "categorie": "Service institutionnel", "code_insee": "35238", "horaires": null, "mail": "mediateur.Bretagne@francetravail.fr", "site_internet": "https://www.francetravail.fr/candidat/vos-droits-et-demarches/reclamations/le-mediateur-de-pole-emploi.html", "telephone": null, "url_service_public": "https://lannuaire.service-public.gouv.fr/bretagne/ille-et-vilaine/71051bd2-bf55-49d8-a74c-f3fbe5cb4e17", "type_organisme": "Établissement public", "date_modification": "10/11/2025 17:24:03", "latitude": 48.10797, "longitude": -1.668846, "codes_siren": "213502388,243500139"}, "bbox": [-1.668846, 48.10797, -1.668846, 48.10797]}, {"type": "Feature", "id": "administration.fid--17174f5a_19f2e433d8d_-498e", "geometry": {"type": "Point", "coordinates": [-1.674877, 48.105313]}, "geometry_name": "geom", "properties": {"id": "9791b27d-14a3-41d0-8986-30c87b0deb3c", "nom": "Point-justice d'Info sociale en Ligne - PERMANENCE TELEPHONIQUE", "nom_commune": "RENNES", "adresse_principale": "10 Cours des Alliés 35000 RENNES", "siret": null, "categorie": "Service local", "code_insee": "35238", "horaires": null, "mail": "isl@ille-et-vilaine.fr", "site_internet": "https://www.cdad-ca-rennes.fr/", "telephone": "0800 95 35 45", "url_service_public": "https://lannuaire.service-public.gouv.fr/bretagne/ille-et-vilaine/9791b27d-14a3-41d0-8986-30c87b0deb3c", "type_organisme": null, "date_modification": "03/10/2025 04:36:25", "latitude": 48.105312, "longitude": -1.674877, "codes_siren": "213502388,243500139"}, "bbox": [-1.674877, 48.105313, -1.674877, 48.105313]}, {"type": "Feature", "id": "administration.fid--17174f5a_19f2e433d8d_-498d", "geometry": {"type": "Point", "coordinates": [-1.459612, 48.121506]}, "geometry_name": "geom", "properties": {"id": "512347fd-886d-4516-9a5d-0685c8221dab", "nom": "Centre communal d'action sociale (CCAS) - Servon-Sur-Vilaine", "nom_commune": "Servon-sur-Vilaine", "adresse_principale": "Rue Théodore Gaudiche 35530 Servon-sur-Vilaine", "siret": "26350368200019", "categorie": "Service local", "code_insee": "35327", "horaires": null, "mail": null, "site_internet": null, "telephone": "+33299001185", "url_service_public": "https://lannuaire.service-public.gouv.fr/bretagne/ille-et-vilaine/512347fd-886d-4516-9a5d-0685c8221dab", "type_organisme": null, "date_modification": "24/02/2026 08:09:50", "latitude": 48.121506, "longitude": -1.459612, "codes_siren": "213503279,243500659"}, "bbox": [-1.459612, 48.121506, -1.459612, 48.121506]}, {"type": "Feature", "id": "administration.fid--17174f5a_19f2e433d8d_-498c", "geometry": {"type": "Point", "coordinates": [-1.991855, 48.21356]}, "geometry_name": "geom", "properties": {"id": "e84a2bc1-68a1-47e1-ab47-469565cef6b4", "nom": "Mairie - La Chapelle-du-Lou-du-Lac", "nom_commune": "La Chapelle-du-Lou-du-Lac", "adresse_principale": "5 rue Alain-de-Botherel 35360 La Chapelle-du-Lou-du-Lac", "siret": "20005488000014", "categorie": "Service local", "code_insee": "35060", "horaires": "<b>Lundi - Mardi</b><br>\n10:30 - 12:45\n13:30 - 19:00<br>\n<b>Jeudi</b><br>\n10:30 - 12:45\n13:30 - 18:00<br>\n<b>Vendredi</b><br>\n10:30 - 12:45\n13:30 - 19:00", "mail": "mairie@lachapelleduloudulac.fr", "site_internet": "http://www.lachapelleduloudulac.fr", "telephone": "02 99 06 52 51", "url_service_public": "https://lannuaire.service-public.gouv.fr/bretagne/ille-et-vilaine/e84a2bc1-68a1-47e1-ab47-469565cef6b4", "type_organisme": null, "date_modification": "05/05/2025 15:35:25", "latitude": 48.213562, "longitude": -1.9918547, "codes_siren": "200054880,200038990"}, "bbox": [-1.991855, 48.21356, -1.991855, 48.21356]}, {"type": "Feature", "id": "administration.fid--17174f5a_19f2e433d8d_-498b", "geometry": {"type": "Point", "coordinates": [-1.600001, 48.306941]}, "geometry_name": "geom", "properties": {"id": "1d48d80b-4df9-4a6e-9dab-c1c222f50216", "nom": "Centre communal d'action sociale (CCAS) - Andouille-Neuville", "nom_commune": "Andouillé-Neuville", "adresse_principale": "Surgon 35250 Andouillé-Neuville", "siret": "26350044900016", "categorie": "Service local", "code_insee": "35003", "horaires": null, "mail": null, "site_internet": null, "telephone": "+33299552105", "url_service_public": "https://lannuaire.service-public.gouv.fr/bretagne/ille-et-vilaine/1d48d80b-4df9-4a6e-9dab-c1c222f50216", "type_organisme": null, "date_modification": "24/02/2026 08:09:40", "latitude": 48.306942, "longitude": -1.600001, "codes_siren": "213500036,243500667"}, "bbox": [-1.600001, 48.306941, -1.600001, 48.306941]}, {"type": "Feature", "id": "administration.fid--17174f5a_19f2e433d8d_-498a", "geometry": {"type": "Point", "coordinates": [-1.523851, 48.114021]}, "geometry_name": "geom", "properties": {"id": "baea3a44-9e6f-4928-b7e1-fdd4ec332312", "nom": "Centre communal d'action sociale (CCAS) - Noyal-sur-Vilaine", "nom_commune": "Noyal-sur-Vilaine", "adresse_principale": "18 Place de la Mairie 35530 Noyal-sur-Vilaine", "siret": "21350207300017", "categorie": "Service local", "code_insee": "35207", "horaires": null, "mail": "population@ville-noyalsurvilaine.fr", "site_internet": "https://www.ville-noyalsurvilaine.fr/centre-communal-daction-sociale-ccas/", "telephone": "+33299041318", "url_service_public": "https://lannuaire.service-public.gouv.fr/bretagne/ille-et-vilaine/baea3a44-9e6f-4928-b7e1-fdd4ec332312", "type_organisme": null, "date_modification": "24/02/2026 08:10:08", "latitude": 48.11402, "longitude": -1.523851, "codes_siren": "213502073,243500659"}, "bbox": [-1.523851, 48.114021, -1.523851, 48.114021]}, {"type": "Feature", "id": "administration.fid--17174f5a_19f2e433d8d_-4989", "geometry": {"type": "Point", "coordinates": [-1.95667, 48.138752]}, "geometry_name": "geom", "properties": {"id": "07f44460-c661-4f4c-b71a-01810db1b33c", "nom": "Point-justice de l’Hôtel de communauté de Montfort-sur-Meu", "nom_commune": "MONTFORT-SUR-MEU", "adresse_principale": "4 place du Tribunal 35160 MONTFORT-SUR-MEU", "siret": null, "categorie": "Service local", "code_insee": "35188", "horaires": null, "mail": null, "site_internet": "https://www.cdad-ca-rennes.fr/", "telephone": "02 99 30 80 89", "url_service_public": "https://lannuaire.service-public.gouv.fr/bretagne/ille-et-vilaine/07f44460-c661-4f4c-b71a-01810db1b33c", "type_organisme": null, "date_modification": "03/10/2025 04:36:24", "latitude": 48.138752, "longitude": -1.95667, "codes_siren": "213501885,243500550"}, "bbox": [-1.95667, 48.138752, -1.95667, 48.138752]}, {"type": "Feature", "id": "administration.fid--17174f5a_19f2e433d8d_-4988", "geometry": {"type": "Point", "coordinates": [-1.829348, 48.154421]}, "geometry_name": "geom", "properties": {"id": "5bd4a379-a760-4a25-ad28-bcc032eb2467", "nom": "Mairie - Saint-Gilles", "nom_commune": "Saint-Gilles", "adresse_principale": "4 rue du Centre 35590 Saint-Gilles", "siret": "21350275000085", "categorie": "Service local", "code_insee": "35275", "horaires": "<b>Lundi</b><br>\n13:30 - 17:30<br>\n<b>Mardi - Jeudi</b><br>\n09:00 - 12:00\n13:30 - 17:30<br>\n<b>Vendredi</b><br>\n09:00 - 12:00\n13:30 - 17:00<br>\n<b>Samedi</b><br>\n10:00 - 12:00", "mail": "infocom@saint-gilles35.fr", "site_internet": "https://www.saint-gilles35.fr", "telephone": "02 99 64 63 27", "url_service_public": "https://lannuaire.service-public.gouv.fr/bretagne/ille-et-vilaine/5bd4a379-a760-4a25-ad28-bcc032eb2467", "type_organisme": null, "date_modification": "17/07/2025 15:05:23", "latitude": 48.15442, "longitude": -1.8293476, "codes_siren": "213502750,243500139"}, "bbox": [-1.829348, 48.154421, -1.829348, 48.154421]}, {"type": "Feature", "id": "administration.fid--17174f5a_19f2e433d8d_-4987", "geometry": {"type": "Point", "coordinates": [-1.716802, 48.117386]}, "geometry_name": "geom", "properties": {"id": "ca7c22c7-a81f-45e9-9cf3-b481f33db723", "nom": "Direction régionale de l'environnement, de l'aménagement et du logement (Dréal) Bretagne - Unité départementale Ille-et-Vilaine", "nom_commune": "Rennes", "adresse_principale": "10 rue Maurice-Fabre 35000 Rennes", "siret": null, "categorie": "Service institutionnel", "code_insee": "35238", "horaires": "<b>Lundi - Mardi</b><br>\n09:00 - 12:00\n14:00 - 17:00<br>\n<b>Jeudi - Vendredi</b><br>\n09:00 - 12:00\n14:00 - 17:00", "mail": "ud35.dreal-bretagne@developpement-durable.gouv.fr", "site_internet": "https://www.bretagne.developpement-durable.gouv.fr/", "telephone": "02 99 33 45 55", "url_service_public": "https://lannuaire.service-public.gouv.fr/bretagne/ille-et-vilaine/ca7c22c7-a81f-45e9-9cf3-b481f33db723", "type_organisme": "Service déconcentré", "date_modification": "10/11/2025 17:26:53", "latitude": 48.117386, "longitude": -1.716802, "codes_siren": "213502388,243500139"}, "bbox": [-1.716802, 48.117386, -1.716802, 48.117386]}, {"type": "Feature", "id": "administration.fid--17174f5a_19f2e433d8d_-4986", "geometry": {"type": "Point", "coordinates": [-1.590797, 48.12884]}, "geometry_name": "geom", "properties": {"id": "5c06e923-f0c5-4ce7-bfaf-a3f8db34dc0b", "nom": "Centre national de la fonction publique territoriale (CNFPT) - Antenne départementale - Ille-et-Vilaine", "nom_commune": "Thorigné-Fouillard", "adresse_principale": "1 avenue de Tizé 35230 Thorigné-Fouillard", "siret": null, "categorie": "Service local", "code_insee": "35238", "horaires": "<b>Lundi - Vendredi</b><br>\n08:30 - 12:30\n13:30 - 17:00", "mail": null, "site_internet": "https://www.cnfpt.fr/", "telephone": "02 99 54 80 50", "url_service_public": "https://lannuaire.service-public.gouv.fr/bretagne/ille-et-vilaine/5c06e923-f0c5-4ce7-bfaf-a3f8db34dc0b", "type_organisme": null, "date_modification": "23/09/2025 08:47:58", "latitude": 48.12884, "longitude": -1.5907968, "codes_siren": "213502388,243500139"}, "bbox": [-1.590797, 48.12884, -1.590797, 48.12884]}, {"type": "Feature", "id": "administration.fid--17174f5a_19f2e433d8d_-4985", "geometry": {"type": "Point", "coordinates": [-1.660295, 48.134735]}, "geometry_name": "geom", "properties": {"id": "bd384537-d40b-4769-8cf9-58faac1ac904", "nom": "Pôle Mer, Canaux et mobilités", "nom_commune": "Rennes", "adresse_principale": "283 avenue du Général Patton 35000 Rennes", "siret": null, "categorie": "Service institutionnel", "code_insee": "35238", "horaires": null, "mail": null, "site_internet": "https://www.bretagne.bzh/", "telephone": "02 99 27 10 10", "url_service_public": "https://lannuaire.service-public.gouv.fr/bretagne/ille-et-vilaine/bd384537-d40b-4769-8cf9-58faac1ac904", "type_organisme": "Collectivité locale", "date_modification": "10/11/2025 17:26:25", "latitude": 48.134735, "longitude": -1.660295, "codes_siren": "213502388,243500139"}, "bbox": [-1.660295, 48.134735, -1.660295, 48.134735]}, {"type": "Feature", "id": "administration.fid--17174f5a_19f2e433d8d_-4984", "geometry": {"type": "Point", "coordinates": [-1.68026, 48.1118]}, "geometry_name": "geom", "properties": {"id": "23100513-51cf-4b85-ae43-e4b53c75addc", "nom": "Direction régionale des affaires culturelles (DRAC) - Bretagne", "nom_commune": "Rennes", "adresse_principale": "6 rue du Chapître 35000 Rennes", "siret": null, "categorie": "Service institutionnel", "code_insee": "35238", "horaires": "<b>Lundi - Vendredi</b><br>\n09:00 - 12:30\n14:00 - 17:00", "mail": "cid.bretagne@culture.gouv.fr", "site_internet": "https://www.culture.gouv.fr/Regions/Drac-Bretagne", "telephone": "02 99 29 67 67", "url_service_public": "https://lannuaire.service-public.gouv.fr/bretagne/ille-et-vilaine/23100513-51cf-4b85-ae43-e4b53c75addc", "type_organisme": "Service déconcentré", "date_modification": "21/11/2025 11:55:22", "latitude": 48.1118, "longitude": -1.68026, "codes_siren": "213502388,243500139"}, "bbox": [-1.68026, 48.1118, -1.68026, 48.1118]}, {"type": "Feature", "id": "administration.fid--17174f5a_19f2e433d8d_-4983", "geometry": {"type": "Point", "coordinates": [-1.303248, 47.954443]}, "geometry_name": "geom", "properties": {"id": "e06f62a9-a507-48d3-888a-3624ae97807a", "nom": "Centre communal d'action sociale (CCAS) - Visseiche", "nom_commune": "Visseiche", "adresse_principale": "1 Route de Marcillé-robert 35130 Visseiche", "siret": "21350359200015", "categorie": "Service local", "code_insee": "35359", "horaires": null, "mail": "mairie@visseiche.fr", "site_internet": "https://visseiche.com/cadre-de-vie/action-sociale-et-sante/ccas", "telephone": "+33299763848", "url_service_public": "https://lannuaire.service-public.gouv.fr/bretagne/ille-et-vilaine/e06f62a9-a507-48d3-888a-3624ae97807a", "type_organisme": null, "date_modification": "24/02/2026 08:10:14", "latitude": 47.954445, "longitude": -1.303248, "codes_siren": "213503592,200039022"}, "bbox": [-1.303248, 47.954443, -1.303248, 47.954443]}, {"type": "Feature", "id": "administration.fid--17174f5a_19f2e433d8d_-4982", "geometry": {"type": "Point", "coordinates": [-1.674129, 48.119568]}, "geometry_name": "geom", "properties": {"id": "32f9534f-206b-43b3-88ad-e3c50b310fe3", "nom": "Délégation régionale académique à la jeunesse, à l'engagement et aux sports (Drajes) - Bretagne", "nom_commune": "Rennes", "adresse_principale": "96 rue d'Antrain 35000 Rennes", "siret": "17350430900340", "categorie": "Service institutionnel", "code_insee": "35238", "horaires": null, "mail": "ce.drajes@ac-rennes.fr", "site_internet": "https://www.ac-rennes.fr/drajes-bretagne", "telephone": "02 99 25 10 20", "url_service_public": "https://lannuaire.service-public.gouv.fr/bretagne/ille-et-vilaine/32f9534f-206b-43b3-88ad-e3c50b310fe3", "type_organisme": "Service déconcentré", "date_modification": "16/12/2025 09:58:03", "latitude": 48.119568, "longitude": -1.674129, "codes_siren": "213502388,243500139"}, "bbox": [-1.674129, 48.119568, -1.674129, 48.119568]}, {"type": "Feature", "id": "administration.fid--17174f5a_19f2e433d8d_-4981", "geometry": {"type": "Point", "coordinates": [-1.784219, 48.248362]}, "geometry_name": "geom", "properties": {"id": "71ca9728-a27d-47c7-8842-df3644f46437", "nom": "Centre intercommunal d'action sociale (CIAS) - Vignoc", "nom_commune": "Vignoc", "adresse_principale": "12 Rue des Ecoles 35630 Vignoc", "siret": "20002679700015", "categorie": "Service local", "code_insee": "35356", "horaires": null, "mail": null, "site_internet": "https://vignoc.fr/ccas/", "telephone": "+33299698246", "url_service_public": "https://lannuaire.service-public.gouv.fr/bretagne/ille-et-vilaine/71ca9728-a27d-47c7-8842-df3644f46437", "type_organisme": null, "date_modification": "24/02/2026 08:09:55", "latitude": 48.248363, "longitude": -1.784219, "codes_siren": "213503568,243500667"}, "bbox": [-1.784219, 48.248362, -1.784219, 48.248362]}, {"type": "Feature", "id": "administration.fid--17174f5a_19f2e433d8d_-4980", "geometry": {"type": "Point", "coordinates": [-1.67486, 48.130706]}, "geometry_name": "geom", "properties": {"id": "229f6896-6ee0-443d-901c-0a3f44b15f30", "nom": "Préfecture - Ille-et-Vilaine", "nom_commune": "Rennes", "adresse_principale": "81 boulevard d'Armorique 35700 Rennes", "siret": "17350001800101", "categorie": "Service institutionnel", "code_insee": "35238", "horaires": "<b>Lundi - Vendredi</b><br>\n08:30 - 12:00\n13:30 - 16:00", "mail": "prefecture@ille-et-vilaine.gouv.fr", "site_internet": "https://www.ille-et-vilaine.gouv.fr", "telephone": "02 21 86 25 35", "url_service_public": "https://lannuaire.service-public.gouv.fr/bretagne/ille-et-vilaine/229f6896-6ee0-443d-901c-0a3f44b15f30", "type_organisme": "Préfecture, sous-préfecture", "date_modification": "20/11/2025 16:04:27", "latitude": 48.130707, "longitude": -1.67486, "codes_siren": "213502388,243500139"}, "bbox": [-1.67486, 48.130706, -1.67486, 48.130706]}, {"type": "Feature", "id": "administration.fid--17174f5a_19f2e433d8d_-497f", "geometry": {"type": "Point", "coordinates": [-1.605911, 48.262779]}, "geometry_name": "geom", "properties": {"id": "02f3ceaa-2c01-422e-9507-1cf2b21b446c", "nom": "Centre communal d'action sociale (CCAS) - Saint-Aubin-D'Aubigne", "nom_commune": "Saint-Aubin-d'Aubigné", "adresse_principale": "4 Place de la Mairie 35250 Saint-Aubin-d'Aubigné", "siret": "26350235300018", "categorie": "Service local", "code_insee": "35251", "horaires": null, "mail": null, "site_internet": null, "telephone": "+33299552023", "url_service_public": "https://lannuaire.service-public.gouv.fr/bretagne/ille-et-vilaine/02f3ceaa-2c01-422e-9507-1cf2b21b446c", "type_organisme": null, "date_modification": "24/02/2026 08:09:35", "latitude": 48.26278, "longitude": -1.605911, "codes_siren": "213502511,243500667"}, "bbox": [-1.605911, 48.262779, -1.605911, 48.262779]}, {"type": "Feature", "id": "administration.fid--17174f5a_19f2e433d8d_-497e", "geometry": {"type": "Point", "coordinates": [-1.704421, 48.093162]}, "geometry_name": "geom", "properties": {"id": "323afa36-4c84-4754-9ab2-ea091d0dbdaf", "nom": "Chambre de commerce et d'industrie (CCI) 35 - Bretagne - Rennes", "nom_commune": "Rennes Cedex", "adresse_principale": "1-A rue Louis Braille 35005 Rennes Cedex", "siret": "18350004000310", "categorie": "Service local", "code_insee": "35238", "horaires": "<b>Lundi - Jeudi</b><br>\n08:30 - 12:30\n14:00 - 17:30<br>\n<b>Vendredi</b><br>\n08:30 - 12:30\n14:00 - 17:00", "mail": "ccir@bretagne.cci.fr", "site_internet": "https://www.bretagne.cci.fr", "telephone": "02 99 25 41 41", "url_service_public": "https://lannuaire.service-public.gouv.fr/bretagne/ille-et-vilaine/323afa36-4c84-4754-9ab2-ea091d0dbdaf", "type_organisme": null, "date_modification": "04/04/2025 10:03:24", "latitude": 48.093163, "longitude": -1.7044208, "codes_siren": "213502388,243500139"}, "bbox": [-1.704421, 48.093162, -1.704421, 48.093162]}, {"type": "Feature", "id": "administration.fid--17174f5a_19f2e433d8d_-497d", "geometry": {"type": "Point", "coordinates": [-1.67278, 48.110699]}, "geometry_name": "geom", "properties": {"id": "b208016a-b5bb-4232-b76e-adc70f29966b", "nom": "Centre de protection maternelle et infantile (PMI) - Rennes Centre", "nom_commune": "Rennes", "adresse_principale": "7 rue Kléber 35000 Rennes", "siret": null, "categorie": "Service local", "code_insee": "35238", "horaires": "<b>Lundi</b><br>\n08:30 - 12:30\n13:30 - 17:30<br>\n<b>Mardi</b><br>\n13:30 - 17:30<br>\n<b>Mercredi - Jeudi</b><br>\n08:30 - 12:30\n13:30 - 17:30<br>\n<b>Vendredi</b><br>\n08:30 - 12:30\n13:30 - 17:00", "mail": "cdas-rennescentre@ille-et-vilaine.fr", "site_internet": "https://www.ille-et-vilaine.fr/", "telephone": "02 99 02 30 35", "url_service_public": "https://lannuaire.service-public.gouv.fr/bretagne/ille-et-vilaine/b208016a-b5bb-4232-b76e-adc70f29966b", "type_organisme": null, "date_modification": "26/03/2025 13:55:54", "latitude": 48.1107, "longitude": -1.67278, "codes_siren": "213502388,243500139"}, "bbox": [-1.67278, 48.110699, -1.67278, 48.110699]}, {"type": "Feature", "id": "administration.fid--17174f5a_19f2e433d8d_-497c", "geometry": {"type": "Point", "coordinates": [-1.616213, 48.104498]}, "geometry_name": "geom", "properties": {"id": "fe7d66c7-e49e-4a46-90f7-695d74b2d58f", "nom": "Confédération départementale de l'artisanat et des petites entreprises du bâtiment  (Capeb) - Ile-et-Vilaine", "nom_commune": "Cesson-Sévigné", "adresse_principale": "17 rue des Mesliers 35510 Cesson-Sévigné", "siret": "38233173400030", "categorie": "Service institutionnel", "code_insee": "35051", "horaires": "<b>Lundi - Vendredi</b><br>\n08:30 - 12:00\n14:00 - 17:00", "mail": "info@capeb35.fr", "site_internet": null, "telephone": "02 99 53 47 47", "url_service_public": "https://lannuaire.service-public.gouv.fr/bretagne/ille-et-vilaine/fe7d66c7-e49e-4a46-90f7-695d74b2d58f", "type_organisme": "Ordre professionnel", "date_modification": "15/12/2025 11:28:25", "latitude": 48.1045, "longitude": -1.616213, "codes_siren": "213500515,243500139"}, "bbox": [-1.616213, 48.104498, -1.616213, 48.104498]}, {"type": "Feature", "id": "administration.fid--17174f5a_19f2e433d8d_-497b", "geometry": {"type": "Point", "coordinates": [-1.449154, 48.05548]}, "geometry_name": "geom", "properties": {"id": "e6c42438-44de-4233-94bf-e6f06fb03fa7", "nom": "Mairie déléguée - Ossé", "nom_commune": "Châteaugiron", "adresse_principale": "7 rue de la Mairie 35410 Châteaugiron", "siret": "21250437700012", "categorie": "Service local", "code_insee": "35069", "horaires": "<b>Mercredi</b><br>\n09:00 - 13:00<br>\n<b>Vendredi</b><br>\n14:00 - 18:30", "mail": "osse@ville-chateaugiron.fr", "site_internet": "https://www.ville-chateaugiron.fr/Mairie/Mairies-deleguees/Osse", "telephone": "02 99 37 66 03", "url_service_public": "https://lannuaire.service-public.gouv.fr/bretagne/ille-et-vilaine/e6c42438-44de-4233-94bf-e6f06fb03fa7", "type_organisme": null, "date_modification": "29/07/2025 10:30:34", "latitude": 48.05548, "longitude": -1.449154, "codes_siren": "200064483,243500659"}, "bbox": [-1.449154, 48.05548, -1.449154, 48.05548]}, {"type": "Feature", "id": "administration.fid--17174f5a_19f2e433d8d_-497a", "geometry": {"type": "Point", "coordinates": [-1.625337, 48.127528]}, "geometry_name": "geom", "properties": {"id": "17b0f98e-d843-4693-82ab-1e300963dc62", "nom": "Institut national de la propriété industrielle (INPI) - Délégation régionale Bretagne", "nom_commune": "Cesson-Sévigné", "adresse_principale": "3 bis avenue de Belle Fontaine 35510 Cesson-Sévigné", "siret": null, "categorie": "Service institutionnel", "code_insee": "35051", "horaires": null, "mail": "bretagne@inpi.fr", "site_internet": "https://www.inpi.fr/bretagne", "telephone": "01 56 65 89 98", "url_service_public": "https://lannuaire.service-public.gouv.fr/bretagne/ille-et-vilaine/17b0f98e-d843-4693-82ab-1e300963dc62", "type_organisme": "Établissement public", "date_modification": "10/12/2025 10:56:26", "latitude": 48.12753, "longitude": -1.625337, "codes_siren": "213500515,243500139"}, "bbox": [-1.625337, 48.127528, -1.625337, 48.127528]}, {"type": "Feature", "id": "administration.fid--17174f5a_19f2e433d8d_-4979", "geometry": {"type": "Point", "coordinates": [-1.386898, 47.857416]}, "geometry_name": "geom", "properties": {"id": "e9235a26-968d-42d1-aa16-8db299b55384", "nom": "Mairie - Sainte-Colombe", "nom_commune": "Sainte-Colombe", "adresse_principale": "4 place Pierre-et-Marie-Curie 35134 Sainte-Colombe", "siret": "21350262800018", "categorie": "Service local", "code_insee": "35262", "horaires": "<b>Lundi - Vendredi</b><br>\n09:00 - 12:00<br>\n<b>Samedi</b><br>\n09:00 - 12:00", "mail": "contact@sainte-colombe35.fr", "site_internet": null, "telephone": "02 99 47 78 72", "url_service_public": "https://lannuaire.service-public.gouv.fr/bretagne/ille-et-vilaine/e9235a26-968d-42d1-aa16-8db299b55384", "type_organisme": null, "date_modification": "30/10/2025 14:43:35", "latitude": 47.857414, "longitude": -1.386898, "codes_siren": "213502628,243500634"}, "bbox": [-1.386898, 47.857416, -1.386898, 47.857416]}, {"type": "Feature", "id": "administration.fid--17174f5a_19f2e433d8d_-4978", "geometry": {"type": "Point", "coordinates": [-1.581128, 48.15323]}, "geometry_name": "geom", "properties": {"id": "2068e8fe-c29a-40dd-99f0-5ee8f16b7fea", "nom": "Police municipale - Thorigné-Fouillard", "nom_commune": "Thorigné-Fouillard", "adresse_principale": "Esplanade des Droits-de-l'Homme 35235 Thorigné-Fouillard", "siret": null, "categorie": "Service local", "code_insee": "35334", "horaires": null, "mail": "mairie@ville-thorigne-fouillard.fr", "site_internet": null, "telephone": "02 99 04 54 40", "url_service_public": "https://lannuaire.service-public.gouv.fr/bretagne/ille-et-vilaine/2068e8fe-c29a-40dd-99f0-5ee8f16b7fea", "type_organisme": null, "date_modification": "10/11/2025 17:08:36", "latitude": 48.15323, "longitude": -1.581128, "codes_siren": "213503345,243500139"}, "bbox": [-1.581128, 48.15323, -1.581128, 48.15323]}, {"type": "Feature", "id": "administration.fid--17174f5a_19f2e433d8d_-4977", "geometry": {"type": "Point", "coordinates": [-1.307321, 48.080276]}, "geometry_name": "geom", "properties": {"id": "f5ccd875-e37d-4021-a5eb-22e54e64a8b5", "nom": "Mairie - Cornillé", "nom_commune": "Cornillé", "adresse_principale": "1 place de l'Église 35500 Cornillé", "siret": "21350087900019", "categorie": "Service local", "code_insee": "35087", "horaires": "<b>Lundi - Jeudi</b><br>\n09:00 - 12:00<br>\n<b>Vendredi</b><br>\n14:00 - 17:30<br>\n<b>Samedi</b><br>\n09:00 - 12:00", "mail": "accueil@mairiecornille.fr", "site_internet": "https://www.mairiecornille.fr/", "telephone": "02 99 49 52 59", "url_service_public": "https://lannuaire.service-public.gouv.fr/bretagne/ille-et-vilaine/f5ccd875-e37d-4021-a5eb-22e54e64a8b5", "type_organisme": null, "date_modification": "05/05/2025 15:35:43", "latitude": 48.080276, "longitude": -1.307321, "codes_siren": "213500879,200039022"}, "bbox": [-1.307321, 48.080276, -1.307321, 48.080276]}, {"type": "Feature", "id": "administration.fid--17174f5a_19f2e433d8d_-4976", "geometry": {"type": "Point", "coordinates": [-1.601494, 48.044569]}, "geometry_name": "geom", "properties": {"id": "a59a98ab-0fc8-431a-b86d-04a5a1dba422", "nom": "Centre communal d'action sociale (CCAS) - Vern-sur-Seiche", "nom_commune": "Vern-sur-Seiche", "adresse_principale": "22 Rue de Châteaubriant 35770 Vern-sur-Seiche", "siret": "21350352700011", "categorie": "Service local", "code_insee": "35352", "horaires": null, "mail": "ccas@vernsurseiche.fr", "site_internet": "https://www.vernsurseiche.fr/accueil/vie-quotidienne/solidarites/ccas", "telephone": "+33299048210", "url_service_public": "https://lannuaire.service-public.gouv.fr/bretagne/ille-et-vilaine/a59a98ab-0fc8-431a-b86d-04a5a1dba422", "type_organisme": null, "date_modification": "24/02/2026 08:10:04", "latitude": 48.044567, "longitude": -1.601494, "codes_siren": "213503527,243500139"}, "bbox": [-1.601494, 48.044569, -1.601494, 48.044569]}, {"type": "Feature", "id": "administration.fid--17174f5a_19f2e433d8d_-4975", "geometry": {"type": "Point", "coordinates": [-1.694169, 48.127473]}, "geometry_name": "geom", "properties": {"id": "55db488c-a609-4c09-866c-96de2866060f", "nom": "Conseil départemental - Ille-et-Vilaine", "nom_commune": "Rennes", "adresse_principale": "1 avenue de la Préfecture 35000 Rennes", "siret": "22350001800013", "categorie": "Service institutionnel", "code_insee": "35238", "horaires": "<b>Lundi - Vendredi</b><br>\n08:30 - 18:00", "mail": null, "site_internet": "https://www.ille-et-vilaine.fr/", "telephone": "02 99 02 35 35", "url_service_public": "https://lannuaire.service-public.gouv.fr/bretagne/ille-et-vilaine/55db488c-a609-4c09-866c-96de2866060f", "type_organisme": "Collectivité locale", "date_modification": "17/02/2026 13:52:23", "latitude": 48.127472, "longitude": -1.694169, "codes_siren": "213502388,243500139"}, "bbox": [-1.694169, 48.127473, -1.694169, 48.127473]}, {"type": "Feature", "id": "administration.fid--17174f5a_19f2e433d8d_-4974", "geometry": {"type": "Point", "coordinates": [-1.600973, 47.870075]}, "geometry_name": "geom", "properties": {"id": "69ecbb7d-e407-4160-ba64-cce6ee845abe", "nom": "Mairie - La Bosse-de-Bretagne", "nom_commune": "La Bosse-de-Bretagne", "adresse_principale": "11 rue de la Mairie 35320 La Bosse-de-Bretagne", "siret": "21350030900017", "categorie": "Service local", "code_insee": "35030", "horaires": "<b>Lundi</b><br>\n14:00 - 17:00<br>\n<b>Mardi</b><br>\n09:00 - 12:00\n15:30 - 17:00<br>\n<b>Jeudi</b><br>\n09:00 - 12:00<br>\n<b>Vendredi</b><br>\n09:00 - 12:00\n14:00 - 17:00", "mail": "mairie@labossedebretagne.fr", "site_internet": "https://www.labossedebretagne.fr/", "telephone": "02 99 44 62 03", "url_service_public": "https://lannuaire.service-public.gouv.fr/bretagne/ille-et-vilaine/69ecbb7d-e407-4160-ba64-cce6ee845abe", "type_organisme": null, "date_modification": "05/05/2025 15:33:04", "latitude": 47.870075, "longitude": -1.600973, "codes_siren": "213500309,200070662"}, "bbox": [-1.600973, 47.870075, -1.600973, 47.870075]}, {"type": "Feature", "id": "administration.fid--17174f5a_19f2e433d8d_-4973", "geometry": {"type": "Point", "coordinates": [-1.620389, 48.088426]}, "geometry_name": "geom", "properties": {"id": "0bce86e9-9eef-49f7-a550-0642ef55b35a", "nom": "Mairie - Chantepie", "nom_commune": "Chantepie", "adresse_principale": "44 avenue André-Bonnin 35135 Chantepie", "siret": "21350055600013", "categorie": "Service local", "code_insee": "35055", "horaires": "<b>Lundi - Vendredi</b><br>\n08:45 - 17:15", "mail": "contact@ville-chantepie.fr", "site_internet": "https://chantepie.fr", "telephone": "02 99 41 42 33", "url_service_public": "https://lannuaire.service-public.gouv.fr/bretagne/ille-et-vilaine/0bce86e9-9eef-49f7-a550-0642ef55b35a", "type_organisme": null, "date_modification": "16/07/2025 10:52:23", "latitude": 48.088425, "longitude": -1.620389, "codes_siren": "213500556,243500139"}, "bbox": [-1.620389, 48.088426, -1.620389, 48.088426]}, {"type": "Feature", "id": "administration.fid--17174f5a_19f2e433d8d_-4972", "geometry": {"type": "Point", "coordinates": [-1.686108, 47.852509]}, "geometry_name": "geom", "properties": {"id": "5fecb856-9da6-4488-b1df-8a3a0dca977b", "nom": "Communauté de communes - Bretagne Porte de Loire Communauté", "nom_commune": "Bain-de-Bretagne", "adresse_principale": "Immeuble le Steriad 35470 Bain-de-Bretagne", "siret": "20007066200198", "categorie": "Service local", "code_insee": "35012", "horaires": "<b>Lundi - Jeudi</b><br>\n08:30 - 12:30\n13:30 - 17:30<br>\n<b>Vendredi</b><br>\n08:30 - 12:30\n13:30 - 17:00", "mail": "accueil@bretagneportedeloire.fr", "site_internet": "https://www.bretagneportedeloire.fr/", "telephone": "02 99 43 70 80", "url_service_public": "https://lannuaire.service-public.gouv.fr/bretagne/ille-et-vilaine/5fecb856-9da6-4488-b1df-8a3a0dca977b", "type_organisme": null, "date_modification": "03/12/2024 10:41:49", "latitude": 47.85251, "longitude": -1.686108, "codes_siren": "213500127,200070662"}, "bbox": [-1.686108, 47.852509, -1.686108, 47.852509]}, {"type": "Feature", "id": "administration.fid--17174f5a_19f2e433d8d_-4971", "geometry": {"type": "Point", "coordinates": [-1.697522, 48.216088]}, "geometry_name": "geom", "properties": {"id": "1da4353e-b48e-4ad1-aa2e-67291f175bac", "nom": "Centre Local d'Information et de Coordination (CLIC) de L'Ille et L'Illet - Permanence de Melesse", "nom_commune": "Melesse", "adresse_principale": "20 Rue de Rennes 35520 Melesse", "siret": "50454437000019", "categorie": "Service local", "code_insee": "35173", "horaires": null, "mail": "clic-ille-illet@orange.fr", "site_internet": "https://www.clic-ille-illet.fr/", "telephone": "+33223371399", "url_service_public": "https://lannuaire.service-public.gouv.fr/bretagne/ille-et-vilaine/1da4353e-b48e-4ad1-aa2e-67291f175bac", "type_organisme": null, "date_modification": "12/01/2026 14:20:37", "latitude": 48.216087, "longitude": -1.697522, "codes_siren": "213501737,243500667"}, "bbox": [-1.697522, 48.216088, -1.697522, 48.216088]}, {"type": "Feature", "id": "administration.fid--17174f5a_19f2e433d8d_-4970", "geometry": {"type": "Point", "coordinates": [-1.623919, 48.128108]}, "geometry_name": "geom", "properties": {"id": "d362fae6-46f6-44e8-98bd-b2b837291139", "nom": "Service de renseignement en droit du travail - Ille-et-Vilaine", "nom_commune": "Cesson-Sévigné Cedex", "adresse_principale": "3 bis avenue de Belle Fontaine 35517 Cesson-Sévigné Cedex", "siret": null, "categorie": "Service local", "code_insee": "35051", "horaires": null, "mail": "ddets-renseignements@ille-et-vilaine.gouv.fr", "site_internet": "https://bretagne.dreets.gouv.fr/Renseignements-au-public", "telephone": "0 806 000 126", "url_service_public": "https://lannuaire.service-public.gouv.fr/bretagne/ille-et-vilaine/d362fae6-46f6-44e8-98bd-b2b837291139", "type_organisme": null, "date_modification": "25/10/2023 14:40:28", "latitude": 48.12811, "longitude": -1.6239188, "codes_siren": "213500515,243500139"}, "bbox": [-1.623919, 48.128108, -1.623919, 48.128108]}, {"type": "Feature", "id": "administration.fid--17174f5a_19f2e433d8d_-496f", "geometry": {"type": "Point", "coordinates": [-1.68026, 48.1118]}, "geometry_name": "geom", "properties": {"id": "3ee0e2b9-2c8a-447c-bcb8-99a58b94079e", "nom": "Agence régionale de santé (ARS) - Délégation départementale - Ille-et-Vilaine", "nom_commune": "Rennes", "adresse_principale": "3 place du Général Giraud 35000 Rennes", "siret": "13000796600083", "categorie": "Service institutionnel", "code_insee": "35238", "horaires": "<b>Lundi - Vendredi</b><br>\n08:30 - 12:00\n13:30 - 17:00", "mail": "ars-dt35-direction@ars.sante.fr", "site_internet": "https://www.bretagne.ars.sante.fr", "telephone": "02 90 08 80 00", "url_service_public": "https://lannuaire.service-public.gouv.fr/bretagne/ille-et-vilaine/3ee0e2b9-2c8a-447c-bcb8-99a58b94079e", "type_organisme": "Établissement public", "date_modification": "10/04/2025 10:06:56", "latitude": 48.1118, "longitude": -1.68026, "codes_siren": "213502388,243500139"}, "bbox": [-1.68026, 48.1118, -1.68026, 48.1118]}, {"type": "Feature", "id": "administration.fid--17174f5a_19f2e433d8d_-496e", "geometry": {"type": "Point", "coordinates": [-1.398874, 48.260177]}, "geometry_name": "geom", "properties": {"id": "29b47406-ba09-432b-98b1-0b15ea16bd5c", "nom": "Mairie - Mézières-sur-Couesnon", "nom_commune": "Mézières-sur-Couesnon", "adresse_principale": "Place de la Mairie 35140 Mézières-sur-Couesnon", "siret": "21350178600015", "categorie": "Service local", "code_insee": "35178", "horaires": "<b>Mardi - Mercredi</b><br>\n08:30 - 12:00<br>\n<b>Vendredi</b><br>\n08:30 - 12:00<br>\n<b>Samedi</b><br>\n09:00 - 12:00<br>\n<b>Lundi</b><br>\n08:30 - 12:00\n16:00 - 19:00", "mail": "secretariat@mezieres-sur-couesnon.bzh", "site_internet": "https://www.mezieres-sur-couesnon.bzh", "telephone": "02 99 39 36 43", "url_service_public": "https://lannuaire.service-public.gouv.fr/bretagne/ille-et-vilaine/29b47406-ba09-432b-98b1-0b15ea16bd5c", "type_organisme": null, "date_modification": "11/03/2024 11:49:39", "latitude": 48.260178, "longitude": -1.398874, "codes_siren": "213501786,243500774"}, "bbox": [-1.398874, 48.260177, -1.398874, 48.260177]}, {"type": "Feature", "id": "administration.fid--17174f5a_19f2e433d8d_-496d", "geometry": {"type": "Point", "coordinates": [-1.661008, 47.936305]}, "geometry_name": "geom", "properties": {"id": "3d9a47cc-2918-4ed5-8658-aa91d01fb284", "nom": "Mairie - Crevin", "nom_commune": "Crevin", "adresse_principale": "10 rue de la Mairie 35320 Crevin", "siret": "21350090300017", "categorie": "Service local", "code_insee": "35090", "horaires": "<b>Lundi</b><br>\n09:00 - 12:00\n14:00 - 17:30<br>\n<b>Mardi</b><br>\n14:00 - 17:30<br>\n<b>Mercredi - Jeudi</b><br>\n09:00 - 12:00\n14:00 - 17:30<br>\n<b>Vendredi - Samedi</b><br>\n09:00 - 12:00", "mail": "accueil.mairie@crevin.fr", "site_internet": "https://www.crevin.fr/", "telephone": "02 99 42 41 65", "url_service_public": "https://lannuaire.service-public.gouv.fr/bretagne/ille-et-vilaine/3d9a47cc-2918-4ed5-8658-aa91d01fb284", "type_organisme": null, "date_modification": "17/07/2025 10:25:34", "latitude": 47.936306, "longitude": -1.661008, "codes_siren": "213500903,200070662"}, "bbox": [-1.661008, 47.936305, -1.661008, 47.936305]}, {"type": "Feature", "id": "administration.fid--17174f5a_19f2e433d8d_-496c", "geometry": {"type": "Point", "coordinates": [-1.406714, 48.108712]}, "geometry_name": "geom", "properties": {"id": "eaf07146-4574-4dd5-87c6-17631c661d8a", "nom": "France services - Châteaubourg", "nom_commune": "Châteaubourg", "adresse_principale": "9 rue Pasteur 35220 Châteaubourg", "siret": null, "categorie": "Service local", "code_insee": "35068", "horaires": "<b>Lundi</b><br>\n09:00 - 12:30<br>\n<b>Mardi - Vendredi</b><br>\n09:00 - 12:30\n14:00 - 17:00", "mail": "chateaubourg@france-services.gouv.fr", "site_internet": "https://www.france-services.gouv.fr", "telephone": "02 99 00 87 63", "url_service_public": "https://lannuaire.service-public.gouv.fr/bretagne/ille-et-vilaine/eaf07146-4574-4dd5-87c6-17631c661d8a", "type_organisme": null, "date_modification": "10/02/2025 15:34:41", "latitude": 48.10871, "longitude": -1.406714, "codes_siren": "213500689,200039022"}, "bbox": [-1.406714, 48.108712, -1.406714, 48.108712]}, {"type": "Feature", "id": "administration.fid--17174f5a_19f2e433d8d_-496b", "geometry": {"type": "Point", "coordinates": [-1.725985, 47.97959]}, "geometry_name": "geom", "properties": {"id": "a4be344e-ec9e-400d-99a9-45f55ca86937", "nom": "Police municipale - Laillé", "nom_commune": "Laillé", "adresse_principale": "Rue de la Halte 35890 Laillé", "siret": null, "categorie": "Service local", "code_insee": "35139", "horaires": null, "mail": "policemunicipale@laille.fr", "site_internet": null, "telephone": "07 89 41 92 66", "url_service_public": "https://lannuaire.service-public.gouv.fr/bretagne/ille-et-vilaine/a4be344e-ec9e-400d-99a9-45f55ca86937", "type_organisme": null, "date_modification": "29/01/2026 15:43:15", "latitude": 47.97959, "longitude": -1.725985, "codes_siren": "213501398,243500139"}, "bbox": [-1.725985, 47.97959, -1.725985, 47.97959]}, {"type": "Feature", "id": "administration.fid--17174f5a_19f2e433d8d_-496a", "geometry": {"type": "Point", "coordinates": [-1.794514, 48.10086]}, "geometry_name": "geom", "properties": {"id": "3e8cef00-2e40-46f7-9c3d-8750127ac76b", "nom": "Police municipale - Le Rheu", "nom_commune": "Le Rheu", "adresse_principale": "Place de la Mairie 35651 Le Rheu", "siret": null, "categorie": "Service local", "code_insee": "35240", "horaires": null, "mail": null, "site_internet": null, "telephone": "02 90 09 13 37", "url_service_public": "https://lannuaire.service-public.gouv.fr/bretagne/ille-et-vilaine/3e8cef00-2e40-46f7-9c3d-8750127ac76b", "type_organisme": null, "date_modification": "10/11/2025 17:10:05", "latitude": 48.10086, "longitude": -1.794514, "codes_siren": "213502404,243500139"}, "bbox": [-1.794514, 48.10086, -1.794514, 48.10086]}, {"type": "Feature", "id": "administration.fid--17174f5a_19f2e433d8d_-4969", "geometry": {"type": "Point", "coordinates": [-1.512171, 48.054229]}, "geometry_name": "geom", "properties": {"id": "f6589929-ec39-4422-b76d-fca4976ebc7d", "nom": "France services - Pays de Châteaugiron", "nom_commune": "Châteaugiron", "adresse_principale": "16 rue de Rennes 35410 Châteaugiron", "siret": null, "categorie": "Service local", "code_insee": "35069", "horaires": "<b>Lundi</b><br>\n08:30 - 12:30<br>\n<b>Mardi</b><br>\n13:30 - 17:30<br>\n<b>Mercredi</b><br>\n08:30 - 12:30\n13:30 - 17:30<br>\n<b>Jeudi</b><br>\n08:30 - 12:30<br>\n<b>Vendredi</b><br>\n13:30 - 17:30", "mail": "france.services@pcc.bzh", "site_internet": "https://www.france-services.gouv.fr", "telephone": "02 99 37 97 08", "url_service_public": "https://lannuaire.service-public.gouv.fr/bretagne/ille-et-vilaine/f6589929-ec39-4422-b76d-fca4976ebc7d", "type_organisme": null, "date_modification": "10/02/2025 15:34:50", "latitude": 48.05423, "longitude": -1.512171, "codes_siren": "200064483,243500659"}, "bbox": [-1.512171, 48.054229, -1.512171, 48.054229]}, {"type": "Feature", "id": "administration.fid--17174f5a_19f2e433d8d_-4968", "geometry": {"type": "Point", "coordinates": [-1.866615, 48.12449]}, "geometry_name": "geom", "properties": {"id": "56f3c6ef-84a4-463f-8b82-4fadc58fe429", "nom": "Centre communal d'action sociale (CCAS) - La Chapelle-Thouarault", "nom_commune": "La Chapelle-Thouarault", "adresse_principale": "Rue du Commerce 35590 La Chapelle-Thouarault", "siret": "26350439100016", "categorie": "Service local", "code_insee": "35065", "horaires": null, "mail": "mairie@lachapellethouarault.fr", "site_internet": "https://www.lachapellethouarault.fr/accueil/au-quotidien/le-centre-communal-daction-sociale", "telephone": "+33299076141", "url_service_public": "https://lannuaire.service-public.gouv.fr/bretagne/ille-et-vilaine/56f3c6ef-84a4-463f-8b82-4fadc58fe429", "type_organisme": null, "date_modification": "24/02/2026 08:09:51", "latitude": 48.12449, "longitude": -1.866615, "codes_siren": "213500655,243500139"}, "bbox": [-1.866615, 48.12449, -1.866615, 48.12449]}, {"type": "Feature", "id": "administration.fid--17174f5a_19f2e433d8d_-4967", "geometry": {"type": "Point", "coordinates": [-1.399746, 48.260778]}, "geometry_name": "geom", "properties": {"id": "b05da1d3-95b0-4b7a-9a78-b6394f67acaf", "nom": "Centre communal d'action sociale (CCAS) - Saint-Aubin-du-Cormier", "nom_commune": "Saint-Aubin-du-Cormier", "adresse_principale": "3 Rue de la Libération 35140 Saint-Aubin-du-Cormier", "siret": "21350253700011", "categorie": "Service local", "code_insee": "35253", "horaires": null, "mail": "ccas@ville-staubinducormier.fr", "site_internet": "https://www.saint-aubin-du-cormier.bzh/accueil/saint-aubin-au-quotidien/solidarites/ccas/presentation-du-ccas/presentation-du-ccas/", "telephone": "+33223424212", "url_service_public": "https://lannuaire.service-public.gouv.fr/bretagne/ille-et-vilaine/b05da1d3-95b0-4b7a-9a78-b6394f67acaf", "type_organisme": null, "date_modification": "24/02/2026 08:10:06", "latitude": 48.260777, "longitude": -1.399746, "codes_siren": "213502537,243500774"}, "bbox": [-1.399746, 48.260778, -1.399746, 48.260778]}, {"type": "Feature", "id": "administration.fid--17174f5a_19f2e433d8d_-4966", "geometry": {"type": "Point", "coordinates": [-1.301799, 48.177218]}, "geometry_name": "geom", "properties": {"id": "b3c8f1a3-ded2-43a9-8d57-3438fbce4b39", "nom": "Mairie - Val-d'Izé", "nom_commune": "Val-d'Izé", "adresse_principale": "Place Jean Poirier 35450 Val-d'Izé", "siret": "21350347700019", "categorie": "Service local", "code_insee": "35347", "horaires": "<b>Lundi</b><br>\n09:00 - 12:30<br>\n<b>Mardi</b><br>\n09:00 - 12:30\n15:00 - 17:45<br>\n<b>Mercredi - Jeudi</b><br>\n09:00 - 12:30<br>\n<b>Vendredi</b><br>\n09:00 - 12:30\n15:00 - 17:45<br>\n<b>Samedi</b><br>\n09:00 - 12:00", "mail": "mairie@valdize.fr", "site_internet": "https://www.valdize.fr/", "telephone": "02 99 49 83 06", "url_service_public": "https://lannuaire.service-public.gouv.fr/bretagne/ille-et-vilaine/b3c8f1a3-ded2-43a9-8d57-3438fbce4b39", "type_organisme": null, "date_modification": "05/05/2025 15:34:30", "latitude": 48.17722, "longitude": -1.301799, "codes_siren": "213503477,200039022"}, "bbox": [-1.301799, 48.177218, -1.301799, 48.177218]}, {"type": "Feature", "id": "administration.fid--17174f5a_19f2e433d8d_-4965", "geometry": {"type": "Point", "coordinates": [-1.789168, 48.220636]}, "geometry_name": "geom", "properties": {"id": "aafcc218-05de-4faf-8cf1-3036b799b343", "nom": "Centre communal d'action sociale (CCAS) - Geveze", "nom_commune": "Gévezé", "adresse_principale": "Espace des Droits de l'Homme 35850 Gévezé", "siret": "26350381500015", "categorie": "Service local", "code_insee": "35120", "horaires": null, "mail": null, "site_internet": null, "telephone": "+33299699022", "url_service_public": "https://lannuaire.service-public.gouv.fr/bretagne/ille-et-vilaine/aafcc218-05de-4faf-8cf1-3036b799b343", "type_organisme": null, "date_modification": "24/02/2026 08:10:05", "latitude": 48.220634, "longitude": -1.789168, "codes_siren": "213501208,243500139"}, "bbox": [-1.789168, 48.220636, -1.789168, 48.220636]}, {"type": "Feature", "id": "administration.fid--17174f5a_19f2e433d8d_-4964", "geometry": {"type": "Point", "coordinates": [-1.67505, 48.106928]}, "geometry_name": "geom", "properties": {"id": "f2b3652e-57ef-434a-8b40-31a98f3503aa", "nom": "Service départemental des impôts foncier (SDIF) Ille-et-Vilaine - Rennes", "nom_commune": "Rennes", "adresse_principale": "2 boulevard Magenta 35000 Rennes", "siret": null, "categorie": "Service local", "code_insee": "35238", "horaires": "<b>Lundi - Vendredi</b><br>\n08:45 - 12:00", "mail": "sdif.ille-et-vilaine@dgfip.finances.gouv.fr", "site_internet": "https://www.impots.gouv.fr/accueil", "telephone": "02 99 29 23 03", "url_service_public": "https://lannuaire.service-public.gouv.fr/bretagne/ille-et-vilaine/f2b3652e-57ef-434a-8b40-31a98f3503aa", "type_organisme": null, "date_modification": "09/08/2023 14:39:12", "latitude": 48.10693, "longitude": -1.67505, "codes_siren": "213502388,243500139"}, "bbox": [-1.67505, 48.106928, -1.67505, 48.106928]}, {"type": "Feature", "id": "administration.fid--17174f5a_19f2e433d8d_-4963", "geometry": {"type": "Point", "coordinates": [-1.695655, 48.129438]}, "geometry_name": "geom", "properties": {"id": "26598c20-a2f2-4701-be22-935fd0bd24c2", "nom": "Point-justice de la maison de quartier « Le Cadran » de Rennes", "nom_commune": "RENNES", "adresse_principale": "2A avenue André Mussat 35000 RENNES", "siret": null, "categorie": "Service local", "code_insee": "35238", "horaires": null, "mail": null, "site_internet": "https://www.cdad-ca-rennes.fr/", "telephone": "02 99 31 16 62", "url_service_public": "https://lannuaire.service-public.gouv.fr/bretagne/ille-et-vilaine/26598c20-a2f2-4701-be22-935fd0bd24c2", "type_organisme": null, "date_modification": "03/10/2025 04:36:24", "latitude": 48.129436, "longitude": -1.695655, "codes_siren": "213502388,243500139"}, "bbox": [-1.695655, 48.129438, -1.695655, 48.129438]}, {"type": "Feature", "id": "administration.fid--17174f5a_19f2e433d8d_-4962", "geometry": {"type": "Point", "coordinates": [-1.422192, 47.959244]}, "geometry_name": "geom", "properties": {"id": "a7566e69-342e-4d35-b3c0-1dec89f0dc5c", "nom": "Mairie - Essé", "nom_commune": "Essé", "adresse_principale": "1 rue de la Seiche-Essé 35150 Essé", "siret": "21350108300017", "categorie": "Service local", "code_insee": "35108", "horaires": "<b>Mardi - Mercredi</b><br>\n09:00 - 12:00<br>\n<b>Jeudi - Vendredi</b><br>\n14:00 - 17:00<br>\n<b>Samedi</b><br>\n09:00 - 12:00", "mail": "commune@esse.bzh", "site_internet": null, "telephone": "02 99 47 06 01", "url_service_public": "https://lannuaire.service-public.gouv.fr/bretagne/ille-et-vilaine/a7566e69-342e-4d35-b3c0-1dec89f0dc5c", "type_organisme": null, "date_modification": "05/05/2025 15:34:15", "latitude": 47.959244, "longitude": -1.422192, "codes_siren": "213501083,243500634"}, "bbox": [-1.422192, 47.959244, -1.422192, 47.959244]}, {"type": "Feature", "id": "administration.fid--17174f5a_19f2e433d8d_-4961", "geometry": {"type": "Point", "coordinates": [-1.717611, 48.117336]}, "geometry_name": "geom", "properties": {"id": "839a821d-f39e-4a69-91ca-97c453366f67", "nom": "Direction départementale des territoires et de la mer (DDTM) - Ille-et-Vilaine", "nom_commune": "Rennes", "adresse_principale": "12 rue Maurice-Fabre 35000 Rennes", "siret": null, "categorie": "Service institutionnel", "code_insee": "35238", "horaires": "<b>Lundi - Jeudi</b><br>\n09:00 - 12:00\n14:00 - 17:00<br>\n<b>Vendredi</b><br>\n09:00 - 12:00\n14:00 - 16:00", "mail": "ddtm@ille-et-vilaine.gouv.fr", "site_internet": "https://www.ille-et-vilaine.gouv.fr/Services-de-l-Etat/Direction-departementale-des-territoires-et-de-la-mer", "telephone": "02 90 02 32 00", "url_service_public": "https://lannuaire.service-public.gouv.fr/bretagne/ille-et-vilaine/839a821d-f39e-4a69-91ca-97c453366f67", "type_organisme": "Direction départementale interministérielle", "date_modification": "10/11/2025 17:24:33", "latitude": 48.117336, "longitude": -1.717611, "codes_siren": "213502388,243500139"}, "bbox": [-1.717611, 48.117336, -1.717611, 48.117336]}, {"type": "Feature", "id": "administration.fid--17174f5a_19f2e433d8d_-4960", "geometry": {"type": "Point", "coordinates": [-1.49825, 47.95931]}, "geometry_name": "geom", "properties": {"id": "4cbb9ffe-fb0f-42fe-ae87-49f764adfa81", "nom": "Police municipale - Janzé", "nom_commune": "Janzé", "adresse_principale": "Place des Halles 35150 Janzé", "siret": null, "categorie": "Service local", "code_insee": "35136", "horaires": "<b>Lundi - Vendredi</b><br>\n08:00 - 12:00\n14:00 - 17:00<br>\n<b>Samedi</b><br>\n09:00 - 12:00", "mail": "policemunicipale@janze.fr", "site_internet": "https://www.janze.fr/mon-quotidien/securite-et-prevention/police-municipale", "telephone": "02 99 47 64 75", "url_service_public": "https://lannuaire.service-public.gouv.fr/bretagne/ille-et-vilaine/4cbb9ffe-fb0f-42fe-ae87-49f764adfa81", "type_organisme": null, "date_modification": "27/11/2024 08:35:11", "latitude": 47.95931, "longitude": -1.49825, "codes_siren": "213501364,243500634"}, "bbox": [-1.49825, 47.95931, -1.49825, 47.95931]}, {"type": "Feature", "id": "administration.fid--17174f5a_19f2e433d8d_-495f", "geometry": {"type": "Point", "coordinates": [-1.6623, 48.135128]}, "geometry_name": "geom", "properties": {"id": "1532c1ab-7d0f-4f90-b095-7640a30dcb44", "nom": "Pôle Ressources", "nom_commune": "Rennes", "adresse_principale": "283 avenue du Général Patton 35000 Rennes", "siret": null, "categorie": "Service institutionnel", "code_insee": "35238", "horaires": null, "mail": null, "site_internet": "https://www.bretagne.bzh/", "telephone": "02 99 27 10 10", "url_service_public": "https://lannuaire.service-public.gouv.fr/bretagne/ille-et-vilaine/1532c1ab-7d0f-4f90-b095-7640a30dcb44", "type_organisme": "Collectivité locale", "date_modification": "12/02/2025 13:19:44", "latitude": 48.135128, "longitude": -1.6623, "codes_siren": "213502388,243500139"}, "bbox": [-1.6623, 48.135128, -1.6623, 48.135128]}, {"type": "Feature", "id": "administration.fid--17174f5a_19f2e433d8d_-495e", "geometry": {"type": "Point", "coordinates": [-1.424433, 48.328968]}, "geometry_name": "geom", "properties": {"id": "99660227-84e6-43e0-9a97-5e690e9921b6", "nom": "Centre communal d'action sociale (CCAS) - Saint-Ouen-des-Alleux", "nom_commune": "Saint-Ouen-des-Alleux", "adresse_principale": "2 Rue de Gaulle 35140 Saint-Ouen-des-Alleux", "siret": "21350304800018", "categorie": "Service local", "code_insee": "35304", "horaires": null, "mail": "accueil@saintouendesalleux.fr", "site_internet": "https://www.saintouendesalleux.fr/", "telephone": "+33299393815", "url_service_public": "https://lannuaire.service-public.gouv.fr/bretagne/ille-et-vilaine/99660227-84e6-43e0-9a97-5e690e9921b6", "type_organisme": null, "date_modification": "24/02/2026 08:10:02", "latitude": 48.328968, "longitude": -1.424433, "codes_siren": "213503048,200072452"}, "bbox": [-1.424433, 48.328968, -1.424433, 48.328968]}, {"type": "Feature", "id": "administration.fid--17174f5a_19f2e433d8d_-495d", "geometry": {"type": "Point", "coordinates": [-1.659548, 48.249065]}, "geometry_name": "geom", "properties": {"id": "46621ed3-9bae-4582-8271-db6d19ae0660", "nom": "Centre communal d'action sociale (CCAS) - Saint-Germain-sur-Ille", "nom_commune": "Saint-Germain-sur-Ille", "adresse_principale": "1 Place de la Mairie 35250 Saint-Germain-sur-Ille", "siret": "21350274300015", "categorie": "Service local", "code_insee": "35274", "horaires": null, "mail": "accueil@stgi.fr", "site_internet": "https://saint-germain-sur-ille.fr/actions-sociales/", "telephone": "+33299552226", "url_service_public": "https://lannuaire.service-public.gouv.fr/bretagne/ille-et-vilaine/46621ed3-9bae-4582-8271-db6d19ae0660", "type_organisme": null, "date_modification": "24/02/2026 08:09:48", "latitude": 48.249065, "longitude": -1.659548, "codes_siren": "213502743,243500667"}, "bbox": [-1.659548, 48.249065, -1.659548, 48.249065]}, {"type": "Feature", "id": "administration.fid--17174f5a_19f2e433d8d_-495c", "geometry": {"type": "Point", "coordinates": [-1.885143, 47.866853]}, "geometry_name": "geom", "properties": {"id": "3664b07e-34d9-4fe6-94cd-f8dee4e1452a", "nom": "Mairie - Lohéac", "nom_commune": "Lohéac", "adresse_principale": "30 rue de la Poste 35550 Lohéac", "siret": "21350155400017", "categorie": "Service local", "code_insee": "35155", "horaires": "<b>Lundi - Mardi</b><br>\n09:30 - 12:00\n14:00 - 17:00<br>\n<b>Mercredi</b><br>\n09:30 - 12:30<br>\n<b>Jeudi - Vendredi</b><br>\n09:30 - 12:00\n14:00 - 17:00", "mail": "mairie.loheac@orange.fr", "site_internet": "https://www.loheac.fr/", "telephone": "02 99 34 10 20", "url_service_public": "https://lannuaire.service-public.gouv.fr/bretagne/ille-et-vilaine/3664b07e-34d9-4fe6-94cd-f8dee4e1452a", "type_organisme": null, "date_modification": "05/05/2025 15:32:05", "latitude": 47.86685, "longitude": -1.8851435, "codes_siren": "213501554,200043990"}, "bbox": [-1.885143, 47.866853, -1.885143, 47.866853]}, {"type": "Feature", "id": "administration.fid--17174f5a_19f2e433d8d_-495b", "geometry": {"type": "Point", "coordinates": [-1.943373, 48.179796]}, "geometry_name": "geom", "properties": {"id": "6557b341-ce5b-4d64-b59b-e60f46837927", "nom": "Centre communal d'action sociale (CCAS) - Bédée", "nom_commune": "Bédée", "adresse_principale": "2 Rue DE RENNES 35137 Bédée", "siret": "26350039900013", "categorie": "Service local", "code_insee": "35023", "horaires": null, "mail": "ccas@ville-bedee.bzh", "site_internet": "https://www.ville-bedee.bzh/mon-quotidien/solidarite-sante/ccas/", "telephone": "+33299061820", "url_service_public": "https://lannuaire.service-public.gouv.fr/bretagne/ille-et-vilaine/6557b341-ce5b-4d64-b59b-e60f46837927", "type_organisme": null, "date_modification": "24/02/2026 08:09:54", "latitude": 48.179794, "longitude": -1.943373, "codes_siren": "213500234,243500550"}, "bbox": [-1.943373, 48.179796, -1.943373, 48.179796]}, {"type": "Feature", "id": "administration.fid--17174f5a_19f2e433d8d_-495a", "geometry": {"type": "Point", "coordinates": [-1.68246, 48.1049]}, "geometry_name": "geom", "properties": {"id": "10e5543b-2bb1-416f-9371-5b9b2c3ed92d", "nom": "Direction financière, comptable et d'appui à la qualité interne (ARS) - Bretagne", "nom_commune": "Rennes", "adresse_principale": "6 place des Colombes 35000 Rennes", "siret": null, "categorie": "Service institutionnel", "code_insee": "35238", "horaires": null, "mail": "ars-bretagne-contact@ars.sante.fr", "site_internet": "https://www.bretagne.ars.sante.fr/", "telephone": "02 90 08 80 00", "url_service_public": "https://lannuaire.service-public.gouv.fr/bretagne/ille-et-vilaine/10e5543b-2bb1-416f-9371-5b9b2c3ed92d", "type_organisme": "Établissement public", "date_modification": "09/08/2023 13:35:37", "latitude": 48.1049, "longitude": -1.68246, "codes_siren": "213502388,243500139"}, "bbox": [-1.68246, 48.1049, -1.68246, 48.1049]}, {"type": "Feature", "id": "administration.fid--17174f5a_19f2e433d8d_-4959", "geometry": {"type": "Point", "coordinates": [-1.379538, 47.911594]}, "geometry_name": "geom", "properties": {"id": "ac5de0bd-b5e9-4452-a78d-a206a79ed9be", "nom": "Espace conseil France Rénov' - Retiers", "nom_commune": "Rétiers", "adresse_principale": "16 rue Louis-Pasteur 35240 Rétiers", "siret": null, "categorie": "Service local", "code_insee": "35239", "horaires": null, "mail": "infohabitat@ccprf.fr", "site_internet": "https://www.rafcom.bzh/vivre-habiter/habitat-et-urbanisme/se-loger/aides-lhabitat", "telephone": "02 99 43 64 87", "url_service_public": "https://lannuaire.service-public.gouv.fr/bretagne/ille-et-vilaine/ac5de0bd-b5e9-4452-a78d-a206a79ed9be", "type_organisme": null, "date_modification": "24/11/2025 11:29:39", "latitude": 47.911594, "longitude": -1.379538, "codes_siren": "213502396,243500634"}, "bbox": [-1.379538, 47.911594, -1.379538, 47.911594]}, {"type": "Feature", "id": "administration.fid--17174f5a_19f2e433d8d_-4958", "geometry": {"type": "Point", "coordinates": [-1.797053, 47.963472]}, "geometry_name": "geom", "properties": {"id": "82afb5f9-8f79-4cba-8ae6-160536430898", "nom": "Point information jeunesse - Guichen", "nom_commune": "Guichen", "adresse_principale": "26 rue du Commandant-Charcot 35580 Guichen", "siret": null, "categorie": "Service local", "code_insee": "35126", "horaires": "<b>Lundi</b><br>\n14:00 - 17:00<br>\n<b>Mercredi</b><br>\n09:00 - 13:00\n14:00 - 18:00<br>\n<b>Vendredi</b><br>\n14:00 - 18:30", "mail": "reunan.girard@vallonsdehautebretagne.fr", "site_internet": "http://www.vallons-de-haute-bretagne-communaute.fr", "telephone": "02 99 52 08 91", "url_service_public": "https://lannuaire.service-public.gouv.fr/bretagne/ille-et-vilaine/82afb5f9-8f79-4cba-8ae6-160536430898", "type_organisme": null, "date_modification": "09/08/2023 14:07:58", "latitude": 47.96347, "longitude": -1.7970535, "codes_siren": "213501265,200043990"}, "bbox": [-1.797053, 47.963472, -1.797053, 47.963472]}, {"type": "Feature", "id": "administration.fid--17174f5a_19f2e433d8d_-4957", "geometry": {"type": "Point", "coordinates": [-1.379538, 47.911594]}, "geometry_name": "geom", "properties": {"id": "4fb521dd-3cb0-48b1-9b7e-d45ecfa80c21", "nom": "Communauté de communes - Roche aux Fées Communauté", "nom_commune": "Retiers", "adresse_principale": "16 rue Louis-Pasteur 35240 Retiers", "siret": "24350063400064", "categorie": "Service local", "code_insee": "35239", "horaires": "<b>Lundi - Jeudi</b><br>\n09:00 - 12:00\n14:00 - 17:30<br>\n<b>Vendredi</b><br>\n09:00 - 12:00\n14:00 - 16:30", "mail": "accueil@rafcom.bzh", "site_internet": "https://www.rafcom.bzh/", "telephone": "02 99 43 64 87", "url_service_public": "https://lannuaire.service-public.gouv.fr/bretagne/ille-et-vilaine/4fb521dd-3cb0-48b1-9b7e-d45ecfa80c21", "type_organisme": null, "date_modification": "18/12/2024 17:35:46", "latitude": 47.911594, "longitude": -1.379538, "codes_siren": "213502396,243500634"}, "bbox": [-1.379538, 47.911594, -1.379538, 47.911594]}, {"type": "Feature", "id": "administration.fid--17174f5a_19f2e433d8d_-4956", "geometry": {"type": "Point", "coordinates": [-1.784263, 48.248325]}, "geometry_name": "geom", "properties": {"id": "e11dab90-4edb-4bef-9480-bf68826caadc", "nom": "Mairie - Vignoc", "nom_commune": "Vignoc", "adresse_principale": "12 rue des Écoles 35630 Vignoc", "siret": "21350356800015", "categorie": "Service local", "code_insee": "35356", "horaires": "<b>Mardi</b><br>\n09:00 - 12:00\n16:00 - 18:00<br>\n<b>Mercredi - Jeudi</b><br>\n09:00 - 12:00<br>\n<b>Vendredi</b><br>\n09:00 - 12:00\n14:00 - 17:00<br>\n<b>Samedi</b><br>\n09:00 - 12:00", "mail": "mairie@vignoc.fr", "site_internet": "https://vignoc.fr", "telephone": "02 99 69 82 46", "url_service_public": "https://lannuaire.service-public.gouv.fr/bretagne/ille-et-vilaine/e11dab90-4edb-4bef-9480-bf68826caadc", "type_organisme": null, "date_modification": "28/07/2025 15:07:46", "latitude": 48.248325, "longitude": -1.784263, "codes_siren": "213503568,243500667"}, "bbox": [-1.784263, 48.248325, -1.784263, 48.248325]}, {"type": "Feature", "id": "administration.fid--17174f5a_19f2e433d8d_-4955", "geometry": {"type": "Point", "coordinates": [-1.929004, 48.108587]}, "geometry_name": "geom", "properties": {"id": "bd097407-f251-4e88-9af6-c613c23fd833", "nom": "Centre communal d'action sociale (CCAS) - Talensac", "nom_commune": "Talensac", "adresse_principale": "9bis rue de Saint Péran 35160 Talensac", "siret": "21350331100010", "categorie": "Service local", "code_insee": "35331", "horaires": null, "mail": "mairie@talensac.fr", "site_internet": "https://www.talensac.fr/mon-quotidien/solidarite/ccas/", "telephone": "+33299090615", "url_service_public": "https://lannuaire.service-public.gouv.fr/bretagne/ille-et-vilaine/bd097407-f251-4e88-9af6-c613c23fd833", "type_organisme": null, "date_modification": "24/02/2026 08:10:09", "latitude": 48.108585, "longitude": -1.929004, "codes_siren": "213503311,243500550"}, "bbox": [-1.929004, 48.108587, -1.929004, 48.108587]}, {"type": "Feature", "id": "administration.fid--17174f5a_19f2e433d8d_-4954", "geometry": {"type": "Point", "coordinates": [-1.661867, 48.04258]}, "geometry_name": "geom", "properties": {"id": "5a6d16d1-fd0e-41ac-9c92-8949f8b8fdbe", "nom": "Police municipale - Noyal-Châtillon-sur-Seiche", "nom_commune": "Noyal-Châtillon-sur-Seiche", "adresse_principale": "3 rue de la Mairie 35230 Noyal-Châtillon-sur-Seiche", "siret": null, "categorie": "Service local", "code_insee": "35206", "horaires": null, "mail": "police.municipale@ville-noyal-chatillon.fr", "site_internet": null, "telephone": null, "url_service_public": "https://lannuaire.service-public.gouv.fr/bretagne/ille-et-vilaine/5a6d16d1-fd0e-41ac-9c92-8949f8b8fdbe", "type_organisme": null, "date_modification": "10/11/2025 17:11:24", "latitude": 48.04258, "longitude": -1.661867, "codes_siren": "213503642,243500139"}, "bbox": [-1.661867, 48.04258, -1.661867, 48.04258]}, {"type": "Feature", "id": "administration.fid--17174f5a_19f2e433d8d_-4953", "geometry": {"type": "Point", "coordinates": [-1.864031, 48.048241]}, "geometry_name": "geom", "properties": {"id": "d3bf87f6-be58-4081-9f2c-cae0c77453b8", "nom": "Mairie - Bréal-sous-Montfort", "nom_commune": "Bréal-sous-Montfort", "adresse_principale": "2 rue de Bruz 35310 Bréal-sous-Montfort", "siret": "21350037400011", "categorie": "Service local", "code_insee": "35037", "horaires": "<b>Lundi - Mercredi</b><br>\n09:00 - 12:00\n14:00 - 17:00<br>\n<b>Jeudi</b><br>\n09:00 - 12:00<br>\n<b>Vendredi</b><br>\n09:00 - 12:00\n14:00 - 17:00<br>\n<b>Samedi</b><br>\n09:00 - 12:00", "mail": "mairie@brealsousmontfort.fr", "site_internet": "https://www.brealsousmontfort.fr", "telephone": "02 99 60 41 58", "url_service_public": "https://lannuaire.service-public.gouv.fr/bretagne/ille-et-vilaine/d3bf87f6-be58-4081-9f2c-cae0c77453b8", "type_organisme": null, "date_modification": "05/05/2025 15:35:01", "latitude": 48.04824, "longitude": -1.864031, "codes_siren": "213500374,243500618"}, "bbox": [-1.864031, 48.048241, -1.864031, 48.048241]}, {"type": "Feature", "id": "administration.fid--17174f5a_19f2e433d8d_-4952", "geometry": {"type": "Point", "coordinates": [-1.68638, 47.852605]}, "geometry_name": "geom", "properties": {"id": "544bccae-09a5-4c6a-bcd8-712348c0d4e7", "nom": "France services - Bain-de-Bretagne", "nom_commune": "Bain-de-Bretagne", "adresse_principale": "2 allée de l'Ille 35470 Bain-de-Bretagne", "siret": null, "categorie": "Service local", "code_insee": "35012", "horaires": "<b>Lundi</b><br>\n09:00 - 12:30<br>\n<b>Mardi - Mercredi</b><br>\n09:00 - 12:30\n14:00 - 17:15<br>\n<b>Jeudi</b><br>\n13:45 - 17:15<br>\n<b>Vendredi</b><br>\n09:00 - 12:30", "mail": "maisonemploiservices@bretagneportedeloire.fr", "site_internet": "https://www.bretagneportedeloire.fr/", "telephone": "02 99 43 86 50", "url_service_public": "https://lannuaire.service-public.gouv.fr/bretagne/ille-et-vilaine/544bccae-09a5-4c6a-bcd8-712348c0d4e7", "type_organisme": null, "date_modification": "17/03/2025 15:49:36", "latitude": 47.852604, "longitude": -1.6863801, "codes_siren": "213500127,200070662"}, "bbox": [-1.68638, 47.852605, -1.68638, 47.852605]}, {"type": "Feature", "id": "administration.fid--17174f5a_19f2e433d8d_-4951", "geometry": {"type": "Point", "coordinates": [-1.68246, 48.1049]}, "geometry_name": "geom", "properties": {"id": "fc2f2fa8-698c-4fd8-be10-3295d00ffde3", "nom": "Direction de l'hospitalisation, de l'autonomie et de la performance (ARS) - Bretagne", "nom_commune": "Rennes", "adresse_principale": "6 place des Colombes 35000 Rennes", "siret": null, "categorie": "Service institutionnel", "code_insee": "35238", "horaires": null, "mail": "ars-bretagne-contact@ars.sante.fr", "site_internet": "https://www.bretagne.ars.sante.fr/", "telephone": "02 90 08 80 00", "url_service_public": "https://lannuaire.service-public.gouv.fr/bretagne/ille-et-vilaine/fc2f2fa8-698c-4fd8-be10-3295d00ffde3", "type_organisme": "Établissement public", "date_modification": "09/08/2023 14:41:49", "latitude": 48.1049, "longitude": -1.68246, "codes_siren": "213502388,243500139"}, "bbox": [-1.68246, 48.1049, -1.68246, 48.1049]}, {"type": "Feature", "id": "administration.fid--17174f5a_19f2e433d8d_-4950", "geometry": {"type": "Point", "coordinates": [-1.537781, 48.334493]}, "geometry_name": "geom", "properties": {"id": "6165eef1-58d9-48dc-aded-b396d5fd73c9", "nom": "France services - Sens-de-Bretagne", "nom_commune": "Sens-de-Bretagne", "adresse_principale": "Place de la Gare 35490 Sens-de-Bretagne", "siret": null, "categorie": "Service local", "code_insee": "35326", "horaires": "<b>Lundi - Mardi</b><br>\n09:00 - 12:00\n14:30 - 17:30<br>\n<b>Jeudi - Vendredi</b><br>\n09:00 - 12:00\n14:30 - 17:30<br>\n<b>Samedi</b><br>\n09:00 - 12:00", "mail": "sens-de-bretagne@france-services.gouv.fr", "site_internet": "https://www.france-services.gouv.fr", "telephone": "02 23 25 13 14", "url_service_public": "https://lannuaire.service-public.gouv.fr/bretagne/ille-et-vilaine/6165eef1-58d9-48dc-aded-b396d5fd73c9", "type_organisme": null, "date_modification": "10/02/2025 15:32:47", "latitude": 48.33449, "longitude": -1.5377808, "codes_siren": "213503261,243500667"}, "bbox": [-1.537781, 48.334493, -1.537781, 48.334493]}, {"type": "Feature", "id": "administration.fid--17174f5a_19f2e433d8d_-494f", "geometry": {"type": "Point", "coordinates": [-1.614273, 47.995074]}, "geometry_name": "geom", "properties": {"id": "00b13527-5824-4786-8666-d4f9e54950bf", "nom": "Police municipale - Bourgbarré", "nom_commune": "Bourgbarré", "adresse_principale": "1 rue des Sports 35230 Bourgbarré", "siret": null, "categorie": "Service local", "code_insee": "35032", "horaires": null, "mail": "police.municipale@bourgbarre.fr", "site_internet": "https://www.bourgbarre.fr/mon-quotidien/prevention-securite/police-municipale/", "telephone": "02 22 43 11 90", "url_service_public": "https://lannuaire.service-public.gouv.fr/bretagne/ille-et-vilaine/00b13527-5824-4786-8666-d4f9e54950bf", "type_organisme": null, "date_modification": "29/11/2024 14:30:41", "latitude": 47.995075, "longitude": -1.614273, "codes_siren": "213500325,243500139"}, "bbox": [-1.614273, 47.995074, -1.614273, 47.995074]}, {"type": "Feature", "id": "administration.fid--17174f5a_19f2e433d8d_-494e", "geometry": {"type": "Point", "coordinates": [-1.406698, 48.108693]}, "geometry_name": "geom", "properties": {"id": "7b417ece-18da-4f45-9b3f-eaca05aa44ee", "nom": "Mission locale pour l'insertion professionnelle et sociale des jeunes (16-25 ans) - Châteaubourg", "nom_commune": "Châteaubourg", "adresse_principale": "9 rue Pasteur 35220 Châteaubourg", "siret": null, "categorie": "Service local", "code_insee": "35068", "horaires": "<b>Lundi - Mercredi</b><br>\n08:30 - 12:30\n13:30 - 17:30<br>\n<b>Jeudi</b><br>\n08:30 - 12:30<br>\n<b>Vendredi</b><br>\n08:30 - 12:30\n13:30 - 17:30", "mail": "contact@missionlocale-portedebretagne.fr", "site_internet": "https://missionlocale-portedebretagne.fr/", "telephone": "02 99 00 75 18", "url_service_public": "https://lannuaire.service-public.gouv.fr/bretagne/ille-et-vilaine/7b417ece-18da-4f45-9b3f-eaca05aa44ee", "type_organisme": null, "date_modification": "18/12/2024 17:38:25", "latitude": 48.108692, "longitude": -1.406698, "codes_siren": "213500689,200039022"}, "bbox": [-1.406698, 48.108693, -1.406698, 48.108693]}, {"type": "Feature", "id": "administration.fid--17174f5a_19f2e433d8d_-494d", "geometry": {"type": "Point", "coordinates": [-1.94399, 47.81106]}, "geometry_name": "geom", "properties": {"id": "1d6c98a9-b4f8-4107-b979-2b585e32fa90", "nom": "Brigade de gendarmerie - Pipriac", "nom_commune": "Pipriac", "adresse_principale": "36 rue du Général de Gaulle 35550 Pipriac", "siret": null, "categorie": "Service local", "code_insee": "35219", "horaires": null, "mail": null, "site_internet": "https://www.gendarmerie.interieur.gouv.fr", "telephone": "02 99 34 40 89", "url_service_public": "https://lannuaire.service-public.gouv.fr/bretagne/ille-et-vilaine/1d6c98a9-b4f8-4107-b979-2b585e32fa90", "type_organisme": null, "date_modification": "24/10/2024 09:09:30", "latitude": 47.81106, "longitude": -1.94399, "codes_siren": "213502198,243500741"}, "bbox": [-1.94399, 47.81106, -1.94399, 47.81106]}, {"type": "Feature", "id": "administration.fid--17174f5a_19f2e433d8d_-494c", "geometry": {"type": "Point", "coordinates": [-1.677002, 48.11568]}, "geometry_name": "geom", "properties": {"id": "296b4a00-c60b-4098-ae61-aa2ffc733623", "nom": "Centre régional des œuvres universitaires et scolaires (Crous) - Rennes", "nom_commune": "Rennes", "adresse_principale": "7 place Hoche 35000 Rennes", "siret": "18350003200010", "categorie": "Service institutionnel", "code_insee": "35238", "horaires": "<b>Lundi - Vendredi</b><br>\n08:30 - 16:00", "mail": null, "site_internet": "https://www.crous-rennes.fr", "telephone": "09 72 59 65 65", "url_service_public": "https://lannuaire.service-public.gouv.fr/bretagne/ille-et-vilaine/296b4a00-c60b-4098-ae61-aa2ffc733623", "type_organisme": "Établissement public", "date_modification": "13/11/2025 14:30:04", "latitude": 48.11568, "longitude": -1.677002, "codes_siren": "213502388,243500139"}, "bbox": [-1.677002, 48.11568, -1.677002, 48.11568]}, {"type": "Feature", "id": "administration.fid--17174f5a_19f2e433d8d_-494b", "geometry": {"type": "Point", "coordinates": [-1.63979, 48.18289]}, "geometry_name": "geom", "properties": {"id": "6f4c42a4-e351-4558-b861-3c9af6d79e4e", "nom": "Police municipale - Betton", "nom_commune": "Betton", "adresse_principale": "Place Charles-de-Gaulle 35830 Betton", "siret": null, "categorie": "Service local", "code_insee": "35024", "horaires": null, "mail": "police@betton.fr", "site_internet": null, "telephone": "02 99 55 05 47", "url_service_public": "https://lannuaire.service-public.gouv.fr/bretagne/ille-et-vilaine/6f4c42a4-e351-4558-b861-3c9af6d79e4e", "type_organisme": null, "date_modification": "27/11/2024 09:19:12", "latitude": 48.18289, "longitude": -1.63979, "codes_siren": "213500242,243500139"}, "bbox": [-1.63979, 48.18289, -1.63979, 48.18289]}, {"type": "Feature", "id": "administration.fid--17174f5a_19f2e433d8d_-494a", "geometry": {"type": "Point", "coordinates": [-1.660844, 48.273406]}, "geometry_name": "geom", "properties": {"id": "2a66f95c-bb7d-4710-a8af-b39c5ca7b51e", "nom": "Centre communal d'action sociale (CCAS) - Saint-Médard-sur-Ille", "nom_commune": "Saint-Médard-sur-Ille", "adresse_principale": "2 Rue de la Mairie 35250 Saint-Médard-sur-Ille", "siret": "21350296600012", "categorie": "Service local", "code_insee": "35296", "horaires": null, "mail": "mairie@smdsi.fr", "site_internet": "https://saint-medard-sur-ille.fr/ccas/", "telephone": "+33299552353", "url_service_public": "https://lannuaire.service-public.gouv.fr/bretagne/ille-et-vilaine/2a66f95c-bb7d-4710-a8af-b39c5ca7b51e", "type_organisme": null, "date_modification": "24/02/2026 08:09:42", "latitude": 48.273407, "longitude": -1.660844, "codes_siren": "213502966,243500667"}, "bbox": [-1.660844, 48.273406, -1.660844, 48.273406]}, {"type": "Feature", "id": "administration.fid--17174f5a_19f2e433d8d_-4949", "geometry": {"type": "Point", "coordinates": [-1.701981, 48.107613]}, "geometry_name": "geom", "properties": {"id": "91397e41-1d8d-4256-9a6d-3bb12bbfaeae", "nom": "Conseil régional de l'ordre des médecins - Bretagne", "nom_commune": "Rennes", "adresse_principale": "29 rue de Lorient 35000 Rennes", "siret": "38029684800035", "categorie": "Service institutionnel", "code_insee": "35238", "horaires": null, "mail": "bretagne@crom.medecin.fr", "site_internet": "https://www.conseil-national.medecin.fr/contacts-ordre-des-medecins/bretagne", "telephone": "02 99 36 83 50", "url_service_public": "https://lannuaire.service-public.gouv.fr/bretagne/ille-et-vilaine/91397e41-1d8d-4256-9a6d-3bb12bbfaeae", "type_organisme": "Ordre professionnel", "date_modification": "10/11/2025 17:24:54", "latitude": 48.107613, "longitude": -1.701981, "codes_siren": "213502388,243500139"}, "bbox": [-1.701981, 48.107613, -1.701981, 48.107613]}, {"type": "Feature", "id": "administration.fid--17174f5a_19f2e433d8d_-4948", "geometry": {"type": "Point", "coordinates": [-1.846064, 48.006584]}, "geometry_name": "geom", "properties": {"id": "cbb6251d-2db9-41ac-b17a-b126bea944c0", "nom": "Centre communal d'action sociale (CCAS) - Goven", "nom_commune": "Goven", "adresse_principale": "21 Rue de la Mairie 35580 Goven", "siret": "26350115700014", "categorie": "Service local", "code_insee": "35123", "horaires": null, "mail": null, "site_internet": null, "telephone": "+33299420303", "url_service_public": "https://lannuaire.service-public.gouv.fr/bretagne/ille-et-vilaine/cbb6251d-2db9-41ac-b17a-b126bea944c0", "type_organisme": null, "date_modification": "24/02/2026 08:10:11", "latitude": 48.006584, "longitude": -1.846064, "codes_siren": "213501232,200043990"}, "bbox": [-1.846064, 48.006584, -1.846064, 48.006584]}, {"type": "Feature", "id": "administration.fid--17174f5a_19f2e433d8d_-4947", "geometry": {"type": "Point", "coordinates": [-1.796792, 48.098866]}, "geometry_name": "geom", "properties": {"id": "780501ce-9706-4c99-b9cc-f73e6932d71d", "nom": "Centre Local d’Information et de Coordination (CLIC) Noroit - Permanence Le Rheu", "nom_commune": "Le Rheu", "adresse_principale": "8 Rue du Docteur Wagner 35650 Le Rheu", "siret": "52391091700013", "categorie": "Service local", "code_insee": "35240", "horaires": null, "mail": "contact@clic.noroit.fr", "site_internet": "https://www.clic-noroit.fr/", "telephone": "+33299354952", "url_service_public": "https://lannuaire.service-public.gouv.fr/bretagne/ille-et-vilaine/780501ce-9706-4c99-b9cc-f73e6932d71d", "type_organisme": null, "date_modification": "12/01/2026 14:20:37", "latitude": 48.098866, "longitude": -1.796792, "codes_siren": "213502404,243500139"}, "bbox": [-1.796792, 48.098866, -1.796792, 48.098866]}, {"type": "Feature", "id": "administration.fid--17174f5a_19f2e433d8d_-4946", "geometry": {"type": "Point", "coordinates": [-1.535671, 48.33281]}, "geometry_name": "geom", "properties": {"id": "33367302-d510-4067-a46a-e460f3fa31d9", "nom": "Centre Local d'Information et de Coordination (CLIC) de L'Ille et L'Illet - Permanence Sens-de-Bretagne", "nom_commune": "Sens-de-Bretagne", "adresse_principale": "9 Place de la Mairie 35490 Sens-de-Bretagne", "siret": "50454437000019", "categorie": "Service local", "code_insee": "35326", "horaires": null, "mail": "clic-ille-illet@orange.fr", "site_internet": "https://www.clic-ille-illet.fr/", "telephone": "+33223371399", "url_service_public": "https://lannuaire.service-public.gouv.fr/bretagne/ille-et-vilaine/33367302-d510-4067-a46a-e460f3fa31d9", "type_organisme": null, "date_modification": "12/01/2026 14:20:37", "latitude": 48.33281, "longitude": -1.535671, "codes_siren": "213503261,243500667"}, "bbox": [-1.535671, 48.33281, -1.535671, 48.33281]}, {"type": "Feature", "id": "administration.fid--17174f5a_19f2e433d8d_-4945", "geometry": {"type": "Point", "coordinates": [-1.369756, 48.289817]}, "geometry_name": "geom", "properties": {"id": "38febdb0-532e-465e-b8e7-82c704b2cbb9", "nom": "Mairie - Rives-du-Couesnon", "nom_commune": "Rives-du-Couesnon", "adresse_principale": "4 route Nationale 35140 Rives-du-Couesnon", "siret": "20008401000012", "categorie": "Service local", "code_insee": "35282", "horaires": "<b>Lundi</b><br>\n09:00 - 12:00\n16:00 - 19:00<br>\n<b>Mercredi - Vendredi</b><br>\n09:00 - 12:00<br>\n<b>Samedi</b><br>\n09:00 - 12:00", "mail": "mairie@rivesducouesnon.fr", "site_internet": "https://www.rivesducouesnon.fr/", "telephone": "02 99 39 12 57", "url_service_public": "https://lannuaire.service-public.gouv.fr/bretagne/ille-et-vilaine/38febdb0-532e-465e-b8e7-82c704b2cbb9", "type_organisme": null, "date_modification": "05/05/2025 15:32:08", "latitude": 48.289818, "longitude": -1.369756, "codes_siren": "200084010,200072452"}, "bbox": [-1.369756, 48.289817, -1.369756, 48.289817]}, {"type": "Feature", "id": "administration.fid--17174f5a_19f2e433d8d_-4944", "geometry": {"type": "Point", "coordinates": [-1.607775, 48.231999]}, "geometry_name": "geom", "properties": {"id": "9d5a5f18-9451-4339-93cf-93d959cd65e4", "nom": "Centre communal d'action sociale (CCAS) - Mouaze", "nom_commune": "Mouazé", "adresse_principale": "2 Rue du Champ de Foire 35250 Mouazé", "siret": "26350195900013", "categorie": "Service local", "code_insee": "35197", "horaires": null, "mail": null, "site_internet": null, "telephone": "+33299552211", "url_service_public": "https://lannuaire.service-public.gouv.fr/bretagne/ille-et-vilaine/9d5a5f18-9451-4339-93cf-93d959cd65e4", "type_organisme": null, "date_modification": "24/02/2026 08:10:03", "latitude": 48.232, "longitude": -1.607775, "codes_siren": "213501976,243500667"}, "bbox": [-1.607775, 48.231999, -1.607775, 48.231999]}, {"type": "Feature", "id": "administration.fid--17174f5a_19f2e433d8d_-4943", "geometry": {"type": "Point", "coordinates": [-1.939416, 48.31001]}, "geometry_name": "geom", "properties": {"id": "11d17a3e-63cb-4b46-ac48-563fe2f8e678", "nom": "Centre communal d'action sociale (CCAS) - Longaulnay", "nom_commune": "Longaulnay", "adresse_principale": "Le Bourg 35190 Longaulnay", "siret": "26350167800019", "categorie": "Service local", "code_insee": "35156", "horaires": null, "mail": null, "site_internet": null, "telephone": "+33299668139", "url_service_public": "https://lannuaire.service-public.gouv.fr/bretagne/ille-et-vilaine/11d17a3e-63cb-4b46-ac48-563fe2f8e678", "type_organisme": null, "date_modification": "24/02/2026 08:09:37", "latitude": 48.31001, "longitude": -1.939416, "codes_siren": "213501562,243500733"}, "bbox": [-1.939416, 48.31001, -1.939416, 48.31001]}, {"type": "Feature", "id": "administration.fid--17174f5a_19f2e433d8d_-4942", "geometry": {"type": "Point", "coordinates": [-1.660295, 48.134735]}, "geometry_name": "geom", "properties": {"id": "3673e835-070b-43aa-8bdd-92fa3e6f15db", "nom": "Maison de la région - Bretagne - Rennes", "nom_commune": "Rennes", "adresse_principale": "283 avenue du Général Patton 35000 Rennes", "siret": null, "categorie": "Service institutionnel", "code_insee": "35238", "horaires": null, "mail": null, "site_internet": "https://www.bretagne.bzh/", "telephone": "02 99 27 10 10", "url_service_public": "https://lannuaire.service-public.gouv.fr/bretagne/ille-et-vilaine/3673e835-070b-43aa-8bdd-92fa3e6f15db", "type_organisme": "Collectivité locale", "date_modification": "10/12/2025 08:52:09", "latitude": 48.134735, "longitude": -1.660295, "codes_siren": "213502388,243500139"}, "bbox": [-1.660295, 48.134735, -1.660295, 48.134735]}, {"type": "Feature", "id": "administration.fid--17174f5a_19f2e433d8d_-4941", "geometry": {"type": "Point", "coordinates": [-1.68787, 47.85156]}, "geometry_name": "geom", "properties": {"id": "efe9ade1-4b7e-421d-b6ae-680e0854b10a", "nom": "Centre de protection maternelle et infantile (PMI) - Bain-de-Bretagne", "nom_commune": "Bain-de-Bretagne", "adresse_principale": "14 rue de la Seine 35470 Bain-de-Bretagne", "siret": null, "categorie": "Service local", "code_insee": "35012", "horaires": "<b>Lundi - Jeudi</b><br>\n09:00 - 12:30\n13:30 - 17:00<br>\n<b>Vendredi</b><br>\n13:30 - 16:30", "mail": "cdas-crsud@ille-et-vilaine.fr", "site_internet": "https://www.ille-et-vilaine.fr", "telephone": "02 90 02 93 30", "url_service_public": "https://lannuaire.service-public.gouv.fr/bretagne/ille-et-vilaine/efe9ade1-4b7e-421d-b6ae-680e0854b10a", "type_organisme": null, "date_modification": "26/03/2025 12:13:18", "latitude": 47.85156, "longitude": -1.68787, "codes_siren": "213500127,200070662"}, "bbox": [-1.68787, 47.85156, -1.68787, 47.85156]}, {"type": "Feature", "id": "administration.fid--17174f5a_19f2e433d8d_-4940", "geometry": {"type": "Point", "coordinates": [-1.608219, 47.895457]}, "geometry_name": "geom", "properties": {"id": "f252e31d-490d-42b1-8dae-2b1a04e550ce", "nom": "Centre communal d'action sociale (CCAS) - Le Sel-de-Bretagne", "nom_commune": "Le Sel-de-Bretagne", "adresse_principale": "1 Rue Chateaubriand 35320 Le Sel-de-Bretagne", "siret": "21350322000013", "categorie": "Service local", "code_insee": "35322", "horaires": null, "mail": "mairie@leseldebretagne.fr", "site_internet": "https://www.leseldebretagne.bzh/", "telephone": "+33299446627", "url_service_public": "https://lannuaire.service-public.gouv.fr/bretagne/ille-et-vilaine/f252e31d-490d-42b1-8dae-2b1a04e550ce", "type_organisme": null, "date_modification": "24/02/2026 08:10:17", "latitude": 47.89546, "longitude": -1.608219, "codes_siren": "213503220,200070662"}, "bbox": [-1.608219, 47.895457, -1.608219, 47.895457]}, {"type": "Feature", "id": "administration.fid--17174f5a_19f2e433d8d_-493f", "geometry": {"type": "Point", "coordinates": [-1.674833, 48.093056]}, "geometry_name": "geom", "properties": {"id": "9c843b17-826c-4b99-be0c-ffa090632c21", "nom": "Métropole - Rennes", "nom_commune": "Rennes Cedex", "adresse_principale": "4 avenue Henri-Fréville 35031 Rennes Cedex", "siret": "24350013900189", "categorie": "Service local", "code_insee": "35238", "horaires": "<b>Lundi - Vendredi</b><br>\n08:30 - 17:00", "mail": "accueil@rennesmetropole.fr", "site_internet": "https://metropole.rennes.fr", "telephone": "02 99 86 60 60", "url_service_public": "https://lannuaire.service-public.gouv.fr/bretagne/ille-et-vilaine/9c843b17-826c-4b99-be0c-ffa090632c21", "type_organisme": null, "date_modification": "18/12/2024 17:40:31", "latitude": 48.093056, "longitude": -1.674833, "codes_siren": "213502388,243500139"}, "bbox": [-1.674833, 48.093056, -1.674833, 48.093056]}, {"type": "Feature", "id": "administration.fid--17174f5a_19f2e433d8d_-493e", "geometry": {"type": "Point", "coordinates": [-1.709852, 48.127019]}, "geometry_name": "geom", "properties": {"id": "73c02091-e4ab-4af2-aea8-49f519c748d5", "nom": "Urssaf Bretagne - siège de Rennes", "nom_commune": "Rennes", "adresse_principale": "1 rue André et Yvonne Meynier 35000 Rennes", "siret": null, "categorie": "Service local", "code_insee": "35238", "horaires": "<b>Lundi - Vendredi</b><br>\n08:30 - 12:30\n13:30 - 16:30", "mail": null, "site_internet": "https://www.urssaf.fr", "telephone": "39 57", "url_service_public": "https://lannuaire.service-public.gouv.fr/bretagne/ille-et-vilaine/73c02091-e4ab-4af2-aea8-49f519c748d5", "type_organisme": null, "date_modification": "18/12/2024 17:37:58", "latitude": 48.127018, "longitude": -1.709852, "codes_siren": "213502388,243500139"}, "bbox": [-1.709852, 48.127019, -1.709852, 48.127019]}, {"type": "Feature", "id": "administration.fid--17174f5a_19f2e433d8d_-493d", "geometry": {"type": "Point", "coordinates": [-1.437446, 48.183997]}, "geometry_name": "geom", "properties": {"id": "a8a7a734-9a33-4d3c-aed8-af66f41dd50a", "nom": "Centre communal d'action sociale (CCAS) - La Bouëxière", "nom_commune": "La Bouëxière", "adresse_principale": "5 Rue Théophile Remond 35340 La Bouëxière", "siret": "26350043100014", "categorie": "Service local", "code_insee": "35031", "horaires": null, "mail": "ccas@mairie-labouexiere.fr", "site_internet": "https://www.mairie-labouexiere.fr/action-sociale/vie-sociale-et-ccas/", "telephone": "+33299626560", "url_service_public": "https://lannuaire.service-public.gouv.fr/bretagne/ille-et-vilaine/a8a7a734-9a33-4d3c-aed8-af66f41dd50a", "type_organisme": null, "date_modification": "24/02/2026 08:10:05", "latitude": 48.184, "longitude": -1.437446, "codes_siren": "213500317,243500774"}, "bbox": [-1.437446, 48.183997, -1.437446, 48.183997]}, {"type": "Feature", "id": "administration.fid--17174f5a_19f2e433d8d_-493c", "geometry": {"type": "Point", "coordinates": [-1.674628, 48.113576]}, "geometry_name": "geom", "properties": {"id": "1db207a5-db89-423e-84df-49ba84c26858", "nom": "Agence régionale de lutte contre l'illettrisme (ARLCI) - Bretagne", "nom_commune": "Rennes", "adresse_principale": "3 rue Martenot 35000 Rennes", "siret": null, "categorie": "Service institutionnel", "code_insee": "35238", "horaires": null, "mail": null, "site_internet": "https://www.anlci.gouv.fr/", "telephone": "07 64 33 13 74", "url_service_public": "https://lannuaire.service-public.gouv.fr/bretagne/ille-et-vilaine/1db207a5-db89-423e-84df-49ba84c26858", "type_organisme": "Groupement d'intérêt public", "date_modification": "23/02/2026 08:14:08", "latitude": 48.113575, "longitude": -1.674628, "codes_siren": "213502388,243500139"}, "bbox": [-1.674628, 48.113576, -1.674628, 48.113576]}, {"type": "Feature", "id": "administration.fid--17174f5a_19f2e433d8d_-493b", "geometry": {"type": "Point", "coordinates": [-1.74239, 48.0565]}, "geometry_name": "geom", "properties": {"id": "1213f6a2-0c53-40cb-8473-71d2c226de54", "nom": "Mutualité sociale agricole (MSA) Portes-de-Bretagne - accueil de Rennes", "nom_commune": "Bruz", "adresse_principale": "Rue Charles-Coudé 35170 Bruz", "siret": null, "categorie": "Service local", "code_insee": "35238", "horaires": "<b>Lundi - Vendredi</b><br>\n08:30 - 12:30\n13:30 - 17:00", "mail": null, "site_internet": "https://portesdebretagne.msa.fr/lfp", "telephone": "02 99 01 80 80", "url_service_public": "https://lannuaire.service-public.gouv.fr/bretagne/ille-et-vilaine/1213f6a2-0c53-40cb-8473-71d2c226de54", "type_organisme": null, "date_modification": "16/12/2024 13:26:41", "latitude": 48.0565, "longitude": -1.74239, "codes_siren": "213502388,243500139"}, "bbox": [-1.74239, 48.0565, -1.74239, 48.0565]}, {"type": "Feature", "id": "administration.fid--17174f5a_19f2e433d8d_-493a", "geometry": {"type": "Point", "coordinates": [-1.693679, 48.11878]}, "geometry_name": "geom", "properties": {"id": "808c00a4-2ccc-4151-81d1-1cb705ee465a", "nom": "Pôle finances et système d'information (CHU) - Rennes", "nom_commune": "Rennes", "adresse_principale": "2 rue Henri-Le-Guilloux 35000 Rennes", "siret": null, "categorie": "Service institutionnel", "code_insee": "35238", "horaires": null, "mail": null, "site_internet": "https://www.chu-rennes.fr/", "telephone": "02 99 28 43 21", "url_service_public": "https://lannuaire.service-public.gouv.fr/bretagne/ille-et-vilaine/808c00a4-2ccc-4151-81d1-1cb705ee465a", "type_organisme": "Établissement public", "date_modification": "10/11/2025 17:24:29", "latitude": 48.11878, "longitude": -1.693679, "codes_siren": "213502388,243500139"}, "bbox": [-1.693679, 48.11878, -1.693679, 48.11878]}, {"type": "Feature", "id": "administration.fid--17174f5a_19f2e433d8d_-4939", "geometry": {"type": "Point", "coordinates": [-1.68622, 47.85283]}, "geometry_name": "geom", "properties": {"id": "1690ccff-df3e-41e4-b94c-5957c424fd6a", "nom": "Caisse d'allocations familiales (Caf) d'Ille-et-Vilaine - accueil de Bain-de-Bretagne", "nom_commune": "Bain-de-Bretagne", "adresse_principale": "Immeuble Le Stérial 35470 Bain-de-Bretagne", "siret": null, "categorie": "Service local", "code_insee": "35012", "horaires": "<b>Lundi</b><br>\n09:00 - 12:00\n14:00 - 17:00<br>\n<b>Mardi</b><br>\n09:00 - 15:00<br>\n<b>Mercredi</b><br>\n09:00 - 12:00\n14:00 - 17:00<br>\n<b>Jeudi</b><br>\n15:00 - 19:00<br>\n<b>Vendredi</b><br>\n09:00 - 12:00", "mail": null, "site_internet": "https://www.caf.fr", "telephone": "32 30", "url_service_public": "https://lannuaire.service-public.gouv.fr/bretagne/ille-et-vilaine/1690ccff-df3e-41e4-b94c-5957c424fd6a", "type_organisme": null, "date_modification": "30/01/2026 14:58:12", "latitude": 47.85283, "longitude": -1.6862199, "codes_siren": "213500127,200070662"}, "bbox": [-1.68622, 47.85283, -1.68622, 47.85283]}, {"type": "Feature", "id": "administration.fid--17174f5a_19f2e433d8d_-4938", "geometry": {"type": "Point", "coordinates": [-1.716698, 48.246472]}, "geometry_name": "geom", "properties": {"id": "82c56f0d-0006-4de3-849e-8cb7ad51ef65", "nom": "Espace conseil France Rénov' - Montreuil-le-Gast", "nom_commune": "Montreuil-le-Gast", "adresse_principale": "1 La Métairie 35520 Montreuil-le-Gast", "siret": null, "categorie": "Service local", "code_insee": "35193", "horaires": null, "mail": "pass-reno@valdille-aubigne.fr", "site_internet": "https://www.valdille-aubigne.fr/habitat/passreno/", "telephone": "02 99 69 58 93", "url_service_public": "https://lannuaire.service-public.gouv.fr/bretagne/ille-et-vilaine/82c56f0d-0006-4de3-849e-8cb7ad51ef65", "type_organisme": null, "date_modification": "07/11/2025 15:12:59", "latitude": 48.24647, "longitude": -1.716698, "codes_siren": "213501935,243500667"}, "bbox": [-1.716698, 48.246472, -1.716698, 48.246472]}, {"type": "Feature", "id": "administration.fid--17174f5a_19f2e433d8d_-4937", "geometry": {"type": "Point", "coordinates": [-1.692251, 48.128433]}, "geometry_name": "geom", "properties": {"id": "ca8f7048-5406-4079-94e9-197ee3245e70", "nom": "Chambre régionale des comptes (CRC) - Bretagne", "nom_commune": "Rennes", "adresse_principale": "3 rue Robert-d'Arbrissel 35000 Rennes", "siret": null, "categorie": "Service institutionnel", "code_insee": "35238", "horaires": null, "mail": "crcbretagne@bretagne.ccomptes.fr", "site_internet": "https://www.ccomptes.fr/fr/crc-bretagne", "telephone": "02 99 59 72 72", "url_service_public": "https://lannuaire.service-public.gouv.fr/bretagne/ille-et-vilaine/ca8f7048-5406-4079-94e9-197ee3245e70", "type_organisme": "Juridiction", "date_modification": "10/11/2025 17:26:53", "latitude": 48.128433, "longitude": -1.692251, "codes_siren": "213502388,243500139"}, "bbox": [-1.692251, 48.128433, -1.692251, 48.128433]}, {"type": "Feature", "id": "administration.fid--17174f5a_19f2e433d8d_-4936", "geometry": {"type": "Point", "coordinates": [-1.4829, 48.110587]}, "geometry_name": "geom", "properties": {"id": "7c4c49f5-35ac-4b1c-a2a0-3f88b7b106fa", "nom": "Mairie - Brécé", "nom_commune": "Brécé", "adresse_principale": "6 rue de Rennes 35530 Brécé", "siret": "21350039000017", "categorie": "Service local", "code_insee": "35039", "horaires": "<b>Lundi</b><br>\n08:30 - 12:00\n13:30 - 17:00<br>\n<b>Mardi</b><br>\n08:30 - 12:00<br>\n<b>Mercredi</b><br>\n08:30 - 12:00\n13:30 - 17:00<br>\n<b>Jeudi</b><br>\n08:30 - 12:00<br>\n<b>Vendredi</b><br>\n08:30 - 12:00\n13:30 - 17:00<br>\n<b>Samedi</b><br>\n10:00 - 12:00", "mail": "accueil@mairie-brece.fr", "site_internet": "https://www.mairie-brece.fr/", "telephone": "02 99 00 10 09", "url_service_public": "https://lannuaire.service-public.gouv.fr/bretagne/ille-et-vilaine/7c4c49f5-35ac-4b1c-a2a0-3f88b7b106fa", "type_organisme": null, "date_modification": "05/05/2025 15:33:22", "latitude": 48.110588, "longitude": -1.4829, "codes_siren": "213500390,243500139"}, "bbox": [-1.4829, 48.110587, -1.4829, 48.110587]}, {"type": "Feature", "id": "administration.fid--17174f5a_19f2e433d8d_-4935", "geometry": {"type": "Point", "coordinates": [-1.607785, 48.26216]}, "geometry_name": "geom", "properties": {"id": "de093071-115f-4071-a202-a31190cdc765", "nom": "Centre Local d’Information et de Coordination (CLIC) de L'Ille et L'Illet", "nom_commune": "Saint-Aubin-d'Aubigné", "adresse_principale": "1 Place du Marché 35250 Saint-Aubin-d'Aubigné", "siret": "50454437000019", "categorie": "Service local", "code_insee": "35251", "horaires": null, "mail": "clic-ille-illet@orange.fr", "site_internet": "https://www.clic-ille-illet.fr/", "telephone": "+33223371399", "url_service_public": "https://lannuaire.service-public.gouv.fr/bretagne/ille-et-vilaine/de093071-115f-4071-a202-a31190cdc765", "type_organisme": null, "date_modification": "12/01/2026 14:20:46", "latitude": 48.26216, "longitude": -1.607785, "codes_siren": "213502511,243500667"}, "bbox": [-1.607785, 48.26216, -1.607785, 48.26216]}, {"type": "Feature", "id": "administration.fid--17174f5a_19f2e433d8d_-4934", "geometry": {"type": "Point", "coordinates": [-1.852664, 48.071312]}, "geometry_name": "geom", "properties": {"id": "27ba6716-1a64-410c-91ee-c59279908732", "nom": "Centre communal d'action sociale (CCAS) - Mordelles", "nom_commune": "Mordelles", "adresse_principale": "Place de Toulouse-Lautrec 35310 Mordelles", "siret": "26350183500155", "categorie": "Service local", "code_insee": "35196", "horaires": null, "mail": "pae@cias-ouest-rennes.fr", "site_internet": null, "telephone": "+33290023641", "url_service_public": "https://lannuaire.service-public.gouv.fr/bretagne/ille-et-vilaine/27ba6716-1a64-410c-91ee-c59279908732", "type_organisme": null, "date_modification": "24/02/2026 08:09:41", "latitude": 48.071312, "longitude": -1.852664, "codes_siren": "213501968,243500139"}, "bbox": [-1.852664, 48.071312, -1.852664, 48.071312]}, {"type": "Feature", "id": "administration.fid--17174f5a_19f2e433d8d_-4933", "geometry": {"type": "Point", "coordinates": [-1.741626, 47.802637]}, "geometry_name": "geom", "properties": {"id": "bc52ad1b-6028-43b9-b0fd-3fa951852b80", "nom": "Mairie - La Noë-Blanche", "nom_commune": "La Noë-Blanche", "adresse_principale": "6 rue de la République 35470 La Noë-Blanche", "siret": "21350202400085", "categorie": "Service local", "code_insee": "35202", "horaires": "<b>Lundi</b><br>\n09:00 - 12:30\n15:00 - 17:00<br>\n<b>Mardi</b><br>\n09:00 - 12:30<br>\n<b>Mercredi</b><br>\n09:00 - 12:30\n15:00 - 17:00<br>\n<b>Jeudi</b><br>\n09:00 - 12:30<br>\n<b>Vendredi</b><br>\n09:00 - 12:30\n15:00 - 17:00", "mail": "mairie@lanoeblanche.fr", "site_internet": "https://www.lanoeblanche.fr/", "telephone": "02 99 43 20 12", "url_service_public": "https://lannuaire.service-public.gouv.fr/bretagne/ille-et-vilaine/bc52ad1b-6028-43b9-b0fd-3fa951852b80", "type_organisme": null, "date_modification": "28/07/2025 12:10:43", "latitude": 47.802635, "longitude": -1.7416264, "codes_siren": "213502024,200070662"}, "bbox": [-1.741626, 47.802637, -1.741626, 47.802637]}, {"type": "Feature", "id": "administration.fid--17174f5a_19f2e433d8d_-4932", "geometry": {"type": "Point", "coordinates": [-1.968349, 47.897827]}, "geometry_name": "geom", "properties": {"id": "227fef79-2614-4690-8d04-b56772ae52bd", "nom": "Mairie - Mernel", "nom_commune": "Mernel", "adresse_principale": "37 rue Principale 35330 Mernel", "siret": "21350175200017", "categorie": "Service local", "code_insee": "35175", "horaires": "<b>Lundi</b><br>\n08:30 - 12:30<br>\n<b>Mardi</b><br>\n13:30 - 18:30<br>\n<b>Mercredi</b><br>\n08:30 - 12:30\n13:30 - 17:30<br>\n<b>Jeudi - Vendredi</b><br>\n08:30 - 12:30", "mail": "accueil@mernel.bzh", "site_internet": "https://www.mernel.fr/", "telephone": "02 99 34 91 87", "url_service_public": "https://lannuaire.service-public.gouv.fr/bretagne/ille-et-vilaine/227fef79-2614-4690-8d04-b56772ae52bd", "type_organisme": null, "date_modification": "05/05/2025 15:31:34", "latitude": 47.897827, "longitude": -1.968349, "codes_siren": "213501752,200043990"}, "bbox": [-1.968349, 47.897827, -1.968349, 47.897827]}, {"type": "Feature", "id": "administration.fid--17174f5a_19f2e433d8d_-4931", "geometry": {"type": "Point", "coordinates": [-1.650255, 48.179724]}, "geometry_name": "geom", "properties": {"id": "58dace21-8c80-4285-9598-5d459614f877", "nom": "Centre Local d'Information et de Coordination (CLIC) de L'Ille et L'Illet - Permanence à l’EHPAD de Betton", "nom_commune": "Betton", "adresse_principale": "16 Avenue de Moretonhampstead 35830 Betton", "siret": "50454437000019", "categorie": "Service local", "code_insee": "35024", "horaires": null, "mail": "clic-ille-illet@orange.fr", "site_internet": "https://www.clic-ille-illet.fr/", "telephone": "+33223371399", "url_service_public": "https://lannuaire.service-public.gouv.fr/bretagne/ille-et-vilaine/58dace21-8c80-4285-9598-5d459614f877", "type_organisme": null, "date_modification": "12/01/2026 14:20:37", "latitude": 48.179726, "longitude": -1.650255, "codes_siren": "213500242,243500139"}, "bbox": [-1.650255, 48.179724, -1.650255, 48.179724]}, {"type": "Feature", "id": "administration.fid--17174f5a_19f2e433d8d_-4930", "geometry": {"type": "Point", "coordinates": [-1.660295, 48.134735]}, "geometry_name": "geom", "properties": {"id": "c152c8bd-1c4d-49c0-98c6-dde25606777b", "nom": "Pôle Développement territorial", "nom_commune": "Rennes", "adresse_principale": "283 avenue du Général Patton 35000 Rennes", "siret": null, "categorie": "Service institutionnel", "code_insee": "35238", "horaires": null, "mail": null, "site_internet": "https://www.bretagne.bzh/", "telephone": "02 99 27 10 10", "url_service_public": "https://lannuaire.service-public.gouv.fr/bretagne/ille-et-vilaine/c152c8bd-1c4d-49c0-98c6-dde25606777b", "type_organisme": "Collectivité locale", "date_modification": "10/11/2025 17:26:34", "latitude": 48.134735, "longitude": -1.660295, "codes_siren": "213502388,243500139"}, "bbox": [-1.660295, 48.134735, -1.660295, 48.134735]}, {"type": "Feature", "id": "administration.fid--17174f5a_19f2e433d8d_-492f", "geometry": {"type": "Point", "coordinates": [-1.697283, 48.111121]}, "geometry_name": "geom", "properties": {"id": "84020fbb-d359-4a1e-816f-d40e6cbcbca2", "nom": "Plateforme d'accompagnement et de répit pour les aidants de personnes âgées - Rennes", "nom_commune": "Rennes", "adresse_principale": "59 rue Papu 35000 Rennes", "siret": null, "categorie": "Service local", "code_insee": "35238", "horaires": "<b>Lundi - Vendredi</b><br>\n09:00 - 13:00\n14:00 - 17:30<br>\n<b>Samedi</b><br>\n09:00 - 12:30\n13:00 - 17:00", "mail": "accueil@maisonsaintcyr.fr", "site_internet": "http://www.maisonsaintcyr.com", "telephone": "02 99 59 48 80", "url_service_public": "https://lannuaire.service-public.gouv.fr/bretagne/ille-et-vilaine/84020fbb-d359-4a1e-816f-d40e6cbcbca2", "type_organisme": null, "date_modification": "13/12/2024 10:11:22", "latitude": 48.111122, "longitude": -1.697283, "codes_siren": "213502388,243500139"}, "bbox": [-1.697283, 48.111121, -1.697283, 48.111121]}, {"type": "Feature", "id": "administration.fid--17174f5a_19f2e433d8d_-492e", "geometry": {"type": "Point", "coordinates": [-1.713714, 48.11432]}, "geometry_name": "geom", "properties": {"id": "871c0d70-de3f-45a5-9fdd-3eb567cd720e", "nom": "Chambre régionale d'agriculture Bretagne", "nom_commune": "Rennes", "adresse_principale": "Rond-point Maurice Le Lannou 35000 Rennes", "siret": null, "categorie": "Service institutionnel", "code_insee": "35238", "horaires": null, "mail": "accueil@bretagne.chambagri.fr", "site_internet": "https://bretagne.chambres-agriculture.fr/", "telephone": "02 23 48 23 23", "url_service_public": "https://lannuaire.service-public.gouv.fr/bretagne/ille-et-vilaine/871c0d70-de3f-45a5-9fdd-3eb567cd720e", "type_organisme": "Service déconcentré", "date_modification": "10/11/2025 17:24:41", "latitude": 48.11432, "longitude": -1.713714, "codes_siren": "213502388,243500139"}, "bbox": [-1.713714, 48.11432, -1.713714, 48.11432]}, {"type": "Feature", "id": "administration.fid--17174f5a_19f2e433d8d_-492d", "geometry": {"type": "Point", "coordinates": [-1.615383, 47.967372]}, "geometry_name": "geom", "properties": {"id": "5c98c8de-5665-4ea9-8457-4db182ca6bc3", "nom": "Centre communal d'action sociale (CCAS) - Chanteloup", "nom_commune": "Chanteloup", "adresse_principale": "Place de la mairie 35150 Chanteloup", "siret": "26350341900016", "categorie": "Service local", "code_insee": "35054", "horaires": null, "mail": null, "site_internet": null, "telephone": "+33299440336", "url_service_public": "https://lannuaire.service-public.gouv.fr/bretagne/ille-et-vilaine/5c98c8de-5665-4ea9-8457-4db182ca6bc3", "type_organisme": null, "date_modification": "24/02/2026 08:09:52", "latitude": 47.967373, "longitude": -1.615383, "codes_siren": "213500549,200070662"}, "bbox": [-1.615383, 47.967372, -1.615383, 47.967372]}, {"type": "Feature", "id": "administration.fid--17174f5a_19f2e433d8d_-492c", "geometry": {"type": "Point", "coordinates": [-1.680612, 48.108935]}, "geometry_name": "geom", "properties": {"id": "5d3ffb5e-0f2c-4b17-8e74-3dfab12dd95e", "nom": "Mission locale pour l'insertion professionnelle et sociale des jeunes (16-25 ans) - Rennes - Parcheminerie", "nom_commune": "Rennes", "adresse_principale": "7 rue de la Parcheminerie 35000 Rennes", "siret": null, "categorie": "Service local", "code_insee": "35238", "horaires": "<b>Lundi - Mercredi</b><br>\n09:00 - 12:30\n13:30 - 17:30<br>\n<b>Jeudi</b><br>\n09:00 - 12:30\n13:30 - 18:30<br>\n<b>Vendredi</b><br>\n09:00 - 12:30\n13:30 - 17:30", "mail": "contact@we-ker.org", "site_internet": "https://we-ker.org/", "telephone": "02 99 78 00 78", "url_service_public": "https://lannuaire.service-public.gouv.fr/bretagne/ille-et-vilaine/5d3ffb5e-0f2c-4b17-8e74-3dfab12dd95e", "type_organisme": null, "date_modification": "11/12/2023 10:17:56", "latitude": 48.108936, "longitude": -1.680612, "codes_siren": "213502388,243500139"}, "bbox": [-1.680612, 48.108935, -1.680612, 48.108935]}, {"type": "Feature", "id": "administration.fid--17174f5a_19f2e433d8d_-492b", "geometry": {"type": "Point", "coordinates": [-1.77744, 48.14942]}, "geometry_name": "geom", "properties": {"id": "3921e1ac-09f5-4821-8cf9-950cb9dcf14f", "nom": "Brigade de gendarmerie - Pacé", "nom_commune": "Pacé", "adresse_principale": "21 bis avenue Charles Le Goffic 35740 Pacé", "siret": null, "categorie": "Service local", "code_insee": "35210", "horaires": null, "mail": null, "site_internet": "https://www.gendarmerie.interieur.gouv.fr", "telephone": "02 99 60 13 14", "url_service_public": "https://lannuaire.service-public.gouv.fr/bretagne/ille-et-vilaine/3921e1ac-09f5-4821-8cf9-950cb9dcf14f", "type_organisme": null, "date_modification": "24/10/2024 09:09:57", "latitude": 48.14942, "longitude": -1.77744, "codes_siren": "213502107,243500139"}, "bbox": [-1.77744, 48.14942, -1.77744, 48.14942]}, {"type": "Feature", "id": "administration.fid--17174f5a_19f2e433d8d_-492a", "geometry": {"type": "Point", "coordinates": [-1.679574, 48.104233]}, "geometry_name": "geom", "properties": {"id": "a02e9da4-8087-44b8-aff3-d063abe7d007", "nom": "Mission locale pour l'insertion professionnelle et sociale des jeunes (16-25 ans) - Rennes - Colombier", "nom_commune": "Rennes", "adresse_principale": "31 place du Colombier 35000 Rennes", "siret": null, "categorie": "Service local", "code_insee": "35238", "horaires": "<b>Lundi - Mercredi</b><br>\n09:00 - 12:30\n13:30 - 17:30<br>\n<b>Jeudi</b><br>\n09:00 - 12:30\n13:30 - 18:30<br>\n<b>Vendredi</b><br>\n09:00 - 12:30\n13:30 - 17:30", "mail": "armlb@armlb.bzh", "site_internet": "https://www.missions-locales-bretagne.fr/", "telephone": "02 30 96 63 32", "url_service_public": "https://lannuaire.service-public.gouv.fr/bretagne/ille-et-vilaine/a02e9da4-8087-44b8-aff3-d063abe7d007", "type_organisme": null, "date_modification": "09/04/2025 11:29:00", "latitude": 48.104233, "longitude": -1.679574, "codes_siren": "213502388,243500139"}, "bbox": [-1.679574, 48.104233, -1.679574, 48.104233]}, {"type": "Feature", "id": "administration.fid--17174f5a_19f2e433d8d_-4929", "geometry": {"type": "Point", "coordinates": [-1.717222, 48.245827]}, "geometry_name": "geom", "properties": {"id": "da8f346b-34a1-45e8-8172-34596ba16f5c", "nom": "Communauté de communes - Val d'Ille Aubigné", "nom_commune": "Montreuil-le-Gast", "adresse_principale": "1 La Métairie 35520 Montreuil-le-Gast", "siret": "24350066700288", "categorie": "Service local", "code_insee": "35193", "horaires": "<b>Lundi - Mardi</b><br>\n09:00 - 12:30\n14:00 - 17:30<br>\n<b>Mercredi</b><br>\n09:00 - 12:30<br>\n<b>Jeudi - Vendredi</b><br>\n09:00 - 12:30\n14:00 - 17:30", "mail": "contact@valdille-aubigne.fr", "site_internet": "https://www.valdille-aubigne.fr", "telephone": "02 99 69 86 86", "url_service_public": "https://lannuaire.service-public.gouv.fr/bretagne/ille-et-vilaine/da8f346b-34a1-45e8-8172-34596ba16f5c", "type_organisme": null, "date_modification": "03/12/2024 10:42:59", "latitude": 48.245827, "longitude": -1.717222, "codes_siren": "213501935,243500667"}, "bbox": [-1.717222, 48.245827, -1.717222, 48.245827]}, {"type": "Feature", "id": "administration.fid--17174f5a_19f2e433d8d_-4928", "geometry": {"type": "Point", "coordinates": [-1.802047, 48.295423]}, "geometry_name": "geom", "properties": {"id": "e21caf1a-f17d-41d8-babf-4ad525da3f29", "nom": "Mairie - Hédé-Bazouges", "nom_commune": "Hédé-Bazouges", "adresse_principale": "7 place de la Mairie 35630 Hédé-Bazouges", "siret": "21350130700010", "categorie": "Service local", "code_insee": "35130", "horaires": "<b>Lundi - Mardi</b><br>\n09:00 - 12:30<br>\n<b>Mercredi</b><br>\n09:00 - 12:30\n14:00 - 17:00<br>\n<b>Jeudi - Vendredi</b><br>\n09:00 - 12:30\n14:00 - 17:00<br>\n<b>Samedi</b><br>\n09:30 - 12:00", "mail": "mairie@hede-bazouges.fr", "site_internet": "https://hede-bazouges.fr", "telephone": "02 99 45 46 18", "url_service_public": "https://lannuaire.service-public.gouv.fr/bretagne/ille-et-vilaine/e21caf1a-f17d-41d8-babf-4ad525da3f29", "type_organisme": null, "date_modification": "28/07/2025 15:08:46", "latitude": 48.29542, "longitude": -1.802047, "codes_siren": "213501307,243500733"}, "bbox": [-1.802047, 48.295423, -1.802047, 48.295423]}, {"type": "Feature", "id": "administration.fid--17174f5a_19f2e433d8d_-4927", "geometry": {"type": "Point", "coordinates": [-1.662665, 47.882579]}, "geometry_name": "geom", "properties": {"id": "0d66e14f-64c8-4714-8fb1-5a1f82745e73", "nom": "Centre communal d'action sociale (CCAS) - Pancé", "nom_commune": "Pancé", "adresse_principale": "3 Rue du Tertre Gris 35320 Pancé", "siret": "21350212300010", "categorie": "Service local", "code_insee": "35212", "horaires": null, "mail": "mairie@pance.fr", "site_internet": "https://www.pance.fr/cdas/", "telephone": "+33299430113", "url_service_public": "https://lannuaire.service-public.gouv.fr/bretagne/ille-et-vilaine/0d66e14f-64c8-4714-8fb1-5a1f82745e73", "type_organisme": null, "date_modification": "24/02/2026 08:09:36", "latitude": 47.88258, "longitude": -1.662665, "codes_siren": "213502123,200070662"}, "bbox": [-1.662665, 47.882579, -1.662665, 47.882579]}, {"type": "Feature", "id": "administration.fid--17174f5a_19f2e433d8d_-4926", "geometry": {"type": "Point", "coordinates": [-1.68246, 48.1049]}, "geometry_name": "geom", "properties": {"id": "84d037b3-2f00-404a-8c21-84a1e8411405", "nom": "Direction de la stratégie régionale en santé (ARS) - Bretagne", "nom_commune": "Rennes", "adresse_principale": "6 place des Colombes 35000 Rennes", "siret": null, "categorie": "Service institutionnel", "code_insee": "35238", "horaires": null, "mail": "ars-bretagne-contact@ars.sante.fr", "site_internet": "https://www.bretagne.ars.sante.fr/", "telephone": "02 90 08 80 00", "url_service_public": "https://lannuaire.service-public.gouv.fr/bretagne/ille-et-vilaine/84d037b3-2f00-404a-8c21-84a1e8411405", "type_organisme": "Établissement public", "date_modification": "27/10/2023 14:32:05", "latitude": 48.1049, "longitude": -1.68246, "codes_siren": "213502388,243500139"}, "bbox": [-1.68246, 48.1049, -1.68246, 48.1049]}, {"type": "Feature", "id": "administration.fid--17174f5a_19f2e433d8d_-4925", "geometry": {"type": "Point", "coordinates": [-1.615898, 47.966178]}, "geometry_name": "geom", "properties": {"id": "b3c2bd1b-560d-4f20-982a-558e97336f49", "nom": "Mairie - Chanteloup", "nom_commune": "Chanteloup", "adresse_principale": "1 place de la Mairie 35150 Chanteloup", "siret": "21350054900018", "categorie": "Service local", "code_insee": "35054", "horaires": "<b>Mardi - Mercredi</b><br>\n09:00 - 12:00\n14:00 - 18:00<br>\n<b>Jeudi</b><br>\n14:00 - 18:00<br>\n<b>Vendredi</b><br>\n09:00 - 12:00\n14:00 - 17:00<br>\n<b>Samedi</b><br>\n09:00 - 12:00", "mail": "mairie@chanteloup35.fr", "site_internet": "https://www.chanteloup35.fr/", "telephone": "02 99 44 03 36", "url_service_public": "https://lannuaire.service-public.gouv.fr/bretagne/ille-et-vilaine/b3c2bd1b-560d-4f20-982a-558e97336f49", "type_organisme": null, "date_modification": "05/05/2025 15:34:29", "latitude": 47.96618, "longitude": -1.615898, "codes_siren": "213500549,200070662"}, "bbox": [-1.615898, 47.966178, -1.615898, 47.966178]}, {"type": "Feature", "id": "administration.fid--17174f5a_19f2e433d8d_-4924", "geometry": {"type": "Point", "coordinates": [-1.339848, 48.141448]}, "geometry_name": "geom", "properties": {"id": "beb325c7-d600-462a-9408-f6c5bbb00c6a", "nom": "Mairie - Marpiré", "nom_commune": "Marpiré", "adresse_principale": "1 rue de la Mairie 35220 Marpiré", "siret": "21350166100010", "categorie": "Service local", "code_insee": "35166", "horaires": "<b>Lundi</b><br>\n08:35 - 12:30<br>\n<b>Mardi</b><br>\n08:35 - 12:30\n17:00 - 19:00<br>\n<b>Mercredi</b><br>\n08:35 - 12:30<br>\n<b>Jeudi</b><br>\n08:35 - 12:30\n17:00 - 18:00<br>\n<b>Vendredi</b><br>\n08:30 - 12:35", "mail": "marpire@orange.fr", "site_internet": "https://www.marpire.fr", "telephone": "02 99 49 80 44", "url_service_public": "https://lannuaire.service-public.gouv.fr/bretagne/ille-et-vilaine/beb325c7-d600-462a-9408-f6c5bbb00c6a", "type_organisme": null, "date_modification": "28/07/2025 14:19:29", "latitude": 48.14145, "longitude": -1.339848, "codes_siren": "213501661,200039022"}, "bbox": [-1.339848, 48.141448, -1.339848, 48.141448]}, {"type": "Feature", "id": "administration.fid--17174f5a_19f2e433d8d_-4923", "geometry": {"type": "Point", "coordinates": [-1.671757, 48.110354]}, "geometry_name": "geom", "properties": {"id": "74476a79-e3f7-4e89-a358-8afc26423361", "nom": "Réseau Canopé - Direction territoriale - Bretagne Pays de La Loire", "nom_commune": "Rennes", "adresse_principale": "1 quai Dujardin 35000 Rennes", "siret": "18004301001808", "categorie": "Service institutionnel", "code_insee": "35238", "horaires": null, "mail": "direction.dt-bpl@reseau-canope.fr", "site_internet": "https://www.reseau-canope.fr ", "telephone": "02 23 06 80 02 ", "url_service_public": "https://lannuaire.service-public.gouv.fr/bretagne/ille-et-vilaine/74476a79-e3f7-4e89-a358-8afc26423361", "type_organisme": "Établissement public", "date_modification": "16/09/2025 08:22:46", "latitude": 48.110355, "longitude": -1.671757, "codes_siren": "213502388,243500139"}, "bbox": [-1.671757, 48.110354, -1.671757, 48.110354]}, {"type": "Feature", "id": "administration.fid--17174f5a_19f2e433d8d_-4922", "geometry": {"type": "Point", "coordinates": [-1.728671, 48.247121]}, "geometry_name": "geom", "properties": {"id": "4599e27b-5889-4f73-8a4d-ee33b347e82d", "nom": "Centre communal d'action sociale (CCAS) - Montreuil-le-Gast", "nom_commune": "Montreuil-le-Gast", "adresse_principale": "3 Rue de la Mairie 35520 Montreuil-le-Gast", "siret": "26350194200019", "categorie": "Service local", "code_insee": "35193", "horaires": null, "mail": "mairie@montreuil-le-gast.fr", "site_internet": "https://montreuil-le-gast.bzh/", "telephone": "+33299669039", "url_service_public": "https://lannuaire.service-public.gouv.fr/bretagne/ille-et-vilaine/4599e27b-5889-4f73-8a4d-ee33b347e82d", "type_organisme": null, "date_modification": "24/02/2026 08:09:47", "latitude": 48.24712, "longitude": -1.728671, "codes_siren": "213501935,243500667"}, "bbox": [-1.728671, 48.247121, -1.728671, 48.247121]}, {"type": "Feature", "id": "administration.fid--17174f5a_19f2e433d8d_-4921", "geometry": {"type": "Point", "coordinates": [-1.651255, 48.018093]}, "geometry_name": "geom", "properties": {"id": "d7c417ce-aec7-4646-847f-f69259fb7f9f", "nom": "Centre communal d'action sociale (CCAS) - Saint-Erblon", "nom_commune": "Saint-Erblon", "adresse_principale": "1 Place des Droits de l'Homme 35230 Saint-Erblon", "siret": "21350266900012", "categorie": "Service local", "code_insee": "35266", "horaires": null, "mail": "administratif@saint-erblon.fr", "site_internet": "https://www.saint-erblon.fr/centre-communal-action-sociale/", "telephone": "+33299523408", "url_service_public": "https://lannuaire.service-public.gouv.fr/bretagne/ille-et-vilaine/d7c417ce-aec7-4646-847f-f69259fb7f9f", "type_organisme": null, "date_modification": "24/02/2026 08:10:12", "latitude": 48.018093, "longitude": -1.651255, "codes_siren": "213502669,243500139"}, "bbox": [-1.651255, 48.018093, -1.651255, 48.018093]}, {"type": "Feature", "id": "administration.fid--17174f5a_19f2e433d8d_-4920", "geometry": {"type": "Point", "coordinates": [-1.68026, 48.1118]}, "geometry_name": "geom", "properties": {"id": "0a145ec5-28cc-408e-a1e4-81b51229ac75", "nom": "Direction territoriale de la protection judiciaire de la jeunesse (DTPJJ) - Ille-et-Vilaine et Côtes-d'Armor", "nom_commune": "Rennes", "adresse_principale": "19 A rue de Châtillon 35000 Rennes", "siret": "17350131300147", "categorie": "Service institutionnel", "code_insee": "35238", "horaires": null, "mail": "dtpjj-rennes@justice.fr", "site_internet": null, "telephone": "02 99 31 36 37", "url_service_public": "https://lannuaire.service-public.gouv.fr/bretagne/ille-et-vilaine/0a145ec5-28cc-408e-a1e4-81b51229ac75", "type_organisme": "Service déconcentré", "date_modification": "11/02/2026 12:09:50", "latitude": 48.1118, "longitude": -1.68026, "codes_siren": "213502388,243500139"}, "bbox": [-1.68026, 48.1118, -1.68026, 48.1118]}, {"type": "Feature", "id": "administration.fid--17174f5a_19f2e433d8d_-491f", "geometry": {"type": "Point", "coordinates": [-1.64551, 48.112496]}, "geometry_name": "geom", "properties": {"id": "7f1e2e6b-af48-4087-8633-736b05b8353d", "nom": "Service départemental d'incendie et de secours (SDIS) - Ille-et-Vilaine", "nom_commune": "Rennes", "adresse_principale": "2 rue du Moulin de Joué 35700 Rennes", "siret": null, "categorie": "Service institutionnel", "code_insee": "35238", "horaires": null, "mail": "https://api.api-engagement.beta.gouv.fr/r/campaign/684c1bb006bad93007929782", "site_internet": "https://sapeurs-pompiers35.fr", "telephone": "18", "url_service_public": "https://lannuaire.service-public.gouv.fr/bretagne/ille-et-vilaine/7f1e2e6b-af48-4087-8633-736b05b8353d", "type_organisme": "Établissement public", "date_modification": "17/06/2025 11:12:09", "latitude": 48.112495, "longitude": -1.64551, "codes_siren": "213502388,243500139"}, "bbox": [-1.64551, 48.112496, -1.64551, 48.112496]}, {"type": "Feature", "id": "administration.fid--17174f5a_19f2e433d8d_-491e", "geometry": {"type": "Point", "coordinates": [-1.394974, 47.967548]}, "geometry_name": "geom", "properties": {"id": "f0e9762e-6963-4c69-86a5-9e800eea80ef", "nom": "Centre communal d'action sociale (CCAS) - Boistrudan", "nom_commune": "Boistrudan", "adresse_principale": "Bourg 35150 Boistrudan", "siret": "26350069600012", "categorie": "Service local", "code_insee": "35028", "horaires": null, "mail": null, "site_internet": null, "telephone": "+33299444713", "url_service_public": "https://lannuaire.service-public.gouv.fr/bretagne/ille-et-vilaine/f0e9762e-6963-4c69-86a5-9e800eea80ef", "type_organisme": null, "date_modification": "25/02/2026 15:09:37", "latitude": 47.96755, "longitude": -1.394974, "codes_siren": "213500283,243500634"}, "bbox": [-1.394974, 47.967548, -1.394974, 47.967548]}, {"type": "Feature", "id": "administration.fid--17174f5a_19f2e433d8d_-491d", "geometry": {"type": "Point", "coordinates": [-1.534079, 48.133532]}, "geometry_name": "geom", "properties": {"id": "9c3af7af-2ee2-4879-8d2e-31475f7205ff", "nom": "Mairie - Acigné", "nom_commune": "Acigné", "adresse_principale": "22 place de la Mairie 35690 Acigné", "siret": "21350001000011", "categorie": "Service local", "code_insee": "35001", "horaires": "<b>Lundi - Mercredi</b><br>\n08:30 - 12:30\n13:30 - 17:30<br>\n<b>Jeudi</b><br>\n08:30 - 12:30<br>\n<b>Vendredi</b><br>\n08:30 - 12:30\n13:30 - 17:30<br>\n<b>Samedi</b><br>\n09:00 - 12:00", "mail": "mairie@ville-acigne.fr", "site_internet": "https://www.ville-acigne.fr", "telephone": "02 99 04 30 00", "url_service_public": "https://lannuaire.service-public.gouv.fr/bretagne/ille-et-vilaine/9c3af7af-2ee2-4879-8d2e-31475f7205ff", "type_organisme": null, "date_modification": "28/07/2025 11:04:27", "latitude": 48.133533, "longitude": -1.534079, "codes_siren": "213500010,243500139"}, "bbox": [-1.534079, 48.133532, -1.534079, 48.133532]}, {"type": "Feature", "id": "administration.fid--17174f5a_19f2e433d8d_-491c", "geometry": {"type": "Point", "coordinates": [-1.946292, 47.80943]}, "geometry_name": "geom", "properties": {"id": "c7091233-8b4a-4f71-b027-369ec6c9b2d2", "nom": "Centre Local d'Information et de Coordination (CLIC) Redon Agglomération - Permanence de Pipriac", "nom_commune": "Pipriac", "adresse_principale": "13 Place de la Mairie 35550 Pipriac", "siret": "24350074100232", "categorie": "Service local", "code_insee": "35219", "horaires": null, "mail": "clic@redon-agglomeration.bzh", "site_internet": "https://www.ille-et-vilaine.fr/clic", "telephone": "+33299711213", "url_service_public": "https://lannuaire.service-public.gouv.fr/bretagne/ille-et-vilaine/c7091233-8b4a-4f71-b027-369ec6c9b2d2", "type_organisme": null, "date_modification": "12/01/2026 14:20:35", "latitude": 47.80943, "longitude": -1.946292, "codes_siren": "213502198,243500741"}, "bbox": [-1.946292, 47.80943, -1.946292, 47.80943]}, {"type": "Feature", "id": "administration.fid--17174f5a_19f2e433d8d_-491b", "geometry": {"type": "Point", "coordinates": [-1.661867, 48.042581]}, "geometry_name": "geom", "properties": {"id": "ea673a3f-294a-476e-b083-e2d51931d6a7", "nom": "Mairie - Noyal-Châtillon-sur-Seiche", "nom_commune": "Noyal-Châtillon-sur-Seiche", "adresse_principale": "3 rue de la Mairie 35230 Noyal-Châtillon-sur-Seiche", "siret": "21350364200018", "categorie": "Service local", "code_insee": "35206", "horaires": "<b>Lundi</b><br>\n09:00 - 12:15\n14:00 - 17:15<br>\n<b>Mardi</b><br>\n09:00 - 12:15<br>\n<b>Mercredi</b><br>\n09:00 - 12:15\n14:00 - 17:15<br>\n<b>Jeudi</b><br>\n09:00 - 12:15\n14:00 - 18:30<br>\n<b>Vendredi</b><br>\n09:00 - 12:15\n14:00 - 17:15<br>\n<b>Samedi</b><br>\n10:00 - 12:00", "mail": "mairie@ville-noyal-chatillon.fr", "site_internet": "https://www.ville-noyal-chatillon.fr", "telephone": "02 99 05 20 00", "url_service_public": "https://lannuaire.service-public.gouv.fr/bretagne/ille-et-vilaine/ea673a3f-294a-476e-b083-e2d51931d6a7", "type_organisme": null, "date_modification": "29/07/2025 10:43:24", "latitude": 48.04258, "longitude": -1.661867, "codes_siren": "213503642,243500139"}, "bbox": [-1.661867, 48.042581, -1.661867, 48.042581]}, {"type": "Feature", "id": "administration.fid--17174f5a_19f2e433d8d_-491a", "geometry": {"type": "Point", "coordinates": [-1.675263, 48.087646]}, "geometry_name": "geom", "properties": {"id": "d836eb00-a8a2-412a-a1e1-cc08c8aefa17", "nom": "Agence de l'environnement et de la maîtrise de l'énergie (ADEME) - Direction régionale Bretagne", "nom_commune": "Rennes", "adresse_principale": "22 avenue Henri Fréville 35000 Rennes", "siret": "38529030900546", "categorie": "Service institutionnel", "code_insee": "35238", "horaires": "<b>Lundi - Vendredi</b><br>\n09:00 - 12:00\n14:00 - 17:00", "mail": "ademe.bretagne@ademe.fr", "site_internet": "https://www.ademe.fr/direction-regionale/bretagne/", "telephone": "02 99 85 87 00", "url_service_public": "https://lannuaire.service-public.gouv.fr/bretagne/ille-et-vilaine/d836eb00-a8a2-412a-a1e1-cc08c8aefa17", "type_organisme": "Établissement public", "date_modification": "10/11/2025 17:27:21", "latitude": 48.087646, "longitude": -1.675263, "codes_siren": "213502388,243500139"}, "bbox": [-1.675263, 48.087646, -1.675263, 48.087646]}, {"type": "Feature", "id": "administration.fid--17174f5a_19f2e433d8d_-4919", "geometry": {"type": "Point", "coordinates": [-1.874647, 47.978497]}, "geometry_name": "geom", "properties": {"id": "1246896b-f13a-4ab0-acd2-a6c92d86afcc", "nom": "Mairie - Lassy", "nom_commune": "Lassy", "adresse_principale": "5 rue de la Mairie 35580 Lassy", "siret": "21350149700019", "categorie": "Service local", "code_insee": "35149", "horaires": "<b>Lundi - Mardi</b><br>\n16:00 - 18:00<br>\n<b>Mercredi</b><br>\n09:00 - 12:00<br>\n<b>Jeudi - Vendredi</b><br>\n09:00 - 12:00\n15:00 - 18:00<br>\n<b>Samedi</b><br>\n09:00 - 12:00", "mail": "accueil.mairie.lassy@orange.fr", "site_internet": "https://www.lassy35.fr", "telephone": "02 99 42 03 33", "url_service_public": "https://lannuaire.service-public.gouv.fr/bretagne/ille-et-vilaine/1246896b-f13a-4ab0-acd2-a6c92d86afcc", "type_organisme": null, "date_modification": "05/05/2025 15:31:09", "latitude": 47.978497, "longitude": -1.8746468, "codes_siren": "213501497,200043990"}, "bbox": [-1.874647, 47.978497, -1.874647, 47.978497]}, {"type": "Feature", "id": "administration.fid--17174f5a_19f2e433d8d_-4918", "geometry": {"type": "Point", "coordinates": [-1.404862, 48.10942]}, "geometry_name": "geom", "properties": {"id": "6c161e88-bab8-454d-90d8-5dbe768b0b8b", "nom": "Police municipale - Châteaubourg", "nom_commune": "Châteaubourg", "adresse_principale": "5 place de l'Hôtel-de-Ville 35220 Châteaubourg", "siret": null, "categorie": "Service local", "code_insee": "35068", "horaires": null, "mail": "police-municipale@chateaubourg.fr", "site_internet": null, "telephone": null, "url_service_public": "https://lannuaire.service-public.gouv.fr/bretagne/ille-et-vilaine/6c161e88-bab8-454d-90d8-5dbe768b0b8b", "type_organisme": null, "date_modification": "10/11/2025 17:12:18", "latitude": 48.10942, "longitude": -1.404862, "codes_siren": "213500689,200039022"}, "bbox": [-1.404862, 48.10942, -1.404862, 48.10942]}, {"type": "Feature", "id": "administration.fid--17174f5a_19f2e433d8d_-4917", "geometry": {"type": "Point", "coordinates": [-1.847476, 48.073329]}, "geometry_name": "geom", "properties": {"id": "b0bf795f-6e40-4612-b123-0391992a9068", "nom": "Mairie - Mordelles", "nom_commune": "Mordelles", "adresse_principale": "29 avenue du Maréchal Leclerc 35310 Mordelles", "siret": "21350196800019", "categorie": "Service local", "code_insee": "35196", "horaires": "<b>Lundi</b><br>\n09:00 - 12:15\n13:30 - 17:30<br>\n<b>Mardi</b><br>\n08:30 - 17:30<br>\n<b>Mercredi</b><br>\n08:30 - 12:15<br>\n<b>Jeudi - Vendredi</b><br>\n08:30 - 12:15\n13:30 - 17:30<br>\n<b>Samedi</b><br>\n09:00 - 12:00", "mail": "mairie@ville-mordelles.fr", "site_internet": "https://www.ville-mordelles.fr", "telephone": "02 99 85 13 85", "url_service_public": "https://lannuaire.service-public.gouv.fr/bretagne/ille-et-vilaine/b0bf795f-6e40-4612-b123-0391992a9068", "type_organisme": null, "date_modification": "28/07/2025 11:52:48", "latitude": 48.07333, "longitude": -1.847476, "codes_siren": "213501968,243500139"}, "bbox": [-1.847476, 48.073329, -1.847476, 48.073329]}, {"type": "Feature", "id": "administration.fid--17174f5a_19f2e433d8d_-4916", "geometry": {"type": "Point", "coordinates": [-1.671757, 48.110347]}, "geometry_name": "geom", "properties": {"id": "9b1dd626-464e-4f21-afd2-9282bcb88f25", "nom": "Service départemental à la jeunesse, à l'engagement et aux sports (SDJES) - Ille-et-Vilaine", "nom_commune": "Rennes", "adresse_principale": "1 quai Dujardin 35000 Rennes", "siret": null, "categorie": "Service institutionnel", "code_insee": "35238", "horaires": "<b>Lundi - Vendredi</b><br>\n08:45 - 12:30\n13:30 - 17:00", "mail": "ce.sdjes35@ac-rennes.fr", "site_internet": "https://www.ac-rennes.fr/presentation-de-la-dsden-d-ille-et-vilaine-122106", "telephone": "02 99 25 10 20", "url_service_public": "https://lannuaire.service-public.gouv.fr/bretagne/ille-et-vilaine/9b1dd626-464e-4f21-afd2-9282bcb88f25", "type_organisme": "Service déconcentré", "date_modification": "24/02/2025 15:26:31", "latitude": 48.110348, "longitude": -1.671757, "codes_siren": "213502388,243500139"}, "bbox": [-1.671757, 48.110347, -1.671757, 48.110347]}, {"type": "Feature", "id": "administration.fid--17174f5a_19f2e433d8d_-4915", "geometry": {"type": "Point", "coordinates": [-1.854458, 48.244674]}, "geometry_name": "geom", "properties": {"id": "8cae97aa-ce7d-498f-885c-5af7f0ec83f0", "nom": "Mairie - Langan", "nom_commune": "Langan", "adresse_principale": "1 place de l'église 35850 Langan", "siret": "21350144800012", "categorie": "Service local", "code_insee": "35144", "horaires": "<b>Lundi</b><br>\n14:00 - 17:00<br>\n<b>Mercredi</b><br>\n09:00 - 12:00\n14:00 - 18:00<br>\n<b>Vendredi</b><br>\n09:00 - 12:00\n14:00 - 17:00<br>\n<b>Samedi</b><br>\n10:00 - 12:00", "mail": "accueil@langan.fr", "site_internet": "https://www.langan.fr", "telephone": "02 99 23 22 63", "url_service_public": "https://lannuaire.service-public.gouv.fr/bretagne/ille-et-vilaine/8cae97aa-ce7d-498f-885c-5af7f0ec83f0", "type_organisme": null, "date_modification": "18/07/2025 14:26:04", "latitude": 48.244675, "longitude": -1.854458, "codes_siren": "213501448,243500139"}, "bbox": [-1.854458, 48.244674, -1.854458, 48.244674]}, {"type": "Feature", "id": "administration.fid--17174f5a_19f2e433d8d_-4914", "geometry": {"type": "Point", "coordinates": [-1.739228, 48.107416]}, "geometry_name": "geom", "properties": {"id": "2f149494-2ebf-46f0-949a-1acb1ddb73d3", "nom": "Point-justice du Centre pénitentiaire de Rennes - Vezin", "nom_commune": "VEZIN-LE-COQUET", "adresse_principale": "rue du Petit Pré 35132 VEZIN-LE-COQUET", "siret": null, "categorie": "Service local", "code_insee": "35353", "horaires": null, "mail": null, "site_internet": "https://www.cdad-ca-rennes.fr/", "telephone": null, "url_service_public": "https://lannuaire.service-public.gouv.fr/bretagne/ille-et-vilaine/2f149494-2ebf-46f0-949a-1acb1ddb73d3", "type_organisme": null, "date_modification": "03/10/2025 04:36:26", "latitude": 48.107414, "longitude": -1.739228, "codes_siren": "213503535,243500139"}, "bbox": [-1.739228, 48.107416, -1.739228, 48.107416]}, {"type": "Feature", "id": "administration.fid--17174f5a_19f2e433d8d_-4913", "geometry": {"type": "Point", "coordinates": [-1.67486, 48.130706]}, "geometry_name": "geom", "properties": {"id": "32d03ecb-0445-43fb-bdc2-997d3974d141", "nom": "Secrétariat général commun départemental - Ille-et-Vilaine", "nom_commune": "Rennes", "adresse_principale": "81 boulevard d'Armorique 35700 Rennes", "siret": null, "categorie": "Service institutionnel", "code_insee": "35238", "horaires": null, "mail": "sgc-direction@ille-et-vilaine.gouv.fr", "site_internet": "https://www.ille-et-vilaine.gouv.fr", "telephone": "0 800 71 36 35", "url_service_public": "https://lannuaire.service-public.gouv.fr/bretagne/ille-et-vilaine/32d03ecb-0445-43fb-bdc2-997d3974d141", "type_organisme": "Préfecture, sous-préfecture", "date_modification": "28/06/2024 15:32:54", "latitude": 48.130707, "longitude": -1.67486, "codes_siren": "213502388,243500139"}, "bbox": [-1.67486, 48.130706, -1.67486, 48.130706]}, {"type": "Feature", "id": "administration.fid--17174f5a_19f2e433d8d_-4912", "geometry": {"type": "Point", "coordinates": [-1.991935, 48.213466]}, "geometry_name": "geom", "properties": {"id": "7b70e195-1692-46db-9c33-2d641143e512", "nom": "Centre communal d'action sociale (CCAS) - La Chapelle du Lou du Lac", "nom_commune": "La Chapelle du Lou du Lac", "adresse_principale": "5 Rue Alain de Botherel 35360 La Chapelle du Lou du Lac", "siret": "20006167900011", "categorie": "Service local", "code_insee": "35060", "horaires": null, "mail": "mairie@lachapelleduloudulac.fr", "site_internet": "https://www.lachapelleduloudulac.fr/le-ccas.php", "telephone": "+33299065251", "url_service_public": "https://lannuaire.service-public.gouv.fr/bretagne/ille-et-vilaine/7b70e195-1692-46db-9c33-2d641143e512", "type_organisme": null, "date_modification": "24/02/2026 08:09:56", "latitude": 48.213467, "longitude": -1.991935, "codes_siren": "200054880,200038990"}, "bbox": [-1.991935, 48.213466, -1.991935, 48.213466]}, {"type": "Feature", "id": "administration.fid--17174f5a_19f2e433d8d_-4911", "geometry": {"type": "Point", "coordinates": [-1.501904, 48.048411]}, "geometry_name": "geom", "properties": {"id": "57a7400e-6f1d-40a9-8224-72314f528435", "nom": "Centre communal d'action sociale (CCAS) - Chateaugiron", "nom_commune": "Châteaugiron", "adresse_principale": "Ruelle du Château 35410 Châteaugiron", "siret": "20006450900017", "categorie": "Service local", "code_insee": "35069", "horaires": null, "mail": null, "site_internet": null, "telephone": null, "url_service_public": "https://lannuaire.service-public.gouv.fr/bretagne/ille-et-vilaine/57a7400e-6f1d-40a9-8224-72314f528435", "type_organisme": null, "date_modification": "24/02/2026 08:09:51", "latitude": 48.048412, "longitude": -1.501904, "codes_siren": "200064483,243500659"}, "bbox": [-1.501904, 48.048411, -1.501904, 48.048411]}, {"type": "Feature", "id": "administration.fid--17174f5a_19f2e433d8d_-4910", "geometry": {"type": "Point", "coordinates": [-1.697301, 48.216283]}, "geometry_name": "geom", "properties": {"id": "9d2cc036-fe19-4b0e-a793-b2ddb1c110e6", "nom": "Mairie - Melesse", "nom_commune": "Melesse", "adresse_principale": "20 rue de Rennes 35520 Melesse", "siret": "21350173700018", "categorie": "Service local", "code_insee": "35173", "horaires": "<b>Lundi</b><br>\n08:30 - 12:00\n13:30 - 17:00<br>\n<b>Mardi</b><br>\n13:30 - 19:30<br>\n<b>Mercredi - Vendredi</b><br>\n08:30 - 12:00\n13:30 - 17:00<br>\n<b>Samedi</b><br>\n09:00 - 12:00", "mail": "mairie@melesse.fr", "site_internet": "https://www.melesse.fr", "telephone": "02 99 13 26 26", "url_service_public": "https://lannuaire.service-public.gouv.fr/bretagne/ille-et-vilaine/9d2cc036-fe19-4b0e-a793-b2ddb1c110e6", "type_organisme": null, "date_modification": "05/05/2025 15:34:03", "latitude": 48.21628, "longitude": -1.6973015, "codes_siren": "213501737,243500667"}, "bbox": [-1.697301, 48.216283, -1.697301, 48.216283]}, {"type": "Feature", "id": "administration.fid--17174f5a_19f2e433d8d_-490f", "geometry": {"type": "Point", "coordinates": [-1.72327, 48.06556]}, "geometry_name": "geom", "properties": {"id": "882ce786-e3fa-4ccf-84c5-d91106bf87dd", "nom": "Météo-France - Direction interrégionale - Ouest", "nom_commune": "Saint-Jacques-de-la-Lande", "adresse_principale": "27 rue Jules Vallès 35136 Saint-Jacques-de-la-Lande", "siret": "18006003001267", "categorie": "Service institutionnel", "code_insee": "35281", "horaires": null, "mail": "ouest@meteo.fr", "site_internet": "https://meteofrance.fr/", "telephone": "02 22 51 53 00", "url_service_public": "https://lannuaire.service-public.gouv.fr/bretagne/ille-et-vilaine/882ce786-e3fa-4ccf-84c5-d91106bf87dd", "type_organisme": "Établissement public", "date_modification": "18/12/2024 17:39:13", "latitude": 48.06556, "longitude": -1.72327, "codes_siren": "213502818,243500139"}, "bbox": [-1.72327, 48.06556, -1.72327, 48.06556]}, {"type": "Feature", "id": "administration.fid--17174f5a_19f2e433d8d_-490e", "geometry": {"type": "Point", "coordinates": [-1.380864, 48.035624]}, "geometry_name": "geom", "properties": {"id": "af2a6542-e0b0-435f-9c23-6b5151062e26", "nom": "Centre communal d'action sociale (CCAS) - Piré-Chancé", "nom_commune": "Piré-Chancé", "adresse_principale": "Place Alexandre Bricet 35680 Piré-Chancé", "siret": "20008594200015", "categorie": "Service local", "code_insee": "35220", "horaires": null, "mail": "administratif@pire-sur-seiche.fr", "site_internet": "https://www.pire-sur-seiche.fr/centre-communal-daction-sociale-ccas/", "telephone": "+33299000538", "url_service_public": "https://lannuaire.service-public.gouv.fr/bretagne/ille-et-vilaine/af2a6542-e0b0-435f-9c23-6b5151062e26", "type_organisme": null, "date_modification": "24/02/2026 08:10:06", "latitude": 48.035625, "longitude": -1.380864, "codes_siren": "200085884,243500659"}, "bbox": [-1.380864, 48.035624, -1.380864, 48.035624]}, {"type": "Feature", "id": "administration.fid--17174f5a_19f2e433d8d_-490d", "geometry": {"type": "Point", "coordinates": [-1.651699, 48.114603]}, "geometry_name": "geom", "properties": {"id": "cdb6091b-50d7-4b7b-91ab-219818efbe78", "nom": "Point-justice de la Maison des usagers du Centre Hospitalier Guillaume Régnier de Rennes", "nom_commune": "RENNES", "adresse_principale": "108 avenue Général Leclerc 35700 RENNES", "siret": null, "categorie": "Service local", "code_insee": "35238", "horaires": null, "mail": "maison.usagers@ch-guillaumeregnier.fr", "site_internet": "https://www.cdad-ca-rennes.fr/", "telephone": "02 22 51 41 25", "url_service_public": "https://lannuaire.service-public.gouv.fr/bretagne/ille-et-vilaine/cdb6091b-50d7-4b7b-91ab-219818efbe78", "type_organisme": null, "date_modification": "03/10/2025 04:36:25", "latitude": 48.1146, "longitude": -1.651699, "codes_siren": "213502388,243500139"}, "bbox": [-1.651699, 48.114603, -1.651699, 48.114603]}, {"type": "Feature", "id": "administration.fid--17174f5a_19f2e433d8d_-490c", "geometry": {"type": "Point", "coordinates": [-1.7981, 47.961916]}, "geometry_name": "geom", "properties": {"id": "b7539fda-2a0b-4010-a1be-9828f2ef9195", "nom": "Caisse d'allocations familiales (Caf) d'Ille-et-Vilaine - accueil de Guichen", "nom_commune": "Guichen", "adresse_principale": "26 rue du Commandant Charcot 35580 Guichen", "siret": null, "categorie": "Service local", "code_insee": "35126", "horaires": "<b>Mercredi</b><br>\n09:00 - 12:00\n14:00 - 16:00", "mail": null, "site_internet": "https://www.caf.fr", "telephone": "32 30", "url_service_public": "https://lannuaire.service-public.gouv.fr/bretagne/ille-et-vilaine/b7539fda-2a0b-4010-a1be-9828f2ef9195", "type_organisme": null, "date_modification": "10/02/2026 15:35:32", "latitude": 47.961918, "longitude": -1.7981, "codes_siren": "213501265,200043990"}, "bbox": [-1.7981, 47.961916, -1.7981, 47.961916]}, {"type": "Feature", "id": "administration.fid--17174f5a_19f2e433d8d_-490b", "geometry": {"type": "Point", "coordinates": [-1.4829, 48.110587]}, "geometry_name": "geom", "properties": {"id": "d3fc8036-c107-4a93-a6a5-a44720cb4b1f", "nom": "Centre communal d'action sociale (CCAS) - Brécé", "nom_commune": "Brécé", "adresse_principale": "6 Rue de Rennes 35530 Brécé", "siret": "26350373200012", "categorie": "Service local", "code_insee": "35039", "horaires": null, "mail": "accueil@mairie-brece.fr", "site_internet": "https://www.mairie-brece.fr/mon-quotidien/action-sociale-et-sante/ccas", "telephone": "+33299001009", "url_service_public": "https://lannuaire.service-public.gouv.fr/bretagne/ille-et-vilaine/d3fc8036-c107-4a93-a6a5-a44720cb4b1f", "type_organisme": null, "date_modification": "24/02/2026 08:10:12", "latitude": 48.110588, "longitude": -1.4829, "codes_siren": "213500390,243500139"}, "bbox": [-1.4829, 48.110587, -1.4829, 48.110587]}, {"type": "Feature", "id": "administration.fid--17174f5a_19f2e433d8d_-490a", "geometry": {"type": "Point", "coordinates": [-1.466234, 48.246923]}, "geometry_name": "geom", "properties": {"id": "07806ec6-909e-4fc0-8924-4a6be19f87eb", "nom": "Mairie - Gosné", "nom_commune": "Gosné", "adresse_principale": "Place du Calvaire 35140 Gosné", "siret": "21350121600013", "categorie": "Service local", "code_insee": "35121", "horaires": "<b>Lundi - Jeudi</b><br>\n09:00 - 12:00<br>\n<b>Vendredi</b><br>\n09:00 - 12:00\n14:00 - 17:00", "mail": "mairie@gosne.fr", "site_internet": "https://www.gosne.fr", "telephone": "02 99 66 32 08", "url_service_public": "https://lannuaire.service-public.gouv.fr/bretagne/ille-et-vilaine/07806ec6-909e-4fc0-8924-4a6be19f87eb", "type_organisme": null, "date_modification": "16/07/2025 10:26:59", "latitude": 48.24692, "longitude": -1.466234, "codes_siren": "213501216,243500774"}, "bbox": [-1.466234, 48.246923, -1.466234, 48.246923]}, {"type": "Feature", "id": "administration.fid--17174f5a_19f2e433d8d_-4909", "geometry": {"type": "Point", "coordinates": [-1.633851, 48.294538]}, "geometry_name": "geom", "properties": {"id": "fd1e6e24-0be3-40ff-939a-c8ec377cdd8e", "nom": "Centre communal d'action sociale (CCAS) - Aubigné", "nom_commune": "Aubigné", "adresse_principale": "3 Rue de la Mairie 35250 Aubigné", "siret": "21350251100016", "categorie": "Service local", "code_insee": "35007", "horaires": null, "mail": "mairie.aubigne@wanadoo.fr", "site_internet": "https://aubigne.fr/fr/rb/1702092/ccas-daubigne", "telephone": "+33299552649", "url_service_public": "https://lannuaire.service-public.gouv.fr/bretagne/ille-et-vilaine/fd1e6e24-0be3-40ff-939a-c8ec377cdd8e", "type_organisme": null, "date_modification": "24/02/2026 08:10:18", "latitude": 48.294537, "longitude": -1.633851, "codes_siren": "213500077,243500667"}, "bbox": [-1.633851, 48.294538, -1.633851, 48.294538]}, {"type": "Feature", "id": "administration.fid--17174f5a_19f2e433d8d_-4908", "geometry": {"type": "Point", "coordinates": [-1.71777, 48.11764]}, "geometry_name": "geom", "properties": {"id": "d8b3a28e-9327-49f6-a4ce-5102c309472e", "nom": "Bureau de l'éducation routière (BER) - Ille-et-Vilaine", "nom_commune": "Rennes", "adresse_principale": "12 rue Maurice Fabre 35000 Rennes", "siret": null, "categorie": "Service local", "code_insee": "35238", "horaires": "<b>Lundi - Vendredi</b><br>\n09:30 - 12:00", "mail": "ddtm-educationroutiere@ille-et-vilaine.gouv.fr", "site_internet": null, "telephone": "02 90 02 32 00", "url_service_public": "https://lannuaire.service-public.gouv.fr/bretagne/ille-et-vilaine/d8b3a28e-9327-49f6-a4ce-5102c309472e", "type_organisme": null, "date_modification": "17/11/2025 13:53:46", "latitude": 48.11764, "longitude": -1.71777, "codes_siren": "213502388,243500139"}, "bbox": [-1.71777, 48.11764, -1.71777, 48.11764]}, {"type": "Feature", "id": "administration.fid--17174f5a_19f2e433d8d_-4907", "geometry": {"type": "Point", "coordinates": [-1.633463, 48.294529]}, "geometry_name": "geom", "properties": {"id": "d2dd9f6b-ea98-4cda-a3f7-d5fb9c72dd2b", "nom": "Mairie - Aubigné", "nom_commune": "Aubigné", "adresse_principale": "3 rue de la Mairie 35250 Aubigné", "siret": "21350007700010", "categorie": "Service local", "code_insee": "35007", "horaires": "<b>Lundi</b><br>\n14:00 - 17:00<br>\n<b>Mardi</b><br>\n09:00 - 12:30\n13:30 - 18:00<br>\n<b>Jeudi</b><br>\n09:00 - 12:30<br>\n<b>Vendredi</b><br>\n09:00 - 12:30\n13:30 - 17:00<br>\n<b>Samedi</b><br>\n09:00 - 12:00", "mail": "mairie.aubigne@wanadoo.fr", "site_internet": "https://www.aubigne.fr", "telephone": "02 99 55 26 49", "url_service_public": "https://lannuaire.service-public.gouv.fr/bretagne/ille-et-vilaine/d2dd9f6b-ea98-4cda-a3f7-d5fb9c72dd2b", "type_organisme": null, "date_modification": "12/06/2025 13:46:55", "latitude": 48.29453, "longitude": -1.6334631, "codes_siren": "213500077,243500667"}, "bbox": [-1.633463, 48.294529, -1.633463, 48.294529]}, {"type": "Feature", "id": "administration.fid--17174f5a_19f2e433d8d_-4906", "geometry": {"type": "Point", "coordinates": [-1.786944, 47.877667]}, "geometry_name": "geom", "properties": {"id": "562b3c17-c20b-493e-9adb-177594b68933", "nom": "Centre communal d'action sociale (CCAS) - Saint-Malo-de-Phily", "nom_commune": "Saint-Malo-de-Phily", "adresse_principale": "1 Place de l’Eglise 35480 Saint-Malo-de-Phily", "siret": "21350289100012", "categorie": "Service local", "code_insee": "35289", "horaires": null, "mail": "accueil@saintmalodephily.fr", "site_internet": "https://www.saintmalodephily.fr/le-ccas/", "telephone": "+33299578240", "url_service_public": "https://lannuaire.service-public.gouv.fr/bretagne/ille-et-vilaine/562b3c17-c20b-493e-9adb-177594b68933", "type_organisme": null, "date_modification": "24/02/2026 08:09:51", "latitude": 47.877666, "longitude": -1.786944, "codes_siren": "213502891,200043990"}, "bbox": [-1.786944, 47.877667, -1.786944, 47.877667]}, {"type": "Feature", "id": "administration.fid--17174f5a_19f2e433d8d_-4905", "geometry": {"type": "Point", "coordinates": [-1.681752, 48.091924]}, "geometry_name": "geom", "properties": {"id": "60486315-e83a-41a5-9ab9-c72581d709d3", "nom": "Point-justice de l'ESC Aimé Césaire", "nom_commune": "RENNES", "adresse_principale": "15 rue Louis et René Moine 35200 RENNES", "siret": null, "categorie": "Service local", "code_insee": "35238", "horaires": null, "mail": null, "site_internet": "https://www.cdad-ca-rennes.fr/", "telephone": "02 99 50 86 70", "url_service_public": "https://lannuaire.service-public.gouv.fr/bretagne/ille-et-vilaine/60486315-e83a-41a5-9ab9-c72581d709d3", "type_organisme": null, "date_modification": "03/10/2025 04:36:25", "latitude": 48.091923, "longitude": -1.681752, "codes_siren": "213502388,243500139"}, "bbox": [-1.681752, 48.091924, -1.681752, 48.091924]}, {"type": "Feature", "id": "administration.fid--17174f5a_19f2e433d8d_-4904", "geometry": {"type": "Point", "coordinates": [-1.498542, 47.95944]}, "geometry_name": "geom", "properties": {"id": "ab0c1699-bcab-496d-97a2-1657bfd7ee95", "nom": "Centre communal d'action sociale (CCAS) - Janze", "nom_commune": "Janzé", "adresse_principale": "Place de l'Hôtel de Ville 35150 Janzé", "siret": "26350126400018", "categorie": "Service local", "code_insee": "35136", "horaires": null, "mail": null, "site_internet": null, "telephone": "+33299470054", "url_service_public": "https://lannuaire.service-public.gouv.fr/bretagne/ille-et-vilaine/ab0c1699-bcab-496d-97a2-1657bfd7ee95", "type_organisme": null, "date_modification": "24/02/2026 08:10:05", "latitude": 47.95944, "longitude": -1.498542, "codes_siren": "213501364,243500634"}, "bbox": [-1.498542, 47.95944, -1.498542, 47.95944]}, {"type": "Feature", "id": "administration.fid--17174f5a_19f2e433d8d_-4903", "geometry": {"type": "Point", "coordinates": [-1.681239, 48.108601]}, "geometry_name": "geom", "properties": {"id": "0908fc19-9fa4-474a-a21d-51dba413e16f", "nom": "Agence départementale d'information sur le logement (ADIL) - Ille-et-Vilaine", "nom_commune": "Rennes", "adresse_principale": "22 rue Poullain-Duparc 35000 Rennes", "siret": null, "categorie": "Service local", "code_insee": "35238", "horaires": "<b>Lundi - Jeudi</b><br>\n09:00 - 12:00\n14:00 - 17:00<br>\n<b>Vendredi</b><br>\n09:00 - 12:00", "mail": "contact@adil35.org", "site_internet": "https://www.adil35.org/", "telephone": "02 99 78 27 27", "url_service_public": "https://lannuaire.service-public.gouv.fr/bretagne/ille-et-vilaine/0908fc19-9fa4-474a-a21d-51dba413e16f", "type_organisme": null, "date_modification": "11/09/2025 10:41:07", "latitude": 48.1086, "longitude": -1.681239, "codes_siren": "213502388,243500139"}, "bbox": [-1.681239, 48.108601, -1.681239, 48.108601]}, {"type": "Feature", "id": "administration.fid--17174f5a_19f2e433d8d_-4902", "geometry": {"type": "Point", "coordinates": [-1.712183, 48.121107]}, "geometry_name": "geom", "properties": {"id": "8d6acbd8-7c1d-4ccf-b7d0-9022c5cb39c2", "nom": "Caisse primaire d'assurance maladie (CPAM) d'Ille-et-Vilaine - accueil de Rennes - Villejean", "nom_commune": "Rennes", "adresse_principale": "51 Cours Kennedy 35000 Rennes", "siret": null, "categorie": "Service local", "code_insee": "35238", "horaires": "<b>Mardi</b><br>\n08:30 - 12:00\n13:30 - 17:00<br>\n<b>Jeudi</b><br>\n08:30 - 12:00\n13:30 - 17:00", "mail": null, "site_internet": "https://www.ameli.fr", "telephone": "36 46", "url_service_public": "https://lannuaire.service-public.gouv.fr/bretagne/ille-et-vilaine/8d6acbd8-7c1d-4ccf-b7d0-9022c5cb39c2", "type_organisme": null, "date_modification": "28/03/2024 16:03:58", "latitude": 48.121105, "longitude": -1.712183, "codes_siren": "213502388,243500139"}, "bbox": [-1.712183, 48.121107, -1.712183, 48.121107]}, {"type": "Feature", "id": "administration.fid--17174f5a_19f2e433d8d_-4901", "geometry": {"type": "Point", "coordinates": [-1.83159, 48.191818]}, "geometry_name": "geom", "properties": {"id": "5fc75dba-7db3-4e38-a80c-c80e7bbba09b", "nom": "Centre communal d'action sociale (CCAS) - Parthenay-de-Bretagne", "nom_commune": "Parthenay-de-Bretagne", "adresse_principale": "2 Rue Principale 35850 Parthenay-de-Bretagne", "siret": "21350216400014", "categorie": "Service local", "code_insee": "35216", "horaires": null, "mail": "mairie.parthenaybretagne@wanadoo.fr", "site_internet": "https://annuaire.ille-et-vilaine.fr/organisme/2918-centre-communal-daction-sociale-de-parthenay-de-bretagne-ccas", "telephone": "+33299699153", "url_service_public": "https://lannuaire.service-public.gouv.fr/bretagne/ille-et-vilaine/5fc75dba-7db3-4e38-a80c-c80e7bbba09b", "type_organisme": null, "date_modification": "24/02/2026 08:09:52", "latitude": 48.19182, "longitude": -1.83159, "codes_siren": "213502164,243500139"}, "bbox": [-1.83159, 48.191818, -1.83159, 48.191818]}, {"type": "Feature", "id": "administration.fid--17174f5a_19f2e433d8d_-4900", "geometry": {"type": "Point", "coordinates": [-1.50063, 48.2163]}, "geometry_name": "geom", "properties": {"id": "586bd4bc-ba4c-4422-bfb2-8ad287dbec31", "nom": "France services - Liffré", "nom_commune": "Liffré", "adresse_principale": "Rue de Fougères 35340 Liffré", "siret": null, "categorie": "Service local", "code_insee": "35152", "horaires": "<b>Jeudi - Vendredi</b><br>\n08:45 - 12:45<br>\n<b>Lundi</b><br>\n08:45 - 12:15<br>\n<b>Mardi</b><br>\n08:45 - 12:15\n13:30 - 17:00<br>\n<b>Mercredi</b><br>\n08:45 - 12:15\n13:30 - 16:30", "mail": "franceservices-liffre-cormier.fr", "site_internet": "https://www.france-services.gouv.fr", "telephone": "02 57 21 85 24", "url_service_public": "https://lannuaire.service-public.gouv.fr/bretagne/ille-et-vilaine/586bd4bc-ba4c-4422-bfb2-8ad287dbec31", "type_organisme": null, "date_modification": "10/02/2025 15:32:39", "latitude": 48.2163, "longitude": -1.50063, "codes_siren": "213501521,243500774"}, "bbox": [-1.50063, 48.2163, -1.50063, 48.2163]}, {"type": "Feature", "id": "administration.fid--17174f5a_19f2e433d8d_-48ff", "geometry": {"type": "Point", "coordinates": [-1.89272, 48.215199]}, "geometry_name": "geom", "properties": {"id": "c2a457cd-cff7-440b-824c-c25ac09c349e", "nom": "Mairie - Clayes", "nom_commune": "Clayes", "adresse_principale": "Place de la Mairie 35590 Clayes", "siret": "21350081200010", "categorie": "Service local", "code_insee": "35081", "horaires": "<b>Mardi</b><br>\n14:00 - 17:30<br>\n<b>Mercredi</b><br>\n09:00 - 12:00\n14:00 - 17:30<br>\n<b>Jeudi - Vendredi</b><br>\n14:00 - 17:30<br>\n<b>Samedi</b><br>\n09:00 - 12:00", "mail": "mairie@clayes.fr", "site_internet": "https://www.clayes.fr/", "telephone": "02 99 61 20 30", "url_service_public": "https://lannuaire.service-public.gouv.fr/bretagne/ille-et-vilaine/c2a457cd-cff7-440b-824c-c25ac09c349e", "type_organisme": null, "date_modification": "05/05/2025 15:34:45", "latitude": 48.2152, "longitude": -1.89272, "codes_siren": "213500812,243500139"}, "bbox": [-1.89272, 48.215199, -1.89272, 48.215199]}, {"type": "Feature", "id": "administration.fid--17174f5a_19f2e433d8d_-48fe", "geometry": {"type": "Point", "coordinates": [-1.309713, 48.299245]}, "geometry_name": "geom", "properties": {"id": "c4fd691c-57ae-4174-ae62-78f52d9903d2", "nom": "Mairie déléguée - Vendel", "nom_commune": "Vendel", "adresse_principale": "9 rue de la Mairie 35140 Vendel", "siret": "20008401000012", "categorie": "Service local", "code_insee": "35348", "horaires": "<b>Lundi</b><br>\n14:00 - 17:00<br>\n<b>Vendredi</b><br>\n14:00 - 17:00", "mail": "mairie@rivesducouesnon.fr", "site_internet": "https://www.rivesducouesnon.fr", "telephone": "02 99 97 62 39", "url_service_public": "https://lannuaire.service-public.gouv.fr/bretagne/ille-et-vilaine/c4fd691c-57ae-4174-ae62-78f52d9903d2", "type_organisme": null, "date_modification": "29/07/2025 08:29:47", "latitude": 48.299244, "longitude": -1.309713, "codes_siren": null}, "bbox": [-1.309713, 48.299245, -1.309713, 48.299245]}, {"type": "Feature", "id": "administration.fid--17174f5a_19f2e433d8d_-48fd", "geometry": {"type": "Point", "coordinates": [-1.446642, 48.34158]}, "geometry_name": "geom", "properties": {"id": "c9d3970f-a496-408f-b311-36dfa388b0ff", "nom": "Mairie - Saint-Christophe-de-Valains", "nom_commune": "Saint-Christophe-de-Valains", "adresse_principale": "2 rue des Écoles 35140 Saint-Christophe-de-Valains", "siret": "21350261000016", "categorie": "Service local", "code_insee": "35261", "horaires": "<b>Mardi</b><br>\n08:30 - 12:30\n13:30 - 18:30<br>\n<b>Vendredi</b><br>\n08:30 - 12:30\n13:30 - 17:30", "mail": "saintchristophedevalains@wanadoo.fr", "site_internet": "https://saintchristophedevalains.fr", "telephone": "02 99 39 35 16", "url_service_public": "https://lannuaire.service-public.gouv.fr/bretagne/ille-et-vilaine/c9d3970f-a496-408f-b311-36dfa388b0ff", "type_organisme": null, "date_modification": "29/07/2025 08:47:03", "latitude": 48.34158, "longitude": -1.446642, "codes_siren": "213502610,200072452"}, "bbox": [-1.446642, 48.34158, -1.446642, 48.34158]}, {"type": "Feature", "id": "administration.fid--17174f5a_19f2e433d8d_-48fc", "geometry": {"type": "Point", "coordinates": [-1.753986, 48.219431]}, "geometry_name": "geom", "properties": {"id": "717db7b2-3bc1-43e9-8bf6-33cca03a2f79", "nom": "Centre communal d'action sociale (CCAS) - La Mézière", "nom_commune": "La Mézière", "adresse_principale": "1 Rue de Macéria 35520 La Mézière", "siret": "26350166000017", "categorie": "Service local", "code_insee": "35177", "horaires": null, "mail": "mairie@lameziere.fr", "site_internet": "https://www.lameziere.com/fiche-annuaire/ccas/", "telephone": "+33299693843", "url_service_public": "https://lannuaire.service-public.gouv.fr/bretagne/ille-et-vilaine/717db7b2-3bc1-43e9-8bf6-33cca03a2f79", "type_organisme": null, "date_modification": "24/02/2026 08:09:55", "latitude": 48.219433, "longitude": -1.753986, "codes_siren": "213501778,243500667"}, "bbox": [-1.753986, 48.219431, -1.753986, 48.219431]}, {"type": "Feature", "id": "administration.fid--17174f5a_19f2e433d8d_-48fb", "geometry": {"type": "Point", "coordinates": [-1.560383, 47.829719]}, "geometry_name": "geom", "properties": {"id": "a1ed3810-4c52-4bfb-aab0-a0716084e401", "nom": "Mairie - Ercé-en-Lamée", "nom_commune": "Ercé-en-Lamée", "adresse_principale": "2 route des Ajoncs-d'Or 35620 Ercé-en-Lamée", "siret": "21350106700010", "categorie": "Service local", "code_insee": "35106", "horaires": "<b>Lundi</b><br>\n09:00 - 12:30<br>\n<b>Mardi</b><br>\n09:00 - 12:30\n13:30 - 16:30<br>\n<b>Mercredi - Jeudi</b><br>\n09:00 - 12:30<br>\n<b>Vendredi</b><br>\n09:00 - 12:30\n13:30 - 19:00", "mail": "mairie@erceenlamee.fr", "site_internet": "https://www.erceenlamee.fr/", "telephone": "02 99 44 30 16", "url_service_public": "https://lannuaire.service-public.gouv.fr/bretagne/ille-et-vilaine/a1ed3810-4c52-4bfb-aab0-a0716084e401", "type_organisme": null, "date_modification": "05/05/2025 15:34:09", "latitude": 47.82972, "longitude": -1.560383, "codes_siren": "213501067,200070662"}, "bbox": [-1.560383, 47.829719, -1.560383, 47.829719]}, {"type": "Feature", "id": "administration.fid--17174f5a_19f2e433d8d_-48fa", "geometry": {"type": "Point", "coordinates": [-1.888693, 48.284664]}, "geometry_name": "geom", "properties": {"id": "4b55d0e2-4fa4-402c-bff7-ad25a3ad5655", "nom": "Mairie - Cardroc", "nom_commune": "Cardroc", "adresse_principale": "4 rue des Tisserands 35190 Cardroc", "siret": "21350050700016", "categorie": "Service local", "code_insee": "35050", "horaires": "<b>Lundi</b><br>\n09:00 - 12:30\n14:00 - 18:00<br>\n<b>Mardi - Vendredi</b><br>\n09:00 - 12:30", "mail": "mairiecardroc@wanadoo.fr", "site_internet": "https://cardroc.fr", "telephone": "02 99 45 86 04", "url_service_public": "https://lannuaire.service-public.gouv.fr/bretagne/ille-et-vilaine/4b55d0e2-4fa4-402c-bff7-ad25a3ad5655", "type_organisme": null, "date_modification": "17/07/2025 11:14:21", "latitude": 48.284664, "longitude": -1.888693, "codes_siren": "213500507,243500733"}, "bbox": [-1.888693, 48.284664, -1.888693, 48.284664]}, {"type": "Feature", "id": "administration.fid--17174f5a_19f2e433d8d_-48f9", "geometry": {"type": "Point", "coordinates": [-1.369503, 48.192759]}, "geometry_name": "geom", "properties": {"id": "1ec952c2-51a9-40e4-be7f-217078349fd7", "nom": "Centre communal d'action sociale (CCAS) - Dourdain", "nom_commune": "Dourdain", "adresse_principale": "4 Rue Jean Joseph Chevrel 35450 Dourdain", "siret": "26350093600012", "categorie": "Service local", "code_insee": "35101", "horaires": null, "mail": null, "site_internet": null, "telephone": "+33299390657", "url_service_public": "https://lannuaire.service-public.gouv.fr/bretagne/ille-et-vilaine/1ec952c2-51a9-40e4-be7f-217078349fd7", "type_organisme": null, "date_modification": "24/02/2026 08:09:40", "latitude": 48.19276, "longitude": -1.369503, "codes_siren": "213501018,243500774"}, "bbox": [-1.369503, 48.192759, -1.369503, 48.192759]}, {"type": "Feature", "id": "administration.fid--17174f5a_19f2e433d8d_-48f8", "geometry": {"type": "Point", "coordinates": [-1.660718, 48.087386]}, "geometry_name": "geom", "properties": {"id": "1b63a1d0-9ec0-4118-be7f-e6bc3cd05489", "nom": "France services - Rennes", "nom_commune": "Rennes", "adresse_principale": "47 avenue des Pays-Bas 35200 Rennes", "siret": null, "categorie": "Service local", "code_insee": "35238", "horaires": "<b>Lundi</b><br>\n09:00 - 12:30\n14:00 - 17:15<br>\n<b>Mardi</b><br>\n14:00 - 19:15<br>\n<b>Mercredi</b><br>\n09:00 - 12:30\n14:00 - 17:15<br>\n<b>Jeudi</b><br>\n14:00 - 17:15<br>\n<b>Vendredi</b><br>\n09:00 - 12:30\n14:00 - 17:15", "mail": "rennes@pimmsmediation.fr", "site_internet": "https://www.france-services.gouv.fr", "telephone": "02 99 32 02 58", "url_service_public": "https://lannuaire.service-public.gouv.fr/bretagne/ille-et-vilaine/1b63a1d0-9ec0-4118-be7f-e6bc3cd05489", "type_organisme": null, "date_modification": "10/02/2025 15:31:46", "latitude": 48.087387, "longitude": -1.660718, "codes_siren": "213502388,243500139"}, "bbox": [-1.660718, 48.087386, -1.660718, 48.087386]}, {"type": "Feature", "id": "administration.fid--17174f5a_19f2e433d8d_-48f7", "geometry": {"type": "Point", "coordinates": [-1.959955, 48.140904]}, "geometry_name": "geom", "properties": {"id": "3a861bf9-6a40-46df-bc4d-a2cb0dbc28a2", "nom": "Centre communal d'action sociale (CCAS) - Montfort-Sur-Meu", "nom_commune": "Montfort-sur-Meu", "adresse_principale": "Boulevard Villebois Mareuil 35160 Montfort-sur-Meu", "siret": "26350175100014", "categorie": "Service local", "code_insee": "35188", "horaires": null, "mail": null, "site_internet": null, "telephone": "+33299090017", "url_service_public": "https://lannuaire.service-public.gouv.fr/bretagne/ille-et-vilaine/3a861bf9-6a40-46df-bc4d-a2cb0dbc28a2", "type_organisme": null, "date_modification": "24/02/2026 08:09:45", "latitude": 48.140903, "longitude": -1.959955, "codes_siren": "213501885,243500550"}, "bbox": [-1.959955, 48.140904, -1.959955, 48.140904]}, {"type": "Feature", "id": "administration.fid--17174f5a_19f2e433d8d_-48f6", "geometry": {"type": "Point", "coordinates": [-1.677098, 48.104994]}, "geometry_name": "geom", "properties": {"id": "525d716b-ab35-4eac-9d71-d93a50cccc8c", "nom": "Chambre de métiers et de l'artisanat (CMA) régionale - Bretagne", "nom_commune": "Rennes", "adresse_principale": "2 cours des Alliés 35000 Rennes", "siret": null, "categorie": "Service institutionnel", "code_insee": "35047", "horaires": "<b>Lundi - Vendredi</b><br>\n08:30 - 17:30", "mail": "contact@cma-bretagne.fr", "site_internet": "https://www.cma-bretagne.fr/", "telephone": "3006", "url_service_public": "https://lannuaire.service-public.gouv.fr/bretagne/ille-et-vilaine/525d716b-ab35-4eac-9d71-d93a50cccc8c", "type_organisme": null, "date_modification": "12/03/2025 13:36:47", "latitude": 48.104996, "longitude": -1.677098, "codes_siren": "213500473,243500139"}, "bbox": [-1.677098, 48.104994, -1.677098, 48.104994]}, {"type": "Feature", "id": "administration.fid--17174f5a_19f2e433d8d_-48f5", "geometry": {"type": "Point", "coordinates": [-1.684021, 48.133682]}, "geometry_name": "geom", "properties": {"id": "94055846-04b3-4f8f-84fd-e1887a2f4d6a", "nom": "Greta Est-Bretagne - Rennes", "nom_commune": "Rennes", "adresse_principale": "34 rue Bahon Rault 35000 Rennes", "siret": null, "categorie": "Service local", "code_insee": "35238", "horaires": "<b>Lundi - Jeudi</b><br>\n08:00 - 12:30\n13:30 - 17:30<br>\n<b>Vendredi</b><br>\n08:00 - 12:30\n13:30 - 16:30", "mail": "greta.agrennes@ac-rennes.fr", "site_internet": "https://greta-bretagne.ac-rennes.fr/portail/web/greta-est-bretagne", "telephone": "02 99 22 63 64", "url_service_public": "https://lannuaire.service-public.gouv.fr/bretagne/ille-et-vilaine/94055846-04b3-4f8f-84fd-e1887a2f4d6a", "type_organisme": null, "date_modification": "15/01/2024 15:30:46", "latitude": 48.133682, "longitude": -1.6840215, "codes_siren": "213502388,243500139"}, "bbox": [-1.684021, 48.133682, -1.684021, 48.133682]}, {"type": "Feature", "id": "administration.fid--17174f5a_19f2e433d8d_-48f4", "geometry": {"type": "Point", "coordinates": [-1.437499, 48.183951]}, "geometry_name": "geom", "properties": {"id": "65310876-928b-405e-8087-3d57ad05f0c3", "nom": "Mairie - La Bouëxière", "nom_commune": "La Bouëxière", "adresse_principale": "5 rue Théophile Rémond 35340 La Bouëxière", "siret": "21350031700010", "categorie": "Service local", "code_insee": "35031", "horaires": "<b>Lundi</b><br>\n14:00 - 17:30<br>\n<b>Mardi - Jeudi</b><br>\n09:00 - 12:00\n14:00 - 17:30<br>\n<b>Samedi</b><br>\n09:00 - 12:00<br>\n<b>Vendredi</b><br>\n09:00 - 12:00\n14:00 - 16:30", "mail": "accueil@mairie-labouexiere.fr", "site_internet": "https://www.mairie-labouexiere.fr", "telephone": "02 99 62 62 95", "url_service_public": "https://lannuaire.service-public.gouv.fr/bretagne/ille-et-vilaine/65310876-928b-405e-8087-3d57ad05f0c3", "type_organisme": null, "date_modification": "17/07/2025 15:28:19", "latitude": 48.183952, "longitude": -1.437499, "codes_siren": "213500317,243500774"}, "bbox": [-1.437499, 48.183951, -1.437499, 48.183951]}, {"type": "Feature", "id": "administration.fid--17174f5a_19f2e433d8d_-48f3", "geometry": {"type": "Point", "coordinates": [-1.497502, 47.960528]}, "geometry_name": "geom", "properties": {"id": "5c2f5cf0-e169-4f1b-b687-6ab67e390cc6", "nom": "Point conseil budget - Association Force Ouvrière Consommateurs (AFOC 35) - Janzé", "nom_commune": "Janzé", "adresse_principale": "5 place des Halles 35150 Janzé", "siret": null, "categorie": "Service local", "code_insee": "35136", "horaires": null, "mail": "zerodette35@gmail.com", "site_internet": null, "telephone": "02 99 65 36 66", "url_service_public": "https://lannuaire.service-public.gouv.fr/bretagne/ille-et-vilaine/5c2f5cf0-e169-4f1b-b687-6ab67e390cc6", "type_organisme": null, "date_modification": "09/08/2023 13:56:59", "latitude": 47.96053, "longitude": -1.497502, "codes_siren": "213501364,243500634"}, "bbox": [-1.497502, 47.960528, -1.497502, 47.960528]}, {"type": "Feature", "id": "administration.fid--17174f5a_19f2e433d8d_-48f2", "geometry": {"type": "Point", "coordinates": [-1.733993, 48.178497]}, "geometry_name": "geom", "properties": {"id": "39c7e4ab-c973-4efc-b567-083481b47a25", "nom": "Mairie - Gévezé", "nom_commune": "Gévezé", "adresse_principale": "Espace des Droits-de-l'Homme 35850 Gévezé", "siret": "21350120800010", "categorie": "Service local", "code_insee": "35120", "horaires": "<b>Lundi</b><br>\n09:00 - 12:00\n14:00 - 18:00<br>\n<b>Mardi - Mercredi</b><br>\n09:00 - 12:00\n14:00 - 17:00<br>\n<b>Jeudi</b><br>\n09:00 - 12:00<br>\n<b>Vendredi</b><br>\n09:00 - 12:00\n14:00 - 17:00", "mail": "mairie@ville-geveze.fr", "site_internet": "https://www.ville-geveze.fr", "telephone": "02 99 69 90 22", "url_service_public": "https://lannuaire.service-public.gouv.fr/bretagne/ille-et-vilaine/39c7e4ab-c973-4efc-b567-083481b47a25", "type_organisme": null, "date_modification": "17/07/2025 09:49:56", "latitude": 48.178497, "longitude": -1.733993, "codes_siren": "213501208,243500139"}, "bbox": [-1.733993, 48.178497, -1.733993, 48.178497]}, {"type": "Feature", "id": "administration.fid--17174f5a_19f2e433d8d_-48f1", "geometry": {"type": "Point", "coordinates": [-1.302465, 48.176934]}, "geometry_name": "geom", "properties": {"id": "880a24ae-7383-47f5-b3e4-220b96b2df93", "nom": "Centre communal d'action sociale (CCAS) - Val-d'Izé", "nom_commune": "Val-d'Izé", "adresse_principale": "Place Jean Poirier 35450 Val-d'Izé", "siret": "21350347700019", "categorie": "Service local", "code_insee": "35347", "horaires": null, "mail": "mairie@valdize.fr", "site_internet": "https://www.valdize.fr/infos-pratiques/la-sante/affaires-sociales/ccas/", "telephone": "+33299498306", "url_service_public": "https://lannuaire.service-public.gouv.fr/bretagne/ille-et-vilaine/880a24ae-7383-47f5-b3e4-220b96b2df93", "type_organisme": null, "date_modification": "05/03/2026 22:46:23", "latitude": 48.176933, "longitude": -1.302465, "codes_siren": "213503477,200039022"}, "bbox": [-1.302465, 48.176934, -1.302465, 48.176934]}, {"type": "Feature", "id": "administration.fid--17174f5a_19f2e433d8d_-48f0", "geometry": {"type": "Point", "coordinates": [-1.979069, 48.066211]}, "geometry_name": "geom", "properties": {"id": "58906b7b-01c7-4eb5-adfd-a3148ae07ce8", "nom": "Mairie - Monterfil", "nom_commune": "Monterfil", "adresse_principale": "6 rue de la Mairie 35160 Monterfil", "siret": "21350187700012", "categorie": "Service local", "code_insee": "35187", "horaires": "<b>Lundi - Mardi</b><br>\n08:45 - 12:00<br>\n<b>Mercredi</b><br>\n08:45 - 11:45<br>\n<b>Jeudi - Vendredi</b><br>\n08:45 - 12:00<br>\n<b>Samedi</b><br>\n08:45 - 12:00", "mail": "mairie@monterfil.fr", "site_internet": "https://www.monterfil.fr/", "telephone": "02 99 07 90 47", "url_service_public": "https://lannuaire.service-public.gouv.fr/bretagne/ille-et-vilaine/58906b7b-01c7-4eb5-adfd-a3148ae07ce8", "type_organisme": null, "date_modification": "05/05/2025 15:32:44", "latitude": 48.06621, "longitude": -1.979069, "codes_siren": "213501877,243500618"}, "bbox": [-1.979069, 48.066211, -1.979069, 48.066211]}, {"type": "Feature", "id": "administration.fid--17174f5a_19f2e433d8d_-48ef", "geometry": {"type": "Point", "coordinates": [-1.62409, 48.1301]}, "geometry_name": "geom", "properties": {"id": "bc8fccfe-9712-43b7-9b3f-405a6fad5837", "nom": "Direction régionale de l'économie, de l'emploi, du travail et des solidarités (DREETS) - Bretagne", "nom_commune": "Cesson-Sévigné", "adresse_principale": "3 bis avenue de Belle-Fontaine 35510 Cesson-Sévigné", "siret": null, "categorie": "Service institutionnel", "code_insee": "35238", "horaires": null, "mail": "bretag-poleC@dreets.gouv.fr", "site_internet": "https://bretagne.dreets.gouv.fr/", "telephone": "02 99 12 22 22", "url_service_public": "https://lannuaire.service-public.gouv.fr/bretagne/ille-et-vilaine/bc8fccfe-9712-43b7-9b3f-405a6fad5837", "type_organisme": "Service déconcentré", "date_modification": "04/11/2025 14:55:23", "latitude": 48.1301, "longitude": -1.62409, "codes_siren": "213502388,243500139"}, "bbox": [-1.62409, 48.1301, -1.62409, 48.1301]}, {"type": "Feature", "id": "administration.fid--17174f5a_19f2e433d8d_-48ee", "geometry": {"type": "Point", "coordinates": [-1.67486, 48.130706]}, "geometry_name": "geom", "properties": {"id": "28e64fea-8b9d-4339-9d1b-5d932e9a3928", "nom": "Office national des combattants et victimes de guerre (ONaCVG) - Service départemental - Ille-et-Vilaine", "nom_commune": "Rennes", "adresse_principale": "77-79-81 boulevard-d'Armorique 35700 Rennes", "siret": null, "categorie": "Service institutionnel", "code_insee": "35238", "horaires": "<b>Mardi</b><br>\n14:00 - 16:00<br>\n<b>Jeudi</b><br>\n09:00 - 12:00", "mail": "sd35@onacvg.fr", "site_internet": "https://www.onac-vg.fr/", "telephone": "02 30 04 07 50", "url_service_public": "https://lannuaire.service-public.gouv.fr/bretagne/ille-et-vilaine/28e64fea-8b9d-4339-9d1b-5d932e9a3928", "type_organisme": "Service déconcentré", "date_modification": "20/01/2025 10:07:06", "latitude": 48.130707, "longitude": -1.67486, "codes_siren": "213502388,243500139"}, "bbox": [-1.67486, 48.130706, -1.67486, 48.130706]}, {"type": "Feature", "id": "administration.fid--17174f5a_19f2e433d8d_-48ed", "geometry": {"type": "Point", "coordinates": [-1.480011, 47.854664]}, "geometry_name": "geom", "properties": {"id": "bdce485e-4fa6-4386-aae2-2c879823a050", "nom": "Centre communal d'action sociale (CCAS) - Thourie", "nom_commune": "Thourie", "adresse_principale": "1 Place de l'Eglise 35134 Thourie", "siret": "21350335200063", "categorie": "Service local", "code_insee": "35335", "horaires": null, "mail": "mairiethourie@wanadoo.fr", "site_internet": "https://thourie.fr/sante-et-action-sociale/", "telephone": "+33299431141", "url_service_public": "https://lannuaire.service-public.gouv.fr/bretagne/ille-et-vilaine/bdce485e-4fa6-4386-aae2-2c879823a050", "type_organisme": null, "date_modification": "24/02/2026 08:10:09", "latitude": 47.854664, "longitude": -1.480011, "codes_siren": "213503352,243500634"}, "bbox": [-1.480011, 47.854664, -1.480011, 47.854664]}, {"type": "Feature", "id": "administration.fid--17174f5a_19f2e433d8d_-48ec", "geometry": {"type": "Point", "coordinates": [-1.522057, 48.062014]}, "geometry_name": "geom", "properties": {"id": "d529132d-779c-4a28-8a1a-d857c7e3e2b5", "nom": "Mairie - Domloup", "nom_commune": "Domloup", "adresse_principale": "1 Allée de l'Étang 35410 Domloup", "siret": "21350099400016", "categorie": "Service local", "code_insee": "35099", "horaires": "<b>Lundi</b><br>\n09:00 - 12:00\n14:00 - 17:30<br>\n<b>Mardi</b><br>\n08:30 - 12:30<br>\n<b>Mercredi</b><br>\n09:00 - 12:30\n14:00 - 17:30<br>\n<b>Jeudi</b><br>\n14:00 - 17:30<br>\n<b>Vendredi</b><br>\n09:00 - 12:00\n14:00 - 17:00<br>\n<b>Samedi</b><br>\n09:00 - 12:00", "mail": "accueil@domloup.fr", "site_internet": "https://www.domloup.fr", "telephone": "02 99 37 42 09", "url_service_public": "https://lannuaire.service-public.gouv.fr/bretagne/ille-et-vilaine/d529132d-779c-4a28-8a1a-d857c7e3e2b5", "type_organisme": null, "date_modification": "29/07/2025 09:00:51", "latitude": 48.062016, "longitude": -1.522057, "codes_siren": "213500994,243500659"}, "bbox": [-1.522057, 48.062014, -1.522057, 48.062014]}, {"type": "Feature", "id": "administration.fid--17174f5a_19f2e433d8d_-48eb", "geometry": {"type": "Point", "coordinates": [-1.697522, 48.216087]}, "geometry_name": "geom", "properties": {"id": "545da2e4-a45c-4f9c-be89-be17cdef666b", "nom": "Police municipale - Melesse", "nom_commune": "Melesse", "adresse_principale": "20 rue de Rennes 35520 Melesse", "siret": null, "categorie": "Service local", "code_insee": "35173", "horaires": null, "mail": "police@melesse.fr", "site_internet": null, "telephone": "02 99 13 26 26", "url_service_public": "https://lannuaire.service-public.gouv.fr/bretagne/ille-et-vilaine/545da2e4-a45c-4f9c-be89-be17cdef666b", "type_organisme": null, "date_modification": "10/11/2025 17:11:08", "latitude": 48.216087, "longitude": -1.697522, "codes_siren": "213501737,243500667"}, "bbox": [-1.697522, 48.216087, -1.697522, 48.216087]}, {"type": "Feature", "id": "administration.fid--17174f5a_19f2e433d8d_-48ea", "geometry": {"type": "Point", "coordinates": [-1.534052, 48.133316]}, "geometry_name": "geom", "properties": {"id": "7845bd0c-1264-4a5c-8704-69e54800e506", "nom": "Police municipale - Acigné", "nom_commune": "Acigné", "adresse_principale": "Place de la Mairie 35690 Acigné", "siret": null, "categorie": "Service local", "code_insee": "35001", "horaires": null, "mail": "police.municipale@ville-acigne.fr", "site_internet": null, "telephone": "02 99 04 30 05", "url_service_public": "https://lannuaire.service-public.gouv.fr/bretagne/ille-et-vilaine/7845bd0c-1264-4a5c-8704-69e54800e506", "type_organisme": null, "date_modification": "10/11/2025 17:12:52", "latitude": 48.133316, "longitude": -1.534052, "codes_siren": "213500010,243500139"}, "bbox": [-1.534052, 48.133316, -1.534052, 48.133316]}, {"type": "Feature", "id": "administration.fid--17174f5a_19f2e433d8d_-48e9", "geometry": {"type": "Point", "coordinates": [-1.681804, 48.09545]}, "geometry_name": "geom", "properties": {"id": "06662f4b-5c77-4a21-8355-31495f6ec79d", "nom": "Délégation militaire départementale (DMD) - Ille-et-Vilaine", "nom_commune": "Rennes", "adresse_principale": "1 rue du Garigliano 35000 Rennes", "siret": null, "categorie": "Service institutionnel", "code_insee": "35238", "horaires": null, "mail": null, "site_internet": null, "telephone": "02 23 35 23 04", "url_service_public": "https://lannuaire.service-public.gouv.fr/bretagne/ille-et-vilaine/06662f4b-5c77-4a21-8355-31495f6ec79d", "type_organisme": "Service déconcentré", "date_modification": "10/11/2025 17:20:42", "latitude": 48.09545, "longitude": -1.681804, "codes_siren": "213502388,243500139"}, "bbox": [-1.681804, 48.09545, -1.681804, 48.09545]}, {"type": "Feature", "id": "administration.fid--17174f5a_19f2e433d8d_-48e8", "geometry": {"type": "Point", "coordinates": [-1.633802, 48.116947]}, "geometry_name": "geom", "properties": {"id": "2fcf0b79-1170-4575-8a01-208dc3eadd12", "nom": "Direction zonale au recrutement et à la formation de la police nationale - Ouest", "nom_commune": "Rennes", "adresse_principale": "3 allée de Beaulieu 35000 Rennes", "siret": null, "categorie": "Service institutionnel", "code_insee": "35238", "horaires": null, "mail": "info-police-recrutement-rennes@interieur.gouv.fr", "site_internet": "https://www.police-nationale.interieur.gouv.fr/nous-rejoindre/echanger-avec-nous/contacts-locaux/contacts-locaux/pole-recrutement-de-zone-ouest-rennes", "telephone": "02 99 57 98 13", "url_service_public": "https://lannuaire.service-public.gouv.fr/bretagne/ille-et-vilaine/2fcf0b79-1170-4575-8a01-208dc3eadd12", "type_organisme": "Service déconcentré", "date_modification": "10/11/2025 17:22:10", "latitude": 48.116947, "longitude": -1.633802, "codes_siren": "213502388,243500139"}, "bbox": [-1.633802, 48.116947, -1.633802, 48.116947]}, {"type": "Feature", "id": "administration.fid--17174f5a_19f2e433d8d_-48e7", "geometry": {"type": "Point", "coordinates": [-1.684468, 48.121717]}, "geometry_name": "geom", "properties": {"id": "efb6b55d-b45b-4a96-8198-d56edc6abe84", "nom": "Institut national supérieur du professorat et de l'éducation (Inspé) - Académie de Rennes", "nom_commune": "Rennes", "adresse_principale": "153 rue Saint-Malo 35000 Rennes", "siret": "94129831700236", "categorie": "Service institutionnel", "code_insee": "35238", "horaires": null, "mail": "webmaster@inspe-bretagne.fr", "site_internet": "https://www.inspe-bretagne.fr/", "telephone": "02 99 54 64 44", "url_service_public": "https://lannuaire.service-public.gouv.fr/bretagne/ille-et-vilaine/efb6b55d-b45b-4a96-8198-d56edc6abe84", "type_organisme": "Service déconcentré", "date_modification": "25/02/2026 09:17:18", "latitude": 48.121716, "longitude": -1.6844684, "codes_siren": "213502388,243500139"}, "bbox": [-1.684468, 48.121717, -1.684468, 48.121717]}, {"type": "Feature", "id": "administration.fid--17174f5a_19f2e433d8d_-48e6", "geometry": {"type": "Point", "coordinates": [-1.686948, 48.107798]}, "geometry_name": "geom", "properties": {"id": "99f40428-d1ab-47f0-86c8-9f0cc5fb0253", "nom": "SOS VICTIMES Association d'aide aux victimes d'infractions pénales et d'accès au droit à Rennes FV 35", "nom_commune": "RENNES", "adresse_principale": "9 BD SEBASTOPOL 35000 RENNES", "siret": null, "categorie": "Service local", "code_insee": "35238", "horaires": null, "mail": "accueil@francevictimes35-sosvictimes.fr", "site_internet": null, "telephone": "02 99 35 06 07", "url_service_public": "https://lannuaire.service-public.gouv.fr/bretagne/ille-et-vilaine/99f40428-d1ab-47f0-86c8-9f0cc5fb0253", "type_organisme": null, "date_modification": "23/05/2025 15:19:47", "latitude": 48.1078, "longitude": -1.686948, "codes_siren": "213502388,243500139"}, "bbox": [-1.686948, 48.107798, -1.686948, 48.107798]}, {"type": "Feature", "id": "administration.fid--17174f5a_19f2e433d8d_-48e5", "geometry": {"type": "Point", "coordinates": [-1.302766, 47.927301]}, "geometry_name": "geom", "properties": {"id": "9e351e63-a1f0-4dca-8630-8461861e7259", "nom": "Mairie - Arbrissel", "nom_commune": "Arbrissel", "adresse_principale": "1 espace Pierre et Marie-Curie 35130 Arbrissel", "siret": "21350005100015", "categorie": "Service local", "code_insee": "35005", "horaires": "<b>Mardi</b><br>\n14:00 - 18:00<br>\n<b>Vendredi</b><br>\n14:00 - 18:00<br>\n<b>Samedi</b><br>\n09:00 - 11:00", "mail": "mairiearbrissel@outlook.fr", "site_internet": "https://www.arbrissel.fr", "telephone": "02 99 96 22 45", "url_service_public": "https://lannuaire.service-public.gouv.fr/bretagne/ille-et-vilaine/9e351e63-a1f0-4dca-8630-8461861e7259", "type_organisme": null, "date_modification": "25/11/2025 11:47:20", "latitude": 47.9273, "longitude": -1.302766, "codes_siren": "213500051,243500634"}, "bbox": [-1.302766, 47.927301, -1.302766, 47.927301]}, {"type": "Feature", "id": "administration.fid--17174f5a_19f2e433d8d_-48e4", "geometry": {"type": "Point", "coordinates": [-1.67313, 48.110641]}, "geometry_name": "geom", "properties": {"id": "7cb8def1-0542-49dc-8b7a-593c41b13175", "nom": "Centre d'information et d'orientation (CIO) - Rennes", "nom_commune": "Rennes", "adresse_principale": "1 quai Dujardin 35000 Rennes", "siret": null, "categorie": "Service local", "code_insee": "35238", "horaires": "<b>Lundi</b><br>\n13:30 - 17:30<br>\n<b>Mardi - Jeudi</b><br>\n09:00 - 12:00\n13:30 - 17:30<br>\n<b>Vendredi</b><br>\n09:00 - 12:00\n13:30 - 17:00", "mail": "cio.rennes@ac-rennes.fr", "site_internet": "http://www.ac-rennes.fr/ac-rennes/cid104613/cio-de-rennes.html", "telephone": "02 99 25 18 30", "url_service_public": "https://lannuaire.service-public.gouv.fr/bretagne/ille-et-vilaine/7cb8def1-0542-49dc-8b7a-593c41b13175", "type_organisme": null, "date_modification": "25/09/2025 11:11:14", "latitude": 48.11064, "longitude": -1.6731298, "codes_siren": "213502388,243500139"}, "bbox": [-1.67313, 48.110641, -1.67313, 48.110641]}, {"type": "Feature", "id": "administration.fid--17174f5a_19f2e433d8d_-48e3", "geometry": {"type": "Point", "coordinates": [-1.675431, 48.113061]}, "geometry_name": "geom", "properties": {"id": "c2c2ca79-4a3d-427f-bcec-cce8429afd16", "nom": "Tribunal administratif - Rennes", "nom_commune": "Rennes", "adresse_principale": "3 contour de la Motte 35238 Rennes", "siret": "17350005900014", "categorie": "Service institutionnel", "code_insee": "35238", "horaires": "<b>Lundi - Vendredi</b><br>\n09:00 - 12:30\n13:30 - 16:15", "mail": "greffe.ta-rennes@juradm.fr", "site_internet": "https://rennes.tribunal-administratif.fr/", "telephone": "02 23 21 28 28", "url_service_public": "https://lannuaire.service-public.gouv.fr/bretagne/ille-et-vilaine/c2c2ca79-4a3d-427f-bcec-cce8429afd16", "type_organisme": "Juridiction", "date_modification": "08/09/2025 09:13:16", "latitude": 48.11306, "longitude": -1.675431, "codes_siren": "213502388,243500139"}, "bbox": [-1.675431, 48.113061, -1.675431, 48.113061]}, {"type": "Feature", "id": "administration.fid--17174f5a_19f2e433d8d_-48e2", "geometry": {"type": "Point", "coordinates": [-1.797104, 47.96536]}, "geometry_name": "geom", "properties": {"id": "c00e0f41-eee0-4448-98e7-3d7b2f47c6b8", "nom": "Police municipale - Guichen", "nom_commune": "Guichen", "adresse_principale": "Place Georges-Le-Cornec 35580 Guichen", "siret": null, "categorie": "Service local", "code_insee": "35126", "horaires": null, "mail": "police.munipale@ville-guichenpontrean.fr", "site_internet": null, "telephone": "02 99 06 36 66", "url_service_public": "https://lannuaire.service-public.gouv.fr/bretagne/ille-et-vilaine/c00e0f41-eee0-4448-98e7-3d7b2f47c6b8", "type_organisme": null, "date_modification": "10/11/2025 17:16:03", "latitude": 47.96536, "longitude": -1.797104, "codes_siren": "213501265,200043990"}, "bbox": [-1.797104, 47.96536, -1.797104, 47.96536]}, {"type": "Feature", "id": "administration.fid--17174f5a_19f2e433d8d_-48e1", "geometry": {"type": "Point", "coordinates": [-1.749942, 48.02332]}, "geometry_name": "geom", "properties": {"id": "6e9af67f-c7e3-41ad-addc-a8f06c253c62", "nom": "Centre Local d'Information et de Coordination (CLIC) Alli'âges - Antenne de Bruz", "nom_commune": "Bruz", "adresse_principale": "Rue des Planches 35170 Bruz", "siret": "40011181100032", "categorie": "Service local", "code_insee": "35047", "horaires": null, "mail": "accueil@clic-alliages.fr", "site_internet": "https://www.clic-alliages.fr/", "telephone": "+33299773513", "url_service_public": "https://lannuaire.service-public.gouv.fr/bretagne/ille-et-vilaine/6e9af67f-c7e3-41ad-addc-a8f06c253c62", "type_organisme": null, "date_modification": "12/01/2026 14:20:36", "latitude": 48.02332, "longitude": -1.749942, "codes_siren": "213500473,243500139"}, "bbox": [-1.749942, 48.02332, -1.749942, 48.02332]}, {"type": "Feature", "id": "administration.fid--17174f5a_19f2e433d8d_-48e0", "geometry": {"type": "Point", "coordinates": [-1.892561, 48.215319]}, "geometry_name": "geom", "properties": {"id": "0529be3b-b1b6-4ae9-8caf-4e28cf74bd1c", "nom": "Mairie - Romillé", "nom_commune": "Romillé", "adresse_principale": "Place de la Mairie 35850 Romillé", "siret": "21350245300011", "categorie": "Service local", "code_insee": "35245", "horaires": "<b>Lundi - Mardi</b><br>\n08:45 - 12:15<br>\n<b>Mercredi</b><br>\n08:45 - 12:15\n14:00 - 17:30<br>\n<b>Jeudi</b><br>\n08:45 - 12:15<br>\n<b>Vendredi</b><br>\n08:45 - 12:15\n14:00 - 17:30<br>\n<b>Samedi</b><br>\n08:45 - 12:15", "mail": "mairie@romille.fr", "site_internet": "https://romille.fr/", "telephone": "02 99 23 24 59", "url_service_public": "https://lannuaire.service-public.gouv.fr/bretagne/ille-et-vilaine/0529be3b-b1b6-4ae9-8caf-4e28cf74bd1c", "type_organisme": null, "date_modification": "05/05/2025 15:30:45", "latitude": 48.215317, "longitude": -1.8925612, "codes_siren": "213502453,243500139"}, "bbox": [-1.892561, 48.215319, -1.892561, 48.215319]}, {"type": "Feature", "id": "administration.fid--17174f5a_19f2e433d8d_-48df", "geometry": {"type": "Point", "coordinates": [-1.593614, 48.014233]}, "geometry_name": "geom", "properties": {"id": "f46725e6-f210-4064-b1be-805abb4a84f0", "nom": "Mairie - Saint-Armel", "nom_commune": "Saint-Armel", "adresse_principale": "14 rue de la Mairie 35230 Saint-Armel", "siret": "21350250300013", "categorie": "Service local", "code_insee": "35250", "horaires": "<b>Lundi</b><br>\n08:30 - 12:00<br>\n<b>Mardi</b><br>\n14:00 - 17:30<br>\n<b>Mercredi - Jeudi</b><br>\n08:30 - 12:00<br>\n<b>Vendredi</b><br>\n14:00 - 17:30<br>\n<b>Samedi</b><br>\n09:00 - 12:00", "mail": "accueil.mairie@saint-armel-35.fr", "site_internet": "http://www.saint-armel-35.fr", "telephone": "02 99 62 71 58", "url_service_public": "https://lannuaire.service-public.gouv.fr/bretagne/ille-et-vilaine/f46725e6-f210-4064-b1be-805abb4a84f0", "type_organisme": null, "date_modification": "05/05/2025 15:35:41", "latitude": 48.014233, "longitude": -1.593614, "codes_siren": "213502503,243500139"}, "bbox": [-1.593614, 48.014233, -1.593614, 48.014233]}, {"type": "Feature", "id": "administration.fid--17174f5a_19f2e433d8d_-48de", "geometry": {"type": "Point", "coordinates": [-1.713684, 48.08061]}, "geometry_name": "geom", "properties": {"id": "c2cd054e-2f5b-4c75-a94d-ba4ed8c16eff", "nom": "Police municipale - Saint-Jacques-de-la-Lande", "nom_commune": "Saint-Jacques-de-la-Lande", "adresse_principale": "1 rue François-Mitterrand 35136 Saint-Jacques-de-la-Lande", "siret": null, "categorie": "Service local", "code_insee": "35281", "horaires": null, "mail": "police.municipale@st-jacques.fr", "site_internet": null, "telephone": "02 99 29 75 30", "url_service_public": "https://lannuaire.service-public.gouv.fr/bretagne/ille-et-vilaine/c2cd054e-2f5b-4c75-a94d-ba4ed8c16eff", "type_organisme": null, "date_modification": "10/11/2025 17:16:12", "latitude": 48.08061, "longitude": -1.713684, "codes_siren": "213502818,243500139"}, "bbox": [-1.713684, 48.08061, -1.713684, 48.08061]}, {"type": "Feature", "id": "administration.fid--17174f5a_19f2e433d8d_-48dd", "geometry": {"type": "Point", "coordinates": [-1.67576, 48.10555]}, "geometry_name": "geom", "properties": {"id": "db44b991-e3d5-4eba-86d4-4954531e9a59", "nom": "Caisse primaire d'assurance maladie (CPAM) d'Ille-et-Vilaine - siège de Rennes", "nom_commune": "Rennes", "adresse_principale": "Cours des Alliés 35000 Rennes", "siret": null, "categorie": "Service local", "code_insee": "35238", "horaires": "<b>Mardi</b><br>\n08:30 - 12:00\n13:30 - 17:00<br>\n<b>Jeudi</b><br>\n08:30 - 12:00\n13:30 - 17:00", "mail": null, "site_internet": "https://www.ameli.fr", "telephone": "36 46", "url_service_public": "https://lannuaire.service-public.gouv.fr/bretagne/ille-et-vilaine/db44b991-e3d5-4eba-86d4-4954531e9a59", "type_organisme": null, "date_modification": "25/11/2024 15:50:26", "latitude": 48.10555, "longitude": -1.67576, "codes_siren": "213502388,243500139"}, "bbox": [-1.67576, 48.10555, -1.67576, 48.10555]}, {"type": "Feature", "id": "administration.fid--17174f5a_19f2e433d8d_-48dc", "geometry": {"type": "Point", "coordinates": [-1.957135, 48.138093]}, "geometry_name": "geom", "properties": {"id": "a247a9c1-b89e-4e57-81a1-27255ca8b0e6", "nom": "Communauté de communes - Montfort communauté", "nom_commune": "Montfort-sur-Meu", "adresse_principale": "4 place du Tribunal 35160 Montfort-sur-Meu", "siret": "24350055000153", "categorie": "Service local", "code_insee": "35188", "horaires": "<b>Lundi - Jeudi</b><br>\n09:00 - 12:00\n14:00 - 17:30<br>\n<b>Vendredi</b><br>\n09:00 - 12:00", "mail": "contact@montfortcommunaute.bzh", "site_internet": "https://www.montfortcommunaute.bzh/", "telephone": "02 99 09 88 10", "url_service_public": "https://lannuaire.service-public.gouv.fr/bretagne/ille-et-vilaine/a247a9c1-b89e-4e57-81a1-27255ca8b0e6", "type_organisme": null, "date_modification": "03/12/2024 10:42:31", "latitude": 48.138092, "longitude": -1.9571351, "codes_siren": "213501885,243500550"}, "bbox": [-1.957135, 48.138093, -1.957135, 48.138093]}, {"type": "Feature", "id": "administration.fid--17174f5a_19f2e433d8d_-48db", "geometry": {"type": "Point", "coordinates": [-1.723777, 48.298382]}, "geometry_name": "geom", "properties": {"id": "67ac6b1a-89c0-4e21-9bca-105df45dbb47", "nom": "Mairie - Guipel", "nom_commune": "Guipel", "adresse_principale": "40 rue de la Liberté 35440 Guipel", "siret": "21350128100017", "categorie": "Service local", "code_insee": "35128", "horaires": "<b>Lundi - Vendredi</b><br>\n08:45 - 12:30<br>\n<b>Samedi</b><br>\n09:00 - 12:00", "mail": "mairie@guipel.fr", "site_internet": "https://www.guipel.fr/", "telephone": "02 99 69 74 74", "url_service_public": "https://lannuaire.service-public.gouv.fr/bretagne/ille-et-vilaine/67ac6b1a-89c0-4e21-9bca-105df45dbb47", "type_organisme": null, "date_modification": "05/05/2025 15:33:01", "latitude": 48.29838, "longitude": -1.723777, "codes_siren": "213501281,243500667"}, "bbox": [-1.723777, 48.298382, -1.723777, 48.298382]}, {"type": "Feature", "id": "administration.fid--17174f5a_19f2e433d8d_-48da", "geometry": {"type": "Point", "coordinates": [-1.664716, 48.087939]}, "geometry_name": "geom", "properties": {"id": "0241c7da-7eaf-4c80-a191-5b3a83a0da9f", "nom": "Commissariat de police de Rennes - Secteur Sud", "nom_commune": "Rennes", "adresse_principale": "14 boulevard Louis-Volclair 35000 Rennes", "siret": null, "categorie": "Service local", "code_insee": "35238", "horaires": "<b>Lundi - Jeudi</b><br>\n09:30 - 13:00\n14:00 - 18:00<br>\n<b>Vendredi</b><br>\n09:30 - 13:00\n14:00 - 17:30", "mail": null, "site_internet": "https://www.masecurite.interieur.gouv.fr/fr", "telephone": "02 57 87 10 10", "url_service_public": "https://lannuaire.service-public.gouv.fr/bretagne/ille-et-vilaine/0241c7da-7eaf-4c80-a191-5b3a83a0da9f", "type_organisme": null, "date_modification": "12/07/2024 16:04:47", "latitude": 48.08794, "longitude": -1.664716, "codes_siren": "213502388,243500139"}, "bbox": [-1.664716, 48.087939, -1.664716, 48.087939]}, {"type": "Feature", "id": "administration.fid--17174f5a_19f2e433d8d_-48d9", "geometry": {"type": "Point", "coordinates": [-1.713714, 48.11432]}, "geometry_name": "geom", "properties": {"id": "eee80983-3238-4575-9784-c215b5d8ac02", "nom": "Société d'aménagement foncier et d'établissement rural (Safer) - Ille-et-Vilaine", "nom_commune": "Rennes", "adresse_principale": "Rue Maurice Le Lannou 35000 Rennes", "siret": null, "categorie": "Service institutionnel", "code_insee": "35238", "horaires": null, "mail": "direction@safer-bretagne.fr", "site_internet": "https://www.safer-bretagne.fr", "telephone": "02 23 48 28 30", "url_service_public": "https://lannuaire.service-public.gouv.fr/bretagne/ille-et-vilaine/eee80983-3238-4575-9784-c215b5d8ac02", "type_organisme": "Association d'utilité publique", "date_modification": "10/11/2025 17:28:12", "latitude": 48.11432, "longitude": -1.713714, "codes_siren": "213502388,243500139"}, "bbox": [-1.713714, 48.11432, -1.713714, 48.11432]}, {"type": "Feature", "id": "administration.fid--17174f5a_19f2e433d8d_-48d8", "geometry": {"type": "Point", "coordinates": [-1.94487, 48.29635]}, "geometry_name": "geom", "properties": {"id": "e38426f3-ab04-436b-9121-837415d56270", "nom": "Brigade de gendarmerie - Bécherel", "nom_commune": "Bécherel", "adresse_principale": "36 bis rue de la Libération 35190 Bécherel", "siret": null, "categorie": "Service local", "code_insee": "35022", "horaires": null, "mail": null, "site_internet": "https://www.gendarmerie.interieur.gouv.fr", "telephone": "02 99 66 81 04", "url_service_public": "https://lannuaire.service-public.gouv.fr/bretagne/ille-et-vilaine/e38426f3-ab04-436b-9121-837415d56270", "type_organisme": null, "date_modification": "24/10/2024 09:12:32", "latitude": 48.29635, "longitude": -1.94487, "codes_siren": "213500226,243500139"}, "bbox": [-1.94487, 48.29635, -1.94487, 48.29635]}, {"type": "Feature", "id": "administration.fid--17174f5a_19f2e433d8d_-48d7", "geometry": {"type": "Point", "coordinates": [-1.956173, 48.138717]}, "geometry_name": "geom", "properties": {"id": "6ccaad9f-eb3f-4788-9de6-ef6056ae7047", "nom": "Caisse d'allocations familiales (Caf) d'Ille-et-Vilaine - accueil de Montfort-sur-Meu", "nom_commune": "Monfort-sur-Meu", "adresse_principale": "4 place du Tribunal 35160 Monfort-sur-Meu", "siret": null, "categorie": "Service local", "code_insee": "35188", "horaires": null, "mail": null, "site_internet": "https://www.caf.fr", "telephone": "32 30", "url_service_public": "https://lannuaire.service-public.gouv.fr/bretagne/ille-et-vilaine/6ccaad9f-eb3f-4788-9de6-ef6056ae7047", "type_organisme": null, "date_modification": "12/07/2024 09:21:37", "latitude": 48.138718, "longitude": -1.9561734, "codes_siren": "213501885,243500550"}, "bbox": [-1.956173, 48.138717, -1.956173, 48.138717]}, {"type": "Feature", "id": "administration.fid--17174f5a_19f2e433d8d_-48d6", "geometry": {"type": "Point", "coordinates": [-1.899562, 48.145286]}, "geometry_name": "geom", "properties": {"id": "99730209-8b98-45a5-9218-536b8fbbeef0", "nom": "Mairie - Breteil", "nom_commune": "Breteil", "adresse_principale": "13 rue de Montfort 35160 Breteil", "siret": "21350040800017", "categorie": "Service local", "code_insee": "35040", "horaires": "<b>Lundi</b><br>\n09:00 - 12:00\n14:00 - 18:00<br>\n<b>Mardi</b><br>\n09:00 - 12:00<br>\n<b>Mercredi</b><br>\n09:00 - 12:00\n14:00 - 18:00<br>\n<b>Jeudi</b><br>\n09:00 - 12:00<br>\n<b>Vendredi</b><br>\n09:00 - 12:00\n14:00 - 18:00<br>\n<b>Samedi</b><br>\n09:00 - 12:00", "mail": "mairie@breteil.fr", "site_internet": "https://www.breteil.bzh", "telephone": "02 99 06 01 01", "url_service_public": "https://lannuaire.service-public.gouv.fr/bretagne/ille-et-vilaine/99730209-8b98-45a5-9218-536b8fbbeef0", "type_organisme": null, "date_modification": "18/07/2025 14:47:08", "latitude": 48.145287, "longitude": -1.899562, "codes_siren": "213500408,243500550"}, "bbox": [-1.899562, 48.145286, -1.899562, 48.145286]}, {"type": "Feature", "id": "administration.fid--17174f5a_19f2e433d8d_-48d5", "geometry": {"type": "Point", "coordinates": [-1.303248, 47.954443]}, "geometry_name": "geom", "properties": {"id": "ac7b07bf-f3fb-4327-b736-ebb62082c3cb", "nom": "Mairie - Visseiche", "nom_commune": "Visseiche", "adresse_principale": "1 route de Marcillé Robert 35130 Visseiche", "siret": "21350359200015", "categorie": "Service local", "code_insee": "35359", "horaires": "<b>Lundi</b><br>\n13:30 - 16:30<br>\n<b>Mardi</b><br>\n09:15 - 12:15<br>\n<b>Vendredi</b><br>\n13:30 - 16:30<br>\n<b>Samedi</b><br>\n10:30 - 12:00", "mail": "mairie@visseiche.fr", "site_internet": "https://www.visseiche.com", "telephone": "02 99 76 38 48", "url_service_public": "https://lannuaire.service-public.gouv.fr/bretagne/ille-et-vilaine/ac7b07bf-f3fb-4327-b736-ebb62082c3cb", "type_organisme": null, "date_modification": "05/05/2025 15:34:21", "latitude": 47.954445, "longitude": -1.303248, "codes_siren": "213503592,200039022"}, "bbox": [-1.303248, 47.954443, -1.303248, 47.954443]}, {"type": "Feature", "id": "administration.fid--17174f5a_19f2e433d8d_-48d4", "geometry": {"type": "Point", "coordinates": [-1.68354, 48.153736]}, "geometry_name": "geom", "properties": {"id": "64bfc37d-0279-41ba-8837-a68ab3dd4ec3", "nom": "Police municipale - Saint-Grégoire", "nom_commune": "Saint-Grégoire", "adresse_principale": "10 rue Chateaubriand 35760 Saint-Grégoire", "siret": null, "categorie": "Service local", "code_insee": "35278", "horaires": null, "mail": "police@saint-gregoire.fr", "site_internet": null, "telephone": "02 99 23 19 22", "url_service_public": "https://lannuaire.service-public.gouv.fr/bretagne/ille-et-vilaine/64bfc37d-0279-41ba-8837-a68ab3dd4ec3", "type_organisme": null, "date_modification": "10/11/2025 17:11:56", "latitude": 48.153736, "longitude": -1.68354, "codes_siren": "213502784,243500139"}, "bbox": [-1.68354, 48.153736, -1.68354, 48.153736]}, {"type": "Feature", "id": "administration.fid--17174f5a_19f2e433d8d_-48d3", "geometry": {"type": "Point", "coordinates": [-1.677833, 48.111737]}, "geometry_name": "geom", "properties": {"id": "88acf439-b5b6-4233-8d26-284651bf49ba", "nom": "Cour d'appel de Rennes", "nom_commune": "RENNES", "adresse_principale": "place du Parlement de Bretagne 35000 RENNES", "siret": null, "categorie": "Service local", "code_insee": "35238", "horaires": "<b>Lundi - Vendredi</b><br>\n08:45 - 12:00\n13:45 - 17:00", "mail": null, "site_internet": "https://www.cours-appel.justice.fr/rennes", "telephone": "02 23 20 43 00", "url_service_public": "https://lannuaire.service-public.gouv.fr/bretagne/ille-et-vilaine/88acf439-b5b6-4233-8d26-284651bf49ba", "type_organisme": null, "date_modification": "16/05/2025 05:14:41", "latitude": 48.111736, "longitude": -1.677833, "codes_siren": "213502388,243500139"}, "bbox": [-1.677833, 48.111737, -1.677833, 48.111737]}, {"type": "Feature", "id": "administration.fid--17174f5a_19f2e433d8d_-48d2", "geometry": {"type": "Point", "coordinates": [-1.674628, 48.113576]}, "geometry_name": "geom", "properties": {"id": "8069a074-7fdb-44c4-ac7a-100f1479fa1e", "nom": "Pôle Politiques publiques", "nom_commune": "Rennes", "adresse_principale": "3 rue Martenot 35000 Rennes", "siret": null, "categorie": "Service institutionnel", "code_insee": "35238", "horaires": null, "mail": null, "site_internet": "https://www.prefectures-regions.gouv.fr/bretagne", "telephone": "02 99 02 10 35", "url_service_public": "https://lannuaire.service-public.gouv.fr/bretagne/ille-et-vilaine/8069a074-7fdb-44c4-ac7a-100f1479fa1e", "type_organisme": "Service déconcentré", "date_modification": "11/10/2024 11:34:20", "latitude": 48.113575, "longitude": -1.674628, "codes_siren": "213502388,243500139"}, "bbox": [-1.674628, 48.113576, -1.674628, 48.113576]}, {"type": "Feature", "id": "administration.fid--17174f5a_19f2e433d8d_-48d1", "geometry": {"type": "Point", "coordinates": [-1.685131, 48.106052]}, "geometry_name": "geom", "properties": {"id": "b1634994-6e15-4e49-8c91-07e9fb9ae551", "nom": "Direction interdépartementale de la police nationale (DIPN) - Ille-et-Vilaine", "nom_commune": "Rennes", "adresse_principale": "22 boulevard de La Tour d'Auvergne 35000 Rennes", "siret": null, "categorie": "Service institutionnel", "code_insee": "35238", "horaires": null, "mail": null, "site_internet": "https://www.ille-et-vilaine.gouv.fr/Services-de-l-Etat/Direction-departementale-de-la-securite-publique/Coordonnees", "telephone": "02 99 65 00 22", "url_service_public": "https://lannuaire.service-public.gouv.fr/bretagne/ille-et-vilaine/b1634994-6e15-4e49-8c91-07e9fb9ae551", "type_organisme": "Service déconcentré", "date_modification": "10/11/2025 17:25:57", "latitude": 48.106052, "longitude": -1.685131, "codes_siren": "213502388,243500139"}, "bbox": [-1.685131, 48.106052, -1.685131, 48.106052]}, {"type": "Feature", "id": "administration.fid--17174f5a_19f2e433d8d_-48d0", "geometry": {"type": "Point", "coordinates": [-1.69997, 48.127342]}, "geometry_name": "geom", "properties": {"id": "c530393c-7a40-4642-ad32-8978e974ce59", "nom": "Délégation départementale aux droits des femmes et à l'égalité (DDDFE) - Ille-et-Vilaine", "nom_commune": "Rennes", "adresse_principale": "15 avenue de Cucillé 35000 Rennes", "siret": null, "categorie": "Service institutionnel", "code_insee": "35238", "horaires": null, "mail": null, "site_internet": "https://www.prefectures-regions.gouv.fr/bretagne/Region-et-institutions/L-action-de-l-Etat/Egalite-et-droits-des-femmes", "telephone": "02 57 87 16 12", "url_service_public": "https://lannuaire.service-public.gouv.fr/bretagne/ille-et-vilaine/c530393c-7a40-4642-ad32-8978e974ce59", "type_organisme": "Direction départementale interministérielle", "date_modification": "10/11/2025 17:26:43", "latitude": 48.127342, "longitude": -1.69997, "codes_siren": "213502388,243500139"}, "bbox": [-1.69997, 48.127342, -1.69997, 48.127342]}, {"type": "Feature", "id": "administration.fid--17174f5a_19f2e433d8d_-48cf", "geometry": {"type": "Point", "coordinates": [-1.68332, 48.15388]}, "geometry_name": "geom", "properties": {"id": "e2b47d67-c456-4473-88ba-4201d98be3c9", "nom": "France services - Saint-Grégoire", "nom_commune": "Saint-Grégoire", "adresse_principale": "rue Chateaubriand 35760 Saint-Grégoire", "siret": null, "categorie": "Service local", "code_insee": "35278", "horaires": "<b>Lundi - Vendredi</b><br>\n09:00 - 12:30\n13:30 - 17:30", "mail": "franceservices-stgregoire@saint-gregoire.fr", "site_internet": "https://www.france-services.gouv.fr", "telephone": "02 99 23 19 23", "url_service_public": "https://lannuaire.service-public.gouv.fr/bretagne/ille-et-vilaine/e2b47d67-c456-4473-88ba-4201d98be3c9", "type_organisme": null, "date_modification": "10/02/2025 15:34:35", "latitude": 48.15388, "longitude": -1.68332, "codes_siren": "213502784,243500139"}, "bbox": [-1.68332, 48.15388, -1.68332, 48.15388]}, {"type": "Feature", "id": "administration.fid--17174f5a_19f2e433d8d_-48ce", "geometry": {"type": "Point", "coordinates": [-1.399213, 48.25987]}, "geometry_name": "geom", "properties": {"id": "6c62491d-8541-4938-9972-4b347624ec7a", "nom": "Police municipale - Saint-Aubin-du-Cormier", "nom_commune": "Saint-Aubin-du-Cormier", "adresse_principale": "Place de la Mairie 35140 Saint-Aubin-du-Cormier", "siret": null, "categorie": "Service local", "code_insee": "35253", "horaires": null, "mail": "police.municipale@ville-staubinducormier.fr", "site_internet": null, "telephone": "07 87 53 08 92", "url_service_public": "https://lannuaire.service-public.gouv.fr/bretagne/ille-et-vilaine/6c62491d-8541-4938-9972-4b347624ec7a", "type_organisme": null, "date_modification": "10/11/2025 17:12:20", "latitude": 48.25987, "longitude": -1.399213, "codes_siren": "213502537,243500774"}, "bbox": [-1.399213, 48.25987, -1.399213, 48.25987]}, {"type": "Feature", "id": "administration.fid--17174f5a_19f2e433d8d_-48cd", "geometry": {"type": "Point", "coordinates": [-1.661651, 48.114977]}, "geometry_name": "geom", "properties": {"id": "b0df7442-b3fb-481b-954c-0b874c9ec015", "nom": "Secrétariat général pour l'administration du ministère de l'Intérieur - Zone de défense Ouest", "nom_commune": "Rennes", "adresse_principale": "28 rue de la Pilate 35000 Rennes", "siret": "13002036500107", "categorie": "Service institutionnel", "code_insee": "35238", "horaires": null, "mail": null, "site_internet": null, "telephone": "02 99 87 89 00", "url_service_public": "https://lannuaire.service-public.gouv.fr/bretagne/ille-et-vilaine/b0df7442-b3fb-481b-954c-0b874c9ec015", "type_organisme": "Service déconcentré", "date_modification": "05/06/2025 10:06:12", "latitude": null, "longitude": null, "codes_siren": "213502388,243500139"}, "bbox": [-1.661651, 48.114977, -1.661651, 48.114977]}, {"type": "Feature", "id": "administration.fid--17174f5a_19f2e433d8d_-48cc", "geometry": {"type": "Point", "coordinates": [-1.643043, 48.182206]}, "geometry_name": "geom", "properties": {"id": "0429cbd8-834c-420b-a542-a25ce21adfaa", "nom": "Centre communal d'action sociale (CCAS) - Betton", "nom_commune": "Betton", "adresse_principale": "28 Avenue d'Armorique 35830 Betton", "siret": "26350351800049", "categorie": "Service local", "code_insee": "35024", "horaires": null, "mail": "ccas@betton.fr", "site_internet": "https://www.betton.fr/accueil/vivre-et-grandir/solidarite/aide-et-entraide/le-ccas-aides-legales", "telephone": "+33299557953", "url_service_public": "https://lannuaire.service-public.gouv.fr/bretagne/ille-et-vilaine/0429cbd8-834c-420b-a542-a25ce21adfaa", "type_organisme": null, "date_modification": "24/02/2026 08:09:35", "latitude": 48.182205, "longitude": -1.643043, "codes_siren": "213500242,243500139"}, "bbox": [-1.643043, 48.182206, -1.643043, 48.182206]}, {"type": "Feature", "id": "administration.fid--17174f5a_19f2e433d8d_-48cb", "geometry": {"type": "Point", "coordinates": [-1.836548, 48.328936]}, "geometry_name": "geom", "properties": {"id": "47cd67e6-bd78-41de-95f3-2da78c518d7e", "nom": "Centre communal d'action sociale (CCAS) - Tinteniac", "nom_commune": "Tinténiac", "adresse_principale": "12 Rue Nationale 35190 Tinténiac", "siret": "26350315300011", "categorie": "Service local", "code_insee": "35337", "horaires": null, "mail": null, "site_internet": null, "telephone": "+33299681868", "url_service_public": "https://lannuaire.service-public.gouv.fr/bretagne/ille-et-vilaine/47cd67e6-bd78-41de-95f3-2da78c518d7e", "type_organisme": null, "date_modification": "24/02/2026 08:09:48", "latitude": 48.328938, "longitude": -1.836548, "codes_siren": "213503378,243500733"}, "bbox": [-1.836548, 48.328936, -1.836548, 48.328936]}, {"type": "Feature", "id": "administration.fid--17174f5a_19f2e433d8d_-48ca", "geometry": {"type": "Point", "coordinates": [-1.932543, 48.070828]}, "geometry_name": "geom", "properties": {"id": "6092498c-c409-4cc6-8db0-13ccb65af7f2", "nom": "Mairie - Le Verger", "nom_commune": "Le Verger", "adresse_principale": "6 route de Talensac 35160 Le Verger", "siret": "21350351900018", "categorie": "Service local", "code_insee": "35351", "horaires": "<b>Lundi - Mardi</b><br>\n09:00 - 12:00<br>\n<b>Mercredi</b><br>\n09:00 - 12:00\n15:00 - 18:00<br>\n<b>Jeudi - Vendredi</b><br>\n09:00 - 12:00<br>\n<b>Samedi</b><br>\n09:00 - 11:30", "mail": "contact@mairie-le-verger.fr", "site_internet": "https://www.mairie-le-verger.fr/", "telephone": "02 99 07 92 15", "url_service_public": "https://lannuaire.service-public.gouv.fr/bretagne/ille-et-vilaine/6092498c-c409-4cc6-8db0-13ccb65af7f2", "type_organisme": null, "date_modification": "17/07/2025 15:25:33", "latitude": 48.070827, "longitude": -1.932543, "codes_siren": "213503519,243500139"}, "bbox": [-1.932543, 48.070828, -1.932543, 48.070828]}, {"type": "Feature", "id": "administration.fid--17174f5a_19f2e433d8d_-48c9", "geometry": {"type": "Point", "coordinates": [-1.608219, 47.895457]}, "geometry_name": "geom", "properties": {"id": "0f59a31f-9d9b-4779-8e2b-e30d26faab8b", "nom": "Mairie - Le Sel-de-Bretagne", "nom_commune": "Le Sel-de-Bretagne", "adresse_principale": "1 rue Chateaubriand 35320 Le Sel-de-Bretagne", "siret": "21350322000013", "categorie": "Service local", "code_insee": "35322", "horaires": "<b>Lundi - Vendredi</b><br>\n08:30 - 12:00\n13:30 - 17:00<br>\n<b>Samedi</b><br>\n09:30 - 12:00", "mail": "mairie@leseldebretagne.fr", "site_internet": "https://www.leseldebretagne.bzh", "telephone": "02 99 44 66 27", "url_service_public": "https://lannuaire.service-public.gouv.fr/bretagne/ille-et-vilaine/0f59a31f-9d9b-4779-8e2b-e30d26faab8b", "type_organisme": null, "date_modification": "05/05/2025 15:31:05", "latitude": 47.89546, "longitude": -1.608219, "codes_siren": "213503220,200070662"}, "bbox": [-1.608219, 47.895457, -1.608219, 47.895457]}, {"type": "Feature", "id": "administration.fid--17174f5a_19f2e433d8d_-48c8", "geometry": {"type": "Point", "coordinates": [-1.952194, 48.139515]}, "geometry_name": "geom", "properties": {"id": "9dfade27-6057-4496-96ce-78721248a04a", "nom": "Service des impôts des particuliers (SIP) - Montfort-sur-Meu", "nom_commune": "Montfort-sur-Meu", "adresse_principale": "20 rue de l'Etang de la Cane 35160 Montfort-sur-Meu", "siret": "13001493901238", "categorie": "Service local", "code_insee": "35188", "horaires": "<b>Lundi - Vendredi</b><br>\n09:00 - 12:00", "mail": null, "site_internet": "https://www.impots.gouv.fr/accueil", "telephone": "0 809 401 401", "url_service_public": "https://lannuaire.service-public.gouv.fr/bretagne/ille-et-vilaine/9dfade27-6057-4496-96ce-78721248a04a", "type_organisme": null, "date_modification": "14/04/2025 14:19:08", "latitude": 48.139515, "longitude": -1.952194, "codes_siren": "213501885,243500550"}, "bbox": [-1.952194, 48.139515, -1.952194, 48.139515]}, {"type": "Feature", "id": "administration.fid--17174f5a_19f2e433d8d_-48c7", "geometry": {"type": "Point", "coordinates": [-1.987182, 48.287307]}, "geometry_name": "geom", "properties": {"id": "f0ac3c21-08ee-4c16-aee8-6dcf23ce125e", "nom": "Mairie - Saint-Pern", "nom_commune": "Saint-Pern", "adresse_principale": "3 rue de la Mairie 35190 Saint-Pern", "siret": "21350307100010", "categorie": "Service local", "code_insee": "35307", "horaires": "<b>Lundi</b><br>\n09:30 - 12:30<br>\n<b>Mardi</b><br>\n13:15 - 18:00<br>\n<b>Jeudi - Vendredi</b><br>\n09:30 - 12:30<br>\n<b>Samedi</b><br>\n09:00 - 12:00", "mail": "mairie.saint.pern@orange.fr", "site_internet": "https://saint-pern.fr", "telephone": "02 99 66 80 17", "url_service_public": "https://lannuaire.service-public.gouv.fr/bretagne/ille-et-vilaine/f0ac3c21-08ee-4c16-aee8-6dcf23ce125e", "type_organisme": null, "date_modification": "28/07/2025 15:10:52", "latitude": 48.287308, "longitude": -1.987182, "codes_siren": "213503071,200038990"}, "bbox": [-1.987182, 48.287307, -1.987182, 48.287307]}, {"type": "Feature", "id": "administration.fid--17174f5a_19f2e433d8d_-48c6", "geometry": {"type": "Point", "coordinates": [-1.898137, 48.313054]}, "geometry_name": "geom", "properties": {"id": "15486415-0fee-4739-8f5d-46ba730c800c", "nom": "Mairie - La Baussaine", "nom_commune": "La Baussaine", "adresse_principale": "22 rue de la Libération 35190 La Baussaine", "siret": "21350017600010", "categorie": "Service local", "code_insee": "35017", "horaires": "<b>Lundi</b><br>\n09:00 - 12:00<br>\n<b>Jeudi</b><br>\n09:00 - 12:00<br>\n<b>Vendredi</b><br>\n14:00 - 18:00", "mail": "mairie-labaussaine@wanadoo.fr", "site_internet": "https://www.labaussaine.fr/", "telephone": "02 99 66 80 27", "url_service_public": "https://lannuaire.service-public.gouv.fr/bretagne/ille-et-vilaine/15486415-0fee-4739-8f5d-46ba730c800c", "type_organisme": null, "date_modification": "05/05/2025 15:31:14", "latitude": 48.313053, "longitude": -1.898137, "codes_siren": "213500176,243500733"}, "bbox": [-1.898137, 48.313054, -1.898137, 48.313054]}, {"type": "Feature", "id": "administration.fid--17174f5a_19f2e433d8d_-48c5", "geometry": {"type": "Point", "coordinates": [-1.946275, 47.808843]}, "geometry_name": "geom", "properties": {"id": "a1767e12-3b3b-44ce-aafd-274b81031a32", "nom": "Mairie - Pipriac", "nom_commune": "Pipriac", "adresse_principale": "13 place de la Mairie 35550 Pipriac", "siret": "21350219800012", "categorie": "Service local", "code_insee": "35219", "horaires": "<b>Lundi</b><br>\n14:00 - 17:00<br>\n<b>Mardi</b><br>\n09:00 - 12:15\n14:00 - 18:30<br>\n<b>Mercredi</b><br>\n09:00 - 12:15\n14:00 - 17:00<br>\n<b>Jeudi</b><br>\n14:00 - 17:00<br>\n<b>Vendredi</b><br>\n09:00 - 12:15\n14:00 - 17:00<br>\n<b>Samedi</b><br>\n09:30 - 12:00", "mail": "mairie@mairie-pipriac.fr", "site_internet": "https://www.mairie-pipriac.fr/", "telephone": "02 99 34 42 87", "url_service_public": "https://lannuaire.service-public.gouv.fr/bretagne/ille-et-vilaine/a1767e12-3b3b-44ce-aafd-274b81031a32", "type_organisme": null, "date_modification": "28/07/2025 11:09:58", "latitude": 47.80884, "longitude": -1.946275, "codes_siren": "213502198,243500741"}, "bbox": [-1.946275, 47.808843, -1.946275, 47.808843]}, {"type": "Feature", "id": "administration.fid--17174f5a_19f2e433d8d_-48c4", "geometry": {"type": "Point", "coordinates": [-1.607829, 48.232024]}, "geometry_name": "geom", "properties": {"id": "eb4c1f85-cece-4343-8778-e45b00887af8", "nom": "Mairie - Mouazé", "nom_commune": "Mouazé", "adresse_principale": "2 rue du Champ de Foire 35250 Mouazé", "siret": "21350197600012", "categorie": "Service local", "code_insee": "35197", "horaires": "<b>Lundi</b><br>\n08:30 - 12:30\n14:00 - 17:30<br>\n<b>Mercredi</b><br>\n08:30 - 12:30\n13:30 - 15:30<br>\n<b>Jeudi - Vendredi</b><br>\n08:30 - 12:30<br>\n<b>Samedi</b><br>\n09:00 - 12:00", "mail": "mairie@mouaze.fr", "site_internet": "https://mouaze.fr/", "telephone": "02 99 55 22 11", "url_service_public": "https://lannuaire.service-public.gouv.fr/bretagne/ille-et-vilaine/eb4c1f85-cece-4343-8778-e45b00887af8", "type_organisme": null, "date_modification": "29/07/2025 10:52:18", "latitude": 48.232025, "longitude": -1.607829, "codes_siren": "213501976,243500667"}, "bbox": [-1.607829, 48.232024, -1.607829, 48.232024]}, {"type": "Feature", "id": "administration.fid--17174f5a_19f2e433d8d_-48c3", "geometry": {"type": "Point", "coordinates": [-1.560462, 47.829726]}, "geometry_name": "geom", "properties": {"id": "93e727a0-cece-4a98-b93b-356a4c5a97eb", "nom": "Centre communal d'action sociale (CCAS) - Ercé-en-Lamée", "nom_commune": "Ercé-en-Lamée", "adresse_principale": "2 Route des Ajoncs d’Or 35620 Ercé-en-Lamée", "siret": "26350119900032", "categorie": "Service local", "code_insee": "35106", "horaires": null, "mail": "mairie@erceenlamee.fr", "site_internet": "https://www.erceenlamee.fr/ccas/", "telephone": "+33299443016", "url_service_public": "https://lannuaire.service-public.gouv.fr/bretagne/ille-et-vilaine/93e727a0-cece-4a98-b93b-356a4c5a97eb", "type_organisme": null, "date_modification": "24/02/2026 08:10:01", "latitude": 47.829727, "longitude": -1.560462, "codes_siren": "213501067,200070662"}, "bbox": [-1.560462, 47.829726, -1.560462, 47.829726]}, {"type": "Feature", "id": "administration.fid--17174f5a_19f2e433d8d_-48c2", "geometry": {"type": "Point", "coordinates": [-1.68354, 48.153738]}, "geometry_name": "geom", "properties": {"id": "8492bc94-49d5-42cd-b0db-882ec506ffb0", "nom": "Centre communal d'action sociale (CCAS) - Saint-Grégoire", "nom_commune": "Saint-Grégoire", "adresse_principale": "Rue Chateaubriand 35760 Saint-Grégoire", "siret": "21350278400019", "categorie": "Service local", "code_insee": "35278", "horaires": null, "mail": "actionsociale@saint-gregoire.fr", "site_internet": "https://www.saint-gregoire.fr/mon-quotidien/solidarite/centre-communal-daction-sociale/", "telephone": "+33299231923", "url_service_public": "https://lannuaire.service-public.gouv.fr/bretagne/ille-et-vilaine/8492bc94-49d5-42cd-b0db-882ec506ffb0", "type_organisme": null, "date_modification": "24/02/2026 08:09:58", "latitude": 48.153736, "longitude": -1.68354, "codes_siren": "213502784,243500139"}, "bbox": [-1.68354, 48.153738, -1.68354, 48.153738]}, {"type": "Feature", "id": "administration.fid--17174f5a_19f2e433d8d_-48c1", "geometry": {"type": "Point", "coordinates": [-1.992466, 47.894257]}, "geometry_name": "geom", "properties": {"id": "9e1e87de-ff99-472f-aeba-1d2390e1ed86", "nom": "Centre Local d’Information et de Coordination (CLIC) des 4 Rivières - Antenne de Val d'Anast", "nom_commune": "Val d'Anast", "adresse_principale": "Rue du Querpon 35330 Val d'Anast", "siret": "50954691700022", "categorie": "Service local", "code_insee": "35168", "horaires": null, "mail": "accueil.clic.4rivieres@gmail.com", "site_internet": "https://www.ille-et-vilaine.fr/clic", "telephone": "+33299520159", "url_service_public": "https://lannuaire.service-public.gouv.fr/bretagne/ille-et-vilaine/9e1e87de-ff99-472f-aeba-1d2390e1ed86", "type_organisme": null, "date_modification": "12/01/2026 14:20:37", "latitude": 47.894257, "longitude": -1.992466, "codes_siren": "200064475,200043990"}, "bbox": [-1.992466, 47.894257, -1.992466, 47.894257]}, {"type": "Feature", "id": "administration.fid--17174f5a_19f2e433d8d_-48c0", "geometry": {"type": "Point", "coordinates": [-1.836433, 48.267255]}, "geometry_name": "geom", "properties": {"id": "b6bfa927-d030-4b8f-939c-3c182b4e4d03", "nom": "Mairie - Saint-Gondran", "nom_commune": "Saint-Gondran", "adresse_principale": "63 rue de la Touche-Mulon 35630 Saint-Gondran", "siret": "21350276800012", "categorie": "Service local", "code_insee": "35276", "horaires": "<b>Lundi</b><br>\n09:30 - 12:30<br>\n<b>Mardi</b><br>\n14:00 - 18:00<br>\n<b>Mercredi</b><br>\n14:00 - 16:00<br>\n<b>Vendredi</b><br>\n14:00 - 18:00", "mail": "mairiestgondran@orange.fr", "site_internet": "https://www.saint-gondran.fr", "telephone": "02 99 45 84 30", "url_service_public": "https://lannuaire.service-public.gouv.fr/bretagne/ille-et-vilaine/b6bfa927-d030-4b8f-939c-3c182b4e4d03", "type_organisme": null, "date_modification": "28/05/2025 11:55:48", "latitude": 48.267254, "longitude": -1.836433, "codes_siren": "213502768,243500667"}, "bbox": [-1.836433, 48.267255, -1.836433, 48.267255]}, {"type": "Feature", "id": "administration.fid--17174f5a_19f2e433d8d_-48bf", "geometry": {"type": "Point", "coordinates": [-1.494249, 48.21934]}, "geometry_name": "geom", "properties": {"id": "4f9b6775-0aeb-4cfc-b9d0-2f8c873b143c", "nom": "Brigade de gendarmerie - Liffré", "nom_commune": "Liffré", "adresse_principale": "7C rue de la Bergerie 35340 Liffré", "siret": null, "categorie": "Service local", "code_insee": "35152", "horaires": null, "mail": null, "site_internet": "https://www.gendarmerie.interieur.gouv.fr", "telephone": "02 99 68 31 02", "url_service_public": "https://lannuaire.service-public.gouv.fr/bretagne/ille-et-vilaine/4f9b6775-0aeb-4cfc-b9d0-2f8c873b143c", "type_organisme": null, "date_modification": "24/10/2024 09:10:20", "latitude": 48.21934, "longitude": -1.494249, "codes_siren": "213501521,243500774"}, "bbox": [-1.494249, 48.21934, -1.494249, 48.21934]}, {"type": "Feature", "id": "administration.fid--17174f5a_19f2e433d8d_-48be", "geometry": {"type": "Point", "coordinates": [-1.512171, 48.054229]}, "geometry_name": "geom", "properties": {"id": "80a1b6db-6122-46b4-8ead-5d5dae80d3cb", "nom": "Centre Local d'Information et de Coordination (CLIC) Alli'âges - Antenne Chateaugiron", "nom_commune": "Châteaugiron", "adresse_principale": "16 Rue de Rennes 35410 Châteaugiron", "siret": "40011181100032", "categorie": "Service local", "code_insee": "35069", "horaires": null, "mail": "accueil@clic-alliages.fr", "site_internet": "https://www.clic-alliages.fr/", "telephone": "+33299773513", "url_service_public": "https://lannuaire.service-public.gouv.fr/bretagne/ille-et-vilaine/80a1b6db-6122-46b4-8ead-5d5dae80d3cb", "type_organisme": null, "date_modification": "12/01/2026 14:20:36", "latitude": 48.05423, "longitude": -1.512171, "codes_siren": "200064483,243500659"}, "bbox": [-1.512171, 48.054229, -1.512171, 48.054229]}, {"type": "Feature", "id": "administration.fid--17174f5a_19f2e433d8d_-48bd", "geometry": {"type": "Point", "coordinates": [-1.699929, 48.128373]}, "geometry_name": "geom", "properties": {"id": "374d5ade-be1e-4f16-938f-11a9610f966d", "nom": "Centre de ressources et d'information des bénévoles (CRIB) - Ille-et-Vilaine", "nom_commune": "Rennes Cedex", "adresse_principale": "13 B avenue de Cucillé 35065 Rennes Cedex", "siret": null, "categorie": "Service local", "code_insee": "35238", "horaires": "<b>Lundi - Jeudi</b><br>\n08:30 - 12:30\n13:30 - 18:00<br>\n<b>Vendredi</b><br>\n08:30 - 12:30\n13:30 - 17:00", "mail": "illleetvilaine@franceolympique.com", "site_internet": "http://www.le-sport35.com", "telephone": "02 99 54 67 67", "url_service_public": "https://lannuaire.service-public.gouv.fr/bretagne/ille-et-vilaine/374d5ade-be1e-4f16-938f-11a9610f966d", "type_organisme": null, "date_modification": "14/02/2025 14:55:42", "latitude": 48.128372, "longitude": -1.6999286, "codes_siren": "213502388,243500139"}, "bbox": [-1.699929, 48.128373, -1.699929, 48.128373]}, {"type": "Feature", "id": "administration.fid--17174f5a_19f2e433d8d_-48bc", "geometry": {"type": "Point", "coordinates": [-1.674855, 48.106924]}, "geometry_name": "geom", "properties": {"id": "ce264450-89b9-4ea1-9478-6d97871b6ad2", "nom": "Service des impôts des entreprises (SIE) - Rennes 2", "nom_commune": "Rennes", "adresse_principale": "2 boulevard Magenta 35000 Rennes", "siret": "13001493900222", "categorie": "Service local", "code_insee": "35238", "horaires": "<b>Lundi - Mardi</b><br>\n08:45 - 12:00\n13:30 - 16:00<br>\n<b>Mercredi</b><br>\n08:45 - 12:00<br>\n<b>Jeudi</b><br>\n08:45 - 12:00\n13:30 - 16:00<br>\n<b>Vendredi</b><br>\n08:45 - 12:00", "mail": null, "site_internet": "https://www.impots.gouv.fr/accueil", "telephone": "02 99 29 37 41", "url_service_public": "https://lannuaire.service-public.gouv.fr/bretagne/ille-et-vilaine/ce264450-89b9-4ea1-9478-6d97871b6ad2", "type_organisme": null, "date_modification": "19/03/2025 11:55:11", "latitude": 48.106922, "longitude": -1.674855, "codes_siren": "213502388,243500139"}, "bbox": [-1.674855, 48.106924, -1.674855, 48.106924]}, {"type": "Feature", "id": "administration.fid--17174f5a_19f2e433d8d_-48bb", "geometry": {"type": "Point", "coordinates": [-1.67486, 48.130706]}, "geometry_name": "geom", "properties": {"id": "4f7fddfb-6586-4f80-a5a5-d7e5f5d23cd5", "nom": "Direction de la coordination interministérielle et de l'appui territorial (DCIAT) - Ille-et-Vilaine", "nom_commune": "Rennes", "adresse_principale": "81 boulevard d'Armorique 35700 Rennes", "siret": null, "categorie": "Service institutionnel", "code_insee": "35238", "horaires": null, "mail": "prefecture@ille-et-vilaine.gouv.fr", "site_internet": "https://www.ille-et-vilaine.gouv.fr", "telephone": "0 800 71 36 35", "url_service_public": "https://lannuaire.service-public.gouv.fr/bretagne/ille-et-vilaine/4f7fddfb-6586-4f80-a5a5-d7e5f5d23cd5", "type_organisme": "Préfecture, sous-préfecture", "date_modification": "28/06/2024 15:32:39", "latitude": 48.130707, "longitude": -1.67486, "codes_siren": "213502388,243500139"}, "bbox": [-1.67486, 48.130706, -1.67486, 48.130706]}, {"type": "Feature", "id": "administration.fid--17174f5a_19f2e433d8d_-48ba", "geometry": {"type": "Point", "coordinates": [-1.714266, 48.121456]}, "geometry_name": "geom", "properties": {"id": "6e772b2e-6ae1-40de-bce9-58b8ccd04388", "nom": "Commissariat de police de Rennes - Secteur Nord Villejean", "nom_commune": "Rennes", "adresse_principale": "54 bis cours John Fitzgerald Kennedy 35000 Rennes", "siret": null, "categorie": "Service local", "code_insee": "35238", "horaires": "<b>Lundi - Jeudi</b><br>\n09:30 - 13:00\n14:00 - 18:00<br>\n<b>Vendredi</b><br>\n09:30 - 13:00\n14:00 - 17:30", "mail": null, "site_internet": "https://www.masecurite.interieur.gouv.fr/fr", "telephone": "02 57 87 10 30", "url_service_public": "https://lannuaire.service-public.gouv.fr/bretagne/ille-et-vilaine/6e772b2e-6ae1-40de-bce9-58b8ccd04388", "type_organisme": null, "date_modification": "12/07/2024 16:05:49", "latitude": 48.121456, "longitude": -1.714266, "codes_siren": "213502388,243500139"}, "bbox": [-1.714266, 48.121456, -1.714266, 48.121456]}, {"type": "Feature", "id": "administration.fid--17174f5a_19f2e433d8d_-48b9", "geometry": {"type": "Point", "coordinates": [-1.683304, 48.111077]}, "geometry_name": "geom", "properties": {"id": "3d68c31f-f8e8-4ec2-a6bb-38dac33bcd09", "nom": "Centre communal d'action sociale (CCAS) - Rennes", "nom_commune": "Rennes", "adresse_principale": "1 Rue du Griffon 35000 Rennes", "siret": "26350224700012", "categorie": "Service local", "code_insee": "35238", "horaires": null, "mail": "accueil.ccas@ccasrennes.fr", "site_internet": "https://aides.metropole.rennes.fr/centre-communal-action-sociale/", "telephone": "+33223622020", "url_service_public": "https://lannuaire.service-public.gouv.fr/bretagne/ille-et-vilaine/3d68c31f-f8e8-4ec2-a6bb-38dac33bcd09", "type_organisme": null, "date_modification": "24/02/2026 08:09:46", "latitude": 48.111076, "longitude": -1.683304, "codes_siren": "213502388,243500139"}, "bbox": [-1.683304, 48.111077, -1.683304, 48.111077]}, {"type": "Feature", "id": "administration.fid--17174f5a_19f2e433d8d_-48b8", "geometry": {"type": "Point", "coordinates": [-1.796895, 47.963677]}, "geometry_name": "geom", "properties": {"id": "30a97292-2cd7-49c5-9295-83afc7e1f09c", "nom": "France services - Guichen", "nom_commune": "Guichen", "adresse_principale": "26 Rue du Commandant-Charcot 35580 Guichen", "siret": null, "categorie": "Service local", "code_insee": "35126", "horaires": "<b>Lundi</b><br>\n09:00 - 12:30\n13:30 - 18:00<br>\n<b>Mardi</b><br>\n09:00 - 12:30\n13:30 - 17:00<br>\n<b>Mercredi</b><br>\n09:00 - 12:30<br>\n<b>Jeudi</b><br>\n09:00 - 12:30\n13:30 - 17:00<br>\n<b>Vendredi</b><br>\n09:00 - 12:30", "mail": "fs.guichen@vallonsdehautebretagne.fr", "site_internet": "https://www.france-services.gouv.fr", "telephone": "02 90 71 08 35", "url_service_public": "https://lannuaire.service-public.gouv.fr/bretagne/ille-et-vilaine/30a97292-2cd7-49c5-9295-83afc7e1f09c", "type_organisme": null, "date_modification": "10/02/2025 15:32:03", "latitude": 47.963676, "longitude": -1.796895, "codes_siren": "213501265,200043990"}, "bbox": [-1.796895, 47.963677, -1.796895, 47.963677]}, {"type": "Feature", "id": "administration.fid--17174f5a_19f2e433d8d_-48b7", "geometry": {"type": "Point", "coordinates": [-1.659471, 48.249039]}, "geometry_name": "geom", "properties": {"id": "ef1213d2-d0df-43e4-9444-1c209bb591b6", "nom": "Mairie - Saint-Germain-sur-Ille", "nom_commune": "Saint-Germain-sur-Ille", "adresse_principale": "1 place de la Mairie 35250 Saint-Germain-sur-Ille", "siret": "21350274300015", "categorie": "Service local", "code_insee": "35274", "horaires": "<b>Lundi</b><br>\n09:00 - 12:00<br>\n<b>Mardi</b><br>\n14:00 - 18:00<br>\n<b>Mercredi - Jeudi</b><br>\n09:00 - 12:00<br>\n<b>Vendredi</b><br>\n14:00 - 18:00", "mail": "mairie@stgi.fr", "site_internet": "https://saint-germain-sur-ille.fr", "telephone": "02 99 55 22 26", "url_service_public": "https://lannuaire.service-public.gouv.fr/bretagne/ille-et-vilaine/ef1213d2-d0df-43e4-9444-1c209bb591b6", "type_organisme": null, "date_modification": "05/05/2025 15:35:33", "latitude": 48.24904, "longitude": -1.659471, "codes_siren": "213502743,243500667"}, "bbox": [-1.659471, 48.249039, -1.659471, 48.249039]}, {"type": "Feature", "id": "administration.fid--17174f5a_19f2e433d8d_-48b6", "geometry": {"type": "Point", "coordinates": [-1.602928, 48.261697]}, "geometry_name": "geom", "properties": {"id": "810e9013-66f4-4aee-b805-85ab39f5c12d", "nom": "Caisse d'allocations familiales (Caf) d'Ille-et-Vilaine - accueil de Saint-Aubin-d'Aubigné", "nom_commune": "Saint-Aubin-d'Aubigné", "adresse_principale": "1 rue de l'Étang 35250 Saint-Aubin-d'Aubigné", "siret": null, "categorie": "Service local", "code_insee": "35251", "horaires": null, "mail": null, "site_internet": "https://www.caf.fr", "telephone": "32 30", "url_service_public": "https://lannuaire.service-public.gouv.fr/bretagne/ille-et-vilaine/810e9013-66f4-4aee-b805-85ab39f5c12d", "type_organisme": null, "date_modification": "12/07/2024 09:21:41", "latitude": 48.261696, "longitude": -1.6029277, "codes_siren": "213502511,243500667"}, "bbox": [-1.602928, 48.261697, -1.602928, 48.261697]}, {"type": "Feature", "id": "administration.fid--17174f5a_19f2e433d8d_-48b5", "geometry": {"type": "Point", "coordinates": [-1.578689, 48.218393]}, "geometry_name": "geom", "properties": {"id": "5defb00d-7bdf-412e-b301-4cc5b6cb5ace", "nom": "Centre communal d'action sociale (CCAS) - Saint-Sulpice-la-Forêt", "nom_commune": "Saint-Sulpice-la-Forêt", "adresse_principale": "3 Rue de l'Abbaye 35250 Saint-Sulpice-la-Forêt", "siret": "21350315400014", "categorie": "Service local", "code_insee": "35315", "horaires": null, "mail": "secretariat.mairie@saint-sulpice-la-foret.fr", "site_internet": "https://saint-sulpice-la-foret.fr/action-sociale/", "telephone": "+33299662363", "url_service_public": "https://lannuaire.service-public.gouv.fr/bretagne/ille-et-vilaine/5defb00d-7bdf-412e-b301-4cc5b6cb5ace", "type_organisme": null, "date_modification": "24/02/2026 08:09:52", "latitude": 48.21839, "longitude": -1.578689, "codes_siren": "213503154,243500139"}, "bbox": [-1.578689, 48.218393, -1.578689, 48.218393]}, {"type": "Feature", "id": "administration.fid--17174f5a_19f2e433d8d_-48b4", "geometry": {"type": "Point", "coordinates": [-1.401937, 47.969966]}, "geometry_name": "geom", "properties": {"id": "5e949674-05b1-4325-a94a-d1ff65353054", "nom": "Mairie - Boistrudan", "nom_commune": "Boistrudan", "adresse_principale": "2 place de la Mairie 35150 Boistrudan", "siret": "21350028300014", "categorie": "Service local", "code_insee": "35028", "horaires": "<b>Lundi</b><br>\n14:00 - 17:00<br>\n<b>Mardi</b><br>\n08:45 - 12:00<br>\n<b>Mercredi</b><br>\n14:00 - 18:30<br>\n<b>Jeudi - Vendredi</b><br>\n08:45 - 12:00<br>\n<b>Samedi</b><br>\n09:00 - 12:00", "mail": "contactmairie@boistrudan.fr", "site_internet": null, "telephone": "02 99 44 47 13", "url_service_public": "https://lannuaire.service-public.gouv.fr/bretagne/ille-et-vilaine/5e949674-05b1-4325-a94a-d1ff65353054", "type_organisme": null, "date_modification": "05/05/2025 15:32:51", "latitude": 47.969967, "longitude": -1.401937, "codes_siren": "213500283,243500634"}, "bbox": [-1.401937, 47.969966, -1.401937, 47.969966]}, {"type": "Feature", "id": "administration.fid--17174f5a_19f2e433d8d_-48b3", "geometry": {"type": "Point", "coordinates": [-1.682335, 47.842899]}, "geometry_name": "geom", "properties": {"id": "1c0827f2-6caf-40b3-b058-89acbab89e55", "nom": "Centre communal d'action sociale (CCAS) - Bain-de-Bretagne", "nom_commune": "Bain-de-Bretagne", "adresse_principale": "17 rue de l'Hôtel de Ville 35470 Bain-de-Bretagne", "siret": "26350035700011", "categorie": "Service local", "code_insee": "35012", "horaires": null, "mail": "ccas.bain@ville-baindebretagne.fr", "site_internet": "https://www.baindebretagne.fr/listes/ccas-centre-communal-action-sociale/", "telephone": "+33299437734", "url_service_public": "https://lannuaire.service-public.gouv.fr/bretagne/ille-et-vilaine/1c0827f2-6caf-40b3-b058-89acbab89e55", "type_organisme": null, "date_modification": "24/02/2026 08:09:39", "latitude": 47.8429, "longitude": -1.682335, "codes_siren": "213500127,200070662"}, "bbox": [-1.682335, 47.842899, -1.682335, 47.842899]}, {"type": "Feature", "id": "administration.fid--17174f5a_19f2e433d8d_-48b2", "geometry": {"type": "Point", "coordinates": [-1.674628, 48.113576]}, "geometry_name": "geom", "properties": {"id": "57442ead-87f7-4646-9705-44926b372798", "nom": "Direction régionale aux droits des femmes et à l'égalité (DRDFE) - Bretagne", "nom_commune": "Rennes", "adresse_principale": "3 rue Martenot 35000 Rennes", "siret": null, "categorie": "Service institutionnel", "code_insee": "35238", "horaires": null, "mail": "droits-des-femmes@bretagne.gouv.fr", "site_internet": "https://www.prefectures-regions.gouv.fr/bretagne/Region-et-institutions/L-action-de-l-Etat/Egalite-et-droits-des-femmes", "telephone": "02 99 02 16 40", "url_service_public": "https://lannuaire.service-public.gouv.fr/bretagne/ille-et-vilaine/57442ead-87f7-4646-9705-44926b372798", "type_organisme": "Préfecture, sous-préfecture", "date_modification": "03/03/2026 10:53:43", "latitude": 48.113575, "longitude": -1.674628, "codes_siren": "213502388,243500139"}, "bbox": [-1.674628, 48.113576, -1.674628, 48.113576]}, {"type": "Feature", "id": "administration.fid--17174f5a_19f2e433d8d_-48b1", "geometry": {"type": "Point", "coordinates": [-1.479934, 47.854545]}, "geometry_name": "geom", "properties": {"id": "bd70594f-b96e-475f-95b6-5c14f3da599a", "nom": "Mairie - Thourie", "nom_commune": "Thourie", "adresse_principale": "1 place de l'Église 35134 Thourie", "siret": "21350335200063", "categorie": "Service local", "code_insee": "35335", "horaires": "<b>Lundi - Mardi</b><br>\n08:45 - 12:15<br>\n<b>Jeudi - Vendredi</b><br>\n08:45 - 12:15<br>\n<b>Samedi</b><br>\n10:00 - 12:15", "mail": "mairiethourie@wanadoo.fr", "site_internet": "https://thourie.fr", "telephone": "02 99 43 11 41", "url_service_public": "https://lannuaire.service-public.gouv.fr/bretagne/ille-et-vilaine/bd70594f-b96e-475f-95b6-5c14f3da599a", "type_organisme": null, "date_modification": "05/05/2025 15:34:40", "latitude": 47.854546, "longitude": -1.479934, "codes_siren": "213503352,243500634"}, "bbox": [-1.479934, 47.854545, -1.479934, 47.854545]}, {"type": "Feature", "id": "administration.fid--17174f5a_19f2e433d8d_-48b0", "geometry": {"type": "Point", "coordinates": [-1.608326, 47.927122]}, "geometry_name": "geom", "properties": {"id": "062dba58-9ac1-4a87-afb3-629dc899729f", "nom": "Mairie - Le Petit-Fougeray", "nom_commune": "Le Petit-Fougeray", "adresse_principale": "6 rue des Planches 35320 Le Petit-Fougeray", "siret": "21350218000010", "categorie": "Service local", "code_insee": "35218", "horaires": "<b>Lundi</b><br>\n09:00 - 12:30\n14:15 - 17:30<br>\n<b>Mardi</b><br>\n09:00 - 12:30\n14:15 - 17:00<br>\n<b>Mercredi</b><br>\n09:00 - 12:00<br>\n<b>Jeudi</b><br>\n08:15 - 12:30\n14:15 - 17:30<br>\n<b>Vendredi - Samedi</b><br>\n09:00 - 12:00", "mail": "mairie@lepetitfougeray.fr;mairiepetitfougeray@orange.fr", "site_internet": "https://lepetitfougeray.fr/", "telephone": "02 99 44 62 60", "url_service_public": "https://lannuaire.service-public.gouv.fr/bretagne/ille-et-vilaine/062dba58-9ac1-4a87-afb3-629dc899729f", "type_organisme": null, "date_modification": "25/03/2024 09:30:45", "latitude": 47.92712, "longitude": -1.608326, "codes_siren": "213502180,200070662"}, "bbox": [-1.608326, 47.927122, -1.608326, 47.927122]}, {"type": "Feature", "id": "administration.fid--17174f5a_19f2e433d8d_-48af", "geometry": {"type": "Point", "coordinates": [-1.684352, 48.115443]}, "geometry_name": "geom", "properties": {"id": "b57640ac-c692-4afa-8df6-81240dac62e7", "nom": "Point conseil budget - Association Force Ouvrière Consommateurs (AFOC 35) - Rennes", "nom_commune": "Rennes", "adresse_principale": "35 rue d'Echange 35000 Rennes", "siret": null, "categorie": "Service local", "code_insee": "35238", "horaires": null, "mail": "zerodette35@gmail.com", "site_internet": null, "telephone": "02 99 65 36 66", "url_service_public": "https://lannuaire.service-public.gouv.fr/bretagne/ille-et-vilaine/b57640ac-c692-4afa-8df6-81240dac62e7", "type_organisme": null, "date_modification": "09/08/2023 14:22:20", "latitude": 48.115444, "longitude": -1.684352, "codes_siren": "213502388,243500139"}, "bbox": [-1.684352, 48.115443, -1.684352, 48.115443]}, {"type": "Feature", "id": "administration.fid--17174f5a_19f2e433d8d_-48ae", "geometry": {"type": "Point", "coordinates": [-1.6623, 48.135128]}, "geometry_name": "geom", "properties": {"id": "bbf7c958-e007-4b6a-a54e-e09b32aa0bf5", "nom": "Conseil régional - Bretagne", "nom_commune": "Rennes", "adresse_principale": "283 avenue du Général Patton 35700 Rennes", "siret": "23350001600040", "categorie": "Service institutionnel", "code_insee": "35238", "horaires": "<b>Lundi - Vendredi</b><br>\n08:00 - 19:00", "mail": null, "site_internet": "https://www.bretagne.bzh/", "telephone": "02 99 27 10 10", "url_service_public": "https://lannuaire.service-public.gouv.fr/bretagne/ille-et-vilaine/bbf7c958-e007-4b6a-a54e-e09b32aa0bf5", "type_organisme": "Collectivité locale", "date_modification": "09/12/2025 09:11:05", "latitude": 48.135128, "longitude": -1.6623, "codes_siren": "213502388,243500139"}, "bbox": [-1.6623, 48.135128, -1.6623, 48.135128]}, {"type": "Feature", "id": "administration.fid--17174f5a_19f2e433d8d_-48ad", "geometry": {"type": "Point", "coordinates": [-1.688891, 48.125875]}, "geometry_name": "geom", "properties": {"id": "9de73519-2b95-41d2-b8b6-acf765cf4d3c", "nom": "Office français de l'immigration et de l'intégration (OFII) - Direction territoriale de Rennes (dép. 22, 29, 35, 56)", "nom_commune": "Rennes", "adresse_principale": "8 rue Jean-Julien Lemordant 35000 Rennes", "siret": null, "categorie": "Service local", "code_insee": "35238", "horaires": "<b>Lundi - Vendredi</b><br>\n09:00 - 12:00\n13:30 - 16:30", "mail": null, "site_internet": "https://www.ofii.fr", "telephone": "02 99 22 98 60", "url_service_public": "https://lannuaire.service-public.gouv.fr/bretagne/ille-et-vilaine/9de73519-2b95-41d2-b8b6-acf765cf4d3c", "type_organisme": null, "date_modification": "22/08/2024 11:50:26", "latitude": 48.125874, "longitude": -1.688891, "codes_siren": "213502388,243500139"}, "bbox": [-1.688891, 48.125875, -1.688891, 48.125875]}, {"type": "Feature", "id": "administration.fid--17174f5a_19f2e433d8d_-48ac", "geometry": {"type": "Point", "coordinates": [-1.68136, 48.13141]}, "geometry_name": "geom", "properties": {"id": "79e7d78e-2bf1-48ed-9e6a-3c5932c3a94b", "nom": "Service de santé au travail du BTP et des carrières - Rennes", "nom_commune": "Rennes", "adresse_principale": "1 allée du Bâtiment 35016 Rennes", "siret": null, "categorie": "Service institutionnel", "code_insee": "35238", "horaires": "<b>Lundi - Jeudi</b><br>\n08:00 - 12:00\n13:00 - 17:00<br>\n<b>Vendredi</b><br>\n08:00 - 12:00\n13:00 - 16:00", "mail": "contact.btp@santeprevention35.fr", "site_internet": "https://www.santeprevention35.fr/", "telephone": "02 99 38 96 11", "url_service_public": "https://lannuaire.service-public.gouv.fr/bretagne/ille-et-vilaine/79e7d78e-2bf1-48ed-9e6a-3c5932c3a94b", "type_organisme": "Association d'utilité publique", "date_modification": "20/09/2024 15:22:27", "latitude": 48.13141, "longitude": -1.68136, "codes_siren": "213502388,243500139"}, "bbox": [-1.68136, 48.13141, -1.68136, 48.13141]}, {"type": "Feature", "id": "administration.fid--17174f5a_19f2e433d8d_-48ab", "geometry": {"type": "Point", "coordinates": [-1.986816, 48.287347]}, "geometry_name": "geom", "properties": {"id": "a19c57ac-80b7-47ed-be2a-259be91219b4", "nom": "Centre communal d'action sociale (CCAS) - Saint-Pern", "nom_commune": "Saint-Pern", "adresse_principale": "3 Rue de la Mairie 35190 Saint-Pern", "siret": "21350307100010", "categorie": "Service local", "code_insee": "35307", "horaires": null, "mail": "mairie.saint.pern@orange.fr", "site_internet": "https://saint-pern.fr/action-sociale/", "telephone": "+33299668017", "url_service_public": "https://lannuaire.service-public.gouv.fr/bretagne/ille-et-vilaine/a19c57ac-80b7-47ed-be2a-259be91219b4", "type_organisme": null, "date_modification": "24/02/2026 08:10:03", "latitude": 48.287346, "longitude": -1.986816, "codes_siren": "213503071,200038990"}, "bbox": [-1.986816, 48.287347, -1.986816, 48.287347]}, {"type": "Feature", "id": "administration.fid--17174f5a_19f2e433d8d_-48aa", "geometry": {"type": "Point", "coordinates": [-1.662075, 48.135178]}, "geometry_name": "geom", "properties": {"id": "abdf425c-82b8-4240-982c-1d4fbcb5168c", "nom": "Paierie régionale - Bretagne", "nom_commune": "Rennes", "adresse_principale": "283 avenue du Général Patton 35000 Rennes", "siret": "13001493900339", "categorie": "Service local", "code_insee": "35238", "horaires": "<b>Lundi - Mardi</b><br>\n08:45 - 12:00\n13:30 - 16:00<br>\n<b>Mercredi</b><br>\n08:45 - 12:00<br>\n<b>Jeudi</b><br>\n08:45 - 12:00\n13:30 - 16:00<br>\n<b>Vendredi</b><br>\n08:45 - 12:00", "mail": "t035080@dgfip.finances.gouv.fr", "site_internet": "https://www.impots.gouv.fr/accueil", "telephone": "02 23 07 00 00", "url_service_public": "https://lannuaire.service-public.gouv.fr/bretagne/ille-et-vilaine/abdf425c-82b8-4240-982c-1d4fbcb5168c", "type_organisme": null, "date_modification": "02/10/2024 10:29:30", "latitude": 48.135178, "longitude": -1.662075, "codes_siren": "213502388,243500139"}, "bbox": [-1.662075, 48.135178, -1.662075, 48.135178]}, {"type": "Feature", "id": "administration.fid--17174f5a_19f2e433d8d_-48a9", "geometry": {"type": "Point", "coordinates": [-1.687048, 48.105086]}, "geometry_name": "geom", "properties": {"id": "c491a698-3e6e-4ea0-a524-5f19bf70c449", "nom": "Point-justice de la Cité judiciaire de Rennes", "nom_commune": "RENNES", "adresse_principale": "7 rue Pierre Abélard 35000 RENNES", "siret": null, "categorie": "Service local", "code_insee": "35238", "horaires": null, "mail": null, "site_internet": "https://www.cdad-ca-rennes.fr/", "telephone": "02 99 31 16 62", "url_service_public": "https://lannuaire.service-public.gouv.fr/bretagne/ille-et-vilaine/c491a698-3e6e-4ea0-a524-5f19bf70c449", "type_organisme": null, "date_modification": "03/10/2025 04:36:24", "latitude": 48.105087, "longitude": -1.687048, "codes_siren": "213502388,243500139"}, "bbox": [-1.687048, 48.105086, -1.687048, 48.105086]}, {"type": "Feature", "id": "administration.fid--17174f5a_19f2e433d8d_-48a8", "geometry": {"type": "Point", "coordinates": [-1.728685, 48.247207]}, "geometry_name": "geom", "properties": {"id": "9b6be9e7-1775-4502-a474-881108f6d60b", "nom": "Mairie - Montreuil-le-Gast", "nom_commune": "Montreuil-le-Gast", "adresse_principale": "3 rue de la Mairie 35520 Montreuil-le-Gast", "siret": "21350193500018", "categorie": "Service local", "code_insee": "35193", "horaires": "<b>Mardi</b><br>\n09:00 - 12:00\n14:00 - 18:00<br>\n<b>Jeudi</b><br>\n09:00 - 12:00\n14:00 - 18:00<br>\n<b>Vendredi</b><br>\n09:00 - 12:00\n14:00 - 18:00<br>\n<b>Samedi</b><br>\n09:00 - 12:00", "mail": "mairie@montreuil-le-gast.fr", "site_internet": "https://montreuil-le-gast.bzh/", "telephone": "02 99 66 90 39", "url_service_public": "https://lannuaire.service-public.gouv.fr/bretagne/ille-et-vilaine/9b6be9e7-1775-4502-a474-881108f6d60b", "type_organisme": null, "date_modification": "28/07/2025 10:42:57", "latitude": 48.247208, "longitude": -1.728685, "codes_siren": "213501935,243500667"}, "bbox": [-1.728685, 48.247207, -1.728685, 48.247207]}, {"type": "Feature", "id": "administration.fid--17174f5a_19f2e433d8d_-48a7", "geometry": {"type": "Point", "coordinates": [-1.620389, 48.088425]}, "geometry_name": "geom", "properties": {"id": "87b0b14c-a9f6-4009-8e56-fc5e9cd21fc0", "nom": "Police municipale - Chantepie", "nom_commune": "Chantepie", "adresse_principale": "44 avenue André-Bonnin 35135 Chantepie", "siret": null, "categorie": "Service local", "code_insee": "35055", "horaires": null, "mail": null, "site_internet": null, "telephone": null, "url_service_public": "https://lannuaire.service-public.gouv.fr/bretagne/ille-et-vilaine/87b0b14c-a9f6-4009-8e56-fc5e9cd21fc0", "type_organisme": null, "date_modification": "10/11/2025 17:13:32", "latitude": 48.088425, "longitude": -1.620389, "codes_siren": "213500556,243500139"}, "bbox": [-1.620389, 48.088425, -1.620389, 48.088425]}, {"type": "Feature", "id": "administration.fid--17174f5a_19f2e433d8d_-48a6", "geometry": {"type": "Point", "coordinates": [-1.726146, 47.979422]}, "geometry_name": "geom", "properties": {"id": "344ce833-00d7-4b22-b82a-261ac5c21857", "nom": "Mairie - Laillé", "nom_commune": "Laillé", "adresse_principale": "Rue de la Halte 35890 Laillé", "siret": "21350139800019", "categorie": "Service local", "code_insee": "35139", "horaires": "<b>Lundi</b><br>\n13:30 - 17:30<br>\n<b>Mardi</b><br>\n09:00 - 12:00\n15:00 - 17:30<br>\n<b>Mercredi - Jeudi</b><br>\n09:00 - 12:00\n13:30 - 17:30<br>\n<b>Vendredi - Samedi</b><br>\n09:00 - 12:00", "mail": "contact@laille.fr", "site_internet": "https://www.laille.fr", "telephone": "02 99 42 57 10", "url_service_public": "https://lannuaire.service-public.gouv.fr/bretagne/ille-et-vilaine/344ce833-00d7-4b22-b82a-261ac5c21857", "type_organisme": null, "date_modification": "17/07/2025 09:13:10", "latitude": 47.979424, "longitude": -1.7261459, "codes_siren": "213501398,243500139"}, "bbox": [-1.726146, 47.979422, -1.726146, 47.979422]}, {"type": "Feature", "id": "administration.fid--17174f5a_19f2e433d8d_-48a5", "geometry": {"type": "Point", "coordinates": [-1.676417, 48.10511]}, "geometry_name": "geom", "properties": {"id": "f3d31f1f-0f9d-4fc3-bdd8-cd2ff0c4235a", "nom": "Point-justice des jeunes de Rennes - le D-Code", "nom_commune": "RENNES", "adresse_principale": "4bis Cours des Alliés 35000 RENNES", "siret": null, "categorie": "Service local", "code_insee": "35238", "horaires": null, "mail": "padj@le4bis-ij.com", "site_internet": "https://www.cdad-ca-rennes.fr/", "telephone": "02 99 31 57 67", "url_service_public": "https://lannuaire.service-public.gouv.fr/bretagne/ille-et-vilaine/f3d31f1f-0f9d-4fc3-bdd8-cd2ff0c4235a", "type_organisme": null, "date_modification": "03/10/2025 04:36:25", "latitude": 48.10511, "longitude": -1.676417, "codes_siren": "213502388,243500139"}, "bbox": [-1.676417, 48.10511, -1.676417, 48.10511]}, {"type": "Feature", "id": "administration.fid--17174f5a_19f2e433d8d_-48a4", "geometry": {"type": "Point", "coordinates": [-1.463073, 48.185679]}, "geometry_name": "geom", "properties": {"id": "2749543a-a46a-4da1-a981-dabf1d7c31ff", "nom": "Communauté de communes - Liffré Cormier Communauté", "nom_commune": "la bouëxière", "adresse_principale": "8 le carfour 35340 la bouëxière", "siret": "24350077400233", "categorie": "Service local", "code_insee": "35152", "horaires": "<b>Lundi - Vendredi</b><br>\n09:00 - 12:00\n14:00 - 17:00", "mail": "contact@liffre-cormier.fr", "site_internet": "https://www.liffre-cormier.fr/", "telephone": "02 99 68 31 31", "url_service_public": "https://lannuaire.service-public.gouv.fr/bretagne/ille-et-vilaine/2749543a-a46a-4da1-a981-dabf1d7c31ff", "type_organisme": null, "date_modification": "18/12/2024 17:33:20", "latitude": 48.18568, "longitude": -1.463073, "codes_siren": "213501521,243500774"}, "bbox": [-1.463073, 48.185679, -1.463073, 48.185679]}, {"type": "Feature", "id": "administration.fid--17174f5a_19f2e433d8d_-48a3", "geometry": {"type": "Point", "coordinates": [-1.672759, 48.105688]}, "geometry_name": "geom", "properties": {"id": "54e15cf0-0801-42de-9579-a1fa1e90a9a0", "nom": "Centre de ressources et d'information des bénévoles (CRIB) - Centre d'information pour le développement et la solidarité internationale (CRIDEV)", "nom_commune": "Rennes", "adresse_principale": "41 avenue Janvier 35000 Rennes", "siret": null, "categorie": "Service local", "code_insee": "35238", "horaires": "<b>Mardi</b><br>\n14:00 - 17:00<br>\n<b>Jeudi</b><br>\n14:00 - 17:00<br>\n<b>Vendredi</b><br>\n10:00 - 13:00", "mail": "cridev@ritimo.org", "site_internet": "http://www.cridev.org", "telephone": "02 99 30 27 20", "url_service_public": "https://lannuaire.service-public.gouv.fr/bretagne/ille-et-vilaine/54e15cf0-0801-42de-9579-a1fa1e90a9a0", "type_organisme": null, "date_modification": "14/02/2025 14:55:46", "latitude": 48.10569, "longitude": -1.6727589, "codes_siren": "213502388,243500139"}, "bbox": [-1.672759, 48.105688, -1.672759, 48.105688]}, {"type": "Feature", "id": "administration.fid--17174f5a_19f2e433d8d_-48a2", "geometry": {"type": "Point", "coordinates": [-1.673846, 48.119507]}, "geometry_name": "geom", "properties": {"id": "701581b7-4715-4157-9ee3-66f567cfff01", "nom": "Rectorat de région académique - Bretagne", "nom_commune": "Rennes", "adresse_principale": "96 rue d'Antrain 35000 Rennes", "siret": "17350430900019", "categorie": "Service institutionnel", "code_insee": "35238", "horaires": "<b>Lundi - Vendredi</b><br>\n09:00 - 16:30", "mail": null, "site_internet": "https://www.ac-rennes.fr/", "telephone": "02 23 21 77 77", "url_service_public": "https://lannuaire.service-public.gouv.fr/bretagne/ille-et-vilaine/701581b7-4715-4157-9ee3-66f567cfff01", "type_organisme": "Service déconcentré", "date_modification": "23/01/2026 11:33:31", "latitude": 48.119507, "longitude": -1.673846, "codes_siren": "213502388,243500139"}, "bbox": [-1.673846, 48.119507, -1.673846, 48.119507]}, {"type": "Feature", "id": "administration.fid--17174f5a_19f2e433d8d_-48a1", "geometry": {"type": "Point", "coordinates": [-1.934456, 47.808484]}, "geometry_name": "geom", "properties": {"id": "762f7201-ef30-4237-8db0-55a3070a0fe3", "nom": "France services Iloz Maison de services et de l'emploi Pays de Pipriac", "nom_commune": "PIPRIAC", "adresse_principale": "36 rue de l'Avenir 35550 PIPRIAC", "siret": null, "categorie": "Service local", "code_insee": "35219", "horaires": null, "mail": "contact@iloz.bzh", "site_internet": "https://www.cdad-ca-rennes.fr/", "telephone": "02 99 34 36 91", "url_service_public": "https://lannuaire.service-public.gouv.fr/bretagne/ille-et-vilaine/762f7201-ef30-4237-8db0-55a3070a0fe3", "type_organisme": null, "date_modification": "03/10/2025 04:36:24", "latitude": 47.808483, "longitude": -1.934456, "codes_siren": "213502198,243500741"}, "bbox": [-1.934456, 47.808484, -1.934456, 47.808484]}, {"type": "Feature", "id": "administration.fid--17174f5a_19f2e433d8d_-48a0", "geometry": {"type": "Point", "coordinates": [-1.6937, 48.1289]}, "geometry_name": "geom", "properties": {"id": "d6e8b3c1-a7bc-4292-b371-f2e265fca8c5", "nom": "Médiathèque départementale - Ille-et-Vilaine", "nom_commune": "Rennes", "adresse_principale": "1 rue Jacques-Léonard 35000 Rennes", "siret": null, "categorie": "Service institutionnel", "code_insee": "35238", "horaires": null, "mail": null, "site_internet": "https://mediatheque.ille-et-vilaine.fr/", "telephone": "02 99 02 21 15", "url_service_public": "https://lannuaire.service-public.gouv.fr/bretagne/ille-et-vilaine/d6e8b3c1-a7bc-4292-b371-f2e265fca8c5", "type_organisme": "Collectivité locale", "date_modification": "19/02/2026 08:53:27", "latitude": 48.1289, "longitude": -1.6937, "codes_siren": "213502388,243500139"}, "bbox": [-1.6937, 48.1289, -1.6937, 48.1289]}, {"type": "Feature", "id": "administration.fid--17174f5a_19f2e433d8d_-489f", "geometry": {"type": "Point", "coordinates": [-1.3729, 47.90271]}, "geometry_name": "geom", "properties": {"id": "5288064f-bf81-4e7f-9e71-2486dfc2a23d", "nom": "Brigade de gendarmerie - Retiers", "nom_commune": "Retiers", "adresse_principale": "Rue de Martigné 35240 Retiers", "siret": null, "categorie": "Service local", "code_insee": "35239", "horaires": null, "mail": null, "site_internet": "https://www.gendarmerie.interieur.gouv.fr", "telephone": "02 99 43 51 05", "url_service_public": "https://lannuaire.service-public.gouv.fr/bretagne/ille-et-vilaine/5288064f-bf81-4e7f-9e71-2486dfc2a23d", "type_organisme": null, "date_modification": "24/10/2024 09:10:23", "latitude": 47.90271, "longitude": -1.3729, "codes_siren": "213502396,243500634"}, "bbox": [-1.3729, 47.90271, -1.3729, 47.90271]}, {"type": "Feature", "id": "administration.fid--17174f5a_19f2e433d8d_-489e", "geometry": {"type": "Point", "coordinates": [-1.670827, 48.104362]}, "geometry_name": "geom", "properties": {"id": "3288abd1-7f35-465a-be88-25191e3d9262", "nom": "Fédération française du bâtiment (FFB) - Bretagne", "nom_commune": "Rennes", "adresse_principale": "7 boulevard Solférino 35000 Rennes", "siret": "77774906000011", "categorie": "Service institutionnel", "code_insee": "35238", "horaires": "<b>Lundi - Jeudi</b><br>\n08:30 - 12:00\n14:00 - 18:00<br>\n<b>Vendredi</b><br>\n08:30 - 12:00\n14:00 - 16:00", "mail": null, "site_internet": "https://www.ffbatiment.fr/organisation-ffb/federations-regionales/bretagne", "telephone": "02 99 30 93 63", "url_service_public": "https://lannuaire.service-public.gouv.fr/bretagne/ille-et-vilaine/3288abd1-7f35-465a-be88-25191e3d9262", "type_organisme": "Ordre professionnel", "date_modification": "10/11/2025 17:22:17", "latitude": 48.104362, "longitude": -1.670827, "codes_siren": "213502388,243500139"}, "bbox": [-1.670827, 48.104362, -1.670827, 48.104362]}, {"type": "Feature", "id": "administration.fid--17174f5a_19f2e433d8d_-489d", "geometry": {"type": "Point", "coordinates": [-1.371529, 48.001651]}, "geometry_name": "geom", "properties": {"id": "430eff25-7b7b-429c-a3ef-be2dbc5dfae3", "nom": "Mairie - Moulins", "nom_commune": "Moulins", "adresse_principale": "10 rue de la Métrie 35680 Moulins", "siret": "21350198400016", "categorie": "Service local", "code_insee": "35198", "horaires": "<b>Mardi</b><br>\n09:00 - 12:00<br>\n<b>Mercredi</b><br>\n09:00 - 12:00\n14:00 - 18:30<br>\n<b>Vendredi</b><br>\n09:00 - 12:00\n14:00 - 16:30", "mail": "mairieadministratif@moulins35.fr", "site_internet": "https://moulins35.fr/", "telephone": "02 99 49 01 56", "url_service_public": "https://lannuaire.service-public.gouv.fr/bretagne/ille-et-vilaine/430eff25-7b7b-429c-a3ef-be2dbc5dfae3", "type_organisme": null, "date_modification": "05/05/2025 15:32:21", "latitude": 48.00165, "longitude": -1.371529, "codes_siren": "213501984,200039022"}, "bbox": [-1.371529, 48.001651, -1.371529, 48.001651]}, {"type": "Feature", "id": "administration.fid--17174f5a_19f2e433d8d_-489c", "geometry": {"type": "Point", "coordinates": [-1.705859, 48.042364]}, "geometry_name": "geom", "properties": {"id": "a9e2d08d-b58a-4b31-b37b-74996fdc9d53", "nom": "Centre Local d’Information et de Coordination (CLIC) Alli'âges - Antenne Chartres de Bretagne", "nom_commune": "Chartres-de-Bretagne", "adresse_principale": "1 Rue Madame de Janzé 35131 Chartres-de-Bretagne", "siret": "40011181100032", "categorie": "Service local", "code_insee": "35066", "horaires": null, "mail": "accueil@clic-alliages.fr", "site_internet": "https://www.clic-alliages.fr/", "telephone": "+33299773513", "url_service_public": "https://lannuaire.service-public.gouv.fr/bretagne/ille-et-vilaine/a9e2d08d-b58a-4b31-b37b-74996fdc9d53", "type_organisme": null, "date_modification": "12/01/2026 14:20:36", "latitude": 48.042362, "longitude": -1.705859, "codes_siren": "213500663,243500139"}, "bbox": [-1.705859, 48.042364, -1.705859, 48.042364]}, {"type": "Feature", "id": "administration.fid--17174f5a_19f2e433d8d_-489b", "geometry": {"type": "Point", "coordinates": [-1.95197, 48.13977]}, "geometry_name": "geom", "properties": {"id": "f1fc864e-fc6a-4d05-892c-3df2ca29ae1d", "nom": "Service de gestion comptable (SGC) - Montfort-sur-Meu", "nom_commune": "Montfort-sur-Meu Cedex", "adresse_principale": "20 rue de l'Étang de la cane 35161 Montfort-sur-Meu Cedex", "siret": null, "categorie": "Service local", "code_insee": "35188", "horaires": "<b>Lundi - Vendredi</b><br>\n09:00 - 12:00", "mail": "sgc.montfort@dgfip.finances.gouv.fr", "site_internet": "https://www.impots.gouv.fr", "telephone": "02 99 09 85 30", "url_service_public": "https://lannuaire.service-public.gouv.fr/bretagne/ille-et-vilaine/f1fc864e-fc6a-4d05-892c-3df2ca29ae1d", "type_organisme": null, "date_modification": "16/07/2024 11:32:00", "latitude": 48.13977, "longitude": -1.95197, "codes_siren": "213501885,243500550"}, "bbox": [-1.95197, 48.13977, -1.95197, 48.13977]}, {"type": "Feature", "id": "administration.fid--17174f5a_19f2e433d8d_-489a", "geometry": {"type": "Point", "coordinates": [-1.535671, 48.33281]}, "geometry_name": "geom", "properties": {"id": "b637586e-7141-4701-9451-31e30f4c5bc0", "nom": "Mairie - Sens-de-Bretagne", "nom_commune": "Sens-de-Bretagne", "adresse_principale": "9 place de la Mairie 35490 Sens-de-Bretagne", "siret": "21350326100017", "categorie": "Service local", "code_insee": "35326", "horaires": "<b>Lundi</b><br>\n08:30 - 12:00\n14:00 - 18:00<br>\n<b>Mardi</b><br>\n08:30 - 12:00<br>\n<b>Jeudi</b><br>\n08:30 - 12:00<br>\n<b>Vendredi</b><br>\n08:30 - 12:00\n14:00 - 17:00<br>\n<b>Samedi</b><br>\n09:00 - 12:00", "mail": "sens.bretagne@orange.fr", "site_internet": "https://www.sens-de-bretagne.fr", "telephone": "02 99 39 51 33", "url_service_public": "https://lannuaire.service-public.gouv.fr/bretagne/ille-et-vilaine/b637586e-7141-4701-9451-31e30f4c5bc0", "type_organisme": null, "date_modification": "03/12/2025 13:18:55", "latitude": 48.33281, "longitude": -1.535671, "codes_siren": "213503261,243500667"}, "bbox": [-1.535671, 48.33281, -1.535671, 48.33281]}, {"type": "Feature", "id": "administration.fid--17174f5a_19f2e433d8d_-4899", "geometry": {"type": "Point", "coordinates": [-1.68677, 48.1147]}, "geometry_name": "geom", "properties": {"id": "8b435a1d-83b2-4d8d-9ab0-b8daba33b12e", "nom": "Centre d'information sur les droits des femmes et des familles (CIDFF) - Ille-et-Vilaine", "nom_commune": "Rennes", "adresse_principale": "21 rue de la Quintaine 35000 Rennes", "siret": null, "categorie": "Service local", "code_insee": "35238", "horaires": "<b>Lundi - Vendredi</b><br>\n09:00 - 17:00", "mail": "secretariat@cidff35.fr", "site_internet": "http://www.illeetvilaine.cidff.info", "telephone": "02 99 30 80 89", "url_service_public": "https://lannuaire.service-public.gouv.fr/bretagne/ille-et-vilaine/8b435a1d-83b2-4d8d-9ab0-b8daba33b12e", "type_organisme": null, "date_modification": "14/02/2025 12:10:45", "latitude": 48.1147, "longitude": -1.68677, "codes_siren": "213502388,243500139"}, "bbox": [-1.68677, 48.1147, -1.68677, 48.1147]}, {"type": "Feature", "id": "administration.fid--17174f5a_19f2e433d8d_-4898", "geometry": {"type": "Point", "coordinates": [-1.61114, 48.04528]}, "geometry_name": "geom", "properties": {"id": "f46c89a3-c1f6-45c1-b1d9-892fc3dd6e43", "nom": "Brigade de gendarmerie - Vern-sur-Seiche", "nom_commune": "Vern-sur-Seiche", "adresse_principale": "1 allée Salvador Dali 35770 Vern-sur-Seiche", "siret": null, "categorie": "Service local", "code_insee": "35352", "horaires": null, "mail": null, "site_internet": "https://www.gendarmerie.interieur.gouv.fr", "telephone": "02 99 62 90 32", "url_service_public": "https://lannuaire.service-public.gouv.fr/bretagne/ille-et-vilaine/f46c89a3-c1f6-45c1-b1d9-892fc3dd6e43", "type_organisme": null, "date_modification": "24/10/2024 09:12:46", "latitude": 48.04528, "longitude": -1.61114, "codes_siren": "213503527,243500139"}, "bbox": [-1.61114, 48.04528, -1.61114, 48.04528]}, {"type": "Feature", "id": "administration.fid--17174f5a_19f2e433d8d_-4897", "geometry": {"type": "Point", "coordinates": [-1.853392, 48.270995]}, "geometry_name": "geom", "properties": {"id": "ddbb6604-f0f1-4bf5-b48c-a61e07502331", "nom": "Centre communal d'action sociale (CCAS) - La Chapelle-Chaussee", "nom_commune": "La Chapelle-Chaussée", "adresse_principale": "Place de la Mairie 35630 La Chapelle-Chaussée", "siret": "26350438300013", "categorie": "Service local", "code_insee": "35058", "horaires": null, "mail": null, "site_internet": null, "telephone": "+33299458818", "url_service_public": "https://lannuaire.service-public.gouv.fr/bretagne/ille-et-vilaine/ddbb6604-f0f1-4bf5-b48c-a61e07502331", "type_organisme": null, "date_modification": "24/02/2026 08:10:14", "latitude": 48.270996, "longitude": -1.853392, "codes_siren": "213500580,243500139"}, "bbox": [-1.853392, 48.270995, -1.853392, 48.270995]}, {"type": "Feature", "id": "administration.fid--17174f5a_19f2e433d8d_-4896", "geometry": {"type": "Point", "coordinates": [-1.463073, 48.185679]}, "geometry_name": "geom", "properties": {"id": "05464f28-c15c-4efc-a2e0-7232a9eddff5", "nom": "Centre intercommunal d'action sociale (CIAS) - La Bouëxière", "nom_commune": "La Bouëxière", "adresse_principale": "8 Le Carfour 35340 La Bouëxière", "siret": "20001764800052", "categorie": "Service local", "code_insee": "35031", "horaires": null, "mail": "contact@liffre-cormier.fr", "site_internet": "https://www.liffre-cormier.fr/la-communaute-de-communes/le-cias/", "telephone": "+33299683131", "url_service_public": "https://lannuaire.service-public.gouv.fr/bretagne/ille-et-vilaine/05464f28-c15c-4efc-a2e0-7232a9eddff5", "type_organisme": null, "date_modification": "24/02/2026 08:09:35", "latitude": 48.18568, "longitude": -1.463073, "codes_siren": "213500317,243500774"}, "bbox": [-1.463073, 48.185679, -1.463073, 48.185679]}, {"type": "Feature", "id": "administration.fid--17174f5a_19f2e433d8d_-4895", "geometry": {"type": "Point", "coordinates": [-1.917384, 48.140003]}, "geometry_name": "geom", "properties": {"id": "308449dd-2bbc-46c7-aaa8-7610e9099976", "nom": "Centre communal d'action sociale (CCAS) - Breteil", "nom_commune": "Breteil", "adresse_principale": "Bourg 35160 Breteil", "siret": "26350073800012", "categorie": "Service local", "code_insee": "35040", "horaires": null, "mail": null, "site_internet": null, "telephone": "+33299060101", "url_service_public": "https://lannuaire.service-public.gouv.fr/bretagne/ille-et-vilaine/308449dd-2bbc-46c7-aaa8-7610e9099976", "type_organisme": null, "date_modification": "25/02/2026 15:02:33", "latitude": 48.140003, "longitude": -1.917384, "codes_siren": "213500408,243500550"}, "bbox": [-1.917384, 48.140003, -1.917384, 48.140003]}, {"type": "Feature", "id": "administration.fid--17174f5a_19f2e433d8d_-4894", "geometry": {"type": "Point", "coordinates": [-1.789168, 48.220634]}, "geometry_name": "geom", "properties": {"id": "5c97a740-676f-42c9-9db6-2d9163e1b314", "nom": "Police municipale - Gévezé", "nom_commune": "Gévezé", "adresse_principale": "Espace des Droits-de-l'Homme 35850 Gévezé", "siret": null, "categorie": "Service local", "code_insee": "35120", "horaires": null, "mail": null, "site_internet": null, "telephone": "02 23 22 42 98", "url_service_public": "https://lannuaire.service-public.gouv.fr/bretagne/ille-et-vilaine/5c97a740-676f-42c9-9db6-2d9163e1b314", "type_organisme": null, "date_modification": "10/11/2025 17:11:30", "latitude": 48.220634, "longitude": -1.789168, "codes_siren": "213501208,243500139"}, "bbox": [-1.789168, 48.220634, -1.789168, 48.220634]}, {"type": "Feature", "id": "administration.fid--17174f5a_19f2e433d8d_-4893", "geometry": {"type": "Point", "coordinates": [-1.524207, 48.114179]}, "geometry_name": "geom", "properties": {"id": "815b0a41-4806-45e6-9bf2-9530755b316c", "nom": "Mairie - Noyal-sur-Vilaine", "nom_commune": "Noyal-sur-Vilaine", "adresse_principale": "18 place de la Mairie 35532 Noyal-sur-Vilaine", "siret": "21350207300017", "categorie": "Service local", "code_insee": "35207", "horaires": "<b>Lundi</b><br>\n09:00 - 13:00\n14:00 - 17:00<br>\n<b>Mardi</b><br>\n09:00 - 17:00<br>\n<b>Mercredi</b><br>\n09:00 - 13:00\n14:00 - 17:00<br>\n<b>Jeudi</b><br>\n09:00 - 13:00<br>\n<b>Vendredi</b><br>\n09:00 - 13:00\n14:00 - 16:30<br>\n<b>Samedi</b><br>\n10:00 - 12:00", "mail": "mairie@noyalsurvilaine.fr", "site_internet": "https://www.ville-noyalsurvilaine.fr", "telephone": "02 99 04 13 13", "url_service_public": "https://lannuaire.service-public.gouv.fr/bretagne/ille-et-vilaine/815b0a41-4806-45e6-9bf2-9530755b316c", "type_organisme": null, "date_modification": "05/05/2025 15:33:29", "latitude": 48.114178, "longitude": -1.524207, "codes_siren": "213502073,243500659"}, "bbox": [-1.524207, 48.114179, -1.524207, 48.114179]}, {"type": "Feature", "id": "administration.fid--17174f5a_19f2e433d8d_-4892", "geometry": {"type": "Point", "coordinates": [-1.68026, 48.1118]}, "geometry_name": "geom", "properties": {"id": "5c89a273-1fdd-4248-9d1b-9e18544c4f7f", "nom": "Direction interdépartementale des routes (DIR) - Ouest", "nom_commune": "Rennes Cedex", "adresse_principale": "10 rue Maurice-Fabre 35031 Rennes Cedex", "siret": "13000170400589", "categorie": "Service institutionnel", "code_insee": "35238", "horaires": null, "mail": "diro@developpement-durable.gouv.fr", "site_internet": "https://www.dir.ouest.developpement-durable.gouv.fr/", "telephone": "02 99 33 46 52", "url_service_public": "https://lannuaire.service-public.gouv.fr/bretagne/ille-et-vilaine/5c89a273-1fdd-4248-9d1b-9e18544c4f7f", "type_organisme": "Service déconcentré", "date_modification": "13/02/2025 16:18:53", "latitude": 48.1118, "longitude": -1.68026, "codes_siren": "213502388,243500139"}, "bbox": [-1.68026, 48.1118, -1.68026, 48.1118]}, {"type": "Feature", "id": "administration.fid--17174f5a_19f2e433d8d_-4891", "geometry": {"type": "Point", "coordinates": [-1.662665, 47.882579]}, "geometry_name": "geom", "properties": {"id": "e219fe6c-9e24-461c-9811-3b4e236b26d1", "nom": "Mairie - Pancé", "nom_commune": "Pancé", "adresse_principale": "3 rue du Tertre Gris 35320 Pancé", "siret": "21350212300010", "categorie": "Service local", "code_insee": "35212", "horaires": "<b>Lundi - Mardi</b><br>\n14:00 - 18:00<br>\n<b>Mercredi</b><br>\n09:00 - 12:00<br>\n<b>Jeudi - Vendredi</b><br>\n09:00 - 12:30<br>\n<b>Samedi</b><br>\n09:00 - 12:00", "mail": "mairie@pance.fr", "site_internet": "https://www.pance.fr/", "telephone": "02 99 43 01 13", "url_service_public": "https://lannuaire.service-public.gouv.fr/bretagne/ille-et-vilaine/e219fe6c-9e24-461c-9811-3b4e236b26d1", "type_organisme": null, "date_modification": "29/07/2025 10:20:26", "latitude": 47.88258, "longitude": -1.662665, "codes_siren": "213502123,200070662"}, "bbox": [-1.662665, 47.882579, -1.662665, 47.882579]}, {"type": "Feature", "id": "administration.fid--17174f5a_19f2e433d8d_-4890", "geometry": {"type": "Point", "coordinates": [-1.640549, 48.328361]}, "geometry_name": "geom", "properties": {"id": "6487a0fd-6991-4783-83d4-f4eee631b843", "nom": "Centre communal d'action sociale (CCAS) - Feins", "nom_commune": "Feins", "adresse_principale": "2 Rue des Ecoles 35440 Feins", "siret": "26350123100017", "categorie": "Service local", "code_insee": "35110", "horaires": null, "mail": null, "site_internet": null, "telephone": "+33299697052", "url_service_public": "https://lannuaire.service-public.gouv.fr/bretagne/ille-et-vilaine/6487a0fd-6991-4783-83d4-f4eee631b843", "type_organisme": null, "date_modification": "24/02/2026 08:09:53", "latitude": 48.32836, "longitude": -1.640549, "codes_siren": "213501109,243500667"}, "bbox": [-1.640549, 48.328361, -1.640549, 48.328361]}, {"type": "Feature", "id": "administration.fid--17174f5a_19f2e433d8d_-488f", "geometry": {"type": "Point", "coordinates": [-1.694053, 48.127492]}, "geometry_name": "geom", "properties": {"id": "38913581-f093-4189-978b-6de825a9b917", "nom": "Plateforme de naturalisation - Bretagne", "nom_commune": "Rennes", "adresse_principale": "3 avenue de la Préfecture 35000 Rennes", "siret": null, "categorie": "Service local", "code_insee": "35238", "horaires": null, "mail": "pref-naturalisations@ille-et-vilaine.gouv.fr", "site_internet": "https://www.ille-et-vilaine.gouv.fr", "telephone": null, "url_service_public": "https://lannuaire.service-public.gouv.fr/bretagne/ille-et-vilaine/38913581-f093-4189-978b-6de825a9b917", "type_organisme": null, "date_modification": "27/08/2024 12:01:34", "latitude": 48.12749, "longitude": -1.694053, "codes_siren": "213502388,243500139"}, "bbox": [-1.694053, 48.127492, -1.694053, 48.127492]}, {"type": "Feature", "id": "administration.fid--17174f5a_19f2e433d8d_-488e", "geometry": {"type": "Point", "coordinates": [-1.693167, 48.126823]}, "geometry_name": "geom", "properties": {"id": "401f1120-f0fb-4021-ad80-3f9c70d0b0db", "nom": "Point d'accueil numérique - Rennes (Préfecture)", "nom_commune": "Rennes", "adresse_principale": "81 boulevard d'Armorique 35700 Rennes", "siret": null, "categorie": "Service local", "code_insee": "35238", "horaires": "<b>Lundi - Vendredi</b><br>\n08:30 - 12:00\n13:15 - 16:00", "mail": "prefecture@ille-et-vilaine.gouv.fr", "site_internet": "https://www.ille-et-vilaine.gouv.fr", "telephone": "02 21 86 24 79", "url_service_public": "https://lannuaire.service-public.gouv.fr/bretagne/ille-et-vilaine/401f1120-f0fb-4021-ad80-3f9c70d0b0db", "type_organisme": null, "date_modification": "18/12/2025 09:32:18", "latitude": 48.126823, "longitude": -1.693167, "codes_siren": "213502388,243500139"}, "bbox": [-1.693167, 48.126823, -1.693167, 48.126823]}, {"type": "Feature", "id": "administration.fid--17174f5a_19f2e433d8d_-488d", "geometry": {"type": "Point", "coordinates": [-1.694216, 48.128299]}, "geometry_name": "geom", "properties": {"id": "7a8fd32c-8acc-439c-821a-63ea905bdb5a", "nom": "Mission d'accueil et d'information des associations (MAIA) - Ille-et-Vilaine", "nom_commune": "Rennes Cedex 9", "adresse_principale": "15, avenue de Cucillé 35919 Rennes Cedex 9", "siret": null, "categorie": "Service local", "code_insee": "35238", "horaires": null, "mail": "nicolas.parquic@ille-et-vilaine.gouv.fr", "site_internet": "https://www.associations.gouv.fr/", "telephone": "02 99 59 89 00", "url_service_public": "https://lannuaire.service-public.gouv.fr/bretagne/ille-et-vilaine/7a8fd32c-8acc-439c-821a-63ea905bdb5a", "type_organisme": null, "date_modification": "09/08/2023 14:05:36", "latitude": 48.1283, "longitude": -1.6942161, "codes_siren": "213502388,243500139"}, "bbox": [-1.694216, 48.128299, -1.694216, 48.128299]}, {"type": "Feature", "id": "administration.fid--17174f5a_19f2e433d8d_-488c", "geometry": {"type": "Point", "coordinates": [-1.697522, 48.216088]}, "geometry_name": "geom", "properties": {"id": "c368d2eb-05fb-4476-bc65-75059d58913c", "nom": "Centre communal d'action sociale (CCAS) - Melesse", "nom_commune": "Melesse", "adresse_principale": "20 Rue de Rennes 35520 Melesse", "siret": "26350179300016", "categorie": "Service local", "code_insee": "35173", "horaires": null, "mail": null, "site_internet": "https://www.melesse.fr/mon-quotidien/sante-et-solidarite/centre-communal-daction-sociale/", "telephone": "+33299132622", "url_service_public": "https://lannuaire.service-public.gouv.fr/bretagne/ille-et-vilaine/c368d2eb-05fb-4476-bc65-75059d58913c", "type_organisme": null, "date_modification": "24/02/2026 08:10:10", "latitude": 48.216087, "longitude": -1.697522, "codes_siren": "213501737,243500667"}, "bbox": [-1.697522, 48.216088, -1.697522, 48.216088]}, {"type": "Feature", "id": "administration.fid--17174f5a_19f2e433d8d_-488b", "geometry": {"type": "Point", "coordinates": [-1.649178, 48.092916]}, "geometry_name": "geom", "properties": {"id": "5cabf619-c4d9-4b59-8f5c-f156614851c3", "nom": "Point-justice du Centre d'hébergement d'Urgence Monsieur Vincent", "nom_commune": "RENNES", "adresse_principale": "27 rue Monsieur Vincent 35200 RENNES", "siret": null, "categorie": "Service local", "code_insee": "35238", "horaires": null, "mail": null, "site_internet": "https://www.cdad-ca-rennes.fr/", "telephone": null, "url_service_public": "https://lannuaire.service-public.gouv.fr/bretagne/ille-et-vilaine/5cabf619-c4d9-4b59-8f5c-f156614851c3", "type_organisme": null, "date_modification": "03/10/2025 04:36:25", "latitude": 48.092915, "longitude": -1.649178, "codes_siren": "213502388,243500139"}, "bbox": [-1.649178, 48.092916, -1.649178, 48.092916]}, {"type": "Feature", "id": "administration.fid--17174f5a_19f2e433d8d_-488a", "geometry": {"type": "Point", "coordinates": [-1.630503, 48.212093]}, "geometry_name": "geom", "properties": {"id": "0c853866-5430-435f-964a-6cd204fcccf2", "nom": "Centre communal d'action sociale (CCAS) - Chevaigne", "nom_commune": "Chevaigné", "adresse_principale": "7 Rue de la Mairie 35250 Chevaigné", "siret": "26350103300017", "categorie": "Service local", "code_insee": "35079", "horaires": null, "mail": null, "site_internet": null, "telephone": "+33299558217", "url_service_public": "https://lannuaire.service-public.gouv.fr/bretagne/ille-et-vilaine/0c853866-5430-435f-964a-6cd204fcccf2", "type_organisme": null, "date_modification": "24/02/2026 08:09:36", "latitude": 48.212093, "longitude": -1.630503, "codes_siren": "213500796,243500139"}, "bbox": [-1.630503, 48.212093, -1.630503, 48.212093]}, {"type": "Feature", "id": "administration.fid--17174f5a_19f2e433d8d_-4889", "geometry": {"type": "Point", "coordinates": [-1.689235, 48.105727]}, "geometry_name": "geom", "properties": {"id": "ce56567a-077c-4b2d-9b14-fe39ae5c1474", "nom": "Agence France Travail RENNES CENTRE", "nom_commune": "Rennes", "adresse_principale": "22 Rue de Redon 35000 Rennes", "siret": "13000548121156", "categorie": "Service local", "code_insee": "35238", "horaires": "<b>Lundi - Vendredi</b><br>\n08:30 - 12:30", "mail": null, "site_internet": "https://www.francetravail.fr/accueil/", "telephone": "3949", "url_service_public": "https://lannuaire.service-public.gouv.fr/bretagne/ille-et-vilaine/ce56567a-077c-4b2d-9b14-fe39ae5c1474", "type_organisme": null, "date_modification": "05/03/2026 22:31:45", "latitude": 48.10573, "longitude": -1.689235, "codes_siren": "213502388,243500139"}, "bbox": [-1.689235, 48.105727, -1.689235, 48.105727]}, {"type": "Feature", "id": "administration.fid--17174f5a_19f2e433d8d_-4888", "geometry": {"type": "Point", "coordinates": [-1.685726, 48.105503]}, "geometry_name": "geom", "properties": {"id": "29af8b78-ed3c-473e-8f7f-ffbb017abb18", "nom": "Bureau d'aide aux victimes du tribunal judiciaire de Rennes", "nom_commune": "RENNES", "adresse_principale": "7 RUE PIERRE ABELARD 35000 RENNES", "siret": null, "categorie": "Service local", "code_insee": "35238", "horaires": null, "mail": null, "site_internet": null, "telephone": "02 99 65 37 37", "url_service_public": "https://lannuaire.service-public.gouv.fr/bretagne/ille-et-vilaine/29af8b78-ed3c-473e-8f7f-ffbb017abb18", "type_organisme": null, "date_modification": "11/06/2025 05:14:16", "latitude": 48.105503, "longitude": -1.685726, "codes_siren": "213502388,243500139"}, "bbox": [-1.685726, 48.105503, -1.685726, 48.105503]}, {"type": "Feature", "id": "administration.fid--17174f5a_19f2e433d8d_-4887", "geometry": {"type": "Point", "coordinates": [-1.693679, 48.11878]}, "geometry_name": "geom", "properties": {"id": "27b90941-9045-42b8-99ee-16020a36f2ce", "nom": "Pôle stratégie et coopérations (CHU) - Rennes", "nom_commune": "Rennes", "adresse_principale": "2 rue Henri-Le-Guilloux 35000 Rennes", "siret": null, "categorie": "Service institutionnel", "code_insee": "35238", "horaires": null, "mail": null, "site_internet": "https://www.chu-rennes.fr/", "telephone": "02 99 28 43 21", "url_service_public": "https://lannuaire.service-public.gouv.fr/bretagne/ille-et-vilaine/27b90941-9045-42b8-99ee-16020a36f2ce", "type_organisme": "Établissement public", "date_modification": "10/11/2025 17:21:48", "latitude": 48.11878, "longitude": -1.693679, "codes_siren": "213502388,243500139"}, "bbox": [-1.693679, 48.11878, -1.693679, 48.11878]}, {"type": "Feature", "id": "administration.fid--17174f5a_19f2e433d8d_-4886", "geometry": {"type": "Point", "coordinates": [-1.979069, 48.066211]}, "geometry_name": "geom", "properties": {"id": "4c20df8b-0c0b-409c-871c-53af70a54654", "nom": "Centre communal d'action sociale (CCAS) - Monterfil", "nom_commune": "Monterfil", "adresse_principale": "6 Rue de la Mairie 35160 Monterfil", "siret": "26350174400019", "categorie": "Service local", "code_insee": "35187", "horaires": null, "mail": null, "site_internet": null, "telephone": "+33299079047", "url_service_public": "https://lannuaire.service-public.gouv.fr/bretagne/ille-et-vilaine/4c20df8b-0c0b-409c-871c-53af70a54654", "type_organisme": null, "date_modification": "24/02/2026 08:09:49", "latitude": 48.06621, "longitude": -1.979069, "codes_siren": "213501877,243500618"}, "bbox": [-1.979069, 48.066211, -1.979069, 48.066211]}, {"type": "Feature", "id": "administration.fid--17174f5a_19f2e433d8d_-4885", "geometry": {"type": "Point", "coordinates": [-1.506947, 48.211556]}, "geometry_name": "geom", "properties": {"id": "5fe8b7e1-29d4-459d-912e-811192758578", "nom": "Police municipale - Liffré", "nom_commune": "Liffré", "adresse_principale": "10 avenue Jules-Ferry 35340 Liffré", "siret": null, "categorie": "Service local", "code_insee": "35152", "horaires": null, "mail": "police@ville-liffre.fr", "site_internet": "https://www.ville-liffre.fr/ma-mairie/la-police-municipale/", "telephone": "02 23 25 57 73", "url_service_public": "https://lannuaire.service-public.gouv.fr/bretagne/ille-et-vilaine/5fe8b7e1-29d4-459d-912e-811192758578", "type_organisme": null, "date_modification": "20/11/2024 09:27:47", "latitude": 48.211555, "longitude": -1.506947, "codes_siren": "213501521,243500774"}, "bbox": [-1.506947, 48.211556, -1.506947, 48.211556]}, {"type": "Feature", "id": "administration.fid--17174f5a_19f2e433d8d_-4884", "geometry": {"type": "Point", "coordinates": [-1.797104, 47.965357]}, "geometry_name": "geom", "properties": {"id": "8aa3ac18-6c85-49d4-88d6-3f1e63ac9dc6", "nom": "Centre communal d'action sociale (CCAS) - Guichen", "nom_commune": "Guichen", "adresse_principale": "Place Georges le Cornec 35580 Guichen", "siret": "26350141300011", "categorie": "Service local", "code_insee": "35126", "horaires": null, "mail": null, "site_internet": null, "telephone": "+33299057575", "url_service_public": "https://lannuaire.service-public.gouv.fr/bretagne/ille-et-vilaine/8aa3ac18-6c85-49d4-88d6-3f1e63ac9dc6", "type_organisme": null, "date_modification": "24/02/2026 08:09:59", "latitude": 47.96536, "longitude": -1.797104, "codes_siren": "213501265,200043990"}, "bbox": [-1.797104, 47.965357, -1.797104, 47.965357]}, {"type": "Feature", "id": "administration.fid--17174f5a_19f2e433d8d_-4883", "geometry": {"type": "Point", "coordinates": [-1.892648, 48.215175]}, "geometry_name": "geom", "properties": {"id": "8deb7f2e-ac5a-44a5-b7c9-785c26930f32", "nom": "Point-justice France services de Romillé", "nom_commune": "ROMILLÉ", "adresse_principale": "place de la Mairie 35850 ROMILLÉ", "siret": null, "categorie": "Service local", "code_insee": "35245", "horaires": null, "mail": "mairie@romille.fr", "site_internet": "https://www.cdad-ca-rennes.fr/", "telephone": "02 99 23 24 59", "url_service_public": "https://lannuaire.service-public.gouv.fr/bretagne/ille-et-vilaine/8deb7f2e-ac5a-44a5-b7c9-785c26930f32", "type_organisme": null, "date_modification": "09/01/2026 04:36:46", "latitude": 48.215176, "longitude": -1.892648, "codes_siren": "213502453,243500139"}, "bbox": [-1.892648, 48.215175, -1.892648, 48.215175]}, {"type": "Feature", "id": "administration.fid--17174f5a_19f2e433d8d_-4882", "geometry": {"type": "Point", "coordinates": [-1.827503, 48.344705]}, "geometry_name": "geom", "properties": {"id": "35a76e03-b2be-4b82-a40f-817d4f6ef143", "nom": "Centre communal d'action sociale (CCAS) - Québriac", "nom_commune": "Québriac", "adresse_principale": "5 Rue de la Liberté 35190 Québriac", "siret": "26350232000017", "categorie": "Service local", "code_insee": "35233", "horaires": null, "mail": "mairie.accueil@quebriac.fr", "site_internet": "https://quebriac.fr/webcommune/?page_id=5425", "telephone": "+33299680352", "url_service_public": "https://lannuaire.service-public.gouv.fr/bretagne/ille-et-vilaine/35a76e03-b2be-4b82-a40f-817d4f6ef143", "type_organisme": null, "date_modification": "24/02/2026 08:09:44", "latitude": 48.344704, "longitude": -1.827503, "codes_siren": "213502339,243500733"}, "bbox": [-1.827503, 48.344705, -1.827503, 48.344705]}, {"type": "Feature", "id": "administration.fid--17174f5a_19f2e433d8d_-4881", "geometry": {"type": "Point", "coordinates": [-1.79818, 47.96548]}, "geometry_name": "geom", "properties": {"id": "22789bdc-77bf-4b1f-80c4-a85c321268b3", "nom": "Brigade de gendarmerie - Guichen", "nom_commune": "Guichen", "adresse_principale": "70 rue du Général Leclerc 35580 Guichen", "siret": null, "categorie": "Service local", "code_insee": "35126", "horaires": null, "mail": null, "site_internet": "https://www.gendarmerie.interieur.gouv.fr", "telephone": "02 99 57 01 02", "url_service_public": "https://lannuaire.service-public.gouv.fr/bretagne/ille-et-vilaine/22789bdc-77bf-4b1f-80c4-a85c321268b3", "type_organisme": null, "date_modification": "24/10/2024 09:09:35", "latitude": 47.96548, "longitude": -1.79818, "codes_siren": "213501265,200043990"}, "bbox": [-1.79818, 47.96548, -1.79818, 47.96548]}, {"type": "Feature", "id": "administration.fid--17174f5a_19f2e433d8d_-4880", "geometry": {"type": "Point", "coordinates": [-1.671749, 48.11036]}, "geometry_name": "geom", "properties": {"id": "78f2ef93-c46a-436e-9fa4-8b6bd70727b1", "nom": "Atelier Canopé 35 - Rennes", "nom_commune": "Rennes", "adresse_principale": "1 quai Dujardin 35000 Rennes", "siret": "18004301001808", "categorie": "Service institutionnel", "code_insee": "35238", "horaires": "<b>Lundi - Mardi</b><br>\n13:30 - 17:30<br>\n<b>Mercredi</b><br>\n09:30 - 12:30\n13:30 - 17:30<br>\n<b>Jeudi</b><br>\n13:30 - 17:30<br>\n<b>Vendredi</b><br>\n13:30 - 17:00", "mail": "contact.atelier35@reseau-canope.fr", "site_internet": "https://www.reseau-canope.fr/academie-de-rennes/atelier-canope-35-rennes.html ", "telephone": "02 21 97 00 20", "url_service_public": "https://lannuaire.service-public.gouv.fr/bretagne/ille-et-vilaine/78f2ef93-c46a-436e-9fa4-8b6bd70727b1", "type_organisme": "Établissement public", "date_modification": "16/09/2025 14:10:01", "latitude": 48.11036, "longitude": -1.6717488, "codes_siren": "213502388,243500139"}, "bbox": [-1.671749, 48.11036, -1.671749, 48.11036]}, {"type": "Feature", "id": "administration.fid--17174f5a_19f2e433d8d_-487f", "geometry": {"type": "Point", "coordinates": [-1.510827, 47.85608]}, "geometry_name": "geom", "properties": {"id": "8c68ae42-d2ec-49bf-b2ab-640a354c0ef0", "nom": "Mairie - Lalleu", "nom_commune": "Lalleu", "adresse_principale": "6 rue des Hortensias 35320 Lalleu", "siret": "21350140600010", "categorie": "Service local", "code_insee": "35140", "horaires": "<b>Lundi - Mercredi</b><br>\n09:00 - 12:30\n13:30 - 17:00<br>\n<b>Jeudi</b><br>\n13:30 - 17:00<br>\n<b>Vendredi</b><br>\n09:00 - 12:30\n13:30 - 16:30", "mail": "mairie@lalleu.fr", "site_internet": "https://www.lalleu.fr", "telephone": "02 99 43 12 32", "url_service_public": "https://lannuaire.service-public.gouv.fr/bretagne/ille-et-vilaine/8c68ae42-d2ec-49bf-b2ab-640a354c0ef0", "type_organisme": null, "date_modification": "16/09/2025 15:23:06", "latitude": 47.85608, "longitude": -1.510827, "codes_siren": "213501406,200070662"}, "bbox": [-1.510827, 47.85608, -1.510827, 47.85608]}, {"type": "Feature", "id": "administration.fid--17174f5a_19f2e433d8d_-487e", "geometry": {"type": "Point", "coordinates": [-1.658187, 48.088455]}, "geometry_name": "geom", "properties": {"id": "6fbe9aba-bf0a-4377-9044-8df9efb1af10", "nom": "Point-justice du centre social Ty Blosne de Rennes", "nom_commune": "RENNES", "adresse_principale": "7 boulevard de Yougoslavie 35200 RENNES", "siret": null, "categorie": "Service local", "code_insee": "35238", "horaires": null, "mail": null, "site_internet": "https://www.cdad-ca-rennes.fr/", "telephone": "02 99 50 90 47", "url_service_public": "https://lannuaire.service-public.gouv.fr/bretagne/ille-et-vilaine/6fbe9aba-bf0a-4377-9044-8df9efb1af10", "type_organisme": null, "date_modification": "03/10/2025 04:36:25", "latitude": 48.088455, "longitude": -1.658187, "codes_siren": "213502388,243500139"}, "bbox": [-1.658187, 48.088455, -1.658187, 48.088455]}, {"type": "Feature", "id": "administration.fid--17174f5a_19f2e433d8d_-487d", "geometry": {"type": "Point", "coordinates": [-1.866541, 48.288181]}, "geometry_name": "geom", "properties": {"id": "2722d0cd-0a2a-4f26-9bf0-9c1f61d460e9", "nom": "Mairie - Les Iffs", "nom_commune": "Les Iffs", "adresse_principale": "3 place de la Mairie 35630 Les Iffs", "siret": "21350134900012", "categorie": "Service local", "code_insee": "35134", "horaires": "<b>Lundi</b><br>\n09:00 - 12:00\n14:00 - 17:00<br>\n<b>Vendredi</b><br>\n09:00 - 12:00\n14:00 - 17:00", "mail": "secretariat@lesiffs.fr", "site_internet": "https://lesiffs.fr", "telephone": "02 99 45 83 69", "url_service_public": "https://lannuaire.service-public.gouv.fr/bretagne/ille-et-vilaine/2722d0cd-0a2a-4f26-9bf0-9c1f61d460e9", "type_organisme": null, "date_modification": "16/07/2025 14:37:31", "latitude": 48.28818, "longitude": -1.866541, "codes_siren": "213501349,243500733"}, "bbox": [-1.866541, 48.288181, -1.866541, 48.288181]}, {"type": "Feature", "id": "administration.fid--17174f5a_19f2e433d8d_-487c", "geometry": {"type": "Point", "coordinates": [-1.364964, 48.304075]}, "geometry_name": "geom", "properties": {"id": "40931ddc-2374-4164-a331-a134ec916985", "nom": "Mairie déléguée - Saint-Marc-sur-Couesnon", "nom_commune": "Rives-du-Couesnon", "adresse_principale": "1 rue de la Mairie 35140 Rives-du-Couesnon", "siret": "20008401000012", "categorie": "Service local", "code_insee": "35282", "horaires": "<b>Mardi</b><br>\n09:00 - 12:00<br>\n<b>Vendredi</b><br>\n09:00 - 12:00", "mail": "mairie@rivesducouesnon.fr", "site_internet": "https://www.rivesducouesnon.fr/", "telephone": "02 99 39 12 54", "url_service_public": "https://lannuaire.service-public.gouv.fr/bretagne/ille-et-vilaine/40931ddc-2374-4164-a331-a134ec916985", "type_organisme": null, "date_modification": "17/07/2025 10:30:21", "latitude": 48.304073, "longitude": -1.364964, "codes_siren": "200084010,200072452"}, "bbox": [-1.364964, 48.304075, -1.364964, 48.304075]}, {"type": "Feature", "id": "administration.fid--17174f5a_19f2e433d8d_-487b", "geometry": {"type": "Point", "coordinates": [-1.67826, 48.094185]}, "geometry_name": "geom", "properties": {"id": "22921d65-e2d4-4e14-aa2f-997cabe0fe29", "nom": "Groupement de gendarmerie départementale - Ille-et-Vilaine", "nom_commune": "Rennes", "adresse_principale": "85 boulevard Clémenceau 35000 Rennes", "siret": null, "categorie": "Service institutionnel", "code_insee": "35238", "horaires": null, "mail": null, "site_internet": "https://www.gendarmerie.interieur.gouv.fr", "telephone": "02 99 32 52 00", "url_service_public": "https://lannuaire.service-public.gouv.fr/bretagne/ille-et-vilaine/22921d65-e2d4-4e14-aa2f-997cabe0fe29", "type_organisme": "Service déconcentré", "date_modification": "10/11/2025 17:21:37", "latitude": 48.094185, "longitude": -1.67826, "codes_siren": "213502388,243500139"}, "bbox": [-1.67826, 48.094185, -1.67826, 48.094185]}], "totalFeatures": 655, "numberMatched": 655, "numberReturned": 655, "timeStamp": "2026-07-04T17:57:02.109Z", "crs": {"type": "name", "properties": {"name": "urn:ogc:def:crs:EPSG::4326"}}, "bbox": [-1.997397, 47.802637, -1.301799, 48.349686]}