{"type": "FeatureCollection", "features": [{"type": "Feature", "id": "l_agences_urbanisme.4", "geometry": {"type": "MultiPolygon", "coordinates": [[[[-1.5069, 48.022], [-1.5074, 48.0219], [-1.5079, 48.022], [-1.5086, 48.0224], [-1.5094, 48.0231], [-1.5101, 48.0245], [-1.5111, 48.0249], [-1.5129, 48.025], [-1.5133, 48.0253], [-1.5145, 48.0257], [-1.5151, 48.0257], [-1.5164, 48.0255], [-1.5169, 48.0251], [-1.5177, 48.0248], [-1.5183, 48.0243], [-1.5189, 48.0239], [-1.5196, 48.0239], [-1.52, 48.024], [-1.5209, 48.024], [-1.5217, 48.0236], [-1.5223, 48.0234], [-1.5253, 48.0234], [-1.5261, 48.0233], [-1.5273, 48.0233], [-1.5279, 48.0232], [-1.5286, 48.0228], [-1.5284, 48.0225], [-1.5268, 48.0199], [-1.5258, 48.0186], [-1.5256, 48.0179], [-1.5255, 48.017], [-1.5258, 48.0151], [-1.5263, 48.0067], [-1.5263, 48.0055], [-1.5266, 48.0031], [-1.5268, 48.0024], [-1.527, 48.0014], [-1.5268, 48.001], [-1.5263, 48.0006], [-1.5254, 48], [-1.5227, 47.9974], [-1.5223, 47.9969], [-1.5221, 47.9952], [-1.5231, 47.995], [-1.525, 47.9933], [-1.5263, 47.993], [-1.5271, 47.993], [-1.5271, 47.9931], [-1.5276, 47.9932], [-1.5286, 47.9931], [-1.5291, 47.993], [-1.5294, 47.9936], [-1.5301, 47.9942], [-1.5315, 47.9951], [-1.5326, 47.9954], [-1.5334, 47.9953], [-1.5344, 47.9949], [-1.5347, 47.9946], [-1.5349, 47.994], [-1.5349, 47.9939], [-1.5343, 47.9934], [-1.5344, 47.9931], [-1.5346, 47.9928], [-1.5341, 47.9924], [-1.5334, 47.992], [-1.5323, 47.9917], [-1.532, 47.9913], [-1.5318, 47.9909], [-1.5308, 47.9905], [-1.5302, 47.9903], [-1.5299, 47.9898], [-1.5299, 47.9892], [-1.5303, 47.9885], [-1.5304, 47.9881], [-1.531, 47.9874], [-1.531, 47.9868], [-1.5313, 47.9862], [-1.5321, 47.9857], [-1.5323, 47.9851], [-1.5348, 47.9851], [-1.5349, 47.9841], [-1.5355, 47.9841], [-1.5361, 47.9829], [-1.5364, 47.9826], [-1.5363, 47.982], [-1.5366, 47.9802], [-1.5368, 47.9798], [-1.537, 47.9788], [-1.5373, 47.9784], [-1.5376, 47.9771], [-1.5379, 47.9765], [-1.5382, 47.976], [-1.538, 47.9751], [-1.5382, 47.9747], [-1.5382, 47.9743], [-1.5384, 47.9732], [-1.5414, 47.9735], [-1.5415, 47.9733], [-1.5419, 47.9733], [-1.5439, 47.974], [-1.546, 47.9745], [-1.5496, 47.9751], [-1.5508, 47.9756], [-1.5511, 47.9756], [-1.5515, 47.9751], [-1.5518, 47.9751], [-1.5549, 47.9754], [-1.5582, 47.9756], [-1.559, 47.9753], [-1.5597, 47.9749], [-1.5605, 47.9741], [-1.5612, 47.973], [-1.5616, 47.9724], [-1.5619, 47.9723], [-1.5619, 47.9712], [-1.5622, 47.9703], [-1.5623, 47.9695], [-1.5623, 47.9681], [-1.5638, 47.968], [-1.5637, 47.9662], [-1.5638, 47.965], [-1.5644, 47.9638], [-1.5651, 47.9626], [-1.565, 47.961], [-1.565, 47.9591], [-1.5654, 47.9585], [-1.5658, 47.9583], [-1.568, 47.9582], [-1.5684, 47.958], [-1.5684, 47.958], [-1.5689, 47.9577], [-1.571, 47.957], [-1.5733, 47.9567], [-1.5751, 47.9563], [-1.5773, 47.956], [-1.579, 47.9559], [-1.5792, 47.9558], [-1.579, 47.9545], [-1.5791, 47.9543], [-1.5807, 47.954], [-1.5825, 47.954], [-1.5833, 47.9541], [-1.5836, 47.9543], [-1.5847, 47.9547], [-1.5848, 47.9558], [-1.5851, 47.9561], [-1.5854, 47.9561], [-1.5859, 47.9563], [-1.586, 47.9571], [-1.5862, 47.9576], [-1.5872, 47.9576], [-1.5877, 47.9574], [-1.5884, 47.9574], [-1.5892, 47.9577], [-1.5898, 47.9577], [-1.5913, 47.9565], [-1.592, 47.9556], [-1.5922, 47.9556], [-1.5925, 47.9557], [-1.593, 47.9558], [-1.5936, 47.9557], [-1.5939, 47.9555], [-1.5942, 47.9555], [-1.5948, 47.9556], [-1.5952, 47.9556], [-1.5954, 47.9554], [-1.5958, 47.9553], [-1.5959, 47.955], [-1.5957, 47.9548], [-1.5956, 47.9545], [-1.596, 47.9544], [-1.5963, 47.9542], [-1.5966, 47.9541], [-1.5974, 47.9543], [-1.5994, 47.9541], [-1.5996, 47.9544], [-1.6005, 47.9545], [-1.6021, 47.955], [-1.6032, 47.955], [-1.6038, 47.9551], [-1.6046, 47.9549], [-1.6052, 47.9548], [-1.6067, 47.9568], [-1.6072, 47.9573], [-1.6082, 47.959], [-1.6078, 47.9592], [-1.6072, 47.9593], [-1.6066, 47.9594], [-1.6054, 47.9602], [-1.6049, 47.9604], [-1.6042, 47.9608], [-1.604, 47.9611], [-1.6038, 47.9618], [-1.6044, 47.9632], [-1.6044, 47.9637], [-1.6038, 47.9642], [-1.6037, 47.9649], [-1.6035, 47.965], [-1.6024, 47.9657], [-1.6019, 47.9664], [-1.6018, 47.9671], [-1.602, 47.9698], [-1.6026, 47.9701], [-1.6028, 47.9712], [-1.6035, 47.9716], [-1.6051, 47.9717], [-1.6061, 47.972], [-1.607, 47.9726], [-1.6075, 47.9728], [-1.6089, 47.9728], [-1.6102, 47.9725], [-1.6109, 47.9724], [-1.6112, 47.9725], [-1.6119, 47.9729], [-1.6125, 47.9731], [-1.613, 47.9731], [-1.6136, 47.9729], [-1.6145, 47.9729], [-1.6158, 47.973], [-1.6159, 47.9739], [-1.6178, 47.9749], [-1.6191, 47.9754], [-1.6195, 47.9754], [-1.6202, 47.9754], [-1.6213, 47.975], [-1.6215, 47.9746], [-1.6224, 47.9744], [-1.6226, 47.9742], [-1.6227, 47.9742], [-1.6231, 47.9742], [-1.6237, 47.9739], [-1.6244, 47.9734], [-1.6251, 47.9732], [-1.6255, 47.973], [-1.6258, 47.9729], [-1.6264, 47.9733], [-1.6267, 47.9733], [-1.6278, 47.9728], [-1.6278, 47.9725], [-1.628, 47.9723], [-1.6294, 47.9715], [-1.6296, 47.9713], [-1.6297, 47.9703], [-1.6302, 47.9696], [-1.6306, 47.9688], [-1.6312, 47.968], [-1.6319, 47.9675], [-1.6323, 47.967], [-1.6322, 47.9667], [-1.6318, 47.9664], [-1.6313, 47.9657], [-1.6306, 47.9651], [-1.6301, 47.9649], [-1.6298, 47.9645], [-1.6285, 47.9641], [-1.6272, 47.9625], [-1.6265, 47.9619], [-1.6266, 47.9616], [-1.6266, 47.9609], [-1.6256, 47.9609], [-1.6251, 47.9611], [-1.6248, 47.9611], [-1.6244, 47.9605], [-1.6242, 47.9597], [-1.6239, 47.9591], [-1.6233, 47.9585], [-1.6233, 47.9583], [-1.6246, 47.9579], [-1.626, 47.9577], [-1.6277, 47.9572], [-1.628, 47.9575], [-1.6286, 47.9575], [-1.6296, 47.9573], [-1.6309, 47.9567], [-1.631, 47.9564], [-1.6321, 47.9563], [-1.6322, 47.9564], [-1.6334, 47.9562], [-1.6349, 47.956], [-1.6349, 47.9555], [-1.6356, 47.9553], [-1.6362, 47.955], [-1.6368, 47.9541], [-1.6381, 47.9536], [-1.6394, 47.9533], [-1.6415, 47.9516], [-1.6417, 47.9515], [-1.6417, 47.9517], [-1.6425, 47.9534], [-1.643, 47.9541], [-1.6455, 47.9577], [-1.6464, 47.9588], [-1.6469, 47.9595], [-1.6475, 47.9594], [-1.6475, 47.9595], [-1.6482, 47.9605], [-1.6485, 47.9609], [-1.6486, 47.9614], [-1.6485, 47.9618], [-1.6485, 47.9625], [-1.6487, 47.9629], [-1.6487, 47.9638], [-1.649, 47.9647], [-1.65, 47.9659], [-1.6508, 47.9664], [-1.6518, 47.967], [-1.653, 47.9674], [-1.6534, 47.9676], [-1.6541, 47.9686], [-1.6552, 47.9697], [-1.6564, 47.9705], [-1.6566, 47.9707], [-1.657, 47.9708], [-1.6586, 47.9705], [-1.6599, 47.97], [-1.6609, 47.9699], [-1.6616, 47.9696], [-1.6617, 47.9695], [-1.6618, 47.9694], [-1.6621, 47.9696], [-1.6624, 47.9701], [-1.6631, 47.9708], [-1.6641, 47.9714], [-1.6649, 47.9721], [-1.6656, 47.9724], [-1.6658, 47.9725], [-1.6661, 47.9724], [-1.6676, 47.9715], [-1.6696, 47.9703], [-1.6717, 47.9691], [-1.6717, 47.9681], [-1.672, 47.966], [-1.6727, 47.9643], [-1.6732, 47.963], [-1.6742, 47.9601], [-1.6744, 47.9578], [-1.6746, 47.9572], [-1.6748, 47.9569], [-1.6766, 47.956], [-1.6769, 47.9552], [-1.676, 47.9547], [-1.6757, 47.9544], [-1.6749, 47.9541], [-1.6725, 47.9534], [-1.6715, 47.9533], [-1.6711, 47.953], [-1.671, 47.9527], [-1.6711, 47.9522], [-1.6721, 47.9512], [-1.6722, 47.9509], [-1.6717, 47.9506], [-1.6706, 47.9501], [-1.668, 47.9487], [-1.6674, 47.9481], [-1.6682, 47.9472], [-1.6684, 47.9468], [-1.6691, 47.9456], [-1.6704, 47.9439], [-1.6706, 47.9431], [-1.6709, 47.9428], [-1.6711, 47.9418], [-1.6717, 47.9414], [-1.6716, 47.9411], [-1.6717, 47.9407], [-1.6713, 47.9399], [-1.6713, 47.9388], [-1.6715, 47.9386], [-1.6721, 47.9374], [-1.6729, 47.9362], [-1.6724, 47.9357], [-1.6725, 47.9354], [-1.6736, 47.9351], [-1.6746, 47.935], [-1.6755, 47.9351], [-1.6774, 47.9351], [-1.6784, 47.9354], [-1.6794, 47.9355], [-1.6803, 47.9357], [-1.6826, 47.9362], [-1.684, 47.9367], [-1.6844, 47.9367], [-1.6845, 47.9368], [-1.6874, 47.9367], [-1.6884, 47.9367], [-1.6888, 47.9366], [-1.6895, 47.9363], [-1.6902, 47.9362], [-1.6918, 47.9359], [-1.6927, 47.936], [-1.6938, 47.9359], [-1.6941, 47.9358], [-1.6953, 47.9357], [-1.6973, 47.9357], [-1.6984, 47.9356], [-1.6993, 47.9353], [-1.7003, 47.9351], [-1.7015, 47.9351], [-1.705, 47.9356], [-1.7057, 47.9356], [-1.7064, 47.9352], [-1.7068, 47.9352], [-1.7081, 47.9356], [-1.7087, 47.9357], [-1.7096, 47.9355], [-1.7105, 47.9354], [-1.7115, 47.9359], [-1.7122, 47.9359], [-1.7127, 47.9356], [-1.7139, 47.935], [-1.7149, 47.9347], [-1.7164, 47.9347], [-1.7168, 47.9346], [-1.7177, 47.9342], [-1.7185, 47.9342], [-1.7188, 47.9342], [-1.72, 47.9346], [-1.7206, 47.935], [-1.7212, 47.9352], [-1.7217, 47.9355], [-1.7217, 47.936], [-1.7213, 47.936], [-1.7209, 47.9367], [-1.7204, 47.9368], [-1.7201, 47.9375], [-1.7204, 47.9379], [-1.7209, 47.9381], [-1.7215, 47.9382], [-1.722, 47.9378], [-1.7228, 47.9379], [-1.7232, 47.9381], [-1.7241, 47.9389], [-1.7247, 47.9393], [-1.7257, 47.9395], [-1.7265, 47.9395], [-1.7283, 47.9394], [-1.7289, 47.9395], [-1.7296, 47.94], [-1.73, 47.9403], [-1.7309, 47.9407], [-1.7324, 47.9412], [-1.733, 47.9411], [-1.7333, 47.941], [-1.7337, 47.941], [-1.7341, 47.9411], [-1.7345, 47.9411], [-1.7347, 47.9411], [-1.7353, 47.9411], [-1.7363, 47.9417], [-1.737, 47.9418], [-1.7374, 47.942], [-1.7384, 47.9429], [-1.7391, 47.944], [-1.7398, 47.9447], [-1.7408, 47.9454], [-1.7416, 47.9459], [-1.7418, 47.9464], [-1.7422, 47.9468], [-1.7427, 47.947], [-1.7433, 47.9473], [-1.7438, 47.9478], [-1.7445, 47.9482], [-1.7451, 47.9482], [-1.7465, 47.948], [-1.7468, 47.9475], [-1.7474, 47.9475], [-1.7482, 47.9478], [-1.7486, 47.9483], [-1.7487, 47.9487], [-1.7489, 47.9493], [-1.7492, 47.9494], [-1.7499, 47.9494], [-1.7498, 47.95], [-1.7493, 47.9511], [-1.7481, 47.9528], [-1.7477, 47.9532], [-1.7469, 47.9542], [-1.7465, 47.9552], [-1.7466, 47.956], [-1.7469, 47.9578], [-1.7468, 47.9587], [-1.747, 47.9597], [-1.7469, 47.9605], [-1.7467, 47.9612], [-1.746, 47.9617], [-1.7451, 47.9627], [-1.7444, 47.9643], [-1.7445, 47.9653], [-1.7448, 47.9659], [-1.7469, 47.9677], [-1.7476, 47.9686], [-1.7481, 47.9698], [-1.7481, 47.9704], [-1.7483, 47.9715], [-1.749, 47.9731], [-1.7499, 47.9745], [-1.7501, 47.9759], [-1.7503, 47.9764], [-1.7509, 47.9768], [-1.7521, 47.9779], [-1.753, 47.9791], [-1.7532, 47.9795], [-1.7538, 47.9802], [-1.7545, 47.9816], [-1.7559, 47.9834], [-1.7563, 47.9837], [-1.7573, 47.9851], [-1.7582, 47.9867], [-1.7583, 47.9876], [-1.7581, 47.9881], [-1.7571, 47.9892], [-1.7564, 47.9907], [-1.7557, 47.9917], [-1.7545, 47.9929], [-1.7532, 47.9939], [-1.7519, 47.9945], [-1.7515, 47.995], [-1.7514, 47.9954], [-1.7521, 47.9964], [-1.7529, 47.9968], [-1.754, 47.9971], [-1.7557, 47.9973], [-1.7587, 47.9972], [-1.7619, 47.9974], [-1.7641, 47.9981], [-1.7648, 47.9983], [-1.765, 47.9987], [-1.765, 47.999], [-1.7647, 47.9992], [-1.7636, 47.9993], [-1.7631, 47.9996], [-1.7622, 48.0005], [-1.7619, 48.0011], [-1.7622, 48.0015], [-1.7626, 48.0018], [-1.7635, 48.002], [-1.7648, 48.002], [-1.7654, 48.0021], [-1.7668, 48.0025], [-1.7675, 48.0025], [-1.768, 48.0024], [-1.7699, 48.0023], [-1.7718, 48.0025], [-1.7749, 48.0028], [-1.7767, 48.0027], [-1.7782, 48.0029], [-1.7794, 48.0032], [-1.7803, 48.0036], [-1.7808, 48.0036], [-1.7814, 48.0034], [-1.7829, 48.0032], [-1.7838, 48.0032], [-1.7843, 48.0035], [-1.7849, 48.0042], [-1.7851, 48.0052], [-1.7852, 48.0074], [-1.785, 48.0079], [-1.7844, 48.0082], [-1.7839, 48.0088], [-1.7836, 48.0095], [-1.7831, 48.0104], [-1.783, 48.0112], [-1.7828, 48.0118], [-1.7821, 48.013], [-1.7818, 48.0137], [-1.7822, 48.0146], [-1.7823, 48.0154], [-1.782, 48.0162], [-1.7815, 48.0167], [-1.7804, 48.0172], [-1.7792, 48.0178], [-1.7784, 48.0186], [-1.7775, 48.0197], [-1.7769, 48.0204], [-1.7761, 48.0207], [-1.7755, 48.0212], [-1.7748, 48.022], [-1.7745, 48.0234], [-1.7742, 48.0239], [-1.7739, 48.024], [-1.7735, 48.0243], [-1.7733, 48.0249], [-1.7733, 48.0259], [-1.7737, 48.0276], [-1.774, 48.0282], [-1.7747, 48.0287], [-1.7761, 48.029], [-1.7771, 48.0294], [-1.7776, 48.0297], [-1.7778, 48.0301], [-1.7775, 48.0306], [-1.777, 48.0309], [-1.7763, 48.0311], [-1.7763, 48.0313], [-1.7775, 48.0321], [-1.7782, 48.0329], [-1.7788, 48.0332], [-1.7799, 48.0332], [-1.7812, 48.0333], [-1.7817, 48.0332], [-1.7823, 48.0332], [-1.7828, 48.0335], [-1.7835, 48.0338], [-1.784, 48.0337], [-1.785, 48.0335], [-1.786, 48.0334], [-1.7882, 48.0337], [-1.7898, 48.0337], [-1.7903, 48.0338], [-1.7915, 48.0345], [-1.7925, 48.0353], [-1.7931, 48.0355], [-1.7937, 48.0355], [-1.7942, 48.0352], [-1.7946, 48.0352], [-1.7949, 48.0353], [-1.7954, 48.0363], [-1.7962, 48.0372], [-1.7965, 48.038], [-1.7967, 48.0384], [-1.7973, 48.0387], [-1.7977, 48.0392], [-1.7981, 48.0404], [-1.7982, 48.0411], [-1.7977, 48.0413], [-1.7975, 48.0419], [-1.7975, 48.0427], [-1.7979, 48.0435], [-1.7984, 48.044], [-1.8002, 48.0451], [-1.8024, 48.0463], [-1.8028, 48.0463], [-1.8036, 48.0461], [-1.8044, 48.0463], [-1.8054, 48.0463], [-1.8058, 48.0462], [-1.8066, 48.0457], [-1.8085, 48.0454], [-1.8095, 48.045], [-1.8112, 48.0439], [-1.8119, 48.0439], [-1.8122, 48.0439], [-1.8126, 48.0441], [-1.8128, 48.0444], [-1.8131, 48.0446], [-1.8136, 48.0451], [-1.8137, 48.0459], [-1.8139, 48.0462], [-1.8144, 48.0464], [-1.8154, 48.0465], [-1.8158, 48.0466], [-1.8165, 48.0472], [-1.8179, 48.0471], [-1.8199, 48.047], [-1.8207, 48.047], [-1.821, 48.0471], [-1.8213, 48.0471], [-1.8213, 48.0473], [-1.8215, 48.0474], [-1.8219, 48.0477], [-1.823, 48.0483], [-1.8234, 48.0487], [-1.8239, 48.0491], [-1.8242, 48.0498], [-1.8241, 48.0504], [-1.8239, 48.0507], [-1.8237, 48.0508], [-1.8229, 48.0509], [-1.8226, 48.0511], [-1.8225, 48.0517], [-1.8227, 48.0526], [-1.8229, 48.0532], [-1.8229, 48.0535], [-1.8225, 48.054], [-1.8223, 48.0543], [-1.8218, 48.0548], [-1.8218, 48.0554], [-1.8225, 48.0559], [-1.8225, 48.0562], [-1.8222, 48.0566], [-1.8211, 48.0568], [-1.8204, 48.0573], [-1.8199, 48.058], [-1.8188, 48.0588], [-1.8186, 48.059], [-1.8182, 48.0592], [-1.8184, 48.0598], [-1.8193, 48.0604], [-1.8196, 48.061], [-1.8199, 48.0614], [-1.8209, 48.0618], [-1.8216, 48.062], [-1.8221, 48.0623], [-1.8222, 48.063], [-1.8224, 48.0631], [-1.8233, 48.0636], [-1.8234, 48.0639], [-1.8233, 48.0641], [-1.8223, 48.0644], [-1.8218, 48.0646], [-1.8218, 48.0651], [-1.822, 48.0656], [-1.8222, 48.0657], [-1.8235, 48.0656], [-1.824, 48.0657], [-1.8243, 48.066], [-1.8247, 48.0667], [-1.8253, 48.0673], [-1.826, 48.0677], [-1.8266, 48.0679], [-1.8281, 48.0677], [-1.8288, 48.0679], [-1.8295, 48.0679], [-1.8298, 48.0678], [-1.8306, 48.0674], [-1.8312, 48.0673], [-1.8325, 48.0669], [-1.8332, 48.0666], [-1.8339, 48.0665], [-1.8344, 48.0667], [-1.8348, 48.0667], [-1.8354, 48.0665], [-1.836, 48.0658], [-1.8365, 48.0656], [-1.837, 48.0652], [-1.8375, 48.0645], [-1.8381, 48.064], [-1.8385, 48.0639], [-1.8388, 48.064], [-1.8395, 48.064], [-1.8405, 48.0637], [-1.8411, 48.0636], [-1.8415, 48.0638], [-1.842, 48.0642], [-1.8426, 48.0645], [-1.8446, 48.0646], [-1.8451, 48.0649], [-1.8452, 48.0651], [-1.8448, 48.0653], [-1.8449, 48.0655], [-1.8451, 48.0657], [-1.8457, 48.0657], [-1.8459, 48.0656], [-1.8473, 48.0655], [-1.8476, 48.0656], [-1.8477, 48.0658], [-1.8475, 48.066], [-1.8473, 48.0664], [-1.8469, 48.0671], [-1.8469, 48.0678], [-1.8466, 48.0682], [-1.8466, 48.0686], [-1.8471, 48.0688], [-1.8477, 48.0689], [-1.8481, 48.0687], [-1.8483, 48.0684], [-1.8488, 48.0681], [-1.8494, 48.0681], [-1.8502, 48.0682], [-1.8517, 48.0681], [-1.8525, 48.0684], [-1.8534, 48.0684], [-1.8537, 48.0686], [-1.8545, 48.0706], [-1.8547, 48.0713], [-1.8549, 48.0718], [-1.8554, 48.0722], [-1.8563, 48.0725], [-1.857, 48.0726], [-1.858, 48.0724], [-1.8598, 48.0723], [-1.8619, 48.0727], [-1.8628, 48.0727], [-1.8631, 48.0726], [-1.8635, 48.0724], [-1.8638, 48.0719], [-1.8639, 48.0712], [-1.864, 48.0707], [-1.8644, 48.0704], [-1.8653, 48.0704], [-1.8672, 48.0705], [-1.8677, 48.0707], [-1.8682, 48.0708], [-1.869, 48.0705], [-1.8696, 48.0704], [-1.8702, 48.0705], [-1.872, 48.0705], [-1.8725, 48.0706], [-1.873, 48.071], [-1.8733, 48.0711], [-1.8741, 48.0715], [-1.8746, 48.0715], [-1.8757, 48.0711], [-1.8757, 48.0712], [-1.8767, 48.0712], [-1.8775, 48.0716], [-1.878, 48.072], [-1.8785, 48.0732], [-1.8788, 48.0736], [-1.8794, 48.0738], [-1.8812, 48.0737], [-1.8819, 48.0741], [-1.883, 48.0743], [-1.8842, 48.075], [-1.8847, 48.0752], [-1.8858, 48.0762], [-1.8864, 48.077], [-1.8867, 48.0777], [-1.8865, 48.0792], [-1.8866, 48.0795], [-1.887, 48.0797], [-1.8876, 48.0798], [-1.8877, 48.08], [-1.8877, 48.0809], [-1.8881, 48.0822], [-1.8888, 48.0828], [-1.8892, 48.0831], [-1.8894, 48.0838], [-1.89, 48.0842], [-1.8906, 48.0843], [-1.8916, 48.0844], [-1.8926, 48.0847], [-1.8934, 48.0847], [-1.894, 48.0845], [-1.8943, 48.0842], [-1.8945, 48.0842], [-1.895, 48.0847], [-1.8959, 48.0848], [-1.8962, 48.0851], [-1.8963, 48.0857], [-1.8967, 48.0859], [-1.8974, 48.0858], [-1.8981, 48.0861], [-1.8985, 48.0864], [-1.8985, 48.087], [-1.8989, 48.0872], [-1.8996, 48.0875], [-1.8998, 48.0878], [-1.8998, 48.0884], [-1.9001, 48.0886], [-1.9007, 48.0887], [-1.9009, 48.0889], [-1.9009, 48.0894], [-1.9014, 48.0898], [-1.9019, 48.0905], [-1.9023, 48.0906], [-1.9032, 48.0906], [-1.9035, 48.0909], [-1.9038, 48.0921], [-1.9041, 48.0926], [-1.905, 48.0929], [-1.9052, 48.0932], [-1.9052, 48.0939], [-1.9055, 48.0941], [-1.9068, 48.0945], [-1.9087, 48.0955], [-1.909, 48.0959], [-1.9094, 48.0966], [-1.9093, 48.0972], [-1.9095, 48.0975], [-1.9098, 48.098], [-1.9099, 48.0983], [-1.91, 48.0991], [-1.9097, 48.0993], [-1.9089, 48.0998], [-1.908, 48.0999], [-1.9076, 48.1004], [-1.9076, 48.1008], [-1.9077, 48.1011], [-1.9079, 48.1015], [-1.9081, 48.1022], [-1.908, 48.1026], [-1.9078, 48.1028], [-1.9079, 48.1031], [-1.9084, 48.1034], [-1.9083, 48.1038], [-1.9082, 48.104], [-1.9084, 48.1043], [-1.9089, 48.1044], [-1.9098, 48.1041], [-1.91, 48.1039], [-1.9105, 48.1039], [-1.9113, 48.1044], [-1.9122, 48.1046], [-1.9128, 48.105], [-1.913, 48.1056], [-1.9131, 48.1065], [-1.9136, 48.1074], [-1.9138, 48.1082], [-1.9135, 48.1093], [-1.9134, 48.1099], [-1.9125, 48.111], [-1.9124, 48.1114], [-1.9125, 48.1119], [-1.9128, 48.1122], [-1.9134, 48.1122], [-1.9142, 48.1121], [-1.9145, 48.1124], [-1.9147, 48.1127], [-1.9151, 48.1128], [-1.9156, 48.113], [-1.9161, 48.1129], [-1.9163, 48.1127], [-1.9166, 48.1127], [-1.9169, 48.113], [-1.917, 48.1132], [-1.9165, 48.1145], [-1.9185, 48.1146], [-1.9184, 48.1148], [-1.9165, 48.116], [-1.9159, 48.1164], [-1.9144, 48.1168], [-1.9121, 48.1178], [-1.9104, 48.1181], [-1.9096, 48.1182], [-1.9075, 48.1188], [-1.9063, 48.1191], [-1.9044, 48.1199], [-1.9031, 48.1203], [-1.9026, 48.1206], [-1.902, 48.1207], [-1.9018, 48.1208], [-1.9011, 48.1205], [-1.9006, 48.1203], [-1.9001, 48.1199], [-1.8987, 48.1193], [-1.8983, 48.1193], [-1.8974, 48.1197], [-1.8969, 48.12], [-1.8959, 48.1201], [-1.8957, 48.1204], [-1.8947, 48.1204], [-1.8944, 48.1205], [-1.8936, 48.1206], [-1.8923, 48.121], [-1.892, 48.1211], [-1.8918, 48.1218], [-1.8915, 48.1224], [-1.8914, 48.1228], [-1.8912, 48.1229], [-1.8871, 48.1228], [-1.8872, 48.1233], [-1.8877, 48.1243], [-1.8877, 48.1244], [-1.8871, 48.1246], [-1.8869, 48.125], [-1.8871, 48.1257], [-1.8872, 48.1261], [-1.8869, 48.1265], [-1.8861, 48.1271], [-1.8852, 48.1269], [-1.8843, 48.1269], [-1.8841, 48.1272], [-1.8838, 48.1278], [-1.8839, 48.1279], [-1.8847, 48.1283], [-1.8848, 48.1284], [-1.8847, 48.1288], [-1.885, 48.1289], [-1.8851, 48.129], [-1.8839, 48.1299], [-1.8834, 48.1304], [-1.8849, 48.1305], [-1.8873, 48.131], [-1.888, 48.1314], [-1.8886, 48.1315], [-1.8893, 48.1316], [-1.8895, 48.1315], [-1.8898, 48.1313], [-1.8901, 48.1312], [-1.8909, 48.1314], [-1.8911, 48.1315], [-1.8908, 48.1319], [-1.8906, 48.1325], [-1.8913, 48.1331], [-1.8926, 48.1334], [-1.8928, 48.1336], [-1.8941, 48.1345], [-1.8943, 48.1348], [-1.8933, 48.1351], [-1.8916, 48.136], [-1.8913, 48.1363], [-1.8919, 48.1365], [-1.8919, 48.1366], [-1.8918, 48.137], [-1.8915, 48.1377], [-1.8913, 48.1379], [-1.889, 48.1391], [-1.8889, 48.1393], [-1.8893, 48.1395], [-1.8894, 48.1397], [-1.8879, 48.1399], [-1.8879, 48.1401], [-1.8883, 48.1407], [-1.8888, 48.1416], [-1.8889, 48.1423], [-1.8885, 48.1436], [-1.8884, 48.1457], [-1.887, 48.1459], [-1.8868, 48.146], [-1.8872, 48.1467], [-1.8867, 48.1468], [-1.887, 48.148], [-1.8868, 48.1481], [-1.8865, 48.1479], [-1.8857, 48.1477], [-1.8857, 48.1479], [-1.886, 48.1494], [-1.8853, 48.1506], [-1.8841, 48.1529], [-1.8837, 48.1533], [-1.8847, 48.1558], [-1.8832, 48.1561], [-1.8821, 48.1561], [-1.8811, 48.156], [-1.8801, 48.156], [-1.88, 48.1576], [-1.881, 48.1583], [-1.8812, 48.1589], [-1.8811, 48.1592], [-1.8817, 48.1597], [-1.8819, 48.1601], [-1.8818, 48.1605], [-1.8814, 48.1611], [-1.8801, 48.1621], [-1.88, 48.1624], [-1.88, 48.1626], [-1.8797, 48.1629], [-1.8799, 48.1631], [-1.8802, 48.1633], [-1.8803, 48.1636], [-1.8799, 48.164], [-1.8805, 48.1644], [-1.8809, 48.1646], [-1.881, 48.1652], [-1.8827, 48.1669], [-1.883, 48.1675], [-1.883, 48.168], [-1.8827, 48.1685], [-1.8815, 48.1698], [-1.8803, 48.1707], [-1.8798, 48.171], [-1.8794, 48.1717], [-1.8791, 48.1722], [-1.8787, 48.1726], [-1.878, 48.1728], [-1.8776, 48.1733], [-1.8775, 48.1734], [-1.877, 48.1736], [-1.8765, 48.1736], [-1.8763, 48.1735], [-1.8759, 48.1736], [-1.8754, 48.174], [-1.8753, 48.1741], [-1.8746, 48.1742], [-1.8741, 48.1746], [-1.8731, 48.1747], [-1.8724, 48.1751], [-1.8711, 48.1756], [-1.871, 48.1758], [-1.8709, 48.1769], [-1.8705, 48.1777], [-1.8703, 48.1787], [-1.8701, 48.1791], [-1.8704, 48.1797], [-1.8704, 48.1802], [-1.8706, 48.1807], [-1.8707, 48.1816], [-1.8707, 48.1818], [-1.8709, 48.1822], [-1.8709, 48.1823], [-1.8704, 48.1825], [-1.8707, 48.1832], [-1.8714, 48.1845], [-1.8716, 48.1848], [-1.871, 48.185], [-1.8709, 48.1852], [-1.871, 48.1861], [-1.8713, 48.1867], [-1.8695, 48.1869], [-1.8688, 48.1868], [-1.8678, 48.1868], [-1.8668, 48.187], [-1.8664, 48.1873], [-1.8652, 48.1876], [-1.865, 48.188], [-1.8635, 48.1884], [-1.861, 48.1889], [-1.8588, 48.1892], [-1.8585, 48.1893], [-1.8584, 48.1898], [-1.8576, 48.1898], [-1.8553, 48.1896], [-1.8536, 48.1895], [-1.8516, 48.1889], [-1.8503, 48.1886], [-1.8483, 48.1877], [-1.8472, 48.1869], [-1.8465, 48.1865], [-1.8449, 48.1861], [-1.845, 48.1868], [-1.8444, 48.188], [-1.8437, 48.1891], [-1.8432, 48.1896], [-1.8429, 48.1907], [-1.8429, 48.1911], [-1.8433, 48.1914], [-1.8434, 48.1919], [-1.8441, 48.1925], [-1.8444, 48.1931], [-1.8445, 48.1938], [-1.8443, 48.194], [-1.8442, 48.1947], [-1.8442, 48.1963], [-1.8444, 48.1969], [-1.8443, 48.1976], [-1.8442, 48.1982], [-1.8443, 48.1985], [-1.8446, 48.1989], [-1.845, 48.1997], [-1.8457, 48.2009], [-1.846, 48.2022], [-1.847, 48.2022], [-1.8472, 48.2023], [-1.8475, 48.2024], [-1.8478, 48.2026], [-1.848, 48.2026], [-1.8485, 48.2024], [-1.8491, 48.2028], [-1.8498, 48.2029], [-1.8514, 48.2029], [-1.8538, 48.2024], [-1.8547, 48.2021], [-1.8554, 48.2013], [-1.8559, 48.2012], [-1.8574, 48.2014], [-1.8604, 48.201], [-1.8622, 48.2009], [-1.8649, 48.2013], [-1.867, 48.2012], [-1.8672, 48.2013], [-1.8679, 48.2013], [-1.8704, 48.2007], [-1.872, 48.2005], [-1.8726, 48.2004], [-1.8725, 48.1999], [-1.8727, 48.1998], [-1.8731, 48.1997], [-1.8732, 48.1998], [-1.8739, 48.1998], [-1.8743, 48.1999], [-1.875, 48.1999], [-1.8762, 48.1997], [-1.8766, 48.1998], [-1.8773, 48.1998], [-1.8778, 48.1996], [-1.8782, 48.1996], [-1.8793, 48.1999], [-1.8801, 48.1998], [-1.8809, 48.1994], [-1.8818, 48.1992], [-1.8824, 48.1992], [-1.8833, 48.1996], [-1.884, 48.1996], [-1.8848, 48.1997], [-1.8871, 48.1996], [-1.8877, 48.1998], [-1.8881, 48.1998], [-1.8883, 48.1996], [-1.889, 48.1995], [-1.8893, 48.1997], [-1.8899, 48.1995], [-1.8901, 48.1992], [-1.8904, 48.199], [-1.891, 48.1988], [-1.8913, 48.1986], [-1.8919, 48.1985], [-1.8922, 48.198], [-1.8925, 48.1978], [-1.893, 48.1977], [-1.8933, 48.1973], [-1.8934, 48.197], [-1.8935, 48.1966], [-1.8939, 48.1964], [-1.894, 48.196], [-1.8943, 48.1957], [-1.8944, 48.1951], [-1.8947, 48.1949], [-1.895, 48.1949], [-1.8954, 48.1948], [-1.8959, 48.1946], [-1.8962, 48.1953], [-1.8966, 48.1955], [-1.8969, 48.1959], [-1.8974, 48.1961], [-1.8984, 48.1968], [-1.8992, 48.1971], [-1.9003, 48.1974], [-1.9013, 48.1974], [-1.9016, 48.1976], [-1.9019, 48.1979], [-1.9026, 48.1979], [-1.9031, 48.1985], [-1.9038, 48.1984], [-1.9038, 48.1986], [-1.9038, 48.1988], [-1.9038, 48.1991], [-1.9045, 48.1993], [-1.9046, 48.1998], [-1.9049, 48.2], [-1.905, 48.201], [-1.9049, 48.2018], [-1.9056, 48.203], [-1.9063, 48.2055], [-1.907, 48.2059], [-1.9075, 48.2064], [-1.9081, 48.2069], [-1.9083, 48.2072], [-1.9088, 48.2076], [-1.9098, 48.2078], [-1.9102, 48.2081], [-1.9104, 48.2082], [-1.9112, 48.2088], [-1.9119, 48.2091], [-1.9134, 48.2093], [-1.9144, 48.2096], [-1.9155, 48.2101], [-1.9166, 48.2109], [-1.9177, 48.2121], [-1.9181, 48.2124], [-1.9187, 48.2124], [-1.9193, 48.2128], [-1.9203, 48.2129], [-1.921, 48.2132], [-1.9219, 48.2131], [-1.9221, 48.2133], [-1.9227, 48.2136], [-1.9227, 48.2142], [-1.9223, 48.2146], [-1.9214, 48.215], [-1.9203, 48.2154], [-1.9185, 48.2161], [-1.9178, 48.2165], [-1.9172, 48.218], [-1.9165, 48.219], [-1.9165, 48.2194], [-1.9168, 48.2198], [-1.9167, 48.22], [-1.9167, 48.2201], [-1.9166, 48.2208], [-1.9161, 48.2209], [-1.9158, 48.2211], [-1.9158, 48.2213], [-1.9156, 48.2214], [-1.9155, 48.2216], [-1.9149, 48.2217], [-1.9145, 48.2223], [-1.9144, 48.2226], [-1.9143, 48.223], [-1.9144, 48.2236], [-1.9149, 48.224], [-1.9151, 48.2245], [-1.9152, 48.2245], [-1.9154, 48.2249], [-1.9153, 48.2254], [-1.9155, 48.2257], [-1.9155, 48.226], [-1.9157, 48.2261], [-1.916, 48.2266], [-1.9165, 48.2267], [-1.9166, 48.2268], [-1.9169, 48.2269], [-1.9171, 48.227], [-1.9175, 48.2273], [-1.9176, 48.2277], [-1.9175, 48.2279], [-1.9175, 48.2284], [-1.9173, 48.2292], [-1.917, 48.2295], [-1.9169, 48.2299], [-1.9165, 48.2303], [-1.9167, 48.2307], [-1.9166, 48.2315], [-1.9169, 48.2317], [-1.9169, 48.232], [-1.9168, 48.2322], [-1.9169, 48.2324], [-1.9166, 48.2325], [-1.9167, 48.233], [-1.9167, 48.233], [-1.9164, 48.2331], [-1.9163, 48.2334], [-1.9169, 48.2335], [-1.917, 48.2338], [-1.917, 48.2343], [-1.9166, 48.2346], [-1.9166, 48.2349], [-1.917, 48.2352], [-1.9171, 48.2357], [-1.9165, 48.2367], [-1.9161, 48.2369], [-1.9161, 48.2371], [-1.9164, 48.2374], [-1.9163, 48.2376], [-1.9161, 48.2378], [-1.9162, 48.2381], [-1.916, 48.2385], [-1.9158, 48.2398], [-1.9158, 48.24], [-1.9162, 48.2403], [-1.916, 48.2407], [-1.9159, 48.2409], [-1.9159, 48.2415], [-1.9157, 48.2419], [-1.9144, 48.2427], [-1.9131, 48.2439], [-1.913, 48.244], [-1.9127, 48.244], [-1.912, 48.2437], [-1.9117, 48.2439], [-1.9109, 48.2445], [-1.9106, 48.2448], [-1.9102, 48.2451], [-1.9091, 48.2454], [-1.9088, 48.2459], [-1.9088, 48.2467], [-1.909, 48.2473], [-1.9086, 48.2479], [-1.9084, 48.2481], [-1.9086, 48.2491], [-1.9084, 48.2495], [-1.9074, 48.2502], [-1.9061, 48.2507], [-1.9062, 48.2518], [-1.9098, 48.2532], [-1.9105, 48.2537], [-1.9129, 48.2544], [-1.9129, 48.2545], [-1.9137, 48.2553], [-1.9145, 48.2557], [-1.9146, 48.2559], [-1.9144, 48.2561], [-1.9141, 48.2567], [-1.9163, 48.2587], [-1.9179, 48.2599], [-1.9193, 48.2605], [-1.9209, 48.261], [-1.9251, 48.2631], [-1.9263, 48.2635], [-1.9267, 48.2637], [-1.9271, 48.2645], [-1.9273, 48.2646], [-1.9287, 48.2651], [-1.9288, 48.2653], [-1.9285, 48.2655], [-1.9284, 48.2656], [-1.9292, 48.2662], [-1.9299, 48.2671], [-1.9307, 48.2677], [-1.9318, 48.2683], [-1.933, 48.2686], [-1.9335, 48.2686], [-1.9344, 48.2687], [-1.9353, 48.2689], [-1.9357, 48.2689], [-1.9361, 48.2686], [-1.9369, 48.2686], [-1.9375, 48.2687], [-1.9388, 48.2693], [-1.9399, 48.2691], [-1.9401, 48.2692], [-1.942, 48.2692], [-1.9427, 48.2693], [-1.9428, 48.2698], [-1.945, 48.2701], [-1.9456, 48.2702], [-1.9472, 48.2715], [-1.9479, 48.2718], [-1.9487, 48.2718], [-1.9503, 48.2717], [-1.9508, 48.2727], [-1.9508, 48.2735], [-1.951, 48.2736], [-1.9513, 48.2738], [-1.9519, 48.2741], [-1.952, 48.275], [-1.9522, 48.275], [-1.9538, 48.2746], [-1.9552, 48.2745], [-1.9569, 48.2747], [-1.9582, 48.2748], [-1.9581, 48.2754], [-1.9589, 48.2756], [-1.9587, 48.2764], [-1.9582, 48.2765], [-1.9581, 48.2767], [-1.9571, 48.2773], [-1.9572, 48.2774], [-1.9587, 48.2774], [-1.9588, 48.2776], [-1.958, 48.2782], [-1.9576, 48.2789], [-1.9576, 48.2799], [-1.9575, 48.281], [-1.9571, 48.2818], [-1.9561, 48.283], [-1.956, 48.2841], [-1.9555, 48.2862], [-1.9561, 48.2885], [-1.9563, 48.29], [-1.9562, 48.2901], [-1.9563, 48.2907], [-1.9558, 48.291], [-1.9576, 48.2928], [-1.958, 48.2931], [-1.9582, 48.2933], [-1.9586, 48.2938], [-1.9579, 48.2941], [-1.9575, 48.2943], [-1.9574, 48.2943], [-1.9574, 48.2957], [-1.9572, 48.296], [-1.9564, 48.2964], [-1.9569, 48.2968], [-1.9572, 48.2969], [-1.9576, 48.2972], [-1.9579, 48.2978], [-1.958, 48.298], [-1.9593, 48.298], [-1.96, 48.2983], [-1.9617, 48.2991], [-1.9623, 48.2992], [-1.9634, 48.2992], [-1.9643, 48.3004], [-1.9651, 48.301], [-1.9658, 48.3014], [-1.9662, 48.3019], [-1.9679, 48.3029], [-1.9683, 48.3032], [-1.9682, 48.3033], [-1.9666, 48.304], [-1.9651, 48.3042], [-1.9636, 48.3043], [-1.9627, 48.3046], [-1.9622, 48.3047], [-1.9597, 48.3056], [-1.9582, 48.3064], [-1.9566, 48.307], [-1.9578, 48.3083], [-1.9577, 48.3092], [-1.9577, 48.3101], [-1.9576, 48.3105], [-1.9577, 48.3112], [-1.9576, 48.3117], [-1.9577, 48.3122], [-1.958, 48.3128], [-1.9581, 48.3133], [-1.9589, 48.3143], [-1.959, 48.3144], [-1.959, 48.3145], [-1.9585, 48.3147], [-1.954, 48.3156], [-1.9539, 48.3157], [-1.9548, 48.3171], [-1.9555, 48.3188], [-1.9559, 48.32], [-1.959, 48.328], [-1.9592, 48.3282], [-1.9598, 48.3299], [-1.9613, 48.3331], [-1.9658, 48.3409], [-1.9666, 48.3421], [-1.9669, 48.3428], [-1.9636, 48.3436], [-1.9633, 48.3437], [-1.9624, 48.3437], [-1.9616, 48.3435], [-1.9603, 48.3428], [-1.9601, 48.3427], [-1.9598, 48.3423], [-1.9593, 48.3421], [-1.9578, 48.3421], [-1.9573, 48.3425], [-1.9562, 48.3427], [-1.9559, 48.3426], [-1.9527, 48.343], [-1.9524, 48.3426], [-1.9523, 48.3421], [-1.9517, 48.3422], [-1.9507, 48.3424], [-1.9492, 48.3424], [-1.948, 48.3422], [-1.9477, 48.3421], [-1.9473, 48.3422], [-1.9386, 48.3448], [-1.9363, 48.3454], [-1.9298, 48.3466], [-1.9293, 48.3468], [-1.9291, 48.3471], [-1.9293, 48.3474], [-1.9298, 48.3484], [-1.9303, 48.3488], [-1.9305, 48.3491], [-1.9308, 48.3494], [-1.9308, 48.3495], [-1.9306, 48.3497], [-1.9307, 48.35], [-1.9306, 48.3504], [-1.9308, 48.3509], [-1.9307, 48.3513], [-1.9308, 48.3516], [-1.9312, 48.352], [-1.9314, 48.3525], [-1.9311, 48.3529], [-1.9313, 48.353], [-1.9315, 48.3532], [-1.9317, 48.354], [-1.932, 48.3544], [-1.932, 48.3546], [-1.9323, 48.3549], [-1.9329, 48.3551], [-1.933, 48.3554], [-1.9334, 48.3556], [-1.9334, 48.3559], [-1.9332, 48.356], [-1.9326, 48.3564], [-1.9324, 48.3569], [-1.9325, 48.3575], [-1.9331, 48.3581], [-1.9334, 48.3585], [-1.9335, 48.3589], [-1.9333, 48.359], [-1.933, 48.3593], [-1.9331, 48.3601], [-1.9328, 48.3604], [-1.9328, 48.3607], [-1.9331, 48.3607], [-1.9369, 48.36], [-1.9369, 48.3599], [-1.9375, 48.3598], [-1.9379, 48.3596], [-1.9398, 48.3598], [-1.9428, 48.3604], [-1.943, 48.361], [-1.9432, 48.3623], [-1.9429, 48.363], [-1.9431, 48.363], [-1.9444, 48.3636], [-1.9449, 48.364], [-1.9454, 48.3646], [-1.9457, 48.3656], [-1.9467, 48.3662], [-1.9471, 48.3667], [-1.947, 48.3674], [-1.947, 48.3679], [-1.9471, 48.3681], [-1.9475, 48.3684], [-1.9477, 48.3689], [-1.9476, 48.3697], [-1.9472, 48.3704], [-1.9465, 48.3711], [-1.9459, 48.3718], [-1.9457, 48.3722], [-1.9447, 48.3737], [-1.9447, 48.3741], [-1.945, 48.3743], [-1.945, 48.3748], [-1.9453, 48.3752], [-1.9453, 48.3758], [-1.9456, 48.3762], [-1.9457, 48.3768], [-1.9461, 48.3774], [-1.9461, 48.378], [-1.9464, 48.3785], [-1.9461, 48.3794], [-1.946, 48.3802], [-1.9458, 48.3802], [-1.9442, 48.3806], [-1.9446, 48.3813], [-1.9447, 48.3816], [-1.944, 48.3819], [-1.9433, 48.3818], [-1.9424, 48.3822], [-1.9408, 48.3826], [-1.9384, 48.3829], [-1.9383, 48.383], [-1.9385, 48.3833], [-1.9387, 48.3838], [-1.9391, 48.3843], [-1.9391, 48.385], [-1.9396, 48.3853], [-1.9397, 48.3855], [-1.9394, 48.3856], [-1.9393, 48.3858], [-1.9394, 48.386], [-1.9399, 48.3861], [-1.9398, 48.3866], [-1.9393, 48.3871], [-1.939, 48.3871], [-1.9387, 48.3869], [-1.9385, 48.387], [-1.9383, 48.3873], [-1.9385, 48.3874], [-1.9385, 48.3876], [-1.9387, 48.3877], [-1.9386, 48.3881], [-1.9385, 48.3884], [-1.9379, 48.3883], [-1.9379, 48.3886], [-1.9379, 48.3892], [-1.9369, 48.3898], [-1.9369, 48.3899], [-1.9377, 48.3906], [-1.9392, 48.3922], [-1.9398, 48.3929], [-1.9398, 48.393], [-1.9382, 48.3933], [-1.9369, 48.3936], [-1.9357, 48.3937], [-1.9323, 48.3939], [-1.9303, 48.3942], [-1.9301, 48.3943], [-1.93, 48.3948], [-1.9314, 48.3951], [-1.9329, 48.3956], [-1.9346, 48.3965], [-1.9349, 48.3966], [-1.9395, 48.3993], [-1.9409, 48.3998], [-1.9425, 48.4003], [-1.9429, 48.4006], [-1.943, 48.4009], [-1.9429, 48.4011], [-1.9426, 48.4012], [-1.9413, 48.4017], [-1.9405, 48.4021], [-1.9405, 48.4026], [-1.9393, 48.403], [-1.9396, 48.4039], [-1.9386, 48.4043], [-1.9385, 48.4045], [-1.9374, 48.4053], [-1.937, 48.4061], [-1.9364, 48.4067], [-1.9365, 48.4067], [-1.9376, 48.4078], [-1.9397, 48.4096], [-1.9406, 48.4103], [-1.941, 48.4105], [-1.9412, 48.4106], [-1.941, 48.4107], [-1.9386, 48.4113], [-1.9377, 48.4115], [-1.9378, 48.4116], [-1.9387, 48.4128], [-1.9383, 48.413], [-1.9378, 48.4132], [-1.9375, 48.4135], [-1.9371, 48.4143], [-1.9368, 48.4146], [-1.9366, 48.415], [-1.9367, 48.4158], [-1.9361, 48.4174], [-1.9362, 48.4181], [-1.9364, 48.4186], [-1.9364, 48.4197], [-1.9366, 48.4199], [-1.9368, 48.4201], [-1.9384, 48.4206], [-1.939, 48.4208], [-1.9412, 48.4214], [-1.9427, 48.4222], [-1.9434, 48.4223], [-1.9437, 48.4222], [-1.9442, 48.4223], [-1.9446, 48.423], [-1.9456, 48.4236], [-1.946, 48.4239], [-1.9477, 48.4249], [-1.9482, 48.426], [-1.949, 48.4266], [-1.9499, 48.4272], [-1.9505, 48.4279], [-1.9509, 48.4281], [-1.9516, 48.4289], [-1.9519, 48.4292], [-1.9522, 48.4298], [-1.9522, 48.4304], [-1.9518, 48.431], [-1.9511, 48.4316], [-1.9509, 48.4317], [-1.9505, 48.4322], [-1.9501, 48.4335], [-1.9495, 48.4343], [-1.9485, 48.4365], [-1.9508, 48.4371], [-1.9507, 48.4373], [-1.9502, 48.4381], [-1.9512, 48.4386], [-1.9517, 48.4389], [-1.9517, 48.4394], [-1.9516, 48.4397], [-1.9506, 48.4398], [-1.9508, 48.4407], [-1.9495, 48.4409], [-1.9505, 48.4424], [-1.9503, 48.443], [-1.9494, 48.4445], [-1.9492, 48.4452], [-1.9484, 48.4454], [-1.9481, 48.4459], [-1.948, 48.4463], [-1.9472, 48.4463], [-1.9465, 48.4462], [-1.9464, 48.4462], [-1.9464, 48.4475], [-1.9456, 48.4478], [-1.9425, 48.4485], [-1.9421, 48.4486], [-1.9413, 48.4486], [-1.9408, 48.4484], [-1.9401, 48.4474], [-1.9396, 48.4471], [-1.9389, 48.447], [-1.9386, 48.4472], [-1.9381, 48.4476], [-1.9364, 48.4484], [-1.9361, 48.4487], [-1.936, 48.4491], [-1.9354, 48.4494], [-1.934, 48.4498], [-1.9331, 48.4505], [-1.931, 48.4514], [-1.9294, 48.4519], [-1.9288, 48.4522], [-1.9281, 48.4527], [-1.9278, 48.4533], [-1.9276, 48.4544], [-1.9274, 48.4547], [-1.927, 48.4549], [-1.9263, 48.4559], [-1.9262, 48.4569], [-1.9259, 48.4578], [-1.9252, 48.4585], [-1.925, 48.4589], [-1.9248, 48.4592], [-1.9247, 48.4602], [-1.924, 48.4608], [-1.9238, 48.461], [-1.9237, 48.4614], [-1.9242, 48.4625], [-1.9243, 48.4626], [-1.925, 48.4626], [-1.9251, 48.4627], [-1.9251, 48.4632], [-1.925, 48.4635], [-1.9253, 48.4639], [-1.9255, 48.4641], [-1.9257, 48.4644], [-1.9256, 48.4654], [-1.9262, 48.4665], [-1.9263, 48.4673], [-1.9267, 48.4677], [-1.9273, 48.4679], [-1.9282, 48.468], [-1.929, 48.4682], [-1.9307, 48.4693], [-1.9319, 48.4697], [-1.9328, 48.4703], [-1.9311, 48.4705], [-1.9303, 48.4708], [-1.9298, 48.4713], [-1.9293, 48.4725], [-1.9285, 48.4756], [-1.929, 48.4758], [-1.9289, 48.4761], [-1.9285, 48.4764], [-1.9276, 48.4763], [-1.927, 48.4761], [-1.9265, 48.4766], [-1.9269, 48.4768], [-1.9269, 48.4769], [-1.925, 48.4771], [-1.9249, 48.4773], [-1.922, 48.4773], [-1.9204, 48.4779], [-1.9194, 48.4782], [-1.9188, 48.4785], [-1.9177, 48.4786], [-1.917, 48.4788], [-1.9156, 48.4796], [-1.909, 48.4816], [-1.9141, 48.4902], [-1.9143, 48.4904], [-1.9148, 48.4912], [-1.9155, 48.4918], [-1.9173, 48.4928], [-1.9176, 48.493], [-1.9179, 48.4931], [-1.9189, 48.4925], [-1.9204, 48.492], [-1.9207, 48.492], [-1.9209, 48.4923], [-1.921, 48.4941], [-1.9222, 48.4972], [-1.9226, 48.4978], [-1.9231, 48.4988], [-1.9232, 48.4997], [-1.9228, 48.5008], [-1.9227, 48.5016], [-1.9229, 48.5028], [-1.9228, 48.5049], [-1.9224, 48.5051], [-1.919, 48.5059], [-1.9184, 48.5058], [-1.9165, 48.5059], [-1.9137, 48.5063], [-1.9129, 48.5063], [-1.9115, 48.5062], [-1.9116, 48.5087], [-1.9115, 48.5098], [-1.9109, 48.511], [-1.9105, 48.5148], [-1.9107, 48.5167], [-1.911, 48.5174], [-1.9122, 48.5184], [-1.9125, 48.5189], [-1.9135, 48.5199], [-1.9142, 48.5205], [-1.9149, 48.5214], [-1.9165, 48.5258], [-1.9171, 48.5265], [-1.9171, 48.5269], [-1.917, 48.5277], [-1.9171, 48.5291], [-1.9172, 48.5301], [-1.918, 48.5316], [-1.9184, 48.5329], [-1.9184, 48.5346], [-1.9189, 48.5353], [-1.9193, 48.5354], [-1.9221, 48.535], [-1.9227, 48.5349], [-1.9229, 48.5371], [-1.9246, 48.5372], [-1.9262, 48.5376], [-1.9267, 48.5379], [-1.9271, 48.5387], [-1.9272, 48.5394], [-1.9271, 48.5405], [-1.9246, 48.5406], [-1.9248, 48.5413], [-1.9249, 48.5423], [-1.9219, 48.5438], [-1.9222, 48.5445], [-1.924, 48.5449], [-1.9251, 48.5453], [-1.9263, 48.546], [-1.9278, 48.5473], [-1.929, 48.5483], [-1.9299, 48.5492], [-1.9313, 48.5504], [-1.9313, 48.5506], [-1.9329, 48.551], [-1.9333, 48.5511], [-1.9333, 48.5503], [-1.9339, 48.5494], [-1.9343, 48.5491], [-1.9348, 48.5486], [-1.9365, 48.5475], [-1.9374, 48.547], [-1.9391, 48.5458], [-1.9398, 48.5451], [-1.9407, 48.5446], [-1.9414, 48.5443], [-1.9424, 48.5437], [-1.9448, 48.5419], [-1.9456, 48.5411], [-1.9463, 48.5395], [-1.947, 48.5391], [-1.948, 48.5388], [-1.9482, 48.539], [-1.9488, 48.539], [-1.9492, 48.5388], [-1.9509, 48.5386], [-1.9525, 48.5384], [-1.9537, 48.538], [-1.9548, 48.5373], [-1.9573, 48.5369], [-1.9591, 48.5364], [-1.9605, 48.5362], [-1.9635, 48.5362], [-1.965, 48.5362], [-1.9669, 48.5361], [-1.9677, 48.5359], [-1.9685, 48.536], [-1.969, 48.5362], [-1.9694, 48.5366], [-1.9694, 48.5371], [-1.9693, 48.5375], [-1.9695, 48.5381], [-1.9693, 48.5387], [-1.9689, 48.5391], [-1.9682, 48.5395], [-1.9672, 48.5403], [-1.9666, 48.5407], [-1.9662, 48.5411], [-1.9661, 48.5423], [-1.9656, 48.543], [-1.9648, 48.5438], [-1.9642, 48.5447], [-1.9641, 48.545], [-1.9643, 48.5455], [-1.9643, 48.5459], [-1.9639, 48.5464], [-1.9627, 48.5472], [-1.9625, 48.5474], [-1.9615, 48.5482], [-1.9606, 48.549], [-1.9606, 48.5495], [-1.9606, 48.5499], [-1.9612, 48.5503], [-1.9616, 48.5506], [-1.9619, 48.5513], [-1.9621, 48.5531], [-1.9623, 48.5536], [-1.9626, 48.5549], [-1.9631, 48.5559], [-1.9637, 48.5564], [-1.9648, 48.5568], [-1.9663, 48.557], [-1.9687, 48.5573], [-1.9706, 48.5574], [-1.9719, 48.5573], [-1.9733, 48.5569], [-1.9742, 48.5565], [-1.9758, 48.5561], [-1.9768, 48.5561], [-1.9773, 48.5563], [-1.9775, 48.5565], [-1.9775, 48.557], [-1.9772, 48.5574], [-1.9766, 48.5579], [-1.9756, 48.5584], [-1.9745, 48.5593], [-1.9737, 48.5603], [-1.973, 48.562], [-1.9725, 48.5641], [-1.9726, 48.5656], [-1.973, 48.5668], [-1.9737, 48.5679], [-1.9748, 48.569], [-1.9758, 48.5699], [-1.9778, 48.5712], [-1.9785, 48.5715], [-1.9801, 48.5715], [-1.9808, 48.5718], [-1.9814, 48.5721], [-1.9817, 48.5725], [-1.982, 48.5734], [-1.982, 48.574], [-1.9818, 48.5749], [-1.9819, 48.5755], [-1.9824, 48.576], [-1.9828, 48.5763], [-1.983, 48.5767], [-1.983, 48.5775], [-1.9834, 48.578], [-1.9841, 48.5786], [-1.9844, 48.5794], [-1.9848, 48.5809], [-1.9853, 48.5818], [-1.9864, 48.5831], [-1.9867, 48.5833], [-1.987, 48.5839], [-1.987, 48.5845], [-1.9867, 48.5849], [-1.9861, 48.5851], [-1.9843, 48.5852], [-1.9833, 48.5856], [-1.9826, 48.5859], [-1.9819, 48.5862], [-1.9813, 48.5862], [-1.9801, 48.5857], [-1.979, 48.5854], [-1.9776, 48.5847], [-1.9767, 48.5841], [-1.9761, 48.5833], [-1.9758, 48.5829], [-1.9754, 48.5827], [-1.9743, 48.5828], [-1.9737, 48.583], [-1.9727, 48.583], [-1.972, 48.5828], [-1.971, 48.5822], [-1.9707, 48.582], [-1.9689, 48.5808], [-1.9683, 48.5803], [-1.967, 48.5796], [-1.9665, 48.5794], [-1.9654, 48.5787], [-1.9644, 48.5779], [-1.963, 48.5769], [-1.9618, 48.5763], [-1.9613, 48.5759], [-1.9612, 48.5754], [-1.9611, 48.5753], [-1.9607, 48.5753], [-1.9598, 48.576], [-1.9592, 48.5762], [-1.9572, 48.5763], [-1.9561, 48.5764], [-1.9553, 48.5764], [-1.9547, 48.5765], [-1.9544, 48.5767], [-1.9541, 48.5778], [-1.9542, 48.579], [-1.9547, 48.5795], [-1.9555, 48.5799], [-1.9563, 48.58], [-1.9571, 48.58], [-1.9585, 48.5805], [-1.9598, 48.5808], [-1.9608, 48.5812], [-1.9615, 48.5814], [-1.962, 48.5817], [-1.9625, 48.5823], [-1.9631, 48.5828], [-1.9657, 48.5843], [-1.9661, 48.5848], [-1.9661, 48.5853], [-1.9658, 48.5858], [-1.965, 48.5862], [-1.9637, 48.5866], [-1.962, 48.5872], [-1.9612, 48.5878], [-1.9607, 48.5885], [-1.9605, 48.5896], [-1.9608, 48.5905], [-1.9611, 48.591], [-1.9614, 48.5922], [-1.9618, 48.5925], [-1.9621, 48.5926], [-1.9629, 48.5929], [-1.9645, 48.5929], [-1.9662, 48.5927], [-1.9678, 48.5921], [-1.9694, 48.5914], [-1.9705, 48.5906], [-1.9712, 48.5903], [-1.9724, 48.5896], [-1.973, 48.5894], [-1.9736, 48.5894], [-1.9741, 48.5897], [-1.9747, 48.5907], [-1.9758, 48.5914], [-1.9771, 48.5927], [-1.978, 48.5932], [-1.9786, 48.5934], [-1.9808, 48.5934], [-1.9824, 48.5937], [-1.9836, 48.594], [-1.9855, 48.5942], [-1.987, 48.5942], [-1.9883, 48.5939], [-1.9891, 48.5936], [-1.9897, 48.5932], [-1.9902, 48.593], [-1.9909, 48.5931], [-1.9915, 48.5933], [-1.9919, 48.5938], [-1.992, 48.5944], [-1.9922, 48.5946], [-1.9927, 48.5946], [-1.9932, 48.5943], [-1.9936, 48.5935], [-1.994, 48.5931], [-1.9944, 48.5929], [-1.9957, 48.5914], [-1.9963, 48.5908], [-1.9971, 48.5904], [-1.9977, 48.5904], [-1.9983, 48.5907], [-1.9998, 48.5924], [-2.0016, 48.5937], [-2.0017, 48.594], [-2.0016, 48.5946], [-2.0011, 48.5951], [-2.0007, 48.5954], [-2.0006, 48.5958], [-2.0006, 48.5965], [-2.0009, 48.5972], [-2.001, 48.598], [-2.0008, 48.5984], [-1.9998, 48.599], [-1.9997, 48.599], [-1.9993, 48.5995], [-1.999, 48.5999], [-1.997, 48.6017], [-1.9968, 48.6021], [-1.9969, 48.6025], [-1.997, 48.6037], [-1.998, 48.6032], [-1.9988, 48.6032], [-1.9998, 48.603], [-2.0002, 48.6028], [-2.0003, 48.6024], [-2.0002, 48.6017], [-2.0003, 48.6013], [-2.0017, 48.6], [-2.0028, 48.6002], [-2.0034, 48.6005], [-2.0039, 48.6011], [-2.0045, 48.6013], [-2.0051, 48.6013], [-2.0054, 48.6011], [-2.0061, 48.6003], [-2.0062, 48.5999], [-2.0062, 48.5994], [-2.0066, 48.5991], [-2.0072, 48.5992], [-2.0084, 48.5995], [-2.0089, 48.5994], [-2.0095, 48.5991], [-2.0098, 48.5986], [-2.0099, 48.5983], [-2.0102, 48.5981], [-2.0112, 48.5981], [-2.0119, 48.5983], [-2.0128, 48.5986], [-2.0135, 48.599], [-2.0135, 48.5993], [-2.0133, 48.5995], [-2.0123, 48.5999], [-2.0113, 48.6003], [-2.0106, 48.6005], [-2.0102, 48.6008], [-2.01, 48.6013], [-2.0102, 48.6017], [-2.0106, 48.602], [-2.0113, 48.6022], [-2.0116, 48.6025], [-2.0121, 48.603], [-2.0121, 48.6036], [-2.0116, 48.6043], [-2.011, 48.6047], [-2.01, 48.6051], [-2.0098, 48.6053], [-2.0096, 48.6064], [-2.0094, 48.607], [-2.0087, 48.6074], [-2.0087, 48.6078], [-2.0085, 48.608], [-2.0076, 48.6082], [-2.0074, 48.6085], [-2.0074, 48.6088], [-2.0071, 48.609], [-2.0061, 48.6089], [-2.0055, 48.6089], [-2.0047, 48.6096], [-2.004, 48.6105], [-2.0037, 48.6112], [-2.0037, 48.612], [-2.0034, 48.6127], [-2.0031, 48.6131], [-2.0026, 48.6138], [-2.0017, 48.6147], [-2.001, 48.6148], [-2.0009, 48.615], [-2.0012, 48.6152], [-2.0016, 48.6152], [-2.0024, 48.6151], [-2.0035, 48.6148], [-2.005, 48.614], [-2.0065, 48.6135], [-2.0074, 48.613], [-2.0076, 48.6129], [-2.0088, 48.6129], [-2.01, 48.6131], [-2.011, 48.6134], [-2.0116, 48.6134], [-2.0121, 48.6131], [-2.0127, 48.6131], [-2.0137, 48.6132], [-2.0146, 48.6136], [-2.0151, 48.614], [-2.0154, 48.6145], [-2.0153, 48.6152], [-2.0156, 48.6157], [-2.0167, 48.6168], [-2.0179, 48.6176], [-2.0184, 48.6183], [-2.0185, 48.619], [-2.0185, 48.6198], [-2.0183, 48.6201], [-2.0181, 48.6202], [-2.0177, 48.6202], [-2.0172, 48.6198], [-2.0166, 48.6198], [-2.0162, 48.6205], [-2.0161, 48.6207], [-2.0156, 48.6213], [-2.0154, 48.6219], [-2.0147, 48.6225], [-2.0136, 48.623], [-2.0131, 48.6235], [-2.0128, 48.6242], [-2.0127, 48.625], [-2.0129, 48.6253], [-2.0133, 48.6257], [-2.0134, 48.6262], [-2.0134, 48.6267], [-2.0136, 48.627], [-2.0159, 48.6281], [-2.0165, 48.6279], [-2.0169, 48.6278], [-2.0176, 48.6278], [-2.018, 48.628], [-2.0182, 48.6284], [-2.0182, 48.6288], [-2.0187, 48.6291], [-2.0193, 48.6294], [-2.0195, 48.6297], [-2.0193, 48.6309], [-2.0196, 48.6313], [-2.0202, 48.6317], [-2.0208, 48.6316], [-2.0213, 48.6315], [-2.0218, 48.6315], [-2.0223, 48.6318], [-2.0227, 48.6324], [-2.0226, 48.6327], [-2.0215, 48.6327], [-2.0211, 48.6329], [-2.021, 48.6331], [-2.021, 48.6336], [-2.0216, 48.6341], [-2.0225, 48.6347], [-2.023, 48.6348], [-2.0241, 48.6347], [-2.025, 48.6341], [-2.0252, 48.6341], [-2.0258, 48.6341], [-2.026, 48.6342], [-2.026, 48.6346], [-2.0263, 48.6348], [-2.0277, 48.6347], [-2.0288, 48.6342], [-2.0299, 48.6341], [-2.0305, 48.634], [-2.031, 48.6343], [-2.0311, 48.6346], [-2.0305, 48.6357], [-2.0305, 48.6364], [-2.0309, 48.6372], [-2.0309, 48.6376], [-2.0306, 48.638], [-2.0301, 48.6381], [-2.0291, 48.6382], [-2.0287, 48.6384], [-2.0286, 48.6388], [-2.0281, 48.6389], [-2.0274, 48.6386], [-2.0261, 48.6379], [-2.0249, 48.6374], [-2.0241, 48.6375], [-2.0226, 48.638], [-2.0215, 48.6387], [-2.0203, 48.6399], [-2.0202, 48.6402], [-2.0203, 48.6404], [-2.0212, 48.6406], [-2.0215, 48.6407], [-2.0233, 48.641], [-2.0239, 48.6411], [-2.0248, 48.6416], [-2.0253, 48.642], [-2.0253, 48.6422], [-2.0246, 48.6427], [-2.0243, 48.6431], [-2.0244, 48.6435], [-2.0248, 48.6441], [-2.0248, 48.6441], [-2.0248, 48.6443], [-2.0239, 48.6447], [-2.0238, 48.645], [-2.0239, 48.6455], [-2.0241, 48.6457], [-2.0252, 48.6455], [-2.0256, 48.6456], [-2.0263, 48.6455], [-2.0268, 48.6454], [-2.0275, 48.6454], [-2.028, 48.6457], [-2.0285, 48.6461], [-2.029, 48.6469], [-2.0289, 48.6479], [-2.0287, 48.6486], [-2.0283, 48.6491], [-2.0283, 48.6495], [-2.0286, 48.6501], [-2.0286, 48.6503], [-2.0282, 48.6506], [-2.0271, 48.6507], [-2.0264, 48.6514], [-2.026, 48.6515], [-2.0231, 48.6517], [-2.0227, 48.6518], [-2.022, 48.6518], [-2.0211, 48.6518], [-2.019, 48.6521], [-2.0156, 48.6524], [-2.0139, 48.6528], [-2.0095, 48.6541], [-2.0072, 48.655], [-2.0022, 48.6572], [-2.0002, 48.658], [-1.9988, 48.6586], [-1.9977, 48.6591], [-1.9969, 48.6595], [-1.9952, 48.6601], [-1.9936, 48.6612], [-1.9923, 48.6621], [-1.9912, 48.6628], [-1.9893, 48.6638], [-1.9889, 48.6642], [-1.9888, 48.6646], [-1.9892, 48.6654], [-1.9895, 48.6657], [-1.9894, 48.6661], [-1.989, 48.6664], [-1.9881, 48.6669], [-1.9874, 48.6671], [-1.9865, 48.6677], [-1.9858, 48.6687], [-1.9847, 48.6697], [-1.9833, 48.6715], [-1.9831, 48.6721], [-1.9823, 48.6729], [-1.9819, 48.6738], [-1.9818, 48.675], [-1.982, 48.6757], [-1.9826, 48.6769], [-1.983, 48.6771], [-1.9835, 48.677], [-1.9843, 48.6767], [-1.9855, 48.6766], [-1.9862, 48.6766], [-1.9868, 48.6768], [-1.9872, 48.677], [-1.9872, 48.6774], [-1.987, 48.6776], [-1.9864, 48.6778], [-1.9863, 48.678], [-1.9865, 48.6783], [-1.9876, 48.6789], [-1.9882, 48.6796], [-1.9891, 48.6802], [-1.9896, 48.6808], [-1.99, 48.6818], [-1.9906, 48.6822], [-1.9907, 48.6827], [-1.9904, 48.6832], [-1.9885, 48.6841], [-1.9879, 48.6841], [-1.9875, 48.6838], [-1.9874, 48.6833], [-1.9876, 48.6829], [-1.9874, 48.6825], [-1.9869, 48.6819], [-1.9868, 48.6815], [-1.9865, 48.6813], [-1.986, 48.6812], [-1.985, 48.6813], [-1.9845, 48.6815], [-1.9839, 48.6821], [-1.9836, 48.6823], [-1.9825, 48.6822], [-1.982, 48.6819], [-1.9817, 48.6816], [-1.9814, 48.6816], [-1.9811, 48.6816], [-1.9809, 48.682], [-1.9808, 48.6822], [-1.9805, 48.6824], [-1.9799, 48.6823], [-1.9795, 48.6822], [-1.9791, 48.6823], [-1.9789, 48.6826], [-1.9789, 48.6831], [-1.9782, 48.6834], [-1.9781, 48.6836], [-1.9785, 48.6841], [-1.9785, 48.6843], [-1.978, 48.6845], [-1.9772, 48.6846], [-1.9766, 48.6843], [-1.9759, 48.6834], [-1.9753, 48.6831], [-1.9746, 48.683], [-1.9732, 48.6831], [-1.9723, 48.6834], [-1.9713, 48.6839], [-1.9709, 48.6843], [-1.9707, 48.685], [-1.9707, 48.6855], [-1.9704, 48.6861], [-1.9698, 48.6863], [-1.9684, 48.6864], [-1.9678, 48.6868], [-1.9665, 48.6869], [-1.9658, 48.6872], [-1.9646, 48.6872], [-1.9631, 48.687], [-1.9626, 48.6868], [-1.9623, 48.6862], [-1.9622, 48.6857], [-1.9632, 48.6849], [-1.9637, 48.6844], [-1.9638, 48.6837], [-1.9636, 48.683], [-1.963, 48.6819], [-1.9626, 48.6817], [-1.9619, 48.6814], [-1.9614, 48.6809], [-1.9614, 48.6808], [-1.9611, 48.6808], [-1.9606, 48.6806], [-1.9592, 48.6805], [-1.9578, 48.6806], [-1.9563, 48.6808], [-1.955, 48.6811], [-1.9545, 48.6815], [-1.9544, 48.6818], [-1.9545, 48.6826], [-1.9542, 48.6828], [-1.9535, 48.6827], [-1.953, 48.6826], [-1.9526, 48.6827], [-1.9521, 48.683], [-1.9519, 48.6832], [-1.9517, 48.6833], [-1.9513, 48.6833], [-1.9507, 48.6827], [-1.9503, 48.6826], [-1.9484, 48.6827], [-1.947, 48.683], [-1.9463, 48.6835], [-1.9452, 48.6846], [-1.9447, 48.6849], [-1.9427, 48.6853], [-1.941, 48.6853], [-1.9402, 48.6851], [-1.939, 48.6845], [-1.9381, 48.684], [-1.9376, 48.684], [-1.9373, 48.6842], [-1.9373, 48.6845], [-1.938, 48.6852], [-1.9397, 48.6861], [-1.9401, 48.6865], [-1.9402, 48.687], [-1.9406, 48.6871], [-1.9409, 48.687], [-1.942, 48.6866], [-1.9428, 48.6865], [-1.9446, 48.6865], [-1.9453, 48.6867], [-1.9458, 48.6871], [-1.9463, 48.6878], [-1.9468, 48.6893], [-1.9474, 48.6899], [-1.9479, 48.6901], [-1.949, 48.6903], [-1.9498, 48.6904], [-1.9507, 48.6907], [-1.9514, 48.6907], [-1.9523, 48.6906], [-1.9528, 48.6904], [-1.9536, 48.6897], [-1.954, 48.6891], [-1.9538, 48.688], [-1.9544, 48.6876], [-1.9551, 48.6876], [-1.9552, 48.6877], [-1.9556, 48.6876], [-1.9561, 48.6873], [-1.9564, 48.6873], [-1.9573, 48.6878], [-1.9583, 48.6879], [-1.959, 48.6882], [-1.9593, 48.6885], [-1.9594, 48.689], [-1.9594, 48.6906], [-1.959, 48.6911], [-1.9569, 48.6918], [-1.9559, 48.6925], [-1.9552, 48.6928], [-1.9544, 48.6928], [-1.9542, 48.6927], [-1.9539, 48.6922], [-1.9536, 48.6921], [-1.9512, 48.6918], [-1.949, 48.6916], [-1.947, 48.6917], [-1.9452, 48.6919], [-1.9424, 48.6925], [-1.9401, 48.6933], [-1.9385, 48.6941], [-1.9381, 48.6945], [-1.9378, 48.6957], [-1.9382, 48.6972], [-1.938, 48.6979], [-1.9374, 48.699], [-1.9374, 48.6998], [-1.9376, 48.7004], [-1.9375, 48.7009], [-1.9372, 48.7013], [-1.9371, 48.7023], [-1.9369, 48.7025], [-1.9365, 48.7026], [-1.9358, 48.7026], [-1.9353, 48.7023], [-1.9349, 48.7019], [-1.9343, 48.7017], [-1.9338, 48.7016], [-1.9332, 48.7013], [-1.9328, 48.701], [-1.9325, 48.6997], [-1.932, 48.6992], [-1.9319, 48.6984], [-1.932, 48.698], [-1.9322, 48.6978], [-1.9332, 48.6973], [-1.9335, 48.697], [-1.9334, 48.6961], [-1.933, 48.6959], [-1.9325, 48.6958], [-1.9323, 48.6955], [-1.9323, 48.6952], [-1.9328, 48.6945], [-1.9327, 48.6941], [-1.9318, 48.6936], [-1.9301, 48.6931], [-1.9282, 48.6925], [-1.9276, 48.6925], [-1.9269, 48.6925], [-1.9264, 48.6927], [-1.9257, 48.6927], [-1.925, 48.6925], [-1.9245, 48.6921], [-1.9241, 48.6921], [-1.923, 48.6922], [-1.9217, 48.6925], [-1.921, 48.6928], [-1.9206, 48.6933], [-1.9203, 48.6937], [-1.9197, 48.6941], [-1.9196, 48.6943], [-1.9196, 48.695], [-1.9193, 48.6954], [-1.9191, 48.6954], [-1.9182, 48.6954], [-1.9179, 48.6958], [-1.9174, 48.6958], [-1.9169, 48.6954], [-1.9166, 48.695], [-1.9161, 48.6946], [-1.9157, 48.6941], [-1.9154, 48.693], [-1.9151, 48.6926], [-1.9141, 48.6921], [-1.913, 48.6913], [-1.9126, 48.6911], [-1.91, 48.6909], [-1.9076, 48.691], [-1.9058, 48.6905], [-1.9049, 48.69], [-1.9047, 48.69], [-1.9042, 48.69], [-1.9031, 48.6907], [-1.9016, 48.6912], [-1.8991, 48.6917], [-1.8974, 48.6924], [-1.8957, 48.6933], [-1.8945, 48.6942], [-1.8925, 48.6963], [-1.8924, 48.6969], [-1.8921, 48.6971], [-1.8912, 48.6972], [-1.8906, 48.6977], [-1.8905, 48.6979], [-1.8907, 48.6987], [-1.8905, 48.6989], [-1.89, 48.6991], [-1.8881, 48.6991], [-1.8872, 48.6989], [-1.8866, 48.6985], [-1.8854, 48.6972], [-1.8852, 48.697], [-1.885, 48.6968], [-1.8849, 48.6966], [-1.8842, 48.6967], [-1.8837, 48.697], [-1.8832, 48.6977], [-1.8828, 48.6979], [-1.882, 48.6978], [-1.8811, 48.6984], [-1.8807, 48.6985], [-1.8805, 48.6982], [-1.8804, 48.6979], [-1.8797, 48.6976], [-1.8796, 48.6974], [-1.8798, 48.6967], [-1.8797, 48.6961], [-1.8798, 48.6957], [-1.8797, 48.6955], [-1.8791, 48.6953], [-1.8781, 48.6951], [-1.8767, 48.6951], [-1.8752, 48.6949], [-1.8746, 48.6949], [-1.8741, 48.6953], [-1.8735, 48.6962], [-1.873, 48.6966], [-1.8702, 48.698], [-1.8698, 48.6984], [-1.8693, 48.6996], [-1.8694, 48.7006], [-1.8694, 48.7008], [-1.8691, 48.7009], [-1.8682, 48.7009], [-1.8666, 48.7005], [-1.8652, 48.7006], [-1.8648, 48.7003], [-1.864, 48.6996], [-1.8635, 48.6994], [-1.8629, 48.6995], [-1.8621, 48.6999], [-1.8613, 48.7005], [-1.8606, 48.7014], [-1.86, 48.7019], [-1.8593, 48.7022], [-1.8583, 48.7031], [-1.8568, 48.7039], [-1.8563, 48.7045], [-1.856, 48.7052], [-1.8561, 48.706], [-1.8562, 48.7063], [-1.8559, 48.7064], [-1.8552, 48.7065], [-1.8545, 48.7062], [-1.854, 48.706], [-1.8533, 48.7059], [-1.8523, 48.7059], [-1.8515, 48.7062], [-1.8488, 48.7078], [-1.847, 48.7085], [-1.846, 48.7091], [-1.8455, 48.7097], [-1.8451, 48.7108], [-1.8451, 48.7117], [-1.8447, 48.7122], [-1.8443, 48.7124], [-1.8439, 48.7123], [-1.8436, 48.7121], [-1.8436, 48.7115], [-1.8439, 48.7109], [-1.8436, 48.7097], [-1.8432, 48.7094], [-1.8429, 48.7092], [-1.8429, 48.7087], [-1.8433, 48.7083], [-1.844, 48.7077], [-1.8443, 48.7073], [-1.8442, 48.7068], [-1.8446, 48.7064], [-1.845, 48.7061], [-1.8452, 48.7055], [-1.8451, 48.7044], [-1.8448, 48.7038], [-1.844, 48.7032], [-1.8435, 48.7029], [-1.8434, 48.7025], [-1.8438, 48.7023], [-1.8444, 48.7023], [-1.8449, 48.7024], [-1.8457, 48.7023], [-1.8459, 48.7022], [-1.8465, 48.7023], [-1.8471, 48.7024], [-1.8483, 48.7024], [-1.8489, 48.7021], [-1.8493, 48.7016], [-1.8495, 48.7008], [-1.85, 48.7], [-1.8501, 48.6994], [-1.8497, 48.6987], [-1.8487, 48.6977], [-1.848, 48.6974], [-1.8466, 48.6973], [-1.8461, 48.6972], [-1.8461, 48.6971], [-1.8451, 48.6967], [-1.845, 48.6964], [-1.8453, 48.6959], [-1.8454, 48.6958], [-1.8464, 48.6959], [-1.847, 48.6956], [-1.8474, 48.6954], [-1.8483, 48.6953], [-1.8486, 48.6951], [-1.8486, 48.6943], [-1.8476, 48.6931], [-1.8474, 48.6927], [-1.8467, 48.6921], [-1.8465, 48.6917], [-1.8465, 48.6911], [-1.847, 48.6901], [-1.8469, 48.6897], [-1.8466, 48.6895], [-1.8453, 48.6892], [-1.8441, 48.6888], [-1.8433, 48.6887], [-1.8422, 48.6886], [-1.8415, 48.6884], [-1.841, 48.688], [-1.8407, 48.6875], [-1.8408, 48.687], [-1.8413, 48.6863], [-1.8418, 48.6857], [-1.8419, 48.6852], [-1.8416, 48.6848], [-1.8404, 48.684], [-1.8402, 48.6836], [-1.8397, 48.6827], [-1.8392, 48.6822], [-1.8384, 48.6818], [-1.8364, 48.6812], [-1.8359, 48.6808], [-1.8358, 48.6803], [-1.8361, 48.6799], [-1.8371, 48.6792], [-1.8381, 48.6789], [-1.8387, 48.6787], [-1.8397, 48.6786], [-1.8408, 48.6779], [-1.8423, 48.6778], [-1.8427, 48.6776], [-1.8448, 48.677], [-1.8456, 48.6767], [-1.8465, 48.6757], [-1.8471, 48.6752], [-1.8476, 48.6748], [-1.8476, 48.6742], [-1.8476, 48.6736], [-1.8479, 48.6732], [-1.8485, 48.673], [-1.8493, 48.673], [-1.8499, 48.6728], [-1.8504, 48.6721], [-1.8509, 48.6709], [-1.8514, 48.6706], [-1.852, 48.6704], [-1.8524, 48.6704], [-1.8532, 48.6706], [-1.8541, 48.6706], [-1.8554, 48.6702], [-1.8562, 48.6697], [-1.8564, 48.6695], [-1.8572, 48.6691], [-1.8586, 48.6685], [-1.8606, 48.6683], [-1.8617, 48.6679], [-1.8627, 48.6673], [-1.8633, 48.6666], [-1.8639, 48.6655], [-1.8641, 48.6648], [-1.8639, 48.664], [-1.8645, 48.663], [-1.8646, 48.6625], [-1.864, 48.6613], [-1.8633, 48.6594], [-1.8632, 48.659], [-1.8632, 48.6585], [-1.8635, 48.6581], [-1.8642, 48.6575], [-1.8645, 48.6571], [-1.8648, 48.656], [-1.8647, 48.6555], [-1.8641, 48.6551], [-1.8642, 48.6549], [-1.8662, 48.654], [-1.8676, 48.6531], [-1.8688, 48.652], [-1.8691, 48.6514], [-1.8691, 48.6505], [-1.8688, 48.6497], [-1.8685, 48.6492], [-1.8684, 48.6488], [-1.8689, 48.6484], [-1.8708, 48.6478], [-1.8717, 48.6474], [-1.872, 48.6471], [-1.8721, 48.6466], [-1.8721, 48.6457], [-1.8718, 48.6451], [-1.8713, 48.6448], [-1.8706, 48.6443], [-1.87, 48.6435], [-1.8699, 48.643], [-1.8699, 48.6423], [-1.8692, 48.6415], [-1.869, 48.6408], [-1.869, 48.6392], [-1.8687, 48.6381], [-1.8682, 48.6373], [-1.8679, 48.6371], [-1.8666, 48.6353], [-1.8649, 48.633], [-1.8641, 48.6319], [-1.8629, 48.6303], [-1.8622, 48.6295], [-1.8602, 48.6274], [-1.8598, 48.627], [-1.8585, 48.6259], [-1.8571, 48.6246], [-1.857, 48.6246], [-1.8554, 48.6232], [-1.853, 48.6214], [-1.8513, 48.6204], [-1.8501, 48.6199], [-1.8487, 48.6194], [-1.8476, 48.6188], [-1.8474, 48.6184], [-1.8473, 48.6176], [-1.8467, 48.6172], [-1.8459, 48.6168], [-1.8453, 48.6164], [-1.8451, 48.6164], [-1.8442, 48.6157], [-1.8426, 48.6148], [-1.8414, 48.6143], [-1.8405, 48.6141], [-1.8379, 48.6137], [-1.8308, 48.612], [-1.8259, 48.6108], [-1.8221, 48.61], [-1.82, 48.6097], [-1.8178, 48.6093], [-1.814, 48.6088], [-1.8121, 48.6085], [-1.8095, 48.6081], [-1.8054, 48.6077], [-1.8042, 48.6075], [-1.8036, 48.6075], [-1.8011, 48.607], [-1.7978, 48.6068], [-1.7924, 48.6062], [-1.7912, 48.6061], [-1.7908, 48.606], [-1.791, 48.6038], [-1.7909, 48.6028], [-1.7904, 48.6021], [-1.7896, 48.6016], [-1.7893, 48.601], [-1.7891, 48.6004], [-1.7893, 48.5999], [-1.7891, 48.5995], [-1.789, 48.5991], [-1.7893, 48.5981], [-1.7894, 48.5968], [-1.7891, 48.5945], [-1.7886, 48.5931], [-1.7881, 48.5921], [-1.7878, 48.5914], [-1.7873, 48.5908], [-1.787, 48.5906], [-1.7863, 48.5898], [-1.7859, 48.5889], [-1.7855, 48.5886], [-1.7852, 48.588], [-1.7846, 48.5876], [-1.7843, 48.5868], [-1.7837, 48.5858], [-1.7833, 48.5855], [-1.7832, 48.5853], [-1.7838, 48.5839], [-1.7845, 48.5811], [-1.7848, 48.5802], [-1.785, 48.5801], [-1.7852, 48.5802], [-1.7856, 48.5802], [-1.7859, 48.5784], [-1.7857, 48.5778], [-1.7858, 48.5775], [-1.7857, 48.5757], [-1.786, 48.5754], [-1.7866, 48.5739], [-1.7869, 48.5736], [-1.7869, 48.5734], [-1.7867, 48.5734], [-1.7866, 48.5733], [-1.7887, 48.5724], [-1.7881, 48.572], [-1.788, 48.5718], [-1.79, 48.5716], [-1.7903, 48.5714], [-1.792, 48.5704], [-1.7921, 48.5702], [-1.7929, 48.5696], [-1.7936, 48.5693], [-1.7945, 48.5684], [-1.7947, 48.5684], [-1.7951, 48.5686], [-1.7969, 48.5699], [-1.7979, 48.5705], [-1.8002, 48.5714], [-1.8006, 48.5714], [-1.8024, 48.5699], [-1.8033, 48.5689], [-1.8036, 48.5686], [-1.8038, 48.5684], [-1.8044, 48.5679], [-1.8079, 48.5644], [-1.8081, 48.5643], [-1.8076, 48.5614], [-1.8075, 48.5608], [-1.8077, 48.5608], [-1.8082, 48.5611], [-1.8337, 48.5718], [-1.836, 48.5728], [-1.8399, 48.5744], [-1.8418, 48.5752], [-1.8422, 48.5753], [-1.8415, 48.5735], [-1.8413, 48.573], [-1.84, 48.5696], [-1.8391, 48.5674], [-1.8378, 48.5642], [-1.8483, 48.5629], [-1.8501, 48.5626], [-1.852, 48.5618], [-1.8529, 48.5613], [-1.8542, 48.5599], [-1.8545, 48.5599], [-1.8564, 48.5602], [-1.8572, 48.5601], [-1.8583, 48.56], [-1.8589, 48.5593], [-1.8596, 48.5582], [-1.8597, 48.5575], [-1.8595, 48.5568], [-1.8589, 48.5562], [-1.8577, 48.5556], [-1.8573, 48.555], [-1.857, 48.5542], [-1.8562, 48.5538], [-1.8549, 48.5534], [-1.8538, 48.5526], [-1.853, 48.5523], [-1.8523, 48.5517], [-1.8517, 48.5509], [-1.8511, 48.5505], [-1.8502, 48.55], [-1.8486, 48.5495], [-1.848, 48.5492], [-1.8469, 48.549], [-1.8463, 48.5489], [-1.8449, 48.5482], [-1.8444, 48.548], [-1.8442, 48.5476], [-1.8439, 48.5469], [-1.8437, 48.5466], [-1.8438, 48.5463], [-1.8442, 48.5458], [-1.844, 48.5454], [-1.8431, 48.545], [-1.8427, 48.5449], [-1.8424, 48.5444], [-1.841, 48.5412], [-1.8411, 48.5405], [-1.8407, 48.5398], [-1.8408, 48.5389], [-1.8405, 48.5385], [-1.8402, 48.5385], [-1.8398, 48.5386], [-1.8395, 48.5387], [-1.8392, 48.5387], [-1.8381, 48.538], [-1.8375, 48.5381], [-1.8353, 48.5373], [-1.8346, 48.5373], [-1.8337, 48.5369], [-1.833, 48.5368], [-1.8321, 48.5361], [-1.8305, 48.536], [-1.8298, 48.5358], [-1.8287, 48.5351], [-1.828, 48.5349], [-1.8278, 48.5346], [-1.8275, 48.5338], [-1.827, 48.5334], [-1.8266, 48.532], [-1.8251, 48.5307], [-1.8246, 48.5299], [-1.8242, 48.5293], [-1.8238, 48.5285], [-1.8232, 48.5279], [-1.8225, 48.5275], [-1.8221, 48.5269], [-1.822, 48.5266], [-1.8214, 48.526], [-1.8211, 48.5256], [-1.8205, 48.5252], [-1.8198, 48.5251], [-1.8193, 48.5251], [-1.8188, 48.5248], [-1.8188, 48.5243], [-1.8191, 48.5236], [-1.8189, 48.523], [-1.8186, 48.5224], [-1.8186, 48.5219], [-1.8189, 48.5216], [-1.8192, 48.5215], [-1.82, 48.5215], [-1.8206, 48.5213], [-1.821, 48.5209], [-1.8212, 48.5202], [-1.8211, 48.5196], [-1.8206, 48.5191], [-1.8202, 48.5191], [-1.8162, 48.5197], [-1.815, 48.5197], [-1.8139, 48.5195], [-1.8128, 48.5196], [-1.8083, 48.5207], [-1.8073, 48.5209], [-1.8041, 48.521], [-1.8042, 48.5197], [-1.8047, 48.5186], [-1.8048, 48.518], [-1.8046, 48.5171], [-1.8047, 48.5163], [-1.8048, 48.5138], [-1.8044, 48.5137], [-1.8043, 48.5136], [-1.8047, 48.5099], [-1.8041, 48.5093], [-1.8039, 48.5088], [-1.8042, 48.5083], [-1.804, 48.5081], [-1.8041, 48.5078], [-1.8041, 48.5071], [-1.804, 48.5066], [-1.8039, 48.5062], [-1.8035, 48.5056], [-1.8034, 48.5055], [-1.8029, 48.5047], [-1.8027, 48.5035], [-1.8027, 48.5033], [-1.8013, 48.5032], [-1.8014, 48.503], [-1.8018, 48.5029], [-1.8022, 48.5025], [-1.8024, 48.502], [-1.8023, 48.5009], [-1.8026, 48.5008], [-1.8036, 48.5007], [-1.8045, 48.5006], [-1.8051, 48.5003], [-1.8061, 48.499], [-1.8059, 48.4977], [-1.8063, 48.4971], [-1.8068, 48.4967], [-1.8078, 48.496], [-1.8072, 48.4953], [-1.8069, 48.4949], [-1.8066, 48.4947], [-1.8065, 48.4944], [-1.8066, 48.4938], [-1.8068, 48.4925], [-1.8066, 48.4916], [-1.806, 48.4904], [-1.8056, 48.4901], [-1.8049, 48.4898], [-1.8044, 48.4898], [-1.8036, 48.4898], [-1.8031, 48.4896], [-1.8029, 48.4893], [-1.8021, 48.4888], [-1.8021, 48.4887], [-1.8022, 48.4884], [-1.802, 48.4883], [-1.8012, 48.4882], [-1.8008, 48.4877], [-1.8007, 48.4874], [-1.8002, 48.487], [-1.7997, 48.4859], [-1.7999, 48.4857], [-1.7998, 48.4853], [-1.7996, 48.485], [-1.7993, 48.4844], [-1.7984, 48.4839], [-1.7983, 48.4834], [-1.7982, 48.4828], [-1.7975, 48.4817], [-1.7975, 48.481], [-1.7978, 48.4806], [-1.7974, 48.4802], [-1.7965, 48.4795], [-1.7963, 48.4795], [-1.7945, 48.4796], [-1.7943, 48.4795], [-1.7945, 48.4791], [-1.7944, 48.479], [-1.7937, 48.4789], [-1.7935, 48.4787], [-1.793, 48.4784], [-1.7926, 48.478], [-1.7923, 48.4779], [-1.7919, 48.4773], [-1.7917, 48.4766], [-1.7891, 48.4766], [-1.7883, 48.4765], [-1.7876, 48.4766], [-1.7861, 48.477], [-1.7855, 48.477], [-1.785, 48.4768], [-1.7842, 48.4769], [-1.7821, 48.4776], [-1.781, 48.4783], [-1.7805, 48.4785], [-1.7796, 48.4785], [-1.7793, 48.4784], [-1.7786, 48.4784], [-1.7777, 48.4787], [-1.7763, 48.4788], [-1.776, 48.479], [-1.7755, 48.4796], [-1.7746, 48.4804], [-1.7736, 48.4813], [-1.7725, 48.4817], [-1.7721, 48.482], [-1.7708, 48.4824], [-1.7686, 48.4825], [-1.7665, 48.483], [-1.7655, 48.4832], [-1.7653, 48.4833], [-1.7651, 48.4833], [-1.7647, 48.4831], [-1.7644, 48.483], [-1.764, 48.4828], [-1.7636, 48.4828], [-1.7633, 48.4831], [-1.7631, 48.4834], [-1.7631, 48.4838], [-1.7629, 48.4839], [-1.7621, 48.4838], [-1.7615, 48.4838], [-1.761, 48.4839], [-1.7604, 48.484], [-1.7595, 48.4843], [-1.7588, 48.4843], [-1.7584, 48.4843], [-1.7579, 48.4843], [-1.7573, 48.4847], [-1.7569, 48.4848], [-1.7565, 48.4851], [-1.7554, 48.4855], [-1.7552, 48.4858], [-1.7545, 48.4861], [-1.7538, 48.4861], [-1.7522, 48.4855], [-1.7518, 48.4855], [-1.7514, 48.4859], [-1.7509, 48.4858], [-1.7508, 48.4857], [-1.7506, 48.4858], [-1.7496, 48.4866], [-1.7494, 48.4869], [-1.7485, 48.4871], [-1.748, 48.4873], [-1.7468, 48.4875], [-1.7456, 48.4877], [-1.7451, 48.4879], [-1.7447, 48.4883], [-1.7439, 48.4884], [-1.7434, 48.4889], [-1.7431, 48.4893], [-1.743, 48.4896], [-1.7423, 48.4898], [-1.7416, 48.4899], [-1.7414, 48.4898], [-1.7398, 48.4899], [-1.7386, 48.4902], [-1.7376, 48.4901], [-1.7369, 48.4908], [-1.7359, 48.4921], [-1.7356, 48.4924], [-1.7355, 48.4925], [-1.7348, 48.4931], [-1.7342, 48.4932], [-1.7336, 48.4931], [-1.7333, 48.493], [-1.732, 48.493], [-1.7296, 48.4926], [-1.729, 48.4923], [-1.7286, 48.492], [-1.7284, 48.4903], [-1.728, 48.489], [-1.7279, 48.4883], [-1.7274, 48.4879], [-1.7265, 48.4873], [-1.7261, 48.4867], [-1.726, 48.4864], [-1.7251, 48.4854], [-1.7243, 48.4825], [-1.7239, 48.4819], [-1.7235, 48.4815], [-1.7229, 48.4814], [-1.7226, 48.4813], [-1.7224, 48.479], [-1.7221, 48.4783], [-1.7215, 48.4779], [-1.7208, 48.4776], [-1.7204, 48.477], [-1.7201, 48.4763], [-1.7192, 48.4746], [-1.7183, 48.4733], [-1.7182, 48.4726], [-1.718, 48.4724], [-1.7165, 48.4723], [-1.7154, 48.4722], [-1.7144, 48.472], [-1.7119, 48.4711], [-1.7109, 48.4708], [-1.7104, 48.4704], [-1.7096, 48.4695], [-1.7093, 48.469], [-1.7094, 48.469], [-1.7093, 48.4679], [-1.7097, 48.4672], [-1.7102, 48.4667], [-1.711, 48.4661], [-1.7113, 48.4657], [-1.7113, 48.4648], [-1.7116, 48.4641], [-1.7115, 48.4636], [-1.7112, 48.463], [-1.7113, 48.4623], [-1.7116, 48.4617], [-1.7114, 48.4607], [-1.7117, 48.4601], [-1.7116, 48.46], [-1.7106, 48.4598], [-1.7097, 48.4596], [-1.709, 48.4595], [-1.708, 48.4592], [-1.7037, 48.4585], [-1.7037, 48.4585], [-1.7033, 48.4585], [-1.702, 48.4587], [-1.7011, 48.4589], [-1.7002, 48.4588], [-1.699, 48.459], [-1.6988, 48.4598], [-1.6984, 48.4608], [-1.6981, 48.4622], [-1.6977, 48.4625], [-1.6974, 48.4626], [-1.6968, 48.4631], [-1.6962, 48.4632], [-1.6948, 48.4634], [-1.6941, 48.4636], [-1.6937, 48.4633], [-1.6923, 48.4631], [-1.6914, 48.4629], [-1.6912, 48.4627], [-1.6908, 48.4625], [-1.6901, 48.4624], [-1.6897, 48.4621], [-1.6895, 48.4616], [-1.6894, 48.4604], [-1.689, 48.46], [-1.6884, 48.4595], [-1.6881, 48.4589], [-1.688, 48.4582], [-1.6876, 48.4578], [-1.6871, 48.4577], [-1.6857, 48.4577], [-1.685, 48.4575], [-1.6842, 48.457], [-1.6838, 48.4564], [-1.6836, 48.4557], [-1.6832, 48.4553], [-1.6818, 48.4546], [-1.6813, 48.4542], [-1.6811, 48.4542], [-1.6808, 48.4549], [-1.6805, 48.4549], [-1.6805, 48.4548], [-1.6799, 48.4547], [-1.6795, 48.4549], [-1.6781, 48.4557], [-1.6767, 48.4561], [-1.6759, 48.4563], [-1.6756, 48.4566], [-1.675, 48.4568], [-1.6748, 48.4571], [-1.6743, 48.4582], [-1.6729, 48.4585], [-1.671, 48.4587], [-1.6703, 48.4589], [-1.6702, 48.4592], [-1.67, 48.4595], [-1.6695, 48.4595], [-1.6698, 48.4601], [-1.6698, 48.4605], [-1.6693, 48.4611], [-1.6688, 48.4615], [-1.6678, 48.4619], [-1.6675, 48.4623], [-1.6673, 48.4627], [-1.6667, 48.4632], [-1.6659, 48.4634], [-1.6653, 48.4636], [-1.6642, 48.4644], [-1.6621, 48.4654], [-1.6612, 48.466], [-1.6611, 48.4663], [-1.6607, 48.4663], [-1.6607, 48.4668], [-1.6598, 48.4668], [-1.6592, 48.4668], [-1.6583, 48.4674], [-1.6581, 48.4678], [-1.6561, 48.4689], [-1.6557, 48.4691], [-1.6555, 48.4691], [-1.6554, 48.4686], [-1.6548, 48.4685], [-1.6538, 48.4686], [-1.6535, 48.4691], [-1.653, 48.4695], [-1.6529, 48.4697], [-1.6521, 48.4696], [-1.6511, 48.4695], [-1.6512, 48.4685], [-1.6512, 48.4681], [-1.6505, 48.4681], [-1.6503, 48.467], [-1.6508, 48.4669], [-1.6502, 48.4648], [-1.6499, 48.464], [-1.6488, 48.4637], [-1.6471, 48.4635], [-1.6468, 48.4635], [-1.6462, 48.4645], [-1.646, 48.4647], [-1.6453, 48.4659], [-1.6444, 48.4671], [-1.6444, 48.4672], [-1.6437, 48.4672], [-1.6431, 48.4677], [-1.6425, 48.4677], [-1.6419, 48.4679], [-1.6414, 48.4679], [-1.6403, 48.4675], [-1.6394, 48.4671], [-1.6388, 48.4666], [-1.6372, 48.4658], [-1.6365, 48.4653], [-1.6359, 48.465], [-1.6353, 48.4651], [-1.6346, 48.4656], [-1.6339, 48.4658], [-1.6331, 48.4658], [-1.6319, 48.4658], [-1.6314, 48.4661], [-1.6308, 48.4667], [-1.6305, 48.4672], [-1.6299, 48.4675], [-1.6298, 48.4678], [-1.6297, 48.4681], [-1.6291, 48.4691], [-1.6284, 48.4697], [-1.6282, 48.4696], [-1.6272, 48.4686], [-1.6257, 48.4683], [-1.6245, 48.4682], [-1.6232, 48.468], [-1.6226, 48.4677], [-1.6198, 48.4678], [-1.6192, 48.4676], [-1.6188, 48.4672], [-1.6176, 48.4665], [-1.6167, 48.4662], [-1.6172, 48.4622], [-1.6174, 48.4595], [-1.6175, 48.4591], [-1.6178, 48.4588], [-1.6179, 48.4583], [-1.6182, 48.4578], [-1.6195, 48.4552], [-1.6201, 48.4547], [-1.6204, 48.4546], [-1.6209, 48.4541], [-1.6218, 48.4526], [-1.622, 48.4519], [-1.6217, 48.4518], [-1.6223, 48.451], [-1.6223, 48.4506], [-1.6222, 48.45], [-1.6214, 48.4488], [-1.6212, 48.4485], [-1.6206, 48.4479], [-1.6206, 48.4478], [-1.6209, 48.4478], [-1.6216, 48.4476], [-1.6223, 48.447], [-1.6235, 48.4469], [-1.6241, 48.4467], [-1.6264, 48.4459], [-1.6299, 48.4456], [-1.6307, 48.4455], [-1.631, 48.4441], [-1.6309, 48.443], [-1.6308, 48.4418], [-1.6314, 48.4417], [-1.6314, 48.4413], [-1.6314, 48.4407], [-1.6306, 48.4407], [-1.6304, 48.4388], [-1.6324, 48.439], [-1.6334, 48.439], [-1.6339, 48.4389], [-1.6365, 48.4387], [-1.6367, 48.4385], [-1.6371, 48.4374], [-1.6376, 48.4368], [-1.6375, 48.4365], [-1.6381, 48.4363], [-1.6381, 48.4361], [-1.638, 48.4357], [-1.6377, 48.4351], [-1.6382, 48.4349], [-1.6382, 48.4339], [-1.6392, 48.4332], [-1.6401, 48.4324], [-1.6405, 48.4316], [-1.6407, 48.4304], [-1.6405, 48.4298], [-1.6401, 48.4293], [-1.6394, 48.4288], [-1.6389, 48.4282], [-1.639, 48.4278], [-1.6388, 48.4272], [-1.6385, 48.4269], [-1.6379, 48.4262], [-1.6377, 48.4254], [-1.6377, 48.4246], [-1.638, 48.424], [-1.6387, 48.4236], [-1.6395, 48.4234], [-1.6403, 48.4232], [-1.6407, 48.4229], [-1.6416, 48.4224], [-1.6433, 48.4222], [-1.6444, 48.4217], [-1.6451, 48.4217], [-1.6457, 48.4218], [-1.647, 48.4225], [-1.6478, 48.4225], [-1.6487, 48.4223], [-1.6495, 48.422], [-1.6498, 48.4216], [-1.6504, 48.4211], [-1.651, 48.4207], [-1.6513, 48.4205], [-1.6511, 48.4198], [-1.6507, 48.4188], [-1.6503, 48.4175], [-1.6502, 48.4161], [-1.6503, 48.4156], [-1.6499, 48.415], [-1.6498, 48.4143], [-1.6492, 48.4144], [-1.6485, 48.4142], [-1.647, 48.4134], [-1.6466, 48.413], [-1.6456, 48.4125], [-1.6453, 48.412], [-1.6453, 48.4114], [-1.6451, 48.411], [-1.6445, 48.4105], [-1.644, 48.4096], [-1.644, 48.4089], [-1.6437, 48.4082], [-1.6438, 48.4078], [-1.6437, 48.4077], [-1.6429, 48.4075], [-1.6427, 48.4073], [-1.6429, 48.4069], [-1.6429, 48.4066], [-1.6424, 48.4061], [-1.6418, 48.4058], [-1.6412, 48.4058], [-1.6411, 48.4058], [-1.6406, 48.4059], [-1.6406, 48.4058], [-1.6408, 48.4057], [-1.6426, 48.4055], [-1.643, 48.4052], [-1.6433, 48.4043], [-1.6437, 48.4038], [-1.6441, 48.4029], [-1.6446, 48.4021], [-1.645, 48.4018], [-1.6468, 48.4011], [-1.6473, 48.4009], [-1.649, 48.4005], [-1.6491, 48.4003], [-1.6494, 48.3998], [-1.65, 48.3991], [-1.65, 48.3979], [-1.6495, 48.3975], [-1.6491, 48.3972], [-1.6486, 48.3969], [-1.6482, 48.3958], [-1.6477, 48.3955], [-1.6474, 48.395], [-1.6473, 48.3943], [-1.6456, 48.3941], [-1.6444, 48.3941], [-1.643, 48.3933], [-1.642, 48.3925], [-1.6412, 48.392], [-1.6405, 48.3917], [-1.6394, 48.3901], [-1.6391, 48.3895], [-1.6384, 48.3875], [-1.6384, 48.3868], [-1.6386, 48.3865], [-1.6389, 48.3863], [-1.639, 48.3859], [-1.6393, 48.3856], [-1.6398, 48.3855], [-1.64, 48.3854], [-1.6402, 48.3848], [-1.6406, 48.3844], [-1.6409, 48.3839], [-1.6411, 48.3837], [-1.6413, 48.3831], [-1.6415, 48.3828], [-1.6422, 48.3814], [-1.6429, 48.3788], [-1.6431, 48.3785], [-1.6433, 48.3785], [-1.6446, 48.3785], [-1.6461, 48.3788], [-1.6472, 48.3787], [-1.6487, 48.3784], [-1.6497, 48.3783], [-1.6509, 48.3789], [-1.6513, 48.379], [-1.6517, 48.3784], [-1.6519, 48.3778], [-1.6518, 48.3756], [-1.6511, 48.3736], [-1.6506, 48.3723], [-1.6494, 48.3671], [-1.6494, 48.3665], [-1.6501, 48.3658], [-1.6523, 48.3641], [-1.6538, 48.3625], [-1.6549, 48.3609], [-1.6552, 48.3604], [-1.6559, 48.3598], [-1.6558, 48.3597], [-1.6541, 48.3589], [-1.6525, 48.3584], [-1.6502, 48.3581], [-1.6489, 48.358], [-1.6474, 48.3577], [-1.6443, 48.3577], [-1.6422, 48.3577], [-1.64, 48.3575], [-1.637, 48.3575], [-1.6362, 48.3577], [-1.6359, 48.3578], [-1.6342, 48.3579], [-1.6331, 48.3576], [-1.6322, 48.3572], [-1.6322, 48.3569], [-1.6303, 48.3562], [-1.6291, 48.3554], [-1.6285, 48.3548], [-1.6266, 48.354], [-1.626, 48.3539], [-1.6255, 48.354], [-1.6247, 48.3544], [-1.6239, 48.3545], [-1.6231, 48.3545], [-1.6213, 48.3552], [-1.6208, 48.3554], [-1.6202, 48.3555], [-1.6183, 48.3549], [-1.6169, 48.3547], [-1.6157, 48.3543], [-1.6147, 48.3541], [-1.6147, 48.3538], [-1.6148, 48.3537], [-1.6143, 48.3531], [-1.6137, 48.3523], [-1.613, 48.3521], [-1.6123, 48.3521], [-1.6117, 48.3522], [-1.6113, 48.3524], [-1.6108, 48.3523], [-1.6101, 48.3518], [-1.6101, 48.3516], [-1.6101, 48.3516], [-1.6097, 48.3521], [-1.6091, 48.3525], [-1.6088, 48.3525], [-1.608, 48.3523], [-1.6077, 48.3523], [-1.6073, 48.3529], [-1.6069, 48.3529], [-1.6062, 48.3526], [-1.6052, 48.3532], [-1.6042, 48.3536], [-1.6039, 48.3535], [-1.602, 48.3524], [-1.6015, 48.352], [-1.6005, 48.3514], [-1.5991, 48.3502], [-1.5987, 48.3502], [-1.5976, 48.3507], [-1.5948, 48.3521], [-1.5939, 48.3525], [-1.5917, 48.3537], [-1.5907, 48.3544], [-1.5898, 48.3544], [-1.589, 48.3547], [-1.5883, 48.3547], [-1.5868, 48.3544], [-1.5854, 48.3544], [-1.5845, 48.3541], [-1.5837, 48.3537], [-1.5828, 48.3535], [-1.5817, 48.3536], [-1.5807, 48.3539], [-1.5797, 48.3539], [-1.5772, 48.3534], [-1.5743, 48.3535], [-1.5739, 48.3521], [-1.5738, 48.352], [-1.5733, 48.3521], [-1.572, 48.3525], [-1.5698, 48.3528], [-1.5691, 48.3528], [-1.5686, 48.3527], [-1.5676, 48.3528], [-1.5672, 48.3529], [-1.5667, 48.3529], [-1.5651, 48.3524], [-1.5639, 48.3517], [-1.5628, 48.3515], [-1.5621, 48.3513], [-1.5614, 48.3507], [-1.5605, 48.3502], [-1.5601, 48.35], [-1.5597, 48.3497], [-1.5589, 48.3492], [-1.5584, 48.3487], [-1.5581, 48.3487], [-1.5565, 48.35], [-1.5559, 48.3506], [-1.5555, 48.3513], [-1.5546, 48.352], [-1.5542, 48.3521], [-1.5538, 48.3521], [-1.553, 48.3518], [-1.5521, 48.3516], [-1.5515, 48.3513], [-1.551, 48.3512], [-1.5507, 48.3512], [-1.5495, 48.3521], [-1.5488, 48.3523], [-1.5481, 48.3523], [-1.5473, 48.3517], [-1.5468, 48.3515], [-1.5465, 48.3511], [-1.5463, 48.3506], [-1.546, 48.3505], [-1.5454, 48.3505], [-1.545, 48.3508], [-1.5446, 48.3512], [-1.5431, 48.3518], [-1.5427, 48.3519], [-1.5414, 48.3519], [-1.5406, 48.3519], [-1.5405, 48.3522], [-1.5411, 48.3529], [-1.5422, 48.3538], [-1.5425, 48.3542], [-1.5431, 48.3545], [-1.5433, 48.3548], [-1.5435, 48.3553], [-1.5445, 48.3565], [-1.5446, 48.357], [-1.545, 48.3575], [-1.5448, 48.358], [-1.5449, 48.3583], [-1.5459, 48.3582], [-1.5462, 48.3584], [-1.5467, 48.359], [-1.5471, 48.3593], [-1.547, 48.36], [-1.5466, 48.361], [-1.5463, 48.361], [-1.5456, 48.3605], [-1.5453, 48.3601], [-1.5449, 48.3601], [-1.5434, 48.3609], [-1.5432, 48.3611], [-1.5424, 48.361], [-1.5403, 48.3607], [-1.54, 48.3607], [-1.5392, 48.3621], [-1.5392, 48.3629], [-1.5394, 48.3634], [-1.5396, 48.3645], [-1.5396, 48.3652], [-1.5389, 48.3653], [-1.5363, 48.3653], [-1.5355, 48.3652], [-1.5345, 48.3654], [-1.5335, 48.3659], [-1.5314, 48.3674], [-1.5308, 48.3681], [-1.5304, 48.3691], [-1.5303, 48.3696], [-1.5295, 48.3694], [-1.5288, 48.3692], [-1.5279, 48.3683], [-1.5273, 48.3679], [-1.5239, 48.3679], [-1.5232, 48.368], [-1.5229, 48.3683], [-1.5213, 48.3686], [-1.5206, 48.3689], [-1.5189, 48.3692], [-1.5182, 48.3696], [-1.5178, 48.3699], [-1.5176, 48.3705], [-1.5175, 48.3708], [-1.5161, 48.3704], [-1.5149, 48.3704], [-1.5121, 48.3708], [-1.5109, 48.3713], [-1.5091, 48.3717], [-1.5077, 48.3719], [-1.5077, 48.3721], [-1.5086, 48.3734], [-1.5099, 48.3747], [-1.5102, 48.3752], [-1.5085, 48.3758], [-1.5078, 48.3764], [-1.5078, 48.3765], [-1.5083, 48.3766], [-1.5085, 48.3769], [-1.5084, 48.3771], [-1.5073, 48.3773], [-1.5071, 48.3774], [-1.5069, 48.3779], [-1.5061, 48.3784], [-1.506, 48.3787], [-1.5064, 48.3794], [-1.5063, 48.3796], [-1.5062, 48.3796], [-1.506, 48.3796], [-1.5057, 48.3793], [-1.5041, 48.3785], [-1.5038, 48.3783], [-1.5036, 48.3773], [-1.5032, 48.3764], [-1.5033, 48.3757], [-1.5035, 48.3751], [-1.5034, 48.3748], [-1.5029, 48.3741], [-1.5029, 48.3737], [-1.5037, 48.3729], [-1.504, 48.3721], [-1.5041, 48.3708], [-1.504, 48.3704], [-1.5033, 48.3698], [-1.5027, 48.369], [-1.5025, 48.3682], [-1.5025, 48.3677], [-1.5027, 48.3674], [-1.5027, 48.3665], [-1.5037, 48.366], [-1.5038, 48.3658], [-1.5038, 48.3655], [-1.5034, 48.3652], [-1.5034, 48.3649], [-1.5037, 48.3645], [-1.5039, 48.3639], [-1.5045, 48.3636], [-1.5043, 48.3631], [-1.502, 48.3626], [-1.5014, 48.3624], [-1.5006, 48.3625], [-1.5, 48.3628], [-1.4996, 48.3633], [-1.4982, 48.3633], [-1.4975, 48.3636], [-1.4969, 48.3636], [-1.4961, 48.3634], [-1.4957, 48.3634], [-1.4948, 48.3637], [-1.4946, 48.3637], [-1.4943, 48.3634], [-1.492, 48.3634], [-1.4911, 48.3638], [-1.4895, 48.364], [-1.4887, 48.364], [-1.4882, 48.3638], [-1.4878, 48.3634], [-1.4878, 48.3632], [-1.4873, 48.3633], [-1.4875, 48.3639], [-1.487, 48.364], [-1.4865, 48.3639], [-1.4856, 48.3635], [-1.4856, 48.3634], [-1.4847, 48.3633], [-1.4844, 48.3631], [-1.4841, 48.3627], [-1.4834, 48.3632], [-1.4827, 48.3631], [-1.4823, 48.363], [-1.4821, 48.3625], [-1.4815, 48.3622], [-1.4802, 48.3623], [-1.4785, 48.3619], [-1.4783, 48.3611], [-1.4783, 48.3598], [-1.4782, 48.3594], [-1.4766, 48.3593], [-1.4759, 48.3591], [-1.4753, 48.3589], [-1.4751, 48.3587], [-1.4746, 48.3586], [-1.4731, 48.3586], [-1.4723, 48.3583], [-1.4722, 48.3582], [-1.4725, 48.3578], [-1.4724, 48.3573], [-1.4723, 48.3568], [-1.4723, 48.3564], [-1.4726, 48.356], [-1.473, 48.3558], [-1.473, 48.3554], [-1.4728, 48.3552], [-1.4726, 48.3549], [-1.4728, 48.3545], [-1.4735, 48.3539], [-1.4734, 48.3537], [-1.4728, 48.3533], [-1.472, 48.3532], [-1.4703, 48.3526], [-1.47, 48.3527], [-1.4696, 48.353], [-1.4693, 48.3531], [-1.4686, 48.353], [-1.4682, 48.3528], [-1.4682, 48.3526], [-1.4681, 48.3517], [-1.4678, 48.3507], [-1.4674, 48.3504], [-1.4666, 48.3495], [-1.4657, 48.3488], [-1.4651, 48.3486], [-1.464, 48.3487], [-1.4636, 48.3485], [-1.4626, 48.3479], [-1.4613, 48.3468], [-1.4608, 48.3462], [-1.4607, 48.3453], [-1.4605, 48.3446], [-1.4606, 48.344], [-1.4608, 48.3428], [-1.4615, 48.342], [-1.4621, 48.3415], [-1.4622, 48.3413], [-1.4628, 48.3409], [-1.4641, 48.3402], [-1.4647, 48.3395], [-1.4654, 48.3388], [-1.4658, 48.3385], [-1.4663, 48.3383], [-1.4665, 48.338], [-1.4666, 48.3369], [-1.4658, 48.3367], [-1.4658, 48.3365], [-1.4673, 48.335], [-1.4679, 48.3342], [-1.4689, 48.3331], [-1.4701, 48.3313], [-1.4722, 48.3313], [-1.4744, 48.3315], [-1.4746, 48.3304], [-1.4749, 48.3304], [-1.4752, 48.3308], [-1.4754, 48.3308], [-1.476, 48.3302], [-1.4767, 48.329], [-1.4774, 48.3289], [-1.4778, 48.3287], [-1.4781, 48.3278], [-1.4785, 48.3275], [-1.4802, 48.3275], [-1.4813, 48.3277], [-1.4815, 48.3276], [-1.4821, 48.3276], [-1.4828, 48.3272], [-1.4829, 48.3268], [-1.4829, 48.3262], [-1.4817, 48.3258], [-1.481, 48.3248], [-1.4804, 48.3243], [-1.4789, 48.3228], [-1.4787, 48.3227], [-1.4786, 48.3226], [-1.4783, 48.3225], [-1.478, 48.3224], [-1.477, 48.3224], [-1.476, 48.3221], [-1.475, 48.3218], [-1.474, 48.3214], [-1.4727, 48.3211], [-1.4719, 48.3208], [-1.4711, 48.3206], [-1.4702, 48.3202], [-1.4697, 48.3201], [-1.4691, 48.3202], [-1.4683, 48.3204], [-1.4678, 48.3208], [-1.4676, 48.3211], [-1.4671, 48.3213], [-1.4662, 48.3213], [-1.4653, 48.3211], [-1.4649, 48.3209], [-1.4639, 48.3208], [-1.4631, 48.3207], [-1.4619, 48.3205], [-1.459, 48.3206], [-1.4576, 48.3205], [-1.4569, 48.3203], [-1.4554, 48.3203], [-1.4533, 48.3197], [-1.4519, 48.3191], [-1.4515, 48.319], [-1.4503, 48.319], [-1.4485, 48.3187], [-1.4468, 48.318], [-1.4447, 48.3174], [-1.4437, 48.3172], [-1.4432, 48.317], [-1.4411, 48.3166], [-1.4405, 48.3163], [-1.4403, 48.3158], [-1.4399, 48.3148], [-1.4398, 48.3144], [-1.4393, 48.3141], [-1.4378, 48.3139], [-1.4357, 48.3138], [-1.4354, 48.314], [-1.4352, 48.3141], [-1.4336, 48.3143], [-1.4317, 48.3142], [-1.4313, 48.3135], [-1.431, 48.3132], [-1.4309, 48.3129], [-1.4312, 48.3126], [-1.431, 48.3122], [-1.43, 48.3118], [-1.4288, 48.3116], [-1.4282, 48.3115], [-1.4275, 48.3115], [-1.4267, 48.3114], [-1.4252, 48.3113], [-1.4242, 48.3111], [-1.4227, 48.311], [-1.4217, 48.3106], [-1.4204, 48.3106], [-1.4187, 48.3102], [-1.4179, 48.3101], [-1.4172, 48.3104], [-1.4167, 48.3106], [-1.4154, 48.3109], [-1.4146, 48.3113], [-1.413, 48.3119], [-1.4125, 48.3119], [-1.4122, 48.3117], [-1.4118, 48.3112], [-1.4118, 48.3109], [-1.4116, 48.3096], [-1.4113, 48.309], [-1.4112, 48.3087], [-1.4103, 48.308], [-1.4101, 48.3072], [-1.4091, 48.3062], [-1.4087, 48.3056], [-1.408, 48.3053], [-1.4079, 48.3047], [-1.4073, 48.3038], [-1.4067, 48.3033], [-1.4062, 48.303], [-1.4058, 48.3029], [-1.4051, 48.3029], [-1.4045, 48.3033], [-1.4034, 48.3036], [-1.4025, 48.304], [-1.4022, 48.3044], [-1.4017, 48.3045], [-1.4009, 48.3045], [-1.4002, 48.3042], [-1.3991, 48.3036], [-1.3985, 48.3027], [-1.3977, 48.3022], [-1.3971, 48.302], [-1.3961, 48.3021], [-1.3953, 48.3024], [-1.3941, 48.3033], [-1.3933, 48.3036], [-1.3924, 48.3041], [-1.392, 48.3043], [-1.3912, 48.3043], [-1.3901, 48.3039], [-1.3899, 48.3036], [-1.3898, 48.303], [-1.3899, 48.3029], [-1.39, 48.3025], [-1.3896, 48.3019], [-1.3899, 48.3017], [-1.3902, 48.3013], [-1.3907, 48.3001], [-1.3905, 48.2985], [-1.3908, 48.298], [-1.3916, 48.2973], [-1.392, 48.2963], [-1.3921, 48.2962], [-1.3926, 48.2958], [-1.3927, 48.2949], [-1.3928, 48.2935], [-1.393, 48.2926], [-1.393, 48.292], [-1.3926, 48.2915], [-1.3922, 48.2913], [-1.3915, 48.2908], [-1.3906, 48.2907], [-1.3899, 48.2903], [-1.3896, 48.29], [-1.3897, 48.2893], [-1.3895, 48.2884], [-1.3894, 48.288], [-1.3894, 48.2878], [-1.3894, 48.2874], [-1.3895, 48.2867], [-1.3898, 48.2864], [-1.3901, 48.2863], [-1.3902, 48.2864], [-1.3906, 48.2864], [-1.3909, 48.2858], [-1.3914, 48.2857], [-1.3918, 48.2853], [-1.3927, 48.2852], [-1.393, 48.285], [-1.3931, 48.2846], [-1.3935, 48.2843], [-1.3936, 48.284], [-1.3938, 48.2837], [-1.3941, 48.2835], [-1.3943, 48.2832], [-1.395, 48.2827], [-1.3953, 48.2821], [-1.3956, 48.2818], [-1.3968, 48.2813], [-1.3973, 48.281], [-1.3973, 48.2808], [-1.3975, 48.2806], [-1.3982, 48.2804], [-1.3991, 48.2801], [-1.3993, 48.2798], [-1.4, 48.2796], [-1.4004, 48.2791], [-1.4017, 48.2788], [-1.4019, 48.2784], [-1.4026, 48.278], [-1.4027, 48.278], [-1.4027, 48.2774], [-1.4029, 48.2771], [-1.4035, 48.2766], [-1.4038, 48.2763], [-1.4043, 48.2758], [-1.4045, 48.2753], [-1.4049, 48.2751], [-1.4064, 48.2746], [-1.4085, 48.2737], [-1.4087, 48.2735], [-1.4095, 48.2727], [-1.4107, 48.2722], [-1.4102, 48.2716], [-1.4103, 48.2712], [-1.4104, 48.271], [-1.4103, 48.2708], [-1.4095, 48.27], [-1.4093, 48.2696], [-1.4093, 48.2684], [-1.4093, 48.2682], [-1.4085, 48.2676], [-1.4077, 48.2669], [-1.4072, 48.2667], [-1.4059, 48.2657], [-1.4053, 48.2659], [-1.4044, 48.2662], [-1.4042, 48.2663], [-1.4033, 48.2649], [-1.4029, 48.2646], [-1.4012, 48.2646], [-1.4012, 48.2645], [-1.4016, 48.2642], [-1.4021, 48.264], [-1.4029, 48.2634], [-1.4033, 48.2629], [-1.4032, 48.2627], [-1.4023, 48.2624], [-1.402, 48.2622], [-1.4011, 48.2623], [-1.4009, 48.2624], [-1.4007, 48.2624], [-1.4004, 48.262], [-1.3998, 48.2619], [-1.3987, 48.2617], [-1.3972, 48.2616], [-1.3966, 48.2616], [-1.3964, 48.2618], [-1.3944, 48.2622], [-1.3932, 48.2622], [-1.3928, 48.2621], [-1.3928, 48.2617], [-1.3922, 48.2613], [-1.392, 48.261], [-1.3916, 48.2608], [-1.3887, 48.2609], [-1.3859, 48.2608], [-1.3844, 48.2609], [-1.3837, 48.2607], [-1.3833, 48.2606], [-1.383, 48.2605], [-1.3825, 48.2606], [-1.3813, 48.2606], [-1.3804, 48.2604], [-1.378, 48.2604], [-1.3772, 48.2603], [-1.3773, 48.2595], [-1.377, 48.2594], [-1.3767, 48.2594], [-1.3756, 48.2588], [-1.3752, 48.2588], [-1.375, 48.2597], [-1.3747, 48.2597], [-1.3718, 48.2592], [-1.3697, 48.259], [-1.3686, 48.2588], [-1.3667, 48.2586], [-1.3663, 48.2584], [-1.3641, 48.2581], [-1.3633, 48.2582], [-1.3627, 48.2594], [-1.3624, 48.2603], [-1.3588, 48.2605], [-1.3587, 48.2607], [-1.3583, 48.2607], [-1.3567, 48.2601], [-1.3562, 48.2598], [-1.3552, 48.2598], [-1.3545, 48.2597], [-1.3536, 48.2598], [-1.3526, 48.2596], [-1.3514, 48.2595], [-1.3512, 48.2595], [-1.3513, 48.259], [-1.3517, 48.2586], [-1.3518, 48.2585], [-1.3515, 48.2581], [-1.3511, 48.258], [-1.3514, 48.2575], [-1.3502, 48.2566], [-1.3492, 48.2558], [-1.3489, 48.2552], [-1.3485, 48.2551], [-1.3468, 48.2549], [-1.3454, 48.2545], [-1.3447, 48.2543], [-1.3431, 48.2539], [-1.3425, 48.2538], [-1.34, 48.254], [-1.3398, 48.254], [-1.3381, 48.254], [-1.3367, 48.2541], [-1.3356, 48.2543], [-1.3339, 48.255], [-1.3333, 48.2553], [-1.3329, 48.2554], [-1.3327, 48.2555], [-1.3323, 48.2547], [-1.3314, 48.2539], [-1.3308, 48.253], [-1.3306, 48.2521], [-1.3305, 48.2508], [-1.3304, 48.2505], [-1.3296, 48.2501], [-1.329, 48.25], [-1.3284, 48.2501], [-1.3278, 48.2505], [-1.3274, 48.251], [-1.3262, 48.2511], [-1.3258, 48.2512], [-1.3236, 48.251], [-1.3233, 48.25], [-1.3227, 48.2497], [-1.3223, 48.2493], [-1.3227, 48.248], [-1.3231, 48.2477], [-1.3235, 48.2476], [-1.3236, 48.2477], [-1.3238, 48.2477], [-1.3241, 48.2448], [-1.3243, 48.2438], [-1.3244, 48.2433], [-1.323, 48.2433], [-1.323, 48.2429], [-1.3226, 48.2428], [-1.3225, 48.2424], [-1.3169, 48.2412], [-1.3173, 48.2401], [-1.3159, 48.2399], [-1.3146, 48.2396], [-1.3125, 48.2394], [-1.3122, 48.2392], [-1.3125, 48.238], [-1.3122, 48.2369], [-1.3117, 48.2365], [-1.3116, 48.2364], [-1.3108, 48.2358], [-1.3103, 48.2351], [-1.3102, 48.235], [-1.3088, 48.235], [-1.3083, 48.2349], [-1.3077, 48.2349], [-1.3069, 48.2351], [-1.3062, 48.2351], [-1.3057, 48.2351], [-1.3053, 48.2353], [-1.3049, 48.2354], [-1.3047, 48.2352], [-1.3043, 48.2351], [-1.3034, 48.2352], [-1.3018, 48.2354], [-1.3011, 48.2346], [-1.301, 48.234], [-1.3014, 48.2332], [-1.3023, 48.2322], [-1.304, 48.2309], [-1.3051, 48.2302], [-1.3047, 48.2294], [-1.3043, 48.2297], [-1.3038, 48.2298], [-1.3028, 48.2297], [-1.3016, 48.2294], [-1.301, 48.2291], [-1.2998, 48.2289], [-1.2996, 48.229], [-1.2989, 48.229], [-1.2971, 48.2288], [-1.297, 48.2286], [-1.2965, 48.2284], [-1.2963, 48.2286], [-1.2961, 48.2286], [-1.2949, 48.2281], [-1.2945, 48.228], [-1.2945, 48.2281], [-1.2925, 48.2303], [-1.2909, 48.2308], [-1.2898, 48.2314], [-1.2886, 48.2329], [-1.2883, 48.2329], [-1.2881, 48.2329], [-1.2861, 48.2323], [-1.2844, 48.231], [-1.2841, 48.2306], [-1.2848, 48.2302], [-1.2847, 48.2297], [-1.2845, 48.2286], [-1.2846, 48.2281], [-1.2853, 48.2269], [-1.2861, 48.226], [-1.2861, 48.2255], [-1.2864, 48.2254], [-1.2868, 48.2251], [-1.2876, 48.2251], [-1.2877, 48.225], [-1.2886, 48.2242], [-1.2895, 48.223], [-1.2905, 48.2212], [-1.2907, 48.2209], [-1.2923, 48.2203], [-1.2946, 48.2192], [-1.295, 48.2189], [-1.2961, 48.2184], [-1.2967, 48.2184], [-1.2984, 48.2188], [-1.2994, 48.2188], [-1.3001, 48.2174], [-1.3015, 48.217], [-1.3015, 48.2169], [-1.302, 48.2169], [-1.3023, 48.217], [-1.3025, 48.2171], [-1.303, 48.2175], [-1.304, 48.2175], [-1.3044, 48.2176], [-1.3047, 48.2176], [-1.3052, 48.2175], [-1.3055, 48.2176], [-1.3057, 48.2178], [-1.3063, 48.2177], [-1.3067, 48.218], [-1.3077, 48.218], [-1.3081, 48.2181], [-1.3081, 48.2185], [-1.3082, 48.2188], [-1.3088, 48.2193], [-1.3091, 48.2192], [-1.3095, 48.2192], [-1.3097, 48.2194], [-1.3097, 48.22], [-1.3103, 48.2201], [-1.3107, 48.2203], [-1.3112, 48.2204], [-1.3115, 48.2206], [-1.3121, 48.2206], [-1.3125, 48.2208], [-1.3125, 48.2212], [-1.3132, 48.2213], [-1.3135, 48.2216], [-1.3143, 48.2221], [-1.3144, 48.2225], [-1.3152, 48.2225], [-1.3154, 48.2226], [-1.316, 48.2226], [-1.3164, 48.2228], [-1.3167, 48.2229], [-1.3169, 48.2227], [-1.3169, 48.2225], [-1.3174, 48.2224], [-1.3176, 48.2223], [-1.3176, 48.2222], [-1.3175, 48.2218], [-1.3178, 48.2219], [-1.3182, 48.2219], [-1.3188, 48.2217], [-1.3191, 48.2215], [-1.3189, 48.2212], [-1.3188, 48.2206], [-1.3194, 48.2202], [-1.3193, 48.2198], [-1.32, 48.2194], [-1.3201, 48.219], [-1.3211, 48.2183], [-1.3212, 48.2179], [-1.3211, 48.2176], [-1.3207, 48.2174], [-1.3207, 48.2172], [-1.3215, 48.217], [-1.3216, 48.2168], [-1.322, 48.2167], [-1.3223, 48.2161], [-1.3225, 48.216], [-1.3231, 48.2158], [-1.3234, 48.2157], [-1.3236, 48.2155], [-1.3241, 48.2151], [-1.324, 48.215], [-1.324, 48.2147], [-1.3241, 48.2147], [-1.3244, 48.2149], [-1.3246, 48.2149], [-1.3248, 48.2146], [-1.3252, 48.2146], [-1.3253, 48.2146], [-1.3258, 48.215], [-1.3262, 48.215], [-1.3264, 48.2146], [-1.3286, 48.2145], [-1.329, 48.2146], [-1.3301, 48.2145], [-1.3304, 48.2142], [-1.3309, 48.214], [-1.3309, 48.2138], [-1.3308, 48.2134], [-1.3317, 48.2129], [-1.3326, 48.2127], [-1.3335, 48.2126], [-1.3339, 48.2125], [-1.3345, 48.2125], [-1.3349, 48.2126], [-1.3352, 48.2126], [-1.3352, 48.2121], [-1.3356, 48.2119], [-1.3366, 48.2116], [-1.3373, 48.2112], [-1.3383, 48.211], [-1.3387, 48.2109], [-1.3396, 48.2103], [-1.3398, 48.21], [-1.3397, 48.2098], [-1.3396, 48.2095], [-1.34, 48.2091], [-1.3404, 48.209], [-1.3404, 48.2086], [-1.3407, 48.2085], [-1.3417, 48.2086], [-1.3423, 48.2084], [-1.3433, 48.2077], [-1.3435, 48.2074], [-1.3437, 48.2072], [-1.344, 48.2068], [-1.3441, 48.2063], [-1.3442, 48.206], [-1.3446, 48.2058], [-1.3454, 48.2054], [-1.3457, 48.2049], [-1.3455, 48.2034], [-1.3459, 48.2034], [-1.3473, 48.2029], [-1.3478, 48.2023], [-1.3481, 48.2023], [-1.3483, 48.2025], [-1.3486, 48.2024], [-1.3493, 48.2021], [-1.3495, 48.2019], [-1.3496, 48.2015], [-1.3498, 48.2013], [-1.3513, 48.2012], [-1.3514, 48.201], [-1.3476, 48.2004], [-1.3465, 48.2003], [-1.3465, 48.1999], [-1.3466, 48.1997], [-1.346, 48.199], [-1.346, 48.1989], [-1.3482, 48.1984], [-1.3483, 48.1983], [-1.3484, 48.1977], [-1.3489, 48.197], [-1.349, 48.1965], [-1.3505, 48.1962], [-1.351, 48.1959], [-1.3513, 48.196], [-1.3524, 48.1969], [-1.3528, 48.1972], [-1.354, 48.1972], [-1.3546, 48.1972], [-1.3547, 48.1965], [-1.3554, 48.1963], [-1.3555, 48.1951], [-1.3557, 48.1948], [-1.3569, 48.1948], [-1.3576, 48.195], [-1.3578, 48.195], [-1.3584, 48.194], [-1.3583, 48.1936], [-1.3579, 48.1931], [-1.3567, 48.1925], [-1.3566, 48.1917], [-1.3566, 48.1909], [-1.3567, 48.1904], [-1.3571, 48.19], [-1.3571, 48.1892], [-1.3572, 48.189], [-1.3564, 48.189], [-1.3558, 48.1883], [-1.3558, 48.188], [-1.3563, 48.1876], [-1.3567, 48.1875], [-1.3572, 48.1867], [-1.358, 48.1856], [-1.3576, 48.1852], [-1.3577, 48.1851], [-1.3603, 48.183], [-1.3598, 48.1825], [-1.3599, 48.1818], [-1.3594, 48.1811], [-1.3584, 48.1806], [-1.3582, 48.1803], [-1.3583, 48.1795], [-1.3581, 48.179], [-1.3571, 48.1781], [-1.3565, 48.1772], [-1.3552, 48.1763], [-1.3551, 48.176], [-1.355, 48.1753], [-1.3546, 48.1744], [-1.354, 48.1741], [-1.3532, 48.1738], [-1.3526, 48.1733], [-1.3521, 48.1723], [-1.3521, 48.1718], [-1.3531, 48.1702], [-1.3543, 48.1698], [-1.3555, 48.1687], [-1.3563, 48.1681], [-1.3568, 48.1679], [-1.3579, 48.1679], [-1.3591, 48.1682], [-1.3614, 48.1681], [-1.3636, 48.1684], [-1.3638, 48.1685], [-1.3646, 48.1685], [-1.3652, 48.1683], [-1.3656, 48.1682], [-1.3663, 48.1677], [-1.3671, 48.1667], [-1.3683, 48.1659], [-1.3686, 48.1653], [-1.3687, 48.1647], [-1.3686, 48.1643], [-1.3683, 48.1639], [-1.3683, 48.1633], [-1.3685, 48.1628], [-1.3689, 48.1617], [-1.3691, 48.1612], [-1.3704, 48.1594], [-1.3706, 48.1593], [-1.3728, 48.1602], [-1.374, 48.1608], [-1.3747, 48.1611], [-1.3775, 48.1623], [-1.3778, 48.1623], [-1.3786, 48.1609], [-1.3791, 48.1596], [-1.3792, 48.1588], [-1.3788, 48.158], [-1.3792, 48.1579], [-1.3811, 48.1545], [-1.3815, 48.1541], [-1.3826, 48.1529], [-1.3827, 48.1525], [-1.3834, 48.1518], [-1.3839, 48.1507], [-1.3842, 48.1489], [-1.3847, 48.1482], [-1.3849, 48.1473], [-1.386, 48.1478], [-1.3891, 48.1487], [-1.3896, 48.1487], [-1.3909, 48.1489], [-1.3915, 48.1492], [-1.3918, 48.1497], [-1.3924, 48.15], [-1.3932, 48.1509], [-1.3942, 48.1524], [-1.3945, 48.1529], [-1.3952, 48.1532], [-1.4005, 48.1549], [-1.4037, 48.1555], [-1.405, 48.156], [-1.4053, 48.1562], [-1.4056, 48.1562], [-1.41, 48.155], [-1.409, 48.1535], [-1.4088, 48.1531], [-1.4081, 48.1522], [-1.4068, 48.1506], [-1.4055, 48.1486], [-1.4043, 48.147], [-1.4042, 48.1468], [-1.4046, 48.1468], [-1.4053, 48.1471], [-1.4058, 48.1474], [-1.4061, 48.1474], [-1.4092, 48.147], [-1.412, 48.1467], [-1.4139, 48.1473], [-1.4145, 48.1472], [-1.4187, 48.1459], [-1.4206, 48.1451], [-1.4239, 48.1428], [-1.4244, 48.1427], [-1.4264, 48.1418], [-1.4266, 48.1418], [-1.427, 48.1419], [-1.428, 48.1422], [-1.4286, 48.1425], [-1.4292, 48.1431], [-1.429, 48.1442], [-1.4292, 48.1442], [-1.4299, 48.144], [-1.431, 48.1433], [-1.432, 48.142], [-1.4341, 48.1383], [-1.4347, 48.1383], [-1.4346, 48.1382], [-1.4345, 48.1373], [-1.4351, 48.1373], [-1.4371, 48.1373], [-1.4379, 48.1375], [-1.4385, 48.1375], [-1.4392, 48.1379], [-1.4399, 48.1379], [-1.4407, 48.1368], [-1.4409, 48.1359], [-1.4409, 48.1353], [-1.4389, 48.1352], [-1.4371, 48.1353], [-1.4367, 48.1353], [-1.4359, 48.1354], [-1.4358, 48.1336], [-1.4357, 48.1323], [-1.4358, 48.1321], [-1.4354, 48.1319], [-1.4352, 48.1316], [-1.4351, 48.1296], [-1.4347, 48.1286], [-1.4337, 48.1278], [-1.4333, 48.1268], [-1.4324, 48.1261], [-1.4321, 48.1257], [-1.4322, 48.1253], [-1.4325, 48.125], [-1.4319, 48.1248], [-1.432, 48.1245], [-1.4322, 48.124], [-1.4321, 48.1239], [-1.4321, 48.1235], [-1.4326, 48.1225], [-1.4326, 48.122], [-1.4329, 48.1215], [-1.433, 48.1212], [-1.4333, 48.1209], [-1.4337, 48.1201], [-1.4333, 48.1199], [-1.4318, 48.1194], [-1.4317, 48.1187], [-1.4313, 48.1182], [-1.4314, 48.1179], [-1.432, 48.1176], [-1.4323, 48.1172], [-1.4319, 48.117], [-1.4303, 48.1164], [-1.4306, 48.1159], [-1.4312, 48.1154], [-1.4313, 48.115], [-1.4309, 48.1145], [-1.4301, 48.1138], [-1.4298, 48.1134], [-1.4299, 48.113], [-1.4305, 48.1125], [-1.4306, 48.1119], [-1.4307, 48.1117], [-1.4315, 48.1117], [-1.4321, 48.1115], [-1.4329, 48.1111], [-1.4347, 48.111], [-1.4353, 48.1112], [-1.4359, 48.1112], [-1.4364, 48.111], [-1.4375, 48.1102], [-1.4384, 48.1096], [-1.4391, 48.1093], [-1.4399, 48.1088], [-1.4399, 48.1084], [-1.4393, 48.1077], [-1.439, 48.1076], [-1.4385, 48.1071], [-1.438, 48.106], [-1.4379, 48.1053], [-1.4377, 48.105], [-1.4377, 48.1047], [-1.4378, 48.1028], [-1.4389, 48.1024], [-1.4405, 48.1017], [-1.4405, 48.1016], [-1.44, 48.1015], [-1.4401, 48.0991], [-1.4398, 48.099], [-1.4397, 48.0986], [-1.4356, 48.0985], [-1.4344, 48.0984], [-1.4344, 48.0983], [-1.4341, 48.0971], [-1.434, 48.0968], [-1.4339, 48.0963], [-1.4334, 48.0944], [-1.4335, 48.0944], [-1.4344, 48.0947], [-1.4355, 48.0953], [-1.4365, 48.0951], [-1.4372, 48.0952], [-1.4377, 48.0954], [-1.4384, 48.0962], [-1.4387, 48.0963], [-1.4402, 48.0962], [-1.4411, 48.0963], [-1.442, 48.0964], [-1.4436, 48.0966], [-1.4454, 48.0966], [-1.4467, 48.0965], [-1.4491, 48.0964], [-1.4501, 48.0962], [-1.4519, 48.0963], [-1.4521, 48.0962], [-1.4531, 48.0958], [-1.4546, 48.0953], [-1.4547, 48.0951], [-1.4542, 48.0949], [-1.4535, 48.0941], [-1.4531, 48.0933], [-1.4521, 48.0933], [-1.4522, 48.0921], [-1.4519, 48.0911], [-1.4502, 48.0883], [-1.4502, 48.0874], [-1.4509, 48.0855], [-1.4513, 48.0854], [-1.4521, 48.0849], [-1.453, 48.0833], [-1.4534, 48.0824], [-1.4536, 48.0804], [-1.4541, 48.0798], [-1.4547, 48.0794], [-1.4548, 48.0792], [-1.4545, 48.0777], [-1.4536, 48.0767], [-1.4528, 48.0764], [-1.452, 48.0759], [-1.4512, 48.0751], [-1.4502, 48.0744], [-1.4494, 48.0741], [-1.4496, 48.0737], [-1.4497, 48.0734], [-1.4484, 48.0735], [-1.4449, 48.0738], [-1.4444, 48.0721], [-1.4439, 48.0721], [-1.4436, 48.072], [-1.4432, 48.072], [-1.442, 48.0715], [-1.4415, 48.0712], [-1.4411, 48.0711], [-1.4406, 48.0712], [-1.4403, 48.0711], [-1.4378, 48.0708], [-1.4379, 48.0704], [-1.4384, 48.0692], [-1.4382, 48.0691], [-1.438, 48.069], [-1.438, 48.0687], [-1.4368, 48.0684], [-1.4359, 48.0681], [-1.436, 48.0678], [-1.4366, 48.0672], [-1.4379, 48.0659], [-1.4387, 48.0652], [-1.4378, 48.0638], [-1.4377, 48.0637], [-1.4363, 48.0615], [-1.436, 48.0607], [-1.4354, 48.0605], [-1.4346, 48.0598], [-1.4341, 48.0592], [-1.4324, 48.0581], [-1.4315, 48.0578], [-1.4299, 48.057], [-1.4295, 48.0567], [-1.4288, 48.0562], [-1.4283, 48.056], [-1.4279, 48.0556], [-1.4264, 48.0546], [-1.4245, 48.0538], [-1.4245, 48.0537], [-1.4302, 48.0523], [-1.4311, 48.0521], [-1.4302, 48.0511], [-1.4291, 48.049], [-1.4288, 48.0479], [-1.4287, 48.0466], [-1.4288, 48.0453], [-1.4295, 48.0431], [-1.4294, 48.0431], [-1.4282, 48.0429], [-1.4284, 48.0413], [-1.4284, 48.0411], [-1.4294, 48.0409], [-1.431, 48.0409], [-1.4331, 48.0412], [-1.4345, 48.0413], [-1.4365, 48.0416], [-1.4377, 48.0415], [-1.4375, 48.0422], [-1.4388, 48.0421], [-1.4393, 48.042], [-1.4396, 48.0411], [-1.4402, 48.0407], [-1.4411, 48.0403], [-1.4411, 48.0401], [-1.4406, 48.039], [-1.4407, 48.0382], [-1.4408, 48.0377], [-1.4407, 48.0377], [-1.4386, 48.0371], [-1.4353, 48.0358], [-1.4332, 48.0351], [-1.4325, 48.0376], [-1.4323, 48.0377], [-1.4313, 48.0374], [-1.4297, 48.0372], [-1.4291, 48.0367], [-1.4276, 48.0362], [-1.4272, 48.0361], [-1.4253, 48.036], [-1.4245, 48.0363], [-1.4237, 48.0364], [-1.4226, 48.0362], [-1.421, 48.0363], [-1.4202, 48.0369], [-1.4191, 48.0368], [-1.4185, 48.0365], [-1.4183, 48.0356], [-1.4177, 48.0352], [-1.4171, 48.0344], [-1.4166, 48.0343], [-1.4161, 48.0342], [-1.4153, 48.0342], [-1.4147, 48.0343], [-1.4134, 48.0345], [-1.4128, 48.0349], [-1.4106, 48.035], [-1.4101, 48.0352], [-1.4101, 48.0355], [-1.4105, 48.0362], [-1.4107, 48.0367], [-1.4107, 48.0371], [-1.4104, 48.0374], [-1.4097, 48.0375], [-1.4091, 48.0379], [-1.4087, 48.0385], [-1.4077, 48.0385], [-1.4074, 48.0386], [-1.4073, 48.0387], [-1.4066, 48.0391], [-1.406, 48.0398], [-1.4059, 48.0399], [-1.4068, 48.0403], [-1.4083, 48.0407], [-1.409, 48.0411], [-1.4093, 48.0415], [-1.4097, 48.0418], [-1.411, 48.0422], [-1.4113, 48.0422], [-1.4124, 48.0426], [-1.4128, 48.0431], [-1.4131, 48.0437], [-1.4114, 48.0444], [-1.4107, 48.0449], [-1.4124, 48.0468], [-1.414, 48.048], [-1.4143, 48.0483], [-1.4155, 48.0492], [-1.4162, 48.0499], [-1.4162, 48.05], [-1.4166, 48.0506], [-1.4166, 48.0507], [-1.4155, 48.0512], [-1.415, 48.0515], [-1.4152, 48.052], [-1.4158, 48.0528], [-1.4171, 48.0536], [-1.4177, 48.0545], [-1.4177, 48.0546], [-1.4153, 48.055], [-1.4094, 48.056], [-1.4092, 48.056], [-1.4089, 48.0535], [-1.4105, 48.0528], [-1.4106, 48.0527], [-1.4107, 48.0502], [-1.4103, 48.0496], [-1.4095, 48.0489], [-1.4088, 48.0485], [-1.4069, 48.0479], [-1.4061, 48.0474], [-1.4052, 48.0465], [-1.4032, 48.0455], [-1.4028, 48.0452], [-1.4019, 48.0447], [-1.4017, 48.0447], [-1.4009, 48.0452], [-1.3997, 48.0458], [-1.3985, 48.0467], [-1.3978, 48.0467], [-1.397, 48.0467], [-1.3965, 48.0465], [-1.3964, 48.0463], [-1.3964, 48.0458], [-1.3955, 48.046], [-1.3955, 48.0453], [-1.3953, 48.0447], [-1.3944, 48.0448], [-1.3929, 48.0448], [-1.3904, 48.0446], [-1.3889, 48.0444], [-1.3888, 48.0435], [-1.3887, 48.0433], [-1.3878, 48.0431], [-1.3873, 48.0425], [-1.3862, 48.042], [-1.386, 48.0412], [-1.3862, 48.0408], [-1.3864, 48.0407], [-1.3863, 48.0406], [-1.3846, 48.0403], [-1.3836, 48.04], [-1.3778, 48.0392], [-1.3755, 48.039], [-1.3743, 48.0389], [-1.3737, 48.0389], [-1.372, 48.0394], [-1.3697, 48.0397], [-1.3688, 48.0398], [-1.3685, 48.0398], [-1.3675, 48.0387], [-1.367, 48.0378], [-1.3666, 48.0367], [-1.3638, 48.0368], [-1.3632, 48.0378], [-1.3622, 48.0376], [-1.3607, 48.0374], [-1.3603, 48.0375], [-1.3593, 48.0379], [-1.3592, 48.0385], [-1.3572, 48.0383], [-1.3567, 48.0383], [-1.3564, 48.0377], [-1.3554, 48.0375], [-1.3535, 48.0374], [-1.3501, 48.0376], [-1.35, 48.0369], [-1.3499, 48.0369], [-1.3483, 48.037], [-1.3461, 48.0367], [-1.3461, 48.036], [-1.3446, 48.0359], [-1.3444, 48.0358], [-1.3439, 48.0348], [-1.3435, 48.0344], [-1.3432, 48.0342], [-1.343, 48.034], [-1.3427, 48.0335], [-1.3421, 48.0332], [-1.341, 48.0331], [-1.3407, 48.0326], [-1.3402, 48.0325], [-1.3393, 48.0325], [-1.3383, 48.0322], [-1.3367, 48.0321], [-1.3364, 48.032], [-1.3358, 48.031], [-1.3358, 48.0309], [-1.3366, 48.0307], [-1.3369, 48.0305], [-1.337, 48.0299], [-1.3377, 48.0293], [-1.3382, 48.0285], [-1.3395, 48.0284], [-1.3409, 48.0278], [-1.342, 48.0274], [-1.3428, 48.0271], [-1.3429, 48.0265], [-1.3439, 48.0261], [-1.344, 48.0254], [-1.3442, 48.0253], [-1.3479, 48.025], [-1.349, 48.0247], [-1.35, 48.0242], [-1.3508, 48.0241], [-1.3514, 48.0247], [-1.3527, 48.025], [-1.3541, 48.0251], [-1.3543, 48.0256], [-1.3549, 48.0258], [-1.3559, 48.0261], [-1.3563, 48.0262], [-1.3574, 48.0258], [-1.3579, 48.0258], [-1.3584, 48.0259], [-1.3589, 48.0264], [-1.359, 48.0268], [-1.3587, 48.027], [-1.3585, 48.0274], [-1.3586, 48.0281], [-1.3592, 48.0282], [-1.3601, 48.0282], [-1.3607, 48.0281], [-1.3621, 48.028], [-1.3632, 48.028], [-1.3655, 48.0284], [-1.3659, 48.0289], [-1.3652, 48.0304], [-1.365, 48.0305], [-1.3646, 48.0308], [-1.3645, 48.0309], [-1.3668, 48.0312], [-1.3681, 48.0312], [-1.3691, 48.0313], [-1.3702, 48.0314], [-1.3717, 48.0309], [-1.3741, 48.032], [-1.3741, 48.0323], [-1.3751, 48.0325], [-1.3757, 48.0331], [-1.3763, 48.0331], [-1.3765, 48.0331], [-1.3785, 48.0331], [-1.3797, 48.0332], [-1.3805, 48.0332], [-1.3804, 48.0322], [-1.3806, 48.0313], [-1.3805, 48.0299], [-1.3802, 48.0288], [-1.3801, 48.0286], [-1.3799, 48.0271], [-1.3795, 48.0261], [-1.3788, 48.0248], [-1.3792, 48.0241], [-1.3795, 48.0241], [-1.3817, 48.0245], [-1.3832, 48.0245], [-1.3843, 48.0242], [-1.3857, 48.0241], [-1.3869, 48.0242], [-1.3872, 48.0242], [-1.3874, 48.0248], [-1.3883, 48.0248], [-1.3897, 48.0245], [-1.3901, 48.0245], [-1.3906, 48.025], [-1.3912, 48.0255], [-1.3914, 48.0257], [-1.3921, 48.0257], [-1.3925, 48.0258], [-1.3931, 48.0259], [-1.3931, 48.0241], [-1.3936, 48.0239], [-1.3967, 48.0235], [-1.3978, 48.0232], [-1.3982, 48.023], [-1.3978, 48.0228], [-1.3974, 48.0223], [-1.3961, 48.0197], [-1.396, 48.0195], [-1.3954, 48.018], [-1.3943, 48.0165], [-1.3939, 48.0162], [-1.3908, 48.0151], [-1.3889, 48.014], [-1.388, 48.0136], [-1.3866, 48.0125], [-1.3845, 48.0109], [-1.3817, 48.0088], [-1.3794, 48.0069], [-1.378, 48.0059], [-1.3779, 48.0057], [-1.3791, 48.0043], [-1.3797, 48.0042], [-1.38, 48.0045], [-1.3804, 48.0044], [-1.3807, 48.0042], [-1.3813, 48.0042], [-1.3817, 48.004], [-1.3826, 48.0037], [-1.3828, 48.0031], [-1.3834, 48.0028], [-1.3835, 48.0024], [-1.3837, 48.0023], [-1.3837, 48.002], [-1.3834, 48.0015], [-1.3835, 48.0012], [-1.3838, 48.001], [-1.3841, 48.0006], [-1.3861, 48.0008], [-1.3868, 48.0011], [-1.3872, 48.0017], [-1.3877, 48.0019], [-1.3883, 48.0018], [-1.3888, 48.0022], [-1.3898, 48.0021], [-1.3911, 48.0023], [-1.3915, 48.0022], [-1.3919, 48.002], [-1.3919, 48.0016], [-1.3923, 48.0011], [-1.3922, 48.0005], [-1.3925, 48.0002], [-1.3924, 47.9999], [-1.3921, 47.9997], [-1.3919, 47.9994], [-1.3922, 47.9988], [-1.3923, 47.9977], [-1.3927, 47.9972], [-1.3927, 47.9966], [-1.3928, 47.9963], [-1.3933, 47.996], [-1.3933, 47.9958], [-1.3931, 47.9955], [-1.3933, 47.9953], [-1.3938, 47.9949], [-1.3951, 47.9943], [-1.3959, 47.9936], [-1.3967, 47.9936], [-1.3971, 47.9935], [-1.3973, 47.9934], [-1.3976, 47.9937], [-1.3981, 47.9939], [-1.3987, 47.994], [-1.3994, 47.9938], [-1.3998, 47.9935], [-1.4004, 47.9934], [-1.4013, 47.993], [-1.4017, 47.9926], [-1.4019, 47.9922], [-1.4029, 47.9911], [-1.4034, 47.9899], [-1.404, 47.9894], [-1.4041, 47.989], [-1.4039, 47.9879], [-1.4032, 47.9869], [-1.4029, 47.986], [-1.4028, 47.9858], [-1.4024, 47.9857], [-1.4018, 47.9855], [-1.4011, 47.9849], [-1.4011, 47.9845], [-1.4018, 47.983], [-1.403, 47.9813], [-1.4031, 47.981], [-1.403, 47.9803], [-1.4067, 47.98], [-1.4071, 47.9799], [-1.4072, 47.9798], [-1.4075, 47.9794], [-1.4092, 47.9794], [-1.41, 47.9796], [-1.4112, 47.9796], [-1.4114, 47.9795], [-1.4126, 47.9795], [-1.4134, 47.9795], [-1.415, 47.98], [-1.4161, 47.98], [-1.4164, 47.98], [-1.4174, 47.9809], [-1.4177, 47.9809], [-1.4195, 47.9805], [-1.4191, 47.9796], [-1.4212, 47.9795], [-1.4214, 47.9791], [-1.4217, 47.9789], [-1.4253, 47.9779], [-1.4285, 47.9769], [-1.4303, 47.9767], [-1.4311, 47.9765], [-1.4309, 47.9756], [-1.431, 47.9753], [-1.4315, 47.975], [-1.4337, 47.9744], [-1.4347, 47.9744], [-1.4353, 47.9745], [-1.4362, 47.9745], [-1.4365, 47.9744], [-1.4364, 47.9738], [-1.4371, 47.9737], [-1.4373, 47.9737], [-1.438, 47.9736], [-1.4387, 47.9737], [-1.4387, 47.9731], [-1.4395, 47.9731], [-1.4404, 47.9734], [-1.4409, 47.9734], [-1.4414, 47.9733], [-1.4418, 47.9735], [-1.4419, 47.9739], [-1.4422, 47.9742], [-1.443, 47.9746], [-1.4431, 47.9748], [-1.4425, 47.9754], [-1.4425, 47.9756], [-1.4428, 47.9758], [-1.4435, 47.9759], [-1.4448, 47.9759], [-1.4454, 47.9761], [-1.4461, 47.9763], [-1.4468, 47.9768], [-1.4477, 47.9769], [-1.4481, 47.9773], [-1.4482, 47.9776], [-1.4481, 47.9783], [-1.4483, 47.979], [-1.4485, 47.9796], [-1.4482, 47.9804], [-1.4485, 47.9815], [-1.4481, 47.9824], [-1.4479, 47.9828], [-1.4486, 47.983], [-1.4494, 47.9829], [-1.4497, 47.9832], [-1.4497, 47.9835], [-1.4495, 47.9839], [-1.4492, 47.984], [-1.4485, 47.9845], [-1.4484, 47.9849], [-1.4488, 47.9856], [-1.4495, 47.9862], [-1.4497, 47.9865], [-1.4495, 47.9875], [-1.4499, 47.9878], [-1.45, 47.9881], [-1.4494, 47.9885], [-1.4494, 47.9887], [-1.4509, 47.9891], [-1.4516, 47.9891], [-1.4529, 47.9887], [-1.4543, 47.9886], [-1.4547, 47.9884], [-1.455, 47.9882], [-1.4552, 47.988], [-1.4554, 47.9879], [-1.4557, 47.9876], [-1.4558, 47.9871], [-1.4562, 47.9867], [-1.4566, 47.9864], [-1.4574, 47.9863], [-1.4581, 47.9861], [-1.4582, 47.986], [-1.4579, 47.9853], [-1.4582, 47.9851], [-1.4586, 47.985], [-1.4595, 47.9852], [-1.4603, 47.9853], [-1.4607, 47.9851], [-1.461, 47.9848], [-1.4615, 47.9849], [-1.4618, 47.9855], [-1.4622, 47.9856], [-1.4631, 47.9856], [-1.4636, 47.9855], [-1.464, 47.9854], [-1.4646, 47.9857], [-1.4665, 47.9867], [-1.4672, 47.9872], [-1.4688, 47.9883], [-1.4688, 47.9885], [-1.4681, 47.9892], [-1.4678, 47.9897], [-1.4665, 47.9901], [-1.4665, 47.9904], [-1.4652, 47.9908], [-1.4633, 47.9911], [-1.4631, 47.9917], [-1.4631, 47.9925], [-1.4636, 47.993], [-1.4641, 47.9939], [-1.4642, 47.9948], [-1.4642, 47.9959], [-1.4645, 47.9968], [-1.4647, 47.9979], [-1.4645, 47.9988], [-1.4645, 47.9995], [-1.4621, 47.9999], [-1.4617, 48], [-1.463, 48.0016], [-1.4633, 48.0018], [-1.465, 48.0038], [-1.466, 48.0055], [-1.4662, 48.0067], [-1.4665, 48.0073], [-1.4672, 48.0082], [-1.4679, 48.0095], [-1.4684, 48.0111], [-1.4693, 48.0124], [-1.4698, 48.0154], [-1.4702, 48.0167], [-1.4712, 48.0183], [-1.4727, 48.0201], [-1.474, 48.0212], [-1.4744, 48.0219], [-1.4757, 48.0263], [-1.4761, 48.0286], [-1.4758, 48.0293], [-1.4756, 48.0299], [-1.4768, 48.0299], [-1.4777, 48.0299], [-1.4785, 48.0303], [-1.4787, 48.0305], [-1.4808, 48.0316], [-1.481, 48.0316], [-1.4813, 48.0313], [-1.4815, 48.0314], [-1.4818, 48.0316], [-1.4832, 48.0327], [-1.4842, 48.0331], [-1.4849, 48.0335], [-1.4853, 48.0336], [-1.487, 48.0318], [-1.4872, 48.0316], [-1.4866, 48.0313], [-1.486, 48.0312], [-1.4862, 48.031], [-1.4878, 48.0293], [-1.4884, 48.0288], [-1.4889, 48.0287], [-1.4889, 48.0284], [-1.4887, 48.0276], [-1.4895, 48.0274], [-1.4896, 48.0271], [-1.4899, 48.0264], [-1.4911, 48.0259], [-1.4913, 48.0257], [-1.4918, 48.0256], [-1.4944, 48.025], [-1.4965, 48.0249], [-1.4973, 48.0248], [-1.501, 48.0248], [-1.5046, 48.0246], [-1.5046, 48.0246], [-1.5059, 48.0221], [-1.5069, 48.022]]], [[[-1.9182, 48.077], [-1.9181, 48.0763], [-1.9195, 48.0724], [-1.9197, 48.0715], [-1.9195, 48.0708], [-1.9196, 48.0701], [-1.9195, 48.0698], [-1.9189, 48.0692], [-1.9188, 48.069], [-1.9193, 48.068], [-1.9201, 48.0655], [-1.9202, 48.0645], [-1.92, 48.0623], [-1.9202, 48.0605], [-1.9204, 48.0599], [-1.9205, 48.0593], [-1.9203, 48.0581], [-1.9204, 48.0578], [-1.9205, 48.0576], [-1.9218, 48.0573], [-1.9226, 48.0567], [-1.9233, 48.0559], [-1.9237, 48.0558], [-1.9244, 48.0553], [-1.9254, 48.0552], [-1.9271, 48.055], [-1.9284, 48.0545], [-1.9285, 48.0545], [-1.9286, 48.0544], [-1.9291, 48.0542], [-1.9295, 48.0542], [-1.93, 48.0544], [-1.9312, 48.0548], [-1.9319, 48.0549], [-1.9323, 48.055], [-1.9328, 48.0551], [-1.9333, 48.0549], [-1.9338, 48.0545], [-1.9352, 48.0538], [-1.9364, 48.0535], [-1.9379, 48.0535], [-1.939, 48.0531], [-1.9409, 48.0531], [-1.9414, 48.0529], [-1.9417, 48.0528], [-1.9424, 48.053], [-1.9431, 48.053], [-1.9437, 48.0531], [-1.9442, 48.0528], [-1.9453, 48.0526], [-1.9461, 48.0523], [-1.9468, 48.0523], [-1.9473, 48.0525], [-1.9475, 48.0527], [-1.9481, 48.0529], [-1.9487, 48.0529], [-1.949, 48.0529], [-1.9501, 48.0524], [-1.9504, 48.052], [-1.9509, 48.0516], [-1.9513, 48.0516], [-1.9518, 48.0518], [-1.9521, 48.052], [-1.9526, 48.0522], [-1.9533, 48.0523], [-1.9536, 48.0533], [-1.9536, 48.0538], [-1.9534, 48.0543], [-1.9535, 48.0548], [-1.9538, 48.0555], [-1.9539, 48.0565], [-1.9538, 48.0568], [-1.9539, 48.0571], [-1.9546, 48.0575], [-1.9547, 48.0578], [-1.9553, 48.058], [-1.9556, 48.0583], [-1.9559, 48.0588], [-1.9561, 48.0599], [-1.9563, 48.0612], [-1.9566, 48.0615], [-1.9576, 48.0619], [-1.9578, 48.0622], [-1.9586, 48.0624], [-1.9594, 48.0633], [-1.9602, 48.0634], [-1.9607, 48.0636], [-1.9615, 48.0636], [-1.9617, 48.064], [-1.9618, 48.0644], [-1.9615, 48.0645], [-1.9612, 48.0645], [-1.9609, 48.0648], [-1.9608, 48.0652], [-1.9602, 48.0651], [-1.9598, 48.0651], [-1.9594, 48.0653], [-1.9591, 48.0653], [-1.9589, 48.0655], [-1.9586, 48.0657], [-1.9586, 48.066], [-1.9581, 48.0659], [-1.9579, 48.0658], [-1.9576, 48.066], [-1.9571, 48.0661], [-1.9569, 48.0663], [-1.9568, 48.0666], [-1.9565, 48.0668], [-1.9564, 48.0671], [-1.9562, 48.0672], [-1.9558, 48.0673], [-1.9556, 48.0675], [-1.9556, 48.0679], [-1.9554, 48.0682], [-1.9553, 48.0688], [-1.9548, 48.0689], [-1.9548, 48.0692], [-1.9553, 48.0695], [-1.9553, 48.0697], [-1.9543, 48.0704], [-1.9541, 48.0709], [-1.9538, 48.0709], [-1.9537, 48.0708], [-1.9536, 48.0709], [-1.9535, 48.0711], [-1.9536, 48.0712], [-1.9533, 48.0712], [-1.9531, 48.071], [-1.9527, 48.0711], [-1.9527, 48.0712], [-1.9523, 48.0713], [-1.9522, 48.0716], [-1.9519, 48.0715], [-1.9516, 48.0713], [-1.9515, 48.0713], [-1.9514, 48.0716], [-1.951, 48.0717], [-1.9509, 48.072], [-1.9505, 48.0719], [-1.9504, 48.0719], [-1.9501, 48.0719], [-1.9499, 48.0722], [-1.9496, 48.0728], [-1.9493, 48.0734], [-1.9491, 48.0738], [-1.9485, 48.0743], [-1.9481, 48.0744], [-1.9474, 48.0744], [-1.9471, 48.0745], [-1.9465, 48.0744], [-1.9463, 48.0744], [-1.9459, 48.0746], [-1.9451, 48.0747], [-1.9449, 48.0749], [-1.9447, 48.0749], [-1.9445, 48.0747], [-1.9442, 48.0747], [-1.9438, 48.0749], [-1.9436, 48.0751], [-1.943, 48.0751], [-1.9426, 48.0754], [-1.9423, 48.0756], [-1.9421, 48.076], [-1.9416, 48.076], [-1.9414, 48.0764], [-1.9415, 48.0768], [-1.9412, 48.0769], [-1.9405, 48.0766], [-1.94, 48.0766], [-1.94, 48.077], [-1.9401, 48.0772], [-1.9401, 48.0773], [-1.9396, 48.0774], [-1.9389, 48.0772], [-1.9387, 48.0771], [-1.938, 48.0772], [-1.9377, 48.0775], [-1.9373, 48.0775], [-1.9372, 48.0772], [-1.9373, 48.0769], [-1.9371, 48.0768], [-1.9369, 48.0768], [-1.9366, 48.0772], [-1.9365, 48.0773], [-1.936, 48.0774], [-1.936, 48.0776], [-1.9361, 48.0778], [-1.936, 48.0782], [-1.9363, 48.0785], [-1.9362, 48.0788], [-1.9364, 48.079], [-1.9364, 48.0792], [-1.9366, 48.0794], [-1.9366, 48.0796], [-1.9362, 48.0798], [-1.9363, 48.08], [-1.9365, 48.0801], [-1.9363, 48.0802], [-1.936, 48.0803], [-1.9357, 48.0805], [-1.9351, 48.0806], [-1.9347, 48.0808], [-1.9345, 48.0808], [-1.9344, 48.0807], [-1.9338, 48.0809], [-1.9336, 48.0809], [-1.9332, 48.0807], [-1.933, 48.0808], [-1.9328, 48.081], [-1.9324, 48.0809], [-1.9322, 48.0806], [-1.932, 48.0805], [-1.932, 48.0802], [-1.932, 48.08], [-1.9319, 48.0799], [-1.9315, 48.08], [-1.9312, 48.08], [-1.9309, 48.0798], [-1.9304, 48.0798], [-1.9301, 48.0794], [-1.9296, 48.0793], [-1.9294, 48.0793], [-1.9291, 48.0794], [-1.9284, 48.0794], [-1.9281, 48.0795], [-1.9278, 48.0794], [-1.9271, 48.0795], [-1.9269, 48.0796], [-1.9264, 48.0796], [-1.9262, 48.0794], [-1.9257, 48.0795], [-1.9254, 48.0795], [-1.9249, 48.0793], [-1.9245, 48.0796], [-1.9241, 48.0796], [-1.9239, 48.0798], [-1.9237, 48.0798], [-1.9235, 48.0796], [-1.9233, 48.0796], [-1.9227, 48.08], [-1.9223, 48.08], [-1.9223, 48.0799], [-1.9219, 48.0799], [-1.9215, 48.0802], [-1.9212, 48.0803], [-1.9207, 48.0809], [-1.9204, 48.0809], [-1.9201, 48.0809], [-1.9202, 48.0801], [-1.9198, 48.0795], [-1.9191, 48.0796], [-1.9186, 48.0788], [-1.9182, 48.077]]], [[[-2.0678, 48.677], [-2.0682, 48.6768], [-2.0688, 48.6766], [-2.0694, 48.6762], [-2.0705, 48.6761], [-2.071, 48.6759], [-2.0718, 48.6758], [-2.0721, 48.6757], [-2.072, 48.6754], [-2.0718, 48.6752], [-2.0718, 48.6751], [-2.0725, 48.675], [-2.0727, 48.6749], [-2.0734, 48.675], [-2.0742, 48.6747], [-2.0746, 48.6747], [-2.0749, 48.6749], [-2.075, 48.6754], [-2.0753, 48.6756], [-2.0753, 48.676], [-2.0747, 48.6764], [-2.0744, 48.6768], [-2.0739, 48.677], [-2.0735, 48.6773], [-2.0732, 48.6773], [-2.0731, 48.6771], [-2.073, 48.6768], [-2.0728, 48.6768], [-2.0725, 48.6768], [-2.0722, 48.677], [-2.0722, 48.6776], [-2.072, 48.6778], [-2.0716, 48.6777], [-2.0713, 48.6773], [-2.071, 48.6774], [-2.0707, 48.6777], [-2.0706, 48.6779], [-2.0702, 48.6782], [-2.0699, 48.6785], [-2.0694, 48.6788], [-2.0688, 48.6788], [-2.0686, 48.6786], [-2.0685, 48.678], [-2.0679, 48.6775], [-2.0678, 48.677]]], [[[-1.8354, 48.7135], [-1.8356, 48.7129], [-1.8356, 48.7122], [-1.8364, 48.7115], [-1.8371, 48.7103], [-1.8381, 48.7093], [-1.839, 48.7078], [-1.8398, 48.7072], [-1.8399, 48.7072], [-1.8398, 48.7078], [-1.8395, 48.7084], [-1.8392, 48.7098], [-1.8388, 48.7103], [-1.8382, 48.7107], [-1.8377, 48.7116], [-1.8374, 48.7119], [-1.8371, 48.712], [-1.8369, 48.7123], [-1.8366, 48.713], [-1.8361, 48.7136], [-1.8358, 48.7137], [-1.8356, 48.7137], [-1.8354, 48.7135]]], [[[-1.9526, 48.699], [-1.9525, 48.6988], [-1.9534, 48.6973], [-1.9537, 48.6969], [-1.954, 48.6969], [-1.9544, 48.6975], [-1.9545, 48.6982], [-1.9553, 48.699], [-1.9552, 48.6992], [-1.9548, 48.6992], [-1.954, 48.699], [-1.9534, 48.6989], [-1.9529, 48.6991], [-1.9526, 48.699]]], [[[-1.8946, 48.6963], [-1.8945, 48.696], [-1.8946, 48.6959], [-1.895, 48.6959], [-1.8953, 48.696], [-1.8957, 48.696], [-1.8959, 48.6958], [-1.896, 48.6957], [-1.8965, 48.6957], [-1.8968, 48.696], [-1.8971, 48.6968], [-1.897, 48.6971], [-1.8967, 48.6974], [-1.8964, 48.6975], [-1.8959, 48.6974], [-1.8954, 48.6972], [-1.8946, 48.6963]]], [[[-2.0062, 48.5953], [-2.0062, 48.5951], [-2.0066, 48.5947], [-2.007, 48.5947], [-2.0073, 48.5948], [-2.0077, 48.5947], [-2.0081, 48.5945], [-2.0084, 48.5946], [-2.0086, 48.5948], [-2.0087, 48.5951], [-2.0084, 48.5955], [-2.0078, 48.5957], [-2.007, 48.5958], [-2.0066, 48.5958], [-2.0062, 48.5953]]], [[[-1.8299, 48.679], [-1.8307, 48.6785], [-1.831, 48.6781], [-1.8315, 48.6778], [-1.8317, 48.6778], [-1.8318, 48.6781], [-1.8316, 48.679], [-1.8313, 48.6795], [-1.8308, 48.6797], [-1.8303, 48.6797], [-1.83, 48.6795], [-1.8299, 48.679]]], [[[-2.0322, 48.6524], [-2.0323, 48.6518], [-2.0326, 48.6513], [-2.033, 48.6514], [-2.0333, 48.6516], [-2.0335, 48.6519], [-2.0342, 48.6523], [-2.0343, 48.6525], [-2.0333, 48.6527], [-2.0327, 48.6528], [-2.0324, 48.6526], [-2.0322, 48.6524]]], [[[-1.8261, 48.6811], [-1.8262, 48.6803], [-1.8266, 48.6804], [-1.8267, 48.6804], [-1.8273, 48.6805], [-1.8275, 48.6806], [-1.8272, 48.6816], [-1.8268, 48.6826], [-1.8267, 48.6827], [-1.8264, 48.6827], [-1.8265, 48.6816], [-1.8261, 48.6811]]], [[[-1.9532, 48.6936], [-1.9533, 48.6935], [-1.9536, 48.6936], [-1.9545, 48.6941], [-1.9556, 48.6944], [-1.9558, 48.6946], [-1.9557, 48.6948], [-1.9547, 48.695], [-1.9543, 48.6949], [-1.9534, 48.6942], [-1.9532, 48.6936]]], [[[-1.9883, 48.5916], [-1.9883, 48.5909], [-1.9882, 48.5905], [-1.9891, 48.5905], [-1.9895, 48.5907], [-1.99, 48.5909], [-1.9901, 48.591], [-1.9901, 48.5912], [-1.9896, 48.5914], [-1.9895, 48.5916], [-1.9892, 48.5918], [-1.9886, 48.5918], [-1.9883, 48.5916]]]]}, "geometry_name": "the_geom", "properties": {"NOM_ABREVI": "AUDIAR", "NOM_COMPLE": "Agence d'Urbanisme et de Développement Intercommunal de l'Agglomération Rennaise"}}], "totalFeatures": 1, "numberMatched": 1, "numberReturned": 1, "timeStamp": "2026-07-04T17:56:47.125Z", "crs": {"type": "name", "properties": {"name": "urn:ogc:def:crs:EPSG::4326"}}}