id,numero_dpe,usr_diagnostiqueur_id,usr_logiciel_id,tr001_modele_dpe_id,nom_methode_dpe,version_methode_dpe,nom_methode_etude_thermique,version_methode_etude_thermique,date_visite_diagnostiqueur,date_etablissement_dpe,date_arrete_tarifs_energies,commentaires_ameliorations_recommandations,explication_personnalisee,consommation_energie,classe_consommation_energie,estimation_ges,classe_estimation_ges,tr002_type_batiment_id,secteur_activite,tr012_categorie_erp_id,tr013_type_erp_id,annee_construction,surface_habitable,surface_thermique_lot,tv016_departement_id,commune,arrondissement,type_voie,nom_rue,numero_rue,batiment,escalier,etage,porte,code_postal,code_insee_commune,code_insee_commune_actualise,numero_lot,quote_part,nom_centre_commercial,surface_commerciale_contractuelle,portee_dpe_batiment,partie_batiment,shon,surface_utile,surface_thermique_parties_communes,en_souterrain,en_surface,nombre_niveaux,nombre_circulations_verticales,nombre_boutiques,presence_verriere,surface_verriere,type_vitrage_verriere,nombre_entrees_avec_sas,nombre_entrees_sans_sas,surface_baies_orientees_nord,surface_baies_orientees_est_ouest,surface_baies_orientees_sud,surface_planchers_hauts_deperditifs,surface_planchers_bas_deperditifs,surface_parois_verticales_opaques_deperditives,etat_avancement,organisme_certificateur,adresse_organisme_certificateur,dpe_vierge,est_efface,date_reception_dpe,longitude,latitude,geo_score,geo_type,geo_adresse,geo_id,geo_l4,geo_l5,tr001_modele_dpe_code,tr001_modele_dpe_type_id,tr001_modele_dpe_modele,tr001_modele_dpe_description,tr001_modele_dpe_fichier_vierge,tr001_modele_dpe_est_efface,tr001_modele_dpe_type,tr001_modele_dpe_type_libelle,tr001_modele_dpe_type_ordre,tr002_type_batiment_code,tr002_type_batiment_description,tr002_type_batiment_libelle,tr002_type_batiment_est_efface,tr002_type_batiment_ordre,tr002_type_batiment_simulateur,tr012_categorie_erp_code,tr012_categorie_erp_categorie,tr012_categorie_erp_groupe,tr012_categorie_erp_est_efface,tr013_type_erp_code,tr013_type_erp_type,tr013_type_erp_categorie_id,tr013_type_erp_est_efface,tr013_type_erp_categorie,tv016_departement_code,tv016_departement_departement,tv017_zone_hiver_id,tv018_zone_ete_id,tv016_departement_altmin,tv016_departement_altmax,tv016_departement_nref,tv016_departement_dhref,tv016_departement_pref,tv016_departement_c2,tv016_departement_c3,tv016_departement_c4,tv016_departement_t_ext_basse,tv016_departement_e,tv016_departement_fch,tv016_departement_fecs_ancienne_m_i,tv016_departement_fecs_recente_m_i,tv016_departement_fecs_solaire_m_i,tv016_departement_fecs_ancienne_i_c,tv016_departement_fecs_recente_i_c,tv017_zone_hiver_code,tv017_zone_hiver_t_ext_moyen,tv017_zone_hiver_peta_cw,tv017_zone_hiver_dh14,tv017_zone_hiver_prs1,tv018_zone_ete_code,tv018_zone_ete_sclim_inf_150,tv018_zone_ete_sclim_sup_150,tv018_zone_ete_rclim_autres_etages,tv018_zone_ete_rclim_dernier_etage
1465,1335V4000001B,2211,3,4,Méthode Facture,,\N,\N,2013-04-23,2013-04-23,2011-09-15,,,116.00,C,3.00,A,4,"Bureau, Administration, Enseignement",\N,\N,1,97.63,97.63,35,CHARTRES-DE-BRETAGNE,,,"9, Rue Léo LANGRANGE",,,,,,35131,35131,35131,,,,0,2,Local 1 et 2,88.75,0.00,0.00,0,0,1,0,0,0,0.00,\N,0,0,0.00,0.00,0.00,0.00,0.00,0.00,1,ICERT,Parc Edonia - Bâtiment G Rue de la Terre Victoria 35760 SAINT GREGOIRE (détail sur www.cofrac.fr programme n°4-4-11),0,0,2013-04-24 04:00:00,-1.81276,48.126816,0.33,housenumber,9 Rue Laënnec 35590 L'Hermitage,35131_0160_00009,9 RUE LAENNEC,,V4,1,6.3a bis,"Pour  les  bâtiments  à  usage  principal  de  bureau,  d’administration  ou  d’enseignement : Consommation par Energie",4_V4_DPE_6.3a_bis.pdf,0,Vente,Vente,1,TR002_004,Bâtiments ou partie de bâtiment à usage principal autre que d'habitation,Non résidentiel,0,5,0,,,,,,,,,,35,35 - Ile et Vilaine,2,1,0,400,5300,53000,79,400.00,,5,-5,418.70,32.90,51.80,66.90,90.00,28.00,41.00,H2,8.08,12.00,33300,3.40,Ea,2,4,1.50,2
1527,1335V8000001F,2211,3,8,Méthode Facture,,\N,\N,2013-04-23,2013-04-23,2011-09-15,,,455.00,F,14.00,C,4,"Autres (théâtres, salles de sport, restaurati",\N,\N,1947,70.40,70.40,35,RENNES,,,"37, Rue St MELAINE",,,,,,35000,35000,35000,,,,100,2,RDC,64.00,100.00,0.00,0,0,2,0,0,0,0.00,\N,0,0,0.00,0.00,0.00,0.00,0.00,0.00,1,ICERT,Parc Edonia - Bâtiment G Rue de la Terre Victoria 35760 SAINT GREGOIRE (détail sur www.cofrac.fr programme n°4-4-11),0,0,2013-04-25 04:00:00,,,0,,,,,,V8,1,6.3c bis,Pour  les  autres  bâtiments  non  mentionnés  dans  les  deux  précédents  cas : Consommation par Energie,8_V8_DPE_6.3c_bis.pdf,0,Vente,Vente,1,TR002_004,Bâtiments ou partie de bâtiment à usage principal autre que d'habitation,Non résidentiel,0,5,0,,,,,,,,,,35,35 - Ile et Vilaine,2,1,0,400,5300,53000,79,400.00,,5,-5,418.70,32.90,51.80,66.90,90.00,28.00,41.00,H2,8.08,12.00,33300,3.40,Ea,2,4,1.50,2
14536,1335V8000004I,8692,5,8,FACTURE,VERSION_2012,\N,\N,2013-05-22,2013-05-24,2011-08-15,\N,,0.00,A,0.00,A,4,\N,\N,\N,1980,223.07,223.07,35,BETTON,,\N,ZA la forge allée de la genaie,\N,\N,\N,\N,\N,35830,35024,35024,,\N,\N,\N,0,\N,0.00,223.07,0.00,0,0,1,0,0,0,0.00,\N,0,0,0.00,0.00,0.00,0.00,0.00,0.00,1,ICERT,116 b rue Eugène pottier 35000 RENNES,1,0,2013-05-24 04:00:00,,,0,,,,,,V8,1,6.3c bis,Pour  les  autres  bâtiments  non  mentionnés  dans  les  deux  précédents  cas : Consommation par Energie,8_V8_DPE_6.3c_bis.pdf,0,Vente,Vente,1,TR002_004,Bâtiments ou partie de bâtiment à usage principal autre que d'habitation,Non résidentiel,0,5,0,,,,,,,,,,35,35 - Ile et Vilaine,2,1,0,400,5300,53000,79,400.00,,5,-5,418.70,32.90,51.80,66.90,90.00,28.00,41.00,H2,8.08,12.00,33300,3.40,Ea,2,4,1.50,2
17330,1335I2000001V,3824,3,23,Méthode Facture,,\N,\N,2013-05-27,2013-05-27,2011-09-15,,,181.00,D,44.00,E,4,Copropriété,\N,\N,1947,61.82,61.82,35,RENNES,,,34 Cours de Bilbao,,,,,,35000,35000,35000,Non communiqué,,,100,2,,61.82,100.00,0.00,0,0,1,0,0,0,0.00,\N,0,0,0.00,0.00,0.00,0.00,0.00,0.00,1,ICERT,Parc Edonia - Bâtiment G Rue de la Terre Victoria 35760 SAINT GREGOIRE (détail sur www.cofrac.fr programme n°4-4-11),0,0,2013-05-27 04:00:00,,,0,,,,,,I2,6,6.2 (Vente),Pour  les  bâtiments  à  usage  principal  d’habitation  : Consommations  réelles  (Méthode Facture),23_I2_DPE_6.2.pdf,0,Copropriété,Copropriété,6,TR002_004,Bâtiments ou partie de bâtiment à usage principal autre que d'habitation,Non résidentiel,0,5,0,,,,,,,,,,35,35 - Ile et Vilaine,2,1,0,400,5300,53000,79,400.00,,5,-5,418.70,32.90,51.80,66.90,90.00,28.00,41.00,H2,8.08,12.00,33300,3.40,Ea,2,4,1.50,2
22087,1335V3000001A,2211,3,3,Méthode Facture,,\N,\N,2013-05-22,2013-05-22,2011-09-15,,,164.00,C,38.00,D,4,"Bureau, Administration, Enseignement",\N,\N,1,2343.75,2343.75,35,RENNES,,,"15, Rue du Doyen Denis LEROY",,,,,,35000,35000,35000,,,\N,\N,1,,2130.68,100.00,0.00,0,0,3,0,0,0,0.00,\N,0,0,1.00,0.00,0.00,2.00,2.00,2.00,1,ICERT,Parc Edonia - Bâtiment G Rue de la Terre Victoria 35760 SAINT GREGOIRE (détail sur www.cofrac.fr programme n°4-4-11),0,0,2013-05-31 04:00:00,,,0,,,,,,V3,1,6.3a,"Pour  les  bâtiments  à  usage  principal  de  bureau,  d’administration  ou  d’enseignement : Consommation par Usage",3_V3_DPE_6.3a.pdf,0,Vente,Vente,1,TR002_004,Bâtiments ou partie de bâtiment à usage principal autre que d'habitation,Non résidentiel,0,5,0,,,,,,,,,,35,35 - Ile et Vilaine,2,1,0,400,5300,53000,79,400.00,,5,-5,418.70,32.90,51.80,66.90,90.00,28.00,41.00,H2,8.08,12.00,33300,3.40,Ea,2,4,1.50,2
26438,1335V8000009N,9445,3,8,Méthode Facture,,\N,\N,2013-06-03,2013-06-03,2011-09-15,,Les consomations prèsentent sur le rapport ne sont pas repésentatives des consommations réelles de chauffage et d'eau chaude du batiment. Les factures électriques ne nous permettent pas de séparer la consommation générale du batiment avec celle du chauffage et de l'eau chaude.,1803.00,G,58.00,E,4,"Autres (théâtres, salles de sport, restaurati",\N,\N,1947,101.06,101.06,35,Saint-Jacques-de-la-Lande,,,"248 b, rue de Nantes",,,RDC,,,35136,35136,35136,M-91,,\N,\N,2,,91.87,91.87,0.00,0,0,1,0,0,0,0.00,\N,0,0,0.00,0.00,0.00,0.00,0.00,0.00,1,ICERT,Parc Edonia - Bâtiment G Rue de la Terre Victoria 35760 SAINT GREGOIRE (détail sur www.cofrac.fr programme n°4-4-11),0,0,2013-06-04 04:00:00,-1.503078,47.95458,0.36,street,Rue de Bain 35150 Janzé,35136_0100,RUE DE BAIN,,V8,1,6.3c bis,Pour  les  autres  bâtiments  non  mentionnés  dans  les  deux  précédents  cas : Consommation par Energie,8_V8_DPE_6.3c_bis.pdf,0,Vente,Vente,1,TR002_004,Bâtiments ou partie de bâtiment à usage principal autre que d'habitation,Non résidentiel,0,5,0,,,,,,,,,,35,35 - Ile et Vilaine,2,1,0,400,5300,53000,79,400.00,,5,-5,418.70,32.90,51.80,66.90,90.00,28.00,41.00,H2,8.08,12.00,33300,3.40,Ea,2,4,1.50,2
28891,1335V8000010F,8849,2,8,3CL - DPE,V2012,\N,\N,2013-06-04,2013-06-04,2011-08-15,,\N,284.78,E,66.64,E,4,Commerce,5,4,1930,0.00,0.00,35,CESSON-SÉVIGNÉ,10,\N,"47, route de Fougères",\N,\N,\N,\N,\N,35510,35051,35051,NC,\N,,\N,2,,0.00,0.00,0.00,0,1,0,0,0,0,0.00,\N,0,0,0.00,0.00,0.00,0.00,0.00,0.00,1,"ICERT 116b, rue Eugène Pottier 35000 RENNES",  ,0,0,2013-06-05 04:00:00,-1.607873,48.145696,0.97,housenumber,47 Route de Fougères 35510 Cesson-Sévigné,35051_0207_00047,47 ROUTE DE FOUGERES,,V8,1,6.3c bis,Pour  les  autres  bâtiments  non  mentionnés  dans  les  deux  précédents  cas : Consommation par Energie,8_V8_DPE_6.3c_bis.pdf,0,Vente,Vente,1,TR002_004,Bâtiments ou partie de bâtiment à usage principal autre que d'habitation,Non résidentiel,0,5,0,TR012_005,5ème Catégorie,2ème Groupe,0,TR013_004,N : Restaurants et débits de boisson,1,0,Établissements installés dans un bâtiment,35,35 - Ile et Vilaine,2,1,0,400,5300,53000,79,400.00,,5,-5,418.70,32.90,51.80,66.90,90.00,28.00,41.00,H2,8.08,12.00,33300,3.40,Ea,2,4,1.50,2
31413,1335V4000005F,9146,3,4,Méthode Facture,,\N,\N,2013-05-13,2013-06-06,2011-09-15,,,0.00,N,0.00,N,4,"Bureau, Administration, Enseignement",\N,\N,1947,146.85,146.85,35,CHARTRES-DE-BRETAGNE,,,ZA LA CROIX AUX POITIERS,,,,,,35131,35131,35131,Non communiqué,,\N,\N,2,bureaux (locaux chauffés),133.50,0.00,0.00,0,0,1,0,0,0,0.00,\N,0,0,0.00,0.00,0.00,0.00,0.00,0.00,1, GINGER CATED - 12 av Gay Lussac - ZAC La Clef Saint Pierre - 78990 ELANCOURT,12 avenue Gay Lussac ZAC LA CLEF ST PIERRE 78990 ELANCOURT (détail sur www.cofrac.fr programme n°4-4-11),1,0,2013-06-06 04:00:00,,,0,,,,,,V4,1,6.3a bis,"Pour  les  bâtiments  à  usage  principal  de  bureau,  d’administration  ou  d’enseignement : Consommation par Energie",4_V4_DPE_6.3a_bis.pdf,0,Vente,Vente,1,TR002_004,Bâtiments ou partie de bâtiment à usage principal autre que d'habitation,Non résidentiel,0,5,0,,,,,,,,,,35,35 - Ile et Vilaine,2,1,0,400,5300,53000,79,400.00,,5,-5,418.70,32.90,51.80,66.90,90.00,28.00,41.00,H2,8.08,12.00,33300,3.40,Ea,2,4,1.50,2
31433,1335V4000006G,9146,3,4,Méthode Facture,,\N,\N,2013-05-13,2013-06-06,2011-09-15,,,0.00,N,0.00,N,4,"Bureau, Administration, Enseignement",\N,\N,1947,111.43,111.43,35,CHARTRES-DE-BRETAGNE,,,ZA LA CROIX AUX POITIERS,,,,,,35131,35131,35131,Non communiqué,,\N,\N,2,bureaux (locaux chauffés),101.30,0.00,0.00,0,0,1,0,0,0,0.00,\N,0,0,0.00,0.00,0.00,0.00,0.00,0.00,1, GINGER CATED - 12 av Gay Lussac - ZAC La Clef Saint Pierre - 78990 ELANCOURT,12 avenue Gay Lussac ZAC LA CLEF ST PIERRE 78990 ELANCOURT (détail sur www.cofrac.fr programme n°4-4-11),1,0,2013-06-06 04:00:00,,,0,,,,,,V4,1,6.3a bis,"Pour  les  bâtiments  à  usage  principal  de  bureau,  d’administration  ou  d’enseignement : Consommation par Energie",4_V4_DPE_6.3a_bis.pdf,0,Vente,Vente,1,TR002_004,Bâtiments ou partie de bâtiment à usage principal autre que d'habitation,Non résidentiel,0,5,0,,,,,,,,,,35,35 - Ile et Vilaine,2,1,0,400,5300,53000,79,400.00,,5,-5,418.70,32.90,51.80,66.90,90.00,28.00,41.00,H2,8.08,12.00,33300,3.40,Ea,2,4,1.50,2
31471,1335V4000007H,9146,3,4,Méthode Facture,,\N,\N,2013-05-13,2013-06-06,2011-09-15,,,0.00,N,0.00,N,4,"Bureau, Administration, Enseignement",\N,\N,1947,123.20,123.20,35,CHARTRES-DE-BRETAGNE,,,ZA LA CROIX AUX POITIERS,,,,,,35131,35131,35131,Non communiqué,,\N,\N,2,bureaux (locaux chauffés),112.00,0.00,0.00,0,0,2,0,0,0,0.00,\N,0,0,0.00,0.00,0.00,0.00,0.00,0.00,1, GINGER CATED - 12 av Gay Lussac - ZAC La Clef Saint Pierre - 78990 ELANCOURT,12 avenue Gay Lussac ZAC LA CLEF ST PIERRE 78990 ELANCOURT (détail sur www.cofrac.fr programme n°4-4-11),1,0,2013-06-06 04:00:00,,,0,,,,,,V4,1,6.3a bis,"Pour  les  bâtiments  à  usage  principal  de  bureau,  d’administration  ou  d’enseignement : Consommation par Energie",4_V4_DPE_6.3a_bis.pdf,0,Vente,Vente,1,TR002_004,Bâtiments ou partie de bâtiment à usage principal autre que d'habitation,Non résidentiel,0,5,0,,,,,,,,,,35,35 - Ile et Vilaine,2,1,0,400,5300,53000,79,400.00,,5,-5,418.70,32.90,51.80,66.90,90.00,28.00,41.00,H2,8.08,12.00,33300,3.40,Ea,2,4,1.50,2
31485,1335V4000008I,9146,3,4,Méthode Facture,,\N,\N,2013-05-13,2013-06-06,2011-09-15,,,0.00,N,0.00,N,4,"Bureau, Administration, Enseignement",\N,\N,1947,145.64,145.64,35,CHARTRES-DE-BRETAGNE,,,ZA LA CROIX AUX POITIERS,,,,,,35131,35131,35131,Non communiqué,,\N,\N,2,bureaux (locaux chauffés),132.40,0.00,0.00,0,0,2,0,0,0,0.00,\N,0,0,0.00,0.00,0.00,0.00,0.00,0.00,1, GINGER CATED - 12 av Gay Lussac - ZAC La Clef Saint Pierre - 78990 ELANCOURT,12 avenue Gay Lussac ZAC LA CLEF ST PIERRE 78990 ELANCOURT (détail sur www.cofrac.fr programme n°4-4-11),1,0,2013-06-06 04:00:00,,,0,,,,,,V4,1,6.3a bis,"Pour  les  bâtiments  à  usage  principal  de  bureau,  d’administration  ou  d’enseignement : Consommation par Energie",4_V4_DPE_6.3a_bis.pdf,0,Vente,Vente,1,TR002_004,Bâtiments ou partie de bâtiment à usage principal autre que d'habitation,Non résidentiel,0,5,0,,,,,,,,,,35,35 - Ile et Vilaine,2,1,0,400,5300,53000,79,400.00,,5,-5,418.70,32.90,51.80,66.90,90.00,28.00,41.00,H2,8.08,12.00,33300,3.40,Ea,2,4,1.50,2
31509,1335V4000009J,9146,3,4,Méthode Facture,,\N,\N,2013-05-13,2013-06-06,2011-09-15,,,0.00,N,0.00,N,4,"Bureau, Administration, Enseignement",\N,\N,1947,63.36,63.36,35,CHARTRES-DE-BRETAGNE,,,ZA LA CROIX AUX POITIERS,,,,,,35131,35131,35131,Non communiqué,,\N,\N,2,bureaux (locaux chauffés),57.60,0.00,0.00,0,0,2,0,0,0,0.00,\N,0,0,0.00,0.00,0.00,0.00,0.00,0.00,1, GINGER CATED - 12 av Gay Lussac - ZAC La Clef Saint Pierre - 78990 ELANCOURT,12 avenue Gay Lussac ZAC LA CLEF ST PIERRE 78990 ELANCOURT (détail sur www.cofrac.fr programme n°4-4-11),1,0,2013-06-06 04:00:00,,,0,,,,,,V4,1,6.3a bis,"Pour  les  bâtiments  à  usage  principal  de  bureau,  d’administration  ou  d’enseignement : Consommation par Energie",4_V4_DPE_6.3a_bis.pdf,0,Vente,Vente,1,TR002_004,Bâtiments ou partie de bâtiment à usage principal autre que d'habitation,Non résidentiel,0,5,0,,,,,,,,,,35,35 - Ile et Vilaine,2,1,0,400,5300,53000,79,400.00,,5,-5,418.70,32.90,51.80,66.90,90.00,28.00,41.00,H2,8.08,12.00,33300,3.40,Ea,2,4,1.50,2
31522,1335V8000014J,9146,3,8,Méthode Facture,,\N,\N,2013-05-13,2013-06-06,2011-09-15,La surface de la cellule 1 ne dispose d'aucun moyen de chauffage.,,0.00,N,0.00,N,4,"Autres (théâtres, salles de sport, restaurati",\N,\N,1947,3279.54,3279.54,35,CHARTRES-DE-BRETAGNE,,,ZA LA CROIX AUX POITIERS,,,,,,35131,35131,35131,Non communiqué,,\N,\N,1,,2981.40,0.00,0.00,0,0,1,0,0,0,0.00,\N,0,0,0.00,0.00,0.00,0.00,0.00,0.00,1, GINGER CATED - 12 av Gay Lussac - ZAC La Clef Saint Pierre - 78990 ELANCOURT,12 avenue Gay Lussac ZAC LA CLEF ST PIERRE 78990 ELANCOURT (détail sur www.cofrac.fr programme n°4-4-11),1,0,2013-06-06 04:00:00,,,0,,,,,,V8,1,6.3c bis,Pour  les  autres  bâtiments  non  mentionnés  dans  les  deux  précédents  cas : Consommation par Energie,8_V8_DPE_6.3c_bis.pdf,0,Vente,Vente,1,TR002_004,Bâtiments ou partie de bâtiment à usage principal autre que d'habitation,Non résidentiel,0,5,0,,,,,,,,,,35,35 - Ile et Vilaine,2,1,0,400,5300,53000,79,400.00,,5,-5,418.70,32.90,51.80,66.90,90.00,28.00,41.00,H2,8.08,12.00,33300,3.40,Ea,2,4,1.50,2
31545,1335V4000010B,9146,3,4,Méthode Facture,,\N,\N,2013-05-13,2013-06-06,2011-09-15,La surface de la cellule intermédiaire ne dispose d'aucun moyen de chauffage.,,0.00,N,0.00,N,4,"Bureau, Administration, Enseignement",\N,\N,1947,629.09,629.09,35,CHARTRES-DE-BRETAGNE,,,ZA LA CROIX AUX POITIERS,,,,,,35131,35131,35131,Non communiqué,,\N,\N,1,,571.90,0.00,0.00,0,0,1,0,0,0,0.00,\N,0,0,0.00,0.00,0.00,0.00,0.00,0.00,1, GINGER CATED - 12 av Gay Lussac - ZAC La Clef Saint Pierre - 78990 ELANCOURT,12 avenue Gay Lussac ZAC LA CLEF ST PIERRE 78990 ELANCOURT (détail sur www.cofrac.fr programme n°4-4-11),1,0,2013-06-06 04:00:00,,,0,,,,,,V4,1,6.3a bis,"Pour  les  bâtiments  à  usage  principal  de  bureau,  d’administration  ou  d’enseignement : Consommation par Energie",4_V4_DPE_6.3a_bis.pdf,0,Vente,Vente,1,TR002_004,Bâtiments ou partie de bâtiment à usage principal autre que d'habitation,Non résidentiel,0,5,0,,,,,,,,,,35,35 - Ile et Vilaine,2,1,0,400,5300,53000,79,400.00,,5,-5,418.70,32.90,51.80,66.90,90.00,28.00,41.00,H2,8.08,12.00,33300,3.40,Ea,2,4,1.50,2
31566,1335V4000011C,9146,3,4,Méthode Facture,,\N,\N,2013-05-13,2013-06-06,2011-09-15,,,0.00,N,0.00,N,4,"Bureau, Administration, Enseignement",\N,\N,1947,132.88,132.88,35,CHARTRES-DE-BRETAGNE,,,ZA LA CROIX AUX POITIERS,,,,,,35131,35131,35131,Non communiqué,,\N,\N,2,Bureaux (locaux chauffés),120.80,100.00,0.00,0,0,1,0,0,0,0.00,\N,0,0,0.00,0.00,0.00,0.00,0.00,0.00,1, GINGER CATED - 12 av Gay Lussac - ZAC La Clef Saint Pierre - 78990 ELANCOURT,12 avenue Gay Lussac ZAC LA CLEF ST PIERRE 78990 ELANCOURT (détail sur www.cofrac.fr programme n°4-4-11),1,0,2013-06-06 04:00:00,,,0,,,,,,V4,1,6.3a bis,"Pour  les  bâtiments  à  usage  principal  de  bureau,  d’administration  ou  d’enseignement : Consommation par Energie",4_V4_DPE_6.3a_bis.pdf,0,Vente,Vente,1,TR002_004,Bâtiments ou partie de bâtiment à usage principal autre que d'habitation,Non résidentiel,0,5,0,,,,,,,,,,35,35 - Ile et Vilaine,2,1,0,400,5300,53000,79,400.00,,5,-5,418.70,32.90,51.80,66.90,90.00,28.00,41.00,H2,8.08,12.00,33300,3.40,Ea,2,4,1.50,2
31700,1335V8000015K,7128,5,8,FACTURE,VERSION_2012,\N,\N,2013-06-06,2013-06-06,2011-08-15,\N,,1129.92,G,36.78,D,4,\N,1,3,1800,55.00,55.00,35,RENNES,,\N,"2, Rue Chateaurenault",\N,\N,\N,\N,\N,35000,35238,35238,,\N,\N,\N,0,\N,0.00,55.00,0.00,0,0,1,0,0,0,0.00,\N,0,0,0.00,0.00,0.00,0.00,0.00,0.00,1,SGS ICS,"29, avenue Aristide Briand. 94211. ARCUEIL Cedex",0,0,2013-06-06 04:00:00,-1.675442,48.111305,0.45,housenumber,2 Rue Docteur Regnault 35000 Rennes,35238_2540_00002,2 RUE DOCTEUR REGNAULT,,V8,1,6.3c bis,Pour  les  autres  bâtiments  non  mentionnés  dans  les  deux  précédents  cas : Consommation par Energie,8_V8_DPE_6.3c_bis.pdf,0,Vente,Vente,1,TR002_004,Bâtiments ou partie de bâtiment à usage principal autre que d'habitation,Non résidentiel,0,5,0,TR012_001,1ère Catégorie,1er Groupe,0,TR013_003,"M : Magasins de vente, centres commerciaux",1,0,Établissements installés dans un bâtiment,35,35 - Ile et Vilaine,2,1,0,400,5300,53000,79,400.00,,5,-5,418.70,32.90,51.80,66.90,90.00,28.00,41.00,H2,8.08,12.00,33300,3.40,Ea,2,4,1.50,2
37335,1335V3000003C,5058,3,3,Méthode Facture,,\N,\N,2013-06-04,2013-06-10,2011-09-15,,,0.00,N,0.00,N,4,"Bureau, Administration, Enseignement",\N,\N,1,275.00,275.00,35,CESSON SEVIGNE,,,IMMEUBLE LE NEWTON 3 BIS AVENUE BELLE FONTAINE,,,,,,35510,35510,35510,,,\N,\N,2,Cellule  bureaux  au sein de l'immeuble terti,250.00,0.00,0.00,0,0,1,0,0,0,0.00,\N,0,0,0.00,0.00,0.00,0.00,0.00,0.00,1,C147 QUALIXPERT 17 RUE BORREL 81100 CASTRES,17 rue Borrel 81100 CASTRES (détail sur www.cofrac.fr programme n°4-4-11),1,0,2013-06-10 04:00:00,,,0,,,,,,V3,1,6.3a,"Pour  les  bâtiments  à  usage  principal  de  bureau,  d’administration  ou  d’enseignement : Consommation par Usage",3_V3_DPE_6.3a.pdf,0,Vente,Vente,1,TR002_004,Bâtiments ou partie de bâtiment à usage principal autre que d'habitation,Non résidentiel,0,5,0,,,,,,,,,,35,35 - Ile et Vilaine,2,1,0,400,5300,53000,79,400.00,,5,-5,418.70,32.90,51.80,66.90,90.00,28.00,41.00,H2,8.08,12.00,33300,3.40,Ea,2,4,1.50,2
37673,1335V4000012D,9445,3,4,Méthode Facture,,\N,\N,2013-06-07,2013-06-10,2011-09-15,,,150.00,C,4.00,A,4,"Bureau, Administration, Enseignement",\N,\N,1,110.00,110.00,35,Saint-Grégoire,,,"8, rue de Belle-Ile",,,,,,35760,35760,35760,NC,,\N,\N,2,,100.00,100.00,0.00,0,0,1,0,0,0,0.00,\N,0,0,1.00,0.00,0.00,100.00,100.00,1.00,1,ICERT,Parc Edonia - Bâtiment G Rue de la Terre Victoria 35760 SAINT GREGOIRE (détail sur www.cofrac.fr programme n°4-4-11),0,0,2013-06-10 04:00:00,,,0,,,,,,V4,1,6.3a bis,"Pour  les  bâtiments  à  usage  principal  de  bureau,  d’administration  ou  d’enseignement : Consommation par Energie",4_V4_DPE_6.3a_bis.pdf,0,Vente,Vente,1,TR002_004,Bâtiments ou partie de bâtiment à usage principal autre que d'habitation,Non résidentiel,0,5,0,,,,,,,,,,35,35 - Ile et Vilaine,2,1,0,400,5300,53000,79,400.00,,5,-5,418.70,32.90,51.80,66.90,90.00,28.00,41.00,H2,8.08,12.00,33300,3.40,Ea,2,4,1.50,2
37699,1335V7000002F,9445,3,7,Méthode Facture,,\N,\N,2013-06-06,2013-06-10,2011-09-15,,,113.00,C,26.00,D,4,"Autres (théâtres, salles de sport, restaurati",\N,\N,1947,55.00,55.00,35,Rennes,,,"2, rue de Châteaudun",,,RDC,,,35000,35000,35000,NC,,\N,\N,1,,50.00,50.00,0.00,0,0,1,0,0,0,0.00,\N,0,0,1.00,0.00,0.00,50.00,50.00,10.00,1,ICERT,Parc Edonia - Bâtiment G Rue de la Terre Victoria 35760 SAINT GREGOIRE (détail sur www.cofrac.fr programme n°4-4-11),0,0,2013-06-10 04:00:00,,,0,,,,,,V7,1,6.3c,Pour  les  autres  bâtiments  non  mentionnés  dans  les  deux  précédents  cas : Consommation par Usage,7_V7_DPE_6.3c.pdf,0,Vente,Vente,1,TR002_004,Bâtiments ou partie de bâtiment à usage principal autre que d'habitation,Non résidentiel,0,5,0,,,,,,,,,,35,35 - Ile et Vilaine,2,1,0,400,5300,53000,79,400.00,,5,-5,418.70,32.90,51.80,66.90,90.00,28.00,41.00,H2,8.08,12.00,33300,3.40,Ea,2,4,1.50,2
41792,1335V8000017M,2465,5,8,FACTURE,VERSION_2012,\N,\N,2013-06-05,2013-06-12,2011-08-15,\N,,145.68,C,4.74,B,4,\N,\N,\N,1985,1315.60,1315.60,35,BETTON,,\N,3 rue des Tanneurs,\N,\N,\N,\N,\N,35830,35024,35024,,\N,\N,\N,0,\N,0.00,1315.60,0.00,0,0,1,0,0,0,0.00,\N,0,0,0.00,0.00,0.00,0.00,0.00,0.00,1,I.CERT,Parc Edonia - Rue de la Terre Victoria 35760 Saint Grégoire,0,0,2013-06-12 04:00:00,-1.628521,48.187692,0.96,housenumber,3 Rue des Tanneurs 35830 Betton,35024_0132_00003,3 RUE DES TANNEURS,,V8,1,6.3c bis,Pour  les  autres  bâtiments  non  mentionnés  dans  les  deux  précédents  cas : Consommation par Energie,8_V8_DPE_6.3c_bis.pdf,0,Vente,Vente,1,TR002_004,Bâtiments ou partie de bâtiment à usage principal autre que d'habitation,Non résidentiel,0,5,0,,,,,,,,,,35,35 - Ile et Vilaine,2,1,0,400,5300,53000,79,400.00,,5,-5,418.70,32.90,51.80,66.90,90.00,28.00,41.00,H2,8.08,12.00,33300,3.40,Ea,2,4,1.50,2
41809,1335V8000019O,2465,5,8,FACTURE,VERSION_2012,\N,\N,2013-06-05,2013-06-12,2011-08-15,\N,,145.68,C,4.74,B,4,\N,\N,\N,1985,1315.60,1315.60,35,BETTON,,\N,3 rue des Tanneurs,\N,\N,\N,\N,\N,35830,35024,35024,,\N,\N,\N,0,\N,0.00,1315.60,0.00,0,0,1,0,0,0,0.00,\N,0,0,0.00,0.00,0.00,0.00,0.00,0.00,1,I.CERT,Parc Edonia - Rue de la Terre Victoria 35760 Saint Grégoire,0,0,2013-06-12 04:00:00,-1.628521,48.187692,0.96,housenumber,3 Rue des Tanneurs 35830 Betton,35024_0132_00003,3 RUE DES TANNEURS,,V8,1,6.3c bis,Pour  les  autres  bâtiments  non  mentionnés  dans  les  deux  précédents  cas : Consommation par Energie,8_V8_DPE_6.3c_bis.pdf,0,Vente,Vente,1,TR002_004,Bâtiments ou partie de bâtiment à usage principal autre que d'habitation,Non résidentiel,0,5,0,,,,,,,,,,35,35 - Ile et Vilaine,2,1,0,400,5300,53000,79,400.00,,5,-5,418.70,32.90,51.80,66.90,90.00,28.00,41.00,H2,8.08,12.00,33300,3.40,Ea,2,4,1.50,2
43196,1335V4000013E,7128,5,4,FACTURE,VERSION_2012,\N,\N,2013-06-04,2013-06-12,2011-08-15,\N,,341.12,D,11.10,B,4,\N,1,12,1975,330.00,330.00,35,RENNES,,\N,"60, Boulevard de la haie des cognets",\N,\N,\N,\N,\N,35000,35238,35238,,\N,\N,\N,0,\N,0.00,330.00,0.00,0,0,1,0,0,0,0.00,\N,0,0,0.00,0.00,0.00,0.00,0.00,0.00,1,SGS ICS,"29, avenue Aristide Briand. 94211. ARCUEIL Cedex",0,0,2013-06-12 04:00:00,-1.728536,48.085032,0.89,street,Boulevard de la Haie des Cognets 35000 Rennes,35238_4122,BOULEVARD DE LA HAIE DES COGNETS,,V4,1,6.3a bis,"Pour  les  bâtiments  à  usage  principal  de  bureau,  d’administration  ou  d’enseignement : Consommation par Energie",4_V4_DPE_6.3a_bis.pdf,0,Vente,Vente,1,TR002_004,Bâtiments ou partie de bâtiment à usage principal autre que d'habitation,Non résidentiel,0,5,0,TR012_001,1ère Catégorie,1er Groupe,0,TR013_012,"W : Administrations, banques, bureaux",1,0,Établissements installés dans un bâtiment,35,35 - Ile et Vilaine,2,1,0,400,5300,53000,79,400.00,,5,-5,418.70,32.90,51.80,66.90,90.00,28.00,41.00,H2,8.08,12.00,33300,3.40,Ea,2,4,1.50,2
44119,1335V8000020G,8849,2,8,3CL - DPE,V2012,\N,\N,2013-06-13,2013-06-13,2011-08-15,,\N,262.91,D,8.56,B,4,Commerce,\N,\N,2005,0.00,0.00,35,RENNES,00,\N,"84, rue Alphonse Guérin",\N,\N,\N,\N,\N,35000,35238,35238,NC,\N,,\N,2,,0.00,0.00,0.00,0,1,0,0,0,0,0.00,\N,0,0,0.00,0.00,0.00,0.00,0.00,0.00,1,"ICERT 116b, rue Eugène Pottier 35000 RENNES",  ,0,0,2013-06-13 04:00:00,-1.65665,48.109526,0.98,housenumber,84 Rue Alphonse Guérin 35000 Rennes,35238_0310_00084,84 RUE ALPHONSE GUERIN,,V8,1,6.3c bis,Pour  les  autres  bâtiments  non  mentionnés  dans  les  deux  précédents  cas : Consommation par Energie,8_V8_DPE_6.3c_bis.pdf,0,Vente,Vente,1,TR002_004,Bâtiments ou partie de bâtiment à usage principal autre que d'habitation,Non résidentiel,0,5,0,,,,,,,,,,35,35 - Ile et Vilaine,2,1,0,400,5300,53000,79,400.00,,5,-5,418.70,32.90,51.80,66.90,90.00,28.00,41.00,H2,8.08,12.00,33300,3.40,Ea,2,4,1.50,2
44708,1335V4000014F,2211,3,4,Méthode Facture,,\N,\N,2013-06-03,2013-06-03,2011-09-15,,,265.00,D,8.00,B,4,"Bureau, Administration, Enseignement",\N,\N,1947,15.40,15.40,35,RENNES,,,"35, Rue du Manoir de Servigné",,,,,,35000,35000,35000,,,\N,\N,2,HALL 1-B,14.00,0.00,0.00,0,0,1,0,0,0,0.00,\N,0,0,0.00,0.00,0.00,0.00,0.00,1.00,1,ICERT,Parc Edonia - Bâtiment G Rue de la Terre Victoria 35760 SAINT GREGOIRE (détail sur www.cofrac.fr programme n°4-4-11),0,0,2013-06-13 04:00:00,,,0,,,,,,V4,1,6.3a bis,"Pour  les  bâtiments  à  usage  principal  de  bureau,  d’administration  ou  d’enseignement : Consommation par Energie",4_V4_DPE_6.3a_bis.pdf,0,Vente,Vente,1,TR002_004,Bâtiments ou partie de bâtiment à usage principal autre que d'habitation,Non résidentiel,0,5,0,,,,,,,,,,35,35 - Ile et Vilaine,2,1,0,400,5300,53000,79,400.00,,5,-5,418.70,32.90,51.80,66.90,90.00,28.00,41.00,H2,8.08,12.00,33300,3.40,Ea,2,4,1.50,2
51997,1335V4000015G,2211,3,4,Méthode Facture,,\N,\N,2013-06-17,2013-06-17,2011-09-15,,,189.00,C,6.00,B,4,"Bureau, Administration, Enseignement",\N,\N,1,372.90,372.90,35,SAINT-GRÉGOIRE,,,Parc Edonia Rue des Iles Kerguelen Bat M,,,,,,35760,35760,35760,Non communiqué,,\N,\N,2,R+2,339.00,0.00,0.00,0,0,1,0,0,0,0.00,\N,0,0,0.00,0.00,0.00,0.00,0.00,0.00,1,ICERT,Parc Edonia - Bâtiment G Rue de la Terre Victoria 35760 SAINT GREGOIRE (détail sur www.cofrac.fr programme n°4-4-11),0,0,2013-06-17 04:00:00,,,0,,,,,,V4,1,6.3a bis,"Pour  les  bâtiments  à  usage  principal  de  bureau,  d’administration  ou  d’enseignement : Consommation par Energie",4_V4_DPE_6.3a_bis.pdf,0,Vente,Vente,1,TR002_004,Bâtiments ou partie de bâtiment à usage principal autre que d'habitation,Non résidentiel,0,5,0,,,,,,,,,,35,35 - Ile et Vilaine,2,1,0,400,5300,53000,79,400.00,,5,-5,418.70,32.90,51.80,66.90,90.00,28.00,41.00,H2,8.08,12.00,33300,3.40,Ea,2,4,1.50,2
52003,1335V4000016H,2211,3,4,Méthode Facture,,\N,\N,2013-06-17,2013-06-17,2011-09-15,,,189.00,C,6.00,B,4,"Bureau, Administration, Enseignement",\N,\N,1,372.90,372.90,35,SAINT-GRÉGOIRE,,,Parc Edonia Rue des Iles Kerguelen Bat M,,,,,,35760,35760,35760,Non communiqué,,\N,\N,2,R+2,339.00,0.00,0.00,0,0,1,0,0,0,0.00,\N,0,0,0.00,0.00,0.00,0.00,0.00,0.00,1,ICERT,Parc Edonia - Bâtiment G Rue de la Terre Victoria 35760 SAINT GREGOIRE (détail sur www.cofrac.fr programme n°4-4-11),0,0,2013-06-17 04:00:00,,,0,,,,,,V4,1,6.3a bis,"Pour  les  bâtiments  à  usage  principal  de  bureau,  d’administration  ou  d’enseignement : Consommation par Energie",4_V4_DPE_6.3a_bis.pdf,0,Vente,Vente,1,TR002_004,Bâtiments ou partie de bâtiment à usage principal autre que d'habitation,Non résidentiel,0,5,0,,,,,,,,,,35,35 - Ile et Vilaine,2,1,0,400,5300,53000,79,400.00,,5,-5,418.70,32.90,51.80,66.90,90.00,28.00,41.00,H2,8.08,12.00,33300,3.40,Ea,2,4,1.50,2
52013,1335V4000017I,2211,3,4,Méthode Facture,,\N,\N,2013-06-17,2013-06-17,2011-09-15,,,189.00,C,6.00,B,4,"Bureau, Administration, Enseignement",\N,\N,1,372.90,372.90,35,SAINT-GRÉGOIRE,,,Parc Edonia Rue des Iles Kerguelen Bat M,,,,,,35760,35760,35760,Non communiqué,,\N,\N,2,R+2,339.00,0.00,0.00,0,0,1,0,0,0,0.00,\N,0,0,0.00,0.00,0.00,0.00,0.00,0.00,1,ICERT,Parc Edonia - Bâtiment G Rue de la Terre Victoria 35760 SAINT GREGOIRE (détail sur www.cofrac.fr programme n°4-4-11),0,0,2013-06-17 04:00:00,,,0,,,,,,V4,1,6.3a bis,"Pour  les  bâtiments  à  usage  principal  de  bureau,  d’administration  ou  d’enseignement : Consommation par Energie",4_V4_DPE_6.3a_bis.pdf,0,Vente,Vente,1,TR002_004,Bâtiments ou partie de bâtiment à usage principal autre que d'habitation,Non résidentiel,0,5,0,,,,,,,,,,35,35 - Ile et Vilaine,2,1,0,400,5300,53000,79,400.00,,5,-5,418.70,32.90,51.80,66.90,90.00,28.00,41.00,H2,8.08,12.00,33300,3.40,Ea,2,4,1.50,2
52138,1335V4000018J,8058,5,4,FACTURE,VERSION_2012,\N,\N,2013-06-17,2013-06-17,2011-08-15,\N,,0.00,N,0.00,N,4,\N,\N,\N,2000,75.90,75.90,35,CHARTRES-DE-BRETAGNE,,\N,7 B RUE DU VILLAGE DE LA METAIRIE,\N,\N,\N,\N,\N,35131,35066,35066,,\N,\N,\N,0,\N,0.00,75.90,0.00,0,0,1,0,0,0,0.00,\N,0,0,0.00,0.00,0.00,0.00,0.00,0.00,1,ICERT,n/c,1,0,2013-06-17 04:00:00,-1.710921,48.047711,0.88,housenumber,7b Rue du Village de la Métairie 35131 Chartres-de-Bretagne,35066_0402_00007_b,7B RUE DU VILLAGE DE LA METAIRIE,,V4,1,6.3a bis,"Pour  les  bâtiments  à  usage  principal  de  bureau,  d’administration  ou  d’enseignement : Consommation par Energie",4_V4_DPE_6.3a_bis.pdf,0,Vente,Vente,1,TR002_004,Bâtiments ou partie de bâtiment à usage principal autre que d'habitation,Non résidentiel,0,5,0,,,,,,,,,,35,35 - Ile et Vilaine,2,1,0,400,5300,53000,79,400.00,,5,-5,418.70,32.90,51.80,66.90,90.00,28.00,41.00,H2,8.08,12.00,33300,3.40,Ea,2,4,1.50,2
52782,1335V3000005E,9347,2,3,3CL - DPE,V2012,\N,\N,2013-06-17,2013-06-17,2011-08-15,,17,210.54,C,6.85,B,4,Bureaux,\N,12,1997,0.00,0.00,35,RENNES,00,boulevard,Jacques Cartier,42,,,,,35000,35238,35238,,\N,\N,\N,0,\N,0.00,0.00,0.00,0,0,0,0,0,0,0.00,\N,0,0,0.00,0.00,0.00,0.00,0.00,0.00,1,ICERT,Parc EDONIA - Bât. A  Rue de la Terre Victoria 35760 SAINT-GRÉGOIRE,0,0,2013-06-18 04:00:00,-1.685917,48.096986,0.98,housenumber,42 Boulevard Jacques Cartier 35000 Rennes,35238_4590_00042,42 BOULEVARD JACQUES CARTIER,,V3,1,6.3a,"Pour  les  bâtiments  à  usage  principal  de  bureau,  d’administration  ou  d’enseignement : Consommation par Usage",3_V3_DPE_6.3a.pdf,0,Vente,Vente,1,TR002_004,Bâtiments ou partie de bâtiment à usage principal autre que d'habitation,Non résidentiel,0,5,0,,,,,TR013_012,"W : Administrations, banques, bureaux",1,0,Établissements installés dans un bâtiment,35,35 - Ile et Vilaine,2,1,0,400,5300,53000,79,400.00,,5,-5,418.70,32.90,51.80,66.90,90.00,28.00,41.00,H2,8.08,12.00,33300,3.40,Ea,2,4,1.50,2
53714,1335V4000019K,9445,3,4,Méthode Facture,,\N,\N,2013-06-17,2013-06-17,2011-09-15,,,359.00,E,11.00,B,4,"Bureau, Administration, Enseignement",\N,\N,1947,28.60,28.60,35,Rennes,,,"12, quai Duguay Trouin",,,,,,35000,35000,35000,NC,,\N,\N,2,,26.00,26.00,0.00,0,0,1,0,0,0,0.00,\N,0,0,1.00,0.00,0.00,0.00,0.00,1.00,1,ICERT,Parc Edonia - Bâtiment G Rue de la Terre Victoria 35760 SAINT GREGOIRE (détail sur www.cofrac.fr programme n°4-4-11),0,0,2013-06-18 04:00:00,,,0,,,,,,V4,1,6.3a bis,"Pour  les  bâtiments  à  usage  principal  de  bureau,  d’administration  ou  d’enseignement : Consommation par Energie",4_V4_DPE_6.3a_bis.pdf,0,Vente,Vente,1,TR002_004,Bâtiments ou partie de bâtiment à usage principal autre que d'habitation,Non résidentiel,0,5,0,,,,,,,,,,35,35 - Ile et Vilaine,2,1,0,400,5300,53000,79,400.00,,5,-5,418.70,32.90,51.80,66.90,90.00,28.00,41.00,H2,8.08,12.00,33300,3.40,Ea,2,4,1.50,2
56476,1335V4000020C,9445,3,4,Méthode Facture,,\N,\N,2013-06-19,2013-06-19,2011-09-15,,,180.00,C,10.00,B,4,"Bureau, Administration, Enseignement",\N,\N,1,1650.00,1650.00,35,Rennes,,,"2A, rue du Bignon",,,,,,35000,35000,35000,NC,,\N,\N,1,,1500.00,0.00,0.00,0,0,3,0,0,0,0.00,\N,0,0,10.00,0.00,0.00,500.00,500.00,1.00,1,ICERT,Parc Edonia - Bâtiment G Rue de la Terre Victoria 35760 SAINT GREGOIRE (détail sur www.cofrac.fr programme n°4-4-11),0,0,2013-06-19 04:00:00,,,0,,,,,,V4,1,6.3a bis,"Pour  les  bâtiments  à  usage  principal  de  bureau,  d’administration  ou  d’enseignement : Consommation par Energie",4_V4_DPE_6.3a_bis.pdf,0,Vente,Vente,1,TR002_004,Bâtiments ou partie de bâtiment à usage principal autre que d'habitation,Non résidentiel,0,5,0,,,,,,,,,,35,35 - Ile et Vilaine,2,1,0,400,5300,53000,79,400.00,,5,-5,418.70,32.90,51.80,66.90,90.00,28.00,41.00,H2,8.08,12.00,33300,3.40,Ea,2,4,1.50,2
59369,1335V8000022I,9287,5,8,FACTURE,VERSION_2012,\N,\N,2013-06-20,2013-06-20,2011-08-15,\N,,385.62,F,90.23,F,4,\N,\N,\N,1964,81.40,81.40,35,RENNES,,\N,144 RUE D ANTRAIN,\N,\N,\N,\N,\N,35000,35238,35238,,\N,\N,\N,0,\N,0.00,81.40,0.00,0,0,1,0,0,0,0.00,\N,0,0,0.00,0.00,0.00,0.00,0.00,0.00,1,CERTIFI,n/c,0,0,2013-06-20 04:00:00,-1.67027,48.121635,0.98,housenumber,144 Rue d'Antrain 35700 Rennes,35238_0450_00144,144 RUE D ANTRAIN,,V8,1,6.3c bis,Pour  les  autres  bâtiments  non  mentionnés  dans  les  deux  précédents  cas : Consommation par Energie,8_V8_DPE_6.3c_bis.pdf,0,Vente,Vente,1,TR002_004,Bâtiments ou partie de bâtiment à usage principal autre que d'habitation,Non résidentiel,0,5,0,,,,,,,,,,35,35 - Ile et Vilaine,2,1,0,400,5300,53000,79,400.00,,5,-5,418.70,32.90,51.80,66.90,90.00,28.00,41.00,H2,8.08,12.00,33300,3.40,Ea,2,4,1.50,2
61161,1335V4000021D,7128,5,4,FACTURE,VERSION_2012,\N,\N,2013-06-20,2013-06-20,2011-08-15,\N,,179.25,C,5.83,A,4,\N,\N,12,2008,162.80,162.80,35,RENNES,,\N,"3, Allée Ermangarde d'Anjou  Le Satelis- Batiment B ",\N,\N,\N,\N,\N,35000,35238,35238,,\N,\N,\N,0,\N,0.00,162.80,0.00,0,0,1,0,0,0,0.00,\N,0,0,0.00,0.00,0.00,0.00,0.00,0.00,1,SGS ICS,"29, avenue Aristide Briand. 94211. ARCUEIL Cedex",0,0,2013-06-20 04:00:00,-1.715306,48.112693,0.61,housenumber,3 Allée Ermengarde d'Anjou 35000 Rennes,35238_0429_00003,3 ALLEE ERMENGARDE D ANJOU,,V4,1,6.3a bis,"Pour  les  bâtiments  à  usage  principal  de  bureau,  d’administration  ou  d’enseignement : Consommation par Energie",4_V4_DPE_6.3a_bis.pdf,0,Vente,Vente,1,TR002_004,Bâtiments ou partie de bâtiment à usage principal autre que d'habitation,Non résidentiel,0,5,0,,,,,TR013_012,"W : Administrations, banques, bureaux",1,0,Établissements installés dans un bâtiment,35,35 - Ile et Vilaine,2,1,0,400,5300,53000,79,400.00,,5,-5,418.70,32.90,51.80,66.90,90.00,28.00,41.00,H2,8.08,12.00,33300,3.40,Ea,2,4,1.50,2
63695,1335C1000001X,7070,3,20,Méthode Facture,,\N,\N,2013-06-20,2013-06-21,2011-09-15,,,0.00,N,0.00,N,5,Centres Commerciaux,\N,\N,1947,220.00,220.00,35,RENNES,,,13 - 15 rue Dupont des Loges,,,Etage RDC,,,35000,35000,35000,RDC BUREAU,,,100,2,,200.00,100.00,0.00,0,0,1,0,0,0,0.00,\N,0,0,0.00,0.00,0.00,2.00,2.00,1.00,1,Icert,Parc Edonia - Bâtiment G Rue de la Terre Victoria 35760 SAINT GREGOIRE (détail sur www.cofrac.fr programme n°4-4-11),1,0,2013-06-21 04:00:00,-1.6676424,48.1082307,0.75,poi,Rue Dupont des Loges Rennes,https://osm.org/way/27505882,,,C1,5,Par usage,Pour les centres commerciaux,20_C1_DPE_6.a.pdf,0,Centre commercial,Centre commercial,4,TR002_005,Centre Commerciaux,Centres commerciaux,0,4,0,,,,,,,,,,35,35 - Ile et Vilaine,2,1,0,400,5300,53000,79,400.00,,5,-5,418.70,32.90,51.80,66.90,90.00,28.00,41.00,H2,8.08,12.00,33300,3.40,Ea,2,4,1.50,2
63756,1335V8000024K,5210,3,8,Méthode Facture,,\N,\N,2013-06-11,2013-06-13,2011-09-15,,,148.00,C,4.00,B,4,"Autres (théâtres, salles de sport, restaurati",5,4,1947,170.50,170.50,35,SAINT-MARCAN,,,14 Colombel,,,Ce bien ne fait pas partie d'une copropriété,,,35120,35120,35120,,,\N,\N,1,,155.00,87.00,0.00,0,0,2,0,0,0,0.00,\N,0,0,0.00,0.00,0.00,0.00,0.00,0.00,1,I.CERT,Parc Edonia - Bâtiment G Rue de la Terre Victoria 35760 SAINT GREGOIRE (détail sur www.cofrac.fr programme n°4-4-11),0,0,2013-06-21 04:00:00,,,0,,,,,,V8,1,6.3c bis,Pour  les  autres  bâtiments  non  mentionnés  dans  les  deux  précédents  cas : Consommation par Energie,8_V8_DPE_6.3c_bis.pdf,0,Vente,Vente,1,TR002_004,Bâtiments ou partie de bâtiment à usage principal autre que d'habitation,Non résidentiel,0,5,0,TR012_005,5ème Catégorie,2ème Groupe,0,TR013_004,N : Restaurants et débits de boisson,1,0,Établissements installés dans un bâtiment,35,35 - Ile et Vilaine,2,1,0,400,5300,53000,79,400.00,,5,-5,418.70,32.90,51.80,66.90,90.00,28.00,41.00,H2,8.08,12.00,33300,3.40,Ea,2,4,1.50,2
64126,1335V8000026M,1870,3,8,Méthode Facture,,\N,\N,2013-06-18,2013-06-18,2011-09-15,,,705.00,G,23.00,C,4,"Autres (théâtres, salles de sport, restaurati",\N,\N,1947,110.00,110.00,35,Rennes,,,4 boulevard de la Liberté Bar le Caroll'inn,,,Etage RDC,,,35000,35000,35000,,,\N,\N,2,rez de chaussée,100.00,100.00,0.00,0,0,1,0,0,0,0.00,\N,0,0,0.00,0.00,0.00,0.00,0.00,0.00,1,ICERT,Parc Edonia - Bâtiment G Rue de la Terre Victoria 35760 SAINT GREGOIRE (détail sur www.cofrac.fr programme n°4-4-11),0,0,2013-06-21 04:00:00,,,0,,,,,,V8,1,6.3c bis,Pour  les  autres  bâtiments  non  mentionnés  dans  les  deux  précédents  cas : Consommation par Energie,8_V8_DPE_6.3c_bis.pdf,0,Vente,Vente,1,TR002_004,Bâtiments ou partie de bâtiment à usage principal autre que d'habitation,Non résidentiel,0,5,0,,,,,,,,,,35,35 - Ile et Vilaine,2,1,0,400,5300,53000,79,400.00,,5,-5,418.70,32.90,51.80,66.90,90.00,28.00,41.00,H2,8.08,12.00,33300,3.40,Ea,2,4,1.50,2
69714,1335C2000002@,9445,3,21,Méthode Facture,,\N,\N,2013-06-19,2013-06-25,2011-09-15,,,158.00,C,5.00,A,5,Centres Commerciaux,\N,\N,1947,110.00,110.00,35,Rennes,,,"12, quai Duguay Trouin",,,5ème Etage,,,35000,35000,35000,NC,,,,2,,100.00,0.00,0.00,0,0,1,0,0,0,0.00,\N,0,0,1.00,0.00,0.00,100.00,1.00,1.00,1, ,,0,0,2013-06-25 04:00:00,,,0,,,,,,C2,5,Par énergie,Pour les centres commerciaux,21_C2_DPE_6.b.pdf,0,Centre commercial,Centre commercial,4,TR002_005,Centre Commerciaux,Centres commerciaux,0,4,0,,,,,,,,,,35,35 - Ile et Vilaine,2,1,0,400,5300,53000,79,400.00,,5,-5,418.70,32.90,51.80,66.90,90.00,28.00,41.00,H2,8.08,12.00,33300,3.40,Ea,2,4,1.50,2
69736,1335V4000022E,9445,3,4,Méthode Facture,,\N,\N,2013-06-19,2013-06-25,2011-09-15,,,158.00,C,5.00,A,4,"Bureau, Administration, Enseignement",\N,\N,1947,110.00,110.00,35,Rennes,,,"12, quai Duguay Trouin",,,5ème Etage,,,35000,35000,35000,NC,,\N,\N,2,,100.00,0.00,0.00,0,0,1,0,0,0,0.00,\N,0,0,1.00,0.00,0.00,100.00,1.00,1.00,1,ICERT,Parc Edonia - Bâtiment G Rue de la Terre Victoria 35760 SAINT GREGOIRE (détail sur www.cofrac.fr programme n°4-4-11),0,0,2013-06-25 04:00:00,,,0,,,,,,V4,1,6.3a bis,"Pour  les  bâtiments  à  usage  principal  de  bureau,  d’administration  ou  d’enseignement : Consommation par Energie",4_V4_DPE_6.3a_bis.pdf,0,Vente,Vente,1,TR002_004,Bâtiments ou partie de bâtiment à usage principal autre que d'habitation,Non résidentiel,0,5,0,,,,,,,,,,35,35 - Ile et Vilaine,2,1,0,400,5300,53000,79,400.00,,5,-5,418.70,32.90,51.80,66.90,90.00,28.00,41.00,H2,8.08,12.00,33300,3.40,Ea,2,4,1.50,2
72784,1335V4000024G,3139,5,4,FACTURE,VERSION_2012,\N,\N,2013-06-24,2013-06-26,2011-08-15,\N,,288.87,D,9.40,B,4,\N,\N,\N,1990,1569.70,1569.70,35,CESSON-SEVIGNE,,\N,40 RUE DU BIGNON,\N,\N,\N,\N,\N,35510,35051,35051,,\N,\N,\N,0,\N,0.00,1569.70,0.00,0,0,1,0,0,0,0.00,\N,0,0,0.00,0.00,0.00,0.00,0.00,0.00,1,ICERT,n/c,0,0,2013-06-26 04:00:00,-1.616806,48.099517,0.96,housenumber,40 Rue du Bignon 35510 Cesson-Sévigné,35051_0071_00040,40 RUE DU BIGNON,,V4,1,6.3a bis,"Pour  les  bâtiments  à  usage  principal  de  bureau,  d’administration  ou  d’enseignement : Consommation par Energie",4_V4_DPE_6.3a_bis.pdf,0,Vente,Vente,1,TR002_004,Bâtiments ou partie de bâtiment à usage principal autre que d'habitation,Non résidentiel,0,5,0,,,,,,,,,,35,35 - Ile et Vilaine,2,1,0,400,5300,53000,79,400.00,,5,-5,418.70,32.90,51.80,66.90,90.00,28.00,41.00,H2,8.08,12.00,33300,3.40,Ea,2,4,1.50,2
74966,1335V8000027N,3139,5,8,FACTURE,VERSION_2012,\N,\N,2013-06-26,2013-06-26,2011-08-15,\N,,0.00,A,0.00,A,4,\N,\N,\N,1970,74.80,74.80,35,RENNES,,\N,18 ALLEE DE LA GOUPILLAIS,\N,\N,\N,\N,\N,35200,35238,35238,,\N,\N,\N,0,\N,0.00,74.80,0.00,0,0,1,0,0,0,0.00,\N,0,0,0.00,0.00,0.00,0.00,0.00,0.00,1,ICERT,n/c,0,0,2013-06-26 04:00:00,-1.672792,48.090332,0.97,housenumber,18 Allée de la Goupillais 35200 Rennes,35238_3818_00018,18 ALLEE DE LA GOUPILLAIS,,V8,1,6.3c bis,Pour  les  autres  bâtiments  non  mentionnés  dans  les  deux  précédents  cas : Consommation par Energie,8_V8_DPE_6.3c_bis.pdf,0,Vente,Vente,1,TR002_004,Bâtiments ou partie de bâtiment à usage principal autre que d'habitation,Non résidentiel,0,5,0,,,,,,,,,,35,35 - Ile et Vilaine,2,1,0,400,5300,53000,79,400.00,,5,-5,418.70,32.90,51.80,66.90,90.00,28.00,41.00,H2,8.08,12.00,33300,3.40,Ea,2,4,1.50,2
76763,1335V4000025H,2211,3,4,Méthode Facture,,\N,\N,2013-06-25,2013-06-27,2011-09-15,,,368.00,E,11.00,B,4,"Bureau, Administration, Enseignement",\N,\N,1947,242.00,242.00,35,LE RHEU,,,"3, rue de Mahomat",,,,,,35650,35650,35650,,,\N,\N,1,,220.00,100.00,0.00,0,0,1,0,0,0,0.00,\N,0,0,0.00,0.00,0.00,0.00,0.00,0.00,1,ICERT,Parc Edonia - Bâtiment G Rue de la Terre Victoria 35760 SAINT GREGOIRE (détail sur www.cofrac.fr programme n°4-4-11),0,0,2013-06-27 04:00:00,,,0,,,,,,V4,1,6.3a bis,"Pour  les  bâtiments  à  usage  principal  de  bureau,  d’administration  ou  d’enseignement : Consommation par Energie",4_V4_DPE_6.3a_bis.pdf,0,Vente,Vente,1,TR002_004,Bâtiments ou partie de bâtiment à usage principal autre que d'habitation,Non résidentiel,0,5,0,,,,,,,,,,35,35 - Ile et Vilaine,2,1,0,400,5300,53000,79,400.00,,5,-5,418.70,32.90,51.80,66.90,90.00,28.00,41.00,H2,8.08,12.00,33300,3.40,Ea,2,4,1.50,2
77320,1335V4000026I,2211,3,4,Méthode Facture,,\N,\N,2013-06-25,2013-06-25,2011-09-15,,,328.00,D,10.00,B,4,"Bureau, Administration, Enseignement",\N,\N,1947,104.50,104.50,35,RENNES,,,"4, Mail François MITTERAND",,,RDC droite,,,35000,35000,35000,,,\N,\N,2,,95.00,100.00,0.00,0,0,1,0,0,0,0.00,\N,0,0,0.00,0.00,0.00,0.00,0.00,0.00,1,ICERT,Parc Edonia - Bâtiment G Rue de la Terre Victoria 35760 SAINT GREGOIRE (détail sur www.cofrac.fr programme n°4-4-11),0,0,2013-06-27 04:00:00,,,0,,,,,,V4,1,6.3a bis,"Pour  les  bâtiments  à  usage  principal  de  bureau,  d’administration  ou  d’enseignement : Consommation par Energie",4_V4_DPE_6.3a_bis.pdf,0,Vente,Vente,1,TR002_004,Bâtiments ou partie de bâtiment à usage principal autre que d'habitation,Non résidentiel,0,5,0,,,,,,,,,,35,35 - Ile et Vilaine,2,1,0,400,5300,53000,79,400.00,,5,-5,418.70,32.90,51.80,66.90,90.00,28.00,41.00,H2,8.08,12.00,33300,3.40,Ea,2,4,1.50,2
84755,1335V8000034L,3139,5,8,FACTURE,VERSION_2012,\N,\N,2013-07-01,2013-07-01,2011-08-15,\N,,317.29,E,18.63,C,4,\N,\N,\N,2001,478.50,478.50,35,MONTGERMONT,,\N,3 RUE EDISON,\N,\N,\N,\N,\N,35760,35189,35189,,\N,\N,\N,0,\N,0.00,478.50,0.00,0,0,1,0,0,0,0.00,\N,0,0,0.00,0.00,0.00,0.00,0.00,0.00,1,ICERT,n/c,0,0,2013-07-01 04:00:00,-1.705428,48.154054,0.95,housenumber,3 Rue Edison 35760 Montgermont,35189_0042_00003,3 RUE EDISON,,V8,1,6.3c bis,Pour  les  autres  bâtiments  non  mentionnés  dans  les  deux  précédents  cas : Consommation par Energie,8_V8_DPE_6.3c_bis.pdf,0,Vente,Vente,1,TR002_004,Bâtiments ou partie de bâtiment à usage principal autre que d'habitation,Non résidentiel,0,5,0,,,,,,,,,,35,35 - Ile et Vilaine,2,1,0,400,5300,53000,79,400.00,,5,-5,418.70,32.90,51.80,66.90,90.00,28.00,41.00,H2,8.08,12.00,33300,3.40,Ea,2,4,1.50,2
84934,1335V4000027J,3139,5,4,FACTURE,VERSION_2012,\N,\N,2013-07-01,2013-07-01,2011-08-15,\N,,151.59,C,4.93,A,4,\N,\N,\N,1982,174.90,174.90,35,CHANTEPIE,,\N,40 RUE DU BIGNON,\N,\N,\N,\N,\N,35135,35055,35055,,\N,\N,\N,0,\N,0.00,174.90,0.00,0,0,1,0,0,0,0.00,\N,0,0,0.00,0.00,0.00,0.00,0.00,0.00,1,ICERT,n/c,0,0,2013-07-01 04:00:00,-1.62325,48.098203,0.78,street,Rue du Bignon 35135 Chantepie,35055_0090,RUE DU BIGNON,,V4,1,6.3a bis,"Pour  les  bâtiments  à  usage  principal  de  bureau,  d’administration  ou  d’enseignement : Consommation par Energie",4_V4_DPE_6.3a_bis.pdf,0,Vente,Vente,1,TR002_004,Bâtiments ou partie de bâtiment à usage principal autre que d'habitation,Non résidentiel,0,5,0,,,,,,,,,,35,35 - Ile et Vilaine,2,1,0,400,5300,53000,79,400.00,,5,-5,418.70,32.90,51.80,66.90,90.00,28.00,41.00,H2,8.08,12.00,33300,3.40,Ea,2,4,1.50,2
85581,1335V3000007G,3824,3,3,Méthode Facture,,\N,\N,2013-07-01,2013-07-01,2011-09-15,,,0.00,N,0.00,N,4,"Bureau, Administration, Enseignement",\N,\N,1947,60.16,60.16,35,RENNES,,,68 rue Jean Guéhenno,,,,,,35000,35000,35000,Non communiqué,,\N,\N,2,Bureaux,54.69,100.00,0.00,0,0,1,0,0,0,0.00,\N,0,0,0.00,16.66,0.00,0.00,54.69,40.12,1,ICERT,Parc Edonia - Bâtiment G Rue de la Terre Victoria 35760 SAINT GREGOIRE (détail sur www.cofrac.fr programme n°4-4-11),1,0,2013-07-01 04:00:00,,,0,,,,,,V3,1,6.3a,"Pour  les  bâtiments  à  usage  principal  de  bureau,  d’administration  ou  d’enseignement : Consommation par Usage",3_V3_DPE_6.3a.pdf,0,Vente,Vente,1,TR002_004,Bâtiments ou partie de bâtiment à usage principal autre que d'habitation,Non résidentiel,0,5,0,,,,,,,,,,35,35 - Ile et Vilaine,2,1,0,400,5300,53000,79,400.00,,5,-5,418.70,32.90,51.80,66.90,90.00,28.00,41.00,H2,8.08,12.00,33300,3.40,Ea,2,4,1.50,2
87582,1335V3000008H,9445,3,3,Méthode Facture,,\N,\N,2013-07-02,2013-07-02,2011-09-15,,,0.00,N,0.00,N,4,"Bureau, Administration, Enseignement",\N,\N,1947,110.00,110.00,35,Rennes,,,"24, rue du Manoir de Sévigné",,,,,,35000,35000,35000,NC,,\N,\N,2,,100.00,100.00,0.00,0,0,1,0,0,0,0.00,\N,0,0,2.00,0.00,0.00,100.00,100.00,6.00,1,ICERT,Parc Edonia - Bâtiment G Rue de la Terre Victoria 35760 SAINT GREGOIRE (détail sur www.cofrac.fr programme n°4-4-11),1,0,2013-07-02 04:00:00,,,0,,,,,,V3,1,6.3a,"Pour  les  bâtiments  à  usage  principal  de  bureau,  d’administration  ou  d’enseignement : Consommation par Usage",3_V3_DPE_6.3a.pdf,0,Vente,Vente,1,TR002_004,Bâtiments ou partie de bâtiment à usage principal autre que d'habitation,Non résidentiel,0,5,0,,,,,,,,,,35,35 - Ile et Vilaine,2,1,0,400,5300,53000,79,400.00,,5,-5,418.70,32.90,51.80,66.90,90.00,28.00,41.00,H2,8.08,12.00,33300,3.40,Ea,2,4,1.50,2
91288,1335V8000036N,2465,5,8,FACTURE,VERSION_2012,\N,\N,2013-06-27,2013-07-03,2011-08-15,\N,,585.82,G,50.32,E,4,\N,5,3,1700,100.10,100.10,35,RENNES,,\N,1 place Saint Michel,\N,\N,\N,\N,\N,35000,35238,35238,,\N,\N,\N,0,\N,0.00,100.10,0.00,0,0,1,0,0,0,0.00,\N,0,0,0.00,0.00,0.00,0.00,0.00,0.00,1,I.CERT,Parc Edonia - Rue de la Terre Victoria 35760 Saint Grégoire,0,0,2013-07-03 04:00:00,-1.681442,48.113319,0.97,housenumber,1 Place Saint-Michel 35000 Rennes,35238_8780_00001,1 PLACE SAINT MICHEL,,V8,1,6.3c bis,Pour  les  autres  bâtiments  non  mentionnés  dans  les  deux  précédents  cas : Consommation par Energie,8_V8_DPE_6.3c_bis.pdf,0,Vente,Vente,1,TR002_004,Bâtiments ou partie de bâtiment à usage principal autre que d'habitation,Non résidentiel,0,5,0,TR012_005,5ème Catégorie,2ème Groupe,0,TR013_003,"M : Magasins de vente, centres commerciaux",1,0,Établissements installés dans un bâtiment,35,35 - Ile et Vilaine,2,1,0,400,5300,53000,79,400.00,,5,-5,418.70,32.90,51.80,66.90,90.00,28.00,41.00,H2,8.08,12.00,33300,3.40,Ea,2,4,1.50,2
94185,1335V8000037O,8975,5,8,FACTURE,VERSION_2012,\N,\N,2013-07-04,2013-07-04,2011-08-15,\N,,1978.59,G,64.41,E,4,\N,\N,\N,1900,31.90,31.90,35,RENNES,,\N,16 PLACE SAINTE ANNE,\N,\N,\N,\N,\N,35000,35238,35238,,\N,\N,\N,0,\N,0.00,31.90,0.00,0,0,1,0,0,0,0.00,\N,0,0,0.00,0.00,0.00,0.00,0.00,0.00,1,ICERT,n/c,0,0,2013-07-04 04:00:00,-1.681126,48.114325,0.98,housenumber,16 Place Sainte-Anne 35000 Rennes,35238_8870_00016,16 PLACE SAINTE ANNE,,V8,1,6.3c bis,Pour  les  autres  bâtiments  non  mentionnés  dans  les  deux  précédents  cas : Consommation par Energie,8_V8_DPE_6.3c_bis.pdf,0,Vente,Vente,1,TR002_004,Bâtiments ou partie de bâtiment à usage principal autre que d'habitation,Non résidentiel,0,5,0,,,,,,,,,,35,35 - Ile et Vilaine,2,1,0,400,5300,53000,79,400.00,,5,-5,418.70,32.90,51.80,66.90,90.00,28.00,41.00,H2,8.08,12.00,33300,3.40,Ea,2,4,1.50,2
101672,1335V8000039Q,2895,5,8,FACTURE,VERSION_2012,\N,\N,2013-07-08,2013-07-08,2011-08-15,\N,,643.21,G,20.94,C,4,\N,5,3,1900,45.43,45.43,35,RENNES,,\N, 2 Rue Paul Bert,\N,\N,\N,\N,\N,35000,35238,35238,,\N,\N,\N,0,\N,0.00,45.43,0.00,0,0,1,0,0,0,0.00,\N,0,0,0.00,0.00,0.00,0.00,0.00,0.00,1,I-Cert,"116 B rue Eugène Pottier, 35000 RENNES",0,0,2013-07-08 04:00:00,-1.671104,48.110584,0.98,housenumber,2 Rue Paul Bert 35000 Rennes,35238_7180_00002,2 RUE PAUL BERT,,V8,1,6.3c bis,Pour  les  autres  bâtiments  non  mentionnés  dans  les  deux  précédents  cas : Consommation par Energie,8_V8_DPE_6.3c_bis.pdf,0,Vente,Vente,1,TR002_004,Bâtiments ou partie de bâtiment à usage principal autre que d'habitation,Non résidentiel,0,5,0,TR012_005,5ème Catégorie,2ème Groupe,0,TR013_003,"M : Magasins de vente, centres commerciaux",1,0,Établissements installés dans un bâtiment,35,35 - Ile et Vilaine,2,1,0,400,5300,53000,79,400.00,,5,-5,418.70,32.90,51.80,66.90,90.00,28.00,41.00,H2,8.08,12.00,33300,3.40,Ea,2,4,1.50,2
103604,1335V4000031E,2211,3,4,Méthode Facture,,\N,\N,2013-07-05,2013-07-05,2011-09-15,,,406.00,E,56.00,D,4,"Bureau, Administration, Enseignement",\N,\N,1947,154.00,154.00,35,SAINT-JACQUES-DE-LA-LANDE,,,"22, Avenue de Bellevue",,,,,,35136,35136,35136,,,\N,\N,1,,140.00,100.00,0.00,0,0,1,0,0,0,0.00,\N,0,0,0.00,0.00,0.00,0.00,0.00,0.00,1,ICERT,Parc Edonia - Bâtiment G Rue de la Terre Victoria 35760 SAINT GREGOIRE (détail sur www.cofrac.fr programme n°4-4-11),0,0,2013-07-09 04:00:00,-1.531539,47.919387,0.45,street,la lande de bellevue 35150 Janzé,35136_B290,LA LANDE DE BELLEVUE,,V4,1,6.3a bis,"Pour  les  bâtiments  à  usage  principal  de  bureau,  d’administration  ou  d’enseignement : Consommation par Energie",4_V4_DPE_6.3a_bis.pdf,0,Vente,Vente,1,TR002_004,Bâtiments ou partie de bâtiment à usage principal autre que d'habitation,Non résidentiel,0,5,0,,,,,,,,,,35,35 - Ile et Vilaine,2,1,0,400,5300,53000,79,400.00,,5,-5,418.70,32.90,51.80,66.90,90.00,28.00,41.00,H2,8.08,12.00,33300,3.40,Ea,2,4,1.50,2
112596,1335C1000002Y,6416,3,20,Méthode Facture,,\N,\N,2013-07-04,2013-07-04,2011-09-15,,,0.00,N,0.00,N,5,Centres Commerciaux,\N,\N,1947,17.60,17.60,35,RENNES,,,2 rue Clisson,,,,,,35000,35000,35000,Non communiqué,,,16,2,LOCAL COMMERCIAL,16.00,16.00,0.00,0,0,1,0,0,0,0.00,\N,0,0,10.00,0.00,0.00,0.00,16.00,48.00,1,ICERT,Parc Edonia - Bâtiment G Rue de la Terre Victoria 35760 SAINT GREGOIRE (détail sur www.cofrac.fr programme n°4-4-11),1,0,2013-07-11 04:00:00,,,0,,,,,,C1,5,Par usage,Pour les centres commerciaux,20_C1_DPE_6.a.pdf,0,Centre commercial,Centre commercial,4,TR002_005,Centre Commerciaux,Centres commerciaux,0,4,0,,,,,,,,,,35,35 - Ile et Vilaine,2,1,0,400,5300,53000,79,400.00,,5,-5,418.70,32.90,51.80,66.90,90.00,28.00,41.00,H2,8.08,12.00,33300,3.40,Ea,2,4,1.50,2
118749,1335V4000032F,4127,10,4,FACTURE - DPE,V2012,\N,\N,2013-07-08,2013-07-08,2011-08-15,"Le bâtiment concerne le lot 3 composé d'un immeuble de bureaux de type R+1 de 639 m² et d'un atelier de 393 m², et du lot 14 constitué d'un local archive et d'un bureau pour une surface totale de 83 m².",,0.00,N,0.00,N,4,bureaux,\N,\N,1982,1226.50,1226.50,35,CHANTEPIE,00,,rue des Loges,,,,,,35135,35055,35055,,,,,\N,,\N,\N,\N,\N,\N,\N,\N,\N,\N,\N,,\N,\N,\N,\N,\N,\N,\N,\N,1,Socotec Certification,89-93 avenue Paul Vaillant Couturier 94250 GENTILLY,1,0,2013-07-15 04:00:00,-1.623976,48.088898,0.96,street,Rue des Loges 35135 Chantepie,35055_0240,RUE DES LOGES,,V4,1,6.3a bis,"Pour  les  bâtiments  à  usage  principal  de  bureau,  d’administration  ou  d’enseignement : Consommation par Energie",4_V4_DPE_6.3a_bis.pdf,0,Vente,Vente,1,TR002_004,Bâtiments ou partie de bâtiment à usage principal autre que d'habitation,Non résidentiel,0,5,0,,,,,,,,,,35,35 - Ile et Vilaine,2,1,0,400,5300,53000,79,400.00,,5,-5,418.70,32.90,51.80,66.90,90.00,28.00,41.00,H2,8.08,12.00,33300,3.40,Ea,2,4,1.50,2
121963,1335V7000008L,9445,3,7,Méthode Facture,,\N,\N,2013-07-12,2013-07-16,2011-09-15,,,0.00,N,0.00,N,4,"Autres (théâtres, salles de sport, restaurati",\N,\N,1947,1358.50,1358.50,35,Rennes,,,"13, rue de la Retardais",,,,,,35000,35000,35000,NC,,\N,\N,2,,1235.00,100.00,0.00,0,0,1,0,0,0,0.00,\N,0,0,25.00,0.00,0.00,1235.00,1235.00,1.00,1, ,,1,0,2013-07-16 04:00:00,,,0,,,,,,V7,1,6.3c,Pour  les  autres  bâtiments  non  mentionnés  dans  les  deux  précédents  cas : Consommation par Usage,7_V7_DPE_6.3c.pdf,0,Vente,Vente,1,TR002_004,Bâtiments ou partie de bâtiment à usage principal autre que d'habitation,Non résidentiel,0,5,0,,,,,,,,,,35,35 - Ile et Vilaine,2,1,0,400,5300,53000,79,400.00,,5,-5,418.70,32.90,51.80,66.90,90.00,28.00,41.00,H2,8.08,12.00,33300,3.40,Ea,2,4,1.50,2
129033,1335V8000048Q,8849,2,8,3CL - DPE,V2012,\N,\N,2013-04-16,2013-07-18,2011-08-15,,\N,767.34,G,74.98,F,4,Commerce,\N,3,1975,0.00,0.00,35,BRUZ,70,\N,"14, place de Bretagne",\N,\N,\N,Rez de chaussée,\N,35170,35047,35047,NC,\N,,\N,2,,0.00,0.00,0.00,0,1,0,0,0,0,0.00,\N,0,0,0.00,0.00,0.00,0.00,0.00,0.00,1,"ICERT 116b, rue Eugène Pottier 35000 RENNES",  ,0,0,2013-07-18 04:00:00,-1.742989,48.021983,0.96,housenumber,14 Place de Bretagne 35170 Bruz,35047_0075_00014,14 PLACE DE BRETAGNE,,V8,1,6.3c bis,Pour  les  autres  bâtiments  non  mentionnés  dans  les  deux  précédents  cas : Consommation par Energie,8_V8_DPE_6.3c_bis.pdf,0,Vente,Vente,1,TR002_004,Bâtiments ou partie de bâtiment à usage principal autre que d'habitation,Non résidentiel,0,5,0,,,,,TR013_003,"M : Magasins de vente, centres commerciaux",1,0,Établissements installés dans un bâtiment,35,35 - Ile et Vilaine,2,1,0,400,5300,53000,79,400.00,,5,-5,418.70,32.90,51.80,66.90,90.00,28.00,41.00,H2,8.08,12.00,33300,3.40,Ea,2,4,1.50,2
131109,1335V7000009M,9445,3,7,Méthode Facture,,\N,\N,2013-07-10,2013-07-19,2011-09-15,,,0.00,N,0.00,N,4,"Autres (théâtres, salles de sport, restaurati",\N,\N,1947,1100.00,1100.00,35,Rennes,,,"18 bis, boulevard de la Liberté",,,,,,35000,35000,35000,NC,,\N,\N,2,,1000.00,100.00,0.00,0,0,2,0,0,0,0.00,\N,0,0,5.00,0.00,0.00,500.00,500.00,190.00,1,ICERT,Parc Edonia - Bâtiment G Rue de la Terre Victoria 35760 SAINT GREGOIRE (détail sur www.cofrac.fr programme n°4-4-11),1,0,2013-07-19 04:00:00,,,0,,,,,,V7,1,6.3c,Pour  les  autres  bâtiments  non  mentionnés  dans  les  deux  précédents  cas : Consommation par Usage,7_V7_DPE_6.3c.pdf,0,Vente,Vente,1,TR002_004,Bâtiments ou partie de bâtiment à usage principal autre que d'habitation,Non résidentiel,0,5,0,,,,,,,,,,35,35 - Ile et Vilaine,2,1,0,400,5300,53000,79,400.00,,5,-5,418.70,32.90,51.80,66.90,90.00,28.00,41.00,H2,8.08,12.00,33300,3.40,Ea,2,4,1.50,2
133318,1335V6000003F,9646,5,6,FACTURE,VERSION_2012,\N,\N,2013-07-19,2013-07-19,2011-08-15,\N,,546.08,D,17.77,B,4,\N,\N,\N,1900,22.00,22.00,35,RENNES,,\N,28 RUE POULAIN DU PARC - LOT 2,\N,\N,\N,\N,\N,35000,35238,35238,,\N,\N,\N,0,\N,0.00,22.00,0.00,0,0,1,0,0,0,0.00,\N,0,0,0.00,0.00,0.00,0.00,0.00,0.00,1,CERTIFI,n/c,0,0,2013-07-19 04:00:00,-1.681711,48.108667,0.82,housenumber,28 Rue Poullain Duparc 35000 Rennes,35238_7870_00028,28 RUE POULLAIN DUPARC,,V6,1,6.3b bis,Pour  les  bâtiments  à  occupation  continue : Consommation par Energie,6_V6_DPE_6.3b_bis.pdf,0,Vente,Vente,1,TR002_004,Bâtiments ou partie de bâtiment à usage principal autre que d'habitation,Non résidentiel,0,5,0,,,,,,,,,,35,35 - Ile et Vilaine,2,1,0,400,5300,53000,79,400.00,,5,-5,418.70,32.90,51.80,66.90,90.00,28.00,41.00,H2,8.08,12.00,33300,3.40,Ea,2,4,1.50,2
133853,1335V4000033G,7610,3,4,Méthode Facture,,\N,\N,2013-07-01,2013-07-20,2011-09-15,,,0.00,N,0.00,N,4,"Bureau, Administration, Enseignement",\N,\N,1947,30.80,30.80,35,RENNES,,,66 Rue Saint Hélier,,,,,,35000,35000,35000,Lot N°3 Local commercial au rez de chaussée,,\N,\N,2,,28.00,100.00,0.00,0,0,1,0,0,0,0.00,\N,0,0,6.58,0.00,0.52,28.00,28.00,77.00,1,Icert,Parc Edonia - Bâtiment G Rue de la Terre Victoria 35760 SAINT GREGOIRE (détail sur www.cofrac.fr programme n°4-4-11),1,0,2013-07-20 04:00:00,,,0,,,,,,V4,1,6.3a bis,"Pour  les  bâtiments  à  usage  principal  de  bureau,  d’administration  ou  d’enseignement : Consommation par Energie",4_V4_DPE_6.3a_bis.pdf,0,Vente,Vente,1,TR002_004,Bâtiments ou partie de bâtiment à usage principal autre que d'habitation,Non résidentiel,0,5,0,,,,,,,,,,35,35 - Ile et Vilaine,2,1,0,400,5300,53000,79,400.00,,5,-5,418.70,32.90,51.80,66.90,90.00,28.00,41.00,H2,8.08,12.00,33300,3.40,Ea,2,4,1.50,2
137427,1335V8000052L,3139,5,8,FACTURE,VERSION_2012,\N,\N,2013-07-19,2013-07-22,2011-08-15,\N,,0.00,N,0.00,N,4,\N,\N,\N,1750,85.07,85.07,35,RENNES,,\N,5 RUE LE BASTARD,\N,\N,\N,\N,\N,35000,35238,35238,,\N,\N,\N,0,\N,0.00,85.07,0.00,0,0,1,0,0,0,0.00,\N,0,0,0.00,0.00,0.00,0.00,0.00,0.00,1,ICERT,n/c,1,0,2013-07-22 04:00:00,-1.679442,48.11281,0.97,housenumber,5 Rue Le Bastard 35000 Rennes,35238_5410_00005,5 RUE LE BASTARD,,V8,1,6.3c bis,Pour  les  autres  bâtiments  non  mentionnés  dans  les  deux  précédents  cas : Consommation par Energie,8_V8_DPE_6.3c_bis.pdf,0,Vente,Vente,1,TR002_004,Bâtiments ou partie de bâtiment à usage principal autre que d'habitation,Non résidentiel,0,5,0,,,,,,,,,,35,35 - Ile et Vilaine,2,1,0,400,5300,53000,79,400.00,,5,-5,418.70,32.90,51.80,66.90,90.00,28.00,41.00,H2,8.08,12.00,33300,3.40,Ea,2,4,1.50,2
137838,1335V8000053M,3139,5,8,FACTURE,VERSION_2012,\N,\N,2013-07-16,2013-07-22,2011-08-15,\N,,329.90,E,10.74,B,4,\N,\N,\N,1750,703.21,703.21,35,RENNES,,\N,9 RUE DE ROHAN,\N,\N,\N,\N,\N,35000,35238,35238,,\N,\N,\N,0,\N,0.00,703.21,0.00,0,0,1,0,0,0,0.00,\N,0,0,0.00,0.00,0.00,0.00,0.00,0.00,1,ICERT,n/c,0,0,2013-07-22 04:00:00,-1.680326,48.110844,0.97,housenumber,9 Rue de Rohan 35000 Rennes,35238_8490_00009,9 RUE DE ROHAN,,V8,1,6.3c bis,Pour  les  autres  bâtiments  non  mentionnés  dans  les  deux  précédents  cas : Consommation par Energie,8_V8_DPE_6.3c_bis.pdf,0,Vente,Vente,1,TR002_004,Bâtiments ou partie de bâtiment à usage principal autre que d'habitation,Non résidentiel,0,5,0,,,,,,,,,,35,35 - Ile et Vilaine,2,1,0,400,5300,53000,79,400.00,,5,-5,418.70,32.90,51.80,66.90,90.00,28.00,41.00,H2,8.08,12.00,33300,3.40,Ea,2,4,1.50,2
147013,1335V8000059S,8849,2,8,3CL - DPE,V2012,\N,\N,2013-07-25,2013-07-25,2011-08-15,,\N,414.07,F,13.48,C,4,Commerce,\N,\N,1988,0.00,0.00,35,RENNES,00,\N,"69, rue de Vern",\N,\N,\N,Rez de chaussée,\N,35000,35238,35238,NC,\N,,\N,2,,0.00,0.00,0.00,0,1,0,0,0,0,0.00,\N,0,0,0.00,0.00,0.00,0.00,0.00,0.00,1,"ICERT 116b, rue Eugène Pottier 35000 RENNES",  ,0,0,2013-07-25 04:00:00,-1.656113,48.098519,0.98,housenumber,69 Rue de Vern 35200 Rennes,35238_9500_00069,69 RUE DE VERN,,V8,1,6.3c bis,Pour  les  autres  bâtiments  non  mentionnés  dans  les  deux  précédents  cas : Consommation par Energie,8_V8_DPE_6.3c_bis.pdf,0,Vente,Vente,1,TR002_004,Bâtiments ou partie de bâtiment à usage principal autre que d'habitation,Non résidentiel,0,5,0,,,,,,,,,,35,35 - Ile et Vilaine,2,1,0,400,5300,53000,79,400.00,,5,-5,418.70,32.90,51.80,66.90,90.00,28.00,41.00,H2,8.08,12.00,33300,3.40,Ea,2,4,1.50,2
148338,1335C1000003@,9445,3,20,Méthode Facture,,\N,\N,2013-07-24,2013-07-25,2011-09-15,,,0.00,N,0.00,N,5,Centres Commerciaux,\N,\N,1947,115.50,115.50,35,Rennes,,,"103, avenue Henri Fréville",,,,,,35000,35000,35000,NC,,,100,2,,105.00,100.00,0.00,0,0,1,0,0,0,0.00,\N,0,0,10.00,0.00,0.00,105.00,105.00,1.00,1, ,,1,0,2013-07-25 04:00:00,,,0,,,,,,C1,5,Par usage,Pour les centres commerciaux,20_C1_DPE_6.a.pdf,0,Centre commercial,Centre commercial,4,TR002_005,Centre Commerciaux,Centres commerciaux,0,4,0,,,,,,,,,,35,35 - Ile et Vilaine,2,1,0,400,5300,53000,79,400.00,,5,-5,418.70,32.90,51.80,66.90,90.00,28.00,41.00,H2,8.08,12.00,33300,3.40,Ea,2,4,1.50,2
151016,1335V8000061L,2465,5,8,FACTURE,VERSION_2012,\N,\N,2013-07-24,2013-07-26,2011-08-15,\N,,919.22,G,29.92,D,4,\N,5,3,1700,123.20,123.20,35,RENNES,,\N,1 rue de Coetquen,\N,\N,\N,\N,\N,35000,35238,35238,,\N,\N,\N,0,\N,0.00,123.20,0.00,0,0,1,0,0,0,0.00,\N,0,0,0.00,0.00,0.00,0.00,0.00,0.00,1,I.CERT,Parc Edonia - Rue de la Terre Victoria 35760 Saint Grégoire,0,0,2013-07-26 04:00:00,-1.67866,48.111039,0.97,housenumber,1 Rue de Coëtquen 35000 Rennes,35238_2040_00001,1 RUE DE COETQUEN,,V8,1,6.3c bis,Pour  les  autres  bâtiments  non  mentionnés  dans  les  deux  précédents  cas : Consommation par Energie,8_V8_DPE_6.3c_bis.pdf,0,Vente,Vente,1,TR002_004,Bâtiments ou partie de bâtiment à usage principal autre que d'habitation,Non résidentiel,0,5,0,TR012_005,5ème Catégorie,2ème Groupe,0,TR013_003,"M : Magasins de vente, centres commerciaux",1,0,Établissements installés dans un bâtiment,35,35 - Ile et Vilaine,2,1,0,400,5300,53000,79,400.00,,5,-5,418.70,32.90,51.80,66.90,90.00,28.00,41.00,H2,8.08,12.00,33300,3.40,Ea,2,4,1.50,2
152958,1335V4000036J,4127,10,4,FACTURE - DPE,V2012,\N,\N,2013-07-24,2013-07-24,2011-08-15,"Le bâtiment est inoccupé depuis 2006. A l'origine de la construction du bâtiment, une centrale de production autonome d'électricité alimentée au gaz naturel permettait une récupération calorifiques et frigorifiques en fonction des conditions climatiques pour la climatisation du bâtiment et des salles informatiques notamment. Cette installation est en cours de démentellement. Seule une chaudière gaz de type GUILLOT OPTIMAGAZ Z91 de 1998 est à ce jour en fonctionnement. Le chauffage du bâtiment est donc assuré par convection d'air chaud et par des ventilo convecteur 4 tubes en appoint. Le bâtiment n'est plus climatisé.",,0.00,N,0.00,N,4,bureaux,\N,\N,1977,2678.00,2678.00,35,LE RHEU,00,rue,de la Romillais,,,,,,35650,35240,35240,,,,,\N,,\N,\N,\N,\N,\N,\N,\N,\N,\N,\N,,\N,\N,\N,\N,\N,\N,\N,\N,1,Socotec Certification,89-93 avenue Paul Vaillant Couturier 94250 GENTILLY,1,0,2013-07-29 04:00:00,-1.782279,48.09514,0.95,street,Rue de la Romillais 35650 Le Rheu,35240_0530,RUE DE LA ROMILLAIS,,V4,1,6.3a bis,"Pour  les  bâtiments  à  usage  principal  de  bureau,  d’administration  ou  d’enseignement : Consommation par Energie",4_V4_DPE_6.3a_bis.pdf,0,Vente,Vente,1,TR002_004,Bâtiments ou partie de bâtiment à usage principal autre que d'habitation,Non résidentiel,0,5,0,,,,,,,,,,35,35 - Ile et Vilaine,2,1,0,400,5300,53000,79,400.00,,5,-5,418.70,32.90,51.80,66.90,90.00,28.00,41.00,H2,8.08,12.00,33300,3.40,Ea,2,4,1.50,2
154825,1335V8000062M,8975,5,8,FACTURE,VERSION_2012,\N,\N,2013-07-12,2013-07-29,2011-08-15,\N,,118.81,C,3.86,A,4,\N,\N,\N,1969,1423.40,1423.40,35,BRUZ,,\N,IMMEUBLE LAENNEC,\N,\N,\N,\N,\N,35170,35047,35047,,\N,\N,\N,0,\N,0.00,1423.40,0.00,0,0,1,0,0,0,0.00,\N,0,0,0.00,0.00,0.00,0.00,0.00,0.00,1,ICERT,n/c,0,0,2013-07-29 04:00:00,-1.742845,48.022515,0.47,street,Rue Laënnec 35170 Bruz,35047_0490,RUE LAENNEC,,V8,1,6.3c bis,Pour  les  autres  bâtiments  non  mentionnés  dans  les  deux  précédents  cas : Consommation par Energie,8_V8_DPE_6.3c_bis.pdf,0,Vente,Vente,1,TR002_004,Bâtiments ou partie de bâtiment à usage principal autre que d'habitation,Non résidentiel,0,5,0,,,,,,,,,,35,35 - Ile et Vilaine,2,1,0,400,5300,53000,79,400.00,,5,-5,418.70,32.90,51.80,66.90,90.00,28.00,41.00,H2,8.08,12.00,33300,3.40,Ea,2,4,1.50,2
155691,1335V7000014I,4130,2,7,3CL - DPE,V2012,\N,\N,2013-07-29,2013-07-29,2011-08-15,,\N,100.53,C,3.27,A,4,Artisanat,\N,12,1975,0.00,0.00,35,SERVON-SUR-VILAINE,30,\N,18 rue Charles Brisou,\N,\N,\N,\N,\N,35530,35039,35039,NC,\N,,\N,2,,0.00,0.00,0.00,0,1,0,0,0,0,0.00,\N,0,0,0.00,0.00,0.00,0.00,0.00,0.00,1,QUALIXPERT,  ,0,0,2013-07-29 04:00:00,,,0,,,,,,V7,1,6.3c,Pour  les  autres  bâtiments  non  mentionnés  dans  les  deux  précédents  cas : Consommation par Usage,7_V7_DPE_6.3c.pdf,0,Vente,Vente,1,TR002_004,Bâtiments ou partie de bâtiment à usage principal autre que d'habitation,Non résidentiel,0,5,0,,,,,TR013_012,"W : Administrations, banques, bureaux",1,0,Établissements installés dans un bâtiment,35,35 - Ile et Vilaine,2,1,0,400,5300,53000,79,400.00,,5,-5,418.70,32.90,51.80,66.90,90.00,28.00,41.00,H2,8.08,12.00,33300,3.40,Ea,2,4,1.50,2
156223,1335V4000038L,8889,3,4,Méthode Facture,,\N,\N,2013-07-23,2013-07-30,2011-09-15,"A titre d'information, l'étiquette énergétique et les GES du plateau bureau voisin a les performances suivantes :  - Consommation : 179 kWhEP/m².an - Emission de gaz à effet de serre : 5 kg éqCO2/m².an",,0.00,N,0.00,N,4,"Bureau, Administration, Enseignement",\N,\N,1,132.00,132.00,35,RENNES,,,"Centre d'affaires le Bignon - 2ième étage 2, rue du Bignon - Bâtiment 3",,,Ce bien ne fait pas partie d'une copropriété,,,35000,35000,35000,Non communiqué,,\N,\N,2,Plateau 2ième étage-Nord,120.00,100.00,0.00,0,0,1,0,0,0,0.00,\N,0,0,0.00,0.00,0.00,0.00,0.00,0.00,1,AFNOR Compétences,11 avenue Francis de Pressensé  93571 SAINT DENIS LA PLAINE CEDEX (détail sur www.cofrac.fr programme n°4-4-11),1,0,2013-07-30 04:00:00,,,0,,,,,,V4,1,6.3a bis,"Pour  les  bâtiments  à  usage  principal  de  bureau,  d’administration  ou  d’enseignement : Consommation par Energie",4_V4_DPE_6.3a_bis.pdf,0,Vente,Vente,1,TR002_004,Bâtiments ou partie de bâtiment à usage principal autre que d'habitation,Non résidentiel,0,5,0,,,,,,,,,,35,35 - Ile et Vilaine,2,1,0,400,5300,53000,79,400.00,,5,-5,418.70,32.90,51.80,66.90,90.00,28.00,41.00,H2,8.08,12.00,33300,3.40,Ea,2,4,1.50,2
156254,1335V4000039M,8889,3,4,Méthode Facture,,\N,\N,2013-07-30,2013-07-30,2011-09-15,"Au regard de l'activité, il serait intéressant d'optimiser l'abonnement en fonction des consommations.",,179.00,C,5.00,A,4,"Bureau, Administration, Enseignement",\N,\N,1,286.00,286.00,35,RENNES,,,"Centre d'affaires le Bignon - 2ième étage 2, rue du Bignon - Bâtiment 3",,,Ce bien ne fait pas partie d'une copropriété,,,35000,35000,35000,Non communiqué,,\N,\N,2,Plateau 2ième étage-Sud,260.00,100.00,0.00,0,0,1,0,0,0,0.00,\N,0,0,0.00,0.00,0.00,0.00,0.00,0.00,1,AFNOR Compétences,11 avenue Francis de Pressensé  93571 SAINT DENIS LA PLAINE CEDEX (détail sur www.cofrac.fr programme n°4-4-11),0,0,2013-07-30 04:00:00,,,0,,,,,,V4,1,6.3a bis,"Pour  les  bâtiments  à  usage  principal  de  bureau,  d’administration  ou  d’enseignement : Consommation par Energie",4_V4_DPE_6.3a_bis.pdf,0,Vente,Vente,1,TR002_004,Bâtiments ou partie de bâtiment à usage principal autre que d'habitation,Non résidentiel,0,5,0,,,,,,,,,,35,35 - Ile et Vilaine,2,1,0,400,5300,53000,79,400.00,,5,-5,418.70,32.90,51.80,66.90,90.00,28.00,41.00,H2,8.08,12.00,33300,3.40,Ea,2,4,1.50,2
160149,1335V4000041F,8849,2,4,3CL - DPE,V2012,\N,\N,2013-07-31,2013-07-31,2011-08-15,,\N,0.00,N,0.00,N,4,Bureaux,\N,\N,1968,0.00,0.00,35,RENNES,00,\N,"1, bd de Lattre de Tassigny",\N,\N,\N,\N,\N,35000,35238,35238,NC,\N,,\N,2,,0.00,0.00,0.00,0,1,0,0,0,0,0.00,\N,0,0,0.00,0.00,0.00,0.00,0.00,0.00,1,"ICERT 116b, rue Eugène Pottier 35000 RENNES",  ,1,0,2013-07-31 04:00:00,-1.687612,48.112502,0.59,housenumber,1 Boulevard Maréchal de Lattre de Tassigny 35000 Rennes,35238_6280_00001,1 BD MAL DE LATTRE DE TASSIGNY,,V4,1,6.3a bis,"Pour  les  bâtiments  à  usage  principal  de  bureau,  d’administration  ou  d’enseignement : Consommation par Energie",4_V4_DPE_6.3a_bis.pdf,0,Vente,Vente,1,TR002_004,Bâtiments ou partie de bâtiment à usage principal autre que d'habitation,Non résidentiel,0,5,0,,,,,,,,,,35,35 - Ile et Vilaine,2,1,0,400,5300,53000,79,400.00,,5,-5,418.70,32.90,51.80,66.90,90.00,28.00,41.00,H2,8.08,12.00,33300,3.40,Ea,2,4,1.50,2
166297,1335V4000044I,4127,10,4,FACTURE - DPE,V2012,\N,\N,2013-07-30,2013-07-30,2011-08-15, La durée effective de fourniture de chauffage ou d'ECS est inférieure à trois ans.   la forte consommation annoncée est du également à la consommation des appareils de cuisine qui n'est pas différenciée du relevé des consommations du chauffage et de l'ECS.,,734.28,F,23.91,C,4,bureaux,\N,\N,1948,66.00,66.00,35,RENNES,00,rue,de SAINT MALO,13,,,,,35000,35238,35238,,,,,\N,,\N,\N,\N,\N,\N,\N,\N,\N,\N,\N,,\N,\N,\N,\N,\N,\N,\N,\N,1,Socotec Certification,89-93 avenue Paul Vaillant Couturier 94250 GENTILLY,0,0,2013-08-02 04:00:00,-1.680951,48.116404,0.98,housenumber,13 Rue de Saint-Malo 35000 Rennes,35238_8730_00013,13 RUE DE SAINT MALO,,V4,1,6.3a bis,"Pour  les  bâtiments  à  usage  principal  de  bureau,  d’administration  ou  d’enseignement : Consommation par Energie",4_V4_DPE_6.3a_bis.pdf,0,Vente,Vente,1,TR002_004,Bâtiments ou partie de bâtiment à usage principal autre que d'habitation,Non résidentiel,0,5,0,,,,,,,,,,35,35 - Ile et Vilaine,2,1,0,400,5300,53000,79,400.00,,5,-5,418.70,32.90,51.80,66.90,90.00,28.00,41.00,H2,8.08,12.00,33300,3.40,Ea,2,4,1.50,2
172317,1335V8000071M,7101,5,8,FACTURE,VERSION_2012,\N,\N,2013-08-01,2013-08-06,2011-08-15,\N,,77.73,B,18.19,C,4,\N,5,3,1900,162.25,162.25,35,TINTÉNIAC,,\N,"13, rue des Dames",\N,\N,\N,\N,\N,35190,35022,35022,,\N,\N,\N,0,\N,0.00,162.25,0.00,0,0,1,0,0,0,0.00,\N,0,0,0.00,0.00,0.00,0.00,0.00,0.00,1,I.Cert,"116 bis, rue Eugène Pottier 35000 RENNES",0,0,2013-08-06 04:00:00,-1.944389,48.294563,0.46,street,Rue des Douves 35190 Bécherel,35022_0110,RUE DES DOUVES,,V8,1,6.3c bis,Pour  les  autres  bâtiments  non  mentionnés  dans  les  deux  précédents  cas : Consommation par Energie,8_V8_DPE_6.3c_bis.pdf,0,Vente,Vente,1,TR002_004,Bâtiments ou partie de bâtiment à usage principal autre que d'habitation,Non résidentiel,0,5,0,TR012_005,5ème Catégorie,2ème Groupe,0,TR013_003,"M : Magasins de vente, centres commerciaux",1,0,Établissements installés dans un bâtiment,35,35 - Ile et Vilaine,2,1,0,400,5300,53000,79,400.00,,5,-5,418.70,32.90,51.80,66.90,90.00,28.00,41.00,H2,8.08,12.00,33300,3.40,Ea,2,4,1.50,2
173525,1335V7000016K,5058,3,7,Méthode Facture,,\N,\N,2013-08-06,2013-08-06,2011-09-15,"Pour ce type d'immeuble, la réglementation impose d'utiliser les consommations réelles pour déterminer les étiquettes 'énergie' et 'climat' : cette information ne nous ayant pas été fournie par l'ancien locataire, il n'est pas possible d'estimer les consommations. Le diagnostic se limite donc au descriptif et aux recommandations.",,0.00,N,0.00,N,4,"Autres (théâtres, salles de sport, restaurati",\N,\N,1947,61.60,61.60,35,QUEBRIAC,,,13 RUE DE LA LIBERTE,,,,,,35190,35190,35190,Sans objet,,\N,\N,2,Rez de chaussée,56.00,100.00,0.00,0,0,1,0,0,0,0.00,\N,0,0,0.00,0.00,0.00,0.00,0.00,0.00,1,C147 QUALIXPERT 17 RUE BORREL 81100 CASTRES,17 rue Borrel 81100 CASTRES (détail sur www.cofrac.fr programme n°4-4-11),1,0,2013-08-06 04:00:00,-1.181868,48.510771,0.36,street,Rue de l'Auberge 35420 Monthault,35190_0010,RUE DE L AUBERGE,,V7,1,6.3c,Pour  les  autres  bâtiments  non  mentionnés  dans  les  deux  précédents  cas : Consommation par Usage,7_V7_DPE_6.3c.pdf,0,Vente,Vente,1,TR002_004,Bâtiments ou partie de bâtiment à usage principal autre que d'habitation,Non résidentiel,0,5,0,,,,,,,,,,35,35 - Ile et Vilaine,2,1,0,400,5300,53000,79,400.00,,5,-5,418.70,32.90,51.80,66.90,90.00,28.00,41.00,H2,8.08,12.00,33300,3.40,Ea,2,4,1.50,2
175012,1335V4000049N,2211,3,4,Méthode Facture,,\N,\N,2013-08-01,2013-08-07,2011-09-15,,,238.00,D,40.00,D,4,"Bureau, Administration, Enseignement",\N,\N,1,1320.00,1320.00,35,RENNES,,,"19, Rue du Sapeur Michel Jouan",,,,,,35000,35000,35000,,,\N,\N,1,,1200.00,100.00,0.00,0,0,3,0,0,0,0.00,\N,0,0,0.00,0.00,0.00,0.00,0.00,0.00,1,ICERT,Parc Edonia - Bâtiment G Rue de la Terre Victoria 35760 SAINT GREGOIRE (détail sur www.cofrac.fr programme n°4-4-11),0,0,2013-08-07 04:00:00,,,0,,,,,,V4,1,6.3a bis,"Pour  les  bâtiments  à  usage  principal  de  bureau,  d’administration  ou  d’enseignement : Consommation par Energie",4_V4_DPE_6.3a_bis.pdf,0,Vente,Vente,1,TR002_004,Bâtiments ou partie de bâtiment à usage principal autre que d'habitation,Non résidentiel,0,5,0,,,,,,,,,,35,35 - Ile et Vilaine,2,1,0,400,5300,53000,79,400.00,,5,-5,418.70,32.90,51.80,66.90,90.00,28.00,41.00,H2,8.08,12.00,33300,3.40,Ea,2,4,1.50,2
175682,1335V8000072N,8849,2,8,3CL - DPE,V2012,\N,\N,2013-08-07,2013-08-07,2011-08-15,,\N,0.00,N,0.00,N,4,,\N,\N,1998,0.00,0.00,35,CHAVAGNE,10,\N,"1, place de la Mairie",\N,\N,\N,\N,\N,35310,35076,35076,NC,\N,,\N,2,,0.00,0.00,0.00,0,1,0,0,0,0,0.00,\N,0,0,0.00,0.00,0.00,0.00,0.00,0.00,1,"ICERT 116b, rue Eugène Pottier 35000 RENNES",  ,1,0,2013-08-07 04:00:00,-1.788835,48.052305,0.85,locality,Place de la Mairie 35310 Chavagne,35076_7pkjeg,PLACE DE LA MAIRIE,,V8,1,6.3c bis,Pour  les  autres  bâtiments  non  mentionnés  dans  les  deux  précédents  cas : Consommation par Energie,8_V8_DPE_6.3c_bis.pdf,0,Vente,Vente,1,TR002_004,Bâtiments ou partie de bâtiment à usage principal autre que d'habitation,Non résidentiel,0,5,0,,,,,,,,,,35,35 - Ile et Vilaine,2,1,0,400,5300,53000,79,400.00,,5,-5,418.70,32.90,51.80,66.90,90.00,28.00,41.00,H2,8.08,12.00,33300,3.40,Ea,2,4,1.50,2
184028,1335V8000073O,6893,3,8,Méthode Facture,,\N,\N,2013-08-12,2013-08-13,2011-09-15,Néant,Néant,566.00,G,51.00,E,4,"Autres (théâtres, salles de sport, restaurati",\N,\N,1947,89.30,89.30,35,RENNES,,,18 RUE DE ROBIEN,,,Ce bien ne fait pas partie d'une copropriété,,,35000,35000,35000,,,\N,\N,2,commerce,81.18,100.00,0.00,0,0,1,0,0,0,0.00,\N,0,0,4.60,1.87,3.93,381.18,81.18,113.66,1,CERTIFI,"37, route de Paris 31140 AUCAMVILLE (détail sur www.cofrac.fr programme n°4-4-11)",0,0,2013-08-13 04:00:00,,,0,,,,,,V8,1,6.3c bis,Pour  les  autres  bâtiments  non  mentionnés  dans  les  deux  précédents  cas : Consommation par Energie,8_V8_DPE_6.3c_bis.pdf,0,Vente,Vente,1,TR002_004,Bâtiments ou partie de bâtiment à usage principal autre que d'habitation,Non résidentiel,0,5,0,,,,,,,,,,35,35 - Ile et Vilaine,2,1,0,400,5300,53000,79,400.00,,5,-5,418.70,32.90,51.80,66.90,90.00,28.00,41.00,H2,8.08,12.00,33300,3.40,Ea,2,4,1.50,2
186517,1335V4000052H,2211,3,4,Méthode Facture,,\N,\N,2013-08-13,2013-08-13,2011-09-15,,,192.00,C,6.00,B,4,"Bureau, Administration, Enseignement",\N,\N,1,75.90,75.90,35,RENNES,,,"16A, Rue de Jouanet",,,Etage 2; Porte Gauche,,,35700,35700,35700,,,\N,\N,2,R+2 / porte gauche,69.00,100.00,0.00,0,0,1,0,0,0,0.00,\N,0,0,0.00,0.00,0.00,0.00,0.00,0.00,1,ICERT,Parc Edonia - Bâtiment G Rue de la Terre Victoria 35760 SAINT GREGOIRE (détail sur www.cofrac.fr programme n°4-4-11),0,0,2013-08-14 04:00:00,,,0,,,,,,V4,1,6.3a bis,"Pour  les  bâtiments  à  usage  principal  de  bureau,  d’administration  ou  d’enseignement : Consommation par Energie",4_V4_DPE_6.3a_bis.pdf,0,Vente,Vente,1,TR002_004,Bâtiments ou partie de bâtiment à usage principal autre que d'habitation,Non résidentiel,0,5,0,,,,,,,,,,35,35 - Ile et Vilaine,2,1,0,400,5300,53000,79,400.00,,5,-5,418.70,32.90,51.80,66.90,90.00,28.00,41.00,H2,8.08,12.00,33300,3.40,Ea,2,4,1.50,2
190377,1335V8000074P,1870,3,8,Méthode Facture,,\N,\N,2013-08-19,2013-08-19,2011-09-15,,,189.00,D,6.00,B,4,"Autres (théâtres, salles de sport, restaurati",\N,\N,1947,76.53,76.53,35,VERN-SUR-SEICHE,,,29 rue de Chateaubriand,,,RDC,,,35770,35770,35770,NC,,\N,\N,2,,69.57,100.00,0.00,0,0,1,0,0,0,0.00,\N,0,0,0.00,0.00,0.00,0.00,0.00,0.00,1,ICERT,Parc Edonia - Bâtiment G Rue de la Terre Victoria 35760 SAINT GREGOIRE (détail sur www.cofrac.fr programme n°4-4-11),0,0,2013-08-19 04:00:00,,,0,,,,,,V8,1,6.3c bis,Pour  les  autres  bâtiments  non  mentionnés  dans  les  deux  précédents  cas : Consommation par Energie,8_V8_DPE_6.3c_bis.pdf,0,Vente,Vente,1,TR002_004,Bâtiments ou partie de bâtiment à usage principal autre que d'habitation,Non résidentiel,0,5,0,,,,,,,,,,35,35 - Ile et Vilaine,2,1,0,400,5300,53000,79,400.00,,5,-5,418.70,32.90,51.80,66.90,90.00,28.00,41.00,H2,8.08,12.00,33300,3.40,Ea,2,4,1.50,2
195092,1335V4000053I,2211,3,4,Méthode Facture,,\N,\N,2013-08-21,2013-08-21,2011-09-15,,,226.00,D,7.00,B,4,"Bureau, Administration, Enseignement",\N,\N,1,336.60,336.60,35,RENNES,,,"2, Rue des Maréchales",,,,,,35000,35000,35000,,,\N,\N,1,,306.00,100.00,0.00,0,0,1,0,0,0,0.00,\N,0,0,0.00,0.00,0.00,0.00,0.00,0.00,1,ICERT,Parc Edonia - Bâtiment G Rue de la Terre Victoria 35760 SAINT GREGOIRE (détail sur www.cofrac.fr programme n°4-4-11),0,0,2013-08-22 04:00:00,,,0,,,,,,V4,1,6.3a bis,"Pour  les  bâtiments  à  usage  principal  de  bureau,  d’administration  ou  d’enseignement : Consommation par Energie",4_V4_DPE_6.3a_bis.pdf,0,Vente,Vente,1,TR002_004,Bâtiments ou partie de bâtiment à usage principal autre que d'habitation,Non résidentiel,0,5,0,,,,,,,,,,35,35 - Ile et Vilaine,2,1,0,400,5300,53000,79,400.00,,5,-5,418.70,32.90,51.80,66.90,90.00,28.00,41.00,H2,8.08,12.00,33300,3.40,Ea,2,4,1.50,2
196485,1335V4000054J,5058,3,4,Méthode Facture,,\N,\N,2013-08-14,2013-08-22,2011-09-15,,,0.00,N,0.00,N,4,"Bureau, Administration, Enseignement",\N,\N,1,172.70,172.70,35,CESSON SEVIGNE,,,IMMEUBLE LE NEWTON 3 BIS AVENUE BELLE FONTAINE,,,,,,35510,35510,35510,250,,\N,\N,2,,157.00,100.00,0.00,0,0,1,0,0,0,0.00,\N,0,0,0.00,0.00,0.00,0.00,0.00,0.00,1,C147 QUALIXPERT 17 RUE BORREL 81100 CASTRES,17 rue Borrel 81100 CASTRES (détail sur www.cofrac.fr programme n°4-4-11),1,0,2013-08-22 04:00:00,,,0,,,,,,V4,1,6.3a bis,"Pour  les  bâtiments  à  usage  principal  de  bureau,  d’administration  ou  d’enseignement : Consommation par Energie",4_V4_DPE_6.3a_bis.pdf,0,Vente,Vente,1,TR002_004,Bâtiments ou partie de bâtiment à usage principal autre que d'habitation,Non résidentiel,0,5,0,,,,,,,,,,35,35 - Ile et Vilaine,2,1,0,400,5300,53000,79,400.00,,5,-5,418.70,32.90,51.80,66.90,90.00,28.00,41.00,H2,8.08,12.00,33300,3.40,Ea,2,4,1.50,2
200957,1335V5000001C,1596,2,5,3CL - DPE,V2012,\N,\N,2013-07-18,2013-07-18,2011-08-15,,17,304.29,C,43.88,C,4,Commerce,\N,12,1900,0.00,0.00,35,RENNES,00,boulevard,de la Liberté,27,,,,,35000,35238,35238,,\N,\N,\N,0,\N,0.00,0.00,0.00,0,0,0,0,0,0,0.00,\N,0,0,0.00,0.00,0.00,0.00,0.00,0.00,1,ICERT,Batiment G Parc Edonia - rue de la terre victoria 35760 SAINT-GRÉGOIRE,0,0,2013-08-26 04:00:00,-1.680095,48.107289,0.98,housenumber,27 Boulevard de la Liberté 35000 Rennes,35238_5700_00027,27 BOULEVARD DE LA LIBERTE,,V5,1,6.3b,Pour  les  bâtiments  à  occupation  continue : Consommation par Usage,5_V5_DPE_6.3b.pdf,0,Vente,Vente,1,TR002_004,Bâtiments ou partie de bâtiment à usage principal autre que d'habitation,Non résidentiel,0,5,0,,,,,TR013_012,"W : Administrations, banques, bureaux",1,0,Établissements installés dans un bâtiment,35,35 - Ile et Vilaine,2,1,0,400,5300,53000,79,400.00,,5,-5,418.70,32.90,51.80,66.90,90.00,28.00,41.00,H2,8.08,12.00,33300,3.40,Ea,2,4,1.50,2
205818,1335V8000077S,2465,5,8,FACTURE,VERSION_2012,\N,\N,2013-08-28,2013-08-28,2011-08-15,\N,,270.69,D,11.13,C,4,\N,5,3,1700,93.50,93.50,35,RENNES,,\N,1 rue du Châpitre,\N,\N,\N,\N,\N,35000,35238,35238,,\N,\N,\N,0,\N,0.00,93.50,0.00,0,0,1,0,0,0,0.00,\N,0,0,0.00,0.00,0.00,0.00,0.00,0.00,1,I.CERT,Parc Edonia - Rue de la Terre Victoria 35760 Saint Grégoire,0,0,2013-08-28 04:00:00,-1.681607,48.110959,0.97,housenumber,1 Rue du Chapitre 35000 Rennes,35238_1640_00001,1 RUE DU CHAPITRE,,V8,1,6.3c bis,Pour  les  autres  bâtiments  non  mentionnés  dans  les  deux  précédents  cas : Consommation par Energie,8_V8_DPE_6.3c_bis.pdf,0,Vente,Vente,1,TR002_004,Bâtiments ou partie de bâtiment à usage principal autre que d'habitation,Non résidentiel,0,5,0,TR012_005,5ème Catégorie,2ème Groupe,0,TR013_003,"M : Magasins de vente, centres commerciaux",1,0,Établissements installés dans un bâtiment,35,35 - Ile et Vilaine,2,1,0,400,5300,53000,79,400.00,,5,-5,418.70,32.90,51.80,66.90,90.00,28.00,41.00,H2,8.08,12.00,33300,3.40,Ea,2,4,1.50,2
210886,1335V4000058N,7101,5,4,FACTURE,VERSION_2012,\N,\N,2013-08-29,2013-08-30,2011-08-15,\N,,233.18,D,7.59,B,4,\N,5,3,2008,81.40,81.40,35,LA MÉZIÈRE,,\N,"3b, rue de Rennes",\N,\N,\N,\N,\N,35520,35059,35059,,\N,\N,\N,0,\N,0.00,81.40,0.00,0,0,1,0,0,0,0.00,\N,0,0,0.00,0.00,0.00,0.00,0.00,0.00,1,I.Cert,"116 bis, rue Eugène Pottier 35000 RENNES",0,0,2013-08-30 12:52:34,-1.732564,48.175934,0.96,interpolation,3 Rue de Rennes 35520 La Chapelle-des-Fougeretz,,1 RUE DE RENNES,,V4,1,6.3a bis,"Pour  les  bâtiments  à  usage  principal  de  bureau,  d’administration  ou  d’enseignement : Consommation par Energie",4_V4_DPE_6.3a_bis.pdf,0,Vente,Vente,1,TR002_004,Bâtiments ou partie de bâtiment à usage principal autre que d'habitation,Non résidentiel,0,5,0,TR012_005,5ème Catégorie,2ème Groupe,0,TR013_003,"M : Magasins de vente, centres commerciaux",1,0,Établissements installés dans un bâtiment,35,35 - Ile et Vilaine,2,1,0,400,5300,53000,79,400.00,,5,-5,418.70,32.90,51.80,66.90,90.00,28.00,41.00,H2,8.08,12.00,33300,3.40,Ea,2,4,1.50,2
215465,1335P2000001T,2211,3,15,Méthode Facture,,15 Août 2011,15 Août 2011,2013-09-02,2013-09-02,2011-09-15,,,49.00,N,1.00,N,4,"Bureau, Administration, Enseignement",\N,\N,1,174.00,174.00,35,SAINT-GRÉGOIRE,,,Rue de la Terre Adelie - Parc Edonia Bat L,,,Etage RDC; Porte Droite,,,35760,35760,35760,,,\N,\N,2,RDC - Porte droite,174.00,100.00,0.00,0,0,1,0,0,0,0.00,\N,0,0,0.00,0.00,0.00,0.00,0.00,0.00,1,ICERT,Parc Edonia - Bâtiment G Rue de la Terre Victoria 35760 SAINT GREGOIRE (détail sur www.cofrac.fr programme n°4-4-11),0,0,2013-09-02 17:54:37,,,0,,,,,,P2,2,6.1 bis public,"Pour les bâtiments à usage principal de bureau, d’administration ou d’enseignement : Consommation par Energie",15_P2_DPE_6.1_public_bis.pdf,0,Public,Bâtiment public,5,TR002_004,Bâtiments ou partie de bâtiment à usage principal autre que d'habitation,Non résidentiel,0,5,0,,,,,,,,,,35,35 - Ile et Vilaine,2,1,0,400,5300,53000,79,400.00,,5,-5,418.70,32.90,51.80,66.90,90.00,28.00,41.00,H2,8.08,12.00,33300,3.40,Ea,2,4,1.50,2
217155,1335V4000060G,3139,5,4,FACTURE,VERSION_2012,\N,\N,2013-09-03,2013-09-03,2011-08-15,\N,,272.21,D,43.48,D,4,\N,\N,\N,1950,207.96,207.96,35,RENNES,,\N,115 BIS AVENUE ARISTIDE BRIAND,\N,\N,\N,\N,\N,35064,35238,35238,,\N,\N,\N,0,\N,0.00,207.96,0.00,0,0,1,0,0,0,0.00,\N,0,0,0.00,0.00,0.00,0.00,0.00,0.00,1,ICERT,n/c,0,0,2013-09-03 12:47:52,-1.658335,48.110374,0.89,housenumber,115bis Avenue Aristide Briand 35000 Rennes,35238_0480_00115_bis,115BIS AVENUE ARISTIDE BRIAND,,V4,1,6.3a bis,"Pour  les  bâtiments  à  usage  principal  de  bureau,  d’administration  ou  d’enseignement : Consommation par Energie",4_V4_DPE_6.3a_bis.pdf,0,Vente,Vente,1,TR002_004,Bâtiments ou partie de bâtiment à usage principal autre que d'habitation,Non résidentiel,0,5,0,,,,,,,,,,35,35 - Ile et Vilaine,2,1,0,400,5300,53000,79,400.00,,5,-5,418.70,32.90,51.80,66.90,90.00,28.00,41.00,H2,8.08,12.00,33300,3.40,Ea,2,4,1.50,2
221609,1335V4000062I,9259,5,4,FACTURE,VERSION_2012,\N,\N,2013-05-15,2013-09-04,2011-08-15,\N,,68.49,B,16.02,C,4,\N,\N,\N,1990,41.89,41.89,35,RENNES,,\N,29 B QUAI DE LA PREVALAYE,\N,\N,\N,\N,\N,35000,35238,35238,,\N,\N,\N,0,\N,0.00,41.89,0.00,0,0,1,0,0,0,0.00,\N,0,0,0.00,0.00,0.00,0.00,0.00,0.00,1,ICERT,n/c,0,0,2013-09-04 16:34:30,-1.688718,48.107993,0.87,housenumber,29b Quai de la Prévalaye 35000 Rennes,35238_7980_00029_b,29B QUAI DE LA PREVALAYE,,V4,1,6.3a bis,"Pour  les  bâtiments  à  usage  principal  de  bureau,  d’administration  ou  d’enseignement : Consommation par Energie",4_V4_DPE_6.3a_bis.pdf,0,Vente,Vente,1,TR002_004,Bâtiments ou partie de bâtiment à usage principal autre que d'habitation,Non résidentiel,0,5,0,,,,,,,,,,35,35 - Ile et Vilaine,2,1,0,400,5300,53000,79,400.00,,5,-5,418.70,32.90,51.80,66.90,90.00,28.00,41.00,H2,8.08,12.00,33300,3.40,Ea,2,4,1.50,2
221640,1335V4000063J,9259,5,4,FACTURE,VERSION_2012,\N,\N,2013-05-15,2013-09-04,2011-08-15,\N,,68.60,B,16.05,C,4,\N,\N,\N,1990,41.82,41.82,35,RENNES,,\N,29 B QUAI DE LA PREVALAYE,\N,\N,\N,\N,\N,35000,35238,35238,,\N,\N,\N,0,\N,0.00,41.82,0.00,0,0,1,0,0,0,0.00,\N,0,0,0.00,0.00,0.00,0.00,0.00,0.00,1,ICERT,n/c,0,0,2013-09-04 16:40:37,-1.688718,48.107993,0.87,housenumber,29b Quai de la Prévalaye 35000 Rennes,35238_7980_00029_b,29B QUAI DE LA PREVALAYE,,V4,1,6.3a bis,"Pour  les  bâtiments  à  usage  principal  de  bureau,  d’administration  ou  d’enseignement : Consommation par Energie",4_V4_DPE_6.3a_bis.pdf,0,Vente,Vente,1,TR002_004,Bâtiments ou partie de bâtiment à usage principal autre que d'habitation,Non résidentiel,0,5,0,,,,,,,,,,35,35 - Ile et Vilaine,2,1,0,400,5300,53000,79,400.00,,5,-5,418.70,32.90,51.80,66.90,90.00,28.00,41.00,H2,8.08,12.00,33300,3.40,Ea,2,4,1.50,2
222202,1335V4000064K,9259,5,4,FACTURE,VERSION_2012,\N,\N,2013-05-15,2013-09-04,2011-08-15,\N,,178.33,C,41.72,D,4,\N,\N,\N,1990,15.15,15.15,35,RENNES,,\N,29 B QUAI DE LA PREVALAYE,\N,\N,\N,\N,\N,35000,35238,35238,,\N,\N,\N,0,\N,0.00,15.15,0.00,0,0,1,0,0,0,0.00,\N,0,0,0.00,0.00,0.00,0.00,0.00,0.00,1,ICERT,n/c,0,0,2013-09-04 19:00:18,-1.688718,48.107993,0.87,housenumber,29b Quai de la Prévalaye 35000 Rennes,35238_7980_00029_b,29B QUAI DE LA PREVALAYE,,V4,1,6.3a bis,"Pour  les  bâtiments  à  usage  principal  de  bureau,  d’administration  ou  d’enseignement : Consommation par Energie",4_V4_DPE_6.3a_bis.pdf,0,Vente,Vente,1,TR002_004,Bâtiments ou partie de bâtiment à usage principal autre que d'habitation,Non résidentiel,0,5,0,,,,,,,,,,35,35 - Ile et Vilaine,2,1,0,400,5300,53000,79,400.00,,5,-5,418.70,32.90,51.80,66.90,90.00,28.00,41.00,H2,8.08,12.00,33300,3.40,Ea,2,4,1.50,2
222222,1335V4000065L,9259,5,4,FACTURE,VERSION_2012,\N,\N,2013-05-15,2013-09-04,2011-08-15,\N,,64.58,B,15.11,B,4,\N,\N,\N,1990,41.82,41.82,35,RENNES,,\N,29 B QUAI DE LA PREVALAYE,\N,\N,\N,\N,\N,35000,35238,35238,,\N,\N,\N,0,\N,0.00,41.82,0.00,0,0,1,0,0,0,0.00,\N,0,0,0.00,0.00,0.00,0.00,0.00,0.00,1,ICERT,n/c,0,0,2013-09-04 19:07:43,-1.688718,48.107993,0.87,housenumber,29b Quai de la Prévalaye 35000 Rennes,35238_7980_00029_b,29B QUAI DE LA PREVALAYE,,V4,1,6.3a bis,"Pour  les  bâtiments  à  usage  principal  de  bureau,  d’administration  ou  d’enseignement : Consommation par Energie",4_V4_DPE_6.3a_bis.pdf,0,Vente,Vente,1,TR002_004,Bâtiments ou partie de bâtiment à usage principal autre que d'habitation,Non résidentiel,0,5,0,,,,,,,,,,35,35 - Ile et Vilaine,2,1,0,400,5300,53000,79,400.00,,5,-5,418.70,32.90,51.80,66.90,90.00,28.00,41.00,H2,8.08,12.00,33300,3.40,Ea,2,4,1.50,2
222406,1335V8000087T,9646,5,8,FACTURE,VERSION_2012,\N,\N,2013-09-02,2013-09-04,2011-08-15,\N,,0.00,N,0.00,N,4,\N,\N,\N,1900,330.00,330.00,35,TINTENIAC,,\N,5 RUE DE LA LIBERATION,\N,\N,\N,\N,\N,35190,35022,35022,,\N,\N,\N,0,\N,0.00,330.00,0.00,0,0,1,0,0,0,0.00,\N,0,0,0.00,0.00,0.00,0.00,0.00,0.00,1,CERTIFI,n/c,1,0,2013-09-04 20:44:24,-1.946485,48.294117,0.95,housenumber,5 Rue de la Libération 35190 Bécherel,35022_0180_00005,5 RUE DE LA LIBERATION,,V8,1,6.3c bis,Pour  les  autres  bâtiments  non  mentionnés  dans  les  deux  précédents  cas : Consommation par Energie,8_V8_DPE_6.3c_bis.pdf,0,Vente,Vente,1,TR002_004,Bâtiments ou partie de bâtiment à usage principal autre que d'habitation,Non résidentiel,0,5,0,,,,,,,,,,35,35 - Ile et Vilaine,2,1,0,400,5300,53000,79,400.00,,5,-5,418.70,32.90,51.80,66.90,90.00,28.00,41.00,H2,8.08,12.00,33300,3.40,Ea,2,4,1.50,2
228271,1335V4000066M,7101,5,4,FACTURE,VERSION_2012,\N,\N,2013-09-05,2013-09-06,2011-08-15,\N,,51.98,B,1.69,A,4,\N,5,12,1975,32.56,32.56,35,TINTÉNIAC,,\N,"2, rue Moulin à l'Abesse",\N,\N,\N,\N,\N,35190,35022,35022,,\N,\N,0,0,\N,0.00,29.60,0.00,0,0,1,0,0,0,0.00,\N,0,0,0.00,0.00,0.00,0.00,0.00,0.00,1,I.Cert,"116 bis, rue Eugène Pottier 35000 RENNES",0,0,2013-09-06 17:05:53,,,0,,,,,,V4,1,6.3a bis,"Pour  les  bâtiments  à  usage  principal  de  bureau,  d’administration  ou  d’enseignement : Consommation par Energie",4_V4_DPE_6.3a_bis.pdf,0,Vente,Vente,1,TR002_004,Bâtiments ou partie de bâtiment à usage principal autre que d'habitation,Non résidentiel,0,5,0,TR012_005,5ème Catégorie,2ème Groupe,0,TR013_012,"W : Administrations, banques, bureaux",1,0,Établissements installés dans un bâtiment,35,35 - Ile et Vilaine,2,1,0,400,5300,53000,79,400.00,,5,-5,418.70,32.90,51.80,66.90,90.00,28.00,41.00,H2,8.08,12.00,33300,3.40,Ea,2,4,1.50,2
229616,1335V3000014E,9445,3,3,Méthode Facture,,\N,\N,2013-09-06,2013-09-07,2011-09-15,,,0.00,N,0.00,N,4,"Bureau, Administration, Enseignement",\N,\N,1,440.00,440.00,35,Cesson-Sévigné,,,La Rigourdière,,,,,,35510,35510,35510,NC,,\N,\N,2,,400.00,100.00,0.00,0,0,1,0,0,0,0.00,\N,0,0,40.00,0.00,0.00,400.00,400.00,120.00,1,ICERT,Parc Edonia - Bâtiment G Rue de la Terre Victoria 35760 SAINT GREGOIRE (détail sur www.cofrac.fr programme n°4-4-11),1,0,2013-09-07 21:50:53,,,0,,,,,,V3,1,6.3a,"Pour  les  bâtiments  à  usage  principal  de  bureau,  d’administration  ou  d’enseignement : Consommation par Usage",3_V3_DPE_6.3a.pdf,0,Vente,Vente,1,TR002_004,Bâtiments ou partie de bâtiment à usage principal autre que d'habitation,Non résidentiel,0,5,0,,,,,,,,,,35,35 - Ile et Vilaine,2,1,0,400,5300,53000,79,400.00,,5,-5,418.70,32.90,51.80,66.90,90.00,28.00,41.00,H2,8.08,12.00,33300,3.40,Ea,2,4,1.50,2
231376,1335C1000004A,9445,3,20,Méthode Facture,,\N,\N,2013-09-09,2013-09-09,2011-09-15,,,0.00,N,0.00,N,5,Centres Commerciaux,\N,\N,1947,484.00,484.00,35,Rennes,,,"2, rue de la Retardais",,,,,,35000,35000,35000,NC,,,100,2,,440.00,100.00,0.00,0,0,1,0,0,0,0.00,\N,0,0,4.00,0.00,0.00,400.00,440.00,100.00,1,,,1,0,2013-09-09 12:24:10,,,0,,,,,,C1,5,Par usage,Pour les centres commerciaux,20_C1_DPE_6.a.pdf,0,Centre commercial,Centre commercial,4,TR002_005,Centre Commerciaux,Centres commerciaux,0,4,0,,,,,,,,,,35,35 - Ile et Vilaine,2,1,0,400,5300,53000,79,400.00,,5,-5,418.70,32.90,51.80,66.90,90.00,28.00,41.00,H2,8.08,12.00,33300,3.40,Ea,2,4,1.50,2
231452,1335V8000088U,10244,5,8,FACTURE,VERSION_2012,\N,\N,2013-08-29,2013-09-09,2011-08-15,\N,,333.25,E,10.85,B,4,\N,5,3,1980,730.40,730.40,35,CESSON-SÉVIGNÉ,,\N,ZAC de la Rigourdière,\N,\N,\N,\N,\N,35510,35051,35051,,\N,\N,0,0,\N,0.00,664.00,0.00,0,0,1,0,0,0,0.00,\N,0,0,0.00,0.00,0.00,0.00,0.00,0.00,1,Bureau Veritas Certification,Le Guillaumet 92046 PARIS LA DEFENSE,0,0,2013-09-09 12:49:33,-1.583967,48.115819,0.73,street,Rue de la Rigourdière 35510 Cesson-Sévigné,35051_0547,RUE DE LA RIGOURDIERE,,V8,1,6.3c bis,Pour  les  autres  bâtiments  non  mentionnés  dans  les  deux  précédents  cas : Consommation par Energie,8_V8_DPE_6.3c_bis.pdf,0,Vente,Vente,1,TR002_004,Bâtiments ou partie de bâtiment à usage principal autre que d'habitation,Non résidentiel,0,5,0,TR012_005,5ème Catégorie,2ème Groupe,0,TR013_003,"M : Magasins de vente, centres commerciaux",1,0,Établissements installés dans un bâtiment,35,35 - Ile et Vilaine,2,1,0,400,5300,53000,79,400.00,,5,-5,418.70,32.90,51.80,66.90,90.00,28.00,41.00,H2,8.08,12.00,33300,3.40,Ea,2,4,1.50,2
246175,1335N1000371A,8443,10,11,FACTURE - DPE,V2012,Th-CE 2005,,2013-09-13,2013-09-13,2011-08-15,.,,75.11,B,11.79,C,4,Cabinet médical,\N,\N,2013,\N,\N,35,BRUZ,00,,La rabine,,,,,,35170,35047,35047,,,,,\N,,\N,\N,\N,\N,\N,\N,\N,\N,\N,\N,,\N,\N,\N,\N,\N,\N,\N,\N,1,SOCOTEC Certification,89/93 avenue Paul Vaillant Couturier 94250 GENTILLY,0,0,2013-09-13 14:09:15,-1.76155,48.024388,0.95,locality,la Rabine 35170 Bruz,35047_sq7g6u,LA RABINE,,N1,3,6.1 neuf,Pour  les  bâtiments  neufs  à  usage  principal  d’habitation,11_N1_DPE_6.1_neuf.pdf,0,Neuf,Neuf,3,TR002_004,Bâtiments ou partie de bâtiment à usage principal autre que d'habitation,Non résidentiel,0,5,0,,,,,,,,,,35,35 - Ile et Vilaine,2,1,0,400,5300,53000,79,400.00,,5,-5,418.70,32.90,51.80,66.90,90.00,28.00,41.00,H2,8.08,12.00,33300,3.40,Ea,2,4,1.50,2
252849,1335V8000099W,3139,5,8,FACTURE,VERSION_2012,\N,\N,2013-09-16,2013-09-17,2011-08-15,\N,,0.00,A,0.00,A,4,\N,\N,\N,1900,36.30,36.30,35,RENNES,,\N,50 BOULEVARD DE LA LIBERTE,\N,\N,\N,\N,\N,35000,35238,35238,,\N,\N,0,0,\N,0.00,33.00,0.00,0,0,1,0,0,0,0.00,\N,0,0,0.00,0.00,0.00,0.00,0.00,0.00,1,ICERT,n/c,0,0,2013-09-17 08:25:13,-1.682976,48.108363,0.98,housenumber,50 Boulevard de la Liberté 35000 Rennes,35238_5700_00050,50 BOULEVARD DE LA LIBERTE,,V8,1,6.3c bis,Pour  les  autres  bâtiments  non  mentionnés  dans  les  deux  précédents  cas : Consommation par Energie,8_V8_DPE_6.3c_bis.pdf,0,Vente,Vente,1,TR002_004,Bâtiments ou partie de bâtiment à usage principal autre que d'habitation,Non résidentiel,0,5,0,,,,,,,,,,35,35 - Ile et Vilaine,2,1,0,400,5300,53000,79,400.00,,5,-5,418.70,32.90,51.80,66.90,90.00,28.00,41.00,H2,8.08,12.00,33300,3.40,Ea,2,4,1.50,2
255039,1335C1000005B,9445,3,20,Méthode Facture,,\N,\N,2013-09-16,2013-09-17,2011-09-15,,,0.00,N,0.00,N,5,Centres Commerciaux,\N,\N,1947,220.00,220.00,35,Rennes,,,"117, rue d'Antrain",,,,,,35000,35000,35000,NC,,,100,2,,200.00,100.00,0.00,0,0,1,0,0,0,0.00,\N,0,0,20.00,0.00,20.00,200.00,200.00,85.00,1,ICERT,Parc Edonia - Bâtiment G Rue de la Terre Victoria 35760 SAINT GREGOIRE (détail sur www.cofrac.fr programme n°4-4-11),1,0,2013-09-17 17:21:30,,,0,,,,,,C1,5,Par usage,Pour les centres commerciaux,20_C1_DPE_6.a.pdf,0,Centre commercial,Centre commercial,4,TR002_005,Centre Commerciaux,Centres commerciaux,0,4,0,,,,,,,,,,35,35 - Ile et Vilaine,2,1,0,400,5300,53000,79,400.00,,5,-5,418.70,32.90,51.80,66.90,90.00,28.00,41.00,H2,8.08,12.00,33300,3.40,Ea,2,4,1.50,2
257756,1335V7000024J,10244,5,7,FACTURE,VERSION_2012,\N,\N,2013-08-29,2013-09-18,2011-08-15,\N,,0.00,N,0.00,N,4,\N,\N,3,1981,1980.00,1980.00,35,CESSON-SÉVIGNÉ,,\N,ZAC de la Rigourdière,\N,\N,\N,\N,\N,35510,35051,35051,,\N,\N,0,0,\N,0.00,1800.00,0.00,0,0,1,0,0,0,0.00,\N,0,0,0.00,0.00,0.00,0.00,0.00,0.00,1,Bureau Veritas Certification,Le Guillaumet 92046 PARIS LA DEFENSE,1,0,2013-09-18 14:46:29,-1.583967,48.115819,0.73,street,Rue de la Rigourdière 35510 Cesson-Sévigné,35051_0547,RUE DE LA RIGOURDIERE,,V7,1,6.3c,Pour  les  autres  bâtiments  non  mentionnés  dans  les  deux  précédents  cas : Consommation par Usage,7_V7_DPE_6.3c.pdf,0,Vente,Vente,1,TR002_004,Bâtiments ou partie de bâtiment à usage principal autre que d'habitation,Non résidentiel,0,5,0,,,,,TR013_003,"M : Magasins de vente, centres commerciaux",1,0,Établissements installés dans un bâtiment,35,35 - Ile et Vilaine,2,1,0,400,5300,53000,79,400.00,,5,-5,418.70,32.90,51.80,66.90,90.00,28.00,41.00,H2,8.08,12.00,33300,3.40,Ea,2,4,1.50,2
257770,1335V7000025K,10244,5,7,FACTURE,VERSION_2012,\N,\N,2013-08-29,2013-09-18,2011-08-15,\N,,0.00,N,0.00,N,4,\N,\N,3,1981,1980.00,1980.00,35,CESSON-SÉVIGNÉ,,\N,ZAC de la Rigourdière,\N,\N,\N,\N,\N,35510,35051,35051,,\N,\N,0,0,\N,0.00,1800.00,0.00,0,0,1,0,0,0,0.00,\N,0,0,0.00,0.00,0.00,0.00,0.00,0.00,1,Bureau Veritas Certification,Le Guillaumet 92046 PARIS LA DEFENSE,1,0,2013-09-18 14:49:00,-1.583967,48.115819,0.73,street,Rue de la Rigourdière 35510 Cesson-Sévigné,35051_0547,RUE DE LA RIGOURDIERE,,V7,1,6.3c,Pour  les  autres  bâtiments  non  mentionnés  dans  les  deux  précédents  cas : Consommation par Usage,7_V7_DPE_6.3c.pdf,0,Vente,Vente,1,TR002_004,Bâtiments ou partie de bâtiment à usage principal autre que d'habitation,Non résidentiel,0,5,0,,,,,TR013_003,"M : Magasins de vente, centres commerciaux",1,0,Établissements installés dans un bâtiment,35,35 - Ile et Vilaine,2,1,0,400,5300,53000,79,400.00,,5,-5,418.70,32.90,51.80,66.90,90.00,28.00,41.00,H2,8.08,12.00,33300,3.40,Ea,2,4,1.50,2
260385,1335V4000073K,9445,3,4,Méthode Facture,,\N,\N,2013-09-11,2013-09-11,2011-09-15,,,185.00,C,43.00,D,4,"Bureau, Administration, Enseignement",\N,\N,1947,143.07,143.07,35,Rennes,,,"Parc Oberthur 74, rue de Paris ",,,,,,35000,35000,35000,228,,\N,\N,2,,130.06,100.00,0.00,0,0,1,0,0,0,0.00,\N,0,0,15.00,0.00,0.00,132.00,132.00,18.00,1,ICERT,Parc Edonia - Bâtiment G Rue de la Terre Victoria 35760 SAINT GREGOIRE (détail sur www.cofrac.fr programme n°4-4-11),0,0,2013-09-19 10:53:55,,,0,,,,,,V4,1,6.3a bis,"Pour  les  bâtiments  à  usage  principal  de  bureau,  d’administration  ou  d’enseignement : Consommation par Energie",4_V4_DPE_6.3a_bis.pdf,0,Vente,Vente,1,TR002_004,Bâtiments ou partie de bâtiment à usage principal autre que d'habitation,Non résidentiel,0,5,0,,,,,,,,,,35,35 - Ile et Vilaine,2,1,0,400,5300,53000,79,400.00,,5,-5,418.70,32.90,51.80,66.90,90.00,28.00,41.00,H2,8.08,12.00,33300,3.40,Ea,2,4,1.50,2
262916,1335V6000004G,2465,5,6,FACTURE,VERSION_2012,\N,\N,2013-09-19,2013-09-19,2011-08-15,\N,,1023.93,F,33.33,C,4,\N,\N,\N,2000,4559.50,4559.50,35,SERVON-SUR-VILAINE,,\N,ZI Olivet,\N,\N,\N,\N,\N,35530,35039,35039,,\N,\N,0,0,\N,0.00,4145.00,0.00,0,0,1,0,0,0,0.00,\N,0,0,0.00,0.00,0.00,0.00,0.00,0.00,1,I.CERT,Parc Edonia - Rue de la Terre Victoria 35760 Saint Grégoire,0,0,2013-09-19 20:09:41,,,0,,,,,,V6,1,6.3b bis,Pour  les  bâtiments  à  occupation  continue : Consommation par Energie,6_V6_DPE_6.3b_bis.pdf,0,Vente,Vente,1,TR002_004,Bâtiments ou partie de bâtiment à usage principal autre que d'habitation,Non résidentiel,0,5,0,,,,,,,,,,35,35 - Ile et Vilaine,2,1,0,400,5300,53000,79,400.00,,5,-5,418.70,32.90,51.80,66.90,90.00,28.00,41.00,H2,8.08,12.00,33300,3.40,Ea,2,4,1.50,2
263892,1335V4000074L,2211,3,4,Méthode Facture,,\N,\N,2013-09-19,2013-09-19,2011-09-15,,,203.00,C,6.00,B,4,"Bureau, Administration, Enseignement",\N,\N,1,201.30,201.30,35,RENNES,,,"72, Bd Albert 1er",,,,,,35200,35200,35200,,,\N,\N,2,RDC,183.00,100.00,0.00,0,0,1,0,0,0,0.00,\N,0,0,0.00,0.00,0.00,0.00,0.00,0.00,1,ICERT,Parc Edonia - Bâtiment G Rue de la Terre Victoria 35760 SAINT GREGOIRE (détail sur www.cofrac.fr programme n°4-4-11),0,0,2013-09-20 10:08:48,,,0,,,,,,V4,1,6.3a bis,"Pour  les  bâtiments  à  usage  principal  de  bureau,  d’administration  ou  d’enseignement : Consommation par Energie",4_V4_DPE_6.3a_bis.pdf,0,Vente,Vente,1,TR002_004,Bâtiments ou partie de bâtiment à usage principal autre que d'habitation,Non résidentiel,0,5,0,,,,,,,,,,35,35 - Ile et Vilaine,2,1,0,400,5300,53000,79,400.00,,5,-5,418.70,32.90,51.80,66.90,90.00,28.00,41.00,H2,8.08,12.00,33300,3.40,Ea,2,4,1.50,2
264299,1335V4000075M,5058,3,4,Méthode Facture,,\N,\N,2013-09-17,2013-09-20,2011-09-15,,,190.00,C,6.00,B,4,"Bureau, Administration, Enseignement",\N,\N,1,58.30,58.30,35,RENNES,,,8 RUE SAPEUR MICHEL JOUAN,,,,,,35000,35000,35000,7-41-42,,\N,\N,1,Buraux en rez de chaussée,53.00,100.00,0.00,0,0,1,0,0,0,0.00,\N,0,0,0.00,0.00,0.00,0.00,0.00,0.00,1,C2095,,0,0,2013-09-20 11:13:11,,,0,,,,,,V4,1,6.3a bis,"Pour  les  bâtiments  à  usage  principal  de  bureau,  d’administration  ou  d’enseignement : Consommation par Energie",4_V4_DPE_6.3a_bis.pdf,0,Vente,Vente,1,TR002_004,Bâtiments ou partie de bâtiment à usage principal autre que d'habitation,Non résidentiel,0,5,0,,,,,,,,,,35,35 - Ile et Vilaine,2,1,0,400,5300,53000,79,400.00,,5,-5,418.70,32.90,51.80,66.90,90.00,28.00,41.00,H2,8.08,12.00,33300,3.40,Ea,2,4,1.50,2
269717,1335V4000078P,3139,5,4,FACTURE,VERSION_2012,\N,\N,2013-09-17,2013-09-23,2011-08-15,\N,,0.00,A,0.00,A,4,\N,\N,\N,1989,1101.10,1101.10,35,RENNES,,\N,PARC D AFFAIRES OBERTHUR,\N,\N,\N,\N,\N,35000,35238,35238,,\N,\N,0,0,\N,0.00,1001.00,0.00,0,0,1,0,0,0,0.00,\N,0,0,0.00,0.00,0.00,0.00,0.00,0.00,1,ICERT,n/c,0,0,2013-09-23 12:41:52,-1.659466,48.112752,0.41,locality,Parc Hamelin Oberthür 35000 Rennes,35238_4140,PARC HAMELIN OBERTHUR,,V4,1,6.3a bis,"Pour  les  bâtiments  à  usage  principal  de  bureau,  d’administration  ou  d’enseignement : Consommation par Energie",4_V4_DPE_6.3a_bis.pdf,0,Vente,Vente,1,TR002_004,Bâtiments ou partie de bâtiment à usage principal autre que d'habitation,Non résidentiel,0,5,0,,,,,,,,,,35,35 - Ile et Vilaine,2,1,0,400,5300,53000,79,400.00,,5,-5,418.70,32.90,51.80,66.90,90.00,28.00,41.00,H2,8.08,12.00,33300,3.40,Ea,2,4,1.50,2
269901,1335V4000079Q,4127,10,4,FACTURE - DPE,V2012,\N,\N,2013-09-18,2013-09-18,2011-08-15, La durée effective de fourniture de chauffage ou d'ECS est inférieure à trois ans (2011 et 2012),,564.26,F,18.37,C,4,commerce,\N,\N,1988,60.00,60.00,35,CESSON-SEVIGNE,00,rue,du Muguet,38,,,,,35510,35051,35051,,,,,\N,,\N,\N,\N,\N,\N,\N,\N,\N,\N,\N,,\N,\N,\N,\N,\N,\N,\N,\N,1,Socotec Certification,89-93 avenue Paul Vaillant Couturier 94250 GENTILLY,0,0,2013-09-23 13:55:54,-1.609189,48.117612,0.97,housenumber,38 Rue du Muguet 35510 Cesson-Sévigné,35051_0460_00038,38 RUE DU MUGUET,,V4,1,6.3a bis,"Pour  les  bâtiments  à  usage  principal  de  bureau,  d’administration  ou  d’enseignement : Consommation par Energie",4_V4_DPE_6.3a_bis.pdf,0,Vente,Vente,1,TR002_004,Bâtiments ou partie de bâtiment à usage principal autre que d'habitation,Non résidentiel,0,5,0,,,,,,,,,,35,35 - Ile et Vilaine,2,1,0,400,5300,53000,79,400.00,,5,-5,418.70,32.90,51.80,66.90,90.00,28.00,41.00,H2,8.08,12.00,33300,3.40,Ea,2,4,1.50,2
272840,1335C1000006C,9644,3,20,Méthode Facture,,\N,\N,2013-09-11,2013-09-11,2011-09-15,,,396.00,F,12.00,B,5,Centres Commerciaux,\N,\N,1947,2179.10,2179.10,35,RENNES,,,"3-5, Quai LAMARTINE",,,,,,35000,35000,35000,Non communiqué,,,100,2,,1981.00,100.00,0.00,0,0,1,0,0,0,0.00,\N,0,0,58.00,98.00,42.00,1981.00,1981.00,267.00,1,Bureau VERITAS Certification,Immeuble Le Guillaumet - 60 Avenue du Général de Gaulle - 92800 PUTEAUX (détail sur www.cofrac.fr programme n°4-4-11),0,0,2013-09-24 10:24:27,,,0,,,,,,C1,5,Par usage,Pour les centres commerciaux,20_C1_DPE_6.a.pdf,0,Centre commercial,Centre commercial,4,TR002_005,Centre Commerciaux,Centres commerciaux,0,4,0,,,,,,,,,,35,35 - Ile et Vilaine,2,1,0,400,5300,53000,79,400.00,,5,-5,418.70,32.90,51.80,66.90,90.00,28.00,41.00,H2,8.08,12.00,33300,3.40,Ea,2,4,1.50,2
273975,1335V3000017H,6952,3,3,Méthode Facture,,\N,\N,2013-09-16,2013-09-24,2011-09-15,,,415.00,E,13.00,B,4,"Bureau, Administration, Enseignement",\N,\N,1,462.00,462.00,35,VEZIN LE COQUET,,,4 RUE MONTIGNE ZAC DES TROIS MARCHES,,,,,,35132,35132,35132,2,,\N,\N,2,,420.00,100.00,0.00,0,0,1,0,0,0,0.00,\N,0,0,0.00,19.33,0.00,420.00,420.00,221.16,1,C0254 QUALIXPERT 17 RUE BOREL 81100 CASTRES,17 rue Borrel 81100 CASTRES (détail sur www.cofrac.fr programme n°4-4-11),0,0,2013-09-24 14:56:39,,,0,,,,,,V3,1,6.3a,"Pour  les  bâtiments  à  usage  principal  de  bureau,  d’administration  ou  d’enseignement : Consommation par Usage",3_V3_DPE_6.3a.pdf,0,Vente,Vente,1,TR002_004,Bâtiments ou partie de bâtiment à usage principal autre que d'habitation,Non résidentiel,0,5,0,,,,,,,,,,35,35 - Ile et Vilaine,2,1,0,400,5300,53000,79,400.00,,5,-5,418.70,32.90,51.80,66.90,90.00,28.00,41.00,H2,8.08,12.00,33300,3.40,Ea,2,4,1.50,2
274142,1335V3000018I,6952,3,3,Méthode Facture,,\N,\N,2013-09-16,2013-09-24,2011-09-15,,,409.00,E,13.00,B,4,"Bureau, Administration, Enseignement",\N,\N,1,660.00,660.00,35,VEZIN LE COQUET,,,4 RUE MONTIGNE ZAC DES TROIS MARCHES,,,,,,35132,35132,35132,1,,\N,\N,2,,600.00,100.00,0.00,0,0,1,0,0,0,0.00,\N,0,0,0.00,70.84,0.00,600.00,600.00,176.81,1,C0254 QUALIXPERT 17 RUE BOREL 81100 CASTRES,17 rue Borrel 81100 CASTRES (détail sur www.cofrac.fr programme n°4-4-11),0,0,2013-09-24 15:20:04,,,0,,,,,,V3,1,6.3a,"Pour  les  bâtiments  à  usage  principal  de  bureau,  d’administration  ou  d’enseignement : Consommation par Usage",3_V3_DPE_6.3a.pdf,0,Vente,Vente,1,TR002_004,Bâtiments ou partie de bâtiment à usage principal autre que d'habitation,Non résidentiel,0,5,0,,,,,,,,,,35,35 - Ile et Vilaine,2,1,0,400,5300,53000,79,400.00,,5,-5,418.70,32.90,51.80,66.90,90.00,28.00,41.00,H2,8.08,12.00,33300,3.40,Ea,2,4,1.50,2
274324,1335C1000007D,9445,3,20,Méthode Facture,,\N,\N,2013-09-23,2013-09-23,2011-09-15,,,0.00,N,0.00,N,5,Centres Commerciaux,\N,\N,1947,66.00,66.00,35,Rennes,,,"2, rue Jules Simon",,,,,,35000,35000,35000,NC,,,100,2,,60.00,100.00,0.00,0,0,1,0,0,0,0.00,\N,0,0,0.00,0.00,4.00,39.00,30.00,15.00,1,ICERT,Parc Edonia - Bâtiment G Rue de la Terre Victoria 35760 SAINT GREGOIRE (détail sur www.cofrac.fr programme n°4-4-11),1,0,2013-09-24 15:44:03,,,0,,,,,,C1,5,Par usage,Pour les centres commerciaux,20_C1_DPE_6.a.pdf,0,Centre commercial,Centre commercial,4,TR002_005,Centre Commerciaux,Centres commerciaux,0,4,0,,,,,,,,,,35,35 - Ile et Vilaine,2,1,0,400,5300,53000,79,400.00,,5,-5,418.70,32.90,51.80,66.90,90.00,28.00,41.00,H2,8.08,12.00,33300,3.40,Ea,2,4,1.50,2
274770,1335V8000103I,3139,5,8,FACTURE,VERSION_2012,\N,\N,2013-09-24,2013-09-24,2011-08-15,\N,,247.26,D,8.05,B,4,\N,\N,\N,2008,1870.00,1870.00,35,RENNES,,\N,8 RUE DE LA DONELIERE - BATIMENT 1700M²,\N,\N,\N,\N,\N,35000,35238,35238,,\N,\N,0,0,\N,0.00,1700.00,0.00,0,0,1,0,0,0,0.00,\N,0,0,0.00,0.00,0.00,0.00,0.00,0.00,1,ICERT,n/c,0,0,2013-09-24 16:53:45,-1.685447,48.131944,0.98,housenumber,8 Rue de la Donelière 35000 Rennes,35238_2590_00008,8 RUE DE LA DONELIERE,,V8,1,6.3c bis,Pour  les  autres  bâtiments  non  mentionnés  dans  les  deux  précédents  cas : Consommation par Energie,8_V8_DPE_6.3c_bis.pdf,0,Vente,Vente,1,TR002_004,Bâtiments ou partie de bâtiment à usage principal autre que d'habitation,Non résidentiel,0,5,0,,,,,,,,,,35,35 - Ile et Vilaine,2,1,0,400,5300,53000,79,400.00,,5,-5,418.70,32.90,51.80,66.90,90.00,28.00,41.00,H2,8.08,12.00,33300,3.40,Ea,2,4,1.50,2
274785,1335V4000080I,8776,10,4,FACTURE - DPE,V2012,\N,\N,2013-09-24,2013-09-24,2011-08-15,,,116.09,C,5.02,A,4,bureaux,\N,\N,2000,880.00,880.00,35,SERVON SUR VILAINE,00,35 rue,de la Boisinière,,,,,,35530,35039,35039,,,,,\N,,\N,\N,\N,\N,\N,\N,\N,\N,\N,\N,,\N,\N,\N,\N,\N,\N,\N,\N,1,VAN PRAET PHILIPPE,34 Rue des Toiles  35410 CHATEAUGIRON,0,0,2013-09-24 16:55:35,-1.478383,48.10679,0.53,housenumber,35 Rue de la Mainguère 35530 Brécé,35039_0056_00035,35 RUE DE LA MAINGUERE,,V4,1,6.3a bis,"Pour  les  bâtiments  à  usage  principal  de  bureau,  d’administration  ou  d’enseignement : Consommation par Energie",4_V4_DPE_6.3a_bis.pdf,0,Vente,Vente,1,TR002_004,Bâtiments ou partie de bâtiment à usage principal autre que d'habitation,Non résidentiel,0,5,0,,,,,,,,,,35,35 - Ile et Vilaine,2,1,0,400,5300,53000,79,400.00,,5,-5,418.70,32.90,51.80,66.90,90.00,28.00,41.00,H2,8.08,12.00,33300,3.40,Ea,2,4,1.50,2
275164,1335V8000104J,3139,5,8,FACTURE,VERSION_2012,\N,\N,2013-09-24,2013-09-24,2011-08-15,\N,,234.53,D,36.31,D,4,\N,\N,\N,1980,3300.00,3300.00,35,RENNES,,\N,10 RUE DE LA DONELIERE - BATIMENT 3000M²,\N,\N,\N,\N,\N,35000,35238,35238,,\N,\N,0,0,\N,0.00,3000.00,0.00,0,0,1,0,0,0,0.00,\N,0,0,0.00,0.00,0.00,0.00,0.00,0.00,1,ICERT,n/c,0,0,2013-09-24 17:48:17,-1.686155,48.131928,0.98,housenumber,10 Rue de la Donelière 35000 Rennes,35238_2590_00010,10 RUE DE LA DONELIERE,,V8,1,6.3c bis,Pour  les  autres  bâtiments  non  mentionnés  dans  les  deux  précédents  cas : Consommation par Energie,8_V8_DPE_6.3c_bis.pdf,0,Vente,Vente,1,TR002_004,Bâtiments ou partie de bâtiment à usage principal autre que d'habitation,Non résidentiel,0,5,0,,,,,,,,,,35,35 - Ile et Vilaine,2,1,0,400,5300,53000,79,400.00,,5,-5,418.70,32.90,51.80,66.90,90.00,28.00,41.00,H2,8.08,12.00,33300,3.40,Ea,2,4,1.50,2
277890,1335V4000081J,9445,3,4,Méthode Facture,,\N,\N,2013-09-25,2013-09-25,2011-09-15,,,253.00,D,8.00,B,4,"Bureau, Administration, Enseignement",\N,\N,1947,78.16,78.16,35,Rennes,,,"12, quai Duguay Trouin",,,6ème Etage,,,35000,35000,35000,NC,,\N,\N,2,,71.05,100.00,0.00,0,0,1,0,0,0,0.00,\N,0,0,10.00,0.00,0.00,71.05,71.05,50.00,1,ICERT,Parc Edonia - Bâtiment G Rue de la Terre Victoria 35760 SAINT GREGOIRE (détail sur www.cofrac.fr programme n°4-4-11),0,0,2013-09-25 13:33:51,,,0,,,,,,V4,1,6.3a bis,"Pour  les  bâtiments  à  usage  principal  de  bureau,  d’administration  ou  d’enseignement : Consommation par Energie",4_V4_DPE_6.3a_bis.pdf,0,Vente,Vente,1,TR002_004,Bâtiments ou partie de bâtiment à usage principal autre que d'habitation,Non résidentiel,0,5,0,,,,,,,,,,35,35 - Ile et Vilaine,2,1,0,400,5300,53000,79,400.00,,5,-5,418.70,32.90,51.80,66.90,90.00,28.00,41.00,H2,8.08,12.00,33300,3.40,Ea,2,4,1.50,2
278845,1335V8000105K,1870,3,8,Méthode Facture,,\N,\N,2013-09-24,2013-09-24,2011-09-15,,,1385.00,G,102.00,G,4,"Autres (théâtres, salles de sport, restaurati",\N,\N,1947,132.00,132.00,35,BRUZ,,,87 avenue Joseph Jan,,,,,,35170,35170,35170,Non communiqué,,\N,\N,2,,120.00,100.00,0.00,0,0,1,0,0,0,0.00,\N,0,0,0.00,0.00,0.00,0.00,0.00,0.00,1,ICERT,Parc Edonia - Bâtiment G Rue de la Terre Victoria 35760 SAINT GREGOIRE (détail sur www.cofrac.fr programme n°4-4-11),0,0,2013-09-25 16:31:51,,,0,,,,,,V8,1,6.3c bis,Pour  les  autres  bâtiments  non  mentionnés  dans  les  deux  précédents  cas : Consommation par Energie,8_V8_DPE_6.3c_bis.pdf,0,Vente,Vente,1,TR002_004,Bâtiments ou partie de bâtiment à usage principal autre que d'habitation,Non résidentiel,0,5,0,,,,,,,,,,35,35 - Ile et Vilaine,2,1,0,400,5300,53000,79,400.00,,5,-5,418.70,32.90,51.80,66.90,90.00,28.00,41.00,H2,8.08,12.00,33300,3.40,Ea,2,4,1.50,2
280731,1335V4000084M,8058,5,4,FACTURE,VERSION_2012,\N,\N,2013-09-17,2013-09-26,2011-08-15,\N,,251.49,D,8.18,B,4,\N,\N,\N,1975,88.00,88.00,35,RENNES,,\N,23 BOULEVARD DE LA TOUR D AUVERGNE,\N,\N,\N,\N,\N,35000,35238,35238,,\N,\N,0,0,\N,0.00,80.00,0.00,0,0,1,0,0,0,0.00,\N,0,0,0.00,0.00,0.00,0.00,0.00,0.00,1,ICERT,n/c,0,0,2013-09-26 08:37:43,-1.68408,48.105277,0.98,housenumber,23 Boulevard de La Tour d'Auvergne 35000 Rennes,35238_9315_00023,23 BD DE LA TOUR D AUVERGNE,,V4,1,6.3a bis,"Pour  les  bâtiments  à  usage  principal  de  bureau,  d’administration  ou  d’enseignement : Consommation par Energie",4_V4_DPE_6.3a_bis.pdf,0,Vente,Vente,1,TR002_004,Bâtiments ou partie de bâtiment à usage principal autre que d'habitation,Non résidentiel,0,5,0,,,,,,,,,,35,35 - Ile et Vilaine,2,1,0,400,5300,53000,79,400.00,,5,-5,418.70,32.90,51.80,66.90,90.00,28.00,41.00,H2,8.08,12.00,33300,3.40,Ea,2,4,1.50,2
283438,1335V4000085N,7070,3,4,Méthode Facture,,\N,\N,2013-09-26,2013-09-26,2011-09-15,L'ensemble des bureaux ne sont pas occupés,,71.00,B,2.00,A,4,"Bureau, Administration, Enseignement",\N,\N,1,539.00,539.00,35,SAINT-GRÉGOIRE,,,Parc EDONIA Rue des Iles Kerguelen,,,Bat. N; Etage 3,,,35760,35760,35760,03-G1 + 03-D1,,\N,\N,2,3ème et dernier étage,490.00,100.00,0.00,0,0,1,0,0,0,0.00,\N,0,0,0.00,0.00,0.00,0.00,0.00,0.00,1,Icert,Parc Edonia - Bâtiment G Rue de la Terre Victoria 35760 SAINT GREGOIRE (détail sur www.cofrac.fr programme n°4-4-11),0,0,2013-09-26 17:47:24,,,0,,,,,,V4,1,6.3a bis,"Pour  les  bâtiments  à  usage  principal  de  bureau,  d’administration  ou  d’enseignement : Consommation par Energie",4_V4_DPE_6.3a_bis.pdf,0,Vente,Vente,1,TR002_004,Bâtiments ou partie de bâtiment à usage principal autre que d'habitation,Non résidentiel,0,5,0,,,,,,,,,,35,35 - Ile et Vilaine,2,1,0,400,5300,53000,79,400.00,,5,-5,418.70,32.90,51.80,66.90,90.00,28.00,41.00,H2,8.08,12.00,33300,3.40,Ea,2,4,1.50,2
284844,1335V4000086O,8058,5,4,FACTURE,VERSION_2012,\N,\N,2013-09-17,2013-09-27,2011-08-15,\N,,76.03,B,29.19,C,4,\N,\N,\N,1970,429.00,429.00,35,RENNES,,\N,35-37 BOULEVARD DE LA TOUR D AUVERGNE,\N,\N,\N,\N,\N,35000,35238,35238,,\N,\N,0,0,\N,0.00,390.00,0.00,0,0,1,0,0,0,0.00,\N,0,0,0.00,0.00,0.00,0.00,0.00,0.00,1,ICERT,n/c,0,0,2013-09-27 08:24:05,-1.684183,48.104362,0.9,housenumber,37 Boulevard de La Tour d'Auvergne 35000 Rennes,35238_9315_00037,37 BD DE LA TOUR D AUVERGNE,,V4,1,6.3a bis,"Pour  les  bâtiments  à  usage  principal  de  bureau,  d’administration  ou  d’enseignement : Consommation par Energie",4_V4_DPE_6.3a_bis.pdf,0,Vente,Vente,1,TR002_004,Bâtiments ou partie de bâtiment à usage principal autre que d'habitation,Non résidentiel,0,5,0,,,,,,,,,,35,35 - Ile et Vilaine,2,1,0,400,5300,53000,79,400.00,,5,-5,418.70,32.90,51.80,66.90,90.00,28.00,41.00,H2,8.08,12.00,33300,3.40,Ea,2,4,1.50,2
284870,1335V4000087P,8058,5,4,FACTURE,VERSION_2012,\N,\N,2013-09-17,2013-09-27,2011-08-15,\N,,31.96,A,12.27,B,4,\N,\N,\N,1970,684.20,684.20,35,RENNES,,\N,29 BOULEVARD DE LA TOUR D AUVERGNE,\N,\N,\N,\N,\N,35000,35238,35238,,\N,\N,0,0,\N,0.00,622.00,0.00,0,0,1,0,0,0,0.00,\N,0,0,0.00,0.00,0.00,0.00,0.00,0.00,1,ICERT,n/c,0,0,2013-09-27 08:33:32,-1.684139,48.105101,0.98,housenumber,29 Boulevard de La Tour d'Auvergne 35000 Rennes,35238_9315_00029,29 BD DE LA TOUR D AUVERGNE,,V4,1,6.3a bis,"Pour  les  bâtiments  à  usage  principal  de  bureau,  d’administration  ou  d’enseignement : Consommation par Energie",4_V4_DPE_6.3a_bis.pdf,0,Vente,Vente,1,TR002_004,Bâtiments ou partie de bâtiment à usage principal autre que d'habitation,Non résidentiel,0,5,0,,,,,,,,,,35,35 - Ile et Vilaine,2,1,0,400,5300,53000,79,400.00,,5,-5,418.70,32.90,51.80,66.90,90.00,28.00,41.00,H2,8.08,12.00,33300,3.40,Ea,2,4,1.50,2
286238,1335C2000003A,9445,3,21,Méthode Facture,,\N,\N,2013-09-27,2013-09-27,2011-09-15,,,560.00,G,18.00,C,5,Centres Commerciaux,\N,\N,1947,231.00,231.00,35,Rennes,,,"8, rue de Jouanet ",,,2ème Etage,,,35700,35700,35700,NC,,,100,2,,210.00,100.00,0.00,0,0,1,0,0,0,0.00,\N,0,0,10.00,0.00,0.00,210.00,210.00,123.00,1,ICERT,Parc Edonia - Bâtiment G Rue de la Terre Victoria 35760 SAINT GREGOIRE (détail sur www.cofrac.fr programme n°4-4-11),0,0,2013-09-27 12:57:00,,,0,,,,,,C2,5,Par énergie,Pour les centres commerciaux,21_C2_DPE_6.b.pdf,0,Centre commercial,Centre commercial,4,TR002_005,Centre Commerciaux,Centres commerciaux,0,4,0,,,,,,,,,,35,35 - Ile et Vilaine,2,1,0,400,5300,53000,79,400.00,,5,-5,418.70,32.90,51.80,66.90,90.00,28.00,41.00,H2,8.08,12.00,33300,3.40,Ea,2,4,1.50,2
287089,1335V4000088Q,2434,3,4,Méthode Facture,,\N,\N,2013-09-24,2013-09-27,2011-09-15,,,209.00,C,6.00,B,4,"Bureau, Administration, Enseignement",\N,\N,1,378.40,378.40,35,SAINT-GRÉGOIRE,,,4 parc d'activité de Brocéliande,,,Bâtiment B - 2ème étage,,,35760,35760,35760,,,\N,\N,1,,344.00,100.00,0.00,0,0,1,0,0,0,0.00,\N,0,0,0.00,0.00,0.00,0.00,0.00,0.00,1,CERTIFI,"37, route de Paris 31140 AUCAMVILLE (détail sur www.cofrac.fr programme n°4-4-11)",0,0,2013-09-27 15:55:48,,,0,,,,,,V4,1,6.3a bis,"Pour  les  bâtiments  à  usage  principal  de  bureau,  d’administration  ou  d’enseignement : Consommation par Energie",4_V4_DPE_6.3a_bis.pdf,0,Vente,Vente,1,TR002_004,Bâtiments ou partie de bâtiment à usage principal autre que d'habitation,Non résidentiel,0,5,0,,,,,,,,,,35,35 - Ile et Vilaine,2,1,0,400,5300,53000,79,400.00,,5,-5,418.70,32.90,51.80,66.90,90.00,28.00,41.00,H2,8.08,12.00,33300,3.40,Ea,2,4,1.50,2
291635,1335C1000008E,9445,3,20,Méthode Facture,,\N,\N,2013-09-27,2013-09-30,2011-09-15,,,0.00,N,0.00,N,5,Centres Commerciaux,\N,\N,1947,46.20,46.20,35,Rennes,,,"16, rue du Pré Botté",,,RDC,,,35000,35000,35000,NC,,,100,2,,42.00,100.00,0.00,0,0,1,0,0,0,0.00,\N,0,0,0.00,0.00,0.00,42.00,42.00,10.00,1,ICERT,Parc Edonia - Bâtiment G Rue de la Terre Victoria 35760 SAINT GREGOIRE (détail sur www.cofrac.fr programme n°4-4-11),1,0,2013-09-30 12:56:52,,,0,,,,,,C1,5,Par usage,Pour les centres commerciaux,20_C1_DPE_6.a.pdf,0,Centre commercial,Centre commercial,4,TR002_005,Centre Commerciaux,Centres commerciaux,0,4,0,,,,,,,,,,35,35 - Ile et Vilaine,2,1,0,400,5300,53000,79,400.00,,5,-5,418.70,32.90,51.80,66.90,90.00,28.00,41.00,H2,8.08,12.00,33300,3.40,Ea,2,4,1.50,2
291745,1335V3000021C,9445,3,3,Méthode Facture,,\N,\N,2013-09-26,2013-09-30,2011-09-15,,,120.00,C,28.00,C,4,"Bureau, Administration, Enseignement",\N,\N,1947,147.79,147.79,35,Rennes,,,"31, rue Jean Guehenno",,,RDC,,,35000,35000,35000,NC,,\N,\N,2,,134.35,100.00,0.00,0,0,1,0,0,0,0.00,\N,0,0,27.00,0.00,0.00,134.35,134.35,59.00,1,ICERT,Parc Edonia - Bâtiment G Rue de la Terre Victoria 35760 SAINT GREGOIRE (détail sur www.cofrac.fr programme n°4-4-11),0,0,2013-09-30 13:19:26,,,0,,,,,,V3,1,6.3a,"Pour  les  bâtiments  à  usage  principal  de  bureau,  d’administration  ou  d’enseignement : Consommation par Usage",3_V3_DPE_6.3a.pdf,0,Vente,Vente,1,TR002_004,Bâtiments ou partie de bâtiment à usage principal autre que d'habitation,Non résidentiel,0,5,0,,,,,,,,,,35,35 - Ile et Vilaine,2,1,0,400,5300,53000,79,400.00,,5,-5,418.70,32.90,51.80,66.90,90.00,28.00,41.00,H2,8.08,12.00,33300,3.40,Ea,2,4,1.50,2
291814,1335C1000009F,9445,3,20,Méthode Facture,,\N,\N,2013-09-26,2013-09-30,2011-09-15,,,130.00,C,30.00,D,5,Centres Commerciaux,\N,\N,1947,89.00,89.00,35,Rennes,,,"31, rue Jean Guehenno",,,RDC,,,35000,35000,35000,NC,,,100,2,,80.91,100.00,0.00,0,0,1,0,0,0,0.00,\N,0,0,16.00,0.00,0.00,80.91,80.91,59.00,1,ICERT,Parc Edonia - Bâtiment G Rue de la Terre Victoria 35760 SAINT GREGOIRE (détail sur www.cofrac.fr programme n°4-4-11),0,0,2013-09-30 13:33:48,,,0,,,,,,C1,5,Par usage,Pour les centres commerciaux,20_C1_DPE_6.a.pdf,0,Centre commercial,Centre commercial,4,TR002_005,Centre Commerciaux,Centres commerciaux,0,4,0,,,,,,,,,,35,35 - Ile et Vilaine,2,1,0,400,5300,53000,79,400.00,,5,-5,418.70,32.90,51.80,66.90,90.00,28.00,41.00,H2,8.08,12.00,33300,3.40,Ea,2,4,1.50,2
291886,1335C1000010X,9445,3,20,Méthode Facture,,\N,\N,2013-09-30,2013-09-30,2011-09-15,,,91.00,B,21.00,C,5,Centres Commerciaux,\N,\N,1947,29.38,29.38,35,Rennes,,,"31, rue Jean Guehenno",,,RDC,,,35000,35000,35000,NC,,,100,2,,26.71,100.00,0.00,0,0,1,0,0,0,0.00,\N,0,0,5.00,0.00,0.00,26.71,26.71,23.00,1,ICERT,Parc Edonia - Bâtiment G Rue de la Terre Victoria 35760 SAINT GREGOIRE (détail sur www.cofrac.fr programme n°4-4-11),0,0,2013-09-30 13:48:57,,,0,,,,,,C1,5,Par usage,Pour les centres commerciaux,20_C1_DPE_6.a.pdf,0,Centre commercial,Centre commercial,4,TR002_005,Centre Commerciaux,Centres commerciaux,0,4,0,,,,,,,,,,35,35 - Ile et Vilaine,2,1,0,400,5300,53000,79,400.00,,5,-5,418.70,32.90,51.80,66.90,90.00,28.00,41.00,H2,8.08,12.00,33300,3.40,Ea,2,4,1.50,2
292128,1335V8000107M,1161,3,8,Méthode Facture,,\N,\N,2013-09-11,2013-09-11,2011-09-15,,,790.00,G,86.00,F,4,"Autres (théâtres, salles de sport, restaurati",\N,\N,1947,88.00,88.00,35,RENNES,,,116 allée St Hélier,,,,,,35000,35000,35000,Commerce Rez-de-Chaussée,,\N,\N,2,en rez-de-chaussée d'immeuble d'habitation,80.00,100.00,0.00,0,0,2,0,0,0,0.00,\N,0,0,1.00,0.00,0.00,2.00,1.00,1.00,1,Bureau Veritas,Immeuble Le Guillaumet - 60 Avenue du Général de Gaulle - 92800 PUTEAUX (détail sur www.cofrac.fr programme n°4-4-11),0,0,2013-09-30 14:28:28,,,0,,,,,,V8,1,6.3c bis,Pour  les  autres  bâtiments  non  mentionnés  dans  les  deux  précédents  cas : Consommation par Energie,8_V8_DPE_6.3c_bis.pdf,0,Vente,Vente,1,TR002_004,Bâtiments ou partie de bâtiment à usage principal autre que d'habitation,Non résidentiel,0,5,0,,,,,,,,,,35,35 - Ile et Vilaine,2,1,0,400,5300,53000,79,400.00,,5,-5,418.70,32.90,51.80,66.90,90.00,28.00,41.00,H2,8.08,12.00,33300,3.40,Ea,2,4,1.50,2
292856,1335V8000109O,4127,10,8,FACTURE - DPE,V2012,\N,\N,2013-09-30,2013-09-30,2011-08-15,"Les relevés des consommations fournis intègrent les usages spécifiques de l'électricité ( éclairage, bureautique, équipements, électro-ménager) qui n'ont pu être dissociés. Cela conduit à une surestimation des dépenses énergétiques du poste ECS. ",,248.40,D,26.07,D,4,commerce,\N,\N,2006,310.00,310.00,35,CESSON-SEVIGNE,00,rue,de Paris,9,,,,,35510,35051,35051,,,,,\N,,\N,\N,\N,\N,\N,\N,\N,\N,\N,\N,,\N,\N,\N,\N,\N,\N,\N,\N,1,Socotec Certification,89-93 avenue Paul Vaillant Couturier 94250 GENTILLY,0,0,2013-09-30 16:23:17,-1.598532,48.114259,0.96,housenumber,9 Rue de Paris 35510 Cesson-Sévigné,35051_0500_00009,9 RUE DE PARIS,,V8,1,6.3c bis,Pour  les  autres  bâtiments  non  mentionnés  dans  les  deux  précédents  cas : Consommation par Energie,8_V8_DPE_6.3c_bis.pdf,0,Vente,Vente,1,TR002_004,Bâtiments ou partie de bâtiment à usage principal autre que d'habitation,Non résidentiel,0,5,0,,,,,,,,,,35,35 - Ile et Vilaine,2,1,0,400,5300,53000,79,400.00,,5,-5,418.70,32.90,51.80,66.90,90.00,28.00,41.00,H2,8.08,12.00,33300,3.40,Ea,2,4,1.50,2
292923,1335V8000110G,3139,5,8,FACTURE,VERSION_2012,\N,\N,2013-09-24,2013-09-30,2011-08-15,\N,,215.04,D,7.00,B,4,\N,\N,\N,1990,440.00,440.00,35,CESSON-SEVIGNE,,\N,2 AVENUE DES PEUPLIERS,\N,\N,\N,\N,\N,35510,35051,35051,,\N,\N,0,0,\N,0.00,400.00,0.00,0,0,1,0,0,0,0.00,\N,0,0,0.00,0.00,0.00,0.00,0.00,0.00,1,ICERT,n/c,0,0,2013-09-30 16:35:48,-1.603361,48.113455,0.96,housenumber,2 Avenue des Peupliers 35510 Cesson-Sévigné,35051_0511_00002,2 AVENUE DES PEUPLIERS,,V8,1,6.3c bis,Pour  les  autres  bâtiments  non  mentionnés  dans  les  deux  précédents  cas : Consommation par Energie,8_V8_DPE_6.3c_bis.pdf,0,Vente,Vente,1,TR002_004,Bâtiments ou partie de bâtiment à usage principal autre que d'habitation,Non résidentiel,0,5,0,,,,,,,,,,35,35 - Ile et Vilaine,2,1,0,400,5300,53000,79,400.00,,5,-5,418.70,32.90,51.80,66.90,90.00,28.00,41.00,H2,8.08,12.00,33300,3.40,Ea,2,4,1.50,2
293158,1335V3000022D,5916,3,3,Méthode Facture,,\N,\N,2013-09-30,2013-09-30,2011-09-15,"La consommation électique bureautique est aussi importante que le chauffage : présence d'un photocopieur, d'onduleurs, PC et imprimantes ",,401.00,E,13.00,B,4,"Bureau, Administration, Enseignement",\N,\N,1,66.00,66.00,35,SAINT-GRÉGOIRE,,,Bat E rue des iles Kerguelen Parc Edonia BP 56228,,,,,,35760,35760,35760,T2-E-01D2,,\N,\N,2,bureaux ,60.00,100.00,0.00,0,0,1,0,0,0,0.00,\N,0,0,9.60,0.00,0.00,60.00,60.00,39.00,1, ICERT 116 b rue Eugene Pottier 35000 Rennes,Parc Edonia - Bâtiment G Rue de la Terre Victoria 35760 SAINT GREGOIRE (détail sur www.cofrac.fr programme n°4-4-11),0,0,2013-09-30 17:15:35,,,0,,,,,,V3,1,6.3a,"Pour  les  bâtiments  à  usage  principal  de  bureau,  d’administration  ou  d’enseignement : Consommation par Usage",3_V3_DPE_6.3a.pdf,0,Vente,Vente,1,TR002_004,Bâtiments ou partie de bâtiment à usage principal autre que d'habitation,Non résidentiel,0,5,0,,,,,,,,,,35,35 - Ile et Vilaine,2,1,0,400,5300,53000,79,400.00,,5,-5,418.70,32.90,51.80,66.90,90.00,28.00,41.00,H2,8.08,12.00,33300,3.40,Ea,2,4,1.50,2
296137,1335V4000090J,6644,3,4,Méthode Facture,,\N,\N,2013-09-25,2013-10-01,2011-09-15,,,418.00,E,13.00,B,4,"Bureau, Administration, Enseignement",\N,\N,1947,374.00,374.00,35,BRÉAL-SOUS-MONTFORT,,,ZA du Pommeret 45 rue de Montfort,,,,,,35310,35310,35310,,,\N,\N,2,,340.00,100.00,0.00,0,0,1,0,0,0,0.00,\N,0,0,0.00,20.00,0.00,70.00,0.00,200.00,1,ICERT,Parc Edonia - Bâtiment G Rue de la Terre Victoria 35760 SAINT GREGOIRE (détail sur www.cofrac.fr programme n°4-4-11),0,0,2013-10-01 14:32:07,,,0,,,,,,V4,1,6.3a bis,"Pour  les  bâtiments  à  usage  principal  de  bureau,  d’administration  ou  d’enseignement : Consommation par Energie",4_V4_DPE_6.3a_bis.pdf,0,Vente,Vente,1,TR002_004,Bâtiments ou partie de bâtiment à usage principal autre que d'habitation,Non résidentiel,0,5,0,,,,,,,,,,35,35 - Ile et Vilaine,2,1,0,400,5300,53000,79,400.00,,5,-5,418.70,32.90,51.80,66.90,90.00,28.00,41.00,H2,8.08,12.00,33300,3.40,Ea,2,4,1.50,2
296183,1335V3000023E,6644,3,3,Méthode Facture,,\N,\N,2013-10-01,2013-10-01,2011-09-15,,,288.00,D,9.00,B,4,"Bureau, Administration, Enseignement",\N,\N,1,268.40,268.40,35,BRÉAL-SOUS-MONTFORT,,,ZA du Pommeret 45 rue de Montfort,,,,,,35310,35310,35310,,,\N,\N,2,étage,244.00,100.00,0.00,0,0,1,0,0,0,0.00,\N,0,0,0.00,18.00,0.00,244.00,0.00,90.00,1, ,,0,0,2013-10-01 14:41:48,,,0,,,,,,V3,1,6.3a,"Pour  les  bâtiments  à  usage  principal  de  bureau,  d’administration  ou  d’enseignement : Consommation par Usage",3_V3_DPE_6.3a.pdf,0,Vente,Vente,1,TR002_004,Bâtiments ou partie de bâtiment à usage principal autre que d'habitation,Non résidentiel,0,5,0,,,,,,,,,,35,35 - Ile et Vilaine,2,1,0,400,5300,53000,79,400.00,,5,-5,418.70,32.90,51.80,66.90,90.00,28.00,41.00,H2,8.08,12.00,33300,3.40,Ea,2,4,1.50,2
296698,1335V4000091K,5058,3,4,Méthode Facture,,\N,\N,2013-09-30,2013-10-01,2011-09-15,"La chaudière vient d'être remplacée, l'impact sur la baisse de consommation n'a pû etre constaté.",,116.00,C,27.00,C,4,"Bureau, Administration, Enseignement",\N,\N,1,297.00,297.00,35,CHATEAUGIRON,,,PARC D'ACTIVITE ROCOMP,,,,,,35410,35410,35410,Sans objet,,\N,\N,2,270,270.00,100.00,0.00,0,0,2,0,0,0,0.00,\N,0,0,22.63,10.53,20.27,135.00,135.00,180.00,1,C147 QUALIXPERT 17 RUE BORREL 81100 CASTRES,17 rue Borrel 81100 CASTRES (détail sur www.cofrac.fr programme n°4-4-11),0,0,2013-10-01 16:25:45,,,0,,,,,,V4,1,6.3a bis,"Pour  les  bâtiments  à  usage  principal  de  bureau,  d’administration  ou  d’enseignement : Consommation par Energie",4_V4_DPE_6.3a_bis.pdf,0,Vente,Vente,1,TR002_004,Bâtiments ou partie de bâtiment à usage principal autre que d'habitation,Non résidentiel,0,5,0,,,,,,,,,,35,35 - Ile et Vilaine,2,1,0,400,5300,53000,79,400.00,,5,-5,418.70,32.90,51.80,66.90,90.00,28.00,41.00,H2,8.08,12.00,33300,3.40,Ea,2,4,1.50,2
298772,1335V8000113J,2465,5,8,FACTURE,VERSION_2012,\N,\N,2013-10-02,2013-10-02,2011-08-15,\N,,404.42,F,36.82,D,4,\N,5,3,1900,58.97,58.97,35,RENNES,,\N,14 Mail François Mitterrand,\N,\N,\N,\N,\N,35000,35238,35238,,\N,\N,0,0,\N,0.00,53.61,0.00,0,0,1,0,0,0,0.00,\N,0,0,0.00,0.00,0.00,0.00,0.00,0.00,1,I.CERT,Parc Edonia - Rue de la Terre Victoria 35760 Saint Grégoire,0,0,2013-10-02 09:15:58,-1.687381,48.110237,0.98,housenumber,14 Mail François Mitterrand 35000 Rennes,35238_6090_00014,14 MAIL FRANCOIS MITTERRAND,,V8,1,6.3c bis,Pour  les  autres  bâtiments  non  mentionnés  dans  les  deux  précédents  cas : Consommation par Energie,8_V8_DPE_6.3c_bis.pdf,0,Vente,Vente,1,TR002_004,Bâtiments ou partie de bâtiment à usage principal autre que d'habitation,Non résidentiel,0,5,0,TR012_005,5ème Catégorie,2ème Groupe,0,TR013_003,"M : Magasins de vente, centres commerciaux",1,0,Établissements installés dans un bâtiment,35,35 - Ile et Vilaine,2,1,0,400,5300,53000,79,400.00,,5,-5,418.70,32.90,51.80,66.90,90.00,28.00,41.00,H2,8.08,12.00,33300,3.40,Ea,2,4,1.50,2
299126,1335V4000092L,2211,3,4,Méthode Facture,,\N,\N,2013-09-23,2013-09-23,2011-09-15,,,519.00,E,16.00,C,4,"Bureau, Administration, Enseignement",\N,\N,1,1650.00,1650.00,35,SAINT-GRÉGOIRE,,,Espace Performance 2 - ALPHASIS Bat S0,,,,,,35760,35760,35760,,,\N,\N,1,S0,1500.00,100.00,0.00,0,0,3,0,0,0,0.00,\N,0,0,0.00,0.00,0.00,0.00,0.00,0.00,1,ICERT,Parc Edonia - Bâtiment G Rue de la Terre Victoria 35760 SAINT GREGOIRE (détail sur www.cofrac.fr programme n°4-4-11),0,0,2013-10-02 10:45:17,,,0,,,,,,V4,1,6.3a bis,"Pour  les  bâtiments  à  usage  principal  de  bureau,  d’administration  ou  d’enseignement : Consommation par Energie",4_V4_DPE_6.3a_bis.pdf,0,Vente,Vente,1,TR002_004,Bâtiments ou partie de bâtiment à usage principal autre que d'habitation,Non résidentiel,0,5,0,,,,,,,,,,35,35 - Ile et Vilaine,2,1,0,400,5300,53000,79,400.00,,5,-5,418.70,32.90,51.80,66.90,90.00,28.00,41.00,H2,8.08,12.00,33300,3.40,Ea,2,4,1.50,2
299128,1335V4000093M,2211,3,4,Méthode Facture,,\N,\N,2013-09-23,2013-09-23,2011-09-15,,,519.00,E,16.00,C,4,"Bureau, Administration, Enseignement",\N,\N,1,1650.00,1650.00,35,SAINT-GRÉGOIRE,,,Espace Performance 2 - ALPHASIS Bat S0,,,,,,35760,35760,35760,,,\N,\N,1,S0,1500.00,100.00,0.00,0,0,3,0,0,0,0.00,\N,0,0,0.00,0.00,0.00,0.00,0.00,0.00,1,ICERT,Parc Edonia - Bâtiment G Rue de la Terre Victoria 35760 SAINT GREGOIRE (détail sur www.cofrac.fr programme n°4-4-11),0,0,2013-10-02 10:45:56,,,0,,,,,,V4,1,6.3a bis,"Pour  les  bâtiments  à  usage  principal  de  bureau,  d’administration  ou  d’enseignement : Consommation par Energie",4_V4_DPE_6.3a_bis.pdf,0,Vente,Vente,1,TR002_004,Bâtiments ou partie de bâtiment à usage principal autre que d'habitation,Non résidentiel,0,5,0,,,,,,,,,,35,35 - Ile et Vilaine,2,1,0,400,5300,53000,79,400.00,,5,-5,418.70,32.90,51.80,66.90,90.00,28.00,41.00,H2,8.08,12.00,33300,3.40,Ea,2,4,1.50,2
299491,1335C1000011Y,9445,3,20,Méthode Facture,,\N,\N,2013-10-01,2013-10-02,2011-09-15,,,0.00,N,0.00,N,5,Centres Commerciaux,\N,\N,1947,49.50,49.50,35,Rennes,,,"12, rue de l'Arsenal",,,,,,35000,35000,35000,NC,,,100,2,,45.00,100.00,0.00,0,0,1,0,0,0,0.00,\N,0,0,5.00,0.00,0.00,45.00,45.00,40.00,1,ICERT,Parc Edonia - Bâtiment G Rue de la Terre Victoria 35760 SAINT GREGOIRE (détail sur www.cofrac.fr programme n°4-4-11),1,0,2013-10-02 11:58:12,,,0,,,,,,C1,5,Par usage,Pour les centres commerciaux,20_C1_DPE_6.a.pdf,0,Centre commercial,Centre commercial,4,TR002_005,Centre Commerciaux,Centres commerciaux,0,4,0,,,,,,,,,,35,35 - Ile et Vilaine,2,1,0,400,5300,53000,79,400.00,,5,-5,418.70,32.90,51.80,66.90,90.00,28.00,41.00,H2,8.08,12.00,33300,3.40,Ea,2,4,1.50,2
299717,1335C1000012@,9445,3,20,Méthode Facture,,\N,\N,2013-10-01,2013-10-02,2011-09-15,,,0.00,N,0.00,N,5,Centres Commerciaux,\N,\N,1947,22.00,22.00,35,Rennes,,,"145, route de Lorient",,,,,,35000,35000,35000,NC,,,100,2,,20.00,100.00,0.00,0,0,1,0,0,0,0.00,\N,0,0,40.00,0.00,0.00,25.00,250.00,60.00,1,ICERT,Parc Edonia - Bâtiment G Rue de la Terre Victoria 35760 SAINT GREGOIRE (détail sur www.cofrac.fr programme n°4-4-11),1,0,2013-10-02 12:42:50,,,0,,,,,,C1,5,Par usage,Pour les centres commerciaux,20_C1_DPE_6.a.pdf,0,Centre commercial,Centre commercial,4,TR002_005,Centre Commerciaux,Centres commerciaux,0,4,0,,,,,,,,,,35,35 - Ile et Vilaine,2,1,0,400,5300,53000,79,400.00,,5,-5,418.70,32.90,51.80,66.90,90.00,28.00,41.00,H2,8.08,12.00,33300,3.40,Ea,2,4,1.50,2
299802,1335C1000013A,9445,3,20,Méthode Facture,,\N,\N,2013-10-01,2013-10-02,2011-09-15,,,112.00,B,33.00,D,5,Centres Commerciaux,\N,\N,1947,220.00,220.00,35,Rennes,,,"145, route de Lorient",,,,,,35000,35000,35000,NC,,,100,2,,200.00,100.00,0.00,0,0,1,0,0,0,0.00,\N,0,0,40.00,0.00,0.00,250.00,250.00,60.00,1,,,0,0,2013-10-02 13:08:46,,,0,,,,,,C1,5,Par usage,Pour les centres commerciaux,20_C1_DPE_6.a.pdf,0,Centre commercial,Centre commercial,4,TR002_005,Centre Commerciaux,Centres commerciaux,0,4,0,,,,,,,,,,35,35 - Ile et Vilaine,2,1,0,400,5300,53000,79,400.00,,5,-5,418.70,32.90,51.80,66.90,90.00,28.00,41.00,H2,8.08,12.00,33300,3.40,Ea,2,4,1.50,2
300432,1335P2000005X,2211,3,15,Méthode Facture,,15 Août 2011,15 Août 2011,2013-09-26,2013-09-26,2011-09-15,,,104.00,N,3.00,N,4,"Bureau, Administration, Enseignement",\N,\N,1,300.00,300.00,35,CHARTRES-DE-BRETAGNE,,,"10, Rue Léo LAGRANGE",,,,,,35131,35131,35131,,,\N,\N,2,R+2,300.00,100.00,0.00,0,0,1,0,0,0,0.00,\N,0,0,0.00,0.00,0.00,0.00,0.00,0.00,1,ICERT,Parc Edonia - Bâtiment G Rue de la Terre Victoria 35760 SAINT GREGOIRE (détail sur www.cofrac.fr programme n°4-4-11),0,0,2013-10-02 16:02:42,,,0,,,,,,P2,2,6.1 bis public,"Pour les bâtiments à usage principal de bureau, d’administration ou d’enseignement : Consommation par Energie",15_P2_DPE_6.1_public_bis.pdf,0,Public,Bâtiment public,5,TR002_004,Bâtiments ou partie de bâtiment à usage principal autre que d'habitation,Non résidentiel,0,5,0,,,,,,,,,,35,35 - Ile et Vilaine,2,1,0,400,5300,53000,79,400.00,,5,-5,418.70,32.90,51.80,66.90,90.00,28.00,41.00,H2,8.08,12.00,33300,3.40,Ea,2,4,1.50,2
303549,1335V8000115L,8849,2,8,3CL - DPE,V2012,\N,\N,2013-10-02,2013-10-02,2011-08-15,,\N,745.42,G,71.88,F,4,Commerce,\N,4,1930,0.00,0.00,35,RENNES,00,\N,"5, rue de Lorient",\N,\N,\N,Rez de chaussée,\N,35000,35238,35238,NC,\N,,\N,2,,0.00,0.00,0.00,0,1,0,0,0,0,0.00,\N,0,0,0.00,0.00,0.00,0.00,0.00,0.00,1,"ICERT 116b, rue Eugène Pottier 35000 RENNES",  ,0,0,2013-10-03 13:04:19,-1.698066,48.108778,0.98,housenumber,5 Rue de Lorient 35000 Rennes,35238_5802_00005,5 RUE DE LORIENT,,V8,1,6.3c bis,Pour  les  autres  bâtiments  non  mentionnés  dans  les  deux  précédents  cas : Consommation par Energie,8_V8_DPE_6.3c_bis.pdf,0,Vente,Vente,1,TR002_004,Bâtiments ou partie de bâtiment à usage principal autre que d'habitation,Non résidentiel,0,5,0,,,,,TR013_004,N : Restaurants et débits de boisson,1,0,Établissements installés dans un bâtiment,35,35 - Ile et Vilaine,2,1,0,400,5300,53000,79,400.00,,5,-5,418.70,32.90,51.80,66.90,90.00,28.00,41.00,H2,8.08,12.00,33300,3.40,Ea,2,4,1.50,2
305923,1335V4000094N,7610,3,4,Méthode Facture,,\N,\N,2013-10-03,2013-10-03,2011-09-15,,,497.00,E,77.00,E,4,"Bureau, Administration, Enseignement",\N,\N,1947,150.70,150.70,35,MONTFORT-SUR-MEU,,,2 Rue de Hennau,,,,,,35160,35160,35160,Local commercial au rez-de-chaussée ,,\N,\N,2,Rez-de-chaussée,137.00,100.00,0.00,0,0,1,0,0,0,0.00,\N,0,0,0.00,24.88,0.00,137.00,137.00,148.50,1,Icert,Parc Edonia - Bâtiment G Rue de la Terre Victoria 35760 SAINT GREGOIRE (détail sur www.cofrac.fr programme n°4-4-11),0,0,2013-10-03 22:17:46,-2.081243,47.937237,0.36,housenumber,2 Rue de Thidoret 35330 Loutehel,35160_0008_00002,2 RUE DE THIDORET,,V4,1,6.3a bis,"Pour  les  bâtiments  à  usage  principal  de  bureau,  d’administration  ou  d’enseignement : Consommation par Energie",4_V4_DPE_6.3a_bis.pdf,0,Vente,Vente,1,TR002_004,Bâtiments ou partie de bâtiment à usage principal autre que d'habitation,Non résidentiel,0,5,0,,,,,,,,,,35,35 - Ile et Vilaine,2,1,0,400,5300,53000,79,400.00,,5,-5,418.70,32.90,51.80,66.90,90.00,28.00,41.00,H2,8.08,12.00,33300,3.40,Ea,2,4,1.50,2
308391,1335V4000095O,7478,5,4,FACTURE,VERSION_2012,\N,\N,2013-10-04,2013-10-04,2011-08-15,\N,,1586.44,G,51.65,D,4,\N,5,3,1997,440.00,440.00,35,RENNES,,\N,75 Rue Saint Helier Carrefour,\N,\N,\N,\N,\N,35000,35238,35238,,\N,\N,\N,0,\N,0.00,440.00,0.00,0,0,1,0,0,0,0.00,\N,0,0,0.00,0.00,0.00,0.00,0.00,0.00,1,I Cert,Parc Edonia 35760 Saint Gregoire,0,0,2013-10-04 15:55:07,-1.666779,48.106163,0.66,housenumber,75 Rue Saint-Hélier 35000 Rennes,35238_8670_00075,75 RUE SAINT HELIER,,V4,1,6.3a bis,"Pour  les  bâtiments  à  usage  principal  de  bureau,  d’administration  ou  d’enseignement : Consommation par Energie",4_V4_DPE_6.3a_bis.pdf,0,Vente,Vente,1,TR002_004,Bâtiments ou partie de bâtiment à usage principal autre que d'habitation,Non résidentiel,0,5,0,TR012_005,5ème Catégorie,2ème Groupe,0,TR013_003,"M : Magasins de vente, centres commerciaux",1,0,Établissements installés dans un bâtiment,35,35 - Ile et Vilaine,2,1,0,400,5300,53000,79,400.00,,5,-5,418.70,32.90,51.80,66.90,90.00,28.00,41.00,H2,8.08,12.00,33300,3.40,Ea,2,4,1.50,2
309233,1335V8000118O,7956,2,8,3CL - DPE,V2012,\N,\N,2013-09-23,2013-10-04,2011-08-15,"En l'absence de sous-compteurs sur l'installation du magasin, les relevés de consommations électriques fournis ne distinguent pas les différents usages d'électricité (éclairage, chauffage, eau chaude, bureautique, ventilation,...), les consommations annoncées intègrent donc l'ensemble des usages recensés.  Par ailleurs, les relevés de consommations ne nous ont été fournis que sur deux années complètes. Les consommations annoncées et l’établissement des étiquettes  énergie  et  climat  ne se basent donc que sur la moyenne de deux années et non-pas sur la moyenne de 3 années consécutives comme le demande l'arrêté du 15 septembre 2006 modifié par l'arrêté du 8 février 2012.  L'année exacte de construction du magasin ne nous pas été fournie. Compte-tenu de la typologie du bâtiment, elle a été estimée à 2000. ",17,331.67,E,10.80,B,4,Commerce,1,3,2000,0.00,0.00,35,CHANTEPIE,35,,2728 - FONCIERE 1 - CHANTEPIE,\N,CULTURA,Sans objet,Sans objet,Sans objet,35135,35055,35055,Sans objet,\N,\N,\N,0,\N,0.00,2660.91,0.00,0,0,0,0,0,0,0.00,\N,0,0,0.00,0.00,0.00,0.00,0.00,0.00,1,DEKRA CERTIFICATION,"5, avenue Garlande 92220 BAGNEUX",0,0,2013-10-04 18:20:49,,,0,,,,,,V8,1,6.3c bis,Pour  les  autres  bâtiments  non  mentionnés  dans  les  deux  précédents  cas : Consommation par Energie,8_V8_DPE_6.3c_bis.pdf,0,Vente,Vente,1,TR002_004,Bâtiments ou partie de bâtiment à usage principal autre que d'habitation,Non résidentiel,0,5,0,TR012_001,1ère Catégorie,1er Groupe,0,TR013_003,"M : Magasins de vente, centres commerciaux",1,0,Établissements installés dans un bâtiment,35,35 - Ile et Vilaine,2,1,0,400,5300,53000,79,400.00,,5,-5,418.70,32.90,51.80,66.90,90.00,28.00,41.00,H2,8.08,12.00,33300,3.40,Ea,2,4,1.50,2
309321,1335V8000119P,2465,5,8,FACTURE,VERSION_2012,\N,\N,2013-10-04,2013-10-04,2011-08-15,\N,,131.99,C,3.93,A,4,\N,5,3,1972,245.30,245.30,35,NOYAL CHATILLON SUR SEICHE,,\N,La Tremblais,\N,\N,\N,\N,\N,35230,35032,35032,,\N,\N,0,0,\N,0.00,223.00,0.00,0,0,1,0,0,0,0.00,\N,0,0,0.00,0.00,0.00,0.00,0.00,0.00,1,I.CERT,Parc Edonia - Rue de la Terre Victoria 35760 Saint Grégoire,0,0,2013-10-04 18:47:23,-1.623847,47.989853,0.34,locality,la Fretais 35230 Bourgbarré,35032_qm6y2d,LA FRETAIS,,V8,1,6.3c bis,Pour  les  autres  bâtiments  non  mentionnés  dans  les  deux  précédents  cas : Consommation par Energie,8_V8_DPE_6.3c_bis.pdf,0,Vente,Vente,1,TR002_004,Bâtiments ou partie de bâtiment à usage principal autre que d'habitation,Non résidentiel,0,5,0,TR012_005,5ème Catégorie,2ème Groupe,0,TR013_003,"M : Magasins de vente, centres commerciaux",1,0,Établissements installés dans un bâtiment,35,35 - Ile et Vilaine,2,1,0,400,5300,53000,79,400.00,,5,-5,418.70,32.90,51.80,66.90,90.00,28.00,41.00,H2,8.08,12.00,33300,3.40,Ea,2,4,1.50,2
313618,1335V3000024F,2211,3,3,Méthode Facture,,\N,\N,2013-10-07,2013-10-07,2011-09-15,,,188.00,C,6.00,B,4,"Bureau, Administration, Enseignement",\N,\N,1,68.64,68.64,35,VERN-SUR-SEICHE,,,14 RUE DU PASSAVENT,,,,,,35770,35770,35770,Non communiqué,,\N,\N,2,,62.40,100.00,0.00,0,0,1,0,0,0,0.00,\N,0,0,0.00,0.00,0.00,0.00,0.00,0.00,1,ICERT 116 RUE EUGENE POTTIER 35000 RENNES,Parc Edonia - Bâtiment G Rue de la Terre Victoria 35760 SAINT GREGOIRE (détail sur www.cofrac.fr programme n°4-4-11),0,0,2013-10-07 16:52:43,,,0,,,,,,V3,1,6.3a,"Pour  les  bâtiments  à  usage  principal  de  bureau,  d’administration  ou  d’enseignement : Consommation par Usage",3_V3_DPE_6.3a.pdf,0,Vente,Vente,1,TR002_004,Bâtiments ou partie de bâtiment à usage principal autre que d'habitation,Non résidentiel,0,5,0,,,,,,,,,,35,35 - Ile et Vilaine,2,1,0,400,5300,53000,79,400.00,,5,-5,418.70,32.90,51.80,66.90,90.00,28.00,41.00,H2,8.08,12.00,33300,3.40,Ea,2,4,1.50,2
313622,1335V3000025G,2211,3,3,Méthode Facture,,\N,\N,2013-10-07,2013-10-07,2011-09-15,,,188.00,C,6.00,B,4,"Bureau, Administration, Enseignement",\N,\N,1,68.64,68.64,35,VERN-SUR-SEICHE,,,14 RUE DU PASSAVENT,,,,,,35770,35770,35770,Non communiqué,,\N,\N,2,,62.40,100.00,0.00,0,0,1,0,0,0,0.00,\N,0,0,0.00,0.00,0.00,0.00,0.00,0.00,1,ICERT 116 RUE EUGENE POTTIER 35000 RENNES,Parc Edonia - Bâtiment G Rue de la Terre Victoria 35760 SAINT GREGOIRE (détail sur www.cofrac.fr programme n°4-4-11),0,0,2013-10-07 16:53:29,,,0,,,,,,V3,1,6.3a,"Pour  les  bâtiments  à  usage  principal  de  bureau,  d’administration  ou  d’enseignement : Consommation par Usage",3_V3_DPE_6.3a.pdf,0,Vente,Vente,1,TR002_004,Bâtiments ou partie de bâtiment à usage principal autre que d'habitation,Non résidentiel,0,5,0,,,,,,,,,,35,35 - Ile et Vilaine,2,1,0,400,5300,53000,79,400.00,,5,-5,418.70,32.90,51.80,66.90,90.00,28.00,41.00,H2,8.08,12.00,33300,3.40,Ea,2,4,1.50,2
316265,1335V8000121I,8849,2,8,3CL - DPE,V2012,\N,\N,2013-10-08,2013-10-08,2011-08-15,,\N,823.56,G,26.81,D,4,Commerce,\N,\N,1900,0.00,0.00,35,RENNES,00,\N,"8, rue de Rohan",\N,\N,\N,\N,\N,35000,35238,35238,5,\N,,\N,2,,0.00,0.00,0.00,0,1,0,0,0,0,0.00,\N,0,0,0.00,0.00,0.00,0.00,0.00,0.00,1,"ICERT 116b, rue Eugène Pottier 35000 RENNES",  ,0,0,2013-10-08 12:52:26,-1.680137,48.110847,0.97,housenumber,8 Rue de Rohan 35000 Rennes,35238_8490_00008,8 RUE DE ROHAN,,V8,1,6.3c bis,Pour  les  autres  bâtiments  non  mentionnés  dans  les  deux  précédents  cas : Consommation par Energie,8_V8_DPE_6.3c_bis.pdf,0,Vente,Vente,1,TR002_004,Bâtiments ou partie de bâtiment à usage principal autre que d'habitation,Non résidentiel,0,5,0,,,,,,,,,,35,35 - Ile et Vilaine,2,1,0,400,5300,53000,79,400.00,,5,-5,418.70,32.90,51.80,66.90,90.00,28.00,41.00,H2,8.08,12.00,33300,3.40,Ea,2,4,1.50,2
318629,1335V4000098R,8692,5,4,FACTURE,VERSION_2012,\N,\N,2013-10-08,2013-10-08,2011-08-15,\N,,406.00,E,13.21,B,4,\N,\N,12,1991,59.00,59.00,35,RENNES,,\N,2 rue de la Paillette,\N,\N,\N,\N,\N,35000,35238,35238,,\N,\N,0,0,\N,0.00,53.64,0.00,0,0,1,0,0,0,0.00,\N,0,0,0.00,0.00,0.00,0.00,0.00,0.00,1,ICERT,116 b rue Eugène pottier 35000 RENNES,0,0,2013-10-08 21:59:02,-1.689019,48.11006,0.97,housenumber,2 Rue de la Paillette 35000 Rennes,35238_7020_00002,2 RUE DE LA PAILLETTE,,V4,1,6.3a bis,"Pour  les  bâtiments  à  usage  principal  de  bureau,  d’administration  ou  d’enseignement : Consommation par Energie",4_V4_DPE_6.3a_bis.pdf,0,Vente,Vente,1,TR002_004,Bâtiments ou partie de bâtiment à usage principal autre que d'habitation,Non résidentiel,0,5,0,,,,,TR013_012,"W : Administrations, banques, bureaux",1,0,Établissements installés dans un bâtiment,35,35 - Ile et Vilaine,2,1,0,400,5300,53000,79,400.00,,5,-5,418.70,32.90,51.80,66.90,90.00,28.00,41.00,H2,8.08,12.00,33300,3.40,Ea,2,4,1.50,2
321814,1335V4000100B,4127,10,4,FACTURE - DPE,V2012,\N,\N,2013-10-07,2013-10-07,2011-08-15,,,380.43,E,12.39,B,4,bureaux,\N,\N,2005,2244.00,2244.00,35,RENNES,00,allée,de Beaulieu,1,,,,,35708,35238,35238,,,,,\N,,\N,\N,\N,\N,\N,\N,\N,\N,\N,\N,,\N,\N,\N,\N,\N,\N,\N,\N,1,Socotec Certification,89-93 avenue Paul Vaillant Couturier 94250 GENTILLY,0,0,2013-10-09 17:58:10,-1.633601,48.116635,0.97,housenumber,1 Allée de Beaulieu 35000 Rennes,35238_9901_00001,1 ALLEE DE BEAULIEU,,V4,1,6.3a bis,"Pour  les  bâtiments  à  usage  principal  de  bureau,  d’administration  ou  d’enseignement : Consommation par Energie",4_V4_DPE_6.3a_bis.pdf,0,Vente,Vente,1,TR002_004,Bâtiments ou partie de bâtiment à usage principal autre que d'habitation,Non résidentiel,0,5,0,,,,,,,,,,35,35 - Ile et Vilaine,2,1,0,400,5300,53000,79,400.00,,5,-5,418.70,32.90,51.80,66.90,90.00,28.00,41.00,H2,8.08,12.00,33300,3.40,Ea,2,4,1.50,2
321975,1335V8000122J,3139,5,8,FACTURE,VERSION_2012,\N,\N,2013-10-09,2013-10-09,2011-08-15,\N,,457.13,F,14.88,C,4,\N,\N,\N,1980,74.47,74.47,35,RENNES,,\N,18 bis RUE DE LA DONELIERE,\N,\N,\N,\N,\N,35000,35238,35238,,\N,\N,0,0,\N,0.00,67.70,0.00,0,0,1,0,0,0,0.00,\N,0,0,0.00,0.00,0.00,0.00,0.00,0.00,1,ICERT,n/c,0,0,2013-10-09 18:23:14,-1.686831,48.130336,0.98,interpolation,18 Rue de la Donelière 35000 Rennes,,16 RUE DE LA DONELIERE,,V8,1,6.3c bis,Pour  les  autres  bâtiments  non  mentionnés  dans  les  deux  précédents  cas : Consommation par Energie,8_V8_DPE_6.3c_bis.pdf,0,Vente,Vente,1,TR002_004,Bâtiments ou partie de bâtiment à usage principal autre que d'habitation,Non résidentiel,0,5,0,,,,,,,,,,35,35 - Ile et Vilaine,2,1,0,400,5300,53000,79,400.00,,5,-5,418.70,32.90,51.80,66.90,90.00,28.00,41.00,H2,8.08,12.00,33300,3.40,Ea,2,4,1.50,2
324982,1335V8000124L,2211,3,8,Méthode Facture,,\N,\N,2013-10-09,2013-10-10,2011-09-15,,,193.00,D,35.00,D,4,"Autres (théâtres, salles de sport, restaurati",\N,\N,1,1017.50,1017.50,35,MONTGERMONT,,,"4, Rue EDISON",,,,,,35760,35189,35189,,,\N,\N,1,,925.00,100.00,0.00,0,0,2,0,0,0,0.00,\N,0,0,0.00,0.00,0.00,0.00,0.00,0.00,1,ICERT,Parc Edonia - Bâtiment G Rue de la Terre Victoria 35760 SAINT GREGOIRE (détail sur www.cofrac.fr programme n°4-4-11),0,0,2013-10-10 15:54:09,-1.705282,48.153918,0.95,housenumber,4 Rue Edison 35760 Montgermont,35189_0042_00004,4 RUE EDISON,,V8,1,6.3c bis,Pour  les  autres  bâtiments  non  mentionnés  dans  les  deux  précédents  cas : Consommation par Energie,8_V8_DPE_6.3c_bis.pdf,0,Vente,Vente,1,TR002_004,Bâtiments ou partie de bâtiment à usage principal autre que d'habitation,Non résidentiel,0,5,0,,,,,,,,,,35,35 - Ile et Vilaine,2,1,0,400,5300,53000,79,400.00,,5,-5,418.70,32.90,51.80,66.90,90.00,28.00,41.00,H2,8.08,12.00,33300,3.40,Ea,2,4,1.50,2
325569,1335V4000101C,3139,5,4,FACTURE,VERSION_2012,\N,\N,2013-10-08,2013-10-10,2011-08-15,\N,,0.00,A,0.00,A,4,\N,\N,\N,1997,1210.00,1210.00,35,CESSON-SEVIGNE,,\N,2 RUE DES CHARMILLES,\N,\N,\N,\N,\N,35510,35051,35051,,\N,\N,0,0,\N,0.00,1100.00,0.00,0,0,1,0,0,0,0.00,\N,0,0,0.00,0.00,0.00,0.00,0.00,0.00,1,ICERT,n/c,0,0,2013-10-10 17:19:24,-1.621428,48.106026,0.96,housenumber,2 Rue des Charmilles 35510 Cesson-Sévigné,35051_0164_00002,2 RUE DES CHARMILLES,,V4,1,6.3a bis,"Pour  les  bâtiments  à  usage  principal  de  bureau,  d’administration  ou  d’enseignement : Consommation par Energie",4_V4_DPE_6.3a_bis.pdf,0,Vente,Vente,1,TR002_004,Bâtiments ou partie de bâtiment à usage principal autre que d'habitation,Non résidentiel,0,5,0,,,,,,,,,,35,35 - Ile et Vilaine,2,1,0,400,5300,53000,79,400.00,,5,-5,418.70,32.90,51.80,66.90,90.00,28.00,41.00,H2,8.08,12.00,33300,3.40,Ea,2,4,1.50,2
332848,1335V6000006I,9347,2,6,3CL - DPE,V2012,\N,\N,2013-10-03,2013-10-14,2011-08-15,La surface habitable indiquée ci-dessus ne répond pas aux critères de réalisation d'un certificat Loi Boutin sur Carrez et ne peut donc pas être utilisée en tant que tel. (ex : reporter cette surface sur le bail).,17,278.44,C,46.16,C,4,Autres,\N,1,1997,0.00,0.00,35,CHAPELLE-DES-FOUGERETZ,20,rue,des Carlet,\N,,,,,35520,35059,35059,,\N,\N,\N,0,\N,0.00,0.00,0.00,0,0,0,0,0,0,0.00,\N,0,0,0.00,0.00,0.00,0.00,0.00,0.00,1,ICERT,Parc EDONIA - Bât. A  Rue de la Terre Victoria 35760 SAINT-GRÉGOIRE,0,0,2013-10-14 11:04:11,-1.731314,48.177451,0.89,street,Rue des Carlets 35520 La Chapelle-des-Fougeretz,35059_0013,RUE DES CARLETS,,V6,1,6.3b bis,Pour  les  bâtiments  à  occupation  continue : Consommation par Energie,6_V6_DPE_6.3b_bis.pdf,0,Vente,Vente,1,TR002_004,Bâtiments ou partie de bâtiment à usage principal autre que d'habitation,Non résidentiel,0,5,0,,,,,TR013_001,J : Structures d’accueil pour personnes âgées ou personnes handicapées,1,0,Établissements installés dans un bâtiment,35,35 - Ile et Vilaine,2,1,0,400,5300,53000,79,400.00,,5,-5,418.70,32.90,51.80,66.90,90.00,28.00,41.00,H2,8.08,12.00,33300,3.40,Ea,2,4,1.50,2
334230,1335V4000104F,7101,5,4,FACTURE,VERSION_2012,\N,\N,2013-10-11,2013-10-14,2011-08-15,\N,,318.80,D,10.37,B,4,\N,5,3,1977,38.78,38.78,35,NOYAL-SUR-VILAINE,,\N,"25, rue Pierre Marchand",\N,\N,\N,\N,\N,35530,35039,35039,,\N,\N,0,0,\N,0.00,35.25,0.00,0,0,1,0,0,0,0.00,\N,0,0,0.00,0.00,0.00,0.00,0.00,0.00,1,I.Cert,"116 bis, rue Eugène Pottier 35000 RENNES",0,0,2013-10-14 15:54:06,-1.478334,48.107934,0.37,housenumber,25 Rue de la Mainguère 35530 Brécé,35039_0056_00025,25 RUE DE LA MAINGUERE,,V4,1,6.3a bis,"Pour  les  bâtiments  à  usage  principal  de  bureau,  d’administration  ou  d’enseignement : Consommation par Energie",4_V4_DPE_6.3a_bis.pdf,0,Vente,Vente,1,TR002_004,Bâtiments ou partie de bâtiment à usage principal autre que d'habitation,Non résidentiel,0,5,0,TR012_005,5ème Catégorie,2ème Groupe,0,TR013_003,"M : Magasins de vente, centres commerciaux",1,0,Établissements installés dans un bâtiment,35,35 - Ile et Vilaine,2,1,0,400,5300,53000,79,400.00,,5,-5,418.70,32.90,51.80,66.90,90.00,28.00,41.00,H2,8.08,12.00,33300,3.40,Ea,2,4,1.50,2
335925,1335C1000014B,5916,3,20,Méthode Facture,,\N,\N,2013-10-14,2013-10-14,2011-09-15,Ces bureaux ne sont en général occupés que le lundi par les agents commerciaux de l'entreprise locataire,,27.00,A,0.00,A,5,Centres Commerciaux,\N,\N,1,434.50,434.50,35,MELESSE,,,Rue du Val parc d'activités Confortland ,,,,,,35520,35059,35059,Non communiqué,,,100,2,,395.00,100.00,0.00,0,0,1,0,0,0,0.00,\N,0,0,0.00,10.80,30.00,395.00,394.00,210.00,1, ICERT 116 b rue Eugene Pottier 35000 Rennes,Parc Edonia - Bâtiment G Rue de la Terre Victoria 35760 SAINT GREGOIRE (détail sur www.cofrac.fr programme n°4-4-11),0,0,2013-10-14 22:32:15,,,0,,,,,,C1,5,Par usage,Pour les centres commerciaux,20_C1_DPE_6.a.pdf,0,Centre commercial,Centre commercial,4,TR002_005,Centre Commerciaux,Centres commerciaux,0,4,0,,,,,,,,,,35,35 - Ile et Vilaine,2,1,0,400,5300,53000,79,400.00,,5,-5,418.70,32.90,51.80,66.90,90.00,28.00,41.00,H2,8.08,12.00,33300,3.40,Ea,2,4,1.50,2
340333,1335V8000131J,3124,10,8,FACTURE - DPE,V2012,\N,\N,2013-09-25,2013-10-15,2011-08-15,,,290.71,E,29.00,D,4,,\N,\N,2000,128.17,128.17,35,THORIGNE-FOUILLARD,00,,"Bureau de La Poste, centre commercial le Bocage",,,,,,35235,35334,35334,,,,,\N,,\N,\N,\N,\N,\N,\N,\N,\N,\N,\N,,\N,\N,\N,\N,\N,\N,\N,\N,1,ICERT,116b rue Eugène Pottier 35000 RENNES,0,0,2013-10-16 09:46:54,,,0,,,,,,V8,1,6.3c bis,Pour  les  autres  bâtiments  non  mentionnés  dans  les  deux  précédents  cas : Consommation par Energie,8_V8_DPE_6.3c_bis.pdf,0,Vente,Vente,1,TR002_004,Bâtiments ou partie de bâtiment à usage principal autre que d'habitation,Non résidentiel,0,5,0,,,,,,,,,,35,35 - Ile et Vilaine,2,1,0,400,5300,53000,79,400.00,,5,-5,418.70,32.90,51.80,66.90,90.00,28.00,41.00,H2,8.08,12.00,33300,3.40,Ea,2,4,1.50,2
341119,1335V8000132K,8058,5,8,FACTURE,VERSION_2012,\N,\N,2013-10-16,2013-10-16,2011-08-15,\N,,0.00,A,0.00,A,4,\N,\N,\N,1800,27.94,27.94,35,RENNES,,\N,13 GALERIE DU THEATRE,\N,\N,\N,\N,\N,35000,35238,35238,,\N,\N,0,0,\N,0.00,25.40,0.00,0,0,1,0,0,0,0.00,\N,0,0,0.00,0.00,0.00,0.00,0.00,0.00,1,ICERT,n/c,0,0,2013-10-16 12:09:56,-1.678619,48.111528,0.85,housenumber,13 Galeries du Théâtre 35000 Rennes,35238_9200_00013,13 GALERIES DU THEATRE,,V8,1,6.3c bis,Pour  les  autres  bâtiments  non  mentionnés  dans  les  deux  précédents  cas : Consommation par Energie,8_V8_DPE_6.3c_bis.pdf,0,Vente,Vente,1,TR002_004,Bâtiments ou partie de bâtiment à usage principal autre que d'habitation,Non résidentiel,0,5,0,,,,,,,,,,35,35 - Ile et Vilaine,2,1,0,400,5300,53000,79,400.00,,5,-5,418.70,32.90,51.80,66.90,90.00,28.00,41.00,H2,8.08,12.00,33300,3.40,Ea,2,4,1.50,2
341151,1335V8000133L,8058,5,8,FACTURE,VERSION_2012,\N,\N,2013-10-16,2013-10-16,2011-08-15,\N,,0.00,A,0.00,A,4,\N,\N,\N,1800,27.94,27.94,35,RENNES,,\N,13 GALERIE DU THEATRE,\N,\N,\N,\N,\N,35000,35238,35238,,\N,\N,0,0,\N,0.00,25.40,0.00,0,0,1,0,0,0,0.00,\N,0,0,0.00,0.00,0.00,0.00,0.00,0.00,1,ICERT,n/c,0,0,2013-10-16 12:14:12,-1.678619,48.111528,0.85,housenumber,13 Galeries du Théâtre 35000 Rennes,35238_9200_00013,13 GALERIES DU THEATRE,,V8,1,6.3c bis,Pour  les  autres  bâtiments  non  mentionnés  dans  les  deux  précédents  cas : Consommation par Energie,8_V8_DPE_6.3c_bis.pdf,0,Vente,Vente,1,TR002_004,Bâtiments ou partie de bâtiment à usage principal autre que d'habitation,Non résidentiel,0,5,0,,,,,,,,,,35,35 - Ile et Vilaine,2,1,0,400,5300,53000,79,400.00,,5,-5,418.70,32.90,51.80,66.90,90.00,28.00,41.00,H2,8.08,12.00,33300,3.40,Ea,2,4,1.50,2
341164,1335V8000134M,8058,5,8,FACTURE,VERSION_2012,\N,\N,2013-10-16,2013-10-16,2011-08-15,\N,,0.00,A,0.00,A,4,\N,\N,\N,1800,27.94,27.94,35,RENNES,,\N,13 GALERIE DU THEATRE,\N,\N,\N,\N,\N,35000,35238,35238,,\N,\N,0,0,\N,0.00,25.40,0.00,0,0,1,0,0,0,0.00,\N,0,0,0.00,0.00,0.00,0.00,0.00,0.00,1,ICERT,n/c,0,0,2013-10-16 12:16:18,-1.678619,48.111528,0.85,housenumber,13 Galeries du Théâtre 35000 Rennes,35238_9200_00013,13 GALERIES DU THEATRE,,V8,1,6.3c bis,Pour  les  autres  bâtiments  non  mentionnés  dans  les  deux  précédents  cas : Consommation par Energie,8_V8_DPE_6.3c_bis.pdf,0,Vente,Vente,1,TR002_004,Bâtiments ou partie de bâtiment à usage principal autre que d'habitation,Non résidentiel,0,5,0,,,,,,,,,,35,35 - Ile et Vilaine,2,1,0,400,5300,53000,79,400.00,,5,-5,418.70,32.90,51.80,66.90,90.00,28.00,41.00,H2,8.08,12.00,33300,3.40,Ea,2,4,1.50,2
341220,1335V8000135N,8058,5,8,FACTURE,VERSION_2012,\N,\N,2013-10-16,2013-10-16,2011-08-15,\N,,0.00,A,0.00,A,4,\N,\N,\N,1800,27.94,27.94,35,RENNES,,\N,13 GALERIE DU THEATRE,\N,\N,\N,\N,\N,35000,35238,35238,,\N,\N,0,0,\N,0.00,25.40,0.00,0,0,1,0,0,0,0.00,\N,0,0,0.00,0.00,0.00,0.00,0.00,0.00,1,ICERT,n/c,0,0,2013-10-16 12:26:14,-1.678619,48.111528,0.85,housenumber,13 Galeries du Théâtre 35000 Rennes,35238_9200_00013,13 GALERIES DU THEATRE,,V8,1,6.3c bis,Pour  les  autres  bâtiments  non  mentionnés  dans  les  deux  précédents  cas : Consommation par Energie,8_V8_DPE_6.3c_bis.pdf,0,Vente,Vente,1,TR002_004,Bâtiments ou partie de bâtiment à usage principal autre que d'habitation,Non résidentiel,0,5,0,,,,,,,,,,35,35 - Ile et Vilaine,2,1,0,400,5300,53000,79,400.00,,5,-5,418.70,32.90,51.80,66.90,90.00,28.00,41.00,H2,8.08,12.00,33300,3.40,Ea,2,4,1.50,2
341392,1335V4000105G,3139,5,4,FACTURE,VERSION_2012,\N,\N,2013-10-16,2013-10-16,2011-08-15,\N,,0.00,A,0.00,A,4,\N,\N,\N,2012,208.38,208.38,35,RENNES,,\N,13 RUE DE LA SAUVAIE - 3EME,\N,\N,\N,\N,\N,35000,35238,35238,,\N,\N,0,0,\N,0.00,189.44,0.00,0,0,1,0,0,0,0.00,\N,0,0,0.00,0.00,0.00,0.00,0.00,0.00,1,ICERT,n/c,0,0,2013-10-16 13:34:00,-1.634007,48.09429,0.97,housenumber,13 Rue de la Sauvaie 35000 Rennes,35238_8971_00013,13 RUE DE LA SAUVAIE,,V4,1,6.3a bis,"Pour  les  bâtiments  à  usage  principal  de  bureau,  d’administration  ou  d’enseignement : Consommation par Energie",4_V4_DPE_6.3a_bis.pdf,0,Vente,Vente,1,TR002_004,Bâtiments ou partie de bâtiment à usage principal autre que d'habitation,Non résidentiel,0,5,0,,,,,,,,,,35,35 - Ile et Vilaine,2,1,0,400,5300,53000,79,400.00,,5,-5,418.70,32.90,51.80,66.90,90.00,28.00,41.00,H2,8.08,12.00,33300,3.40,Ea,2,4,1.50,2
342242,1335V3000027I,5058,3,3,Méthode Facture,,\N,\N,2013-09-26,2013-10-16,2011-09-15,"Pour ce type d'immeuble, la réglementation impose d'utiliser les consommations réelles pour déterminer les étiquettes 'énergie' et 'climat' : cette information ne nous ayant pas été fournie par le propriétaire, il n'est pas possible d'estimer les consommations. Le diagnostic se limite donc au descriptif et aux recommandations.",,0.00,N,0.00,N,4,"Bureau, Administration, Enseignement",\N,\N,1,130.90,130.90,35,RENNES,,,2 RUE CHARLES TILLON,,,,,,35000,35238,35238,,,\N,\N,2,,119.00,100.00,0.00,0,0,1,0,0,0,0.00,\N,0,0,11.64,0.00,0.00,0.00,119.00,92.61,1,C147 QUALIXPERT 17 RUE BORREL 81100 CASTRES,17 rue Borrel 81100 CASTRES (détail sur www.cofrac.fr programme n°4-4-11),1,0,2013-10-16 16:22:40,-1.68726,48.127398,0.53,housenumber,2 Avenue Charles et Raymonde Tillon 35000 Rennes,35238_1744_00002,2 AV CHARLES ET RAYMONDE TILLON,,V3,1,6.3a,"Pour  les  bâtiments  à  usage  principal  de  bureau,  d’administration  ou  d’enseignement : Consommation par Usage",3_V3_DPE_6.3a.pdf,0,Vente,Vente,1,TR002_004,Bâtiments ou partie de bâtiment à usage principal autre que d'habitation,Non résidentiel,0,5,0,,,,,,,,,,35,35 - Ile et Vilaine,2,1,0,400,5300,53000,79,400.00,,5,-5,418.70,32.90,51.80,66.90,90.00,28.00,41.00,H2,8.08,12.00,33300,3.40,Ea,2,4,1.50,2
351959,1335C2000004B,2211,3,21,Méthode Facture,,\N,\N,2013-10-11,2013-10-11,2011-09-15,,,1127.00,G,59.00,F,5,Centres Commerciaux,\N,\N,1,2543.20,2543.20,35,RENNES,,,Bd Paul Hutin DESGREES Centre commercial La Poterie,,,,,,35200,35238,35238,,,,2312,1,,2312.00,2312.00,0.00,0,0,1,0,0,0,0.00,\N,0,0,0.00,0.00,0.00,0.00,0.00,0.00,1,ICERT,Parc Edonia - Bâtiment G Rue de la Terre Victoria 35760 SAINT GREGOIRE (détail sur www.cofrac.fr programme n°4-4-11),0,0,2013-10-19 12:59:57,-1.639124,48.09316,0.39,street,Boulevard Paul Hutin-Desgrées 35200 Rennes,35238_7225,BOULEVARD PAUL HUTIN DESGREES,,C2,5,Par énergie,Pour les centres commerciaux,21_C2_DPE_6.b.pdf,0,Centre commercial,Centre commercial,4,TR002_005,Centre Commerciaux,Centres commerciaux,0,4,0,,,,,,,,,,35,35 - Ile et Vilaine,2,1,0,400,5300,53000,79,400.00,,5,-5,418.70,32.90,51.80,66.90,90.00,28.00,41.00,H2,8.08,12.00,33300,3.40,Ea,2,4,1.50,2
355938,1335V4000106H,8849,2,4,3CL - DPE,V2012,\N,\N,2013-10-21,2013-10-21,2011-08-15,,\N,430.06,E,14.00,B,4,Bureaux,\N,12,1900,0.00,0.00,35,RENNES,00,\N,"2, rue de Juillet",\N,\N,\N,Rez de chaussée,Gauche,35000,35238,35238,NC,\N,,\N,2,,0.00,0.00,0.00,0,1,0,0,0,0,0.00,\N,0,0,0.00,0.00,0.00,0.00,0.00,0.00,1,"ICERT 116b, rue Eugène Pottier 35000 RENNES",  ,0,0,2013-10-21 17:10:05,-1.684049,48.112052,0.97,housenumber,2 Rue de Juillet 35000 Rennes,35238_5090_00002,2 RUE DE JUILLET,,V4,1,6.3a bis,"Pour  les  bâtiments  à  usage  principal  de  bureau,  d’administration  ou  d’enseignement : Consommation par Energie",4_V4_DPE_6.3a_bis.pdf,0,Vente,Vente,1,TR002_004,Bâtiments ou partie de bâtiment à usage principal autre que d'habitation,Non résidentiel,0,5,0,,,,,TR013_012,"W : Administrations, banques, bureaux",1,0,Établissements installés dans un bâtiment,35,35 - Ile et Vilaine,2,1,0,400,5300,53000,79,400.00,,5,-5,418.70,32.90,51.80,66.90,90.00,28.00,41.00,H2,8.08,12.00,33300,3.40,Ea,2,4,1.50,2
356804,1335V8000138Q,8058,5,8,FACTURE,VERSION_2012,\N,\N,2013-10-21,2013-10-21,2011-08-15,\N,,393.02,F,31.39,D,4,\N,\N,\N,1965,72.60,72.60,35,RENNES,,\N,BOULEVARD LEON GRIMAULT,\N,\N,\N,\N,\N,35200,35238,35238,,\N,\N,0,0,\N,0.00,66.00,0.00,0,0,1,0,0,0,0.00,\N,0,0,0.00,0.00,0.00,0.00,0.00,0.00,1,ICERT,n/c,0,0,2013-10-21 19:37:27,-1.64932,48.091018,0.97,street,Boulevard Léon Grimault 35200 Rennes,35238_5585,BOULEVARD LEON GRIMAULT,,V8,1,6.3c bis,Pour  les  autres  bâtiments  non  mentionnés  dans  les  deux  précédents  cas : Consommation par Energie,8_V8_DPE_6.3c_bis.pdf,0,Vente,Vente,1,TR002_004,Bâtiments ou partie de bâtiment à usage principal autre que d'habitation,Non résidentiel,0,5,0,,,,,,,,,,35,35 - Ile et Vilaine,2,1,0,400,5300,53000,79,400.00,,5,-5,418.70,32.90,51.80,66.90,90.00,28.00,41.00,H2,8.08,12.00,33300,3.40,Ea,2,4,1.50,2
356822,1335C1000015C,9445,3,20,Méthode Facture,,\N,\N,2013-10-21,2013-10-21,2011-09-15,,,0.00,N,0.00,N,5,Centres Commerciaux,\N,\N,1947,198.00,198.00,35,SAINT-JACQUES-DE-LA-LANDE,,,"1, RUE DU CAPITAINE DREYFUS",,,,,,35136,35281,35281,NC,,,100,2,,180.00,100.00,0.00,0,0,1,0,0,0,0.00,\N,0,0,15.00,0.00,0.00,180.00,180.00,80.00,1,ICERT,Parc Edonia - Bâtiment G Rue de la Terre Victoria 35760 SAINT GREGOIRE (détail sur www.cofrac.fr programme n°4-4-11),1,0,2013-10-21 19:40:49,-1.706362,48.087432,0.95,housenumber,1 Rue du Capitaine Dreyfus 35136 Saint-Jacques-de-la-Lande,35281_0289_00001,1 RUE DU CAPITAINE DREYFUS,,C1,5,Par usage,Pour les centres commerciaux,20_C1_DPE_6.a.pdf,0,Centre commercial,Centre commercial,4,TR002_005,Centre Commerciaux,Centres commerciaux,0,4,0,,,,,,,,,,35,35 - Ile et Vilaine,2,1,0,400,5300,53000,79,400.00,,5,-5,418.70,32.90,51.80,66.90,90.00,28.00,41.00,H2,8.08,12.00,33300,3.40,Ea,2,4,1.50,2
356894,1335C1000016D,9445,3,20,Méthode Facture,,\N,\N,2013-10-16,2013-10-21,2011-09-15,,,132.00,C,30.00,D,5,Centres Commerciaux,\N,\N,1947,770.00,770.00,35,Brécé,,,La Croix Rouge,,,,,,35530,35039,35039,SO,,,100,2,,700.00,100.00,0.00,0,0,1,0,0,0,0.00,\N,0,0,0.00,0.00,20.00,700.00,700.00,159.00,1,ICERT,Parc Edonia - Bâtiment G Rue de la Terre Victoria 35760 SAINT GREGOIRE (détail sur www.cofrac.fr programme n°4-4-11),0,0,2013-10-21 20:10:47,-1.486242,48.104526,0.95,street,la Croix Rouge 35530 Brécé,35039_B141,LA CROIX ROUGE,,C1,5,Par usage,Pour les centres commerciaux,20_C1_DPE_6.a.pdf,0,Centre commercial,Centre commercial,4,TR002_005,Centre Commerciaux,Centres commerciaux,0,4,0,,,,,,,,,,35,35 - Ile et Vilaine,2,1,0,400,5300,53000,79,400.00,,5,-5,418.70,32.90,51.80,66.90,90.00,28.00,41.00,H2,8.08,12.00,33300,3.40,Ea,2,4,1.50,2
358459,1335V8000139R,5058,3,8,Méthode Facture,,\N,\N,2013-10-21,2013-10-22,2011-09-15,Le présent diagnostic prend en compte la consommation énergétique électrique pour l'ensemble des usages du bâti.,,124.00,C,4.00,B,4,"Autres (théâtres, salles de sport, restaurati",\N,\N,1947,380.60,380.60,35,RENNES,,,30 BOULEVARD DE CHEZY/24 RUE ROBLIN,,,,,,35000,35238,35238,Sans objet,,\N,\N,1,,346.00,100.00,0.00,0,0,1,0,0,0,0.00,\N,0,0,0.00,0.00,0.00,0.00,0.00,0.00,1,C147 QUALIXPERT 17 RUE BORREL 81100 CASTRES,17 rue Borrel 81100 CASTRES (détail sur www.cofrac.fr programme n°4-4-11),0,0,2013-10-22 11:32:28,-1.685893,48.117,0.6,housenumber,30 Boulevard de Chézy 35000 Rennes,35238_1880_00030,30 BOULEVARD DE CHEZY,,V8,1,6.3c bis,Pour  les  autres  bâtiments  non  mentionnés  dans  les  deux  précédents  cas : Consommation par Energie,8_V8_DPE_6.3c_bis.pdf,0,Vente,Vente,1,TR002_004,Bâtiments ou partie de bâtiment à usage principal autre que d'habitation,Non résidentiel,0,5,0,,,,,,,,,,35,35 - Ile et Vilaine,2,1,0,400,5300,53000,79,400.00,,5,-5,418.70,32.90,51.80,66.90,90.00,28.00,41.00,H2,8.08,12.00,33300,3.40,Ea,2,4,1.50,2
359861,1335V8000140J,7070,3,8,Méthode Facture,,\N,\N,2013-10-22,2013-10-22,2011-09-15,,,456.00,F,14.00,C,4,"Autres (théâtres, salles de sport, restaurati",\N,\N,1947,115.04,115.04,35,RENNES,,,10 B Rue de BREST,,,RDC,,,35000,35238,35238,Non communiqué,,\N,\N,2,,104.58,100.00,0.00,0,0,1,0,0,0,0.00,\N,0,0,0.00,0.00,0.00,0.00,0.00,0.00,1,Icert,Parc Edonia - Bâtiment G Rue de la Terre Victoria 35760 SAINT GREGOIRE (détail sur www.cofrac.fr programme n°4-4-11),0,0,2013-10-22 16:43:50,-1.688699,48.112696,0.82,housenumber,10b Rue de Brest 35000 Rennes,35238_1190_00010_b,10B RUE DE BREST,,V8,1,6.3c bis,Pour  les  autres  bâtiments  non  mentionnés  dans  les  deux  précédents  cas : Consommation par Energie,8_V8_DPE_6.3c_bis.pdf,0,Vente,Vente,1,TR002_004,Bâtiments ou partie de bâtiment à usage principal autre que d'habitation,Non résidentiel,0,5,0,,,,,,,,,,35,35 - Ile et Vilaine,2,1,0,400,5300,53000,79,400.00,,5,-5,418.70,32.90,51.80,66.90,90.00,28.00,41.00,H2,8.08,12.00,33300,3.40,Ea,2,4,1.50,2
362712,1335V8000143M,3139,5,8,FACTURE,VERSION_2012,\N,\N,2013-10-18,2013-10-23,2011-08-15,\N,,420.31,F,58.78,E,4,\N,\N,\N,1900,190.04,190.04,35,RENNES,,\N,15 QUAI LAMENNAIS,\N,\N,\N,\N,\N,35000,35238,35238,,\N,\N,0,0,\N,0.00,172.76,0.00,0,0,1,0,0,0,0.00,\N,0,0,0.00,0.00,0.00,0.00,0.00,0.00,1,ICERT,n/c,0,0,2013-10-23 13:23:24,-1.682516,48.109763,0.97,housenumber,15 Quai Lamennais 35000 Rennes,35238_5290_00015,15 QUAI LAMENNAIS,,V8,1,6.3c bis,Pour  les  autres  bâtiments  non  mentionnés  dans  les  deux  précédents  cas : Consommation par Energie,8_V8_DPE_6.3c_bis.pdf,0,Vente,Vente,1,TR002_004,Bâtiments ou partie de bâtiment à usage principal autre que d'habitation,Non résidentiel,0,5,0,,,,,,,,,,35,35 - Ile et Vilaine,2,1,0,400,5300,53000,79,400.00,,5,-5,418.70,32.90,51.80,66.90,90.00,28.00,41.00,H2,8.08,12.00,33300,3.40,Ea,2,4,1.50,2
363921,1335V8000144N,7070,3,8,Méthode Facture,,\N,\N,2013-10-23,2013-10-23,2011-09-15,,,1493.00,G,48.00,E,4,"Autres (théâtres, salles de sport, restaurati",\N,\N,1947,57.20,57.20,35,RENNES,,,17 Boulevard Beaumont ,,,Etage RDC + R+1,,,35000,35238,35238,Non communiqué,,\N,\N,2,Rez de chaussée,52.00,100.00,0.00,0,0,1,0,0,0,0.00,\N,0,0,0.00,0.00,0.00,0.00,0.00,0.00,1,Icert,Parc Edonia - Bâtiment G Rue de la Terre Victoria 35760 SAINT GREGOIRE (détail sur www.cofrac.fr programme n°4-4-11),0,0,2013-10-23 17:21:42,-1.675407,48.103776,0.86,housenumber,17 Boulevard de Beaumont 35000 Rennes,35238_0790_00017,17 BOULEVARD DE BEAUMONT,,V8,1,6.3c bis,Pour  les  autres  bâtiments  non  mentionnés  dans  les  deux  précédents  cas : Consommation par Energie,8_V8_DPE_6.3c_bis.pdf,0,Vente,Vente,1,TR002_004,Bâtiments ou partie de bâtiment à usage principal autre que d'habitation,Non résidentiel,0,5,0,,,,,,,,,,35,35 - Ile et Vilaine,2,1,0,400,5300,53000,79,400.00,,5,-5,418.70,32.90,51.80,66.90,90.00,28.00,41.00,H2,8.08,12.00,33300,3.40,Ea,2,4,1.50,2
372190,1335V8000149S,2211,3,8,Méthode Facture,,\N,\N,2013-10-09,2013-10-25,2011-09-15,,,88.00,B,11.00,C,4,"Autres (théâtres, salles de sport, restaurati",\N,\N,1,1017.50,1017.50,35,MONTGERMONT,,,"4, Rue EDISON",,,,,,35760,35189,35189,,,\N,\N,1,,925.00,100.00,0.00,0,0,2,0,0,0,0.00,\N,0,0,0.00,0.00,0.00,0.00,0.00,0.00,1,ICERT,Parc Edonia - Bâtiment G Rue de la Terre Victoria 35760 SAINT GREGOIRE (détail sur www.cofrac.fr programme n°4-4-11),0,0,2013-10-25 16:13:25,-1.705282,48.153918,0.95,housenumber,4 Rue Edison 35760 Montgermont,35189_0042_00004,4 RUE EDISON,,V8,1,6.3c bis,Pour  les  autres  bâtiments  non  mentionnés  dans  les  deux  précédents  cas : Consommation par Energie,8_V8_DPE_6.3c_bis.pdf,0,Vente,Vente,1,TR002_004,Bâtiments ou partie de bâtiment à usage principal autre que d'habitation,Non résidentiel,0,5,0,,,,,,,,,,35,35 - Ile et Vilaine,2,1,0,400,5300,53000,79,400.00,,5,-5,418.70,32.90,51.80,66.90,90.00,28.00,41.00,H2,8.08,12.00,33300,3.40,Ea,2,4,1.50,2
372351,1335C2000005C,2211,3,21,Méthode Facture,,\N,\N,2013-10-11,2013-10-11,2011-09-15,,,1121.00,G,59.00,F,5,Centres Commerciaux,\N,\N,1,2543.20,2543.20,35,RENNES,,,Bd Paul Hutin DESGREES Centre commercial La Poterie,,,,,,35200,35238,35238,,,,2312,1,,2312.00,2312.00,0.00,0,0,1,0,0,0,0.00,\N,0,0,0.00,0.00,0.00,0.00,0.00,0.00,1,ICERT,Parc Edonia - Bâtiment G Rue de la Terre Victoria 35760 SAINT GREGOIRE (détail sur www.cofrac.fr programme n°4-4-11),0,0,2013-10-25 16:44:32,-1.639124,48.09316,0.39,street,Boulevard Paul Hutin-Desgrées 35200 Rennes,35238_7225,BOULEVARD PAUL HUTIN DESGREES,,C2,5,Par énergie,Pour les centres commerciaux,21_C2_DPE_6.b.pdf,0,Centre commercial,Centre commercial,4,TR002_005,Centre Commerciaux,Centres commerciaux,0,4,0,,,,,,,,,,35,35 - Ile et Vilaine,2,1,0,400,5300,53000,79,400.00,,5,-5,418.70,32.90,51.80,66.90,90.00,28.00,41.00,H2,8.08,12.00,33300,3.40,Ea,2,4,1.50,2
378975,1335V8000152M,8975,5,8,FACTURE,VERSION_2012,\N,\N,2013-10-02,2013-10-28,2011-08-15,\N,,0.00,N,0.00,N,4,\N,\N,\N,1900,29.70,29.70,35,RENNES,,\N,8 BOULEVARD LAENNEC LOCAL,\N,\N,\N,\N,\N,35000,35238,35238,,\N,\N,0,0,\N,0.00,27.00,0.00,0,0,1,0,0,0,0.00,\N,0,0,0.00,0.00,0.00,0.00,0.00,0.00,1,ICERT,n/c,1,0,2013-10-28 21:05:28,-1.665834,48.109316,0.63,housenumber,8 Boulevard René Laënnec 35000 Rennes,35238_5260_00008,8 BOULEVARD RENE LAENNEC,,V8,1,6.3c bis,Pour  les  autres  bâtiments  non  mentionnés  dans  les  deux  précédents  cas : Consommation par Energie,8_V8_DPE_6.3c_bis.pdf,0,Vente,Vente,1,TR002_004,Bâtiments ou partie de bâtiment à usage principal autre que d'habitation,Non résidentiel,0,5,0,,,,,,,,,,35,35 - Ile et Vilaine,2,1,0,400,5300,53000,79,400.00,,5,-5,418.70,32.90,51.80,66.90,90.00,28.00,41.00,H2,8.08,12.00,33300,3.40,Ea,2,4,1.50,2
382043,1335V8000153N,5058,3,8,Méthode Facture,,\N,\N,2013-10-28,2013-10-29,2011-09-15,,,225.00,D,6.00,B,4,"Autres (théâtres, salles de sport, restaurati",\N,\N,1,286.00,286.00,35,RENNES,,,15 RUE BAHON RAULT,,,,,,35000,35238,35238,Sans objet,,\N,\N,2,Partie droite du bâtiment,260.00,100.00,0.00,0,0,1,0,0,0,0.00,\N,0,0,0.00,0.00,0.00,0.00,0.00,0.00,1,C147 QUALIXPERT 17 RUE BORREL 81100 CASTRES,17 rue Borrel 81100 CASTRES (détail sur www.cofrac.fr programme n°4-4-11),0,0,2013-10-29 16:53:06,-1.684104,48.133395,0.97,housenumber,15 Rue Bahon-Rault 35000 Rennes,35238_0578_00015,15 RUE BAHON RAULT,,V8,1,6.3c bis,Pour  les  autres  bâtiments  non  mentionnés  dans  les  deux  précédents  cas : Consommation par Energie,8_V8_DPE_6.3c_bis.pdf,0,Vente,Vente,1,TR002_004,Bâtiments ou partie de bâtiment à usage principal autre que d'habitation,Non résidentiel,0,5,0,,,,,,,,,,35,35 - Ile et Vilaine,2,1,0,400,5300,53000,79,400.00,,5,-5,418.70,32.90,51.80,66.90,90.00,28.00,41.00,H2,8.08,12.00,33300,3.40,Ea,2,4,1.50,2
386197,1335V8000157R,7070,3,8,Méthode Facture,,\N,\N,2013-10-30,2013-10-30,2011-09-15,,,377.00,E,12.00,C,4,"Autres (théâtres, salles de sport, restaurati",\N,\N,1947,84.70,84.70,35,CESSON-SÉVIGNÉ,,,26 Route de Fougères ,,,,,,35510,35051,35051,1,,\N,\N,2,Partie du rez de chaussée,77.00,100.00,0.00,0,0,1,0,0,0,0.00,\N,0,0,0.00,0.00,0.00,0.00,0.00,0.00,1,Icert,Parc Edonia - Bâtiment G Rue de la Terre Victoria 35760 SAINT GREGOIRE (détail sur www.cofrac.fr programme n°4-4-11),0,0,2013-10-30 16:55:43,-1.625861,48.135524,0.97,housenumber,26 Route de Fougères 35510 Cesson-Sévigné,35051_0207_00026,26 ROUTE DE FOUGERES,,V8,1,6.3c bis,Pour  les  autres  bâtiments  non  mentionnés  dans  les  deux  précédents  cas : Consommation par Energie,8_V8_DPE_6.3c_bis.pdf,0,Vente,Vente,1,TR002_004,Bâtiments ou partie de bâtiment à usage principal autre que d'habitation,Non résidentiel,0,5,0,,,,,,,,,,35,35 - Ile et Vilaine,2,1,0,400,5300,53000,79,400.00,,5,-5,418.70,32.90,51.80,66.90,90.00,28.00,41.00,H2,8.08,12.00,33300,3.40,Ea,2,4,1.50,2
386445,1335V8000158S,7070,3,8,Méthode Facture,,\N,\N,2013-10-30,2013-10-30,2011-09-15,,,0.00,N,0.00,N,4,"Autres (théâtres, salles de sport, restaurati",\N,\N,1,2420.00,2420.00,35,LE RHEU,,,3 Rue de Mahomat,,,,,,35650,35240,35240,,,\N,\N,1,,2200.00,100.00,0.00,0,0,1,0,0,0,0.00,\N,0,0,0.00,0.00,0.00,0.00,0.00,0.00,1,Icert,Parc Edonia - Bâtiment G Rue de la Terre Victoria 35760 SAINT GREGOIRE (détail sur www.cofrac.fr programme n°4-4-11),1,0,2013-10-30 17:32:36,-1.783128,48.093709,0.96,housenumber,3 Rue de Mahomat 35650 Le Rheu,35240_0375_00003,3 RUE DE MAHOMAT,,V8,1,6.3c bis,Pour  les  autres  bâtiments  non  mentionnés  dans  les  deux  précédents  cas : Consommation par Energie,8_V8_DPE_6.3c_bis.pdf,0,Vente,Vente,1,TR002_004,Bâtiments ou partie de bâtiment à usage principal autre que d'habitation,Non résidentiel,0,5,0,,,,,,,,,,35,35 - Ile et Vilaine,2,1,0,400,5300,53000,79,400.00,,5,-5,418.70,32.90,51.80,66.90,90.00,28.00,41.00,H2,8.08,12.00,33300,3.40,Ea,2,4,1.50,2
388756,1335V4000109K,5897,3,4,Méthode Facture,,\N,\N,2013-10-24,2013-10-31,2011-09-15,,,316.00,D,10.00,B,4,"Bureau, Administration, Enseignement",\N,\N,1,101.73,101.73,35,BRUZ,,,18 Avenue Joseph Jan,,,,,,35170,35047,35047,Non communiqué,,\N,\N,1,,92.48,0.00,0.00,0,0,1,0,0,0,0.00,\N,0,0,18.32,0.00,0.00,92.61,92.61,84.49,1,CERTIFI,"37, route de Paris 31140 AUCAMVILLE (détail sur www.cofrac.fr programme n°4-4-11)",0,0,2013-10-31 12:17:54,-1.75306,48.025118,0.97,housenumber,18 Avenue Joseph Jan 35170 Bruz,35047_0460_00018,18 AVENUE JOSEPH JAN,,V4,1,6.3a bis,"Pour  les  bâtiments  à  usage  principal  de  bureau,  d’administration  ou  d’enseignement : Consommation par Energie",4_V4_DPE_6.3a_bis.pdf,0,Vente,Vente,1,TR002_004,Bâtiments ou partie de bâtiment à usage principal autre que d'habitation,Non résidentiel,0,5,0,,,,,,,,,,35,35 - Ile et Vilaine,2,1,0,400,5300,53000,79,400.00,,5,-5,418.70,32.90,51.80,66.90,90.00,28.00,41.00,H2,8.08,12.00,33300,3.40,Ea,2,4,1.50,2
388977,1335V4000110C,5897,3,4,Méthode Facture,,\N,\N,2013-10-24,2013-10-31,2011-09-15,,,316.00,D,10.00,B,4,"Bureau, Administration, Enseignement",\N,\N,1,101.73,101.73,35,BRUZ,,,18 Avenue Joseph Jan,,,,,,35170,35047,35047,Non communiqué,,\N,\N,1,,92.48,0.00,0.00,0,0,1,0,0,0,0.00,\N,0,0,18.32,0.00,0.00,92.61,92.61,84.49,1,CERTIFI,"37, route de Paris 31140 AUCAMVILLE (détail sur www.cofrac.fr programme n°4-4-11)",0,0,2013-10-31 13:32:17,-1.75306,48.025118,0.97,housenumber,18 Avenue Joseph Jan 35170 Bruz,35047_0460_00018,18 AVENUE JOSEPH JAN,,V4,1,6.3a bis,"Pour  les  bâtiments  à  usage  principal  de  bureau,  d’administration  ou  d’enseignement : Consommation par Energie",4_V4_DPE_6.3a_bis.pdf,0,Vente,Vente,1,TR002_004,Bâtiments ou partie de bâtiment à usage principal autre que d'habitation,Non résidentiel,0,5,0,,,,,,,,,,35,35 - Ile et Vilaine,2,1,0,400,5300,53000,79,400.00,,5,-5,418.70,32.90,51.80,66.90,90.00,28.00,41.00,H2,8.08,12.00,33300,3.40,Ea,2,4,1.50,2
398562,1335V8000162N,7956,2,8,3CL - DPE,V2012,\N,\N,2013-09-23,2013-11-05,2011-08-15,"En l'absence de sous-compteurs sur l'installation du magasin, les relevés de consommations électriques fournis ne distinguent pas les différents usages d'électricité (éclairage, chauffage, eau chaude, bureautique, ventilation,...), les consommations annoncées intègrent donc l'ensemble des usages recensés.  Les relevés de consommations ne nous ont été fournis que sur deux années incomplètes (onze mois en 2011 et neuf mois en 2012). Les consommations d'une année complète ont donc dû été estimées au prorata des onze mois fournis. Par ailleurs, les consommations annoncées et l’établissement des étiquettes  énergie  et  climat  ne se basent donc que sur une année et non-pas sur la moyenne de 3 années consécutives comme le demande l'arrêté du 15 septembre 2006 modifié par l'arrêté du 8 février 2012.  Le coût de l'abonnement électrique n'apparait pas sur les factures fournies, il est intégré au montant global des consommations.  L'année exacte de construction du magasin ne nous pas été fournie. Compte-tenu de la typologie du bâtiment, elle a été estimée à 2000.",17,392.74,F,12.79,C,4,Commerce,1,3,2000,0.00,0.00,35,CHANTEPIE,35,,2728 - FONCIERE 1 - CHANTEPIE,\N,KIABI,Sans objet,Sans objet,Sans objet,35135,35055,35055,Sans objet,\N,\N,\N,0,\N,0.00,2183.64,0.00,0,0,0,0,0,0,0.00,\N,0,0,0.00,0.00,0.00,0.00,0.00,0.00,1,DEKRA CERTIFICATION,"5, avenue Garlande 92220 BAGNEUX",0,0,2013-11-05 13:40:58,,,0,,,,,,V8,1,6.3c bis,Pour  les  autres  bâtiments  non  mentionnés  dans  les  deux  précédents  cas : Consommation par Energie,8_V8_DPE_6.3c_bis.pdf,0,Vente,Vente,1,TR002_004,Bâtiments ou partie de bâtiment à usage principal autre que d'habitation,Non résidentiel,0,5,0,TR012_001,1ère Catégorie,1er Groupe,0,TR013_003,"M : Magasins de vente, centres commerciaux",1,0,Établissements installés dans un bâtiment,35,35 - Ile et Vilaine,2,1,0,400,5300,53000,79,400.00,,5,-5,418.70,32.90,51.80,66.90,90.00,28.00,41.00,H2,8.08,12.00,33300,3.40,Ea,2,4,1.50,2
407845,1335V4000114G,7070,3,4,Méthode Facture,,\N,\N,2013-11-07,2013-11-07,2011-09-15,,,188.00,C,21.00,C,4,"Bureau, Administration, Enseignement",\N,\N,1,220.00,220.00,35,ORGÈRES,,,1 Rue du Wagon,,,,,,35230,35032,35032,Non communiqué,,\N,\N,1,,200.00,100.00,0.00,0,0,1,0,0,0,0.00,\N,0,0,0.00,0.00,0.00,0.00,0.00,0.00,1,Icert,Parc Edonia - Bâtiment G Rue de la Terre Victoria 35760 SAINT GREGOIRE (détail sur www.cofrac.fr programme n°4-4-11),0,0,2013-11-07 17:14:18,-1.621553,47.991932,0.5,housenumber,1 Rue du Trégor 35230 Bourgbarré,35032_0158_00001,1 RUE DU TREGOR,,V4,1,6.3a bis,"Pour  les  bâtiments  à  usage  principal  de  bureau,  d’administration  ou  d’enseignement : Consommation par Energie",4_V4_DPE_6.3a_bis.pdf,0,Vente,Vente,1,TR002_004,Bâtiments ou partie de bâtiment à usage principal autre que d'habitation,Non résidentiel,0,5,0,,,,,,,,,,35,35 - Ile et Vilaine,2,1,0,400,5300,53000,79,400.00,,5,-5,418.70,32.90,51.80,66.90,90.00,28.00,41.00,H2,8.08,12.00,33300,3.40,Ea,2,4,1.50,2
416459,1335V8000165Q,3139,5,8,FACTURE,VERSION_2012,\N,\N,2013-11-12,2013-11-12,2011-08-15,\N,,187.35,D,6.09,B,4,\N,\N,\N,2001,448.80,448.80,35,RENNES,,\N,167 RUE DE LORIENT,\N,\N,\N,\N,\N,35000,35238,35238,,\N,\N,0,0,\N,0.00,408.00,0.00,0,0,1,0,0,0,0.00,\N,0,0,0.00,0.00,0.00,0.00,0.00,0.00,1,ICERT,n/c,0,0,2013-11-12 13:22:28,-1.732805,48.10571,0.98,interpolation,167 Rue de Lorient 35000 Rennes,,165 RUE DE LORIENT,,V8,1,6.3c bis,Pour  les  autres  bâtiments  non  mentionnés  dans  les  deux  précédents  cas : Consommation par Energie,8_V8_DPE_6.3c_bis.pdf,0,Vente,Vente,1,TR002_004,Bâtiments ou partie de bâtiment à usage principal autre que d'habitation,Non résidentiel,0,5,0,,,,,,,,,,35,35 - Ile et Vilaine,2,1,0,400,5300,53000,79,400.00,,5,-5,418.70,32.90,51.80,66.90,90.00,28.00,41.00,H2,8.08,12.00,33300,3.40,Ea,2,4,1.50,2
419514,1335V4000119L,2211,3,4,Méthode Facture,,\N,\N,2013-11-08,2013-11-13,2011-09-15,,,0.00,N,0.00,N,4,"Bureau, Administration, Enseignement",\N,\N,1,715.00,715.00,35,SAINT-GRÉGOIRE,,,Espace Performance - BAT O,,,,,,35760,35189,35189,,,\N,\N,2,Cellule droite,650.00,100.00,0.00,0,0,1,0,0,0,0.00,\N,0,0,0.00,0.00,0.00,0.00,0.00,0.00,1,ICERT,Parc Edonia - Bâtiment G Rue de la Terre Victoria 35760 SAINT GREGOIRE (détail sur www.cofrac.fr programme n°4-4-11),1,0,2013-11-13 10:12:04,,,0,,,,,,V4,1,6.3a bis,"Pour  les  bâtiments  à  usage  principal  de  bureau,  d’administration  ou  d’enseignement : Consommation par Energie",4_V4_DPE_6.3a_bis.pdf,0,Vente,Vente,1,TR002_004,Bâtiments ou partie de bâtiment à usage principal autre que d'habitation,Non résidentiel,0,5,0,,,,,,,,,,35,35 - Ile et Vilaine,2,1,0,400,5300,53000,79,400.00,,5,-5,418.70,32.90,51.80,66.90,90.00,28.00,41.00,H2,8.08,12.00,33300,3.40,Ea,2,4,1.50,2
420936,1335P2000007@,2211,3,15,Méthode Facture,,15 Août 2011,15 Août 2011,2013-11-12,2013-11-13,2011-09-15,,,104.00,N,3.00,N,4,"Bureau, Administration, Enseignement",\N,\N,1,1304.00,1304.00,35,CHARTRES-DE-BRETAGNE,,,"10, Rue Léo LAGRANGE",,,,,,35131,35066,35066,,,\N,\N,1,,1304.00,100.00,0.00,0,0,3,0,0,0,0.00,\N,0,0,0.00,0.00,0.00,0.00,0.00,0.00,1,ICERT,Parc Edonia - Bâtiment G Rue de la Terre Victoria 35760 SAINT GREGOIRE (détail sur www.cofrac.fr programme n°4-4-11),0,0,2013-11-13 15:51:59,-1.692453,48.038409,0.96,housenumber,10 Rue Léo Lagrange 35131 Chartres-de-Bretagne,35066_0238_00010,10 RUE LEO LAGRANGE,,P2,2,6.1 bis public,"Pour les bâtiments à usage principal de bureau, d’administration ou d’enseignement : Consommation par Energie",15_P2_DPE_6.1_public_bis.pdf,0,Public,Bâtiment public,5,TR002_004,Bâtiments ou partie de bâtiment à usage principal autre que d'habitation,Non résidentiel,0,5,0,,,,,,,,,,35,35 - Ile et Vilaine,2,1,0,400,5300,53000,79,400.00,,5,-5,418.70,32.90,51.80,66.90,90.00,28.00,41.00,H2,8.08,12.00,33300,3.40,Ea,2,4,1.50,2
425518,1335V4000121E,7070,3,4,Méthode Facture,,\N,\N,2013-11-14,2013-11-14,2011-09-15,,,162.00,C,5.00,A,4,"Bureau, Administration, Enseignement",\N,\N,1,94.49,94.49,35,SAINT-GRÉGOIRE,,,Parc Edonia BAT P rue de la Terre Adelie,,,Etage RDC Gauche,,,35760,35189,35189,3,,\N,\N,2,Partie du rez de chaussée,85.90,100.00,0.00,0,0,1,0,0,0,0.00,\N,0,0,0.00,0.00,0.00,0.00,0.00,0.00,1,Icert,Parc Edonia - Bâtiment G Rue de la Terre Victoria 35760 SAINT GREGOIRE (détail sur www.cofrac.fr programme n°4-4-11),0,0,2013-11-14 16:37:22,,,0,,,,,,V4,1,6.3a bis,"Pour  les  bâtiments  à  usage  principal  de  bureau,  d’administration  ou  d’enseignement : Consommation par Energie",4_V4_DPE_6.3a_bis.pdf,0,Vente,Vente,1,TR002_004,Bâtiments ou partie de bâtiment à usage principal autre que d'habitation,Non résidentiel,0,5,0,,,,,,,,,,35,35 - Ile et Vilaine,2,1,0,400,5300,53000,79,400.00,,5,-5,418.70,32.90,51.80,66.90,90.00,28.00,41.00,H2,8.08,12.00,33300,3.40,Ea,2,4,1.50,2
426053,1335V8000167S,2128,2,8,3CL - DPE,V2012,\N,\N,2013-11-14,2013-11-14,2011-08-15,Bâtiment vacant lors de la visite. Le propiétaire ou le donneur d'ordre n'ont pas été en mesure de nous fournir de données factures indipensables pour l'établissement d'étiquettes énergétiques.,17,0.00,N,0.00,N,4,Bureaux,\N,\N,1988,0.00,0.00,35,CESSON-SÉVIGNÉ,10,,15 RUE DE L'ERBONIERE,\N,,,,,35510,35051,35051,,\N,\N,\N,0,\N,0.00,540.91,0.00,0,0,0,0,0,0,0.00,\N,0,0,0.00,0.00,0.00,0.00,0.00,0.00,1,DEKRA CERTIFICATION,"5, avenue Garlande 92220 BAGNEUX",1,0,2013-11-14 17:46:56,-1.625321,48.103734,0.96,housenumber,15 Rue de l'Erbonière 35510 Cesson-Sévigné,35051_0211_00015,15 RUE DE L ERBONIERE,,V8,1,6.3c bis,Pour  les  autres  bâtiments  non  mentionnés  dans  les  deux  précédents  cas : Consommation par Energie,8_V8_DPE_6.3c_bis.pdf,0,Vente,Vente,1,TR002_004,Bâtiments ou partie de bâtiment à usage principal autre que d'habitation,Non résidentiel,0,5,0,,,,,,,,,,35,35 - Ile et Vilaine,2,1,0,400,5300,53000,79,400.00,,5,-5,418.70,32.90,51.80,66.90,90.00,28.00,41.00,H2,8.08,12.00,33300,3.40,Ea,2,4,1.50,2
426099,1335V8000169U,7070,3,8,Méthode Facture,,\N,\N,2013-11-06,2013-11-06,2011-09-15,,,145.00,C,33.00,D,4,"Autres (théâtres, salles de sport, restaurati",\N,\N,1,67.32,67.32,35,ORGÈRES,,,1 Rue du Wagon,,,,,,35230,35032,35032,,,\N,\N,1,,61.20,100.00,0.00,0,0,1,0,0,0,0.00,\N,0,0,0.00,0.00,0.00,0.00,0.00,0.00,1,Icert,Parc Edonia - Bâtiment G Rue de la Terre Victoria 35760 SAINT GREGOIRE (détail sur www.cofrac.fr programme n°4-4-11),0,0,2013-11-14 17:51:06,-1.621553,47.991932,0.5,housenumber,1 Rue du Trégor 35230 Bourgbarré,35032_0158_00001,1 RUE DU TREGOR,,V8,1,6.3c bis,Pour  les  autres  bâtiments  non  mentionnés  dans  les  deux  précédents  cas : Consommation par Energie,8_V8_DPE_6.3c_bis.pdf,0,Vente,Vente,1,TR002_004,Bâtiments ou partie de bâtiment à usage principal autre que d'habitation,Non résidentiel,0,5,0,,,,,,,,,,35,35 - Ile et Vilaine,2,1,0,400,5300,53000,79,400.00,,5,-5,418.70,32.90,51.80,66.90,90.00,28.00,41.00,H2,8.08,12.00,33300,3.40,Ea,2,4,1.50,2
426271,1335V4000122F,7070,3,4,Méthode Facture,,\N,\N,2013-11-06,2013-11-06,2011-09-15,,,485.00,E,15.00,B,4,"Bureau, Administration, Enseignement",\N,\N,1,79.59,79.59,35,ORGÈRES,,,1 Rue du Wagon,,,,,,35230,35032,35032,,,\N,\N,1,,72.35,100.00,0.00,0,0,1,0,0,0,0.00,\N,0,0,0.00,0.00,0.00,0.00,0.00,0.00,1,Icert,Parc Edonia - Bâtiment G Rue de la Terre Victoria 35760 SAINT GREGOIRE (détail sur www.cofrac.fr programme n°4-4-11),0,0,2013-11-14 18:20:24,-1.621553,47.991932,0.5,housenumber,1 Rue du Trégor 35230 Bourgbarré,35032_0158_00001,1 RUE DU TREGOR,,V4,1,6.3a bis,"Pour  les  bâtiments  à  usage  principal  de  bureau,  d’administration  ou  d’enseignement : Consommation par Energie",4_V4_DPE_6.3a_bis.pdf,0,Vente,Vente,1,TR002_004,Bâtiments ou partie de bâtiment à usage principal autre que d'habitation,Non résidentiel,0,5,0,,,,,,,,,,35,35 - Ile et Vilaine,2,1,0,400,5300,53000,79,400.00,,5,-5,418.70,32.90,51.80,66.90,90.00,28.00,41.00,H2,8.08,12.00,33300,3.40,Ea,2,4,1.50,2
427112,1335C1000020Y,2439,13,20,FACTURE SEULE,V2012,\N,\N,2013-11-13,2013-11-13,2011-08-15,\N,\N,2107.74,G,68.62,F,5,\N,\N,\N,1969,74.00,74.00,35,RENNES,,,SUNSET CAFE 22 RUE ST MICHEL,,\N,\N,\N,\N,35000,35238,35238,\N,\N,\N,\N,1,\N,0.00,0.00,0.00,0,0,0,0,0,0,0.00,\N,0,0,0.00,0.00,0.00,0.00,0.00,0.00,1,ICERT,PARC EDONIA BAT G 35 760 ST GREGOIRE,0,0,2013-11-15 04:45:33,-1.681249,48.114281,0.48,housenumber,22 Rue Saint-Michel 35000 Rennes,35238_8790_00022,22 RUE SAINT MICHEL,,C1,5,Par usage,Pour les centres commerciaux,20_C1_DPE_6.a.pdf,0,Centre commercial,Centre commercial,4,TR002_005,Centre Commerciaux,Centres commerciaux,0,4,0,,,,,,,,,,35,35 - Ile et Vilaine,2,1,0,400,5300,53000,79,400.00,,5,-5,418.70,32.90,51.80,66.90,90.00,28.00,41.00,H2,8.08,12.00,33300,3.40,Ea,2,4,1.50,2
429027,1335C1000021@,9445,3,20,Méthode Facture,,\N,\N,2013-11-15,2013-11-15,2011-09-15,,,293.00,E,9.00,A,5,Centres Commerciaux,\N,\N,1,13.67,13.67,35,Noyal-Châtillon-sur-Seiche,,,"20, rue Louis Delourmel",,,,,,35230,35032,35032,NC,,,100,2,,12.43,100.00,0.00,0,0,1,0,0,0,0.00,\N,0,0,0.00,0.00,2.00,12.43,12.43,10.00,1,ICERT,Parc Edonia - Bâtiment G Rue de la Terre Victoria 35760 SAINT GREGOIRE (détail sur www.cofrac.fr programme n°4-4-11),0,0,2013-11-15 13:46:17,-1.62331,47.990353,0.36,housenumber,20 Rue de la Fretais 35230 Bourgbarré,35032_0086_00020,20 RUE DE LA FRETAIS,,C1,5,Par usage,Pour les centres commerciaux,20_C1_DPE_6.a.pdf,0,Centre commercial,Centre commercial,4,TR002_005,Centre Commerciaux,Centres commerciaux,0,4,0,,,,,,,,,,35,35 - Ile et Vilaine,2,1,0,400,5300,53000,79,400.00,,5,-5,418.70,32.90,51.80,66.90,90.00,28.00,41.00,H2,8.08,12.00,33300,3.40,Ea,2,4,1.50,2
433757,1335V8000172O,2211,3,8,Méthode Facture,,\N,\N,2013-11-14,2013-11-18,2011-09-15,,,209.00,D,6.00,B,4,"Autres (théâtres, salles de sport, restaurati",\N,\N,1947,89.76,89.76,35,PACÉ,,,1 Rue Allory,,,,,,35740,35210,35210,Cellule DECORS DE L'HABITAT,,\N,\N,2,Cellule DECORS,81.60,100.00,0.00,0,0,1,0,0,0,0.00,\N,0,0,0.00,0.00,0.00,81.60,81.60,0.00,1,ICERT,Parc Edonia - Bâtiment G Rue de la Terre Victoria 35760 SAINT GREGOIRE (détail sur www.cofrac.fr programme n°4-4-11),0,0,2013-11-18 11:09:03,-1.765483,48.146496,0.96,housenumber,1 Rue Allory 35740 Pacé,35210_0015_00001,1 RUE ALLORY,,V8,1,6.3c bis,Pour  les  autres  bâtiments  non  mentionnés  dans  les  deux  précédents  cas : Consommation par Energie,8_V8_DPE_6.3c_bis.pdf,0,Vente,Vente,1,TR002_004,Bâtiments ou partie de bâtiment à usage principal autre que d'habitation,Non résidentiel,0,5,0,,,,,,,,,,35,35 - Ile et Vilaine,2,1,0,400,5300,53000,79,400.00,,5,-5,418.70,32.90,51.80,66.90,90.00,28.00,41.00,H2,8.08,12.00,33300,3.40,Ea,2,4,1.50,2
433761,1335V8000173P,2211,3,8,Méthode Facture,,\N,\N,2013-11-15,2013-11-18,2011-09-15,,,123.00,C,4.00,B,4,"Autres (théâtres, salles de sport, restaurati",\N,\N,1,117.39,117.39,35,PACÉ,,,1 Rue Allory,,,,,,35740,35210,35210,CelluleFERRAND,,\N,\N,2,cellule FERRAND,106.72,100.00,0.00,0,0,1,0,0,0,0.00,\N,0,0,0.00,0.00,0.00,0.00,0.00,0.00,1,ICERT,Parc Edonia - Bâtiment G Rue de la Terre Victoria 35760 SAINT GREGOIRE (détail sur www.cofrac.fr programme n°4-4-11),0,0,2013-11-18 11:10:17,-1.765483,48.146496,0.96,housenumber,1 Rue Allory 35740 Pacé,35210_0015_00001,1 RUE ALLORY,,V8,1,6.3c bis,Pour  les  autres  bâtiments  non  mentionnés  dans  les  deux  précédents  cas : Consommation par Energie,8_V8_DPE_6.3c_bis.pdf,0,Vente,Vente,1,TR002_004,Bâtiments ou partie de bâtiment à usage principal autre que d'habitation,Non résidentiel,0,5,0,,,,,,,,,,35,35 - Ile et Vilaine,2,1,0,400,5300,53000,79,400.00,,5,-5,418.70,32.90,51.80,66.90,90.00,28.00,41.00,H2,8.08,12.00,33300,3.40,Ea,2,4,1.50,2
437615,1335V8000175R,8849,2,8,3CL - DPE,V2012,\N,\N,2013-11-18,2013-11-18,2011-08-15,,\N,0.00,N,0.00,N,4,Commerce,\N,\N,1900,0.00,0.00,35,RENNES,00,\N,"118, bd de Metz",\N,\N,\N,Rez de chaussée,\N,35000,35238,35238,NC,\N,,\N,2,,0.00,0.00,0.00,0,1,0,0,0,0,0.00,\N,0,0,0.00,0.00,0.00,0.00,0.00,0.00,1,"ICERT 116b, rue Eugène Pottier 35000 RENNES",  ,1,0,2013-11-19 09:59:23,-1.662087,48.121215,0.59,housenumber,118 Boulevard de Metz 35700 Rennes,35238_6580_00118,118 BOULEVARD DE METZ,,V8,1,6.3c bis,Pour  les  autres  bâtiments  non  mentionnés  dans  les  deux  précédents  cas : Consommation par Energie,8_V8_DPE_6.3c_bis.pdf,0,Vente,Vente,1,TR002_004,Bâtiments ou partie de bâtiment à usage principal autre que d'habitation,Non résidentiel,0,5,0,,,,,,,,,,35,35 - Ile et Vilaine,2,1,0,400,5300,53000,79,400.00,,5,-5,418.70,32.90,51.80,66.90,90.00,28.00,41.00,H2,8.08,12.00,33300,3.40,Ea,2,4,1.50,2
441959,1335V8000176S,8849,2,8,3CL - DPE,V2012,\N,\N,2013-11-19,2013-11-19,2011-08-15,,\N,874.23,G,28.46,D,4,Commerce,\N,\N,1900,0.00,0.00,35,BETTON,30,\N,"2, rue de Rennes",\N,\N,\N,Rez de chaussée,\N,35830,35024,35024,NC,\N,,\N,2,,0.00,0.00,0.00,0,1,0,0,0,0,0.00,\N,0,0,0.00,0.00,0.00,0.00,0.00,0.00,1,"ICERT 116b, rue Eugène Pottier 35000 RENNES",  ,0,0,2013-11-20 08:37:14,-1.636374,48.180613,0.97,housenumber,2 Rue de Rennes 35830 Betton,35024_0115_00002,2 RUE DE RENNES,,V8,1,6.3c bis,Pour  les  autres  bâtiments  non  mentionnés  dans  les  deux  précédents  cas : Consommation par Energie,8_V8_DPE_6.3c_bis.pdf,0,Vente,Vente,1,TR002_004,Bâtiments ou partie de bâtiment à usage principal autre que d'habitation,Non résidentiel,0,5,0,,,,,,,,,,35,35 - Ile et Vilaine,2,1,0,400,5300,53000,79,400.00,,5,-5,418.70,32.90,51.80,66.90,90.00,28.00,41.00,H2,8.08,12.00,33300,3.40,Ea,2,4,1.50,2
443621,1335N2000003T,3925,13,12,FACTURE SEULE,V2012,\N,\N,2013-11-14,2013-11-14,2011-08-15,\N,\N,184.12,D,5.81,B,4,\N,\N,\N,2013,277.96,277.96,35,FOUGERES,,Route,de Saint James,35,\N,\N,\N,\N,35133,35150,35150,\N,\N,\N,\N,1,\N,0.00,0.00,0.00,0,0,0,0,0,0,0.00,\N,0,0,0.00,0.00,0.00,0.00,0.00,0.00,1,Icert,0,0,0,2013-11-20 15:37:13,-1.222434,48.362086,0.32,housenumber,35 Rue de la Butte 35133 Lécousse,35150_0027_00035,35 RUE DE LA BUTTE,,N2,3,6.2 neuf,Pour  les  bâtiments  à  usage  autre  que  d’habitation,12_N2_DPE_6.2_neuf.pdf,0,Neuf,Neuf,3,TR002_004,Bâtiments ou partie de bâtiment à usage principal autre que d'habitation,Non résidentiel,0,5,0,,,,,,,,,,35,35 - Ile et Vilaine,2,1,0,400,5300,53000,79,400.00,,5,-5,418.70,32.90,51.80,66.90,90.00,28.00,41.00,H2,8.08,12.00,33300,3.40,Ea,2,4,1.50,2
443883,1335V8000178U,9347,2,8,3CL - DPE,V2012,\N,\N,2013-11-20,2013-11-21,2011-08-15,La surface habitable indiquée ci-dessus ne répond pas aux critères de réalisation d'un certificat Loi Boutin sur Carrez et ne peut donc pas être utilisée en tant que tel. (ex : reporter cette surface sur le bail).,17,300.92,E,9.80,B,4,Autres,\N,4,1985,0.00,0.00,35,PONT-REAN,70,Rue,Marcel Greff,\N,,,,,35170,35047,35047,,\N,\N,\N,0,\N,0.00,0.00,0.00,0,0,0,0,0,0,0.00,\N,0,0,0.00,0.00,0.00,0.00,0.00,0.00,1,ICERT,Parc EDONIA - Bât. A  Rue de la Terre Victoria 35760 SAINT-GRÉGOIRE,0,0,2013-11-20 16:07:52,-1.758311,48.021769,0.43,street,Rue Marcel Chevillon 35170 Bruz,35047_0518,RUE MARCEL CHEVILLON,,V8,1,6.3c bis,Pour  les  autres  bâtiments  non  mentionnés  dans  les  deux  précédents  cas : Consommation par Energie,8_V8_DPE_6.3c_bis.pdf,0,Vente,Vente,1,TR002_004,Bâtiments ou partie de bâtiment à usage principal autre que d'habitation,Non résidentiel,0,5,0,,,,,TR013_004,N : Restaurants et débits de boisson,1,0,Établissements installés dans un bâtiment,35,35 - Ile et Vilaine,2,1,0,400,5300,53000,79,400.00,,5,-5,418.70,32.90,51.80,66.90,90.00,28.00,41.00,H2,8.08,12.00,33300,3.40,Ea,2,4,1.50,2
444000,1335V4000124H,8849,2,4,3CL - DPE,V2012,\N,\N,2013-11-20,2013-11-20,2011-08-15,,\N,181.37,C,5.90,A,4,Bureaux,\N,10,2004,0.00,0.00,35,MELESSE,20,\N,Zone Artisanale de la Métairie,\N,\N,\N,1er étage,\N,35520,35059,35059,NC,\N,,\N,2,,0.00,0.00,0.00,0,1,0,0,0,0,0.00,\N,0,0,0.00,0.00,0.00,0.00,0.00,0.00,1,"ICERT 116b, rue Eugène Pottier 35000 RENNES",  ,0,0,2013-11-20 16:24:50,,,0,,,,,,V4,1,6.3a bis,"Pour  les  bâtiments  à  usage  principal  de  bureau,  d’administration  ou  d’enseignement : Consommation par Energie",4_V4_DPE_6.3a_bis.pdf,0,Vente,Vente,1,TR002_004,Bâtiments ou partie de bâtiment à usage principal autre que d'habitation,Non résidentiel,0,5,0,,,,,TR013_010,U : Établissements de soins,1,0,Établissements installés dans un bâtiment,35,35 - Ile et Vilaine,2,1,0,400,5300,53000,79,400.00,,5,-5,418.70,32.90,51.80,66.90,90.00,28.00,41.00,H2,8.08,12.00,33300,3.40,Ea,2,4,1.50,2
456931,1335V4000126J,8692,5,4,FACTURE,VERSION_2012,\N,\N,2013-11-21,2013-11-24,2011-08-15,\N,,446.72,E,14.54,B,4,\N,5,3,1990,106.59,106.59,35,RENNES,,\N,28 Bd Oscard leroux,\N,\N,\N,\N,\N,35000,35238,35238,,\N,\N,0,0,\N,0.00,96.90,0.00,0,0,1,0,0,0,0.00,\N,0,0,0.00,0.00,0.00,0.00,0.00,0.00,1,ICERT,116 b rue Eugène pottier 35000 RENNES,0,0,2013-11-24 22:50:07,-1.665634,48.091068,0.63,housenumber,28 Boulevard Oscar Leroux 35200 Rennes,35238_7001_00028,28 BOULEVARD OSCAR LEROUX,,V4,1,6.3a bis,"Pour  les  bâtiments  à  usage  principal  de  bureau,  d’administration  ou  d’enseignement : Consommation par Energie",4_V4_DPE_6.3a_bis.pdf,0,Vente,Vente,1,TR002_004,Bâtiments ou partie de bâtiment à usage principal autre que d'habitation,Non résidentiel,0,5,0,TR012_005,5ème Catégorie,2ème Groupe,0,TR013_003,"M : Magasins de vente, centres commerciaux",1,0,Établissements installés dans un bâtiment,35,35 - Ile et Vilaine,2,1,0,400,5300,53000,79,400.00,,5,-5,418.70,32.90,51.80,66.90,90.00,28.00,41.00,H2,8.08,12.00,33300,3.40,Ea,2,4,1.50,2
456955,1335V4000127K,8692,5,4,FACTURE,VERSION_2012,\N,\N,2013-11-21,2013-11-24,2011-08-15,\N,,146.34,C,4.76,A,4,\N,5,3,1900,396.77,396.77,35,RENNES,,\N,3 rue de robien,\N,\N,\N,\N,\N,35000,35238,35238,,\N,\N,0,0,\N,0.00,360.70,0.00,0,0,1,0,0,0,0.00,\N,0,0,0.00,0.00,0.00,0.00,0.00,0.00,1,ICERT,116 b rue Eugène pottier 35000 RENNES,0,0,2013-11-24 23:45:43,-1.677842,48.115909,0.97,housenumber,3 Rue de Robien 35000 Rennes,35238_8390_00003,3 RUE DE ROBIEN,,V4,1,6.3a bis,"Pour  les  bâtiments  à  usage  principal  de  bureau,  d’administration  ou  d’enseignement : Consommation par Energie",4_V4_DPE_6.3a_bis.pdf,0,Vente,Vente,1,TR002_004,Bâtiments ou partie de bâtiment à usage principal autre que d'habitation,Non résidentiel,0,5,0,TR012_005,5ème Catégorie,2ème Groupe,0,TR013_003,"M : Magasins de vente, centres commerciaux",1,0,Établissements installés dans un bâtiment,35,35 - Ile et Vilaine,2,1,0,400,5300,53000,79,400.00,,5,-5,418.70,32.90,51.80,66.90,90.00,28.00,41.00,H2,8.08,12.00,33300,3.40,Ea,2,4,1.50,2
459474,1335V8000184R,7128,5,8,FACTURE,VERSION_2012,\N,\N,2013-11-22,2013-11-25,2011-08-15,\N,,105.78,C,31.73,D,4,\N,5,3,1970,330.00,330.00,35,RENNES,,\N,"135, rue Saint Hélier (   Graphie Colors)",\N,\N,\N,\N,\N,35000,35238,35238,,\N,\N,\N,0,\N,0.00,330.00,0.00,0,0,1,0,0,0,0.00,\N,0,0,0.00,0.00,0.00,0.00,0.00,0.00,1,SGS ICS,"29, avenue Aristide Briand. 94211. ARCUEIL Cedex",0,0,2013-11-25 15:27:01,-1.660828,48.102632,0.98,housenumber,135 Rue Saint-Hélier 35000 Rennes,35238_8670_00135,135 RUE SAINT HELIER,,V8,1,6.3c bis,Pour  les  autres  bâtiments  non  mentionnés  dans  les  deux  précédents  cas : Consommation par Energie,8_V8_DPE_6.3c_bis.pdf,0,Vente,Vente,1,TR002_004,Bâtiments ou partie de bâtiment à usage principal autre que d'habitation,Non résidentiel,0,5,0,TR012_005,5ème Catégorie,2ème Groupe,0,TR013_003,"M : Magasins de vente, centres commerciaux",1,0,Établissements installés dans un bâtiment,35,35 - Ile et Vilaine,2,1,0,400,5300,53000,79,400.00,,5,-5,418.70,32.90,51.80,66.90,90.00,28.00,41.00,H2,8.08,12.00,33300,3.40,Ea,2,4,1.50,2
461768,1335V4000129M,3139,5,4,FACTURE,VERSION_2012,\N,\N,2013-11-25,2013-11-26,2011-08-15,\N,,0.00,A,0.00,A,4,\N,\N,\N,2002,82.50,82.50,35,RENNES,,\N,2 B RUE PATIS TATELIN,\N,\N,\N,\N,\N,35700,35238,35238,,\N,\N,0,0,\N,0.00,75.00,0.00,0,0,1,0,0,0,0.00,\N,0,0,0.00,0.00,0.00,0.00,0.00,0.00,1,ICERT,n/c,0,0,2013-11-26 08:36:19,-1.641941,48.130233,0.75,housenumber,2b Rue du Pâtis Tatelin 35700 Rennes,35238_7141_00002_b,2B RUE DU PATIS TATELIN,,V4,1,6.3a bis,"Pour  les  bâtiments  à  usage  principal  de  bureau,  d’administration  ou  d’enseignement : Consommation par Energie",4_V4_DPE_6.3a_bis.pdf,0,Vente,Vente,1,TR002_004,Bâtiments ou partie de bâtiment à usage principal autre que d'habitation,Non résidentiel,0,5,0,,,,,,,,,,35,35 - Ile et Vilaine,2,1,0,400,5300,53000,79,400.00,,5,-5,418.70,32.90,51.80,66.90,90.00,28.00,41.00,H2,8.08,12.00,33300,3.40,Ea,2,4,1.50,2
462858,1335V8000186T,3139,5,8,FACTURE,VERSION_2012,\N,\N,2013-11-26,2013-11-26,2011-08-15,\N,,38.41,B,1.25,A,4,\N,\N,\N,1980,9350.00,9350.00,35,VEZIN-LE-COQUET,,\N,ZA LA VALLEE,\N,\N,\N,\N,\N,35132,35353,35353,,\N,\N,0,0,\N,0.00,8500.00,0.00,0,0,1,0,0,0,0.00,\N,0,0,0.00,0.00,0.00,0.00,0.00,0.00,1,ICERT,n/c,0,0,2013-11-26 12:09:49,-1.772479,48.121407,0.7,street,la Vallée 35132 Vezin-le-Coquet,35353_n30oj5,LA VALLEE,,V8,1,6.3c bis,Pour  les  autres  bâtiments  non  mentionnés  dans  les  deux  précédents  cas : Consommation par Energie,8_V8_DPE_6.3c_bis.pdf,0,Vente,Vente,1,TR002_004,Bâtiments ou partie de bâtiment à usage principal autre que d'habitation,Non résidentiel,0,5,0,,,,,,,,,,35,35 - Ile et Vilaine,2,1,0,400,5300,53000,79,400.00,,5,-5,418.70,32.90,51.80,66.90,90.00,28.00,41.00,H2,8.08,12.00,33300,3.40,Ea,2,4,1.50,2
463571,1335N1001908H,1326,10,11,FACTURE - DPE,V2012,Th-CE 2005,,2013-11-26,2013-11-26,2011-08-15,Le DPE a été établi en fonction de la note de calcul thermique RT2005 du BE FLUELEC du 06/06/2013. N° affaire SOCOTEC : DAT2487/4,,78.02,B,1.98,A,4,bureaux,\N,\N,2013,\N,\N,35,CESSON-SEVIGNE,00,,ENERGIES - BATIMENT B,,,,,,35510,35051,35051,,,,,\N,,\N,\N,\N,\N,\N,\N,\N,\N,\N,\N,,\N,\N,\N,\N,\N,\N,\N,\N,1,SOCOTEC CERTIFICATION,89/93 Avenue Paul Vaillant Couturier 94250 Gentilly,0,0,2013-11-26 15:19:35,,,0,,,,,,N1,3,6.1 neuf,Pour  les  bâtiments  neufs  à  usage  principal  d’habitation,11_N1_DPE_6.1_neuf.pdf,0,Neuf,Neuf,3,TR002_004,Bâtiments ou partie de bâtiment à usage principal autre que d'habitation,Non résidentiel,0,5,0,,,,,,,,,,35,35 - Ile et Vilaine,2,1,0,400,5300,53000,79,400.00,,5,-5,418.70,32.90,51.80,66.90,90.00,28.00,41.00,H2,8.08,12.00,33300,3.40,Ea,2,4,1.50,2
467573,1335V4000132G,8776,10,4,FACTURE - DPE,V2012,\N,\N,2013-11-26,2013-11-26,2011-08-15,,,0.00,N,0.00,N,4,administration,\N,\N,1974,585.00,585.00,35,RENNES,00,rue,Dupont des loges,62,,,,,35000,35238,35238,,,,,\N,,\N,\N,\N,\N,\N,\N,\N,\N,\N,\N,,\N,\N,\N,\N,\N,\N,\N,\N,1,SOCOTEC Certification,89-93 avenue Paul Vaillant Couturier 94250 GENTILLY,1,0,2013-11-27 15:14:37,-1.667465,48.108091,0.98,housenumber,62 Rue Dupont des Loges 35000 Rennes,35238_2700_00062,62 RUE DUPONT DES LOGES,,V4,1,6.3a bis,"Pour  les  bâtiments  à  usage  principal  de  bureau,  d’administration  ou  d’enseignement : Consommation par Energie",4_V4_DPE_6.3a_bis.pdf,0,Vente,Vente,1,TR002_004,Bâtiments ou partie de bâtiment à usage principal autre que d'habitation,Non résidentiel,0,5,0,,,,,,,,,,35,35 - Ile et Vilaine,2,1,0,400,5300,53000,79,400.00,,5,-5,418.70,32.90,51.80,66.90,90.00,28.00,41.00,H2,8.08,12.00,33300,3.40,Ea,2,4,1.50,2
472277,1335V4000133H,7070,3,4,Méthode Facture,,\N,\N,2013-11-28,2013-11-28,2011-09-15,,,209.00,C,6.00,B,4,"Bureau, Administration, Enseignement",\N,\N,1,116.60,116.60,35,RENNES,,,ZAC Saint Sulpice 16 C rue de Jouanet,,,RDC Droit,,,35000,35238,35238,RDC Droit,,\N,\N,2,Partie du Rez de chaussée,106.00,100.00,0.00,0,0,1,0,0,0,0.00,\N,0,0,0.00,0.00,0.00,0.00,0.00,0.00,1,Icert,Parc Edonia - Bâtiment G Rue de la Terre Victoria 35760 SAINT GREGOIRE (détail sur www.cofrac.fr programme n°4-4-11),0,0,2013-11-28 16:42:47,-1.637254,48.134385,0.46,housenumber,16c Rue de Jouanet 35700 Rennes,35238_5065_00016_c,16C RUE DE JOUANET,,V4,1,6.3a bis,"Pour  les  bâtiments  à  usage  principal  de  bureau,  d’administration  ou  d’enseignement : Consommation par Energie",4_V4_DPE_6.3a_bis.pdf,0,Vente,Vente,1,TR002_004,Bâtiments ou partie de bâtiment à usage principal autre que d'habitation,Non résidentiel,0,5,0,,,,,,,,,,35,35 - Ile et Vilaine,2,1,0,400,5300,53000,79,400.00,,5,-5,418.70,32.90,51.80,66.90,90.00,28.00,41.00,H2,8.08,12.00,33300,3.40,Ea,2,4,1.50,2
472327,1335V4000134I,7070,3,4,Méthode Facture,,\N,\N,2013-11-28,2013-11-28,2011-09-15,,,343.00,D,11.00,B,4,"Bureau, Administration, Enseignement",\N,\N,1,473.00,473.00,35,RENNES,,,ZAC Saint Sulpice 16 C rue de Jouanet,,,Etage 1,,,35000,35238,35238,Etage 1,,\N,\N,2,1 étage,430.00,100.00,0.00,0,0,1,0,0,0,0.00,\N,0,0,0.00,0.00,0.00,0.00,0.00,0.00,1,Icert,Parc Edonia - Bâtiment G Rue de la Terre Victoria 35760 SAINT GREGOIRE (détail sur www.cofrac.fr programme n°4-4-11),0,0,2013-11-28 16:50:29,-1.637254,48.134385,0.46,housenumber,16c Rue de Jouanet 35700 Rennes,35238_5065_00016_c,16C RUE DE JOUANET,,V4,1,6.3a bis,"Pour  les  bâtiments  à  usage  principal  de  bureau,  d’administration  ou  d’enseignement : Consommation par Energie",4_V4_DPE_6.3a_bis.pdf,0,Vente,Vente,1,TR002_004,Bâtiments ou partie de bâtiment à usage principal autre que d'habitation,Non résidentiel,0,5,0,,,,,,,,,,35,35 - Ile et Vilaine,2,1,0,400,5300,53000,79,400.00,,5,-5,418.70,32.90,51.80,66.90,90.00,28.00,41.00,H2,8.08,12.00,33300,3.40,Ea,2,4,1.50,2
472910,1335XX000005Y,9347,2,24,3CL - DPE,V2012,\N,\N,2013-11-28,2013-11-29,2011-08-15,La surface habitable indiquée ci-dessus ne répond pas aux critères de réalisation d'un certificat Loi Boutin sur Carrez et ne peut donc pas être utilisée en tant que tel. (ex : reporter cette surface sur le bail). Cette surface nous a été fournie sur plan (JP. MEIGNAN ARCHITECTE - plateau 31),17,243.71,D,7.93,B,4,Autres,\N,12,2001,0.00,0.00,35,RENNES,00,Route,de Lorient,167,,,,,35000,35238,35238,,\N,\N,\N,0,\N,0.00,0.00,0.00,0,0,0,0,0,0,0.00,\N,0,0,0.00,0.00,0.00,0.00,0.00,0.00,1,ICERT,Parc EDONIA - Bât. A  Rue de la Terre Victoria 35760 SAINT-GRÉGOIRE,0,0,2013-11-28 18:12:47,-1.732805,48.10571,0.72,interpolation,167 Rue de Lorient 35000 Rennes,,165 RUE DE LORIENT,,XX,7,,"Autres cas : Demande de subventions, baux commerciaux, ...",,0,Autres,Autres,7,TR002_004,Bâtiments ou partie de bâtiment à usage principal autre que d'habitation,Non résidentiel,0,5,0,,,,,TR013_012,"W : Administrations, banques, bureaux",1,0,Établissements installés dans un bâtiment,35,35 - Ile et Vilaine,2,1,0,400,5300,53000,79,400.00,,5,-5,418.70,32.90,51.80,66.90,90.00,28.00,41.00,H2,8.08,12.00,33300,3.40,Ea,2,4,1.50,2
475220,1335V8000188V,3139,5,8,FACTURE,VERSION_2012,\N,\N,2013-11-29,2013-11-29,2011-08-15,\N,,0.00,A,0.00,A,4,\N,\N,\N,2008,442.20,442.20,35,MELESSE,,\N,ZA LA METAIRIE,\N,\N,\N,\N,\N,35520,35059,35059,,\N,\N,0,0,\N,0.00,402.00,0.00,0,0,1,0,0,0,0.00,\N,0,0,0.00,0.00,0.00,0.00,0.00,0.00,1,ICERT,n/c,0,0,2013-11-29 12:31:18,-1.731658,48.179516,0.58,street,Rue de la Métairie 35520 La Chapelle-des-Fougeretz,35059_0080,RUE DE LA METAIRIE,,V8,1,6.3c bis,Pour  les  autres  bâtiments  non  mentionnés  dans  les  deux  précédents  cas : Consommation par Energie,8_V8_DPE_6.3c_bis.pdf,0,Vente,Vente,1,TR002_004,Bâtiments ou partie de bâtiment à usage principal autre que d'habitation,Non résidentiel,0,5,0,,,,,,,,,,35,35 - Ile et Vilaine,2,1,0,400,5300,53000,79,400.00,,5,-5,418.70,32.90,51.80,66.90,90.00,28.00,41.00,H2,8.08,12.00,33300,3.40,Ea,2,4,1.50,2
476434,1335V8000189W,3139,5,8,FACTURE,VERSION_2012,\N,\N,2013-11-29,2013-11-29,2011-08-15,\N,,0.00,A,0.00,A,4,\N,\N,\N,1950,44.00,44.00,35,RENNES,,\N,43 RUE SAINT HELIER,\N,\N,\N,\N,\N,35000,35238,35238,,\N,\N,0,0,\N,0.00,40.00,0.00,0,0,1,0,0,0,0.00,\N,0,0,0.00,0.00,0.00,0.00,0.00,0.00,1,ICERT,n/c,0,0,2013-11-29 16:30:56,-1.669118,48.10682,0.98,housenumber,43 Rue Saint-Hélier 35000 Rennes,35238_8670_00043,43 RUE SAINT HELIER,,V8,1,6.3c bis,Pour  les  autres  bâtiments  non  mentionnés  dans  les  deux  précédents  cas : Consommation par Energie,8_V8_DPE_6.3c_bis.pdf,0,Vente,Vente,1,TR002_004,Bâtiments ou partie de bâtiment à usage principal autre que d'habitation,Non résidentiel,0,5,0,,,,,,,,,,35,35 - Ile et Vilaine,2,1,0,400,5300,53000,79,400.00,,5,-5,418.70,32.90,51.80,66.90,90.00,28.00,41.00,H2,8.08,12.00,33300,3.40,Ea,2,4,1.50,2
479275,1335V4000136K,3139,5,4,FACTURE,VERSION_2012,\N,\N,2013-12-02,2013-12-02,2011-08-15,\N,,211.52,D,6.88,B,4,\N,\N,\N,1989,242.00,242.00,35,CESSON-SEVIGNE,,\N,18 RUE DE LA RIGOURDIERE - LOT 1,\N,\N,\N,\N,\N,35510,35051,35051,,\N,\N,0,0,\N,0.00,220.00,0.00,0,0,1,0,0,0,0.00,\N,0,0,0.00,0.00,0.00,0.00,0.00,0.00,1,ICERT,n/c,0,0,2013-12-02 10:18:23,-1.588354,48.114106,0.97,housenumber,18 Rue de la Rigourdière 35510 Cesson-Sévigné,35051_0547_00018,18 RUE DE LA RIGOURDIERE,,V4,1,6.3a bis,"Pour  les  bâtiments  à  usage  principal  de  bureau,  d’administration  ou  d’enseignement : Consommation par Energie",4_V4_DPE_6.3a_bis.pdf,0,Vente,Vente,1,TR002_004,Bâtiments ou partie de bâtiment à usage principal autre que d'habitation,Non résidentiel,0,5,0,,,,,,,,,,35,35 - Ile et Vilaine,2,1,0,400,5300,53000,79,400.00,,5,-5,418.70,32.90,51.80,66.90,90.00,28.00,41.00,H2,8.08,12.00,33300,3.40,Ea,2,4,1.50,2
481639,1335V3000030C,2211,3,3,Méthode Facture,,\N,\N,2013-12-02,2013-12-02,2011-09-15,,,190.00,C,6.00,B,4,"Bureau, Administration, Enseignement",\N,\N,1,88.00,88.00,35,SAINT-GRÉGOIRE,,,Rue de la Terre Victoria Parc EDONIA ALPHASIS - BAT C,,,,,,35760,35189,35189,,,\N,\N,2,RDC,80.00,100.00,0.00,0,0,1,0,0,0,0.00,\N,0,0,0.00,0.00,0.00,0.00,0.00,0.00,1,ICERT,Parc Edonia - Bâtiment G Rue de la Terre Victoria 35760 SAINT GREGOIRE (détail sur www.cofrac.fr programme n°4-4-11),0,0,2013-12-02 18:26:21,,,0,,,,,,V3,1,6.3a,"Pour  les  bâtiments  à  usage  principal  de  bureau,  d’administration  ou  d’enseignement : Consommation par Usage",3_V3_DPE_6.3a.pdf,0,Vente,Vente,1,TR002_004,Bâtiments ou partie de bâtiment à usage principal autre que d'habitation,Non résidentiel,0,5,0,,,,,,,,,,35,35 - Ile et Vilaine,2,1,0,400,5300,53000,79,400.00,,5,-5,418.70,32.90,51.80,66.90,90.00,28.00,41.00,H2,8.08,12.00,33300,3.40,Ea,2,4,1.50,2
481654,1335V4000137L,2211,3,4,Méthode Facture,,\N,\N,2013-12-02,2013-12-02,2011-09-15,,,179.00,C,5.00,A,4,"Bureau, Administration, Enseignement",\N,\N,1,88.00,88.00,35,SAINT-GRÉGOIRE,,,Rue de la Terre Victoria Parc EDONIA ALPHASIS - BAT C,,,,,,35760,35189,35189,,,\N,\N,2,R+1,80.00,100.00,0.00,0,0,1,0,0,0,0.00,\N,0,0,0.00,0.00,0.00,0.00,0.00,0.00,1,ICERT,Parc Edonia - Bâtiment G Rue de la Terre Victoria 35760 SAINT GREGOIRE (détail sur www.cofrac.fr programme n°4-4-11),0,0,2013-12-02 18:29:24,,,0,,,,,,V4,1,6.3a bis,"Pour  les  bâtiments  à  usage  principal  de  bureau,  d’administration  ou  d’enseignement : Consommation par Energie",4_V4_DPE_6.3a_bis.pdf,0,Vente,Vente,1,TR002_004,Bâtiments ou partie de bâtiment à usage principal autre que d'habitation,Non résidentiel,0,5,0,,,,,,,,,,35,35 - Ile et Vilaine,2,1,0,400,5300,53000,79,400.00,,5,-5,418.70,32.90,51.80,66.90,90.00,28.00,41.00,H2,8.08,12.00,33300,3.40,Ea,2,4,1.50,2
483116,1335V4000138M,9445,3,4,Méthode Facture,,\N,\N,2013-12-03,2013-12-03,2011-09-15,,,141.00,C,4.00,A,4,"Bureau, Administration, Enseignement",\N,\N,1,44.00,44.00,35,Vern-sur-Seiche,,,"8, rue du Mottais",,,RDC,,,35770,35352,35352,NC,,\N,\N,2,,40.00,100.00,0.00,0,0,1,0,0,0,0.00,\N,0,0,0.00,0.00,6.00,40.00,40.00,20.00,1,ICERT,Parc Edonia - Bâtiment G Rue de la Terre Victoria 35760 SAINT GREGOIRE (détail sur www.cofrac.fr programme n°4-4-11),0,0,2013-12-03 10:46:06,-1.610293,48.061128,0.96,housenumber,8 Rue du Mottais 35770 Vern-sur-Seiche,35352_0211_00008,8 RUE DU MOTTAIS,,V4,1,6.3a bis,"Pour  les  bâtiments  à  usage  principal  de  bureau,  d’administration  ou  d’enseignement : Consommation par Energie",4_V4_DPE_6.3a_bis.pdf,0,Vente,Vente,1,TR002_004,Bâtiments ou partie de bâtiment à usage principal autre que d'habitation,Non résidentiel,0,5,0,,,,,,,,,,35,35 - Ile et Vilaine,2,1,0,400,5300,53000,79,400.00,,5,-5,418.70,32.90,51.80,66.90,90.00,28.00,41.00,H2,8.08,12.00,33300,3.40,Ea,2,4,1.50,2
485283,1335V4000139N,2211,3,4,Méthode Facture,,\N,\N,2013-12-02,2013-12-03,2011-09-15,,,262.00,D,8.00,B,4,"Bureau, Administration, Enseignement",\N,\N,1,82.50,82.50,35,CESSON-SÉVIGNÉ,,,"Espace MONNIAIS 48, Rue de BRAY",,,,,,35510,35051,35051,207,,\N,\N,2,LOT 207,75.00,100.00,0.00,0,0,1,0,0,0,0.00,\N,0,0,0.00,0.00,0.00,0.00,0.00,0.00,1,ICERT,Parc Edonia - Bâtiment G Rue de la Terre Victoria 35760 SAINT GREGOIRE (détail sur www.cofrac.fr programme n°4-4-11),0,0,2013-12-03 17:57:18,-1.610641,48.108235,0.46,housenumber,48 Rue de Bray 35510 Cesson-Sévigné,35051_0078_00048,48 RUE DE BRAY,,V4,1,6.3a bis,"Pour  les  bâtiments  à  usage  principal  de  bureau,  d’administration  ou  d’enseignement : Consommation par Energie",4_V4_DPE_6.3a_bis.pdf,0,Vente,Vente,1,TR002_004,Bâtiments ou partie de bâtiment à usage principal autre que d'habitation,Non résidentiel,0,5,0,,,,,,,,,,35,35 - Ile et Vilaine,2,1,0,400,5300,53000,79,400.00,,5,-5,418.70,32.90,51.80,66.90,90.00,28.00,41.00,H2,8.08,12.00,33300,3.40,Ea,2,4,1.50,2
485691,1335V4000140F,5916,3,4,Méthode Facture,,\N,\N,2013-11-26,2013-11-26,2011-09-15,,,135.00,C,4.00,A,4,"Bureau, Administration, Enseignement",\N,\N,1947,55.00,55.00,35,IRODOUËR,,,9 rue des Cailleuls,,,,,,35850,35120,35120,Non communiqué,,\N,\N,2,,50.00,100.00,0.00,0,0,1,0,0,0,0.00,\N,0,0,6.12,7.17,0.00,37.00,32.00,75.00,1, ICERT 116 b rue Eugene Pottier 35000 Rennes,Parc Edonia - Bâtiment G Rue de la Terre Victoria 35760 SAINT GREGOIRE (détail sur www.cofrac.fr programme n°4-4-11),0,0,2013-12-03 19:21:21,-1.781767,48.22189,0.51,housenumber,9 Rue de Clairville 35850 Gévezé,35120_1255_00009,9 RUE DE CLAIRVILLE,,V4,1,6.3a bis,"Pour  les  bâtiments  à  usage  principal  de  bureau,  d’administration  ou  d’enseignement : Consommation par Energie",4_V4_DPE_6.3a_bis.pdf,0,Vente,Vente,1,TR002_004,Bâtiments ou partie de bâtiment à usage principal autre que d'habitation,Non résidentiel,0,5,0,,,,,,,,,,35,35 - Ile et Vilaine,2,1,0,400,5300,53000,79,400.00,,5,-5,418.70,32.90,51.80,66.90,90.00,28.00,41.00,H2,8.08,12.00,33300,3.40,Ea,2,4,1.50,2
487330,1335V8000194S,8849,2,8,3CL - DPE,V2012,\N,\N,2013-12-04,2013-12-04,2011-08-15,,\N,0.00,N,0.00,N,4,Commerce,\N,\N,1970,0.00,0.00,35,RENNES,00,\N,"39, rue du Puits Mauger",\N,\N,\N,Rez de chaussée,\N,35000,35238,35238,NC,\N,,\N,2,,0.00,0.00,0.00,0,1,0,0,0,0,0.00,\N,0,0,0.00,0.00,0.00,0.00,0.00,0.00,1,"ICERT 116b, rue Eugène Pottier 35000 RENNES",  ,1,0,2013-12-04 11:19:02,-1.683374,48.105513,0.98,housenumber,39 Rue du Puits Mauger 35000 Rennes,35238_8050_00039,39 RUE DU PUITS MAUGER,,V8,1,6.3c bis,Pour  les  autres  bâtiments  non  mentionnés  dans  les  deux  précédents  cas : Consommation par Energie,8_V8_DPE_6.3c_bis.pdf,0,Vente,Vente,1,TR002_004,Bâtiments ou partie de bâtiment à usage principal autre que d'habitation,Non résidentiel,0,5,0,,,,,,,,,,35,35 - Ile et Vilaine,2,1,0,400,5300,53000,79,400.00,,5,-5,418.70,32.90,51.80,66.90,90.00,28.00,41.00,H2,8.08,12.00,33300,3.40,Ea,2,4,1.50,2
487738,1335V8000195T,8849,2,8,3CL - DPE,V2012,\N,\N,2013-12-03,2013-12-03,2011-08-15,,\N,119.62,C,3.89,A,4,Commerce,\N,\N,1900,0.00,0.00,35,GÉVEZÉ,50,\N,"16bis, rue de Dinan",\N,\N,\N,Rez de chaussée,\N,35850,35120,35120,NC,\N,,\N,2,,0.00,0.00,0.00,0,1,0,0,0,0,0.00,\N,0,0,0.00,0.00,0.00,0.00,0.00,0.00,1,"ICERT 116b, rue Eugène Pottier 35000 RENNES",  ,0,0,2013-12-04 13:02:59,-1.791176,48.221347,0.96,interpolation,16 Rue de Dinan 35850 Gévezé,,14 RUE DE DINAN,,V8,1,6.3c bis,Pour  les  autres  bâtiments  non  mentionnés  dans  les  deux  précédents  cas : Consommation par Energie,8_V8_DPE_6.3c_bis.pdf,0,Vente,Vente,1,TR002_004,Bâtiments ou partie de bâtiment à usage principal autre que d'habitation,Non résidentiel,0,5,0,,,,,,,,,,35,35 - Ile et Vilaine,2,1,0,400,5300,53000,79,400.00,,5,-5,418.70,32.90,51.80,66.90,90.00,28.00,41.00,H2,8.08,12.00,33300,3.40,Ea,2,4,1.50,2
492988,1335V4000141G,5058,3,4,Méthode Facture,,\N,\N,2013-11-14,2013-12-05,2011-09-15,,,92.00,B,3.00,A,4,"Bureau, Administration, Enseignement",\N,\N,1,1705.00,1705.00,35,CESSON SEVIGNE,,,17 RUE DE L'ERBONNIERE,,,,,,35510,35051,35051,Sans objet,,\N,\N,1,,1550.00,100.00,0.00,0,0,2,0,0,0,0.00,\N,0,0,0.00,0.00,0.00,0.00,0.00,0.00,1,C147 DELIVRE LE 27/09/2013 QUALIXPERT 17 RUE BORREL 81100 CASTRES,17 rue Borrel 81100 CASTRES (détail sur www.cofrac.fr programme n°4-4-11),0,0,2013-12-05 17:01:21,-1.624335,48.103265,0.92,housenumber,17 Rue de l'Erbonière 35510 Cesson-Sévigné,35051_0211_00017,17 RUE DE L ERBONIERE,,V4,1,6.3a bis,"Pour  les  bâtiments  à  usage  principal  de  bureau,  d’administration  ou  d’enseignement : Consommation par Energie",4_V4_DPE_6.3a_bis.pdf,0,Vente,Vente,1,TR002_004,Bâtiments ou partie de bâtiment à usage principal autre que d'habitation,Non résidentiel,0,5,0,,,,,,,,,,35,35 - Ile et Vilaine,2,1,0,400,5300,53000,79,400.00,,5,-5,418.70,32.90,51.80,66.90,90.00,28.00,41.00,H2,8.08,12.00,33300,3.40,Ea,2,4,1.50,2
493565,1335V4000142H,2211,3,4,Méthode Facture,,\N,\N,2013-12-03,2013-12-05,2011-09-15,,,174.00,C,5.00,A,4,"Bureau, Administration, Enseignement",\N,\N,1,225.79,225.79,35,SAINT-GRÉGOIRE,,,Esapce Performance Bat I,,,Etage 1; Porte droite,,,35760,35189,35189,,,\N,\N,2,R+1 - DROITE,205.26,100.00,0.00,0,0,1,0,0,0,0.00,\N,0,0,0.00,0.00,0.00,0.00,0.00,0.00,1,ICERT,Parc Edonia - Bâtiment G Rue de la Terre Victoria 35760 SAINT GREGOIRE (détail sur www.cofrac.fr programme n°4-4-11),0,0,2013-12-05 18:40:07,,,0,,,,,,V4,1,6.3a bis,"Pour  les  bâtiments  à  usage  principal  de  bureau,  d’administration  ou  d’enseignement : Consommation par Energie",4_V4_DPE_6.3a_bis.pdf,0,Vente,Vente,1,TR002_004,Bâtiments ou partie de bâtiment à usage principal autre que d'habitation,Non résidentiel,0,5,0,,,,,,,,,,35,35 - Ile et Vilaine,2,1,0,400,5300,53000,79,400.00,,5,-5,418.70,32.90,51.80,66.90,90.00,28.00,41.00,H2,8.08,12.00,33300,3.40,Ea,2,4,1.50,2
497194,1335V4000143I,7070,3,4,Méthode Facture,,\N,\N,2013-12-06,2013-12-06,2011-09-15,,,0.00,N,0.00,N,4,"Bureau, Administration, Enseignement",\N,\N,1,369.22,369.22,35,RENNES,,,14 Rue du Pâtis Tatelin,,,Bat. H; Etage 2,,,35700,35238,35238,Non communiqué,,\N,\N,2,2 étage,335.65,100.00,0.00,0,0,1,0,0,0,0.00,\N,0,0,0.00,0.00,0.00,0.00,0.00,0.00,1,Icert,Parc Edonia - Bâtiment G Rue de la Terre Victoria 35760 SAINT GREGOIRE (détail sur www.cofrac.fr programme n°4-4-11),1,0,2013-12-06 17:03:39,-1.639088,48.132644,0.85,street,Rue du Pâtis Tatelin 35700 Rennes,35238_7141,RUE DU PATIS TATELIN,,V4,1,6.3a bis,"Pour  les  bâtiments  à  usage  principal  de  bureau,  d’administration  ou  d’enseignement : Consommation par Energie",4_V4_DPE_6.3a_bis.pdf,0,Vente,Vente,1,TR002_004,Bâtiments ou partie de bâtiment à usage principal autre que d'habitation,Non résidentiel,0,5,0,,,,,,,,,,35,35 - Ile et Vilaine,2,1,0,400,5300,53000,79,400.00,,5,-5,418.70,32.90,51.80,66.90,90.00,28.00,41.00,H2,8.08,12.00,33300,3.40,Ea,2,4,1.50,2
498586,1335V8000202I,9846,2,8,3CL - DPE,V2012,\N,\N,2013-12-04,2013-12-06,2011-08-15,,17,920.02,G,29.95,D,4,Commerce,\N,3,1997,0.00,0.00,35,SAINT-GRÉGOIRE,60,rue,Alphonse Milon,9,,,RDC,,35760,35278,35278,AP - 302,\N,\N,\N,0,\N,75.45,75.45,0.00,0,0,0,0,0,0,0.00,\N,0,0,0.00,0.00,0.00,0.00,0.00,0.00,1,SOCOTEC Certification,"89/93, avenue Paul Vaillant Couturier 94250 GENTILLY",0,0,2013-12-07 14:34:21,-1.684525,48.153344,0.96,housenumber,9 Rue Alphonse Milon 35760 Saint-Grégoire,35278_0020_00009,9 RUE ALPHONSE MILON,,V8,1,6.3c bis,Pour  les  autres  bâtiments  non  mentionnés  dans  les  deux  précédents  cas : Consommation par Energie,8_V8_DPE_6.3c_bis.pdf,0,Vente,Vente,1,TR002_004,Bâtiments ou partie de bâtiment à usage principal autre que d'habitation,Non résidentiel,0,5,0,,,,,TR013_003,"M : Magasins de vente, centres commerciaux",1,0,Établissements installés dans un bâtiment,35,35 - Ile et Vilaine,2,1,0,400,5300,53000,79,400.00,,5,-5,418.70,32.90,51.80,66.90,90.00,28.00,41.00,H2,8.08,12.00,33300,3.40,Ea,2,4,1.50,2
499659,1335V8000203J,8975,5,8,FACTURE,VERSION_2012,\N,\N,2013-12-06,2013-12-09,2011-08-15,\N,,294.55,E,9.59,B,4,\N,\N,\N,1985,209.00,209.00,35,CESSON-SEVIGNE,,\N,24 RUE DU BAS VILLAGE,\N,\N,\N,\N,\N,35510,35051,35051,,\N,\N,0,0,\N,0.00,190.00,0.00,0,0,1,0,0,0,0.00,\N,0,0,0.00,0.00,0.00,0.00,0.00,0.00,1,ICERT,n/c,0,0,2013-12-09 06:17:55,-1.626407,48.102805,0.96,housenumber,24 Rue du Bas Village 35510 Cesson-Sévigné,35051_0030_00024,24 RUE DU BAS VILLAGE,,V8,1,6.3c bis,Pour  les  autres  bâtiments  non  mentionnés  dans  les  deux  précédents  cas : Consommation par Energie,8_V8_DPE_6.3c_bis.pdf,0,Vente,Vente,1,TR002_004,Bâtiments ou partie de bâtiment à usage principal autre que d'habitation,Non résidentiel,0,5,0,,,,,,,,,,35,35 - Ile et Vilaine,2,1,0,400,5300,53000,79,400.00,,5,-5,418.70,32.90,51.80,66.90,90.00,28.00,41.00,H2,8.08,12.00,33300,3.40,Ea,2,4,1.50,2
502572,1335V8000205L,9347,2,8,3CL - DPE,V2012,\N,\N,2013-12-09,2013-12-10,2011-08-15,"La surface habitable indiquée ci-dessus ne répond pas aux critères de réalisation d'un certificat Loi Boutin sur Carrez et ne peut donc pas être utilisée en tant que tel. (ex : reporter cette surface sur le bail). Les relevés des consommations fournis intègrent les usages spécifiques de l'électricité ( éclairage, bureautique, équipements, électroménager) qui n'ont pu être dissociés. Cela conduit à une surestimation des dépenses énergétiques des postes chauffage, ECS et refroidissement.  ",17,256.01,D,23.20,C,4,Autres,\N,5,1920,0.00,0.00,35,JANZÉ,50,Rue,Saint-Pierre,1,,,,,35150,35136,35136,,\N,\N,\N,0,\N,0.00,227.00,0.00,0,0,0,0,0,0,0.00,\N,0,0,0.00,0.00,0.00,0.00,0.00,0.00,1,ICERT,Parc EDONIA - Bât. A  Rue de la Terre Victoria 35760 SAINT-GRÉGOIRE,0,0,2013-12-09 17:36:21,-1.497376,47.959901,0.96,housenumber,1 Rue Saint-pierre 35150 Janzé,35136_0940_00001,1 RUE SAINT PIERRE,,V8,1,6.3c bis,Pour  les  autres  bâtiments  non  mentionnés  dans  les  deux  précédents  cas : Consommation par Energie,8_V8_DPE_6.3c_bis.pdf,0,Vente,Vente,1,TR002_004,Bâtiments ou partie de bâtiment à usage principal autre que d'habitation,Non résidentiel,0,5,0,,,,,TR013_005,O : Hôtels et pensions de famille,1,0,Établissements installés dans un bâtiment,35,35 - Ile et Vilaine,2,1,0,400,5300,53000,79,400.00,,5,-5,418.70,32.90,51.80,66.90,90.00,28.00,41.00,H2,8.08,12.00,33300,3.40,Ea,2,4,1.50,2
502673,1335V8000206M,2465,5,8,FACTURE,VERSION_2012,\N,\N,2013-11-12,2013-12-09,2011-08-15,\N,,412.70,F,67.14,E,4,\N,5,3,1780,59.54,59.54,35,RENNES,,\N,22 rue de la Monnaie,\N,\N,\N,\N,\N,35000,35238,35238,,\N,\N,0,0,\N,0.00,54.13,0.00,0,0,1,0,0,0,0.00,\N,0,0,0.00,0.00,0.00,0.00,0.00,0.00,1,I.CERT,Parc Edonia - Rue de la Terre Victoria 35760 Saint Grégoire,0,0,2013-12-09 17:51:46,-1.684475,48.111606,0.98,housenumber,22 Rue de la Monnaie 35000 Rennes,35238_6640_00022,22 RUE DE LA MONNAIE,,V8,1,6.3c bis,Pour  les  autres  bâtiments  non  mentionnés  dans  les  deux  précédents  cas : Consommation par Energie,8_V8_DPE_6.3c_bis.pdf,0,Vente,Vente,1,TR002_004,Bâtiments ou partie de bâtiment à usage principal autre que d'habitation,Non résidentiel,0,5,0,TR012_005,5ème Catégorie,2ème Groupe,0,TR013_003,"M : Magasins de vente, centres commerciaux",1,0,Établissements installés dans un bâtiment,35,35 - Ile et Vilaine,2,1,0,400,5300,53000,79,400.00,,5,-5,418.70,32.90,51.80,66.90,90.00,28.00,41.00,H2,8.08,12.00,33300,3.40,Ea,2,4,1.50,2
506179,1335V3000031D,69,2,3,3CL - DPE,V2012,\N,\N,2013-12-10,2013-12-10,2011-08-15,,\N,207.25,C,13.56,B,4,Bureaux,5,12,1961,0.00,0.00,35,RENNES,00,\N,2 rue Poullain Duparc,\N,\N,\N,\N,\N,35000,35238,35238,192,\N,,\N,2,,0.00,0.00,0.00,0,1,0,0,0,0,0.00,\N,0,0,0.00,0.00,0.00,0.00,0.00,0.00,1,ABCIDIA,4 route de la Noue 91190 GIF-SUR-YVETTE,0,0,2013-12-10 16:49:52,-1.681481,48.1086,0.89,street,Rue Poullain Duparc 35000 Rennes,35238_7870,RUE POULLAIN DUPARC,,V3,1,6.3a,"Pour  les  bâtiments  à  usage  principal  de  bureau,  d’administration  ou  d’enseignement : Consommation par Usage",3_V3_DPE_6.3a.pdf,0,Vente,Vente,1,TR002_004,Bâtiments ou partie de bâtiment à usage principal autre que d'habitation,Non résidentiel,0,5,0,TR012_005,5ème Catégorie,2ème Groupe,0,TR013_012,"W : Administrations, banques, bureaux",1,0,Établissements installés dans un bâtiment,35,35 - Ile et Vilaine,2,1,0,400,5300,53000,79,400.00,,5,-5,418.70,32.90,51.80,66.90,90.00,28.00,41.00,H2,8.08,12.00,33300,3.40,Ea,2,4,1.50,2
508325,1335V3000032E,9445,3,3,Méthode Facture,,\N,\N,2013-12-10,2013-12-11,2011-09-15,,,130.00,C,30.00,C,4,"Bureau, Administration, Enseignement",\N,\N,1,29.70,29.70,35,Cesson-Sévigné,,,"9, rue des Charmilles",,,1er Etage,,,35510,35051,35051,1,,\N,\N,2,,27.00,100.00,0.00,0,0,1,0,0,0,0.00,\N,0,0,0.00,0.00,9.00,27.00,27.00,10.00,1,,,0,0,2013-12-11 10:39:28,-1.621737,48.103031,0.96,housenumber,9 Rue des Charmilles 35510 Cesson-Sévigné,35051_0164_00009,9 RUE DES CHARMILLES,,V3,1,6.3a,"Pour  les  bâtiments  à  usage  principal  de  bureau,  d’administration  ou  d’enseignement : Consommation par Usage",3_V3_DPE_6.3a.pdf,0,Vente,Vente,1,TR002_004,Bâtiments ou partie de bâtiment à usage principal autre que d'habitation,Non résidentiel,0,5,0,,,,,,,,,,35,35 - Ile et Vilaine,2,1,0,400,5300,53000,79,400.00,,5,-5,418.70,32.90,51.80,66.90,90.00,28.00,41.00,H2,8.08,12.00,33300,3.40,Ea,2,4,1.50,2
512390,1335C1000024C,2439,3,20,Méthode Facture,,\N,\N,2013-11-27,2013-12-11,2011-09-15,,,370.00,F,55.00,E,5,Centres Commerciaux,\N,\N,1947,93.50,93.50,35,RENNES,,,6 RUE VICTOR HUGO,,,local Commercial RDC,,,35000,35238,35238,Non communiqué,,,100,2,,85.00,100.00,0.00,0,0,1,0,0,0,0.00,\N,0,0,0.00,0.00,0.00,85.00,85.00,55.43,1,ICERT,Parc Edonia - Bâtiment G Rue de la Terre Victoria 35760 SAINT GREGOIRE (détail sur www.cofrac.fr programme n°4-4-11),0,0,2013-12-12 10:43:51,-1.67648,48.11235,0.98,housenumber,6 Rue Victor Hugo 35000 Rennes,35238_9545_00006,6 RUE VICTOR HUGO,,C1,5,Par usage,Pour les centres commerciaux,20_C1_DPE_6.a.pdf,0,Centre commercial,Centre commercial,4,TR002_005,Centre Commerciaux,Centres commerciaux,0,4,0,,,,,,,,,,35,35 - Ile et Vilaine,2,1,0,400,5300,53000,79,400.00,,5,-5,418.70,32.90,51.80,66.90,90.00,28.00,41.00,H2,8.08,12.00,33300,3.40,Ea,2,4,1.50,2
514349,1335V7000037N,9193,3,7,Méthode Facture,,\N,\N,2013-12-12,2013-12-12,2011-09-15,"DPE demandé par l'agence malgré l'absence de chauffage. En l'absence de facture, conformément à la règlementation, seules les caractéristiques du logement et les recommandations d'améliorations apparaissent sur le DPE dont l'étiquette est vierge.",,0.00,N,0.00,N,4,"Autres (théâtres, salles de sport, restaurati",\N,\N,1,35.20,35.20,35,RENNES,,,167 rue de Chateaugiron - local n°21,,,,,,35000,35238,35238,3014,,\N,\N,2,,32.00,100.00,0.00,0,0,1,0,0,0,0.00,\N,0,0,0.00,8.82,0.00,32.00,32.00,59.82,1, ICERT,Parc Edonia - Bâtiment G Rue de la Terre Victoria 35760 SAINT GREGOIRE (détail sur www.cofrac.fr programme n°4-4-11),1,0,2013-12-12 16:43:39,-1.641665,48.097359,0.79,housenumber,167 Rue de Châteaugiron 35000 Rennes,35238_1800_00167,167 RUE DE CHATEAUGIRON,,V7,1,6.3c,Pour  les  autres  bâtiments  non  mentionnés  dans  les  deux  précédents  cas : Consommation par Usage,7_V7_DPE_6.3c.pdf,0,Vente,Vente,1,TR002_004,Bâtiments ou partie de bâtiment à usage principal autre que d'habitation,Non résidentiel,0,5,0,,,,,,,,,,35,35 - Ile et Vilaine,2,1,0,400,5300,53000,79,400.00,,5,-5,418.70,32.90,51.80,66.90,90.00,28.00,41.00,H2,8.08,12.00,33300,3.40,Ea,2,4,1.50,2
516283,1335V8000209P,9846,2,8,3CL - DPE,V2012,\N,\N,2013-12-03,2013-12-13,2011-08-15,,17,759.51,G,24.73,C,4,Commerce,5,3,1947,0.00,0.00,35,RENNES,00,rue,Nantaise,29,,,RDC,,35000,35238,35238,NC,\N,\N,\N,0,\N,0.00,0.00,0.00,0,0,0,0,0,0,0.00,\N,0,0,0.00,0.00,0.00,0.00,0.00,0.00,1,SOCOTEC Certification,"89/93, avenue Paul Vaillant Couturier 94250 GENTILLY",0,0,2013-12-13 08:33:01,-1.685761,48.111764,0.98,housenumber,29 Rue Nantaise 35000 Rennes,35238_6850_00029,29 RUE NANTAISE,,V8,1,6.3c bis,Pour  les  autres  bâtiments  non  mentionnés  dans  les  deux  précédents  cas : Consommation par Energie,8_V8_DPE_6.3c_bis.pdf,0,Vente,Vente,1,TR002_004,Bâtiments ou partie de bâtiment à usage principal autre que d'habitation,Non résidentiel,0,5,0,TR012_005,5ème Catégorie,2ème Groupe,0,TR013_003,"M : Magasins de vente, centres commerciaux",1,0,Établissements installés dans un bâtiment,35,35 - Ile et Vilaine,2,1,0,400,5300,53000,79,400.00,,5,-5,418.70,32.90,51.80,66.90,90.00,28.00,41.00,H2,8.08,12.00,33300,3.40,Ea,2,4,1.50,2
516424,1335C2000007E,9445,3,21,Méthode Facture,,\N,\N,2013-12-12,2013-12-13,2011-09-15,,,0.00,N,0.00,N,5,Centres Commerciaux,\N,\N,1947,110.00,110.00,35,Rennes,,,"34, rue d'Antrain",,,RDC,,,35000,35238,35238,NC,,,100,2,,100.00,100.00,0.00,0,0,3,0,0,0,0.00,\N,0,0,0.00,11.39,0.00,0.00,0.00,25.00,1,ICERT,Parc Edonia - Bâtiment G Rue de la Terre Victoria 35760 SAINT GREGOIRE (détail sur www.cofrac.fr programme n°4-4-11),1,0,2013-12-13 09:23:17,-1.678819,48.1157,0.98,housenumber,34 Rue d'Antrain 35700 Rennes,35238_0450_00034,34 RUE D ANTRAIN,,C2,5,Par énergie,Pour les centres commerciaux,21_C2_DPE_6.b.pdf,0,Centre commercial,Centre commercial,4,TR002_005,Centre Commerciaux,Centres commerciaux,0,4,0,,,,,,,,,,35,35 - Ile et Vilaine,2,1,0,400,5300,53000,79,400.00,,5,-5,418.70,32.90,51.80,66.90,90.00,28.00,41.00,H2,8.08,12.00,33300,3.40,Ea,2,4,1.50,2
518833,1335V4000145K,5058,3,4,Méthode Facture,,\N,\N,2013-12-13,2013-12-13,2011-09-15,"Pour ce type d'immeuble, la réglementation impose d'utiliser les consommations réelles pour déterminer les étiquettes 'énergie' et 'climat' : cette information ne nous ayant pas été fournie par le propriétaire, il n'est pas possible d'estimer les consommations. Le diagnostic se limite donc au descriptif et aux recommandations.",,0.00,N,0.00,N,4,"Bureau, Administration, Enseignement",\N,\N,1,55.00,55.00,35,RENNES,,,ESPACE BEAUREGARD - 539 M2-R+1 9 RUE TANGUY PRIGENT,,,,,,35000,35238,35238,,,\N,\N,2,Locaux situés au RDC,50.00,100.00,0.00,0,0,1,0,0,0,0.00,\N,0,0,0.00,0.00,0.00,0.00,0.00,0.00,1,C147 DELIVRE LE 27/09/2013 QUALIXPERT 17 RUE BORREL 81100 CASTRES,17 rue Borrel 81100 CASTRES (détail sur www.cofrac.fr programme n°4-4-11),1,0,2013-12-13 16:59:40,-1.698127,48.129524,0.39,housenumber,9 Rue François Tanguy-Prigent 35000 Rennes,35238_3275_00009,9 RUE FRANCOIS TANGUY PRIGENT,,V4,1,6.3a bis,"Pour  les  bâtiments  à  usage  principal  de  bureau,  d’administration  ou  d’enseignement : Consommation par Energie",4_V4_DPE_6.3a_bis.pdf,0,Vente,Vente,1,TR002_004,Bâtiments ou partie de bâtiment à usage principal autre que d'habitation,Non résidentiel,0,5,0,,,,,,,,,,35,35 - Ile et Vilaine,2,1,0,400,5300,53000,79,400.00,,5,-5,418.70,32.90,51.80,66.90,90.00,28.00,41.00,H2,8.08,12.00,33300,3.40,Ea,2,4,1.50,2
525708,1335V4000146L,9939,3,4,Méthode Facture,,\N,\N,2013-12-11,2013-12-16,2011-09-15,La climatisation n'est pas encore installée (les travaux sont prévus),,266.00,D,8.00,B,4,"Bureau, Administration, Enseignement",\N,\N,1,210.10,210.10,35,Chartres-de-Bretagne,,,Village de la Métairie - rue du Village de la Métairie,,,Bâtiment B,,,35131,35066,35066,29,,\N,\N,2,,191.00,100.00,0.00,0,0,2,0,0,0,0.00,\N,0,0,2.00,0.00,0.00,100.00,105.00,1.00,1,CESI,30 rue Cambronne 75015 PARIS (détail sur www.cofrac.fr programme n°4-4-11),0,0,2013-12-16 22:32:13,-1.711563,48.04751,0.55,street,Rue du Village de la Métairie 35131 Chartres-de-Bretagne,35066_0402,RUE DU VILLAGE DE LA METAIRIE,,V4,1,6.3a bis,"Pour  les  bâtiments  à  usage  principal  de  bureau,  d’administration  ou  d’enseignement : Consommation par Energie",4_V4_DPE_6.3a_bis.pdf,0,Vente,Vente,1,TR002_004,Bâtiments ou partie de bâtiment à usage principal autre que d'habitation,Non résidentiel,0,5,0,,,,,,,,,,35,35 - Ile et Vilaine,2,1,0,400,5300,53000,79,400.00,,5,-5,418.70,32.90,51.80,66.90,90.00,28.00,41.00,H2,8.08,12.00,33300,3.40,Ea,2,4,1.50,2
528477,1335V4000147M,3139,5,4,FACTURE,VERSION_2012,\N,\N,2013-12-02,2013-12-17,2011-08-15,\N,,0.00,A,0.00,A,4,\N,\N,\N,1989,84.70,84.70,35,CESSON-SEVIGNE,,\N,18 RUE DE LA RIGOURDIERE - LOT 26,\N,\N,\N,\N,\N,35510,35051,35051,,\N,\N,0,0,\N,0.00,77.00,0.00,0,0,1,0,0,0,0.00,\N,0,0,0.00,0.00,0.00,0.00,0.00,0.00,1,ICERT,n/c,0,0,2013-12-17 17:33:55,-1.588354,48.114106,0.97,housenumber,18 Rue de la Rigourdière 35510 Cesson-Sévigné,35051_0547_00018,18 RUE DE LA RIGOURDIERE,,V4,1,6.3a bis,"Pour  les  bâtiments  à  usage  principal  de  bureau,  d’administration  ou  d’enseignement : Consommation par Energie",4_V4_DPE_6.3a_bis.pdf,0,Vente,Vente,1,TR002_004,Bâtiments ou partie de bâtiment à usage principal autre que d'habitation,Non résidentiel,0,5,0,,,,,,,,,,35,35 - Ile et Vilaine,2,1,0,400,5300,53000,79,400.00,,5,-5,418.70,32.90,51.80,66.90,90.00,28.00,41.00,H2,8.08,12.00,33300,3.40,Ea,2,4,1.50,2
528563,1335V4000148N,3139,5,4,FACTURE,VERSION_2012,\N,\N,2013-12-02,2013-12-17,2011-08-15,\N,,0.00,A,0.00,A,4,\N,\N,\N,1989,101.20,101.20,35,CESSON-SEVIGNE,,\N,18 RUE DE LA RIGOURDIERE - LOT 27,\N,\N,\N,\N,\N,35510,35051,35051,,\N,\N,0,0,\N,0.00,92.00,0.00,0,0,1,0,0,0,0.00,\N,0,0,0.00,0.00,0.00,0.00,0.00,0.00,1,ICERT,n/c,0,0,2013-12-17 17:48:43,-1.588354,48.114106,0.97,housenumber,18 Rue de la Rigourdière 35510 Cesson-Sévigné,35051_0547_00018,18 RUE DE LA RIGOURDIERE,,V4,1,6.3a bis,"Pour  les  bâtiments  à  usage  principal  de  bureau,  d’administration  ou  d’enseignement : Consommation par Energie",4_V4_DPE_6.3a_bis.pdf,0,Vente,Vente,1,TR002_004,Bâtiments ou partie de bâtiment à usage principal autre que d'habitation,Non résidentiel,0,5,0,,,,,,,,,,35,35 - Ile et Vilaine,2,1,0,400,5300,53000,79,400.00,,5,-5,418.70,32.90,51.80,66.90,90.00,28.00,41.00,H2,8.08,12.00,33300,3.40,Ea,2,4,1.50,2
528706,1335V3000033F,5916,3,3,Méthode Facture,,\N,\N,2013-12-17,2013-12-17,2011-09-15,"Le bien est un local peu utilisé depuis plusieurs années , les factures collectées ne sont pas significatives de la performance énergétique de ce bien. ",,0.00,N,0.00,N,4,"Bureau, Administration, Enseignement",\N,\N,1947,45.10,45.10,35,SAINT-GRÉGOIRE,,,2 rue de brocéliande,,,,,,35760,35189,35189,Non communiqué,,\N,\N,1,,41.00,100.00,0.00,0,0,1,0,0,0,0.00,\N,0,0,11.13,1.68,0.00,45.00,45.00,65.00,1, ICERT 116 b rue Eugene Pottier 35000 Rennes,Parc Edonia - Bâtiment G Rue de la Terre Victoria 35760 SAINT GREGOIRE (détail sur www.cofrac.fr programme n°4-4-11),1,0,2013-12-17 18:15:30,-1.722568,48.155805,0.38,housenumber,2 Rue de Bellevisée 35760 Montgermont,35189_0020_00002,2 RUE DE BELLEVISEE,,V3,1,6.3a,"Pour  les  bâtiments  à  usage  principal  de  bureau,  d’administration  ou  d’enseignement : Consommation par Usage",3_V3_DPE_6.3a.pdf,0,Vente,Vente,1,TR002_004,Bâtiments ou partie de bâtiment à usage principal autre que d'habitation,Non résidentiel,0,5,0,,,,,,,,,,35,35 - Ile et Vilaine,2,1,0,400,5300,53000,79,400.00,,5,-5,418.70,32.90,51.80,66.90,90.00,28.00,41.00,H2,8.08,12.00,33300,3.40,Ea,2,4,1.50,2
528763,1335C1000025D,5916,3,20,Méthode Facture,,\N,\N,2013-12-17,2013-12-17,2011-09-15,"Le bien est un local peu utilisé depuis plusieurs années , les factures collectées ne sont pas significatives de la performance énergétique de ce bien. En methode conventionnelle, le bien serai classé en G  ",,0.00,N,0.00,N,5,Centres Commerciaux,\N,\N,1947,45.10,45.10,35,SAINT-GRÉGOIRE,,,2 rue de brocéliande,,,,,,35760,35189,35189,Non communiqué,,,100,1,,41.00,100.00,0.00,0,0,1,0,0,0,0.00,\N,0,0,11.13,1.68,0.00,45.00,45.00,65.00,1, ICERT 116 b rue Eugene Pottier 35000 Rennes,Parc Edonia - Bâtiment G Rue de la Terre Victoria 35760 SAINT GREGOIRE (détail sur www.cofrac.fr programme n°4-4-11),1,0,2013-12-17 18:25:47,-1.722568,48.155805,0.38,housenumber,2 Rue de Bellevisée 35760 Montgermont,35189_0020_00002,2 RUE DE BELLEVISEE,,C1,5,Par usage,Pour les centres commerciaux,20_C1_DPE_6.a.pdf,0,Centre commercial,Centre commercial,4,TR002_005,Centre Commerciaux,Centres commerciaux,0,4,0,,,,,,,,,,35,35 - Ile et Vilaine,2,1,0,400,5300,53000,79,400.00,,5,-5,418.70,32.90,51.80,66.90,90.00,28.00,41.00,H2,8.08,12.00,33300,3.40,Ea,2,4,1.50,2
529637,1335V8000222K,4816,3,8,Méthode Facture,,\N,\N,2013-12-02,2013-12-18,2011-09-15,,,865.00,G,28.00,D,4,"Autres (théâtres, salles de sport, restaurati",\N,\N,1,313.83,313.83,35,RENNES,,,Restaurant Tai Shogun 99 Mail François Mitterand,,,,,,35000,35238,35238,Non communiqué,,\N,\N,1,,285.30,100.00,0.00,0,0,4,0,0,0,0.00,\N,0,0,0.00,0.00,0.00,0.00,0.00,0.00,1,abcidia certification,4 route de la Noue 91190 GIF SUR YVETTE (détail sur www.cofrac.fr programme n°4-4-11),0,0,2013-12-18 08:19:14,-1.691299,48.109296,0.49,street,Mail François Mitterrand 35000 Rennes,35238_6090,MAIL FRANCOIS MITTERRAND,,V8,1,6.3c bis,Pour  les  autres  bâtiments  non  mentionnés  dans  les  deux  précédents  cas : Consommation par Energie,8_V8_DPE_6.3c_bis.pdf,0,Vente,Vente,1,TR002_004,Bâtiments ou partie de bâtiment à usage principal autre que d'habitation,Non résidentiel,0,5,0,,,,,,,,,,35,35 - Ile et Vilaine,2,1,0,400,5300,53000,79,400.00,,5,-5,418.70,32.90,51.80,66.90,90.00,28.00,41.00,H2,8.08,12.00,33300,3.40,Ea,2,4,1.50,2
531569,1335V3000034G,4816,3,3,Méthode Facture,,\N,\N,2013-12-18,2013-12-18,2011-09-15,,,0.00,N,0.00,N,4,"Bureau, Administration, Enseignement",\N,\N,1,55.77,55.77,35,LA MÉZIÈRE,,,Servir l'Environnement Beauséjour,,,,,,35520,35059,35059,Non communiqué,,\N,\N,2,,50.70,100.00,0.00,0,0,1,0,0,0,0.00,\N,0,0,0.00,0.00,0.00,0.00,0.00,0.00,1,abcidia certification,4 route de la Noue 91190 GIF SUR YVETTE (détail sur www.cofrac.fr programme n°4-4-11),1,0,2013-12-18 15:56:04,,,0,,,,,,V3,1,6.3a,"Pour  les  bâtiments  à  usage  principal  de  bureau,  d’administration  ou  d’enseignement : Consommation par Usage",3_V3_DPE_6.3a.pdf,0,Vente,Vente,1,TR002_004,Bâtiments ou partie de bâtiment à usage principal autre que d'habitation,Non résidentiel,0,5,0,,,,,,,,,,35,35 - Ile et Vilaine,2,1,0,400,5300,53000,79,400.00,,5,-5,418.70,32.90,51.80,66.90,90.00,28.00,41.00,H2,8.08,12.00,33300,3.40,Ea,2,4,1.50,2
536308,1335V3000035H,530,3,3,Méthode Facture,,\N,\N,2013-12-11,2013-12-19,2011-09-15,,,0.00,N,0.00,N,4,"Bureau, Administration, Enseignement",\N,\N,1947,940.50,940.50,35,RENNES,,,ZAC de Beauregard 9005 rue André & Yvonne MEYNIER,,,,,,35000,35238,35238,,,\N,\N,1,,855.00,100.00,0.00,0,0,2,0,0,0,0.00,\N,0,0,0.00,0.00,0.00,0.00,0.00,0.00,1,AFNOR Certification,11 avenue Francis de Pressensé  93571 SAINT DENIS LA PLAINE CEDEX (détail sur www.cofrac.fr programme n°4-4-11),1,0,2013-12-19 17:41:36,-1.707988,48.12898,0.49,street,Rue André et Yvonne Meynier 35000 Rennes,35238_0388,RUE ANDRE ET YVONNE MEYNIER,,V3,1,6.3a,"Pour  les  bâtiments  à  usage  principal  de  bureau,  d’administration  ou  d’enseignement : Consommation par Usage",3_V3_DPE_6.3a.pdf,0,Vente,Vente,1,TR002_004,Bâtiments ou partie de bâtiment à usage principal autre que d'habitation,Non résidentiel,0,5,0,,,,,,,,,,35,35 - Ile et Vilaine,2,1,0,400,5300,53000,79,400.00,,5,-5,418.70,32.90,51.80,66.90,90.00,28.00,41.00,H2,8.08,12.00,33300,3.40,Ea,2,4,1.50,2
536339,1335V4000149O,2211,3,4,Méthode Facture,,\N,\N,2013-12-17,2013-12-17,2011-09-15,,,94.00,B,3.00,A,4,"Bureau, Administration, Enseignement",\N,\N,1,301.58,301.58,35,CHARTRES-DE-BRETAGNE,,,"14, Rue Léo LAGRANGE",,,Bat. C; Etage 1,,,35131,35066,35066,,,\N,\N,2,R+1,274.16,100.00,0.00,0,0,1,0,0,0,0.00,\N,0,0,0.00,0.00,0.00,0.00,0.00,0.00,1,ICERT,Parc Edonia - Bâtiment G Rue de la Terre Victoria 35760 SAINT GREGOIRE (détail sur www.cofrac.fr programme n°4-4-11),0,0,2013-12-19 17:46:57,-1.693582,48.038258,0.96,housenumber,14 Rue Léo Lagrange 35131 Chartres-de-Bretagne,35066_0238_00014,14 RUE LEO LAGRANGE,,V4,1,6.3a bis,"Pour  les  bâtiments  à  usage  principal  de  bureau,  d’administration  ou  d’enseignement : Consommation par Energie",4_V4_DPE_6.3a_bis.pdf,0,Vente,Vente,1,TR002_004,Bâtiments ou partie de bâtiment à usage principal autre que d'habitation,Non résidentiel,0,5,0,,,,,,,,,,35,35 - Ile et Vilaine,2,1,0,400,5300,53000,79,400.00,,5,-5,418.70,32.90,51.80,66.90,90.00,28.00,41.00,H2,8.08,12.00,33300,3.40,Ea,2,4,1.50,2
539653,1335V8000233M,8692,5,8,FACTURE,VERSION_2012,\N,\N,2013-12-16,2013-12-20,2011-08-15,\N,,618.33,G,44.54,D,4,\N,5,3,1900,215.44,215.44,35,SAINT-JACQUES-DE-LA-LANDE,,\N,Le Petit Cellier 96 Rue du temple de Blosne,\N,\N,\N,\N,\N,35136,35281,35281,,\N,\N,0,0,\N,0.00,195.85,0.00,0,0,1,0,0,0,0.00,\N,0,0,0.00,0.00,0.00,0.00,0.00,0.00,1,ICERT,116 b rue Eugène pottier 35000 RENNES,0,0,2013-12-20 16:25:43,-1.699949,48.087618,0.6,housenumber,96 Rue du Temple de Blosne 35136 Saint-Jacques-de-la-Lande,35281_0180_00096,96 RUE DU TEMPLE DE BLOSNE,,V8,1,6.3c bis,Pour  les  autres  bâtiments  non  mentionnés  dans  les  deux  précédents  cas : Consommation par Energie,8_V8_DPE_6.3c_bis.pdf,0,Vente,Vente,1,TR002_004,Bâtiments ou partie de bâtiment à usage principal autre que d'habitation,Non résidentiel,0,5,0,TR012_005,5ème Catégorie,2ème Groupe,0,TR013_003,"M : Magasins de vente, centres commerciaux",1,0,Établissements installés dans un bâtiment,35,35 - Ile et Vilaine,2,1,0,400,5300,53000,79,400.00,,5,-5,418.70,32.90,51.80,66.90,90.00,28.00,41.00,H2,8.08,12.00,33300,3.40,Ea,2,4,1.50,2
543221,1335XX000006@,8849,2,24,3CL - DPE,V2012,\N,\N,2013-12-23,2013-12-23,2011-08-15,,\N,0.00,N,0.00,N,4,Habitation (Parties privatives d'immeuble col,\N,\N,1900,0.00,0.00,35,RENNES,00,\N,"39, rue St Hélier",\N,\N,\N,Rez de chaussée,\N,35000,35238,35238,NC,\N,,\N,2,,0.00,0.00,0.00,0,1,0,0,0,0,0.00,\N,0,0,0.00,0.00,0.00,0.00,0.00,0.00,1,"ICERT 116b, rue Eugène Pottier 35000 RENNES",  ,1,0,2013-12-23 12:22:36,-1.669416,48.106873,0.74,housenumber,39 Rue Saint-Hélier 35000 Rennes,35238_8670_00039,39 RUE SAINT HELIER,,XX,7,,"Autres cas : Demande de subventions, baux commerciaux, ...",,0,Autres,Autres,7,TR002_004,Bâtiments ou partie de bâtiment à usage principal autre que d'habitation,Non résidentiel,0,5,0,,,,,,,,,,35,35 - Ile et Vilaine,2,1,0,400,5300,53000,79,400.00,,5,-5,418.70,32.90,51.80,66.90,90.00,28.00,41.00,H2,8.08,12.00,33300,3.40,Ea,2,4,1.50,2
546802,1335V8000235O,5058,3,8,Méthode Facture,,\N,\N,2013-11-27,2013-12-24,2011-09-15,"Pour ce type d'immeuble, la réglementation impose d'utiliser les consommations réelles pour déterminer les étiquettes 'énergie' et 'climat' : cette information ne nous ayant pas été fournie par le propriétaire, il n'est pas possible d'estimer les consommations. Le diagnostic se limite donc au descriptif et aux recommandations.",,0.00,N,0.00,N,4,"Autres (théâtres, salles de sport, restaurati",\N,\N,1947,131.43,131.43,35,RENNES,,,8 RUE DE BREST,,,,,,35000,35238,35238,Sans objet,,\N,\N,2,Section Est du bâti,119.48,100.00,0.00,0,0,1,0,0,0,0.00,\N,0,0,0.00,0.00,0.00,0.00,0.00,0.00,1,C147 DELIVRE LE 27/09/2013 QUALIXPERT 17 RUE BORREL 81100 CASTRES,17 rue Borrel 81100 CASTRES (détail sur www.cofrac.fr programme n°4-4-11),1,0,2013-12-24 15:59:43,-1.688503,48.112767,0.98,housenumber,8 Rue de Brest 35000 Rennes,35238_1190_00008,8 RUE DE BREST,,V8,1,6.3c bis,Pour  les  autres  bâtiments  non  mentionnés  dans  les  deux  précédents  cas : Consommation par Energie,8_V8_DPE_6.3c_bis.pdf,0,Vente,Vente,1,TR002_004,Bâtiments ou partie de bâtiment à usage principal autre que d'habitation,Non résidentiel,0,5,0,,,,,,,,,,35,35 - Ile et Vilaine,2,1,0,400,5300,53000,79,400.00,,5,-5,418.70,32.90,51.80,66.90,90.00,28.00,41.00,H2,8.08,12.00,33300,3.40,Ea,2,4,1.50,2
548005,1335C1000028G,9445,3,20,Méthode Facture,,\N,\N,2013-12-26,2013-12-26,2011-09-15,,,125.00,C,25.00,C,5,Centres Commerciaux,\N,\N,1947,26.40,26.40,35,Rennes,,,TOUR ALMA CITY 5 RUE DU BOSPHORE,,,6 etage,,,35000,35238,35238,,,,100,2,,24.00,100.00,0.00,0,0,1,0,0,0,0.00,\N,0,0,3.00,0.00,0.00,24.00,24.00,30.00,1,ICERT,Parc Edonia - Bâtiment G Rue de la Terre Victoria 35760 SAINT GREGOIRE (détail sur www.cofrac.fr programme n°4-4-11),0,0,2013-12-26 12:56:38,-1.679494,48.082558,0.53,housenumber,5 Rue du Bosphore 35200 Rennes,35238_1057_00005,5 RUE DU BOSPHORE,,C1,5,Par usage,Pour les centres commerciaux,20_C1_DPE_6.a.pdf,0,Centre commercial,Centre commercial,4,TR002_005,Centre Commerciaux,Centres commerciaux,0,4,0,,,,,,,,,,35,35 - Ile et Vilaine,2,1,0,400,5300,53000,79,400.00,,5,-5,418.70,32.90,51.80,66.90,90.00,28.00,41.00,H2,8.08,12.00,33300,3.40,Ea,2,4,1.50,2
558970,1444V3000001B,9370,13,3,FACTURE SEULE,V2012,\N,\N,2013-12-26,2014-01-06,2011-08-15,\N,\N,634.04,F,20.64,C,4,\N,\N,\N,1994,133.00,133.00,44,Rennes,,,"Crédit Mutuel de Bretagne, Rez de chaussée, 46 Boulevard de la Tour d'Auvergne",,\N,\N,\N,\N,35000,35238,35238,\N,\N,\N,\N,2,\N,0.00,0.00,0.00,0,0,0,0,0,0,0.00,\N,0,0,0.00,0.00,0.00,0.00,0.00,0.00,1,I.CERT,"Parc Edonia, Bâtiment G, Rue de la Terre Victoria, 35760 SAINT GREGOIRE",0,0,2014-01-06 11:20:45,-1.68476,48.103807,0.59,housenumber,46 Boulevard de La Tour d'Auvergne 35000 Rennes,35238_9315_00046,46 BD DE LA TOUR D AUVERGNE,,V3,1,6.3a,"Pour  les  bâtiments  à  usage  principal  de  bureau,  d’administration  ou  d’enseignement : Consommation par Usage",3_V3_DPE_6.3a.pdf,0,Vente,Vente,1,TR002_004,Bâtiments ou partie de bâtiment à usage principal autre que d'habitation,Non résidentiel,0,5,0,,,,,,,,,,44,44 - Loire Atlantique,2,2,0,400,4900,48000,82,400.00,,5,-5,401.80,35.00,53.40,68.70,92.00,30.00,45.00,H2,8.08,12.00,33300,3.40,Eb,3,5,2.00,3
561752,1435XX000001V,9347,2,24,3CL - DPE,V2012,\N,\N,2013-12-26,2014-01-07,2011-08-15,La surface habitable indiquée ci-dessus ne répond pas aux critères de réalisation d'un certificat Loi Boutin sur Carrez et ne peut donc pas être utilisée en tant que tel. (ex : reporter cette surface sur le bail). La façon dont est posé l'isolant nécessite d'être revue afin d'en améliorer son efficacité.,17,422.14,F,13.74,C,4,Habitation (Maisons individuelles),\N,\N,1980,0.00,0.00,35,VERN-SUR-SEICHE,70,Rue,de la Croix Rouge,6,,,,,35770,35352,35352,,\N,\N,\N,0,\N,0.00,94.43,0.00,0,0,0,0,0,0,0.00,\N,0,0,0.00,0.00,0.00,0.00,0.00,0.00,1,ICERT,Parc EDONIA - Bât. A  Rue de la Terre Victoria 35760 SAINT-GRÉGOIRE,0,0,2014-01-07 11:24:26,-1.60721,48.050911,0.96,housenumber,6 Rue de la Croix Rouge 35770 Vern-sur-Seiche,35352_0079_00006,6 RUE DE LA CROIX ROUGE,,XX,7,,"Autres cas : Demande de subventions, baux commerciaux, ...",,0,Autres,Autres,7,TR002_004,Bâtiments ou partie de bâtiment à usage principal autre que d'habitation,Non résidentiel,0,5,0,,,,,,,,,,35,35 - Ile et Vilaine,2,1,0,400,5300,53000,79,400.00,,5,-5,418.70,32.90,51.80,66.90,90.00,28.00,41.00,H2,8.08,12.00,33300,3.40,Ea,2,4,1.50,2
562733,1435N1000112U,3124,10,11,FACTURE - DPE,V2012,Th-CE 2005,103,2013-12-17,2014-01-06,2011-08-15,,,79.90,B,1.83,A,4,bureaux,\N,\N,2013,\N,\N,35,RENNES,00,rue,de la Mabilais,2,,,,,35000,35238,35238,,,,,\N,,\N,\N,\N,\N,\N,\N,\N,\N,\N,\N,,\N,\N,\N,\N,\N,\N,\N,\N,1,ICERT,116b rue Eugène Pottier 35000 RENNES,0,0,2014-01-07 15:50:44,-1.694261,48.106488,0.97,housenumber,2 Rue de la Mabilais 35000 Rennes,35238_6060_00002,2 RUE DE LA MABILAIS,,N1,3,6.1 neuf,Pour  les  bâtiments  neufs  à  usage  principal  d’habitation,11_N1_DPE_6.1_neuf.pdf,0,Neuf,Neuf,3,TR002_004,Bâtiments ou partie de bâtiment à usage principal autre que d'habitation,Non résidentiel,0,5,0,,,,,,,,,,35,35 - Ile et Vilaine,2,1,0,400,5300,53000,79,400.00,,5,-5,418.70,32.90,51.80,66.90,90.00,28.00,41.00,H2,8.08,12.00,33300,3.40,Ea,2,4,1.50,2
562897,1435N1000113V,3124,10,11,FACTURE - DPE,V2012,Th-CE 2005,103,2013-12-17,2014-01-06,2011-08-15,,,79.89,B,1.83,A,4,bureaux,\N,\N,2013,\N,\N,35,RENNES,00,rue,de la Mabilais,2,,,,,35000,35238,35238,,,,,\N,,\N,\N,\N,\N,\N,\N,\N,\N,\N,\N,,\N,\N,\N,\N,\N,\N,\N,\N,1,ICERT,116b rue Eugène Pottier 35000 RENNES,0,0,2014-01-07 16:22:21,-1.694261,48.106488,0.97,housenumber,2 Rue de la Mabilais 35000 Rennes,35238_6060_00002,2 RUE DE LA MABILAIS,,N1,3,6.1 neuf,Pour  les  bâtiments  neufs  à  usage  principal  d’habitation,11_N1_DPE_6.1_neuf.pdf,0,Neuf,Neuf,3,TR002_004,Bâtiments ou partie de bâtiment à usage principal autre que d'habitation,Non résidentiel,0,5,0,,,,,,,,,,35,35 - Ile et Vilaine,2,1,0,400,5300,53000,79,400.00,,5,-5,418.70,32.90,51.80,66.90,90.00,28.00,41.00,H2,8.08,12.00,33300,3.40,Ea,2,4,1.50,2
563142,1435N1000114W,3124,10,11,FACTURE - DPE,V2012,Th-CE 2005,103,2013-12-17,2014-01-06,2011-08-15,,,79.90,B,1.83,A,4,bureaux,\N,\N,2013,\N,\N,35,RENNES,00,rue,de la Mabilais,2,,,,,35000,35238,35238,,,,,\N,,\N,\N,\N,\N,\N,\N,\N,\N,\N,\N,,\N,\N,\N,\N,\N,\N,\N,\N,1,ICERT,116b rue Eugène Pottier 35000 RENNES,0,0,2014-01-07 17:07:27,-1.694261,48.106488,0.97,housenumber,2 Rue de la Mabilais 35000 Rennes,35238_6060_00002,2 RUE DE LA MABILAIS,,N1,3,6.1 neuf,Pour  les  bâtiments  neufs  à  usage  principal  d’habitation,11_N1_DPE_6.1_neuf.pdf,0,Neuf,Neuf,3,TR002_004,Bâtiments ou partie de bâtiment à usage principal autre que d'habitation,Non résidentiel,0,5,0,,,,,,,,,,35,35 - Ile et Vilaine,2,1,0,400,5300,53000,79,400.00,,5,-5,418.70,32.90,51.80,66.90,90.00,28.00,41.00,H2,8.08,12.00,33300,3.40,Ea,2,4,1.50,2
563215,1435V8000002H,2931,5,8,FACTURE,VERSION_2012,\N,\N,2014-01-07,2014-01-07,2011-08-15,\N,,247.04,D,8.04,B,4,\N,5,3,1968,64.90,64.90,35,SAINT-GILLES,,\N,"12, rue du Centre",\N,\N,\N,\N,\N,35590,35081,35081,,\N,\N,0,0,\N,0.00,59.00,0.00,0,0,1,0,0,0,0.00,\N,0,0,0.00,0.00,0.00,0.00,0.00,0.00,1,SGS ICS,"29, avenue Aristide Briand 94111 ARCUEIL CEDEX",0,0,2014-01-07 17:28:24,-1.85306,48.180727,0.47,housenumber,12 Rue du Parc 35590 Clayes,35081_0009_00012,12 RUE DU PARC,,V8,1,6.3c bis,Pour  les  autres  bâtiments  non  mentionnés  dans  les  deux  précédents  cas : Consommation par Energie,8_V8_DPE_6.3c_bis.pdf,0,Vente,Vente,1,TR002_004,Bâtiments ou partie de bâtiment à usage principal autre que d'habitation,Non résidentiel,0,5,0,TR012_005,5ème Catégorie,2ème Groupe,0,TR013_003,"M : Magasins de vente, centres commerciaux",1,0,Établissements installés dans un bâtiment,35,35 - Ile et Vilaine,2,1,0,400,5300,53000,79,400.00,,5,-5,418.70,32.90,51.80,66.90,90.00,28.00,41.00,H2,8.08,12.00,33300,3.40,Ea,2,4,1.50,2
563669,1435V8000003I,3442,5,8,FACTURE,VERSION_2012,\N,\N,2014-01-07,2014-01-07,2011-08-15,\N,,0.00,N,0.00,N,4,\N,5,3,1968,46.20,46.20,35,SAINT-GILLES,,\N,"12, rue du Centre",\N,\N,\N,\N,\N,35590,35081,35081,,\N,\N,0,0,\N,0.00,42.00,0.00,0,0,1,0,0,0,0.00,\N,0,0,0.00,0.00,0.00,0.00,0.00,0.00,1,SGS ICS,"29, avenue Aristide Briand 94111 ARCUEIL Cedex",1,0,2014-01-07 18:55:13,-1.85306,48.180727,0.47,housenumber,12 Rue du Parc 35590 Clayes,35081_0009_00012,12 RUE DU PARC,,V8,1,6.3c bis,Pour  les  autres  bâtiments  non  mentionnés  dans  les  deux  précédents  cas : Consommation par Energie,8_V8_DPE_6.3c_bis.pdf,0,Vente,Vente,1,TR002_004,Bâtiments ou partie de bâtiment à usage principal autre que d'habitation,Non résidentiel,0,5,0,TR012_005,5ème Catégorie,2ème Groupe,0,TR013_003,"M : Magasins de vente, centres commerciaux",1,0,Établissements installés dans un bâtiment,35,35 - Ile et Vilaine,2,1,0,400,5300,53000,79,400.00,,5,-5,418.70,32.90,51.80,66.90,90.00,28.00,41.00,H2,8.08,12.00,33300,3.40,Ea,2,4,1.50,2
563696,1435V8000004J,3442,5,8,FACTURE,VERSION_2012,\N,\N,2014-01-07,2014-01-07,2011-08-15,\N,,0.00,N,0.00,N,4,\N,5,3,1968,46.20,46.20,35,SAINT-GILLES,,\N,"12, rue du Centre",\N,\N,\N,\N,\N,35590,35081,35081,,\N,\N,0,0,\N,0.00,42.00,0.00,0,0,1,0,0,0,0.00,\N,0,0,0.00,0.00,0.00,0.00,0.00,0.00,1,SGS ICS,"29, avenue Aristide Briand 94111 ARCUEIL Cedex",1,0,2014-01-07 19:03:41,-1.85306,48.180727,0.47,housenumber,12 Rue du Parc 35590 Clayes,35081_0009_00012,12 RUE DU PARC,,V8,1,6.3c bis,Pour  les  autres  bâtiments  non  mentionnés  dans  les  deux  précédents  cas : Consommation par Energie,8_V8_DPE_6.3c_bis.pdf,0,Vente,Vente,1,TR002_004,Bâtiments ou partie de bâtiment à usage principal autre que d'habitation,Non résidentiel,0,5,0,TR012_005,5ème Catégorie,2ème Groupe,0,TR013_003,"M : Magasins de vente, centres commerciaux",1,0,Établissements installés dans un bâtiment,35,35 - Ile et Vilaine,2,1,0,400,5300,53000,79,400.00,,5,-5,418.70,32.90,51.80,66.90,90.00,28.00,41.00,H2,8.08,12.00,33300,3.40,Ea,2,4,1.50,2
564596,1335V4000151H,2211,3,4,Méthode Facture,,\N,\N,2013-12-17,2013-12-17,2011-09-15,,,94.00,B,3.00,A,4,"Bureau, Administration, Enseignement",\N,\N,1,404.14,404.14,35,CHARTRES-DE-BRETAGNE,,,"14, Rue Léo LAGRANGE",,,Bat. C; Etage 1,,,35131,35066,35066,,,\N,\N,2,R+1,367.40,100.00,0.00,0,0,1,0,0,0,0.00,\N,0,0,0.00,0.00,0.00,0.00,0.00,0.00,1,ICERT,Parc Edonia - Bâtiment G Rue de la Terre Victoria 35760 SAINT GREGOIRE (détail sur www.cofrac.fr programme n°4-4-11),0,0,2014-01-08 10:28:02,-1.693582,48.038258,0.96,housenumber,14 Rue Léo Lagrange 35131 Chartres-de-Bretagne,35066_0238_00014,14 RUE LEO LAGRANGE,,V4,1,6.3a bis,"Pour  les  bâtiments  à  usage  principal  de  bureau,  d’administration  ou  d’enseignement : Consommation par Energie",4_V4_DPE_6.3a_bis.pdf,0,Vente,Vente,1,TR002_004,Bâtiments ou partie de bâtiment à usage principal autre que d'habitation,Non résidentiel,0,5,0,,,,,,,,,,35,35 - Ile et Vilaine,2,1,0,400,5300,53000,79,400.00,,5,-5,418.70,32.90,51.80,66.90,90.00,28.00,41.00,H2,8.08,12.00,33300,3.40,Ea,2,4,1.50,2
564727,1435V8000005K,2128,2,8,3CL - DPE,V2012,\N,\N,2014-01-08,2014-01-08,2011-08-15,Le résultat du DPE est très handicapé par les consommations dues aux équipements de télécommunication liées au MSC extrêmement énergivores. Il est impossible de dissocier ces consommations du reste puisqu'il n'y a pas de sous-comptage.,17,2446.50,G,79.65,F,4,Autres,\N,\N,1995,0.00,0.00,35,CESSON-SÉVIGNÉ,10,,PARC D'ACTIVITE DES CHARMILLES,\N,1,,,,35510,35051,35051,,\N,\N,\N,0,\N,0.00,854.55,0.00,0,0,0,0,0,0,0.00,\N,0,0,0.00,0.00,0.00,0.00,0.00,0.00,1,DEKRA CERTIFICATION,"5, avenue Garlande 92220 BAGNEUX",0,0,2014-01-08 10:58:33,-1.619276,48.10388,0.61,locality,Parc des Charmilles 35510 Cesson-Sévigné,35051_pz2uix,PARC DES CHARMILLES,,V8,1,6.3c bis,Pour  les  autres  bâtiments  non  mentionnés  dans  les  deux  précédents  cas : Consommation par Energie,8_V8_DPE_6.3c_bis.pdf,0,Vente,Vente,1,TR002_004,Bâtiments ou partie de bâtiment à usage principal autre que d'habitation,Non résidentiel,0,5,0,,,,,,,,,,35,35 - Ile et Vilaine,2,1,0,400,5300,53000,79,400.00,,5,-5,418.70,32.90,51.80,66.90,90.00,28.00,41.00,H2,8.08,12.00,33300,3.40,Ea,2,4,1.50,2
568745,1435C1000001Y,9445,3,20,Méthode Facture,,\N,\N,2014-01-07,2014-01-08,2011-09-15,,,261.00,E,61.00,F,5,Centres Commerciaux,\N,\N,1947,71.50,71.50,35,Rennes,,,"24, rue de Chateaudun",,,,,,35000,35238,35238,NC,,,100,2,,65.00,100.00,0.00,0,0,1,0,0,0,0.00,\N,0,0,2.00,4.00,0.00,65.00,85.00,20.00,1,ICERT,Parc Edonia - Bâtiment G Rue de la Terre Victoria 35760 SAINT GREGOIRE (détail sur www.cofrac.fr programme n°4-4-11),0,0,2014-01-09 14:51:42,-1.665915,48.111673,0.98,housenumber,24 Rue de Châteaudun 35000 Rennes,35238_1790_00024,24 RUE DE CHATEAUDUN,,C1,5,Par usage,Pour les centres commerciaux,20_C1_DPE_6.a.pdf,0,Centre commercial,Centre commercial,4,TR002_005,Centre Commerciaux,Centres commerciaux,0,4,0,,,,,,,,,,35,35 - Ile et Vilaine,2,1,0,400,5300,53000,79,400.00,,5,-5,418.70,32.90,51.80,66.90,90.00,28.00,41.00,H2,8.08,12.00,33300,3.40,Ea,2,4,1.50,2
569730,1435V8000007M,2211,3,8,Méthode Facture,,\N,\N,2014-01-09,2014-01-09,2011-09-15,,,319.00,E,29.00,D,4,"Autres (théâtres, salles de sport, restaurati",\N,\N,1,790.43,790.43,35,LA MÉZIÈRE,,,ZA du Triangle Vert Rue du Trèfle,,,,,,35520,35059,35059,,,\N,\N,1,,718.57,100.00,0.00,0,0,1,0,0,0,0.00,\N,0,0,0.00,0.00,0.00,0.00,0.00,0.00,1,ICERT,Parc Edonia - Bâtiment G Rue de la Terre Victoria 35760 SAINT GREGOIRE (détail sur www.cofrac.fr programme n°4-4-11),0,0,2014-01-09 17:55:44,,,0,,,,,,V8,1,6.3c bis,Pour  les  autres  bâtiments  non  mentionnés  dans  les  deux  précédents  cas : Consommation par Energie,8_V8_DPE_6.3c_bis.pdf,0,Vente,Vente,1,TR002_004,Bâtiments ou partie de bâtiment à usage principal autre que d'habitation,Non résidentiel,0,5,0,,,,,,,,,,35,35 - Ile et Vilaine,2,1,0,400,5300,53000,79,400.00,,5,-5,418.70,32.90,51.80,66.90,90.00,28.00,41.00,H2,8.08,12.00,33300,3.40,Ea,2,4,1.50,2
572615,1435V7000003H,7729,2,7,3CL - DPE,V2012,\N,\N,2013-12-14,2014-01-10,2011-08-15,"DPE établit d'après les factures réelles de consommations d'énergie sur 1 an, à savoir :    - GPL         concernant la productio de chaufage &amp E.C.S.    - EDF         concernant l'éclairage, l'informatique, ...",\N,1305.00,G,317.87,G,4,Locaux Professionnels,5,\N,1980,0.00,0.00,35,L'HERMITAGE,90,\N,Z.A. La Hautière,\N,\N,\N,\N,\N,35590,35131,35131,NC,\N,,\N,2,,187.16,187.16,0.00,0,1,0,0,0,0,0.00,\N,0,0,0.00,0.00,0.00,0.00,0.00,0.00,1,I.Cert,Parc EDONIA - Bât. G rue de la Terre Victoria 35760 SAINT-GREGOIRE  ,0,0,2014-01-10 16:31:09,-1.824669,48.121157,0.55,street,Rue de la Hautière 35590 L'Hermitage,35131_0116,RUE DE LA HAUTIERE,,V7,1,6.3c,Pour  les  autres  bâtiments  non  mentionnés  dans  les  deux  précédents  cas : Consommation par Usage,7_V7_DPE_6.3c.pdf,0,Vente,Vente,1,TR002_004,Bâtiments ou partie de bâtiment à usage principal autre que d'habitation,Non résidentiel,0,5,0,TR012_005,5ème Catégorie,2ème Groupe,0,,,,,,35,35 - Ile et Vilaine,2,1,0,400,5300,53000,79,400.00,,5,-5,418.70,32.90,51.80,66.90,90.00,28.00,41.00,H2,8.08,12.00,33300,3.40,Ea,2,4,1.50,2
579508,1435V8000010G,9347,2,8,3CL - DPE,V2012,\N,\N,2014-01-14,2014-01-15,2011-08-15,La surface habitable indiquée ci-dessus ne répond pas aux critères de réalisation d'un certificat Loi Boutin sur Carrez et ne peut donc pas être utilisée en tant que tel. (ex : reporter cette surface sur le bail).,17,217.60,D,16.77,C,4,Autres,\N,\N,2002,0.00,0.00,35,LE RHEU,50,Rue,de Gerhoui,3,,,,,35650,35240,35240,,\N,\N,\N,0,\N,0.00,407.85,0.00,0,0,0,0,0,0,0.00,\N,0,0,0.00,0.00,0.00,0.00,0.00,0.00,1,ICERT,Parc EDONIA - Bât. A  Rue de la Terre Victoria 35760 SAINT-GRÉGOIRE,0,0,2014-01-14 12:19:14,-1.788852,48.092923,0.83,street,Rue de Gerhoui 35650 Le Rheu,35240_0307,RUE DE GERHOUI,,V8,1,6.3c bis,Pour  les  autres  bâtiments  non  mentionnés  dans  les  deux  précédents  cas : Consommation par Energie,8_V8_DPE_6.3c_bis.pdf,0,Vente,Vente,1,TR002_004,Bâtiments ou partie de bâtiment à usage principal autre que d'habitation,Non résidentiel,0,5,0,,,,,,,,,,35,35 - Ile et Vilaine,2,1,0,400,5300,53000,79,400.00,,5,-5,418.70,32.90,51.80,66.90,90.00,28.00,41.00,H2,8.08,12.00,33300,3.40,Ea,2,4,1.50,2
579620,1435C1000002@,9445,3,20,Méthode Facture,,\N,\N,2014-01-13,2014-01-14,2011-09-15,,,113.00,B,3.00,A,5,Centres Commerciaux,\N,\N,1,99.00,99.00,35,Montgermont,,,"6 C, rue Alain Colas",,,,,,35760,35189,35189,NC,,,100,2,,90.00,100.00,0.00,0,0,1,0,0,0,0.00,\N,0,0,14.00,0.00,0.00,90.00,90.00,50.00,1,ICERT,Parc Edonia - Bâtiment G Rue de la Terre Victoria 35760 SAINT GREGOIRE (détail sur www.cofrac.fr programme n°4-4-11),0,0,2014-01-14 13:02:09,-1.717479,48.154942,0.81,housenumber,6c Rue Alain Colas 35760 Montgermont,35189_0239_00006_c,6C RUE ALAIN COLAS,,C1,5,Par usage,Pour les centres commerciaux,20_C1_DPE_6.a.pdf,0,Centre commercial,Centre commercial,4,TR002_005,Centre Commerciaux,Centres commerciaux,0,4,0,,,,,,,,,,35,35 - Ile et Vilaine,2,1,0,400,5300,53000,79,400.00,,5,-5,418.70,32.90,51.80,66.90,90.00,28.00,41.00,H2,8.08,12.00,33300,3.40,Ea,2,4,1.50,2
579936,1435V7000005J,5058,3,7,Méthode Facture,,\N,\N,2014-01-13,2014-01-14,2011-09-15,"Pour ce type d'immeuble, la réglementation impose d'utiliser les consommations réelles pour déterminer les étiquettes 'énergie' et 'climat' : cette information ne nous ayant pas été fournie par le propriétaire, il n'est pas possible d'estimer les consommations. Le diagnostic se limite donc au descriptif et aux recommandations.  Locaux commerciaux divisés en plusieurs cellules commerciales avec leurs propres productions de chauffage et d'eau chaude.",,0.00,N,0.00,N,4,"Autres (théâtres, salles de sport, restaurati",\N,\N,1,1279.36,1279.36,35,RENNES,,,ILOT ABC 6 ESPACE BEAUREGARD,,,,,,35000,35238,35238,Sans objet,,\N,\N,1,Commerces en rez de chaussée d'immeubles coll,1163.05,100.00,0.00,0,0,1,0,0,0,0.00,\N,0,0,0.00,0.00,0.00,0.00,0.00,0.00,1,C147 DELIVRE LE 27/09/2013 QUALIXPERT 17 RUE BORREL 81100 CASTRES,17 rue Borrel 81100 CASTRES (détail sur www.cofrac.fr programme n°4-4-11),1,0,2014-01-14 14:41:11,,,0,,,,,,V7,1,6.3c,Pour  les  autres  bâtiments  non  mentionnés  dans  les  deux  précédents  cas : Consommation par Usage,7_V7_DPE_6.3c.pdf,0,Vente,Vente,1,TR002_004,Bâtiments ou partie de bâtiment à usage principal autre que d'habitation,Non résidentiel,0,5,0,,,,,,,,,,35,35 - Ile et Vilaine,2,1,0,400,5300,53000,79,400.00,,5,-5,418.70,32.90,51.80,66.90,90.00,28.00,41.00,H2,8.08,12.00,33300,3.40,Ea,2,4,1.50,2
580137,1435V4000005G,7070,3,4,Méthode Facture,,\N,\N,2014-01-09,2014-01-09,2011-09-15,Seules les factures d'énergie de chauffage ont été fournies,,194.00,C,34.00,D,4,"Bureau, Administration, Enseignement",\N,\N,1947,258.26,258.26,35,RENNES,,,3 place du Général Giraud,,,Etage 2,,,35000,35238,35238,Etage 2,,\N,\N,2,Partie du 2 étage,234.78,100.00,0.00,0,0,1,0,0,0,0.00,\N,0,0,0.00,0.00,0.00,0.00,0.00,0.00,1,Icert,Parc Edonia - Bâtiment G Rue de la Terre Victoria 35760 SAINT GREGOIRE (détail sur www.cofrac.fr programme n°4-4-11),0,0,2014-01-14 15:19:20,-1.678478,48.105743,0.85,housenumber,3 Place Général Giraud 35000 Rennes,35238_3652_00003,3 PLACE GENERAL GIRAUD,,V4,1,6.3a bis,"Pour  les  bâtiments  à  usage  principal  de  bureau,  d’administration  ou  d’enseignement : Consommation par Energie",4_V4_DPE_6.3a_bis.pdf,0,Vente,Vente,1,TR002_004,Bâtiments ou partie de bâtiment à usage principal autre que d'habitation,Non résidentiel,0,5,0,,,,,,,,,,35,35 - Ile et Vilaine,2,1,0,400,5300,53000,79,400.00,,5,-5,418.70,32.90,51.80,66.90,90.00,28.00,41.00,H2,8.08,12.00,33300,3.40,Ea,2,4,1.50,2
580264,1435N1000233Y,3124,10,11,FACTURE - DPE,V2012,Th-CE 2005,113,2014-01-13,2014-01-14,2011-08-15,,,64.20,B,3.81,A,4,bureaux,\N,\N,2014,\N,\N,35,SAINT-JACQUES-DE-LA-LANDE,00,rue,Emile Souvestre,,,,,,35136,35281,35281,,,,,\N,,\N,\N,\N,\N,\N,\N,\N,\N,\N,\N,,\N,\N,\N,\N,\N,\N,\N,\N,1,ICERT,Parc Edonia - Bâtiment G Rue de la Terre Victoria 35760 Saint-Grégoire ,0,0,2014-01-14 15:36:15,-1.702477,48.066918,0.96,street,Rue Emile Souvestre 35136 Saint-Jacques-de-la-Lande,35281_0042,RUE EMILE SOUVESTRE,,N1,3,6.1 neuf,Pour  les  bâtiments  neufs  à  usage  principal  d’habitation,11_N1_DPE_6.1_neuf.pdf,0,Neuf,Neuf,3,TR002_004,Bâtiments ou partie de bâtiment à usage principal autre que d'habitation,Non résidentiel,0,5,0,,,,,,,,,,35,35 - Ile et Vilaine,2,1,0,400,5300,53000,79,400.00,,5,-5,418.70,32.90,51.80,66.90,90.00,28.00,41.00,H2,8.08,12.00,33300,3.40,Ea,2,4,1.50,2
580935,1435V8000012I,2465,5,8,FACTURE,VERSION_2012,\N,\N,2014-01-14,2014-01-14,2011-08-15,\N,,0.00,N,0.00,N,4,\N,5,3,1938,35.53,35.53,35,RENNES,,\N,66 route de Lorient,\N,\N,\N,\N,\N,35000,35238,35238,,\N,\N,0,0,\N,0.00,32.30,0.00,0,0,1,0,0,0,0.00,\N,0,0,0.00,0.00,0.00,0.00,0.00,0.00,1,I.CERT,Parc Edonia - Rue de la Terre Victoria 35760 Saint Grégoire,1,0,2014-01-14 16:54:17,-1.705151,48.108783,0.71,housenumber,66 Rue de Lorient 35000 Rennes,35238_5802_00066,66 RUE DE LORIENT,,V8,1,6.3c bis,Pour  les  autres  bâtiments  non  mentionnés  dans  les  deux  précédents  cas : Consommation par Energie,8_V8_DPE_6.3c_bis.pdf,0,Vente,Vente,1,TR002_004,Bâtiments ou partie de bâtiment à usage principal autre que d'habitation,Non résidentiel,0,5,0,TR012_005,5ème Catégorie,2ème Groupe,0,TR013_003,"M : Magasins de vente, centres commerciaux",1,0,Établissements installés dans un bâtiment,35,35 - Ile et Vilaine,2,1,0,400,5300,53000,79,400.00,,5,-5,418.70,32.90,51.80,66.90,90.00,28.00,41.00,H2,8.08,12.00,33300,3.40,Ea,2,4,1.50,2
581062,1435V8000013J,764,3,8,Méthode Facture,,\N,\N,2014-01-13,2014-01-13,2011-09-15,,,352.00,E,22.00,C,4,"Autres (théâtres, salles de sport, restaurati",\N,\N,1947,142.12,142.12,35,RENNES,,,16 rue Hoche,,,Etage RDC,,,35000,35238,35238,"1, 2, 11, 27",,\N,\N,2,commerce en RDC d’immeuble d’habitation : mag,129.20,100.00,0.00,0,0,1,0,0,0,0.00,\N,0,0,0.00,19.97,0.00,129.00,128.84,90.00,1,Bureau Veritas Certification,Immeuble Le Guillaumet - 60 Avenue du Général de Gaulle - 92800 PUTEAUX (détail sur www.cofrac.fr programme n°4-4-11),0,0,2014-01-14 17:14:33,-1.677252,48.113329,0.98,housenumber,16 Rue Hoche 35000 Rennes,35238_4470_00016,16 RUE HOCHE,,V8,1,6.3c bis,Pour  les  autres  bâtiments  non  mentionnés  dans  les  deux  précédents  cas : Consommation par Energie,8_V8_DPE_6.3c_bis.pdf,0,Vente,Vente,1,TR002_004,Bâtiments ou partie de bâtiment à usage principal autre que d'habitation,Non résidentiel,0,5,0,,,,,,,,,,35,35 - Ile et Vilaine,2,1,0,400,5300,53000,79,400.00,,5,-5,418.70,32.90,51.80,66.90,90.00,28.00,41.00,H2,8.08,12.00,33300,3.40,Ea,2,4,1.50,2
584577,1435V4000006H,10052,5,4,FACTURE,VERSION_2012,\N,\N,2014-01-13,2014-01-15,2011-08-15,\N,,242.41,D,72.72,E,4,\N,\N,\N,1960,70.00,70.00,35,RENNES,,\N,17 RUE DE VIARMES - LOCAL,\N,\N,\N,\N,\N,35000,35238,35238,,\N,\N,0,0,\N,0.00,63.64,0.00,0,0,1,0,0,0,0.00,\N,0,0,0.00,0.00,0.00,0.00,0.00,0.00,1,ICERT,n/c,0,0,2014-01-15 16:54:05,-1.671293,48.111716,0.73,housenumber,17 Rue de Viarmes 35000 Rennes,35238_9520_00017,17 RUE DE VIARMES,,V4,1,6.3a bis,"Pour  les  bâtiments  à  usage  principal  de  bureau,  d’administration  ou  d’enseignement : Consommation par Energie",4_V4_DPE_6.3a_bis.pdf,0,Vente,Vente,1,TR002_004,Bâtiments ou partie de bâtiment à usage principal autre que d'habitation,Non résidentiel,0,5,0,,,,,,,,,,35,35 - Ile et Vilaine,2,1,0,400,5300,53000,79,400.00,,5,-5,418.70,32.90,51.80,66.90,90.00,28.00,41.00,H2,8.08,12.00,33300,3.40,Ea,2,4,1.50,2
590755,1335V4000152I,7070,3,4,Méthode Facture,,\N,\N,2013-12-19,2013-12-19,2011-09-15,Aucun élément sur la chaufferie nous a été fourni par le syndic de copropriété,,140.00,C,32.00,D,4,"Bureau, Administration, Enseignement",\N,\N,1947,88.00,88.00,35,RENNES,,,74 H rue de Paris,,,Etage RDC,,,35000,35238,35238,Non communiqué,,\N,\N,2,Partie du rez de chaussée,80.00,100.00,0.00,0,0,1,0,0,0,0.00,\N,0,0,0.00,0.00,0.00,0.00,0.00,0.00,1,Icert,Parc Edonia - Bâtiment G Rue de la Terre Victoria 35760 SAINT GREGOIRE (détail sur www.cofrac.fr programme n°4-4-11),0,0,2014-01-17 10:49:38,-1.661877,48.112872,0.82,housenumber,74h Rue de Paris 35000 Rennes,35238_7090_00074_h,74H RUE DE PARIS,,V4,1,6.3a bis,"Pour  les  bâtiments  à  usage  principal  de  bureau,  d’administration  ou  d’enseignement : Consommation par Energie",4_V4_DPE_6.3a_bis.pdf,0,Vente,Vente,1,TR002_004,Bâtiments ou partie de bâtiment à usage principal autre que d'habitation,Non résidentiel,0,5,0,,,,,,,,,,35,35 - Ile et Vilaine,2,1,0,400,5300,53000,79,400.00,,5,-5,418.70,32.90,51.80,66.90,90.00,28.00,41.00,H2,8.08,12.00,33300,3.40,Ea,2,4,1.50,2
591071,1435V7000007L,9347,2,7,3CL - DPE,V2012,\N,\N,2014-01-10,2014-01-17,2011-08-15,"La surface habitable indiquée ci-dessus ne répond pas aux critères de réalisation d'un certificat Loi Boutin sur Carrez et ne peut donc pas être utilisée en tant que tel. (ex : reporter cette surface sur le bail). Le Diagnostic de Performance Energétique (DPE) pour ce bien doit être calculé de manière réglementaire à partir des consommations réelles d'énergie des trois dernières années. Après demande formelle au donneur d'ordre et/ou propriétaire, ces informations de consommation n'ont pas été portées à la connaissance du technicien. Par conséquent, le DPE est réalisé sans création d'étiquette de classement énergétique. La mise à jour du rapport pourra être faite ultérieurement si les consommations d'énergie sont transmises à CHB-YADIS.",17,0.00,N,0.00,N,4,Autres,\N,\N,1989,0.00,0.00,35,RENNES,00,Rue,des Veyettes,36,,,,,35000,35238,35238,,\N,\N,\N,0,\N,0.00,0.00,0.00,0,0,0,0,0,0,0.00,\N,0,0,0.00,0.00,0.00,0.00,0.00,0.00,1,ICERT,Parc EDONIA - Bât. A  Rue de la Terre Victoria 35760 SAINT-GRÉGOIRE,1,0,2014-01-17 11:45:57,-1.630231,48.096778,0.98,housenumber,36 Rue des Veyettes 35000 Rennes,35238_9505_00036,36 RUE DES VEYETTES,,V7,1,6.3c,Pour  les  autres  bâtiments  non  mentionnés  dans  les  deux  précédents  cas : Consommation par Usage,7_V7_DPE_6.3c.pdf,0,Vente,Vente,1,TR002_004,Bâtiments ou partie de bâtiment à usage principal autre que d'habitation,Non résidentiel,0,5,0,,,,,,,,,,35,35 - Ile et Vilaine,2,1,0,400,5300,53000,79,400.00,,5,-5,418.70,32.90,51.80,66.90,90.00,28.00,41.00,H2,8.08,12.00,33300,3.40,Ea,2,4,1.50,2
600304,1435V4000008J,4510,10,4,FACTURE - DPE,V2012,\N,\N,2014-01-21,2014-01-21,2011-08-15, Le locataire précédent n'a pu transmettre les moyennes des consommations énergétiques des 3 dernières années.,,0.00,N,0.00,N,4,bureaux,\N,\N,1948,39.16,39.16,35,RENNES,00,avenue,Janvier,10,,,,,35000,35238,35238,,,,,\N,,\N,\N,\N,\N,\N,\N,\N,\N,\N,\N,,\N,\N,\N,\N,\N,\N,\N,\N,1,SQI,89-94 rue Paul Vaillant Couturier 94240 GENTILLY,1,0,2014-01-21 11:59:20,-1.673379,48.106683,0.76,housenumber,10 Avenue Jean Janvier 35000 Rennes,35238_4740_00010,10 AVENUE JEAN JANVIER,,V4,1,6.3a bis,"Pour  les  bâtiments  à  usage  principal  de  bureau,  d’administration  ou  d’enseignement : Consommation par Energie",4_V4_DPE_6.3a_bis.pdf,0,Vente,Vente,1,TR002_004,Bâtiments ou partie de bâtiment à usage principal autre que d'habitation,Non résidentiel,0,5,0,,,,,,,,,,35,35 - Ile et Vilaine,2,1,0,400,5300,53000,79,400.00,,5,-5,418.70,32.90,51.80,66.90,90.00,28.00,41.00,H2,8.08,12.00,33300,3.40,Ea,2,4,1.50,2
607473,1435N1000361A,10926,10,11,FACTURE - DPE,V2012,Th-BCE 2012,,2014-01-20,2014-01-20,2011-08-15,Le DPE est réalisé avec les informations transmises dans la note de calcul thermique du 10/07/2012 de ASTEC. La surface habitable de la zone utilisée est celle donnée par le tableau récapitulatif des surfaces: 157m².,,71.90,B,7.91,B,4,bureaux,\N,\N,2013,\N,\N,35,PACE,00,avenue,Pinault,30,,,,,35740,35210,35210,,,,,\N,,\N,\N,\N,\N,\N,\N,\N,\N,\N,\N,,\N,\N,\N,\N,\N,\N,\N,\N,1,Socotec Certification,89-93 avenue Paul Vaillant Couturier 94250 GENTILLY,0,0,2014-01-23 08:54:48,-1.78077,48.148014,0.38,street,Avenue Etienne et Mathilde Pinault 35740 Pacé,35210_0140,AV ETIENNE ET MATHILDE PINAULT,,N1,3,6.1 neuf,Pour  les  bâtiments  neufs  à  usage  principal  d’habitation,11_N1_DPE_6.1_neuf.pdf,0,Neuf,Neuf,3,TR002_004,Bâtiments ou partie de bâtiment à usage principal autre que d'habitation,Non résidentiel,0,5,0,,,,,,,,,,35,35 - Ile et Vilaine,2,1,0,400,5300,53000,79,400.00,,5,-5,418.70,32.90,51.80,66.90,90.00,28.00,41.00,H2,8.08,12.00,33300,3.40,Ea,2,4,1.50,2
607949,1435V4000010C,10926,10,4,FACTURE - DPE,V2012,\N,\N,2014-01-22,2014-01-22,2011-08-15," Dans le cadre du changement d'affectation des locaux, il ne nous a pas été fourni de relevés exploitables des consommations. Ne pouvant utiliser pour ce type de bien une méthode de calcul conventionnel (voir arrêté du 8 février 2012), il n'est pas possible d'établir une estimation des consommations et de fournir les étiquettes   énergie   et   climat . Le diagnostic se limite aux constatations et aux descriptifs.  ",,0.00,N,0.00,N,4,tertiaire,\N,\N,2000,\N,\N,35,PACE,00,avenue,PINAULT,,,,,,35740,35210,35210,,,,,\N,,\N,\N,\N,\N,\N,\N,\N,\N,\N,\N,,\N,\N,\N,\N,\N,\N,\N,\N,1,Socotec Certification,89-93 avenue Paul Vaillant Couturier 94250 GENTILLY,1,0,2014-01-23 10:45:49,-1.78077,48.148014,0.41,street,Avenue Etienne et Mathilde Pinault 35740 Pacé,35210_0140,AV ETIENNE ET MATHILDE PINAULT,,V4,1,6.3a bis,"Pour  les  bâtiments  à  usage  principal  de  bureau,  d’administration  ou  d’enseignement : Consommation par Energie",4_V4_DPE_6.3a_bis.pdf,0,Vente,Vente,1,TR002_004,Bâtiments ou partie de bâtiment à usage principal autre que d'habitation,Non résidentiel,0,5,0,,,,,,,,,,35,35 - Ile et Vilaine,2,1,0,400,5300,53000,79,400.00,,5,-5,418.70,32.90,51.80,66.90,90.00,28.00,41.00,H2,8.08,12.00,33300,3.40,Ea,2,4,1.50,2
607954,1435V4000011D,10926,10,4,FACTURE - DPE,V2012,\N,\N,2014-01-22,2014-01-22,2011-08-15," Dans le cadre du changement d'affectation des locaux, il ne nous a pas été fourni de relevés exploitables des consommations. Ne pouvant utiliser pour ce type de bien une méthode de calcul conventionnel (voir arrêté du 8 février 2012), il n'est pas possible d'établir une estimation des consommations et de fournir les étiquettes   énergie   et   climat . Le diagnostic se limite aux constatations et aux descriptifs.  ",,0.00,N,0.00,N,4,tertiaire,\N,\N,2000,\N,\N,35,PACE,00,avenue,PINAULT,,,,,,35740,35210,35210,,,,,\N,,\N,\N,\N,\N,\N,\N,\N,\N,\N,\N,,\N,\N,\N,\N,\N,\N,\N,\N,1,Socotec Certification,89-93 avenue Paul Vaillant Couturier 94250 GENTILLY,1,0,2014-01-23 10:46:05,-1.78077,48.148014,0.41,street,Avenue Etienne et Mathilde Pinault 35740 Pacé,35210_0140,AV ETIENNE ET MATHILDE PINAULT,,V4,1,6.3a bis,"Pour  les  bâtiments  à  usage  principal  de  bureau,  d’administration  ou  d’enseignement : Consommation par Energie",4_V4_DPE_6.3a_bis.pdf,0,Vente,Vente,1,TR002_004,Bâtiments ou partie de bâtiment à usage principal autre que d'habitation,Non résidentiel,0,5,0,,,,,,,,,,35,35 - Ile et Vilaine,2,1,0,400,5300,53000,79,400.00,,5,-5,418.70,32.90,51.80,66.90,90.00,28.00,41.00,H2,8.08,12.00,33300,3.40,Ea,2,4,1.50,2
607992,1435V4000012E,10926,10,4,FACTURE - DPE,V2012,\N,\N,2014-01-22,2014-01-22,2011-08-15," Dans le cadre du changement d'affectation des locaux, il ne nous a pas été fourni de relevés exploitables des consommations. Ne pouvant utiliser pour ce type de bien une méthode de calcul conventionnel (voir arrêté du 8 février 2012), il n'est pas possible d'établir une estimation des consommations et de fournir les étiquettes   énergie   et   climat . Le diagnostic se limite aux constatations et aux descriptifs.  ",,0.00,N,0.00,N,4,tertiaire,\N,\N,2000,\N,\N,35,PACE,00,avenue,PINAULT,,,,,,35740,35210,35210,,,,,\N,,\N,\N,\N,\N,\N,\N,\N,\N,\N,\N,,\N,\N,\N,\N,\N,\N,\N,\N,1,Socotec Certification,89-93 avenue Paul Vaillant Couturier 94250 GENTILLY,1,0,2014-01-23 10:50:04,-1.78077,48.148014,0.41,street,Avenue Etienne et Mathilde Pinault 35740 Pacé,35210_0140,AV ETIENNE ET MATHILDE PINAULT,,V4,1,6.3a bis,"Pour  les  bâtiments  à  usage  principal  de  bureau,  d’administration  ou  d’enseignement : Consommation par Energie",4_V4_DPE_6.3a_bis.pdf,0,Vente,Vente,1,TR002_004,Bâtiments ou partie de bâtiment à usage principal autre que d'habitation,Non résidentiel,0,5,0,,,,,,,,,,35,35 - Ile et Vilaine,2,1,0,400,5300,53000,79,400.00,,5,-5,418.70,32.90,51.80,66.90,90.00,28.00,41.00,H2,8.08,12.00,33300,3.40,Ea,2,4,1.50,2
607995,1435V4000013F,10926,10,4,FACTURE - DPE,V2012,\N,\N,2014-01-22,2014-01-22,2011-08-15," Dans le cadre du changement d'affectation des locaux, il ne nous a pas été fourni de relevés exploitables des consommations. Ne pouvant utiliser pour ce type de bien une méthode de calcul conventionnel (voir arrêté du 8 février 2012), il n'est pas possible d'établir une estimation des consommations et de fournir les étiquettes   énergie   et   climat . Le diagnostic se limite aux constatations et aux descriptifs.  ",,0.00,N,0.00,N,4,tertiaire,\N,\N,2000,\N,\N,35,PACE,00,avenue,PINAULT,,,,,,35740,35210,35210,,,,,\N,,\N,\N,\N,\N,\N,\N,\N,\N,\N,\N,,\N,\N,\N,\N,\N,\N,\N,\N,1,Socotec Certification,89-93 avenue Paul Vaillant Couturier 94250 GENTILLY,1,0,2014-01-23 10:50:12,-1.78077,48.148014,0.41,street,Avenue Etienne et Mathilde Pinault 35740 Pacé,35210_0140,AV ETIENNE ET MATHILDE PINAULT,,V4,1,6.3a bis,"Pour  les  bâtiments  à  usage  principal  de  bureau,  d’administration  ou  d’enseignement : Consommation par Energie",4_V4_DPE_6.3a_bis.pdf,0,Vente,Vente,1,TR002_004,Bâtiments ou partie de bâtiment à usage principal autre que d'habitation,Non résidentiel,0,5,0,,,,,,,,,,35,35 - Ile et Vilaine,2,1,0,400,5300,53000,79,400.00,,5,-5,418.70,32.90,51.80,66.90,90.00,28.00,41.00,H2,8.08,12.00,33300,3.40,Ea,2,4,1.50,2
607996,1435V4000014G,10926,10,4,FACTURE - DPE,V2012,\N,\N,2014-01-22,2014-01-22,2011-08-15," Dans le cadre du changement d'affectation des locaux, il ne nous a pas été fourni de relevés exploitables des consommations. Ne pouvant utiliser pour ce type de bien une méthode de calcul conventionnel (voir arrêté du 8 février 2012), il n'est pas possible d'établir une estimation des consommations et de fournir les étiquettes   énergie   et   climat . Le diagnostic se limite aux constatations et aux descriptifs.  ",,0.00,N,0.00,N,4,tertiaire,\N,\N,2000,\N,\N,35,PACE,00,avenue,PINAULT,,,,,,35740,35210,35210,,,,,\N,,\N,\N,\N,\N,\N,\N,\N,\N,\N,\N,,\N,\N,\N,\N,\N,\N,\N,\N,1,Socotec Certification,89-93 avenue Paul Vaillant Couturier 94250 GENTILLY,1,0,2014-01-23 10:50:19,-1.78077,48.148014,0.41,street,Avenue Etienne et Mathilde Pinault 35740 Pacé,35210_0140,AV ETIENNE ET MATHILDE PINAULT,,V4,1,6.3a bis,"Pour  les  bâtiments  à  usage  principal  de  bureau,  d’administration  ou  d’enseignement : Consommation par Energie",4_V4_DPE_6.3a_bis.pdf,0,Vente,Vente,1,TR002_004,Bâtiments ou partie de bâtiment à usage principal autre que d'habitation,Non résidentiel,0,5,0,,,,,,,,,,35,35 - Ile et Vilaine,2,1,0,400,5300,53000,79,400.00,,5,-5,418.70,32.90,51.80,66.90,90.00,28.00,41.00,H2,8.08,12.00,33300,3.40,Ea,2,4,1.50,2
607997,1435V4000015H,10926,10,4,FACTURE - DPE,V2012,\N,\N,2014-01-22,2014-01-22,2011-08-15," Dans le cadre du changement d'affectation des locaux, il ne nous a pas été fourni de relevés exploitables des consommations. Ne pouvant utiliser pour ce type de bien une méthode de calcul conventionnel (voir arrêté du 8 février 2012), il n'est pas possible d'établir une estimation des consommations et de fournir les étiquettes   énergie   et   climat . Le diagnostic se limite aux constatations et aux descriptifs.  ",,0.00,N,0.00,N,4,tertiaire,\N,\N,2000,\N,\N,35,PACE,00,avenue,PINAULT,,,,,,35740,35210,35210,,,,,\N,,\N,\N,\N,\N,\N,\N,\N,\N,\N,\N,,\N,\N,\N,\N,\N,\N,\N,\N,1,Socotec Certification,89-93 avenue Paul Vaillant Couturier 94250 GENTILLY,1,0,2014-01-23 10:50:26,-1.78077,48.148014,0.41,street,Avenue Etienne et Mathilde Pinault 35740 Pacé,35210_0140,AV ETIENNE ET MATHILDE PINAULT,,V4,1,6.3a bis,"Pour  les  bâtiments  à  usage  principal  de  bureau,  d’administration  ou  d’enseignement : Consommation par Energie",4_V4_DPE_6.3a_bis.pdf,0,Vente,Vente,1,TR002_004,Bâtiments ou partie de bâtiment à usage principal autre que d'habitation,Non résidentiel,0,5,0,,,,,,,,,,35,35 - Ile et Vilaine,2,1,0,400,5300,53000,79,400.00,,5,-5,418.70,32.90,51.80,66.90,90.00,28.00,41.00,H2,8.08,12.00,33300,3.40,Ea,2,4,1.50,2
608182,1435V4000016I,10926,10,4,FACTURE - DPE,V2012,\N,\N,2014-01-22,2014-01-22,2011-08-15," Il ne nous a pas été fourni de relevés exploitables des consommations. Ne pouvant utiliser pour ce type de bien une méthode de calcul conventionnel (voir arrêté du 8 février 2012), il n'est pas possible d'établir une estimation des consommations et de fournir les étiquettes   énergie   et   climat . Le diagnostic se limite aux constatations et aux descriptifs.",,0.00,N,0.00,N,4,Crèche,\N,\N,2000,451.00,451.00,35,PACE,00,avenue,PINAULT,,,,,,35740,35210,35210,,,,,\N,,\N,\N,\N,\N,\N,\N,\N,\N,\N,\N,,\N,\N,\N,\N,\N,\N,\N,\N,1,Socotec Certification,89-93 avenue Paul Vaillant Couturier 94250 GENTILLY,1,0,2014-01-23 11:21:07,-1.78077,48.148014,0.41,street,Avenue Etienne et Mathilde Pinault 35740 Pacé,35210_0140,AV ETIENNE ET MATHILDE PINAULT,,V4,1,6.3a bis,"Pour  les  bâtiments  à  usage  principal  de  bureau,  d’administration  ou  d’enseignement : Consommation par Energie",4_V4_DPE_6.3a_bis.pdf,0,Vente,Vente,1,TR002_004,Bâtiments ou partie de bâtiment à usage principal autre que d'habitation,Non résidentiel,0,5,0,,,,,,,,,,35,35 - Ile et Vilaine,2,1,0,400,5300,53000,79,400.00,,5,-5,418.70,32.90,51.80,66.90,90.00,28.00,41.00,H2,8.08,12.00,33300,3.40,Ea,2,4,1.50,2
609634,1435V4000017J,7070,3,4,Méthode Facture,,\N,\N,2014-01-23,2014-01-23,2011-09-15,Seules les factures d'énergie de chauffage ont été fournies,,191.00,C,34.00,D,4,"Bureau, Administration, Enseignement",\N,\N,1947,58.78,58.78,35,RENNES,,,3 place du Général Giraud,,,Etage 1 Gauche,,,35000,35238,35238,Etage 1 Gauche,,\N,\N,2,Partie du 1 étage,53.44,100.00,0.00,0,0,1,0,0,0,0.00,\N,0,0,0.00,0.00,0.00,0.00,0.00,0.00,1,Icert,Parc Edonia - Bâtiment G Rue de la Terre Victoria 35760 SAINT GREGOIRE (détail sur www.cofrac.fr programme n°4-4-11),0,0,2014-01-23 16:20:45,-1.678478,48.105743,0.85,housenumber,3 Place Général Giraud 35000 Rennes,35238_3652_00003,3 PLACE GENERAL GIRAUD,,V4,1,6.3a bis,"Pour  les  bâtiments  à  usage  principal  de  bureau,  d’administration  ou  d’enseignement : Consommation par Energie",4_V4_DPE_6.3a_bis.pdf,0,Vente,Vente,1,TR002_004,Bâtiments ou partie de bâtiment à usage principal autre que d'habitation,Non résidentiel,0,5,0,,,,,,,,,,35,35 - Ile et Vilaine,2,1,0,400,5300,53000,79,400.00,,5,-5,418.70,32.90,51.80,66.90,90.00,28.00,41.00,H2,8.08,12.00,33300,3.40,Ea,2,4,1.50,2
609861,1435V4000018K,2931,5,4,FACTURE,VERSION_2012,\N,\N,2014-01-23,2014-01-23,2011-08-15,\N,,492.44,E,16.03,C,4,\N,5,3,1900,75.90,75.90,35,ACIGNÉ,,\N,"4, rue des Verdaudais",\N,\N,\N,\N,\N,35690,35001,35001,,\N,\N,0,0,\N,0.00,69.00,0.00,0,0,1,0,0,0,0.00,\N,0,0,0.00,0.00,0.00,0.00,0.00,0.00,1,SGS ICS,"29, avenue Aristide Briand 94111 ARCUEIL CEDEX",0,0,2014-01-23 16:52:15,-1.533497,48.134819,0.96,housenumber,4 Rue des Verdaudais 35690 Acigné,35001_0140_00004,4 RUE DES VERDAUDAIS,,V4,1,6.3a bis,"Pour  les  bâtiments  à  usage  principal  de  bureau,  d’administration  ou  d’enseignement : Consommation par Energie",4_V4_DPE_6.3a_bis.pdf,0,Vente,Vente,1,TR002_004,Bâtiments ou partie de bâtiment à usage principal autre que d'habitation,Non résidentiel,0,5,0,TR012_005,5ème Catégorie,2ème Groupe,0,TR013_003,"M : Magasins de vente, centres commerciaux",1,0,Établissements installés dans un bâtiment,35,35 - Ile et Vilaine,2,1,0,400,5300,53000,79,400.00,,5,-5,418.70,32.90,51.80,66.90,90.00,28.00,41.00,H2,8.08,12.00,33300,3.40,Ea,2,4,1.50,2
613601,1435XX000003X,9347,2,24,3CL - DPE,V2012,\N,\N,2014-01-23,2014-01-24,2011-08-15,La surface habitable indiquée ci-dessus ne répond pas aux critères de réalisation d'un certificat Loi Boutin sur Carrez et ne peut donc pas être utilisée en tant que tel. (ex : reporter cette surface sur le bail).,17,265.92,D,28.69,C,4,,5,12,2004,0.00,0.00,35,BETTON,30,avenue,Armorique,63,,,,,35830,35024,35024,,\N,\N,\N,0,\N,0.00,351.00,0.00,0,0,0,0,0,0,0.00,\N,0,0,0.00,0.00,0.00,0.00,0.00,0.00,1,ICERT,Parc EDONIA - Bât. A  Rue de la Terre Victoria 35760 SAINT-GRÉGOIRE,0,0,2014-01-24 16:19:15,-1.650334,48.184847,0.87,housenumber,63 Avenue d'Armorique 35830 Betton,35024_0010_00063,63 AVENUE D ARMORIQUE,,XX,7,,"Autres cas : Demande de subventions, baux commerciaux, ...",,0,Autres,Autres,7,TR002_004,Bâtiments ou partie de bâtiment à usage principal autre que d'habitation,Non résidentiel,0,5,0,TR012_005,5ème Catégorie,2ème Groupe,0,TR013_012,"W : Administrations, banques, bureaux",1,0,Établissements installés dans un bâtiment,35,35 - Ile et Vilaine,2,1,0,400,5300,53000,79,400.00,,5,-5,418.70,32.90,51.80,66.90,90.00,28.00,41.00,H2,8.08,12.00,33300,3.40,Ea,2,4,1.50,2
615344,1435V8000019P,1770,2,8,3CL - DPE,V2012,\N,\N,2014-01-22,2014-01-22,2011-08-15,"Le Diagnostic de Performance Energétique (DPE) pour ce bien doit être calculé de manière réglementaire à partir des consommations réelles d'énergie des trois dernières années. Après demande formelle au donneur d'ordre et/ou propriétaire et exploitant des lieux, ces informations de consommation n'ont pas été portées à la connaissance du technicien. Par conséquent, le DPE est réalisé sans création d'étiquette de classement énergétique. La mise à jour du rapport pourra être faite ultérieurement si les consommations d'énergie sont transmises à CHB-YADIS. Le descriptif est donné à titre purement indicatif et ne saurait être une garantie du mode constructif ou de la structure du bien concerné, lesquels n'ont pu être totalement contrôlés.  La surface habitable indiquée ci-dessus ne répond pas aux critères de réalisation d'un certificat Loi Boutin sur Carrez et ne peut donc pas être utilisée en tant que tel. (ex : reporter cette surface sur le bail). Petit local privatif dans immeuble Collectif.",17,0.00,N,0.00,N,4,Commerce,\N,3,1997,0.00,0.00,35,LE RHEU,50,rue,Georges Brassens,5,,,,,35650,35240,35240,,\N,\N,\N,0,\N,0.00,0.00,0.00,0,0,0,0,0,0,0.00,\N,0,0,0.00,0.00,0.00,0.00,0.00,0.00,1,ICERT,Parc EDONIA - Bât. A  Rue de la Terre Victoria 35760 SAINT-GRÉGOIRE,1,0,2014-01-25 16:00:16,-1.796215,48.100739,0.96,housenumber,5 Rue Georges Brassens 35650 Le Rheu,35240_tlriq5_00005,5 RUE GEORGES BRASSENS,,V8,1,6.3c bis,Pour  les  autres  bâtiments  non  mentionnés  dans  les  deux  précédents  cas : Consommation par Energie,8_V8_DPE_6.3c_bis.pdf,0,Vente,Vente,1,TR002_004,Bâtiments ou partie de bâtiment à usage principal autre que d'habitation,Non résidentiel,0,5,0,,,,,TR013_003,"M : Magasins de vente, centres commerciaux",1,0,Établissements installés dans un bâtiment,35,35 - Ile et Vilaine,2,1,0,400,5300,53000,79,400.00,,5,-5,418.70,32.90,51.80,66.90,90.00,28.00,41.00,H2,8.08,12.00,33300,3.40,Ea,2,4,1.50,2
619935,1435V8000021I,3442,5,8,FACTURE,VERSION_2012,\N,\N,2014-01-27,2014-01-27,2011-08-15,\N,,279.83,E,9.11,B,4,\N,5,3,2009,60.50,60.50,35,ORGÈRES,,\N,"1, place de la Mairie",\N,\N,\N,\N,\N,35230,35032,35032,,\N,\N,0,0,\N,0.00,55.00,0.00,0,0,1,0,0,0,0.00,\N,0,0,0.00,0.00,0.00,0.00,0.00,0.00,1,SGS ICS,"29, avenue Aristide Briand 94111 ARCUEIL Cedex",0,0,2014-01-27 18:33:15,-1.616946,47.991048,0.39,housenumber,1 Rue de l'Ancienne Mairie 35230 Bourgbarré,35032_0110_00001,1 RUE DE L ANCIENNE MAIRIE,,V8,1,6.3c bis,Pour  les  autres  bâtiments  non  mentionnés  dans  les  deux  précédents  cas : Consommation par Energie,8_V8_DPE_6.3c_bis.pdf,0,Vente,Vente,1,TR002_004,Bâtiments ou partie de bâtiment à usage principal autre que d'habitation,Non résidentiel,0,5,0,TR012_005,5ème Catégorie,2ème Groupe,0,TR013_003,"M : Magasins de vente, centres commerciaux",1,0,Établissements installés dans un bâtiment,35,35 - Ile et Vilaine,2,1,0,400,5300,53000,79,400.00,,5,-5,418.70,32.90,51.80,66.90,90.00,28.00,41.00,H2,8.08,12.00,33300,3.40,Ea,2,4,1.50,2
623065,1435V3000002C,7070,3,3,Méthode Facture,,\N,\N,2014-01-28,2014-01-28,2011-09-15,,,0.00,N,0.00,N,4,"Bureau, Administration, Enseignement",\N,\N,1947,55.00,55.00,35,RENNES,,,1 Place du Maréchal Juin,,,Etage 3,,,35000,35238,35238,Etage 3,,\N,\N,2,Partie du 3ème étage,50.00,100.00,0.00,0,0,1,0,0,0,0.00,\N,0,0,0.00,0.00,0.00,0.00,0.00,0.00,1,Icert,Parc Edonia - Bâtiment G Rue de la Terre Victoria 35760 SAINT GREGOIRE (détail sur www.cofrac.fr programme n°4-4-11),1,0,2014-01-28 16:59:51,-1.680205,48.105537,0.85,housenumber,1 Place Maréchal Juin 35000 Rennes,35238_6315_00001,1 PLACE MARECHAL JUIN,,V3,1,6.3a,"Pour  les  bâtiments  à  usage  principal  de  bureau,  d’administration  ou  d’enseignement : Consommation par Usage",3_V3_DPE_6.3a.pdf,0,Vente,Vente,1,TR002_004,Bâtiments ou partie de bâtiment à usage principal autre que d'habitation,Non résidentiel,0,5,0,,,,,,,,,,35,35 - Ile et Vilaine,2,1,0,400,5300,53000,79,400.00,,5,-5,418.70,32.90,51.80,66.90,90.00,28.00,41.00,H2,8.08,12.00,33300,3.40,Ea,2,4,1.50,2
627567,1435V8000026N,1770,2,8,3CL - DPE,V2012,\N,\N,2014-01-29,2014-01-30,2011-08-15,"Partie commercial privative situé dans Immeuble collectif commun Le descriptif est donné à titre purement indicatif et ne saurait être une garantie du mode constructif ou de la structure du bien concerné, lesquels n'ont pu être totalement contrôlés.  Les relevés des consommations fournis intègrent les usages spécifiques de l'électricité ( éclairage, bureautique, équipements, électroménager) qui n'ont pu être dissociés. Cela conduit à une surestimation des dépenses énergétiques des postes chauffage, ECS et refroidissement.  ",17,570.13,G,18.56,C,4,Commerce,5,3,1948,0.00,0.00,35,RENNES,00,mail,François Mitterand,85,,,,,35000,35238,35238,,\N,\N,\N,0,\N,0.00,0.00,0.00,0,0,0,0,0,0,0.00,\N,0,0,0.00,0.00,0.00,0.00,0.00,0.00,1,ICERT,Parc EDONIA - Bât. A  Rue de la Terre Victoria 35760 SAINT-GRÉGOIRE,0,0,2014-01-29 18:08:11,-1.692812,48.108526,0.95,housenumber,85 Mail François Mitterrand 35000 Rennes,35238_6090_00085,85 MAIL FRANCOIS MITTERRAND,,V8,1,6.3c bis,Pour  les  autres  bâtiments  non  mentionnés  dans  les  deux  précédents  cas : Consommation par Energie,8_V8_DPE_6.3c_bis.pdf,0,Vente,Vente,1,TR002_004,Bâtiments ou partie de bâtiment à usage principal autre que d'habitation,Non résidentiel,0,5,0,TR012_005,5ème Catégorie,2ème Groupe,0,TR013_003,"M : Magasins de vente, centres commerciaux",1,0,Établissements installés dans un bâtiment,35,35 - Ile et Vilaine,2,1,0,400,5300,53000,79,400.00,,5,-5,418.70,32.90,51.80,66.90,90.00,28.00,41.00,H2,8.08,12.00,33300,3.40,Ea,2,4,1.50,2
628005,1435C1000003A,1161,3,20,Méthode Facture,,\N,\N,2014-01-28,2014-01-28,2011-09-15,,,0.00,N,0.00,N,5,Centres Commerciaux,\N,\N,1947,48.40,48.40,35,RENNES,,,1 rue Chateaurenault,,,,,,35000,35238,35238,"Magasin Rez-de-chaussée, Caves et Greniers",,,48,2,,44.00,48.00,0.00,0,0,1,0,0,0,0.00,\N,0,0,1.00,0.00,0.00,1.00,1.00,1.00,1,Bureau Veritas,Immeuble Le Guillaumet - 60 Avenue du Général de Gaulle - 92800 PUTEAUX (détail sur www.cofrac.fr programme n°4-4-11),1,0,2014-01-29 19:38:07,-1.675617,48.111348,0.45,housenumber,1 Rue Docteur Regnault 35000 Rennes,35238_2540_00001,1 RUE DOCTEUR REGNAULT,,C1,5,Par usage,Pour les centres commerciaux,20_C1_DPE_6.a.pdf,0,Centre commercial,Centre commercial,4,TR002_005,Centre Commerciaux,Centres commerciaux,0,4,0,,,,,,,,,,35,35 - Ile et Vilaine,2,1,0,400,5300,53000,79,400.00,,5,-5,418.70,32.90,51.80,66.90,90.00,28.00,41.00,H2,8.08,12.00,33300,3.40,Ea,2,4,1.50,2
629590,1435C2000002A,10320,3,21,Méthode Facture,,\N,\N,2014-01-20,2014-01-20,2011-09-15,,,152.00,C,35.00,D,5,Centres Commerciaux,\N,\N,1,43.12,43.12,35,RENNES,,,6 Rue du père lebret,,,,,,35000,35238,35238,n°112,,,39.2,2,Bureaux,39.20,39.20,0.00,0,0,1,0,0,0,0.00,\N,0,0,0.00,21.00,0.00,39.20,39.20,73.00,1,ICERT,Parc Edonia - Bâtiment G Rue de la Terre Victoria 35760 SAINT GREGOIRE (détail sur www.cofrac.fr programme n°4-4-11),0,0,2014-01-30 11:30:25,-1.696181,48.112931,0.97,housenumber,6 Rue du Père Lebret 35000 Rennes,35238_7345_00006,6 RUE DU PERE LEBRET,,C2,5,Par énergie,Pour les centres commerciaux,21_C2_DPE_6.b.pdf,0,Centre commercial,Centre commercial,4,TR002_005,Centre Commerciaux,Centres commerciaux,0,4,0,,,,,,,,,,35,35 - Ile et Vilaine,2,1,0,400,5300,53000,79,400.00,,5,-5,418.70,32.90,51.80,66.90,90.00,28.00,41.00,H2,8.08,12.00,33300,3.40,Ea,2,4,1.50,2
630228,1435V8000027O,8058,5,8,FACTURE,VERSION_2012,\N,\N,2014-01-30,2014-01-30,2011-08-15,\N,,0.00,N,0.00,N,4,\N,\N,\N,1900,242.00,242.00,35,RENNES,,\N,42 RUE AUGUSTE PAVIE - RESTAURANT,\N,\N,\N,\N,\N,35000,35238,35238,,\N,\N,0,0,\N,0.00,220.00,0.00,0,0,1,0,0,0,0.00,\N,0,0,0.00,0.00,0.00,0.00,0.00,0.00,1,ICERT,n/c,1,0,2014-01-30 15:03:02,-1.63645,48.103874,0.7,housenumber,42 Rue Auguste Pavie 35000 Rennes,35238_0575_00042,42 RUE AUGUSTE PAVIE,,V8,1,6.3c bis,Pour  les  autres  bâtiments  non  mentionnés  dans  les  deux  précédents  cas : Consommation par Energie,8_V8_DPE_6.3c_bis.pdf,0,Vente,Vente,1,TR002_004,Bâtiments ou partie de bâtiment à usage principal autre que d'habitation,Non résidentiel,0,5,0,,,,,,,,,,35,35 - Ile et Vilaine,2,1,0,400,5300,53000,79,400.00,,5,-5,418.70,32.90,51.80,66.90,90.00,28.00,41.00,H2,8.08,12.00,33300,3.40,Ea,2,4,1.50,2
634609,1435V8000028P,4811,5,8,FACTURE,VERSION_2012,\N,\N,2014-01-30,2014-01-31,2011-08-15,\N,,441.41,F,14.37,C,4,\N,5,3,1970,781.00,781.00,35,CHANTEPIE,,\N,La Bosse Aux Marques,\N,\N,\N,\N,\N,35135,35055,35055,,\N,\N,0,0,\N,0.00,710.00,0.00,0,0,1,0,0,0,0.00,\N,0,0,0.00,0.00,0.00,0.00,0.00,0.00,1,ICERT,116 bis rue Eugène Pottier 35500 RENNES,0,0,2014-01-31 15:16:32,,,0,,,,,,V8,1,6.3c bis,Pour  les  autres  bâtiments  non  mentionnés  dans  les  deux  précédents  cas : Consommation par Energie,8_V8_DPE_6.3c_bis.pdf,0,Vente,Vente,1,TR002_004,Bâtiments ou partie de bâtiment à usage principal autre que d'habitation,Non résidentiel,0,5,0,TR012_005,5ème Catégorie,2ème Groupe,0,TR013_003,"M : Magasins de vente, centres commerciaux",1,0,Établissements installés dans un bâtiment,35,35 - Ile et Vilaine,2,1,0,400,5300,53000,79,400.00,,5,-5,418.70,32.90,51.80,66.90,90.00,28.00,41.00,H2,8.08,12.00,33300,3.40,Ea,2,4,1.50,2
634994,1435V8000029Q,7070,3,8,Méthode Facture,,\N,\N,2014-01-31,2014-01-31,2011-09-15,,,843.00,G,78.00,F,4,"Autres (théâtres, salles de sport, restaurati",\N,\N,1947,119.59,119.59,35,BRUZ,,,15 bis Place du Docteur Joly ,,, RDC,,,35170,35047,35047,3,,\N,\N,2,Partie du rez de chaussée,108.72,100.00,0.00,0,0,1,0,0,0,0.00,\N,0,0,0.00,0.00,0.00,0.00,0.00,0.00,1,Icert,Parc Edonia - Bâtiment G Rue de la Terre Victoria 35760 SAINT GREGOIRE (détail sur www.cofrac.fr programme n°4-4-11),0,0,2014-01-31 16:24:04,-1.746713,48.024914,0.87,housenumber,15bis Place du Docteur Joly 35170 Bruz,35047_0200_00015_bis,15BIS PLACE DU DOCTEUR JOLY,,V8,1,6.3c bis,Pour  les  autres  bâtiments  non  mentionnés  dans  les  deux  précédents  cas : Consommation par Energie,8_V8_DPE_6.3c_bis.pdf,0,Vente,Vente,1,TR002_004,Bâtiments ou partie de bâtiment à usage principal autre que d'habitation,Non résidentiel,0,5,0,,,,,,,,,,35,35 - Ile et Vilaine,2,1,0,400,5300,53000,79,400.00,,5,-5,418.70,32.90,51.80,66.90,90.00,28.00,41.00,H2,8.08,12.00,33300,3.40,Ea,2,4,1.50,2
635007,1435V7000011G,1161,3,7,Méthode Facture,,\N,\N,2014-01-30,2014-01-30,2011-09-15,,,1248.00,G,121.00,G,4,"Autres (théâtres, salles de sport, restaurati",\N,\N,1947,199.10,199.10,35,RENNES,,,2 place du Calvaire,,,,,,35000,35238,35238,Restaurant et Cave,,\N,\N,2,,181.00,100.00,0.00,0,0,2,0,0,0,0.00,\N,0,0,1.00,0.00,0.00,1.00,1.00,1.00,1,Bureau Veritas,Immeuble Le Guillaumet - 60 Avenue du Général de Gaulle - 92800 PUTEAUX (détail sur www.cofrac.fr programme n°4-4-11),0,0,2014-01-31 16:26:37,-1.68095,48.111063,0.97,housenumber,2 Place du Calvaire 35000 Rennes,35238_1350_00002,2 PLACE DU CALVAIRE,,V7,1,6.3c,Pour  les  autres  bâtiments  non  mentionnés  dans  les  deux  précédents  cas : Consommation par Usage,7_V7_DPE_6.3c.pdf,0,Vente,Vente,1,TR002_004,Bâtiments ou partie de bâtiment à usage principal autre que d'habitation,Non résidentiel,0,5,0,,,,,,,,,,35,35 - Ile et Vilaine,2,1,0,400,5300,53000,79,400.00,,5,-5,418.70,32.90,51.80,66.90,90.00,28.00,41.00,H2,8.08,12.00,33300,3.40,Ea,2,4,1.50,2
642389,1435V8000030I,3139,5,8,FACTURE,VERSION_2012,\N,\N,2013-12-19,2014-02-03,2011-08-15,\N,,382.37,F,12.44,C,4,\N,\N,\N,1980,1023.00,1023.00,35,RENNES,,\N,RUE XAVIER GRAAL,\N,\N,\N,\N,\N,35000,35238,35238,,\N,\N,0,0,\N,0.00,930.00,0.00,0,0,1,0,0,0,0.00,\N,0,0,0.00,0.00,0.00,0.00,0.00,0.00,1,ICERT,n/c,0,0,2014-02-03 23:04:24,-1.639972,48.129216,0.86,street,Rue Xavier Grall 35700 Rennes,35238_9728,RUE XAVIER GRALL,,V8,1,6.3c bis,Pour  les  autres  bâtiments  non  mentionnés  dans  les  deux  précédents  cas : Consommation par Energie,8_V8_DPE_6.3c_bis.pdf,0,Vente,Vente,1,TR002_004,Bâtiments ou partie de bâtiment à usage principal autre que d'habitation,Non résidentiel,0,5,0,,,,,,,,,,35,35 - Ile et Vilaine,2,1,0,400,5300,53000,79,400.00,,5,-5,418.70,32.90,51.80,66.90,90.00,28.00,41.00,H2,8.08,12.00,33300,3.40,Ea,2,4,1.50,2
643832,1435V4000022F,5058,3,4,Méthode Facture,,\N,\N,2013-04-11,2014-02-04,2011-09-15,"Les consommations inclues le fonctionnement des appareils et machines utiles à l'activité de l'entreprise (chambre froide, four gaz et electrique, machine outils, lave vaisselle professionnel)",,295.00,D,30.00,C,4,"Bureau, Administration, Enseignement",\N,\N,1947,260.70,260.70,35,RENNES,,,48 50 RUE PAUL LANGEVIN,,,,,,35000,35238,35238,Sans objet,,\N,\N,1,bureaux,237.00,100.00,0.00,0,0,1,0,0,0,0.00,\N,0,0,0.00,8.80,0.00,29.80,29.80,45.60,1,C147 DELIVRE LE 27/09/2013 QUALIXPERT 17 RUE BORREL 81100 CASTRES,17 rue Borrel 81100 CASTRES (détail sur www.cofrac.fr programme n°4-4-11),0,0,2014-02-04 12:44:13,-1.658768,48.092753,0.85,housenumber,50 Rue Paul Langevin 35200 Rennes,35238_7230_00050,50 RUE PAUL LANGEVIN,,V4,1,6.3a bis,"Pour  les  bâtiments  à  usage  principal  de  bureau,  d’administration  ou  d’enseignement : Consommation par Energie",4_V4_DPE_6.3a_bis.pdf,0,Vente,Vente,1,TR002_004,Bâtiments ou partie de bâtiment à usage principal autre que d'habitation,Non résidentiel,0,5,0,,,,,,,,,,35,35 - Ile et Vilaine,2,1,0,400,5300,53000,79,400.00,,5,-5,418.70,32.90,51.80,66.90,90.00,28.00,41.00,H2,8.08,12.00,33300,3.40,Ea,2,4,1.50,2
644802,1435V8000032K,8849,2,8,3CL - DPE,V2012,\N,\N,2014-02-03,2014-02-03,2011-08-15,,\N,0.00,N,0.00,N,4,Commerce,5,3,1900,0.00,0.00,35,RENNES,00,\N,"5, rue de Toulouse",\N,\N,\N,\N,\N,35000,35238,35238,NC,\N,,\N,2,,0.00,0.00,0.00,0,1,0,0,0,0,0.00,\N,0,0,0.00,0.00,0.00,0.00,0.00,0.00,1,"ICERT 116b, rue Eugène Pottier 35000 RENNES",  ,1,0,2014-02-04 16:38:34,-1.680988,48.112354,0.97,housenumber,5 Rue de Toulouse 35000 Rennes,35238_9290_00005,5 RUE DE TOULOUSE,,V8,1,6.3c bis,Pour  les  autres  bâtiments  non  mentionnés  dans  les  deux  précédents  cas : Consommation par Energie,8_V8_DPE_6.3c_bis.pdf,0,Vente,Vente,1,TR002_004,Bâtiments ou partie de bâtiment à usage principal autre que d'habitation,Non résidentiel,0,5,0,TR012_005,5ème Catégorie,2ème Groupe,0,TR013_003,"M : Magasins de vente, centres commerciaux",1,0,Établissements installés dans un bâtiment,35,35 - Ile et Vilaine,2,1,0,400,5300,53000,79,400.00,,5,-5,418.70,32.90,51.80,66.90,90.00,28.00,41.00,H2,8.08,12.00,33300,3.40,Ea,2,4,1.50,2
644939,1435V8000033L,7070,3,8,Méthode Facture,,\N,\N,2014-02-04,2014-02-04,2011-09-15,,,0.00,N,0.00,N,4,"Autres (théâtres, salles de sport, restaurati",\N,\N,1947,70.40,70.40,35,RENNES,,,7 rue Saint Georges,,,Etage RDC,,,35000,35238,35238,,,\N,\N,2,Rez de chaussée,64.00,100.00,0.00,0,0,1,0,0,0,0.00,\N,0,0,0.00,0.00,0.00,0.00,0.00,0.00,1,Icert,Parc Edonia - Bâtiment G Rue de la Terre Victoria 35760 SAINT GREGOIRE (détail sur www.cofrac.fr programme n°4-4-11),1,0,2014-02-04 16:56:13,-1.676743,48.11185,0.98,housenumber,7 Rue Saint-Georges 35000 Rennes,35238_8630_00007,7 RUE SAINT GEORGES,,V8,1,6.3c bis,Pour  les  autres  bâtiments  non  mentionnés  dans  les  deux  précédents  cas : Consommation par Energie,8_V8_DPE_6.3c_bis.pdf,0,Vente,Vente,1,TR002_004,Bâtiments ou partie de bâtiment à usage principal autre que d'habitation,Non résidentiel,0,5,0,,,,,,,,,,35,35 - Ile et Vilaine,2,1,0,400,5300,53000,79,400.00,,5,-5,418.70,32.90,51.80,66.90,90.00,28.00,41.00,H2,8.08,12.00,33300,3.40,Ea,2,4,1.50,2
649179,1435V8000036O,8849,2,8,3CL - DPE,V2012,\N,\N,2014-02-04,2014-02-04,2011-08-15,,\N,281.49,E,9.16,B,4,Commerce,5,3,1989,0.00,0.00,35,SAINT-GRÉGOIRE,60,\N,"11, rue Chateaubriand",\N,\N,\N,Rez de chaussée,\N,35760,35189,35189,NC,\N,,\N,2,,0.00,0.00,0.00,0,1,0,0,0,0,0.00,\N,0,0,0.00,0.00,0.00,0.00,0.00,0.00,1,"ICERT 116b, rue Eugène Pottier 35000 RENNES",  ,0,0,2014-02-05 17:39:01,-1.71585,48.160184,0.31,housenumber,11 Rue du Champ Madame 35760 Montgermont,35189_0027_00011,11 RUE DU CHAMP MADAME,,V8,1,6.3c bis,Pour  les  autres  bâtiments  non  mentionnés  dans  les  deux  précédents  cas : Consommation par Energie,8_V8_DPE_6.3c_bis.pdf,0,Vente,Vente,1,TR002_004,Bâtiments ou partie de bâtiment à usage principal autre que d'habitation,Non résidentiel,0,5,0,TR012_005,5ème Catégorie,2ème Groupe,0,TR013_003,"M : Magasins de vente, centres commerciaux",1,0,Établissements installés dans un bâtiment,35,35 - Ile et Vilaine,2,1,0,400,5300,53000,79,400.00,,5,-5,418.70,32.90,51.80,66.90,90.00,28.00,41.00,H2,8.08,12.00,33300,3.40,Ea,2,4,1.50,2
649257,1435V8000037P,8849,2,8,3CL - DPE,V2012,\N,\N,2014-02-05,2014-02-05,2011-08-15,,\N,0.00,N,0.00,N,4,Commerce,1,\N,1970,0.00,0.00,35,RENNES,00,\N,"9, rue du Puits Mauger",\N,\N,\N,Rez de chaussée,\N,35000,35238,35238,NC,\N,,\N,2,,0.00,0.00,0.00,0,1,0,0,0,0,0.00,\N,0,0,0.00,0.00,0.00,0.00,0.00,0.00,1,"ICERT 116b, rue Eugène Pottier 35000 RENNES",  ,1,0,2014-02-05 17:51:52,-1.681975,48.105699,0.98,housenumber,9 Rue du Puits Mauger 35000 Rennes,35238_8050_00009,9 RUE DU PUITS MAUGER,,V8,1,6.3c bis,Pour  les  autres  bâtiments  non  mentionnés  dans  les  deux  précédents  cas : Consommation par Energie,8_V8_DPE_6.3c_bis.pdf,0,Vente,Vente,1,TR002_004,Bâtiments ou partie de bâtiment à usage principal autre que d'habitation,Non résidentiel,0,5,0,TR012_001,1ère Catégorie,1er Groupe,0,,,,,,35,35 - Ile et Vilaine,2,1,0,400,5300,53000,79,400.00,,5,-5,418.70,32.90,51.80,66.90,90.00,28.00,41.00,H2,8.08,12.00,33300,3.40,Ea,2,4,1.50,2
650492,1435V8000038Q,1161,3,8,Méthode Facture,,\N,\N,2014-02-05,2014-02-05,2011-09-15,,,261.00,D,8.00,B,4,"Autres (théâtres, salles de sport, restaurati",\N,\N,1,50.60,50.60,35,BRUZ,,,1 rue du Petit Bé,,,,,,35170,35047,35047,Commerce Rez-de-chaussée,,\N,\N,2,Commerce Rez-de-chaussée,46.00,51.00,0.00,0,0,1,0,0,0,0.00,\N,0,0,1.00,0.00,0.00,1.00,1.00,1.00,1,Bureau Veritas,Immeuble Le Guillaumet - 60 Avenue du Général de Gaulle - 92800 PUTEAUX (détail sur www.cofrac.fr programme n°4-4-11),0,0,2014-02-06 07:25:36,-1.759998,48.030167,0.95,housenumber,1 Rue du Petit Bé 35170 Bruz,35047_0544_00001,1 RUE DU PETIT BE,,V8,1,6.3c bis,Pour  les  autres  bâtiments  non  mentionnés  dans  les  deux  précédents  cas : Consommation par Energie,8_V8_DPE_6.3c_bis.pdf,0,Vente,Vente,1,TR002_004,Bâtiments ou partie de bâtiment à usage principal autre que d'habitation,Non résidentiel,0,5,0,,,,,,,,,,35,35 - Ile et Vilaine,2,1,0,400,5300,53000,79,400.00,,5,-5,418.70,32.90,51.80,66.90,90.00,28.00,41.00,H2,8.08,12.00,33300,3.40,Ea,2,4,1.50,2
653201,1435V7000014J,7070,3,7,Méthode Facture,,\N,\N,2014-02-06,2014-02-06,2011-09-15,,,0.00,N,0.00,N,4,"Autres (théâtres, salles de sport, restaurati",\N,\N,1947,48.40,48.40,35,BRUZ,,,6 Avenue Alphonse Legault,,,1 étage,,,35170,35047,35047,Non communiqué,,\N,\N,2,Parte du 2éme étage,44.00,100.00,0.00,0,0,1,0,0,0,0.00,\N,0,0,0.00,0.00,0.00,0.00,0.00,0.00,1,Icert,Parc Edonia - Bâtiment G Rue de la Terre Victoria 35760 SAINT GREGOIRE (détail sur www.cofrac.fr programme n°4-4-11),1,0,2014-02-06 16:53:39,-1.746347,48.024723,0.97,housenumber,6 Avenue Alphonse Legault 35170 Bruz,35047_0010_00006,6 AVENUE ALPHONSE LEGAULT,,V7,1,6.3c,Pour  les  autres  bâtiments  non  mentionnés  dans  les  deux  précédents  cas : Consommation par Usage,7_V7_DPE_6.3c.pdf,0,Vente,Vente,1,TR002_004,Bâtiments ou partie de bâtiment à usage principal autre que d'habitation,Non résidentiel,0,5,0,,,,,,,,,,35,35 - Ile et Vilaine,2,1,0,400,5300,53000,79,400.00,,5,-5,418.70,32.90,51.80,66.90,90.00,28.00,41.00,H2,8.08,12.00,33300,3.40,Ea,2,4,1.50,2
653419,1435V6000001E,7070,3,6,Méthode Facture,,\N,\N,2014-02-05,2014-02-05,2011-09-15,,,0.00,N,0.00,N,4,"Occupation continue (hôpitaux, hôtels, intern",\N,\N,1947,770.00,770.00,35,VERN-SUR-SEICHE,,,10 Chemin des Marais,,,,,,35770,35352,35352,,,\N,\N,1,,700.00,100.00,0.00,0,0,1,0,0,0,0.00,\N,0,0,0.00,0.00,0.00,0.00,0.00,0.00,1,Icert,Parc Edonia - Bâtiment G Rue de la Terre Victoria 35760 SAINT GREGOIRE (détail sur www.cofrac.fr programme n°4-4-11),1,0,2014-02-06 17:22:05,-1.603381,48.045627,0.96,housenumber,10 Chemin des Marais 35770 Vern-sur-Seiche,35352_0189_00010,10 CHEMIN DES MARAIS,,V6,1,6.3b bis,Pour  les  bâtiments  à  occupation  continue : Consommation par Energie,6_V6_DPE_6.3b_bis.pdf,0,Vente,Vente,1,TR002_004,Bâtiments ou partie de bâtiment à usage principal autre que d'habitation,Non résidentiel,0,5,0,,,,,,,,,,35,35 - Ile et Vilaine,2,1,0,400,5300,53000,79,400.00,,5,-5,418.70,32.90,51.80,66.90,90.00,28.00,41.00,H2,8.08,12.00,33300,3.40,Ea,2,4,1.50,2
654335,1435N2000001S,7956,2,12,3CL - DPE,V2012,3CL - DPE,2012,2014-01-27,2014-02-05,2011-08-15," Conformément à la réglementation, les consommations annoncées dans le présent DPE proviennent de l'étude thermique RT 2005. Les hypothèses des scénarios intégrés dans la simulation thermique dynamique ne sont donc pas pris en compte dans le DPE (notamment les économies potentielles générées par le dispositif double peau mis en oeuvre).",\N,90.56,B,6.88,B,4,Locaux sportifs,\N,\N,2013,0.00,0.00,35,RENNES,00,,AVENUE CHARLES TILLON,\N,Sans objet,Sans objet,Sans objet,Sans objet,35000,35238,35238,Sans objet,\N,\N,\N,0,\N,0.00,985.05,0.00,0,0,0,0,0,0,0.00,\N,0,0,0.00,0.00,0.00,0.00,0.00,0.00,1,DEKRA CERTIFICATION,"5, avenue Garlande 92220 BAGNEUX",0,0,2014-02-06 20:30:12,-1.687268,48.127015,0.63,street,Avenue Charles et Raymonde Tillon 35000 Rennes,35238_1744,AV CHARLES ET RAYMONDE TILLON,,N2,3,6.2 neuf,Pour  les  bâtiments  à  usage  autre  que  d’habitation,12_N2_DPE_6.2_neuf.pdf,0,Neuf,Neuf,3,TR002_004,Bâtiments ou partie de bâtiment à usage principal autre que d'habitation,Non résidentiel,0,5,0,,,,,,,,,,35,35 - Ile et Vilaine,2,1,0,400,5300,53000,79,400.00,,5,-5,418.70,32.90,51.80,66.90,90.00,28.00,41.00,H2,8.08,12.00,33300,3.40,Ea,2,4,1.50,2
654931,1435V8000041K,8849,2,8,3CL - DPE,V2012,\N,\N,2014-02-05,2014-02-05,2011-08-15,,\N,628.08,G,20.45,C,4,Commerce,5,\N,1900,0.00,0.00,35,RENNES,00,\N,"13, rue d'Echange",\N,\N,\N,Rez de chaussée,\N,35000,35238,35238,NC,\N,,\N,2,,0.00,0.00,0.00,0,1,0,0,0,0,0.00,\N,0,0,0.00,0.00,0.00,0.00,0.00,0.00,1,"ICERT 116b, rue Eugène Pottier 35000 RENNES",  ,0,0,2014-02-07 08:45:21,-1.684734,48.115211,0.98,housenumber,13 Rue d'Echange 35000 Rennes,35238_2720_00013,13 RUE D ECHANGE,,V8,1,6.3c bis,Pour  les  autres  bâtiments  non  mentionnés  dans  les  deux  précédents  cas : Consommation par Energie,8_V8_DPE_6.3c_bis.pdf,0,Vente,Vente,1,TR002_004,Bâtiments ou partie de bâtiment à usage principal autre que d'habitation,Non résidentiel,0,5,0,TR012_005,5ème Catégorie,2ème Groupe,0,,,,,,35,35 - Ile et Vilaine,2,1,0,400,5300,53000,79,400.00,,5,-5,418.70,32.90,51.80,66.90,90.00,28.00,41.00,H2,8.08,12.00,33300,3.40,Ea,2,4,1.50,2
655022,1435V8000042L,8776,10,8,FACTURE - DPE,V2012,\N,\N,2014-02-06,2014-02-06,2011-08-15,,,389.35,F,12.68,C,4,,\N,\N,1988,68.00,68.00,35,BRUZ,00,avenue,DU MARIONNAIS,4 A,,,,,35131,35066,35066,,,,,\N,,\N,\N,\N,\N,\N,\N,\N,\N,\N,\N,,\N,\N,\N,\N,\N,\N,\N,\N,1,SOCOTEC Certification,89-93 avenue Paul Vaillant Couturier 94250 GENTILLY,0,0,2014-02-07 09:05:52,-1.705973,48.041789,0.66,housenumber,4a Avenue de la Marionnais 35131 Chartres-de-Bretagne,35066_0260_00004_a,4A AVENUE DE LA MARIONNAIS,,V8,1,6.3c bis,Pour  les  autres  bâtiments  non  mentionnés  dans  les  deux  précédents  cas : Consommation par Energie,8_V8_DPE_6.3c_bis.pdf,0,Vente,Vente,1,TR002_004,Bâtiments ou partie de bâtiment à usage principal autre que d'habitation,Non résidentiel,0,5,0,,,,,,,,,,35,35 - Ile et Vilaine,2,1,0,400,5300,53000,79,400.00,,5,-5,418.70,32.90,51.80,66.90,90.00,28.00,41.00,H2,8.08,12.00,33300,3.40,Ea,2,4,1.50,2
655114,1435V8000043M,8776,10,8,FACTURE - DPE,V2012,\N,\N,2014-02-06,2014-02-06,2011-08-15,,,196.78,D,6.41,B,4,Commerce,\N,\N,1988,3960.00,3960.00,35,LA CHAPELLE-DES-FOUGERETZ,00,,MAGASIN ATLAS  Route du meuble,,,,,,35520,35059,35059,,,,,\N,,\N,\N,\N,\N,\N,\N,\N,\N,\N,\N,,\N,\N,\N,\N,\N,\N,\N,\N,1,SOCOTEC Certification,89-93 avenue Paul Vaillant Couturier 94250 GENTILLY,0,0,2014-02-07 09:25:05,,,0,,,,,,V8,1,6.3c bis,Pour  les  autres  bâtiments  non  mentionnés  dans  les  deux  précédents  cas : Consommation par Energie,8_V8_DPE_6.3c_bis.pdf,0,Vente,Vente,1,TR002_004,Bâtiments ou partie de bâtiment à usage principal autre que d'habitation,Non résidentiel,0,5,0,,,,,,,,,,35,35 - Ile et Vilaine,2,1,0,400,5300,53000,79,400.00,,5,-5,418.70,32.90,51.80,66.90,90.00,28.00,41.00,H2,8.08,12.00,33300,3.40,Ea,2,4,1.50,2
656267,1435V8000044N,8058,5,8,FACTURE,VERSION_2012,\N,\N,2014-02-07,2014-02-07,2011-08-15,\N,,1622.08,G,52.81,E,4,\N,\N,\N,1960,30.80,30.80,35,RENNES,,\N,18 AVENUE DU MAIL,\N,\N,\N,\N,\N,35000,35238,35238,,\N,\N,0,0,\N,0.00,28.00,0.00,0,0,1,0,0,0,0.00,\N,0,0,0.00,0.00,0.00,0.00,0.00,0.00,1,ICERT,n/c,0,0,2014-02-07 13:33:18,-1.694949,48.108793,0.4,street,Rue du Pré du Mail 35000 Rennes,35238_7919,RUE DU PRE DU MAIL,,V8,1,6.3c bis,Pour  les  autres  bâtiments  non  mentionnés  dans  les  deux  précédents  cas : Consommation par Energie,8_V8_DPE_6.3c_bis.pdf,0,Vente,Vente,1,TR002_004,Bâtiments ou partie de bâtiment à usage principal autre que d'habitation,Non résidentiel,0,5,0,,,,,,,,,,35,35 - Ile et Vilaine,2,1,0,400,5300,53000,79,400.00,,5,-5,418.70,32.90,51.80,66.90,90.00,28.00,41.00,H2,8.08,12.00,33300,3.40,Ea,2,4,1.50,2
656625,1435V4000024H,7128,5,4,FACTURE,VERSION_2012,\N,\N,2014-02-03,2014-02-07,2011-08-15,\N,,262.42,D,8.54,B,4,\N,\N,12,1999,78.10,78.10,35,RENNES,,\N,"22, rue Jean ghenno",\N,\N,\N,\N,\N,35000,35238,35238,,\N,\N,\N,0,\N,0.00,78.10,0.00,0,0,1,0,0,0,0.00,\N,0,0,0.00,0.00,0.00,0.00,0.00,0.00,1,SGS ICS,"29, avenue Aristide Briand. 94211. ARCUEIL Cedex",0,0,2014-02-07 14:53:21,-1.67326,48.117707,0.8,housenumber,22 Rue Jean Guéhenno 35700 Rennes,35238_4716_00022,22 RUE JEAN GUEHENNO,,V4,1,6.3a bis,"Pour  les  bâtiments  à  usage  principal  de  bureau,  d’administration  ou  d’enseignement : Consommation par Energie",4_V4_DPE_6.3a_bis.pdf,0,Vente,Vente,1,TR002_004,Bâtiments ou partie de bâtiment à usage principal autre que d'habitation,Non résidentiel,0,5,0,,,,,TR013_012,"W : Administrations, banques, bureaux",1,0,Établissements installés dans un bâtiment,35,35 - Ile et Vilaine,2,1,0,400,5300,53000,79,400.00,,5,-5,418.70,32.90,51.80,66.90,90.00,28.00,41.00,H2,8.08,12.00,33300,3.40,Ea,2,4,1.50,2
657037,1435V8000045O,7070,3,8,Méthode Facture,,\N,\N,2014-02-07,2014-02-07,2011-09-15,,,123.00,C,20.00,C,4,"Autres (théâtres, salles de sport, restaurati",\N,\N,1,605.00,605.00,35,SAINT-JACQUES-DE-LA-LANDE,,,6 rue Henri Pollès ZA Mivoie,,,,,,35136,35281,35281,,,\N,\N,1,,550.00,100.00,0.00,0,0,1,0,0,0,0.00,\N,0,0,0.00,0.00,0.00,0.00,0.00,0.00,1,Icert,Parc Edonia - Bâtiment G Rue de la Terre Victoria 35760 SAINT GREGOIRE (détail sur www.cofrac.fr programme n°4-4-11),0,0,2014-02-07 16:14:13,-1.699574,48.065712,0.62,housenumber,6 Rue Henri Pollès 35136 Saint-Jacques-de-la-Lande,35281_0073_00006,6 RUE HENRI POLLES,,V8,1,6.3c bis,Pour  les  autres  bâtiments  non  mentionnés  dans  les  deux  précédents  cas : Consommation par Energie,8_V8_DPE_6.3c_bis.pdf,0,Vente,Vente,1,TR002_004,Bâtiments ou partie de bâtiment à usage principal autre que d'habitation,Non résidentiel,0,5,0,,,,,,,,,,35,35 - Ile et Vilaine,2,1,0,400,5300,53000,79,400.00,,5,-5,418.70,32.90,51.80,66.90,90.00,28.00,41.00,H2,8.08,12.00,33300,3.40,Ea,2,4,1.50,2
657302,1435V8000046P,7070,3,8,Méthode Facture,,\N,\N,2014-02-07,2014-02-07,2011-09-15,,,0.00,N,0.00,N,4,"Autres (théâtres, salles de sport, restaurati",\N,\N,1947,66.00,66.00,35,CESSON-SÉVIGNÉ,,,72 rue de Rennes,,,RDC,,,35510,35051,35051,,,\N,\N,2,Partie du Rez de chaussée,60.00,100.00,0.00,0,0,1,0,0,0,0.00,\N,0,0,0.00,0.00,0.00,0.00,0.00,0.00,1,Icert,Parc Edonia - Bâtiment G Rue de la Terre Victoria 35760 SAINT GREGOIRE (détail sur www.cofrac.fr programme n°4-4-11),1,0,2014-02-07 16:47:00,-1.628195,48.114216,0.97,housenumber,72 Rue de Rennes 35510 Cesson-Sévigné,35051_0540_00072,72 RUE DE RENNES,,V8,1,6.3c bis,Pour  les  autres  bâtiments  non  mentionnés  dans  les  deux  précédents  cas : Consommation par Energie,8_V8_DPE_6.3c_bis.pdf,0,Vente,Vente,1,TR002_004,Bâtiments ou partie de bâtiment à usage principal autre que d'habitation,Non résidentiel,0,5,0,,,,,,,,,,35,35 - Ile et Vilaine,2,1,0,400,5300,53000,79,400.00,,5,-5,418.70,32.90,51.80,66.90,90.00,28.00,41.00,H2,8.08,12.00,33300,3.40,Ea,2,4,1.50,2
660999,1435N1000496J,1326,10,11,FACTURE - DPE,V2012,Th-CE 2005,113,2014-02-10,2014-02-10,2011-08-15,N° d'affaire SOCOTEC : GAC0019/1 Le DPE a été établi en fonction de la note de calcul thermique RT2005 du BE FLUELEC du 04/05/2012.,,74.98,B,1.78,A,4,bureaux,\N,\N,2014,\N,\N,35,SAINT-JACQUES-DE-LA-LANDE,00,,Immeuble ORIGAMI,,,,,,35136,35281,35281,,,,,\N,,\N,\N,\N,\N,\N,\N,\N,\N,\N,\N,,\N,\N,\N,\N,\N,\N,\N,\N,1,SOCOTEC CERTIFICATION,89/93 Avenue Paul Vaillant Couturier 94250 Gentilly,0,0,2014-02-10 11:21:44,,,0,,,,,,N1,3,6.1 neuf,Pour  les  bâtiments  neufs  à  usage  principal  d’habitation,11_N1_DPE_6.1_neuf.pdf,0,Neuf,Neuf,3,TR002_004,Bâtiments ou partie de bâtiment à usage principal autre que d'habitation,Non résidentiel,0,5,0,,,,,,,,,,35,35 - Ile et Vilaine,2,1,0,400,5300,53000,79,400.00,,5,-5,418.70,32.90,51.80,66.90,90.00,28.00,41.00,H2,8.08,12.00,33300,3.40,Ea,2,4,1.50,2
662118,1435V8000050K,3139,5,8,FACTURE,VERSION_2012,\N,\N,2014-02-10,2014-02-10,2011-08-15,\N,,81.60,B,2.65,A,4,\N,\N,\N,2006,495.00,495.00,35,CESSON-SEVIGNE,,\N,5 ALLEE DE BRAY - LOT 3,\N,\N,\N,\N,\N,35510,35051,35051,,\N,\N,0,0,\N,0.00,450.00,0.00,0,0,1,0,0,0,0.00,\N,0,0,0.00,0.00,0.00,0.00,0.00,0.00,1,ICERT,n/c,0,0,2014-02-10 15:13:03,-1.614642,48.109802,0.96,housenumber,5 Allée de Bray 35510 Cesson-Sévigné,35051_0652_00005,5 ALLEE DE BRAY,,V8,1,6.3c bis,Pour  les  autres  bâtiments  non  mentionnés  dans  les  deux  précédents  cas : Consommation par Energie,8_V8_DPE_6.3c_bis.pdf,0,Vente,Vente,1,TR002_004,Bâtiments ou partie de bâtiment à usage principal autre que d'habitation,Non résidentiel,0,5,0,,,,,,,,,,35,35 - Ile et Vilaine,2,1,0,400,5300,53000,79,400.00,,5,-5,418.70,32.90,51.80,66.90,90.00,28.00,41.00,H2,8.08,12.00,33300,3.40,Ea,2,4,1.50,2
662463,1435V8000051L,3139,5,8,FACTURE,VERSION_2012,\N,\N,2014-02-10,2014-02-10,2011-08-15,\N,,394.84,F,12.85,C,4,\N,\N,\N,2006,623.70,623.70,35,CESSON-SEVIGNE,,\N,5 ALLEE DE BRAY - LOT 1,\N,\N,\N,\N,\N,35510,35051,35051,,\N,\N,0,0,\N,0.00,567.00,0.00,0,0,1,0,0,0,0.00,\N,0,0,0.00,0.00,0.00,0.00,0.00,0.00,1,ICERT,n/c,0,0,2014-02-10 16:06:39,-1.614642,48.109802,0.96,housenumber,5 Allée de Bray 35510 Cesson-Sévigné,35051_0652_00005,5 ALLEE DE BRAY,,V8,1,6.3c bis,Pour  les  autres  bâtiments  non  mentionnés  dans  les  deux  précédents  cas : Consommation par Energie,8_V8_DPE_6.3c_bis.pdf,0,Vente,Vente,1,TR002_004,Bâtiments ou partie de bâtiment à usage principal autre que d'habitation,Non résidentiel,0,5,0,,,,,,,,,,35,35 - Ile et Vilaine,2,1,0,400,5300,53000,79,400.00,,5,-5,418.70,32.90,51.80,66.90,90.00,28.00,41.00,H2,8.08,12.00,33300,3.40,Ea,2,4,1.50,2
670594,1435V4000025I,4811,5,4,FACTURE,VERSION_2012,\N,\N,2014-02-11,2014-02-12,2011-08-15,\N,,97.76,B,3.18,A,4,\N,\N,12,1991,48.40,48.40,35,BRUZ,,\N,18 Rue Joseph Jan,\N,\N,\N,\N,\N,35170,35047,35047,,\N,\N,0,0,\N,0.00,44.00,0.00,0,0,1,0,0,0,0.00,\N,0,0,0.00,0.00,0.00,0.00,0.00,0.00,1,ICERT,116 bis rue Eugène Pottier 35500 RENNES,0,0,2014-02-12 16:52:06,-1.75306,48.025118,0.66,housenumber,18 Avenue Joseph Jan 35170 Bruz,35047_0460_00018,18 AVENUE JOSEPH JAN,,V4,1,6.3a bis,"Pour  les  bâtiments  à  usage  principal  de  bureau,  d’administration  ou  d’enseignement : Consommation par Energie",4_V4_DPE_6.3a_bis.pdf,0,Vente,Vente,1,TR002_004,Bâtiments ou partie de bâtiment à usage principal autre que d'habitation,Non résidentiel,0,5,0,,,,,TR013_012,"W : Administrations, banques, bureaux",1,0,Établissements installés dans un bâtiment,35,35 - Ile et Vilaine,2,1,0,400,5300,53000,79,400.00,,5,-5,418.70,32.90,51.80,66.90,90.00,28.00,41.00,H2,8.08,12.00,33300,3.40,Ea,2,4,1.50,2
670843,1435P1000001T,7070,3,14,Méthode Facture,,15 Août 2011,15 Août 2011,2014-01-24,2014-02-12,2011-09-15,,,113.00,N,3.00,N,4,"Bureau, Administration, Enseignement",\N,\N,1,2355.00,2355.00,35,SAINT-GRÉGOIRE,,,rue de la Terre Victoria Parc Edonia,,,Bat. S,,,35760,35189,35189,Non communiqué,,\N,\N,1,,2355.00,100.00,0.00,0,0,2,0,0,0,0.00,\N,0,0,0.00,0.00,0.00,0.00,0.00,2114.00,1,Icert,Parc Edonia - Bâtiment G Rue de la Terre Victoria 35760 SAINT GREGOIRE (détail sur www.cofrac.fr programme n°4-4-11),0,0,2014-02-12 17:29:08,,,0,,,,,,P1,2,6.1 public,"Pour les bâtiments à usage principal de bureau, d’administration ou d’enseignement : Consommation par Usage",14_P1_DPE_6.1_public.pdf,0,Public,Bâtiment public,5,TR002_004,Bâtiments ou partie de bâtiment à usage principal autre que d'habitation,Non résidentiel,0,5,0,,,,,,,,,,35,35 - Ile et Vilaine,2,1,0,400,5300,53000,79,400.00,,5,-5,418.70,32.90,51.80,66.90,90.00,28.00,41.00,H2,8.08,12.00,33300,3.40,Ea,2,4,1.50,2
672006,1435V3000004E,9445,3,3,Méthode Facture,,\N,\N,2014-02-12,2014-02-12,2011-09-15,,,112.00,C,26.00,C,4,"Bureau, Administration, Enseignement",\N,\N,1947,368.12,368.12,35,Rennes,,,"74D, rue de Paris",,,,,,35000,35238,35238,NC,,\N,\N,2,,334.65,100.00,0.00,0,0,1,0,0,0,0.00,\N,0,0,30.00,0.00,0.00,300.00,300.00,100.00,1,ICERT,Parc Edonia - Bâtiment G Rue de la Terre Victoria 35760 SAINT GREGOIRE (détail sur www.cofrac.fr programme n°4-4-11),0,0,2014-02-12 22:30:10,-1.661167,48.112607,0.98,housenumber,74d Rue de Paris 35000 Rennes,35238_7090_00074_d,74D RUE DE PARIS,,V3,1,6.3a,"Pour  les  bâtiments  à  usage  principal  de  bureau,  d’administration  ou  d’enseignement : Consommation par Usage",3_V3_DPE_6.3a.pdf,0,Vente,Vente,1,TR002_004,Bâtiments ou partie de bâtiment à usage principal autre que d'habitation,Non résidentiel,0,5,0,,,,,,,,,,35,35 - Ile et Vilaine,2,1,0,400,5300,53000,79,400.00,,5,-5,418.70,32.90,51.80,66.90,90.00,28.00,41.00,H2,8.08,12.00,33300,3.40,Ea,2,4,1.50,2
674313,1435V4000026J,2211,3,4,Méthode Facture,,\N,\N,2014-02-10,2014-02-10,2011-09-15,,,277.00,D,9.00,B,4,"Bureau, Administration, Enseignement",\N,\N,1,544.50,544.50,35,RENNES,,,"4, Cours Raphaêl BINET",,,,,,35000,35238,35238,,,\N,\N,2,R+2,495.00,100.00,0.00,0,0,1,0,0,0,0.00,\N,0,0,0.00,0.00,0.00,0.00,0.00,0.00,1,ICERT,Parc Edonia - Bâtiment G Rue de la Terre Victoria 35760 SAINT GREGOIRE (détail sur www.cofrac.fr programme n°4-4-11),0,0,2014-02-13 15:46:18,-1.685559,48.104175,0.97,housenumber,4 Cours Raphaël Binet 35000 Rennes,35238_8162_00004,4 COURS RAPHAEL BINET,,V4,1,6.3a bis,"Pour  les  bâtiments  à  usage  principal  de  bureau,  d’administration  ou  d’enseignement : Consommation par Energie",4_V4_DPE_6.3a_bis.pdf,0,Vente,Vente,1,TR002_004,Bâtiments ou partie de bâtiment à usage principal autre que d'habitation,Non résidentiel,0,5,0,,,,,,,,,,35,35 - Ile et Vilaine,2,1,0,400,5300,53000,79,400.00,,5,-5,418.70,32.90,51.80,66.90,90.00,28.00,41.00,H2,8.08,12.00,33300,3.40,Ea,2,4,1.50,2
674950,1435C1000005C,530,3,20,Méthode Facture,,\N,\N,2014-01-31,2014-02-13,2011-09-15,Les factures d'électricité fournies sont tous usags confondus.,,206.00,D,6.00,A,5,Centres Commerciaux,\N,\N,1947,996.60,996.60,35,RENNES,,,18 avenue Henri Freville,,,,,,35000,35238,35238,Non communiqué,,,100,2,2ème et 3ème étage,906.00,100.00,0.00,0,0,1,0,0,0,0.00,\N,0,0,0.00,0.00,0.00,0.00,0.00,0.00,1,AFNOR Certification,11 avenue Francis de Pressensé  93571 SAINT DENIS LA PLAINE CEDEX (détail sur www.cofrac.fr programme n°4-4-11),0,0,2014-02-13 17:18:59,-1.675597,48.089831,0.98,housenumber,18 Avenue Henri Fréville 35200 Rennes,35238_4331_00018,18 AVENUE HENRI FREVILLE,,C1,5,Par usage,Pour les centres commerciaux,20_C1_DPE_6.a.pdf,0,Centre commercial,Centre commercial,4,TR002_005,Centre Commerciaux,Centres commerciaux,0,4,0,,,,,,,,,,35,35 - Ile et Vilaine,2,1,0,400,5300,53000,79,400.00,,5,-5,418.70,32.90,51.80,66.90,90.00,28.00,41.00,H2,8.08,12.00,33300,3.40,Ea,2,4,1.50,2
675031,1435V3000005F,530,3,3,Méthode Facture,,\N,\N,2014-01-31,2014-02-13,2011-09-15,Les factures d'électricité fournies sont tous usags confondus.,,206.00,C,6.00,B,4,"Bureau, Administration, Enseignement",\N,\N,1947,996.60,996.60,35,RENNES,,,18 avenue Henri Freville,,,,,,35000,35238,35238,360 et 380,,\N,\N,2,2ème et 3ème étage,906.00,100.00,0.00,0,0,1,0,0,0,0.00,\N,0,0,0.00,0.00,0.00,0.00,0.00,0.00,1,AFNOR Certification,11 avenue Francis de Pressensé  93571 SAINT DENIS LA PLAINE CEDEX (détail sur www.cofrac.fr programme n°4-4-11),0,0,2014-02-13 17:31:47,-1.675597,48.089831,0.98,housenumber,18 Avenue Henri Fréville 35200 Rennes,35238_4331_00018,18 AVENUE HENRI FREVILLE,,V3,1,6.3a,"Pour  les  bâtiments  à  usage  principal  de  bureau,  d’administration  ou  d’enseignement : Consommation par Usage",3_V3_DPE_6.3a.pdf,0,Vente,Vente,1,TR002_004,Bâtiments ou partie de bâtiment à usage principal autre que d'habitation,Non résidentiel,0,5,0,,,,,,,,,,35,35 - Ile et Vilaine,2,1,0,400,5300,53000,79,400.00,,5,-5,418.70,32.90,51.80,66.90,90.00,28.00,41.00,H2,8.08,12.00,33300,3.40,Ea,2,4,1.50,2
680496,1435V4000027K,9846,2,4,3CL - DPE,V2012,\N,\N,2014-02-06,2014-02-10,2011-08-15,,17,610.43,F,19.87,C,4,Bureaux,5,29,1980,0.00,0.00,35,RENNES,00,place, du Bas des Lices,11,,,,,35000,35238,35238,,\N,\N,\N,0,\N,0.00,0.00,0.00,0,0,0,0,0,0,0.00,\N,0,0,0.00,0.00,0.00,0.00,0.00,0.00,1,SOCOTEC Certification,"89/93, avenue Paul Vaillant Couturier 94250 GENTILLY",0,0,2014-02-15 15:46:50,-1.685605,48.112572,0.97,housenumber,11 Place du Bas des Lices 35000 Rennes,35238_0650_00011,11 PLACE DU BAS DES LICES,,V4,1,6.3a bis,"Pour  les  bâtiments  à  usage  principal  de  bureau,  d’administration  ou  d’enseignement : Consommation par Energie",4_V4_DPE_6.3a_bis.pdf,0,Vente,Vente,1,TR002_004,Bâtiments ou partie de bâtiment à usage principal autre que d'habitation,Non résidentiel,0,5,0,TR012_005,5ème Catégorie,2ème Groupe,0,TR013_029,GHW : Bureaux,3,0,Immeubles de grande hauteur (IGH),35,35 - Ile et Vilaine,2,1,0,400,5300,53000,79,400.00,,5,-5,418.70,32.90,51.80,66.90,90.00,28.00,41.00,H2,8.08,12.00,33300,3.40,Ea,2,4,1.50,2
683441,1435V7000016L,9445,3,7,Méthode Facture,,\N,\N,2014-02-14,2014-02-17,2011-09-15,,,0.00,N,0.00,N,4,"Autres (théâtres, salles de sport, restaurati",\N,\N,1947,61.77,61.77,35,Rennes,,,"2, rue Legraverend 43, rue de Saint-Malo",,,RDC,,,35000,35238,35238,NC,,\N,\N,2,,56.15,100.00,0.00,0,0,1,0,0,0,0.00,\N,0,0,15.00,0.00,0.00,56.15,56.15,20.00,1,ICERT,Parc Edonia - Bâtiment G Rue de la Terre Victoria 35760 SAINT GREGOIRE (détail sur www.cofrac.fr programme n°4-4-11),1,0,2014-02-17 13:55:26,-1.680799,48.115486,0.54,housenumber,2 Rue de Saint-Malo 35000 Rennes,35238_8730_00002,2 RUE DE SAINT MALO,,V7,1,6.3c,Pour  les  autres  bâtiments  non  mentionnés  dans  les  deux  précédents  cas : Consommation par Usage,7_V7_DPE_6.3c.pdf,0,Vente,Vente,1,TR002_004,Bâtiments ou partie de bâtiment à usage principal autre que d'habitation,Non résidentiel,0,5,0,,,,,,,,,,35,35 - Ile et Vilaine,2,1,0,400,5300,53000,79,400.00,,5,-5,418.70,32.90,51.80,66.90,90.00,28.00,41.00,H2,8.08,12.00,33300,3.40,Ea,2,4,1.50,2
687795,1435V8000055P,7642,5,8,FACTURE,VERSION_2012,\N,\N,2014-02-18,2014-02-18,2011-08-15,\N,,0.00,N,0.00,N,4,\N,\N,\N,2000,605.00,605.00,35,NOYAL-SUR-VILAINE,,\N,ZI La Giraudière,\N,\N,\N,\N,\N,35530,35039,35039,,\N,\N,0,0,\N,0.00,550.00,0.00,0,0,1,0,0,0,0.00,\N,0,0,0.00,0.00,0.00,0.00,0.00,0.00,1,ICERT,116 bis rue Eugène Pottier 35500 RENNES,1,0,2014-02-18 16:08:10,,,0,,,,,,V8,1,6.3c bis,Pour  les  autres  bâtiments  non  mentionnés  dans  les  deux  précédents  cas : Consommation par Energie,8_V8_DPE_6.3c_bis.pdf,0,Vente,Vente,1,TR002_004,Bâtiments ou partie de bâtiment à usage principal autre que d'habitation,Non résidentiel,0,5,0,,,,,,,,,,35,35 - Ile et Vilaine,2,1,0,400,5300,53000,79,400.00,,5,-5,418.70,32.90,51.80,66.90,90.00,28.00,41.00,H2,8.08,12.00,33300,3.40,Ea,2,4,1.50,2
688010,1435V4000029M,3139,5,4,FACTURE,VERSION_2012,\N,\N,2014-02-18,2014-02-18,2011-08-15,\N,,267.54,D,47.23,D,4,\N,\N,\N,1982,253.00,253.00,35,RENNES,,\N,6 BIS AVENUE LOUIS BARTHOU - 2EME,\N,\N,\N,\N,\N,35000,35238,35238,,\N,\N,0,0,\N,0.00,230.00,0.00,0,0,1,0,0,0,0.00,\N,0,0,0.00,0.00,0.00,0.00,0.00,0.00,1,ICERT,n/c,0,0,2014-02-18 16:42:58,-1.67127,48.106413,0.87,housenumber,6bis Avenue Louis Barthou 35000 Rennes,35238_5810_00006_bis,6BIS AVENUE LOUIS BARTHOU,,V4,1,6.3a bis,"Pour  les  bâtiments  à  usage  principal  de  bureau,  d’administration  ou  d’enseignement : Consommation par Energie",4_V4_DPE_6.3a_bis.pdf,0,Vente,Vente,1,TR002_004,Bâtiments ou partie de bâtiment à usage principal autre que d'habitation,Non résidentiel,0,5,0,,,,,,,,,,35,35 - Ile et Vilaine,2,1,0,400,5300,53000,79,400.00,,5,-5,418.70,32.90,51.80,66.90,90.00,28.00,41.00,H2,8.08,12.00,33300,3.40,Ea,2,4,1.50,2
688175,1435V8000056Q,7070,3,8,Méthode Facture,,\N,\N,2014-02-18,2014-02-18,2011-09-15,,,0.00,N,0.00,N,4,"Autres (théâtres, salles de sport, restaurati",\N,\N,1947,37.40,37.40,35,RENNES,,,6 Bis Avenue Louis Barthou ,,,Etage 1,,,35000,35238,35238,Non communiqué,,\N,\N,2,Partie du 1 étage,34.00,100.00,0.00,0,0,1,0,0,0,0.00,\N,0,0,0.00,0.00,0.00,0.00,0.00,0.00,1,Icert,Parc Edonia - Bâtiment G Rue de la Terre Victoria 35760 SAINT GREGOIRE (détail sur www.cofrac.fr programme n°4-4-11),1,0,2014-02-18 17:08:15,-1.67127,48.106413,0.87,housenumber,6bis Avenue Louis Barthou 35000 Rennes,35238_5810_00006_bis,6BIS AVENUE LOUIS BARTHOU,,V8,1,6.3c bis,Pour  les  autres  bâtiments  non  mentionnés  dans  les  deux  précédents  cas : Consommation par Energie,8_V8_DPE_6.3c_bis.pdf,0,Vente,Vente,1,TR002_004,Bâtiments ou partie de bâtiment à usage principal autre que d'habitation,Non résidentiel,0,5,0,,,,,,,,,,35,35 - Ile et Vilaine,2,1,0,400,5300,53000,79,400.00,,5,-5,418.70,32.90,51.80,66.90,90.00,28.00,41.00,H2,8.08,12.00,33300,3.40,Ea,2,4,1.50,2
688381,1435V8000057R,7070,3,8,Méthode Facture,,\N,\N,2014-02-18,2014-02-18,2011-09-15,,,0.00,N,0.00,N,4,"Autres (théâtres, salles de sport, restaurati",\N,\N,1947,1584.00,1584.00,35,SAINT-GILLES,,,8 Rue du Clos Michel,,,,,,35590,35065,35065,,,\N,\N,1,,1440.00,100.00,0.00,0,0,1,0,0,0,0.00,\N,0,0,0.00,0.00,0.00,0.00,0.00,0.00,1,Icert,Parc Edonia - Bâtiment G Rue de la Terre Victoria 35760 SAINT GREGOIRE (détail sur www.cofrac.fr programme n°4-4-11),1,0,2014-02-18 17:41:49,-1.865894,48.122239,0.4,housenumber,8 Rue du Clos de la Fontaine 35590 La Chapelle-Thouarault,35065_0012_00008,8 RUE DU CLOS DE LA FONTAINE,,V8,1,6.3c bis,Pour  les  autres  bâtiments  non  mentionnés  dans  les  deux  précédents  cas : Consommation par Energie,8_V8_DPE_6.3c_bis.pdf,0,Vente,Vente,1,TR002_004,Bâtiments ou partie de bâtiment à usage principal autre que d'habitation,Non résidentiel,0,5,0,,,,,,,,,,35,35 - Ile et Vilaine,2,1,0,400,5300,53000,79,400.00,,5,-5,418.70,32.90,51.80,66.90,90.00,28.00,41.00,H2,8.08,12.00,33300,3.40,Ea,2,4,1.50,2
689825,1435V7000022I,9370,13,7,DPE VIERGE,V2012,\N,\N,2014-02-12,2014-02-19,2011-08-15,\N,\N,0.00,N,0.00,N,4,\N,\N,\N,1948,77.00,77.00,35,MORDELLES,,,"Local commercial, 12, place St Pierre",,\N,\N,\N,\N,35310,35196,35196,\N,\N,\N,\N,1,\N,0.00,0.00,0.00,0,0,0,0,0,0,0.00,\N,0,0,0.00,0.00,0.00,0.00,0.00,0.00,1,I.CERT,"Parc Edonia, Bâtiment G, Rue de la Terre Victoria, 35760 SAINT GREGOIRE",1,0,2014-02-19 08:25:18,-1.85019,48.072078,0.43,housenumber,12 Place Saint-Pierre 35310 Mordelles,35196_0470_00012,12 PLACE SAINT PIERRE,,V7,1,6.3c,Pour  les  autres  bâtiments  non  mentionnés  dans  les  deux  précédents  cas : Consommation par Usage,7_V7_DPE_6.3c.pdf,0,Vente,Vente,1,TR002_004,Bâtiments ou partie de bâtiment à usage principal autre que d'habitation,Non résidentiel,0,5,0,,,,,,,,,,35,35 - Ile et Vilaine,2,1,0,400,5300,53000,79,400.00,,5,-5,418.70,32.90,51.80,66.90,90.00,28.00,41.00,H2,8.08,12.00,33300,3.40,Ea,2,4,1.50,2
691651,1435V8000058S,3139,5,8,FACTURE,VERSION_2012,\N,\N,2014-02-10,2014-02-19,2011-08-15,\N,,0.00,N,0.00,N,4,\N,\N,\N,2006,412.50,412.50,35,CESSON-SEVIGNE,,\N,5 ALLEE DE BRAY - LOT 2,\N,\N,\N,\N,\N,35510,35051,35051,,\N,\N,0,0,\N,0.00,375.00,0.00,0,0,1,0,0,0,0.00,\N,0,0,0.00,0.00,0.00,0.00,0.00,0.00,1,ICERT,n/c,1,0,2014-02-19 15:11:39,-1.614642,48.109802,0.96,housenumber,5 Allée de Bray 35510 Cesson-Sévigné,35051_0652_00005,5 ALLEE DE BRAY,,V8,1,6.3c bis,Pour  les  autres  bâtiments  non  mentionnés  dans  les  deux  précédents  cas : Consommation par Energie,8_V8_DPE_6.3c_bis.pdf,0,Vente,Vente,1,TR002_004,Bâtiments ou partie de bâtiment à usage principal autre que d'habitation,Non résidentiel,0,5,0,,,,,,,,,,35,35 - Ile et Vilaine,2,1,0,400,5300,53000,79,400.00,,5,-5,418.70,32.90,51.80,66.90,90.00,28.00,41.00,H2,8.08,12.00,33300,3.40,Ea,2,4,1.50,2
694912,1435V4000030E,2211,3,4,Méthode Facture,,\N,\N,2014-02-18,2014-02-18,2011-09-15,,,474.00,E,15.00,B,4,"Bureau, Administration, Enseignement",\N,\N,1,33.00,33.00,35,CESSON-SÉVIGNÉ,,,"12D, Rue des Landelles",,,Etage RDC,,,35510,35051,35051,,,\N,\N,2,Cellule RDC,30.00,100.00,0.00,0,0,1,0,0,0,0.00,\N,0,0,0.00,0.00,0.00,0.00,0.00,0.00,1,ICERT,Parc Edonia - Bâtiment G Rue de la Terre Victoria 35760 SAINT GREGOIRE (détail sur www.cofrac.fr programme n°4-4-11),0,0,2014-02-20 11:53:33,-1.62591,48.101677,0.78,street,Rue des Landelles 35510 Cesson-Sévigné,35051_0327,RUE DES LANDELLES,,V4,1,6.3a bis,"Pour  les  bâtiments  à  usage  principal  de  bureau,  d’administration  ou  d’enseignement : Consommation par Energie",4_V4_DPE_6.3a_bis.pdf,0,Vente,Vente,1,TR002_004,Bâtiments ou partie de bâtiment à usage principal autre que d'habitation,Non résidentiel,0,5,0,,,,,,,,,,35,35 - Ile et Vilaine,2,1,0,400,5300,53000,79,400.00,,5,-5,418.70,32.90,51.80,66.90,90.00,28.00,41.00,H2,8.08,12.00,33300,3.40,Ea,2,4,1.50,2
696807,1435V8000061M,7070,3,8,Méthode Facture,,\N,\N,2014-02-18,2014-02-18,2011-09-15,,,229.00,D,53.00,E,4,"Autres (théâtres, salles de sport, restaurati",\N,\N,1947,37.40,37.40,35,RENNES,,,6 Bis Avenue Louis Barthou ,,,Etage 1,,,35000,35238,35238,Non communiqué,,\N,\N,2,Partie du 1 étage,34.00,100.00,0.00,0,0,1,0,0,0,0.00,\N,0,0,0.00,0.00,0.00,0.00,0.00,0.00,1,Icert,Parc Edonia - Bâtiment G Rue de la Terre Victoria 35760 SAINT GREGOIRE (détail sur www.cofrac.fr programme n°4-4-11),0,0,2014-02-20 18:06:45,-1.67127,48.106413,0.87,housenumber,6bis Avenue Louis Barthou 35000 Rennes,35238_5810_00006_bis,6BIS AVENUE LOUIS BARTHOU,,V8,1,6.3c bis,Pour  les  autres  bâtiments  non  mentionnés  dans  les  deux  précédents  cas : Consommation par Energie,8_V8_DPE_6.3c_bis.pdf,0,Vente,Vente,1,TR002_004,Bâtiments ou partie de bâtiment à usage principal autre que d'habitation,Non résidentiel,0,5,0,,,,,,,,,,35,35 - Ile et Vilaine,2,1,0,400,5300,53000,79,400.00,,5,-5,418.70,32.90,51.80,66.90,90.00,28.00,41.00,H2,8.08,12.00,33300,3.40,Ea,2,4,1.50,2
700793,1435V3000007H,9370,13,3,FACTURE SEULE,V2012,\N,\N,2014-02-21,2014-02-21,2011-08-15,\N,\N,274.48,D,8.94,B,4,\N,\N,\N,1989,720.00,720.00,35,Saint Gregoire,,Allée,du Clos Trissard,"2,",\N,\N,\N,\N,35760,35278,35278,\N,\N,\N,\N,1,\N,0.00,0.00,0.00,0,0,0,0,0,0,0.00,\N,0,0,0.00,0.00,0.00,0.00,0.00,0.00,1,I.CERT,"Parc Edonia, Bâtiment G, Rue de la Terre Victoria, 35760 SAINT GREGOIRE",0,0,2014-02-21 16:52:40,-1.68657,48.157299,0.95,housenumber,2 Allée du Clos Trissard 35760 Saint-Grégoire,35278_0106_00002,2 ALLEE DU CLOS TRISSARD,,V3,1,6.3a,"Pour  les  bâtiments  à  usage  principal  de  bureau,  d’administration  ou  d’enseignement : Consommation par Usage",3_V3_DPE_6.3a.pdf,0,Vente,Vente,1,TR002_004,Bâtiments ou partie de bâtiment à usage principal autre que d'habitation,Non résidentiel,0,5,0,,,,,,,,,,35,35 - Ile et Vilaine,2,1,0,400,5300,53000,79,400.00,,5,-5,418.70,32.90,51.80,66.90,90.00,28.00,41.00,H2,8.08,12.00,33300,3.40,Ea,2,4,1.50,2
700842,1435V8000064P,7070,3,8,Méthode Facture,,\N,\N,2014-02-21,2014-02-21,2011-09-15,,,0.00,N,0.00,N,4,"Autres (théâtres, salles de sport, restaurati",\N,\N,1947,96.25,96.25,35,RENNES,,,31 Rue du Maréchal Joffre,,,3ème étage,,,35000,35238,35238,Non communiqué,,\N,\N,2,3 étage,87.50,100.00,0.00,0,0,1,0,0,0,0.00,\N,0,0,0.00,0.00,0.00,0.00,0.00,0.00,1,Icert,Parc Edonia - Bâtiment G Rue de la Terre Victoria 35760 SAINT GREGOIRE (détail sur www.cofrac.fr programme n°4-4-11),1,0,2014-02-21 16:54:14,-1.677737,48.107617,0.86,housenumber,31 Rue Maréchal Joffre 35000 Rennes,35238_6310_00031,31 RUE MARECHAL JOFFRE,,V8,1,6.3c bis,Pour  les  autres  bâtiments  non  mentionnés  dans  les  deux  précédents  cas : Consommation par Energie,8_V8_DPE_6.3c_bis.pdf,0,Vente,Vente,1,TR002_004,Bâtiments ou partie de bâtiment à usage principal autre que d'habitation,Non résidentiel,0,5,0,,,,,,,,,,35,35 - Ile et Vilaine,2,1,0,400,5300,53000,79,400.00,,5,-5,418.70,32.90,51.80,66.90,90.00,28.00,41.00,H2,8.08,12.00,33300,3.40,Ea,2,4,1.50,2
707400,1435V3000008I,7916,10,3,FACTURE - DPE,V2012,\N,\N,2014-02-18,2014-02-24,2011-08-15,,,254.95,D,8.30,B,4,bureaux,\N,\N,2006,110.00,110.00,35,VERN-SUR-SEICHE,00,,20 rue du Passavent,,,,,,35770,35352,35352,,,,,\N,,\N,\N,\N,\N,\N,\N,\N,\N,\N,\N,,\N,\N,\N,\N,\N,\N,\N,\N,1,SOCOTEC CERTIFICATION,"3, Avenue de Centre Guyancourt, CS20732 78182 Saint-Quentin en Yvelines Cedex",0,0,2014-02-24 22:55:34,-1.624723,48.060536,0.96,housenumber,20 Rue du Passavent 35770 Vern-sur-Seiche,35352_0350_00020,20 RUE DU PASSAVENT,,V3,1,6.3a,"Pour  les  bâtiments  à  usage  principal  de  bureau,  d’administration  ou  d’enseignement : Consommation par Usage",3_V3_DPE_6.3a.pdf,0,Vente,Vente,1,TR002_004,Bâtiments ou partie de bâtiment à usage principal autre que d'habitation,Non résidentiel,0,5,0,,,,,,,,,,35,35 - Ile et Vilaine,2,1,0,400,5300,53000,79,400.00,,5,-5,418.70,32.90,51.80,66.90,90.00,28.00,41.00,H2,8.08,12.00,33300,3.40,Ea,2,4,1.50,2
707430,1435V8000065Q,9287,5,8,FACTURE,VERSION_2012,\N,\N,2014-02-24,2014-02-24,2011-08-15,\N,,104.93,C,24.55,C,4,\N,\N,\N,2005,66.00,66.00,35,LA-CHAPELLE-THOUARAULT,,\N,4 A RUE DE LA CHESNAIE,\N,\N,\N,\N,\N,35590,35081,35081,,\N,\N,0,0,\N,0.00,60.00,0.00,0,0,1,0,0,0,0.00,\N,0,0,0.00,0.00,0.00,0.00,0.00,0.00,1,ICERT,n/c,0,0,2014-02-24 23:26:04,-1.854012,48.175922,0.33,street,Rue de l'Etang 35590 Clayes,35081_0007,RUE DE L ETANG,,V8,1,6.3c bis,Pour  les  autres  bâtiments  non  mentionnés  dans  les  deux  précédents  cas : Consommation par Energie,8_V8_DPE_6.3c_bis.pdf,0,Vente,Vente,1,TR002_004,Bâtiments ou partie de bâtiment à usage principal autre que d'habitation,Non résidentiel,0,5,0,,,,,,,,,,35,35 - Ile et Vilaine,2,1,0,400,5300,53000,79,400.00,,5,-5,418.70,32.90,51.80,66.90,90.00,28.00,41.00,H2,8.08,12.00,33300,3.40,Ea,2,4,1.50,2
708482,1435V7000023J,6884,5,7,FACTURE,VERSION_2012,\N,\N,2014-02-24,2014-02-25,2011-08-15,\N,,0.00,N,0.00,N,4,\N,\N,\N,1988,1320.00,1320.00,35,CESSON-SÉVIGNÉ,,\N,Rue de la Frébardière,\N,\N,\N,\N,\N,35510,35051,35051,,\N,\N,0,0,\N,0.00,1200.00,0.00,0,0,1,0,0,0,0.00,\N,0,0,0.00,0.00,0.00,0.00,0.00,0.00,1,ICERT,116 bis rue Eugène Pottier 35500 RENNES,1,0,2014-02-25 11:24:06,-1.631316,48.102555,0.96,street,Rue de la Frébardière 35510 Cesson-Sévigné,35051_0203,RUE DE LA FREBARDIERE,,V7,1,6.3c,Pour  les  autres  bâtiments  non  mentionnés  dans  les  deux  précédents  cas : Consommation par Usage,7_V7_DPE_6.3c.pdf,0,Vente,Vente,1,TR002_004,Bâtiments ou partie de bâtiment à usage principal autre que d'habitation,Non résidentiel,0,5,0,,,,,,,,,,35,35 - Ile et Vilaine,2,1,0,400,5300,53000,79,400.00,,5,-5,418.70,32.90,51.80,66.90,90.00,28.00,41.00,H2,8.08,12.00,33300,3.40,Ea,2,4,1.50,2
714254,1435V3000009J,9370,13,3,FACTURE SEULE,V2012,\N,\N,2014-02-13,2014-02-26,2011-08-15,\N,\N,366.70,E,28.03,C,4,\N,\N,\N,1980,180.00,180.00,35,RENNES,,Rue,Ginguéné,"61,",\N,\N,\N,\N,35000,35238,35238,\N,\N,\N,\N,1,\N,0.00,0.00,0.00,0,0,0,0,0,0,0.00,\N,0,0,0.00,0.00,0.00,0.00,0.00,0.00,1,I.CERT,"Parc Edonia, Bâtiment G, Rue de la Terre Victoria, 35760 SAINT GREGOIRE",0,0,2014-02-26 17:42:07,-1.680337,48.099187,0.98,housenumber,61 Rue Ginguené 35000 Rennes,35238_3790_00061,61 RUE GINGUENE,,V3,1,6.3a,"Pour  les  bâtiments  à  usage  principal  de  bureau,  d’administration  ou  d’enseignement : Consommation par Usage",3_V3_DPE_6.3a.pdf,0,Vente,Vente,1,TR002_004,Bâtiments ou partie de bâtiment à usage principal autre que d'habitation,Non résidentiel,0,5,0,,,,,,,,,,35,35 - Ile et Vilaine,2,1,0,400,5300,53000,79,400.00,,5,-5,418.70,32.90,51.80,66.90,90.00,28.00,41.00,H2,8.08,12.00,33300,3.40,Ea,2,4,1.50,2
714460,1435V4000032G,7070,3,4,Méthode Facture,,\N,\N,2014-02-20,2014-02-20,2011-09-15,Les factures fournies pour la réalisation du DPE viennent d'un seul compteur pour deux bâtiments (A+B) donc un ratio à la surface a été appliqué. Aucune facture de gaz pour le chauffage nous a été fournie. ,,506.00,E,16.00,C,4,"Bureau, Administration, Enseignement",\N,\N,1947,1540.00,1540.00,35,RENNES,,,26-28 Rue Bahon Rault,,,Batiment A,,,35000,35238,35238,,,\N,\N,1,,1400.00,100.00,0.00,0,0,1,0,0,0,0.00,\N,0,0,0.00,0.00,0.00,0.00,0.00,0.00,1,Icert,Parc Edonia - Bâtiment G Rue de la Terre Victoria 35760 SAINT GREGOIRE (détail sur www.cofrac.fr programme n°4-4-11),0,0,2014-02-26 17:42:29,-1.683513,48.133009,0.84,housenumber,28 Rue Bahon-Rault 35000 Rennes,35238_0578_00028,28 RUE BAHON RAULT,,V4,1,6.3a bis,"Pour  les  bâtiments  à  usage  principal  de  bureau,  d’administration  ou  d’enseignement : Consommation par Energie",4_V4_DPE_6.3a_bis.pdf,0,Vente,Vente,1,TR002_004,Bâtiments ou partie de bâtiment à usage principal autre que d'habitation,Non résidentiel,0,5,0,,,,,,,,,,35,35 - Ile et Vilaine,2,1,0,400,5300,53000,79,400.00,,5,-5,418.70,32.90,51.80,66.90,90.00,28.00,41.00,H2,8.08,12.00,33300,3.40,Ea,2,4,1.50,2
714729,1435V4000033H,7070,3,4,Méthode Facture,,\N,\N,2014-02-19,2014-02-19,2011-09-15,Les factures fournies pour la réalisation du DPE viennent d'un seul compteur pour deux Batiments (A+B) donc un ratio à la surface a été appliqué. Aucune facture de gaz pour le chauffage nous ont été fournie.,,506.00,E,16.00,C,4,"Bureau, Administration, Enseignement",\N,\N,1,1100.00,1100.00,35,RENNES,,,26 28 Rue Bahon Rault,,,Batiment B,,,35000,35238,35238,,,\N,\N,1,,1000.00,100.00,0.00,0,0,1,0,0,0,0.00,\N,0,0,0.00,0.00,0.00,0.00,0.00,0.00,1,Icert,Parc Edonia - Bâtiment G Rue de la Terre Victoria 35760 SAINT GREGOIRE (détail sur www.cofrac.fr programme n°4-4-11),0,0,2014-02-26 18:28:40,-1.683513,48.133009,0.84,housenumber,28 Rue Bahon-Rault 35000 Rennes,35238_0578_00028,28 RUE BAHON RAULT,,V4,1,6.3a bis,"Pour  les  bâtiments  à  usage  principal  de  bureau,  d’administration  ou  d’enseignement : Consommation par Energie",4_V4_DPE_6.3a_bis.pdf,0,Vente,Vente,1,TR002_004,Bâtiments ou partie de bâtiment à usage principal autre que d'habitation,Non résidentiel,0,5,0,,,,,,,,,,35,35 - Ile et Vilaine,2,1,0,400,5300,53000,79,400.00,,5,-5,418.70,32.90,51.80,66.90,90.00,28.00,41.00,H2,8.08,12.00,33300,3.40,Ea,2,4,1.50,2
714749,1435V4000034I,3124,10,4,FACTURE - DPE,V2012,\N,\N,2014-02-26,2014-02-26,2011-08-15,,,953.51,G,38.10,D,4,bureaux,\N,\N,1982,14685.00,14685.00,35,RENNES,00,avenue,François Château,1 à 3,,,,,35000,35238,35238,,,,,\N,,\N,\N,\N,\N,\N,\N,\N,\N,\N,\N,,\N,\N,\N,\N,\N,\N,\N,\N,1,ICERT,Parc Edonia - Bâtiment G Rue de la Terre Victoria 35760 Saint-Grégoire,0,0,2014-02-26 18:32:23,-1.654904,48.110442,0.84,housenumber,3 Avenue François Château 35000 Rennes,35238_3225_00003,3 AVENUE FRANCOIS CHATEAU,,V4,1,6.3a bis,"Pour  les  bâtiments  à  usage  principal  de  bureau,  d’administration  ou  d’enseignement : Consommation par Energie",4_V4_DPE_6.3a_bis.pdf,0,Vente,Vente,1,TR002_004,Bâtiments ou partie de bâtiment à usage principal autre que d'habitation,Non résidentiel,0,5,0,,,,,,,,,,35,35 - Ile et Vilaine,2,1,0,400,5300,53000,79,400.00,,5,-5,418.70,32.90,51.80,66.90,90.00,28.00,41.00,H2,8.08,12.00,33300,3.40,Ea,2,4,1.50,2
721597,1435V8000070M,3139,5,8,FACTURE,VERSION_2012,\N,\N,2014-02-28,2014-02-28,2011-08-15,\N,,0.00,N,0.00,N,4,\N,\N,\N,2000,415.64,415.64,35,CHARTRES-DE-BRETAGNE,,\N,7 A RUE DU VILLAGE DE LA METAIRIE,\N,\N,\N,\N,\N,35131,35066,35066,,\N,\N,0,0,\N,0.00,377.85,0.00,0,0,1,0,0,0,0.00,\N,0,0,0.00,0.00,0.00,0.00,0.00,0.00,1,ICERT,n/c,1,0,2014-02-28 13:20:44,-1.710881,48.04779,0.88,housenumber,7a Rue du Village de la Métairie 35131 Chartres-de-Bretagne,35066_0402_00007_a,7A RUE DU VILLAGE DE LA METAIRIE,,V8,1,6.3c bis,Pour  les  autres  bâtiments  non  mentionnés  dans  les  deux  précédents  cas : Consommation par Energie,8_V8_DPE_6.3c_bis.pdf,0,Vente,Vente,1,TR002_004,Bâtiments ou partie de bâtiment à usage principal autre que d'habitation,Non résidentiel,0,5,0,,,,,,,,,,35,35 - Ile et Vilaine,2,1,0,400,5300,53000,79,400.00,,5,-5,418.70,32.90,51.80,66.90,90.00,28.00,41.00,H2,8.08,12.00,33300,3.40,Ea,2,4,1.50,2
723261,1435V3000010B,7128,5,3,FACTURE,VERSION_2012,\N,\N,2014-02-28,2014-02-28,2011-08-15,\N,,0.00,N,0.00,N,4,\N,5,3,1870,94.60,94.60,35,RENNES,,\N,10? Rue Victor Hugo,\N,\N,\N,\N,\N,35000,35238,35238,,\N,\N,\N,0,\N,0.00,94.60,0.00,0,0,1,0,0,0,0.00,\N,0,0,0.00,0.00,0.00,0.00,0.00,0.00,1,SGS ICS,"29, avenue Aristide Briand. 94211. ARCUEIL Cedex",1,0,2014-02-28 17:52:30,-1.676122,48.112349,0.98,housenumber,10 Rue Victor Hugo 35000 Rennes,35238_9545_00010,10 RUE VICTOR HUGO,,V3,1,6.3a,"Pour  les  bâtiments  à  usage  principal  de  bureau,  d’administration  ou  d’enseignement : Consommation par Usage",3_V3_DPE_6.3a.pdf,0,Vente,Vente,1,TR002_004,Bâtiments ou partie de bâtiment à usage principal autre que d'habitation,Non résidentiel,0,5,0,TR012_005,5ème Catégorie,2ème Groupe,0,TR013_003,"M : Magasins de vente, centres commerciaux",1,0,Établissements installés dans un bâtiment,35,35 - Ile et Vilaine,2,1,0,400,5300,53000,79,400.00,,5,-5,418.70,32.90,51.80,66.90,90.00,28.00,41.00,H2,8.08,12.00,33300,3.40,Ea,2,4,1.50,2
725092,1435V8000071N,4130,2,8,3CL - DPE,V2012,\N,\N,2014-02-27,2014-02-27,2011-08-15,,\N,345.12,E,103.53,G,4,Artisanat,5,3,1900,0.00,0.00,35,ACIGNÉ,90,\N,2 rue Saint-Louis,\N,\N,\N,Rez de chaussée,\N,35690,35001,35001,NC,\N,,\N,2,,0.00,0.00,0.00,0,1,0,0,0,0,0.00,\N,0,0,0.00,0.00,0.00,0.00,0.00,0.00,1,QUALIXPERT,  ,0,0,2014-03-02 17:36:24,-1.535071,48.132168,0.95,housenumber,2 Rue Saint-Louis 35690 Acigné,35001_0133_00002,2 RUE SAINT LOUIS,,V8,1,6.3c bis,Pour  les  autres  bâtiments  non  mentionnés  dans  les  deux  précédents  cas : Consommation par Energie,8_V8_DPE_6.3c_bis.pdf,0,Vente,Vente,1,TR002_004,Bâtiments ou partie de bâtiment à usage principal autre que d'habitation,Non résidentiel,0,5,0,TR012_005,5ème Catégorie,2ème Groupe,0,TR013_003,"M : Magasins de vente, centres commerciaux",1,0,Établissements installés dans un bâtiment,35,35 - Ile et Vilaine,2,1,0,400,5300,53000,79,400.00,,5,-5,418.70,32.90,51.80,66.90,90.00,28.00,41.00,H2,8.08,12.00,33300,3.40,Ea,2,4,1.50,2
726699,1435V4000035J,2211,3,4,Méthode Facture,,\N,\N,2014-01-16,2014-01-16,2011-09-15,,,382.00,E,30.00,C,4,"Bureau, Administration, Enseignement",\N,\N,1947,1136.81,1136.81,35,RENNES,,,"25, Rue du Champ Jacquet",,,Ce bien ne fait pas partie d'une copropriété,,,35000,35238,35238,,,\N,\N,1,,1033.46,100.00,0.00,0,0,1,0,0,0,0.00,\N,0,0,0.00,0.00,0.00,0.00,0.00,0.00,1,ICERT,Parc Edonia - Bâtiment G Rue de la Terre Victoria 35760 SAINT GREGOIRE (détail sur www.cofrac.fr programme n°4-4-11),0,0,2014-03-03 13:06:23,-1.680031,48.113514,0.98,housenumber,25 Rue du Champ Jacquet 35000 Rennes,35238_1570_00025,25 RUE DU CHAMP JACQUET,,V4,1,6.3a bis,"Pour  les  bâtiments  à  usage  principal  de  bureau,  d’administration  ou  d’enseignement : Consommation par Energie",4_V4_DPE_6.3a_bis.pdf,0,Vente,Vente,1,TR002_004,Bâtiments ou partie de bâtiment à usage principal autre que d'habitation,Non résidentiel,0,5,0,,,,,,,,,,35,35 - Ile et Vilaine,2,1,0,400,5300,53000,79,400.00,,5,-5,418.70,32.90,51.80,66.90,90.00,28.00,41.00,H2,8.08,12.00,33300,3.40,Ea,2,4,1.50,2
727653,1435V8000072O,7070,3,8,Méthode Facture,,\N,\N,2014-03-03,2014-03-03,2011-09-15,,,1521.00,G,49.00,E,4,"Autres (théâtres, salles de sport, restaurati",\N,\N,1947,82.50,82.50,35,RENNES,,,3 Quai Lamennais,,,RDC,,,35000,35238,35238,Non communiqué,,\N,\N,2,Partie du rez de chaussée,75.00,100.00,0.00,0,0,1,0,0,0,0.00,\N,0,0,0.00,0.00,0.00,0.00,0.00,0.00,1,Icert,Parc Edonia - Bâtiment G Rue de la Terre Victoria 35760 SAINT GREGOIRE (détail sur www.cofrac.fr programme n°4-4-11),0,0,2014-03-03 16:39:33,-1.680753,48.109775,0.97,housenumber,3 Quai Lamennais 35000 Rennes,35238_5290_00003,3 QUAI LAMENNAIS,,V8,1,6.3c bis,Pour  les  autres  bâtiments  non  mentionnés  dans  les  deux  précédents  cas : Consommation par Energie,8_V8_DPE_6.3c_bis.pdf,0,Vente,Vente,1,TR002_004,Bâtiments ou partie de bâtiment à usage principal autre que d'habitation,Non résidentiel,0,5,0,,,,,,,,,,35,35 - Ile et Vilaine,2,1,0,400,5300,53000,79,400.00,,5,-5,418.70,32.90,51.80,66.90,90.00,28.00,41.00,H2,8.08,12.00,33300,3.40,Ea,2,4,1.50,2
727811,1435V7000025L,7916,10,7,FACTURE - DPE,V2012,\N,\N,2014-02-18,2014-02-26,2011-08-15,,,225.68,D,7.35,B,4,salles de sport,\N,\N,1974,525.88,525.88,35,VERN-SUR-SEICHE,00,rue,passavent,25,,,,,35770,35352,35352,,,,,\N,,\N,\N,\N,\N,\N,\N,\N,\N,\N,\N,,\N,\N,\N,\N,\N,\N,\N,\N,1,SOCOTEC CERTIFICATION,"Les quatrans 3 Avenue du centre Guyancourt, CS 20732 78182 Saint Quentin en Yvelines Cedex",0,0,2014-03-03 17:03:56,-1.625578,48.061542,0.65,street,Rue du Passavent 35770 Vern-sur-Seiche,35352_0350,RUE DU PASSAVENT,,V7,1,6.3c,Pour  les  autres  bâtiments  non  mentionnés  dans  les  deux  précédents  cas : Consommation par Usage,7_V7_DPE_6.3c.pdf,0,Vente,Vente,1,TR002_004,Bâtiments ou partie de bâtiment à usage principal autre que d'habitation,Non résidentiel,0,5,0,,,,,,,,,,35,35 - Ile et Vilaine,2,1,0,400,5300,53000,79,400.00,,5,-5,418.70,32.90,51.80,66.90,90.00,28.00,41.00,H2,8.08,12.00,33300,3.40,Ea,2,4,1.50,2
728913,1435V7000026M,7916,10,7,FACTURE - DPE,V2012,\N,\N,2014-02-18,2014-02-26,2011-08-15,,,231.42,D,7.53,B,4,salles de sport,\N,\N,1974,512.84,512.84,35,VERN-SUR-SEICHE,00,rue,passavent,25,,,,,35770,35352,35352,,,,,\N,,\N,\N,\N,\N,\N,\N,\N,\N,\N,\N,,\N,\N,\N,\N,\N,\N,\N,\N,1,SOCOTEC CERTIFICATION,"Les quatrans 3 Avenue du centre Guyancourt, CS 20732 78182 Saint Quentin en Yvelines Cedex",0,0,2014-03-03 22:38:48,-1.625578,48.061542,0.65,street,Rue du Passavent 35770 Vern-sur-Seiche,35352_0350,RUE DU PASSAVENT,,V7,1,6.3c,Pour  les  autres  bâtiments  non  mentionnés  dans  les  deux  précédents  cas : Consommation par Usage,7_V7_DPE_6.3c.pdf,0,Vente,Vente,1,TR002_004,Bâtiments ou partie de bâtiment à usage principal autre que d'habitation,Non résidentiel,0,5,0,,,,,,,,,,35,35 - Ile et Vilaine,2,1,0,400,5300,53000,79,400.00,,5,-5,418.70,32.90,51.80,66.90,90.00,28.00,41.00,H2,8.08,12.00,33300,3.40,Ea,2,4,1.50,2
730427,1435V7000027N,2465,5,7,FACTURE,VERSION_2012,\N,\N,2014-02-28,2014-03-04,2011-08-15,\N,,227.27,D,27.51,D,4,\N,5,3,1974,107.47,107.47,35,RENNES,,\N,33 rue Jean Guéhenno,\N,\N,\N,\N,\N,35000,35238,35238,,\N,\N,0,0,\N,0.00,97.70,0.00,0,0,1,0,0,0,0.00,\N,0,0,0.00,0.00,0.00,0.00,0.00,0.00,1,I.CERT,Parc Edonia - Rue de la Terre Victoria 35760 Saint Grégoire,0,0,2014-03-04 12:12:47,-1.674179,48.117107,0.98,housenumber,33 Rue Jean Guéhenno 35700 Rennes,35238_4716_00033,33 RUE JEAN GUEHENNO,,V7,1,6.3c,Pour  les  autres  bâtiments  non  mentionnés  dans  les  deux  précédents  cas : Consommation par Usage,7_V7_DPE_6.3c.pdf,0,Vente,Vente,1,TR002_004,Bâtiments ou partie de bâtiment à usage principal autre que d'habitation,Non résidentiel,0,5,0,TR012_005,5ème Catégorie,2ème Groupe,0,TR013_003,"M : Magasins de vente, centres commerciaux",1,0,Établissements installés dans un bâtiment,35,35 - Ile et Vilaine,2,1,0,400,5300,53000,79,400.00,,5,-5,418.70,32.90,51.80,66.90,90.00,28.00,41.00,H2,8.08,12.00,33300,3.40,Ea,2,4,1.50,2
731528,1435V4000036K,7070,3,4,Méthode Facture,,\N,\N,2014-03-04,2014-03-04,2011-09-15,,,0.00,N,0.00,N,4,"Bureau, Administration, Enseignement",\N,\N,1,170.50,170.50,35,SAINT-GRÉGOIRE,,,Parc Edonia rue de la Terre Victoria,,,Bat. A; Etage RDC Droite,,,35760,35189,35189,Non communiqué,,\N,\N,2,Partie du rez de chaussée,155.00,100.00,0.00,0,0,1,0,0,0,0.00,\N,0,0,0.00,0.00,0.00,0.00,0.00,0.00,1,Icert,Parc Edonia - Bâtiment G Rue de la Terre Victoria 35760 SAINT GREGOIRE (détail sur www.cofrac.fr programme n°4-4-11),1,0,2014-03-04 16:49:08,,,0,,,,,,V4,1,6.3a bis,"Pour  les  bâtiments  à  usage  principal  de  bureau,  d’administration  ou  d’enseignement : Consommation par Energie",4_V4_DPE_6.3a_bis.pdf,0,Vente,Vente,1,TR002_004,Bâtiments ou partie de bâtiment à usage principal autre que d'habitation,Non résidentiel,0,5,0,,,,,,,,,,35,35 - Ile et Vilaine,2,1,0,400,5300,53000,79,400.00,,5,-5,418.70,32.90,51.80,66.90,90.00,28.00,41.00,H2,8.08,12.00,33300,3.40,Ea,2,4,1.50,2
731917,1435V8000073P,7070,3,8,Méthode Facture,,\N,\N,2014-02-21,2014-02-21,2011-09-15,Aucun élément sur la chaufferie nous a été fourni par le syndic de copropriété,,203.00,D,39.00,D,4,"Autres (théâtres, salles de sport, restaurati",\N,\N,1947,96.25,96.25,35,RENNES,,,31 Rue du Maréchal Joffre,,,3ème étage,,,35000,35238,35238,Non communiqué,,\N,\N,2,3 étage,87.50,100.00,0.00,0,0,1,0,0,0,0.00,\N,0,0,0.00,0.00,0.00,0.00,0.00,0.00,1,Icert,Parc Edonia - Bâtiment G Rue de la Terre Victoria 35760 SAINT GREGOIRE (détail sur www.cofrac.fr programme n°4-4-11),0,0,2014-03-04 17:45:31,-1.677737,48.107617,0.86,housenumber,31 Rue Maréchal Joffre 35000 Rennes,35238_6310_00031,31 RUE MARECHAL JOFFRE,,V8,1,6.3c bis,Pour  les  autres  bâtiments  non  mentionnés  dans  les  deux  précédents  cas : Consommation par Energie,8_V8_DPE_6.3c_bis.pdf,0,Vente,Vente,1,TR002_004,Bâtiments ou partie de bâtiment à usage principal autre que d'habitation,Non résidentiel,0,5,0,,,,,,,,,,35,35 - Ile et Vilaine,2,1,0,400,5300,53000,79,400.00,,5,-5,418.70,32.90,51.80,66.90,90.00,28.00,41.00,H2,8.08,12.00,33300,3.40,Ea,2,4,1.50,2
731934,1435V8000074Q,7070,3,8,Méthode Facture,,\N,\N,2014-02-21,2014-02-21,2011-09-15,Aucun élément sur la chaufferie nous a été fourni par le syndic de copropriété,,203.00,D,39.00,D,4,"Autres (théâtres, salles de sport, restaurati",\N,\N,1947,96.25,96.25,35,RENNES,,,31 Rue du Maréchal Joffre,,,3ème étage,,,35000,35238,35238,Non communiqué,,\N,\N,2,3 étage,87.50,100.00,0.00,0,0,1,0,0,0,0.00,\N,0,0,0.00,0.00,0.00,0.00,0.00,0.00,1,Icert,Parc Edonia - Bâtiment G Rue de la Terre Victoria 35760 SAINT GREGOIRE (détail sur www.cofrac.fr programme n°4-4-11),0,0,2014-03-04 17:47:51,-1.677737,48.107617,0.86,housenumber,31 Rue Maréchal Joffre 35000 Rennes,35238_6310_00031,31 RUE MARECHAL JOFFRE,,V8,1,6.3c bis,Pour  les  autres  bâtiments  non  mentionnés  dans  les  deux  précédents  cas : Consommation par Energie,8_V8_DPE_6.3c_bis.pdf,0,Vente,Vente,1,TR002_004,Bâtiments ou partie de bâtiment à usage principal autre que d'habitation,Non résidentiel,0,5,0,,,,,,,,,,35,35 - Ile et Vilaine,2,1,0,400,5300,53000,79,400.00,,5,-5,418.70,32.90,51.80,66.90,90.00,28.00,41.00,H2,8.08,12.00,33300,3.40,Ea,2,4,1.50,2
732619,1435C2000003B,9445,3,21,Méthode Facture,,\N,\N,2014-03-04,2014-03-04,2011-09-15,,,570.00,G,18.00,C,5,Centres Commerciaux,\N,\N,1,74.66,74.66,35,Pacé,,,"18, boulevard P Dumaine de la Josserie",,,,,,35740,35210,35210,NC,,,100,2,,67.87,100.00,0.00,0,0,1,0,0,0,0.00,\N,0,0,15.00,0.00,0.00,67.87,67.87,35.00,1,ICERT,Parc Edonia - Bâtiment G Rue de la Terre Victoria 35760 SAINT GREGOIRE (détail sur www.cofrac.fr programme n°4-4-11),0,0,2014-03-04 20:02:14,-1.770133,48.146,0.79,housenumber,18 Boulevard Patrice Dumaine de la Josserie 35740 Pacé,35210_0270_00018,18 BD P DUMAINE DE LA JOSSERIE,,C2,5,Par énergie,Pour les centres commerciaux,21_C2_DPE_6.b.pdf,0,Centre commercial,Centre commercial,4,TR002_005,Centre Commerciaux,Centres commerciaux,0,4,0,,,,,,,,,,35,35 - Ile et Vilaine,2,1,0,400,5300,53000,79,400.00,,5,-5,418.70,32.90,51.80,66.90,90.00,28.00,41.00,H2,8.08,12.00,33300,3.40,Ea,2,4,1.50,2
736127,1435V8000075R,8975,5,8,FACTURE,VERSION_2012,\N,\N,2014-03-05,2014-03-05,2011-08-15,\N,,351.34,E,17.05,C,4,\N,\N,\N,2001,9845.00,9845.00,35,SAINT-GILLES,,\N,2 RUE DE LA VILLE BENET,\N,\N,\N,\N,\N,35590,35081,35081,,\N,\N,0,0,\N,0.00,8950.00,0.00,0,0,1,0,0,0,0.00,\N,0,0,0.00,0.00,0.00,0.00,0.00,0.00,1,ICERT,n/c,0,0,2014-03-05 17:32:40,-1.852692,48.175812,0.37,housenumber,2 Rue de l'Etang 35590 Clayes,35081_0007_00002,2 RUE DE L ETANG,,V8,1,6.3c bis,Pour  les  autres  bâtiments  non  mentionnés  dans  les  deux  précédents  cas : Consommation par Energie,8_V8_DPE_6.3c_bis.pdf,0,Vente,Vente,1,TR002_004,Bâtiments ou partie de bâtiment à usage principal autre que d'habitation,Non résidentiel,0,5,0,,,,,,,,,,35,35 - Ile et Vilaine,2,1,0,400,5300,53000,79,400.00,,5,-5,418.70,32.90,51.80,66.90,90.00,28.00,41.00,H2,8.08,12.00,33300,3.40,Ea,2,4,1.50,2
740294,1435V8000076S,7070,3,8,Méthode Facture,,\N,\N,2014-03-06,2014-03-06,2011-09-15,,,350.00,E,11.00,C,4,"Autres (théâtres, salles de sport, restaurati",\N,\N,1,216.32,216.32,35,RENNES,,,5 Rue Marie Alizon,,,,,,35000,35238,35238,,,\N,\N,2,Rez de chaussée,196.65,100.00,0.00,0,0,1,0,0,0,0.00,\N,0,0,0.00,0.00,0.00,0.00,0.00,0.00,1,Icert,Parc Edonia - Bâtiment G Rue de la Terre Victoria 35760 SAINT GREGOIRE (détail sur www.cofrac.fr programme n°4-4-11),0,0,2014-03-06 16:40:34,-1.670328,48.107358,0.63,housenumber,5 Rue Marie et Simone Alizon 35000 Rennes,35238_6340_00005,5 RUE MARIE ET SIMONE ALIZON,,V8,1,6.3c bis,Pour  les  autres  bâtiments  non  mentionnés  dans  les  deux  précédents  cas : Consommation par Energie,8_V8_DPE_6.3c_bis.pdf,0,Vente,Vente,1,TR002_004,Bâtiments ou partie de bâtiment à usage principal autre que d'habitation,Non résidentiel,0,5,0,,,,,,,,,,35,35 - Ile et Vilaine,2,1,0,400,5300,53000,79,400.00,,5,-5,418.70,32.90,51.80,66.90,90.00,28.00,41.00,H2,8.08,12.00,33300,3.40,Ea,2,4,1.50,2
740615,1435V8000077T,7070,3,8,Méthode Facture,,\N,\N,2014-03-06,2014-03-06,2011-09-15,,,338.00,E,11.00,C,4,"Autres (théâtres, salles de sport, restaurati",\N,\N,1,224.40,224.40,35,RENNES,,,5 Rue Marie Alizon,,,,,,35000,35238,35238,Non communiqué,,\N,\N,2,Rez de chaussée,204.00,100.00,0.00,0,0,1,0,0,0,0.00,\N,0,0,0.00,0.00,0.00,0.00,0.00,0.00,1,Icert,Parc Edonia - Bâtiment G Rue de la Terre Victoria 35760 SAINT GREGOIRE (détail sur www.cofrac.fr programme n°4-4-11),0,0,2014-03-06 17:38:55,-1.670328,48.107358,0.63,housenumber,5 Rue Marie et Simone Alizon 35000 Rennes,35238_6340_00005,5 RUE MARIE ET SIMONE ALIZON,,V8,1,6.3c bis,Pour  les  autres  bâtiments  non  mentionnés  dans  les  deux  précédents  cas : Consommation par Energie,8_V8_DPE_6.3c_bis.pdf,0,Vente,Vente,1,TR002_004,Bâtiments ou partie de bâtiment à usage principal autre que d'habitation,Non résidentiel,0,5,0,,,,,,,,,,35,35 - Ile et Vilaine,2,1,0,400,5300,53000,79,400.00,,5,-5,418.70,32.90,51.80,66.90,90.00,28.00,41.00,H2,8.08,12.00,33300,3.40,Ea,2,4,1.50,2
743415,1435V4000037L,2211,3,4,Méthode Facture,,\N,\N,2014-02-25,2014-02-25,2011-09-15,,,284.00,D,9.00,B,4,"Bureau, Administration, Enseignement",\N,\N,1,121.00,121.00,35,CESSON-SÉVIGNÉ,,,"9, Rue du Bas VIllage",,,,,,35510,35051,35051,,,\N,\N,1,,110.00,100.00,0.00,0,0,1,0,0,0,0.00,\N,0,0,0.00,0.00,0.00,0.00,0.00,0.00,1,ICERT,Parc Edonia - Bâtiment G Rue de la Terre Victoria 35760 SAINT GREGOIRE (détail sur www.cofrac.fr programme n°4-4-11),0,0,2014-03-07 14:05:08,-1.627097,48.103383,0.96,housenumber,9 Rue du Bas Village 35510 Cesson-Sévigné,35051_0030_00009,9 RUE DU BAS VILLAGE,,V4,1,6.3a bis,"Pour  les  bâtiments  à  usage  principal  de  bureau,  d’administration  ou  d’enseignement : Consommation par Energie",4_V4_DPE_6.3a_bis.pdf,0,Vente,Vente,1,TR002_004,Bâtiments ou partie de bâtiment à usage principal autre que d'habitation,Non résidentiel,0,5,0,,,,,,,,,,35,35 - Ile et Vilaine,2,1,0,400,5300,53000,79,400.00,,5,-5,418.70,32.90,51.80,66.90,90.00,28.00,41.00,H2,8.08,12.00,33300,3.40,Ea,2,4,1.50,2
746683,1435V4000038M,9646,5,4,FACTURE,VERSION_2012,\N,\N,2014-03-07,2014-03-09,2011-08-15,\N,,0.00,N,0.00,N,4,\N,\N,\N,1991,117.70,117.70,35,CESSON-SEVIGNE,,\N,4 RUE DU BORDAGE - LOT 68 ET 69,\N,\N,\N,\N,\N,35510,35051,35051,,\N,\N,0,0,\N,0.00,107.00,0.00,0,0,1,0,0,0,0.00,\N,0,0,0.00,0.00,0.00,0.00,0.00,0.00,1,CERTIFI,n/c,1,0,2014-03-09 18:28:12,-1.600507,48.113702,0.61,street,Rue du Bordage 35510 Cesson-Sévigné,35051_0082,RUE DU BORDAGE,,V4,1,6.3a bis,"Pour  les  bâtiments  à  usage  principal  de  bureau,  d’administration  ou  d’enseignement : Consommation par Energie",4_V4_DPE_6.3a_bis.pdf,0,Vente,Vente,1,TR002_004,Bâtiments ou partie de bâtiment à usage principal autre que d'habitation,Non résidentiel,0,5,0,,,,,,,,,,35,35 - Ile et Vilaine,2,1,0,400,5300,53000,79,400.00,,5,-5,418.70,32.90,51.80,66.90,90.00,28.00,41.00,H2,8.08,12.00,33300,3.40,Ea,2,4,1.50,2
749318,1435V4000040F,7070,3,4,Méthode Facture,,\N,\N,2014-03-10,2014-03-10,2011-09-15,,,0.00,N,0.00,N,4,"Bureau, Administration, Enseignement",\N,\N,1947,597.30,597.30,35,RENNES,,,20 Rue d'Isly,,,Etage 2 Porte Gauche,,,35000,35238,35238,Etage 2 Porte Gauche,,\N,\N,2,Partie du 2 étage,543.00,100.00,0.00,0,0,1,0,0,0,0.00,\N,0,0,0.00,0.00,0.00,0.00,0.00,0.00,1,Icert,Parc Edonia - Bâtiment G Rue de la Terre Victoria 35760 SAINT GREGOIRE (détail sur www.cofrac.fr programme n°4-4-11),1,0,2014-03-10 16:24:40,-1.677937,48.105363,0.97,housenumber,20 Rue d'Isly 35000 Rennes,35238_4580_00020,20 RUE D ISLY,,V4,1,6.3a bis,"Pour  les  bâtiments  à  usage  principal  de  bureau,  d’administration  ou  d’enseignement : Consommation par Energie",4_V4_DPE_6.3a_bis.pdf,0,Vente,Vente,1,TR002_004,Bâtiments ou partie de bâtiment à usage principal autre que d'habitation,Non résidentiel,0,5,0,,,,,,,,,,35,35 - Ile et Vilaine,2,1,0,400,5300,53000,79,400.00,,5,-5,418.70,32.90,51.80,66.90,90.00,28.00,41.00,H2,8.08,12.00,33300,3.40,Ea,2,4,1.50,2
749546,1435V4000041G,7070,3,4,Méthode Facture,,\N,\N,2014-03-10,2014-03-10,2011-09-15,,,0.00,N,0.00,N,4,"Bureau, Administration, Enseignement",\N,\N,1947,593.73,593.73,35,RENNES,,,8 Place du Colombier,,,Etage 2,,,35000,35238,35238,586 m² Etage 2 ,,\N,\N,2,Partie du 2 étage,539.75,100.00,0.00,0,0,1,0,0,0,0.00,\N,0,0,0.00,0.00,0.00,0.00,0.00,0.00,1,Icert,Parc Edonia - Bâtiment G Rue de la Terre Victoria 35760 SAINT GREGOIRE (détail sur www.cofrac.fr programme n°4-4-11),1,0,2014-03-10 17:01:19,-1.679497,48.104872,0.98,housenumber,8 Place du Colombier 35000 Rennes,35238_2070_00008,8 PLACE DU COLOMBIER,,V4,1,6.3a bis,"Pour  les  bâtiments  à  usage  principal  de  bureau,  d’administration  ou  d’enseignement : Consommation par Energie",4_V4_DPE_6.3a_bis.pdf,0,Vente,Vente,1,TR002_004,Bâtiments ou partie de bâtiment à usage principal autre que d'habitation,Non résidentiel,0,5,0,,,,,,,,,,35,35 - Ile et Vilaine,2,1,0,400,5300,53000,79,400.00,,5,-5,418.70,32.90,51.80,66.90,90.00,28.00,41.00,H2,8.08,12.00,33300,3.40,Ea,2,4,1.50,2
751890,1435V4000042H,2595,5,4,FACTURE,VERSION_2012,\N,\N,2014-03-07,2014-03-11,2011-08-15,\N,,183.38,C,55.01,D,4,\N,5,3,1947,660.00,660.00,35,RENNES,,\N,7-8 place du Parlement de Bretagne,\N,\N,\N,\N,\N,35000,35238,35238,110-111-112-113-66,\N,\N,0,0,\N,0.00,600.00,0.00,0,0,1,0,0,0,0.00,\N,0,0,0.00,0.00,0.00,0.00,0.00,0.00,1,SGS,"191, avenue Aristide Briand 94237 CACHAN CEDEX",0,0,2014-03-11 12:10:39,-1.677249,48.112267,0.92,housenumber,8 Place du Parlement de Bretagne 35000 Rennes,35238_7095_00008,8 PLACE DU PARLEMENT DE BRETAGNE,,V4,1,6.3a bis,"Pour  les  bâtiments  à  usage  principal  de  bureau,  d’administration  ou  d’enseignement : Consommation par Energie",4_V4_DPE_6.3a_bis.pdf,0,Vente,Vente,1,TR002_004,Bâtiments ou partie de bâtiment à usage principal autre que d'habitation,Non résidentiel,0,5,0,TR012_005,5ème Catégorie,2ème Groupe,0,TR013_003,"M : Magasins de vente, centres commerciaux",1,0,Établissements installés dans un bâtiment,35,35 - Ile et Vilaine,2,1,0,400,5300,53000,79,400.00,,5,-5,418.70,32.90,51.80,66.90,90.00,28.00,41.00,H2,8.08,12.00,33300,3.40,Ea,2,4,1.50,2
751953,1435V4000043I,2595,5,4,FACTURE,VERSION_2012,\N,\N,2014-03-07,2014-03-11,2011-08-15,\N,,163.46,C,38.25,D,4,\N,\N,12,1947,187.00,187.00,35,RENNES,,\N,7-8 place du Parlement de Bretagne,\N,\N,\N,\N,\N,35000,35238,35238,117,\N,\N,0,0,\N,0.00,170.00,0.00,0,0,1,0,0,0,0.00,\N,0,0,0.00,0.00,0.00,0.00,0.00,0.00,1,SGS,"191, avenue Aristide Briand 94237 CACHAN CEDEX",0,0,2014-03-11 12:20:53,-1.677249,48.112267,0.92,housenumber,8 Place du Parlement de Bretagne 35000 Rennes,35238_7095_00008,8 PLACE DU PARLEMENT DE BRETAGNE,,V4,1,6.3a bis,"Pour  les  bâtiments  à  usage  principal  de  bureau,  d’administration  ou  d’enseignement : Consommation par Energie",4_V4_DPE_6.3a_bis.pdf,0,Vente,Vente,1,TR002_004,Bâtiments ou partie de bâtiment à usage principal autre que d'habitation,Non résidentiel,0,5,0,,,,,TR013_012,"W : Administrations, banques, bureaux",1,0,Établissements installés dans un bâtiment,35,35 - Ile et Vilaine,2,1,0,400,5300,53000,79,400.00,,5,-5,418.70,32.90,51.80,66.90,90.00,28.00,41.00,H2,8.08,12.00,33300,3.40,Ea,2,4,1.50,2
752993,1435V8000079V,8975,5,8,FACTURE,VERSION_2012,\N,\N,2014-03-11,2014-03-11,2011-08-15,\N,,0.00,N,0.00,N,4,\N,\N,\N,1900,46.20,46.20,35,RENNES,,\N,46 RUE D ANTRAIN,\N,\N,\N,\N,\N,35000,35238,35238,,\N,\N,0,0,\N,0.00,42.00,0.00,0,0,1,0,0,0,0.00,\N,0,0,0.00,0.00,0.00,0.00,0.00,0.00,1,ICERT,n/c,1,0,2014-03-11 16:44:46,-1.678584,48.116373,0.98,housenumber,46 Rue d'Antrain 35700 Rennes,35238_0450_00046,46 RUE D ANTRAIN,,V8,1,6.3c bis,Pour  les  autres  bâtiments  non  mentionnés  dans  les  deux  précédents  cas : Consommation par Energie,8_V8_DPE_6.3c_bis.pdf,0,Vente,Vente,1,TR002_004,Bâtiments ou partie de bâtiment à usage principal autre que d'habitation,Non résidentiel,0,5,0,,,,,,,,,,35,35 - Ile et Vilaine,2,1,0,400,5300,53000,79,400.00,,5,-5,418.70,32.90,51.80,66.90,90.00,28.00,41.00,H2,8.08,12.00,33300,3.40,Ea,2,4,1.50,2
753226,1435V8000080N,9347,2,8,3CL - DPE,V2012,\N,\N,2014-03-11,2014-03-12,2011-08-15,"Le Diagnostic de Performance Energétique (DPE) pour ce bien doit être calculé de manière réglementaire à partir des consommations réelles d'énergie des trois dernières années. La première facture d'énergie est datée du 30 mai 2013. Cela correspond au début d'activité de l'actuelle laverie. A minima, une année complète est nécessaire pour établir le diagnostic de Performance Energétique (DPE). Par conséquent, le DPE est réalisé sans création d'étiquette de classement énergétique. La mise à jour du rapport pourra être faite ultérieurement si les consommations d'énergie sont transmises à CHB-YADIS.",17,0.00,N,0.00,N,4,Commerce,\N,\N,1997,0.00,0.00,35,RENNES,00,Rue,de Brest,12,,,,,35000,35238,35238,,\N,\N,\N,0,\N,0.00,0.00,0.00,0,0,0,0,0,0,0.00,\N,0,0,0.00,0.00,0.00,0.00,0.00,0.00,1,ICERT,Parc EDONIA - Bât. A  Rue de la Terre Victoria 35760 SAINT-GRÉGOIRE,1,0,2014-03-11 17:19:34,-1.68893,48.11266,0.98,housenumber,12 Rue de Brest 35000 Rennes,35238_1190_00012,12 RUE DE BREST,,V8,1,6.3c bis,Pour  les  autres  bâtiments  non  mentionnés  dans  les  deux  précédents  cas : Consommation par Energie,8_V8_DPE_6.3c_bis.pdf,0,Vente,Vente,1,TR002_004,Bâtiments ou partie de bâtiment à usage principal autre que d'habitation,Non résidentiel,0,5,0,,,,,,,,,,35,35 - Ile et Vilaine,2,1,0,400,5300,53000,79,400.00,,5,-5,418.70,32.90,51.80,66.90,90.00,28.00,41.00,H2,8.08,12.00,33300,3.40,Ea,2,4,1.50,2
757151,1435V4000045K,7070,3,4,Méthode Facture,,\N,\N,2014-03-12,2014-03-12,2011-09-15,,,150.00,C,4.00,A,4,"Bureau, Administration, Enseignement",\N,\N,1,44.00,44.00,35,SAINT-GRÉGOIRE,,,8 Rue de Belle-Île,,,Etage 2,,,35760,35189,35189,Non communiqué,,\N,\N,2,Partie du 2 étage,40.00,100.00,0.00,0,0,1,0,0,0,0.00,\N,0,0,0.00,0.00,0.00,0.00,0.00,0.00,1,Icert,Parc Edonia - Bâtiment G Rue de la Terre Victoria 35760 SAINT GREGOIRE (détail sur www.cofrac.fr programme n°4-4-11),0,0,2014-03-12 16:48:40,-1.711788,48.154693,0.55,housenumber,8 Rue de la Belle Epine 35760 Montgermont,35189_0018_00008,8 RUE DE LA BELLE EPINE,,V4,1,6.3a bis,"Pour  les  bâtiments  à  usage  principal  de  bureau,  d’administration  ou  d’enseignement : Consommation par Energie",4_V4_DPE_6.3a_bis.pdf,0,Vente,Vente,1,TR002_004,Bâtiments ou partie de bâtiment à usage principal autre que d'habitation,Non résidentiel,0,5,0,,,,,,,,,,35,35 - Ile et Vilaine,2,1,0,400,5300,53000,79,400.00,,5,-5,418.70,32.90,51.80,66.90,90.00,28.00,41.00,H2,8.08,12.00,33300,3.40,Ea,2,4,1.50,2
760837,1435V4000046L,11370,3,4,Méthode Facture,,\N,\N,2014-02-19,2014-03-13,2011-09-15,,,266.00,D,26.00,C,4,"Bureau, Administration, Enseignement",\N,\N,1947,4969.80,4969.80,35,Rennes,,,PLACE DE LA REPUBLIQUE,,,RENNES PALAIS DU COMMERCE CENTRE + OUEST,,,35000,35238,35238,,,\N,\N,2,,4518.00,100.00,0.00,0,0,5,0,0,0,0.00,\N,0,0,110.00,0.00,0.00,900.00,900.00,900.00,1,ICERT,Parc Edonia - Bâtiment G Rue de la Terre Victoria 35760 SAINT GREGOIRE (détail sur www.cofrac.fr programme n°4-4-11),0,0,2014-03-13 15:16:05,-1.67999,48.109654,0.96,street,Place de la République 35000 Rennes,35238_8300,PLACE DE LA REPUBLIQUE,,V4,1,6.3a bis,"Pour  les  bâtiments  à  usage  principal  de  bureau,  d’administration  ou  d’enseignement : Consommation par Energie",4_V4_DPE_6.3a_bis.pdf,0,Vente,Vente,1,TR002_004,Bâtiments ou partie de bâtiment à usage principal autre que d'habitation,Non résidentiel,0,5,0,,,,,,,,,,35,35 - Ile et Vilaine,2,1,0,400,5300,53000,79,400.00,,5,-5,418.70,32.90,51.80,66.90,90.00,28.00,41.00,H2,8.08,12.00,33300,3.40,Ea,2,4,1.50,2
760940,1435V4000047M,11370,3,4,Méthode Facture,,\N,\N,2014-02-19,2014-03-13,2011-09-15,,,266.00,D,26.00,C,4,"Bureau, Administration, Enseignement",\N,\N,1947,4969.80,4969.80,35,Rennes,,,PLACE DE LA REPUBLIQUE,,,RENNES PALAIS DU COMMERCE CENTRE + OUEST,,,35000,35238,35238,,,\N,\N,2,,4518.00,100.00,0.00,0,0,5,0,0,0,0.00,\N,0,0,110.00,0.00,0.00,900.00,900.00,900.00,1,ABCIDIA,4 route de la Noue 91190 GIF SUR YVETTE (détail sur www.cofrac.fr programme n°4-4-11),0,0,2014-03-13 15:34:53,-1.67999,48.109654,0.96,street,Place de la République 35000 Rennes,35238_8300,PLACE DE LA REPUBLIQUE,,V4,1,6.3a bis,"Pour  les  bâtiments  à  usage  principal  de  bureau,  d’administration  ou  d’enseignement : Consommation par Energie",4_V4_DPE_6.3a_bis.pdf,0,Vente,Vente,1,TR002_004,Bâtiments ou partie de bâtiment à usage principal autre que d'habitation,Non résidentiel,0,5,0,,,,,,,,,,35,35 - Ile et Vilaine,2,1,0,400,5300,53000,79,400.00,,5,-5,418.70,32.90,51.80,66.90,90.00,28.00,41.00,H2,8.08,12.00,33300,3.40,Ea,2,4,1.50,2
761066,1435V4000048N,11370,3,4,Méthode Facture,,\N,\N,2014-02-19,2014-03-13,2011-09-15,,,219.00,D,22.00,C,4,"Bureau, Administration, Enseignement",\N,\N,1947,6030.20,6030.20,35,Rennes,,,PLACE DE LA REPUBLIQUE,,,RENNES PALAIS DU COMMERCE CENTRE + OUEST,,,35000,35238,35238,,,\N,\N,2,,5482.00,100.00,0.00,0,0,5,0,0,0,0.00,\N,0,0,110.00,0.00,0.00,900.00,900.00,900.00,1,ABCIDIA,4 route de la Noue 91190 GIF SUR YVETTE (détail sur www.cofrac.fr programme n°4-4-11),0,0,2014-03-13 15:58:45,-1.67999,48.109654,0.96,street,Place de la République 35000 Rennes,35238_8300,PLACE DE LA REPUBLIQUE,,V4,1,6.3a bis,"Pour  les  bâtiments  à  usage  principal  de  bureau,  d’administration  ou  d’enseignement : Consommation par Energie",4_V4_DPE_6.3a_bis.pdf,0,Vente,Vente,1,TR002_004,Bâtiments ou partie de bâtiment à usage principal autre que d'habitation,Non résidentiel,0,5,0,,,,,,,,,,35,35 - Ile et Vilaine,2,1,0,400,5300,53000,79,400.00,,5,-5,418.70,32.90,51.80,66.90,90.00,28.00,41.00,H2,8.08,12.00,33300,3.40,Ea,2,4,1.50,2
761711,1435V8000082P,8975,5,8,FACTURE,VERSION_2012,\N,\N,2014-03-13,2014-03-13,2011-08-15,\N,,563.94,G,18.36,C,4,\N,\N,\N,2010,154.00,154.00,35,CESSON-SEVIGNE,,\N,2 RUE DE LA FONTAINE - LOT 73,\N,\N,\N,\N,\N,35510,35051,35051,,\N,\N,0,0,\N,0.00,140.00,0.00,0,0,1,0,0,0,0.00,\N,0,0,0.00,0.00,0.00,0.00,0.00,0.00,1,ICERT,n/c,0,0,2014-03-13 17:23:00,-1.609657,48.109097,0.95,housenumber,2 Rue de la Fontaine 35510 Cesson-Sévigné,35051_0218_00002,2 RUE DE LA FONTAINE,,V8,1,6.3c bis,Pour  les  autres  bâtiments  non  mentionnés  dans  les  deux  précédents  cas : Consommation par Energie,8_V8_DPE_6.3c_bis.pdf,0,Vente,Vente,1,TR002_004,Bâtiments ou partie de bâtiment à usage principal autre que d'habitation,Non résidentiel,0,5,0,,,,,,,,,,35,35 - Ile et Vilaine,2,1,0,400,5300,53000,79,400.00,,5,-5,418.70,32.90,51.80,66.90,90.00,28.00,41.00,H2,8.08,12.00,33300,3.40,Ea,2,4,1.50,2
765232,1435V3000012D,530,3,3,Méthode Facture,,\N,\N,2014-02-28,2014-03-14,2011-09-15,,,0.00,N,0.00,N,4,"Bureau, Administration, Enseignement",\N,\N,1,2128.50,2128.50,35,RENNES,,,5 allée de la Croix des Hêtres* ZAC Multisites de Coesmes,,,"Bâtiment 3, immeuble de R+3",,,35000,35238,35238,Non communiqué,,\N,\N,2,,1935.00,100.00,0.00,0,0,4,0,0,0,0.00,\N,0,0,0.00,0.00,0.00,0.00,0.00,0.00,1,AFNOR Certification,11 avenue Francis de Pressensé  93571 SAINT DENIS LA PLAINE CEDEX (détail sur www.cofrac.fr programme n°4-4-11),1,0,2014-03-14 15:47:39,,,0,,,,,,V3,1,6.3a,"Pour  les  bâtiments  à  usage  principal  de  bureau,  d’administration  ou  d’enseignement : Consommation par Usage",3_V3_DPE_6.3a.pdf,0,Vente,Vente,1,TR002_004,Bâtiments ou partie de bâtiment à usage principal autre que d'habitation,Non résidentiel,0,5,0,,,,,,,,,,35,35 - Ile et Vilaine,2,1,0,400,5300,53000,79,400.00,,5,-5,418.70,32.90,51.80,66.90,90.00,28.00,41.00,H2,8.08,12.00,33300,3.40,Ea,2,4,1.50,2
765369,1435V3000013E,530,3,3,Méthode Facture,,\N,\N,2014-02-28,2014-03-14,2011-09-15,,,0.00,N,0.00,N,4,"Bureau, Administration, Enseignement",\N,\N,1,1555.40,1555.40,35,RENNES,,,5 allée de la Croix des Hêtres* ZAC Multisites de Coesmes,,,,,,35000,35238,35238,Non communiqué,,\N,\N,2,,1414.00,100.00,0.00,0,0,1,0,0,0,0.00,\N,0,0,0.00,0.00,0.00,0.00,0.00,0.00,1,AFNOR Certification,11 avenue Francis de Pressensé  93571 SAINT DENIS LA PLAINE CEDEX (détail sur www.cofrac.fr programme n°4-4-11),1,0,2014-03-14 16:05:53,,,0,,,,,,V3,1,6.3a,"Pour  les  bâtiments  à  usage  principal  de  bureau,  d’administration  ou  d’enseignement : Consommation par Usage",3_V3_DPE_6.3a.pdf,0,Vente,Vente,1,TR002_004,Bâtiments ou partie de bâtiment à usage principal autre que d'habitation,Non résidentiel,0,5,0,,,,,,,,,,35,35 - Ile et Vilaine,2,1,0,400,5300,53000,79,400.00,,5,-5,418.70,32.90,51.80,66.90,90.00,28.00,41.00,H2,8.08,12.00,33300,3.40,Ea,2,4,1.50,2
765560,1435V4000049O,2211,3,4,Méthode Facture,,\N,\N,2014-03-11,2014-03-11,2011-09-15,,,428.00,E,13.00,B,4,"Bureau, Administration, Enseignement",\N,\N,1947,45.54,45.54,35,RENNES,,,"29, Rue du Manoir de Servigné",,,Etage 1; Porte 1,,,35000,35238,35238,,,\N,\N,2,cellule 1,41.40,100.00,0.00,0,0,1,0,0,0,0.00,\N,0,0,0.00,0.00,0.00,0.00,0.00,0.00,1,ICERT,Parc Edonia - Bâtiment G Rue de la Terre Victoria 35760 SAINT GREGOIRE (détail sur www.cofrac.fr programme n°4-4-11),0,0,2014-03-14 16:24:53,-1.730156,48.101395,0.98,housenumber,29 Rue du Manoir de Servigné 35000 Rennes,35238_6150_00029,29 RUE DU MANOIR DE SERVIGNE,,V4,1,6.3a bis,"Pour  les  bâtiments  à  usage  principal  de  bureau,  d’administration  ou  d’enseignement : Consommation par Energie",4_V4_DPE_6.3a_bis.pdf,0,Vente,Vente,1,TR002_004,Bâtiments ou partie de bâtiment à usage principal autre que d'habitation,Non résidentiel,0,5,0,,,,,,,,,,35,35 - Ile et Vilaine,2,1,0,400,5300,53000,79,400.00,,5,-5,418.70,32.90,51.80,66.90,90.00,28.00,41.00,H2,8.08,12.00,33300,3.40,Ea,2,4,1.50,2
765579,1435V4000050G,2211,3,4,Méthode Facture,,\N,\N,2014-03-11,2014-03-11,2011-09-15,,,423.00,E,13.00,B,4,"Bureau, Administration, Enseignement",\N,\N,1947,24.86,24.86,35,RENNES,,,"29, Rue du Manoir de Servigné",,,Etage 1; Porte 1,,,35000,35238,35238,,,\N,\N,2,cellule 2,22.60,100.00,0.00,0,0,1,0,0,0,0.00,\N,0,0,0.00,0.00,0.00,0.00,0.00,0.00,1,ICERT,Parc Edonia - Bâtiment G Rue de la Terre Victoria 35760 SAINT GREGOIRE (détail sur www.cofrac.fr programme n°4-4-11),0,0,2014-03-14 16:29:19,-1.730156,48.101395,0.98,housenumber,29 Rue du Manoir de Servigné 35000 Rennes,35238_6150_00029,29 RUE DU MANOIR DE SERVIGNE,,V4,1,6.3a bis,"Pour  les  bâtiments  à  usage  principal  de  bureau,  d’administration  ou  d’enseignement : Consommation par Energie",4_V4_DPE_6.3a_bis.pdf,0,Vente,Vente,1,TR002_004,Bâtiments ou partie de bâtiment à usage principal autre que d'habitation,Non résidentiel,0,5,0,,,,,,,,,,35,35 - Ile et Vilaine,2,1,0,400,5300,53000,79,400.00,,5,-5,418.70,32.90,51.80,66.90,90.00,28.00,41.00,H2,8.08,12.00,33300,3.40,Ea,2,4,1.50,2
765615,1435V4000051H,2211,3,4,Méthode Facture,,\N,\N,2014-03-11,2014-03-11,2011-09-15,,,431.00,E,14.00,B,4,"Bureau, Administration, Enseignement",\N,\N,1947,31.90,31.90,35,RENNES,,,"29, Rue du Manoir de Servigné",,,Etage 1; Porte 1,,,35000,35238,35238,,,\N,\N,2,cellule 3,29.00,100.00,0.00,0,0,1,0,0,0,0.00,\N,0,0,0.00,0.00,0.00,0.00,0.00,0.00,1,ICERT,Parc Edonia - Bâtiment G Rue de la Terre Victoria 35760 SAINT GREGOIRE (détail sur www.cofrac.fr programme n°4-4-11),0,0,2014-03-14 16:35:02,-1.730156,48.101395,0.98,housenumber,29 Rue du Manoir de Servigné 35000 Rennes,35238_6150_00029,29 RUE DU MANOIR DE SERVIGNE,,V4,1,6.3a bis,"Pour  les  bâtiments  à  usage  principal  de  bureau,  d’administration  ou  d’enseignement : Consommation par Energie",4_V4_DPE_6.3a_bis.pdf,0,Vente,Vente,1,TR002_004,Bâtiments ou partie de bâtiment à usage principal autre que d'habitation,Non résidentiel,0,5,0,,,,,,,,,,35,35 - Ile et Vilaine,2,1,0,400,5300,53000,79,400.00,,5,-5,418.70,32.90,51.80,66.90,90.00,28.00,41.00,H2,8.08,12.00,33300,3.40,Ea,2,4,1.50,2
769592,1435V4000053J,2211,3,4,Méthode Facture,,\N,\N,2014-03-12,2014-03-12,2011-09-15,,,107.00,B,17.00,C,4,"Bureau, Administration, Enseignement",\N,\N,1947,60.50,60.50,35,RENNES,,,"6, Rue Edith CAVELL",,,Bât. B; Etage 1,,,35000,35238,35238,Non communiqué,,\N,\N,2,Bat B - R+1,55.00,100.00,0.00,0,0,1,0,0,0,0.00,\N,0,0,0.00,0.00,0.00,0.00,0.00,0.00,1,ICERT,Parc Edonia - Bâtiment G Rue de la Terre Victoria 35760 SAINT GREGOIRE (détail sur www.cofrac.fr programme n°4-4-11),0,0,2014-03-17 12:14:56,-1.677723,48.111421,0.97,housenumber,6 Rue Edith Cavell 35000 Rennes,35238_2740_00006,6 RUE EDITH CAVELL,,V4,1,6.3a bis,"Pour  les  bâtiments  à  usage  principal  de  bureau,  d’administration  ou  d’enseignement : Consommation par Energie",4_V4_DPE_6.3a_bis.pdf,0,Vente,Vente,1,TR002_004,Bâtiments ou partie de bâtiment à usage principal autre que d'habitation,Non résidentiel,0,5,0,,,,,,,,,,35,35 - Ile et Vilaine,2,1,0,400,5300,53000,79,400.00,,5,-5,418.70,32.90,51.80,66.90,90.00,28.00,41.00,H2,8.08,12.00,33300,3.40,Ea,2,4,1.50,2
769598,1435V4000054K,11370,3,4,Méthode Facture,,\N,\N,2014-02-19,2014-03-13,2011-09-15,,,249.00,D,24.00,C,4,"Bureau, Administration, Enseignement",\N,\N,1947,4969.80,4969.80,35,Rennes,,,1;1B;2 PLACE DE LA REPUBLIQUE,,,RENNES PALAIS DU COMMERCE EST ,,,35000,35238,35238,,,\N,\N,2,,4518.00,100.00,0.00,0,0,5,0,0,0,0.00,\N,0,0,110.00,0.00,0.00,900.00,900.00,900.00,1,ABCIDIA,4 route de la Noue 91190 GIF SUR YVETTE (détail sur www.cofrac.fr programme n°4-4-11),0,0,2014-03-17 12:16:09,-1.67999,48.109654,0.74,street,Place de la République 35000 Rennes,35238_8300,PLACE DE LA REPUBLIQUE,,V4,1,6.3a bis,"Pour  les  bâtiments  à  usage  principal  de  bureau,  d’administration  ou  d’enseignement : Consommation par Energie",4_V4_DPE_6.3a_bis.pdf,0,Vente,Vente,1,TR002_004,Bâtiments ou partie de bâtiment à usage principal autre que d'habitation,Non résidentiel,0,5,0,,,,,,,,,,35,35 - Ile et Vilaine,2,1,0,400,5300,53000,79,400.00,,5,-5,418.70,32.90,51.80,66.90,90.00,28.00,41.00,H2,8.08,12.00,33300,3.40,Ea,2,4,1.50,2
770009,1435N1000875K,1326,10,11,FACTURE - DPE,V2012,Th-CE 2005,,2013-12-16,2014-03-17,2011-08-15,,,51.79,B,1.45,A,4,bureaux,\N,\N,2013,\N,\N,35,RENNES,00,,3 place de la Communauté,,,,,,35000,35238,35238,,,,,\N,,\N,\N,\N,\N,\N,\N,\N,\N,\N,\N,,\N,\N,\N,\N,\N,\N,\N,\N,1,SOCOTEC CERTIFICATION,89/93 Avenue Paul Vaillant Couturier 94250 Gentilly,0,0,2014-03-17 14:17:31,-1.675717,48.092519,0.97,housenumber,3 Place de la Communauté 35000 Rennes,35238_2112_00003,3 PLACE DE LA COMMUNAUTE,,N1,3,6.1 neuf,Pour  les  bâtiments  neufs  à  usage  principal  d’habitation,11_N1_DPE_6.1_neuf.pdf,0,Neuf,Neuf,3,TR002_004,Bâtiments ou partie de bâtiment à usage principal autre que d'habitation,Non résidentiel,0,5,0,,,,,,,,,,35,35 - Ile et Vilaine,2,1,0,400,5300,53000,79,400.00,,5,-5,418.70,32.90,51.80,66.90,90.00,28.00,41.00,H2,8.08,12.00,33300,3.40,Ea,2,4,1.50,2
770153,1435N1000876L,1326,10,11,FACTURE - DPE,V2012,Th-CE 2005,,2013-12-16,2014-03-17,2011-08-15,,,47.08,A,1.32,A,4,bureaux,\N,\N,2013,\N,\N,35,RENNES,00,,3 place de la Communauté,,,,,,35000,35238,35238,,,,,\N,,\N,\N,\N,\N,\N,\N,\N,\N,\N,\N,,\N,\N,\N,\N,\N,\N,\N,\N,1,SOCOTEC CERTIFICATION,89/93 Avenue Paul Vaillant Couturier 94250 Gentilly,0,0,2014-03-17 14:58:43,-1.675717,48.092519,0.97,housenumber,3 Place de la Communauté 35000 Rennes,35238_2112_00003,3 PLACE DE LA COMMUNAUTE,,N1,3,6.1 neuf,Pour  les  bâtiments  neufs  à  usage  principal  d’habitation,11_N1_DPE_6.1_neuf.pdf,0,Neuf,Neuf,3,TR002_004,Bâtiments ou partie de bâtiment à usage principal autre que d'habitation,Non résidentiel,0,5,0,,,,,,,,,,35,35 - Ile et Vilaine,2,1,0,400,5300,53000,79,400.00,,5,-5,418.70,32.90,51.80,66.90,90.00,28.00,41.00,H2,8.08,12.00,33300,3.40,Ea,2,4,1.50,2
770249,1435V4000055L,819,5,4,FACTURE,VERSION_2012,\N,\N,2014-03-17,2014-03-17,2011-08-15,\N,,369.49,E,12.03,B,4,\N,\N,12,2000,222.20,222.20,35,SAINT-GRÉGOIRE,,\N,Espace Performance BAT M1,\N,\N,\N,\N,\N,35760,35189,35189,,\N,\N,0,0,\N,0.00,202.00,0.00,0,0,1,0,0,0,0.00,\N,0,0,0.00,0.00,0.00,0.00,0.00,0.00,1,ICERT,116 bis rue Eugène Pottier 35500 RENNES,0,0,2014-03-17 15:22:25,,,0,,,,,,V4,1,6.3a bis,"Pour  les  bâtiments  à  usage  principal  de  bureau,  d’administration  ou  d’enseignement : Consommation par Energie",4_V4_DPE_6.3a_bis.pdf,0,Vente,Vente,1,TR002_004,Bâtiments ou partie de bâtiment à usage principal autre que d'habitation,Non résidentiel,0,5,0,,,,,TR013_012,"W : Administrations, banques, bureaux",1,0,Établissements installés dans un bâtiment,35,35 - Ile et Vilaine,2,1,0,400,5300,53000,79,400.00,,5,-5,418.70,32.90,51.80,66.90,90.00,28.00,41.00,H2,8.08,12.00,33300,3.40,Ea,2,4,1.50,2
771360,1435V8000084R,7070,3,8,Méthode Facture,,\N,\N,2014-03-06,2014-03-06,2011-09-15,,,370.00,E,12.00,C,4,"Autres (théâtres, salles de sport, restaurati",\N,\N,1,205.03,205.03,35,RENNES,,,5 Rue Marie Alizon,,,,,,35000,35238,35238,Non communiqué,,\N,\N,2,Rez de chaussée,186.39,100.00,0.00,0,0,1,0,0,0,0.00,\N,0,0,0.00,0.00,0.00,0.00,0.00,0.00,1,Icert,Parc Edonia - Bâtiment G Rue de la Terre Victoria 35760 SAINT GREGOIRE (détail sur www.cofrac.fr programme n°4-4-11),0,0,2014-03-17 18:07:13,-1.670328,48.107358,0.63,housenumber,5 Rue Marie et Simone Alizon 35000 Rennes,35238_6340_00005,5 RUE MARIE ET SIMONE ALIZON,,V8,1,6.3c bis,Pour  les  autres  bâtiments  non  mentionnés  dans  les  deux  précédents  cas : Consommation par Energie,8_V8_DPE_6.3c_bis.pdf,0,Vente,Vente,1,TR002_004,Bâtiments ou partie de bâtiment à usage principal autre que d'habitation,Non résidentiel,0,5,0,,,,,,,,,,35,35 - Ile et Vilaine,2,1,0,400,5300,53000,79,400.00,,5,-5,418.70,32.90,51.80,66.90,90.00,28.00,41.00,H2,8.08,12.00,33300,3.40,Ea,2,4,1.50,2
773143,1435V4000056M,3139,5,4,FACTURE,VERSION_2012,\N,\N,2014-03-18,2014-03-18,2011-08-15,\N,,0.00,N,0.00,N,4,\N,\N,\N,1982,520.30,520.30,35,RENNES,,\N,3 PLACE DU GENERAL GIRAUD - LOCAL COMMERCIAL,\N,\N,\N,\N,\N,35000,35238,35238,,\N,\N,0,0,\N,0.00,473.00,0.00,0,0,1,0,0,0,0.00,\N,0,0,0.00,0.00,0.00,0.00,0.00,0.00,1,ICERT,n/c,1,0,2014-03-18 10:19:59,-1.678478,48.105743,0.52,housenumber,3 Place Général Giraud 35000 Rennes,35238_3652_00003,3 PLACE GENERAL GIRAUD,,V4,1,6.3a bis,"Pour  les  bâtiments  à  usage  principal  de  bureau,  d’administration  ou  d’enseignement : Consommation par Energie",4_V4_DPE_6.3a_bis.pdf,0,Vente,Vente,1,TR002_004,Bâtiments ou partie de bâtiment à usage principal autre que d'habitation,Non résidentiel,0,5,0,,,,,,,,,,35,35 - Ile et Vilaine,2,1,0,400,5300,53000,79,400.00,,5,-5,418.70,32.90,51.80,66.90,90.00,28.00,41.00,H2,8.08,12.00,33300,3.40,Ea,2,4,1.50,2
774108,1435V8000087U,3139,5,8,FACTURE,VERSION_2012,\N,\N,2014-03-18,2014-03-18,2011-08-15,\N,,0.00,N,0.00,N,4,\N,\N,\N,1947,33.00,33.00,35,RENNES,,\N,67 BOULEVARD VOLTAIRE,\N,\N,\N,\N,\N,35000,35238,35238,,\N,\N,0,0,\N,0.00,30.00,0.00,0,0,1,0,0,0,0.00,\N,0,0,0.00,0.00,0.00,0.00,0.00,0.00,1,ICERT,n/c,1,0,2014-03-18 13:24:45,-1.700635,48.105072,0.98,housenumber,67 Boulevard Voltaire 35000 Rennes,35238_9690_00067,67 BOULEVARD VOLTAIRE,,V8,1,6.3c bis,Pour  les  autres  bâtiments  non  mentionnés  dans  les  deux  précédents  cas : Consommation par Energie,8_V8_DPE_6.3c_bis.pdf,0,Vente,Vente,1,TR002_004,Bâtiments ou partie de bâtiment à usage principal autre que d'habitation,Non résidentiel,0,5,0,,,,,,,,,,35,35 - Ile et Vilaine,2,1,0,400,5300,53000,79,400.00,,5,-5,418.70,32.90,51.80,66.90,90.00,28.00,41.00,H2,8.08,12.00,33300,3.40,Ea,2,4,1.50,2
778093,1435V8000088V,6644,3,8,Méthode Facture,,\N,\N,2014-03-13,2014-03-19,2011-09-15,,,135.00,C,31.00,D,4,"Autres (théâtres, salles de sport, restaurati",\N,\N,1947,236.50,236.50,35,RENNES,,,141 rue de Chateaugiron,,,,,,35000,35238,35238,,,\N,\N,2,,215.00,100.00,0.00,0,0,2,0,0,0,0.00,\N,0,0,6.55,1.30,15.00,114.00,104.00,212.00,1,ICERT,Parc Edonia - Bâtiment G Rue de la Terre Victoria 35760 SAINT GREGOIRE (détail sur www.cofrac.fr programme n°4-4-11),0,0,2014-03-19 12:16:48,-1.644826,48.098932,0.98,housenumber,141 Rue de Châteaugiron 35000 Rennes,35238_1800_00141,141 RUE DE CHATEAUGIRON,,V8,1,6.3c bis,Pour  les  autres  bâtiments  non  mentionnés  dans  les  deux  précédents  cas : Consommation par Energie,8_V8_DPE_6.3c_bis.pdf,0,Vente,Vente,1,TR002_004,Bâtiments ou partie de bâtiment à usage principal autre que d'habitation,Non résidentiel,0,5,0,,,,,,,,,,35,35 - Ile et Vilaine,2,1,0,400,5300,53000,79,400.00,,5,-5,418.70,32.90,51.80,66.90,90.00,28.00,41.00,H2,8.08,12.00,33300,3.40,Ea,2,4,1.50,2
779065,1435V3000018J,10926,10,3,FACTURE - DPE,V2012,\N,\N,2014-03-19,2014-03-19,2011-08-15, la surface du lot est communiquée par le propriétaire,,345.96,D,11.26,B,4,commerce,\N,\N,1948,54.00,54.00,35,RENNES,00,rue,SAINT HELIER,45,,,,,35000,35238,35238,,,,,\N,,\N,\N,\N,\N,\N,\N,\N,\N,\N,\N,,\N,\N,\N,\N,\N,\N,\N,\N,1,Socotec Certification,89-93 avenue Paul Vaillant Couturier 94250 GENTILLY,0,0,2014-03-19 16:04:34,-1.668994,48.106737,0.98,housenumber,45 Rue Saint-Hélier 35000 Rennes,35238_8670_00045,45 RUE SAINT HELIER,,V3,1,6.3a,"Pour  les  bâtiments  à  usage  principal  de  bureau,  d’administration  ou  d’enseignement : Consommation par Usage",3_V3_DPE_6.3a.pdf,0,Vente,Vente,1,TR002_004,Bâtiments ou partie de bâtiment à usage principal autre que d'habitation,Non résidentiel,0,5,0,,,,,,,,,,35,35 - Ile et Vilaine,2,1,0,400,5300,53000,79,400.00,,5,-5,418.70,32.90,51.80,66.90,90.00,28.00,41.00,H2,8.08,12.00,33300,3.40,Ea,2,4,1.50,2
779391,1435C2000005D,9445,3,21,Méthode Facture,,\N,\N,2014-03-19,2014-03-19,2011-09-15,,,0.00,N,0.00,N,5,Centres Commerciaux,\N,\N,1947,132.00,132.00,35,Le Rheu,,,"3, allée des Saules",,,,,,35650,35240,35240,NC,,,100,2,,120.00,100.00,0.00,0,0,1,0,0,0,0.00,\N,0,0,20.00,0.00,0.00,120.00,120.00,60.00,1,,,1,0,2014-03-19 16:58:22,-1.767937,48.09471,0.95,housenumber,3 Allée des Saules 35650 Le Rheu,35240_0538_00003,3 ALLEE DES SAULES,,C2,5,Par énergie,Pour les centres commerciaux,21_C2_DPE_6.b.pdf,0,Centre commercial,Centre commercial,4,TR002_005,Centre Commerciaux,Centres commerciaux,0,4,0,,,,,,,,,,35,35 - Ile et Vilaine,2,1,0,400,5300,53000,79,400.00,,5,-5,418.70,32.90,51.80,66.90,90.00,28.00,41.00,H2,8.08,12.00,33300,3.40,Ea,2,4,1.50,2
779652,1435C2000006E,9445,3,21,Méthode Facture,,\N,\N,2014-03-19,2014-03-19,2011-09-15,,,0.00,N,0.00,N,5,Centres Commerciaux,\N,\N,1,132.00,132.00,35,La Mézière,,,Zone Montgervalaise,,,,,,35520,35059,35059,NC,,,100,2,,120.00,100.00,0.00,0,0,1,0,0,0,0.00,\N,0,0,0.00,0.00,20.00,120.00,120.00,65.00,1,,,1,0,2014-03-19 17:37:44,,,0,,,,,,C2,5,Par énergie,Pour les centres commerciaux,21_C2_DPE_6.b.pdf,0,Centre commercial,Centre commercial,4,TR002_005,Centre Commerciaux,Centres commerciaux,0,4,0,,,,,,,,,,35,35 - Ile et Vilaine,2,1,0,400,5300,53000,79,400.00,,5,-5,418.70,32.90,51.80,66.90,90.00,28.00,41.00,H2,8.08,12.00,33300,3.40,Ea,2,4,1.50,2
780269,1435V8000089W,2465,5,8,FACTURE,VERSION_2012,\N,\N,2014-03-19,2014-03-19,2011-08-15,\N,,0.00,N,0.00,N,4,\N,\N,\N,1982,71.47,71.47,35,RENNES,,\N,18 rue de Vern,\N,\N,\N,\N,\N,35000,35238,35238,,\N,\N,0,0,\N,0.00,64.97,0.00,0,0,1,0,0,0,0.00,\N,0,0,0.00,0.00,0.00,0.00,0.00,0.00,1,I.CERT,Parc Edonia - Rue de la Terre Victoria 35760 Saint Grégoire,1,0,2014-03-19 19:18:34,-1.659478,48.101154,0.98,housenumber,18 Rue de Vern 35200 Rennes,35238_9500_00018,18 RUE DE VERN,,V8,1,6.3c bis,Pour  les  autres  bâtiments  non  mentionnés  dans  les  deux  précédents  cas : Consommation par Energie,8_V8_DPE_6.3c_bis.pdf,0,Vente,Vente,1,TR002_004,Bâtiments ou partie de bâtiment à usage principal autre que d'habitation,Non résidentiel,0,5,0,,,,,,,,,,35,35 - Ile et Vilaine,2,1,0,400,5300,53000,79,400.00,,5,-5,418.70,32.90,51.80,66.90,90.00,28.00,41.00,H2,8.08,12.00,33300,3.40,Ea,2,4,1.50,2
783786,1435V4000057N,2211,3,4,Méthode Facture,,\N,\N,2014-03-13,2014-03-13,2011-09-15,,,348.00,D,61.00,E,4,"Bureau, Administration, Enseignement",\N,\N,1947,69.85,69.85,35,RENNES,,,"35, Rue René MARCILLE",,,Etage 1,,,35000,35238,35238,,,\N,\N,2,R+1,63.50,100.00,0.00,0,0,1,0,0,0,0.00,\N,0,0,0.00,0.00,0.00,0.00,0.00,0.00,1,ICERT,Parc Edonia - Bâtiment G Rue de la Terre Victoria 35760 SAINT GREGOIRE (détail sur www.cofrac.fr programme n°4-4-11),0,0,2014-03-20 16:20:11,-1.659018,48.114039,0.98,housenumber,35 Rue René Marcille 35000 Rennes,35238_8270_00035,35 RUE RENE MARCILLE,,V4,1,6.3a bis,"Pour  les  bâtiments  à  usage  principal  de  bureau,  d’administration  ou  d’enseignement : Consommation par Energie",4_V4_DPE_6.3a_bis.pdf,0,Vente,Vente,1,TR002_004,Bâtiments ou partie de bâtiment à usage principal autre que d'habitation,Non résidentiel,0,5,0,,,,,,,,,,35,35 - Ile et Vilaine,2,1,0,400,5300,53000,79,400.00,,5,-5,418.70,32.90,51.80,66.90,90.00,28.00,41.00,H2,8.08,12.00,33300,3.40,Ea,2,4,1.50,2
783914,1435V4000058O,7070,3,4,Méthode Facture,,\N,\N,2014-03-20,2014-03-20,2011-09-15,,,197.00,C,6.00,B,4,"Bureau, Administration, Enseignement",\N,\N,1947,281.14,281.14,35,rennes,,,2 bis place Saint Melaine,,,Etage 1,,,35000,35238,35238,Etage 1,,\N,\N,2,1 étage,255.58,100.00,0.00,0,0,1,0,0,0,0.00,\N,0,0,0.00,0.00,0.00,0.00,0.00,0.00,1,Icert,Parc Edonia - Bâtiment G Rue de la Terre Victoria 35760 SAINT GREGOIRE (détail sur www.cofrac.fr programme n°4-4-11),0,0,2014-03-20 16:42:13,-1.673614,48.114858,0.86,housenumber,2bis Place Saint-Melaine 35000 Rennes,35238_8760_00002_bis,2BIS PLACE SAINT MELAINE,,V4,1,6.3a bis,"Pour  les  bâtiments  à  usage  principal  de  bureau,  d’administration  ou  d’enseignement : Consommation par Energie",4_V4_DPE_6.3a_bis.pdf,0,Vente,Vente,1,TR002_004,Bâtiments ou partie de bâtiment à usage principal autre que d'habitation,Non résidentiel,0,5,0,,,,,,,,,,35,35 - Ile et Vilaine,2,1,0,400,5300,53000,79,400.00,,5,-5,418.70,32.90,51.80,66.90,90.00,28.00,41.00,H2,8.08,12.00,33300,3.40,Ea,2,4,1.50,2
784327,1435V4000059P,2211,3,4,Méthode Facture,,\N,\N,2014-03-18,2014-03-18,2011-09-15,,,330.00,D,10.00,B,4,"Bureau, Administration, Enseignement",\N,\N,1,125.68,125.68,35,CESSON-SÉVIGNÉ,,,"12D, Rue des Landelles",,,Etage RDC ; porte gauche,,,35510,35051,35051,,,\N,\N,2,RDC porte milieu,114.25,100.00,0.00,0,0,1,0,0,0,0.00,\N,0,0,0.00,0.00,0.00,0.00,0.00,0.00,1,ICERT,Parc Edonia - Bâtiment G Rue de la Terre Victoria 35760 SAINT GREGOIRE (détail sur www.cofrac.fr programme n°4-4-11),0,0,2014-03-20 17:29:15,-1.62591,48.101677,0.78,street,Rue des Landelles 35510 Cesson-Sévigné,35051_0327,RUE DES LANDELLES,,V4,1,6.3a bis,"Pour  les  bâtiments  à  usage  principal  de  bureau,  d’administration  ou  d’enseignement : Consommation par Energie",4_V4_DPE_6.3a_bis.pdf,0,Vente,Vente,1,TR002_004,Bâtiments ou partie de bâtiment à usage principal autre que d'habitation,Non résidentiel,0,5,0,,,,,,,,,,35,35 - Ile et Vilaine,2,1,0,400,5300,53000,79,400.00,,5,-5,418.70,32.90,51.80,66.90,90.00,28.00,41.00,H2,8.08,12.00,33300,3.40,Ea,2,4,1.50,2
785569,1435V8000092Q,9846,2,8,3CL - DPE,V2012,\N,\N,2014-03-17,2014-03-20,2011-08-15,,17,861.92,G,138.15,G,4,Commerce,\N,4,1949,0.00,0.00,35,CESSON-SÉVIGNÉ,10,route,de Fougères,54,,,,,35510,35051,35051,,\N,\N,\N,0,\N,0.00,0.00,0.00,0,0,0,0,0,0,0.00,\N,0,0,0.00,0.00,0.00,0.00,0.00,0.00,1,SOCOTEC Certification,"89/93, avenue Paul Vaillant Couturier 94250 GENTILLY",0,0,2014-03-21 00:23:54,-1.609937,48.143984,0.97,housenumber,54 Route de Fougères 35510 Cesson-Sévigné,35051_0207_00054,54 ROUTE DE FOUGERES,,V8,1,6.3c bis,Pour  les  autres  bâtiments  non  mentionnés  dans  les  deux  précédents  cas : Consommation par Energie,8_V8_DPE_6.3c_bis.pdf,0,Vente,Vente,1,TR002_004,Bâtiments ou partie de bâtiment à usage principal autre que d'habitation,Non résidentiel,0,5,0,,,,,TR013_004,N : Restaurants et débits de boisson,1,0,Établissements installés dans un bâtiment,35,35 - Ile et Vilaine,2,1,0,400,5300,53000,79,400.00,,5,-5,418.70,32.90,51.80,66.90,90.00,28.00,41.00,H2,8.08,12.00,33300,3.40,Ea,2,4,1.50,2
786108,1435V4000060H,2211,3,4,Méthode Facture,,\N,\N,2014-03-18,2014-03-18,2011-09-15,,,312.00,D,10.00,B,4,"Bureau, Administration, Enseignement",\N,\N,1,57.67,57.67,35,CESSON-SÉVIGNÉ,,,"12D, Rue des Landelles",,,Etage RDC ; porte gauche,,,35510,35051,35051,,,\N,\N,2,RDC porte milieu,52.43,100.00,0.00,0,0,1,0,0,0,0.00,\N,0,0,0.00,0.00,0.00,0.00,0.00,0.00,1,ICERT,Parc Edonia - Bâtiment G Rue de la Terre Victoria 35760 SAINT GREGOIRE (détail sur www.cofrac.fr programme n°4-4-11),0,0,2014-03-21 09:30:58,-1.62591,48.101677,0.78,street,Rue des Landelles 35510 Cesson-Sévigné,35051_0327,RUE DES LANDELLES,,V4,1,6.3a bis,"Pour  les  bâtiments  à  usage  principal  de  bureau,  d’administration  ou  d’enseignement : Consommation par Energie",4_V4_DPE_6.3a_bis.pdf,0,Vente,Vente,1,TR002_004,Bâtiments ou partie de bâtiment à usage principal autre que d'habitation,Non résidentiel,0,5,0,,,,,,,,,,35,35 - Ile et Vilaine,2,1,0,400,5300,53000,79,400.00,,5,-5,418.70,32.90,51.80,66.90,90.00,28.00,41.00,H2,8.08,12.00,33300,3.40,Ea,2,4,1.50,2
786148,1435V4000061I,2211,3,4,Méthode Facture,,\N,\N,2014-03-18,2014-03-18,2011-09-15,,,312.00,D,10.00,B,4,"Bureau, Administration, Enseignement",\N,\N,1,57.67,57.67,35,CESSON-SÉVIGNÉ,,,"12D, Rue des Landelles",,,Etage RDC ; porte gauche,,,35510,35051,35051,,,\N,\N,2,RDC porte milieu,52.43,100.00,0.00,0,0,1,0,0,0,0.00,\N,0,0,0.00,0.00,0.00,0.00,0.00,0.00,1,ICERT,Parc Edonia - Bâtiment G Rue de la Terre Victoria 35760 SAINT GREGOIRE (détail sur www.cofrac.fr programme n°4-4-11),0,0,2014-03-21 09:39:26,-1.62591,48.101677,0.78,street,Rue des Landelles 35510 Cesson-Sévigné,35051_0327,RUE DES LANDELLES,,V4,1,6.3a bis,"Pour  les  bâtiments  à  usage  principal  de  bureau,  d’administration  ou  d’enseignement : Consommation par Energie",4_V4_DPE_6.3a_bis.pdf,0,Vente,Vente,1,TR002_004,Bâtiments ou partie de bâtiment à usage principal autre que d'habitation,Non résidentiel,0,5,0,,,,,,,,,,35,35 - Ile et Vilaine,2,1,0,400,5300,53000,79,400.00,,5,-5,418.70,32.90,51.80,66.90,90.00,28.00,41.00,H2,8.08,12.00,33300,3.40,Ea,2,4,1.50,2
786166,1435V4000062J,2211,3,4,Méthode Facture,,\N,\N,2014-03-18,2014-03-18,2011-09-15,,,330.00,D,10.00,B,4,"Bureau, Administration, Enseignement",\N,\N,1,125.68,125.68,35,CESSON-SÉVIGNÉ,,,"12D, Rue des Landelles",,,Etage RDC ; porte gauche,,,35510,35051,35051,,,\N,\N,2,RDC porte milieu,114.25,100.00,0.00,0,0,1,0,0,0,0.00,\N,0,0,0.00,0.00,0.00,0.00,0.00,0.00,1,ICERT,Parc Edonia - Bâtiment G Rue de la Terre Victoria 35760 SAINT GREGOIRE (détail sur www.cofrac.fr programme n°4-4-11),0,0,2014-03-21 09:41:31,-1.62591,48.101677,0.78,street,Rue des Landelles 35510 Cesson-Sévigné,35051_0327,RUE DES LANDELLES,,V4,1,6.3a bis,"Pour  les  bâtiments  à  usage  principal  de  bureau,  d’administration  ou  d’enseignement : Consommation par Energie",4_V4_DPE_6.3a_bis.pdf,0,Vente,Vente,1,TR002_004,Bâtiments ou partie de bâtiment à usage principal autre que d'habitation,Non résidentiel,0,5,0,,,,,,,,,,35,35 - Ile et Vilaine,2,1,0,400,5300,53000,79,400.00,,5,-5,418.70,32.90,51.80,66.90,90.00,28.00,41.00,H2,8.08,12.00,33300,3.40,Ea,2,4,1.50,2
787514,1435V8000093R,8975,5,8,FACTURE,VERSION_2012,\N,\N,2014-03-21,2014-03-21,2011-08-15,\N,,102.87,C,21.19,C,4,\N,\N,\N,1980,336.60,336.60,35,RENNES,,\N,107 AVENUE HENRI FREVILLE,\N,\N,\N,\N,\N,35000,35238,35238,,\N,\N,0,0,\N,0.00,306.00,0.00,0,0,1,0,0,0,0.00,\N,0,0,0.00,0.00,0.00,0.00,0.00,0.00,1,ICERT,n/c,0,0,2014-03-21 12:51:22,-1.673962,48.086204,0.98,housenumber,107 Avenue Henri Fréville 35200 Rennes,35238_4331_00107,107 AVENUE HENRI FREVILLE,,V8,1,6.3c bis,Pour  les  autres  bâtiments  non  mentionnés  dans  les  deux  précédents  cas : Consommation par Energie,8_V8_DPE_6.3c_bis.pdf,0,Vente,Vente,1,TR002_004,Bâtiments ou partie de bâtiment à usage principal autre que d'habitation,Non résidentiel,0,5,0,,,,,,,,,,35,35 - Ile et Vilaine,2,1,0,400,5300,53000,79,400.00,,5,-5,418.70,32.90,51.80,66.90,90.00,28.00,41.00,H2,8.08,12.00,33300,3.40,Ea,2,4,1.50,2
788216,1435V4000063K,2211,3,4,Méthode Facture,,\N,\N,2014-03-18,2014-03-18,2011-09-15,,,312.00,D,10.00,B,4,"Bureau, Administration, Enseignement",\N,\N,1,57.67,57.67,35,CESSON-SÉVIGNÉ,,,"12D, Rue des Landelles",,,Etage RDC ; porte gauche,,,35510,35051,35051,,,\N,\N,2,RDC porte milieu,52.43,100.00,0.00,0,0,1,0,0,0,0.00,\N,0,0,0.00,0.00,0.00,0.00,0.00,0.00,1,ICERT,Parc Edonia - Bâtiment G Rue de la Terre Victoria 35760 SAINT GREGOIRE (détail sur www.cofrac.fr programme n°4-4-11),0,0,2014-03-21 15:32:32,-1.62591,48.101677,0.78,street,Rue des Landelles 35510 Cesson-Sévigné,35051_0327,RUE DES LANDELLES,,V4,1,6.3a bis,"Pour  les  bâtiments  à  usage  principal  de  bureau,  d’administration  ou  d’enseignement : Consommation par Energie",4_V4_DPE_6.3a_bis.pdf,0,Vente,Vente,1,TR002_004,Bâtiments ou partie de bâtiment à usage principal autre que d'habitation,Non résidentiel,0,5,0,,,,,,,,,,35,35 - Ile et Vilaine,2,1,0,400,5300,53000,79,400.00,,5,-5,418.70,32.90,51.80,66.90,90.00,28.00,41.00,H2,8.08,12.00,33300,3.40,Ea,2,4,1.50,2
793755,1435C2000007F,9445,3,21,Méthode Facture,,\N,\N,2014-03-24,2014-03-24,2011-09-15,,,0.00,N,0.00,N,5,Centres Commerciaux,\N,\N,1,495.00,495.00,35,Melesse,,,Ruelle de la Torte,,,,,,35520,35059,35059,SO,,,100,2,,450.00,100.00,0.00,0,0,1,0,0,0,0.00,\N,0,0,15.00,0.00,0.00,450.00,450.00,100.00,1,,,1,0,2014-03-24 14:50:05,-1.726498,48.187294,0.62,locality,la Ruelle à la Torte 35520 La Chapelle-des-Fougeretz,35059_B489,LA RUELLE A LA TORTE,,C2,5,Par énergie,Pour les centres commerciaux,21_C2_DPE_6.b.pdf,0,Centre commercial,Centre commercial,4,TR002_005,Centre Commerciaux,Centres commerciaux,0,4,0,,,,,,,,,,35,35 - Ile et Vilaine,2,1,0,400,5300,53000,79,400.00,,5,-5,418.70,32.90,51.80,66.90,90.00,28.00,41.00,H2,8.08,12.00,33300,3.40,Ea,2,4,1.50,2
794046,1435C2000008G,11370,3,21,Méthode Facture,,\N,\N,2014-02-19,2014-03-24,2011-09-15,,,405.00,F,13.00,B,5,Centres Commerciaux,\N,\N,1,117.70,117.70,35,Rennes,,,3 RUE DE COETLOGON,,,RENNES COETLOGON GA,,,35000,35238,35238,,,,100,2,,107.00,100.00,0.00,0,0,1,0,0,0,0.00,\N,0,0,10.00,0.00,0.00,107.00,107.00,60.00,1,ABCIDIA,4 route de la Noue 91190 GIF SUR YVETTE (détail sur www.cofrac.fr programme n°4-4-11),0,0,2014-03-24 15:37:46,-1.686222,48.122638,0.97,housenumber,3 Rue de Coëtlogon 35000 Rennes,35238_2030_00003,3 RUE DE COETLOGON,,C2,5,Par énergie,Pour les centres commerciaux,21_C2_DPE_6.b.pdf,0,Centre commercial,Centre commercial,4,TR002_005,Centre Commerciaux,Centres commerciaux,0,4,0,,,,,,,,,,35,35 - Ile et Vilaine,2,1,0,400,5300,53000,79,400.00,,5,-5,418.70,32.90,51.80,66.90,90.00,28.00,41.00,H2,8.08,12.00,33300,3.40,Ea,2,4,1.50,2
794198,1435V4000064L,11370,3,4,Méthode Facture,,\N,\N,2014-02-19,2014-03-24,2011-09-15,,,405.00,E,13.00,B,4,"Bureau, Administration, Enseignement",\N,\N,1,117.70,117.70,35,Rennes,,,3 RUE DE COETLOGON,,,RENNES COETLOGON GA,,,35000,35238,35238,,,\N,\N,2,,107.00,100.00,0.00,0,0,1,0,0,0,0.00,\N,0,0,10.00,0.00,0.00,107.00,107.00,60.00,1,ABCIDIA,4 route de la Noue 91190 GIF SUR YVETTE (détail sur www.cofrac.fr programme n°4-4-11),0,0,2014-03-24 15:59:32,-1.686222,48.122638,0.97,housenumber,3 Rue de Coëtlogon 35000 Rennes,35238_2030_00003,3 RUE DE COETLOGON,,V4,1,6.3a bis,"Pour  les  bâtiments  à  usage  principal  de  bureau,  d’administration  ou  d’enseignement : Consommation par Energie",4_V4_DPE_6.3a_bis.pdf,0,Vente,Vente,1,TR002_004,Bâtiments ou partie de bâtiment à usage principal autre que d'habitation,Non résidentiel,0,5,0,,,,,,,,,,35,35 - Ile et Vilaine,2,1,0,400,5300,53000,79,400.00,,5,-5,418.70,32.90,51.80,66.90,90.00,28.00,41.00,H2,8.08,12.00,33300,3.40,Ea,2,4,1.50,2
794305,1435V4000065M,11370,3,4,Méthode Facture,,\N,\N,2014-02-19,2014-03-24,2011-09-15,,,248.00,D,20.00,C,4,"Bureau, Administration, Enseignement",\N,\N,1947,16066.60,16066.60,35,Rennes,,,11 RUE VANEAU,,,RENNES CRSF,,,35000,35238,35238,,,\N,\N,2,,14606.00,100.00,0.00,0,0,4,0,0,0,0.00,\N,0,0,1400.00,0.00,0.00,3652.00,3652.00,1400.00,1,ABCIDIA,4 route de la Noue 91190 GIF SUR YVETTE (détail sur www.cofrac.fr programme n°4-4-11),0,0,2014-03-24 16:15:40,-1.693044,48.10951,0.98,housenumber,11 Rue Vaneau 35000 Rennes,35238_9430_00011,11 RUE VANEAU,,V4,1,6.3a bis,"Pour  les  bâtiments  à  usage  principal  de  bureau,  d’administration  ou  d’enseignement : Consommation par Energie",4_V4_DPE_6.3a_bis.pdf,0,Vente,Vente,1,TR002_004,Bâtiments ou partie de bâtiment à usage principal autre que d'habitation,Non résidentiel,0,5,0,,,,,,,,,,35,35 - Ile et Vilaine,2,1,0,400,5300,53000,79,400.00,,5,-5,418.70,32.90,51.80,66.90,90.00,28.00,41.00,H2,8.08,12.00,33300,3.40,Ea,2,4,1.50,2
795139,1435N2000002T,3139,5,12,TH_C_E,VERSION_2012,\N,\N,2014-03-19,2014-03-24,2011-08-15,\N,,8.44,A,1.97,A,4,\N,\N,\N,2014,173.00,173.00,35,LE-RHEU,,\N,RUE DE L HERMITAGE local tertiaire,\N,\N,\N,\N,\N,35650,35240,35240,,\N,\N,0,0,\N,0.00,157.27,0.00,0,0,1,0,0,0,0.00,\N,0,0,0.00,0.00,0.00,0.00,0.00,0.00,1,ICERT,n/c,0,0,2014-03-24 18:11:43,,,0,,,,,,N2,3,6.2 neuf,Pour  les  bâtiments  à  usage  autre  que  d’habitation,12_N2_DPE_6.2_neuf.pdf,0,Neuf,Neuf,3,TR002_004,Bâtiments ou partie de bâtiment à usage principal autre que d'habitation,Non résidentiel,0,5,0,,,,,,,,,,35,35 - Ile et Vilaine,2,1,0,400,5300,53000,79,400.00,,5,-5,418.70,32.90,51.80,66.90,90.00,28.00,41.00,H2,8.08,12.00,33300,3.40,Ea,2,4,1.50,2
797552,1435V4000066N,2211,3,4,Méthode Facture,,\N,\N,2014-03-20,2014-03-20,2011-09-15,,,175.00,C,5.00,A,4,"Bureau, Administration, Enseignement",\N,\N,1,236.58,236.58,35,RENNES,,,"347, Rue de NANTES",,,Etage RDC,,,35000,35238,35238,,,\N,\N,2,RDC,215.07,100.00,0.00,0,0,1,0,0,0,0.00,\N,0,0,0.00,0.00,0.00,0.00,0.00,0.00,1,ICERT,Parc Edonia - Bâtiment G Rue de la Terre Victoria 35760 SAINT GREGOIRE (détail sur www.cofrac.fr programme n°4-4-11),0,0,2014-03-25 12:11:20,-1.690824,48.092601,0.75,street,Rue de Nantes 35000 Rennes,35238_6860,RUE DE NANTES,,V4,1,6.3a bis,"Pour  les  bâtiments  à  usage  principal  de  bureau,  d’administration  ou  d’enseignement : Consommation par Energie",4_V4_DPE_6.3a_bis.pdf,0,Vente,Vente,1,TR002_004,Bâtiments ou partie de bâtiment à usage principal autre que d'habitation,Non résidentiel,0,5,0,,,,,,,,,,35,35 - Ile et Vilaine,2,1,0,400,5300,53000,79,400.00,,5,-5,418.70,32.90,51.80,66.90,90.00,28.00,41.00,H2,8.08,12.00,33300,3.40,Ea,2,4,1.50,2
798815,1435V8000097V,7250,5,8,FACTURE,VERSION_2012,\N,\N,2014-03-25,2014-03-25,2011-08-15,\N,,428.21,F,13.94,C,4,\N,\N,\N,1989,850.00,850.00,35,CHANTEPIE,,\N,18 RUE DE CEZEMBRE,\N,\N,\N,\N,\N,35135,35055,35055,,\N,\N,0,0,\N,0.00,772.73,0.00,0,0,3,0,0,0,0.00,\N,0,0,0.00,0.00,0.00,0.00,0.00,0.00,1,SGS,n/c,0,0,2014-03-25 16:13:25,-1.610422,48.081086,0.96,housenumber,18 Rue de Cézembre 35135 Chantepie,35055_0130_00018,18 RUE DE CEZEMBRE,,V8,1,6.3c bis,Pour  les  autres  bâtiments  non  mentionnés  dans  les  deux  précédents  cas : Consommation par Energie,8_V8_DPE_6.3c_bis.pdf,0,Vente,Vente,1,TR002_004,Bâtiments ou partie de bâtiment à usage principal autre que d'habitation,Non résidentiel,0,5,0,,,,,,,,,,35,35 - Ile et Vilaine,2,1,0,400,5300,53000,79,400.00,,5,-5,418.70,32.90,51.80,66.90,90.00,28.00,41.00,H2,8.08,12.00,33300,3.40,Ea,2,4,1.50,2
798911,1435V4000067O,7070,3,4,Méthode Facture,,\N,\N,2014-03-25,2014-03-25,2011-09-15,,,347.00,D,11.00,B,4,"Bureau, Administration, Enseignement",\N,\N,1,297.00,297.00,35,RENNES,,,9 Rue Rallier du Baty 15 Place des Lices,,,Bat. C; RDC bas,,,35000,35238,35238,,,\N,\N,2,Rez de chaussée,270.00,100.00,0.00,0,0,1,0,0,0,0.00,\N,0,0,0.00,0.00,0.00,0.00,0.00,0.00,1,Icert,Parc Edonia - Bâtiment G Rue de la Terre Victoria 35760 SAINT GREGOIRE (détail sur www.cofrac.fr programme n°4-4-11),0,0,2014-03-25 16:27:56,-1.681386,48.113079,0.54,locality,Place Rallier du Baty 35000 Rennes,35238_8138,PLACE RALLIER DU BATY,,V4,1,6.3a bis,"Pour  les  bâtiments  à  usage  principal  de  bureau,  d’administration  ou  d’enseignement : Consommation par Energie",4_V4_DPE_6.3a_bis.pdf,0,Vente,Vente,1,TR002_004,Bâtiments ou partie de bâtiment à usage principal autre que d'habitation,Non résidentiel,0,5,0,,,,,,,,,,35,35 - Ile et Vilaine,2,1,0,400,5300,53000,79,400.00,,5,-5,418.70,32.90,51.80,66.90,90.00,28.00,41.00,H2,8.08,12.00,33300,3.40,Ea,2,4,1.50,2
799825,1435V8000098W,8849,2,8,3CL - DPE,V2012,\N,\N,2014-03-25,2014-03-25,2011-08-15,,\N,579.73,G,46.72,E,4,Commerce,5,\N,1900,0.00,0.00,35,RENNES,00,\N,"13 et 13bis, rue Danton",\N,\N,\N,Rez de chaussée,\N,35000,35238,35238,NC,\N,,\N,2,,0.00,0.00,0.00,0,1,0,0,0,0,0.00,\N,0,0,0.00,0.00,0.00,0.00,0.00,0.00,1,"ICERT 116b, rue Eugène Pottier 35000 RENNES",  ,0,0,2014-03-25 18:43:35,-1.656215,48.115789,0.72,housenumber,13bis Rue Danton 35700 Rennes,35238_2349_00013_bis,13BIS RUE DANTON,,V8,1,6.3c bis,Pour  les  autres  bâtiments  non  mentionnés  dans  les  deux  précédents  cas : Consommation par Energie,8_V8_DPE_6.3c_bis.pdf,0,Vente,Vente,1,TR002_004,Bâtiments ou partie de bâtiment à usage principal autre que d'habitation,Non résidentiel,0,5,0,TR012_005,5ème Catégorie,2ème Groupe,0,,,,,,35,35 - Ile et Vilaine,2,1,0,400,5300,53000,79,400.00,,5,-5,418.70,32.90,51.80,66.90,90.00,28.00,41.00,H2,8.08,12.00,33300,3.40,Ea,2,4,1.50,2
800461,1435V7000034L,9445,3,7,Méthode Facture,,\N,\N,2014-03-25,2014-03-25,2011-09-15,,,51.00,B,11.00,C,4,"Autres (théâtres, salles de sport, restaurati",\N,\N,1,833.80,833.80,35,Rennes,,,"8, rue Louis Kerautret Botmel",,,,,,35000,35238,35238,NC,,\N,\N,2,,758.00,100.00,0.00,0,0,1,0,0,0,0.00,\N,0,0,0.00,0.00,40.00,758.00,758.00,165.00,1,ICERT,Parc Edonia - Bâtiment G Rue de la Terre Victoria 35760 SAINT GREGOIRE (détail sur www.cofrac.fr programme n°4-4-11),0,0,2014-03-25 21:57:49,-1.634679,48.093187,0.98,housenumber,8 Rue Louis Kérautret-Botmel 35000 Rennes,35238_5922_00008,8 RUE LOUIS KERAUTRET BOTMEL,,V7,1,6.3c,Pour  les  autres  bâtiments  non  mentionnés  dans  les  deux  précédents  cas : Consommation par Usage,7_V7_DPE_6.3c.pdf,0,Vente,Vente,1,TR002_004,Bâtiments ou partie de bâtiment à usage principal autre que d'habitation,Non résidentiel,0,5,0,,,,,,,,,,35,35 - Ile et Vilaine,2,1,0,400,5300,53000,79,400.00,,5,-5,418.70,32.90,51.80,66.90,90.00,28.00,41.00,H2,8.08,12.00,33300,3.40,Ea,2,4,1.50,2
802622,1435V3000019K,9211,3,3,Méthode Facture,,\N,\N,2014-03-26,2014-03-26,2011-09-15,"Factures ancien locataire non disponibles,  local en cours de travaux de rénovation, c'est pourquoi un DPE 3 CL est établi. ",,0.00,N,0.00,N,4,"Bureau, Administration, Enseignement",\N,\N,1947,94.27,94.27,35,RENNES,,,"2, Rue Victor Hugo",,,B 2è étage,,,35000,35238,35238,Appart 216 + Caves 204-205,,\N,\N,2,appartement,85.70,100.00,0.00,0,0,1,0,0,0,0.00,\N,0,0,12.30,0.00,7.70,85.60,85.70,2545.70,1,ICERT,Parc Edonia - Bâtiment G Rue de la Terre Victoria 35760 SAINT GREGOIRE (détail sur www.cofrac.fr programme n°4-4-11),1,0,2014-03-26 14:53:04,-1.677086,48.11235,0.98,housenumber,2 Rue Victor Hugo 35000 Rennes,35238_9545_00002,2 RUE VICTOR HUGO,,V3,1,6.3a,"Pour  les  bâtiments  à  usage  principal  de  bureau,  d’administration  ou  d’enseignement : Consommation par Usage",3_V3_DPE_6.3a.pdf,0,Vente,Vente,1,TR002_004,Bâtiments ou partie de bâtiment à usage principal autre que d'habitation,Non résidentiel,0,5,0,,,,,,,,,,35,35 - Ile et Vilaine,2,1,0,400,5300,53000,79,400.00,,5,-5,418.70,32.90,51.80,66.90,90.00,28.00,41.00,H2,8.08,12.00,33300,3.40,Ea,2,4,1.50,2
803373,1435V4000068P,7250,5,4,FACTURE,VERSION_2012,\N,\N,2014-03-26,2014-03-26,2011-08-15,\N,,166.25,C,5.41,A,4,\N,\N,\N,1990,150.00,150.00,35,BOURGBARRE,,\N,ZA DU PLACIS,\N,\N,\N,\N,\N,35230,35032,35032,,\N,\N,0,0,\N,0.00,136.36,0.00,0,0,1,0,0,0,0.00,\N,0,0,0.00,0.00,0.00,0.00,0.00,0.00,1,SGS,n/c,0,0,2014-03-26 16:45:07,-1.600229,48.003612,0.63,street,Rue du Placis 35230 Bourgbarré,35032_0122,RUE DU PLACIS,,V4,1,6.3a bis,"Pour  les  bâtiments  à  usage  principal  de  bureau,  d’administration  ou  d’enseignement : Consommation par Energie",4_V4_DPE_6.3a_bis.pdf,0,Vente,Vente,1,TR002_004,Bâtiments ou partie de bâtiment à usage principal autre que d'habitation,Non résidentiel,0,5,0,,,,,,,,,,35,35 - Ile et Vilaine,2,1,0,400,5300,53000,79,400.00,,5,-5,418.70,32.90,51.80,66.90,90.00,28.00,41.00,H2,8.08,12.00,33300,3.40,Ea,2,4,1.50,2
804957,1435V8000100G,764,3,8,Méthode Facture,,\N,\N,2014-03-26,2014-03-26,2011-09-15,,,154.00,C,15.00,C,4,"Autres (théâtres, salles de sport, restaurati",5,10,1,110.32,110.32,35,SAINT-JACQUES-DE-LA-LANDE,,,276 rue de Nantes,,,Etage RDC,,,35136,35281,35281,Non communiqué,,\N,\N,2,Cabinet médical RDC,100.29,100.00,0.00,0,0,1,0,0,0,0.00,\N,0,0,14.58,0.00,0.00,100.29,100.29,78.00,1,Bureau Veritas Certification,Immeuble Le Guillaumet - 60 Avenue du Général de Gaulle - 92800 PUTEAUX (détail sur www.cofrac.fr programme n°4-4-11),0,0,2014-03-26 23:11:21,-1.693568,48.089273,0.97,housenumber,276 Rue de Nantes 35136 Saint-Jacques-de-la-Lande,35281_0140_00276,276 RUE DE NANTES,,V8,1,6.3c bis,Pour  les  autres  bâtiments  non  mentionnés  dans  les  deux  précédents  cas : Consommation par Energie,8_V8_DPE_6.3c_bis.pdf,0,Vente,Vente,1,TR002_004,Bâtiments ou partie de bâtiment à usage principal autre que d'habitation,Non résidentiel,0,5,0,TR012_005,5ème Catégorie,2ème Groupe,0,TR013_010,U : Établissements de soins,1,0,Établissements installés dans un bâtiment,35,35 - Ile et Vilaine,2,1,0,400,5300,53000,79,400.00,,5,-5,418.70,32.90,51.80,66.90,90.00,28.00,41.00,H2,8.08,12.00,33300,3.40,Ea,2,4,1.50,2
806262,1435C2000009H,11370,3,21,Méthode Facture,,\N,\N,2014-03-27,2014-03-27,2011-09-15,,,0.00,N,0.00,N,5,Centres Commerciaux,\N,\N,1947,195.80,195.80,35,Rennes,,,"10, rue de la Chalotais",,,,,,35000,35238,35238,NC,,,100,2,,178.00,100.00,0.00,0,0,1,0,0,0,0.00,\N,0,0,0.00,18.22,6.83,100.00,100.00,100.00,1,ABCIDIA,4 route de la Noue 91190 GIF SUR YVETTE (détail sur www.cofrac.fr programme n°4-4-11),1,0,2014-03-27 11:33:45,-1.681566,48.109422,0.98,housenumber,10 Rue de La Chalotais 35000 Rennes,35238_1520_00010,10 RUE DE LA CHALOTAIS,,C2,5,Par énergie,Pour les centres commerciaux,21_C2_DPE_6.b.pdf,0,Centre commercial,Centre commercial,4,TR002_005,Centre Commerciaux,Centres commerciaux,0,4,0,,,,,,,,,,35,35 - Ile et Vilaine,2,1,0,400,5300,53000,79,400.00,,5,-5,418.70,32.90,51.80,66.90,90.00,28.00,41.00,H2,8.08,12.00,33300,3.40,Ea,2,4,1.50,2
806854,1435V8000102I,4816,3,8,Méthode Facture,,\N,\N,2014-03-26,2014-03-27,2011-09-15,,,0.00,N,0.00,N,4,"Autres (théâtres, salles de sport, restaurati",\N,\N,1,165.00,165.00,35,VEZIN-LE-COQUET,,,57 rue du Manoir de Sévigné,,,,,,35132,35353,35353,Non communiqué,,\N,\N,1,,150.00,100.00,0.00,0,0,1,0,0,0,0.00,\N,0,0,0.00,0.00,0.00,0.00,0.00,0.00,1,abcidia certification,4 route de la Noue 91190 GIF SUR YVETTE (détail sur www.cofrac.fr programme n°4-4-11),1,0,2014-03-27 14:05:53,-1.735806,48.103193,0.86,housenumber,57 Rue du Manoir de Servigné 35132 Vezin-le-Coquet,35353_0138_00057,57 RUE DU MANOIR DE SERVIGNE,,V8,1,6.3c bis,Pour  les  autres  bâtiments  non  mentionnés  dans  les  deux  précédents  cas : Consommation par Energie,8_V8_DPE_6.3c_bis.pdf,0,Vente,Vente,1,TR002_004,Bâtiments ou partie de bâtiment à usage principal autre que d'habitation,Non résidentiel,0,5,0,,,,,,,,,,35,35 - Ile et Vilaine,2,1,0,400,5300,53000,79,400.00,,5,-5,418.70,32.90,51.80,66.90,90.00,28.00,41.00,H2,8.08,12.00,33300,3.40,Ea,2,4,1.50,2
807110,1435V4000069Q,11370,3,4,Méthode Facture,,\N,\N,2014-02-19,2014-03-27,2011-09-15,,,315.00,D,10.00,B,4,"Bureau, Administration, Enseignement",\N,\N,1947,229.90,229.90,35,Rennes,,,129 RUE DE FOUGERES,,,RENNES CROIX CARREE,,,35700,35238,35238,,,\N,\N,2,,209.00,100.00,0.00,0,0,1,0,0,0,0.00,\N,0,0,15.00,0.00,0.00,209.00,209.00,80.00,1,ABCIDIA,4 route de la Noue 91190 GIF SUR YVETTE (détail sur www.cofrac.fr programme n°4-4-11),0,0,2014-03-27 15:00:56,-1.665594,48.120375,0.98,housenumber,129 Rue de Fougères 35700 Rennes,35238_3160_00129,129 RUE DE FOUGERES,,V4,1,6.3a bis,"Pour  les  bâtiments  à  usage  principal  de  bureau,  d’administration  ou  d’enseignement : Consommation par Energie",4_V4_DPE_6.3a_bis.pdf,0,Vente,Vente,1,TR002_004,Bâtiments ou partie de bâtiment à usage principal autre que d'habitation,Non résidentiel,0,5,0,,,,,,,,,,35,35 - Ile et Vilaine,2,1,0,400,5300,53000,79,400.00,,5,-5,418.70,32.90,51.80,66.90,90.00,28.00,41.00,H2,8.08,12.00,33300,3.40,Ea,2,4,1.50,2
807258,1435V4000070I,11370,3,4,Méthode Facture,,\N,\N,2014-02-19,2014-03-27,2011-09-15,,,243.00,D,25.00,C,4,"Bureau, Administration, Enseignement",\N,\N,1947,1149.50,1149.50,35,Rennes,,,PLACE D ERLANGEN,,,RENNES LE GAST,,,35700,35238,35238,,,\N,\N,2,,1045.00,100.00,0.00,0,0,2,0,0,0,0.00,\N,0,0,10.00,0.00,10.00,500.00,500.00,200.00,1,ABCIDIA,4 route de la Noue 91190 GIF SUR YVETTE (détail sur www.cofrac.fr programme n°4-4-11),0,0,2014-03-27 15:27:15,-1.66056,48.130688,0.65,street,Rue d'Erlangen 35700 Rennes,35238_2920,RUE D ERLANGEN,,V4,1,6.3a bis,"Pour  les  bâtiments  à  usage  principal  de  bureau,  d’administration  ou  d’enseignement : Consommation par Energie",4_V4_DPE_6.3a_bis.pdf,0,Vente,Vente,1,TR002_004,Bâtiments ou partie de bâtiment à usage principal autre que d'habitation,Non résidentiel,0,5,0,,,,,,,,,,35,35 - Ile et Vilaine,2,1,0,400,5300,53000,79,400.00,,5,-5,418.70,32.90,51.80,66.90,90.00,28.00,41.00,H2,8.08,12.00,33300,3.40,Ea,2,4,1.50,2
808178,1435V4000071J,11370,3,4,Méthode Facture,,\N,\N,2014-02-27,2014-02-27,2011-09-15,,,504.00,E,16.00,C,4,"Bureau, Administration, Enseignement",\N,\N,1947,144.97,144.97,35,RENNES,,,"18, rue de Nemours",,,,,,35000,35238,35238,"2, 16 et 19",,\N,\N,2,,131.79,100.00,0.00,0,0,2,0,0,0,0.00,\N,0,0,12.00,0.00,0.00,65.00,64.00,70.00,1,ICERT,Parc Edonia - Bâtiment G Rue de la Terre Victoria 35760 SAINT GREGOIRE (détail sur www.cofrac.fr programme n°4-4-11),0,0,2014-03-27 17:28:32,-1.680252,48.108297,0.97,housenumber,18 Rue de Nemours 35000 Rennes,35238_6880_00018,18 RUE DE NEMOURS,,V4,1,6.3a bis,"Pour  les  bâtiments  à  usage  principal  de  bureau,  d’administration  ou  d’enseignement : Consommation par Energie",4_V4_DPE_6.3a_bis.pdf,0,Vente,Vente,1,TR002_004,Bâtiments ou partie de bâtiment à usage principal autre que d'habitation,Non résidentiel,0,5,0,,,,,,,,,,35,35 - Ile et Vilaine,2,1,0,400,5300,53000,79,400.00,,5,-5,418.70,32.90,51.80,66.90,90.00,28.00,41.00,H2,8.08,12.00,33300,3.40,Ea,2,4,1.50,2
808308,1435V8000104K,9347,2,8,3CL - DPE,V2012,\N,\N,2014-03-27,2014-03-27,2011-08-15,"La surface habitable indiquée ci-dessus ne répond pas aux critères de réalisation d'un certificat Loi Boutin sur Carrez et ne peut donc pas être utilisée en tant que tel. (ex : reporter cette surface sur le bail). Le descriptif est donné à titre purement indicatif et ne saurait être une garantie du mode constructif ou de la structure du bien concerné, lesquels n'ont pu être totalement contrôlés. ",17,166.73,C,5.43,B,4,Bureaux,\N,12,2002,0.00,0.00,35,RENNES,00,Avenue,de Châteaugiron Rennes,227,,,,,35000,35238,35238,,\N,\N,\N,0,\N,0.00,0.00,0.00,0,0,0,0,0,0,0.00,\N,0,0,0.00,0.00,0.00,0.00,0.00,0.00,1,ICERT,Parc EDONIA - Bât. A  Rue de la Terre Victoria 35760 SAINT-GRÉGOIRE,0,0,2014-03-27 17:45:28,-1.63539,48.094644,0.8,housenumber,227 Rue de Châteaugiron 35000 Rennes,35238_1800_00227,227 RUE DE CHATEAUGIRON,,V8,1,6.3c bis,Pour  les  autres  bâtiments  non  mentionnés  dans  les  deux  précédents  cas : Consommation par Energie,8_V8_DPE_6.3c_bis.pdf,0,Vente,Vente,1,TR002_004,Bâtiments ou partie de bâtiment à usage principal autre que d'habitation,Non résidentiel,0,5,0,,,,,TR013_012,"W : Administrations, banques, bureaux",1,0,Établissements installés dans un bâtiment,35,35 - Ile et Vilaine,2,1,0,400,5300,53000,79,400.00,,5,-5,418.70,32.90,51.80,66.90,90.00,28.00,41.00,H2,8.08,12.00,33300,3.40,Ea,2,4,1.50,2
808315,1435V8000105L,9347,2,8,3CL - DPE,V2012,\N,\N,2014-03-27,2014-03-27,2011-08-15,"La surface habitable indiquée ci-dessus ne répond pas aux critères de réalisation d'un certificat Loi Boutin sur Carrez et ne peut donc pas être utilisée en tant que tel. (ex : reporter cette surface sur le bail). Le descriptif est donné à titre purement indicatif et ne saurait être une garantie du mode constructif ou de la structure du bien concerné, lesquels n'ont pu être totalement contrôlés. ",17,166.73,C,5.43,B,4,Bureaux,\N,12,2002,0.00,0.00,35,RENNES,00,Avenue,de Châteaugiron Rennes,227,,,3ème,A gauche en sortant de l'ascenseur,35000,35238,35238,Non Communiqué,\N,\N,\N,0,\N,0.00,0.00,0.00,0,0,0,0,0,0,0.00,\N,0,0,0.00,0.00,0.00,0.00,0.00,0.00,1,ICERT,Parc EDONIA - Bât. A  Rue de la Terre Victoria 35760 SAINT-GRÉGOIRE,0,0,2014-03-27 17:46:22,-1.63539,48.094644,0.8,housenumber,227 Rue de Châteaugiron 35000 Rennes,35238_1800_00227,227 RUE DE CHATEAUGIRON,,V8,1,6.3c bis,Pour  les  autres  bâtiments  non  mentionnés  dans  les  deux  précédents  cas : Consommation par Energie,8_V8_DPE_6.3c_bis.pdf,0,Vente,Vente,1,TR002_004,Bâtiments ou partie de bâtiment à usage principal autre que d'habitation,Non résidentiel,0,5,0,,,,,TR013_012,"W : Administrations, banques, bureaux",1,0,Établissements installés dans un bâtiment,35,35 - Ile et Vilaine,2,1,0,400,5300,53000,79,400.00,,5,-5,418.70,32.90,51.80,66.90,90.00,28.00,41.00,H2,8.08,12.00,33300,3.40,Ea,2,4,1.50,2
808332,1435V8000106M,9347,2,8,3CL - DPE,V2012,\N,\N,2014-03-27,2014-03-27,2011-08-15,"La surface habitable indiquée ci-dessus ne répond pas aux critères de réalisation d'un certificat Loi Boutin sur Carrez et ne peut donc pas être utilisée en tant que tel. (ex : reporter cette surface sur le bail). Le descriptif est donné à titre purement indicatif et ne saurait être une garantie du mode constructif ou de la structure du bien concerné, lesquels n'ont pu être totalement contrôlés. ",17,166.73,C,5.43,B,4,Bureaux,\N,12,2002,0.00,0.00,35,RENNES,00,Avenue,de Châteaugiron Rennes,227,,,2ème ,A droite en sortant de l'ascenseur,35000,35238,35238,NC,\N,\N,\N,0,\N,0.00,0.00,0.00,0,0,0,0,0,0,0.00,\N,0,0,0.00,0.00,0.00,0.00,0.00,0.00,1,ICERT,Parc EDONIA - Bât. A  Rue de la Terre Victoria 35760 SAINT-GRÉGOIRE,0,0,2014-03-27 17:48:18,-1.63539,48.094644,0.8,housenumber,227 Rue de Châteaugiron 35000 Rennes,35238_1800_00227,227 RUE DE CHATEAUGIRON,,V8,1,6.3c bis,Pour  les  autres  bâtiments  non  mentionnés  dans  les  deux  précédents  cas : Consommation par Energie,8_V8_DPE_6.3c_bis.pdf,0,Vente,Vente,1,TR002_004,Bâtiments ou partie de bâtiment à usage principal autre que d'habitation,Non résidentiel,0,5,0,,,,,TR013_012,"W : Administrations, banques, bureaux",1,0,Établissements installés dans un bâtiment,35,35 - Ile et Vilaine,2,1,0,400,5300,53000,79,400.00,,5,-5,418.70,32.90,51.80,66.90,90.00,28.00,41.00,H2,8.08,12.00,33300,3.40,Ea,2,4,1.50,2
808340,1435V8000107N,9347,2,8,3CL - DPE,V2012,\N,\N,2014-03-27,2014-03-27,2011-08-15,"La surface habitable indiquée ci-dessus ne répond pas aux critères de réalisation d'un certificat Loi Boutin sur Carrez et ne peut donc pas être utilisée en tant que tel. (ex : reporter cette surface sur le bail). Le descriptif est donné à titre purement indicatif et ne saurait être une garantie du mode constructif ou de la structure du bien concerné, lesquels n'ont pu être totalement contrôlés. ",17,166.73,C,5.43,B,4,,\N,12,2002,0.00,0.00,35,RENNES,00,Avenue,de Châteaugiron Rennes,227,,,2ème ,A gauche en sortant de l'ascenseur,35000,35238,35238,NC,\N,\N,\N,0,\N,0.00,0.00,0.00,0,0,0,0,0,0,0.00,\N,0,0,0.00,0.00,0.00,0.00,0.00,0.00,1,ICERT,Parc EDONIA - Bât. A  Rue de la Terre Victoria 35760 SAINT-GRÉGOIRE,0,0,2014-03-27 17:49:03,-1.63539,48.094644,0.8,housenumber,227 Rue de Châteaugiron 35000 Rennes,35238_1800_00227,227 RUE DE CHATEAUGIRON,,V8,1,6.3c bis,Pour  les  autres  bâtiments  non  mentionnés  dans  les  deux  précédents  cas : Consommation par Energie,8_V8_DPE_6.3c_bis.pdf,0,Vente,Vente,1,TR002_004,Bâtiments ou partie de bâtiment à usage principal autre que d'habitation,Non résidentiel,0,5,0,,,,,TR013_012,"W : Administrations, banques, bureaux",1,0,Établissements installés dans un bâtiment,35,35 - Ile et Vilaine,2,1,0,400,5300,53000,79,400.00,,5,-5,418.70,32.90,51.80,66.90,90.00,28.00,41.00,H2,8.08,12.00,33300,3.40,Ea,2,4,1.50,2
808788,1435V8000108O,2465,5,8,FACTURE,VERSION_2012,\N,\N,2014-03-27,2014-03-27,2011-08-15,\N,,1177.67,G,38.34,D,4,\N,5,3,1947,40.70,40.70,35,RENNES,,\N,2 rue de Clisson,\N,\N,\N,\N,\N,35000,35238,35238,,\N,\N,0,0,\N,0.00,37.00,0.00,0,0,1,0,0,0,0.00,\N,0,0,0.00,0.00,0.00,0.00,0.00,0.00,1,I.CERT,Parc Edonia - Rue de la Terre Victoria 35760 Saint Grégoire,0,0,2014-03-27 19:08:22,-1.681318,48.112114,0.97,housenumber,2 Rue de Clisson 35000 Rennes,35238_1980_00002,2 RUE DE CLISSON,,V8,1,6.3c bis,Pour  les  autres  bâtiments  non  mentionnés  dans  les  deux  précédents  cas : Consommation par Energie,8_V8_DPE_6.3c_bis.pdf,0,Vente,Vente,1,TR002_004,Bâtiments ou partie de bâtiment à usage principal autre que d'habitation,Non résidentiel,0,5,0,TR012_005,5ème Catégorie,2ème Groupe,0,TR013_003,"M : Magasins de vente, centres commerciaux",1,0,Établissements installés dans un bâtiment,35,35 - Ile et Vilaine,2,1,0,400,5300,53000,79,400.00,,5,-5,418.70,32.90,51.80,66.90,90.00,28.00,41.00,H2,8.08,12.00,33300,3.40,Ea,2,4,1.50,2
812143,1435V4000072K,9347,2,4,3CL - DPE,V2012,\N,\N,2014-02-28,2014-03-28,2011-08-15,"La surface habitable indiquée ci-dessus ne répond pas aux critères de réalisation d'un certificat Loi Boutin sur Carrez et ne peut donc pas être utilisée en tant que tel. (ex : reporter cette surface sur le bail). Le descriptif est donné à titre purement indicatif et ne saurait être une garantie du mode constructif ou de la structure du bien concerné, lesquels n'ont pu être totalement contrôlés.  Le Diagnostic de Performance Energétique (DPE) pour ce bien doit être calculé de manière réglementaire à partir des consommations réelles d'énergie des trois dernières années. Après de multiples demandes auprès locataire de la surface occupée par la salle de fitness, ces informations n'ont pas été portées à la connaissance du technicien. Par conséquent, le résultat obtenu ne prend en compte qu'une partie des consommations énergétiques. La mise à jour du rapport pourra être faite ultérieurement si les consommations d'énergie sont transmises à CHB-YADIS.",17,86.92,B,2.83,A,4,Bureaux,\N,12,2002,0.00,0.00,35,PACÉ,40,Rue,Jean Baptiste Guerin,14,,,,,35740,35210,35210,,\N,\N,\N,0,\N,0.00,936.36,0.00,0,0,0,0,0,0,0.00,\N,0,0,0.00,0.00,0.00,0.00,0.00,0.00,1,ICERT,Parc EDONIA - Bât. A  Rue de la Terre Victoria 35760 SAINT-GRÉGOIRE,0,0,2014-03-28 16:33:23,-1.765544,48.144882,0.96,housenumber,14 Rue Jean-Baptiste Guérin 35740 Pacé,35210_0148_00014,14 RUE JEAN BAPTISTE GUERIN,,V4,1,6.3a bis,"Pour  les  bâtiments  à  usage  principal  de  bureau,  d’administration  ou  d’enseignement : Consommation par Energie",4_V4_DPE_6.3a_bis.pdf,0,Vente,Vente,1,TR002_004,Bâtiments ou partie de bâtiment à usage principal autre que d'habitation,Non résidentiel,0,5,0,,,,,TR013_012,"W : Administrations, banques, bureaux",1,0,Établissements installés dans un bâtiment,35,35 - Ile et Vilaine,2,1,0,400,5300,53000,79,400.00,,5,-5,418.70,32.90,51.80,66.90,90.00,28.00,41.00,H2,8.08,12.00,33300,3.40,Ea,2,4,1.50,2
812575,1435V8000109P,2128,2,8,3CL - DPE,V2012,\N,\N,2014-03-18,2014-03-18,2011-08-15,Le propriétaire ou le donneur d'ordre n' pas été en mesure de nous fournir les données factures indispensables pour l'établissement d'étiquettes énergétiques. Bureaux vacants le jour de la visite.,17,0.00,N,0.00,N,4,Habitation (Parties communes),\N,\N,1988,0.00,0.00,35,CESSON-SÉVIGNÉ,10,,LA RIGOURDIERE 2,\N,,,,,35510,35051,35051,,\N,\N,\N,0,\N,0.00,113.64,0.00,0,0,0,0,0,0,0.00,\N,0,0,0.00,0.00,0.00,0.00,0.00,0.00,1,DEKRA CERTIFICATION,"5, avenue Garlande 92220 BAGNEUX",1,0,2014-03-28 17:50:54,-1.588429,48.112937,0.83,locality,la Rigourdière 35510 Cesson-Sévigné,35051_19tffe,LA RIGOURDIERE,,V8,1,6.3c bis,Pour  les  autres  bâtiments  non  mentionnés  dans  les  deux  précédents  cas : Consommation par Energie,8_V8_DPE_6.3c_bis.pdf,0,Vente,Vente,1,TR002_004,Bâtiments ou partie de bâtiment à usage principal autre que d'habitation,Non résidentiel,0,5,0,,,,,,,,,,35,35 - Ile et Vilaine,2,1,0,400,5300,53000,79,400.00,,5,-5,418.70,32.90,51.80,66.90,90.00,28.00,41.00,H2,8.08,12.00,33300,3.40,Ea,2,4,1.50,2
821579,1435V8000115M,3124,10,8,FACTURE - DPE,V2012,\N,\N,2014-03-26,2014-03-28,2011-08-15,,,304.53,E,12.24,C,4,,\N,\N,1948,106.70,106.70,35,RENNES,00,rue,Paul Féval,29,,,,,35000,35238,35238,,,,,\N,,\N,\N,\N,\N,\N,\N,\N,\N,\N,\N,,\N,\N,\N,\N,\N,\N,\N,\N,1,ICERT,Parc Edonia - Bâtiment G Rue de la Terre Victoria 35760 Saint-Grégoire,0,0,2014-04-01 12:19:46,-1.678738,48.101714,0.98,housenumber,29 Rue Paul Féval 35000 Rennes,35238_7210_00029,29 RUE PAUL FEVAL,,V8,1,6.3c bis,Pour  les  autres  bâtiments  non  mentionnés  dans  les  deux  précédents  cas : Consommation par Energie,8_V8_DPE_6.3c_bis.pdf,0,Vente,Vente,1,TR002_004,Bâtiments ou partie de bâtiment à usage principal autre que d'habitation,Non résidentiel,0,5,0,,,,,,,,,,35,35 - Ile et Vilaine,2,1,0,400,5300,53000,79,400.00,,5,-5,418.70,32.90,51.80,66.90,90.00,28.00,41.00,H2,8.08,12.00,33300,3.40,Ea,2,4,1.50,2
821783,1435C2000011A,11370,3,21,Méthode Facture,,\N,\N,2014-04-01,2014-04-01,2011-09-15,,,1330.00,G,43.00,E,5,Centres Commerciaux,\N,\N,1947,33.00,33.00,35,Rennes,,,"10, Rue de Toulouse",,,,,,35000,35238,35238,NC,,,100,2,,30.00,100.00,0.00,0,0,1,0,0,0,0.00,\N,0,0,3.00,0.00,0.00,30.00,30.00,32.00,1,ABCIDIA,4 route de la Noue 91190 GIF SUR YVETTE (détail sur www.cofrac.fr programme n°4-4-11),0,0,2014-04-01 13:10:31,-1.681266,48.112478,0.97,housenumber,10 Rue de Toulouse 35000 Rennes,35238_9290_00010,10 RUE DE TOULOUSE,,C2,5,Par énergie,Pour les centres commerciaux,21_C2_DPE_6.b.pdf,0,Centre commercial,Centre commercial,4,TR002_005,Centre Commerciaux,Centres commerciaux,0,4,0,,,,,,,,,,35,35 - Ile et Vilaine,2,1,0,400,5300,53000,79,400.00,,5,-5,418.70,32.90,51.80,66.90,90.00,28.00,41.00,H2,8.08,12.00,33300,3.40,Ea,2,4,1.50,2
827887,1435V4000073L,2211,3,4,Méthode Facture,,\N,\N,2014-02-26,2014-02-26,2011-09-15,,,326.00,D,39.00,D,4,"Bureau, Administration, Enseignement",\N,\N,1,556.60,556.60,35,LE RHEU,,,"2, Allée du Chêne vert",,,,,,35650,35240,35240,,,\N,\N,1,,506.00,100.00,0.00,0,0,1,0,0,0,0.00,\N,0,0,0.00,0.00,0.00,0.00,0.00,0.00,1,ICERT,Parc Edonia - Bâtiment G Rue de la Terre Victoria 35760 SAINT GREGOIRE (détail sur www.cofrac.fr programme n°4-4-11),0,0,2014-04-02 17:25:32,-1.778138,48.095566,0.96,housenumber,2 Allée du Chêne Vert 35650 Le Rheu,35240_0178_00002,2 ALLEE DU CHENE VERT,,V4,1,6.3a bis,"Pour  les  bâtiments  à  usage  principal  de  bureau,  d’administration  ou  d’enseignement : Consommation par Energie",4_V4_DPE_6.3a_bis.pdf,0,Vente,Vente,1,TR002_004,Bâtiments ou partie de bâtiment à usage principal autre que d'habitation,Non résidentiel,0,5,0,,,,,,,,,,35,35 - Ile et Vilaine,2,1,0,400,5300,53000,79,400.00,,5,-5,418.70,32.90,51.80,66.90,90.00,28.00,41.00,H2,8.08,12.00,33300,3.40,Ea,2,4,1.50,2
828920,1435V4000074M,11370,3,4,Méthode Facture,,\N,\N,2014-04-01,2014-04-02,2011-09-15,,,0.00,N,0.00,N,4,"Bureau, Administration, Enseignement",\N,\N,1,125.40,125.40,35,Rennes,,,"21, rue Chicogné",,,,,,35000,35238,35238,NC,,\N,\N,2,,114.00,100.00,0.00,0,0,1,0,0,0,0.00,\N,0,0,10.00,0.00,0.00,114.00,114.00,64.00,1,ABCIDIA,4 route de la Noue 91190 GIF SUR YVETTE (détail sur www.cofrac.fr programme n°4-4-11),1,0,2014-04-02 21:06:17,-1.6839,48.107034,0.97,housenumber,21 Rue Chicogné 35000 Rennes,35238_1890_00021,21 RUE CHICOGNE,,V4,1,6.3a bis,"Pour  les  bâtiments  à  usage  principal  de  bureau,  d’administration  ou  d’enseignement : Consommation par Energie",4_V4_DPE_6.3a_bis.pdf,0,Vente,Vente,1,TR002_004,Bâtiments ou partie de bâtiment à usage principal autre que d'habitation,Non résidentiel,0,5,0,,,,,,,,,,35,35 - Ile et Vilaine,2,1,0,400,5300,53000,79,400.00,,5,-5,418.70,32.90,51.80,66.90,90.00,28.00,41.00,H2,8.08,12.00,33300,3.40,Ea,2,4,1.50,2
829108,1435C2000013C,11370,3,21,Méthode Facture,,\N,\N,2014-04-02,2014-04-02,2011-09-15,,,1054.00,G,34.00,D,5,Centres Commerciaux,\N,\N,1947,99.00,99.00,35,Rennes,,,"16, Avenue Jean Janvier",,,,,,35000,35238,35238,NC,,,100,2,,90.00,100.00,0.00,0,0,1,0,0,0,0.00,\N,0,0,19.00,0.00,0.00,90.00,90.00,57.00,1,,,0,0,2014-04-02 22:03:48,-1.673169,48.105913,0.98,housenumber,16 Avenue Jean Janvier 35000 Rennes,35238_4740_00016,16 AVENUE JEAN JANVIER,,C2,5,Par énergie,Pour les centres commerciaux,21_C2_DPE_6.b.pdf,0,Centre commercial,Centre commercial,4,TR002_005,Centre Commerciaux,Centres commerciaux,0,4,0,,,,,,,,,,35,35 - Ile et Vilaine,2,1,0,400,5300,53000,79,400.00,,5,-5,418.70,32.90,51.80,66.90,90.00,28.00,41.00,H2,8.08,12.00,33300,3.40,Ea,2,4,1.50,2
830087,1435V3000020C,9140,13,3,FACTURE SEULE,V2012,\N,\N,2014-01-29,2014-01-29,2011-08-15,\N,\N,247.86,D,58.00,D,4,\N,\N,\N,1969,394.00,394.00,35,ST JACQUES DE LA LANDE,,Rue,des 25 fusillés du 30/11/1942,"20,",\N,\N,\N,\N,35136,35281,35281,\N,\N,\N,\N,1,\N,0.00,0.00,0.00,0,0,0,0,0,0,0.00,\N,0,0,0.00,0.00,0.00,0.00,0.00,0.00,1,ICert,EDONIA G. Rue de la Terre Victoria • 35760 Saint-Grégoire,0,0,2014-04-03 10:16:08,-1.694855,48.090653,0.42,housenumber,20 Rue des Vingt-cinq Fusillés 35136 Saint-Jacques-de-la-Lande,35281_zoq9i2_00020,20 RUE DES VINGT CINQ FUSILLES,,V3,1,6.3a,"Pour  les  bâtiments  à  usage  principal  de  bureau,  d’administration  ou  d’enseignement : Consommation par Usage",3_V3_DPE_6.3a.pdf,0,Vente,Vente,1,TR002_004,Bâtiments ou partie de bâtiment à usage principal autre que d'habitation,Non résidentiel,0,5,0,,,,,,,,,,35,35 - Ile et Vilaine,2,1,0,400,5300,53000,79,400.00,,5,-5,418.70,32.90,51.80,66.90,90.00,28.00,41.00,H2,8.08,12.00,33300,3.40,Ea,2,4,1.50,2
830239,1435V3000022E,9140,13,3,FACTURE SEULE,V2012,\N,\N,2014-01-29,2014-01-29,2011-08-15,\N,\N,327.58,D,60.59,D,4,\N,\N,\N,1969,394.00,394.00,35,ST JACQUES DE LA LANDE,,Rue,des 25 fusillés du 30/11/1942,"20,",\N,\N,\N,\N,35136,35281,35281,\N,\N,\N,\N,1,\N,0.00,0.00,0.00,0,0,0,0,0,0,0.00,\N,0,0,0.00,0.00,0.00,0.00,0.00,0.00,1,ICert,EDONIA G. Rue de la Terre Victoria • 35760 Saint-Grégoire,0,0,2014-04-03 10:39:25,-1.694855,48.090653,0.42,housenumber,20 Rue des Vingt-cinq Fusillés 35136 Saint-Jacques-de-la-Lande,35281_zoq9i2_00020,20 RUE DES VINGT CINQ FUSILLES,,V3,1,6.3a,"Pour  les  bâtiments  à  usage  principal  de  bureau,  d’administration  ou  d’enseignement : Consommation par Usage",3_V3_DPE_6.3a.pdf,0,Vente,Vente,1,TR002_004,Bâtiments ou partie de bâtiment à usage principal autre que d'habitation,Non résidentiel,0,5,0,,,,,,,,,,35,35 - Ile et Vilaine,2,1,0,400,5300,53000,79,400.00,,5,-5,418.70,32.90,51.80,66.90,90.00,28.00,41.00,H2,8.08,12.00,33300,3.40,Ea,2,4,1.50,2
830551,1435V8000116N,7101,5,8,FACTURE,VERSION_2012,\N,\N,2014-04-01,2014-04-03,2011-08-15,\N,,0.00,N,0.00,N,4,\N,5,\N,1947,90.97,90.97,35,LANGAN,,\N,"13, route de Romillé",\N,\N,\N,\N,\N,35850,35120,35120,,\N,\N,0,0,\N,0.00,82.70,0.00,0,0,1,0,0,0,0.00,\N,0,0,0.00,0.00,0.00,0.00,0.00,0.00,1,I.Cert,Parc Edonia - Bâtiment G - Rue de la Terre Victoria 35768 SAINT GREGOIRE,1,0,2014-04-03 11:09:12,-1.796909,48.221286,0.68,housenumber,13 Rue de Romillé 35850 Gévezé,35120_0025_00013,13 RUE DE ROMILLE,,V8,1,6.3c bis,Pour  les  autres  bâtiments  non  mentionnés  dans  les  deux  précédents  cas : Consommation par Energie,8_V8_DPE_6.3c_bis.pdf,0,Vente,Vente,1,TR002_004,Bâtiments ou partie de bâtiment à usage principal autre que d'habitation,Non résidentiel,0,5,0,TR012_005,5ème Catégorie,2ème Groupe,0,,,,,,35,35 - Ile et Vilaine,2,1,0,400,5300,53000,79,400.00,,5,-5,418.70,32.90,51.80,66.90,90.00,28.00,41.00,H2,8.08,12.00,33300,3.40,Ea,2,4,1.50,2
834441,1435V7000035M,10181,5,7,FACTURE,VERSION_2012,\N,\N,2014-04-03,2014-04-03,2011-08-15,\N,,0.00,N,0.00,N,4,\N,\N,\N,1947,48.40,48.40,35,RENNES,,\N,3 BOULEVARD DE BEAUMONT RDC CENTRE EST,\N,\N,\N,\N,\N,35000,35238,35238,,\N,\N,0,0,\N,0.00,44.00,0.00,0,0,1,0,0,0,0.00,\N,0,0,0.00,0.00,0.00,0.00,0.00,0.00,1,BUREAU VERITAS,n/c,1,0,2014-04-03 21:59:53,-1.676688,48.103619,0.72,housenumber,3 Boulevard de Beaumont 35000 Rennes,35238_0790_00003,3 BOULEVARD DE BEAUMONT,,V7,1,6.3c,Pour  les  autres  bâtiments  non  mentionnés  dans  les  deux  précédents  cas : Consommation par Usage,7_V7_DPE_6.3c.pdf,0,Vente,Vente,1,TR002_004,Bâtiments ou partie de bâtiment à usage principal autre que d'habitation,Non résidentiel,0,5,0,,,,,,,,,,35,35 - Ile et Vilaine,2,1,0,400,5300,53000,79,400.00,,5,-5,418.70,32.90,51.80,66.90,90.00,28.00,41.00,H2,8.08,12.00,33300,3.40,Ea,2,4,1.50,2
837888,1435V4000076O,8776,10,4,FACTURE - DPE,V2012,\N,\N,2014-04-04,2014-04-04,2011-08-15,,,80.22,B,2.61,A,4,bureaux,\N,\N,1974,2008.00,2008.00,35,RENNES,00,avenue,Manoir de Servigné,9,,,,,35000,35238,35238,,,,,\N,,\N,\N,\N,\N,\N,\N,\N,\N,\N,\N,,\N,\N,\N,\N,\N,\N,\N,\N,1,SOCOTEC Certification,89-93 avenue Paul Vaillant Couturier 94250 GENTILLY,0,0,2014-04-04 16:56:44,-1.72501,48.102348,0.68,housenumber,9 Rue du Manoir de Servigné 35000 Rennes,35238_6150_00009,9 RUE DU MANOIR DE SERVIGNE,,V4,1,6.3a bis,"Pour  les  bâtiments  à  usage  principal  de  bureau,  d’administration  ou  d’enseignement : Consommation par Energie",4_V4_DPE_6.3a_bis.pdf,0,Vente,Vente,1,TR002_004,Bâtiments ou partie de bâtiment à usage principal autre que d'habitation,Non résidentiel,0,5,0,,,,,,,,,,35,35 - Ile et Vilaine,2,1,0,400,5300,53000,79,400.00,,5,-5,418.70,32.90,51.80,66.90,90.00,28.00,41.00,H2,8.08,12.00,33300,3.40,Ea,2,4,1.50,2
842242,1435C2000014D,11370,3,21,Méthode Facture,,\N,\N,2014-03-24,2014-03-24,2011-09-15,,,87.00,B,2.00,A,5,Centres Commerciaux,\N,\N,1,495.00,495.00,35,Melesse,,,Ruelle de la Torte,,,,,,35520,35059,35059,SO,,,100,2,,450.00,100.00,0.00,0,0,1,0,0,0,0.00,\N,0,0,15.00,0.00,0.00,450.00,450.00,100.00,1,ABCIDIA,4 route de la Noue 91190 GIF SUR YVETTE (détail sur www.cofrac.fr programme n°4-4-11),0,0,2014-04-07 12:55:07,-1.726498,48.187294,0.62,locality,la Ruelle à la Torte 35520 La Chapelle-des-Fougeretz,35059_B489,LA RUELLE A LA TORTE,,C2,5,Par énergie,Pour les centres commerciaux,21_C2_DPE_6.b.pdf,0,Centre commercial,Centre commercial,4,TR002_005,Centre Commerciaux,Centres commerciaux,0,4,0,,,,,,,,,,35,35 - Ile et Vilaine,2,1,0,400,5300,53000,79,400.00,,5,-5,418.70,32.90,51.80,66.90,90.00,28.00,41.00,H2,8.08,12.00,33300,3.40,Ea,2,4,1.50,2
845059,1435V8000120I,4130,2,8,3CL - DPE,V2012,\N,\N,2014-04-04,2014-04-04,2011-08-15,,\N,195.99,D,6.38,B,4,Artisanat,1,29,1900,0.00,0.00,35,RENNES,00,\N,28 rue de Saint-Malo,\N,\N,\N,Rez de chaussée,\N,35000,35238,35238,NC,\N,,\N,2,,0.00,0.00,0.00,0,1,0,0,0,0,0.00,\N,0,0,0.00,0.00,0.00,0.00,0.00,0.00,1,QUALIXPERT,  ,0,0,2014-04-07 23:26:08,-1.680731,48.116258,0.98,housenumber,28 Rue de Saint-Malo 35000 Rennes,35238_8730_00028,28 RUE DE SAINT MALO,,V8,1,6.3c bis,Pour  les  autres  bâtiments  non  mentionnés  dans  les  deux  précédents  cas : Consommation par Energie,8_V8_DPE_6.3c_bis.pdf,0,Vente,Vente,1,TR002_004,Bâtiments ou partie de bâtiment à usage principal autre que d'habitation,Non résidentiel,0,5,0,TR012_001,1ère Catégorie,1er Groupe,0,TR013_029,GHW : Bureaux,3,0,Immeubles de grande hauteur (IGH),35,35 - Ile et Vilaine,2,1,0,400,5300,53000,79,400.00,,5,-5,418.70,32.90,51.80,66.90,90.00,28.00,41.00,H2,8.08,12.00,33300,3.40,Ea,2,4,1.50,2
848277,1435V8000122K,7128,5,8,FACTURE,VERSION_2012,\N,\N,2014-04-04,2014-04-08,2011-08-15,\N,,847.18,G,27.58,D,4,\N,5,3,1930,88.00,88.00,35,SAINT-GRÉGOIRE,,\N,LA GALTOU'Z Route de St malo La Brosse,\N,\N,\N,\N,\N,35760,35189,35189,,\N,\N,\N,0,\N,0.00,88.00,0.00,0,0,1,0,0,0,0.00,\N,0,0,0.00,0.00,0.00,0.00,0.00,0.00,1,SGS ICS,"29, avenue Aristide Briand. 94211. ARCUEIL Cedex",0,0,2014-04-08 17:10:10,,,0,,,,,,V8,1,6.3c bis,Pour  les  autres  bâtiments  non  mentionnés  dans  les  deux  précédents  cas : Consommation par Energie,8_V8_DPE_6.3c_bis.pdf,0,Vente,Vente,1,TR002_004,Bâtiments ou partie de bâtiment à usage principal autre que d'habitation,Non résidentiel,0,5,0,TR012_005,5ème Catégorie,2ème Groupe,0,TR013_003,"M : Magasins de vente, centres commerciaux",1,0,Établissements installés dans un bâtiment,35,35 - Ile et Vilaine,2,1,0,400,5300,53000,79,400.00,,5,-5,418.70,32.90,51.80,66.90,90.00,28.00,41.00,H2,8.08,12.00,33300,3.40,Ea,2,4,1.50,2
850568,1435N2000004V,9775,5,12,TH_C_E,VERSION_2012,\N,\N,2014-04-09,2014-04-09,2011-08-15,\N,,82.95,B,4.98,A,4,\N,\N,\N,2014,277.87,277.87,35,NOYAL-SUR-VILAINE,,\N,4 RUE ALAIN COLAS,\N,\N,\N,\N,\N,35530,35039,35039,,\N,\N,0,0,\N,0.00,252.61,0.00,0,0,1,0,0,0,0.00,\N,0,0,0.00,0.00,0.00,0.00,0.00,0.00,1,BUREAU VERITAS,n/c,0,0,2014-04-09 11:16:13,,,0,,,,,,N2,3,6.2 neuf,Pour  les  bâtiments  à  usage  autre  que  d’habitation,12_N2_DPE_6.2_neuf.pdf,0,Neuf,Neuf,3,TR002_004,Bâtiments ou partie de bâtiment à usage principal autre que d'habitation,Non résidentiel,0,5,0,,,,,,,,,,35,35 - Ile et Vilaine,2,1,0,400,5300,53000,79,400.00,,5,-5,418.70,32.90,51.80,66.90,90.00,28.00,41.00,H2,8.08,12.00,33300,3.40,Ea,2,4,1.50,2
852959,1435V8000124M,11370,3,8,Méthode Facture,,\N,\N,2014-04-08,2014-04-09,2011-09-15,,,0.00,N,0.00,N,4,"Autres (théâtres, salles de sport, restaurati",\N,\N,1947,77.00,77.00,35,Rennes,,,"24, Avenue Janvier",,,,,,35000,35238,35238,NC,,\N,\N,2,,70.00,100.00,0.00,0,0,1,0,0,0,0.00,\N,0,0,7.00,0.00,0.00,70.00,70.00,50.00,1,,,1,0,2014-04-09 17:16:34,-1.672981,48.105218,0.76,housenumber,24 Avenue Jean Janvier 35000 Rennes,35238_4740_00024,24 AVENUE JEAN JANVIER,,V8,1,6.3c bis,Pour  les  autres  bâtiments  non  mentionnés  dans  les  deux  précédents  cas : Consommation par Energie,8_V8_DPE_6.3c_bis.pdf,0,Vente,Vente,1,TR002_004,Bâtiments ou partie de bâtiment à usage principal autre que d'habitation,Non résidentiel,0,5,0,,,,,,,,,,35,35 - Ile et Vilaine,2,1,0,400,5300,53000,79,400.00,,5,-5,418.70,32.90,51.80,66.90,90.00,28.00,41.00,H2,8.08,12.00,33300,3.40,Ea,2,4,1.50,2
858204,1435V8000126O,7070,3,8,Méthode Facture,,\N,\N,2014-04-10,2014-04-10,2011-09-15,,,122.00,C,28.00,D,4,"Autres (théâtres, salles de sport, restaurati",\N,\N,1947,95.30,95.30,35,RENNES,,,16 - 18 rue des Fossés,,,Etage RDC,,,35000,35238,35238,25,,\N,\N,2,Urne partie du rez de chaussée,86.64,100.00,0.00,0,0,1,0,0,0,0.00,\N,0,0,0.00,0.00,0.00,0.00,0.00,0.00,1,Icert,Parc Edonia - Bâtiment G Rue de la Terre Victoria 35760 SAINT GREGOIRE (détail sur www.cofrac.fr programme n°4-4-11),0,0,2014-04-10 17:43:40,-1.67638,48.113529,0.83,housenumber,18 Rue des Fossés 35000 Rennes,35238_3150_00018,18 RUE DES FOSSES,,V8,1,6.3c bis,Pour  les  autres  bâtiments  non  mentionnés  dans  les  deux  précédents  cas : Consommation par Energie,8_V8_DPE_6.3c_bis.pdf,0,Vente,Vente,1,TR002_004,Bâtiments ou partie de bâtiment à usage principal autre que d'habitation,Non résidentiel,0,5,0,,,,,,,,,,35,35 - Ile et Vilaine,2,1,0,400,5300,53000,79,400.00,,5,-5,418.70,32.90,51.80,66.90,90.00,28.00,41.00,H2,8.08,12.00,33300,3.40,Ea,2,4,1.50,2
858830,1435V8000127P,7128,5,8,FACTURE,VERSION_2012,\N,\N,2014-04-10,2014-04-10,2011-08-15,\N,,258.72,D,8.42,B,4,\N,5,3,2001,258.50,258.50,35,RENNES,,\N,"10, rue du Bignon ZI Sud Est",\N,\N,\N,\N,\N,35000,35238,35238,,\N,\N,\N,0,\N,0.00,258.50,0.00,0,0,1,0,0,0,0.00,\N,0,0,0.00,0.00,0.00,0.00,0.00,0.00,1,SGS ICS,"29, avenue Aristide Briand. 94211. ARCUEIL Cedex",0,0,2014-04-10 19:37:08,,,0,,,,,,V8,1,6.3c bis,Pour  les  autres  bâtiments  non  mentionnés  dans  les  deux  précédents  cas : Consommation par Energie,8_V8_DPE_6.3c_bis.pdf,0,Vente,Vente,1,TR002_004,Bâtiments ou partie de bâtiment à usage principal autre que d'habitation,Non résidentiel,0,5,0,TR012_005,5ème Catégorie,2ème Groupe,0,TR013_003,"M : Magasins de vente, centres commerciaux",1,0,Établissements installés dans un bâtiment,35,35 - Ile et Vilaine,2,1,0,400,5300,53000,79,400.00,,5,-5,418.70,32.90,51.80,66.90,90.00,28.00,41.00,H2,8.08,12.00,33300,3.40,Ea,2,4,1.50,2
862082,1435V3000023F,1161,3,3,Méthode Facture,,\N,\N,2014-04-10,2014-04-10,2011-09-15,,,0.00,N,0.00,N,4,"Bureau, Administration, Enseignement",\N,\N,1947,113.30,113.30,35,RENNES,,,18 rue du Maréchal Joffre,,,,,,35000,35238,35238,,,\N,\N,2,,103.00,100.00,0.00,0,0,1,0,0,0,0.00,\N,0,0,2.00,0.00,0.00,1.00,1.00,1.00,1,Bureau Veritas,Immeuble Le Guillaumet - 60 Avenue du Général de Gaulle - 92800 PUTEAUX (détail sur www.cofrac.fr programme n°4-4-11),1,0,2014-04-11 15:06:18,-1.677944,48.108217,0.86,housenumber,18 Rue Maréchal Joffre 35000 Rennes,35238_6310_00018,18 RUE MARECHAL JOFFRE,,V3,1,6.3a,"Pour  les  bâtiments  à  usage  principal  de  bureau,  d’administration  ou  d’enseignement : Consommation par Usage",3_V3_DPE_6.3a.pdf,0,Vente,Vente,1,TR002_004,Bâtiments ou partie de bâtiment à usage principal autre que d'habitation,Non résidentiel,0,5,0,,,,,,,,,,35,35 - Ile et Vilaine,2,1,0,400,5300,53000,79,400.00,,5,-5,418.70,32.90,51.80,66.90,90.00,28.00,41.00,H2,8.08,12.00,33300,3.40,Ea,2,4,1.50,2
862954,1435V4000077P,7070,3,4,Méthode Facture,,\N,\N,2014-04-11,2014-04-11,2011-09-15,,,395.00,E,12.00,B,4,"Bureau, Administration, Enseignement",\N,\N,1,263.20,263.20,35,SAINT-GRÉGOIRE,,,Centre Espace Performane Bât I,,,1 étage,,,35760,35189,35189,Non communiqué,,\N,\N,2,Partie du 1 étage,239.27,100.00,0.00,0,0,1,0,0,0,0.00,\N,0,0,0.00,0.00,0.00,0.00,0.00,0.00,1,Icert,Parc Edonia - Bâtiment G Rue de la Terre Victoria 35760 SAINT GREGOIRE (détail sur www.cofrac.fr programme n°4-4-11),0,0,2014-04-11 17:07:06,,,0,,,,,,V4,1,6.3a bis,"Pour  les  bâtiments  à  usage  principal  de  bureau,  d’administration  ou  d’enseignement : Consommation par Energie",4_V4_DPE_6.3a_bis.pdf,0,Vente,Vente,1,TR002_004,Bâtiments ou partie de bâtiment à usage principal autre que d'habitation,Non résidentiel,0,5,0,,,,,,,,,,35,35 - Ile et Vilaine,2,1,0,400,5300,53000,79,400.00,,5,-5,418.70,32.90,51.80,66.90,90.00,28.00,41.00,H2,8.08,12.00,33300,3.40,Ea,2,4,1.50,2
867800,1435C1000007E,9445,3,20,Méthode Facture,,\N,\N,2014-02-25,2014-02-25,2011-09-15,,,0.00,N,0.00,N,5,Centres Commerciaux,\N,\N,1947,112.34,112.34,35,Rennes,,,"22, quai Duguay Trouin",,,1er Etage,,,35000,35238,35238,NC,,,100,2,,102.13,100.00,0.00,0,0,1,0,0,0,0.00,\N,0,0,14.00,0.00,0.00,127.13,102.13,50.00,1,ICERT,Parc Edonia - Bâtiment G Rue de la Terre Victoria 35760 SAINT GREGOIRE (détail sur www.cofrac.fr programme n°4-4-11),1,0,2014-04-14 13:33:00,-1.683359,48.110246,0.97,housenumber,22 Quai Duguay-Trouin 35000 Rennes,35238_2650_00022,22 QUAI DUGUAY TROUIN,,C1,5,Par usage,Pour les centres commerciaux,20_C1_DPE_6.a.pdf,0,Centre commercial,Centre commercial,4,TR002_005,Centre Commerciaux,Centres commerciaux,0,4,0,,,,,,,,,,35,35 - Ile et Vilaine,2,1,0,400,5300,53000,79,400.00,,5,-5,418.70,32.90,51.80,66.90,90.00,28.00,41.00,H2,8.08,12.00,33300,3.40,Ea,2,4,1.50,2
867816,1435C2000015E,9445,3,21,Méthode Facture,,\N,\N,2014-04-14,2014-04-14,2011-09-15,,,122.00,C,28.00,D,5,Centres Commerciaux,\N,\N,1947,112.34,112.34,35,Rennes,,,"22, quai Duguay Trouin",,,1er Etage,,,35000,35238,35238,NC,,,100,2,,102.13,100.00,0.00,0,0,1,0,0,0,0.00,\N,0,0,14.00,0.00,0.00,127.13,102.13,50.00,1,ICERT,Parc Edonia - Bâtiment G Rue de la Terre Victoria 35760 SAINT GREGOIRE (détail sur www.cofrac.fr programme n°4-4-11),0,0,2014-04-14 13:38:13,-1.683359,48.110246,0.97,housenumber,22 Quai Duguay-Trouin 35000 Rennes,35238_2650_00022,22 QUAI DUGUAY TROUIN,,C2,5,Par énergie,Pour les centres commerciaux,21_C2_DPE_6.b.pdf,0,Centre commercial,Centre commercial,4,TR002_005,Centre Commerciaux,Centres commerciaux,0,4,0,,,,,,,,,,35,35 - Ile et Vilaine,2,1,0,400,5300,53000,79,400.00,,5,-5,418.70,32.90,51.80,66.90,90.00,28.00,41.00,H2,8.08,12.00,33300,3.40,Ea,2,4,1.50,2
872674,1435V8000131K,2465,5,8,FACTURE,VERSION_2012,\N,\N,2014-04-14,2014-04-15,2011-08-15,\N,,282.04,E,9.18,B,4,\N,\N,12,1947,279.40,279.40,35,RENNES,,\N,14 rue Dupont des Loges,\N,\N,\N,\N,\N,35000,35238,35238,,\N,\N,0,0,\N,0.00,254.00,0.00,0,0,1,0,0,0,0.00,\N,0,0,0.00,0.00,0.00,0.00,0.00,0.00,1,I.CERT,Parc Edonia - Rue de la Terre Victoria 35760 Saint Grégoire,0,0,2014-04-15 11:36:24,-1.672446,48.109315,0.98,housenumber,14 Rue Dupont des Loges 35000 Rennes,35238_2700_00014,14 RUE DUPONT DES LOGES,,V8,1,6.3c bis,Pour  les  autres  bâtiments  non  mentionnés  dans  les  deux  précédents  cas : Consommation par Energie,8_V8_DPE_6.3c_bis.pdf,0,Vente,Vente,1,TR002_004,Bâtiments ou partie de bâtiment à usage principal autre que d'habitation,Non résidentiel,0,5,0,,,,,TR013_012,"W : Administrations, banques, bureaux",1,0,Établissements installés dans un bâtiment,35,35 - Ile et Vilaine,2,1,0,400,5300,53000,79,400.00,,5,-5,418.70,32.90,51.80,66.90,90.00,28.00,41.00,H2,8.08,12.00,33300,3.40,Ea,2,4,1.50,2
872925,1435C2000017G,11370,3,21,Méthode Facture,,\N,\N,2014-04-09,2014-04-15,2011-09-15,,,0.00,N,0.00,N,5,Centres Commerciaux,\N,\N,1947,99.00,99.00,35,Rennes,,,"25, rue Saint-Hélier",,,,,,35000,35238,35238,NC,,,100,2,,90.00,100.00,0.00,0,0,1,0,0,0,0.00,\N,0,0,15.00,0.00,0.00,90.00,90.00,50.00,1,,,1,0,2014-04-15 12:08:42,-1.670391,48.107064,0.98,housenumber,25 Rue Saint-Hélier 35000 Rennes,35238_8670_00025,25 RUE SAINT HELIER,,C2,5,Par énergie,Pour les centres commerciaux,21_C2_DPE_6.b.pdf,0,Centre commercial,Centre commercial,4,TR002_005,Centre Commerciaux,Centres commerciaux,0,4,0,,,,,,,,,,35,35 - Ile et Vilaine,2,1,0,400,5300,53000,79,400.00,,5,-5,418.70,32.90,51.80,66.90,90.00,28.00,41.00,H2,8.08,12.00,33300,3.40,Ea,2,4,1.50,2
874924,1435V4000078Q,2595,5,4,FACTURE,VERSION_2012,\N,\N,2014-04-11,2014-04-15,2011-08-15,\N,,437.96,E,14.25,B,4,\N,\N,\N,1977,1210.00,1210.00,35,CESSON-SÉVIGNÉ,,\N,4 rue des Charmilles ,\N,\N,\N,\N,\N,35510,35051,35051,,\N,\N,0,0,\N,0.00,1100.00,0.00,0,0,1,0,0,0,0.00,\N,0,0,0.00,0.00,0.00,0.00,0.00,0.00,1,SGS,"191, avenue Aristide Briand 94237 CACHAN CEDEX",0,0,2014-04-15 16:53:32,-1.621294,48.105511,0.96,housenumber,4 Rue des Charmilles 35510 Cesson-Sévigné,35051_0164_00004,4 RUE DES CHARMILLES,,V4,1,6.3a bis,"Pour  les  bâtiments  à  usage  principal  de  bureau,  d’administration  ou  d’enseignement : Consommation par Energie",4_V4_DPE_6.3a_bis.pdf,0,Vente,Vente,1,TR002_004,Bâtiments ou partie de bâtiment à usage principal autre que d'habitation,Non résidentiel,0,5,0,,,,,,,,,,35,35 - Ile et Vilaine,2,1,0,400,5300,53000,79,400.00,,5,-5,418.70,32.90,51.80,66.90,90.00,28.00,41.00,H2,8.08,12.00,33300,3.40,Ea,2,4,1.50,2
874927,1435V4000079R,2595,5,4,FACTURE,VERSION_2012,\N,\N,2014-04-11,2014-04-15,2011-08-15,\N,,437.96,E,14.25,B,4,\N,\N,\N,1977,1210.00,1210.00,35,CESSON-SÉVIGNÉ,,\N,4 rue des Charmilles ,\N,\N,\N,\N,\N,35510,35051,35051,,\N,\N,0,0,\N,0.00,1100.00,0.00,0,0,1,0,0,0,0.00,\N,0,0,0.00,0.00,0.00,0.00,0.00,0.00,1,SGS,"191, avenue Aristide Briand 94237 CACHAN CEDEX",0,0,2014-04-15 16:54:11,-1.621294,48.105511,0.96,housenumber,4 Rue des Charmilles 35510 Cesson-Sévigné,35051_0164_00004,4 RUE DES CHARMILLES,,V4,1,6.3a bis,"Pour  les  bâtiments  à  usage  principal  de  bureau,  d’administration  ou  d’enseignement : Consommation par Energie",4_V4_DPE_6.3a_bis.pdf,0,Vente,Vente,1,TR002_004,Bâtiments ou partie de bâtiment à usage principal autre que d'habitation,Non résidentiel,0,5,0,,,,,,,,,,35,35 - Ile et Vilaine,2,1,0,400,5300,53000,79,400.00,,5,-5,418.70,32.90,51.80,66.90,90.00,28.00,41.00,H2,8.08,12.00,33300,3.40,Ea,2,4,1.50,2
875273,1435V8000132L,2595,5,8,FACTURE,VERSION_2012,\N,\N,2014-04-11,2014-04-15,2011-08-15,\N,,410.73,F,13.37,C,4,\N,\N,\N,1982,902.00,902.00,35,CESSON-SÉVIGNÉ,,\N,4 rue des Charmilles ,\N,\N,\N,\N,\N,35510,35051,35051,,\N,\N,0,0,\N,0.00,820.00,0.00,0,0,1,0,0,0,0.00,\N,0,0,0.00,0.00,0.00,0.00,0.00,0.00,1,SGS,"191, avenue Aristide Briand 94237 CACHAN CEDEX",0,0,2014-04-15 17:31:08,-1.621294,48.105511,0.96,housenumber,4 Rue des Charmilles 35510 Cesson-Sévigné,35051_0164_00004,4 RUE DES CHARMILLES,,V8,1,6.3c bis,Pour  les  autres  bâtiments  non  mentionnés  dans  les  deux  précédents  cas : Consommation par Energie,8_V8_DPE_6.3c_bis.pdf,0,Vente,Vente,1,TR002_004,Bâtiments ou partie de bâtiment à usage principal autre que d'habitation,Non résidentiel,0,5,0,,,,,,,,,,35,35 - Ile et Vilaine,2,1,0,400,5300,53000,79,400.00,,5,-5,418.70,32.90,51.80,66.90,90.00,28.00,41.00,H2,8.08,12.00,33300,3.40,Ea,2,4,1.50,2
875457,1435V8000133M,7070,3,8,Méthode Facture,,\N,\N,2014-04-15,2014-04-15,2011-09-15,,,962.00,G,60.00,E,4,"Autres (théâtres, salles de sport, restaurati",\N,\N,1947,88.00,88.00,35,RENNES,,,3 Rue Malakoff ,,,Etage RDC + Etage 1,,,35000,35238,35238,Non communiqué,,\N,\N,2,Partie du rez de chaussée,80.00,100.00,0.00,0,0,1,0,0,0,0.00,\N,0,0,0.00,0.00,0.00,0.00,0.00,0.00,1,Icert,Parc Edonia - Bâtiment G Rue de la Terre Victoria 35760 SAINT GREGOIRE (détail sur www.cofrac.fr programme n°4-4-11),0,0,2014-04-15 17:46:51,-1.693294,48.106022,0.83,street,Rue Malakoff 35000 Rennes,35238_6140,RUE MALAKOFF,,V8,1,6.3c bis,Pour  les  autres  bâtiments  non  mentionnés  dans  les  deux  précédents  cas : Consommation par Energie,8_V8_DPE_6.3c_bis.pdf,0,Vente,Vente,1,TR002_004,Bâtiments ou partie de bâtiment à usage principal autre que d'habitation,Non résidentiel,0,5,0,,,,,,,,,,35,35 - Ile et Vilaine,2,1,0,400,5300,53000,79,400.00,,5,-5,418.70,32.90,51.80,66.90,90.00,28.00,41.00,H2,8.08,12.00,33300,3.40,Ea,2,4,1.50,2
876671,1435V8000135O,4130,2,8,3CL - DPE,V2012,\N,\N,2014-04-09,2014-04-09,2011-08-15,,\N,582.63,G,37.47,D,4,Artisanat,1,12,1975,0.00,0.00,35,NOYAL-SUR-VILAINE,30,\N,5 Avenue du Général De Gaulle,\N,\N,\N,\N,\N,35530,35039,35039,NC,\N,,\N,1,\N,0.00,148.18,0.00,0,1,0,0,0,0,0.00,\N,0,0,0.00,0.00,0.00,0.00,0.00,0.00,1,QUALIXPERT,  ,0,0,2014-04-15 23:54:37,7.3488239,48.0787878,0.74,poi,Avenue du Général de Gaulle (Pont) Colmar,https://osm.org/way/51816915,,,V8,1,6.3c bis,Pour  les  autres  bâtiments  non  mentionnés  dans  les  deux  précédents  cas : Consommation par Energie,8_V8_DPE_6.3c_bis.pdf,0,Vente,Vente,1,TR002_004,Bâtiments ou partie de bâtiment à usage principal autre que d'habitation,Non résidentiel,0,5,0,TR012_001,1ère Catégorie,1er Groupe,0,TR013_012,"W : Administrations, banques, bureaux",1,0,Établissements installés dans un bâtiment,35,35 - Ile et Vilaine,2,1,0,400,5300,53000,79,400.00,,5,-5,418.70,32.90,51.80,66.90,90.00,28.00,41.00,H2,8.08,12.00,33300,3.40,Ea,2,4,1.50,2
878644,1435V4000080J,11370,3,4,Méthode Facture,,\N,\N,2014-04-04,2014-04-16,2011-09-15,,,181.00,C,42.00,D,4,"Bureau, Administration, Enseignement",\N,\N,1,137.50,137.50,35,Rennes,,,"17/18, Square Vercingétorix",,,,,,35000,35238,35238,NC,,\N,\N,1,,125.00,137.00,0.00,0,0,1,0,0,0,0.00,\N,0,0,23.43,0.00,0.00,120.00,120.00,50.00,1,ABCIDIA,4 route de la Noue 91190 GIF SUR YVETTE (détail sur www.cofrac.fr programme n°4-4-11),0,0,2014-04-16 14:34:21,-1.688867,48.104021,0.87,housenumber,18 Square Vercingétorix 35000 Rennes,35238_9456_00018,18 SQUARE VERCINGETORIX,,V4,1,6.3a bis,"Pour  les  bâtiments  à  usage  principal  de  bureau,  d’administration  ou  d’enseignement : Consommation par Energie",4_V4_DPE_6.3a_bis.pdf,0,Vente,Vente,1,TR002_004,Bâtiments ou partie de bâtiment à usage principal autre que d'habitation,Non résidentiel,0,5,0,,,,,,,,,,35,35 - Ile et Vilaine,2,1,0,400,5300,53000,79,400.00,,5,-5,418.70,32.90,51.80,66.90,90.00,28.00,41.00,H2,8.08,12.00,33300,3.40,Ea,2,4,1.50,2
879184,1435V4000084N,11370,3,4,Méthode Facture,,\N,\N,2014-03-04,2014-04-16,2011-09-15,,,345.00,D,11.00,B,4,"Bureau, Administration, Enseignement",\N,\N,1,60.50,60.50,35,Saint-Erblon,,,"2, Avenue Fontaine",,,ST HERBLON GA,,,35230,35032,35032,,,\N,\N,1,,55.00,100.00,0.00,0,0,1,0,0,0,0.00,\N,0,0,4.02,0.00,0.00,55.00,55.00,7.00,1,ABCIDIA,4 route de la Noue 91190 GIF SUR YVETTE (détail sur www.cofrac.fr programme n°4-4-11),0,0,2014-04-16 16:15:08,-1.638955,47.96192,0.44,street,la Fontaine 35230 Bourgbarré,35032_o1yy8p,LA FONTAINE,,V4,1,6.3a bis,"Pour  les  bâtiments  à  usage  principal  de  bureau,  d’administration  ou  d’enseignement : Consommation par Energie",4_V4_DPE_6.3a_bis.pdf,0,Vente,Vente,1,TR002_004,Bâtiments ou partie de bâtiment à usage principal autre que d'habitation,Non résidentiel,0,5,0,,,,,,,,,,35,35 - Ile et Vilaine,2,1,0,400,5300,53000,79,400.00,,5,-5,418.70,32.90,51.80,66.90,90.00,28.00,41.00,H2,8.08,12.00,33300,3.40,Ea,2,4,1.50,2
879304,1435V4000085O,11370,3,4,Méthode Facture,,\N,\N,2014-03-04,2014-04-16,2011-09-15,,,142.00,C,33.00,D,4,"Bureau, Administration, Enseignement",\N,\N,1,260.70,260.70,35,Vern-sur-Seiche,,,"1, Place de la Poste",,,VERN SUR SEICHE,,,35770,35352,35352,,,\N,\N,1,,237.00,100.00,0.00,0,0,1,0,0,0,0.00,\N,0,0,18.10,0.00,0.00,0.00,0.00,90.00,1,ABCIDIA,4 route de la Noue 91190 GIF SUR YVETTE (détail sur www.cofrac.fr programme n°4-4-11),0,0,2014-04-16 16:32:19,-1.603853,48.044873,0.96,housenumber,1 Place de la Poste 35770 Vern-sur-Seiche,35352_0264_00001,1 PLACE DE LA POSTE,,V4,1,6.3a bis,"Pour  les  bâtiments  à  usage  principal  de  bureau,  d’administration  ou  d’enseignement : Consommation par Energie",4_V4_DPE_6.3a_bis.pdf,0,Vente,Vente,1,TR002_004,Bâtiments ou partie de bâtiment à usage principal autre que d'habitation,Non résidentiel,0,5,0,,,,,,,,,,35,35 - Ile et Vilaine,2,1,0,400,5300,53000,79,400.00,,5,-5,418.70,32.90,51.80,66.90,90.00,28.00,41.00,H2,8.08,12.00,33300,3.40,Ea,2,4,1.50,2
883459,1435V8000138R,11370,3,8,Méthode Facture,,\N,\N,2014-04-17,2014-04-17,2011-09-15,,,299.00,E,9.00,B,4,"Autres (théâtres, salles de sport, restaurati",\N,\N,1,209.00,209.00,35,Rennes,,,"265, Rue Châteaugiron",,,,,,35000,35238,35238,NC,,\N,\N,1,,190.00,100.00,0.00,0,0,1,0,0,0,0.00,\N,0,0,19.00,0.00,0.00,190.00,190.00,80.00,1,ABCIDIA,4 route de la Noue 91190 GIF SUR YVETTE (détail sur www.cofrac.fr programme n°4-4-11),0,0,2014-04-17 14:59:00,-1.631766,48.093434,0.86,housenumber,265 Rue de Châteaugiron 35000 Rennes,35238_1800_00265,265 RUE DE CHATEAUGIRON,,V8,1,6.3c bis,Pour  les  autres  bâtiments  non  mentionnés  dans  les  deux  précédents  cas : Consommation par Energie,8_V8_DPE_6.3c_bis.pdf,0,Vente,Vente,1,TR002_004,Bâtiments ou partie de bâtiment à usage principal autre que d'habitation,Non résidentiel,0,5,0,,,,,,,,,,35,35 - Ile et Vilaine,2,1,0,400,5300,53000,79,400.00,,5,-5,418.70,32.90,51.80,66.90,90.00,28.00,41.00,H2,8.08,12.00,33300,3.40,Ea,2,4,1.50,2
883828,1435V8000139S,7642,5,8,FACTURE,VERSION_2012,\N,\N,2014-04-16,2014-04-17,2011-08-15,\N,,38.04,B,1.23,A,4,\N,\N,10,1996,115.50,115.50,35,RENNES,,\N,31 Rue Saint Hélier,\N,\N,\N,\N,\N,35000,35238,35238,,\N,\N,0,0,\N,0.00,105.00,0.00,0,0,1,0,0,0,0.00,\N,0,0,0.00,0.00,0.00,0.00,0.00,0.00,1,ICERT,116 bis rue Eugène Pottier 35500 RENNES,0,0,2014-04-17 15:53:27,-1.669898,48.10697,0.98,housenumber,31 Rue Saint-Hélier 35000 Rennes,35238_8670_00031,31 RUE SAINT HELIER,,V8,1,6.3c bis,Pour  les  autres  bâtiments  non  mentionnés  dans  les  deux  précédents  cas : Consommation par Energie,8_V8_DPE_6.3c_bis.pdf,0,Vente,Vente,1,TR002_004,Bâtiments ou partie de bâtiment à usage principal autre que d'habitation,Non résidentiel,0,5,0,,,,,TR013_010,U : Établissements de soins,1,0,Établissements installés dans un bâtiment,35,35 - Ile et Vilaine,2,1,0,400,5300,53000,79,400.00,,5,-5,418.70,32.90,51.80,66.90,90.00,28.00,41.00,H2,8.08,12.00,33300,3.40,Ea,2,4,1.50,2
887775,1435V4000086P,7070,3,4,Méthode Facture,,\N,\N,2014-04-18,2014-04-18,2011-09-15,,,0.00,N,0.00,N,4,"Bureau, Administration, Enseignement",\N,\N,1,187.00,187.00,35,NOYAL-SUR-VILAINE,,,1 rue Alain Fournier,,,Etage RDC + 1 Etage,,,35530,35039,35039,,,\N,\N,1,,170.00,100.00,0.00,0,0,1,0,0,0,0.00,\N,0,0,0.00,0.00,0.00,0.00,0.00,0.00,1,Icert,Parc Edonia - Bâtiment G Rue de la Terre Victoria 35760 SAINT GREGOIRE (détail sur www.cofrac.fr programme n°4-4-11),1,0,2014-04-18 12:07:30,,,0,,,,,,V4,1,6.3a bis,"Pour  les  bâtiments  à  usage  principal  de  bureau,  d’administration  ou  d’enseignement : Consommation par Energie",4_V4_DPE_6.3a_bis.pdf,0,Vente,Vente,1,TR002_004,Bâtiments ou partie de bâtiment à usage principal autre que d'habitation,Non résidentiel,0,5,0,,,,,,,,,,35,35 - Ile et Vilaine,2,1,0,400,5300,53000,79,400.00,,5,-5,418.70,32.90,51.80,66.90,90.00,28.00,41.00,H2,8.08,12.00,33300,3.40,Ea,2,4,1.50,2
889025,1435V4000088R,7478,5,4,FACTURE,VERSION_2012,\N,\N,2014-04-18,2014-04-18,2011-08-15,\N,,0.00,N,0.00,N,4,\N,\N,3,1947,1045.00,1045.00,35,RENNES,,\N,45 Rue de Dinan,\N,\N,\N,\N,\N,35000,35238,35238,,\N,\N,0,0,\N,0.00,950.00,0.00,0,0,1,0,0,0,0.00,\N,0,0,0.00,0.00,0.00,0.00,0.00,0.00,1,I Cert,Parc Edonia 35760 Saint Gregoire,1,0,2014-04-18 15:54:39,-1.684432,48.115565,0.98,housenumber,45 Rue de Dinan 35000 Rennes,35238_2420_00045,45 RUE DE DINAN,,V4,1,6.3a bis,"Pour  les  bâtiments  à  usage  principal  de  bureau,  d’administration  ou  d’enseignement : Consommation par Energie",4_V4_DPE_6.3a_bis.pdf,0,Vente,Vente,1,TR002_004,Bâtiments ou partie de bâtiment à usage principal autre que d'habitation,Non résidentiel,0,5,0,,,,,TR013_003,"M : Magasins de vente, centres commerciaux",1,0,Établissements installés dans un bâtiment,35,35 - Ile et Vilaine,2,1,0,400,5300,53000,79,400.00,,5,-5,418.70,32.90,51.80,66.90,90.00,28.00,41.00,H2,8.08,12.00,33300,3.40,Ea,2,4,1.50,2
892293,1435V4000091L,2595,5,4,FACTURE,VERSION_2012,\N,\N,2014-04-11,2014-04-21,2011-08-15,\N,,626.92,F,20.41,C,4,\N,\N,12,1977,238.70,238.70,35,SAINT-JACQUES-DE-LA-LANDE,,\N,12 avenue de bellevue,\N,\N,\N,\N,\N,35136,35281,35281,,\N,\N,0,0,\N,0.00,217.00,0.00,0,0,1,0,0,0,0.00,\N,0,0,0.00,0.00,0.00,0.00,0.00,0.00,1,SGS,"191, avenue Aristide Briand 94237 CACHAN CEDEX",0,0,2014-04-21 13:49:42,-1.730533,48.077719,0.96,housenumber,12 Avenue de Bellevue 35136 Saint-Jacques-de-la-Lande,35281_0231_00012,12 AVENUE DE BELLEVUE,,V4,1,6.3a bis,"Pour  les  bâtiments  à  usage  principal  de  bureau,  d’administration  ou  d’enseignement : Consommation par Energie",4_V4_DPE_6.3a_bis.pdf,0,Vente,Vente,1,TR002_004,Bâtiments ou partie de bâtiment à usage principal autre que d'habitation,Non résidentiel,0,5,0,,,,,TR013_012,"W : Administrations, banques, bureaux",1,0,Établissements installés dans un bâtiment,35,35 - Ile et Vilaine,2,1,0,400,5300,53000,79,400.00,,5,-5,418.70,32.90,51.80,66.90,90.00,28.00,41.00,H2,8.08,12.00,33300,3.40,Ea,2,4,1.50,2
892305,1435V4000092M,2595,5,4,FACTURE,VERSION_2012,\N,\N,2014-04-11,2014-04-21,2011-08-15,\N,,626.94,F,20.41,C,4,\N,\N,3,1974,22.00,22.00,35,SAINT-JACQUES-DE-LA-LANDE,,\N,12 avenue de bellevue,\N,\N,\N,\N,\N,35136,35281,35281,,\N,\N,0,0,\N,0.00,20.00,0.00,0,0,1,0,0,0,0.00,\N,0,0,0.00,0.00,0.00,0.00,0.00,0.00,1,SGS,"191, avenue Aristide Briand 94237 CACHAN CEDEX",0,0,2014-04-21 14:03:06,-1.730533,48.077719,0.96,housenumber,12 Avenue de Bellevue 35136 Saint-Jacques-de-la-Lande,35281_0231_00012,12 AVENUE DE BELLEVUE,,V4,1,6.3a bis,"Pour  les  bâtiments  à  usage  principal  de  bureau,  d’administration  ou  d’enseignement : Consommation par Energie",4_V4_DPE_6.3a_bis.pdf,0,Vente,Vente,1,TR002_004,Bâtiments ou partie de bâtiment à usage principal autre que d'habitation,Non résidentiel,0,5,0,,,,,TR013_003,"M : Magasins de vente, centres commerciaux",1,0,Établissements installés dans un bâtiment,35,35 - Ile et Vilaine,2,1,0,400,5300,53000,79,400.00,,5,-5,418.70,32.90,51.80,66.90,90.00,28.00,41.00,H2,8.08,12.00,33300,3.40,Ea,2,4,1.50,2
895537,1435V8000143N,8849,2,8,3CL - DPE,V2012,\N,\N,2014-04-22,2014-04-22,2011-08-15,,\N,325.31,E,10.59,B,4,Commerce,\N,\N,1980,0.00,0.00,35,CESSON-SÉVIGNÉ,10,\N,"10, place de l'Eglise",\N,\N,\N,Rez de chaussée,\N,35510,35051,35051,NC,\N,,\N,2,,0.00,0.00,0.00,0,1,0,0,0,0,0.00,\N,0,0,0.00,0.00,0.00,0.00,0.00,0.00,1,"ICERT 116b, rue Eugène Pottier 35000 RENNES",  ,0,0,2014-04-22 18:30:24,-1.604326,48.116806,0.96,housenumber,10 Place de l'Eglise 35510 Cesson-Sévigné,35051_0204_00010,10 PLACE DE L EGLISE,,V8,1,6.3c bis,Pour  les  autres  bâtiments  non  mentionnés  dans  les  deux  précédents  cas : Consommation par Energie,8_V8_DPE_6.3c_bis.pdf,0,Vente,Vente,1,TR002_004,Bâtiments ou partie de bâtiment à usage principal autre que d'habitation,Non résidentiel,0,5,0,,,,,,,,,,35,35 - Ile et Vilaine,2,1,0,400,5300,53000,79,400.00,,5,-5,418.70,32.90,51.80,66.90,90.00,28.00,41.00,H2,8.08,12.00,33300,3.40,Ea,2,4,1.50,2
897144,1435C2000018H,9288,3,21,Méthode Facture,,\N,\N,2014-04-22,2014-04-22,2011-09-15,,,458.00,G,14.00,B,5,Centres Commerciaux,\N,\N,1947,88.00,88.00,35,RENNES,,,"11, quai Chateaubriand",,,Etage RDC; Porte 1,,,35000,35238,35238,Non communiqué,,,60,1,,80.00,60.00,0.00,0,0,1,0,0,0,0.00,\N,0,0,2.00,0.00,0.00,1.00,1.00,2.00,1,SOCOTEC Certification,3 avenue du Centre Les Quadrants 78280 GUYANCOURT (détail sur www.cofrac.fr programme n°4-4-11),0,0,2014-04-22 22:54:46,-1.676739,48.11027,0.97,housenumber,11 Quai Chateaubriand 35000 Rennes,35238_1780_00011,11 QUAI CHATEAUBRIAND,,C2,5,Par énergie,Pour les centres commerciaux,21_C2_DPE_6.b.pdf,0,Centre commercial,Centre commercial,4,TR002_005,Centre Commerciaux,Centres commerciaux,0,4,0,,,,,,,,,,35,35 - Ile et Vilaine,2,1,0,400,5300,53000,79,400.00,,5,-5,418.70,32.90,51.80,66.90,90.00,28.00,41.00,H2,8.08,12.00,33300,3.40,Ea,2,4,1.50,2
898191,1435V8000144O,2465,5,8,FACTURE,VERSION_2012,\N,\N,2014-04-22,2014-04-23,2011-08-15,\N,,331.66,E,10.79,B,4,\N,5,3,1947,48.40,48.40,35,RENNES,,\N,71 boulevard de Strasbourg,\N,\N,\N,\N,\N,35000,35238,35238,,\N,\N,0,0,\N,0.00,44.00,0.00,0,0,1,0,0,0,0.00,\N,0,0,0.00,0.00,0.00,0.00,0.00,0.00,1,I.CERT,Parc Edonia - Rue de la Terre Victoria 35760 Saint Grégoire,0,0,2014-04-23 10:36:36,-1.65711,48.114397,0.98,housenumber,71 Boulevard de Strasbourg 35000 Rennes,35238_9120_00071,71 BOULEVARD DE STRASBOURG,,V8,1,6.3c bis,Pour  les  autres  bâtiments  non  mentionnés  dans  les  deux  précédents  cas : Consommation par Energie,8_V8_DPE_6.3c_bis.pdf,0,Vente,Vente,1,TR002_004,Bâtiments ou partie de bâtiment à usage principal autre que d'habitation,Non résidentiel,0,5,0,TR012_005,5ème Catégorie,2ème Groupe,0,TR013_003,"M : Magasins de vente, centres commerciaux",1,0,Établissements installés dans un bâtiment,35,35 - Ile et Vilaine,2,1,0,400,5300,53000,79,400.00,,5,-5,418.70,32.90,51.80,66.90,90.00,28.00,41.00,H2,8.08,12.00,33300,3.40,Ea,2,4,1.50,2
898487,1435V8000145P,2465,5,8,FACTURE,VERSION_2012,\N,\N,2014-04-15,2014-04-23,2011-08-15,\N,,0.00,N,0.00,N,4,\N,\N,12,2000,155.10,155.10,35,RENNES,,\N,9 rue Louis Kerautret Botmel,\N,\N,\N,\N,\N,35000,35238,35238,,\N,\N,0,0,\N,0.00,141.00,0.00,0,0,1,0,0,0,0.00,\N,0,0,0.00,0.00,0.00,0.00,0.00,0.00,1,I.CERT,Parc Edonia - Rue de la Terre Victoria 35760 Saint Grégoire,1,0,2014-04-23 11:18:32,-1.632486,48.092851,0.98,housenumber,9 Rue Louis Kérautret-Botmel 35000 Rennes,35238_5922_00009,9 RUE LOUIS KERAUTRET BOTMEL,,V8,1,6.3c bis,Pour  les  autres  bâtiments  non  mentionnés  dans  les  deux  précédents  cas : Consommation par Energie,8_V8_DPE_6.3c_bis.pdf,0,Vente,Vente,1,TR002_004,Bâtiments ou partie de bâtiment à usage principal autre que d'habitation,Non résidentiel,0,5,0,,,,,TR013_012,"W : Administrations, banques, bureaux",1,0,Établissements installés dans un bâtiment,35,35 - Ile et Vilaine,2,1,0,400,5300,53000,79,400.00,,5,-5,418.70,32.90,51.80,66.90,90.00,28.00,41.00,H2,8.08,12.00,33300,3.40,Ea,2,4,1.50,2
898528,1435V8000146Q,2465,5,8,FACTURE,VERSION_2012,\N,\N,2014-04-15,2014-04-23,2011-08-15,\N,,0.00,N,0.00,N,4,\N,\N,12,2000,155.10,155.10,35,RENNES,,\N,9 rue Louis Kerautret Botmel,\N,\N,\N,\N,\N,35000,35238,35238,,\N,\N,0,0,\N,0.00,141.00,0.00,0,0,1,0,0,0,0.00,\N,0,0,0.00,0.00,0.00,0.00,0.00,0.00,1,I.CERT,Parc Edonia - Rue de la Terre Victoria 35760 Saint Grégoire,1,0,2014-04-23 11:26:09,-1.632486,48.092851,0.98,housenumber,9 Rue Louis Kérautret-Botmel 35000 Rennes,35238_5922_00009,9 RUE LOUIS KERAUTRET BOTMEL,,V8,1,6.3c bis,Pour  les  autres  bâtiments  non  mentionnés  dans  les  deux  précédents  cas : Consommation par Energie,8_V8_DPE_6.3c_bis.pdf,0,Vente,Vente,1,TR002_004,Bâtiments ou partie de bâtiment à usage principal autre que d'habitation,Non résidentiel,0,5,0,,,,,TR013_012,"W : Administrations, banques, bureaux",1,0,Établissements installés dans un bâtiment,35,35 - Ile et Vilaine,2,1,0,400,5300,53000,79,400.00,,5,-5,418.70,32.90,51.80,66.90,90.00,28.00,41.00,H2,8.08,12.00,33300,3.40,Ea,2,4,1.50,2
898855,1435V4000097R,7478,5,4,FACTURE,VERSION_2012,\N,\N,2014-04-23,2014-04-23,2011-08-15,\N,,0.00,N,0.00,N,4,\N,5,3,1936,64.90,64.90,35,RENNES,,\N,200 RUE DE SAINT MALO,\N,\N,\N,\N,\N,35000,35238,35238,,\N,\N,0,0,\N,0.00,59.00,0.00,0,0,1,0,0,0,0.00,\N,0,0,0.00,0.00,0.00,0.00,0.00,0.00,1,I Cert,Parc Edonia 35760 Saint Gregoire,1,0,2014-04-23 12:11:23,-1.683888,48.122416,0.98,housenumber,200 Rue de Saint-Malo 35000 Rennes,35238_8730_00200,200 RUE DE SAINT MALO,,V4,1,6.3a bis,"Pour  les  bâtiments  à  usage  principal  de  bureau,  d’administration  ou  d’enseignement : Consommation par Energie",4_V4_DPE_6.3a_bis.pdf,0,Vente,Vente,1,TR002_004,Bâtiments ou partie de bâtiment à usage principal autre que d'habitation,Non résidentiel,0,5,0,TR012_005,5ème Catégorie,2ème Groupe,0,TR013_003,"M : Magasins de vente, centres commerciaux",1,0,Établissements installés dans un bâtiment,35,35 - Ile et Vilaine,2,1,0,400,5300,53000,79,400.00,,5,-5,418.70,32.90,51.80,66.90,90.00,28.00,41.00,H2,8.08,12.00,33300,3.40,Ea,2,4,1.50,2
900119,1435V8000147R,8849,2,8,3CL - DPE,V2012,\N,\N,2014-04-23,2014-04-23,2011-08-15,,\N,507.57,F,65.10,E,4,Commerce,\N,\N,1900,0.00,0.00,35,RENNES,00,\N,"2, quai Emile Zola",\N,\N,\N,Rez de chaussée,\N,35000,35238,35238,NC,\N,,\N,2,,0.00,0.00,0.00,0,1,0,0,0,0,0.00,\N,0,0,0.00,0.00,0.00,0.00,0.00,0.00,1,"ICERT 116b, rue Eugène Pottier 35000 RENNES",  ,0,0,2014-04-23 16:23:10,-1.677316,48.109787,0.97,housenumber,2 Quai Emile Zola 35000 Rennes,35238_2870_00002,2 QUAI EMILE ZOLA,,V8,1,6.3c bis,Pour  les  autres  bâtiments  non  mentionnés  dans  les  deux  précédents  cas : Consommation par Energie,8_V8_DPE_6.3c_bis.pdf,0,Vente,Vente,1,TR002_004,Bâtiments ou partie de bâtiment à usage principal autre que d'habitation,Non résidentiel,0,5,0,,,,,,,,,,35,35 - Ile et Vilaine,2,1,0,400,5300,53000,79,400.00,,5,-5,418.70,32.90,51.80,66.90,90.00,28.00,41.00,H2,8.08,12.00,33300,3.40,Ea,2,4,1.50,2
905194,1435V8000149T,1870,3,8,Méthode Facture,,\N,\N,2014-04-24,2014-04-24,2011-09-15,,,0.00,N,0.00,N,4,"Autres (théâtres, salles de sport, restaurati",\N,\N,1,72.60,72.60,35,CHANTEPIE,,,Place Rosa Parks Zac des Rives du Blosne,,,Etage RDC,,,35135,35055,35055,A2,,\N,\N,2,,66.00,100.00,0.00,0,0,1,0,0,0,0.00,\N,0,0,0.00,0.00,0.00,0.00,0.00,0.00,1,ICERT,Parc Edonia - Bâtiment G Rue de la Terre Victoria 35760 SAINT GREGOIRE (détail sur www.cofrac.fr programme n°4-4-11),1,0,2014-04-24 17:27:50,-1.604262,48.08552,0.39,street,Place Rosa Parks 35135 Chantepie,35055_0480,PLACE ROSA PARKS,,V8,1,6.3c bis,Pour  les  autres  bâtiments  non  mentionnés  dans  les  deux  précédents  cas : Consommation par Energie,8_V8_DPE_6.3c_bis.pdf,0,Vente,Vente,1,TR002_004,Bâtiments ou partie de bâtiment à usage principal autre que d'habitation,Non résidentiel,0,5,0,,,,,,,,,,35,35 - Ile et Vilaine,2,1,0,400,5300,53000,79,400.00,,5,-5,418.70,32.90,51.80,66.90,90.00,28.00,41.00,H2,8.08,12.00,33300,3.40,Ea,2,4,1.50,2
908730,1435V7000040I,8849,2,7,3CL - DPE,V2012,\N,\N,2014-04-25,2014-04-25,2011-08-15,,\N,0.00,N,0.00,N,4,Bureaux,\N,\N,1990,0.00,0.00,35,VEZIN-LE-COQUET,32,\N,"1, rue de la Fontaine Montigné",\N,\N,\N,Rez de chaussée,\N,35132,35353,35353,NC,\N,,\N,2,,0.00,0.00,0.00,0,1,0,0,0,0,0.00,\N,0,0,0.00,0.00,0.00,0.00,0.00,0.00,1,"ICERT 116b, rue Eugène Pottier 35000 RENNES",  ,1,0,2014-04-25 14:24:13,-1.742424,48.105365,0.85,housenumber,1 Rue Fontaine de Montigné 35132 Vezin-le-Coquet,35353_0090_00001,1 RUE FONTAINE DE MONTIGNE,,V7,1,6.3c,Pour  les  autres  bâtiments  non  mentionnés  dans  les  deux  précédents  cas : Consommation par Usage,7_V7_DPE_6.3c.pdf,0,Vente,Vente,1,TR002_004,Bâtiments ou partie de bâtiment à usage principal autre que d'habitation,Non résidentiel,0,5,0,,,,,,,,,,35,35 - Ile et Vilaine,2,1,0,400,5300,53000,79,400.00,,5,-5,418.70,32.90,51.80,66.90,90.00,28.00,41.00,H2,8.08,12.00,33300,3.40,Ea,2,4,1.50,2
909987,1435V8000151M,7070,3,8,Méthode Facture,,\N,\N,2014-04-25,2014-04-25,2011-09-15,,,0.00,N,0.00,N,4,"Autres (théâtres, salles de sport, restaurati",\N,\N,1947,55.96,55.96,35,RENNES,,,11 Place Hoche,,,Etage RDC,,,35000,35238,35238,Non communiqué,,\N,\N,2,Partie du rez de chaussée,50.87,100.00,0.00,0,0,1,0,0,0,0.00,\N,0,0,0.00,0.00,0.00,0.00,0.00,0.00,1,Icert,Parc Edonia - Bâtiment G Rue de la Terre Victoria 35760 SAINT GREGOIRE (détail sur www.cofrac.fr programme n°4-4-11),1,0,2014-04-25 17:29:39,-1.67675,48.115158,0.97,housenumber,11 Place Hoche 35000 Rennes,35238_4460_00011,11 PLACE HOCHE,,V8,1,6.3c bis,Pour  les  autres  bâtiments  non  mentionnés  dans  les  deux  précédents  cas : Consommation par Energie,8_V8_DPE_6.3c_bis.pdf,0,Vente,Vente,1,TR002_004,Bâtiments ou partie de bâtiment à usage principal autre que d'habitation,Non résidentiel,0,5,0,,,,,,,,,,35,35 - Ile et Vilaine,2,1,0,400,5300,53000,79,400.00,,5,-5,418.70,32.90,51.80,66.90,90.00,28.00,41.00,H2,8.08,12.00,33300,3.40,Ea,2,4,1.50,2
910144,1435V8000152N,7070,3,8,Méthode Facture,,\N,\N,2014-04-25,2014-04-25,2011-09-15,,,0.00,N,0.00,N,4,"Autres (théâtres, salles de sport, restaurati",\N,\N,1947,93.50,93.50,35,RENNES,,,39 boulevard de la Liberté,,,Etage RDC,,,35000,35238,35238,Non communiqué,,\N,\N,2,Partie du rez de chaussée,85.00,100.00,0.00,0,0,1,0,0,0,0.00,\N,0,0,0.00,0.00,0.00,0.00,0.00,0.00,1,Icert,Parc Edonia - Bâtiment G Rue de la Terre Victoria 35760 SAINT GREGOIRE (détail sur www.cofrac.fr programme n°4-4-11),1,0,2014-04-25 17:51:59,-1.681501,48.107622,0.98,housenumber,39 Boulevard de la Liberté 35000 Rennes,35238_5700_00039,39 BOULEVARD DE LA LIBERTE,,V8,1,6.3c bis,Pour  les  autres  bâtiments  non  mentionnés  dans  les  deux  précédents  cas : Consommation par Energie,8_V8_DPE_6.3c_bis.pdf,0,Vente,Vente,1,TR002_004,Bâtiments ou partie de bâtiment à usage principal autre que d'habitation,Non résidentiel,0,5,0,,,,,,,,,,35,35 - Ile et Vilaine,2,1,0,400,5300,53000,79,400.00,,5,-5,418.70,32.90,51.80,66.90,90.00,28.00,41.00,H2,8.08,12.00,33300,3.40,Ea,2,4,1.50,2
914581,1435N2000007Y,1326,10,12,FACTURE - DPE,V2012,Th-CE 2005,,2014-02-21,2014-04-28,2011-08-15,N° affaire SOCOTEC : DAT1407 Le DPE a été établi en prenant en compte des résultats de la note de calcul thermique RT 2005 du BE CAP TERRE du 25/04/2014.  ,,59.91,B,11.59,C,4,Résidence Hôtelière,\N,\N,2014,\N,\N,35,CESSON-SEVIGNE,00,,LODGE ST GERMAIN,,,,,,35510,35051,35051,,,,,\N,,\N,\N,\N,\N,\N,\N,\N,\N,\N,\N,,\N,\N,\N,\N,\N,\N,\N,\N,1,SOCOTEC CERTIFICATION,89/93 Avenue Paul Vaillant Couturier 94250 Gentilly,0,0,2014-04-28 11:40:53,-1.618412,48.132565,0.4,locality,Rue Sophie Germain 35510 Cesson-Sévigné,35051_0681,RUE SOPHIE GERMAIN,,N2,3,6.2 neuf,Pour  les  bâtiments  à  usage  autre  que  d’habitation,12_N2_DPE_6.2_neuf.pdf,0,Neuf,Neuf,3,TR002_004,Bâtiments ou partie de bâtiment à usage principal autre que d'habitation,Non résidentiel,0,5,0,,,,,,,,,,35,35 - Ile et Vilaine,2,1,0,400,5300,53000,79,400.00,,5,-5,418.70,32.90,51.80,66.90,90.00,28.00,41.00,H2,8.08,12.00,33300,3.40,Ea,2,4,1.50,2
915600,1435P2000001U,2211,3,15,Méthode Facture,,15 Août 2011,15 Août 2011,2014-04-25,2014-04-25,2011-09-15,,,104.00,D,3.00,C,4,"Bureau, Administration, Enseignement",\N,\N,1,146.54,146.54,35,CHARTRES-DE-BRETAGNE,,,"10, rue Léo LAGARANGE",,,Bât. A; Etage RDC; Plateau droit,,,35131,35066,35066,Non communiqué,,\N,\N,2,RDC droit,146.54,100.00,0.00,0,0,1,0,0,0,0.00,\N,0,0,0.00,0.00,0.00,0.00,0.00,0.00,1,ICERT,Parc Edonia - Bâtiment G Rue de la Terre Victoria 35760 SAINT GREGOIRE (détail sur www.cofrac.fr programme n°4-4-11),0,0,2014-04-28 15:17:48,-1.692453,48.038409,0.82,housenumber,10 Rue Léo Lagrange 35131 Chartres-de-Bretagne,35066_0238_00010,10 RUE LEO LAGRANGE,,P2,2,6.1 bis public,"Pour les bâtiments à usage principal de bureau, d’administration ou d’enseignement : Consommation par Energie",15_P2_DPE_6.1_public_bis.pdf,0,Public,Bâtiment public,5,TR002_004,Bâtiments ou partie de bâtiment à usage principal autre que d'habitation,Non résidentiel,0,5,0,,,,,,,,,,35,35 - Ile et Vilaine,2,1,0,400,5300,53000,79,400.00,,5,-5,418.70,32.90,51.80,66.90,90.00,28.00,41.00,H2,8.08,12.00,33300,3.40,Ea,2,4,1.50,2
920865,1435V8000155Q,6160,5,8,FACTURE,VERSION_2012,\N,\N,2014-04-29,2014-04-29,2011-08-15,\N,,482.40,F,15.70,C,4,\N,\N,3,1947,89.98,89.98,35,RENNES,,\N,8 rue de Toulouse,\N,\N,\N,\N,\N,35000,35238,35238,,\N,\N,0,0,\N,0.00,81.80,0.00,0,0,1,0,0,0,0.00,\N,0,0,0.00,0.00,0.00,0.00,0.00,0.00,1,ICERT,Parc Edonia - Bât G - Rue de la Terre Victoria - 35760 SAINT-GREGOIRE,0,0,2014-04-29 17:04:45,-1.680991,48.112478,0.97,housenumber,8 Rue de Toulouse 35000 Rennes,35238_9290_00008,8 RUE DE TOULOUSE,,V8,1,6.3c bis,Pour  les  autres  bâtiments  non  mentionnés  dans  les  deux  précédents  cas : Consommation par Energie,8_V8_DPE_6.3c_bis.pdf,0,Vente,Vente,1,TR002_004,Bâtiments ou partie de bâtiment à usage principal autre que d'habitation,Non résidentiel,0,5,0,,,,,TR013_003,"M : Magasins de vente, centres commerciaux",1,0,Établissements installés dans un bâtiment,35,35 - Ile et Vilaine,2,1,0,400,5300,53000,79,400.00,,5,-5,418.70,32.90,51.80,66.90,90.00,28.00,41.00,H2,8.08,12.00,33300,3.40,Ea,2,4,1.50,2
922245,1435V4000103F,5058,3,4,Méthode Facture,,\N,\N,2014-04-29,2014-04-29,2011-09-15,,,144.00,C,4.00,A,4,"Bureau, Administration, Enseignement",\N,\N,1,181.50,181.50,35,LE RHEU,,,ZAC DES CORMIERS IMMEUBLE LE STERENN- 11 RUE DES ORCHIDEES,,,,,,35650,35240,35240,Non communiqué(s),,\N,\N,2,,165.00,100.00,0.00,0,0,1,0,0,0,0.00,\N,0,0,0.00,28.31,0.00,165.00,165.00,126.00,1,C147 DELIVRE LE 27/09/2013 QUALIXPERT 17 RUE BORREL 81100 CASTRES,17 rue Borrel 81100 CASTRES (détail sur www.cofrac.fr programme n°4-4-11),0,0,2014-04-29 21:57:26,-1.790466,48.088798,0.42,housenumber,11 Rue des Orchidées 35650 Le Rheu,35240_0398_00011,11 RUE DES ORCHIDEES,,V4,1,6.3a bis,"Pour  les  bâtiments  à  usage  principal  de  bureau,  d’administration  ou  d’enseignement : Consommation par Energie",4_V4_DPE_6.3a_bis.pdf,0,Vente,Vente,1,TR002_004,Bâtiments ou partie de bâtiment à usage principal autre que d'habitation,Non résidentiel,0,5,0,,,,,,,,,,35,35 - Ile et Vilaine,2,1,0,400,5300,53000,79,400.00,,5,-5,418.70,32.90,51.80,66.90,90.00,28.00,41.00,H2,8.08,12.00,33300,3.40,Ea,2,4,1.50,2
922339,1435V4000104G,5058,3,4,Méthode Facture,,\N,\N,2014-04-29,2014-04-29,2011-09-15,,,144.00,C,4.00,A,4,"Bureau, Administration, Enseignement",\N,\N,1,181.50,181.50,35,LE RHEU,,,ZAC DES CORMIERS IMMEUBLE LE STERENN- 11 RUE DES ORCHIDEES,,,,,,35650,35240,35240,Non communiqué(s),,\N,\N,2,,165.00,100.00,0.00,0,0,1,0,0,0,0.00,\N,0,0,0.00,28.31,0.00,165.00,165.00,126.00,1,C147 DELIVRE LE 27/09/2013 QUALIXPERT 17 RUE BORREL 81100 CASTRES,17 rue Borrel 81100 CASTRES (détail sur www.cofrac.fr programme n°4-4-11),0,0,2014-04-29 22:32:35,-1.790466,48.088798,0.42,housenumber,11 Rue des Orchidées 35650 Le Rheu,35240_0398_00011,11 RUE DES ORCHIDEES,,V4,1,6.3a bis,"Pour  les  bâtiments  à  usage  principal  de  bureau,  d’administration  ou  d’enseignement : Consommation par Energie",4_V4_DPE_6.3a_bis.pdf,0,Vente,Vente,1,TR002_004,Bâtiments ou partie de bâtiment à usage principal autre que d'habitation,Non résidentiel,0,5,0,,,,,,,,,,35,35 - Ile et Vilaine,2,1,0,400,5300,53000,79,400.00,,5,-5,418.70,32.90,51.80,66.90,90.00,28.00,41.00,H2,8.08,12.00,33300,3.40,Ea,2,4,1.50,2
925239,1435V7000041J,6644,3,7,Méthode Facture,,\N,\N,2014-04-24,2014-04-30,2011-09-15,,,396.00,F,12.00,C,4,"Autres (théâtres, salles de sport, restaurati",\N,\N,1,121.00,121.00,35,CHARTRES-DE-BRETAGNE,,,9 rue du village de la métairie,,,,,,35131,35066,35066,Non communiqué,,\N,\N,2,,110.00,100.00,0.00,0,0,2,0,0,0,0.00,\N,0,0,4.00,9.52,0.00,412.00,412.00,486.00,1,ICERT,Parc Edonia - Bâtiment G Rue de la Terre Victoria 35760 SAINT GREGOIRE (détail sur www.cofrac.fr programme n°4-4-11),0,0,2014-04-30 16:14:24,-1.711028,48.047467,0.96,housenumber,9 Rue du Village de la Métairie 35131 Chartres-de-Bretagne,35066_0402_00009,9 RUE DU VILLAGE DE LA METAIRIE,,V7,1,6.3c,Pour  les  autres  bâtiments  non  mentionnés  dans  les  deux  précédents  cas : Consommation par Usage,7_V7_DPE_6.3c.pdf,0,Vente,Vente,1,TR002_004,Bâtiments ou partie de bâtiment à usage principal autre que d'habitation,Non résidentiel,0,5,0,,,,,,,,,,35,35 - Ile et Vilaine,2,1,0,400,5300,53000,79,400.00,,5,-5,418.70,32.90,51.80,66.90,90.00,28.00,41.00,H2,8.08,12.00,33300,3.40,Ea,2,4,1.50,2
925280,1435V8000156R,7070,3,8,Méthode Facture,,\N,\N,2014-04-30,2014-04-30,2011-09-15,,,139.00,C,22.00,C,4,"Autres (théâtres, salles de sport, restaurati",\N,\N,1,294.80,294.80,35,CESSON-SÉVIGNÉ,,,8 Rue du Bas Village,,,Ce bien ne fait pas partie d'une copropriété,,,35510,35051,35051,,,\N,\N,1,,268.00,100.00,0.00,0,0,1,0,0,0,0.00,\N,0,0,0.00,0.00,0.00,0.00,0.00,0.00,1,Icert,Parc Edonia - Bâtiment G Rue de la Terre Victoria 35760 SAINT GREGOIRE (détail sur www.cofrac.fr programme n°4-4-11),0,0,2014-04-30 16:21:24,-1.628626,48.103848,0.96,housenumber,8 Rue du Bas Village 35510 Cesson-Sévigné,35051_0030_00008,8 RUE DU BAS VILLAGE,,V8,1,6.3c bis,Pour  les  autres  bâtiments  non  mentionnés  dans  les  deux  précédents  cas : Consommation par Energie,8_V8_DPE_6.3c_bis.pdf,0,Vente,Vente,1,TR002_004,Bâtiments ou partie de bâtiment à usage principal autre que d'habitation,Non résidentiel,0,5,0,,,,,,,,,,35,35 - Ile et Vilaine,2,1,0,400,5300,53000,79,400.00,,5,-5,418.70,32.90,51.80,66.90,90.00,28.00,41.00,H2,8.08,12.00,33300,3.40,Ea,2,4,1.50,2
925949,1435V8000157S,7070,3,8,Méthode Facture,,\N,\N,2014-04-25,2014-04-30,2011-09-15,,,940.00,G,100.00,G,4,"Autres (théâtres, salles de sport, restaurati",\N,\N,1947,93.50,93.50,35,RENNES,,,39 boulevard de la Liberté,,,Etage RDC,,,35000,35238,35238,Non communiqué,,\N,\N,2,Partie du rez de chaussée,85.00,100.00,0.00,0,0,1,0,0,0,0.00,\N,0,0,0.00,0.00,0.00,0.00,0.00,0.00,1,Icert,Parc Edonia - Bâtiment G Rue de la Terre Victoria 35760 SAINT GREGOIRE (détail sur www.cofrac.fr programme n°4-4-11),0,0,2014-04-30 18:08:33,-1.681501,48.107622,0.98,housenumber,39 Boulevard de la Liberté 35000 Rennes,35238_5700_00039,39 BOULEVARD DE LA LIBERTE,,V8,1,6.3c bis,Pour  les  autres  bâtiments  non  mentionnés  dans  les  deux  précédents  cas : Consommation par Energie,8_V8_DPE_6.3c_bis.pdf,0,Vente,Vente,1,TR002_004,Bâtiments ou partie de bâtiment à usage principal autre que d'habitation,Non résidentiel,0,5,0,,,,,,,,,,35,35 - Ile et Vilaine,2,1,0,400,5300,53000,79,400.00,,5,-5,418.70,32.90,51.80,66.90,90.00,28.00,41.00,H2,8.08,12.00,33300,3.40,Ea,2,4,1.50,2
937875,1435V8000162O,8849,2,8,3CL - DPE,V2012,\N,\N,2014-05-06,2014-05-06,2011-08-15,,\N,1067.64,G,34.76,D,4,Habitation (Parties privatives d'immeuble col,\N,\N,1900,0.00,0.00,35,RENNES,00,\N,"19, quai Lamartine",\N,\N,\N,Rez de chaussée,\N,35000,35238,35238,NC,\N,,\N,2,,0.00,0.00,0.00,0,1,0,0,0,0,0.00,\N,0,0,0.00,0.00,0.00,0.00,0.00,0.00,1,"ICERT 116b, rue Eugène Pottier 35000 RENNES",  ,0,0,2014-05-06 15:04:36,-1.678188,48.110266,0.97,housenumber,19 Quai Lamartine 35000 Rennes,35238_5280_00019,19 QUAI LAMARTINE,,V8,1,6.3c bis,Pour  les  autres  bâtiments  non  mentionnés  dans  les  deux  précédents  cas : Consommation par Energie,8_V8_DPE_6.3c_bis.pdf,0,Vente,Vente,1,TR002_004,Bâtiments ou partie de bâtiment à usage principal autre que d'habitation,Non résidentiel,0,5,0,,,,,,,,,,35,35 - Ile et Vilaine,2,1,0,400,5300,53000,79,400.00,,5,-5,418.70,32.90,51.80,66.90,90.00,28.00,41.00,H2,8.08,12.00,33300,3.40,Ea,2,4,1.50,2
938107,1435V4000105H,11370,3,4,Méthode Facture,,\N,\N,2014-02-19,2014-05-06,2011-09-15,,,291.00,D,68.00,E,4,"Bureau, Administration, Enseignement",\N,\N,1,1811.70,1811.70,35,Rennes,,,19;20;23 RUE DE LA RETARDAIS,,,RENNES RETARDAIS,,,35000,35238,35238,,,\N,\N,1,,1647.00,100.00,0.00,0,0,3,0,0,0,0.00,\N,0,0,10.00,0.00,0.00,565.00,500.00,244.00,1,ABCIDIA,4 route de la Noue 91190 GIF SUR YVETTE (détail sur www.cofrac.fr programme n°4-4-11),0,0,2014-05-06 15:53:43,-1.729542,48.106255,0.77,housenumber,23 Rue de la Retardais 35000 Rennes,35238_8305_00023,23 RUE DE LA RETARDAIS,,V4,1,6.3a bis,"Pour  les  bâtiments  à  usage  principal  de  bureau,  d’administration  ou  d’enseignement : Consommation par Energie",4_V4_DPE_6.3a_bis.pdf,0,Vente,Vente,1,TR002_004,Bâtiments ou partie de bâtiment à usage principal autre que d'habitation,Non résidentiel,0,5,0,,,,,,,,,,35,35 - Ile et Vilaine,2,1,0,400,5300,53000,79,400.00,,5,-5,418.70,32.90,51.80,66.90,90.00,28.00,41.00,H2,8.08,12.00,33300,3.40,Ea,2,4,1.50,2
938117,1435V4000106I,11370,3,4,Méthode Facture,,\N,\N,2014-02-19,2014-05-06,2011-09-15,,,291.00,D,68.00,E,4,"Bureau, Administration, Enseignement",\N,\N,1,1811.70,1811.70,35,Rennes,,,19;20;23 RUE DE LA RETARDAIS,,,RENNES RETARDAIS,,,35000,35238,35238,,,\N,\N,1,,1647.00,100.00,0.00,0,0,3,0,0,0,0.00,\N,0,0,10.00,0.00,0.00,565.00,500.00,244.00,1,ABCIDIA,4 route de la Noue 91190 GIF SUR YVETTE (détail sur www.cofrac.fr programme n°4-4-11),0,0,2014-05-06 15:54:25,-1.729542,48.106255,0.77,housenumber,23 Rue de la Retardais 35000 Rennes,35238_8305_00023,23 RUE DE LA RETARDAIS,,V4,1,6.3a bis,"Pour  les  bâtiments  à  usage  principal  de  bureau,  d’administration  ou  d’enseignement : Consommation par Energie",4_V4_DPE_6.3a_bis.pdf,0,Vente,Vente,1,TR002_004,Bâtiments ou partie de bâtiment à usage principal autre que d'habitation,Non résidentiel,0,5,0,,,,,,,,,,35,35 - Ile et Vilaine,2,1,0,400,5300,53000,79,400.00,,5,-5,418.70,32.90,51.80,66.90,90.00,28.00,41.00,H2,8.08,12.00,33300,3.40,Ea,2,4,1.50,2
941544,1435V8000163P,4811,5,8,FACTURE,VERSION_2012,\N,\N,2014-04-01,2014-05-07,2011-08-15,\N,,701.19,G,88.63,F,4,\N,5,3,1940,169.40,169.40,35,RENNES,,\N,4 Rue Descartes,\N,\N,\N,\N,\N,35000,35238,35238,,\N,\N,0,0,\N,0.00,154.00,0.00,0,0,1,0,0,0,0.00,\N,0,0,0.00,0.00,0.00,0.00,0.00,0.00,1,ICERT,116 bis rue Eugène Pottier 35500 RENNES,0,0,2014-05-07 12:48:25,-1.67389,48.106769,0.84,street,Rue Descartes 35000 Rennes,35238_2400,RUE DESCARTES,,V8,1,6.3c bis,Pour  les  autres  bâtiments  non  mentionnés  dans  les  deux  précédents  cas : Consommation par Energie,8_V8_DPE_6.3c_bis.pdf,0,Vente,Vente,1,TR002_004,Bâtiments ou partie de bâtiment à usage principal autre que d'habitation,Non résidentiel,0,5,0,TR012_005,5ème Catégorie,2ème Groupe,0,TR013_003,"M : Magasins de vente, centres commerciaux",1,0,Établissements installés dans un bâtiment,35,35 - Ile et Vilaine,2,1,0,400,5300,53000,79,400.00,,5,-5,418.70,32.90,51.80,66.90,90.00,28.00,41.00,H2,8.08,12.00,33300,3.40,Ea,2,4,1.50,2
941872,1435V8000164Q,3124,10,8,FACTURE - DPE,V2012,\N,\N,2014-04-22,2014-05-07,2011-08-15,,,493.88,F,16.08,C,4,,\N,\N,2006,72.66,72.66,35,LA CHAPELLE-DES-FOUGERETZ,00,rue,de la Mairie,5,,,,,35520,35059,35059,,,,,\N,,\N,\N,\N,\N,\N,\N,\N,\N,\N,\N,,\N,\N,\N,\N,\N,\N,\N,\N,1,ICERT,Parc Edonia - Bâtiment G Rue de la Terre Victoria 35760 Saint-Grégoire,0,0,2014-05-07 14:23:15,-1.733547,48.177366,0.95,housenumber,5 Rue de la Mairie 35520 La Chapelle-des-Fougeretz,35059_0065_00005,5 RUE DE LA MAIRIE,,V8,1,6.3c bis,Pour  les  autres  bâtiments  non  mentionnés  dans  les  deux  précédents  cas : Consommation par Energie,8_V8_DPE_6.3c_bis.pdf,0,Vente,Vente,1,TR002_004,Bâtiments ou partie de bâtiment à usage principal autre que d'habitation,Non résidentiel,0,5,0,,,,,,,,,,35,35 - Ile et Vilaine,2,1,0,400,5300,53000,79,400.00,,5,-5,418.70,32.90,51.80,66.90,90.00,28.00,41.00,H2,8.08,12.00,33300,3.40,Ea,2,4,1.50,2
942299,1435V4000109L,11370,3,4,Méthode Facture,,\N,\N,2014-03-10,2014-05-07,2011-09-15,,,226.00,D,48.00,D,4,"Bureau, Administration, Enseignement",\N,\N,1,826.10,826.10,35,Cesson-Sévigné,,,"40, Rue de Bray",,,CESSON SEVIGNE CDIS,,,35510,35051,35051,,,\N,\N,1,,751.00,100.00,0.00,0,0,1,0,0,0,0.00,\N,0,0,8.31,0.00,0.00,751.00,237.00,160.00,1,ABCIDIA,4 route de la Noue 91190 GIF SUR YVETTE (détail sur www.cofrac.fr programme n°4-4-11),0,0,2014-05-07 15:50:48,-1.614798,48.107642,0.97,housenumber,40 Rue de Bray 35510 Cesson-Sévigné,35051_0078_00040,40 RUE DE BRAY,,V4,1,6.3a bis,"Pour  les  bâtiments  à  usage  principal  de  bureau,  d’administration  ou  d’enseignement : Consommation par Energie",4_V4_DPE_6.3a_bis.pdf,0,Vente,Vente,1,TR002_004,Bâtiments ou partie de bâtiment à usage principal autre que d'habitation,Non résidentiel,0,5,0,,,,,,,,,,35,35 - Ile et Vilaine,2,1,0,400,5300,53000,79,400.00,,5,-5,418.70,32.90,51.80,66.90,90.00,28.00,41.00,H2,8.08,12.00,33300,3.40,Ea,2,4,1.50,2
942506,1435V8000165R,7070,3,8,Méthode Facture,,\N,\N,2014-05-07,2014-05-07,2011-09-15,,,0.00,N,0.00,N,4,"Autres (théâtres, salles de sport, restaurati",\N,\N,1947,80.30,80.30,35,RENNES,,,15 rue du Puits Mauger,,,Etage 1,,,35000,35238,35238,Non communiqué,,\N,\N,2,Partie du 1étage,73.00,100.00,0.00,0,0,1,0,0,0,0.00,\N,0,0,0.00,0.00,0.00,0.00,0.00,0.00,1,Icert,Parc Edonia - Bâtiment G Rue de la Terre Victoria 35760 SAINT GREGOIRE (détail sur www.cofrac.fr programme n°4-4-11),1,0,2014-05-07 16:30:04,-1.682365,48.105646,0.98,housenumber,15 Rue du Puits Mauger 35000 Rennes,35238_8050_00015,15 RUE DU PUITS MAUGER,,V8,1,6.3c bis,Pour  les  autres  bâtiments  non  mentionnés  dans  les  deux  précédents  cas : Consommation par Energie,8_V8_DPE_6.3c_bis.pdf,0,Vente,Vente,1,TR002_004,Bâtiments ou partie de bâtiment à usage principal autre que d'habitation,Non résidentiel,0,5,0,,,,,,,,,,35,35 - Ile et Vilaine,2,1,0,400,5300,53000,79,400.00,,5,-5,418.70,32.90,51.80,66.90,90.00,28.00,41.00,H2,8.08,12.00,33300,3.40,Ea,2,4,1.50,2
953667,1435V8000170N,2465,5,8,FACTURE,VERSION_2012,\N,\N,2014-05-05,2014-05-13,2011-08-15,\N,,682.03,G,73.41,F,4,\N,5,3,1988,407.00,407.00,35,CESSON-SÉVIGNÉ,,\N,ZA de la Rigourdière,\N,\N,\N,\N,\N,35510,35051,35051,,\N,\N,0,0,\N,0.00,370.00,0.00,0,0,1,0,0,0,0.00,\N,0,0,0.00,0.00,0.00,0.00,0.00,0.00,1,I.CERT,Parc Edonia - Rue de la Terre Victoria 35760 Saint Grégoire,0,0,2014-05-13 09:27:29,-1.583967,48.115819,0.76,street,Rue de la Rigourdière 35510 Cesson-Sévigné,35051_0547,RUE DE LA RIGOURDIERE,,V8,1,6.3c bis,Pour  les  autres  bâtiments  non  mentionnés  dans  les  deux  précédents  cas : Consommation par Energie,8_V8_DPE_6.3c_bis.pdf,0,Vente,Vente,1,TR002_004,Bâtiments ou partie de bâtiment à usage principal autre que d'habitation,Non résidentiel,0,5,0,TR012_005,5ème Catégorie,2ème Groupe,0,TR013_003,"M : Magasins de vente, centres commerciaux",1,0,Établissements installés dans un bâtiment,35,35 - Ile et Vilaine,2,1,0,400,5300,53000,79,400.00,,5,-5,418.70,32.90,51.80,66.90,90.00,28.00,41.00,H2,8.08,12.00,33300,3.40,Ea,2,4,1.50,2
953939,1435V7000044M,3970,2,7,3CL - DPE,V2012,\N,\N,2014-05-06,2014-05-13,2011-08-15,,\N,0.00,N,0.00,N,4,Commerce,5,3,1980,0.00,0.00,35,RENNES,00,\N,rue Vau Saint-Germain,14,\N,\N,Rez de chaussée,\N,35000,35238,35238,NC,\N,,\N,2,,0.00,0.00,0.00,0,1,0,0,0,0,0.00,\N,0,0,0.00,0.00,0.00,0.00,0.00,0.00,1,ABCIDIA,  ,1,0,2014-05-13 10:20:08,-1.676891,48.110787,0.87,housenumber,14 Rue du Vau Saint-Germain 35000 Rennes,35238_9450_00014,14 RUE DU VAU SAINT GERMAIN,,V7,1,6.3c,Pour  les  autres  bâtiments  non  mentionnés  dans  les  deux  précédents  cas : Consommation par Usage,7_V7_DPE_6.3c.pdf,0,Vente,Vente,1,TR002_004,Bâtiments ou partie de bâtiment à usage principal autre que d'habitation,Non résidentiel,0,5,0,TR012_005,5ème Catégorie,2ème Groupe,0,TR013_003,"M : Magasins de vente, centres commerciaux",1,0,Établissements installés dans un bâtiment,35,35 - Ile et Vilaine,2,1,0,400,5300,53000,79,400.00,,5,-5,418.70,32.90,51.80,66.90,90.00,28.00,41.00,H2,8.08,12.00,33300,3.40,Ea,2,4,1.50,2
954362,1435V8000171O,7070,3,8,Méthode Facture,,\N,\N,2014-05-07,2014-05-07,2011-09-15,,,0.00,N,0.00,N,4,"Autres (théâtres, salles de sport, restaurati",\N,\N,1947,80.30,80.30,35,RENNES,,,15 rue du Puits Mauger,,,Etage 1,,,35000,35238,35238,210,,\N,\N,2,Partie du 1étage,73.00,100.00,0.00,0,0,1,0,0,0,0.00,\N,0,0,0.00,0.00,0.00,0.00,0.00,0.00,1,Icert,Parc Edonia - Bâtiment G Rue de la Terre Victoria 35760 SAINT GREGOIRE (détail sur www.cofrac.fr programme n°4-4-11),1,0,2014-05-13 11:45:19,-1.682365,48.105646,0.98,housenumber,15 Rue du Puits Mauger 35000 Rennes,35238_8050_00015,15 RUE DU PUITS MAUGER,,V8,1,6.3c bis,Pour  les  autres  bâtiments  non  mentionnés  dans  les  deux  précédents  cas : Consommation par Energie,8_V8_DPE_6.3c_bis.pdf,0,Vente,Vente,1,TR002_004,Bâtiments ou partie de bâtiment à usage principal autre que d'habitation,Non résidentiel,0,5,0,,,,,,,,,,35,35 - Ile et Vilaine,2,1,0,400,5300,53000,79,400.00,,5,-5,418.70,32.90,51.80,66.90,90.00,28.00,41.00,H2,8.08,12.00,33300,3.40,Ea,2,4,1.50,2
956527,1435V4000110D,3139,5,4,FACTURE,VERSION_2012,\N,\N,2014-05-07,2014-05-13,2011-08-15,\N,,0.00,N,0.00,N,4,\N,\N,\N,1988,1586.20,1586.20,35,RENNES,,\N,20 RUE JULES VALLES,\N,\N,\N,\N,\N,35000,35238,35238,,\N,\N,0,0,\N,0.00,1442.00,0.00,0,0,1,0,0,0,0.00,\N,0,0,0.00,0.00,0.00,0.00,0.00,0.00,1,ICERT,n/c,1,0,2014-05-13 17:58:21,-1.708023,48.105549,0.97,housenumber,20 Rue Jules Vallès 35000 Rennes,35238_5145_00020,20 RUE JULES VALLES,,V4,1,6.3a bis,"Pour  les  bâtiments  à  usage  principal  de  bureau,  d’administration  ou  d’enseignement : Consommation par Energie",4_V4_DPE_6.3a_bis.pdf,0,Vente,Vente,1,TR002_004,Bâtiments ou partie de bâtiment à usage principal autre que d'habitation,Non résidentiel,0,5,0,,,,,,,,,,35,35 - Ile et Vilaine,2,1,0,400,5300,53000,79,400.00,,5,-5,418.70,32.90,51.80,66.90,90.00,28.00,41.00,H2,8.08,12.00,33300,3.40,Ea,2,4,1.50,2
957648,1435C1000008F,2439,3,20,Méthode Facture,,\N,\N,2014-05-13,2014-05-14,2011-09-15,,,0.00,N,0.00,N,5,Centres Commerciaux,\N,\N,1947,70.40,70.40,35,RENNES,,,1 RUE DE CLISSON,,,RDC,,,35000,35238,35238,Non communiqué,,,100,2,,64.00,100.00,0.00,0,0,1,0,0,0,0.00,\N,0,0,0.00,0.00,0.00,0.00,0.00,0.00,1,ICERT,Parc Edonia - Bâtiment G Rue de la Terre Victoria 35760 SAINT GREGOIRE (détail sur www.cofrac.fr programme n°4-4-11),1,0,2014-05-13 21:50:04,-1.681497,48.112004,0.97,housenumber,1 Rue de Clisson 35000 Rennes,35238_1980_00001,1 RUE DE CLISSON,,C1,5,Par usage,Pour les centres commerciaux,20_C1_DPE_6.a.pdf,0,Centre commercial,Centre commercial,4,TR002_005,Centre Commerciaux,Centres commerciaux,0,4,0,,,,,,,,,,35,35 - Ile et Vilaine,2,1,0,400,5300,53000,79,400.00,,5,-5,418.70,32.90,51.80,66.90,90.00,28.00,41.00,H2,8.08,12.00,33300,3.40,Ea,2,4,1.50,2
957750,1435C1000009G,2439,3,20,Méthode Facture,,\N,\N,2014-05-13,2014-05-14,2011-09-15,,,0.00,N,0.00,N,5,Centres Commerciaux,\N,\N,1947,75.90,75.90,35,RENNES,,,5 BD DE BEAUMONT,,,RDC,,,35000,35238,35238,Non communiqué,,,100,2,,69.00,100.00,0.00,0,0,1,0,0,0,0.00,\N,0,0,0.00,0.00,0.00,0.00,0.00,0.00,1,ICERT,Parc Edonia - Bâtiment G Rue de la Terre Victoria 35760 SAINT GREGOIRE (détail sur www.cofrac.fr programme n°4-4-11),1,0,2014-05-13 22:22:45,-1.676467,48.103646,0.62,housenumber,5 Boulevard de Beaumont 35000 Rennes,35238_0790_00005,5 BOULEVARD DE BEAUMONT,,C1,5,Par usage,Pour les centres commerciaux,20_C1_DPE_6.a.pdf,0,Centre commercial,Centre commercial,4,TR002_005,Centre Commerciaux,Centres commerciaux,0,4,0,,,,,,,,,,35,35 - Ile et Vilaine,2,1,0,400,5300,53000,79,400.00,,5,-5,418.70,32.90,51.80,66.90,90.00,28.00,41.00,H2,8.08,12.00,33300,3.40,Ea,2,4,1.50,2
958399,1435V8000173Q,4811,5,8,FACTURE,VERSION_2012,\N,\N,2014-05-12,2014-05-14,2011-08-15,\N,,370.96,E,69.16,E,4,\N,\N,12,1974,184.28,184.28,35,CESSON-SÉVIGNÉ,,\N,15 Rue des Noyers,\N,\N,\N,\N,\N,35510,35051,35051,,\N,\N,0,0,\N,0.00,167.53,0.00,0,0,1,0,0,0,0.00,\N,0,0,0.00,0.00,0.00,0.00,0.00,0.00,1,ICERT,116 bis rue Eugène Pottier 35500 RENNES,0,0,2014-05-14 09:19:21,-1.607551,48.156604,0.36,street,le Noyer 35510 Cesson-Sévigné,35051_7ue9lw,LE NOYER,,V8,1,6.3c bis,Pour  les  autres  bâtiments  non  mentionnés  dans  les  deux  précédents  cas : Consommation par Energie,8_V8_DPE_6.3c_bis.pdf,0,Vente,Vente,1,TR002_004,Bâtiments ou partie de bâtiment à usage principal autre que d'habitation,Non résidentiel,0,5,0,,,,,TR013_012,"W : Administrations, banques, bureaux",1,0,Établissements installés dans un bâtiment,35,35 - Ile et Vilaine,2,1,0,400,5300,53000,79,400.00,,5,-5,418.70,32.90,51.80,66.90,90.00,28.00,41.00,H2,8.08,12.00,33300,3.40,Ea,2,4,1.50,2
959349,1435V8000174R,2465,5,8,FACTURE,VERSION_2012,\N,\N,2014-05-14,2014-05-14,2011-08-15,\N,,409.87,F,21.01,C,4,\N,5,3,1974,77.00,77.00,35,RENNES,,\N,21 rue Saint Hélier,\N,\N,\N,\N,\N,35000,35238,35238,,\N,\N,0,0,\N,0.00,70.00,0.00,0,0,1,0,0,0,0.00,\N,0,0,0.00,0.00,0.00,0.00,0.00,0.00,1,I.CERT,Parc Edonia - Rue de la Terre Victoria 35760 Saint Grégoire,0,0,2014-05-14 11:43:43,-1.670917,48.107141,0.98,housenumber,21 Rue Saint-Hélier 35000 Rennes,35238_8670_00021,21 RUE SAINT HELIER,,V8,1,6.3c bis,Pour  les  autres  bâtiments  non  mentionnés  dans  les  deux  précédents  cas : Consommation par Energie,8_V8_DPE_6.3c_bis.pdf,0,Vente,Vente,1,TR002_004,Bâtiments ou partie de bâtiment à usage principal autre que d'habitation,Non résidentiel,0,5,0,TR012_005,5ème Catégorie,2ème Groupe,0,TR013_003,"M : Magasins de vente, centres commerciaux",1,0,Établissements installés dans un bâtiment,35,35 - Ile et Vilaine,2,1,0,400,5300,53000,79,400.00,,5,-5,418.70,32.90,51.80,66.90,90.00,28.00,41.00,H2,8.08,12.00,33300,3.40,Ea,2,4,1.50,2
966836,1435V8000176T,8058,5,8,FACTURE,VERSION_2012,\N,\N,2014-05-15,2014-05-15,2011-08-15,\N,,0.00,N,0.00,N,4,\N,\N,\N,1800,79.20,79.20,35,RENNES,,\N,2 RUE DUGUESCLIN,\N,\N,\N,\N,\N,35000,35238,35238,,\N,\N,0,0,\N,0.00,72.00,0.00,0,0,1,0,0,0,0.00,\N,0,0,0.00,0.00,0.00,0.00,0.00,0.00,1,ICERT,n/c,1,0,2014-05-15 18:31:51,-1.680722,48.111835,0.97,housenumber,2 Rue Duguesclin 35000 Rennes,35238_2660_00002,2 RUE DUGUESCLIN,,V8,1,6.3c bis,Pour  les  autres  bâtiments  non  mentionnés  dans  les  deux  précédents  cas : Consommation par Energie,8_V8_DPE_6.3c_bis.pdf,0,Vente,Vente,1,TR002_004,Bâtiments ou partie de bâtiment à usage principal autre que d'habitation,Non résidentiel,0,5,0,,,,,,,,,,35,35 - Ile et Vilaine,2,1,0,400,5300,53000,79,400.00,,5,-5,418.70,32.90,51.80,66.90,90.00,28.00,41.00,H2,8.08,12.00,33300,3.40,Ea,2,4,1.50,2
970565,1435C1000010Y,11168,3,20,Méthode Facture,,\N,\N,2014-05-16,2014-05-16,2011-09-15,,,0.00,N,0.00,N,5,Centres Commerciaux,\N,\N,1935,69.30,69.30,35,RENNES,,,32 Boulevard de la liberté,,,Etage RDC,,,35000,35238,35238,Non communiqué,,,63,2,,63.00,63.00,0.00,0,0,1,0,0,0,0.00,\N,0,0,0.00,0.00,0.00,0.00,0.00,0.00,1,Icert,Parc Edonia - Bâtiment G Rue de la Terre Victoria 35760 SAINT GREGOIRE (détail sur www.cofrac.fr programme n°4-4-11),1,0,2014-05-16 17:13:11,-1.681106,48.107807,0.98,housenumber,32 Boulevard de la Liberté 35000 Rennes,35238_5700_00032,32 BOULEVARD DE LA LIBERTE,,C1,5,Par usage,Pour les centres commerciaux,20_C1_DPE_6.a.pdf,0,Centre commercial,Centre commercial,4,TR002_005,Centre Commerciaux,Centres commerciaux,0,4,0,,,,,,,,,,35,35 - Ile et Vilaine,2,1,0,400,5300,53000,79,400.00,,5,-5,418.70,32.90,51.80,66.90,90.00,28.00,41.00,H2,8.08,12.00,33300,3.40,Ea,2,4,1.50,2
974393,1435V8000177U,9445,3,8,Méthode Facture,,\N,\N,2014-05-15,2014-05-19,2011-09-15,,,488.00,F,15.00,C,4,"Autres (théâtres, salles de sport, restaurati",\N,\N,1947,66.00,66.00,35,Vern-sur-Seiche,,,"1, Place de la Mairie",,,,,,35770,35352,35352,,,\N,\N,2,,60.00,100.00,0.00,0,0,1,0,0,0,0.00,\N,0,0,6.00,0.00,0.00,60.00,60.00,40.00,1,ICERT,Parc Edonia - Bâtiment G Rue de la Terre Victoria 35760 SAINT GREGOIRE (détail sur www.cofrac.fr programme n°4-4-11),0,0,2014-05-19 11:46:52,-1.602917,48.04508,0.95,housenumber,1 Place de la Mairie 35770 Vern-sur-Seiche,35352_0197_00001,1 PLACE DE LA MAIRIE,,V8,1,6.3c bis,Pour  les  autres  bâtiments  non  mentionnés  dans  les  deux  précédents  cas : Consommation par Energie,8_V8_DPE_6.3c_bis.pdf,0,Vente,Vente,1,TR002_004,Bâtiments ou partie de bâtiment à usage principal autre que d'habitation,Non résidentiel,0,5,0,,,,,,,,,,35,35 - Ile et Vilaine,2,1,0,400,5300,53000,79,400.00,,5,-5,418.70,32.90,51.80,66.90,90.00,28.00,41.00,H2,8.08,12.00,33300,3.40,Ea,2,4,1.50,2
975490,1435V8000179W,3139,5,8,FACTURE,VERSION_2012,\N,\N,2014-05-19,2014-05-19,2011-08-15,\N,,69.49,B,2.26,A,4,\N,\N,\N,2000,275.00,275.00,35,RENNES,,\N,14 RUE DE LA TREMBLAIE,\N,\N,\N,\N,\N,35000,35238,35238,,\N,\N,0,0,\N,0.00,250.00,0.00,0,0,1,0,0,0,0.00,\N,0,0,0.00,0.00,0.00,0.00,0.00,0.00,1,ICERT,n/c,0,0,2014-05-19 15:42:14,-1.627899,48.09939,0.97,housenumber,14 Rue de la Tremblaie 35000 Rennes,35238_9348_00014,14 RUE DE LA TREMBLAIE,,V8,1,6.3c bis,Pour  les  autres  bâtiments  non  mentionnés  dans  les  deux  précédents  cas : Consommation par Energie,8_V8_DPE_6.3c_bis.pdf,0,Vente,Vente,1,TR002_004,Bâtiments ou partie de bâtiment à usage principal autre que d'habitation,Non résidentiel,0,5,0,,,,,,,,,,35,35 - Ile et Vilaine,2,1,0,400,5300,53000,79,400.00,,5,-5,418.70,32.90,51.80,66.90,90.00,28.00,41.00,H2,8.08,12.00,33300,3.40,Ea,2,4,1.50,2
975549,1435V8000180O,7070,3,8,Méthode Facture,,\N,\N,2014-05-19,2014-05-19,2011-09-15,,,124.00,C,4.00,B,4,"Autres (théâtres, salles de sport, restaurati",\N,\N,1,220.00,220.00,35,PACÉ,,,Rue Jean Marie David ZI de la Teillais,,,,,,35740,35210,35210,Non communiqué,,\N,\N,1,,200.00,100.00,0.00,0,0,1,0,0,0,0.00,\N,0,0,0.00,0.00,0.00,0.00,0.00,0.00,1,Icert,Parc Edonia - Bâtiment G Rue de la Terre Victoria 35760 SAINT GREGOIRE (détail sur www.cofrac.fr programme n°4-4-11),0,0,2014-05-19 15:53:10,,,0,,,,,,V8,1,6.3c bis,Pour  les  autres  bâtiments  non  mentionnés  dans  les  deux  précédents  cas : Consommation par Energie,8_V8_DPE_6.3c_bis.pdf,0,Vente,Vente,1,TR002_004,Bâtiments ou partie de bâtiment à usage principal autre que d'habitation,Non résidentiel,0,5,0,,,,,,,,,,35,35 - Ile et Vilaine,2,1,0,400,5300,53000,79,400.00,,5,-5,418.70,32.90,51.80,66.90,90.00,28.00,41.00,H2,8.08,12.00,33300,3.40,Ea,2,4,1.50,2
975903,1435C2000020A,11693,3,21,Méthode Facture,,\N,\N,2014-05-09,2014-05-19,2011-09-15,,,0.00,N,0.00,N,5,Centres Commerciaux,\N,\N,1,53.90,53.90,35,BRUZ,,,1 rue du Petit Bé,,,,,,35170,35047,35047,,,,100,2,Local avec 2 activités,49.00,100.00,0.00,0,0,1,0,0,0,0.00,\N,0,0,0.00,15.73,0.00,0.00,0.00,85.19,1,Bureau Veritas,Immeuble Le Guillaumet - 60 Avenue du Général de Gaulle - 92800 PUTEAUX (détail sur www.cofrac.fr programme n°4-4-11),1,0,2014-05-19 16:41:08,-1.759998,48.030167,0.95,housenumber,1 Rue du Petit Bé 35170 Bruz,35047_0544_00001,1 RUE DU PETIT BE,,C2,5,Par énergie,Pour les centres commerciaux,21_C2_DPE_6.b.pdf,0,Centre commercial,Centre commercial,4,TR002_005,Centre Commerciaux,Centres commerciaux,0,4,0,,,,,,,,,,35,35 - Ile et Vilaine,2,1,0,400,5300,53000,79,400.00,,5,-5,418.70,32.90,51.80,66.90,90.00,28.00,41.00,H2,8.08,12.00,33300,3.40,Ea,2,4,1.50,2
975913,1435V3000027J,6952,3,3,Méthode Facture,,\N,\N,2014-05-13,2014-05-19,2011-09-15,,,629.00,F,20.00,C,4,"Bureau, Administration, Enseignement",\N,\N,1,124.09,124.09,35,RENNES,,,10 QUAI EMILE ZOLA,,,,,,35000,35238,35238,Sans objet,,\N,\N,2,RDC,112.81,100.00,0.00,0,0,1,0,0,0,0.00,\N,0,0,0.00,27.17,0.54,112.00,112.00,56.25,1,C0254 DELIVREE LE 19/10/2012 QUALIXPERT 17 RUE BOREL 81100 CASTRES,17 rue Borrel 81100 CASTRES (détail sur www.cofrac.fr programme n°4-4-11),0,0,2014-05-19 16:43:14,-1.676251,48.109793,0.97,housenumber,10 Quai Emile Zola 35000 Rennes,35238_2870_00010,10 QUAI EMILE ZOLA,,V3,1,6.3a,"Pour  les  bâtiments  à  usage  principal  de  bureau,  d’administration  ou  d’enseignement : Consommation par Usage",3_V3_DPE_6.3a.pdf,0,Vente,Vente,1,TR002_004,Bâtiments ou partie de bâtiment à usage principal autre que d'habitation,Non résidentiel,0,5,0,,,,,,,,,,35,35 - Ile et Vilaine,2,1,0,400,5300,53000,79,400.00,,5,-5,418.70,32.90,51.80,66.90,90.00,28.00,41.00,H2,8.08,12.00,33300,3.40,Ea,2,4,1.50,2
982004,1435V4000117K,7478,5,4,FACTURE,VERSION_2012,\N,\N,2014-05-20,2014-05-20,2011-08-15,\N,,79.54,B,18.61,C,4,\N,\N,12,2005,35.20,35.20,35,RENNES,,\N,9 bis Quai d'ille de Rance,\N,\N,\N,\N,\N,35000,35238,35238,,\N,\N,0,0,\N,0.00,32.00,0.00,0,0,1,0,0,0,0.00,\N,0,0,0.00,0.00,0.00,0.00,0.00,0.00,1,I Cert,Parc Edonia 35760 Saint Gregoire,0,0,2014-05-20 18:59:24,-1.687086,48.110797,0.58,housenumber,9b Quai d'Ille et Rance 35000 Rennes,35238_4540_00009_b,9B QUAI D ILLE ET RANCE,,V4,1,6.3a bis,"Pour  les  bâtiments  à  usage  principal  de  bureau,  d’administration  ou  d’enseignement : Consommation par Energie",4_V4_DPE_6.3a_bis.pdf,0,Vente,Vente,1,TR002_004,Bâtiments ou partie de bâtiment à usage principal autre que d'habitation,Non résidentiel,0,5,0,,,,,TR013_012,"W : Administrations, banques, bureaux",1,0,Établissements installés dans un bâtiment,35,35 - Ile et Vilaine,2,1,0,400,5300,53000,79,400.00,,5,-5,418.70,32.90,51.80,66.90,90.00,28.00,41.00,H2,8.08,12.00,33300,3.40,Ea,2,4,1.50,2
984532,1435C2000021B,9445,3,21,Méthode Facture,,\N,\N,2014-05-20,2014-05-20,2011-09-15,,,0.00,N,0.00,N,5,Centres Commerciaux,\N,\N,1,77.00,77.00,35,Rennes,,,"4, Rue du Général Guillodaut",,,,,,35000,35238,35238,NC,,,100,2,,70.00,100.00,0.00,0,0,1,0,0,0,0.00,\N,0,0,7.00,0.00,0.00,70.00,70.00,40.00,1,ICERT,Parc Edonia - Bâtiment G Rue de la Terre Victoria 35760 SAINT GREGOIRE (détail sur www.cofrac.fr programme n°4-4-11),1,0,2014-05-21 13:24:10,-1.674031,48.116236,0.59,housenumber,4 Rue du Général Maurice Guillaudot 35000 Rennes,35238_3673_00004,4 RUE DU GAL MAURICE GUILLAUDOT,,C2,5,Par énergie,Pour les centres commerciaux,21_C2_DPE_6.b.pdf,0,Centre commercial,Centre commercial,4,TR002_005,Centre Commerciaux,Centres commerciaux,0,4,0,,,,,,,,,,35,35 - Ile et Vilaine,2,1,0,400,5300,53000,79,400.00,,5,-5,418.70,32.90,51.80,66.90,90.00,28.00,41.00,H2,8.08,12.00,33300,3.40,Ea,2,4,1.50,2
988857,1435V8000182Q,7128,5,8,FACTURE,VERSION_2012,\N,\N,2014-05-20,2014-05-22,2011-08-15,\N,,942.11,G,30.67,D,4,\N,\N,3,2007,176.00,176.00,35,CHANTEPIE,,\N,"81, Avenue André Bonnin",\N,\N,\N,\N,\N,35574,35055,35055,,\N,\N,\N,0,\N,0.00,176.00,0.00,0,0,1,0,0,0,0.00,\N,0,0,0.00,0.00,0.00,0.00,0.00,0.00,1,SGS ICS,"29, avenue Aristide Briand. 94211. ARCUEIL Cedex",0,0,2014-05-22 11:59:28,-1.618241,48.088319,0.97,housenumber,81 Avenue André Bonnin 35135 Chantepie,35055_0096_00081,81 AVENUE ANDRE BONNIN,,V8,1,6.3c bis,Pour  les  autres  bâtiments  non  mentionnés  dans  les  deux  précédents  cas : Consommation par Energie,8_V8_DPE_6.3c_bis.pdf,0,Vente,Vente,1,TR002_004,Bâtiments ou partie de bâtiment à usage principal autre que d'habitation,Non résidentiel,0,5,0,,,,,TR013_003,"M : Magasins de vente, centres commerciaux",1,0,Établissements installés dans un bâtiment,35,35 - Ile et Vilaine,2,1,0,400,5300,53000,79,400.00,,5,-5,418.70,32.90,51.80,66.90,90.00,28.00,41.00,H2,8.08,12.00,33300,3.40,Ea,2,4,1.50,2
997276,1435V8000183R,9288,3,8,Méthode Facture,,\N,\N,2014-05-21,2014-05-24,2011-09-15,,"Sur un bâtiment à usage commercial, le calcul de la consommation d’énergie n’est basé que sur l’historique des consommations d’énergies et dépend donc de l’usage qu’il a été fait du bâtiment pendant cette période. L’étiquette des consommations d’énergies n’est pas représentative de la consommation « normale » du bâtiment car le précédent occupant n'utilisait pas l'ensemble du bâtiment.",116.00,C,22.00,C,4,"Autres (théâtres, salles de sport, restaurati",\N,\N,1947,121.00,121.00,35,RENNES,,,"27, boulevard de Verdun",,,Ce bien ne fait pas partie d'une copropriété,,,35000,35238,35238,,,\N,\N,1,,110.00,100.00,0.00,0,0,2,0,0,0,0.00,\N,0,0,3.00,0.00,0.00,1.00,1.00,2.00,1,SOCOTEC Certification,3 avenue du Centre Les Quadrants 78280 GUYANCOURT (détail sur www.cofrac.fr programme n°4-4-11),0,0,2014-05-24 10:46:01,-1.692579,48.114714,0.98,housenumber,27 Boulevard de Verdun 35000 Rennes,35238_9460_00027,27 BOULEVARD DE VERDUN,,V8,1,6.3c bis,Pour  les  autres  bâtiments  non  mentionnés  dans  les  deux  précédents  cas : Consommation par Energie,8_V8_DPE_6.3c_bis.pdf,0,Vente,Vente,1,TR002_004,Bâtiments ou partie de bâtiment à usage principal autre que d'habitation,Non résidentiel,0,5,0,,,,,,,,,,35,35 - Ile et Vilaine,2,1,0,400,5300,53000,79,400.00,,5,-5,418.70,32.90,51.80,66.90,90.00,28.00,41.00,H2,8.08,12.00,33300,3.40,Ea,2,4,1.50,2
1002373,1435P1000002U,7070,3,14,Méthode Facture,,15 Août 2011,15 Août 2011,2014-05-20,2014-05-26,2011-09-15,,,86.00,D,2.00,C,4,"Bureau, Administration, Enseignement",\N,\N,1,1127.40,1127.40,35,VERN-SUR-SEICHE,,,Zac du Val d'Orson Rue du Pré Long Bâtiment B,,,Bâtiment B,,,35770,35352,35352,Non communiqué,,\N,\N,1,,1127.40,100.00,0.00,0,0,1,0,0,0,0.00,\N,0,0,0.00,0.00,0.00,370.61,386.12,606.37,1,Icert,Parc Edonia - Bâtiment G Rue de la Terre Victoria 35760 SAINT GREGOIRE (détail sur www.cofrac.fr programme n°4-4-11),0,0,2014-05-26 17:09:23,,,0,,,,,,P1,2,6.1 public,"Pour les bâtiments à usage principal de bureau, d’administration ou d’enseignement : Consommation par Usage",14_P1_DPE_6.1_public.pdf,0,Public,Bâtiment public,5,TR002_004,Bâtiments ou partie de bâtiment à usage principal autre que d'habitation,Non résidentiel,0,5,0,,,,,,,,,,35,35 - Ile et Vilaine,2,1,0,400,5300,53000,79,400.00,,5,-5,418.70,32.90,51.80,66.90,90.00,28.00,41.00,H2,8.08,12.00,33300,3.40,Ea,2,4,1.50,2
1006145,1435N2000009A,3124,10,12,FACTURE - DPE,V2012,Th-CE 2005,,2014-05-27,2014-05-27,2011-08-15,,,79.89,B,1.83,A,4,bureaux,\N,\N,2013,\N,\N,35,RENNES,00,rue,de la Mabilais,2,,,,,35000,35238,35238,,,,,\N,,\N,\N,\N,\N,\N,\N,\N,\N,\N,\N,,\N,\N,\N,\N,\N,\N,\N,\N,1,ICERT,Parc Edonia - Bâtiment G Rue de la Terre Victoria 35760 Saint-Grégoire,0,0,2014-05-27 15:22:53,-1.694261,48.106488,0.97,housenumber,2 Rue de la Mabilais 35000 Rennes,35238_6060_00002,2 RUE DE LA MABILAIS,,N2,3,6.2 neuf,Pour  les  bâtiments  à  usage  autre  que  d’habitation,12_N2_DPE_6.2_neuf.pdf,0,Neuf,Neuf,3,TR002_004,Bâtiments ou partie de bâtiment à usage principal autre que d'habitation,Non résidentiel,0,5,0,,,,,,,,,,35,35 - Ile et Vilaine,2,1,0,400,5300,53000,79,400.00,,5,-5,418.70,32.90,51.80,66.90,90.00,28.00,41.00,H2,8.08,12.00,33300,3.40,Ea,2,4,1.50,2
1006147,1435N2000010S,3124,10,12,FACTURE - DPE,V2012,Th-CE 2005,,2014-05-27,2014-05-27,2011-08-15,,,79.89,B,1.83,A,4,bureaux,\N,\N,2013,\N,\N,35,RENNES,00,rue,de la Mabilais,2,,,,,35000,35238,35238,,,,,\N,,\N,\N,\N,\N,\N,\N,\N,\N,\N,\N,,\N,\N,\N,\N,\N,\N,\N,\N,1,ICERT,Parc Edonia - Bâtiment G Rue de la Terre Victoria 35760 Saint-Grégoire,0,0,2014-05-27 15:23:01,-1.694261,48.106488,0.97,housenumber,2 Rue de la Mabilais 35000 Rennes,35238_6060_00002,2 RUE DE LA MABILAIS,,N2,3,6.2 neuf,Pour  les  bâtiments  à  usage  autre  que  d’habitation,12_N2_DPE_6.2_neuf.pdf,0,Neuf,Neuf,3,TR002_004,Bâtiments ou partie de bâtiment à usage principal autre que d'habitation,Non résidentiel,0,5,0,,,,,,,,,,35,35 - Ile et Vilaine,2,1,0,400,5300,53000,79,400.00,,5,-5,418.70,32.90,51.80,66.90,90.00,28.00,41.00,H2,8.08,12.00,33300,3.40,Ea,2,4,1.50,2
1006976,1435V4000119M,7070,3,4,Méthode Facture,,\N,\N,2014-05-27,2014-05-27,2011-09-15,,,179.00,C,5.00,A,4,"Bureau, Administration, Enseignement",\N,\N,1947,79.20,79.20,35,RENNES,,,146 E Rue de Lorient ,,,,,,35000,35238,35238,Non communiqué,,\N,\N,2,Partie du rez de chaussée,72.00,100.00,0.00,0,0,1,0,0,0,0.00,\N,0,0,0.00,0.00,0.00,0.00,0.00,0.00,1,Icert,Parc Edonia - Bâtiment G Rue de la Terre Victoria 35760 SAINT GREGOIRE (détail sur www.cofrac.fr programme n°4-4-11),0,0,2014-05-27 17:09:58,-1.714596,48.10853,0.85,housenumber,146e Rue de Lorient 35000 Rennes,35238_5802_00146_e,146E RUE DE LORIENT,,V4,1,6.3a bis,"Pour  les  bâtiments  à  usage  principal  de  bureau,  d’administration  ou  d’enseignement : Consommation par Energie",4_V4_DPE_6.3a_bis.pdf,0,Vente,Vente,1,TR002_004,Bâtiments ou partie de bâtiment à usage principal autre que d'habitation,Non résidentiel,0,5,0,,,,,,,,,,35,35 - Ile et Vilaine,2,1,0,400,5300,53000,79,400.00,,5,-5,418.70,32.90,51.80,66.90,90.00,28.00,41.00,H2,8.08,12.00,33300,3.40,Ea,2,4,1.50,2
1007175,1435V8000188W,7070,3,8,Méthode Facture,,\N,\N,2014-05-27,2014-05-27,2011-09-15,,,0.00,N,0.00,N,4,"Autres (théâtres, salles de sport, restaurati",\N,\N,1947,326.88,326.88,35,RENNES,,,28 rue de la Tremblaie ,,,,,,35000,35238,35238,Non communiqué,,\N,\N,1,,297.16,100.00,0.00,0,0,1,0,0,0,0.00,\N,0,0,0.00,0.00,0.00,0.00,0.00,0.00,1,Icert,Parc Edonia - Bâtiment G Rue de la Terre Victoria 35760 SAINT GREGOIRE (détail sur www.cofrac.fr programme n°4-4-11),1,0,2014-05-27 17:35:19,-1.627655,48.099013,0.97,housenumber,28 Rue de la Tremblaie 35000 Rennes,35238_9348_00028,28 RUE DE LA TREMBLAIE,,V8,1,6.3c bis,Pour  les  autres  bâtiments  non  mentionnés  dans  les  deux  précédents  cas : Consommation par Energie,8_V8_DPE_6.3c_bis.pdf,0,Vente,Vente,1,TR002_004,Bâtiments ou partie de bâtiment à usage principal autre que d'habitation,Non résidentiel,0,5,0,,,,,,,,,,35,35 - Ile et Vilaine,2,1,0,400,5300,53000,79,400.00,,5,-5,418.70,32.90,51.80,66.90,90.00,28.00,41.00,H2,8.08,12.00,33300,3.40,Ea,2,4,1.50,2
1011882,1435V8000191Q,2128,2,8,3CL - DPE,V2012,\N,\N,2014-05-28,2014-05-28,2011-08-15,"Il ne nous a pas été fourni de relevés des consommations.  Ne pouvant pas utiliser la méthode de calcul conventionnel pour ce type de bien, il n'est pas possible d'établir une estimation des consommations et de fournir les étiquettes  énergie  et  climat . Le diagnostic se limite aux constatations et aux descriptifs.",17,0.00,N,0.00,N,4,Bureaux,\N,\N,1990,0.00,0.00,35,RENNES,00,,12 RUE KERAUTRET BOTMEL,\N,,,1er,,35000,35238,35238,88,\N,\N,\N,0,\N,0.00,0.00,0.00,0,0,0,0,0,0,0.00,\N,0,0,0.00,0.00,0.00,0.00,0.00,0.00,1,DEKRA CERTIFICATION,"5, avenue Garlande 92220 BAGNEUX",1,0,2014-05-28 16:49:57,-1.634607,48.092583,0.78,housenumber,12 Rue Louis Kérautret-Botmel 35000 Rennes,35238_5922_00012,12 RUE LOUIS KERAUTRET BOTMEL,,V8,1,6.3c bis,Pour  les  autres  bâtiments  non  mentionnés  dans  les  deux  précédents  cas : Consommation par Energie,8_V8_DPE_6.3c_bis.pdf,0,Vente,Vente,1,TR002_004,Bâtiments ou partie de bâtiment à usage principal autre que d'habitation,Non résidentiel,0,5,0,,,,,,,,,,35,35 - Ile et Vilaine,2,1,0,400,5300,53000,79,400.00,,5,-5,418.70,32.90,51.80,66.90,90.00,28.00,41.00,H2,8.08,12.00,33300,3.40,Ea,2,4,1.50,2
1011959,1435V8000192R,2128,2,8,3CL - DPE,V2012,\N,\N,2014-05-28,2014-05-28,2011-08-15,"Il ne nous a pas été fourni de relevés des consommations.  Ne pouvant pas utiliser la méthode de calcul conventionnel pour ce type de bien, il n'est pas possible d'établir une estimation des consommations et de fournir les étiquettes  énergie  et  climat . Le diagnostic se limite aux constatations et aux descriptifs.",17,0.00,N,0.00,N,4,Bureaux,\N,\N,1990,0.00,0.00,35,RENNES,00,,12 RUE KERAUTRET BOTMEL,\N,C,,1er,,35000,35238,35238,87,\N,\N,\N,0,\N,0.00,0.00,0.00,0,0,0,0,0,0,0.00,\N,0,0,0.00,0.00,0.00,0.00,0.00,0.00,1,DEKRA CERTIFICATION,"5, avenue Garlande 92220 BAGNEUX",1,0,2014-05-28 16:58:22,-1.634607,48.092583,0.78,housenumber,12 Rue Louis Kérautret-Botmel 35000 Rennes,35238_5922_00012,12 RUE LOUIS KERAUTRET BOTMEL,,V8,1,6.3c bis,Pour  les  autres  bâtiments  non  mentionnés  dans  les  deux  précédents  cas : Consommation par Energie,8_V8_DPE_6.3c_bis.pdf,0,Vente,Vente,1,TR002_004,Bâtiments ou partie de bâtiment à usage principal autre que d'habitation,Non résidentiel,0,5,0,,,,,,,,,,35,35 - Ile et Vilaine,2,1,0,400,5300,53000,79,400.00,,5,-5,418.70,32.90,51.80,66.90,90.00,28.00,41.00,H2,8.08,12.00,33300,3.40,Ea,2,4,1.50,2
1012052,1435V8000193S,2128,2,8,3CL - DPE,V2012,\N,\N,2014-05-28,2014-05-28,2011-08-15,"Il ne nous a pas été fourni de relevés des consommations.  Ne pouvant pas utiliser la méthode de calcul conventionnel pour ce type de bien, il n'est pas possible d'établir une estimation des consommations et de fournir les étiquettes  énergie  et  climat . Le diagnostic se limite aux constatations et aux descriptifs.",17,0.00,N,0.00,N,4,Bureaux,\N,\N,1990,0.00,0.00,35,RENNES,00,,12 RUE KERAUTRET BOTMEL,\N,C,,RDC,,35000,35238,35238,86,\N,\N,\N,0,\N,0.00,0.00,0.00,0,0,0,0,0,0,0.00,\N,0,0,0.00,0.00,0.00,0.00,0.00,0.00,1,DEKRA CERTIFICATION,"5, avenue Garlande 92220 BAGNEUX",1,0,2014-05-28 17:08:47,-1.634607,48.092583,0.78,housenumber,12 Rue Louis Kérautret-Botmel 35000 Rennes,35238_5922_00012,12 RUE LOUIS KERAUTRET BOTMEL,,V8,1,6.3c bis,Pour  les  autres  bâtiments  non  mentionnés  dans  les  deux  précédents  cas : Consommation par Energie,8_V8_DPE_6.3c_bis.pdf,0,Vente,Vente,1,TR002_004,Bâtiments ou partie de bâtiment à usage principal autre que d'habitation,Non résidentiel,0,5,0,,,,,,,,,,35,35 - Ile et Vilaine,2,1,0,400,5300,53000,79,400.00,,5,-5,418.70,32.90,51.80,66.90,90.00,28.00,41.00,H2,8.08,12.00,33300,3.40,Ea,2,4,1.50,2
1012168,1435V8000194T,2128,2,8,3CL - DPE,V2012,\N,\N,2014-05-28,2014-05-28,2011-08-15,"Il ne nous a pas été fourni de relevés des consommations.  Ne pouvant pas utiliser la méthode de calcul conventionnel pour ce type de bien, il n'est pas possible d'établir une estimation des consommations et de fournir les étiquettes  énergie  et  climat . Le diagnostic se limite aux constatations et aux descriptifs.",17,0.00,N,0.00,N,4,Bureaux,\N,\N,1990,0.00,0.00,35,RENNES,00,,12 RUE KERAUTRET BOTMEL,\N,C,,RDC,,35000,35238,35238,85,\N,\N,\N,0,\N,0.00,0.00,0.00,0,0,0,0,0,0,0.00,\N,0,0,0.00,0.00,0.00,0.00,0.00,0.00,1,DEKRA CERTIFICATION,"5, avenue Garlande 92220 BAGNEUX",1,0,2014-05-28 17:16:48,-1.634607,48.092583,0.78,housenumber,12 Rue Louis Kérautret-Botmel 35000 Rennes,35238_5922_00012,12 RUE LOUIS KERAUTRET BOTMEL,,V8,1,6.3c bis,Pour  les  autres  bâtiments  non  mentionnés  dans  les  deux  précédents  cas : Consommation par Energie,8_V8_DPE_6.3c_bis.pdf,0,Vente,Vente,1,TR002_004,Bâtiments ou partie de bâtiment à usage principal autre que d'habitation,Non résidentiel,0,5,0,,,,,,,,,,35,35 - Ile et Vilaine,2,1,0,400,5300,53000,79,400.00,,5,-5,418.70,32.90,51.80,66.90,90.00,28.00,41.00,H2,8.08,12.00,33300,3.40,Ea,2,4,1.50,2
1012274,1435V8000195U,2128,2,8,3CL - DPE,V2012,\N,\N,2014-05-28,2014-05-28,2011-08-15,"Il ne nous a pas été fourni de relevés des consommations.  Ne pouvant pas utiliser la méthode de calcul conventionnel pour ce type de bien, il n'est pas possible d'établir une estimation des consommations et de fournir les étiquettes  énergie  et  climat . Le diagnostic se limite aux constatations et aux descriptifs.",17,0.00,N,0.00,N,4,Bureaux,\N,\N,1990,0.00,0.00,35,RENNES,00,,12 RUE KERAUTRET BOTMEL,\N,C,,RDC,,35000,35238,35238,84,\N,\N,\N,0,\N,0.00,0.00,0.00,0,0,0,0,0,0,0.00,\N,0,0,0.00,0.00,0.00,0.00,0.00,0.00,1,DEKRA CERTIFICATION,"5, avenue Garlande 92220 BAGNEUX",1,0,2014-05-28 17:26:10,-1.634607,48.092583,0.78,housenumber,12 Rue Louis Kérautret-Botmel 35000 Rennes,35238_5922_00012,12 RUE LOUIS KERAUTRET BOTMEL,,V8,1,6.3c bis,Pour  les  autres  bâtiments  non  mentionnés  dans  les  deux  précédents  cas : Consommation par Energie,8_V8_DPE_6.3c_bis.pdf,0,Vente,Vente,1,TR002_004,Bâtiments ou partie de bâtiment à usage principal autre que d'habitation,Non résidentiel,0,5,0,,,,,,,,,,35,35 - Ile et Vilaine,2,1,0,400,5300,53000,79,400.00,,5,-5,418.70,32.90,51.80,66.90,90.00,28.00,41.00,H2,8.08,12.00,33300,3.40,Ea,2,4,1.50,2
1022136,1435V3000028K,11370,3,3,Méthode Facture,,\N,\N,2014-06-02,2014-06-02,2011-09-15,,,377.00,E,12.00,B,4,"Bureau, Administration, Enseignement",\N,\N,1,55.11,55.11,35,Saint-Jacques-de-la-Lande,,,ZA Airlande Rue Jacqueline Auriol,,,,,,35136,35281,35281,NC,,\N,\N,2,Bureaux,50.10,100.00,0.00,0,0,1,0,0,0,0.00,\N,0,0,0.00,18.75,0.00,50.00,50.00,72.00,1,ABCIDIA,4 route de la Noue 91190 GIF SUR YVETTE (détail sur www.cofrac.fr programme n°4-4-11),0,0,2014-06-02 15:56:28,-1.726203,48.075345,0.62,street,Rue Jacqueline Auriol 35136 Saint-Jacques-de-la-Lande,35281_0092,RUE JACQUELINE AURIOL,,V3,1,6.3a,"Pour  les  bâtiments  à  usage  principal  de  bureau,  d’administration  ou  d’enseignement : Consommation par Usage",3_V3_DPE_6.3a.pdf,0,Vente,Vente,1,TR002_004,Bâtiments ou partie de bâtiment à usage principal autre que d'habitation,Non résidentiel,0,5,0,,,,,,,,,,35,35 - Ile et Vilaine,2,1,0,400,5300,53000,79,400.00,,5,-5,418.70,32.90,51.80,66.90,90.00,28.00,41.00,H2,8.08,12.00,33300,3.40,Ea,2,4,1.50,2
1022564,1435V7000054N,7070,3,7,Méthode Facture,,\N,\N,2014-06-02,2014-06-02,2011-09-15,,,0.00,N,0.00,N,4,"Autres (théâtres, salles de sport, restaurati",\N,\N,1947,221.82,221.82,35,RENNES,,,1 rue Henri Dunant 1 et 3 rue Alexandre Lefas,,,,,,35000,35238,35238,51,,\N,\N,2,Partie du Rez de chaussée,201.65,100.00,0.00,0,0,1,0,0,0,0.00,\N,0,0,0.00,0.00,0.00,0.00,0.00,0.00,1,Icert,Parc Edonia - Bâtiment G Rue de la Terre Victoria 35760 SAINT GREGOIRE (détail sur www.cofrac.fr programme n°4-4-11),1,0,2014-06-02 16:58:25,-1.654797,48.130811,0.44,street,Rue Alexandre Lefas 35700 Rennes,35238_0220,RUE ALEXANDRE LEFAS,,V7,1,6.3c,Pour  les  autres  bâtiments  non  mentionnés  dans  les  deux  précédents  cas : Consommation par Usage,7_V7_DPE_6.3c.pdf,0,Vente,Vente,1,TR002_004,Bâtiments ou partie de bâtiment à usage principal autre que d'habitation,Non résidentiel,0,5,0,,,,,,,,,,35,35 - Ile et Vilaine,2,1,0,400,5300,53000,79,400.00,,5,-5,418.70,32.90,51.80,66.90,90.00,28.00,41.00,H2,8.08,12.00,33300,3.40,Ea,2,4,1.50,2
1024771,1435V8000197W,9287,5,8,FACTURE,VERSION_2012,\N,\N,2014-06-02,2014-06-03,2011-08-15,\N,,0.00,N,0.00,N,4,\N,\N,\N,1947,124.19,124.19,35,RENNES,,\N,1 RUE DE MONTFORT,\N,\N,\N,\N,\N,35000,35238,35238,,\N,\N,0,0,\N,0.00,112.90,0.00,0,0,1,0,0,0,0.00,\N,0,0,0.00,0.00,0.00,0.00,0.00,0.00,1,ICERT,n/c,1,0,2014-06-03 08:44:38,-1.681403,48.111147,0.97,housenumber,1 Rue de Montfort 35000 Rennes,35238_6700_00001,1 RUE DE MONTFORT,,V8,1,6.3c bis,Pour  les  autres  bâtiments  non  mentionnés  dans  les  deux  précédents  cas : Consommation par Energie,8_V8_DPE_6.3c_bis.pdf,0,Vente,Vente,1,TR002_004,Bâtiments ou partie de bâtiment à usage principal autre que d'habitation,Non résidentiel,0,5,0,,,,,,,,,,35,35 - Ile et Vilaine,2,1,0,400,5300,53000,79,400.00,,5,-5,418.70,32.90,51.80,66.90,90.00,28.00,41.00,H2,8.08,12.00,33300,3.40,Ea,2,4,1.50,2
1026066,1435V8000198X,3139,5,8,FACTURE,VERSION_2012,\N,\N,2014-06-03,2014-06-03,2011-08-15,\N,,0.00,N,0.00,N,4,\N,\N,\N,1974,3630.00,3630.00,35,RENNES,,\N,3 RUE JEAN LE HO,\N,\N,\N,\N,\N,35000,35238,35238,,\N,\N,0,0,\N,0.00,3300.00,0.00,0,0,1,0,0,0,0.00,\N,0,0,0.00,0.00,0.00,0.00,0.00,0.00,1,ICERT,n/c,1,0,2014-06-03 12:38:24,-1.723819,48.103855,0.97,housenumber,3 Rue Jean Le Hô 35000 Rennes,35238_4770_00003,3 RUE JEAN LE HO,,V8,1,6.3c bis,Pour  les  autres  bâtiments  non  mentionnés  dans  les  deux  précédents  cas : Consommation par Energie,8_V8_DPE_6.3c_bis.pdf,0,Vente,Vente,1,TR002_004,Bâtiments ou partie de bâtiment à usage principal autre que d'habitation,Non résidentiel,0,5,0,,,,,,,,,,35,35 - Ile et Vilaine,2,1,0,400,5300,53000,79,400.00,,5,-5,418.70,32.90,51.80,66.90,90.00,28.00,41.00,H2,8.08,12.00,33300,3.40,Ea,2,4,1.50,2
1028250,1435V8000199Y,7070,3,8,Méthode Facture,,\N,\N,2014-05-15,2014-05-15,2011-09-15,,,0.00,N,0.00,N,4,"Autres (théâtres, salles de sport, restaurati",\N,\N,1947,294.80,294.80,35,RENNES,,,45 boulevard de la Tour d'Auvergne,,,RDC,,,35000,35238,35238,7,,\N,\N,2,Rez de chaussée,268.00,100.00,0.00,0,0,1,0,0,0,0.00,\N,0,0,0.00,0.00,0.00,0.00,0.00,0.00,1,Icert,Parc Edonia - Bâtiment G Rue de la Terre Victoria 35760 SAINT GREGOIRE (détail sur www.cofrac.fr programme n°4-4-11),1,0,2014-06-03 17:54:47,-1.684183,48.104199,0.98,housenumber,45 Boulevard de La Tour d'Auvergne 35000 Rennes,35238_9315_00045,45 BD DE LA TOUR D AUVERGNE,,V8,1,6.3c bis,Pour  les  autres  bâtiments  non  mentionnés  dans  les  deux  précédents  cas : Consommation par Energie,8_V8_DPE_6.3c_bis.pdf,0,Vente,Vente,1,TR002_004,Bâtiments ou partie de bâtiment à usage principal autre que d'habitation,Non résidentiel,0,5,0,,,,,,,,,,35,35 - Ile et Vilaine,2,1,0,400,5300,53000,79,400.00,,5,-5,418.70,32.90,51.80,66.90,90.00,28.00,41.00,H2,8.08,12.00,33300,3.40,Ea,2,4,1.50,2
1028332,1435V4000121F,9287,5,4,FACTURE,VERSION_2012,\N,\N,2014-05-13,2014-06-03,2011-08-15,\N,,173.67,C,5.65,A,4,\N,\N,\N,2005,187.00,187.00,35,ST-JACQUES-DE-LA-LANDE,,\N,2 RUE DU CAPITAINE DREYFUS - RDC,\N,\N,\N,\N,\N,35136,35281,35281,,\N,\N,0,0,\N,0.00,170.00,0.00,0,0,1,0,0,0,0.00,\N,0,0,0.00,0.00,0.00,0.00,0.00,0.00,1,ICERT,n/c,0,0,2014-06-03 18:10:40,-1.706777,48.087391,0.95,housenumber,2 Rue du Capitaine Dreyfus 35136 Saint-Jacques-de-la-Lande,35281_0289_00002,2 RUE DU CAPITAINE DREYFUS,,V4,1,6.3a bis,"Pour  les  bâtiments  à  usage  principal  de  bureau,  d’administration  ou  d’enseignement : Consommation par Energie",4_V4_DPE_6.3a_bis.pdf,0,Vente,Vente,1,TR002_004,Bâtiments ou partie de bâtiment à usage principal autre que d'habitation,Non résidentiel,0,5,0,,,,,,,,,,35,35 - Ile et Vilaine,2,1,0,400,5300,53000,79,400.00,,5,-5,418.70,32.90,51.80,66.90,90.00,28.00,41.00,H2,8.08,12.00,33300,3.40,Ea,2,4,1.50,2
1028631,1435V8000200H,2465,5,8,FACTURE,VERSION_2012,\N,\N,2014-06-03,2014-06-03,2011-08-15,\N,,211.83,D,6.89,B,4,\N,\N,12,1988,139.40,139.40,35,RENNES,,\N,41 rue Saint Melaine,\N,\N,\N,\N,\N,35000,35238,35238,,\N,\N,0,0,\N,0.00,126.73,0.00,0,0,1,0,0,0,0.00,\N,0,0,0.00,0.00,0.00,0.00,0.00,0.00,1,I.CERT,Parc Edonia - Rue de la Terre Victoria 35760 Saint Grégoire,0,0,2014-06-03 19:04:40,-1.675232,48.114869,0.98,housenumber,41 Rue Saint-Melaine 35000 Rennes,35238_8770_00041,41 RUE SAINT MELAINE,,V8,1,6.3c bis,Pour  les  autres  bâtiments  non  mentionnés  dans  les  deux  précédents  cas : Consommation par Energie,8_V8_DPE_6.3c_bis.pdf,0,Vente,Vente,1,TR002_004,Bâtiments ou partie de bâtiment à usage principal autre que d'habitation,Non résidentiel,0,5,0,,,,,TR013_012,"W : Administrations, banques, bureaux",1,0,Établissements installés dans un bâtiment,35,35 - Ile et Vilaine,2,1,0,400,5300,53000,79,400.00,,5,-5,418.70,32.90,51.80,66.90,90.00,28.00,41.00,H2,8.08,12.00,33300,3.40,Ea,2,4,1.50,2
1033711,1435V8000203K,7070,3,8,Méthode Facture,,\N,\N,2014-06-04,2014-06-04,2011-09-15,,,0.00,N,0.00,N,4,"Autres (théâtres, salles de sport, restaurati",\N,\N,1947,55.00,55.00,35,RENNES,,,17 Mail François Mitterrand,,,Etage RDC,,,35000,35238,35238,Non communiqué,,\N,\N,2,Partie du rez de chaussée,50.00,100.00,0.00,0,0,1,0,0,0,0.00,\N,0,0,0.00,0.00,0.00,0.00,0.00,0.00,1,Icert,Parc Edonia - Bâtiment G Rue de la Terre Victoria 35760 SAINT GREGOIRE (détail sur www.cofrac.fr programme n°4-4-11),1,0,2014-06-04 17:38:10,-1.687741,48.109581,0.98,housenumber,17 Mail François Mitterrand 35000 Rennes,35238_6090_00017,17 MAIL FRANCOIS MITTERRAND,,V8,1,6.3c bis,Pour  les  autres  bâtiments  non  mentionnés  dans  les  deux  précédents  cas : Consommation par Energie,8_V8_DPE_6.3c_bis.pdf,0,Vente,Vente,1,TR002_004,Bâtiments ou partie de bâtiment à usage principal autre que d'habitation,Non résidentiel,0,5,0,,,,,,,,,,35,35 - Ile et Vilaine,2,1,0,400,5300,53000,79,400.00,,5,-5,418.70,32.90,51.80,66.90,90.00,28.00,41.00,H2,8.08,12.00,33300,3.40,Ea,2,4,1.50,2
1037245,1435N2000012U,6160,5,12,TH_C_E,VERSION_2012,\N,\N,2014-06-05,2014-06-05,2011-08-15,\N,,98.47,C,6.87,B,4,\N,\N,\N,2014,61.05,61.05,35,SAINT-JACQUES-DE-LA-LANDE,,\N,Quartier Pigeon Blanc rue des 25 Fusillés,\N,\N,\N,\N,\N,35136,35281,35281,local d'activité - Bat B,\N,\N,0,0,\N,0.00,55.50,0.00,0,0,3,0,0,0,0.00,\N,0,0,0.00,0.00,0.00,0.00,0.00,0.00,1,ICERT,Parc Edonia - Bât G - Rue de la Terre Victoria - 35760 SAINT-GREGOIRE,0,0,2014-06-05 14:17:24,,,0,,,,,,N2,3,6.2 neuf,Pour  les  bâtiments  à  usage  autre  que  d’habitation,12_N2_DPE_6.2_neuf.pdf,0,Neuf,Neuf,3,TR002_004,Bâtiments ou partie de bâtiment à usage principal autre que d'habitation,Non résidentiel,0,5,0,,,,,,,,,,35,35 - Ile et Vilaine,2,1,0,400,5300,53000,79,400.00,,5,-5,418.70,32.90,51.80,66.90,90.00,28.00,41.00,H2,8.08,12.00,33300,3.40,Ea,2,4,1.50,2
1037734,1435N2000013V,6160,5,12,TH_C_E,VERSION_2012,\N,\N,2014-06-05,2014-06-05,2011-08-15,\N,,111.27,C,7.76,B,4,\N,\N,\N,2014,193.60,193.60,35,SAINT-JACQUES-DE-LA-LANDE,,\N,Quartier Pigeon Blanc rue des 25 Fusillés,\N,\N,\N,\N,\N,35136,35281,35281,local d'activité médecins - Bat B,\N,\N,0,0,\N,0.00,176.00,0.00,0,0,3,0,0,0,0.00,\N,0,0,0.00,0.00,0.00,0.00,0.00,0.00,1,ICERT,Parc Edonia - Bât G - Rue de la Terre Victoria - 35760 SAINT-GREGOIRE,0,0,2014-06-05 15:41:49,,,0,,,,,,N2,3,6.2 neuf,Pour  les  bâtiments  à  usage  autre  que  d’habitation,12_N2_DPE_6.2_neuf.pdf,0,Neuf,Neuf,3,TR002_004,Bâtiments ou partie de bâtiment à usage principal autre que d'habitation,Non résidentiel,0,5,0,,,,,,,,,,35,35 - Ile et Vilaine,2,1,0,400,5300,53000,79,400.00,,5,-5,418.70,32.90,51.80,66.90,90.00,28.00,41.00,H2,8.08,12.00,33300,3.40,Ea,2,4,1.50,2
1037798,1435N2000014W,6160,5,12,TH_C_E,VERSION_2012,\N,\N,2014-06-05,2014-06-05,2011-08-15,\N,,111.55,C,7.78,B,4,\N,\N,\N,2014,119.09,119.09,35,SAINT-JACQUES-DE-LA-LANDE,,\N,Quartier Pigeon Blanc rue des 25 Fusillés,\N,\N,\N,\N,\N,35136,35281,35281,local d'activité dentistes - Bat B,\N,\N,0,0,\N,0.00,108.26,0.00,0,0,3,0,0,0,0.00,\N,0,0,0.00,0.00,0.00,0.00,0.00,0.00,1,ICERT,Parc Edonia - Bât G - Rue de la Terre Victoria - 35760 SAINT-GREGOIRE,0,0,2014-06-05 15:52:21,,,0,,,,,,N2,3,6.2 neuf,Pour  les  bâtiments  à  usage  autre  que  d’habitation,12_N2_DPE_6.2_neuf.pdf,0,Neuf,Neuf,3,TR002_004,Bâtiments ou partie de bâtiment à usage principal autre que d'habitation,Non résidentiel,0,5,0,,,,,,,,,,35,35 - Ile et Vilaine,2,1,0,400,5300,53000,79,400.00,,5,-5,418.70,32.90,51.80,66.90,90.00,28.00,41.00,H2,8.08,12.00,33300,3.40,Ea,2,4,1.50,2
1037825,1435N2000016Y,6160,5,12,TH_C_E,VERSION_2012,\N,\N,2014-06-05,2014-06-05,2011-08-15,\N,,111.27,C,7.76,B,4,\N,\N,\N,2014,86.22,86.22,35,SAINT-JACQUES-DE-LA-LANDE,,\N,Quartier Pigeon Blanc rue des 25 Fusillés,\N,\N,\N,\N,\N,35136,35281,35281,local d'activité kinés - Bat B,\N,\N,0,0,\N,0.00,78.38,0.00,0,0,3,0,0,0,0.00,\N,0,0,0.00,0.00,0.00,0.00,0.00,0.00,1,ICERT,Parc Edonia - Bât G - Rue de la Terre Victoria - 35760 SAINT-GREGOIRE,0,0,2014-06-05 15:58:03,,,0,,,,,,N2,3,6.2 neuf,Pour  les  bâtiments  à  usage  autre  que  d’habitation,12_N2_DPE_6.2_neuf.pdf,0,Neuf,Neuf,3,TR002_004,Bâtiments ou partie de bâtiment à usage principal autre que d'habitation,Non résidentiel,0,5,0,,,,,,,,,,35,35 - Ile et Vilaine,2,1,0,400,5300,53000,79,400.00,,5,-5,418.70,32.90,51.80,66.90,90.00,28.00,41.00,H2,8.08,12.00,33300,3.40,Ea,2,4,1.50,2
1038062,1435V8000204L,7070,3,8,Méthode Facture,,\N,\N,2014-06-05,2014-06-05,2011-09-15,,,139.00,C,20.00,C,4,"Autres (théâtres, salles de sport, restaurati",\N,\N,1,209.00,209.00,35,RENNES,,,2 rue Jacques Gabriel,,,Etage 1,,,35000,35238,35238,Non communiqué,,\N,\N,2,Partie du 1 étage,190.00,100.00,0.00,0,0,1,0,0,0,0.00,\N,0,0,0.00,0.00,0.00,0.00,0.00,0.00,1,Icert,Parc Edonia - Bâtiment G Rue de la Terre Victoria 35760 SAINT GREGOIRE (détail sur www.cofrac.fr programme n°4-4-11),0,0,2014-06-05 16:32:11,-1.686597,48.108916,0.97,housenumber,2 Rue Jacques Gabriel 35000 Rennes,35238_4612_00002,2 RUE JACQUES GABRIEL,,V8,1,6.3c bis,Pour  les  autres  bâtiments  non  mentionnés  dans  les  deux  précédents  cas : Consommation par Energie,8_V8_DPE_6.3c_bis.pdf,0,Vente,Vente,1,TR002_004,Bâtiments ou partie de bâtiment à usage principal autre que d'habitation,Non résidentiel,0,5,0,,,,,,,,,,35,35 - Ile et Vilaine,2,1,0,400,5300,53000,79,400.00,,5,-5,418.70,32.90,51.80,66.90,90.00,28.00,41.00,H2,8.08,12.00,33300,3.40,Ea,2,4,1.50,2
1039007,1435V4000123H,11370,3,4,Méthode Facture,,\N,\N,2014-06-05,2014-06-05,2011-09-15,,,115.00,C,23.00,C,4,"Bureau, Administration, Enseignement",\N,\N,1,216.56,216.56,35,Rennes,,,"9, rue de Suède",,,"Porte D, 2éme étage",,,35000,35238,35238,454-455,,\N,\N,1,,196.87,100.00,0.00,0,0,1,0,0,0,0.00,\N,0,0,9.11,18.22,15.94,197.00,197.00,130.00,1,ABCIDIA,4 route de la Noue 91190 GIF SUR YVETTE (détail sur www.cofrac.fr programme n°4-4-11),0,0,2014-06-05 18:53:10,-1.675677,48.086991,0.97,housenumber,9 Rue de Suède 35200 Rennes,35238_9125_00009,9 RUE DE SUEDE,,V4,1,6.3a bis,"Pour  les  bâtiments  à  usage  principal  de  bureau,  d’administration  ou  d’enseignement : Consommation par Energie",4_V4_DPE_6.3a_bis.pdf,0,Vente,Vente,1,TR002_004,Bâtiments ou partie de bâtiment à usage principal autre que d'habitation,Non résidentiel,0,5,0,,,,,,,,,,35,35 - Ile et Vilaine,2,1,0,400,5300,53000,79,400.00,,5,-5,418.70,32.90,51.80,66.90,90.00,28.00,41.00,H2,8.08,12.00,33300,3.40,Ea,2,4,1.50,2
1043174,1435V8000205M,8849,2,8,3CL - DPE,V2012,\N,\N,2008-11-13,2014-06-06,2011-08-15,,\N,280.42,E,9.13,B,4,Commerce,\N,\N,1980,0.00,0.00,35,SAINT GRÉGOIRE,60,\N,Centre Commercial de la forge,\N,\N,\N,,\N,35760,35189,35189,NC,\N,,\N,2,,0.00,0.00,0.00,0,1,0,0,0,0,0.00,\N,0,0,0.00,0.00,0.00,0.00,0.00,0.00,1,"ICERT 116b, rue Eugène Pottier 35000 RENNES",  ,0,0,2014-06-06 16:59:36,5.6379001,46.2589877,0.55,poi.mall,Centre Commercial La Forge (Galerie marchande) Oyonnax,https://osm.org/node/4607107126,,,V8,1,6.3c bis,Pour  les  autres  bâtiments  non  mentionnés  dans  les  deux  précédents  cas : Consommation par Energie,8_V8_DPE_6.3c_bis.pdf,0,Vente,Vente,1,TR002_004,Bâtiments ou partie de bâtiment à usage principal autre que d'habitation,Non résidentiel,0,5,0,,,,,,,,,,35,35 - Ile et Vilaine,2,1,0,400,5300,53000,79,400.00,,5,-5,418.70,32.90,51.80,66.90,90.00,28.00,41.00,H2,8.08,12.00,33300,3.40,Ea,2,4,1.50,2
1043306,1435V8000206N,7070,3,8,Méthode Facture,,\N,\N,2014-06-06,2014-06-06,2011-09-15,,,191.00,D,6.00,B,4,"Autres (théâtres, salles de sport, restaurati",\N,\N,1947,188.46,188.46,35,RENNES,,,41 avenue Janvier ,,,RDC,,,35000,35238,35238,Non communiqué,,\N,\N,2,Rez de chaussée,171.33,100.00,0.00,0,0,1,0,0,0,0.00,\N,0,0,0.00,0.00,0.00,0.00,0.00,0.00,1,Icert,Parc Edonia - Bâtiment G Rue de la Terre Victoria 35760 SAINT GREGOIRE (détail sur www.cofrac.fr programme n°4-4-11),0,0,2014-06-06 17:29:55,-1.672704,48.105643,0.76,housenumber,41 Avenue Jean Janvier 35000 Rennes,35238_4740_00041,41 AVENUE JEAN JANVIER,,V8,1,6.3c bis,Pour  les  autres  bâtiments  non  mentionnés  dans  les  deux  précédents  cas : Consommation par Energie,8_V8_DPE_6.3c_bis.pdf,0,Vente,Vente,1,TR002_004,Bâtiments ou partie de bâtiment à usage principal autre que d'habitation,Non résidentiel,0,5,0,,,,,,,,,,35,35 - Ile et Vilaine,2,1,0,400,5300,53000,79,400.00,,5,-5,418.70,32.90,51.80,66.90,90.00,28.00,41.00,H2,8.08,12.00,33300,3.40,Ea,2,4,1.50,2
1043404,1435V8000207O,8975,5,8,FACTURE,VERSION_2012,\N,\N,2014-06-06,2014-06-06,2011-08-15,\N,,0.00,N,0.00,N,4,\N,\N,\N,1976,100.10,100.10,35,RENNES,,\N,15 MAIL FRANCOIS MITTERRAND - COMMERCE,\N,\N,\N,\N,\N,35000,35238,35238,,\N,\N,0,0,\N,0.00,91.00,0.00,0,0,1,0,0,0,0.00,\N,0,0,0.00,0.00,0.00,0.00,0.00,0.00,1,ICERT,n/c,1,0,2014-06-06 17:53:06,-1.687664,48.109665,0.75,housenumber,15 Mail François Mitterrand 35000 Rennes,35238_6090_00015,15 MAIL FRANCOIS MITTERRAND,,V8,1,6.3c bis,Pour  les  autres  bâtiments  non  mentionnés  dans  les  deux  précédents  cas : Consommation par Energie,8_V8_DPE_6.3c_bis.pdf,0,Vente,Vente,1,TR002_004,Bâtiments ou partie de bâtiment à usage principal autre que d'habitation,Non résidentiel,0,5,0,,,,,,,,,,35,35 - Ile et Vilaine,2,1,0,400,5300,53000,79,400.00,,5,-5,418.70,32.90,51.80,66.90,90.00,28.00,41.00,H2,8.08,12.00,33300,3.40,Ea,2,4,1.50,2
1050777,1435V8000209Q,9235,3,8,Méthode Facture,,\N,\N,2014-04-28,2014-06-10,2011-09-15,,,0.00,N,0.00,N,4,"Autres (théâtres, salles de sport, restaurati",\N,\N,1,2388.10,2388.10,35,SAINT-JACQUES-DE-LA-LANDE,,,ZAC DE MIVOIE,,,,,,35136,35281,35281,Non communiqué,,\N,\N,1,,2171.00,100.00,0.00,0,0,2,0,0,0,0.00,\N,0,0,0.00,0.00,0.00,0.00,0.00,0.00,1,AFAQ COMPETENCES 11 Rue Francis de Pressensé  93571 LA PLAINE SAINT DENIS  Cedex,,1,0,2014-06-10 18:16:03,-1.707564,48.06775,0.52,locality,Route de Mivoie 35136 Saint-Jacques-de-la-Lande,35281_nq3x2x,ROUTE DE MIVOIE,,V8,1,6.3c bis,Pour  les  autres  bâtiments  non  mentionnés  dans  les  deux  précédents  cas : Consommation par Energie,8_V8_DPE_6.3c_bis.pdf,0,Vente,Vente,1,TR002_004,Bâtiments ou partie de bâtiment à usage principal autre que d'habitation,Non résidentiel,0,5,0,,,,,,,,,,35,35 - Ile et Vilaine,2,1,0,400,5300,53000,79,400.00,,5,-5,418.70,32.90,51.80,66.90,90.00,28.00,41.00,H2,8.08,12.00,33300,3.40,Ea,2,4,1.50,2
1053298,1435V4000125J,8776,10,4,FACTURE - DPE,V2012,\N,\N,2014-06-11,2014-06-11,2011-08-15,,,112.92,C,3.68,A,4,bureaux,\N,\N,2000,\N,\N,35,SAINT-GREGOIRE,00,,BATIMENTS C1et C2,,,,,,35760,35278,35278,,,,,\N,,\N,\N,\N,\N,\N,\N,\N,\N,\N,\N,,\N,\N,\N,\N,\N,\N,\N,\N,1,SOCOTEC Certification,89-93 avenue Paul Vaillant Couturier 94250 GENTILLY,0,0,2014-06-11 11:36:01,,,0,,,,,,V4,1,6.3a bis,"Pour  les  bâtiments  à  usage  principal  de  bureau,  d’administration  ou  d’enseignement : Consommation par Energie",4_V4_DPE_6.3a_bis.pdf,0,Vente,Vente,1,TR002_004,Bâtiments ou partie de bâtiment à usage principal autre que d'habitation,Non résidentiel,0,5,0,,,,,,,,,,35,35 - Ile et Vilaine,2,1,0,400,5300,53000,79,400.00,,5,-5,418.70,32.90,51.80,66.90,90.00,28.00,41.00,H2,8.08,12.00,33300,3.40,Ea,2,4,1.50,2
1053725,1435V7000060K,9211,3,7,Méthode Facture,,\N,\N,2014-06-11,2014-06-11,2011-09-15,,,0.00,N,0.00,N,4,"Autres (théâtres, salles de sport, restaurati",5,4,1947,75.13,75.13,35,LE RHEU,,,36 bis Route Nationale,,,,,,35650,35240,35240,Non communiqué,,\N,\N,2,,68.30,100.00,0.00,0,0,1,0,0,0,0.00,\N,0,0,0.00,5.55,0.42,0.00,68.00,110.00,1,ICERT,Parc Edonia - Bâtiment G Rue de la Terre Victoria 35760 SAINT GREGOIRE (détail sur www.cofrac.fr programme n°4-4-11),1,0,2014-06-11 13:00:05,-1.76986,48.095092,0.62,housenumber,36bis Rue Nationale 35650 Le Rheu,35240_razkaz_00036_bis,36BIS RUE NATIONALE,,V7,1,6.3c,Pour  les  autres  bâtiments  non  mentionnés  dans  les  deux  précédents  cas : Consommation par Usage,7_V7_DPE_6.3c.pdf,0,Vente,Vente,1,TR002_004,Bâtiments ou partie de bâtiment à usage principal autre que d'habitation,Non résidentiel,0,5,0,TR012_005,5ème Catégorie,2ème Groupe,0,TR013_004,N : Restaurants et débits de boisson,1,0,Établissements installés dans un bâtiment,35,35 - Ile et Vilaine,2,1,0,400,5300,53000,79,400.00,,5,-5,418.70,32.90,51.80,66.90,90.00,28.00,41.00,H2,8.08,12.00,33300,3.40,Ea,2,4,1.50,2
1056211,1435V8000210I,3139,5,8,FACTURE,VERSION_2012,\N,\N,2014-06-11,2014-06-11,2011-08-15,\N,,242.88,D,36.75,D,4,\N,\N,\N,1988,858.00,858.00,35,RENNES,,\N,16 RUE DU PRE DU BOIS,\N,\N,\N,\N,\N,35000,35238,35238,,\N,\N,0,0,\N,0.00,780.00,0.00,0,0,1,0,0,0,0.00,\N,0,0,0.00,0.00,0.00,0.00,0.00,0.00,1,ICERT,n/c,0,0,2014-06-11 18:59:09,-1.633659,48.10062,0.97,housenumber,16 Rue du Pré du Bois 35000 Rennes,35238_7913_00016,16 RUE DU PRE DU BOIS,,V8,1,6.3c bis,Pour  les  autres  bâtiments  non  mentionnés  dans  les  deux  précédents  cas : Consommation par Energie,8_V8_DPE_6.3c_bis.pdf,0,Vente,Vente,1,TR002_004,Bâtiments ou partie de bâtiment à usage principal autre que d'habitation,Non résidentiel,0,5,0,,,,,,,,,,35,35 - Ile et Vilaine,2,1,0,400,5300,53000,79,400.00,,5,-5,418.70,32.90,51.80,66.90,90.00,28.00,41.00,H2,8.08,12.00,33300,3.40,Ea,2,4,1.50,2
1056412,1435V8000211J,3139,5,8,FACTURE,VERSION_2012,\N,\N,2014-06-11,2014-06-11,2011-08-15,\N,,0.00,N,0.00,N,4,\N,\N,\N,2000,198.00,198.00,35,RENNES,,\N,4 I RUE DU LIEUTENANT COLONEL DUBOIS - LOT 7,\N,\N,\N,\N,\N,35000,35238,35238,,\N,\N,0,0,\N,0.00,180.00,0.00,0,0,1,0,0,0,0.00,\N,0,0,0.00,0.00,0.00,0.00,0.00,0.00,1,ICERT,n/c,1,0,2014-06-11 19:53:39,-1.732487,48.107041,0.9,housenumber,4i Rue du Lieutenant-Colonel Dubois 35000 Rennes,35238_5715_00004_i,4I RUE DU LT COLONEL DUBOIS,,V8,1,6.3c bis,Pour  les  autres  bâtiments  non  mentionnés  dans  les  deux  précédents  cas : Consommation par Energie,8_V8_DPE_6.3c_bis.pdf,0,Vente,Vente,1,TR002_004,Bâtiments ou partie de bâtiment à usage principal autre que d'habitation,Non résidentiel,0,5,0,,,,,,,,,,35,35 - Ile et Vilaine,2,1,0,400,5300,53000,79,400.00,,5,-5,418.70,32.90,51.80,66.90,90.00,28.00,41.00,H2,8.08,12.00,33300,3.40,Ea,2,4,1.50,2
1059691,1435V8000212K,5058,3,8,Méthode Facture,,\N,\N,2014-06-10,2014-06-12,2011-09-15,Sur declarations des propriétaires du fond de commerce (tabac/presse): ils n'utilsent pas le système de chauffage et de refroidissement existant.,,0.00,N,0.00,N,4,"Autres (théâtres, salles de sport, restaurati",\N,\N,1,33.07,33.07,35,RENNES,,,CC LES LONGCHAMPS LOT 46,,,,,,35000,35238,35238,46,,\N,\N,2,cellule dans une galerie commerciale,30.06,100.00,0.00,0,0,1,0,0,0,0.00,\N,0,0,0.00,0.00,0.00,30.06,30.06,48.22,1,C147 DELIVRE LE 27/09/2013 QUALIXPERT 17 RUE BORREL 81100 CASTRES,17 rue Borrel 81100 CASTRES (détail sur www.cofrac.fr programme n°4-4-11),1,0,2014-06-12 16:18:54,6.4895945,43.451254,0.56,poi.mall,(Galerie marchande) Les Arcs,https://osm.org/way/266407136,,,V8,1,6.3c bis,Pour  les  autres  bâtiments  non  mentionnés  dans  les  deux  précédents  cas : Consommation par Energie,8_V8_DPE_6.3c_bis.pdf,0,Vente,Vente,1,TR002_004,Bâtiments ou partie de bâtiment à usage principal autre que d'habitation,Non résidentiel,0,5,0,,,,,,,,,,35,35 - Ile et Vilaine,2,1,0,400,5300,53000,79,400.00,,5,-5,418.70,32.90,51.80,66.90,90.00,28.00,41.00,H2,8.08,12.00,33300,3.40,Ea,2,4,1.50,2
1059732,1435C1000011@,9367,3,20,Méthode Facture,,\N,\N,2014-06-03,2014-06-12,2011-09-15,,,1011.00,G,32.00,D,5,Centres Commerciaux,3,3,1,11110.00,11110.00,35,SAINT-GRÉGOIRE,,,CENTRE COMMERCIAL GRAND QUARTIER ,,,Ce bien ne fait pas partie d'une copropriété,,,35760,35189,35189,,,,4000,1,,10100.00,4000.00,0.00,0,0,1,0,0,0,0.00,\N,0,0,0.00,0.00,25.00,9600.00,9600.00,604.50,1,GINGER CATED 12 Avenue Gay Lussac ZC La Clef Saint Pierre - 78990 ELANCOURT,12 avenue Gay Lussac ZAC LA CLEF ST PIERRE 78990 ELANCOURT (détail sur www.cofrac.fr programme n°4-4-11),0,0,2014-06-12 16:24:16,-1.6954434,48.1368397,0.67,poi.mall,Grand Quartier (Galerie marchande) Saint-Grégoire,https://osm.org/way/63904146,,,C1,5,Par usage,Pour les centres commerciaux,20_C1_DPE_6.a.pdf,0,Centre commercial,Centre commercial,4,TR002_005,Centre Commerciaux,Centres commerciaux,0,4,0,TR012_003,3ème Catégorie,1er Groupe,0,TR013_003,"M : Magasins de vente, centres commerciaux",1,0,Établissements installés dans un bâtiment,35,35 - Ile et Vilaine,2,1,0,400,5300,53000,79,400.00,,5,-5,418.70,32.90,51.80,66.90,90.00,28.00,41.00,H2,8.08,12.00,33300,3.40,Ea,2,4,1.50,2
1062481,1435V8000213L,9347,2,8,3CL - DPE,V2012,\N,\N,2014-06-11,2014-06-12,2011-08-15,"Le descriptif est donné à titre purement indicatif et ne saurait être une garantie du mode constructif ou de la structure du bien concerné, lesquels n'ont pu être totalement contrôlés.  La surface habitable indiquée ci-dessus ne répond pas aux critères de réalisation d'un certificat Loi Boutin sur Carrez et ne peut donc pas être utilisée en tant que tel. (ex : reporter cette surface sur le bail). Les relevés des consommations fournis intègrent les usages spécifiques de l'électricité ( éclairage, bureautique, équipements, électroménager) qui n'ont pu être dissociés. Cela conduit à une surestimation des dépenses énergétiques des postes chauffage, ECS et refroidissement.   N’ayant pas d’éléments pour statuer sur l’année de fabrication des radiateurs, nous avons pris en référence l’année de construction du bien.",17,390.70,F,12.72,C,4,Commerce,5,3,1994,0.00,0.00,35,CESSON-SÉVIGNÉ,10,rue,de la Mare Pavée,6,,,,,35510,35051,35051,,\N,\N,\N,0,\N,0.00,0.00,0.00,0,0,0,0,0,0,0.00,\N,0,0,0.00,0.00,0.00,0.00,0.00,0.00,1,ICERT,Parc EDONIA - Bât. A  Rue de la Terre Victoria 35760 SAINT-GRÉGOIRE,0,0,2014-06-13 10:27:47,-1.611543,48.122743,0.97,housenumber,6 Rue de la Mare Pavée 35510 Cesson-Sévigné,35051_0422_00006,6 RUE DE LA MARE PAVEE,,V8,1,6.3c bis,Pour  les  autres  bâtiments  non  mentionnés  dans  les  deux  précédents  cas : Consommation par Energie,8_V8_DPE_6.3c_bis.pdf,0,Vente,Vente,1,TR002_004,Bâtiments ou partie de bâtiment à usage principal autre que d'habitation,Non résidentiel,0,5,0,TR012_005,5ème Catégorie,2ème Groupe,0,TR013_003,"M : Magasins de vente, centres commerciaux",1,0,Établissements installés dans un bâtiment,35,35 - Ile et Vilaine,2,1,0,400,5300,53000,79,400.00,,5,-5,418.70,32.90,51.80,66.90,90.00,28.00,41.00,H2,8.08,12.00,33300,3.40,Ea,2,4,1.50,2
1063296,1435V8000214M,7128,5,8,FACTURE,VERSION_2012,\N,\N,2014-06-13,2014-06-13,2011-08-15,\N,,520.64,G,18.13,C,4,\N,5,3,1999,55.00,55.00,35,RENNES,,\N,"38, rue de St malo",\N,\N,\N,\N,\N,35000,35238,35238,,\N,\N,\N,0,\N,0.00,55.00,0.00,0,0,1,0,0,0,0.00,\N,0,0,0.00,0.00,0.00,0.00,0.00,0.00,1,SGS ICS,"29, avenue Aristide Briand. 94211. ARCUEIL Cedex",0,0,2014-06-13 12:37:46,-1.680769,48.116512,0.76,housenumber,38 Rue de Saint-Malo 35000 Rennes,35238_8730_00038,38 RUE DE SAINT MALO,,V8,1,6.3c bis,Pour  les  autres  bâtiments  non  mentionnés  dans  les  deux  précédents  cas : Consommation par Energie,8_V8_DPE_6.3c_bis.pdf,0,Vente,Vente,1,TR002_004,Bâtiments ou partie de bâtiment à usage principal autre que d'habitation,Non résidentiel,0,5,0,TR012_005,5ème Catégorie,2ème Groupe,0,TR013_003,"M : Magasins de vente, centres commerciaux",1,0,Établissements installés dans un bâtiment,35,35 - Ile et Vilaine,2,1,0,400,5300,53000,79,400.00,,5,-5,418.70,32.90,51.80,66.90,90.00,28.00,41.00,H2,8.08,12.00,33300,3.40,Ea,2,4,1.50,2
1063928,1435V8000215N,5058,3,8,Méthode Facture,,\N,\N,2014-06-10,2014-06-13,2011-09-15,Sur declarations des propriétaires du fond de commerce (tabac/presse): ils n'utilsent pas le système de chauffage et de refroidissement existant.,,0.00,N,0.00,N,4,"Autres (théâtres, salles de sport, restaurati",\N,\N,1,45.10,45.10,35,RENNES,,,CC LES LONGCHAMPS LOT 46,,,,,,35000,35238,35238,46,,\N,\N,2,cellule dans une galerie commerciale,41.00,100.00,0.00,0,0,1,0,0,0,0.00,\N,0,0,0.00,0.00,0.00,30.06,30.06,48.22,1,C147 DELIVRE LE 27/09/2013 QUALIXPERT 17 RUE BORREL 81100 CASTRES,17 rue Borrel 81100 CASTRES (détail sur www.cofrac.fr programme n°4-4-11),1,0,2014-06-13 14:49:20,6.4895945,43.451254,0.56,poi.mall,(Galerie marchande) Les Arcs,https://osm.org/way/266407136,,,V8,1,6.3c bis,Pour  les  autres  bâtiments  non  mentionnés  dans  les  deux  précédents  cas : Consommation par Energie,8_V8_DPE_6.3c_bis.pdf,0,Vente,Vente,1,TR002_004,Bâtiments ou partie de bâtiment à usage principal autre que d'habitation,Non résidentiel,0,5,0,,,,,,,,,,35,35 - Ile et Vilaine,2,1,0,400,5300,53000,79,400.00,,5,-5,418.70,32.90,51.80,66.90,90.00,28.00,41.00,H2,8.08,12.00,33300,3.40,Ea,2,4,1.50,2
1069507,1435V8000217P,9287,5,8,FACTURE,VERSION_2012,\N,\N,2014-06-16,2014-06-16,2011-08-15,\N,,264.64,D,8.61,B,4,\N,\N,\N,1997,275.00,275.00,35,ROMILLE,,\N,RUE DES GRANDS CARRES,\N,\N,\N,\N,\N,35850,35120,35120,,\N,\N,0,0,\N,0.00,250.00,0.00,0,0,1,0,0,0,0.00,\N,0,0,0.00,0.00,0.00,0.00,0.00,0.00,1,ICERT,n/c,0,0,2014-06-16 13:26:16,-1.791049,48.21993,0.34,street,Rue de la Gare 35850 Gévezé,35120_0020,RUE DE LA GARE,,V8,1,6.3c bis,Pour  les  autres  bâtiments  non  mentionnés  dans  les  deux  précédents  cas : Consommation par Energie,8_V8_DPE_6.3c_bis.pdf,0,Vente,Vente,1,TR002_004,Bâtiments ou partie de bâtiment à usage principal autre que d'habitation,Non résidentiel,0,5,0,,,,,,,,,,35,35 - Ile et Vilaine,2,1,0,400,5300,53000,79,400.00,,5,-5,418.70,32.90,51.80,66.90,90.00,28.00,41.00,H2,8.08,12.00,33300,3.40,Ea,2,4,1.50,2
1070752,1435V4000127L,7070,3,4,Méthode Facture,,\N,\N,2014-06-16,2014-06-16,2011-09-15,,,0.00,N,0.00,N,4,"Bureau, Administration, Enseignement",\N,\N,1947,367.66,367.66,35,CESSON-SÉVIGNÉ,,,14 Mail de Bourgchevreuil,,,,,,35510,35051,35051,Non communiqué,,\N,\N,2,"Partie du Rdc, 1 étage et 2 étage complet",334.24,100.00,0.00,0,0,1,0,0,0,0.00,\N,0,0,0.00,0.00,0.00,0.00,0.00,0.00,1,Icert,Parc Edonia - Bâtiment G Rue de la Terre Victoria 35760 SAINT GREGOIRE (détail sur www.cofrac.fr programme n°4-4-11),1,0,2014-06-16 16:52:08,-1.607484,48.118064,0.96,housenumber,14 Mail de Bourgchevreuil 35510 Cesson-Sévigné,35051_lv25ag_00014,14 MAIL DE BOURGCHEVREUIL,,V4,1,6.3a bis,"Pour  les  bâtiments  à  usage  principal  de  bureau,  d’administration  ou  d’enseignement : Consommation par Energie",4_V4_DPE_6.3a_bis.pdf,0,Vente,Vente,1,TR002_004,Bâtiments ou partie de bâtiment à usage principal autre que d'habitation,Non résidentiel,0,5,0,,,,,,,,,,35,35 - Ile et Vilaine,2,1,0,400,5300,53000,79,400.00,,5,-5,418.70,32.90,51.80,66.90,90.00,28.00,41.00,H2,8.08,12.00,33300,3.40,Ea,2,4,1.50,2
1071048,1435V4000128M,7070,3,4,Méthode Facture,,\N,\N,2014-06-16,2014-06-16,2011-09-15,,,0.00,N,0.00,N,4,"Bureau, Administration, Enseignement",\N,\N,1947,367.66,367.66,35,CESSON-SÉVIGNÉ,,,14 Mail de Bourgchevreuil,,,,,,35510,35051,35051,Non communiqué,,\N,\N,2,"Partie du Rdc, 1 étage et 2 étage complet",334.24,100.00,0.00,0,0,1,0,0,0,0.00,\N,0,0,0.00,0.00,0.00,0.00,0.00,0.00,1,Icert,Parc Edonia - Bâtiment G Rue de la Terre Victoria 35760 SAINT GREGOIRE (détail sur www.cofrac.fr programme n°4-4-11),1,0,2014-06-16 17:24:42,-1.607484,48.118064,0.96,housenumber,14 Mail de Bourgchevreuil 35510 Cesson-Sévigné,35051_lv25ag_00014,14 MAIL DE BOURGCHEVREUIL,,V4,1,6.3a bis,"Pour  les  bâtiments  à  usage  principal  de  bureau,  d’administration  ou  d’enseignement : Consommation par Energie",4_V4_DPE_6.3a_bis.pdf,0,Vente,Vente,1,TR002_004,Bâtiments ou partie de bâtiment à usage principal autre que d'habitation,Non résidentiel,0,5,0,,,,,,,,,,35,35 - Ile et Vilaine,2,1,0,400,5300,53000,79,400.00,,5,-5,418.70,32.90,51.80,66.90,90.00,28.00,41.00,H2,8.08,12.00,33300,3.40,Ea,2,4,1.50,2
1076174,1435V8000218Q,7070,3,8,Méthode Facture,,\N,\N,2014-06-17,2014-06-17,2011-09-15,,,274.00,E,8.00,B,4,"Autres (théâtres, salles de sport, restaurati",\N,\N,1947,110.00,110.00,35,RENNES,,,184 et 186 Rue de St Malo,,,RDC,,,35000,35238,35238,12 et 13 ,,\N,\N,2,Partie du rez de chaussée,100.00,100.00,0.00,0,0,1,0,0,0,0.00,\N,0,0,0.00,0.00,0.00,0.00,0.00,0.00,1,Icert,Parc Edonia - Bâtiment G Rue de la Terre Victoria 35760 SAINT GREGOIRE (détail sur www.cofrac.fr programme n°4-4-11),0,0,2014-06-17 17:09:07,-1.683218,48.121826,0.59,housenumber,186 Rue de Saint-Malo 35000 Rennes,35238_8730_00186,186 RUE DE SAINT MALO,,V8,1,6.3c bis,Pour  les  autres  bâtiments  non  mentionnés  dans  les  deux  précédents  cas : Consommation par Energie,8_V8_DPE_6.3c_bis.pdf,0,Vente,Vente,1,TR002_004,Bâtiments ou partie de bâtiment à usage principal autre que d'habitation,Non résidentiel,0,5,0,,,,,,,,,,35,35 - Ile et Vilaine,2,1,0,400,5300,53000,79,400.00,,5,-5,418.70,32.90,51.80,66.90,90.00,28.00,41.00,H2,8.08,12.00,33300,3.40,Ea,2,4,1.50,2
1076573,1435V7000061L,1870,3,7,Méthode Facture,,\N,\N,2014-06-17,2014-06-17,2011-09-15,,,0.00,N,0.00,N,4,"Autres (théâtres, salles de sport, restaurati",\N,\N,1947,32.30,32.30,35,Rennes,,,1 Rue de l'Horloge,,,Etage RDC,,,35000,35238,35238,,,\N,\N,2,RDC,29.36,100.00,0.00,0,0,1,0,0,0,0.00,\N,0,0,0.00,0.00,0.00,0.00,0.00,0.00,1,ICERT,Parc Edonia - Bâtiment G Rue de la Terre Victoria 35760 SAINT GREGOIRE (détail sur www.cofrac.fr programme n°4-4-11),1,0,2014-06-17 17:36:18,-1.680335,48.111098,0.97,housenumber,1 Rue de l'Horloge 35000 Rennes,35238_4510_00001,1 RUE DE L HORLOGE,,V7,1,6.3c,Pour  les  autres  bâtiments  non  mentionnés  dans  les  deux  précédents  cas : Consommation par Usage,7_V7_DPE_6.3c.pdf,0,Vente,Vente,1,TR002_004,Bâtiments ou partie de bâtiment à usage principal autre que d'habitation,Non résidentiel,0,5,0,,,,,,,,,,35,35 - Ile et Vilaine,2,1,0,400,5300,53000,79,400.00,,5,-5,418.70,32.90,51.80,66.90,90.00,28.00,41.00,H2,8.08,12.00,33300,3.40,Ea,2,4,1.50,2
1076794,1435V8000219R,8849,2,8,3CL - DPE,V2012,\N,\N,2014-06-17,2014-06-17,2011-08-15,,\N,145.69,C,16.94,C,4,Bureaux,\N,\N,1990,0.00,0.00,35,LE RHEU,50,\N,"15, av de la Croix Verte",\N,\N,\N,\N,\N,35650,35240,35240,NC,\N,,\N,2,,0.00,0.00,0.00,0,1,0,0,0,0,0.00,\N,0,0,0.00,0.00,0.00,0.00,0.00,0.00,1,"ICERT 116b, rue Eugène Pottier 35000 RENNES",  ,0,0,2014-06-17 17:55:51,-1.789943,48.09122,0.76,housenumber,15 Avenue de la Croix Verte 35650 Le Rheu,35240_0210_00015,15 AVENUE DE LA CROIX VERTE,,V8,1,6.3c bis,Pour  les  autres  bâtiments  non  mentionnés  dans  les  deux  précédents  cas : Consommation par Energie,8_V8_DPE_6.3c_bis.pdf,0,Vente,Vente,1,TR002_004,Bâtiments ou partie de bâtiment à usage principal autre que d'habitation,Non résidentiel,0,5,0,,,,,,,,,,35,35 - Ile et Vilaine,2,1,0,400,5300,53000,79,400.00,,5,-5,418.70,32.90,51.80,66.90,90.00,28.00,41.00,H2,8.08,12.00,33300,3.40,Ea,2,4,1.50,2
1076821,1435V8000220J,3139,5,8,FACTURE,VERSION_2012,\N,\N,2014-06-17,2014-06-17,2011-08-15,\N,,126.70,C,4.12,B,4,\N,\N,\N,1947,143.00,143.00,35,RENNES,,\N,7 RUE DE LA CHALOTAIS - COMMERCE,\N,\N,\N,\N,\N,35000,35238,35238,,\N,\N,0,0,\N,0.00,130.00,0.00,0,0,1,0,0,0,0.00,\N,0,0,0.00,0.00,0.00,0.00,0.00,0.00,1,ICERT,n/c,0,0,2014-06-17 17:58:38,-1.680815,48.109314,0.69,housenumber,7 Rue de La Chalotais 35000 Rennes,35238_1520_00007,7 RUE DE LA CHALOTAIS,,V8,1,6.3c bis,Pour  les  autres  bâtiments  non  mentionnés  dans  les  deux  précédents  cas : Consommation par Energie,8_V8_DPE_6.3c_bis.pdf,0,Vente,Vente,1,TR002_004,Bâtiments ou partie de bâtiment à usage principal autre que d'habitation,Non résidentiel,0,5,0,,,,,,,,,,35,35 - Ile et Vilaine,2,1,0,400,5300,53000,79,400.00,,5,-5,418.70,32.90,51.80,66.90,90.00,28.00,41.00,H2,8.08,12.00,33300,3.40,Ea,2,4,1.50,2
1083037,1435V4000130F,3139,5,4,FACTURE,VERSION_2012,\N,\N,2014-06-05,2014-06-19,2011-08-15,\N,,122.77,C,28.72,C,4,\N,\N,\N,1996,330.00,330.00,35,VERN-SUR-SEICHE,,\N,LE PATIS FRAUX - BUREAUX,\N,\N,\N,\N,\N,35770,35352,35352,,\N,\N,0,0,\N,0.00,300.00,0.00,0,0,1,0,0,0,0.00,\N,0,0,0.00,0.00,0.00,0.00,0.00,0.00,1,ICERT,n/c,0,0,2014-06-19 08:45:19,-1.611243,48.044833,0.6,locality,le Pâtis Fraux 35770 Vern-sur-Seiche,35352_B538,LE PATIS FRAUX,,V4,1,6.3a bis,"Pour  les  bâtiments  à  usage  principal  de  bureau,  d’administration  ou  d’enseignement : Consommation par Energie",4_V4_DPE_6.3a_bis.pdf,0,Vente,Vente,1,TR002_004,Bâtiments ou partie de bâtiment à usage principal autre que d'habitation,Non résidentiel,0,5,0,,,,,,,,,,35,35 - Ile et Vilaine,2,1,0,400,5300,53000,79,400.00,,5,-5,418.70,32.90,51.80,66.90,90.00,28.00,41.00,H2,8.08,12.00,33300,3.40,Ea,2,4,1.50,2
1086622,1435V8000222L,8975,5,8,FACTURE,VERSION_2012,\N,\N,2014-06-19,2014-06-19,2011-08-15,\N,,277.19,E,9.02,B,4,\N,\N,\N,2000,108.90,108.90,35,CESSON-SEVIGNE,,\N,48 RUE DE BRAY - 1ER,\N,\N,\N,\N,\N,35510,35051,35051,,\N,\N,0,0,\N,0.00,99.00,0.00,0,0,1,0,0,0,0.00,\N,0,0,0.00,0.00,0.00,0.00,0.00,0.00,1,ICERT,n/c,0,0,2014-06-19 18:13:55,-1.610641,48.108235,0.97,housenumber,48 Rue de Bray 35510 Cesson-Sévigné,35051_0078_00048,48 RUE DE BRAY,,V8,1,6.3c bis,Pour  les  autres  bâtiments  non  mentionnés  dans  les  deux  précédents  cas : Consommation par Energie,8_V8_DPE_6.3c_bis.pdf,0,Vente,Vente,1,TR002_004,Bâtiments ou partie de bâtiment à usage principal autre que d'habitation,Non résidentiel,0,5,0,,,,,,,,,,35,35 - Ile et Vilaine,2,1,0,400,5300,53000,79,400.00,,5,-5,418.70,32.90,51.80,66.90,90.00,28.00,41.00,H2,8.08,12.00,33300,3.40,Ea,2,4,1.50,2
1087082,1435V6000006J,5556,5,6,FACTURE,VERSION_2012,\N,\N,2014-06-10,2014-06-19,2011-08-15,\N,,223.83,C,32.45,C,4,\N,\N,\N,1977,14349.50,14349.50,35,CESSON-SÉVIGNÉ,,\N,3 rue du Chêne Germain,\N,\N,\N,\N,\N,35510,35051,35051,,\N,\N,0,0,\N,0.00,13045.00,0.00,0,0,1,0,0,0,0.00,\N,0,0,0.00,0.00,0.00,0.00,0.00,0.00,1,ABCIDIA CERTIFICATION,"4, route de la Noue 91190 Gif-sur-Yvette",0,0,2014-06-19 19:47:29,-1.627381,48.130109,0.96,housenumber,3 Rue du Chêne Germain 35510 Cesson-Sévigné,35051_0167_00003,3 RUE DU CHENE GERMAIN,,V6,1,6.3b bis,Pour  les  bâtiments  à  occupation  continue : Consommation par Energie,6_V6_DPE_6.3b_bis.pdf,0,Vente,Vente,1,TR002_004,Bâtiments ou partie de bâtiment à usage principal autre que d'habitation,Non résidentiel,0,5,0,,,,,,,,,,35,35 - Ile et Vilaine,2,1,0,400,5300,53000,79,400.00,,5,-5,418.70,32.90,51.80,66.90,90.00,28.00,41.00,H2,8.08,12.00,33300,3.40,Ea,2,4,1.50,2
1093637,1435V4000131G,2439,3,4,Méthode Facture,,\N,\N,2014-06-20,2014-06-22,2011-09-15,L'occupant chauffait très peu,,187.00,C,6.00,B,4,"Bureau, Administration, Enseignement",\N,\N,1947,39.60,39.60,35,RENNES,,,4 RUE LE BASTARD,,,Bureaux dans cour 4 pièces,,,35000,35238,35238,Non communiqué,,\N,\N,2,,36.00,100.00,0.00,0,0,2,0,0,0,0.00,\N,0,0,0.00,0.00,0.00,18.00,18.00,0.00,1,ICERT,Parc Edonia - Bâtiment G Rue de la Terre Victoria 35760 SAINT GREGOIRE (détail sur www.cofrac.fr programme n°4-4-11),0,0,2014-06-22 07:26:03,-1.679225,48.112746,0.97,housenumber,4 Rue Le Bastard 35000 Rennes,35238_5410_00004,4 RUE LE BASTARD,,V4,1,6.3a bis,"Pour  les  bâtiments  à  usage  principal  de  bureau,  d’administration  ou  d’enseignement : Consommation par Energie",4_V4_DPE_6.3a_bis.pdf,0,Vente,Vente,1,TR002_004,Bâtiments ou partie de bâtiment à usage principal autre que d'habitation,Non résidentiel,0,5,0,,,,,,,,,,35,35 - Ile et Vilaine,2,1,0,400,5300,53000,79,400.00,,5,-5,418.70,32.90,51.80,66.90,90.00,28.00,41.00,H2,8.08,12.00,33300,3.40,Ea,2,4,1.50,2
1094929,1435V4000133I,8776,10,4,FACTURE - DPE,V2012,\N,\N,2014-06-20,2014-06-20,2011-08-15,,,205.24,C,48.03,D,4,administration,\N,\N,1948,550.00,550.00,35,RENNES,00,ruelle,du Moulin Saint Martin,2,,,,,35000,35238,35238,,,,,\N,,\N,\N,\N,\N,\N,\N,\N,\N,\N,\N,,\N,\N,\N,\N,\N,\N,\N,\N,1,SOCOTEC Certification,89-93 avenue Paul Vaillant Couturier 94250 GENTILLY,0,0,2014-06-23 09:03:17,-1.672782,48.107293,0.31,street,Ruelle du Faux pont 35000 Rennes,35238_3070,RUELLE DU FAUX PONT,,V4,1,6.3a bis,"Pour  les  bâtiments  à  usage  principal  de  bureau,  d’administration  ou  d’enseignement : Consommation par Energie",4_V4_DPE_6.3a_bis.pdf,0,Vente,Vente,1,TR002_004,Bâtiments ou partie de bâtiment à usage principal autre que d'habitation,Non résidentiel,0,5,0,,,,,,,,,,35,35 - Ile et Vilaine,2,1,0,400,5300,53000,79,400.00,,5,-5,418.70,32.90,51.80,66.90,90.00,28.00,41.00,H2,8.08,12.00,33300,3.40,Ea,2,4,1.50,2
1095869,1435V4000134J,11370,3,4,Méthode Facture,,\N,\N,2014-02-19,2014-06-23,2011-09-15,,,473.00,E,15.00,B,4,"Bureau, Administration, Enseignement",\N,\N,1,114.40,114.40,35,Rennes,,,90 RUE DE CHATEAUGIRON,,,RENNES RAPATEL,,,35000,35238,35238,,,\N,\N,1,,104.00,100.00,0.00,0,0,1,0,0,0,0.00,\N,0,0,13.67,6.83,0.00,104.00,104.00,61.00,1,ABCIDIA,4 route de la Noue 91190 GIF SUR YVETTE (détail sur www.cofrac.fr programme n°4-4-11),0,0,2014-06-23 11:33:52,-1.649107,48.099939,0.98,housenumber,90 Rue de Châteaugiron 35000 Rennes,35238_1800_00090,90 RUE DE CHATEAUGIRON,,V4,1,6.3a bis,"Pour  les  bâtiments  à  usage  principal  de  bureau,  d’administration  ou  d’enseignement : Consommation par Energie",4_V4_DPE_6.3a_bis.pdf,0,Vente,Vente,1,TR002_004,Bâtiments ou partie de bâtiment à usage principal autre que d'habitation,Non résidentiel,0,5,0,,,,,,,,,,35,35 - Ile et Vilaine,2,1,0,400,5300,53000,79,400.00,,5,-5,418.70,32.90,51.80,66.90,90.00,28.00,41.00,H2,8.08,12.00,33300,3.40,Ea,2,4,1.50,2
1096100,1435V4000135K,11370,3,4,Méthode Facture,,\N,\N,2014-02-19,2014-06-23,2011-09-15,,,347.00,D,62.00,E,4,"Bureau, Administration, Enseignement",\N,\N,1,1098.90,1098.90,35,Rennes,,,101 AVENUE HENRI FREVILLE,,,RENNES CRIMEE,,,35200,35238,35238,,,\N,\N,1,,999.00,100.00,0.00,0,0,3,0,0,0,0.00,\N,0,0,0.00,53.57,0.00,333.00,333.00,190.00,1,ABCIDIA,4 route de la Noue 91190 GIF SUR YVETTE (détail sur www.cofrac.fr programme n°4-4-11),0,0,2014-06-23 12:07:10,-1.674123,48.087739,0.98,housenumber,101 Avenue Henri Fréville 35200 Rennes,35238_4331_00101,101 AVENUE HENRI FREVILLE,,V4,1,6.3a bis,"Pour  les  bâtiments  à  usage  principal  de  bureau,  d’administration  ou  d’enseignement : Consommation par Energie",4_V4_DPE_6.3a_bis.pdf,0,Vente,Vente,1,TR002_004,Bâtiments ou partie de bâtiment à usage principal autre que d'habitation,Non résidentiel,0,5,0,,,,,,,,,,35,35 - Ile et Vilaine,2,1,0,400,5300,53000,79,400.00,,5,-5,418.70,32.90,51.80,66.90,90.00,28.00,41.00,H2,8.08,12.00,33300,3.40,Ea,2,4,1.50,2
1097339,1435V4000137M,2211,3,4,Méthode Facture,,\N,\N,2014-06-19,2014-06-19,2011-09-15,,,104.00,B,3.00,A,4,"Bureau, Administration, Enseignement",\N,\N,1,488.40,488.40,35,CHARTRES-DE-BRETAGNE,,,"10, Rue Léo LAGRANGE",,,Bat A - Etage RDC gauche et R+1,,,35131,35066,35066,,,\N,\N,2,RDC gauche + R+1,444.00,100.00,0.00,0,0,1,0,0,0,0.00,\N,0,0,0.00,0.00,0.00,0.00,0.00,0.00,1,ICERT,Parc Edonia - Bâtiment G Rue de la Terre Victoria 35760 SAINT GREGOIRE (détail sur www.cofrac.fr programme n°4-4-11),0,0,2014-06-23 15:48:52,-1.692453,48.038409,0.96,housenumber,10 Rue Léo Lagrange 35131 Chartres-de-Bretagne,35066_0238_00010,10 RUE LEO LAGRANGE,,V4,1,6.3a bis,"Pour  les  bâtiments  à  usage  principal  de  bureau,  d’administration  ou  d’enseignement : Consommation par Energie",4_V4_DPE_6.3a_bis.pdf,0,Vente,Vente,1,TR002_004,Bâtiments ou partie de bâtiment à usage principal autre que d'habitation,Non résidentiel,0,5,0,,,,,,,,,,35,35 - Ile et Vilaine,2,1,0,400,5300,53000,79,400.00,,5,-5,418.70,32.90,51.80,66.90,90.00,28.00,41.00,H2,8.08,12.00,33300,3.40,Ea,2,4,1.50,2
1097859,1435V3000030D,7070,3,3,Méthode Facture,,\N,\N,2014-06-23,2014-06-23,2011-09-15,,,147.00,C,4.00,A,4,"Bureau, Administration, Enseignement",\N,\N,1,275.00,275.00,35,SAINT-GRÉGOIRE,,,Rue de la Terre Victoria Bâtiment B,,,,,,35760,35189,35189,"52,53,54",,\N,\N,2,Partie du rez de chaussée,250.00,0.00,0.00,0,0,1,0,0,0,0.00,\N,0,0,0.00,0.00,0.00,0.00,0.00,0.00,1,Icert,Parc Edonia - Bâtiment G Rue de la Terre Victoria 35760 SAINT GREGOIRE (détail sur www.cofrac.fr programme n°4-4-11),0,0,2014-06-23 16:44:09,,,0,,,,,,V3,1,6.3a,"Pour  les  bâtiments  à  usage  principal  de  bureau,  d’administration  ou  d’enseignement : Consommation par Usage",3_V3_DPE_6.3a.pdf,0,Vente,Vente,1,TR002_004,Bâtiments ou partie de bâtiment à usage principal autre que d'habitation,Non résidentiel,0,5,0,,,,,,,,,,35,35 - Ile et Vilaine,2,1,0,400,5300,53000,79,400.00,,5,-5,418.70,32.90,51.80,66.90,90.00,28.00,41.00,H2,8.08,12.00,33300,3.40,Ea,2,4,1.50,2
1097920,1435V4000138N,7070,3,4,Méthode Facture,,\N,\N,2014-05-27,2014-05-27,2011-09-15,,,179.00,C,5.00,A,4,"Bureau, Administration, Enseignement",\N,\N,1947,79.20,79.20,35,RENNES,,,146 E Rue de Lorient ,,,,,,35000,35238,35238,Non communiqué,,\N,\N,2,Partie du rez de chaussée,72.00,100.00,0.00,0,0,1,0,0,0,0.00,\N,0,0,0.00,0.00,0.00,0.00,0.00,0.00,1,Icert,Parc Edonia - Bâtiment G Rue de la Terre Victoria 35760 SAINT GREGOIRE (détail sur www.cofrac.fr programme n°4-4-11),0,0,2014-06-23 16:49:04,-1.714596,48.10853,0.85,housenumber,146e Rue de Lorient 35000 Rennes,35238_5802_00146_e,146E RUE DE LORIENT,,V4,1,6.3a bis,"Pour  les  bâtiments  à  usage  principal  de  bureau,  d’administration  ou  d’enseignement : Consommation par Energie",4_V4_DPE_6.3a_bis.pdf,0,Vente,Vente,1,TR002_004,Bâtiments ou partie de bâtiment à usage principal autre que d'habitation,Non résidentiel,0,5,0,,,,,,,,,,35,35 - Ile et Vilaine,2,1,0,400,5300,53000,79,400.00,,5,-5,418.70,32.90,51.80,66.90,90.00,28.00,41.00,H2,8.08,12.00,33300,3.40,Ea,2,4,1.50,2
1098797,1435XX000009D,8849,2,24,3CL - DPE,V2012,\N,\N,2014-06-23,2014-06-23,2011-08-15,,\N,158.41,C,5.16,A,4,Bureaux,\N,\N,1999,0.00,0.00,35,RENNES,00,\N,Centre d'Affaires Le Bignon,\N,3,\N,1er étage,gauche palier,35000,35238,35238,NC,\N,,\N,2,,0.00,0.00,0.00,0,1,0,0,0,0,0.00,\N,0,0,0.00,0.00,0.00,0.00,0.00,0.00,1,"ICERT 116b, rue Eugène Pottier 35000 RENNES",  ,0,0,2014-06-23 18:34:07,-1.712385,48.130003,0.39,locality,le Bignon 35000 Rennes,35238_4se88a,LE BIGNON,,XX,7,,"Autres cas : Demande de subventions, baux commerciaux, ...",,0,Autres,Autres,7,TR002_004,Bâtiments ou partie de bâtiment à usage principal autre que d'habitation,Non résidentiel,0,5,0,,,,,,,,,,35,35 - Ile et Vilaine,2,1,0,400,5300,53000,79,400.00,,5,-5,418.70,32.90,51.80,66.90,90.00,28.00,41.00,H2,8.08,12.00,33300,3.40,Ea,2,4,1.50,2
1098809,1435XX000010V,8849,2,24,3CL - DPE,V2012,\N,\N,2014-06-23,2014-06-23,2011-08-15,,\N,158.41,C,5.16,A,4,Bureaux,\N,\N,1999,0.00,0.00,35,RENNES,00,\N,Centre d'Affaires Le Bignon,\N,3,\N,1er étage,droite palier,35000,35238,35238,NC,\N,,\N,2,,0.00,0.00,0.00,0,1,0,0,0,0,0.00,\N,0,0,0.00,0.00,0.00,0.00,0.00,0.00,1,"ICERT 116b, rue Eugène Pottier 35000 RENNES",  ,0,0,2014-06-23 18:36:52,-1.712385,48.130003,0.39,locality,le Bignon 35000 Rennes,35238_4se88a,LE BIGNON,,XX,7,,"Autres cas : Demande de subventions, baux commerciaux, ...",,0,Autres,Autres,7,TR002_004,Bâtiments ou partie de bâtiment à usage principal autre que d'habitation,Non résidentiel,0,5,0,,,,,,,,,,35,35 - Ile et Vilaine,2,1,0,400,5300,53000,79,400.00,,5,-5,418.70,32.90,51.80,66.90,90.00,28.00,41.00,H2,8.08,12.00,33300,3.40,Ea,2,4,1.50,2
1100951,1435C2000024E,2211,3,21,Méthode Facture,,\N,\N,2014-06-20,2014-06-20,2011-09-15,,,0.00,N,0.00,N,5,Centres Commerciaux,\N,\N,1,598.40,598.40,35,THORIGNÉ-FOUILLARD,,,Centre Commercial Du Bocage,,,,,,35235,35334,35334,,,,544,1,,544.00,544.00,0.00,0,0,1,0,0,0,0.00,\N,0,0,0.00,0.00,0.00,0.00,0.00,0.00,1,ICERT,Parc Edonia - Bâtiment G Rue de la Terre Victoria 35760 SAINT GREGOIRE (détail sur www.cofrac.fr programme n°4-4-11),1,0,2014-06-24 11:31:42,-1.581613,48.158378,0.38,street,Rue du Bocage 35235 Thorigné-Fouillard,35334_0095,RUE DU BOCAGE,,C2,5,Par énergie,Pour les centres commerciaux,21_C2_DPE_6.b.pdf,0,Centre commercial,Centre commercial,4,TR002_005,Centre Commerciaux,Centres commerciaux,0,4,0,,,,,,,,,,35,35 - Ile et Vilaine,2,1,0,400,5300,53000,79,400.00,,5,-5,418.70,32.90,51.80,66.90,90.00,28.00,41.00,H2,8.08,12.00,33300,3.40,Ea,2,4,1.50,2
1101208,1435V4000139O,2211,3,4,Méthode Facture,,\N,\N,2014-06-19,2014-06-19,2011-09-15,,,310.00,D,10.00,B,4,"Bureau, Administration, Enseignement",\N,\N,1,324.50,324.50,35,CESSON-SÉVIGNÉ,,,"5, Avenue des Peupliers Bâtiment IRIS",,,,,,35510,35051,35051,,,\N,\N,1,,295.00,100.00,0.00,0,0,1,0,0,0,0.00,\N,0,0,0.00,0.00,0.00,0.00,0.00,0.00,1,ICERT,Parc Edonia - Bâtiment G Rue de la Terre Victoria 35760 SAINT GREGOIRE (détail sur www.cofrac.fr programme n°4-4-11),0,0,2014-06-24 12:08:51,-1.60406,48.113118,0.96,housenumber,5 Avenue des Peupliers 35510 Cesson-Sévigné,35051_0511_00005,5 AVENUE DES PEUPLIERS,,V4,1,6.3a bis,"Pour  les  bâtiments  à  usage  principal  de  bureau,  d’administration  ou  d’enseignement : Consommation par Energie",4_V4_DPE_6.3a_bis.pdf,0,Vente,Vente,1,TR002_004,Bâtiments ou partie de bâtiment à usage principal autre que d'habitation,Non résidentiel,0,5,0,,,,,,,,,,35,35 - Ile et Vilaine,2,1,0,400,5300,53000,79,400.00,,5,-5,418.70,32.90,51.80,66.90,90.00,28.00,41.00,H2,8.08,12.00,33300,3.40,Ea,2,4,1.50,2
1103002,1435V4000141H,8058,5,4,FACTURE,VERSION_2012,\N,\N,2014-06-24,2014-06-24,2011-08-15,\N,,0.00,N,0.00,N,4,\N,\N,\N,2008,99.00,99.00,35,RENNES,,\N,141 AVENUE ARISTIDE BRIAND,\N,\N,\N,\N,\N,35000,35238,35238,,\N,\N,0,0,\N,0.00,90.00,0.00,0,0,1,0,0,0,0.00,\N,0,0,0.00,0.00,0.00,0.00,0.00,0.00,1,ICERT,n/c,1,0,2014-06-24 17:01:44,-1.656008,48.110399,0.98,housenumber,141 Avenue Aristide Briand 35000 Rennes,35238_0480_00141,141 AVENUE ARISTIDE BRIAND,,V4,1,6.3a bis,"Pour  les  bâtiments  à  usage  principal  de  bureau,  d’administration  ou  d’enseignement : Consommation par Energie",4_V4_DPE_6.3a_bis.pdf,0,Vente,Vente,1,TR002_004,Bâtiments ou partie de bâtiment à usage principal autre que d'habitation,Non résidentiel,0,5,0,,,,,,,,,,35,35 - Ile et Vilaine,2,1,0,400,5300,53000,79,400.00,,5,-5,418.70,32.90,51.80,66.90,90.00,28.00,41.00,H2,8.08,12.00,33300,3.40,Ea,2,4,1.50,2
1103802,1435V4000143J,4130,2,4,3CL - DPE,V2012,\N,\N,2014-06-10,2014-06-10,2011-08-15,,\N,240.41,D,7.83,B,4,Bureaux,5,12,2004,0.00,0.00,35,saint-grégoire,60,\N,6 parc de Brocéliande,\N,\N,\N,3ème étage,Gauche,35760,35189,35189,NC,\N,,\N,2,,0.00,0.00,0.00,0,1,0,0,0,0,0.00,\N,0,0,0.00,0.00,0.00,0.00,0.00,0.00,1,QUALIXPERT,  ,0,0,2014-06-24 19:40:47,,,0,,,,,,V4,1,6.3a bis,"Pour  les  bâtiments  à  usage  principal  de  bureau,  d’administration  ou  d’enseignement : Consommation par Energie",4_V4_DPE_6.3a_bis.pdf,0,Vente,Vente,1,TR002_004,Bâtiments ou partie de bâtiment à usage principal autre que d'habitation,Non résidentiel,0,5,0,TR012_005,5ème Catégorie,2ème Groupe,0,TR013_012,"W : Administrations, banques, bureaux",1,0,Établissements installés dans un bâtiment,35,35 - Ile et Vilaine,2,1,0,400,5300,53000,79,400.00,,5,-5,418.70,32.90,51.80,66.90,90.00,28.00,41.00,H2,8.08,12.00,33300,3.40,Ea,2,4,1.50,2
