{"type": "FeatureCollection", "features": [{"type": "Feature", "id": "geophyteau_depassement_pnec_par_station.fid-3ad01dd2_19f2e0f0c17_3a6b", "geometry": {"type": "Point", "coordinates": [-1.3658, 48.3161]}, "geometry_name": "geom", "properties": {"id": 16, "code_geo": null, "cdstation": "04161900", "cdinterne": "HC09", "lbstation": "RAU D'EVERRE à SAINT-MARC-SUR-COUESNON", "locprecise": "RUISSEAU D'EVERRE 9", "lbcommune": "SAINT-MARC-SUR-COUESNON", "cd_entite": "J0104700", "nb_depassements_2018": null, "nb_depassements_2019": null, "nb_depassements_2020": null, "nb_depassements_2021": null, "nb_depassements_total": null}}, {"type": "Feature", "id": "geophyteau_depassement_pnec_par_station.fid-3ad01dd2_19f2e0f0c17_3a6c", "geometry": {"type": "Point", "coordinates": [-1.41, 48.3105]}, "geometry_name": "geom", "properties": {"id": 17, "code_geo": null, "cdstation": "04161950", "cdinterne": "HC08", "lbstation": "RAU D'EVERRE à SAINT-OUEN-DES-ALLEUX", "locprecise": "RUISSEAU D'EVERRE 8", "lbcommune": "SAINT-OUEN-DES-ALLEUX", "cd_entite": "J0104700", "nb_depassements_2018": null, "nb_depassements_2019": null, "nb_depassements_2020": null, "nb_depassements_2021": null, "nb_depassements_total": null}}, {"type": "Feature", "id": "geophyteau_depassement_pnec_par_station.fid-3ad01dd2_19f2e0f0c17_3a6d", "geometry": {"type": "Point", "coordinates": [-1.3201, 48.3635]}, "geometry_name": "geom", "properties": {"id": 20, "code_geo": null, "cdstation": "04162080", "cdinterne": "LMM12", "lbstation": "MINETTE à SAINT-SAUVEUR-DES-LANDES", "locprecise": "LA BRUNELAIS", "lbcommune": "SAINT-SAUVEUR-DES-LANDES", "cd_entite": "J0114000", "nb_depassements_2018": null, "nb_depassements_2019": null, "nb_depassements_2020": null, "nb_depassements_2021": null, "nb_depassements_total": null}}, {"type": "Feature", "id": "geophyteau_depassement_pnec_par_station.fid-3ad01dd2_19f2e0f0c17_3a6e", "geometry": {"type": "Point", "coordinates": [-1.3332, 48.3737]}, "geometry_name": "geom", "properties": {"id": 22, "code_geo": null, "cdstation": "04162100", "cdinterne": "DRL", "lbstation": "* à SAINT-ETIENNE-EN-COGLES", "locprecise": "ENSEMBLE LOISANCE", "lbcommune": "SAINT-ÉTIENNE-EN-COGLÈS", "cd_entite": "J---2002", "nb_depassements_2018": null, "nb_depassements_2019": null, "nb_depassements_2020": null, "nb_depassements_2021": null, "nb_depassements_total": null}}, {"type": "Feature", "id": "geophyteau_depassement_pnec_par_station.fid-3ad01dd2_19f2e0f0c17_3a6f", "geometry": {"type": "Point", "coordinates": [-1.3433, 48.3597]}, "geometry_name": "geom", "properties": {"id": 23, "code_geo": null, "cdstation": "04162125", "cdinterne": "LMM11", "lbstation": "RAU DE HEURTELOUP à SAINT-SAUVEUR-DES-LANDES", "locprecise": "LA BARBOTAIS", "lbcommune": "SAINT-SAUVEUR-DES-LANDES", "cd_entite": "J0115200", "nb_depassements_2018": null, "nb_depassements_2019": null, "nb_depassements_2020": null, "nb_depassements_2021": null, "nb_depassements_total": null}}, {"type": "Feature", "id": "geophyteau_depassement_pnec_par_station.fid-3ad01dd2_19f2e0f0c17_3a70", "geometry": {"type": "Point", "coordinates": [-1.4011, 48.3515]}, "geometry_name": "geom", "properties": {"id": 24, "code_geo": null, "cdstation": "04162155", "cdinterne": "LMM3", "lbstation": "GRESLE à TIERCENT (LE)", "locprecise": "LE CHATEAU", "lbcommune": "LE TIERCENT", "cd_entite": "J0116100", "nb_depassements_2018": null, "nb_depassements_2019": null, "nb_depassements_2020": null, "nb_depassements_2021": null, "nb_depassements_total": null}}, {"type": "Feature", "id": "geophyteau_depassement_pnec_par_station.fid-3ad01dd2_19f2e0f0c17_3a71", "geometry": {"type": "Point", "coordinates": [-1.4023, 48.3479]}, "geometry_name": "geom", "properties": {"id": 25, "code_geo": null, "cdstation": "04162157", "cdinterne": "LMM4", "lbstation": "MINETTE à BAILLE", "locprecise": "LES FLEGES", "lbcommune": "BAILLÉ", "cd_entite": "J0114000", "nb_depassements_2018": null, "nb_depassements_2019": null, "nb_depassements_2020": null, "nb_depassements_2021": null, "nb_depassements_total": null}}, {"type": "Feature", "id": "geophyteau_depassement_pnec_par_station.fid-3ad01dd2_19f2e0f0c17_3a72", "geometry": {"type": "Point", "coordinates": [-1.4071, 48.3467]}, "geometry_name": "geom", "properties": {"id": 26, "code_geo": null, "cdstation": "04162165", "cdinterne": "LMM9", "lbstation": "RAU DES LANDES DE ST-HILAIRE à SAINT-OUEN-DES-ALLEUX", "locprecise": "SAINT MARTIN", "lbcommune": "SAINT-OUEN-DES-ALLEUX", "cd_entite": "J0116500", "nb_depassements_2018": null, "nb_depassements_2019": null, "nb_depassements_2020": null, "nb_depassements_2021": null, "nb_depassements_total": null}}, {"type": "Feature", "id": "geophyteau_depassement_pnec_par_station.fid-3ad01dd2_19f2e0f0c17_3a73", "geometry": {"type": "Point", "coordinates": [-1.4136, 48.3544]}, "geometry_name": "geom", "properties": {"id": 27, "code_geo": null, "cdstation": "04162170", "cdinterne": "LMM2", "lbstation": "RUISSEAU DE LA GRAVELLE à SAINT-MARC-LE-BLANC", "locprecise": "LA COUVRIE GRESLIN", "lbcommune": "SAINT-MARC-LE-BLANC", "cd_entite": "J0116550", "nb_depassements_2018": null, "nb_depassements_2019": null, "nb_depassements_2020": null, "nb_depassements_2021": null, "nb_depassements_total": null}}, {"type": "Feature", "id": "geophyteau_depassement_pnec_par_station.fid-3ad01dd2_19f2e0f0c17_3a74", "geometry": {"type": "Point", "coordinates": [-1.4197, 48.3557]}, "geometry_name": "geom", "properties": {"id": 28, "code_geo": null, "cdstation": "04162175", "cdinterne": "LMM21", "lbstation": "RUISSEAU DE LA CONTERIE à SAINT-MARC-LE-BLANC", "locprecise": "LA GUIBERTIERE", "lbcommune": "SAINT-MARC-LE-BLANC", "cd_entite": "J0116600", "nb_depassements_2018": null, "nb_depassements_2019": null, "nb_depassements_2020": null, "nb_depassements_2021": null, "nb_depassements_total": null}}, {"type": "Feature", "id": "geophyteau_depassement_pnec_par_station.fid-3ad01dd2_19f2e0f0c17_3a75", "geometry": {"type": "Point", "coordinates": [-1.4433, 48.3461]}, "geometry_name": "geom", "properties": {"id": 29, "code_geo": null, "cdstation": "04162180", "cdinterne": "LMM8", "lbstation": "RAU DE VILLE À SAINT-CHRISTOPHE-DE-VALAINS", "locprecise": "4 VOCADIERE", "lbcommune": "SAINT-CHRISTOPHE-DE-VALAINS", "cd_entite": "J0116900", "nb_depassements_2018": null, "nb_depassements_2019": null, "nb_depassements_2020": null, "nb_depassements_2021": null, "nb_depassements_total": null}}, {"type": "Feature", "id": "geophyteau_depassement_pnec_par_station.fid-3ad01dd2_19f2e0f0c17_3a76", "geometry": {"type": "Point", "coordinates": [-1.4493, 48.3469]}, "geometry_name": "geom", "properties": {"id": 30, "code_geo": null, "cdstation": "04162250", "cdinterne": null, "lbstation": "MINETTE à LE TIERCENT", "locprecise": "LA SEVINAIS", "lbcommune": "LE TIERCENT", "cd_entite": "J0114000", "nb_depassements_2018": null, "nb_depassements_2019": null, "nb_depassements_2020": null, "nb_depassements_2021": null, "nb_depassements_total": null}}, {"type": "Feature", "id": "geophyteau_depassement_pnec_par_station.fid-3ad01dd2_19f2e0f0c17_3a77", "geometry": {"type": "Point", "coordinates": [-1.3091, 48.3013]}, "geometry_name": "geom", "properties": {"id": 64, "code_geo": null, "cdstation": "04161650", "cdinterne": "HC04", "lbstation": "COUESNON à VENDEL", "locprecise": "LE COUESNON 4", "lbcommune": "VENDEL", "cd_entite": "J0--0150", "nb_depassements_2018": null, "nb_depassements_2019": null, "nb_depassements_2020": null, "nb_depassements_2021": null, "nb_depassements_total": null}}, {"type": "Feature", "id": "geophyteau_depassement_pnec_par_station.fid-3ad01dd2_19f2e0f0c17_3a78", "geometry": {"type": "Point", "coordinates": [-1.3361, 48.2897]}, "geometry_name": "geom", "properties": {"id": 65, "code_geo": null, "cdstation": "04161700", "cdinterne": "HC03", "lbstation": "COUESNON à SAINT-MARC-SUR-COUESNON", "locprecise": "LE COUESNON 3", "lbcommune": "SAINT-MARC-SUR-COUESNON", "cd_entite": "J0--0150", "nb_depassements_2018": null, "nb_depassements_2019": null, "nb_depassements_2020": null, "nb_depassements_2021": null, "nb_depassements_total": null}}, {"type": "Feature", "id": "geophyteau_depassement_pnec_par_station.fid-3ad01dd2_19f2e0f0c17_3a79", "geometry": {"type": "Point", "coordinates": [-1.3758, 48.2984]}, "geometry_name": "geom", "properties": {"id": 66, "code_geo": null, "cdstation": "04161800", "cdinterne": "HC02", "lbstation": "COUESNON à SAINT-MARC-SUR-COUESNON", "locprecise": "LE COUESNON 2", "lbcommune": "SAINT-MARC-SUR-COUESNON", "cd_entite": "J0--0150", "nb_depassements_2018": null, "nb_depassements_2019": null, "nb_depassements_2020": null, "nb_depassements_2021": null, "nb_depassements_total": null}}, {"type": "Feature", "id": "geophyteau_depassement_pnec_par_station.fid-3ad01dd2_19f2e0f0c17_3a7a", "geometry": {"type": "Point", "coordinates": [-2.0129, 48.3467]}, "geometry_name": "geom", "properties": {"id": 94, "code_geo": null, "cdstation": "04165100", "cdinterne": null, "lbstation": "HAC à TREFUMEL", "locprecise": "PONT SUR RD39 A L'ENTREE DU QUIOU", "lbcommune": "TRÉFUMEL", "cd_entite": "J0634600", "nb_depassements_2018": 23, "nb_depassements_2019": null, "nb_depassements_2020": 53, "nb_depassements_2021": 20, "nb_depassements_total": 96}}, {"type": "Feature", "id": "geophyteau_depassement_pnec_par_station.fid-3ad01dd2_19f2e0f0c17_3a7b", "geometry": {"type": "Point", "coordinates": [-2.0096, 48.2468]}, "geometry_name": "geom", "properties": {"id": 117, "code_geo": null, "cdstation": "04164877", "cdinterne": "HR14", "lbstation": "RAU DU MOULIN DU LOU à LANDUJAN", "locprecise": "N - MOULIN DU LOU - LANDUJAN - LA CORNILLERAIS", "lbcommune": "LANDUJAN", "cd_entite": "J0627500", "nb_depassements_2018": null, "nb_depassements_2019": null, "nb_depassements_2020": null, "nb_depassements_2021": null, "nb_depassements_total": null}}, {"type": "Feature", "id": "geophyteau_depassement_pnec_par_station.fid-3ad01dd2_19f2e0f0c17_3a7c", "geometry": {"type": "Point", "coordinates": [-2.0026, 48.2457]}, "geometry_name": "geom", "properties": {"id": 673, "code_geo": null, "cdstation": "04164875", "cdinterne": "HR13", "lbstation": "NEAL OU RAU DU MOULIN DU BOUVET à LANDUJAN", "locprecise": "M - MOULIN DU BOUVET - LANDUJAN - LE PONT TUAL", "lbcommune": "LANDUJAN", "cd_entite": "J0626600", "nb_depassements_2018": null, "nb_depassements_2019": null, "nb_depassements_2020": null, "nb_depassements_2021": null, "nb_depassements_total": null}}, {"type": "Feature", "id": "geophyteau_depassement_pnec_par_station.fid-3ad01dd2_19f2e0f0c17_3a7d", "geometry": {"type": "Point", "coordinates": [-1.9809, 47.9052]}, "geometry_name": "geom", "properties": {"id": 914, "code_geo": null, "cdstation": "04199517", "cdinterne": "AFEMM9", "lbstation": "RAU DE HAMON à MERNEL", "locprecise": "NORD DE LA PACAUDAIS", "lbcommune": "MERNEL", "cd_entite": "J8646700", "nb_depassements_2018": null, "nb_depassements_2019": null, "nb_depassements_2020": null, "nb_depassements_2021": null, "nb_depassements_total": null}}, {"type": "Feature", "id": "geophyteau_depassement_pnec_par_station.fid-3ad01dd2_19f2e0f0c17_3a7e", "geometry": {"type": "Point", "coordinates": [-1.9494, 47.911]}, "geometry_name": "geom", "properties": {"id": 915, "code_geo": null, "cdstation": "04199520", "cdinterne": "AFEMM7", "lbstation": "RAU DE HAMON à MERNEL", "locprecise": "EXUTOIRE, EST DE LA BOUEXIERE", "lbcommune": "MERNEL", "cd_entite": "J8646700", "nb_depassements_2018": null, "nb_depassements_2019": null, "nb_depassements_2020": null, "nb_depassements_2021": null, "nb_depassements_total": null}}, {"type": "Feature", "id": "geophyteau_depassement_pnec_par_station.fid-3ad01dd2_19f2e0f0c17_3a7f", "geometry": {"type": "Point", "coordinates": [-1.9451, 47.9104]}, "geometry_name": "geom", "properties": {"id": 916, "code_geo": null, "cdstation": "04199522", "cdinterne": "AFEMM11", "lbstation": "* à CHAPELLE-BOUEXIC (LA)", "locprecise": "EXUTOIRE, EST DE LA BOUEXIERE (CHAMP)", "lbcommune": "LA CHAPELLE-BOUËXIC", "cd_entite": "J8646900", "nb_depassements_2018": null, "nb_depassements_2019": null, "nb_depassements_2020": null, "nb_depassements_2021": null, "nb_depassements_total": null}}, {"type": "Feature", "id": "geophyteau_depassement_pnec_par_station.fid-3ad01dd2_19f2e0f0c17_3a80", "geometry": {"type": "Point", "coordinates": [-1.9495, 47.9047]}, "geometry_name": "geom", "properties": {"id": 917, "code_geo": null, "cdstation": "04199523", "cdinterne": "AFEMM6", "lbstation": "* à MERNEL", "locprecise": "NORD DE DELEIX", "lbcommune": "MERNEL", "cd_entite": "J8647000", "nb_depassements_2018": null, "nb_depassements_2019": null, "nb_depassements_2020": null, "nb_depassements_2021": null, "nb_depassements_total": null}}, {"type": "Feature", "id": "geophyteau_depassement_pnec_par_station.fid-3ad01dd2_19f2e0f0c17_3a81", "geometry": {"type": "Point", "coordinates": [-1.9472, 47.8887]}, "geometry_name": "geom", "properties": {"id": 919, "code_geo": null, "cdstation": "04199527", "cdinterne": "AFEMM13", "lbstation": "* à MERNEL", "locprecise": "EXUTOIRE, NORD INTERSECTION LE COMBS-D 772", "lbcommune": "MERNEL", "cd_entite": "J8647200", "nb_depassements_2018": null, "nb_depassements_2019": null, "nb_depassements_2020": null, "nb_depassements_2021": null, "nb_depassements_total": null}}, {"type": "Feature", "id": "geophyteau_depassement_pnec_par_station.fid-3ad01dd2_19f2e0f0c17_3a82", "geometry": {"type": "Point", "coordinates": [-1.3003, 48.1181]}, "geometry_name": "geom", "properties": {"id": 999, "code_geo": null, "cdstation": "04201747", "cdinterne": "HVEc", "lbstation": "CANTACHE à SAINT-JEAN-SUR-VILAINE", "locprecise": "EXUTOIRE CANTACHE", "lbcommune": "SAINT-JEAN-SUR-VILAINE", "cd_entite": "J70-0300", "nb_depassements_2018": null, "nb_depassements_2019": null, "nb_depassements_2020": null, "nb_depassements_2021": null, "nb_depassements_total": null}}, {"type": "Feature", "id": "geophyteau_depassement_pnec_par_station.fid-3ad01dd2_19f2e0f0c17_3a83", "geometry": {"type": "Point", "coordinates": [-1.4299, 48.3262]}, "geometry_name": "geom", "properties": {"id": 1069, "code_geo": null, "cdstation": "04301011", "cdinterne": null, "lbstation": "RAU DE VILLEE A SAINT-OUEN-LES-ALLEUX", "locprecise": "PRELEVEMENTS EFFECTUES EN AVAL D102", "lbcommune": "SAINT-OUEN-DES-ALLEUX", "cd_entite": "J0116900", "nb_depassements_2018": null, "nb_depassements_2019": null, "nb_depassements_2020": null, "nb_depassements_2021": null, "nb_depassements_total": null}}, {"type": "Feature", "id": "geophyteau_depassement_pnec_par_station.fid-3ad01dd2_19f2e0f0c17_3a84", "geometry": {"type": "Point", "coordinates": [-1.8822, 47.9229]}, "geometry_name": "geom", "properties": {"id": 1145, "code_geo": null, "cdstation": "04199502", "cdinterne": "AFEHer4", "lbstation": "RAU DE LA PELONNAIS à GUIGNEN", "locprecise": "GUIGNEN", "lbcommune": "GUIGNEN", "cd_entite": "J8646200", "nb_depassements_2018": null, "nb_depassements_2019": null, "nb_depassements_2020": null, "nb_depassements_2021": null, "nb_depassements_total": null}}, {"type": "Feature", "id": "geophyteau_depassement_pnec_par_station.fid-3ad01dd2_19f2e0f0c17_3a85", "geometry": {"type": "Point", "coordinates": [-1.897, 47.9226]}, "geometry_name": "geom", "properties": {"id": 1146, "code_geo": null, "cdstation": "04199505", "cdinterne": "AFEHer1", "lbstation": "RAU DE LA HESNAIS OU DU MOULIN DU VAL à GUIGNEN", "locprecise": "GUIGNEN", "lbcommune": "GUIGNEN", "cd_entite": "J8645800", "nb_depassements_2018": null, "nb_depassements_2019": null, "nb_depassements_2020": null, "nb_depassements_2021": null, "nb_depassements_total": null}}, {"type": "Feature", "id": "geophyteau_depassement_pnec_par_station.fid-3ad01dd2_19f2e0f0c17_3a86", "geometry": {"type": "Point", "coordinates": [-1.9528, 47.9241]}, "geometry_name": "geom", "properties": {"id": 1147, "code_geo": null, "cdstation": "04199513", "cdinterne": "AFE8", "lbstation": "COMBS à MAURE-DE-BRETAGNE", "locprecise": "SUD BOUT DE LA LANDE (PONT)", "lbcommune": "MAURE-DE-BRETAGNE", "cd_entite": "J86-0300", "nb_depassements_2018": null, "nb_depassements_2019": null, "nb_depassements_2020": null, "nb_depassements_2021": null, "nb_depassements_total": null}}, {"type": "Feature", "id": "geophyteau_depassement_pnec_par_station.fid-3ad01dd2_19f2e0f0c17_3a87", "geometry": {"type": "Point", "coordinates": [-1.9374, 47.9173]}, "geometry_name": "geom", "properties": {"id": 1148, "code_geo": null, "cdstation": "04199515", "cdinterne": "AFE7", "lbstation": "RAU DE LA HESNAIS OU DU MOULIN DU VAL à CHAPELLE-BOUEXIC (LA", "locprecise": "LA BREHOTAIS", "lbcommune": "LA CHAPELLE-BOUËXIC", "cd_entite": "J8645800", "nb_depassements_2018": null, "nb_depassements_2019": null, "nb_depassements_2020": null, "nb_depassements_2021": null, "nb_depassements_total": null}}, {"type": "Feature", "id": "geophyteau_depassement_pnec_par_station.fid-3ad01dd2_19f2e0f0c17_3a88", "geometry": {"type": "Point", "coordinates": [-1.9917, 47.8946]}, "geometry_name": "geom", "properties": {"id": 1149, "code_geo": null, "cdstation": "04199516", "cdinterne": "AFEMM5", "lbstation": "RAU DU MOULIN DE MAURE OU RAU DE QUERPON à MERNEL", "locprecise": "BOURG", "lbcommune": "MERNEL", "cd_entite": "J8654000", "nb_depassements_2018": null, "nb_depassements_2019": null, "nb_depassements_2020": null, "nb_depassements_2021": null, "nb_depassements_total": null}}, {"type": "Feature", "id": "geophyteau_depassement_pnec_par_station.fid-3ad01dd2_19f2e0f0c17_3a89", "geometry": {"type": "Point", "coordinates": [-1.9921, 47.8921]}, "geometry_name": "geom", "properties": {"id": 1150, "code_geo": null, "cdstation": "04199521", "cdinterne": "AFEMM4", "lbstation": "RAU DES PRES DE LA GILARDAIS à MAURE-DE-BRETAGNE", "locprecise": "BOURG", "lbcommune": "MAURE-DE-BRETAGNE", "cd_entite": "J8654100", "nb_depassements_2018": null, "nb_depassements_2019": null, "nb_depassements_2020": null, "nb_depassements_2021": null, "nb_depassements_total": null}}, {"type": "Feature", "id": "geophyteau_depassement_pnec_par_station.fid-3ad01dd2_19f2e0f0c17_3a8a", "geometry": {"type": "Point", "coordinates": [-1.9659, 47.8885]}, "geometry_name": "geom", "properties": {"id": 1151, "code_geo": null, "cdstation": "04199524", "cdinterne": "AFEMM3", "lbstation": "* à MERNEL", "locprecise": "EST DE SAINT-SOLAIN", "lbcommune": "MERNEL", "cd_entite": "J8654200", "nb_depassements_2018": null, "nb_depassements_2019": null, "nb_depassements_2020": null, "nb_depassements_2021": null, "nb_depassements_total": null}}, {"type": "Feature", "id": "geophyteau_depassement_pnec_par_station.fid-3ad01dd2_19f2e0f0c17_3a8b", "geometry": {"type": "Point", "coordinates": [-1.9687, 47.8853]}, "geometry_name": "geom", "properties": {"id": 1152, "code_geo": null, "cdstation": "04199526", "cdinterne": "AFEMM2", "lbstation": "RAU DU MOULIN DE MAURE OU RAU DE QUERPON à MAURE-DE-BRETAGNE", "locprecise": "SUD DE  BON ABRI", "lbcommune": "MAURE-DE-BRETAGNE", "cd_entite": "J8654000", "nb_depassements_2018": null, "nb_depassements_2019": null, "nb_depassements_2020": null, "nb_depassements_2021": null, "nb_depassements_total": null}}, {"type": "Feature", "id": "geophyteau_depassement_pnec_par_station.fid-3ad01dd2_19f2e0f0c17_3a8c", "geometry": {"type": "Point", "coordinates": [-1.9588, 47.8859]}, "geometry_name": "geom", "properties": {"id": 1153, "code_geo": null, "cdstation": "04199528", "cdinterne": "AFEMM1", "lbstation": "RAU DU MOULIN DE MAURE OU RAU DE QUERPON à MERNEL", "locprecise": "EXUTOIRE- SUD DE LA HAUTE VILLE", "lbcommune": "MERNEL", "cd_entite": "J8654000", "nb_depassements_2018": null, "nb_depassements_2019": null, "nb_depassements_2020": null, "nb_depassements_2021": null, "nb_depassements_total": null}}, {"type": "Feature", "id": "geophyteau_depassement_pnec_par_station.fid-3ad01dd2_19f2e0f0c17_3a8d", "geometry": {"type": "Point", "coordinates": [-1.9547, 47.8765]}, "geometry_name": "geom", "properties": {"id": 1154, "code_geo": null, "cdstation": "04199530", "cdinterne": null, "lbstation": "COMBS à MAURE-DE-BRETAGNE", "locprecise": "COMPESSY. STATION LIMNGRAPHIQUE", "lbcommune": "MAURE-DE-BRETAGNE", "cd_entite": "J86-0300", "nb_depassements_2018": null, "nb_depassements_2019": null, "nb_depassements_2020": null, "nb_depassements_2021": null, "nb_depassements_total": null}}, {"type": "Feature", "id": "geophyteau_depassement_pnec_par_station.fid-3ad01dd2_19f2e0f0c17_3a8e", "geometry": {"type": "Point", "coordinates": [-1.9786, 47.8554]}, "geometry_name": "geom", "properties": {"id": 1155, "code_geo": null, "cdstation": "04199545", "cdinterne": "AFE5", "lbstation": "RAU DE LA BELTIERE à MAURE-DE-BRETAGNE", "locprecise": "EXUTOIRE, SUD FILIAIS", "lbcommune": "MAURE-DE-BRETAGNE", "cd_entite": "J8655200", "nb_depassements_2018": null, "nb_depassements_2019": null, "nb_depassements_2020": null, "nb_depassements_2021": null, "nb_depassements_total": null}}, {"type": "Feature", "id": "geophyteau_depassement_pnec_par_station.fid-3ad01dd2_19f2e0f0c17_3a8f", "geometry": {"type": "Point", "coordinates": [-1.999, 47.8509]}, "geometry_name": "geom", "properties": {"id": 1156, "code_geo": null, "cdstation": "04199560", "cdinterne": null, "lbstation": "COMBS À PIPRIAC", "locprecise": "AMONT PT D50 AU MOULIN DU PONT A ST SEGLIN", "lbcommune": "PIPRIAC", "cd_entite": "J86-0300", "nb_depassements_2018": null, "nb_depassements_2019": null, "nb_depassements_2020": null, "nb_depassements_2021": null, "nb_depassements_total": null}}, {"type": "Feature", "id": "geophyteau_depassement_pnec_par_station.fid-3ad01dd2_19f2e0f0c17_3a90", "geometry": {"type": "Point", "coordinates": [-1.6824, 48.0403]}, "geometry_name": "geom", "properties": {"id": 1194, "code_geo": null, "cdstation": "04374003", "cdinterne": null, "lbstation": "ORSON A NOYAL-CHATILLON-SUR-SEICHE", "locprecise": "CHEMIN EN AMONT D34", "lbcommune": "NOYAL-CHÂTILLON-SUR-SEICHE", "cd_entite": null, "nb_depassements_2018": 46, "nb_depassements_2019": null, "nb_depassements_2020": null, "nb_depassements_2021": null, "nb_depassements_total": 46}}, {"type": "Feature", "id": "geophyteau_depassement_pnec_par_station.fid-3ad01dd2_19f2e0f0c17_3a91", "geometry": {"type": "Point", "coordinates": [-2.0011, 47.9285]}, "geometry_name": "geom", "properties": {"id": 1226, "code_geo": null, "cdstation": "AFEM1", "cdinterne": null, "lbstation": "Non renseignée", "locprecise": "Non renseignée", "lbcommune": "CAMPEL", "cd_entite": null, "nb_depassements_2018": null, "nb_depassements_2019": null, "nb_depassements_2020": null, "nb_depassements_2021": null, "nb_depassements_total": null}}, {"type": "Feature", "id": "geophyteau_depassement_pnec_par_station.fid-3ad01dd2_19f2e0f0c17_3a92", "geometry": {"type": "Point", "coordinates": [-2.0013, 47.9259]}, "geometry_name": "geom", "properties": {"id": 1227, "code_geo": null, "cdstation": "AFEM2", "cdinterne": null, "lbstation": "Non renseignée", "locprecise": "Non renseignée", "lbcommune": "MAURE-DE-BRETAGNE", "cd_entite": null, "nb_depassements_2018": null, "nb_depassements_2019": null, "nb_depassements_2020": null, "nb_depassements_2021": null, "nb_depassements_total": null}}, {"type": "Feature", "id": "geophyteau_depassement_pnec_par_station.fid-3ad01dd2_19f2e0f0c17_3a93", "geometry": {"type": "Point", "coordinates": [-1.9498, 47.8721]}, "geometry_name": "geom", "properties": {"id": 1260, "code_geo": null, "cdstation": "AFEGR2", "cdinterne": null, "lbstation": "Non renseignée", "locprecise": "Non renseignée", "lbcommune": "MAURE-DE-BRETAGNE", "cd_entite": null, "nb_depassements_2018": null, "nb_depassements_2019": null, "nb_depassements_2020": null, "nb_depassements_2021": null, "nb_depassements_total": null}}, {"type": "Feature", "id": "geophyteau_depassement_pnec_par_station.fid-3ad01dd2_19f2e0f0c17_3a94", "geometry": {"type": "Point", "coordinates": [-1.9402, 47.87]}, "geometry_name": "geom", "properties": {"id": 1261, "code_geo": null, "cdstation": "AFEGR3", "cdinterne": null, "lbstation": "Non renseignée", "locprecise": "Non renseignée", "lbcommune": "MAURE-DE-BRETAGNE", "cd_entite": null, "nb_depassements_2018": null, "nb_depassements_2019": null, "nb_depassements_2020": null, "nb_depassements_2021": null, "nb_depassements_total": null}}, {"type": "Feature", "id": "geophyteau_depassement_pnec_par_station.fid-3ad01dd2_19f2e0f0c17_3a95", "geometry": {"type": "Point", "coordinates": [-1.9664, 48.0291]}, "geometry_name": "geom", "properties": {"id": 1264, "code_geo": null, "cdstation": "CC101", "cdinterne": "CC101", "lbstation": "* (RG retenue Chèze) à Saint-Thurial", "locprecise": "Le Champ Porché", "lbcommune": "SAINT-THURIAL", "cd_entite": null, "nb_depassements_2018": null, "nb_depassements_2019": null, "nb_depassements_2020": null, "nb_depassements_2021": null, "nb_depassements_total": null}}, {"type": "Feature", "id": "geophyteau_depassement_pnec_par_station.fid-3ad01dd2_19f2e0f0c17_3a96", "geometry": {"type": "Point", "coordinates": [-2.0165, 47.9754]}, "geometry_name": "geom", "properties": {"id": 1268, "code_geo": null, "cdstation": "CC162", "cdinterne": "CC162", "lbstation": "* (affl. RD Canut) à Maxent", "locprecise": "Le Haut Guily (amont CC163)", "lbcommune": "MAXENT", "cd_entite": "J7514100", "nb_depassements_2018": null, "nb_depassements_2019": null, "nb_depassements_2020": null, "nb_depassements_2021": null, "nb_depassements_total": null}}, {"type": "Feature", "id": "geophyteau_depassement_pnec_par_station.fid-3ad01dd2_19f2e0f0c17_3a97", "geometry": {"type": "Point", "coordinates": [-1.9812, 48.0212]}, "geometry_name": "geom", "properties": {"id": 1269, "code_geo": null, "cdstation": "CC100", "cdinterne": "CC100", "lbstation": "(rau de David) à Treffendel", "locprecise": "anse du rau de David", "lbcommune": "TREFFENDEL", "cd_entite": "J7364800", "nb_depassements_2018": null, "nb_depassements_2019": null, "nb_depassements_2020": null, "nb_depassements_2021": null, "nb_depassements_total": null}}, {"type": "Feature", "id": "geophyteau_depassement_pnec_par_station.fid-3ad01dd2_19f2e0f0c17_3a98", "geometry": {"type": "Point", "coordinates": [-1.991, 47.9984]}, "geometry_name": "geom", "properties": {"id": 1271, "code_geo": null, "cdstation": "CC220", "cdinterne": "CC220", "lbstation": "* à Maxent", "locprecise": "entrée retenue de La Musse", "lbcommune": "MAXENT", "cd_entite": null, "nb_depassements_2018": null, "nb_depassements_2019": null, "nb_depassements_2020": null, "nb_depassements_2021": null, "nb_depassements_total": null}}, {"type": "Feature", "id": "geophyteau_depassement_pnec_par_station.fid-3ad01dd2_19f2e0f0c17_3a99", "geometry": {"type": "Point", "coordinates": [-2.0102, 48.0182]}, "geometry_name": "geom", "properties": {"id": 1274, "code_geo": null, "cdstation": "CC832", "cdinterne": "CC832", "lbstation": "* (tributaire anse du Tronchet) à Treffendel", "locprecise": "Lénéheuc (sud)", "lbcommune": "TREFFENDEL", "cd_entite": null, "nb_depassements_2018": null, "nb_depassements_2019": null, "nb_depassements_2020": null, "nb_depassements_2021": null, "nb_depassements_total": null}}, {"type": "Feature", "id": "geophyteau_depassement_pnec_par_station.fid-3ad01dd2_19f2e0f0c17_3a9a", "geometry": {"type": "Point", "coordinates": [-2.0083, 48.0211]}, "geometry_name": "geom", "properties": {"id": 1275, "code_geo": null, "cdstation": "CC84", "cdinterne": "CC84", "lbstation": "* (tributaire anse du Tronchet) à Treffendel", "locprecise": "Le Foutel", "lbcommune": "TREFFENDEL", "cd_entite": null, "nb_depassements_2018": null, "nb_depassements_2019": null, "nb_depassements_2020": null, "nb_depassements_2021": null, "nb_depassements_total": null}}, {"type": "Feature", "id": "geophyteau_depassement_pnec_par_station.fid-3ad01dd2_19f2e0f0c17_3a9b", "geometry": {"type": "Point", "coordinates": [-1.9506, 48.0212]}, "geometry_name": "geom", "properties": {"id": 1276, "code_geo": null, "cdstation": "CC91", "cdinterne": "CC91", "lbstation": "* (RD retenue Chèze) à Saint-Thurial", "locprecise": "Marsac", "lbcommune": "SAINT-THURIAL", "cd_entite": null, "nb_depassements_2018": null, "nb_depassements_2019": null, "nb_depassements_2020": null, "nb_depassements_2021": null, "nb_depassements_total": null}}, {"type": "Feature", "id": "geophyteau_depassement_pnec_par_station.fid-3ad01dd2_19f2e0f0c17_3a9c", "geometry": {"type": "Point", "coordinates": [-1.9059, 48.3406]}, "geometry_name": "geom", "properties": {"id": 1285, "code_geo": null, "cdstation": "LN14", "cdinterne": "LN14", "lbstation": "Romoulin à SAINT-THUAL", "locprecise": "le Vieux Bourg - aval confluence rau Ville-Orieux", "lbcommune": "SAINT-THUAL", "cd_entite": "J0724400", "nb_depassements_2018": null, "nb_depassements_2019": null, "nb_depassements_2020": null, "nb_depassements_2021": null, "nb_depassements_total": null}}, {"type": "Feature", "id": "geophyteau_depassement_pnec_par_station.fid-3ad01dd2_19f2e0f0c17_3a9d", "geometry": {"type": "Point", "coordinates": [-1.9133, 48.107]}, "geometry_name": "geom", "properties": {"id": 1302, "code_geo": null, "cdstation": "04208570", "cdinterne": "ME6a", "lbstation": "MEU à TALENSAC", "locprecise": "MOULIN DU GUERN", "lbcommune": "TALENSAC", "cd_entite": "J73-0300", "nb_depassements_2018": 12, "nb_depassements_2019": 11, "nb_depassements_2020": 13, "nb_depassements_2021": 16, "nb_depassements_total": 52}}, {"type": "Feature", "id": "geophyteau_depassement_pnec_par_station.fid-3ad01dd2_19f2e0f0c17_3a9e", "geometry": {"type": "Point", "coordinates": [-1.3023, 48.1144]}, "geometry_name": "geom", "properties": {"id": 1321, "code_geo": null, "cdstation": "04201750", "cdinterne": "HVE1", "lbstation": "VILAINE à SAINT-AUBIN-DES-LANDES", "locprecise": "MOULIN DE LA MOTTE", "lbcommune": "SAINT-AUBIN-DES-LANDES", "cd_entite": "J---0060", "nb_depassements_2018": null, "nb_depassements_2019": null, "nb_depassements_2020": null, "nb_depassements_2021": null, "nb_depassements_total": null}}, {"type": "Feature", "id": "geophyteau_depassement_pnec_par_station.fid-3ad01dd2_19f2e0f0c17_3a9f", "geometry": {"type": "Point", "coordinates": [-1.4945, 48.193]}, "geometry_name": "geom", "properties": {"id": 1325, "code_geo": null, "cdstation": "04370016", "cdinterne": "GALES1", "lbstation": "RAU DE LA GALESNAIS A LIFFRE", "locprecise": "LA BASSE GAILLARDIERE", "lbcommune": "LIFFRÉ", "cd_entite": null, "nb_depassements_2018": null, "nb_depassements_2019": null, "nb_depassements_2020": null, "nb_depassements_2021": null, "nb_depassements_total": null}}, {"type": "Feature", "id": "geophyteau_depassement_pnec_par_station.fid-3ad01dd2_19f2e0f0c17_3aa0", "geometry": {"type": "Point", "coordinates": [-1.3921, 48.1222]}, "geometry_name": "geom", "properties": {"id": 1329, "code_geo": null, "cdstation": "04202000", "cdinterne": null, "lbstation": "RAU DE LA VALLEE ou DE LA GAILLARDIERE à CHATEAUBOURG", "locprecise": "AVAL DE L'ETANG DE FAYELLE", "lbcommune": "CHÂTEAUBOURG", "cd_entite": "J7066900", "nb_depassements_2018": null, "nb_depassements_2019": null, "nb_depassements_2020": null, "nb_depassements_2021": null, "nb_depassements_total": null}}, {"type": "Feature", "id": "geophyteau_depassement_pnec_par_station.fid-3ad01dd2_19f2e0f0c17_3aa1", "geometry": {"type": "Point", "coordinates": [-1.4292, 48.1113]}, "geometry_name": "geom", "properties": {"id": 1330, "code_geo": null, "cdstation": "04203000", "cdinterne": null, "lbstation": "VILAINE à CHATEAUBOURG", "locprecise": "AVAL DE CHATEAUBOURG", "lbcommune": "CHÂTEAUBOURG", "cd_entite": "J---0060", "nb_depassements_2018": null, "nb_depassements_2019": null, "nb_depassements_2020": null, "nb_depassements_2021": null, "nb_depassements_total": null}}, {"type": "Feature", "id": "geophyteau_depassement_pnec_par_station.fid-3ad01dd2_19f2e0f0c17_3aa2", "geometry": {"type": "Point", "coordinates": [-1.4088, 48.1953]}, "geometry_name": "geom", "properties": {"id": 1331, "code_geo": null, "cdstation": "04203950", "cdinterne": null, "lbstation": "CHEVRE OU VEUVRE à DOURDAIN", "locprecise": "MOULIN ORY", "lbcommune": "DOURDAIN", "cd_entite": "J70-0310", "nb_depassements_2018": null, "nb_depassements_2019": null, "nb_depassements_2020": null, "nb_depassements_2021": null, "nb_depassements_total": null}}, {"type": "Feature", "id": "geophyteau_depassement_pnec_par_station.fid-3ad01dd2_19f2e0f0c17_3aa3", "geometry": {"type": "Point", "coordinates": [-1.6095, 48.1135]}, "geometry_name": "geom", "properties": {"id": 1332, "code_geo": null, "cdstation": "04204600", "cdinterne": null, "lbstation": "VILAINE à CESSON-SEVIGNE", "locprecise": "AMONT PARC DES LOISIRS", "lbcommune": "CESSON-SÉVIGNÉ", "cd_entite": "J---0060", "nb_depassements_2018": null, "nb_depassements_2019": null, "nb_depassements_2020": null, "nb_depassements_2021": null, "nb_depassements_total": null}}, {"type": "Feature", "id": "geophyteau_depassement_pnec_par_station.fid-3ad01dd2_19f2e0f0c17_3aa4", "geometry": {"type": "Point", "coordinates": [-1.6444, 48.1116]}, "geometry_name": "geom", "properties": {"id": 1333, "code_geo": null, "cdstation": "04205000", "cdinterne": null, "lbstation": "VILAINE à CESSON-SEVIGNE", "locprecise": "AMONT DE RENNES - PLAINE DE BAUX", "lbcommune": "CESSON-SÉVIGNÉ", "cd_entite": "J---0060", "nb_depassements_2018": null, "nb_depassements_2019": null, "nb_depassements_2020": null, "nb_depassements_2021": null, "nb_depassements_total": null}}, {"type": "Feature", "id": "geophyteau_depassement_pnec_par_station.fid-3ad01dd2_19f2e0f0c17_3aa5", "geometry": {"type": "Point", "coordinates": [-1.6499, 48.1938]}, "geometry_name": "geom", "properties": {"id": 1335, "code_geo": null, "cdstation": "04205550", "cdinterne": "ILLSE07", "lbstation": "RAU DE QUIMCAMPOIX à BETTON", "locprecise": "LA HAUTE TOUCHE AMONT DU PONT", "lbcommune": "BETTON", "cd_entite": "J7109300", "nb_depassements_2018": 43, "nb_depassements_2019": 58, "nb_depassements_2020": null, "nb_depassements_2021": null, "nb_depassements_total": 101}}, {"type": "Feature", "id": "geophyteau_depassement_pnec_par_station.fid-3ad01dd2_19f2e0f0c17_3aa6", "geometry": {"type": "Point", "coordinates": [-1.4858, 48.2498]}, "geometry_name": "geom", "properties": {"id": 1336, "code_geo": null, "cdstation": "04205605", "cdinterne": null, "lbstation": "ILLET à ERCE-PRES-LIFFRE", "locprecise": "PONT AU LD QUINCAMPOIX", "lbcommune": "ERCÉ-PRÈS-LIFFRÉ", "cd_entite": "J7114000", "nb_depassements_2018": 22, "nb_depassements_2019": null, "nb_depassements_2020": null, "nb_depassements_2021": null, "nb_depassements_total": 22}}, {"type": "Feature", "id": "geophyteau_depassement_pnec_par_station.fid-3ad01dd2_19f2e0f0c17_3aa7", "geometry": {"type": "Point", "coordinates": [-1.686, 48.118]}, "geometry_name": "geom", "properties": {"id": 1337, "code_geo": null, "cdstation": "04206300", "cdinterne": null, "lbstation": "ILLE à RENNES", "locprecise": "PONT BOULEVARD DE CHEZY", "lbcommune": "RENNES", "cd_entite": "J71-0300", "nb_depassements_2018": null, "nb_depassements_2019": null, "nb_depassements_2020": null, "nb_depassements_2021": null, "nb_depassements_total": null}}, {"type": "Feature", "id": "geophyteau_depassement_pnec_par_station.fid-3ad01dd2_19f2e0f0c17_3aa8", "geometry": {"type": "Point", "coordinates": [-1.6495, 48.0798]}, "geometry_name": "geom", "properties": {"id": 1338, "code_geo": null, "cdstation": "04206950", "cdinterne": null, "lbstation": "BLOSNE À CHANTEPIE", "locprecise": "LD LE CORMIER VIA LE TERTRE ET LA NOE DES CHASSIERS", "lbcommune": "CHANTEPIE", "cd_entite": "J7224000", "nb_depassements_2018": null, "nb_depassements_2019": 57, "nb_depassements_2020": null, "nb_depassements_2021": 30, "nb_depassements_total": 87}}, {"type": "Feature", "id": "geophyteau_depassement_pnec_par_station.fid-3ad01dd2_19f2e0f0c17_3aa9", "geometry": {"type": "Point", "coordinates": [-1.7508, 48.0844]}, "geometry_name": "geom", "properties": {"id": 1339, "code_geo": null, "cdstation": "04207500", "cdinterne": null, "lbstation": "VILAINE à RENNES", "locprecise": "LD LILLION - AVAL RENNES", "lbcommune": "RENNES", "cd_entite": "J---0060", "nb_depassements_2018": null, "nb_depassements_2019": null, "nb_depassements_2020": null, "nb_depassements_2021": null, "nb_depassements_total": null}}, {"type": "Feature", "id": "geophyteau_depassement_pnec_par_station.fid-3ad01dd2_19f2e0f0c17_3aaa", "geometry": {"type": "Point", "coordinates": [-1.7508, 48.0835]}, "geometry_name": "geom", "properties": {"id": 1340, "code_geo": null, "cdstation": "04207950", "cdinterne": null, "lbstation": "VILAINE à RENNES", "locprecise": "EN AVAL DE LA STATION 207000 - AMENAGEMENT SE", "lbcommune": "RENNES", "cd_entite": "J---0060", "nb_depassements_2018": null, "nb_depassements_2019": null, "nb_depassements_2020": null, "nb_depassements_2021": 3, "nb_depassements_total": 3}}, {"type": "Feature", "id": "geophyteau_depassement_pnec_par_station.fid-3ad01dd2_19f2e0f0c17_3aab", "geometry": {"type": "Point", "coordinates": [-1.7829, 48.0841]}, "geometry_name": "geom", "properties": {"id": 1341, "code_geo": null, "cdstation": "04208010", "cdinterne": null, "lbstation": "RAU DU LINDON À RHEU", "locprecise": "PONT AU LIEU-DIT LES NOUETTES", "lbcommune": "LE RHEU", "cd_entite": "J7225400", "nb_depassements_2018": null, "nb_depassements_2019": null, "nb_depassements_2020": null, "nb_depassements_2021": null, "nb_depassements_total": null}}, {"type": "Feature", "id": "geophyteau_depassement_pnec_par_station.fid-3ad01dd2_19f2e0f0c17_3aac", "geometry": {"type": "Point", "coordinates": [-1.9567, 48.1364]}, "geometry_name": "geom", "properties": {"id": 1347, "code_geo": null, "cdstation": "04208358", "cdinterne": "ME5", "lbstation": "MEU à MONTFORT-SUR-MEU", "locprecise": "PRISE AEP MONTFORT", "lbcommune": "MONTFORT-SUR-MEU", "cd_entite": "J73-0300", "nb_depassements_2018": null, "nb_depassements_2019": null, "nb_depassements_2020": null, "nb_depassements_2021": null, "nb_depassements_total": null}}, {"type": "Feature", "id": "geophyteau_depassement_pnec_par_station.fid-3ad01dd2_19f2e0f0c17_3aad", "geometry": {"type": "Point", "coordinates": [-2.0141, 48.0093]}, "geometry_name": "geom", "properties": {"id": 1350, "code_geo": null, "cdstation": "04208640", "cdinterne": "CC005", "lbstation": "RAU DE LA CHAISE à TREFFENDEL", "locprecise": "RETENUE_PONTMUZARD", "lbcommune": "TREFFENDEL", "cd_entite": "J7364200", "nb_depassements_2018": 1, "nb_depassements_2019": null, "nb_depassements_2020": null, "nb_depassements_2021": 8, "nb_depassements_total": 9}}, {"type": "Feature", "id": "geophyteau_depassement_pnec_par_station.fid-3ad01dd2_19f2e0f0c17_3aae", "geometry": {"type": "Point", "coordinates": [-1.9529, 48.0243]}, "geometry_name": "geom", "properties": {"id": 1351, "code_geo": null, "cdstation": "04208680", "cdinterne": "CC003", "lbstation": "RAU DE LA CHAISE à SAINT-THURIAL", "locprecise": "RETENUE_CHEZE", "lbcommune": "SAINT-THURIAL", "cd_entite": "J7364200", "nb_depassements_2018": null, "nb_depassements_2019": null, "nb_depassements_2020": null, "nb_depassements_2021": null, "nb_depassements_total": null}}, {"type": "Feature", "id": "geophyteau_depassement_pnec_par_station.fid-3ad01dd2_19f2e0f0c17_3aaf", "geometry": {"type": "Point", "coordinates": [-1.8764, 48.0698]}, "geometry_name": "geom", "properties": {"id": 1352, "code_geo": null, "cdstation": "04208727", "cdinterne": "ME18", "lbstation": "RAU DE LA CHAISE à TALENSAC", "locprecise": "EXUTOIRE CHEZE", "lbcommune": "TALENSAC", "cd_entite": "J7364200", "nb_depassements_2018": null, "nb_depassements_2019": 32, "nb_depassements_2020": null, "nb_depassements_2021": null, "nb_depassements_total": 32}}, {"type": "Feature", "id": "geophyteau_depassement_pnec_par_station.fid-3ad01dd2_19f2e0f0c17_3ab0", "geometry": {"type": "Point", "coordinates": [-1.821, 48.0619]}, "geometry_name": "geom", "properties": {"id": 1353, "code_geo": null, "cdstation": "04209030", "cdinterne": "ME9", "lbstation": "MEU à MORDELLES", "locprecise": "LE MOULIN DE CRAMOUX", "lbcommune": "MORDELLES", "cd_entite": "J73-0300", "nb_depassements_2018": null, "nb_depassements_2019": null, "nb_depassements_2020": null, "nb_depassements_2021": null, "nb_depassements_total": null}}, {"type": "Feature", "id": "geophyteau_depassement_pnec_par_station.fid-3ad01dd2_19f2e0f0c17_3ab1", "geometry": {"type": "Point", "coordinates": [-1.2972, 47.9537]}, "geometry_name": "geom", "properties": {"id": 1354, "code_geo": null, "cdstation": "04210000", "cdinterne": null, "lbstation": "SEICHE à VISSEICHE", "locprecise": "PONT RN163B - AMONT DE VISSEICHE", "lbcommune": "VISSEICHE", "cd_entite": "J74-0300", "nb_depassements_2018": null, "nb_depassements_2019": null, "nb_depassements_2020": null, "nb_depassements_2021": null, "nb_depassements_total": null}}, {"type": "Feature", "id": "geophyteau_depassement_pnec_par_station.fid-3ad01dd2_19f2e0f0c17_3ab2", "geometry": {"type": "Point", "coordinates": [-1.9443, 48.1285]}, "geometry_name": "geom", "properties": {"id": 1356, "code_geo": null, "cdstation": "04208530", "cdinterne": "ME6", "lbstation": "MEU à MONTFORT-SUR-MEU", "locprecise": "L'ABBAYE. STATION LIMNIGRAPHIQUE", "lbcommune": "MONTFORT-SUR-MEU", "cd_entite": "J73-0300", "nb_depassements_2018": null, "nb_depassements_2019": null, "nb_depassements_2020": null, "nb_depassements_2021": null, "nb_depassements_total": null}}, {"type": "Feature", "id": "geophyteau_depassement_pnec_par_station.fid-3ad01dd2_19f2e0f0c17_3ab3", "geometry": {"type": "Point", "coordinates": [-1.8695, 48.0706]}, "geometry_name": "geom", "properties": {"id": 1359, "code_geo": null, "cdstation": "04208730", "cdinterne": null, "lbstation": "MEU à MORDELLES", "locprecise": "PRISE D'EAU LA VILLE-CHEVRON", "lbcommune": "MORDELLES", "cd_entite": "J73-0300", "nb_depassements_2018": 19, "nb_depassements_2019": 12, "nb_depassements_2020": 18, "nb_depassements_2021": 13, "nb_depassements_total": 62}}, {"type": "Feature", "id": "geophyteau_depassement_pnec_par_station.fid-3ad01dd2_19f2e0f0c17_3ab4", "geometry": {"type": "Point", "coordinates": [-1.342, 47.9282]}, "geometry_name": "geom", "properties": {"id": 1360, "code_geo": null, "cdstation": "04210050", "cdinterne": null, "lbstation": "ARDENNE à RETIERS", "locprecise": "LIEU-DIT PLESSIS AU GRAS", "lbcommune": "RETIERS", "cd_entite": "J7424000", "nb_depassements_2018": 5, "nb_depassements_2019": null, "nb_depassements_2020": 34, "nb_depassements_2021": 15, "nb_depassements_total": 54}}, {"type": "Feature", "id": "geophyteau_depassement_pnec_par_station.fid-3ad01dd2_19f2e0f0c17_3ab5", "geometry": {"type": "Point", "coordinates": [-1.4512, 47.9683]}, "geometry_name": "geom", "properties": {"id": 1361, "code_geo": null, "cdstation": "04210200", "cdinterne": null, "lbstation": "RAU DU LOROUX À JANZE", "locprecise": "PONT SITUE 500M EN AMONT DU LIEU-DIT LES RIVIERES", "lbcommune": "JANZÉ", "cd_entite": "J7426700", "nb_depassements_2018": 3, "nb_depassements_2019": null, "nb_depassements_2020": 63, "nb_depassements_2021": 20, "nb_depassements_total": 86}}, {"type": "Feature", "id": "geophyteau_depassement_pnec_par_station.fid-3ad01dd2_19f2e0f0c17_3ab6", "geometry": {"type": "Point", "coordinates": [-1.5673, 48.0045]}, "geometry_name": "geom", "properties": {"id": 1362, "code_geo": null, "cdstation": "04210750", "cdinterne": null, "lbstation": "RAU DU PRUNELAY À SAINT-ARMEL", "locprecise": "AVAL PONT ENTRE LD LE PETIT PRUNELAIS ET LE VAL", "lbcommune": "SAINT-ARMEL", "cd_entite": "J7445600", "nb_depassements_2018": 3, "nb_depassements_2019": 14, "nb_depassements_2020": 68, "nb_depassements_2021": 24, "nb_depassements_total": 109}}, {"type": "Feature", "id": "geophyteau_depassement_pnec_par_station.fid-3ad01dd2_19f2e0f0c17_3ab7", "geometry": {"type": "Point", "coordinates": [-1.7222, 48.0195]}, "geometry_name": "geom", "properties": {"id": 1363, "code_geo": null, "cdstation": "04211010", "cdinterne": null, "lbstation": "SEICHE à BRUZ", "locprecise": "CARCE. STATION LIMNIGRAPHIQUE", "lbcommune": "BRUZ", "cd_entite": "J74-0300", "nb_depassements_2018": null, "nb_depassements_2019": null, "nb_depassements_2020": null, "nb_depassements_2021": null, "nb_depassements_total": null}}, {"type": "Feature", "id": "geophyteau_depassement_pnec_par_station.fid-3ad01dd2_19f2e0f0c17_3ab8", "geometry": {"type": "Point", "coordinates": [-1.7559, 47.9914]}, "geometry_name": "geom", "properties": {"id": 1364, "code_geo": null, "cdstation": "04211300", "cdinterne": null, "lbstation": "VILAINE à BRUZ", "locprecise": "BOEL", "lbcommune": "BRUZ", "cd_entite": "J---0060", "nb_depassements_2018": null, "nb_depassements_2019": null, "nb_depassements_2020": null, "nb_depassements_2021": null, "nb_depassements_total": null}}, {"type": "Feature", "id": "geophyteau_depassement_pnec_par_station.fid-3ad01dd2_19f2e0f0c17_3ab9", "geometry": {"type": "Point", "coordinates": [-1.7543, 47.9747]}, "geometry_name": "geom", "properties": {"id": 1365, "code_geo": null, "cdstation": "04211310", "cdinterne": null, "lbstation": "RAU DE TREHELU À GUICHEN", "locprecise": "_", "lbcommune": "GUICHEN", "cd_entite": "J7504400", "nb_depassements_2018": null, "nb_depassements_2019": null, "nb_depassements_2020": null, "nb_depassements_2021": null, "nb_depassements_total": null}}, {"type": "Feature", "id": "geophyteau_depassement_pnec_par_station.fid-3ad01dd2_19f2e0f0c17_3aba", "geometry": {"type": "Point", "coordinates": [-1.7144, 47.9348]}, "geometry_name": "geom", "properties": {"id": 1366, "code_geo": null, "cdstation": "04211320", "cdinterne": null, "lbstation": "RAU DE L'HODEILLE à BOURG-DES-COMPTES", "locprecise": "AVAL LA MIAUDIERE", "lbcommune": "BOURG-DES-COMPTES", "cd_entite": "J7505300", "nb_depassements_2018": 22, "nb_depassements_2019": null, "nb_depassements_2020": null, "nb_depassements_2021": null, "nb_depassements_total": 22}}, {"type": "Feature", "id": "geophyteau_depassement_pnec_par_station.fid-3ad01dd2_19f2e0f0c17_3abb", "geometry": {"type": "Point", "coordinates": [-1.9739, 48.0038]}, "geometry_name": "geom", "properties": {"id": 1370, "code_geo": null, "cdstation": "04211405", "cdinterne": "CC004", "lbstation": "CANUT à MAXENT", "locprecise": "RETENUE_CANUT", "lbcommune": "MAXENT", "cd_entite": "J75-0300", "nb_depassements_2018": null, "nb_depassements_2019": null, "nb_depassements_2020": null, "nb_depassements_2021": null, "nb_depassements_total": null}}, {"type": "Feature", "id": "geophyteau_depassement_pnec_par_station.fid-3ad01dd2_19f2e0f0c17_3abc", "geometry": {"type": "Point", "coordinates": [-1.5002, 47.8543]}, "geometry_name": "geom", "properties": {"id": 1372, "code_geo": null, "cdstation": "04212400", "cdinterne": null, "lbstation": "RAU DE LA COUYERE À LALLEU", "locprecise": "PT D53", "lbcommune": "LALLEU", "cd_entite": "J7624000", "nb_depassements_2018": null, "nb_depassements_2019": null, "nb_depassements_2020": 37, "nb_depassements_2021": 14, "nb_depassements_total": 51}}, {"type": "Feature", "id": "geophyteau_depassement_pnec_par_station.fid-3ad01dd2_19f2e0f0c17_3abd", "geometry": {"type": "Point", "coordinates": [-1.6304, 47.8601]}, "geometry_name": "geom", "properties": {"id": 1373, "code_geo": null, "cdstation": "04212500", "cdinterne": null, "lbstation": "SEMNON à BAIN-DE-BRETAGNE", "locprecise": "PONT DE ROCHEREUIL. STATION LIMNIGRAPHIQUE", "lbcommune": "BAIN-DE-BRETAGNE", "cd_entite": "J76-0300", "nb_depassements_2018": null, "nb_depassements_2019": null, "nb_depassements_2020": null, "nb_depassements_2021": null, "nb_depassements_total": null}}, {"type": "Feature", "id": "geophyteau_depassement_pnec_par_station.fid-3ad01dd2_19f2e0f0c17_3abe", "geometry": {"type": "Point", "coordinates": [-1.868, 47.7814]}, "geometry_name": "geom", "properties": {"id": 1374, "code_geo": null, "cdstation": "04213200", "cdinterne": null, "lbstation": "RAU DE LA VIONNAIS À GUIPRY", "locprecise": "PONT ENTRE LE LIEU-DIT REMDON ET LE BOIS DE BARON", "lbcommune": "GUIPRY-MESSAC", "cd_entite": "J7716400", "nb_depassements_2018": null, "nb_depassements_2019": null, "nb_depassements_2020": 1, "nb_depassements_2021": 2, "nb_depassements_total": 3}}, {"type": "Feature", "id": "geophyteau_depassement_pnec_par_station.fid-3ad01dd2_19f2e0f0c17_3abf", "geometry": {"type": "Point", "coordinates": [-1.8474, 48.0666]}, "geometry_name": "geom", "properties": {"id": 1386, "code_geo": null, "cdstation": "04209000", "cdinterne": "ME8", "lbstation": "MEU à MORDELLES", "locprecise": "PONT MORDELLES / N24", "lbcommune": "MORDELLES", "cd_entite": "J73-0300", "nb_depassements_2018": 40, "nb_depassements_2019": null, "nb_depassements_2020": 74, "nb_depassements_2021": 22, "nb_depassements_total": 136}}, {"type": "Feature", "id": "geophyteau_depassement_pnec_par_station.fid-3ad01dd2_19f2e0f0c17_3ac0", "geometry": {"type": "Point", "coordinates": [-1.4273, 48.0068]}, "geometry_name": "geom", "properties": {"id": 1389, "code_geo": null, "cdstation": "04210300", "cdinterne": null, "lbstation": "QUINCAMPOIX À PIRE-SUR-SEICHE", "locprecise": "70M EN AMONT PONT D32", "lbcommune": "PIRÉ-SUR-SEICHE", "cd_entite": "J7434000", "nb_depassements_2018": null, "nb_depassements_2019": 15, "nb_depassements_2020": 60, "nb_depassements_2021": 37, "nb_depassements_total": 112}}, {"type": "Feature", "id": "geophyteau_depassement_pnec_par_station.fid-3ad01dd2_19f2e0f0c17_3ac1", "geometry": {"type": "Point", "coordinates": [-1.5791, 48.0303]}, "geometry_name": "geom", "properties": {"id": 1390, "code_geo": null, "cdstation": "04210800", "cdinterne": null, "lbstation": "YAIGNE à NOUVOITOU", "locprecise": "LA BOUSSARDIERE", "lbcommune": "NOUVOITOU", "cd_entite": "J7454000", "nb_depassements_2018": 41, "nb_depassements_2019": null, "nb_depassements_2020": null, "nb_depassements_2021": 24, "nb_depassements_total": 65}}, {"type": "Feature", "id": "geophyteau_depassement_pnec_par_station.fid-3ad01dd2_19f2e0f0c17_3ac2", "geometry": {"type": "Point", "coordinates": [-1.8785, 47.9579]}, "geometry_name": "geom", "properties": {"id": 1391, "code_geo": null, "cdstation": "04211550", "cdinterne": null, "lbstation": "CANUT (NORD) À LASSY", "locprecise": "LE PONT DE LASSY. STATION LIMNIGRAPHIQUE", "lbcommune": "LASSY", "cd_entite": "J75-0300", "nb_depassements_2018": 23, "nb_depassements_2019": null, "nb_depassements_2020": null, "nb_depassements_2021": null, "nb_depassements_total": 23}}, {"type": "Feature", "id": "geophyteau_depassement_pnec_par_station.fid-3ad01dd2_19f2e0f0c17_3ac3", "geometry": {"type": "Point", "coordinates": [-1.7141, 47.8987]}, "geometry_name": "geom", "properties": {"id": 1393, "code_geo": null, "cdstation": "04212700", "cdinterne": "RCS", "lbstation": "SEMNON à PLECHATEL", "locprecise": "LD GUE DE LA JAUNAIS", "lbcommune": "PLÉCHÂTEL", "cd_entite": "J76-0300", "nb_depassements_2018": 44, "nb_depassements_2019": 46, "nb_depassements_2020": 54, "nb_depassements_2021": 24, "nb_depassements_total": 168}}, {"type": "Feature", "id": "geophyteau_depassement_pnec_par_station.fid-3ad01dd2_19f2e0f0c17_3ac4", "geometry": {"type": "Point", "coordinates": [-1.8516, 48.2511]}, "geometry_name": "geom", "properties": {"id": 1522, "code_geo": null, "cdstation": "FLU14", "cdinterne": "FLU14", "lbstation": "Pérouse à LANGAN", "locprecise": "D 80 (entre Langan et St Gondran)", "lbcommune": "LANGAN", "cd_entite": "J7214500", "nb_depassements_2018": null, "nb_depassements_2019": null, "nb_depassements_2020": null, "nb_depassements_2021": null, "nb_depassements_total": null}}, {"type": "Feature", "id": "geophyteau_depassement_pnec_par_station.fid-3ad01dd2_19f2e0f0c17_3ac5", "geometry": {"type": "Point", "coordinates": [-1.852, 48.3329]}, "geometry_name": "geom", "properties": {"id": 1533, "code_geo": null, "cdstation": "LN11", "cdinterne": "LN11", "lbstation": "Théolier à TINTÉNIAC", "locprecise": "La Bigottière - amont Bois du Parc", "lbcommune": "TINTÉNIAC", "cd_entite": "J0715900", "nb_depassements_2018": null, "nb_depassements_2019": null, "nb_depassements_2020": null, "nb_depassements_2021": null, "nb_depassements_total": null}}, {"type": "Feature", "id": "geophyteau_depassement_pnec_par_station.fid-3ad01dd2_19f2e0f0c17_3ac6", "geometry": {"type": "Point", "coordinates": [-1.8148, 48.322]}, "geometry_name": "geom", "properties": {"id": 1540, "code_geo": null, "cdstation": "LN11bis", "cdinterne": null, "lbstation": "Donac à TINTÉNIAC", "locprecise": "Non renseignée", "lbcommune": "TINTÉNIAC", "cd_entite": "J0714000", "nb_depassements_2018": null, "nb_depassements_2019": null, "nb_depassements_2020": null, "nb_depassements_2021": null, "nb_depassements_total": null}}, {"type": "Feature", "id": "geophyteau_depassement_pnec_par_station.fid-3ad01dd2_19f2e0f0c17_3ac7", "geometry": {"type": "Point", "coordinates": [-1.7622, 48.1239]}, "geometry_name": "geom", "properties": {"id": 1544, "code_geo": null, "cdstation": "04372000", "cdinterne": null, "lbstation": "LA ROSAIS A VEZIN-LE-COQUET", "locprecise": "LIEU DIT LA PLANCHE", "lbcommune": "VEZIN-LE-COQUET", "cd_entite": "J7217200", "nb_depassements_2018": null, "nb_depassements_2019": null, "nb_depassements_2020": null, "nb_depassements_2021": null, "nb_depassements_total": null}}, {"type": "Feature", "id": "geophyteau_depassement_pnec_par_station.fid-3ad01dd2_19f2e0f0c17_3ac8", "geometry": {"type": "Point", "coordinates": [-1.8031, 48.1073]}, "geometry_name": "geom", "properties": {"id": 1545, "code_geo": null, "cdstation": "04372002", "cdinterne": null, "lbstation": "LE LINDON A RHEU", "locprecise": "PROCHE DU LIEU DIT LA HAIE ROUGET", "lbcommune": "LE RHEU", "cd_entite": "J7225400", "nb_depassements_2018": null, "nb_depassements_2019": null, "nb_depassements_2020": null, "nb_depassements_2021": null, "nb_depassements_total": null}}, {"type": "Feature", "id": "geophyteau_depassement_pnec_par_station.fid-3ad01dd2_19f2e0f0c17_3ac9", "geometry": {"type": "Point", "coordinates": [-1.7834, 48.1073]}, "geometry_name": "geom", "properties": {"id": 1546, "code_geo": null, "cdstation": "04372003", "cdinterne": null, "lbstation": "LE LINDON A RHEU", "locprecise": "AMONT DU PONT D224", "lbcommune": "LE RHEU", "cd_entite": "J7225400", "nb_depassements_2018": null, "nb_depassements_2019": null, "nb_depassements_2020": null, "nb_depassements_2021": null, "nb_depassements_total": null}}, {"type": "Feature", "id": "geophyteau_depassement_pnec_par_station.fid-3ad01dd2_19f2e0f0c17_3aca", "geometry": {"type": "Point", "coordinates": [-1.3583, 48.3632]}, "geometry_name": "geom", "properties": {"id": 1561, "code_geo": null, "cdstation": "04162130", "cdinterne": "LMM10", "lbstation": "RAU DE FRENOUSE à BAILLE", "locprecise": "LA DANSERIE-SAINT ETIENNE EN COGLES", "lbcommune": "BAILLÉ", "cd_entite": "J0115700", "nb_depassements_2018": null, "nb_depassements_2019": null, "nb_depassements_2020": null, "nb_depassements_2021": null, "nb_depassements_total": null}}, {"type": "Feature", "id": "geophyteau_depassement_pnec_par_station.fid-3ad01dd2_19f2e0f0c17_3acb", "geometry": {"type": "Point", "coordinates": [-2.043, 48.2726]}, "geometry_name": "geom", "properties": {"id": 1564, "code_geo": null, "cdstation": "04164950", "cdinterne": "HR15", "lbstation": "NEAL à MEDREAC", "locprecise": "PONT D220 - LIEU-DIT LE BOIS GESBERT", "lbcommune": "MÉDRÉAC", "cd_entite": "J0626600", "nb_depassements_2018": 17, "nb_depassements_2019": 15, "nb_depassements_2020": 64, "nb_depassements_2021": 42, "nb_depassements_total": 138}}, {"type": "Feature", "id": "geophyteau_depassement_pnec_par_station.fid-3ad01dd2_19f2e0f0c17_3acc", "geometry": {"type": "Point", "coordinates": [-1.9542, 47.8737]}, "geometry_name": "geom", "properties": {"id": 1690, "code_geo": null, "cdstation": "04199532", "cdinterne": "AFEGR1", "lbstation": "RAU DE GRUMELLAN à MAURE-DE-BRETAGNE", "locprecise": "EXUTOIRE - OUEST DE COMPAISSY", "lbcommune": "MAURE-DE-BRETAGNE", "cd_entite": "J8654400", "nb_depassements_2018": null, "nb_depassements_2019": null, "nb_depassements_2020": null, "nb_depassements_2021": null, "nb_depassements_total": null}}, {"type": "Feature", "id": "geophyteau_depassement_pnec_par_station.fid-3ad01dd2_19f2e0f0c17_3acd", "geometry": {"type": "Point", "coordinates": [-1.8759, 47.9191]}, "geometry_name": "geom", "properties": {"id": 1717, "code_geo": null, "cdstation": "04199500", "cdinterne": "AFEHer3", "lbstation": "RAU DE LA HERBAUDIERE à GUIGNEN", "locprecise": "GUIGNEN", "lbcommune": "GUIGNEN", "cd_entite": "J8646100", "nb_depassements_2018": null, "nb_depassements_2019": null, "nb_depassements_2020": null, "nb_depassements_2021": null, "nb_depassements_total": null}}, {"type": "Feature", "id": "geophyteau_depassement_pnec_par_station.fid-3ad01dd2_19f2e0f0c17_3ace", "geometry": {"type": "Point", "coordinates": [-1.8839, 47.9142]}, "geometry_name": "geom", "properties": {"id": 1718, "code_geo": null, "cdstation": "04199503", "cdinterne": "AFEHer2", "lbstation": "RAU DE LA HESNAIS OU DU MOULIN DU VAL à GUIGNEN", "locprecise": "GUIGNEN", "lbcommune": "GUIGNEN", "cd_entite": "J8645800", "nb_depassements_2018": null, "nb_depassements_2019": null, "nb_depassements_2020": null, "nb_depassements_2021": null, "nb_depassements_total": null}}, {"type": "Feature", "id": "geophyteau_depassement_pnec_par_station.fid-3ad01dd2_19f2e0f0c17_3acf", "geometry": {"type": "Point", "coordinates": [-1.7264, 48.0576]}, "geometry_name": "geom", "properties": {"id": 1723, "code_geo": null, "cdstation": "04208000", "cdinterne": null, "lbstation": "RAU DE RENEL à SAINT-JACQUES-DE-LA-LANDE", "locprecise": "PONT DU CD34 - REJETS CITROEN", "lbcommune": "SAINT-JACQUES-DE-LA-LANDE", "cd_entite": "J7225200", "nb_depassements_2018": null, "nb_depassements_2019": null, "nb_depassements_2020": null, "nb_depassements_2021": null, "nb_depassements_total": null}}, {"type": "Feature", "id": "geophyteau_depassement_pnec_par_station.fid-3ad01dd2_19f2e0f0c17_3ad0", "geometry": {"type": "Point", "coordinates": [-1.396, 48.3372]}, "geometry_name": "geom", "properties": {"id": 1724, "code_geo": null, "cdstation": "04301002", "cdinterne": null, "lbstation": "RAU DE GRATTE-CHAT A SAINT-OUEN-DES-ALLEUX", "locprecise": "PRELEVEMENTS EFFECTUES EN RIVE DROITE. EN AMONT CONFLUENT RUISSEAU DES LANDES", "lbcommune": "SAINT-OUEN-DES-ALLEUX", "cd_entite": "J0116500", "nb_depassements_2018": null, "nb_depassements_2019": null, "nb_depassements_2020": null, "nb_depassements_2021": null, "nb_depassements_total": null}}, {"type": "Feature", "id": "geophyteau_depassement_pnec_par_station.fid-3ad01dd2_19f2e0f0c17_3ad1", "geometry": {"type": "Point", "coordinates": [-1.9896, 48.0034]}, "geometry_name": "geom", "properties": {"id": 1758, "code_geo": null, "cdstation": "CC231", "cdinterne": "CC231", "lbstation": "* (tributaire RG étang de la Musse) à Maxent", "locprecise": "en contrebas de la Jeutais", "lbcommune": "MAXENT", "cd_entite": null, "nb_depassements_2018": null, "nb_depassements_2019": null, "nb_depassements_2020": null, "nb_depassements_2021": null, "nb_depassements_total": null}}, {"type": "Feature", "id": "geophyteau_depassement_pnec_par_station.fid-3ad01dd2_19f2e0f0c17_3ad2", "geometry": {"type": "Point", "coordinates": [-1.3014, 48.1214]}, "geometry_name": "geom", "properties": {"id": 1762, "code_geo": null, "cdstation": "04201745", "cdinterne": "HV01;HV1;PA10", "lbstation": "RAU DE PALET à SAINT-JEAN-SUR-VILAINE", "locprecise": "VILLANSAULT - CHAMPAUX", "lbcommune": "SAINT-JEAN-SUR-VILAINE", "cd_entite": "J7056200", "nb_depassements_2018": 0, "nb_depassements_2019": null, "nb_depassements_2020": null, "nb_depassements_2021": null, "nb_depassements_total": 0}}, {"type": "Feature", "id": "geophyteau_depassement_pnec_par_station.fid-3ad01dd2_19f2e0f0c17_3ad3", "geometry": {"type": "Point", "coordinates": [-1.7395, 48.1136]}, "geometry_name": "geom", "properties": {"id": 1763, "code_geo": null, "cdstation": "04206400", "cdinterne": null, "lbstation": "RAU DU PONT LAGOT À VEZIN-LE-COQUET", "locprecise": "AVAL DE LA ROUTE AU LD LA MESMENIER", "lbcommune": "VEZIN-LE-COQUET", "cd_entite": "J7204000", "nb_depassements_2018": null, "nb_depassements_2019": null, "nb_depassements_2020": null, "nb_depassements_2021": null, "nb_depassements_total": null}}, {"type": "Feature", "id": "geophyteau_depassement_pnec_par_station.fid-3ad01dd2_19f2e0f0c17_3ad4", "geometry": {"type": "Point", "coordinates": [-1.8596, 48.0818]}, "geometry_name": "geom", "properties": {"id": 1769, "code_geo": null, "cdstation": "04208735", "cdinterne": "ME19", "lbstation": "VAUNOISE à MORDELLES", "locprecise": "LE PONT DE MEZIERE", "lbcommune": "MORDELLES", "cd_entite": "J73-0310", "nb_depassements_2018": 541, "nb_depassements_2019": 31, "nb_depassements_2020": 83, "nb_depassements_2021": 28, "nb_depassements_total": 683}}, {"type": "Feature", "id": "geophyteau_depassement_pnec_par_station.fid-3ad01dd2_19f2e0f0c17_3ad5", "geometry": {"type": "Point", "coordinates": [-1.8536, 48.1387]}, "geometry_name": "geom", "properties": {"id": 1770, "code_geo": null, "cdstation": "04208800", "cdinterne": null, "lbstation": "VAUNOISE à SAINT-GILLES", "locprecise": "VILLEBRIOUX PONT RD125. STATION LIMNIMETRIQUE", "lbcommune": "SAINT-GILLES", "cd_entite": "J73-0310", "nb_depassements_2018": null, "nb_depassements_2019": null, "nb_depassements_2020": null, "nb_depassements_2021": 2, "nb_depassements_total": 2}}, {"type": "Feature", "id": "geophyteau_depassement_pnec_par_station.fid-3ad01dd2_19f2e0f0c17_3ad6", "geometry": {"type": "Point", "coordinates": [-1.774, 48.0027]}, "geometry_name": "geom", "properties": {"id": 1771, "code_geo": null, "cdstation": "04209990", "cdinterne": null, "lbstation": "VILAINE à GUICHEN", "locprecise": "PONT REAN D577", "lbcommune": "GUICHEN", "cd_entite": "J---0060", "nb_depassements_2018": 60, "nb_depassements_2019": 62, "nb_depassements_2020": null, "nb_depassements_2021": 35, "nb_depassements_total": 157}}, {"type": "Feature", "id": "geophyteau_depassement_pnec_par_station.fid-3ad01dd2_19f2e0f0c17_3ad7", "geometry": {"type": "Point", "coordinates": [-1.305, 47.9508]}, "geometry_name": "geom", "properties": {"id": 1772, "code_geo": null, "cdstation": "04210020", "cdinterne": null, "lbstation": "SEICHE à VISSEICHE", "locprecise": "LIEU-DIT LE VIEUX MOULIN", "lbcommune": "VISSEICHE", "cd_entite": "J74-0300", "nb_depassements_2018": null, "nb_depassements_2019": null, "nb_depassements_2020": 53, "nb_depassements_2021": 19, "nb_depassements_total": 72}}, {"type": "Feature", "id": "geophyteau_depassement_pnec_par_station.fid-3ad01dd2_19f2e0f0c17_3ad8", "geometry": {"type": "Point", "coordinates": [-1.6234, 48.006]}, "geometry_name": "geom", "properties": {"id": 1773, "code_geo": null, "cdstation": "04210900", "cdinterne": null, "lbstation": "ISE A BOURGBARRE", "locprecise": "PONT ROUTE ENTRE LES LIEUX-DIT MESNEUF ET CHATEAU LOGER", "lbcommune": "BOURGBARRÉ", "cd_entite": "J7474000", "nb_depassements_2018": null, "nb_depassements_2019": null, "nb_depassements_2020": 40, "nb_depassements_2021": 19, "nb_depassements_total": 59}}, {"type": "Feature", "id": "geophyteau_depassement_pnec_par_station.fid-3ad01dd2_19f2e0f0c17_3ad9", "geometry": {"type": "Point", "coordinates": [-1.7075, 48.023]}, "geometry_name": "geom", "properties": {"id": 1774, "code_geo": null, "cdstation": "04211000", "cdinterne": null, "lbstation": "SEICHE à BRUZ", "locprecise": "LIEU-DIT LA PLANCHE - AVAL PONT D837", "lbcommune": "BRUZ", "cd_entite": "J74-0300", "nb_depassements_2018": 62, "nb_depassements_2019": 25, "nb_depassements_2020": 99, "nb_depassements_2021": 47, "nb_depassements_total": 233}}, {"type": "Feature", "id": "geophyteau_depassement_pnec_par_station.fid-3ad01dd2_19f2e0f0c17_3ada", "geometry": {"type": "Point", "coordinates": [-1.9935, 47.9953]}, "geometry_name": "geom", "properties": {"id": 1776, "code_geo": null, "cdstation": "04211400", "cdinterne": "201ouE_Canut", "lbstation": "CANUT (NORD) À MAXENT", "locprecise": "LAUDIGERAIS. STATION LIMNIGRAPHIQUE", "lbcommune": "MAXENT", "cd_entite": "J75-0300", "nb_depassements_2018": 15, "nb_depassements_2019": 11, "nb_depassements_2020": 10, "nb_depassements_2021": 13, "nb_depassements_total": 49}}, {"type": "Feature", "id": "geophyteau_depassement_pnec_par_station.fid-3ad01dd2_19f2e0f0c17_3adb", "geometry": {"type": "Point", "coordinates": [-1.3567, 47.8395]}, "geometry_name": "geom", "properties": {"id": 1778, "code_geo": null, "cdstation": "04212100", "cdinterne": null, "lbstation": "R SEMNON À MARTIGNE-FERCHAUD", "locprecise": "PONT SUR LA RD 107 - LIEU-DIT LES POMMIAUX", "lbcommune": "MARTIGNÉ-FERCHAUD", "cd_entite": "J76-0300", "nb_depassements_2018": null, "nb_depassements_2019": null, "nb_depassements_2020": 56, "nb_depassements_2021": 18, "nb_depassements_total": 74}}, {"type": "Feature", "id": "geophyteau_depassement_pnec_par_station.fid-3ad01dd2_19f2e0f0c17_3adc", "geometry": {"type": "Point", "coordinates": [-1.7777, 47.8735]}, "geometry_name": "geom", "properties": {"id": 1779, "code_geo": null, "cdstation": "04212800", "cdinterne": null, "lbstation": "VILAINE à PLECHATEL", "locprecise": "GARE DE PLECHATEL - BOUTEILLE DEPUIS PONT COTE AMONT", "lbcommune": "PLÉCHÂTEL", "cd_entite": "J---0060", "nb_depassements_2018": null, "nb_depassements_2019": null, "nb_depassements_2020": null, "nb_depassements_2021": 2, "nb_depassements_total": 2}}, {"type": "Feature", "id": "geophyteau_depassement_pnec_par_station.fid-3ad01dd2_19f2e0f0c17_3add", "geometry": {"type": "Point", "coordinates": [-1.8339, 47.8396]}, "geometry_name": "geom", "properties": {"id": 1780, "code_geo": null, "cdstation": "04212900", "cdinterne": null, "lbstation": "TREFINEU À GUIPRY", "locprecise": "PONT AU LIEU-DIT LA HOQUINAIE", "lbcommune": "GUIPRY-MESSAC", "cd_entite": "J7707300", "nb_depassements_2018": null, "nb_depassements_2019": null, "nb_depassements_2020": null, "nb_depassements_2021": null, "nb_depassements_total": null}}, {"type": "Feature", "id": "geophyteau_depassement_pnec_par_station.fid-3ad01dd2_19f2e0f0c17_3ade", "geometry": {"type": "Point", "coordinates": [-1.8423, 47.7987]}, "geometry_name": "geom", "properties": {"id": 1781, "code_geo": null, "cdstation": "04213000", "cdinterne": null, "lbstation": "VILAINE à GUIPRY", "locprecise": "AVAL DE GUIPRY - PRELEVEMENT A LA PERCHE EN AMONT DE L'ECLUSE DE MALON", "lbcommune": "GUIPRY-MESSAC", "cd_entite": "J---0060", "nb_depassements_2018": null, "nb_depassements_2019": null, "nb_depassements_2020": null, "nb_depassements_2021": null, "nb_depassements_total": null}}, {"type": "Feature", "id": "geophyteau_depassement_pnec_par_station.fid-3ad01dd2_19f2e0f0c17_3adf", "geometry": {"type": "Point", "coordinates": [-1.9792, 47.7762]}, "geometry_name": "geom", "properties": {"id": 1786, "code_geo": null, "cdstation": "04215510", "cdinterne": null, "lbstation": "CANUT (SUD) À SAINT-JUST", "locprecise": "LA RIVIERE COLOMBEL. STATION LIMNIGRAPHIQUE", "lbcommune": "SAINT-JUST", "cd_entite": "J79-0310", "nb_depassements_2018": null, "nb_depassements_2019": null, "nb_depassements_2020": 3, "nb_depassements_2021": 3, "nb_depassements_total": 6}}, {"type": "Feature", "id": "geophyteau_depassement_pnec_par_station.fid-3ad01dd2_19f2e0f0c17_3ae0", "geometry": {"type": "Point", "coordinates": [-1.6889, 48.1572]}, "geometry_name": "geom", "properties": {"id": 1789, "code_geo": null, "cdstation": "04205990", "cdinterne": "ILLSE08", "lbstation": "RAU DE LA MARE À SAINT-GREGOIRE", "locprecise": "AMONT PONT PROXIMITE DU VIVIER LOUIS (RUE D¿OUESSANT)", "lbcommune": "SAINT-GRÉGOIRE", "cd_entite": "J7124900", "nb_depassements_2018": null, "nb_depassements_2019": null, "nb_depassements_2020": 48, "nb_depassements_2021": 17, "nb_depassements_total": 65}}, {"type": "Feature", "id": "geophyteau_depassement_pnec_par_station.fid-3ad01dd2_19f2e0f0c17_3ae1", "geometry": {"type": "Point", "coordinates": [-1.8049, 48.0461]}, "geometry_name": "geom", "properties": {"id": 1793, "code_geo": null, "cdstation": "04209100", "cdinterne": "ME10", "lbstation": "MEU à CHAVAGNE", "locprecise": "PONT SUR LA RD21, LD LE MOULIN DU BURRY", "lbcommune": "CHAVAGNE", "cd_entite": "J73-0300", "nb_depassements_2018": null, "nb_depassements_2019": null, "nb_depassements_2020": null, "nb_depassements_2021": null, "nb_depassements_total": null}}, {"type": "Feature", "id": "geophyteau_depassement_pnec_par_station.fid-3ad01dd2_19f2e0f0c17_3ae2", "geometry": {"type": "Point", "coordinates": [-1.315, 48.2641]}, "geometry_name": "geom", "properties": {"id": 1795, "code_geo": null, "cdstation": "04300003", "cdinterne": null, "lbstation": "R DE BILLE A SAINT-GEORGES-DE-CHESNE", "locprecise": "PRELEVEMENTS EFFECTUES EN AMONT DU PONT", "lbcommune": "SAINT-GEORGES-DE-CHESNÉ", "cd_entite": "J0034000", "nb_depassements_2018": null, "nb_depassements_2019": null, "nb_depassements_2020": null, "nb_depassements_2021": null, "nb_depassements_total": null}}, {"type": "Feature", "id": "geophyteau_depassement_pnec_par_station.fid-3ad01dd2_19f2e0f0c17_3ae3", "geometry": {"type": "Point", "coordinates": [-1.4999, 48.3315]}, "geometry_name": "geom", "properties": {"id": 1798, "code_geo": null, "cdstation": "04301005", "cdinterne": null, "lbstation": "RAU D'ALERON A VIEUX-VY-SUR-COUESNON", "locprecise": "PRELEVEMENTS EFFECTUES . EN AMONT D97", "lbcommune": "VIEUX-VY-SUR-COUESNON", "cd_entite": "J0107200", "nb_depassements_2018": null, "nb_depassements_2019": null, "nb_depassements_2020": null, "nb_depassements_2021": null, "nb_depassements_total": null}}, {"type": "Feature", "id": "geophyteau_depassement_pnec_par_station.fid-3ad01dd2_19f2e0f0c17_3ae4", "geometry": {"type": "Point", "coordinates": [-1.5087, 48.354]}, "geometry_name": "geom", "properties": {"id": 1799, "code_geo": null, "cdstation": "04301006", "cdinterne": null, "lbstation": "RAU D'ALERON A SENS-DE-BRETAGNE", "locprecise": "PRELEVEMENTS EFFECTUES RIVE DROITE. EN AMONT DE LANCIENNE CARRIERE", "lbcommune": "SENS-DE-BRETAGNE", "cd_entite": "J0124200", "nb_depassements_2018": null, "nb_depassements_2019": null, "nb_depassements_2020": null, "nb_depassements_2021": null, "nb_depassements_total": null}}, {"type": "Feature", "id": "geophyteau_depassement_pnec_par_station.fid-3ad01dd2_19f2e0f0c17_3ae5", "geometry": {"type": "Point", "coordinates": [-1.4975, 48.3312]}, "geometry_name": "geom", "properties": {"id": 1836, "code_geo": null, "cdstation": "04301000", "cdinterne": null, "lbstation": "RAU D'ALERON À VIEUX-VY-SUR-COUESNON", "locprecise": "PONT DE LA D97 AU LIEU-DIT LE PAS GÉROUARD", "lbcommune": "VIEUX-VY-SUR-COUESNON", "cd_entite": "J0107200", "nb_depassements_2018": null, "nb_depassements_2019": null, "nb_depassements_2020": null, "nb_depassements_2021": null, "nb_depassements_total": null}}, {"type": "Feature", "id": "geophyteau_depassement_pnec_par_station.fid-3ad01dd2_19f2e0f0c17_3ae6", "geometry": {"type": "Point", "coordinates": [-2.0123, 48.2522]}, "geometry_name": "geom", "properties": {"id": 1840, "code_geo": null, "cdstation": "04306000", "cdinterne": "HR13-14", "lbstation": "NEAL A LANDUJAN", "locprecise": "MALABRY", "lbcommune": "LANDUJAN", "cd_entite": "J0626600", "nb_depassements_2018": null, "nb_depassements_2019": null, "nb_depassements_2020": null, "nb_depassements_2021": null, "nb_depassements_total": null}}, {"type": "Feature", "id": "geophyteau_depassement_pnec_par_station.fid-3ad01dd2_19f2e0f0c17_3ae7", "geometry": {"type": "Point", "coordinates": [-1.8077, 47.8687]}, "geometry_name": "geom", "properties": {"id": 1841, "code_geo": null, "cdstation": "04377002", "cdinterne": null, "lbstation": "RAU D'EVAL À SAINT-MALO-DE-PHILY", "locprecise": "_", "lbcommune": "SAINT-MALO-DE-PHILY", "cd_entite": "J7705000", "nb_depassements_2018": null, "nb_depassements_2019": null, "nb_depassements_2020": null, "nb_depassements_2021": null, "nb_depassements_total": null}}, {"type": "Feature", "id": "geophyteau_depassement_pnec_par_station.fid-3ad01dd2_19f2e0f0c17_3ae8", "geometry": {"type": "Point", "coordinates": [-1.4079, 48.1122]}, "geometry_name": "geom", "properties": {"id": 1889, "code_geo": null, "cdstation": "04370000", "cdinterne": null, "lbstation": "RAU DE LA GAILLARDIERE À CHATEAUBOURG", "locprecise": "LIEU-DIT CHEMINEL", "lbcommune": "CHÂTEAUBOURG", "cd_entite": "J7066900", "nb_depassements_2018": 12, "nb_depassements_2019": null, "nb_depassements_2020": null, "nb_depassements_2021": null, "nb_depassements_total": 12}}, {"type": "Feature", "id": "geophyteau_depassement_pnec_par_station.fid-3ad01dd2_19f2e0f0c17_3ae9", "geometry": {"type": "Point", "coordinates": [-1.3091, 48.1462]}, "geometry_name": "geom", "properties": {"id": 1890, "code_geo": null, "cdstation": "04370003", "cdinterne": null, "lbstation": "RAU DE PALET A CHAMPEAUX", "locprecise": "PONT D29 - LIEU-DIT LA GRANDE PLANCHE", "lbcommune": "CHAMPEAUX", "cd_entite": "J7056200", "nb_depassements_2018": null, "nb_depassements_2019": null, "nb_depassements_2020": null, "nb_depassements_2021": null, "nb_depassements_total": null}}, {"type": "Feature", "id": "geophyteau_depassement_pnec_par_station.fid-3ad01dd2_19f2e0f0c17_3aea", "geometry": {"type": "Point", "coordinates": [-1.6427, 48.2165]}, "geometry_name": "geom", "properties": {"id": 1891, "code_geo": null, "cdstation": "04371001", "cdinterne": null, "lbstation": "CANAL D'ILLE-ET-RANCE À CHEVAIGNE", "locprecise": "PONT AU LIEU-DIT LA MOTTE", "lbcommune": "CHEVAIGNÉ", "cd_entite": "J---200G", "nb_depassements_2018": null, "nb_depassements_2019": null, "nb_depassements_2020": null, "nb_depassements_2021": null, "nb_depassements_total": null}}, {"type": "Feature", "id": "geophyteau_depassement_pnec_par_station.fid-3ad01dd2_19f2e0f0c17_3aeb", "geometry": {"type": "Point", "coordinates": [-1.708, 48.021]}, "geometry_name": "geom", "properties": {"id": 1892, "code_geo": null, "cdstation": "04374004", "cdinterne": null, "lbstation": "TELLE A PONT-PEAN", "locprecise": "PONT D837", "lbcommune": "PONT-PÉAN", "cd_entite": "J7484400", "nb_depassements_2018": 5, "nb_depassements_2019": null, "nb_depassements_2020": null, "nb_depassements_2021": null, "nb_depassements_total": 5}}, {"type": "Feature", "id": "geophyteau_depassement_pnec_par_station.fid-3ad01dd2_19f2e0f0c17_3aec", "geometry": {"type": "Point", "coordinates": [-1.4103, 47.9554]}, "geometry_name": "geom", "properties": {"id": 1893, "code_geo": null, "cdstation": "04374005", "cdinterne": null, "lbstation": "RICORDEL A ESSE", "locprecise": "LIEU-DIT COURGEON, PONT D48", "lbcommune": "ESSÉ", "cd_entite": "J7426200", "nb_depassements_2018": 20, "nb_depassements_2019": null, "nb_depassements_2020": null, "nb_depassements_2021": null, "nb_depassements_total": 20}}, {"type": "Feature", "id": "geophyteau_depassement_pnec_par_station.fid-3ad01dd2_19f2e0f0c17_3aed", "geometry": {"type": "Point", "coordinates": [-1.7258, 47.9629]}, "geometry_name": "geom", "properties": {"id": 1894, "code_geo": null, "cdstation": "04375000", "cdinterne": null, "lbstation": "RAU DU DESERT À LAILLE", "locprecise": "_", "lbcommune": "LAILLÉ", "cd_entite": "J7504700", "nb_depassements_2018": null, "nb_depassements_2019": null, "nb_depassements_2020": null, "nb_depassements_2021": null, "nb_depassements_total": null}}, {"type": "Feature", "id": "geophyteau_depassement_pnec_par_station.fid-3ad01dd2_19f2e0f0c17_3aee", "geometry": {"type": "Point", "coordinates": [-1.7925, 47.8108]}, "geometry_name": "geom", "properties": {"id": 1895, "code_geo": null, "cdstation": "04377003", "cdinterne": null, "lbstation": "RAU DU PONT AUX ROUX À MESSAC", "locprecise": "_", "lbcommune": "GUIPRY-MESSAC", "cd_entite": "J7714500", "nb_depassements_2018": null, "nb_depassements_2019": null, "nb_depassements_2020": null, "nb_depassements_2021": null, "nb_depassements_total": null}}, {"type": "Feature", "id": "geophyteau_depassement_pnec_par_station.fid-3ad01dd2_19f2e0f0c17_3aef", "geometry": {"type": "Point", "coordinates": [-1.8507, 47.8119]}, "geometry_name": "geom", "properties": {"id": 1896, "code_geo": null, "cdstation": "04377004", "cdinterne": null, "lbstation": "RAU VENANT DU MOULIN ALAIN À GUIPRY", "locprecise": "PONT DE LA D77 AU LIEU-DIT LA BIMAIS", "lbcommune": "GUIPRY-MESSAC", "cd_entite": "J7708200", "nb_depassements_2018": null, "nb_depassements_2019": null, "nb_depassements_2020": null, "nb_depassements_2021": 2, "nb_depassements_total": 2}}, {"type": "Feature", "id": "geophyteau_depassement_pnec_par_station.fid-3ad01dd2_19f2e0f0c17_3af0", "geometry": {"type": "Point", "coordinates": [-1.4977, 48.1258]}, "geometry_name": "geom", "properties": {"id": 1907, "code_geo": null, "cdstation": "04370001", "cdinterne": "HVEF10", "lbstation": "RAU DE L'ETANG DE FORGES À ACIGNE", "locprecise": "LIEU-DIT VERNAY", "lbcommune": "ACIGNÉ", "cd_entite": "J7068700", "nb_depassements_2018": 14, "nb_depassements_2019": 16, "nb_depassements_2020": null, "nb_depassements_2021": null, "nb_depassements_total": 30}}, {"type": "Feature", "id": "geophyteau_depassement_pnec_par_station.fid-3ad01dd2_19f2e0f0c17_3af1", "geometry": {"type": "Point", "coordinates": [-1.5069, 48.3616]}, "geometry_name": "geom", "properties": {"id": 1927, "code_geo": null, "cdstation": "04162290", "cdinterne": null, "lbstation": "RAU DES VALLEES D'HERVE à SENS-DE-BRETAGNE", "locprecise": "RG EXUTOIRE DE LA VALLEE D'HERVE - PT D175", "lbcommune": "SENS-DE-BRETAGNE", "cd_entite": "J0124200", "nb_depassements_2018": null, "nb_depassements_2019": 34, "nb_depassements_2020": null, "nb_depassements_2021": null, "nb_depassements_total": 34}}, {"type": "Feature", "id": "geophyteau_depassement_pnec_par_station.fid-3ad01dd2_19f2e0f0c17_3af2", "geometry": {"type": "Point", "coordinates": [-1.3191, 48.1029]}, "geometry_name": "geom", "properties": {"id": 1938, "code_geo": null, "cdstation": "04370002", "cdinterne": "HVBI10", "lbstation": "RAU DE LA BICHETIERE A CORNILLE", "locprecise": "AMONT PONT D116, LIEU-DIT LA PAQUERIE", "lbcommune": "CORNILLÉ", "cd_entite": "J7064000", "nb_depassements_2018": 8, "nb_depassements_2019": 26, "nb_depassements_2020": null, "nb_depassements_2021": 17, "nb_depassements_total": 51}}, {"type": "Feature", "id": "geophyteau_depassement_pnec_par_station.fid-3ad01dd2_19f2e0f0c17_3af3", "geometry": {"type": "Point", "coordinates": [-1.6924, 48.3406]}, "geometry_name": "geom", "properties": {"id": 1939, "code_geo": null, "cdstation": "04371000", "cdinterne": "ILLSE02", "lbstation": "RAU DE L'ETANG DE POIDEVIN À DINGE", "locprecise": "PONT DE LA D83", "lbcommune": "DINGÉ", "cd_entite": "J7104400", "nb_depassements_2018": 0, "nb_depassements_2019": null, "nb_depassements_2020": null, "nb_depassements_2021": null, "nb_depassements_total": 0}}, {"type": "Feature", "id": "geophyteau_depassement_pnec_par_station.fid-3ad01dd2_19f2e0f0c17_3af4", "geometry": {"type": "Point", "coordinates": [-1.6861, 48.3041]}, "geometry_name": "geom", "properties": {"id": 1940, "code_geo": null, "cdstation": "04371002", "cdinterne": null, "lbstation": "CANAL D'ILLE-ET-RANCE À MONTREUIL-SUR-ILLE", "locprecise": "PONT DE LA D221 AU LIEU-DIT LANGAGÉ", "lbcommune": "MONTREUIL-SUR-ILLE", "cd_entite": "J---200G", "nb_depassements_2018": null, "nb_depassements_2019": null, "nb_depassements_2020": null, "nb_depassements_2021": null, "nb_depassements_total": null}}, {"type": "Feature", "id": "geophyteau_depassement_pnec_par_station.fid-3ad01dd2_19f2e0f0c17_3af5", "geometry": {"type": "Point", "coordinates": [-1.7105, 47.8925]}, "geometry_name": "geom", "properties": {"id": 1941, "code_geo": null, "cdstation": "04376000", "cdinterne": "St1bis", "lbstation": "RAU DE CHOISEL À POLIGNE", "locprecise": "LIEU-DIT LA JAUNAIS", "lbcommune": "POLIGNÉ", "cd_entite": "J7645000", "nb_depassements_2018": 23, "nb_depassements_2019": 26, "nb_depassements_2020": null, "nb_depassements_2021": null, "nb_depassements_total": 49}}, {"type": "Feature", "id": "geophyteau_depassement_pnec_par_station.fid-3ad01dd2_19f2e0f0c17_3af6", "geometry": {"type": "Point", "coordinates": [-1.6463, 47.8744]}, "geometry_name": "geom", "properties": {"id": 1942, "code_geo": null, "cdstation": "04376001", "cdinterne": "St4;SE04", "lbstation": "MAIGE A PANCE", "locprecise": "PONT DE LA D47, LIEU-DIT LA POTINE", "lbcommune": "PANCÉ", "cd_entite": "J7635800", "nb_depassements_2018": null, "nb_depassements_2019": null, "nb_depassements_2020": 38, "nb_depassements_2021": 20, "nb_depassements_total": 58}}, {"type": "Feature", "id": "geophyteau_depassement_pnec_par_station.fid-3ad01dd2_19f2e0f0c17_3af7", "geometry": {"type": "Point", "coordinates": [-1.6185, 47.8592]}, "geometry_name": "geom", "properties": {"id": 1943, "code_geo": null, "cdstation": "04376003", "cdinterne": "St5;SE05", "lbstation": "BRUERES A BOSSE-DE-BRETAGNE", "locprecise": "LIEU-DIT LE BAS ROCHEREUIL", "lbcommune": "LA BOSSE-DE-BRETAGNE", "cd_entite": "J7634900", "nb_depassements_2018": 10, "nb_depassements_2019": null, "nb_depassements_2020": null, "nb_depassements_2021": null, "nb_depassements_total": 10}}, {"type": "Feature", "id": "geophyteau_depassement_pnec_par_station.fid-3ad01dd2_19f2e0f0c17_3af8", "geometry": {"type": "Point", "coordinates": [-1.6583, 47.871]}, "geometry_name": "geom", "properties": {"id": 1944, "code_geo": null, "cdstation": "04376004", "cdinterne": "St3;SE03", "lbstation": "L'ETANG A BAIN-DE-BRETAGNE", "locprecise": "LIEU-DIT LA RIVIERE", "lbcommune": "BAIN-DE-BRETAGNE", "cd_entite": "J7644000", "nb_depassements_2018": 40, "nb_depassements_2019": 16, "nb_depassements_2020": 13, "nb_depassements_2021": null, "nb_depassements_total": 69}}, {"type": "Feature", "id": "geophyteau_depassement_pnec_par_station.fid-3ad01dd2_19f2e0f0c17_3af9", "geometry": {"type": "Point", "coordinates": [-1.6445, 48.3395]}, "geometry_name": "geom", "properties": {"id": 1957, "code_geo": null, "cdstation": "J710540T", "cdinterne": null, "lbstation": "ETANG DU BOULET à FEINS", "locprecise": "ETANG DU BOULET A FEINS", "lbcommune": "FEINS", "cd_entite": "J7104700", "nb_depassements_2018": null, "nb_depassements_2019": null, "nb_depassements_2020": 27, "nb_depassements_2021": null, "nb_depassements_total": 27}}, {"type": "Feature", "id": "geophyteau_depassement_pnec_par_station.fid-3ad01dd2_19f2e0f0c17_3afa", "geometry": {"type": "Point", "coordinates": [-1.3236, 47.8375]}, "geometry_name": "geom", "properties": {"id": 1960, "code_geo": null, "cdstation": "J760510", "cdinterne": null, "lbstation": "ETANG DE LA FORGE à MARTIGNE-FERCHAUD", "locprecise": "ETANG DE LA FORGE A MARTIGNE-FERCHAUD", "lbcommune": "MARTIGNÉ-FERCHAUD", "cd_entite": "J76-0300", "nb_depassements_2018": null, "nb_depassements_2019": null, "nb_depassements_2020": 47, "nb_depassements_2021": null, "nb_depassements_total": 47}}, {"type": "Feature", "id": "geophyteau_depassement_pnec_par_station.fid-3ad01dd2_19f2e0f0c17_3afb", "geometry": {"type": "Point", "coordinates": [-1.9501, 48.0008]}, "geometry_name": "geom", "properties": {"id": 1961, "code_geo": null, "cdstation": "J751510", "cdinterne": null, "lbstation": "ETANG DE LA MUSSE à BAULON", "locprecise": "GRAND ETANG DE LA MUSSE A BAULON", "lbcommune": "BAULON", "cd_entite": "J75-0300", "nb_depassements_2018": null, "nb_depassements_2019": null, "nb_depassements_2020": 31, "nb_depassements_2021": null, "nb_depassements_total": 31}}, {"type": "Feature", "id": "geophyteau_depassement_pnec_par_station.fid-3ad01dd2_19f2e0f0c17_3afc", "geometry": {"type": "Point", "coordinates": [-1.3667, 47.9491]}, "geometry_name": "geom", "properties": {"id": 1963, "code_geo": null, "cdstation": "J741410S", "cdinterne": null, "lbstation": "ETANG DE MARCILLE à MARCILLE-ROBERT", "locprecise": "ETANG DE MARCILLE A MARCILLE-ROBERT", "lbcommune": "MARCILLÉ-ROBERT", "cd_entite": "J74-0300", "nb_depassements_2018": null, "nb_depassements_2019": null, "nb_depassements_2020": 42, "nb_depassements_2021": null, "nb_depassements_total": 42}}, {"type": "Feature", "id": "geophyteau_depassement_pnec_par_station.fid-3ad01dd2_19f2e0f0c17_3afd", "geometry": {"type": "Point", "coordinates": [-1.7798, 48.0235]}, "geometry_name": "geom", "properties": {"id": 1964, "code_geo": null, "cdstation": "J740910", "cdinterne": null, "lbstation": "GRAVIERES DE LA RIVIERE KERSAN à GOVEN", "locprecise": "GRAVIERES DE LA RIVIERE KERSAN A GOVEN", "lbcommune": "GOVEN", "cd_entite": null, "nb_depassements_2018": null, "nb_depassements_2019": null, "nb_depassements_2020": null, "nb_depassements_2021": null, "nb_depassements_total": null}}, {"type": "Feature", "id": "geophyteau_depassement_pnec_par_station.fid-3ad01dd2_19f2e0f0c17_3afe", "geometry": {"type": "Point", "coordinates": [-2.0117, 48.0771]}, "geometry_name": "geom", "properties": {"id": 1965, "code_geo": null, "cdstation": "J735500S", "cdinterne": null, "lbstation": "ETANG DE CAREIL à IFFENDIC", "locprecise": "ETANG DE CAREIL A IFFENDIC", "lbcommune": "IFFENDIC", "cd_entite": null, "nb_depassements_2018": null, "nb_depassements_2019": null, "nb_depassements_2020": null, "nb_depassements_2021": null, "nb_depassements_total": null}}, {"type": "Feature", "id": "geophyteau_depassement_pnec_par_station.fid-3ad01dd2_19f2e0f0c17_3aff", "geometry": {"type": "Point", "coordinates": [-1.7692, 48.0382]}, "geometry_name": "geom", "properties": {"id": 1967, "code_geo": null, "cdstation": "J722990V", "cdinterne": null, "lbstation": "GRAVIERES DE L'ETANG DE LA CHAISE à BRUZ", "locprecise": "GRAVIERES DE L'ETANG DE LA CHAISE A BRUZ", "lbcommune": "BRUZ", "cd_entite": null, "nb_depassements_2018": null, "nb_depassements_2019": null, "nb_depassements_2020": null, "nb_depassements_2021": null, "nb_depassements_total": null}}, {"type": "Feature", "id": "geophyteau_depassement_pnec_par_station.fid-3ad01dd2_19f2e0f0c17_3b00", "geometry": {"type": "Point", "coordinates": [-1.9534, 48.0239]}, "geometry_name": "geom", "properties": {"id": 1980, "code_geo": null, "cdstation": "J736520", "cdinterne": null, "lbstation": "RETENUE DE LA CHEZE à SAINT-THURIAL", "locprecise": "RETENUE DE LA CHEZE A SAINT-THURIAL", "lbcommune": "SAINT-THURIAL", "cd_entite": "J7364200", "nb_depassements_2018": null, "nb_depassements_2019": null, "nb_depassements_2020": 39, "nb_depassements_2021": null, "nb_depassements_total": 39}}, {"type": "Feature", "id": "geophyteau_depassement_pnec_par_station.fid-3ad01dd2_19f2e0f0c17_3b01", "geometry": {"type": "Point", "coordinates": [-1.7426, 48.0951]}, "geometry_name": "geom", "properties": {"id": 1988, "code_geo": null, "cdstation": "J722910", "cdinterne": null, "lbstation": "GRAVIERES DE LA PIBLAIS à SAINT-JACQUES-DE-LA-LANDE", "locprecise": "GRAVIERES DE LA PIBLAIS A SAINT-JACQUES-DE-LA-LANDE", "lbcommune": "SAINT-JACQUES-DE-LA-LANDE", "cd_entite": null, "nb_depassements_2018": 14, "nb_depassements_2019": null, "nb_depassements_2020": null, "nb_depassements_2021": 25, "nb_depassements_total": 39}}, {"type": "Feature", "id": "geophyteau_depassement_pnec_par_station.fid-3ad01dd2_19f2e0f0c17_3b02", "geometry": {"type": "Point", "coordinates": [-1.4703, 48.2645]}, "geometry_name": "geom", "properties": {"id": 1989, "code_geo": null, "cdstation": "J711510S", "cdinterne": null, "lbstation": "ETANG D'OUEE à GOSNE", "locprecise": "ETANG D'OUEE A GOSNE", "lbcommune": "GOSNÉ", "cd_entite": "J7114300", "nb_depassements_2018": null, "nb_depassements_2019": 14, "nb_depassements_2020": null, "nb_depassements_2021": null, "nb_depassements_total": 14}}, {"type": "Feature", "id": "geophyteau_depassement_pnec_par_station.fid-3ad01dd2_19f2e0f0c17_3b03", "geometry": {"type": "Point", "coordinates": [-1.6789, 48.2733]}, "geometry_name": "geom", "properties": {"id": 1996, "code_geo": null, "cdstation": "04371006", "cdinterne": "ILLSE04", "lbstation": "RAU DE L'ETANG DE LA MENARDIERE À SAINT-MEDARD-SUR-ILLE", "locprecise": "LIEU-DIT LA HAUTE TOUCHE EN AVAL DU MOULIN D'ABAS", "lbcommune": "SAINT-MÉDARD-SUR-ILLE", "cd_entite": "J7107000", "nb_depassements_2018": 0, "nb_depassements_2019": 44, "nb_depassements_2020": null, "nb_depassements_2021": null, "nb_depassements_total": 44}}, {"type": "Feature", "id": "geophyteau_depassement_pnec_par_station.fid-3ad01dd2_19f2e0f0c17_3b04", "geometry": {"type": "Point", "coordinates": [-1.683, 48.3495]}, "geometry_name": "geom", "properties": {"id": 1997, "code_geo": null, "cdstation": "04371007", "cdinterne": "ILLSE01", "lbstation": "R ILLE A DINGE", "locprecise": "AMONT PONT DE LA D20, LIEU-DIT LE PAS D'ILLE", "lbcommune": "DINGÉ", "cd_entite": "J71-0300", "nb_depassements_2018": 12, "nb_depassements_2019": 35, "nb_depassements_2020": null, "nb_depassements_2021": null, "nb_depassements_total": 47}}, {"type": "Feature", "id": "geophyteau_depassement_pnec_par_station.fid-3ad01dd2_19f2e0f0c17_3b05", "geometry": {"type": "Point", "coordinates": [-1.9011, 48.0452]}, "geometry_name": "geom", "properties": {"id": 1999, "code_geo": null, "cdstation": "04373000", "cdinterne": null, "lbstation": "CHEZE OU CHAISE À SAINT THURIAL", "locprecise": "LA JACOPIERE AVAL DU PONT ACCES RD", "lbcommune": "BRÉAL-SOUS-MONTFORT", "cd_entite": "J7364200", "nb_depassements_2018": null, "nb_depassements_2019": null, "nb_depassements_2020": null, "nb_depassements_2021": null, "nb_depassements_total": null}}, {"type": "Feature", "id": "geophyteau_depassement_pnec_par_station.fid-3ad01dd2_19f2e0f0c17_3b06", "geometry": {"type": "Point", "coordinates": [-1.8378, 48.0468]}, "geometry_name": "geom", "properties": {"id": 2008, "code_geo": null, "cdstation": "04373001", "cdinterne": null, "lbstation": "RAU DE LA ROCHE À BREAL-SOUS-MONTFORT", "locprecise": "AVAL LIEU-DIT CAYER", "lbcommune": "BRÉAL-SOUS-MONTFORT", "cd_entite": "J7394100", "nb_depassements_2018": 18, "nb_depassements_2019": null, "nb_depassements_2020": null, "nb_depassements_2021": null, "nb_depassements_total": 18}}, {"type": "Feature", "id": "geophyteau_depassement_pnec_par_station.fid-3ad01dd2_19f2e0f0c17_3b07", "geometry": {"type": "Point", "coordinates": [-1.8851, 48.0617]}, "geometry_name": "geom", "properties": {"id": 2009, "code_geo": null, "cdstation": "04373002", "cdinterne": null, "lbstation": "R CHEZE A BREAL-SOUS-MONTFORT", "locprecise": "LE BEURRUAIS", "lbcommune": "BRÉAL-SOUS-MONTFORT", "cd_entite": "J7364200", "nb_depassements_2018": null, "nb_depassements_2019": null, "nb_depassements_2020": null, "nb_depassements_2021": null, "nb_depassements_total": null}}, {"type": "Feature", "id": "geophyteau_depassement_pnec_par_station.fid-3ad01dd2_19f2e0f0c17_3b08", "geometry": {"type": "Point", "coordinates": [-1.8564, 48.1469]}, "geometry_name": "geom", "properties": {"id": 2010, "code_geo": null, "cdstation": "04373003", "cdinterne": null, "lbstation": "R VAUNOISE A SAINT-GILLES", "locprecise": "LE VAUROUIL", "lbcommune": "SAINT-GILLES", "cd_entite": "J73-0310", "nb_depassements_2018": null, "nb_depassements_2019": null, "nb_depassements_2020": null, "nb_depassements_2021": null, "nb_depassements_total": null}}, {"type": "Feature", "id": "geophyteau_depassement_pnec_par_station.fid-3ad01dd2_19f2e0f0c17_3b09", "geometry": {"type": "Point", "coordinates": [-1.9897, 48.1679]}, "geometry_name": "geom", "properties": {"id": 2012, "code_geo": null, "cdstation": "04373005", "cdinterne": null, "lbstation": "R GARUN A IFFENDIC", "locprecise": "EN AVAL DE LA D31", "lbcommune": "IFFENDIC", "cd_entite": "J7344000", "nb_depassements_2018": null, "nb_depassements_2019": null, "nb_depassements_2020": null, "nb_depassements_2021": 3, "nb_depassements_total": 3}}, {"type": "Feature", "id": "geophyteau_depassement_pnec_par_station.fid-3ad01dd2_19f2e0f0c17_3b0a", "geometry": {"type": "Point", "coordinates": [-1.8931, 48.1575]}, "geometry_name": "geom", "properties": {"id": 2013, "code_geo": null, "cdstation": "04373006", "cdinterne": null, "lbstation": "VAUNOISE A BRETEIL", "locprecise": "EN AVAL DU PONT DE ROZEL", "lbcommune": "PLEUMELEUC", "cd_entite": "J73-0310", "nb_depassements_2018": null, "nb_depassements_2019": null, "nb_depassements_2020": null, "nb_depassements_2021": null, "nb_depassements_total": null}}, {"type": "Feature", "id": "geophyteau_depassement_pnec_par_station.fid-3ad01dd2_19f2e0f0c17_3b0b", "geometry": {"type": "Point", "coordinates": [-1.8302, 48.1294]}, "geometry_name": "geom", "properties": {"id": 2014, "code_geo": null, "cdstation": "04373007", "cdinterne": null, "lbstation": "MARES NOIRES A L'HERMITAGE", "locprecise": "LE LONG DE LA D125", "lbcommune": "L'HERMITAGE", "cd_entite": "J7384000", "nb_depassements_2018": null, "nb_depassements_2019": null, "nb_depassements_2020": null, "nb_depassements_2021": null, "nb_depassements_total": null}}, {"type": "Feature", "id": "geophyteau_depassement_pnec_par_station.fid-3ad01dd2_19f2e0f0c17_3b0c", "geometry": {"type": "Point", "coordinates": [-1.3207, 47.9693]}, "geometry_name": "geom", "properties": {"id": 2015, "code_geo": null, "cdstation": "04374000", "cdinterne": null, "lbstation": "RAU DU BAS MESNIL À MARCILLE-ROBERT", "locprecise": "LIEU-DIT LE BAS MESNIL", "lbcommune": "MARCILLÉ-ROBERT", "cd_entite": "J7417900", "nb_depassements_2018": null, "nb_depassements_2019": null, "nb_depassements_2020": null, "nb_depassements_2021": null, "nb_depassements_total": null}}, {"type": "Feature", "id": "geophyteau_depassement_pnec_par_station.fid-3ad01dd2_19f2e0f0c17_3b0d", "geometry": {"type": "Point", "coordinates": [-1.7944, 48.0129]}, "geometry_name": "geom", "properties": {"id": 2017, "code_geo": null, "cdstation": "04374002", "cdinterne": null, "lbstation": "TOURNERAIS A GOVEN", "locprecise": "LIEU-DIT PIEL", "lbcommune": "GOVEN", "cd_entite": "J7404000", "nb_depassements_2018": null, "nb_depassements_2019": null, "nb_depassements_2020": null, "nb_depassements_2021": null, "nb_depassements_total": null}}, {"type": "Feature", "id": "geophyteau_depassement_pnec_par_station.fid-3ad01dd2_19f2e0f0c17_3b0e", "geometry": {"type": "Point", "coordinates": [-1.6681, 47.9921]}, "geometry_name": "geom", "properties": {"id": 2018, "code_geo": null, "cdstation": "04374006", "cdinterne": null, "lbstation": "RUISSEAU DE LA BALANCHETAIS À ORGERES", "locprecise": "NORD- EST de la métrie en ORGERES", "lbcommune": "ORGÈRES", "cd_entite": "J7484400", "nb_depassements_2018": null, "nb_depassements_2019": null, "nb_depassements_2020": null, "nb_depassements_2021": null, "nb_depassements_total": null}}, {"type": "Feature", "id": "geophyteau_depassement_pnec_par_station.fid-3ad01dd2_19f2e0f0c17_3b0f", "geometry": {"type": "Point", "coordinates": [-1.7002, 47.9807]}, "geometry_name": "geom", "properties": {"id": 2019, "code_geo": null, "cdstation": "04374008", "cdinterne": null, "lbstation": "RUISSEAU DES BIGNONS À LAILLE", "locprecise": "NORD de \"Le Bas Fougeray\" en LAILLE", "lbcommune": "LAILLÉ", "cd_entite": "J7484700", "nb_depassements_2018": null, "nb_depassements_2019": null, "nb_depassements_2020": null, "nb_depassements_2021": null, "nb_depassements_total": null}}, {"type": "Feature", "id": "geophyteau_depassement_pnec_par_station.fid-3ad01dd2_19f2e0f0c17_3b10", "geometry": {"type": "Point", "coordinates": [-1.503, 48.3691]}, "geometry_name": "geom", "properties": {"id": 2030, "code_geo": null, "cdstation": "04162300", "cdinterne": null, "lbstation": "COUESNON à ROMAZY", "locprecise": "PONT D211 - LE MOULIN DU PONT", "lbcommune": "ROMAZY", "cd_entite": "J0--0150", "nb_depassements_2018": 34, "nb_depassements_2019": 40, "nb_depassements_2020": null, "nb_depassements_2021": 44, "nb_depassements_total": 118}}, {"type": "Feature", "id": "geophyteau_depassement_pnec_par_station.fid-3ad01dd2_19f2e0f0c17_3b11", "geometry": {"type": "Point", "coordinates": [-1.7238, 47.9217]}, "geometry_name": "geom", "properties": {"id": 2040, "code_geo": null, "cdstation": "04375001", "cdinterne": null, "lbstation": "CHALOUZAIS A BOURG-DES-COMPTES", "locprecise": "LIEU-DIT LA MARTINIERE", "lbcommune": "BOURG-DES-COMPTES", "cd_entite": "J7506100", "nb_depassements_2018": null, "nb_depassements_2019": 44, "nb_depassements_2020": null, "nb_depassements_2021": null, "nb_depassements_total": 44}}, {"type": "Feature", "id": "geophyteau_depassement_pnec_par_station.fid-3ad01dd2_19f2e0f0c17_3b12", "geometry": {"type": "Point", "coordinates": [-1.96, 47.8676]}, "geometry_name": "geom", "properties": {"id": 2048, "code_geo": null, "cdstation": "AFEGR6", "cdinterne": null, "lbstation": "Non renseignée", "locprecise": "Non renseignée", "lbcommune": "MAURE-DE-BRETAGNE", "cd_entite": null, "nb_depassements_2018": null, "nb_depassements_2019": null, "nb_depassements_2020": null, "nb_depassements_2021": null, "nb_depassements_total": null}}, {"type": "Feature", "id": "geophyteau_depassement_pnec_par_station.fid-3ad01dd2_19f2e0f0c17_3b13", "geometry": {"type": "Point", "coordinates": [-1.6726, 48.2963]}, "geometry_name": "geom", "properties": {"id": 2057, "code_geo": null, "cdstation": "04205500", "cdinterne": null, "lbstation": "ILLE à MONTREUIL-SUR-ILLE", "locprecise": "PONT SUR L'ILLE PRES DE L'ECLUSE", "lbcommune": "MONTREUIL-SUR-ILLE", "cd_entite": "J71-0300", "nb_depassements_2018": 26, "nb_depassements_2019": 47, "nb_depassements_2020": 45, "nb_depassements_2021": null, "nb_depassements_total": 118}}, {"type": "Feature", "id": "geophyteau_depassement_pnec_par_station.fid-3ad01dd2_19f2e0f0c17_3b14", "geometry": {"type": "Point", "coordinates": [-1.4986, 48.1832]}, "geometry_name": "geom", "properties": {"id": 2062, "code_geo": null, "cdstation": "04204000", "cdinterne": "CHEVRE1", "lbstation": "VEUVRE OU CHEVRE À LA BOUEXIERE", "locprecise": "PONT D27 - AVAL ETANG DE CHEVRE", "lbcommune": "LA BOUËXIÈRE", "cd_entite": "J70-0310", "nb_depassements_2018": null, "nb_depassements_2019": null, "nb_depassements_2020": 39, "nb_depassements_2021": 14, "nb_depassements_total": 53}}, {"type": "Feature", "id": "geophyteau_depassement_pnec_par_station.fid-3ad01dd2_19f2e0f0c17_3b15", "geometry": {"type": "Point", "coordinates": [-1.9495, 47.8779]}, "geometry_name": "geom", "properties": {"id": 2076, "code_geo": null, "cdstation": "AFEJo1", "cdinterne": null, "lbstation": "Non renseignée", "locprecise": "Non renseignée", "lbcommune": "Inconnue", "cd_entite": null, "nb_depassements_2018": null, "nb_depassements_2019": null, "nb_depassements_2020": null, "nb_depassements_2021": null, "nb_depassements_total": null}}, {"type": "Feature", "id": "geophyteau_depassement_pnec_par_station.fid-3ad01dd2_19f2e0f0c17_3b16", "geometry": {"type": "Point", "coordinates": [-1.3484, 48.2884]}, "geometry_name": "geom", "properties": {"id": 2091, "code_geo": null, "cdstation": "04161710", "cdinterne": "HC10", "lbstation": "GENERAL OU RAU DU MOULIN DE TIZON à SAINT-JEAN-SUR-COUESNON", "locprecise": "PONT ENTRE LES LIEUX-DITS LA ROSERAIE ET MONTOUCHER", "lbcommune": "SAINT-JEAN-SUR-COUESNON", "cd_entite": "J0034000", "nb_depassements_2018": 12, "nb_depassements_2019": 10, "nb_depassements_2020": 7, "nb_depassements_2021": 14, "nb_depassements_total": 43}}, {"type": "Feature", "id": "geophyteau_depassement_pnec_par_station.fid-3ad01dd2_19f2e0f0c17_3b17", "geometry": {"type": "Point", "coordinates": [-1.5627, 48.1229]}, "geometry_name": "geom", "properties": {"id": 2115, "code_geo": null, "cdstation": "04204300", "cdinterne": null, "lbstation": "VILAINE à CESSON-SEVIGNE", "locprecise": "AU LD PONT BRIAND - AMONT RENNES", "lbcommune": "CESSON-SÉVIGNÉ", "cd_entite": "J---0060", "nb_depassements_2018": 48, "nb_depassements_2019": 46, "nb_depassements_2020": 41, "nb_depassements_2021": 19, "nb_depassements_total": 154}}, {"type": "Feature", "id": "geophyteau_depassement_pnec_par_station.fid-3ad01dd2_19f2e0f0c17_3b18", "geometry": {"type": "Point", "coordinates": [-1.4312, 48.3137]}, "geometry_name": "geom", "properties": {"id": 2128, "code_geo": null, "cdstation": "04162000", "cdinterne": "HC01", "lbstation": "COUESNON à MEZIERES-SUR-COUESNON", "locprecise": "170M EN AVAL DU PONT D102 - LIEU-DIT LA ROCHE", "lbcommune": "MÉZIÈRES-SUR-COUESNON", "cd_entite": "J0--0150", "nb_depassements_2018": 25, "nb_depassements_2019": 20, "nb_depassements_2020": 12, "nb_depassements_2021": 16, "nb_depassements_total": 73}}, {"type": "Feature", "id": "geophyteau_depassement_pnec_par_station.fid-3ad01dd2_19f2e0f0c17_3b19", "geometry": {"type": "Point", "coordinates": [-1.5748, 48.2473]}, "geometry_name": "geom", "properties": {"id": 2183, "code_geo": null, "cdstation": "04205620", "cdinterne": null, "lbstation": "ILLET à CHASNE-SUR-ILLET", "locprecise": "PONT D106 - STATION LIMNIGRAPHIQUE", "lbcommune": "CHASNÉ-SUR-ILLET", "cd_entite": "J7114000", "nb_depassements_2018": null, "nb_depassements_2019": null, "nb_depassements_2020": null, "nb_depassements_2021": null, "nb_depassements_total": null}}, {"type": "Feature", "id": "geophyteau_depassement_pnec_par_station.fid-3ad01dd2_19f2e0f0c17_3b1a", "geometry": {"type": "Point", "coordinates": [-1.6805, 48.1504]}, "geometry_name": "geom", "properties": {"id": 2184, "code_geo": null, "cdstation": "04206000", "cdinterne": null, "lbstation": "ILLE à SAINT-GREGOIRE", "locprecise": "PONT BRAS DROIT", "lbcommune": "SAINT-GRÉGOIRE", "cd_entite": "J71-0300", "nb_depassements_2018": 0, "nb_depassements_2019": 6, "nb_depassements_2020": 6, "nb_depassements_2021": 2, "nb_depassements_total": 14}}, {"type": "Feature", "id": "geophyteau_depassement_pnec_par_station.fid-3ad01dd2_19f2e0f0c17_3b1b", "geometry": {"type": "Point", "coordinates": [-1.448, 48.3464]}, "geometry_name": "geom", "properties": {"id": 2196, "code_geo": null, "cdstation": "04162200", "cdinterne": "LMM1", "lbstation": "MINETTE à SAINT-CHRISTOPHE-DE-VALAINS", "locprecise": "80M EN AMONT DE LA PASSERELLE", "lbcommune": "SAINT-CHRISTOPHE-DE-VALAINS", "cd_entite": "J0114000", "nb_depassements_2018": null, "nb_depassements_2019": 2, "nb_depassements_2020": null, "nb_depassements_2021": 2, "nb_depassements_total": 4}}, {"type": "Feature", "id": "geophyteau_depassement_pnec_par_station.fid-3ad01dd2_19f2e0f0c17_3b1c", "geometry": {"type": "Point", "coordinates": [-1.7542, 48.113]}, "geometry_name": "geom", "properties": {"id": 2197, "code_geo": null, "cdstation": "04372001", "cdinterne": null, "lbstation": "LA ROSAIS A VEZIN-LE-COQUET", "locprecise": "AVAL LE RHEU, PROXIMITE TERRAIN DE FOOTBALL", "lbcommune": "VEZIN-LE-COQUET", "cd_entite": null, "nb_depassements_2018": null, "nb_depassements_2019": null, "nb_depassements_2020": null, "nb_depassements_2021": null, "nb_depassements_total": null}}, {"type": "Feature", "id": "geophyteau_depassement_pnec_par_station.fid-3ad01dd2_19f2e0f0c17_3b1d", "geometry": {"type": "Point", "coordinates": [-1.5353, 48.1307]}, "geometry_name": "geom", "properties": {"id": 2304, "code_geo": null, "cdstation": "04370006", "cdinterne": "HV20", "lbstation": "VILAINE A ACIGNE", "locprecise": "LIEU-DIT LE PONT D'ACIGNE - PONT RD 392", "lbcommune": "ACIGNÉ", "cd_entite": "J---0060", "nb_depassements_2018": 4, "nb_depassements_2019": 4, "nb_depassements_2020": 4, "nb_depassements_2021": 6, "nb_depassements_total": 18}}, {"type": "Feature", "id": "geophyteau_depassement_pnec_par_station.fid-3ad01dd2_19f2e0f0c17_3b1e", "geometry": {"type": "Point", "coordinates": [-1.625, 48.1966]}, "geometry_name": "geom", "properties": {"id": 2305, "code_geo": null, "cdstation": "04371008", "cdinterne": "ILLSE10", "lbstation": "ILLET A BETTON", "locprecise": "LIEU-DIT LE PONT ILLET - PONT RD 175", "lbcommune": "BETTON", "cd_entite": "J7114000", "nb_depassements_2018": 4, "nb_depassements_2019": 3, "nb_depassements_2020": 6, "nb_depassements_2021": 0, "nb_depassements_total": 13}}, {"type": "Feature", "id": "geophyteau_depassement_pnec_par_station.fid-3ad01dd2_19f2e0f0c17_3b1f", "geometry": {"type": "Point", "coordinates": [-1.6205, 48.1927]}, "geometry_name": "geom", "properties": {"id": 2358, "code_geo": null, "cdstation": "04371009", "cdinterne": null, "lbstation": "CALEUVRE A BETTON", "locprecise": "LE LANDRET", "lbcommune": "BETTON", "cd_entite": null, "nb_depassements_2018": null, "nb_depassements_2019": null, "nb_depassements_2020": null, "nb_depassements_2021": null, "nb_depassements_total": null}}, {"type": "Feature", "id": "geophyteau_depassement_pnec_par_station.fid-3ad01dd2_19f2e0f0c17_3b20", "geometry": {"type": "Point", "coordinates": [-1.9786, 47.9075]}, "geometry_name": "geom", "properties": {"id": 2317, "code_geo": null, "cdstation": "04199518", "cdinterne": "AFEMM10", "lbstation": "* à MERNEL", "locprecise": "EST DES ROCHELLES", "lbcommune": "MERNEL", "cd_entite": "J8646800", "nb_depassements_2018": null, "nb_depassements_2019": null, "nb_depassements_2020": null, "nb_depassements_2021": null, "nb_depassements_total": null}}, {"type": "Feature", "id": "geophyteau_depassement_pnec_par_station.fid-3ad01dd2_19f2e0f0c17_3b21", "geometry": {"type": "Point", "coordinates": [-1.9665, 47.913]}, "geometry_name": "geom", "properties": {"id": 2318, "code_geo": null, "cdstation": "04199519", "cdinterne": "AFEMM8", "lbstation": "RAU DE HAMON à MERNEL", "locprecise": "NORD DU BREIL", "lbcommune": "MERNEL", "cd_entite": "J8646700", "nb_depassements_2018": null, "nb_depassements_2019": null, "nb_depassements_2020": null, "nb_depassements_2021": null, "nb_depassements_total": null}}, {"type": "Feature", "id": "geophyteau_depassement_pnec_par_station.fid-3ad01dd2_19f2e0f0c17_3b22", "geometry": {"type": "Point", "coordinates": [-1.9469, 47.8971]}, "geometry_name": "geom", "properties": {"id": 2319, "code_geo": null, "cdstation": "04199525", "cdinterne": "AFEMM12", "lbstation": "* à MERNEL", "locprecise": "EXUTOIRE, SUD DU POINT DU JOUR (CHEMIN)", "lbcommune": "MERNEL", "cd_entite": "J8647100", "nb_depassements_2018": null, "nb_depassements_2019": null, "nb_depassements_2020": null, "nb_depassements_2021": null, "nb_depassements_total": null}}, {"type": "Feature", "id": "geophyteau_depassement_pnec_par_station.fid-3ad01dd2_19f2e0f0c17_3b23", "geometry": {"type": "Point", "coordinates": [-1.9402, 47.8664]}, "geometry_name": "geom", "properties": {"id": 2333, "code_geo": null, "cdstation": "04199533", "cdinterne": "AFEGR4", "lbstation": "RAU DE GRUMELLAN à MAURE-DE-BRETAGNE", "locprecise": "EST DE LA BROUSSE, AMONT ANCIENNE VOIE SNCF", "lbcommune": "MAURE-DE-BRETAGNE", "cd_entite": "J8654400", "nb_depassements_2018": null, "nb_depassements_2019": null, "nb_depassements_2020": null, "nb_depassements_2021": null, "nb_depassements_total": null}}, {"type": "Feature", "id": "geophyteau_depassement_pnec_par_station.fid-3ad01dd2_19f2e0f0c17_3b24", "geometry": {"type": "Point", "coordinates": [-1.9386, 47.8669]}, "geometry_name": "geom", "properties": {"id": 2334, "code_geo": null, "cdstation": "04199534", "cdinterne": "AFEGR5", "lbstation": "* à MAURE-DE-BRETAGNE", "locprecise": "SUD DE LA VILLE ANDRE, AMONT CONFLUENCE DES RAUX", "lbcommune": "MAURE-DE-BRETAGNE", "cd_entite": "J8654500", "nb_depassements_2018": null, "nb_depassements_2019": null, "nb_depassements_2020": null, "nb_depassements_2021": null, "nb_depassements_total": null}}, {"type": "Feature", "id": "geophyteau_depassement_pnec_par_station.fid-3ad01dd2_19f2e0f0c17_3b25", "geometry": {"type": "Point", "coordinates": [-1.9844, 47.8628]}, "geometry_name": "geom", "properties": {"id": 2335, "code_geo": null, "cdstation": "04199540", "cdinterne": "AFE6", "lbstation": "RAU DE LA FONTAINE DE TROUEE à MAURE-DE-BRETAGNE", "locprecise": "EXUTOIRE, NORD-EST DE CONTOUZE", "lbcommune": "MAURE-DE-BRETAGNE", "cd_entite": "J8654900", "nb_depassements_2018": null, "nb_depassements_2019": null, "nb_depassements_2020": null, "nb_depassements_2021": null, "nb_depassements_total": null}}, {"type": "Feature", "id": "geophyteau_depassement_pnec_par_station.fid-3ad01dd2_19f2e0f0c17_3b26", "geometry": {"type": "Point", "coordinates": [-2.0155, 48.1281]}, "geometry_name": "geom", "properties": {"id": 2336, "code_geo": null, "cdstation": "04208350", "cdinterne": "ME4", "lbstation": "MEU À IFFENDIC", "locprecise": "LD GARENNE-MOULIN DE BREIL", "lbcommune": "IFFENDIC", "cd_entite": "J73-0300", "nb_depassements_2018": 537, "nb_depassements_2019": 17, "nb_depassements_2020": 66, "nb_depassements_2021": 20, "nb_depassements_total": 640}}, {"type": "Feature", "id": "geophyteau_depassement_pnec_par_station.fid-3ad01dd2_19f2e0f0c17_3b27", "geometry": {"type": "Point", "coordinates": [-1.9108, 48.0848]}, "geometry_name": "geom", "properties": {"id": 2338, "code_geo": null, "cdstation": "04208590", "cdinterne": "ME17", "lbstation": "SEREIN à TALENSAC", "locprecise": "PONT D 62", "lbcommune": "TALENSAC", "cd_entite": "J7355000", "nb_depassements_2018": null, "nb_depassements_2019": null, "nb_depassements_2020": 34, "nb_depassements_2021": 11, "nb_depassements_total": 45}}, {"type": "Feature", "id": "geophyteau_depassement_pnec_par_station.fid-3ad01dd2_19f2e0f0c17_3b28", "geometry": {"type": "Point", "coordinates": [-1.8983, 48.0864]}, "geometry_name": "geom", "properties": {"id": 2339, "code_geo": null, "cdstation": "04208710", "cdinterne": "ME7", "lbstation": "MEU à MORDELLES", "locprecise": "LE MOULIN DE TREJOUAN", "lbcommune": "MORDELLES", "cd_entite": "J73-0300", "nb_depassements_2018": null, "nb_depassements_2019": null, "nb_depassements_2020": null, "nb_depassements_2021": null, "nb_depassements_total": null}}, {"type": "Feature", "id": "geophyteau_depassement_pnec_par_station.fid-3ad01dd2_19f2e0f0c17_3b29", "geometry": {"type": "Point", "coordinates": [-1.9067, 48.1704]}, "geometry_name": "geom", "properties": {"id": 2340, "code_geo": null, "cdstation": "04208760", "cdinterne": "ME20", "lbstation": "VAUNOISE à PLEUMELEUC", "locprecise": "LE PONT DU CHEMIN", "lbcommune": "PLEUMELEUC", "cd_entite": "J73-0310", "nb_depassements_2018": null, "nb_depassements_2019": null, "nb_depassements_2020": null, "nb_depassements_2021": null, "nb_depassements_total": null}}, {"type": "Feature", "id": "geophyteau_depassement_pnec_par_station.fid-3ad01dd2_19f2e0f0c17_3b2a", "geometry": {"type": "Point", "coordinates": [-1.9659, 48.151]}, "geometry_name": "geom", "properties": {"id": 2348, "code_geo": null, "cdstation": "04208395", "cdinterne": "ME14bis", "lbstation": "GARUN à BEDEE", "locprecise": "LIEU-DIT LA TOUCHE FOURNEL", "lbcommune": "BÉDÉE", "cd_entite": "J7344000", "nb_depassements_2018": 540, "nb_depassements_2019": 65, "nb_depassements_2020": 80, "nb_depassements_2021": 19, "nb_depassements_total": 704}}, {"type": "Feature", "id": "geophyteau_depassement_pnec_par_station.fid-3ad01dd2_19f2e0f0c17_3b2b", "geometry": {"type": "Point", "coordinates": [-1.4095, 48.1928]}, "geometry_name": "geom", "properties": {"id": 2354, "code_geo": null, "cdstation": "04370014", "cdinterne": "BARBOT1", "lbstation": "RAU DE LA BARBOTAIS A DOURDAIN", "locprecise": "ROUTE COMMUNALE ENTRE LA MILERAIS ET LE MOULIN ORY", "lbcommune": "DOURDAIN", "cd_entite": null, "nb_depassements_2018": 0, "nb_depassements_2019": null, "nb_depassements_2020": null, "nb_depassements_2021": null, "nb_depassements_total": 0}}, {"type": "Feature", "id": "geophyteau_depassement_pnec_par_station.fid-3ad01dd2_19f2e0f0c17_3b2c", "geometry": {"type": "Point", "coordinates": [-1.419, 48.1957]}, "geometry_name": "geom", "properties": {"id": 2355, "code_geo": null, "cdstation": "04370015", "cdinterne": "VEUVRE2", "lbstation": "VEUVRE A LA BOUËXIERE", "locprecise": "LA BRONNAIS LONG RD 528", "lbcommune": "LA BOUËXIÈRE", "cd_entite": null, "nb_depassements_2018": 0, "nb_depassements_2019": null, "nb_depassements_2020": 6, "nb_depassements_2021": null, "nb_depassements_total": 6}}, {"type": "Feature", "id": "geophyteau_depassement_pnec_par_station.fid-3ad01dd2_19f2e0f0c17_3b2d", "geometry": {"type": "Point", "coordinates": [-1.6065, 48.1903]}, "geometry_name": "geom", "properties": {"id": 2359, "code_geo": null, "cdstation": "04371010", "cdinterne": null, "lbstation": "CALEUVRE A BETTON", "locprecise": "PETIT CALEUVRE", "lbcommune": "BETTON", "cd_entite": null, "nb_depassements_2018": null, "nb_depassements_2019": null, "nb_depassements_2020": null, "nb_depassements_2021": null, "nb_depassements_total": null}}, {"type": "Feature", "id": "geophyteau_depassement_pnec_par_station.fid-3ad01dd2_19f2e0f0c17_3b2e", "geometry": {"type": "Point", "coordinates": [-1.4536, 48.2329]}, "geometry_name": "geom", "properties": {"id": 2360, "code_geo": null, "cdstation": "04371011", "cdinterne": null, "lbstation": "ILLET A GOSNE", "locprecise": "LE DOMAINE", "lbcommune": "GOSNÉ", "cd_entite": null, "nb_depassements_2018": null, "nb_depassements_2019": null, "nb_depassements_2020": null, "nb_depassements_2021": null, "nb_depassements_total": null}}, {"type": "Feature", "id": "geophyteau_depassement_pnec_par_station.fid-3ad01dd2_19f2e0f0c17_3b2f", "geometry": {"type": "Point", "coordinates": [-1.4697, 48.2392]}, "geometry_name": "geom", "properties": {"id": 2361, "code_geo": null, "cdstation": "04371012", "cdinterne": null, "lbstation": "ILLET A GOSNE", "locprecise": "LA BENARDIERE", "lbcommune": "GOSNÉ", "cd_entite": null, "nb_depassements_2018": null, "nb_depassements_2019": null, "nb_depassements_2020": null, "nb_depassements_2021": null, "nb_depassements_total": null}}, {"type": "Feature", "id": "geophyteau_depassement_pnec_par_station.fid-3ad01dd2_19f2e0f0c17_3b30", "geometry": {"type": "Point", "coordinates": [-1.6803, 48.3259]}, "geometry_name": "geom", "properties": {"id": 2362, "code_geo": null, "cdstation": "04371013", "cdinterne": null, "lbstation": "ILLE A DINGE", "locprecise": "LA PIGEONNIERE", "lbcommune": "DINGÉ", "cd_entite": null, "nb_depassements_2018": null, "nb_depassements_2019": null, "nb_depassements_2020": null, "nb_depassements_2021": null, "nb_depassements_total": null}}, {"type": "Feature", "id": "geophyteau_depassement_pnec_par_station.fid-3ad01dd2_19f2e0f0c17_3b31", "geometry": {"type": "Point", "coordinates": [-1.5465, 48.1363]}, "geometry_name": "geom", "properties": {"id": 2366, "code_geo": null, "cdstation": "04370017", "cdinterne": "CHEVRE2", "lbstation": "CHEVRE A ACIGNE", "locprecise": "LE PONT D'OHIN AMONT CLAPET RD 29", "lbcommune": "ACIGNÉ", "cd_entite": null, "nb_depassements_2018": null, "nb_depassements_2019": null, "nb_depassements_2020": 6, "nb_depassements_2021": 8, "nb_depassements_total": 14}}, {"type": "Feature", "id": "geophyteau_depassement_pnec_par_station.fid-3ad01dd2_19f2e0f0c17_3b32", "geometry": {"type": "Point", "coordinates": [-1.7055, 48.3082]}, "geometry_name": "geom", "properties": {"id": 2367, "code_geo": null, "cdstation": "04371003", "cdinterne": "ILLSE03", "lbstation": "CHENAY PIGUELAIS À GUIPEL", "locprecise": "PONT DU LIEU-DIT LA VILLE AU DUC", "lbcommune": "GUIPEL", "cd_entite": "J7106200", "nb_depassements_2018": 19, "nb_depassements_2019": null, "nb_depassements_2020": null, "nb_depassements_2021": null, "nb_depassements_total": 19}}, {"type": "Feature", "id": "geophyteau_depassement_pnec_par_station.fid-3ad01dd2_19f2e0f0c17_3b33", "geometry": {"type": "Point", "coordinates": [-1.6716, 48.2568]}, "geometry_name": "geom", "properties": {"id": 2368, "code_geo": null, "cdstation": "04371005", "cdinterne": "ILLSE06", "lbstation": "RAU DE LA JANDIÈRE À MELESSE", "locprecise": "PONT ENTRE LES LIEUX-DITS BOUESSAY ET LA BRUYERE", "lbcommune": "MELESSE", "cd_entite": "J7108000", "nb_depassements_2018": 0, "nb_depassements_2019": 3, "nb_depassements_2020": null, "nb_depassements_2021": null, "nb_depassements_total": 3}}, {"type": "Feature", "id": "geophyteau_depassement_pnec_par_station.fid-3ad01dd2_19f2e0f0c17_3b34", "geometry": {"type": "Point", "coordinates": [-1.6378, 48.2045]}, "geometry_name": "geom", "properties": {"id": 2369, "code_geo": null, "cdstation": "04371014", "cdinterne": null, "lbstation": "ILLE A CHEVAIGNE", "locprecise": "LE CHAMP MICHEL", "lbcommune": "CHEVAIGNÉ", "cd_entite": null, "nb_depassements_2018": null, "nb_depassements_2019": null, "nb_depassements_2020": null, "nb_depassements_2021": null, "nb_depassements_total": null}}, {"type": "Feature", "id": "geophyteau_depassement_pnec_par_station.fid-3ad01dd2_19f2e0f0c17_3b35", "geometry": {"type": "Point", "coordinates": [-2.0098, 48.3441]}, "geometry_name": "geom", "properties": {"id": 2592, "code_geo": null, "cdstation": "04306009", "cdinterne": null, "lbstation": "LE HAC A QUIOU", "locprecise": "HAC", "lbcommune": "LE QUIOU", "cd_entite": null, "nb_depassements_2018": null, "nb_depassements_2019": null, "nb_depassements_2020": null, "nb_depassements_2021": null, "nb_depassements_total": null}}, {"type": "Feature", "id": "geophyteau_depassement_pnec_par_station.fid-3ad01dd2_19f2e0f0c17_3b36", "geometry": {"type": "Point", "coordinates": [-1.6966, 47.8953]}, "geometry_name": "geom", "properties": {"id": 2452, "code_geo": null, "cdstation": "SE01", "cdinterne": "St1", "lbstation": "Le Choisel", "locprecise": "Non renseignée", "lbcommune": "POLIGNÉ", "cd_entite": null, "nb_depassements_2018": null, "nb_depassements_2019": null, "nb_depassements_2020": null, "nb_depassements_2021": null, "nb_depassements_total": null}}, {"type": "Feature", "id": "geophyteau_depassement_pnec_par_station.fid-3ad01dd2_19f2e0f0c17_3b37", "geometry": {"type": "Point", "coordinates": [-1.6821, 47.8753]}, "geometry_name": "geom", "properties": {"id": 2453, "code_geo": null, "cdstation": "SE02", "cdinterne": "St2", "lbstation": "Lande de Bagaron", "locprecise": "Non renseignée", "lbcommune": "PLÉCHÂTEL", "cd_entite": null, "nb_depassements_2018": null, "nb_depassements_2019": null, "nb_depassements_2020": null, "nb_depassements_2021": null, "nb_depassements_total": null}}, {"type": "Feature", "id": "geophyteau_depassement_pnec_par_station.fid-3ad01dd2_19f2e0f0c17_3b38", "geometry": {"type": "Point", "coordinates": [-1.4816, 47.8294]}, "geometry_name": "geom", "properties": {"id": 2462, "code_geo": null, "cdstation": "04376006", "cdinterne": "St7;SE07", "lbstation": "BRUTZ A SOULVACHE", "locprecise": "LIEU-DIT BRUTZ - PONT RD 57", "lbcommune": "SOULVACHE", "cd_entite": "J7614000", "nb_depassements_2018": null, "nb_depassements_2019": null, "nb_depassements_2020": null, "nb_depassements_2021": null, "nb_depassements_total": null}}, {"type": "Feature", "id": "geophyteau_depassement_pnec_par_station.fid-3ad01dd2_19f2e0f0c17_3b39", "geometry": {"type": "Point", "coordinates": [-1.4736, 47.8335]}, "geometry_name": "geom", "properties": {"id": 2463, "code_geo": null, "cdstation": "04376005", "cdinterne": "St8;SE08", "lbstation": "SEMNON A THOURIE", "locprecise": "LIEU-DIT LES PONTS", "lbcommune": "THOURIE", "cd_entite": "J76-0300", "nb_depassements_2018": null, "nb_depassements_2019": null, "nb_depassements_2020": null, "nb_depassements_2021": null, "nb_depassements_total": null}}, {"type": "Feature", "id": "geophyteau_depassement_pnec_par_station.fid-3ad01dd2_19f2e0f0c17_3b3a", "geometry": {"type": "Point", "coordinates": [-1.5023, 47.8419]}, "geometry_name": "geom", "properties": {"id": 2464, "code_geo": null, "cdstation": "04376007", "cdinterne": "St6;SE06", "lbstation": "COUYERE A THOURIE", "locprecise": "LIEU-DIT LA GRANDE RIVIERE - PONT RD 92", "lbcommune": "THOURIE", "cd_entite": "J7624000", "nb_depassements_2018": 12, "nb_depassements_2019": 14, "nb_depassements_2020": 8, "nb_depassements_2021": null, "nb_depassements_total": 34}}, {"type": "Feature", "id": "geophyteau_depassement_pnec_par_station.fid-3ad01dd2_19f2e0f0c17_3b3b", "geometry": {"type": "Point", "coordinates": [-1.7427, 47.9645]}, "geometry_name": "geom", "properties": {"id": 2474, "code_geo": null, "cdstation": "04375007", "cdinterne": null, "lbstation": "RU DU  DESERT A LAILLE", "locprecise": "LA HAUTE ROUESNAIS", "lbcommune": "LAIGNELET", "cd_entite": null, "nb_depassements_2018": null, "nb_depassements_2019": null, "nb_depassements_2020": null, "nb_depassements_2021": null, "nb_depassements_total": null}}, {"type": "Feature", "id": "geophyteau_depassement_pnec_par_station.fid-3ad01dd2_19f2e0f0c17_3b3c", "geometry": {"type": "Point", "coordinates": [-1.7459, 47.9253]}, "geometry_name": "geom", "properties": {"id": 2499, "code_geo": null, "cdstation": "04375006", "cdinterne": null, "lbstation": "RUISSEAU DE LA CHALOUZAIS A BOURG-DES-COMPTES", "locprecise": "LA LANGRAIS", "lbcommune": "BOURG-DES-COMPTES", "cd_entite": null, "nb_depassements_2018": null, "nb_depassements_2019": null, "nb_depassements_2020": null, "nb_depassements_2021": null, "nb_depassements_total": null}}, {"type": "Feature", "id": "geophyteau_depassement_pnec_par_station.fid-3ad01dd2_19f2e0f0c17_3b3d", "geometry": {"type": "Point", "coordinates": [-1.6808, 47.8812]}, "geometry_name": "geom", "properties": {"id": 2500, "code_geo": null, "cdstation": "04376002", "cdinterne": "St2bis", "lbstation": "LANDE DE BAGARON A PLECHATEL", "locprecise": "100 M A L'AMONT DE LA CONFLUENCE AVEC LE SEMNON, PONT D737", "lbcommune": "PLÉCHÂTEL", "cd_entite": "J7644200", "nb_depassements_2018": 9, "nb_depassements_2019": null, "nb_depassements_2020": null, "nb_depassements_2021": null, "nb_depassements_total": 9}}, {"type": "Feature", "id": "geophyteau_depassement_pnec_par_station.fid-3ad01dd2_19f2e0f0c17_3b3e", "geometry": {"type": "Point", "coordinates": [-1.3326, 48.371]}, "geometry_name": "geom", "properties": {"id": 3141, "code_geo": null, "cdstation": "04162105", "cdinterne": "LMM5", "lbstation": "RAU DE VOCADIEU à SAINT-ETIENNE-EN-COGLES", "locprecise": "LA BAGOTERIE", "lbcommune": "SAINT-ÉTIENNE-EN-COGLÈS", "cd_entite": "J0114800", "nb_depassements_2018": null, "nb_depassements_2019": null, "nb_depassements_2020": null, "nb_depassements_2021": null, "nb_depassements_total": null}}, {"type": "Feature", "id": "geophyteau_depassement_pnec_par_station.fid-3ad01dd2_19f2e0f0c17_3b3f", "geometry": {"type": "Point", "coordinates": [-1.407, 48.3483]}, "geometry_name": "geom", "properties": {"id": 3142, "code_geo": null, "cdstation": "04162160", "cdinterne": "LML67", "lbstation": "MINETTE à SAINT-HILAIRE-DES-LANDES", "locprecise": "PONT SAINT MARTIN", "lbcommune": "SAINT-HILAIRE-DES-LANDES", "cd_entite": "J0114000", "nb_depassements_2018": null, "nb_depassements_2019": null, "nb_depassements_2020": null, "nb_depassements_2021": null, "nb_depassements_total": null}}, {"type": "Feature", "id": "geophyteau_depassement_pnec_par_station.fid-3ad01dd2_19f2e0f0c17_3b40", "geometry": {"type": "Point", "coordinates": [-1.4679, 48.3594]}, "geometry_name": "geom", "properties": {"id": 3143, "code_geo": null, "cdstation": "04162270", "cdinterne": "LMM7", "lbstation": "RAU DE RITORT à CHAUVIGNE", "locprecise": "LA MOISONDAIE", "lbcommune": "CHAUVIGNÉ", "cd_entite": "J0117300", "nb_depassements_2018": null, "nb_depassements_2019": null, "nb_depassements_2020": null, "nb_depassements_2021": null, "nb_depassements_total": null}}, {"type": "Feature", "id": "geophyteau_depassement_pnec_par_station.fid-3ad01dd2_19f2e0f0c17_3b41", "geometry": {"type": "Point", "coordinates": [-1.4041, 48.1081]}, "geometry_name": "geom", "properties": {"id": 3163, "code_geo": null, "cdstation": "04201990", "cdinterne": null, "lbstation": "VILAINE à CHATEAUBOURG", "locprecise": "STATION DE POMPAGE EN AMONT DE CHATEAUBOURG", "lbcommune": "CHÂTEAUBOURG", "cd_entite": "J---0060", "nb_depassements_2018": null, "nb_depassements_2019": null, "nb_depassements_2020": null, "nb_depassements_2021": null, "nb_depassements_total": null}}, {"type": "Feature", "id": "geophyteau_depassement_pnec_par_station.fid-3ad01dd2_19f2e0f0c17_3b42", "geometry": {"type": "Point", "coordinates": [-1.8614, 48.0891]}, "geometry_name": "geom", "properties": {"id": 3262, "code_geo": null, "cdstation": "04373015", "cdinterne": null, "lbstation": "VAUNOISE A MORDELLES", "locprecise": "CHANCE", "lbcommune": "MORDELLES", "cd_entite": "J73-0310", "nb_depassements_2018": null, "nb_depassements_2019": null, "nb_depassements_2020": null, "nb_depassements_2021": null, "nb_depassements_total": null}}, {"type": "Feature", "id": "geophyteau_depassement_pnec_par_station.fid-3ad01dd2_19f2e0f0c17_3b43", "geometry": {"type": "Point", "coordinates": [-1.7482, 48.0947]}, "geometry_name": "geom", "properties": {"id": 3164, "code_geo": null, "cdstation": "04207000", "cdinterne": null, "lbstation": "VILAINE à RENNES", "locprecise": "LIEU-DIT LA HEUZARDIERE - BRAS DROIT DU COURS D'EAU", "lbcommune": "RENNES", "cd_entite": "J---0061", "nb_depassements_2018": null, "nb_depassements_2019": null, "nb_depassements_2020": null, "nb_depassements_2021": null, "nb_depassements_total": null}}, {"type": "Feature", "id": "geophyteau_depassement_pnec_par_station.fid-3ad01dd2_19f2e0f0c17_3b44", "geometry": {"type": "Point", "coordinates": [-1.7799, 48.1808]}, "geometry_name": "geom", "properties": {"id": 3165, "code_geo": null, "cdstation": "04207400", "cdinterne": null, "lbstation": "FLUME à PACE", "locprecise": "LIEU-DIT LA FOUCHERAIE SUR LA D231", "lbcommune": "PACÉ", "cd_entite": "J7214000", "nb_depassements_2018": 78, "nb_depassements_2019": 24, "nb_depassements_2020": 80, "nb_depassements_2021": 67, "nb_depassements_total": 249}}, {"type": "Feature", "id": "geophyteau_depassement_pnec_par_station.fid-3ad01dd2_19f2e0f0c17_3b45", "geometry": {"type": "Point", "coordinates": [-2.0156, 48.1282]}, "geometry_name": "geom", "properties": {"id": 3167, "code_geo": null, "cdstation": "04208352", "cdinterne": null, "lbstation": "GELEE - MEU À IFFENDIC", "locprecise": "LE MOULIN DU BREIL", "lbcommune": "IFFENDIC", "cd_entite": "J73-0300", "nb_depassements_2018": null, "nb_depassements_2019": null, "nb_depassements_2020": null, "nb_depassements_2021": null, "nb_depassements_total": null}}, {"type": "Feature", "id": "geophyteau_depassement_pnec_par_station.fid-3ad01dd2_19f2e0f0c17_3b46", "geometry": {"type": "Point", "coordinates": [-1.3397, 47.8372]}, "geometry_name": "geom", "properties": {"id": 3169, "code_geo": null, "cdstation": "04212000", "cdinterne": null, "lbstation": "SEMNON à MARTIGNE-FERCHAUD", "locprecise": "LD LA RIVIERE - AVAL MARTIGNE FERCHAUD", "lbcommune": "MARTIGNÉ-FERCHAUD", "cd_entite": "J76-0300", "nb_depassements_2018": null, "nb_depassements_2019": null, "nb_depassements_2020": null, "nb_depassements_2021": null, "nb_depassements_total": null}}, {"type": "Feature", "id": "geophyteau_depassement_pnec_par_station.fid-3ad01dd2_19f2e0f0c17_3b47", "geometry": {"type": "Point", "coordinates": [-1.3233, 48.291]}, "geometry_name": "geom", "properties": {"id": 3175, "code_geo": null, "cdstation": "04300008", "cdinterne": null, "lbstation": "COUESNON A VENDEL", "locprecise": "MOULIN DE BLEAU", "lbcommune": "VENDEL", "cd_entite": null, "nb_depassements_2018": null, "nb_depassements_2019": null, "nb_depassements_2020": null, "nb_depassements_2021": null, "nb_depassements_total": null}}, {"type": "Feature", "id": "geophyteau_depassement_pnec_par_station.fid-3ad01dd2_19f2e0f0c17_3b48", "geometry": {"type": "Point", "coordinates": [-1.4804, 48.3394]}, "geometry_name": "geom", "properties": {"id": 3182, "code_geo": null, "cdstation": "04301013", "cdinterne": null, "lbstation": "COUESNON A VIEUX-VY-SUR-COUESNON", "locprecise": "MOULIN D'ORANGE", "lbcommune": "VIEUX-VY-SUR-COUESNON", "cd_entite": null, "nb_depassements_2018": null, "nb_depassements_2019": null, "nb_depassements_2020": null, "nb_depassements_2021": null, "nb_depassements_total": null}}, {"type": "Feature", "id": "geophyteau_depassement_pnec_par_station.fid-3ad01dd2_19f2e0f0c17_3b49", "geometry": {"type": "Point", "coordinates": [-1.4819, 48.3327]}, "geometry_name": "geom", "properties": {"id": 3183, "code_geo": null, "cdstation": "04301014", "cdinterne": null, "lbstation": "COUESNON A VIEUX-VY-SUR-COUESNON", "locprecise": "BAS VAL", "lbcommune": "VIEUX-VY-SUR-COUESNON", "cd_entite": null, "nb_depassements_2018": null, "nb_depassements_2019": null, "nb_depassements_2020": null, "nb_depassements_2021": null, "nb_depassements_total": null}}, {"type": "Feature", "id": "geophyteau_depassement_pnec_par_station.fid-3ad01dd2_19f2e0f0c17_3b4a", "geometry": {"type": "Point", "coordinates": [-1.4315, 48.3141]}, "geometry_name": "geom", "properties": {"id": 3184, "code_geo": null, "cdstation": "04301015", "cdinterne": null, "lbstation": "COUESNON A MEZIERES-SUR-COUESNON", "locprecise": "MOULIN DE LA ROCHE", "lbcommune": "MÉZIÈRES-SUR-COUESNON", "cd_entite": null, "nb_depassements_2018": null, "nb_depassements_2019": null, "nb_depassements_2020": null, "nb_depassements_2021": null, "nb_depassements_total": null}}, {"type": "Feature", "id": "geophyteau_depassement_pnec_par_station.fid-3ad01dd2_19f2e0f0c17_3b4b", "geometry": {"type": "Point", "coordinates": [-1.4075, 48.3043]}, "geometry_name": "geom", "properties": {"id": 3185, "code_geo": null, "cdstation": "04301016", "cdinterne": null, "lbstation": "COUESNON A MEZIERES-SUR-COUESNON", "locprecise": "MOULIN DU HOUX", "lbcommune": "MÉZIÈRES-SUR-COUESNON", "cd_entite": null, "nb_depassements_2018": null, "nb_depassements_2019": null, "nb_depassements_2020": null, "nb_depassements_2021": null, "nb_depassements_total": null}}, {"type": "Feature", "id": "geophyteau_depassement_pnec_par_station.fid-3ad01dd2_19f2e0f0c17_3b4c", "geometry": {"type": "Point", "coordinates": [-1.473, 48.3532]}, "geometry_name": "geom", "properties": {"id": 3189, "code_geo": null, "cdstation": "04301020", "cdinterne": null, "lbstation": "MINETTE A CHAUVIGNE", "locprecise": "MOULIN DE BOISMINE", "lbcommune": "CHAUVIGNÉ", "cd_entite": null, "nb_depassements_2018": null, "nb_depassements_2019": null, "nb_depassements_2020": null, "nb_depassements_2021": null, "nb_depassements_total": null}}, {"type": "Feature", "id": "geophyteau_depassement_pnec_par_station.fid-3ad01dd2_19f2e0f0c17_3b4d", "geometry": {"type": "Point", "coordinates": [-1.4515, 48.3478]}, "geometry_name": "geom", "properties": {"id": 3190, "code_geo": null, "cdstation": "04301021", "cdinterne": null, "lbstation": "MINETTE A SAINT-CHRISTOPHE-DE-VALAINS", "locprecise": "LA SERVAIS", "lbcommune": "SAINT-CHRISTOPHE-DE-VALAINS", "cd_entite": null, "nb_depassements_2018": null, "nb_depassements_2019": null, "nb_depassements_2020": null, "nb_depassements_2021": null, "nb_depassements_total": null}}, {"type": "Feature", "id": "geophyteau_depassement_pnec_par_station.fid-3ad01dd2_19f2e0f0c17_3b4e", "geometry": {"type": "Point", "coordinates": [-1.5038, 48.3647]}, "geometry_name": "geom", "properties": {"id": 3192, "code_geo": null, "cdstation": "04301023", "cdinterne": null, "lbstation": "COUESNON A ROMAZY", "locprecise": "LA MONDRAIS", "lbcommune": "ROMAZY", "cd_entite": null, "nb_depassements_2018": null, "nb_depassements_2019": null, "nb_depassements_2020": null, "nb_depassements_2021": null, "nb_depassements_total": null}}, {"type": "Feature", "id": "geophyteau_depassement_pnec_par_station.fid-3ad01dd2_19f2e0f0c17_3b4f", "geometry": {"type": "Point", "coordinates": [-1.4913, 48.36]}, "geometry_name": "geom", "properties": {"id": 3195, "code_geo": null, "cdstation": "04301024", "cdinterne": null, "lbstation": "COUESNON A VIEUX-VY-SUR-COUESNON", "locprecise": "MOULIN DE GURMORIN", "lbcommune": "VIEUX-VY-SUR-COUESNON", "cd_entite": null, "nb_depassements_2018": null, "nb_depassements_2019": null, "nb_depassements_2020": null, "nb_depassements_2021": null, "nb_depassements_total": null}}, {"type": "Feature", "id": "geophyteau_depassement_pnec_par_station.fid-3ad01dd2_19f2e0f0c17_3b50", "geometry": {"type": "Point", "coordinates": [-1.479, 48.323]}, "geometry_name": "geom", "properties": {"id": 3196, "code_geo": null, "cdstation": "04301025", "cdinterne": null, "lbstation": "COUESNON A VIEUX-VY-SUR-COUESNON", "locprecise": "MOULIN AUX MOINES", "lbcommune": "VIEUX-VY-SUR-COUESNON", "cd_entite": null, "nb_depassements_2018": null, "nb_depassements_2019": null, "nb_depassements_2020": null, "nb_depassements_2021": null, "nb_depassements_total": null}}, {"type": "Feature", "id": "geophyteau_depassement_pnec_par_station.fid-3ad01dd2_19f2e0f0c17_3b51", "geometry": {"type": "Point", "coordinates": [-1.4682, 48.3204]}, "geometry_name": "geom", "properties": {"id": 3197, "code_geo": null, "cdstation": "04301026", "cdinterne": null, "lbstation": "COUESNON A MEZIERES-SUR-COUESNON", "locprecise": "MOULIN DE GUYON", "lbcommune": "MÉZIÈRES-SUR-COUESNON", "cd_entite": null, "nb_depassements_2018": null, "nb_depassements_2019": null, "nb_depassements_2020": null, "nb_depassements_2021": null, "nb_depassements_total": null}}, {"type": "Feature", "id": "geophyteau_depassement_pnec_par_station.fid-3ad01dd2_19f2e0f0c17_3b52", "geometry": {"type": "Point", "coordinates": [-1.4737, 48.3538]}, "geometry_name": "geom", "properties": {"id": 3203, "code_geo": null, "cdstation": "04301033", "cdinterne": null, "lbstation": "MINETTE A ROMAZY", "locprecise": "AVAL BOISMINE", "lbcommune": "ROMAZY", "cd_entite": null, "nb_depassements_2018": null, "nb_depassements_2019": null, "nb_depassements_2020": null, "nb_depassements_2021": null, "nb_depassements_total": null}}, {"type": "Feature", "id": "geophyteau_depassement_pnec_par_station.fid-3ad01dd2_19f2e0f0c17_3b53", "geometry": {"type": "Point", "coordinates": [-1.3945, 48.3479]}, "geometry_name": "geom", "properties": {"id": 3204, "code_geo": null, "cdstation": "04301034", "cdinterne": null, "lbstation": "MINETTE A BAILLE", "locprecise": "BAS MONTEVAL", "lbcommune": "BAILLÉ", "cd_entite": null, "nb_depassements_2018": null, "nb_depassements_2019": null, "nb_depassements_2020": null, "nb_depassements_2021": null, "nb_depassements_total": null}}, {"type": "Feature", "id": "geophyteau_depassement_pnec_par_station.fid-3ad01dd2_19f2e0f0c17_3b54", "geometry": {"type": "Point", "coordinates": [-1.4694, 48.3202]}, "geometry_name": "geom", "properties": {"id": 3206, "code_geo": null, "cdstation": "04301036", "cdinterne": null, "lbstation": "COUESNON A MEZIERES-SUR-COUESNON", "locprecise": "MOULIN DE GUYON", "lbcommune": "MÉZIÈRES-SUR-COUESNON", "cd_entite": null, "nb_depassements_2018": null, "nb_depassements_2019": null, "nb_depassements_2020": null, "nb_depassements_2021": null, "nb_depassements_total": null}}, {"type": "Feature", "id": "geophyteau_depassement_pnec_par_station.fid-3ad01dd2_19f2e0f0c17_3b55", "geometry": {"type": "Point", "coordinates": [-1.4105, 48.3105]}, "geometry_name": "geom", "properties": {"id": 3207, "code_geo": null, "cdstation": "04301037", "cdinterne": null, "lbstation": "EVERRE A SAINT-OUEN-DES-ALLEUX", "locprecise": "AVAL EVERRE", "lbcommune": "SAINT-OUEN-DES-ALLEUX", "cd_entite": null, "nb_depassements_2018": null, "nb_depassements_2019": null, "nb_depassements_2020": null, "nb_depassements_2021": null, "nb_depassements_total": null}}, {"type": "Feature", "id": "geophyteau_depassement_pnec_par_station.fid-3ad01dd2_19f2e0f0c17_3b56", "geometry": {"type": "Point", "coordinates": [-1.3489, 48.332]}, "geometry_name": "geom", "properties": {"id": 3208, "code_geo": null, "cdstation": "04301038", "cdinterne": null, "lbstation": "EVERRE A SAINT-HILAIRE-DES-LANDES", "locprecise": "EVERRE LE PONT", "lbcommune": "SAINT-HILAIRE-DES-LANDES", "cd_entite": null, "nb_depassements_2018": null, "nb_depassements_2019": null, "nb_depassements_2020": null, "nb_depassements_2021": null, "nb_depassements_total": null}}, {"type": "Feature", "id": "geophyteau_depassement_pnec_par_station.fid-3ad01dd2_19f2e0f0c17_3b57", "geometry": {"type": "Point", "coordinates": [-1.3095, 48.362]}, "geometry_name": "geom", "properties": {"id": 3209, "code_geo": null, "cdstation": "04301039", "cdinterne": null, "lbstation": "MINETTE A SAINT-SAUVEUR-DES-LANDES", "locprecise": "MOULIN DU BAS TEILLAY", "lbcommune": "SAINT-SAUVEUR-DES-LANDES", "cd_entite": null, "nb_depassements_2018": null, "nb_depassements_2019": null, "nb_depassements_2020": null, "nb_depassements_2021": null, "nb_depassements_total": null}}, {"type": "Feature", "id": "geophyteau_depassement_pnec_par_station.fid-3ad01dd2_19f2e0f0c17_3b58", "geometry": {"type": "Point", "coordinates": [-1.9967, 48.2451]}, "geometry_name": "geom", "properties": {"id": 3234, "code_geo": null, "cdstation": "04306005", "cdinterne": null, "lbstation": "RANCE A LANDUJAN", "locprecise": "LES COURTUS", "lbcommune": "LANDUJAN", "cd_entite": null, "nb_depassements_2018": null, "nb_depassements_2019": null, "nb_depassements_2020": null, "nb_depassements_2021": null, "nb_depassements_total": null}}, {"type": "Feature", "id": "geophyteau_depassement_pnec_par_station.fid-3ad01dd2_19f2e0f0c17_3b59", "geometry": {"type": "Point", "coordinates": [-1.8456, 48.336]}, "geometry_name": "geom", "properties": {"id": 3240, "code_geo": null, "cdstation": "04307010", "cdinterne": "LN12", "lbstation": "RAU DE THELOHIER A TINTENIAC", "locprecise": "LD LA MADELEINE - PONT RD 637", "lbcommune": "TINTÉNIAC", "cd_entite": "J0715900", "nb_depassements_2018": null, "nb_depassements_2019": 9, "nb_depassements_2020": 1, "nb_depassements_2021": null, "nb_depassements_total": 10}}, {"type": "Feature", "id": "geophyteau_depassement_pnec_par_station.fid-3ad01dd2_19f2e0f0c17_3b5a", "geometry": {"type": "Point", "coordinates": [-1.8275, 48.3243]}, "geometry_name": "geom", "properties": {"id": 3241, "code_geo": null, "cdstation": "04307011", "cdinterne": "LN10", "lbstation": "RAU DES IFFS A TINTENIAC", "locprecise": "RUE ALAIN COLAS - ROUTE DE LA MOUCHERIE", "lbcommune": "TINTÉNIAC", "cd_entite": "J0715600", "nb_depassements_2018": null, "nb_depassements_2019": null, "nb_depassements_2020": null, "nb_depassements_2021": null, "nb_depassements_total": null}}, {"type": "Feature", "id": "geophyteau_depassement_pnec_par_station.fid-3ad01dd2_19f2e0f0c17_3b5b", "geometry": {"type": "Point", "coordinates": [-1.4885, 48.1895]}, "geometry_name": "geom", "properties": {"id": 3248, "code_geo": null, "cdstation": "04370005", "cdinterne": null, "lbstation": "RAU DU CHEVRE A LA BOUEXIERE", "locprecise": "AVAL RADIER DE L'ETANG DE LA VALLEE", "lbcommune": "LA BOUËXIÈRE", "cd_entite": "J70-0310", "nb_depassements_2018": null, "nb_depassements_2019": null, "nb_depassements_2020": null, "nb_depassements_2021": null, "nb_depassements_total": null}}, {"type": "Feature", "id": "geophyteau_depassement_pnec_par_station.fid-3ad01dd2_19f2e0f0c17_3b5c", "geometry": {"type": "Point", "coordinates": [-1.3179, 48.102]}, "geometry_name": "geom", "properties": {"id": 3249, "code_geo": null, "cdstation": "04370008", "cdinterne": null, "lbstation": "LARGERE A SAINT-AUBIN-SUR-VILAINE", "locprecise": "CHANGEON", "lbcommune": "SAINT-AUBIN-DES-LANDES", "cd_entite": null, "nb_depassements_2018": null, "nb_depassements_2019": null, "nb_depassements_2020": null, "nb_depassements_2021": null, "nb_depassements_total": null}}, {"type": "Feature", "id": "geophyteau_depassement_pnec_par_station.fid-3ad01dd2_19f2e0f0c17_3b5d", "geometry": {"type": "Point", "coordinates": [-1.3599, 48.2017]}, "geometry_name": "geom", "properties": {"id": 3252, "code_geo": null, "cdstation": "04370012", "cdinterne": "VEUVRE1", "lbstation": "VEUVRE A LIVRE-SUR-CHANGEON", "locprecise": "LA TRULAIS PONT RD 112", "lbcommune": "LIVRÉ-SUR-CHANGEON", "cd_entite": null, "nb_depassements_2018": 0, "nb_depassements_2019": null, "nb_depassements_2020": null, "nb_depassements_2021": null, "nb_depassements_total": 0}}, {"type": "Feature", "id": "geophyteau_depassement_pnec_par_station.fid-3ad01dd2_19f2e0f0c17_3b5e", "geometry": {"type": "Point", "coordinates": [-1.3883, 48.2158]}, "geometry_name": "geom", "properties": {"id": 3253, "code_geo": null, "cdstation": "04370013", "cdinterne": "CHANGE1", "lbstation": "RAU DE CHANGEON A LIVRE-SUR-CHANGEON", "locprecise": "LA RIODAIS CHEMIN EST RD 300", "lbcommune": "LIVRÉ-SUR-CHANGEON", "cd_entite": null, "nb_depassements_2018": 0, "nb_depassements_2019": null, "nb_depassements_2020": null, "nb_depassements_2021": null, "nb_depassements_total": 0}}, {"type": "Feature", "id": "geophyteau_depassement_pnec_par_station.fid-3ad01dd2_19f2e0f0c17_3b5f", "geometry": {"type": "Point", "coordinates": [-1.7811, 48.1938]}, "geometry_name": "geom", "properties": {"id": 3254, "code_geo": null, "cdstation": "04372005", "cdinterne": null, "lbstation": "FLUME A GEVEZE", "locprecise": "CHAMPAGNAIS", "lbcommune": "GÉVEZÉ", "cd_entite": null, "nb_depassements_2018": null, "nb_depassements_2019": null, "nb_depassements_2020": null, "nb_depassements_2021": null, "nb_depassements_total": null}}, {"type": "Feature", "id": "geophyteau_depassement_pnec_par_station.fid-3ad01dd2_19f2e0f0c17_3b60", "geometry": {"type": "Point", "coordinates": [-1.7903, 48.2385]}, "geometry_name": "geom", "properties": {"id": 3255, "code_geo": null, "cdstation": "04372006", "cdinterne": null, "lbstation": "FLUME A GEVEZE", "locprecise": "LA HUCHETAIS", "lbcommune": "GÉVEZÉ", "cd_entite": null, "nb_depassements_2018": null, "nb_depassements_2019": null, "nb_depassements_2020": null, "nb_depassements_2021": null, "nb_depassements_total": null}}, {"type": "Feature", "id": "geophyteau_depassement_pnec_par_station.fid-3ad01dd2_19f2e0f0c17_3b61", "geometry": {"type": "Point", "coordinates": [-1.9285, 48.0325]}, "geometry_name": "geom", "properties": {"id": 3256, "code_geo": null, "cdstation": "04373008", "cdinterne": null, "lbstation": "RAU DU CHEZE A SAINT-THURIAL", "locprecise": "25 M EN AVAL DU PONT DU VAULT TRODON", "lbcommune": "SAINT-THURIAL", "cd_entite": "J7364200", "nb_depassements_2018": null, "nb_depassements_2019": null, "nb_depassements_2020": null, "nb_depassements_2021": null, "nb_depassements_total": null}}, {"type": "Feature", "id": "geophyteau_depassement_pnec_par_station.fid-3ad01dd2_19f2e0f0c17_3b62", "geometry": {"type": "Point", "coordinates": [-1.9224, 48.0318]}, "geometry_name": "geom", "properties": {"id": 3257, "code_geo": null, "cdstation": "04373009", "cdinterne": null, "lbstation": "RAU DU CHEZE A SAINT-THURIAL", "locprecise": "A L' AVAL DU PONT SITUE ENTRE LA VENTREE ET TOUCHEMIN", "lbcommune": "SAINT-THURIAL", "cd_entite": "J7364200", "nb_depassements_2018": null, "nb_depassements_2019": null, "nb_depassements_2020": null, "nb_depassements_2021": null, "nb_depassements_total": null}}, {"type": "Feature", "id": "geophyteau_depassement_pnec_par_station.fid-3ad01dd2_19f2e0f0c17_3b63", "geometry": {"type": "Point", "coordinates": [-1.8251, 48.0566]}, "geometry_name": "geom", "properties": {"id": 3258, "code_geo": null, "cdstation": "04373010", "cdinterne": null, "lbstation": "RUISSEAU DE LA ROCHE A BREAL-SOUS-MONTFORT", "locprecise": "LE MOLANT", "lbcommune": "BRÉAL-SOUS-MONTFORT", "cd_entite": null, "nb_depassements_2018": null, "nb_depassements_2019": null, "nb_depassements_2020": null, "nb_depassements_2021": null, "nb_depassements_total": null}}, {"type": "Feature", "id": "geophyteau_depassement_pnec_par_station.fid-3ad01dd2_19f2e0f0c17_3b64", "geometry": {"type": "Point", "coordinates": [-1.9092, 48.0998]}, "geometry_name": "geom", "properties": {"id": 3259, "code_geo": null, "cdstation": "04373011", "cdinterne": null, "lbstation": "MEU A TALENSAC", "locprecise": "LE CLOS DU MEU", "lbcommune": "TALENSAC", "cd_entite": null, "nb_depassements_2018": null, "nb_depassements_2019": null, "nb_depassements_2020": null, "nb_depassements_2021": null, "nb_depassements_total": null}}, {"type": "Feature", "id": "geophyteau_depassement_pnec_par_station.fid-3ad01dd2_19f2e0f0c17_3b65", "geometry": {"type": "Point", "coordinates": [-1.6917, 47.9932]}, "geometry_name": "geom", "properties": {"id": 3263, "code_geo": null, "cdstation": "04374007", "cdinterne": null, "lbstation": "RUISSEAU DE LA HAMONAIS À PONT-PEAN", "locprecise": "Au NORD- OUEST de la \"Haye Guin\" en ORGERES", "lbcommune": "PONT-PÉAN", "cd_entite": "J7484500", "nb_depassements_2018": null, "nb_depassements_2019": null, "nb_depassements_2020": null, "nb_depassements_2021": null, "nb_depassements_total": null}}, {"type": "Feature", "id": "geophyteau_depassement_pnec_par_station.fid-3ad01dd2_19f2e0f0c17_3b66", "geometry": {"type": "Point", "coordinates": [-1.6449, 48.019]}, "geometry_name": "geom", "properties": {"id": 3264, "code_geo": null, "cdstation": "04374009", "cdinterne": null, "lbstation": "ISE A SAINT-ERBLON", "locprecise": "L'ISLE", "lbcommune": "SAINT-ERBLON", "cd_entite": null, "nb_depassements_2018": null, "nb_depassements_2019": null, "nb_depassements_2020": null, "nb_depassements_2021": null, "nb_depassements_total": null}}, {"type": "Feature", "id": "geophyteau_depassement_pnec_par_station.fid-3ad01dd2_19f2e0f0c17_3b67", "geometry": {"type": "Point", "coordinates": [-1.5521, 48.0449]}, "geometry_name": "geom", "properties": {"id": 3265, "code_geo": null, "cdstation": "04374010", "cdinterne": null, "lbstation": "YAIGNE A NOUVOITOU", "locprecise": "L'OLIVEL", "lbcommune": "NOUVOITOU", "cd_entite": null, "nb_depassements_2018": null, "nb_depassements_2019": null, "nb_depassements_2020": null, "nb_depassements_2021": null, "nb_depassements_total": null}}, {"type": "Feature", "id": "geophyteau_depassement_pnec_par_station.fid-3ad01dd2_19f2e0f0c17_3b68", "geometry": {"type": "Point", "coordinates": [-1.3778, 48.0027]}, "geometry_name": "geom", "properties": {"id": 3266, "code_geo": null, "cdstation": "04374011", "cdinterne": null, "lbstation": "QUICAMPOIX A MOULINS", "locprecise": "LE TERTRE", "lbcommune": "MOULINS", "cd_entite": null, "nb_depassements_2018": null, "nb_depassements_2019": null, "nb_depassements_2020": null, "nb_depassements_2021": null, "nb_depassements_total": null}}, {"type": "Feature", "id": "geophyteau_depassement_pnec_par_station.fid-3ad01dd2_19f2e0f0c17_3b69", "geometry": {"type": "Point", "coordinates": [-1.4089, 47.9592]}, "geometry_name": "geom", "properties": {"id": 3267, "code_geo": null, "cdstation": "04374013", "cdinterne": null, "lbstation": "SEICHE A ESSE", "locprecise": "FLEURE", "lbcommune": "ESSÉ", "cd_entite": "J74-0300", "nb_depassements_2018": null, "nb_depassements_2019": null, "nb_depassements_2020": null, "nb_depassements_2021": null, "nb_depassements_total": null}}, {"type": "Feature", "id": "geophyteau_depassement_pnec_par_station.fid-3ad01dd2_19f2e0f0c17_3b6a", "geometry": {"type": "Point", "coordinates": [-1.8352, 47.9485]}, "geometry_name": "geom", "properties": {"id": 3268, "code_geo": null, "cdstation": "04375002", "cdinterne": null, "lbstation": "RAU DU CANUT NORD A GUICHEN", "locprecise": "LA MONNERAIS AUX CHAUSSONS", "lbcommune": "GUICHEN", "cd_entite": "J75-0300", "nb_depassements_2018": null, "nb_depassements_2019": null, "nb_depassements_2020": null, "nb_depassements_2021": null, "nb_depassements_total": null}}, {"type": "Feature", "id": "geophyteau_depassement_pnec_par_station.fid-3ad01dd2_19f2e0f0c17_3b6b", "geometry": {"type": "Point", "coordinates": [-1.8644, 47.9623]}, "geometry_name": "geom", "properties": {"id": 3269, "code_geo": null, "cdstation": "04375003", "cdinterne": null, "lbstation": "RAU DU CANUT NORD A LASSY", "locprecise": "EN AMONT DU PONT DU BIGNON", "lbcommune": "LASSY", "cd_entite": "J75-0300", "nb_depassements_2018": null, "nb_depassements_2019": null, "nb_depassements_2020": null, "nb_depassements_2021": null, "nb_depassements_total": null}}, {"type": "Feature", "id": "geophyteau_depassement_pnec_par_station.fid-3ad01dd2_19f2e0f0c17_3b6c", "geometry": {"type": "Point", "coordinates": [-1.7441, 47.9261]}, "geometry_name": "geom", "properties": {"id": 3270, "code_geo": null, "cdstation": "04375004", "cdinterne": null, "lbstation": "MONTU A BOURG DES COMPTES", "locprecise": "LA LANGRAIS", "lbcommune": "BOURG-DES-COMPTES", "cd_entite": null, "nb_depassements_2018": null, "nb_depassements_2019": null, "nb_depassements_2020": null, "nb_depassements_2021": null, "nb_depassements_total": null}}, {"type": "Feature", "id": "geophyteau_depassement_pnec_par_station.fid-3ad01dd2_19f2e0f0c17_3b6d", "geometry": {"type": "Point", "coordinates": [-1.7538, 47.9774]}, "geometry_name": "geom", "properties": {"id": 3271, "code_geo": null, "cdstation": "04375005", "cdinterne": null, "lbstation": "TREHELU A GUICHEN", "locprecise": "LORGEAIS", "lbcommune": "GUICHEN", "cd_entite": null, "nb_depassements_2018": null, "nb_depassements_2019": null, "nb_depassements_2020": null, "nb_depassements_2021": null, "nb_depassements_total": null}}, {"type": "Feature", "id": "geophyteau_depassement_pnec_par_station.fid-3ad01dd2_19f2e0f0c17_3b6e", "geometry": {"type": "Point", "coordinates": [-1.6442, 47.8635]}, "geometry_name": "geom", "properties": {"id": 3272, "code_geo": null, "cdstation": "04376008", "cdinterne": null, "lbstation": "SEMNON A PANCE", "locprecise": "LE MOULIN NEUF", "lbcommune": "PANCÉ", "cd_entite": null, "nb_depassements_2018": null, "nb_depassements_2019": null, "nb_depassements_2020": null, "nb_depassements_2021": null, "nb_depassements_total": null}}, {"type": "Feature", "id": "geophyteau_depassement_pnec_par_station.fid-3ad01dd2_19f2e0f0c17_3b6f", "geometry": {"type": "Point", "coordinates": [-1.3788, 47.8244]}, "geometry_name": "geom", "properties": {"id": 3273, "code_geo": null, "cdstation": "04376009", "cdinterne": null, "lbstation": "MATZ A MARTIGNE-FERCHAUD", "locprecise": "PENCHAT", "lbcommune": "MARTIGNÉ-FERCHAUD", "cd_entite": null, "nb_depassements_2018": null, "nb_depassements_2019": null, "nb_depassements_2020": null, "nb_depassements_2021": null, "nb_depassements_total": null}}, {"type": "Feature", "id": "geophyteau_depassement_pnec_par_station.fid-3ad01dd2_19f2e0f0c17_3b70", "geometry": {"type": "Point", "coordinates": [-1.7095, 47.8872]}, "geometry_name": "geom", "properties": {"id": 3274, "code_geo": null, "cdstation": "04376010", "cdinterne": null, "lbstation": "SEMNON A PLECHATEL", "locprecise": "L'ARDOUAIS", "lbcommune": "PLÉCHÂTEL", "cd_entite": null, "nb_depassements_2018": null, "nb_depassements_2019": null, "nb_depassements_2020": null, "nb_depassements_2021": null, "nb_depassements_total": null}}, {"type": "Feature", "id": "geophyteau_depassement_pnec_par_station.fid-3ad01dd2_19f2e0f0c17_3b71", "geometry": {"type": "Point", "coordinates": [-1.4801, 47.8771]}, "geometry_name": "geom", "properties": {"id": 3275, "code_geo": null, "cdstation": "04376011", "cdinterne": null, "lbstation": "SEMNON A LA COUYERE", "locprecise": "LES ACIERIES", "lbcommune": "LA COUYÈRE", "cd_entite": null, "nb_depassements_2018": null, "nb_depassements_2019": null, "nb_depassements_2020": null, "nb_depassements_2021": null, "nb_depassements_total": null}}, {"type": "Feature", "id": "geophyteau_depassement_pnec_par_station.fid-3ad01dd2_19f2e0f0c17_3b72", "geometry": {"type": "Point", "coordinates": [-1.3763, 47.8359]}, "geometry_name": "geom", "properties": {"id": 3276, "code_geo": null, "cdstation": "04376012", "cdinterne": null, "lbstation": "SEMNON A MARTIGNE-FERCHAUD", "locprecise": "LA BAS LAUNAY", "lbcommune": "MARTIGNÉ-FERCHAUD", "cd_entite": null, "nb_depassements_2018": null, "nb_depassements_2019": null, "nb_depassements_2020": null, "nb_depassements_2021": null, "nb_depassements_total": null}}, {"type": "Feature", "id": "geophyteau_depassement_pnec_par_station.fid-3ad01dd2_19f2e0f0c17_3b73", "geometry": {"type": "Point", "coordinates": [-1.6753, 47.893]}, "geometry_name": "geom", "properties": {"id": 3277, "code_geo": null, "cdstation": "04376013", "cdinterne": null, "lbstation": "CHOISEL A POLIGNE", "locprecise": "ROUTE DU CHÂTEAU DE BOIS GLAUME", "lbcommune": "POLIGNÉ", "cd_entite": "J7645000", "nb_depassements_2018": null, "nb_depassements_2019": null, "nb_depassements_2020": null, "nb_depassements_2021": null, "nb_depassements_total": null}}, {"type": "Feature", "id": "geophyteau_depassement_pnec_par_station.fid-3ad01dd2_19f2e0f0c17_3b74", "geometry": {"type": "Point", "coordinates": [-1.8195, 47.831]}, "geometry_name": "geom", "properties": {"id": 3279, "code_geo": null, "cdstation": "04377006", "cdinterne": null, "lbstation": "TREFINEU A GUIPRY", "locprecise": "LE LIRIOT", "lbcommune": "GUIPRY-MESSAC", "cd_entite": null, "nb_depassements_2018": null, "nb_depassements_2019": null, "nb_depassements_2020": null, "nb_depassements_2021": null, "nb_depassements_total": null}}, {"type": "Feature", "id": "geophyteau_depassement_pnec_par_station.fid-3ad01dd2_19f2e0f0c17_3b75", "geometry": {"type": "Point", "coordinates": [-1.9883, 47.8556]}, "geometry_name": "geom", "properties": {"id": 3284, "code_geo": null, "cdstation": "04386001", "cdinterne": null, "lbstation": "COMBS A MAURE-DE-BRETAGNE", "locprecise": "MOULIN HAMON", "lbcommune": "MAURE-DE-BRETAGNE", "cd_entite": null, "nb_depassements_2018": null, "nb_depassements_2019": null, "nb_depassements_2020": null, "nb_depassements_2021": null, "nb_depassements_total": null}}, {"type": "Feature", "id": "geophyteau_depassement_pnec_par_station.fid-3ad01dd2_19f2e0f0c17_3b76", "geometry": {"type": "Point", "coordinates": [-1.7824, 48.2179]}, "geometry_name": "geom", "properties": {"id": 3287, "code_geo": null, "cdstation": "04372007", "cdinterne": "FLU11", "lbstation": "FLUME A GEVEZE", "locprecise": "LD LA ROBERIE - PONT RD 27", "lbcommune": "GÉVEZÉ", "cd_entite": "J7214000", "nb_depassements_2018": 0, "nb_depassements_2019": 1, "nb_depassements_2020": null, "nb_depassements_2021": null, "nb_depassements_total": 1}}, {"type": "Feature", "id": "geophyteau_depassement_pnec_par_station.fid-3ad01dd2_19f2e0f0c17_3b77", "geometry": {"type": "Point", "coordinates": [-1.7913, 48.2142]}, "geometry_name": "geom", "properties": {"id": 3288, "code_geo": null, "cdstation": "04372008", "cdinterne": "FLU12", "lbstation": "RAU DE L'ETANG DU SAUT BOIS A GEVEZE", "locprecise": "LD BEAUVAIS - PONT RD 287", "lbcommune": "GÉVEZÉ", "cd_entite": "J7215400", "nb_depassements_2018": 0, "nb_depassements_2019": 1, "nb_depassements_2020": null, "nb_depassements_2021": null, "nb_depassements_total": 1}}, {"type": "Feature", "id": "geophyteau_depassement_pnec_par_station.fid-3ad01dd2_19f2e0f0c17_3b78", "geometry": {"type": "Point", "coordinates": [-1.7713, 48.1149]}, "geometry_name": "geom", "properties": {"id": 3289, "code_geo": null, "cdstation": "04372004", "cdinterne": "FLU13", "lbstation": "FLUME A VEZIN-LE-COQUET", "locprecise": "LE PONT DE VERRIERE", "lbcommune": "VEZIN-LE-COQUET", "cd_entite": "J7214000", "nb_depassements_2018": 0, "nb_depassements_2019": 0, "nb_depassements_2020": null, "nb_depassements_2021": null, "nb_depassements_total": 0}}, {"type": "Feature", "id": "geophyteau_depassement_pnec_par_station.fid-3ad01dd2_19f2e0f0c17_3b79", "geometry": {"type": "Point", "coordinates": [-1.478, 48.3283]}, "geometry_name": "geom", "properties": {"id": 3608, "code_geo": null, "cdstation": "BIO13", "cdinterne": null, "lbstation": "100m aval moulin de la planconneraie", "locprecise": null, "lbcommune": null, "cd_entite": null, "nb_depassements_2018": null, "nb_depassements_2019": null, "nb_depassements_2020": null, "nb_depassements_2021": null, "nb_depassements_total": null}}, {"type": "Feature", "id": "geophyteau_depassement_pnec_par_station.fid-3ad01dd2_19f2e0f0c17_3b7a", "geometry": {"type": "Point", "coordinates": [-1.3553, 48.3597]}, "geometry_name": "geom", "properties": {"id": 3616, "code_geo": null, "cdstation": "BIO14", "cdinterne": null, "lbstation": "PLANCHE MARIE - D 20", "locprecise": null, "lbcommune": null, "cd_entite": null, "nb_depassements_2018": null, "nb_depassements_2019": null, "nb_depassements_2020": null, "nb_depassements_2021": null, "nb_depassements_total": null}}, {"type": "Feature", "id": "geophyteau_depassement_pnec_par_station.fid-3ad01dd2_19f2e0f0c17_3b7b", "geometry": {"type": "Point", "coordinates": [-1.7598, 47.9324]}, "geometry_name": "geom", "properties": {"id": 3772, "code_geo": null, "cdstation": "BIO563", "cdinterne": null, "lbstation": "AVAL DU PONT RD48", "locprecise": null, "lbcommune": null, "cd_entite": null, "nb_depassements_2018": null, "nb_depassements_2019": null, "nb_depassements_2020": null, "nb_depassements_2021": null, "nb_depassements_total": null}}, {"type": "Feature", "id": "geophyteau_depassement_pnec_par_station.fid-3ad01dd2_19f2e0f0c17_3b7c", "geometry": {"type": "Point", "coordinates": [-1.8905, 47.9925]}, "geometry_name": "geom", "properties": {"id": 3773, "code_geo": null, "cdstation": "BIO564", "cdinterne": null, "lbstation": "LA VIOLLAIS D44", "locprecise": null, "lbcommune": null, "cd_entite": null, "nb_depassements_2018": null, "nb_depassements_2019": null, "nb_depassements_2020": null, "nb_depassements_2021": null, "nb_depassements_total": null}}, {"type": "Feature", "id": "geophyteau_depassement_pnec_par_station.fid-3ad01dd2_19f2e0f0c17_3b7d", "geometry": {"type": "Point", "coordinates": [-1.8318, 47.9435]}, "geometry_name": "geom", "properties": {"id": 3774, "code_geo": null, "cdstation": "BIO565", "cdinterne": null, "lbstation": "LA DOUBRIE D177", "locprecise": null, "lbcommune": null, "cd_entite": null, "nb_depassements_2018": null, "nb_depassements_2019": null, "nb_depassements_2020": null, "nb_depassements_2021": null, "nb_depassements_total": null}}, {"type": "Feature", "id": "geophyteau_depassement_pnec_par_station.fid-3ad01dd2_19f2e0f0c17_3b7e", "geometry": {"type": "Point", "coordinates": [-1.4075, 47.8255]}, "geometry_name": "geom", "properties": {"id": 3777, "code_geo": null, "cdstation": "BIO568", "cdinterne": null, "lbstation": "LA VERGNE D107", "locprecise": null, "lbcommune": null, "cd_entite": null, "nb_depassements_2018": null, "nb_depassements_2019": null, "nb_depassements_2020": null, "nb_depassements_2021": null, "nb_depassements_total": null}}, {"type": "Feature", "id": "geophyteau_depassement_pnec_par_station.fid-3ad01dd2_19f2e0f0c17_3b7f", "geometry": {"type": "Point", "coordinates": [-1.5128, 47.8304]}, "geometry_name": "geom", "properties": {"id": 3779, "code_geo": null, "cdstation": "BIO570", "cdinterne": null, "lbstation": "LA PIGNERIE D57", "locprecise": null, "lbcommune": null, "cd_entite": null, "nb_depassements_2018": null, "nb_depassements_2019": null, "nb_depassements_2020": null, "nb_depassements_2021": null, "nb_depassements_total": null}}, {"type": "Feature", "id": "geophyteau_depassement_pnec_par_station.fid-3ad01dd2_19f2e0f0c17_3b80", "geometry": {"type": "Point", "coordinates": [-1.5976, 47.8552]}, "geometry_name": "geom", "properties": {"id": 3780, "code_geo": null, "cdstation": "BIO571", "cdinterne": null, "lbstation": "Pont D 82", "locprecise": null, "lbcommune": null, "cd_entite": null, "nb_depassements_2018": null, "nb_depassements_2019": null, "nb_depassements_2020": null, "nb_depassements_2021": null, "nb_depassements_total": null}}, {"type": "Feature", "id": "geophyteau_depassement_pnec_par_station.fid-3ad01dd2_19f2e0f0c17_3b81", "geometry": {"type": "Point", "coordinates": [-1.333, 48.3664]}, "geometry_name": "geom", "properties": {"id": 3815, "code_geo": null, "cdstation": "DRLM", "cdinterne": null, "lbstation": "Ensemble Loisance-Minette", "locprecise": null, "lbcommune": null, "cd_entite": null, "nb_depassements_2018": null, "nb_depassements_2019": null, "nb_depassements_2020": null, "nb_depassements_2021": null, "nb_depassements_total": null}}, {"type": "Feature", "id": "geophyteau_depassement_pnec_par_station.fid-3ad01dd2_19f2e0f0c17_3b82", "geometry": {"type": "Point", "coordinates": [-1.3361, 48.3655]}, "geometry_name": "geom", "properties": {"id": 3817, "code_geo": null, "cdstation": "DRLMTH", "cdinterne": null, "lbstation": "Concentration théo", "locprecise": null, "lbcommune": null, "cd_entite": null, "nb_depassements_2018": null, "nb_depassements_2019": null, "nb_depassements_2020": null, "nb_depassements_2021": null, "nb_depassements_total": null}}, {"type": "Feature", "id": "geophyteau_depassement_pnec_par_station.fid-3ad01dd2_19f2e0f0c17_3b83", "geometry": {"type": "Point", "coordinates": [-1.9944, 48.2447]}, "geometry_name": "geom", "properties": {"id": 3838, "code_geo": null, "cdstation": "BIO39", "cdinterne": null, "lbstation": "MAROC D62", "locprecise": null, "lbcommune": null, "cd_entite": null, "nb_depassements_2018": null, "nb_depassements_2019": null, "nb_depassements_2020": null, "nb_depassements_2021": null, "nb_depassements_total": null}}, {"type": "Feature", "id": "geophyteau_depassement_pnec_par_station.fid-3ad01dd2_19f2e0f0c17_3b84", "geometry": {"type": "Point", "coordinates": [-2.0327, 48.3446]}, "geometry_name": "geom", "properties": {"id": 3847, "code_geo": null, "cdstation": "BIO40", "cdinterne": null, "lbstation": "Pont D 12", "locprecise": null, "lbcommune": null, "cd_entite": null, "nb_depassements_2018": null, "nb_depassements_2019": null, "nb_depassements_2020": null, "nb_depassements_2021": null, "nb_depassements_total": null}}, {"type": "Feature", "id": "geophyteau_depassement_pnec_par_station.fid-3ad01dd2_19f2e0f0c17_3b85", "geometry": {"type": "Point", "coordinates": [-2.0009, 48.3266]}, "geometry_name": "geom", "properties": {"id": 3856, "code_geo": null, "cdstation": "BIO41", "cdinterne": null, "lbstation": "Aval carrieres", "locprecise": null, "lbcommune": null, "cd_entite": null, "nb_depassements_2018": null, "nb_depassements_2019": null, "nb_depassements_2020": null, "nb_depassements_2021": null, "nb_depassements_total": null}}, {"type": "Feature", "id": "geophyteau_depassement_pnec_par_station.fid-3ad01dd2_19f2e0f0c17_3b86", "geometry": {"type": "Point", "coordinates": [-1.834, 48.345]}, "geometry_name": "geom", "properties": {"id": 3865, "code_geo": null, "cdstation": "BIO42", "cdinterne": null, "lbstation": "a hauteur de QUEBRIAC", "locprecise": null, "lbcommune": null, "cd_entite": null, "nb_depassements_2018": null, "nb_depassements_2019": null, "nb_depassements_2020": null, "nb_depassements_2021": null, "nb_depassements_total": null}}, {"type": "Feature", "id": "geophyteau_depassement_pnec_par_station.fid-3ad01dd2_19f2e0f0c17_3b87", "geometry": {"type": "Point", "coordinates": [-1.3771, 48.1036]}, "geometry_name": "geom", "properties": {"id": 3937, "code_geo": null, "cdstation": "BIO523", "cdinterne": null, "lbstation": "Moulin Pont Riou. Pont V 2", "locprecise": null, "lbcommune": null, "cd_entite": null, "nb_depassements_2018": null, "nb_depassements_2019": null, "nb_depassements_2020": null, "nb_depassements_2021": null, "nb_depassements_total": null}}, {"type": "Feature", "id": "geophyteau_depassement_pnec_par_station.fid-3ad01dd2_19f2e0f0c17_3b88", "geometry": {"type": "Point", "coordinates": [-1.4114, 48.1064]}, "geometry_name": "geom", "properties": {"id": 3938, "code_geo": null, "cdstation": "BIO524", "cdinterne": null, "lbstation": "A hauteur du stade.", "locprecise": null, "lbcommune": null, "cd_entite": null, "nb_depassements_2018": null, "nb_depassements_2019": null, "nb_depassements_2020": null, "nb_depassements_2021": null, "nb_depassements_total": null}}, {"type": "Feature", "id": "geophyteau_depassement_pnec_par_station.fid-3ad01dd2_19f2e0f0c17_3b89", "geometry": {"type": "Point", "coordinates": [-1.5219, 48.1284]}, "geometry_name": "geom", "properties": {"id": 3939, "code_geo": null, "cdstation": "BIO526", "cdinterne": null, "lbstation": "LA HAVARDIERE", "locprecise": null, "lbcommune": null, "cd_entite": null, "nb_depassements_2018": null, "nb_depassements_2019": null, "nb_depassements_2020": null, "nb_depassements_2021": null, "nb_depassements_total": null}}, {"type": "Feature", "id": "geophyteau_depassement_pnec_par_station.fid-3ad01dd2_19f2e0f0c17_3b8a", "geometry": {"type": "Point", "coordinates": [-1.3641, 48.1882]}, "geometry_name": "geom", "properties": {"id": 3940, "code_geo": null, "cdstation": "BIO527", "cdinterne": null, "lbstation": "MALQUIER D258", "locprecise": null, "lbcommune": null, "cd_entite": null, "nb_depassements_2018": null, "nb_depassements_2019": null, "nb_depassements_2020": null, "nb_depassements_2021": null, "nb_depassements_total": null}}, {"type": "Feature", "id": "geophyteau_depassement_pnec_par_station.fid-3ad01dd2_19f2e0f0c17_3b8b", "geometry": {"type": "Point", "coordinates": [-1.424, 48.1955]}, "geometry_name": "geom", "properties": {"id": 3941, "code_geo": null, "cdstation": "BIO528", "cdinterne": null, "lbstation": "LA BRONAIS", "locprecise": null, "lbcommune": null, "cd_entite": null, "nb_depassements_2018": null, "nb_depassements_2019": null, "nb_depassements_2020": null, "nb_depassements_2021": null, "nb_depassements_total": null}}, {"type": "Feature", "id": "geophyteau_depassement_pnec_par_station.fid-3ad01dd2_19f2e0f0c17_3b8c", "geometry": {"type": "Point", "coordinates": [-1.4714, 48.1988]}, "geometry_name": "geom", "properties": {"id": 3942, "code_geo": null, "cdstation": "BIO529", "cdinterne": null, "lbstation": "LA BUZARDIERE D258", "locprecise": null, "lbcommune": null, "cd_entite": null, "nb_depassements_2018": null, "nb_depassements_2019": null, "nb_depassements_2020": null, "nb_depassements_2021": null, "nb_depassements_total": null}}, {"type": "Feature", "id": "geophyteau_depassement_pnec_par_station.fid-3ad01dd2_19f2e0f0c17_3b8d", "geometry": {"type": "Point", "coordinates": [-1.5469, 48.1365]}, "geometry_name": "geom", "properties": {"id": 3944, "code_geo": null, "cdstation": "BIO530", "cdinterne": null, "lbstation": "LA LANDE D29", "locprecise": null, "lbcommune": null, "cd_entite": null, "nb_depassements_2018": null, "nb_depassements_2019": null, "nb_depassements_2020": null, "nb_depassements_2021": null, "nb_depassements_total": null}}, {"type": "Feature", "id": "geophyteau_depassement_pnec_par_station.fid-3ad01dd2_19f2e0f0c17_3b8e", "geometry": {"type": "Point", "coordinates": [-1.5869, 48.1357]}, "geometry_name": "geom", "properties": {"id": 3945, "code_geo": null, "cdstation": "BIO531", "cdinterne": null, "lbstation": "MOULIN DE TIZE", "locprecise": null, "lbcommune": null, "cd_entite": null, "nb_depassements_2018": null, "nb_depassements_2019": null, "nb_depassements_2020": null, "nb_depassements_2021": null, "nb_depassements_total": null}}, {"type": "Feature", "id": "geophyteau_depassement_pnec_par_station.fid-3ad01dd2_19f2e0f0c17_3b8f", "geometry": {"type": "Point", "coordinates": [-1.6555, 48.1069]}, "geometry_name": "geom", "properties": {"id": 3946, "code_geo": null, "cdstation": "BIO533", "cdinterne": null, "lbstation": "A HAUTEUR DU VELODROME", "locprecise": null, "lbcommune": null, "cd_entite": null, "nb_depassements_2018": null, "nb_depassements_2019": null, "nb_depassements_2020": null, "nb_depassements_2021": null, "nb_depassements_total": null}}, {"type": "Feature", "id": "geophyteau_depassement_pnec_par_station.fid-3ad01dd2_19f2e0f0c17_3b90", "geometry": {"type": "Point", "coordinates": [-1.6689, 48.2474]}, "geometry_name": "geom", "properties": {"id": 3947, "code_geo": null, "cdstation": "BIO534", "cdinterne": null, "lbstation": "Intersection D25 ET D26", "locprecise": null, "lbcommune": null, "cd_entite": null, "nb_depassements_2018": null, "nb_depassements_2019": null, "nb_depassements_2020": null, "nb_depassements_2021": null, "nb_depassements_total": null}}, {"type": "Feature", "id": "geophyteau_depassement_pnec_par_station.fid-3ad01dd2_19f2e0f0c17_3b91", "geometry": {"type": "Point", "coordinates": [-1.5585, 48.2547]}, "geometry_name": "geom", "properties": {"id": 3948, "code_geo": null, "cdstation": "BIO535", "cdinterne": null, "lbstation": "La Coutancière D26", "locprecise": null, "lbcommune": null, "cd_entite": null, "nb_depassements_2018": null, "nb_depassements_2019": null, "nb_depassements_2020": null, "nb_depassements_2021": null, "nb_depassements_total": null}}, {"type": "Feature", "id": "geophyteau_depassement_pnec_par_station.fid-3ad01dd2_19f2e0f0c17_3b92", "geometry": {"type": "Point", "coordinates": [-1.6411, 48.1827]}, "geometry_name": "geom", "properties": {"id": 3949, "code_geo": null, "cdstation": "BIO536", "cdinterne": null, "lbstation": "Amont D27 , amont de Betton", "locprecise": null, "lbcommune": null, "cd_entite": null, "nb_depassements_2018": null, "nb_depassements_2019": null, "nb_depassements_2020": null, "nb_depassements_2021": null, "nb_depassements_total": null}}, {"type": "Feature", "id": "geophyteau_depassement_pnec_par_station.fid-3ad01dd2_19f2e0f0c17_3b93", "geometry": {"type": "Point", "coordinates": [-1.668, 48.1629]}, "geometry_name": "geom", "properties": {"id": 3950, "code_geo": null, "cdstation": "BIO537", "cdinterne": null, "lbstation": "Aval écluse du Gacet", "locprecise": null, "lbcommune": null, "cd_entite": null, "nb_depassements_2018": null, "nb_depassements_2019": null, "nb_depassements_2020": null, "nb_depassements_2021": null, "nb_depassements_total": null}}, {"type": "Feature", "id": "geophyteau_depassement_pnec_par_station.fid-3ad01dd2_19f2e0f0c17_3b94", "geometry": {"type": "Point", "coordinates": [-1.6791, 48.1455]}, "geometry_name": "geom", "properties": {"id": 3951, "code_geo": null, "cdstation": "BIO538", "cdinterne": null, "lbstation": "LA BRETESCHE", "locprecise": null, "lbcommune": null, "cd_entite": null, "nb_depassements_2018": null, "nb_depassements_2019": null, "nb_depassements_2020": null, "nb_depassements_2021": null, "nb_depassements_total": null}}, {"type": "Feature", "id": "geophyteau_depassement_pnec_par_station.fid-3ad01dd2_19f2e0f0c17_3b95", "geometry": {"type": "Point", "coordinates": [-1.7003, 48.1071]}, "geometry_name": "geom", "properties": {"id": 3952, "code_geo": null, "cdstation": "BIO539", "cdinterne": null, "lbstation": "ENTRE LES PONTS SCHUMANN ET SNCF", "locprecise": null, "lbcommune": null, "cd_entite": null, "nb_depassements_2018": null, "nb_depassements_2019": null, "nb_depassements_2020": null, "nb_depassements_2021": null, "nb_depassements_total": null}}, {"type": "Feature", "id": "geophyteau_depassement_pnec_par_station.fid-3ad01dd2_19f2e0f0c17_3b96", "geometry": {"type": "Point", "coordinates": [-1.805, 48.2341]}, "geometry_name": "geom", "properties": {"id": 3953, "code_geo": null, "cdstation": "BIO540", "cdinterne": null, "lbstation": "Amont de Gevezé. Pont RD 27", "locprecise": null, "lbcommune": null, "cd_entite": null, "nb_depassements_2018": null, "nb_depassements_2019": null, "nb_depassements_2020": null, "nb_depassements_2021": null, "nb_depassements_total": null}}, {"type": "Feature", "id": "geophyteau_depassement_pnec_par_station.fid-3ad01dd2_19f2e0f0c17_3b97", "geometry": {"type": "Point", "coordinates": [-1.7859, 48.2089]}, "geometry_name": "geom", "properties": {"id": 3954, "code_geo": null, "cdstation": "BIO541", "cdinterne": null, "lbstation": "Aval du ruisseau de l'etang du saut bois", "locprecise": null, "lbcommune": null, "cd_entite": null, "nb_depassements_2018": null, "nb_depassements_2019": null, "nb_depassements_2020": null, "nb_depassements_2021": null, "nb_depassements_total": null}}, {"type": "Feature", "id": "geophyteau_depassement_pnec_par_station.fid-3ad01dd2_19f2e0f0c17_3b98", "geometry": {"type": "Point", "coordinates": [-1.7793, 48.1594]}, "geometry_name": "geom", "properties": {"id": 3955, "code_geo": null, "cdstation": "BIO542", "cdinterne": null, "lbstation": "Amont de Pacé. A hauteur de la Hatais", "locprecise": null, "lbcommune": null, "cd_entite": null, "nb_depassements_2018": null, "nb_depassements_2019": null, "nb_depassements_2020": null, "nb_depassements_2021": null, "nb_depassements_total": null}}, {"type": "Feature", "id": "geophyteau_depassement_pnec_par_station.fid-3ad01dd2_19f2e0f0c17_3b99", "geometry": {"type": "Point", "coordinates": [-1.798, 48.1356]}, "geometry_name": "geom", "properties": {"id": 3956, "code_geo": null, "cdstation": "BIO543", "cdinterne": null, "lbstation": "Aval de Pacé. A hauteur du Chatelier", "locprecise": null, "lbcommune": null, "cd_entite": null, "nb_depassements_2018": null, "nb_depassements_2019": null, "nb_depassements_2020": null, "nb_depassements_2021": null, "nb_depassements_total": null}}, {"type": "Feature", "id": "geophyteau_depassement_pnec_par_station.fid-3ad01dd2_19f2e0f0c17_3b9a", "geometry": {"type": "Point", "coordinates": [-1.7938, 48.1221]}, "geometry_name": "geom", "properties": {"id": 3957, "code_geo": null, "cdstation": "BIO544", "cdinterne": null, "lbstation": "Aval du pont de la RD 125", "locprecise": null, "lbcommune": null, "cd_entite": null, "nb_depassements_2018": null, "nb_depassements_2019": null, "nb_depassements_2020": null, "nb_depassements_2021": null, "nb_depassements_total": null}}, {"type": "Feature", "id": "geophyteau_depassement_pnec_par_station.fid-3ad01dd2_19f2e0f0c17_3b9b", "geometry": {"type": "Point", "coordinates": [-1.7731, 48.1149]}, "geometry_name": "geom", "properties": {"id": 3958, "code_geo": null, "cdstation": "BIO545", "cdinterne": null, "lbstation": "Aval du pont de la RD 68", "locprecise": null, "lbcommune": null, "cd_entite": null, "nb_depassements_2018": null, "nb_depassements_2019": null, "nb_depassements_2020": null, "nb_depassements_2021": null, "nb_depassements_total": null}}, {"type": "Feature", "id": "geophyteau_depassement_pnec_par_station.fid-3ad01dd2_19f2e0f0c17_3b9c", "geometry": {"type": "Point", "coordinates": [-1.7583, 48.107]}, "geometry_name": "geom", "properties": {"id": 3959, "code_geo": null, "cdstation": "BIO546", "cdinterne": null, "lbstation": "Amont de la RN 24. Chateau de la Freslonnière", "locprecise": null, "lbcommune": null, "cd_entite": null, "nb_depassements_2018": null, "nb_depassements_2019": null, "nb_depassements_2020": null, "nb_depassements_2021": null, "nb_depassements_total": null}}, {"type": "Feature", "id": "geophyteau_depassement_pnec_par_station.fid-3ad01dd2_19f2e0f0c17_3b9d", "geometry": {"type": "Point", "coordinates": [-1.9909, 48.1366]}, "geometry_name": "geom", "properties": {"id": 3962, "code_geo": null, "cdstation": "BIO550", "cdinterne": null, "lbstation": "INTERSECTION D263 ET D30", "locprecise": null, "lbcommune": null, "cd_entite": null, "nb_depassements_2018": null, "nb_depassements_2019": null, "nb_depassements_2020": null, "nb_depassements_2021": null, "nb_depassements_total": null}}, {"type": "Feature", "id": "geophyteau_depassement_pnec_par_station.fid-3ad01dd2_19f2e0f0c17_3b9e", "geometry": {"type": "Point", "coordinates": [-1.9199, 48.0322]}, "geometry_name": "geom", "properties": {"id": 3965, "code_geo": null, "cdstation": "BIO554", "cdinterne": null, "lbstation": "500M A L'EST SUR D36", "locprecise": null, "lbcommune": null, "cd_entite": null, "nb_depassements_2018": null, "nb_depassements_2019": null, "nb_depassements_2020": null, "nb_depassements_2021": null, "nb_depassements_total": null}}, {"type": "Feature", "id": "geophyteau_depassement_pnec_par_station.fid-3ad01dd2_19f2e0f0c17_3b9f", "geometry": {"type": "Point", "coordinates": [-1.8969, 48.1925]}, "geometry_name": "geom", "properties": {"id": 3966, "code_geo": null, "cdstation": "BIO556", "cdinterne": null, "lbstation": "Aval de Romillé. Pont RD 31", "locprecise": null, "lbcommune": null, "cd_entite": null, "nb_depassements_2018": null, "nb_depassements_2019": null, "nb_depassements_2020": null, "nb_depassements_2021": null, "nb_depassements_total": null}}, {"type": "Feature", "id": "geophyteau_depassement_pnec_par_station.fid-3ad01dd2_19f2e0f0c17_3ba0", "geometry": {"type": "Point", "coordinates": [-1.8521, 48.0577]}, "geometry_name": "geom", "properties": {"id": 3967, "code_geo": null, "cdstation": "BIO558", "cdinterne": null, "lbstation": "l'Emondière", "locprecise": null, "lbcommune": null, "cd_entite": null, "nb_depassements_2018": null, "nb_depassements_2019": null, "nb_depassements_2020": null, "nb_depassements_2021": null, "nb_depassements_total": null}}, {"type": "Feature", "id": "geophyteau_depassement_pnec_par_station.fid-3ad01dd2_19f2e0f0c17_3ba1", "geometry": {"type": "Point", "coordinates": [-1.4275, 47.9657]}, "geometry_name": "geom", "properties": {"id": 3970, "code_geo": null, "cdstation": "BIO560", "cdinterne": null, "lbstation": "Les Plassis. Pont D99", "locprecise": null, "lbcommune": null, "cd_entite": null, "nb_depassements_2018": null, "nb_depassements_2019": null, "nb_depassements_2020": null, "nb_depassements_2021": null, "nb_depassements_total": null}}, {"type": "Feature", "id": "geophyteau_depassement_pnec_par_station.fid-3ad01dd2_19f2e0f0c17_3ba2", "geometry": {"type": "Point", "coordinates": [-1.6004, 48.028]}, "geometry_name": "geom", "properties": {"id": 3971, "code_geo": null, "cdstation": "BIO561", "cdinterne": null, "lbstation": "VAUGON D163", "locprecise": null, "lbcommune": null, "cd_entite": null, "nb_depassements_2018": null, "nb_depassements_2019": null, "nb_depassements_2020": null, "nb_depassements_2021": null, "nb_depassements_total": null}}, {"type": "Feature", "id": "geophyteau_depassement_pnec_par_station.fid-3ad01dd2_19f2e0f0c17_3ba3", "geometry": {"type": "Point", "coordinates": [-1.4734, 47.8334]}, "geometry_name": "geom", "properties": {"id": 4004, "code_geo": null, "cdstation": "BIO569", "cdinterne": null, "lbstation": "ROUTE DE THOURIE", "locprecise": null, "lbcommune": null, "cd_entite": null, "nb_depassements_2018": null, "nb_depassements_2019": null, "nb_depassements_2020": null, "nb_depassements_2021": null, "nb_depassements_total": null}}, {"type": "Feature", "id": "geophyteau_depassement_pnec_par_station.fid-3ad01dd2_19f2e0f0c17_3ba4", "geometry": {"type": "Point", "coordinates": [-1.4654, 48.1167]}, "geometry_name": "geom", "properties": {"id": 4030, "code_geo": null, "cdstation": "BIO525", "cdinterne": null, "lbstation": "MOULIN DE BRECE AVAL IMMEDIAT", "locprecise": null, "lbcommune": null, "cd_entite": null, "nb_depassements_2018": null, "nb_depassements_2019": null, "nb_depassements_2020": null, "nb_depassements_2021": null, "nb_depassements_total": null}}, {"type": "Feature", "id": "geophyteau_depassement_pnec_par_station.fid-3ad01dd2_19f2e0f0c17_3ba5", "geometry": {"type": "Point", "coordinates": [-1.6301, 48.1098]}, "geometry_name": "geom", "properties": {"id": 4031, "code_geo": null, "cdstation": "BIO532", "cdinterne": null, "lbstation": "PLAINE DE BAUD", "locprecise": null, "lbcommune": null, "cd_entite": null, "nb_depassements_2018": null, "nb_depassements_2019": null, "nb_depassements_2020": null, "nb_depassements_2021": null, "nb_depassements_total": null}}, {"type": "Feature", "id": "geophyteau_depassement_pnec_par_station.fid-3ad01dd2_19f2e0f0c17_3ba6", "geometry": {"type": "Point", "coordinates": [-1.7665, 48.0496]}, "geometry_name": "geom", "properties": {"id": 4033, "code_geo": null, "cdstation": "BIO547", "cdinterne": null, "lbstation": "AVAL ECLUSE DE CICE", "locprecise": null, "lbcommune": null, "cd_entite": null, "nb_depassements_2018": null, "nb_depassements_2019": null, "nb_depassements_2020": null, "nb_depassements_2021": null, "nb_depassements_total": null}}, {"type": "Feature", "id": "geophyteau_depassement_pnec_par_station.fid-3ad01dd2_19f2e0f0c17_3ba7", "geometry": {"type": "Point", "coordinates": [-1.8877, 48.0591]}, "geometry_name": "geom", "properties": {"id": 4034, "code_geo": null, "cdstation": "BIO555", "cdinterne": null, "lbstation": "HINDRE N24", "locprecise": null, "lbcommune": null, "cd_entite": null, "nb_depassements_2018": null, "nb_depassements_2019": null, "nb_depassements_2020": null, "nb_depassements_2021": null, "nb_depassements_total": null}}, {"type": "Feature", "id": "geophyteau_depassement_pnec_par_station.fid-3ad01dd2_19f2e0f0c17_3ba8", "geometry": {"type": "Point", "coordinates": [-1.7586, 48.0124]}, "geometry_name": "geom", "properties": {"id": 4035, "code_geo": null, "cdstation": "BIO562", "cdinterne": null, "lbstation": "LA BARRE (SORTIE D177)", "locprecise": null, "lbcommune": null, "cd_entite": null, "nb_depassements_2018": null, "nb_depassements_2019": null, "nb_depassements_2020": null, "nb_depassements_2021": null, "nb_depassements_total": null}}, {"type": "Feature", "id": "geophyteau_depassement_pnec_par_station.fid-3ad01dd2_19f2e0f0c17_3ba9", "geometry": {"type": "Point", "coordinates": [-2.0123, 48.2522]}, "geometry_name": "geom", "properties": {"id": 4038, "code_geo": null, "cdstation": "HR13-14", "cdinterne": null, "lbstation": "HR13-14", "locprecise": null, "lbcommune": "LANDUJAN", "cd_entite": null, "nb_depassements_2018": null, "nb_depassements_2019": null, "nb_depassements_2020": null, "nb_depassements_2021": null, "nb_depassements_total": null}}, {"type": "Feature", "id": "geophyteau_depassement_pnec_par_station.fid-3ad01dd2_19f2e0f0c17_3baa", "geometry": {"type": "Point", "coordinates": [-1.7937, 48.1235]}, "geometry_name": "geom", "properties": {"id": 4048, "code_geo": null, "cdstation": "FLU06", "cdinterne": "FLU06", "lbstation": "Flume à L'HERMITAGE", "locprecise": "Le Guesneau D 125", "lbcommune": "L'HERMITAGE", "cd_entite": "J7214000", "nb_depassements_2018": null, "nb_depassements_2019": null, "nb_depassements_2020": null, "nb_depassements_2021": null, "nb_depassements_total": null}}, {"type": "Feature", "id": "geophyteau_depassement_pnec_par_station.fid-3ad01dd2_19f2e0f0c17_3bab", "geometry": {"type": "Point", "coordinates": [-1.7916, 48.1471]}, "geometry_name": "geom", "properties": {"id": 4049, "code_geo": null, "cdstation": "FLU05", "cdinterne": "FLU05", "lbstation": "Flume à PACÉ", "locprecise": "N12", "lbcommune": "PACÉ", "cd_entite": "J7214000", "nb_depassements_2018": null, "nb_depassements_2019": null, "nb_depassements_2020": null, "nb_depassements_2021": null, "nb_depassements_total": null}}, {"type": "Feature", "id": "geophyteau_depassement_pnec_par_station.fid-3ad01dd2_19f2e0f0c17_3bac", "geometry": {"type": "Point", "coordinates": [-1.7442, 48.0997]}, "geometry_name": "geom", "properties": {"id": 4050, "code_geo": null, "cdstation": "FLU07", "cdinterne": "FLU07", "lbstation": "Flume à VEZIN-LE-COQUET", "locprecise": "Le Plessis-Saucourt N 24 (confluence Vilaine)", "lbcommune": "VEZIN-LE-COQUET", "cd_entite": "J7214000", "nb_depassements_2018": null, "nb_depassements_2019": null, "nb_depassements_2020": null, "nb_depassements_2021": null, "nb_depassements_total": null}}, {"type": "Feature", "id": "geophyteau_depassement_pnec_par_station.fid-3ad01dd2_19f2e0f0c17_3bad", "geometry": {"type": "Point", "coordinates": [-1.7508, 48.1699]}, "geometry_name": "geom", "properties": {"id": 4051, "code_geo": null, "cdstation": "FLU10", "cdinterne": "FLU10", "lbstation": "Champalaune à LA CHAPELLE-DES-FOUGERETZ", "locprecise": "Fumeçon", "lbcommune": "LA CHAPELLE-DES-FOUGERETZ", "cd_entite": "J7216800", "nb_depassements_2018": null, "nb_depassements_2019": null, "nb_depassements_2020": null, "nb_depassements_2021": null, "nb_depassements_total": null}}, {"type": "Feature", "id": "geophyteau_depassement_pnec_par_station.fid-3ad01dd2_19f2e0f0c17_3bae", "geometry": {"type": "Point", "coordinates": [-1.7856, 48.2089]}, "geometry_name": "geom", "properties": {"id": 4053, "code_geo": null, "cdstation": "FLU03", "cdinterne": "FLU03", "lbstation": "Flume à GÉVEZÉ", "locprecise": "La Guinéhec", "lbcommune": "GÉVEZÉ", "cd_entite": "J7214000", "nb_depassements_2018": null, "nb_depassements_2019": null, "nb_depassements_2020": null, "nb_depassements_2021": null, "nb_depassements_total": null}}, {"type": "Feature", "id": "geophyteau_depassement_pnec_par_station.fid-3ad01dd2_19f2e0f0c17_3baf", "geometry": {"type": "Point", "coordinates": [-1.8286, 48.2173]}, "geometry_name": "geom", "properties": {"id": 4054, "code_geo": null, "cdstation": "FLU09", "cdinterne": "FLU09", "lbstation": "RAU DE L'ETANG DU SAUT BOIS à LANGAN", "locprecise": "Croix des Trois Evêchés", "lbcommune": "LANGAN", "cd_entite": "J7215400", "nb_depassements_2018": null, "nb_depassements_2019": null, "nb_depassements_2020": null, "nb_depassements_2021": null, "nb_depassements_total": null}}, {"type": "Feature", "id": "geophyteau_depassement_pnec_par_station.fid-3ad01dd2_19f2e0f0c17_3bb0", "geometry": {"type": "Point", "coordinates": [-1.4108, 48.1085]}, "geometry_name": "geom", "properties": {"id": 4059, "code_geo": null, "cdstation": "HVGA10", "cdinterne": "HVGA10", "lbstation": "HVGA10", "locprecise": null, "lbcommune": "CHÂTEAUBOURG", "cd_entite": null, "nb_depassements_2018": null, "nb_depassements_2019": null, "nb_depassements_2020": null, "nb_depassements_2021": null, "nb_depassements_total": null}}, {"type": "Feature", "id": "geophyteau_depassement_pnec_par_station.fid-3ad01dd2_19f2e0f0c17_3bb1", "geometry": {"type": "Point", "coordinates": [-1.4689, 48.1168]}, "geometry_name": "geom", "properties": {"id": 4135, "code_geo": null, "cdstation": "HVVI306", "cdinterne": "HVVI306", "lbstation": "HVVI306", "locprecise": null, "lbcommune": "SERVON-SUR-VILAINE", "cd_entite": null, "nb_depassements_2018": null, "nb_depassements_2019": null, "nb_depassements_2020": null, "nb_depassements_2021": null, "nb_depassements_total": null}}, {"type": "Feature", "id": "geophyteau_depassement_pnec_par_station.fid-3ad01dd2_19f2e0f0c17_3bb2", "geometry": {"type": "Point", "coordinates": [-1.4883, 48.1191]}, "geometry_name": "geom", "properties": {"id": 4259, "code_geo": null, "cdstation": "04370007", "cdinterne": "HVVI309", "lbstation": "VILAINE A SERVON-SUR-VILAINE", "locprecise": "LA VILLATE", "lbcommune": "SERVON-SUR-VILAINE", "cd_entite": null, "nb_depassements_2018": null, "nb_depassements_2019": null, "nb_depassements_2020": null, "nb_depassements_2021": null, "nb_depassements_total": null}}, {"type": "Feature", "id": "geophyteau_depassement_pnec_par_station.fid-3ad01dd2_19f2e0f0c17_3bb3", "geometry": {"type": "Point", "coordinates": [-1.8394, 48.2484]}, "geometry_name": "geom", "properties": {"id": 4261, "code_geo": null, "cdstation": "FLU15", "cdinterne": "FLU15", "lbstation": "Pérouse à LANGAN (voir commentaire)", "locprecise": "aval lagunes Langan", "lbcommune": "LANGAN", "cd_entite": "J7214500", "nb_depassements_2018": null, "nb_depassements_2019": null, "nb_depassements_2020": null, "nb_depassements_2021": null, "nb_depassements_total": null}}, {"type": "Feature", "id": "geophyteau_depassement_pnec_par_station.fid-3ad01dd2_19f2e0f0c17_3bb4", "geometry": {"type": "Point", "coordinates": [-1.8405, 48.2486]}, "geometry_name": "geom", "properties": {"id": 4271, "code_geo": null, "cdstation": "FLU08", "cdinterne": "FLU08", "lbstation": "Pérouse à LANGOUET", "locprecise": "D 25 (entre Langouet et Langan)", "lbcommune": "LANGOUET", "cd_entite": "J7214500", "nb_depassements_2018": null, "nb_depassements_2019": null, "nb_depassements_2020": null, "nb_depassements_2021": null, "nb_depassements_total": null}}, {"type": "Feature", "id": "geophyteau_depassement_pnec_par_station.fid-3ad01dd2_19f2e0f0c17_3bb5", "geometry": {"type": "Point", "coordinates": [-1.7891, 48.2273]}, "geometry_name": "geom", "properties": {"id": 4272, "code_geo": null, "cdstation": "FLU02", "cdinterne": "FLU02", "lbstation": "Flume à GÉVEZÉ", "locprecise": "La Vieille Rue", "lbcommune": "GÉVEZÉ", "cd_entite": "J7214000", "nb_depassements_2018": null, "nb_depassements_2019": null, "nb_depassements_2020": null, "nb_depassements_2021": null, "nb_depassements_total": null}}, {"type": "Feature", "id": "geophyteau_depassement_pnec_par_station.fid-3ad01dd2_19f2e0f0c17_3bb6", "geometry": {"type": "Point", "coordinates": [-1.8198, 48.243]}, "geometry_name": "geom", "properties": {"id": 4273, "code_geo": null, "cdstation": "FLU01", "cdinterne": "FLU01", "lbstation": "Flume à GÉVEZÉ", "locprecise": "La Guérinais", "lbcommune": "GÉVEZÉ", "cd_entite": "J7214000", "nb_depassements_2018": null, "nb_depassements_2019": null, "nb_depassements_2020": null, "nb_depassements_2021": null, "nb_depassements_total": null}}, {"type": "Feature", "id": "geophyteau_depassement_pnec_par_station.fid-3ad01dd2_19f2e0f0c17_3bb7", "geometry": {"type": "Point", "coordinates": [-1.7792, 48.155]}, "geometry_name": "geom", "properties": {"id": 4274, "code_geo": null, "cdstation": "FLU04", "cdinterne": "FLU04", "lbstation": "Flume à PACÉ", "locprecise": "D287 Pont Amelin (voir commentaire)", "lbcommune": "PACÉ", "cd_entite": "J7214000", "nb_depassements_2018": null, "nb_depassements_2019": null, "nb_depassements_2020": null, "nb_depassements_2021": null, "nb_depassements_total": null}}, {"type": "Feature", "id": "geophyteau_depassement_pnec_par_station.fid-3ad01dd2_19f2e0f0c17_3bb8", "geometry": {"type": "Point", "coordinates": [-1.8195, 48.2442]}, "geometry_name": "geom", "properties": {"id": 4276, "code_geo": null, "cdstation": "FLU16", "cdinterne": "FLU16", "lbstation": "Flume à LANGOUET (voir commentaire)", "locprecise": "Aval Lagunes de Langouët", "lbcommune": "LANGOUET", "cd_entite": "J7214000", "nb_depassements_2018": null, "nb_depassements_2019": null, "nb_depassements_2020": null, "nb_depassements_2021": null, "nb_depassements_total": null}}, {"type": "Feature", "id": "geophyteau_depassement_pnec_par_station.fid-3ad01dd2_19f2e0f0c17_3bb9", "geometry": {"type": "Point", "coordinates": [-1.744, 48.1751]}, "geometry_name": "geom", "properties": {"id": 4278, "code_geo": null, "cdstation": "FLU17", "cdinterne": "FLU17", "lbstation": "Champalaune à LA CHAPELLE-DES-FOUGERETZ", "locprecise": "amont rejet station d'épuration", "lbcommune": "LA CHAPELLE-DES-FOUGERETZ", "cd_entite": "J7216800", "nb_depassements_2018": null, "nb_depassements_2019": null, "nb_depassements_2020": null, "nb_depassements_2021": null, "nb_depassements_total": null}}, {"type": "Feature", "id": "geophyteau_depassement_pnec_par_station.fid-3ad01dd2_19f2e0f0c17_3bba", "geometry": {"type": "Point", "coordinates": [-1.7906, 48.1473]}, "geometry_name": "geom", "properties": {"id": 4279, "code_geo": null, "cdstation": "FLU18", "cdinterne": "FLU18", "lbstation": "Flume à PACÉ", "locprecise": "amont station d'épuration", "lbcommune": "PACÉ", "cd_entite": "J7214000", "nb_depassements_2018": null, "nb_depassements_2019": null, "nb_depassements_2020": null, "nb_depassements_2021": null, "nb_depassements_total": null}}, {"type": "Feature", "id": "geophyteau_depassement_pnec_par_station.fid-3ad01dd2_19f2e0f0c17_3bbb", "geometry": {"type": "Point", "coordinates": [-1.9923, 47.9981]}, "geometry_name": "geom", "properties": {"id": 4338, "code_geo": null, "cdstation": "CC210", "cdinterne": "CC210;R10", "lbstation": "Canut à Maxent", "locprecise": "entrée retenue de La Musse", "lbcommune": "MAXENT", "cd_entite": "J75-0300", "nb_depassements_2018": null, "nb_depassements_2019": null, "nb_depassements_2020": null, "nb_depassements_2021": null, "nb_depassements_total": null}}, {"type": "Feature", "id": "geophyteau_depassement_pnec_par_station.fid-3ad01dd2_19f2e0f0c17_3bbc", "geometry": {"type": "Point", "coordinates": [-2.0105, 48.0193]}, "geometry_name": "geom", "properties": {"id": 4340, "code_geo": null, "cdstation": "CC831", "cdinterne": "CC831", "lbstation": "* (tributaire anse du Tronchet) à Treffendel", "locprecise": "Lénéheuc (nord)", "lbcommune": "TREFFENDEL", "cd_entite": null, "nb_depassements_2018": null, "nb_depassements_2019": null, "nb_depassements_2020": null, "nb_depassements_2021": null, "nb_depassements_total": null}}, {"type": "Feature", "id": "geophyteau_depassement_pnec_par_station.fid-3ad01dd2_19f2e0f0c17_3bbd", "geometry": {"type": "Point", "coordinates": [-1.7998, 48.2818]}, "geometry_name": "geom", "properties": {"id": 4353, "code_geo": null, "cdstation": "04307014", "cdinterne": "DOam1", "lbstation": "RAU DE LA CHATIERE A SAINT-SYMPHORIEN", "locprecise": "LD LE PONT GUILLAUME - AMONT ETANG", "lbcommune": "SAINT-SYMPHORIEN", "cd_entite": "J0714900", "nb_depassements_2018": null, "nb_depassements_2019": null, "nb_depassements_2020": null, "nb_depassements_2021": null, "nb_depassements_total": null}}, {"type": "Feature", "id": "geophyteau_depassement_pnec_par_station.fid-3ad01dd2_19f2e0f0c17_3bbe", "geometry": {"type": "Point", "coordinates": [-1.6404, 48.2816]}, "geometry_name": "geom", "properties": {"id": 4420, "code_geo": null, "cdstation": "04371004", "cdinterne": "ILLSE05", "lbstation": "R D'ANDOUILLE À SAINT-MEDARD-SUR-ILLE", "locprecise": "PONT DE LA D91 ENTRE LES LIEUX-DITS MAINEUF ET LE MORTIER", "lbcommune": "SAINT-MÉDARD-SUR-ILLE", "cd_entite": "J7107300", "nb_depassements_2018": null, "nb_depassements_2019": null, "nb_depassements_2020": null, "nb_depassements_2021": null, "nb_depassements_total": null}}, {"type": "Feature", "id": "geophyteau_depassement_pnec_par_station.fid-3ad01dd2_19f2e0f0c17_3bbf", "geometry": {"type": "Point", "coordinates": [-1.5396, 48.2612]}, "geometry_name": "geom", "properties": {"id": 4421, "code_geo": null, "cdstation": "04371015", "cdinterne": "ILLSE09", "lbstation": "RAU DE RICLON A ERCE-PRES-LIFFRE", "locprecise": "LD LE BAS ROCHER", "lbcommune": "ERCÉ-PRÈS-LIFFRÉ", "cd_entite": "J7114400", "nb_depassements_2018": null, "nb_depassements_2019": null, "nb_depassements_2020": null, "nb_depassements_2021": null, "nb_depassements_total": null}}, {"type": "Feature", "id": "geophyteau_depassement_pnec_par_station.fid-3ad01dd2_19f2e0f0c17_3bc0", "geometry": {"type": "Point", "coordinates": [-1.7732, 48.2816]}, "geometry_name": "geom", "properties": {"id": 4424, "code_geo": null, "cdstation": "04307013", "cdinterne": "DOam2", "lbstation": "RAU DE TRONSONNIERE A HEDE-BAZOUGES", "locprecise": "LD L'EPINAY - PONT RD287", "lbcommune": "HÉDÉ-BAZOUGES", "cd_entite": "J0714000", "nb_depassements_2018": null, "nb_depassements_2019": null, "nb_depassements_2020": null, "nb_depassements_2021": null, "nb_depassements_total": null}}, {"type": "Feature", "id": "geophyteau_depassement_pnec_par_station.fid-3ad01dd2_19f2e0f0c17_3bc1", "geometry": {"type": "Point", "coordinates": [-1.469, 48.1123]}, "geometry_name": "geom", "properties": {"id": 4433, "code_geo": null, "cdstation": "04370004", "cdinterne": "HVOL09", "lbstation": "OLIVET A BRECE", "locprecise": "PONT D286, AVAL VOIE SNCF LIEU-DIT LES ISLES (GARE)", "lbcommune": "BRÉCÉ", "cd_entite": "J7068000", "nb_depassements_2018": 0, "nb_depassements_2019": null, "nb_depassements_2020": null, "nb_depassements_2021": null, "nb_depassements_total": 0}}, {"type": "Feature", "id": "geophyteau_depassement_pnec_par_station.fid-3ad01dd2_19f2e0f0c17_3bc2", "geometry": {"type": "Point", "coordinates": [-1.9543, 48.1373]}, "geometry_name": "geom", "properties": {"id": 4434, "code_geo": null, "cdstation": "04208400", "cdinterne": "ME14", "lbstation": "GARUN À MONTFORT-SUR-MEU", "locprecise": "PONT SAINT NICOLAS, CENTRE VILLE", "lbcommune": "MONTFORT-SUR-MEU", "cd_entite": "J7344000", "nb_depassements_2018": null, "nb_depassements_2019": null, "nb_depassements_2020": null, "nb_depassements_2021": null, "nb_depassements_total": null}}, {"type": "Feature", "id": "geophyteau_depassement_pnec_par_station.fid-3ad01dd2_19f2e0f0c17_3bc3", "geometry": {"type": "Point", "coordinates": [-2.0454, 48.2877]}, "geometry_name": "geom", "properties": {"id": 4499, "code_geo": null, "cdstation": "04306012", "cdinterne": null, "lbstation": "NEAL A MEDREAC", "locprecise": "LA VILLE AU MARCHAND", "lbcommune": "MÉDRÉAC", "cd_entite": "J0626600", "nb_depassements_2018": null, "nb_depassements_2019": null, "nb_depassements_2020": null, "nb_depassements_2021": null, "nb_depassements_total": null}}, {"type": "Feature", "id": "geophyteau_depassement_pnec_par_station.fid-3ad01dd2_19f2e0f0c17_3bc4", "geometry": {"type": "Point", "coordinates": [-1.6735, 48.2978]}, "geometry_name": "geom", "properties": {"id": 4521, "code_geo": null, "cdstation": "04371016", "cdinterne": null, "lbstation": "CANAL D'ILLE-ET-RANCE A MONTREUIL-SUR-ILLE", "locprecise": "AMONT ECLUSE D'ILLE", "lbcommune": "MONTREUIL-SUR-ILLE", "cd_entite": "J---200G", "nb_depassements_2018": null, "nb_depassements_2019": null, "nb_depassements_2020": null, "nb_depassements_2021": null, "nb_depassements_total": null}}, {"type": "Feature", "id": "geophyteau_depassement_pnec_par_station.fid-3ad01dd2_19f2e0f0c17_3bc5", "geometry": {"type": "Point", "coordinates": [-1.6732, 48.293]}, "geometry_name": "geom", "properties": {"id": 4522, "code_geo": null, "cdstation": "04371017", "cdinterne": null, "lbstation": "CANAL D'ILLE-ET-RANCE A SAINT-MÉDARD-SUR-ILLE", "locprecise": "LD VALLEE DU TERTRE - 400M AVAL ECLUSE D'ILLE", "lbcommune": "SAINT-MÉDARD-SUR-ILLE", "cd_entite": "J71-0300", "nb_depassements_2018": null, "nb_depassements_2019": null, "nb_depassements_2020": null, "nb_depassements_2021": null, "nb_depassements_total": null}}, {"type": "Feature", "id": "geophyteau_depassement_pnec_par_station.fid-3ad01dd2_19f2e0f0c17_3bc6", "geometry": {"type": "Point", "coordinates": [-1.9113, 48.144]}, "geometry_name": "geom", "properties": {"id": 4523, "code_geo": null, "cdstation": "04373016", "cdinterne": null, "lbstation": "LE TREMILLE A BRETEIL", "locprecise": "100 M EN AMONT DE LA D125", "lbcommune": "BRETEIL", "cd_entite": "J7354400", "nb_depassements_2018": null, "nb_depassements_2019": null, "nb_depassements_2020": null, "nb_depassements_2021": null, "nb_depassements_total": null}}, {"type": "Feature", "id": "geophyteau_depassement_pnec_par_station.fid-3ad01dd2_19f2e0f0c17_3bc7", "geometry": {"type": "Point", "coordinates": [-1.9517, 48.1314]}, "geometry_name": "geom", "properties": {"id": 4524, "code_geo": null, "cdstation": "04373017", "cdinterne": null, "lbstation": "LE MEU A MONTFORT-SUR-MEU", "locprecise": "A L'AVAL DU MOULIN DES PLANCHES", "lbcommune": "MONTFORT-SUR-MEU", "cd_entite": "J73-0300", "nb_depassements_2018": null, "nb_depassements_2019": null, "nb_depassements_2020": null, "nb_depassements_2021": null, "nb_depassements_total": null}}, {"type": "Feature", "id": "geophyteau_depassement_pnec_par_station.fid-3ad01dd2_19f2e0f0c17_3bc8", "geometry": {"type": "Point", "coordinates": [-1.8941, 48.1954]}, "geometry_name": "geom", "properties": {"id": 4525, "code_geo": null, "cdstation": "04373018", "cdinterne": null, "lbstation": "LE TEMPLE A ROMILLE", "locprecise": "L'EPINAY", "lbcommune": "ROMILLÉ", "cd_entite": "J7374700", "nb_depassements_2018": null, "nb_depassements_2019": null, "nb_depassements_2020": null, "nb_depassements_2021": null, "nb_depassements_total": null}}, {"type": "Feature", "id": "geophyteau_depassement_pnec_par_station.fid-3ad01dd2_19f2e0f0c17_3bc9", "geometry": {"type": "Point", "coordinates": [-1.3665, 47.9506]}, "geometry_name": "geom", "properties": {"id": 4527, "code_geo": null, "cdstation": "04374014", "cdinterne": null, "lbstation": "SEICHE A MARCILLE-ROBERT", "locprecise": "VREZEL - AVAL ETANG", "lbcommune": "MARCILLÉ-ROBERT", "cd_entite": null, "nb_depassements_2018": null, "nb_depassements_2019": null, "nb_depassements_2020": null, "nb_depassements_2021": null, "nb_depassements_total": null}}, {"type": "Feature", "id": "geophyteau_depassement_pnec_par_station.fid-3ad01dd2_19f2e0f0c17_3bca", "geometry": {"type": "Point", "coordinates": [-1.5804, 47.7978]}, "geometry_name": "geom", "properties": {"id": 4531, "code_geo": null, "cdstation": "04378007", "cdinterne": null, "lbstation": "RUISSEAU DU VIEUX ROCHIS A ERCE-EN-LAMEE", "locprecise": "LA FLEURIAIS - 1 KM EN AVAL RD57 - AMONT LA MENNERIE", "lbcommune": "ERCÉ-EN-LAMÉE", "cd_entite": "J7825200", "nb_depassements_2018": null, "nb_depassements_2019": null, "nb_depassements_2020": null, "nb_depassements_2021": null, "nb_depassements_total": null}}, {"type": "Feature", "id": "geophyteau_depassement_pnec_par_station.fid-3ad01dd2_19f2e0f0c17_3bcb", "geometry": {"type": "Point", "coordinates": [-1.2935, 48.1282]}, "geometry_name": "geom", "properties": {"id": 4651, "code_geo": null, "cdstation": "J705500T", "cdinterne": "HVRetCan", "lbstation": "RETENUE DE VILLAUMUR à MONTREUIL-SOUS-PEROUSE", "locprecise": "RETENUE DE VILLAUMUR A MONTREUIL-SOUS-PEROUSE", "lbcommune": "MONTREUIL-SOUS-PÉROUSE", "cd_entite": "J70-0300", "nb_depassements_2018": null, "nb_depassements_2019": 22, "nb_depassements_2020": null, "nb_depassements_2021": null, "nb_depassements_total": 22}}, {"type": "Feature", "id": "geophyteau_depassement_pnec_par_station.fid-3ad01dd2_19f2e0f0c17_3bcc", "geometry": {"type": "Point", "coordinates": [-1.9924, 48.0232]}, "geometry_name": "geom", "properties": {"id": 4654, "code_geo": null, "cdstation": "04373021", "cdinterne": "CC81", "lbstation": "RUISSEAU DES BADIERS A TREFFENDEL", "locprecise": "LD LA CORVAISERIE", "lbcommune": "TREFFENDEL", "cd_entite": "J7364700", "nb_depassements_2018": 1, "nb_depassements_2019": null, "nb_depassements_2020": null, "nb_depassements_2021": null, "nb_depassements_total": 1}}], "totalFeatures": 354, "numberMatched": 354, "numberReturned": 354, "timeStamp": "2026-07-04T17:57:05.955Z", "crs": {"type": "name", "properties": {"name": "urn:ogc:def:crs:EPSG::4326"}}}