journey_id,trip_id,journey_start_datetime,journey_start_date,journey_start_time,journey_start_lon,journey_start_lat,journey_start_insee,journey_start_postalcode,journey_start_department,journey_start_town,journey_start_towngroup,journey_start_country,journey_end_datetime,journey_end_date,journey_end_time,journey_end_lon,journey_end_lat,journey_end_insee,journey_end_postalcode,journey_end_department,journey_end_town,journey_end_towngroup,journey_end_country,passenger_seats,operator_class,journey_distance,journey_duration,has_incentive
5040310,298fe405-d43e-450f-80f8-a12567ebb85b,2021-11-01T17:40:00+01:00,2021-11-01,17:40:00,-1.74,48.04,35047,35170,35,Bruz (35),Rennes Metropole,France,2021-11-01T17:50:00+01:00,2021-11-01,17:50:00,-1.68,48.11,35238,35000,35,Rennes (35),Rennes Metropole,France,1,A,9447,13,OUI
5018808,e38ea749-ed16-49a9-af72-609864cd8e25,2021-11-02T04:30:00+01:00,2021-11-02,04:30:00,-1.48,47.95,35136,35150,35,Janzé (35),,France,2021-11-02T05:00:00+01:00,2021-11-02,05:00:00,-1.22,47.93,35125,35130,35,La Guerche-de-Bretagne (35),Vitre Communaute,France,1,C,24323,30,OUI
5044008,2e5d35a6-464a-4f56-9818-67bf60ddc1b8,2021-11-02T06:10:00+01:00,2021-11-02,06:10:00,-1.67,48.08,35238,35000,35,Rennes (35),Rennes Metropole,France,2021-11-02T07:20:00+01:00,2021-11-02,07:20:00,-1.58,47.26,44114,44700,44,Orvault (44),Nantes Metropole,France,1,C,97476,68,OUI
5044000,2e5d35a6-464a-4f56-9818-67bf60ddc1b8,2021-11-02T06:10:00+01:00,2021-11-02,06:10:00,-1.67,48.08,35238,35000,35,Rennes (35),Rennes Metropole,France,2021-11-02T07:20:00+01:00,2021-11-02,07:20:00,-1.58,47.26,44114,44700,44,Orvault (44),Nantes Metropole,France,1,C,97476,68,OUI
5044459,d2961d2b-48fb-44be-bc3d-5b277a98318e,2021-11-02T06:50:00+01:00,2021-11-02,06:50:00,-1.69,47.97,35139,35890,35,Laillé (35),Rennes Metropole,France,2021-11-02T07:10:00+01:00,2021-11-02,07:10:00,-1.57,48.14,35334,35235,35,Thorigné-Fouillard (35),Rennes Metropole,France,1,B,24251,20,OUI
5044183,c598d2b1-7ecf-41db-a715-0c544ea409a6,2021-11-02T07:00:00+01:00,2021-11-02,07:00:00,-1.84,48.07,35196,35310,35,Mordelles (35),Rennes Metropole,France,2021-11-02T07:40:00+01:00,2021-11-02,07:40:00,-2.38,47.91,56165,56800,56,Ploërmel (56),,France,1,C,50109,35,OUI
5044680,37773b5b-595c-41af-b646-8d69b462e756,2021-11-02T07:00:00+01:00,2021-11-02,07:00:00,-1.69,48.13,35278,35760,35,Saint-Grégoire (35),Rennes Metropole,France,2021-11-02T07:30:00+01:00,2021-11-02,07:30:00,-1.41,48.25,35253,35140,35,Saint-Aubin-du-Cormier (35),,France,1,C,27841,20,OUI
5044454,3b3df783-e330-4e83-aaf3-5d9cf0df0735,2021-11-02T07:00:00+01:00,2021-11-02,07:00:00,-1.67,48.08,35238,35000,35,Rennes (35),Rennes Metropole,France,2021-11-02T07:50:00+01:00,2021-11-02,07:50:00,-0.79,48.06,53130,53000,53,Laval (53),Communaute D'Agglomeration De Laval,France,1,C,73387,54,OUI
5044310,3b3df783-e330-4e83-aaf3-5d9cf0df0735,2021-11-02T07:00:00+01:00,2021-11-02,07:00:00,-1.73,48.05,35047,35170,35,Bruz (35),Rennes Metropole,France,2021-11-02T08:00:00+01:00,2021-11-02,08:00:00,-0.78,48.07,53130,53000,53,Laval (53),Communaute D'Agglomeration De Laval,France,1,C,79542,59,OUI
5044154,1c520865-70b4-42a5-8c60-570d30440a91,2021-11-02T07:00:00+01:00,2021-11-02,07:00:00,-1.67,48.08,35238,35000,35,Rennes (35),Rennes Metropole,France,2021-11-02T08:10:00+01:00,2021-11-02,08:10:00,-1.58,47.26,44114,44700,44,Orvault (44),Nantes Metropole,France,1,B,97476,68,OUI
5044239,5cfc5b86-b8a0-429c-b3bb-8025fb7a7297,2021-11-02T07:10:00+01:00,2021-11-02,07:10:00,-1.67,48.09,35238,35000,35,Rennes (35),Rennes Metropole,France,2021-11-02T07:50:00+01:00,2021-11-02,07:50:00,-1.20,48.11,35360,35500,35,Vitré (35),Vitre Communaute,France,1,B,39348,36,OUI
5044564,a418773d-45ce-4c2f-ac8c-5ea31a99069f,2021-11-02T07:10:00+01:00,2021-11-02,07:10:00,-1.72,48.10,35238,35000,35,Rennes (35),Rennes Metropole,France,2021-11-02T08:10:00+01:00,2021-11-02,08:10:00,-0.80,48.06,53201,53940,53,Saint-Berthevin (53),Communaute D'Agglomeration De Laval,France,1,B,77948,56,OUI
5044664,07ec164a-8496-4012-95bd-c03870e06f3d,2021-11-02T07:20:00+01:00,2021-11-02,07:20:00,-1.84,48.07,35196,35310,35,Mordelles (35),Rennes Metropole,France,2021-11-02T07:40:00+01:00,2021-11-02,07:40:00,-1.73,48.10,35353,35132,35,Vezin-le-Coquet (35),Rennes Metropole,France,1,C,10762,11,OUI
5020268,1e2a21fe-e3c5-4558-b4d2-6f46232b227a,2021-11-02T07:20:00+01:00,2021-11-02,07:20:00,-1.83,48.07,35196,35310,35,Mordelles (35),Rennes Metropole,France,2021-11-02T07:50:00+01:00,2021-11-02,07:50:00,-1.69,48.14,35278,35760,35,Saint-Grégoire (35),Rennes Metropole,France,1,C,16420,23,OUI
5045496,85ec7e93-51e8-4eee-830e-073e186bd27e,2021-11-02T07:30:00+01:00,2021-11-02,07:30:00,-1.69,48.12,35238,35000,35,Rennes (35),Rennes Metropole,France,2021-11-02T08:10:00+01:00,2021-11-02,08:10:00,-1.20,48.12,35360,35500,35,Vitré (35),Vitre Communaute,France,1,C,44585,39,OUI
5045505,19ceec66-d95c-477d-85c7-6593b1948afa,2021-11-02T07:30:00+01:00,2021-11-02,07:30:00,-1.48,48.10,35039,35530,35,Brécé (35),Rennes Metropole,France,2021-11-02T07:50:00+01:00,2021-11-02,07:50:00,-1.69,48.15,35278,35760,35,Saint-Grégoire (35),Rennes Metropole,France,1,C,20720,18,OUI
5045137,9d798ac9-d69f-41aa-a110-a44ca607a734,2021-11-02T07:30:00+01:00,2021-11-02,07:30:00,-1.67,48.11,35238,35000,35,Rennes (35),Rennes Metropole,France,2021-11-02T08:20:00+01:00,2021-11-02,08:20:00,-2.39,47.93,56165,56800,56,Ploërmel (56),,France,1,B,67786,53,OUI
5045062,886434aa-5077-4d25-8202-3ed32ada7fe9,2021-11-02T07:40:00+01:00,2021-11-02,07:40:00,-1.70,48.09,35281,35136,35,Saint-Jacques-de-la-Lande (35),Rennes Metropole,France,2021-11-02T08:30:00+01:00,2021-11-02,08:30:00,-2.04,48.45,22050,22100,22,Dinan (22),Communaute D'Agglomeration Dinan Agglomeration,France,1,C,56774,45,OUI
5020833,483395bf-521c-4546-ac12-e51e727a05bb,2021-11-02T07:40:00+01:00,2021-11-02,07:40:00,-1.61,48.11,35051,35510,35,Cesson-Sévigné (35),Rennes Metropole,France,2021-11-02T08:40:00+01:00,2021-11-02,08:40:00,-0.85,48.07,53201,53940,53,Saint-Berthevin (53),Communaute D'Agglomeration De Laval,France,1,B,61528,61,OUI
5045043,6256f6a2-c729-4c7b-bc83-d23d0fb8e03f,2021-11-02T07:40:00+01:00,2021-11-02,07:40:00,-1.61,48.10,35051,35510,35,Cesson-Sévigné (35),Rennes Metropole,France,2021-11-02T08:30:00+01:00,2021-11-02,08:30:00,-0.83,48.06,53201,53940,53,Saint-Berthevin (53),Communaute D'Agglomeration De Laval,France,1,C,61187,47,OUI
5020852,483395bf-521c-4546-ac12-e51e727a05bb,2021-11-02T07:40:00+01:00,2021-11-02,07:40:00,-1.61,48.11,35051,35510,35,Cesson-Sévigné (35),Rennes Metropole,France,2021-11-02T08:50:00+01:00,2021-11-02,08:50:00,-0.85,48.07,53201,53940,53,Saint-Berthevin (53),Communaute D'Agglomeration De Laval,France,1,B,61510,61,OUI
5045392,3334e68e-53e6-4173-be9c-e0b9a7e799fb,2021-11-02T07:50:00+01:00,2021-11-02,07:50:00,-1.66,48.10,35238,35000,35,Rennes (35),Rennes Metropole,France,2021-11-02T08:50:00+01:00,2021-11-02,08:50:00,-2.06,48.61,35093,35800,35,Dinard (35),,France,1,C,74424,59,OUI
5045195,cb9d9ef8-6bec-4b5c-b7e9-95cad06e73fb,2021-11-02T07:50:00+01:00,2021-11-02,07:50:00,-1.69,48.13,35278,35760,35,Saint-Grégoire (35),Rennes Metropole,France,2021-11-02T08:40:00+01:00,2021-11-02,08:40:00,-1.98,48.62,35288,35400,35,Saint-Malo (35),Saint-Malo Agglomeration,France,1,B,62637,45,OUI
5045300,2d6af69d-b5b5-48d3-b2b4-14af5b693a65,2021-11-02T07:50:00+01:00,2021-11-02,07:50:00,-1.74,48.01,35047,35170,35,Bruz (35),Rennes Metropole,France,2021-11-02T08:20:00+01:00,2021-11-02,08:20:00,-1.62,48.13,35051,35510,35,Cesson-Sévigné (35),Rennes Metropole,France,1,B,19857,21,OUI
5044864,c0c7c540-ef44-4173-b063-590418d3809e,2021-11-02T07:50:00+01:00,2021-11-02,07:50:00,-1.64,48.10,35238,35000,35,Rennes (35),Rennes Metropole,France,2021-11-02T08:40:00+01:00,2021-11-02,08:40:00,-0.83,48.06,53201,53940,53,Saint-Berthevin (53),Communaute D'Agglomeration De Laval,France,1,B,63769,51,OUI
5045349,6256f6a2-c729-4c7b-bc83-d23d0fb8e03f,2021-11-02T07:50:00+01:00,2021-11-02,07:50:00,-1.61,48.10,35051,35510,35,Cesson-Sévigné (35),Rennes Metropole,France,2021-11-02T08:40:00+01:00,2021-11-02,08:40:00,-0.83,48.06,53201,53940,53,Saint-Berthevin (53),Communaute D'Agglomeration De Laval,France,1,C,61187,47,OUI
5045383,70bd4f36-49f3-497a-852e-8978e0146bd8,2021-11-02T08:00:00+01:00,2021-11-02,08:00:00,-1.69,48.13,35278,35760,35,Saint-Grégoire (35),Rennes Metropole,France,2021-11-02T08:50:00+01:00,2021-11-02,08:50:00,-1.98,48.62,35288,35400,35,Saint-Malo (35),Saint-Malo Agglomeration,France,1,B,62585,46,OUI
5045389,ee66b7e6-7064-4116-801e-97bf4d3497ab,2021-11-02T08:00:00+01:00,2021-11-02,08:00:00,-1.62,48.14,35051,35510,35,Cesson-Sévigné (35),Rennes Metropole,France,2021-11-02T08:40:00+01:00,2021-11-02,08:40:00,-1.19,48.33,35137,35133,35,Javené (35),Fougeres Agglomeration,France,1,B,44228,32,OUI
5045459,2fe5f9d3-1ea1-4b75-ac9a-e00842e5d5e6,2021-11-02T08:00:00+01:00,2021-11-02,08:00:00,-1.64,48.12,35238,35000,35,Rennes (35),Rennes Metropole,France,2021-11-02T08:30:00+01:00,2021-11-02,08:30:00,-1.40,48.26,35253,35140,35,Saint-Aubin-du-Cormier (35),,France,1,C,26735,22,OUI
5045495,268987bd-eb28-4cbb-b39a-602b8d33faef,2021-11-02T08:00:00+01:00,2021-11-02,08:00:00,-1.69,48.15,35278,35760,35,Saint-Grégoire (35),Rennes Metropole,France,2021-11-02T08:50:00+01:00,2021-11-02,08:50:00,-2.00,48.64,35288,35400,35,Saint-Malo (35),Saint-Malo Agglomeration,France,1,C,63135,46,OUI
5045030,3334e68e-53e6-4173-be9c-e0b9a7e799fb,2021-11-02T08:00:00+01:00,2021-11-02,08:00:00,-1.69,48.13,35238,35000,35,Rennes (35),Rennes Metropole,France,2021-11-02T08:50:00+01:00,2021-11-02,08:50:00,-1.98,48.62,35288,35400,35,Saint-Malo (35),Saint-Malo Agglomeration,France,1,B,62742,45,OUI
5044987,a6a99135-f880-4ab7-b00b-e008ba959153,2021-11-02T08:10:00+01:00,2021-11-02,08:10:00,-1.68,48.12,35238,35000,35,Rennes (35),Rennes Metropole,France,2021-11-02T08:30:00+01:00,2021-11-02,08:30:00,-1.80,48.28,35317,35630,35,Saint-Symphorien (35),,France,1,C,20734,17,OUI
5020891,8ced82f3-e673-49f9-8912-dd449b809e10,2021-11-02T08:10:00+01:00,2021-11-02,08:10:00,-1.65,48.12,35238,35000,35,Rennes (35),Rennes Metropole,France,2021-11-02T08:50:00+01:00,2021-11-02,08:50:00,-1.26,48.07,35338,35370,35,Torcé (35),Vitre Communaute,France,1,C,33234,40,OUI
5044899,42a19b6a-352c-4689-9ae3-d7ab94fd62a2,2021-11-02T08:20:00+01:00,2021-11-02,08:20:00,-1.79,48.09,35240,35650,35,Le Rheu (35),Rennes Metropole,France,2021-11-02T08:30:00+01:00,2021-11-02,08:30:00,-1.69,48.15,35278,35760,35,Saint-Grégoire (35),Rennes Metropole,France,1,C,12159,13,NON
5044991,01d5bf5a-91d3-47d4-bc34-6d44c1150344,2021-11-02T08:20:00+01:00,2021-11-02,08:20:00,-1.75,48.02,35047,35170,35,Bruz (35),Rennes Metropole,France,2021-11-02T08:30:00+01:00,2021-11-02,08:30:00,-1.74,48.04,35047,35170,35,Bruz (35),Rennes Metropole,France,1,C,2802,4,OUI
5020864,00c15e4c-3463-4280-a9e7-43a8a469eeb3,2021-11-02T08:20:00+01:00,2021-11-02,08:20:00,-1.65,48.04,35206,35230,35,Noyal-Châtillon-sur-Seiche (35),Rennes Metropole,France,2021-11-02T08:50:00+01:00,2021-11-02,08:50:00,-1.69,48.14,35278,35760,35,Saint-Grégoire (35),Rennes Metropole,France,1,C,19535,24,OUI
5045635,6e5bb013-0736-4d6e-85b5-d366837cd4d3,2021-11-02T08:20:00+01:00,2021-11-02,08:20:00,-1.70,48.01,35363,35131,35,Pont-Péan (35),Rennes Metropole,France,2021-11-02T09:30:00+01:00,2021-11-02,09:30:00,-1.62,47.22,44162,44800,44,Saint-Herblain (44),Nantes Metropole,France,1,C,95253,69,OUI
5045808,488bee22-85dd-41ca-9556-961dc0eff025,2021-11-02T08:30:00+01:00,2021-11-02,08:30:00,-1.57,48.16,35334,35235,35,Thorigné-Fouillard (35),Rennes Metropole,France,2021-11-02T08:50:00+01:00,2021-11-02,08:50:00,-1.69,48.15,35278,35760,35,Saint-Grégoire (35),Rennes Metropole,France,1,B,10691,12,OUI
5045782,93db2357-c0e3-4fd9-8055-452b16cf3f97,2021-11-02T08:40:00+01:00,2021-11-02,08:40:00,-1.70,48.12,35238,35000,35,Rennes (35),Rennes Metropole,France,2021-11-02T08:50:00+01:00,2021-11-02,08:50:00,-1.62,48.13,35051,35510,35,Cesson-Sévigné (35),Rennes Metropole,France,1,B,8568,11,NON
5021030,2295e889-d389-4a73-b84e-6d1f3fce8685,2021-11-02T08:40:00+01:00,2021-11-02,08:40:00,-1.65,48.10,35238,35000,35,Rennes (35),Rennes Metropole,France,2021-11-02T09:10:00+01:00,2021-11-02,09:10:00,-1.26,48.07,35338,35370,35,Torcé (35),Vitre Communaute,France,1,C,31671,36,OUI
5045843,b811755e-3288-4343-96e3-7fbc6029a5e4,2021-11-02T08:50:00+01:00,2021-11-02,08:50:00,-1.68,48.11,35238,35000,35,Rennes (35),Rennes Metropole,France,2021-11-02T09:40:00+01:00,2021-11-02,09:40:00,-2.06,47.67,35236,35600,35,Redon (35),Redon Agglomération,France,1,B,62493,52,OUI
5046195,4846d354-bfc8-41cc-a195-635e9f51fad6,2021-11-02T11:30:00+01:00,2021-11-02,11:30:00,-1.67,48.08,35238,35000,35,Rennes (35),Rennes Metropole,France,2021-11-02T12:40:00+01:00,2021-11-02,12:40:00,-2.51,48.46,22093,22400,22,Lamballe-Armor (22),Communaute D'Agglomeration Lamballe Terre-Mer,France,1,B,81934,61,OUI
5046197,4846d354-bfc8-41cc-a195-635e9f51fad6,2021-11-02T11:30:00+01:00,2021-11-02,11:30:00,-1.67,48.08,35238,35000,35,Rennes (35),Rennes Metropole,France,2021-11-02T12:30:00+01:00,2021-11-02,12:30:00,-2.53,48.46,22093,22400,22,Lamballe-Armor (22),Communaute D'Agglomeration Lamballe Terre-Mer,France,1,B,83506,61,OUI
5046205,4846d354-bfc8-41cc-a195-635e9f51fad6,2021-11-02T11:30:00+01:00,2021-11-02,11:30:00,-1.67,48.08,35238,35000,35,Rennes (35),Rennes Metropole,France,2021-11-02T12:30:00+01:00,2021-11-02,12:30:00,-2.53,48.46,22093,22400,22,Lamballe-Armor (22),Communaute D'Agglomeration Lamballe Terre-Mer,France,1,B,83506,61,OUI
5022701,8bb35aa2-38b5-4314-93e5-9a3edd64f7f5,2021-11-02T16:40:00+01:00,2021-11-02,16:40:00,-1.69,48.14,35278,35760,35,Saint-Grégoire (35),Rennes Metropole,France,2021-11-02T17:00:00+01:00,2021-11-02,17:00:00,-1.83,48.07,35196,35310,35,Mordelles (35),Rennes Metropole,France,1,C,16494,23,OUI
5047292,6c79fdb9-e63d-4cf4-8ba7-a104748e5db6,2021-11-02T16:50:00+01:00,2021-11-02,16:50:00,-1.62,48.13,35051,35510,35,Cesson-Sévigné (35),Rennes Metropole,France,2021-11-02T17:50:00+01:00,2021-11-02,17:50:00,-1.99,48.64,35288,35400,35,Saint-Malo (35),Saint-Malo Agglomeration,France,1,C,71226,54,OUI
5047442,8a8a7190-3735-445b-a8fe-2e25a9b652e6,2021-11-02T16:50:00+01:00,2021-11-02,16:50:00,-1.64,48.09,35238,35000,35,Rennes (35),Rennes Metropole,France,2021-11-02T17:40:00+01:00,2021-11-02,17:40:00,-1.16,47.74,49248,49420,49,Ombrée d'Anjou (49),,France,1,C,58675,48,OUI
5047060,8ad8fb40-ad69-49ce-b4ad-916fcd822411,2021-11-02T17:00:00+01:00,2021-11-02,17:00:00,-1.68,48.15,35278,35760,35,Saint-Grégoire (35),Rennes Metropole,France,2021-11-02T17:20:00+01:00,2021-11-02,17:20:00,-1.48,48.10,35039,35530,35,Brécé (35),Rennes Metropole,France,1,C,22069,20,OUI
5047147,090722a7-f65b-46c8-a18a-a1f24a038378,2021-11-02T17:00:00+01:00,2021-11-02,17:00:00,-1.73,48.05,35047,35170,35,Bruz (35),Rennes Metropole,France,2021-11-02T17:50:00+01:00,2021-11-02,17:50:00,-1.19,48.34,35115,35300,35,Fougères (35),Fougeres Agglomeration,France,1,C,61155,48,OUI
5047264,278113c6-5105-4843-a8cf-0360ef3f5a0f,2021-11-02T17:00:00+01:00,2021-11-02,17:00:00,-1.64,48.08,35238,35000,35,Rennes (35),Rennes Metropole,France,2021-11-02T17:20:00+01:00,2021-11-02,17:20:00,-1.41,48.10,35068,35220,35,Châteaubourg (35),Vitre Communaute,France,1,C,19367,17,OUI
5047367,090722a7-f65b-46c8-a18a-a1f24a038378,2021-11-02T17:00:00+01:00,2021-11-02,17:00:00,-1.73,48.05,35047,35170,35,Bruz (35),Rennes Metropole,France,2021-11-02T17:50:00+01:00,2021-11-02,17:50:00,-1.19,48.34,35115,35300,35,Fougères (35),Fougeres Agglomeration,France,1,B,61155,48,OUI
5047415,090722a7-f65b-46c8-a18a-a1f24a038378,2021-11-02T17:00:00+01:00,2021-11-02,17:00:00,-1.73,48.05,35047,35170,35,Bruz (35),Rennes Metropole,France,2021-11-02T17:50:00+01:00,2021-11-02,17:50:00,-1.19,48.34,35115,35300,35,Fougères (35),Fougeres Agglomeration,France,1,C,61155,48,OUI
5047421,efe1f9d3-d9f4-44ff-a8c5-4993c70b9dfa,2021-11-02T17:00:00+01:00,2021-11-02,17:00:00,-1.62,48.13,35051,35510,35,Cesson-Sévigné (35),Rennes Metropole,France,2021-11-02T17:20:00+01:00,2021-11-02,17:20:00,-1.60,48.23,35197,35250,35,Mouazé (35),,France,1,C,12484,11,OUI
5047172,f21d7e7d-3442-4016-9408-a7099d3620a1,2021-11-02T17:20:00+01:00,2021-11-02,17:20:00,-1.69,48.15,35278,35760,35,Saint-Grégoire (35),Rennes Metropole,France,2021-11-02T17:50:00+01:00,2021-11-02,17:50:00,-1.91,48.44,35308,35720,35,Mesnil-Roc’h (35),Communauté de communes Bretagne Romantique,France,1,B,38051,28,OUI
5047826,cbe6afec-7b6c-412b-bd01-a417630a056c,2021-11-02T17:30:00+01:00,2021-11-02,17:30:00,-1.62,48.08,35055,35135,35,Chantepie (35),Rennes Metropole,France,2021-11-02T17:50:00+01:00,2021-11-02,17:50:00,-1.49,48.03,35069,35410,35,Châteaugiron (35),,France,1,C,12549,12,NON
5047856,69696719-95e3-40d7-9721-7658821de78a,2021-11-02T17:30:00+01:00,2021-11-02,17:30:00,-1.62,48.13,35051,35510,35,Cesson-Sévigné (35),Rennes Metropole,France,2021-11-02T17:50:00+01:00,2021-11-02,17:50:00,-1.70,48.12,35238,35000,35,Rennes (35),Rennes Metropole,France,1,C,6484,11,NON
5048232,ae25b887-e5d9-405a-8ded-58b3726bf0ef,2021-11-02T17:30:00+01:00,2021-11-02,17:30:00,-1.60,48.11,35051,35510,35,Cesson-Sévigné (35),Rennes Metropole,France,2021-11-02T18:10:00+01:00,2021-11-02,18:10:00,-1.90,48.40,35226,35720,35,Pleugueneuc (35),Communauté de communes Bretagne Romantique,France,1,C,44199,37,OUI
5048051,69696719-95e3-40d7-9721-7658821de78a,2021-11-02T17:40:00+01:00,2021-11-02,17:40:00,-1.62,48.13,35051,35510,35,Cesson-Sévigné (35),Rennes Metropole,France,2021-11-02T17:50:00+01:00,2021-11-02,17:50:00,-1.70,48.12,35238,35000,35,Rennes (35),Rennes Metropole,France,1,B,6617,11,OUI
5048210,6d41c29b-c54a-4dd5-a8b6-645e8986f421,2021-11-02T17:50:00+01:00,2021-11-02,17:50:00,-1.70,48.11,35238,35000,35,Rennes (35),Rennes Metropole,France,2021-11-02T19:30:00+01:00,2021-11-02,19:30:00,-3.14,48.55,22225,22970,22,Ploumagoar (22),Communaute D'Agglomeration Guingamp Paimpol Agglomeration,France,1,C,128067,90,OUI
5023702,6cdc845b-0f09-44ff-b3fb-62f052327d05,2021-11-02T17:50:00+01:00,2021-11-02,17:50:00,-1.71,48.10,35238,35000,35,Rennes (35),Rennes Metropole,France,2021-11-02T18:40:00+01:00,2021-11-02,18:40:00,-1.25,48.03,35350,35680,35,Vergéal (35),Vitre Communaute,France,1,B,44904,49,OUI
5047964,f591225a-4e13-4a63-a518-46dbcad29edd,2021-11-02T18:00:00+01:00,2021-11-02,18:00:00,-1.63,48.09,35238,35000,35,Rennes (35),Rennes Metropole,France,2021-11-02T18:20:00+01:00,2021-11-02,18:20:00,-1.50,48.04,35069,35410,35,Châteaugiron (35),,France,1,C,11644,13,OUI
5047969,5040cbc7-dad0-46b1-ad75-6c24493669f5,2021-11-02T18:00:00+01:00,2021-11-02,18:00:00,-1.68,48.03,35206,35230,35,Noyal-Châtillon-sur-Seiche (35),Rennes Metropole,France,2021-11-02T18:20:00+01:00,2021-11-02,18:20:00,-1.66,47.93,35090,35320,35,Crevin (35),,France,1,B,13341,11,OUI
5047980,f70a12c8-f37d-4e6e-86c0-50f4309a78da,2021-11-02T18:00:00+01:00,2021-11-02,18:00:00,-1.69,48.15,35278,35760,35,Saint-Grégoire (35),Rennes Metropole,France,2021-11-02T18:40:00+01:00,2021-11-02,18:40:00,-1.92,48.56,35306,35430,35,Saint-Père (35),Saint-Malo Agglomeration,France,1,C,52330,38,OUI
5048052,1d46084a-66b7-45dd-a21b-12bb4adac8e0,2021-11-02T18:00:00+01:00,2021-11-02,18:00:00,-1.62,48.13,35051,35510,35,Cesson-Sévigné (35),Rennes Metropole,France,2021-11-02T18:10:00+01:00,2021-11-02,18:10:00,-1.66,48.09,35238,35000,35,Rennes (35),Rennes Metropole,France,1,B,9375,12,OUI
5048168,74bdf3f8-e3b1-408e-b22f-a909e2b3e29f,2021-11-02T18:00:00+01:00,2021-11-02,18:00:00,-1.71,48.10,35238,35000,35,Rennes (35),Rennes Metropole,France,2021-11-02T18:20:00+01:00,2021-11-02,18:20:00,-1.70,48.03,35066,35131,35,Chartres-de-Bretagne (35),Rennes Metropole,France,1,C,8829,11,OUI
5048227,f1739193-560e-4d0e-85d7-0d2431d1ecb6,2021-11-02T18:00:00+01:00,2021-11-02,18:00:00,-1.69,48.15,35278,35760,35,Saint-Grégoire (35),Rennes Metropole,France,2021-11-02T18:20:00+01:00,2021-11-02,18:20:00,-1.57,48.16,35334,35235,35,Thorigné-Fouillard (35),Rennes Metropole,France,1,B,10512,12,OUI
5023785,3d5f08cf-ec6a-4230-aa32-907064a6ccb0,2021-11-02T18:10:00+01:00,2021-11-02,18:10:00,-1.65,48.12,35238,35000,35,Rennes (35),Rennes Metropole,France,2021-11-02T19:00:00+01:00,2021-11-02,19:00:00,-1.26,48.07,35338,35370,35,Torcé (35),Vitre Communaute,France,1,B,33234,40,OUI
5023896,76a0ac05-84f4-47ae-90a1-82c2b1477190,2021-11-02T18:20:00+01:00,2021-11-02,18:20:00,-1.69,48.14,35278,35760,35,Saint-Grégoire (35),Rennes Metropole,France,2021-11-02T18:50:00+01:00,2021-11-02,18:50:00,-1.65,48.04,35206,35230,35,Noyal-Châtillon-sur-Seiche (35),Rennes Metropole,France,1,C,20449,27,OUI
5048527,80927e14-6a2f-4bd5-a314-f5e60b88001e,2021-11-02T18:30:00+01:00,2021-11-02,18:30:00,-1.61,48.10,35051,35510,35,Cesson-Sévigné (35),Rennes Metropole,France,2021-11-02T18:50:00+01:00,2021-11-02,18:50:00,-1.73,48.05,35047,35170,35,Bruz (35),Rennes Metropole,France,1,B,15211,14,OUI
5051774,4951eb46-1ebd-4418-a658-5511abbfcfeb,2021-11-03T06:10:00+01:00,2021-11-03,06:10:00,-1.67,48.08,35238,35000,35,Rennes (35),Rennes Metropole,France,2021-11-03T07:20:00+01:00,2021-11-03,07:20:00,-1.58,47.26,44114,44700,44,Orvault (44),Nantes Metropole,France,1,C,97476,68,OUI
5052300,0e20ebca-7c79-467a-a1df-47637e827a06,2021-11-03T06:50:00+01:00,2021-11-03,06:50:00,-1.69,47.97,35139,35890,35,Laillé (35),Rennes Metropole,France,2021-11-03T07:10:00+01:00,2021-11-03,07:10:00,-1.57,48.14,35334,35235,35,Thorigné-Fouillard (35),Rennes Metropole,France,1,B,24251,20,OUI
5052188,c3a846d8-54d1-4257-89a3-41668a0c9e86,2021-11-03T07:00:00+01:00,2021-11-03,07:00:00,-1.69,48.13,35278,35760,35,Saint-Grégoire (35),Rennes Metropole,France,2021-11-03T07:30:00+01:00,2021-11-03,07:30:00,-1.41,48.25,35253,35140,35,Saint-Aubin-du-Cormier (35),,France,1,B,27841,20,OUI
5052311,09d83e9e-f46a-4098-a9f4-5905192190a2,2021-11-03T07:00:00+01:00,2021-11-03,07:00:00,-1.84,48.07,35196,35310,35,Mordelles (35),Rennes Metropole,France,2021-11-03T07:40:00+01:00,2021-11-03,07:40:00,-2.38,47.91,56165,56800,56,Ploërmel (56),,France,1,B,50109,35,OUI
5052468,9fb5ad19-cf64-4733-9039-66533c8792ba,2021-11-03T07:00:00+01:00,2021-11-03,07:00:00,-1.70,48.12,35238,35000,35,Rennes (35),Rennes Metropole,France,2021-11-03T08:00:00+01:00,2021-11-03,08:00:00,-2.53,48.46,22093,22400,22,Lamballe-Armor (22),Communaute D'Agglomeration Lamballe Terre-Mer,France,1,C,77936,56,OUI
5052199,b60caee3-f055-4c41-8b19-12135d21785b,2021-11-03T07:00:00+01:00,2021-11-03,07:00:00,-1.73,48.05,35047,35170,35,Bruz (35),Rennes Metropole,France,2021-11-03T08:00:00+01:00,2021-11-03,08:00:00,-0.78,48.07,53130,53000,53,Laval (53),Communaute D'Agglomeration De Laval,France,1,C,79542,59,OUI
5052246,22fee58d-fcde-4b5e-b768-8cb90301e414,2021-11-03T07:00:00+01:00,2021-11-03,07:00:00,-1.67,48.08,35238,35000,35,Rennes (35),Rennes Metropole,France,2021-11-03T08:10:00+01:00,2021-11-03,08:10:00,-1.58,47.26,44114,44700,44,Orvault (44),Nantes Metropole,France,1,C,97476,68,OUI
5052019,22fee58d-fcde-4b5e-b768-8cb90301e414,2021-11-03T07:00:00+01:00,2021-11-03,07:00:00,-1.67,48.08,35238,35000,35,Rennes (35),Rennes Metropole,France,2021-11-03T08:10:00+01:00,2021-11-03,08:10:00,-1.58,47.26,44114,44700,44,Orvault (44),Nantes Metropole,France,1,C,97476,68,OUI
5052026,b60caee3-f055-4c41-8b19-12135d21785b,2021-11-03T07:00:00+01:00,2021-11-03,07:00:00,-1.67,48.08,35238,35000,35,Rennes (35),Rennes Metropole,France,2021-11-03T07:50:00+01:00,2021-11-03,07:50:00,-0.78,48.07,53130,53000,53,Laval (53),Communaute D'Agglomeration De Laval,France,1,B,73202,53,OUI
5052038,e1294260-a449-4705-9f76-b88461d02ff5,2021-11-03T07:20:00+01:00,2021-11-03,07:20:00,-1.64,48.08,35238,35000,35,Rennes (35),Rennes Metropole,France,2021-11-03T07:30:00+01:00,2021-11-03,07:30:00,-1.51,48.04,35099,35410,35,Domloup (35),,France,1,C,12881,13,OUI
5052658,39dd1dd3-1000-4211-adbb-96d05e5048ae,2021-11-03T07:30:00+01:00,2021-11-03,07:30:00,-1.76,48.02,35047,35170,35,Bruz (35),Rennes Metropole,France,2021-11-03T07:50:00+01:00,2021-11-03,07:50:00,-1.68,48.10,35238,35000,35,Rennes (35),Rennes Metropole,France,1,B,11943,14,OUI
5052769,5d3c49f6-8536-4217-b9a7-de5ee0f0ec86,2021-11-03T07:30:00+01:00,2021-11-03,07:30:00,-1.73,48.05,35047,35170,35,Bruz (35),Rennes Metropole,France,2021-11-03T07:40:00+01:00,2021-11-03,07:40:00,-1.61,48.10,35051,35510,35,Cesson-Sévigné (35),Rennes Metropole,France,1,C,14600,14,OUI
5052776,a567e707-0bba-400b-8ea4-7288d9f011c2,2021-11-03T07:30:00+01:00,2021-11-03,07:30:00,-1.84,48.07,35196,35310,35,Mordelles (35),Rennes Metropole,France,2021-11-03T07:50:00+01:00,2021-11-03,07:50:00,-1.69,48.12,35238,35000,35,Rennes (35),Rennes Metropole,France,1,C,16350,18,OUI
5053057,527b712a-23cb-418f-bff3-d7a505049383,2021-11-03T07:30:00+01:00,2021-11-03,07:30:00,-1.48,48.10,35039,35530,35,Brécé (35),Rennes Metropole,France,2021-11-03T07:50:00+01:00,2021-11-03,07:50:00,-1.69,48.15,35278,35760,35,Saint-Grégoire (35),Rennes Metropole,France,1,C,20720,18,OUI
5053156,89c986f4-844f-4338-b1e7-02cc93f49054,2021-11-03T07:30:00+01:00,2021-11-03,07:30:00,-1.63,48.09,35238,35000,35,Rennes (35),Rennes Metropole,France,2021-11-03T08:20:00+01:00,2021-11-03,08:20:00,-0.83,48.06,53201,53940,53,Saint-Berthevin (53),Communaute D'Agglomeration De Laval,France,1,B,62279,48,OUI
5026134,984c1c5a-23ee-48f2-97a6-f6c603a9c3f0,2021-11-03T07:30:00+01:00,2021-11-03,07:30:00,-1.19,47.97,35200,35130,35,Moutiers (35),Vitre Communaute,France,2021-11-03T07:50:00+01:00,2021-11-03,07:50:00,-1.17,48.10,35360,35500,35,Vitré (35),Vitre Communaute,France,1,B,18435,24,OUI
5052499,26a540cc-1218-4e0f-acad-2e435fcb7ede,2021-11-03T07:50:00+01:00,2021-11-03,07:50:00,-1.74,48.01,35047,35170,35,Bruz (35),Rennes Metropole,France,2021-11-03T08:20:00+01:00,2021-11-03,08:20:00,-1.62,48.13,35051,35510,35,Cesson-Sévigné (35),Rennes Metropole,France,1,B,19857,21,OUI
5052556,7cc7039b-509f-4754-b488-b02b0da2f52a,2021-11-03T07:50:00+01:00,2021-11-03,07:50:00,-1.70,48.01,35363,35131,35,Pont-Péan (35),Rennes Metropole,France,2021-11-03T08:00:00+01:00,2021-11-03,08:00:00,-1.67,48.08,35238,35000,35,Rennes (35),Rennes Metropole,France,1,C,9071,9,OUI
5052770,f8822e6a-aee9-48f6-8b77-f0468508bd72,2021-11-03T07:50:00+01:00,2021-11-03,07:50:00,-1.65,48.13,35238,35000,35,Rennes (35),Rennes Metropole,France,2021-11-03T08:50:00+01:00,2021-11-03,08:50:00,-2.06,48.61,35093,35800,35,Dinard (35),,France,1,B,72714,55,OUI
5053131,966ef89c-612d-4a4a-aea6-f1cc28a31932,2021-11-03T07:50:00+01:00,2021-11-03,07:50:00,-1.69,48.13,35278,35760,35,Saint-Grégoire (35),Rennes Metropole,France,2021-11-03T08:40:00+01:00,2021-11-03,08:40:00,-1.98,48.62,35288,35400,35,Saint-Malo (35),Saint-Malo Agglomeration,France,1,C,62637,45,OUI
5052878,1c0f3dd7-31f4-4df1-aaed-44b65c3d916f,2021-11-03T07:50:00+01:00,2021-11-03,07:50:00,-1.61,48.10,35051,35510,35,Cesson-Sévigné (35),Rennes Metropole,France,2021-11-03T08:40:00+01:00,2021-11-03,08:40:00,-0.83,48.06,53201,53940,53,Saint-Berthevin (53),Communaute D'Agglomeration De Laval,France,1,B,61187,47,OUI
5053228,a4611684-918e-4a17-9f10-f3f69559f5b1,2021-11-03T07:50:00+01:00,2021-11-03,07:50:00,-1.64,48.10,35238,35000,35,Rennes (35),Rennes Metropole,France,2021-11-03T08:40:00+01:00,2021-11-03,08:40:00,-0.83,48.06,53201,53940,53,Saint-Berthevin (53),Communaute D'Agglomeration De Laval,France,1,B,63769,51,OUI
5026550,32c1a2d8-97e3-4730-af48-cdee54b34a95,2021-11-03T07:50:00+01:00,2021-11-03,07:50:00,-1.61,48.11,35051,35510,35,Cesson-Sévigné (35),Rennes Metropole,France,2021-11-03T08:50:00+01:00,2021-11-03,08:50:00,-0.85,48.07,53201,53940,53,Saint-Berthevin (53),Communaute D'Agglomeration De Laval,France,1,C,61492,61,OUI
5026566,32c1a2d8-97e3-4730-af48-cdee54b34a95,2021-11-03T07:50:00+01:00,2021-11-03,07:50:00,-1.60,48.10,35051,35510,35,Cesson-Sévigné (35),Rennes Metropole,France,2021-11-03T08:50:00+01:00,2021-11-03,08:50:00,-0.85,48.07,53201,53940,53,Saint-Berthevin (53),Communaute D'Agglomeration De Laval,France,1,C,59426,60,OUI
5053211,1c0f3dd7-31f4-4df1-aaed-44b65c3d916f,2021-11-03T07:50:00+01:00,2021-11-03,07:50:00,-1.61,48.10,35051,35510,35,Cesson-Sévigné (35),Rennes Metropole,France,2021-11-03T08:40:00+01:00,2021-11-03,08:40:00,-0.83,48.06,53201,53940,53,Saint-Berthevin (53),Communaute D'Agglomeration De Laval,France,1,C,61187,47,OUI
5053194,a4611684-918e-4a17-9f10-f3f69559f5b1,2021-11-03T07:50:00+01:00,2021-11-03,07:50:00,-1.62,48.10,35051,35510,35,Cesson-Sévigné (35),Rennes Metropole,France,2021-11-03T08:40:00+01:00,2021-11-03,08:40:00,-0.83,48.06,53201,53940,53,Saint-Berthevin (53),Communaute D'Agglomeration De Laval,France,1,C,61707,48,OUI
5053204,ca7efd14-2906-48df-8e9a-3516aa5d1f7e,2021-11-03T08:00:00+01:00,2021-11-03,08:00:00,-1.57,48.14,35334,35235,35,Thorigné-Fouillard (35),Rennes Metropole,France,2021-11-03T08:40:00+01:00,2021-11-03,08:40:00,-1.17,48.33,35137,35133,35,Javené (35),Fougeres Agglomeration,France,1,A,44401,31,OUI
5053330,63648242-8ac7-4a0b-ac6b-43c96dd86665,2021-11-03T08:00:00+01:00,2021-11-03,08:00:00,-1.65,48.09,35238,35000,35,Rennes (35),Rennes Metropole,France,2021-11-03T08:20:00+01:00,2021-11-03,08:20:00,-1.73,48.03,35047,35170,35,Bruz (35),Rennes Metropole,France,1,B,10947,13,OUI
5052635,75db4e44-ee54-4f33-9ad6-4c7d2ab2cd2f,2021-11-03T08:10:00+01:00,2021-11-03,08:10:00,-1.68,48.12,35238,35000,35,Rennes (35),Rennes Metropole,France,2021-11-03T08:30:00+01:00,2021-11-03,08:30:00,-1.80,48.28,35317,35630,35,Saint-Symphorien (35),,France,1,C,20734,17,OUI
5053210,09da5f44-9378-4a88-b3e2-1b1626825b9c,2021-11-03T08:20:00+01:00,2021-11-03,08:20:00,-1.79,48.09,35240,35650,35,Le Rheu (35),Rennes Metropole,France,2021-11-03T08:30:00+01:00,2021-11-03,08:30:00,-1.69,48.15,35278,35760,35,Saint-Grégoire (35),Rennes Metropole,France,1,B,12159,13,NON
5053265,bfdcf4b2-c3fa-497f-abb0-661d3c02d14f,2021-11-03T08:20:00+01:00,2021-11-03,08:20:00,-1.62,48.08,35055,35135,35,Chantepie (35),Rennes Metropole,France,2021-11-03T08:40:00+01:00,2021-11-03,08:40:00,-1.41,48.25,35253,35140,35,Saint-Aubin-du-Cormier (35),,France,1,C,30699,22,OUI
5026526,54f07fac-f1d0-4c7e-b7c9-503710e3ca36,2021-11-03T08:20:00+01:00,2021-11-03,08:20:00,-1.65,48.04,35206,35230,35,Noyal-Châtillon-sur-Seiche (35),Rennes Metropole,France,2021-11-03T08:40:00+01:00,2021-11-03,08:40:00,-1.69,48.14,35278,35760,35,Saint-Grégoire (35),Rennes Metropole,France,1,C,19535,24,OUI
5026572,40e0e9c5-d487-48b4-97c2-1dc1940d6358,2021-11-03T08:20:00+01:00,2021-11-03,08:20:00,-1.63,48.09,35238,35000,35,Rennes (35),Rennes Metropole,France,2021-11-03T08:50:00+01:00,2021-11-03,08:50:00,-1.26,48.07,35338,35370,35,Torcé (35),Vitre Communaute,France,1,C,30183,31,OUI
5026618,9864f742-ba2d-420a-838b-0ed9d746610a,2021-11-03T08:20:00+01:00,2021-11-03,08:20:00,-1.65,48.12,35238,35000,35,Rennes (35),Rennes Metropole,France,2021-11-03T09:00:00+01:00,2021-11-03,09:00:00,-1.26,48.07,35338,35370,35,Torcé (35),Vitre Communaute,France,1,C,33234,40,OUI
5053519,581d4de5-f845-4157-9e2a-5170f2262fb3,2021-11-03T08:40:00+01:00,2021-11-03,08:40:00,-1.70,48.12,35238,35000,35,Rennes (35),Rennes Metropole,France,2021-11-03T08:50:00+01:00,2021-11-03,08:50:00,-1.62,48.13,35051,35510,35,Cesson-Sévigné (35),Rennes Metropole,France,1,B,8568,11,NON
5026704,d4d566f8-4a6e-4418-b9dc-1dc52c35de7a,2021-11-03T09:10:00+01:00,2021-11-03,09:10:00,-1.76,48.14,35210,35740,35,Pacé (35),Rennes Metropole,France,2021-11-03T09:10:00+01:00,2021-11-03,09:10:00,-1.62,48.13,35051,35510,35,Cesson-Sévigné (35),Rennes Metropole,France,1,B,12655,0,NON
5053838,7ff9c5e1-4786-4ba4-8b6d-0d7e8c39fa05,2021-11-03T11:30:00+01:00,2021-11-03,11:30:00,-1.67,48.08,35238,35000,35,Rennes (35),Rennes Metropole,France,2021-11-03T12:30:00+01:00,2021-11-03,12:30:00,-2.53,48.46,22093,22400,22,Lamballe-Armor (22),Communaute D'Agglomeration Lamballe Terre-Mer,France,1,B,83506,61,OUI
5053846,7ff9c5e1-4786-4ba4-8b6d-0d7e8c39fa05,2021-11-03T11:30:00+01:00,2021-11-03,11:30:00,-1.67,48.08,35238,35000,35,Rennes (35),Rennes Metropole,France,2021-11-03T12:40:00+01:00,2021-11-03,12:40:00,-2.53,48.46,22093,22400,22,Lamballe-Armor (22),Communaute D'Agglomeration Lamballe Terre-Mer,France,1,B,83506,61,OUI
5053847,7ff9c5e1-4786-4ba4-8b6d-0d7e8c39fa05,2021-11-03T11:30:00+01:00,2021-11-03,11:30:00,-1.67,48.08,35238,35000,35,Rennes (35),Rennes Metropole,France,2021-11-03T12:30:00+01:00,2021-11-03,12:30:00,-2.51,48.46,22093,22400,22,Lamballe-Armor (22),Communaute D'Agglomeration Lamballe Terre-Mer,France,1,C,81176,59,OUI
5053856,8d30832e-82ab-4eb4-b944-d38fa639875f,2021-11-03T12:20:00+01:00,2021-11-03,12:20:00,-1.67,48.08,35238,35000,35,Rennes (35),Rennes Metropole,France,2021-11-03T13:10:00+01:00,2021-11-03,13:10:00,-2.36,47.91,56165,56800,56,Ploërmel (56),,France,1,C,65100,49,OUI
5053963,8566f25f-53a9-46bb-81a3-d839ee9058f5,2021-11-03T12:40:00+01:00,2021-11-03,12:40:00,-1.58,48.16,35334,35235,35,Thorigné-Fouillard (35),Rennes Metropole,France,2021-11-03T12:50:00+01:00,2021-11-03,12:50:00,-1.51,48.21,35152,35340,35,Liffré (35),,France,1,B,8174,8,NON
5027512,7d6e2c9e-9a22-4021-8795-b4e1bdf8d2b3,2021-11-03T15:30:00+01:00,2021-11-03,15:30:00,-1.76,48.14,35210,35740,35,Pacé (35),Rennes Metropole,France,2021-11-03T15:30:00+01:00,2021-11-03,15:30:00,-1.69,48.15,35278,35760,35,Saint-Grégoire (35),Rennes Metropole,France,1,B,5814,0,NON
5027590,3b6aef0c-a8c0-4e6f-95d0-cdec0ff738cc,2021-11-03T15:30:00+01:00,2021-11-03,15:30:00,-1.62,48.13,35051,35510,35,Cesson-Sévigné (35),Rennes Metropole,France,2021-11-03T16:20:00+01:00,2021-11-03,16:20:00,-1.21,48.10,35360,35500,35,Vitré (35),Vitre Communaute,France,1,C,37702,46,OUI
5054663,1c8d8b50-ac45-4272-94a9-a2cb0d95a06e,2021-11-03T17:00:00+01:00,2021-11-03,17:00:00,-1.63,48.09,35238,35000,35,Rennes (35),Rennes Metropole,France,2021-11-03T17:20:00+01:00,2021-11-03,17:20:00,-1.41,48.10,35068,35220,35,Châteaubourg (35),Vitre Communaute,France,1,C,18138,15,OUI
5054994,3f68a46c-541e-4b29-9dc7-fd55a24ac4aa,2021-11-03T17:00:00+01:00,2021-11-03,17:00:00,-1.73,48.05,35047,35170,35,Bruz (35),Rennes Metropole,France,2021-11-03T17:50:00+01:00,2021-11-03,17:50:00,-1.19,48.34,35115,35300,35,Fougères (35),Fougeres Agglomeration,France,1,B,61155,48,OUI
5055018,3f68a46c-541e-4b29-9dc7-fd55a24ac4aa,2021-11-03T17:00:00+01:00,2021-11-03,17:00:00,-1.73,48.05,35047,35170,35,Bruz (35),Rennes Metropole,France,2021-11-03T17:50:00+01:00,2021-11-03,17:50:00,-1.19,48.34,35115,35300,35,Fougères (35),Fougeres Agglomeration,France,1,C,61155,48,OUI
5055081,3f68a46c-541e-4b29-9dc7-fd55a24ac4aa,2021-11-03T17:00:00+01:00,2021-11-03,17:00:00,-1.74,48.04,35047,35170,35,Bruz (35),Rennes Metropole,France,2021-11-03T18:00:00+01:00,2021-11-03,18:00:00,-1.19,48.35,35115,35300,35,Fougères (35),Fougeres Agglomeration,France,1,B,62358,50,OUI
5055061,aef6de0b-49fd-4a33-b193-3312e0ca917e,2021-11-03T17:10:00+01:00,2021-11-03,17:10:00,-1.69,48.15,35278,35760,35,Saint-Grégoire (35),Rennes Metropole,France,2021-11-03T17:40:00+01:00,2021-11-03,17:40:00,-1.91,48.44,35308,35720,35,Mesnil-Roc’h (35),Communauté de communes Bretagne Romantique,France,1,B,38051,28,OUI
5055390,95c1405b-dcee-4f9f-8dfb-3e1f6e07ac99,2021-11-03T17:30:00+01:00,2021-11-03,17:30:00,-1.62,48.13,35051,35510,35,Cesson-Sévigné (35),Rennes Metropole,France,2021-11-03T17:50:00+01:00,2021-11-03,17:50:00,-1.73,48.02,35047,35170,35,Bruz (35),Rennes Metropole,France,1,B,21529,20,OUI
5055772,15fdf403-7edc-4ac9-9d66-2311882c75ec,2021-11-03T17:30:00+01:00,2021-11-03,17:30:00,-1.62,48.13,35051,35510,35,Cesson-Sévigné (35),Rennes Metropole,France,2021-11-03T17:50:00+01:00,2021-11-03,17:50:00,-1.66,48.09,35238,35000,35,Rennes (35),Rennes Metropole,France,1,B,9375,12,OUI
5055598,f7a6231f-46be-4efc-8f74-5d98d803048d,2021-11-03T17:40:00+01:00,2021-11-03,17:40:00,-1.71,48.11,35238,35000,35,Rennes (35),Rennes Metropole,France,2021-11-03T18:20:00+01:00,2021-11-03,18:20:00,-1.03,48.07,53108,53410,53,La Gravelle (53),Communaute D'Agglomeration De Laval,France,1,B,57063,43,OUI
5055555,e3f297d5-1ac9-44d5-b19c-c72d138a6d91,2021-11-03T17:50:00+01:00,2021-11-03,17:50:00,-1.70,48.11,35238,35000,35,Rennes (35),Rennes Metropole,France,2021-11-03T19:30:00+01:00,2021-11-03,19:30:00,-3.14,48.55,22225,22970,22,Ploumagoar (22),Communaute D'Agglomeration Guingamp Paimpol Agglomeration,France,1,B,128067,90,OUI
5055778,2c7d825b-7037-476f-85c9-8a0de0aac02f,2021-11-03T17:50:00+01:00,2021-11-03,17:50:00,-1.67,48.10,35238,35000,35,Rennes (35),Rennes Metropole,France,2021-11-03T19:10:00+01:00,2021-11-03,19:10:00,-1.49,47.29,44026,44470,44,Carquefou (44),Nantes Metropole,France,1,B,107921,80,OUI
5055269,dcbdb64d-76ea-4cc7-9b6b-89f52d6016b3,2021-11-03T18:00:00+01:00,2021-11-03,18:00:00,-1.69,48.15,35278,35760,35,Saint-Grégoire (35),Rennes Metropole,France,2021-11-03T18:30:00+01:00,2021-11-03,18:30:00,-1.87,48.37,35265,35190,35,Saint-Domineuc (35),Communauté de communes Bretagne Romantique,France,1,C,28677,21,OUI
5055392,d5614a34-13b1-4743-a3ae-9036075d1446,2021-11-03T18:00:00+01:00,2021-11-03,18:00:00,-1.63,48.09,35238,35000,35,Rennes (35),Rennes Metropole,France,2021-11-03T18:20:00+01:00,2021-11-03,18:20:00,-1.49,48.21,35152,35340,35,Liffré (35),,France,1,C,22093,17,NON
5055657,16cf04fc-10c8-4d71-be07-310f876fe8bb,2021-11-03T18:00:00+01:00,2021-11-03,18:00:00,-1.68,48.03,35206,35230,35,Noyal-Châtillon-sur-Seiche (35),Rennes Metropole,France,2021-11-03T18:20:00+01:00,2021-11-03,18:20:00,-1.66,47.93,35090,35320,35,Crevin (35),,France,1,C,13341,11,OUI
5028166,0fb37228-7a7c-40ed-8dcf-14c2aed02269,2021-11-03T18:10:00+01:00,2021-11-03,18:10:00,-1.69,48.15,35278,35760,35,Saint-Grégoire (35),Rennes Metropole,France,2021-11-03T18:10:00+01:00,2021-11-03,18:10:00,-1.76,48.14,35210,35740,35,Pacé (35),Rennes Metropole,France,1,B,5572,0,NON
5028530,706fc68d-f86f-499f-b93b-29f255f5f520,2021-11-03T18:20:00+01:00,2021-11-03,18:20:00,-1.69,48.14,35278,35760,35,Saint-Grégoire (35),Rennes Metropole,France,2021-11-03T18:50:00+01:00,2021-11-03,18:50:00,-1.65,48.04,35206,35230,35,Noyal-Châtillon-sur-Seiche (35),Rennes Metropole,France,1,C,20449,27,OUI
5056164,67b278d3-dd1c-47b9-8204-8105a3c79c9e,2021-11-03T18:30:00+01:00,2021-11-03,18:30:00,-1.62,48.13,35051,35510,35,Cesson-Sévigné (35),Rennes Metropole,France,2021-11-03T19:20:00+01:00,2021-11-03,19:20:00,-1.98,48.62,35288,35400,35,Saint-Malo (35),Saint-Malo Agglomeration,France,1,B,67649,50,OUI
5028324,b627aa4c-37a1-42ca-957f-a60edaec073d,2021-11-03T18:30:00+01:00,2021-11-03,18:30:00,-1.62,48.13,35051,35510,35,Cesson-Sévigné (35),Rennes Metropole,France,2021-11-03T18:30:00+01:00,2021-11-03,18:30:00,-1.76,48.14,35210,35740,35,Pacé (35),Rennes Metropole,France,1,B,12850,0,NON
5056453,24ab9321-1d4b-40e8-85e6-ee761f192453,2021-11-03T20:10:00+01:00,2021-11-03,20:10:00,-1.70,48.10,35238,35000,35,Rennes (35),Rennes Metropole,France,2021-11-03T20:20:00+01:00,2021-11-03,20:20:00,-1.76,48.02,35047,35170,35,Bruz (35),Rennes Metropole,France,1,B,12756,13,OUI
5058306,822777a6-5a7f-4eb2-a6ad-0c50698f0c17,2021-11-04T06:10:00+01:00,2021-11-04,06:10:00,-1.67,48.08,35238,35000,35,Rennes (35),Rennes Metropole,France,2021-11-04T07:20:00+01:00,2021-11-04,07:20:00,-1.58,47.26,44114,44700,44,Orvault (44),Nantes Metropole,France,1,C,97476,68,OUI
5058253,822777a6-5a7f-4eb2-a6ad-0c50698f0c17,2021-11-04T06:10:00+01:00,2021-11-04,06:10:00,-1.67,48.08,35238,35000,35,Rennes (35),Rennes Metropole,France,2021-11-04T07:20:00+01:00,2021-11-04,07:20:00,-1.58,47.26,44114,44700,44,Orvault (44),Nantes Metropole,France,1,C,97476,68,OUI
5058241,822777a6-5a7f-4eb2-a6ad-0c50698f0c17,2021-11-04T06:10:00+01:00,2021-11-04,06:10:00,-1.67,48.08,35238,35000,35,Rennes (35),Rennes Metropole,France,2021-11-04T07:20:00+01:00,2021-11-04,07:20:00,-1.58,47.26,44114,44700,44,Orvault (44),Nantes Metropole,France,1,C,97476,68,OUI
5058911,623192ed-aebc-4190-9d85-5b579abc1b0a,2021-11-04T07:00:00+01:00,2021-11-04,07:00:00,-1.70,48.12,35238,35000,35,Rennes (35),Rennes Metropole,France,2021-11-04T08:00:00+01:00,2021-11-04,08:00:00,-2.53,48.46,22093,22400,22,Lamballe-Armor (22),Communaute D'Agglomeration Lamballe Terre-Mer,France,1,C,77936,56,OUI
5058987,649988e4-2ce8-406f-bb1f-38e177f0059f,2021-11-04T07:00:00+01:00,2021-11-04,07:00:00,-1.69,48.13,35278,35760,35,Saint-Grégoire (35),Rennes Metropole,France,2021-11-04T07:30:00+01:00,2021-11-04,07:30:00,-1.41,48.25,35253,35140,35,Saint-Aubin-du-Cormier (35),,France,1,C,27841,20,OUI
5058662,bfd771c0-3fe0-402f-ba5f-853f5f37db74,2021-11-04T07:00:00+01:00,2021-11-04,07:00:00,-1.73,48.05,35047,35170,35,Bruz (35),Rennes Metropole,France,2021-11-04T08:00:00+01:00,2021-11-04,08:00:00,-0.78,48.07,53130,53000,53,Laval (53),Communaute D'Agglomeration De Laval,France,1,C,79542,59,OUI
5058805,5a68dd8d-1f42-48e3-a7e1-c0ca8b8903b3,2021-11-04T07:10:00+01:00,2021-11-04,07:10:00,-1.72,48.10,35238,35000,35,Rennes (35),Rennes Metropole,France,2021-11-04T08:10:00+01:00,2021-11-04,08:10:00,-0.80,48.06,53201,53940,53,Saint-Berthevin (53),Communaute D'Agglomeration De Laval,France,1,B,77948,56,OUI
5058704,7d7cdf98-e7d5-49be-a525-edc3c9995a9a,2021-11-04T07:20:00+01:00,2021-11-04,07:20:00,-1.63,48.09,35238,35000,35,Rennes (35),Rennes Metropole,France,2021-11-04T07:50:00+01:00,2021-11-04,07:50:00,-1.20,48.11,35360,35500,35,Vitré (35),Vitre Communaute,France,1,B,35389,29,OUI
5058727,b8620300-37eb-4f11-8489-00625519c1c8,2021-11-04T07:20:00+01:00,2021-11-04,07:20:00,-1.48,48.10,35039,35530,35,Brécé (35),Rennes Metropole,France,2021-11-04T07:40:00+01:00,2021-11-04,07:40:00,-1.69,48.15,35278,35760,35,Saint-Grégoire (35),Rennes Metropole,France,1,C,21160,19,OUI
5058741,51e14877-cef7-4d33-897a-a7e747e75de6,2021-11-04T07:20:00+01:00,2021-11-04,07:20:00,-1.67,48.11,35238,35000,35,Rennes (35),Rennes Metropole,France,2021-11-04T08:20:00+01:00,2021-11-04,08:20:00,-2.39,47.93,56165,56800,56,Ploërmel (56),,France,1,B,67786,53,OUI
5062300,69b17734-11c7-4102-a2cb-d206223b4636,2021-11-04T07:20:00+01:00,2021-11-04,07:20:00,-1.84,48.07,35196,35310,35,Mordelles (35),Rennes Metropole,France,2021-11-04T07:40:00+01:00,2021-11-04,07:40:00,-1.73,48.10,35353,35132,35,Vezin-le-Coquet (35),Rennes Metropole,France,1,A,10762,11,OUI
5059762,ac00009b-e8b8-4571-a5f2-bfcf3433e128,2021-11-04T07:30:00+01:00,2021-11-04,07:30:00,-1.67,48.09,35238,35000,35,Rennes (35),Rennes Metropole,France,2021-11-04T08:20:00+01:00,2021-11-04,08:20:00,-2.04,48.45,22050,22100,22,Dinan (22),Communaute D'Agglomeration Dinan Agglomeration,France,1,B,59948,50,OUI
5059949,542614d8-67b7-4114-914b-03e1c5c298c3,2021-11-04T07:30:00+01:00,2021-11-04,07:30:00,-1.76,48.02,35047,35170,35,Bruz (35),Rennes Metropole,France,2021-11-04T07:50:00+01:00,2021-11-04,07:50:00,-1.68,48.10,35238,35000,35,Rennes (35),Rennes Metropole,France,1,B,11943,14,OUI
5060218,e08b9bf6-3faa-41b8-8daf-16646c1ca745,2021-11-04T07:30:00+01:00,2021-11-04,07:30:00,-1.70,48.03,35066,35131,35,Chartres-de-Bretagne (35),Rennes Metropole,France,2021-11-04T07:50:00+01:00,2021-11-04,07:50:00,-1.71,48.10,35238,35000,35,Rennes (35),Rennes Metropole,France,1,C,9248,10,OUI
5059817,cbc87268-fac5-4478-85d4-cc957ae57792,2021-11-04T07:30:00+01:00,2021-11-04,07:30:00,-1.70,48.01,35363,35131,35,Pont-Péan (35),Rennes Metropole,France,2021-11-04T08:40:00+01:00,2021-11-04,08:40:00,-1.62,47.22,44162,44800,44,Saint-Herblain (44),Nantes Metropole,France,1,C,95253,69,OUI
5059975,ac00009b-e8b8-4571-a5f2-bfcf3433e128,2021-11-04T07:40:00+01:00,2021-11-04,07:40:00,-1.68,48.09,35238,35000,35,Rennes (35),Rennes Metropole,France,2021-11-04T08:20:00+01:00,2021-11-04,08:20:00,-2.04,48.45,22050,22100,22,Dinan (22),Communaute D'Agglomeration Dinan Agglomeration,France,1,B,55022,47,OUI
5060128,51f2fb11-7cd9-4304-8789-c15aaa2a6f74,2021-11-04T07:40:00+01:00,2021-11-04,07:40:00,-1.84,48.07,35196,35310,35,Mordelles (35),Rennes Metropole,France,2021-11-04T08:10:00+01:00,2021-11-04,08:10:00,-2.38,47.91,56165,56800,56,Ploërmel (56),,France,1,C,50109,35,OUI
5032464,9f3a8fbd-6364-47cb-903b-130c37f273e7,2021-11-04T07:40:00+01:00,2021-11-04,07:40:00,-1.61,48.11,35051,35510,35,Cesson-Sévigné (35),Rennes Metropole,France,2021-11-04T08:40:00+01:00,2021-11-04,08:40:00,-0.85,48.07,53201,53940,53,Saint-Berthevin (53),Communaute D'Agglomeration De Laval,France,1,C,61492,61,OUI
5060044,96ce970b-8194-483a-8d73-eff011c43b2a,2021-11-04T07:40:00+01:00,2021-11-04,07:40:00,-1.61,48.10,35051,35510,35,Cesson-Sévigné (35),Rennes Metropole,France,2021-11-04T08:30:00+01:00,2021-11-04,08:30:00,-0.83,48.06,53201,53940,53,Saint-Berthevin (53),Communaute D'Agglomeration De Laval,France,1,B,61187,47,OUI
5059709,165cc2e9-340f-4abd-a8fa-9bfd83a61bac,2021-11-04T07:50:00+01:00,2021-11-04,07:50:00,-1.73,48.02,35047,35170,35,Bruz (35),Rennes Metropole,France,2021-11-04T08:10:00+01:00,2021-11-04,08:10:00,-1.70,48.12,35238,35000,35,Rennes (35),Rennes Metropole,France,1,B,15037,15,OUI
5059954,9979f59d-3558-49bf-9f24-c90fd332e3f1,2021-11-04T07:50:00+01:00,2021-11-04,07:50:00,-1.69,48.13,35278,35760,35,Saint-Grégoire (35),Rennes Metropole,France,2021-11-04T08:40:00+01:00,2021-11-04,08:40:00,-1.98,48.62,35288,35400,35,Saint-Malo (35),Saint-Malo Agglomeration,France,1,C,62637,45,OUI
5060040,a5520d1d-2952-4b76-bb96-55e511d9c93a,2021-11-04T07:50:00+01:00,2021-11-04,07:50:00,-1.69,48.13,35278,35760,35,Saint-Grégoire (35),Rennes Metropole,France,2021-11-04T08:40:00+01:00,2021-11-04,08:40:00,-2.06,48.61,35093,35800,35,Dinard (35),,France,1,B,69690,52,OUI
5060246,f917a737-1c90-404b-bddb-df4ede3a4760,2021-11-04T07:50:00+01:00,2021-11-04,07:50:00,-1.70,48.01,35363,35131,35,Pont-Péan (35),Rennes Metropole,France,2021-11-04T08:00:00+01:00,2021-11-04,08:00:00,-1.67,48.08,35238,35000,35,Rennes (35),Rennes Metropole,France,1,C,9071,9,NON
5060364,276ccd37-f206-4b39-86ec-ff6b56b544a0,2021-11-04T07:50:00+01:00,2021-11-04,07:50:00,-1.74,48.01,35047,35170,35,Bruz (35),Rennes Metropole,France,2021-11-04T08:20:00+01:00,2021-11-04,08:20:00,-1.62,48.13,35051,35510,35,Cesson-Sévigné (35),Rennes Metropole,France,1,C,19857,21,OUI
5032440,b65dcb45-9fff-4147-b5ba-f2c16ea48505,2021-11-04T07:50:00+01:00,2021-11-04,07:50:00,-1.79,48.15,35210,35740,35,Pacé (35),Rennes Metropole,France,2021-11-04T08:40:00+01:00,2021-11-04,08:40:00,-1.26,48.07,35338,35370,35,Torcé (35),Vitre Communaute,France,1,C,46105,46,NON
5032574,9f3a8fbd-6364-47cb-903b-130c37f273e7,2021-11-04T07:50:00+01:00,2021-11-04,07:50:00,-1.61,48.11,35051,35510,35,Cesson-Sévigné (35),Rennes Metropole,France,2021-11-04T08:50:00+01:00,2021-11-04,08:50:00,-0.85,48.07,53201,53940,53,Saint-Berthevin (53),Communaute D'Agglomeration De Laval,France,1,B,59698,61,OUI
5060102,500b6c10-aa5e-48a5-afeb-6120580068f0,2021-11-04T07:50:00+01:00,2021-11-04,07:50:00,-1.62,48.10,35051,35510,35,Cesson-Sévigné (35),Rennes Metropole,France,2021-11-04T08:40:00+01:00,2021-11-04,08:40:00,-0.83,48.06,53201,53940,53,Saint-Berthevin (53),Communaute D'Agglomeration De Laval,France,1,B,61707,48,OUI
5060210,c973e38e-bec4-4e9c-9749-19d197fccda6,2021-11-04T08:00:00+01:00,2021-11-04,08:00:00,-1.69,48.13,35238,35000,35,Rennes (35),Rennes Metropole,France,2021-11-04T08:50:00+01:00,2021-11-04,08:50:00,-1.98,48.62,35288,35400,35,Saint-Malo (35),Saint-Malo Agglomeration,France,1,B,62816,45,OUI
5060464,aa605076-2357-4daf-9b6c-4959e20a9f35,2021-11-04T08:00:00+01:00,2021-11-04,08:00:00,-1.66,48.10,35238,35000,35,Rennes (35),Rennes Metropole,France,2021-11-04T09:00:00+01:00,2021-11-04,09:00:00,-2.06,48.61,35093,35800,35,Dinard (35),,France,1,B,74424,59,OUI
5059906,ef14e12c-92df-4ef7-8e5f-fbf4dc6a43bb,2021-11-04T08:10:00+01:00,2021-11-04,08:10:00,-1.57,48.14,35334,35235,35,Thorigné-Fouillard (35),Rennes Metropole,France,2021-11-04T08:40:00+01:00,2021-11-04,08:40:00,-1.17,48.33,35137,35133,35,Javené (35),Fougeres Agglomeration,France,1,B,44401,31,OUI
5032554,d5074ded-6d4e-492e-a8e0-8b714f84cef7,2021-11-04T08:10:00+01:00,2021-11-04,08:10:00,-1.61,48.11,35051,35510,35,Cesson-Sévigné (35),Rennes Metropole,France,2021-11-04T08:50:00+01:00,2021-11-04,08:50:00,-1.21,48.11,35360,35500,35,Vitré (35),Vitre Communaute,France,1,C,33044,36,OUI
5032626,fcee007f-3728-474c-afd2-91d5c73605a4,2021-11-04T08:10:00+01:00,2021-11-04,08:10:00,-1.71,48.12,35238,35000,35,Rennes (35),Rennes Metropole,France,2021-11-04T09:00:00+01:00,2021-11-04,09:00:00,-1.19,48.06,35109,35370,35,Étrelles (35),Vitre Communaute,France,1,C,45580,46,OUI
5060161,9254ee92-f2e3-42c4-8fee-ff85b661254d,2021-11-04T08:20:00+01:00,2021-11-04,08:20:00,-1.62,48.08,35055,35135,35,Chantepie (35),Rennes Metropole,France,2021-11-04T08:40:00+01:00,2021-11-04,08:40:00,-1.41,48.25,35253,35140,35,Saint-Aubin-du-Cormier (35),,France,1,C,30699,22,OUI
5060252,4d8061ed-9c7e-44ee-bef2-06316d5e9aba,2021-11-04T08:20:00+01:00,2021-11-04,08:20:00,-1.79,48.09,35240,35650,35,Le Rheu (35),Rennes Metropole,France,2021-11-04T08:30:00+01:00,2021-11-04,08:30:00,-1.69,48.15,35278,35760,35,Saint-Grégoire (35),Rennes Metropole,France,1,C,12159,13,NON
5032615,53e353ae-9b46-4d32-a8e5-e529a5519345,2021-11-04T08:20:00+01:00,2021-11-04,08:20:00,-1.64,48.11,35238,35000,35,Rennes (35),Rennes Metropole,France,2021-11-04T08:50:00+01:00,2021-11-04,08:50:00,-1.26,48.07,35338,35370,35,Torcé (35),Vitre Communaute,France,1,B,31253,35,OUI
5061078,d90ad94b-a309-4b58-b515-534778df8315,2021-11-04T08:30:00+01:00,2021-11-04,08:30:00,-1.66,48.11,35238,35000,35,Rennes (35),Rennes Metropole,France,2021-11-04T08:40:00+01:00,2021-11-04,08:40:00,-1.62,48.09,35238,35000,35,Rennes (35),Rennes Metropole,France,1,B,4195,7,NON
5061167,20449881-3468-4efe-9394-6595ab539ed6,2021-11-04T08:30:00+01:00,2021-11-04,08:30:00,-1.57,48.16,35334,35235,35,Thorigné-Fouillard (35),Rennes Metropole,France,2021-11-04T08:50:00+01:00,2021-11-04,08:50:00,-1.69,48.15,35278,35760,35,Saint-Grégoire (35),Rennes Metropole,France,1,B,10691,12,OUI
5032625,7062d3fa-ef2c-42ae-ad06-0de171fcdd33,2021-11-04T08:30:00+01:00,2021-11-04,08:30:00,-1.83,48.07,35196,35310,35,Mordelles (35),Rennes Metropole,France,2021-11-04T08:50:00+01:00,2021-11-04,08:50:00,-1.69,48.14,35278,35760,35,Saint-Grégoire (35),Rennes Metropole,France,1,C,16420,23,OUI
5061600,1b9a3044-981c-43f6-8168-f7a121fcc4ba,2021-11-04T11:30:00+01:00,2021-11-04,11:30:00,-1.67,48.08,35238,35000,35,Rennes (35),Rennes Metropole,France,2021-11-04T12:40:00+01:00,2021-11-04,12:40:00,-2.53,48.46,22093,22400,22,Lamballe-Armor (22),Communaute D'Agglomeration Lamballe Terre-Mer,France,1,B,83506,61,OUI
5061610,1b9a3044-981c-43f6-8168-f7a121fcc4ba,2021-11-04T11:30:00+01:00,2021-11-04,11:30:00,-1.67,48.08,35238,35000,35,Rennes (35),Rennes Metropole,France,2021-11-04T12:30:00+01:00,2021-11-04,12:30:00,-2.53,48.46,22093,22400,22,Lamballe-Armor (22),Communaute D'Agglomeration Lamballe Terre-Mer,France,1,B,83506,61,OUI
5061617,1b9a3044-981c-43f6-8168-f7a121fcc4ba,2021-11-04T11:30:00+01:00,2021-11-04,11:30:00,-1.67,48.08,35238,35000,35,Rennes (35),Rennes Metropole,France,2021-11-04T12:30:00+01:00,2021-11-04,12:30:00,-2.51,48.46,22093,22400,22,Lamballe-Armor (22),Communaute D'Agglomeration Lamballe Terre-Mer,France,1,B,81176,59,OUI
5042886,977fac56-8093-4ae4-8608-335ba85b189b,2021-11-04T11:50:00+01:00,2021-11-04,11:50:00,-1.65,48.13,35238,35000,35,Rennes (35),Rennes Metropole,France,2021-11-04T12:10:00+01:00,2021-11-04,12:10:00,-1.60,48.08,35055,35135,35,Chantepie (35),Rennes Metropole,France,1,C,8136,21,NON
5062302,578a2339-203e-4707-8841-4258630c9e2b,2021-11-04T15:40:00+01:00,2021-11-04,15:40:00,-1.74,48.04,35047,35170,35,Bruz (35),Rennes Metropole,France,2021-11-04T15:50:00+01:00,2021-11-04,15:50:00,-1.68,48.10,35238,35000,35,Rennes (35),Rennes Metropole,France,1,C,8645,12,OUI
5062618,685e0273-bff3-49f7-902b-f1434ec60127,2021-11-04T16:30:00+01:00,2021-11-04,16:30:00,-1.62,48.13,35051,35510,35,Cesson-Sévigné (35),Rennes Metropole,France,2021-11-04T16:50:00+01:00,2021-11-04,16:50:00,-1.66,48.09,35238,35000,35,Rennes (35),Rennes Metropole,France,1,B,9375,12,OUI
5063050,983ff290-0c3c-4361-b288-b1489ce8a1c4,2021-11-04T16:30:00+01:00,2021-11-04,16:30:00,-1.69,48.15,35278,35760,35,Saint-Grégoire (35),Rennes Metropole,France,2021-11-04T17:00:00+01:00,2021-11-04,17:00:00,-1.91,48.44,35308,35720,35,Mesnil-Roc’h (35),Communauté de communes Bretagne Romantique,France,1,B,38051,28,OUI
5063026,0b6c8237-b36e-4524-83f1-ce6fb87e0c55,2021-11-04T16:30:00+01:00,2021-11-04,16:30:00,-1.64,48.08,35238,35000,35,Rennes (35),Rennes Metropole,France,2021-11-04T17:30:00+01:00,2021-11-04,17:30:00,-0.82,48.06,53201,53940,53,Saint-Berthevin (53),Communaute D'Agglomeration De Laval,France,1,B,65072,52,OUI
5062599,910dc31b-96ae-4a5f-bdac-9641faff654e,2021-11-04T17:00:00+01:00,2021-11-04,17:00:00,-1.63,48.09,35238,35000,35,Rennes (35),Rennes Metropole,France,2021-11-04T17:20:00+01:00,2021-11-04,17:20:00,-1.41,48.10,35068,35220,35,Châteaubourg (35),Vitre Communaute,France,1,C,18138,15,OUI
5062734,0165ea18-5182-43cf-940c-60c2d2814f34,2021-11-04T17:00:00+01:00,2021-11-04,17:00:00,-1.73,48.05,35047,35170,35,Bruz (35),Rennes Metropole,France,2021-11-04T17:50:00+01:00,2021-11-04,17:50:00,-1.19,48.35,35115,35300,35,Fougères (35),Fougeres Agglomeration,France,1,B,61063,48,OUI
5063805,820a5b87-5c5b-432b-a4d9-4774f2aff563,2021-11-04T17:30:00+01:00,2021-11-04,17:30:00,-1.67,48.08,35238,35000,35,Rennes (35),Rennes Metropole,France,2021-11-04T18:20:00+01:00,2021-11-04,18:20:00,-1.19,48.35,35115,35300,35,Fougères (35),Fougeres Agglomeration,France,1,C,57088,44,OUI
5063827,820a5b87-5c5b-432b-a4d9-4774f2aff563,2021-11-04T17:30:00+01:00,2021-11-04,17:30:00,-1.68,48.08,35238,35000,35,Rennes (35),Rennes Metropole,France,2021-11-04T18:10:00+01:00,2021-11-04,18:10:00,-1.20,48.35,35115,35300,35,Fougères (35),Fougeres Agglomeration,France,1,C,54716,42,OUI
5063989,628ab8be-64c7-4da0-b950-3f80b234abf3,2021-11-04T17:40:00+01:00,2021-11-04,17:40:00,-1.68,48.13,35278,35760,35,Saint-Grégoire (35),Rennes Metropole,France,2021-11-04T18:00:00+01:00,2021-11-04,18:00:00,-1.48,48.10,35039,35530,35,Brécé (35),Rennes Metropole,France,1,B,20304,18,OUI
5033830,7f4add72-09ab-438d-901b-5c191d56ba29,2021-11-04T17:40:00+01:00,2021-11-04,17:40:00,-1.69,48.15,35278,35760,35,Saint-Grégoire (35),Rennes Metropole,France,2021-11-04T17:40:00+01:00,2021-11-04,17:40:00,-1.79,48.09,35240,35650,35,Le Rheu (35),Rennes Metropole,France,1,B,11773,0,NON
5063696,16fa656b-0bcb-4161-a5a3-b129d13b2ada,2021-11-04T18:00:00+01:00,2021-11-04,18:00:00,-1.69,48.15,35278,35760,35,Saint-Grégoire (35),Rennes Metropole,France,2021-11-04T18:30:00+01:00,2021-11-04,18:30:00,-1.87,48.37,35265,35190,35,Saint-Domineuc (35),Communauté de communes Bretagne Romantique,France,1,C,28677,21,OUI
5063890,803848dc-7fd1-48cf-862b-690961cd6960,2021-11-04T18:00:00+01:00,2021-11-04,18:00:00,-1.62,48.09,35238,35000,35,Rennes (35),Rennes Metropole,France,2021-11-04T18:10:00+01:00,2021-11-04,18:10:00,-1.65,48.11,35238,35000,35,Rennes (35),Rennes Metropole,France,1,C,3068,5,NON
5064043,149d8646-5faa-480e-9f55-1fe63ca8d580,2021-11-04T18:00:00+01:00,2021-11-04,18:00:00,-1.62,48.13,35051,35510,35,Cesson-Sévigné (35),Rennes Metropole,France,2021-11-04T18:30:00+01:00,2021-11-04,18:30:00,-1.74,48.01,35047,35170,35,Bruz (35),Rennes Metropole,France,1,C,22443,21,OUI
5064154,0635e94e-0872-4853-9335-a10aca64a437,2021-11-04T18:00:00+01:00,2021-11-04,18:00:00,-1.71,48.10,35238,35000,35,Rennes (35),Rennes Metropole,France,2021-11-04T18:20:00+01:00,2021-11-04,18:20:00,-1.70,48.03,35066,35131,35,Chartres-de-Bretagne (35),Rennes Metropole,France,1,C,8848,11,NON
5064185,361608a9-938f-4f3c-b5b3-fb59bd1230c8,2021-11-04T18:00:00+01:00,2021-11-04,18:00:00,-1.68,48.03,35206,35230,35,Noyal-Châtillon-sur-Seiche (35),Rennes Metropole,France,2021-11-04T18:20:00+01:00,2021-11-04,18:20:00,-1.66,47.93,35090,35320,35,Crevin (35),,France,1,C,13341,11,OUI
5064188,619171d8-fb58-4e50-b2cc-d95f45cf1f51,2021-11-04T18:20:00+01:00,2021-11-04,18:20:00,-1.69,48.15,35278,35760,35,Saint-Grégoire (35),Rennes Metropole,France,2021-11-04T18:40:00+01:00,2021-11-04,18:40:00,-1.57,48.16,35334,35235,35,Thorigné-Fouillard (35),Rennes Metropole,France,1,B,10512,12,OUI
5064729,5079f5a0-b57e-4c26-8cf8-dfc4abd40b82,2021-11-04T18:30:00+01:00,2021-11-04,18:30:00,-1.62,48.13,35051,35510,35,Cesson-Sévigné (35),Rennes Metropole,France,2021-11-04T19:20:00+01:00,2021-11-04,19:20:00,-1.98,48.62,35288,35400,35,Saint-Malo (35),Saint-Malo Agglomeration,France,1,C,67649,50,OUI
5034239,a9868b1b-4318-48b4-b614-30c60f9e5b7f,2021-11-04T18:40:00+01:00,2021-11-04,18:40:00,-1.69,48.15,35278,35760,35,Saint-Grégoire (35),Rennes Metropole,France,2021-11-04T18:40:00+01:00,2021-11-04,18:40:00,-1.76,48.14,35210,35740,35,Pacé (35),Rennes Metropole,France,1,B,5572,0,NON
5034420,c6b4b1a2-0459-40cf-8c20-9f839cb7d5b5,2021-11-04T18:40:00+01:00,2021-11-04,18:40:00,-1.69,48.14,35278,35760,35,Saint-Grégoire (35),Rennes Metropole,France,2021-11-04T19:00:00+01:00,2021-11-04,19:00:00,-1.83,48.07,35196,35310,35,Mordelles (35),Rennes Metropole,France,1,C,16494,23,OUI
5035156,700cb9de-28b7-45e2-811c-8a08190d825e,2021-11-04T23:20:00+01:00,2021-11-04,23:20:00,-1.71,48.10,35238,35000,35,Rennes (35),Rennes Metropole,France,2021-11-05T00:00:00+01:00,2021-11-05,00:00:00,-1.27,48.07,35338,35370,35,Torcé (35),Vitre Communaute,France,1,C,38519,39,OUI
5066846,3f9fcb50-f3c0-4aad-9971-a1493a5fd958,2021-11-05T06:10:00+01:00,2021-11-05,06:10:00,-1.67,48.08,35238,35000,35,Rennes (35),Rennes Metropole,France,2021-11-05T07:20:00+01:00,2021-11-05,07:20:00,-1.58,47.26,44114,44700,44,Orvault (44),Nantes Metropole,France,1,C,97476,68,OUI
5067201,d238cdef-af3c-4c84-8467-e2f4b29b634a,2021-11-05T06:50:00+01:00,2021-11-05,06:50:00,-1.67,48.08,35238,35000,35,Rennes (35),Rennes Metropole,France,2021-11-05T08:00:00+01:00,2021-11-05,08:00:00,-1.58,47.26,44114,44700,44,Orvault (44),Nantes Metropole,France,1,B,97464,68,OUI
5067061,d36cefed-9bcc-482d-8971-9a679d8497a5,2021-11-05T07:00:00+01:00,2021-11-05,07:00:00,-1.84,48.07,35196,35310,35,Mordelles (35),Rennes Metropole,France,2021-11-05T07:40:00+01:00,2021-11-05,07:40:00,-2.38,47.91,56165,56800,56,Ploërmel (56),,France,1,B,50109,35,OUI
5067140,0f26a582-849c-4d9a-b192-38533f217c9d,2021-11-05T07:00:00+01:00,2021-11-05,07:00:00,-1.69,48.13,35278,35760,35,Saint-Grégoire (35),Rennes Metropole,France,2021-11-05T07:30:00+01:00,2021-11-05,07:30:00,-1.41,48.25,35253,35140,35,Saint-Aubin-du-Cormier (35),,France,1,C,27841,20,OUI
5067251,3f3f0ea7-efbd-48e9-a149-d2613bfad72a,2021-11-05T07:20:00+01:00,2021-11-05,07:20:00,-1.84,48.07,35196,35310,35,Mordelles (35),Rennes Metropole,France,2021-11-05T07:40:00+01:00,2021-11-05,07:40:00,-1.73,48.10,35353,35132,35,Vezin-le-Coquet (35),Rennes Metropole,France,1,B,10762,11,NON
5067507,327392dc-21bb-4cb2-acb5-3535c8c2dd30,2021-11-05T07:20:00+01:00,2021-11-05,07:20:00,-1.68,48.10,35238,35000,35,Rennes (35),Rennes Metropole,France,2021-11-05T08:10:00+01:00,2021-11-05,08:10:00,-2.06,47.67,35236,35600,35,Redon (35),Redon Agglomération,France,1,B,60802,49,OUI
5038246,da2d0ae4-d53f-43c1-bd2a-2c7d6372274c,2021-11-05T07:30:00+01:00,2021-11-05,07:30:00,-1.83,48.07,35196,35310,35,Mordelles (35),Rennes Metropole,France,2021-11-05T08:00:00+01:00,2021-11-05,08:00:00,-1.69,48.14,35278,35760,35,Saint-Grégoire (35),Rennes Metropole,France,1,C,16420,23,OUI
5068179,729ab78e-835b-4360-a8c1-9ff19a7b4f58,2021-11-05T07:30:00+01:00,2021-11-05,07:30:00,-1.84,48.07,35196,35310,35,Mordelles (35),Rennes Metropole,France,2021-11-05T07:50:00+01:00,2021-11-05,07:50:00,-1.69,48.12,35238,35000,35,Rennes (35),Rennes Metropole,France,1,B,16350,18,OUI
5068645,ffcddeb0-aee4-4444-9f5a-eab6c62c33dd,2021-11-05T07:30:00+01:00,2021-11-05,07:30:00,-1.76,48.02,35047,35170,35,Bruz (35),Rennes Metropole,France,2021-11-05T07:50:00+01:00,2021-11-05,07:50:00,-1.68,48.10,35238,35000,35,Rennes (35),Rennes Metropole,France,1,B,11943,14,OUI
5068651,ecafde5c-ff5d-455b-93c8-9e825528df18,2021-11-05T07:30:00+01:00,2021-11-05,07:30:00,-1.70,48.01,35363,35131,35,Pont-Péan (35),Rennes Metropole,France,2021-11-05T08:40:00+01:00,2021-11-05,08:40:00,-1.62,47.22,44162,44800,44,Saint-Herblain (44),Nantes Metropole,France,1,C,95253,69,OUI
5068104,2d0e58c4-50ba-42c6-8c02-2cd45272dfbc,2021-11-05T07:40:00+01:00,2021-11-05,07:40:00,-1.67,48.08,35238,35000,35,Rennes (35),Rennes Metropole,France,2021-11-05T08:40:00+01:00,2021-11-05,08:40:00,-0.79,48.07,53130,53000,53,Laval (53),Communaute D'Agglomeration De Laval,France,1,B,72922,53,OUI
5038609,41c08ca5-23de-47db-8e6a-53fd5802ed81,2021-11-05T07:40:00+01:00,2021-11-05,07:40:00,-1.62,48.14,35051,35510,35,Cesson-Sévigné (35),Rennes Metropole,France,2021-11-05T08:50:00+01:00,2021-11-05,08:50:00,-0.85,48.07,53201,53940,53,Saint-Berthevin (53),Communaute D'Agglomeration De Laval,France,1,C,63020,61,OUI
5038624,41c08ca5-23de-47db-8e6a-53fd5802ed81,2021-11-05T07:50:00+01:00,2021-11-05,07:50:00,-1.62,48.14,35051,35510,35,Cesson-Sévigné (35),Rennes Metropole,France,2021-11-05T08:50:00+01:00,2021-11-05,08:50:00,-0.85,48.07,53201,53940,53,Saint-Berthevin (53),Communaute D'Agglomeration De Laval,France,1,C,63040,61,OUI
5038637,ddf4d850-3cd7-40e5-a13f-47a423363a8b,2021-11-05T07:50:00+01:00,2021-11-05,07:50:00,-1.61,48.11,35051,35510,35,Cesson-Sévigné (35),Rennes Metropole,France,2021-11-05T08:50:00+01:00,2021-11-05,08:50:00,-0.85,48.07,53201,53940,53,Saint-Berthevin (53),Communaute D'Agglomeration De Laval,France,1,C,61528,61,OUI
5038644,ddf4d850-3cd7-40e5-a13f-47a423363a8b,2021-11-05T07:50:00+01:00,2021-11-05,07:50:00,-1.61,48.11,35051,35510,35,Cesson-Sévigné (35),Rennes Metropole,France,2021-11-05T08:50:00+01:00,2021-11-05,08:50:00,-0.85,48.07,53201,53940,53,Saint-Berthevin (53),Communaute D'Agglomeration De Laval,France,1,C,61465,61,OUI
5038766,282aab1c-69e0-4126-bcc1-64249eb89155,2021-11-05T07:50:00+01:00,2021-11-05,07:50:00,-1.66,48.11,35238,35000,35,Rennes (35),Rennes Metropole,France,2021-11-05T09:10:00+01:00,2021-11-05,09:10:00,-0.75,48.05,53130,53000,53,Laval (53),Communaute D'Agglomeration De Laval,France,1,C,75367,84,OUI
5068182,1475de58-0799-4a1d-af2d-03079138ffc6,2021-11-05T07:50:00+01:00,2021-11-05,07:50:00,-1.76,48.14,35210,35740,35,Pacé (35),Rennes Metropole,France,2021-11-05T08:50:00+01:00,2021-11-05,08:50:00,-2.00,48.64,35288,35400,35,Saint-Malo (35),Saint-Malo Agglomeration,France,1,B,67751,51,OUI
5068218,1475de58-0799-4a1d-af2d-03079138ffc6,2021-11-05T07:50:00+01:00,2021-11-05,07:50:00,-1.76,48.14,35210,35740,35,Pacé (35),Rennes Metropole,France,2021-11-05T08:50:00+01:00,2021-11-05,08:50:00,-2.00,48.64,35288,35400,35,Saint-Malo (35),Saint-Malo Agglomeration,France,1,B,67751,51,OUI
5068323,5ab63475-8448-42b0-bd4b-7d7d809f620f,2021-11-05T07:50:00+01:00,2021-11-05,07:50:00,-1.48,48.10,35039,35530,35,Brécé (35),Rennes Metropole,France,2021-11-05T08:10:00+01:00,2021-11-05,08:10:00,-1.69,48.15,35278,35760,35,Saint-Grégoire (35),Rennes Metropole,France,1,C,20720,18,OUI
5068472,80bce59a-c42e-4bc6-a291-03bdbefcf098,2021-11-05T07:50:00+01:00,2021-11-05,07:50:00,-1.73,48.02,35047,35170,35,Bruz (35),Rennes Metropole,France,2021-11-05T08:10:00+01:00,2021-11-05,08:10:00,-1.70,48.12,35238,35000,35,Rennes (35),Rennes Metropole,France,1,B,15037,15,OUI
5068474,b66ab242-09fb-4202-9bec-68690e26ece9,2021-11-05T07:50:00+01:00,2021-11-05,07:50:00,-1.69,48.09,35281,35136,35,Saint-Jacques-de-la-Lande (35),Rennes Metropole,France,2021-11-05T08:00:00+01:00,2021-11-05,08:00:00,-1.74,48.04,35047,35170,35,Bruz (35),Rennes Metropole,France,1,A,8104,9,OUI
5068503,2644884d-f953-4b7b-a620-a02d91379fc1,2021-11-05T07:50:00+01:00,2021-11-05,07:50:00,-1.69,48.13,35278,35760,35,Saint-Grégoire (35),Rennes Metropole,France,2021-11-05T08:40:00+01:00,2021-11-05,08:40:00,-2.06,48.61,35093,35800,35,Dinard (35),,France,1,B,69690,52,OUI
5068600,4bae4bfd-db31-4a28-9c0a-890e0855b2a1,2021-11-05T07:50:00+01:00,2021-11-05,07:50:00,-1.66,48.11,35238,35000,35,Rennes (35),Rennes Metropole,France,2021-11-05T08:30:00+01:00,2021-11-05,08:30:00,-1.19,48.34,35115,35300,35,Fougères (35),Fougeres Agglomeration,France,1,B,49357,41,OUI
5068498,03157926-c894-497a-a5ff-81d1993b953f,2021-11-05T07:50:00+01:00,2021-11-05,07:50:00,-1.61,48.10,35051,35510,35,Cesson-Sévigné (35),Rennes Metropole,France,2021-11-05T08:40:00+01:00,2021-11-05,08:40:00,-0.83,48.06,53201,53940,53,Saint-Berthevin (53),Communaute D'Agglomeration De Laval,France,1,C,61187,47,OUI
5068643,03157926-c894-497a-a5ff-81d1993b953f,2021-11-05T07:50:00+01:00,2021-11-05,07:50:00,-1.61,48.10,35051,35510,35,Cesson-Sévigné (35),Rennes Metropole,France,2021-11-05T08:40:00+01:00,2021-11-05,08:40:00,-0.83,48.06,53201,53940,53,Saint-Berthevin (53),Communaute D'Agglomeration De Laval,France,1,C,61187,47,OUI
5068580,2d0e58c4-50ba-42c6-8c02-2cd45272dfbc,2021-11-05T07:50:00+01:00,2021-11-05,07:50:00,-1.64,48.08,35238,35000,35,Rennes (35),Rennes Metropole,France,2021-11-05T08:40:00+01:00,2021-11-05,08:40:00,-0.79,48.07,53130,53000,53,Laval (53),Communaute D'Agglomeration De Laval,France,1,C,70803,51,OUI
5068042,c326fc6d-7761-4707-8780-30b04a8c6243,2021-11-05T08:00:00+01:00,2021-11-05,08:00:00,-1.57,48.14,35334,35235,35,Thorigné-Fouillard (35),Rennes Metropole,France,2021-11-05T08:20:00+01:00,2021-11-05,08:20:00,-1.69,48.13,35238,35000,35,Rennes (35),Rennes Metropole,France,1,C,12245,12,OUI
5068093,40eae258-2204-41e4-b371-4da6b1464be4,2021-11-05T08:00:00+01:00,2021-11-05,08:00:00,-1.69,48.13,35238,35000,35,Rennes (35),Rennes Metropole,France,2021-11-05T08:50:00+01:00,2021-11-05,08:50:00,-1.98,48.62,35288,35400,35,Saint-Malo (35),Saint-Malo Agglomeration,France,1,B,62742,45,OUI
5068543,5fea8dc5-e332-4c94-9f79-c927961893b7,2021-11-05T08:00:00+01:00,2021-11-05,08:00:00,-1.65,48.09,35238,35000,35,Rennes (35),Rennes Metropole,France,2021-11-05T08:20:00+01:00,2021-11-05,08:20:00,-1.73,48.03,35047,35170,35,Bruz (35),Rennes Metropole,France,1,B,10947,13,OUI
5068592,583ed654-f841-431a-8e6e-30593bae6d2c,2021-11-05T08:00:00+01:00,2021-11-05,08:00:00,-1.70,48.01,35363,35131,35,Pont-Péan (35),Rennes Metropole,France,2021-11-05T08:10:00+01:00,2021-11-05,08:10:00,-1.67,48.08,35238,35000,35,Rennes (35),Rennes Metropole,France,1,C,9700,9,NON
5068626,e8f9dc33-79ab-4e36-a0d8-e733346dc891,2021-11-05T08:00:00+01:00,2021-11-05,08:00:00,-1.69,48.13,35238,35000,35,Rennes (35),Rennes Metropole,France,2021-11-05T08:50:00+01:00,2021-11-05,08:50:00,-1.98,48.62,35288,35400,35,Saint-Malo (35),Saint-Malo Agglomeration,France,1,B,62816,45,OUI
5038392,24594f6a-631d-486b-bdff-1e559c69ed65,2021-11-05T08:30:00+01:00,2021-11-05,08:30:00,-1.76,48.14,35210,35740,35,Pacé (35),Rennes Metropole,France,2021-11-05T08:30:00+01:00,2021-11-05,08:30:00,-1.69,48.15,35278,35760,35,Saint-Grégoire (35),Rennes Metropole,France,1,B,5814,0,NON
5038850,14b10963-f454-42ae-81ef-a6bc3457a107,2021-11-05T08:30:00+01:00,2021-11-05,08:30:00,-1.65,48.09,35238,35000,35,Rennes (35),Rennes Metropole,France,2021-11-05T09:10:00+01:00,2021-11-05,09:10:00,-1.26,48.07,35338,35370,35,Torcé (35),Vitre Communaute,France,1,C,31713,37,OUI
5038779,3ee9717f-df6c-4297-9bad-eba0e1df7a05,2021-11-05T08:40:00+01:00,2021-11-05,08:40:00,-1.61,48.11,35051,35510,35,Cesson-Sévigné (35),Rennes Metropole,France,2021-11-05T09:10:00+01:00,2021-11-05,09:10:00,-1.21,48.11,35360,35500,35,Vitré (35),Vitre Communaute,France,1,C,33044,36,OUI
5069736,6734b26e-cfd1-452f-b22f-343733af9ed3,2021-11-05T11:00:00+01:00,2021-11-05,11:00:00,-1.70,48.12,35238,35000,35,Rennes (35),Rennes Metropole,France,2021-11-05T11:50:00+01:00,2021-11-05,11:50:00,-2.38,47.91,56165,56800,56,Ploërmel (56),,France,1,C,63837,48,OUI
5069820,ee103fa9-b4ac-4bce-b7ea-836073d6aa8d,2021-11-05T11:30:00+01:00,2021-11-05,11:30:00,-1.67,48.08,35238,35000,35,Rennes (35),Rennes Metropole,France,2021-11-05T12:30:00+01:00,2021-11-05,12:30:00,-2.53,48.46,22093,22400,22,Lamballe-Armor (22),Communaute D'Agglomeration Lamballe Terre-Mer,France,1,B,83506,61,OUI
5069824,ee103fa9-b4ac-4bce-b7ea-836073d6aa8d,2021-11-05T11:30:00+01:00,2021-11-05,11:30:00,-1.67,48.08,35238,35000,35,Rennes (35),Rennes Metropole,France,2021-11-05T12:40:00+01:00,2021-11-05,12:40:00,-2.53,48.46,22093,22400,22,Lamballe-Armor (22),Communaute D'Agglomeration Lamballe Terre-Mer,France,1,B,83506,61,OUI
5069822,ee103fa9-b4ac-4bce-b7ea-836073d6aa8d,2021-11-05T11:30:00+01:00,2021-11-05,11:30:00,-1.67,48.08,35238,35000,35,Rennes (35),Rennes Metropole,France,2021-11-05T12:30:00+01:00,2021-11-05,12:30:00,-2.51,48.46,22093,22400,22,Lamballe-Armor (22),Communaute D'Agglomeration Lamballe Terre-Mer,France,1,B,81922,60,OUI
5070539,91dddcef-3d73-453b-ae95-1887423a516e,2021-11-05T16:00:00+01:00,2021-11-05,16:00:00,-1.68,48.03,35206,35230,35,Noyal-Châtillon-sur-Seiche (35),Rennes Metropole,France,2021-11-05T16:20:00+01:00,2021-11-05,16:20:00,-1.66,47.93,35090,35320,35,Crevin (35),,France,1,C,13341,11,OUI
5070870,3c9b1bbc-b8c8-463a-a33b-4872a4473c85,2021-11-05T16:30:00+01:00,2021-11-05,16:30:00,-1.69,48.12,35238,35000,35,Rennes (35),Rennes Metropole,France,2021-11-05T16:50:00+01:00,2021-11-05,16:50:00,-1.57,48.15,35334,35235,35,Thorigné-Fouillard (35),Rennes Metropole,France,1,C,12276,13,OUI
5039760,c9bc652e-5113-4e43-a389-b727559a776a,2021-11-05T16:40:00+01:00,2021-11-05,16:40:00,-1.69,48.14,35278,35760,35,Saint-Grégoire (35),Rennes Metropole,France,2021-11-05T17:00:00+01:00,2021-11-05,17:00:00,-1.83,48.07,35196,35310,35,Mordelles (35),Rennes Metropole,France,1,C,16494,23,OUI
5071020,bda992bb-fffc-4a2d-83c3-672e0a7901a3,2021-11-05T16:50:00+01:00,2021-11-05,16:50:00,-1.61,48.08,35055,35135,35,Chantepie (35),Rennes Metropole,France,2021-11-05T17:00:00+01:00,2021-11-05,17:00:00,-1.50,48.04,35069,35410,35,Châteaugiron (35),,France,1,C,9634,10,NON
5071111,2f6c8666-d3d6-466d-b0e5-7bf23dd391e7,2021-11-05T17:00:00+01:00,2021-11-05,17:00:00,-1.62,48.13,35051,35510,35,Cesson-Sévigné (35),Rennes Metropole,France,2021-11-05T17:20:00+01:00,2021-11-05,17:20:00,-1.60,48.23,35197,35250,35,Mouazé (35),,France,1,C,12484,11,OUI
5071186,f8b38b3c-929e-4cb9-9843-09ebc36a3e6f,2021-11-05T17:00:00+01:00,2021-11-05,17:00:00,-1.64,48.10,35238,35000,35,Rennes (35),Rennes Metropole,France,2021-11-05T17:20:00+01:00,2021-11-05,17:20:00,-1.68,48.15,35278,35760,35,Saint-Grégoire (35),Rennes Metropole,France,1,C,9937,14,OUI
5070913,2ebef056-9663-4c58-8975-129bc6738651,2021-11-05T17:00:00+01:00,2021-11-05,17:00:00,-1.62,48.09,35238,35000,35,Rennes (35),Rennes Metropole,France,2021-11-05T17:10:00+01:00,2021-11-05,17:10:00,-1.65,48.11,35238,35000,35,Rennes (35),Rennes Metropole,France,1,C,3068,5,NON
5071798,d2483ad9-6f4b-4482-b918-6f5d5a2f2e09,2021-11-05T17:30:00+01:00,2021-11-05,17:30:00,-1.68,48.15,35278,35760,35,Saint-Grégoire (35),Rennes Metropole,France,2021-11-05T18:00:00+01:00,2021-11-05,18:00:00,-1.87,48.37,35265,35190,35,Saint-Domineuc (35),Communauté de communes Bretagne Romantique,France,1,C,29939,22,OUI
5071966,e90b5f42-4ab3-4bb9-814e-2a61b9cfe11a,2021-11-05T17:40:00+01:00,2021-11-05,17:40:00,-1.61,48.11,35051,35510,35,Cesson-Sévigné (35),Rennes Metropole,France,2021-11-05T18:20:00+01:00,2021-11-05,18:20:00,-1.18,48.36,35115,35300,35,Fougères (35),Fougeres Agglomeration,France,1,C,46890,39,OUI
5071997,a78f7109-4cdc-4143-8865-b0d9bfb90c0a,2021-11-05T18:00:00+01:00,2021-11-05,18:00:00,-1.70,48.09,35281,35136,35,Saint-Jacques-de-la-Lande (35),Rennes Metropole,France,2021-11-05T18:30:00+01:00,2021-11-05,18:30:00,-1.84,48.32,35337,35190,35,Tinténiac (35),Communauté de communes Bretagne Romantique,France,1,A,31926,25,OUI
5072516,75196282-64b1-4077-bc7b-39f02d727731,2021-11-05T19:20:00+01:00,2021-11-05,19:20:00,-1.70,48.11,35238,35000,35,Rennes (35),Rennes Metropole,France,2021-11-05T20:20:00+01:00,2021-11-05,20:20:00,-2.53,48.46,22093,22400,22,Lamballe-Armor (22),Communaute D'Agglomeration Lamballe Terre-Mer,France,1,C,79470,57,OUI
5073033,254b9e80-cb7b-4dea-a25c-8494ee092d46,2021-11-05T20:40:00+01:00,2021-11-05,20:40:00,-1.70,48.10,35238,35000,35,Rennes (35),Rennes Metropole,France,2021-11-05T20:50:00+01:00,2021-11-05,20:50:00,-1.76,48.02,35047,35170,35,Bruz (35),Rennes Metropole,France,1,B,12756,13,OUI
5043860,c3adfc03-6992-4f88-bd41-033e7def69f5,2021-11-06T04:30:00+01:00,2021-11-06,04:30:00,-1.48,47.95,35136,35150,35,Janzé (35),,France,2021-11-06T05:00:00+01:00,2021-11-06,05:00:00,-1.22,47.93,35125,35130,35,La Guerche-de-Bretagne (35),Vitre Communaute,France,1,C,24323,30,OUI
5077622,dd44462f-8e4c-43af-ac71-a2de8f7c828b,2021-11-06T09:00:00+01:00,2021-11-06,09:00:00,-1.70,48.11,35238,35000,35,Rennes (35),Rennes Metropole,France,2021-11-06T09:10:00+01:00,2021-11-06,09:10:00,-1.67,48.08,35238,35000,35,Rennes (35),Rennes Metropole,France,1,C,9002,9,OUI
5046565,62c103a2-c01e-4d54-b7ff-22a25323db91,2021-11-06T14:20:00+01:00,2021-11-06,14:20:00,-1.67,48.11,35238,35000,35,Rennes (35),Rennes Metropole,France,2021-11-06T15:00:00+01:00,2021-11-06,15:00:00,-1.37,48.11,35068,35220,35,Châteaubourg (35),Vitre Communaute,France,1,B,24578,37,OUI
5053878,119a0f2e-8bf2-4b42-9c03-1baeac94a38b,2021-11-07T11:50:00+01:00,2021-11-07,11:50:00,-1.65,48.14,35278,35760,35,Saint-Grégoire (35),Rennes Metropole,France,2021-11-07T12:40:00+01:00,2021-11-07,12:40:00,-1.20,48.10,35360,35500,35,Vitré (35),Vitre Communaute,France,1,C,41721,45,OUI
5058214,be7afd1e-23e2-4b6f-a621-0addd837c16e,2021-11-08T05:30:00+01:00,2021-11-08,05:30:00,-1.65,48.08,35238,35000,35,Rennes (35),Rennes Metropole,France,2021-11-08T06:10:00+01:00,2021-11-08,06:10:00,-1.19,48.07,35109,35370,35,Étrelles (35),Vitre Communaute,France,1,C,37851,39,OUI
5058217,be7afd1e-23e2-4b6f-a621-0addd837c16e,2021-11-08T05:30:00+01:00,2021-11-08,05:30:00,-1.65,48.08,35238,35000,35,Rennes (35),Rennes Metropole,France,2021-11-08T06:10:00+01:00,2021-11-08,06:10:00,-1.19,48.06,35109,35370,35,Étrelles (35),Vitre Communaute,France,1,C,38024,40,OUI
5088858,d96a7cd5-5217-45fe-a48e-473edcc1c476,2021-11-08T06:00:00+01:00,2021-11-08,06:00:00,-1.64,48.09,35238,35000,35,Rennes (35),Rennes Metropole,France,2021-11-08T07:20:00+01:00,2021-11-08,07:20:00,-1.58,47.26,44114,44700,44,Orvault (44),Nantes Metropole,France,1,B,100433,71,OUI
5089457,5c7471ff-999e-4609-8d5f-977f97602b53,2021-11-08T06:50:00+01:00,2021-11-08,06:50:00,-1.67,48.08,35238,35000,35,Rennes (35),Rennes Metropole,France,2021-11-08T08:00:00+01:00,2021-11-08,08:00:00,-1.58,47.26,44114,44700,44,Orvault (44),Nantes Metropole,France,1,C,97476,68,OUI
5089020,5c7471ff-999e-4609-8d5f-977f97602b53,2021-11-08T06:50:00+01:00,2021-11-08,06:50:00,-1.67,48.08,35238,35000,35,Rennes (35),Rennes Metropole,France,2021-11-08T08:00:00+01:00,2021-11-08,08:00:00,-1.58,47.26,44114,44700,44,Orvault (44),Nantes Metropole,France,1,C,97476,68,OUI
5089022,ac0366cf-877c-4b49-931d-f5aecd6c5c3e,2021-11-08T07:00:00+01:00,2021-11-08,07:00:00,-1.67,48.08,35238,35000,35,Rennes (35),Rennes Metropole,France,2021-11-08T08:10:00+01:00,2021-11-08,08:10:00,-1.58,47.26,44114,44700,44,Orvault (44),Nantes Metropole,France,1,C,97476,68,OUI
5089445,41e194ab-72b6-4564-a832-05ed8e45fe90,2021-11-08T07:00:00+01:00,2021-11-08,07:00:00,-1.70,48.12,35238,35000,35,Rennes (35),Rennes Metropole,France,2021-11-08T08:00:00+01:00,2021-11-08,08:00:00,-2.53,48.46,22093,22400,22,Lamballe-Armor (22),Communaute D'Agglomeration Lamballe Terre-Mer,France,1,C,77938,56,OUI
5089588,b8e77680-9f3d-45cb-aea7-9e9eeb4370c0,2021-11-08T07:00:00+01:00,2021-11-08,07:00:00,-1.70,48.08,35281,35136,35,Saint-Jacques-de-la-Lande (35),Rennes Metropole,France,2021-11-08T07:50:00+01:00,2021-11-08,07:50:00,-1.19,48.34,35115,35300,35,Fougères (35),Fougeres Agglomeration,France,1,B,56398,43,OUI
5089788,1e7b0a67-1619-4493-a48b-b27124e402ec,2021-11-08T07:00:00+01:00,2021-11-08,07:00:00,-1.67,48.08,35238,35000,35,Rennes (35),Rennes Metropole,France,2021-11-08T08:00:00+01:00,2021-11-08,08:00:00,-0.79,48.06,53130,53000,53,Laval (53),Communaute D'Agglomeration De Laval,France,1,C,73387,54,OUI
5089298,ec60f44c-5cec-4c29-98c4-2367fa995a64,2021-11-08T07:10:00+01:00,2021-11-08,07:10:00,-1.72,48.10,35238,35000,35,Rennes (35),Rennes Metropole,France,2021-11-08T08:10:00+01:00,2021-11-08,08:10:00,-0.80,48.06,53201,53940,53,Saint-Berthevin (53),Communaute D'Agglomeration De Laval,France,1,B,77948,56,OUI
5089417,1e7b0a67-1619-4493-a48b-b27124e402ec,2021-11-08T07:10:00+01:00,2021-11-08,07:10:00,-1.73,48.05,35047,35170,35,Bruz (35),Rennes Metropole,France,2021-11-08T08:00:00+01:00,2021-11-08,08:00:00,-0.78,48.07,53130,53000,53,Laval (53),Communaute D'Agglomeration De Laval,France,1,C,79542,59,OUI
5089662,4c6765a7-4955-4870-888e-65b1cce83437,2021-11-08T07:20:00+01:00,2021-11-08,07:20:00,-1.59,48.11,35051,35510,35,Cesson-Sévigné (35),Rennes Metropole,France,2021-11-08T08:00:00+01:00,2021-11-08,08:00:00,-1.19,48.34,35115,35300,35,Fougères (35),Fougeres Agglomeration,France,1,C,47919,36,OUI
5089732,ae64770c-a708-4466-a0a5-bd1b2eaa785b,2021-11-08T07:20:00+01:00,2021-11-08,07:20:00,-1.73,48.05,35047,35170,35,Bruz (35),Rennes Metropole,France,2021-11-08T07:40:00+01:00,2021-11-08,07:40:00,-1.69,48.15,35278,35760,35,Saint-Grégoire (35),Rennes Metropole,France,1,B,14348,15,OUI
5089847,9c0636ca-c122-4375-a0b5-3a97589851e4,2021-11-08T07:20:00+01:00,2021-11-08,07:20:00,-1.63,48.09,35238,35000,35,Rennes (35),Rennes Metropole,France,2021-11-08T07:50:00+01:00,2021-11-08,07:50:00,-1.20,48.11,35360,35500,35,Vitré (35),Vitre Communaute,France,1,B,35389,29,OUI
5089858,8897651d-5046-4010-8a1a-f995e435504c,2021-11-08T07:20:00+01:00,2021-11-08,07:20:00,-1.84,48.07,35196,35310,35,Mordelles (35),Rennes Metropole,France,2021-11-08T07:40:00+01:00,2021-11-08,07:40:00,-1.73,48.10,35353,35132,35,Vezin-le-Coquet (35),Rennes Metropole,France,1,C,10762,11,NON
5089265,264c3032-cd77-468d-b45c-049d7b9f5676,2021-11-08T07:20:00+01:00,2021-11-08,07:20:00,-1.63,48.12,35238,35000,35,Rennes (35),Rennes Metropole,France,2021-11-08T08:10:00+01:00,2021-11-08,08:10:00,-0.85,48.07,53201,53940,53,Saint-Berthevin (53),Communaute D'Agglomeration De Laval,France,1,B,63959,52,OUI
5059309,0ff2bd04-a33d-468f-ae62-393777cba84a,2021-11-08T07:30:00+01:00,2021-11-08,07:30:00,-1.83,48.07,35196,35310,35,Mordelles (35),Rennes Metropole,France,2021-11-08T07:50:00+01:00,2021-11-08,07:50:00,-1.69,48.14,35278,35760,35,Saint-Grégoire (35),Rennes Metropole,France,1,C,16414,23,OUI
5090494,4c3b21c2-b2d0-4b58-b299-f1b40a100807,2021-11-08T07:30:00+01:00,2021-11-08,07:30:00,-1.75,48.14,35210,35740,35,Pacé (35),Rennes Metropole,France,2021-11-08T07:50:00+01:00,2021-11-08,07:50:00,-1.72,48.08,35281,35136,35,Saint-Jacques-de-la-Lande (35),Rennes Metropole,France,1,B,12048,12,OUI
5090603,f8a958d3-a630-43ba-a5ea-383ca95ec928,2021-11-08T07:30:00+01:00,2021-11-08,07:30:00,-1.84,48.07,35196,35310,35,Mordelles (35),Rennes Metropole,France,2021-11-08T07:50:00+01:00,2021-11-08,07:50:00,-1.70,48.11,35238,35000,35,Rennes (35),Rennes Metropole,France,1,B,14464,16,OUI
5090652,20991cc2-c86d-474d-86e4-74a29dac749a,2021-11-08T07:30:00+01:00,2021-11-08,07:30:00,-1.67,48.11,35238,35000,35,Rennes (35),Rennes Metropole,France,2021-11-08T08:20:00+01:00,2021-11-08,08:20:00,-2.39,47.93,56165,56800,56,Ploërmel (56),,France,1,B,67786,53,OUI
5090843,5320742c-a225-475c-beea-a96f09dbc00b,2021-11-08T07:30:00+01:00,2021-11-08,07:30:00,-1.65,48.10,35238,35000,35,Rennes (35),Rennes Metropole,France,2021-11-08T08:00:00+01:00,2021-11-08,08:00:00,-1.26,48.07,35338,35370,35,Torcé (35),Vitre Communaute,France,1,C,32026,27,OUI
5091168,9af6a1f5-5e1d-4aa4-936e-0dfa61bb7ada,2021-11-08T07:30:00+01:00,2021-11-08,07:30:00,-1.71,48.11,35238,35000,35,Rennes (35),Rennes Metropole,France,2021-11-08T07:50:00+01:00,2021-11-08,07:50:00,-1.69,48.04,35066,35131,35,Chartres-de-Bretagne (35),Rennes Metropole,France,1,B,11499,12,OUI
5090451,04c907aa-f5e4-4bd1-b615-47942448a0e5,2021-11-08T07:30:00+01:00,2021-11-08,07:30:00,-1.65,48.13,35238,35000,35,Rennes (35),Rennes Metropole,France,2021-11-08T09:10:00+01:00,2021-11-08,09:10:00,0.16,48.01,72181,72000,72,Le Mans (72),Communaute Urbaine Le Mans Metropole,France,1,C,151170,98,OUI
5059186,73d79250-ae80-4128-9320-dfc73f470fb9,2021-11-08T07:40:00+01:00,2021-11-08,07:40:00,-1.79,48.09,35240,35650,35,Le Rheu (35),Rennes Metropole,France,2021-11-08T07:40:00+01:00,2021-11-08,07:40:00,-1.69,48.15,35278,35760,35,Saint-Grégoire (35),Rennes Metropole,France,1,B,12021,0,NON
5090584,19b08a39-2ccc-451b-a4c3-27a92f025c06,2021-11-08T07:40:00+01:00,2021-11-08,07:40:00,-1.69,47.97,35139,35890,35,Laillé (35),Rennes Metropole,France,2021-11-08T08:40:00+01:00,2021-11-08,08:40:00,-1.58,47.26,44114,44700,44,Orvault (44),Nantes Metropole,France,1,B,84901,59,OUI
5090803,0157ee51-a5d5-434c-b7a4-002e96eb8598,2021-11-08T07:40:00+01:00,2021-11-08,07:40:00,-1.70,48.09,35281,35136,35,Saint-Jacques-de-la-Lande (35),Rennes Metropole,France,2021-11-08T08:30:00+01:00,2021-11-08,08:30:00,-2.04,48.45,22050,22100,22,Dinan (22),Communaute D'Agglomeration Dinan Agglomeration,France,1,C,56774,45,OUI
5090820,292858ac-cf06-4bcc-be41-a9c3271f93a4,2021-11-08T07:40:00+01:00,2021-11-08,07:40:00,-1.57,48.15,35334,35235,35,Thorigné-Fouillard (35),Rennes Metropole,France,2021-11-08T08:00:00+01:00,2021-11-08,08:00:00,-1.73,48.20,35177,35520,35,La Mézière (35),,France,1,C,16282,15,OUI
5090680,43df284d-52bf-4144-a65e-1d6d4d76ea61,2021-11-08T07:50:00+01:00,2021-11-08,07:50:00,-1.69,48.10,35238,35000,35,Rennes (35),Rennes Metropole,France,2021-11-08T08:40:00+01:00,2021-11-08,08:40:00,-1.98,48.62,35288,35400,35,Saint-Malo (35),Saint-Malo Agglomeration,France,1,B,65705,50,OUI
5090774,26143d88-06b0-4fdc-b39a-4e2387adb887,2021-11-08T07:50:00+01:00,2021-11-08,07:50:00,-1.67,48.09,35238,35000,35,Rennes (35),Rennes Metropole,France,2021-11-08T08:50:00+01:00,2021-11-08,08:50:00,-1.98,48.62,35288,35400,35,Saint-Malo (35),Saint-Malo Agglomeration,France,1,C,68925,55,OUI
5090847,5fc3b3d2-d155-4f25-9fb2-500974c98593,2021-11-08T07:50:00+01:00,2021-11-08,07:50:00,-1.65,48.13,35238,35000,35,Rennes (35),Rennes Metropole,France,2021-11-08T08:50:00+01:00,2021-11-08,08:50:00,-2.06,48.61,35093,35800,35,Dinard (35),,France,1,C,72714,55,OUI
5090852,84fdddb8-8e35-4930-a491-c68c3813e331,2021-11-08T07:50:00+01:00,2021-11-08,07:50:00,-1.74,48.01,35047,35170,35,Bruz (35),Rennes Metropole,France,2021-11-08T08:20:00+01:00,2021-11-08,08:20:00,-1.62,48.13,35051,35510,35,Cesson-Sévigné (35),Rennes Metropole,France,1,B,19857,21,OUI
5090908,d97ca840-029d-4ed9-82da-931f5b7d801e,2021-11-08T07:50:00+01:00,2021-11-08,07:50:00,-1.57,48.14,35334,35235,35,Thorigné-Fouillard (35),Rennes Metropole,France,2021-11-08T08:30:00+01:00,2021-11-08,08:30:00,-1.17,48.33,35137,35133,35,Javené (35),Fougeres Agglomeration,France,1,B,44401,31,OUI
5060758,2864fbf5-e02c-4bb1-b2d0-0d9860be71cf,2021-11-08T07:50:00+01:00,2021-11-08,07:50:00,-1.61,48.11,35051,35510,35,Cesson-Sévigné (35),Rennes Metropole,France,2021-11-08T08:50:00+01:00,2021-11-08,08:50:00,-0.85,48.07,53201,53940,53,Saint-Berthevin (53),Communaute D'Agglomeration De Laval,France,1,C,61492,61,OUI
5060799,2864fbf5-e02c-4bb1-b2d0-0d9860be71cf,2021-11-08T07:50:00+01:00,2021-11-08,07:50:00,-1.60,48.10,35051,35510,35,Cesson-Sévigné (35),Rennes Metropole,France,2021-11-08T08:50:00+01:00,2021-11-08,08:50:00,-0.85,48.07,53201,53940,53,Saint-Berthevin (53),Communaute D'Agglomeration De Laval,France,1,C,59426,60,OUI
5090813,54643460-3ae4-4e5c-8de1-9b92d26fbac3,2021-11-08T07:50:00+01:00,2021-11-08,07:50:00,-1.61,48.10,35051,35510,35,Cesson-Sévigné (35),Rennes Metropole,France,2021-11-08T08:40:00+01:00,2021-11-08,08:40:00,-0.83,48.06,53201,53940,53,Saint-Berthevin (53),Communaute D'Agglomeration De Laval,France,1,C,61187,47,OUI
5090623,54643460-3ae4-4e5c-8de1-9b92d26fbac3,2021-11-08T07:50:00+01:00,2021-11-08,07:50:00,-1.61,48.10,35051,35510,35,Cesson-Sévigné (35),Rennes Metropole,France,2021-11-08T08:40:00+01:00,2021-11-08,08:40:00,-0.83,48.06,53201,53940,53,Saint-Berthevin (53),Communaute D'Agglomeration De Laval,France,1,B,61187,47,OUI
5090362,4421b4f5-9538-4119-8796-f46ce1db4d02,2021-11-08T08:00:00+01:00,2021-11-08,08:00:00,-1.64,48.09,35238,35000,35,Rennes (35),Rennes Metropole,France,2021-11-08T09:00:00+01:00,2021-11-08,09:00:00,-1.98,48.62,35288,35400,35,Saint-Malo (35),Saint-Malo Agglomeration,France,1,C,68884,55,OUI
5090821,26143d88-06b0-4fdc-b39a-4e2387adb887,2021-11-08T08:00:00+01:00,2021-11-08,08:00:00,-1.66,48.09,35238,35000,35,Rennes (35),Rennes Metropole,France,2021-11-08T09:10:00+01:00,2021-11-08,09:10:00,-2.06,48.61,35093,35800,35,Dinard (35),,France,1,B,75125,61,OUI
5090899,292a2dce-2ad4-480c-8ea8-1ab3c7750bb1,2021-11-08T08:00:00+01:00,2021-11-08,08:00:00,-1.68,48.12,35238,35000,35,Rennes (35),Rennes Metropole,France,2021-11-08T08:50:00+01:00,2021-11-08,08:50:00,-1.99,48.62,35288,35400,35,Saint-Malo (35),Saint-Malo Agglomeration,France,1,C,63358,46,OUI
5090987,292a2dce-2ad4-480c-8ea8-1ab3c7750bb1,2021-11-08T08:00:00+01:00,2021-11-08,08:00:00,-1.69,48.15,35278,35760,35,Saint-Grégoire (35),Rennes Metropole,France,2021-11-08T08:50:00+01:00,2021-11-08,08:50:00,-1.98,48.63,35288,35400,35,Saint-Malo (35),Saint-Malo Agglomeration,France,1,B,61793,46,OUI
5091085,4792c403-5f52-4e38-b4f5-caa9520a5227,2021-11-08T08:00:00+01:00,2021-11-08,08:00:00,-1.65,48.09,35238,35000,35,Rennes (35),Rennes Metropole,France,2021-11-08T08:20:00+01:00,2021-11-08,08:20:00,-1.73,48.03,35047,35170,35,Bruz (35),Rennes Metropole,France,1,B,10947,13,OUI
5091097,e82129d8-6647-45e5-9340-66e97f515a2e,2021-11-08T08:00:00+01:00,2021-11-08,08:00:00,-1.68,48.09,35238,35000,35,Rennes (35),Rennes Metropole,France,2021-11-08T08:10:00+01:00,2021-11-08,08:10:00,-1.73,48.05,35047,35170,35,Bruz (35),Rennes Metropole,France,1,C,7273,10,OUI
5091117,26143d88-06b0-4fdc-b39a-4e2387adb887,2021-11-08T08:00:00+01:00,2021-11-08,08:00:00,-1.69,48.13,35238,35000,35,Rennes (35),Rennes Metropole,France,2021-11-08T08:50:00+01:00,2021-11-08,08:50:00,-2.06,48.61,35093,35800,35,Dinard (35),,France,1,B,69868,52,OUI
5091265,4421b4f5-9538-4119-8796-f46ce1db4d02,2021-11-08T08:00:00+01:00,2021-11-08,08:00:00,-1.69,48.13,35278,35760,35,Saint-Grégoire (35),Rennes Metropole,France,2021-11-08T08:50:00+01:00,2021-11-08,08:50:00,-1.98,48.62,35288,35400,35,Saint-Malo (35),Saint-Malo Agglomeration,France,1,C,62637,45,OUI
5060862,f7b2f759-623e-4c94-b7a2-10001041da45,2021-11-08T08:10:00+01:00,2021-11-08,08:10:00,-1.65,48.12,35238,35000,35,Rennes (35),Rennes Metropole,France,2021-11-08T09:00:00+01:00,2021-11-08,09:00:00,-1.26,48.07,35338,35370,35,Torcé (35),Vitre Communaute,France,1,B,33234,40,OUI
5090284,cf070bc5-a2cb-4650-bcb0-bc7de8e59f73,2021-11-08T08:10:00+01:00,2021-11-08,08:10:00,-1.68,48.12,35238,35000,35,Rennes (35),Rennes Metropole,France,2021-11-08T08:30:00+01:00,2021-11-08,08:30:00,-1.80,48.28,35317,35630,35,Saint-Symphorien (35),,France,1,C,20734,17,OUI
5091088,d561fa9c-471d-40cd-a5e0-2d5cc1a5d61a,2021-11-08T08:10:00+01:00,2021-11-08,08:10:00,-1.69,48.11,35238,35000,35,Rennes (35),Rennes Metropole,France,2021-11-08T09:00:00+01:00,2021-11-08,09:00:00,-1.20,48.35,35115,35300,35,Fougères (35),Fougeres Agglomeration,France,1,B,50560,41,OUI
5060850,0620be3d-3074-4e67-a96f-545f3a96b3ce,2021-11-08T08:20:00+01:00,2021-11-08,08:20:00,-1.61,48.11,35051,35510,35,Cesson-Sévigné (35),Rennes Metropole,France,2021-11-08T08:50:00+01:00,2021-11-08,08:50:00,-1.21,48.11,35360,35500,35,Vitré (35),Vitre Communaute,France,1,C,33044,36,OUI
5060980,d71c1275-09fa-429b-a336-534095bac20e,2021-11-08T08:20:00+01:00,2021-11-08,08:20:00,-1.71,48.12,35238,35000,35,Rennes (35),Rennes Metropole,France,2021-11-08T09:10:00+01:00,2021-11-08,09:10:00,-1.19,48.06,35109,35370,35,Étrelles (35),Vitre Communaute,France,1,B,45580,46,OUI
5090403,dd94482b-1923-4a3f-868d-fb1ae307f602,2021-11-08T08:20:00+01:00,2021-11-08,08:20:00,-1.78,48.22,35120,35850,35,Gévezé (35),Rennes Metropole,France,2021-11-08T08:40:00+01:00,2021-11-08,08:40:00,-1.69,48.15,35278,35760,35,Saint-Grégoire (35),Rennes Metropole,France,1,C,11925,12,OUI
5091105,42631dbc-b928-4e34-a936-34a461489321,2021-11-08T08:20:00+01:00,2021-11-08,08:20:00,-1.68,48.11,35238,35000,35,Rennes (35),Rennes Metropole,France,2021-11-08T09:00:00+01:00,2021-11-08,09:00:00,-2.04,48.45,22050,22100,22,Dinan (22),Communaute D'Agglomeration Dinan Agglomeration,France,1,C,53355,45,OUI
5060959,f7b2f759-623e-4c94-b7a2-10001041da45,2021-11-08T08:30:00+01:00,2021-11-08,08:30:00,-1.65,48.12,35238,35000,35,Rennes (35),Rennes Metropole,France,2021-11-08T09:10:00+01:00,2021-11-08,09:10:00,-1.26,48.07,35338,35370,35,Torcé (35),Vitre Communaute,France,1,C,33386,39,OUI
5060971,e023ea15-48ac-4a7a-a381-dba67c4c7255,2021-11-08T08:30:00+01:00,2021-11-08,08:30:00,-1.62,48.11,35051,35510,35,Cesson-Sévigné (35),Rennes Metropole,France,2021-11-08T09:10:00+01:00,2021-11-08,09:10:00,-1.19,48.06,35109,35370,35,Étrelles (35),Vitre Communaute,France,1,C,34976,36,OUI
5091697,955b9fc6-b8d6-4ef4-a5e0-cbbea94f6fff,2021-11-08T08:30:00+01:00,2021-11-08,08:30:00,-1.68,48.12,35238,35000,35,Rennes (35),Rennes Metropole,France,2021-11-08T08:40:00+01:00,2021-11-08,08:40:00,-1.63,48.11,35238,35000,35,Rennes (35),Rennes Metropole,France,1,C,5765,9,OUI
5061035,cd6f0f14-22e9-41bc-9154-fb6730376d50,2021-11-08T08:40:00+01:00,2021-11-08,08:40:00,-1.65,48.10,35238,35000,35,Rennes (35),Rennes Metropole,France,2021-11-08T09:10:00+01:00,2021-11-08,09:10:00,-1.26,48.07,35338,35370,35,Torcé (35),Vitre Communaute,France,1,C,31671,36,OUI
5060614,bde932dd-fb97-41fa-9159-e697aacf6f8d,2021-11-08T08:40:00+01:00,2021-11-08,08:40:00,-1.68,48.16,35278,35760,35,Saint-Grégoire (35),Rennes Metropole,France,2021-11-08T08:40:00+01:00,2021-11-08,08:40:00,-1.62,48.13,35051,35510,35,Cesson-Sévigné (35),Rennes Metropole,France,1,B,7547,0,NON
5091864,00271b29-10de-451b-a9e5-38027631b70a,2021-11-08T10:20:00+01:00,2021-11-08,10:20:00,-1.66,48.11,35238,35000,35,Rennes (35),Rennes Metropole,France,2021-11-08T10:40:00+01:00,2021-11-08,10:40:00,-1.73,48.04,35047,35170,35,Bruz (35),Rennes Metropole,France,1,A,11924,16,OUI
5061687,a4773a3a-29db-43ab-8ce0-894639252833,2021-11-08T12:20:00+01:00,2021-11-08,12:20:00,-1.49,47.95,35136,35150,35,Janzé (35),,France,2021-11-08T13:00:00+01:00,2021-11-08,13:00:00,-1.22,47.93,35125,35130,35,La Guerche-de-Bretagne (35),Vitre Communaute,France,1,C,24621,30,OUI
5062462,9d0df336-c377-45c4-b901-a4256dfff9ad,2021-11-08T16:40:00+01:00,2021-11-08,16:40:00,-1.69,48.14,35278,35760,35,Saint-Grégoire (35),Rennes Metropole,France,2021-11-08T17:10:00+01:00,2021-11-08,17:10:00,-1.83,48.07,35196,35310,35,Mordelles (35),Rennes Metropole,France,1,C,16494,23,OUI
5093485,ca31cd83-fcd7-4bbe-be7a-e14c834c09b5,2021-11-08T16:50:00+01:00,2021-11-08,16:50:00,-1.64,48.09,35238,35000,35,Rennes (35),Rennes Metropole,France,2021-11-08T17:40:00+01:00,2021-11-08,17:40:00,-1.16,47.74,49248,49420,49,Ombrée d'Anjou (49),,France,1,C,58675,48,OUI
5093469,5adc3999-e32c-4f45-9962-4f4456549794,2021-11-08T17:00:00+01:00,2021-11-08,17:00:00,-1.62,48.13,35051,35510,35,Cesson-Sévigné (35),Rennes Metropole,France,2021-11-08T17:20:00+01:00,2021-11-08,17:20:00,-1.60,48.23,35197,35250,35,Mouazé (35),,France,1,B,12484,11,OUI
5093135,128178a9-6a0f-41e4-a4a8-bd1f5356185d,2021-11-08T17:00:00+01:00,2021-11-08,17:00:00,-1.73,48.05,35047,35170,35,Bruz (35),Rennes Metropole,France,2021-11-08T17:50:00+01:00,2021-11-08,17:50:00,-1.20,48.35,35115,35300,35,Fougères (35),Fougeres Agglomeration,France,1,B,58621,46,OUI
5063412,1385ebc8-68b5-47e3-90c1-f65de412b483,2021-11-08T17:10:00+01:00,2021-11-08,17:10:00,-1.62,48.09,35238,35000,35,Rennes (35),Rennes Metropole,France,2021-11-08T17:50:00+01:00,2021-11-08,17:50:00,-1.20,48.12,35360,35500,35,Vitré (35),Vitre Communaute,France,1,C,36033,40,OUI
5093308,d28539cd-8643-4d10-b69b-3391d027aa28,2021-11-08T17:10:00+01:00,2021-11-08,17:10:00,-1.69,48.13,35238,35000,35,Rennes (35),Rennes Metropole,France,2021-11-08T17:50:00+01:00,2021-11-08,17:50:00,-1.99,48.62,35288,35400,35,Saint-Malo (35),Saint-Malo Agglomeration,France,1,C,62415,45,OUI
5093356,3b0662b7-a483-432f-b62f-a4684afea382,2021-11-08T17:20:00+01:00,2021-11-08,17:20:00,-1.68,48.12,35238,35000,35,Rennes (35),Rennes Metropole,France,2021-11-08T18:10:00+01:00,2021-11-08,18:10:00,-2.00,48.62,35288,35400,35,Saint-Malo (35),Saint-Malo Agglomeration,France,1,C,64300,48,OUI
5093419,3781642c-304a-47f6-a450-43a0b3301177,2021-11-08T17:20:00+01:00,2021-11-08,17:20:00,-1.68,48.14,35278,35760,35,Saint-Grégoire (35),Rennes Metropole,France,2021-11-08T17:40:00+01:00,2021-11-08,17:40:00,-1.60,48.12,35051,35510,35,Cesson-Sévigné (35),Rennes Metropole,France,1,C,9309,11,OUI
5063515,1385ebc8-68b5-47e3-90c1-f65de412b483,2021-11-08T17:30:00+01:00,2021-11-08,17:30:00,-1.62,48.13,35051,35510,35,Cesson-Sévigné (35),Rennes Metropole,France,2021-11-08T18:10:00+01:00,2021-11-08,18:10:00,-1.20,48.12,35360,35500,35,Vitré (35),Vitre Communaute,France,1,B,38317,47,OUI
5094003,d0467610-2ca4-4e8b-a2ed-28ccc1b45c9e,2021-11-08T17:30:00+01:00,2021-11-08,17:30:00,-1.62,48.08,35055,35135,35,Chantepie (35),Rennes Metropole,France,2021-11-08T17:50:00+01:00,2021-11-08,17:50:00,-1.49,48.03,35069,35410,35,Châteaugiron (35),,France,1,C,12549,12,NON
5094407,a0931630-38be-4bfb-8961-42d7b1930d41,2021-11-08T17:30:00+01:00,2021-11-08,17:30:00,-1.73,48.05,35047,35170,35,Bruz (35),Rennes Metropole,France,2021-11-08T17:50:00+01:00,2021-11-08,17:50:00,-1.68,48.09,35238,35000,35,Rennes (35),Rennes Metropole,France,1,C,7487,10,OUI
5063495,a3bc51ac-9f28-49c6-bd84-c1bb0ef7c0c2,2021-11-08T17:50:00+01:00,2021-11-08,17:50:00,-1.62,48.13,35051,35510,35,Cesson-Sévigné (35),Rennes Metropole,France,2021-11-08T18:10:00+01:00,2021-11-08,18:10:00,-1.41,48.10,35068,35220,35,Châteaubourg (35),Vitre Communaute,France,1,C,20887,25,OUI
5063530,86e20ca0-0f0c-4885-aa81-d7c978a77d1f,2021-11-08T18:00:00+01:00,2021-11-08,18:00:00,-1.69,48.14,35278,35760,35,Saint-Grégoire (35),Rennes Metropole,France,2021-11-08T18:20:00+01:00,2021-11-08,18:20:00,-1.69,48.21,35173,35520,35,Melesse (35),,France,1,B,8895,14,OUI
5094213,34d88e4b-129b-42b0-ae05-7c0b62bfb7f7,2021-11-08T18:00:00+01:00,2021-11-08,18:00:00,-1.68,48.03,35206,35230,35,Noyal-Châtillon-sur-Seiche (35),Rennes Metropole,France,2021-11-08T18:20:00+01:00,2021-11-08,18:20:00,-1.66,47.93,35090,35320,35,Crevin (35),,France,1,C,13341,11,OUI
5094471,ba2c8c5f-6f9c-4abf-a65f-7f3d2872dbeb,2021-11-08T18:00:00+01:00,2021-11-08,18:00:00,-1.69,48.12,35238,35000,35,Rennes (35),Rennes Metropole,France,2021-11-08T18:50:00+01:00,2021-11-08,18:50:00,-1.97,48.60,35284,35430,35,Saint-Jouan-des-Guérets (35),Saint-Malo Agglomeration,France,1,C,61389,45,OUI
5094491,ba2c8c5f-6f9c-4abf-a65f-7f3d2872dbeb,2021-11-08T18:00:00+01:00,2021-11-08,18:00:00,-1.69,48.12,35238,35000,35,Rennes (35),Rennes Metropole,France,2021-11-08T18:50:00+01:00,2021-11-08,18:50:00,-1.98,48.59,35284,35430,35,Saint-Jouan-des-Guérets (35),Saint-Malo Agglomeration,France,1,C,60929,46,OUI
5094700,b5e3e49a-b370-4246-883e-a8c39d32385a,2021-11-08T18:20:00+01:00,2021-11-08,18:20:00,-1.65,48.12,35238,35000,35,Rennes (35),Rennes Metropole,France,2021-11-08T18:40:00+01:00,2021-11-08,18:40:00,-1.79,48.09,35240,35650,35,Le Rheu (35),Rennes Metropole,France,1,C,12671,18,OUI
5094971,5affbe95-2cdb-48c0-8685-b82cfac06a29,2021-11-08T18:30:00+01:00,2021-11-08,18:30:00,-1.60,48.11,35051,35510,35,Cesson-Sévigné (35),Rennes Metropole,France,2021-11-08T19:10:00+01:00,2021-11-08,19:10:00,-1.90,48.40,35226,35720,35,Pleugueneuc (35),Communauté de communes Bretagne Romantique,France,1,C,44199,37,OUI
5095096,5affbe95-2cdb-48c0-8685-b82cfac06a29,2021-11-08T18:30:00+01:00,2021-11-08,18:30:00,-1.61,48.12,35051,35510,35,Cesson-Sévigné (35),Rennes Metropole,France,2021-11-08T19:10:00+01:00,2021-11-08,19:10:00,-1.90,48.40,35226,35720,35,Pleugueneuc (35),Communauté de communes Bretagne Romantique,France,1,C,41537,32,OUI
5064341,d278f02b-ea2a-422e-87b4-8cb7506104ad,2021-11-08T18:50:00+01:00,2021-11-08,18:50:00,-1.62,48.13,35051,35510,35,Cesson-Sévigné (35),Rennes Metropole,France,2021-11-08T18:50:00+01:00,2021-11-08,18:50:00,-1.68,48.16,35278,35760,35,Saint-Grégoire (35),Rennes Metropole,France,1,B,7747,0,NON
5095085,13888c44-edd5-4089-94cf-07f5dedb8f9a,2021-11-08T19:00:00+01:00,2021-11-08,19:00:00,-1.61,48.12,35051,35510,35,Cesson-Sévigné (35),Rennes Metropole,France,2021-11-08T19:20:00+01:00,2021-11-08,19:20:00,-1.68,48.14,35278,35760,35,Saint-Grégoire (35),Rennes Metropole,France,1,B,9597,11,NON
5095548,acec7823-203e-4d95-bc71-bc6398cf8e91,2021-11-08T20:40:00+01:00,2021-11-08,20:40:00,-1.70,48.10,35238,35000,35,Rennes (35),Rennes Metropole,France,2021-11-08T20:50:00+01:00,2021-11-08,20:50:00,-1.76,48.02,35047,35170,35,Bruz (35),Rennes Metropole,France,1,B,12756,13,OUI
5066779,4a057a56-7815-423a-bdf1-a5c0cb2ce89e,2021-11-09T05:30:00+01:00,2021-11-09,05:30:00,-1.65,48.08,35238,35000,35,Rennes (35),Rennes Metropole,France,2021-11-09T06:10:00+01:00,2021-11-09,06:10:00,-1.19,48.07,35109,35370,35,Étrelles (35),Vitre Communaute,France,1,C,37851,39,OUI
5066780,4a057a56-7815-423a-bdf1-a5c0cb2ce89e,2021-11-09T05:30:00+01:00,2021-11-09,05:30:00,-1.65,48.08,35238,35000,35,Rennes (35),Rennes Metropole,France,2021-11-09T06:10:00+01:00,2021-11-09,06:10:00,-1.19,48.06,35109,35370,35,Étrelles (35),Vitre Communaute,France,1,C,38024,40,OUI
5097106,0c71bc1b-3610-47a0-9e57-be9275907781,2021-11-09T06:00:00+01:00,2021-11-09,06:00:00,-1.67,48.08,35238,35000,35,Rennes (35),Rennes Metropole,France,2021-11-09T07:10:00+01:00,2021-11-09,07:10:00,-1.58,47.26,44114,44700,44,Orvault (44),Nantes Metropole,France,1,C,97476,68,OUI
5097810,770a32ce-111e-48a2-a098-0f8df97fd790,2021-11-09T06:50:00+01:00,2021-11-09,06:50:00,-1.67,48.08,35238,35000,35,Rennes (35),Rennes Metropole,France,2021-11-09T08:00:00+01:00,2021-11-09,08:00:00,-1.58,47.26,44114,44700,44,Orvault (44),Nantes Metropole,France,1,C,97476,68,OUI
5097840,6ca2dddd-937e-46d5-85a4-1c8a1d3735e6,2021-11-09T07:00:00+01:00,2021-11-09,07:00:00,-1.70,48.08,35281,35136,35,Saint-Jacques-de-la-Lande (35),Rennes Metropole,France,2021-11-09T07:50:00+01:00,2021-11-09,07:50:00,-1.19,48.34,35115,35300,35,Fougères (35),Fougeres Agglomeration,France,1,C,56398,43,OUI
5098062,6409c7ea-7285-4eee-ba1f-2d75f79f82c1,2021-11-09T07:00:00+01:00,2021-11-09,07:00:00,-1.70,48.12,35238,35000,35,Rennes (35),Rennes Metropole,France,2021-11-09T08:00:00+01:00,2021-11-09,08:00:00,-2.53,48.46,22093,22400,22,Lamballe-Armor (22),Communaute D'Agglomeration Lamballe Terre-Mer,France,1,B,77938,56,OUI
5097911,906d485c-a30a-4387-9c67-ff61919c5517,2021-11-09T07:00:00+01:00,2021-11-09,07:00:00,-1.73,48.05,35047,35170,35,Bruz (35),Rennes Metropole,France,2021-11-09T08:00:00+01:00,2021-11-09,08:00:00,-0.78,48.07,53130,53000,53,Laval (53),Communaute D'Agglomeration De Laval,France,1,B,79542,59,OUI
5097691,435b3e00-2d7f-4db5-a54b-4afcca960bb9,2021-11-09T07:10:00+01:00,2021-11-09,07:10:00,-1.72,48.10,35238,35000,35,Rennes (35),Rennes Metropole,France,2021-11-09T08:10:00+01:00,2021-11-09,08:10:00,-0.80,48.06,53201,53940,53,Saint-Berthevin (53),Communaute D'Agglomeration De Laval,France,1,B,77948,56,OUI
5097972,8637bda4-ebe6-473e-bcbb-b862b6e0cb28,2021-11-09T07:20:00+01:00,2021-11-09,07:20:00,-1.84,48.07,35196,35310,35,Mordelles (35),Rennes Metropole,France,2021-11-09T07:40:00+01:00,2021-11-09,07:40:00,-1.73,48.10,35353,35132,35,Vezin-le-Coquet (35),Rennes Metropole,France,1,C,10762,11,NON
5097530,0dc4b44b-7f39-403d-89c5-7e3323b98e33,2021-11-09T07:20:00+01:00,2021-11-09,07:20:00,-1.63,48.12,35238,35000,35,Rennes (35),Rennes Metropole,France,2021-11-09T08:10:00+01:00,2021-11-09,08:10:00,-0.85,48.07,53201,53940,53,Saint-Berthevin (53),Communaute D'Agglomeration De Laval,France,1,B,63959,52,OUI
5067730,c5d70885-5585-4ba8-9ed0-d6701b02e87d,2021-11-09T07:30:00+01:00,2021-11-09,07:30:00,-1.19,47.97,35200,35130,35,Moutiers (35),Vitre Communaute,France,2021-11-09T07:50:00+01:00,2021-11-09,07:50:00,-1.18,48.11,35360,35500,35,Vitré (35),Vitre Communaute,France,1,C,17491,24,OUI
5098245,3eb34b77-4090-4a09-a99e-3844daed16f4,2021-11-09T07:30:00+01:00,2021-11-09,07:30:00,-1.61,48.10,35051,35510,35,Cesson-Sévigné (35),Rennes Metropole,France,2021-11-09T08:10:00+01:00,2021-11-09,08:10:00,-1.20,48.35,35115,35300,35,Fougères (35),Fougeres Agglomeration,France,1,B,45591,35,OUI
5098256,54525eb8-37b9-413f-aba3-d363883f6270,2021-11-09T07:30:00+01:00,2021-11-09,07:30:00,-1.67,48.09,35238,35000,35,Rennes (35),Rennes Metropole,France,2021-11-09T08:20:00+01:00,2021-11-09,08:20:00,-2.04,48.45,22050,22100,22,Dinan (22),Communaute D'Agglomeration Dinan Agglomeration,France,1,B,59948,50,OUI
5098339,bf378001-2b98-4ae6-b105-818f3d2d6b93,2021-11-09T07:30:00+01:00,2021-11-09,07:30:00,-1.75,48.14,35210,35740,35,Pacé (35),Rennes Metropole,France,2021-11-09T07:50:00+01:00,2021-11-09,07:50:00,-1.72,48.08,35281,35136,35,Saint-Jacques-de-la-Lande (35),Rennes Metropole,France,1,C,12048,12,OUI
5098570,ddf0cb80-ab5d-402b-9c3e-c0c36a619d8e,2021-11-09T07:30:00+01:00,2021-11-09,07:30:00,-1.48,48.10,35039,35530,35,Brécé (35),Rennes Metropole,France,2021-11-09T07:50:00+01:00,2021-11-09,07:50:00,-1.69,48.15,35278,35760,35,Saint-Grégoire (35),Rennes Metropole,France,1,C,20720,18,OUI
5098931,9d177941-63e6-4968-9bb3-81084c2be40b,2021-11-09T07:30:00+01:00,2021-11-09,07:30:00,-1.84,48.07,35196,35310,35,Mordelles (35),Rennes Metropole,France,2021-11-09T08:00:00+01:00,2021-11-09,08:00:00,-2.38,47.91,56165,56800,56,Ploërmel (56),,France,1,C,50109,35,OUI
5098917,67e0a238-3896-4d5c-bff8-229f4db8d118,2021-11-09T07:40:00+01:00,2021-11-09,07:40:00,-1.73,48.05,35047,35170,35,Bruz (35),Rennes Metropole,France,2021-11-09T08:00:00+01:00,2021-11-09,08:00:00,-1.69,48.15,35278,35760,35,Saint-Grégoire (35),Rennes Metropole,France,1,C,14348,15,OUI
5099001,5b50fea2-cf79-42a2-b226-909aee9f3097,2021-11-09T07:40:00+01:00,2021-11-09,07:40:00,-1.67,48.08,35238,35000,35,Rennes (35),Rennes Metropole,France,2021-11-09T08:00:00+01:00,2021-11-09,08:00:00,-1.71,48.11,35238,35000,35,Rennes (35),Rennes Metropole,France,1,C,8734,10,NON
5099310,506c96c4-9383-41ce-a7f1-e76009c3c9ab,2021-11-09T07:40:00+01:00,2021-11-09,07:40:00,-1.69,48.08,35281,35136,35,Saint-Jacques-de-la-Lande (35),Rennes Metropole,France,2021-11-09T08:30:00+01:00,2021-11-09,08:30:00,-2.39,47.92,56165,56800,56,Ploërmel (56),,France,1,B,66891,51,OUI
5099350,d70c43a8-96af-4b47-954b-4f4b9164f4e2,2021-11-09T07:40:00+01:00,2021-11-09,07:40:00,-1.65,48.10,35238,35000,35,Rennes (35),Rennes Metropole,France,2021-11-09T08:10:00+01:00,2021-11-09,08:10:00,-1.18,48.11,35360,35500,35,Vitré (35),Vitre Communaute,France,1,C,39126,35,OUI
5068966,3113ad95-c398-4e2d-a95b-e6ca6b2f7427,2021-11-09T07:40:00+01:00,2021-11-09,07:40:00,-1.61,48.11,35051,35510,35,Cesson-Sévigné (35),Rennes Metropole,France,2021-11-09T08:50:00+01:00,2021-11-09,08:50:00,-0.85,48.07,53201,53940,53,Saint-Berthevin (53),Communaute D'Agglomeration De Laval,France,1,B,61492,61,OUI
5068859,80f25738-14bd-4541-96c9-aafcc4d79a2f,2021-11-09T07:50:00+01:00,2021-11-09,07:50:00,-1.65,48.12,35238,35000,35,Rennes (35),Rennes Metropole,France,2021-11-09T08:40:00+01:00,2021-11-09,08:40:00,-1.26,48.07,35338,35370,35,Torcé (35),Vitre Communaute,France,1,C,33234,40,OUI
5098835,61a5a1e7-1ddd-4f88-8121-5c50167ebf2e,2021-11-09T07:50:00+01:00,2021-11-09,07:50:00,-1.67,48.11,35238,35000,35,Rennes (35),Rennes Metropole,France,2021-11-09T08:50:00+01:00,2021-11-09,08:50:00,-1.98,48.64,35288,35400,35,Saint-Malo (35),Saint-Malo Agglomeration,France,1,C,68613,56,OUI
5099279,1dddd9d8-7aab-40fe-9c27-36f09878445e,2021-11-09T07:50:00+01:00,2021-11-09,07:50:00,-1.65,48.13,35238,35000,35,Rennes (35),Rennes Metropole,France,2021-11-09T08:50:00+01:00,2021-11-09,08:50:00,-2.06,48.61,35093,35800,35,Dinard (35),,France,1,B,72714,55,OUI
5099280,c01c4286-f5ab-4153-9ad2-540606298d60,2021-11-09T07:50:00+01:00,2021-11-09,07:50:00,-1.69,48.10,35238,35000,35,Rennes (35),Rennes Metropole,France,2021-11-09T08:40:00+01:00,2021-11-09,08:40:00,-1.98,48.62,35288,35400,35,Saint-Malo (35),Saint-Malo Agglomeration,France,1,B,65705,50,OUI
5098675,68364ff4-2f58-4852-8813-c58566df541f,2021-11-09T07:50:00+01:00,2021-11-09,07:50:00,-1.61,48.10,35051,35510,35,Cesson-Sévigné (35),Rennes Metropole,France,2021-11-09T08:40:00+01:00,2021-11-09,08:40:00,-0.83,48.06,53201,53940,53,Saint-Berthevin (53),Communaute D'Agglomeration De Laval,France,1,B,61187,47,OUI
5069018,3113ad95-c398-4e2d-a95b-e6ca6b2f7427,2021-11-09T07:50:00+01:00,2021-11-09,07:50:00,-1.60,48.10,35051,35510,35,Cesson-Sévigné (35),Rennes Metropole,France,2021-11-09T08:50:00+01:00,2021-11-09,08:50:00,-0.85,48.07,53201,53940,53,Saint-Berthevin (53),Communaute D'Agglomeration De Laval,France,1,C,59047,60,OUI
5098271,f16285b4-d324-47e5-bd61-1afe265bd710,2021-11-09T08:00:00+01:00,2021-11-09,08:00:00,-1.69,48.13,35238,35000,35,Rennes (35),Rennes Metropole,France,2021-11-09T08:50:00+01:00,2021-11-09,08:50:00,-1.98,48.62,35288,35400,35,Saint-Malo (35),Saint-Malo Agglomeration,France,1,C,62816,45,OUI
5098767,bd7d4597-1917-460a-9658-d01a741dbbaa,2021-11-09T08:00:00+01:00,2021-11-09,08:00:00,-1.66,48.12,35238,35000,35,Rennes (35),Rennes Metropole,France,2021-11-09T08:40:00+01:00,2021-11-09,08:40:00,-1.22,48.35,35150,35133,35,Lécousse (35),Fougeres Agglomeration,France,1,B,45343,32,OUI
5099169,0a884e95-ece8-4048-992c-18da0bfa937e,2021-11-09T08:00:00+01:00,2021-11-09,08:00:00,-1.69,48.13,35278,35760,35,Saint-Grégoire (35),Rennes Metropole,France,2021-11-09T08:50:00+01:00,2021-11-09,08:50:00,-1.98,48.62,35288,35400,35,Saint-Malo (35),Saint-Malo Agglomeration,France,1,C,62585,46,OUI
5098286,4ad2b5a1-a26a-47ac-b31e-d2186e8e55cf,2021-11-09T08:10:00+01:00,2021-11-09,08:10:00,-1.67,48.09,35238,35000,35,Rennes (35),Rennes Metropole,France,2021-11-09T08:30:00+01:00,2021-11-09,08:30:00,-1.80,48.28,35317,35630,35,Saint-Symphorien (35),,France,1,C,24491,23,OUI
5099027,57f65493-0f1e-41cb-9ffb-5bd44b63bc8f,2021-11-09T08:20:00+01:00,2021-11-09,08:20:00,-1.78,48.22,35120,35850,35,Gévezé (35),Rennes Metropole,France,2021-11-09T08:40:00+01:00,2021-11-09,08:40:00,-1.69,48.15,35278,35760,35,Saint-Grégoire (35),Rennes Metropole,France,1,C,11925,12,OUI
5099505,937315a2-20e2-43ef-8e13-1731340f8b6c,2021-11-09T08:30:00+01:00,2021-11-09,08:30:00,-1.61,48.12,35051,35510,35,Cesson-Sévigné (35),Rennes Metropole,France,2021-11-09T08:40:00+01:00,2021-11-09,08:40:00,-1.69,48.15,35278,35760,35,Saint-Grégoire (35),Rennes Metropole,France,1,C,9097,10,OUI
5099621,aba008a0-c65c-4077-bcf8-ede5eb778dd7,2021-11-09T08:30:00+01:00,2021-11-09,08:30:00,-1.66,48.11,35238,35000,35,Rennes (35),Rennes Metropole,France,2021-11-09T08:40:00+01:00,2021-11-09,08:40:00,-1.62,48.09,35238,35000,35,Rennes (35),Rennes Metropole,France,1,B,4195,7,NON
5068780,b5b39176-f182-4496-bcbe-089647c8abe5,2021-11-09T08:30:00+01:00,2021-11-09,08:30:00,-1.79,48.09,35240,35650,35,Le Rheu (35),Rennes Metropole,France,2021-11-09T08:30:00+01:00,2021-11-09,08:30:00,-1.76,48.14,35210,35740,35,Pacé (35),Rennes Metropole,France,1,B,6829,0,NON
5068931,1b8eb20f-3c61-4697-98bc-39080c04c437,2021-11-09T08:40:00+01:00,2021-11-09,08:40:00,-1.79,48.09,35240,35650,35,Le Rheu (35),Rennes Metropole,France,2021-11-09T08:40:00+01:00,2021-11-09,08:40:00,-1.69,48.15,35278,35760,35,Saint-Grégoire (35),Rennes Metropole,France,1,B,12021,0,NON
5069893,d998da82-f518-411a-bd78-2cd4cd835091,2021-11-09T12:10:00+01:00,2021-11-09,12:10:00,-1.49,47.95,35136,35150,35,Janzé (35),,France,2021-11-09T12:40:00+01:00,2021-11-09,12:40:00,-1.22,47.93,35125,35130,35,La Guerche-de-Bretagne (35),Vitre Communaute,France,1,C,24621,30,OUI
5070708,b01d5244-da6b-4d47-99e0-c6917b6bebef,2021-11-09T16:10:00+01:00,2021-11-09,16:10:00,-1.62,48.13,35051,35510,35,Cesson-Sévigné (35),Rennes Metropole,France,2021-11-09T17:00:00+01:00,2021-11-09,17:00:00,-1.21,48.10,35360,35500,35,Vitré (35),Vitre Communaute,France,1,C,37702,46,OUI
5101211,68120175-5f4f-4506-ad5c-9d5538e54198,2021-11-09T16:50:00+01:00,2021-11-09,16:50:00,-1.64,48.09,35238,35000,35,Rennes (35),Rennes Metropole,France,2021-11-09T17:40:00+01:00,2021-11-09,17:40:00,-1.16,47.74,49248,49420,49,Ombrée d'Anjou (49),,France,1,B,58675,48,OUI
5101232,42b6b494-b9f4-41f0-8b62-8bbb9a0bd22e,2021-11-09T16:50:00+01:00,2021-11-09,16:50:00,-1.62,48.12,35051,35510,35,Cesson-Sévigné (35),Rennes Metropole,France,2021-11-09T17:30:00+01:00,2021-11-09,17:30:00,-1.90,48.40,35226,35720,35,Pleugueneuc (35),Communauté de communes Bretagne Romantique,France,1,C,42097,33,OUI
5071451,12751a53-a50a-480b-8fd1-b5d9e79f9776,2021-11-09T17:00:00+01:00,2021-11-09,17:00:00,-1.62,48.09,35238,35000,35,Rennes (35),Rennes Metropole,France,2021-11-09T17:40:00+01:00,2021-11-09,17:40:00,-1.20,48.12,35360,35500,35,Vitré (35),Vitre Communaute,France,1,C,36033,40,OUI
5101159,94838d54-c6ba-4d08-83c3-598b1e847ef6,2021-11-09T17:00:00+01:00,2021-11-09,17:00:00,-1.73,48.05,35047,35170,35,Bruz (35),Rennes Metropole,France,2021-11-09T17:50:00+01:00,2021-11-09,17:50:00,-1.20,48.35,35115,35300,35,Fougères (35),Fougeres Agglomeration,France,1,B,58621,46,OUI
5101271,5c1ccae0-f509-49e8-b446-39ffbff069d3,2021-11-09T17:00:00+01:00,2021-11-09,17:00:00,-1.68,48.15,35278,35760,35,Saint-Grégoire (35),Rennes Metropole,France,2021-11-09T17:20:00+01:00,2021-11-09,17:20:00,-1.48,48.10,35039,35530,35,Brécé (35),Rennes Metropole,France,1,C,22069,20,OUI
5101383,4848ab63-f93a-4963-ac06-6992ddaf58f7,2021-11-09T17:00:00+01:00,2021-11-09,17:00:00,-1.73,48.05,35047,35170,35,Bruz (35),Rennes Metropole,France,2021-11-09T17:30:00+01:00,2021-11-09,17:30:00,-1.48,48.11,35039,35530,35,Brécé (35),Rennes Metropole,France,1,C,24394,22,OUI
5101116,368bc127-269c-4aad-9308-8e67c2d5e032,2021-11-09T17:20:00+01:00,2021-11-09,17:20:00,-1.62,48.09,35051,35510,35,Cesson-Sévigné (35),Rennes Metropole,France,2021-11-09T17:30:00+01:00,2021-11-09,17:30:00,-1.65,48.11,35238,35000,35,Rennes (35),Rennes Metropole,France,1,C,4013,7,NON
5071680,12751a53-a50a-480b-8fd1-b5d9e79f9776,2021-11-09T17:30:00+01:00,2021-11-09,17:30:00,-1.62,48.13,35051,35510,35,Cesson-Sévigné (35),Rennes Metropole,France,2021-11-09T18:10:00+01:00,2021-11-09,18:10:00,-1.20,48.12,35360,35500,35,Vitré (35),Vitre Communaute,France,1,B,38317,47,OUI
5102140,45ddbaf7-60e9-4e6d-b8db-121cab43d510,2021-11-09T17:30:00+01:00,2021-11-09,17:30:00,-1.62,48.13,35051,35510,35,Cesson-Sévigné (35),Rennes Metropole,France,2021-11-09T18:20:00+01:00,2021-11-09,18:20:00,-2.02,48.45,22118,22100,22,Lanvallay (22),Communaute D'Agglomeration Dinan Agglomeration,France,1,C,53045,41,OUI
5102226,b83f52e4-9b27-498f-b6b2-de00a59fbf50,2021-11-09T17:30:00+01:00,2021-11-09,17:30:00,-1.67,48.08,35238,35000,35,Rennes (35),Rennes Metropole,France,2021-11-09T18:30:00+01:00,2021-11-09,18:30:00,-1.97,48.59,35284,35430,35,Saint-Jouan-des-Guérets (35),Saint-Malo Agglomeration,France,1,C,68515,51,OUI
5102422,3d2f0f60-933a-444d-aba7-dd15d739c613,2021-11-09T17:30:00+01:00,2021-11-09,17:30:00,-1.22,48.35,35150,35133,35,Lécousse (35),Fougeres Agglomeration,France,2021-11-09T18:00:00+01:00,2021-11-09,18:00:00,-1.66,48.13,35238,35000,35,Rennes (35),Rennes Metropole,France,1,B,45158,32,OUI
5102159,bbb0551d-9119-45da-8101-1f0500e1b35d,2021-11-09T17:30:00+01:00,2021-11-09,17:30:00,-1.70,48.09,35281,35136,35,Saint-Jacques-de-la-Lande (35),Rennes Metropole,France,2021-11-09T19:10:00+01:00,2021-11-09,19:10:00,-0.56,47.46,49007,49000,49,Angers (49),Angers Loire Metropole,France,1,B,127586,99,OUI
5102335,b5c31c38-69f9-4263-9a33-26f9b79a617b,2021-11-09T17:50:00+01:00,2021-11-09,17:50:00,-1.60,48.11,35051,35510,35,Cesson-Sévigné (35),Rennes Metropole,France,2021-11-09T18:30:00+01:00,2021-11-09,18:30:00,-1.90,48.40,35226,35720,35,Pleugueneuc (35),Communauté de communes Bretagne Romantique,France,1,C,44199,37,OUI
5101757,0185a353-cd89-4045-80ca-a7cfa4fffafe,2021-11-09T18:00:00+01:00,2021-11-09,18:00:00,-1.68,48.03,35206,35230,35,Noyal-Châtillon-sur-Seiche (35),Rennes Metropole,France,2021-11-09T18:20:00+01:00,2021-11-09,18:20:00,-1.66,47.93,35090,35320,35,Crevin (35),,France,1,C,13341,11,OUI
5101821,b83e5f61-9ad1-463c-aab1-46645bd36e39,2021-11-09T18:00:00+01:00,2021-11-09,18:00:00,-1.70,48.12,35238,35000,35,Rennes (35),Rennes Metropole,France,2021-11-09T18:50:00+01:00,2021-11-09,18:50:00,-1.99,48.62,35288,35400,35,Saint-Malo (35),Saint-Malo Agglomeration,France,1,C,63499,47,OUI
5101869,bf6e3317-be88-42ec-a4b8-ab8ccc6cdc57,2021-11-09T18:00:00+01:00,2021-11-09,18:00:00,-1.62,48.13,35051,35510,35,Cesson-Sévigné (35),Rennes Metropole,France,2021-11-09T18:20:00+01:00,2021-11-09,18:20:00,-1.60,48.23,35197,35250,35,Mouazé (35),,France,1,C,12484,11,OUI
5102041,cd32c57d-645e-4140-9d6a-eea822dd78df,2021-11-09T18:00:00+01:00,2021-11-09,18:00:00,-1.69,48.12,35238,35000,35,Rennes (35),Rennes Metropole,France,2021-11-09T18:50:00+01:00,2021-11-09,18:50:00,-1.97,48.59,35284,35430,35,Saint-Jouan-des-Guérets (35),Saint-Malo Agglomeration,France,1,B,60281,45,OUI
5102069,d8d8f50a-24d9-40c8-bb59-ca28f3eed981,2021-11-09T18:00:00+01:00,2021-11-09,18:00:00,-1.63,48.12,35238,35000,35,Rennes (35),Rennes Metropole,France,2021-11-09T18:10:00+01:00,2021-11-09,18:10:00,-1.68,48.12,35238,35000,35,Rennes (35),Rennes Metropole,France,1,C,4755,8,OUI
5102476,7e867622-35ad-47a3-9e4a-403a68685094,2021-11-09T18:00:00+01:00,2021-11-09,18:00:00,-1.63,48.09,35238,35000,35,Rennes (35),Rennes Metropole,France,2021-11-09T18:40:00+01:00,2021-11-09,18:40:00,-1.19,48.33,35115,35300,35,Fougères (35),Fougeres Agglomeration,France,1,B,51958,37,OUI
5103247,14a3cf3e-87b8-4f50-aadb-8f34ec02ddc7,2021-11-09T20:30:00+01:00,2021-11-09,20:30:00,-1.65,48.08,35238,35000,35,Rennes (35),Rennes Metropole,France,2021-11-09T21:00:00+01:00,2021-11-09,21:00:00,-1.85,48.32,35337,35190,35,Tinténiac (35),Communauté de communes Bretagne Romantique,France,1,C,35939,29,OUI
5076471,adaf5f12-b1fa-4e5a-b556-a6c16e516f88,2021-11-10T05:30:00+01:00,2021-11-10,05:30:00,-1.65,48.08,35238,35000,35,Rennes (35),Rennes Metropole,France,2021-11-10T06:10:00+01:00,2021-11-10,06:10:00,-1.19,48.07,35109,35370,35,Étrelles (35),Vitre Communaute,France,1,B,37850,39,OUI
5076472,adaf5f12-b1fa-4e5a-b556-a6c16e516f88,2021-11-10T05:30:00+01:00,2021-11-10,05:30:00,-1.65,48.08,35238,35000,35,Rennes (35),Rennes Metropole,France,2021-11-10T06:10:00+01:00,2021-11-10,06:10:00,-1.19,48.07,35109,35370,35,Étrelles (35),Vitre Communaute,France,1,C,37850,39,OUI
5105764,0a408a01-aae3-4be1-b473-e4fb2f4df71e,2021-11-10T06:00:00+01:00,2021-11-10,06:00:00,-1.67,48.08,35238,35000,35,Rennes (35),Rennes Metropole,France,2021-11-10T07:10:00+01:00,2021-11-10,07:10:00,-1.58,47.26,44114,44700,44,Orvault (44),Nantes Metropole,France,1,C,97476,68,OUI
5105884,8ae93dd1-56b4-43e7-8652-00ebdca9b907,2021-11-10T06:50:00+01:00,2021-11-10,06:50:00,-1.70,48.12,35238,35000,35,Rennes (35),Rennes Metropole,France,2021-11-10T08:10:00+01:00,2021-11-10,08:10:00,-1.58,47.26,44114,44700,44,Orvault (44),Nantes Metropole,France,1,B,105150,76,OUI
5106588,76666e42-3d82-4382-996a-fb1badac86aa,2021-11-10T06:50:00+01:00,2021-11-10,06:50:00,-1.67,48.08,35238,35000,35,Rennes (35),Rennes Metropole,France,2021-11-10T08:00:00+01:00,2021-11-10,08:00:00,-1.58,47.26,44114,44700,44,Orvault (44),Nantes Metropole,France,1,C,97476,68,OUI
5106118,76666e42-3d82-4382-996a-fb1badac86aa,2021-11-10T06:50:00+01:00,2021-11-10,06:50:00,-1.67,48.08,35238,35000,35,Rennes (35),Rennes Metropole,France,2021-11-10T08:00:00+01:00,2021-11-10,08:00:00,-1.58,47.26,44114,44700,44,Orvault (44),Nantes Metropole,France,1,C,97476,68,OUI
5106177,5aaf7352-cd80-4980-99d2-7a06741b78d7,2021-11-10T07:00:00+01:00,2021-11-10,07:00:00,-1.73,48.05,35047,35170,35,Bruz (35),Rennes Metropole,France,2021-11-10T07:20:00+01:00,2021-11-10,07:20:00,-1.61,48.10,35051,35510,35,Cesson-Sévigné (35),Rennes Metropole,France,1,C,14600,14,OUI
5106287,afda5aa7-6ddf-425a-ba01-b33334f0045e,2021-11-10T07:00:00+01:00,2021-11-10,07:00:00,-1.70,48.03,35066,35131,35,Chartres-de-Bretagne (35),Rennes Metropole,France,2021-11-10T07:10:00+01:00,2021-11-10,07:10:00,-1.71,48.10,35238,35000,35,Rennes (35),Rennes Metropole,France,1,C,9221,9,OUI
5106322,00848acd-5f57-4f0a-9be6-1030823cbdfe,2021-11-10T07:00:00+01:00,2021-11-10,07:00:00,-1.70,48.12,35238,35000,35,Rennes (35),Rennes Metropole,France,2021-11-10T08:00:00+01:00,2021-11-10,08:00:00,-2.53,48.46,22093,22400,22,Lamballe-Armor (22),Communaute D'Agglomeration Lamballe Terre-Mer,France,1,B,77938,56,OUI
5106366,35b033e0-bc79-4aae-ab3b-163936929152,2021-11-10T07:00:00+01:00,2021-11-10,07:00:00,-1.70,48.08,35281,35136,35,Saint-Jacques-de-la-Lande (35),Rennes Metropole,France,2021-11-10T07:50:00+01:00,2021-11-10,07:50:00,-1.19,48.34,35115,35300,35,Fougères (35),Fougeres Agglomeration,France,1,B,56398,43,OUI
5105883,bd72e0a9-95ba-4dc0-9ac7-33743ef1192f,2021-11-10T07:20:00+01:00,2021-11-10,07:20:00,-1.84,48.07,35196,35310,35,Mordelles (35),Rennes Metropole,France,2021-11-10T07:40:00+01:00,2021-11-10,07:40:00,-1.73,48.10,35353,35132,35,Vezin-le-Coquet (35),Rennes Metropole,France,1,C,10762,11,NON
5106498,342ca1ae-af98-4b73-9459-a2f4c3409822,2021-11-10T07:20:00+01:00,2021-11-10,07:20:00,-1.70,48.12,35238,35000,35,Rennes (35),Rennes Metropole,France,2021-11-10T08:30:00+01:00,2021-11-10,08:30:00,-2.75,48.50,22278,22000,22,Saint-Brieuc (22),Saint-Brieuc Armor Agglomeration,France,1,C,96569,69,OUI
5106009,2c4f88b5-2c4d-4e58-82ab-501933d779a8,2021-11-10T07:20:00+01:00,2021-11-10,07:20:00,-1.63,48.12,35238,35000,35,Rennes (35),Rennes Metropole,France,2021-11-10T08:10:00+01:00,2021-11-10,08:10:00,-0.85,48.07,53201,53940,53,Saint-Berthevin (53),Communaute D'Agglomeration De Laval,France,1,B,63959,52,OUI
5076823,e6e6b4d6-abc8-4954-9db7-e4e062a4e54d,2021-11-10T07:30:00+01:00,2021-11-10,07:30:00,-1.19,47.97,35200,35130,35,Moutiers (35),Vitre Communaute,France,2021-11-10T07:50:00+01:00,2021-11-10,07:50:00,-1.17,48.10,35360,35500,35,Vitré (35),Vitre Communaute,France,1,C,18362,23,OUI
5106828,23a04422-b855-4087-823a-240e7fa14b51,2021-11-10T07:30:00+01:00,2021-11-10,07:30:00,-1.61,48.10,35051,35510,35,Cesson-Sévigné (35),Rennes Metropole,France,2021-11-10T08:10:00+01:00,2021-11-10,08:10:00,-1.20,48.35,35115,35300,35,Fougères (35),Fougeres Agglomeration,France,1,B,45591,35,OUI
5106933,5bf89e50-0c52-4a58-b368-9552b3c9619a,2021-11-10T07:30:00+01:00,2021-11-10,07:30:00,-1.67,48.11,35238,35000,35,Rennes (35),Rennes Metropole,France,2021-11-10T08:20:00+01:00,2021-11-10,08:20:00,-2.39,47.93,56165,56800,56,Ploërmel (56),,France,1,B,67786,53,OUI
5106952,be27e433-10f0-4817-bb41-9e4f890cb6d1,2021-11-10T07:30:00+01:00,2021-11-10,07:30:00,-1.84,48.07,35196,35310,35,Mordelles (35),Rennes Metropole,France,2021-11-10T08:00:00+01:00,2021-11-10,08:00:00,-2.38,47.91,56165,56800,56,Ploërmel (56),,France,1,C,50109,35,OUI
5107021,73da1e87-f240-4339-bbc0-833b32cc186d,2021-11-10T07:30:00+01:00,2021-11-10,07:30:00,-1.48,48.10,35039,35530,35,Brécé (35),Rennes Metropole,France,2021-11-10T07:50:00+01:00,2021-11-10,07:50:00,-1.69,48.15,35278,35760,35,Saint-Grégoire (35),Rennes Metropole,France,1,C,20720,18,OUI
5107260,d3fbe308-bbc2-4272-8fc5-edfc83c97c5b,2021-11-10T07:30:00+01:00,2021-11-10,07:30:00,-1.75,48.14,35210,35740,35,Pacé (35),Rennes Metropole,France,2021-11-10T07:50:00+01:00,2021-11-10,07:50:00,-1.72,48.08,35281,35136,35,Saint-Jacques-de-la-Lande (35),Rennes Metropole,France,1,B,12048,12,OUI
5107306,0abb389a-7ab6-41fa-9b58-227702c07bde,2021-11-10T07:30:00+01:00,2021-11-10,07:30:00,-1.84,48.07,35196,35310,35,Mordelles (35),Rennes Metropole,France,2021-11-10T07:50:00+01:00,2021-11-10,07:50:00,-1.70,48.11,35238,35000,35,Rennes (35),Rennes Metropole,France,1,B,14464,16,OUI
5107459,14c8651b-1750-49b4-a498-9cca4f115db4,2021-11-10T07:30:00+01:00,2021-11-10,07:30:00,-1.70,48.09,35281,35136,35,Saint-Jacques-de-la-Lande (35),Rennes Metropole,France,2021-11-10T08:20:00+01:00,2021-11-10,08:20:00,-2.04,48.45,22050,22100,22,Dinan (22),Communaute D'Agglomeration Dinan Agglomeration,France,1,B,57087,46,OUI
5078049,744ff23d-ece1-42f3-b129-376e31544e51,2021-11-10T07:30:00+01:00,2021-11-10,07:30:00,-1.67,48.09,35238,35000,35,Rennes (35),Rennes Metropole,France,2021-11-10T08:40:00+01:00,2021-11-10,08:40:00,-0.85,48.07,53201,53940,53,Saint-Berthevin (53),Communaute D'Agglomeration De Laval,France,1,C,67595,71,OUI
5107296,fffc9d14-21d4-477e-a644-f00350214f1d,2021-11-10T07:40:00+01:00,2021-11-10,07:40:00,-1.69,48.13,35278,35760,35,Saint-Grégoire (35),Rennes Metropole,France,2021-11-10T08:30:00+01:00,2021-11-10,08:30:00,-1.98,48.62,35288,35400,35,Saint-Malo (35),Saint-Malo Agglomeration,France,1,C,62637,45,OUI
5107395,b908e244-7623-4747-8881-1315f740c488,2021-11-10T07:40:00+01:00,2021-11-10,07:40:00,-1.73,48.05,35047,35170,35,Bruz (35),Rennes Metropole,France,2021-11-10T07:50:00+01:00,2021-11-10,07:50:00,-1.71,48.10,35238,35000,35,Rennes (35),Rennes Metropole,France,1,B,8239,10,OUI
5107501,cc09a60d-f401-4c3a-b8ea-e62e2635ee61,2021-11-10T07:40:00+01:00,2021-11-10,07:40:00,-1.76,48.02,35047,35170,35,Bruz (35),Rennes Metropole,France,2021-11-10T08:00:00+01:00,2021-11-10,08:00:00,-1.68,48.10,35238,35000,35,Rennes (35),Rennes Metropole,France,1,B,11943,14,OUI
5107209,9e31ecff-c6a4-48df-affe-28befe31a33d,2021-11-10T07:40:00+01:00,2021-11-10,07:40:00,-1.61,48.10,35051,35510,35,Cesson-Sévigné (35),Rennes Metropole,France,2021-11-10T08:30:00+01:00,2021-11-10,08:30:00,-0.83,48.06,53201,53940,53,Saint-Berthevin (53),Communaute D'Agglomeration De Laval,France,1,B,61187,47,OUI
5107380,59103c87-428f-44b5-b6a3-e84e8c0c4d2e,2021-11-10T07:40:00+01:00,2021-11-10,07:40:00,-1.69,47.97,35139,35890,35,Laillé (35),Rennes Metropole,France,2021-11-10T08:40:00+01:00,2021-11-10,08:40:00,-1.58,47.26,44114,44700,44,Orvault (44),Nantes Metropole,France,1,B,84901,59,OUI
5076723,2a0b0aae-566b-4262-8732-357ce1c11297,2021-11-10T07:50:00+01:00,2021-11-10,07:50:00,-1.79,48.09,35240,35650,35,Le Rheu (35),Rennes Metropole,France,2021-11-10T07:50:00+01:00,2021-11-10,07:50:00,-1.69,48.15,35278,35760,35,Saint-Grégoire (35),Rennes Metropole,France,1,B,12021,0,NON
5077364,3d865911-1aa5-4d2d-aaf4-baa8dceb4bdf,2021-11-10T07:50:00+01:00,2021-11-10,07:50:00,-1.61,48.11,35051,35510,35,Cesson-Sévigné (35),Rennes Metropole,France,2021-11-10T08:50:00+01:00,2021-11-10,08:50:00,-0.85,48.07,53201,53940,53,Saint-Berthevin (53),Communaute D'Agglomeration De Laval,France,1,C,61492,61,OUI
5106885,53a70390-7726-494d-a87c-8c28b2240c77,2021-11-10T07:50:00+01:00,2021-11-10,07:50:00,-1.67,48.11,35238,35000,35,Rennes (35),Rennes Metropole,France,2021-11-10T08:50:00+01:00,2021-11-10,08:50:00,-1.98,48.64,35288,35400,35,Saint-Malo (35),Saint-Malo Agglomeration,France,1,C,68613,56,OUI
5106965,43b7f96f-5f65-4cda-b2a7-d71603c4a628,2021-11-10T07:50:00+01:00,2021-11-10,07:50:00,-1.69,48.10,35238,35000,35,Rennes (35),Rennes Metropole,France,2021-11-10T08:40:00+01:00,2021-11-10,08:40:00,-1.98,48.62,35288,35400,35,Saint-Malo (35),Saint-Malo Agglomeration,France,1,B,65705,50,OUI
5107073,c7819e17-dbfa-4b37-97f2-06d357f2ae3c,2021-11-10T07:50:00+01:00,2021-11-10,07:50:00,-1.70,48.01,35363,35131,35,Pont-Péan (35),Rennes Metropole,France,2021-11-10T08:00:00+01:00,2021-11-10,08:00:00,-1.67,48.08,35238,35000,35,Rennes (35),Rennes Metropole,France,1,C,9071,9,NON
5107226,ec487158-25b1-4c44-b6ba-72bf37ac2aa9,2021-11-10T07:50:00+01:00,2021-11-10,07:50:00,-1.65,48.13,35238,35000,35,Rennes (35),Rennes Metropole,France,2021-11-10T08:40:00+01:00,2021-11-10,08:40:00,-1.99,48.62,35288,35400,35,Saint-Malo (35),Saint-Malo Agglomeration,France,1,B,64922,48,OUI
5106630,b826b4ff-a661-4627-b5ab-40519bd0026b,2021-11-10T08:00:00+01:00,2021-11-10,08:00:00,-1.57,48.14,35334,35235,35,Thorigné-Fouillard (35),Rennes Metropole,France,2021-11-10T08:40:00+01:00,2021-11-10,08:40:00,-1.17,48.33,35137,35133,35,Javené (35),Fougeres Agglomeration,France,1,B,44401,31,OUI
5106753,166b2b6c-46a8-42b9-a667-08c72bd5aaf2,2021-11-10T08:00:00+01:00,2021-11-10,08:00:00,-1.66,48.09,35238,35000,35,Rennes (35),Rennes Metropole,France,2021-11-10T09:00:00+01:00,2021-11-10,09:00:00,-1.98,48.62,35288,35400,35,Saint-Malo (35),Saint-Malo Agglomeration,France,1,C,68073,54,OUI
5107491,e61028d2-1061-4592-876e-07f761472266,2021-11-10T08:00:00+01:00,2021-11-10,08:00:00,-1.65,48.09,35238,35000,35,Rennes (35),Rennes Metropole,France,2021-11-10T08:20:00+01:00,2021-11-10,08:20:00,-1.73,48.03,35047,35170,35,Bruz (35),Rennes Metropole,France,1,B,10947,13,OUI
5076956,565a0f23-4d18-4f40-b32d-909a6991d8de,2021-11-10T08:10:00+01:00,2021-11-10,08:10:00,-1.76,48.14,35210,35740,35,Pacé (35),Rennes Metropole,France,2021-11-10T08:10:00+01:00,2021-11-10,08:10:00,-1.62,48.13,35051,35510,35,Cesson-Sévigné (35),Rennes Metropole,France,1,B,12655,0,NON
5077358,068c2933-14ee-4ce9-af07-b26e4b882e4e,2021-11-10T08:10:00+01:00,2021-11-10,08:10:00,-1.65,48.09,35238,35000,35,Rennes (35),Rennes Metropole,France,2021-11-10T08:50:00+01:00,2021-11-10,08:50:00,-1.26,48.07,35338,35370,35,Torcé (35),Vitre Communaute,France,1,C,31979,35,OUI
5077445,50f62329-87f2-4053-8166-df3aa5705fb6,2021-11-10T08:10:00+01:00,2021-11-10,08:10:00,-1.71,48.12,35238,35000,35,Rennes (35),Rennes Metropole,France,2021-11-10T09:00:00+01:00,2021-11-10,09:00:00,-1.19,48.06,35109,35370,35,Étrelles (35),Vitre Communaute,France,1,C,45580,46,OUI
5106973,29ce3912-8816-481b-a111-ed3b36332b42,2021-11-10T08:10:00+01:00,2021-11-10,08:10:00,-1.57,48.16,35334,35235,35,Thorigné-Fouillard (35),Rennes Metropole,France,2021-11-10T08:20:00+01:00,2021-11-10,08:20:00,-1.68,48.15,35278,35760,35,Saint-Grégoire (35),Rennes Metropole,France,1,C,9411,11,NON
5106988,5deb6279-f5c5-4261-99f6-4f38b539934c,2021-11-10T08:10:00+01:00,2021-11-10,08:10:00,-1.68,48.12,35238,35000,35,Rennes (35),Rennes Metropole,France,2021-11-10T08:30:00+01:00,2021-11-10,08:30:00,-1.80,48.28,35317,35630,35,Saint-Symphorien (35),,France,1,C,20734,17,OUI
5077399,068c2933-14ee-4ce9-af07-b26e4b882e4e,2021-11-10T08:20:00+01:00,2021-11-10,08:20:00,-1.63,48.09,35238,35000,35,Rennes (35),Rennes Metropole,France,2021-11-10T08:50:00+01:00,2021-11-10,08:50:00,-1.26,48.07,35338,35370,35,Torcé (35),Vitre Communaute,France,1,C,30183,31,OUI
5077429,dd5ca6ba-60ba-442f-9f08-4e1bbc9ee728,2021-11-10T08:20:00+01:00,2021-11-10,08:20:00,-1.64,48.12,35238,35000,35,Rennes (35),Rennes Metropole,France,2021-11-10T08:50:00+01:00,2021-11-10,08:50:00,-1.26,48.07,35338,35370,35,Torcé (35),Vitre Communaute,France,1,C,31785,36,OUI
5077433,dd5ca6ba-60ba-442f-9f08-4e1bbc9ee728,2021-11-10T08:20:00+01:00,2021-11-10,08:20:00,-1.65,48.12,35238,35000,35,Rennes (35),Rennes Metropole,France,2021-11-10T08:50:00+01:00,2021-11-10,08:50:00,-1.26,48.07,35338,35370,35,Torcé (35),Vitre Communaute,France,1,C,33386,39,OUI
5077153,6f3da099-ac74-49f2-a2d4-6410a1adc06d,2021-11-10T08:30:00+01:00,2021-11-10,08:30:00,-1.76,48.14,35210,35740,35,Pacé (35),Rennes Metropole,France,2021-11-10T08:30:00+01:00,2021-11-10,08:30:00,-1.62,48.13,35051,35510,35,Cesson-Sévigné (35),Rennes Metropole,France,1,B,12655,0,NON
5107654,43453638-014d-4caa-af9f-0a0957017b2d,2021-11-10T08:30:00+01:00,2021-11-10,08:30:00,-1.66,48.11,35238,35000,35,Rennes (35),Rennes Metropole,France,2021-11-10T08:40:00+01:00,2021-11-10,08:40:00,-1.62,48.09,35238,35000,35,Rennes (35),Rennes Metropole,France,1,B,4195,7,NON
5107708,02964d3a-f47f-4813-ab80-e710d9928128,2021-11-10T08:30:00+01:00,2021-11-10,08:30:00,-1.61,48.12,35051,35510,35,Cesson-Sévigné (35),Rennes Metropole,France,2021-11-10T08:40:00+01:00,2021-11-10,08:40:00,-1.69,48.15,35278,35760,35,Saint-Grégoire (35),Rennes Metropole,France,1,C,9097,10,OUI
5107687,0b8ddffc-17e2-4778-b8b9-df0e69268792,2021-11-10T08:40:00+01:00,2021-11-10,08:40:00,-1.70,48.11,35238,35000,35,Rennes (35),Rennes Metropole,France,2021-11-10T08:50:00+01:00,2021-11-10,08:50:00,-1.68,48.13,35278,35760,35,Saint-Grégoire (35),Rennes Metropole,France,1,C,4094,7,OUI
5107695,e3868d3c-41f8-4998-b1b8-524e2a1127d1,2021-11-10T09:20:00+01:00,2021-11-10,09:20:00,-1.84,48.07,35196,35310,35,Mordelles (35),Rennes Metropole,France,2021-11-10T09:30:00+01:00,2021-11-10,09:30:00,-1.76,48.14,35210,35740,35,Pacé (35),Rennes Metropole,France,1,C,11285,12,OUI
5107939,56045899-e1fd-4258-ad4a-f7c51d1537a7,2021-11-10T11:00:00+01:00,2021-11-10,11:00:00,-1.70,48.11,35238,35000,35,Rennes (35),Rennes Metropole,France,2021-11-10T11:40:00+01:00,2021-11-10,11:40:00,-1.19,48.06,35109,35370,35,Étrelles (35),Vitre Communaute,France,1,C,45065,35,OUI
5108137,b2edf274-01e9-43d7-b756-4462d4f99566,2021-11-10T12:20:00+01:00,2021-11-10,12:20:00,-1.61,48.08,35055,35135,35,Chantepie (35),Rennes Metropole,France,2021-11-10T12:30:00+01:00,2021-11-10,12:30:00,-1.50,48.04,35069,35410,35,Châteaugiron (35),,France,1,C,9634,10,NON
5078165,66a981f0-e855-4b3d-9925-70090ef77d20,2021-11-10T12:30:00+01:00,2021-11-10,12:30:00,-1.49,47.95,35136,35150,35,Janzé (35),,France,2021-11-10T13:00:00+01:00,2021-11-10,13:00:00,-1.22,47.93,35125,35130,35,La Guerche-de-Bretagne (35),Vitre Communaute,France,1,C,24621,30,OUI
5108340,6a1644f5-24d3-442c-b0b3-c7277a7ca572,2021-11-10T12:30:00+01:00,2021-11-10,12:30:00,-1.68,48.11,35238,35000,35,Rennes (35),Rennes Metropole,France,2021-11-10T12:50:00+01:00,2021-11-10,12:50:00,-1.73,48.20,35177,35520,35,La Mézière (35),,France,1,C,11148,12,OUI
5108781,c830633f-74e2-4892-b0b1-5fded19dcb01,2021-11-10T16:20:00+01:00,2021-11-10,16:20:00,-1.62,48.14,35051,35510,35,Cesson-Sévigné (35),Rennes Metropole,France,2021-11-10T16:50:00+01:00,2021-11-10,16:50:00,-1.21,48.10,35360,35500,35,Vitré (35),Vitre Communaute,France,1,B,36517,29,OUI
5078933,9d8f0bee-a9c7-4549-989f-fba77cac4a43,2021-11-10T16:50:00+01:00,2021-11-10,16:50:00,-1.66,48.12,35238,35000,35,Rennes (35),Rennes Metropole,France,2021-11-10T17:40:00+01:00,2021-11-10,17:40:00,-1.20,48.10,35360,35500,35,Vitré (35),Vitre Communaute,France,1,C,43246,50,OUI
5109430,d90962ee-1702-4bf9-b3f4-2068557eaa96,2021-11-10T17:00:00+01:00,2021-11-10,17:00:00,-1.62,48.13,35051,35510,35,Cesson-Sévigné (35),Rennes Metropole,France,2021-11-10T17:20:00+01:00,2021-11-10,17:20:00,-1.60,48.23,35197,35250,35,Mouazé (35),,France,1,C,12484,11,OUI
5109464,c696c767-491d-456b-a69f-7f1d4ad11380,2021-11-10T17:00:00+01:00,2021-11-10,17:00:00,-1.73,48.05,35047,35170,35,Bruz (35),Rennes Metropole,France,2021-11-10T17:50:00+01:00,2021-11-10,17:50:00,-1.20,48.35,35115,35300,35,Fougères (35),Fougeres Agglomeration,France,1,B,58621,46,OUI
5109086,96f93774-fe7a-421d-a276-bb960b90380c,2021-11-10T17:10:00+01:00,2021-11-10,17:10:00,-1.69,48.13,35278,35760,35,Saint-Grégoire (35),Rennes Metropole,France,2021-11-10T17:40:00+01:00,2021-11-10,17:40:00,-1.39,48.26,35253,35140,35,Saint-Aubin-du-Cormier (35),,France,1,C,29024,22,OUI
5109094,c7cf4028-6fbf-431c-bc79-cc65ae0159b3,2021-11-10T17:20:00+01:00,2021-11-10,17:20:00,-1.71,48.11,35238,35000,35,Rennes (35),Rennes Metropole,France,2021-11-10T18:00:00+01:00,2021-11-10,18:00:00,-2.02,48.45,22118,22100,22,Lanvallay (22),Communaute D'Agglomeration Dinan Agglomeration,France,1,B,50908,40,OUI
5109984,2aa6f7f7-ff63-4037-9aad-c3c119bd60d0,2021-11-10T17:30:00+01:00,2021-11-10,17:30:00,-1.68,48.12,35238,35000,35,Rennes (35),Rennes Metropole,France,2021-11-10T18:20:00+01:00,2021-11-10,18:20:00,-2.04,48.45,22050,22100,22,Dinan (22),Communaute D'Agglomeration Dinan Agglomeration,France,1,C,51136,41,OUI
5110226,3635e451-6d3a-4ff8-84c2-0ce149c7b876,2021-11-10T17:30:00+01:00,2021-11-10,17:30:00,-1.62,48.13,35051,35510,35,Cesson-Sévigné (35),Rennes Metropole,France,2021-11-10T18:10:00+01:00,2021-11-10,18:10:00,-1.90,48.40,35226,35720,35,Pleugueneuc (35),Communauté de communes Bretagne Romantique,France,1,B,40669,30,OUI
5110401,f30327d6-7fed-4cbf-934a-334e5d04c4be,2021-11-10T17:30:00+01:00,2021-11-10,17:30:00,-1.67,48.09,35238,35000,35,Rennes (35),Rennes Metropole,France,2021-11-10T18:00:00+01:00,2021-11-10,18:00:00,-1.49,48.21,35152,35340,35,Liffré (35),,France,1,B,25657,23,OUI
5079043,252cb927-8669-4c97-8683-8209417af10e,2021-11-10T18:00:00+01:00,2021-11-10,18:00:00,-1.69,48.15,35278,35760,35,Saint-Grégoire (35),Rennes Metropole,France,2021-11-10T18:00:00+01:00,2021-11-10,18:00:00,-1.79,48.09,35240,35650,35,Le Rheu (35),Rennes Metropole,France,1,B,11773,0,NON
5109993,1185372a-7bfb-48f7-9450-ff47928dafd2,2021-11-10T18:00:00+01:00,2021-11-10,18:00:00,-1.62,48.09,35238,35000,35,Rennes (35),Rennes Metropole,France,2021-11-10T18:10:00+01:00,2021-11-10,18:10:00,-1.65,48.11,35238,35000,35,Rennes (35),Rennes Metropole,France,1,C,3068,5,NON
5110314,6210f3fd-29e5-4656-ab30-aa24b845e290,2021-11-10T18:00:00+01:00,2021-11-10,18:00:00,-1.63,48.09,35238,35000,35,Rennes (35),Rennes Metropole,France,2021-11-10T18:20:00+01:00,2021-11-10,18:20:00,-1.49,48.21,35152,35340,35,Liffré (35),,France,1,B,22093,17,NON
5110573,ed570486-7e62-4b17-a18b-db1305b80a18,2021-11-10T18:00:00+01:00,2021-11-10,18:00:00,-1.68,48.03,35206,35230,35,Noyal-Châtillon-sur-Seiche (35),Rennes Metropole,France,2021-11-10T18:20:00+01:00,2021-11-10,18:20:00,-1.66,47.93,35090,35320,35,Crevin (35),,France,1,C,13341,11,OUI
5110775,6351d0b0-2367-4d1d-8746-ff315ec07e41,2021-11-10T18:00:00+01:00,2021-11-10,18:00:00,-1.62,48.12,35051,35510,35,Cesson-Sévigné (35),Rennes Metropole,France,2021-11-10T18:40:00+01:00,2021-11-10,18:40:00,-1.90,48.40,35226,35720,35,Pleugueneuc (35),Communauté de communes Bretagne Romantique,France,1,C,41779,32,OUI
5110376,121ccaef-823e-4712-85b9-2291080b2256,2021-11-10T18:20:00+01:00,2021-11-10,18:20:00,-1.71,48.10,35238,35000,35,Rennes (35),Rennes Metropole,France,2021-11-10T18:30:00+01:00,2021-11-10,18:30:00,-1.70,48.03,35066,35131,35,Chartres-de-Bretagne (35),Rennes Metropole,France,1,B,8848,11,OUI
5110806,85250836-4c74-4cc6-ba95-0d57d6d99a77,2021-11-10T19:00:00+01:00,2021-11-10,19:00:00,-1.75,48.02,35047,35170,35,Bruz (35),Rennes Metropole,France,2021-11-10T20:10:00+01:00,2021-11-10,20:10:00,-2.53,48.46,22093,22400,22,Lamballe-Armor (22),Communaute D'Agglomeration Lamballe Terre-Mer,France,1,C,90680,69,OUI
5079918,6062acb4-d86b-4e84-90eb-f709728da768,2021-11-10T19:20:00+01:00,2021-11-10,19:20:00,-1.65,48.11,35238,35000,35,Rennes (35),Rennes Metropole,France,2021-11-10T20:10:00+01:00,2021-11-10,20:10:00,-1.14,48.05,35006,35370,35,Argentré-du-Plessis (35),Vitre Communaute,France,1,B,42280,49,OUI
5110507,ac7aeb6c-ffbf-4c5c-90de-6a82ebdaefdc,2021-11-10T20:10:00+01:00,2021-11-10,20:10:00,-1.70,48.10,35238,35000,35,Rennes (35),Rennes Metropole,France,2021-11-10T20:20:00+01:00,2021-11-10,20:20:00,-1.76,48.02,35047,35170,35,Bruz (35),Rennes Metropole,France,1,B,12756,13,OUI
5084880,693d8ccd-c7f2-4408-8774-d8e44c392468,2021-11-11T17:20:00+01:00,2021-11-11,17:20:00,-1.65,48.14,35278,35760,35,Saint-Grégoire (35),Rennes Metropole,France,2021-11-11T18:00:00+01:00,2021-11-11,18:00:00,-1.20,48.10,35360,35500,35,Vitré (35),Vitre Communaute,France,1,C,41721,45,OUI
5119018,2882f7a8-4bec-49dc-94b3-ef9a094b6312,2021-11-12T07:10:00+01:00,2021-11-12,07:10:00,-1.48,48.10,35039,35530,35,Brécé (35),Rennes Metropole,France,2021-11-12T07:30:00+01:00,2021-11-12,07:30:00,-1.69,48.15,35278,35760,35,Saint-Grégoire (35),Rennes Metropole,France,1,C,21160,19,OUI
5119019,4496b3dd-9149-42f4-871b-a6bb6ae718df,2021-11-12T07:20:00+01:00,2021-11-12,07:20:00,-1.63,48.12,35238,35000,35,Rennes (35),Rennes Metropole,France,2021-11-12T08:10:00+01:00,2021-11-12,08:10:00,-0.85,48.07,53201,53940,53,Saint-Berthevin (53),Communaute D'Agglomeration De Laval,France,1,B,63959,52,OUI
5119998,468b0a8f-23d2-423f-8ebf-1606fe7ef117,2021-11-12T07:30:00+01:00,2021-11-12,07:30:00,-1.60,48.11,35051,35510,35,Cesson-Sévigné (35),Rennes Metropole,France,2021-11-12T08:10:00+01:00,2021-11-12,08:10:00,-1.20,48.35,35115,35300,35,Fougères (35),Fougeres Agglomeration,France,1,A,45545,37,OUI
5120035,b4af9237-7f6e-4d12-aaf6-6e1104dc7411,2021-11-12T07:30:00+01:00,2021-11-12,07:30:00,-1.71,48.11,35238,35000,35,Rennes (35),Rennes Metropole,France,2021-11-12T07:50:00+01:00,2021-11-12,07:50:00,-1.69,48.04,35066,35131,35,Chartres-de-Bretagne (35),Rennes Metropole,France,1,B,11499,12,OUI
5120032,c6177e89-e621-4bfc-b969-9a4575bee222,2021-11-12T07:30:00+01:00,2021-11-12,07:30:00,-1.84,48.07,35196,35310,35,Mordelles (35),Rennes Metropole,France,2021-11-12T08:00:00+01:00,2021-11-12,08:00:00,-2.38,47.91,56165,56800,56,Ploërmel (56),,France,1,C,50109,35,OUI
5120132,54c9cd00-15ba-40a4-9a73-1107093ae561,2021-11-12T07:30:00+01:00,2021-11-12,07:30:00,-1.75,48.14,35210,35740,35,Pacé (35),Rennes Metropole,France,2021-11-12T07:50:00+01:00,2021-11-12,07:50:00,-1.72,48.08,35281,35136,35,Saint-Jacques-de-la-Lande (35),Rennes Metropole,France,1,C,12048,12,OUI
5120021,0ba80d77-2868-48da-a9f1-549f811f5f19,2021-11-12T07:40:00+01:00,2021-11-12,07:40:00,-1.70,48.12,35238,35000,35,Rennes (35),Rennes Metropole,France,2021-11-12T08:30:00+01:00,2021-11-12,08:30:00,-1.98,48.62,35288,35400,35,Saint-Malo (35),Saint-Malo Agglomeration,France,1,C,64583,49,OUI
5120113,0d572972-38e5-4a71-a7aa-c90c1ec4b413,2021-11-12T07:50:00+01:00,2021-11-12,07:50:00,-1.69,48.13,35238,35000,35,Rennes (35),Rennes Metropole,France,2021-11-12T08:40:00+01:00,2021-11-12,08:40:00,-1.98,48.62,35288,35400,35,Saint-Malo (35),Saint-Malo Agglomeration,France,1,B,62816,45,OUI
5091388,2b183ab3-7f24-4264-b7d1-434ebaceb7de,2021-11-12T07:50:00+01:00,2021-11-12,07:50:00,-1.62,48.14,35051,35510,35,Cesson-Sévigné (35),Rennes Metropole,France,2021-11-12T08:50:00+01:00,2021-11-12,08:50:00,-0.85,48.07,53201,53940,53,Saint-Berthevin (53),Communaute D'Agglomeration De Laval,France,1,C,63020,61,OUI
5119882,92ab9d79-14f6-4bb8-92c9-3573822ad903,2021-11-12T08:00:00+01:00,2021-11-12,08:00:00,-1.66,48.13,35238,35000,35,Rennes (35),Rennes Metropole,France,2021-11-12T08:20:00+01:00,2021-11-12,08:20:00,-1.70,48.09,35281,35136,35,Saint-Jacques-de-la-Lande (35),Rennes Metropole,France,1,B,6365,11,OUI
5119919,d88af329-aefe-4192-ad07-59a23466ac59,2021-11-12T08:00:00+01:00,2021-11-12,08:00:00,-1.69,48.13,35278,35760,35,Saint-Grégoire (35),Rennes Metropole,France,2021-11-12T08:50:00+01:00,2021-11-12,08:50:00,-1.98,48.62,35288,35400,35,Saint-Malo (35),Saint-Malo Agglomeration,France,1,C,62637,45,OUI
5120027,70940ec2-29fe-4eff-b603-89330cbcd937,2021-11-12T08:00:00+01:00,2021-11-12,08:00:00,-1.69,48.13,35238,35000,35,Rennes (35),Rennes Metropole,France,2021-11-12T08:50:00+01:00,2021-11-12,08:50:00,-1.98,48.62,35288,35400,35,Saint-Malo (35),Saint-Malo Agglomeration,France,1,B,62816,45,OUI
5120089,b8c9b7b8-4dad-4c18-b322-3075906fe994,2021-11-12T08:00:00+01:00,2021-11-12,08:00:00,-1.65,48.09,35238,35000,35,Rennes (35),Rennes Metropole,France,2021-11-12T08:20:00+01:00,2021-11-12,08:20:00,-1.73,48.03,35047,35170,35,Bruz (35),Rennes Metropole,France,1,B,10947,13,OUI
5091289,65277d9d-c2c2-4284-ab6e-0bdb24e75027,2021-11-12T08:30:00+01:00,2021-11-12,08:30:00,-1.79,48.09,35240,35650,35,Le Rheu (35),Rennes Metropole,France,2021-11-12T08:30:00+01:00,2021-11-12,08:30:00,-1.62,48.13,35051,35510,35,Cesson-Sévigné (35),Rennes Metropole,France,1,B,18344,0,NON
5120964,847e5733-4aeb-4a17-8636-17f654b3a454,2021-11-12T08:40:00+01:00,2021-11-12,08:40:00,-1.65,48.11,35238,35000,35,Rennes (35),Rennes Metropole,France,2021-11-12T08:50:00+01:00,2021-11-12,08:50:00,-1.62,48.09,35238,35000,35,Rennes (35),Rennes Metropole,France,1,C,3417,5,NON
5091393,9573dcae-ce99-4c37-8f61-e737c940bb9c,2021-11-12T08:50:00+01:00,2021-11-12,08:50:00,-1.76,48.14,35210,35740,35,Pacé (35),Rennes Metropole,France,2021-11-12T08:50:00+01:00,2021-11-12,08:50:00,-1.69,48.15,35278,35760,35,Saint-Grégoire (35),Rennes Metropole,France,1,B,5814,0,NON
5092103,a2632cab-8cc5-418f-9b74-4a66c8104be5,2021-11-12T12:30:00+01:00,2021-11-12,12:30:00,-1.69,48.15,35278,35760,35,Saint-Grégoire (35),Rennes Metropole,France,2021-11-12T12:30:00+01:00,2021-11-12,12:30:00,-1.76,48.14,35210,35740,35,Pacé (35),Rennes Metropole,France,1,B,5572,0,NON
5092180,2b84fa3c-a2cc-4cdd-9889-ea4149e9b65f,2021-11-12T12:30:00+01:00,2021-11-12,12:30:00,-1.49,47.95,35136,35150,35,Janzé (35),,France,2021-11-12T13:00:00+01:00,2021-11-12,13:00:00,-1.22,47.93,35125,35130,35,La Guerche-de-Bretagne (35),Vitre Communaute,France,1,C,24621,30,OUI
5121987,31f894c7-55d1-47d4-aef9-920bafd5f671,2021-11-12T16:00:00+01:00,2021-11-12,16:00:00,-1.71,48.11,35238,35000,35,Rennes (35),Rennes Metropole,France,2021-11-12T16:40:00+01:00,2021-11-12,16:40:00,-1.19,48.34,35115,35300,35,Fougères (35),Fougeres Agglomeration,France,1,C,52552,39,OUI
5122559,c0735fb2-7f70-44f6-9051-5adb37941ed7,2021-11-12T17:00:00+01:00,2021-11-12,17:00:00,-1.67,48.04,35206,35230,35,Noyal-Châtillon-sur-Seiche (35),Rennes Metropole,France,2021-11-12T17:10:00+01:00,2021-11-12,17:10:00,-1.67,48.08,35238,35000,35,Rennes (35),Rennes Metropole,France,1,C,6853,9,OUI
5093704,105482e1-548d-49eb-8e12-18a8315d60ea,2021-11-12T17:10:00+01:00,2021-11-12,17:10:00,-1.69,48.14,35278,35760,35,Saint-Grégoire (35),Rennes Metropole,France,2021-11-12T17:20:00+01:00,2021-11-12,17:20:00,-1.69,48.21,35173,35520,35,Melesse (35),,France,1,C,8896,14,OUI
5093714,f9968c77-376d-43fc-bafd-77d2f49c61d4,2021-11-12T17:30:00+01:00,2021-11-12,17:30:00,-1.62,48.13,35051,35510,35,Cesson-Sévigné (35),Rennes Metropole,France,2021-11-12T17:30:00+01:00,2021-11-12,17:30:00,-1.79,48.09,35240,35650,35,Le Rheu (35),Rennes Metropole,France,1,B,16704,0,NON
5123194,847d60fc-3cac-4570-aa4e-514a13894307,2021-11-12T17:30:00+01:00,2021-11-12,17:30:00,-1.62,48.08,35055,35135,35,Chantepie (35),Rennes Metropole,France,2021-11-12T17:50:00+01:00,2021-11-12,17:50:00,-1.49,48.03,35069,35410,35,Châteaugiron (35),,France,1,C,12549,12,NON
5123324,75433a53-a52b-4a47-9de3-fa7efad969ad,2021-11-12T18:00:00+01:00,2021-11-12,18:00:00,-1.70,48.09,35281,35136,35,Saint-Jacques-de-la-Lande (35),Rennes Metropole,France,2021-11-12T18:30:00+01:00,2021-11-12,18:30:00,-1.84,48.32,35337,35190,35,Tinténiac (35),Communauté de communes Bretagne Romantique,France,1,A,31926,25,OUI
5123920,5430a643-2f0c-4377-bb7f-f328b6d60ac3,2021-11-12T18:50:00+01:00,2021-11-12,18:50:00,-1.71,48.10,35238,35000,35,Rennes (35),Rennes Metropole,France,2021-11-12T19:40:00+01:00,2021-11-12,19:40:00,-2.00,48.64,35288,35400,35,Saint-Malo (35),Saint-Malo Agglomeration,France,1,C,69247,52,OUI
5123873,df741e04-8c86-4bff-9714-4d42c91671eb,2021-11-12T19:00:00+01:00,2021-11-12,19:00:00,-1.61,48.12,35051,35510,35,Cesson-Sévigné (35),Rennes Metropole,France,2021-11-12T19:20:00+01:00,2021-11-12,19:20:00,-1.68,48.14,35278,35760,35,Saint-Grégoire (35),Rennes Metropole,France,1,B,9597,11,NON
5095267,22528ac6-ee4b-4947-bb2a-e2d8684f0675,2021-11-12T19:20:00+01:00,2021-11-12,19:20:00,-1.65,48.13,35238,35000,35,Rennes (35),Rennes Metropole,France,2021-11-12T20:00:00+01:00,2021-11-12,20:00:00,-1.19,48.01,35272,35370,35,Saint-Germain-du-Pinel (35),Vitre Communaute,France,1,C,46462,49,OUI
5124268,02b49de9-cce7-4bd8-98a1-c71d3c52221b,2021-11-12T20:10:00+01:00,2021-11-12,20:10:00,-1.67,48.08,35238,35000,35,Rennes (35),Rennes Metropole,France,2021-11-12T20:20:00+01:00,2021-11-12,20:20:00,-1.71,48.11,35238,35000,35,Rennes (35),Rennes Metropole,France,1,C,6929,7,NON
5124754,3c414bb8-5d16-4ebe-8d61-b83098139629,2021-11-13T00:40:00+01:00,2021-11-13,00:40:00,-1.58,48.11,35051,35510,35,Cesson-Sévigné (35),Rennes Metropole,France,2021-11-13T02:10:00+01:00,2021-11-13,02:10:00,0.16,48.04,72320,72650,72,Saint-Saturnin (72),Communaute Urbaine Le Mans Metropole,France,1,C,141443,90,OUI
5128688,ad407bab-f4ae-4b9d-8e35-38d68bed14e4,2021-11-13T08:20:00+01:00,2021-11-13,08:20:00,-1.69,48.13,35278,35760,35,Saint-Grégoire (35),Rennes Metropole,France,2021-11-13T08:50:00+01:00,2021-11-13,08:50:00,-1.19,48.06,35109,35370,35,Étrelles (35),Vitre Communaute,France,1,C,42038,32,OUI
5100538,9d93eef5-0967-46b1-8826-02de81a68bb2,2021-11-13T13:20:00+01:00,2021-11-13,13:20:00,-1.76,48.15,35210,35740,35,Pacé (35),Rennes Metropole,France,2021-11-13T15:30:00+01:00,2021-11-13,15:30:00,-0.62,47.48,49020,49070,49,Beaucouzé (49),Angers Loire Metropole,France,1,B,133681,128,OUI
5137366,456c01ff-3af7-4b3b-90ad-98f6bd9421fb,2021-11-14T11:50:00+01:00,2021-11-14,11:50:00,-1.63,48.12,35238,35000,35,Rennes (35),Rennes Metropole,France,2021-11-14T12:00:00+01:00,2021-11-14,12:00:00,-1.57,48.14,35334,35235,35,Thorigné-Fouillard (35),Rennes Metropole,France,1,C,5062,6,OUI
5109779,f25b5458-192d-4d0b-a6c0-bd05a7208f90,2021-11-14T18:20:00+01:00,2021-11-14,18:20:00,-1.66,48.11,35238,35000,35,Rennes (35),Rennes Metropole,France,2021-11-14T19:10:00+01:00,2021-11-14,19:10:00,-1.20,48.10,35360,35500,35,Vitré (35),Vitre Communaute,France,1,C,39111,49,OUI
5112633,7ec4cfad-3257-4649-960c-704ebdde9f50,2021-11-15T04:00:00+01:00,2021-11-15,04:00:00,-1.48,47.95,35136,35150,35,Janzé (35),,France,2021-11-15T04:30:00+01:00,2021-11-15,04:30:00,-1.22,47.93,35125,35130,35,La Guerche-de-Bretagne (35),Vitre Communaute,France,1,B,24426,31,OUI
5143402,bd1c6e2f-ca2c-434b-8030-c1cdf73f2ef4,2021-11-15T06:10:00+01:00,2021-11-15,06:10:00,-1.67,48.08,35238,35000,35,Rennes (35),Rennes Metropole,France,2021-11-15T07:20:00+01:00,2021-11-15,07:20:00,-1.58,47.26,44114,44700,44,Orvault (44),Nantes Metropole,France,1,C,97476,68,OUI
5144278,7deda02c-6c0e-4725-9f4c-5aa9bf4c2dfc,2021-11-15T06:50:00+01:00,2021-11-15,06:50:00,-1.69,47.97,35139,35890,35,Laillé (35),Rennes Metropole,France,2021-11-15T07:10:00+01:00,2021-11-15,07:10:00,-1.57,48.14,35334,35235,35,Thorigné-Fouillard (35),Rennes Metropole,France,1,B,24251,20,OUI
5144466,94c3d18c-98ba-4e7d-a081-ca78ca8e3e8f,2021-11-15T06:50:00+01:00,2021-11-15,06:50:00,-1.67,48.08,35238,35000,35,Rennes (35),Rennes Metropole,France,2021-11-15T08:00:00+01:00,2021-11-15,08:00:00,-1.58,47.26,44114,44700,44,Orvault (44),Nantes Metropole,France,1,C,97476,68,OUI
5143983,30195491-47f3-4b66-bd2e-154093afa885,2021-11-15T06:50:00+01:00,2021-11-15,06:50:00,-1.67,48.08,35238,35000,35,Rennes (35),Rennes Metropole,France,2021-11-15T08:00:00+01:00,2021-11-15,08:00:00,-1.58,47.26,44114,44700,44,Orvault (44),Nantes Metropole,France,1,C,97476,68,OUI
5143623,753bb532-dfa0-4806-a1be-ca94c39196c1,2021-11-15T07:00:00+01:00,2021-11-15,07:00:00,-1.69,48.08,35281,35136,35,Saint-Jacques-de-la-Lande (35),Rennes Metropole,France,2021-11-15T07:50:00+01:00,2021-11-15,07:50:00,-1.19,48.34,35115,35300,35,Fougères (35),Fougeres Agglomeration,France,1,B,57322,43,OUI
5143920,53ad1da7-336e-4a97-8b7b-25390b4a3686,2021-11-15T07:00:00+01:00,2021-11-15,07:00:00,-1.73,48.05,35047,35170,35,Bruz (35),Rennes Metropole,France,2021-11-15T08:00:00+01:00,2021-11-15,08:00:00,-0.78,48.07,53130,53000,53,Laval (53),Communaute D'Agglomeration De Laval,France,1,C,79542,59,OUI
5143542,34e9c705-67b3-476a-b0c0-7d033c7a6823,2021-11-15T07:10:00+01:00,2021-11-15,07:10:00,-1.72,48.10,35238,35000,35,Rennes (35),Rennes Metropole,France,2021-11-15T08:10:00+01:00,2021-11-15,08:10:00,-0.80,48.06,53201,53940,53,Saint-Berthevin (53),Communaute D'Agglomeration De Laval,France,1,B,77948,56,OUI
5143914,70deb3ee-3c68-4f3d-b52c-5d3de5a3fe69,2021-11-15T07:20:00+01:00,2021-11-15,07:20:00,-1.71,48.11,35238,35000,35,Rennes (35),Rennes Metropole,France,2021-11-15T08:20:00+01:00,2021-11-15,08:20:00,-2.54,48.46,22093,22400,22,Lamballe-Armor (22),Communaute D'Agglomeration Lamballe Terre-Mer,France,1,C,77479,54,OUI
5144209,bc71b88b-270b-4979-a065-f4f39acb3c4c,2021-11-15T07:20:00+01:00,2021-11-15,07:20:00,-1.84,48.07,35196,35310,35,Mordelles (35),Rennes Metropole,France,2021-11-15T07:30:00+01:00,2021-11-15,07:30:00,-1.73,48.10,35353,35132,35,Vezin-le-Coquet (35),Rennes Metropole,France,1,C,10750,11,NON
5144405,20329efb-aa69-4418-8f8c-0964f669b76d,2021-11-15T07:20:00+01:00,2021-11-15,07:20:00,-1.63,48.12,35238,35000,35,Rennes (35),Rennes Metropole,France,2021-11-15T08:10:00+01:00,2021-11-15,08:10:00,-0.85,48.07,53201,53940,53,Saint-Berthevin (53),Communaute D'Agglomeration De Laval,France,1,C,63959,52,OUI
5112998,2534dac4-3ae9-4953-95db-edfbac4d52de,2021-11-15T07:30:00+01:00,2021-11-15,07:30:00,-1.79,48.09,35240,35650,35,Le Rheu (35),Rennes Metropole,France,2021-11-15T07:30:00+01:00,2021-11-15,07:30:00,-1.69,48.15,35278,35760,35,Saint-Grégoire (35),Rennes Metropole,France,1,B,12021,0,NON
5113195,38b48fe1-07c9-47b3-85fc-793a2a921427,2021-11-15T07:30:00+01:00,2021-11-15,07:30:00,-1.19,47.97,35200,35130,35,Moutiers (35),Vitre Communaute,France,2021-11-15T07:50:00+01:00,2021-11-15,07:50:00,-1.18,48.11,35360,35500,35,Vitré (35),Vitre Communaute,France,1,C,17491,24,OUI
5145406,49620eac-a1de-4ea6-a68e-a0e5ffe17673,2021-11-15T07:30:00+01:00,2021-11-15,07:30:00,-1.62,48.14,35051,35510,35,Cesson-Sévigné (35),Rennes Metropole,France,2021-11-15T08:10:00+01:00,2021-11-15,08:10:00,-1.17,48.34,35115,35300,35,Fougères (35),Fougeres Agglomeration,France,1,C,45966,33,OUI
5145589,2ac0996d-a3e2-467e-82f6-683fcc02c6f2,2021-11-15T07:30:00+01:00,2021-11-15,07:30:00,-1.67,48.11,35238,35000,35,Rennes (35),Rennes Metropole,France,2021-11-15T08:20:00+01:00,2021-11-15,08:20:00,-2.39,47.93,56165,56800,56,Ploërmel (56),,France,1,B,67786,53,OUI
5145675,5f9fed73-7e4c-4d81-ac23-6896113db1a5,2021-11-15T07:30:00+01:00,2021-11-15,07:30:00,-1.71,48.11,35238,35000,35,Rennes (35),Rennes Metropole,France,2021-11-15T07:50:00+01:00,2021-11-15,07:50:00,-1.69,48.04,35066,35131,35,Chartres-de-Bretagne (35),Rennes Metropole,France,1,B,11499,12,OUI
5145818,ed2dfa9e-a9ee-455c-a4c4-d232b59ec366,2021-11-15T07:30:00+01:00,2021-11-15,07:30:00,-1.63,48.09,35238,35000,35,Rennes (35),Rennes Metropole,France,2021-11-15T08:00:00+01:00,2021-11-15,08:00:00,-1.21,48.11,35360,35500,35,Vitré (35),Vitre Communaute,France,1,C,34969,29,OUI
5146034,6fb238e8-2ef0-4a8b-8261-21335c2e89d0,2021-11-15T07:30:00+01:00,2021-11-15,07:30:00,-1.70,48.01,35363,35131,35,Pont-Péan (35),Rennes Metropole,France,2021-11-15T08:40:00+01:00,2021-11-15,08:40:00,-1.62,47.22,44162,44800,44,Saint-Herblain (44),Nantes Metropole,France,1,C,95253,69,OUI
5113005,9924fab9-f486-4690-9d21-ddc0ede4322e,2021-11-15T07:40:00+01:00,2021-11-15,07:40:00,-1.62,48.13,35051,35510,35,Cesson-Sévigné (35),Rennes Metropole,France,2021-11-15T07:40:00+01:00,2021-11-15,07:40:00,-1.69,48.15,35278,35760,35,Saint-Grégoire (35),Rennes Metropole,France,1,B,7829,0,NON
5113030,2534dac4-3ae9-4953-95db-edfbac4d52de,2021-11-15T07:40:00+01:00,2021-11-15,07:40:00,-1.79,48.09,35240,35650,35,Le Rheu (35),Rennes Metropole,France,2021-11-15T07:40:00+01:00,2021-11-15,07:40:00,-1.69,48.15,35278,35760,35,Saint-Grégoire (35),Rennes Metropole,France,1,B,12021,0,NON
5113254,21483c2a-a301-422f-b25e-fec4bef8fad5,2021-11-15T07:40:00+01:00,2021-11-15,07:40:00,-1.83,48.07,35196,35310,35,Mordelles (35),Rennes Metropole,France,2021-11-15T08:00:00+01:00,2021-11-15,08:00:00,-1.69,48.14,35278,35760,35,Saint-Grégoire (35),Rennes Metropole,France,1,C,16407,23,OUI
5113812,ff64d9cf-a68d-448f-8d04-9175dd10eb35,2021-11-15T07:40:00+01:00,2021-11-15,07:40:00,-1.61,48.11,35051,35510,35,Cesson-Sévigné (35),Rennes Metropole,France,2021-11-15T08:50:00+01:00,2021-11-15,08:50:00,-0.85,48.07,53201,53940,53,Saint-Berthevin (53),Communaute D'Agglomeration De Laval,France,1,C,61492,61,OUI
5145002,fa8827bd-2eba-4a3d-a17f-0f4f93cb8270,2021-11-15T07:40:00+01:00,2021-11-15,07:40:00,-1.73,48.02,35047,35170,35,Bruz (35),Rennes Metropole,France,2021-11-15T07:50:00+01:00,2021-11-15,07:50:00,-1.70,48.12,35238,35000,35,Rennes (35),Rennes Metropole,France,1,B,14616,14,OUI
5145133,b49610b5-05a3-4522-8f3a-cb8a844ce905,2021-11-15T07:40:00+01:00,2021-11-15,07:40:00,-1.65,48.10,35238,35000,35,Rennes (35),Rennes Metropole,France,2021-11-15T08:10:00+01:00,2021-11-15,08:10:00,-1.18,48.11,35360,35500,35,Vitré (35),Vitre Communaute,France,1,C,39126,35,OUI
5145459,29e23546-ef8f-468e-8b63-83d680a7afd2,2021-11-15T07:40:00+01:00,2021-11-15,07:40:00,-1.70,48.09,35281,35136,35,Saint-Jacques-de-la-Lande (35),Rennes Metropole,France,2021-11-15T08:30:00+01:00,2021-11-15,08:30:00,-2.04,48.45,22050,22100,22,Dinan (22),Communaute D'Agglomeration Dinan Agglomeration,France,1,C,56774,45,OUI
5144959,294223dd-2570-4a9e-ad21-2924e0ff9282,2021-11-15T07:50:00+01:00,2021-11-15,07:50:00,-1.69,48.10,35238,35000,35,Rennes (35),Rennes Metropole,France,2021-11-15T08:40:00+01:00,2021-11-15,08:40:00,-1.98,48.62,35288,35400,35,Saint-Malo (35),Saint-Malo Agglomeration,France,1,B,65705,50,OUI
5144984,4530ad4a-212e-4bdc-999e-7ef37c80d9c2,2021-11-15T07:50:00+01:00,2021-11-15,07:50:00,-1.65,48.13,35238,35000,35,Rennes (35),Rennes Metropole,France,2021-11-15T08:50:00+01:00,2021-11-15,08:50:00,-2.06,48.61,35093,35800,35,Dinard (35),,France,1,B,72714,55,OUI
5145041,51d1d38d-4701-4ece-8985-e6ec00ce6a54,2021-11-15T07:50:00+01:00,2021-11-15,07:50:00,-1.69,48.09,35238,35000,35,Rennes (35),Rennes Metropole,France,2021-11-15T08:20:00+01:00,2021-11-15,08:20:00,-1.19,48.06,35109,35370,35,Étrelles (35),Vitre Communaute,France,1,C,42484,34,OUI
5145397,962ce8ef-61a6-4143-acc3-afa0b459512d,2021-11-15T07:50:00+01:00,2021-11-15,07:50:00,-1.69,48.13,35278,35760,35,Saint-Grégoire (35),Rennes Metropole,France,2021-11-15T08:40:00+01:00,2021-11-15,08:40:00,-1.98,48.62,35288,35400,35,Saint-Malo (35),Saint-Malo Agglomeration,France,1,C,62637,45,OUI
5145843,945a0679-06a0-4a06-93ce-84bd2509d0e9,2021-11-15T07:50:00+01:00,2021-11-15,07:50:00,-1.57,48.14,35334,35235,35,Thorigné-Fouillard (35),Rennes Metropole,France,2021-11-15T08:30:00+01:00,2021-11-15,08:30:00,-1.17,48.33,35137,35133,35,Javené (35),Fougeres Agglomeration,France,1,B,44401,31,OUI
5145883,3148cd06-caeb-43e9-899b-51c795933343,2021-11-15T07:50:00+01:00,2021-11-15,07:50:00,-1.70,48.11,35238,35000,35,Rennes (35),Rennes Metropole,France,2021-11-15T08:20:00+01:00,2021-11-15,08:20:00,-1.49,47.96,35136,35150,35,Janzé (35),,France,1,B,29763,27,OUI
5145985,5d5bfe47-1779-43bb-b646-6a59bc5219c5,2021-11-15T07:50:00+01:00,2021-11-15,07:50:00,-1.69,48.13,35238,35000,35,Rennes (35),Rennes Metropole,France,2021-11-15T08:40:00+01:00,2021-11-15,08:40:00,-1.98,48.62,35288,35400,35,Saint-Malo (35),Saint-Malo Agglomeration,France,1,B,62816,45,OUI
5113826,ff64d9cf-a68d-448f-8d04-9175dd10eb35,2021-11-15T07:50:00+01:00,2021-11-15,07:50:00,-1.60,48.10,35051,35510,35,Cesson-Sévigné (35),Rennes Metropole,France,2021-11-15T08:50:00+01:00,2021-11-15,08:50:00,-0.85,48.07,53201,53940,53,Saint-Berthevin (53),Communaute D'Agglomeration De Laval,France,1,B,59047,60,OUI
5145563,c4346ee4-6914-46d1-853d-ac17ae1ffc18,2021-11-15T07:50:00+01:00,2021-11-15,07:50:00,-1.61,48.10,35051,35510,35,Cesson-Sévigné (35),Rennes Metropole,France,2021-11-15T08:30:00+01:00,2021-11-15,08:30:00,-0.83,48.06,53201,53940,53,Saint-Berthevin (53),Communaute D'Agglomeration De Laval,France,1,B,61187,47,OUI
5145949,c4346ee4-6914-46d1-853d-ac17ae1ffc18,2021-11-15T07:50:00+01:00,2021-11-15,07:50:00,-1.61,48.10,35051,35510,35,Cesson-Sévigné (35),Rennes Metropole,France,2021-11-15T08:40:00+01:00,2021-11-15,08:40:00,-0.83,48.06,53201,53940,53,Saint-Berthevin (53),Communaute D'Agglomeration De Laval,France,1,C,61187,47,OUI
5144944,41833b19-07a9-486a-833b-1172c1c4e3ab,2021-11-15T08:00:00+01:00,2021-11-15,08:00:00,-1.66,48.13,35238,35000,35,Rennes (35),Rennes Metropole,France,2021-11-15T08:20:00+01:00,2021-11-15,08:20:00,-1.70,48.09,35281,35136,35,Saint-Jacques-de-la-Lande (35),Rennes Metropole,France,1,B,6365,11,OUI
5144976,7f3dcd54-6e40-439c-83b1-e3582288221c,2021-11-15T08:00:00+01:00,2021-11-15,08:00:00,-1.69,48.13,35238,35000,35,Rennes (35),Rennes Metropole,France,2021-11-15T09:00:00+01:00,2021-11-15,09:00:00,-2.06,48.61,35093,35800,35,Dinard (35),,France,1,C,69868,52,OUI
5144992,1f350796-0a8e-4deb-a2dd-8e3681103383,2021-11-15T08:00:00+01:00,2021-11-15,08:00:00,-1.65,48.09,35238,35000,35,Rennes (35),Rennes Metropole,France,2021-11-15T08:20:00+01:00,2021-11-15,08:20:00,-1.73,48.03,35047,35170,35,Bruz (35),Rennes Metropole,France,1,B,10947,13,OUI
5145049,42663e0a-1092-451c-9e27-2b34aa6a6a28,2021-11-15T08:00:00+01:00,2021-11-15,08:00:00,-1.69,48.12,35238,35000,35,Rennes (35),Rennes Metropole,France,2021-11-15T08:50:00+01:00,2021-11-15,08:50:00,-1.99,48.62,35288,35400,35,Saint-Malo (35),Saint-Malo Agglomeration,France,1,B,64802,49,OUI
5145208,a34a3367-58ed-4f5a-9f88-42c8df03cec5,2021-11-15T08:00:00+01:00,2021-11-15,08:00:00,-1.67,48.12,35238,35000,35,Rennes (35),Rennes Metropole,France,2021-11-15T08:10:00+01:00,2021-11-15,08:10:00,-1.69,48.15,35278,35760,35,Saint-Grégoire (35),Rennes Metropole,France,1,C,4690,7,OUI
5145616,f4f107b5-2814-4eaa-8b3d-7f2e64130605,2021-11-15T08:00:00+01:00,2021-11-15,08:00:00,-1.71,48.11,35238,35000,35,Rennes (35),Rennes Metropole,France,2021-11-15T08:20:00+01:00,2021-11-15,08:20:00,-1.74,48.04,35047,35170,35,Bruz (35),Rennes Metropole,France,1,C,10931,12,NON
5145879,8b1914f7-dc4a-4e8c-8785-ed0fa30e4906,2021-11-15T08:00:00+01:00,2021-11-15,08:00:00,-1.64,48.12,35238,35000,35,Rennes (35),Rennes Metropole,France,2021-11-15T08:30:00+01:00,2021-11-15,08:30:00,-1.40,48.26,35253,35140,35,Saint-Aubin-du-Cormier (35),,France,1,C,26735,22,OUI
5145260,7108da54-6b1c-4f22-8c32-30fd666f2016,2021-11-15T08:10:00+01:00,2021-11-15,08:10:00,-1.60,48.11,35051,35510,35,Cesson-Sévigné (35),Rennes Metropole,France,2021-11-15T08:50:00+01:00,2021-11-15,08:50:00,-1.19,48.34,35115,35300,35,Fougères (35),Fougeres Agglomeration,France,1,B,47860,37,OUI
5146043,2a38a0cf-eb7c-4669-8c87-6c43719fbee9,2021-11-15T08:10:00+01:00,2021-11-15,08:10:00,-1.68,48.12,35238,35000,35,Rennes (35),Rennes Metropole,France,2021-11-15T08:30:00+01:00,2021-11-15,08:30:00,-1.80,48.28,35317,35630,35,Saint-Symphorien (35),,France,1,B,20734,17,OUI
5145138,626d4b42-8065-4b8d-b758-ea5a10013441,2021-11-15T08:20:00+01:00,2021-11-15,08:20:00,-1.68,48.11,35238,35000,35,Rennes (35),Rennes Metropole,France,2021-11-15T09:00:00+01:00,2021-11-15,09:00:00,-2.02,48.45,22118,22100,22,Lanvallay (22),Communaute D'Agglomeration Dinan Agglomeration,France,1,C,51448,42,OUI
5145158,086246f2-1244-404b-8ac3-97be8b231f78,2021-11-15T08:20:00+01:00,2021-11-15,08:20:00,-1.62,48.08,35055,35135,35,Chantepie (35),Rennes Metropole,France,2021-11-15T08:40:00+01:00,2021-11-15,08:40:00,-1.49,48.21,35152,35340,35,Liffré (35),,France,1,C,22352,17,OUI
5145236,072b42bb-d4b1-4de6-b2b5-3dbfb7bbc500,2021-11-15T08:20:00+01:00,2021-11-15,08:20:00,-1.82,48.15,35275,35590,35,Saint-Gilles (35),Rennes Metropole,France,2021-11-15T08:30:00+01:00,2021-11-15,08:30:00,-1.77,48.13,35210,35740,35,Pacé (35),Rennes Metropole,France,1,C,5519,6,NON
5145285,6bc7a0ff-d887-425f-be19-b35cdf43a1b9,2021-11-15T08:20:00+01:00,2021-11-15,08:20:00,-1.79,48.09,35240,35650,35,Le Rheu (35),Rennes Metropole,France,2021-11-15T08:40:00+01:00,2021-11-15,08:40:00,-1.69,48.14,35278,35760,35,Saint-Grégoire (35),Rennes Metropole,France,1,C,12813,14,NON
5114076,8b050472-4474-42ce-82ec-5d16e29592ef,2021-11-15T08:40:00+01:00,2021-11-15,08:40:00,-1.65,48.09,35238,35000,35,Rennes (35),Rennes Metropole,France,2021-11-15T09:20:00+01:00,2021-11-15,09:20:00,-1.26,48.07,35338,35370,35,Torcé (35),Vitre Communaute,France,1,C,31713,37,OUI
5146583,cf527e31-fe8d-49d5-ae26-2c61ef000636,2021-11-15T08:40:00+01:00,2021-11-15,08:40:00,-1.65,48.11,35238,35000,35,Rennes (35),Rennes Metropole,France,2021-11-15T08:50:00+01:00,2021-11-15,08:50:00,-1.62,48.09,35238,35000,35,Rennes (35),Rennes Metropole,France,1,B,3417,5,NON
5114664,397d4c6c-d08e-4fe4-9eae-9553b48fed65,2021-11-15T12:10:00+01:00,2021-11-15,12:10:00,-1.64,48.11,35238,35000,35,Rennes (35),Rennes Metropole,France,2021-11-15T13:00:00+01:00,2021-11-15,13:00:00,-1.19,48.01,35272,35370,35,Saint-Germain-du-Pinel (35),Vitre Communaute,France,1,C,41850,46,OUI
5114879,8500e1bc-ebbd-4d6d-b366-9795938f87ba,2021-11-15T13:30:00+01:00,2021-11-15,13:30:00,-1.65,48.08,35238,35000,35,Rennes (35),Rennes Metropole,France,2021-11-15T14:10:00+01:00,2021-11-15,14:10:00,-1.19,48.07,35109,35370,35,Étrelles (35),Vitre Communaute,France,1,C,37851,39,OUI
5115164,8500e1bc-ebbd-4d6d-b366-9795938f87ba,2021-11-15T13:30:00+01:00,2021-11-15,13:30:00,-1.65,48.08,35238,35000,35,Rennes (35),Rennes Metropole,France,2021-11-15T14:10:00+01:00,2021-11-15,14:10:00,-1.19,48.06,35109,35370,35,Étrelles (35),Vitre Communaute,France,1,C,38024,40,OUI
5115381,fef99696-d5b8-441f-891d-49bebf075eb7,2021-11-15T16:40:00+01:00,2021-11-15,16:40:00,-1.69,48.14,35278,35760,35,Saint-Grégoire (35),Rennes Metropole,France,2021-11-15T17:00:00+01:00,2021-11-15,17:00:00,-1.83,48.07,35196,35310,35,Mordelles (35),Rennes Metropole,France,1,C,16494,23,OUI
5148546,769b2743-1b8e-4bea-a2eb-9dad7152a5e9,2021-11-15T16:50:00+01:00,2021-11-15,16:50:00,-1.64,48.09,35238,35000,35,Rennes (35),Rennes Metropole,France,2021-11-15T17:40:00+01:00,2021-11-15,17:40:00,-1.16,47.74,49248,49420,49,Ombrée d'Anjou (49),,France,1,B,58675,48,OUI
5148417,c8a24a51-4dfa-4c08-a6d9-1fde18f2bb4b,2021-11-15T17:00:00+01:00,2021-11-15,17:00:00,-1.73,48.05,35047,35170,35,Bruz (35),Rennes Metropole,France,2021-11-15T17:50:00+01:00,2021-11-15,17:50:00,-1.20,48.35,35115,35300,35,Fougères (35),Fougeres Agglomeration,France,1,B,58621,46,OUI
5148421,f6e24f6c-0e50-43eb-bb17-2b6ee3b01633,2021-11-15T17:00:00+01:00,2021-11-15,17:00:00,-1.73,48.04,35047,35170,35,Bruz (35),Rennes Metropole,France,2021-11-15T18:00:00+01:00,2021-11-15,18:00:00,-1.19,48.34,35115,35300,35,Fougères (35),Fougeres Agglomeration,France,1,C,62646,51,OUI
5115877,8070285f-072d-44bc-bbe7-7ebe3166d65a,2021-11-15T17:10:00+01:00,2021-11-15,17:10:00,-1.62,48.09,35238,35000,35,Rennes (35),Rennes Metropole,France,2021-11-15T17:50:00+01:00,2021-11-15,17:50:00,-1.20,48.12,35360,35500,35,Vitré (35),Vitre Communaute,France,1,B,36034,40,OUI
5148900,c49540e0-5fb9-4947-8346-dc6c3dbe3f0b,2021-11-15T17:10:00+01:00,2021-11-15,17:10:00,-1.74,48.04,35047,35170,35,Bruz (35),Rennes Metropole,France,2021-11-15T17:30:00+01:00,2021-11-15,17:30:00,-1.69,48.11,35238,35000,35,Rennes (35),Rennes Metropole,France,1,B,10386,13,NON
5148489,65604583-8d50-4230-b6a1-e398b531e7b6,2021-11-15T17:20:00+01:00,2021-11-15,17:20:00,-1.69,48.12,35238,35000,35,Rennes (35),Rennes Metropole,France,2021-11-15T17:50:00+01:00,2021-11-15,17:50:00,-1.41,48.25,35253,35140,35,Saint-Aubin-du-Cormier (35),,France,1,C,28816,22,OUI
5148875,48a73a57-7204-4106-bd7b-53b65b5c4d4a,2021-11-15T17:20:00+01:00,2021-11-15,17:20:00,-1.68,48.10,35238,35000,35,Rennes (35),Rennes Metropole,France,2021-11-15T17:50:00+01:00,2021-11-15,17:50:00,-1.85,48.32,35337,35190,35,Tinténiac (35),Communauté de communes Bretagne Romantique,France,1,C,29186,26,OUI
5115946,8070285f-072d-44bc-bbe7-7ebe3166d65a,2021-11-15T17:30:00+01:00,2021-11-15,17:30:00,-1.62,48.13,35051,35510,35,Cesson-Sévigné (35),Rennes Metropole,France,2021-11-15T18:10:00+01:00,2021-11-15,18:10:00,-1.20,48.12,35360,35500,35,Vitré (35),Vitre Communaute,France,1,C,38317,47,OUI
5149943,dbef51dc-2f31-41b3-8e53-79824b6d8117,2021-11-15T17:30:00+01:00,2021-11-15,17:30:00,-1.62,48.13,35051,35510,35,Cesson-Sévigné (35),Rennes Metropole,France,2021-11-15T18:20:00+01:00,2021-11-15,18:20:00,-2.02,48.45,22118,22100,22,Lanvallay (22),Communaute D'Agglomeration Dinan Agglomeration,France,1,C,53045,41,OUI
5149354,a8e5101f-dd8c-4ca7-bd66-f5ae90953b11,2021-11-15T17:30:00+01:00,2021-11-15,17:30:00,-1.66,48.11,35238,35000,35,Rennes (35),Rennes Metropole,France,2021-11-15T18:00:00+01:00,2021-11-15,18:00:00,-1.27,48.07,35338,35370,35,Torcé (35),Vitre Communaute,France,1,C,31654,27,OUI
5149465,e629ef70-ed1b-46d7-9133-096d40a67998,2021-11-15T17:30:00+01:00,2021-11-15,17:30:00,-1.68,48.13,35278,35760,35,Saint-Grégoire (35),Rennes Metropole,France,2021-11-15T18:20:00+01:00,2021-11-15,18:20:00,-2.04,48.45,22050,22100,22,Dinan (22),Communaute D'Agglomeration Dinan Agglomeration,France,1,C,50414,40,OUI
5149916,5129b6d6-c6e4-419f-9e67-47a00864dbb7,2021-11-15T17:50:00+01:00,2021-11-15,17:50:00,-1.69,48.12,35238,35000,35,Rennes (35),Rennes Metropole,France,2021-11-15T18:30:00+01:00,2021-11-15,18:30:00,-1.97,48.60,35284,35430,35,Saint-Jouan-des-Guérets (35),Saint-Malo Agglomeration,France,1,B,61389,45,OUI
5149874,5129b6d6-c6e4-419f-9e67-47a00864dbb7,2021-11-15T18:00:00+01:00,2021-11-15,18:00:00,-1.69,48.12,35238,35000,35,Rennes (35),Rennes Metropole,France,2021-11-15T18:50:00+01:00,2021-11-15,18:50:00,-1.98,48.59,35284,35430,35,Saint-Jouan-des-Guérets (35),Saint-Malo Agglomeration,France,1,B,60929,46,OUI
5149469,54a0b8be-f1f5-4236-9a07-1520635f8604,2021-11-15T18:00:00+01:00,2021-11-15,18:00:00,-1.69,48.15,35278,35760,35,Saint-Grégoire (35),Rennes Metropole,France,2021-11-15T18:30:00+01:00,2021-11-15,18:30:00,-1.87,48.36,35265,35190,35,Saint-Domineuc (35),Communauté de communes Bretagne Romantique,France,1,C,27852,20,OUI
5149590,77c407c2-2692-472b-8df2-291e71b718fb,2021-11-15T18:00:00+01:00,2021-11-15,18:00:00,-1.63,48.09,35238,35000,35,Rennes (35),Rennes Metropole,France,2021-11-15T18:40:00+01:00,2021-11-15,18:40:00,-1.19,48.33,35115,35300,35,Fougères (35),Fougeres Agglomeration,France,1,C,51958,37,OUI
5149677,6cf340e2-4ee5-4f5e-8d54-8351284e58af,2021-11-15T18:00:00+01:00,2021-11-15,18:00:00,-1.69,48.15,35278,35760,35,Saint-Grégoire (35),Rennes Metropole,France,2021-11-15T18:40:00+01:00,2021-11-15,18:40:00,-1.92,48.56,35306,35430,35,Saint-Père (35),Saint-Malo Agglomeration,France,1,C,52330,38,OUI
5149772,5129b6d6-c6e4-419f-9e67-47a00864dbb7,2021-11-15T18:00:00+01:00,2021-11-15,18:00:00,-1.69,48.12,35238,35000,35,Rennes (35),Rennes Metropole,France,2021-11-15T18:50:00+01:00,2021-11-15,18:50:00,-1.97,48.59,35284,35430,35,Saint-Jouan-des-Guérets (35),Saint-Malo Agglomeration,France,1,B,60281,45,OUI
5115917,57356642-1d3c-4b4b-a01a-0be53c8ea80a,2021-11-15T18:20:00+01:00,2021-11-15,18:20:00,-1.69,48.15,35278,35760,35,Saint-Grégoire (35),Rennes Metropole,France,2021-11-15T18:20:00+01:00,2021-11-15,18:20:00,-1.79,48.09,35240,35650,35,Le Rheu (35),Rennes Metropole,France,1,B,11773,0,NON
5116023,c9440d66-84c0-4456-824d-2c636ef07cdb,2021-11-15T18:30:00+01:00,2021-11-15,18:30:00,-1.69,48.15,35278,35760,35,Saint-Grégoire (35),Rennes Metropole,France,2021-11-15T18:30:00+01:00,2021-11-15,18:30:00,-1.79,48.09,35240,35650,35,Le Rheu (35),Rennes Metropole,France,1,B,11773,0,NON
5150454,8c828406-54f5-4320-82c8-e89cc105db02,2021-11-15T18:30:00+01:00,2021-11-15,18:30:00,-1.62,48.13,35051,35510,35,Cesson-Sévigné (35),Rennes Metropole,France,2021-11-15T19:10:00+01:00,2021-11-15,19:10:00,-1.90,48.40,35226,35720,35,Pleugueneuc (35),Communauté de communes Bretagne Romantique,France,1,C,40669,30,OUI
5151044,7b0152af-a85d-47b8-9c91-6dcc7d8eccbf,2021-11-15T20:40:00+01:00,2021-11-15,20:40:00,-1.70,48.10,35238,35000,35,Rennes (35),Rennes Metropole,France,2021-11-15T20:50:00+01:00,2021-11-15,20:50:00,-1.76,48.02,35047,35170,35,Bruz (35),Rennes Metropole,France,1,B,12756,13,OUI
5118628,724482a1-2ec5-4d00-bb37-d7b791d0c239,2021-11-16T04:00:00+01:00,2021-11-16,04:00:00,-1.48,47.95,35136,35150,35,Janzé (35),,France,2021-11-16T04:30:00+01:00,2021-11-16,04:30:00,-1.22,47.93,35125,35130,35,La Guerche-de-Bretagne (35),Vitre Communaute,France,1,C,24426,31,OUI
5154486,8b9f2720-c1f6-49a3-967c-b21305e10fa1,2021-11-16T06:10:00+01:00,2021-11-16,06:10:00,-1.67,48.08,35238,35000,35,Rennes (35),Rennes Metropole,France,2021-11-16T07:20:00+01:00,2021-11-16,07:20:00,-1.58,47.26,44114,44700,44,Orvault (44),Nantes Metropole,France,1,C,97476,68,OUI
5154485,8b9f2720-c1f6-49a3-967c-b21305e10fa1,2021-11-16T06:10:00+01:00,2021-11-16,06:10:00,-1.67,48.08,35238,35000,35,Rennes (35),Rennes Metropole,France,2021-11-16T07:20:00+01:00,2021-11-16,07:20:00,-1.58,47.26,44114,44700,44,Orvault (44),Nantes Metropole,France,1,C,97476,68,OUI
5155354,8eadb591-1b1d-4340-b9b7-9ad371116882,2021-11-16T06:50:00+01:00,2021-11-16,06:50:00,-1.67,48.08,35238,35000,35,Rennes (35),Rennes Metropole,France,2021-11-16T08:00:00+01:00,2021-11-16,08:00:00,-1.58,47.26,44114,44700,44,Orvault (44),Nantes Metropole,France,1,C,97476,68,OUI
5155512,da1d34ca-d3fc-477f-91a7-bb2e503082ce,2021-11-16T07:00:00+01:00,2021-11-16,07:00:00,-1.62,48.17,35334,35235,35,Thorigné-Fouillard (35),Rennes Metropole,France,2021-11-16T07:10:00+01:00,2021-11-16,07:10:00,-1.69,48.12,35238,35000,35,Rennes (35),Rennes Metropole,France,1,C,10694,11,OUI
5154706,d91679e9-127b-4e64-8480-032b578e58a7,2021-11-16T07:00:00+01:00,2021-11-16,07:00:00,-1.73,48.05,35047,35170,35,Bruz (35),Rennes Metropole,France,2021-11-16T08:00:00+01:00,2021-11-16,08:00:00,-0.78,48.07,53130,53000,53,Laval (53),Communaute D'Agglomeration De Laval,France,1,B,79542,59,OUI
5154790,3983713f-017d-46e6-b480-2a70f960fc47,2021-11-16T07:00:00+01:00,2021-11-16,07:00:00,-1.67,48.08,35238,35000,35,Rennes (35),Rennes Metropole,France,2021-11-16T08:10:00+01:00,2021-11-16,08:10:00,-1.58,47.26,44114,44700,44,Orvault (44),Nantes Metropole,France,1,B,97476,68,OUI
5154897,7f37f4d1-1999-4b34-a89c-ed5008ac5dd5,2021-11-16T07:10:00+01:00,2021-11-16,07:10:00,-1.70,48.04,35066,35131,35,Chartres-de-Bretagne (35),Rennes Metropole,France,2021-11-16T07:20:00+01:00,2021-11-16,07:20:00,-1.71,48.10,35238,35000,35,Rennes (35),Rennes Metropole,France,1,C,8291,9,OUI
5154780,9c9b16a1-f32a-4c78-b524-d82bc27f0774,2021-11-16T07:20:00+01:00,2021-11-16,07:20:00,-1.71,48.11,35238,35000,35,Rennes (35),Rennes Metropole,France,2021-11-16T08:20:00+01:00,2021-11-16,08:20:00,-2.54,48.46,22093,22400,22,Lamballe-Armor (22),Communaute D'Agglomeration Lamballe Terre-Mer,France,1,B,77479,54,OUI
5155506,aa684179-7162-462c-b1cd-6daf234a0acc,2021-11-16T07:20:00+01:00,2021-11-16,07:20:00,-1.84,48.07,35196,35310,35,Mordelles (35),Rennes Metropole,France,2021-11-16T07:30:00+01:00,2021-11-16,07:30:00,-1.73,48.10,35353,35132,35,Vezin-le-Coquet (35),Rennes Metropole,France,1,C,10750,11,NON
5155513,2ad0bcfa-67e8-45da-9cd5-68a0c205e6d2,2021-11-16T07:20:00+01:00,2021-11-16,07:20:00,-1.63,48.12,35238,35000,35,Rennes (35),Rennes Metropole,France,2021-11-16T08:10:00+01:00,2021-11-16,08:10:00,-0.85,48.07,53201,53940,53,Saint-Berthevin (53),Communaute D'Agglomeration De Laval,France,1,B,63959,52,OUI
5119537,d94f6cf1-4876-4a06-ab39-e86de4466e9a,2021-11-16T07:30:00+01:00,2021-11-16,07:30:00,-1.84,48.08,35196,35310,35,Mordelles (35),Rennes Metropole,France,2021-11-16T07:50:00+01:00,2021-11-16,07:50:00,-1.69,48.14,35278,35760,35,Saint-Grégoire (35),Rennes Metropole,France,1,C,18077,25,OUI
5155765,f81ca99c-aabe-4650-92cb-ffd3b53afcbe,2021-11-16T07:30:00+01:00,2021-11-16,07:30:00,-1.67,48.09,35238,35000,35,Rennes (35),Rennes Metropole,France,2021-11-16T08:20:00+01:00,2021-11-16,08:20:00,-2.04,48.45,22050,22100,22,Dinan (22),Communaute D'Agglomeration Dinan Agglomeration,France,1,B,59948,50,OUI
5156171,c0e81a4e-6f07-4d42-a2eb-75ae195c32b3,2021-11-16T07:30:00+01:00,2021-11-16,07:30:00,-1.84,48.07,35196,35310,35,Mordelles (35),Rennes Metropole,France,2021-11-16T08:00:00+01:00,2021-11-16,08:00:00,-2.38,47.91,56165,56800,56,Ploërmel (56),,France,1,C,50109,35,OUI
5156481,07c29064-5c7a-45f2-bab2-86cf395b19e2,2021-11-16T07:30:00+01:00,2021-11-16,07:30:00,-1.63,48.09,35238,35000,35,Rennes (35),Rennes Metropole,France,2021-11-16T08:10:00+01:00,2021-11-16,08:10:00,-1.20,48.11,35360,35500,35,Vitré (35),Vitre Communaute,France,1,C,35669,30,OUI
5119340,92502b9b-e0d5-48f9-90d2-f9220028ca69,2021-11-16T07:30:00+01:00,2021-11-16,07:30:00,-1.76,48.14,35210,35740,35,Pacé (35),Rennes Metropole,France,2021-11-16T07:30:00+01:00,2021-11-16,07:30:00,-1.68,48.16,35278,35760,35,Saint-Grégoire (35),Rennes Metropole,France,1,B,6653,0,NON
5121584,0d32b03c-c095-477c-96da-4a802791bb43,2021-11-16T07:40:00+01:00,2021-11-16,07:40:00,-1.61,48.11,35051,35510,35,Cesson-Sévigné (35),Rennes Metropole,France,2021-11-16T08:40:00+01:00,2021-11-16,08:40:00,-0.85,48.07,53201,53940,53,Saint-Berthevin (53),Communaute D'Agglomeration De Laval,France,1,B,61492,61,OUI
5155809,deb262ba-ac33-4313-b8e2-0a3bd19db171,2021-11-16T07:40:00+01:00,2021-11-16,07:40:00,-1.69,48.13,35238,35000,35,Rennes (35),Rennes Metropole,France,2021-11-16T08:40:00+01:00,2021-11-16,08:40:00,-2.06,48.61,35093,35800,35,Dinard (35),,France,1,B,69868,52,OUI
5155856,8c34d39d-8e82-4ccc-a424-520bda00ca0a,2021-11-16T07:40:00+01:00,2021-11-16,07:40:00,-1.69,48.10,35238,35000,35,Rennes (35),Rennes Metropole,France,2021-11-16T08:30:00+01:00,2021-11-16,08:30:00,-2.38,47.91,56165,56800,56,Ploërmel (56),,France,1,B,63321,47,OUI
5156203,eb4d4b35-a73a-4a12-b6f8-707a4b31fe02,2021-11-16T07:40:00+01:00,2021-11-16,07:40:00,-1.65,48.10,35238,35000,35,Rennes (35),Rennes Metropole,France,2021-11-16T08:10:00+01:00,2021-11-16,08:10:00,-1.18,48.11,35360,35500,35,Vitré (35),Vitre Communaute,France,1,C,39126,35,OUI
5155666,817fe0b8-c809-45f4-9f4e-df8622236afd,2021-11-16T07:50:00+01:00,2021-11-16,07:50:00,-1.62,48.14,35051,35510,35,Cesson-Sévigné (35),Rennes Metropole,France,2021-11-16T08:20:00+01:00,2021-11-16,08:20:00,-1.18,48.34,35115,35300,35,Fougères (35),Fougeres Agglomeration,France,1,C,45705,33,OUI
5156577,44914c3f-22a3-40b9-84cb-806d1eda5d55,2021-11-16T07:50:00+01:00,2021-11-16,07:50:00,-1.48,48.10,35039,35530,35,Brécé (35),Rennes Metropole,France,2021-11-16T08:10:00+01:00,2021-11-16,08:10:00,-1.69,48.15,35278,35760,35,Saint-Grégoire (35),Rennes Metropole,France,1,C,20720,18,OUI
5156762,293ae0c7-2600-47c8-8b6b-cf2c070a217b,2021-11-16T07:50:00+01:00,2021-11-16,07:50:00,-1.69,48.10,35238,35000,35,Rennes (35),Rennes Metropole,France,2021-11-16T08:40:00+01:00,2021-11-16,08:40:00,-1.98,48.62,35288,35400,35,Saint-Malo (35),Saint-Malo Agglomeration,France,1,B,65705,50,OUI
5155717,c195ba92-fc66-4fc9-927a-5b36bd88b1d3,2021-11-16T07:50:00+01:00,2021-11-16,07:50:00,-1.61,48.10,35051,35510,35,Cesson-Sévigné (35),Rennes Metropole,France,2021-11-16T08:40:00+01:00,2021-11-16,08:40:00,-0.83,48.06,53201,53940,53,Saint-Berthevin (53),Communaute D'Agglomeration De Laval,France,1,C,61187,47,OUI
5120552,0d32b03c-c095-477c-96da-4a802791bb43,2021-11-16T07:50:00+01:00,2021-11-16,07:50:00,-1.60,48.10,35051,35510,35,Cesson-Sévigné (35),Rennes Metropole,France,2021-11-16T08:50:00+01:00,2021-11-16,08:50:00,-0.85,48.07,53201,53940,53,Saint-Berthevin (53),Communaute D'Agglomeration De Laval,France,1,C,59426,60,OUI
5155790,b81b7d96-fb85-4cef-aad5-910cda526801,2021-11-16T08:00:00+01:00,2021-11-16,08:00:00,-1.68,48.12,35238,35000,35,Rennes (35),Rennes Metropole,France,2021-11-16T08:50:00+01:00,2021-11-16,08:50:00,-1.99,48.62,35288,35400,35,Saint-Malo (35),Saint-Malo Agglomeration,France,1,B,63358,46,OUI
5155947,2c4f3c9d-1e6e-404f-9251-a08f1d6f64e5,2021-11-16T08:00:00+01:00,2021-11-16,08:00:00,-1.69,48.11,35238,35000,35,Rennes (35),Rennes Metropole,France,2021-11-16T08:20:00+01:00,2021-11-16,08:20:00,-1.74,48.04,35047,35170,35,Bruz (35),Rennes Metropole,France,1,C,10901,13,OUI
5156161,543c2fb7-3d1f-4935-9303-e72b23791bb5,2021-11-16T08:00:00+01:00,2021-11-16,08:00:00,-1.67,48.12,35238,35000,35,Rennes (35),Rennes Metropole,France,2021-11-16T08:10:00+01:00,2021-11-16,08:10:00,-1.69,48.15,35278,35760,35,Saint-Grégoire (35),Rennes Metropole,France,1,C,4690,7,OUI
5156543,e4f46b06-a293-479d-ad90-8fd2a8c49909,2021-11-16T08:00:00+01:00,2021-11-16,08:00:00,-1.65,48.09,35238,35000,35,Rennes (35),Rennes Metropole,France,2021-11-16T08:20:00+01:00,2021-11-16,08:20:00,-1.73,48.03,35047,35170,35,Bruz (35),Rennes Metropole,France,1,B,10947,13,OUI
5156609,2c4f3c9d-1e6e-404f-9251-a08f1d6f64e5,2021-11-16T08:00:00+01:00,2021-11-16,08:00:00,-1.71,48.11,35238,35000,35,Rennes (35),Rennes Metropole,France,2021-11-16T08:10:00+01:00,2021-11-16,08:10:00,-1.74,48.04,35047,35170,35,Bruz (35),Rennes Metropole,France,1,B,10931,12,NON
5156802,2c4f3c9d-1e6e-404f-9251-a08f1d6f64e5,2021-11-16T08:00:00+01:00,2021-11-16,08:00:00,-1.70,48.09,35281,35136,35,Saint-Jacques-de-la-Lande (35),Rennes Metropole,France,2021-11-16T08:10:00+01:00,2021-11-16,08:10:00,-1.74,48.04,35047,35170,35,Bruz (35),Rennes Metropole,France,1,C,6865,8,OUI
5156218,b6b80869-4701-4afa-bb18-1db206bc7965,2021-11-16T08:10:00+01:00,2021-11-16,08:10:00,-1.57,48.16,35334,35235,35,Thorigné-Fouillard (35),Rennes Metropole,France,2021-11-16T08:20:00+01:00,2021-11-16,08:20:00,-1.68,48.15,35278,35760,35,Saint-Grégoire (35),Rennes Metropole,France,1,B,9411,11,NON
5119828,655d76bb-76de-43d2-b868-586a3a91800c,2021-11-16T08:20:00+01:00,2021-11-16,08:20:00,-1.76,48.14,35210,35740,35,Pacé (35),Rennes Metropole,France,2021-11-16T08:20:00+01:00,2021-11-16,08:20:00,-1.62,48.13,35051,35510,35,Cesson-Sévigné (35),Rennes Metropole,France,1,B,12655,0,NON
5120644,db4a9d20-b246-4a31-9c27-02c4934a6f03,2021-11-16T08:20:00+01:00,2021-11-16,08:20:00,-1.65,48.12,35238,35000,35,Rennes (35),Rennes Metropole,France,2021-11-16T09:00:00+01:00,2021-11-16,09:00:00,-1.26,48.07,35338,35370,35,Torcé (35),Vitre Communaute,France,1,C,33234,40,OUI
5119742,216408be-3714-431a-8ccc-1f1ce56fbcce,2021-11-16T08:20:00+01:00,2021-11-16,08:20:00,-1.62,48.13,35051,35510,35,Cesson-Sévigné (35),Rennes Metropole,France,2021-11-16T08:20:00+01:00,2021-11-16,08:20:00,-1.69,48.15,35278,35760,35,Saint-Grégoire (35),Rennes Metropole,France,1,B,7829,0,NON
5157029,2fa298cc-e3e8-482a-8e5f-bb7333ff6b10,2021-11-16T08:30:00+01:00,2021-11-16,08:30:00,-1.66,48.11,35238,35000,35,Rennes (35),Rennes Metropole,France,2021-11-16T08:40:00+01:00,2021-11-16,08:40:00,-1.62,48.09,35238,35000,35,Rennes (35),Rennes Metropole,France,1,B,4195,7,NON
5120372,655d76bb-76de-43d2-b868-586a3a91800c,2021-11-16T08:40:00+01:00,2021-11-16,08:40:00,-1.68,48.16,35278,35760,35,Saint-Grégoire (35),Rennes Metropole,France,2021-11-16T08:40:00+01:00,2021-11-16,08:40:00,-1.62,48.13,35051,35510,35,Cesson-Sévigné (35),Rennes Metropole,France,1,B,7547,0,NON
5120862,7557413c-b0e6-47f7-91a5-5fc103032bf6,2021-11-16T08:40:00+01:00,2021-11-16,08:40:00,-1.65,48.10,35238,35000,35,Rennes (35),Rennes Metropole,France,2021-11-16T09:20:00+01:00,2021-11-16,09:20:00,-1.26,48.07,35338,35370,35,Torcé (35),Vitre Communaute,France,1,C,31786,36,OUI
5121041,fb339e35-e2c0-4529-b321-4a7f6166fd40,2021-11-16T09:40:00+01:00,2021-11-16,09:40:00,-1.79,48.09,35240,35650,35,Le Rheu (35),Rennes Metropole,France,2021-11-16T09:40:00+01:00,2021-11-16,09:40:00,-1.69,48.15,35278,35760,35,Saint-Grégoire (35),Rennes Metropole,France,1,B,12021,0,NON
5121696,862a9ce9-6add-4d87-8d6c-52f5f91b0520,2021-11-16T13:30:00+01:00,2021-11-16,13:30:00,-1.65,48.08,35238,35000,35,Rennes (35),Rennes Metropole,France,2021-11-16T14:10:00+01:00,2021-11-16,14:10:00,-1.19,48.07,35109,35370,35,Étrelles (35),Vitre Communaute,France,1,C,37851,39,OUI
5121700,862a9ce9-6add-4d87-8d6c-52f5f91b0520,2021-11-16T13:30:00+01:00,2021-11-16,13:30:00,-1.65,48.08,35238,35000,35,Rennes (35),Rennes Metropole,France,2021-11-16T14:10:00+01:00,2021-11-16,14:10:00,-1.19,48.06,35109,35370,35,Étrelles (35),Vitre Communaute,France,1,C,38024,40,OUI
5121909,31730762-abb9-4f5c-9705-2008509c7625,2021-11-16T15:20:00+01:00,2021-11-16,15:20:00,-1.62,48.13,35051,35510,35,Cesson-Sévigné (35),Rennes Metropole,France,2021-11-16T16:00:00+01:00,2021-11-16,16:00:00,-1.20,48.10,35360,35500,35,Vitré (35),Vitre Communaute,France,1,C,36797,41,OUI
5122324,d90b8b53-4847-4413-aa02-7404d996c977,2021-11-16T16:40:00+01:00,2021-11-16,16:40:00,-1.69,48.14,35278,35760,35,Saint-Grégoire (35),Rennes Metropole,France,2021-11-16T17:10:00+01:00,2021-11-16,17:10:00,-1.84,48.08,35196,35310,35,Mordelles (35),Rennes Metropole,France,1,C,18102,25,OUI
5158767,2889d095-8b0e-4d87-a94b-3f06bc743993,2021-11-16T16:50:00+01:00,2021-11-16,16:50:00,-1.64,48.09,35238,35000,35,Rennes (35),Rennes Metropole,France,2021-11-16T17:40:00+01:00,2021-11-16,17:40:00,-1.16,47.74,49248,49420,49,Ombrée d'Anjou (49),,France,1,B,58675,48,OUI
5158551,0fdd250e-b3b3-4f76-95e1-8fa047be91cd,2021-11-16T17:00:00+01:00,2021-11-16,17:00:00,-1.59,48.11,35051,35510,35,Cesson-Sévigné (35),Rennes Metropole,France,2021-11-16T17:50:00+01:00,2021-11-16,17:50:00,-0.78,48.07,53130,53000,53,Laval (53),Communaute D'Agglomeration De Laval,France,1,B,64943,46,OUI
5158552,8eaf07a1-f9e6-42c9-b704-18b18dddb1f5,2021-11-16T17:00:00+01:00,2021-11-16,17:00:00,-1.74,48.04,35047,35170,35,Bruz (35),Rennes Metropole,France,2021-11-16T17:50:00+01:00,2021-11-16,17:50:00,-1.19,48.34,35115,35300,35,Fougères (35),Fougeres Agglomeration,France,1,C,61901,49,OUI
5158620,bea745e1-e6be-4646-b181-170855c5789a,2021-11-16T17:00:00+01:00,2021-11-16,17:00:00,-1.73,48.05,35047,35170,35,Bruz (35),Rennes Metropole,France,2021-11-16T17:50:00+01:00,2021-11-16,17:50:00,-1.20,48.35,35115,35300,35,Fougères (35),Fougeres Agglomeration,France,1,C,58621,46,OUI
5158859,8eaf07a1-f9e6-42c9-b704-18b18dddb1f5,2021-11-16T17:00:00+01:00,2021-11-16,17:00:00,-1.73,48.04,35047,35170,35,Bruz (35),Rennes Metropole,France,2021-11-16T18:00:00+01:00,2021-11-16,18:00:00,-1.19,48.34,35115,35300,35,Fougères (35),Fougeres Agglomeration,France,1,B,62646,51,OUI
5159100,58bb4325-5794-4031-98a6-7b3323e5c71b,2021-11-16T17:00:00+01:00,2021-11-16,17:00:00,-1.69,48.13,35238,35000,35,Rennes (35),Rennes Metropole,France,2021-11-16T18:00:00+01:00,2021-11-16,18:00:00,-1.99,48.66,35288,35400,35,Saint-Malo (35),Saint-Malo Agglomeration,France,1,B,66651,52,OUI
5159205,1805758c-dc79-4bf0-9d98-c6eb21b5bcc6,2021-11-16T17:00:00+01:00,2021-11-16,17:00:00,-1.62,48.09,35238,35000,35,Rennes (35),Rennes Metropole,France,2021-11-16T17:40:00+01:00,2021-11-16,17:40:00,-1.20,48.11,35360,35500,35,Vitré (35),Vitre Communaute,France,1,C,35563,31,OUI
5159232,8eaf07a1-f9e6-42c9-b704-18b18dddb1f5,2021-11-16T17:00:00+01:00,2021-11-16,17:00:00,-1.73,48.04,35047,35170,35,Bruz (35),Rennes Metropole,France,2021-11-16T17:40:00+01:00,2021-11-16,17:40:00,-1.41,48.25,35253,35140,35,Saint-Aubin-du-Cormier (35),,France,1,C,40562,34,OUI
5158732,36f03012-37d0-4a1b-b6b8-497d1172a4d3,2021-11-16T17:10:00+01:00,2021-11-16,17:10:00,-1.74,48.04,35047,35170,35,Bruz (35),Rennes Metropole,France,2021-11-16T17:30:00+01:00,2021-11-16,17:30:00,-1.91,47.81,35219,35550,35,Pipriac (35),Redon Agglomération,France,1,B,32287,24,OUI
5158791,3a853744-2942-41ee-9dd2-1d6888ad4504,2021-11-16T17:20:00+01:00,2021-11-16,17:20:00,-1.74,48.04,35047,35170,35,Bruz (35),Rennes Metropole,France,2021-11-16T17:30:00+01:00,2021-11-16,17:30:00,-1.72,48.11,35238,35000,35,Rennes (35),Rennes Metropole,France,1,B,11310,14,NON
5158850,af54b969-2b80-4821-9154-e166817c0047,2021-11-16T17:20:00+01:00,2021-11-16,17:20:00,-1.69,48.12,35238,35000,35,Rennes (35),Rennes Metropole,France,2021-11-16T17:50:00+01:00,2021-11-16,17:50:00,-1.41,48.25,35253,35140,35,Saint-Aubin-du-Cormier (35),,France,1,C,28816,22,OUI
5159388,c35214bc-ec26-4cdd-b713-fe06787ee658,2021-11-16T17:30:00+01:00,2021-11-16,17:30:00,-1.62,48.13,35051,35510,35,Cesson-Sévigné (35),Rennes Metropole,France,2021-11-16T18:20:00+01:00,2021-11-16,18:20:00,-2.02,48.45,22118,22100,22,Lanvallay (22),Communaute D'Agglomeration Dinan Agglomeration,France,1,C,53045,41,OUI
5159832,297d080b-d057-44ad-953c-f3c0bc8aae83,2021-11-16T17:30:00+01:00,2021-11-16,17:30:00,-1.66,48.11,35238,35000,35,Rennes (35),Rennes Metropole,France,2021-11-16T18:00:00+01:00,2021-11-16,18:00:00,-1.26,48.06,35338,35370,35,Torcé (35),Vitre Communaute,France,1,B,33700,30,OUI
5160156,2b724ac7-8e64-4803-a64e-c2dd750e2974,2021-11-16T17:30:00+01:00,2021-11-16,17:30:00,-1.71,48.04,35066,35131,35,Chartres-de-Bretagne (35),Rennes Metropole,France,2021-11-16T17:40:00+01:00,2021-11-16,17:40:00,-1.68,48.10,35238,35000,35,Rennes (35),Rennes Metropole,France,1,B,7522,9,NON
5160180,681dbc00-5abe-4911-985e-f5cdd6305f46,2021-11-16T17:30:00+01:00,2021-11-16,17:30:00,-1.68,48.15,35278,35760,35,Saint-Grégoire (35),Rennes Metropole,France,2021-11-16T17:50:00+01:00,2021-11-16,17:50:00,-1.48,48.10,35039,35530,35,Brécé (35),Rennes Metropole,France,1,C,22069,20,OUI
5160096,85b00a1d-6e6e-46db-81f7-f1e21e395fc7,2021-11-16T17:40:00+01:00,2021-11-16,17:40:00,-1.62,48.09,35238,35000,35,Rennes (35),Rennes Metropole,France,2021-11-16T18:20:00+01:00,2021-11-16,18:20:00,-1.20,48.35,35115,35300,35,Fougères (35),Fougeres Agglomeration,France,1,B,49429,36,OUI
5159717,e21a2fba-0055-40a1-9fd4-803341beef2e,2021-11-16T17:50:00+01:00,2021-11-16,17:50:00,-1.62,48.14,35051,35510,35,Cesson-Sévigné (35),Rennes Metropole,France,2021-11-16T18:00:00+01:00,2021-11-16,18:00:00,-1.60,48.23,35197,35250,35,Mouazé (35),,France,1,C,11744,10,OUI
5160061,23dada39-2060-491f-9c74-0908f8e55834,2021-11-16T17:50:00+01:00,2021-11-16,17:50:00,-1.61,48.12,35051,35510,35,Cesson-Sévigné (35),Rennes Metropole,France,2021-11-16T18:20:00+01:00,2021-11-16,18:20:00,-1.87,48.36,35265,35190,35,Saint-Domineuc (35),Communauté de communes Bretagne Romantique,France,1,B,35923,28,OUI
5159532,a08ce673-f533-4664-9cc9-327a7bfc5fc4,2021-11-16T18:00:00+01:00,2021-11-16,18:00:00,-1.68,48.03,35206,35230,35,Noyal-Châtillon-sur-Seiche (35),Rennes Metropole,France,2021-11-16T18:20:00+01:00,2021-11-16,18:20:00,-1.66,47.93,35090,35320,35,Crevin (35),,France,1,C,13341,11,OUI
5159629,1e670e5a-4c2c-4963-8fde-d7266efef854,2021-11-16T18:00:00+01:00,2021-11-16,18:00:00,-1.69,48.15,35278,35760,35,Saint-Grégoire (35),Rennes Metropole,France,2021-11-16T18:40:00+01:00,2021-11-16,18:40:00,-1.92,48.56,35306,35430,35,Saint-Père (35),Saint-Malo Agglomeration,France,1,C,52330,38,OUI
5159884,fde44994-3b33-44a2-b26c-f49cf94180c4,2021-11-16T18:00:00+01:00,2021-11-16,18:00:00,-1.71,48.10,35238,35000,35,Rennes (35),Rennes Metropole,France,2021-11-16T18:10:00+01:00,2021-11-16,18:10:00,-1.70,48.04,35066,35131,35,Chartres-de-Bretagne (35),Rennes Metropole,France,1,C,8132,10,NON
5159920,1fbdc5a7-fa24-4b26-9497-403e5fc7e3ce,2021-11-16T18:00:00+01:00,2021-11-16,18:00:00,-1.62,48.12,35051,35510,35,Cesson-Sévigné (35),Rennes Metropole,France,2021-11-16T18:40:00+01:00,2021-11-16,18:40:00,-1.90,48.40,35226,35720,35,Pleugueneuc (35),Communauté de communes Bretagne Romantique,France,1,C,41779,32,OUI
5159993,fefc334c-caad-47a6-8433-7898472817e8,2021-11-16T18:00:00+01:00,2021-11-16,18:00:00,-1.70,48.12,35238,35000,35,Rennes (35),Rennes Metropole,France,2021-11-16T18:50:00+01:00,2021-11-16,18:50:00,-1.99,48.62,35288,35400,35,Saint-Malo (35),Saint-Malo Agglomeration,France,1,B,63499,47,OUI
5159589,3131126a-e279-4c89-b9e8-8586eb887ab6,2021-11-16T18:10:00+01:00,2021-11-16,18:10:00,-1.74,48.04,35047,35170,35,Bruz (35),Rennes Metropole,France,2021-11-16T18:30:00+01:00,2021-11-16,18:30:00,-1.69,48.11,35238,35000,35,Rennes (35),Rennes Metropole,France,1,B,10444,13,OUI
5159652,1c39b012-578a-417e-b9e6-58d1a1e2b2d2,2021-11-16T18:10:00+01:00,2021-11-16,18:10:00,-1.68,48.15,35278,35760,35,Saint-Grégoire (35),Rennes Metropole,France,2021-11-16T18:20:00+01:00,2021-11-16,18:20:00,-1.57,48.16,35334,35235,35,Thorigné-Fouillard (35),Rennes Metropole,France,1,B,9565,11,NON
5123616,30ffb950-356b-4e51-98b2-68df3c07a191,2021-11-16T18:50:00+01:00,2021-11-16,18:50:00,-1.62,48.13,35051,35510,35,Cesson-Sévigné (35),Rennes Metropole,France,2021-11-16T18:50:00+01:00,2021-11-16,18:50:00,-1.68,48.16,35278,35760,35,Saint-Grégoire (35),Rennes Metropole,France,1,B,7747,0,NON
5123666,9a60c4d3-4d22-4576-8f32-1c3bdfe1b3b1,2021-11-16T19:00:00+01:00,2021-11-16,19:00:00,-1.62,48.13,35051,35510,35,Cesson-Sévigné (35),Rennes Metropole,France,2021-11-16T19:00:00+01:00,2021-11-16,19:00:00,-1.76,48.14,35210,35740,35,Pacé (35),Rennes Metropole,France,1,B,12850,0,NON
5127872,6b42fa1f-b5f2-4105-820e-9863ed290f1d,2021-11-17T04:00:00+01:00,2021-11-17,04:00:00,-1.48,47.95,35136,35150,35,Janzé (35),,France,2021-11-17T04:30:00+01:00,2021-11-17,04:30:00,-1.22,47.93,35125,35130,35,La Guerche-de-Bretagne (35),Vitre Communaute,France,1,C,24426,31,OUI
5164158,22332762-f5ef-45db-986a-71daff715ac4,2021-11-17T04:20:00+01:00,2021-11-17,04:20:00,-1.63,48.09,35238,35000,35,Rennes (35),Rennes Metropole,France,2021-11-17T05:00:00+01:00,2021-11-17,05:00:00,-1.91,47.81,35219,35550,35,Pipriac (35),Redon Agglomération,France,1,C,44808,35,OUI
5164290,ccdebcf4-ac9d-4a1d-b5bb-287663af205e,2021-11-17T06:10:00+01:00,2021-11-17,06:10:00,-1.67,48.08,35238,35000,35,Rennes (35),Rennes Metropole,France,2021-11-17T07:20:00+01:00,2021-11-17,07:20:00,-1.58,47.26,44114,44700,44,Orvault (44),Nantes Metropole,France,1,C,97476,68,OUI
5164240,ccdebcf4-ac9d-4a1d-b5bb-287663af205e,2021-11-17T06:10:00+01:00,2021-11-17,06:10:00,-1.67,48.08,35238,35000,35,Rennes (35),Rennes Metropole,France,2021-11-17T07:20:00+01:00,2021-11-17,07:20:00,-1.58,47.26,44114,44700,44,Orvault (44),Nantes Metropole,France,1,C,97476,68,OUI
5164777,c41856a7-8110-4a3b-98c1-8e554b1ce08f,2021-11-17T06:50:00+01:00,2021-11-17,06:50:00,-1.67,48.09,35238,35000,35,Rennes (35),Rennes Metropole,France,2021-11-17T08:00:00+01:00,2021-11-17,08:00:00,-1.58,47.26,44109,44000,44,Nantes (44),Nantes Metropole,France,1,C,98395,70,OUI
5164751,c41856a7-8110-4a3b-98c1-8e554b1ce08f,2021-11-17T06:50:00+01:00,2021-11-17,06:50:00,-1.67,48.08,35238,35000,35,Rennes (35),Rennes Metropole,France,2021-11-17T08:00:00+01:00,2021-11-17,08:00:00,-1.58,47.26,44114,44700,44,Orvault (44),Nantes Metropole,France,1,C,97476,68,OUI
5164893,286987ea-e0c0-4e44-8782-3d324f879fbb,2021-11-17T07:00:00+01:00,2021-11-17,07:00:00,-1.69,48.08,35281,35136,35,Saint-Jacques-de-la-Lande (35),Rennes Metropole,France,2021-11-17T07:50:00+01:00,2021-11-17,07:50:00,-1.19,48.34,35115,35300,35,Fougères (35),Fougeres Agglomeration,France,1,C,57322,43,OUI
5164391,f8ab7e1f-9ed0-4c64-86de-ec35d6db80d5,2021-11-17T07:00:00+01:00,2021-11-17,07:00:00,-1.73,48.05,35047,35170,35,Bruz (35),Rennes Metropole,France,2021-11-17T08:00:00+01:00,2021-11-17,08:00:00,-0.78,48.07,53130,53000,53,Laval (53),Communaute D'Agglomeration De Laval,France,1,C,79542,59,OUI
5164451,82686285-54d0-4be4-8098-57e70191f9b8,2021-11-17T07:10:00+01:00,2021-11-17,07:10:00,-1.70,48.11,35238,35000,35,Rennes (35),Rennes Metropole,France,2021-11-17T08:20:00+01:00,2021-11-17,08:20:00,-2.75,48.49,22278,22000,22,Saint-Brieuc (22),Saint-Brieuc Armor Agglomeration,France,1,C,95383,68,OUI
5164920,82686285-54d0-4be4-8098-57e70191f9b8,2021-11-17T07:10:00+01:00,2021-11-17,07:10:00,-1.70,48.12,35238,35000,35,Rennes (35),Rennes Metropole,France,2021-11-17T08:20:00+01:00,2021-11-17,08:20:00,-2.75,48.50,22278,22000,22,Saint-Brieuc (22),Saint-Brieuc Armor Agglomeration,France,1,B,96582,70,OUI
5165165,3927d92c-9634-4edc-b38d-10d0a7e95feb,2021-11-17T07:10:00+01:00,2021-11-17,07:10:00,-1.72,48.10,35238,35000,35,Rennes (35),Rennes Metropole,France,2021-11-17T08:10:00+01:00,2021-11-17,08:10:00,-0.80,48.06,53201,53940,53,Saint-Berthevin (53),Communaute D'Agglomeration De Laval,France,1,B,77948,56,OUI
5164808,49b47622-8c56-49c6-8ddc-f08b33b86def,2021-11-17T07:20:00+01:00,2021-11-17,07:20:00,-1.59,48.11,35051,35510,35,Cesson-Sévigné (35),Rennes Metropole,France,2021-11-17T08:00:00+01:00,2021-11-17,08:00:00,-1.19,48.34,35115,35300,35,Fougères (35),Fougeres Agglomeration,France,1,B,47919,36,OUI
5164857,fa045659-3e8c-44fd-8052-19112fbb3e7f,2021-11-17T07:20:00+01:00,2021-11-17,07:20:00,-1.69,48.17,35278,35760,35,Saint-Grégoire (35),Rennes Metropole,France,2021-11-17T07:40:00+01:00,2021-11-17,07:40:00,-1.63,48.10,35238,35000,35,Rennes (35),Rennes Metropole,France,1,B,12938,17,NON
5165162,1321f2b7-3971-4839-a124-d3dc01eb41d2,2021-11-17T07:20:00+01:00,2021-11-17,07:20:00,-1.84,48.07,35196,35310,35,Mordelles (35),Rennes Metropole,France,2021-11-17T07:30:00+01:00,2021-11-17,07:30:00,-1.73,48.10,35353,35132,35,Vezin-le-Coquet (35),Rennes Metropole,France,1,C,10750,11,NON
5164892,916e19ca-b7e4-4986-b2be-288744bfecd5,2021-11-17T07:20:00+01:00,2021-11-17,07:20:00,-1.63,48.12,35238,35000,35,Rennes (35),Rennes Metropole,France,2021-11-17T08:10:00+01:00,2021-11-17,08:10:00,-0.85,48.07,53201,53940,53,Saint-Berthevin (53),Communaute D'Agglomeration De Laval,France,1,B,63959,52,OUI
5128163,c0bcb649-24c1-46ce-bc38-0012d02f3856,2021-11-17T07:30:00+01:00,2021-11-17,07:30:00,-1.79,48.09,35240,35650,35,Le Rheu (35),Rennes Metropole,France,2021-11-17T07:30:00+01:00,2021-11-17,07:30:00,-1.69,48.15,35278,35760,35,Saint-Grégoire (35),Rennes Metropole,France,1,B,12021,0,NON
5165872,cf216717-a6dd-494f-a7a4-462903718b66,2021-11-17T07:30:00+01:00,2021-11-17,07:30:00,-1.70,48.09,35281,35136,35,Saint-Jacques-de-la-Lande (35),Rennes Metropole,France,2021-11-17T08:20:00+01:00,2021-11-17,08:20:00,-2.04,48.45,22050,22100,22,Dinan (22),Communaute D'Agglomeration Dinan Agglomeration,France,1,B,57087,46,OUI
5166050,526ee3a0-461e-48bf-86f7-ffc0451a2d6e,2021-11-17T07:30:00+01:00,2021-11-17,07:30:00,-1.69,48.13,35278,35760,35,Saint-Grégoire (35),Rennes Metropole,France,2021-11-17T08:00:00+01:00,2021-11-17,08:00:00,-1.41,48.25,35253,35140,35,Saint-Aubin-du-Cormier (35),,France,1,B,27838,20,OUI
5166326,53d0d0e0-7ddf-4b1f-befe-c973dd0170b2,2021-11-17T07:30:00+01:00,2021-11-17,07:30:00,-1.48,48.10,35039,35530,35,Brécé (35),Rennes Metropole,France,2021-11-17T07:50:00+01:00,2021-11-17,07:50:00,-1.69,48.15,35278,35760,35,Saint-Grégoire (35),Rennes Metropole,France,1,C,20720,18,OUI
5166357,dede1caa-9cfb-46b9-a011-5f43bf36f622,2021-11-17T07:30:00+01:00,2021-11-17,07:30:00,-1.84,48.07,35196,35310,35,Mordelles (35),Rennes Metropole,France,2021-11-17T08:00:00+01:00,2021-11-17,08:00:00,-2.38,47.91,56165,56800,56,Ploërmel (56),,France,1,C,50109,35,OUI
5165565,30e49fc8-d919-4c9c-ba32-6a433383b384,2021-11-17T07:40:00+01:00,2021-11-17,07:40:00,-1.67,48.08,35238,35000,35,Rennes (35),Rennes Metropole,France,2021-11-17T07:50:00+01:00,2021-11-17,07:50:00,-1.74,48.04,35047,35170,35,Bruz (35),Rennes Metropole,France,1,C,9107,10,NON
5165569,c961948e-4f3a-456f-80d9-cbf4a38d65de,2021-11-17T07:40:00+01:00,2021-11-17,07:40:00,-1.77,48.22,35120,35850,35,Gévezé (35),Rennes Metropole,France,2021-11-17T08:30:00+01:00,2021-11-17,08:30:00,-2.06,48.61,35093,35800,35,Dinard (35),,France,1,C,61670,50,OUI
5165770,801ceb35-8990-4088-8b6b-eb4f4e0702eb,2021-11-17T07:40:00+01:00,2021-11-17,07:40:00,-1.75,48.02,35047,35170,35,Bruz (35),Rennes Metropole,France,2021-11-17T07:50:00+01:00,2021-11-17,07:50:00,-1.68,48.10,35238,35000,35,Rennes (35),Rennes Metropole,France,1,A,11438,14,OUI
5165947,3c92c986-a7af-42c8-896b-16cbecc87a69,2021-11-17T07:40:00+01:00,2021-11-17,07:40:00,-1.57,48.16,35334,35235,35,Thorigné-Fouillard (35),Rennes Metropole,France,2021-11-17T08:00:00+01:00,2021-11-17,08:00:00,-1.70,48.12,35238,35000,35,Rennes (35),Rennes Metropole,France,1,B,14973,16,OUI
5165491,7902c121-c417-4dc3-9eb7-26b0a645e800,2021-11-17T07:40:00+01:00,2021-11-17,07:40:00,-1.61,48.10,35051,35510,35,Cesson-Sévigné (35),Rennes Metropole,France,2021-11-17T08:30:00+01:00,2021-11-17,08:30:00,-0.83,48.06,53201,53940,53,Saint-Berthevin (53),Communaute D'Agglomeration De Laval,France,1,C,61187,47,OUI
5166131,7902c121-c417-4dc3-9eb7-26b0a645e800,2021-11-17T07:40:00+01:00,2021-11-17,07:40:00,-1.61,48.10,35051,35510,35,Cesson-Sévigné (35),Rennes Metropole,France,2021-11-17T08:30:00+01:00,2021-11-17,08:30:00,-0.83,48.06,53201,53940,53,Saint-Berthevin (53),Communaute D'Agglomeration De Laval,France,1,B,61187,47,OUI
5165487,7a6cb598-4ac2-467c-be7f-80bd19170570,2021-11-17T07:50:00+01:00,2021-11-17,07:50:00,-1.70,48.01,35363,35131,35,Pont-Péan (35),Rennes Metropole,France,2021-11-17T08:00:00+01:00,2021-11-17,08:00:00,-1.69,48.08,35238,35000,35,Rennes (35),Rennes Metropole,France,1,B,8217,9,NON
5165761,2838391a-15bd-4c17-9b8a-1795fc89e385,2021-11-17T07:50:00+01:00,2021-11-17,07:50:00,-1.69,48.10,35238,35000,35,Rennes (35),Rennes Metropole,France,2021-11-17T08:40:00+01:00,2021-11-17,08:40:00,-1.98,48.62,35288,35400,35,Saint-Malo (35),Saint-Malo Agglomeration,France,1,C,68345,50,OUI
5165858,2838391a-15bd-4c17-9b8a-1795fc89e385,2021-11-17T07:50:00+01:00,2021-11-17,07:50:00,-1.69,48.10,35238,35000,35,Rennes (35),Rennes Metropole,France,2021-11-17T08:40:00+01:00,2021-11-17,08:40:00,-1.98,48.62,35288,35400,35,Saint-Malo (35),Saint-Malo Agglomeration,France,1,B,65705,50,OUI
5165901,e2b868d8-3ff3-4c15-a349-3ed7d14f0837,2021-11-17T07:50:00+01:00,2021-11-17,07:50:00,-1.65,48.13,35238,35000,35,Rennes (35),Rennes Metropole,France,2021-11-17T08:50:00+01:00,2021-11-17,08:50:00,-2.06,48.61,35093,35800,35,Dinard (35),,France,1,C,72714,55,OUI
5165254,aac5949d-60ba-4587-9a32-f17a3770d391,2021-11-17T08:00:00+01:00,2021-11-17,08:00:00,-1.68,48.12,35238,35000,35,Rennes (35),Rennes Metropole,France,2021-11-17T08:50:00+01:00,2021-11-17,08:50:00,-1.99,48.62,35288,35400,35,Saint-Malo (35),Saint-Malo Agglomeration,France,1,B,63358,46,OUI
5165619,9e87202c-236f-4fe9-b6f0-5d71983ad08a,2021-11-17T08:00:00+01:00,2021-11-17,08:00:00,-1.69,48.13,35278,35760,35,Saint-Grégoire (35),Rennes Metropole,France,2021-11-17T08:50:00+01:00,2021-11-17,08:50:00,-1.98,48.62,35288,35400,35,Saint-Malo (35),Saint-Malo Agglomeration,France,1,B,62585,46,OUI
5166057,b2a0fdf8-5297-4f45-a57b-5d6123499ac0,2021-11-17T08:00:00+01:00,2021-11-17,08:00:00,-1.65,48.09,35238,35000,35,Rennes (35),Rennes Metropole,France,2021-11-17T08:20:00+01:00,2021-11-17,08:20:00,-1.73,48.03,35047,35170,35,Bruz (35),Rennes Metropole,France,1,B,10947,13,OUI
5166334,837b19f6-5b50-4f30-b38f-19dd44b2ea4b,2021-11-17T08:00:00+01:00,2021-11-17,08:00:00,-1.57,48.14,35334,35235,35,Thorigné-Fouillard (35),Rennes Metropole,France,2021-11-17T08:30:00+01:00,2021-11-17,08:30:00,-1.17,48.33,35137,35133,35,Javené (35),Fougeres Agglomeration,France,1,B,44401,31,OUI
5128489,699af35b-047c-45f7-827d-848c487d44d9,2021-11-17T08:10:00+01:00,2021-11-17,08:10:00,-1.62,48.13,35051,35510,35,Cesson-Sévigné (35),Rennes Metropole,France,2021-11-17T08:10:00+01:00,2021-11-17,08:10:00,-1.69,48.15,35278,35760,35,Saint-Grégoire (35),Rennes Metropole,France,1,B,7829,0,NON
5165455,427ce0bb-f8ed-46dc-aaab-3874f9ebe92f,2021-11-17T08:10:00+01:00,2021-11-17,08:10:00,-1.57,48.16,35334,35235,35,Thorigné-Fouillard (35),Rennes Metropole,France,2021-11-17T08:20:00+01:00,2021-11-17,08:20:00,-1.68,48.15,35278,35760,35,Saint-Grégoire (35),Rennes Metropole,France,1,B,9411,11,NON
5165524,b15b008c-7810-4457-a340-6c3a58fcacab,2021-11-17T08:10:00+01:00,2021-11-17,08:10:00,-1.69,48.10,35238,35000,35,Rennes (35),Rennes Metropole,France,2021-11-17T08:30:00+01:00,2021-11-17,08:30:00,-1.93,48.18,35023,35137,35,Bédée (35),,France,1,C,21746,18,OUI
5128751,d3d332e5-5407-417a-8970-962bb19e2845,2021-11-17T08:30:00+01:00,2021-11-17,08:30:00,-1.76,48.14,35210,35740,35,Pacé (35),Rennes Metropole,France,2021-11-17T08:30:00+01:00,2021-11-17,08:30:00,-1.62,48.13,35051,35510,35,Cesson-Sévigné (35),Rennes Metropole,France,1,B,12655,0,NON
5129053,3f57a5cf-8f68-4fbe-86df-f8e776369db2,2021-11-17T08:30:00+01:00,2021-11-17,08:30:00,-1.65,48.04,35206,35230,35,Noyal-Châtillon-sur-Seiche (35),Rennes Metropole,France,2021-11-17T08:50:00+01:00,2021-11-17,08:50:00,-1.69,48.14,35278,35760,35,Saint-Grégoire (35),Rennes Metropole,France,1,C,19535,24,OUI
5166483,64afb0fc-f6fa-4083-b446-c20cb5db2273,2021-11-17T08:30:00+01:00,2021-11-17,08:30:00,-1.64,48.12,35238,35000,35,Rennes (35),Rennes Metropole,France,2021-11-17T09:10:00+01:00,2021-11-17,09:10:00,-1.19,48.33,35137,35133,35,Javené (35),Fougeres Agglomeration,France,1,C,46396,36,OUI
5166549,b513e166-0df3-4a81-a5d6-f97b125f66f9,2021-11-17T08:30:00+01:00,2021-11-17,08:30:00,-1.66,48.11,35238,35000,35,Rennes (35),Rennes Metropole,France,2021-11-17T08:40:00+01:00,2021-11-17,08:40:00,-1.62,48.09,35238,35000,35,Rennes (35),Rennes Metropole,France,1,B,4195,7,NON
5166567,7e91f954-9c3d-4955-b027-dec15e5100a7,2021-11-17T08:30:00+01:00,2021-11-17,08:30:00,-1.68,48.10,35238,35000,35,Rennes (35),Rennes Metropole,France,2021-11-17T08:40:00+01:00,2021-11-17,08:40:00,-1.71,48.04,35066,35131,35,Chartres-de-Bretagne (35),Rennes Metropole,France,1,B,7513,9,NON
5129930,ad44db5a-2f53-49de-b370-88ebbd1f739d,2021-11-17T12:50:00+01:00,2021-11-17,12:50:00,-1.65,48.12,35238,35000,35,Rennes (35),Rennes Metropole,France,2021-11-17T13:30:00+01:00,2021-11-17,13:30:00,-1.26,48.07,35338,35370,35,Torcé (35),Vitre Communaute,France,1,C,33386,39,OUI
5130022,cfca3494-51b5-4737-a1d1-14095eb0815c,2021-11-17T13:30:00+01:00,2021-11-17,13:30:00,-1.65,48.08,35238,35000,35,Rennes (35),Rennes Metropole,France,2021-11-17T14:10:00+01:00,2021-11-17,14:10:00,-1.19,48.07,35109,35370,35,Étrelles (35),Vitre Communaute,France,1,C,37851,39,OUI
5130023,cfca3494-51b5-4737-a1d1-14095eb0815c,2021-11-17T13:30:00+01:00,2021-11-17,13:30:00,-1.65,48.08,35238,35000,35,Rennes (35),Rennes Metropole,France,2021-11-17T14:10:00+01:00,2021-11-17,14:10:00,-1.19,48.06,35109,35370,35,Étrelles (35),Vitre Communaute,France,1,C,38024,40,OUI
5131697,0da01f6c-6578-41d0-8260-e2e7412954c5,2021-11-17T15:10:00+01:00,2021-11-17,15:10:00,-1.66,48.11,35238,35000,35,Rennes (35),Rennes Metropole,France,2021-11-17T16:00:00+01:00,2021-11-17,16:00:00,-1.20,48.10,35360,35500,35,Vitré (35),Vitre Communaute,France,1,C,39112,49,OUI
5130229,c1e05e50-80a2-42cb-9148-4ab4754eb9de,2021-11-17T15:10:00+01:00,2021-11-17,15:10:00,-1.62,48.13,35051,35510,35,Cesson-Sévigné (35),Rennes Metropole,France,2021-11-17T15:50:00+01:00,2021-11-17,15:50:00,-1.20,48.10,35360,35500,35,Vitré (35),Vitre Communaute,France,1,C,36797,41,OUI
5168416,b91eef3d-e3db-4fa4-81c0-d25bd1eb4397,2021-11-17T16:40:00+01:00,2021-11-17,16:40:00,-1.62,48.10,35051,35510,35,Cesson-Sévigné (35),Rennes Metropole,France,2021-11-17T17:40:00+01:00,2021-11-17,17:40:00,-0.75,48.08,53130,53000,53,Laval (53),Communaute D'Agglomeration De Laval,France,1,B,74676,52,OUI
5168051,92b3624e-3342-42ea-883c-d823d7259488,2021-11-17T17:00:00+01:00,2021-11-17,17:00:00,-1.62,48.13,35051,35510,35,Cesson-Sévigné (35),Rennes Metropole,France,2021-11-17T17:20:00+01:00,2021-11-17,17:20:00,-1.60,48.23,35197,35250,35,Mouazé (35),,France,1,C,12484,11,OUI
5168193,84987de1-9f25-4780-9696-8079673663fa,2021-11-17T17:00:00+01:00,2021-11-17,17:00:00,-1.73,48.05,35047,35170,35,Bruz (35),Rennes Metropole,France,2021-11-17T17:50:00+01:00,2021-11-17,17:50:00,-1.20,48.35,35115,35300,35,Fougères (35),Fougeres Agglomeration,France,1,C,58621,46,OUI
5168215,84987de1-9f25-4780-9696-8079673663fa,2021-11-17T17:00:00+01:00,2021-11-17,17:00:00,-1.73,48.05,35047,35170,35,Bruz (35),Rennes Metropole,France,2021-11-17T17:50:00+01:00,2021-11-17,17:50:00,-1.20,48.35,35115,35300,35,Fougères (35),Fougeres Agglomeration,France,1,B,58621,46,OUI
5168216,84987de1-9f25-4780-9696-8079673663fa,2021-11-17T17:00:00+01:00,2021-11-17,17:00:00,-1.73,48.05,35047,35170,35,Bruz (35),Rennes Metropole,France,2021-11-17T17:50:00+01:00,2021-11-17,17:50:00,-1.20,48.35,35115,35300,35,Fougères (35),Fougeres Agglomeration,France,1,C,58621,46,OUI
5168414,1f64e792-c9a2-4c80-a023-fa1c6c01961a,2021-11-17T17:00:00+01:00,2021-11-17,17:00:00,-1.62,48.13,35051,35510,35,Cesson-Sévigné (35),Rennes Metropole,France,2021-11-17T17:30:00+01:00,2021-11-17,17:30:00,-1.75,48.02,35047,35170,35,Bruz (35),Rennes Metropole,France,1,B,21425,21,OUI
5168378,2ae3562e-dce5-4d50-87ac-9b022edee543,2021-11-17T17:20:00+01:00,2021-11-17,17:20:00,-1.69,48.12,35238,35000,35,Rennes (35),Rennes Metropole,France,2021-11-17T17:50:00+01:00,2021-11-17,17:50:00,-1.41,48.25,35253,35140,35,Saint-Aubin-du-Cormier (35),,France,1,C,28816,22,OUI
5168468,5ae887ce-00cf-48e1-8ac9-29da81abe454,2021-11-17T17:20:00+01:00,2021-11-17,17:20:00,-1.68,48.10,35238,35000,35,Rennes (35),Rennes Metropole,France,2021-11-17T18:10:00+01:00,2021-11-17,18:10:00,-2.04,48.45,22050,22100,22,Dinan (22),Communaute D'Agglomeration Dinan Agglomeration,France,1,C,53934,46,OUI
5168317,d569dc47-2fd0-4424-aacd-0bedd764b14c,2021-11-17T17:20:00+01:00,2021-11-17,17:20:00,-1.67,48.08,35238,35000,35,Rennes (35),Rennes Metropole,France,2021-11-17T18:30:00+01:00,2021-11-17,18:30:00,-1.58,47.26,44114,44700,44,Orvault (44),Nantes Metropole,France,1,C,97476,68,OUI
5131121,a579b955-4a6d-41c5-aac6-9c12374d2f93,2021-11-17T17:30:00+01:00,2021-11-17,17:30:00,-1.69,48.13,35278,35760,35,Saint-Grégoire (35),Rennes Metropole,France,2021-11-17T18:20:00+01:00,2021-11-17,18:20:00,-1.19,48.01,35272,35370,35,Saint-Germain-du-Pinel (35),Vitre Communaute,France,1,C,47980,50,OUI
5168597,efa3919b-2009-409c-b06b-59e2ca316f68,2021-11-17T17:30:00+01:00,2021-11-17,17:30:00,-1.62,48.13,35051,35510,35,Cesson-Sévigné (35),Rennes Metropole,France,2021-11-17T18:20:00+01:00,2021-11-17,18:20:00,-2.02,48.45,22118,22100,22,Lanvallay (22),Communaute D'Agglomeration Dinan Agglomeration,France,1,C,53045,41,OUI
5168639,3c9d330d-2833-4b76-9d3e-56eaa5547cd3,2021-11-17T17:30:00+01:00,2021-11-17,17:30:00,-1.71,48.04,35066,35131,35,Chartres-de-Bretagne (35),Rennes Metropole,France,2021-11-17T17:40:00+01:00,2021-11-17,17:40:00,-1.68,48.10,35238,35000,35,Rennes (35),Rennes Metropole,France,1,B,7522,9,NON
5168667,c3b4c0a0-1bc0-42aa-8749-c3313d29b964,2021-11-17T17:30:00+01:00,2021-11-17,17:30:00,-1.64,48.11,35238,35000,35,Rennes (35),Rennes Metropole,France,2021-11-17T18:10:00+01:00,2021-11-17,18:10:00,-1.19,48.35,35115,35300,35,Fougères (35),Fougeres Agglomeration,France,1,B,49052,40,OUI
5168683,e5600708-b7c6-4ada-ad13-f6d9787a686e,2021-11-17T17:30:00+01:00,2021-11-17,17:30:00,-1.69,48.12,35238,35000,35,Rennes (35),Rennes Metropole,France,2021-11-17T17:50:00+01:00,2021-11-17,17:50:00,-1.59,48.15,35334,35235,35,Thorigné-Fouillard (35),Rennes Metropole,France,1,C,12247,14,OUI
5168774,aeb90e8a-0a65-45d5-b549-382a2894dcbe,2021-11-17T17:30:00+01:00,2021-11-17,17:30:00,-1.67,48.13,35238,35000,35,Rennes (35),Rennes Metropole,France,2021-11-17T18:10:00+01:00,2021-11-17,18:10:00,-2.04,48.45,22050,22100,22,Dinan (22),Communaute D'Agglomeration Dinan Agglomeration,France,1,C,52600,43,OUI
5169076,8ab21bb9-379b-487d-8107-db2fc983ff24,2021-11-17T17:30:00+01:00,2021-11-17,17:30:00,-1.66,48.11,35238,35000,35,Rennes (35),Rennes Metropole,France,2021-11-17T18:00:00+01:00,2021-11-17,18:00:00,-1.26,48.06,35338,35370,35,Torcé (35),Vitre Communaute,France,1,B,33700,30,OUI
5130761,b6904074-f1c6-4718-9ccc-af384034091a,2021-11-17T17:40:00+01:00,2021-11-17,17:40:00,-1.69,48.15,35278,35760,35,Saint-Grégoire (35),Rennes Metropole,France,2021-11-17T17:40:00+01:00,2021-11-17,17:40:00,-1.79,48.09,35240,35650,35,Le Rheu (35),Rennes Metropole,France,1,B,11773,0,NON
5168705,efa3919b-2009-409c-b06b-59e2ca316f68,2021-11-17T17:40:00+01:00,2021-11-17,17:40:00,-1.62,48.13,35051,35510,35,Cesson-Sévigné (35),Rennes Metropole,France,2021-11-17T18:10:00+01:00,2021-11-17,18:10:00,-1.90,48.40,35226,35720,35,Pleugueneuc (35),Communauté de communes Bretagne Romantique,France,1,C,40669,30,OUI
5168903,c11ada53-88c2-4278-b7a6-f426f11aa80b,2021-11-17T18:00:00+01:00,2021-11-17,18:00:00,-1.68,48.15,35278,35760,35,Saint-Grégoire (35),Rennes Metropole,France,2021-11-17T18:30:00+01:00,2021-11-17,18:30:00,-1.87,48.37,35265,35190,35,Saint-Domineuc (35),Communauté de communes Bretagne Romantique,France,1,B,29939,22,OUI
5168979,bc4d2ad7-34bf-4793-9cf9-576a974e415c,2021-11-17T18:00:00+01:00,2021-11-17,18:00:00,-1.62,48.12,35051,35510,35,Cesson-Sévigné (35),Rennes Metropole,France,2021-11-17T18:40:00+01:00,2021-11-17,18:40:00,-1.90,48.40,35226,35720,35,Pleugueneuc (35),Communauté de communes Bretagne Romantique,France,1,C,41779,32,OUI
5169107,413cef07-bfa1-4138-8921-365a8c77d788,2021-11-17T18:00:00+01:00,2021-11-17,18:00:00,-1.63,48.09,35238,35000,35,Rennes (35),Rennes Metropole,France,2021-11-17T18:20:00+01:00,2021-11-17,18:20:00,-1.49,48.21,35152,35340,35,Liffré (35),,France,1,C,22093,17,NON
5169132,ad80ddb2-1f68-475c-abd8-bbb3980ab0f0,2021-11-17T18:00:00+01:00,2021-11-17,18:00:00,-1.68,48.03,35206,35230,35,Noyal-Châtillon-sur-Seiche (35),Rennes Metropole,France,2021-11-17T18:20:00+01:00,2021-11-17,18:20:00,-1.66,47.93,35090,35320,35,Crevin (35),,France,1,C,13341,11,OUI
5168714,d88a898c-bc23-409f-a1fb-f4712328a250,2021-11-17T18:10:00+01:00,2021-11-17,18:10:00,-1.68,48.15,35278,35760,35,Saint-Grégoire (35),Rennes Metropole,France,2021-11-17T18:20:00+01:00,2021-11-17,18:20:00,-1.57,48.16,35334,35235,35,Thorigné-Fouillard (35),Rennes Metropole,France,1,B,9565,11,NON
5131308,d3e2a224-1da0-4ae9-9c8e-a5e08ccc52bb,2021-11-17T18:20:00+01:00,2021-11-17,18:20:00,-1.69,48.14,35278,35760,35,Saint-Grégoire (35),Rennes Metropole,France,2021-11-17T18:50:00+01:00,2021-11-17,18:50:00,-1.65,48.04,35206,35230,35,Noyal-Châtillon-sur-Seiche (35),Rennes Metropole,France,1,C,20450,27,OUI
5131813,b81b166c-c03e-4475-8d13-de7037a0611e,2021-11-17T19:00:00+01:00,2021-11-17,19:00:00,-1.65,48.13,35238,35000,35,Rennes (35),Rennes Metropole,France,2021-11-17T19:50:00+01:00,2021-11-17,19:50:00,-1.19,48.01,35272,35370,35,Saint-Germain-du-Pinel (35),Vitre Communaute,France,1,C,46461,49,OUI
5169872,42fc4726-5827-4252-b257-e9592cebea83,2021-11-17T20:10:00+01:00,2021-11-17,20:10:00,-1.70,48.10,35238,35000,35,Rennes (35),Rennes Metropole,France,2021-11-17T20:20:00+01:00,2021-11-17,20:20:00,-1.76,48.02,35047,35170,35,Bruz (35),Rennes Metropole,France,1,B,12756,13,OUI
5135528,7c31fe68-6bf3-4038-bcee-401ac9b2b43d,2021-11-18T04:00:00+01:00,2021-11-18,04:00:00,-1.48,47.95,35136,35150,35,Janzé (35),,France,2021-11-18T04:30:00+01:00,2021-11-18,04:30:00,-1.22,47.93,35125,35130,35,La Guerche-de-Bretagne (35),Vitre Communaute,France,1,C,24426,31,OUI
5171997,d9c7687d-c4d2-4be3-979f-2fd27c82bd8e,2021-11-18T06:00:00+01:00,2021-11-18,06:00:00,-1.67,48.08,35238,35000,35,Rennes (35),Rennes Metropole,France,2021-11-18T07:10:00+01:00,2021-11-18,07:10:00,-1.58,47.26,44114,44700,44,Orvault (44),Nantes Metropole,France,1,C,97476,68,OUI
5172046,d9c7687d-c4d2-4be3-979f-2fd27c82bd8e,2021-11-18T06:00:00+01:00,2021-11-18,06:00:00,-1.67,48.08,35238,35000,35,Rennes (35),Rennes Metropole,France,2021-11-18T07:10:00+01:00,2021-11-18,07:10:00,-1.58,47.26,44114,44700,44,Orvault (44),Nantes Metropole,France,1,C,97476,68,OUI
5172038,a3911c44-f542-42dd-9192-1424d400fec7,2021-11-18T06:20:00+01:00,2021-11-18,06:20:00,-1.68,48.08,35238,35000,35,Rennes (35),Rennes Metropole,France,2021-11-18T07:10:00+01:00,2021-11-18,07:10:00,-1.18,48.35,35115,35300,35,Fougères (35),Fougeres Agglomeration,France,1,C,56882,46,OUI
5172910,ad090579-3a11-4262-8eed-1030ff727fea,2021-11-18T06:50:00+01:00,2021-11-18,06:50:00,-1.67,48.08,35238,35000,35,Rennes (35),Rennes Metropole,France,2021-11-18T08:00:00+01:00,2021-11-18,08:00:00,-1.58,47.26,44114,44700,44,Orvault (44),Nantes Metropole,France,1,C,97476,68,OUI
5172382,d463464d-43ba-4ac5-9b46-0a8ed2ffaffb,2021-11-18T07:00:00+01:00,2021-11-18,07:00:00,-1.70,48.12,35238,35000,35,Rennes (35),Rennes Metropole,France,2021-11-18T08:00:00+01:00,2021-11-18,08:00:00,-2.53,48.46,22093,22400,22,Lamballe-Armor (22),Communaute D'Agglomeration Lamballe Terre-Mer,France,1,C,77938,56,OUI
5173018,860237fc-a1dd-466a-a5e5-263950565f0a,2021-11-18T07:00:00+01:00,2021-11-18,07:00:00,-1.63,48.12,35238,35000,35,Rennes (35),Rennes Metropole,France,2021-11-18T08:00:00+01:00,2021-11-18,08:00:00,-0.85,48.07,53201,53940,53,Saint-Berthevin (53),Communaute D'Agglomeration De Laval,France,1,B,63959,52,OUI
5173070,8a78070d-aec1-4c96-ac35-93cbf8e364a3,2021-11-18T07:00:00+01:00,2021-11-18,07:00:00,-1.69,48.08,35281,35136,35,Saint-Jacques-de-la-Lande (35),Rennes Metropole,France,2021-11-18T07:50:00+01:00,2021-11-18,07:50:00,-1.19,48.34,35115,35300,35,Fougères (35),Fougeres Agglomeration,France,1,B,57322,43,OUI
5173104,36311d9d-8e59-47b6-b2ff-c1561953ebef,2021-11-18T07:00:00+01:00,2021-11-18,07:00:00,-1.67,48.08,35238,35000,35,Rennes (35),Rennes Metropole,France,2021-11-18T08:10:00+01:00,2021-11-18,08:10:00,-1.58,47.26,44114,44700,44,Orvault (44),Nantes Metropole,France,1,C,97476,68,OUI
5172454,36311d9d-8e59-47b6-b2ff-c1561953ebef,2021-11-18T07:00:00+01:00,2021-11-18,07:00:00,-1.67,48.08,35238,35000,35,Rennes (35),Rennes Metropole,France,2021-11-18T08:10:00+01:00,2021-11-18,08:10:00,-1.58,47.26,44114,44700,44,Orvault (44),Nantes Metropole,France,1,C,97476,68,OUI
5135852,60de822e-2118-452b-b221-113254836064,2021-11-18T07:10:00+01:00,2021-11-18,07:10:00,-1.83,48.07,35196,35310,35,Mordelles (35),Rennes Metropole,France,2021-11-18T07:40:00+01:00,2021-11-18,07:40:00,-1.69,48.14,35278,35760,35,Saint-Grégoire (35),Rennes Metropole,France,1,C,16899,23,OUI
5172527,4d492898-a785-4e26-8622-13efddcef36d,2021-11-18T07:10:00+01:00,2021-11-18,07:10:00,-1.48,48.10,35039,35530,35,Brécé (35),Rennes Metropole,France,2021-11-18T07:30:00+01:00,2021-11-18,07:30:00,-1.69,48.15,35278,35760,35,Saint-Grégoire (35),Rennes Metropole,France,1,C,21160,19,OUI
5173099,360e7660-1b78-40f3-8de3-bfc6a73cfbb3,2021-11-18T07:20:00+01:00,2021-11-18,07:20:00,-1.84,48.07,35196,35310,35,Mordelles (35),Rennes Metropole,France,2021-11-18T07:30:00+01:00,2021-11-18,07:30:00,-1.73,48.10,35353,35132,35,Vezin-le-Coquet (35),Rennes Metropole,France,1,C,10750,11,NON
5172961,860237fc-a1dd-466a-a5e5-263950565f0a,2021-11-18T07:20:00+01:00,2021-11-18,07:20:00,-1.63,48.12,35238,35000,35,Rennes (35),Rennes Metropole,France,2021-11-18T08:10:00+01:00,2021-11-18,08:10:00,-0.85,48.07,53201,53940,53,Saint-Berthevin (53),Communaute D'Agglomeration De Laval,France,1,B,63959,52,OUI
5135794,2e40c58a-7806-4777-b437-284e3c59c7e3,2021-11-18T07:30:00+01:00,2021-11-18,07:30:00,-1.79,48.09,35240,35650,35,Le Rheu (35),Rennes Metropole,France,2021-11-18T07:30:00+01:00,2021-11-18,07:30:00,-1.69,48.15,35278,35760,35,Saint-Grégoire (35),Rennes Metropole,France,1,B,12021,0,NON
5174042,2979b43c-b082-422a-821a-96005d000d69,2021-11-18T07:30:00+01:00,2021-11-18,07:30:00,-1.67,48.13,35238,35000,35,Rennes (35),Rennes Metropole,France,2021-11-18T08:50:00+01:00,2021-11-18,08:50:00,-1.58,47.26,44114,44700,44,Orvault (44),Nantes Metropole,France,1,C,103973,79,OUI
5174387,1c2937ef-ffc9-4a7a-b76f-90361c9f15ce,2021-11-18T07:30:00+01:00,2021-11-18,07:30:00,-1.84,48.07,35196,35310,35,Mordelles (35),Rennes Metropole,France,2021-11-18T08:00:00+01:00,2021-11-18,08:00:00,-2.38,47.91,56165,56800,56,Ploërmel (56),,France,1,C,50109,35,OUI
5174472,d4e2f9b7-b867-4062-a5d7-6abd65020a58,2021-11-18T07:30:00+01:00,2021-11-18,07:30:00,-1.61,48.10,35051,35510,35,Cesson-Sévigné (35),Rennes Metropole,France,2021-11-18T08:10:00+01:00,2021-11-18,08:10:00,-1.20,48.35,35115,35300,35,Fougères (35),Fougeres Agglomeration,France,1,B,45591,35,OUI
5174656,ae549c5e-538a-4bcf-a15f-062c60e9200a,2021-11-18T07:30:00+01:00,2021-11-18,07:30:00,-1.63,48.09,35238,35000,35,Rennes (35),Rennes Metropole,France,2021-11-18T08:10:00+01:00,2021-11-18,08:10:00,-1.20,48.11,35360,35500,35,Vitré (35),Vitre Communaute,France,1,C,35669,30,OUI
5173946,121f29f0-cf7c-4e7a-955a-0c75d688d8b7,2021-11-18T07:40:00+01:00,2021-11-18,07:40:00,-1.69,48.09,35281,35136,35,Saint-Jacques-de-la-Lande (35),Rennes Metropole,France,2021-11-18T08:30:00+01:00,2021-11-18,08:30:00,-2.04,48.45,22050,22100,22,Dinan (22),Communaute D'Agglomeration Dinan Agglomeration,France,1,B,57332,47,OUI
5174175,121f29f0-cf7c-4e7a-955a-0c75d688d8b7,2021-11-18T07:40:00+01:00,2021-11-18,07:40:00,-1.70,48.09,35281,35136,35,Saint-Jacques-de-la-Lande (35),Rennes Metropole,France,2021-11-18T08:30:00+01:00,2021-11-18,08:30:00,-2.04,48.45,22050,22100,22,Dinan (22),Communaute D'Agglomeration Dinan Agglomeration,France,1,B,56774,45,OUI
5174181,2ca4bb97-41b7-4c72-9c45-4f4b957fd76c,2021-11-18T07:40:00+01:00,2021-11-18,07:40:00,-1.65,48.10,35238,35000,35,Rennes (35),Rennes Metropole,France,2021-11-18T08:10:00+01:00,2021-11-18,08:10:00,-1.18,48.11,35360,35500,35,Vitré (35),Vitre Communaute,France,1,B,39126,35,OUI
5136557,9d99cffe-9f67-414e-aea4-c20258b57b2a,2021-11-18T07:40:00+01:00,2021-11-18,07:40:00,-1.62,48.14,35051,35510,35,Cesson-Sévigné (35),Rennes Metropole,France,2021-11-18T08:40:00+01:00,2021-11-18,08:40:00,-0.84,48.07,53201,53940,53,Saint-Berthevin (53),Communaute D'Agglomeration De Laval,France,1,B,63450,61,OUI
5174106,7cd12d60-49eb-4f2d-a476-1c0e42ea3992,2021-11-18T07:40:00+01:00,2021-11-18,07:40:00,-1.61,48.10,35051,35510,35,Cesson-Sévigné (35),Rennes Metropole,France,2021-11-18T08:30:00+01:00,2021-11-18,08:30:00,-0.83,48.06,53201,53940,53,Saint-Berthevin (53),Communaute D'Agglomeration De Laval,France,1,C,61187,47,OUI
5136593,2a57461b-c6d5-4ec6-bbea-1050b8809459,2021-11-18T07:40:00+01:00,2021-11-18,07:40:00,-1.61,48.11,35051,35510,35,Cesson-Sévigné (35),Rennes Metropole,France,2021-11-18T08:40:00+01:00,2021-11-18,08:40:00,-0.85,48.07,53201,53940,53,Saint-Berthevin (53),Communaute D'Agglomeration De Laval,France,1,C,61493,61,OUI
5135916,ef4f7920-7394-4be2-bbb1-6dd4b9aadd1c,2021-11-18T07:50:00+01:00,2021-11-18,07:50:00,-1.76,48.14,35210,35740,35,Pacé (35),Rennes Metropole,France,2021-11-18T07:50:00+01:00,2021-11-18,07:50:00,-1.68,48.16,35278,35760,35,Saint-Grégoire (35),Rennes Metropole,France,1,B,6653,0,NON
5175986,5b2baf26-2392-4d6e-b26a-1ac786ae620f,2021-11-18T07:50:00+01:00,2021-11-18,07:50:00,-1.74,48.01,35047,35170,35,Bruz (35),Rennes Metropole,France,2021-11-18T08:20:00+01:00,2021-11-18,08:20:00,-1.62,48.13,35051,35510,35,Cesson-Sévigné (35),Rennes Metropole,France,1,A,19857,21,OUI
5174056,cf80ac5f-bf92-45ff-8f06-f7c26922c3b4,2021-11-18T07:50:00+01:00,2021-11-18,07:50:00,-1.69,48.10,35238,35000,35,Rennes (35),Rennes Metropole,France,2021-11-18T08:40:00+01:00,2021-11-18,08:40:00,-1.98,48.62,35288,35400,35,Saint-Malo (35),Saint-Malo Agglomeration,France,1,C,68345,50,OUI
5174830,9825d21f-4797-4095-bce8-be53bfb79f80,2021-11-18T07:50:00+01:00,2021-11-18,07:50:00,-1.62,48.14,35051,35510,35,Cesson-Sévigné (35),Rennes Metropole,France,2021-11-18T08:20:00+01:00,2021-11-18,08:20:00,-1.18,48.34,35115,35300,35,Fougères (35),Fougeres Agglomeration,France,1,C,45705,33,OUI
5173997,7cd12d60-49eb-4f2d-a476-1c0e42ea3992,2021-11-18T07:50:00+01:00,2021-11-18,07:50:00,-1.61,48.10,35051,35510,35,Cesson-Sévigné (35),Rennes Metropole,France,2021-11-18T08:30:00+01:00,2021-11-18,08:30:00,-0.83,48.06,53201,53940,53,Saint-Berthevin (53),Communaute D'Agglomeration De Laval,France,1,B,61187,47,OUI
5136652,2a57461b-c6d5-4ec6-bbea-1050b8809459,2021-11-18T07:50:00+01:00,2021-11-18,07:50:00,-1.60,48.10,35051,35510,35,Cesson-Sévigné (35),Rennes Metropole,France,2021-11-18T08:50:00+01:00,2021-11-18,08:50:00,-0.85,48.07,53201,53940,53,Saint-Berthevin (53),Communaute D'Agglomeration De Laval,France,1,C,59047,60,OUI
5136025,4b80e8df-0a0b-45b2-9b36-c91656fc0750,2021-11-18T08:00:00+01:00,2021-11-18,08:00:00,-1.62,48.13,35051,35510,35,Cesson-Sévigné (35),Rennes Metropole,France,2021-11-18T08:00:00+01:00,2021-11-18,08:00:00,-1.69,48.15,35278,35760,35,Saint-Grégoire (35),Rennes Metropole,France,1,B,7829,0,NON
5173762,e901fcb7-6532-4f63-8135-0e91e48f9eca,2021-11-18T08:00:00+01:00,2021-11-18,08:00:00,-1.71,48.11,35238,35000,35,Rennes (35),Rennes Metropole,France,2021-11-18T08:20:00+01:00,2021-11-18,08:20:00,-1.74,48.04,35047,35170,35,Bruz (35),Rennes Metropole,France,1,B,10931,12,NON
5173933,51a69226-bb52-401a-923f-9a82407ac7cc,2021-11-18T08:00:00+01:00,2021-11-18,08:00:00,-1.65,48.09,35238,35000,35,Rennes (35),Rennes Metropole,France,2021-11-18T08:20:00+01:00,2021-11-18,08:20:00,-1.73,48.03,35047,35170,35,Bruz (35),Rennes Metropole,France,1,B,10947,13,OUI
5174233,29fd932c-ea45-424d-a02a-74c9c450d2d3,2021-11-18T08:00:00+01:00,2021-11-18,08:00:00,-1.68,48.12,35238,35000,35,Rennes (35),Rennes Metropole,France,2021-11-18T08:50:00+01:00,2021-11-18,08:50:00,-1.99,48.62,35288,35400,35,Saint-Malo (35),Saint-Malo Agglomeration,France,1,B,63358,46,OUI
5136112,fe27acc9-ac94-44e6-bcfc-3989a473090d,2021-11-18T08:10:00+01:00,2021-11-18,08:10:00,-1.76,48.14,35210,35740,35,Pacé (35),Rennes Metropole,France,2021-11-18T08:10:00+01:00,2021-11-18,08:10:00,-1.69,48.15,35278,35760,35,Saint-Grégoire (35),Rennes Metropole,France,1,B,5814,0,NON
5136627,0e2cf047-bb0a-4726-99df-e0ba1753b9af,2021-11-18T08:10:00+01:00,2021-11-18,08:10:00,-1.64,48.12,35238,35000,35,Rennes (35),Rennes Metropole,France,2021-11-18T08:50:00+01:00,2021-11-18,08:50:00,-1.26,48.07,35338,35370,35,Torcé (35),Vitre Communaute,France,1,C,31786,36,OUI
5136269,c48e5a90-0e60-402b-857f-b91e3dc655ac,2021-11-18T08:20:00+01:00,2021-11-18,08:20:00,-1.79,48.09,35240,35650,35,Le Rheu (35),Rennes Metropole,France,2021-11-18T08:20:00+01:00,2021-11-18,08:20:00,-1.62,48.13,35051,35510,35,Cesson-Sévigné (35),Rennes Metropole,France,1,B,18344,0,NON
5136662,a9f4f1df-b5b4-49c7-a31c-4612eca8077c,2021-11-18T08:20:00+01:00,2021-11-18,08:20:00,-1.65,48.04,35206,35230,35,Noyal-Châtillon-sur-Seiche (35),Rennes Metropole,France,2021-11-18T08:50:00+01:00,2021-11-18,08:50:00,-1.69,48.14,35278,35760,35,Saint-Grégoire (35),Rennes Metropole,France,1,C,19535,24,OUI
5136754,de51bff9-edff-4b9d-abc1-0ba59ef0daae,2021-11-18T08:20:00+01:00,2021-11-18,08:20:00,-1.62,48.11,35051,35510,35,Cesson-Sévigné (35),Rennes Metropole,France,2021-11-18T09:00:00+01:00,2021-11-18,09:00:00,-1.19,48.06,35109,35370,35,Étrelles (35),Vitre Communaute,France,1,C,35028,36,OUI
5173713,ad2d26bc-b083-4123-b7db-814dbd8f05a0,2021-11-18T08:20:00+01:00,2021-11-18,08:20:00,-1.79,48.09,35240,35650,35,Le Rheu (35),Rennes Metropole,France,2021-11-18T08:30:00+01:00,2021-11-18,08:30:00,-1.69,48.15,35278,35760,35,Saint-Grégoire (35),Rennes Metropole,France,1,B,12159,13,NON
5174759,f72f901c-c3d2-4b0c-9799-26a24d5fcbc0,2021-11-18T08:20:00+01:00,2021-11-18,08:20:00,-1.70,48.09,35281,35136,35,Saint-Jacques-de-la-Lande (35),Rennes Metropole,France,2021-11-18T08:40:00+01:00,2021-11-18,08:40:00,-1.93,48.18,35023,35137,35,Bédée (35),,France,1,C,22381,19,OUI
5136431,b49c57bb-edc6-4256-bbeb-ba90e692bdb9,2021-11-18T08:30:00+01:00,2021-11-18,08:30:00,-1.76,48.14,35210,35740,35,Pacé (35),Rennes Metropole,France,2021-11-18T08:30:00+01:00,2021-11-18,08:30:00,-1.62,48.13,35051,35510,35,Cesson-Sévigné (35),Rennes Metropole,France,1,B,12655,0,NON
5136942,810c563f-d53e-4723-92d2-db894fa4d2ed,2021-11-18T08:40:00+01:00,2021-11-18,08:40:00,-1.61,48.11,35051,35510,35,Cesson-Sévigné (35),Rennes Metropole,France,2021-11-18T09:20:00+01:00,2021-11-18,09:20:00,-1.21,48.11,35360,35500,35,Vitré (35),Vitre Communaute,France,1,C,33044,36,OUI
5175884,591d5db9-9a98-4fae-ba34-168393b95c42,2021-11-18T10:00:00+01:00,2021-11-18,10:00:00,-1.64,48.08,35238,35000,35,Rennes (35),Rennes Metropole,France,2021-11-18T11:10:00+01:00,2021-11-18,11:10:00,-1.58,47.26,44114,44700,44,Orvault (44),Nantes Metropole,France,1,C,99440,70,OUI
5137666,56b0aeb4-5e2b-4261-ab28-1b959130d6a9,2021-11-18T13:30:00+01:00,2021-11-18,13:30:00,-1.65,48.08,35238,35000,35,Rennes (35),Rennes Metropole,France,2021-11-18T14:10:00+01:00,2021-11-18,14:10:00,-1.19,48.07,35109,35370,35,Étrelles (35),Vitre Communaute,France,1,C,37851,39,OUI
5137671,56b0aeb4-5e2b-4261-ab28-1b959130d6a9,2021-11-18T13:30:00+01:00,2021-11-18,13:30:00,-1.65,48.08,35238,35000,35,Rennes (35),Rennes Metropole,France,2021-11-18T14:10:00+01:00,2021-11-18,14:10:00,-1.19,48.06,35109,35370,35,Étrelles (35),Vitre Communaute,France,1,C,38025,40,OUI
5137927,aba49f93-4dd4-41f6-84dd-2d6d7ff80c26,2021-11-18T15:40:00+01:00,2021-11-18,15:40:00,-1.62,48.13,35051,35510,35,Cesson-Sévigné (35),Rennes Metropole,France,2021-11-18T16:20:00+01:00,2021-11-18,16:20:00,-1.20,48.10,35360,35500,35,Vitré (35),Vitre Communaute,France,1,C,37928,41,OUI
5177460,cdfc2188-bdda-4eaf-80cd-5f808778c88c,2021-11-18T16:30:00+01:00,2021-11-18,16:30:00,-1.69,48.11,35238,35000,35,Rennes (35),Rennes Metropole,France,2021-11-18T17:00:00+01:00,2021-11-18,17:00:00,-1.41,48.25,35253,35140,35,Saint-Aubin-du-Cormier (35),,France,1,C,29949,24,OUI
5138195,2cc21245-b8a1-4a3f-8697-29846cb1bc0c,2021-11-18T16:50:00+01:00,2021-11-18,16:50:00,-1.69,48.14,35278,35760,35,Saint-Grégoire (35),Rennes Metropole,France,2021-11-18T17:20:00+01:00,2021-11-18,17:20:00,-1.83,48.07,35196,35310,35,Mordelles (35),Rennes Metropole,France,1,C,16699,23,OUI
5177314,b19c06f8-1b8f-450d-92dd-68ee24209c08,2021-11-18T16:50:00+01:00,2021-11-18,16:50:00,-1.67,48.09,35238,35000,35,Rennes (35),Rennes Metropole,France,2021-11-18T17:30:00+01:00,2021-11-18,17:30:00,-1.67,47.66,44051,44590,44,Derval (44),,France,1,B,50258,38,OUI
5177650,fd80ee21-e9b9-42b9-aeda-ab784a534bc6,2021-11-18T16:50:00+01:00,2021-11-18,16:50:00,-1.63,48.10,35238,35000,35,Rennes (35),Rennes Metropole,France,2021-11-18T17:10:00+01:00,2021-11-18,17:10:00,-1.69,48.17,35278,35760,35,Saint-Grégoire (35),Rennes Metropole,France,1,B,12212,17,NON
5177684,d527a30c-f0e3-4db8-a4ef-9ebdb81dab84,2021-11-18T16:50:00+01:00,2021-11-18,16:50:00,-1.68,48.03,35206,35230,35,Noyal-Châtillon-sur-Seiche (35),Rennes Metropole,France,2021-11-18T17:00:00+01:00,2021-11-18,17:00:00,-1.66,47.93,35090,35320,35,Crevin (35),,France,1,C,13341,11,OUI
5177130,8ae085b7-9daa-4314-9ada-b705ffe129fa,2021-11-18T17:00:00+01:00,2021-11-18,17:00:00,-1.64,48.11,35238,35000,35,Rennes (35),Rennes Metropole,France,2021-11-18T17:40:00+01:00,2021-11-18,17:40:00,-1.19,48.35,35115,35300,35,Fougères (35),Fougeres Agglomeration,France,1,B,49052,40,OUI
5177328,093a09a0-265c-403e-b203-ced91e8b39c1,2021-11-18T17:10:00+01:00,2021-11-18,17:10:00,-1.63,48.13,35238,35000,35,Rennes (35),Rennes Metropole,France,2021-11-18T17:20:00+01:00,2021-11-18,17:20:00,-1.70,48.12,35238,35000,35,Rennes (35),Rennes Metropole,France,1,C,6195,10,OUI
5177508,ea8e1578-9907-4618-87b3-0d9b998c2346,2021-11-18T17:10:00+01:00,2021-11-18,17:10:00,-1.68,48.15,35278,35760,35,Saint-Grégoire (35),Rennes Metropole,France,2021-11-18T17:30:00+01:00,2021-11-18,17:30:00,-1.48,48.10,35039,35530,35,Brécé (35),Rennes Metropole,France,1,C,21977,19,OUI
5177511,fe7f9f5c-99ae-4729-9bd5-338b19bed804,2021-11-18T17:20:00+01:00,2021-11-18,17:20:00,-1.68,48.10,35238,35000,35,Rennes (35),Rennes Metropole,France,2021-11-18T17:40:00+01:00,2021-11-18,17:40:00,-1.59,48.15,35334,35235,35,Thorigné-Fouillard (35),Rennes Metropole,France,1,C,13601,16,OUI
5177530,eb2ea40e-3fa5-42dc-a7ec-c6641009368b,2021-11-18T17:20:00+01:00,2021-11-18,17:20:00,-1.68,48.10,35238,35000,35,Rennes (35),Rennes Metropole,France,2021-11-18T18:10:00+01:00,2021-11-18,18:10:00,-2.04,48.45,22050,22100,22,Dinan (22),Communaute D'Agglomeration Dinan Agglomeration,France,1,C,53934,46,OUI
5178369,9de74f66-5cf1-480c-b676-15fb6c18212a,2021-11-18T17:30:00+01:00,2021-11-18,17:30:00,-1.69,48.13,35238,35000,35,Rennes (35),Rennes Metropole,France,2021-11-18T18:10:00+01:00,2021-11-18,18:10:00,-1.92,48.56,35306,35430,35,Saint-Père (35),Saint-Malo Agglomeration,France,1,C,54328,39,OUI
5178645,8a0e3ef1-00f1-4a8f-acda-e3d7b96f9b51,2021-11-18T17:30:00+01:00,2021-11-18,17:30:00,-1.66,48.11,35238,35000,35,Rennes (35),Rennes Metropole,France,2021-11-18T18:00:00+01:00,2021-11-18,18:00:00,-1.26,48.06,35338,35370,35,Torcé (35),Vitre Communaute,France,1,B,33700,30,OUI
5178811,1f1e875d-f4e3-4fec-96ab-9f4f70db94fb,2021-11-18T17:30:00+01:00,2021-11-18,17:30:00,-1.69,48.13,35238,35000,35,Rennes (35),Rennes Metropole,France,2021-11-18T17:50:00+01:00,2021-11-18,17:50:00,-1.41,48.25,35253,35140,35,Saint-Aubin-du-Cormier (35),,France,1,C,28104,21,OUI
5178858,301639b3-883a-47ec-b058-bdeeca128ce0,2021-11-18T17:30:00+01:00,2021-11-18,17:30:00,-1.62,48.13,35051,35510,35,Cesson-Sévigné (35),Rennes Metropole,France,2021-11-18T18:20:00+01:00,2021-11-18,18:20:00,-2.02,48.45,22118,22100,22,Lanvallay (22),Communaute D'Agglomeration Dinan Agglomeration,France,1,C,53045,41,OUI
5178891,301639b3-883a-47ec-b058-bdeeca128ce0,2021-11-18T17:30:00+01:00,2021-11-18,17:30:00,-1.62,48.13,35051,35510,35,Cesson-Sévigné (35),Rennes Metropole,France,2021-11-18T18:00:00+01:00,2021-11-18,18:00:00,-1.90,48.40,35226,35720,35,Pleugueneuc (35),Communauté de communes Bretagne Romantique,France,1,C,40669,30,OUI
5178937,e0eecd86-7e79-4f74-85d3-474dcf3a8f1c,2021-11-18T17:30:00+01:00,2021-11-18,17:30:00,-1.62,48.12,35238,35000,35,Rennes (35),Rennes Metropole,France,2021-11-18T18:10:00+01:00,2021-11-18,18:10:00,-1.90,48.40,35226,35720,35,Pleugueneuc (35),Communauté de communes Bretagne Romantique,France,1,B,42599,33,OUI
5179053,9de74f66-5cf1-480c-b676-15fb6c18212a,2021-11-18T17:30:00+01:00,2021-11-18,17:30:00,-1.70,48.12,35238,35000,35,Rennes (35),Rennes Metropole,France,2021-11-18T18:20:00+01:00,2021-11-18,18:20:00,-1.99,48.62,35288,35400,35,Saint-Malo (35),Saint-Malo Agglomeration,France,1,B,63499,47,OUI
5138374,05e73f1c-852b-492e-bbf4-a4b43c4800d8,2021-11-18T17:40:00+01:00,2021-11-18,17:40:00,-1.69,48.15,35278,35760,35,Saint-Grégoire (35),Rennes Metropole,France,2021-11-18T17:40:00+01:00,2021-11-18,17:40:00,-1.79,48.09,35240,35650,35,Le Rheu (35),Rennes Metropole,France,1,B,11773,0,NON
5178438,8df14c43-c980-4025-8e93-5ea0741e2c97,2021-11-18T18:00:00+01:00,2021-11-18,18:00:00,-1.62,48.13,35051,35510,35,Cesson-Sévigné (35),Rennes Metropole,France,2021-11-18T18:20:00+01:00,2021-11-18,18:20:00,-1.60,48.23,35197,35250,35,Mouazé (35),,France,1,B,12484,11,OUI
5178349,52e38019-573e-4efa-a88b-52596397e3e7,2021-11-18T18:00:00+01:00,2021-11-18,18:00:00,-1.69,48.12,35238,35000,35,Rennes (35),Rennes Metropole,France,2021-11-18T18:50:00+01:00,2021-11-18,18:50:00,-1.97,48.59,35284,35430,35,Saint-Jouan-des-Guérets (35),Saint-Malo Agglomeration,France,1,B,60281,45,OUI
5178565,52e38019-573e-4efa-a88b-52596397e3e7,2021-11-18T18:00:00+01:00,2021-11-18,18:00:00,-1.69,48.12,35238,35000,35,Rennes (35),Rennes Metropole,France,2021-11-18T18:50:00+01:00,2021-11-18,18:50:00,-1.97,48.60,35284,35430,35,Saint-Jouan-des-Guérets (35),Saint-Malo Agglomeration,France,1,B,61389,45,OUI
5178582,69f47f71-fe3e-404b-bd62-1459ebd5c3c1,2021-11-18T18:00:00+01:00,2021-11-18,18:00:00,-1.64,48.08,35238,35000,35,Rennes (35),Rennes Metropole,France,2021-11-18T18:20:00+01:00,2021-11-18,18:20:00,-1.40,48.10,35068,35220,35,Châteaubourg (35),Vitre Communaute,France,1,C,20816,18,OUI
5179103,52e38019-573e-4efa-a88b-52596397e3e7,2021-11-18T18:00:00+01:00,2021-11-18,18:00:00,-1.69,48.12,35238,35000,35,Rennes (35),Rennes Metropole,France,2021-11-18T18:50:00+01:00,2021-11-18,18:50:00,-1.98,48.59,35284,35430,35,Saint-Jouan-des-Guérets (35),Saint-Malo Agglomeration,France,1,B,60929,46,OUI
5178892,d0d31a0f-878c-4d4d-90f9-f5ff05707ea3,2021-11-18T18:20:00+01:00,2021-11-18,18:20:00,-1.67,48.08,35238,35000,35,Rennes (35),Rennes Metropole,France,2021-11-18T18:30:00+01:00,2021-11-18,18:30:00,-1.71,48.11,35238,35000,35,Rennes (35),Rennes Metropole,France,1,C,7235,7,OUI
5139006,c7fd96d6-e7fd-45de-a6df-d68a1dfcc80d,2021-11-18T18:30:00+01:00,2021-11-18,18:30:00,-1.69,48.14,35278,35760,35,Saint-Grégoire (35),Rennes Metropole,France,2021-11-18T18:50:00+01:00,2021-11-18,18:50:00,-1.65,48.04,35206,35230,35,Noyal-Châtillon-sur-Seiche (35),Rennes Metropole,France,1,C,20450,27,OUI
5179582,db275b03-86ae-43ff-9a94-53ecac247f42,2021-11-18T18:30:00+01:00,2021-11-18,18:30:00,-1.62,48.13,35051,35510,35,Cesson-Sévigné (35),Rennes Metropole,France,2021-11-18T19:10:00+01:00,2021-11-18,19:10:00,-1.91,48.44,35308,35720,35,Mesnil-Roc’h (35),Communauté de communes Bretagne Romantique,France,1,C,45254,34,OUI
5138878,311c6289-5f9d-4e83-bf1b-6060b53a154e,2021-11-18T18:50:00+01:00,2021-11-18,18:50:00,-1.62,48.13,35051,35510,35,Cesson-Sévigné (35),Rennes Metropole,France,2021-11-18T18:50:00+01:00,2021-11-18,18:50:00,-1.76,48.14,35210,35740,35,Pacé (35),Rennes Metropole,France,1,B,12850,0,NON
5138996,7f0598b0-7eac-4ef1-9ec5-de43a09cdc29,2021-11-18T19:00:00+01:00,2021-11-18,19:00:00,-1.69,48.15,35278,35760,35,Saint-Grégoire (35),Rennes Metropole,France,2021-11-18T19:00:00+01:00,2021-11-18,19:00:00,-1.76,48.14,35210,35740,35,Pacé (35),Rennes Metropole,France,1,B,5572,0,NON
5180318,6e0ae5bf-c69e-40f5-9f27-dc2852bf58bc,2021-11-18T20:40:00+01:00,2021-11-18,20:40:00,-1.70,48.10,35238,35000,35,Rennes (35),Rennes Metropole,France,2021-11-18T20:50:00+01:00,2021-11-18,20:50:00,-1.76,48.02,35047,35170,35,Bruz (35),Rennes Metropole,France,1,B,12756,13,OUI
5143135,41bee560-7e37-4f05-994a-2a7b831428f9,2021-11-19T04:00:00+01:00,2021-11-19,04:00:00,-1.48,47.95,35136,35150,35,Janzé (35),,France,2021-11-19T04:30:00+01:00,2021-11-19,04:30:00,-1.22,47.93,35125,35130,35,La Guerche-de-Bretagne (35),Vitre Communaute,France,1,C,24426,31,OUI
5181983,10499b32-0aae-4038-85cd-2ff95a121d89,2021-11-19T06:10:00+01:00,2021-11-19,06:10:00,-1.67,48.08,35238,35000,35,Rennes (35),Rennes Metropole,France,2021-11-19T07:20:00+01:00,2021-11-19,07:20:00,-1.58,47.26,44114,44700,44,Orvault (44),Nantes Metropole,France,1,C,97476,68,OUI
5181942,10499b32-0aae-4038-85cd-2ff95a121d89,2021-11-19T06:10:00+01:00,2021-11-19,06:10:00,-1.67,48.08,35238,35000,35,Rennes (35),Rennes Metropole,France,2021-11-19T07:20:00+01:00,2021-11-19,07:20:00,-1.58,47.26,44114,44700,44,Orvault (44),Nantes Metropole,France,1,C,97476,68,OUI
5181937,10499b32-0aae-4038-85cd-2ff95a121d89,2021-11-19T06:10:00+01:00,2021-11-19,06:10:00,-1.67,48.08,35238,35000,35,Rennes (35),Rennes Metropole,France,2021-11-19T07:20:00+01:00,2021-11-19,07:20:00,-1.58,47.26,44114,44700,44,Orvault (44),Nantes Metropole,France,1,C,97476,68,OUI
5182030,06c0dd35-fcfa-4e85-995f-136367d0f6e8,2021-11-19T06:20:00+01:00,2021-11-19,06:20:00,-1.68,48.08,35238,35000,35,Rennes (35),Rennes Metropole,France,2021-11-19T07:10:00+01:00,2021-11-19,07:10:00,-1.18,48.35,35115,35300,35,Fougères (35),Fougeres Agglomeration,France,1,C,56882,46,OUI
5182698,a0cbdf0e-12de-49da-95ef-a7a1ad578ad0,2021-11-19T06:50:00+01:00,2021-11-19,06:50:00,-1.67,48.08,35238,35000,35,Rennes (35),Rennes Metropole,France,2021-11-19T08:00:00+01:00,2021-11-19,08:00:00,-1.58,47.26,44114,44700,44,Orvault (44),Nantes Metropole,France,1,C,97476,68,OUI
5182385,a0cbdf0e-12de-49da-95ef-a7a1ad578ad0,2021-11-19T06:50:00+01:00,2021-11-19,06:50:00,-1.67,48.08,35238,35000,35,Rennes (35),Rennes Metropole,France,2021-11-19T08:00:00+01:00,2021-11-19,08:00:00,-1.58,47.26,44114,44700,44,Orvault (44),Nantes Metropole,France,1,C,97476,68,OUI
5182568,acff8a4f-eb1d-4221-8a11-8ea3ba7c8505,2021-11-19T06:50:00+01:00,2021-11-19,06:50:00,-1.63,48.12,35238,35000,35,Rennes (35),Rennes Metropole,France,2021-11-19T07:40:00+01:00,2021-11-19,07:40:00,-0.85,48.07,53201,53940,53,Saint-Berthevin (53),Communaute D'Agglomeration De Laval,France,1,B,63959,52,OUI
5182690,a0cbdf0e-12de-49da-95ef-a7a1ad578ad0,2021-11-19T06:50:00+01:00,2021-11-19,06:50:00,-1.67,48.08,35238,35000,35,Rennes (35),Rennes Metropole,France,2021-11-19T08:00:00+01:00,2021-11-19,08:00:00,-1.58,47.26,44114,44700,44,Orvault (44),Nantes Metropole,France,1,C,97476,68,OUI
5182804,a855593e-33e4-4194-a0be-e60d0d39584e,2021-11-19T07:00:00+01:00,2021-11-19,07:00:00,-1.71,48.11,35238,35000,35,Rennes (35),Rennes Metropole,France,2021-11-19T08:00:00+01:00,2021-11-19,08:00:00,-2.64,48.48,22081,22120,22,Hillion (22),Saint-Brieuc Armor Agglomeration,France,1,B,85270,59,OUI
5182384,4f92ac41-dcea-4853-a085-11fa6ea1b6a6,2021-11-19T07:00:00+01:00,2021-11-19,07:00:00,-1.64,48.08,35238,35000,35,Rennes (35),Rennes Metropole,France,2021-11-19T08:00:00+01:00,2021-11-19,08:00:00,-0.79,48.06,53130,53000,53,Laval (53),Communaute D'Agglomeration De Laval,France,1,B,70992,51,OUI
5144556,90d18834-7e8b-4edf-8177-abc38d179f14,2021-11-19T07:10:00+01:00,2021-11-19,07:10:00,-1.83,48.07,35196,35310,35,Mordelles (35),Rennes Metropole,France,2021-11-19T07:40:00+01:00,2021-11-19,07:40:00,-1.69,48.14,35278,35760,35,Saint-Grégoire (35),Rennes Metropole,France,1,C,16929,23,OUI
5182726,13107d0a-de86-4116-b82e-7d33d3d900e3,2021-11-19T07:20:00+01:00,2021-11-19,07:20:00,-1.84,48.07,35196,35310,35,Mordelles (35),Rennes Metropole,France,2021-11-19T07:30:00+01:00,2021-11-19,07:30:00,-1.73,48.10,35353,35132,35,Vezin-le-Coquet (35),Rennes Metropole,France,1,C,10750,11,NON
5182880,3c39ee41-77b8-413f-bd4c-a84099fabe04,2021-11-19T07:20:00+01:00,2021-11-19,07:20:00,-1.71,48.11,35238,35000,35,Rennes (35),Rennes Metropole,France,2021-11-19T08:30:00+01:00,2021-11-19,08:30:00,-2.73,48.51,22278,22000,22,Saint-Brieuc (22),Saint-Brieuc Armor Agglomeration,France,1,B,93829,66,OUI
5182723,acff8a4f-eb1d-4221-8a11-8ea3ba7c8505,2021-11-19T07:20:00+01:00,2021-11-19,07:20:00,-1.63,48.12,35238,35000,35,Rennes (35),Rennes Metropole,France,2021-11-19T08:10:00+01:00,2021-11-19,08:10:00,-0.85,48.07,53201,53940,53,Saint-Berthevin (53),Communaute D'Agglomeration De Laval,France,1,C,63959,52,OUI
5182631,3c39ee41-77b8-413f-bd4c-a84099fabe04,2021-11-19T07:30:00+01:00,2021-11-19,07:30:00,-1.71,48.11,35238,35000,35,Rennes (35),Rennes Metropole,France,2021-11-19T08:30:00+01:00,2021-11-19,08:30:00,-2.74,48.50,22278,22000,22,Saint-Brieuc (22),Saint-Brieuc Armor Agglomeration,France,1,B,93937,66,OUI
5183595,58940517-9079-4276-9c32-5da6b1af51c8,2021-11-19T07:30:00+01:00,2021-11-19,07:30:00,-1.60,48.11,35051,35510,35,Cesson-Sévigné (35),Rennes Metropole,France,2021-11-19T08:10:00+01:00,2021-11-19,08:10:00,-1.20,48.35,35115,35300,35,Fougères (35),Fougeres Agglomeration,France,1,B,45545,37,OUI
5183942,9089a43c-ab7e-47ba-bfb1-9d23dae37943,2021-11-19T07:30:00+01:00,2021-11-19,07:30:00,-1.69,48.12,35238,35000,35,Rennes (35),Rennes Metropole,France,2021-11-19T08:10:00+01:00,2021-11-19,08:10:00,-2.05,48.46,22050,22100,22,Dinan (22),Communaute D'Agglomeration Dinan Agglomeration,France,1,B,52818,43,OUI
5183955,af13a200-b671-4350-8186-ec405fd85c26,2021-11-19T07:30:00+01:00,2021-11-19,07:30:00,-1.84,48.07,35196,35310,35,Mordelles (35),Rennes Metropole,France,2021-11-19T08:00:00+01:00,2021-11-19,08:00:00,-2.38,47.91,56165,56800,56,Ploërmel (56),,France,1,C,50109,35,OUI
5184113,49d4ec7e-538e-4f6d-86a0-532d0abb1090,2021-11-19T07:30:00+01:00,2021-11-19,07:30:00,-1.71,48.11,35238,35000,35,Rennes (35),Rennes Metropole,France,2021-11-19T07:50:00+01:00,2021-11-19,07:50:00,-1.69,48.04,35066,35131,35,Chartres-de-Bretagne (35),Rennes Metropole,France,1,B,11499,12,NON
5184123,1590c47c-c11f-4a1e-ab73-0cd52a97a4e6,2021-11-19T07:30:00+01:00,2021-11-19,07:30:00,-1.84,48.07,35196,35310,35,Mordelles (35),Rennes Metropole,France,2021-11-19T07:50:00+01:00,2021-11-19,07:50:00,-1.69,48.12,35238,35000,35,Rennes (35),Rennes Metropole,France,1,C,14493,18,OUI
5183694,3d1874a7-c6bf-4a07-97c5-fed8533fd7bb,2021-11-19T07:40:00+01:00,2021-11-19,07:40:00,-1.61,48.10,35051,35510,35,Cesson-Sévigné (35),Rennes Metropole,France,2021-11-19T08:20:00+01:00,2021-11-19,08:20:00,-0.83,48.06,53201,53940,53,Saint-Berthevin (53),Communaute D'Agglomeration De Laval,France,1,C,61187,47,OUI
5146193,a0a92f1c-a693-46f8-a360-fc7635c527a7,2021-11-19T07:40:00+01:00,2021-11-19,07:40:00,-1.61,48.11,35051,35510,35,Cesson-Sévigné (35),Rennes Metropole,France,2021-11-19T08:40:00+01:00,2021-11-19,08:40:00,-0.85,48.07,53201,53940,53,Saint-Berthevin (53),Communaute D'Agglomeration De Laval,France,1,C,61493,61,OUI
5146232,a0a92f1c-a693-46f8-a360-fc7635c527a7,2021-11-19T07:40:00+01:00,2021-11-19,07:40:00,-1.60,48.10,35051,35510,35,Cesson-Sévigné (35),Rennes Metropole,France,2021-11-19T08:40:00+01:00,2021-11-19,08:40:00,-0.85,48.07,53201,53940,53,Saint-Berthevin (53),Communaute D'Agglomeration De Laval,France,1,C,59427,60,OUI
5146227,c9ff582a-8c8a-4729-b136-f5957699468b,2021-11-19T07:40:00+01:00,2021-11-19,07:40:00,-1.62,48.14,35051,35510,35,Cesson-Sévigné (35),Rennes Metropole,France,2021-11-19T08:40:00+01:00,2021-11-19,08:40:00,-0.85,48.07,53201,53940,53,Saint-Berthevin (53),Communaute D'Agglomeration De Laval,France,1,C,63040,61,OUI
5146223,c9ff582a-8c8a-4729-b136-f5957699468b,2021-11-19T07:40:00+01:00,2021-11-19,07:40:00,-1.62,48.14,35051,35510,35,Cesson-Sévigné (35),Rennes Metropole,France,2021-11-19T08:40:00+01:00,2021-11-19,08:40:00,-0.85,48.07,53201,53940,53,Saint-Berthevin (53),Communaute D'Agglomeration De Laval,France,1,C,63033,61,OUI
5144576,2dcbc046-8b03-4ba7-8d72-1f37e89f7253,2021-11-19T07:50:00+01:00,2021-11-19,07:50:00,-1.76,48.14,35210,35740,35,Pacé (35),Rennes Metropole,France,2021-11-19T07:50:00+01:00,2021-11-19,07:50:00,-1.68,48.16,35278,35760,35,Saint-Grégoire (35),Rennes Metropole,France,1,B,6653,0,NON
5183556,7cfa355e-9d7f-49a5-89cf-c74fe7dfdadc,2021-11-19T07:50:00+01:00,2021-11-19,07:50:00,-1.64,48.10,35238,35000,35,Rennes (35),Rennes Metropole,France,2021-11-19T08:20:00+01:00,2021-11-19,08:20:00,-1.27,48.07,35338,35370,35,Torcé (35),Vitre Communaute,France,1,C,30293,24,OUI
5183692,a5db14c5-7480-4bf8-8e56-e662978d028f,2021-11-19T07:50:00+01:00,2021-11-19,07:50:00,-1.76,48.14,35210,35740,35,Pacé (35),Rennes Metropole,France,2021-11-19T08:50:00+01:00,2021-11-19,08:50:00,-2.00,48.64,35288,35400,35,Saint-Malo (35),Saint-Malo Agglomeration,France,1,B,67751,51,OUI
5183823,1d68d014-fc9c-4caa-b3d8-39de8c1b0978,2021-11-19T07:50:00+01:00,2021-11-19,07:50:00,-1.69,48.10,35238,35000,35,Rennes (35),Rennes Metropole,France,2021-11-19T08:40:00+01:00,2021-11-19,08:40:00,-1.98,48.62,35288,35400,35,Saint-Malo (35),Saint-Malo Agglomeration,France,1,B,65705,50,OUI
5184126,e711b963-0169-438b-be23-6ff0230dec4d,2021-11-19T07:50:00+01:00,2021-11-19,07:50:00,-1.67,48.08,35238,35000,35,Rennes (35),Rennes Metropole,France,2021-11-19T08:20:00+01:00,2021-11-19,08:20:00,-1.19,48.06,35109,35370,35,Étrelles (35),Vitre Communaute,France,1,B,39118,29,OUI
5184066,3d1874a7-c6bf-4a07-97c5-fed8533fd7bb,2021-11-19T07:50:00+01:00,2021-11-19,07:50:00,-1.61,48.10,35051,35510,35,Cesson-Sévigné (35),Rennes Metropole,France,2021-11-19T08:40:00+01:00,2021-11-19,08:40:00,-0.83,48.06,53201,53940,53,Saint-Berthevin (53),Communaute D'Agglomeration De Laval,France,1,B,61187,47,OUI
5183517,c152c86a-dc8b-4e61-bbea-450b8b50390f,2021-11-19T08:00:00+01:00,2021-11-19,08:00:00,-1.57,48.14,35334,35235,35,Thorigné-Fouillard (35),Rennes Metropole,France,2021-11-19T08:20:00+01:00,2021-11-19,08:20:00,-1.69,48.13,35238,35000,35,Rennes (35),Rennes Metropole,France,1,C,12245,12,OUI
5183554,fc2840bf-6457-4c3e-8e64-68ba00c30f40,2021-11-19T08:00:00+01:00,2021-11-19,08:00:00,-1.65,48.09,35238,35000,35,Rennes (35),Rennes Metropole,France,2021-11-19T08:20:00+01:00,2021-11-19,08:20:00,-1.73,48.03,35047,35170,35,Bruz (35),Rennes Metropole,France,1,B,10947,13,OUI
5184059,20fdf346-aed3-43d7-80d1-d0a7842eba8f,2021-11-19T08:00:00+01:00,2021-11-19,08:00:00,-1.68,48.09,35238,35000,35,Rennes (35),Rennes Metropole,France,2021-11-19T08:10:00+01:00,2021-11-19,08:10:00,-1.73,48.05,35047,35170,35,Bruz (35),Rennes Metropole,France,1,B,7273,10,NON
5184290,c7465368-790b-4182-a6e9-ffb54293b0ad,2021-11-19T08:00:00+01:00,2021-11-19,08:00:00,-1.68,48.12,35238,35000,35,Rennes (35),Rennes Metropole,France,2021-11-19T08:50:00+01:00,2021-11-19,08:50:00,-1.99,48.62,35288,35400,35,Saint-Malo (35),Saint-Malo Agglomeration,France,1,B,63358,46,OUI
5184112,3bd5060f-f1f2-4438-983d-b96e69ae5eec,2021-11-19T08:00:00+01:00,2021-11-19,08:00:00,-1.70,48.01,35363,35131,35,Pont-Péan (35),Rennes Metropole,France,2021-11-19T09:10:00+01:00,2021-11-19,09:10:00,-1.62,47.22,44162,44800,44,Saint-Herblain (44),Nantes Metropole,France,1,C,95253,69,OUI
5144782,e9f8df82-fb88-4f9b-adff-1e0d27be6400,2021-11-19T08:00:00+01:00,2021-11-19,08:00:00,-1.62,48.13,35051,35510,35,Cesson-Sévigné (35),Rennes Metropole,France,2021-11-19T08:00:00+01:00,2021-11-19,08:00:00,-1.69,48.15,35278,35760,35,Saint-Grégoire (35),Rennes Metropole,France,1,B,7829,0,NON
5144886,f4f0982e-e55e-4e68-9015-145b834fe7e1,2021-11-19T08:20:00+01:00,2021-11-19,08:20:00,-1.79,48.09,35240,35650,35,Le Rheu (35),Rennes Metropole,France,2021-11-19T08:20:00+01:00,2021-11-19,08:20:00,-1.62,48.13,35051,35510,35,Cesson-Sévigné (35),Rennes Metropole,France,1,B,18344,0,NON
5144897,9fc4aac4-d75c-49e8-9288-d17e1028134c,2021-11-19T08:20:00+01:00,2021-11-19,08:20:00,-1.79,48.09,35240,35650,35,Le Rheu (35),Rennes Metropole,France,2021-11-19T08:20:00+01:00,2021-11-19,08:20:00,-1.76,48.14,35210,35740,35,Pacé (35),Rennes Metropole,France,1,B,6829,0,NON
5146234,eea6a85a-6aff-405d-b9f6-72ec75ed4379,2021-11-19T08:20:00+01:00,2021-11-19,08:20:00,-1.65,48.04,35206,35230,35,Noyal-Châtillon-sur-Seiche (35),Rennes Metropole,France,2021-11-19T08:40:00+01:00,2021-11-19,08:40:00,-1.69,48.14,35278,35760,35,Saint-Grégoire (35),Rennes Metropole,France,1,C,19535,24,OUI
5146318,293d60bb-af20-4c2f-aa64-b77ef5ebe91a,2021-11-19T08:20:00+01:00,2021-11-19,08:20:00,-1.64,48.12,35238,35000,35,Rennes (35),Rennes Metropole,France,2021-11-19T08:50:00+01:00,2021-11-19,08:50:00,-1.26,48.07,35338,35370,35,Torcé (35),Vitre Communaute,France,1,C,31786,36,OUI
5184044,5ceebdc6-d59f-4279-807b-522a252436ec,2021-11-19T08:20:00+01:00,2021-11-19,08:20:00,-1.68,48.12,35238,35000,35,Rennes (35),Rennes Metropole,France,2021-11-19T08:40:00+01:00,2021-11-19,08:40:00,-1.80,48.28,35317,35630,35,Saint-Symphorien (35),,France,1,B,20734,17,OUI
5184234,6c29e559-031f-4202-bd11-1db6a5e50b0b,2021-11-19T08:20:00+01:00,2021-11-19,08:20:00,-1.62,48.14,35051,35510,35,Cesson-Sévigné (35),Rennes Metropole,France,2021-11-19T09:00:00+01:00,2021-11-19,09:00:00,-1.17,48.34,35115,35300,35,Fougères (35),Fougeres Agglomeration,France,1,C,45966,33,OUI
5146184,78e3a5b0-8bb8-446c-896a-310c56e28900,2021-11-19T08:40:00+01:00,2021-11-19,08:40:00,-1.76,48.14,35210,35740,35,Pacé (35),Rennes Metropole,France,2021-11-19T08:40:00+01:00,2021-11-19,08:40:00,-1.69,48.15,35278,35760,35,Saint-Grégoire (35),Rennes Metropole,France,1,B,5814,0,NON
5146457,a7b87df5-4051-4151-b781-53a6eda02036,2021-11-19T08:40:00+01:00,2021-11-19,08:40:00,-1.62,48.11,35051,35510,35,Cesson-Sévigné (35),Rennes Metropole,France,2021-11-19T09:10:00+01:00,2021-11-19,09:10:00,-1.19,48.06,35109,35370,35,Étrelles (35),Vitre Communaute,France,1,C,34955,35,OUI
5184997,dad509ac-a2e7-44f5-a32c-bef7406d2a8b,2021-11-19T08:40:00+01:00,2021-11-19,08:40:00,-1.65,48.11,35238,35000,35,Rennes (35),Rennes Metropole,France,2021-11-19T08:50:00+01:00,2021-11-19,08:50:00,-1.62,48.09,35051,35510,35,Cesson-Sévigné (35),Rennes Metropole,France,1,B,3981,7,NON
5146191,4af01059-311c-463a-91a0-7f3ce1dce037,2021-11-19T08:50:00+01:00,2021-11-19,08:50:00,-1.79,48.09,35240,35650,35,Le Rheu (35),Rennes Metropole,France,2021-11-19T08:50:00+01:00,2021-11-19,08:50:00,-1.76,48.14,35210,35740,35,Pacé (35),Rennes Metropole,France,1,B,6829,0,NON
5185546,a04b2e40-d86c-4299-99c4-316ecd201b8f,2021-11-19T12:00:00+01:00,2021-11-19,12:00:00,-1.68,48.10,35238,35000,35,Rennes (35),Rennes Metropole,France,2021-11-19T12:50:00+01:00,2021-11-19,12:50:00,-2.04,48.45,22050,22100,22,Dinan (22),Communaute D'Agglomeration Dinan Agglomeration,France,1,C,53934,46,OUI
5185516,9852cc45-fe12-42bb-9f8a-5732fc769ead,2021-11-19T12:10:00+01:00,2021-11-19,12:10:00,-1.70,48.12,35238,35000,35,Rennes (35),Rennes Metropole,France,2021-11-19T13:00:00+01:00,2021-11-19,13:00:00,-1.98,48.62,35288,35400,35,Saint-Malo (35),Saint-Malo Agglomeration,France,1,C,64131,47,OUI
5147090,895b4d71-e86f-4986-bd6b-c6ff452561a6,2021-11-19T12:20:00+01:00,2021-11-19,12:20:00,-1.69,48.15,35278,35760,35,Saint-Grégoire (35),Rennes Metropole,France,2021-11-19T12:20:00+01:00,2021-11-19,12:20:00,-1.76,48.14,35210,35740,35,Pacé (35),Rennes Metropole,France,1,B,5572,0,NON
5147244,f003670b-7f4c-48d1-a707-c743befd44fa,2021-11-19T12:30:00+01:00,2021-11-19,12:30:00,-1.65,48.08,35238,35000,35,Rennes (35),Rennes Metropole,France,2021-11-19T13:10:00+01:00,2021-11-19,13:10:00,-1.19,48.07,35109,35370,35,Étrelles (35),Vitre Communaute,France,1,C,37851,39,OUI
5147247,f003670b-7f4c-48d1-a707-c743befd44fa,2021-11-19T12:30:00+01:00,2021-11-19,12:30:00,-1.65,48.08,35238,35000,35,Rennes (35),Rennes Metropole,France,2021-11-19T13:10:00+01:00,2021-11-19,13:10:00,-1.19,48.06,35109,35370,35,Étrelles (35),Vitre Communaute,France,1,C,38025,40,OUI
5186084,2f59af30-5ca9-4fd2-bb1a-01f6d93776d7,2021-11-19T14:50:00+01:00,2021-11-19,14:50:00,-1.62,48.14,35051,35510,35,Cesson-Sévigné (35),Rennes Metropole,France,2021-11-19T15:40:00+01:00,2021-11-19,15:40:00,-0.79,48.08,53130,53000,53,Laval (53),Communaute D'Agglomeration De Laval,France,1,C,69506,49,OUI
5186192,d7463b73-1497-427f-b243-11582215fc87,2021-11-19T16:00:00+01:00,2021-11-19,16:00:00,-1.71,48.04,35066,35131,35,Chartres-de-Bretagne (35),Rennes Metropole,France,2021-11-19T16:10:00+01:00,2021-11-19,16:10:00,-1.68,48.10,35238,35000,35,Rennes (35),Rennes Metropole,France,1,B,7522,9,NON
5186211,88e38217-0180-442c-9740-6e4ec84ee723,2021-11-19T16:00:00+01:00,2021-11-19,16:00:00,-1.60,48.11,35051,35510,35,Cesson-Sévigné (35),Rennes Metropole,France,2021-11-19T17:10:00+01:00,2021-11-19,17:10:00,-1.98,48.65,35288,35400,35,Saint-Malo (35),Saint-Malo Agglomeration,France,1,C,74790,62,OUI
5186287,101d176e-fecb-4e1f-aa9c-5fa07a235f2e,2021-11-19T16:00:00+01:00,2021-11-19,16:00:00,-1.68,48.03,35206,35230,35,Noyal-Châtillon-sur-Seiche (35),Rennes Metropole,France,2021-11-19T16:20:00+01:00,2021-11-19,16:20:00,-1.66,47.93,35090,35320,35,Crevin (35),,France,1,C,13341,11,OUI
5186322,118045e5-6629-40f6-aa7e-fe04e0a68a28,2021-11-19T16:00:00+01:00,2021-11-19,16:00:00,-1.71,48.11,35238,35000,35,Rennes (35),Rennes Metropole,France,2021-11-19T16:40:00+01:00,2021-11-19,16:40:00,-1.19,48.34,35115,35300,35,Fougères (35),Fougeres Agglomeration,France,1,C,52552,39,OUI
5148091,28344ebd-c97d-4d6a-982f-2225f95f9555,2021-11-19T16:40:00+01:00,2021-11-19,16:40:00,-1.69,48.14,35278,35760,35,Saint-Grégoire (35),Rennes Metropole,France,2021-11-19T17:00:00+01:00,2021-11-19,17:00:00,-1.83,48.07,35196,35310,35,Mordelles (35),Rennes Metropole,France,1,C,16699,23,OUI
5187129,7ff0caf7-cd37-4774-9d99-fb64d2256675,2021-11-19T16:50:00+01:00,2021-11-19,16:50:00,-1.48,48.10,35039,35530,35,Brécé (35),Rennes Metropole,France,2021-11-19T17:00:00+01:00,2021-11-19,17:00:00,-1.63,48.09,35238,35000,35,Rennes (35),Rennes Metropole,France,1,C,12244,11,OUI
5187151,9bee8d79-82e5-4cd6-8f1f-c6dea612b1ac,2021-11-19T16:50:00+01:00,2021-11-19,16:50:00,-1.66,48.11,35238,35000,35,Rennes (35),Rennes Metropole,France,2021-11-19T17:30:00+01:00,2021-11-19,17:30:00,-1.19,48.34,35115,35300,35,Fougères (35),Fougeres Agglomeration,France,1,C,49047,41,OUI
5187252,016abe65-969b-40bc-a032-9a41efc521d4,2021-11-19T16:50:00+01:00,2021-11-19,16:50:00,-1.62,48.13,35051,35510,35,Cesson-Sévigné (35),Rennes Metropole,France,2021-11-19T17:00:00+01:00,2021-11-19,17:00:00,-1.61,48.23,35197,35250,35,Mouazé (35),,France,1,C,12119,10,OUI
5186739,4df45860-5bda-42b5-ab59-691fdd266e50,2021-11-19T17:00:00+01:00,2021-11-19,17:00:00,-1.74,48.04,35047,35170,35,Bruz (35),Rennes Metropole,France,2021-11-19T17:20:00+01:00,2021-11-19,17:20:00,-1.77,48.14,35210,35740,35,Pacé (35),Rennes Metropole,France,1,B,14999,17,OUI
5186789,33697b5e-bb96-4451-ab0e-9de9eced7137,2021-11-19T17:00:00+01:00,2021-11-19,17:00:00,-1.69,48.13,35238,35000,35,Rennes (35),Rennes Metropole,France,2021-11-19T18:00:00+01:00,2021-11-19,18:00:00,-1.99,48.66,35288,35400,35,Saint-Malo (35),Saint-Malo Agglomeration,France,1,B,66651,52,OUI
5187172,d800b146-3444-44f2-b485-913adb6e6651,2021-11-19T17:00:00+01:00,2021-11-19,17:00:00,-1.69,48.13,35238,35000,35,Rennes (35),Rennes Metropole,France,2021-11-19T17:20:00+01:00,2021-11-19,17:20:00,-1.41,48.25,35253,35140,35,Saint-Aubin-du-Cormier (35),,France,1,C,28104,21,OUI
5187185,1b3c1470-9561-4ab8-9252-c0c21c535a69,2021-11-19T17:00:00+01:00,2021-11-19,17:00:00,-1.69,48.15,35278,35760,35,Saint-Grégoire (35),Rennes Metropole,France,2021-11-19T17:30:00+01:00,2021-11-19,17:30:00,-1.87,48.36,35265,35190,35,Saint-Domineuc (35),Communauté de communes Bretagne Romantique,France,1,B,27852,20,OUI
5149058,21ed13bf-a787-4dc9-9ce5-ca8c4048fbb0,2021-11-19T17:20:00+01:00,2021-11-19,17:20:00,-1.69,48.14,35278,35760,35,Saint-Grégoire (35),Rennes Metropole,France,2021-11-19T17:30:00+01:00,2021-11-19,17:30:00,-1.69,48.21,35173,35520,35,Melesse (35),,France,1,C,8896,14,OUI
5187846,30fd57fa-8759-4fb4-9ac2-b9ae5a1a40db,2021-11-19T17:30:00+01:00,2021-11-19,17:30:00,-1.62,48.08,35055,35135,35,Chantepie (35),Rennes Metropole,France,2021-11-19T17:50:00+01:00,2021-11-19,17:50:00,-1.49,48.03,35069,35410,35,Châteaugiron (35),,France,1,C,12549,12,NON
5188008,0977ec54-ba41-481f-bb47-050a801bb2f7,2021-11-19T17:30:00+01:00,2021-11-19,17:30:00,-1.69,48.15,35278,35760,35,Saint-Grégoire (35),Rennes Metropole,France,2021-11-19T18:00:00+01:00,2021-11-19,18:00:00,-1.87,48.36,35265,35190,35,Saint-Domineuc (35),Communauté de communes Bretagne Romantique,France,1,C,27852,20,OUI
5187924,61f2b21d-0340-4f9f-b4d7-4c67ec227cb4,2021-11-19T17:40:00+01:00,2021-11-19,17:40:00,-1.68,48.12,35238,35000,35,Rennes (35),Rennes Metropole,France,2021-11-19T17:50:00+01:00,2021-11-19,17:50:00,-1.57,48.14,35334,35235,35,Thorigné-Fouillard (35),Rennes Metropole,France,1,C,12253,12,OUI
5149163,96859a91-6d95-4847-bf52-41c45fe3d61a,2021-11-19T17:50:00+01:00,2021-11-19,17:50:00,-1.76,48.14,35210,35740,35,Pacé (35),Rennes Metropole,France,2021-11-19T17:50:00+01:00,2021-11-19,17:50:00,-1.79,48.09,35240,35650,35,Le Rheu (35),Rennes Metropole,France,1,B,6696,0,NON
5187890,b0edeac3-a8be-41c9-b6be-7b82c2e93c1a,2021-11-19T18:00:00+01:00,2021-11-19,18:00:00,-1.67,48.11,35238,35000,35,Rennes (35),Rennes Metropole,France,2021-11-19T18:20:00+01:00,2021-11-19,18:20:00,-1.81,48.29,35337,35190,35,Tinténiac (35),Communauté de communes Bretagne Romantique,France,1,C,23656,19,OUI
5150400,5014591e-31f5-4ec1-9640-b163a9096584,2021-11-19T18:30:00+01:00,2021-11-19,18:30:00,-1.69,48.14,35278,35760,35,Saint-Grégoire (35),Rennes Metropole,France,2021-11-19T18:50:00+01:00,2021-11-19,18:50:00,-1.65,48.04,35206,35230,35,Noyal-Châtillon-sur-Seiche (35),Rennes Metropole,France,1,C,20450,27,OUI
5188848,974387ec-9cbb-474d-bed8-2c641ff1e75b,2021-11-19T18:50:00+01:00,2021-11-19,18:50:00,-1.70,48.10,35238,35000,35,Rennes (35),Rennes Metropole,France,2021-11-19T19:40:00+01:00,2021-11-19,19:40:00,-1.97,48.61,35284,35430,35,Saint-Jouan-des-Guérets (35),Saint-Malo Agglomeration,France,1,C,65041,48,OUI
5150325,9b6a2ee8-7e95-4e48-bea0-d5733e46444b,2021-11-19T19:00:00+01:00,2021-11-19,19:00:00,-1.69,48.15,35278,35760,35,Saint-Grégoire (35),Rennes Metropole,France,2021-11-19T19:00:00+01:00,2021-11-19,19:00:00,-1.76,48.14,35210,35740,35,Pacé (35),Rennes Metropole,France,1,B,5572,0,NON
5193680,c5e6559f-11b8-473e-953c-0b867c627a62,2021-11-20T08:00:00+01:00,2021-11-20,08:00:00,-1.64,48.08,35238,35000,35,Rennes (35),Rennes Metropole,France,2021-11-20T08:20:00+01:00,2021-11-20,08:20:00,-1.51,48.04,35099,35410,35,Domloup (35),,France,1,C,12881,13,OUI
5156917,e68d584e-3f41-4268-a8b6-dfbc960a45df,2021-11-20T08:10:00+01:00,2021-11-20,08:10:00,-1.68,48.11,35238,35000,35,Rennes (35),Rennes Metropole,France,2021-11-20T09:20:00+01:00,2021-11-20,09:20:00,-1.23,47.94,35125,35130,35,La Guerche-de-Bretagne (35),Vitre Communaute,France,1,C,50185,67,OUI
5194247,71e534a4-088c-4e86-bde3-f55aa647283c,2021-11-20T08:50:00+01:00,2021-11-20,08:50:00,-1.78,48.15,35210,35740,35,Pacé (35),Rennes Metropole,France,2021-11-20T09:00:00+01:00,2021-11-20,09:00:00,-1.74,48.11,35353,35132,35,Vezin-le-Coquet (35),Rennes Metropole,France,1,B,8287,10,OUI
5166811,6c12a34e-c44b-4ce5-8cc3-3891a36f0535,2021-11-21T11:00:00+01:00,2021-11-21,11:00:00,-1.64,48.12,35238,35000,35,Rennes (35),Rennes Metropole,France,2021-11-21T11:30:00+01:00,2021-11-21,11:30:00,-1.37,48.11,35068,35220,35,Châteaubourg (35),Vitre Communaute,France,1,C,23865,33,OUI
5203317,94ed043d-f86c-468d-b9af-71c45862d940,2021-11-21T17:00:00+01:00,2021-11-21,17:00:00,-1.66,48.04,35206,35230,35,Noyal-Châtillon-sur-Seiche (35),Rennes Metropole,France,2021-11-21T18:10:00+01:00,2021-11-21,18:10:00,-1.48,47.44,44110,44390,44,Nort-sur-Erdre (44),,France,1,C,83975,64,OUI
5204201,29d4dabc-37b6-4504-94a4-663b5539a4c1,2021-11-21T19:00:00+01:00,2021-11-21,19:00:00,-1.68,48.12,35238,35000,35,Rennes (35),Rennes Metropole,France,2021-11-21T19:50:00+01:00,2021-11-21,19:50:00,-1.99,48.62,35288,35400,35,Saint-Malo (35),Saint-Malo Agglomeration,France,1,B,63221,46,OUI
5204211,29d4dabc-37b6-4504-94a4-663b5539a4c1,2021-11-21T19:00:00+01:00,2021-11-21,19:00:00,-1.68,48.12,35238,35000,35,Rennes (35),Rennes Metropole,France,2021-11-21T19:50:00+01:00,2021-11-21,19:50:00,-1.99,48.62,35288,35400,35,Saint-Malo (35),Saint-Malo Agglomeration,France,1,B,62836,45,OUI
5171982,a574255e-0d09-4768-9043-a56b26dc4714,2021-11-22T05:30:00+01:00,2021-11-22,05:30:00,-1.65,48.08,35238,35000,35,Rennes (35),Rennes Metropole,France,2021-11-22T06:10:00+01:00,2021-11-22,06:10:00,-1.19,48.07,35109,35370,35,Étrelles (35),Vitre Communaute,France,1,C,37851,39,OUI
5171984,a574255e-0d09-4768-9043-a56b26dc4714,2021-11-22T05:30:00+01:00,2021-11-22,05:30:00,-1.65,48.08,35238,35000,35,Rennes (35),Rennes Metropole,France,2021-11-22T06:10:00+01:00,2021-11-22,06:10:00,-1.19,48.06,35109,35370,35,Étrelles (35),Vitre Communaute,France,1,C,38025,40,OUI
5208495,a4d79e98-b368-4d0f-80d3-b60a7d69fcd8,2021-11-22T06:00:00+01:00,2021-11-22,06:00:00,-1.67,48.08,35238,35000,35,Rennes (35),Rennes Metropole,France,2021-11-22T07:10:00+01:00,2021-11-22,07:10:00,-1.58,47.26,44114,44700,44,Orvault (44),Nantes Metropole,France,1,C,97476,68,OUI
5208416,840f9d76-13dc-4e5e-9e95-d022828a983f,2021-11-22T06:00:00+01:00,2021-11-22,06:00:00,-1.49,47.95,35136,35150,35,Janzé (35),,France,2021-11-22T07:30:00+01:00,2021-11-22,07:30:00,-0.56,47.46,49007,49000,49,Angers (49),Angers Loire Metropole,France,1,B,103108,82,OUI
5208523,02631e6e-6578-4a15-b80e-dad17b3e7eb3,2021-11-22T06:10:00+01:00,2021-11-22,06:10:00,-1.67,48.08,35238,35000,35,Rennes (35),Rennes Metropole,France,2021-11-22T07:20:00+01:00,2021-11-22,07:20:00,-1.58,47.26,44114,44700,44,Orvault (44),Nantes Metropole,France,1,C,97476,68,OUI
5209283,e1c666b5-bd3d-4474-84c3-fa26c4fa053e,2021-11-22T06:30:00+01:00,2021-11-22,06:30:00,-1.81,48.15,35275,35590,35,Saint-Gilles (35),Rennes Metropole,France,2021-11-22T06:50:00+01:00,2021-11-22,06:50:00,-1.78,48.09,35240,35650,35,Le Rheu (35),Rennes Metropole,France,1,C,10556,10,OUI
5209546,c49b8e21-da52-4bb5-9efd-14c075528199,2021-11-22T06:50:00+01:00,2021-11-22,06:50:00,-1.67,48.08,35238,35000,35,Rennes (35),Rennes Metropole,France,2021-11-22T07:40:00+01:00,2021-11-22,07:40:00,-2.05,48.46,22050,22100,22,Dinan (22),Communaute D'Agglomeration Dinan Agglomeration,France,1,C,60972,49,OUI
5208720,dfc83d37-33cb-4f8a-9da3-ed364931fdd4,2021-11-22T06:50:00+01:00,2021-11-22,06:50:00,-1.67,48.08,35238,35000,35,Rennes (35),Rennes Metropole,France,2021-11-22T08:00:00+01:00,2021-11-22,08:00:00,-1.58,47.26,44114,44700,44,Orvault (44),Nantes Metropole,France,1,C,97476,68,OUI
5209369,6e56f18e-17f8-4c13-a30a-2b7d1bd17d6c,2021-11-22T06:50:00+01:00,2021-11-22,06:50:00,-1.67,48.08,35238,35000,35,Rennes (35),Rennes Metropole,France,2021-11-22T08:00:00+01:00,2021-11-22,08:00:00,-1.58,47.26,44114,44700,44,Orvault (44),Nantes Metropole,France,1,C,97476,68,OUI
5209424,6e56f18e-17f8-4c13-a30a-2b7d1bd17d6c,2021-11-22T06:50:00+01:00,2021-11-22,06:50:00,-1.67,48.08,35238,35000,35,Rennes (35),Rennes Metropole,France,2021-11-22T08:00:00+01:00,2021-11-22,08:00:00,-1.58,47.26,44114,44700,44,Orvault (44),Nantes Metropole,France,1,C,97476,68,OUI
5209206,62d7fa0b-18c4-48d2-9bd9-20b26f84b1b7,2021-11-22T07:00:00+01:00,2021-11-22,07:00:00,-1.70,48.12,35238,35000,35,Rennes (35),Rennes Metropole,France,2021-11-22T08:00:00+01:00,2021-11-22,08:00:00,-2.53,48.46,22093,22400,22,Lamballe-Armor (22),Communaute D'Agglomeration Lamballe Terre-Mer,France,1,C,77938,56,OUI
5209477,48db2ec7-17f6-484b-bc25-e16a7d1a85dd,2021-11-22T07:10:00+01:00,2021-11-22,07:10:00,-1.62,48.17,35334,35235,35,Thorigné-Fouillard (35),Rennes Metropole,France,2021-11-22T07:30:00+01:00,2021-11-22,07:30:00,-1.69,48.12,35238,35000,35,Rennes (35),Rennes Metropole,France,1,C,10694,11,NON
5173386,27c40f90-e526-4b8c-978d-e2417dfd753d,2021-11-22T07:20:00+01:00,2021-11-22,07:20:00,-1.22,47.97,35200,35130,35,Moutiers (35),Vitre Communaute,France,2021-11-22T07:50:00+01:00,2021-11-22,07:50:00,-1.18,48.11,35360,35500,35,Vitré (35),Vitre Communaute,France,1,C,20159,30,OUI
5208738,061c872c-bdc1-4de2-be45-186fcaea7869,2021-11-22T07:20:00+01:00,2021-11-22,07:20:00,-1.69,48.04,35066,35131,35,Chartres-de-Bretagne (35),Rennes Metropole,France,2021-11-22T07:30:00+01:00,2021-11-22,07:30:00,-1.71,48.10,35238,35000,35,Rennes (35),Rennes Metropole,France,1,C,8090,8,NON
5208835,7bc79851-62bc-43df-a5b9-298f68bdaabe,2021-11-22T07:20:00+01:00,2021-11-22,07:20:00,-1.84,48.07,35196,35310,35,Mordelles (35),Rennes Metropole,France,2021-11-22T07:30:00+01:00,2021-11-22,07:30:00,-1.73,48.10,35353,35132,35,Vezin-le-Coquet (35),Rennes Metropole,France,1,C,10750,11,NON
5209230,d84b143d-2ab7-4db0-8a6c-bfef1d316209,2021-11-22T07:20:00+01:00,2021-11-22,07:20:00,-1.23,48.35,35150,35133,35,Lécousse (35),Fougeres Agglomeration,France,2021-11-22T08:00:00+01:00,2021-11-22,08:00:00,-1.73,48.05,35047,35170,35,Bruz (35),Rennes Metropole,France,1,C,56801,42,OUI
5209356,cb71b033-3fa4-4b1c-b262-42d1aaf11651,2021-11-22T07:20:00+01:00,2021-11-22,07:20:00,-1.68,48.10,35238,35000,35,Rennes (35),Rennes Metropole,France,2021-11-22T08:10:00+01:00,2021-11-22,08:10:00,-2.06,47.67,35236,35600,35,Redon (35),Redon Agglomération,France,1,B,60802,49,OUI
5210460,85c9a919-74cd-46e5-9c6b-3021e396d189,2021-11-22T07:30:00+01:00,2021-11-22,07:30:00,-1.70,48.12,35238,35000,35,Rennes (35),Rennes Metropole,France,2021-11-22T07:50:00+01:00,2021-11-22,07:50:00,-1.48,48.10,35039,35530,35,Brécé (35),Rennes Metropole,France,1,B,21773,20,OUI
5210706,4f18c1f3-7a67-4261-9b7e-3b100183e2b2,2021-11-22T07:30:00+01:00,2021-11-22,07:30:00,-1.69,48.13,35278,35760,35,Saint-Grégoire (35),Rennes Metropole,France,2021-11-22T08:00:00+01:00,2021-11-22,08:00:00,-1.41,48.25,35253,35140,35,Saint-Aubin-du-Cormier (35),,France,1,B,27838,20,OUI
5210820,ca03bd30-4a58-48b5-ab74-82b8cc583ba1,2021-11-22T07:30:00+01:00,2021-11-22,07:30:00,-1.65,48.12,35238,35000,35,Rennes (35),Rennes Metropole,France,2021-11-22T07:50:00+01:00,2021-11-22,07:50:00,-1.74,48.04,35047,35170,35,Bruz (35),Rennes Metropole,France,1,C,12445,18,OUI
5210837,49d77335-2ca9-4722-9e5e-d2a59a9fdad3,2021-11-22T07:30:00+01:00,2021-11-22,07:30:00,-1.64,48.08,35238,35000,35,Rennes (35),Rennes Metropole,France,2021-11-22T07:50:00+01:00,2021-11-22,07:50:00,-1.51,48.04,35099,35410,35,Domloup (35),,France,1,B,13602,14,OUI
5210990,77d3f952-33c4-487c-9ecf-783cc265091e,2021-11-22T07:30:00+01:00,2021-11-22,07:30:00,-1.59,48.15,35334,35235,35,Thorigné-Fouillard (35),Rennes Metropole,France,2021-11-22T08:10:00+01:00,2021-11-22,08:10:00,-1.17,48.34,35115,35300,35,Fougères (35),Fougeres Agglomeration,France,1,C,42666,31,OUI
5210127,13be9a12-8ff4-4579-bd67-29aa6d113d27,2021-11-22T07:30:00+01:00,2021-11-22,07:30:00,-1.63,48.12,35238,35000,35,Rennes (35),Rennes Metropole,France,2021-11-22T08:20:00+01:00,2021-11-22,08:20:00,-0.85,48.07,53201,53940,53,Saint-Berthevin (53),Communaute D'Agglomeration De Laval,France,1,B,63959,52,OUI
5210072,13be9a12-8ff4-4579-bd67-29aa6d113d27,2021-11-22T07:30:00+01:00,2021-11-22,07:30:00,-1.63,48.12,35238,35000,35,Rennes (35),Rennes Metropole,France,2021-11-22T08:20:00+01:00,2021-11-22,08:20:00,-0.85,48.07,53201,53940,53,Saint-Berthevin (53),Communaute D'Agglomeration De Laval,France,1,B,63959,52,OUI
5210904,4980d73b-3285-41d8-a5b1-4b4f16ffdc5d,2021-11-22T07:30:00+01:00,2021-11-22,07:30:00,-1.65,48.13,35238,35000,35,Rennes (35),Rennes Metropole,France,2021-11-22T09:10:00+01:00,2021-11-22,09:10:00,0.16,48.01,72181,72000,72,Le Mans (72),Communaute Urbaine Le Mans Metropole,France,1,B,151170,98,OUI
5210643,c573c194-e491-4aeb-b07b-198161a87044,2021-11-22T07:30:00+01:00,2021-11-22,07:30:00,-1.67,48.08,35238,35000,35,Rennes (35),Rennes Metropole,France,2021-11-22T08:40:00+01:00,2021-11-22,08:40:00,-1.58,47.26,44114,44700,44,Orvault (44),Nantes Metropole,France,1,C,97476,68,OUI
5173205,c874ded5-5668-444c-b442-436d6d1fddc2,2021-11-22T07:40:00+01:00,2021-11-22,07:40:00,-1.79,48.09,35240,35650,35,Le Rheu (35),Rennes Metropole,France,2021-11-22T07:40:00+01:00,2021-11-22,07:40:00,-1.69,48.15,35278,35760,35,Saint-Grégoire (35),Rennes Metropole,France,1,B,12021,0,NON
5210205,d1440298-3a9e-43b7-89c7-3234220252fe,2021-11-22T07:40:00+01:00,2021-11-22,07:40:00,-1.68,48.12,35238,35000,35,Rennes (35),Rennes Metropole,France,2021-11-22T08:20:00+01:00,2021-11-22,08:20:00,-1.97,48.59,35284,35430,35,Saint-Jouan-des-Guérets (35),Saint-Malo Agglomeration,France,1,C,59947,44,OUI
5210573,77d6c303-f4f2-4606-8843-fbf7b3599cd5,2021-11-22T07:40:00+01:00,2021-11-22,07:40:00,-1.62,48.14,35051,35510,35,Cesson-Sévigné (35),Rennes Metropole,France,2021-11-22T08:20:00+01:00,2021-11-22,08:20:00,-1.19,48.34,35115,35300,35,Fougères (35),Fougeres Agglomeration,France,1,C,44263,32,OUI
5173345,bea85dcf-a52d-4c77-b182-4d571a2fe7c0,2021-11-22T07:40:00+01:00,2021-11-22,07:40:00,-1.76,48.14,35210,35740,35,Pacé (35),Rennes Metropole,France,2021-11-22T07:40:00+01:00,2021-11-22,07:40:00,-1.62,48.13,35051,35510,35,Cesson-Sévigné (35),Rennes Metropole,France,1,B,12655,0,NON
5175304,f11780b8-d02d-46ba-8d00-60c5ebd40e47,2021-11-22T07:50:00+01:00,2021-11-22,07:50:00,-1.65,48.09,35238,35000,35,Rennes (35),Rennes Metropole,France,2021-11-22T09:00:00+01:00,2021-11-22,09:00:00,-0.84,48.07,53201,53940,53,Saint-Berthevin (53),Communaute D'Agglomeration De Laval,France,1,B,63637,67,OUI
5210474,d7a30d76-14d5-40f5-b68b-f1a1f7339f39,2021-11-22T07:50:00+01:00,2021-11-22,07:50:00,-1.69,48.10,35238,35000,35,Rennes (35),Rennes Metropole,France,2021-11-22T08:40:00+01:00,2021-11-22,08:40:00,-1.98,48.62,35288,35400,35,Saint-Malo (35),Saint-Malo Agglomeration,France,1,B,65705,50,OUI
5210492,88104811-b916-4963-b45f-5911298d7fa6,2021-11-22T07:50:00+01:00,2021-11-22,07:50:00,-1.69,48.15,35278,35760,35,Saint-Grégoire (35),Rennes Metropole,France,2021-11-22T08:30:00+01:00,2021-11-22,08:30:00,-1.98,48.62,35288,35400,35,Saint-Malo (35),Saint-Malo Agglomeration,France,1,C,60445,43,OUI
5210561,0c497de6-f4e4-48f4-bdb1-0957def88829,2021-11-22T07:50:00+01:00,2021-11-22,07:50:00,-1.57,48.15,35334,35235,35,Thorigné-Fouillard (35),Rennes Metropole,France,2021-11-22T08:10:00+01:00,2021-11-22,08:10:00,-1.69,48.13,35238,35000,35,Rennes (35),Rennes Metropole,France,1,C,11797,12,NON
5210565,c8f543e4-754b-497a-8d15-ceafc8744bb2,2021-11-22T07:50:00+01:00,2021-11-22,07:50:00,-1.66,48.09,35238,35000,35,Rennes (35),Rennes Metropole,France,2021-11-22T08:20:00+01:00,2021-11-22,08:20:00,-1.19,48.06,35109,35370,35,Étrelles (35),Vitre Communaute,France,1,C,38925,32,OUI
5211059,12df47f0-a0ff-43ff-90e4-cc4291005539,2021-11-22T07:50:00+01:00,2021-11-22,07:50:00,-1.74,48.01,35047,35170,35,Bruz (35),Rennes Metropole,France,2021-11-22T08:20:00+01:00,2021-11-22,08:20:00,-1.62,48.13,35051,35510,35,Cesson-Sévigné (35),Rennes Metropole,France,1,B,19857,21,OUI
5210522,9bb470ab-06ea-4ce6-9c3c-d88049169dbf,2021-11-22T07:50:00+01:00,2021-11-22,07:50:00,-1.61,48.10,35051,35510,35,Cesson-Sévigné (35),Rennes Metropole,France,2021-11-22T08:40:00+01:00,2021-11-22,08:40:00,-0.83,48.06,53201,53940,53,Saint-Berthevin (53),Communaute D'Agglomeration De Laval,France,1,B,61187,47,OUI
5210529,563fcb3b-361a-46b3-a26e-37fd81f312fa,2021-11-22T07:50:00+01:00,2021-11-22,07:50:00,-1.67,48.08,35238,35000,35,Rennes (35),Rennes Metropole,France,2021-11-22T08:40:00+01:00,2021-11-22,08:40:00,-0.79,48.08,53130,53000,53,Laval (53),Communaute D'Agglomeration De Laval,France,1,B,72250,52,OUI
5175191,6d274d88-fc3f-46f1-b3ff-e5048f6658ee,2021-11-22T07:50:00+01:00,2021-11-22,07:50:00,-1.61,48.11,35051,35510,35,Cesson-Sévigné (35),Rennes Metropole,France,2021-11-22T08:50:00+01:00,2021-11-22,08:50:00,-0.85,48.07,53201,53940,53,Saint-Berthevin (53),Communaute D'Agglomeration De Laval,France,1,C,61511,61,OUI
5175183,6d274d88-fc3f-46f1-b3ff-e5048f6658ee,2021-11-22T07:50:00+01:00,2021-11-22,07:50:00,-1.61,48.11,35051,35510,35,Cesson-Sévigné (35),Rennes Metropole,France,2021-11-22T08:50:00+01:00,2021-11-22,08:50:00,-0.85,48.07,53201,53940,53,Saint-Berthevin (53),Communaute D'Agglomeration De Laval,France,1,C,61497,61,OUI
5210161,9bb470ab-06ea-4ce6-9c3c-d88049169dbf,2021-11-22T07:50:00+01:00,2021-11-22,07:50:00,-1.61,48.10,35051,35510,35,Cesson-Sévigné (35),Rennes Metropole,France,2021-11-22T08:40:00+01:00,2021-11-22,08:40:00,-0.83,48.06,53201,53940,53,Saint-Berthevin (53),Communaute D'Agglomeration De Laval,France,1,B,61187,47,OUI
5210018,b6f7e539-8c17-4706-be6a-3190ab145b7e,2021-11-22T08:00:00+01:00,2021-11-22,08:00:00,-1.57,48.14,35334,35235,35,Thorigné-Fouillard (35),Rennes Metropole,France,2021-11-22T08:30:00+01:00,2021-11-22,08:30:00,-1.17,48.33,35137,35133,35,Javené (35),Fougeres Agglomeration,France,1,A,44401,31,OUI
5210081,60bc757c-f88d-4a50-8451-003f806f0c92,2021-11-22T08:00:00+01:00,2021-11-22,08:00:00,-1.65,48.09,35238,35000,35,Rennes (35),Rennes Metropole,France,2021-11-22T08:20:00+01:00,2021-11-22,08:20:00,-1.73,48.03,35047,35170,35,Bruz (35),Rennes Metropole,France,1,B,10947,13,OUI
5210222,eaf819ab-28dd-483d-9092-874c68a3e301,2021-11-22T08:00:00+01:00,2021-11-22,08:00:00,-1.69,48.13,35238,35000,35,Rennes (35),Rennes Metropole,France,2021-11-22T08:50:00+01:00,2021-11-22,08:50:00,-2.06,48.61,35093,35800,35,Dinard (35),,France,1,B,69868,52,OUI
5210319,eaf819ab-28dd-483d-9092-874c68a3e301,2021-11-22T08:00:00+01:00,2021-11-22,08:00:00,-1.67,48.09,35238,35000,35,Rennes (35),Rennes Metropole,France,2021-11-22T09:10:00+01:00,2021-11-22,09:10:00,-2.06,48.62,35093,35800,35,Dinard (35),,France,1,C,74760,61,OUI
5210840,eaf819ab-28dd-483d-9092-874c68a3e301,2021-11-22T08:00:00+01:00,2021-11-22,08:00:00,-1.67,48.09,35238,35000,35,Rennes (35),Rennes Metropole,France,2021-11-22T09:00:00+01:00,2021-11-22,09:00:00,-1.98,48.62,35288,35400,35,Saint-Malo (35),Saint-Malo Agglomeration,France,1,C,68925,55,OUI
5211057,4fdaf54b-e25f-47c9-ba9c-9654badec32d,2021-11-22T08:00:00+01:00,2021-11-22,08:00:00,-1.70,48.09,35281,35136,35,Saint-Jacques-de-la-Lande (35),Rennes Metropole,France,2021-11-22T08:10:00+01:00,2021-11-22,08:10:00,-1.74,48.04,35047,35170,35,Bruz (35),Rennes Metropole,France,1,C,6865,8,NON
5175203,4f6dcc0c-9ef1-454f-a768-bc8389f6cb01,2021-11-22T08:10:00+01:00,2021-11-22,08:10:00,-1.61,48.12,35051,35510,35,Cesson-Sévigné (35),Rennes Metropole,France,2021-11-22T08:50:00+01:00,2021-11-22,08:50:00,-1.20,48.10,35360,35500,35,Vitré (35),Vitre Communaute,France,1,C,36211,39,OUI
5175218,4f6dcc0c-9ef1-454f-a768-bc8389f6cb01,2021-11-22T08:10:00+01:00,2021-11-22,08:10:00,-1.61,48.12,35051,35510,35,Cesson-Sévigné (35),Rennes Metropole,France,2021-11-22T08:50:00+01:00,2021-11-22,08:50:00,-1.20,48.10,35360,35500,35,Vitré (35),Vitre Communaute,France,1,C,36875,41,OUI
5175370,2038b42a-984f-4e0e-b3a2-4dd225de33d7,2021-11-22T08:10:00+01:00,2021-11-22,08:10:00,-1.61,48.11,35051,35510,35,Cesson-Sévigné (35),Rennes Metropole,France,2021-11-22T08:50:00+01:00,2021-11-22,08:50:00,-1.20,48.11,35360,35500,35,Vitré (35),Vitre Communaute,France,1,C,34108,38,OUI
5210330,5f9cc429-3cf9-46ce-a986-5dab67ae53cc,2021-11-22T08:10:00+01:00,2021-11-22,08:10:00,-1.57,48.16,35334,35235,35,Thorigné-Fouillard (35),Rennes Metropole,France,2021-11-22T08:20:00+01:00,2021-11-22,08:20:00,-1.68,48.15,35278,35760,35,Saint-Grégoire (35),Rennes Metropole,France,1,B,9411,11,NON
5210483,c049f2da-dbd4-461c-9aaa-2bad87614cd6,2021-11-22T08:10:00+01:00,2021-11-22,08:10:00,-1.68,48.12,35238,35000,35,Rennes (35),Rennes Metropole,France,2021-11-22T08:30:00+01:00,2021-11-22,08:30:00,-1.80,48.28,35317,35630,35,Saint-Symphorien (35),,France,1,B,20734,17,OUI
5173668,b0ca9ae3-d6f7-40c6-97a8-f51b7c216174,2021-11-22T08:30:00+01:00,2021-11-22,08:30:00,-1.79,48.09,35240,35650,35,Le Rheu (35),Rennes Metropole,France,2021-11-22T08:30:00+01:00,2021-11-22,08:30:00,-1.69,48.15,35278,35760,35,Saint-Grégoire (35),Rennes Metropole,France,1,B,12021,0,NON
5174969,85ada116-3062-48e8-b46a-7151a7ade618,2021-11-22T08:30:00+01:00,2021-11-22,08:30:00,-1.79,48.09,35240,35650,35,Le Rheu (35),Rennes Metropole,France,2021-11-22T08:30:00+01:00,2021-11-22,08:30:00,-1.62,48.13,35051,35510,35,Cesson-Sévigné (35),Rennes Metropole,France,1,B,18344,0,NON
5175385,7346ccff-bfce-4bb0-b4b9-cda810704e0a,2021-11-22T08:30:00+01:00,2021-11-22,08:30:00,-1.62,48.11,35051,35510,35,Cesson-Sévigné (35),Rennes Metropole,France,2021-11-22T09:10:00+01:00,2021-11-22,09:10:00,-1.19,48.05,35109,35370,35,Étrelles (35),Vitre Communaute,France,1,C,36113,36,OUI
5175429,8621e1bc-d4db-4585-b3cb-066b579406e9,2021-11-22T08:40:00+01:00,2021-11-22,08:40:00,-1.65,48.10,35238,35000,35,Rennes (35),Rennes Metropole,France,2021-11-22T09:20:00+01:00,2021-11-22,09:20:00,-1.26,48.07,35338,35370,35,Torcé (35),Vitre Communaute,France,1,C,31787,36,OUI
5211533,b90245a3-aa0c-4327-aec8-90743e3e16b3,2021-11-22T08:40:00+01:00,2021-11-22,08:40:00,-1.78,48.22,35120,35850,35,Gévezé (35),Rennes Metropole,France,2021-11-22T09:00:00+01:00,2021-11-22,09:00:00,-1.69,48.15,35278,35760,35,Saint-Grégoire (35),Rennes Metropole,France,1,C,11925,12,OUI
5211546,6410d255-e5fd-49b0-b2c9-f6ab8dbb72af,2021-11-22T08:40:00+01:00,2021-11-22,08:40:00,-1.65,48.11,35238,35000,35,Rennes (35),Rennes Metropole,France,2021-11-22T08:50:00+01:00,2021-11-22,08:50:00,-1.62,48.09,35238,35000,35,Rennes (35),Rennes Metropole,France,1,C,3417,5,NON
5176003,b7b7b98b-835a-4dc1-bafd-18a40e918dab,2021-11-22T10:50:00+01:00,2021-11-22,10:50:00,-1.59,48.11,35051,35510,35,Cesson-Sévigné (35),Rennes Metropole,France,2021-11-22T11:30:00+01:00,2021-11-22,11:30:00,-1.20,48.11,35360,35500,35,Vitré (35),Vitre Communaute,France,1,B,32736,35,OUI
5176004,b7b7b98b-835a-4dc1-bafd-18a40e918dab,2021-11-22T10:50:00+01:00,2021-11-22,10:50:00,-1.59,48.11,35051,35510,35,Cesson-Sévigné (35),Rennes Metropole,France,2021-11-22T11:30:00+01:00,2021-11-22,11:30:00,-1.20,48.11,35360,35500,35,Vitré (35),Vitre Communaute,France,1,C,32734,35,OUI
5176212,a1717b5f-4dae-4140-8a88-dd5ec44832ed,2021-11-22T12:30:00+01:00,2021-11-22,12:30:00,-1.49,47.95,35136,35150,35,Janzé (35),,France,2021-11-22T13:00:00+01:00,2021-11-22,13:00:00,-1.22,47.93,35125,35130,35,La Guerche-de-Bretagne (35),Vitre Communaute,France,1,C,25006,31,OUI
5213559,4816f2d1-65fa-459f-8f9e-88891cd8a702,2021-11-22T16:50:00+01:00,2021-11-22,16:50:00,-1.64,48.09,35238,35000,35,Rennes (35),Rennes Metropole,France,2021-11-22T17:40:00+01:00,2021-11-22,17:40:00,-1.16,47.74,49248,49420,49,Ombrée d'Anjou (49),,France,1,B,58675,48,OUI
5213601,4791e0c8-b100-481b-93b4-87f88d93bc16,2021-11-22T16:50:00+01:00,2021-11-22,16:50:00,-1.64,48.11,35238,35000,35,Rennes (35),Rennes Metropole,France,2021-11-22T17:10:00+01:00,2021-11-22,17:10:00,-1.69,48.21,35173,35520,35,Melesse (35),,France,1,C,14434,17,OUI
5213362,95e8f2db-befd-4981-8e14-e61b46215a36,2021-11-22T17:00:00+01:00,2021-11-22,17:00:00,-1.73,48.05,35047,35170,35,Bruz (35),Rennes Metropole,France,2021-11-22T17:50:00+01:00,2021-11-22,17:50:00,-1.19,48.34,35115,35300,35,Fougères (35),Fougeres Agglomeration,France,1,B,61155,48,OUI
5213403,02a7e49a-e3cb-4dff-a5b2-2cbf34e954f3,2021-11-22T17:00:00+01:00,2021-11-22,17:00:00,-1.62,48.13,35051,35510,35,Cesson-Sévigné (35),Rennes Metropole,France,2021-11-22T17:20:00+01:00,2021-11-22,17:20:00,-1.60,48.23,35197,35250,35,Mouazé (35),,France,1,C,12484,11,OUI
5213893,4791e0c8-b100-481b-93b4-87f88d93bc16,2021-11-22T17:00:00+01:00,2021-11-22,17:00:00,-1.63,48.10,35238,35000,35,Rennes (35),Rennes Metropole,France,2021-11-22T17:20:00+01:00,2021-11-22,17:20:00,-1.69,48.17,35278,35760,35,Saint-Grégoire (35),Rennes Metropole,France,1,B,12212,17,NON
5213957,19e70bb3-67ce-4786-9c73-a57ebfc3c45f,2021-11-22T17:00:00+01:00,2021-11-22,17:00:00,-1.73,48.05,35047,35170,35,Bruz (35),Rennes Metropole,France,2021-11-22T17:50:00+01:00,2021-11-22,17:50:00,-1.20,48.35,35115,35300,35,Fougères (35),Fougeres Agglomeration,France,1,C,58621,46,OUI
5176998,6c1a5306-3fbf-4399-a0d0-bba9b8802bac,2021-11-22T17:10:00+01:00,2021-11-22,17:10:00,-1.69,48.15,35278,35760,35,Saint-Grégoire (35),Rennes Metropole,France,2021-11-22T17:10:00+01:00,2021-11-22,17:10:00,-1.62,48.13,35051,35510,35,Cesson-Sévigné (35),Rennes Metropole,France,1,B,8706,0,NON
5213568,19e70bb3-67ce-4786-9c73-a57ebfc3c45f,2021-11-22T17:10:00+01:00,2021-11-22,17:10:00,-1.73,48.05,35047,35170,35,Bruz (35),Rennes Metropole,France,2021-11-22T18:00:00+01:00,2021-11-22,18:00:00,-1.20,48.35,35115,35300,35,Fougères (35),Fougeres Agglomeration,France,1,C,58621,46,OUI
5213317,6f6d33aa-ace1-4a39-8987-b3a63327a398,2021-11-22T17:20:00+01:00,2021-11-22,17:20:00,-1.68,48.14,35278,35760,35,Saint-Grégoire (35),Rennes Metropole,France,2021-11-22T17:40:00+01:00,2021-11-22,17:40:00,-1.60,48.12,35051,35510,35,Cesson-Sévigné (35),Rennes Metropole,France,1,C,9309,11,OUI
5213773,39a2cf78-3f74-41a9-aed0-a1367b1bc330,2021-11-22T17:20:00+01:00,2021-11-22,17:20:00,-1.68,48.10,35238,35000,35,Rennes (35),Rennes Metropole,France,2021-11-22T18:10:00+01:00,2021-11-22,18:10:00,-2.04,48.45,22050,22100,22,Dinan (22),Communaute D'Agglomeration Dinan Agglomeration,France,1,B,53934,46,OUI
5213813,a9129d9d-782c-42be-8391-e412ce07fbc4,2021-11-22T17:20:00+01:00,2021-11-22,17:20:00,-1.69,48.12,35238,35000,35,Rennes (35),Rennes Metropole,France,2021-11-22T17:50:00+01:00,2021-11-22,17:50:00,-1.41,48.25,35253,35140,35,Saint-Aubin-du-Cormier (35),,France,1,C,28816,22,OUI
5177853,e1af3a1d-1616-4dd3-af6f-5b60b8243459,2021-11-22T17:30:00+01:00,2021-11-22,17:30:00,-1.62,48.13,35051,35510,35,Cesson-Sévigné (35),Rennes Metropole,France,2021-11-22T17:30:00+01:00,2021-11-22,17:30:00,-1.76,48.14,35210,35740,35,Pacé (35),Rennes Metropole,France,1,B,12850,0,NON
5214444,7a42eb89-7962-463f-ab79-24a86fbca04b,2021-11-22T17:30:00+01:00,2021-11-22,17:30:00,-1.66,48.11,35238,35000,35,Rennes (35),Rennes Metropole,France,2021-11-22T18:00:00+01:00,2021-11-22,18:00:00,-1.26,48.06,35338,35370,35,Torcé (35),Vitre Communaute,France,1,B,33700,30,OUI
5214720,b952e97d-049a-4dbe-8bb5-42ce027497e1,2021-11-22T17:30:00+01:00,2021-11-22,17:30:00,-1.62,48.08,35055,35135,35,Chantepie (35),Rennes Metropole,France,2021-11-22T17:50:00+01:00,2021-11-22,17:50:00,-1.49,48.03,35069,35410,35,Châteaugiron (35),,France,1,C,12549,12,NON
5214712,a73536e3-3b04-44b5-af6e-525ef3d20ec8,2021-11-22T17:30:00+01:00,2021-11-22,17:30:00,-1.71,48.04,35066,35131,35,Chartres-de-Bretagne (35),Rennes Metropole,France,2021-11-22T17:40:00+01:00,2021-11-22,17:40:00,-1.68,48.10,35238,35000,35,Rennes (35),Rennes Metropole,France,1,B,7522,9,NON
5214762,709cdafa-9494-4da4-9a01-28bca1b7eca8,2021-11-22T17:30:00+01:00,2021-11-22,17:30:00,-1.62,48.13,35051,35510,35,Cesson-Sévigné (35),Rennes Metropole,France,2021-11-22T18:20:00+01:00,2021-11-22,18:20:00,-2.02,48.45,22118,22100,22,Lanvallay (22),Communaute D'Agglomeration Dinan Agglomeration,France,1,B,53045,41,OUI
5215100,56c5c439-e9b7-48c2-8d6f-5a4163cbda34,2021-11-22T17:30:00+01:00,2021-11-22,17:30:00,-1.74,48.04,35047,35170,35,Bruz (35),Rennes Metropole,France,2021-11-22T18:00:00+01:00,2021-11-22,18:00:00,-1.91,47.81,35219,35550,35,Pipriac (35),Redon Agglomération,France,1,C,31739,23,OUI
5177868,113ac689-eb17-4562-8b2f-7ea9917e6ea8,2021-11-22T17:40:00+01:00,2021-11-22,17:40:00,-1.69,48.15,35278,35760,35,Saint-Grégoire (35),Rennes Metropole,France,2021-11-22T17:40:00+01:00,2021-11-22,17:40:00,-1.79,48.09,35240,35650,35,Le Rheu (35),Rennes Metropole,France,1,B,11773,0,NON
5177867,1e0a537c-605d-499a-9023-e0504646b2ec,2021-11-22T17:40:00+01:00,2021-11-22,17:40:00,-1.69,48.15,35278,35760,35,Saint-Grégoire (35),Rennes Metropole,France,2021-11-22T17:40:00+01:00,2021-11-22,17:40:00,-1.79,48.09,35240,35650,35,Le Rheu (35),Rennes Metropole,France,1,B,11773,0,NON
5214473,17142d7e-98d0-48b4-922c-eb6426c8b354,2021-11-22T17:40:00+01:00,2021-11-22,17:40:00,-1.59,48.13,35334,35235,35,Thorigné-Fouillard (35),Rennes Metropole,France,2021-11-22T18:10:00+01:00,2021-11-22,18:10:00,-1.21,48.11,35360,35500,35,Vitré (35),Vitre Communaute,France,1,C,34050,27,OUI
5214823,709cdafa-9494-4da4-9a01-28bca1b7eca8,2021-11-22T17:40:00+01:00,2021-11-22,17:40:00,-1.62,48.13,35051,35510,35,Cesson-Sévigné (35),Rennes Metropole,France,2021-11-22T18:10:00+01:00,2021-11-22,18:10:00,-1.90,48.40,35226,35720,35,Pleugueneuc (35),Communauté de communes Bretagne Romantique,France,1,B,40669,30,OUI
5178028,c47d5406-f24c-4199-b344-a0f55170c83c,2021-11-22T17:50:00+01:00,2021-11-22,17:50:00,-1.68,48.16,35278,35760,35,Saint-Grégoire (35),Rennes Metropole,France,2021-11-22T17:50:00+01:00,2021-11-22,17:50:00,-1.76,48.14,35210,35740,35,Pacé (35),Rennes Metropole,France,1,B,6629,0,NON
5214511,a4a0272c-4d75-49dd-87fb-a01faea7d6fe,2021-11-22T17:50:00+01:00,2021-11-22,17:50:00,-1.69,48.13,35238,35000,35,Rennes (35),Rennes Metropole,France,2021-11-22T18:40:00+01:00,2021-11-22,18:40:00,-2.00,48.63,35288,35400,35,Saint-Malo (35),Saint-Malo Agglomeration,France,1,C,63867,47,OUI
5214881,b005a01b-530f-4415-bccc-27ea23a25834,2021-11-22T17:50:00+01:00,2021-11-22,17:50:00,-1.69,48.12,35238,35000,35,Rennes (35),Rennes Metropole,France,2021-11-22T18:00:00+01:00,2021-11-22,18:00:00,-1.57,48.15,35334,35235,35,Thorigné-Fouillard (35),Rennes Metropole,France,1,C,12276,13,NON
5215162,a8855efd-bcce-4dbd-8d9f-a6716e924b6a,2021-11-22T17:50:00+01:00,2021-11-22,17:50:00,-1.71,48.10,35238,35000,35,Rennes (35),Rennes Metropole,France,2021-11-22T18:00:00+01:00,2021-11-22,18:00:00,-1.70,48.04,35066,35131,35,Chartres-de-Bretagne (35),Rennes Metropole,France,1,B,8132,10,NON
5214973,45cd8c49-8b7a-498b-a0c2-b95d99b0253c,2021-11-22T17:50:00+01:00,2021-11-22,17:50:00,-1.67,48.08,35238,35000,35,Rennes (35),Rennes Metropole,France,2021-11-22T18:40:00+01:00,2021-11-22,18:40:00,-0.79,48.07,53130,53000,53,Laval (53),Communaute D'Agglomeration De Laval,France,1,C,72967,53,OUI
5214364,75f7261c-d92d-4e10-9b90-a06de3fb22a9,2021-11-22T18:00:00+01:00,2021-11-22,18:00:00,-1.68,48.03,35206,35230,35,Noyal-Châtillon-sur-Seiche (35),Rennes Metropole,France,2021-11-22T18:20:00+01:00,2021-11-22,18:20:00,-1.66,47.93,35090,35320,35,Crevin (35),,France,1,C,13341,11,OUI
5215052,22ef8241-927d-4795-a6ba-fed130e4c6f8,2021-11-22T18:00:00+01:00,2021-11-22,18:00:00,-1.63,48.09,35238,35000,35,Rennes (35),Rennes Metropole,France,2021-11-22T18:40:00+01:00,2021-11-22,18:40:00,-1.19,48.33,35115,35300,35,Fougères (35),Fougeres Agglomeration,France,1,B,51958,37,OUI
5215063,6ecf604b-0ce5-4f77-92c7-22f6bae5111f,2021-11-22T18:00:00+01:00,2021-11-22,18:00:00,-1.69,48.12,35238,35000,35,Rennes (35),Rennes Metropole,France,2021-11-22T18:50:00+01:00,2021-11-22,18:50:00,-1.98,48.59,35284,35430,35,Saint-Jouan-des-Guérets (35),Saint-Malo Agglomeration,France,1,B,60929,46,OUI
5215097,327da3d6-604d-42ec-b418-859b1683b49d,2021-11-22T18:00:00+01:00,2021-11-22,18:00:00,-1.74,48.04,35047,35170,35,Bruz (35),Rennes Metropole,France,2021-11-22T18:10:00+01:00,2021-11-22,18:10:00,-1.69,48.08,35238,35000,35,Rennes (35),Rennes Metropole,France,1,C,7803,9,OUI
5215193,6ecf604b-0ce5-4f77-92c7-22f6bae5111f,2021-11-22T18:00:00+01:00,2021-11-22,18:00:00,-1.69,48.12,35238,35000,35,Rennes (35),Rennes Metropole,France,2021-11-22T18:50:00+01:00,2021-11-22,18:50:00,-1.97,48.60,35284,35430,35,Saint-Jouan-des-Guérets (35),Saint-Malo Agglomeration,France,1,C,61389,45,OUI
5179136,a1153ffb-5d55-47cb-8074-7f62a2862b1e,2021-11-22T18:10:00+01:00,2021-11-22,18:10:00,-1.69,48.14,35278,35760,35,Saint-Grégoire (35),Rennes Metropole,France,2021-11-22T18:30:00+01:00,2021-11-22,18:30:00,-1.69,48.21,35173,35520,35,Melesse (35),,France,1,C,8896,14,OUI
5214876,c9fa9914-69e9-4ae4-973a-9bc991ccc6d0,2021-11-22T18:10:00+01:00,2021-11-22,18:10:00,-1.68,48.15,35278,35760,35,Saint-Grégoire (35),Rennes Metropole,France,2021-11-22T18:20:00+01:00,2021-11-22,18:20:00,-1.57,48.16,35334,35235,35,Thorigné-Fouillard (35),Rennes Metropole,France,1,B,9565,11,NON
5215573,938589ba-1ee7-4d95-8611-1f4fee0b59a5,2021-11-22T18:30:00+01:00,2021-11-22,18:30:00,-1.62,48.12,35238,35000,35,Rennes (35),Rennes Metropole,France,2021-11-22T19:10:00+01:00,2021-11-22,19:10:00,-1.90,48.40,35226,35720,35,Pleugueneuc (35),Communauté de communes Bretagne Romantique,France,1,C,42599,33,OUI
5215631,938589ba-1ee7-4d95-8611-1f4fee0b59a5,2021-11-22T18:30:00+01:00,2021-11-22,18:30:00,-1.64,48.11,35238,35000,35,Rennes (35),Rennes Metropole,France,2021-11-22T19:20:00+01:00,2021-11-22,19:20:00,-1.91,48.57,35306,35430,35,Saint-Père (35),Saint-Malo Agglomeration,France,1,C,60017,47,OUI
5215563,f9a972db-928a-477c-a25b-63874dc03fbb,2021-11-22T19:00:00+01:00,2021-11-22,19:00:00,-1.61,48.12,35051,35510,35,Cesson-Sévigné (35),Rennes Metropole,France,2021-11-22T19:20:00+01:00,2021-11-22,19:20:00,-1.68,48.14,35278,35760,35,Saint-Grégoire (35),Rennes Metropole,France,1,B,9597,11,NON
5216048,aed9a885-5de3-41af-912f-558678edc21c,2021-11-22T20:40:00+01:00,2021-11-22,20:40:00,-1.70,48.10,35238,35000,35,Rennes (35),Rennes Metropole,France,2021-11-22T20:50:00+01:00,2021-11-22,20:50:00,-1.76,48.02,35047,35170,35,Bruz (35),Rennes Metropole,France,1,B,12756,13,OUI
5181894,7fc8979c-160a-4658-bbe0-cf1fec04b9ab,2021-11-23T05:20:00+01:00,2021-11-23,05:20:00,-1.65,48.08,35238,35000,35,Rennes (35),Rennes Metropole,France,2021-11-23T06:00:00+01:00,2021-11-23,06:00:00,-1.19,48.07,35109,35370,35,Étrelles (35),Vitre Communaute,France,1,C,37851,39,OUI
5219512,065257dd-eb0e-4b5b-b048-d9c4cbdcfab5,2021-11-23T06:10:00+01:00,2021-11-23,06:10:00,-1.67,48.08,35238,35000,35,Rennes (35),Rennes Metropole,France,2021-11-23T07:20:00+01:00,2021-11-23,07:20:00,-1.58,47.26,44114,44700,44,Orvault (44),Nantes Metropole,France,1,C,97476,68,OUI
5219492,065257dd-eb0e-4b5b-b048-d9c4cbdcfab5,2021-11-23T06:10:00+01:00,2021-11-23,06:10:00,-1.67,48.08,35238,35000,35,Rennes (35),Rennes Metropole,France,2021-11-23T07:20:00+01:00,2021-11-23,07:20:00,-1.58,47.26,44114,44700,44,Orvault (44),Nantes Metropole,France,1,C,97476,68,OUI
5220333,60ce0be3-f469-40d4-b46f-f36156b3071f,2021-11-23T06:30:00+01:00,2021-11-23,06:30:00,-1.81,48.15,35275,35590,35,Saint-Gilles (35),Rennes Metropole,France,2021-11-23T06:50:00+01:00,2021-11-23,06:50:00,-1.78,48.09,35240,35650,35,Le Rheu (35),Rennes Metropole,France,1,C,10556,10,OUI
5220018,b7bc5cc9-6e4b-4704-82c2-3edfd96d5ada,2021-11-23T06:50:00+01:00,2021-11-23,06:50:00,-1.67,48.08,35238,35000,35,Rennes (35),Rennes Metropole,France,2021-11-23T08:00:00+01:00,2021-11-23,08:00:00,-1.58,47.26,44114,44700,44,Orvault (44),Nantes Metropole,France,1,C,97476,68,OUI
5220099,15e2e65f-49a5-4f48-b6aa-12e041c42ce5,2021-11-23T07:00:00+01:00,2021-11-23,07:00:00,-1.70,48.12,35238,35000,35,Rennes (35),Rennes Metropole,France,2021-11-23T08:00:00+01:00,2021-11-23,08:00:00,-2.53,48.46,22093,22400,22,Lamballe-Armor (22),Communaute D'Agglomeration Lamballe Terre-Mer,France,1,B,77938,56,OUI
5220271,630ea5e7-7012-4185-a83e-379143837f05,2021-11-23T07:00:00+01:00,2021-11-23,07:00:00,-1.69,48.13,35278,35760,35,Saint-Grégoire (35),Rennes Metropole,France,2021-11-23T07:20:00+01:00,2021-11-23,07:20:00,-1.41,48.25,35253,35140,35,Saint-Aubin-du-Cormier (35),,France,1,B,27841,20,OUI
5220387,b18f84cd-0d12-4801-9040-88ce9c88e1b2,2021-11-23T07:00:00+01:00,2021-11-23,07:00:00,-1.62,48.17,35334,35235,35,Thorigné-Fouillard (35),Rennes Metropole,France,2021-11-23T07:10:00+01:00,2021-11-23,07:10:00,-1.69,48.12,35238,35000,35,Rennes (35),Rennes Metropole,France,1,C,10694,11,OUI
5220338,7ffa2dc1-7c46-4ede-8007-7d19380245b6,2021-11-23T07:00:00+01:00,2021-11-23,07:00:00,-1.67,48.08,35238,35000,35,Rennes (35),Rennes Metropole,France,2021-11-23T08:10:00+01:00,2021-11-23,08:10:00,-1.58,47.26,44114,44700,44,Orvault (44),Nantes Metropole,France,1,C,97476,68,OUI
5219727,21fbb57d-c601-4a22-a223-6dae2c89da6a,2021-11-23T07:00:00+01:00,2021-11-23,07:00:00,-1.73,48.05,35047,35170,35,Bruz (35),Rennes Metropole,France,2021-11-23T08:00:00+01:00,2021-11-23,08:00:00,-0.78,48.07,53130,53000,53,Laval (53),Communaute D'Agglomeration De Laval,France,1,C,79542,59,OUI
5219931,7ffa2dc1-7c46-4ede-8007-7d19380245b6,2021-11-23T07:00:00+01:00,2021-11-23,07:00:00,-1.67,48.08,35238,35000,35,Rennes (35),Rennes Metropole,France,2021-11-23T08:10:00+01:00,2021-11-23,08:10:00,-1.58,47.26,44114,44700,44,Orvault (44),Nantes Metropole,France,1,C,97476,68,OUI
5219897,7ffa2dc1-7c46-4ede-8007-7d19380245b6,2021-11-23T07:00:00+01:00,2021-11-23,07:00:00,-1.67,48.08,35238,35000,35,Rennes (35),Rennes Metropole,France,2021-11-23T08:10:00+01:00,2021-11-23,08:10:00,-1.58,47.26,44114,44700,44,Orvault (44),Nantes Metropole,France,1,C,97476,68,OUI
5183103,b164a59a-307b-441f-b751-dcfe24bd16ab,2021-11-23T07:20:00+01:00,2021-11-23,07:20:00,-1.22,47.97,35200,35130,35,Moutiers (35),Vitre Communaute,France,2021-11-23T07:50:00+01:00,2021-11-23,07:50:00,-1.18,48.11,35360,35500,35,Vitré (35),Vitre Communaute,France,1,C,20159,30,OUI
5219949,3bb373cc-8cbc-44e2-853b-795b2e289b97,2021-11-23T07:20:00+01:00,2021-11-23,07:20:00,-1.84,48.07,35196,35310,35,Mordelles (35),Rennes Metropole,France,2021-11-23T07:30:00+01:00,2021-11-23,07:30:00,-1.73,48.10,35353,35132,35,Vezin-le-Coquet (35),Rennes Metropole,France,1,C,10750,11,NON
5220440,a6c51235-c2a8-4526-8c20-51dc88de4241,2021-11-23T07:20:00+01:00,2021-11-23,07:20:00,-1.63,48.09,35238,35000,35,Rennes (35),Rennes Metropole,France,2021-11-23T07:50:00+01:00,2021-11-23,07:50:00,-1.20,48.11,35360,35500,35,Vitré (35),Vitre Communaute,France,1,B,35389,29,OUI
5183102,b164a59a-307b-441f-b751-dcfe24bd16ab,2021-11-23T07:30:00+01:00,2021-11-23,07:30:00,-1.19,47.97,35200,35130,35,Moutiers (35),Vitre Communaute,France,2021-11-23T07:50:00+01:00,2021-11-23,07:50:00,-1.17,48.10,35360,35500,35,Vitré (35),Vitre Communaute,France,1,C,18389,24,OUI
5220865,1f29a391-2855-462f-853a-d86668e2e80f,2021-11-23T07:30:00+01:00,2021-11-23,07:30:00,-1.70,48.12,35238,35000,35,Rennes (35),Rennes Metropole,France,2021-11-23T07:50:00+01:00,2021-11-23,07:50:00,-1.48,48.10,35039,35530,35,Brécé (35),Rennes Metropole,France,1,B,21773,20,OUI
5220940,8991e8cb-8017-4671-a654-be085f97dd91,2021-11-23T07:30:00+01:00,2021-11-23,07:30:00,-1.48,48.10,35039,35530,35,Brécé (35),Rennes Metropole,France,2021-11-23T07:50:00+01:00,2021-11-23,07:50:00,-1.69,48.15,35278,35760,35,Saint-Grégoire (35),Rennes Metropole,France,1,C,20720,18,OUI
5220971,fc7103bf-e90b-4711-a517-8804cf46cd22,2021-11-23T07:30:00+01:00,2021-11-23,07:30:00,-1.84,48.07,35196,35310,35,Mordelles (35),Rennes Metropole,France,2021-11-23T07:50:00+01:00,2021-11-23,07:50:00,-1.70,48.11,35238,35000,35,Rennes (35),Rennes Metropole,France,1,B,13792,15,OUI
5220976,ff893e3a-c47a-4148-8ad6-f8a970baa7a5,2021-11-23T07:30:00+01:00,2021-11-23,07:30:00,-1.67,48.09,35238,35000,35,Rennes (35),Rennes Metropole,France,2021-11-23T08:20:00+01:00,2021-11-23,08:20:00,-2.04,48.45,22050,22100,22,Dinan (22),Communaute D'Agglomeration Dinan Agglomeration,France,1,B,59948,50,OUI
5221008,ff893e3a-c47a-4148-8ad6-f8a970baa7a5,2021-11-23T07:30:00+01:00,2021-11-23,07:30:00,-1.70,48.09,35281,35136,35,Saint-Jacques-de-la-Lande (35),Rennes Metropole,France,2021-11-23T08:20:00+01:00,2021-11-23,08:20:00,-2.04,48.45,22050,22100,22,Dinan (22),Communaute D'Agglomeration Dinan Agglomeration,France,1,B,57087,46,OUI
5221095,d2d9fe84-f71f-4ebf-aad7-13b6f06d47fa,2021-11-23T07:30:00+01:00,2021-11-23,07:30:00,-1.65,48.12,35238,35000,35,Rennes (35),Rennes Metropole,France,2021-11-23T07:50:00+01:00,2021-11-23,07:50:00,-1.74,48.04,35047,35170,35,Bruz (35),Rennes Metropole,France,1,B,12445,18,OUI
5220787,0e4cefbe-a15d-40cc-a502-df72a9d7c29c,2021-11-23T07:30:00+01:00,2021-11-23,07:30:00,-1.63,48.12,35238,35000,35,Rennes (35),Rennes Metropole,France,2021-11-23T08:20:00+01:00,2021-11-23,08:20:00,-0.85,48.07,53201,53940,53,Saint-Berthevin (53),Communaute D'Agglomeration De Laval,France,1,B,63959,52,OUI
5220784,0e4cefbe-a15d-40cc-a502-df72a9d7c29c,2021-11-23T07:30:00+01:00,2021-11-23,07:30:00,-1.63,48.12,35238,35000,35,Rennes (35),Rennes Metropole,France,2021-11-23T08:20:00+01:00,2021-11-23,08:20:00,-0.85,48.07,53201,53940,53,Saint-Berthevin (53),Communaute D'Agglomeration De Laval,France,1,B,63959,52,OUI
5182923,8a73ae2c-c8aa-4dc7-bd77-19a00cfb3219,2021-11-23T07:40:00+01:00,2021-11-23,07:40:00,-1.62,48.13,35051,35510,35,Cesson-Sévigné (35),Rennes Metropole,France,2021-11-23T07:40:00+01:00,2021-11-23,07:40:00,-1.69,48.15,35278,35760,35,Saint-Grégoire (35),Rennes Metropole,France,1,B,7829,0,NON
5221275,a81baced-e5d5-400d-8f0c-1c740c359aba,2021-11-23T07:40:00+01:00,2021-11-23,07:40:00,-1.84,48.07,35196,35310,35,Mordelles (35),Rennes Metropole,France,2021-11-23T08:20:00+01:00,2021-11-23,08:20:00,-2.37,47.93,56165,56800,56,Ploërmel (56),,France,1,C,52248,37,OUI
5221513,6c52e7dc-ac11-4a24-89fe-f2cb1739e87d,2021-11-23T07:40:00+01:00,2021-11-23,07:40:00,-1.57,48.16,35334,35235,35,Thorigné-Fouillard (35),Rennes Metropole,France,2021-11-23T08:00:00+01:00,2021-11-23,08:00:00,-1.70,48.12,35238,35000,35,Rennes (35),Rennes Metropole,France,1,B,14973,16,OUI
5184589,fd597abd-57c2-4206-89ed-6142f8c64c69,2021-11-23T07:40:00+01:00,2021-11-23,07:40:00,-1.61,48.11,35051,35510,35,Cesson-Sévigné (35),Rennes Metropole,France,2021-11-23T08:50:00+01:00,2021-11-23,08:50:00,-0.85,48.07,53201,53940,53,Saint-Berthevin (53),Communaute D'Agglomeration De Laval,France,1,C,61493,61,OUI
5221179,c0f6fc56-fb4c-43e9-b7ea-12d8872f6175,2021-11-23T07:50:00+01:00,2021-11-23,07:50:00,-1.69,48.15,35278,35760,35,Saint-Grégoire (35),Rennes Metropole,France,2021-11-23T08:40:00+01:00,2021-11-23,08:40:00,-1.98,48.63,35288,35400,35,Saint-Malo (35),Saint-Malo Agglomeration,France,1,B,61793,46,OUI
5221277,e55f0b85-5864-4acb-b710-a5d4fd9a4b0d,2021-11-23T07:50:00+01:00,2021-11-23,07:50:00,-1.65,48.13,35238,35000,35,Rennes (35),Rennes Metropole,France,2021-11-23T08:50:00+01:00,2021-11-23,08:50:00,-2.06,48.61,35093,35800,35,Dinard (35),,France,1,B,72714,55,OUI
5221317,805ac1ab-cf2a-4a36-9962-ed697d23506c,2021-11-23T07:50:00+01:00,2021-11-23,07:50:00,-1.69,48.09,35238,35000,35,Rennes (35),Rennes Metropole,France,2021-11-23T08:20:00+01:00,2021-11-23,08:20:00,-1.19,48.06,35109,35370,35,Étrelles (35),Vitre Communaute,France,1,C,42484,34,OUI
5221489,4a3b166e-a26c-4213-b37a-8598ffe95c38,2021-11-23T07:50:00+01:00,2021-11-23,07:50:00,-1.62,48.14,35051,35510,35,Cesson-Sévigné (35),Rennes Metropole,France,2021-11-23T08:20:00+01:00,2021-11-23,08:20:00,-1.18,48.34,35115,35300,35,Fougères (35),Fougeres Agglomeration,France,1,C,45705,33,OUI
5221601,1549b879-877a-48e9-be7e-2baf271bd80d,2021-11-23T07:50:00+01:00,2021-11-23,07:50:00,-1.69,48.10,35238,35000,35,Rennes (35),Rennes Metropole,France,2021-11-23T08:40:00+01:00,2021-11-23,08:40:00,-1.98,48.62,35288,35400,35,Saint-Malo (35),Saint-Malo Agglomeration,France,1,B,65705,50,OUI
5221683,e55f0b85-5864-4acb-b710-a5d4fd9a4b0d,2021-11-23T07:50:00+01:00,2021-11-23,07:50:00,-1.65,48.13,35238,35000,35,Rennes (35),Rennes Metropole,France,2021-11-23T08:30:00+01:00,2021-11-23,08:30:00,-1.97,48.60,35284,35430,35,Saint-Jouan-des-Guérets (35),Saint-Malo Agglomeration,France,1,C,63523,47,OUI
5221731,c0f6fc56-fb4c-43e9-b7ea-12d8872f6175,2021-11-23T07:50:00+01:00,2021-11-23,07:50:00,-1.67,48.11,35238,35000,35,Rennes (35),Rennes Metropole,France,2021-11-23T08:50:00+01:00,2021-11-23,08:50:00,-1.98,48.64,35288,35400,35,Saint-Malo (35),Saint-Malo Agglomeration,France,1,C,68613,56,OUI
5221795,827fea5a-f0ad-46d8-ab5b-16ddbb1a3048,2021-11-23T07:50:00+01:00,2021-11-23,07:50:00,-1.57,48.14,35334,35235,35,Thorigné-Fouillard (35),Rennes Metropole,France,2021-11-23T08:30:00+01:00,2021-11-23,08:30:00,-1.19,48.33,35115,35300,35,Fougères (35),Fougeres Agglomeration,France,1,B,43327,30,OUI
5184633,fd597abd-57c2-4206-89ed-6142f8c64c69,2021-11-23T07:50:00+01:00,2021-11-23,07:50:00,-1.60,48.10,35051,35510,35,Cesson-Sévigné (35),Rennes Metropole,France,2021-11-23T08:50:00+01:00,2021-11-23,08:50:00,-0.85,48.07,53201,53940,53,Saint-Berthevin (53),Communaute D'Agglomeration De Laval,France,1,C,59047,60,OUI
5221658,68e0110d-fbc9-4f4f-af10-4c61d8a1e1e1,2021-11-23T07:50:00+01:00,2021-11-23,07:50:00,-1.67,48.08,35238,35000,35,Rennes (35),Rennes Metropole,France,2021-11-23T08:40:00+01:00,2021-11-23,08:40:00,-0.78,48.06,53130,53000,53,Laval (53),Communaute D'Agglomeration De Laval,France,1,C,74407,55,OUI
5221665,68e0110d-fbc9-4f4f-af10-4c61d8a1e1e1,2021-11-23T07:50:00+01:00,2021-11-23,07:50:00,-1.67,48.08,35238,35000,35,Rennes (35),Rennes Metropole,France,2021-11-23T08:40:00+01:00,2021-11-23,08:40:00,-0.79,48.08,53130,53000,53,Laval (53),Communaute D'Agglomeration De Laval,France,1,C,72250,52,OUI
5220948,0e9f14e6-bd01-4f6f-9784-da01dd729436,2021-11-23T07:50:00+01:00,2021-11-23,07:50:00,-1.61,48.10,35051,35510,35,Cesson-Sévigné (35),Rennes Metropole,France,2021-11-23T08:40:00+01:00,2021-11-23,08:40:00,-0.83,48.06,53201,53940,53,Saint-Berthevin (53),Communaute D'Agglomeration De Laval,France,1,C,61187,47,OUI
5220969,0e9f14e6-bd01-4f6f-9784-da01dd729436,2021-11-23T07:50:00+01:00,2021-11-23,07:50:00,-1.61,48.10,35051,35510,35,Cesson-Sévigné (35),Rennes Metropole,France,2021-11-23T08:40:00+01:00,2021-11-23,08:40:00,-0.83,48.06,53201,53940,53,Saint-Berthevin (53),Communaute D'Agglomeration De Laval,France,1,C,61187,47,OUI
5220745,02a52258-9d8b-424d-ae72-ba14305beaeb,2021-11-23T08:00:00+01:00,2021-11-23,08:00:00,-1.69,48.13,35238,35000,35,Rennes (35),Rennes Metropole,France,2021-11-23T09:00:00+01:00,2021-11-23,09:00:00,-2.06,48.61,35093,35800,35,Dinard (35),,France,1,B,69868,52,OUI
5221094,ce93ed16-b9c4-4b57-a74e-c949dca4ac7e,2021-11-23T08:00:00+01:00,2021-11-23,08:00:00,-1.68,48.12,35238,35000,35,Rennes (35),Rennes Metropole,France,2021-11-23T08:50:00+01:00,2021-11-23,08:50:00,-1.99,48.62,35288,35400,35,Saint-Malo (35),Saint-Malo Agglomeration,France,1,B,63358,46,OUI
5221620,fe4b90cf-8f0a-49d5-822b-07173ebe4492,2021-11-23T08:00:00+01:00,2021-11-23,08:00:00,-1.65,48.09,35238,35000,35,Rennes (35),Rennes Metropole,France,2021-11-23T08:20:00+01:00,2021-11-23,08:20:00,-1.73,48.03,35047,35170,35,Bruz (35),Rennes Metropole,France,1,B,10947,13,OUI
5221746,ce93ed16-b9c4-4b57-a74e-c949dca4ac7e,2021-11-23T08:00:00+01:00,2021-11-23,08:00:00,-1.70,48.12,35238,35000,35,Rennes (35),Rennes Metropole,France,2021-11-23T08:50:00+01:00,2021-11-23,08:50:00,-1.99,48.62,35288,35400,35,Saint-Malo (35),Saint-Malo Agglomeration,France,1,B,64797,49,OUI
5184786,f9367e25-22db-4c74-97fb-ff47e2f6083e,2021-11-23T08:00:00+01:00,2021-11-23,08:00:00,-1.65,48.09,35238,35000,35,Rennes (35),Rennes Metropole,France,2021-11-23T09:00:00+01:00,2021-11-23,09:00:00,-0.84,48.07,53201,53940,53,Saint-Berthevin (53),Communaute D'Agglomeration De Laval,France,1,B,63637,67,OUI
5183282,eee214b4-7eb8-4d31-8dbd-49b915a11b0e,2021-11-23T08:10:00+01:00,2021-11-23,08:10:00,-1.76,48.14,35210,35740,35,Pacé (35),Rennes Metropole,France,2021-11-23T08:10:00+01:00,2021-11-23,08:10:00,-1.62,48.13,35051,35510,35,Cesson-Sévigné (35),Rennes Metropole,France,1,B,12655,0,NON
5184605,1d46bb7e-0188-4f16-9b2b-45292ebc9154,2021-11-23T08:10:00+01:00,2021-11-23,08:10:00,-1.65,48.09,35238,35000,35,Rennes (35),Rennes Metropole,France,2021-11-23T08:50:00+01:00,2021-11-23,08:50:00,-1.26,48.07,35338,35370,35,Torcé (35),Vitre Communaute,France,1,C,31980,35,OUI
5184656,84131fa3-aece-4885-89cb-cfefb36ec072,2021-11-23T08:10:00+01:00,2021-11-23,08:10:00,-1.61,48.12,35051,35510,35,Cesson-Sévigné (35),Rennes Metropole,France,2021-11-23T08:50:00+01:00,2021-11-23,08:50:00,-1.20,48.10,35360,35500,35,Vitré (35),Vitre Communaute,France,1,C,36876,41,OUI
5221187,61d764f8-ba23-4c91-9f5b-de75ca65c32e,2021-11-23T08:10:00+01:00,2021-11-23,08:10:00,-1.68,48.12,35238,35000,35,Rennes (35),Rennes Metropole,France,2021-11-23T08:30:00+01:00,2021-11-23,08:30:00,-1.80,48.28,35317,35630,35,Saint-Symphorien (35),,France,1,B,20734,17,OUI
5221189,e19996d4-e141-49a5-a797-d0657a70e095,2021-11-23T08:10:00+01:00,2021-11-23,08:10:00,-1.57,48.16,35334,35235,35,Thorigné-Fouillard (35),Rennes Metropole,France,2021-11-23T08:20:00+01:00,2021-11-23,08:20:00,-1.68,48.15,35278,35760,35,Saint-Grégoire (35),Rennes Metropole,France,1,B,9411,11,NON
5183351,48aa394d-17b9-43f8-ab64-214a3a504eb7,2021-11-23T08:20:00+01:00,2021-11-23,08:20:00,-1.79,48.09,35240,35650,35,Le Rheu (35),Rennes Metropole,France,2021-11-23T08:20:00+01:00,2021-11-23,08:20:00,-1.69,48.15,35278,35760,35,Saint-Grégoire (35),Rennes Metropole,France,1,B,12021,0,NON
5183358,a57ce8ed-052e-46a1-836c-0259de97505d,2021-11-23T08:20:00+01:00,2021-11-23,08:20:00,-1.62,48.13,35051,35510,35,Cesson-Sévigné (35),Rennes Metropole,France,2021-11-23T08:20:00+01:00,2021-11-23,08:20:00,-1.69,48.15,35278,35760,35,Saint-Grégoire (35),Rennes Metropole,France,1,B,7829,0,NON
5183366,48aa394d-17b9-43f8-ab64-214a3a504eb7,2021-11-23T08:20:00+01:00,2021-11-23,08:20:00,-1.79,48.09,35240,35650,35,Le Rheu (35),Rennes Metropole,France,2021-11-23T08:20:00+01:00,2021-11-23,08:20:00,-1.76,48.14,35210,35740,35,Pacé (35),Rennes Metropole,France,1,B,6829,0,NON
5184842,fff92cd2-eb09-4613-bb38-0dec8471c421,2021-11-23T08:20:00+01:00,2021-11-23,08:20:00,-1.61,48.11,35051,35510,35,Cesson-Sévigné (35),Rennes Metropole,France,2021-11-23T08:50:00+01:00,2021-11-23,08:50:00,-1.20,48.11,35360,35500,35,Vitré (35),Vitre Communaute,France,1,C,34107,38,OUI
5220688,765e8a24-16e2-41d7-be85-44bd46af3473,2021-11-23T08:20:00+01:00,2021-11-23,08:20:00,-1.69,48.08,35238,35000,35,Rennes (35),Rennes Metropole,France,2021-11-23T08:30:00+01:00,2021-11-23,08:30:00,-1.74,48.04,35047,35170,35,Bruz (35),Rennes Metropole,France,1,C,7449,9,OUI
5220780,932d6db0-e81e-4eb5-8b7c-2d1b84709dd5,2021-11-23T08:20:00+01:00,2021-11-23,08:20:00,-1.67,48.11,35238,35000,35,Rennes (35),Rennes Metropole,France,2021-11-23T09:00:00+01:00,2021-11-23,09:00:00,-1.20,48.35,35115,35300,35,Fougères (35),Fougeres Agglomeration,France,1,B,50521,43,OUI
5220841,3a948eb2-5f5f-4536-b1ac-7a82013c5285,2021-11-23T08:20:00+01:00,2021-11-23,08:20:00,-1.79,48.09,35240,35650,35,Le Rheu (35),Rennes Metropole,France,2021-11-23T08:30:00+01:00,2021-11-23,08:30:00,-1.69,48.15,35278,35760,35,Saint-Grégoire (35),Rennes Metropole,France,1,B,12159,13,NON
5221062,afa2ebc8-515f-40dc-aee1-d4fcff418ede,2021-11-23T08:20:00+01:00,2021-11-23,08:20:00,-1.78,48.22,35120,35850,35,Gévezé (35),Rennes Metropole,France,2021-11-23T08:40:00+01:00,2021-11-23,08:40:00,-1.69,48.15,35278,35760,35,Saint-Grégoire (35),Rennes Metropole,France,1,B,11925,12,OUI
5221573,418c6454-2d0b-4e75-91db-d74fe79489b6,2021-11-23T08:20:00+01:00,2021-11-23,08:20:00,-1.60,48.11,35051,35510,35,Cesson-Sévigné (35),Rennes Metropole,France,2021-11-23T09:00:00+01:00,2021-11-23,09:00:00,-1.19,48.34,35115,35300,35,Fougères (35),Fougeres Agglomeration,France,1,B,47860,37,OUI
5221967,dba4fbcb-b84b-4278-8566-c0bbc99494c5,2021-11-23T08:30:00+01:00,2021-11-23,08:30:00,-1.61,48.12,35051,35510,35,Cesson-Sévigné (35),Rennes Metropole,France,2021-11-23T08:40:00+01:00,2021-11-23,08:40:00,-1.69,48.15,35278,35760,35,Saint-Grégoire (35),Rennes Metropole,France,1,B,9097,10,NON
5184529,d29bcc06-8992-4d11-afb8-e31b811e44b7,2021-11-23T08:50:00+01:00,2021-11-23,08:50:00,-1.68,48.16,35278,35760,35,Saint-Grégoire (35),Rennes Metropole,France,2021-11-23T08:50:00+01:00,2021-11-23,08:50:00,-1.62,48.13,35051,35510,35,Cesson-Sévigné (35),Rennes Metropole,France,1,B,7547,0,NON
5185655,29501366-3c86-4760-87ea-f78675f02e44,2021-11-23T12:30:00+01:00,2021-11-23,12:30:00,-1.49,47.95,35136,35150,35,Janzé (35),,France,2021-11-23T13:00:00+01:00,2021-11-23,13:00:00,-1.22,47.93,35125,35130,35,La Guerche-de-Bretagne (35),Vitre Communaute,France,1,C,25006,31,OUI
