journey_id,trip_id,journey_start_datetime,journey_start_date,journey_start_time,journey_start_lon,journey_start_lat,journey_start_insee,journey_start_department,journey_start_town,journey_start_towngroup,journey_start_country,journey_end_datetime,journey_end_date,journey_end_time,journey_end_lon,journey_end_lat,journey_end_insee,journey_end_department,journey_end_town,journey_end_towngroup,journey_end_country,passenger_seats,operator_class,journey_distance,journey_duration,has_incentive
12258357,be198d74-2f10-49f4-ae25-ffea47032c7e,2023-02-01T05:10:00+01:00,2023-02-01,05:10:00,-1.651,48.086,35238,35,Rennes,Rennes Métropole,France,2023-02-01T05:50:00+01:00,2023-02-01,05:50:00,-1.194,48.069,35109,35,Étrelles,CA Vitré Communauté,France,1,C,38017,39,OUI
12258376,d7ef17f9-592b-4644-b3bc-4084f3fd3bd2,2023-02-01T05:20:00+01:00,2023-02-01,05:20:00,-1.705,48.110,35238,35,Rennes,Rennes Métropole,France,2023-02-01T05:50:00+01:00,2023-02-01,05:50:00,-1.199,48.069,35109,35,Étrelles,CA Vitré Communauté,France,1,C,44644,35,OUI
12265225,be198d74-2f10-49f4-ae25-ffea47032c7e,2023-02-01T05:20:00+01:00,2023-02-01,05:20:00,-1.651,48.086,35238,35,Rennes,Rennes Métropole,France,2023-02-01T06:00:00+01:00,2023-02-01,06:00:00,-1.194,48.069,35109,35,Étrelles,CA Vitré Communauté,France,1,C,38017,39,OUI
12258405,be198d74-2f10-49f4-ae25-ffea47032c7e,2023-02-01T05:20:00+01:00,2023-02-01,05:20:00,-1.651,48.086,35238,35,Rennes,Rennes Métropole,France,2023-02-01T06:00:00+01:00,2023-02-01,06:00:00,-1.194,48.069,35109,35,Étrelles,CA Vitré Communauté,France,1,C,38017,33,OUI
12386909,730d1d95-1524-401e-875d-67d8ae14dedd,2023-02-01T06:10:00+01:00,2023-02-01,06:10:00,-1.675,48.086,35238,35,Rennes,Rennes Métropole,France,2023-02-01T07:10:00+01:00,2023-02-01,07:10:00,-1.584,47.261,44114,44,Orvault,Nantes Métropole,France,1,C,97177,59,OUI
12386944,730d1d95-1524-401e-875d-67d8ae14dedd,2023-02-01T06:20:00+01:00,2023-02-01,06:20:00,-1.675,48.086,35238,35,Rennes,Rennes Métropole,France,2023-02-01T07:20:00+01:00,2023-02-01,07:20:00,-1.584,47.261,44114,44,Orvault,Nantes Métropole,France,1,C,97208,59,OUI
12387029,83d2a370-2e6e-46ff-a22f-6402cd70f2b5,2023-02-01T06:20:00+01:00,2023-02-01,06:20:00,-1.674,48.087,35238,35,Rennes,Rennes Métropole,France,2023-02-01T07:20:00+01:00,2023-02-01,07:20:00,-1.584,47.261,44114,44,Orvault,Nantes Métropole,France,1,C,97303,60,OUI
12259264,56383ebb-1797-4c24-9282-285ffa414f6a,2023-02-01T06:40:00+01:00,2023-02-01,06:40:00,-1.700,48.132,35238,35,Rennes,Rennes Métropole,France,2023-02-01T07:20:00+01:00,2023-02-01,07:20:00,-1.218,48.126,35360,35,Vitré,CA Vitré Communauté,France,1,C,46749,37,OUI
12387644,325923fa-b163-4592-aed0-cacdd424f973,2023-02-01T06:50:00+01:00,2023-02-01,06:50:00,-1.674,48.087,35238,35,Rennes,Rennes Métropole,France,2023-02-01T07:50:00+01:00,2023-02-01,07:50:00,-1.584,47.261,44114,44,Orvault,Nantes Métropole,France,1,B,97303,60,OUI
12259387,56383ebb-1797-4c24-9282-285ffa414f6a,2023-02-01T06:50:00+01:00,2023-02-01,06:50:00,-1.700,48.132,35238,35,Rennes,Rennes Métropole,France,2023-02-01T07:20:00+01:00,2023-02-01,07:20:00,-1.218,48.126,35360,35,Vitré,CA Vitré Communauté,France,1,C,46749,38,OUI
12387697,325923fa-b163-4592-aed0-cacdd424f973,2023-02-01T07:00:00+01:00,2023-02-01,07:00:00,-1.677,48.088,35238,35,Rennes,Rennes Métropole,France,2023-02-01T08:00:00+01:00,2023-02-01,08:00:00,-1.596,47.264,44114,44,Orvault,Nantes Métropole,France,1,C,99040,62,OUI
12387886,774ceb8d-2fb0-41c0-a815-5d6cab2faa6f,2023-02-01T07:00:00+01:00,2023-02-01,07:00:00,-1.695,48.043,35066,35,Chartres-de-Bretagne,Rennes Métropole,France,2023-02-01T08:00:00+01:00,2023-02-01,08:00:00,-1.584,47.261,44114,44,Orvault,Nantes Métropole,France,1,B,92732,57,OUI
12387900,78542248-71f9-4be2-a1f8-2f45310e677b,2023-02-01T07:00:00+01:00,2023-02-01,07:00:00,-1.703,48.091,35281,35,Saint-Jacques-de-la-Lande,Rennes Métropole,France,2023-02-01T08:00:00+01:00,2023-02-01,08:00:00,-1.853,48.678,35049,35,Cancale,CA du Pays de Saint Malo Agglomération,France,1,C,75317,52,OUI
12387983,32e34159-2802-40a2-bcc4-1db262144955,2023-02-01T07:00:00+01:00,2023-02-01,07:00:00,-1.628,48.134,35051,35,Cesson-Sévigné,Rennes Métropole,France,2023-02-01T07:30:00+01:00,2023-02-01,07:30:00,-1.199,48.343,35115,35,Fougères,CA Fougères Agglomération,France,1,B,44167,29,OUI
12388307,3e9f8cc6-f66d-496b-baf7-e4286d3131d5,2023-02-01T07:10:00+01:00,2023-02-01,07:10:00,-1.674,48.087,35238,35,Rennes,Rennes Métropole,France,2023-02-01T08:20:00+01:00,2023-02-01,08:20:00,-2.750,48.477,22360,22,Trégueux,CA Saint-Brieuc Armor Agglomération,France,1,B,99792,63,OUI
12388491,5ae50216-0dc6-496f-a53f-975328f7c224,2023-02-01T07:20:00+01:00,2023-02-01,07:20:00,-1.580,48.156,35334,35,Thorigné-Fouillard,Rennes Métropole,France,2023-02-01T07:50:00+01:00,2023-02-01,07:50:00,-1.192,48.345,35115,35,Fougères,CA Fougères Agglomération,France,1,B,40795,27,OUI
12287705,55715d59-7494-4c41-a989-4914dc156dfd,2023-02-01T07:20:00+01:00,2023-02-01,07:20:00,-1.587,47.977,35088,35,Corps-Nuds,Rennes Métropole,France,2023-02-01T07:40:00+01:00,2023-02-01,07:40:00,-1.642,48.087,35238,35,Rennes,Rennes Métropole,France,1,A,13850,15,NON
12260322,0c31385b-329d-4fdc-9831-215061064f40,2023-02-01T07:20:00+01:00,2023-02-01,07:20:00,-1.546,48.042,35204,35,Nouvoitou,Rennes Métropole,France,2023-02-01T07:50:00+01:00,2023-02-01,07:50:00,-1.188,48.115,35360,35,Vitré,CA Vitré Communauté,France,1,C,34051,35,OUI
12261183,d46b282f-961a-4098-91e2-9dc6bdbb1492,2023-02-01T07:20:00+01:00,2023-02-01,07:20:00,-1.700,48.033,35066,35,Chartres-de-Bretagne,Rennes Métropole,France,2023-02-01T08:10:00+01:00,2023-02-01,08:10:00,-1.194,48.069,35109,35,Étrelles,CA Vitré Communauté,France,1,C,45124,48,OUI
12260651,c87137e7-f590-482f-bd8b-59b6ddaaa2d2,2023-02-01T07:20:00+01:00,2023-02-01,07:20:00,-1.700,48.101,35238,35,Rennes,Rennes Métropole,France,2023-02-01T08:00:00+01:00,2023-02-01,08:00:00,-1.185,48.113,35360,35,Vitré,CA Vitré Communauté,France,1,C,47284,39,OUI
12262431,25cb6ea0-2792-401a-8e75-1ef65a749737,2023-02-01T07:30:00+01:00,2023-02-01,07:30:00,-1.667,48.135,35238,35,Rennes,Rennes Métropole,France,2023-02-01T08:30:00+01:00,2023-02-01,08:30:00,-0.851,48.073,53201,53,Saint-Berthevin,CA Laval Agglomération,France,1,C,68377,61,OUI
12261142,628d029f-ef18-40b4-a0ab-18ea2595a045,2023-02-01T07:30:00+01:00,2023-02-01,07:30:00,-1.619,48.114,35051,35,Cesson-Sévigné,Rennes Métropole,France,2023-02-01T08:10:00+01:00,2023-02-01,08:10:00,-1.195,48.069,35109,35,Étrelles,CA Vitré Communauté,France,1,C,33234,35,OUI
12261246,8b6a6fa9-eb59-4dab-855f-584b5e305f6b,2023-02-01T07:30:00+01:00,2023-02-01,07:30:00,-1.706,48.093,35281,35,Saint-Jacques-de-la-Lande,Rennes Métropole,France,2023-02-01T08:10:00+01:00,2023-02-01,08:10:00,-1.194,48.069,35109,35,Étrelles,CA Vitré Communauté,France,1,C,42015,36,OUI
12267481,2bc59a4a-9566-4afd-9edb-ca079885cba2,2023-02-01T07:30:00+01:00,2023-02-01,07:30:00,-1.794,48.099,35240,35,Le Rheu,Rennes Métropole,France,2023-02-01T07:50:00+01:00,2023-02-01,07:50:00,-1.697,48.154,35278,35,Saint-Grégoire,Rennes Métropole,France,1,B,12021,18,NON
12389378,64ff1bf2-c75e-4f7d-80d8-f1baf6f8fa8c,2023-02-01T07:30:00+01:00,2023-02-01,07:30:00,-1.659,48.135,35238,35,Rennes,Rennes Métropole,France,2023-02-01T08:10:00+01:00,2023-02-01,08:10:00,-1.175,48.335,35324,35,La Selle-en-Luitré,CA Fougères Agglomération,France,1,C,49183,33,OUI
12389381,3e5babba-1204-42d7-94c0-3fae5aa281f3,2023-02-01T07:30:00+01:00,2023-02-01,07:30:00,-1.714,48.104,35238,35,Rennes,Rennes Métropole,France,2023-02-01T08:20:00+01:00,2023-02-01,08:20:00,-2.051,48.453,22050,22,Dinan,CA Dinan Agglomération,France,1,B,56075,43,OUI
12389131,8517f5bc-8559-4d99-a78c-d13cbfc68bb1,2023-02-01T07:30:00+01:00,2023-02-01,07:30:00,-1.697,48.109,35238,35,Rennes,Rennes Métropole,France,2023-02-01T08:10:00+01:00,2023-02-01,08:10:00,-2.389,47.924,56165,56,Ploërmel,CC Ploërmel Communauté,France,1,B,63559,41,OUI
12389010,983b4089-5f58-4e9a-909d-2be7668603bc,2023-02-01T07:30:00+01:00,2023-02-01,07:30:00,-1.688,48.137,35278,35,Saint-Grégoire,Rennes Métropole,France,2023-02-01T08:00:00+01:00,2023-02-01,08:00:00,-1.178,48.342,35115,35,Fougères,CA Fougères Agglomération,France,1,C,50973,34,OUI
12269639,b7bf809e-5fdc-489a-a726-79b970a54f35,2023-02-01T07:30:00+01:00,2023-02-01,07:30:00,-1.624,48.090,35055,35,Chantepie,Rennes Métropole,France,2023-02-01T08:00:00+01:00,2023-02-01,08:00:00,-1.192,48.069,35109,35,Étrelles,CA Vitré Communauté,France,1,C,34571,34,OUI
12266907,b7bf809e-5fdc-489a-a726-79b970a54f35,2023-02-01T07:30:00+01:00,2023-02-01,07:30:00,-1.624,48.090,35055,35,Chantepie,Rennes Métropole,France,2023-02-01T08:00:00+01:00,2023-02-01,08:00:00,-1.192,48.069,35109,35,Étrelles,CA Vitré Communauté,France,1,C,34571,34,OUI
12260284,b7bf809e-5fdc-489a-a726-79b970a54f35,2023-02-01T07:30:00+01:00,2023-02-01,07:30:00,-1.624,48.090,35055,35,Chantepie,Rennes Métropole,France,2023-02-01T07:50:00+01:00,2023-02-01,07:50:00,-1.192,48.069,35109,35,Étrelles,CA Vitré Communauté,France,1,C,34571,27,OUI
12261158,91f45a47-5e2d-452b-952b-18dfbf0f3d1c,2023-02-01T07:30:00+01:00,2023-02-01,07:30:00,-1.589,48.111,35051,35,Cesson-Sévigné,Rennes Métropole,France,2023-02-01T08:10:00+01:00,2023-02-01,08:10:00,-1.183,48.112,35360,35,Vitré,CA Vitré Communauté,France,1,C,33857,38,OUI
12261132,91f45a47-5e2d-452b-952b-18dfbf0f3d1c,2023-02-01T07:30:00+01:00,2023-02-01,07:30:00,-1.589,48.111,35051,35,Cesson-Sévigné,Rennes Métropole,France,2023-02-01T08:10:00+01:00,2023-02-01,08:10:00,-1.183,48.112,35360,35,Vitré,CA Vitré Communauté,France,1,C,33857,34,OUI
12261170,91f45a47-5e2d-452b-952b-18dfbf0f3d1c,2023-02-01T07:30:00+01:00,2023-02-01,07:30:00,-1.589,48.111,35051,35,Cesson-Sévigné,Rennes Métropole,France,2023-02-01T08:10:00+01:00,2023-02-01,08:10:00,-1.183,48.112,35360,35,Vitré,CA Vitré Communauté,France,1,C,33857,34,OUI
12261794,26a671c0-b089-4547-972a-dc5bfd86cf4d,2023-02-01T07:30:00+01:00,2023-02-01,07:30:00,-1.679,48.104,35238,35,Rennes,Rennes Métropole,France,2023-02-01T08:20:00+01:00,2023-02-01,08:20:00,-0.937,48.055,53137,53,Loiron-Ruillé,CA Laval Agglomération,France,1,C,61406,48,OUI
12260597,947bce7a-cd0e-4645-8bf6-ad417e7d1d07,2023-02-01T07:40:00+01:00,2023-02-01,07:40:00,-1.633,48.093,35238,35,Rennes,Rennes Métropole,France,2023-02-01T08:00:00+01:00,2023-02-01,08:00:00,-1.259,48.076,35109,35,Étrelles,CA Vitré Communauté,France,1,C,30061,22,OUI
12389655,9fbe03e5-143d-49a8-a6c8-9d8bbaba483a,2023-02-01T07:40:00+01:00,2023-02-01,07:40:00,-1.620,48.088,35055,35,Chantepie,Rennes Métropole,France,2023-02-01T07:50:00+01:00,2023-02-01,07:50:00,-1.739,48.052,35047,35,Bruz,Rennes Métropole,France,1,B,13151,11,NON
12389703,41057d1f-5a5f-45d1-b8ec-6c1f15ed8557,2023-02-01T07:40:00+01:00,2023-02-01,07:40:00,-1.627,48.139,35051,35,Cesson-Sévigné,Rennes Métropole,France,2023-02-01T08:10:00+01:00,2023-02-01,08:10:00,-1.194,48.359,35115,35,Fougères,CA Fougères Agglomération,France,1,C,43140,30,OUI
12389758,41057d1f-5a5f-45d1-b8ec-6c1f15ed8557,2023-02-01T07:40:00+01:00,2023-02-01,07:40:00,-1.663,48.136,35238,35,Rennes,Rennes Métropole,France,2023-02-01T08:20:00+01:00,2023-02-01,08:20:00,-1.198,48.354,35115,35,Fougères,CA Fougères Agglomération,France,1,C,47147,33,OUI
12389772,ba896482-fb15-4a6c-a60f-0cd5e6ffdf1b,2023-02-01T07:40:00+01:00,2023-02-01,07:40:00,-1.745,48.019,35047,35,Bruz,Rennes Métropole,France,2023-02-01T08:00:00+01:00,2023-02-01,08:00:00,-1.726,48.108,35238,35,Rennes,Rennes Métropole,France,1,C,13235,12,NON
12389797,474579b0-feb7-46ae-bed4-d80780848758,2023-02-01T07:40:00+01:00,2023-02-01,07:40:00,-1.660,48.110,35238,35,Rennes,Rennes Métropole,France,2023-02-01T08:00:00+01:00,2023-02-01,08:00:00,-1.744,48.045,35047,35,Bruz,Rennes Métropole,France,1,C,11567,14,OUI
12261155,628d029f-ef18-40b4-a0ab-18ea2595a045,2023-02-01T07:40:00+01:00,2023-02-01,07:40:00,-1.619,48.114,35051,35,Cesson-Sévigné,Rennes Métropole,France,2023-02-01T08:10:00+01:00,2023-02-01,08:10:00,-1.195,48.069,35109,35,Étrelles,CA Vitré Communauté,France,1,C,33234,29,OUI
12261362,d497102e-b568-4c0d-91c2-73624df45ca8,2023-02-01T07:40:00+01:00,2023-02-01,07:40:00,-1.480,48.121,35039,35,Brécé,Rennes Métropole,France,2023-02-01T08:10:00+01:00,2023-02-01,08:10:00,-1.194,48.069,35109,35,Étrelles,CA Vitré Communauté,France,1,C,25741,29,OUI
12389886,a3919a87-105f-4b48-bda8-8d48424546b0,2023-02-01T07:50:00+01:00,2023-02-01,07:50:00,-1.674,48.088,35238,35,Rennes,Rennes Métropole,France,2023-02-01T08:40:00+01:00,2023-02-01,08:40:00,-0.752,48.062,53130,53,Laval,CA Laval Agglomération,France,1,C,77214,52,OUI
12390214,0d31ef95-2174-4b12-8c20-b6ec693894b5,2023-02-01T07:50:00+01:00,2023-02-01,07:50:00,-1.703,48.123,35238,35,Rennes,Rennes Métropole,France,2023-02-01T09:00:00+01:00,2023-02-01,09:00:00,-1.570,47.250,44109,44,Nantes,Nantes Métropole,France,1,C,106361,68,OUI
12390197,0d31ef95-2174-4b12-8c20-b6ec693894b5,2023-02-01T07:50:00+01:00,2023-02-01,07:50:00,-1.712,48.101,35238,35,Rennes,Rennes Métropole,France,2023-02-01T09:00:00+01:00,2023-02-01,09:00:00,-1.584,47.261,44114,44,Orvault,Nantes Métropole,France,1,B,101038,63,OUI
12262509,ffb90055-5085-42af-9e95-febaffb37575,2023-02-01T07:50:00+01:00,2023-02-01,07:50:00,-1.490,47.965,35136,35,Janzé,CC Roche aux Fées Communauté,France,2023-02-01T08:30:00+01:00,2023-02-01,08:30:00,-1.697,48.151,35278,35,Saint-Grégoire,Rennes Métropole,France,1,C,34972,40,OUI
12264583,ffb90055-5085-42af-9e95-febaffb37575,2023-02-01T07:50:00+01:00,2023-02-01,07:50:00,-1.490,47.965,35136,35,Janzé,CC Roche aux Fées Communauté,France,2023-02-01T08:30:00+01:00,2023-02-01,08:30:00,-1.697,48.151,35278,35,Saint-Grégoire,Rennes Métropole,France,1,B,34972,40,OUI
12313183,f791369a-7514-449b-ae3a-85e7be41c1e0,2023-02-01T07:50:00+01:00,2023-02-01,07:50:00,-1.830,48.150,35275,35,Saint-Gilles,Rennes Métropole,France,2023-02-01T08:20:00+01:00,2023-02-01,08:20:00,-1.622,48.127,35051,35,Cesson-Sévigné,Rennes Métropole,France,1,C,18825,24,NON
12389890,5e25c303-3776-4837-bb54-315723fea280,2023-02-01T07:50:00+01:00,2023-02-01,07:50:00,-1.712,48.082,35281,35,Saint-Jacques-de-la-Lande,Rennes Métropole,France,2023-02-01T08:00:00+01:00,2023-02-01,08:00:00,-1.686,48.152,35278,35,Saint-Grégoire,Rennes Métropole,France,1,C,10436,11,NON
12389982,b567e411-814b-4591-8785-0d097c7f934e,2023-02-01T07:50:00+01:00,2023-02-01,07:50:00,-1.622,48.136,35051,35,Cesson-Sévigné,Rennes Métropole,France,2023-02-01T08:20:00+01:00,2023-02-01,08:20:00,-1.202,48.331,35137,35,Javené,CA Fougères Agglomération,France,1,C,45517,30,OUI
12390035,8ef0e7d6-a7b5-4aa4-9b26-8e56ba65087b,2023-02-01T07:50:00+01:00,2023-02-01,07:50:00,-1.659,48.138,35238,35,Rennes,Rennes Métropole,France,2023-02-01T08:40:00+01:00,2023-02-01,08:40:00,-2.070,48.615,35093,35,Dinard,CC Côte d'Émeraude,France,1,C,72428,49,OUI
12390155,d2fd4dcd-adf8-449c-93e4-9d0bbb025a48,2023-02-01T07:50:00+01:00,2023-02-01,07:50:00,-1.848,48.071,35196,35,Mordelles,Rennes Métropole,France,2023-02-01T08:10:00+01:00,2023-02-01,08:10:00,-1.777,48.144,35210,35,Pacé,Rennes Métropole,France,1,C,11984,12,NON
12390161,2f92f2f3-375e-4fdf-a908-602711d0d287,2023-02-01T07:50:00+01:00,2023-02-01,07:50:00,-1.579,48.140,35334,35,Thorigné-Fouillard,Rennes Métropole,France,2023-02-01T08:20:00+01:00,2023-02-01,08:20:00,-1.175,48.334,35137,35,Javené,CA Fougères Agglomération,France,1,C,44328,28,OUI
12390222,17a1e90f-b714-4030-8148-e149833edbf9,2023-02-01T07:50:00+01:00,2023-02-01,07:50:00,-1.707,48.100,35238,35,Rennes,Rennes Métropole,France,2023-02-01T08:10:00+01:00,2023-02-01,08:10:00,-1.506,48.103,35207,35,Noyal-sur-Vilaine,CC Pays de Châteaugiron Communauté,France,1,C,18859,15,OUI
12390252,45a8d37e-6ad8-4c91-bd49-0e92366a432e,2023-02-01T07:50:00+01:00,2023-02-01,07:50:00,-1.697,48.136,35238,35,Rennes,Rennes Métropole,France,2023-02-01T08:40:00+01:00,2023-02-01,08:40:00,-1.987,48.627,35288,35,Saint-Malo,CA du Pays de Saint Malo Agglomération,France,1,C,62906,41,OUI
12390464,ba29ea27-fe6f-45b1-b0b2-59ad48c95bff,2023-02-01T08:00:00+01:00,2023-02-01,08:00:00,-1.658,48.091,35238,35,Rennes,Rennes Métropole,France,2023-02-01T08:10:00+01:00,2023-02-01,08:10:00,-1.693,48.040,35066,35,Chartres-de-Bretagne,Rennes Métropole,France,1,C,8346,8,NON
12390677,3b8b72b6-aac6-42be-89ac-30be81ace6a1,2023-02-01T08:00:00+01:00,2023-02-01,08:00:00,-1.690,48.109,35238,35,Rennes,Rennes Métropole,France,2023-02-01T08:20:00+01:00,2023-02-01,08:20:00,-1.746,48.044,35047,35,Bruz,Rennes Métropole,France,1,C,10610,11,NON
12390679,cfe9a47a-3014-4f1a-a96d-57058b81901a,2023-02-01T08:00:00+01:00,2023-02-01,08:00:00,-1.761,48.027,35047,35,Bruz,Rennes Métropole,France,2023-02-01T08:30:00+01:00,2023-02-01,08:30:00,-1.862,47.718,35145,35,Langon,CA Redon Agglomération,France,1,C,41868,29,OUI
12390717,b566f7de-c1b8-4a1e-9c71-668fefec26fd,2023-02-01T08:00:00+01:00,2023-02-01,08:00:00,-1.674,48.087,35238,35,Rennes,Rennes Métropole,France,2023-02-01T08:40:00+01:00,2023-02-01,08:40:00,-1.198,48.353,35115,35,Fougères,CA Fougères Agglomération,France,1,C,56604,38,OUI
12278136,90fb1656-705a-41c2-a57d-c63f8e1bc56d,2023-02-01T08:00:00+01:00,2023-02-01,08:00:00,-1.489,47.947,35136,35,Janzé,CC Roche aux Fées Communauté,France,2023-02-01T08:30:00+01:00,2023-02-01,08:30:00,-1.668,48.104,35238,35,Rennes,Rennes Métropole,France,1,A,25762,21,NON
12261163,dd77dc5d-3316-4cea-a5b4-c1b0da9793ab,2023-02-01T08:00:00+01:00,2023-02-01,08:00:00,-1.647,48.122,35238,35,Rennes,Rennes Métropole,France,2023-02-01T08:10:00+01:00,2023-02-01,08:10:00,-1.613,48.127,35051,35,Cesson-Sévigné,Rennes Métropole,France,1,C,2937,8,OUI
12261715,dc54bd5e-5b12-42a9-8fa8-6525a3cf0354,2023-02-01T08:00:00+01:00,2023-02-01,08:00:00,-1.799,48.095,35240,35,Le Rheu,Rennes Métropole,France,2023-02-01T08:10:00+01:00,2023-02-01,08:10:00,-1.762,48.146,35210,35,Pacé,Rennes Métropole,France,1,C,8109,11,OUI
12262027,7fc4e3d2-31cc-4f1c-a8ee-fb2647283dd5,2023-02-01T08:00:00+01:00,2023-02-01,08:00:00,-1.643,48.117,35238,35,Rennes,Rennes Métropole,France,2023-02-01T08:20:00+01:00,2023-02-01,08:20:00,-1.194,48.069,35109,35,Étrelles,CA Vitré Communauté,France,1,C,36414,28,OUI
12267933,93a904f6-3038-4353-a0f9-56a906729041,2023-02-01T08:00:00+01:00,2023-02-01,08:00:00,-1.794,48.099,35240,35,Le Rheu,Rennes Métropole,France,2023-02-01T08:20:00+01:00,2023-02-01,08:20:00,-1.697,48.154,35278,35,Saint-Grégoire,Rennes Métropole,France,1,B,12021,18,NON
12296104,6267cb9b-1aa2-4798-a1d4-ed9077d4faee,2023-02-01T08:00:00+01:00,2023-02-01,08:00:00,-1.643,48.129,35238,35,Rennes,Rennes Métropole,France,2023-02-01T08:10:00+01:00,2023-02-01,08:10:00,-1.684,48.131,35238,35,Rennes,Rennes Métropole,France,1,C,3593,5,NON
12310571,f7c84219-28b8-4abf-8f34-9fa29bc6f9c2,2023-02-01T08:00:00+01:00,2023-02-01,08:00:00,-1.710,48.085,35281,35,Saint-Jacques-de-la-Lande,Rennes Métropole,France,2023-02-01T08:20:00+01:00,2023-02-01,08:20:00,-1.637,48.095,35238,35,Rennes,Rennes Métropole,France,1,C,8670,13,OUI
12390362,45a8d37e-6ad8-4c91-bd49-0e92366a432e,2023-02-01T08:00:00+01:00,2023-02-01,08:00:00,-1.690,48.105,35238,35,Rennes,Rennes Métropole,France,2023-02-01T08:50:00+01:00,2023-02-01,08:50:00,-1.986,48.628,35288,35,Saint-Malo,CA du Pays de Saint Malo Agglomération,France,1,C,66811,45,OUI
12390415,401c59b1-7182-497f-bdd6-903634177cdd,2023-02-01T08:00:00+01:00,2023-02-01,08:00:00,-1.616,48.112,35051,35,Cesson-Sévigné,Rennes Métropole,France,2023-02-01T08:10:00+01:00,2023-02-01,08:10:00,-1.684,48.107,35238,35,Rennes,Rennes Métropole,France,1,C,6692,10,NON
12262029,7fc4e3d2-31cc-4f1c-a8ee-fb2647283dd5,2023-02-01T08:00:00+01:00,2023-02-01,08:00:00,-1.643,48.117,35238,35,Rennes,Rennes Métropole,France,2023-02-01T08:20:00+01:00,2023-02-01,08:20:00,-1.194,48.069,35109,35,Étrelles,CA Vitré Communauté,France,1,C,36414,29,OUI
12390953,d543e960-00ea-4997-8399-848a73b18913,2023-02-01T08:10:00+01:00,2023-02-01,08:10:00,-1.674,48.087,35238,35,Rennes,Rennes Métropole,France,2023-02-01T08:50:00+01:00,2023-02-01,08:50:00,-1.196,48.345,35115,35,Fougères,CA Fougères Agglomération,France,1,C,56462,38,OUI
12390917,bb3abc1c-d1ef-41e2-850b-05c85a2501d4,2023-02-01T08:10:00+01:00,2023-02-01,08:10:00,-1.539,48.131,35001,35,Acigné,Rennes Métropole,France,2023-02-01T08:30:00+01:00,2023-02-01,08:30:00,-1.696,48.154,35278,35,Saint-Grégoire,Rennes Métropole,France,1,C,14702,12,OUI
12390944,cb96bb05-944d-4016-8cdc-8a7335a882d2,2023-02-01T08:10:00+01:00,2023-02-01,08:10:00,-1.838,48.073,35196,35,Mordelles,Rennes Métropole,France,2023-02-01T08:20:00+01:00,2023-02-01,08:20:00,-1.741,48.045,35047,35,Bruz,Rennes Métropole,France,1,B,9777,9,NON
12390836,ba29ea27-fe6f-45b1-b0b2-59ad48c95bff,2023-02-01T08:10:00+01:00,2023-02-01,08:10:00,-1.658,48.091,35238,35,Rennes,Rennes Métropole,France,2023-02-01T08:20:00+01:00,2023-02-01,08:20:00,-1.693,48.040,35066,35,Chartres-de-Bretagne,Rennes Métropole,France,1,B,8346,8,NON
12312294,235404e6-daf0-4475-b192-499e50ca13b5,2023-02-01T08:10:00+01:00,2023-02-01,08:10:00,-1.751,48.028,35047,35,Bruz,Rennes Métropole,France,2023-02-01T08:40:00+01:00,2023-02-01,08:40:00,-1.668,48.106,35238,35,Rennes,Rennes Métropole,France,1,C,12855,24,OUI
12263105,6a138921-07b6-4777-8588-1285d36e136f,2023-02-01T08:10:00+01:00,2023-02-01,08:10:00,-1.665,48.107,35238,35,Rennes,Rennes Métropole,France,2023-02-01T08:50:00+01:00,2023-02-01,08:50:00,-1.193,48.069,35109,35,Étrelles,CA Vitré Communauté,France,1,C,38365,36,OUI
12262830,0b36547d-5e72-4fdc-ab1e-776898106bb5,2023-02-01T08:10:00+01:00,2023-02-01,08:10:00,-1.644,48.112,35238,35,Rennes,Rennes Métropole,France,2023-02-01T08:40:00+01:00,2023-02-01,08:40:00,-1.267,48.075,35338,35,Torcé,CA Vitré Communauté,France,1,C,30532,30,OUI
12262658,706c62a2-0c8a-41ed-bcc5-502c925f2b76,2023-02-01T08:10:00+01:00,2023-02-01,08:10:00,-1.604,48.045,35352,35,Vern-sur-Seiche,Rennes Métropole,France,2023-02-01T08:40:00+01:00,2023-02-01,08:40:00,-1.267,48.075,35338,35,Torcé,CA Vitré Communauté,France,1,C,35679,27,OUI
12391447,7b13fcc8-6fd2-47fc-98c3-00d469ace7b6,2023-02-01T08:20:00+01:00,2023-02-01,08:20:00,-1.599,48.121,35051,35,Cesson-Sévigné,Rennes Métropole,France,2023-02-01T08:50:00+01:00,2023-02-01,08:50:00,-1.189,48.347,35115,35,Fougères,CA Fougères Agglomération,France,1,B,47068,32,OUI
12391022,e9c89ce4-c3f1-4912-be67-115767d53a3c,2023-02-01T08:20:00+01:00,2023-02-01,08:20:00,-1.720,48.151,35189,35,Montgermont,Rennes Métropole,France,2023-02-01T08:30:00+01:00,2023-02-01,08:30:00,-1.640,48.181,35024,35,Betton,Rennes Métropole,France,1,B,8367,9,NON
12391030,3f46e9b8-860f-4c69-88bc-947abcdc7087,2023-02-01T08:20:00+01:00,2023-02-01,08:20:00,-1.751,48.028,35047,35,Bruz,Rennes Métropole,France,2023-02-01T08:30:00+01:00,2023-02-01,08:30:00,-1.693,48.040,35066,35,Chartres-de-Bretagne,Rennes Métropole,France,1,B,6563,7,NON
12391094,68455091-881f-43c1-8449-5e1a2a45a19c,2023-02-01T08:20:00+01:00,2023-02-01,08:20:00,-1.681,48.109,35238,35,Rennes,Rennes Métropole,France,2023-02-01T09:00:00+01:00,2023-02-01,09:00:00,-1.203,48.351,35115,35,Fougères,CA Fougères Agglomération,France,1,C,51370,38,OUI
12391133,faac495f-b47f-4529-a45c-12574bf09c85,2023-02-01T08:20:00+01:00,2023-02-01,08:20:00,-1.700,48.132,35238,35,Rennes,Rennes Métropole,France,2023-02-01T09:10:00+01:00,2023-02-01,09:10:00,-1.986,48.626,35288,35,Saint-Malo,CA du Pays de Saint Malo Agglomération,France,1,B,63417,41,OUI
12391155,f4788def-0c09-469a-b20f-0433450fa87f,2023-02-01T08:20:00+01:00,2023-02-01,08:20:00,-1.824,48.115,35131,35,L'Hermitage,Rennes Métropole,France,2023-02-01T08:30:00+01:00,2023-02-01,08:30:00,-1.770,48.142,35210,35,Pacé,Rennes Métropole,France,1,C,7559,8,NON
12262841,35378183-cf63-421f-ab5a-29fa6a9e9b90,2023-02-01T08:20:00+01:00,2023-02-01,08:20:00,-1.486,48.104,35039,35,Brécé,Rennes Métropole,France,2023-02-01T08:40:00+01:00,2023-02-01,08:40:00,-1.704,48.120,35238,35,Rennes,Rennes Métropole,France,1,C,22014,24,OUI
12268171,e2a85ac7-5bca-4d47-a1d4-ce80fb4a4d60,2023-02-01T08:20:00+01:00,2023-02-01,08:20:00,-1.768,48.147,35210,35,Pacé,Rennes Métropole,France,2023-02-01T08:40:00+01:00,2023-02-01,08:40:00,-1.622,48.135,35051,35,Cesson-Sévigné,Rennes Métropole,France,1,B,12655,21,NON
12268172,3811f952-e61b-42bf-adf7-3812895f97e4,2023-02-01T08:20:00+01:00,2023-02-01,08:20:00,-1.794,48.099,35240,35,Le Rheu,Rennes Métropole,France,2023-02-01T08:30:00+01:00,2023-02-01,08:30:00,-1.697,48.154,35278,35,Saint-Grégoire,Rennes Métropole,France,1,B,12021,18,NON
12268206,2f8c594c-7fae-4b9a-973e-19df680165aa,2023-02-01T08:20:00+01:00,2023-02-01,08:20:00,-1.794,48.099,35240,35,Le Rheu,Rennes Métropole,France,2023-02-01T08:40:00+01:00,2023-02-01,08:40:00,-1.697,48.154,35278,35,Saint-Grégoire,Rennes Métropole,France,1,B,12021,18,NON
12263207,ec9c0429-06fd-4ed9-a9cf-fe5c77301f44,2023-02-01T08:20:00+01:00,2023-02-01,08:20:00,-1.641,48.097,35238,35,Rennes,Rennes Métropole,France,2023-02-01T08:50:00+01:00,2023-02-01,08:50:00,-1.266,48.076,35338,35,Torcé,CA Vitré Communauté,France,1,C,30509,29,OUI
12391561,c52dd867-48a3-4bd6-afcd-98b3e2e10394,2023-02-01T08:30:00+01:00,2023-02-01,08:30:00,-1.692,48.132,35238,35,Rennes,Rennes Métropole,France,2023-02-01T09:00:00+01:00,2023-02-01,09:00:00,-1.226,48.352,35150,35,Lécousse,CA Fougères Agglomération,France,1,C,45992,29,OUI
12391594,faac495f-b47f-4529-a45c-12574bf09c85,2023-02-01T08:30:00+01:00,2023-02-01,08:30:00,-1.680,48.117,35238,35,Rennes,Rennes Métropole,France,2023-02-01T09:20:00+01:00,2023-02-01,09:20:00,-1.986,48.628,35288,35,Saint-Malo,CA du Pays de Saint Malo Agglomération,France,1,C,65377,43,OUI
12391658,e2fc3dc8-43c5-4485-9f0c-e7c9e2753649,2023-02-01T08:30:00+01:00,2023-02-01,08:30:00,-1.694,48.087,35281,35,Saint-Jacques-de-la-Lande,Rennes Métropole,France,2023-02-01T08:40:00+01:00,2023-02-01,08:40:00,-1.611,48.049,35352,35,Vern-sur-Seiche,Rennes Métropole,France,1,B,10063,9,NON
12278134,53c6e406-1a66-487f-9c39-c37e8c6e9866,2023-02-01T08:30:00+01:00,2023-02-01,08:30:00,-1.701,48.009,35363,35,Pont-Péan,Rennes Métropole,France,2023-02-01T08:50:00+01:00,2023-02-01,08:50:00,-1.639,48.131,35238,35,Rennes,Rennes Métropole,France,1,A,20317,18,NON
12264549,30455bf0-7cc7-487d-bcfe-2942d8c6a6f9,2023-02-01T08:30:00+01:00,2023-02-01,08:30:00,-1.702,48.105,35238,35,Rennes,Rennes Métropole,France,2023-02-01T09:20:00+01:00,2023-02-01,09:20:00,-2.117,47.941,56075,56,Guer,CC de l'Oust à Brocéliande,France,1,C,44622,48,OUI
12296666,dfb9bea0-915b-4137-b9e0-6f47cc873ac0,2023-02-01T08:30:00+01:00,2023-02-01,08:30:00,-1.731,48.177,35059,35,La Chapelle-des-Fougeretz,Rennes Métropole,France,2023-02-01T08:50:00+01:00,2023-02-01,08:50:00,-1.506,48.103,35207,35,Noyal-sur-Vilaine,CC Pays de Châteaugiron Communauté,France,1,C,23582,18,OUI
12310383,b9cad890-8e1c-40db-871e-3109da8c25c7,2023-02-01T08:30:00+01:00,2023-02-01,08:30:00,-1.854,48.126,35065,35,La Chapelle-Thouarault,Rennes Métropole,France,2023-02-01T08:50:00+01:00,2023-02-01,08:50:00,-1.686,48.144,35278,35,Saint-Grégoire,Rennes Métropole,France,1,C,18115,23,OUI
12314278,1fa6c157-b591-482b-9ec5-e660bc4bd51e,2023-02-01T08:30:00+01:00,2023-02-01,08:30:00,-1.752,48.030,35047,35,Bruz,Rennes Métropole,France,2023-02-01T08:40:00+01:00,2023-02-01,08:40:00,-1.740,48.049,35047,35,Bruz,Rennes Métropole,France,1,C,2874,9,OUI
12263717,ed6cfb94-7d50-4cc7-95a3-dd2805111b63,2023-02-01T08:30:00+01:00,2023-02-01,08:30:00,-1.709,48.108,35238,35,Rennes,Rennes Métropole,France,2023-02-01T09:00:00+01:00,2023-02-01,09:00:00,-1.267,48.075,35338,35,Torcé,CA Vitré Communauté,France,1,C,38486,34,OUI
12391743,da08f19d-37d5-4290-8ac9-93410bb8678f,2023-02-01T08:40:00+01:00,2023-02-01,08:40:00,-1.628,48.130,35051,35,Cesson-Sévigné,Rennes Métropole,France,2023-02-01T09:00:00+01:00,2023-02-01,09:00:00,-1.602,48.058,35352,35,Vern-sur-Seiche,Rennes Métropole,France,1,C,11256,13,NON
12268494,cf69c5e8-9974-479b-be1e-ca2917de6fff,2023-02-01T08:40:00+01:00,2023-02-01,08:40:00,-1.794,48.099,35240,35,Le Rheu,Rennes Métropole,France,2023-02-01T09:00:00+01:00,2023-02-01,09:00:00,-1.697,48.154,35278,35,Saint-Grégoire,Rennes Métropole,France,1,B,12021,18,NON
12391753,adef5d9e-059c-4fa8-918e-6411207fcdb3,2023-02-01T08:50:00+01:00,2023-02-01,08:50:00,-1.705,48.113,35238,35,Rennes,Rennes Métropole,France,2023-02-01T09:00:00+01:00,2023-02-01,09:00:00,-1.825,48.150,35275,35,Saint-Gilles,Rennes Métropole,France,1,C,10600,9,NON
12402617,74910557-3008-469b-9406-76c31f9b026a,2023-02-01T08:50:00+01:00,2023-02-01,08:50:00,-1.682,48.122,35238,35,Rennes,Rennes Métropole,France,2023-02-01T08:50:00+01:00,2023-02-01,08:50:00,-1.710,48.126,35238,35,Rennes,Rennes Métropole,France,1,B,2973,4,NON
12264099,31f6746e-5630-4720-92a9-c34e3a4ffce6,2023-02-01T08:50:00+01:00,2023-02-01,08:50:00,-1.793,48.077,35076,35,Chavagne,Rennes Métropole,France,2023-02-01T09:10:00+01:00,2023-02-01,09:10:00,-2.117,47.941,56075,56,Guer,CC de l'Oust à Brocéliande,France,1,C,36132,22,OUI
12264117,31f6746e-5630-4720-92a9-c34e3a4ffce6,2023-02-01T08:50:00+01:00,2023-02-01,08:50:00,-1.793,48.077,35076,35,Chavagne,Rennes Métropole,France,2023-02-01T09:10:00+01:00,2023-02-01,09:10:00,-2.117,47.941,56075,56,Guer,CC de l'Oust à Brocéliande,France,1,C,36132,23,OUI
12268577,83ee7631-7c48-441b-a06c-011391eaa6ea,2023-02-01T08:50:00+01:00,2023-02-01,08:50:00,-1.794,48.099,35240,35,Le Rheu,Rennes Métropole,France,2023-02-01T09:00:00+01:00,2023-02-01,09:00:00,-1.768,48.147,35210,35,Pacé,Rennes Métropole,France,1,B,6829,11,NON
12268683,90740b87-373c-41bd-8c6a-d3aeb02795e6,2023-02-01T09:00:00+01:00,2023-02-01,09:00:00,-1.688,48.160,35278,35,Saint-Grégoire,Rennes Métropole,France,2023-02-01T09:10:00+01:00,2023-02-01,09:10:00,-1.622,48.135,35051,35,Cesson-Sévigné,Rennes Métropole,France,1,B,7547,11,NON
12264332,18ce6561-3b51-4339-8c59-a51644637cef,2023-02-01T09:10:00+01:00,2023-02-01,09:10:00,-1.880,48.217,35245,35,Romillé,Rennes Métropole,France,2023-02-01T09:20:00+01:00,2023-02-01,09:20:00,-1.853,48.272,35058,35,La Chapelle-Chaussée,Rennes Métropole,France,1,C,9021,14,OUI
12265067,fb552044-bcc5-4b27-9bf6-adf3a771fb98,2023-02-01T09:50:00+01:00,2023-02-01,09:50:00,-1.707,48.125,35238,35,Rennes,Rennes Métropole,France,2023-02-01T10:30:00+01:00,2023-02-01,10:30:00,-1.265,48.038,35350,35,Vergéal,CA Vitré Communauté,France,1,C,43281,34,OUI
12314741,22047e2c-8855-4c12-af73-a2cc34302336,2023-02-01T10:50:00+01:00,2023-02-01,10:50:00,-1.741,48.050,35047,35,Bruz,Rennes Métropole,France,2023-02-01T11:00:00+01:00,2023-02-01,11:00:00,-1.752,48.030,35047,35,Bruz,Rennes Métropole,France,1,C,2884,7,OUI
12266688,0a671e85-bae1-4453-bd48-354e61750bc1,2023-02-01T12:10:00+01:00,2023-02-01,12:10:00,-1.661,48.103,35238,35,Rennes,Rennes Métropole,France,2023-02-01T12:40:00+01:00,2023-02-01,12:40:00,-1.388,48.114,35068,35,Châteaubourg,CA Vitré Communauté,France,1,C,23572,30,OUI
12267061,94871aaa-d47e-4dd0-b6fa-64fee2677979,2023-02-01T12:20:00+01:00,2023-02-01,12:20:00,-1.697,48.085,35238,35,Rennes,Rennes Métropole,France,2023-02-01T12:50:00+01:00,2023-02-01,12:50:00,-1.497,48.224,35152,35,Liffré,CC Liffré-Cormier Communauté,France,1,C,28061,31,OUI
12267062,94871aaa-d47e-4dd0-b6fa-64fee2677979,2023-02-01T12:20:00+01:00,2023-02-01,12:20:00,-1.668,48.087,35238,35,Rennes,Rennes Métropole,France,2023-02-01T13:00:00+01:00,2023-02-01,13:00:00,-1.498,48.224,35152,35,Liffré,CC Liffré-Cormier Communauté,France,1,C,26893,32,OUI
12267041,064138b8-9d38-424f-88de-3d54a4f4ed00,2023-02-01T12:30:00+01:00,2023-02-01,12:30:00,-1.681,48.090,35238,35,Rennes,Rennes Métropole,France,2023-02-01T13:00:00+01:00,2023-02-01,13:00:00,-1.497,48.225,35152,35,Liffré,CC Liffré-Cormier Communauté,France,1,C,28487,30,OUI
12267084,7a6ebd70-8660-4a40-ae5a-0af965e67ae3,2023-02-01T12:30:00+01:00,2023-02-01,12:30:00,-1.674,48.087,35238,35,Rennes,Rennes Métropole,France,2023-02-01T13:00:00+01:00,2023-02-01,13:00:00,-1.497,48.224,35152,35,Liffré,CC Liffré-Cormier Communauté,France,1,C,28102,28,OUI
12267110,94871aaa-d47e-4dd0-b6fa-64fee2677979,2023-02-01T12:30:00+01:00,2023-02-01,12:30:00,-1.668,48.087,35238,35,Rennes,Rennes Métropole,France,2023-02-01T13:00:00+01:00,2023-02-01,13:00:00,-1.497,48.226,35152,35,Liffré,CC Liffré-Cormier Communauté,France,1,B,26839,32,OUI
12309787,adcd36c6-59b0-484d-82d4-558a984643c7,2023-02-01T12:50:00+01:00,2023-02-01,12:50:00,-1.702,48.056,35206,35,Noyal-Châtillon-sur-Seiche,Rennes Métropole,France,2023-02-01T13:10:00+01:00,2023-02-01,13:10:00,-1.786,48.053,35076,35,Chavagne,Rennes Métropole,France,1,C,9155,16,OUI
12269126,320f21d7-eb20-43b7-a2b5-b9c3bf5263e4,2023-02-01T15:00:00+01:00,2023-02-01,15:00:00,-1.506,48.106,35039,35,Brécé,Rennes Métropole,France,2023-02-01T15:40:00+01:00,2023-02-01,15:40:00,-1.301,47.956,35359,35,Visseiche,CA Vitré Communauté,France,1,C,29303,39,OUI
12269131,320f21d7-eb20-43b7-a2b5-b9c3bf5263e4,2023-02-01T15:10:00+01:00,2023-02-01,15:10:00,-1.506,48.106,35039,35,Brécé,Rennes Métropole,France,2023-02-01T15:50:00+01:00,2023-02-01,15:50:00,-1.302,47.956,35359,35,Visseiche,CA Vitré Communauté,France,1,C,29983,40,OUI
12311035,81c29ff1-316c-4c00-b4f7-16f14e452d7e,2023-02-01T15:10:00+01:00,2023-02-01,15:10:00,-1.488,47.952,35136,35,Janzé,CC Roche aux Fées Communauté,France,2023-02-01T15:20:00+01:00,2023-02-01,15:20:00,-1.382,47.912,35239,35,Retiers,CC Roche aux Fées Communauté,France,1,C,10066,11,OUI
12269137,320f21d7-eb20-43b7-a2b5-b9c3bf5263e4,2023-02-01T15:10:00+01:00,2023-02-01,15:10:00,-1.507,48.108,35039,35,Brécé,Rennes Métropole,France,2023-02-01T15:50:00+01:00,2023-02-01,15:50:00,-1.295,47.952,35359,35,Visseiche,CA Vitré Communauté,France,1,C,30092,36,OUI
12296319,8cd84d88-b0af-4134-9019-2f9bc7c02530,2023-02-01T15:30:00+01:00,2023-02-01,15:30:00,-1.755,48.040,35047,35,Bruz,Rennes Métropole,France,2023-02-01T15:50:00+01:00,2023-02-01,15:50:00,-1.501,48.049,35069,35,Châteaugiron,CC Pays de Châteaugiron Communauté,France,1,C,22297,20,OUI
12396122,4a00aad1-4959-4021-88af-3f8a653e377c,2023-02-01T16:00:00+01:00,2023-02-01,16:00:00,-1.703,48.123,35238,35,Rennes,Rennes Métropole,France,2023-02-01T16:30:00+01:00,2023-02-01,16:30:00,-1.681,47.850,35012,35,Bain-de-Bretagne,CC Bretagne porte de Loire Communauté,France,1,B,36118,25,OUI
12315812,1ff3f5e2-469e-4645-b87d-af32cae96d0c,2023-02-01T16:00:00+01:00,2023-02-01,16:00:00,-1.741,48.050,35047,35,Bruz,Rennes Métropole,France,2023-02-01T16:10:00+01:00,2023-02-01,16:10:00,-1.697,48.088,35281,35,Saint-Jacques-de-la-Lande,Rennes Métropole,France,1,C,6196,14,OUI
12396149,e8b75e74-6437-4eee-9445-6292b087a4e7,2023-02-01T16:10:00+01:00,2023-02-01,16:10:00,-1.617,48.114,35051,35,Cesson-Sévigné,Rennes Métropole,France,2023-02-01T16:30:00+01:00,2023-02-01,16:30:00,-1.812,48.299,35337,35,Tinténiac,CC Bretagne Romantique,France,1,B,29604,22,OUI
12315868,820c0cd7-42fa-4536-a93c-bfdd8c604bad,2023-02-01T16:10:00+01:00,2023-02-01,16:10:00,-1.740,48.049,35047,35,Bruz,Rennes Métropole,France,2023-02-01T16:20:00+01:00,2023-02-01,16:20:00,-1.705,48.089,35281,35,Saint-Jacques-de-la-Lande,Rennes Métropole,France,1,C,5787,12,OUI
12396234,75e2bce9-a710-4e62-9a53-f4b6d0dbdaa5,2023-02-01T16:20:00+01:00,2023-02-01,16:20:00,-1.746,48.044,35047,35,Bruz,Rennes Métropole,France,2023-02-01T16:40:00+01:00,2023-02-01,16:40:00,-1.657,48.099,35238,35,Rennes,Rennes Métropole,France,1,C,11094,13,OUI
12269977,5a076b57-c263-4a7b-b924-a0d7a2234b96,2023-02-01T16:20:00+01:00,2023-02-01,16:20:00,-1.507,47.958,35136,35,Janzé,CC Roche aux Fées Communauté,France,2023-02-01T16:50:00+01:00,2023-02-01,16:50:00,-1.196,48.117,35360,35,Vitré,CA Vitré Communauté,France,1,C,30762,28,OUI
12270320,205af251-6262-49d7-ae3e-bf2e846a0e04,2023-02-01T16:30:00+01:00,2023-02-01,16:30:00,-1.742,48.048,35047,35,Bruz,Rennes Métropole,France,2023-02-01T17:10:00+01:00,2023-02-01,17:10:00,-1.268,48.074,35338,35,Torcé,CA Vitré Communauté,France,1,C,42007,32,OUI
12397000,59e32af8-d72b-4f51-9617-32f75611b5c4,2023-02-01T16:30:00+01:00,2023-02-01,16:30:00,-1.590,48.113,35051,35,Cesson-Sévigné,Rennes Métropole,France,2023-02-01T17:10:00+01:00,2023-02-01,17:10:00,-1.192,48.348,35115,35,Fougères,CA Fougères Agglomération,France,1,C,49017,33,OUI
12397160,e527b513-5e10-4355-94c0-f374590171a8,2023-02-01T16:40:00+01:00,2023-02-01,16:40:00,-1.704,48.119,35238,35,Rennes,Rennes Métropole,France,2023-02-01T17:20:00+01:00,2023-02-01,17:20:00,-2.027,48.455,22118,22,Lanvallay,CA Dinan Agglomération,France,1,C,51003,36,OUI
12270128,1a492e2e-e6b9-4ce9-901d-e89e25dad69a,2023-02-01T16:40:00+01:00,2023-02-01,16:40:00,-1.486,48.104,35039,35,Brécé,Rennes Métropole,France,2023-02-01T17:00:00+01:00,2023-02-01,17:00:00,-1.265,48.072,35338,35,Torcé,CA Vitré Communauté,France,1,C,18033,18,OUI
12397324,17d42cbf-8572-4ea5-b2ce-ff8f0143b958,2023-02-01T16:50:00+01:00,2023-02-01,16:50:00,-1.683,48.039,35206,35,Noyal-Châtillon-sur-Seiche,Rennes Métropole,France,2023-02-01T17:00:00+01:00,2023-02-01,17:00:00,-1.666,47.937,35090,35,Crevin,CC Bretagne porte de Loire Communauté,France,1,C,13336,9,OUI
12397325,1862201e-f404-4be9-8d28-ddd22253fd12,2023-02-01T16:50:00+01:00,2023-02-01,16:50:00,-1.738,48.052,35047,35,Bruz,Rennes Métropole,France,2023-02-01T17:10:00+01:00,2023-02-01,17:10:00,-1.606,48.084,35055,35,Chantepie,Rennes Métropole,France,1,C,13907,13,NON
12271556,4bbad9fd-3284-4901-8209-393739f917cb,2023-02-01T17:00:00+01:00,2023-02-01,17:00:00,-1.691,48.116,35238,35,Rennes,Rennes Métropole,France,2023-02-01T17:40:00+01:00,2023-02-01,17:40:00,-1.216,48.115,35360,35,Vitré,CA Vitré Communauté,France,1,C,45680,44,OUI
12397456,1683eef0-e13c-4809-9b60-6aca6af0b6dc,2023-02-01T17:00:00+01:00,2023-02-01,17:00:00,-1.825,48.150,35275,35,Saint-Gilles,Rennes Métropole,France,2023-02-01T17:10:00+01:00,2023-02-01,17:10:00,-1.713,48.120,35238,35,Rennes,Rennes Métropole,France,1,C,10020,8,NON
12397554,b168adce-0635-43c5-ab90-142f4dd67935,2023-02-01T17:00:00+01:00,2023-02-01,17:00:00,-1.825,48.150,35275,35,Saint-Gilles,Rennes Métropole,France,2023-02-01T17:10:00+01:00,2023-02-01,17:10:00,-1.711,48.116,35238,35,Rennes,Rennes Métropole,France,1,C,10127,8,NON
12397814,fae62e0e-3e73-4a65-aeba-0fe1aab9ec2e,2023-02-01T17:00:00+01:00,2023-02-01,17:00:00,-1.630,48.099,35238,35,Rennes,Rennes Métropole,France,2023-02-01T17:20:00+01:00,2023-02-01,17:20:00,-1.495,48.219,35152,35,Liffré,CC Liffré-Cormier Communauté,France,1,C,22329,15,OUI
12397819,da9f83a8-7141-4345-b023-ecf7086baf26,2023-02-01T17:00:00+01:00,2023-02-01,17:00:00,-1.746,48.044,35047,35,Bruz,Rennes Métropole,France,2023-02-01T17:20:00+01:00,2023-02-01,17:20:00,-1.692,48.110,35238,35,Rennes,Rennes Métropole,France,1,C,10429,11,NON
12397945,7610f47e-d775-4936-8d74-8ccaddd41adf,2023-02-01T17:00:00+01:00,2023-02-01,17:00:00,-1.698,48.128,35238,35,Rennes,Rennes Métropole,France,2023-02-01T17:30:00+01:00,2023-02-01,17:30:00,-1.226,48.352,35150,35,Lécousse,CA Fougères Agglomération,France,1,C,46586,30,OUI
12295838,50e16763-2f30-4d6a-9e7f-16c0846a3da5,2023-02-01T17:00:00+01:00,2023-02-01,17:00:00,-1.488,47.953,35136,35,Janzé,CC Roche aux Fées Communauté,France,2023-02-01T17:20:00+01:00,2023-02-01,17:20:00,-1.646,48.087,35238,35,Rennes,Rennes Métropole,France,1,C,22034,16,OUI
12270844,616011d2-794e-4263-a819-b97cdf310e2b,2023-02-01T17:00:00+01:00,2023-02-01,17:00:00,-1.495,48.108,35039,35,Brécé,Rennes Métropole,France,2023-02-01T17:20:00+01:00,2023-02-01,17:20:00,-1.301,48.177,35347,35,Val-d'Izé,CA Vitré Communauté,France,1,C,22054,23,OUI
12271554,c692028c-18a8-4d53-9bff-67aaed7671f5,2023-02-01T17:00:00+01:00,2023-02-01,17:00:00,-1.700,48.126,35238,35,Rennes,Rennes Métropole,France,2023-02-01T17:40:00+01:00,2023-02-01,17:40:00,-1.290,48.156,35141,35,Landavran,CA Vitré Communauté,France,1,C,46794,40,OUI
12277090,618a0ccc-016e-4b1e-92f2-6d9bcb635516,2023-02-01T17:10:00+01:00,2023-02-01,17:10:00,-1.745,47.992,35047,35,Bruz,Rennes Métropole,France,2023-02-01T17:50:00+01:00,2023-02-01,17:50:00,-1.378,48.112,35068,35,Châteaubourg,CA Vitré Communauté,France,1,B,37209,46,OUI
12272247,43ddddb0-bbab-4ccd-9189-dd91abe42fd5,2023-02-01T17:10:00+01:00,2023-02-01,17:10:00,-1.597,48.129,35051,35,Cesson-Sévigné,Rennes Métropole,France,2023-02-01T17:50:00+01:00,2023-02-01,17:50:00,-1.124,48.101,35105,35,Erbrée,CA Vitré Communauté,France,1,C,43062,43,OUI
12398105,92066303-4a1d-4a82-91a6-e2c60440f685,2023-02-01T17:10:00+01:00,2023-02-01,17:10:00,-1.686,48.128,35238,35,Rennes,Rennes Métropole,France,2023-02-01T17:40:00+01:00,2023-02-01,17:40:00,-1.912,48.447,35308,35,Mesnil-Roc'h,CC Bretagne Romantique,France,1,C,40803,27,OUI
12310570,7f129983-f125-4648-8671-d8c7d818a89d,2023-02-01T17:10:00+01:00,2023-02-01,17:10:00,-1.638,48.094,35238,35,Rennes,Rennes Métropole,France,2023-02-01T17:20:00+01:00,2023-02-01,17:20:00,-1.707,48.087,35281,35,Saint-Jacques-de-la-Lande,Rennes Métropole,France,1,C,7381,14,OUI
12271626,618a0ccc-016e-4b1e-92f2-6d9bcb635516,2023-02-01T17:10:00+01:00,2023-02-01,17:10:00,-1.745,47.992,35047,35,Bruz,Rennes Métropole,France,2023-02-01T17:40:00+01:00,2023-02-01,17:40:00,-1.378,48.112,35068,35,Châteaubourg,CA Vitré Communauté,France,1,C,37209,39,OUI
12271619,618a0ccc-016e-4b1e-92f2-6d9bcb635516,2023-02-01T17:10:00+01:00,2023-02-01,17:10:00,-1.745,47.992,35047,35,Bruz,Rennes Métropole,France,2023-02-01T17:40:00+01:00,2023-02-01,17:40:00,-1.378,48.112,35068,35,Châteaubourg,CA Vitré Communauté,France,1,C,37209,39,OUI
12271805,310d6934-7718-483f-a097-0028031dbd2b,2023-02-01T17:10:00+01:00,2023-02-01,17:10:00,-1.613,48.127,35051,35,Cesson-Sévigné,Rennes Métropole,France,2023-02-01T17:50:00+01:00,2023-02-01,17:50:00,-1.208,48.124,35360,35,Vitré,CA Vitré Communauté,France,1,C,37211,43,OUI
12271613,46d26a19-25b5-4a46-b3e5-e78b90dca716,2023-02-01T17:10:00+01:00,2023-02-01,17:10:00,-1.634,48.094,35238,35,Rennes,Rennes Métropole,France,2023-02-01T17:40:00+01:00,2023-02-01,17:40:00,-1.211,48.123,35360,35,Vitré,CA Vitré Communauté,France,1,C,36994,35,OUI
12398416,a185a857-1f07-401e-81c3-60ee2d2cc99f,2023-02-01T17:20:00+01:00,2023-02-01,17:20:00,-1.631,48.121,35238,35,Rennes,Rennes Métropole,France,2023-02-01T18:00:00+01:00,2023-02-01,18:00:00,-1.907,48.426,35226,35,Pleugueneuc,CC Bretagne Romantique,France,1,B,46154,32,OUI
12398145,7073316f-c155-48b3-9366-e0c1d465e715,2023-02-01T17:20:00+01:00,2023-02-01,17:20:00,-1.738,48.052,35047,35,Bruz,Rennes Métropole,France,2023-02-01T17:40:00+01:00,2023-02-01,17:40:00,-1.936,47.810,35219,35,Pipriac,CA Redon Agglomération,France,1,C,34353,22,OUI
12398214,cb3f590b-5cc2-47e3-942c-ff3535c6a6fa,2023-02-01T17:20:00+01:00,2023-02-01,17:20:00,-1.702,48.115,35238,35,Rennes,Rennes Métropole,France,2023-02-01T17:40:00+01:00,2023-02-01,17:40:00,-2.047,48.205,35184,35,Montauban-de-Bretagne,CC de Saint-Méen Montauban,France,1,C,29025,19,OUI
12398237,a2c7b3f5-df29-498a-806e-269ca77c259d,2023-02-01T17:20:00+01:00,2023-02-01,17:20:00,-1.742,48.047,35047,35,Bruz,Rennes Métropole,France,2023-02-01T17:40:00+01:00,2023-02-01,17:40:00,-1.868,47.932,35127,35,Guignen,CC Vallons de Haute-Bretagne Communauté,France,1,C,20531,15,OUI
12402613,c7ed49a4-19db-4992-97db-a2bf3bf668d7,2023-02-01T17:20:00+01:00,2023-02-01,17:20:00,-1.710,48.126,35238,35,Rennes,Rennes Métropole,France,2023-02-01T17:20:00+01:00,2023-02-01,17:20:00,-1.682,48.122,35238,35,Rennes,Rennes Métropole,France,1,B,2780,4,NON
12271721,968be8e7-ff1a-406c-a208-dfeb98d4406a,2023-02-01T17:20:00+01:00,2023-02-01,17:20:00,-1.627,48.127,35051,35,Cesson-Sévigné,Rennes Métropole,France,2023-02-01T17:50:00+01:00,2023-02-01,17:50:00,-1.524,48.057,35099,35,Domloup,CC Pays de Châteaugiron Communauté,France,1,C,15109,23,NON
12277446,f646161f-151f-41fe-8328-7ea0b655e287,2023-02-01T17:20:00+01:00,2023-02-01,17:20:00,-1.622,48.135,35051,35,Cesson-Sévigné,Rennes Métropole,France,2023-02-01T17:30:00+01:00,2023-02-01,17:30:00,-1.688,48.160,35278,35,Saint-Grégoire,Rennes Métropole,France,1,B,7747,10,NON
12277198,32bab811-b9dc-498b-84b6-63a2890774e6,2023-02-01T17:20:00+01:00,2023-02-01,17:20:00,-1.665,48.125,35238,35,Rennes,Rennes Métropole,France,2023-02-01T18:00:00+01:00,2023-02-01,18:00:00,-1.269,48.073,35338,35,Torcé,CA Vitré Communauté,France,1,B,33175,39,OUI
12399177,3ed4b1bf-df08-428e-b595-6c565f7c1cb2,2023-02-01T17:30:00+01:00,2023-02-01,17:30:00,-1.712,48.082,35281,35,Saint-Jacques-de-la-Lande,Rennes Métropole,France,2023-02-01T17:50:00+01:00,2023-02-01,17:50:00,-2.085,48.003,35223,35,Plélan-le-Grand,CC Brocéliande Communauté,France,1,C,32856,23,OUI
12399192,055e1372-f82f-4d2b-81bb-ea71e7626788,2023-02-01T17:30:00+01:00,2023-02-01,17:30:00,-1.621,48.134,35051,35,Cesson-Sévigné,Rennes Métropole,France,2023-02-01T18:00:00+01:00,2023-02-01,18:00:00,-1.204,48.356,35115,35,Fougères,CA Fougères Agglomération,France,1,B,42452,27,OUI
12399359,8b3fc34f-5baf-4da2-a069-ba0d75ca43de,2023-02-01T17:30:00+01:00,2023-02-01,17:30:00,-1.681,48.096,35238,35,Rennes,Rennes Métropole,France,2023-02-01T18:10:00+01:00,2023-02-01,18:10:00,-2.127,47.929,56075,56,Guer,CC de l'Oust à Brocéliande,France,1,B,45350,32,OUI
12399413,861addcc-b640-46b8-ad35-c420351d08fc,2023-02-01T17:30:00+01:00,2023-02-01,17:30:00,-1.661,48.113,35238,35,Rennes,Rennes Métropole,France,2023-02-01T18:00:00+01:00,2023-02-01,18:00:00,-1.399,48.259,35253,35,Saint-Aubin-du-Cormier,CC Liffré-Cormier Communauté,France,1,C,29325,22,OUI
12399590,3dc1ba51-2671-4665-8ab0-541fc508d3e8,2023-02-01T17:30:00+01:00,2023-02-01,17:30:00,-1.712,48.101,35238,35,Rennes,Rennes Métropole,France,2023-02-01T17:50:00+01:00,2023-02-01,17:50:00,-1.829,48.154,35275,35,Saint-Gilles,Rennes Métropole,France,1,C,14048,11,NON
12399602,055e1372-f82f-4d2b-81bb-ea71e7626788,2023-02-01T17:30:00+01:00,2023-02-01,17:30:00,-1.617,48.114,35051,35,Cesson-Sévigné,Rennes Métropole,France,2023-02-01T17:50:00+01:00,2023-02-01,17:50:00,-1.413,48.259,35253,35,Saint-Aubin-du-Cormier,CC Liffré-Cormier Communauté,France,1,B,25684,18,OUI
12277504,c73d9fa9-a053-428d-8d8d-a454df191da5,2023-02-01T17:30:00+01:00,2023-02-01,17:30:00,-1.697,48.154,35278,35,Saint-Grégoire,Rennes Métropole,France,2023-02-01T17:40:00+01:00,2023-02-01,17:40:00,-1.794,48.099,35240,35,Le Rheu,Rennes Métropole,France,1,B,11773,17,NON
12295554,604196f8-645a-4e16-a875-10aab9aed9c7,2023-02-01T17:30:00+01:00,2023-02-01,17:30:00,-1.633,48.093,35238,35,Rennes,Rennes Métropole,France,2023-02-01T18:00:00+01:00,2023-02-01,18:00:00,-2.047,48.205,35184,35,Montauban-de-Bretagne,CC de Saint-Méen Montauban,France,1,C,38543,26,OUI
12399673,6af7eb55-3414-4e82-a607-167d6203d74a,2023-02-01T17:40:00+01:00,2023-02-01,17:40:00,-1.707,48.121,35238,35,Rennes,Rennes Métropole,France,2023-02-01T18:00:00+01:00,2023-02-01,18:00:00,-1.409,48.258,35253,35,Saint-Aubin-du-Cormier,CC Liffré-Cormier Communauté,France,1,C,30567,20,OUI
12399828,2434898a-1bf6-47ff-a4ea-64edad18a1b2,2023-02-01T17:50:00+01:00,2023-02-01,17:50:00,-1.639,48.132,35238,35,Rennes,Rennes Métropole,France,2023-02-01T18:00:00+01:00,2023-02-01,18:00:00,-1.609,48.231,35197,35,Mouazé,CC Val d'Ille-Aubigné,France,1,C,13604,12,NON
12399836,8f71efcb-e4df-4e61-9b09-2ac1cdd28584,2023-02-01T17:50:00+01:00,2023-02-01,17:50:00,-1.745,48.044,35047,35,Bruz,Rennes Métropole,France,2023-02-01T18:10:00+01:00,2023-02-01,18:10:00,-1.967,48.131,35188,35,Montfort-sur-Meu,CC Montfort Communauté,France,1,C,26064,24,OUI
12399855,780958a7-00b5-4bd8-ab51-a95d8de78cb2,2023-02-01T17:50:00+01:00,2023-02-01,17:50:00,-1.792,48.077,35076,35,Chavagne,Rennes Métropole,France,2023-02-01T18:20:00+01:00,2023-02-01,18:20:00,-2.387,47.920,56165,56,Ploërmel,CC Ploërmel Communauté,France,1,B,55276,34,OUI
12272411,abd27d84-4eeb-42d5-a9fb-a7531aa295c4,2023-02-01T17:50:00+01:00,2023-02-01,17:50:00,-1.622,48.130,35051,35,Cesson-Sévigné,Rennes Métropole,France,2023-02-01T18:00:00+01:00,2023-02-01,18:00:00,-1.611,48.231,35197,35,Mouazé,CC Val d'Ille-Aubigné,France,1,C,13042,16,OUI
12277626,27eb060e-2194-4203-bcf5-33ed0e3bf948,2023-02-01T17:50:00+01:00,2023-02-01,17:50:00,-1.688,48.160,35278,35,Saint-Grégoire,Rennes Métropole,France,2023-02-01T18:10:00+01:00,2023-02-01,18:10:00,-1.794,48.099,35240,35,Le Rheu,Rennes Métropole,France,1,B,12830,20,NON
12277641,5cfc90a3-8ea5-44dc-91b7-b85122cf2f4a,2023-02-01T17:50:00+01:00,2023-02-01,17:50:00,-1.768,48.147,35210,35,Pacé,Rennes Métropole,France,2023-02-01T18:00:00+01:00,2023-02-01,18:00:00,-1.794,48.099,35240,35,Le Rheu,Rennes Métropole,France,1,B,6696,10,NON
12287702,935436f4-02c4-4682-9233-5349d6dc3f0b,2023-02-01T17:50:00+01:00,2023-02-01,17:50:00,-1.642,48.087,35238,35,Rennes,Rennes Métropole,France,2023-02-01T18:10:00+01:00,2023-02-01,18:10:00,-1.587,47.977,35088,35,Corps-Nuds,Rennes Métropole,France,1,A,13896,15,NON
12316378,182d25a4-c1e5-4735-9509-5c396e27ec19,2023-02-01T17:50:00+01:00,2023-02-01,17:50:00,-1.668,48.104,35238,35,Rennes,Rennes Métropole,France,2023-02-01T18:30:00+01:00,2023-02-01,18:30:00,-1.531,48.331,35326,35,Sens-de-Bretagne,CC Val d'Ille-Aubigné,France,1,C,31202,39,OUI
12399790,01d181b3-dcd0-4901-b8aa-a9afd63fe23e,2023-02-01T17:50:00+01:00,2023-02-01,17:50:00,-1.674,48.087,35238,35,Rennes,Rennes Métropole,France,2023-02-01T18:50:00+01:00,2023-02-01,18:50:00,-1.623,47.330,44209,44,Treillières,CC d'Erdre et Gesvres,France,1,C,88250,57,OUI
12399975,2a15f01d-822c-4023-9a3c-aa757d90b5c9,2023-02-01T18:00:00+01:00,2023-02-01,18:00:00,-1.703,48.122,35238,35,Rennes,Rennes Métropole,France,2023-02-01T18:40:00+01:00,2023-02-01,18:40:00,-2.044,48.452,22050,22,Dinan,CA Dinan Agglomération,France,1,C,52420,40,OUI
12399995,c36a954a-4316-498e-bf2a-8ca2f9e26daf,2023-02-01T18:00:00+01:00,2023-02-01,18:00:00,-1.647,48.113,35238,35,Rennes,Rennes Métropole,France,2023-02-01T18:30:00+01:00,2023-02-01,18:30:00,-1.536,48.332,35326,35,Sens-de-Bretagne,CC Val d'Ille-Aubigné,France,1,B,29814,25,OUI
12400301,2d7dcf65-7c3b-427e-8977-89b495051e93,2023-02-01T18:00:00+01:00,2023-02-01,18:00:00,-1.602,48.058,35352,35,Vern-sur-Seiche,Rennes Métropole,France,2023-02-01T18:20:00+01:00,2023-02-01,18:20:00,-1.630,48.133,35051,35,Cesson-Sévigné,Rennes Métropole,France,1,C,11837,13,NON
12273614,ed1d8ec0-e4b1-4d6b-8ecf-a2f4400bead0,2023-02-01T18:00:00+01:00,2023-02-01,18:00:00,-1.697,48.151,35278,35,Saint-Grégoire,Rennes Métropole,France,2023-02-01T18:40:00+01:00,2023-02-01,18:40:00,-1.490,47.965,35136,35,Janzé,CC Roche aux Fées Communauté,France,1,C,35104,38,OUI
12273722,ed1d8ec0-e4b1-4d6b-8ecf-a2f4400bead0,2023-02-01T18:00:00+01:00,2023-02-01,18:00:00,-1.697,48.151,35278,35,Saint-Grégoire,Rennes Métropole,France,2023-02-01T18:40:00+01:00,2023-02-01,18:40:00,-1.490,47.965,35136,35,Janzé,CC Roche aux Fées Communauté,France,1,C,35104,41,OUI
12400450,bc858e62-4538-4138-b6fa-4ca08679d589,2023-02-01T18:10:00+01:00,2023-02-01,18:10:00,-1.630,48.092,35238,35,Rennes,Rennes Métropole,France,2023-02-01T18:50:00+01:00,2023-02-01,18:50:00,-1.200,48.350,35115,35,Fougères,CA Fougères Agglomération,France,1,C,51429,34,OUI
12277784,84ed89ea-5bfa-4fcf-8b00-440a89845b86,2023-02-01T18:10:00+01:00,2023-02-01,18:10:00,-1.697,48.154,35278,35,Saint-Grégoire,Rennes Métropole,France,2023-02-01T18:30:00+01:00,2023-02-01,18:30:00,-1.622,48.135,35051,35,Cesson-Sévigné,Rennes Métropole,France,1,B,8706,13,NON
12277801,227230c4-e963-4baf-9e43-3df46504e375,2023-02-01T18:20:00+01:00,2023-02-01,18:20:00,-1.697,48.154,35278,35,Saint-Grégoire,Rennes Métropole,France,2023-02-01T18:40:00+01:00,2023-02-01,18:40:00,-1.794,48.099,35240,35,Le Rheu,Rennes Métropole,France,1,B,11773,17,NON
12278137,3af2f931-5bc0-4d3b-9090-e13471e03604,2023-02-01T18:20:00+01:00,2023-02-01,18:20:00,-1.668,48.104,35238,35,Rennes,Rennes Métropole,France,2023-02-01T18:40:00+01:00,2023-02-01,18:40:00,-1.489,47.947,35136,35,Janzé,CC Roche aux Fées Communauté,France,1,A,24682,19,NON
12274406,a8fff7f6-f0bd-4c91-b928-c207bc09dd8d,2023-02-01T18:20:00+01:00,2023-02-01,18:20:00,-1.834,48.068,35196,35,Mordelles,Rennes Métropole,France,2023-02-01T19:10:00+01:00,2023-02-01,19:10:00,-1.223,48.114,35360,35,Vitré,CA Vitré Communauté,France,1,C,56189,45,OUI
12401553,e46f342f-cd7b-4574-a4bc-cf9250c8f72a,2023-02-01T18:30:00+01:00,2023-02-01,18:30:00,-1.630,48.114,35051,35,Cesson-Sévigné,Rennes Métropole,France,2023-02-01T19:00:00+01:00,2023-02-01,19:00:00,-1.812,48.299,35337,35,Tinténiac,CC Bretagne Romantique,France,1,B,27623,22,NON
12316342,60e3ef96-7fc7-4a7c-9cc8-0d0146c5d1f6,2023-02-01T18:30:00+01:00,2023-02-01,18:30:00,-1.713,48.112,35238,35,Rennes,Rennes Métropole,France,2023-02-01T18:50:00+01:00,2023-02-01,18:50:00,-1.919,48.180,35227,35,Pleumeleuc,CC Montfort Communauté,France,1,C,19069,21,OUI
12277878,7166d3ef-8632-4c3e-be59-77472e4609fe,2023-02-01T18:40:00+01:00,2023-02-01,18:40:00,-1.622,48.135,35051,35,Cesson-Sévigné,Rennes Métropole,France,2023-02-01T19:00:00+01:00,2023-02-01,19:00:00,-1.768,48.147,35210,35,Pacé,Rennes Métropole,France,1,B,12850,20,NON
12401612,86b041b7-28af-4cca-a86f-121f8cef407d,2023-02-01T18:50:00+01:00,2023-02-01,18:50:00,-1.711,48.101,35238,35,Rennes,Rennes Métropole,France,2023-02-01T19:00:00+01:00,2023-02-01,19:00:00,-1.696,48.042,35066,35,Chartres-de-Bretagne,Rennes Métropole,France,1,A,8189,8,NON
12277905,5d03fd4c-f5e3-442e-a679-ae6dc84a7c39,2023-02-01T18:50:00+01:00,2023-02-01,18:50:00,-1.697,48.154,35278,35,Saint-Grégoire,Rennes Métropole,France,2023-02-01T19:00:00+01:00,2023-02-01,19:00:00,-1.794,48.099,35240,35,Le Rheu,Rennes Métropole,France,1,B,11773,17,NON
12278135,6849cd6c-f8e9-4761-9d4f-bad411c6835b,2023-02-01T18:50:00+01:00,2023-02-01,18:50:00,-1.639,48.131,35238,35,Rennes,Rennes Métropole,France,2023-02-01T19:10:00+01:00,2023-02-01,19:10:00,-1.701,48.009,35363,35,Pont-Péan,Rennes Métropole,France,1,A,16594,17,NON
12274301,963dfa0f-3c62-4430-8200-d894173fb0e7,2023-02-01T18:50:00+01:00,2023-02-01,18:50:00,-1.853,48.272,35058,35,La Chapelle-Chaussée,Rennes Métropole,France,2023-02-01T19:00:00+01:00,2023-02-01,19:00:00,-1.891,48.215,35245,35,Romillé,Rennes Métropole,France,1,C,8797,14,OUI
12277919,0396e2c4-5aca-4130-b783-eeb24f5d503f,2023-02-01T18:50:00+01:00,2023-02-01,18:50:00,-1.622,48.135,35051,35,Cesson-Sévigné,Rennes Métropole,France,2023-02-01T19:10:00+01:00,2023-02-01,19:10:00,-1.768,48.147,35210,35,Pacé,Rennes Métropole,France,1,B,12850,20,NON
12277924,5d03fd4c-f5e3-442e-a679-ae6dc84a7c39,2023-02-01T18:50:00+01:00,2023-02-01,18:50:00,-1.768,48.147,35210,35,Pacé,Rennes Métropole,France,2023-02-01T19:00:00+01:00,2023-02-01,19:00:00,-1.794,48.099,35240,35,Le Rheu,Rennes Métropole,France,1,B,6696,10,NON
12275060,9c0c7b47-4843-4898-9496-ec502e910b12,2023-02-01T18:50:00+01:00,2023-02-01,18:50:00,-1.626,48.140,35051,35,Cesson-Sévigné,Rennes Métropole,France,2023-02-01T19:30:00+01:00,2023-02-01,19:30:00,-1.197,48.124,35360,35,Vitré,CA Vitré Communauté,France,1,C,38970,44,OUI
12401647,18f5dbc1-2324-45c2-84a0-0f9a50f3bb6d,2023-02-01T19:00:00+01:00,2023-02-01,19:00:00,-1.687,48.122,35238,35,Rennes,Rennes Métropole,France,2023-02-01T19:20:00+01:00,2023-02-01,19:20:00,-1.835,48.329,35337,35,Tinténiac,CC Bretagne Romantique,France,1,C,26716,20,OUI
12401651,8f09b2eb-e5a4-4212-b051-afe279751977,2023-02-01T19:00:00+01:00,2023-02-01,19:00:00,-1.687,48.099,35238,35,Rennes,Rennes Métropole,France,2023-02-01T19:20:00+01:00,2023-02-01,19:20:00,-1.602,48.047,35352,35,Vern-sur-Seiche,Rennes Métropole,France,1,C,12502,11,NON
12401726,de3b180b-b97b-424b-b3cf-00ee815c4b3d,2023-02-01T19:00:00+01:00,2023-02-01,19:00:00,-1.225,48.352,35150,35,Lécousse,CA Fougères Agglomération,France,2023-02-01T19:40:00+01:00,2023-02-01,19:40:00,-1.719,48.138,35238,35,Rennes,Rennes Métropole,France,1,C,50093,33,OUI
12275021,cf5265c6-01bc-436f-a0c5-7a2dc5948899,2023-02-01T19:10:00+01:00,2023-02-01,19:10:00,-1.596,48.115,35051,35,Cesson-Sévigné,Rennes Métropole,France,2023-02-01T19:30:00+01:00,2023-02-01,19:30:00,-1.715,48.152,35189,35,Montgermont,Rennes Métropole,France,1,C,18808,21,OUI
12275894,bd6f9863-1326-42a8-bf4e-0e93dad64fe8,2023-02-01T19:40:00+01:00,2023-02-01,19:40:00,-1.636,48.117,35238,35,Rennes,Rennes Métropole,France,2023-02-01T20:20:00+01:00,2023-02-01,20:20:00,-1.271,48.062,35338,35,Torcé,CA Vitré Communauté,France,1,C,32025,35,OUI
12402669,923670e2-07fe-4d5a-b788-92674012d2e3,2023-02-01T19:50:00+01:00,2023-02-01,19:50:00,-1.753,48.119,35353,35,Vezin-le-Coquet,Rennes Métropole,France,2023-02-01T20:00:00+01:00,2023-02-01,20:00:00,-1.696,48.091,35281,35,Saint-Jacques-de-la-Lande,Rennes Métropole,France,1,B,8000,10,OUI
12402740,110f1e08-e07f-4df0-a871-14055387dd21,2023-02-01T20:10:00+01:00,2023-02-01,20:10:00,-1.693,48.118,35238,35,Rennes,Rennes Métropole,France,2023-02-01T20:50:00+01:00,2023-02-01,20:50:00,-1.932,48.489,22197,22,Pleudihen-sur-Rance,CA Dinan Agglomération,France,1,C,50701,35,OUI
12403341,8241b849-8a30-4cb8-ba47-b07225527e49,2023-02-01T20:50:00+01:00,2023-02-01,20:50:00,-1.641,48.111,35238,35,Rennes,Rennes Métropole,France,2023-02-01T21:10:00+01:00,2023-02-01,21:10:00,-1.674,47.929,35033,35,Bourg-des-Comptes,CC Vallons de Haute-Bretagne Communauté,France,1,C,22948,19,OUI
12277694,423a0ff3-01b8-473d-8f08-369df240de75,2023-02-01T23:20:00+01:00,2023-02-01,23:20:00,-1.713,48.102,35238,35,Rennes,Rennes Métropole,France,2023-02-01T23:50:00+01:00,2023-02-01,23:50:00,-1.284,48.078,35338,35,Torcé,CA Vitré Communauté,France,1,C,40083,33,OUI
12277692,423a0ff3-01b8-473d-8f08-369df240de75,2023-02-01T23:20:00+01:00,2023-02-01,23:20:00,-1.713,48.102,35238,35,Rennes,Rennes Métropole,France,2023-02-01T23:50:00+01:00,2023-02-01,23:50:00,-1.284,48.078,35338,35,Torcé,CA Vitré Communauté,France,1,C,40083,33,OUI
12288041,6572382e-25bd-47f4-a74f-4fb1602e9ef3,2023-02-02T05:10:00+01:00,2023-02-02,05:10:00,-1.651,48.086,35238,35,Rennes,Rennes Métropole,France,2023-02-02T05:50:00+01:00,2023-02-02,05:50:00,-1.194,48.069,35109,35,Étrelles,CA Vitré Communauté,France,1,C,38017,39,OUI
12288036,bbf33b8a-6f8d-4f3b-a77f-24b43fd9738e,2023-02-02T05:20:00+01:00,2023-02-02,05:20:00,-1.705,48.110,35238,35,Rennes,Rennes Métropole,France,2023-02-02T05:50:00+01:00,2023-02-02,05:50:00,-1.199,48.069,35109,35,Étrelles,CA Vitré Communauté,France,1,C,44644,33,OUI
12295447,6572382e-25bd-47f4-a74f-4fb1602e9ef3,2023-02-02T05:20:00+01:00,2023-02-02,05:20:00,-1.651,48.086,35238,35,Rennes,Rennes Métropole,France,2023-02-02T06:00:00+01:00,2023-02-02,06:00:00,-1.194,48.069,35109,35,Étrelles,CA Vitré Communauté,France,1,C,38017,39,OUI
12288054,6572382e-25bd-47f4-a74f-4fb1602e9ef3,2023-02-02T05:20:00+01:00,2023-02-02,05:20:00,-1.651,48.086,35238,35,Rennes,Rennes Métropole,France,2023-02-02T05:50:00+01:00,2023-02-02,05:50:00,-1.194,48.069,35109,35,Étrelles,CA Vitré Communauté,France,1,C,38017,37,OUI
12409812,f1f6118f-f4c3-4cbe-a277-ff8c114bf72d,2023-02-02T06:10:00+01:00,2023-02-02,06:10:00,-1.675,48.086,35238,35,Rennes,Rennes Métropole,France,2023-02-02T07:10:00+01:00,2023-02-02,07:10:00,-1.584,47.261,44114,44,Orvault,Nantes Métropole,France,1,C,97177,59,OUI
12409836,f1f6118f-f4c3-4cbe-a277-ff8c114bf72d,2023-02-02T06:20:00+01:00,2023-02-02,06:20:00,-1.675,48.086,35238,35,Rennes,Rennes Métropole,France,2023-02-02T07:20:00+01:00,2023-02-02,07:20:00,-1.584,47.261,44114,44,Orvault,Nantes Métropole,France,1,C,97177,59,OUI
12409910,2aff41f0-cf0d-453b-946b-42d1268defd5,2023-02-02T06:20:00+01:00,2023-02-02,06:20:00,-1.635,48.184,35024,35,Betton,Rennes Métropole,France,2023-02-02T06:40:00+01:00,2023-02-02,06:40:00,-1.708,48.064,35066,35,Chartres-de-Bretagne,Rennes Métropole,France,1,A,21832,18,OUI
12410821,b7e477ed-8bc9-4939-aebc-87700d5098a8,2023-02-02T06:40:00+01:00,2023-02-02,06:40:00,-1.674,48.087,35238,35,Rennes,Rennes Métropole,France,2023-02-02T07:40:00+01:00,2023-02-02,07:40:00,-1.584,47.261,44114,44,Orvault,Nantes Métropole,France,1,C,97303,60,OUI
12289050,b28bbfb8-eeb0-4b34-bccd-3efe28e1308f,2023-02-02T06:40:00+01:00,2023-02-02,06:40:00,-1.700,48.132,35238,35,Rennes,Rennes Métropole,France,2023-02-02T07:20:00+01:00,2023-02-02,07:20:00,-1.218,48.126,35360,35,Vitré,CA Vitré Communauté,France,1,C,46749,40,OUI
12289047,b28bbfb8-eeb0-4b34-bccd-3efe28e1308f,2023-02-02T06:40:00+01:00,2023-02-02,06:40:00,-1.700,48.132,35238,35,Rennes,Rennes Métropole,France,2023-02-02T07:20:00+01:00,2023-02-02,07:20:00,-1.218,48.126,35360,35,Vitré,CA Vitré Communauté,France,1,C,46749,39,OUI
12410837,7de72be2-809a-4f12-b714-30375a36573e,2023-02-02T06:40:00+01:00,2023-02-02,06:40:00,-1.695,48.043,35066,35,Chartres-de-Bretagne,Rennes Métropole,France,2023-02-02T07:50:00+01:00,2023-02-02,07:50:00,-1.544,47.218,44109,44,Nantes,Nantes Métropole,France,1,B,99127,66,OUI
12411139,b7e477ed-8bc9-4939-aebc-87700d5098a8,2023-02-02T06:50:00+01:00,2023-02-02,06:50:00,-1.674,48.087,35238,35,Rennes,Rennes Métropole,France,2023-02-02T07:50:00+01:00,2023-02-02,07:50:00,-1.584,47.261,44114,44,Orvault,Nantes Métropole,France,1,C,97303,60,OUI
12411369,7f3c6c0b-e264-446e-b8d6-1a3e2f0e1e1d,2023-02-02T07:00:00+01:00,2023-02-02,07:00:00,-1.696,48.042,35066,35,Chartres-de-Bretagne,Rennes Métropole,France,2023-02-02T08:10:00+01:00,2023-02-02,08:10:00,-1.519,47.282,44109,44,Nantes,Nantes Métropole,France,1,B,99675,63,OUI
12411424,c73dd600-aff1-4a58-a092-aa2838c2e167,2023-02-02T07:00:00+01:00,2023-02-02,07:00:00,-1.677,48.088,35238,35,Rennes,Rennes Métropole,France,2023-02-02T08:10:00+01:00,2023-02-02,08:10:00,-1.596,47.264,44114,44,Orvault,Nantes Métropole,France,1,C,99040,62,OUI
12411376,308a63c6-5aef-48e9-a24b-2319a9f716fc,2023-02-02T07:00:00+01:00,2023-02-02,07:00:00,-1.713,48.118,35238,35,Rennes,Rennes Métropole,France,2023-02-02T07:50:00+01:00,2023-02-02,07:50:00,-1.853,48.678,35049,35,Cancale,CA du Pays de Saint Malo Agglomération,France,1,C,71953,50,OUI
12411578,6eed2e31-529b-4b32-b8f4-8ed0376f1fec,2023-02-02T07:00:00+01:00,2023-02-02,07:00:00,-1.697,48.109,35238,35,Rennes,Rennes Métropole,France,2023-02-02T07:20:00+01:00,2023-02-02,07:20:00,-1.944,48.180,35023,35,Bédée,CC Montfort Communauté,France,1,C,21449,15,OUI
12411849,c755e6ef-4109-46db-9c52-5412072f2b17,2023-02-02T07:10:00+01:00,2023-02-02,07:10:00,-1.733,48.123,35353,35,Vezin-le-Coquet,Rennes Métropole,France,2023-02-02T07:50:00+01:00,2023-02-02,07:50:00,-2.404,48.365,22185,22,Plénée-Jugon,CA Lamballe Terre et Mer,France,1,C,61854,39,OUI
12411861,9f0f7d93-c809-40aa-94f7-b795f833bc28,2023-02-02T07:10:00+01:00,2023-02-02,07:10:00,-1.676,48.083,35238,35,Rennes,Rennes Métropole,France,2023-02-02T08:10:00+01:00,2023-02-02,08:10:00,-0.774,48.065,53130,53,Laval,CA Laval Agglomération,France,1,B,75229,50,OUI
12411814,9f0f7d93-c809-40aa-94f7-b795f833bc28,2023-02-02T07:10:00+01:00,2023-02-02,07:10:00,-1.697,48.109,35238,35,Rennes,Rennes Métropole,France,2023-02-02T08:10:00+01:00,2023-02-02,08:10:00,-0.784,48.065,53130,53,Laval,CA Laval Agglomération,France,1,A,80003,53,OUI
12412034,8e99cd62-9598-4899-a302-8ed1099b9522,2023-02-02T07:20:00+01:00,2023-02-02,07:20:00,-1.580,48.156,35334,35,Thorigné-Fouillard,Rennes Métropole,France,2023-02-02T07:50:00+01:00,2023-02-02,07:50:00,-1.192,48.345,35115,35,Fougères,CA Fougères Agglomération,France,1,C,40795,27,OUI
12317787,33c067c7-17b5-4492-b5c0-c4d9a787dab3,2023-02-02T07:20:00+01:00,2023-02-02,07:20:00,-1.587,47.977,35088,35,Corps-Nuds,Rennes Métropole,France,2023-02-02T07:40:00+01:00,2023-02-02,07:40:00,-1.642,48.087,35238,35,Rennes,Rennes Métropole,France,1,A,13850,15,NON
12412059,dff43321-1bed-4e3d-915d-15c99a6705c8,2023-02-02T07:20:00+01:00,2023-02-02,07:20:00,-1.639,48.122,35238,35,Rennes,Rennes Métropole,France,2023-02-02T07:30:00+01:00,2023-02-02,07:30:00,-1.702,48.058,35066,35,Chartres-de-Bretagne,Rennes Métropole,France,1,C,11528,15,NON
12412275,5e79c81c-52dd-4268-8b59-149da11e107a,2023-02-02T07:20:00+01:00,2023-02-02,07:20:00,-1.697,48.109,35238,35,Rennes,Rennes Métropole,France,2023-02-02T08:10:00+01:00,2023-02-02,08:10:00,-2.383,47.919,56165,56,Ploërmel,CC Ploërmel Communauté,France,1,B,62536,40,OUI
12412411,6abf2e10-0237-46d4-af58-ef51cad4d721,2023-02-02T07:20:00+01:00,2023-02-02,07:20:00,-1.688,48.137,35278,35,Saint-Grégoire,Rennes Métropole,France,2023-02-02T08:00:00+01:00,2023-02-02,08:00:00,-1.178,48.342,35115,35,Fougères,CA Fougères Agglomération,France,1,C,50973,34,OUI
12291188,97809d78-1444-476d-8343-266d0dd19451,2023-02-02T07:20:00+01:00,2023-02-02,07:20:00,-1.700,48.101,35238,35,Rennes,Rennes Métropole,France,2023-02-02T08:10:00+01:00,2023-02-02,08:10:00,-1.185,48.113,35360,35,Vitré,CA Vitré Communauté,France,1,C,47284,52,OUI
12291160,6d0cd295-b034-433b-b249-14741391213d,2023-02-02T07:20:00+01:00,2023-02-02,07:20:00,-1.700,48.033,35066,35,Chartres-de-Bretagne,Rennes Métropole,France,2023-02-02T08:10:00+01:00,2023-02-02,08:10:00,-1.194,48.069,35109,35,Étrelles,CA Vitré Communauté,France,1,C,45124,48,OUI
12290249,0917ff31-0322-4384-940e-a63d72bb2d82,2023-02-02T07:20:00+01:00,2023-02-02,07:20:00,-1.546,48.042,35204,35,Nouvoitou,Rennes Métropole,France,2023-02-02T07:50:00+01:00,2023-02-02,07:50:00,-1.188,48.115,35360,35,Vitré,CA Vitré Communauté,France,1,C,34051,36,OUI
12294156,8705f4b9-f866-4094-b829-1bb426911462,2023-02-02T07:30:00+01:00,2023-02-02,07:30:00,-1.667,48.134,35238,35,Rennes,Rennes Métropole,France,2023-02-02T08:40:00+01:00,2023-02-02,08:40:00,-0.851,48.073,53201,53,Saint-Berthevin,CA Laval Agglomération,France,1,C,68556,71,OUI
12292549,d9f14406-dbfc-4c46-a8ac-ec7356deba26,2023-02-02T07:30:00+01:00,2023-02-02,07:30:00,-1.679,48.104,35238,35,Rennes,Rennes Métropole,France,2023-02-02T08:30:00+01:00,2023-02-02,08:30:00,-0.937,48.055,53137,53,Loiron-Ruillé,CA Laval Agglomération,France,1,C,61406,65,OUI
12290269,72092020-725e-4846-8a73-7e376e38b482,2023-02-02T07:30:00+01:00,2023-02-02,07:30:00,-1.843,48.081,35196,35,Mordelles,Rennes Métropole,France,2023-02-02T07:50:00+01:00,2023-02-02,07:50:00,-1.696,48.146,35278,35,Saint-Grégoire,Rennes Métropole,France,1,C,18074,22,OUI
12297425,821a7611-2865-45a9-9746-806588cd80aa,2023-02-02T07:30:00+01:00,2023-02-02,07:30:00,-1.794,48.099,35240,35,Le Rheu,Rennes Métropole,France,2023-02-02T07:50:00+01:00,2023-02-02,07:50:00,-1.697,48.154,35278,35,Saint-Grégoire,Rennes Métropole,France,1,B,12021,18,NON
12297435,821a7611-2865-45a9-9746-806588cd80aa,2023-02-02T07:30:00+01:00,2023-02-02,07:30:00,-1.794,48.099,35240,35,Le Rheu,Rennes Métropole,France,2023-02-02T07:40:00+01:00,2023-02-02,07:40:00,-1.697,48.154,35278,35,Saint-Grégoire,Rennes Métropole,France,1,B,12021,18,NON
12415992,52d9476a-06eb-4f12-8138-4c789fbc1b8d,2023-02-02T07:30:00+01:00,2023-02-02,07:30:00,-1.693,48.135,35278,35,Saint-Grégoire,Rennes Métropole,France,2023-02-02T08:10:00+01:00,2023-02-02,08:10:00,-1.933,48.552,35070,35,Châteauneuf-d'Ille-et-Vilaine,CA du Pays de Saint Malo Agglomération,France,1,B,53448,35,OUI
12416082,d0493dc5-4a21-4907-ac4b-caff53280dab,2023-02-02T07:30:00+01:00,2023-02-02,07:30:00,-1.714,48.104,35238,35,Rennes,Rennes Métropole,France,2023-02-02T08:20:00+01:00,2023-02-02,08:20:00,-2.051,48.453,22050,22,Dinan,CA Dinan Agglomération,France,1,B,56075,43,OUI
12290447,6556837b-d38e-4506-bb69-f8a9ef561573,2023-02-02T07:30:00+01:00,2023-02-02,07:30:00,-1.621,48.091,35055,35,Chantepie,Rennes Métropole,France,2023-02-02T08:00:00+01:00,2023-02-02,08:00:00,-1.194,48.068,35109,35,Étrelles,CA Vitré Communauté,France,1,C,34787,31,OUI
12290463,6556837b-d38e-4506-bb69-f8a9ef561573,2023-02-02T07:30:00+01:00,2023-02-02,07:30:00,-1.621,48.091,35055,35,Chantepie,Rennes Métropole,France,2023-02-02T08:00:00+01:00,2023-02-02,08:00:00,-1.194,48.068,35109,35,Étrelles,CA Vitré Communauté,France,1,C,34787,32,OUI
12291138,3728add9-62dc-4d19-bfc0-467ccd38da79,2023-02-02T07:30:00+01:00,2023-02-02,07:30:00,-1.589,48.111,35051,35,Cesson-Sévigné,Rennes Métropole,France,2023-02-02T08:10:00+01:00,2023-02-02,08:10:00,-1.187,48.114,35360,35,Vitré,CA Vitré Communauté,France,1,C,33315,36,OUI
12296967,3728add9-62dc-4d19-bfc0-467ccd38da79,2023-02-02T07:30:00+01:00,2023-02-02,07:30:00,-1.589,48.111,35051,35,Cesson-Sévigné,Rennes Métropole,France,2023-02-02T08:10:00+01:00,2023-02-02,08:10:00,-1.187,48.114,35360,35,Vitré,CA Vitré Communauté,France,1,B,33315,36,OUI
12291284,7f0d3da7-6f67-40c1-ade1-15735b0f561a,2023-02-02T07:30:00+01:00,2023-02-02,07:30:00,-1.706,48.093,35281,35,Saint-Jacques-de-la-Lande,Rennes Métropole,France,2023-02-02T08:10:00+01:00,2023-02-02,08:10:00,-1.194,48.069,35109,35,Étrelles,CA Vitré Communauté,France,1,C,42015,37,OUI
12291551,4c644178-b9fc-4b24-82a2-cea699f4137e,2023-02-02T07:40:00+01:00,2023-02-02,07:40:00,-1.633,48.093,35238,35,Rennes,Rennes Métropole,France,2023-02-02T08:20:00+01:00,2023-02-02,08:20:00,-1.259,48.076,35109,35,Étrelles,CA Vitré Communauté,France,1,C,30061,35,OUI
12420339,ea8464d5-c542-4212-b2ea-2d45bafe0c0e,2023-02-02T07:40:00+01:00,2023-02-02,07:40:00,-1.686,48.143,35278,35,Saint-Grégoire,Rennes Métropole,France,2023-02-02T07:50:00+01:00,2023-02-02,07:50:00,-1.619,48.121,35051,35,Cesson-Sévigné,Rennes Métropole,France,1,B,9149,10,NON
12290633,43bfd4c6-5c56-4b0f-8b11-f78f655fe89c,2023-02-02T07:40:00+01:00,2023-02-02,07:40:00,-1.831,48.156,35275,35,Saint-Gilles,Rennes Métropole,France,2023-02-02T08:00:00+01:00,2023-02-02,08:00:00,-1.625,48.129,35051,35,Cesson-Sévigné,Rennes Métropole,France,1,C,19065,20,OUI
12329688,3839bb50-7b08-4643-b2af-d5a8c867df99,2023-02-02T07:40:00+01:00,2023-02-02,07:40:00,-1.708,48.152,35189,35,Montgermont,Rennes Métropole,France,2023-02-02T07:50:00+01:00,2023-02-02,07:50:00,-1.650,48.122,35238,35,Rennes,Rennes Métropole,France,1,C,7663,9,OUI
12350716,8ac7f15b-8d2f-44e7-b767-76b573e5362d,2023-02-02T07:40:00+01:00,2023-02-02,07:40:00,-1.830,48.150,35275,35,Saint-Gilles,Rennes Métropole,France,2023-02-02T08:00:00+01:00,2023-02-02,08:00:00,-1.623,48.127,35051,35,Cesson-Sévigné,Rennes Métropole,France,1,C,18953,24,NON
12416269,d95f973e-d5c5-4383-9e78-ac1b3770b9c2,2023-02-02T07:40:00+01:00,2023-02-02,07:40:00,-1.663,48.136,35238,35,Rennes,Rennes Métropole,France,2023-02-02T08:20:00+01:00,2023-02-02,08:20:00,-1.198,48.354,35115,35,Fougères,CA Fougères Agglomération,France,1,C,47147,33,OUI
12420396,d95f973e-d5c5-4383-9e78-ac1b3770b9c2,2023-02-02T07:40:00+01:00,2023-02-02,07:40:00,-1.628,48.140,35051,35,Cesson-Sévigné,Rennes Métropole,France,2023-02-02T08:10:00+01:00,2023-02-02,08:10:00,-1.194,48.359,35115,35,Fougères,CA Fougères Agglomération,France,1,C,42997,30,OUI
12291590,1ee04499-2fb8-4d57-8206-70f00a14203d,2023-02-02T07:40:00+01:00,2023-02-02,07:40:00,-1.656,48.140,35238,35,Rennes,Rennes Métropole,France,2023-02-02T08:20:00+01:00,2023-02-02,08:20:00,-1.199,48.071,35109,35,Étrelles,CA Vitré Communauté,France,1,C,40129,40,OUI
12416395,86fc060e-c077-43bf-a58e-53b30a03762d,2023-02-02T07:50:00+01:00,2023-02-02,07:50:00,-1.697,48.136,35238,35,Rennes,Rennes Métropole,France,2023-02-02T08:30:00+01:00,2023-02-02,08:30:00,-1.987,48.627,35288,35,Saint-Malo,CA du Pays de Saint Malo Agglomération,France,1,C,62906,41,OUI
12297796,5e547364-3de6-4c67-b2f7-fb63c36adf7a,2023-02-02T07:50:00+01:00,2023-02-02,07:50:00,-1.768,48.147,35210,35,Pacé,Rennes Métropole,France,2023-02-02T08:00:00+01:00,2023-02-02,08:00:00,-1.688,48.160,35278,35,Saint-Grégoire,Rennes Métropole,France,1,B,6653,10,NON
12330085,67963a3a-c090-4d0d-be4c-405903339d2b,2023-02-02T07:50:00+01:00,2023-02-02,07:50:00,-1.694,48.131,35238,35,Rennes,Rennes Métropole,France,2023-02-02T08:30:00+01:00,2023-02-02,08:30:00,-1.189,48.346,35115,35,Fougères,CA Fougères Agglomération,France,1,C,50693,34,OUI
12416431,b979d1d3-0c49-48fb-813a-5f39ef36da2c,2023-02-02T07:50:00+01:00,2023-02-02,07:50:00,-1.712,48.082,35281,35,Saint-Jacques-de-la-Lande,Rennes Métropole,France,2023-02-02T08:00:00+01:00,2023-02-02,08:00:00,-1.686,48.152,35278,35,Saint-Grégoire,Rennes Métropole,France,1,C,10436,11,NON
12416400,d95f973e-d5c5-4383-9e78-ac1b3770b9c2,2023-02-02T07:50:00+01:00,2023-02-02,07:50:00,-1.627,48.139,35051,35,Cesson-Sévigné,Rennes Métropole,France,2023-02-02T08:20:00+01:00,2023-02-02,08:20:00,-1.194,48.359,35115,35,Fougères,CA Fougères Agglomération,France,1,C,43140,30,OUI
12416442,86fc060e-c077-43bf-a58e-53b30a03762d,2023-02-02T07:50:00+01:00,2023-02-02,07:50:00,-1.697,48.136,35238,35,Rennes,Rennes Métropole,France,2023-02-02T08:30:00+01:00,2023-02-02,08:30:00,-1.987,48.627,35288,35,Saint-Malo,CA du Pays de Saint Malo Agglomération,France,1,C,62906,41,OUI
12416745,b2f329e4-d8af-48e8-bce2-3ef11c07519b,2023-02-02T07:50:00+01:00,2023-02-02,07:50:00,-1.674,48.087,35238,35,Rennes,Rennes Métropole,France,2023-02-02T08:10:00+01:00,2023-02-02,08:10:00,-1.486,48.104,35039,35,Brécé,Rennes Métropole,France,1,C,17301,13,OUI
12291846,5de7b8a0-2c17-48b2-99a6-72707d81ee48,2023-02-02T07:50:00+01:00,2023-02-02,07:50:00,-1.619,48.114,35051,35,Cesson-Sévigné,Rennes Métropole,France,2023-02-02T08:20:00+01:00,2023-02-02,08:20:00,-1.195,48.069,35109,35,Étrelles,CA Vitré Communauté,France,1,C,33234,34,OUI
12297725,a7dda7f7-8451-47f7-a7c9-e10a2c1d33da,2023-02-02T07:50:00+01:00,2023-02-02,07:50:00,-1.640,48.115,35238,35,Rennes,Rennes Métropole,France,2023-02-02T08:30:00+01:00,2023-02-02,08:30:00,-1.194,48.069,35109,35,Étrelles,CA Vitré Communauté,France,1,C,36052,39,OUI
12291419,69b8a723-252a-4514-a566-09462650f2d0,2023-02-02T07:50:00+01:00,2023-02-02,07:50:00,-1.480,48.121,35039,35,Brécé,Rennes Métropole,France,2023-02-02T08:10:00+01:00,2023-02-02,08:10:00,-1.194,48.069,35109,35,Étrelles,CA Vitré Communauté,France,1,C,25741,23,OUI
12291719,a7dda7f7-8451-47f7-a7c9-e10a2c1d33da,2023-02-02T07:50:00+01:00,2023-02-02,07:50:00,-1.640,48.115,35238,35,Rennes,Rennes Métropole,France,2023-02-02T08:20:00+01:00,2023-02-02,08:20:00,-1.194,48.069,35109,35,Étrelles,CA Vitré Communauté,France,1,C,36052,27,OUI
12291853,5de7b8a0-2c17-48b2-99a6-72707d81ee48,2023-02-02T07:50:00+01:00,2023-02-02,07:50:00,-1.619,48.114,35051,35,Cesson-Sévigné,Rennes Métropole,France,2023-02-02T08:20:00+01:00,2023-02-02,08:20:00,-1.195,48.069,35109,35,Étrelles,CA Vitré Communauté,France,1,C,33234,30,OUI
12417206,241037c9-b110-413f-b884-bc273eb6a7aa,2023-02-02T08:00:00+01:00,2023-02-02,08:00:00,-1.590,48.113,35051,35,Cesson-Sévigné,Rennes Métropole,France,2023-02-02T08:10:00+01:00,2023-02-02,08:10:00,-1.427,48.100,35068,35,Châteaubourg,CA Vitré Communauté,France,1,C,12760,9,OUI
12416934,00e3c24f-db0a-4e05-ab9e-92d81cb24b83,2023-02-02T08:00:00+01:00,2023-02-02,08:00:00,-1.630,48.092,35238,35,Rennes,Rennes Métropole,France,2023-02-02T08:40:00+01:00,2023-02-02,08:40:00,-1.324,48.402,35257,35,Maen Roch,CC Couesnon Marches de Bretagne,France,1,B,50364,30,OUI
12417046,ce10b5c4-4087-4d00-9eaa-4f3a6956a9c1,2023-02-02T08:00:00+01:00,2023-02-02,08:00:00,-1.680,48.117,35238,35,Rennes,Rennes Métropole,France,2023-02-02T08:50:00+01:00,2023-02-02,08:50:00,-1.986,48.628,35288,35,Saint-Malo,CA du Pays de Saint Malo Agglomération,France,1,B,65377,43,OUI
12291310,81b4daff-160f-4795-b4b8-61c4cfe6a020,2023-02-02T08:00:00+01:00,2023-02-02,08:00:00,-1.714,48.079,35281,35,Saint-Jacques-de-la-Lande,Rennes Métropole,France,2023-02-02T08:10:00+01:00,2023-02-02,08:10:00,-1.754,48.029,35047,35,Bruz,Rennes Métropole,France,1,C,7788,11,OUI
12291468,9682cd1d-0f62-44fa-82aa-adbecbde759f,2023-02-02T08:00:00+01:00,2023-02-02,08:00:00,-1.647,48.122,35238,35,Rennes,Rennes Métropole,France,2023-02-02T08:10:00+01:00,2023-02-02,08:10:00,-1.613,48.127,35051,35,Cesson-Sévigné,Rennes Métropole,France,1,C,2937,8,OUI
12291815,eeb383ce-75f9-4d10-867c-7d4c868952be,2023-02-02T08:00:00+01:00,2023-02-02,08:00:00,-1.799,48.094,35240,35,Le Rheu,Rennes Métropole,France,2023-02-02T08:10:00+01:00,2023-02-02,08:10:00,-1.762,48.147,35210,35,Pacé,Rennes Métropole,France,1,C,8294,12,OUI
12297900,4c2f7f17-0d6b-44cb-9962-a3e3e622c57d,2023-02-02T08:00:00+01:00,2023-02-02,08:00:00,-1.794,48.099,35240,35,Le Rheu,Rennes Métropole,France,2023-02-02T08:10:00+01:00,2023-02-02,08:10:00,-1.697,48.154,35278,35,Saint-Grégoire,Rennes Métropole,France,1,B,12021,18,NON
12298015,fa464aa6-5290-4b41-9610-f56f8ee47267,2023-02-02T08:00:00+01:00,2023-02-02,08:00:00,-1.768,48.147,35210,35,Pacé,Rennes Métropole,France,2023-02-02T08:20:00+01:00,2023-02-02,08:20:00,-1.622,48.135,35051,35,Cesson-Sévigné,Rennes Métropole,France,1,B,12655,21,NON
12347659,124e190e-3773-417b-a367-eabed11f1de7,2023-02-02T08:00:00+01:00,2023-02-02,08:00:00,-1.710,48.085,35281,35,Saint-Jacques-de-la-Lande,Rennes Métropole,France,2023-02-02T08:20:00+01:00,2023-02-02,08:20:00,-1.637,48.095,35238,35,Rennes,Rennes Métropole,France,1,C,8670,13,OUI
12417025,02991862-e034-489f-9803-7424cbb618a5,2023-02-02T08:00:00+01:00,2023-02-02,08:00:00,-1.628,48.140,35051,35,Cesson-Sévigné,Rennes Métropole,France,2023-02-02T08:30:00+01:00,2023-02-02,08:30:00,-1.175,48.334,35137,35,Javené,CA Fougères Agglomération,France,1,C,44688,28,OUI
12417086,5d83d72b-6c4a-4551-958a-8ce3ebec3383,2023-02-02T08:00:00+01:00,2023-02-02,08:00:00,-1.788,48.220,35120,35,Gévezé,Rennes Métropole,France,2023-02-02T08:10:00+01:00,2023-02-02,08:10:00,-1.696,48.154,35278,35,Saint-Grégoire,Rennes Métropole,France,1,C,11899,10,NON
12417196,a5e13188-e3c5-4160-84b5-cdec72bab8e2,2023-02-02T08:00:00+01:00,2023-02-02,08:00:00,-1.658,48.091,35238,35,Rennes,Rennes Métropole,France,2023-02-02T08:10:00+01:00,2023-02-02,08:10:00,-1.693,48.040,35066,35,Chartres-de-Bretagne,Rennes Métropole,France,1,B,8346,8,NON
12417488,f2373910-4206-4cb2-8f0d-1f04cffd5596,2023-02-02T08:10:00+01:00,2023-02-02,08:10:00,-1.718,48.067,35281,35,Saint-Jacques-de-la-Lande,Rennes Métropole,France,2023-02-02T08:30:00+01:00,2023-02-02,08:30:00,-1.620,48.099,35051,35,Cesson-Sévigné,Rennes Métropole,France,1,C,11859,11,OUI
12417505,b7362d80-1d93-4d36-ade0-7c9ca2f29daf,2023-02-02T08:10:00+01:00,2023-02-02,08:10:00,-1.674,48.087,35238,35,Rennes,Rennes Métropole,France,2023-02-02T08:50:00+01:00,2023-02-02,08:50:00,-1.196,48.345,35115,35,Fougères,CA Fougères Agglomération,France,1,C,56462,38,OUI
12291569,9682cd1d-0f62-44fa-82aa-adbecbde759f,2023-02-02T08:10:00+01:00,2023-02-02,08:10:00,-1.647,48.122,35238,35,Rennes,Rennes Métropole,France,2023-02-02T08:20:00+01:00,2023-02-02,08:20:00,-1.613,48.127,35051,35,Cesson-Sévigné,Rennes Métropole,France,1,C,2937,8,OUI
12292727,bc40b667-ee87-45c7-b7fc-d5d721998e4e,2023-02-02T08:10:00+01:00,2023-02-02,08:10:00,-1.486,48.104,35039,35,Brécé,Rennes Métropole,France,2023-02-02T08:30:00+01:00,2023-02-02,08:30:00,-1.704,48.120,35238,35,Rennes,Rennes Métropole,France,1,C,22014,27,OUI
12293264,46119698-26b1-4267-b1d7-e0df117304cb,2023-02-02T08:10:00+01:00,2023-02-02,08:10:00,-1.621,48.132,35051,35,Cesson-Sévigné,Rennes Métropole,France,2023-02-02T08:50:00+01:00,2023-02-02,08:50:00,-1.202,48.330,35137,35,Javené,CA Fougères Agglomération,France,1,C,45513,33,OUI
12293272,46119698-26b1-4267-b1d7-e0df117304cb,2023-02-02T08:10:00+01:00,2023-02-02,08:10:00,-1.620,48.136,35051,35,Cesson-Sévigné,Rennes Métropole,France,2023-02-02T08:50:00+01:00,2023-02-02,08:50:00,-1.203,48.330,35137,35,Javené,CA Fougères Agglomération,France,1,C,45524,34,OUI
12298135,ef034146-4a3a-47d8-9088-333e045b7155,2023-02-02T08:10:00+01:00,2023-02-02,08:10:00,-1.768,48.147,35210,35,Pacé,Rennes Métropole,France,2023-02-02T08:20:00+01:00,2023-02-02,08:20:00,-1.794,48.099,35240,35,Le Rheu,Rennes Métropole,France,1,B,6696,10,NON
12298139,897d5fa5-d7a6-4578-83e3-da8ca03f5f3c,2023-02-02T08:10:00+01:00,2023-02-02,08:10:00,-1.794,48.099,35240,35,Le Rheu,Rennes Métropole,France,2023-02-02T08:20:00+01:00,2023-02-02,08:20:00,-1.768,48.147,35210,35,Pacé,Rennes Métropole,France,1,B,6829,11,NON
12417511,c5f80f1c-8f20-4fa7-b8f8-37d714c9cbde,2023-02-02T08:10:00+01:00,2023-02-02,08:10:00,-1.656,48.110,35238,35,Rennes,Rennes Métropole,France,2023-02-02T08:50:00+01:00,2023-02-02,08:50:00,-1.194,48.349,35115,35,Fougères,CA Fougères Agglomération,France,1,C,50378,36,OUI
12417531,a5027643-3ff0-4e0b-af83-746cdb5f88d0,2023-02-02T08:10:00+01:00,2023-02-02,08:10:00,-1.658,48.122,35238,35,Rennes,Rennes Métropole,France,2023-02-02T08:50:00+01:00,2023-02-02,08:50:00,-1.202,48.346,35115,35,Fougères,CA Fougères Agglomération,France,1,B,46747,33,OUI
12293083,6a5079bf-f805-45d2-aea2-5536529f589f,2023-02-02T08:10:00+01:00,2023-02-02,08:10:00,-1.604,48.045,35352,35,Vern-sur-Seiche,Rennes Métropole,France,2023-02-02T08:40:00+01:00,2023-02-02,08:40:00,-1.267,48.075,35338,35,Torcé,CA Vitré Communauté,France,1,C,35679,28,OUI
12417623,08b488c9-c643-474b-a44a-8bb0ea01c99d,2023-02-02T08:20:00+01:00,2023-02-02,08:20:00,-1.751,48.028,35047,35,Bruz,Rennes Métropole,France,2023-02-02T08:20:00+01:00,2023-02-02,08:20:00,-1.746,48.044,35047,35,Bruz,Rennes Métropole,France,1,B,2480,3,NON
12417644,30bf390c-ce70-47c3-99fa-6256f709c23d,2023-02-02T08:20:00+01:00,2023-02-02,08:20:00,-1.540,48.133,35001,35,Acigné,Rennes Métropole,France,2023-02-02T08:30:00+01:00,2023-02-02,08:30:00,-1.697,48.151,35278,35,Saint-Grégoire,Rennes Métropole,France,1,B,14294,12,OUI
12298190,ab5b3b1e-5aa1-4274-a107-6932cbc75142,2023-02-02T08:20:00+01:00,2023-02-02,08:20:00,-1.794,48.099,35240,35,Le Rheu,Rennes Métropole,France,2023-02-02T08:30:00+01:00,2023-02-02,08:30:00,-1.697,48.154,35278,35,Saint-Grégoire,Rennes Métropole,France,1,B,12021,18,NON
12347644,60836d19-a76a-4c33-95e5-40c59927e8b6,2023-02-02T08:20:00+01:00,2023-02-02,08:20:00,-1.705,48.026,35066,35,Chartres-de-Bretagne,Rennes Métropole,France,2023-02-02T08:40:00+01:00,2023-02-02,08:40:00,-1.668,48.106,35238,35,Rennes,Rennes Métropole,France,1,C,12820,22,OUI
12347658,9a5c43cd-b275-45a3-b2ea-8808878ee4da,2023-02-02T08:20:00+01:00,2023-02-02,08:20:00,-1.854,48.126,35065,35,La Chapelle-Thouarault,Rennes Métropole,France,2023-02-02T08:50:00+01:00,2023-02-02,08:50:00,-1.686,48.144,35278,35,Saint-Grégoire,Rennes Métropole,France,1,C,18115,23,OUI
12348955,608c6dd7-408d-4464-bc50-21c7799596c7,2023-02-02T08:20:00+01:00,2023-02-02,08:20:00,-1.700,48.087,35281,35,Saint-Jacques-de-la-Lande,Rennes Métropole,France,2023-02-02T08:40:00+01:00,2023-02-02,08:40:00,-1.740,48.049,35047,35,Bruz,Rennes Métropole,France,1,C,6427,14,OUI
12349944,f5a9897b-c842-43be-9a2a-6c7977118cd5,2023-02-02T08:20:00+01:00,2023-02-02,08:20:00,-1.838,48.079,35196,35,Mordelles,Rennes Métropole,France,2023-02-02T08:50:00+01:00,2023-02-02,08:50:00,-1.714,48.113,35238,35,Rennes,Rennes Métropole,France,1,C,11635,25,OUI
12417567,b7362d80-1d93-4d36-ade0-7c9ca2f29daf,2023-02-02T08:20:00+01:00,2023-02-02,08:20:00,-1.674,48.087,35238,35,Rennes,Rennes Métropole,France,2023-02-02T09:00:00+01:00,2023-02-02,09:00:00,-1.196,48.345,35115,35,Fougères,CA Fougères Agglomération,France,1,C,56462,38,OUI
12417714,b6632091-9f58-4cef-90ef-f39460370fcb,2023-02-02T08:20:00+01:00,2023-02-02,08:20:00,-1.660,48.110,35238,35,Rennes,Rennes Métropole,France,2023-02-02T08:40:00+01:00,2023-02-02,08:40:00,-1.744,48.045,35047,35,Bruz,Rennes Métropole,France,1,C,11567,14,NON
12417767,4a4ea392-6242-4b92-ae31-4e7c21977871,2023-02-02T08:20:00+01:00,2023-02-02,08:20:00,-1.615,48.132,35051,35,Cesson-Sévigné,Rennes Métropole,France,2023-02-02T08:50:00+01:00,2023-02-02,08:50:00,-1.204,48.351,35115,35,Fougères,CA Fougères Agglomération,France,1,B,43641,30,OUI
12417779,791193fe-ac96-4205-99f3-5cc89b6395fd,2023-02-02T08:20:00+01:00,2023-02-02,08:20:00,-1.713,48.120,35238,35,Rennes,Rennes Métropole,France,2023-02-02T08:30:00+01:00,2023-02-02,08:30:00,-1.825,48.150,35275,35,Saint-Gilles,Rennes Métropole,France,1,C,10066,8,NON
12420520,61f3eb52-42fc-4665-9624-2120a946b4ce,2023-02-02T08:20:00+01:00,2023-02-02,08:20:00,-1.751,48.028,35047,35,Bruz,Rennes Métropole,France,2023-02-02T08:30:00+01:00,2023-02-02,08:30:00,-1.693,48.040,35066,35,Chartres-de-Bretagne,Rennes Métropole,France,1,C,6563,7,NON
12420746,4468165e-f1a0-444c-8712-9790f45cfff2,2023-02-02T08:30:00+01:00,2023-02-02,08:30:00,-1.731,48.177,35059,35,La Chapelle-des-Fougeretz,Rennes Métropole,France,2023-02-02T08:50:00+01:00,2023-02-02,08:50:00,-1.506,48.103,35207,35,Noyal-sur-Vilaine,CC Pays de Châteaugiron Communauté,France,1,C,23582,18,OUI
12298359,49d4d40b-9a20-4f3d-a422-07cb91393cf4,2023-02-02T08:30:00+01:00,2023-02-02,08:30:00,-1.768,48.147,35210,35,Pacé,Rennes Métropole,France,2023-02-02T08:40:00+01:00,2023-02-02,08:40:00,-1.794,48.099,35240,35,Le Rheu,Rennes Métropole,France,1,B,6696,10,NON
12298384,f647931f-ad57-4b91-bed5-ac3151b99f3f,2023-02-02T08:30:00+01:00,2023-02-02,08:30:00,-1.768,48.147,35210,35,Pacé,Rennes Métropole,France,2023-02-02T08:50:00+01:00,2023-02-02,08:50:00,-1.622,48.135,35051,35,Cesson-Sévigné,Rennes Métropole,France,1,B,12655,21,NON
12330043,042c3a9f-6e7c-4cf3-b755-b888a54051d6,2023-02-02T08:30:00+01:00,2023-02-02,08:30:00,-1.840,48.149,35275,35,Saint-Gilles,Rennes Métropole,France,2023-02-02T08:40:00+01:00,2023-02-02,08:40:00,-1.708,48.122,35238,35,Rennes,Rennes Métropole,France,1,C,12854,11,OUI
12420604,c1a9677f-d2ad-445e-9f48-20964f946ee2,2023-02-02T08:30:00+01:00,2023-02-02,08:30:00,-1.616,48.112,35051,35,Cesson-Sévigné,Rennes Métropole,France,2023-02-02T08:40:00+01:00,2023-02-02,08:40:00,-1.684,48.107,35238,35,Rennes,Rennes Métropole,France,1,C,6692,10,NON
12293478,c44adaa3-7bfb-4387-a9e7-edeb48c953d6,2023-02-02T08:30:00+01:00,2023-02-02,08:30:00,-1.535,48.132,35001,35,Acigné,Rennes Métropole,France,2023-02-02T08:50:00+01:00,2023-02-02,08:50:00,-1.263,48.078,35338,35,Torcé,CA Vitré Communauté,France,1,C,23743,24,OUI
12294153,830c45d4-5f95-48eb-a65a-7bedbb51508f,2023-02-02T08:30:00+01:00,2023-02-02,08:30:00,-1.709,48.108,35238,35,Rennes,Rennes Métropole,France,2023-02-02T09:10:00+01:00,2023-02-02,09:10:00,-1.267,48.075,35338,35,Torcé,CA Vitré Communauté,France,1,C,38486,39,OUI
12294328,63f4c0e3-2d3a-4b0d-b4ae-91dc6beb6645,2023-02-02T08:30:00+01:00,2023-02-02,08:30:00,-1.655,48.118,35238,35,Rennes,Rennes Métropole,France,2023-02-02T09:10:00+01:00,2023-02-02,09:10:00,-1.182,48.124,35360,35,Vitré,CA Vitré Communauté,France,1,C,40930,44,OUI
12420841,222ae624-853c-40db-a535-ac6b198e2cf5,2023-02-02T08:40:00+01:00,2023-02-02,08:40:00,-1.696,48.091,35281,35,Saint-Jacques-de-la-Lande,Rennes Métropole,France,2023-02-02T09:00:00+01:00,2023-02-02,09:00:00,-1.754,48.119,35353,35,Vezin-le-Coquet,Rennes Métropole,France,1,C,8592,10,OUI
12293731,8c2f16d9-f9cf-479c-9fba-af451ac72b20,2023-02-02T08:40:00+01:00,2023-02-02,08:40:00,-1.640,48.094,35238,35,Rennes,Rennes Métropole,France,2023-02-02T09:00:00+01:00,2023-02-02,09:00:00,-1.624,48.130,35051,35,Cesson-Sévigné,Rennes Métropole,France,1,C,6786,18,OUI
12294137,73a13027-e180-4173-bf37-f876dd19f9db,2023-02-02T08:40:00+01:00,2023-02-02,08:40:00,-1.793,48.077,35076,35,Chavagne,Rennes Métropole,France,2023-02-02T09:00:00+01:00,2023-02-02,09:00:00,-2.117,47.940,56075,56,Guer,CC de l'Oust à Brocéliande,France,1,C,36354,22,OUI
12294764,92fe36c7-a3d9-48b4-b45e-651a93f86892,2023-02-02T08:40:00+01:00,2023-02-02,08:40:00,-1.702,48.105,35238,35,Rennes,Rennes Métropole,France,2023-02-02T09:30:00+01:00,2023-02-02,09:30:00,-2.117,47.941,56075,56,Guer,CC de l'Oust à Brocéliande,France,1,C,44622,48,OUI
12298425,db7685f7-7e67-49db-bcc3-e0c311683627,2023-02-02T08:40:00+01:00,2023-02-02,08:40:00,-1.794,48.099,35240,35,Le Rheu,Rennes Métropole,France,2023-02-02T08:50:00+01:00,2023-02-02,08:50:00,-1.768,48.147,35210,35,Pacé,Rennes Métropole,France,1,B,6829,11,NON
12298468,d8e10804-3920-4db5-adaa-80f624223d39,2023-02-02T08:40:00+01:00,2023-02-02,08:40:00,-1.768,48.147,35210,35,Pacé,Rennes Métropole,France,2023-02-02T09:00:00+01:00,2023-02-02,09:00:00,-1.622,48.135,35051,35,Cesson-Sévigné,Rennes Métropole,France,1,B,12655,21,NON
12298482,3d1fe8be-8eed-41ea-9bdb-f2dc07d89cf1,2023-02-02T08:40:00+01:00,2023-02-02,08:40:00,-1.688,48.160,35278,35,Saint-Grégoire,Rennes Métropole,France,2023-02-02T08:50:00+01:00,2023-02-02,08:50:00,-1.622,48.135,35051,35,Cesson-Sévigné,Rennes Métropole,France,1,B,7547,11,NON
12298519,e84a9e60-fdd1-48dc-8ef3-747d23b6cf5e,2023-02-02T08:40:00+01:00,2023-02-02,08:40:00,-1.794,48.099,35240,35,Le Rheu,Rennes Métropole,France,2023-02-02T09:00:00+01:00,2023-02-02,09:00:00,-1.768,48.147,35210,35,Pacé,Rennes Métropole,France,1,B,6829,11,NON
12349702,62075f94-38fb-4681-a68f-6332d21d4c17,2023-02-02T08:40:00+01:00,2023-02-02,08:40:00,-1.817,48.125,35131,35,L'Hermitage,Rennes Métropole,France,2023-02-02T09:00:00+01:00,2023-02-02,09:00:00,-1.834,48.068,35196,35,Mordelles,Rennes Métropole,France,1,C,7383,14,OUI
12298530,24f1797e-521b-4ce7-ba6d-4b4af8f4747e,2023-02-02T08:50:00+01:00,2023-02-02,08:50:00,-1.768,48.147,35210,35,Pacé,Rennes Métropole,France,2023-02-02T08:50:00+01:00,2023-02-02,08:50:00,-1.688,48.160,35278,35,Saint-Grégoire,Rennes Métropole,France,1,B,6653,10,NON
12420894,4c6036aa-618f-4ce5-a201-45f51beb3912,2023-02-02T08:50:00+01:00,2023-02-02,08:50:00,-1.682,48.122,35238,35,Rennes,Rennes Métropole,France,2023-02-02T08:50:00+01:00,2023-02-02,08:50:00,-1.710,48.126,35238,35,Rennes,Rennes Métropole,France,1,B,2973,4,OUI
12420999,057ab40f-7311-43f8-8fb0-2ff957d9f71e,2023-02-02T09:20:00+01:00,2023-02-02,09:20:00,-1.848,48.071,35196,35,Mordelles,Rennes Métropole,France,2023-02-02T09:30:00+01:00,2023-02-02,09:30:00,-1.777,48.144,35210,35,Pacé,Rennes Métropole,France,1,C,11984,12,NON
12421667,ddbb47d0-cdd3-4e04-86da-c81e442fd6b7,2023-02-02T09:30:00+01:00,2023-02-02,09:30:00,-1.497,47.955,35136,35,Janzé,CC Roche aux Fées Communauté,France,2023-02-02T09:50:00+01:00,2023-02-02,09:50:00,-1.651,48.084,35238,35,Rennes,Rennes Métropole,France,1,B,21722,16,OUI
12421663,d4dba168-6fbf-48df-8123-6d142fc822c2,2023-02-02T09:50:00+01:00,2023-02-02,09:50:00,-1.689,48.090,35238,35,Rennes,Rennes Métropole,France,2023-02-02T10:10:00+01:00,2023-02-02,10:10:00,-1.610,48.042,35352,35,Vern-sur-Seiche,Rennes Métropole,France,1,C,10530,10,OUI
12295321,c9338551-b69e-4293-a858-e28d7c2bcf17,2023-02-02T10:10:00+01:00,2023-02-02,10:10:00,-1.708,48.121,35238,35,Rennes,Rennes Métropole,France,2023-02-02T10:30:00+01:00,2023-02-02,10:30:00,-1.405,48.109,35068,35,Châteaubourg,CA Vitré Communauté,France,1,C,28731,24,OUI
12296067,3ef125bf-cee3-4e4a-a89d-8ab6b6e05443,2023-02-02T11:00:00+01:00,2023-02-02,11:00:00,-1.705,48.128,35238,35,Rennes,Rennes Métropole,France,2023-02-02T11:40:00+01:00,2023-02-02,11:40:00,-1.265,48.038,35350,35,Vergéal,CA Vitré Communauté,France,1,C,42630,49,OUI
12296146,0b3511c7-c6de-462f-be88-18802018842f,2023-02-02T11:40:00+01:00,2023-02-02,11:40:00,-1.652,48.121,35238,35,Rennes,Rennes Métropole,France,2023-02-02T12:00:00+01:00,2023-02-02,12:00:00,-1.673,48.089,35238,35,Rennes,Rennes Métropole,France,1,C,6326,19,NON
12330167,d994dc6e-45f0-46d6-bd63-23ff3e49ef5d,2023-02-02T12:00:00+01:00,2023-02-02,12:00:00,-1.713,48.122,35238,35,Rennes,Rennes Métropole,France,2023-02-02T12:40:00+01:00,2023-02-02,12:40:00,-1.898,48.502,35179,35,Miniac-Morvan,CA du Pays de Saint Malo Agglomération,France,1,C,49756,33,OUI
12296816,43e59b68-79b4-451b-8a53-151827cf75e6,2023-02-02T12:20:00+01:00,2023-02-02,12:20:00,-1.692,48.118,35238,35,Rennes,Rennes Métropole,France,2023-02-02T12:50:00+01:00,2023-02-02,12:50:00,-2.158,48.268,22305,22,Saint-Jouan-de-l'Isle,CA Dinan Agglomération,France,1,C,41899,34,OUI
12301863,33671daf-9f78-4f9a-865d-4f69309d9719,2023-02-02T12:20:00+01:00,2023-02-02,12:20:00,-1.697,48.085,35238,35,Rennes,Rennes Métropole,France,2023-02-02T12:50:00+01:00,2023-02-02,12:50:00,-1.497,48.224,35152,35,Liffré,CC Liffré-Cormier Communauté,France,1,C,28061,31,OUI
12296883,b2c43a83-cc2f-4454-9626-99348108bc07,2023-02-02T12:30:00+01:00,2023-02-02,12:30:00,-1.681,48.090,35238,35,Rennes,Rennes Métropole,France,2023-02-02T13:00:00+01:00,2023-02-02,13:00:00,-1.497,48.225,35152,35,Liffré,CC Liffré-Cormier Communauté,France,1,C,28487,28,OUI
12296888,b2c43a83-cc2f-4454-9626-99348108bc07,2023-02-02T12:30:00+01:00,2023-02-02,12:30:00,-1.675,48.086,35238,35,Rennes,Rennes Métropole,France,2023-02-02T13:00:00+01:00,2023-02-02,13:00:00,-1.497,48.225,35152,35,Liffré,CC Liffré-Cormier Communauté,France,1,C,27447,22,OUI
12296896,b2c43a83-cc2f-4454-9626-99348108bc07,2023-02-02T12:30:00+01:00,2023-02-02,12:30:00,-1.663,48.085,35238,35,Rennes,Rennes Métropole,France,2023-02-02T13:00:00+01:00,2023-02-02,13:00:00,-1.497,48.225,35152,35,Liffré,CC Liffré-Cormier Communauté,France,1,C,26908,27,OUI
12296952,33671daf-9f78-4f9a-865d-4f69309d9719,2023-02-02T12:30:00+01:00,2023-02-02,12:30:00,-1.668,48.087,35238,35,Rennes,Rennes Métropole,France,2023-02-02T13:00:00+01:00,2023-02-02,13:00:00,-1.498,48.224,35152,35,Liffré,CC Liffré-Cormier Communauté,France,1,C,26893,32,OUI
12297026,2f6da938-1ccd-4894-bab3-1b07c1492290,2023-02-02T12:30:00+01:00,2023-02-02,12:30:00,-1.646,48.117,35238,35,Rennes,Rennes Métropole,France,2023-02-02T13:00:00+01:00,2023-02-02,13:00:00,-1.199,48.069,35109,35,Étrelles,CA Vitré Communauté,France,1,C,36396,34,OUI
12301834,2f6da938-1ccd-4894-bab3-1b07c1492290,2023-02-02T12:30:00+01:00,2023-02-02,12:30:00,-1.646,48.117,35238,35,Rennes,Rennes Métropole,France,2023-02-02T13:10:00+01:00,2023-02-02,13:10:00,-1.199,48.069,35109,35,Étrelles,CA Vitré Communauté,France,1,C,36396,39,OUI
12297060,557bf8e8-992c-4fec-a2d9-ff33f78723fb,2023-02-02T12:40:00+01:00,2023-02-02,12:40:00,-1.675,48.087,35238,35,Rennes,Rennes Métropole,France,2023-02-02T13:10:00+01:00,2023-02-02,13:10:00,-1.497,48.225,35152,35,Liffré,CC Liffré-Cormier Communauté,France,1,C,27439,25,OUI
12297061,557bf8e8-992c-4fec-a2d9-ff33f78723fb,2023-02-02T12:40:00+01:00,2023-02-02,12:40:00,-1.674,48.087,35238,35,Rennes,Rennes Métropole,France,2023-02-02T13:10:00+01:00,2023-02-02,13:10:00,-1.497,48.224,35152,35,Liffré,CC Liffré-Cormier Communauté,France,1,C,28102,25,OUI
12353966,9eb83442-bff8-45da-86e1-155219b962b2,2023-02-02T13:50:00+01:00,2023-02-02,13:50:00,-1.692,48.096,35281,35,Saint-Jacques-de-la-Lande,Rennes Métropole,France,2023-02-02T14:10:00+01:00,2023-02-02,14:10:00,-1.742,48.047,35047,35,Bruz,Rennes Métropole,France,1,C,7739,18,OUI
12353970,9eb83442-bff8-45da-86e1-155219b962b2,2023-02-02T13:50:00+01:00,2023-02-02,13:50:00,-1.692,48.096,35281,35,Saint-Jacques-de-la-Lande,Rennes Métropole,France,2023-02-02T14:10:00+01:00,2023-02-02,14:10:00,-1.742,48.047,35047,35,Bruz,Rennes Métropole,France,1,C,7739,18,OUI
12347879,f1294115-48ec-4913-a48c-a88c744b6732,2023-02-02T15:10:00+01:00,2023-02-02,15:10:00,-1.488,47.952,35136,35,Janzé,CC Roche aux Fées Communauté,France,2023-02-02T15:30:00+01:00,2023-02-02,15:30:00,-1.388,47.915,35239,35,Retiers,CC Roche aux Fées Communauté,France,1,C,10107,12,OUI
12425015,f805d4d7-6774-437a-b7f4-05711ad1c05f,2023-02-02T15:10:00+01:00,2023-02-02,15:10:00,-1.700,48.062,35066,35,Chartres-de-Bretagne,Rennes Métropole,France,2023-02-02T15:30:00+01:00,2023-02-02,15:30:00,-1.636,48.183,35024,35,Betton,Rennes Métropole,France,1,A,21602,18,OUI
12299340,98728d00-e1b6-4336-9a32-31920f8c3ab6,2023-02-02T15:10:00+01:00,2023-02-02,15:10:00,-1.663,48.125,35238,35,Rennes,Rennes Métropole,France,2023-02-02T16:00:00+01:00,2023-02-02,16:00:00,-1.196,48.117,35360,35,Vitré,CA Vitré Communauté,France,1,C,41082,51,OUI
12299204,ebdc4b71-aba5-4c31-a784-d19ade2e41d6,2023-02-02T15:20:00+01:00,2023-02-02,15:20:00,-1.507,48.108,35039,35,Brécé,Rennes Métropole,France,2023-02-02T15:50:00+01:00,2023-02-02,15:50:00,-1.295,47.952,35359,35,Visseiche,CA Vitré Communauté,France,1,C,30094,36,OUI
12299212,ebdc4b71-aba5-4c31-a784-d19ade2e41d6,2023-02-02T15:20:00+01:00,2023-02-02,15:20:00,-1.506,48.106,35039,35,Brécé,Rennes Métropole,France,2023-02-02T15:50:00+01:00,2023-02-02,15:50:00,-1.301,47.956,35359,35,Visseiche,CA Vitré Communauté,France,1,C,29303,33,OUI
12299200,ebdc4b71-aba5-4c31-a784-d19ade2e41d6,2023-02-02T15:20:00+01:00,2023-02-02,15:20:00,-1.506,48.106,35039,35,Brécé,Rennes Métropole,France,2023-02-02T15:50:00+01:00,2023-02-02,15:50:00,-1.302,47.956,35359,35,Visseiche,CA Vitré Communauté,France,1,C,29983,36,OUI
12425734,f37a22f3-c037-4c2b-a8a6-ff37651656f2,2023-02-02T15:50:00+01:00,2023-02-02,15:50:00,-1.628,48.140,35051,35,Cesson-Sévigné,Rennes Métropole,France,2023-02-02T16:10:00+01:00,2023-02-02,16:10:00,-1.232,48.355,35150,35,Lécousse,CA Fougères Agglomération,France,1,C,40355,24,OUI
12299882,84889342-6b8e-4b10-a73c-05ac93694910,2023-02-02T16:10:00+01:00,2023-02-02,16:10:00,-1.621,48.136,35051,35,Cesson-Sévigné,Rennes Métropole,France,2023-02-02T16:40:00+01:00,2023-02-02,16:40:00,-1.213,48.111,35360,35,Vitré,CA Vitré Communauté,France,1,C,36587,31,OUI
12425919,567b37e0-8abd-4da7-bfcd-145e51262238,2023-02-02T16:10:00+01:00,2023-02-02,16:10:00,-1.714,48.108,35238,35,Rennes,Rennes Métropole,France,2023-02-02T16:40:00+01:00,2023-02-02,16:40:00,-1.914,48.432,35226,35,Pleugueneuc,CC Bretagne Romantique,France,1,B,42473,27,OUI
12300358,14ce80ed-f2cc-4c79-beed-8951c1178c7c,2023-02-02T16:20:00+01:00,2023-02-02,16:20:00,-1.639,48.119,35238,35,Rennes,Rennes Métropole,France,2023-02-02T17:00:00+01:00,2023-02-02,17:00:00,-1.271,48.062,35338,35,Torcé,CA Vitré Communauté,France,1,C,32500,37,OUI
12300519,9b571800-42b3-4d5f-a27c-8130fe92c4b2,2023-02-02T16:30:00+01:00,2023-02-02,16:30:00,-1.742,48.048,35047,35,Bruz,Rennes Métropole,France,2023-02-02T17:10:00+01:00,2023-02-02,17:10:00,-1.268,48.074,35338,35,Torcé,CA Vitré Communauté,France,1,C,42007,34,OUI
12427702,a7c74bb7-b67e-42eb-bbc0-a159a22b6bd3,2023-02-02T16:30:00+01:00,2023-02-02,16:30:00,-1.704,48.056,35066,35,Chartres-de-Bretagne,Rennes Métropole,France,2023-02-02T16:50:00+01:00,2023-02-02,16:50:00,-1.638,48.121,35238,35,Rennes,Rennes Métropole,France,1,C,14546,14,NON
12300571,9fffe901-6d1e-42eb-b80a-3ffd8d920c2d,2023-02-02T16:40:00+01:00,2023-02-02,16:40:00,-1.696,48.146,35278,35,Saint-Grégoire,Rennes Métropole,France,2023-02-02T17:10:00+01:00,2023-02-02,17:10:00,-1.843,48.081,35196,35,Mordelles,Rennes Métropole,France,1,C,18086,25,OUI
12300136,da4be7ef-4516-4d45-b01e-9375de033593,2023-02-02T16:40:00+01:00,2023-02-02,16:40:00,-1.486,48.104,35039,35,Brécé,Rennes Métropole,France,2023-02-02T16:50:00+01:00,2023-02-02,16:50:00,-1.277,48.071,35338,35,Torcé,CA Vitré Communauté,France,1,C,18160,17,OUI
12301554,36739023-ae77-431a-8282-a4788f26c738,2023-02-02T16:40:00+01:00,2023-02-02,16:40:00,-1.597,48.129,35051,35,Cesson-Sévigné,Rennes Métropole,France,2023-02-02T17:20:00+01:00,2023-02-02,17:20:00,-1.124,48.101,35105,35,Erbrée,CA Vitré Communauté,France,1,C,43062,43,OUI
12427809,41bb0d80-b8f6-455e-a6da-3f4be32fcded,2023-02-02T16:50:00+01:00,2023-02-02,16:50:00,-1.643,48.087,35238,35,Rennes,Rennes Métropole,France,2023-02-02T17:00:00+01:00,2023-02-02,17:00:00,-1.516,48.040,35069,35,Châteaugiron,CC Pays de Châteaugiron Communauté,France,1,C,13294,13,NON
12427880,b4e46c54-5e71-4be7-9415-8388d74b64f1,2023-02-02T16:50:00+01:00,2023-02-02,16:50:00,-1.620,48.099,35051,35,Cesson-Sévigné,Rennes Métropole,France,2023-02-02T17:00:00+01:00,2023-02-02,17:00:00,-1.724,48.061,35281,35,Saint-Jacques-de-la-Lande,Rennes Métropole,France,1,B,12220,12,OUI
12300849,eee37a3a-d4ca-4e46-a1ac-199c3eeba1ab,2023-02-02T16:50:00+01:00,2023-02-02,16:50:00,-1.489,48.105,35039,35,Brécé,Rennes Métropole,France,2023-02-02T17:20:00+01:00,2023-02-02,17:20:00,-1.156,48.118,35105,35,Erbrée,CA Vitré Communauté,France,1,C,29107,31,OUI
12301364,03e7fad7-258b-4174-b489-1007449410e8,2023-02-02T17:00:00+01:00,2023-02-02,17:00:00,-1.495,48.108,35039,35,Brécé,Rennes Métropole,France,2023-02-02T17:30:00+01:00,2023-02-02,17:30:00,-1.210,48.132,35360,35,Vitré,CA Vitré Communauté,France,1,C,29402,31,OUI
12301685,c2ae9dea-7097-48f9-8abf-b30b727ad51a,2023-02-02T17:00:00+01:00,2023-02-02,17:00:00,-1.634,48.094,35238,35,Rennes,Rennes Métropole,France,2023-02-02T17:40:00+01:00,2023-02-02,17:40:00,-1.211,48.123,35360,35,Vitré,CA Vitré Communauté,France,1,C,36994,36,OUI
12428108,759f0195-ca50-46f6-b9d8-d8f38797c9a3,2023-02-02T17:00:00+01:00,2023-02-02,17:00:00,-1.742,48.047,35047,35,Bruz,Rennes Métropole,France,2023-02-02T17:20:00+01:00,2023-02-02,17:20:00,-2.006,48.036,35340,35,Treffendel,CC Brocéliande Communauté,France,1,C,24077,17,OUI
12428354,2a10d5a9-3a0e-4864-b746-889fbcb9fe0b,2023-02-02T17:00:00+01:00,2023-02-02,17:00:00,-1.693,48.114,35238,35,Rennes,Rennes Métropole,France,2023-02-02T17:30:00+01:00,2023-02-02,17:30:00,-1.413,48.259,35253,35,Saint-Aubin-du-Cormier,CC Liffré-Cormier Communauté,France,1,C,30274,21,OUI
12428393,fedec869-4276-4e87-8458-7708e91eaa92,2023-02-02T17:00:00+01:00,2023-02-02,17:00:00,-1.642,48.091,35238,35,Rennes,Rennes Métropole,France,2023-02-02T17:20:00+01:00,2023-02-02,17:20:00,-1.666,47.937,35090,35,Crevin,CC Bretagne porte de Loire Communauté,France,1,C,21047,15,OUI
12428431,1b8456dd-16ea-4e97-b45e-b5139218a292,2023-02-02T17:00:00+01:00,2023-02-02,17:00:00,-1.507,48.108,35039,35,Brécé,Rennes Métropole,France,2023-02-02T17:20:00+01:00,2023-02-02,17:20:00,-1.606,48.260,35251,35,Saint-Aubin-d'Aubigné,CC Val d'Ille-Aubigné,France,1,B,25947,19,OUI
12307893,b7e761eb-591d-45f2-8ba3-25ff7749a7a0,2023-02-02T17:10:00+01:00,2023-02-02,17:10:00,-1.688,48.160,35278,35,Saint-Grégoire,Rennes Métropole,France,2023-02-02T17:20:00+01:00,2023-02-02,17:20:00,-1.768,48.147,35210,35,Pacé,Rennes Métropole,France,1,B,6629,10,NON
12301293,62c17fd7-0036-498d-acc1-83bcdbe02ac1,2023-02-02T17:10:00+01:00,2023-02-02,17:10:00,-1.789,48.107,35240,35,Le Rheu,Rennes Métropole,France,2023-02-02T17:30:00+01:00,2023-02-02,17:30:00,-1.744,48.022,35047,35,Bruz,Rennes Métropole,France,1,C,13582,25,OUI
12348194,a969430f-88f9-4e27-93e4-d7f6b48b821e,2023-02-02T17:10:00+01:00,2023-02-02,17:10:00,-1.638,48.094,35238,35,Rennes,Rennes Métropole,France,2023-02-02T17:20:00+01:00,2023-02-02,17:20:00,-1.707,48.087,35281,35,Saint-Jacques-de-la-Lande,Rennes Métropole,France,1,C,7381,14,OUI
12354853,0da24812-d59e-4b66-b1a8-7a78d77603ac,2023-02-02T17:10:00+01:00,2023-02-02,17:10:00,-1.742,48.046,35047,35,Bruz,Rennes Métropole,France,2023-02-02T17:30:00+01:00,2023-02-02,17:30:00,-1.692,48.096,35281,35,Saint-Jacques-de-la-Lande,Rennes Métropole,France,1,C,7568,18,OUI
12428609,b935a229-a37d-49d8-b28f-4224ded924c8,2023-02-02T17:10:00+01:00,2023-02-02,17:10:00,-1.507,48.108,35039,35,Brécé,Rennes Métropole,France,2023-02-02T17:20:00+01:00,2023-02-02,17:20:00,-1.668,48.083,35238,35,Rennes,Rennes Métropole,France,1,C,14536,11,OUI
12301942,e0feff56-a359-4ec3-9c45-58fec7dfc931,2023-02-02T17:10:00+01:00,2023-02-02,17:10:00,-1.740,47.994,35047,35,Bruz,Rennes Métropole,France,2023-02-02T17:50:00+01:00,2023-02-02,17:50:00,-1.380,48.112,35068,35,Châteaubourg,CA Vitré Communauté,France,1,C,36775,42,OUI
12302062,e0feff56-a359-4ec3-9c45-58fec7dfc931,2023-02-02T17:10:00+01:00,2023-02-02,17:10:00,-1.740,47.994,35047,35,Bruz,Rennes Métropole,France,2023-02-02T17:50:00+01:00,2023-02-02,17:50:00,-1.364,48.116,35283,35,Saint-Jean-sur-Vilaine,CA Vitré Communauté,France,1,C,38108,45,OUI
12301972,db7ddf7d-5fbf-4350-801a-0429c16886de,2023-02-02T17:10:00+01:00,2023-02-02,17:10:00,-1.613,48.127,35051,35,Cesson-Sévigné,Rennes Métropole,France,2023-02-02T17:50:00+01:00,2023-02-02,17:50:00,-1.205,48.124,35360,35,Vitré,CA Vitré Communauté,France,1,C,37422,38,OUI
12301885,b2a1ed82-7af6-4675-aef8-d4739898c580,2023-02-02T17:10:00+01:00,2023-02-02,17:10:00,-1.690,48.132,35238,35,Rennes,Rennes Métropole,France,2023-02-02T17:50:00+01:00,2023-02-02,17:50:00,-1.218,48.109,35360,35,Vitré,CA Vitré Communauté,France,1,C,42563,33,OUI
12308023,d1ae812e-aad5-440a-bb58-bbcc45b6d261,2023-02-02T17:20:00+01:00,2023-02-02,17:20:00,-1.697,48.154,35278,35,Saint-Grégoire,Rennes Métropole,France,2023-02-02T17:30:00+01:00,2023-02-02,17:30:00,-1.768,48.147,35210,35,Pacé,Rennes Métropole,France,1,B,5572,7,NON
12354798,018de65c-83c8-45a4-8185-988c34813770,2023-02-02T17:20:00+01:00,2023-02-02,17:20:00,-1.623,48.127,35051,35,Cesson-Sévigné,Rennes Métropole,France,2023-02-02T17:50:00+01:00,2023-02-02,17:50:00,-1.830,48.150,35275,35,Saint-Gilles,Rennes Métropole,France,1,C,19428,24,NON
12428803,128f16ff-1709-4ef7-807d-c63cc66557e3,2023-02-02T17:20:00+01:00,2023-02-02,17:20:00,-1.702,48.115,35238,35,Rennes,Rennes Métropole,France,2023-02-02T17:40:00+01:00,2023-02-02,17:40:00,-2.047,48.205,35184,35,Montauban-de-Bretagne,CC de Saint-Méen Montauban,France,1,C,29025,19,OUI
12428836,128f16ff-1709-4ef7-807d-c63cc66557e3,2023-02-02T17:20:00+01:00,2023-02-02,17:20:00,-1.702,48.115,35238,35,Rennes,Rennes Métropole,France,2023-02-02T17:40:00+01:00,2023-02-02,17:40:00,-2.047,48.205,35184,35,Montauban-de-Bretagne,CC de Saint-Méen Montauban,France,1,C,29025,19,OUI
12428997,128f16ff-1709-4ef7-807d-c63cc66557e3,2023-02-02T17:20:00+01:00,2023-02-02,17:20:00,-1.703,48.117,35238,35,Rennes,Rennes Métropole,France,2023-02-02T17:40:00+01:00,2023-02-02,17:40:00,-2.047,48.205,35184,35,Montauban-de-Bretagne,CC de Saint-Méen Montauban,France,1,C,29119,19,OUI
12429012,515151a0-5f8b-4ad6-90fc-77218358dcb1,2023-02-02T17:20:00+01:00,2023-02-02,17:20:00,-1.707,48.121,35238,35,Rennes,Rennes Métropole,France,2023-02-02T17:40:00+01:00,2023-02-02,17:40:00,-1.409,48.258,35253,35,Saint-Aubin-du-Cormier,CC Liffré-Cormier Communauté,France,1,C,30567,20,OUI
12429044,bde3dc6f-729b-4124-8f8e-d2a750720a91,2023-02-02T17:20:00+01:00,2023-02-02,17:20:00,-1.628,48.134,35051,35,Cesson-Sévigné,Rennes Métropole,France,2023-02-02T17:40:00+01:00,2023-02-02,17:40:00,-1.432,48.294,35178,35,Mézières-sur-Couesnon,CC Liffré-Cormier Communauté,France,1,B,27009,18,OUI
12429061,99ec3f18-8334-4ac3-91f9-6666d06516aa,2023-02-02T17:20:00+01:00,2023-02-02,17:20:00,-1.694,48.131,35238,35,Rennes,Rennes Métropole,France,2023-02-02T18:00:00+01:00,2023-02-02,18:00:00,-2.027,48.455,22118,22,Lanvallay,CA Dinan Agglomération,France,1,C,48308,33,OUI
12431926,6978f8bc-b630-4af2-ad97-e0a969df08b6,2023-02-02T17:30:00+01:00,2023-02-02,17:30:00,-1.693,48.135,35278,35,Saint-Grégoire,Rennes Métropole,France,2023-02-02T18:10:00+01:00,2023-02-02,18:10:00,-2.051,48.453,22050,22,Dinan,CA Dinan Agglomération,France,1,C,51131,39,OUI
12308089,6a719122-a336-4d6e-810e-69823b225746,2023-02-02T17:30:00+01:00,2023-02-02,17:30:00,-1.794,48.099,35240,35,Le Rheu,Rennes Métropole,France,2023-02-02T17:40:00+01:00,2023-02-02,17:40:00,-1.768,48.147,35210,35,Pacé,Rennes Métropole,France,1,B,6829,11,NON
12302418,cd895c8a-6e58-4882-a1f6-700623922e37,2023-02-02T17:30:00+01:00,2023-02-02,17:30:00,-1.628,48.126,35051,35,Cesson-Sévigné,Rennes Métropole,France,2023-02-02T18:00:00+01:00,2023-02-02,18:00:00,-1.518,48.042,35099,35,Domloup,CC Pays de Châteaugiron Communauté,France,1,C,18665,24,NON
12330012,251294f8-ce51-491f-b91e-d643b9a96cdc,2023-02-02T17:30:00+01:00,2023-02-02,17:30:00,-1.744,48.044,35047,35,Bruz,Rennes Métropole,France,2023-02-02T17:50:00+01:00,2023-02-02,17:50:00,-1.649,48.087,35238,35,Rennes,Rennes Métropole,France,1,C,12807,12,OUI
12431735,d08c3d85-23e5-467e-a676-6a2034a919fb,2023-02-02T17:30:00+01:00,2023-02-02,17:30:00,-1.681,48.096,35238,35,Rennes,Rennes Métropole,France,2023-02-02T18:10:00+01:00,2023-02-02,18:10:00,-2.127,47.929,56075,56,Guer,CC de l'Oust à Brocéliande,France,1,C,45350,32,OUI
12431876,161b5ed9-f3b5-461b-9364-74d7a2a24c49,2023-02-02T17:30:00+01:00,2023-02-02,17:30:00,-1.507,48.108,35039,35,Brécé,Rennes Métropole,France,2023-02-02T17:50:00+01:00,2023-02-02,17:50:00,-1.731,48.177,35059,35,La Chapelle-des-Fougeretz,Rennes Métropole,France,1,C,22631,18,OUI
12432016,165796bd-a20d-4119-b1ef-0ef50a27f164,2023-02-02T17:30:00+01:00,2023-02-02,17:30:00,-1.628,48.127,35051,35,Cesson-Sévigné,Rennes Métropole,France,2023-02-02T18:10:00+01:00,2023-02-02,18:10:00,-1.915,48.448,35308,35,Mesnil-Roc'h,CC Bretagne Romantique,France,1,C,46879,32,OUI
12432079,5a9e628f-53fb-46d7-9bda-858e8473ac0b,2023-02-02T17:30:00+01:00,2023-02-02,17:30:00,-1.654,48.110,35238,35,Rennes,Rennes Métropole,France,2023-02-02T18:00:00+01:00,2023-02-02,18:00:00,-1.413,48.259,35253,35,Saint-Aubin-du-Cormier,CC Liffré-Cormier Communauté,France,1,C,28047,20,OUI
12432081,300cc4f0-1623-4af2-855a-8416215a2308,2023-02-02T17:30:00+01:00,2023-02-02,17:30:00,-1.704,48.093,35281,35,Saint-Jacques-de-la-Lande,Rennes Métropole,France,2023-02-02T17:50:00+01:00,2023-02-02,17:50:00,-1.816,48.302,35337,35,Tinténiac,CC Bretagne Romantique,France,1,B,28191,19,OUI
12432192,b5e49a29-3948-4c9d-a3d7-083794e1cb2b,2023-02-02T17:30:00+01:00,2023-02-02,17:30:00,-1.684,48.131,35238,35,Rennes,Rennes Métropole,France,2023-02-02T18:20:00+01:00,2023-02-02,18:20:00,-2.041,48.442,22050,22,Dinan,CA Dinan Agglomération,France,1,C,52102,40,OUI
12432331,ee39995c-677a-4615-9a26-fe00b1749d60,2023-02-02T17:40:00+01:00,2023-02-02,17:40:00,-1.675,48.097,35238,35,Rennes,Rennes Métropole,France,2023-02-02T18:50:00+01:00,2023-02-02,18:50:00,-1.584,47.261,44114,44,Orvault,Nantes Métropole,France,1,C,98450,62,OUI
12308692,8d46ed0f-5fe1-4f60-bae1-ecddfd23f92b,2023-02-02T17:40:00+01:00,2023-02-02,17:40:00,-1.707,48.128,35238,35,Rennes,Rennes Métropole,France,2023-02-02T17:50:00+01:00,2023-02-02,17:50:00,-1.876,48.043,35037,35,Bréal-sous-Montfort,CC Brocéliande Communauté,France,1,A,19318,17,NON
12302412,d57ba02d-af68-45c5-bf54-e06de76574c0,2023-02-02T17:40:00+01:00,2023-02-02,17:40:00,-1.622,48.130,35051,35,Cesson-Sévigné,Rennes Métropole,France,2023-02-02T18:00:00+01:00,2023-02-02,18:00:00,-1.611,48.231,35197,35,Mouazé,CC Val d'Ille-Aubigné,France,1,C,13042,16,OUI
12317890,c8cdace9-b23d-4aa2-bafc-fad0d323b2cf,2023-02-02T17:40:00+01:00,2023-02-02,17:40:00,-1.793,48.100,35240,35,Le Rheu,Rennes Métropole,France,2023-02-02T18:00:00+01:00,2023-02-02,18:00:00,-1.747,48.024,35047,35,Bruz,Rennes Métropole,France,1,A,11652,18,NON
12432211,6978f8bc-b630-4af2-ad97-e0a969df08b6,2023-02-02T17:40:00+01:00,2023-02-02,17:40:00,-1.695,48.130,35238,35,Rennes,Rennes Métropole,France,2023-02-02T18:00:00+01:00,2023-02-02,18:00:00,-1.874,48.365,35265,35,Saint-Domineuc,CC Bretagne Romantique,France,1,B,30489,19,OUI
12432212,165796bd-a20d-4119-b1ef-0ef50a27f164,2023-02-02T17:40:00+01:00,2023-02-02,17:40:00,-1.628,48.127,35051,35,Cesson-Sévigné,Rennes Métropole,France,2023-02-02T18:00:00+01:00,2023-02-02,18:00:00,-1.906,48.406,35226,35,Pleugueneuc,CC Bretagne Romantique,France,1,C,42087,28,OUI
12432215,165796bd-a20d-4119-b1ef-0ef50a27f164,2023-02-02T17:40:00+01:00,2023-02-02,17:40:00,-1.628,48.127,35051,35,Cesson-Sévigné,Rennes Métropole,France,2023-02-02T18:10:00+01:00,2023-02-02,18:10:00,-1.915,48.448,35308,35,Mesnil-Roc'h,CC Bretagne Romantique,France,1,C,46879,32,OUI
12432284,515151a0-5f8b-4ad6-90fc-77218358dcb1,2023-02-02T17:40:00+01:00,2023-02-02,17:40:00,-1.707,48.121,35238,35,Rennes,Rennes Métropole,France,2023-02-02T18:00:00+01:00,2023-02-02,18:00:00,-1.413,48.259,35253,35,Saint-Aubin-du-Cormier,CC Liffré-Cormier Communauté,France,1,B,30269,20,OUI
12302901,6021e3ef-6648-47b8-8200-c4353d5e307d,2023-02-02T17:40:00+01:00,2023-02-02,17:40:00,-1.623,48.131,35051,35,Cesson-Sévigné,Rennes Métropole,France,2023-02-02T18:10:00+01:00,2023-02-02,18:10:00,-1.361,48.117,35283,35,Saint-Jean-sur-Vilaine,CA Vitré Communauté,France,1,C,23861,33,OUI
12303821,d46cd370-62e3-48ac-9594-0adbcc4c83f4,2023-02-02T17:40:00+01:00,2023-02-02,17:40:00,-1.696,48.146,35278,35,Saint-Grégoire,Rennes Métropole,France,2023-02-02T18:30:00+01:00,2023-02-02,18:30:00,-1.199,48.069,35109,35,Étrelles,CA Vitré Communauté,France,1,C,43749,45,OUI
12308065,2e3a1ae7-5862-42b3-b199-c77f8237e06b,2023-02-02T17:50:00+01:00,2023-02-02,17:50:00,-1.623,48.133,35051,35,Cesson-Sévigné,Rennes Métropole,France,2023-02-02T18:10:00+01:00,2023-02-02,18:10:00,-1.460,48.121,35327,35,Servon-sur-Vilaine,CC Pays de Châteaugiron Communauté,France,1,B,15304,20,OUI
12308197,f7277c18-989a-498c-96e8-ceed8da03bbb,2023-02-02T17:50:00+01:00,2023-02-02,17:50:00,-1.768,48.147,35210,35,Pacé,Rennes Métropole,France,2023-02-02T18:00:00+01:00,2023-02-02,18:00:00,-1.794,48.099,35240,35,Le Rheu,Rennes Métropole,France,1,B,6696,10,NON
12317873,6e5f09b9-70ba-4ac0-8717-a93757893c69,2023-02-02T17:50:00+01:00,2023-02-02,17:50:00,-1.642,48.087,35238,35,Rennes,Rennes Métropole,France,2023-02-02T18:10:00+01:00,2023-02-02,18:10:00,-1.587,47.977,35088,35,Corps-Nuds,Rennes Métropole,France,1,A,13896,15,NON
12432393,5c10e292-c2a5-4810-bb78-987260d026b5,2023-02-02T17:50:00+01:00,2023-02-02,17:50:00,-1.679,48.114,35238,35,Rennes,Rennes Métropole,France,2023-02-02T18:10:00+01:00,2023-02-02,18:10:00,-1.848,48.325,35337,35,Tinténiac,CC Bretagne Romantique,France,1,C,27910,20,OUI
12432504,e3c342fb-4d41-4528-a66c-a6fb21dd6abb,2023-02-02T17:50:00+01:00,2023-02-02,17:50:00,-1.696,48.154,35278,35,Saint-Grégoire,Rennes Métropole,France,2023-02-02T18:00:00+01:00,2023-02-02,18:00:00,-1.540,48.133,35001,35,Acigné,Rennes Métropole,France,1,C,15614,13,OUI
12432518,a946422a-3902-400d-887e-0257c4afe05b,2023-02-02T17:50:00+01:00,2023-02-02,17:50:00,-1.630,48.103,35051,35,Cesson-Sévigné,Rennes Métropole,France,2023-02-02T18:10:00+01:00,2023-02-02,18:10:00,-1.413,48.259,35253,35,Saint-Aubin-du-Cormier,CC Liffré-Cormier Communauté,France,1,B,27467,20,OUI
12432556,a946422a-3902-400d-887e-0257c4afe05b,2023-02-02T17:50:00+01:00,2023-02-02,17:50:00,-1.630,48.103,35051,35,Cesson-Sévigné,Rennes Métropole,France,2023-02-02T18:20:00+01:00,2023-02-02,18:20:00,-1.291,48.342,35243,35,Romagné,CA Fougères Agglomération,France,1,C,40223,27,OUI
12432561,4f931c55-fced-4ab0-9e9f-6457b18d6bdc,2023-02-02T17:50:00+01:00,2023-02-02,17:50:00,-1.702,48.127,35238,35,Rennes,Rennes Métropole,France,2023-02-02T18:40:00+01:00,2023-02-02,18:40:00,-1.993,48.621,35288,35,Saint-Malo,CA du Pays de Saint Malo Agglomération,France,1,C,63396,41,OUI
12433006,ee11b558-8d82-43c0-96e6-9a97446232ae,2023-02-02T18:00:00+01:00,2023-02-02,18:00:00,-1.710,48.126,35238,35,Rennes,Rennes Métropole,France,2023-02-02T18:10:00+01:00,2023-02-02,18:10:00,-1.682,48.122,35238,35,Rennes,Rennes Métropole,France,1,B,2780,4,OUI
12308675,66780e27-2b97-49ec-aa9e-efa760661d22,2023-02-02T18:00:00+01:00,2023-02-02,18:00:00,-1.698,48.113,35238,35,Rennes,Rennes Métropole,France,2023-02-02T18:30:00+01:00,2023-02-02,18:30:00,-1.682,47.836,35012,35,Bain-de-Bretagne,CC Bretagne porte de Loire Communauté,France,1,A,36673,27,NON
12303267,a08f3c45-77ec-4791-a8ba-4f1e110f9cf7,2023-02-02T18:00:00+01:00,2023-02-02,18:00:00,-1.623,48.133,35051,35,Cesson-Sévigné,Rennes Métropole,France,2023-02-02T18:20:00+01:00,2023-02-02,18:20:00,-1.463,48.123,35327,35,Servon-sur-Vilaine,CC Pays de Châteaugiron Communauté,France,1,C,14910,22,OUI
12330017,4ea23a6d-0218-478a-bd70-dd44d29aa0b7,2023-02-02T18:00:00+01:00,2023-02-02,18:00:00,-1.620,48.136,35051,35,Cesson-Sévigné,Rennes Métropole,France,2023-02-02T18:10:00+01:00,2023-02-02,18:10:00,-1.644,48.098,35238,35,Rennes,Rennes Métropole,France,1,C,6676,10,OUI
12330019,b43a381f-e1ab-49ca-aab7-8880fcc1128c,2023-02-02T18:00:00+01:00,2023-02-02,18:00:00,-1.742,48.047,35047,35,Bruz,Rennes Métropole,France,2023-02-02T18:20:00+01:00,2023-02-02,18:20:00,-1.925,48.108,35331,35,Talensac,CC Montfort Communauté,France,1,C,19587,17,OUI
12349701,f678c1a0-fff5-4063-9a48-0ee3dbd80c90,2023-02-02T18:00:00+01:00,2023-02-02,18:00:00,-1.834,48.069,35196,35,Mordelles,Rennes Métropole,France,2023-02-02T18:20:00+01:00,2023-02-02,18:20:00,-1.817,48.125,35131,35,L'Hermitage,Rennes Métropole,France,1,C,8629,15,OUI
12349945,0395b42e-6481-4d0a-9a15-1d9e7fd16884,2023-02-02T18:00:00+01:00,2023-02-02,18:00:00,-1.716,48.112,35238,35,Rennes,Rennes Métropole,France,2023-02-02T18:30:00+01:00,2023-02-02,18:30:00,-1.835,48.080,35196,35,Mordelles,Rennes Métropole,France,1,C,11076,24,OUI
12432623,2ce9cd90-67cc-4c5e-a1d5-e2238d76a0ed,2023-02-02T18:00:00+01:00,2023-02-02,18:00:00,-1.703,48.122,35238,35,Rennes,Rennes Métropole,France,2023-02-02T18:40:00+01:00,2023-02-02,18:40:00,-2.044,48.452,22050,22,Dinan,CA Dinan Agglomération,France,1,C,52420,40,OUI
12432707,ae06ab84-c1d6-475f-9263-4c651d249ad5,2023-02-02T18:00:00+01:00,2023-02-02,18:00:00,-1.735,48.028,35047,35,Bruz,Rennes Métropole,France,2023-02-02T18:20:00+01:00,2023-02-02,18:20:00,-1.675,48.097,35238,35,Rennes,Rennes Métropole,France,1,B,10451,11,OUI
12432937,2f9e742e-e940-49c0-bc9e-ae936eb91d78,2023-02-02T18:00:00+01:00,2023-02-02,18:00:00,-1.786,48.091,35240,35,Le Rheu,Rennes Métropole,France,2023-02-02T18:40:00+01:00,2023-02-02,18:40:00,-2.383,47.919,56165,56,Ploërmel,CC Ploërmel Communauté,France,1,C,55940,34,OUI
12432985,4f931c55-fced-4ab0-9e9f-6457b18d6bdc,2023-02-02T18:00:00+01:00,2023-02-02,18:00:00,-1.703,48.127,35238,35,Rennes,Rennes Métropole,France,2023-02-02T18:50:00+01:00,2023-02-02,18:50:00,-1.993,48.621,35288,35,Saint-Malo,CA du Pays de Saint Malo Agglomération,France,1,C,63452,41,OUI
12435140,76e09def-c310-49e6-a08f-58d8410f4ec7,2023-02-02T18:00:00+01:00,2023-02-02,18:00:00,-1.691,48.131,35238,35,Rennes,Rennes Métropole,France,2023-02-02T18:20:00+01:00,2023-02-02,18:20:00,-1.605,48.259,35251,35,Saint-Aubin-d'Aubigné,CC Val d'Ille-Aubigné,France,1,B,20132,15,OUI
12308274,79b46491-d1ab-4141-a068-9f932f0a4c0e,2023-02-02T18:10:00+01:00,2023-02-02,18:10:00,-1.768,48.147,35210,35,Pacé,Rennes Métropole,France,2023-02-02T18:20:00+01:00,2023-02-02,18:20:00,-1.794,48.099,35240,35,Le Rheu,Rennes Métropole,France,1,B,6696,10,NON
12348471,a59e3eef-4d44-400c-82f4-ebdbc1050536,2023-02-02T18:10:00+01:00,2023-02-02,18:10:00,-1.746,48.046,35047,35,Bruz,Rennes Métropole,France,2023-02-02T18:20:00+01:00,2023-02-02,18:20:00,-1.749,48.024,35047,35,Bruz,Rennes Métropole,France,1,C,3111,8,OUI
12348954,f19c829e-4fb7-49f6-b043-1c65f85491db,2023-02-02T18:10:00+01:00,2023-02-02,18:10:00,-1.741,48.050,35047,35,Bruz,Rennes Métropole,France,2023-02-02T18:20:00+01:00,2023-02-02,18:20:00,-1.699,48.088,35281,35,Saint-Jacques-de-la-Lande,Rennes Métropole,France,1,C,6048,13,OUI
12355153,8e59206b-e9c0-4afe-9889-e708ce90586c,2023-02-02T18:10:00+01:00,2023-02-02,18:10:00,-1.741,48.050,35047,35,Bruz,Rennes Métropole,France,2023-02-02T18:20:00+01:00,2023-02-02,18:20:00,-1.697,48.088,35281,35,Saint-Jacques-de-la-Lande,Rennes Métropole,France,1,C,6330,15,OUI
12355173,a8e7dbb3-d21f-403a-8378-62d52f13b2a8,2023-02-02T18:10:00+01:00,2023-02-02,18:10:00,-1.741,48.050,35047,35,Bruz,Rennes Métropole,France,2023-02-02T18:20:00+01:00,2023-02-02,18:20:00,-1.749,48.028,35047,35,Bruz,Rennes Métropole,France,1,C,3178,8,NON
12304499,718d4252-9e95-4b17-a1c9-db5445d7a11b,2023-02-02T18:10:00+01:00,2023-02-02,18:10:00,-1.698,48.152,35278,35,Saint-Grégoire,Rennes Métropole,France,2023-02-02T18:50:00+01:00,2023-02-02,18:50:00,-1.265,48.072,35338,35,Torcé,CA Vitré Communauté,France,1,C,39028,39,OUI
12305030,05ebd824-8c92-4435-a0bb-f5bd1fa25544,2023-02-02T18:10:00+01:00,2023-02-02,18:10:00,-1.590,48.114,35051,35,Cesson-Sévigné,Rennes Métropole,France,2023-02-02T19:10:00+01:00,2023-02-02,19:10:00,-0.786,48.076,53130,53,Laval,CA Laval Agglomération,France,1,C,65133,60,OUI
12308314,bba0d4d7-a4e8-4b58-8cad-f8b8f0c70dd7,2023-02-02T18:20:00+01:00,2023-02-02,18:20:00,-1.697,48.154,35278,35,Saint-Grégoire,Rennes Métropole,France,2023-02-02T18:30:00+01:00,2023-02-02,18:30:00,-1.622,48.135,35051,35,Cesson-Sévigné,Rennes Métropole,France,1,B,8706,13,NON
12308328,8b3551c4-209c-4123-9720-c2a517f4458b,2023-02-02T18:20:00+01:00,2023-02-02,18:20:00,-1.697,48.154,35278,35,Saint-Grégoire,Rennes Métropole,France,2023-02-02T18:40:00+01:00,2023-02-02,18:40:00,-1.794,48.099,35240,35,Le Rheu,Rennes Métropole,France,1,B,11773,17,NON
12433144,6b2b184c-82f3-4ae2-b01f-5d0fdef9375a,2023-02-02T18:20:00+01:00,2023-02-02,18:20:00,-1.620,48.131,35051,35,Cesson-Sévigné,Rennes Métropole,France,2023-02-02T18:50:00+01:00,2023-02-02,18:50:00,-1.226,48.352,35150,35,Lécousse,CA Fougères Agglomération,France,1,C,41149,25,OUI
12433192,41abba50-9367-4850-8292-66c204a16dd4,2023-02-02T18:20:00+01:00,2023-02-02,18:20:00,-1.693,48.135,35278,35,Saint-Grégoire,Rennes Métropole,France,2023-02-02T18:50:00+01:00,2023-02-02,18:50:00,-1.211,48.360,35115,35,Fougères,CA Fougères Agglomération,France,1,C,48115,32,OUI
12433209,d703ae43-81eb-44cc-a346-47f09f384d06,2023-02-02T18:20:00+01:00,2023-02-02,18:20:00,-1.733,48.123,35353,35,Vezin-le-Coquet,Rennes Métropole,France,2023-02-02T18:40:00+01:00,2023-02-02,18:40:00,-1.921,48.174,35227,35,Pleumeleuc,CC Montfort Communauté,France,1,C,16550,11,OUI
12308387,d30daa16-2f32-4650-8134-85366afc70c0,2023-02-02T18:30:00+01:00,2023-02-02,18:30:00,-1.622,48.135,35051,35,Cesson-Sévigné,Rennes Métropole,France,2023-02-02T18:50:00+01:00,2023-02-02,18:50:00,-1.768,48.147,35210,35,Pacé,Rennes Métropole,France,1,B,12850,20,NON
12308394,b23a1edc-ccd2-4425-bb93-693598600119,2023-02-02T18:30:00+01:00,2023-02-02,18:30:00,-1.622,48.135,35051,35,Cesson-Sévigné,Rennes Métropole,France,2023-02-02T18:50:00+01:00,2023-02-02,18:50:00,-1.768,48.147,35210,35,Pacé,Rennes Métropole,France,1,B,12850,20,NON
12307496,5aba8702-7bd9-462e-b9e6-ad29de9d5320,2023-02-02T18:40:00+01:00,2023-02-02,18:40:00,-1.753,48.028,35047,35,Bruz,Rennes Métropole,France,2023-02-02T19:10:00+01:00,2023-02-02,19:10:00,-1.729,48.203,35177,35,La Mézière,CC Val d'Ille-Aubigné,France,1,C,26646,33,OUI
12304841,72d62d08-d82f-49bc-86d9-b97734807ec2,2023-02-02T18:40:00+01:00,2023-02-02,18:40:00,-1.625,48.129,35051,35,Cesson-Sévigné,Rennes Métropole,France,2023-02-02T19:00:00+01:00,2023-02-02,19:00:00,-1.831,48.156,35275,35,Saint-Gilles,Rennes Métropole,France,1,C,19360,22,OUI
12304972,5aba8702-7bd9-462e-b9e6-ad29de9d5320,2023-02-02T18:40:00+01:00,2023-02-02,18:40:00,-1.753,48.028,35047,35,Bruz,Rennes Métropole,France,2023-02-02T19:10:00+01:00,2023-02-02,19:10:00,-1.729,48.203,35177,35,La Mézière,CC Val d'Ille-Aubigné,France,1,C,26646,33,OUI
12305410,08fa7136-0bf8-474e-aebd-ef06ca5af0cc,2023-02-02T18:40:00+01:00,2023-02-02,18:40:00,-1.834,48.068,35196,35,Mordelles,Rennes Métropole,France,2023-02-02T19:30:00+01:00,2023-02-02,19:30:00,-1.223,48.114,35360,35,Vitré,CA Vitré Communauté,France,1,C,56189,52,OUI
12308439,f897e8d8-5d2a-4633-b0c0-6879a64b3724,2023-02-02T18:50:00+01:00,2023-02-02,18:50:00,-1.622,48.135,35051,35,Cesson-Sévigné,Rennes Métropole,France,2023-02-02T19:10:00+01:00,2023-02-02,19:10:00,-1.768,48.147,35210,35,Pacé,Rennes Métropole,France,1,B,12850,20,NON
12308449,491f9280-a4e1-4c5c-b12f-c606f7d7632a,2023-02-02T18:50:00+01:00,2023-02-02,18:50:00,-1.697,48.154,35278,35,Saint-Grégoire,Rennes Métropole,France,2023-02-02T19:10:00+01:00,2023-02-02,19:10:00,-1.794,48.099,35240,35,Le Rheu,Rennes Métropole,France,1,B,11773,17,NON
12308451,491f9280-a4e1-4c5c-b12f-c606f7d7632a,2023-02-02T18:50:00+01:00,2023-02-02,18:50:00,-1.697,48.154,35278,35,Saint-Grégoire,Rennes Métropole,France,2023-02-02T19:10:00+01:00,2023-02-02,19:10:00,-1.794,48.099,35240,35,Le Rheu,Rennes Métropole,France,1,B,11773,17,NON
12329981,eb499f69-31aa-40a8-99b0-71ab01bd1279,2023-02-02T18:50:00+01:00,2023-02-02,18:50:00,-1.794,48.101,35240,35,Le Rheu,Rennes Métropole,France,2023-02-02T19:10:00+01:00,2023-02-02,19:10:00,-1.696,48.091,35281,35,Saint-Jacques-de-la-Lande,Rennes Métropole,France,1,C,10093,11,OUI
12355257,84f5af7a-261e-4981-ae56-d61331c46824,2023-02-02T18:50:00+01:00,2023-02-02,18:50:00,-1.741,48.050,35047,35,Bruz,Rennes Métropole,France,2023-02-02T19:00:00+01:00,2023-02-02,19:00:00,-1.707,48.086,35281,35,Saint-Jacques-de-la-Lande,Rennes Métropole,France,1,C,5482,12,OUI
12308465,ad971663-4d65-48e0-8d59-55dc267cd160,2023-02-02T19:00:00+01:00,2023-02-02,19:00:00,-1.794,48.099,35240,35,Le Rheu,Rennes Métropole,France,2023-02-02T19:10:00+01:00,2023-02-02,19:10:00,-1.768,48.147,35210,35,Pacé,Rennes Métropole,France,1,B,6829,11,NON
12435401,96cd4475-9cfc-4f26-96b7-42b141b5b680,2023-02-02T19:00:00+01:00,2023-02-02,19:00:00,-1.225,48.352,35150,35,Lécousse,CA Fougères Agglomération,France,2023-02-02T19:40:00+01:00,2023-02-02,19:40:00,-1.719,48.138,35238,35,Rennes,Rennes Métropole,France,1,C,50093,33,OUI
12308533,00dbbcbd-2ca0-45d1-99f8-82334371eac6,2023-02-02T19:30:00+01:00,2023-02-02,19:30:00,-1.622,48.135,35051,35,Cesson-Sévigné,Rennes Métropole,France,2023-02-02T19:50:00+01:00,2023-02-02,19:50:00,-1.768,48.147,35210,35,Pacé,Rennes Métropole,France,1,B,12850,20,NON
12308684,59ed7aeb-e908-4396-a8b2-b8d72c25ad79,2023-02-02T19:30:00+01:00,2023-02-02,19:30:00,-1.614,48.131,35051,35,Cesson-Sévigné,Rennes Métropole,France,2023-02-02T19:50:00+01:00,2023-02-02,19:50:00,-1.433,48.176,35031,35,La Bouëxière,CC Liffré-Cormier Communauté,France,1,A,20162,20,NON
12305782,d34df5f1-a180-4643-a042-639706f2c229,2023-02-02T19:30:00+01:00,2023-02-02,19:30:00,-1.599,48.120,35051,35,Cesson-Sévigné,Rennes Métropole,France,2023-02-02T19:50:00+01:00,2023-02-02,19:50:00,-1.640,48.094,35238,35,Rennes,Rennes Métropole,France,1,C,7055,15,OUI
12308658,5dd51d5b-37fd-4014-99a5-426aa0ccdff1,2023-02-02T19:40:00+01:00,2023-02-02,19:40:00,-1.698,48.128,35238,35,Rennes,Rennes Métropole,France,2023-02-02T20:10:00+01:00,2023-02-02,20:10:00,-1.260,48.344,35243,35,Romagné,CA Fougères Agglomération,France,1,A,44026,30,NON
12436512,2da22851-d2c9-4bd2-ba6b-5261d1e309e6,2023-02-02T20:00:00+01:00,2023-02-02,20:00:00,-1.590,48.113,35051,35,Cesson-Sévigné,Rennes Métropole,France,2023-02-02T20:20:00+01:00,2023-02-02,20:20:00,-1.265,48.061,35338,35,Torcé,CA Vitré Communauté,France,1,C,27066,18,OUI
12306342,252d450a-450a-41a9-800b-ec71bcc7dfdc,2023-02-02T20:10:00+01:00,2023-02-02,20:10:00,-1.673,48.089,35238,35,Rennes,Rennes Métropole,France,2023-02-02T20:20:00+01:00,2023-02-02,20:20:00,-1.653,48.115,35238,35,Rennes,Rennes Métropole,France,1,C,5222,16,NON
12306432,ee20749f-817b-4fb6-9322-32c35de7556f,2023-02-02T20:20:00+01:00,2023-02-02,20:20:00,-1.660,48.111,35238,35,Rennes,Rennes Métropole,France,2023-02-02T20:30:00+01:00,2023-02-02,20:30:00,-1.658,48.088,35238,35,Rennes,Rennes Métropole,France,1,C,4220,14,OUI
12329636,37bcfce3-4b7b-4403-96e3-7e69e4ad1c4d,2023-02-02T20:50:00+01:00,2023-02-02,20:50:00,-1.639,48.111,35238,35,Rennes,Rennes Métropole,France,2023-02-02T21:10:00+01:00,2023-02-02,21:10:00,-1.674,47.935,35139,35,Laillé,Rennes Métropole,France,1,C,22385,18,OUI
12437221,37bcfce3-4b7b-4403-96e3-7e69e4ad1c4d,2023-02-02T20:50:00+01:00,2023-02-02,20:50:00,-1.641,48.111,35238,35,Rennes,Rennes Métropole,France,2023-02-02T21:10:00+01:00,2023-02-02,21:10:00,-1.674,47.929,35033,35,Bourg-des-Comptes,CC Vallons de Haute-Bretagne Communauté,France,1,C,22948,19,OUI
12437878,257e5f11-c4b4-46dd-a174-92c6f9987328,2023-02-02T22:10:00+01:00,2023-02-02,22:10:00,-1.675,48.099,35238,35,Rennes,Rennes Métropole,France,2023-02-02T22:40:00+01:00,2023-02-02,22:40:00,-1.688,47.843,35012,35,Bain-de-Bretagne,CC Bretagne porte de Loire Communauté,France,1,B,30213,21,OUI
12318366,bf87603e-5d0c-4d1c-8874-13449fd9f679,2023-02-03T05:10:00+01:00,2023-02-03,05:10:00,-1.651,48.086,35238,35,Rennes,Rennes Métropole,France,2023-02-03T05:50:00+01:00,2023-02-03,05:50:00,-1.194,48.069,35109,35,Étrelles,CA Vitré Communauté,France,1,C,38017,39,OUI
12318371,bf87603e-5d0c-4d1c-8874-13449fd9f679,2023-02-03T05:10:00+01:00,2023-02-03,05:10:00,-1.651,48.086,35238,35,Rennes,Rennes Métropole,France,2023-02-03T05:50:00+01:00,2023-02-03,05:50:00,-1.194,48.069,35109,35,Étrelles,CA Vitré Communauté,France,1,C,38017,39,OUI
12318348,df7287be-66a1-4cde-a7e8-9218f22522a6,2023-02-03T05:20:00+01:00,2023-02-03,05:20:00,-1.708,48.115,35238,35,Rennes,Rennes Métropole,France,2023-02-03T05:50:00+01:00,2023-02-03,05:50:00,-1.199,48.069,35109,35,Étrelles,CA Vitré Communauté,France,1,C,45480,30,OUI
12443373,761d7cdd-fcf2-4eb8-b3ed-ee856974efbf,2023-02-03T06:10:00+01:00,2023-02-03,06:10:00,-1.675,48.086,35238,35,Rennes,Rennes Métropole,France,2023-02-03T07:10:00+01:00,2023-02-03,07:10:00,-1.584,47.261,44114,44,Orvault,Nantes Métropole,France,1,C,97177,59,OUI
12443355,761d7cdd-fcf2-4eb8-b3ed-ee856974efbf,2023-02-03T06:10:00+01:00,2023-02-03,06:10:00,-1.675,48.086,35238,35,Rennes,Rennes Métropole,France,2023-02-03T07:10:00+01:00,2023-02-03,07:10:00,-1.584,47.261,44114,44,Orvault,Nantes Métropole,France,1,C,97177,59,OUI
12443358,761d7cdd-fcf2-4eb8-b3ed-ee856974efbf,2023-02-03T06:10:00+01:00,2023-02-03,06:10:00,-1.675,48.086,35238,35,Rennes,Rennes Métropole,France,2023-02-03T07:10:00+01:00,2023-02-03,07:10:00,-1.584,47.261,44114,44,Orvault,Nantes Métropole,France,1,C,97177,59,OUI
12444287,aed30501-c016-4258-a876-ff1df13b6911,2023-02-03T06:30:00+01:00,2023-02-03,06:30:00,-1.676,48.083,35238,35,Rennes,Rennes Métropole,France,2023-02-03T07:40:00+01:00,2023-02-03,07:40:00,-2.777,48.494,22215,22,Ploufragan,CA Saint-Brieuc Armor Agglomération,France,1,C,104162,67,OUI
12444360,530c8622-36aa-4a86-ab81-add71c11b3f7,2023-02-03T06:40:00+01:00,2023-02-03,06:40:00,-1.695,48.043,35066,35,Chartres-de-Bretagne,Rennes Métropole,France,2023-02-03T07:50:00+01:00,2023-02-03,07:50:00,-1.544,47.218,44109,44,Nantes,Nantes Métropole,France,1,B,99127,66,OUI
12321590,85d5c021-0de8-4e2b-a97f-6f6e5aed45c5,2023-02-03T07:00:00+01:00,2023-02-03,07:00:00,-1.700,48.101,35238,35,Rennes,Rennes Métropole,France,2023-02-03T07:30:00+01:00,2023-02-03,07:30:00,-1.185,48.113,35360,35,Vitré,CA Vitré Communauté,France,1,C,47284,34,OUI
12364611,f2c9b12e-a975-4100-b2cf-284dfabd48cd,2023-02-03T07:00:00+01:00,2023-02-03,07:00:00,-1.696,48.042,35066,35,Chartres-de-Bretagne,Rennes Métropole,France,2023-02-03T07:20:00+01:00,2023-02-03,07:20:00,-1.411,48.104,35068,35,Châteaubourg,CA Vitré Communauté,France,1,C,26963,19,OUI
12444766,69a47751-31f6-4248-a407-1ae53afbc809,2023-02-03T07:00:00+01:00,2023-02-03,07:00:00,-1.628,48.134,35051,35,Cesson-Sévigné,Rennes Métropole,France,2023-02-03T07:30:00+01:00,2023-02-03,07:30:00,-1.199,48.343,35115,35,Fougères,CA Fougères Agglomération,France,1,B,44167,29,OUI
12444842,6ccf5ce3-57ce-4857-8b51-a3f917d973d5,2023-02-03T07:00:00+01:00,2023-02-03,07:00:00,-1.703,48.091,35281,35,Saint-Jacques-de-la-Lande,Rennes Métropole,France,2023-02-03T08:00:00+01:00,2023-02-03,08:00:00,-1.853,48.678,35049,35,Cancale,CA du Pays de Saint Malo Agglomération,France,1,C,75317,52,OUI
12331306,b937646b-51f4-4322-b4a4-2423801b189d,2023-02-03T07:10:00+01:00,2023-02-03,07:10:00,-1.700,48.132,35238,35,Rennes,Rennes Métropole,France,2023-02-03T08:00:00+01:00,2023-02-03,08:00:00,-1.218,48.126,35360,35,Vitré,CA Vitré Communauté,France,1,C,46749,52,OUI
12445126,a306095b-463c-4b20-830a-3e49415e452b,2023-02-03T07:10:00+01:00,2023-02-03,07:10:00,-1.628,48.140,35051,35,Cesson-Sévigné,Rennes Métropole,France,2023-02-03T07:40:00+01:00,2023-02-03,07:40:00,-1.203,48.330,35137,35,Javené,CA Fougères Agglomération,France,1,C,44541,29,OUI
12322561,b937646b-51f4-4322-b4a4-2423801b189d,2023-02-03T07:10:00+01:00,2023-02-03,07:10:00,-1.700,48.132,35238,35,Rennes,Rennes Métropole,France,2023-02-03T08:00:00+01:00,2023-02-03,08:00:00,-1.218,48.126,35360,35,Vitré,CA Vitré Communauté,France,1,C,46749,48,OUI
12445088,fad84f93-d21b-4d4f-9e8a-ff5c7bc19dca,2023-02-03T07:10:00+01:00,2023-02-03,07:10:00,-1.677,48.088,35238,35,Rennes,Rennes Métropole,France,2023-02-03T08:20:00+01:00,2023-02-03,08:20:00,-1.596,47.264,44114,44,Orvault,Nantes Métropole,France,1,C,99040,62,OUI
12322179,2c74b6e8-b19d-4e7e-965d-7e0a52dc7b43,2023-02-03T07:20:00+01:00,2023-02-03,07:20:00,-1.621,48.091,35055,35,Chantepie,Rennes Métropole,France,2023-02-03T07:50:00+01:00,2023-02-03,07:50:00,-1.194,48.068,35109,35,Étrelles,CA Vitré Communauté,France,1,C,34787,28,OUI
12322172,2c74b6e8-b19d-4e7e-965d-7e0a52dc7b43,2023-02-03T07:20:00+01:00,2023-02-03,07:20:00,-1.621,48.091,35055,35,Chantepie,Rennes Métropole,France,2023-02-03T07:50:00+01:00,2023-02-03,07:50:00,-1.194,48.068,35109,35,Étrelles,CA Vitré Communauté,France,1,C,34787,27,OUI
12445295,aa6cdc23-0f9c-430f-9df8-a5a8a7365d97,2023-02-03T07:20:00+01:00,2023-02-03,07:20:00,-1.621,48.098,35055,35,Chantepie,Rennes Métropole,France,2023-02-03T07:50:00+01:00,2023-02-03,07:50:00,-1.218,48.114,35360,35,Vitré,CA Vitré Communauté,France,1,B,35149,25,OUI
12322160,2c74b6e8-b19d-4e7e-965d-7e0a52dc7b43,2023-02-03T07:20:00+01:00,2023-02-03,07:20:00,-1.621,48.091,35055,35,Chantepie,Rennes Métropole,France,2023-02-03T07:50:00+01:00,2023-02-03,07:50:00,-1.194,48.068,35109,35,Étrelles,CA Vitré Communauté,France,1,C,34787,28,OUI
12322327,b1458238-cbd6-430a-8da2-624ad952f139,2023-02-03T07:20:00+01:00,2023-02-03,07:20:00,-1.546,48.042,35204,35,Nouvoitou,Rennes Métropole,France,2023-02-03T07:50:00+01:00,2023-02-03,07:50:00,-1.188,48.115,35360,35,Vitré,CA Vitré Communauté,France,1,C,34051,36,OUI
12326411,a8df2c9f-0d19-4338-bfa3-c5fcb61fe611,2023-02-03T07:20:00+01:00,2023-02-03,07:20:00,-1.667,48.134,35238,35,Rennes,Rennes Métropole,France,2023-02-03T08:30:00+01:00,2023-02-03,08:30:00,-0.851,48.073,53201,53,Saint-Berthevin,CA Laval Agglomération,France,1,C,68581,65,OUI
12323545,f674bffe-13fa-441d-88d2-699a1dfad806,2023-02-03T07:20:00+01:00,2023-02-03,07:20:00,-1.587,47.977,35088,35,Corps-Nuds,Rennes Métropole,France,2023-02-03T07:40:00+01:00,2023-02-03,07:40:00,-1.642,48.087,35238,35,Rennes,Rennes Métropole,France,1,A,13850,15,NON
12326368,a62a2dfd-075c-478b-87e1-704bf0925f46,2023-02-03T07:20:00+01:00,2023-02-03,07:20:00,-1.497,47.953,35136,35,Janzé,CC Roche aux Fées Communauté,France,2023-02-03T08:00:00+01:00,2023-02-03,08:00:00,-1.697,48.151,35278,35,Saint-Grégoire,Rennes Métropole,France,1,C,35032,38,OUI
12445322,391177b9-7286-4a62-88ec-cd8f92e6c1ed,2023-02-03T07:20:00+01:00,2023-02-03,07:20:00,-1.580,48.156,35334,35,Thorigné-Fouillard,Rennes Métropole,France,2023-02-03T07:50:00+01:00,2023-02-03,07:50:00,-1.192,48.345,35115,35,Fougères,CA Fougères Agglomération,France,1,B,40795,27,OUI
12445380,d87cee74-078a-486f-befa-ecaad7adb5bf,2023-02-03T07:20:00+01:00,2023-02-03,07:20:00,-1.659,48.138,35238,35,Rennes,Rennes Métropole,France,2023-02-03T07:50:00+01:00,2023-02-03,07:50:00,-1.209,48.340,35115,35,Fougères,CA Fougères Agglomération,France,1,C,46296,30,OUI
12448611,8a3d56b3-c916-4bd4-9b79-e81179df228a,2023-02-03T07:20:00+01:00,2023-02-03,07:20:00,-1.639,48.122,35238,35,Rennes,Rennes Métropole,France,2023-02-03T07:30:00+01:00,2023-02-03,07:30:00,-1.702,48.058,35066,35,Chartres-de-Bretagne,Rennes Métropole,France,1,C,11528,15,NON
12322863,983d7946-4db8-4094-9755-9579884d1289,2023-02-03T07:30:00+01:00,2023-02-03,07:30:00,-1.620,48.113,35051,35,Cesson-Sévigné,Rennes Métropole,France,2023-02-03T08:00:00+01:00,2023-02-03,08:00:00,-1.194,48.069,35109,35,Étrelles,CA Vitré Communauté,France,1,C,33456,34,OUI
12322860,983d7946-4db8-4094-9755-9579884d1289,2023-02-03T07:30:00+01:00,2023-02-03,07:30:00,-1.620,48.113,35051,35,Cesson-Sévigné,Rennes Métropole,France,2023-02-03T08:00:00+01:00,2023-02-03,08:00:00,-1.194,48.069,35109,35,Étrelles,CA Vitré Communauté,France,1,C,33456,31,OUI
12448881,b99d78d8-8624-4ef0-9b73-8a3d19205522,2023-02-03T07:30:00+01:00,2023-02-03,07:30:00,-1.226,48.352,35150,35,Lécousse,CA Fougères Agglomération,France,2023-02-03T08:10:00+01:00,2023-02-03,08:10:00,-1.697,48.128,35238,35,Rennes,Rennes Métropole,France,1,C,47397,30,OUI
12331610,4419c816-6ed8-4426-8633-91f71e878e95,2023-02-03T07:30:00+01:00,2023-02-03,07:30:00,-1.794,48.099,35240,35,Le Rheu,Rennes Métropole,France,2023-02-03T07:40:00+01:00,2023-02-03,07:40:00,-1.697,48.154,35278,35,Saint-Grégoire,Rennes Métropole,France,1,B,12021,18,NON
12448860,35184182-735c-4064-b39b-5a3d6c0671c4,2023-02-03T07:30:00+01:00,2023-02-03,07:30:00,-1.660,48.017,35266,35,Saint-Erblon,Rennes Métropole,France,2023-02-03T08:00:00+01:00,2023-02-03,08:00:00,-1.650,48.163,35024,35,Betton,Rennes Métropole,France,1,C,24463,20,OUI
12448892,5308d857-941f-43b3-9e39-1f85766ff141,2023-02-03T07:30:00+01:00,2023-02-03,07:30:00,-1.693,48.106,35238,35,Rennes,Rennes Métropole,France,2023-02-03T08:10:00+01:00,2023-02-03,08:10:00,-1.192,48.345,35115,35,Fougères,CA Fougères Agglomération,France,1,C,54567,38,OUI
12448967,3e5ebe64-fe8a-4553-8292-07f219ed533f,2023-02-03T07:30:00+01:00,2023-02-03,07:30:00,-1.686,48.143,35278,35,Saint-Grégoire,Rennes Métropole,France,2023-02-03T07:40:00+01:00,2023-02-03,07:40:00,-1.619,48.121,35051,35,Cesson-Sévigné,Rennes Métropole,France,1,B,9149,10,NON
12448969,275d42a3-844a-473c-bbb4-c8b258dd79d7,2023-02-03T07:30:00+01:00,2023-02-03,07:30:00,-1.659,48.135,35238,35,Rennes,Rennes Métropole,France,2023-02-03T08:10:00+01:00,2023-02-03,08:10:00,-1.175,48.335,35324,35,La Selle-en-Luitré,CA Fougères Agglomération,France,1,C,49183,33,OUI
12449147,bc2198a2-58cf-4f1c-a433-08d524a01053,2023-02-03T07:40:00+01:00,2023-02-03,07:40:00,-1.693,48.085,35238,35,Rennes,Rennes Métropole,France,2023-02-03T08:40:00+01:00,2023-02-03,08:40:00,-1.592,47.262,44114,44,Orvault,Nantes Métropole,France,1,B,100038,62,OUI
12322640,6b41a545-ebf4-486d-b50a-ec2fb1342e8d,2023-02-03T07:40:00+01:00,2023-02-03,07:40:00,-1.656,48.125,35238,35,Rennes,Rennes Métropole,France,2023-02-03T08:00:00+01:00,2023-02-03,08:00:00,-1.496,48.213,35152,35,Liffré,CC Liffré-Cormier Communauté,France,1,C,18027,20,OUI
12326376,a62a2dfd-075c-478b-87e1-704bf0925f46,2023-02-03T07:40:00+01:00,2023-02-03,07:40:00,-1.497,47.953,35136,35,Janzé,CC Roche aux Fées Communauté,France,2023-02-03T08:20:00+01:00,2023-02-03,08:20:00,-1.697,48.151,35278,35,Saint-Grégoire,Rennes Métropole,France,1,C,35032,38,OUI
12449146,54b2a30d-b318-4d80-b63b-f9a705af5882,2023-02-03T07:40:00+01:00,2023-02-03,07:40:00,-1.708,48.152,35189,35,Montgermont,Rennes Métropole,France,2023-02-03T07:50:00+01:00,2023-02-03,07:50:00,-1.650,48.122,35238,35,Rennes,Rennes Métropole,France,1,C,7663,9,OUI
12449160,5a505853-d7b6-4d0b-b525-a603987d10bd,2023-02-03T07:40:00+01:00,2023-02-03,07:40:00,-1.696,48.113,35238,35,Rennes,Rennes Métropole,France,2023-02-03T08:20:00+01:00,2023-02-03,08:20:00,-2.390,47.921,56165,56,Ploërmel,CC Ploërmel Communauté,France,1,B,63894,42,OUI
12449251,e10dc715-0966-4422-9370-84c70df51a2a,2023-02-03T07:40:00+01:00,2023-02-03,07:40:00,-1.628,48.140,35051,35,Cesson-Sévigné,Rennes Métropole,France,2023-02-03T08:10:00+01:00,2023-02-03,08:10:00,-1.194,48.359,35115,35,Fougères,CA Fougères Agglomération,France,1,C,42997,30,OUI
12322998,4e33fd26-6b40-48fe-b255-3fc080ed2972,2023-02-03T07:40:00+01:00,2023-02-03,07:40:00,-1.706,48.093,35281,35,Saint-Jacques-de-la-Lande,Rennes Métropole,France,2023-02-03T08:10:00+01:00,2023-02-03,08:10:00,-1.194,48.069,35109,35,Étrelles,CA Vitré Communauté,France,1,C,42015,32,OUI
12449393,b7a4abbd-3f81-429a-b486-65a7b4096eab,2023-02-03T07:50:00+01:00,2023-02-03,07:50:00,-1.674,48.088,35238,35,Rennes,Rennes Métropole,France,2023-02-03T08:40:00+01:00,2023-02-03,08:40:00,-0.752,48.062,53130,53,Laval,CA Laval Agglomération,France,1,C,77214,52,OUI
12325559,47518cb1-63fe-434b-b535-a4a0a63cb19b,2023-02-03T07:50:00+01:00,2023-02-03,07:50:00,-1.640,48.115,35238,35,Rennes,Rennes Métropole,France,2023-02-03T08:20:00+01:00,2023-02-03,08:20:00,-1.194,48.069,35109,35,Étrelles,CA Vitré Communauté,France,1,C,36052,34,OUI
12326536,9b778689-3090-4e44-97f7-fb0f4ad1e6f5,2023-02-03T07:50:00+01:00,2023-02-03,07:50:00,-1.644,48.088,35238,35,Rennes,Rennes Métropole,France,2023-02-03T08:30:00+01:00,2023-02-03,08:30:00,-1.187,48.123,35360,35,Vitré,CA Vitré Communauté,France,1,C,40351,40,OUI
12323840,47518cb1-63fe-434b-b535-a4a0a63cb19b,2023-02-03T07:50:00+01:00,2023-02-03,07:50:00,-1.640,48.115,35238,35,Rennes,Rennes Métropole,France,2023-02-03T08:20:00+01:00,2023-02-03,08:20:00,-1.194,48.069,35109,35,Étrelles,CA Vitré Communauté,France,1,C,36052,27,OUI
12323819,47518cb1-63fe-434b-b535-a4a0a63cb19b,2023-02-03T07:50:00+01:00,2023-02-03,07:50:00,-1.640,48.115,35238,35,Rennes,Rennes Métropole,France,2023-02-03T08:20:00+01:00,2023-02-03,08:20:00,-1.194,48.069,35109,35,Étrelles,CA Vitré Communauté,France,1,C,36052,26,OUI
12323516,362c1eb8-fe2f-48cb-9da4-284ab22c46c2,2023-02-03T07:50:00+01:00,2023-02-03,07:50:00,-1.705,48.100,35238,35,Rennes,Rennes Métropole,France,2023-02-03T08:20:00+01:00,2023-02-03,08:20:00,-1.871,48.046,35037,35,Bréal-sous-Montfort,CC Brocéliande Communauté,France,1,C,18522,21,OUI
12449462,7d3d2ee1-87cf-4c84-adfa-f9f8210d03fc,2023-02-03T07:50:00+01:00,2023-02-03,07:50:00,-1.712,48.082,35281,35,Saint-Jacques-de-la-Lande,Rennes Métropole,France,2023-02-03T08:00:00+01:00,2023-02-03,08:00:00,-1.686,48.152,35278,35,Saint-Grégoire,Rennes Métropole,France,1,C,10436,11,NON
12449336,e10dc715-0966-4422-9370-84c70df51a2a,2023-02-03T07:50:00+01:00,2023-02-03,07:50:00,-1.627,48.139,35051,35,Cesson-Sévigné,Rennes Métropole,France,2023-02-03T08:20:00+01:00,2023-02-03,08:20:00,-1.194,48.359,35115,35,Fougères,CA Fougères Agglomération,France,1,C,43140,30,OUI
12449569,aeafad73-9c10-442b-b0d5-55b1bd15773b,2023-02-03T07:50:00+01:00,2023-02-03,07:50:00,-1.579,48.140,35334,35,Thorigné-Fouillard,Rennes Métropole,France,2023-02-03T08:20:00+01:00,2023-02-03,08:20:00,-1.175,48.334,35137,35,Javené,CA Fougères Agglomération,France,1,C,44328,28,OUI
12323691,b3774d43-5bf5-4183-b69c-ad338a07e88e,2023-02-03T07:50:00+01:00,2023-02-03,07:50:00,-1.480,48.121,35039,35,Brécé,Rennes Métropole,France,2023-02-03T08:20:00+01:00,2023-02-03,08:20:00,-1.194,48.069,35109,35,Étrelles,CA Vitré Communauté,France,1,C,25741,24,OUI
12323102,9b340f71-4170-4b94-851a-dee38a796965,2023-02-03T08:00:00+01:00,2023-02-03,08:00:00,-1.647,48.122,35238,35,Rennes,Rennes Métropole,France,2023-02-03T08:10:00+01:00,2023-02-03,08:10:00,-1.613,48.127,35051,35,Cesson-Sévigné,Rennes Métropole,France,1,C,2937,8,OUI
12323193,51794c19-8b1d-4627-bb62-dd812e4235f3,2023-02-03T08:00:00+01:00,2023-02-03,08:00:00,-1.713,48.079,35281,35,Saint-Jacques-de-la-Lande,Rennes Métropole,France,2023-02-03T08:10:00+01:00,2023-02-03,08:10:00,-1.759,48.030,35047,35,Bruz,Rennes Métropole,France,1,C,7368,9,OUI
12331754,9b340f71-4170-4b94-851a-dee38a796965,2023-02-03T08:00:00+01:00,2023-02-03,08:00:00,-1.647,48.122,35238,35,Rennes,Rennes Métropole,France,2023-02-03T08:10:00+01:00,2023-02-03,08:10:00,-1.613,48.127,35051,35,Cesson-Sévigné,Rennes Métropole,France,1,C,2937,8,OUI
12332263,f5495830-3599-45de-81a8-ef8bfd7db0f1,2023-02-03T08:00:00+01:00,2023-02-03,08:00:00,-1.768,48.147,35210,35,Pacé,Rennes Métropole,France,2023-02-03T08:20:00+01:00,2023-02-03,08:20:00,-1.622,48.135,35051,35,Cesson-Sévigné,Rennes Métropole,France,1,B,12655,21,NON
12332267,5c2cffcb-6195-4e5d-bb00-ccb2fd9dd868,2023-02-03T08:00:00+01:00,2023-02-03,08:00:00,-1.794,48.099,35240,35,Le Rheu,Rennes Métropole,France,2023-02-03T08:10:00+01:00,2023-02-03,08:10:00,-1.768,48.147,35210,35,Pacé,Rennes Métropole,France,1,B,6829,11,NON
12332310,542916de-3633-42c4-8408-306c146c581f,2023-02-03T08:00:00+01:00,2023-02-03,08:00:00,-1.768,48.147,35210,35,Pacé,Rennes Métropole,France,2023-02-03T08:10:00+01:00,2023-02-03,08:10:00,-1.794,48.099,35240,35,Le Rheu,Rennes Métropole,France,1,B,6696,10,NON
12364291,3d732d4a-2319-4a7d-b478-31add511ddcd,2023-02-03T08:00:00+01:00,2023-02-03,08:00:00,-1.548,48.043,35204,35,Nouvoitou,Rennes Métropole,France,2023-02-03T08:10:00+01:00,2023-02-03,08:10:00,-1.643,48.087,35238,35,Rennes,Rennes Métropole,France,1,C,10683,10,OUI
12450020,ab6b2c75-beba-4e71-a62b-1e3b5859f2fa,2023-02-03T08:00:00+01:00,2023-02-03,08:00:00,-1.690,48.109,35238,35,Rennes,Rennes Métropole,France,2023-02-03T08:20:00+01:00,2023-02-03,08:20:00,-1.746,48.044,35047,35,Bruz,Rennes Métropole,France,1,B,10610,11,NON
12449697,f343cfcf-228b-496d-9b67-2fa5c0c6d56d,2023-02-03T08:00:00+01:00,2023-02-03,08:00:00,-1.759,48.031,35047,35,Bruz,Rennes Métropole,France,2023-02-03T08:30:00+01:00,2023-02-03,08:30:00,-1.862,47.718,35145,35,Langon,CA Redon Agglomération,France,1,C,42158,30,OUI
12449871,d22a3b6e-3a23-4edd-87d4-6f21dbbf5eef,2023-02-03T08:00:00+01:00,2023-02-03,08:00:00,-1.658,48.091,35238,35,Rennes,Rennes Métropole,France,2023-02-03T08:10:00+01:00,2023-02-03,08:10:00,-1.693,48.040,35066,35,Chartres-de-Bretagne,Rennes Métropole,France,1,C,8346,8,NON
12449982,8a6334f4-52ec-4360-b4fe-4e196beb0c15,2023-02-03T08:00:00+01:00,2023-02-03,08:00:00,-1.630,48.092,35238,35,Rennes,Rennes Métropole,France,2023-02-03T08:40:00+01:00,2023-02-03,08:40:00,-1.324,48.402,35257,35,Maen Roch,CC Couesnon Marches de Bretagne,France,1,B,50364,30,OUI
12450002,235dd30e-5e9e-40ee-851e-8a72860ccec8,2023-02-03T08:00:00+01:00,2023-02-03,08:00:00,-1.707,48.117,35238,35,Rennes,Rennes Métropole,France,2023-02-03T08:40:00+01:00,2023-02-03,08:40:00,-1.226,48.352,35150,35,Lécousse,CA Fougères Agglomération,France,1,C,48553,31,OUI
12450075,820cc426-418e-48dc-ae33-ed039b535d23,2023-02-03T08:00:00+01:00,2023-02-03,08:00:00,-1.770,48.142,35210,35,Pacé,Rennes Métropole,France,2023-02-03T08:20:00+01:00,2023-02-03,08:20:00,-1.939,48.138,35188,35,Montfort-sur-Meu,CC Montfort Communauté,France,1,B,18983,14,OUI
12326274,9b62b7e5-d718-4f63-96fe-af7924f132ec,2023-02-03T08:00:00+01:00,2023-02-03,08:00:00,-1.645,48.086,35238,35,Rennes,Rennes Métropole,France,2023-02-03T08:20:00+01:00,2023-02-03,08:20:00,-1.402,48.113,35068,35,Châteaubourg,CA Vitré Communauté,France,1,C,21703,19,OUI
12326982,4892bcdb-22bb-4af1-8151-09a9fadb45fa,2023-02-03T08:10:00+01:00,2023-02-03,08:10:00,-1.579,48.140,35334,35,Thorigné-Fouillard,Rennes Métropole,France,2023-02-03T08:40:00+01:00,2023-02-03,08:40:00,-1.108,48.091,35105,35,Erbrée,CA Vitré Communauté,France,1,C,39848,30,OUI
12332461,c83fcf7d-61d5-457c-8570-adf72c1f087e,2023-02-03T08:10:00+01:00,2023-02-03,08:10:00,-1.794,48.099,35240,35,Le Rheu,Rennes Métropole,France,2023-02-03T08:30:00+01:00,2023-02-03,08:30:00,-1.697,48.154,35278,35,Saint-Grégoire,Rennes Métropole,France,1,B,12021,18,NON
12450131,e85353dd-8602-4f51-8eda-41f28db8487d,2023-02-03T08:10:00+01:00,2023-02-03,08:10:00,-1.675,48.118,35238,35,Rennes,Rennes Métropole,France,2023-02-03T08:20:00+01:00,2023-02-03,08:20:00,-1.811,48.149,35275,35,Saint-Gilles,Rennes Métropole,France,1,B,12444,11,OUI
12450199,193b22dd-6e36-46bb-a9b8-09b68ee9ae07,2023-02-03T08:10:00+01:00,2023-02-03,08:10:00,-1.674,48.087,35238,35,Rennes,Rennes Métropole,France,2023-02-03T08:50:00+01:00,2023-02-03,08:50:00,-1.196,48.345,35115,35,Fougères,CA Fougères Agglomération,France,1,C,56462,38,OUI
12450226,60ee4fe7-d028-4c1d-9254-da3d5a8fa8b1,2023-02-03T08:10:00+01:00,2023-02-03,08:10:00,-1.656,48.113,35238,35,Rennes,Rennes Métropole,France,2023-02-03T08:30:00+01:00,2023-02-03,08:30:00,-1.495,48.219,35152,35,Liffré,CC Liffré-Cormier Communauté,France,1,C,19418,15,OUI
12450293,ad01bae5-19d0-448e-bbaa-401db6a7c212,2023-02-03T08:20:00+01:00,2023-02-03,08:20:00,-1.540,48.133,35001,35,Acigné,Rennes Métropole,France,2023-02-03T08:30:00+01:00,2023-02-03,08:30:00,-1.697,48.151,35278,35,Saint-Grégoire,Rennes Métropole,France,1,C,14294,12,OUI
12332529,201900c1-48ed-466e-9b4e-3fd343a89e69,2023-02-03T08:20:00+01:00,2023-02-03,08:20:00,-1.768,48.147,35210,35,Pacé,Rennes Métropole,France,2023-02-03T08:30:00+01:00,2023-02-03,08:30:00,-1.688,48.160,35278,35,Saint-Grégoire,Rennes Métropole,France,1,B,6653,10,NON
12327833,035f6a4a-76b9-4502-936a-fa0b2d1b77a1,2023-02-03T08:20:00+01:00,2023-02-03,08:20:00,-1.656,48.140,35238,35,Rennes,Rennes Métropole,France,2023-02-03T09:00:00+01:00,2023-02-03,09:00:00,-1.199,48.071,35109,35,Étrelles,CA Vitré Communauté,France,1,C,40129,40,OUI
12332466,879d2d33-32da-43bf-a5b3-9e991028a571,2023-02-03T08:20:00+01:00,2023-02-03,08:20:00,-1.768,48.147,35210,35,Pacé,Rennes Métropole,France,2023-02-03T08:20:00+01:00,2023-02-03,08:20:00,-1.697,48.154,35278,35,Saint-Grégoire,Rennes Métropole,France,1,B,5814,7,NON
12379092,b8c44368-6fee-4258-8e17-f9c0420dc856,2023-02-03T08:20:00+01:00,2023-02-03,08:20:00,-1.697,48.090,35281,35,Saint-Jacques-de-la-Lande,Rennes Métropole,France,2023-02-03T08:40:00+01:00,2023-02-03,08:40:00,-1.741,48.049,35047,35,Bruz,Rennes Métropole,France,1,C,8446,12,OUI
12450246,193b22dd-6e36-46bb-a9b8-09b68ee9ae07,2023-02-03T08:20:00+01:00,2023-02-03,08:20:00,-1.674,48.087,35238,35,Rennes,Rennes Métropole,France,2023-02-03T09:00:00+01:00,2023-02-03,09:00:00,-1.196,48.345,35115,35,Fougères,CA Fougères Agglomération,France,1,C,56462,38,OUI
12450270,4fc83b84-fd0b-4e97-b99f-c115b86558c8,2023-02-03T08:20:00+01:00,2023-02-03,08:20:00,-1.720,48.151,35189,35,Montgermont,Rennes Métropole,France,2023-02-03T08:30:00+01:00,2023-02-03,08:30:00,-1.640,48.181,35024,35,Betton,Rennes Métropole,France,1,B,8367,9,NON
12450271,67d74128-da1b-468a-bbf6-f9199a4452bc,2023-02-03T08:20:00+01:00,2023-02-03,08:20:00,-1.751,48.028,35047,35,Bruz,Rennes Métropole,France,2023-02-03T08:30:00+01:00,2023-02-03,08:30:00,-1.693,48.040,35066,35,Chartres-de-Bretagne,Rennes Métropole,France,1,C,6563,7,NON
12450414,5ae91f17-d209-4b86-869a-a9719df0bf77,2023-02-03T08:20:00+01:00,2023-02-03,08:20:00,-1.713,48.120,35238,35,Rennes,Rennes Métropole,France,2023-02-03T08:30:00+01:00,2023-02-03,08:30:00,-1.825,48.150,35275,35,Saint-Gilles,Rennes Métropole,France,1,C,10066,8,NON
12327252,eed8074c-1c23-4784-a1a8-5d36d714deb9,2023-02-03T08:20:00+01:00,2023-02-03,08:20:00,-1.692,48.136,35278,35,Saint-Grégoire,Rennes Métropole,France,2023-02-03T08:50:00+01:00,2023-02-03,08:50:00,-1.206,48.106,35360,35,Vitré,CA Vitré Communauté,France,1,C,42968,30,OUI
12332687,fa918e02-ce66-4a10-857a-844935ad4d20,2023-02-03T08:30:00+01:00,2023-02-03,08:30:00,-1.794,48.099,35240,35,Le Rheu,Rennes Métropole,France,2023-02-03T08:50:00+01:00,2023-02-03,08:50:00,-1.697,48.154,35278,35,Saint-Grégoire,Rennes Métropole,France,1,B,12021,18,NON
12332742,265e7e6d-a9bc-4302-8856-ae59c4f7d5ad,2023-02-03T08:30:00+01:00,2023-02-03,08:30:00,-1.768,48.147,35210,35,Pacé,Rennes Métropole,France,2023-02-03T08:40:00+01:00,2023-02-03,08:40:00,-1.794,48.099,35240,35,Le Rheu,Rennes Métropole,France,1,B,6696,10,NON
12454082,60ee4fe7-d028-4c1d-9254-da3d5a8fa8b1,2023-02-03T08:30:00+01:00,2023-02-03,08:30:00,-1.658,48.122,35238,35,Rennes,Rennes Métropole,France,2023-02-03T09:00:00+01:00,2023-02-03,09:00:00,-1.198,48.331,35137,35,Javené,CA Fougères Agglomération,France,1,C,47892,34,OUI
12454108,8451e2da-192d-4adb-a779-af7789f79861,2023-02-03T08:30:00+01:00,2023-02-03,08:30:00,-1.680,48.117,35238,35,Rennes,Rennes Métropole,France,2023-02-03T09:20:00+01:00,2023-02-03,09:20:00,-1.986,48.628,35288,35,Saint-Malo,CA du Pays de Saint Malo Agglomération,France,1,C,65377,43,OUI
12454162,8451e2da-192d-4adb-a779-af7789f79861,2023-02-03T08:30:00+01:00,2023-02-03,08:30:00,-1.700,48.132,35238,35,Rennes,Rennes Métropole,France,2023-02-03T09:20:00+01:00,2023-02-03,09:20:00,-1.986,48.626,35288,35,Saint-Malo,CA du Pays de Saint Malo Agglomération,France,1,B,63417,41,OUI
12327531,1b2c89b5-3a0b-4d92-a118-6e17d184231c,2023-02-03T08:40:00+01:00,2023-02-03,08:40:00,-1.640,48.094,35238,35,Rennes,Rennes Métropole,France,2023-02-03T08:50:00+01:00,2023-02-03,08:50:00,-1.624,48.130,35051,35,Cesson-Sévigné,Rennes Métropole,France,1,C,6786,18,OUI
12327785,a7b2b119-02da-47ac-ad23-50fde54a266f,2023-02-03T08:40:00+01:00,2023-02-03,08:40:00,-1.794,48.077,35076,35,Chavagne,Rennes Métropole,France,2023-02-03T09:00:00+01:00,2023-02-03,09:00:00,-2.117,47.941,56075,56,Guer,CC de l'Oust à Brocéliande,France,1,C,36121,22,OUI
12327797,a7b2b119-02da-47ac-ad23-50fde54a266f,2023-02-03T08:40:00+01:00,2023-02-03,08:40:00,-1.794,48.077,35076,35,Chavagne,Rennes Métropole,France,2023-02-03T09:00:00+01:00,2023-02-03,09:00:00,-2.117,47.941,56075,56,Guer,CC de l'Oust à Brocéliande,France,1,C,36121,23,OUI
12332772,a5180095-8850-4160-9434-aabfd266acb9,2023-02-03T08:40:00+01:00,2023-02-03,08:40:00,-1.794,48.099,35240,35,Le Rheu,Rennes Métropole,France,2023-02-03T08:50:00+01:00,2023-02-03,08:50:00,-1.768,48.147,35210,35,Pacé,Rennes Métropole,France,1,B,6829,11,NON
12332832,65047e41-4d6e-47b7-9247-72b93022b424,2023-02-03T08:40:00+01:00,2023-02-03,08:40:00,-1.768,48.147,35210,35,Pacé,Rennes Métropole,France,2023-02-03T08:50:00+01:00,2023-02-03,08:50:00,-1.697,48.154,35278,35,Saint-Grégoire,Rennes Métropole,France,1,B,5814,7,NON
12379729,cfb3f14d-8f00-4153-825b-2bccbb425b3e,2023-02-03T08:40:00+01:00,2023-02-03,08:40:00,-1.817,48.125,35131,35,L'Hermitage,Rennes Métropole,France,2023-02-03T09:00:00+01:00,2023-02-03,09:00:00,-1.834,48.068,35196,35,Mordelles,Rennes Métropole,France,1,C,7383,14,OUI
12454278,71b44bc6-c11b-41c6-b49b-f39e8db1289f,2023-02-03T08:40:00+01:00,2023-02-03,08:40:00,-1.650,48.105,35238,35,Rennes,Rennes Métropole,France,2023-02-03T08:50:00+01:00,2023-02-03,08:50:00,-1.616,48.098,35055,35,Chantepie,Rennes Métropole,France,1,B,3234,4,NON
12454279,fb3f1d29-ed9d-4bf3-903e-17dc4b2b87a0,2023-02-03T08:40:00+01:00,2023-02-03,08:40:00,-1.705,48.121,35238,35,Rennes,Rennes Métropole,France,2023-02-03T09:10:00+01:00,2023-02-03,09:10:00,-2.193,48.190,35297,35,Saint-Méen-le-Grand,CC de Saint-Méen Montauban,France,1,B,41642,29,OUI
12333031,55df57eb-49d4-4e50-9fde-3ccf02222574,2023-02-03T08:50:00+01:00,2023-02-03,08:50:00,-1.768,48.147,35210,35,Pacé,Rennes Métropole,France,2023-02-03T09:10:00+01:00,2023-02-03,09:10:00,-1.622,48.135,35051,35,Cesson-Sévigné,Rennes Métropole,France,1,B,12655,21,NON
12380245,a9f6af74-2cd4-4470-9cc7-c316319146c6,2023-02-03T08:50:00+01:00,2023-02-03,08:50:00,-1.693,48.097,35238,35,Rennes,Rennes Métropole,France,2023-02-03T09:20:00+01:00,2023-02-03,09:20:00,-1.625,48.135,35051,35,Cesson-Sévigné,Rennes Métropole,France,1,C,7856,21,OUI
12327751,9028c9a0-b58c-4611-9f4c-62115199448e,2023-02-03T08:50:00+01:00,2023-02-03,08:50:00,-1.219,47.968,35200,35,Moutiers,CA Vitré Communauté,France,2023-02-03T09:00:00+01:00,2023-02-03,09:00:00,-1.194,48.068,35109,35,Étrelles,CA Vitré Communauté,France,1,C,13383,15,OUI
12454390,38c967e2-1240-4d1a-a9c2-0f2038c7ea34,2023-02-03T09:00:00+01:00,2023-02-03,09:00:00,-1.834,48.153,35275,35,Saint-Gilles,Rennes Métropole,France,2023-02-03T09:20:00+01:00,2023-02-03,09:20:00,-1.739,48.052,35047,35,Bruz,Rennes Métropole,France,1,B,18615,16,OUI
12471879,1cc4ce8d-5220-4090-9e9b-ce946894c42a,2023-02-03T09:50:00+01:00,2023-02-03,09:50:00,-1.685,48.096,35238,35,Rennes,Rennes Métropole,France,2023-02-03T10:10:00+01:00,2023-02-03,10:10:00,-1.610,48.042,35352,35,Vern-sur-Seiche,Rennes Métropole,France,1,B,10804,11,OUI
12383260,748f83c5-95c2-4141-8e45-39f280607d97,2023-02-03T11:50:00+01:00,2023-02-03,11:50:00,-1.692,48.127,35238,35,Rennes,Rennes Métropole,France,2023-02-03T12:00:00+01:00,2023-02-03,12:00:00,-1.679,48.114,35238,35,Rennes,Rennes Métropole,France,1,C,2485,6,NON
12457065,bec78b39-4c5f-4475-8b7f-acaaa74a2b71,2023-02-03T12:00:00+01:00,2023-02-03,12:00:00,-1.681,48.096,35238,35,Rennes,Rennes Métropole,France,2023-02-03T12:40:00+01:00,2023-02-03,12:40:00,-2.127,47.929,56075,56,Guer,CC de l'Oust à Brocéliande,France,1,B,45350,32,OUI
12457070,5804a319-3ecb-4d31-b25d-f7c67516e5a2,2023-02-03T12:00:00+01:00,2023-02-03,12:00:00,-1.631,48.121,35238,35,Rennes,Rennes Métropole,France,2023-02-03T12:40:00+01:00,2023-02-03,12:40:00,-1.907,48.426,35226,35,Pleugueneuc,CC Bretagne Romantique,France,1,B,46154,32,OUI
12331014,0b830354-46d4-4a60-a12c-1fac37bfb446,2023-02-03T12:10:00+01:00,2023-02-03,12:10:00,-1.700,48.093,35281,35,Saint-Jacques-de-la-Lande,Rennes Métropole,France,2023-02-03T12:40:00+01:00,2023-02-03,12:40:00,-2.087,48.006,35223,35,Plélan-le-Grand,CC Brocéliande Communauté,France,1,C,34697,36,OUI
12331214,28c2dd96-bfcf-4841-beb3-29ee420da379,2023-02-03T12:20:00+01:00,2023-02-03,12:20:00,-1.697,48.085,35238,35,Rennes,Rennes Métropole,France,2023-02-03T12:50:00+01:00,2023-02-03,12:50:00,-1.497,48.224,35152,35,Liffré,CC Liffré-Cormier Communauté,France,1,C,28061,31,OUI
12331238,28c2dd96-bfcf-4841-beb3-29ee420da379,2023-02-03T12:20:00+01:00,2023-02-03,12:20:00,-1.668,48.087,35238,35,Rennes,Rennes Métropole,France,2023-02-03T13:00:00+01:00,2023-02-03,13:00:00,-1.497,48.224,35152,35,Liffré,CC Liffré-Cormier Communauté,France,1,C,26889,32,OUI
12331240,28c2dd96-bfcf-4841-beb3-29ee420da379,2023-02-03T12:20:00+01:00,2023-02-03,12:20:00,-1.668,48.087,35238,35,Rennes,Rennes Métropole,France,2023-02-03T13:00:00+01:00,2023-02-03,13:00:00,-1.498,48.224,35152,35,Liffré,CC Liffré-Cormier Communauté,France,1,C,26893,32,OUI
12331283,52329b70-a617-42b5-b858-27cb2654d6ee,2023-02-03T12:30:00+01:00,2023-02-03,12:30:00,-1.681,48.090,35238,35,Rennes,Rennes Métropole,France,2023-02-03T13:00:00+01:00,2023-02-03,13:00:00,-1.497,48.225,35152,35,Liffré,CC Liffré-Cormier Communauté,France,1,C,28487,33,OUI
12331373,52329b70-a617-42b5-b858-27cb2654d6ee,2023-02-03T12:30:00+01:00,2023-02-03,12:30:00,-1.663,48.085,35238,35,Rennes,Rennes Métropole,France,2023-02-03T13:10:00+01:00,2023-02-03,13:10:00,-1.497,48.225,35152,35,Liffré,CC Liffré-Cormier Communauté,France,1,C,26908,31,OUI
12331486,15693061-a26c-4cee-bf45-a05f1598c123,2023-02-03T12:50:00+01:00,2023-02-03,12:50:00,-1.675,48.087,35238,35,Rennes,Rennes Métropole,France,2023-02-03T13:20:00+01:00,2023-02-03,13:20:00,-1.497,48.225,35152,35,Liffré,CC Liffré-Cormier Communauté,France,1,C,27439,23,OUI
12383500,0c076a4a-74d0-449f-a7cd-e8385232a7be,2023-02-03T12:50:00+01:00,2023-02-03,12:50:00,-1.680,48.114,35238,35,Rennes,Rennes Métropole,France,2023-02-03T13:00:00+01:00,2023-02-03,13:00:00,-1.691,48.127,35238,35,Rennes,Rennes Métropole,France,1,C,2921,8,OUI
12331785,27655e83-f4fc-43e9-98ff-340e21ad374e,2023-02-03T12:50:00+01:00,2023-02-03,12:50:00,-1.489,48.105,35039,35,Brécé,Rennes Métropole,France,2023-02-03T13:30:00+01:00,2023-02-03,13:30:00,-1.137,48.111,35105,35,Erbrée,CA Vitré Communauté,France,1,C,30745,33,OUI
12331832,92b64a67-ccb3-4355-a907-510b40a59ecf,2023-02-03T13:00:00+01:00,2023-02-03,13:00:00,-1.495,48.108,35039,35,Brécé,Rennes Métropole,France,2023-02-03T13:30:00+01:00,2023-02-03,13:30:00,-1.301,48.177,35347,35,Val-d'Izé,CA Vitré Communauté,France,1,C,22054,25,OUI
12338502,42cc46b1-e163-4936-be03-42e81b4c1ada,2023-02-03T13:10:00+01:00,2023-02-03,13:10:00,-1.655,48.110,35238,35,Rennes,Rennes Métropole,France,2023-02-03T14:10:00+01:00,2023-02-03,14:10:00,-1.159,47.986,35119,35,Gennes-sur-Seiche,CA Vitré Communauté,France,1,C,50588,61,OUI
12332558,7ebbdbcc-1eed-423d-9813-cd7967278b4a,2023-02-03T13:40:00+01:00,2023-02-03,13:40:00,-1.700,48.123,35238,35,Rennes,Rennes Métropole,France,2023-02-03T14:20:00+01:00,2023-02-03,14:20:00,-1.201,48.115,35360,35,Vitré,CA Vitré Communauté,France,1,C,45743,42,OUI
12459469,7dce49e3-8b4e-4767-9726-2e5ee5104583,2023-02-03T14:10:00+01:00,2023-02-03,14:10:00,-1.700,48.062,35066,35,Chartres-de-Bretagne,Rennes Métropole,France,2023-02-03T14:30:00+01:00,2023-02-03,14:30:00,-1.636,48.183,35024,35,Betton,Rennes Métropole,France,1,C,21602,18,OUI
12333072,c253aadf-c9ae-4ab9-bfd5-32ac66b99590,2023-02-03T14:20:00+01:00,2023-02-03,14:20:00,-1.702,48.092,35281,35,Saint-Jacques-de-la-Lande,Rennes Métropole,France,2023-02-03T15:00:00+01:00,2023-02-03,15:00:00,-1.228,47.938,35125,35,La Guerche-de-Bretagne,CA Vitré Communauté,France,1,C,49745,44,OUI
12333416,a4717e2a-eea5-4ddc-8848-11d20a550b5b,2023-02-03T15:00:00+01:00,2023-02-03,15:00:00,-1.695,48.122,35238,35,Rennes,Rennes Métropole,France,2023-02-03T15:30:00+01:00,2023-02-03,15:30:00,-2.158,48.268,22305,22,Saint-Jouan-de-l'Isle,CA Dinan Agglomération,France,1,C,42240,35,OUI
12333601,13f8952a-aac7-4937-a75a-b42917962917,2023-02-03T15:10:00+01:00,2023-02-03,15:10:00,-1.631,48.123,35238,35,Rennes,Rennes Métropole,France,2023-02-03T15:50:00+01:00,2023-02-03,15:50:00,-1.152,48.052,35006,35,Argentré-du-Plessis,CA Vitré Communauté,France,1,C,41038,45,OUI
12378679,5593e779-7a05-481f-b9d9-79f3f49fd586,2023-02-03T15:10:00+01:00,2023-02-03,15:10:00,-1.488,47.952,35136,35,Janzé,CC Roche aux Fées Communauté,France,2023-02-03T15:20:00+01:00,2023-02-03,15:20:00,-1.390,47.915,35333,35,Le Theil-de-Bretagne,CC Roche aux Fées Communauté,France,1,C,8763,10,OUI
12460235,39d513ac-3b00-441f-9b31-a7929f36c0b9,2023-02-03T15:20:00+01:00,2023-02-03,15:20:00,-1.703,48.121,35238,35,Rennes,Rennes Métropole,France,2023-02-03T15:50:00+01:00,2023-02-03,15:50:00,-1.232,48.355,35150,35,Lécousse,CA Fougères Agglomération,France,1,C,48874,31,OUI
12363782,5fb7225c-3620-4fa0-b2d7-8da8acf25530,2023-02-03T15:30:00+01:00,2023-02-03,15:30:00,-1.693,48.114,35238,35,Rennes,Rennes Métropole,France,2023-02-03T16:00:00+01:00,2023-02-03,16:00:00,-1.413,48.259,35253,35,Saint-Aubin-du-Cormier,CC Liffré-Cormier Communauté,France,1,C,30272,21,OUI
12334564,2a56f022-f394-4e82-a273-f90c89f6ebf0,2023-02-03T15:50:00+01:00,2023-02-03,15:50:00,-1.742,47.990,35047,35,Bruz,Rennes Métropole,France,2023-02-03T16:30:00+01:00,2023-02-03,16:30:00,-1.364,48.116,35283,35,Saint-Jean-sur-Vilaine,CA Vitré Communauté,France,1,C,38560,38,OUI
12334524,2a56f022-f394-4e82-a273-f90c89f6ebf0,2023-02-03T15:50:00+01:00,2023-02-03,15:50:00,-1.742,47.990,35047,35,Bruz,Rennes Métropole,France,2023-02-03T16:30:00+01:00,2023-02-03,16:30:00,-1.379,48.112,35068,35,Châteaubourg,CA Vitré Communauté,France,1,C,37323,38,OUI
12334781,46cbe755-d04b-4766-94be-406f5f955345,2023-02-03T16:00:00+01:00,2023-02-03,16:00:00,-1.664,48.124,35238,35,Rennes,Rennes Métropole,France,2023-02-03T16:40:00+01:00,2023-02-03,16:40:00,-1.196,48.117,35360,35,Vitré,CA Vitré Communauté,France,1,C,41250,45,OUI
12345266,07111cc7-b213-443b-93bf-460ad8428bc6,2023-02-03T16:00:00+01:00,2023-02-03,16:00:00,-1.675,48.082,35238,35,Rennes,Rennes Métropole,France,2023-02-03T17:20:00+01:00,2023-02-03,17:20:00,-0.716,48.113,53140,53,Louverné,CA Laval Agglomération,France,1,C,78052,70,OUI
12461075,98313804-a53c-4837-8269-a79439264ec1,2023-02-03T16:00:00+01:00,2023-02-03,16:00:00,-1.688,48.137,35278,35,Saint-Grégoire,Rennes Métropole,France,2023-02-03T16:20:00+01:00,2023-02-03,16:20:00,-1.605,48.259,35251,35,Saint-Aubin-d'Aubigné,CC Val d'Ille-Aubigné,France,1,C,19749,15,OUI
12337862,07111cc7-b213-443b-93bf-460ad8428bc6,2023-02-03T16:10:00+01:00,2023-02-03,16:10:00,-1.675,48.082,35238,35,Rennes,Rennes Métropole,France,2023-02-03T17:20:00+01:00,2023-02-03,17:20:00,-0.716,48.113,53140,53,Louverné,CA Laval Agglomération,France,1,C,78052,70,OUI
12338076,07111cc7-b213-443b-93bf-460ad8428bc6,2023-02-03T16:10:00+01:00,2023-02-03,16:10:00,-1.675,48.082,35238,35,Rennes,Rennes Métropole,France,2023-02-03T17:20:00+01:00,2023-02-03,17:20:00,-0.716,48.113,53140,53,Louverné,CA Laval Agglomération,France,1,C,78052,70,OUI
12381715,c1691068-2976-44f2-badc-b79bb396ffb2,2023-02-03T16:10:00+01:00,2023-02-03,16:10:00,-1.741,48.049,35047,35,Bruz,Rennes Métropole,France,2023-02-03T16:20:00+01:00,2023-02-03,16:20:00,-1.697,48.090,35281,35,Saint-Jacques-de-la-Lande,Rennes Métropole,France,1,C,6632,10,OUI
12334944,bce7d4fa-abe2-43e7-bf84-7acfac003427,2023-02-03T16:20:00+01:00,2023-02-03,16:20:00,-1.636,48.117,35238,35,Rennes,Rennes Métropole,France,2023-02-03T16:50:00+01:00,2023-02-03,16:50:00,-1.271,48.062,35338,35,Torcé,CA Vitré Communauté,France,1,C,32092,29,OUI
12335219,0e6139b4-d9ce-4510-9048-04072424c635,2023-02-03T16:20:00+01:00,2023-02-03,16:20:00,-1.742,48.048,35047,35,Bruz,Rennes Métropole,France,2023-02-03T17:00:00+01:00,2023-02-03,17:00:00,-1.268,48.074,35338,35,Torcé,CA Vitré Communauté,France,1,C,42007,34,OUI
12335660,269a4c65-70cc-466f-a5de-502713ba0d32,2023-02-03T16:30:00+01:00,2023-02-03,16:30:00,-1.597,48.129,35051,35,Cesson-Sévigné,Rennes Métropole,France,2023-02-03T17:10:00+01:00,2023-02-03,17:10:00,-1.186,48.121,35360,35,Vitré,CA Vitré Communauté,France,1,C,36853,41,OUI
12462650,2c9029f2-f29e-4561-9fa7-b3d09695853e,2023-02-03T16:30:00+01:00,2023-02-03,16:30:00,-1.621,48.134,35051,35,Cesson-Sévigné,Rennes Métropole,France,2023-02-03T16:40:00+01:00,2023-02-03,16:40:00,-1.608,48.232,35197,35,Mouazé,CC Val d'Ille-Aubigné,France,1,C,12588,9,NON
12339331,c2f607d9-5be7-4862-86db-f408d065a0e8,2023-02-03T16:50:00+01:00,2023-02-03,16:50:00,-1.627,48.140,35051,35,Cesson-Sévigné,Rennes Métropole,France,2023-02-03T18:20:00+01:00,2023-02-03,18:20:00,-0.643,48.280,53200,53,Saint-Baudelle,CC Mayenne Communauté,France,1,C,102004,96,OUI
12338746,d468e4f0-c50d-42b5-a83f-6f9c9b377bb3,2023-02-03T16:50:00+01:00,2023-02-03,16:50:00,-1.693,48.086,35238,35,Rennes,Rennes Métropole,France,2023-02-03T17:50:00+01:00,2023-02-03,17:50:00,-1.201,47.913,35235,35,Rannée,CA Vitré Communauté,France,1,C,52173,59,OUI
12462817,273450b2-b612-4184-9790-2e1f0ed0fa51,2023-02-03T16:50:00+01:00,2023-02-03,16:50:00,-1.696,48.154,35278,35,Saint-Grégoire,Rennes Métropole,France,2023-02-03T17:00:00+01:00,2023-02-03,17:00:00,-1.540,48.133,35001,35,Acigné,Rennes Métropole,France,1,B,15614,13,OUI
12338894,e1ae8964-cb1a-4a3e-8560-e00ac75e39b3,2023-02-03T16:50:00+01:00,2023-02-03,16:50:00,-1.682,48.094,35238,35,Rennes,Rennes Métropole,France,2023-02-03T18:10:00+01:00,2023-02-03,18:10:00,-0.747,48.056,53130,53,Laval,CA Laval Agglomération,France,1,C,88290,72,OUI
12462849,deacd0f5-d935-4d82-9527-c8c0729b17c3,2023-02-03T16:50:00+01:00,2023-02-03,16:50:00,-1.643,48.087,35238,35,Rennes,Rennes Métropole,France,2023-02-03T17:00:00+01:00,2023-02-03,17:00:00,-1.516,48.040,35069,35,Châteaugiron,CC Pays de Châteaugiron Communauté,France,1,C,13294,13,NON
12337951,ea700304-0e63-4cc6-a3d2-93cfac527350,2023-02-03T16:50:00+01:00,2023-02-03,16:50:00,-1.665,48.125,35238,35,Rennes,Rennes Métropole,France,2023-02-03T17:30:00+01:00,2023-02-03,17:30:00,-1.268,48.074,35338,35,Torcé,CA Vitré Communauté,France,1,C,33230,40,OUI
12338277,6835ae29-8343-421a-b20d-36836c8f6b23,2023-02-03T17:00:00+01:00,2023-02-03,17:00:00,-1.613,48.127,35051,35,Cesson-Sévigné,Rennes Métropole,France,2023-02-03T17:40:00+01:00,2023-02-03,17:40:00,-1.212,48.122,35360,35,Vitré,CA Vitré Communauté,France,1,C,37042,41,OUI
12463269,b8329abc-ebc7-47bd-aaee-45dd034f2463,2023-02-03T17:00:00+01:00,2023-02-03,17:00:00,-1.825,48.150,35275,35,Saint-Gilles,Rennes Métropole,France,2023-02-03T17:10:00+01:00,2023-02-03,17:10:00,-1.713,48.120,35238,35,Rennes,Rennes Métropole,France,1,C,10020,8,NON
12363755,c6bcf227-ba1b-4456-b42a-6ce511562b77,2023-02-03T17:00:00+01:00,2023-02-03,17:00:00,-1.688,48.104,35238,35,Rennes,Rennes Métropole,France,2023-02-03T17:20:00+01:00,2023-02-03,17:20:00,-1.764,48.137,35210,35,Pacé,Rennes Métropole,France,1,C,9483,10,OUI
12463259,8d662451-6c75-465c-bfc1-c2a58b55cf77,2023-02-03T17:00:00+01:00,2023-02-03,17:00:00,-1.742,48.047,35047,35,Bruz,Rennes Métropole,France,2023-02-03T17:20:00+01:00,2023-02-03,17:20:00,-1.502,48.039,35069,35,Châteaugiron,CC Pays de Châteaugiron Communauté,France,1,C,20609,19,OUI
12463287,038565d6-4106-4231-a50c-2850abb7d716,2023-02-03T17:00:00+01:00,2023-02-03,17:00:00,-1.489,47.954,35136,35,Janzé,CC Roche aux Fées Communauté,France,2023-02-03T17:20:00+01:00,2023-02-03,17:20:00,-1.646,48.087,35238,35,Rennes,Rennes Métropole,France,1,B,22036,16,OUI
12338759,ddef66b5-880f-4f69-809c-9ac255ea9500,2023-02-03T17:10:00+01:00,2023-02-03,17:10:00,-1.634,48.124,35238,35,Rennes,Rennes Métropole,France,2023-02-03T17:50:00+01:00,2023-02-03,17:50:00,-1.314,48.146,35052,35,Champeaux,CA Vitré Communauté,France,1,C,31604,45,OUI
12463655,2dd31bea-f791-4583-90c0-9a985a674c3c,2023-02-03T17:20:00+01:00,2023-02-03,17:20:00,-1.641,48.131,35238,35,Rennes,Rennes Métropole,France,2023-02-03T17:50:00+01:00,2023-02-03,17:50:00,-1.197,48.068,35109,35,Étrelles,CA Vitré Communauté,France,1,C,37787,26,OUI
12337889,c0d6d070-b540-4641-b3c9-58b6975c3371,2023-02-03T17:20:00+01:00,2023-02-03,17:20:00,-1.757,48.028,35047,35,Bruz,Rennes Métropole,France,2023-02-03T17:30:00+01:00,2023-02-03,17:30:00,-1.713,48.079,35281,35,Saint-Jacques-de-la-Lande,Rennes Métropole,France,1,C,8409,11,OUI
12338426,cd45b436-820a-4ecc-ab7b-3bc4f4472606,2023-02-03T17:20:00+01:00,2023-02-03,17:20:00,-1.624,48.130,35051,35,Cesson-Sévigné,Rennes Métropole,France,2023-02-03T17:40:00+01:00,2023-02-03,17:40:00,-1.640,48.094,35238,35,Rennes,Rennes Métropole,France,1,C,7189,17,OUI
12345850,333da0b9-52ae-4e7f-adb1-da3bd971f698,2023-02-03T17:20:00+01:00,2023-02-03,17:20:00,-1.697,48.154,35278,35,Saint-Grégoire,Rennes Métropole,France,2023-02-03T17:30:00+01:00,2023-02-03,17:30:00,-1.768,48.147,35210,35,Pacé,Rennes Métropole,France,1,B,5572,7,NON
12345854,036ff30e-dd02-4242-9c98-d7c6343a1999,2023-02-03T17:20:00+01:00,2023-02-03,17:20:00,-1.697,48.154,35278,35,Saint-Grégoire,Rennes Métropole,France,2023-02-03T17:40:00+01:00,2023-02-03,17:40:00,-1.622,48.135,35051,35,Cesson-Sévigné,Rennes Métropole,France,1,B,8706,13,NON
12380337,c6625c8e-e3a9-4dd3-9425-ac61c9df5493,2023-02-03T17:20:00+01:00,2023-02-03,17:20:00,-1.629,48.133,35051,35,Cesson-Sévigné,Rennes Métropole,France,2023-02-03T17:40:00+01:00,2023-02-03,17:40:00,-1.684,48.104,35238,35,Rennes,Rennes Métropole,France,1,C,6021,18,OUI
12463611,436c5699-63d6-4f62-8907-b33a5733272d,2023-02-03T17:20:00+01:00,2023-02-03,17:20:00,-1.587,48.112,35051,35,Cesson-Sévigné,Rennes Métropole,France,2023-02-03T17:40:00+01:00,2023-02-03,17:40:00,-1.413,48.259,35253,35,Saint-Aubin-du-Cormier,CC Liffré-Cormier Communauté,France,1,B,27351,18,OUI
12463620,9c3c6caa-56b8-4ea3-acc9-c5f947fb6276,2023-02-03T17:20:00+01:00,2023-02-03,17:20:00,-1.610,48.042,35352,35,Vern-sur-Seiche,Rennes Métropole,France,2023-02-03T17:30:00+01:00,2023-02-03,17:30:00,-1.685,48.096,35238,35,Rennes,Rennes Métropole,France,1,C,10727,11,NON
12463706,502a8d68-94fd-4eb0-b637-8e981ed74ea5,2023-02-03T17:20:00+01:00,2023-02-03,17:20:00,-1.604,48.082,35055,35,Chantepie,Rennes Métropole,France,2023-02-03T17:30:00+01:00,2023-02-03,17:30:00,-1.503,48.049,35069,35,Châteaugiron,CC Pays de Châteaugiron Communauté,France,1,B,8789,8,NON
12463711,71842ab5-5ed9-4fba-ad25-eea7eeb0e68c,2023-02-03T17:20:00+01:00,2023-02-03,17:20:00,-1.672,48.110,35238,35,Rennes,Rennes Métropole,France,2023-02-03T17:50:00+01:00,2023-02-03,17:50:00,-1.413,48.259,35253,35,Saint-Aubin-du-Cormier,CC Liffré-Cormier Communauté,France,1,B,27860,21,OUI
12466205,17ab711e-cd18-4940-9143-590c0b91b515,2023-02-03T17:20:00+01:00,2023-02-03,17:20:00,-1.630,48.092,35238,35,Rennes,Rennes Métropole,France,2023-02-03T18:00:00+01:00,2023-02-03,18:00:00,-1.200,48.350,35115,35,Fougères,CA Fougères Agglomération,France,1,C,51429,34,OUI
12466397,bef6ed92-77c5-4ad3-b8b9-b94a566c65c5,2023-02-03T17:30:00+01:00,2023-02-03,17:30:00,-1.739,48.052,35047,35,Bruz,Rennes Métropole,France,2023-02-03T17:50:00+01:00,2023-02-03,17:50:00,-1.829,48.152,35275,35,Saint-Gilles,Rennes Métropole,France,1,B,20196,16,OUI
12345863,706971d5-f8ee-43a1-ac41-e6bbc4298339,2023-02-03T17:30:00+01:00,2023-02-03,17:30:00,-1.622,48.135,35051,35,Cesson-Sévigné,Rennes Métropole,France,2023-02-03T17:40:00+01:00,2023-02-03,17:40:00,-1.768,48.147,35210,35,Pacé,Rennes Métropole,France,1,B,12850,20,NON
12466255,a5939a69-f68b-466f-bef4-81f502975741,2023-02-03T17:30:00+01:00,2023-02-03,17:30:00,-1.630,48.080,35055,35,Chantepie,Rennes Métropole,France,2023-02-03T18:00:00+01:00,2023-02-03,18:00:00,-2.047,48.205,35184,35,Montauban-de-Bretagne,CC de Saint-Méen Montauban,France,1,C,38196,26,OUI
12466263,634c9961-69ee-4d70-aee0-cf23f12b03d5,2023-02-03T17:30:00+01:00,2023-02-03,17:30:00,-1.703,48.122,35238,35,Rennes,Rennes Métropole,France,2023-02-03T18:10:00+01:00,2023-02-03,18:10:00,-2.044,48.452,22050,22,Dinan,CA Dinan Agglomération,France,1,C,52420,40,OUI
12466283,e0b1ebc2-b523-4477-8d89-dad35c8b549b,2023-02-03T17:30:00+01:00,2023-02-03,17:30:00,-1.742,48.047,35047,35,Bruz,Rennes Métropole,France,2023-02-03T17:50:00+01:00,2023-02-03,17:50:00,-2.006,48.036,35340,35,Treffendel,CC Brocéliande Communauté,France,1,B,24074,17,OUI
12466383,e37ad32f-aba7-4e54-9d90-a7e5a82ed964,2023-02-03T17:30:00+01:00,2023-02-03,17:30:00,-1.687,48.112,35238,35,Rennes,Rennes Métropole,France,2023-02-03T17:50:00+01:00,2023-02-03,17:50:00,-1.941,48.175,35023,35,Bédée,CC Montfort Communauté,France,1,C,22249,17,OUI
12339366,f244ab2d-565c-4085-8cb2-a789c8ed6518,2023-02-03T17:40:00+01:00,2023-02-03,17:40:00,-1.833,48.068,35196,35,Mordelles,Rennes Métropole,France,2023-02-03T18:20:00+01:00,2023-02-03,18:20:00,-1.224,48.114,35360,35,Vitré,CA Vitré Communauté,France,1,C,56190,47,OUI
12338962,03005e0f-58a0-4c6c-836d-c45d4e0a03d6,2023-02-03T17:40:00+01:00,2023-02-03,17:40:00,-1.626,48.127,35051,35,Cesson-Sévigné,Rennes Métropole,France,2023-02-03T18:10:00+01:00,2023-02-03,18:10:00,-1.194,48.057,35109,35,Étrelles,CA Vitré Communauté,France,1,C,37132,31,OUI
12345999,a83aaaa8-f8b5-4115-9f2c-73b8b880d5c0,2023-02-03T17:40:00+01:00,2023-02-03,17:40:00,-1.768,48.147,35210,35,Pacé,Rennes Métropole,France,2023-02-03T17:50:00+01:00,2023-02-03,17:50:00,-1.794,48.099,35240,35,Le Rheu,Rennes Métropole,France,1,B,6696,10,NON
12346000,a83aaaa8-f8b5-4115-9f2c-73b8b880d5c0,2023-02-03T17:40:00+01:00,2023-02-03,17:40:00,-1.768,48.147,35210,35,Pacé,Rennes Métropole,France,2023-02-03T17:50:00+01:00,2023-02-03,17:50:00,-1.794,48.099,35240,35,Le Rheu,Rennes Métropole,France,1,B,6696,10,NON
12384719,edebab1e-c756-4b95-bdbe-3f707238ae8c,2023-02-03T17:40:00+01:00,2023-02-03,17:40:00,-1.741,48.049,35047,35,Bruz,Rennes Métropole,France,2023-02-03T17:50:00+01:00,2023-02-03,17:50:00,-1.703,48.091,35281,35,Saint-Jacques-de-la-Lande,Rennes Métropole,France,1,C,6286,9,OUI
12466496,634c9961-69ee-4d70-aee0-cf23f12b03d5,2023-02-03T17:40:00+01:00,2023-02-03,17:40:00,-1.703,48.122,35238,35,Rennes,Rennes Métropole,France,2023-02-03T18:20:00+01:00,2023-02-03,18:20:00,-2.044,48.452,22050,22,Dinan,CA Dinan Agglomération,France,1,B,52420,40,OUI
12338947,b7d949d7-c17b-4684-abea-3bca6ebdc71d,2023-02-03T17:50:00+01:00,2023-02-03,17:50:00,-1.634,48.094,35238,35,Rennes,Rennes Métropole,France,2023-02-03T18:10:00+01:00,2023-02-03,18:10:00,-1.413,48.103,35068,35,Châteaubourg,CA Vitré Communauté,France,1,C,18846,18,OUI
12341462,303febfb-9a60-4379-bd26-9d478b33b05a,2023-02-03T17:50:00+01:00,2023-02-03,17:50:00,-1.697,48.151,35278,35,Saint-Grégoire,Rennes Métropole,France,2023-02-03T18:30:00+01:00,2023-02-03,18:30:00,-1.497,47.953,35136,35,Janzé,CC Roche aux Fées Communauté,France,1,C,35593,41,OUI
12345864,303febfb-9a60-4379-bd26-9d478b33b05a,2023-02-03T17:50:00+01:00,2023-02-03,17:50:00,-1.697,48.151,35278,35,Saint-Grégoire,Rennes Métropole,France,2023-02-03T18:30:00+01:00,2023-02-03,18:30:00,-1.497,47.953,35136,35,Janzé,CC Roche aux Fées Communauté,France,1,C,35593,41,OUI
12359407,b397068d-a206-468d-8832-f015c4ad72df,2023-02-03T17:50:00+01:00,2023-02-03,17:50:00,-1.642,48.087,35238,35,Rennes,Rennes Métropole,France,2023-02-03T18:10:00+01:00,2023-02-03,18:10:00,-1.587,47.977,35088,35,Corps-Nuds,Rennes Métropole,France,1,A,13896,15,NON
12466824,fe91ddb6-b539-42da-aeb8-4d13375670f3,2023-02-03T18:00:00+01:00,2023-02-03,18:00:00,-1.675,48.097,35238,35,Rennes,Rennes Métropole,France,2023-02-03T19:10:00+01:00,2023-02-03,19:10:00,-1.581,47.260,44109,44,Nantes,Nantes Métropole,France,1,B,98758,62,OUI
12379730,a1ba2ae0-fb44-4a0b-a281-14d4ef2322d0,2023-02-03T18:00:00+01:00,2023-02-03,18:00:00,-1.834,48.069,35196,35,Mordelles,Rennes Métropole,France,2023-02-03T18:20:00+01:00,2023-02-03,18:20:00,-1.817,48.125,35131,35,L'Hermitage,Rennes Métropole,France,1,C,8629,15,OUI
12346134,5263fb6e-f2a0-4b35-a93d-323fd5b302ce,2023-02-03T18:10:00+01:00,2023-02-03,18:10:00,-1.635,48.120,35238,35,Rennes,Rennes Métropole,France,2023-02-03T22:10:00+01:00,2023-02-03,22:10:00,-1.121,46.183,17291,17,Puilboreau,CA de La Rochelle,France,1,B,249197,244,OUI
12346111,f5ade8c1-9334-41ff-bdcd-345787c3a321,2023-02-03T18:10:00+01:00,2023-02-03,18:10:00,-1.688,48.160,35278,35,Saint-Grégoire,Rennes Métropole,France,2023-02-03T18:20:00+01:00,2023-02-03,18:20:00,-1.768,48.147,35210,35,Pacé,Rennes Métropole,France,1,B,6629,10,NON
12346728,8063d852-9c7d-491b-80fd-801da5245cf1,2023-02-03T18:10:00+01:00,2023-02-03,18:10:00,-1.683,48.110,35238,35,Rennes,Rennes Métropole,France,2023-02-03T19:20:00+01:00,2023-02-03,19:20:00,-0.803,48.420,53107,53,Gorron,CC du Bocage Mayennais,France,1,B,86627,70,OUI
12342467,a8a3f24a-27eb-4d82-8380-6224675f7f5f,2023-02-03T18:20:00+01:00,2023-02-03,18:20:00,-1.742,48.047,35047,35,Bruz,Rennes Métropole,France,2023-02-03T19:20:00+01:00,2023-02-03,19:20:00,-0.847,48.071,53201,53,Saint-Berthevin,CA Laval Agglomération,France,1,C,74595,59,OUI
12343192,a5e713b7-1cc6-4bba-993c-79aef166d793,2023-02-03T19:00:00+01:00,2023-02-03,19:00:00,-1.686,48.140,35278,35,Saint-Grégoire,Rennes Métropole,France,2023-02-03T19:40:00+01:00,2023-02-03,19:40:00,-1.892,48.606,35122,35,La Gouesnière,CA du Pays de Saint Malo Agglomération,France,1,C,63250,43,OUI
12346544,f82f7bfa-3717-4b6b-a0b2-18e60b8af39f,2023-02-03T19:30:00+01:00,2023-02-03,19:30:00,-1.697,48.154,35278,35,Saint-Grégoire,Rennes Métropole,France,2023-02-03T19:40:00+01:00,2023-02-03,19:40:00,-1.794,48.099,35240,35,Le Rheu,Rennes Métropole,France,1,B,11773,17,NON
12363668,b77641fb-c33e-4110-875c-04f62e02203a,2023-02-03T19:30:00+01:00,2023-02-03,19:30:00,-1.758,48.021,35047,35,Bruz,Rennes Métropole,France,2023-02-03T19:50:00+01:00,2023-02-03,19:50:00,-1.673,48.093,35238,35,Rennes,Rennes Métropole,France,1,C,12893,13,OUI
12470453,d9ae0d1d-be34-4448-b181-b1182fde6243,2023-02-03T20:00:00+01:00,2023-02-03,20:00:00,-1.590,48.113,35051,35,Cesson-Sévigné,Rennes Métropole,France,2023-02-03T20:20:00+01:00,2023-02-03,20:20:00,-1.265,48.061,35338,35,Torcé,CA Vitré Communauté,France,1,C,27066,18,OUI
12470499,daadc969-8cfd-4066-bf0d-b5f4f66c2f04,2023-02-03T20:10:00+01:00,2023-02-03,20:10:00,-1.641,48.111,35238,35,Rennes,Rennes Métropole,France,2023-02-03T20:30:00+01:00,2023-02-03,20:30:00,-1.674,47.929,35033,35,Bourg-des-Comptes,CC Vallons de Haute-Bretagne Communauté,France,1,C,22948,19,OUI
12471180,daadc969-8cfd-4066-bf0d-b5f4f66c2f04,2023-02-03T20:30:00+01:00,2023-02-03,20:30:00,-1.639,48.111,35238,35,Rennes,Rennes Métropole,France,2023-02-03T20:50:00+01:00,2023-02-03,20:50:00,-1.674,47.935,35139,35,Laillé,Rennes Métropole,France,1,C,22385,18,OUI
12471315,74fa9ec0-a95f-4b36-bf44-923a284e1c21,2023-02-03T21:20:00+01:00,2023-02-03,21:20:00,-1.587,48.112,35051,35,Cesson-Sévigné,Rennes Métropole,France,2023-02-03T21:30:00+01:00,2023-02-03,21:30:00,-1.405,48.106,35068,35,Châteaubourg,CA Vitré Communauté,France,1,C,14915,11,OUI
12471898,e6b359a2-40ea-4622-9eb6-af107023b6f3,2023-02-03T22:10:00+01:00,2023-02-03,22:10:00,-1.667,48.104,35238,35,Rennes,Rennes Métropole,France,2023-02-03T22:40:00+01:00,2023-02-03,22:40:00,-1.685,47.843,35012,35,Bain-de-Bretagne,CC Bretagne porte de Loire Communauté,France,1,B,32552,24,NON
12346563,44173be1-caa8-4756-83fb-673d3ae2df8b,2023-02-04T01:00:00+01:00,2023-02-04,01:00:00,-1.592,48.154,35051,35,Cesson-Sévigné,Rennes Métropole,France,2023-02-04T01:30:00+01:00,2023-02-04,01:30:00,-1.311,48.081,35087,35,Cornillé,CA Vitré Communauté,France,1,C,27022,27,OUI
12346552,89cdeef8-8f37-4721-ac14-37f29e23654f,2023-02-04T01:10:00+01:00,2023-02-04,01:10:00,-1.624,48.060,35352,35,Vern-sur-Seiche,Rennes Métropole,France,2023-02-04T01:30:00+01:00,2023-02-04,01:30:00,-1.695,48.090,35281,35,Saint-Jacques-de-la-Lande,Rennes Métropole,France,1,C,9708,15,NON
12359037,5272b55a-2722-477a-b35d-a76d158a3e2d,2023-02-04T07:20:00+01:00,2023-02-04,07:20:00,-1.700,48.101,35238,35,Rennes,Rennes Métropole,France,2023-02-04T07:50:00+01:00,2023-02-04,07:50:00,-1.337,48.053,35161,35,Louvigné-de-Bais,CA Vitré Communauté,France,1,C,37889,33,OUI
12489523,a48828eb-9219-4d98-8cf0-b17279b4ad71,2023-02-04T08:30:00+01:00,2023-02-04,08:30:00,-1.616,48.112,35051,35,Cesson-Sévigné,Rennes Métropole,France,2023-02-04T08:40:00+01:00,2023-02-04,08:40:00,-1.684,48.107,35238,35,Rennes,Rennes Métropole,France,1,B,6692,10,NON
12489539,53712b7a-a39e-4b25-a2dd-1967a67819ab,2023-02-04T08:30:00+01:00,2023-02-04,08:30:00,-1.772,48.135,35210,35,Pacé,Rennes Métropole,France,2023-02-04T09:10:00+01:00,2023-02-04,09:10:00,-1.209,48.368,35150,35,Lécousse,CA Fougères Agglomération,France,1,C,55662,37,OUI
12363152,b5410dd2-3eeb-41eb-aefe-083b36a88011,2023-02-04T09:40:00+01:00,2023-02-04,09:40:00,-1.580,48.153,35334,35,Thorigné-Fouillard,Rennes Métropole,France,2023-02-04T10:00:00+01:00,2023-02-04,10:00:00,-1.497,48.225,35152,35,Liffré,CC Liffré-Cormier Communauté,France,1,C,11805,15,OUI
12490206,1a0e76fa-1034-4b6c-a4c8-e1a20ba0658b,2023-02-04T09:40:00+01:00,2023-02-04,09:40:00,-1.693,48.113,35238,35,Rennes,Rennes Métropole,France,2023-02-04T09:50:00+01:00,2023-02-04,09:50:00,-1.736,48.202,35177,35,La Mézière,CC Val d'Ille-Aubigné,France,1,C,11880,11,NON
12363222,91948a20-7d39-4c73-ac1e-63fe5631eaad,2023-02-04T09:50:00+01:00,2023-02-04,09:50:00,-1.709,48.121,35238,35,Rennes,Rennes Métropole,France,2023-02-04T10:10:00+01:00,2023-02-04,10:10:00,-1.497,48.224,35152,35,Liffré,CC Liffré-Cormier Communauté,France,1,C,23745,20,OUI
12363889,54537909-1937-46fc-a593-1dc764204694,2023-02-04T10:20:00+01:00,2023-02-04,10:20:00,-1.647,48.120,35238,35,Rennes,Rennes Métropole,France,2023-02-04T11:10:00+01:00,2023-02-04,11:10:00,-1.220,48.132,35360,35,Vitré,CA Vitré Communauté,France,1,C,41102,49,OUI
12405762,bb7194dd-c224-4963-9162-62e3e9adc12d,2023-02-04T11:00:00+01:00,2023-02-04,11:00:00,-1.668,48.091,35238,35,Rennes,Rennes Métropole,France,2023-02-04T11:20:00+01:00,2023-02-04,11:20:00,-1.697,48.138,35278,35,Saint-Grégoire,Rennes Métropole,France,1,C,6908,19,OUI
12364487,d6e3afd1-f45e-4a3e-bbd6-a230f1139e74,2023-02-04T11:30:00+01:00,2023-02-04,11:30:00,-1.279,48.234,35170,35,Mecé,CA Vitré Communauté,France,2023-02-04T12:00:00+01:00,2023-02-04,12:00:00,-1.214,48.107,35360,35,Vitré,CA Vitré Communauté,France,1,C,19924,23,OUI
12491538,b3c1f3b0-8b5a-4d05-84b4-baec65d84c47,2023-02-04T11:30:00+01:00,2023-02-04,11:30:00,-1.616,48.114,35051,35,Cesson-Sévigné,Rennes Métropole,France,2023-02-04T12:10:00+01:00,2023-02-04,12:10:00,-2.139,48.251,35234,35,Quédillac,CC de Saint-Méen Montauban,France,1,C,47520,33,OUI
12365418,0589b12d-4c2e-4c65-9532-69da780f4a08,2023-02-04T11:40:00+01:00,2023-02-04,11:40:00,-1.679,48.104,35238,35,Rennes,Rennes Métropole,France,2023-02-04T13:10:00+01:00,2023-02-04,13:10:00,-2.748,47.668,56260,56,Vannes,CA Golfe du Morbihan - Vannes Agglomération,France,1,C,111978,85,OUI
12405970,51e85b08-f0f2-4db6-857c-41d5ce148429,2023-02-04T11:50:00+01:00,2023-02-04,11:50:00,-1.686,48.133,35238,35,Rennes,Rennes Métropole,France,2023-02-04T12:10:00+01:00,2023-02-04,12:10:00,-1.733,48.204,35177,35,La Mézière,CC Val d'Ille-Aubigné,France,1,C,10011,15,OUI
12364595,5a61050b-fb92-436b-8790-27f999b1c84b,2023-02-04T11:50:00+01:00,2023-02-04,11:50:00,-1.703,48.122,35238,35,Rennes,Rennes Métropole,France,2023-02-04T12:10:00+01:00,2023-02-04,12:10:00,-1.497,48.224,35152,35,Liffré,CC Liffré-Cormier Communauté,France,1,C,22294,20,OUI
12366298,feb12203-c9e5-4092-b61d-b31300057eb4,2023-02-04T12:30:00+01:00,2023-02-04,12:30:00,-1.763,48.138,35210,35,Pacé,Rennes Métropole,France,2023-02-04T14:10:00+01:00,2023-02-04,14:10:00,-3.460,48.813,22168,22,Perros-Guirec,CA Lannion-Trégor Communauté,France,1,C,166042,104,OUI
12406226,0db261d1-edbd-4ffa-9447-83c289adeda6,2023-02-04T12:50:00+01:00,2023-02-04,12:50:00,-1.639,48.122,35238,35,Rennes,Rennes Métropole,France,2023-02-04T15:00:00+01:00,2023-02-04,15:00:00,-1.225,46.989,85295,85,Treize-Septiers,CA Terres de Montaigu,France,1,C,162317,128,OUI
12406205,0db261d1-edbd-4ffa-9447-83c289adeda6,2023-02-04T12:50:00+01:00,2023-02-04,12:50:00,-1.639,48.122,35238,35,Rennes,Rennes Métropole,France,2023-02-04T15:00:00+01:00,2023-02-04,15:00:00,-1.225,46.989,85295,85,Treize-Septiers,CA Terres de Montaigu,France,1,C,162317,128,OUI
12368663,3d95ed3e-93cc-485c-994d-aa5701d34d22,2023-02-04T12:50:00+01:00,2023-02-04,12:50:00,-1.624,48.090,35055,35,Chantepie,Rennes Métropole,France,2023-02-04T13:40:00+01:00,2023-02-04,13:40:00,-1.189,48.168,35015,35,Balazé,CA Vitré Communauté,France,1,C,43638,46,OUI
12367433,ff809f01-18cc-4bd7-b6a7-68edfed66d16,2023-02-04T14:50:00+01:00,2023-02-04,14:50:00,-1.666,48.043,35206,35,Noyal-Châtillon-sur-Seiche,Rennes Métropole,France,2023-02-04T15:30:00+01:00,2023-02-04,15:30:00,-1.309,48.079,35087,35,Cornillé,CA Vitré Communauté,France,1,C,35693,38,OUI
12367931,01508169-4fad-477a-be45-98452cc0f7b3,2023-02-04T15:10:00+01:00,2023-02-04,15:10:00,-1.762,48.136,35210,35,Pacé,Rennes Métropole,France,2023-02-04T16:20:00+01:00,2023-02-04,16:20:00,-0.792,48.092,53054,53,Changé,CA Laval Agglomération,France,1,C,83064,63,OUI
12368805,16fadc40-bfe7-4fe2-8e47-f1d23017bdb0,2023-02-04T15:20:00+01:00,2023-02-04,15:20:00,-1.693,48.133,35278,35,Saint-Grégoire,Rennes Métropole,France,2023-02-04T17:00:00+01:00,2023-02-04,17:00:00,-0.561,47.466,49007,49,Angers,CU Angers Loire Métropole,France,1,C,135294,96,OUI
12367983,b9627f22-c3d3-4e8c-8c44-69801569f903,2023-02-04T15:40:00+01:00,2023-02-04,15:40:00,-1.636,48.114,35238,35,Rennes,Rennes Métropole,France,2023-02-04T16:20:00+01:00,2023-02-04,16:20:00,-1.149,48.055,35006,35,Argentré-du-Plessis,CA Vitré Communauté,France,1,C,39898,44,OUI
12373361,dcdef2d2-4765-4faa-86e9-b0310805c8c4,2023-02-04T16:10:00+01:00,2023-02-04,16:10:00,-1.697,48.097,35238,35,Rennes,Rennes Métropole,France,2023-02-04T18:30:00+01:00,2023-02-04,18:30:00,-3.449,48.757,22113,22,Lannion,CA Lannion-Trégor Communauté,France,1,C,166439,144,OUI
12377741,25bed97e-5dd7-4b27-9eab-4dcd1bd5da72,2023-02-04T16:10:00+01:00,2023-02-04,16:10:00,-1.683,48.110,35238,35,Rennes,Rennes Métropole,France,2023-02-04T17:30:00+01:00,2023-02-04,17:30:00,-2.967,48.066,56178,56,Pontivy,CC Pontivy Communauté,France,1,A,109745,75,NON
12368927,922d13d4-eab1-4f6b-b421-5e2b3d2c1f12,2023-02-04T16:20:00+01:00,2023-02-04,16:20:00,-1.620,48.095,35055,35,Chantepie,Rennes Métropole,France,2023-02-04T17:10:00+01:00,2023-02-04,17:10:00,-0.712,48.118,53140,53,Louverné,CA Laval Agglomération,France,1,C,74666,50,OUI
12373332,6a01355c-bb14-4f68-8e0c-e235d86028b7,2023-02-04T16:20:00+01:00,2023-02-04,16:20:00,-1.669,48.117,35238,35,Rennes,Rennes Métropole,France,2023-02-04T18:20:00+01:00,2023-02-04,18:20:00,-0.631,48.405,53003,53,Ambrières-les-Vallées,CC du Bocage Mayennais,France,1,C,95984,119,OUI
12496193,129128e4-cc58-422b-8cf7-7d4e71c525d0,2023-02-04T16:40:00+01:00,2023-02-04,16:40:00,-1.209,48.368,35150,35,Lécousse,CA Fougères Agglomération,France,2023-02-04T17:20:00+01:00,2023-02-04,17:20:00,-1.772,48.135,35210,35,Pacé,Rennes Métropole,France,1,C,56179,37,OUI
12368909,21c8b8ad-66ef-412e-82a1-e843e238c204,2023-02-04T16:50:00+01:00,2023-02-04,16:50:00,-1.588,48.112,35051,35,Cesson-Sévigné,Rennes Métropole,France,2023-02-04T17:10:00+01:00,2023-02-04,17:10:00,-1.407,48.103,35068,35,Châteaubourg,CA Vitré Communauté,France,1,C,14842,16,OUI
12376810,3d3b1992-3a2a-4ecb-8b86-6f80b2119a82,2023-02-04T17:10:00+01:00,2023-02-04,17:10:00,-1.636,48.117,35238,35,Rennes,Rennes Métropole,France,2023-02-04T19:20:00+01:00,2023-02-04,19:20:00,-0.580,47.473,49007,49,Angers,CU Angers Loire Métropole,France,1,C,127935,126,OUI
12371130,d3cdf08d-e258-4fa2-ac0e-55e5217e2818,2023-02-04T17:40:00+01:00,2023-02-04,17:40:00,-1.677,48.115,35238,35,Rennes,Rennes Métropole,France,2023-02-04T17:50:00+01:00,2023-02-04,17:50:00,-1.663,48.137,35238,35,Rennes,Rennes Métropole,France,1,C,3311,12,OUI
12371469,6e08229b-ae9f-43be-8ace-76aea4e4bbf6,2023-02-04T17:50:00+01:00,2023-02-04,17:50:00,-1.589,48.112,35051,35,Cesson-Sévigné,Rennes Métropole,France,2023-02-04T18:20:00+01:00,2023-02-04,18:20:00,-1.191,48.122,35360,35,Vitré,CA Vitré Communauté,France,1,C,33779,30,OUI
12373811,e0105a5e-1dbe-491a-b1b1-1d82ee479649,2023-02-04T18:40:00+01:00,2023-02-04,18:40:00,-1.492,47.956,35136,35,Janzé,CC Roche aux Fées Communauté,France,2023-02-04T19:00:00+01:00,2023-02-04,19:00:00,-1.374,48.092,35264,35,Saint-Didier,CA Vitré Communauté,France,1,C,20619,24,OUI
12407717,9d142452-49a6-45cd-bdf8-400a5fac2a0b,2023-02-04T19:30:00+01:00,2023-02-04,19:30:00,-1.668,48.091,35238,35,Rennes,Rennes Métropole,France,2023-02-04T20:00:00+01:00,2023-02-04,20:00:00,-1.918,48.182,35227,35,Pleumeleuc,CC Montfort Communauté,France,1,C,24311,27,OUI
12501426,f1300785-04cb-488b-8d91-1cf3cb3d7f7e,2023-02-04T20:00:00+01:00,2023-02-04,20:00:00,-1.590,48.113,35051,35,Cesson-Sévigné,Rennes Métropole,France,2023-02-04T20:20:00+01:00,2023-02-04,20:20:00,-1.265,48.061,35338,35,Torcé,CA Vitré Communauté,France,1,C,27066,18,OUI
12501417,69dd258d-0f19-4b94-80f8-f0de2fbba5a2,2023-02-04T20:10:00+01:00,2023-02-04,20:10:00,-1.641,48.111,35238,35,Rennes,Rennes Métropole,France,2023-02-04T20:30:00+01:00,2023-02-04,20:30:00,-1.674,47.929,35033,35,Bourg-des-Comptes,CC Vallons de Haute-Bretagne Communauté,France,1,C,22948,19,OUI
12501434,69dd258d-0f19-4b94-80f8-f0de2fbba5a2,2023-02-04T20:10:00+01:00,2023-02-04,20:10:00,-1.639,48.111,35238,35,Rennes,Rennes Métropole,France,2023-02-04T20:30:00+01:00,2023-02-04,20:30:00,-1.674,47.929,35033,35,Bourg-des-Comptes,CC Vallons de Haute-Bretagne Communauté,France,1,C,23053,19,OUI
12376544,8b169da0-4b0e-4a8b-a43b-4cf42c3acb3f,2023-02-04T21:30:00+01:00,2023-02-04,21:30:00,-1.587,48.112,35051,35,Cesson-Sévigné,Rennes Métropole,France,2023-02-04T21:50:00+01:00,2023-02-04,21:50:00,-1.391,48.108,35068,35,Châteaubourg,CA Vitré Communauté,France,1,C,15953,19,OUI
12377155,1f62811f-9663-4c4a-b8c2-36965061329d,2023-02-04T23:00:00+01:00,2023-02-04,23:00:00,-1.585,48.142,35334,35,Thorigné-Fouillard,Rennes Métropole,France,2023-02-05T00:00:00+01:00,2023-02-05,00:00:00,-2.019,48.651,35288,35,Saint-Malo,CA du Pays de Saint Malo Agglomération,France,1,C,74937,60,OUI
12377115,78ad3b58-e190-444b-aedd-f93f6bdbd202,2023-02-04T23:20:00+01:00,2023-02-04,23:20:00,-1.712,48.102,35238,35,Rennes,Rennes Métropole,France,2023-02-04T23:50:00+01:00,2023-02-04,23:50:00,-1.269,48.075,35338,35,Torcé,CA Vitré Communauté,France,1,C,38176,33,OUI
12377372,07de79a9-2c06-4215-8731-c890cd8cf873,2023-02-05T00:10:00+01:00,2023-02-05,00:10:00,-1.696,48.083,35238,35,Rennes,Rennes Métropole,France,2023-02-05T00:40:00+01:00,2023-02-05,00:40:00,-1.200,48.046,35109,35,Étrelles,CA Vitré Communauté,France,1,C,42765,32,OUI
12392283,f264e7f5-9d50-4b8d-a7dd-bc0534dec70a,2023-02-05T10:30:00+01:00,2023-02-05,10:30:00,-1.716,48.117,35238,35,Rennes,Rennes Métropole,France,2023-02-05T10:40:00+01:00,2023-02-05,10:40:00,-1.683,48.112,35238,35,Rennes,Rennes Métropole,France,1,C,3455,12,OUI
12393428,18a37b5d-de40-49f7-a572-0611d3fa3f5d,2023-02-05T12:00:00+01:00,2023-02-05,12:00:00,-1.489,48.105,35039,35,Brécé,Rennes Métropole,France,2023-02-05T12:30:00+01:00,2023-02-05,12:30:00,-1.290,48.161,35141,35,Landavran,CA Vitré Communauté,France,1,C,21117,30,OUI
12393955,98b31563-e16d-4135-b8fb-1d51140ad9aa,2023-02-05T13:00:00+01:00,2023-02-05,13:00:00,-1.715,48.152,35189,35,Montgermont,Rennes Métropole,France,2023-02-05T13:20:00+01:00,2023-02-05,13:20:00,-1.672,48.104,35238,35,Rennes,Rennes Métropole,France,1,C,9563,16,OUI
12393959,98b31563-e16d-4135-b8fb-1d51140ad9aa,2023-02-05T13:00:00+01:00,2023-02-05,13:00:00,-1.715,48.152,35189,35,Montgermont,Rennes Métropole,France,2023-02-05T13:20:00+01:00,2023-02-05,13:20:00,-1.672,48.104,35238,35,Rennes,Rennes Métropole,France,1,C,9563,17,OUI
12440082,c77cfc10-c86b-4812-bbd0-502f7df84e15,2023-02-05T13:00:00+01:00,2023-02-05,13:00:00,-1.751,48.024,35047,35,Bruz,Rennes Métropole,France,2023-02-05T13:10:00+01:00,2023-02-05,13:10:00,-1.710,48.048,35066,35,Chartres-de-Bretagne,Rennes Métropole,France,1,C,5122,13,OUI
12440257,eb02126b-ed5d-4585-b9d0-1c0fe0d51da1,2023-02-05T13:50:00+01:00,2023-02-05,13:50:00,-1.723,48.106,35238,35,Rennes,Rennes Métropole,France,2023-02-05T14:10:00+01:00,2023-02-05,14:10:00,-1.747,48.017,35047,35,Bruz,Rennes Métropole,France,1,C,14370,23,OUI
12394519,5659dfc8-3169-4999-acb1-216e854a7481,2023-02-05T14:00:00+01:00,2023-02-05,14:00:00,-1.687,48.120,35238,35,Rennes,Rennes Métropole,France,2023-02-05T14:20:00+01:00,2023-02-05,14:20:00,-1.666,48.099,35238,35,Rennes,Rennes Métropole,France,1,C,4484,17,OUI
12398590,bdb28620-8fb5-452e-8e39-59876d0b3b3f,2023-02-05T14:30:00+01:00,2023-02-05,14:30:00,-1.698,48.112,35238,35,Rennes,Rennes Métropole,France,2023-02-05T17:40:00+01:00,2023-02-05,17:40:00,1.122,49.475,76108,76,Bois-Guillaume,Métropole Rouen Normandie,France,1,C,317288,184,OUI
12395866,a66b599f-d044-48e4-8cef-8f103e5533fa,2023-02-05T15:50:00+01:00,2023-02-05,15:50:00,-1.651,48.123,35238,35,Rennes,Rennes Métropole,France,2023-02-05T16:10:00+01:00,2023-02-05,16:10:00,-1.734,48.201,35177,35,La Mézière,CC Val d'Ille-Aubigné,France,1,C,14720,22,OUI
12396800,24657c8c-a687-4c66-af07-a3941a411134,2023-02-05T16:40:00+01:00,2023-02-05,16:40:00,-1.675,48.099,35238,35,Rennes,Rennes Métropole,France,2023-02-05T17:10:00+01:00,2023-02-05,17:10:00,-1.201,48.095,35360,35,Vitré,CA Vitré Communauté,France,1,C,44626,31,OUI
12441158,1d292cee-f108-4008-9d32-dffb338b7b22,2023-02-05T17:30:00+01:00,2023-02-05,17:30:00,-1.703,48.009,35363,35,Pont-Péan,Rennes Métropole,France,2023-02-05T18:30:00+01:00,2023-02-05,18:30:00,-2.340,47.259,44132,44,Pornichet,CA de la Région Nazairienne et de l'Estuaire (CARENE),France,1,C,121177,69,OUI
12401982,9336d077-c4de-4536-861e-adc3c6adfaee,2023-02-05T17:50:00+01:00,2023-02-05,17:50:00,-1.642,48.087,35238,35,Rennes,Rennes Métropole,France,2023-02-05T19:30:00+01:00,2023-02-05,19:30:00,-0.568,47.472,49007,49,Angers,CU Angers Loire Métropole,France,1,C,122243,102,OUI
12398901,8b7b1fec-94d1-4f8a-a60f-4fdaa6765ae9,2023-02-05T17:50:00+01:00,2023-02-05,17:50:00,-1.738,48.092,35238,35,Rennes,Rennes Métropole,France,2023-02-05T18:00:00+01:00,2023-02-05,18:00:00,-1.687,48.100,35238,35,Rennes,Rennes Métropole,France,1,C,5367,13,NON
12404546,caa87cc5-cfad-4809-a24d-25c5e8202c45,2023-02-05T18:00:00+01:00,2023-02-05,18:00:00,-1.790,48.097,35240,35,Le Rheu,Rennes Métropole,France,2023-02-05T19:50:00+01:00,2023-02-05,19:50:00,-2.322,47.259,44132,44,Pornichet,CA de la Région Nazairienne et de l'Estuaire (CARENE),France,1,B,125764,101,OUI
12530367,216fdf2a-2bd0-4bfa-b7c8-5c4c7f8beda0,2023-02-05T18:00:00+01:00,2023-02-05,18:00:00,-1.643,48.087,35238,35,Rennes,Rennes Métropole,France,2023-02-05T19:30:00+01:00,2023-02-05,19:30:00,-0.543,47.460,49007,49,Angers,CU Angers Loire Métropole,France,1,C,123608,81,OUI
12441438,d58ccebf-a324-4e96-99ba-97f56f3c85be,2023-02-05T18:30:00+01:00,2023-02-05,18:30:00,-1.767,48.140,35210,35,Pacé,Rennes Métropole,France,2023-02-05T18:40:00+01:00,2023-02-05,18:40:00,-1.793,48.095,35240,35,Le Rheu,Rennes Métropole,France,1,C,7420,16,NON
12402146,931d9ed9-8856-4e68-8584-08c0e16ea242,2023-02-05T19:30:00+01:00,2023-02-05,19:30:00,-1.687,48.120,35238,35,Rennes,Rennes Métropole,France,2023-02-05T19:40:00+01:00,2023-02-05,19:40:00,-1.666,48.099,35238,35,Rennes,Rennes Métropole,France,1,C,4484,17,OUI
12402321,f3d21fe6-65c6-4471-bf86-09fdde02af36,2023-02-05T19:50:00+01:00,2023-02-05,19:50:00,-1.603,48.042,35352,35,Vern-sur-Seiche,Rennes Métropole,France,2023-02-05T20:00:00+01:00,2023-02-05,20:00:00,-1.625,48.065,35352,35,Vern-sur-Seiche,Rennes Métropole,France,1,C,3858,8,NON
12533935,a4384851-1839-4f8f-8ce6-da05d002f017,2023-02-05T20:30:00+01:00,2023-02-05,20:30:00,-1.713,48.080,35281,35,Saint-Jacques-de-la-Lande,Rennes Métropole,France,2023-02-05T20:50:00+01:00,2023-02-05,20:50:00,-2.098,48.002,35223,35,Plélan-le-Grand,CC Brocéliande Communauté,France,1,B,33698,25,OUI
12403920,107f06cb-4555-4568-ac14-eb269f57e28b,2023-02-05T21:50:00+01:00,2023-02-05,21:50:00,-1.204,48.369,35150,35,Lécousse,CA Fougères Agglomération,France,2023-02-05T22:20:00+01:00,2023-02-05,22:20:00,-1.093,48.577,50484,50,Saint-Hilaire-du-Harcouët,CA Mont-Saint-Michel-Normandie,France,1,C,27463,29,OUI
12404081,0caa2797-ef61-470a-861b-96755f7568be,2023-02-05T22:00:00+01:00,2023-02-05,22:00:00,-1.635,48.120,35238,35,Rennes,Rennes Métropole,France,2023-02-05T22:50:00+01:00,2023-02-05,22:50:00,-1.313,48.146,35052,35,Champeaux,CA Vitré Communauté,France,1,C,30665,42,OUI
12456819,9d0f927b-ded9-4172-9f4d-be947d3c7313,2023-02-06T05:20:00+01:00,2023-02-06,05:20:00,-1.585,47.977,35088,35,Corps-Nuds,Rennes Métropole,France,2023-02-06T05:30:00+01:00,2023-02-06,05:30:00,-1.633,48.093,35238,35,Rennes,Rennes Métropole,France,1,C,14576,13,OUI
12546198,8254bd18-d93c-4b37-b8c8-789cdd72be6c,2023-02-06T06:00:00+01:00,2023-02-06,06:00:00,-1.696,48.042,35066,35,Chartres-de-Bretagne,Rennes Métropole,France,2023-02-06T07:10:00+01:00,2023-02-06,07:10:00,-1.513,47.280,44109,44,Nantes,Nantes Métropole,France,1,B,99185,62,OUI
12546274,6207c18c-407e-4dd3-b4a2-9890667db05b,2023-02-06T06:10:00+01:00,2023-02-06,06:10:00,-1.695,48.043,35066,35,Chartres-de-Bretagne,Rennes Métropole,France,2023-02-06T07:20:00+01:00,2023-02-06,07:20:00,-1.544,47.218,44109,44,Nantes,Nantes Métropole,France,1,B,99127,66,OUI
12546386,de78fefc-65b9-4225-93d6-186012b41bc9,2023-02-06T06:20:00+01:00,2023-02-06,06:20:00,-1.636,48.183,35024,35,Betton,Rennes Métropole,France,2023-02-06T06:40:00+01:00,2023-02-06,06:40:00,-1.701,48.064,35281,35,Saint-Jacques-de-la-Lande,Rennes Métropole,France,1,C,21688,18,OUI
12547210,b8205856-5d46-46a0-a668-5a6a920c320e,2023-02-06T06:30:00+01:00,2023-02-06,06:30:00,-1.693,48.113,35238,35,Rennes,Rennes Métropole,France,2023-02-06T07:40:00+01:00,2023-02-06,07:40:00,-2.767,48.184,22136,22,Loudéac,CC Loudéac Communauté - Bretagne Centre,France,1,B,90131,61,OUI
12412465,2e7fbacd-18ca-4186-8146-c75e8eee4719,2023-02-06T06:50:00+01:00,2023-02-06,06:50:00,-1.694,48.098,35238,35,Rennes,Rennes Métropole,France,2023-02-06T07:20:00+01:00,2023-02-06,07:20:00,-1.218,48.126,35360,35,Vitré,CA Vitré Communauté,France,1,C,46257,39,OUI
12412464,860d4d6d-f538-49d8-b116-d97935a2c1ce,2023-02-06T06:50:00+01:00,2023-02-06,06:50:00,-1.604,48.086,35055,35,Chantepie,Rennes Métropole,France,2023-02-06T07:20:00+01:00,2023-02-06,07:20:00,-1.218,48.126,35360,35,Vitré,CA Vitré Communauté,France,1,C,38683,35,OUI
12547514,15d0d9fd-3dda-43ab-bd67-edb28e57a71e,2023-02-06T06:50:00+01:00,2023-02-06,06:50:00,-1.674,48.087,35238,35,Rennes,Rennes Métropole,France,2023-02-06T08:00:00+01:00,2023-02-06,08:00:00,-1.584,47.261,44114,44,Orvault,Nantes Métropole,France,1,B,97652,60,OUI
12547518,1e62d86a-d0de-4c63-ac0f-55c687164337,2023-02-06T06:50:00+01:00,2023-02-06,06:50:00,-1.674,48.087,35238,35,Rennes,Rennes Métropole,France,2023-02-06T07:50:00+01:00,2023-02-06,07:50:00,-1.584,47.261,44114,44,Orvault,Nantes Métropole,France,1,C,97303,60,OUI
12410616,a69523b5-a016-45fd-aeec-78e92e637418,2023-02-06T06:50:00+01:00,2023-02-06,06:50:00,-1.839,48.077,35196,35,Mordelles,Rennes Métropole,France,2023-02-06T07:20:00+01:00,2023-02-06,07:20:00,-2.165,47.943,56075,56,Guer,CC de l'Oust à Brocéliande,France,1,C,34580,35,OUI
12547419,51ac0c5c-cfb7-413e-9e12-9ad92fef36aa,2023-02-06T06:50:00+01:00,2023-02-06,06:50:00,-1.819,48.154,35275,35,Saint-Gilles,Rennes Métropole,France,2023-02-06T07:30:00+01:00,2023-02-06,07:30:00,-1.209,48.368,35150,35,Lécousse,CA Fougères Agglomération,France,1,C,59253,40,OUI
12547489,95ea867a-fae7-4d09-aa6b-ea9a8421dad1,2023-02-06T06:50:00+01:00,2023-02-06,06:50:00,-1.653,48.125,35238,35,Rennes,Rennes Métropole,France,2023-02-06T07:20:00+01:00,2023-02-06,07:20:00,-1.209,48.340,35115,35,Fougères,CA Fougères Agglomération,France,1,B,45241,31,OUI
12413031,bd5889cb-6aab-42f4-93e5-04b078b2b7d7,2023-02-06T07:00:00+01:00,2023-02-06,07:00:00,-1.691,48.105,35238,35,Rennes,Rennes Métropole,France,2023-02-06T07:40:00+01:00,2023-02-06,07:40:00,-1.194,48.069,35109,35,Étrelles,CA Vitré Communauté,France,1,C,45295,38,OUI
12547731,95ea867a-fae7-4d09-aa6b-ea9a8421dad1,2023-02-06T07:00:00+01:00,2023-02-06,07:00:00,-1.628,48.134,35051,35,Cesson-Sévigné,Rennes Métropole,France,2023-02-06T07:30:00+01:00,2023-02-06,07:30:00,-1.199,48.343,35115,35,Fougères,CA Fougères Agglomération,France,1,B,44167,29,OUI
12547847,a38e0b2d-0397-491c-b510-8a3d7ecdf0b7,2023-02-06T07:00:00+01:00,2023-02-06,07:00:00,-1.703,48.091,35281,35,Saint-Jacques-de-la-Lande,Rennes Métropole,France,2023-02-06T08:00:00+01:00,2023-02-06,08:00:00,-1.853,48.678,35049,35,Cancale,CA du Pays de Saint Malo Agglomération,France,1,C,75317,52,OUI
12547607,48fabd05-78fc-4426-b034-aba8ff296d33,2023-02-06T07:00:00+01:00,2023-02-06,07:00:00,-1.696,48.042,35066,35,Chartres-de-Bretagne,Rennes Métropole,France,2023-02-06T07:20:00+01:00,2023-02-06,07:20:00,-1.411,48.104,35068,35,Châteaubourg,CA Vitré Communauté,France,1,C,26963,19,OUI
12548285,225c9ca8-cfce-46ec-9c14-f7b7b11a940f,2023-02-06T07:10:00+01:00,2023-02-06,07:10:00,-1.608,48.118,35051,35,Cesson-Sévigné,Rennes Métropole,France,2023-02-06T08:00:00+01:00,2023-02-06,08:00:00,-0.848,48.072,53201,53,Saint-Berthevin,CA Laval Agglomération,France,1,C,59620,42,OUI
12548161,4e0d257c-6b14-4d1c-8e8c-03504b6b728c,2023-02-06T07:10:00+01:00,2023-02-06,07:10:00,-1.829,48.154,35275,35,Saint-Gilles,Rennes Métropole,France,2023-02-06T07:20:00+01:00,2023-02-06,07:20:00,-1.700,48.093,35281,35,Saint-Jacques-de-la-Lande,Rennes Métropole,France,1,C,13679,11,OUI
12548297,7784cbae-14f0-4de5-b1cd-f154d145c978,2023-02-06T07:10:00+01:00,2023-02-06,07:10:00,-1.792,48.151,35210,35,Pacé,Rennes Métropole,France,2023-02-06T08:10:00+01:00,2023-02-06,08:10:00,-2.762,48.153,22136,22,Loudéac,CC Loudéac Communauté - Bretagne Centre,France,1,B,81143,54,OUI
12548418,27b8c043-878d-4828-bf85-b55508136539,2023-02-06T07:20:00+01:00,2023-02-06,07:20:00,-1.675,48.087,35238,35,Rennes,Rennes Métropole,France,2023-02-06T08:20:00+01:00,2023-02-06,08:20:00,-1.596,47.264,44114,44,Orvault,Nantes Métropole,France,1,C,98660,61,OUI
12413859,a1f92fa0-5b88-435d-a8cb-194a745ca555,2023-02-06T07:20:00+01:00,2023-02-06,07:20:00,-1.621,48.091,35055,35,Chantepie,Rennes Métropole,France,2023-02-06T08:00:00+01:00,2023-02-06,08:00:00,-1.194,48.068,35109,35,Étrelles,CA Vitré Communauté,France,1,B,34787,34,OUI
12423665,f78e9bda-9fc4-4773-8ee0-78f3006fcf07,2023-02-06T07:20:00+01:00,2023-02-06,07:20:00,-1.794,48.099,35240,35,Le Rheu,Rennes Métropole,France,2023-02-06T07:40:00+01:00,2023-02-06,07:40:00,-1.697,48.154,35278,35,Saint-Grégoire,Rennes Métropole,France,1,B,12021,18,NON
12548398,deec9e88-e874-48d7-9541-65f28edfb198,2023-02-06T07:20:00+01:00,2023-02-06,07:20:00,-1.693,48.135,35278,35,Saint-Grégoire,Rennes Métropole,France,2023-02-06T07:50:00+01:00,2023-02-06,07:50:00,-1.178,48.342,35115,35,Fougères,CA Fougères Agglomération,France,1,C,51093,34,OUI
12548463,6fe636bd-ac55-4be0-a84f-4d00e68ceb2e,2023-02-06T07:20:00+01:00,2023-02-06,07:20:00,-1.580,48.156,35334,35,Thorigné-Fouillard,Rennes Métropole,France,2023-02-06T07:50:00+01:00,2023-02-06,07:50:00,-1.192,48.345,35115,35,Fougères,CA Fougères Agglomération,France,1,B,40795,27,OUI
12548623,7a156950-cd24-48ed-92ae-dc73d9b80532,2023-02-06T07:20:00+01:00,2023-02-06,07:20:00,-1.697,48.136,35238,35,Rennes,Rennes Métropole,France,2023-02-06T07:50:00+01:00,2023-02-06,07:50:00,-1.915,48.531,35179,35,Miniac-Morvan,CA du Pays de Saint Malo Agglomération,France,1,C,49901,33,OUI
12548701,deec9e88-e874-48d7-9541-65f28edfb198,2023-02-06T07:20:00+01:00,2023-02-06,07:20:00,-1.659,48.138,35238,35,Rennes,Rennes Métropole,France,2023-02-06T07:50:00+01:00,2023-02-06,07:50:00,-1.209,48.340,35115,35,Fougères,CA Fougères Agglomération,France,1,C,46296,30,OUI
12551339,471f6eeb-879a-476e-96e1-5906af5043ce,2023-02-06T07:30:00+01:00,2023-02-06,07:30:00,-1.604,48.048,35352,35,Vern-sur-Seiche,Rennes Métropole,France,2023-02-06T08:10:00+01:00,2023-02-06,08:10:00,-1.381,47.710,44036,44,Châteaubriant,CC Châteaubriant-Derval,France,1,B,50881,36,OUI
12415479,df999dcb-500d-42fb-a7c8-5061d5208c4d,2023-02-06T07:30:00+01:00,2023-02-06,07:30:00,-1.679,48.104,35238,35,Rennes,Rennes Métropole,France,2023-02-06T08:20:00+01:00,2023-02-06,08:20:00,-0.937,48.055,53137,53,Loiron-Ruillé,CA Laval Agglomération,France,1,C,61406,50,OUI
12415368,ceddaa96-3d63-4702-9b9a-d40b227145de,2023-02-06T07:30:00+01:00,2023-02-06,07:30:00,-1.697,48.136,35278,35,Saint-Grégoire,Rennes Métropole,France,2023-02-06T08:10:00+01:00,2023-02-06,08:10:00,-1.179,48.342,35115,35,Fougères,CA Fougères Agglomération,France,1,C,51530,38,OUI
12551201,7bc96872-b7c8-48ac-8f09-c542ea96946e,2023-02-06T07:30:00+01:00,2023-02-06,07:30:00,-1.697,48.109,35238,35,Rennes,Rennes Métropole,France,2023-02-06T08:10:00+01:00,2023-02-06,08:10:00,-2.383,47.919,56165,56,Ploërmel,CC Ploërmel Communauté,France,1,C,62536,40,OUI
12551310,c2f85b15-5064-45e8-873a-cf0ab77f4d11,2023-02-06T07:30:00+01:00,2023-02-06,07:30:00,-1.686,48.143,35278,35,Saint-Grégoire,Rennes Métropole,France,2023-02-06T07:40:00+01:00,2023-02-06,07:40:00,-1.619,48.121,35051,35,Cesson-Sévigné,Rennes Métropole,France,1,B,9149,10,NON
12551612,ae07e100-fc46-492f-ac97-e9b2e4d275ee,2023-02-06T07:30:00+01:00,2023-02-06,07:30:00,-1.601,48.044,35352,35,Vern-sur-Seiche,Rennes Métropole,France,2023-02-06T07:50:00+01:00,2023-02-06,07:50:00,-1.684,48.105,35238,35,Rennes,Rennes Métropole,France,1,B,13060,13,NON
12414478,53d6e839-aa4e-4e58-bbda-65a8bc92a207,2023-02-06T07:40:00+01:00,2023-02-06,07:40:00,-1.589,48.111,35051,35,Cesson-Sévigné,Rennes Métropole,France,2023-02-06T08:10:00+01:00,2023-02-06,08:10:00,-1.187,48.114,35360,35,Vitré,CA Vitré Communauté,France,1,C,33306,33,OUI
12423121,53d6e839-aa4e-4e58-bbda-65a8bc92a207,2023-02-06T07:40:00+01:00,2023-02-06,07:40:00,-1.589,48.111,35051,35,Cesson-Sévigné,Rennes Métropole,France,2023-02-06T08:10:00+01:00,2023-02-06,08:10:00,-1.187,48.114,35360,35,Vitré,CA Vitré Communauté,France,1,C,33306,36,OUI
12551842,8ae8c2f5-e27f-4a26-b66e-b2fcef383d26,2023-02-06T07:40:00+01:00,2023-02-06,07:40:00,-1.620,48.088,35055,35,Chantepie,Rennes Métropole,France,2023-02-06T07:50:00+01:00,2023-02-06,07:50:00,-1.739,48.052,35047,35,Bruz,Rennes Métropole,France,1,C,13151,11,NON
12551759,c55e8f9f-9fcb-4d72-b686-2f19243a4212,2023-02-06T07:40:00+01:00,2023-02-06,07:40:00,-1.628,48.140,35051,35,Cesson-Sévigné,Rennes Métropole,France,2023-02-06T08:10:00+01:00,2023-02-06,08:10:00,-1.194,48.359,35115,35,Fougères,CA Fougères Agglomération,France,1,B,42997,30,OUI
12551812,c55e8f9f-9fcb-4d72-b686-2f19243a4212,2023-02-06T07:40:00+01:00,2023-02-06,07:40:00,-1.628,48.140,35051,35,Cesson-Sévigné,Rennes Métropole,France,2023-02-06T08:10:00+01:00,2023-02-06,08:10:00,-1.194,48.359,35115,35,Fougères,CA Fougères Agglomération,France,1,B,42997,30,OUI
12555449,b8547a27-aff9-4586-9ef1-ab3736f86f04,2023-02-06T07:50:00+01:00,2023-02-06,07:50:00,-1.661,48.086,35238,35,Rennes,Rennes Métropole,France,2023-02-06T08:20:00+01:00,2023-02-06,08:20:00,-1.194,48.069,35109,35,Étrelles,CA Vitré Communauté,France,1,C,38965,28,OUI
12418142,3425332b-871f-4fd7-aef8-19ae51f91b2c,2023-02-06T07:50:00+01:00,2023-02-06,07:50:00,-1.640,48.115,35238,35,Rennes,Rennes Métropole,France,2023-02-06T08:30:00+01:00,2023-02-06,08:30:00,-1.194,48.069,35109,35,Étrelles,CA Vitré Communauté,France,1,C,36029,37,OUI
12418315,b8f4192c-510a-4221-bc53-cc215f3805ed,2023-02-06T07:50:00+01:00,2023-02-06,07:50:00,-1.706,48.093,35281,35,Saint-Jacques-de-la-Lande,Rennes Métropole,France,2023-02-06T08:30:00+01:00,2023-02-06,08:30:00,-1.194,48.069,35109,35,Étrelles,CA Vitré Communauté,France,1,C,42015,43,OUI
12552179,0a29b4b7-f73b-4f70-8bff-345ae049e43b,2023-02-06T07:50:00+01:00,2023-02-06,07:50:00,-1.694,48.108,35238,35,Rennes,Rennes Métropole,France,2023-02-06T08:00:00+01:00,2023-02-06,08:00:00,-1.651,48.177,35024,35,Betton,Rennes Métropole,France,1,B,12587,13,OUI
12552246,cc36b36c-7766-47dc-adb4-c6da60ae9d17,2023-02-06T07:50:00+01:00,2023-02-06,07:50:00,-1.596,48.132,35334,35,Thorigné-Fouillard,Rennes Métropole,France,2023-02-06T08:20:00+01:00,2023-02-06,08:20:00,-1.175,48.335,35324,35,La Selle-en-Luitré,CA Fougères Agglomération,France,1,B,45794,29,OUI
12552466,ceb383df-68c8-4022-802a-586145694a94,2023-02-06T07:50:00+01:00,2023-02-06,07:50:00,-1.680,48.117,35238,35,Rennes,Rennes Métropole,France,2023-02-06T08:40:00+01:00,2023-02-06,08:40:00,-1.991,48.649,35288,35,Saint-Malo,CA du Pays de Saint Malo Agglomération,France,1,C,67650,46,OUI
12552491,36b2de1a-bdca-4dae-9db6-ed1f844fcc00,2023-02-06T07:50:00+01:00,2023-02-06,07:50:00,-1.698,48.138,35278,35,Saint-Grégoire,Rennes Métropole,France,2023-02-06T08:40:00+01:00,2023-02-06,08:40:00,-1.986,48.628,35288,35,Saint-Malo,CA du Pays de Saint Malo Agglomération,France,1,C,62561,41,OUI
12415465,3425332b-871f-4fd7-aef8-19ae51f91b2c,2023-02-06T07:50:00+01:00,2023-02-06,07:50:00,-1.640,48.115,35238,35,Rennes,Rennes Métropole,France,2023-02-06T08:20:00+01:00,2023-02-06,08:20:00,-1.194,48.069,35109,35,Étrelles,CA Vitré Communauté,France,1,C,36029,29,OUI
12418144,81f54a89-83f7-494e-9727-e8986aea0738,2023-02-06T08:00:00+01:00,2023-02-06,08:00:00,-1.660,48.044,35206,35,Noyal-Châtillon-sur-Seiche,Rennes Métropole,France,2023-02-06T08:30:00+01:00,2023-02-06,08:30:00,-1.396,48.076,35096,35,Domagné,CA Vitré Communauté,France,1,C,31479,28,OUI
12417814,cdf3c774-fd91-4b1c-b2ef-92e488852a2a,2023-02-06T08:00:00+01:00,2023-02-06,08:00:00,-1.622,48.114,35051,35,Cesson-Sévigné,Rennes Métropole,France,2023-02-06T08:20:00+01:00,2023-02-06,08:20:00,-1.199,48.069,35109,35,Étrelles,CA Vitré Communauté,France,1,C,34850,25,OUI
12418966,2f11c01b-9900-4a35-a3db-a2d663ecf92b,2023-02-06T08:00:00+01:00,2023-02-06,08:00:00,-1.648,48.092,35238,35,Rennes,Rennes Métropole,France,2023-02-06T08:50:00+01:00,2023-02-06,08:50:00,-1.187,48.123,35360,35,Vitré,CA Vitré Communauté,France,1,C,40647,42,OUI
12418855,0a0e6c2a-cd83-4be1-8a81-3922e3619897,2023-02-06T08:00:00+01:00,2023-02-06,08:00:00,-1.611,48.113,35051,35,Cesson-Sévigné,Rennes Métropole,France,2023-02-06T08:40:00+01:00,2023-02-06,08:40:00,-1.204,48.116,35360,35,Vitré,CA Vitré Communauté,France,1,C,34250,39,OUI
12414835,d54a99e1-ebf1-4102-aa4f-2f8405b5d93a,2023-02-06T08:00:00+01:00,2023-02-06,08:00:00,-1.713,48.079,35281,35,Saint-Jacques-de-la-Lande,Rennes Métropole,France,2023-02-06T08:10:00+01:00,2023-02-06,08:10:00,-1.759,48.030,35047,35,Bruz,Rennes Métropole,France,1,C,7368,9,OUI
12424077,7542b579-e1d8-478c-8f3e-8f8ba613d6fa,2023-02-06T08:00:00+01:00,2023-02-06,08:00:00,-1.794,48.099,35240,35,Le Rheu,Rennes Métropole,France,2023-02-06T08:10:00+01:00,2023-02-06,08:10:00,-1.768,48.147,35210,35,Pacé,Rennes Métropole,France,1,B,6829,11,NON
12423982,dd8974b1-7a81-4ce8-9a61-d6b94b387991,2023-02-06T08:00:00+01:00,2023-02-06,08:00:00,-1.768,48.147,35210,35,Pacé,Rennes Métropole,France,2023-02-06T08:00:00+01:00,2023-02-06,08:00:00,-1.688,48.160,35278,35,Saint-Grégoire,Rennes Métropole,France,1,B,6653,10,NON
12424028,e20f487f-a71e-40e1-8ffe-aa30b5bc492d,2023-02-06T08:00:00+01:00,2023-02-06,08:00:00,-1.688,48.160,35278,35,Saint-Grégoire,Rennes Métropole,France,2023-02-06T08:10:00+01:00,2023-02-06,08:10:00,-1.622,48.135,35051,35,Cesson-Sévigné,Rennes Métropole,France,1,B,7547,11,NON
12424090,8273f6ce-87a5-48f7-ab07-b03690fb06e4,2023-02-06T08:00:00+01:00,2023-02-06,08:00:00,-1.768,48.147,35210,35,Pacé,Rennes Métropole,France,2023-02-06T08:10:00+01:00,2023-02-06,08:10:00,-1.794,48.099,35240,35,Le Rheu,Rennes Métropole,France,1,B,6696,10,NON
12552596,48e9fe10-7074-458d-b5c9-0b48282da696,2023-02-06T08:00:00+01:00,2023-02-06,08:00:00,-1.628,48.140,35051,35,Cesson-Sévigné,Rennes Métropole,France,2023-02-06T08:30:00+01:00,2023-02-06,08:30:00,-1.189,48.346,35115,35,Fougères,CA Fougères Agglomération,France,1,C,44614,29,OUI
12552638,48e9fe10-7074-458d-b5c9-0b48282da696,2023-02-06T08:00:00+01:00,2023-02-06,08:00:00,-1.628,48.140,35051,35,Cesson-Sévigné,Rennes Métropole,France,2023-02-06T08:30:00+01:00,2023-02-06,08:30:00,-1.189,48.346,35115,35,Fougères,CA Fougères Agglomération,France,1,C,44614,29,OUI
12552643,2a2f65bc-5b03-45cf-9930-ec4c457ddf59,2023-02-06T08:00:00+01:00,2023-02-06,08:00:00,-1.693,48.135,35278,35,Saint-Grégoire,Rennes Métropole,France,2023-02-06T08:50:00+01:00,2023-02-06,08:50:00,-1.987,48.627,35288,35,Saint-Malo,CA du Pays de Saint Malo Agglomération,France,1,C,63120,41,OUI
12552661,99d05224-ab54-4cba-b3e0-ef22f8fc0bb7,2023-02-06T08:00:00+01:00,2023-02-06,08:00:00,-1.668,48.116,35238,35,Rennes,Rennes Métropole,France,2023-02-06T08:50:00+01:00,2023-02-06,08:50:00,-1.982,48.619,35288,35,Saint-Malo,CA du Pays de Saint Malo Agglomération,France,1,C,64976,45,OUI
12552746,437accfd-2826-47ea-b446-6413e70ec8e2,2023-02-06T08:00:00+01:00,2023-02-06,08:00:00,-1.643,48.098,35238,35,Rennes,Rennes Métropole,France,2023-02-06T08:10:00+01:00,2023-02-06,08:10:00,-1.620,48.136,35051,35,Cesson-Sévigné,Rennes Métropole,France,1,C,6660,9,OUI
12552775,94df6618-ee36-43ef-83ad-ceca2598ee46,2023-02-06T08:00:00+01:00,2023-02-06,08:00:00,-1.630,48.092,35238,35,Rennes,Rennes Métropole,France,2023-02-06T08:40:00+01:00,2023-02-06,08:40:00,-1.324,48.402,35257,35,Maen Roch,CC Couesnon Marches de Bretagne,France,1,B,50364,30,OUI
12552893,9d01c948-6382-4cc6-b602-1e6906d3449e,2023-02-06T08:00:00+01:00,2023-02-06,08:00:00,-1.658,48.091,35238,35,Rennes,Rennes Métropole,France,2023-02-06T08:10:00+01:00,2023-02-06,08:10:00,-1.693,48.040,35066,35,Chartres-de-Bretagne,Rennes Métropole,France,1,C,8346,8,NON
12553007,1ac71425-d16a-4a6f-a38c-5e96ae5ab8d5,2023-02-06T08:00:00+01:00,2023-02-06,08:00:00,-1.714,48.104,35238,35,Rennes,Rennes Métropole,France,2023-02-06T08:50:00+01:00,2023-02-06,08:50:00,-2.047,48.454,22050,22,Dinan,CA Dinan Agglomération,France,1,C,55727,42,OUI
12555540,e8328ab7-0da7-4275-81c2-657d4e229ede,2023-02-06T08:00:00+01:00,2023-02-06,08:00:00,-1.692,48.132,35238,35,Rennes,Rennes Métropole,France,2023-02-06T08:50:00+01:00,2023-02-06,08:50:00,-1.986,48.628,35288,35,Saint-Malo,CA du Pays de Saint Malo Agglomération,France,1,C,63145,40,OUI
12553019,ae53ad45-cef2-4e24-b82e-68930f691190,2023-02-06T08:00:00+01:00,2023-02-06,08:00:00,-1.587,48.112,35051,35,Cesson-Sévigné,Rennes Métropole,France,2023-02-06T08:10:00+01:00,2023-02-06,08:10:00,-1.427,48.100,35068,35,Châteaubourg,CA Vitré Communauté,France,1,B,12875,9,OUI
12415424,c20b37eb-a96b-4919-b03a-e6ae4632e105,2023-02-06T08:10:00+01:00,2023-02-06,08:10:00,-1.799,48.094,35240,35,Le Rheu,Rennes Métropole,France,2023-02-06T08:20:00+01:00,2023-02-06,08:20:00,-1.762,48.147,35210,35,Pacé,Rennes Métropole,France,1,C,8294,12,OUI
12418062,17682814-14df-4a44-b548-7a25b67669c8,2023-02-06T08:10:00+01:00,2023-02-06,08:10:00,-1.666,48.034,35206,35,Noyal-Châtillon-sur-Seiche,Rennes Métropole,France,2023-02-06T08:30:00+01:00,2023-02-06,08:30:00,-1.632,48.100,35238,35,Rennes,Rennes Métropole,France,1,C,10034,22,NON
12553057,9d01c948-6382-4cc6-b602-1e6906d3449e,2023-02-06T08:10:00+01:00,2023-02-06,08:10:00,-1.658,48.091,35238,35,Rennes,Rennes Métropole,France,2023-02-06T08:20:00+01:00,2023-02-06,08:20:00,-1.693,48.040,35066,35,Chartres-de-Bretagne,Rennes Métropole,France,1,C,8346,8,NON
12553124,2a2f65bc-5b03-45cf-9930-ec4c457ddf59,2023-02-06T08:10:00+01:00,2023-02-06,08:10:00,-1.693,48.135,35278,35,Saint-Grégoire,Rennes Métropole,France,2023-02-06T08:50:00+01:00,2023-02-06,08:50:00,-1.986,48.626,35288,35,Saint-Malo,CA du Pays de Saint Malo Agglomération,France,1,C,62595,40,OUI
12553141,d05130a7-53f5-42ae-9e22-70946428fb94,2023-02-06T08:10:00+01:00,2023-02-06,08:10:00,-1.539,48.131,35001,35,Acigné,Rennes Métropole,France,2023-02-06T08:30:00+01:00,2023-02-06,08:30:00,-1.696,48.154,35278,35,Saint-Grégoire,Rennes Métropole,France,1,B,14702,12,OUI
12553200,7306336d-4d43-4c78-ad40-40555fb4c3b3,2023-02-06T08:10:00+01:00,2023-02-06,08:10:00,-1.656,48.109,35238,35,Rennes,Rennes Métropole,France,2023-02-06T08:50:00+01:00,2023-02-06,08:50:00,-1.198,48.353,35115,35,Fougères,CA Fougères Agglomération,France,1,C,49830,35,OUI
12418763,40f74e25-d9d1-4328-b95f-4a387e15a7b5,2023-02-06T08:10:00+01:00,2023-02-06,08:10:00,-1.579,48.140,35334,35,Thorigné-Fouillard,Rennes Métropole,France,2023-02-06T08:40:00+01:00,2023-02-06,08:40:00,-1.108,48.091,35105,35,Erbrée,CA Vitré Communauté,France,1,C,39848,26,OUI
12419250,1857944e-0c1b-445d-8c9c-496861309c44,2023-02-06T08:20:00+01:00,2023-02-06,08:20:00,-1.604,48.045,35352,35,Vern-sur-Seiche,Rennes Métropole,France,2023-02-06T08:50:00+01:00,2023-02-06,08:50:00,-1.267,48.075,35338,35,Torcé,CA Vitré Communauté,France,1,C,35679,34,OUI
12419085,cf7f90a6-3c9d-4fad-a913-1a3d915803a0,2023-02-06T08:20:00+01:00,2023-02-06,08:20:00,-1.621,48.132,35051,35,Cesson-Sévigné,Rennes Métropole,France,2023-02-06T08:50:00+01:00,2023-02-06,08:50:00,-1.202,48.330,35137,35,Javené,CA Fougères Agglomération,France,1,C,45513,31,OUI
12424298,338f9fc1-4561-4688-8de7-11d023b16dcf,2023-02-06T08:20:00+01:00,2023-02-06,08:20:00,-1.794,48.099,35240,35,Le Rheu,Rennes Métropole,France,2023-02-06T08:40:00+01:00,2023-02-06,08:40:00,-1.697,48.154,35278,35,Saint-Grégoire,Rennes Métropole,France,1,B,12021,18,NON
12473966,0af679fd-1087-43e2-b409-9c06edec3a4a,2023-02-06T08:20:00+01:00,2023-02-06,08:20:00,-1.854,48.126,35065,35,La Chapelle-Thouarault,Rennes Métropole,France,2023-02-06T08:50:00+01:00,2023-02-06,08:50:00,-1.686,48.144,35278,35,Saint-Grégoire,Rennes Métropole,France,1,C,18115,23,OUI
12474881,10fbf49f-8bc0-4a92-a044-cac950eaf29a,2023-02-06T08:20:00+01:00,2023-02-06,08:20:00,-1.700,48.087,35281,35,Saint-Jacques-de-la-Lande,Rennes Métropole,France,2023-02-06T08:40:00+01:00,2023-02-06,08:40:00,-1.740,48.049,35047,35,Bruz,Rennes Métropole,France,1,C,6427,14,OUI
12553300,97de17ef-7b75-404d-afe0-46584d8ca0af,2023-02-06T08:20:00+01:00,2023-02-06,08:20:00,-1.751,48.028,35047,35,Bruz,Rennes Métropole,France,2023-02-06T08:30:00+01:00,2023-02-06,08:30:00,-1.693,48.040,35066,35,Chartres-de-Bretagne,Rennes Métropole,France,1,C,6563,7,NON
12553386,36a3bda6-911d-4a59-909d-7dbdb18ba7a9,2023-02-06T08:20:00+01:00,2023-02-06,08:20:00,-1.713,48.120,35238,35,Rennes,Rennes Métropole,France,2023-02-06T08:30:00+01:00,2023-02-06,08:30:00,-1.825,48.150,35275,35,Saint-Gilles,Rennes Métropole,France,1,C,10066,8,NON
12424522,7dc0a5a0-9bbd-45d1-b79d-63604fdcd99f,2023-02-06T08:30:00+01:00,2023-02-06,08:30:00,-1.794,48.099,35240,35,Le Rheu,Rennes Métropole,France,2023-02-06T08:50:00+01:00,2023-02-06,08:50:00,-1.697,48.154,35278,35,Saint-Grégoire,Rennes Métropole,France,1,B,12021,18,NON
12424526,7dc0a5a0-9bbd-45d1-b79d-63604fdcd99f,2023-02-06T08:30:00+01:00,2023-02-06,08:30:00,-1.794,48.099,35240,35,Le Rheu,Rennes Métropole,France,2023-02-06T08:50:00+01:00,2023-02-06,08:50:00,-1.697,48.154,35278,35,Saint-Grégoire,Rennes Métropole,France,1,B,12021,18,NON
12424537,9bfc5c22-f4ae-4fbc-a3a6-ec4c73b688c7,2023-02-06T08:30:00+01:00,2023-02-06,08:30:00,-1.794,48.099,35240,35,Le Rheu,Rennes Métropole,France,2023-02-06T08:50:00+01:00,2023-02-06,08:50:00,-1.768,48.147,35210,35,Pacé,Rennes Métropole,France,1,B,6829,11,NON
12424478,88fc8a42-bc72-4761-a4f9-73c10afd84fa,2023-02-06T08:30:00+01:00,2023-02-06,08:30:00,-1.794,48.099,35240,35,Le Rheu,Rennes Métropole,France,2023-02-06T09:00:00+01:00,2023-02-06,09:00:00,-1.622,48.135,35051,35,Cesson-Sévigné,Rennes Métropole,France,1,B,18344,31,NON
12424494,f0e6d9ec-9233-4792-8b54-9b48331e13d5,2023-02-06T08:30:00+01:00,2023-02-06,08:30:00,-1.794,48.099,35240,35,Le Rheu,Rennes Métropole,France,2023-02-06T09:00:00+01:00,2023-02-06,09:00:00,-1.622,48.135,35051,35,Cesson-Sévigné,Rennes Métropole,France,1,B,18344,31,NON
12424532,9bfc5c22-f4ae-4fbc-a3a6-ec4c73b688c7,2023-02-06T08:30:00+01:00,2023-02-06,08:30:00,-1.794,48.099,35240,35,Le Rheu,Rennes Métropole,France,2023-02-06T08:40:00+01:00,2023-02-06,08:40:00,-1.768,48.147,35210,35,Pacé,Rennes Métropole,France,1,B,6829,11,NON
12474882,66fd9a75-1d28-420a-b469-07010ddd245f,2023-02-06T08:30:00+01:00,2023-02-06,08:30:00,-1.746,48.118,35353,35,Vezin-le-Coquet,Rennes Métropole,France,2023-02-06T08:40:00+01:00,2023-02-06,08:40:00,-1.717,48.114,35238,35,Rennes,Rennes Métropole,France,1,C,2512,8,OUI
12477708,07ae636f-d7cb-4f2d-aad5-55e7a1e39566,2023-02-06T08:30:00+01:00,2023-02-06,08:30:00,-1.752,48.030,35047,35,Bruz,Rennes Métropole,France,2023-02-06T08:30:00+01:00,2023-02-06,08:30:00,-1.740,48.049,35047,35,Bruz,Rennes Métropole,France,1,C,2874,9,OUI
12555585,37f187ce-b407-4e91-b79b-9962d42aceb6,2023-02-06T08:30:00+01:00,2023-02-06,08:30:00,-1.731,48.177,35059,35,La Chapelle-des-Fougeretz,Rennes Métropole,France,2023-02-06T08:50:00+01:00,2023-02-06,08:50:00,-1.506,48.103,35207,35,Noyal-sur-Vilaine,CC Pays de Châteaugiron Communauté,France,1,C,23582,18,OUI
12555733,a89eb069-d44d-4563-893f-a97736e636ba,2023-02-06T08:30:00+01:00,2023-02-06,08:30:00,-1.694,48.087,35281,35,Saint-Jacques-de-la-Lande,Rennes Métropole,France,2023-02-06T08:40:00+01:00,2023-02-06,08:40:00,-1.611,48.049,35352,35,Vern-sur-Seiche,Rennes Métropole,France,1,C,10063,9,NON
12419845,039d01a5-ef77-41c2-9e5e-7e86f52b91ec,2023-02-06T08:30:00+01:00,2023-02-06,08:30:00,-1.705,48.113,35238,35,Rennes,Rennes Métropole,France,2023-02-06T09:10:00+01:00,2023-02-06,09:10:00,-1.267,48.075,35338,35,Torcé,CA Vitré Communauté,France,1,C,39922,35,OUI
12419744,476e4a56-5bf0-47b8-a6ba-989fbab11141,2023-02-06T08:40:00+01:00,2023-02-06,08:40:00,-1.793,48.077,35076,35,Chavagne,Rennes Métropole,France,2023-02-06T09:00:00+01:00,2023-02-06,09:00:00,-2.119,47.935,56075,56,Guer,CC de l'Oust à Brocéliande,France,1,C,35415,23,NON
12555812,3e2f47ac-09ee-4f9c-ae8e-387bc2a40681,2023-02-06T08:40:00+01:00,2023-02-06,08:40:00,-1.650,48.105,35238,35,Rennes,Rennes Métropole,France,2023-02-06T08:50:00+01:00,2023-02-06,08:50:00,-1.616,48.098,35055,35,Chantepie,Rennes Métropole,France,1,B,3234,4,NON
12419805,47309eee-e868-428f-b731-951562815ae2,2023-02-06T08:40:00+01:00,2023-02-06,08:40:00,-1.635,48.096,35238,35,Rennes,Rennes Métropole,France,2023-02-06T09:00:00+01:00,2023-02-06,09:00:00,-1.259,48.076,35109,35,Étrelles,CA Vitré Communauté,France,1,C,30268,27,OUI
12424640,33d1dfbd-0868-46c0-9359-99e4db10043b,2023-02-06T08:50:00+01:00,2023-02-06,08:50:00,-1.794,48.099,35240,35,Le Rheu,Rennes Métropole,France,2023-02-06T09:00:00+01:00,2023-02-06,09:00:00,-1.768,48.147,35210,35,Pacé,Rennes Métropole,France,1,B,6829,11,NON
12476851,b62ad0aa-b5e9-459d-8816-823de786fc7f,2023-02-06T08:50:00+01:00,2023-02-06,08:50:00,-1.693,48.097,35238,35,Rennes,Rennes Métropole,France,2023-02-06T09:10:00+01:00,2023-02-06,09:10:00,-1.625,48.135,35051,35,Cesson-Sévigné,Rennes Métropole,France,1,C,7856,21,OUI
12555841,e6f4c227-a0d9-4c7c-b119-b6d8ee233848,2023-02-06T08:50:00+01:00,2023-02-06,08:50:00,-1.690,48.117,35238,35,Rennes,Rennes Métropole,France,2023-02-06T09:30:00+01:00,2023-02-06,09:30:00,-1.986,48.626,35288,35,Saint-Malo,CA du Pays de Saint Malo Agglomération,France,1,B,64524,42,OUI
12424740,9b434254-fadd-4f21-b742-8692777fd385,2023-02-06T09:00:00+01:00,2023-02-06,09:00:00,-1.768,48.147,35210,35,Pacé,Rennes Métropole,France,2023-02-06T09:10:00+01:00,2023-02-06,09:10:00,-1.794,48.099,35240,35,Le Rheu,Rennes Métropole,France,1,B,6696,10,NON
12424750,83f0e792-b290-424f-ae41-a12e9f73e678,2023-02-06T09:00:00+01:00,2023-02-06,09:00:00,-1.768,48.147,35210,35,Pacé,Rennes Métropole,France,2023-02-06T09:10:00+01:00,2023-02-06,09:10:00,-1.794,48.099,35240,35,Le Rheu,Rennes Métropole,France,1,B,6696,10,NON
12424790,dcaca1d9-8abf-47cc-9ce5-9eb34707ee38,2023-02-06T09:00:00+01:00,2023-02-06,09:00:00,-1.697,48.154,35278,35,Saint-Grégoire,Rennes Métropole,France,2023-02-06T09:20:00+01:00,2023-02-06,09:20:00,-1.622,48.135,35051,35,Cesson-Sévigné,Rennes Métropole,France,1,B,8706,13,NON
12424955,657adf10-c5a2-47aa-96cc-d828ac50ec51,2023-02-06T09:20:00+01:00,2023-02-06,09:20:00,-1.768,48.147,35210,35,Pacé,Rennes Métropole,France,2023-02-06T09:50:00+01:00,2023-02-06,09:50:00,-1.622,48.135,35051,35,Cesson-Sévigné,Rennes Métropole,France,1,B,12655,21,NON
12421528,90a50705-08ec-48bc-9680-01b50d6ab73f,2023-02-06T09:40:00+01:00,2023-02-06,09:40:00,-1.279,48.234,35170,35,Mecé,CA Vitré Communauté,France,2023-02-06T10:10:00+01:00,2023-02-06,10:10:00,-1.088,48.173,35300,35,Saint-M'Hervé,CA Vitré Communauté,France,1,C,19257,24,OUI
12423094,a84eb451-da69-4fb3-bad7-4af5f2f4c35b,2023-02-06T12:20:00+01:00,2023-02-06,12:20:00,-1.692,48.116,35238,35,Rennes,Rennes Métropole,France,2023-02-06T13:00:00+01:00,2023-02-06,13:00:00,-1.207,48.113,35360,35,Vitré,CA Vitré Communauté,France,1,C,45713,39,OUI
12423081,759b674c-0d98-4e9e-a599-4be9146afa19,2023-02-06T12:30:00+01:00,2023-02-06,12:30:00,-1.674,48.087,35238,35,Rennes,Rennes Métropole,France,2023-02-06T13:00:00+01:00,2023-02-06,13:00:00,-1.497,48.224,35152,35,Liffré,CC Liffré-Cormier Communauté,France,1,C,28102,27,OUI
12423083,759b674c-0d98-4e9e-a599-4be9146afa19,2023-02-06T12:30:00+01:00,2023-02-06,12:30:00,-1.674,48.087,35238,35,Rennes,Rennes Métropole,France,2023-02-06T13:00:00+01:00,2023-02-06,13:00:00,-1.497,48.226,35152,35,Liffré,CC Liffré-Cormier Communauté,France,1,C,28052,26,OUI
12423085,b445a488-8489-4842-bba1-be5a49842f12,2023-02-06T12:30:00+01:00,2023-02-06,12:30:00,-1.703,48.122,35238,35,Rennes,Rennes Métropole,France,2023-02-06T13:00:00+01:00,2023-02-06,13:00:00,-1.497,48.224,35152,35,Liffré,CC Liffré-Cormier Communauté,France,1,C,22294,25,OUI
12423086,759b674c-0d98-4e9e-a599-4be9146afa19,2023-02-06T12:30:00+01:00,2023-02-06,12:30:00,-1.663,48.085,35238,35,Rennes,Rennes Métropole,France,2023-02-06T13:00:00+01:00,2023-02-06,13:00:00,-1.497,48.225,35152,35,Liffré,CC Liffré-Cormier Communauté,France,1,C,26908,31,OUI
12423235,3da9532d-134f-43bf-a742-1d2bde098c94,2023-02-06T12:30:00+01:00,2023-02-06,12:30:00,-1.707,48.124,35238,35,Rennes,Rennes Métropole,France,2023-02-06T13:10:00+01:00,2023-02-06,13:10:00,-1.265,48.038,35350,35,Vergéal,CA Vitré Communauté,France,1,C,43211,37,OUI
12558927,98d61c46-5bb0-4281-8773-bd996bd11a2b,2023-02-06T13:00:00+01:00,2023-02-06,13:00:00,-1.847,48.073,35196,35,Mordelles,Rennes Métropole,France,2023-02-06T13:20:00+01:00,2023-02-06,13:20:00,-1.777,48.144,35210,35,Pacé,Rennes Métropole,France,1,C,11690,12,NON
12423879,253c5eb1-2d76-4f87-8d4e-199dfc73a78e,2023-02-06T13:10:00+01:00,2023-02-06,13:10:00,-1.706,48.116,35238,35,Rennes,Rennes Métropole,France,2023-02-06T13:40:00+01:00,2023-02-06,13:40:00,-1.199,48.069,35109,35,Étrelles,CA Vitré Communauté,France,1,C,45947,34,OUI
12424019,974a921b-db23-42f1-b0b6-8ff000681e9c,2023-02-06T13:20:00+01:00,2023-02-06,13:20:00,-1.653,48.086,35238,35,Rennes,Rennes Métropole,France,2023-02-06T13:50:00+01:00,2023-02-06,13:50:00,-1.193,48.069,35109,35,Étrelles,CA Vitré Communauté,France,1,C,37805,32,OUI
12424025,974a921b-db23-42f1-b0b6-8ff000681e9c,2023-02-06T13:20:00+01:00,2023-02-06,13:20:00,-1.653,48.086,35238,35,Rennes,Rennes Métropole,France,2023-02-06T13:50:00+01:00,2023-02-06,13:50:00,-1.193,48.069,35109,35,Étrelles,CA Vitré Communauté,France,1,C,37805,32,OUI
12425159,1e791b65-cc6d-4059-ae38-8b570dd2505a,2023-02-06T15:00:00+01:00,2023-02-06,15:00:00,-1.692,48.118,35238,35,Rennes,Rennes Métropole,France,2023-02-06T15:30:00+01:00,2023-02-06,15:30:00,-2.172,48.266,22305,22,Saint-Jouan-de-l'Isle,CA Dinan Agglomération,France,1,C,42917,34,OUI
12560690,1d7a6e7b-3790-45ff-97dd-4137cce936e8,2023-02-06T15:00:00+01:00,2023-02-06,15:00:00,-1.711,48.073,35281,35,Saint-Jacques-de-la-Lande,Rennes Métropole,France,2023-02-06T15:20:00+01:00,2023-02-06,15:20:00,-1.636,48.183,35024,35,Betton,Rennes Métropole,France,1,C,20267,17,OUI
12425286,32317fc6-91e2-4bb3-bfd9-e5aaae169456,2023-02-06T15:10:00+01:00,2023-02-06,15:10:00,-1.506,48.106,35039,35,Brécé,Rennes Métropole,France,2023-02-06T15:50:00+01:00,2023-02-06,15:50:00,-1.299,47.955,35359,35,Visseiche,CA Vitré Communauté,France,1,C,29548,33,OUI
12425298,32317fc6-91e2-4bb3-bfd9-e5aaae169456,2023-02-06T15:10:00+01:00,2023-02-06,15:10:00,-1.506,48.106,35039,35,Brécé,Rennes Métropole,France,2023-02-06T15:50:00+01:00,2023-02-06,15:50:00,-1.299,47.955,35359,35,Visseiche,CA Vitré Communauté,France,1,C,29550,35,OUI
12560682,3840a79d-d37d-4404-bc03-52d526fd4c35,2023-02-06T15:10:00+01:00,2023-02-06,15:10:00,-1.693,48.118,35238,35,Rennes,Rennes Métropole,France,2023-02-06T15:40:00+01:00,2023-02-06,15:40:00,-1.912,48.447,35308,35,Mesnil-Roc'h,CC Bretagne Romantique,France,1,A,42427,29,OUI
12425291,32317fc6-91e2-4bb3-bfd9-e5aaae169456,2023-02-06T15:10:00+01:00,2023-02-06,15:10:00,-1.506,48.106,35039,35,Brécé,Rennes Métropole,France,2023-02-06T15:50:00+01:00,2023-02-06,15:50:00,-1.302,47.956,35359,35,Visseiche,CA Vitré Communauté,France,1,C,29983,33,OUI
12478748,219d743c-b553-4a36-9628-e5b88674eb42,2023-02-06T15:20:00+01:00,2023-02-06,15:20:00,-1.488,47.952,35136,35,Janzé,CC Roche aux Fées Communauté,France,2023-02-06T15:30:00+01:00,2023-02-06,15:30:00,-1.388,47.915,35239,35,Retiers,CC Roche aux Fées Communauté,France,1,C,10107,12,OUI
12480702,53afe607-9202-468c-9f2c-eb9e5004aaf3,2023-02-06T15:40:00+01:00,2023-02-06,15:40:00,-1.704,48.086,35281,35,Saint-Jacques-de-la-Lande,Rennes Métropole,France,2023-02-06T16:00:00+01:00,2023-02-06,16:00:00,-1.741,48.050,35047,35,Bruz,Rennes Métropole,France,1,C,5968,12,OUI
12429502,e83dde47-56bc-4603-bfdb-4f1a1c435c5d,2023-02-06T16:30:00+01:00,2023-02-06,16:30:00,-1.632,48.094,35238,35,Rennes,Rennes Métropole,France,2023-02-06T17:30:00+01:00,2023-02-06,17:30:00,-0.777,48.062,53130,53,Laval,CA Laval Agglomération,France,1,C,70870,64,OUI
12429494,e83dde47-56bc-4603-bfdb-4f1a1c435c5d,2023-02-06T16:30:00+01:00,2023-02-06,16:30:00,-1.632,48.094,35238,35,Rennes,Rennes Métropole,France,2023-02-06T17:30:00+01:00,2023-02-06,17:30:00,-0.777,48.062,53130,53,Laval,CA Laval Agglomération,France,1,C,70870,63,OUI
12429710,e83dde47-56bc-4603-bfdb-4f1a1c435c5d,2023-02-06T16:30:00+01:00,2023-02-06,16:30:00,-1.632,48.094,35238,35,Rennes,Rennes Métropole,France,2023-02-06T17:40:00+01:00,2023-02-06,17:40:00,-0.777,48.062,53130,53,Laval,CA Laval Agglomération,France,1,B,70870,68,OUI
12563602,4d96fe2d-5deb-4cfa-b3b9-55a9dea84ec8,2023-02-06T16:40:00+01:00,2023-02-06,16:40:00,-1.711,48.103,35238,35,Rennes,Rennes Métropole,France,2023-02-06T17:10:00+01:00,2023-02-06,17:10:00,-1.912,48.447,35308,35,Mesnil-Roc'h,CC Bretagne Romantique,France,1,C,45654,31,OUI
12563626,b02e0403-7b1e-48f7-9aab-c0fa9f0fe7a2,2023-02-06T16:40:00+01:00,2023-02-06,16:40:00,-1.705,48.094,35281,35,Saint-Jacques-de-la-Lande,Rennes Métropole,France,2023-02-06T17:10:00+01:00,2023-02-06,17:10:00,-2.085,48.003,35223,35,Plélan-le-Grand,CC Brocéliande Communauté,France,1,B,33844,23,OUI
12426806,244a8c74-6327-4df3-b67e-266fb34ba40f,2023-02-06T16:40:00+01:00,2023-02-06,16:40:00,-1.486,48.104,35039,35,Brécé,Rennes Métropole,France,2023-02-06T17:00:00+01:00,2023-02-06,17:00:00,-1.265,48.072,35338,35,Torcé,CA Vitré Communauté,France,1,C,18033,17,OUI
12430753,6563add1-1ee7-4456-a670-904c5c795fdf,2023-02-06T16:50:00+01:00,2023-02-06,16:50:00,-1.638,48.131,35238,35,Rennes,Rennes Métropole,France,2023-02-06T18:00:00+01:00,2023-02-06,18:00:00,-2.726,48.496,22106,22,Langueux,CA Saint-Brieuc Armor Agglomération,France,1,C,100241,72,OUI
12437815,6563add1-1ee7-4456-a670-904c5c795fdf,2023-02-06T16:50:00+01:00,2023-02-06,16:50:00,-1.638,48.131,35238,35,Rennes,Rennes Métropole,France,2023-02-06T18:10:00+01:00,2023-02-06,18:10:00,-2.514,48.460,22093,22,Lamballe-Armor,CA Lamballe Terre et Mer,France,1,B,83244,81,OUI
12563696,d921cc59-fe63-4f07-aed8-eb3334b69065,2023-02-06T16:50:00+01:00,2023-02-06,16:50:00,-1.729,48.106,35238,35,Rennes,Rennes Métropole,France,2023-02-06T17:10:00+01:00,2023-02-06,17:10:00,-1.517,48.255,35107,35,Ercé-près-Liffré,CC Liffré-Cormier Communauté,France,1,C,28468,22,OUI
12430038,7e8c66db-7b5b-4591-a71f-68db82410b2a,2023-02-06T17:00:00+01:00,2023-02-06,17:00:00,-1.740,47.997,35047,35,Bruz,Rennes Métropole,France,2023-02-06T17:50:00+01:00,2023-02-06,17:50:00,-1.364,48.116,35283,35,Saint-Jean-sur-Vilaine,CA Vitré Communauté,France,1,C,37839,43,OUI
12564224,58ae535a-f21a-45ed-8cdf-73e7136e9385,2023-02-06T17:00:00+01:00,2023-02-06,17:00:00,-1.613,48.127,35051,35,Cesson-Sévigné,Rennes Métropole,France,2023-02-06T17:30:00+01:00,2023-02-06,17:30:00,-1.225,48.131,35360,35,Vitré,CA Vitré Communauté,France,1,C,38950,28,OUI
12430094,7e8c66db-7b5b-4591-a71f-68db82410b2a,2023-02-06T17:00:00+01:00,2023-02-06,17:00:00,-1.740,47.997,35047,35,Bruz,Rennes Métropole,France,2023-02-06T17:50:00+01:00,2023-02-06,17:50:00,-1.364,48.116,35283,35,Saint-Jean-sur-Vilaine,CA Vitré Communauté,France,1,C,37839,45,OUI
12478991,512b8117-766b-4768-97f3-7f290e06d030,2023-02-06T17:00:00+01:00,2023-02-06,17:00:00,-1.668,48.104,35238,35,Rennes,Rennes Métropole,France,2023-02-06T17:40:00+01:00,2023-02-06,17:40:00,-1.531,48.331,35326,35,Sens-de-Bretagne,CC Val d'Ille-Aubigné,France,1,C,31202,39,OUI
12563935,7df81544-93f3-4141-b5e4-d5aa460762f8,2023-02-06T17:00:00+01:00,2023-02-06,17:00:00,-1.694,48.128,35238,35,Rennes,Rennes Métropole,France,2023-02-06T17:50:00+01:00,2023-02-06,17:50:00,-1.993,48.621,35288,35,Saint-Malo,CA du Pays de Saint Malo Agglomération,France,1,C,63011,40,OUI
12564021,cbd6b54f-2830-4115-a2d3-94c90cac28e6,2023-02-06T17:00:00+01:00,2023-02-06,17:00:00,-1.604,48.082,35055,35,Chantepie,Rennes Métropole,France,2023-02-06T17:10:00+01:00,2023-02-06,17:10:00,-1.502,48.039,35069,35,Châteaugiron,CC Pays de Châteaugiron Communauté,France,1,C,10457,9,NON
12564143,7d7a0350-3979-4458-9306-fe0b4060c076,2023-02-06T17:00:00+01:00,2023-02-06,17:00:00,-1.642,48.091,35238,35,Rennes,Rennes Métropole,France,2023-02-06T17:20:00+01:00,2023-02-06,17:20:00,-1.666,47.937,35090,35,Crevin,CC Bretagne porte de Loire Communauté,France,1,C,21047,15,OUI
12564214,30d3606a-edce-45fe-b204-a1bd8454485f,2023-02-06T17:00:00+01:00,2023-02-06,17:00:00,-1.693,48.114,35238,35,Rennes,Rennes Métropole,France,2023-02-06T17:30:00+01:00,2023-02-06,17:30:00,-1.413,48.259,35253,35,Saint-Aubin-du-Cormier,CC Liffré-Cormier Communauté,France,1,C,30272,21,OUI
12564218,d535e50c-7181-4107-9206-ee962e90934b,2023-02-06T17:00:00+01:00,2023-02-06,17:00:00,-1.739,48.052,35047,35,Bruz,Rennes Métropole,France,2023-02-06T17:20:00+01:00,2023-02-06,17:20:00,-1.623,48.090,35055,35,Chantepie,Rennes Métropole,France,1,C,11992,10,NON
12564259,e12edce4-131f-4c28-9c8a-539824749d5e,2023-02-06T17:00:00+01:00,2023-02-06,17:00:00,-1.507,48.108,35039,35,Brécé,Rennes Métropole,France,2023-02-06T17:20:00+01:00,2023-02-06,17:20:00,-1.606,48.260,35251,35,Saint-Aubin-d'Aubigné,CC Val d'Ille-Aubigné,France,1,A,25947,19,OUI
12429332,9b1bc0b5-518d-4488-a0b6-fb5136791d92,2023-02-06T17:10:00+01:00,2023-02-06,17:10:00,-1.609,48.102,35051,35,Cesson-Sévigné,Rennes Métropole,France,2023-02-06T17:30:00+01:00,2023-02-06,17:30:00,-1.214,48.109,35360,35,Vitré,CA Vitré Communauté,France,1,C,35144,23,OUI
12430549,cf659a54-3610-42f4-83e7-05a110ed9151,2023-02-06T17:10:00+01:00,2023-02-06,17:10:00,-1.589,48.114,35051,35,Cesson-Sévigné,Rennes Métropole,France,2023-02-06T18:00:00+01:00,2023-02-06,18:00:00,-0.786,48.076,53130,53,Laval,CA Laval Agglomération,France,1,C,65100,48,OUI
12429941,c1a6ef87-6dae-4975-9748-29358acc0de1,2023-02-06T17:10:00+01:00,2023-02-06,17:10:00,-1.624,48.130,35051,35,Cesson-Sévigné,Rennes Métropole,France,2023-02-06T17:40:00+01:00,2023-02-06,17:40:00,-1.194,48.057,35109,35,Étrelles,CA Vitré Communauté,France,1,C,37455,38,OUI
12434234,6dd7ba23-3de5-4491-8490-59d48558b04b,2023-02-06T17:10:00+01:00,2023-02-06,17:10:00,-1.625,48.088,35055,35,Chantepie,Rennes Métropole,France,2023-02-06T18:50:00+01:00,2023-02-06,18:50:00,-0.514,47.457,49353,49,Trélazé,CU Angers Loire Métropole,France,1,C,131671,103,OUI
12438213,594fadfb-efbb-422c-9c15-cbe0413d2098,2023-02-06T17:10:00+01:00,2023-02-06,17:10:00,-1.699,48.154,35278,35,Saint-Grégoire,Rennes Métropole,France,2023-02-06T17:20:00+01:00,2023-02-06,17:20:00,-1.768,48.147,35210,35,Pacé,Rennes Métropole,France,1,C,5944,7,NON
12438221,73610c52-1487-4484-9e6d-ed9fa65d725c,2023-02-06T17:10:00+01:00,2023-02-06,17:10:00,-1.697,48.154,35278,35,Saint-Grégoire,Rennes Métropole,France,2023-02-06T17:30:00+01:00,2023-02-06,17:30:00,-1.794,48.100,35240,35,Le Rheu,Rennes Métropole,France,1,C,11896,17,NON
12564664,5e30e608-d7c9-4132-8f4a-5cdd5c27770a,2023-02-06T17:10:00+01:00,2023-02-06,17:10:00,-1.693,48.118,35238,35,Rennes,Rennes Métropole,France,2023-02-06T17:40:00+01:00,2023-02-06,17:40:00,-2.047,48.205,35184,35,Montauban-de-Bretagne,CC de Saint-Méen Montauban,France,1,B,30024,20,OUI
12564686,e4c9835c-9c8e-4b03-8232-75493d81c847,2023-02-06T17:10:00+01:00,2023-02-06,17:10:00,-1.622,48.137,35051,35,Cesson-Sévigné,Rennes Métropole,France,2023-02-06T17:30:00+01:00,2023-02-06,17:30:00,-1.684,48.105,35238,35,Rennes,Rennes Métropole,France,1,C,7326,10,OUI
12430045,bb57aa85-d924-4dec-a96b-1522a87b655e,2023-02-06T17:10:00+01:00,2023-02-06,17:10:00,-1.665,48.108,35238,35,Rennes,Rennes Métropole,France,2023-02-06T17:50:00+01:00,2023-02-06,17:50:00,-1.270,48.074,35338,35,Torcé,CA Vitré Communauté,France,1,C,32309,38,OUI
12564980,5571ece6-988d-4cdc-8bf2-0fa8dbd18c29,2023-02-06T17:20:00+01:00,2023-02-06,17:20:00,-1.631,48.076,35055,35,Chantepie,Rennes Métropole,France,2023-02-06T18:00:00+01:00,2023-02-06,18:00:00,-1.177,47.738,49248,49,Ombrée d'Anjou,CC Anjou Bleu Communauté,France,1,C,56736,37,OUI
12429443,f31f7054-3234-4767-8851-51b0f66a3b3f,2023-02-06T17:20:00+01:00,2023-02-06,17:20:00,-1.632,48.119,35238,35,Rennes,Rennes Métropole,France,2023-02-06T17:30:00+01:00,2023-02-06,17:30:00,-1.666,48.133,35238,35,Rennes,Rennes Métropole,France,1,C,4773,13,OUI
12438247,e006cb08-c178-4d45-b184-2be812a236a2,2023-02-06T17:20:00+01:00,2023-02-06,17:20:00,-1.768,48.147,35210,35,Pacé,Rennes Métropole,France,2023-02-06T17:30:00+01:00,2023-02-06,17:30:00,-1.796,48.099,35240,35,Le Rheu,Rennes Métropole,France,1,C,6789,11,NON
12564837,bb81a5b7-322d-47ac-afea-8fd9f922a65f,2023-02-06T17:20:00+01:00,2023-02-06,17:20:00,-1.620,48.131,35051,35,Cesson-Sévigné,Rennes Métropole,France,2023-02-06T17:30:00+01:00,2023-02-06,17:30:00,-1.413,48.259,35253,35,Saint-Aubin-du-Cormier,CC Liffré-Cormier Communauté,France,1,B,23306,14,OUI
12456117,64824a75-f3f8-4b01-84fb-00faf2edede8,2023-02-06T17:20:00+01:00,2023-02-06,17:20:00,-1.587,48.112,35051,35,Cesson-Sévigné,Rennes Métropole,France,2023-02-06T17:40:00+01:00,2023-02-06,17:40:00,-1.265,48.061,35338,35,Torcé,CA Vitré Communauté,France,1,C,27182,19,OUI
12564792,11ab21f8-42e5-4ae3-bbf2-fbf4caca277b,2023-02-06T17:20:00+01:00,2023-02-06,17:20:00,-1.691,48.131,35238,35,Rennes,Rennes Métropole,France,2023-02-06T17:50:00+01:00,2023-02-06,17:50:00,-1.099,48.085,35183,35,Mondevert,CA Vitré Communauté,France,1,C,49538,33,OUI
12430978,931229b0-296c-48e6-bc3c-aa35181b222c,2023-02-06T17:30:00+01:00,2023-02-06,17:30:00,-1.597,48.130,35051,35,Cesson-Sévigné,Rennes Métropole,France,2023-02-06T18:10:00+01:00,2023-02-06,18:10:00,-1.124,48.101,35105,35,Erbrée,CA Vitré Communauté,France,1,C,43132,38,OUI
12567376,b7b75251-eafd-47b3-8174-6ac630b17efe,2023-02-06T17:30:00+01:00,2023-02-06,17:30:00,-1.692,48.132,35238,35,Rennes,Rennes Métropole,France,2023-02-06T18:40:00+01:00,2023-02-06,18:40:00,-1.580,47.264,44109,44,Nantes,Nantes Métropole,France,1,C,106577,69,OUI
12438309,4a44f7a3-a102-4d4e-b30a-99729e5fa4d0,2023-02-06T17:30:00+01:00,2023-02-06,17:30:00,-1.696,48.154,35278,35,Saint-Grégoire,Rennes Métropole,France,2023-02-06T17:40:00+01:00,2023-02-06,17:40:00,-1.794,48.100,35240,35,Le Rheu,Rennes Métropole,France,1,C,11874,18,NON
12438316,c6697cc6-8c9a-45c5-b7e4-876bf7818a8a,2023-02-06T17:30:00+01:00,2023-02-06,17:30:00,-1.622,48.135,35051,35,Cesson-Sévigné,Rennes Métropole,France,2023-02-06T18:00:00+01:00,2023-02-06,18:00:00,-1.794,48.099,35240,35,Le Rheu,Rennes Métropole,France,1,B,16704,30,NON
12456070,13a99bfb-7542-43df-8971-5bbb6bd46d28,2023-02-06T17:30:00+01:00,2023-02-06,17:30:00,-1.702,48.127,35238,35,Rennes,Rennes Métropole,France,2023-02-06T17:50:00+01:00,2023-02-06,17:50:00,-1.864,48.048,35037,35,Bréal-sous-Montfort,CC Brocéliande Communauté,France,1,C,18966,17,OUI
12566996,aaefcf1c-4e2b-4f0e-af67-45a3021c73a2,2023-02-06T17:30:00+01:00,2023-02-06,17:30:00,-1.624,48.127,35051,35,Cesson-Sévigné,Rennes Métropole,France,2023-02-06T18:00:00+01:00,2023-02-06,18:00:00,-1.913,48.446,35308,35,Mesnil-Roc'h,CC Bretagne Romantique,France,1,B,46237,31,OUI
12567088,0752c8fb-cea4-4493-b327-a48eccfa5f2e,2023-02-06T17:30:00+01:00,2023-02-06,17:30:00,-1.209,48.368,35150,35,Lécousse,CA Fougères Agglomération,France,2023-02-06T18:10:00+01:00,2023-02-06,18:10:00,-1.829,48.154,35275,35,Saint-Gilles,Rennes Métropole,France,1,C,61304,40,OUI
12567155,12d89f7f-a345-452e-90fc-7b1f0fcbaa71,2023-02-06T17:30:00+01:00,2023-02-06,17:30:00,-1.621,48.134,35051,35,Cesson-Sévigné,Rennes Métropole,France,2023-02-06T18:00:00+01:00,2023-02-06,18:00:00,-1.204,48.356,35115,35,Fougères,CA Fougères Agglomération,France,1,B,42452,27,OUI
12567224,79e8b88c-090f-4acf-af90-217302dcd3b5,2023-02-06T17:30:00+01:00,2023-02-06,17:30:00,-1.697,48.151,35278,35,Saint-Grégoire,Rennes Métropole,France,2023-02-06T18:00:00+01:00,2023-02-06,18:00:00,-1.912,48.447,35308,35,Mesnil-Roc'h,CC Bretagne Romantique,France,1,C,38391,24,OUI
12567299,592a3cf1-9072-4a43-a508-3c29dcf5efb6,2023-02-06T17:30:00+01:00,2023-02-06,17:30:00,-1.700,48.103,35238,35,Rennes,Rennes Métropole,France,2023-02-06T17:50:00+01:00,2023-02-06,17:50:00,-1.829,48.154,35275,35,Saint-Gilles,Rennes Métropole,France,1,C,14250,11,OUI
12567338,5fba7f22-9d3f-45af-a156-166906e5f452,2023-02-06T17:30:00+01:00,2023-02-06,17:30:00,-1.707,48.121,35238,35,Rennes,Rennes Métropole,France,2023-02-06T17:50:00+01:00,2023-02-06,17:50:00,-1.409,48.258,35253,35,Saint-Aubin-du-Cormier,CC Liffré-Cormier Communauté,France,1,C,30567,20,OUI
12567398,ecf50393-a7dd-4974-b5b9-e9e7d0bb484b,2023-02-06T17:30:00+01:00,2023-02-06,17:30:00,-1.507,48.108,35039,35,Brécé,Rennes Métropole,France,2023-02-06T17:50:00+01:00,2023-02-06,17:50:00,-1.731,48.177,35059,35,La Chapelle-des-Fougeretz,Rennes Métropole,France,1,C,22631,18,OUI
12567402,a66419b3-b358-46c1-be08-d64678f16bc9,2023-02-06T17:30:00+01:00,2023-02-06,17:30:00,-1.697,48.136,35238,35,Rennes,Rennes Métropole,France,2023-02-06T18:20:00+01:00,2023-02-06,18:20:00,-1.996,48.624,35288,35,Saint-Malo,CA du Pays de Saint Malo Agglomération,France,1,C,62541,41,OUI
12567458,9ba792e8-acd5-421f-9263-9efe1d425f53,2023-02-06T17:30:00+01:00,2023-02-06,17:30:00,-1.683,48.133,35238,35,Rennes,Rennes Métropole,France,2023-02-06T18:10:00+01:00,2023-02-06,18:10:00,-2.044,48.452,22050,22,Dinan,CA Dinan Agglomération,France,1,C,51162,39,OUI
12570023,a011d9b4-3b14-42d5-b0d2-f55744023af6,2023-02-06T17:30:00+01:00,2023-02-06,17:30:00,-1.593,48.132,35334,35,Thorigné-Fouillard,Rennes Métropole,France,2023-02-06T17:50:00+01:00,2023-02-06,17:50:00,-1.697,48.217,35173,35,Melesse,CC Val d'Ille-Aubigné,France,1,B,17446,17,OUI
12431073,eaa3b77a-8960-4f1c-9ce7-70f76b40403c,2023-02-06T17:40:00+01:00,2023-02-06,17:40:00,-1.666,48.124,35238,35,Rennes,Rennes Métropole,France,2023-02-06T18:10:00+01:00,2023-02-06,18:10:00,-1.196,48.117,35360,35,Vitré,CA Vitré Communauté,France,1,C,41392,35,OUI
12438377,6205e752-cea3-4b25-aaec-c068ed9806b9,2023-02-06T17:40:00+01:00,2023-02-06,17:40:00,-1.622,48.135,35051,35,Cesson-Sévigné,Rennes Métropole,France,2023-02-06T18:10:00+01:00,2023-02-06,18:10:00,-1.794,48.099,35240,35,Le Rheu,Rennes Métropole,France,1,B,16704,30,NON
12430878,46bebe0d-6919-495d-ad54-e304d35ff08f,2023-02-06T17:40:00+01:00,2023-02-06,17:40:00,-1.654,48.110,35238,35,Rennes,Rennes Métropole,France,2023-02-06T18:10:00+01:00,2023-02-06,18:10:00,-1.509,48.042,35069,35,Châteaugiron,CC Pays de Châteaugiron Communauté,France,1,C,16998,27,NON
12431217,3b67a45b-21dc-47e7-8d13-9a5ad7902fba,2023-02-06T17:40:00+01:00,2023-02-06,17:40:00,-1.632,48.100,35238,35,Rennes,Rennes Métropole,France,2023-02-06T18:00:00+01:00,2023-02-06,18:00:00,-1.666,48.034,35206,35,Noyal-Châtillon-sur-Seiche,Rennes Métropole,France,1,C,14369,20,NON
12438863,b1caffb1-bf41-4887-94d9-560157d2f758,2023-02-06T17:40:00+01:00,2023-02-06,17:40:00,-1.707,48.128,35238,35,Rennes,Rennes Métropole,France,2023-02-06T17:50:00+01:00,2023-02-06,17:50:00,-1.876,48.043,35037,35,Bréal-sous-Montfort,CC Brocéliande Communauté,France,1,A,19318,17,NON
12433576,1576e8e2-0ae7-4ab2-9c31-6e3cf65e4e6a,2023-02-06T17:40:00+01:00,2023-02-06,17:40:00,-1.742,48.042,35047,35,Bruz,Rennes Métropole,France,2023-02-06T18:20:00+01:00,2023-02-06,18:20:00,-1.345,48.141,35166,35,Marpiré,CA Vitré Communauté,France,1,C,39485,47,OUI
12481339,9ac25c7d-96e9-4baa-92dd-e9225c7fc139,2023-02-06T17:40:00+01:00,2023-02-06,17:40:00,-1.741,48.050,35047,35,Bruz,Rennes Métropole,France,2023-02-06T18:00:00+01:00,2023-02-06,18:00:00,-1.699,48.088,35281,35,Saint-Jacques-de-la-Lande,Rennes Métropole,France,1,C,6048,13,OUI
12430254,52133c07-444b-4af2-8552-3e115a9a37b7,2023-02-06T17:40:00+01:00,2023-02-06,17:40:00,-1.483,48.104,35039,35,Brécé,Rennes Métropole,France,2023-02-06T17:50:00+01:00,2023-02-06,17:50:00,-1.402,48.109,35068,35,Châteaubourg,CA Vitré Communauté,France,1,C,8385,13,OUI
12431231,a1e480ac-68aa-4fcb-8f2a-dca44e097267,2023-02-06T17:40:00+01:00,2023-02-06,17:40:00,-1.623,48.133,35051,35,Cesson-Sévigné,Rennes Métropole,France,2023-02-06T18:10:00+01:00,2023-02-06,18:10:00,-1.366,48.096,35264,35,Saint-Didier,CA Vitré Communauté,France,1,B,24579,30,OUI
12433427,a5eb8963-6f55-4fc9-9e30-fdeb67d74f96,2023-02-06T17:50:00+01:00,2023-02-06,17:50:00,-1.699,48.152,35278,35,Saint-Grégoire,Rennes Métropole,France,2023-02-06T18:30:00+01:00,2023-02-06,18:30:00,-1.266,48.075,35338,35,Torcé,CA Vitré Communauté,France,1,C,38909,36,OUI
12567685,6780a8e1-b9ad-479b-8193-dc4e296f68ef,2023-02-06T17:50:00+01:00,2023-02-06,17:50:00,-1.674,48.087,35238,35,Rennes,Rennes Métropole,France,2023-02-06T18:50:00+01:00,2023-02-06,18:50:00,-1.627,47.331,44209,44,Treillières,CC d'Erdre et Gesvres,France,1,B,88185,57,OUI
12567793,241de6df-2105-4042-91a3-ae4f74f6277d,2023-02-06T17:50:00+01:00,2023-02-06,17:50:00,-1.631,48.130,35051,35,Cesson-Sévigné,Rennes Métropole,France,2023-02-06T18:20:00+01:00,2023-02-06,18:20:00,-1.875,48.371,35265,35,Saint-Domineuc,CC Bretagne Romantique,France,1,C,36640,25,OUI
12438436,8113e934-0ac9-4f1f-86c5-2fdceabd24c6,2023-02-06T17:50:00+01:00,2023-02-06,17:50:00,-1.768,48.147,35210,35,Pacé,Rennes Métropole,France,2023-02-06T18:00:00+01:00,2023-02-06,18:00:00,-1.794,48.100,35240,35,Le Rheu,Rennes Métropole,France,2,C,6612,9,NON
12431198,0916c530-716f-4113-ad6d-fc9c64ff1132,2023-02-06T17:50:00+01:00,2023-02-06,17:50:00,-1.623,48.133,35051,35,Cesson-Sévigné,Rennes Métropole,France,2023-02-06T18:10:00+01:00,2023-02-06,18:10:00,-1.463,48.123,35327,35,Servon-sur-Vilaine,CC Pays de Châteaugiron Communauté,France,1,C,14910,22,OUI
12433422,486749da-23ec-4e33-895b-04ba5b760b22,2023-02-06T17:50:00+01:00,2023-02-06,17:50:00,-1.628,48.126,35051,35,Cesson-Sévigné,Rennes Métropole,France,2023-02-06T18:20:00+01:00,2023-02-06,18:20:00,-1.519,47.975,35002,35,Amanlis,CC Roche aux Fées Communauté,France,1,C,27884,36,NON
12433665,bce07299-23bd-4f68-9111-69f1d515fc15,2023-02-06T17:50:00+01:00,2023-02-06,17:50:00,-1.681,48.096,35238,35,Rennes,Rennes Métropole,France,2023-02-06T18:30:00+01:00,2023-02-06,18:30:00,-2.121,47.934,56075,56,Guer,CC de l'Oust à Brocéliande,France,1,B,48043,42,OUI
12438418,c6b124ce-a480-4dcf-9013-0453c47ef67d,2023-02-06T17:50:00+01:00,2023-02-06,17:50:00,-1.796,48.099,35240,35,Le Rheu,Rennes Métropole,France,2023-02-06T18:00:00+01:00,2023-02-06,18:00:00,-1.769,48.148,35210,35,Pacé,Rennes Métropole,France,1,C,6929,14,NON
12474708,31e813bf-ad3f-4bbe-8995-3576350c17a6,2023-02-06T17:50:00+01:00,2023-02-06,17:50:00,-1.741,48.050,35047,35,Bruz,Rennes Métropole,France,2023-02-06T17:50:00+01:00,2023-02-06,17:50:00,-1.749,48.028,35047,35,Bruz,Rennes Métropole,France,1,C,3178,8,NON
12567680,7a94b985-da65-426d-921f-5fca7a292694,2023-02-06T17:50:00+01:00,2023-02-06,17:50:00,-1.673,48.134,35238,35,Rennes,Rennes Métropole,France,2023-02-06T18:10:00+01:00,2023-02-06,18:10:00,-1.874,48.365,35265,35,Saint-Domineuc,CC Bretagne Romantique,France,1,C,32184,22,OUI
12567686,e6564630-6732-4e20-b682-61a3f268f642,2023-02-06T17:50:00+01:00,2023-02-06,17:50:00,-1.705,48.089,35281,35,Saint-Jacques-de-la-Lande,Rennes Métropole,France,2023-02-06T18:10:00+01:00,2023-02-06,18:10:00,-2.085,48.003,35223,35,Plélan-le-Grand,CC Brocéliande Communauté,France,1,B,33812,24,OUI
12567721,5b207963-880c-4487-9404-7fce7d52dd4e,2023-02-06T17:50:00+01:00,2023-02-06,17:50:00,-1.696,48.154,35278,35,Saint-Grégoire,Rennes Métropole,France,2023-02-06T18:00:00+01:00,2023-02-06,18:00:00,-1.540,48.133,35001,35,Acigné,Rennes Métropole,France,1,B,15614,13,OUI
12567732,0124f2c3-a8e4-4d69-ad7f-244c0d773978,2023-02-06T17:50:00+01:00,2023-02-06,17:50:00,-1.679,48.114,35238,35,Rennes,Rennes Métropole,France,2023-02-06T18:10:00+01:00,2023-02-06,18:10:00,-1.848,48.325,35337,35,Tinténiac,CC Bretagne Romantique,France,1,C,27910,20,OUI
12567837,b915ece3-02b5-459a-8447-4e3fc0cd4bac,2023-02-06T17:50:00+01:00,2023-02-06,17:50:00,-1.752,48.029,35047,35,Bruz,Rennes Métropole,France,2023-02-06T18:00:00+01:00,2023-02-06,18:00:00,-1.831,47.982,35126,35,Guichen,CC Vallons de Haute-Bretagne Communauté,France,1,C,9265,8,OUI
12438449,15565143-79da-4c95-9a45-048bf54e8c7a,2023-02-06T18:00:00+01:00,2023-02-06,18:00:00,-1.697,48.154,35278,35,Saint-Grégoire,Rennes Métropole,France,2023-02-06T18:00:00+01:00,2023-02-06,18:00:00,-1.768,48.147,35210,35,Pacé,Rennes Métropole,France,1,B,5572,7,NON
12456077,33710fea-f10d-4783-88a9-c32a945a2795,2023-02-06T18:00:00+01:00,2023-02-06,18:00:00,-1.719,48.105,35238,35,Rennes,Rennes Métropole,France,2023-02-06T18:20:00+01:00,2023-02-06,18:20:00,-1.697,48.213,35173,35,Melesse,CC Val d'Ille-Aubigné,France,1,C,14332,13,OUI
12481395,3916fdca-9b74-4667-8bfa-88dd5cd6e3b0,2023-02-06T18:00:00+01:00,2023-02-06,18:00:00,-1.741,48.050,35047,35,Bruz,Rennes Métropole,France,2023-02-06T18:10:00+01:00,2023-02-06,18:10:00,-1.703,48.086,35281,35,Saint-Jacques-de-la-Lande,Rennes Métropole,France,1,C,5656,12,OUI
12567858,4df110ed-a015-49e4-b23a-2251e31f7278,2023-02-06T18:00:00+01:00,2023-02-06,18:00:00,-1.635,48.094,35238,35,Rennes,Rennes Métropole,France,2023-02-06T18:20:00+01:00,2023-02-06,18:20:00,-1.290,48.342,35243,35,Romagné,CA Fougères Agglomération,France,1,C,43471,27,OUI
12567962,44a0a592-056e-404c-8f46-02cab5c4efad,2023-02-06T18:00:00+01:00,2023-02-06,18:00:00,-1.687,48.099,35238,35,Rennes,Rennes Métropole,France,2023-02-06T18:20:00+01:00,2023-02-06,18:20:00,-1.602,48.047,35352,35,Vern-sur-Seiche,Rennes Métropole,France,1,C,12502,11,NON
12567964,2d6c812c-8282-4bff-a4e8-6bea0896387f,2023-02-06T18:00:00+01:00,2023-02-06,18:00:00,-1.636,48.132,35238,35,Rennes,Rennes Métropole,France,2023-02-06T18:20:00+01:00,2023-02-06,18:20:00,-1.609,48.231,35197,35,Mouazé,CC Val d'Ille-Aubigné,France,1,C,13254,11,NON
12568010,0b888c9a-d86e-4754-a146-b1ec79773a9b,2023-02-06T18:00:00+01:00,2023-02-06,18:00:00,-1.620,48.136,35051,35,Cesson-Sévigné,Rennes Métropole,France,2023-02-06T18:10:00+01:00,2023-02-06,18:10:00,-1.644,48.098,35238,35,Rennes,Rennes Métropole,France,1,C,6676,10,OUI
12568042,11ff8acc-5cfa-41c4-8e6b-3d8be2803cc9,2023-02-06T18:00:00+01:00,2023-02-06,18:00:00,-1.777,48.144,35210,35,Pacé,Rennes Métropole,France,2023-02-06T18:20:00+01:00,2023-02-06,18:20:00,-1.847,48.073,35196,35,Mordelles,Rennes Métropole,France,1,C,11511,11,NON
12568073,6d9999ee-04ea-498a-a872-748c78dfb7bf,2023-02-06T18:00:00+01:00,2023-02-06,18:00:00,-1.620,48.137,35051,35,Cesson-Sévigné,Rennes Métropole,France,2023-02-06T18:30:00+01:00,2023-02-06,18:30:00,-1.852,48.324,35337,35,Tinténiac,CC Bretagne Romantique,France,1,B,30284,20,OUI
12568080,b000db56-8ce4-400c-9144-452d18129d11,2023-02-06T18:00:00+01:00,2023-02-06,18:00:00,-1.713,48.122,35238,35,Rennes,Rennes Métropole,France,2023-02-06T18:40:00+01:00,2023-02-06,18:40:00,-1.898,48.502,35179,35,Miniac-Morvan,CA du Pays de Saint Malo Agglomération,France,1,B,49756,33,OUI
12568198,c8706326-2c28-4cdb-93dc-407e1b9e6670,2023-02-06T18:00:00+01:00,2023-02-06,18:00:00,-1.703,48.122,35238,35,Rennes,Rennes Métropole,France,2023-02-06T18:40:00+01:00,2023-02-06,18:40:00,-2.044,48.452,22050,22,Dinan,CA Dinan Agglomération,France,1,C,52420,40,OUI
12568234,191e2845-5ed5-4359-814c-09810ffa1a31,2023-02-06T18:00:00+01:00,2023-02-06,18:00:00,-1.786,48.091,35240,35,Le Rheu,Rennes Métropole,France,2023-02-06T18:40:00+01:00,2023-02-06,18:40:00,-2.383,47.919,56165,56,Ploërmel,CC Ploërmel Communauté,France,1,B,55940,34,OUI
12568257,a6d8fba9-79a7-4589-a062-d2e9cd5bccb1,2023-02-06T18:00:00+01:00,2023-02-06,18:00:00,-1.698,48.128,35238,35,Rennes,Rennes Métropole,France,2023-02-06T18:20:00+01:00,2023-02-06,18:20:00,-1.605,48.259,35251,35,Saint-Aubin-d'Aubigné,CC Val d'Ille-Aubigné,France,1,C,20841,16,OUI
12568258,a07e39fd-b8a9-49f0-b5ff-f3f9163fc1a3,2023-02-06T18:00:00+01:00,2023-02-06,18:00:00,-1.654,48.110,35238,35,Rennes,Rennes Métropole,France,2023-02-06T18:30:00+01:00,2023-02-06,18:30:00,-1.413,48.259,35253,35,Saint-Aubin-du-Cormier,CC Liffré-Cormier Communauté,France,1,C,28045,20,OUI
12434727,08786a2c-4465-4a7e-b544-f448c58c089c,2023-02-06T18:10:00+01:00,2023-02-06,18:10:00,-1.634,48.094,35238,35,Rennes,Rennes Métropole,France,2023-02-06T18:30:00+01:00,2023-02-06,18:30:00,-1.413,48.103,35068,35,Châteaubourg,CA Vitré Communauté,France,1,C,18846,22,OUI
12434055,5707a773-dbc6-44a0-a134-86fe605c531e,2023-02-06T18:10:00+01:00,2023-02-06,18:10:00,-1.654,48.110,35238,35,Rennes,Rennes Métropole,France,2023-02-06T18:40:00+01:00,2023-02-06,18:40:00,-1.465,48.247,35121,35,Gosné,CC Liffré-Cormier Communauté,France,1,C,23575,35,OUI
12438501,cf019680-0e4e-4391-9086-59ab29f4a546,2023-02-06T18:10:00+01:00,2023-02-06,18:10:00,-1.794,48.100,35240,35,Le Rheu,Rennes Métropole,France,2023-02-06T18:20:00+01:00,2023-02-06,18:20:00,-1.707,48.154,35189,35,Montgermont,Rennes Métropole,France,1,C,11278,13,NON
12438497,c0239d45-39e6-4efe-924f-0396f74e2ab1,2023-02-06T18:10:00+01:00,2023-02-06,18:10:00,-1.622,48.135,35051,35,Cesson-Sévigné,Rennes Métropole,France,2023-02-06T18:20:00+01:00,2023-02-06,18:20:00,-1.688,48.160,35278,35,Saint-Grégoire,Rennes Métropole,France,1,B,7747,10,NON
12568470,4df110ed-a015-49e4-b23a-2251e31f7278,2023-02-06T18:10:00+01:00,2023-02-06,18:10:00,-1.630,48.092,35238,35,Rennes,Rennes Métropole,France,2023-02-06T18:50:00+01:00,2023-02-06,18:50:00,-1.200,48.350,35115,35,Fougères,CA Fougères Agglomération,France,1,C,51429,34,OUI
12438536,d22172cc-a62c-4c43-8a13-3d086aa6e8d0,2023-02-06T18:20:00+01:00,2023-02-06,18:20:00,-1.621,48.134,35051,35,Cesson-Sévigné,Rennes Métropole,France,2023-02-06T18:40:00+01:00,2023-02-06,18:40:00,-1.786,48.146,35210,35,Pacé,Rennes Métropole,France,1,C,14274,18,NON
12456605,a8191630-f2cc-4ac9-b5e4-9e0910e2f35a,2023-02-06T18:20:00+01:00,2023-02-06,18:20:00,-1.625,48.133,35051,35,Cesson-Sévigné,Rennes Métropole,France,2023-02-06T18:30:00+01:00,2023-02-06,18:30:00,-1.510,48.205,35152,35,Liffré,CC Liffré-Cormier Communauté,France,1,C,13190,10,OUI
12434295,f9b11732-57d1-4a9a-ab42-029783e4ea3d,2023-02-06T18:30:00+01:00,2023-02-06,18:30:00,-1.624,48.130,35051,35,Cesson-Sévigné,Rennes Métropole,France,2023-02-06T18:50:00+01:00,2023-02-06,18:50:00,-1.580,48.215,35315,35,Saint-Sulpice-la-Forêt,Rennes Métropole,France,1,C,11521,18,NON
12570128,4422042b-df07-4d73-b559-3c8ae5c62921,2023-02-06T18:30:00+01:00,2023-02-06,18:30:00,-1.770,48.142,35210,35,Pacé,Rennes Métropole,France,2023-02-06T18:50:00+01:00,2023-02-06,18:50:00,-2.048,48.205,35184,35,Montauban-de-Bretagne,CC de Saint-Méen Montauban,France,1,C,23695,15,OUI
12570159,6133a90d-6d30-4588-92a6-baa23d69fa05,2023-02-06T18:30:00+01:00,2023-02-06,18:30:00,-1.600,48.114,35051,35,Cesson-Sévigné,Rennes Métropole,France,2023-02-06T18:50:00+01:00,2023-02-06,18:50:00,-1.796,48.098,35240,35,Le Rheu,Rennes Métropole,France,1,B,20704,19,OUI
12435784,a123bc3a-d99a-4aa5-82d7-6ca97b217a3a,2023-02-06T18:40:00+01:00,2023-02-06,18:40:00,-1.756,48.118,35353,35,Vezin-le-Coquet,Rennes Métropole,France,2023-02-06T19:40:00+01:00,2023-02-06,19:40:00,-1.613,47.522,44138,44,Puceul,CC de Nozay,France,1,C,80494,58,OUI
12434517,cf14876a-07bc-4a78-ba02-7a5f22fa9aeb,2023-02-06T18:40:00+01:00,2023-02-06,18:40:00,-1.623,48.127,35051,35,Cesson-Sévigné,Rennes Métropole,France,2023-02-06T19:00:00+01:00,2023-02-06,19:00:00,-1.463,48.121,35327,35,Servon-sur-Vilaine,CC Pays de Châteaugiron Communauté,France,1,C,13713,20,OUI
12481611,fba5df0d-60f8-4c26-8c7d-9d90a66af514,2023-02-06T18:40:00+01:00,2023-02-06,18:40:00,-1.759,48.029,35047,35,Bruz,Rennes Métropole,France,2023-02-06T18:40:00+01:00,2023-02-06,18:40:00,-1.734,48.054,35047,35,Bruz,Rennes Métropole,France,1,C,4213,7,NON
12570199,3961eefa-5fdc-4627-9146-b7aff0f431c5,2023-02-06T18:40:00+01:00,2023-02-06,18:40:00,-1.621,48.134,35051,35,Cesson-Sévigné,Rennes Métropole,France,2023-02-06T19:00:00+01:00,2023-02-06,19:00:00,-1.848,48.325,35337,35,Tinténiac,CC Bretagne Romantique,France,1,C,30237,20,OUI
12570213,22a97e59-f9df-4c16-b000-bcca0795e59e,2023-02-06T18:50:00+01:00,2023-02-06,18:50:00,-1.711,48.101,35238,35,Rennes,Rennes Métropole,France,2023-02-06T19:00:00+01:00,2023-02-06,19:00:00,-1.696,48.042,35066,35,Chartres-de-Bretagne,Rennes Métropole,France,1,A,8189,8,NON
12438663,3b2bc35b-8d42-46f4-8411-c0bd7c50a71a,2023-02-06T19:00:00+01:00,2023-02-06,19:00:00,-1.697,48.154,35278,35,Saint-Grégoire,Rennes Métropole,France,2023-02-06T19:10:00+01:00,2023-02-06,19:10:00,-1.794,48.099,35240,35,Le Rheu,Rennes Métropole,France,1,B,11773,17,NON
12481700,fbbc04d3-317a-4705-912f-cce32f381ccc,2023-02-06T19:00:00+01:00,2023-02-06,19:00:00,-1.739,48.055,35047,35,Bruz,Rennes Métropole,France,2023-02-06T19:10:00+01:00,2023-02-06,19:10:00,-1.758,48.029,35047,35,Bruz,Rennes Métropole,France,1,C,3694,6,OUI
12438850,b5ff0ffb-6d53-41a2-ab46-9f2e4415b82d,2023-02-06T19:30:00+01:00,2023-02-06,19:30:00,-1.614,48.131,35051,35,Cesson-Sévigné,Rennes Métropole,France,2023-02-06T19:50:00+01:00,2023-02-06,19:50:00,-1.433,48.176,35031,35,La Bouëxière,CC Liffré-Cormier Communauté,France,1,A,20162,20,NON
12571433,5ee1a108-96c0-43f9-b0be-2da6a8a9c4d9,2023-02-06T20:00:00+01:00,2023-02-06,20:00:00,-1.849,48.071,35196,35,Mordelles,Rennes Métropole,France,2023-02-06T21:10:00+01:00,2023-02-06,21:10:00,-2.776,47.644,56260,56,Vannes,CA Golfe du Morbihan - Vannes Agglomération,France,1,C,99597,65,OUI
12436939,5fd0ecce-275c-4451-80ee-2ded3f99029f,2023-02-06T20:20:00+01:00,2023-02-06,20:20:00,-1.626,48.140,35051,35,Cesson-Sévigné,Rennes Métropole,France,2023-02-06T20:50:00+01:00,2023-02-06,20:50:00,-1.106,48.092,35105,35,Erbrée,CA Vitré Communauté,France,1,C,45180,30,OUI
12572211,41457ef4-3777-422b-a72d-df719f2b7e50,2023-02-06T20:50:00+01:00,2023-02-06,20:50:00,-1.639,48.111,35238,35,Rennes,Rennes Métropole,France,2023-02-06T21:10:00+01:00,2023-02-06,21:10:00,-1.674,47.929,35033,35,Bourg-des-Comptes,CC Vallons de Haute-Bretagne Communauté,France,1,C,23053,19,OUI
12456604,145eacfc-6619-403d-8d2c-5d2edfdb3cd0,2023-02-06T21:00:00+01:00,2023-02-06,21:00:00,-1.631,48.130,35051,35,Cesson-Sévigné,Rennes Métropole,France,2023-02-06T21:20:00+01:00,2023-02-06,21:20:00,-1.605,48.259,35251,35,Saint-Aubin-d'Aubigné,CC Val d'Ille-Aubigné,France,1,C,15707,13,OUI
12438826,5457d53e-859f-4123-9f61-51a53e0cef6b,2023-02-06T22:00:00+01:00,2023-02-06,22:00:00,-1.698,48.113,35238,35,Rennes,Rennes Métropole,France,2023-02-06T22:30:00+01:00,2023-02-06,22:30:00,-1.682,47.836,35012,35,Bain-de-Bretagne,CC Bretagne porte de Loire Communauté,France,1,B,36673,27,NON
12584753,76144270-d648-4ca7-a4c3-08ac1b71477c,2023-02-07T06:00:00+01:00,2023-02-07,06:00:00,-1.668,48.083,35238,35,Rennes,Rennes Métropole,France,2023-02-07T07:10:00+01:00,2023-02-07,07:10:00,-1.629,47.209,44162,44,Saint-Herblain,Nantes Métropole,France,1,C,105074,66,OUI
12584869,9262d101-8e68-43dc-b9da-c3916c5a009d,2023-02-07T06:10:00+01:00,2023-02-07,06:10:00,-1.695,48.043,35066,35,Chartres-de-Bretagne,Rennes Métropole,France,2023-02-07T07:20:00+01:00,2023-02-07,07:20:00,-1.544,47.218,44109,44,Nantes,Nantes Métropole,France,1,B,99127,66,OUI
12585226,f8d42e40-9735-4f25-a842-0d37664331cd,2023-02-07T06:30:00+01:00,2023-02-07,06:30:00,-1.674,48.088,35238,35,Rennes,Rennes Métropole,France,2023-02-07T07:40:00+01:00,2023-02-07,07:40:00,-1.584,47.261,44114,44,Orvault,Nantes Métropole,France,1,B,97567,60,OUI
12444045,c0cd7cb1-8794-4ef1-8a02-3dd65c79fdca,2023-02-07T06:40:00+01:00,2023-02-07,06:40:00,-1.842,48.075,35196,35,Mordelles,Rennes Métropole,France,2023-02-07T07:10:00+01:00,2023-02-07,07:10:00,-2.132,47.943,56075,56,Guer,CC de l'Oust à Brocéliande,France,1,C,31606,28,OUI
12445517,35ed66f1-e419-46fd-99f0-f2364d70ad52,2023-02-07T06:50:00+01:00,2023-02-07,06:50:00,-1.697,48.098,35238,35,Rennes,Rennes Métropole,France,2023-02-07T07:20:00+01:00,2023-02-07,07:20:00,-1.218,48.126,35360,35,Vitré,CA Vitré Communauté,France,1,C,45993,36,OUI
12445555,35ed66f1-e419-46fd-99f0-f2364d70ad52,2023-02-07T06:50:00+01:00,2023-02-07,06:50:00,-1.697,48.098,35238,35,Rennes,Rennes Métropole,France,2023-02-07T07:30:00+01:00,2023-02-07,07:30:00,-1.218,48.126,35360,35,Vitré,CA Vitré Communauté,France,1,C,45993,39,OUI
12585720,703b0603-037a-4f56-b9e2-f10c4e77510d,2023-02-07T06:50:00+01:00,2023-02-07,06:50:00,-1.674,48.087,35238,35,Rennes,Rennes Métropole,France,2023-02-07T07:50:00+01:00,2023-02-07,07:50:00,-1.584,47.261,44114,44,Orvault,Nantes Métropole,France,1,C,97303,60,OUI
12445514,8f2a9743-2aae-409f-ba31-a21923c395f1,2023-02-07T06:50:00+01:00,2023-02-07,06:50:00,-1.604,48.086,35055,35,Chantepie,Rennes Métropole,France,2023-02-07T07:20:00+01:00,2023-02-07,07:20:00,-1.218,48.126,35360,35,Vitré,CA Vitré Communauté,France,1,C,38683,34,OUI
12585566,0e9fcc17-85eb-4b0e-bc38-9c5129c6ce19,2023-02-07T06:50:00+01:00,2023-02-07,06:50:00,-1.498,47.959,35136,35,Janzé,CC Roche aux Fées Communauté,France,2023-02-07T07:10:00+01:00,2023-02-07,07:10:00,-1.619,48.107,35051,35,Cesson-Sévigné,Rennes Métropole,France,1,C,23475,19,OUI
12586041,96c2899c-5a6e-424d-be7a-bfeadf283e4a,2023-02-07T07:00:00+01:00,2023-02-07,07:00:00,-1.674,48.087,35238,35,Rennes,Rennes Métropole,France,2023-02-07T08:00:00+01:00,2023-02-07,08:00:00,-1.584,47.261,44114,44,Orvault,Nantes Métropole,France,1,B,97303,60,OUI
12585926,b0ba8688-0301-4d45-bc65-6b4dcec27343,2023-02-07T07:00:00+01:00,2023-02-07,07:00:00,-1.674,48.087,35238,35,Rennes,Rennes Métropole,France,2023-02-07T08:00:00+01:00,2023-02-07,08:00:00,-1.584,47.261,44114,44,Orvault,Nantes Métropole,France,1,C,97303,60,OUI
12585919,b0ba8688-0301-4d45-bc65-6b4dcec27343,2023-02-07T07:00:00+01:00,2023-02-07,07:00:00,-1.677,48.088,35238,35,Rennes,Rennes Métropole,France,2023-02-07T08:10:00+01:00,2023-02-07,08:10:00,-1.596,47.264,44114,44,Orvault,Nantes Métropole,France,1,C,99040,62,OUI
12446203,9ae9a804-48c4-408f-93ef-cf60670b8bcc,2023-02-07T07:10:00+01:00,2023-02-07,07:10:00,-1.691,48.105,35238,35,Rennes,Rennes Métropole,France,2023-02-07T07:50:00+01:00,2023-02-07,07:50:00,-1.194,48.069,35109,35,Étrelles,CA Vitré Communauté,France,1,C,45295,37,OUI
12491415,aa5485e6-2663-4350-be54-2bc4c3fda924,2023-02-07T07:10:00+01:00,2023-02-07,07:10:00,-1.668,48.083,35238,35,Rennes,Rennes Métropole,France,2023-02-07T07:30:00+01:00,2023-02-07,07:30:00,-1.513,48.211,35152,35,Liffré,CC Liffré-Cormier Communauté,France,1,C,24795,18,OUI
12445795,8b25eb85-f200-474c-abec-0c5b57fb01d0,2023-02-07T07:10:00+01:00,2023-02-07,07:10:00,-1.843,48.081,35196,35,Mordelles,Rennes Métropole,France,2023-02-07T07:30:00+01:00,2023-02-07,07:30:00,-1.696,48.146,35278,35,Saint-Grégoire,Rennes Métropole,France,1,C,18074,21,OUI
12457818,e5f233ac-a2f3-4837-b947-4bf04c07d033,2023-02-07T07:10:00+01:00,2023-02-07,07:10:00,-1.794,48.099,35240,35,Le Rheu,Rennes Métropole,France,2023-02-07T07:30:00+01:00,2023-02-07,07:30:00,-1.697,48.154,35278,35,Saint-Grégoire,Rennes Métropole,France,1,B,12021,18,NON
12586317,96c2899c-5a6e-424d-be7a-bfeadf283e4a,2023-02-07T07:10:00+01:00,2023-02-07,07:10:00,-1.668,48.083,35238,35,Rennes,Rennes Métropole,France,2023-02-07T07:20:00+01:00,2023-02-07,07:20:00,-1.691,47.851,35012,35,Bain-de-Bretagne,CC Bretagne porte de Loire Communauté,France,1,B,27950,18,OUI
12586431,647930f1-d222-4e3f-ab53-b88587f2ec7d,2023-02-07T07:10:00+01:00,2023-02-07,07:10:00,-1.645,48.123,35238,35,Rennes,Rennes Métropole,France,2023-02-07T07:40:00+01:00,2023-02-07,07:40:00,-1.192,48.345,35115,35,Fougères,CA Fougères Agglomération,France,1,B,46767,32,OUI
12586410,38349513-7221-4dbd-84d7-a874f889b813,2023-02-07T07:10:00+01:00,2023-02-07,07:10:00,-1.829,48.154,35275,35,Saint-Gilles,Rennes Métropole,France,2023-02-07T07:20:00+01:00,2023-02-07,07:20:00,-1.700,48.093,35281,35,Saint-Jacques-de-la-Lande,Rennes Métropole,France,1,C,13679,11,OUI
12586488,7a2cfe5e-c5ac-41c1-b65f-234993e70ae5,2023-02-07T07:10:00+01:00,2023-02-07,07:10:00,-1.628,48.130,35051,35,Cesson-Sévigné,Rennes Métropole,France,2023-02-07T07:30:00+01:00,2023-02-07,07:30:00,-1.602,48.058,35352,35,Vern-sur-Seiche,Rennes Métropole,France,1,C,11256,13,NON
12446603,90813e16-aa4d-4178-9a17-4171112e4a19,2023-02-07T07:20:00+01:00,2023-02-07,07:20:00,-1.700,48.101,35238,35,Rennes,Rennes Métropole,France,2023-02-07T07:50:00+01:00,2023-02-07,07:50:00,-1.185,48.113,35360,35,Vitré,CA Vitré Communauté,France,1,C,47284,37,OUI
12586790,26aa72ad-4b95-44e9-8dac-cff3cfebb112,2023-02-07T07:20:00+01:00,2023-02-07,07:20:00,-1.690,48.101,35238,35,Rennes,Rennes Métropole,France,2023-02-07T07:50:00+01:00,2023-02-07,07:50:00,-1.200,48.110,35360,35,Vitré,CA Vitré Communauté,France,1,C,41321,33,OUI
12586844,d7be2db2-720e-4076-a75e-6a2600a90acb,2023-02-07T07:20:00+01:00,2023-02-07,07:20:00,-1.677,48.106,35238,35,Rennes,Rennes Métropole,France,2023-02-07T08:10:00+01:00,2023-02-07,08:10:00,-0.838,48.069,53201,53,Saint-Berthevin,CA Laval Agglomération,France,1,A,65994,47,OUI
12586668,d5587221-bf4b-4e8b-bd7f-6c61c7373c61,2023-02-07T07:20:00+01:00,2023-02-07,07:20:00,-1.693,48.135,35278,35,Saint-Grégoire,Rennes Métropole,France,2023-02-07T07:50:00+01:00,2023-02-07,07:50:00,-1.915,48.531,35179,35,Miniac-Morvan,CA du Pays de Saint Malo Agglomération,France,1,C,50115,33,OUI
12586680,647930f1-d222-4e3f-ab53-b88587f2ec7d,2023-02-07T07:20:00+01:00,2023-02-07,07:20:00,-1.580,48.156,35334,35,Thorigné-Fouillard,Rennes Métropole,France,2023-02-07T07:50:00+01:00,2023-02-07,07:50:00,-1.192,48.345,35115,35,Fougères,CA Fougères Agglomération,France,1,B,40795,27,OUI
