journey_id,trip_id,journey_start_datetime,journey_start_date,journey_start_time,journey_start_lon,journey_start_lat,journey_start_insee,journey_start_department,journey_start_town,journey_start_towngroup,journey_start_country,journey_end_datetime,journey_end_date,journey_end_time,journey_end_lon,journey_end_lat,journey_end_insee,journey_end_department,journey_end_town,journey_end_towngroup,journey_end_country,passenger_seats,operator_class,journey_distance,journey_duration,has_incentive
59681124,797037f9db38a2c72454332c227315e165ef23766b6f0a9c3a41e883fc682da8,2025-10-01T06:30:00+0200,2025-10-01,04:30:00,-1.687,48.127,35238,35,Rennes,Rennes Métropole,France,2025-10-01T06:30:00+0200,2025-10-01,05:00:00,-1.460,48.102,35327,35,Servon-sur-Vilaine,Communauté de communes Pays de Châteaugiron Communauté,France,1,C,23922,24,OUI
59681184,797037f9db38a2c72454332c227315e165ef23766b6f0a9c3a41e883fc682da8,2025-10-01T06:40:00+0200,2025-10-01,04:40:00,-1.681,48.124,35238,35,Rennes,Rennes Métropole,France,2025-10-01T06:40:00+0200,2025-10-01,05:10:00,-1.458,48.102,35327,35,Servon-sur-Vilaine,Communauté de communes Pays de Châteaugiron Communauté,France,1,C,23665,24,OUI
59681247,a20ffea5ea6f2e5d16189cd21385ab81b0810c0b8173c1942691069d0b7ebd9e,2025-10-01T06:50:00+0200,2025-10-01,04:50:00,-1.654,48.120,35238,35,Rennes,Rennes Métropole,France,2025-10-01T06:50:00+0200,2025-10-01,05:20:00,-1.496,48.226,35152,35,Liffré,Communauté de communes Liffré-Cormier Communauté,France,1,C,18605,21,OUI
59681250,a20ffea5ea6f2e5d16189cd21385ab81b0810c0b8173c1942691069d0b7ebd9e,2025-10-01T06:50:00+0200,2025-10-01,04:50:00,-1.655,48.090,35238,35,Rennes,Rennes Métropole,France,2025-10-01T06:50:00+0200,2025-10-01,05:20:00,-1.496,48.226,35152,35,Liffré,Communauté de communes Liffré-Cormier Communauté,France,1,C,26638,28,OUI
59681654,cb9a0fa9af8dbc5c8f3b5a435d67e69efb22a64c5f229796605afc4d1e22c91f,2025-10-01T07:00:00+0200,2025-10-01,05:00:00,-1.663,48.115,35238,35,Rennes,Rennes Métropole,France,2025-10-01T07:00:00+0200,2025-10-01,05:30:00,-1.500,48.226,35152,35,Liffré,Communauté de communes Liffré-Cormier Communauté,France,1,C,19591,22,OUI
59681750,6e09c47f46eaadadd6ab067129c3254cf9d67b7712443f279cb38f914f2d8bf7,2025-10-01T07:20:00+0200,2025-10-01,05:20:00,-1.697,48.113,35238,35,Rennes,Rennes Métropole,France,2025-10-01T07:20:00+0200,2025-10-01,05:40:00,-1.496,48.226,35152,35,Liffré,Communauté de communes Liffré-Cormier Communauté,France,1,C,24701,24,OUI
59681928,8461b93d374aeffd5f80d4d48c3a9717c3ca58d3fa68bfc25d8440cea191739b,2025-10-01T07:30:00+0200,2025-10-01,05:30:00,-1.626,48.090,35055,35,Chantepie,Rennes Métropole,France,2025-10-01T07:30:00+0200,2025-10-01,06:00:00,-1.195,48.069,35109,35,Étrelles,Communauté d'agglomération Vitré Communauté,France,1,C,34630,29,OUI
59681933,8461b93d374aeffd5f80d4d48c3a9717c3ca58d3fa68bfc25d8440cea191739b,2025-10-01T07:30:00+0200,2025-10-01,05:30:00,-1.626,48.090,35055,35,Chantepie,Rennes Métropole,France,2025-10-01T07:30:00+0200,2025-10-01,06:00:00,-1.195,48.069,35109,35,Étrelles,Communauté d'agglomération Vitré Communauté,France,1,C,34630,29,OUI
59681939,8461b93d374aeffd5f80d4d48c3a9717c3ca58d3fa68bfc25d8440cea191739b,2025-10-01T07:30:00+0200,2025-10-01,05:30:00,-1.626,48.090,35055,35,Chantepie,Rennes Métropole,France,2025-10-01T07:30:00+0200,2025-10-01,06:00:00,-1.195,48.069,35109,35,Étrelles,Communauté d'agglomération Vitré Communauté,France,1,C,34630,29,OUI
59683368,227d331cd707f75e20be6e7170461ad2d9dbd32de17c2a608d1c6629c2988832,2025-10-01T08:40:00+0200,2025-10-01,06:40:00,-1.704,48.093,35281,35,Saint-Jacques-de-la-Lande,Rennes Métropole,France,2025-10-01T08:40:00+0200,2025-10-01,07:30:00,-1.218,48.126,35360,35,Vitré,Communauté d'agglomération Vitré Communauté,France,1,C,45085,41,OUI
59683160,aff31eba7c3022f60f0e302a4e9148b26666403927e65d879a1cf0ebd4bb4fd7,2025-10-01T08:50:00+0200,2025-10-01,06:50:00,-1.676,48.083,35238,35,Rennes,Rennes Métropole,France,2025-10-01T08:50:00+0200,2025-10-01,07:20:00,-1.519,48.207,35152,35,Liffré,Communauté de communes Liffré-Cormier Communauté,France,1,C,24401,23,OUI
59683644,328082c501de518296ee5cf49561184c0e6771e848cc3c83676406e43a07ccae,2025-10-01T09:00:00+0200,2025-10-01,07:00:00,-1.641,48.093,35238,35,Rennes,Rennes Métropole,France,2025-10-01T09:00:00+0200,2025-10-01,07:20:00,-1.734,48.030,35047,35,Bruz,Rennes Métropole,France,1,C,13140,15,OUI
59696855,9b2c790d9606b62c6653fe522d87420433edc8034f38aee5208ee33a09539186,2025-10-01T09:10:00+0200,2025-10-01,07:10:00,-1.795,48.099,35240,35,Le Rheu,Rennes Métropole,France,2025-10-01T09:10:00+0200,2025-10-01,07:30:00,-1.697,48.154,35278,35,Saint-Grégoire,Rennes Métropole,France,1,C,13908,20,OUI
59685034,869e70badb81916b66f19cf99bee9bd600bcc163c672af738bfb37585214e6ba,2025-10-01T09:10:00+0200,2025-10-01,07:10:00,-1.234,48.352,35150,35,Lécousse,Communauté d'agglomération Fougères Agglomération,France,2025-10-01T09:10:00+0200,2025-10-01,07:40:00,-1.628,48.140,35051,35,Cesson-Sévigné,Rennes Métropole,France,1,C,39527,29,OUI
59688979,f3a780b28171255be2a797deb3812a23bcb1d74b96d26b45c8d43cac2db95aae,2025-10-01T09:10:00+0200,2025-10-01,07:10:00,-1.533,48.136,35001,35,Acigné,Rennes Métropole,France,2025-10-01T09:10:00+0200,2025-10-01,08:40:00,-1.546,47.274,44035,44,La Chapelle-sur-Erdre,Nantes Métropole,France,1,A,115363,92,OUI
59685371,4095864ed3f37a7ffc31c23432453b1f1023b49519ddf100be5da0b6923f8a8b,2025-10-01T09:10:00+0200,2025-10-01,07:10:00,-1.645,48.092,35238,35,Rennes,Rennes Métropole,France,2025-10-01T09:10:00+0200,2025-10-01,08:00:00,-1.180,48.342,35115,35,Fougères,Communauté d'agglomération Fougères Agglomération,France,1,C,56573,47,OUI
59685355,583b3f08f5567a43efdcbc7b5184705618eeb87976b2c3d384431d610ffa0586,2025-10-01T09:10:00+0200,2025-10-01,07:10:00,-1.684,48.161,35278,35,Saint-Grégoire,Rennes Métropole,France,2025-10-01T09:10:00+0200,2025-10-01,07:30:00,-1.508,48.231,35152,35,Liffré,Communauté de communes Liffré-Cormier Communauté,France,1,C,21360,19,OUI
59685306,fa3115261d64efbc3a9a5f4f4d7f5cbd8b3ea6cf710e9619c3cae4cf5a581905,2025-10-01T09:10:00+0200,2025-10-01,07:10:00,-1.849,48.071,35196,35,Mordelles,Rennes Métropole,France,2025-10-01T09:10:00+0200,2025-10-01,07:30:00,-1.736,48.104,35353,35,Vezin-le-Coquet,Rennes Métropole,France,1,C,10696,11,OUI
59685340,4cac6ddd06ff28ba93a4000f33829be754f1e48149186dced222120c0991066d,2025-10-01T09:10:00+0200,2025-10-01,07:10:00,-1.775,48.096,35240,35,Le Rheu,Rennes Métropole,France,2025-10-01T09:10:00+0200,2025-10-01,07:30:00,-1.700,48.128,35238,35,Rennes,Rennes Métropole,France,1,C,8502,13,OUI
59689061,0f85c2d7aca846f0d7a8f23d5df751a3d17741bd835afe6dd4bdd05f67188c98,2025-10-01T09:10:00+0200,2025-10-01,07:10:00,-1.674,48.116,35238,35,Rennes,Rennes Métropole,France,2025-10-01T09:10:00+0200,2025-10-01,08:00:00,-2.192,48.189,35297,35,Saint-Méen-le-Grand,Communauté de communes de Saint-Méen Montauban,France,1,B,44216,41,OUI
59696686,b30703071a5f9a375c27b898e1c4783d338856e01765703e9c27016db8c2b9b1,2025-10-01T09:20:00+0200,2025-10-01,07:20:00,-1.768,48.147,35210,35,Pacé,Rennes Métropole,France,2025-10-01T09:20:00+0200,2025-10-01,07:40:00,-1.622,48.135,35051,35,Cesson-Sévigné,Rennes Métropole,France,1,B,16107,23,OUI
59685652,69925b94521a2493a83fa253ed154e2162633624b950c74d5a46fd779f1c7d35,2025-10-01T09:20:00+0200,2025-10-01,07:20:00,-1.241,47.923,35235,35,Rannée,Communauté d'agglomération Vitré Communauté,France,2025-10-01T09:20:00+0200,2025-10-01,07:40:00,-1.319,47.833,35167,35,Martigné-Ferchaud,Communauté de communes Roche aux Fées Communauté,France,1,C,13493,17,OUI
59685706,ac00d2e0e927d4f9c7dc254f41370b47a2b22749e7d537a18838df108b5edeba,2025-10-01T09:20:00+0200,2025-10-01,07:20:00,-1.843,48.076,35196,35,Mordelles,Rennes Métropole,France,2025-10-01T09:20:00+0200,2025-10-01,07:50:00,-1.631,48.118,35051,35,Cesson-Sévigné,Rennes Métropole,France,1,C,24957,29,OUI
59696695,b30703071a5f9a375c27b898e1c4783d338856e01765703e9c27016db8c2b9b1,2025-10-01T09:20:00+0200,2025-10-01,07:20:00,-1.768,48.147,35210,35,Pacé,Rennes Métropole,France,2025-10-01T09:20:00+0200,2025-10-01,07:50:00,-1.622,48.135,35051,35,Cesson-Sévigné,Rennes Métropole,France,1,C,16107,23,OUI
59689186,6f08152e04c11ad9728c1bbe71bbf48eafa22aa7589eaea46791edd602f8c3a9,2025-10-01T09:20:00+0200,2025-10-01,07:20:00,-1.226,48.351,35150,35,Lécousse,Communauté d'agglomération Fougères Agglomération,France,2025-10-01T09:20:00+0200,2025-10-01,08:00:00,-1.723,48.108,35238,35,Rennes,Rennes Métropole,France,1,C,50274,40,OUI
59685282,b58d1071d985c8b0af97877027a54d9ec23a870f593d7be3bab3eee2b0a8e327,2025-10-01T09:20:00+0200,2025-10-01,07:20:00,-1.849,48.071,35196,35,Mordelles,Rennes Métropole,France,2025-10-01T09:20:00+0200,2025-10-01,07:40:00,-1.739,48.055,35047,35,Bruz,Rennes Métropole,France,1,C,9158,11,OUI
59686026,688102673d175d45fe1c02ee715fa3142639617cbded3fa64a1510d54f6033d1,2025-10-01T09:20:00+0200,2025-10-01,07:20:00,-1.638,48.121,35238,35,Rennes,Rennes Métropole,France,2025-10-01T09:20:00+0200,2025-10-01,08:10:00,-1.184,48.343,35115,35,Fougères,Communauté d'agglomération Fougères Agglomération,France,1,C,47613,42,OUI
59689203,851693138d9d55c8482471e1564edab7e1f50786222feca3dc0c3874888c9295,2025-10-01T09:20:00+0200,2025-10-01,07:20:00,-1.674,48.087,35238,35,Rennes,Rennes Métropole,France,2025-10-01T09:20:00+0200,2025-10-01,07:50:00,-1.691,47.851,35012,35,Bain-de-Bretagne,Communauté de communes Bretagne porte de Loire Communauté,France,1,C,27829,22,OUI
59686049,2947745270a940ccc208e35cc6d6ff789eb7703758013798395bea71248266c4,2025-10-01T09:20:00+0200,2025-10-01,07:20:00,-1.602,48.048,35352,35,Vern-sur-Seiche,Rennes Métropole,France,2025-10-01T09:20:00+0200,2025-10-01,07:50:00,-1.492,48.224,35152,35,Liffré,Communauté de communes Liffré-Cormier Communauté,France,1,C,28890,26,OUI
59686623,da277210098e12d04cabd83e89c6fa05815a6dfc45fbe2454a2defdccbef3c10,2025-10-01T09:20:00+0200,2025-10-01,07:20:00,-1.720,47.978,35139,35,Laillé,Rennes Métropole,France,2025-10-01T09:20:00+0200,2025-10-01,07:50:00,-1.617,48.114,35051,35,Cesson-Sévigné,Rennes Métropole,France,1,C,21847,22,OUI
59685330,b58d1071d985c8b0af97877027a54d9ec23a870f593d7be3bab3eee2b0a8e327,2025-10-01T09:30:00+0200,2025-10-01,07:30:00,-1.847,48.073,35196,35,Mordelles,Rennes Métropole,France,2025-10-01T09:30:00+0200,2025-10-01,07:40:00,-1.740,48.046,35047,35,Bruz,Rennes Métropole,France,1,C,10343,12,OUI
59689167,857df515b35e959f834cfa212b20c7ffb48c3d2d4f3c8fa95667af2f9b35eb37,2025-10-01T09:30:00+0200,2025-10-01,07:30:00,-1.630,48.092,35238,35,Rennes,Rennes Métropole,France,2025-10-01T09:30:00+0200,2025-10-01,08:10:00,-1.177,48.342,35115,35,Fougères,Communauté d'agglomération Fougères Agglomération,France,1,C,53383,43,OUI
59686103,6d8c4642aa16e3c90b47d0d01765340e1eda24a2f85805392b80e4cde09b0878,2025-10-01T09:30:00+0200,2025-10-01,07:30:00,-1.641,48.097,35238,35,Rennes,Rennes Métropole,France,2025-10-01T09:30:00+0200,2025-10-01,07:50:00,-1.492,48.221,35152,35,Liffré,Communauté de communes Liffré-Cormier Communauté,France,1,C,23037,20,OUI
59686442,6d8c4642aa16e3c90b47d0d01765340e1eda24a2f85805392b80e4cde09b0878,2025-10-01T09:30:00+0200,2025-10-01,07:30:00,-1.649,48.087,35238,35,Rennes,Rennes Métropole,France,2025-10-01T09:30:00+0200,2025-10-01,07:50:00,-1.490,48.222,35152,35,Liffré,Communauté de communes Liffré-Cormier Communauté,France,1,C,25033,22,OUI
59684975,1bed4a4d7e902fa181c9462ba325301cdd8b4832d386fd15fc5509b709073fb0,2025-10-01T09:30:00+0200,2025-10-01,07:30:00,-1.627,48.179,35024,35,Betton,Rennes Métropole,France,2025-10-01T09:30:00+0200,2025-10-01,07:40:00,-1.623,48.130,35051,35,Cesson-Sévigné,Rennes Métropole,France,1,C,6201,7,OUI
59689356,eb89f83086071d9a50b0bfa11be1be019f5469884dae182ac246e8899025724a,2025-10-01T09:30:00+0200,2025-10-01,07:30:00,-1.661,48.032,35206,35,Noyal-Châtillon-sur-Seiche,Rennes Métropole,France,2025-10-01T09:30:00+0200,2025-10-01,07:50:00,-1.720,48.106,35238,35,Rennes,Rennes Métropole,France,1,C,14036,17,OUI
59686495,b0c4502465b6a472f74c9617ffd517d1da983978f22fbd676e90c1c7992aa94c,2025-10-01T09:30:00+0200,2025-10-01,07:30:00,-1.617,48.107,35051,35,Cesson-Sévigné,Rennes Métropole,France,2025-10-01T09:30:00+0200,2025-10-01,08:10:00,-1.226,48.120,35360,35,Vitré,Communauté d'agglomération Vitré Communauté,France,1,C,36449,32,OUI
59689178,394068f5335d9d09da4a69c178111ec4309a0fe7550e0351c8e3a7bc19984fba,2025-10-01T09:30:00+0200,2025-10-01,07:30:00,-1.688,48.118,35238,35,Rennes,Rennes Métropole,France,2025-10-01T09:30:00+0200,2025-10-01,07:50:00,-1.697,48.213,35173,35,Melesse,Communauté de communes Val d'Ille-Aubigné,France,1,C,11556,14,OUI
59686679,a68da5d54d98c11f1c0fdf2216112c69358616c48117dc68810d308a405d51cd,2025-10-01T09:30:00+0200,2025-10-01,07:30:00,-1.760,48.028,35047,35,Bruz,Rennes Métropole,France,2025-10-01T09:30:00+0200,2025-10-01,08:20:00,-2.126,47.776,56061,56,La Gacilly,Communauté de communes de l'Oust à Brocéliande,France,1,C,47066,43,OUI
59689457,07a840107c0b26dfcc4ddb873681d3489f60e5f56af6788cc0c3c19e54858a86,2025-10-01T09:30:00+0200,2025-10-01,07:30:00,-1.801,48.098,35240,35,Le Rheu,Rennes Métropole,France,2025-10-01T09:30:00+0200,2025-10-01,08:00:00,-1.533,48.111,35207,35,Noyal-sur-Vilaine,Communauté de communes Pays de Châteaugiron Communauté,France,1,C,24607,28,OUI
59686307,a68da5d54d98c11f1c0fdf2216112c69358616c48117dc68810d308a405d51cd,2025-10-01T09:30:00+0200,2025-10-01,07:30:00,-1.760,48.028,35047,35,Bruz,Rennes Métropole,France,2025-10-01T09:30:00+0200,2025-10-01,08:00:00,-1.946,47.808,35219,35,Pipriac,Communauté d'agglomération Redon Agglomération,France,1,C,31275,25,OUI
59686433,bbc5604cb308bcd94d8fcecfda1b9762c43734b4f75311f0c59903870da60d88,2025-10-01T09:30:00+0200,2025-10-01,07:30:00,-1.656,48.129,35238,35,Rennes,Rennes Métropole,France,2025-10-01T09:30:00+0200,2025-10-01,07:50:00,-1.492,48.224,35152,35,Liffré,Communauté de communes Liffré-Cormier Communauté,France,1,C,17594,19,OUI
59686544,6b00672addce5ed43b9735fa2f12d8107f1f588c0542b2d5c89e41923d1590b7,2025-10-01T09:30:00+0200,2025-10-01,07:30:00,-1.579,48.140,35334,35,Thorigné-Fouillard,Rennes Métropole,France,2025-10-01T09:30:00+0200,2025-10-01,08:00:00,-1.197,48.069,35109,35,Étrelles,Communauté d'agglomération Vitré Communauté,France,1,C,32595,26,OUI
59686706,af19894b8372d5dc2fc87d8ea2f97242e89f2d54a71c9e063101fe2da1994989,2025-10-01T09:30:00+0200,2025-10-01,07:30:00,-1.646,48.087,35238,35,Rennes,Rennes Métropole,France,2025-10-01T09:30:00+0200,2025-10-01,08:00:00,-1.197,48.068,35109,35,Étrelles,Communauté d'agglomération Vitré Communauté,France,1,C,36694,30,OUI
59692554,fb4c6f89477b41cd0814d6c88ae147603be8d9c75a7a05ee77f773e3f041a5db,2025-10-01T09:40:00+0200,2025-10-01,07:40:00,-1.218,48.365,35150,35,Lécousse,Communauté d'agglomération Fougères Agglomération,France,2025-10-01T09:40:00+0200,2025-10-01,07:50:00,-1.302,48.333,35310,35,Saint-Sauveur-des-Landes,Communauté d'agglomération Fougères Agglomération,France,1,C,9127,10,NON
59686782,bbc5604cb308bcd94d8fcecfda1b9762c43734b4f75311f0c59903870da60d88,2025-10-01T09:40:00+0200,2025-10-01,07:40:00,-1.656,48.129,35238,35,Rennes,Rennes Métropole,France,2025-10-01T09:40:00+0200,2025-10-01,08:00:00,-1.492,48.224,35152,35,Liffré,Communauté de communes Liffré-Cormier Communauté,France,1,C,17580,19,OUI
59689461,dea3d6a8670165a0bdef39c0a18bc873dbcbe86547c4d98e08c2cc6b7254d5ae,2025-10-01T09:40:00+0200,2025-10-01,07:40:00,-1.656,48.135,35238,35,Rennes,Rennes Métropole,France,2025-10-01T09:40:00+0200,2025-10-01,08:00:00,-1.493,48.223,35152,35,Liffré,Communauté de communes Liffré-Cormier Communauté,France,1,C,18960,18,OUI
59686744,3fdebf9e4f9473c88ebd53b55df1b3fc27233c3221f7fdffec01ec8066822710,2025-10-01T09:40:00+0200,2025-10-01,07:40:00,-1.646,48.109,35238,35,Rennes,Rennes Métropole,France,2025-10-01T09:40:00+0200,2025-10-01,08:20:00,-1.202,48.331,35137,35,Javené,Communauté d'agglomération Fougères Agglomération,France,1,C,49536,45,OUI
59696800,44f09fa047f432e88add3bbf291bbff92348ac1a61bbee897838eb80dec2b76b,2025-10-01T09:40:00+0200,2025-10-01,07:40:00,-1.770,48.146,35210,35,Pacé,Rennes Métropole,France,2025-10-01T09:40:00+0200,2025-10-01,08:00:00,-1.795,48.099,35240,35,Le Rheu,Rennes Métropole,France,1,C,6846,10,OUI
59686920,512ab68dd70ab17124de9c29861b9aea2c51c353e5274affc7ccb5b85bfdd92a,2025-10-01T09:40:00+0200,2025-10-01,07:40:00,-1.721,48.177,35278,35,Saint-Grégoire,Rennes Métropole,France,2025-10-01T09:40:00+0200,2025-10-01,08:10:00,-1.458,48.104,35327,35,Servon-sur-Vilaine,Communauté de communes Pays de Châteaugiron Communauté,France,1,C,26686,24,OUI
59687116,625414cf969ba2842704a7dfffd5f16b3e5859120886c6351a818c400be04f48,2025-10-01T09:40:00+0200,2025-10-01,07:40:00,-1.653,48.102,35238,35,Rennes,Rennes Métropole,France,2025-10-01T09:40:00+0200,2025-10-01,08:00:00,-1.531,48.118,35207,35,Noyal-sur-Vilaine,Communauté de communes Pays de Châteaugiron Communauté,France,1,C,11256,13,OUI
59686971,625414cf969ba2842704a7dfffd5f16b3e5859120886c6351a818c400be04f48,2025-10-01T09:40:00+0200,2025-10-01,07:40:00,-1.653,48.102,35238,35,Rennes,Rennes Métropole,France,2025-10-01T09:40:00+0200,2025-10-01,08:00:00,-1.531,48.118,35207,35,Noyal-sur-Vilaine,Communauté de communes Pays de Châteaugiron Communauté,France,1,C,11256,13,OUI
59687080,81ba4f036f2edd8b4241918748cbe529dff64977321356619add87afc434f50c,2025-10-01T09:40:00+0200,2025-10-01,07:40:00,-1.711,48.018,35363,35,Pont-Péan,Rennes Métropole,France,2025-10-01T09:40:00+0200,2025-10-01,08:00:00,-1.674,48.087,35238,35,Rennes,Rennes Métropole,France,1,C,9756,11,OUI
59687086,432f99ad23dcdb042bd1b508e439ebcfa157b0d7f40adc154c116174b7cf22b6,2025-10-01T09:40:00+0200,2025-10-01,07:40:00,-1.579,48.140,35334,35,Thorigné-Fouillard,Rennes Métropole,France,2025-10-01T09:40:00+0200,2025-10-01,08:10:00,-1.742,47.987,35047,35,Bruz,Rennes Métropole,France,1,C,27181,29,OUI
59687118,b4fd9bbfa20d523c18adadf625504b3eb0521069adece25ce782d86204a0a964,2025-10-01T09:40:00+0200,2025-10-01,07:40:00,-1.656,48.018,35266,35,Saint-Erblon,Rennes Métropole,France,2025-10-01T09:40:00+0200,2025-10-01,08:00:00,-1.608,48.112,35051,35,Cesson-Sévigné,Rennes Métropole,France,1,C,17655,19,OUI
59689871,ce601f0778a412384a222909d40677ced5dde602ddd822ca562a6e2c1d05601f,2025-10-01T09:50:00+0200,2025-10-01,07:50:00,-1.664,48.112,35238,35,Rennes,Rennes Métropole,France,2025-10-01T09:50:00+0200,2025-10-01,08:10:00,-1.841,48.071,35196,35,Mordelles,Rennes Métropole,France,1,C,16151,24,OUI
59689909,d829589dabded0225204ebbbd71239a49186cbe3bb83edead4a07ba3ef6a04b5,2025-10-01T09:50:00+0200,2025-10-01,07:50:00,-1.623,48.090,35055,35,Chantepie,Rennes Métropole,France,2025-10-01T09:50:00+0200,2025-10-01,08:30:00,-1.180,48.342,35115,35,Fougères,Communauté d'agglomération Fougères Agglomération,France,1,C,53493,43,OUI
59689599,96e01cd0463dc4c405e9f4c8cfe6dbeb7eb78d6e37a15b0fa01d731d4a13b93f,2025-10-01T09:50:00+0200,2025-10-01,07:50:00,-1.213,48.363,35150,35,Lécousse,Communauté d'agglomération Fougères Agglomération,France,2025-10-01T09:50:00+0200,2025-10-01,08:30:00,-1.637,48.095,35238,35,Rennes,Rennes Métropole,France,1,C,50513,41,OUI
59696845,f5a6dfb2aeefe6a24b67bf1ba30403150a003e48cf3026063281e34865626d46,2025-10-01T09:50:00+0200,2025-10-01,07:50:00,-1.795,48.099,35240,35,Le Rheu,Rennes Métropole,France,2025-10-01T09:50:00+0200,2025-10-01,08:10:00,-1.697,48.154,35278,35,Saint-Grégoire,Rennes Métropole,France,1,B,13908,20,OUI
59689624,e2ad61887482856876ac4bf9308ed097fc37b6975d2e41afb5d4dbe6d0634158,2025-10-01T09:50:00+0200,2025-10-01,07:50:00,-1.690,48.095,35238,35,Rennes,Rennes Métropole,France,2025-10-01T09:50:00+0200,2025-10-01,08:50:00,-1.986,48.628,35288,35,Saint-Malo,Communauté d'agglomération du Pays de Saint Malo Agglomération,France,1,B,70294,57,OUI
59687341,2f6237298c1dd2db75a69602e192de9d9fcdb8ca21bc6aeb62fd4b48b483339c,2025-10-01T09:50:00+0200,2025-10-01,07:50:00,-1.491,47.957,35136,35,Janzé,Communauté de communes Roche aux Fées Communauté,France,2025-10-01T09:50:00+0200,2025-10-01,08:10:00,-1.621,48.062,35352,35,Vern-sur-Seiche,Rennes Métropole,France,1,C,19519,17,OUI
59687395,2ebabe1d2f37acebf5a2ba5502eb1ad533539dcb6a8efb2811bbb88b7ca6610c,2025-10-01T09:50:00+0200,2025-10-01,07:50:00,-1.728,48.173,35059,35,La Chapelle-des-Fougeretz,Rennes Métropole,France,2025-10-01T09:50:00+0200,2025-10-01,08:10:00,-1.633,48.123,35238,35,Rennes,Rennes Métropole,France,1,C,14268,19,OUI
59690084,a653eb90335aa8ff76d8467885952b10323358a31259bc31ed838d9fdf9ba748,2025-10-01T09:50:00+0200,2025-10-01,07:50:00,-1.685,48.113,35238,35,Rennes,Rennes Métropole,France,2025-10-01T09:50:00+0200,2025-10-01,08:40:00,-1.198,48.354,35115,35,Fougères,Communauté d'agglomération Fougères Agglomération,France,1,C,50659,45,OUI
59687427,aafae92465a1203a9c3febb28cf9be9a1c1938170bde1eca6b7cfc63ed0e7820,2025-10-01T09:50:00+0200,2025-10-01,07:50:00,-1.798,48.097,35240,35,Le Rheu,Rennes Métropole,France,2025-10-01T09:50:00+0200,2025-10-01,08:10:00,-1.741,48.044,35047,35,Bruz,Rennes Métropole,France,1,C,9463,11,OUI
59690044,c0bb4ec085d5c103c3516210271a59fbbaca4c36d5c392770c6fc8c40c0de2b2,2025-10-01T09:50:00+0200,2025-10-01,07:50:00,-1.614,48.107,35051,35,Cesson-Sévigné,Rennes Métropole,France,2025-10-01T09:50:00+0200,2025-10-01,08:20:00,-1.742,47.994,35047,35,Bruz,Rennes Métropole,France,1,C,20467,22,OUI
59687531,4ed6b52b45423b02092f596e69b90af279483ef07f1e7076c0f01d67ecac49b2,2025-10-01T10:00:00+0200,2025-10-01,08:00:00,-1.692,48.136,35278,35,Saint-Grégoire,Rennes Métropole,France,2025-10-01T10:00:00+0200,2025-10-01,08:40:00,-1.193,48.068,35109,35,Étrelles,Communauté d'agglomération Vitré Communauté,France,1,C,42086,35,OUI
59690172,1fcc393a6cc59111a4ad7232975bcea3bc8aa70a86eadda2af57b7912cfe6744,2025-10-01T10:00:00+0200,2025-10-01,08:00:00,-1.212,48.369,35150,35,Lécousse,Communauté d'agglomération Fougères Agglomération,France,2025-10-01T10:00:00+0200,2025-10-01,08:40:00,-0.813,48.411,53107,53,Gorron,Communauté de communes du Bocage Mayennais,France,1,A,32576,42,NON
59687510,84902acf13aec091104dace0507c26ebb2ef6ee685fcdac00d9e156276ec9f50,2025-10-01T10:00:00+0200,2025-10-01,08:00:00,-1.769,48.143,35210,35,Pacé,Rennes Métropole,France,2025-10-01T10:00:00+0200,2025-10-01,08:30:00,-2.193,48.184,35297,35,Saint-Méen-le-Grand,Communauté de communes de Saint-Méen Montauban,France,1,C,37332,29,OUI
59696819,5fa4d0ebf4bbc4686ae3a551daed007ff2a2bc438650efa98baa525f5930475a,2025-10-01T10:00:00+0200,2025-10-01,08:00:00,-1.795,48.099,35240,35,Le Rheu,Rennes Métropole,France,2025-10-01T10:00:00+0200,2025-10-01,08:20:00,-1.697,48.154,35278,35,Saint-Grégoire,Rennes Métropole,France,1,C,13908,20,OUI
59690554,a42706d4a7426a7f37202d9766a1a88bf5663fbf36f6e85784eb8262c7c1d19f,2025-10-01T10:00:00+0200,2025-10-01,08:00:00,-1.655,48.109,35238,35,Rennes,Rennes Métropole,France,2025-10-01T10:00:00+0200,2025-10-01,08:30:00,-1.263,48.077,35338,35,Torcé,Communauté d'agglomération Vitré Communauté,France,1,C,31431,28,OUI
59690396,302231f1f74ac850bb6d5401e978dfa7116462f030d398a37733f6dd94eb3e4b,2025-10-01T10:00:00+0200,2025-10-01,08:00:00,-1.647,48.113,35238,35,Rennes,Rennes Métropole,France,2025-10-01T10:00:00+0200,2025-10-01,08:30:00,-1.438,48.097,35327,35,Servon-sur-Vilaine,Communauté de communes Pays de Châteaugiron Communauté,France,1,C,19610,21,OUI
59687625,a42706d4a7426a7f37202d9766a1a88bf5663fbf36f6e85784eb8262c7c1d19f,2025-10-01T10:00:00+0200,2025-10-01,08:00:00,-1.644,48.112,35238,35,Rennes,Rennes Métropole,France,2025-10-01T10:00:00+0200,2025-10-01,08:20:00,-1.531,48.109,35207,35,Noyal-sur-Vilaine,Communauté de communes Pays de Châteaugiron Communauté,France,1,C,9786,11,OUI
59690329,78b64c3023e41066fe15fa0c8e1fd8f0342263ca2596410bdaa8d7df525a7607,2025-10-01T10:00:00+0200,2025-10-01,08:00:00,-1.698,48.098,35238,35,Rennes,Rennes Métropole,France,2025-10-01T10:00:00+0200,2025-10-01,08:30:00,-1.791,47.969,35126,35,Guichen,Communauté de communes Vallons de Haute-Bretagne Communauté,France,1,C,20303,23,OUI
59687690,a1946059a3e5fd7631702d09a5583728dcdca01746244a660b80880f20f29db6,2025-10-01T10:00:00+0200,2025-10-01,08:00:00,-1.602,48.038,35352,35,Vern-sur-Seiche,Rennes Métropole,France,2025-10-01T10:00:00+0200,2025-10-01,08:30:00,-1.488,48.105,35039,35,Brécé,Rennes Métropole,France,1,C,21171,21,OUI
59687351,78ad0658290e243205d2ee207d84ad3955f6334ff81c8338dc36938cd8d801f4,2025-10-01T10:00:00+0200,2025-10-01,08:00:00,-1.682,48.088,35238,35,Rennes,Rennes Métropole,France,2025-10-01T10:00:00+0200,2025-10-01,08:20:00,-1.535,47.968,35041,35,Brie,Communauté de communes Roche aux Fées Communauté,France,1,C,20827,19,OUI
59696716,aa49b0a4490afb1ca18fb62ace1a7b13fe7407e6a9fa30287d5bb1b766084e48,2025-10-01T10:10:00+0200,2025-10-01,08:10:00,-1.768,48.147,35210,35,Pacé,Rennes Métropole,France,2025-10-01T10:10:00+0200,2025-10-01,08:30:00,-1.622,48.135,35051,35,Cesson-Sévigné,Rennes Métropole,France,1,C,16107,23,OUI
59696858,bae1cea5d8e5b7c70abf839e5aed21b6a273f1fd325ffccec673864523ac8481,2025-10-01T10:10:00+0200,2025-10-01,08:10:00,-1.795,48.099,35240,35,Le Rheu,Rennes Métropole,France,2025-10-01T10:10:00+0200,2025-10-01,08:30:00,-1.697,48.154,35278,35,Saint-Grégoire,Rennes Métropole,France,1,C,13908,20,OUI
59690781,2fc0b6e122fa985e8153c91cdc456252ca5cf2cdb107f9d92a1c2b1fe174262f,2025-10-01T10:10:00+0200,2025-10-01,08:10:00,-1.708,48.116,35238,35,Rennes,Rennes Métropole,France,2025-10-01T10:10:00+0200,2025-10-01,08:30:00,-1.749,48.045,35047,35,Bruz,Rennes Métropole,France,1,C,12187,15,OUI
59689911,5748940caccd59e288bd452109e10019a9a4bd6a6304cb5cbd7ae6c8ddefb968,2025-10-01T10:10:00+0200,2025-10-01,08:10:00,-1.226,48.352,35150,35,Lécousse,Communauté d'agglomération Fougères Agglomération,France,2025-10-01T10:10:00+0200,2025-10-01,08:40:00,-1.628,48.140,35051,35,Cesson-Sévigné,Rennes Métropole,France,1,C,40272,30,OUI
59690814,e2ad61887482856876ac4bf9308ed097fc37b6975d2e41afb5d4dbe6d0634158,2025-10-01T10:10:00+0200,2025-10-01,08:10:00,-1.713,48.122,35238,35,Rennes,Rennes Métropole,France,2025-10-01T10:10:00+0200,2025-10-01,09:00:00,-1.983,48.624,35288,35,Saint-Malo,Communauté d'agglomération du Pays de Saint Malo Agglomération,France,1,C,65602,53,OUI
59690274,d830c4d6adb307976c33abb93838f47a2f1670eaa4497e5ad765b288ee4d9c27,2025-10-01T10:10:00+0200,2025-10-01,08:10:00,-1.694,48.135,35278,35,Saint-Grégoire,Rennes Métropole,France,2025-10-01T10:10:00+0200,2025-10-01,09:00:00,-1.975,48.613,35284,35,Saint-Jouan-des-Guérets,Communauté d'agglomération du Pays de Saint Malo Agglomération,France,1,C,61152,49,OUI
59690865,416d27fa8a906a60326b3c36b95c251664cd22f3564518fec8d8ac6bbb1c444d,2025-10-01T10:10:00+0200,2025-10-01,08:10:00,-1.655,48.117,35238,35,Rennes,Rennes Métropole,France,2025-10-01T10:10:00+0200,2025-10-01,08:30:00,-1.504,48.101,35207,35,Noyal-sur-Vilaine,Communauté de communes Pays de Châteaugiron Communauté,France,1,C,13534,16,OUI
59690822,6a1f570c79d4b2b971029db90d69f176f157fda235f877e6a478604600484a4d,2025-10-01T10:10:00+0200,2025-10-01,08:10:00,-1.694,48.140,35278,35,Saint-Grégoire,Rennes Métropole,France,2025-10-01T10:10:00+0200,2025-10-01,08:30:00,-1.500,48.223,35152,35,Liffré,Communauté de communes Liffré-Cormier Communauté,France,1,C,20380,18,OUI
59696743,bae1cea5d8e5b7c70abf839e5aed21b6a273f1fd325ffccec673864523ac8481,2025-10-01T10:10:00+0200,2025-10-01,08:10:00,-1.795,48.099,35240,35,Le Rheu,Rennes Métropole,France,2025-10-01T10:10:00+0200,2025-10-01,08:30:00,-1.688,48.160,35278,35,Saint-Grégoire,Rennes Métropole,France,1,C,15332,22,OUI
59696840,bae1cea5d8e5b7c70abf839e5aed21b6a273f1fd325ffccec673864523ac8481,2025-10-01T10:10:00+0200,2025-10-01,08:10:00,-1.795,48.099,35240,35,Le Rheu,Rennes Métropole,France,2025-10-01T10:10:00+0200,2025-10-01,08:30:00,-1.697,48.154,35278,35,Saint-Grégoire,Rennes Métropole,France,1,C,13908,20,OUI
59691055,615efee57c531eb4f5aab1aa732039d4f142f1c2e4980eb9985bb7aa3f76d0a2,2025-10-01T10:10:00+0200,2025-10-01,08:10:00,-1.790,48.078,35076,35,Chavagne,Rennes Métropole,France,2025-10-01T10:10:00+0200,2025-10-01,08:40:00,-2.121,47.932,56075,56,Guer,Communauté de communes de l'Oust à Brocéliande,France,1,C,35371,29,OUI
59690893,a238311106bef20c9abdf4728feb859c85415a440a9de8e6c427db6fbda882fc,2025-10-01T10:10:00+0200,2025-10-01,08:10:00,-1.659,48.139,35238,35,Rennes,Rennes Métropole,France,2025-10-01T10:10:00+0200,2025-10-01,08:30:00,-1.603,48.054,35352,35,Vern-sur-Seiche,Rennes Métropole,France,1,C,13244,19,OUI
59690298,f27ea20a9a1f45f2c3c29213426bed46a9fa516671e003b4f67aebd3da4d6ca5,2025-10-01T10:10:00+0200,2025-10-01,08:10:00,-1.675,48.118,35238,35,Rennes,Rennes Métropole,France,2025-10-01T10:10:00+0200,2025-10-01,08:40:00,-1.818,48.298,35337,35,Tinténiac,Communauté de communes Bretagne Romantique,France,1,C,23340,20,OUI
59690977,f27ea20a9a1f45f2c3c29213426bed46a9fa516671e003b4f67aebd3da4d6ca5,2025-10-01T10:10:00+0200,2025-10-01,08:10:00,-1.689,48.117,35238,35,Rennes,Rennes Métropole,France,2025-10-01T10:10:00+0200,2025-10-01,08:40:00,-1.824,48.296,35337,35,Tinténiac,Communauté de communes Bretagne Romantique,France,1,C,23652,21,OUI
59691108,b8d9a85482db017a5dc5e33112926292f3f0f9a03acb3caaacbdc8e9dcc3f6d9,2025-10-01T10:10:00+0200,2025-10-01,08:10:00,-1.718,48.158,35189,35,Montgermont,Rennes Métropole,France,2025-10-01T10:10:00+0200,2025-10-01,08:40:00,-1.879,48.053,35037,35,Bréal-sous-Montfort,Communauté de communes Brocéliande Communauté,France,1,C,20620,24,OUI
59690927,7ad9dc8abf4c63db280364485d1080e9bbb43a350e8af0594a7617b243d10a10,2025-10-01T10:10:00+0200,2025-10-01,08:10:00,-1.655,48.096,35238,35,Rennes,Rennes Métropole,France,2025-10-01T10:10:00+0200,2025-10-01,08:30:00,-1.741,48.049,35047,35,Bruz,Rennes Métropole,France,1,C,12094,15,OUI
59691032,9beb9fabaf8e4e651b0f1724e6cdf57f922cd5ac9161deda9c242af40003c573,2025-10-01T10:10:00+0200,2025-10-01,08:10:00,-1.647,48.109,35238,35,Rennes,Rennes Métropole,France,2025-10-01T10:10:00+0200,2025-10-01,09:00:00,-1.202,48.348,35115,35,Fougères,Communauté d'agglomération Fougères Agglomération,France,1,C,48381,43,OUI
59690413,bbbefa15b1949d07ea25c697054b134cbef25ae6d9602b3d37317adeae1d670e,2025-10-01T10:10:00+0200,2025-10-01,08:10:00,-1.613,47.994,35032,35,Bourgbarré,Rennes Métropole,France,2025-10-01T10:10:00+0200,2025-10-01,08:40:00,-1.622,48.130,35051,35,Cesson-Sévigné,Rennes Métropole,France,1,C,20106,23,OUI
59696886,bb184d9c36d424c4f3e1bf0faca5c98d6c3ba668cc92e6a30e9f2b03c54225fe,2025-10-01T10:20:00+0200,2025-10-01,08:20:00,-1.795,48.099,35240,35,Le Rheu,Rennes Métropole,France,2025-10-01T10:20:00+0200,2025-10-01,08:40:00,-1.697,48.154,35278,35,Saint-Grégoire,Rennes Métropole,France,1,C,13908,20,OUI
59696804,1c03061a447ff62d5097df04abf80169c7a4c0b71b61daf50d967c441495fcd4,2025-10-01T10:20:00+0200,2025-10-01,08:20:00,-1.795,48.099,35240,35,Le Rheu,Rennes Métropole,France,2025-10-01T10:20:00+0200,2025-10-01,08:30:00,-1.768,48.147,35210,35,Pacé,Rennes Métropole,France,1,C,6830,11,OUI
59691305,0f1f0b4098ee7c7df1969f173a1b1d6ae1803d3588c6e341dbac7eddb822e1e2,2025-10-01T10:20:00+0200,2025-10-01,08:20:00,-1.618,48.106,35051,35,Cesson-Sévigné,Rennes Métropole,France,2025-10-01T10:20:00+0200,2025-10-01,08:50:00,-1.187,48.114,35360,35,Vitré,Communauté d'agglomération Vitré Communauté,France,1,C,36019,33,OUI
59691338,c7e205aef68825e536b80cd992d6ac131454f4e19123d31a887a4e1c95f2a926,2025-10-01T10:20:00+0200,2025-10-01,08:20:00,-1.641,48.130,35238,35,Rennes,Rennes Métropole,France,2025-10-01T10:20:00+0200,2025-10-01,08:50:00,-1.265,48.079,35338,35,Torcé,Communauté d'agglomération Vitré Communauté,France,1,C,32755,30,OUI
59690750,c8faf7282c191b89df91e13e9ad816ebdee000bd173291d46751cf2fb054defb,2025-10-01T10:20:00+0200,2025-10-01,08:20:00,-1.694,48.131,35238,35,Rennes,Rennes Métropole,France,2025-10-01T10:20:00+0200,2025-10-01,09:10:00,-2.045,48.448,22050,22,Dinan,Communauté d'agglomération Dinan Agglomération,France,1,C,50754,48,OUI
59696770,bb184d9c36d424c4f3e1bf0faca5c98d6c3ba668cc92e6a30e9f2b03c54225fe,2025-10-01T10:20:00+0200,2025-10-01,08:20:00,-1.795,48.099,35240,35,Le Rheu,Rennes Métropole,France,2025-10-01T10:20:00+0200,2025-10-01,08:40:00,-1.697,48.154,35278,35,Saint-Grégoire,Rennes Métropole,France,1,C,13908,20,OUI
59694722,f3735bfd081155253eceb413314ef06f7c17efd2272ffcf0b85bad44eb81da5a,2025-10-01T10:20:00+0200,2025-10-01,08:20:00,-1.688,48.092,35238,35,Rennes,Rennes Métropole,France,2025-10-01T10:20:00+0200,2025-10-01,09:00:00,-1.259,48.075,35338,35,Torcé,Communauté d'agglomération Vitré Communauté,France,1,B,37016,33,OUI
59690811,f273c202145e2417346fc19b1e612c89462acacbcc058e00b7f73846bf022ea3,2025-10-01T10:20:00+0200,2025-10-01,08:20:00,-1.704,48.148,35189,35,Montgermont,Rennes Métropole,France,2025-10-01T10:20:00+0200,2025-10-01,08:30:00,-1.621,48.134,35051,35,Cesson-Sévigné,Rennes Métropole,France,1,C,8674,9,OUI
59696797,5fa4d0ebf4bbc4686ae3a551daed007ff2a2bc438650efa98baa525f5930475a,2025-10-01T10:30:00+0200,2025-10-01,08:30:00,-1.697,48.154,35278,35,Saint-Grégoire,Rennes Métropole,France,2025-10-01T10:30:00+0200,2025-10-01,08:40:00,-1.622,48.135,35051,35,Cesson-Sévigné,Rennes Métropole,France,1,C,9030,14,OUI
59696680,5affde7eee872d14c404846bcf780547d3b12ec1d3816692642ee59301d3e92f,2025-10-01T10:30:00+0200,2025-10-01,08:30:00,-1.768,48.147,35210,35,Pacé,Rennes Métropole,France,2025-10-01T10:30:00+0200,2025-10-01,08:40:00,-1.697,48.154,35278,35,Saint-Grégoire,Rennes Métropole,France,1,C,7077,9,OUI
59695395,efaee30c9386dfa0f81850af057e36dc43170deb472980125f769e2625a56da2,2025-10-01T10:30:00+0200,2025-10-01,08:30:00,-1.753,48.032,35047,35,Bruz,Rennes Métropole,France,2025-10-01T10:30:00+0200,2025-10-01,08:40:00,-1.834,48.070,35196,35,Mordelles,Rennes Métropole,France,1,C,10063,10,OUI
59691578,0180f5cd8667e07e371cfc1426e0382881b69c90a37abaee6a1aa0feae39d329,2025-10-01T10:30:00+0200,2025-10-01,08:30:00,-1.592,48.013,35250,35,Saint-Armel,Rennes Métropole,France,2025-10-01T10:30:00+0200,2025-10-01,08:50:00,-1.707,48.031,35066,35,Chartres-de-Bretagne,Rennes Métropole,France,1,C,11168,15,OUI
59691552,0715c7977f8ff67817aa93e90f2af160b0fe4bf34c5bef409dacdaeaf95a62ef,2025-10-01T10:30:00+0200,2025-10-01,08:30:00,-1.696,48.105,35238,35,Rennes,Rennes Métropole,France,2025-10-01T10:30:00+0200,2025-10-01,08:40:00,-1.748,48.046,35047,35,Bruz,Rennes Métropole,France,1,C,9393,14,OUI
59696711,3efb1a67d8286419ff54c9f5d23083e42eb8bf929692bee86afaecd6a44ef346,2025-10-01T10:30:00+0200,2025-10-01,08:30:00,-1.768,48.147,35210,35,Pacé,Rennes Métropole,France,2025-10-01T10:30:00+0200,2025-10-01,09:00:00,-1.622,48.135,35051,35,Cesson-Sévigné,Rennes Métropole,France,1,C,16107,23,OUI
59691377,df1220bff7b6a7f9411544ac854ff6e560e85320f114012b000ab60f48123b4d,2025-10-01T10:30:00+0200,2025-10-01,08:30:00,-1.615,48.049,35352,35,Vern-sur-Seiche,Rennes Métropole,France,2025-10-01T10:30:00+0200,2025-10-01,08:50:00,-1.607,48.112,35051,35,Cesson-Sévigné,Rennes Métropole,France,1,C,10863,13,OUI
59691852,0715c7977f8ff67817aa93e90f2af160b0fe4bf34c5bef409dacdaeaf95a62ef,2025-10-01T10:30:00+0200,2025-10-01,08:30:00,-1.690,48.105,35238,35,Rennes,Rennes Métropole,France,2025-10-01T10:30:00+0200,2025-10-01,08:50:00,-1.749,48.045,35047,35,Bruz,Rennes Métropole,France,1,C,9757,14,OUI
59691712,dd0be866ba0fe9fad985c583f777e73bdc32cc6c17094c2d6e5a1c87e39b6615,2025-10-01T10:30:00+0200,2025-10-01,08:30:00,-1.739,48.055,35047,35,Bruz,Rennes Métropole,France,2025-10-01T10:30:00+0200,2025-10-01,08:50:00,-1.778,48.093,35240,35,Le Rheu,Rennes Métropole,France,1,C,8129,11,OUI
59691778,3d38ca3cc8dc555df7f635d0ae947cfb56e198411945e7037cd7ce40d08dfb52,2025-10-01T10:30:00+0200,2025-10-01,08:30:00,-1.643,48.087,35238,35,Rennes,Rennes Métropole,France,2025-10-01T10:30:00+0200,2025-10-01,08:40:00,-1.600,48.057,35352,35,Vern-sur-Seiche,Rennes Métropole,France,1,C,5398,8,OUI
59690327,ab730f28e7bb59e492f1d1e57dabad048070183e2286585ecc28576fb170bafd,2025-10-01T10:30:00+0200,2025-10-01,08:30:00,-1.512,47.962,35136,35,Janzé,Communauté de communes Roche aux Fées Communauté,France,2025-10-01T10:30:00+0200,2025-10-01,08:50:00,-1.616,48.061,35352,35,Vern-sur-Seiche,Rennes Métropole,France,1,C,15609,14,OUI
59691841,c7f45b945196582ede5eaa83edf1a53dda399a155f23fdac6857cc1cf5a3a140,2025-10-01T10:30:00+0200,2025-10-01,08:30:00,-1.755,48.035,35047,35,Bruz,Rennes Métropole,France,2025-10-01T10:30:00+0200,2025-10-01,08:50:00,-1.627,48.093,35238,35,Rennes,Rennes Métropole,France,1,C,14973,18,OUI
59691928,10ab3ad3090d2e59bea66a07d41d162580137da6942ea16235bb753473e17522,2025-10-01T10:40:00+0200,2025-10-01,08:40:00,-1.661,48.136,35238,35,Rennes,Rennes Métropole,France,2025-10-01T10:40:00+0200,2025-10-01,09:10:00,-1.259,48.075,35338,35,Torcé,Communauté d'agglomération Vitré Communauté,France,1,C,36750,33,OUI
59691876,0180f5cd8667e07e371cfc1426e0382881b69c90a37abaee6a1aa0feae39d329,2025-10-01T10:40:00+0200,2025-10-01,08:40:00,-1.706,48.019,35363,35,Pont-Péan,Rennes Métropole,France,2025-10-01T10:40:00+0200,2025-10-01,08:50:00,-1.736,48.053,35047,35,Bruz,Rennes Métropole,France,1,C,8341,9,OUI
59696702,62cd2d8d6fdf5e365c92119bbf4b173b9ec2b607ea1e6651b3bf2e9d1514ffc6,2025-10-01T10:40:00+0200,2025-10-01,08:40:00,-1.768,48.147,35210,35,Pacé,Rennes Métropole,France,2025-10-01T10:40:00+0200,2025-10-01,08:50:00,-1.697,48.154,35278,35,Saint-Grégoire,Rennes Métropole,France,1,C,7077,9,OUI
59691987,c1ec32ddae5604e663d1d10a1bfba69a92035912cc3659c2f88219f5eb0938ae,2025-10-01T10:40:00+0200,2025-10-01,08:40:00,-1.665,48.107,35238,35,Rennes,Rennes Métropole,France,2025-10-01T10:40:00+0200,2025-10-01,09:00:00,-1.581,48.114,35051,35,Cesson-Sévigné,Rennes Métropole,France,1,C,7689,15,OUI
59692070,63fb047d8842fef9a49ee21bfd58e05d956a294b8a5601aa001118419cb4be75,2025-10-01T10:50:00+0200,2025-10-01,08:50:00,-1.672,48.086,35238,35,Rennes,Rennes Métropole,France,2025-10-01T10:50:00+0200,2025-10-01,09:10:00,-1.527,48.114,35207,35,Noyal-sur-Vilaine,Communauté de communes Pays de Châteaugiron Communauté,France,1,C,14458,16,OUI
59719474,96f39310dc460a503cde5b4a2b465d929d6b188d47f2ce424f3101ff0fa95294,2025-10-01T12:50:00+0200,2025-10-01,10:50:00,-1.577,48.150,35334,35,Thorigné-Fouillard,Rennes Métropole,France,2025-10-01T12:50:00+0200,2025-10-01,11:00:00,-1.415,48.102,35068,35,Châteaubourg,Communauté d'agglomération Vitré Communauté,France,1,C,17031,12,OUI
59697886,1447c8056ff6b012b9e4e80bdf3a01dfc345c5dab482ddd305699fde53660051,2025-10-01T14:00:00+0200,2025-10-01,12:00:00,-1.728,48.189,35059,35,La Chapelle-des-Fougeretz,Rennes Métropole,France,2025-10-01T14:00:00+0200,2025-10-01,12:30:00,-1.614,48.259,35251,35,Saint-Aubin-d'Aubigné,Communauté de communes Val d'Ille-Aubigné,France,1,C,19275,23,OUI
59697989,4bd3c7fbfbba0af655192281a9c2799c30a38ae6cbc338b0df77884b11a0af46,2025-10-01T14:10:00+0200,2025-10-01,12:10:00,-1.674,48.101,35238,35,Rennes,Rennes Métropole,France,2025-10-01T14:10:00+0200,2025-10-01,12:50:00,-1.311,48.081,35087,35,Cornillé,Communauté d'agglomération Vitré Communauté,France,1,C,30478,34,OUI
59698268,605127e05e8ef1b4cc8c1bfc03de702ee7638591494bc79d54c7b1b1e11d21e2,2025-10-01T14:20:00+0200,2025-10-01,12:20:00,-1.624,48.131,35051,35,Cesson-Sévigné,Rennes Métropole,France,2025-10-01T14:20:00+0200,2025-10-01,12:30:00,-1.688,48.137,35278,35,Saint-Grégoire,Rennes Métropole,France,1,C,8062,10,OUI
59698072,8649daeb60358f15eb0dc0c39fe6b39a19d0d2763247633a2fb9b33a9740edb5,2025-10-01T14:20:00+0200,2025-10-01,12:20:00,-1.659,48.123,35238,35,Rennes,Rennes Métropole,France,2025-10-01T14:20:00+0200,2025-10-01,12:40:00,-1.496,48.226,35152,35,Liffré,Communauté de communes Liffré-Cormier Communauté,France,1,C,18403,20,OUI
59698350,ee1c6d6f7a6832843c93da554353e089cc1ca5c9af84b4e2a5e0fb1afec870ed,2025-10-01T14:30:00+0200,2025-10-01,12:30:00,-1.659,48.085,35238,35,Rennes,Rennes Métropole,France,2025-10-01T14:30:00+0200,2025-10-01,13:00:00,-1.496,48.226,35152,35,Liffré,Communauté de communes Liffré-Cormier Communauté,France,1,C,26766,29,OUI
59698192,8649daeb60358f15eb0dc0c39fe6b39a19d0d2763247633a2fb9b33a9740edb5,2025-10-01T14:30:00+0200,2025-10-01,12:30:00,-1.659,48.123,35238,35,Rennes,Rennes Métropole,France,2025-10-01T14:30:00+0200,2025-10-01,12:50:00,-1.496,48.226,35152,35,Liffré,Communauté de communes Liffré-Cormier Communauté,France,1,C,18403,20,OUI
59699299,41ae09a4d5ecd35fdebcff74cf3abe75babfff558cfd3de6a3f77ecb4b6554dd,2025-10-01T14:30:00+0200,2025-10-01,12:30:00,-1.620,48.131,35051,35,Cesson-Sévigné,Rennes Métropole,France,2025-10-01T14:30:00+0200,2025-10-01,12:50:00,-1.496,48.226,35152,35,Liffré,Communauté de communes Liffré-Cormier Communauté,France,1,C,16133,16,OUI
59698263,41ae09a4d5ecd35fdebcff74cf3abe75babfff558cfd3de6a3f77ecb4b6554dd,2025-10-01T14:30:00+0200,2025-10-01,12:30:00,-1.620,48.131,35051,35,Cesson-Sévigné,Rennes Métropole,France,2025-10-01T14:30:00+0200,2025-10-01,12:50:00,-1.496,48.226,35152,35,Liffré,Communauté de communes Liffré-Cormier Communauté,France,1,C,16133,16,OUI
59698264,41ae09a4d5ecd35fdebcff74cf3abe75babfff558cfd3de6a3f77ecb4b6554dd,2025-10-01T14:30:00+0200,2025-10-01,12:30:00,-1.620,48.131,35051,35,Cesson-Sévigné,Rennes Métropole,France,2025-10-01T14:30:00+0200,2025-10-01,12:50:00,-1.496,48.226,35152,35,Liffré,Communauté de communes Liffré-Cormier Communauté,France,1,C,16133,16,OUI
59698307,ee1c6d6f7a6832843c93da554353e089cc1ca5c9af84b4e2a5e0fb1afec870ed,2025-10-01T14:30:00+0200,2025-10-01,12:30:00,-1.643,48.086,35238,35,Rennes,Rennes Métropole,France,2025-10-01T14:30:00+0200,2025-10-01,13:00:00,-1.496,48.226,35152,35,Liffré,Communauté de communes Liffré-Cormier Communauté,France,1,C,25291,24,OUI
59699322,a781140dafb59eaa40e14487232a29968d37869a7e8398d91b5f5c0de8bc89d2,2025-10-01T14:40:00+0200,2025-10-01,12:40:00,-1.771,48.154,35210,35,Pacé,Rennes Métropole,France,2025-10-01T14:40:00+0200,2025-10-01,13:10:00,-1.511,48.207,35152,35,Liffré,Communauté de communes Liffré-Cormier Communauté,France,1,B,26116,25,OUI
59699572,2c0da42b15992f24852bb0d4ca159f309b3e5cef37c285917e16f6f5b2e2179a,2025-10-01T15:20:00+0200,2025-10-01,13:20:00,-1.618,48.091,35055,35,Chantepie,Rennes Métropole,France,2025-10-01T15:20:00+0200,2025-10-01,13:30:00,-1.520,48.109,35207,35,Noyal-sur-Vilaine,Communauté de communes Pays de Châteaugiron Communauté,France,1,B,9271,10,OUI
59699629,2c0da42b15992f24852bb0d4ca159f309b3e5cef37c285917e16f6f5b2e2179a,2025-10-01T15:20:00+0200,2025-10-01,13:20:00,-1.707,48.042,35066,35,Chartres-de-Bretagne,Rennes Métropole,France,2025-10-01T15:20:00+0200,2025-10-01,13:40:00,-1.520,48.109,35207,35,Noyal-sur-Vilaine,Communauté de communes Pays de Châteaugiron Communauté,France,1,C,19518,21,OUI
59699679,e2f6dfd04cb979f71e6db7f32d188019e54c119b26de606872cffceceb5db685,2025-10-01T15:20:00+0200,2025-10-01,13:20:00,-1.706,48.116,35238,35,Rennes,Rennes Métropole,France,2025-10-01T15:20:00+0200,2025-10-01,13:50:00,-1.520,48.109,35207,35,Noyal-sur-Vilaine,Communauté de communes Pays de Châteaugiron Communauté,France,1,B,21297,22,OUI
59699719,2c0da42b15992f24852bb0d4ca159f309b3e5cef37c285917e16f6f5b2e2179a,2025-10-01T15:30:00+0200,2025-10-01,13:30:00,-1.707,48.042,35066,35,Chartres-de-Bretagne,Rennes Métropole,France,2025-10-01T15:30:00+0200,2025-10-01,13:50:00,-1.520,48.109,35207,35,Noyal-sur-Vilaine,Communauté de communes Pays de Châteaugiron Communauté,France,1,C,19541,21,OUI
59699893,7e189a456260b50cd6572979d8c10c15379d52ae216b2a41fcb00d7b8cadd3d6,2025-10-01T15:40:00+0200,2025-10-01,13:40:00,-1.588,48.112,35051,35,Cesson-Sévigné,Rennes Métropole,France,2025-10-01T15:40:00+0200,2025-10-01,14:10:00,-1.195,48.069,35109,35,Étrelles,Communauté d'agglomération Vitré Communauté,France,1,C,30884,25,OUI
59700798,7e189a456260b50cd6572979d8c10c15379d52ae216b2a41fcb00d7b8cadd3d6,2025-10-01T15:40:00+0200,2025-10-01,13:40:00,-1.588,48.112,35051,35,Cesson-Sévigné,Rennes Métropole,France,2025-10-01T15:40:00+0200,2025-10-01,14:10:00,-1.195,48.069,35109,35,Étrelles,Communauté d'agglomération Vitré Communauté,France,1,C,30884,25,OUI
59716788,148a4b3f793566109895b6f4fb8f360d52485f24c6c8566b0d8d2035f1ec41d3,2025-10-01T16:10:00+0200,2025-10-01,14:10:00,-1.721,48.107,35238,35,Rennes,Rennes Métropole,France,2025-10-01T16:10:00+0200,2025-10-01,15:00:00,-2.544,47.964,56091,56,Josselin,Ploërmel Communauté,France,1,C,63527,53,OUI
59701094,da7fbc0af3893c3352c4c54df017de579636ac9044bb4d788eb1b433a80c8c4a,2025-10-01T16:30:00+0200,2025-10-01,14:30:00,-1.506,48.108,35039,35,Brécé,Rennes Métropole,France,2025-10-01T16:30:00+0200,2025-10-01,15:10:00,-1.304,47.956,35359,35,Visseiche,Communauté d'agglomération Vitré Communauté,France,1,C,34194,34,OUI
59701872,24957242adb73b28d8b6b98fba48acf33d8cc8d4c9c61c8746778a627ee99449,2025-10-01T16:50:00+0200,2025-10-01,14:50:00,-1.760,48.019,35047,35,Bruz,Rennes Métropole,France,2025-10-01T16:50:00+0200,2025-10-01,15:30:00,-1.458,48.102,35327,35,Servon-sur-Vilaine,Communauté de communes Pays de Châteaugiron Communauté,France,1,C,31215,31,OUI
59701903,24957242adb73b28d8b6b98fba48acf33d8cc8d4c9c61c8746778a627ee99449,2025-10-01T17:00:00+0200,2025-10-01,15:00:00,-1.760,48.019,35047,35,Bruz,Rennes Métropole,France,2025-10-01T17:00:00+0200,2025-10-01,15:40:00,-1.458,48.102,35327,35,Servon-sur-Vilaine,Communauté de communes Pays de Châteaugiron Communauté,France,1,C,31215,31,OUI
59702024,b91e2e5fef9e675e98698b591d90677c72ddc2e37a9061fe720926bc641c5b80,2025-10-01T17:30:00+0200,2025-10-01,15:30:00,-1.693,48.135,35278,35,Saint-Grégoire,Rennes Métropole,France,2025-10-01T17:30:00+0200,2025-10-01,16:00:00,-1.941,48.175,35023,35,Bédée,Communauté de communes Montfort Communauté,France,1,C,22636,20,OUI
59702411,d0ad6ef92c64128155b41350eac7444e20214f165e9246e94dbc60c70901ca4a,2025-10-01T18:00:00+0200,2025-10-01,16:00:00,-1.740,48.046,35047,35,Bruz,Rennes Métropole,France,2025-10-01T18:00:00+0200,2025-10-01,16:20:00,-1.847,48.073,35196,35,Mordelles,Rennes Métropole,France,1,C,10550,12,OUI
59706842,af5f299ecb062f0487e03a75f4090f4a1ab81dcadb1b78ca16e14871575ab1bd,2025-10-01T18:10:00+0200,2025-10-01,16:10:00,-1.688,48.103,35238,35,Rennes,Rennes Métropole,France,2025-10-01T18:10:00+0200,2025-10-01,16:40:00,-1.940,47.929,35057,35,La Chapelle-Bouëxic,Communauté de communes Vallons de Haute-Bretagne Communauté,France,1,C,30055,33,OUI
59703588,ea89334f7174690b5cd2a12e14602036c9f3c05960d44ffb18ccd43c5a0ed50f,2025-10-01T18:10:00+0200,2025-10-01,16:10:00,-1.723,48.099,35238,35,Rennes,Rennes Métropole,France,2025-10-01T18:10:00+0200,2025-10-01,16:50:00,-1.294,48.273,35282,35,Rives-du-Couesnon,Communauté d'agglomération Fougères Agglomération,France,1,C,42953,39,OUI
59703551,74ca9b00a3fbb94fd3f5759c8f11ead15e159a78c34c3a7d2b85de89e06466b8,2025-10-01T18:20:00+0200,2025-10-01,16:20:00,-1.506,48.108,35039,35,Brécé,Rennes Métropole,France,2025-10-01T18:20:00+0200,2025-10-01,16:50:00,-1.304,47.956,35359,35,Visseiche,Communauté d'agglomération Vitré Communauté,France,1,C,34194,34,OUI
59703564,bfa136f16ae91f350b4996cc200910f51d86104d400c4648b783e6636bc4265b,2025-10-01T18:20:00+0200,2025-10-01,16:20:00,-1.739,48.055,35047,35,Bruz,Rennes Métropole,France,2025-10-01T18:20:00+0200,2025-10-01,16:40:00,-1.848,48.071,35196,35,Mordelles,Rennes Métropole,France,1,C,9154,10,OUI
59703630,dabe3588e04bc1abf7dcb9d8979cb109b12e560637764db80707c395c9eec147,2025-10-01T18:20:00+0200,2025-10-01,16:20:00,-1.675,48.112,35238,35,Rennes,Rennes Métropole,France,2025-10-01T18:20:00+0200,2025-10-01,17:20:00,-1.146,48.152,35300,35,Saint-M'Hervé,Communauté d'agglomération Vitré Communauté,France,1,C,49186,50,OUI
59703699,a756c2bdc3488919511249401ccdfa417c59418bd4ce9a1c7787604c6964e5e2,2025-10-01T18:30:00+0200,2025-10-01,16:30:00,-1.723,48.107,35238,35,Rennes,Rennes Métropole,France,2025-10-01T18:30:00+0200,2025-10-01,17:20:00,-2.400,47.951,56165,56,Ploërmel,Ploërmel Communauté,France,1,C,66952,54,OUI
59703722,a756c2bdc3488919511249401ccdfa417c59418bd4ce9a1c7787604c6964e5e2,2025-10-01T18:30:00+0200,2025-10-01,16:30:00,-1.723,48.107,35238,35,Rennes,Rennes Métropole,France,2025-10-01T18:30:00+0200,2025-10-01,17:20:00,-2.400,47.951,56165,56,Ploërmel,Ploërmel Communauté,France,1,C,66952,54,OUI
59705514,a756c2bdc3488919511249401ccdfa417c59418bd4ce9a1c7787604c6964e5e2,2025-10-01T18:30:00+0200,2025-10-01,16:30:00,-1.723,48.107,35238,35,Rennes,Rennes Métropole,France,2025-10-01T18:30:00+0200,2025-10-01,17:20:00,-2.400,47.951,56165,56,Ploërmel,Ploërmel Communauté,France,1,C,66952,54,OUI
59704448,0ccc9d42967ad8974c89446567e01cc259e17bdf126c43e9308c7b1c4194f62b,2025-10-01T18:40:00+0200,2025-10-01,16:40:00,-1.600,48.126,35051,35,Cesson-Sévigné,Rennes Métropole,France,2025-10-01T18:40:00+0200,2025-10-01,17:00:00,-1.697,48.213,35173,35,Melesse,Communauté de communes Val d'Ille-Aubigné,France,1,C,16167,21,OUI
59704032,0f6e58bfa31a59fca22d2874967d2bfb3c1fe16cc56862762d86b64ed9d7c64f,2025-10-01T18:40:00+0200,2025-10-01,16:40:00,-1.647,48.113,35238,35,Rennes,Rennes Métropole,France,2025-10-01T18:40:00+0200,2025-10-01,17:00:00,-1.495,48.219,35152,35,Liffré,Communauté de communes Liffré-Cormier Communauté,France,1,C,18476,19,OUI
59705888,af226eee3e3b6d899a1ebad0ec1be5555196466c6c3b809a66f1d2d13fd89875,2025-10-01T18:50:00+0200,2025-10-01,16:50:00,-1.760,48.033,35047,35,Bruz,Rennes Métropole,France,2025-10-01T18:50:00+0200,2025-10-01,17:20:00,-1.916,48.142,35040,35,Breteil,Communauté de communes Montfort Communauté,France,1,C,28325,29,OUI
59704716,9dd080089da59802748197ad556cfe92c1602295d4d47de3959ac04494a00879,2025-10-01T18:50:00+0200,2025-10-01,16:50:00,-1.795,48.099,35240,35,Le Rheu,Rennes Métropole,France,2025-10-01T18:50:00+0200,2025-10-01,17:00:00,-1.768,48.147,35210,35,Pacé,Rennes Métropole,France,1,B,6830,11,OUI
59705675,8eba6d1e5305e8029b2b5383f7ca8545ac3b735d701ab788dc151f502881eb72,2025-10-01T18:50:00+0200,2025-10-01,16:50:00,-1.738,48.052,35047,35,Bruz,Rennes Métropole,France,2025-10-01T18:50:00+0200,2025-10-01,17:40:00,-2.362,47.919,56165,56,Ploërmel,Ploërmel Communauté,France,1,C,57809,45,OUI
59704216,5716f9e540b5126fb4fb829b8b8457c97eca095b3be6dfdcde438eb30e5653f9,2025-10-01T18:50:00+0200,2025-10-01,16:50:00,-1.750,48.029,35047,35,Bruz,Rennes Métropole,France,2025-10-01T18:50:00+0200,2025-10-01,17:20:00,-2.009,47.906,35168,35,Val d'Anast,Communauté de communes Vallons de Haute-Bretagne Communauté,France,1,C,26083,31,OUI
59705844,56d3b1515fa20657c96d30d8af8ab77f8dd1fce615b271dd5ac534a257b66eb9,2025-10-01T18:50:00+0200,2025-10-01,16:50:00,-1.734,48.030,35047,35,Bruz,Rennes Métropole,France,2025-10-01T18:50:00+0200,2025-10-01,17:00:00,-1.639,48.092,35238,35,Rennes,Rennes Métropole,France,1,C,12571,15,OUI
59705870,5716f9e540b5126fb4fb829b8b8457c97eca095b3be6dfdcde438eb30e5653f9,2025-10-01T18:50:00+0200,2025-10-01,16:50:00,-1.750,48.029,35047,35,Bruz,Rennes Métropole,France,2025-10-01T18:50:00+0200,2025-10-01,17:30:00,-2.123,47.909,56075,56,Guer,Communauté de communes de l'Oust à Brocéliande,France,1,C,43777,39,OUI
59704265,5716f9e540b5126fb4fb829b8b8457c97eca095b3be6dfdcde438eb30e5653f9,2025-10-01T18:50:00+0200,2025-10-01,16:50:00,-1.750,48.029,35047,35,Bruz,Rennes Métropole,France,2025-10-01T18:50:00+0200,2025-10-01,17:20:00,-2.009,47.906,35168,35,Val d'Anast,Communauté de communes Vallons de Haute-Bretagne Communauté,France,1,C,26083,31,OUI
59704281,b959ebcb46357c09d12d66924cf4edbd20c4f0be0d741f9d05c55a38e25d5ceb,2025-10-01T18:50:00+0200,2025-10-01,16:50:00,-1.704,48.119,35238,35,Rennes,Rennes Métropole,France,2025-10-01T18:50:00+0200,2025-10-01,17:10:00,-1.921,48.174,35227,35,Pleumeleuc,Communauté de communes Montfort Communauté,France,1,C,19211,17,OUI
59706700,aae26206ebc259571ade159a1fb73bcd80f94e447ffbaf2336d797407912e03c,2025-10-01T19:00:00+0200,2025-10-01,17:00:00,-1.741,48.044,35047,35,Bruz,Rennes Métropole,France,2025-10-01T19:00:00+0200,2025-10-01,17:10:00,-1.798,48.096,35240,35,Le Rheu,Rennes Métropole,France,1,C,9814,12,OUI
59706323,759ea151a291388617d749f1c0d0ef3a0f6f4b8a4fe8b6a6839ebd3ddd31d478,2025-10-01T19:00:00+0200,2025-10-01,17:00:00,-1.628,48.123,35238,35,Rennes,Rennes Métropole,France,2025-10-01T19:00:00+0200,2025-10-01,17:20:00,-1.505,48.213,35152,35,Liffré,Communauté de communes Liffré-Cormier Communauté,France,1,C,14997,16,OUI
59706339,6b1b6b612a8c54b712ecb744d67cb6ab1cd702c734e197f679ff2acb85081239,2025-10-01T19:00:00+0200,2025-10-01,17:00:00,-1.691,48.037,35066,35,Chartres-de-Bretagne,Rennes Métropole,France,2025-10-01T19:00:00+0200,2025-10-01,17:20:00,-1.677,48.130,35238,35,Rennes,Rennes Métropole,France,1,C,14587,19,OUI
59706236,e314a171102066fa51e73b336cec4322c60d49a928c2de3887028e423ce22433,2025-10-01T19:00:00+0200,2025-10-01,17:00:00,-1.674,48.129,35238,35,Rennes,Rennes Métropole,France,2025-10-01T19:00:00+0200,2025-10-01,17:50:00,-1.307,48.174,35347,35,Val-d'Izé,Communauté d'agglomération Vitré Communauté,France,1,C,42046,42,OUI
59706141,e723d75f432c2620e35a1359e67e81dbf471aae070b2f8d9e3345edcc95471b2,2025-10-01T19:00:00+0200,2025-10-01,17:00:00,-1.745,47.992,35047,35,Bruz,Rennes Métropole,France,2025-10-01T19:00:00+0200,2025-10-01,17:50:00,-1.363,48.116,35283,35,Saint-Jean-sur-Vilaine,Communauté d'agglomération Vitré Communauté,France,1,C,40563,41,OUI
59710121,6e60293130ce1c884700049392185aa604ede77ada8e4620384b3753c42aa6ff,2025-10-01T19:00:00+0200,2025-10-01,17:00:00,-1.643,48.097,35238,35,Rennes,Rennes Métropole,France,2025-10-01T19:00:00+0200,2025-10-01,17:50:00,-2.172,48.188,35297,35,Saint-Méen-le-Grand,Communauté de communes de Saint-Méen Montauban,France,1,C,49598,41,OUI
59706330,977cec77c5486e5e99f9e0e78ce3f0cab44f4d3b1505637d706cc0c8929226d1,2025-10-01T19:00:00+0200,2025-10-01,17:00:00,-1.743,48.050,35047,35,Bruz,Rennes Métropole,France,2025-10-01T19:00:00+0200,2025-10-01,17:20:00,-1.666,47.937,35090,35,Crevin,Communauté de communes Bretagne porte de Loire Communauté,France,1,C,17765,16,OUI
59706260,206fc34c006bc46c874225da619f20d5134bf4b005008db7496242425cfb0c90,2025-10-01T19:00:00+0200,2025-10-01,17:00:00,-1.728,48.189,35059,35,La Chapelle-des-Fougeretz,Rennes Métropole,France,2025-10-01T19:00:00+0200,2025-10-01,17:30:00,-1.898,48.312,35017,35,La Baussaine,Communauté de communes Bretagne Romantique,France,1,C,23020,22,OUI
59704475,36640e7dd5b95d248090e3371816b6d1fe73b805ada09ef776e2a21f07e5786a,2025-10-01T19:00:00+0200,2025-10-01,17:00:00,-1.778,48.093,35240,35,Le Rheu,Rennes Métropole,France,2025-10-01T19:00:00+0200,2025-10-01,17:20:00,-1.739,48.055,35047,35,Bruz,Rennes Métropole,France,1,C,8173,11,OUI
59704728,c4f3a1c3c06d8e700d365e5cf7c4570e25b2038d361d70783f87e8a04d6a4ce3,2025-10-01T19:10:00+0200,2025-10-01,17:10:00,-1.622,48.135,35051,35,Cesson-Sévigné,Rennes Métropole,France,2025-10-01T19:10:00+0200,2025-10-01,17:20:00,-1.688,48.160,35278,35,Saint-Grégoire,Rennes Métropole,France,1,C,8805,10,OUI
59704737,2567d26366105e8b15b98ab48bea99885d9570d623c1486851aeb4050059be0d,2025-10-01T19:10:00+0200,2025-10-01,17:10:00,-1.697,48.154,35278,35,Saint-Grégoire,Rennes Métropole,France,2025-10-01T19:10:00+0200,2025-10-01,17:30:00,-1.795,48.099,35240,35,Le Rheu,Rennes Métropole,France,1,C,13346,19,OUI
59709510,549ca06d0787cfe9e90bf8ba1594cf9bfe63d73d80e64682e2d8bf5a831dcad4,2025-10-01T19:10:00+0200,2025-10-01,17:10:00,-1.306,48.333,35310,35,Saint-Sauveur-des-Landes,Communauté d'agglomération Fougères Agglomération,France,2025-10-01T19:10:00+0200,2025-10-01,17:20:00,-1.218,48.365,35150,35,Lécousse,Communauté d'agglomération Fougères Agglomération,France,1,C,9579,11,NON
59706211,eca0b29d23ae1153709ec15b21b3e3bfe23d4d9fbe258f33a5ee10aa47ab6b3d,2025-10-01T19:10:00+0200,2025-10-01,17:10:00,-1.710,48.108,35238,35,Rennes,Rennes Métropole,France,2025-10-01T19:10:00+0200,2025-10-01,17:50:00,-1.312,48.399,35257,35,Maen Roch,Communauté de communes Couesnon Marches de Bretagne,France,1,C,51294,38,OUI
59706589,90a0f151611ad2dbfac0a67dc3b39624a33f0b6871dd0834e32c4d5f58efbd5b,2025-10-01T19:10:00+0200,2025-10-01,17:10:00,-1.705,48.093,35281,35,Saint-Jacques-de-la-Lande,Rennes Métropole,France,2025-10-01T19:10:00+0200,2025-10-01,17:40:00,-1.376,48.093,35264,35,Saint-Didier,Communauté d'agglomération Vitré Communauté,France,1,C,28748,27,OUI
59706663,c2a11a8868edbb9824515321c76c43d095406bde3a3e7c1aef3f824594281aa8,2025-10-01T19:10:00+0200,2025-10-01,17:10:00,-1.707,48.105,35238,35,Rennes,Rennes Métropole,France,2025-10-01T19:10:00+0200,2025-10-01,17:40:00,-1.373,48.093,35264,35,Saint-Didier,Communauté d'agglomération Vitré Communauté,France,1,B,30556,29,OUI
59710167,425616b8c039515d66bd2cba14dc4a2c5a2dd00d35c16209f8fd25b4c651cce8,2025-10-01T19:10:00+0200,2025-10-01,17:10:00,-1.739,48.052,35047,35,Bruz,Rennes Métropole,France,2025-10-01T19:10:00+0200,2025-10-01,18:00:00,-1.208,48.355,35115,35,Fougères,Communauté d'agglomération Fougères Agglomération,France,1,B,58546,49,OUI
59706112,22430ee7d3d285cecc7c4ab86d949d4194910b7bd3af0e501dba72178c7f2d49,2025-10-01T19:10:00+0200,2025-10-01,17:10:00,-1.739,47.996,35047,35,Bruz,Rennes Métropole,France,2025-10-01T19:10:00+0200,2025-10-01,17:40:00,-1.405,48.109,35068,35,Châteaubourg,Communauté d'agglomération Vitré Communauté,France,1,C,34627,34,OUI
59706605,b88ff0c8906c27632714a22e2a7f84346a97335f994bf8bdab3142c52ee380c3,2025-10-01T19:10:00+0200,2025-10-01,17:10:00,-1.623,48.133,35051,35,Cesson-Sévigné,Rennes Métropole,France,2025-10-01T19:10:00+0200,2025-10-01,18:00:00,-1.063,48.317,35062,35,La Chapelle-Fleurigné,Communauté d'agglomération Fougères Agglomération,France,1,C,54815,46,OUI
59706628,22430ee7d3d285cecc7c4ab86d949d4194910b7bd3af0e501dba72178c7f2d49,2025-10-01T19:10:00+0200,2025-10-01,17:10:00,-1.742,47.994,35047,35,Bruz,Rennes Métropole,France,2025-10-01T19:10:00+0200,2025-10-01,17:30:00,-1.614,48.107,35051,35,Cesson-Sévigné,Rennes Métropole,France,1,C,19623,22,OUI
59707004,203530875e0257b917136850b9b181d128e9d6abd4dcab9c1d5fe3e06fe0763d,2025-10-01T19:10:00+0200,2025-10-01,17:10:00,-1.692,48.038,35066,35,Chartres-de-Bretagne,Rennes Métropole,France,2025-10-01T19:10:00+0200,2025-10-01,17:30:00,-1.582,48.006,35250,35,Saint-Armel,Rennes Métropole,France,1,C,13241,17,OUI
59704745,3281dcb1174dd87ea287c94a832b8bf28cf0914a0aacfbd11319882a10e733f0,2025-10-01T19:10:00+0200,2025-10-01,17:10:00,-1.697,48.154,35278,35,Saint-Grégoire,Rennes Métropole,France,2025-10-01T19:10:00+0200,2025-10-01,17:30:00,-1.795,48.099,35240,35,Le Rheu,Rennes Métropole,France,1,C,13346,19,OUI
59706759,0c775170bf8028e3003fa17e37a8cfac9df06db3ee509a0c59b2314385d229f3,2025-10-01T19:10:00+0200,2025-10-01,17:10:00,-1.486,48.105,35039,35,Brécé,Rennes Métropole,France,2025-10-01T19:10:00+0200,2025-10-01,17:50:00,-1.138,48.111,35105,35,Erbrée,Communauté d'agglomération Vitré Communauté,France,1,C,30318,31,OUI
59706881,eca0b29d23ae1153709ec15b21b3e3bfe23d4d9fbe258f33a5ee10aa47ab6b3d,2025-10-01T19:10:00+0200,2025-10-01,17:10:00,-1.695,48.137,35278,35,Saint-Grégoire,Rennes Métropole,France,2025-10-01T19:10:00+0200,2025-10-01,18:10:00,-1.273,48.480,35111,35,Le Ferré,Communauté d'agglomération Fougères Agglomération,France,1,B,62278,51,OUI
59706829,ae4ddf03b6a28d276b70f78c8a59b57e621b4b3e0049d4f9bf9f33163b0bbc63,2025-10-01T19:10:00+0200,2025-10-01,17:10:00,-1.582,48.113,35051,35,Cesson-Sévigné,Rennes Métropole,France,2025-10-01T19:10:00+0200,2025-10-01,17:50:00,-2.036,48.196,35184,35,Montauban-de-Bretagne,Communauté de communes de Saint-Méen Montauban,France,1,C,42743,37,OUI
59706133,239483b4aea11057aa87505821814101e5582dfa097398e05cb084fb4d6be1b7,2025-10-01T19:10:00+0200,2025-10-01,17:10:00,-1.693,48.124,35238,35,Rennes,Rennes Métropole,France,2025-10-01T19:10:00+0200,2025-10-01,17:40:00,-1.852,48.324,35337,35,Tinténiac,Communauté de communes Bretagne Romantique,France,1,C,26638,22,OUI
59710205,425616b8c039515d66bd2cba14dc4a2c5a2dd00d35c16209f8fd25b4c651cce8,2025-10-01T19:10:00+0200,2025-10-01,17:10:00,-1.739,48.052,35047,35,Bruz,Rennes Métropole,France,2025-10-01T19:10:00+0200,2025-10-01,18:00:00,-1.290,48.342,35243,35,Romagné,Communauté d'agglomération Fougères Agglomération,France,1,C,51860,42,OUI
59706101,fc11e7ae5cb2d8bc6732616b39084444f9a565a99a77255a2e0c23ef9f55a608,2025-10-01T19:20:00+0200,2025-10-01,17:20:00,-1.717,48.067,35281,35,Saint-Jacques-de-la-Lande,Rennes Métropole,France,2025-10-01T19:20:00+0200,2025-10-01,17:50:00,-1.987,47.891,35168,35,Val d'Anast,Communauté de communes Vallons de Haute-Bretagne Communauté,France,1,C,36218,31,OUI
59706380,1480b3eaf78848c531f67d9d320a031c21d3df617bed59681edbe4d47af359d8,2025-10-01T19:20:00+0200,2025-10-01,17:20:00,-1.686,48.127,35238,35,Rennes,Rennes Métropole,France,2025-10-01T19:20:00+0200,2025-10-01,17:40:00,-1.413,48.259,35253,35,Saint-Aubin-du-Cormier,Communauté de communes Liffré-Cormier Communauté,France,1,C,28465,23,OUI
59706764,0db7cd9e5a38702c562c7842916b1d1d10e68cad444dd5e754b656c827a84807,2025-10-01T19:20:00+0200,2025-10-01,17:20:00,-1.703,48.121,35238,35,Rennes,Rennes Métropole,France,2025-10-01T19:20:00+0200,2025-10-01,18:10:00,-1.923,48.565,35306,35,Saint-Père-Marc-en-Poulet,Communauté d'agglomération du Pays de Saint Malo Agglomération,France,1,C,57153,45,OUI
59706043,23068569f767106f862f73f769cad92b038544685375351eabeea281824815c5,2025-10-01T19:20:00+0200,2025-10-01,17:20:00,-1.713,48.118,35238,35,Rennes,Rennes Métropole,France,2025-10-01T19:20:00+0200,2025-10-01,17:40:00,-2.047,48.205,35184,35,Montauban-de-Bretagne,Communauté de communes de Saint-Méen Montauban,France,1,C,28152,22,OUI
59707046,3e8f5603d0a28b949cf9afe3c6059a94ed08a68e91ebc57f3fd636c85e7e8acd,2025-10-01T19:20:00+0200,2025-10-01,17:20:00,-1.621,48.062,35352,35,Vern-sur-Seiche,Rennes Métropole,France,2025-10-01T19:20:00+0200,2025-10-01,17:40:00,-1.497,47.960,35136,35,Janzé,Communauté de communes Roche aux Fées Communauté,France,1,C,17063,16,OUI
59710227,502eedee90c79a78fd0c1e72df2630beb3365eccb5e70197d5741ab597ff13b5,2025-10-01T19:20:00+0200,2025-10-01,17:20:00,-1.710,48.126,35238,35,Rennes,Rennes Métropole,France,2025-10-01T19:20:00+0200,2025-10-01,17:40:00,-1.797,47.969,35126,35,Guichen,Communauté de communes Vallons de Haute-Bretagne Communauté,France,1,C,23424,25,OUI
59707022,dedc8644b7d5ce76509438b4f6174a549cd5dba5bcb98e5fcc36e835dffc5b0a,2025-10-01T19:20:00+0200,2025-10-01,17:20:00,-1.723,48.108,35238,35,Rennes,Rennes Métropole,France,2025-10-01T19:20:00+0200,2025-10-01,18:00:00,-1.226,48.351,35150,35,Lécousse,Communauté d'agglomération Fougères Agglomération,France,1,C,50868,40,OUI
59706992,b3c5dc0a09fcb10823a853503e4b2eb83e759514a8140e9fbcdd5f7d63c82207,2025-10-01T19:20:00+0200,2025-10-01,17:20:00,-1.628,48.133,35051,35,Cesson-Sévigné,Rennes Métropole,France,2025-10-01T19:20:00+0200,2025-10-01,17:40:00,-1.503,48.266,35107,35,Ercé-près-Liffré,Communauté de communes Liffré-Cormier Communauté,France,1,C,21294,24,OUI
59707151,0b7c7eb5916791add1bd1b62ae5064824433c4810265ed795f1bf678b359b214,2025-10-01T19:20:00+0200,2025-10-01,17:20:00,-1.789,48.091,35240,35,Le Rheu,Rennes Métropole,France,2025-10-01T19:20:00+0200,2025-10-01,17:40:00,-1.659,47.932,35090,35,Crevin,Communauté de communes Bretagne porte de Loire Communauté,France,1,C,25424,24,OUI
59710335,3146c1e1a76187115af81052e33597c4cedb3e655ab34286486276b4247641b8,2025-10-01T19:20:00+0200,2025-10-01,17:20:00,-1.704,48.121,35238,35,Rennes,Rennes Métropole,France,2025-10-01T19:20:00+0200,2025-10-01,18:20:00,-2.385,47.926,56165,56,Ploërmel,Ploërmel Communauté,France,1,C,65960,54,OUI
59707270,059e88f220b4f732217246e745fe4d75a56884710e63dd632e17422c6d6b2af8,2025-10-01T19:20:00+0200,2025-10-01,17:20:00,-1.622,48.135,35051,35,Cesson-Sévigné,Rennes Métropole,France,2025-10-01T19:20:00+0200,2025-10-01,17:40:00,-1.490,48.219,35152,35,Liffré,Communauté de communes Liffré-Cormier Communauté,France,1,C,15256,13,OUI
59710339,3146c1e1a76187115af81052e33597c4cedb3e655ab34286486276b4247641b8,2025-10-01T19:20:00+0200,2025-10-01,17:20:00,-1.744,48.050,35047,35,Bruz,Rennes Métropole,France,2025-10-01T19:20:00+0200,2025-10-01,18:00:00,-2.131,47.942,56075,56,Guer,Communauté de communes de l'Oust à Brocéliande,France,1,C,40722,35,OUI
59707333,aae26206ebc259571ade159a1fb73bcd80f94e447ffbaf2336d797407912e03c,2025-10-01T19:20:00+0200,2025-10-01,17:20:00,-1.743,48.043,35047,35,Bruz,Rennes Métropole,France,2025-10-01T19:20:00+0200,2025-10-01,17:40:00,-1.797,48.101,35240,35,Le Rheu,Rennes Métropole,France,1,C,10404,13,OUI
59707291,1afc3b9ce81609c025b3b5db00fbcc7be9490c8e9b4c1887331661ea53be27d4,2025-10-01T19:20:00+0200,2025-10-01,17:20:00,-1.700,48.116,35238,35,Rennes,Rennes Métropole,France,2025-10-01T19:20:00+0200,2025-10-01,17:50:00,-1.476,48.225,35152,35,Liffré,Communauté de communes Liffré-Cormier Communauté,France,1,C,25231,24,OUI
59707338,90850375d2f3ec26ccbc7dcbaaa133cf369d0213f202f641f6462f957243401a,2025-10-01T19:20:00+0200,2025-10-01,17:20:00,-1.627,48.128,35051,35,Cesson-Sévigné,Rennes Métropole,France,2025-10-01T19:20:00+0200,2025-10-01,17:40:00,-1.524,48.058,35099,35,Domloup,Communauté de communes Pays de Châteaugiron Communauté,France,1,A,15265,20,OUI
59707117,5f227d13e1ab2510c7eceb7fa0d43082baf9a054e70e48d62964719e453cf2df,2025-10-01T19:20:00+0200,2025-10-01,17:20:00,-1.636,48.094,35238,35,Rennes,Rennes Métropole,France,2025-10-01T19:20:00+0200,2025-10-01,18:00:00,-1.234,48.352,35150,35,Lécousse,Communauté d'agglomération Fougères Agglomération,France,1,C,47957,36,OUI
59704740,2c37df01cdc87512b8ada506a1cb389ad082c0a4a07f8d15b216e1973603ab66,2025-10-01T19:30:00+0200,2025-10-01,17:30:00,-1.770,48.146,35210,35,Pacé,Rennes Métropole,France,2025-10-01T19:30:00+0200,2025-10-01,17:40:00,-1.795,48.099,35240,35,Le Rheu,Rennes Métropole,France,1,B,6846,10,OUI
59715248,b68bc3460708f5dc5561bbfc6af7842574cfd70257986c1a5d5b12212b8fe5b6,2025-10-01T19:30:00+0200,2025-10-01,17:30:00,-1.697,48.154,35278,35,Saint-Grégoire,Rennes Métropole,France,2025-10-01T19:30:00+0200,2025-10-01,17:50:00,-1.795,48.099,35240,35,Le Rheu,Rennes Métropole,France,1,C,13346,19,OUI
59706804,57318366144959a943c1a32f9fe44693a3c34c87443cde7e31eeeca6d99013c5,2025-10-01T19:30:00+0200,2025-10-01,17:30:00,-1.696,48.154,35278,35,Saint-Grégoire,Rennes Métropole,France,2025-10-01T19:30:00+0200,2025-10-01,17:40:00,-1.800,48.288,35317,35,Saint-Symphorien,Communauté de communes Val d'Ille-Aubigné,France,1,B,17358,13,OUI
59707419,ef2c115a9ae2a911a2a4030423482156b398be3fe6ffa168570f756ff0df183f,2025-10-01T19:30:00+0200,2025-10-01,17:30:00,-1.762,48.140,35210,35,Pacé,Rennes Métropole,France,2025-10-01T19:30:00+0200,2025-10-01,18:00:00,-1.874,48.365,35265,35,Saint-Domineuc,Communauté de communes Bretagne Romantique,France,1,C,32981,27,OUI
59707905,a0f920faebd8ae9ffcada865d2ea069fa48c2e34092296c2ace601fc9623f832,2025-10-01T19:30:00+0200,2025-10-01,17:30:00,-1.745,48.045,35047,35,Bruz,Rennes Métropole,France,2025-10-01T19:30:00+0200,2025-10-01,17:40:00,-1.713,48.118,35238,35,Rennes,Rennes Métropole,France,1,C,10519,13,OUI
59707446,1afc3b9ce81609c025b3b5db00fbcc7be9490c8e9b4c1887331661ea53be27d4,2025-10-01T19:30:00+0200,2025-10-01,17:30:00,-1.697,48.117,35238,35,Rennes,Rennes Métropole,France,2025-10-01T19:30:00+0200,2025-10-01,17:50:00,-1.487,48.217,35152,35,Liffré,Communauté de communes Liffré-Cormier Communauté,France,1,C,24375,23,OUI
59707097,ebd4596f0ffa5cd7582e684f5e7a8ef5583152611157ea4391b4f910063a8db1,2025-10-01T19:30:00+0200,2025-10-01,17:30:00,-1.701,48.055,35206,35,Noyal-Châtillon-sur-Seiche,Rennes Métropole,France,2025-10-01T19:30:00+0200,2025-10-01,18:00:00,-2.097,48.002,35223,35,Plélan-le-Grand,Communauté de communes Brocéliande Communauté,France,1,C,33092,29,OUI
59707452,4350805b56bde580ca6a1574b2d70c779ad280f62c9f7370424a0a1edf101a46,2025-10-01T19:30:00+0200,2025-10-01,17:30:00,-1.734,48.075,35281,35,Saint-Jacques-de-la-Lande,Rennes Métropole,France,2025-10-01T19:30:00+0200,2025-10-01,17:40:00,-1.874,48.059,35037,35,Bréal-sous-Montfort,Communauté de communes Brocéliande Communauté,France,1,C,13599,15,OUI
59707390,3df44c1bba7cf9f0b2bf44911da1554baf083190de4c9637614190084dc35a46,2025-10-01T19:30:00+0200,2025-10-01,17:30:00,-1.620,48.131,35051,35,Cesson-Sévigné,Rennes Métropole,France,2025-10-01T19:30:00+0200,2025-10-01,18:10:00,-1.198,48.353,35115,35,Fougères,Communauté d'agglomération Fougères Agglomération,France,1,C,45080,36,OUI
59715215,46ac2082655df9d3f3d151d37f27ea795e8d8a71be856c66e355cc1d5141198e,2025-10-01T19:30:00+0200,2025-10-01,17:30:00,-1.697,48.154,35278,35,Saint-Grégoire,Rennes Métropole,France,2025-10-01T19:30:00+0200,2025-10-01,17:50:00,-1.795,48.099,35240,35,Le Rheu,Rennes Métropole,France,1,C,13346,19,OUI
59710245,11c703755b9450872856ec0b2f7dc444d36da1f4e4e8aae06fe02b04b2a1780c,2025-10-01T19:30:00+0200,2025-10-01,17:30:00,-1.628,48.140,35051,35,Cesson-Sévigné,Rennes Métropole,France,2025-10-01T19:30:00+0200,2025-10-01,18:00:00,-1.234,48.352,35150,35,Lécousse,Communauté d'agglomération Fougères Agglomération,France,1,C,39483,28,OUI
59707611,7e7735c89bbc66f577b4866887f6409b01c3f8626acda9d7a09cde1194c21746,2025-10-01T19:30:00+0200,2025-10-01,17:30:00,-1.633,48.123,35238,35,Rennes,Rennes Métropole,France,2025-10-01T19:30:00+0200,2025-10-01,17:50:00,-1.728,48.173,35059,35,La Chapelle-des-Fougeretz,Rennes Métropole,France,1,C,14234,19,OUI
59710586,789fee2513c4d67d86620ff1b6f032c562c0772c1e25f096cb94421c9c4d8b54,2025-10-01T19:30:00+0200,2025-10-01,17:30:00,-1.582,48.114,35051,35,Cesson-Sévigné,Rennes Métropole,France,2025-10-01T19:30:00+0200,2025-10-01,18:30:00,-1.364,47.718,44036,44,Châteaubriant,Communauté de communes Châteaubriant-Derval,France,1,C,61455,56,OUI
59707751,82d14de6cfdc3c97cfbe0c45ec594d6325c4234ee58f0905e12c081b5f090dc7,2025-10-01T19:30:00+0200,2025-10-01,17:30:00,-1.742,47.987,35047,35,Bruz,Rennes Métropole,France,2025-10-01T19:30:00+0200,2025-10-01,18:00:00,-1.579,48.140,35334,35,Thorigné-Fouillard,Rennes Métropole,France,1,C,26484,29,OUI
59715262,46ac2082655df9d3f3d151d37f27ea795e8d8a71be856c66e355cc1d5141198e,2025-10-01T19:40:00+0200,2025-10-01,17:40:00,-1.622,48.135,35051,35,Cesson-Sévigné,Rennes Métropole,France,2025-10-01T19:40:00+0200,2025-10-01,18:00:00,-1.770,48.146,35210,35,Pacé,Rennes Métropole,France,1,C,17219,21,OUI
59715219,46ac2082655df9d3f3d151d37f27ea795e8d8a71be856c66e355cc1d5141198e,2025-10-01T19:40:00+0200,2025-10-01,17:40:00,-1.622,48.135,35051,35,Cesson-Sévigné,Rennes Métropole,France,2025-10-01T19:40:00+0200,2025-10-01,17:50:00,-1.697,48.154,35278,35,Saint-Grégoire,Rennes Métropole,France,1,B,10719,13,OUI
59715189,b68bc3460708f5dc5561bbfc6af7842574cfd70257986c1a5d5b12212b8fe5b6,2025-10-01T19:40:00+0200,2025-10-01,17:40:00,-1.697,48.154,35278,35,Saint-Grégoire,Rennes Métropole,France,2025-10-01T19:40:00+0200,2025-10-01,18:00:00,-1.795,48.099,35240,35,Le Rheu,Rennes Métropole,France,1,C,13346,19,OUI
59706877,4013af7182d041de475190dc38c65b79f2314da103dcfbaf31383dea95eda34f,2025-10-01T19:40:00+0200,2025-10-01,17:40:00,-1.623,48.130,35051,35,Cesson-Sévigné,Rennes Métropole,France,2025-10-01T19:40:00+0200,2025-10-01,18:00:00,-1.508,48.056,35069,35,Châteaugiron,Communauté de communes Pays de Châteaugiron Communauté,France,1,C,16838,20,OUI
59707658,71bdc319028024af4280dd88a42b294908967283cfb6b58e8317be13e8cd1722,2025-10-01T19:40:00+0200,2025-10-01,17:40:00,-1.616,48.063,35352,35,Vern-sur-Seiche,Rennes Métropole,France,2025-10-01T19:40:00+0200,2025-10-01,17:50:00,-1.508,47.961,35136,35,Janzé,Communauté de communes Roche aux Fées Communauté,France,1,C,15954,14,OUI
59707286,6c8e92db3493347d8df682a237e3509810c346776fd364523f60ce2858c7e977,2025-10-01T19:40:00+0200,2025-10-01,17:40:00,-1.733,48.123,35353,35,Vezin-le-Coquet,Rennes Métropole,France,2025-10-01T19:40:00+0200,2025-10-01,18:10:00,-2.153,48.294,22032,22,Caulnes,Communauté d'agglomération Dinan Agglomération,France,1,C,40404,32,OUI
59707550,fabd3ad144c3e3a73211727ede873fd7097ca603bfd8e8853a5a5ba918b18fa6,2025-10-01T19:40:00+0200,2025-10-01,17:40:00,-1.628,48.140,35051,35,Cesson-Sévigné,Rennes Métropole,France,2025-10-01T19:40:00+0200,2025-10-01,17:50:00,-1.605,48.257,35251,35,Saint-Aubin-d'Aubigné,Communauté de communes Val d'Ille-Aubigné,France,1,C,14013,12,OUI
59707853,88663e9d25c8eac3a2218777ce80bcbc2286fcab76a67be9fa599dba6beedd0c,2025-10-01T19:40:00+0200,2025-10-01,17:40:00,-1.631,48.090,35238,35,Rennes,Rennes Métropole,France,2025-10-01T19:40:00+0200,2025-10-01,18:30:00,-2.052,47.939,35168,35,Val d'Anast,Communauté de communes Vallons de Haute-Bretagne Communauté,France,1,C,49739,50,OUI
59710666,35a3554061de44d23853df6279c0c9acad42481d959ce91eda055b25ee4d1a43,2025-10-01T19:40:00+0200,2025-10-01,17:40:00,-1.682,48.102,35238,35,Rennes,Rennes Métropole,France,2025-10-01T19:40:00+0200,2025-10-01,18:20:00,-1.841,47.824,35176,35,Guipry-Messac,Communauté de communes Vallons de Haute-Bretagne Communauté,France,1,C,38187,36,OUI
59707556,aab7e58fc3d514789f6bcbe7b0433786ae3f299e2856e055e062336d7f0ffe91,2025-10-01T19:40:00+0200,2025-10-01,17:40:00,-1.847,48.073,35196,35,Mordelles,Rennes Métropole,France,2025-10-01T19:40:00+0200,2025-10-01,18:00:00,-2.085,48.003,35223,35,Plélan-le-Grand,Communauté de communes Brocéliande Communauté,France,1,C,20122,16,OUI
59715238,c6fcc5c460d82e176d3d966d48a22d40fb24bcae2ace192a08a5600033120ffd,2025-10-01T19:40:00+0200,2025-10-01,17:40:00,-1.622,48.135,35051,35,Cesson-Sévigné,Rennes Métropole,France,2025-10-01T19:40:00+0200,2025-10-01,18:00:00,-1.770,48.146,35210,35,Pacé,Rennes Métropole,France,1,B,17219,21,OUI
59710702,df30a65248b10c7626e39b31db096c7e504f5a3b95f8bc0a342f015f02726e9b,2025-10-01T19:40:00+0200,2025-10-01,17:40:00,-1.499,47.958,35136,35,Janzé,Communauté de communes Roche aux Fées Communauté,France,2025-10-01T19:40:00+0200,2025-10-01,18:00:00,-1.494,48.040,35069,35,Châteaugiron,Communauté de communes Pays de Châteaugiron Communauté,France,1,C,10915,14,NON
59708012,174b2182365d3d3b832dfb8cc7d08e89e86768e0be986fe803161b9dc8c62755,2025-10-01T19:40:00+0200,2025-10-01,17:40:00,-1.649,48.113,35238,35,Rennes,Rennes Métropole,France,2025-10-01T19:40:00+0200,2025-10-01,18:00:00,-1.523,48.061,35099,35,Domloup,Communauté de communes Pays de Châteaugiron Communauté,France,1,C,14034,20,OUI
59707950,1a3fd32329d57b8735b04544d1fd3d4dd8b5da1529761371a3e7bf28786d7d2a,2025-10-01T19:40:00+0200,2025-10-01,17:40:00,-1.631,48.118,35051,35,Cesson-Sévigné,Rennes Métropole,France,2025-10-01T19:40:00+0200,2025-10-01,18:10:00,-1.843,48.076,35196,35,Mordelles,Rennes Métropole,France,1,C,24643,28,OUI
59710703,e748d673eb31d8136bd7a60c81fdab5f05cf38fe60b0ba727ad174148e18bf5d,2025-10-01T19:40:00+0200,2025-10-01,17:40:00,-1.631,48.090,35238,35,Rennes,Rennes Métropole,France,2025-10-01T19:40:00+0200,2025-10-01,18:30:00,-1.736,47.688,44123,44,Pierric,Communauté d'agglomération Redon Agglomération,France,1,C,50688,44,OUI
59708081,e7254e1ed233445cbd4de8e793b0925eec5f3583101c89ec0638a95a2912e0e5,2025-10-01T19:50:00+0200,2025-10-01,17:50:00,-1.707,48.093,35281,35,Saint-Jacques-de-la-Lande,Rennes Métropole,France,2025-10-01T19:50:00+0200,2025-10-01,18:00:00,-1.661,48.032,35206,35,Noyal-Châtillon-sur-Seiche,Rennes Métropole,France,1,C,11243,14,OUI
59710795,a830475bab7705a68333887ed00ae4c51b3eefb6d8ff206e527d9dc1ca178adc,2025-10-01T19:50:00+0200,2025-10-01,17:50:00,-1.624,48.112,35051,35,Cesson-Sévigné,Rennes Métropole,France,2025-10-01T19:50:00+0200,2025-10-01,18:10:00,-1.721,47.978,35139,35,Laillé,Rennes Métropole,France,1,C,21946,22,OUI
59710801,12a11aae0363ca37c6081d3e088d8cdc3087c670418749ce4096d9327df52ee9,2025-10-01T19:50:00+0200,2025-10-01,17:50:00,-1.628,48.126,35238,35,Rennes,Rennes Métropole,France,2025-10-01T19:50:00+0200,2025-10-01,18:10:00,-1.501,48.056,35069,35,Châteaugiron,Communauté de communes Pays de Châteaugiron Communauté,France,1,C,17342,20,OUI
59710888,474e3006cf6b836da065ac57e0a75fc8263b6194f266fb945ff7297c32e42482,2025-10-01T19:50:00+0200,2025-10-01,17:50:00,-1.703,48.069,35281,35,Saint-Jacques-de-la-Lande,Rennes Métropole,France,2025-10-01T19:50:00+0200,2025-10-01,18:10:00,-1.775,47.998,35126,35,Guichen,Communauté de communes Vallons de Haute-Bretagne Communauté,France,1,C,12397,15,OUI
59710910,3a3600f0456b8f3330e04c62e505fcfd1728f385ac22d6cd7c5e06cb341ae6c9,2025-10-01T19:50:00+0200,2025-10-01,17:50:00,-1.699,48.114,35238,35,Rennes,Rennes Métropole,France,2025-10-01T19:50:00+0200,2025-10-01,18:30:00,-2.155,48.284,22032,22,Caulnes,Communauté d'agglomération Dinan Agglomération,France,1,C,42396,35,OUI
59708195,174b2182365d3d3b832dfb8cc7d08e89e86768e0be986fe803161b9dc8c62755,2025-10-01T19:50:00+0200,2025-10-01,17:50:00,-1.602,48.113,35051,35,Cesson-Sévigné,Rennes Métropole,France,2025-10-01T19:50:00+0200,2025-10-01,18:10:00,-1.517,48.062,35099,35,Domloup,Communauté de communes Pays de Châteaugiron Communauté,France,1,C,12594,16,OUI
59713280,b775002e0a20c12cf65f63f539e1ef02bed71bc4c098692f4b6c2f76dc19dc44,2025-10-01T19:50:00+0200,2025-10-01,17:50:00,-1.751,48.028,35047,35,Bruz,Rennes Métropole,France,2025-10-01T19:50:00+0200,2025-10-01,18:10:00,-1.856,47.925,35127,35,Guignen,Communauté de communes Vallons de Haute-Bretagne Communauté,France,1,C,16945,12,OUI
59710984,20f126923646bb22d9356f4f23b25f658ac49310f7c6bad4317b297bd442b496,2025-10-01T19:50:00+0200,2025-10-01,17:50:00,-1.667,48.117,35238,35,Rennes,Rennes Métropole,France,2025-10-01T19:50:00+0200,2025-10-01,18:20:00,-1.703,47.998,35139,35,Laillé,Rennes Métropole,France,1,C,17208,23,OUI
59715232,0a11f174a0b06fd8bc0a823dec5953f5ac98beb75609e11f50e369e7feb6a18a,2025-10-01T20:00:00+0200,2025-10-01,18:00:00,-1.688,48.160,35278,35,Saint-Grégoire,Rennes Métropole,France,2025-10-01T20:00:00+0200,2025-10-01,18:20:00,-1.795,48.099,35240,35,Le Rheu,Rennes Métropole,France,1,C,15260,22,OUI
59708485,320170f91d6e46c7e10371e6517c465e3fdf34c4134c15d860dd2c567449ecc9,2025-10-01T20:00:00+0200,2025-10-01,18:00:00,-1.684,48.130,35238,35,Rennes,Rennes Métropole,France,2025-10-01T20:00:00+0200,2025-10-01,18:20:00,-1.848,48.325,35337,35,Tinténiac,Communauté de communes Bretagne Romantique,France,1,C,26414,22,OUI
59708311,625b600c0407ff269bedbc0079d90e5e3d0acc1e0ea6f99de9e3af3c0eebe61d,2025-10-01T20:00:00+0200,2025-10-01,18:00:00,-1.774,48.142,35210,35,Pacé,Rennes Métropole,France,2025-10-01T20:00:00+0200,2025-10-01,18:20:00,-1.784,48.248,35356,35,Vignoc,Communauté de communes Val d'Ille-Aubigné,France,1,C,19723,19,OUI
59710955,3a3600f0456b8f3330e04c62e505fcfd1728f385ac22d6cd7c5e06cb341ae6c9,2025-10-01T20:00:00+0200,2025-10-01,18:00:00,-1.674,48.111,35238,35,Rennes,Rennes Métropole,France,2025-10-01T20:00:00+0200,2025-10-01,18:40:00,-2.155,48.284,22032,22,Caulnes,Communauté d'agglomération Dinan Agglomération,France,1,C,45234,42,OUI
59710996,3a3600f0456b8f3330e04c62e505fcfd1728f385ac22d6cd7c5e06cb341ae6c9,2025-10-01T20:00:00+0200,2025-10-01,18:00:00,-1.674,48.111,35238,35,Rennes,Rennes Métropole,France,2025-10-01T20:00:00+0200,2025-10-01,18:40:00,-2.155,48.284,22032,22,Caulnes,Communauté d'agglomération Dinan Agglomération,France,1,C,45234,42,OUI
59713488,eed140758be6b7b2ea1d4a9e4e2886d58db8472ca770e068a8accca4b644b1b9,2025-10-01T20:00:00+0200,2025-10-01,18:00:00,-1.834,48.070,35196,35,Mordelles,Rennes Métropole,France,2025-10-01T20:00:00+0200,2025-10-01,18:20:00,-1.753,48.032,35047,35,Bruz,Rennes Métropole,France,1,C,9915,12,OUI
59711329,0a86ed9eda88f08bd741686dd38d6c12dc2fb25f920c43f990d47aba1f7e3ce2,2025-10-01T20:00:00+0200,2025-10-01,18:00:00,-1.627,48.093,35238,35,Rennes,Rennes Métropole,France,2025-10-01T20:00:00+0200,2025-10-01,18:20:00,-1.755,48.035,35047,35,Bruz,Rennes Métropole,France,1,C,15876,18,OUI
59710948,3c6a64b0cabce3e0caa0a9ace6ef1cde6df0a542c944e29e4e6034472cc8e33c,2025-10-01T20:00:00+0200,2025-10-01,18:00:00,-1.693,48.135,35278,35,Saint-Grégoire,Rennes Métropole,France,2025-10-01T20:00:00+0200,2025-10-01,18:40:00,-1.202,48.346,35115,35,Fougères,Communauté d'agglomération Fougères Agglomération,France,1,C,48786,39,OUI
59711061,26f6e0c36eabbe12b4a72af12bbf27c0013172d23ca85bfa67d5abc33183ec2e,2025-10-01T20:00:00+0200,2025-10-01,18:00:00,-1.626,48.126,35051,35,Cesson-Sévigné,Rennes Métropole,France,2025-10-01T20:00:00+0200,2025-10-01,18:30:00,-1.519,48.041,35099,35,Domloup,Communauté de communes Pays de Châteaugiron Communauté,France,1,C,18601,21,OUI
59711236,56e853f98458fe6c2fddb306509fdfe26188291b99717e9a881d80bf7a2e9203,2025-10-01T20:00:00+0200,2025-10-01,18:00:00,-1.673,48.087,35238,35,Rennes,Rennes Métropole,France,2025-10-01T20:00:00+0200,2025-10-01,18:20:00,-1.505,48.049,35069,35,Châteaugiron,Communauté de communes Pays de Châteaugiron Communauté,France,1,C,16279,19,OUI
59708404,93e02c25de869046974f33c32cf46b51181d1ace6268955c0e0ffc330d883487,2025-10-01T20:00:00+0200,2025-10-01,18:00:00,-1.600,48.057,35352,35,Vern-sur-Seiche,Rennes Métropole,France,2025-10-01T20:00:00+0200,2025-10-01,18:10:00,-1.643,48.087,35238,35,Rennes,Rennes Métropole,France,1,C,5382,7,OUI
59715187,d54d58829665c604515925d0249a2ef52f6fed0483f0ce094ba0568833537a81,2025-10-01T20:10:00+0200,2025-10-01,18:10:00,-1.795,48.099,35240,35,Le Rheu,Rennes Métropole,France,2025-10-01T20:10:00+0200,2025-10-01,18:20:00,-1.768,48.147,35210,35,Pacé,Rennes Métropole,France,1,C,6830,11,OUI
59708445,7a45f10f2a64ca2b84d7da672f1e88e3e82a04ec6c1264138a98e05d03028a92,2025-10-01T20:10:00+0200,2025-10-01,18:10:00,-1.736,48.053,35047,35,Bruz,Rennes Métropole,France,2025-10-01T20:10:00+0200,2025-10-01,18:20:00,-1.706,48.019,35363,35,Pont-Péan,Rennes Métropole,France,1,C,5992,8,OUI
59708416,1d4f34d0108ca96a972c82c6a95af9c2edfb615f28a26becb48147eaded2c93d,2025-10-01T20:10:00+0200,2025-10-01,18:10:00,-1.622,48.134,35051,35,Cesson-Sévigné,Rennes Métropole,France,2025-10-01T20:10:00+0200,2025-10-01,18:20:00,-1.704,48.150,35189,35,Montgermont,Rennes Métropole,France,1,C,8513,9,OUI
59711077,0c469e4abb51a271bbed857061db0a53ff95b99550cad6eea981d8a0b1e4799d,2025-10-01T20:10:00+0200,2025-10-01,18:10:00,-1.609,48.108,35051,35,Cesson-Sévigné,Rennes Métropole,France,2025-10-01T20:10:00+0200,2025-10-01,18:20:00,-1.614,48.046,35352,35,Vern-sur-Seiche,Rennes Métropole,France,1,C,11138,12,OUI
59711199,1de917f1a905005b0028a10c12f87e1c67f15adaa1589f79d9d39b632fe4a41b,2025-10-01T20:10:00+0200,2025-10-01,18:10:00,-1.631,48.102,35238,35,Rennes,Rennes Métropole,France,2025-10-01T20:10:00+0200,2025-10-01,18:50:00,-1.198,48.353,35115,35,Fougères,Communauté d'agglomération Fougères Agglomération,France,1,C,52274,43,OUI
59715280,0d6a88ddf454c276c757781a875c41fd98e4af7744b1c403928b4c13b8dbd02a,2025-10-01T20:10:00+0200,2025-10-01,18:10:00,-1.622,48.135,35051,35,Cesson-Sévigné,Rennes Métropole,France,2025-10-01T20:10:00+0200,2025-10-01,18:40:00,-1.795,48.099,35240,35,Le Rheu,Rennes Métropole,France,1,C,24065,32,OUI
59715286,0a11f174a0b06fd8bc0a823dec5953f5ac98beb75609e11f50e369e7feb6a18a,2025-10-01T20:10:00+0200,2025-10-01,18:10:00,-1.697,48.154,35278,35,Saint-Grégoire,Rennes Métropole,France,2025-10-01T20:10:00+0200,2025-10-01,18:30:00,-1.795,48.099,35240,35,Le Rheu,Rennes Métropole,France,1,C,13346,19,OUI
59711602,3e85a3cd8c426560e829d4b4d7e7f32726f16a75950b02922fde65ebaa35c55d,2025-10-01T20:10:00+0200,2025-10-01,18:10:00,-1.741,48.104,35353,35,Vezin-le-Coquet,Rennes Métropole,France,2025-10-01T20:10:00+0200,2025-10-01,18:20:00,-1.849,48.071,35196,35,Mordelles,Rennes Métropole,France,1,C,10006,10,OUI
59711689,ed52305cf406f04eeefb6243594b6069d895cf44a66780dccceba9aca84a11a8,2025-10-01T20:10:00+0200,2025-10-01,18:10:00,-1.714,48.108,35238,35,Rennes,Rennes Métropole,France,2025-10-01T20:10:00+0200,2025-10-01,18:50:00,-1.912,48.447,35308,35,Mesnil-Roc'h,Communauté de communes Bretagne Romantique,France,1,C,44214,36,OUI
59711772,64a3f45e1c9f0d75b17156b7e8991f54695e12dd43447d91cb05227c7efc35f1,2025-10-01T20:20:00+0200,2025-10-01,18:20:00,-1.693,48.121,35238,35,Rennes,Rennes Métropole,France,2025-10-01T20:20:00+0200,2025-10-01,19:10:00,-1.214,48.118,35360,35,Vitré,Communauté d'agglomération Vitré Communauté,France,1,C,45928,46,OUI
59711770,27645b25eb9e8f89032f9a0a766e1f89c2620f01042ddf0852ab1625ebf0df1e,2025-10-01T20:20:00+0200,2025-10-01,18:20:00,-1.688,48.124,35238,35,Rennes,Rennes Métropole,France,2025-10-01T20:20:00+0200,2025-10-01,19:00:00,-1.409,48.364,35292,35,Saint-Marc-le-Blanc,Communauté de communes Couesnon Marches de Bretagne,France,1,C,42584,42,OUI
59711791,fc2bd3904b3f31c94e906028269918ea0b3d9832a450561cd7b4df9ed57f7706,2025-10-01T20:20:00+0200,2025-10-01,18:20:00,-1.581,48.114,35051,35,Cesson-Sévigné,Rennes Métropole,France,2025-10-01T20:20:00+0200,2025-10-01,18:40:00,-1.674,48.109,35238,35,Rennes,Rennes Métropole,France,1,C,9258,16,OUI
59711811,c943612bee1d6867fbf5dda065dffeb11e3da09fd34495bf43fdc1a02370d4e6,2025-10-01T20:20:00+0200,2025-10-01,18:20:00,-1.603,48.054,35352,35,Vern-sur-Seiche,Rennes Métropole,France,2025-10-01T20:20:00+0200,2025-10-01,18:40:00,-1.671,48.099,35238,35,Rennes,Rennes Métropole,France,1,C,9038,13,OUI
59711855,d69288c8582fa7bc43dbe15e8a9dfbbbe0e1802e89fa9c757f0eed9d5f73a27d,2025-10-01T20:20:00+0200,2025-10-01,18:20:00,-1.621,48.136,35051,35,Cesson-Sévigné,Rennes Métropole,France,2025-10-01T20:20:00+0200,2025-10-01,18:50:00,-1.829,48.322,35337,35,Tinténiac,Communauté de communes Bretagne Romantique,France,1,C,29697,26,OUI
59714170,b3cb16c59493116da4ce6f29269f4e3ddf425252c64eac3523a73b1a3ef1fb64,2025-10-01T20:30:00+0200,2025-10-01,18:30:00,-1.695,48.106,35238,35,Rennes,Rennes Métropole,France,2025-10-01T20:30:00+0200,2025-10-01,19:10:00,-1.536,48.332,35326,35,Sens-de-Bretagne,Communauté de communes Val d'Ille-Aubigné,France,1,C,36880,36,OUI
59712102,14a0260c357d13b19ba7cfd98485f883dd77455f0585f4436aab3f16fa1aace9,2025-10-01T20:30:00+0200,2025-10-01,18:30:00,-1.623,48.133,35051,35,Cesson-Sévigné,Rennes Métropole,France,2025-10-01T20:30:00+0200,2025-10-01,19:00:00,-1.525,48.062,35099,35,Domloup,Communauté de communes Pays de Châteaugiron Communauté,France,1,C,17165,21,OUI
59712045,14a0260c357d13b19ba7cfd98485f883dd77455f0585f4436aab3f16fa1aace9,2025-10-01T20:30:00+0200,2025-10-01,18:30:00,-1.623,48.133,35051,35,Cesson-Sévigné,Rennes Métropole,France,2025-10-01T20:30:00+0200,2025-10-01,19:00:00,-1.525,48.062,35099,35,Domloup,Communauté de communes Pays de Châteaugiron Communauté,France,1,C,17165,21,OUI
59712097,14a0260c357d13b19ba7cfd98485f883dd77455f0585f4436aab3f16fa1aace9,2025-10-01T20:30:00+0200,2025-10-01,18:30:00,-1.623,48.133,35051,35,Cesson-Sévigné,Rennes Métropole,France,2025-10-01T20:30:00+0200,2025-10-01,19:00:00,-1.525,48.062,35099,35,Domloup,Communauté de communes Pays de Châteaugiron Communauté,France,1,C,17165,21,OUI
59711999,47033881dd41568afc9574004cb2d03690d4fdfa2e540ce29aae68c4f7d4558e,2025-10-01T20:50:00+0200,2025-10-01,18:50:00,-1.622,48.137,35051,35,Cesson-Sévigné,Rennes Métropole,France,2025-10-01T20:50:00+0200,2025-10-01,19:20:00,-1.924,48.413,35225,35,Plesder,Communauté de communes Bretagne Romantique,France,1,C,42125,34,OUI
59714949,43fe2e7aaed1ed92081108b236d92825a54bfd439c09b1f11831a99684fd610f,2025-10-01T21:50:00+0200,2025-10-01,19:50:00,-1.692,48.118,35238,35,Rennes,Rennes Métropole,France,2025-10-01T21:50:00+0200,2025-10-01,20:10:00,-1.921,48.175,35227,35,Pleumeleuc,Communauté de communes Montfort Communauté,France,1,C,21635,20,OUI
59716028,80eca424080b3ed5f39d3172758f30e9a0315bb62ead1015c93174e8abb5bc5f,2025-10-01T22:00:00+0200,2025-10-01,20:00:00,-1.653,48.083,35238,35,Rennes,Rennes Métropole,France,2025-10-01T22:00:00+0200,2025-10-01,20:30:00,-1.866,48.047,35037,35,Bréal-sous-Montfort,Communauté de communes Brocéliande Communauté,France,1,C,24809,28,OUI
59716014,d7df7f6d43cb8f96dceb0fe281f2201374d925fb5705059afcdf113b917e8ff2,2025-10-01T22:00:00+0200,2025-10-01,20:00:00,-1.506,48.108,35039,35,Brécé,Rennes Métropole,France,2025-10-01T22:00:00+0200,2025-10-01,20:40:00,-1.252,47.946,35125,35,La Guerche-de-Bretagne,Communauté d'agglomération Vitré Communauté,France,1,C,36566,36,OUI
59716109,e171a88168371f0460729c6388e71125954e22b27ff8fb4909d66785b81c57ba,2025-10-01T22:10:00+0200,2025-10-01,20:10:00,-1.695,48.137,35278,35,Saint-Grégoire,Rennes Métropole,France,2025-10-01T22:10:00+0200,2025-10-01,20:50:00,-1.864,48.405,35226,35,Pleugueneuc,Communauté de communes Bretagne Romantique,France,1,C,39411,35,OUI
59716208,b934a3e9f9a2f5a7f9c4c60b35cecae8a5828b3c2b0675b1b98db513ecea441a,2025-10-01T22:20:00+0200,2025-10-01,20:20:00,-1.693,48.134,35278,35,Saint-Grégoire,Rennes Métropole,France,2025-10-01T22:20:00+0200,2025-10-01,20:50:00,-1.416,48.097,35068,35,Châteaubourg,Communauté d'agglomération Vitré Communauté,France,1,C,25339,25,OUI
59717272,0c048e26f5c1d0e42c6cdad1c36cc7598371c9e947ac6cc1c3214d76f5259772,2025-10-01T22:30:00+0200,2025-10-01,20:30:00,-1.749,48.027,35047,35,Bruz,Rennes Métropole,France,2025-10-01T22:30:00+0200,2025-10-01,20:40:00,-1.713,48.108,35238,35,Rennes,Rennes Métropole,France,1,C,11671,14,OUI
59717277,64a1f336c84e0ab9fd055ab909a97b76b616b982c2893acb291e52072d05f68b,2025-10-01T22:30:00+0200,2025-10-01,20:30:00,-1.692,48.118,35238,35,Rennes,Rennes Métropole,France,2025-10-01T22:30:00+0200,2025-10-01,21:00:00,-1.499,48.209,35152,35,Liffré,Communauté de communes Liffré-Cormier Communauté,France,1,C,21273,22,OUI
59718249,802dc9e96e386ae65cbc4373f85575e736f14f998e875c37c94ab41038f1734b,2025-10-01T23:30:00+0200,2025-10-01,21:30:00,-1.765,48.158,35210,35,Pacé,Rennes Métropole,France,2025-10-01T23:30:00+0200,2025-10-01,22:20:00,-1.963,48.465,22299,22,Saint-Hélen,Communauté d'agglomération Dinan Agglomération,France,1,B,50923,46,OUI
59717607,21a13a1ccaf1ca34d92a9dd060416e1e922c6f77cccaa106a1c5dc4b0a75c25e,2025-10-01T23:30:00+0200,2025-10-01,21:30:00,-1.254,47.922,35235,35,Rannée,Communauté d'agglomération Vitré Communauté,France,2025-10-01T23:30:00+0200,2025-10-01,21:50:00,-1.194,48.069,35109,35,Étrelles,Communauté d'agglomération Vitré Communauté,France,1,C,19542,23,OUI
59718344,69a576641a1c2b6e9406bb42e2f96a6aac6c2e34ed21ad01ce1b0c5479ce933e,2025-10-02T00:10:00+0200,2025-10-01,22:10:00,-1.707,48.042,35066,35,Chartres-de-Bretagne,Rennes Métropole,France,2025-10-02T00:10:00+0200,2025-10-01,22:40:00,-1.520,48.109,35207,35,Noyal-sur-Vilaine,Communauté de communes Pays de Châteaugiron Communauté,France,1,C,19554,21,OUI
59718435,2a4909228182cf8a5552933023ac4ad509288998b534bf52e1811ba2a5da051b,2025-10-02T00:30:00+0200,2025-10-01,22:30:00,-1.690,48.089,35238,35,Rennes,Rennes Métropole,France,2025-10-02T00:30:00+0200,2025-10-01,23:10:00,-1.200,48.046,35109,35,Étrelles,Communauté d'agglomération Vitré Communauté,France,1,C,42586,37,OUI
59719886,67c71aac8ba680690c6716f9b9a6d5128983772db40e0a20689f533a9337cad2,2025-10-02T06:30:00+0200,2025-10-02,04:30:00,-1.686,48.126,35238,35,Rennes,Rennes Métropole,France,2025-10-02T06:30:00+0200,2025-10-02,05:00:00,-1.460,48.102,35327,35,Servon-sur-Vilaine,Communauté de communes Pays de Châteaugiron Communauté,France,1,C,23128,22,OUI
59719966,67c71aac8ba680690c6716f9b9a6d5128983772db40e0a20689f533a9337cad2,2025-10-02T06:40:00+0200,2025-10-02,04:40:00,-1.681,48.124,35238,35,Rennes,Rennes Métropole,France,2025-10-02T06:40:00+0200,2025-10-02,05:10:00,-1.458,48.102,35327,35,Servon-sur-Vilaine,Communauté de communes Pays de Châteaugiron Communauté,France,1,C,23665,24,OUI
59720045,fce8096bb1da4e8c0706225f784d8400c16c100909daf4ba9c756fc23f28b4be,2025-10-02T07:00:00+0200,2025-10-02,05:00:00,-1.655,48.090,35238,35,Rennes,Rennes Métropole,France,2025-10-02T07:00:00+0200,2025-10-02,05:30:00,-1.496,48.226,35152,35,Liffré,Communauté de communes Liffré-Cormier Communauté,France,1,C,26638,28,OUI
59720047,fce8096bb1da4e8c0706225f784d8400c16c100909daf4ba9c756fc23f28b4be,2025-10-02T07:00:00+0200,2025-10-02,05:00:00,-1.657,48.091,35238,35,Rennes,Rennes Métropole,France,2025-10-02T07:00:00+0200,2025-10-02,05:30:00,-1.496,48.226,35152,35,Liffré,Communauté de communes Liffré-Cormier Communauté,France,1,C,25990,28,OUI
59720446,476bb3c3dd18de77020b9dd1cc814213682c1e13642c3f6c99f3a6e2d0f94cb5,2025-10-02T07:10:00+0200,2025-10-02,05:10:00,-1.697,48.113,35238,35,Rennes,Rennes Métropole,France,2025-10-02T07:10:00+0200,2025-10-02,05:40:00,-1.496,48.226,35152,35,Liffré,Communauté de communes Liffré-Cormier Communauté,France,1,C,24701,24,OUI
59721470,bc633e58a5a2d62a293d72deab4ebabe14d3e3dbf661b4bab578381a10a8fe0e,2025-10-02T07:30:00+0200,2025-10-02,05:30:00,-1.626,48.089,35055,35,Chantepie,Rennes Métropole,France,2025-10-02T07:30:00+0200,2025-10-02,06:00:00,-1.195,48.069,35109,35,Étrelles,Communauté d'agglomération Vitré Communauté,France,1,C,35201,30,OUI
59721459,bc633e58a5a2d62a293d72deab4ebabe14d3e3dbf661b4bab578381a10a8fe0e,2025-10-02T07:30:00+0200,2025-10-02,05:30:00,-1.625,48.089,35055,35,Chantepie,Rennes Métropole,France,2025-10-02T07:30:00+0200,2025-10-02,06:00:00,-1.195,48.069,35109,35,Étrelles,Communauté d'agglomération Vitré Communauté,France,1,C,34653,29,OUI
59720655,bc633e58a5a2d62a293d72deab4ebabe14d3e3dbf661b4bab578381a10a8fe0e,2025-10-02T07:30:00+0200,2025-10-02,05:30:00,-1.626,48.089,35055,35,Chantepie,Rennes Métropole,France,2025-10-02T07:30:00+0200,2025-10-02,06:00:00,-1.195,48.069,35109,35,Étrelles,Communauté d'agglomération Vitré Communauté,France,1,C,35201,30,OUI
59723295,6b54922f5697069a7384e2c82fda210fae516341e27d80a1e8ce4d992a2f4e21,2025-10-02T08:20:00+0200,2025-10-02,06:20:00,-1.634,48.096,35238,35,Rennes,Rennes Métropole,France,2025-10-02T08:20:00+0200,2025-10-02,06:50:00,-1.189,48.116,35360,35,Vitré,Communauté d'agglomération Vitré Communauté,France,1,C,37210,34,OUI
59723448,55bb99f9b3d3635a056834a40cca91cfc7bcd1cfdd24166d8d7e4debd695e42c,2025-10-02T08:40:00+0200,2025-10-02,06:40:00,-1.697,48.089,35281,35,Saint-Jacques-de-la-Lande,Rennes Métropole,France,2025-10-02T08:40:00+0200,2025-10-02,07:10:00,-1.466,48.246,35121,35,Gosné,Communauté de communes Liffré-Cormier Communauté,France,1,C,31285,30,OUI
59723834,d29f96166e77254ceaed8d8c035f2a5d75958ed7ef867d660328cbf348d81823,2025-10-02T08:50:00+0200,2025-10-02,06:50:00,-1.710,48.045,35066,35,Chartres-de-Bretagne,Rennes Métropole,France,2025-10-02T08:50:00+0200,2025-10-02,07:40:00,-1.218,48.126,35360,35,Vitré,Communauté d'agglomération Vitré Communauté,France,1,C,47057,44,OUI
59722482,81991e7ce858aa7fecc8830c3d5a365324d4bfd5c6f58eb7e9b5527c7852acf3,2025-10-02T09:00:00+0200,2025-10-02,07:00:00,-1.641,48.093,35238,35,Rennes,Rennes Métropole,France,2025-10-02T09:00:00+0200,2025-10-02,07:20:00,-1.734,48.030,35047,35,Bruz,Rennes Métropole,France,1,C,13140,15,OUI
59724213,44597726403eb4525cbdfac59bc94893d1a496178c39e313b47b0f71f7156d60,2025-10-02T09:10:00+0200,2025-10-02,07:10:00,-1.234,48.352,35150,35,Lécousse,Communauté d'agglomération Fougères Agglomération,France,2025-10-02T09:10:00+0200,2025-10-02,07:40:00,-1.628,48.140,35051,35,Cesson-Sévigné,Rennes Métropole,France,1,C,39527,29,OUI
59724595,30385df97307c885e66baa733b74de2c4488329ba44013cb7d9ec85fe7edc271,2025-10-02T09:10:00+0200,2025-10-02,07:10:00,-1.644,48.087,35238,35,Rennes,Rennes Métropole,France,2025-10-02T09:10:00+0200,2025-10-02,08:00:00,-1.203,48.330,35137,35,Javené,Communauté d'agglomération Fougères Agglomération,France,1,C,54863,45,OUI
59726231,7709bb6ee582f627c4b7bd899ce200db538faceb80e4d9f788fd0f5aa8e5ffc1,2025-10-02T09:10:00+0200,2025-10-02,07:10:00,-1.711,48.033,35066,35,Chartres-de-Bretagne,Rennes Métropole,France,2025-10-02T09:10:00+0200,2025-10-02,07:30:00,-1.621,48.114,35051,35,Cesson-Sévigné,Rennes Métropole,France,1,C,14826,18,OUI
59736996,e528411a18ee1c43035706f5ae4248fd860b93ba1f7ffaebeb4b23cdad784c9e,2025-10-02T09:10:00+0200,2025-10-02,07:10:00,-1.768,48.147,35210,35,Pacé,Rennes Métropole,France,2025-10-02T09:10:00+0200,2025-10-02,07:40:00,-1.622,48.135,35051,35,Cesson-Sévigné,Rennes Métropole,France,1,B,16107,23,OUI
59724788,4e39ceb140d43822be836ed292822dc2ca57db3dac2831d99357d747b0a0b3b3,2025-10-02T09:10:00+0200,2025-10-02,07:10:00,-1.843,48.076,35196,35,Mordelles,Rennes Métropole,France,2025-10-02T09:10:00+0200,2025-10-02,07:40:00,-1.631,48.118,35051,35,Cesson-Sévigné,Rennes Métropole,France,1,C,24957,29,OUI
59724902,2f52a5c0c759e71d7b49aa3ed6ed0e72c22b4ce46dff4586e4f3d650f3bd91b4,2025-10-02T09:10:00+0200,2025-10-02,07:10:00,-1.775,48.096,35240,35,Le Rheu,Rennes Métropole,France,2025-10-02T09:10:00+0200,2025-10-02,07:30:00,-1.700,48.128,35238,35,Rennes,Rennes Métropole,France,1,C,8502,13,OUI
59724869,e259ee3c7669048da2d86868c436b6b8d619faf2d58a15df0dc54b265edc430c,2025-10-02T09:10:00+0200,2025-10-02,07:10:00,-1.849,48.071,35196,35,Mordelles,Rennes Métropole,France,2025-10-02T09:10:00+0200,2025-10-02,07:30:00,-1.736,48.104,35353,35,Vezin-le-Coquet,Rennes Métropole,France,1,C,10696,11,OUI
59724843,2c73c7a0fef4f67f69e9835983bce3b9f1564a79e59f75bf5af628b4e046cee1,2025-10-02T09:10:00+0200,2025-10-02,07:10:00,-1.674,48.116,35238,35,Rennes,Rennes Métropole,France,2025-10-02T09:10:00+0200,2025-10-02,08:00:00,-2.192,48.189,35297,35,Saint-Méen-le-Grand,Communauté de communes de Saint-Méen Montauban,France,1,C,44216,41,OUI
59725063,82ac24aa89c855c191f504fe18310e12213ff2904389e965a5ee5a247c4595f5,2025-10-02T09:20:00+0200,2025-10-02,07:20:00,-1.692,48.086,35281,35,Saint-Jacques-de-la-Lande,Rennes Métropole,France,2025-10-02T09:20:00+0200,2025-10-02,07:40:00,-1.742,47.987,35047,35,Bruz,Rennes Métropole,France,1,C,13370,16,OUI
59725231,678d3a7ddb50e339c2b873eb42935a07387dc7e736dc2a48119edf76dcbe835f,2025-10-02T09:20:00+0200,2025-10-02,07:20:00,-1.704,48.121,35238,35,Rennes,Rennes Métropole,France,2025-10-02T09:20:00+0200,2025-10-02,08:00:00,-2.123,47.928,56075,56,Guer,Communauté de communes de l'Oust à Brocéliande,France,1,C,44595,38,OUI
59725104,f08a6d671ad61499bb6e15a8794e9a6289fb125673964ad44d2ccf89a7c40e9c,2025-10-02T09:20:00+0200,2025-10-02,07:20:00,-1.684,48.161,35278,35,Saint-Grégoire,Rennes Métropole,France,2025-10-02T09:20:00+0200,2025-10-02,07:40:00,-1.508,48.231,35152,35,Liffré,Communauté de communes Liffré-Cormier Communauté,France,1,C,21360,19,OUI
59725118,d17627e5a42d8d6a44258686f794793a992a058b654ba9eef0f4f081d1cdab11,2025-10-02T09:20:00+0200,2025-10-02,07:20:00,-1.199,47.977,35200,35,Moutiers,Communauté d'agglomération Vitré Communauté,France,2025-10-02T09:20:00+0200,2025-10-02,08:00:00,-1.367,47.728,44036,44,Châteaubriant,Communauté de communes Châteaubriant-Derval,France,1,C,35172,40,OUI
59725106,f08a6d671ad61499bb6e15a8794e9a6289fb125673964ad44d2ccf89a7c40e9c,2025-10-02T09:20:00+0200,2025-10-02,07:20:00,-1.692,48.152,35278,35,Saint-Grégoire,Rennes Métropole,France,2025-10-02T09:20:00+0200,2025-10-02,07:40:00,-1.508,48.231,35152,35,Liffré,Communauté de communes Liffré-Cormier Communauté,France,1,C,21672,22,OUI
59725122,2b55ea1c546ae699b57f7df84c65456ab14351532fae0f19e4aa1f9422b584ad,2025-10-02T09:20:00+0200,2025-10-02,07:20:00,-1.604,48.048,35352,35,Vern-sur-Seiche,Rennes Métropole,France,2025-10-02T09:20:00+0200,2025-10-02,07:50:00,-1.493,48.223,35152,35,Liffré,Communauté de communes Liffré-Cormier Communauté,France,1,C,28726,26,OUI
59725359,cf70ac67d2b8ef8ec22d912cf556c21c046e41c1407f8c4b6493085ffbefc42f,2025-10-02T09:20:00+0200,2025-10-02,07:20:00,-1.643,48.097,35238,35,Rennes,Rennes Métropole,France,2025-10-02T09:20:00+0200,2025-10-02,08:10:00,-1.206,48.344,35115,35,Fougères,Communauté d'agglomération Fougères Agglomération,France,1,C,51664,41,OUI
59725495,7c278314372c3f7b0df7fc6c194485ac94d1521155e4b9bb2da3ff6ca4e8bcdc,2025-10-02T09:20:00+0200,2025-10-02,07:20:00,-1.638,48.121,35238,35,Rennes,Rennes Métropole,France,2025-10-02T09:20:00+0200,2025-10-02,08:10:00,-1.184,48.343,35115,35,Fougères,Communauté d'agglomération Fougères Agglomération,France,1,C,47613,42,OUI
59729111,ac31fe5d72a84715e2ef54855ac9ed40253e9ae9ffa05f049766c085fa55bb27,2025-10-02T09:20:00+0200,2025-10-02,07:20:00,-1.810,48.153,35275,35,Saint-Gilles,Rennes Métropole,France,2025-10-02T09:20:00+0200,2025-10-02,08:00:00,-2.261,48.317,22020,22,Broons,Communauté d'agglomération Dinan Agglomération,France,1,C,41979,33,OUI
59729064,ac31fe5d72a84715e2ef54855ac9ed40253e9ae9ffa05f049766c085fa55bb27,2025-10-02T09:20:00+0200,2025-10-02,07:20:00,-1.810,48.153,35275,35,Saint-Gilles,Rennes Métropole,France,2025-10-02T09:20:00+0200,2025-10-02,08:00:00,-2.261,48.317,22020,22,Broons,Communauté d'agglomération Dinan Agglomération,France,1,C,41979,33,OUI
59725462,ca07f2e6a7cd6eacd9eda0463d694c8ba7f87d1542d8e0ef3b5c30784cb380d3,2025-10-02T09:20:00+0200,2025-10-02,07:20:00,-1.589,48.129,35334,35,Thorigné-Fouillard,Rennes Métropole,France,2025-10-02T09:20:00+0200,2025-10-02,08:00:00,-1.189,48.112,35360,35,Vitré,Communauté d'agglomération Vitré Communauté,France,1,C,37476,37,OUI
59725773,7bd7a58f69bdc691fd4074c5d9c67a2bb6991a8f1868092ea7d42dbad811e90d,2025-10-02T09:20:00+0200,2025-10-02,07:20:00,-1.679,48.039,35206,35,Noyal-Châtillon-sur-Seiche,Rennes Métropole,France,2025-10-02T09:20:00+0200,2025-10-02,07:50:00,-1.490,48.222,35152,35,Liffré,Communauté de communes Liffré-Cormier Communauté,France,1,C,30803,27,OUI
59729014,4fd493f3c8a079dacb519c4567266ee5c865382684e7502acafd98f35867624b,2025-10-02T09:20:00+0200,2025-10-02,07:20:00,-1.226,48.351,35150,35,Lécousse,Communauté d'agglomération Fougères Agglomération,France,2025-10-02T09:20:00+0200,2025-10-02,08:00:00,-1.723,48.108,35238,35,Rennes,Rennes Métropole,France,1,C,50274,40,OUI
59725413,9c6f2853a4e64e03b22a859b2ed6bb9c32c197518d658efd4c9dfe7f7c3f7b20,2025-10-02T09:20:00+0200,2025-10-02,07:20:00,-1.843,48.080,35196,35,Mordelles,Rennes Métropole,France,2025-10-02T09:20:00+0200,2025-10-02,07:50:00,-1.697,48.146,35278,35,Saint-Grégoire,Rennes Métropole,France,1,C,17691,21,OUI
59725493,d17627e5a42d8d6a44258686f794793a992a058b654ba9eef0f4f081d1cdab11,2025-10-02T09:20:00+0200,2025-10-02,07:20:00,-1.199,47.977,35200,35,Moutiers,Communauté d'agglomération Vitré Communauté,France,2025-10-02T09:20:00+0200,2025-10-02,08:00:00,-1.369,47.727,44036,44,Châteaubriant,Communauté de communes Châteaubriant-Derval,France,1,C,35139,40,OUI
59726014,7a9674d9331acec2408e7af98974d5e3ef47ef07f85705cd395dac045016ab84,2025-10-02T09:20:00+0200,2025-10-02,07:20:00,-1.605,48.049,35352,35,Vern-sur-Seiche,Rennes Métropole,France,2025-10-02T09:20:00+0200,2025-10-02,07:40:00,-1.633,48.119,35238,35,Rennes,Rennes Métropole,France,1,C,12680,15,OUI
59725602,ed8cade83ad361669f537f6e46682c46b87883b596de538d8e5b12e270ec6bfb,2025-10-02T09:30:00+0200,2025-10-02,07:30:00,-1.729,48.177,35059,35,La Chapelle-des-Fougeretz,Rennes Métropole,France,2025-10-02T09:30:00+0200,2025-10-02,08:00:00,-1.501,48.049,35069,35,Châteaugiron,Communauté de communes Pays de Châteaugiron Communauté,France,1,C,28983,30,OUI
59729093,cf70ac67d2b8ef8ec22d912cf556c21c046e41c1407f8c4b6493085ffbefc42f,2025-10-02T09:30:00+0200,2025-10-02,07:30:00,-1.630,48.092,35238,35,Rennes,Rennes Métropole,France,2025-10-02T09:30:00+0200,2025-10-02,08:10:00,-1.177,48.342,35115,35,Fougères,Communauté d'agglomération Fougères Agglomération,France,1,C,53383,43,OUI
59724672,fd6f1883d2122d6d5106d513602931d7851c5fe02fa617eee53ccbe90fa53a60,2025-10-02T09:30:00+0200,2025-10-02,07:30:00,-1.847,48.073,35196,35,Mordelles,Rennes Métropole,France,2025-10-02T09:30:00+0200,2025-10-02,07:40:00,-1.740,48.046,35047,35,Bruz,Rennes Métropole,France,1,C,10343,12,OUI
59725721,991a1386587ab5249fe2b66cbc0f54abde792770b6450066c5564cea12038f4c,2025-10-02T09:30:00+0200,2025-10-02,07:30:00,-1.625,48.135,35051,35,Cesson-Sévigné,Rennes Métropole,France,2025-10-02T09:30:00+0200,2025-10-02,08:10:00,-1.180,48.342,35115,35,Fougères,Communauté d'agglomération Fougères Agglomération,France,1,C,46192,37,OUI
59725862,80c261738c6c81d99da684b19739ee3a865af78d27f7510f5c6f797562422443,2025-10-02T09:30:00+0200,2025-10-02,07:30:00,-1.523,48.138,35001,35,Acigné,Rennes Métropole,France,2025-10-02T09:30:00+0200,2025-10-02,08:00:00,-1.743,48.043,35047,35,Bruz,Rennes Métropole,France,1,C,24852,27,OUI
59726094,7a5e4cc83c8faba218cc9c97d25d92b8fb52bb57ce964323ce5fbf53f767d975,2025-10-02T09:30:00+0200,2025-10-02,07:30:00,-1.671,48.103,35238,35,Rennes,Rennes Métropole,France,2025-10-02T09:30:00+0200,2025-10-02,08:00:00,-1.492,48.224,35152,35,Liffré,Communauté de communes Liffré-Cormier Communauté,France,1,C,20829,26,OUI
59729275,e808fe9c13d09aac0120017f0101be065683bb9b4b1256bf3fa8c503168a5a75,2025-10-02T09:30:00+0200,2025-10-02,07:30:00,-1.623,48.090,35055,35,Chantepie,Rennes Métropole,France,2025-10-02T09:30:00+0200,2025-10-02,08:20:00,-1.180,48.342,35115,35,Fougères,Communauté d'agglomération Fougères Agglomération,France,1,C,53493,43,OUI
59726102,5109670a31e592db8ace3a5b5a7708d6e2980f57ef223639e50cf7746ba37998,2025-10-02T09:30:00+0200,2025-10-02,07:30:00,-1.674,48.093,35238,35,Rennes,Rennes Métropole,France,2025-10-02T09:30:00+0200,2025-10-02,08:00:00,-1.423,48.092,35068,35,Châteaubourg,Communauté d'agglomération Vitré Communauté,France,1,C,23222,24,OUI
59725878,deb97bc7af1db288f0203e40c5c55104a78a74f24f7fda1e7771d294a1505ae8,2025-10-02T09:30:00+0200,2025-10-02,07:30:00,-1.687,48.111,35238,35,Rennes,Rennes Métropole,France,2025-10-02T09:30:00+0200,2025-10-02,08:20:00,-1.194,48.069,35109,35,Étrelles,Communauté d'agglomération Vitré Communauté,France,1,C,40004,42,OUI
59725824,5109670a31e592db8ace3a5b5a7708d6e2980f57ef223639e50cf7746ba37998,2025-10-02T09:30:00+0200,2025-10-02,07:30:00,-1.682,48.105,35238,35,Rennes,Rennes Métropole,France,2025-10-02T09:30:00+0200,2025-10-02,08:00:00,-1.423,48.092,35068,35,Châteaubourg,Communauté d'agglomération Vitré Communauté,France,1,C,27001,29,OUI
59726093,7a5e4cc83c8faba218cc9c97d25d92b8fb52bb57ce964323ce5fbf53f767d975,2025-10-02T09:30:00+0200,2025-10-02,07:30:00,-1.671,48.104,35238,35,Rennes,Rennes Métropole,France,2025-10-02T09:30:00+0200,2025-10-02,08:00:00,-1.492,48.224,35152,35,Liffré,Communauté de communes Liffré-Cormier Communauté,France,1,C,20868,26,OUI
59725383,e97084bf926599d19b54f806a18369c2450de8aca7df1fc1fda90f576434896f,2025-10-02T09:30:00+0200,2025-10-02,07:30:00,-1.688,48.118,35238,35,Rennes,Rennes Métropole,France,2025-10-02T09:30:00+0200,2025-10-02,07:50:00,-1.697,48.213,35173,35,Melesse,Communauté de communes Val d'Ille-Aubigné,France,1,C,11556,14,OUI
59724866,f819fe0b7bf0b47622baa503bfbd5df15ee2c86317333f06b41164c76ad864a0,2025-10-02T09:30:00+0200,2025-10-02,07:30:00,-1.594,48.000,35032,35,Bourgbarré,Rennes Métropole,France,2025-10-02T09:30:00+0200,2025-10-02,08:00:00,-1.715,48.114,35238,35,Rennes,Rennes Métropole,France,1,C,20260,20,OUI
59725537,f9cf62db0c95eb645a83af08578d3b8da03d9482b12a62e5a2608d6e345d478a,2025-10-02T09:30:00+0200,2025-10-02,07:30:00,-1.654,48.108,35238,35,Rennes,Rennes Métropole,France,2025-10-02T09:30:00+0200,2025-10-02,08:10:00,-1.226,48.121,35360,35,Vitré,Communauté d'agglomération Vitré Communauté,France,1,C,39375,37,OUI
59726164,470d8e00ea1ad81a4502a80a129f3cd9ffa6deac54c18f25f903841287a222da,2025-10-02T09:30:00+0200,2025-10-02,07:30:00,-1.217,48.366,35150,35,Lécousse,Communauté d'agglomération Fougères Agglomération,France,2025-10-02T09:30:00+0200,2025-10-02,08:00:00,-0.989,48.385,53154,53,Montaudin,Communauté de communes du Bocage Mayennais,France,1,A,19862,28,NON
59732793,6eed87c78df48431884eb6f6d9f8ec7e796524186655821f6dc6ad84f437898d,2025-10-02T09:40:00+0200,2025-10-02,07:40:00,-1.576,47.971,35088,35,Corps-Nuds,Rennes Métropole,France,2025-10-02T09:40:00+0200,2025-10-02,07:50:00,-1.643,48.086,35238,35,Rennes,Rennes Métropole,France,1,C,15187,20,OUI
59732816,89ec8142b4af5239c238c307a223c5f1642e26dc259ceb4fd7de46fc9e855896,2025-10-02T09:40:00+0200,2025-10-02,07:40:00,-1.218,48.365,35150,35,Lécousse,Communauté d'agglomération Fougères Agglomération,France,2025-10-02T09:40:00+0200,2025-10-02,07:50:00,-1.302,48.333,35310,35,Saint-Sauveur-des-Landes,Communauté d'agglomération Fougères Agglomération,France,1,C,9127,11,NON
59724999,7ed8ace308a4a759e9edced4a76c9e2320f1e1bb911685377af6d1c42bb79fd8,2025-10-02T09:40:00+0200,2025-10-02,07:40:00,-1.819,48.154,35275,35,Saint-Gilles,Rennes Métropole,France,2025-10-02T09:40:00+0200,2025-10-02,07:50:00,-1.706,48.117,35238,35,Rennes,Rennes Métropole,France,1,C,9883,10,OUI
59729374,37548429d55a80fefb553131cf5c78169f14af803ca204b377f73c0da511c398,2025-10-02T09:40:00+0200,2025-10-02,07:40:00,-1.656,48.135,35238,35,Rennes,Rennes Métropole,France,2025-10-02T09:40:00+0200,2025-10-02,08:00:00,-1.493,48.223,35152,35,Liffré,Communauté de communes Liffré-Cormier Communauté,France,1,C,18960,18,OUI
59726434,6a24cf4b256aca701e8095ad519f916d45c295852ce633a474da2793f26676c8,2025-10-02T09:40:00+0200,2025-10-02,07:40:00,-1.646,48.109,35238,35,Rennes,Rennes Métropole,France,2025-10-02T09:40:00+0200,2025-10-02,08:20:00,-1.202,48.331,35137,35,Javené,Communauté d'agglomération Fougères Agglomération,France,1,C,49536,45,OUI
59726553,b68aa3be815ef82dae652b535acf2fa6c0ed2e66c3c241deba52b83657a9fa2a,2025-10-02T09:40:00+0200,2025-10-02,07:40:00,-1.605,48.044,35352,35,Vern-sur-Seiche,Rennes Métropole,France,2025-10-02T09:40:00+0200,2025-10-02,08:30:00,-1.390,47.701,44036,44,Châteaubriant,Communauté de communes Châteaubriant-Derval,France,1,C,51841,47,OUI
59726606,223750c3f9d62dfc28db2b7adac694957536a566fa173d0b6ff4af587dc5c13e,2025-10-02T09:40:00+0200,2025-10-02,07:40:00,-1.617,48.107,35051,35,Cesson-Sévigné,Rennes Métropole,France,2025-10-02T09:40:00+0200,2025-10-02,08:20:00,-1.187,48.114,35360,35,Vitré,Communauté d'agglomération Vitré Communauté,France,1,C,36059,33,OUI
59726525,77670da4e66d7a3c319bd06174585ceb9871973dfe67811787b144d990c04aa7,2025-10-02T09:40:00+0200,2025-10-02,07:40:00,-1.653,48.102,35238,35,Rennes,Rennes Métropole,France,2025-10-02T09:40:00+0200,2025-10-02,08:00:00,-1.531,48.118,35207,35,Noyal-sur-Vilaine,Communauté de communes Pays de Châteaugiron Communauté,France,1,C,11256,13,OUI
59726752,77670da4e66d7a3c319bd06174585ceb9871973dfe67811787b144d990c04aa7,2025-10-02T09:40:00+0200,2025-10-02,07:40:00,-1.653,48.102,35238,35,Rennes,Rennes Métropole,France,2025-10-02T09:40:00+0200,2025-10-02,08:00:00,-1.531,48.118,35207,35,Noyal-sur-Vilaine,Communauté de communes Pays de Châteaugiron Communauté,France,1,C,11256,13,OUI
59726060,7053faa049466d34b00ccea804534f8a4b74f6305d69596d36e73e22382601c8,2025-10-02T09:40:00+0200,2025-10-02,07:40:00,-1.613,47.994,35032,35,Bourgbarré,Rennes Métropole,France,2025-10-02T09:40:00+0200,2025-10-02,08:00:00,-1.619,48.107,35051,35,Cesson-Sévigné,Rennes Métropole,France,1,C,17443,17,OUI
59726280,7053faa049466d34b00ccea804534f8a4b74f6305d69596d36e73e22382601c8,2025-10-02T09:40:00+0200,2025-10-02,07:40:00,-1.613,47.994,35032,35,Bourgbarré,Rennes Métropole,France,2025-10-02T09:40:00+0200,2025-10-02,08:10:00,-1.625,48.131,35051,35,Cesson-Sévigné,Rennes Métropole,France,1,C,20372,24,OUI
59726714,b06f868a1ccfe9c61b6aca34b4921854b96682d8ab02e3b1dc5ca0d2b04da262,2025-10-02T09:40:00+0200,2025-10-02,07:40:00,-1.628,48.140,35051,35,Cesson-Sévigné,Rennes Métropole,France,2025-10-02T09:40:00+0200,2025-10-02,08:20:00,-1.194,48.359,35115,35,Fougères,Communauté d'agglomération Fougères Agglomération,France,1,C,42997,36,OUI
59725032,dea1272c7ca2a641154ae4569c34907d783a7b51c47005294dda873c8aeea751,2025-10-02T09:50:00+0200,2025-10-02,07:50:00,-1.686,48.143,35278,35,Saint-Grégoire,Rennes Métropole,France,2025-10-02T09:50:00+0200,2025-10-02,08:00:00,-1.610,48.122,35051,35,Cesson-Sévigné,Rennes Métropole,France,1,C,9112,12,OUI
59726921,2b9e0f6719ecf83e03d266a1ffef2eed1a277a2c0ab7cc22f56f7d3c342ed51b,2025-10-02T09:50:00+0200,2025-10-02,07:50:00,-1.666,48.119,35238,35,Rennes,Rennes Métropole,France,2025-10-02T09:50:00+0200,2025-10-02,08:10:00,-1.500,48.213,35152,35,Liffré,Communauté de communes Liffré-Cormier Communauté,France,1,C,18846,19,OUI
59726807,50264069265148886621a9bd5faff74ce01483305c7fe4c4b1045b3d2257c158,2025-10-02T09:50:00+0200,2025-10-02,07:50:00,-1.579,48.140,35334,35,Thorigné-Fouillard,Rennes Métropole,France,2025-10-02T09:50:00+0200,2025-10-02,08:20:00,-1.742,47.987,35047,35,Bruz,Rennes Métropole,France,1,C,27181,29,OUI
59726784,97cb22f837a4ae3adf01ecdfc9dff9b6ca4c220f6620972995a82e46f9a9f2fd,2025-10-02T09:50:00+0200,2025-10-02,07:50:00,-1.614,48.107,35051,35,Cesson-Sévigné,Rennes Métropole,France,2025-10-02T09:50:00+0200,2025-10-02,08:10:00,-1.742,47.987,35047,35,Bruz,Rennes Métropole,France,1,C,21411,24,OUI
59726798,29d52ffd70866a29c321f240eeab57a20acbcd39867cd3c3ed268ff8cd40abff,2025-10-02T09:50:00+0200,2025-10-02,07:50:00,-1.755,48.040,35047,35,Bruz,Rennes Métropole,France,2025-10-02T09:50:00+0200,2025-10-02,08:00:00,-1.712,48.101,35238,35,Rennes,Rennes Métropole,France,1,C,9433,11,OUI
59726829,8422734e069ed2701d7be0b4e1e42661a620b1adaf7cacdb5f5e8038004d987a,2025-10-02T09:50:00+0200,2025-10-02,07:50:00,-1.728,48.173,35059,35,La Chapelle-des-Fougeretz,Rennes Métropole,France,2025-10-02T09:50:00+0200,2025-10-02,08:10:00,-1.633,48.123,35238,35,Rennes,Rennes Métropole,France,1,C,14268,19,OUI
59729836,b6d3a6622b743983d4160a3538b57bb0e1f6f53627eaca8ccb5fb0c753347fde,2025-10-02T09:50:00+0200,2025-10-02,07:50:00,-1.695,48.137,35278,35,Saint-Grégoire,Rennes Métropole,France,2025-10-02T09:50:00+0200,2025-10-02,08:40:00,-1.985,48.628,35288,35,Saint-Malo,Communauté d'agglomération du Pays de Saint Malo Agglomération,France,1,A,62636,50,OUI
59729380,a558094daaa0d4a2a6ace2d3e646d5e79b62e15a6452e6f635f7336cb8f8e2f8,2025-10-02T09:50:00+0200,2025-10-02,07:50:00,-1.713,48.122,35238,35,Rennes,Rennes Métropole,France,2025-10-02T09:50:00+0200,2025-10-02,08:40:00,-1.993,48.621,35288,35,Saint-Malo,Communauté d'agglomération du Pays de Saint Malo Agglomération,France,1,C,64855,52,OUI
59737063,4937ba4b5fcd59a3462d5997b961d3ecbc42cc662563660ed1d199afc441e3c9,2025-10-02T09:50:00+0200,2025-10-02,07:50:00,-1.768,48.147,35210,35,Pacé,Rennes Métropole,France,2025-10-02T09:50:00+0200,2025-10-02,08:20:00,-1.622,48.135,35051,35,Cesson-Sévigné,Rennes Métropole,France,1,C,16107,23,OUI
59727173,1d8edbc59dbe23b1a0c67171907f84e52b2c664d23e05e536a1a647615d7847b,2025-10-02T09:50:00+0200,2025-10-02,07:50:00,-1.798,48.097,35240,35,Le Rheu,Rennes Métropole,France,2025-10-02T09:50:00+0200,2025-10-02,08:10:00,-1.741,48.044,35047,35,Bruz,Rennes Métropole,France,1,C,9463,11,OUI
59726772,126a14a05b1ed70e1c642afea299422be8caab6937e4dd86403d0a3e45eeead5,2025-10-02T09:50:00+0200,2025-10-02,07:50:00,-1.616,48.114,35051,35,Cesson-Sévigné,Rennes Métropole,France,2025-10-02T09:50:00+0200,2025-10-02,08:20:00,-1.739,47.996,35047,35,Bruz,Rennes Métropole,France,1,C,21467,24,OUI
59727049,77670da4e66d7a3c319bd06174585ceb9871973dfe67811787b144d990c04aa7,2025-10-02T09:50:00+0200,2025-10-02,07:50:00,-1.653,48.102,35238,35,Rennes,Rennes Métropole,France,2025-10-02T09:50:00+0200,2025-10-02,08:10:00,-1.531,48.118,35207,35,Noyal-sur-Vilaine,Communauté de communes Pays de Châteaugiron Communauté,France,1,C,11256,13,OUI
59729171,9bb54c03228b55b7b7fdd31460482f9c0b6f93d92c7b9ce38dc0cd1f7ae79853,2025-10-02T09:50:00+0200,2025-10-02,07:50:00,-1.693,48.135,35278,35,Saint-Grégoire,Rennes Métropole,France,2025-10-02T09:50:00+0200,2025-10-02,08:40:00,-1.185,48.113,35360,35,Vitré,Communauté d'agglomération Vitré Communauté,France,1,C,44768,41,OUI
59727160,1c97e2b05bc92bacf76fa1956ea8903815d9d11d7143d3268f7e3c5b92076c8e,2025-10-02T09:50:00+0200,2025-10-02,07:50:00,-1.491,47.957,35136,35,Janzé,Communauté de communes Roche aux Fées Communauté,France,2025-10-02T09:50:00+0200,2025-10-02,08:10:00,-1.621,48.062,35352,35,Vern-sur-Seiche,Rennes Métropole,France,1,C,19519,17,OUI
59737048,7b270a04681175fbdf146f1ec1e727b8e5a65484b1a5ab01212e10c954ad78b7,2025-10-02T10:00:00+0200,2025-10-02,08:00:00,-1.795,48.099,35240,35,Le Rheu,Rennes Métropole,France,2025-10-02T10:00:00+0200,2025-10-02,08:20:00,-1.697,48.154,35278,35,Saint-Grégoire,Rennes Métropole,France,1,B,13908,20,OUI
59730229,b44e76e8bfe23335db9f0da755be463df0f87be72d28cb05ded3884162f3b63f,2025-10-02T10:00:00+0200,2025-10-02,08:00:00,-1.664,48.112,35238,35,Rennes,Rennes Métropole,France,2025-10-02T10:00:00+0200,2025-10-02,08:20:00,-1.825,48.068,35196,35,Mordelles,Rennes Métropole,France,1,C,14971,22,OUI
59730129,353a1f409deab91b89ea81ee1efbf39e59da93efc0c45cd8928768ac97307f5e,2025-10-02T10:00:00+0200,2025-10-02,08:00:00,-1.581,48.162,35334,35,Thorigné-Fouillard,Rennes Métropole,France,2025-10-02T10:00:00+0200,2025-10-02,08:30:00,-1.196,48.343,35115,35,Fougères,Communauté d'agglomération Fougères Agglomération,France,1,C,40110,31,OUI
59737185,4937ba4b5fcd59a3462d5997b961d3ecbc42cc662563660ed1d199afc441e3c9,2025-10-02T10:00:00+0200,2025-10-02,08:00:00,-1.768,48.147,35210,35,Pacé,Rennes Métropole,France,2025-10-02T10:00:00+0200,2025-10-02,08:20:00,-1.622,48.135,35051,35,Cesson-Sévigné,Rennes Métropole,France,1,C,16107,23,OUI
59737066,a3969d7671b035c8e770507e158ee2c3a084eb3bf004f97522e31a0ec89bf5d6,2025-10-02T10:00:00+0200,2025-10-02,08:00:00,-1.795,48.099,35240,35,Le Rheu,Rennes Métropole,France,2025-10-02T10:00:00+0200,2025-10-02,08:30:00,-1.688,48.160,35278,35,Saint-Grégoire,Rennes Métropole,France,1,C,15332,22,OUI
59730383,3b4bcfe7adbbfe80f3cd7363b954374d81590b6bc2c58ef8b724e8ea707d5e78,2025-10-02T10:00:00+0200,2025-10-02,08:00:00,-1.602,48.121,35051,35,Cesson-Sévigné,Rennes Métropole,France,2025-10-02T10:00:00+0200,2025-10-02,08:10:00,-1.533,48.111,35207,35,Noyal-sur-Vilaine,Communauté de communes Pays de Châteaugiron Communauté,France,1,C,7108,10,OUI
59730538,77387420f708e786955e0774700fcd00bb49e16d31cce964d1d29e274b7e84f0,2025-10-02T10:00:00+0200,2025-10-02,08:00:00,-1.760,48.028,35047,35,Bruz,Rennes Métropole,France,2025-10-02T10:00:00+0200,2025-10-02,08:50:00,-2.132,47.773,56061,56,La Gacilly,Communauté de communes de l'Oust à Brocéliande,France,1,C,48062,46,OUI
59730349,77387420f708e786955e0774700fcd00bb49e16d31cce964d1d29e274b7e84f0,2025-10-02T10:00:00+0200,2025-10-02,08:00:00,-1.760,48.028,35047,35,Bruz,Rennes Métropole,France,2025-10-02T10:00:00+0200,2025-10-02,08:50:00,-2.132,47.773,56061,56,La Gacilly,Communauté de communes de l'Oust à Brocéliande,France,1,C,48062,46,OUI
59730436,821dab59c942776e061563927fa604c66d8d4d349c8f378fc00ae30f2be888a3,2025-10-02T10:00:00+0200,2025-10-02,08:00:00,-1.647,48.113,35238,35,Rennes,Rennes Métropole,France,2025-10-02T10:00:00+0200,2025-10-02,08:30:00,-1.438,48.097,35327,35,Servon-sur-Vilaine,Communauté de communes Pays de Châteaugiron Communauté,France,1,C,19610,21,OUI
59727015,6254c7c87bfc9c48b5c28bd8291eb8e878b9756bce78054831717c83c1606204,2025-10-02T10:00:00+0200,2025-10-02,08:00:00,-1.684,48.102,35238,35,Rennes,Rennes Métropole,France,2025-10-02T10:00:00+0200,2025-10-02,08:20:00,-1.748,48.219,35177,35,La Mézière,Communauté de communes Val d'Ille-Aubigné,France,1,C,14844,19,OUI
59730707,f0e59882e6e3f3fd50f9624bf1f87dac89adba7a3f829f82917abff056a01a94,2025-10-02T10:00:00+0200,2025-10-02,08:00:00,-1.684,48.112,35238,35,Rennes,Rennes Métropole,France,2025-10-02T10:00:00+0200,2025-10-02,08:40:00,-2.192,48.190,35297,35,Saint-Méen-le-Grand,Communauté de communes de Saint-Méen Montauban,France,1,C,42617,39,OUI
59730764,e4c52ebbd15687e2fcc99f715b0274870f716d1d9cf27550089687f6ffb63b4e,2025-10-02T10:00:00+0200,2025-10-02,08:00:00,-1.699,48.129,35238,35,Rennes,Rennes Métropole,France,2025-10-02T10:00:00+0200,2025-10-02,08:30:00,-1.848,48.325,35337,35,Tinténiac,Communauté de communes Bretagne Romantique,France,1,C,26109,22,OUI
59734929,ba92152fb4e5b248dfe63b88d25aeedcac177bdc390f9ebc0d9ca41fa3bd4a53,2025-10-02T10:00:00+0200,2025-10-02,08:00:00,-1.212,48.369,35150,35,Lécousse,Communauté d'agglomération Fougères Agglomération,France,2025-10-02T10:00:00+0200,2025-10-02,08:50:00,-0.813,48.411,53107,53,Gorron,Communauté de communes du Bocage Mayennais,France,1,A,32576,42,NON
59730352,b1d633ef9546f9dbd1fbafad12bcc2223506e34ac20d597187611598010720de,2025-10-02T10:00:00+0200,2025-10-02,08:00:00,-1.683,48.139,35278,35,Saint-Grégoire,Rennes Métropole,France,2025-10-02T10:00:00+0200,2025-10-02,08:20:00,-1.508,48.231,35152,35,Liffré,Communauté de communes Liffré-Cormier Communauté,France,1,C,20983,19,OUI
59727312,3fc6b32e032860de8ea505496be92c974a6f20feaac00da48079576d16a38957,2025-10-02T10:00:00+0200,2025-10-02,08:00:00,-1.643,48.086,35238,35,Rennes,Rennes Métropole,France,2025-10-02T10:00:00+0200,2025-10-02,08:20:00,-1.680,47.928,35033,35,Bourg-des-Comptes,Communauté de communes Vallons de Haute-Bretagne Communauté,France,1,C,20803,18,OUI
59727323,2c1345c139980ef2484f5c09dcaee7ec574feed2836759e86180b7d7f3694cc5,2025-10-02T10:00:00+0200,2025-10-02,08:00:00,-1.602,48.038,35352,35,Vern-sur-Seiche,Rennes Métropole,France,2025-10-02T10:00:00+0200,2025-10-02,08:30:00,-1.488,48.105,35039,35,Brécé,Rennes Métropole,France,1,C,21171,21,OUI
59730450,8f85d62048ccda119dda916162823ab15d24aa7b3f6802c368bd30e40b00cbe9,2025-10-02T10:00:00+0200,2025-10-02,08:00:00,-1.791,48.224,35120,35,Gévezé,Rennes Métropole,France,2025-10-02T10:00:00+0200,2025-10-02,08:30:00,-1.625,48.127,35051,35,Cesson-Sévigné,Rennes Métropole,France,1,C,20677,25,OUI
59727279,1d8edbc59dbe23b1a0c67171907f84e52b2c664d23e05e536a1a647615d7847b,2025-10-02T10:00:00+0200,2025-10-02,08:00:00,-1.797,48.101,35240,35,Le Rheu,Rennes Métropole,France,2025-10-02T10:00:00+0200,2025-10-02,08:20:00,-1.743,48.043,35047,35,Bruz,Rennes Métropole,France,1,C,10270,12,OUI
59737144,f2f523d813b89ee0de8e331a76191a0086b263b574441f935f03df15f05a1f90,2025-10-02T10:10:00+0200,2025-10-02,08:10:00,-1.795,48.099,35240,35,Le Rheu,Rennes Métropole,France,2025-10-02T10:10:00+0200,2025-10-02,08:20:00,-1.768,48.147,35210,35,Pacé,Rennes Métropole,France,1,C,6830,11,OUI
59736999,a3969d7671b035c8e770507e158ee2c3a084eb3bf004f97522e31a0ec89bf5d6,2025-10-02T10:10:00+0200,2025-10-02,08:10:00,-1.795,48.099,35240,35,Le Rheu,Rennes Métropole,France,2025-10-02T10:10:00+0200,2025-10-02,08:30:00,-1.697,48.154,35278,35,Saint-Grégoire,Rennes Métropole,France,1,C,13908,20,OUI
59727514,76921a8a2a5a2e8716ef81afc21ffb5ea338f75dccb7b73504e33fc24dd52fce,2025-10-02T10:10:00+0200,2025-10-02,08:10:00,-1.240,47.921,35235,35,Rannée,Communauté d'agglomération Vitré Communauté,France,2025-10-02T10:10:00+0200,2025-10-02,08:30:00,-1.193,48.066,35109,35,Étrelles,Communauté d'agglomération Vitré Communauté,France,1,C,18327,23,OUI
59737181,538ed5cc77e4e65fe58d50ef21c0c86f4d27fe927cbf0b703f6146accab45f7e,2025-10-02T10:10:00+0200,2025-10-02,08:10:00,-1.795,48.099,35240,35,Le Rheu,Rennes Métropole,France,2025-10-02T10:10:00+0200,2025-10-02,08:30:00,-1.688,48.160,35278,35,Saint-Grégoire,Rennes Métropole,France,1,C,15332,22,OUI
59730906,a8ec03731a744fff95d1b4792bbfd9be4d8abcd1f3cafb56e30f40f8ac1dab3b,2025-10-02T10:10:00+0200,2025-10-02,08:10:00,-1.788,48.220,35120,35,Gévezé,Rennes Métropole,France,2025-10-02T10:10:00+0200,2025-10-02,08:20:00,-1.696,48.154,35278,35,Saint-Grégoire,Rennes Métropole,France,1,C,11901,13,OUI
59730786,10b6b76c21ac83280ee90a92a87b20863f9cfebf340fff9c68a9522d2807553d,2025-10-02T10:10:00+0200,2025-10-02,08:10:00,-1.655,48.117,35238,35,Rennes,Rennes Métropole,France,2025-10-02T10:10:00+0200,2025-10-02,08:30:00,-1.504,48.101,35207,35,Noyal-sur-Vilaine,Communauté de communes Pays de Châteaugiron Communauté,France,1,C,13534,16,OUI
59730928,1bb71693321fef2972bc4a32cec5952c7b505319de1f746721b14e7ef76783eb,2025-10-02T10:10:00+0200,2025-10-02,08:10:00,-1.689,48.117,35238,35,Rennes,Rennes Métropole,France,2025-10-02T10:10:00+0200,2025-10-02,08:30:00,-1.818,48.298,35337,35,Tinténiac,Communauté de communes Bretagne Romantique,France,1,C,23142,20,OUI
59730773,f539863b41c66729423cd1507d8bf688f6bad3cbc241e09fbae926812a1f2095,2025-10-02T10:10:00+0200,2025-10-02,08:10:00,-1.649,48.127,35238,35,Rennes,Rennes Métropole,France,2025-10-02T10:10:00+0200,2025-10-02,08:40:00,-1.263,48.077,35338,35,Torcé,Communauté d'agglomération Vitré Communauté,France,1,C,32942,30,OUI
59730937,1bb71693321fef2972bc4a32cec5952c7b505319de1f746721b14e7ef76783eb,2025-10-02T10:10:00+0200,2025-10-02,08:10:00,-1.689,48.117,35238,35,Rennes,Rennes Métropole,France,2025-10-02T10:10:00+0200,2025-10-02,08:30:00,-1.824,48.299,35337,35,Tinténiac,Communauté de communes Bretagne Romantique,France,1,C,23953,22,OUI
59730829,8c93df4b00e56e40e2a5201db3d85ab9dad380b8f9b74fb57a4971e0585c57df,2025-10-02T10:10:00+0200,2025-10-02,08:10:00,-1.661,48.136,35238,35,Rennes,Rennes Métropole,France,2025-10-02T10:10:00+0200,2025-10-02,08:40:00,-1.259,48.075,35338,35,Torcé,Communauté d'agglomération Vitré Communauté,France,1,C,36750,33,OUI
59737079,09fe464bc28ff29fb240ba842b293b40896150267613445fecc64fa70b1eb8c1,2025-10-02T10:10:00+0200,2025-10-02,08:10:00,-1.768,48.147,35210,35,Pacé,Rennes Métropole,France,2025-10-02T10:10:00+0200,2025-10-02,08:40:00,-1.622,48.135,35051,35,Cesson-Sévigné,Rennes Métropole,France,1,B,16107,23,OUI
59730915,96f26c2346900006283abaca35743c90e4cf8d8b2f02c8279bf52df1dde69161,2025-10-02T10:10:00+0200,2025-10-02,08:10:00,-1.656,48.097,35238,35,Rennes,Rennes Métropole,France,2025-10-02T10:10:00+0200,2025-10-02,08:40:00,-1.497,47.955,35136,35,Janzé,Communauté de communes Roche aux Fées Communauté,France,1,C,22464,21,OUI
59731092,566b362bbb809e9237f1d1024968313a1312ebad245b304c379d8bafc7b12da2,2025-10-02T10:10:00+0200,2025-10-02,08:10:00,-1.716,48.155,35189,35,Montgermont,Rennes Métropole,France,2025-10-02T10:10:00+0200,2025-10-02,08:40:00,-1.879,48.053,35037,35,Bréal-sous-Montfort,Communauté de communes Brocéliande Communauté,France,1,C,20105,22,OUI
59727478,42b94fb78428f24206d3d767cc92d05b1718f4b58dba237b9d99415801d276d6,2025-10-02T10:10:00+0200,2025-10-02,08:10:00,-1.703,48.092,35281,35,Saint-Jacques-de-la-Lande,Rennes Métropole,France,2025-10-02T10:10:00+0200,2025-10-02,08:40:00,-1.791,47.969,35126,35,Guichen,Communauté de communes Vallons de Haute-Bretagne Communauté,France,1,C,19364,21,OUI
59731179,5756245b0380b0240887970295d820b49206b39c57e632c182a4d616fb5632b8,2025-10-02T10:10:00+0200,2025-10-02,08:10:00,-1.655,48.096,35238,35,Rennes,Rennes Métropole,France,2025-10-02T10:10:00+0200,2025-10-02,08:30:00,-1.741,48.049,35047,35,Bruz,Rennes Métropole,France,1,C,12094,15,OUI
59730731,1bb71693321fef2972bc4a32cec5952c7b505319de1f746721b14e7ef76783eb,2025-10-02T10:10:00+0200,2025-10-02,08:10:00,-1.689,48.117,35238,35,Rennes,Rennes Métropole,France,2025-10-02T10:10:00+0200,2025-10-02,08:40:00,-1.818,48.298,35337,35,Tinténiac,Communauté de communes Bretagne Romantique,France,1,C,23139,20,OUI
59730945,e56daacc27227aa23f6457ac4fac6723edcff61a4bc09582efed501117d6c28d,2025-10-02T10:10:00+0200,2025-10-02,08:10:00,-1.654,48.019,35266,35,Saint-Erblon,Rennes Métropole,France,2025-10-02T10:10:00+0200,2025-10-02,08:30:00,-1.629,48.095,35238,35,Rennes,Rennes Métropole,France,1,A,14512,16,OUI
59737161,d1c8350c2e58cb0e16b5cbd98f31262845cd2e8274dd0540cb20cc47d7e3815c,2025-10-02T10:20:00+0200,2025-10-02,08:20:00,-1.768,48.147,35210,35,Pacé,Rennes Métropole,France,2025-10-02T10:20:00+0200,2025-10-02,08:40:00,-1.622,48.135,35051,35,Cesson-Sévigné,Rennes Métropole,France,1,C,16107,23,OUI
59731368,08772c4587cc7944ea63cad59c439542476f157c64d1643530fdb991a60600a6,2025-10-02T10:20:00+0200,2025-10-02,08:20:00,-1.622,48.136,35051,35,Cesson-Sévigné,Rennes Métropole,France,2025-10-02T10:20:00+0200,2025-10-02,09:00:00,-1.203,48.330,35137,35,Javené,Communauté d'agglomération Fougères Agglomération,France,1,C,45633,37,OUI
59731393,2dd00333a1d21013297c51485b3af5574a43a42a33d8d2724714729d68c3c56e,2025-10-02T10:20:00+0200,2025-10-02,08:20:00,-1.643,48.087,35238,35,Rennes,Rennes Métropole,France,2025-10-02T10:20:00+0200,2025-10-02,08:30:00,-1.520,48.109,35207,35,Noyal-sur-Vilaine,Communauté de communes Pays de Châteaugiron Communauté,France,1,C,12359,13,OUI
59737080,e2fca534089e539b6c71657df266f19f440b4988a01a5b2b1c81e4a6029cd6b4,2025-10-02T10:20:00+0200,2025-10-02,08:20:00,-1.795,48.099,35240,35,Le Rheu,Rennes Métropole,France,2025-10-02T10:20:00+0200,2025-10-02,08:40:00,-1.697,48.154,35278,35,Saint-Grégoire,Rennes Métropole,France,1,C,13908,20,OUI
59731545,e566422ce3fe2ff96ca46c3aff96319a5003c052a3b8a3ac96f56bf84d1d9506,2025-10-02T10:20:00+0200,2025-10-02,08:20:00,-1.617,48.107,35051,35,Cesson-Sévigné,Rennes Métropole,France,2025-10-02T10:20:00+0200,2025-10-02,09:00:00,-1.187,48.115,35360,35,Vitré,Communauté d'agglomération Vitré Communauté,France,1,C,35963,33,OUI
59735069,abbb2fd819ccde33ca057b7493c7140bb5d3852fc43acfb009b8401358b42878,2025-10-02T10:20:00+0200,2025-10-02,08:20:00,-1.691,48.092,35281,35,Saint-Jacques-de-la-Lande,Rennes Métropole,France,2025-10-02T10:20:00+0200,2025-10-02,09:00:00,-1.259,48.075,35338,35,Torcé,Communauté d'agglomération Vitré Communauté,France,1,C,36800,32,OUI
59735071,abbb2fd819ccde33ca057b7493c7140bb5d3852fc43acfb009b8401358b42878,2025-10-02T10:20:00+0200,2025-10-02,08:20:00,-1.691,48.092,35281,35,Saint-Jacques-de-la-Lande,Rennes Métropole,France,2025-10-02T10:20:00+0200,2025-10-02,09:00:00,-1.259,48.075,35338,35,Torcé,Communauté d'agglomération Vitré Communauté,France,1,C,36800,32,OUI
59737049,502d6787686767b8821d5210ce55520b7badbc877a1ad00afc9297807a0bf876,2025-10-02T10:30:00+0200,2025-10-02,08:30:00,-1.768,48.147,35210,35,Pacé,Rennes Métropole,France,2025-10-02T10:30:00+0200,2025-10-02,08:40:00,-1.697,48.154,35278,35,Saint-Grégoire,Rennes Métropole,France,1,C,7077,9,OUI
59737082,9a8c2da9aea29b6b5e2af7aed4929e66601a614d72b6163c83a4c07e30dba819,2025-10-02T10:30:00+0200,2025-10-02,08:30:00,-1.795,48.099,35240,35,Le Rheu,Rennes Métropole,France,2025-10-02T10:30:00+0200,2025-10-02,09:00:00,-1.622,48.135,35051,35,Cesson-Sévigné,Rennes Métropole,France,1,B,22938,34,OUI
59737054,cce9c9346ffedc4545effe536a5a3f5d074c5747d5f1d75ba76688add9186770,2025-10-02T10:30:00+0200,2025-10-02,08:30:00,-1.768,48.147,35210,35,Pacé,Rennes Métropole,France,2025-10-02T10:30:00+0200,2025-10-02,08:40:00,-1.697,48.154,35278,35,Saint-Grégoire,Rennes Métropole,France,1,C,7077,9,OUI
59731348,bb85b39d6aab8724ba0e1c8ac2978820394ee92ff4fa670254717f6d80bdd741,2025-10-02T10:30:00+0200,2025-10-02,08:30:00,-1.680,48.106,35238,35,Rennes,Rennes Métropole,France,2025-10-02T10:30:00+0200,2025-10-02,08:50:00,-1.755,48.040,35047,35,Bruz,Rennes Métropole,France,1,C,10485,15,OUI
59731787,a2c492b0344ac906f11fb82828b7cc4c8ec489cdf4e15a3ea4a1c0e2fed960a9,2025-10-02T10:30:00+0200,2025-10-02,08:30:00,-1.701,48.111,35238,35,Rennes,Rennes Métropole,France,2025-10-02T10:30:00+0200,2025-10-02,08:40:00,-1.735,48.202,35177,35,La Mézière,Communauté de communes Val d'Ille-Aubigné,France,1,C,13450,13,OUI
59737078,a130f54806f146f0c9e014074bb412983000eadbfe3cd5398ea99693bcb06757,2025-10-02T10:30:00+0200,2025-10-02,08:30:00,-1.795,48.099,35240,35,Le Rheu,Rennes Métropole,France,2025-10-02T10:30:00+0200,2025-10-02,08:40:00,-1.768,48.147,35210,35,Pacé,Rennes Métropole,France,1,C,6830,11,OUI
59731632,d98324ccfc33a55d620753bff2d8d49e496d48140d13ac37cc6d1a98193e75c0,2025-10-02T10:30:00+0200,2025-10-02,08:30:00,-1.615,48.049,35352,35,Vern-sur-Seiche,Rennes Métropole,France,2025-10-02T10:30:00+0200,2025-10-02,08:50:00,-1.607,48.112,35051,35,Cesson-Sévigné,Rennes Métropole,France,1,C,10863,13,OUI
59731666,460140cf06f63d1c83e5040b93504bcafdae47019593b8dc99e50e2b06f92e4a,2025-10-02T10:30:00+0200,2025-10-02,08:30:00,-1.696,48.105,35238,35,Rennes,Rennes Métropole,France,2025-10-02T10:30:00+0200,2025-10-02,08:50:00,-1.748,48.046,35047,35,Bruz,Rennes Métropole,France,1,C,9393,14,OUI
59731888,460140cf06f63d1c83e5040b93504bcafdae47019593b8dc99e50e2b06f92e4a,2025-10-02T10:30:00+0200,2025-10-02,08:30:00,-1.690,48.105,35238,35,Rennes,Rennes Métropole,France,2025-10-02T10:30:00+0200,2025-10-02,08:50:00,-1.749,48.045,35047,35,Bruz,Rennes Métropole,France,1,C,9757,14,OUI
59731600,f33ce13d9aaffab2cc3e7c5da9444e164d3e4f47f254f2105e25f1353e2de985,2025-10-02T10:30:00+0200,2025-10-02,08:30:00,-1.651,48.130,35238,35,Rennes,Rennes Métropole,France,2025-10-02T10:30:00+0200,2025-10-02,08:50:00,-1.603,48.054,35352,35,Vern-sur-Seiche,Rennes Métropole,France,1,C,12390,18,OUI
59731966,a4cd2b4f489853a70ba09b6bcecbb5a8bb374d729efb5d4fe5432b286bde7bfd,2025-10-02T10:30:00+0200,2025-10-02,08:30:00,-1.596,48.125,35051,35,Cesson-Sévigné,Rennes Métropole,France,2025-10-02T10:30:00+0200,2025-10-02,08:50:00,-1.696,48.153,35278,35,Saint-Grégoire,Rennes Métropole,France,1,C,11278,14,OUI
59731992,a4cd2b4f489853a70ba09b6bcecbb5a8bb374d729efb5d4fe5432b286bde7bfd,2025-10-02T10:30:00+0200,2025-10-02,08:30:00,-1.595,48.124,35051,35,Cesson-Sévigné,Rennes Métropole,France,2025-10-02T10:30:00+0200,2025-10-02,08:50:00,-1.696,48.154,35278,35,Saint-Grégoire,Rennes Métropole,France,1,C,11365,15,OUI
59737210,ec8d71c394add387eabd70af7761f200fd5627438abbc989d29bc6df9c5abbba,2025-10-02T10:40:00+0200,2025-10-02,08:40:00,-1.707,48.155,35189,35,Montgermont,Rennes Métropole,France,2025-10-02T10:40:00+0200,2025-10-02,08:50:00,-1.622,48.135,35051,35,Cesson-Sévigné,Rennes Métropole,France,1,C,10475,16,OUI
59737024,4c52a845ee23c6a781f52d7b8eef493704982d6cccbc62546019dec1e016c692,2025-10-02T10:40:00+0200,2025-10-02,08:40:00,-1.770,48.146,35210,35,Pacé,Rennes Métropole,France,2025-10-02T10:40:00+0200,2025-10-02,08:50:00,-1.795,48.099,35240,35,Le Rheu,Rennes Métropole,France,1,C,6846,10,OUI
59732078,ae10eb8c05b1dc76642ca4020b0c598528cf1a3cec0e273d4cd74bdf0bea8e95,2025-10-02T10:40:00+0200,2025-10-02,08:40:00,-1.620,48.132,35051,35,Cesson-Sévigné,Rennes Métropole,France,2025-10-02T10:40:00+0200,2025-10-02,08:50:00,-1.582,48.113,35051,35,Cesson-Sévigné,Rennes Métropole,France,1,C,7869,10,OUI
59732198,ae10eb8c05b1dc76642ca4020b0c598528cf1a3cec0e273d4cd74bdf0bea8e95,2025-10-02T10:40:00+0200,2025-10-02,08:40:00,-1.620,48.131,35051,35,Cesson-Sévigné,Rennes Métropole,France,2025-10-02T10:40:00+0200,2025-10-02,08:50:00,-1.582,48.113,35051,35,Cesson-Sévigné,Rennes Métropole,France,1,C,7757,10,OUI
59731972,179c9ca525edd8684bd1749801494ee80d71e381e85524573f8e07e3175867dc,2025-10-02T10:50:00+0200,2025-10-02,08:50:00,-1.643,48.087,35238,35,Rennes,Rennes Métropole,France,2025-10-02T10:50:00+0200,2025-10-02,09:00:00,-1.600,48.057,35352,35,Vern-sur-Seiche,Rennes Métropole,France,1,C,5500,8,OUI
59732292,7c7111b33880f6ddea5f08d94f224f2ed5a6c47f3e90649bc4b5f5f91f7c7b66,2025-10-02T10:50:00+0200,2025-10-02,08:50:00,-1.645,48.090,35238,35,Rennes,Rennes Métropole,France,2025-10-02T10:50:00+0200,2025-10-02,09:10:00,-1.535,47.968,35041,35,Brie,Communauté de communes Roche aux Fées Communauté,France,1,C,17296,15,OUI
59732389,036bb19e7092ebd7a99dd48e83c19e4972321c57ff3500e3e6f23deebb79f065,2025-10-02T11:00:00+0200,2025-10-02,09:00:00,-1.620,48.131,35051,35,Cesson-Sévigné,Rennes Métropole,France,2025-10-02T11:00:00+0200,2025-10-02,09:30:00,-1.819,48.303,35337,35,Tinténiac,Communauté de communes Bretagne Romantique,France,1,C,27702,24,OUI
59736899,d0eb0e6628bea2b447c55f057dcea76c2842ac5f630d517940efd17d09281030,2025-10-02T13:10:00+0200,2025-10-02,11:10:00,-1.591,48.112,35051,35,Cesson-Sévigné,Rennes Métropole,France,2025-10-02T13:10:00+0200,2025-10-02,11:30:00,-1.519,48.209,35152,35,Liffré,Communauté de communes Liffré-Cormier Communauté,France,1,C,16534,17,OUI
59737647,ca5d6a4f7c54d81c5b863b866dfe1f448559a49efec9c0e78d416b6cf6d61ee1,2025-10-02T13:30:00+0200,2025-10-02,11:30:00,-1.714,48.112,35238,35,Rennes,Rennes Métropole,France,2025-10-02T13:30:00+0200,2025-10-02,12:00:00,-1.380,48.108,35068,35,Châteaubourg,Communauté d'agglomération Vitré Communauté,France,1,C,33402,33,OUI
59739670,c3023a655e0b20addc8a3db3fd4820483e86b2425615b803bf0fe2ccbb8527f7,2025-10-02T14:20:00+0200,2025-10-02,12:20:00,-1.728,48.189,35059,35,La Chapelle-des-Fougeretz,Rennes Métropole,France,2025-10-02T14:20:00+0200,2025-10-02,12:40:00,-1.614,48.259,35251,35,Saint-Aubin-d'Aubigné,Communauté de communes Val d'Ille-Aubigné,France,1,C,19275,23,OUI
59739661,722ba0bd19b447ea5e589e9b2f0200d4b6f6176737f082f07b2ddb712b29f6d8,2025-10-02T14:20:00+0200,2025-10-02,12:20:00,-1.659,48.123,35238,35,Rennes,Rennes Métropole,France,2025-10-02T14:20:00+0200,2025-10-02,12:40:00,-1.496,48.226,35152,35,Liffré,Communauté de communes Liffré-Cormier Communauté,France,1,C,18403,20,OUI
59738722,27ff911bcefb2e220aeb998d21fe91b1409c4a02c8ab58716982819ef400f8e6,2025-10-02T14:30:00+0200,2025-10-02,12:30:00,-1.644,48.087,35238,35,Rennes,Rennes Métropole,France,2025-10-02T14:30:00+0200,2025-10-02,13:00:00,-1.497,48.226,35152,35,Liffré,Communauté de communes Liffré-Cormier Communauté,France,1,C,24877,22,OUI
59738677,f52eec4b185ee08dde836596d60adec55aac90457f83d9ec97c772e5a9e1b5f8,2025-10-02T14:30:00+0200,2025-10-02,12:30:00,-1.620,48.131,35051,35,Cesson-Sévigné,Rennes Métropole,France,2025-10-02T14:30:00+0200,2025-10-02,12:50:00,-1.496,48.226,35152,35,Liffré,Communauté de communes Liffré-Cormier Communauté,France,1,C,16133,16,OUI
59738665,27ff911bcefb2e220aeb998d21fe91b1409c4a02c8ab58716982819ef400f8e6,2025-10-02T14:30:00+0200,2025-10-02,12:30:00,-1.644,48.087,35238,35,Rennes,Rennes Métropole,France,2025-10-02T14:30:00+0200,2025-10-02,13:00:00,-1.496,48.226,35152,35,Liffré,Communauté de communes Liffré-Cormier Communauté,France,1,C,25275,24,OUI
59738719,27ff911bcefb2e220aeb998d21fe91b1409c4a02c8ab58716982819ef400f8e6,2025-10-02T14:30:00+0200,2025-10-02,12:30:00,-1.643,48.086,35238,35,Rennes,Rennes Métropole,France,2025-10-02T14:30:00+0200,2025-10-02,13:00:00,-1.496,48.226,35152,35,Liffré,Communauté de communes Liffré-Cormier Communauté,France,1,C,25291,24,OUI
59738744,f52eec4b185ee08dde836596d60adec55aac90457f83d9ec97c772e5a9e1b5f8,2025-10-02T14:40:00+0200,2025-10-02,12:40:00,-1.620,48.131,35051,35,Cesson-Sévigné,Rennes Métropole,France,2025-10-02T14:40:00+0200,2025-10-02,13:00:00,-1.496,48.226,35152,35,Liffré,Communauté de communes Liffré-Cormier Communauté,France,1,C,16133,16,OUI
59740119,61d02126265e43134f21df9c75621457299e4dca686165d6a5963de2dab72daa,2025-10-02T15:20:00+0200,2025-10-02,13:20:00,-1.618,48.091,35055,35,Chantepie,Rennes Métropole,France,2025-10-02T15:20:00+0200,2025-10-02,13:40:00,-1.520,48.109,35207,35,Noyal-sur-Vilaine,Communauté de communes Pays de Châteaugiron Communauté,France,1,B,9271,10,OUI
59740087,61d02126265e43134f21df9c75621457299e4dca686165d6a5963de2dab72daa,2025-10-02T15:20:00+0200,2025-10-02,13:20:00,-1.707,48.042,35066,35,Chartres-de-Bretagne,Rennes Métropole,France,2025-10-02T15:20:00+0200,2025-10-02,13:50:00,-1.520,48.109,35207,35,Noyal-sur-Vilaine,Communauté de communes Pays de Châteaugiron Communauté,France,1,C,19518,21,OUI
59739866,ce8d32d8aae20201ebc9d783d6ed82cd3a1ab87f1008668bb379510485b745b2,2025-10-02T15:20:00+0200,2025-10-02,13:20:00,-1.640,48.130,35238,35,Rennes,Rennes Métropole,France,2025-10-02T15:20:00+0200,2025-10-02,13:50:00,-1.416,48.101,35068,35,Châteaubourg,Communauté d'agglomération Vitré Communauté,France,1,C,20880,21,OUI
59740073,70e6e14a5f71a5e0aec66ba51632227540d43108d91052370471ea094da56824,2025-10-02T15:30:00+0200,2025-10-02,13:30:00,-1.627,48.139,35051,35,Cesson-Sévigné,Rennes Métropole,France,2025-10-02T15:30:00+0200,2025-10-02,13:40:00,-1.460,48.102,35327,35,Servon-sur-Vilaine,Communauté de communes Pays de Châteaugiron Communauté,France,1,C,16485,15,OUI
59740134,bc68019b6fd4bc9d7d8c493bcb61d9e51c492fade86e55ec497f964f229ee8a7,2025-10-02T15:30:00+0200,2025-10-02,13:30:00,-1.706,48.116,35238,35,Rennes,Rennes Métropole,France,2025-10-02T15:30:00+0200,2025-10-02,13:50:00,-1.520,48.109,35207,35,Noyal-sur-Vilaine,Communauté de communes Pays de Châteaugiron Communauté,France,1,C,21232,22,OUI
59740258,b7504c21ee617df2b4debb976453fbcd94561a04024203a9e29177f543f92e00,2025-10-02T15:40:00+0200,2025-10-02,13:40:00,-1.589,48.112,35051,35,Cesson-Sévigné,Rennes Métropole,France,2025-10-02T15:40:00+0200,2025-10-02,14:10:00,-1.195,48.069,35109,35,Étrelles,Communauté d'agglomération Vitré Communauté,France,1,C,31030,25,OUI
59741198,b7504c21ee617df2b4debb976453fbcd94561a04024203a9e29177f543f92e00,2025-10-02T15:40:00+0200,2025-10-02,13:40:00,-1.588,48.112,35051,35,Cesson-Sévigné,Rennes Métropole,France,2025-10-02T15:40:00+0200,2025-10-02,14:00:00,-1.195,48.069,35109,35,Étrelles,Communauté d'agglomération Vitré Communauté,France,1,C,30884,25,OUI
59741250,9893f3d8911d5259df45b3c32d2352b64dc7ae02f042417159748db060207cc6,2025-10-02T15:40:00+0200,2025-10-02,13:40:00,-1.683,48.143,35278,35,Saint-Grégoire,Rennes Métropole,France,2025-10-02T15:40:00+0200,2025-10-02,14:30:00,-2.051,47.933,35168,35,Val d'Anast,Communauté de communes Vallons de Haute-Bretagne Communauté,France,1,C,47435,49,OUI
59741241,9893f3d8911d5259df45b3c32d2352b64dc7ae02f042417159748db060207cc6,2025-10-02T15:40:00+0200,2025-10-02,13:40:00,-1.683,48.143,35278,35,Saint-Grégoire,Rennes Métropole,France,2025-10-02T15:40:00+0200,2025-10-02,14:30:00,-2.051,47.933,35168,35,Val d'Anast,Communauté de communes Vallons de Haute-Bretagne Communauté,France,1,C,47438,49,OUI
59740362,61d02126265e43134f21df9c75621457299e4dca686165d6a5963de2dab72daa,2025-10-02T15:50:00+0200,2025-10-02,13:50:00,-1.618,48.091,35055,35,Chantepie,Rennes Métropole,France,2025-10-02T15:50:00+0200,2025-10-02,14:00:00,-1.520,48.109,35207,35,Noyal-sur-Vilaine,Communauté de communes Pays de Châteaugiron Communauté,France,1,C,9271,10,OUI
59740411,577f2bc80c8586dcd28d363d21c864b97d1b369248a1843f84d1feb943d9c9c4,2025-10-02T15:50:00+0200,2025-10-02,13:50:00,-1.719,47.991,35139,35,Laillé,Rennes Métropole,France,2025-10-02T15:50:00+0200,2025-10-02,14:20:00,-1.579,48.140,35334,35,Thorigné-Fouillard,Rennes Métropole,France,1,C,24900,26,OUI
59741568,8fe0af38bfe5e07754db8579b057b5603bbe9c4ba781082359d44ee75c95e7a8,2025-10-02T16:30:00+0200,2025-10-02,14:30:00,-1.240,47.922,35235,35,Rannée,Communauté d'agglomération Vitré Communauté,France,2025-10-02T16:30:00+0200,2025-10-02,14:50:00,-1.316,47.826,35167,35,Martigné-Ferchaud,Communauté de communes Roche aux Fées Communauté,France,1,C,14514,19,OUI
59741574,35ba4c48cf231664eaa794a99f3a4fef8852ad981bd3e75f1abdb80e10d6763b,2025-10-02T16:30:00+0200,2025-10-02,14:30:00,-1.506,48.108,35039,35,Brécé,Rennes Métropole,France,2025-10-02T16:30:00+0200,2025-10-02,15:10:00,-1.304,47.956,35359,35,Visseiche,Communauté d'agglomération Vitré Communauté,France,1,C,34194,34,OUI
59742455,7ddd78dbaea9d5fac1c2fe632227ef7484e5c0d27ce8b992f21ddcf0969a6378,2025-10-02T17:00:00+0200,2025-10-02,15:00:00,-1.760,48.019,35047,35,Bruz,Rennes Métropole,France,2025-10-02T17:00:00+0200,2025-10-02,15:30:00,-1.458,48.102,35327,35,Servon-sur-Vilaine,Communauté de communes Pays de Châteaugiron Communauté,France,1,C,31215,31,OUI
59742465,7ddd78dbaea9d5fac1c2fe632227ef7484e5c0d27ce8b992f21ddcf0969a6378,2025-10-02T17:00:00+0200,2025-10-02,15:00:00,-1.760,48.019,35047,35,Bruz,Rennes Métropole,France,2025-10-02T17:00:00+0200,2025-10-02,15:30:00,-1.458,48.102,35327,35,Servon-sur-Vilaine,Communauté de communes Pays de Châteaugiron Communauté,France,1,C,31215,31,OUI
59742565,c6b5d2f3c69c3a649dd43deafe6ef911b88a4181cf16aae79a40b7ccb0a74bc1,2025-10-02T17:10:00+0200,2025-10-02,15:10:00,-1.669,48.106,35238,35,Rennes,Rennes Métropole,France,2025-10-02T17:10:00+0200,2025-10-02,15:40:00,-1.812,47.959,35126,35,Guichen,Communauté de communes Vallons de Haute-Bretagne Communauté,France,1,C,22556,25,OUI
59742627,7db95c778096be06ca627853ffb1da74c49f2ef39689b3fc151ec06938123054,2025-10-02T17:30:00+0200,2025-10-02,15:30:00,-1.693,48.135,35278,35,Saint-Grégoire,Rennes Métropole,France,2025-10-02T17:30:00+0200,2025-10-02,16:00:00,-1.941,48.175,35023,35,Bédée,Communauté de communes Montfort Communauté,France,1,C,22636,20,OUI
59742815,516e808ae340fa47dc0916d5a816582e5922e42ad69a5973eedd6c15daaa9ffb,2025-10-02T17:50:00+0200,2025-10-02,15:50:00,-1.628,48.127,35051,35,Cesson-Sévigné,Rennes Métropole,France,2025-10-02T17:50:00+0200,2025-10-02,16:10:00,-1.755,48.211,35177,35,La Mézière,Communauté de communes Val d'Ille-Aubigné,France,1,C,17496,19,OUI
59742899,d12761a1aa6dfb30edbc88900a08942414db6695a1fd5a64ebc15da06061a9e4,2025-10-02T18:00:00+0200,2025-10-02,16:00:00,-1.740,48.046,35047,35,Bruz,Rennes Métropole,France,2025-10-02T18:00:00+0200,2025-10-02,16:10:00,-1.847,48.073,35196,35,Mordelles,Rennes Métropole,France,1,C,10550,12,OUI
59743706,d12761a1aa6dfb30edbc88900a08942414db6695a1fd5a64ebc15da06061a9e4,2025-10-02T18:00:00+0200,2025-10-02,16:00:00,-1.749,48.045,35047,35,Bruz,Rennes Métropole,France,2025-10-02T18:00:00+0200,2025-10-02,16:30:00,-1.903,48.144,35040,35,Breteil,Communauté de communes Montfort Communauté,France,1,B,23360,28,OUI
59743818,4a56e7c724c50c235a696414d49652f698220ea63b8061c4b27eb5aecda007b6,2025-10-02T18:00:00+0200,2025-10-02,16:00:00,-1.596,48.131,35334,35,Thorigné-Fouillard,Rennes Métropole,France,2025-10-02T18:00:00+0200,2025-10-02,17:00:00,-2.155,47.969,56012,56,Beignon,Communauté de communes de l'Oust à Brocéliande,France,1,C,51862,51,OUI
59743776,4a56e7c724c50c235a696414d49652f698220ea63b8061c4b27eb5aecda007b6,2025-10-02T18:00:00+0200,2025-10-02,16:00:00,-1.596,48.131,35334,35,Thorigné-Fouillard,Rennes Métropole,France,2025-10-02T18:00:00+0200,2025-10-02,17:00:00,-2.155,47.969,56012,56,Beignon,Communauté de communes de l'Oust à Brocéliande,France,1,C,51862,51,OUI
59743777,4a56e7c724c50c235a696414d49652f698220ea63b8061c4b27eb5aecda007b6,2025-10-02T18:00:00+0200,2025-10-02,16:00:00,-1.596,48.131,35334,35,Thorigné-Fouillard,Rennes Métropole,France,2025-10-02T18:00:00+0200,2025-10-02,17:00:00,-2.155,47.969,56012,56,Beignon,Communauté de communes de l'Oust à Brocéliande,France,1,C,51862,51,OUI
59744218,c62068c8ffac5ab379288e10eeff281ce655fa25012538db3ace5ae673ebc302,2025-10-02T18:10:00+0200,2025-10-02,16:10:00,-1.720,48.075,35281,35,Saint-Jacques-de-la-Lande,Rennes Métropole,France,2025-10-02T18:10:00+0200,2025-10-02,16:50:00,-1.377,48.278,35282,35,Rives-du-Couesnon,Communauté d'agglomération Fougères Agglomération,France,1,C,39938,36,OUI
59743981,32407d107b1912b299d52d29ac06f41ec3f06807a7d2ffe0875fdbd76c086f99,2025-10-02T18:10:00+0200,2025-10-02,16:10:00,-1.674,48.111,35238,35,Rennes,Rennes Métropole,France,2025-10-02T18:10:00+0200,2025-10-02,16:40:00,-1.796,48.294,35130,35,Hédé-Bazouges,Communauté de communes Bretagne Romantique,France,1,C,23872,25,OUI
59743951,32407d107b1912b299d52d29ac06f41ec3f06807a7d2ffe0875fdbd76c086f99,2025-10-02T18:10:00+0200,2025-10-02,16:10:00,-1.674,48.111,35238,35,Rennes,Rennes Métropole,France,2025-10-02T18:10:00+0200,2025-10-02,16:40:00,-1.796,48.295,35130,35,Hédé-Bazouges,Communauté de communes Bretagne Romantique,France,1,C,23952,25,OUI
59746992,4ac1840261fa86f97263e1cc201cd574eda0f49ad0e45941385b50410c47c11d,2025-10-02T18:20:00+0200,2025-10-02,16:20:00,-1.701,48.037,35066,35,Chartres-de-Bretagne,Rennes Métropole,France,2025-10-02T18:20:00+0200,2025-10-02,16:40:00,-1.616,47.869,35030,35,La Bosse-de-Bretagne,Communauté de communes Bretagne porte de Loire Communauté,France,1,C,25619,26,OUI
59746231,e8b2cc6b27004c53939dfe583f163c8c8ed7c1944bc80822f3a4b60aa80c1f0a,2025-10-02T18:20:00+0200,2025-10-02,16:20:00,-1.506,48.108,35039,35,Brécé,Rennes Métropole,France,2025-10-02T18:20:00+0200,2025-10-02,16:50:00,-1.304,47.956,35359,35,Visseiche,Communauté d'agglomération Vitré Communauté,France,1,C,34194,34,OUI
59743083,022c93b8d08884fcc8aa045443610f73871db6742eb4061a5474019e7c40e9a4,2025-10-02T18:30:00+0200,2025-10-02,16:30:00,-1.628,48.140,35051,35,Cesson-Sévigné,Rennes Métropole,France,2025-10-02T18:30:00+0200,2025-10-02,16:50:00,-1.413,48.259,35253,35,Saint-Aubin-du-Cormier,Communauté de communes Liffré-Cormier Communauté,France,1,C,22131,16,OUI
59744320,9efd64e269a1552b244bb06d195efca309eec95337c54c366a743c563f448ee4,2025-10-02T18:30:00+0200,2025-10-02,16:30:00,-1.698,48.151,35278,35,Saint-Grégoire,Rennes Métropole,France,2025-10-02T18:30:00+0200,2025-10-02,17:10:00,-1.283,48.069,35338,35,Torcé,Communauté d'agglomération Vitré Communauté,France,1,C,39989,34,OUI
59744382,8edcfce3ddbd35d85c576c9ce6b912ca787a443477684b1682ae067a677af795,2025-10-02T18:30:00+0200,2025-10-02,16:30:00,-1.697,48.146,35278,35,Saint-Grégoire,Rennes Métropole,France,2025-10-02T18:30:00+0200,2025-10-02,17:00:00,-1.843,48.080,35196,35,Mordelles,Rennes Métropole,France,1,C,17685,21,OUI
59744466,474411fc27b1e52375f87ebbb804369d3928075af3c157c5d9f7f637bb2f3748,2025-10-02T18:30:00+0200,2025-10-02,16:30:00,-1.623,48.136,35051,35,Cesson-Sévigné,Rennes Métropole,France,2025-10-02T18:30:00+0200,2025-10-02,17:00:00,-1.394,48.254,35253,35,Saint-Aubin-du-Cormier,Communauté de communes Liffré-Cormier Communauté,France,1,C,25079,20,OUI
59743171,34bc54feaf9377896487d85ab0a782fcdae14d2b16dd293a4c3b6a79f0c34e9a,2025-10-02T18:40:00+0200,2025-10-02,16:40:00,-1.795,48.099,35240,35,Le Rheu,Rennes Métropole,France,2025-10-02T18:40:00+0200,2025-10-02,16:50:00,-1.768,48.147,35210,35,Pacé,Rennes Métropole,France,1,C,6830,11,OUI
59744649,eec72a7c610aba894028ccc27f657c14eb37b5c594e421a688ba30ef9bf233f1,2025-10-02T18:40:00+0200,2025-10-02,16:40:00,-1.647,48.113,35238,35,Rennes,Rennes Métropole,France,2025-10-02T18:40:00+0200,2025-10-02,17:00:00,-1.495,48.219,35152,35,Liffré,Communauté de communes Liffré-Cormier Communauté,France,1,C,18476,19,OUI
59746379,987c8e2199de727942341f4028716fbf761de0b813778992d31550c465e896e3,2025-10-02T18:40:00+0200,2025-10-02,16:40:00,-1.690,48.101,35238,35,Rennes,Rennes Métropole,France,2025-10-02T18:40:00+0200,2025-10-02,17:20:00,-1.906,48.406,35226,35,Pleugueneuc,Communauté de communes Bretagne Romantique,France,1,C,39672,35,OUI
59745003,faa62beafa82e8e2dbb60d691aff617c2e2044b7dc43449311065cac4a1f1534,2025-10-02T18:50:00+0200,2025-10-02,16:50:00,-1.628,48.134,35051,35,Cesson-Sévigné,Rennes Métropole,France,2025-10-02T18:50:00+0200,2025-10-02,17:00:00,-1.608,48.256,35251,35,Saint-Aubin-d'Aubigné,Communauté de communes Val d'Ille-Aubigné,France,1,C,14978,14,OUI
59746660,24ed4cda7e7c1dd36f3f593207fcbb470dcd80a4bd225e2907ba98eac7ecacc8,2025-10-02T18:50:00+0200,2025-10-02,16:50:00,-1.739,47.996,35047,35,Bruz,Rennes Métropole,France,2025-10-02T18:50:00+0200,2025-10-02,17:20:00,-1.404,48.110,35068,35,Châteaubourg,Communauté d'agglomération Vitré Communauté,France,1,C,34812,35,OUI
59746693,06c2de38dc28aac59428928af3b6fee6c8334bc04eee5f717c8192a7b4eae7aa,2025-10-02T18:50:00+0200,2025-10-02,16:50:00,-1.734,48.030,35047,35,Bruz,Rennes Métropole,France,2025-10-02T18:50:00+0200,2025-10-02,17:00:00,-1.639,48.092,35238,35,Rennes,Rennes Métropole,France,1,C,12571,15,OUI
59744922,e2700081972489eee4fc9975ff24c557a54a827e56f87e04a3fdb9dce6a2527d,2025-10-02T18:50:00+0200,2025-10-02,16:50:00,-1.750,48.029,35047,35,Bruz,Rennes Métropole,France,2025-10-02T18:50:00+0200,2025-10-02,17:20:00,-2.009,47.906,35168,35,Val d'Anast,Communauté de communes Vallons de Haute-Bretagne Communauté,France,1,C,26083,31,OUI
59746675,e2700081972489eee4fc9975ff24c557a54a827e56f87e04a3fdb9dce6a2527d,2025-10-02T18:50:00+0200,2025-10-02,16:50:00,-1.750,48.029,35047,35,Bruz,Rennes Métropole,France,2025-10-02T18:50:00+0200,2025-10-02,17:30:00,-2.123,47.909,56075,56,Guer,Communauté de communes de l'Oust à Brocéliande,France,1,C,43777,39,OUI
59744894,6556270bb0a98bd2d96d14fa64fc168c8fb6a3d2637eb3ad6a40283d1b2f4a47,2025-10-02T18:50:00+0200,2025-10-02,16:50:00,-1.706,48.117,35238,35,Rennes,Rennes Métropole,France,2025-10-02T18:50:00+0200,2025-10-02,17:00:00,-1.819,48.154,35275,35,Saint-Gilles,Rennes Métropole,France,1,C,9954,10,OUI
59744908,e2700081972489eee4fc9975ff24c557a54a827e56f87e04a3fdb9dce6a2527d,2025-10-02T18:50:00+0200,2025-10-02,16:50:00,-1.750,48.029,35047,35,Bruz,Rennes Métropole,France,2025-10-02T18:50:00+0200,2025-10-02,17:20:00,-2.009,47.906,35168,35,Val d'Anast,Communauté de communes Vallons de Haute-Bretagne Communauté,France,1,C,26083,31,OUI
59744927,69ba02187381f7c5fbca6899e8dec27a6881e374b9c7d9cbab34401ea75836a8,2025-10-02T18:50:00+0200,2025-10-02,16:50:00,-1.674,48.130,35238,35,Rennes,Rennes Métropole,France,2025-10-02T18:50:00+0200,2025-10-02,17:20:00,-1.411,48.258,35253,35,Saint-Aubin-du-Cormier,Communauté de communes Liffré-Cormier Communauté,France,1,C,29163,26,OUI
59744786,69ba02187381f7c5fbca6899e8dec27a6881e374b9c7d9cbab34401ea75836a8,2025-10-02T18:50:00+0200,2025-10-02,16:50:00,-1.674,48.130,35238,35,Rennes,Rennes Métropole,France,2025-10-02T18:50:00+0200,2025-10-02,17:10:00,-1.526,48.201,35152,35,Liffré,Communauté de communes Liffré-Cormier Communauté,France,1,C,17374,17,OUI
59746647,7856dba6f1634f1f057682362a488e0dede3022861a1616fe273adb2f07c2e36,2025-10-02T18:50:00+0200,2025-10-02,16:50:00,-1.692,48.118,35238,35,Rennes,Rennes Métropole,France,2025-10-02T18:50:00+0200,2025-10-02,17:20:00,-1.432,48.296,35178,35,Mézières-sur-Couesnon,Communauté de communes Liffré-Cormier Communauté,France,1,C,34186,31,OUI
59746728,d11043db9dbebe7a18e01922a0fdf048ae3a9225872e86441d401a28fb5ba95c,2025-10-02T18:50:00+0200,2025-10-02,16:50:00,-1.664,48.125,35238,35,Rennes,Rennes Métropole,France,2025-10-02T18:50:00+0200,2025-10-02,17:40:00,-1.218,48.113,35360,35,Vitré,Communauté d'agglomération Vitré Communauté,France,1,C,40533,41,OUI
59744958,d7978627a9df323d3bb6278fb496b414ca7de883df91e667f912062c51b52259,2025-10-02T18:50:00+0200,2025-10-02,16:50:00,-1.700,48.128,35238,35,Rennes,Rennes Métropole,France,2025-10-02T18:50:00+0200,2025-10-02,17:10:00,-1.775,48.096,35240,35,Le Rheu,Rennes Métropole,France,1,C,8473,13,OUI
59744919,eec72a7c610aba894028ccc27f657c14eb37b5c594e421a688ba30ef9bf233f1,2025-10-02T18:50:00+0200,2025-10-02,16:50:00,-1.637,48.133,35238,35,Rennes,Rennes Métropole,France,2025-10-02T18:50:00+0200,2025-10-02,17:10:00,-1.465,48.246,35121,35,Gosné,Communauté de communes Liffré-Cormier Communauté,France,1,B,19910,20,OUI
59747324,988b800d0f95add6b5eacb2f6673d32573a033d0f35b4a3fff197ac80c0d9742,2025-10-02T19:00:00+0200,2025-10-02,17:00:00,-1.488,47.952,35136,35,Janzé,Communauté de communes Roche aux Fées Communauté,France,2025-10-02T19:00:00+0200,2025-10-02,17:40:00,-1.253,48.117,35229,35,Pocé-les-Bois,Communauté d'agglomération Vitré Communauté,France,1,C,30515,37,OUI
59747077,29811b3629b57411abfa0677ec5a57bf6dff873e2c3177b733ed9bbd1aa18b6c,2025-10-02T19:00:00+0200,2025-10-02,17:00:00,-1.710,48.126,35238,35,Rennes,Rennes Métropole,France,2025-10-02T19:00:00+0200,2025-10-02,17:20:00,-1.516,48.211,35152,35,Liffré,Communauté de communes Liffré-Cormier Communauté,France,1,C,19885,18,OUI
59746957,3f132f919e497fac9d33b3762594935f6df27aacd071c2e30c60dc227caec2c3,2025-10-02T19:00:00+0200,2025-10-02,17:00:00,-1.715,48.115,35238,35,Rennes,Rennes Métropole,France,2025-10-02T19:00:00+0200,2025-10-02,17:30:00,-1.594,47.990,35032,35,Bourgbarré,Rennes Métropole,France,1,C,21711,22,OUI
59745057,1f99694a36b28c493091744b9ab46238b11be557ee688d77311e54096a70825d,2025-10-02T19:00:00+0200,2025-10-02,17:00:00,-1.739,47.996,35047,35,Bruz,Rennes Métropole,France,2025-10-02T19:00:00+0200,2025-10-02,17:30:00,-1.614,48.107,35051,35,Cesson-Sévigné,Rennes Métropole,France,1,C,19276,21,OUI
59746975,dca0128cc399ba3664c67a6bc729c9d1fde9947a4af46555a4d7904e25b22976,2025-10-02T19:00:00+0200,2025-10-02,17:00:00,-1.507,48.108,35039,35,Brécé,Rennes Métropole,France,2025-10-02T19:00:00+0200,2025-10-02,17:30:00,-1.593,48.243,35067,35,Chasné-sur-Illet,Communauté de communes Liffré-Cormier Communauté,France,1,C,26256,26,OUI
59748385,b57aa0f53bf6a40e1da8bcce2a0b0c864283a12895c012ae283a5d9438a928b6,2025-10-02T19:10:00+0200,2025-10-02,17:10:00,-1.696,48.154,35278,35,Saint-Grégoire,Rennes Métropole,France,2025-10-02T19:10:00+0200,2025-10-02,17:20:00,-1.788,48.221,35120,35,Gévezé,Rennes Métropole,France,1,C,11193,12,OUI
59745355,49fe5e82b4fb3dd7ca10dd2e99e47bafbbd4629ab0f6333d9a322f78047f6c9f,2025-10-02T19:10:00+0200,2025-10-02,17:10:00,-1.770,48.146,35210,35,Pacé,Rennes Métropole,France,2025-10-02T19:10:00+0200,2025-10-02,17:20:00,-1.795,48.099,35240,35,Le Rheu,Rennes Métropole,France,1,C,6846,10,OUI
59747959,8d7be05cad06350c75f956d0d5d765478a44638112cd2159be3c6d68f9eb189d,2025-10-02T19:10:00+0200,2025-10-02,17:10:00,-1.632,48.128,35238,35,Rennes,Rennes Métropole,France,2025-10-02T19:10:00+0200,2025-10-02,17:30:00,-1.890,48.147,35040,35,Breteil,Communauté de communes Montfort Communauté,France,1,C,25934,29,OUI
59750930,7d9f43d0b07226c05f9984f35a7a2c1a83428b4ef4b1619fcbeec1d3ed8dc8b7,2025-10-02T19:10:00+0200,2025-10-02,17:10:00,-1.306,48.333,35310,35,Saint-Sauveur-des-Landes,Communauté d'agglomération Fougères Agglomération,France,2025-10-02T19:10:00+0200,2025-10-02,17:20:00,-1.218,48.365,35150,35,Lécousse,Communauté d'agglomération Fougères Agglomération,France,1,C,9579,11,NON
59747508,c345d424961f40544943a567c23fc673f6c310863199354cfd3554f4d027d001,2025-10-02T19:10:00+0200,2025-10-02,17:10:00,-1.654,48.110,35238,35,Rennes,Rennes Métropole,France,2025-10-02T19:10:00+0200,2025-10-02,17:30:00,-1.513,48.211,35152,35,Liffré,Communauté de communes Liffré-Cormier Communauté,France,1,C,17141,20,OUI
59747563,a67363b2b2979b955b0f6c3d8a8bb749a6ee8c676186680afad3b7648a420001,2025-10-02T19:10:00+0200,2025-10-02,17:10:00,-1.665,48.107,35238,35,Rennes,Rennes Métropole,France,2025-10-02T19:10:00+0200,2025-10-02,17:50:00,-1.202,48.061,35109,35,Étrelles,Communauté d'agglomération Vitré Communauté,France,1,C,38369,36,OUI
59747492,d7c250cc33acca0058fbf6871e0580d4147785637d2f3a08969059062b124fea,2025-10-02T19:10:00+0200,2025-10-02,17:10:00,-1.742,47.987,35047,35,Bruz,Rennes Métropole,France,2025-10-02T19:10:00+0200,2025-10-02,17:30:00,-1.614,48.107,35051,35,Cesson-Sévigné,Rennes Métropole,France,1,C,20493,23,OUI
59747465,adcd36c895035919e4c216d177fb7324a094ce3580d6e26e19f1d01af180fb6b,2025-10-02T19:10:00+0200,2025-10-02,17:10:00,-1.748,48.046,35047,35,Bruz,Rennes Métropole,France,2025-10-02T19:10:00+0200,2025-10-02,17:20:00,-1.698,48.097,35238,35,Rennes,Rennes Métropole,France,1,C,7847,12,OUI
59745133,086da292cb44470c797d94d44028fcda18f582b854da1c4e486ff476e9942912,2025-10-02T19:10:00+0200,2025-10-02,17:10:00,-1.739,48.055,35047,35,Bruz,Rennes Métropole,France,2025-10-02T19:10:00+0200,2025-10-02,17:20:00,-1.849,48.071,35196,35,Mordelles,Rennes Métropole,France,1,C,9168,10,OUI
59748325,ce9dec33944126c82b0f1c7a6d11f12fbc4e2292170e98a2cc05a557e3f14d43,2025-10-02T19:10:00+0200,2025-10-02,17:10:00,-1.695,48.128,35238,35,Rennes,Rennes Métropole,France,2025-10-02T19:10:00+0200,2025-10-02,17:30:00,-1.605,48.259,35251,35,Saint-Aubin-d'Aubigné,Communauté de communes Val d'Ille-Aubigné,France,1,B,20669,21,OUI
59751572,06bd14a95211d8c06d0d809db248f9b6dce36c919a2d3b6a1a74bb49a9718945,2025-10-02T19:10:00+0200,2025-10-02,17:10:00,-1.705,48.113,35238,35,Rennes,Rennes Métropole,France,2025-10-02T19:10:00+0200,2025-10-02,17:50:00,-2.172,48.188,35297,35,Saint-Méen-le-Grand,Communauté de communes de Saint-Méen Montauban,France,1,B,39757,32,OUI
59747456,1cabbee40b9cb11709b7a13bc7d7e4b9c09ac624afc3d42c33b61f16be193443,2025-10-02T19:10:00+0200,2025-10-02,17:10:00,-1.741,48.044,35047,35,Bruz,Rennes Métropole,France,2025-10-02T19:10:00+0200,2025-10-02,17:30:00,-1.798,48.096,35240,35,Le Rheu,Rennes Métropole,France,1,C,9814,12,OUI
59747834,06bd14a95211d8c06d0d809db248f9b6dce36c919a2d3b6a1a74bb49a9718945,2025-10-02T19:10:00+0200,2025-10-02,17:10:00,-1.705,48.115,35238,35,Rennes,Rennes Métropole,France,2025-10-02T19:10:00+0200,2025-10-02,17:40:00,-2.048,48.205,35184,35,Montauban-de-Bretagne,Communauté de communes de Saint-Méen Montauban,France,1,C,28928,23,OUI
59751544,2f4cb40a95b6f313cd460b70185c64714632b6d6fd5245e3cf1ca9fe8a90352e,2025-10-02T19:10:00+0200,2025-10-02,17:10:00,-1.723,48.108,35238,35,Rennes,Rennes Métropole,France,2025-10-02T19:10:00+0200,2025-10-02,18:00:00,-1.226,48.351,35150,35,Lécousse,Communauté d'agglomération Fougères Agglomération,France,1,C,50868,40,OUI
59747737,340006c1a46d5f2d4297d8287dce8002105cc864ff7b63bd5edf8d4a968b17ac,2025-10-02T19:10:00+0200,2025-10-02,17:10:00,-1.695,48.137,35278,35,Saint-Grégoire,Rennes Métropole,France,2025-10-02T19:10:00+0200,2025-10-02,18:10:00,-1.273,48.480,35111,35,Le Ferré,Communauté d'agglomération Fougères Agglomération,France,1,A,62278,51,OUI
59747841,adffa6d591b8ba1ee3e08f1a0cf2c9b1f5227df4d5e24f3d815029c3de94e8d9,2025-10-02T19:10:00+0200,2025-10-02,17:10:00,-1.621,48.062,35352,35,Vern-sur-Seiche,Rennes Métropole,France,2025-10-02T19:10:00+0200,2025-10-02,17:30:00,-1.491,47.957,35136,35,Janzé,Communauté de communes Roche aux Fées Communauté,France,1,C,18588,17,OUI
59745361,959755aebc298ee28fbb1f1ebced93dfe42c124dc714b81bc8e350800bb1fa69,2025-10-02T19:20:00+0200,2025-10-02,17:20:00,-1.622,48.135,35051,35,Cesson-Sévigné,Rennes Métropole,France,2025-10-02T19:20:00+0200,2025-10-02,17:40:00,-1.770,48.146,35210,35,Pacé,Rennes Métropole,France,1,C,17219,21,OUI
59747255,2a71fcc445ef3ad74f83b72dd90b77706e45ece70a326b54d151346c91ae2670,2025-10-02T19:20:00+0200,2025-10-02,17:20:00,-1.623,48.100,35051,35,Cesson-Sévigné,Rennes Métropole,France,2025-10-02T19:20:00+0200,2025-10-02,17:40:00,-1.613,47.997,35032,35,Bourgbarré,Rennes Métropole,France,1,C,15717,16,OUI
59748074,2052228bc1a551974cfa49662c71fe5db53835df0690829cdcc64eb57bc0dafb,2025-10-02T19:20:00+0200,2025-10-02,17:20:00,-1.623,48.135,35051,35,Cesson-Sévigné,Rennes Métropole,France,2025-10-02T19:20:00+0200,2025-10-02,17:30:00,-1.490,48.219,35152,35,Liffré,Communauté de communes Liffré-Cormier Communauté,France,1,C,15285,13,OUI
59748210,7c745b0788d5555b5b60faef876ab4e22f8c0f473ff3f17ff6e63c3e484e546e,2025-10-02T19:20:00+0200,2025-10-02,17:20:00,-1.692,48.118,35238,35,Rennes,Rennes Métropole,France,2025-10-02T19:20:00+0200,2025-10-02,18:00:00,-1.209,48.340,35115,35,Fougères,Communauté d'agglomération Fougères Agglomération,France,1,C,49951,41,OUI
59748088,b040705291fed937f5c71d9eea9bd2d55d2304ef8bc9e3a659c3eda1f118e4fd,2025-10-02T19:20:00+0200,2025-10-02,17:20:00,-1.696,48.154,35278,35,Saint-Grégoire,Rennes Métropole,France,2025-10-02T19:20:00+0200,2025-10-02,17:30:00,-1.800,48.288,35317,35,Saint-Symphorien,Communauté de communes Val d'Ille-Aubigné,France,1,C,17358,13,OUI
59747885,7952560b67d867694480112148b7b4ae60e1d2e0f24bc1eb70b0394295fcf30e,2025-10-02T19:20:00+0200,2025-10-02,17:20:00,-1.692,48.118,35238,35,Rennes,Rennes Métropole,France,2025-10-02T19:20:00+0200,2025-10-02,17:30:00,-1.770,48.142,35210,35,Pacé,Rennes Métropole,France,1,C,7479,9,OUI
59747180,091baad2b6dc720fd376a081094a475a2b691c363244cd4d466118b8feadf499,2025-10-02T19:20:00+0200,2025-10-02,17:20:00,-1.717,48.067,35281,35,Saint-Jacques-de-la-Lande,Rennes Métropole,France,2025-10-02T19:20:00+0200,2025-10-02,17:50:00,-1.987,47.891,35168,35,Val d'Anast,Communauté de communes Vallons de Haute-Bretagne Communauté,France,1,C,36218,31,OUI
59746966,7952560b67d867694480112148b7b4ae60e1d2e0f24bc1eb70b0394295fcf30e,2025-10-02T19:20:00+0200,2025-10-02,17:20:00,-1.699,48.114,35238,35,Rennes,Rennes Métropole,France,2025-10-02T19:20:00+0200,2025-10-02,17:40:00,-1.921,48.174,35227,35,Pleumeleuc,Communauté de communes Montfort Communauté,France,1,C,19296,17,OUI
59746910,a101bd7f889f4c44b6a5b85a01da3537f7b0dcafbf4e17dbfbfb6730b75c2cd6,2025-10-02T19:20:00+0200,2025-10-02,17:20:00,-1.686,48.127,35238,35,Rennes,Rennes Métropole,France,2025-10-02T19:20:00+0200,2025-10-02,17:40:00,-1.413,48.259,35253,35,Saint-Aubin-du-Cormier,Communauté de communes Liffré-Cormier Communauté,France,1,C,28465,23,OUI
59749575,d7ac9708e8e8a67bd1aef34f7d7efe2245e2f07cdddee79abfaf6e9e4ae142f7,2025-10-02T19:20:00+0200,2025-10-02,17:20:00,-1.682,48.087,35238,35,Rennes,Rennes Métropole,France,2025-10-02T19:20:00+0200,2025-10-02,17:40:00,-1.810,47.960,35126,35,Guichen,Communauté de communes Vallons de Haute-Bretagne Communauté,France,1,C,23171,21,OUI
59751729,b6edf12ef68c12ced043bedbf1a3078f8c30ca1a776b058fa03d764840699241,2025-10-02T19:20:00+0200,2025-10-02,17:20:00,-1.620,48.131,35051,35,Cesson-Sévigné,Rennes Métropole,France,2025-10-02T19:20:00+0200,2025-10-02,18:00:00,-1.198,48.353,35115,35,Fougères,Communauté d'agglomération Fougères Agglomération,France,1,C,45080,36,OUI
59751541,d4132f6ec5c829f752f7e69680316c48265d8eb520fb571b992abd5e74adecd5,2025-10-02T19:20:00+0200,2025-10-02,17:20:00,-1.733,48.123,35353,35,Vezin-le-Coquet,Rennes Métropole,France,2025-10-02T19:20:00+0200,2025-10-02,18:00:00,-2.154,48.288,22032,22,Caulnes,Communauté d'agglomération Dinan Agglomération,France,1,C,39760,31,OUI
59751921,61329f7e64a3a845287d63e50ff028585f72a86876bf50412d3f0bbea9fb665d,2025-10-02T19:20:00+0200,2025-10-02,17:20:00,-1.659,48.138,35238,35,Rennes,Rennes Métropole,France,2025-10-02T19:20:00+0200,2025-10-02,18:10:00,-2.025,48.458,22118,22,Lanvallay,Communauté d'agglomération Dinan Agglomération,France,1,C,50998,45,OUI
59748327,460bc8f71a5ca64b079de478980e6239b2f76e483a7045fe44bb7da1fc878c97,2025-10-02T19:20:00+0200,2025-10-02,17:20:00,-1.599,48.116,35051,35,Cesson-Sévigné,Rennes Métropole,France,2025-10-02T19:20:00+0200,2025-10-02,17:40:00,-1.517,48.041,35069,35,Châteaugiron,Communauté de communes Pays de Châteaugiron Communauté,France,1,C,14566,19,OUI
59747895,7c745b0788d5555b5b60faef876ab4e22f8c0f473ff3f17ff6e63c3e484e546e,2025-10-02T19:20:00+0200,2025-10-02,17:20:00,-1.685,48.122,35238,35,Rennes,Rennes Métropole,France,2025-10-02T19:20:00+0200,2025-10-02,18:00:00,-1.209,48.340,35115,35,Fougères,Communauté d'agglomération Fougères Agglomération,France,1,C,49077,39,OUI
59747880,a101bd7f889f4c44b6a5b85a01da3537f7b0dcafbf4e17dbfbfb6730b75c2cd6,2025-10-02T19:20:00+0200,2025-10-02,17:20:00,-1.694,48.131,35238,35,Rennes,Rennes Métropole,France,2025-10-02T19:20:00+0200,2025-10-02,17:40:00,-1.526,48.202,35152,35,Liffré,Communauté de communes Liffré-Cormier Communauté,France,1,C,16763,15,OUI
59748895,42d1cf678dce958cd51ea619126fd5d393ce03ee15f241693c96c3d55b06fa19,2025-10-02T19:20:00+0200,2025-10-02,17:20:00,-1.649,48.087,35238,35,Rennes,Rennes Métropole,France,2025-10-02T19:20:00+0200,2025-10-02,17:50:00,-1.944,48.180,35023,35,Bédée,Communauté de communes Montfort Communauté,France,1,C,29187,26,OUI
59748310,16dd9b2d7affc4b5680b616aae8fa43b85d045381f50a6dc4345fc778b1f4d6a,2025-10-02T19:20:00+0200,2025-10-02,17:20:00,-1.545,48.134,35001,35,Acigné,Rennes Métropole,France,2025-10-02T19:20:00+0200,2025-10-02,17:40:00,-1.501,48.224,35152,35,Liffré,Communauté de communes Liffré-Cormier Communauté,France,1,C,16801,15,OUI
59748423,8b4217013221ce520cf4db6c3622c4fd77c79a554b074fd0edef0c00efbfdbb3,2025-10-02T19:30:00+0200,2025-10-02,17:30:00,-1.582,48.113,35051,35,Cesson-Sévigné,Rennes Métropole,France,2025-10-02T19:30:00+0200,2025-10-02,17:40:00,-1.620,48.132,35051,35,Cesson-Sévigné,Rennes Métropole,France,1,C,8645,11,OUI
59748161,0795ea49295096a52ab60f8089d1ddacad53b694657893f304f4576d39d829ac,2025-10-02T19:30:00+0200,2025-10-02,17:30:00,-1.693,48.135,35278,35,Saint-Grégoire,Rennes Métropole,France,2025-10-02T19:30:00+0200,2025-10-02,18:20:00,-2.062,48.453,22050,22,Dinan,Communauté d'agglomération Dinan Agglomération,France,1,C,52483,52,OUI
59751776,ef29aa83dde854def53785b7af49c4a6133785a4264434e8f830a1c4c542ec7e,2025-10-02T19:30:00+0200,2025-10-02,17:30:00,-1.682,48.105,35238,35,Rennes,Rennes Métropole,France,2025-10-02T19:30:00+0200,2025-10-02,18:00:00,-2.050,48.187,35184,35,Montauban-de-Bretagne,Communauté de communes de Saint-Méen Montauban,France,1,C,31908,30,OUI
59745423,cef20d25a8489849fe7dfc5c925aa89f158a13b5539b0d3e247347fda5e25849,2025-10-02T19:30:00+0200,2025-10-02,17:30:00,-1.697,48.154,35278,35,Saint-Grégoire,Rennes Métropole,France,2025-10-02T19:30:00+0200,2025-10-02,17:50:00,-1.795,48.099,35240,35,Le Rheu,Rennes Métropole,France,1,C,13346,19,OUI
59748710,ee49becb6d6d545d22c2b4e57c8a62734aaea02904d2bca1a73adc900e60bd9d,2025-10-02T19:30:00+0200,2025-10-02,17:30:00,-1.699,48.129,35238,35,Rennes,Rennes Métropole,France,2025-10-02T19:30:00+0200,2025-10-02,18:00:00,-1.409,48.258,35253,35,Saint-Aubin-du-Cormier,Communauté de communes Liffré-Cormier Communauté,France,1,C,29085,25,OUI
59745386,a8810276d25dda51a0f12c3b423990bb24671cdb2e3dfafd2a390e3468dfe19f,2025-10-02T19:30:00+0200,2025-10-02,17:30:00,-1.770,48.146,35210,35,Pacé,Rennes Métropole,France,2025-10-02T19:30:00+0200,2025-10-02,17:40:00,-1.795,48.099,35240,35,Le Rheu,Rennes Métropole,France,1,C,6846,10,OUI
59745411,d719e06440fe10ee778226a66f87202c25a1f8b5c9286536f9ade139348aeb2a,2025-10-02T19:30:00+0200,2025-10-02,17:30:00,-1.697,48.154,35278,35,Saint-Grégoire,Rennes Métropole,France,2025-10-02T19:30:00+0200,2025-10-02,17:40:00,-1.770,48.146,35210,35,Pacé,Rennes Métropole,France,1,C,6500,9,OUI
59751880,c0cec1f77888260a672a6fd886b6ca291e80953712b6eecc844af636ae1c749c,2025-10-02T19:30:00+0200,2025-10-02,17:30:00,-1.582,48.114,35051,35,Cesson-Sévigné,Rennes Métropole,France,2025-10-02T19:30:00+0200,2025-10-02,18:30:00,-1.364,47.718,44036,44,Châteaubriant,Communauté de communes Châteaubriant-Derval,France,1,C,61455,56,OUI
59748577,18ca231db86d53ec0aef90b53c79eee640615ee18b4d5c1bcb7c9a409a842267,2025-10-02T19:30:00+0200,2025-10-02,17:30:00,-1.623,48.133,35051,35,Cesson-Sévigné,Rennes Métropole,France,2025-10-02T19:30:00+0200,2025-10-02,17:50:00,-1.464,48.123,35327,35,Servon-sur-Vilaine,Communauté de communes Pays de Châteaugiron Communauté,France,1,C,19226,18,OUI
59748647,6d05870275d8028bbfa4c08c8a6edc536e91887caf2af22fb6209f09d7382900,2025-10-02T19:30:00+0200,2025-10-02,17:30:00,-1.618,48.133,35051,35,Cesson-Sévigné,Rennes Métropole,France,2025-10-02T19:30:00+0200,2025-10-02,18:10:00,-1.948,48.431,35225,35,Plesder,Communauté de communes Bretagne Romantique,France,1,C,47337,40,OUI
59748788,8cce0de4c896f9801682ff38ddf999d86d660ebbcbc6d2070f346a65dc855880,2025-10-02T19:30:00+0200,2025-10-02,17:30:00,-1.707,48.152,35189,35,Montgermont,Rennes Métropole,France,2025-10-02T19:30:00+0200,2025-10-02,18:00:00,-1.900,48.391,35226,35,Pleugueneuc,Communauté de communes Bretagne Romantique,France,1,C,32893,29,OUI
59748900,10d539948b59c74f3cf16318daaea225b2fa0417703fd086afaee2515c5ccda2,2025-10-02T19:30:00+0200,2025-10-02,17:30:00,-1.621,48.132,35051,35,Cesson-Sévigné,Rennes Métropole,France,2025-10-02T19:30:00+0200,2025-10-02,17:50:00,-1.621,48.265,35251,35,Saint-Aubin-d'Aubigné,Communauté de communes Val d'Ille-Aubigné,France,1,C,16829,17,OUI
59748869,1207b590ca87d5f888055c732c30ac90031087234a5169a24816c530e2e60699,2025-10-02T19:30:00+0200,2025-10-02,17:30:00,-1.690,48.109,35238,35,Rennes,Rennes Métropole,France,2025-10-02T19:30:00+0200,2025-10-02,18:10:00,-1.532,48.319,35326,35,Sens-de-Bretagne,Communauté de communes Val d'Ille-Aubigné,France,1,C,34011,33,OUI
59748697,a1bf39731ef36f514438af66852af36831be9f6bcc377824f510e99019d8d929,2025-10-02T19:30:00+0200,2025-10-02,17:30:00,-1.703,48.086,35281,35,Saint-Jacques-de-la-Lande,Rennes Métropole,France,2025-10-02T19:30:00+0200,2025-10-02,18:00:00,-1.893,47.911,35127,35,Guignen,Communauté de communes Vallons de Haute-Bretagne Communauté,France,1,C,27015,25,OUI
59748538,373541f481e2916d0fd9b885e4cac2dfb25a0be4ddaa19b5a24bed525d94f97f,2025-10-02T19:30:00+0200,2025-10-02,17:30:00,-1.633,48.123,35238,35,Rennes,Rennes Métropole,France,2025-10-02T19:30:00+0200,2025-10-02,17:50:00,-1.728,48.173,35059,35,La Chapelle-des-Fougeretz,Rennes Métropole,France,1,C,14234,19,OUI
59748618,7c745b0788d5555b5b60faef876ab4e22f8c0f473ff3f17ff6e63c3e484e546e,2025-10-02T19:30:00+0200,2025-10-02,17:30:00,-1.693,48.118,35238,35,Rennes,Rennes Métropole,France,2025-10-02T19:30:00+0200,2025-10-02,18:10:00,-1.234,48.352,35150,35,Lécousse,Communauté d'agglomération Fougères Agglomération,France,1,C,47290,38,OUI
59748698,84abbd40d9f0c54708167dae8362012bb280a3e48a42e816a05381771f1d3c48,2025-10-02T19:30:00+0200,2025-10-02,17:30:00,-1.626,48.127,35051,35,Cesson-Sévigné,Rennes Métropole,France,2025-10-02T19:30:00+0200,2025-10-02,18:00:00,-1.515,48.253,35107,35,Ercé-près-Liffré,Communauté de communes Liffré-Cormier Communauté,France,1,C,20019,21,OUI
59748979,48cd37dbffa42c955bcdc175926b67e4b31c0769f8b7aaffcf4b49eb0b028e4c,2025-10-02T19:40:00+0200,2025-10-02,17:40:00,-1.744,48.044,35047,35,Bruz,Rennes Métropole,France,2025-10-02T19:40:00+0200,2025-10-02,18:10:00,-2.101,48.001,35223,35,Plélan-le-Grand,Communauté de communes Brocéliande Communauté,France,1,C,31809,29,OUI
59749032,9a87e923b93b1d047d02d81db57972b6e1f367df06827ca6d5f0a808da34ce56,2025-10-02T19:40:00+0200,2025-10-02,17:40:00,-1.760,48.033,35047,35,Bruz,Rennes Métropole,France,2025-10-02T19:40:00+0200,2025-10-02,18:10:00,-1.916,48.142,35040,35,Breteil,Communauté de communes Montfort Communauté,France,1,C,28325,29,OUI
59752090,d4d3230ab5cb70152e6b298a949cddee841e5bf866cd51509209727ce5bccbc7,2025-10-02T19:40:00+0200,2025-10-02,17:40:00,-1.625,48.128,35051,35,Cesson-Sévigné,Rennes Métropole,France,2025-10-02T19:40:00+0200,2025-10-02,18:10:00,-1.881,48.060,35037,35,Bréal-sous-Montfort,Communauté de communes Brocéliande Communauté,France,1,B,24998,25,OUI
59749211,2b51205ae6d8bb9c782a00e4d4a4bc9da60d69750fe073c7472d9b3718f1add0,2025-10-02T19:40:00+0200,2025-10-02,17:40:00,-1.623,48.133,35051,35,Cesson-Sévigné,Rennes Métropole,France,2025-10-02T19:40:00+0200,2025-10-02,18:10:00,-1.373,48.093,35264,35,Saint-Didier,Communauté d'agglomération Vitré Communauté,France,1,C,24243,23,OUI
59748915,7a204b9fd80306df42fab4c79d28fbde67cca715cd946ad1afceea000cff7ecc,2025-10-02T19:40:00+0200,2025-10-02,17:40:00,-1.849,48.071,35196,35,Mordelles,Rennes Métropole,France,2025-10-02T19:40:00+0200,2025-10-02,18:00:00,-2.085,48.003,35223,35,Plélan-le-Grand,Communauté de communes Brocéliande Communauté,France,1,C,19945,16,OUI
59749128,c769fd4d836e6f4d036b63c8cd1eac135d1c303177657947947ce5263bd263b4,2025-10-02T19:40:00+0200,2025-10-02,17:40:00,-1.742,47.987,35047,35,Bruz,Rennes Métropole,France,2025-10-02T19:40:00+0200,2025-10-02,18:00:00,-1.692,48.086,35281,35,Saint-Jacques-de-la-Lande,Rennes Métropole,France,1,C,13488,17,OUI
59752610,0a13909e061fb91372cb513fe681a99bea95234c947c9b3b74a9e70bc192d7a9,2025-10-02T19:50:00+0200,2025-10-02,17:50:00,-1.672,48.083,35238,35,Rennes,Rennes Métropole,France,2025-10-02T19:50:00+0200,2025-10-02,18:40:00,-1.622,47.563,44113,44,Nozay,Communauté de communes de Nozay,France,1,A,62510,50,OUI
59756706,655a66b02ce83c5f86a7364f795b422872ca878324a4e134638412e50a98ffe4,2025-10-02T19:50:00+0200,2025-10-02,17:50:00,-1.622,48.135,35051,35,Cesson-Sévigné,Rennes Métropole,France,2025-10-02T19:50:00+0200,2025-10-02,18:00:00,-1.707,48.155,35189,35,Montgermont,Rennes Métropole,France,1,C,11858,15,OUI
59752322,17d2429086315a8ba294ee028eb5a2155cfacf245353870189ea2783991ec34a,2025-10-02T19:50:00+0200,2025-10-02,17:50:00,-1.625,48.127,35051,35,Cesson-Sévigné,Rennes Métropole,France,2025-10-02T19:50:00+0200,2025-10-02,18:10:00,-1.497,48.039,35069,35,Châteaugiron,Communauté de communes Pays de Châteaugiron Communauté,France,1,C,19910,23,OUI
59749391,30034cd833ccdda89b026ba82998ab4fffc7d52c2f3b12d77ca5094cc0bb548e,2025-10-02T19:50:00+0200,2025-10-02,17:50:00,-1.620,48.131,35051,35,Cesson-Sévigné,Rennes Métropole,France,2025-10-02T19:50:00+0200,2025-10-02,18:10:00,-1.504,48.055,35069,35,Châteaugiron,Communauté de communes Pays de Châteaugiron Communauté,France,1,C,16976,20,OUI
59754556,be338bbb89ddacc20eb74dea31c49bef765ea683e3d631a546731cff4c72f600,2025-10-02T19:50:00+0200,2025-10-02,17:50:00,-1.643,48.086,35238,35,Rennes,Rennes Métropole,France,2025-10-02T19:50:00+0200,2025-10-02,18:10:00,-1.576,47.971,35088,35,Corps-Nuds,Rennes Métropole,France,1,C,16677,18,OUI
59749275,000cb45093980ad69b35c0bb9717f3b731946a90a5958805b47638680eff380d,2025-10-02T19:50:00+0200,2025-10-02,17:50:00,-1.601,48.058,35352,35,Vern-sur-Seiche,Rennes Métropole,France,2025-10-02T19:50:00+0200,2025-10-02,18:00:00,-1.643,48.087,35238,35,Rennes,Rennes Métropole,France,1,C,5197,7,OUI
59749384,abf3cc19ce0b825fbb305fdc515be9bf6b47c440c083982f43bc8b70493fb756,2025-10-02T19:50:00+0200,2025-10-02,17:50:00,-1.631,48.118,35051,35,Cesson-Sévigné,Rennes Métropole,France,2025-10-02T19:50:00+0200,2025-10-02,18:20:00,-1.843,48.076,35196,35,Mordelles,Rennes Métropole,France,1,C,24643,28,OUI
59749335,3b0e63b35b4bf9ca830721e51d838a4aed40814f44288a2bb539da6e9fd8ef28,2025-10-02T19:50:00+0200,2025-10-02,17:50:00,-1.695,48.137,35278,35,Saint-Grégoire,Rennes Métropole,France,2025-10-02T19:50:00+0200,2025-10-02,18:20:00,-1.864,48.405,35226,35,Pleugueneuc,Communauté de communes Bretagne Romantique,France,1,C,39411,35,OUI
59749238,8f7e4b3a12dd6fbeaced0a98a2a5aad1ba77af4cebff4a1286183233c356b7cc,2025-10-02T19:50:00+0200,2025-10-02,17:50:00,-1.683,48.132,35238,35,Rennes,Rennes Métropole,France,2025-10-02T19:50:00+0200,2025-10-02,18:10:00,-1.848,48.325,35337,35,Tinténiac,Communauté de communes Bretagne Romantique,France,1,C,26137,22,OUI
59752347,000cb45093980ad69b35c0bb9717f3b731946a90a5958805b47638680eff380d,2025-10-02T19:50:00+0200,2025-10-02,17:50:00,-1.600,48.057,35352,35,Vern-sur-Seiche,Rennes Métropole,France,2025-10-02T19:50:00+0200,2025-10-02,18:00:00,-1.643,48.087,35238,35,Rennes,Rennes Métropole,France,1,C,5382,7,OUI
59752256,a1e694b46c3f2622072f50a301235a71674d8a7105af12360101e04d8363f3b6,2025-10-02T19:50:00+0200,2025-10-02,17:50:00,-1.741,48.046,35047,35,Bruz,Rennes Métropole,France,2025-10-02T19:50:00+0200,2025-10-02,18:00:00,-1.693,48.099,35238,35,Rennes,Rennes Métropole,France,1,C,7882,11,OUI
59749620,4fcdccb252408abcbe6cda3e3ee413f1cc9c3dc98df49442cb537f2cd51e8af1,2025-10-02T19:50:00+0200,2025-10-02,17:50:00,-1.622,48.137,35051,35,Cesson-Sévigné,Rennes Métropole,France,2025-10-02T19:50:00+0200,2025-10-02,18:00:00,-1.693,48.188,35173,35,Melesse,Communauté de communes Val d'Ille-Aubigné,France,1,C,10715,12,OUI
59756612,655a66b02ce83c5f86a7364f795b422872ca878324a4e134638412e50a98ffe4,2025-10-02T19:50:00+0200,2025-10-02,17:50:00,-1.688,48.160,35278,35,Saint-Grégoire,Rennes Métropole,France,2025-10-02T19:50:00+0200,2025-10-02,18:20:00,-1.795,48.099,35240,35,Le Rheu,Rennes Métropole,France,1,C,15260,22,OUI
59752422,8e75eabbb5c9d3bd204af6149b14bbaf370435d8599a5f056b8b9ddf90c0c067,2025-10-02T19:50:00+0200,2025-10-02,17:50:00,-1.626,48.126,35051,35,Cesson-Sévigné,Rennes Métropole,France,2025-10-02T19:50:00+0200,2025-10-02,18:20:00,-1.519,48.041,35099,35,Domloup,Communauté de communes Pays de Châteaugiron Communauté,France,1,C,18601,21,OUI
59754733,8af403318f133bfdc85d3acb2264bec0b77bea6d1e61e56366fbe175409937cb,2025-10-02T19:50:00+0200,2025-10-02,17:50:00,-1.751,48.028,35047,35,Bruz,Rennes Métropole,France,2025-10-02T19:50:00+0200,2025-10-02,18:10:00,-1.856,47.925,35127,35,Guignen,Communauté de communes Vallons de Haute-Bretagne Communauté,France,1,C,16945,12,OUI
59752367,5823b80f0554cf330c729b5b3f376f3da3b63848fc332f5e4bd84a705b5a279e,2025-10-02T19:50:00+0200,2025-10-02,17:50:00,-1.684,48.124,35238,35,Rennes,Rennes Métropole,France,2025-10-02T19:50:00+0200,2025-10-02,18:20:00,-1.726,48.275,35128,35,Guipel,Communauté de communes Val d'Ille-Aubigné,France,1,A,18394,20,OUI
59749483,5bac4e26753acd87db294c15fc27e8372ff8d7cb097c58b032a355eba36d05f4,2025-10-02T19:50:00+0200,2025-10-02,17:50:00,-1.625,48.135,35051,35,Cesson-Sévigné,Rennes Métropole,France,2025-10-02T19:50:00+0200,2025-10-02,18:10:00,-1.504,48.213,35152,35,Liffré,Communauté de communes Liffré-Cormier Communauté,France,1,C,13464,13,OUI
59756676,655a66b02ce83c5f86a7364f795b422872ca878324a4e134638412e50a98ffe4,2025-10-02T20:00:00+0200,2025-10-02,18:00:00,-1.622,48.135,35051,35,Cesson-Sévigné,Rennes Métropole,France,2025-10-02T20:00:00+0200,2025-10-02,18:20:00,-1.770,48.146,35210,35,Pacé,Rennes Métropole,France,1,C,17219,21,OUI
59756700,2ab00f0f287b66f6a92aa0fc3beeacd1e1bfed7f9a09490179b8c36f9433a539,2025-10-02T20:00:00+0200,2025-10-02,18:00:00,-1.688,48.160,35278,35,Saint-Grégoire,Rennes Métropole,France,2025-10-02T20:00:00+0200,2025-10-02,18:10:00,-1.770,48.146,35210,35,Pacé,Rennes Métropole,France,1,C,8414,12,OUI
59756659,9af1d54d7bfc3d8b7fedf533aac06e582b6bab778d9c88ba2c9f109ba98b16c1,2025-10-02T20:00:00+0200,2025-10-02,18:00:00,-1.622,48.135,35051,35,Cesson-Sévigné,Rennes Métropole,France,2025-10-02T20:00:00+0200,2025-10-02,18:10:00,-1.697,48.154,35278,35,Saint-Grégoire,Rennes Métropole,France,1,C,10719,13,OUI
59752528,72f84e3ca8f40d0f2f7cd227a437fa46af4f08ac9ca8e44ffd9ea48cb75d38d6,2025-10-02T20:00:00+0200,2025-10-02,18:00:00,-1.629,48.127,35238,35,Rennes,Rennes Métropole,France,2025-10-02T20:00:00+0200,2025-10-02,18:30:00,-1.358,48.119,35283,35,Saint-Jean-sur-Vilaine,Communauté d'agglomération Vitré Communauté,France,1,C,24132,26,OUI
59749512,4001040d05dc03bbdd204ba93dde1ec7b3954a0be716f1e3b6d9fdbc1621addf,2025-10-02T20:00:00+0200,2025-10-02,18:00:00,-1.658,48.088,35238,35,Rennes,Rennes Métropole,France,2025-10-02T20:00:00+0200,2025-10-02,18:30:00,-1.467,48.247,35121,35,Gosné,Communauté de communes Liffré-Cormier Communauté,France,1,C,29844,30,OUI
59752559,235f01aafd356265272b80788b0cb40e933f3034c411be15d196d4b67bc8eb1b,2025-10-02T20:00:00+0200,2025-10-02,18:00:00,-1.734,48.069,35281,35,Saint-Jacques-de-la-Lande,Rennes Métropole,France,2025-10-02T20:00:00+0200,2025-10-02,19:10:00,-2.015,48.636,35288,35,Saint-Malo,Communauté d'agglomération du Pays de Saint Malo Agglomération,France,1,A,74885,66,OUI
59752542,6319617863d1ef6e21eed65938d0876dcfef8b9b50a48ccec01962b49e67247e,2025-10-02T20:00:00+0200,2025-10-02,18:00:00,-1.497,47.955,35136,35,Janzé,Communauté de communes Roche aux Fées Communauté,France,2025-10-02T20:00:00+0200,2025-10-02,18:30:00,-1.656,48.097,35238,35,Rennes,Rennes Métropole,France,1,C,22640,21,OUI
59752800,becec7e215e9cb260e6bbb496aae1c49e0c448170776c02979d205cc978b6e4b,2025-10-02T20:00:00+0200,2025-10-02,18:00:00,-1.629,48.095,35238,35,Rennes,Rennes Métropole,France,2025-10-02T20:00:00+0200,2025-10-02,18:20:00,-1.654,48.019,35266,35,Saint-Erblon,Rennes Métropole,France,1,A,15176,16,OUI
59749636,c92122ee7f343603e1a168c8946d130da5785da7a857e806de32885a4c868b2e,2025-10-02T20:00:00+0200,2025-10-02,18:00:00,-1.701,48.125,35238,35,Rennes,Rennes Métropole,France,2025-10-02T20:00:00+0200,2025-10-02,18:20:00,-1.921,48.175,35227,35,Pleumeleuc,Communauté de communes Montfort Communauté,France,1,C,21097,19,OUI
59752691,bf598ab1f18d3c89639e7a83efe7c5260f0a3723b363a25bcf56c479c2c630c5,2025-10-02T20:00:00+0200,2025-10-02,18:00:00,-1.696,48.154,35278,35,Saint-Grégoire,Rennes Métropole,France,2025-10-02T20:00:00+0200,2025-10-02,18:20:00,-1.595,48.124,35051,35,Cesson-Sévigné,Rennes Métropole,France,1,C,12370,16,OUI
59752713,db6e37325d183ad8861b1bcbc54c50c134fe0b8223fe8ec26b80eb01cc602a5b,2025-10-02T20:00:00+0200,2025-10-02,18:00:00,-1.673,48.087,35238,35,Rennes,Rennes Métropole,France,2025-10-02T20:00:00+0200,2025-10-02,18:20:00,-1.502,48.043,35069,35,Châteaugiron,Communauté de communes Pays de Châteaugiron Communauté,France,1,C,17947,20,OUI
59752450,d613401d0601e50afda1ed6955d8dc8347841dee4dfb9d592133d440548b02bd,2025-10-02T20:00:00+0200,2025-10-02,18:00:00,-1.693,48.135,35278,35,Saint-Grégoire,Rennes Métropole,France,2025-10-02T20:00:00+0200,2025-10-02,18:50:00,-1.186,48.354,35115,35,Fougères,Communauté d'agglomération Fougères Agglomération,France,1,C,51466,42,OUI
59749587,9fe1ef1843521985a8b61ae80f5442c1920eba3972723e667e40761fd8d84e23,2025-10-02T20:00:00+0200,2025-10-02,18:00:00,-1.628,48.133,35051,35,Cesson-Sévigné,Rennes Métropole,France,2025-10-02T20:00:00+0200,2025-10-02,18:30:00,-1.503,48.266,35107,35,Ercé-près-Liffré,Communauté de communes Liffré-Cormier Communauté,France,1,C,21294,24,OUI
59752807,404f50513f89e37605f9a148eb5738cb941b2bd10b3a1fcdddf8cd908227a4de,2025-10-02T20:00:00+0200,2025-10-02,18:00:00,-1.617,48.133,35051,35,Cesson-Sévigné,Rennes Métropole,France,2025-10-02T20:00:00+0200,2025-10-02,18:30:00,-1.436,48.176,35031,35,La Bouëxière,Communauté de communes Liffré-Cormier Communauté,France,1,C,20855,24,OUI
59756675,8a286912d9f10f1886f05f008091440ba425e48f01c00ef671d4eaa9ac227f20,2025-10-02T20:10:00+0200,2025-10-02,18:10:00,-1.622,48.135,35051,35,Cesson-Sévigné,Rennes Métropole,France,2025-10-02T20:10:00+0200,2025-10-02,18:30:00,-1.770,48.146,35210,35,Pacé,Rennes Métropole,France,1,C,17219,21,OUI
59756609,2ec5d0ac26ba20bf77a7f967c34851cddacc92506f6682ba3c97753d0b5f1bf3,2025-10-02T20:10:00+0200,2025-10-02,18:10:00,-1.622,48.135,35051,35,Cesson-Sévigné,Rennes Métropole,France,2025-10-02T20:10:00+0200,2025-10-02,18:40:00,-1.795,48.099,35240,35,Le Rheu,Rennes Métropole,France,1,C,24065,32,OUI
59752545,2dfb6a1c52b42e8f85995ed2e7a1bf05792e3d9196874fa1ff910cb1991f831c,2025-10-02T20:10:00+0200,2025-10-02,18:10:00,-1.734,48.105,35238,35,Rennes,Rennes Métropole,France,2025-10-02T20:10:00+0200,2025-10-02,18:20:00,-1.853,48.074,35196,35,Mordelles,Rennes Métropole,France,1,C,11059,12,OUI
59752662,fe87e6b230757dde31350e04cc9d8f298046c771e84004f214d70ef5f3450ae6,2025-10-02T20:10:00+0200,2025-10-02,18:10:00,-1.609,48.108,35051,35,Cesson-Sévigné,Rennes Métropole,France,2025-10-02T20:10:00+0200,2025-10-02,18:20:00,-1.614,48.046,35352,35,Vern-sur-Seiche,Rennes Métropole,France,1,C,11138,12,OUI
59752851,e27959c481c64431736824271468c1250a6baf018a60732b0c57e267bff6d0d7,2025-10-02T20:10:00+0200,2025-10-02,18:10:00,-1.711,48.101,35238,35,Rennes,Rennes Métropole,France,2025-10-02T20:10:00+0200,2025-10-02,18:20:00,-1.755,48.040,35047,35,Bruz,Rennes Métropole,France,1,C,9073,11,OUI
59756690,be78589353f01c4ca39f93da1e4b7946a5eb65bd12141c70785bc975241078d3,2025-10-02T20:10:00+0200,2025-10-02,18:10:00,-1.770,48.146,35210,35,Pacé,Rennes Métropole,France,2025-10-02T20:10:00+0200,2025-10-02,18:20:00,-1.795,48.099,35240,35,Le Rheu,Rennes Métropole,France,1,C,6846,10,OUI
59756653,2b5e9b48b0fb83bb1512388b9cb4b1f44c86e202a171ee1faa168b75d9e45f21,2025-10-02T20:10:00+0200,2025-10-02,18:10:00,-1.795,48.099,35240,35,Le Rheu,Rennes Métropole,France,2025-10-02T20:10:00+0200,2025-10-02,18:30:00,-1.768,48.147,35210,35,Pacé,Rennes Métropole,France,1,C,6830,11,OUI
59756637,655a66b02ce83c5f86a7364f795b422872ca878324a4e134638412e50a98ffe4,2025-10-02T20:10:00+0200,2025-10-02,18:10:00,-1.697,48.154,35278,35,Saint-Grégoire,Rennes Métropole,France,2025-10-02T20:10:00+0200,2025-10-02,18:20:00,-1.770,48.146,35210,35,Pacé,Rennes Métropole,France,1,C,6500,9,OUI
59753220,44402059e18de252f7413eb0971609473c369b95ddc3850c6670dbe913ddbc2c,2025-10-02T20:10:00+0200,2025-10-02,18:10:00,-1.625,48.133,35051,35,Cesson-Sévigné,Rennes Métropole,France,2025-10-02T20:10:00+0200,2025-10-02,18:30:00,-1.687,48.216,35173,35,Melesse,Communauté de communes Val d'Ille-Aubigné,France,1,C,14370,16,OUI
59752930,bf598ab1f18d3c89639e7a83efe7c5260f0a3723b363a25bcf56c479c2c630c5,2025-10-02T20:10:00+0200,2025-10-02,18:10:00,-1.696,48.153,35278,35,Saint-Grégoire,Rennes Métropole,France,2025-10-02T20:10:00+0200,2025-10-02,18:30:00,-1.596,48.125,35051,35,Cesson-Sévigné,Rennes Métropole,France,1,C,12496,16,OUI
59753116,3bde6734ece2688221653e791f86d78cf80729a2d3f0b9a49cb585ec8955fc4e,2025-10-02T20:20:00+0200,2025-10-02,18:20:00,-1.702,48.112,35238,35,Rennes,Rennes Métropole,France,2025-10-02T20:20:00+0200,2025-10-02,19:00:00,-1.198,48.072,35109,35,Étrelles,Communauté d'agglomération Vitré Communauté,France,1,B,46385,39,OUI
59753246,c3b1151e462aa46e2d9521554396b9a71e0220943b743cee0e170fc2015e8416,2025-10-02T20:20:00+0200,2025-10-02,18:20:00,-1.615,48.121,35051,35,Cesson-Sévigné,Rennes Métropole,France,2025-10-02T20:20:00+0200,2025-10-02,18:40:00,-1.626,48.083,35055,35,Chantepie,Rennes Métropole,France,1,C,6339,11,OUI
59756604,67b52abeaae55301f51164689ed7d0b740a5f4b90132d1c3c37f7f80992fd685,2025-10-02T20:30:00+0200,2025-10-02,18:30:00,-1.622,48.135,35051,35,Cesson-Sévigné,Rennes Métropole,France,2025-10-02T20:30:00+0200,2025-10-02,18:50:00,-1.770,48.146,35210,35,Pacé,Rennes Métropole,France,1,B,17219,21,OUI
59755548,c4275d4edfabdc34ec48939d4ff839d55c99ff5c381d7bc81fa796064357315a,2025-10-02T20:30:00+0200,2025-10-02,18:30:00,-1.698,48.140,35278,35,Saint-Grégoire,Rennes Métropole,France,2025-10-02T20:30:00+0200,2025-10-02,19:10:00,-1.646,47.831,35012,35,Bain-de-Bretagne,Communauté de communes Bretagne porte de Loire Communauté,France,1,C,44260,40,OUI
59753434,eded9b5b174ebeb28ab27c5bf10425f9a2c361f10c97530c55e9774cb61890f9,2025-10-02T20:30:00+0200,2025-10-02,18:30:00,-1.623,48.133,35051,35,Cesson-Sévigné,Rennes Métropole,France,2025-10-02T20:30:00+0200,2025-10-02,19:00:00,-1.528,48.065,35099,35,Domloup,Communauté de communes Pays de Châteaugiron Communauté,France,1,C,16875,21,OUI
59753512,eded9b5b174ebeb28ab27c5bf10425f9a2c361f10c97530c55e9774cb61890f9,2025-10-02T20:30:00+0200,2025-10-02,18:30:00,-1.623,48.133,35051,35,Cesson-Sévigné,Rennes Métropole,France,2025-10-02T20:30:00+0200,2025-10-02,19:00:00,-1.528,48.065,35099,35,Domloup,Communauté de communes Pays de Châteaugiron Communauté,France,1,C,16875,21,OUI
59755616,4de8b91a7156d4b389f98aa9dc1b1b25c30d060f11e38f675b3b7e4f5c0158d0,2025-10-02T20:40:00+0200,2025-10-02,18:40:00,-1.625,48.127,35051,35,Cesson-Sévigné,Rennes Métropole,France,2025-10-02T20:40:00+0200,2025-10-02,19:00:00,-1.791,48.224,35120,35,Gévezé,Rennes Métropole,France,1,C,20551,25,OUI
59755641,ee151a6528b1aec93acc3902b12b09cc3bfd0949a5da3e19cbba6557f3c44ecf,2025-10-02T20:40:00+0200,2025-10-02,18:40:00,-1.621,48.134,35051,35,Cesson-Sévigné,Rennes Métropole,France,2025-10-02T20:40:00+0200,2025-10-02,18:50:00,-1.526,48.201,35152,35,Liffré,Communauté de communes Liffré-Cormier Communauté,France,1,B,11536,9,OUI
59755961,95885057c98eb1a2b418d580347a59afec621e6cef5641739bc35e36aacda9bb,2025-10-02T21:20:00+0200,2025-10-02,19:20:00,-1.676,48.117,35238,35,Rennes,Rennes Métropole,France,2025-10-02T21:20:00+0200,2025-10-02,19:40:00,-1.520,48.056,35099,35,Domloup,Communauté de communes Pays de Châteaugiron Communauté,France,1,C,14941,22,OUI
59756671,2309ffa1cd4a44c7f1a41663d801899c0566da3075c0cad6aae7f501dd9e49a4,2025-10-02T21:30:00+0200,2025-10-02,19:30:00,-1.770,48.146,35210,35,Pacé,Rennes Métropole,France,2025-10-02T21:30:00+0200,2025-10-02,19:40:00,-1.795,48.099,35240,35,Le Rheu,Rennes Métropole,France,1,C,6846,10,OUI
59757315,8b4794a28d143319517fcb343a6ceab2532180de04e1334efe6a79b0a51bee0b,2025-10-02T21:30:00+0200,2025-10-02,19:30:00,-1.708,48.109,35238,35,Rennes,Rennes Métropole,France,2025-10-02T21:30:00+0200,2025-10-02,20:10:00,-1.841,47.824,35176,35,Guipry-Messac,Communauté de communes Vallons de Haute-Bretagne Communauté,France,1,C,39464,37,OUI
59756214,0e2d9a51850e2832b7e80776b5f13031d03b6c97b52546c1072a496d0ed30454,2025-10-02T21:50:00+0200,2025-10-02,19:50:00,-1.626,48.083,35055,35,Chantepie,Rennes Métropole,France,2025-10-02T21:50:00+0200,2025-10-02,20:10:00,-1.683,48.151,35278,35,Saint-Grégoire,Rennes Métropole,France,1,C,11524,20,OUI
59757389,3c7d2cd320750fff247364da6113eface551bc526f6c96fc3ee7e612c6de7cd0,2025-10-02T21:50:00+0200,2025-10-02,19:50:00,-1.653,48.083,35238,35,Rennes,Rennes Métropole,France,2025-10-02T21:50:00+0200,2025-10-02,20:20:00,-1.866,48.047,35037,35,Bréal-sous-Montfort,Communauté de communes Brocéliande Communauté,France,1,C,24809,28,OUI
59756312,6a332d3c43ac208085c8ea79d6a5476630b1a31025db3d8ceb406f324ae44190,2025-10-02T22:00:00+0200,2025-10-02,20:00:00,-1.201,47.913,35235,35,Rannée,Communauté d'agglomération Vitré Communauté,France,2025-10-02T22:00:00+0200,2025-10-02,20:30:00,-1.187,48.112,35360,35,Vitré,Communauté d'agglomération Vitré Communauté,France,1,C,26306,33,OUI
59757436,b2dd74d4a7588f876c758ca88365cd3b945d2f5ea28a04bbdaa3405267a05740,2025-10-02T22:00:00+0200,2025-10-02,20:00:00,-1.506,48.108,35039,35,Brécé,Rennes Métropole,France,2025-10-02T22:00:00+0200,2025-10-02,20:40:00,-1.252,47.946,35125,35,La Guerche-de-Bretagne,Communauté d'agglomération Vitré Communauté,France,1,C,36566,36,OUI
59756435,1b44521f75653677bc525ddefb7db049ce9ba8335eb0c4907b0026d74d9efd5b,2025-10-02T22:10:00+0200,2025-10-02,20:10:00,-1.635,48.163,35024,35,Betton,Rennes Métropole,France,2025-10-02T22:10:00+0200,2025-10-02,20:30:00,-1.773,48.251,35356,35,Vignoc,Communauté de communes Val d'Ille-Aubigné,France,1,C,18459,17,OUI
59756381,3f2a0c86a8ddc50ec0bd4916b91acd45de7c8909f427b25105d6e0e272c09d2c,2025-10-02T22:10:00+0200,2025-10-02,20:10:00,-1.620,48.113,35051,35,Cesson-Sévigné,Rennes Métropole,France,2025-10-02T22:10:00+0200,2025-10-02,20:20:00,-1.524,48.114,35207,35,Noyal-sur-Vilaine,Communauté de communes Pays de Châteaugiron Communauté,France,1,C,10060,13,OUI
59757581,e38f79236596fe422fba4d390bf64dbeb26dd6ab50c7dc4c201742c482edfa22,2025-10-02T22:20:00+0200,2025-10-02,20:20:00,-1.693,48.134,35278,35,Saint-Grégoire,Rennes Métropole,France,2025-10-02T22:20:00+0200,2025-10-02,20:50:00,-1.416,48.097,35068,35,Châteaubourg,Communauté d'agglomération Vitré Communauté,France,1,C,25339,25,OUI
59757744,d4f47721d2d09eac3741ca71ed1853220bd85f239d6f8563077c31df1b0f16dd,2025-10-02T22:30:00+0200,2025-10-02,20:30:00,-1.749,48.027,35047,35,Bruz,Rennes Métropole,France,2025-10-02T22:30:00+0200,2025-10-02,20:50:00,-1.713,48.108,35238,35,Rennes,Rennes Métropole,France,1,C,11671,14,OUI
59757876,5cc1803079c2235590960ae78864b1d91f25f3909120732bdc59c98e1075e205,2025-10-02T22:50:00+0200,2025-10-02,20:50:00,-1.625,48.135,35051,35,Cesson-Sévigné,Rennes Métropole,France,2025-10-02T22:50:00+0200,2025-10-02,21:00:00,-1.515,48.210,35152,35,Liffré,Communauté de communes Liffré-Cormier Communauté,France,1,C,12315,11,OUI
59758992,b22b0cb4af66c3aef39880f92d9658074cc37d16bcbfb3c1e8220f668ac11312,2025-10-02T23:30:00+0200,2025-10-02,21:30:00,-1.254,47.922,35235,35,Rannée,Communauté d'agglomération Vitré Communauté,France,2025-10-02T23:30:00+0200,2025-10-02,21:50:00,-1.194,48.069,35109,35,Étrelles,Communauté d'agglomération Vitré Communauté,France,1,C,19542,23,OUI
59759015,10520f4ced53bef0161a2afd1cf2e39603a9d336d3869a926f3ee3f099857f19,2025-10-02T23:30:00+0200,2025-10-02,21:30:00,-1.674,48.101,35238,35,Rennes,Rennes Métropole,France,2025-10-02T23:30:00+0200,2025-10-02,22:00:00,-1.311,48.081,35087,35,Cornillé,Communauté d'agglomération Vitré Communauté,France,1,C,30478,34,OUI
59759074,724c40e450b230574bb66ca68202f24866402b6c85bfb30e1182bf3ff513f9ad,2025-10-02T23:40:00+0200,2025-10-02,21:40:00,-1.667,48.102,35238,35,Rennes,Rennes Métropole,France,2025-10-02T23:40:00+0200,2025-10-02,22:20:00,-1.314,48.146,35052,35,Champeaux,Communauté d'agglomération Vitré Communauté,France,1,C,32306,39,OUI
59759770,46500676d6e5a6386eb5ffb7f94925eedb65b01e412e719b9fd96e490e89786c,2025-10-03T00:10:00+0200,2025-10-02,22:10:00,-1.618,48.091,35055,35,Chantepie,Rennes Métropole,France,2025-10-03T00:10:00+0200,2025-10-02,22:30:00,-1.520,48.109,35207,35,Noyal-sur-Vilaine,Communauté de communes Pays de Châteaugiron Communauté,France,1,C,9271,10,OUI
59760785,9e1bff9e58a31b10f46285ef4db2eee4a47a22f4593aed8f9fbcdea2e98fff22,2025-10-03T01:50:00+0200,2025-10-02,23:50:00,-1.671,48.104,35238,35,Rennes,Rennes Métropole,France,2025-10-03T01:50:00+0200,2025-10-03,00:30:00,-2.127,47.926,56075,56,Guer,Communauté de communes de l'Oust à Brocéliande,France,1,C,45390,43,OUI
59761139,d9c0a5540f577640467c5aa00d4b41691d5c081ac0f2739a98413a71f53149c3,2025-10-03T04:30:00+0200,2025-10-03,02:30:00,-1.675,48.112,35238,35,Rennes,Rennes Métropole,France,2025-10-03T04:30:00+0200,2025-10-03,03:30:00,-1.146,48.152,35300,35,Saint-M'Hervé,Communauté d'agglomération Vitré Communauté,France,1,C,49186,50,OUI
59761524,0448d86aa402dc61e34501a13e1bf485e71e9d70a056acf2fcfdae028c7a099a,2025-10-03T06:40:00+0200,2025-10-03,04:40:00,-1.686,48.127,35238,35,Rennes,Rennes Métropole,France,2025-10-03T06:40:00+0200,2025-10-03,05:00:00,-1.460,48.102,35327,35,Servon-sur-Vilaine,Communauté de communes Pays de Châteaugiron Communauté,France,1,C,22890,22,OUI
59761531,0448d86aa402dc61e34501a13e1bf485e71e9d70a056acf2fcfdae028c7a099a,2025-10-03T06:40:00+0200,2025-10-03,04:40:00,-1.681,48.124,35238,35,Rennes,Rennes Métropole,France,2025-10-03T06:40:00+0200,2025-10-03,05:00:00,-1.458,48.102,35327,35,Servon-sur-Vilaine,Communauté de communes Pays de Châteaugiron Communauté,France,1,C,23665,24,OUI
59761584,3f9a8045455b7ad85406a373363a6530b41fd608020c47f74f765422cf325b46,2025-10-03T06:50:00+0200,2025-10-03,04:50:00,-1.655,48.090,35238,35,Rennes,Rennes Métropole,France,2025-10-03T06:50:00+0200,2025-10-03,05:20:00,-1.496,48.226,35152,35,Liffré,Communauté de communes Liffré-Cormier Communauté,France,1,C,26638,28,OUI
59761579,3f9a8045455b7ad85406a373363a6530b41fd608020c47f74f765422cf325b46,2025-10-03T06:50:00+0200,2025-10-03,04:50:00,-1.657,48.091,35238,35,Rennes,Rennes Métropole,France,2025-10-03T06:50:00+0200,2025-10-03,05:20:00,-1.496,48.226,35152,35,Liffré,Communauté de communes Liffré-Cormier Communauté,France,1,C,25990,28,OUI
59761592,3f9a8045455b7ad85406a373363a6530b41fd608020c47f74f765422cf325b46,2025-10-03T06:50:00+0200,2025-10-03,04:50:00,-1.652,48.127,35238,35,Rennes,Rennes Métropole,France,2025-10-03T06:50:00+0200,2025-10-03,05:10:00,-1.500,48.226,35152,35,Liffré,Communauté de communes Liffré-Cormier Communauté,France,1,C,17226,17,OUI
59762002,694ffc10e82d022594af35f5a653573e5fbdeeb4f07d8c06872c3ddeba0a4829,2025-10-03T07:10:00+0200,2025-10-03,05:10:00,-1.697,48.113,35238,35,Rennes,Rennes Métropole,France,2025-10-03T07:10:00+0200,2025-10-03,05:40:00,-1.496,48.226,35152,35,Liffré,Communauté de communes Liffré-Cormier Communauté,France,1,C,24905,24,OUI
59762189,4f78b4fecf99c937c66885e942ce65648fec0e65762d0bef384a6f848f512d4d,2025-10-03T07:30:00+0200,2025-10-03,05:30:00,-1.626,48.090,35055,35,Chantepie,Rennes Métropole,France,2025-10-03T07:30:00+0200,2025-10-03,06:00:00,-1.195,48.069,35109,35,Étrelles,Communauté d'agglomération Vitré Communauté,France,1,C,34630,29,OUI
59762165,4f78b4fecf99c937c66885e942ce65648fec0e65762d0bef384a6f848f512d4d,2025-10-03T07:30:00+0200,2025-10-03,05:30:00,-1.626,48.090,35055,35,Chantepie,Rennes Métropole,France,2025-10-03T07:30:00+0200,2025-10-03,06:00:00,-1.195,48.069,35109,35,Étrelles,Communauté d'agglomération Vitré Communauté,France,1,C,34630,29,OUI
59762178,4f78b4fecf99c937c66885e942ce65648fec0e65762d0bef384a6f848f512d4d,2025-10-03T07:30:00+0200,2025-10-03,05:30:00,-1.626,48.090,35055,35,Chantepie,Rennes Métropole,France,2025-10-03T07:30:00+0200,2025-10-03,06:00:00,-1.195,48.069,35109,35,Étrelles,Communauté d'agglomération Vitré Communauté,France,1,C,34630,29,OUI
59763002,9085cc6172c56ddbb464f2ce3c0c555696278a391225698b28936bb7e4cb007d,2025-10-03T08:10:00+0200,2025-10-03,06:10:00,-1.759,48.031,35047,35,Bruz,Rennes Métropole,France,2025-10-03T08:10:00+0200,2025-10-03,06:30:00,-1.654,48.097,35238,35,Rennes,Rennes Métropole,France,1,C,13484,17,OUI
59763837,267b8e3e2be4fc5d8cd9a3504702d779577864abcac3396b90da8a9f1de8ecc7,2025-10-03T09:00:00+0200,2025-10-03,07:00:00,-1.687,48.156,35278,35,Saint-Grégoire,Rennes Métropole,France,2025-10-03T09:00:00+0200,2025-10-03,07:30:00,-1.653,48.083,35238,35,Rennes,Rennes Métropole,France,1,C,16171,21,OUI
59765358,a00ff9dd48789e8b1f34935d8cac62c1f905569d8c6db74d2e94178f1a416ee6,2025-10-03T09:10:00+0200,2025-10-03,07:10:00,-1.674,48.116,35238,35,Rennes,Rennes Métropole,France,2025-10-03T09:10:00+0200,2025-10-03,08:00:00,-2.192,48.189,35297,35,Saint-Méen-le-Grand,Communauté de communes de Saint-Méen Montauban,France,1,C,44216,41,OUI
59765367,dafecc5dd8c7c86befee44b68d3baa65637022447f8ec40fbdb80e6de1842eb5,2025-10-03T09:10:00+0200,2025-10-03,07:10:00,-1.849,48.071,35196,35,Mordelles,Rennes Métropole,France,2025-10-03T09:10:00+0200,2025-10-03,07:30:00,-1.736,48.104,35353,35,Vezin-le-Coquet,Rennes Métropole,France,1,C,10696,11,OUI
59775285,76aa9beb2a585c8517ab354b09974acea1f077b11b1e7f0ddc3e5756ed1ae0ef,2025-10-03T09:20:00+0200,2025-10-03,07:20:00,-1.768,48.147,35210,35,Pacé,Rennes Métropole,France,2025-10-03T09:20:00+0200,2025-10-03,07:40:00,-1.622,48.135,35051,35,Cesson-Sévigné,Rennes Métropole,France,1,C,16107,23,OUI
59765446,7c7e6829a133c51a3d255592e477463018eac9d45e600df984b64617399e4867,2025-10-03T09:20:00+0200,2025-10-03,07:20:00,-1.692,48.086,35281,35,Saint-Jacques-de-la-Lande,Rennes Métropole,France,2025-10-03T09:20:00+0200,2025-10-03,07:40:00,-1.742,47.987,35047,35,Bruz,Rennes Métropole,France,1,C,13370,16,OUI
59765515,93d66f52953220371c5d65ec5538b5377f717b1441edb5f07a0e0e7e4d0162fd,2025-10-03T09:20:00+0200,2025-10-03,07:20:00,-1.843,48.076,35196,35,Mordelles,Rennes Métropole,France,2025-10-03T09:20:00+0200,2025-10-03,07:50:00,-1.631,48.118,35051,35,Cesson-Sévigné,Rennes Métropole,France,1,C,24957,29,OUI
59765109,b55f6c1479226b1c6d17b14e34307d9104b41b047ae9f5d55bdbe5c802f464da,2025-10-03T09:20:00+0200,2025-10-03,07:20:00,-1.847,48.073,35196,35,Mordelles,Rennes Métropole,France,2025-10-03T09:20:00+0200,2025-10-03,07:30:00,-1.740,48.046,35047,35,Bruz,Rennes Métropole,France,1,C,10343,12,OUI
59766308,71361e3a0d881bd38a31069edd21926b592b7f6f3b778cd1768e55881b7c2542,2025-10-03T09:20:00+0200,2025-10-03,07:20:00,-1.711,48.033,35066,35,Chartres-de-Bretagne,Rennes Métropole,France,2025-10-03T09:20:00+0200,2025-10-03,07:40:00,-1.621,48.114,35051,35,Cesson-Sévigné,Rennes Métropole,France,1,C,14826,18,OUI
59768516,8c96e504b4348698a35f92b93272bc11703b896ea6d2ab2ba1d988ba62a97e02,2025-10-03T09:20:00+0200,2025-10-03,07:20:00,-1.234,48.352,35150,35,Lécousse,Communauté d'agglomération Fougères Agglomération,France,2025-10-03T09:20:00+0200,2025-10-03,07:50:00,-1.621,48.134,35051,35,Cesson-Sévigné,Rennes Métropole,France,1,C,40350,30,OUI
59764781,13582d93a62babc158a5bfad92b854b9ed658bc4808a395fa7778f0d7b7c10ca,2025-10-03T09:20:00+0200,2025-10-03,07:20:00,-1.820,48.152,35275,35,Saint-Gilles,Rennes Métropole,France,2025-10-03T09:20:00+0200,2025-10-03,07:30:00,-1.705,48.115,35238,35,Rennes,Rennes Métropole,France,1,C,9981,10,OUI
59764799,16995d71231eee238e2a5f708347d9851504d6051fbe5ca5e02b3c4a221195b6,2025-10-03T09:20:00+0200,2025-10-03,07:20:00,-1.688,48.158,35278,35,Saint-Grégoire,Rennes Métropole,France,2025-10-03T09:20:00+0200,2025-10-03,07:40:00,-1.502,48.225,35152,35,Liffré,Communauté de communes Liffré-Cormier Communauté,France,1,C,21380,19,OUI
59765848,e92b2191288e3c57d20e2cd291da5ef9caa61c8be59f83258c382cae920fb4b2,2025-10-03T09:20:00+0200,2025-10-03,07:20:00,-1.714,47.978,35139,35,Laillé,Rennes Métropole,France,2025-10-03T09:20:00+0200,2025-10-03,07:40:00,-1.635,48.103,35238,35,Rennes,Rennes Métropole,France,1,C,19612,19,OUI
59768712,95b032dc54cd48cb48e910503b332e6fccaded725e23444cb5c712ad3fc236e8,2025-10-03T09:20:00+0200,2025-10-03,07:20:00,-1.810,48.153,35275,35,Saint-Gilles,Rennes Métropole,France,2025-10-03T09:20:00+0200,2025-10-03,08:00:00,-2.261,48.317,22020,22,Broons,Communauté d'agglomération Dinan Agglomération,France,1,C,41979,33,OUI
59766012,189054aea041cc57ab991be4205ebe799d53ab32eadc69113e75cda39d16bb29,2025-10-03T09:30:00+0200,2025-10-03,07:30:00,-1.641,48.097,35238,35,Rennes,Rennes Métropole,France,2025-10-03T09:30:00+0200,2025-10-03,07:50:00,-1.492,48.221,35152,35,Liffré,Communauté de communes Liffré-Cormier Communauté,France,1,C,23037,20,OUI
59766019,dfbc756009f2ccf2b7695fed47b9b83e1e0c86b27494dc83167dc01df98de70f,2025-10-03T09:30:00+0200,2025-10-03,07:30:00,-1.692,48.136,35278,35,Saint-Grégoire,Rennes Métropole,France,2025-10-03T09:30:00+0200,2025-10-03,08:10:00,-1.193,48.068,35109,35,Étrelles,Communauté d'agglomération Vitré Communauté,France,1,C,42086,35,OUI
59768929,31836ae2791f86b76ba19373174440907fa1b246f11dd6487b5dd0dab1da9bf4,2025-10-03T09:30:00+0200,2025-10-03,07:30:00,-1.682,48.105,35238,35,Rennes,Rennes Métropole,France,2025-10-03T09:30:00+0200,2025-10-03,08:00:00,-1.423,48.092,35068,35,Châteaubourg,Communauté d'agglomération Vitré Communauté,France,1,C,27001,29,OUI
59768912,3a5cfc119e8985c308d70ff0b4393a9eeb8ebb9b84aee05069b58e206e977aea,2025-10-03T09:30:00+0200,2025-10-03,07:30:00,-1.625,48.135,35051,35,Cesson-Sévigné,Rennes Métropole,France,2025-10-03T09:30:00+0200,2025-10-03,08:10:00,-1.180,48.342,35115,35,Fougères,Communauté d'agglomération Fougères Agglomération,France,1,C,46192,37,OUI
59766132,c348c1b02d5b492ff1e247ff48dac5de235390dd2776264155b25b5b227ac46c,2025-10-03T09:30:00+0200,2025-10-03,07:30:00,-1.240,47.921,35235,35,Rannée,Communauté d'agglomération Vitré Communauté,France,2025-10-03T09:30:00+0200,2025-10-03,08:00:00,-1.194,48.069,35109,35,Étrelles,Communauté d'agglomération Vitré Communauté,France,1,C,18694,24,OUI
59766191,c8c28c505d733a9566af0e7443048074765dd8f3762f6f4e18f04e524a080be7,2025-10-03T09:30:00+0200,2025-10-03,07:30:00,-1.623,48.090,35055,35,Chantepie,Rennes Métropole,France,2025-10-03T09:30:00+0200,2025-10-03,08:00:00,-1.194,48.069,35109,35,Étrelles,Communauté d'agglomération Vitré Communauté,France,1,C,34912,29,OUI
59766190,d694501182adbd51069f53d709af39639f596ed746ee6679feebb430f426bfae,2025-10-03T09:30:00+0200,2025-10-03,07:30:00,-1.661,48.032,35206,35,Noyal-Châtillon-sur-Seiche,Rennes Métropole,France,2025-10-03T09:30:00+0200,2025-10-03,07:50:00,-1.720,48.106,35238,35,Rennes,Rennes Métropole,France,1,C,14036,17,OUI
59768654,1ffbe85e13e99997165b3fdbbd85dac711394157d41fe8f504293139cd6fae30,2025-10-03T09:30:00+0200,2025-10-03,07:30:00,-1.688,48.118,35238,35,Rennes,Rennes Métropole,France,2025-10-03T09:30:00+0200,2025-10-03,07:50:00,-1.697,48.213,35173,35,Melesse,Communauté de communes Val d'Ille-Aubigné,France,1,B,11556,14,OUI
59765538,9c9fc8b6a359bd16bc73b92c24572a365e765304a37e11d83447ea423333d142,2025-10-03T09:30:00+0200,2025-10-03,07:30:00,-1.770,48.142,35210,35,Pacé,Rennes Métropole,France,2025-10-03T09:30:00+0200,2025-10-03,07:50:00,-1.686,48.127,35238,35,Rennes,Rennes Métropole,France,1,C,8961,10,OUI
59771556,76e7429da7306c63f4ac026b095f8b79cd0db2624b146c6b7e185380c1839df4,2025-10-03T09:40:00+0200,2025-10-03,07:40:00,-1.218,48.365,35150,35,Lécousse,Communauté d'agglomération Fougères Agglomération,France,2025-10-03T09:40:00+0200,2025-10-03,07:50:00,-1.302,48.333,35310,35,Saint-Sauveur-des-Landes,Communauté d'agglomération Fougères Agglomération,France,1,C,9127,10,NON
59766807,0843ec12172701cf5e9dd7ee2f17796dca558a1abec2e197607e21414e271bd2,2025-10-03T09:40:00+0200,2025-10-03,07:40:00,-1.579,48.140,35334,35,Thorigné-Fouillard,Rennes Métropole,France,2025-10-03T09:40:00+0200,2025-10-03,08:10:00,-1.742,47.987,35047,35,Bruz,Rennes Métropole,France,1,C,27181,29,OUI
59766374,0128071c381ef9daba578a68fba5b507b557896fa2e1b5c0273e556492bf3983,2025-10-03T09:40:00+0200,2025-10-03,07:40:00,-1.686,48.154,35278,35,Saint-Grégoire,Rennes Métropole,France,2025-10-03T09:40:00+0200,2025-10-03,08:00:00,-1.619,48.121,35051,35,Cesson-Sévigné,Rennes Métropole,France,1,C,10146,14,OUI
59769056,0382666fca126bb46a8e3f5a3f6205b96f0977b53928d5a7410baefdd684baec,2025-10-03T09:40:00+0200,2025-10-03,07:40:00,-1.628,48.140,35051,35,Cesson-Sévigné,Rennes Métropole,France,2025-10-03T09:40:00+0200,2025-10-03,08:20:00,-1.194,48.359,35115,35,Fougères,Communauté d'agglomération Fougères Agglomération,France,1,C,42997,36,OUI
59769094,292882eba5b67db68610ff115db0f02cd0af8ce1dc367e2274c5502c9a01f336,2025-10-03T09:40:00+0200,2025-10-03,07:40:00,-1.673,48.129,35238,35,Rennes,Rennes Métropole,France,2025-10-03T09:40:00+0200,2025-10-03,08:30:00,-1.202,48.355,35115,35,Fougères,Communauté d'agglomération Fougères Agglomération,France,1,C,48280,41,OUI
59766821,3451aa781eebad1331a58d2418bc350bfbaefc9f492b5a2d9de7303537879828,2025-10-03T09:40:00+0200,2025-10-03,07:40:00,-1.653,48.102,35238,35,Rennes,Rennes Métropole,France,2025-10-03T09:40:00+0200,2025-10-03,08:00:00,-1.531,48.118,35207,35,Noyal-sur-Vilaine,Communauté de communes Pays de Châteaugiron Communauté,France,1,C,11256,13,OUI
59766646,43c857867a6de7cd92e5e47ed7977a8aa3d911c599bd8e06c04f334a9f6f6d46,2025-10-03T09:40:00+0200,2025-10-03,07:40:00,-1.656,48.129,35238,35,Rennes,Rennes Métropole,France,2025-10-03T09:40:00+0200,2025-10-03,08:00:00,-1.492,48.224,35152,35,Liffré,Communauté de communes Liffré-Cormier Communauté,France,1,C,17780,19,OUI
59766623,3451aa781eebad1331a58d2418bc350bfbaefc9f492b5a2d9de7303537879828,2025-10-03T09:40:00+0200,2025-10-03,07:40:00,-1.653,48.102,35238,35,Rennes,Rennes Métropole,France,2025-10-03T09:40:00+0200,2025-10-03,08:00:00,-1.531,48.118,35207,35,Noyal-sur-Vilaine,Communauté de communes Pays de Châteaugiron Communauté,France,1,C,11256,13,OUI
59766734,3451aa781eebad1331a58d2418bc350bfbaefc9f492b5a2d9de7303537879828,2025-10-03T09:40:00+0200,2025-10-03,07:40:00,-1.653,48.102,35238,35,Rennes,Rennes Métropole,France,2025-10-03T09:40:00+0200,2025-10-03,08:00:00,-1.531,48.118,35207,35,Noyal-sur-Vilaine,Communauté de communes Pays de Châteaugiron Communauté,France,1,C,11256,13,OUI
59766764,43c857867a6de7cd92e5e47ed7977a8aa3d911c599bd8e06c04f334a9f6f6d46,2025-10-03T09:40:00+0200,2025-10-03,07:40:00,-1.653,48.129,35238,35,Rennes,Rennes Métropole,France,2025-10-03T09:40:00+0200,2025-10-03,08:00:00,-1.492,48.224,35152,35,Liffré,Communauté de communes Liffré-Cormier Communauté,France,1,C,17342,18,OUI
59775231,7ff340b62036b09a61ede6a4adcc34c7fc725dc6114e18caad17a0489cfcb22c,2025-10-03T09:50:00+0200,2025-10-03,07:50:00,-1.768,48.147,35210,35,Pacé,Rennes Métropole,France,2025-10-03T09:50:00+0200,2025-10-03,08:10:00,-1.622,48.135,35051,35,Cesson-Sévigné,Rennes Métropole,France,1,C,16107,23,OUI
59766955,20a4a213e857d159b52a06862beaeaa4268e5dcac731ca96ece2bada0297b3e4,2025-10-03T09:50:00+0200,2025-10-03,07:50:00,-1.755,48.040,35047,35,Bruz,Rennes Métropole,France,2025-10-03T09:50:00+0200,2025-10-03,08:00:00,-1.712,48.101,35238,35,Rennes,Rennes Métropole,France,1,C,9433,11,OUI
59769223,c2f74f76d9e4eb369749b2089db0375c386b4f9f2fec2a776eae97b60006b343,2025-10-03T09:50:00+0200,2025-10-03,07:50:00,-1.686,48.107,35238,35,Rennes,Rennes Métropole,France,2025-10-03T09:50:00+0200,2025-10-03,08:50:00,-2.045,48.455,22050,22,Dinan,Communauté d'agglomération Dinan Agglomération,France,1,C,54564,56,OUI
59766860,a4217b41a11e2cdb88622f4030fdc98d81ba7d5617114d50a979e5e2f0cd0388,2025-10-03T09:50:00+0200,2025-10-03,07:50:00,-1.656,48.018,35266,35,Saint-Erblon,Rennes Métropole,France,2025-10-03T09:50:00+0200,2025-10-03,08:10:00,-1.608,48.112,35051,35,Cesson-Sévigné,Rennes Métropole,France,1,C,17655,19,OUI
59775238,387351e3658df9349cd5f608a263253adf653f085794dc2de33fba8ce1890bfc,2025-10-03T09:50:00+0200,2025-10-03,07:50:00,-1.770,48.146,35210,35,Pacé,Rennes Métropole,France,2025-10-03T09:50:00+0200,2025-10-03,08:00:00,-1.795,48.099,35240,35,Le Rheu,Rennes Métropole,France,1,C,6846,10,OUI
59769193,611027631abb06644050e2f0511c5f5a1943e4c7b4300724e66ba36c8af1adc1,2025-10-03T09:50:00+0200,2025-10-03,07:50:00,-1.226,48.352,35150,35,Lécousse,Communauté d'agglomération Fougères Agglomération,France,2025-10-03T09:50:00+0200,2025-10-03,08:30:00,-1.620,48.131,35051,35,Cesson-Sévigné,Rennes Métropole,France,1,C,41569,32,OUI
59767084,e695cafefc2e58bd07731d7867d0fc3a009c56f28699796d211565453be3d02d,2025-10-03T09:50:00+0200,2025-10-03,07:50:00,-1.614,48.107,35051,35,Cesson-Sévigné,Rennes Métropole,France,2025-10-03T09:50:00+0200,2025-10-03,08:20:00,-1.742,47.987,35047,35,Bruz,Rennes Métropole,France,1,C,21411,24,OUI
59769177,efbca0c483aa0dd21d27488986e7d6d0c036442e4bf27f2c5d115233101460b6,2025-10-03T09:50:00+0200,2025-10-03,07:50:00,-1.681,48.124,35238,35,Rennes,Rennes Métropole,France,2025-10-03T09:50:00+0200,2025-10-03,08:50:00,-2.043,48.453,22050,22,Dinan,Communauté d'agglomération Dinan Agglomération,France,1,C,52230,51,OUI
59768966,41645901b64245d1bc1d2009d44e68920a22bfd99facdb2bf20cce1875b2d8c2,2025-10-03T09:50:00+0200,2025-10-03,07:50:00,-1.698,48.138,35278,35,Saint-Grégoire,Rennes Métropole,France,2025-10-03T09:50:00+0200,2025-10-03,08:40:00,-1.986,48.628,35288,35,Saint-Malo,Communauté d'agglomération du Pays de Saint Malo Agglomération,France,1,A,62561,50,OUI
59767403,3617099ebb83ff79cb18a9bf96369bd9d5ab0418bcb0e5996903e54d985d6400,2025-10-03T09:50:00+0200,2025-10-03,07:50:00,-1.644,48.112,35238,35,Rennes,Rennes Métropole,France,2025-10-03T09:50:00+0200,2025-10-03,08:10:00,-1.531,48.109,35207,35,Noyal-sur-Vilaine,Communauté de communes Pays de Châteaugiron Communauté,France,1,C,9786,11,OUI
59767194,f7a4073426b0c594cd8d3ca76984e3e137394b402ba2ed8e12747730a14af18b,2025-10-03T09:50:00+0200,2025-10-03,07:50:00,-1.491,47.957,35136,35,Janzé,Communauté de communes Roche aux Fées Communauté,France,2025-10-03T09:50:00+0200,2025-10-03,08:10:00,-1.621,48.062,35352,35,Vern-sur-Seiche,Rennes Métropole,France,1,C,19519,17,OUI
59767283,dd201b27b4efe42379754e18567a54f4bc43cad29d7325580db3915ddf0ea178,2025-10-03T10:00:00+0200,2025-10-03,08:00:00,-1.602,48.038,35352,35,Vern-sur-Seiche,Rennes Métropole,France,2025-10-03T10:00:00+0200,2025-10-03,08:20:00,-1.488,48.105,35039,35,Brécé,Rennes Métropole,France,1,C,21171,21,OUI
59769413,15af97d4808a4e56982bbdc45933f4d2ca1251d51bdb6d0554e8d3b78451ae32,2025-10-03T10:00:00+0200,2025-10-03,08:00:00,-1.581,48.162,35334,35,Thorigné-Fouillard,Rennes Métropole,France,2025-10-03T10:00:00+0200,2025-10-03,08:30:00,-1.196,48.343,35115,35,Fougères,Communauté d'agglomération Fougères Agglomération,France,1,C,40110,31,OUI
59775292,c6e4d9282c14ee9537bbd32223b892a72c18addfe0edfaefc388d8518597f959,2025-10-03T10:00:00+0200,2025-10-03,08:00:00,-1.768,48.147,35210,35,Pacé,Rennes Métropole,France,2025-10-03T10:00:00+0200,2025-10-03,08:10:00,-1.697,48.154,35278,35,Saint-Grégoire,Rennes Métropole,France,1,C,7077,9,OUI
59773340,7036ac89f17a451b4fda5ceb9d6c58795223a62d8b25ab0704b14db33eca68ac,2025-10-03T10:00:00+0200,2025-10-03,08:00:00,-1.712,48.122,35238,35,Rennes,Rennes Métropole,France,2025-10-03T10:00:00+0200,2025-10-03,08:40:00,-1.195,48.069,35109,35,Étrelles,Communauté d'agglomération Vitré Communauté,France,1,C,44932,39,OUI
59767018,17d71b5b93e6ae57a231dbdd382fa06c23a3e2b526aa41d90a0b5c1c7a8a01a4,2025-10-03T10:00:00+0200,2025-10-03,08:00:00,-1.645,48.090,35238,35,Rennes,Rennes Métropole,France,2025-10-03T10:00:00+0200,2025-10-03,08:20:00,-1.535,47.968,35041,35,Brie,Communauté de communes Roche aux Fées Communauté,France,1,C,17296,15,OUI
59769224,c2f74f76d9e4eb369749b2089db0375c386b4f9f2fec2a776eae97b60006b343,2025-10-03T10:00:00+0200,2025-10-03,08:00:00,-1.679,48.103,35238,35,Rennes,Rennes Métropole,France,2025-10-03T10:00:00+0200,2025-10-03,09:00:00,-2.046,48.448,22050,22,Dinan,Communauté d'agglomération Dinan Agglomération,France,1,C,54613,56,OUI
59769760,134c898a54ef8e951b20a1c32c1d74cda0d221a1253b7f63e889f54f7a786a07,2025-10-03T10:00:00+0200,2025-10-03,08:00:00,-1.788,48.054,35076,35,Chavagne,Rennes Métropole,France,2025-10-03T10:00:00+0200,2025-10-03,08:30:00,-1.685,47.852,35012,35,Bain-de-Bretagne,Communauté de communes Bretagne porte de Loire Communauté,France,1,C,31994,29,OUI
59767322,0cb9de8b156b7061bb85d9a883d80e50aefabd54a1cb661ee1d652b47d3af966,2025-10-03T10:00:00+0200,2025-10-03,08:00:00,-1.770,48.142,35210,35,Pacé,Rennes Métropole,France,2025-10-03T10:00:00+0200,2025-10-03,08:30:00,-2.194,48.185,35297,35,Saint-Méen-le-Grand,Communauté de communes de Saint-Méen Montauban,France,1,C,37156,29,OUI
59769743,3617099ebb83ff79cb18a9bf96369bd9d5ab0418bcb0e5996903e54d985d6400,2025-10-03T10:00:00+0200,2025-10-03,08:00:00,-1.655,48.109,35238,35,Rennes,Rennes Métropole,France,2025-10-03T10:00:00+0200,2025-10-03,08:30:00,-1.263,48.077,35338,35,Torcé,Communauté d'agglomération Vitré Communauté,France,1,C,31431,28,OUI
59769882,35b0c5b73b5ee8bcf66438d1768b9b6d5e23d64a2365f2b535d5c5e303989143,2025-10-03T10:00:00+0200,2025-10-03,08:00:00,-1.689,48.117,35238,35,Rennes,Rennes Métropole,France,2025-10-03T10:00:00+0200,2025-10-03,08:30:00,-1.824,48.299,35337,35,Tinténiac,Communauté de communes Bretagne Romantique,France,1,C,23953,22,OUI
59769604,fa31dc3766f0863fdeab888d632f77f63c837ccbd7ae35faa7b4625ff3004167,2025-10-03T10:00:00+0200,2025-10-03,08:00:00,-1.602,48.121,35051,35,Cesson-Sévigné,Rennes Métropole,France,2025-10-03T10:00:00+0200,2025-10-03,08:10:00,-1.533,48.111,35207,35,Noyal-sur-Vilaine,Communauté de communes Pays de Châteaugiron Communauté,France,1,C,7108,10,OUI
59775319,7b23d9a5c172d15fe8dfb0b31d3bc776950d3b6c298240e0d2e5085cb73bd82c,2025-10-03T10:10:00+0200,2025-10-03,08:10:00,-1.795,48.099,35240,35,Le Rheu,Rennes Métropole,France,2025-10-03T10:10:00+0200,2025-10-03,08:20:00,-1.768,48.147,35210,35,Pacé,Rennes Métropole,France,1,B,6830,11,OUI
59775187,37d5f2c861d812f6971138616dc936e0fef57a0715114ced210713a9fdcfc045,2025-10-03T10:10:00+0200,2025-10-03,08:10:00,-1.795,48.099,35240,35,Le Rheu,Rennes Métropole,France,2025-10-03T10:10:00+0200,2025-10-03,08:40:00,-1.622,48.135,35051,35,Cesson-Sévigné,Rennes Métropole,France,1,C,22938,34,OUI
59769279,8b71452e2675626cdd30a432e2c8043da9ad3893110115160ef8224c0521482f,2025-10-03T10:10:00+0200,2025-10-03,08:10:00,-1.711,48.116,35238,35,Rennes,Rennes Métropole,France,2025-10-03T10:10:00+0200,2025-10-03,08:20:00,-1.755,48.040,35047,35,Bruz,Rennes Métropole,France,1,C,12339,14,OUI
59769981,35b0c5b73b5ee8bcf66438d1768b9b6d5e23d64a2365f2b535d5c5e303989143,2025-10-03T10:10:00+0200,2025-10-03,08:10:00,-1.689,48.117,35238,35,Rennes,Rennes Métropole,France,2025-10-03T10:10:00+0200,2025-10-03,08:30:00,-1.818,48.298,35337,35,Tinténiac,Communauté de communes Bretagne Romantique,France,1,C,23142,20,OUI
59769282,677cf38dd11c2c7123e7e5e3f4aa3a769799cb433b1cf01fc50fb10ca3ca4edf,2025-10-03T10:10:00+0200,2025-10-03,08:10:00,-1.791,48.098,35240,35,Le Rheu,Rennes Métropole,France,2025-10-03T10:10:00+0200,2025-10-03,08:30:00,-1.637,48.133,35238,35,Rennes,Rennes Métropole,France,1,C,19005,21,OUI
59767393,35b0c5b73b5ee8bcf66438d1768b9b6d5e23d64a2365f2b535d5c5e303989143,2025-10-03T10:10:00+0200,2025-10-03,08:10:00,-1.689,48.117,35238,35,Rennes,Rennes Métropole,France,2025-10-03T10:10:00+0200,2025-10-03,08:40:00,-1.818,48.298,35337,35,Tinténiac,Communauté de communes Bretagne Romantique,France,1,C,23139,20,OUI
59770068,33e2ba925047b2d93e771a99bbd1dee0c62cc86d5ccbc585c3efa5827b8c0e50,2025-10-03T10:10:00+0200,2025-10-03,08:10:00,-1.790,48.078,35076,35,Chavagne,Rennes Métropole,France,2025-10-03T10:10:00+0200,2025-10-03,08:40:00,-2.121,47.932,56075,56,Guer,Communauté de communes de l'Oust à Brocéliande,France,1,C,35371,29,OUI
59769077,7707442ec354b7252289f49e6063e0d7c8218eff85026043da3ff248632d8e60,2025-10-03T10:10:00+0200,2025-10-03,08:10:00,-1.508,47.961,35136,35,Janzé,Communauté de communes Roche aux Fées Communauté,France,2025-10-03T10:10:00+0200,2025-10-03,08:30:00,-1.616,48.061,35352,35,Vern-sur-Seiche,Rennes Métropole,France,1,C,15910,14,OUI
59773359,6be0113a7b3013a53c53a175889e2b3991352b531b01d1311156db68fb4e444a,2025-10-03T10:10:00+0200,2025-10-03,08:10:00,-1.647,48.109,35238,35,Rennes,Rennes Métropole,France,2025-10-03T10:10:00+0200,2025-10-03,09:00:00,-1.202,48.348,35115,35,Fougères,Communauté d'agglomération Fougères Agglomération,France,1,C,48381,43,OUI
59775306,efa2f80d4f14f9c07a59e8ea1c94208fdec27fa2af07ade6ca1dcf772c2f2369,2025-10-03T10:20:00+0200,2025-10-03,08:20:00,-1.768,48.147,35210,35,Pacé,Rennes Métropole,France,2025-10-03T10:20:00+0200,2025-10-03,08:40:00,-1.622,48.135,35051,35,Cesson-Sévigné,Rennes Métropole,France,1,C,16107,23,OUI
59775244,efa2f80d4f14f9c07a59e8ea1c94208fdec27fa2af07ade6ca1dcf772c2f2369,2025-10-03T10:20:00+0200,2025-10-03,08:20:00,-1.768,48.147,35210,35,Pacé,Rennes Métropole,France,2025-10-03T10:20:00+0200,2025-10-03,08:40:00,-1.622,48.135,35051,35,Cesson-Sévigné,Rennes Métropole,France,1,B,16107,23,OUI
59770223,2c56010cf142f508119fa0245e2cdb00d30779464ebd99eb7fc08bd4610b9e1b,2025-10-03T10:20:00+0200,2025-10-03,08:20:00,-1.622,48.136,35051,35,Cesson-Sévigné,Rennes Métropole,France,2025-10-03T10:20:00+0200,2025-10-03,09:00:00,-1.203,48.330,35137,35,Javené,Communauté d'agglomération Fougères Agglomération,France,1,C,45633,37,OUI
59770348,2c56010cf142f508119fa0245e2cdb00d30779464ebd99eb7fc08bd4610b9e1b,2025-10-03T10:20:00+0200,2025-10-03,08:20:00,-1.622,48.136,35051,35,Cesson-Sévigné,Rennes Métropole,France,2025-10-03T10:20:00+0200,2025-10-03,09:00:00,-1.203,48.330,35137,35,Javené,Communauté d'agglomération Fougères Agglomération,France,1,C,45633,37,OUI
59769768,36c2cba58e06f55d5d6d614b76ad40e82fa2c125e6c56f989154cf419e9e29fa,2025-10-03T10:20:00+0200,2025-10-03,08:20:00,-1.594,48.000,35032,35,Bourgbarré,Rennes Métropole,France,2025-10-03T10:20:00+0200,2025-10-03,08:30:00,-1.697,48.036,35066,35,Chartres-de-Bretagne,Rennes Métropole,France,1,C,13185,14,OUI
59770322,90f43964f3e9e20b77e750fc9dd6a2810083cd877b9a810fba2594f83d19a64d,2025-10-03T10:20:00+0200,2025-10-03,08:20:00,-1.641,48.130,35238,35,Rennes,Rennes Métropole,France,2025-10-03T10:20:00+0200,2025-10-03,08:50:00,-1.265,48.079,35338,35,Torcé,Communauté d'agglomération Vitré Communauté,France,1,C,32755,30,OUI
59770734,7582786e9fe3bb8466ebd26dedf3d1d1f6ad9886f1872dfb6ea4c54d1eaee6f5,2025-10-03T10:20:00+0200,2025-10-03,08:20:00,-1.692,48.082,35238,35,Rennes,Rennes Métropole,France,2025-10-03T10:20:00+0200,2025-10-03,08:30:00,-1.706,48.113,35238,35,Rennes,Rennes Métropole,France,1,C,6334,8,OUI
59770195,16e0b23f3e08f10a2324c4b9d9c100eb4b50659110bffd8d27bb4758559e7431,2025-10-03T10:20:00+0200,2025-10-03,08:20:00,-1.690,48.109,35238,35,Rennes,Rennes Métropole,France,2025-10-03T10:20:00+0200,2025-10-03,08:50:00,-1.812,47.969,35126,35,Guichen,Communauté de communes Vallons de Haute-Bretagne Communauté,France,1,C,20313,21,OUI
59770608,26c24164d1bccbf1177d501227350208c8b5fd075b7b40cfa67805a6d31bbdd3,2025-10-03T10:30:00+0200,2025-10-03,08:30:00,-1.703,48.092,35281,35,Saint-Jacques-de-la-Lande,Rennes Métropole,France,2025-10-03T10:30:00+0200,2025-10-03,08:50:00,-1.791,47.969,35126,35,Guichen,Communauté de communes Vallons de Haute-Bretagne Communauté,France,1,C,19365,21,OUI
59770660,05b53515fcb1a7813f7c4dbc15a4113c6272ecf070b71b01e327ccbe33498cbf,2025-10-03T10:30:00+0200,2025-10-03,08:30:00,-1.488,47.955,35136,35,Janzé,Communauté de communes Roche aux Fées Communauté,France,2025-10-03T10:30:00+0200,2025-10-03,09:00:00,-1.738,48.053,35047,35,Bruz,Rennes Métropole,France,1,C,27100,25,OUI
59770593,8b8ce18bcfe1d93ac570930009fd1e36e73d2c7fbb95b0cb2976396eec4dc6ac,2025-10-03T10:30:00+0200,2025-10-03,08:30:00,-1.627,48.139,35051,35,Cesson-Sévigné,Rennes Métropole,France,2025-10-03T10:30:00+0200,2025-10-03,09:00:00,-1.265,48.077,35338,35,Torcé,Communauté d'agglomération Vitré Communauté,France,1,C,31234,25,OUI
59770707,6b186a8c3f527bff99b387bff04cddbcb16a4492d8d6b6fde3bf7ce262e801ec,2025-10-03T10:30:00+0200,2025-10-03,08:30:00,-1.701,48.111,35238,35,Rennes,Rennes Métropole,France,2025-10-03T10:30:00+0200,2025-10-03,08:40:00,-1.735,48.202,35177,35,La Mézière,Communauté de communes Val d'Ille-Aubigné,France,1,C,13450,13,OUI
59770809,bc68f130f4e0d90a1eebbd497116fddb31be7b612948aeeeb21737c9fa7ffcb7,2025-10-03T10:30:00+0200,2025-10-03,08:30:00,-1.720,47.978,35139,35,Laillé,Rennes Métropole,France,2025-10-03T10:30:00+0200,2025-10-03,09:00:00,-1.617,48.114,35051,35,Cesson-Sévigné,Rennes Métropole,France,1,C,21847,22,OUI
59770871,0c2546ff89cb05f5b96269fbec636408a3bcb5cfc544577268aa716026ca2ab7,2025-10-03T10:30:00+0200,2025-10-03,08:30:00,-1.739,48.055,35047,35,Bruz,Rennes Métropole,France,2025-10-03T10:30:00+0200,2025-10-03,08:50:00,-1.778,48.093,35240,35,Le Rheu,Rennes Métropole,France,1,C,8129,11,OUI
59775210,7d9084bf03672db3c87b7ba87500c9627f596956b6aa95367ee2b7e152126740,2025-10-03T10:40:00+0200,2025-10-03,08:40:00,-1.795,48.099,35240,35,Le Rheu,Rennes Métropole,France,2025-10-03T10:40:00+0200,2025-10-03,09:00:00,-1.697,48.154,35278,35,Saint-Grégoire,Rennes Métropole,France,1,C,13908,20,OUI
59770964,0de7361c6446f2f5d506b1b314147a935cf8455e7a04c1f71060c55066f7f56d,2025-10-03T10:40:00+0200,2025-10-03,08:40:00,-1.706,48.019,35363,35,Pont-Péan,Rennes Métropole,France,2025-10-03T10:40:00+0200,2025-10-03,08:50:00,-1.737,48.053,35047,35,Bruz,Rennes Métropole,France,1,C,8609,9,OUI
59771040,cba69b539ebcb73c2d7d59d16c684140b0f36162aa580f94efb3971837ccfc4d,2025-10-03T10:40:00+0200,2025-10-03,08:40:00,-1.693,48.106,35238,35,Rennes,Rennes Métropole,France,2025-10-03T10:40:00+0200,2025-10-03,09:00:00,-1.749,48.045,35047,35,Bruz,Rennes Métropole,France,1,C,9527,14,OUI
59770976,cba69b539ebcb73c2d7d59d16c684140b0f36162aa580f94efb3971837ccfc4d,2025-10-03T10:40:00+0200,2025-10-03,08:40:00,-1.696,48.105,35238,35,Rennes,Rennes Métropole,France,2025-10-03T10:40:00+0200,2025-10-03,09:00:00,-1.748,48.046,35047,35,Bruz,Rennes Métropole,France,1,C,9400,14,OUI
59774740,c98485fc6917d4f4d641d1094018b3b52e4f9e53aa7bbacae2b22e6afa6cd1f9,2025-10-03T11:00:00+0200,2025-10-03,09:00:00,-1.639,48.085,35238,35,Rennes,Rennes Métropole,France,2025-10-03T11:00:00+0200,2025-10-03,09:50:00,-1.201,48.350,35115,35,Fougères,Communauté d'agglomération Fougères Agglomération,France,1,C,52329,41,OUI
59773649,c30afebc3eb20b1152eaccafb657539e4fa575b36ac130178ee93421f079b387,2025-10-03T11:10:00+0200,2025-10-03,09:10:00,-1.803,48.222,35120,35,Gévezé,Rennes Métropole,France,2025-10-03T11:10:00+0200,2025-10-03,09:40:00,-1.685,48.106,35238,35,Rennes,Rennes Métropole,France,1,C,18124,26,OUI
59773922,a6443bee32ec14facb4ee23e98a6e4202135611fbb5aa8f1982514cb16c78b52,2025-10-03T11:50:00+0200,2025-10-03,09:50:00,-1.774,48.096,35240,35,Le Rheu,Rennes Métropole,France,2025-10-03T11:50:00+0200,2025-10-03,10:00:00,-1.759,48.031,35047,35,Bruz,Rennes Métropole,France,1,C,11535,13,OUI
59776549,3c8619d5b34f5a8ce2f729e109e50d29b2ca561b79aec5108457fb843280baad,2025-10-03T14:00:00+0200,2025-10-03,12:00:00,-1.703,48.069,35281,35,Saint-Jacques-de-la-Lande,Rennes Métropole,France,2025-10-03T14:00:00+0200,2025-10-03,12:20:00,-1.775,47.998,35126,35,Guichen,Communauté de communes Vallons de Haute-Bretagne Communauté,France,1,C,12397,15,OUI
59776080,5da0397470d7bc00b820066700a0d3e35b06ac48a4f38a9e4e4acd9100d6abd5,2025-10-03T14:10:00+0200,2025-10-03,12:10:00,-1.620,48.131,35051,35,Cesson-Sévigné,Rennes Métropole,France,2025-10-03T14:10:00+0200,2025-10-03,12:30:00,-1.496,48.226,35152,35,Liffré,Communauté de communes Liffré-Cormier Communauté,France,1,C,16129,15,OUI
59776082,0cb9be1927c3536aaf1186ec98c67226ffb7f81d30b7828cba08f743a2f373e8,2025-10-03T14:10:00+0200,2025-10-03,12:10:00,-1.633,48.093,35238,35,Rennes,Rennes Métropole,France,2025-10-03T14:10:00+0200,2025-10-03,12:50:00,-1.271,48.344,35243,35,Romagné,Communauté d'agglomération Fougères Agglomération,France,1,C,44738,35,OUI
59776720,c9907066ce13f16f3d9310a3b07438764a4890695369b56e04a30145a556e8c7,2025-10-03T14:10:00+0200,2025-10-03,12:10:00,-1.760,48.032,35047,35,Bruz,Rennes Métropole,France,2025-10-03T14:10:00+0200,2025-10-03,12:40:00,-1.916,48.142,35040,35,Breteil,Communauté de communes Montfort Communauté,France,1,C,28354,29,OUI
59776659,54f80b52cf81bed673f1152f1afd9c4b34f9fad8d88423f0c201c0d4ee8eaa75,2025-10-03T14:10:00+0200,2025-10-03,12:10:00,-1.622,48.136,35051,35,Cesson-Sévigné,Rennes Métropole,France,2025-10-03T14:10:00+0200,2025-10-03,12:30:00,-1.516,48.211,35152,35,Liffré,Communauté de communes Liffré-Cormier Communauté,France,1,C,13016,12,OUI
59776792,1f37b2868baedd1f92c9da7ba1bcf81113cef6b9f0b15309b21b2dc335bfbf8e,2025-10-03T14:20:00+0200,2025-10-03,12:20:00,-1.618,48.091,35055,35,Chantepie,Rennes Métropole,France,2025-10-03T14:20:00+0200,2025-10-03,12:30:00,-1.520,48.109,35207,35,Noyal-sur-Vilaine,Communauté de communes Pays de Châteaugiron Communauté,France,1,C,9271,10,OUI
59776771,1f37b2868baedd1f92c9da7ba1bcf81113cef6b9f0b15309b21b2dc335bfbf8e,2025-10-03T14:20:00+0200,2025-10-03,12:20:00,-1.707,48.042,35066,35,Chartres-de-Bretagne,Rennes Métropole,France,2025-10-03T14:20:00+0200,2025-10-03,12:40:00,-1.520,48.109,35207,35,Noyal-sur-Vilaine,Communauté de communes Pays de Châteaugiron Communauté,France,1,C,19518,21,OUI
59776729,1f37b2868baedd1f92c9da7ba1bcf81113cef6b9f0b15309b21b2dc335bfbf8e,2025-10-03T14:20:00+0200,2025-10-03,12:20:00,-1.618,48.091,35055,35,Chantepie,Rennes Métropole,France,2025-10-03T14:20:00+0200,2025-10-03,12:30:00,-1.520,48.109,35207,35,Noyal-sur-Vilaine,Communauté de communes Pays de Châteaugiron Communauté,France,1,C,9271,10,OUI
59776898,71b71df6ce01c9fccd7624cd711f43c0e52bd9b6466299752570696af9b3d130,2025-10-03T14:30:00+0200,2025-10-03,12:30:00,-1.631,48.118,35051,35,Cesson-Sévigné,Rennes Métropole,France,2025-10-03T14:30:00+0200,2025-10-03,13:00:00,-1.843,48.076,35196,35,Mordelles,Rennes Métropole,France,1,C,24643,28,OUI
59778078,ec600472cac56f03ab9ed1846d64c8265e4d394e1b7339a1ea8984c70c9f5055,2025-10-03T14:30:00+0200,2025-10-03,12:30:00,-1.620,48.131,35051,35,Cesson-Sévigné,Rennes Métropole,France,2025-10-03T14:30:00+0200,2025-10-03,12:50:00,-1.496,48.226,35152,35,Liffré,Communauté de communes Liffré-Cormier Communauté,France,1,C,16133,16,OUI
59776989,dc13e8529fcafab816b460ec53e6985136fe9dd921bed713edf7e4ef2eff5ebd,2025-10-03T14:30:00+0200,2025-10-03,12:30:00,-1.643,48.086,35238,35,Rennes,Rennes Métropole,France,2025-10-03T14:30:00+0200,2025-10-03,13:00:00,-1.496,48.226,35152,35,Liffré,Communauté de communes Liffré-Cormier Communauté,France,1,C,25291,24,OUI
59778120,dc13e8529fcafab816b460ec53e6985136fe9dd921bed713edf7e4ef2eff5ebd,2025-10-03T14:30:00+0200,2025-10-03,12:30:00,-1.644,48.087,35238,35,Rennes,Rennes Métropole,France,2025-10-03T14:30:00+0200,2025-10-03,13:00:00,-1.496,48.226,35152,35,Liffré,Communauté de communes Liffré-Cormier Communauté,France,1,C,25278,24,OUI
59778110,dc13e8529fcafab816b460ec53e6985136fe9dd921bed713edf7e4ef2eff5ebd,2025-10-03T14:30:00+0200,2025-10-03,12:30:00,-1.644,48.087,35238,35,Rennes,Rennes Métropole,France,2025-10-03T14:30:00+0200,2025-10-03,13:00:00,-1.497,48.226,35152,35,Liffré,Communauté de communes Liffré-Cormier Communauté,France,1,C,24877,22,OUI
59776913,307d2924625caa12f0d98bbcaca05db3f6791d895b1738947a7718e76bdd2a89,2025-10-03T14:40:00+0200,2025-10-03,12:40:00,-1.703,48.122,35238,35,Rennes,Rennes Métropole,France,2025-10-03T14:40:00+0200,2025-10-03,13:00:00,-1.924,48.178,35227,35,Pleumeleuc,Communauté de communes Montfort Communauté,France,1,C,18981,17,OUI
59777020,ec600472cac56f03ab9ed1846d64c8265e4d394e1b7339a1ea8984c70c9f5055,2025-10-03T14:40:00+0200,2025-10-03,12:40:00,-1.620,48.131,35051,35,Cesson-Sévigné,Rennes Métropole,France,2025-10-03T14:40:00+0200,2025-10-03,13:00:00,-1.496,48.226,35152,35,Liffré,Communauté de communes Liffré-Cormier Communauté,France,1,C,16133,16,OUI
59777049,b8ef3e09028ef179f976d420bbe3442f2e01a7418ef26ba64109c6ab2b3261e9,2025-10-03T14:40:00+0200,2025-10-03,12:40:00,-1.744,48.044,35047,35,Bruz,Rennes Métropole,France,2025-10-03T14:40:00+0200,2025-10-03,13:10:00,-2.101,48.001,35223,35,Plélan-le-Grand,Communauté de communes Brocéliande Communauté,France,1,C,31809,29,OUI
59778092,79e2042f875b517d4f93ff84dfc53d204a4e3f498bc0298bd4a68763d4daef41,2025-10-03T14:40:00+0200,2025-10-03,12:40:00,-1.676,48.100,35238,35,Rennes,Rennes Métropole,France,2025-10-03T14:40:00+0200,2025-10-03,13:00:00,-1.588,48.112,35051,35,Cesson-Sévigné,Rennes Métropole,France,1,C,11552,15,OUI
59778216,2868fcb1680700062360eb8ee3ad3ea3f1b89db0c26376dfa36eee650b32c022,2025-10-03T15:10:00+0200,2025-10-03,13:10:00,-1.686,48.121,35238,35,Rennes,Rennes Métropole,France,2025-10-03T15:10:00+0200,2025-10-03,13:40:00,-1.914,48.432,35226,35,Pleugueneuc,Communauté de communes Bretagne Romantique,France,1,C,39853,32,OUI
59778484,c8fa418dcc50e0063d028de609dd320b89dd0a9686de9e87a23f5ab58fcbd4aa,2025-10-03T15:30:00+0200,2025-10-03,13:30:00,-1.627,48.139,35051,35,Cesson-Sévigné,Rennes Métropole,France,2025-10-03T15:30:00+0200,2025-10-03,13:40:00,-1.460,48.102,35327,35,Servon-sur-Vilaine,Communauté de communes Pays de Châteaugiron Communauté,France,1,B,16485,15,OUI
59779816,0b79c0854a75117671eb544f7ed1f07bf5ea7768c41ce5c22e179cd6d536cff8,2025-10-03T16:20:00+0200,2025-10-03,14:20:00,-1.240,47.922,35235,35,Rannée,Communauté d'agglomération Vitré Communauté,France,2025-10-03T16:20:00+0200,2025-10-03,14:40:00,-1.316,47.826,35167,35,Martigné-Ferchaud,Communauté de communes Roche aux Fées Communauté,France,1,C,14514,19,OUI
59779773,0b79c0854a75117671eb544f7ed1f07bf5ea7768c41ce5c22e179cd6d536cff8,2025-10-03T16:20:00+0200,2025-10-03,14:20:00,-1.240,47.922,35235,35,Rannée,Communauté d'agglomération Vitré Communauté,France,2025-10-03T16:20:00+0200,2025-10-03,14:40:00,-1.316,47.826,35167,35,Martigné-Ferchaud,Communauté de communes Roche aux Fées Communauté,France,1,C,14514,19,OUI
59779833,37ee45888fd25abffa3a0bfd049ffb614a80e17c9ba6e65ff2fcbfff140360b8,2025-10-03T16:20:00+0200,2025-10-03,14:20:00,-1.588,48.111,35051,35,Cesson-Sévigné,Rennes Métropole,France,2025-10-03T16:20:00+0200,2025-10-03,15:00:00,-1.227,48.350,35150,35,Lécousse,Communauté d'agglomération Fougères Agglomération,France,1,C,45361,37,OUI
59780700,866d049ff3420b4f84ea04667d7e84d5f0a95fa3d1137bde82e16db97bbc7ab4,2025-10-03T16:30:00+0200,2025-10-03,14:30:00,-1.506,48.108,35039,35,Brécé,Rennes Métropole,France,2025-10-03T16:30:00+0200,2025-10-03,15:10:00,-1.304,47.956,35359,35,Visseiche,Communauté d'agglomération Vitré Communauté,France,1,C,34194,34,OUI
59780058,3e010779903965d2df620f124b52903a3edab4cb692ad4d86449370adf7430d8,2025-10-03T17:00:00+0200,2025-10-03,15:00:00,-1.671,48.083,35238,35,Rennes,Rennes Métropole,France,2025-10-03T17:00:00+0200,2025-10-03,15:20:00,-1.688,47.857,35012,35,Bain-de-Bretagne,Communauté de communes Bretagne porte de Loire Communauté,France,1,C,28676,25,OUI
59780796,ce12e25c0e1d7fe53b4b6fbae2887a8f65bc800eea2ae1358fddf14779503e10,2025-10-03T17:00:00+0200,2025-10-03,15:00:00,-1.760,48.019,35047,35,Bruz,Rennes Métropole,France,2025-10-03T17:00:00+0200,2025-10-03,15:30:00,-1.458,48.102,35327,35,Servon-sur-Vilaine,Communauté de communes Pays de Châteaugiron Communauté,France,1,C,31215,31,OUI
59780829,ce12e25c0e1d7fe53b4b6fbae2887a8f65bc800eea2ae1358fddf14779503e10,2025-10-03T17:00:00+0200,2025-10-03,15:00:00,-1.760,48.019,35047,35,Bruz,Rennes Métropole,France,2025-10-03T17:00:00+0200,2025-10-03,15:30:00,-1.458,48.102,35327,35,Servon-sur-Vilaine,Communauté de communes Pays de Châteaugiron Communauté,France,1,C,31215,31,OUI
59780130,93b2916ef049beac95d95ae80039ae6d98be23008dbf82ce25def1fdd270c3df,2025-10-03T17:00:00+0200,2025-10-03,15:00:00,-1.653,48.083,35238,35,Rennes,Rennes Métropole,France,2025-10-03T17:00:00+0200,2025-10-03,15:20:00,-1.517,48.041,35069,35,Châteaugiron,Communauté de communes Pays de Châteaugiron Communauté,France,1,C,13880,18,OUI
59780937,44e0a2897246d26ac3817cd4f56249df73a0834989bbf68e4f4f6202b8cf110d,2025-10-03T17:10:00+0200,2025-10-03,15:10:00,-1.705,48.093,35281,35,Saint-Jacques-de-la-Lande,Rennes Métropole,France,2025-10-03T17:10:00+0200,2025-10-03,15:40:00,-1.376,48.093,35264,35,Saint-Didier,Communauté d'agglomération Vitré Communauté,France,1,C,28748,27,OUI
59781127,490648ffe8d6c50a508dc2370fcea142d603979cecce9f199e658b84037e0588,2025-10-03T17:30:00+0200,2025-10-03,15:30:00,-1.742,47.987,35047,35,Bruz,Rennes Métropole,France,2025-10-03T17:30:00+0200,2025-10-03,16:00:00,-1.579,48.140,35334,35,Thorigné-Fouillard,Rennes Métropole,France,1,C,26484,29,OUI
59781130,9ae9f051b31bac2811af35b98d90ab3d0af3afcde10323407fa326115ffac4e7,2025-10-03T17:30:00+0200,2025-10-03,15:30:00,-1.702,48.070,35281,35,Saint-Jacques-de-la-Lande,Rennes Métropole,France,2025-10-03T17:30:00+0200,2025-10-03,16:10:00,-1.908,48.406,35226,35,Pleugueneuc,Communauté de communes Bretagne Romantique,France,1,C,44795,37,OUI
59781431,5743254a08fbd06b31e217958b84178899909ec0c6c5b70f98c7707c4b90de97,2025-10-03T17:50:00+0200,2025-10-03,15:50:00,-1.584,48.138,35334,35,Thorigné-Fouillard,Rennes Métropole,France,2025-10-03T17:50:00+0200,2025-10-03,16:00:00,-1.503,48.049,35069,35,Châteaugiron,Communauté de communes Pays de Châteaugiron Communauté,France,1,C,14273,16,OUI
59782268,368d070c930afa490a2b7a85e1ec628c84ff44b42935f307b02b3692c3c23ead,2025-10-03T17:50:00+0200,2025-10-03,15:50:00,-1.745,47.992,35047,35,Bruz,Rennes Métropole,France,2025-10-03T17:50:00+0200,2025-10-03,16:30:00,-1.363,48.116,35283,35,Saint-Jean-sur-Vilaine,Communauté d'agglomération Vitré Communauté,France,1,B,40563,41,OUI
59781484,e41269f0acb93bcd4b4691dac5787364314f2472248254bc4f833d7a11e34b5a,2025-10-03T17:50:00+0200,2025-10-03,15:50:00,-1.711,48.116,35238,35,Rennes,Rennes Métropole,France,2025-10-03T17:50:00+0200,2025-10-03,16:10:00,-1.937,48.180,35023,35,Bédée,Communauté de communes Montfort Communauté,France,1,C,19265,17,OUI
59782317,5d8a6b5db71509bc218d2e109bb04adecff51b19c99ab0737b377c668b13705c,2025-10-03T18:00:00+0200,2025-10-03,16:00:00,-1.740,48.046,35047,35,Bruz,Rennes Métropole,France,2025-10-03T18:00:00+0200,2025-10-03,16:10:00,-1.847,48.073,35196,35,Mordelles,Rennes Métropole,France,1,C,10550,12,OUI
59782154,7ea4b9985dcb5b1aec9780b929739bd694bb0c1cf081b929c5090d34d1c48867,2025-10-03T18:00:00+0200,2025-10-03,16:00:00,-1.723,48.035,35047,35,Bruz,Rennes Métropole,France,2025-10-03T18:00:00+0200,2025-10-03,16:30:00,-1.967,47.926,35168,35,Val d'Anast,Communauté de communes Vallons de Haute-Bretagne Communauté,France,1,C,25235,31,OUI
59781425,183310d6896d5a01c87afdb7585cc9f4dd11513bd9ca6000fa8f398525d3cf7f,2025-10-03T18:00:00+0200,2025-10-03,16:00:00,-1.742,47.987,35047,35,Bruz,Rennes Métropole,France,2025-10-03T18:00:00+0200,2025-10-03,16:20:00,-1.692,48.086,35281,35,Saint-Jacques-de-la-Lande,Rennes Métropole,France,1,C,13488,17,OUI
59784914,bb382896af7216e0a22055d061d7d72d2350d6d3b274238b96a73fbc3a46d217,2025-10-03T18:00:00+0200,2025-10-03,16:00:00,-1.742,47.987,35047,35,Bruz,Rennes Métropole,France,2025-10-03T18:00:00+0200,2025-10-03,17:00:00,-1.207,48.120,35360,35,Vitré,Communauté d'agglomération Vitré Communauté,France,1,C,53170,52,OUI
59782398,5d8a6b5db71509bc218d2e109bb04adecff51b19c99ab0737b377c668b13705c,2025-10-03T18:00:00+0200,2025-10-03,16:00:00,-1.749,48.045,35047,35,Bruz,Rennes Métropole,France,2025-10-03T18:00:00+0200,2025-10-03,16:30:00,-1.903,48.144,35040,35,Breteil,Communauté de communes Montfort Communauté,France,1,C,23360,28,OUI
59784491,5732522eea6d9b2e349d43b642ee2b2826abbc4e6a1c9b427690324e394380df,2025-10-03T18:10:00+0200,2025-10-03,16:10:00,-1.306,48.333,35310,35,Saint-Sauveur-des-Landes,Communauté d'agglomération Fougères Agglomération,France,2025-10-03T18:10:00+0200,2025-10-03,16:20:00,-1.218,48.365,35150,35,Lécousse,Communauté d'agglomération Fougères Agglomération,France,1,C,9579,11,NON
59782635,14ddb35318a46fb42cd0d568c75613ea085f6614fef63e5772dd2d9d2333edcb,2025-10-03T18:10:00+0200,2025-10-03,16:10:00,-1.497,47.955,35136,35,Janzé,Communauté de communes Roche aux Fées Communauté,France,2025-10-03T18:10:00+0200,2025-10-03,16:30:00,-1.644,48.088,35238,35,Rennes,Rennes Métropole,France,1,C,21379,19,OUI
59782681,f13cceee3984460bdcd2447f552ce0ffa2e68d0c4fe8767467c5c4268851723d,2025-10-03T18:10:00+0200,2025-10-03,16:10:00,-1.771,48.154,35210,35,Pacé,Rennes Métropole,France,2025-10-03T18:10:00+0200,2025-10-03,16:40:00,-1.511,48.207,35152,35,Liffré,Communauté de communes Liffré-Cormier Communauté,France,1,C,26116,25,OUI
59783128,fbfc51054eb261eba15313143a5b976934353a0292c3e814f8ab3aef5d583c42,2025-10-03T18:20:00+0200,2025-10-03,16:20:00,-1.627,48.114,35051,35,Cesson-Sévigné,Rennes Métropole,France,2025-10-03T18:20:00+0200,2025-10-03,16:30:00,-1.696,48.042,35066,35,Chartres-de-Bretagne,Rennes Métropole,France,1,C,13501,14,OUI
59782869,6055d052e6b1344f9f89e76536056b5808eaefe91974901d9eaf3a538045d6b9,2025-10-03T18:20:00+0200,2025-10-03,16:20:00,-1.596,48.131,35334,35,Thorigné-Fouillard,Rennes Métropole,France,2025-10-03T18:20:00+0200,2025-10-03,17:00:00,-2.070,48.004,35223,35,Plélan-le-Grand,Communauté de communes Brocéliande Communauté,France,1,C,45091,41,OUI
59782788,6055d052e6b1344f9f89e76536056b5808eaefe91974901d9eaf3a538045d6b9,2025-10-03T18:20:00+0200,2025-10-03,16:20:00,-1.596,48.131,35334,35,Thorigné-Fouillard,Rennes Métropole,France,2025-10-03T18:20:00+0200,2025-10-03,17:00:00,-2.070,48.004,35223,35,Plélan-le-Grand,Communauté de communes Brocéliande Communauté,France,1,B,45091,41,OUI
59782850,8ef9b5a8fd01a44ea82c7a3e9241581ce776f7f4dfd81eafebf4e01e27ebf13f,2025-10-03T18:20:00+0200,2025-10-03,16:20:00,-1.506,48.108,35039,35,Brécé,Rennes Métropole,France,2025-10-03T18:20:00+0200,2025-10-03,16:50:00,-1.304,47.956,35359,35,Visseiche,Communauté d'agglomération Vitré Communauté,France,1,C,34194,34,OUI
59782803,6055d052e6b1344f9f89e76536056b5808eaefe91974901d9eaf3a538045d6b9,2025-10-03T18:20:00+0200,2025-10-03,16:20:00,-1.596,48.131,35334,35,Thorigné-Fouillard,Rennes Métropole,France,2025-10-03T18:20:00+0200,2025-10-03,17:00:00,-2.070,48.004,35223,35,Plélan-le-Grand,Communauté de communes Brocéliande Communauté,France,1,C,45091,41,OUI
59783455,6dfc348e8bf6be7370590c5ca21acdf53df7572c965c61b3bd1a9d8752a649c8,2025-10-03T18:30:00+0200,2025-10-03,16:30:00,-1.739,47.996,35047,35,Bruz,Rennes Métropole,France,2025-10-03T18:30:00+0200,2025-10-03,17:00:00,-1.404,48.110,35068,35,Châteaubourg,Communauté d'agglomération Vitré Communauté,France,1,C,34812,35,OUI
59783044,de1634d1fea1245c579c1a766008c40905b7c41e713ecd6df2032125e6c567df,2025-10-03T18:30:00+0200,2025-10-03,16:30:00,-1.695,48.119,35238,35,Rennes,Rennes Métropole,France,2025-10-03T18:30:00+0200,2025-10-03,16:50:00,-1.523,48.205,35152,35,Liffré,Communauté de communes Liffré-Cormier Communauté,France,1,C,20112,19,OUI
59783233,4859f0e9d0308e757e0c92765a446c75e916efe4db02b37eef0a8f7d45636060,2025-10-03T18:30:00+0200,2025-10-03,16:30:00,-1.623,48.136,35051,35,Cesson-Sévigné,Rennes Métropole,France,2025-10-03T18:30:00+0200,2025-10-03,17:00:00,-1.394,48.254,35253,35,Saint-Aubin-du-Cormier,Communauté de communes Liffré-Cormier Communauté,France,1,C,25079,20,OUI
59783195,8e97e461a11e381dedeb9bcd11f34104c89b8489bfd587f0046ba4c80013cde7,2025-10-03T18:30:00+0200,2025-10-03,16:30:00,-1.663,48.136,35238,35,Rennes,Rennes Métropole,France,2025-10-03T18:30:00+0200,2025-10-03,16:50:00,-1.756,48.220,35177,35,La Mézière,Communauté de communes Val d'Ille-Aubigné,France,1,C,15321,17,OUI
59783122,844db867f0f64a381dc78cf466497f991aa7d20c74dc87550349adcc47bb6891,2025-10-03T18:30:00+0200,2025-10-03,16:30:00,-1.730,48.108,35238,35,Rennes,Rennes Métropole,France,2025-10-03T18:30:00+0200,2025-10-03,17:10:00,-2.118,47.911,56075,56,Guer,Communauté de communes de l'Oust à Brocéliande,France,1,C,42537,35,OUI
59783250,99fdf45e89be507f47560fd34c82936b250d24eeeed9996cb9a3f07e0e4a4039,2025-10-03T18:30:00+0200,2025-10-03,16:30:00,-1.698,48.151,35278,35,Saint-Grégoire,Rennes Métropole,France,2025-10-03T18:30:00+0200,2025-10-03,17:10:00,-1.283,48.069,35338,35,Torcé,Communauté d'agglomération Vitré Communauté,France,1,C,39989,34,OUI
59783304,2650cc2c0213ed5b789ea5d40b77887bfe52893233e76aa2f83d1eb6bb343df2,2025-10-03T18:40:00+0200,2025-10-03,16:40:00,-1.584,48.115,35051,35,Cesson-Sévigné,Rennes Métropole,France,2025-10-03T18:40:00+0200,2025-10-03,17:10:00,-1.214,48.109,35360,35,Vitré,Communauté d'agglomération Vitré Communauté,France,1,C,31697,29,OUI
59785057,ecb9f8fc5da0ac48a22ba18b690775a51b8a35406fd1aa7676373a1f97959200,2025-10-03T18:40:00+0200,2025-10-03,16:40:00,-1.703,48.091,35281,35,Saint-Jacques-de-la-Lande,Rennes Métropole,France,2025-10-03T18:40:00+0200,2025-10-03,17:20:00,-1.927,47.781,35219,35,Pipriac,Communauté d'agglomération Redon Agglomération,France,1,A,41610,34,OUI
59784950,91a8cbe95a13b6f85dac69e7009af35591c4b1d36ce5b382087f83e2f71d7708,2025-10-03T18:40:00+0200,2025-10-03,16:40:00,-1.628,48.140,35051,35,Cesson-Sévigné,Rennes Métropole,France,2025-10-03T18:40:00+0200,2025-10-03,17:00:00,-1.413,48.259,35253,35,Saint-Aubin-du-Cormier,Communauté de communes Liffré-Cormier Communauté,France,1,C,22131,16,OUI
59784013,baceed3244e6609907c44d8d18347ac1b1966484ed3beae9a026e9d9990f3343,2025-10-03T18:50:00+0200,2025-10-03,16:50:00,-1.622,48.135,35051,35,Cesson-Sévigné,Rennes Métropole,France,2025-10-03T18:50:00+0200,2025-10-03,17:10:00,-1.770,48.146,35210,35,Pacé,Rennes Métropole,France,1,B,17219,21,OUI
59785357,00c6f818b2f2f8f00e6a3ad7f813fc83e9c888c2cab8e7526fad9b28c6d492d9,2025-10-03T18:50:00+0200,2025-10-03,16:50:00,-1.674,48.111,35238,35,Rennes,Rennes Métropole,France,2025-10-03T18:50:00+0200,2025-10-03,17:30:00,-2.155,48.284,22032,22,Caulnes,Communauté d'agglomération Dinan Agglomération,France,1,C,45234,42,OUI
59785342,00c6f818b2f2f8f00e6a3ad7f813fc83e9c888c2cab8e7526fad9b28c6d492d9,2025-10-03T18:50:00+0200,2025-10-03,16:50:00,-1.699,48.114,35238,35,Rennes,Rennes Métropole,France,2025-10-03T18:50:00+0200,2025-10-03,17:20:00,-2.155,48.284,22032,22,Caulnes,Communauté d'agglomération Dinan Agglomération,France,1,C,42396,35,OUI
59785325,00c6f818b2f2f8f00e6a3ad7f813fc83e9c888c2cab8e7526fad9b28c6d492d9,2025-10-03T18:50:00+0200,2025-10-03,16:50:00,-1.674,48.111,35238,35,Rennes,Rennes Métropole,France,2025-10-03T18:50:00+0200,2025-10-03,17:30:00,-2.155,48.284,22032,22,Caulnes,Communauté d'agglomération Dinan Agglomération,France,1,C,45234,42,OUI
59785374,c792161d618901b33bfe6e4cca51ae387f816d74ef676e2a2dd28b0b07837b4c,2025-10-03T18:50:00+0200,2025-10-03,16:50:00,-1.702,48.112,35238,35,Rennes,Rennes Métropole,France,2025-10-03T18:50:00+0200,2025-10-03,17:30:00,-1.197,48.072,35109,35,Étrelles,Communauté d'agglomération Vitré Communauté,France,1,C,46416,39,OUI
59783039,95b14e4f8a5b35ce54e6ffbd11a677978859d4e833f5292e50d94e507968c509,2025-10-03T18:50:00+0200,2025-10-03,16:50:00,-1.704,48.120,35238,35,Rennes,Rennes Métropole,France,2025-10-03T18:50:00+0200,2025-10-03,17:10:00,-1.921,48.174,35227,35,Pleumeleuc,Communauté de communes Montfort Communauté,France,1,C,19377,17,OUI
59785307,288b0e829e789a9a1f43ec48196d4c771b1d3bbdeb701f60006429950c48d9ce,2025-10-03T18:50:00+0200,2025-10-03,16:50:00,-1.680,48.081,35206,35,Noyal-Châtillon-sur-Seiche,Rennes Métropole,France,2025-10-03T18:50:00+0200,2025-10-03,17:30:00,-1.211,48.111,35360,35,Vitré,Communauté d'agglomération Vitré Communauté,France,1,C,39830,36,OUI
59785310,288b0e829e789a9a1f43ec48196d4c771b1d3bbdeb701f60006429950c48d9ce,2025-10-03T18:50:00+0200,2025-10-03,16:50:00,-1.680,48.081,35206,35,Noyal-Châtillon-sur-Seiche,Rennes Métropole,France,2025-10-03T18:50:00+0200,2025-10-03,17:30:00,-1.212,48.111,35360,35,Vitré,Communauté d'agglomération Vitré Communauté,France,1,C,39683,35,OUI
59783278,6be00588393f78e6b399120f9ab5bad6ae936c57c3b80511c983d1bd826e0d13,2025-10-03T18:50:00+0200,2025-10-03,16:50:00,-1.628,48.134,35051,35,Cesson-Sévigné,Rennes Métropole,France,2025-10-03T18:50:00+0200,2025-10-03,17:10:00,-1.608,48.256,35251,35,Saint-Aubin-d'Aubigné,Communauté de communes Val d'Ille-Aubigné,France,1,C,14978,14,OUI
59783282,18294f2398122e29f2cd9b1b0ca6a86c4081e4c9aeb5c6c93af1ae976130d92e,2025-10-03T18:50:00+0200,2025-10-03,16:50:00,-1.604,48.082,35055,35,Chantepie,Rennes Métropole,France,2025-10-03T18:50:00+0200,2025-10-03,17:10:00,-1.491,48.037,35069,35,Châteaugiron,Communauté de communes Pays de Châteaugiron Communauté,France,1,C,11101,13,OUI
59785368,f4ec6bbfae1f43d0ebf84e127f2c61e370309a5ac03ea79a1f93c4280106a6e2,2025-10-03T19:00:00+0200,2025-10-03,17:00:00,-1.692,48.118,35238,35,Rennes,Rennes Métropole,France,2025-10-03T19:00:00+0200,2025-10-03,17:30:00,-1.432,48.296,35178,35,Mézières-sur-Couesnon,Communauté de communes Liffré-Cormier Communauté,France,1,C,34186,31,OUI
59783735,dea491b315a8fb3cc3aeac6bd037b09c36e841d30aa280f33291c4c897f465e9,2025-10-03T19:00:00+0200,2025-10-03,17:00:00,-1.692,48.038,35066,35,Chartres-de-Bretagne,Rennes Métropole,France,2025-10-03T19:00:00+0200,2025-10-03,17:20:00,-1.582,48.006,35250,35,Saint-Armel,Rennes Métropole,France,1,C,13241,17,OUI
59785902,4006a275ec676bb4e6d058b54650d1e51e7408d6e56d0324f621fa8da08df536,2025-10-03T19:00:00+0200,2025-10-03,17:00:00,-1.674,48.129,35238,35,Rennes,Rennes Métropole,France,2025-10-03T19:00:00+0200,2025-10-03,17:50:00,-1.307,48.174,35347,35,Val-d'Izé,Communauté d'agglomération Vitré Communauté,France,1,C,42046,42,OUI
59788893,fa15fc9dd4e13b18070d6d9a8139daddf6a7210d7e74aee3d7fdaa7da199718b,2025-10-03T19:00:00+0200,2025-10-03,17:00:00,-1.741,48.046,35047,35,Bruz,Rennes Métropole,France,2025-10-03T19:00:00+0200,2025-10-03,17:50:00,-1.148,48.057,35006,35,Argentré-du-Plessis,Communauté d'agglomération Vitré Communauté,France,1,C,50510,45,OUI
59785943,326a9b0e72b7eb365c44b473374d92d0f95ec5076f4aaa22f374924861f98c91,2025-10-03T19:00:00+0200,2025-10-03,17:00:00,-1.659,48.138,35238,35,Rennes,Rennes Métropole,France,2025-10-03T19:00:00+0200,2025-10-03,17:50:00,-1.986,48.473,22299,22,Saint-Hélen,Communauté d'agglomération Dinan Agglomération,France,1,C,50150,42,OUI
59785564,2f6b9c4222a77315df08b12a01b9ad4cfadd6343a64b355097a9a750da948dab,2025-10-03T19:00:00+0200,2025-10-03,17:00:00,-1.778,48.093,35240,35,Le Rheu,Rennes Métropole,France,2025-10-03T19:00:00+0200,2025-10-03,17:20:00,-1.739,48.055,35047,35,Bruz,Rennes Métropole,France,1,C,8173,11,OUI
59785835,2bda1ad348d539137ca61cb3df5f5f18b99bcd9dea4327feda9893b15db3aa11,2025-10-03T19:00:00+0200,2025-10-03,17:00:00,-1.703,48.069,35281,35,Saint-Jacques-de-la-Lande,Rennes Métropole,France,2025-10-03T19:00:00+0200,2025-10-03,17:20:00,-1.522,48.059,35099,35,Domloup,Communauté de communes Pays de Châteaugiron Communauté,France,1,C,16845,20,OUI
59785822,ec9dc70dfb8764f7becd53fca3ac2a7e1cdcc546e60122be35455f0fb9fd5aad,2025-10-03T19:00:00+0200,2025-10-03,17:00:00,-1.710,48.126,35238,35,Rennes,Rennes Métropole,France,2025-10-03T19:00:00+0200,2025-10-03,17:20:00,-1.516,48.211,35152,35,Liffré,Communauté de communes Liffré-Cormier Communauté,France,1,C,19885,18,OUI
59785794,1c0c0a3e0c2255ebe26941c2e6592b6ccadd667a0968c974476bf5672c6d732f,2025-10-03T19:00:00+0200,2025-10-03,17:00:00,-1.624,48.131,35051,35,Cesson-Sévigné,Rennes Métropole,France,2025-10-03T19:00:00+0200,2025-10-03,17:40:00,-1.199,48.068,35109,35,Étrelles,Communauté d'agglomération Vitré Communauté,France,1,C,36282,31,OUI
59785973,a2dfdcd86dc18ac0cff5524bb14f6c375530cfcc74e8e633328b66498d657fa1,2025-10-03T19:10:00+0200,2025-10-03,17:10:00,-1.608,48.112,35051,35,Cesson-Sévigné,Rennes Métropole,France,2025-10-03T19:10:00+0200,2025-10-03,17:30:00,-1.656,48.018,35266,35,Saint-Erblon,Rennes Métropole,France,1,C,18228,19,OUI
59786061,3a9cb365046861d9573aaec4f9f901cb3fb40a206dc781dbedd952bd46ae8428,2025-10-03T19:10:00+0200,2025-10-03,17:10:00,-1.489,48.105,35039,35,Brécé,Rennes Métropole,France,2025-10-03T19:10:00+0200,2025-10-03,17:40:00,-1.138,48.111,35105,35,Erbrée,Communauté d'agglomération Vitré Communauté,France,1,C,30781,32,OUI
59786717,97d7e6769b050ca1106df7bc4e355c70482bd34f4790ab674aeb65da1caf42e1,2025-10-03T19:10:00+0200,2025-10-03,17:10:00,-1.684,48.130,35238,35,Rennes,Rennes Métropole,France,2025-10-03T19:10:00+0200,2025-10-03,17:30:00,-1.848,48.325,35337,35,Tinténiac,Communauté de communes Bretagne Romantique,France,1,C,26414,22,OUI
59783986,91500393b1eadc59610089c9f6840d5c33ec1f230eea385734a53edd261ea9f4,2025-10-03T19:10:00+0200,2025-10-03,17:10:00,-1.770,48.146,35210,35,Pacé,Rennes Métropole,France,2025-10-03T19:10:00+0200,2025-10-03,17:20:00,-1.795,48.099,35240,35,Le Rheu,Rennes Métropole,France,1,C,6846,10,OUI
59786124,d0bf167bcd7a872e5ead01219b5edee05888b98da88dc375d85fddffac7d871d,2025-10-03T19:10:00+0200,2025-10-03,17:10:00,-1.705,48.115,35238,35,Rennes,Rennes Métropole,France,2025-10-03T19:10:00+0200,2025-10-03,17:40:00,-2.048,48.205,35184,35,Montauban-de-Bretagne,Communauté de communes de Saint-Méen Montauban,France,1,C,28928,23,OUI
59786256,f4ec6bbfae1f43d0ebf84e127f2c61e370309a5ac03ea79a1f93c4280106a6e2,2025-10-03T19:10:00+0200,2025-10-03,17:10:00,-1.686,48.128,35238,35,Rennes,Rennes Métropole,France,2025-10-03T19:10:00+0200,2025-10-03,17:40:00,-1.413,48.259,35253,35,Saint-Aubin-du-Cormier,Communauté de communes Liffré-Cormier Communauté,France,1,C,28446,23,OUI
59786115,fc78e08989d366e88b96cb43e01410cca2edf569c87e67a6bfa45caf53cb23fb,2025-10-03T19:10:00+0200,2025-10-03,17:10:00,-1.695,48.137,35278,35,Saint-Grégoire,Rennes Métropole,France,2025-10-03T19:10:00+0200,2025-10-03,18:10:00,-1.273,48.480,35111,35,Le Ferré,Communauté d'agglomération Fougères Agglomération,France,1,A,62278,51,OUI
59786260,bc0da8d9931cf66a4d9ecf64080c4229fb3ff287e32368101c6ec7cadfc1a3ef,2025-10-03T19:10:00+0200,2025-10-03,17:10:00,-1.621,48.062,35352,35,Vern-sur-Seiche,Rennes Métropole,France,2025-10-03T19:10:00+0200,2025-10-03,17:30:00,-1.491,47.957,35136,35,Janzé,Communauté de communes Roche aux Fées Communauté,France,1,C,18588,17,OUI
59788908,117b95e2ae18502f1e9c2b3388947609d758d76076b102a907119be464b90acc,2025-10-03T19:20:00+0200,2025-10-03,17:20:00,-1.684,48.130,35238,35,Rennes,Rennes Métropole,France,2025-10-03T19:20:00+0200,2025-10-03,18:00:00,-1.967,48.458,22299,22,Saint-Hélen,Communauté d'agglomération Dinan Agglomération,France,1,C,46837,40,OUI
59785759,242220fe4e53345b29213854a1bc3210c5be60743f550a6010d1259e155ef260,2025-10-03T19:20:00+0200,2025-10-03,17:20:00,-1.674,48.087,35238,35,Rennes,Rennes Métropole,France,2025-10-03T19:20:00+0200,2025-10-03,17:40:00,-1.691,47.851,35012,35,Bain-de-Bretagne,Communauté de communes Bretagne porte de Loire Communauté,France,1,C,27829,22,OUI
59786328,2ab547ab149a907e2efd61e30282a518ddeeccbd6bfcd6f5f3eac4dbf61acf97,2025-10-03T19:20:00+0200,2025-10-03,17:20:00,-1.738,48.053,35047,35,Bruz,Rennes Métropole,France,2025-10-03T19:20:00+0200,2025-10-03,17:50:00,-1.488,47.955,35136,35,Janzé,Communauté de communes Roche aux Fées Communauté,France,1,C,27748,26,OUI
59785666,4ab90aeb6b95644fb35e3724ea54ad92a290b660a15271ad2750e365f67c684e,2025-10-03T19:20:00+0200,2025-10-03,17:20:00,-1.686,48.127,35238,35,Rennes,Rennes Métropole,France,2025-10-03T19:20:00+0200,2025-10-03,17:50:00,-1.504,48.049,35069,35,Châteaugiron,Communauté de communes Pays de Châteaugiron Communauté,France,1,C,24363,26,OUI
59786423,aa03e28bb549e1fdc2651b97eb1a5215a5e731388a2b38681fef0880d78bf17e,2025-10-03T19:20:00+0200,2025-10-03,17:20:00,-1.697,48.117,35238,35,Rennes,Rennes Métropole,France,2025-10-03T19:20:00+0200,2025-10-03,17:40:00,-1.487,48.217,35152,35,Liffré,Communauté de communes Liffré-Cormier Communauté,France,1,C,24375,23,OUI
59784016,1ea13be2de8b43d9a901d2aa14bfe52b2e745d2fb506287b1764600218f8c7d4,2025-10-03T19:20:00+0200,2025-10-03,17:20:00,-1.795,48.099,35240,35,Le Rheu,Rennes Métropole,France,2025-10-03T19:20:00+0200,2025-10-03,17:30:00,-1.768,48.147,35210,35,Pacé,Rennes Métropole,France,1,B,6830,11,OUI
59786571,aa03e28bb549e1fdc2651b97eb1a5215a5e731388a2b38681fef0880d78bf17e,2025-10-03T19:20:00+0200,2025-10-03,17:20:00,-1.700,48.116,35238,35,Rennes,Rennes Métropole,France,2025-10-03T19:20:00+0200,2025-10-03,17:50:00,-1.476,48.225,35152,35,Liffré,Communauté de communes Liffré-Cormier Communauté,France,1,C,25231,24,OUI
59785771,8a9101acfaee6460bcd33c61dde866045a009a83d2a32213308e0f70acaff517,2025-10-03T19:20:00+0200,2025-10-03,17:20:00,-1.678,48.082,35238,35,Rennes,Rennes Métropole,France,2025-10-03T19:20:00+0200,2025-10-03,17:40:00,-1.810,47.959,35126,35,Guichen,Communauté de communes Vallons de Haute-Bretagne Communauté,France,1,C,22229,20,OUI
59788987,777b415ac3bf3338e4885608dcaa218ca706476579d3fb9eee9b3e159bc8f097,2025-10-03T19:20:00+0200,2025-10-03,17:20:00,-1.835,48.069,35196,35,Mordelles,Rennes Métropole,France,2025-10-03T19:20:00+0200,2025-10-03,18:20:00,-1.223,48.114,35360,35,Vitré,Communauté d'agglomération Vitré Communauté,France,1,C,55320,53,OUI
59786581,1600d486fceaabd954278c2bf4446819f71d42e89ff640855224f358d67559f5,2025-10-03T19:20:00+0200,2025-10-03,17:20:00,-1.621,48.132,35051,35,Cesson-Sévigné,Rennes Métropole,France,2025-10-03T19:20:00+0200,2025-10-03,17:40:00,-1.614,48.266,35251,35,Saint-Aubin-d'Aubigné,Communauté de communes Val d'Ille-Aubigné,France,1,C,16893,17,OUI
59786589,43ea6bdeb337df8648d2f79de8e1ac476086d48d37523acf076c3ad795c845f5,2025-10-03T19:30:00+0200,2025-10-03,17:30:00,-1.657,48.129,35238,35,Rennes,Rennes Métropole,France,2025-10-03T19:30:00+0200,2025-10-03,17:50:00,-1.413,48.259,35253,35,Saint-Aubin-du-Cormier,Communauté de communes Liffré-Cormier Communauté,France,1,C,25712,24,OUI
59786640,50f4097bf5e4638a62b776b22678ff3b509ad889ecf8c9d2dc8344900985a8e2,2025-10-03T19:30:00+0200,2025-10-03,17:30:00,-1.749,48.045,35047,35,Bruz,Rennes Métropole,France,2025-10-03T19:30:00+0200,2025-10-03,17:40:00,-1.690,48.105,35238,35,Rennes,Rennes Métropole,France,1,C,9290,14,OUI
59786716,63c5353409507dcfecb2927a43d04d6baf0bc2a4931aedd62a4d66a71e5538df,2025-10-03T19:30:00+0200,2025-10-03,17:30:00,-1.654,48.110,35238,35,Rennes,Rennes Métropole,France,2025-10-03T19:30:00+0200,2025-10-03,17:50:00,-1.610,48.263,35251,35,Saint-Aubin-d'Aubigné,Communauté de communes Val d'Ille-Aubigné,France,1,C,20236,24,OUI
59786629,50f4097bf5e4638a62b776b22678ff3b509ad889ecf8c9d2dc8344900985a8e2,2025-10-03T19:30:00+0200,2025-10-03,17:30:00,-1.748,48.046,35047,35,Bruz,Rennes Métropole,France,2025-10-03T19:30:00+0200,2025-10-03,17:40:00,-1.696,48.105,35238,35,Rennes,Rennes Métropole,France,1,C,9093,13,OUI
59786655,f7f721370874d39fead9e110a4285e35ada7b90be70b54a1c312e8a45f4360cb,2025-10-03T19:30:00+0200,2025-10-03,17:30:00,-1.670,48.111,35238,35,Rennes,Rennes Métropole,France,2025-10-03T19:30:00+0200,2025-10-03,17:50:00,-1.520,48.056,35099,35,Domloup,Communauté de communes Pays de Châteaugiron Communauté,France,1,C,14097,21,OUI
59789112,aa03e28bb549e1fdc2651b97eb1a5215a5e731388a2b38681fef0880d78bf17e,2025-10-03T19:30:00+0200,2025-10-03,17:30:00,-1.704,48.119,35238,35,Rennes,Rennes Métropole,France,2025-10-03T19:30:00+0200,2025-10-03,18:00:00,-1.402,48.257,35253,35,Saint-Aubin-du-Cormier,Communauté de communes Liffré-Cormier Communauté,France,1,C,31901,26,OUI
59786796,851979b917ee5721931f321d8cf7e8851ea1352467364c3f41fe56611415138d,2025-10-03T19:30:00+0200,2025-10-03,17:30:00,-1.488,48.105,35039,35,Brécé,Rennes Métropole,France,2025-10-03T19:30:00+0200,2025-10-03,18:00:00,-1.602,48.038,35352,35,Vern-sur-Seiche,Rennes Métropole,France,1,C,21159,20,OUI
59788983,3c6beaafdeca198bd7f739b0ea21d7765bcc7220a97e6d61b3895124e18ee755,2025-10-03T19:30:00+0200,2025-10-03,17:30:00,-1.713,48.122,35238,35,Rennes,Rennes Métropole,France,2025-10-03T19:30:00+0200,2025-10-03,18:10:00,-1.912,48.447,35308,35,Mesnil-Roc'h,Communauté de communes Bretagne Romantique,France,1,C,42986,36,OUI
59788927,436023545f9a2f7bd1794fd26412130968e3933e440d9cb805de13035e608779,2025-10-03T19:30:00+0200,2025-10-03,17:30:00,-1.226,48.352,35150,35,Lécousse,Communauté d'agglomération Fougères Agglomération,France,2025-10-03T19:30:00+0200,2025-10-03,18:10:00,-1.527,48.118,35207,35,Noyal-sur-Vilaine,Communauté de communes Pays de Châteaugiron Communauté,France,1,C,40739,36,NON
59789076,3c6beaafdeca198bd7f739b0ea21d7765bcc7220a97e6d61b3895124e18ee755,2025-10-03T19:30:00+0200,2025-10-03,17:30:00,-1.713,48.120,35238,35,Rennes,Rennes Métropole,France,2025-10-03T19:30:00+0200,2025-10-03,18:00:00,-1.852,48.324,35337,35,Tinténiac,Communauté de communes Bretagne Romantique,France,1,C,28339,23,OUI
59787359,be004d330188db7cd68ff0df865e1dbcb0ba331f0a0d377cbb74d59558acc6b9,2025-10-03T19:40:00+0200,2025-10-03,17:40:00,-1.620,48.131,35051,35,Cesson-Sévigné,Rennes Métropole,France,2025-10-03T19:40:00+0200,2025-10-03,18:00:00,-1.234,48.352,35150,35,Lécousse,Communauté d'agglomération Fougères Agglomération,France,1,C,40674,30,OUI
59792610,105d296cf3af03c64ced800084d5f24a9e2af94ebe858033bf8d028e8a7e6377,2025-10-03T19:40:00+0200,2025-10-03,17:40:00,-1.622,48.135,35051,35,Cesson-Sévigné,Rennes Métropole,France,2025-10-03T19:40:00+0200,2025-10-03,18:00:00,-1.770,48.146,35210,35,Pacé,Rennes Métropole,France,1,C,17219,21,OUI
59786684,9ad1b65815d029733ca683c28597c45dd9f7a955bebda45aae9957e18c89bc0c,2025-10-03T19:40:00+0200,2025-10-03,17:40:00,-1.696,48.042,35066,35,Chartres-de-Bretagne,Rennes Métropole,France,2025-10-03T19:40:00+0200,2025-10-03,18:00:00,-1.677,47.849,35012,35,Bain-de-Bretagne,Communauté de communes Bretagne porte de Loire Communauté,France,1,C,24455,20,OUI
59786574,f93045267fcb186833c80754741a1e11c145e933756cca53e09317d4c4dd6745,2025-10-03T19:40:00+0200,2025-10-03,17:40:00,-1.700,48.071,35281,35,Saint-Jacques-de-la-Lande,Rennes Métropole,France,2025-10-03T19:40:00+0200,2025-10-03,18:10:00,-2.085,48.003,35223,35,Plélan-le-Grand,Communauté de communes Brocéliande Communauté,France,1,C,33986,30,OUI
59786897,bd93eda4a2869405c768a3b015fefe01bf1517a0f00fcdc0a403e18ec1224e93,2025-10-03T19:40:00+0200,2025-10-03,17:40:00,-1.758,48.030,35047,35,Bruz,Rennes Métropole,France,2025-10-03T19:40:00+0200,2025-10-03,17:50:00,-1.873,47.979,35149,35,Lassy,Communauté de communes Vallons de Haute-Bretagne Communauté,France,1,C,11891,13,OUI
59786863,bb00a389b903e96ac2e576a46de6126ce8ffa5a88582916a727e6d1881347db3,2025-10-03T19:40:00+0200,2025-10-03,17:40:00,-1.849,48.071,35196,35,Mordelles,Rennes Métropole,France,2025-10-03T19:40:00+0200,2025-10-03,18:00:00,-2.085,48.003,35223,35,Plélan-le-Grand,Communauté de communes Brocéliande Communauté,France,1,C,19945,16,OUI
59789073,b978c9df4956b90d8de29445d660dc61e380babff98fd5e53edfcdfa0c7f94ed,2025-10-03T19:40:00+0200,2025-10-03,17:40:00,-1.694,48.131,35238,35,Rennes,Rennes Métropole,France,2025-10-03T19:40:00+0200,2025-10-03,18:20:00,-1.195,48.340,35115,35,Fougères,Communauté d'agglomération Fougères Agglomération,France,1,C,49971,40,OUI
59787096,feb0ab1befdd5b5e8926811bc8337387c69db6b01a050f18ad7d326cd11ca12a,2025-10-03T19:50:00+0200,2025-10-03,17:50:00,-1.631,48.090,35238,35,Rennes,Rennes Métropole,France,2025-10-03T19:50:00+0200,2025-10-03,18:20:00,-1.670,47.847,35012,35,Bain-de-Bretagne,Communauté de communes Bretagne porte de Loire Communauté,France,1,C,34163,30,OUI
59789330,724e0a569558b0bdb255fb4c3c0534be508db302e22282876e4e69e0765cd46f,2025-10-03T19:50:00+0200,2025-10-03,17:50:00,-1.623,48.133,35051,35,Cesson-Sévigné,Rennes Métropole,France,2025-10-03T19:50:00+0200,2025-10-03,18:30:00,-1.291,48.157,35141,35,Landavran,Communauté d'agglomération Vitré Communauté,France,1,C,40127,40,OUI
59789308,f6322cfebee97b07c6a56550bdf38b10f5067684e37d1d6092e608f341a86a6d,2025-10-03T19:50:00+0200,2025-10-03,17:50:00,-1.582,48.114,35051,35,Cesson-Sévigné,Rennes Métropole,France,2025-10-03T19:50:00+0200,2025-10-03,18:30:00,-1.592,47.848,35106,35,Ercé-en-Lamée,Communauté de communes Bretagne porte de Loire Communauté,France,1,C,44519,43,OUI
59787135,a294efea1c2feb4b49f7615b203699d0e5cd8dbfb5cdeeefc2da960a60936f6f,2025-10-03T19:50:00+0200,2025-10-03,17:50:00,-1.581,48.114,35051,35,Cesson-Sévigné,Rennes Métropole,France,2025-10-03T19:50:00+0200,2025-10-03,18:10:00,-1.674,48.109,35238,35,Rennes,Rennes Métropole,France,1,C,9258,16,OUI
59789313,f6322cfebee97b07c6a56550bdf38b10f5067684e37d1d6092e608f341a86a6d,2025-10-03T19:50:00+0200,2025-10-03,17:50:00,-1.582,48.114,35051,35,Cesson-Sévigné,Rennes Métropole,France,2025-10-03T19:50:00+0200,2025-10-03,18:10:00,-1.683,48.038,35206,35,Noyal-Châtillon-sur-Seiche,Rennes Métropole,France,1,C,14728,16,OUI
59787146,09ab3bb93e7c511319fdff694e52fe176d076ea2b9fd0ed49ccc1ecf7b41e70f,2025-10-03T19:50:00+0200,2025-10-03,17:50:00,-1.628,48.127,35051,35,Cesson-Sévigné,Rennes Métropole,France,2025-10-03T19:50:00+0200,2025-10-03,18:10:00,-1.755,48.211,35177,35,La Mézière,Communauté de communes Val d'Ille-Aubigné,France,1,C,17496,19,OUI
59787361,1c753048419f7e2ebcf80de5f04a2a9458430047139c047c662f802c610836b4,2025-10-03T20:00:00+0200,2025-10-03,18:00:00,-1.737,48.053,35047,35,Bruz,Rennes Métropole,France,2025-10-03T20:00:00+0200,2025-10-03,18:10:00,-1.706,48.019,35363,35,Pont-Péan,Rennes Métropole,France,1,C,6379,10,OUI
59789394,a931da689901e2c837fbf45f47b40157dac24d32a3604c4bf08c460d54ae9cc8,2025-10-03T20:00:00+0200,2025-10-03,18:00:00,-1.693,48.135,35278,35,Saint-Grégoire,Rennes Métropole,France,2025-10-03T20:00:00+0200,2025-10-03,18:50:00,-1.186,48.354,35115,35,Fougères,Communauté d'agglomération Fougères Agglomération,France,1,C,51466,42,OUI
59789776,0d1ca811c810e5433c8500474827a5b22e29812ab576944b690b12c1f234b79d,2025-10-03T20:10:00+0200,2025-10-03,18:10:00,-1.621,48.134,35051,35,Cesson-Sévigné,Rennes Métropole,France,2025-10-03T20:10:00+0200,2025-10-03,18:40:00,-1.843,48.327,35337,35,Tinténiac,Communauté de communes Bretagne Romantique,France,1,C,30656,25,OUI
59789411,a931da689901e2c837fbf45f47b40157dac24d32a3604c4bf08c460d54ae9cc8,2025-10-03T20:10:00+0200,2025-10-03,18:10:00,-1.620,48.131,35051,35,Cesson-Sévigné,Rennes Métropole,France,2025-10-03T20:10:00+0200,2025-10-03,18:40:00,-1.226,48.352,35150,35,Lécousse,Communauté d'agglomération Fougères Agglomération,France,1,C,41150,31,OUI
59792556,96ba56c44e8c7aaa0251d61472e0855b8c90bf4cd9f9ab11c15cd2d918995d1e,2025-10-03T20:10:00+0200,2025-10-03,18:10:00,-1.622,48.135,35051,35,Cesson-Sévigné,Rennes Métropole,France,2025-10-03T20:10:00+0200,2025-10-03,18:40:00,-1.795,48.099,35240,35,Le Rheu,Rennes Métropole,France,1,C,24065,32,OUI
59792550,96ba56c44e8c7aaa0251d61472e0855b8c90bf4cd9f9ab11c15cd2d918995d1e,2025-10-03T20:10:00+0200,2025-10-03,18:10:00,-1.622,48.135,35051,35,Cesson-Sévigné,Rennes Métropole,France,2025-10-03T20:10:00+0200,2025-10-03,18:50:00,-1.795,48.099,35240,35,Le Rheu,Rennes Métropole,France,1,C,24065,32,OUI
59789639,dabab808bab98d8af239099749c9cabbdb15f6789d0f61471780ded8152abb2e,2025-10-03T20:10:00+0200,2025-10-03,18:10:00,-1.619,48.121,35051,35,Cesson-Sévigné,Rennes Métropole,France,2025-10-03T20:10:00+0200,2025-10-03,18:30:00,-1.684,48.151,35278,35,Saint-Grégoire,Rennes Métropole,France,1,C,8579,14,OUI
59789663,372710bc0ec8e49294761fac6dc2adcf257375c580a4d180e517fc531cefbc50,2025-10-03T20:10:00+0200,2025-10-03,18:10:00,-1.692,48.084,35238,35,Rennes,Rennes Métropole,France,2025-10-03T20:10:00+0200,2025-10-03,18:40:00,-1.853,47.925,35127,35,Guignen,Communauté de communes Vallons de Haute-Bretagne Communauté,France,1,C,25983,23,OUI
59792568,eb022d365f1870b9ce6a4d985563a226a7dff4d1435fbf801c569819a27c0291,2025-10-03T20:20:00+0200,2025-10-03,18:20:00,-1.795,48.099,35240,35,Le Rheu,Rennes Métropole,France,2025-10-03T20:20:00+0200,2025-10-03,18:30:00,-1.768,48.147,35210,35,Pacé,Rennes Métropole,France,1,C,6830,11,OUI
59789794,b0380be75f26b5810b1e091839f63923fdd49ec64f6de7a494a28483a6238385,2025-10-03T20:20:00+0200,2025-10-03,18:20:00,-1.697,48.146,35278,35,Saint-Grégoire,Rennes Métropole,France,2025-10-03T20:20:00+0200,2025-10-03,19:00:00,-1.205,48.106,35360,35,Vitré,Communauté d'agglomération Vitré Communauté,France,1,C,44824,41,OUI
59789719,4608b009743722a39465102915885672644dd3bbf320ba4bba0d1015efef9aba,2025-10-03T20:20:00+0200,2025-10-03,18:20:00,-1.623,48.133,35051,35,Cesson-Sévigné,Rennes Métropole,France,2025-10-03T20:20:00+0200,2025-10-03,18:40:00,-1.528,48.065,35099,35,Domloup,Communauté de communes Pays de Châteaugiron Communauté,France,1,C,16875,21,OUI
59789832,13319b400342b0b7fae70681a36cf0bb17634ca04239ca6715b5675ab33a78a8,2025-10-03T20:20:00+0200,2025-10-03,18:20:00,-1.637,48.095,35238,35,Rennes,Rennes Métropole,France,2025-10-03T20:20:00+0200,2025-10-03,18:40:00,-1.516,48.211,35152,35,Liffré,Communauté de communes Liffré-Cormier Communauté,France,1,C,20478,19,OUI
59790098,33aa7198e7f4f4a6471863572ac2273a3b7412e7976692349aa165280bffaee3,2025-10-03T20:40:00+0200,2025-10-03,18:40:00,-1.703,48.069,35281,35,Saint-Jacques-de-la-Lande,Rennes Métropole,France,2025-10-03T20:40:00+0200,2025-10-03,19:00:00,-1.775,47.998,35126,35,Guichen,Communauté de communes Vallons de Haute-Bretagne Communauté,France,1,C,12397,15,OUI
59790112,2bfd41d33a06d5f678fd816213acf62d4c6f6441f714304de8beb384420138a1,2025-10-03T20:40:00+0200,2025-10-03,18:40:00,-1.711,48.101,35238,35,Rennes,Rennes Métropole,France,2025-10-03T20:40:00+0200,2025-10-03,19:00:00,-1.755,48.040,35047,35,Bruz,Rennes Métropole,France,1,C,9073,11,OUI
59790176,9dfd871b404e0169e5aafb5fc25baa330b60515c77d069ce4f6a3469048ec297,2025-10-03T20:50:00+0200,2025-10-03,18:50:00,-1.765,48.147,35210,35,Pacé,Rennes Métropole,France,2025-10-03T20:50:00+0200,2025-10-03,19:10:00,-1.798,48.296,35130,35,Hédé-Bazouges,Communauté de communes Bretagne Romantique,France,1,C,23674,21,OUI
59793168,b84aea676d72b0af729a63f6d9b3e0d94fe850885ce3e09c00be77cb5fe99f89,2025-10-03T21:20:00+0200,2025-10-03,19:20:00,-1.697,48.088,35281,35,Saint-Jacques-de-la-Lande,Rennes Métropole,France,2025-10-03T21:20:00+0200,2025-10-03,20:00:00,-1.841,47.824,35176,35,Guipry-Messac,Communauté de communes Vallons de Haute-Bretagne Communauté,France,1,C,36494,34,OUI
59791985,ca76493b1be526aa520f179f4e5de88465584fe5fd2253c26b2d2ba975cd2fab,2025-10-03T21:30:00+0200,2025-10-03,19:30:00,-1.573,48.155,35334,35,Thorigné-Fouillard,Rennes Métropole,France,2025-10-03T21:30:00+0200,2025-10-03,19:50:00,-1.675,48.092,35238,35,Rennes,Rennes Métropole,France,1,C,15334,18,OUI
59793199,eedfe49a9fee3b0f36046d9f71fc0924aec672358c0fa1df5ce19ef8f753bb0a,2025-10-03T21:40:00+0200,2025-10-03,19:40:00,-1.763,48.138,35210,35,Pacé,Rennes Métropole,France,2025-10-03T21:40:00+0200,2025-10-03,21:00:00,-1.221,48.838,50639,50,Villedieu-les-Poêles-Rouffigny,Communauté de communes de Villedieu Intercom,France,1,A,110075,81,OUI
59792193,8ac8ebc4b6c34957f5f925682b490a63069a54025478fe55b8df27ecf57f4109,2025-10-03T21:40:00+0200,2025-10-03,19:40:00,-1.697,48.119,35238,35,Rennes,Rennes Métropole,France,2025-10-03T21:40:00+0200,2025-10-03,20:10:00,-1.532,48.319,35326,35,Sens-de-Bretagne,Communauté de communes Val d'Ille-Aubigné,France,1,C,32546,32,OUI
59792134,b697a07a7c16bb9cb8ec22219b3a23797646d57aea29a1dd7a9b4394df4fba60,2025-10-03T21:40:00+0200,2025-10-03,19:40:00,-1.791,48.224,35120,35,Gévezé,Rennes Métropole,France,2025-10-03T21:40:00+0200,2025-10-03,20:10:00,-1.618,48.113,35051,35,Cesson-Sévigné,Rennes Métropole,France,1,C,22134,28,OUI
59792235,4142fc1388b3f128b103d25301f372e1168e5a17a1d72cfb370c9294dd423ef1,2025-10-03T21:50:00+0200,2025-10-03,19:50:00,-1.606,48.083,35055,35,Chantepie,Rennes Métropole,France,2025-10-03T21:50:00+0200,2025-10-03,20:00:00,-1.588,48.112,35051,35,Cesson-Sévigné,Rennes Métropole,France,1,C,5328,10,OUI
59792311,50e11e5e70c148fa652446a8ee520a2d17d3fa696fcf5a856a6e49cada9a5e91,2025-10-03T22:00:00+0200,2025-10-03,20:00:00,-1.653,48.083,35238,35,Rennes,Rennes Métropole,France,2025-10-03T22:00:00+0200,2025-10-03,20:20:00,-1.687,48.156,35278,35,Saint-Grégoire,Rennes Métropole,France,1,C,17204,19,OUI
59793266,9e403b15a74109397ae9af6592ef81daf09f46f3412b9c915396fcad3e483a00,2025-10-03T22:00:00+0200,2025-10-03,20:00:00,-1.506,48.108,35039,35,Brécé,Rennes Métropole,France,2025-10-03T22:00:00+0200,2025-10-03,20:40:00,-1.252,47.946,35125,35,La Guerche-de-Bretagne,Communauté d'agglomération Vitré Communauté,France,1,C,36566,36,OUI
59793351,91ad0fa2d37b0d1d529dd33bd0fb88a3cdfdac417abec6899a3b016841e7f384,2025-10-03T22:10:00+0200,2025-10-03,20:10:00,-1.618,48.091,35055,35,Chantepie,Rennes Métropole,France,2025-10-03T22:10:00+0200,2025-10-03,20:30:00,-1.520,48.109,35207,35,Noyal-sur-Vilaine,Communauté de communes Pays de Châteaugiron Communauté,France,1,C,9271,10,OUI
59795361,282140ecbc1d62321c3b4ce8d4a7ab4d376f81a67fb866461be845086ca57ee4,2025-10-03T23:10:00+0200,2025-10-03,21:10:00,-1.698,48.151,35278,35,Saint-Grégoire,Rennes Métropole,France,2025-10-03T23:10:00+0200,2025-10-03,21:50:00,-1.963,48.465,22299,22,Saint-Hélen,Communauté d'agglomération Dinan Agglomération,France,1,C,45057,39,OUI
59795463,9af665c93b95ae4f20a90ff835c2d6d02e8d2dc804cc0a710928d0dca4e0661e,2025-10-04T00:10:00+0200,2025-10-03,22:10:00,-1.673,48.090,35238,35,Rennes,Rennes Métropole,France,2025-10-04T00:10:00+0200,2025-10-03,22:50:00,-1.641,47.763,35316,35,Saint-Sulpice-des-Landes,Communauté de communes Bretagne porte de Loire Communauté,France,1,C,41682,37,OUI
59795451,bc9c094729f03f5bdb6ccd7899c4a2f29992a96e10dbb773588186edae1678f9,2025-10-04T00:10:00+0200,2025-10-03,22:10:00,-1.627,48.113,35051,35,Cesson-Sévigné,Rennes Métropole,France,2025-10-04T00:10:00+0200,2025-10-03,22:40:00,-1.410,48.256,35253,35,Saint-Aubin-du-Cormier,Communauté de communes Liffré-Cormier Communauté,France,1,C,26304,24,OUI
59797448,b01ae4c85f1ad59e02b40d52188f7e6e0e1c11e1426c2ea5c9845bf215d20d25,2025-10-04T07:10:00+0200,2025-10-04,05:10:00,-1.696,48.110,35238,35,Rennes,Rennes Métropole,France,2025-10-04T07:10:00+0200,2025-10-04,05:30:00,-1.500,48.226,35152,35,Liffré,Communauté de communes Liffré-Cormier Communauté,France,1,C,24360,23,OUI
59797501,b01ae4c85f1ad59e02b40d52188f7e6e0e1c11e1426c2ea5c9845bf215d20d25,2025-10-04T07:20:00+0200,2025-10-04,05:20:00,-1.703,48.121,35238,35,Rennes,Rennes Métropole,France,2025-10-04T07:20:00+0200,2025-10-04,05:40:00,-1.496,48.226,35152,35,Liffré,Communauté de communes Liffré-Cormier Communauté,France,1,C,23460,22,OUI
59797520,b01ae4c85f1ad59e02b40d52188f7e6e0e1c11e1426c2ea5c9845bf215d20d25,2025-10-04T07:20:00+0200,2025-10-04,05:20:00,-1.704,48.121,35238,35,Rennes,Rennes Métropole,France,2025-10-04T07:20:00+0200,2025-10-04,05:40:00,-1.500,48.226,35152,35,Liffré,Communauté de communes Liffré-Cormier Communauté,France,1,C,22980,20,OUI
59799469,cd2f1dc13b7f7429ef385551d7d6fc3181b0e108a452f499f0ab182ead213f0e,2025-10-04T10:30:00+0200,2025-10-04,08:30:00,-1.666,48.117,35238,35,Rennes,Rennes Métropole,France,2025-10-04T10:30:00+0200,2025-10-04,08:50:00,-1.500,48.226,35152,35,Liffré,Communauté de communes Liffré-Cormier Communauté,France,1,C,18735,20,OUI
59799527,cd2f1dc13b7f7429ef385551d7d6fc3181b0e108a452f499f0ab182ead213f0e,2025-10-04T10:50:00+0200,2025-10-04,08:50:00,-1.664,48.115,35238,35,Rennes,Rennes Métropole,France,2025-10-04T10:50:00+0200,2025-10-04,09:30:00,-1.194,48.349,35115,35,Fougères,Communauté d'agglomération Fougères Agglomération,France,1,B,49078,44,OUI
59799090,0f721666d1f2e0c46b2860696f9a34ee955ed88488fdbbe540c2248275be46a7,2025-10-04T11:00:00+0200,2025-10-04,09:00:00,-1.552,48.042,35204,35,Nouvoitou,Rennes Métropole,France,2025-10-04T11:00:00+0200,2025-10-04,09:20:00,-1.644,48.087,35238,35,Rennes,Rennes Métropole,France,1,C,9905,11,OUI
59800443,a2671d3a8b50dc89ef92f8caaad021cdbbe0e18fc160ad61b64f939d32fa3f46,2025-10-04T11:30:00+0200,2025-10-04,09:30:00,-1.644,48.087,35238,35,Rennes,Rennes Métropole,France,2025-10-04T11:30:00+0200,2025-10-04,10:00:00,-1.496,48.226,35152,35,Liffré,Communauté de communes Liffré-Cormier Communauté,France,1,C,25278,24,OUI
59800427,a2671d3a8b50dc89ef92f8caaad021cdbbe0e18fc160ad61b64f939d32fa3f46,2025-10-04T11:30:00+0200,2025-10-04,09:30:00,-1.644,48.087,35238,35,Rennes,Rennes Métropole,France,2025-10-04T11:30:00+0200,2025-10-04,10:00:00,-1.497,48.226,35152,35,Liffré,Communauté de communes Liffré-Cormier Communauté,France,1,C,24877,22,OUI
59799705,a2671d3a8b50dc89ef92f8caaad021cdbbe0e18fc160ad61b64f939d32fa3f46,2025-10-04T11:30:00+0200,2025-10-04,09:30:00,-1.644,48.087,35238,35,Rennes,Rennes Métropole,France,2025-10-04T11:30:00+0200,2025-10-04,10:00:00,-1.496,48.226,35152,35,Liffré,Communauté de communes Liffré-Cormier Communauté,France,1,C,25275,24,OUI
59801384,6e3c3f768833c8f00e86ff9e729abfaa2f0d3d7ae354eb961f56716a21a940dc,2025-10-04T12:10:00+0200,2025-10-04,10:10:00,-1.755,48.150,35210,35,Pacé,Rennes Métropole,France,2025-10-04T12:10:00+0200,2025-10-04,10:20:00,-1.693,48.135,35278,35,Saint-Grégoire,Rennes Métropole,France,1,C,6953,6,OUI
59802686,8fe9087f3f592b25524a8acd508a3d5990d1f6a039da32644d73660b85389692,2025-10-04T13:30:00+0200,2025-10-04,11:30:00,-1.602,48.050,35352,35,Vern-sur-Seiche,Rennes Métropole,France,2025-10-04T13:30:00+0200,2025-10-04,12:10:00,-1.194,48.122,35360,35,Vitré,Communauté d'agglomération Vitré Communauté,France,1,C,39790,43,OUI
59802732,ad7a84b94260631d2aa3a9b44e12ad419559c80eded9e8571f2a1be012004d82,2025-10-04T13:40:00+0200,2025-10-04,11:40:00,-1.738,48.044,35047,35,Bruz,Rennes Métropole,France,2025-10-04T13:40:00+0200,2025-10-04,12:10:00,-1.496,48.226,35152,35,Liffré,Communauté de communes Liffré-Cormier Communauté,France,1,C,33234,33,OUI
59802702,ad7a84b94260631d2aa3a9b44e12ad419559c80eded9e8571f2a1be012004d82,2025-10-04T13:40:00+0200,2025-10-04,11:40:00,-1.711,48.121,35238,35,Rennes,Rennes Métropole,France,2025-10-04T13:40:00+0200,2025-10-04,12:10:00,-1.496,48.226,35152,35,Liffré,Communauté de communes Liffré-Cormier Communauté,France,1,C,23432,23,OUI
59802706,ad7a84b94260631d2aa3a9b44e12ad419559c80eded9e8571f2a1be012004d82,2025-10-04T13:40:00+0200,2025-10-04,11:40:00,-1.738,48.044,35047,35,Bruz,Rennes Métropole,France,2025-10-04T13:40:00+0200,2025-10-04,12:20:00,-1.496,48.226,35152,35,Liffré,Communauté de communes Liffré-Cormier Communauté,France,1,C,33234,33,OUI
59802004,6b86b903b604190765c1a2e6804a6bb1a70fa0ffe41cbe43bbc3a0027a6766a9,2025-10-04T13:50:00+0200,2025-10-04,11:50:00,-1.590,48.115,35051,35,Cesson-Sévigné,Rennes Métropole,France,2025-10-04T13:50:00+0200,2025-10-04,12:20:00,-1.425,47.959,35108,35,Essé,Communauté de communes Roche aux Fées Communauté,France,1,C,34660,34,OUI
59802988,aade33d97f07437a399cec18ab5eafb27d1b8141a2372791d3a1f3aae63a8ae6,2025-10-04T14:30:00+0200,2025-10-04,12:30:00,-1.619,48.088,35055,35,Chantepie,Rennes Métropole,France,2025-10-04T14:30:00+0200,2025-10-04,12:40:00,-1.626,48.063,35352,35,Vern-sur-Seiche,Rennes Métropole,France,1,C,5454,11,OUI
59803304,22d36e5e8f1f785f9fe7d3563fe297abcac3209b4ce09cd92af5ec2e4fe41948,2025-10-04T14:50:00+0200,2025-10-04,12:50:00,-1.729,48.029,35047,35,Bruz,Rennes Métropole,France,2025-10-04T14:50:00+0200,2025-10-04,13:20:00,-1.881,47.862,35155,35,Lohéac,Communauté de communes Vallons de Haute-Bretagne Communauté,France,1,C,26479,23,OUI
59803384,bf4a980d519c02a8647346c0f459600fe3258981a6143bf8721b55bc466070a1,2025-10-04T15:20:00+0200,2025-10-04,13:20:00,-1.729,48.107,35238,35,Rennes,Rennes Métropole,France,2025-10-04T15:20:00+0200,2025-10-04,13:30:00,-1.862,48.052,35037,35,Bréal-sous-Montfort,Communauté de communes Brocéliande Communauté,France,1,C,13566,15,OUI
59804564,22aabab02569797fbc3c4865a7363b20ac92a091ed1fe0c8b7a3daa84a04924a,2025-10-04T15:50:00+0200,2025-10-04,13:50:00,-1.885,48.219,35245,35,Romillé,Rennes Métropole,France,2025-10-04T15:50:00+0200,2025-10-04,14:30:00,-2.400,48.189,22147,22,Merdrignac,Communauté de communes Loudéac Communauté - Bretagne Centre,France,1,C,45313,39,OUI
59804549,22aabab02569797fbc3c4865a7363b20ac92a091ed1fe0c8b7a3daa84a04924a,2025-10-04T15:50:00+0200,2025-10-04,13:50:00,-1.885,48.219,35245,35,Romillé,Rennes Métropole,France,2025-10-04T15:50:00+0200,2025-10-04,14:30:00,-2.400,48.189,22147,22,Merdrignac,Communauté de communes Loudéac Communauté - Bretagne Centre,France,1,C,45313,39,OUI
59805675,5c9fcde509cf8f5a8a801094d21dfbd8fd511fc04deddba9aacf127bafe0b737,2025-10-04T16:30:00+0200,2025-10-04,14:30:00,-1.763,48.137,35210,35,Pacé,Rennes Métropole,France,2025-10-04T16:30:00+0200,2025-10-04,15:00:00,-1.833,48.328,35337,35,Tinténiac,Communauté de communes Bretagne Romantique,France,1,C,28828,26,OUI
59807083,0022d1fe79f6d16b4dc5422b8aa820d6f6e7bb4c68920ac1a55db6c2ff5f094e,2025-10-04T17:40:00+0200,2025-10-04,15:40:00,-1.674,48.111,35238,35,Rennes,Rennes Métropole,France,2025-10-04T17:40:00+0200,2025-10-04,16:30:00,-2.155,48.284,22032,22,Caulnes,Communauté d'agglomération Dinan Agglomération,France,1,C,45234,42,OUI
59807014,0022d1fe79f6d16b4dc5422b8aa820d6f6e7bb4c68920ac1a55db6c2ff5f094e,2025-10-04T17:40:00+0200,2025-10-04,15:40:00,-1.674,48.111,35238,35,Rennes,Rennes Métropole,France,2025-10-04T17:40:00+0200,2025-10-04,16:30:00,-2.155,48.284,22032,22,Caulnes,Communauté d'agglomération Dinan Agglomération,France,1,C,45234,42,OUI
59807008,0022d1fe79f6d16b4dc5422b8aa820d6f6e7bb4c68920ac1a55db6c2ff5f094e,2025-10-04T17:40:00+0200,2025-10-04,15:40:00,-1.699,48.114,35238,35,Rennes,Rennes Métropole,France,2025-10-04T17:40:00+0200,2025-10-04,16:20:00,-2.155,48.284,22032,22,Caulnes,Communauté d'agglomération Dinan Agglomération,France,1,C,42396,35,OUI
59807961,54a19f2e1f8bd216aac00bff10a6c4e780a3ba3faf359b10379252a67bfa905f,2025-10-04T18:00:00+0200,2025-10-04,16:00:00,-1.669,48.118,35238,35,Rennes,Rennes Métropole,France,2025-10-04T18:00:00+0200,2025-10-04,16:20:00,-1.602,48.261,35251,35,Saint-Aubin-d'Aubigné,Communauté de communes Val d'Ille-Aubigné,France,1,C,19182,23,OUI
59808384,39e96f3694b2aef4ce312483c6abbf39f7c42435c5a4da437eb93d96ff08bbac,2025-10-04T18:50:00+0200,2025-10-04,16:50:00,-1.626,48.134,35051,35,Cesson-Sévigné,Rennes Métropole,France,2025-10-04T18:50:00+0200,2025-10-04,17:20:00,-1.242,48.227,35260,35,Saint-Christophe-des-Bois,Communauté d'agglomération Vitré Communauté,France,1,C,37132,35,OUI
59810308,d2b3bcc82d5d3e8ae8a299a0af066855ce0d501af24e54d3d01fb6f66fa1c08d,2025-10-04T18:50:00+0200,2025-10-04,16:50:00,-1.755,48.150,35210,35,Pacé,Rennes Métropole,France,2025-10-04T18:50:00+0200,2025-10-04,17:10:00,-1.657,48.107,35238,35,Rennes,Rennes Métropole,France,1,C,12826,15,OUI
59811143,079aea8e3c0a1bc6258ab30dc7a17490686ce207e08f3caaa29d0cb9aa936510,2025-10-04T20:30:00+0200,2025-10-04,18:30:00,-1.617,48.107,35051,35,Cesson-Sévigné,Rennes Métropole,France,2025-10-04T20:30:00+0200,2025-10-04,18:40:00,-1.638,48.163,35024,35,Betton,Rennes Métropole,France,1,C,8456,14,OUI
59811234,a38848eaa1ab1f076559e27fa436ff27a1758f3ce6a1a364a695650b3bf1ac66,2025-10-04T20:30:00+0200,2025-10-04,18:30:00,-1.671,48.167,35024,35,Betton,Rennes Métropole,France,2025-10-04T20:30:00+0200,2025-10-04,19:20:00,-1.222,48.248,35192,35,Montreuil-des-Landes,Communauté d'agglomération Vitré Communauté,France,1,C,46654,47,OUI
59813731,46a3c1299597b81535bb16d76e0e4a4033daa9368b7bdee3fcd58a6fe8266dcd,2025-10-04T20:50:00+0200,2025-10-04,18:50:00,-1.677,48.083,35238,35,Rennes,Rennes Métropole,France,2025-10-04T20:50:00+0200,2025-10-04,19:50:00,-2.401,47.924,56165,56,Ploërmel,Ploërmel Communauté,France,1,C,68945,57,OUI
59813753,f815ad564b0f7cfdb119393acf54d42ab63c4d86bb97976d3582491dcd4b649f,2025-10-04T21:20:00+0200,2025-10-04,19:20:00,-1.588,48.144,35334,35,Thorigné-Fouillard,Rennes Métropole,France,2025-10-04T21:20:00+0200,2025-10-04,20:00:00,-1.146,48.055,35006,35,Argentré-du-Plessis,Communauté d'agglomération Vitré Communauté,France,1,C,37112,31,OUI
59812628,0dadacff6e2a7b80b1b72d5b7d3a768b211b3e32ec1b2603bd168858dd2cdd20,2025-10-04T21:20:00+0200,2025-10-04,19:20:00,-1.683,48.131,35238,35,Rennes,Rennes Métropole,France,2025-10-04T21:20:00+0200,2025-10-04,19:40:00,-1.536,48.118,35207,35,Noyal-sur-Vilaine,Communauté de communes Pays de Châteaugiron Communauté,France,1,C,18261,20,OUI
59812905,3c92d6b51fdf8b18ab6def805d18747c388d48952d56c76ff0b8f7b43ca9942f,2025-10-04T21:40:00+0200,2025-10-04,19:40:00,-1.717,48.105,35238,35,Rennes,Rennes Métropole,France,2025-10-04T21:40:00+0200,2025-10-04,20:40:00,-2.384,47.937,56165,56,Ploërmel,Ploërmel Communauté,France,1,C,64564,52,OUI
59812893,3c92d6b51fdf8b18ab6def805d18747c388d48952d56c76ff0b8f7b43ca9942f,2025-10-04T21:40:00+0200,2025-10-04,19:40:00,-1.716,48.103,35238,35,Rennes,Rennes Métropole,France,2025-10-04T21:40:00+0200,2025-10-04,20:40:00,-2.396,47.929,56165,56,Ploërmel,Ploërmel Communauté,France,1,C,63640,51,OUI
