declaration_creation,declaration_modification,declarant_ID_sibil,declarant_nom,declarant_nom_usuel,declarant_statut,demandeur_ID_sibil,demandeur_role,declarant_siret,declarant_code_postal,declarant_ville,declarant_departement,declarant_region,declarant_numero_dossier,declarant_numero_licence,declaration_ID_sibil,declaration_ID_externe,declaration_date_representation,declaration_statut,declaration_cause_erreur,declaration_gestionnaires_multiples,festival_ID_parent_sibil,festival_nom_parent,festival_ID_sibil,festival_nom,festival_ville,festival_code_postal,festival_date_creation,festival_statut,festival_contributeur_ID_sibil,festival_validateur_ID_sibil,festival_cause_erreur_adresse,lieu_ID_parent_sibil,lieu_nom_parent,lieu_ID_sibil,lieu_nom,lieu_nom_usuel,lieu_adresse,lieu_code_postal,lieu_ville,lieu_siret,lieu_departement_code,lieu_departement_nom,lieu_date_creation,lieu_statut,lieu_contributeur_ID_sibil,lieu_validateur_ID_sibil,lieu_cause_erreur_adresse
2025-01-25,2025-01-25,2934,COMMUNE DE RENNES,OPERA DE RENNES,Activé,3842,ROLE_DECLARANT1,21350238800076,35000,RENNES,Ille-et-Vilaine,Bretagne,84250,PLATESV-R-2021-012024,360791,,2025-01-01,CLOTURE,,false,,,,,,,,,,,,,,503,COMMUNE DE RENNES,,PL  DE LA MAIRIE,35000,RENNES,21350238800019,35,Ille-et-Vilaine,2018-06-27,VALIDE,,,
2025-06-01,2025-06-01,3284,COMEDIE DE RENNES,,Activé,4315,ROLE_SIB,90319904000010,35700,RENNES,Ille-et-Vilaine,Bretagne,,PLATESV-D-2022-003733,353751,/event_dates/1517010,2024-12-31,CLOTURE,,false,,,,,,,,,,,,,,14581,COMÉDIE DE RENNES,,31 RUE XAVIER GRALL,35700,RENNES,,35,Ille-et-Vilaine,2022-06-24,VALIDE,4314,,
2025-05-01,2025-05-01,3284,COMEDIE DE RENNES,,Activé,4315,ROLE_SIB,90319904000010,35700,RENNES,Ille-et-Vilaine,Bretagne,,PLATESV-D-2022-003733,353577,/event_dates/1663079,2024-12-30,CLOTURE,,false,,,,,,,,,,,,,,14581,COMÉDIE DE RENNES,,31 RUE XAVIER GRALL,35700,RENNES,,35,Ille-et-Vilaine,2022-06-24,VALIDE,4314,,
2025-04-01,2025-04-01,3284,COMEDIE DE RENNES,,Activé,4315,ROLE_SIB,90319904000010,35700,RENNES,Ille-et-Vilaine,Bretagne,,PLATESV-D-2022-003733,353490,/event_dates/1700417,2024-12-29,CLOTURE,,false,,,,,,,,,,,,,,14581,COMÉDIE DE RENNES,,31 RUE XAVIER GRALL,35700,RENNES,,35,Ille-et-Vilaine,2022-06-24,VALIDE,4314,,
2025-02-01,2025-02-01,3284,COMEDIE DE RENNES,,Activé,4315,ROLE_SIB,90319904000010,35700,RENNES,Ille-et-Vilaine,Bretagne,,PLATESV-D-2022-003733,353001,/event_dates/1700137,2024-12-27,CLOTURE,,false,,,,,,,,,,,,,,14581,COMÉDIE DE RENNES,,31 RUE XAVIER GRALL,35700,RENNES,,35,Ille-et-Vilaine,2022-06-24,VALIDE,4314,,
2025-02-01,2025-02-01,3284,COMEDIE DE RENNES,,Activé,4315,ROLE_SIB,90319904000010,35700,RENNES,Ille-et-Vilaine,Bretagne,,PLATESV-D-2022-003733,353000,/event_dates/1700123,2024-12-26,CLOTURE,,false,,,,,,,,,,,,,,14581,COMÉDIE DE RENNES,,31 RUE XAVIER GRALL,35700,RENNES,,35,Ille-et-Vilaine,2022-06-24,VALIDE,4314,,
2024-12-30,2024-12-30,3284,COMEDIE DE RENNES,,Activé,4315,ROLE_SIB,90319904000010,35700,RENNES,Ille-et-Vilaine,Bretagne,,PLATESV-D-2022-003733,352686,/event_dates/1768079,2024-12-24,CLOTURE,,false,,,,,,,,,,,,,,14581,COMÉDIE DE RENNES,,31 RUE XAVIER GRALL,35700,RENNES,,35,Ille-et-Vilaine,2022-06-24,VALIDE,4314,,
2024-12-27,2024-12-27,1291,ASSOCIATION LILLICO,,Activé,6234,ROLE_SIB,78975485000038,35000,RENNES,Ille-et-Vilaine,Bretagne,,PLATESV-D-2020-000183,352434,/event_dates/1492788,2024-12-21,CLOTURE,,false,,,,,,,,,,,,,,16849,SALLE GUY ROPARTZ,,14 RUE GUY ROPARTZ,35700,RENNES,,35,Ille-et-Vilaine,2023-01-16,VALIDE,1551,,
2024-12-21,2024-12-21,1584,ORCHESTRE NATIONAL DE BRETAGNE,ORCHESTRE NATIONAL DE BRETAGNE,Activé,5671,ROLE_DECLARANT2,35010209100021,35000,RENNES,Ille-et-Vilaine,Bretagne,DOS20183137,2-1054646,351803,,2024-12-19,CLOTURE,,false,,,,,,,,,,,,,,9345,OPÉRA DE RENNES,Opéra de Rennes,PLACE DE LA MAIRIE,35000,RENNES,,35,Ille-et-Vilaine,2021-06-01,VALIDE,2015,89,Adresse
2025-06-01,2025-06-01,1416,COMMUNE DE BRUZ,LE GRAND LOGIS - VILLE DE BRUZ,Activé,1831,ROLE_SIB,21350047300151,35170,BRUZ,Ille-et-Vilaine,Bretagne,DOS20187008,1-1114454,353770,335,2024-12-19,CLOTURE,,false,,,,,,,,,,,,,,2089,COMMUNE DE BRUZ,,10  AV  DU GENERAL DE GAULLE,35170,BRUZ,21350047300151,35,Ille-et-Vilaine,2018-06-27,VALIDE,,,
2024-12-21,2024-12-21,1584,ORCHESTRE NATIONAL DE BRETAGNE,ORCHESTRE NATIONAL DE BRETAGNE,Activé,5671,ROLE_DECLARANT2,35010209100021,35000,RENNES,Ille-et-Vilaine,Bretagne,DOS20183137,2-1054646,351797,,2024-12-19,CLOTURE,,false,,,,,,,,,,,,,,9345,OPÉRA DE RENNES,Opéra de Rennes,PLACE DE LA MAIRIE,35000,RENNES,,35,Ille-et-Vilaine,2021-06-01,VALIDE,2015,89,Adresse
2024-12-24,2024-12-24,3284,COMEDIE DE RENNES,,Activé,4315,ROLE_SIB,90319904000010,35700,RENNES,Ille-et-Vilaine,Bretagne,,PLATESV-D-2022-003733,352107,/event_dates/1782163,2024-12-18,CLOTURE,,false,,,,,,,,,,,,,,14581,COMÉDIE DE RENNES,,31 RUE XAVIER GRALL,35700,RENNES,,35,Ille-et-Vilaine,2022-06-24,VALIDE,4314,,
2025-03-31,2025-03-31,2641,MAISON DES JEUNES ET CULTURE DE PACE,,Activé,3356,ROLE_SIB,30593736900026,35740,PACE,Ille-et-Vilaine,Bretagne,31372,PLATESV-R-2020-000949,384570,229,2024-12-17,CLOTURE,,false,,,,,,,,,,,,,,11393,ESCAPADE,,6 AVENUE CHARLES LE GOFFIC,35740,PACÉ,,35,Ille-et-Vilaine,2021-09-24,VALIDE,3356,5239,
2024-12-22,2024-12-22,1291,ASSOCIATION LILLICO,,Activé,6234,ROLE_SIB,78975485000038,35000,RENNES,Ille-et-Vilaine,Bretagne,,PLATESV-D-2020-000183,351855,/event_dates/1492725,2024-12-16,CLOTURE,,false,,,,,,,,,,,,,,16849,SALLE GUY ROPARTZ,,14 RUE GUY ROPARTZ,35700,RENNES,,35,Ille-et-Vilaine,2023-01-16,VALIDE,1551,,
2024-12-21,2024-12-21,3284,COMEDIE DE RENNES,,Activé,4315,ROLE_SIB,90319904000010,35700,RENNES,Ille-et-Vilaine,Bretagne,,PLATESV-D-2022-003733,351734,/event_dates/1739204,2024-12-15,CLOTURE,,false,,,,,,,,,,,,,,14581,COMÉDIE DE RENNES,,31 RUE XAVIER GRALL,35700,RENNES,,35,Ille-et-Vilaine,2022-06-24,VALIDE,4314,,
2025-04-02,2025-04-02,1125,CARTEL CONCERTS,,Activé,1278,ROLE_DECLARANT1,80023696000038,35200,RENNES,Ille-et-Vilaine,Bretagne,DOS20168997,3-1072466,365919,,2024-12-14,CLOTURE,,false,,,,,,,,,,,,18106,LE 4 BIS,16451,LE 4BIS,,4BIS COURS DES ALLIÉS,35000,RENNES,,35,Ille-et-Vilaine,2022-12-14,FUSIONNE,967,,
2024-12-20,2024-12-20,3284,COMEDIE DE RENNES,,Activé,4315,ROLE_SIB,90319904000010,35700,RENNES,Ille-et-Vilaine,Bretagne,,PLATESV-D-2022-003733,350841,/event_dates/1739148,2024-12-14,CLOTURE,,false,,,,,,,,,,,,,,14581,COMÉDIE DE RENNES,,31 RUE XAVIER GRALL,35700,RENNES,,35,Ille-et-Vilaine,2022-06-24,VALIDE,4314,,
2025-06-21,2025-06-21,3780,LA PAILLETTE,,Activé,5001,ROLE_SIB,77774969800034,35000,RENNES,Ille-et-Vilaine,Bretagne,52745,PLATESV-R-2020-009633,414271,/event_dates/1953663,2025-06-15,CLOTURE,,false,,,,,,,,,,,,2868,ASS MJC LA PAILLETTE,9054,LA PAILLETTE,,2 RUE DU PRÉ DE BRIS,35000,RENNES,,35,Ille-et-Vilaine,2020-11-30,FUSIONNE,1551,89,
2025-06-21,2025-06-21,3780,LA PAILLETTE,,Activé,5001,ROLE_SIB,77774969800034,35000,RENNES,Ille-et-Vilaine,Bretagne,52745,PLATESV-R-2020-009633,414270,/event_dates/1953656,2025-06-15,CLOTURE,,false,,,,,,,,,,,,2868,ASS MJC LA PAILLETTE,9054,LA PAILLETTE,,2 RUE DU PRÉ DE BRIS,35000,RENNES,,35,Ille-et-Vilaine,2020-11-30,FUSIONNE,1551,89,
2025-07-17,2025-07-17,176,ANTIPODE MJC RENNES,ANTIPODE,Activé,3639,ROLE_SIB,77774999500018,35000,RENNES,Ille-et-Vilaine,Bretagne,,3-1019092,422922,declaration_437_2025_2,2025-06-14,CLOTURE,,false,,,,,,,,,,,,,,13768,ANTIPODE,Antipode - PARVIS AGNÈS VARDA,75 AVENUE JULES MANIEZ,35000,RENNES,,35,Ille-et-Vilaine,2022-05-04,VALIDE,3639,5238,
2025-07-15,2025-07-15,4281,JOYISSIMA,,Activé,5741,ROLE_DECLARANT1,89539474000016,35700,RENNES,Ille-et-Vilaine,Bretagne,PLATESV-D-2021-006638,PLATESV-D-2021-006638,420631,,2025-06-14,CLOTURE,,false,,,3154,Joy Connection,PORNICHET,44380,2024-01-16,VALIDE,5741,,,,,26520,ÉGLISE SAINT PAUL,,58 BOULEVARD EMILE BROODCOORENS,44600,SAINT-NAZAIRE,,44,Loire-Atlantique,2025-07-15,VALIDE,5741,,
2025-07-17,2025-07-17,176,ANTIPODE MJC RENNES,ANTIPODE,Activé,3639,ROLE_SIB,77774999500018,35000,RENNES,Ille-et-Vilaine,Bretagne,,3-1019092,422923,declaration_436_2025_2,2025-06-14,CLOTURE,,false,,,,,,,,,,,,,,13768,ANTIPODE,Antipode - PARVIS AGNÈS VARDA,75 AVENUE JULES MANIEZ,35000,RENNES,,35,Ille-et-Vilaine,2022-05-04,VALIDE,3639,5238,
2025-04-07,2025-04-07,1584,ORCHESTRE NATIONAL DE BRETAGNE,ORCHESTRE NATIONAL DE BRETAGNE,Activé,5671,ROLE_DECLARANT2,35010209100021,35000,RENNES,Ille-et-Vilaine,Bretagne,DOS20183137,2-1054646,417735,,2025-06-14,CLOTURE,,false,,,,,,,,,,,,,,9526,COUVENT DES JACOBINS,Couvent des Jacobins - Centre des Congrès de Rennes Métropole,20 PLACE SAINTE-ANNE,35000,RENNES,,35,Ille-et-Vilaine,2021-01-22,VALIDE,2015,,
2025-07-17,2025-07-17,176,ANTIPODE MJC RENNES,ANTIPODE,Activé,3639,ROLE_SIB,77774999500018,35000,RENNES,Ille-et-Vilaine,Bretagne,,3-1019092,422924,declaration_435_2025_2,2025-06-13,CLOTURE,,false,,,,,,,,,,,,,,13768,ANTIPODE,Antipode - PARVIS AGNÈS VARDA,75 AVENUE JULES MANIEZ,35000,RENNES,,35,Ille-et-Vilaine,2022-05-04,VALIDE,3639,5238,
2025-07-16,2025-07-16,2934,COMMUNE DE RENNES,OPERA DE RENNES,Activé,3842,ROLE_DECLARANT1,21350238800076,35000,RENNES,Ille-et-Vilaine,Bretagne,84250,PLATESV-R-2021-012024,422550,,2025-12-06,CLOTURE,,false,,,,,,,,,,,,,,503,COMMUNE DE RENNES,,PL  DE LA MAIRIE,35000,RENNES,21350238800019,35,Ille-et-Vilaine,2018-06-27,VALIDE,,,
2025-02-24,2025-11-07,5176,ASSOCIATION AY ROOP,,Activé,6957,ROLE_DECLARANT1,48103166400032,35000,RENNES,Ille-et-Vilaine,Bretagne,PLATESV-R-2021-002953,PLATESV-R-2021-002953,372798,,2025-12-06,CLOTURE,,false,,,4084,TEMPS FORT CIRQUE,SAINT-JACQUES-DE-LA-LANDE,35136,2025-02-24,VALIDE,6957,,,,,24822,AY-ROOP LE MILIEU,,RUE DU HAUT-BOIS,35136,SAINT-JACQUES-DE-LA-LANDE,,35,Ille-et-Vilaine,2025-02-24,VALIDE,6957,,
2025-07-17,2025-07-17,176,ANTIPODE MJC RENNES,ANTIPODE,Activé,3639,ROLE_SIB,77774999500018,35000,RENNES,Ille-et-Vilaine,Bretagne,,3-1019092,422925,declaration_434_2025_2,2025-11-06,CLOTURE,,false,,,,,,,,,,,,,,13768,ANTIPODE,Antipode - PARVIS AGNÈS VARDA,75 AVENUE JULES MANIEZ,35000,RENNES,,35,Ille-et-Vilaine,2022-05-04,VALIDE,3639,5238,
2025-06-17,2025-06-17,3780,LA PAILLETTE,,Activé,5001,ROLE_SIB,77774969800034,35000,RENNES,Ille-et-Vilaine,Bretagne,52745,PLATESV-R-2020-009633,412961,/event_dates/1953551,2025-11-06,CLOTURE,,false,,,,,,,,,,,,2868,ASS MJC LA PAILLETTE,9054,LA PAILLETTE,,2 RUE DU PRÉ DE BRIS,35000,RENNES,,35,Ille-et-Vilaine,2020-11-30,FUSIONNE,1551,89,
2025-02-24,2025-11-07,5176,ASSOCIATION AY ROOP,,Activé,6957,ROLE_DECLARANT1,48103166400032,35000,RENNES,Ille-et-Vilaine,Bretagne,PLATESV-R-2021-002953,PLATESV-R-2021-002953,372810,,2025-11-06,CLOTURE,,false,,,4084,TEMPS FORT CIRQUE,SAINT-JACQUES-DE-LA-LANDE,35136,2025-02-24,VALIDE,6957,,,,,24834,LE BAM,,2 RUE ANDRÉ TRASBOT,35000,RENNES,,35,Ille-et-Vilaine,2025-02-24,VALIDE,6957,,
2025-06-17,2025-06-17,3780,LA PAILLETTE,,Activé,5001,ROLE_SIB,77774969800034,35000,RENNES,Ille-et-Vilaine,Bretagne,52745,PLATESV-R-2020-009633,412959,/event_dates/1953586,2025-11-06,CLOTURE,,false,,,,,,,,,,,,2868,ASS MJC LA PAILLETTE,9054,LA PAILLETTE,,2 RUE DU PRÉ DE BRIS,35000,RENNES,,35,Ille-et-Vilaine,2020-11-30,FUSIONNE,1551,89,
2025-02-24,2025-11-07,5176,ASSOCIATION AY ROOP,,Activé,6957,ROLE_DECLARANT1,48103166400032,35000,RENNES,Ille-et-Vilaine,Bretagne,PLATESV-R-2021-002953,PLATESV-R-2021-002953,372796,,2025-11-06,CLOTURE,,false,,,4084,TEMPS FORT CIRQUE,SAINT-JACQUES-DE-LA-LANDE,35136,2025-02-24,VALIDE,6957,,,,,22288,EPI CONDORCET,,10 RUE FRANÇOIS MITTERRAND,35136,SAINT-JACQUES-DE-LA-LANDE,,35,Ille-et-Vilaine,2024-10-07,VALIDE,5626,,
2025-06-15,2025-06-15,3780,LA PAILLETTE,,Activé,5001,ROLE_SIB,77774969800034,35000,RENNES,Ille-et-Vilaine,Bretagne,52745,PLATESV-R-2020-009633,412710,/event_dates/1949288,2025-09-06,CLOTURE,,false,,,,,,,,,,,,2868,ASS MJC LA PAILLETTE,9054,LA PAILLETTE,,2 RUE DU PRÉ DE BRIS,35000,RENNES,,35,Ille-et-Vilaine,2020-11-30,FUSIONNE,1551,89,
2025-06-15,2025-06-15,3780,LA PAILLETTE,,Activé,5001,ROLE_SIB,77774969800034,35000,RENNES,Ille-et-Vilaine,Bretagne,52745,PLATESV-R-2020-009633,412708,/event_dates/1949281,2025-09-06,CLOTURE,,false,,,,,,,,,,,,2868,ASS MJC LA PAILLETTE,9054,LA PAILLETTE,,2 RUE DU PRÉ DE BRIS,35000,RENNES,,35,Ille-et-Vilaine,2020-11-30,FUSIONNE,1551,89,
2025-07-17,2025-07-17,176,ANTIPODE MJC RENNES,ANTIPODE,Activé,3639,ROLE_SIB,77774999500018,35000,RENNES,Ille-et-Vilaine,Bretagne,,3-1019092,422927,declaration_432_2025_2,2025-07-06,CLOTURE,,false,,,,,,,,,,,,,,13768,ANTIPODE,Antipode - PARVIS AGNÈS VARDA,75 AVENUE JULES MANIEZ,35000,RENNES,,35,Ille-et-Vilaine,2022-05-04,VALIDE,3639,5238,
2025-07-17,2025-07-17,176,ANTIPODE MJC RENNES,ANTIPODE,Activé,3639,ROLE_SIB,77774999500018,35000,RENNES,Ille-et-Vilaine,Bretagne,,3-1019092,422928,declaration_430_2025_2,2025-06-06,CLOTURE,,false,,,,,,,,,,,,,,13768,ANTIPODE,Antipode - PARVIS AGNÈS VARDA,75 AVENUE JULES MANIEZ,35000,RENNES,,35,Ille-et-Vilaine,2022-05-04,VALIDE,3639,5238,
2025-07-16,2025-07-16,2934,COMMUNE DE RENNES,OPERA DE RENNES,Activé,3842,ROLE_DECLARANT1,21350238800076,35000,RENNES,Ille-et-Vilaine,Bretagne,84250,PLATESV-R-2021-012024,422629,,2025-06-06,CLOTURE,,false,,,,,,,,,,,,,,503,COMMUNE DE RENNES,,PL  DE LA MAIRIE,35000,RENNES,21350238800019,35,Ille-et-Vilaine,2018-06-27,VALIDE,,,
2025-03-06,2025-03-06,58,THEATRE NATIONAL DE BRETAGNE - T.N.B. CENTRE EUROPEEN DE PRODUCTION THEATRALE ET CHOREGRAPHIQUE,THEATRE NATIONAL DE BRETAGNE - T.N.B.,Activé,53,ROLE_DECLARANT1,37921397800016,35000,RENNES,Ille-et-Vilaine,Bretagne,,3-1099111,409900,,2025-05-27,CLOTURE,,false,2716,Transforme / New Settings,3440,FESTIVAL TRANSFORME,RENNES,35000,2024-06-27,FUSIONNE,53,,,,,20426,TNB,,1 RUE SAINT-HÉLIER,35000,RENNES,,35,Ille-et-Vilaine,2024-09-01,VALIDE,53,5238,
2025-05-31,2025-05-31,3780,LA PAILLETTE,,Activé,5001,ROLE_SIB,77774969800034,35000,RENNES,Ille-et-Vilaine,Bretagne,52745,PLATESV-R-2020-009633,409049,/event_dates/1948560,2025-05-25,CLOTURE,,false,,,,,,,,,,,,2868,ASS MJC LA PAILLETTE,9054,LA PAILLETTE,,2 RUE DU PRÉ DE BRIS,35000,RENNES,,35,Ille-et-Vilaine,2020-11-30,FUSIONNE,1551,89,
2025-06-26,2025-06-26,3602,DANSE A TOUS LES ETAGES,DANSE A TOUS LES ETAGES CDCN RENNES,Activé,4750,ROLE_DECLARANT1,41281004600026,35000,RENNES,Ille-et-Vilaine,Bretagne,35367,PLATESV-D-2020-001650,415292,,2025-05-25,CLOTURE,,false,2297,Nomadanse,2296,Nomadanse,RENNES,35000,2022-11-21,FUSIONNE,4750,,,,,18688,LE GARAGE,,RUE ANDRÉ ET YVONNE MEYNIER,35000,RENNES,,35,Ille-et-Vilaine,2023-03-07,VALIDE,4750,,
2025-05-30,2025-05-30,3780,LA PAILLETTE,,Activé,5001,ROLE_SIB,77774969800034,35000,RENNES,Ille-et-Vilaine,Bretagne,52745,PLATESV-R-2020-009633,408908,/event_dates/1948553,2025-05-24,CLOTURE,,false,,,,,,,,,,,,2868,ASS MJC LA PAILLETTE,9054,LA PAILLETTE,,2 RUE DU PRÉ DE BRIS,35000,RENNES,,35,Ille-et-Vilaine,2020-11-30,FUSIONNE,1551,89,
2025-07-17,2025-07-17,176,ANTIPODE MJC RENNES,ANTIPODE,Activé,3639,ROLE_SIB,77774999500018,35000,RENNES,Ille-et-Vilaine,Bretagne,,3-1019092,422931,declaration_396_2025_2,2025-05-22,CLOTURE,,false,,,,,,,,,,,,,,13768,ANTIPODE,Antipode - PARVIS AGNÈS VARDA,75 AVENUE JULES MANIEZ,35000,RENNES,,35,Ille-et-Vilaine,2022-05-04,VALIDE,3639,5238,
2025-03-20,2025-03-20,3780,LA PAILLETTE,,Activé,5001,ROLE_SIB,77774969800034,35000,RENNES,Ille-et-Vilaine,Bretagne,52745,PLATESV-R-2020-009633,380581,/event_dates/1397441,2025-03-14,CLOTURE,,true,,,,,,,,,,,,2868,ASS MJC LA PAILLETTE,9054,LA PAILLETTE,,2 RUE DU PRÉ DE BRIS,35000,RENNES,,35,Ille-et-Vilaine,2020-11-30,FUSIONNE,1551,89,
2025-07-22,2025-07-22,1125,CARTEL CONCERTS,,Activé,1278,ROLE_DECLARANT1,80023696000038,35200,RENNES,Ille-et-Vilaine,Bretagne,DOS20168997,3-1072466,424695,,2025-03-13,CLOTURE,,false,,,,,,,,,,,,18106,LE 4 BIS,16451,LE 4BIS,,4BIS COURS DES ALLIÉS,35000,RENNES,,35,Ille-et-Vilaine,2022-12-14,FUSIONNE,967,,
2025-04-15,2025-04-15,3820,THEATRE L'AIRE LIBRE,,Activé,5626,ROLE_DECLARANT1,92262510800019,35136,SAINT-JACQUES-DE-LA-LANDE,Ille-et-Vilaine,Bretagne,,PLATESV-D-2023-000211,394190,,2025-03-13,CLOTURE,,false,,,,,,,,,,,,2807,L'AIRE LIBRE,18263,THÉÂTRE L'AIRE LIBRE,,2 PLACE JULES VALLÈS,35136,SAINT-JACQUES-DE-LA-LANDE,,35,Ille-et-Vilaine,2023-05-22,FUSIONNE,5047,,
2025-02-04,2025-02-04,1584,ORCHESTRE NATIONAL DE BRETAGNE,ORCHESTRE NATIONAL DE BRETAGNE,Activé,5671,ROLE_DECLARANT2,35010209100021,35000,RENNES,Ille-et-Vilaine,Bretagne,DOS20183137,2-1054646,386108,,2025-03-13,CLOTURE,,false,,,,,,,,,,,,,,9526,COUVENT DES JACOBINS,Couvent des Jacobins - Centre des Congrès de Rennes Métropole,20 PLACE SAINTE-ANNE,35000,RENNES,,35,Ille-et-Vilaine,2021-01-22,VALIDE,2015,,
2025-03-27,2025-03-27,2934,COMMUNE DE RENNES,OPERA DE RENNES,Activé,3842,ROLE_DECLARANT1,21350238800076,35000,RENNES,Ille-et-Vilaine,Bretagne,84250,PLATESV-R-2021-012024,383575,,2025-10-03,CLOTURE,,false,,,,,,,,,,,,,,503,COMMUNE DE RENNES,,PL  DE LA MAIRIE,35000,RENNES,21350238800019,35,Ille-et-Vilaine,2018-06-27,VALIDE,,,
2025-07-04,2025-07-04,542,ASSOCIATION TRANS MUSICALES,ATM,Activé,597,ROLE_DECLARANT1,33886426700020,35000,RENNES,Ille-et-Vilaine,Bretagne,,3-1032090,388864,,2025-08-03,CLOTURE,,false,,,,,,,,,,,,,,7843,UBU,,1 RUE SAINT-HÉLIER,35000,RENNES,,35,Ille-et-Vilaine,2020-02-26,VALIDE,597,,
2025-03-14,2025-03-14,1291,ASSOCIATION LILLICO,,Activé,6234,ROLE_SIB,78975485000038,35000,RENNES,Ille-et-Vilaine,Bretagne,,PLATESV-D-2020-000183,378751,/event_dates/1493145,2025-08-03,CLOTURE,,false,,,,,,,,,,,,,,16849,SALLE GUY ROPARTZ,,14 RUE GUY ROPARTZ,35700,RENNES,,35,Ille-et-Vilaine,2023-01-16,VALIDE,1551,,
2025-07-22,2025-07-22,1125,CARTEL CONCERTS,,Activé,1278,ROLE_DECLARANT1,80023696000038,35200,RENNES,Ille-et-Vilaine,Bretagne,DOS20168997,3-1072466,424678,,2025-07-03,CLOTURE,,false,,,,,,,,,,,,21145,MAISON DES ASSOCIATIONS,21146,MAISON DES ASSOCIATION,,6 COURS DES ALLIÉS,35000,RENNES,,35,Ille-et-Vilaine,2024-05-04,FUSIONNE,5288,,
2025-07-22,2025-07-22,1125,CARTEL CONCERTS,,Activé,1278,ROLE_DECLARANT1,80023696000038,35200,RENNES,Ille-et-Vilaine,Bretagne,DOS20168997,3-1072466,424677,,2025-06-03,CLOTURE,,false,,,,,,,,,,,,18106,LE 4 BIS,16451,LE 4BIS,,4BIS COURS DES ALLIÉS,35000,RENNES,,35,Ille-et-Vilaine,2022-12-14,FUSIONNE,967,,
2025-02-04,2025-02-04,1584,ORCHESTRE NATIONAL DE BRETAGNE,ORCHESTRE NATIONAL DE BRETAGNE,Activé,5671,ROLE_DECLARANT2,35010209100021,35000,RENNES,Ille-et-Vilaine,Bretagne,DOS20183137,2-1054646,386107,,2025-04-03,CLOTURE,,false,,,,,,,,,,,,,,9526,COUVENT DES JACOBINS,Couvent des Jacobins - Centre des Congrès de Rennes Métropole,20 PLACE SAINTE-ANNE,35000,RENNES,,35,Ille-et-Vilaine,2021-01-22,VALIDE,2015,,
2025-05-14,2025-05-14,176,ANTIPODE MJC RENNES,ANTIPODE,Activé,3639,ROLE_SIB,77774999500018,35000,RENNES,Ille-et-Vilaine,Bretagne,,3-1019092,405029,declaration_267_2025_1,2025-02-28,CLOTURE,,false,,,,,,,,,,,,,,13768,ANTIPODE,Antipode - PARVIS AGNÈS VARDA,75 AVENUE JULES MANIEZ,35000,RENNES,,35,Ille-et-Vilaine,2022-05-04,VALIDE,3639,5238,
2025-06-03,2025-06-03,3780,LA PAILLETTE,,Activé,5001,ROLE_SIB,77774969800034,35000,RENNES,Ille-et-Vilaine,Bretagne,52745,PLATESV-R-2020-009633,375946,/event_dates/1603361,2025-02-28,CLOTURE,,true,,,,,,,,,,,,2868,ASS MJC LA PAILLETTE,9054,LA PAILLETTE,,2 RUE DU PRÉ DE BRIS,35000,RENNES,,35,Ille-et-Vilaine,2020-11-30,FUSIONNE,1551,89,
2025-03-23,2025-03-23,1291,ASSOCIATION LILLICO,,Activé,6234,ROLE_SIB,78975485000038,35000,RENNES,Ille-et-Vilaine,Bretagne,,PLATESV-D-2020-000183,382231,/event_dates/1493180,2025-03-17,CLOTURE,,false,,,,,,,,,,,,,,16849,SALLE GUY ROPARTZ,,14 RUE GUY ROPARTZ,35700,RENNES,,35,Ille-et-Vilaine,2023-01-16,VALIDE,1551,,
2025-07-17,2025-07-17,176,ANTIPODE MJC RENNES,ANTIPODE,Activé,3639,ROLE_SIB,77774999500018,35000,RENNES,Ille-et-Vilaine,Bretagne,,3-1019092,422959,declaration_293_2025_2,2025-12-04,CLOTURE,,false,,,,,,,,,,,,,,13768,ANTIPODE,Antipode - PARVIS AGNÈS VARDA,75 AVENUE JULES MANIEZ,35000,RENNES,,35,Ille-et-Vilaine,2022-05-04,VALIDE,3639,5238,
2025-07-17,2025-07-17,176,ANTIPODE MJC RENNES,ANTIPODE,Activé,3639,ROLE_SIB,77774999500018,35000,RENNES,Ille-et-Vilaine,Bretagne,,3-1019092,422937,declaration_282_2025_2,2025-10-04,CLOTURE,,false,,,,,,,,,,,,,,13768,ANTIPODE,Antipode - PARVIS AGNÈS VARDA,75 AVENUE JULES MANIEZ,35000,RENNES,,35,Ille-et-Vilaine,2022-05-04,VALIDE,3639,5238,
2025-05-28,2025-05-28,572,CENTRE CULTUREL TRIANGLE,LE TRIANGLE,Activé,631,ROLE_DECLARANT1,32327735000035,35200,RENNES,Ille-et-Vilaine,Bretagne,,3-1014237,408748,,2025-05-20,CLOTURE,,false,,,,,,,,,,,,,,2390,CENTRE CULTUREL TRIANGLE,,BD  DE YOUGOSLAVIE,35200,RENNES,32327735000035,35,Ille-et-Vilaine,2018-06-27,VALIDE,,,
2025-07-15,2025-07-15,5466,COMMUNE DE SAINT GILLES,MAIRIE,Activé,7301,ROLE_SIB,21350275000085,35590,SAINT-GILLES,Ille-et-Vilaine,Bretagne,PLATESV-R-2020-005381,PLATESV-R-2020-005381,420222,134,2025-05-17,CLOTURE,,false,,,,,,,,,,,,,,25782,LE SABOT D'OR,,LE PONT HAZARD,35590,SAINT-GILLES,,35,Ille-et-Vilaine,2025-04-29,VALIDE,7301,,
2025-07-18,2025-07-18,542,ASSOCIATION TRANS MUSICALES,ATM,Activé,597,ROLE_DECLARANT1,33886426700020,35000,RENNES,Ille-et-Vilaine,Bretagne,,3-1032090,423168,,2025-05-15,CLOTURE,,false,,,,,,,,,,,,,,7843,UBU,,1 RUE SAINT-HÉLIER,35000,RENNES,,35,Ille-et-Vilaine,2020-02-26,VALIDE,597,,
2025-05-20,2025-03-06,58,THEATRE NATIONAL DE BRETAGNE - T.N.B. CENTRE EUROPEEN DE PRODUCTION THEATRALE ET CHOREGRAPHIQUE,THEATRE NATIONAL DE BRETAGNE - T.N.B.,Activé,53,ROLE_DECLARANT1,37921397800016,35000,RENNES,Ille-et-Vilaine,Bretagne,,3-1099111,406488,,2025-05-15,CLOTURE,,false,2716,Transforme / New Settings,3440,FESTIVAL TRANSFORME,RENNES,35000,2024-06-27,FUSIONNE,53,,,,,20426,TNB,,1 RUE SAINT-HÉLIER,35000,RENNES,,35,Ille-et-Vilaine,2024-09-01,VALIDE,53,5238,
2025-10-08,2025-10-08,4194,SOFIA LABEL,,Activé,5601,ROLE_DECLARANT1,50089006600037,35200,RENNES,Ille-et-Vilaine,Bretagne,PLATESV-R-2021-009946,PLATESV-R-2021-009946,428270,,2025-05-13,CLOTURE,,false,,,,,,,,,,,,9388,LES SAULNIÈRES,7087,SALLE LES SAULNIERES,,AVENUE RHIN ET DANUBE,72000,LE MANS,,72,Sarthe,2020-02-01,FUSIONNE,1088,,
2025-07-16,2025-07-16,2934,COMMUNE DE RENNES,OPERA DE RENNES,Activé,3842,ROLE_DECLARANT1,21350238800076,35000,RENNES,Ille-et-Vilaine,Bretagne,84250,PLATESV-R-2021-012024,422616,,2025-03-05,CLOTURE,,false,,,,,,,,,,,,,,503,COMMUNE DE RENNES,,PL  DE LA MAIRIE,35000,RENNES,21350238800019,35,Ille-et-Vilaine,2018-06-27,VALIDE,,,
2025-09-05,2025-09-05,3284,COMEDIE DE RENNES,,Activé,4315,ROLE_SIB,90319904000010,35700,RENNES,Ille-et-Vilaine,Bretagne,,PLATESV-D-2022-003733,402944,/event_dates/1845079,2025-03-05,CLOTURE,,false,,,,,,,,,,,,,,14581,COMÉDIE DE RENNES,,31 RUE XAVIER GRALL,35700,RENNES,,35,Ille-et-Vilaine,2022-06-24,VALIDE,4314,,
2025-10-08,2025-10-08,4194,SOFIA LABEL,,Activé,5601,ROLE_DECLARANT1,50089006600037,35200,RENNES,Ille-et-Vilaine,Bretagne,PLATESV-R-2021-009946,PLATESV-R-2021-009946,428267,,2025-04-30,CLOTURE,,false,,,,,,,,,,,,,,7096,THEATRE DE L'HOTEL DE VILLE,,23 AVENUE GÉNÉRAL LECLERC,76600,LE HAVRE,,76,Seine-Maritime,2020-02-01,VALIDE,1088,5239,
2025-07-18,2025-07-18,542,ASSOCIATION TRANS MUSICALES,ATM,Activé,597,ROLE_DECLARANT1,33886426700020,35000,RENNES,Ille-et-Vilaine,Bretagne,,3-1032090,423164,,2025-04-30,CLOTURE,,false,,,,,,,,,,,,,,5761,UBU,,10/12 RUE JEAN GUY CS 73912,35039,RENNES CEDEX,33886426700020,35,Ille-et-Vilaine,2019-02-21,VALIDE,,,
2025-02-05,2025-02-05,3284,COMEDIE DE RENNES,,Activé,4315,ROLE_SIB,90319904000010,35700,RENNES,Ille-et-Vilaine,Bretagne,,PLATESV-D-2022-003733,401305,/event_dates/1813187,2025-04-26,CLOTURE,,false,,,,,,,,,,,,,,14581,COMÉDIE DE RENNES,,31 RUE XAVIER GRALL,35700,RENNES,,35,Ille-et-Vilaine,2022-06-24,VALIDE,4314,,
2025-07-17,2025-07-17,176,ANTIPODE MJC RENNES,ANTIPODE,Activé,3639,ROLE_SIB,77774999500018,35000,RENNES,Ille-et-Vilaine,Bretagne,,3-1019092,422934,declaration_392_2025_2,2025-04-25,CLOTURE,,false,,,,,,,,,,,,,,13768,ANTIPODE,Antipode - PARVIS AGNÈS VARDA,75 AVENUE JULES MANIEZ,35000,RENNES,,35,Ille-et-Vilaine,2022-05-04,VALIDE,3639,5238,
2025-10-08,2025-10-08,4194,SOFIA LABEL,,Activé,5601,ROLE_DECLARANT1,50089006600037,35200,RENNES,Ille-et-Vilaine,Bretagne,PLATESV-R-2021-009946,PLATESV-R-2021-009946,428268,,2025-04-25,CLOTURE,,false,,,,,,,,,,,,21145,MAISON DES ASSOCIATIONS,21146,MAISON DES ASSOCIATION,,6 COURS DES ALLIÉS,35000,RENNES,,35,Ille-et-Vilaine,2024-05-04,FUSIONNE,5288,,
2025-04-29,2025-04-29,1291,ASSOCIATION LILLICO,,Activé,6234,ROLE_SIB,78975485000038,35000,RENNES,Ille-et-Vilaine,Bretagne,,PLATESV-D-2020-000183,400287,/event_dates/1493264,2025-04-23,CLOTURE,,false,,,,,,,,,,,,,,16849,SALLE GUY ROPARTZ,,14 RUE GUY ROPARTZ,35700,RENNES,,35,Ille-et-Vilaine,2023-01-16,VALIDE,1551,,
2025-04-29,2025-04-29,1291,ASSOCIATION LILLICO,,Activé,6234,ROLE_SIB,78975485000038,35000,RENNES,Ille-et-Vilaine,Bretagne,,PLATESV-D-2020-000183,400286,/event_dates/1493257,2025-04-23,CLOTURE,,false,,,,,,,,,,,,,,16849,SALLE GUY ROPARTZ,,14 RUE GUY ROPARTZ,35700,RENNES,,35,Ille-et-Vilaine,2023-01-16,VALIDE,1551,,
2025-07-18,2025-07-18,2934,COMMUNE DE RENNES,OPERA DE RENNES,Activé,3842,ROLE_DECLARANT1,21350238800076,35000,RENNES,Ille-et-Vilaine,Bretagne,84250,PLATESV-R-2021-012024,423314,,2025-04-16,CLOTURE,,false,,,,,,,,,,,,,,503,COMMUNE DE RENNES,,PL  DE LA MAIRIE,35000,RENNES,21350238800019,35,Ille-et-Vilaine,2018-06-27,VALIDE,,,
2025-06-20,2025-06-20,3780,LA PAILLETTE,,Activé,5001,ROLE_SIB,77774969800034,35000,RENNES,Ille-et-Vilaine,Bretagne,52745,PLATESV-R-2020-009633,414004,/event_dates/1953635,2025-06-14,CLOTURE,,false,,,,,,,,,,,,2868,ASS MJC LA PAILLETTE,9054,LA PAILLETTE,,2 RUE DU PRÉ DE BRIS,35000,RENNES,,35,Ille-et-Vilaine,2020-11-30,FUSIONNE,1551,89,
2025-06-20,2025-06-20,3780,LA PAILLETTE,,Activé,5001,ROLE_SIB,77774969800034,35000,RENNES,Ille-et-Vilaine,Bretagne,52745,PLATESV-R-2020-009633,414009,/event_dates/1953642,2025-06-14,CLOTURE,,false,,,,,,,,,,,,2868,ASS MJC LA PAILLETTE,9054,LA PAILLETTE,,2 RUE DU PRÉ DE BRIS,35000,RENNES,,35,Ille-et-Vilaine,2020-11-30,FUSIONNE,1551,89,
2025-07-16,2025-07-16,2934,COMMUNE DE RENNES,OPERA DE RENNES,Activé,3842,ROLE_DECLARANT1,21350238800076,35000,RENNES,Ille-et-Vilaine,Bretagne,84250,PLATESV-R-2021-012024,422553,,2025-06-14,CLOTURE,,false,,,,,,,,,,,,,,503,COMMUNE DE RENNES,,PL  DE LA MAIRIE,35000,RENNES,21350238800019,35,Ille-et-Vilaine,2018-06-27,VALIDE,,,
2025-06-26,2025-06-26,3602,DANSE A TOUS LES ETAGES,DANSE A TOUS LES ETAGES CDCN RENNES,Activé,4750,ROLE_DECLARANT1,41281004600026,35000,RENNES,Ille-et-Vilaine,Bretagne,35367,PLATESV-D-2020-001650,415296,,2025-10-06,CLOTURE,,false,2297,Nomadanse,2294,Nomadanse,BREST,29200,2022-11-21,FUSIONNE,4750,,,7124,SALLE MAC ORLAN,9257,LE MAC ORLAN,,65 RUE DE LA PORTE,29200,BREST,,29,Finistère,2020-12-18,FUSIONNE,1985,,
2025-04-15,2025-04-15,1521,MJC BREQUIGNY,MJC Bréquigny,Activé,1928,ROLE_DECLARANT1,30549267000016,35200,RENNES,Ille-et-Vilaine,Bretagne,DOS20192213,1-1119457,395028,,2025-03-04,CLOTURE,,false,,,,,,,,,,,,,,8960,MJC BREQUIGNY,,15  AV  GEORGES GRAFF,35200,RENNES,30549267000024,35,Ille-et-Vilaine,2020-11-16,VALIDE,1928,,
2025-04-07,2025-04-07,1584,ORCHESTRE NATIONAL DE BRETAGNE,ORCHESTRE NATIONAL DE BRETAGNE,Activé,5671,ROLE_DECLARANT2,35010209100021,35000,RENNES,Ille-et-Vilaine,Bretagne,DOS20183137,2-1054646,417730,,2025-03-04,CLOTURE,,false,,,,,,,,,,,,,,9526,COUVENT DES JACOBINS,Couvent des Jacobins - Centre des Congrès de Rennes Métropole,20 PLACE SAINTE-ANNE,35000,RENNES,,35,Ille-et-Vilaine,2021-01-22,VALIDE,2015,,
2025-07-25,2025-07-25,3394,REGARDS DE MOMES,,Activé,4471,ROLE_DECLARANT1,52891493000029,35190,BECHEREL,Ille-et-Vilaine,Bretagne,91800,PLATESV-R-2022-000060,425400,,2025-05-07,ENREGISTRE,,false,,,2045,Ô Jardins Pestaculaires,BÉCHEREL,35190,2022-05-09,VALIDE,4471,,,,,15233,JARDINS DU THABOR,,CHEMIN DU THABOR,35190,BÉCHEREL,,35,Ille-et-Vilaine,2022-05-09,VALIDE,4471,,
2025-07-15,2025-07-15,5063,COLLECTIF OSMOZ,,Activé,6821,ROLE_DECLARANT1,83256798600019,35000,RENNES,Ille-et-Vilaine,Bretagne,PLATESV-D-2019-001951,PLATESV-D-2019-001951,420313,,2025-06-21,CLOTURE,,false,,,,,,,,,,,,,,26508,ESPLANADE CHARLES-DE-GAULLE,,RUE D'ISLY,35000,RENNES,,35,Ille-et-Vilaine,2025-07-15,VALIDE,6821,,
2025-07-16,2025-07-16,2934,COMMUNE DE RENNES,OPERA DE RENNES,Activé,3842,ROLE_DECLARANT1,21350238800076,35000,RENNES,Ille-et-Vilaine,Bretagne,84250,PLATESV-R-2021-012024,422559,,2025-06-20,CLOTURE,,false,,,,,,,,,,,,,,503,COMMUNE DE RENNES,,PL  DE LA MAIRIE,35000,RENNES,21350238800019,35,Ille-et-Vilaine,2018-06-27,VALIDE,,,
2025-10-08,2025-10-08,4194,SOFIA LABEL,,Activé,5601,ROLE_DECLARANT1,50089006600037,35200,RENNES,Ille-et-Vilaine,Bretagne,PLATESV-R-2021-009946,PLATESV-R-2021-009946,428271,,2025-05-15,CLOTURE,,false,,,,,,,,,,,,,,8253,THEATRE MOLIERE,,33 RUE DU TEMPLE,33000,BORDEAUX,,33,Gironde,2020-06-18,VALIDE,1088,,
2025-04-22,2025-04-22,3284,COMEDIE DE RENNES,,Activé,4315,ROLE_SIB,90319904000010,35700,RENNES,Ille-et-Vilaine,Bretagne,,PLATESV-D-2022-003733,398030,/event_dates/1964135,2025-04-16,CLOTURE,,false,,,,,,,,,,,,,,14581,COMÉDIE DE RENNES,,31 RUE XAVIER GRALL,35700,RENNES,,35,Ille-et-Vilaine,2022-06-24,VALIDE,4314,,
2025-04-21,2025-04-21,3284,COMEDIE DE RENNES,,Activé,4315,ROLE_SIB,90319904000010,35700,RENNES,Ille-et-Vilaine,Bretagne,,PLATESV-D-2022-003733,397917,/event_dates/1888899,2025-04-15,CLOTURE,,false,,,,,,,,,,,,,,14581,COMÉDIE DE RENNES,,31 RUE XAVIER GRALL,35700,RENNES,,35,Ille-et-Vilaine,2022-06-24,VALIDE,4314,,
2025-07-17,2025-07-17,176,ANTIPODE MJC RENNES,ANTIPODE,Activé,3639,ROLE_SIB,77774999500018,35000,RENNES,Ille-et-Vilaine,Bretagne,,3-1019092,422936,declaration_291_2025_2,2025-12-04,CLOTURE,,false,,,,,,,,,,,,,,13768,ANTIPODE,Antipode - PARVIS AGNÈS VARDA,75 AVENUE JULES MANIEZ,35000,RENNES,,35,Ille-et-Vilaine,2022-05-04,VALIDE,3639,5238,
2025-07-22,2025-07-22,1125,CARTEL CONCERTS,,Activé,1278,ROLE_DECLARANT1,80023696000038,35200,RENNES,Ille-et-Vilaine,Bretagne,DOS20168997,3-1072466,424737,,2025-12-04,CLOTURE,,false,,,,,,,,,,,,,,7033,EMC2,,1 AVENUE D'ALPHASIS,35760,SAINT-GRÉGOIRE,,35,Ille-et-Vilaine,2019-12-31,VALIDE,1088,89,
2025-05-25,2025-05-25,1291,ASSOCIATION LILLICO,,Activé,6234,ROLE_SIB,78975485000038,35000,RENNES,Ille-et-Vilaine,Bretagne,,PLATESV-D-2020-000183,407726,/event_dates/1493334,2025-05-19,CLOTURE,,false,,,,,,,,,,,,,,16849,SALLE GUY ROPARTZ,,14 RUE GUY ROPARTZ,35700,RENNES,,35,Ille-et-Vilaine,2023-01-16,VALIDE,1551,,
2025-05-24,2025-05-24,1291,ASSOCIATION LILLICO,,Activé,6234,ROLE_SIB,78975485000038,35000,RENNES,Ille-et-Vilaine,Bretagne,,PLATESV-D-2020-000183,407664,/event_dates/1493320,2025-05-18,CLOTURE,,false,,,,,,,,,,,,,,16849,SALLE GUY ROPARTZ,,14 RUE GUY ROPARTZ,35700,RENNES,,35,Ille-et-Vilaine,2023-01-16,VALIDE,1551,,
2025-06-02,2025-06-02,3780,LA PAILLETTE,,Activé,5001,ROLE_SIB,77774969800034,35000,RENNES,Ille-et-Vilaine,Bretagne,52745,PLATESV-R-2020-009633,366470,/event_dates/1397392,2025-01-30,CLOTURE,,true,,,,,,,,,,,,2868,ASS MJC LA PAILLETTE,9054,LA PAILLETTE,,2 RUE DU PRÉ DE BRIS,35000,RENNES,,35,Ille-et-Vilaine,2020-11-30,FUSIONNE,1551,89,
2025-02-04,2025-02-04,1584,ORCHESTRE NATIONAL DE BRETAGNE,ORCHESTRE NATIONAL DE BRETAGNE,Activé,5671,ROLE_DECLARANT2,35010209100021,35000,RENNES,Ille-et-Vilaine,Bretagne,DOS20183137,2-1054646,386113,,2025-01-30,CLOTURE,,false,,,,,,,,,,,,,,9345,OPÉRA DE RENNES,Opéra de Rennes,PLACE DE LA MAIRIE,35000,RENNES,,35,Ille-et-Vilaine,2021-06-01,VALIDE,2015,89,Adresse
2025-11-03,2025-11-03,4475,AUTRES MESURES,,Activé,5975,ROLE_DECLARANT1,81492564000025,35510,CESSON-SEVIGNE,Ille-et-Vilaine,Bretagne,DOS20187353,2-1117236,377706,,2025-01-24,CLOTURE,,true,,,4208,Autres Mesures,CESSON-SÉVIGNÉ,35510,2025-11-03,VALIDE,5975,,,,,25158,RENNES METROPOLE,OPERA DE RENNES,PLACE  DE LA MAIRIE,35000,RENNES,24350013900353,35,Ille-et-Vilaine,2025-11-03,VALIDE,5975,,
2025-03-25,2025-03-25,2934,COMMUNE DE RENNES,OPERA DE RENNES,Activé,3842,ROLE_DECLARANT1,21350238800076,35000,RENNES,Ille-et-Vilaine,Bretagne,84250,PLATESV-R-2021-012024,383093,,2025-01-24,CLOTURE,,false,,,,,,,,,,,,,,503,COMMUNE DE RENNES,,PL  DE LA MAIRIE,35000,RENNES,21350238800019,35,Ille-et-Vilaine,2018-06-27,VALIDE,,,
2025-05-14,2025-05-14,176,ANTIPODE MJC RENNES,ANTIPODE,Activé,3639,ROLE_SIB,77774999500018,35000,RENNES,Ille-et-Vilaine,Bretagne,,3-1019092,405036,declaration_273_2025_1,2025-01-22,CLOTURE,,false,,,,,,,,,,,,,,13768,ANTIPODE,Antipode - PARVIS AGNÈS VARDA,75 AVENUE JULES MANIEZ,35000,RENNES,,35,Ille-et-Vilaine,2022-05-04,VALIDE,3639,5238,
2025-03-31,2025-03-31,572,CENTRE CULTUREL TRIANGLE,LE TRIANGLE,Activé,631,ROLE_DECLARANT1,32327735000035,35200,RENNES,Ille-et-Vilaine,Bretagne,,3-1014237,384462,,2025-01-22,CLOTURE,,false,,,,,,,,,,,,,,2390,CENTRE CULTUREL TRIANGLE,,BD  DE YOUGOSLAVIE,35200,RENNES,32327735000035,35,Ille-et-Vilaine,2018-06-27,VALIDE,,,
2025-01-31,2025-01-31,58,THEATRE NATIONAL DE BRETAGNE - T.N.B. CENTRE EUROPEEN DE PRODUCTION THEATRALE ET CHOREGRAPHIQUE,THEATRE NATIONAL DE BRETAGNE - T.N.B.,Activé,53,ROLE_DECLARANT1,37921397800016,35000,RENNES,Ille-et-Vilaine,Bretagne,,3-1099111,364607,,2025-01-22,CLOTURE,,false,,,,,,,,,,,,,,20426,TNB,,1 RUE SAINT-HÉLIER,35000,RENNES,,35,Ille-et-Vilaine,2024-09-01,VALIDE,53,5238,
2025-03-31,2025-03-31,572,CENTRE CULTUREL TRIANGLE,LE TRIANGLE,Activé,631,ROLE_DECLARANT1,32327735000035,35200,RENNES,Ille-et-Vilaine,Bretagne,,3-1014237,384463,,2025-01-22,CLOTURE,,false,,,,,,,,,,,,,,2390,CENTRE CULTUREL TRIANGLE,,BD  DE YOUGOSLAVIE,35200,RENNES,32327735000035,35,Ille-et-Vilaine,2018-06-27,VALIDE,,,
2025-06-26,2025-06-26,3602,DANSE A TOUS LES ETAGES,DANSE A TOUS LES ETAGES CDCN RENNES,Activé,4750,ROLE_DECLARANT1,41281004600026,35000,RENNES,Ille-et-Vilaine,Bretagne,35367,PLATESV-D-2020-001650,415291,,2025-01-22,CLOTURE,,true,,,1116,WATERPROOF plongez dans la danse,RENNES,35000,2021-04-28,VALIDE,631,,,,,18688,LE GARAGE,,RUE ANDRÉ ET YVONNE MEYNIER,35000,RENNES,,35,Ille-et-Vilaine,2023-03-07,VALIDE,4750,,
2025-04-16,2025-04-16,982,SMALL IS BEAUTIFUL PROD,,Activé,1091,ROLE_DECLARANT1,80017431000014,35135,CHANTEPIE,Ille-et-Vilaine,Bretagne,DOS20171343,3-1073587,396245,,2025-01-25,CLOTURE,,false,,,,,,,,,,,,,,2024,LE CORUM,,ESP CHARLES DE GAULLE,34000,MONTPELLIER,38259188100018,34,Hérault,2018-06-27,VALIDE,,,
2025-07-04,2025-07-04,542,ASSOCIATION TRANS MUSICALES,ATM,Activé,597,ROLE_DECLARANT1,33886426700020,35000,RENNES,Ille-et-Vilaine,Bretagne,,3-1032090,388829,,2025-01-25,CLOTURE,,false,,,,,,,,,,,,,,7843,UBU,,1 RUE SAINT-HÉLIER,35000,RENNES,,35,Ille-et-Vilaine,2020-02-26,VALIDE,597,,
2025-11-03,2025-11-03,4475,AUTRES MESURES,,Activé,5975,ROLE_DECLARANT1,81492564000025,35510,CESSON-SEVIGNE,Ille-et-Vilaine,Bretagne,DOS20187353,2-1117236,377703,,2025-01-18,CLOTURE,,false,,,4208,Autres Mesures,CESSON-SÉVIGNÉ,35510,2025-11-03,VALIDE,5975,,,,,14069,CONSERVATOIRE À RAYONNEMENT RÉGIONAL DE RENNES - SITE BLOSNE,,PLACE JEAN NORMAND,35200,RENNES,,35,Ille-et-Vilaine,2022-04-28,VALIDE,2015,,
2025-03-25,2025-03-25,2934,COMMUNE DE RENNES,OPERA DE RENNES,Activé,3842,ROLE_DECLARANT1,21350238800076,35000,RENNES,Ille-et-Vilaine,Bretagne,84250,PLATESV-R-2021-012024,383092,,2025-01-17,CLOTURE,,false,,,,,,,,,,,,,,503,COMMUNE DE RENNES,,PL  DE LA MAIRIE,35000,RENNES,21350238800019,35,Ille-et-Vilaine,2018-06-27,VALIDE,,,
2025-03-07,2025-03-07,1416,COMMUNE DE BRUZ,LE GRAND LOGIS - VILLE DE BRUZ,Activé,1831,ROLE_SIB,21350047300151,35170,BRUZ,Ille-et-Vilaine,Bretagne,DOS20187008,1-1114454,417508,316,2025-04-04,CLOTURE,,false,,,,,,,,,,,,,,2089,COMMUNE DE BRUZ,,10  AV  DU GENERAL DE GAULLE,35170,BRUZ,21350047300151,35,Ille-et-Vilaine,2018-06-27,VALIDE,,,
2025-11-07,2025-11-07,1291,ASSOCIATION LILLICO,,Activé,6234,ROLE_SIB,78975485000038,35000,RENNES,Ille-et-Vilaine,Bretagne,,PLATESV-D-2020-000183,419688,/event_dates/1493236,2025-02-04,CLOTURE,,false,,,,,,,,,,,,,,23993,ESPACE SOCIAL COMMUN SIMONE IFF,Salle polyvalente,12BIS RUE GUY ROPARTZ,35700,RENNES,,35,Ille-et-Vilaine,2024-12-17,VALIDE,1544,,
2025-02-22,2025-02-22,3284,COMEDIE DE RENNES,,Activé,4315,ROLE_SIB,90319904000010,35700,RENNES,Ille-et-Vilaine,Bretagne,,PLATESV-D-2022-003733,372621,/event_dates/1880471,2025-02-16,CLOTURE,,false,,,,,,,,,,,,,,14581,COMÉDIE DE RENNES,,31 RUE XAVIER GRALL,35700,RENNES,,35,Ille-et-Vilaine,2022-06-24,VALIDE,4314,,
2025-12-08,2025-12-08,1448,SWAP MUSIC,,Activé,1804,ROLE_DECLARANT1,84539667000034,35700,RENNES,Ille-et-Vilaine,Bretagne,DOS2019755,2-1117234,428904,,2025-01-23,CLOTURE,,false,,,,,,,,,,,,,,7843,UBU,,1 RUE SAINT-HÉLIER,35000,RENNES,,35,Ille-et-Vilaine,2020-02-26,VALIDE,597,,
2025-01-28,2025-01-28,1291,ASSOCIATION LILLICO,,Activé,6234,ROLE_SIB,78975485000038,35000,RENNES,Ille-et-Vilaine,Bretagne,,PLATESV-D-2020-000183,361313,/event_dates/1492851,2025-01-22,CLOTURE,,false,,,,,,,,,,,,,,16849,SALLE GUY ROPARTZ,,14 RUE GUY ROPARTZ,35700,RENNES,,35,Ille-et-Vilaine,2023-01-16,VALIDE,1551,,
2025-01-27,2025-01-27,1291,ASSOCIATION LILLICO,,Activé,6234,ROLE_SIB,78975485000038,35000,RENNES,Ille-et-Vilaine,Bretagne,,PLATESV-D-2020-000183,360861,/event_dates/1492914,2025-01-21,CLOTURE,,false,,,,,,,,,,,,,,16849,SALLE GUY ROPARTZ,,14 RUE GUY ROPARTZ,35700,RENNES,,35,Ille-et-Vilaine,2023-01-16,VALIDE,1551,,
2025-01-25,2025-01-25,1291,ASSOCIATION LILLICO,,Activé,6234,ROLE_SIB,78975485000038,35000,RENNES,Ille-et-Vilaine,Bretagne,,PLATESV-D-2020-000183,360748,/event_dates/1492823,2025-01-19,CLOTURE,,false,,,,,,,,,,,,,,16849,SALLE GUY ROPARTZ,,14 RUE GUY ROPARTZ,35700,RENNES,,35,Ille-et-Vilaine,2023-01-16,VALIDE,1551,,
2025-03-31,2025-03-31,572,CENTRE CULTUREL TRIANGLE,LE TRIANGLE,Activé,631,ROLE_DECLARANT1,32327735000035,35200,RENNES,Ille-et-Vilaine,Bretagne,,3-1014237,384460,,2025-01-19,CLOTURE,,false,,,,,,,,,,,,,,2390,CENTRE CULTUREL TRIANGLE,,BD  DE YOUGOSLAVIE,35200,RENNES,32327735000035,35,Ille-et-Vilaine,2018-06-27,VALIDE,,,
2025-01-22,2025-01-22,3780,LA PAILLETTE,,Activé,5001,ROLE_SIB,77774969800034,35000,RENNES,Ille-et-Vilaine,Bretagne,52745,PLATESV-R-2020-009633,359914,/event_dates/1397378,2025-01-16,CLOTURE,,false,,,,,,,,,,,,2868,ASS MJC LA PAILLETTE,9054,LA PAILLETTE,,2 RUE DU PRÉ DE BRIS,35000,RENNES,,35,Ille-et-Vilaine,2020-11-30,FUSIONNE,1551,89,
2025-02-17,2025-02-17,3284,COMEDIE DE RENNES,,Activé,4315,ROLE_SIB,90319904000010,35700,RENNES,Ille-et-Vilaine,Bretagne,,PLATESV-D-2022-003733,370599,/event_dates/1880261,2025-11-02,CLOTURE,,false,,,,,,,,,,,,,,14581,COMÉDIE DE RENNES,,31 RUE XAVIER GRALL,35700,RENNES,,35,Ille-et-Vilaine,2022-06-24,VALIDE,4314,,
2025-02-14,2025-02-14,3284,COMEDIE DE RENNES,,Activé,4315,ROLE_SIB,90319904000010,35700,RENNES,Ille-et-Vilaine,Bretagne,,PLATESV-D-2022-003733,369924,/event_dates/1769416,2025-08-02,CLOTURE,,false,,,,,,,,,,,,,,14581,COMÉDIE DE RENNES,,31 RUE XAVIER GRALL,35700,RENNES,,35,Ille-et-Vilaine,2022-06-24,VALIDE,4314,,
2025-12-02,2025-02-20,3780,LA PAILLETTE,,Activé,5000,ROLE_DECLARANT1,77774969800034,35000,RENNES,Ille-et-Vilaine,Bretagne,52745,PLATESV-R-2020-009633,369022,/event_dates/1397406,2025-06-02,CLOTURE,,true,,,,,,,,,,,,2868,ASS MJC LA PAILLETTE,9054,LA PAILLETTE,,2 RUE DU PRÉ DE BRIS,35000,RENNES,,35,Ille-et-Vilaine,2020-11-30,FUSIONNE,1551,89,
2025-02-04,2025-02-04,1584,ORCHESTRE NATIONAL DE BRETAGNE,ORCHESTRE NATIONAL DE BRETAGNE,Activé,5671,ROLE_DECLARANT2,35010209100021,35000,RENNES,Ille-et-Vilaine,Bretagne,DOS20183137,2-1054646,386110,,2025-04-02,CLOTURE,,false,,,,,,,,,,,,,,9686,CHAMBRE DES METIERS DE ET DE L'ARTISANAT,,2 COURS DES ALLIÉS,35000,RENNES,,35,Ille-et-Vilaine,2021-02-16,VALIDE,2468,89,
2025-09-02,2025-09-02,1291,ASSOCIATION LILLICO,,Activé,6234,ROLE_SIB,78975485000038,35000,RENNES,Ille-et-Vilaine,Bretagne,,PLATESV-D-2020-000183,367288,/event_dates/1493040,2025-03-02,CLOTURE,,false,,,,,,,,,,,,,,16849,SALLE GUY ROPARTZ,,14 RUE GUY ROPARTZ,35700,RENNES,,35,Ille-et-Vilaine,2023-01-16,VALIDE,1551,,
2025-09-02,2025-09-02,1291,ASSOCIATION LILLICO,,Activé,6234,ROLE_SIB,78975485000038,35000,RENNES,Ille-et-Vilaine,Bretagne,,PLATESV-D-2020-000183,367287,/event_dates/1493033,2025-03-02,CLOTURE,,false,,,,,,,,,,,,,,16849,SALLE GUY ROPARTZ,,14 RUE GUY ROPARTZ,35700,RENNES,,35,Ille-et-Vilaine,2023-01-16,VALIDE,1551,,
2023-10-23,2023-10-23,2761,LE GRAND SOUFFLET,Association,Activé,3559,ROLE_DECLARANT1,41896721200022,35131,CHARTRES-DE-BRETAGNE,Ille-et-Vilaine,Bretagne,DOS20197698,2-1123292,242391,,2023-07-10,CLOTURE,,false,,,705,LE GRAND SOUFFLET,RENNES,35000,2019-10-17,VALIDE,366,,,,,12654,CHAPITEAU PARC DU THABOR,,PLACE SAINT-MELAINE,35000,RENNES,,35,Ille-et-Vilaine,2021-12-13,VALIDE,3559,,
2025-11-02,2025-11-02,3255,LE CARRE MAGIQUE,FESTIVAL INTERNATIONAL VIVE LA MAGIE,Activé,4271,ROLE_DECLARANT1,75367092600033,35000,RENNES,Ille-et-Vilaine,Bretagne,93877,PLATESV-R-2022-001102,368341,,2025-09-01,CLOTURE,,false,,,,,,,,,,,,,,5834,Le Triangle,,BOULEVARD DE YOUGOSLAVIE - BP 2236,35022,RENNES CEDEX 2,32327735000035,35,Ille-et-Vilaine,2019-02-27,VALIDE,,,
2025-01-23,2025-01-23,58,THEATRE NATIONAL DE BRETAGNE - T.N.B. CENTRE EUROPEEN DE PRODUCTION THEATRALE ET CHOREGRAPHIQUE,THEATRE NATIONAL DE BRETAGNE - T.N.B.,Activé,53,ROLE_DECLARANT1,37921397800016,35000,RENNES,Ille-et-Vilaine,Bretagne,,3-1099111,360411,,2025-09-01,CLOTURE,,false,,,,,,,,,,,,,,20426,TNB,,1 RUE SAINT-HÉLIER,35000,RENNES,,35,Ille-et-Vilaine,2024-09-01,VALIDE,53,5238,
2025-10-01,2025-10-01,3284,COMEDIE DE RENNES,,Activé,4315,ROLE_SIB,90319904000010,35700,RENNES,Ille-et-Vilaine,Bretagne,,PLATESV-D-2022-003733,355857,/event_dates/1767974,2025-04-01,CLOTURE,,false,,,,,,,,,,,,,,14581,COMÉDIE DE RENNES,,31 RUE XAVIER GRALL,35700,RENNES,,35,Ille-et-Vilaine,2022-06-24,VALIDE,4314,,
2025-05-01,2025-05-01,3284,COMEDIE DE RENNES,,Activé,4315,ROLE_SIB,90319904000010,35700,RENNES,Ille-et-Vilaine,Bretagne,,PLATESV-D-2022-003733,353582,/event_dates/1700130,2024-12-30,CLOTURE,,false,,,,,,,,,,,,,,14581,COMÉDIE DE RENNES,,31 RUE XAVIER GRALL,35700,RENNES,,35,Ille-et-Vilaine,2022-06-24,VALIDE,4314,,
2025-04-01,2025-04-01,3284,COMEDIE DE RENNES,,Activé,4315,ROLE_SIB,90319904000010,35700,RENNES,Ille-et-Vilaine,Bretagne,,PLATESV-D-2022-003733,353512,/event_dates/1700151,2024-12-29,CLOTURE,,false,,,,,,,,,,,,,,14581,COMÉDIE DE RENNES,,31 RUE XAVIER GRALL,35700,RENNES,,35,Ille-et-Vilaine,2022-06-24,VALIDE,4314,,
2024-04-26,2024-04-26,2287,CENTRE DE PRODUCTION DES PAROLES CONTEMPORAINES,,Activé,3407,ROLE_SIB,41812021800049,35136,SAINT-JACQUES-DE-LA-LANDE,Ille-et-Vilaine,Bretagne,59859,PLATESV-R-2021-000431,296609,00130000000058,2023-09-30,CLOTURE,,false,,,,,,,,,,,,,,12004,CENTRE DE PRODUCTION DES PAROLES CONTEMPORAINES,,2  PL  JULES VALLES,35136,SAINT-JACQUES-DE-LA-LANDE,41812021800049,35,Ille-et-Vilaine,2021-10-25,VALIDE,3407,,
2025-04-01,2025-04-01,3284,COMEDIE DE RENNES,,Activé,4315,ROLE_SIB,90319904000010,35700,RENNES,Ille-et-Vilaine,Bretagne,,PLATESV-D-2022-003733,353508,/event_dates/1663072,2024-12-29,CLOTURE,,false,,,,,,,,,,,,,,14581,COMÉDIE DE RENNES,,31 RUE XAVIER GRALL,35700,RENNES,,35,Ille-et-Vilaine,2022-06-24,VALIDE,4314,,
2023-10-24,2023-10-24,3820,THEATRE L'AIRE LIBRE,,Activé,5626,ROLE_DECLARANT1,92262510800019,35136,SAINT-JACQUES-DE-LA-LANDE,Ille-et-Vilaine,Bretagne,,PLATESV-D-2023-000211,243037,,2023-09-30,CLOTURE,,false,,,2971,VIVANT.ES,SAINT-JACQUES-DE-LA-LANDE,35136,2023-10-19,VALIDE,5047,,,2807,L'AIRE LIBRE,18263,THÉÂTRE L'AIRE LIBRE,,2 PLACE JULES VALLÈS,35136,SAINT-JACQUES-DE-LA-LANDE,,35,Ille-et-Vilaine,2023-05-22,FUSIONNE,5047,,
2023-10-24,2023-10-24,3820,THEATRE L'AIRE LIBRE,,Activé,5626,ROLE_DECLARANT1,92262510800019,35136,SAINT-JACQUES-DE-LA-LANDE,Ille-et-Vilaine,Bretagne,,PLATESV-D-2023-000211,243040,,2023-09-30,CLOTURE,,false,,,2971,VIVANT.ES,SAINT-JACQUES-DE-LA-LANDE,35136,2023-10-19,VALIDE,5047,,,2807,L'AIRE LIBRE,18263,THÉÂTRE L'AIRE LIBRE,,2 PLACE JULES VALLÈS,35136,SAINT-JACQUES-DE-LA-LANDE,,35,Ille-et-Vilaine,2023-05-22,FUSIONNE,5047,,
2025-02-01,2025-02-01,3284,COMEDIE DE RENNES,,Activé,4315,ROLE_SIB,90319904000010,35700,RENNES,Ille-et-Vilaine,Bretagne,,PLATESV-D-2022-003733,352995,/event_dates/1663058,2024-12-27,CLOTURE,,false,,,,,,,,,,,,,,14581,COMÉDIE DE RENNES,,31 RUE XAVIER GRALL,35700,RENNES,,35,Ille-et-Vilaine,2022-06-24,VALIDE,4314,,
2025-02-01,2025-02-01,3284,COMEDIE DE RENNES,,Activé,4315,ROLE_SIB,90319904000010,35700,RENNES,Ille-et-Vilaine,Bretagne,,PLATESV-D-2022-003733,352994,/event_dates/1663051,2024-12-26,CLOTURE,,false,,,,,,,,,,,,,,14581,COMÉDIE DE RENNES,,31 RUE XAVIER GRALL,35700,RENNES,,35,Ille-et-Vilaine,2022-06-24,VALIDE,4314,,
2023-09-30,2023-09-30,1202,COMMUNE DE SAINT GREGOIRE,MAIRIE,Activé,1400,ROLE_DECLARANT1,21350278400019,35760,SAINT-GREGOIRE,Ille-et-Vilaine,Bretagne,DOS20192051,3-1119456,236371,,2023-09-29,CLOTURE,,false,,,,,,,,,,,,,,18340,MÉDIATHÈQUE PAUL RUAUDEL,,RUE DU CHAMP MARQUÉ,35760,SAINT-GRÉGOIRE,,35,Ille-et-Vilaine,2023-05-31,VALIDE,1400,,
2023-10-24,2023-10-24,3820,THEATRE L'AIRE LIBRE,,Activé,5626,ROLE_DECLARANT1,92262510800019,35136,SAINT-JACQUES-DE-LA-LANDE,Ille-et-Vilaine,Bretagne,,PLATESV-D-2023-000211,243041,,2023-09-29,CLOTURE,,false,,,2971,VIVANT.ES,SAINT-JACQUES-DE-LA-LANDE,35136,2023-10-19,VALIDE,5047,,,2807,L'AIRE LIBRE,18263,THÉÂTRE L'AIRE LIBRE,,2 PLACE JULES VALLÈS,35136,SAINT-JACQUES-DE-LA-LANDE,,35,Ille-et-Vilaine,2023-05-22,FUSIONNE,5047,,
2023-07-10,2023-07-10,58,THEATRE NATIONAL DE BRETAGNE - T.N.B. CENTRE EUROPEEN DE PRODUCTION THEATRALE ET CHOREGRAPHIQUE,THEATRE NATIONAL DE BRETAGNE - T.N.B.,Activé,53,ROLE_DECLARANT1,37921397800016,35000,RENNES,Ille-et-Vilaine,Bretagne,,3-1099111,237836,,2023-09-29,CLOTURE,,false,,,,,,,,,,,,,,2898,THEATRE NATIONAL DE BRETAGNE - T.N.B. CENTRE EUROPEEN DE PRODUCTION THEATRALE ET CHOREGRAPHIQUE,,1  RUE  SAINT HELIER,35000,RENNES,37921397800016,35,Ille-et-Vilaine,2018-06-27,VALIDE,,,
2024-12-26,2024-12-26,1291,ASSOCIATION LILLICO,,Activé,6234,ROLE_SIB,78975485000038,35000,RENNES,Ille-et-Vilaine,Bretagne,,PLATESV-D-2020-000183,352341,/event_dates/1492767,2024-12-20,CLOTURE,,false,,,,,,,,,,,,,,16849,SALLE GUY ROPARTZ,,14 RUE GUY ROPARTZ,35700,RENNES,,35,Ille-et-Vilaine,2023-01-16,VALIDE,1551,,
2024-12-26,2024-12-26,1291,ASSOCIATION LILLICO,,Activé,6234,ROLE_SIB,78975485000038,35000,RENNES,Ille-et-Vilaine,Bretagne,,PLATESV-D-2020-000183,352339,/event_dates/1492753,2024-12-20,CLOTURE,,false,,,,,,,,,,,,,,16849,SALLE GUY ROPARTZ,,14 RUE GUY ROPARTZ,35700,RENNES,,35,Ille-et-Vilaine,2023-01-16,VALIDE,1551,,
2024-08-04,2024-08-04,1291,ASSOCIATION LILLICO,,Activé,1551,ROLE_SIB,78975485000038,35000,RENNES,Ille-et-Vilaine,Bretagne,,PLATESV-D-2020-000183,287833,2207,2024-03-24,CLOTURE,,false,,,873,FIGURE,RENNES,35000,2020-03-04,VALIDE,1551,,,,,16849,SALLE GUY ROPARTZ,,14 RUE GUY ROPARTZ,35700,RENNES,,35,Ille-et-Vilaine,2023-01-16,VALIDE,1551,,
2023-10-11,2023-10-11,176,ANTIPODE MJC RENNES,ANTIPODE,Activé,3639,ROLE_SIB,77774999500018,35000,RENNES,Ille-et-Vilaine,Bretagne,,3-1019092,246821,event_436,2023-09-23,CLOTURE,,false,,,,,,,,,,,,,,13768,ANTIPODE,Antipode - PARVIS AGNÈS VARDA,75 AVENUE JULES MANIEZ,35000,RENNES,,35,Ille-et-Vilaine,2022-05-04,VALIDE,3639,5238,
2025-06-01,2025-06-01,572,CENTRE CULTUREL TRIANGLE,LE TRIANGLE,Activé,631,ROLE_DECLARANT1,32327735000035,35200,RENNES,Ille-et-Vilaine,Bretagne,,3-1014237,354102,,2024-12-18,CLOTURE,,false,,,,,,,,,,,,,,2390,CENTRE CULTUREL TRIANGLE,,BD  DE YOUGOSLAVIE,35200,RENNES,32327735000035,35,Ille-et-Vilaine,2018-06-27,VALIDE,,,
2024-08-04,2024-08-04,1291,ASSOCIATION LILLICO,,Activé,1551,ROLE_SIB,78975485000038,35000,RENNES,Ille-et-Vilaine,Bretagne,,PLATESV-D-2020-000183,287831,2206,2024-03-23,CLOTURE,,false,,,873,FIGURE,RENNES,35000,2020-03-04,VALIDE,1551,,,,,16849,SALLE GUY ROPARTZ,,14 RUE GUY ROPARTZ,35700,RENNES,,35,Ille-et-Vilaine,2023-01-16,VALIDE,1551,,
2025-07-01,2025-07-01,58,THEATRE NATIONAL DE BRETAGNE - T.N.B. CENTRE EUROPEEN DE PRODUCTION THEATRALE ET CHOREGRAPHIQUE,THEATRE NATIONAL DE BRETAGNE - T.N.B.,Activé,53,ROLE_DECLARANT1,37921397800016,35000,RENNES,Ille-et-Vilaine,Bretagne,,3-1099111,354709,,2024-12-17,CLOTURE,,false,,,,,,,,,,,,,,20426,TNB,,1 RUE SAINT-HÉLIER,35000,RENNES,,35,Ille-et-Vilaine,2024-09-01,VALIDE,53,5238,
2024-04-24,2024-04-24,176,ANTIPODE MJC RENNES,ANTIPODE,Activé,3639,ROLE_SIB,77774999500018,35000,RENNES,Ille-et-Vilaine,Bretagne,,3-1019092,295655,event_537,2024-03-22,CLOTURE,,false,,,,,,,,,,,,,,13768,ANTIPODE,Antipode - PARVIS AGNÈS VARDA,75 AVENUE JULES MANIEZ,35000,RENNES,,35,Ille-et-Vilaine,2022-05-04,VALIDE,3639,5238,
2024-03-26,2024-03-26,1584,ORCHESTRE NATIONAL DE BRETAGNE,ORCHESTRE NATIONAL DE BRETAGNE,Activé,5671,ROLE_DECLARANT2,35010209100021,35000,RENNES,Ille-et-Vilaine,Bretagne,DOS20183137,2-1054646,282946,,2024-03-22,CLOTURE,,false,,,,,,,,,,,,2898,THEATRE NATIONAL DE BRETAGNE - T.N.B. CENTRE EUROPEEN DE PRODUCTION THEATRALE ET CHOREGRAPHIQUE,4558,THEATRE NATIONAL DE BRETAGNE - C.E.P.T.C.,,1 RUE SAINT HÉLIER,35000,RENNES,37921397800016,35,Ille-et-Vilaine,2018-07-19,FUSIONNE,,,
2024-06-04,2024-06-04,2934,COMMUNE DE RENNES,OPERA DE RENNES,Activé,3842,ROLE_DECLARANT1,21350238800076,35000,RENNES,Ille-et-Vilaine,Bretagne,84250,PLATESV-R-2021-012024,287364,,2024-03-22,CLOTURE,,false,,,,,,,,,,,,,,503,COMMUNE DE RENNES,,PL  DE LA MAIRIE,35000,RENNES,21350238800019,35,Ille-et-Vilaine,2018-06-27,VALIDE,,,
2024-08-04,2024-08-04,1291,ASSOCIATION LILLICO,,Activé,1551,ROLE_SIB,78975485000038,35000,RENNES,Ille-et-Vilaine,Bretagne,,PLATESV-D-2020-000183,287829,2203,2024-03-22,CLOTURE,,false,,,873,FIGURE,RENNES,35000,2020-03-04,VALIDE,1551,,,,,16849,SALLE GUY ROPARTZ,,14 RUE GUY ROPARTZ,35700,RENNES,,35,Ille-et-Vilaine,2023-01-16,VALIDE,1551,,
2024-04-15,2024-04-15,3063,LE GRAND CORDEL MAISON DES JEUNES ET DE LA CULTURE,Association,Activé,5994,ROLE_DECLARANT2,77774992000024,35700,RENNES,Ille-et-Vilaine,Bretagne,DOS20196625,1-1039842,290643,,2024-03-22,CLOTURE,,false,,,,,,,,,,,,,,3354,LE GRAND CORDEL MAISON DES JEUNES ET DE LA CULTURE,,18  RUE  DES PLANTES,35700,RENNES,77774992000024,35,Ille-et-Vilaine,2018-06-27,VALIDE,,,
2024-12-21,2024-12-21,3284,COMEDIE DE RENNES,,Activé,4315,ROLE_SIB,90319904000010,35700,RENNES,Ille-et-Vilaine,Bretagne,,PLATESV-D-2022-003733,351687,/event_dates/1739155,2024-12-15,CLOTURE,,false,,,,,,,,,,,,,,14581,COMÉDIE DE RENNES,,31 RUE XAVIER GRALL,35700,RENNES,,35,Ille-et-Vilaine,2022-06-24,VALIDE,4314,,
2024-05-04,2024-05-04,2934,COMMUNE DE RENNES,OPERA DE RENNES,Activé,3842,ROLE_DECLARANT1,21350238800076,35000,RENNES,Ille-et-Vilaine,Bretagne,84250,PLATESV-R-2021-012024,287083,,2024-03-21,CLOTURE,,false,,,,,,,,,,,,,,503,COMMUNE DE RENNES,,PL  DE LA MAIRIE,35000,RENNES,21350238800019,35,Ille-et-Vilaine,2018-06-27,VALIDE,,,
2025-07-17,2025-07-17,176,ANTIPODE MJC RENNES,ANTIPODE,Activé,3639,ROLE_SIB,77774999500018,35000,RENNES,Ille-et-Vilaine,Bretagne,,3-1019092,422921,declaration_438_2025_2,2025-06-15,CLOTURE,,false,,,,,,,,,,,,,,13768,ANTIPODE,Antipode - PARVIS AGNÈS VARDA,75 AVENUE JULES MANIEZ,35000,RENNES,,35,Ille-et-Vilaine,2022-05-04,VALIDE,3639,5238,
2023-10-24,2023-10-24,3820,THEATRE L'AIRE LIBRE,,Activé,5626,ROLE_DECLARANT1,92262510800019,35136,SAINT-JACQUES-DE-LA-LANDE,Ille-et-Vilaine,Bretagne,,PLATESV-D-2023-000211,243033,,2023-09-15,CLOTURE,,false,,,,,,,,,,,,2807,L'AIRE LIBRE,18263,THÉÂTRE L'AIRE LIBRE,,2 PLACE JULES VALLÈS,35136,SAINT-JACQUES-DE-LA-LANDE,,35,Ille-et-Vilaine,2023-05-22,FUSIONNE,5047,,
2025-06-20,2025-06-20,3780,LA PAILLETTE,,Activé,5001,ROLE_SIB,77774969800034,35000,RENNES,Ille-et-Vilaine,Bretagne,52745,PLATESV-R-2020-009633,414003,/event_dates/1953628,2025-06-14,CLOTURE,,false,,,,,,,,,,,,2868,ASS MJC LA PAILLETTE,9054,LA PAILLETTE,,2 RUE DU PRÉ DE BRIS,35000,RENNES,,35,Ille-et-Vilaine,2020-11-30,FUSIONNE,1551,89,
2025-07-16,2025-07-16,2934,COMMUNE DE RENNES,OPERA DE RENNES,Activé,3842,ROLE_DECLARANT1,21350238800076,35000,RENNES,Ille-et-Vilaine,Bretagne,84250,PLATESV-R-2021-012024,422626,,2025-06-14,CLOTURE,,false,,,,,,,,,,,,,,503,COMMUNE DE RENNES,,PL  DE LA MAIRIE,35000,RENNES,21350238800019,35,Ille-et-Vilaine,2018-06-27,VALIDE,,,
2025-07-16,2025-07-16,2934,COMMUNE DE RENNES,OPERA DE RENNES,Activé,3842,ROLE_DECLARANT1,21350238800076,35000,RENNES,Ille-et-Vilaine,Bretagne,84250,PLATESV-R-2021-012024,422624,,2025-06-14,CLOTURE,,false,,,,,,,,,,,,,,503,COMMUNE DE RENNES,,PL  DE LA MAIRIE,35000,RENNES,21350238800019,35,Ille-et-Vilaine,2018-06-27,VALIDE,,,
2024-11-04,2024-11-04,3820,THEATRE L'AIRE LIBRE,,Activé,5626,ROLE_DECLARANT1,92262510800019,35136,SAINT-JACQUES-DE-LA-LANDE,Ille-et-Vilaine,Bretagne,,PLATESV-D-2023-000211,289276,,2024-03-20,CLOTURE,,false,3306,BAL,3308,BAL#1,SAINT-JACQUES-DE-LA-LANDE,35136,2024-11-04,FUSIONNE,5626,,,2807,L'AIRE LIBRE,18263,THÉÂTRE L'AIRE LIBRE,,2 PLACE JULES VALLÈS,35136,SAINT-JACQUES-DE-LA-LANDE,,35,Ille-et-Vilaine,2023-05-22,FUSIONNE,5047,,
2025-06-19,2025-06-19,3780,LA PAILLETTE,,Activé,5001,ROLE_SIB,77774969800034,35000,RENNES,Ille-et-Vilaine,Bretagne,52745,PLATESV-R-2020-009633,413733,/event_dates/1953607,2025-06-13,CLOTURE,,false,,,,,,,,,,,,2868,ASS MJC LA PAILLETTE,9054,LA PAILLETTE,,2 RUE DU PRÉ DE BRIS,35000,RENNES,,35,Ille-et-Vilaine,2020-11-30,FUSIONNE,1551,89,
2025-04-07,2025-04-07,1584,ORCHESTRE NATIONAL DE BRETAGNE,ORCHESTRE NATIONAL DE BRETAGNE,Activé,5671,ROLE_DECLARANT2,35010209100021,35000,RENNES,Ille-et-Vilaine,Bretagne,DOS20183137,2-1054646,417732,,2025-06-13,CLOTURE,,false,,,,,,,,,,,,,,9526,COUVENT DES JACOBINS,Couvent des Jacobins - Centre des Congrès de Rennes Métropole,20 PLACE SAINTE-ANNE,35000,RENNES,,35,Ille-et-Vilaine,2021-01-22,VALIDE,2015,,
2025-06-17,2025-06-17,3780,LA PAILLETTE,,Activé,5001,ROLE_SIB,77774969800034,35000,RENNES,Ille-et-Vilaine,Bretagne,52745,PLATESV-R-2020-009633,412962,/event_dates/1953558,2025-11-06,CLOTURE,,false,,,,,,,,,,,,2868,ASS MJC LA PAILLETTE,9054,LA PAILLETTE,,2 RUE DU PRÉ DE BRIS,35000,RENNES,,35,Ille-et-Vilaine,2020-11-30,FUSIONNE,1551,89,
2024-03-23,2024-03-23,3284,COMEDIE DE RENNES,,Activé,4315,ROLE_SIB,90319904000010,35700,RENNES,Ille-et-Vilaine,Bretagne,,PLATESV-D-2022-003733,281965,/event_dates/965392,2024-03-17,CLOTURE,,false,,,,,,,,,,,,,,14581,COMÉDIE DE RENNES,,31 RUE XAVIER GRALL,35700,RENNES,,35,Ille-et-Vilaine,2022-06-24,VALIDE,4314,,
2023-10-16,2023-10-16,654,CENTRE CHOREGRAPHIQUE NATIONAL DE RENNES ET DE BRETAGNE,FAIRE CCN RENNES,Activé,689,ROLE_DECLARANT1,31464796700020,35000,RENNES,Ille-et-Vilaine,Bretagne,DOS20181231,1-1110488,239983,,2023-01-09,CLOTURE,,false,,,,,,,,,,,,,,5794,CCNRB,,38 RUE SAINT MELAINE CS 20831,35108,RENNES CEDEX,31464796700020,35,Ille-et-Vilaine,2019-02-26,VALIDE,,,
2024-03-22,2024-03-22,3284,COMEDIE DE RENNES,,Activé,4315,ROLE_SIB,90319904000010,35700,RENNES,Ille-et-Vilaine,Bretagne,,PLATESV-D-2022-003733,281598,/event_dates/1208091,2024-03-16,CLOTURE,,false,,,,,,,,,,,,,,14581,COMÉDIE DE RENNES,,31 RUE XAVIER GRALL,35700,RENNES,,35,Ille-et-Vilaine,2022-06-24,VALIDE,4314,,
2024-04-15,2024-04-15,3255,LE CARRE MAGIQUE,FESTIVAL INTERNATIONAL VIVE LA MAGIE,Activé,4271,ROLE_DECLARANT1,75367092600033,35000,RENNES,Ille-et-Vilaine,Bretagne,93877,PLATESV-R-2022-001102,291538,,2024-03-16,CLOTURE,,false,,,,,,,,,,,,,,12954,CENTRE DE CONGRÈS JEAN MONNIER - DESTINATION ANGERS,,33 BOULEVARD CARNOT,49100,ANGERS,,49,Maine-et-Loire,2022-10-01,VALIDE,1078,89,Adresse
2025-04-07,2025-04-07,1584,ORCHESTRE NATIONAL DE BRETAGNE,ORCHESTRE NATIONAL DE BRETAGNE,Activé,5671,ROLE_DECLARANT2,35010209100021,35000,RENNES,Ille-et-Vilaine,Bretagne,DOS20183137,2-1054646,417733,,2025-02-06,CLOTURE,,false,,,,,,,,,,,,,,9345,OPÉRA DE RENNES,Opéra de Rennes,PLACE DE LA MAIRIE,35000,RENNES,,35,Ille-et-Vilaine,2021-06-01,VALIDE,2015,89,Adresse
2024-03-26,2024-03-26,1584,ORCHESTRE NATIONAL DE BRETAGNE,ORCHESTRE NATIONAL DE BRETAGNE,Activé,5671,ROLE_DECLARANT2,35010209100021,35000,RENNES,Ille-et-Vilaine,Bretagne,DOS20183137,2-1054646,282942,,2024-03-14,CLOTURE,,false,,,,,,,,,,,,,,9686,CHAMBRE DES METIERS DE ET DE L'ARTISANAT,,2 COURS DES ALLIÉS,35000,RENNES,,35,Ille-et-Vilaine,2021-02-16,VALIDE,2468,89,
2024-03-25,2024-03-25,542,ASSOCIATION TRANS MUSICALES,ATM,Activé,597,ROLE_DECLARANT1,33886426700020,35000,RENNES,Ille-et-Vilaine,Bretagne,,3-1032090,282634,,2024-03-14,CLOTURE,,false,,,,,,,,,,,,,,5761,UBU,,10/12 RUE JEAN GUY CS 73912,35039,RENNES CEDEX,33886426700020,35,Ille-et-Vilaine,2019-02-21,VALIDE,,,
2024-05-04,2024-05-04,2934,COMMUNE DE RENNES,OPERA DE RENNES,Activé,3842,ROLE_DECLARANT1,21350238800076,35000,RENNES,Ille-et-Vilaine,Bretagne,84250,PLATESV-R-2021-012024,287020,,2024-03-13,CLOTURE,,false,,,,,,,,,,,,,,503,COMMUNE DE RENNES,,PL  DE LA MAIRIE,35000,RENNES,21350238800019,35,Ille-et-Vilaine,2018-06-27,VALIDE,,,
2025-07-17,2025-07-17,176,ANTIPODE MJC RENNES,ANTIPODE,Activé,3639,ROLE_SIB,77774999500018,35000,RENNES,Ille-et-Vilaine,Bretagne,,3-1019092,422929,declaration_428_2025_2,2025-05-28,CLOTURE,,false,,,,,,,,,,,,,,13768,ANTIPODE,Antipode - PARVIS AGNÈS VARDA,75 AVENUE JULES MANIEZ,35000,RENNES,,35,Ille-et-Vilaine,2022-05-04,VALIDE,3639,5238,
2025-07-18,2025-07-18,542,ASSOCIATION TRANS MUSICALES,ATM,Activé,597,ROLE_DECLARANT1,33886426700020,35000,RENNES,Ille-et-Vilaine,Bretagne,,3-1032090,423171,,2025-05-28,CLOTURE,,false,,,,,,,,,,,,,,25016,FERME DE QUINCÉ,Ferme de Quincé,LE HAUT QUINCÉ,35000,RENNES,,35,Ille-et-Vilaine,2025-03-03,VALIDE,6262,,
2024-02-04,2024-02-04,1416,COMMUNE DE BRUZ,LE GRAND LOGIS - VILLE DE BRUZ,Activé,1831,ROLE_SIB,21350047300151,35170,BRUZ,Ille-et-Vilaine,Bretagne,DOS20187008,1-1114454,285021,288,2024-12-03,CLOTURE,,false,,,,,,,,,,,,,,2089,COMMUNE DE BRUZ,,10  AV  DU GENERAL DE GAULLE,35170,BRUZ,21350047300151,35,Ille-et-Vilaine,2018-06-27,VALIDE,,,
2025-05-28,2025-05-28,572,CENTRE CULTUREL TRIANGLE,LE TRIANGLE,Activé,631,ROLE_DECLARANT1,32327735000035,35200,RENNES,Ille-et-Vilaine,Bretagne,,3-1014237,408749,,2025-05-27,CLOTURE,,false,,,,,,,,,,,,,,2390,CENTRE CULTUREL TRIANGLE,,BD  DE YOUGOSLAVIE,35200,RENNES,32327735000035,35,Ille-et-Vilaine,2018-06-27,VALIDE,,,
2025-05-24,2025-05-24,1291,ASSOCIATION LILLICO,,Activé,6234,ROLE_SIB,78975485000038,35000,RENNES,Ille-et-Vilaine,Bretagne,,PLATESV-D-2020-000183,407665,/event_dates/1493327,2025-05-18,CLOTURE,,false,,,,,,,,,,,,,,16849,SALLE GUY ROPARTZ,,14 RUE GUY ROPARTZ,35700,RENNES,,35,Ille-et-Vilaine,2023-01-16,VALIDE,1551,,
2025-07-17,2025-07-17,1202,COMMUNE DE SAINT GREGOIRE,MAIRIE,Activé,1400,ROLE_DECLARANT1,21350278400019,35760,SAINT-GREGOIRE,Ille-et-Vilaine,Bretagne,DOS20192051,3-1119456,422948,,2025-05-17,CLOTURE,,false,,,,,,,,,,,,,,18340,MÉDIATHÈQUE PAUL RUAUDEL,,RUE DU CHAMP MARQUÉ,35760,SAINT-GRÉGOIRE,,35,Ille-et-Vilaine,2023-05-31,VALIDE,1400,,
2025-05-30,2025-05-30,3780,LA PAILLETTE,,Activé,5001,ROLE_SIB,77774969800034,35000,RENNES,Ille-et-Vilaine,Bretagne,52745,PLATESV-R-2020-009633,408879,/event_dates/1948532,2025-05-24,CLOTURE,,false,,,,,,,,,,,,2868,ASS MJC LA PAILLETTE,9054,LA PAILLETTE,,2 RUE DU PRÉ DE BRIS,35000,RENNES,,35,Ille-et-Vilaine,2020-11-30,FUSIONNE,1551,89,
2025-07-16,2025-07-16,2934,COMMUNE DE RENNES,OPERA DE RENNES,Activé,3842,ROLE_DECLARANT1,21350238800076,35000,RENNES,Ille-et-Vilaine,Bretagne,84250,PLATESV-R-2021-012024,422613,,2025-05-24,CLOTURE,,false,,,,,,,,,,,,,,503,COMMUNE DE RENNES,,PL  DE LA MAIRIE,35000,RENNES,21350238800019,35,Ille-et-Vilaine,2018-06-27,VALIDE,,,
2025-05-29,2025-05-29,3780,LA PAILLETTE,,Activé,5001,ROLE_SIB,77774969800034,35000,RENNES,Ille-et-Vilaine,Bretagne,52745,PLATESV-R-2020-009633,408819,/event_dates/1948525,2025-05-23,CLOTURE,,false,,,,,,,,,,,,2868,ASS MJC LA PAILLETTE,9054,LA PAILLETTE,,2 RUE DU PRÉ DE BRIS,35000,RENNES,,35,Ille-et-Vilaine,2020-11-30,FUSIONNE,1551,89,
2025-07-17,2025-07-17,176,ANTIPODE MJC RENNES,ANTIPODE,Activé,3639,ROLE_SIB,77774999500018,35000,RENNES,Ille-et-Vilaine,Bretagne,,3-1019092,422930,declaration_417_2025_2,2025-05-23,CLOTURE,,false,,,,,,,,,,,,,,13768,ANTIPODE,Antipode - PARVIS AGNÈS VARDA,75 AVENUE JULES MANIEZ,35000,RENNES,,35,Ille-et-Vilaine,2022-05-04,VALIDE,3639,5238,
2025-07-17,2025-07-17,176,ANTIPODE MJC RENNES,ANTIPODE,Activé,3639,ROLE_SIB,77774999500018,35000,RENNES,Ille-et-Vilaine,Bretagne,,3-1019092,422932,declaration_331_2025_2,2025-05-21,CLOTURE,,false,,,,,,,,,,,,,,13768,ANTIPODE,Antipode - PARVIS AGNÈS VARDA,75 AVENUE JULES MANIEZ,35000,RENNES,,35,Ille-et-Vilaine,2022-05-04,VALIDE,3639,5238,
2025-04-07,2025-04-07,1584,ORCHESTRE NATIONAL DE BRETAGNE,ORCHESTRE NATIONAL DE BRETAGNE,Activé,5671,ROLE_DECLARANT2,35010209100021,35000,RENNES,Ille-et-Vilaine,Bretagne,DOS20183137,2-1054646,417731,,2025-05-21,CLOTURE,,false,,,,,,,,,,,,,,9526,COUVENT DES JACOBINS,Couvent des Jacobins - Centre des Congrès de Rennes Métropole,20 PLACE SAINTE-ANNE,35000,RENNES,,35,Ille-et-Vilaine,2021-01-22,VALIDE,2015,,
2025-04-20,2025-04-20,3284,COMEDIE DE RENNES,,Activé,4315,ROLE_SIB,90319904000010,35700,RENNES,Ille-et-Vilaine,Bretagne,,PLATESV-D-2022-003733,397891,/event_dates/1888927,2025-04-14,CLOTURE,,false,,,,,,,,,,,,,,14581,COMÉDIE DE RENNES,,31 RUE XAVIER GRALL,35700,RENNES,,35,Ille-et-Vilaine,2022-06-24,VALIDE,4314,,
2025-03-06,2025-03-06,58,THEATRE NATIONAL DE BRETAGNE - T.N.B. CENTRE EUROPEEN DE PRODUCTION THEATRALE ET CHOREGRAPHIQUE,THEATRE NATIONAL DE BRETAGNE - T.N.B.,Activé,53,ROLE_DECLARANT1,37921397800016,35000,RENNES,Ille-et-Vilaine,Bretagne,,3-1099111,409899,,2025-05-21,CLOTURE,,false,2716,Transforme / New Settings,3440,FESTIVAL TRANSFORME,RENNES,35000,2024-06-27,FUSIONNE,53,,,,,20426,TNB,,1 RUE SAINT-HÉLIER,35000,RENNES,,35,Ille-et-Vilaine,2024-09-01,VALIDE,53,5238,
2024-10-03,2024-10-03,3284,COMEDIE DE RENNES,,Activé,4315,ROLE_SIB,90319904000010,35700,RENNES,Ille-et-Vilaine,Bretagne,,PLATESV-D-2022-003733,278354,/event_dates/1279260,2024-04-03,CLOTURE,,false,,,,,,,,,,,,,,14581,COMÉDIE DE RENNES,,31 RUE XAVIER GRALL,35700,RENNES,,35,Ille-et-Vilaine,2022-06-24,VALIDE,4314,,
2025-07-16,2025-07-16,2934,COMMUNE DE RENNES,OPERA DE RENNES,Activé,3842,ROLE_DECLARANT1,21350238800076,35000,RENNES,Ille-et-Vilaine,Bretagne,84250,PLATESV-R-2021-012024,422519,,2025-04-06,CLOTURE,,false,,,,,,,,,,,,,,503,COMMUNE DE RENNES,,PL  DE LA MAIRIE,35000,RENNES,21350238800019,35,Ille-et-Vilaine,2018-06-27,VALIDE,,,
2025-10-08,2025-10-08,4194,SOFIA LABEL,,Activé,5601,ROLE_DECLARANT1,50089006600037,35200,RENNES,Ille-et-Vilaine,Bretagne,PLATESV-R-2021-009946,PLATESV-R-2021-009946,428272,,2025-03-06,CLOTURE,,false,,,,,,,,,,,,,,5057,THEATRE MUNICIPAL DUCOURNEAU,,THÉÂTRE MUNICIPAL D'AGEN PLACE DU DR ESQUIROL,47916,AGEN CEDEX 9,21470001500016,47,Lot-et-Garonne,2018-08-10,VALIDE,,,
2025-05-14,2025-05-14,176,ANTIPODE MJC RENNES,ANTIPODE,Activé,3639,ROLE_SIB,77774999500018,35000,RENNES,Ille-et-Vilaine,Bretagne,,3-1019092,405034,declaration_276_2025_1,2025-01-29,CLOTURE,,false,,,,,,,,,,,,,,13768,ANTIPODE,Antipode - PARVIS AGNÈS VARDA,75 AVENUE JULES MANIEZ,35000,RENNES,,35,Ille-et-Vilaine,2022-05-04,VALIDE,3639,5238,
2025-04-02,2025-04-02,1125,CARTEL CONCERTS,,Activé,1278,ROLE_DECLARANT1,80023696000038,35200,RENNES,Ille-et-Vilaine,Bretagne,DOS20168997,3-1072466,365924,,2025-01-29,CLOTURE,,false,,,,,,,,,,,,18106,LE 4 BIS,16451,LE 4BIS,,4BIS COURS DES ALLIÉS,35000,RENNES,,35,Ille-et-Vilaine,2022-12-14,FUSIONNE,967,,
2025-04-02,2025-04-02,1291,ASSOCIATION LILLICO,,Activé,6234,ROLE_SIB,78975485000038,35000,RENNES,Ille-et-Vilaine,Bretagne,,PLATESV-D-2020-000183,365704,/event_dates/1492998,2025-01-29,CLOTURE,,false,,,,,,,,,,,,,,16849,SALLE GUY ROPARTZ,,14 RUE GUY ROPARTZ,35700,RENNES,,35,Ille-et-Vilaine,2023-01-16,VALIDE,1551,,
2024-04-15,2024-04-15,3255,LE CARRE MAGIQUE,FESTIVAL INTERNATIONAL VIVE LA MAGIE,Activé,4271,ROLE_DECLARANT1,75367092600033,35000,RENNES,Ille-et-Vilaine,Bretagne,93877,PLATESV-R-2022-001102,291536,,2024-02-03,CLOTURE,,false,,,,,,,,,,,,,,6397,THEATRE SEBASTOPOL,,PLACE DU THÉÂTRE,59800,LILLE,,59,Nord,2019-01-07,VALIDE,118,89,
2025-07-15,2025-07-15,5466,COMMUNE DE SAINT GILLES,MAIRIE,Activé,7301,ROLE_SIB,21350275000085,35590,SAINT-GILLES,Ille-et-Vilaine,Bretagne,PLATESV-R-2020-005381,PLATESV-R-2020-005381,420218,131,2025-01-28,CLOTURE,,false,,,,,,,,,,,,,,25782,LE SABOT D'OR,,LE PONT HAZARD,35590,SAINT-GILLES,,35,Ille-et-Vilaine,2025-04-29,VALIDE,7301,,
2025-04-15,2025-04-15,3820,THEATRE L'AIRE LIBRE,,Activé,5626,ROLE_DECLARANT1,92262510800019,35136,SAINT-JACQUES-DE-LA-LANDE,Ille-et-Vilaine,Bretagne,,PLATESV-D-2023-000211,394185,,2025-01-28,CLOTURE,,false,1116,WATERPROOF plongez dans la danse,1703,Waterproof,RENNES,35000,2022-03-29,FUSIONNE,689,,,2807,L'AIRE LIBRE,18263,THÉÂTRE L'AIRE LIBRE,,2 PLACE JULES VALLÈS,35136,SAINT-JACQUES-DE-LA-LANDE,,35,Ille-et-Vilaine,2023-05-22,FUSIONNE,5047,,
2024-04-24,2024-04-24,176,ANTIPODE MJC RENNES,ANTIPODE,Activé,3639,ROLE_SIB,77774999500018,35000,RENNES,Ille-et-Vilaine,Bretagne,,3-1019092,295659,event_553,2024-02-29,CLOTURE,,false,,,,,,,,,,,,,,13768,ANTIPODE,Antipode - PARVIS AGNÈS VARDA,75 AVENUE JULES MANIEZ,35000,RENNES,,35,Ille-et-Vilaine,2022-05-04,VALIDE,3639,5238,
2024-02-03,2024-02-03,3284,COMEDIE DE RENNES,,Activé,4315,ROLE_SIB,90319904000010,35700,RENNES,Ille-et-Vilaine,Bretagne,,PLATESV-D-2022-003733,276882,/event_dates/1290656,2024-02-25,CLOTURE,,false,,,,,,,,,,,,,,14581,COMÉDIE DE RENNES,,31 RUE XAVIER GRALL,35700,RENNES,,35,Ille-et-Vilaine,2022-06-24,VALIDE,4314,,
2025-04-02,2025-04-02,1125,CARTEL CONCERTS,,Activé,1278,ROLE_DECLARANT1,80023696000038,35200,RENNES,Ille-et-Vilaine,Bretagne,DOS20168997,3-1072466,365922,,2025-01-24,CLOTURE,,false,,,,,,,,,,,,,,7835,L'ETAGE,,1 ESPLANADE GÉNÉRAL DE GAULLE,35000,RENNES,,35,Ille-et-Vilaine,2020-02-25,VALIDE,1086,,
2025-02-04,2025-02-04,1202,COMMUNE DE SAINT GREGOIRE,MAIRIE,Activé,4979,ROLE_SIB,21350278400019,35760,SAINT-GREGOIRE,Ille-et-Vilaine,Bretagne,DOS20192051,3-1119456,386340,11,2025-01-24,CLOTURE,,false,,,,,,,,,,,,,,17611,IMAGE ET SON,,PLACE DU CHAMP MARQUÉ,35760,SAINT-GRÉGOIRE,,35,Ille-et-Vilaine,2023-03-15,VALIDE,4979,5238,
2025-02-04,2025-02-04,2934,COMMUNE DE RENNES,OPERA DE RENNES,Activé,3842,ROLE_DECLARANT1,21350238800076,35000,RENNES,Ille-et-Vilaine,Bretagne,84250,PLATESV-R-2021-012024,386383,,2025-01-24,CLOTURE,,false,,,,,,,,,,,,,,503,COMMUNE DE RENNES,,PL  DE LA MAIRIE,35000,RENNES,21350238800019,35,Ille-et-Vilaine,2018-06-27,VALIDE,,,
2025-05-14,2025-05-14,176,ANTIPODE MJC RENNES,ANTIPODE,Activé,3639,ROLE_SIB,77774999500018,35000,RENNES,Ille-et-Vilaine,Bretagne,,3-1019092,405035,declaration_269_2025_1,2025-01-23,CLOTURE,,false,,,,,,,,,,,,,,13768,ANTIPODE,Antipode - PARVIS AGNÈS VARDA,75 AVENUE JULES MANIEZ,35000,RENNES,,35,Ille-et-Vilaine,2022-05-04,VALIDE,3639,5238,
2025-06-28,2025-06-28,3780,LA PAILLETTE,,Activé,5001,ROLE_SIB,77774969800034,35000,RENNES,Ille-et-Vilaine,Bretagne,52745,PLATESV-R-2020-009633,415995,/event_dates/1953698,2025-06-22,CLOTURE,,false,,,,,,,,,,,,2868,ASS MJC LA PAILLETTE,9054,LA PAILLETTE,,2 RUE DU PRÉ DE BRIS,35000,RENNES,,35,Ille-et-Vilaine,2020-11-30,FUSIONNE,1551,89,
2023-11-18,2023-11-18,3284,COMEDIE DE RENNES,,Activé,4315,ROLE_SIB,90319904000010,35700,RENNES,Ille-et-Vilaine,Bretagne,,PLATESV-D-2022-003733,248468,/event_dates/1163046,2023-12-11,CLOTURE,,false,,,,,,,,,,,,,,14581,COMÉDIE DE RENNES,,31 RUE XAVIER GRALL,35700,RENNES,,35,Ille-et-Vilaine,2022-06-24,VALIDE,4314,,
2025-01-28,2025-01-28,1291,ASSOCIATION LILLICO,,Activé,6234,ROLE_SIB,78975485000038,35000,RENNES,Ille-et-Vilaine,Bretagne,,PLATESV-D-2020-000183,361314,/event_dates/1492949,2025-01-22,CLOTURE,,false,,,,,,,,,,,,,,16849,SALLE GUY ROPARTZ,,14 RUE GUY ROPARTZ,35700,RENNES,,35,Ille-et-Vilaine,2023-01-16,VALIDE,1551,,
2025-01-25,2025-01-25,2934,COMMUNE DE RENNES,OPERA DE RENNES,Activé,3842,ROLE_DECLARANT1,21350238800076,35000,RENNES,Ille-et-Vilaine,Bretagne,84250,PLATESV-R-2021-012024,360792,,2025-01-22,CLOTURE,,false,,,,,,,,,,,,,,503,COMMUNE DE RENNES,,PL  DE LA MAIRIE,35000,RENNES,21350238800019,35,Ille-et-Vilaine,2018-06-27,VALIDE,,,
2025-01-27,2025-01-27,1291,ASSOCIATION LILLICO,,Activé,6234,ROLE_SIB,78975485000038,35000,RENNES,Ille-et-Vilaine,Bretagne,,PLATESV-D-2020-000183,360860,/event_dates/1492907,2025-01-21,CLOTURE,,false,,,,,,,,,,,,,,16849,SALLE GUY ROPARTZ,,14 RUE GUY ROPARTZ,35700,RENNES,,35,Ille-et-Vilaine,2023-01-16,VALIDE,1551,,
2025-01-27,2025-01-27,1291,ASSOCIATION LILLICO,,Activé,6234,ROLE_SIB,78975485000038,35000,RENNES,Ille-et-Vilaine,Bretagne,,PLATESV-D-2020-000183,360859,/event_dates/1492837,2025-01-21,CLOTURE,,false,,,,,,,,,,,,,,16849,SALLE GUY ROPARTZ,,14 RUE GUY ROPARTZ,35700,RENNES,,35,Ille-et-Vilaine,2023-01-16,VALIDE,1551,,
2023-11-21,2023-11-21,2934,COMMUNE DE RENNES,OPERA DE RENNES,Activé,3842,ROLE_DECLARANT1,21350238800076,35000,RENNES,Ille-et-Vilaine,Bretagne,84250,PLATESV-R-2021-012024,248985,,2023-10-11,CLOTURE,,false,,,,,,,,,,,,,,503,COMMUNE DE RENNES,,PL  DE LA MAIRIE,35000,RENNES,21350238800019,35,Ille-et-Vilaine,2018-06-27,VALIDE,,,
2024-11-01,2024-11-01,3780,LA PAILLETTE,,Activé,5001,ROLE_SIB,77774969800034,35000,RENNES,Ille-et-Vilaine,Bretagne,52745,PLATESV-R-2020-009633,261815,/event_dates/1129494,2023-10-11,CLOTURE,,false,,,,,,,,,,,,2868,ASS MJC LA PAILLETTE,9054,LA PAILLETTE,,2 RUE DU PRÉ DE BRIS,35000,RENNES,,35,Ille-et-Vilaine,2020-11-30,FUSIONNE,1551,89,
2025-01-25,2025-01-25,1291,ASSOCIATION LILLICO,,Activé,6234,ROLE_SIB,78975485000038,35000,RENNES,Ille-et-Vilaine,Bretagne,,PLATESV-D-2020-000183,360750,/event_dates/1492872,2025-01-19,CLOTURE,,false,,,,,,,,,,,,,,16849,SALLE GUY ROPARTZ,,14 RUE GUY ROPARTZ,35700,RENNES,,35,Ille-et-Vilaine,2023-01-16,VALIDE,1551,,
2025-01-25,2025-01-25,1291,ASSOCIATION LILLICO,,Activé,6234,ROLE_SIB,78975485000038,35000,RENNES,Ille-et-Vilaine,Bretagne,,PLATESV-D-2020-000183,360749,/event_dates/1492865,2025-01-19,CLOTURE,,false,,,,,,,,,,,,,,16849,SALLE GUY ROPARTZ,,14 RUE GUY ROPARTZ,35700,RENNES,,35,Ille-et-Vilaine,2023-01-16,VALIDE,1551,,
2024-03-01,2024-03-01,1416,COMMUNE DE BRUZ,LE GRAND LOGIS - VILLE DE BRUZ,Activé,1831,ROLE_SIB,21350047300151,35170,BRUZ,Ille-et-Vilaine,Bretagne,DOS20187008,1-1114454,259131,258,2023-09-11,CLOTURE,,false,,,,,,,,,,,,,,2089,COMMUNE DE BRUZ,,10  AV  DU GENERAL DE GAULLE,35170,BRUZ,21350047300151,35,Ille-et-Vilaine,2018-06-27,VALIDE,,,
2024-11-01,2024-11-01,3780,LA PAILLETTE,,Activé,5001,ROLE_SIB,77774969800034,35000,RENNES,Ille-et-Vilaine,Bretagne,52745,PLATESV-R-2020-009633,261814,/event_dates/889925,2023-09-11,CLOTURE,,false,,,,,,,,,,,,2868,ASS MJC LA PAILLETTE,9054,LA PAILLETTE,,2 RUE DU PRÉ DE BRIS,35000,RENNES,,35,Ille-et-Vilaine,2020-11-30,FUSIONNE,1551,89,
2025-01-23,2025-01-23,58,THEATRE NATIONAL DE BRETAGNE - T.N.B. CENTRE EUROPEEN DE PRODUCTION THEATRALE ET CHOREGRAPHIQUE,THEATRE NATIONAL DE BRETAGNE - T.N.B.,Activé,53,ROLE_DECLARANT1,37921397800016,35000,RENNES,Ille-et-Vilaine,Bretagne,,3-1099111,360412,,2025-01-18,CLOTURE,,false,,,,,,,,,,,,,,20426,TNB,,1 RUE SAINT-HÉLIER,35000,RENNES,,35,Ille-et-Vilaine,2024-09-01,VALIDE,53,5238,
2025-03-27,2025-03-27,2934,COMMUNE DE RENNES,OPERA DE RENNES,Activé,3842,ROLE_DECLARANT1,21350238800076,35000,RENNES,Ille-et-Vilaine,Bretagne,84250,PLATESV-R-2021-012024,383737,,2025-01-18,CLOTURE,,false,,,,,,,,,,,,,,503,COMMUNE DE RENNES,,PL  DE LA MAIRIE,35000,RENNES,21350238800019,35,Ille-et-Vilaine,2018-06-27,VALIDE,,,
2025-01-22,2025-01-22,610,COMMUNE DE CHARTRES DE BRETAGNE,MAIRIE,Activé,638,ROLE_DECLARANT1,21350066300017,35131,CHARTRES DE BRETAGNE,Ille-et-Vilaine,Bretagne,DOS20179174,1-1107987,360010,,2025-01-17,CLOTURE,,false,,,,,,,,,,,,,,7572,CENTRE CULTUREL PÔLE SUD,,RUE DE LA CONTERIE,35131,CHARTRES-DE-BRETAGNE,,35,Ille-et-Vilaine,2020-01-22,VALIDE,638,,
2024-02-13,2024-02-13,654,CENTRE CHOREGRAPHIQUE NATIONAL DE RENNES ET DE BRETAGNE,FAIRE CCN RENNES,Activé,689,ROLE_DECLARANT1,31464796700020,35000,RENNES,Ille-et-Vilaine,Bretagne,DOS20181231,1-1110488,272436,,2023-08-11,CLOTURE,,false,,,,,,,,,,,,,,5794,CCNRB,,38 RUE SAINT MELAINE CS 20831,35108,RENNES CEDEX,31464796700020,35,Ille-et-Vilaine,2019-02-26,VALIDE,,,
2024-03-25,2024-03-25,542,ASSOCIATION TRANS MUSICALES,ATM,Activé,597,ROLE_DECLARANT1,33886426700020,35000,RENNES,Ille-et-Vilaine,Bretagne,,3-1032090,282586,,2023-07-11,CLOTURE,,false,,,,,,,,,,,,,,5761,UBU,,10/12 RUE JEAN GUY CS 73912,35039,RENNES CEDEX,33886426700020,35,Ille-et-Vilaine,2019-02-21,VALIDE,,,
2025-07-04,2025-07-04,542,ASSOCIATION TRANS MUSICALES,ATM,Activé,597,ROLE_DECLARANT1,33886426700020,35000,RENNES,Ille-et-Vilaine,Bretagne,,3-1032090,388830,,2025-01-16,CLOTURE,,false,,,,,,,,,,,,,,7843,UBU,,1 RUE SAINT-HÉLIER,35000,RENNES,,35,Ille-et-Vilaine,2020-02-26,VALIDE,597,,
2023-11-11,2023-11-11,3284,COMEDIE DE RENNES,,Activé,4315,ROLE_SIB,90319904000010,35700,RENNES,Ille-et-Vilaine,Bretagne,,PLATESV-D-2022-003733,247029,/event_dates/822838,2023-05-11,CLOTURE,,false,,,,,,,,,,,,,,14581,COMÉDIE DE RENNES,,31 RUE XAVIER GRALL,35700,RENNES,,35,Ille-et-Vilaine,2022-06-24,VALIDE,4314,,
2024-03-14,2024-03-14,3063,LE GRAND CORDEL MAISON DES JEUNES ET DE LA CULTURE,Association,Activé,5994,ROLE_DECLARANT2,77774992000024,35700,RENNES,Ille-et-Vilaine,Bretagne,DOS20196625,1-1039842,279421,,2023-03-11,CLOTURE,,false,,,,,,,,,,,,,,8794,LA CITÉ,,10 RUE SAINT-LOUIS,35000,RENNES,,35,Ille-et-Vilaine,2020-10-27,VALIDE,945,,
2023-09-11,2023-09-11,3284,COMEDIE DE RENNES,,Activé,4315,ROLE_SIB,90319904000010,35700,RENNES,Ille-et-Vilaine,Bretagne,,PLATESV-D-2022-003733,245999,/event_dates/822852,2023-03-11,CLOTURE,,false,,,,,,,,,,,,,,14581,COMÉDIE DE RENNES,,31 RUE XAVIER GRALL,35700,RENNES,,35,Ille-et-Vilaine,2022-06-24,VALIDE,4314,,
2024-02-21,2024-02-21,2641,MAISON DES JEUNES ET CULTURE DE PACE,,Activé,3356,ROLE_SIB,30593736900026,35740,PACE,Ille-et-Vilaine,Bretagne,31372,PLATESV-R-2020-000949,274658,164,2023-11-11,CLOTURE,,false,,,,,,,,,,,,,,11393,ESCAPADE,,6 AVENUE CHARLES LE GOFFIC,35740,PACÉ,,35,Ille-et-Vilaine,2021-09-24,VALIDE,3356,5239,
2023-12-16,2023-12-16,1584,ORCHESTRE NATIONAL DE BRETAGNE,ORCHESTRE NATIONAL DE BRETAGNE,Activé,5671,ROLE_DECLARANT2,35010209100021,35000,RENNES,Ille-et-Vilaine,Bretagne,DOS20183137,2-1054646,255391,,2023-03-11,CLOTURE,,false,,,,,,,,,,,,,,9345,OPÉRA DE RENNES,Opéra de Rennes,PLACE DE LA MAIRIE,35000,RENNES,,35,Ille-et-Vilaine,2021-06-01,VALIDE,2015,89,Adresse
2023-09-11,2023-09-11,3284,COMEDIE DE RENNES,,Activé,4315,ROLE_SIB,90319904000010,35700,RENNES,Ille-et-Vilaine,Bretagne,,PLATESV-D-2022-003733,246002,/event_dates/822824,2023-03-11,CLOTURE,,false,,,,,,,,,,,,,,14581,COMÉDIE DE RENNES,,31 RUE XAVIER GRALL,35700,RENNES,,35,Ille-et-Vilaine,2022-06-24,VALIDE,4314,,
2023-08-11,2023-08-11,3284,COMEDIE DE RENNES,,Activé,4315,ROLE_SIB,90319904000010,35700,RENNES,Ille-et-Vilaine,Bretagne,,PLATESV-D-2022-003733,245869,/event_dates/822845,2023-02-11,CLOTURE,,false,,,,,,,,,,,,,,14581,COMÉDIE DE RENNES,,31 RUE XAVIER GRALL,35700,RENNES,,35,Ille-et-Vilaine,2022-06-24,VALIDE,4314,,
2023-08-11,2023-08-11,3284,COMEDIE DE RENNES,,Activé,4315,ROLE_SIB,90319904000010,35700,RENNES,Ille-et-Vilaine,Bretagne,,PLATESV-D-2022-003733,245873,/event_dates/822817,2023-02-11,CLOTURE,,false,,,,,,,,,,,,,,14581,COMÉDIE DE RENNES,,31 RUE XAVIER GRALL,35700,RENNES,,35,Ille-et-Vilaine,2022-06-24,VALIDE,4314,,
2024-01-16,2024-01-16,923,LES ATELIERS DU VENT,ADV,Activé,1006,ROLE_DECLARANT1,45124579900023,35000,RENNES,Ille-et-Vilaine,Bretagne,DOS20197631,1-1123282,264789,,2023-10-31,CLOTURE,,false,,,,,,,,,,,,,,429,LES ATELIERS DU VENT,,59  RUE  ALEXANDRE DUVAL,35000,RENNES,45124579900023,35,Ille-et-Vilaine,2018-06-27,VALIDE,,,
2023-12-21,2023-12-21,572,CENTRE CULTUREL TRIANGLE,LE TRIANGLE,Activé,631,ROLE_DECLARANT1,32327735000035,35200,RENNES,Ille-et-Vilaine,Bretagne,,3-1014237,256923,,2023-10-11,CLOTURE,,false,,,,,,,,,,,,,,2390,CENTRE CULTUREL TRIANGLE,,BD  DE YOUGOSLAVIE,35200,RENNES,32327735000035,35,Ille-et-Vilaine,2018-06-27,VALIDE,,,
2024-01-16,2024-01-16,923,LES ATELIERS DU VENT,ADV,Activé,1006,ROLE_DECLARANT1,45124579900023,35000,RENNES,Ille-et-Vilaine,Bretagne,DOS20197631,1-1123282,264785,,2023-10-29,CLOTURE,,false,,,,,,,,,,,,,,429,LES ATELIERS DU VENT,,59  RUE  ALEXANDRE DUVAL,35000,RENNES,45124579900023,35,Ille-et-Vilaine,2018-06-27,VALIDE,,,
2023-12-19,2023-12-19,176,ANTIPODE MJC RENNES,ANTIPODE,Activé,3639,ROLE_SIB,77774999500018,35000,RENNES,Ille-et-Vilaine,Bretagne,,3-1019092,256377,event_510,2023-09-11,CLOTURE,,false,,,,,,,,,,,,,,13768,ANTIPODE,Antipode - PARVIS AGNÈS VARDA,75 AVENUE JULES MANIEZ,35000,RENNES,,35,Ille-et-Vilaine,2022-05-04,VALIDE,3639,5238,
2024-01-16,2024-01-16,923,LES ATELIERS DU VENT,ADV,Activé,1006,ROLE_DECLARANT1,45124579900023,35000,RENNES,Ille-et-Vilaine,Bretagne,DOS20197631,1-1123282,264783,,2023-10-28,CLOTURE,,false,,,,,,,,,,,,,,429,LES ATELIERS DU VENT,,59  RUE  ALEXANDRE DUVAL,35000,RENNES,45124579900023,35,Ille-et-Vilaine,2018-06-27,VALIDE,,,
2024-01-16,2024-01-16,923,LES ATELIERS DU VENT,ADV,Activé,1006,ROLE_DECLARANT1,45124579900023,35000,RENNES,Ille-et-Vilaine,Bretagne,DOS20197631,1-1123282,264768,,2023-10-27,CLOTURE,,false,,,,,,,,,,,,,,429,LES ATELIERS DU VENT,,59  RUE  ALEXANDRE DUVAL,35000,RENNES,45124579900023,35,Ille-et-Vilaine,2018-06-27,VALIDE,,,
2024-04-26,2024-04-26,2287,CENTRE DE PRODUCTION DES PAROLES CONTEMPORAINES,,Activé,3407,ROLE_SIB,41812021800049,35136,SAINT-JACQUES-DE-LA-LANDE,Ille-et-Vilaine,Bretagne,59859,PLATESV-R-2021-000431,296617,00130000000065,2023-07-11,CLOTURE,,false,,,,,,,,,,,,,,12004,CENTRE DE PRODUCTION DES PAROLES CONTEMPORAINES,,2  PL  JULES VALLES,35136,SAINT-JACQUES-DE-LA-LANDE,41812021800049,35,Ille-et-Vilaine,2021-10-25,VALIDE,3407,,
2024-01-19,2024-01-19,1291,ASSOCIATION LILLICO,,Activé,1551,ROLE_SIB,78975485000038,35000,RENNES,Ille-et-Vilaine,Bretagne,,PLATESV-D-2020-000183,266076,2096,2023-10-25,CLOTURE,,false,,,872,FESTIVAL MARMAILLE / MARMAILLE EN FUGUE,RENNES,35000,2020-03-04,VALIDE,1551,,,,,16849,SALLE GUY ROPARTZ,,14 RUE GUY ROPARTZ,35700,RENNES,,35,Ille-et-Vilaine,2023-01-16,VALIDE,1551,,
2023-05-12,2023-05-12,3842,LA COMPAGNIE PRIMITIF,,Activé,5077,ROLE_DECLARANT1,80830433100032,35000,RENNES,Ille-et-Vilaine,Bretagne,80021,PLATESV-R-2021-009953,252744,,2023-05-11,CLOTURE,,false,,,3081,Rennes Storming Festival,RENNES,35000,2023-05-12,VALIDE,5077,,,,,7029,LE MEM,LA PIVERDIERE,ROUTE DE SAINTE-FOIX,35000,RENNES,,35,Ille-et-Vilaine,2019-12-31,VALIDE,1088,89,
2024-01-19,2024-01-19,1291,ASSOCIATION LILLICO,,Activé,1551,ROLE_SIB,78975485000038,35000,RENNES,Ille-et-Vilaine,Bretagne,,PLATESV-D-2020-000183,266078,2099,2023-10-24,CLOTURE,,false,,,872,FESTIVAL MARMAILLE / MARMAILLE EN FUGUE,RENNES,35000,2020-03-04,VALIDE,1551,,,,,9051,MAISON DE QUARTIER DE LA BELLANGERAIS,,5 RUE DU MORBIHAN,35700,RENNES,,35,Ille-et-Vilaine,2020-11-30,VALIDE,1551,89,
2023-12-19,2023-12-19,176,ANTIPODE MJC RENNES,ANTIPODE,Activé,3639,ROLE_SIB,77774999500018,35000,RENNES,Ille-et-Vilaine,Bretagne,,3-1019092,256378,event_528,2023-04-11,CLOTURE,,false,,,,,,,,,,,,,,13768,ANTIPODE,Antipode - PARVIS AGNÈS VARDA,75 AVENUE JULES MANIEZ,35000,RENNES,,35,Ille-et-Vilaine,2022-05-04,VALIDE,3639,5238,
2023-10-11,2023-10-11,3284,COMEDIE DE RENNES,,Activé,4315,ROLE_SIB,90319904000010,35700,RENNES,Ille-et-Vilaine,Bretagne,,PLATESV-D-2022-003733,246257,/event_dates/822859,2023-04-11,CLOTURE,,false,,,,,,,,,,,,,,14581,COMÉDIE DE RENNES,,31 RUE XAVIER GRALL,35700,RENNES,,35,Ille-et-Vilaine,2022-06-24,VALIDE,4314,,
2023-12-16,2023-12-16,1584,ORCHESTRE NATIONAL DE BRETAGNE,ORCHESTRE NATIONAL DE BRETAGNE,Activé,5671,ROLE_DECLARANT2,35010209100021,35000,RENNES,Ille-et-Vilaine,Bretagne,DOS20183137,2-1054646,255387,,2023-03-11,CLOTURE,,false,,,,,,,,,,,,,,9345,OPÉRA DE RENNES,Opéra de Rennes,PLACE DE LA MAIRIE,35000,RENNES,,35,Ille-et-Vilaine,2021-06-01,VALIDE,2015,89,Adresse
2024-01-19,2024-01-19,1291,ASSOCIATION LILLICO,,Activé,1551,ROLE_SIB,78975485000038,35000,RENNES,Ille-et-Vilaine,Bretagne,,PLATESV-D-2020-000183,266071,2091,2023-10-21,CLOTURE,,false,,,872,FESTIVAL MARMAILLE / MARMAILLE EN FUGUE,RENNES,35000,2020-03-04,VALIDE,1551,,,,,16849,SALLE GUY ROPARTZ,,14 RUE GUY ROPARTZ,35700,RENNES,,35,Ille-et-Vilaine,2023-01-16,VALIDE,1551,,
2023-10-25,2023-10-11,3780,LA PAILLETTE,,Activé,5000,ROLE_DECLARANT1,77774969800034,35000,RENNES,Ille-et-Vilaine,Bretagne,52745,PLATESV-R-2020-009633,243350,/event_dates/889820,2023-10-19,CLOTURE,,true,,,872,FESTIVAL MARMAILLE / MARMAILLE EN FUGUE,RENNES,35000,2020-03-04,VALIDE,1551,,,2868,ASS MJC LA PAILLETTE,9054,LA PAILLETTE,,2 RUE DU PRÉ DE BRIS,35000,RENNES,,35,Ille-et-Vilaine,2020-11-30,FUSIONNE,1551,89,
2023-03-11,2023-03-11,3284,COMEDIE DE RENNES,,Activé,4315,ROLE_SIB,90319904000010,35700,RENNES,Ille-et-Vilaine,Bretagne,,PLATESV-D-2022-003733,245258,/event_dates/1050729,2023-10-28,CLOTURE,,false,,,,,,,,,,,,,,14581,COMÉDIE DE RENNES,,31 RUE XAVIER GRALL,35700,RENNES,,35,Ille-et-Vilaine,2022-06-24,VALIDE,4314,,
2024-09-01,2024-09-01,58,THEATRE NATIONAL DE BRETAGNE - T.N.B. CENTRE EUROPEEN DE PRODUCTION THEATRALE ET CHOREGRAPHIQUE,THEATRE NATIONAL DE BRETAGNE - T.N.B.,Activé,53,ROLE_DECLARANT1,37921397800016,35000,RENNES,Ille-et-Vilaine,Bretagne,,3-1099111,260738,,2023-10-19,CLOTURE,,false,,,,,,,,,,,,,,20426,TNB,,1 RUE SAINT-HÉLIER,35000,RENNES,,35,Ille-et-Vilaine,2024-09-01,VALIDE,53,5238,
2023-12-25,2023-12-25,3848,PARAPENTE,,Activé,5083,ROLE_DECLARANT1,79913195800024,35000,RENNES,Ille-et-Vilaine,Bretagne,65071,PLATESV-D-2021-001233,258051,,2023-10-18,CLOTURE,,false,,,,,,,,,,,,,,12952,POPUP!,POPUP!,14 RUE ABEL,75012,PARIS,,75,Paris,2022-10-01,VALIDE,942,,
2023-02-11,2023-02-11,3284,COMEDIE DE RENNES,,Activé,4315,ROLE_SIB,90319904000010,35700,RENNES,Ille-et-Vilaine,Bretagne,,PLATESV-D-2022-003733,245060,/event_dates/1050722,2023-10-27,CLOTURE,,false,,,,,,,,,,,,,,14581,COMÉDIE DE RENNES,,31 RUE XAVIER GRALL,35700,RENNES,,35,Ille-et-Vilaine,2022-06-24,VALIDE,4314,,
2023-01-11,2023-01-11,3284,COMEDIE DE RENNES,,Activé,4315,ROLE_SIB,90319904000010,35700,RENNES,Ille-et-Vilaine,Bretagne,,PLATESV-D-2022-003733,244993,/event_dates/1050715,2023-10-26,CLOTURE,,false,,,,,,,,,,,,,,14581,COMÉDIE DE RENNES,,31 RUE XAVIER GRALL,35700,RENNES,,35,Ille-et-Vilaine,2022-06-24,VALIDE,4314,,
2023-05-12,2023-05-12,3842,LA COMPAGNIE PRIMITIF,,Activé,5077,ROLE_DECLARANT1,80830433100032,35000,RENNES,Ille-et-Vilaine,Bretagne,80021,PLATESV-R-2021-009953,252741,,2023-10-15,CLOTURE,,false,,,3081,Rennes Storming Festival,RENNES,35000,2023-05-12,VALIDE,5077,,,,,20144,STADE ROBERT POIRIER,,6 AVENUE DU PROFESSEUR LÉON BERNARD,35000,RENNES,,35,Ille-et-Vilaine,2023-05-12,VALIDE,5077,,
2024-01-19,2024-01-19,1291,ASSOCIATION LILLICO,,Activé,1551,ROLE_SIB,78975485000038,35000,RENNES,Ille-et-Vilaine,Bretagne,,PLATESV-D-2020-000183,266075,2093,2023-10-24,CLOTURE,,false,,,872,FESTIVAL MARMAILLE / MARMAILLE EN FUGUE,RENNES,35000,2020-03-04,VALIDE,1551,,,,,16849,SALLE GUY ROPARTZ,,14 RUE GUY ROPARTZ,35700,RENNES,,35,Ille-et-Vilaine,2023-01-16,VALIDE,1551,,
2024-01-19,2024-01-19,1291,ASSOCIATION LILLICO,,Activé,1551,ROLE_SIB,78975485000038,35000,RENNES,Ille-et-Vilaine,Bretagne,,PLATESV-D-2020-000183,266074,2095,2023-10-23,CLOTURE,,false,,,872,FESTIVAL MARMAILLE / MARMAILLE EN FUGUE,RENNES,35000,2020-03-04,VALIDE,1551,,,,,16849,SALLE GUY ROPARTZ,,14 RUE GUY ROPARTZ,35700,RENNES,,35,Ille-et-Vilaine,2023-01-16,VALIDE,1551,,
2023-05-12,2023-05-12,3842,LA COMPAGNIE PRIMITIF,,Activé,5077,ROLE_DECLARANT1,80830433100032,35000,RENNES,Ille-et-Vilaine,Bretagne,80021,PLATESV-R-2021-009953,252742,,2023-10-22,CLOTURE,,false,,,3081,Rennes Storming Festival,RENNES,35000,2023-05-12,VALIDE,5077,,,,,20145,LE CARRÉ SÉVIGNÉ,,1 RUE DU BAC,35510,CESSON-SÉVIGNÉ,,35,Ille-et-Vilaine,2023-05-12,VALIDE,5077,,
2024-04-26,2024-04-26,2287,CENTRE DE PRODUCTION DES PAROLES CONTEMPORAINES,,Activé,3407,ROLE_SIB,41812021800049,35136,SAINT-JACQUES-DE-LA-LANDE,Ille-et-Vilaine,Bretagne,59859,PLATESV-R-2021-000431,296614,00130000000062,2023-10-21,CLOTURE,,false,,,,,,,,,,,,,,12004,CENTRE DE PRODUCTION DES PAROLES CONTEMPORAINES,,2  PL  JULES VALLES,35136,SAINT-JACQUES-DE-LA-LANDE,41812021800049,35,Ille-et-Vilaine,2021-10-25,VALIDE,3407,,
2024-01-19,2024-01-19,1291,ASSOCIATION LILLICO,,Activé,1551,ROLE_SIB,78975485000038,35000,RENNES,Ille-et-Vilaine,Bretagne,,PLATESV-D-2020-000183,266084,2104,2023-10-21,CLOTURE,,false,,,872,FESTIVAL MARMAILLE / MARMAILLE EN FUGUE,RENNES,35000,2020-03-04,VALIDE,1551,,,,,9051,MAISON DE QUARTIER DE LA BELLANGERAIS,,5 RUE DU MORBIHAN,35700,RENNES,,35,Ille-et-Vilaine,2020-11-30,VALIDE,1551,89,
2023-10-27,2023-10-27,3284,COMEDIE DE RENNES,,Activé,4315,ROLE_SIB,90319904000010,35700,RENNES,Ille-et-Vilaine,Bretagne,,PLATESV-D-2022-003733,244060,/event_dates/1116649,2023-10-21,CLOTURE,,false,,,,,,,,,,,,,,14581,COMÉDIE DE RENNES,,31 RUE XAVIER GRALL,35700,RENNES,,35,Ille-et-Vilaine,2022-06-24,VALIDE,4314,,
2023-10-26,2023-10-11,3780,LA PAILLETTE,,Activé,5000,ROLE_DECLARANT1,77774969800034,35000,RENNES,Ille-et-Vilaine,Bretagne,52745,PLATESV-R-2020-009633,243653,/event_dates/889834,2023-10-20,CLOTURE,,true,,,872,FESTIVAL MARMAILLE / MARMAILLE EN FUGUE,RENNES,35000,2020-03-04,VALIDE,1551,,,2868,ASS MJC LA PAILLETTE,9054,LA PAILLETTE,,2 RUE DU PRÉ DE BRIS,35000,RENNES,,35,Ille-et-Vilaine,2020-11-30,FUSIONNE,1551,89,
2024-01-03,2024-01-03,3284,COMEDIE DE RENNES,,Activé,4315,ROLE_SIB,90319904000010,35700,RENNES,Ille-et-Vilaine,Bretagne,,PLATESV-D-2022-003733,276693,/event_dates/1290649,2024-02-24,CLOTURE,,false,,,,,,,,,,,,,,14581,COMÉDIE DE RENNES,,31 RUE XAVIER GRALL,35700,RENNES,,35,Ille-et-Vilaine,2022-06-24,VALIDE,4314,,
2023-12-16,2023-12-16,1584,ORCHESTRE NATIONAL DE BRETAGNE,ORCHESTRE NATIONAL DE BRETAGNE,Activé,5671,ROLE_DECLARANT2,35010209100021,35000,RENNES,Ille-et-Vilaine,Bretagne,DOS20183137,2-1054646,255392,,2023-10-19,CLOTURE,,false,,,,,,,,,,,,,,9345,OPÉRA DE RENNES,Opéra de Rennes,PLACE DE LA MAIRIE,35000,RENNES,,35,Ille-et-Vilaine,2021-06-01,VALIDE,2015,89,Adresse
2024-04-22,2024-04-22,654,CENTRE CHOREGRAPHIQUE NATIONAL DE RENNES ET DE BRETAGNE,FAIRE CCN RENNES,Activé,689,ROLE_DECLARANT1,31464796700020,35000,RENNES,Ille-et-Vilaine,Bretagne,DOS20181231,1-1110488,294559,,2024-02-23,CLOTURE,,false,,,,,,,,,,,,,,5794,CCNRB,,38 RUE SAINT MELAINE CS 20831,35108,RENNES CEDEX,31464796700020,35,Ille-et-Vilaine,2019-02-26,VALIDE,,,
2024-03-14,2024-03-14,3063,LE GRAND CORDEL MAISON DES JEUNES ET DE LA CULTURE,Association,Activé,5994,ROLE_DECLARANT2,77774992000024,35700,RENNES,Ille-et-Vilaine,Bretagne,DOS20196625,1-1039842,279425,,2024-02-16,CLOTURE,,false,,,,,,,,,,,,,,3354,LE GRAND CORDEL MAISON DES JEUNES ET DE LA CULTURE,,18  RUE  DES PLANTES,35700,RENNES,77774992000024,35,Ille-et-Vilaine,2018-06-27,VALIDE,,,
2024-04-26,2024-04-26,2287,CENTRE DE PRODUCTION DES PAROLES CONTEMPORAINES,,Activé,3407,ROLE_SIB,41812021800049,35136,SAINT-JACQUES-DE-LA-LANDE,Ille-et-Vilaine,Bretagne,59859,PLATESV-R-2021-000431,296612,00130000000061,2023-12-10,CLOTURE,,false,,,,,,,,,,,,,,12004,CENTRE DE PRODUCTION DES PAROLES CONTEMPORAINES,,2  PL  JULES VALLES,35136,SAINT-JACQUES-DE-LA-LANDE,41812021800049,35,Ille-et-Vilaine,2021-10-25,VALIDE,3407,,
2024-02-20,2024-12-03,3780,LA PAILLETTE,,Activé,5000,ROLE_DECLARANT1,77774969800034,35000,RENNES,Ille-et-Vilaine,Bretagne,52745,PLATESV-R-2020-009633,274268,/event_dates/890142,2024-02-14,CLOTURE,,true,1116,WATERPROOF plongez dans la danse,3146,Festival Waterproof,RENNES,35200,2024-12-01,FUSIONNE,5001,,,2868,ASS MJC LA PAILLETTE,9054,LA PAILLETTE,,2 RUE DU PRÉ DE BRIS,35000,RENNES,,35,Ille-et-Vilaine,2020-11-30,FUSIONNE,1551,89,
2024-03-13,2024-03-13,58,THEATRE NATIONAL DE BRETAGNE - T.N.B. CENTRE EUROPEEN DE PRODUCTION THEATRALE ET CHOREGRAPHIQUE,THEATRE NATIONAL DE BRETAGNE - T.N.B.,Activé,53,ROLE_DECLARANT1,37921397800016,35000,RENNES,Ille-et-Vilaine,Bretagne,,3-1099111,279228,,2024-02-14,CLOTURE,,false,,,,,,,,,,,,,,20426,TNB,,1 RUE SAINT-HÉLIER,35000,RENNES,,35,Ille-et-Vilaine,2024-09-01,VALIDE,53,5238,
2024-08-04,2024-08-04,1291,ASSOCIATION LILLICO,,Activé,1551,ROLE_SIB,78975485000038,35000,RENNES,Ille-et-Vilaine,Bretagne,,PLATESV-D-2020-000183,287825,2182,2024-02-13,CLOTURE,,false,1116,WATERPROOF plongez dans la danse,1726,Festival Waterproof,RENNES,35000,2022-08-04,FUSIONNE,1551,,,,,16849,SALLE GUY ROPARTZ,,14 RUE GUY ROPARTZ,35700,RENNES,,35,Ille-et-Vilaine,2023-01-16,VALIDE,1551,,
2024-10-05,2024-10-05,3163,3 P'TIT TOUR,,Activé,4142,ROLE_DECLARANT1,41013812700015,35000,RENNES,Ille-et-Vilaine,Bretagne,DOS20196449,3-1006236,300232,,2023-09-12,CLOTURE,,true,,,2619,BARS EN TRANS,RENNES,35000,2023-04-26,VALIDE,4142,,,,,18082,LA CAVALE,,2 RUE DE REDON,35000,RENNES,,35,Ille-et-Vilaine,2023-04-26,VALIDE,4142,,
2024-10-05,2024-10-05,3163,3 P'TIT TOUR,,Activé,4142,ROLE_DECLARANT1,41013812700015,35000,RENNES,Ille-et-Vilaine,Bretagne,DOS20196449,3-1006236,300285,,2023-09-12,CLOTURE,,true,,,2619,BARS EN TRANS,RENNES,35000,2023-04-26,VALIDE,4142,,,,,18086,THE PENNY LANE PUB,,1 RUE DE COËTQUEN,35000,RENNES,,35,Ille-et-Vilaine,2023-04-26,VALIDE,4142,,
2024-10-05,2024-10-05,3163,3 P'TIT TOUR,,Activé,4142,ROLE_DECLARANT1,41013812700015,35000,RENNES,Ille-et-Vilaine,Bretagne,DOS20196449,3-1006236,300249,,2023-09-12,CLOTURE,,true,,,2619,BARS EN TRANS,RENNES,35000,2023-04-26,VALIDE,4142,,,,,2890,THEATRE DE LA PARCHEMINERIE,,23  RUE  DE LA PARCHEMINERIE,35000,RENNES,77773680200029,35,Ille-et-Vilaine,2018-06-27,VALIDE,,,
2024-10-05,2024-10-05,3163,3 P'TIT TOUR,,Activé,4142,ROLE_DECLARANT1,41013812700015,35000,RENNES,Ille-et-Vilaine,Bretagne,DOS20196449,3-1006236,300289,,2023-09-12,CLOTURE,,true,,,2619,BARS EN TRANS,RENNES,35000,2023-04-26,VALIDE,4142,,,,,18088,L'AMROK,,6G RUE DE BREST,35000,RENNES,,35,Ille-et-Vilaine,2023-04-26,VALIDE,4142,,
2023-12-15,2023-12-15,3284,COMEDIE DE RENNES,,Activé,4315,ROLE_SIB,90319904000010,35700,RENNES,Ille-et-Vilaine,Bretagne,,PLATESV-D-2022-003733,255097,/event_dates/1050988,2023-09-12,CLOTURE,,false,,,,,,,,,,,,,,14581,COMÉDIE DE RENNES,,31 RUE XAVIER GRALL,35700,RENNES,,35,Ille-et-Vilaine,2022-06-24,VALIDE,4314,,
2023-12-14,2023-12-14,3284,COMEDIE DE RENNES,,Activé,4315,ROLE_SIB,90319904000010,35700,RENNES,Ille-et-Vilaine,Bretagne,,PLATESV-D-2022-003733,254786,/event_dates/1179454,2023-08-12,CLOTURE,,false,,,,,,,,,,,,,,14581,COMÉDIE DE RENNES,,31 RUE XAVIER GRALL,35700,RENNES,,35,Ille-et-Vilaine,2022-06-24,VALIDE,4314,,
2024-03-26,2024-03-26,1584,ORCHESTRE NATIONAL DE BRETAGNE,ORCHESTRE NATIONAL DE BRETAGNE,Activé,5671,ROLE_DECLARANT2,35010209100021,35000,RENNES,Ille-et-Vilaine,Bretagne,DOS20183137,2-1054646,282944,,2024-10-02,CLOTURE,,false,,,,,,,,,,,,,,9526,COUVENT DES JACOBINS,Couvent des Jacobins - Centre des Congrès de Rennes Métropole,20 PLACE SAINTE-ANNE,35000,RENNES,,35,Ille-et-Vilaine,2021-01-22,VALIDE,2015,,
2024-10-05,2024-10-05,3163,3 P'TIT TOUR,,Activé,4142,ROLE_DECLARANT1,41013812700015,35000,RENNES,Ille-et-Vilaine,Bretagne,DOS20196449,3-1006236,300246,,2023-08-12,CLOTURE,,true,,,2619,BARS EN TRANS,RENNES,35000,2023-04-26,VALIDE,4142,,,,,2890,THEATRE DE LA PARCHEMINERIE,,23  RUE  DE LA PARCHEMINERIE,35000,RENNES,77773680200029,35,Ille-et-Vilaine,2018-06-27,VALIDE,,,
2024-10-05,2024-10-05,3163,3 P'TIT TOUR,,Activé,4142,ROLE_DECLARANT1,41013812700015,35000,RENNES,Ille-et-Vilaine,Bretagne,DOS20196449,3-1006236,300240,,2023-08-12,CLOTURE,,true,,,2619,BARS EN TRANS,RENNES,35000,2023-04-26,VALIDE,4142,,,,,18085,LA PLACE,,7 RUE DU CHAMP JACQUET,35000,RENNES,,35,Ille-et-Vilaine,2023-04-26,VALIDE,4142,,
2024-01-16,2024-01-16,1521,MJC BREQUIGNY,MJC Bréquigny,Activé,1928,ROLE_DECLARANT1,30549267000016,35200,RENNES,Ille-et-Vilaine,Bretagne,DOS20192213,1-1119457,264499,,2023-05-12,CLOTURE,,false,,,,,,,,,,,,,,2670,MJC BREQUIGNY,,15  AV  GEORGES GRAFF,35000,RENNES,30549267000024,35,Ille-et-Vilaine,2018-06-27,VALIDE,,,
2024-02-21,2024-02-21,2641,MAISON DES JEUNES ET CULTURE DE PACE,,Activé,3356,ROLE_SIB,30593736900026,35740,PACE,Ille-et-Vilaine,Bretagne,31372,PLATESV-R-2020-000949,274662,179,2023-05-12,CLOTURE,,false,,,,,,,,,,,,,,11393,ESCAPADE,,6 AVENUE CHARLES LE GOFFIC,35740,PACÉ,,35,Ille-et-Vilaine,2021-09-24,VALIDE,3356,5239,
2023-12-15,2023-12-15,2934,COMMUNE DE RENNES,OPERA DE RENNES,Activé,3842,ROLE_DECLARANT1,21350238800076,35000,RENNES,Ille-et-Vilaine,Bretagne,84250,PLATESV-R-2021-012024,255268,,2023-05-12,CLOTURE,,false,,,,,,,,,,,,,,503,COMMUNE DE RENNES,,PL  DE LA MAIRIE,35000,RENNES,21350238800019,35,Ille-et-Vilaine,2018-06-27,VALIDE,,,
2024-03-13,2024-03-13,58,THEATRE NATIONAL DE BRETAGNE - T.N.B. CENTRE EUROPEEN DE PRODUCTION THEATRALE ET CHOREGRAPHIQUE,THEATRE NATIONAL DE BRETAGNE - T.N.B.,Activé,53,ROLE_DECLARANT1,37921397800016,35000,RENNES,Ille-et-Vilaine,Bretagne,,3-1099111,279220,,2024-06-02,CLOTURE,,false,,,,,,,,,,,,,,20426,TNB,,1 RUE SAINT-HÉLIER,35000,RENNES,,35,Ille-et-Vilaine,2024-09-01,VALIDE,53,5238,
2023-09-12,2023-09-12,3284,COMEDIE DE RENNES,,Activé,4315,ROLE_SIB,90319904000010,35700,RENNES,Ille-et-Vilaine,Bretagne,,PLATESV-D-2022-003733,253312,/event_dates/1148877,2023-03-12,CLOTURE,,false,,,,,,,,,,,,,,14581,COMÉDIE DE RENNES,,31 RUE XAVIER GRALL,35700,RENNES,,35,Ille-et-Vilaine,2022-06-24,VALIDE,4314,,
2023-05-12,2023-05-12,3284,COMEDIE DE RENNES,,Activé,4315,ROLE_SIB,90319904000010,35700,RENNES,Ille-et-Vilaine,Bretagne,,PLATESV-D-2022-003733,252370,/event_dates/806465,2023-11-29,CLOTURE,,false,,,,,,,,,,,,,,14581,COMÉDIE DE RENNES,,31 RUE XAVIER GRALL,35700,RENNES,,35,Ille-et-Vilaine,2022-06-24,VALIDE,4314,,
2023-01-12,2023-01-12,3284,COMEDIE DE RENNES,,Activé,4315,ROLE_SIB,90319904000010,35700,RENNES,Ille-et-Vilaine,Bretagne,,PLATESV-D-2022-003733,251568,/event_dates/1116691,2023-11-25,CLOTURE,,false,,,,,,,,,,,,,,14581,COMÉDIE DE RENNES,,31 RUE XAVIER GRALL,35700,RENNES,,35,Ille-et-Vilaine,2022-06-24,VALIDE,4314,,
2023-12-16,2023-12-16,1584,ORCHESTRE NATIONAL DE BRETAGNE,ORCHESTRE NATIONAL DE BRETAGNE,Activé,5671,ROLE_DECLARANT2,35010209100021,35000,RENNES,Ille-et-Vilaine,Bretagne,DOS20183137,2-1054646,255388,,2023-11-25,CLOTURE,,false,,,,,,,,,,,,,,9526,COUVENT DES JACOBINS,Couvent des Jacobins - Centre des Congrès de Rennes Métropole,20 PLACE SAINTE-ANNE,35000,RENNES,,35,Ille-et-Vilaine,2021-01-22,VALIDE,2015,,
2023-11-30,2023-11-30,610,COMMUNE DE CHARTRES DE BRETAGNE,MAIRIE,Activé,638,ROLE_DECLARANT1,21350066300017,35131,CHARTRES DE BRETAGNE,Ille-et-Vilaine,Bretagne,DOS20179174,1-1107987,251338,,2023-11-24,CLOTURE,,true,,,,,,,,,,,,,,7572,CENTRE CULTUREL PÔLE SUD,,RUE DE LA CONTERIE,35131,CHARTRES-DE-BRETAGNE,,35,Ille-et-Vilaine,2020-01-22,VALIDE,638,,
2024-08-04,2024-08-04,1291,ASSOCIATION LILLICO,,Activé,1551,ROLE_SIB,78975485000038,35000,RENNES,Ille-et-Vilaine,Bretagne,,PLATESV-D-2020-000183,287821,2179,2024-01-27,CLOTURE,,false,,,,,,,,,,,,,,16849,SALLE GUY ROPARTZ,,14 RUE GUY ROPARTZ,35700,RENNES,,35,Ille-et-Vilaine,2023-01-16,VALIDE,1551,,
2024-03-01,2024-03-01,1416,COMMUNE DE BRUZ,LE GRAND LOGIS - VILLE DE BRUZ,Activé,1831,ROLE_SIB,21350047300151,35170,BRUZ,Ille-et-Vilaine,Bretagne,DOS20187008,1-1114454,259133,260,2023-11-24,CLOTURE,,false,,,,,,,,,,,,,,2089,COMMUNE DE BRUZ,,10  AV  DU GENERAL DE GAULLE,35170,BRUZ,21350047300151,35,Ille-et-Vilaine,2018-06-27,VALIDE,,,
2024-04-15,2024-04-15,3255,LE CARRE MAGIQUE,FESTIVAL INTERNATIONAL VIVE LA MAGIE,Activé,4271,ROLE_DECLARANT1,75367092600033,35000,RENNES,Ille-et-Vilaine,Bretagne,93877,PLATESV-R-2022-001102,291507,,2024-01-27,CLOTURE,,false,,,,,,,,,,,,7042,BOURSE DU TRAVAIL,13221,LA BOURSE DU TRAVAIL,LA BOURSE DU TRAVAIL,205 PLACE GUICHARD,69003,LYON,,69,Rhône,2022-01-24,FUSIONNE,1174,5238,Adresse
2024-03-25,2024-03-25,542,ASSOCIATION TRANS MUSICALES,ATM,Activé,597,ROLE_DECLARANT1,33886426700020,35000,RENNES,Ille-et-Vilaine,Bretagne,,3-1032090,282599,,2023-11-24,CLOTURE,,false,,,,,,,,,,,,,,5761,UBU,,10/12 RUE JEAN GUY CS 73912,35039,RENNES CEDEX,33886426700020,35,Ille-et-Vilaine,2019-02-21,VALIDE,,,
2023-11-30,2023-11-30,3284,COMEDIE DE RENNES,,Activé,4315,ROLE_SIB,90319904000010,35700,RENNES,Ille-et-Vilaine,Bretagne,,PLATESV-D-2022-003733,251292,/event_dates/1187693,2023-11-24,CLOTURE,,false,,,,,,,,,,,,,,14581,COMÉDIE DE RENNES,,31 RUE XAVIER GRALL,35700,RENNES,,35,Ille-et-Vilaine,2022-06-24,VALIDE,4314,,
2024-02-29,2024-02-29,2934,COMMUNE DE RENNES,OPERA DE RENNES,Activé,3842,ROLE_DECLARANT1,21350238800076,35000,RENNES,Ille-et-Vilaine,Bretagne,84250,PLATESV-R-2021-012024,276657,,2024-01-26,CLOTURE,,false,,,,,,,,,,,,,,503,COMMUNE DE RENNES,,PL  DE LA MAIRIE,35000,RENNES,21350238800019,35,Ille-et-Vilaine,2018-06-27,VALIDE,,,
2024-08-04,2024-08-04,1291,ASSOCIATION LILLICO,,Activé,1551,ROLE_SIB,78975485000038,35000,RENNES,Ille-et-Vilaine,Bretagne,,PLATESV-D-2020-000183,287820,2178,2024-01-26,CLOTURE,,false,,,,,,,,,,,,,,16849,SALLE GUY ROPARTZ,,14 RUE GUY ROPARTZ,35700,RENNES,,35,Ille-et-Vilaine,2023-01-16,VALIDE,1551,,
2024-09-01,2024-09-01,58,THEATRE NATIONAL DE BRETAGNE - T.N.B. CENTRE EUROPEEN DE PRODUCTION THEATRALE ET CHOREGRAPHIQUE,THEATRE NATIONAL DE BRETAGNE - T.N.B.,Activé,53,ROLE_DECLARANT1,37921397800016,35000,RENNES,Ille-et-Vilaine,Bretagne,,3-1099111,260944,,2023-11-22,CLOTURE,,false,,,,,,,,,,,,,,20426,TNB,,1 RUE SAINT-HÉLIER,35000,RENNES,,35,Ille-et-Vilaine,2024-09-01,VALIDE,53,5238,
2024-09-01,2024-09-01,58,THEATRE NATIONAL DE BRETAGNE - T.N.B. CENTRE EUROPEEN DE PRODUCTION THEATRALE ET CHOREGRAPHIQUE,THEATRE NATIONAL DE BRETAGNE - T.N.B.,Activé,53,ROLE_DECLARANT1,37921397800016,35000,RENNES,Ille-et-Vilaine,Bretagne,,3-1099111,260812,,2023-11-22,CLOTURE,,false,,,219,Festival TNB,RENNES,35000,2018-06-27,VALIDE,,,,2898,THEATRE NATIONAL DE BRETAGNE - T.N.B. CENTRE EUROPEEN DE PRODUCTION THEATRALE ET CHOREGRAPHIQUE,4559,SALLE GABILY,,1 RUE SAINT HÉLIER,35000,RENNES,37921397800016,35,Ille-et-Vilaine,2018-07-19,FUSIONNE,,,
2023-12-16,2023-12-16,3284,COMEDIE DE RENNES,,Activé,4315,ROLE_SIB,90319904000010,35700,RENNES,Ille-et-Vilaine,Bretagne,,PLATESV-D-2022-003733,255378,/event_dates/1179468,2023-10-12,CLOTURE,,false,,,,,,,,,,,,,,14581,COMÉDIE DE RENNES,,31 RUE XAVIER GRALL,35700,RENNES,,35,Ille-et-Vilaine,2022-06-24,VALIDE,4314,,
2024-10-05,2024-10-05,3163,3 P'TIT TOUR,,Activé,4142,ROLE_DECLARANT1,41013812700015,35000,RENNES,Ille-et-Vilaine,Bretagne,DOS20196449,3-1006236,300295,,2023-09-12,CLOTURE,,false,,,,,,,,,,,,,,18087,LA TETE DE CHOU,,14 RUE KLEBER,35000,RENNES,,35,Ille-et-Vilaine,2023-04-26,VALIDE,4142,5239,Adresse
2023-12-19,2023-12-19,176,ANTIPODE MJC RENNES,ANTIPODE,Activé,3639,ROLE_SIB,77774999500018,35000,RENNES,Ille-et-Vilaine,Bretagne,,3-1019092,256373,event_509,2023-11-19,CLOTURE,,false,,,,,,,,,,,,,,13768,ANTIPODE,Antipode - PARVIS AGNÈS VARDA,75 AVENUE JULES MANIEZ,35000,RENNES,,35,Ille-et-Vilaine,2022-05-04,VALIDE,3639,5238,
2024-10-05,2024-10-05,3163,3 P'TIT TOUR,,Activé,4142,ROLE_DECLARANT1,41013812700015,35000,RENNES,Ille-et-Vilaine,Bretagne,DOS20196449,3-1006236,300293,,2023-08-12,CLOTURE,,false,,,,,,,,,,,,,,18087,LA TETE DE CHOU,,14 RUE KLEBER,35000,RENNES,,35,Ille-et-Vilaine,2023-04-26,VALIDE,4142,5239,Adresse
2024-10-05,2024-10-05,3163,3 P'TIT TOUR,,Activé,4142,ROLE_DECLARANT1,41013812700015,35000,RENNES,Ille-et-Vilaine,Bretagne,DOS20196449,3-1006236,300284,,2023-08-12,CLOTURE,,true,,,2619,BARS EN TRANS,RENNES,35000,2023-04-26,VALIDE,4142,,,,,18086,THE PENNY LANE PUB,,1 RUE DE COËTQUEN,35000,RENNES,,35,Ille-et-Vilaine,2023-04-26,VALIDE,4142,,
2024-03-01,2024-03-01,1416,COMMUNE DE BRUZ,LE GRAND LOGIS - VILLE DE BRUZ,Activé,1831,ROLE_SIB,21350047300151,35170,BRUZ,Ille-et-Vilaine,Bretagne,DOS20187008,1-1114454,259134,261,2023-08-12,CLOTURE,,false,,,,,,,,,,,,,,2089,COMMUNE DE BRUZ,,10  AV  DU GENERAL DE GAULLE,35170,BRUZ,21350047300151,35,Ille-et-Vilaine,2018-06-27,VALIDE,,,
2024-10-05,2024-10-05,3163,3 P'TIT TOUR,,Activé,4142,ROLE_DECLARANT1,41013812700015,35000,RENNES,Ille-et-Vilaine,Bretagne,DOS20196449,3-1006236,300236,,2023-07-12,CLOTURE,,true,,,2619,BARS EN TRANS,RENNES,35000,2023-04-26,VALIDE,4142,,,,,18085,LA PLACE,,7 RUE DU CHAMP JACQUET,35000,RENNES,,35,Ille-et-Vilaine,2023-04-26,VALIDE,4142,,
2024-09-01,2024-09-01,58,THEATRE NATIONAL DE BRETAGNE - T.N.B. CENTRE EUROPEEN DE PRODUCTION THEATRALE ET CHOREGRAPHIQUE,THEATRE NATIONAL DE BRETAGNE - T.N.B.,Activé,53,ROLE_DECLARANT1,37921397800016,35000,RENNES,Ille-et-Vilaine,Bretagne,,3-1099111,260834,,2023-07-12,CLOTURE,,false,,,,,,,,,,,,,,20426,TNB,,1 RUE SAINT-HÉLIER,35000,RENNES,,35,Ille-et-Vilaine,2024-09-01,VALIDE,53,5238,
2024-09-01,2024-09-01,58,THEATRE NATIONAL DE BRETAGNE - T.N.B. CENTRE EUROPEEN DE PRODUCTION THEATRALE ET CHOREGRAPHIQUE,THEATRE NATIONAL DE BRETAGNE - T.N.B.,Activé,53,ROLE_DECLARANT1,37921397800016,35000,RENNES,Ille-et-Vilaine,Bretagne,,3-1099111,260803,,2023-11-15,CLOTURE,,false,,,219,Festival TNB,RENNES,35000,2018-06-27,VALIDE,,,,,,20426,TNB,,1 RUE SAINT-HÉLIER,35000,RENNES,,35,Ille-et-Vilaine,2024-09-01,VALIDE,53,5238,
2024-06-12,2024-06-12,3284,COMEDIE DE RENNES,,Activé,4315,ROLE_SIB,90319904000010,35700,RENNES,Ille-et-Vilaine,Bretagne,,PLATESV-D-2022-003733,346060,/event_dates/1721389,2024-11-30,CLOTURE,,false,,,,,,,,,,,,,,14581,COMÉDIE DE RENNES,,31 RUE XAVIER GRALL,35700,RENNES,,35,Ille-et-Vilaine,2022-06-24,VALIDE,4314,,
2024-12-18,2024-12-18,3780,LA PAILLETTE,,Activé,5001,ROLE_SIB,77774969800034,35000,RENNES,Ille-et-Vilaine,Bretagne,52745,PLATESV-R-2020-009633,349819,/event_dates/1397336,2024-11-29,CLOTURE,,true,,,,,,,,,,,,2868,ASS MJC LA PAILLETTE,9054,LA PAILLETTE,,2 RUE DU PRÉ DE BRIS,35000,RENNES,,35,Ille-et-Vilaine,2020-11-30,FUSIONNE,1551,89,
2024-12-17,2024-12-17,1291,ASSOCIATION LILLICO,,Activé,6234,ROLE_SIB,78975485000038,35000,RENNES,Ille-et-Vilaine,Bretagne,,PLATESV-D-2020-000183,349338,/event_dates/1406093,2024-11-29,CLOTURE,,false,,,,,,,,,,,,,,16849,SALLE GUY ROPARTZ,,14 RUE GUY ROPARTZ,35700,RENNES,,35,Ille-et-Vilaine,2023-01-16,VALIDE,1551,,
2024-03-25,2024-03-25,542,ASSOCIATION TRANS MUSICALES,ATM,Activé,597,ROLE_DECLARANT1,33886426700020,35000,RENNES,Ille-et-Vilaine,Bretagne,,3-1032090,282617,,2023-11-26,CLOTURE,,false,,,,,,,,,,,,,,5761,UBU,,10/12 RUE JEAN GUY CS 73912,35039,RENNES CEDEX,33886426700020,35,Ille-et-Vilaine,2019-02-21,VALIDE,,,
2025-01-25,2025-01-25,2934,COMMUNE DE RENNES,OPERA DE RENNES,Activé,3842,ROLE_DECLARANT1,21350238800076,35000,RENNES,Ille-et-Vilaine,Bretagne,84250,PLATESV-R-2021-012024,360789,,2024-11-27,CLOTURE,,false,,,,,,,,,,,,,,503,COMMUNE DE RENNES,,PL  DE LA MAIRIE,35000,RENNES,21350238800019,35,Ille-et-Vilaine,2018-06-27,VALIDE,,,
2025-01-25,2025-01-25,2934,COMMUNE DE RENNES,OPERA DE RENNES,Activé,3842,ROLE_DECLARANT1,21350238800076,35000,RENNES,Ille-et-Vilaine,Bretagne,84250,PLATESV-R-2021-012024,360781,,2024-11-26,CLOTURE,,false,,,,,,,,,,,,,,503,COMMUNE DE RENNES,,PL  DE LA MAIRIE,35000,RENNES,21350238800019,35,Ille-et-Vilaine,2018-06-27,VALIDE,,,
2025-03-02,2025-03-02,1125,CARTEL CONCERTS,,Activé,1278,ROLE_DECLARANT1,80023696000038,35200,RENNES,Ille-et-Vilaine,Bretagne,DOS20168997,3-1072466,365408,,2024-11-24,CLOTURE,,false,,,,,,,,,,,,,,7029,LE MEM,LA PIVERDIERE,ROUTE DE SAINTE-FOIX,35000,RENNES,,35,Ille-et-Vilaine,2019-12-31,VALIDE,1088,89,
2025-05-02,2025-05-02,176,ANTIPODE MJC RENNES,ANTIPODE,Activé,3639,ROLE_SIB,77774999500018,35000,RENNES,Ille-et-Vilaine,Bretagne,,3-1019092,366273,declaration_300_2024_4,2024-11-23,CLOTURE,,false,,,,,,,,,,,,,,13768,ANTIPODE,Antipode - PARVIS AGNÈS VARDA,75 AVENUE JULES MANIEZ,35000,RENNES,,35,Ille-et-Vilaine,2022-05-04,VALIDE,3639,5238,
2023-11-29,2023-11-29,3284,COMEDIE DE RENNES,,Activé,4315,ROLE_SIB,90319904000010,35700,RENNES,Ille-et-Vilaine,Bretagne,,PLATESV-D-2022-003733,250962,/event_dates/1116677,2023-11-23,CLOTURE,,false,,,,,,,,,,,,,,14581,COMÉDIE DE RENNES,,31 RUE XAVIER GRALL,35700,RENNES,,35,Ille-et-Vilaine,2022-06-24,VALIDE,4314,,
2024-11-29,2024-11-29,3284,COMEDIE DE RENNES,,Activé,4315,ROLE_SIB,90319904000010,35700,RENNES,Ille-et-Vilaine,Bretagne,,PLATESV-D-2022-003733,344547,/event_dates/1721340,2024-11-23,CLOTURE,,false,,,,,,,,,,,,,,14581,COMÉDIE DE RENNES,,31 RUE XAVIER GRALL,35700,RENNES,,35,Ille-et-Vilaine,2022-06-24,VALIDE,4314,,
2024-09-01,2024-09-01,58,THEATRE NATIONAL DE BRETAGNE - T.N.B. CENTRE EUROPEEN DE PRODUCTION THEATRALE ET CHOREGRAPHIQUE,THEATRE NATIONAL DE BRETAGNE - T.N.B.,Activé,53,ROLE_DECLARANT1,37921397800016,35000,RENNES,Ille-et-Vilaine,Bretagne,,3-1099111,260950,,2023-11-23,CLOTURE,,false,,,,,,,,,,,,,,20426,TNB,,1 RUE SAINT-HÉLIER,35000,RENNES,,35,Ille-et-Vilaine,2024-09-01,VALIDE,53,5238,
2024-01-16,2024-01-16,1521,MJC BREQUIGNY,MJC Bréquigny,Activé,1928,ROLE_DECLARANT1,30549267000016,35200,RENNES,Ille-et-Vilaine,Bretagne,DOS20192213,1-1119457,264496,,2023-11-22,CLOTURE,,false,,,1609,Jazz à l'Ouest,RENNES,35200,2022-01-18,VALIDE,1928,,,,,2670,MJC BREQUIGNY,,15  AV  GEORGES GRAFF,35000,RENNES,30549267000024,35,Ille-et-Vilaine,2018-06-27,VALIDE,,,
2024-09-01,2024-09-01,58,THEATRE NATIONAL DE BRETAGNE - T.N.B. CENTRE EUROPEEN DE PRODUCTION THEATRALE ET CHOREGRAPHIQUE,THEATRE NATIONAL DE BRETAGNE - T.N.B.,Activé,53,ROLE_DECLARANT1,37921397800016,35000,RENNES,Ille-et-Vilaine,Bretagne,,3-1099111,260811,,2023-11-22,CLOTURE,,false,,,219,Festival TNB,RENNES,35000,2018-06-27,VALIDE,,,,,,20426,TNB,,1 RUE SAINT-HÉLIER,35000,RENNES,,35,Ille-et-Vilaine,2024-09-01,VALIDE,53,5238,
2025-03-02,2025-03-02,1125,CARTEL CONCERTS,,Activé,1278,ROLE_DECLARANT1,80023696000038,35200,RENNES,Ille-et-Vilaine,Bretagne,DOS20168997,3-1072466,365394,,2024-11-21,CLOTURE,,false,,,,,,,,,,,,,,16998,DÉCADANSE,,1 BOULEVARD HENRY ORRION,44000,NANTES,,44,Loire-Atlantique,2023-01-22,VALIDE,4450,,
2024-09-01,2024-09-01,58,THEATRE NATIONAL DE BRETAGNE - T.N.B. CENTRE EUROPEEN DE PRODUCTION THEATRALE ET CHOREGRAPHIQUE,THEATRE NATIONAL DE BRETAGNE - T.N.B.,Activé,53,ROLE_DECLARANT1,37921397800016,35000,RENNES,Ille-et-Vilaine,Bretagne,,3-1099111,260981,,2023-11-18,CLOTURE,,false,,,,,,,,,,,,,,7843,UBU,,1 RUE SAINT-HÉLIER,35000,RENNES,,35,Ille-et-Vilaine,2020-02-26,VALIDE,597,,
2024-01-16,2024-01-16,1521,MJC BREQUIGNY,MJC Bréquigny,Activé,1928,ROLE_DECLARANT1,30549267000016,35200,RENNES,Ille-et-Vilaine,Bretagne,DOS20192213,1-1119457,264495,,2023-11-18,CLOTURE,,false,,,1609,Jazz à l'Ouest,RENNES,35200,2022-01-18,VALIDE,1928,,,,,2670,MJC BREQUIGNY,,15  AV  GEORGES GRAFF,35000,RENNES,30549267000024,35,Ille-et-Vilaine,2018-06-27,VALIDE,,,
2024-01-15,2024-01-15,1429,COMMUNE DE BETTON,Salle Confluence - Betton,Activé,1776,ROLE_DECLARANT1,21350024200259,35830,Betton,Ille-et-Vilaine,Bretagne,,PLATESV-R-2020-005656,263355,,2023-11-18,CLOTURE,,false,,,,,,,,,,,,,,8489,LA CONFLUENCE,,PLACE CHARLES DE GAULLE,35830,BETTON,,35,Ille-et-Vilaine,2020-09-22,VALIDE,1780,5238,
2024-11-22,2024-11-22,3820,THEATRE L'AIRE LIBRE,,Activé,5626,ROLE_DECLARANT1,92262510800019,35136,SAINT-JACQUES-DE-LA-LANDE,Ille-et-Vilaine,Bretagne,,PLATESV-D-2023-000211,343356,,2024-11-20,CLOTURE,,true,,,219,Festival TNB,RENNES,35000,2018-06-27,VALIDE,,,,2807,L'AIRE LIBRE,18263,THÉÂTRE L'AIRE LIBRE,,2 PLACE JULES VALLÈS,35136,SAINT-JACQUES-DE-LA-LANDE,,35,Ille-et-Vilaine,2023-05-22,FUSIONNE,5047,,
2024-04-12,2024-04-12,58,THEATRE NATIONAL DE BRETAGNE - T.N.B. CENTRE EUROPEEN DE PRODUCTION THEATRALE ET CHOREGRAPHIQUE,THEATRE NATIONAL DE BRETAGNE - T.N.B.,Activé,53,ROLE_DECLARANT1,37921397800016,35000,RENNES,Ille-et-Vilaine,Bretagne,,3-1099111,345706,,2024-11-20,CLOTURE,,false,,,219,Festival TNB,RENNES,35000,2018-06-27,VALIDE,,,,,,20426,TNB,,1 RUE SAINT-HÉLIER,35000,RENNES,,35,Ille-et-Vilaine,2024-09-01,VALIDE,53,5238,
2024-04-12,2024-04-12,58,THEATRE NATIONAL DE BRETAGNE - T.N.B. CENTRE EUROPEEN DE PRODUCTION THEATRALE ET CHOREGRAPHIQUE,THEATRE NATIONAL DE BRETAGNE - T.N.B.,Activé,53,ROLE_DECLARANT1,37921397800016,35000,RENNES,Ille-et-Vilaine,Bretagne,,3-1099111,345707,,2024-11-20,CLOTURE,,true,,,,,,,,,,,,2807,L'AIRE LIBRE,18263,THÉÂTRE L'AIRE LIBRE,,2 PLACE JULES VALLÈS,35136,SAINT-JACQUES-DE-LA-LANDE,,35,Ille-et-Vilaine,2023-05-22,FUSIONNE,5047,,
2025-05-02,2025-05-02,176,ANTIPODE MJC RENNES,ANTIPODE,Activé,3639,ROLE_SIB,77774999500018,35000,RENNES,Ille-et-Vilaine,Bretagne,,3-1019092,366274,declaration_304_2024_4,2024-11-17,CLOTURE,,false,,,,,,,,,,,,,,13768,ANTIPODE,Antipode - PARVIS AGNÈS VARDA,75 AVENUE JULES MANIEZ,35000,RENNES,,35,Ille-et-Vilaine,2022-05-04,VALIDE,3639,5238,
2024-11-22,2024-11-22,3284,COMEDIE DE RENNES,,Activé,4315,ROLE_SIB,90319904000010,35700,RENNES,Ille-et-Vilaine,Bretagne,,PLATESV-D-2022-003733,343208,/event_dates/1739183,2024-11-16,CLOTURE,,false,,,,,,,,,,,,,,14581,COMÉDIE DE RENNES,,31 RUE XAVIER GRALL,35700,RENNES,,35,Ille-et-Vilaine,2022-06-24,VALIDE,4314,,
2025-07-04,2025-07-04,542,ASSOCIATION TRANS MUSICALES,ATM,Activé,597,ROLE_DECLARANT1,33886426700020,35000,RENNES,Ille-et-Vilaine,Bretagne,,3-1032090,388800,,2024-11-16,CLOTURE,,false,,,,,,,,,,,,,,7843,UBU,,1 RUE SAINT-HÉLIER,35000,RENNES,,35,Ille-et-Vilaine,2020-02-26,VALIDE,597,,
2023-12-21,2023-12-21,572,CENTRE CULTUREL TRIANGLE,LE TRIANGLE,Activé,631,ROLE_DECLARANT1,32327735000035,35200,RENNES,Ille-et-Vilaine,Bretagne,,3-1014237,256924,,2023-11-15,CLOTURE,,false,,,,,,,,,,,,,,2390,CENTRE CULTUREL TRIANGLE,,BD  DE YOUGOSLAVIE,35200,RENNES,32327735000035,35,Ille-et-Vilaine,2018-06-27,VALIDE,,,
2024-01-29,2024-01-29,3820,THEATRE L'AIRE LIBRE,,Activé,5626,ROLE_DECLARANT1,92262510800019,35136,SAINT-JACQUES-DE-LA-LANDE,Ille-et-Vilaine,Bretagne,,PLATESV-D-2023-000211,268220,,2023-11-15,CLOTURE,,true,,,219,Festival TNB,RENNES,35000,2018-06-27,VALIDE,,,,2807,L'AIRE LIBRE,18263,THÉÂTRE L'AIRE LIBRE,,2 PLACE JULES VALLÈS,35136,SAINT-JACQUES-DE-LA-LANDE,,35,Ille-et-Vilaine,2023-05-22,FUSIONNE,5047,,
2024-09-01,2024-09-01,58,THEATRE NATIONAL DE BRETAGNE - T.N.B. CENTRE EUROPEEN DE PRODUCTION THEATRALE ET CHOREGRAPHIQUE,THEATRE NATIONAL DE BRETAGNE - T.N.B.,Activé,53,ROLE_DECLARANT1,37921397800016,35000,RENNES,Ille-et-Vilaine,Bretagne,,3-1099111,260880,,2023-11-15,CLOTURE,,false,,,,,,,,,,,,2868,ASS MJC LA PAILLETTE,9054,LA PAILLETTE,,2 RUE DU PRÉ DE BRIS,35000,RENNES,,35,Ille-et-Vilaine,2020-11-30,FUSIONNE,1551,89,
2024-09-01,2024-09-01,58,THEATRE NATIONAL DE BRETAGNE - T.N.B. CENTRE EUROPEEN DE PRODUCTION THEATRALE ET CHOREGRAPHIQUE,THEATRE NATIONAL DE BRETAGNE - T.N.B.,Activé,53,ROLE_DECLARANT1,37921397800016,35000,RENNES,Ille-et-Vilaine,Bretagne,,3-1099111,260869,,2023-11-15,CLOTURE,,false,,,,,,,,,,,,2807,L'AIRE LIBRE,8902,L'AIRE LIBRE,,2 PLACE JULES VALLÈS,35136,SAINT-JACQUES-DE-LA-LANDE,,35,Ille-et-Vilaine,2020-10-11,FUSIONNE,597,,
2024-09-01,2024-09-01,58,THEATRE NATIONAL DE BRETAGNE - T.N.B. CENTRE EUROPEEN DE PRODUCTION THEATRALE ET CHOREGRAPHIQUE,THEATRE NATIONAL DE BRETAGNE - T.N.B.,Activé,53,ROLE_DECLARANT1,37921397800016,35000,RENNES,Ille-et-Vilaine,Bretagne,,3-1099111,260872,,2023-11-15,CLOTURE,,false,,,,,,,,,,,,,,20426,TNB,,1 RUE SAINT-HÉLIER,35000,RENNES,,35,Ille-et-Vilaine,2024-09-01,VALIDE,53,5238,
2024-11-21,2024-11-21,3284,COMEDIE DE RENNES,,Activé,4315,ROLE_SIB,90319904000010,35700,RENNES,Ille-et-Vilaine,Bretagne,,PLATESV-D-2022-003733,343027,/event_dates/1410027,2024-11-15,CLOTURE,,false,,,,,,,,,,,,,,14581,COMÉDIE DE RENNES,,31 RUE XAVIER GRALL,35700,RENNES,,35,Ille-et-Vilaine,2022-06-24,VALIDE,4314,,
2025-05-02,2025-05-02,176,ANTIPODE MJC RENNES,ANTIPODE,Activé,3639,ROLE_SIB,77774999500018,35000,RENNES,Ille-et-Vilaine,Bretagne,,3-1019092,366276,declaration_319_2024_4,2024-11-15,CLOTURE,,false,,,,,,,,,,,,,,13768,ANTIPODE,Antipode - PARVIS AGNÈS VARDA,75 AVENUE JULES MANIEZ,35000,RENNES,,35,Ille-et-Vilaine,2022-05-04,VALIDE,3639,5238,
2024-08-04,2024-08-04,1291,ASSOCIATION LILLICO,,Activé,1551,ROLE_SIB,78975485000038,35000,RENNES,Ille-et-Vilaine,Bretagne,,PLATESV-D-2020-000183,287818,2176,2024-01-24,CLOTURE,,false,,,,,,,,,,,,,,16849,SALLE GUY ROPARTZ,,14 RUE GUY ROPARTZ,35700,RENNES,,35,Ille-et-Vilaine,2023-01-16,VALIDE,1551,,
2025-01-18,2025-01-18,2934,COMMUNE DE RENNES,OPERA DE RENNES,Activé,3842,ROLE_DECLARANT1,21350238800076,35000,RENNES,Ille-et-Vilaine,Bretagne,84250,PLATESV-R-2021-012024,358923,,2024-11-15,CLOTURE,,false,,,,,,,,,,,,,,503,COMMUNE DE RENNES,,PL  DE LA MAIRIE,35000,RENNES,21350238800019,35,Ille-et-Vilaine,2018-06-27,VALIDE,,,
2025-06-01,2025-06-01,1416,COMMUNE DE BRUZ,LE GRAND LOGIS - VILLE DE BRUZ,Activé,1831,ROLE_SIB,21350047300151,35170,BRUZ,Ille-et-Vilaine,Bretagne,DOS20187008,1-1114454,353761,304,2024-11-14,CLOTURE,,false,,,,,,,,,,,,,,2089,COMMUNE DE BRUZ,,10  AV  DU GENERAL DE GAULLE,35170,BRUZ,21350047300151,35,Ille-et-Vilaine,2018-06-27,VALIDE,,,
2024-11-20,2024-11-20,3284,COMEDIE DE RENNES,,Activé,4315,ROLE_SIB,90319904000010,35700,RENNES,Ille-et-Vilaine,Bretagne,,PLATESV-D-2022-003733,342698,/event_dates/1410013,2024-11-14,CLOTURE,,false,,,,,,,,,,,,,,14581,COMÉDIE DE RENNES,,31 RUE XAVIER GRALL,35700,RENNES,,35,Ille-et-Vilaine,2022-06-24,VALIDE,4314,,
2024-04-12,2024-04-12,58,THEATRE NATIONAL DE BRETAGNE - T.N.B. CENTRE EUROPEEN DE PRODUCTION THEATRALE ET CHOREGRAPHIQUE,THEATRE NATIONAL DE BRETAGNE - T.N.B.,Activé,53,ROLE_DECLARANT1,37921397800016,35000,RENNES,Ille-et-Vilaine,Bretagne,,3-1099111,345668,,2024-11-13,CLOTURE,,false,,,219,Festival TNB,RENNES,35000,2018-06-27,VALIDE,,,,,,20426,TNB,,1 RUE SAINT-HÉLIER,35000,RENNES,,35,Ille-et-Vilaine,2024-09-01,VALIDE,53,5238,
2024-04-12,2024-04-12,58,THEATRE NATIONAL DE BRETAGNE - T.N.B. CENTRE EUROPEEN DE PRODUCTION THEATRALE ET CHOREGRAPHIQUE,THEATRE NATIONAL DE BRETAGNE - T.N.B.,Activé,53,ROLE_DECLARANT1,37921397800016,35000,RENNES,Ille-et-Vilaine,Bretagne,,3-1099111,345672,,2024-11-13,CLOTURE,,false,,,219,Festival TNB,RENNES,35000,2018-06-27,VALIDE,,,,2807,L'AIRE LIBRE,18263,THÉÂTRE L'AIRE LIBRE,,2 PLACE JULES VALLÈS,35136,SAINT-JACQUES-DE-LA-LANDE,,35,Ille-et-Vilaine,2023-05-22,FUSIONNE,5047,,
2024-04-12,2024-04-12,58,THEATRE NATIONAL DE BRETAGNE - T.N.B. CENTRE EUROPEEN DE PRODUCTION THEATRALE ET CHOREGRAPHIQUE,THEATRE NATIONAL DE BRETAGNE - T.N.B.,Activé,53,ROLE_DECLARANT1,37921397800016,35000,RENNES,Ille-et-Vilaine,Bretagne,,3-1099111,345671,,2024-11-13,CLOTURE,,false,,,219,Festival TNB,RENNES,35000,2018-06-27,VALIDE,,,,,,20426,TNB,,1 RUE SAINT-HÉLIER,35000,RENNES,,35,Ille-et-Vilaine,2024-09-01,VALIDE,53,5238,
2024-06-12,2024-06-12,1521,MJC BREQUIGNY,MJC Bréquigny,Activé,1928,ROLE_DECLARANT1,30549267000016,35200,RENNES,Ille-et-Vilaine,Bretagne,DOS20192213,1-1119457,346332,,2024-12-11,CLOTURE,,false,,,1609,Jazz à l'Ouest,RENNES,35200,2022-01-18,VALIDE,1928,,,,,2670,MJC BREQUIGNY,,15  AV  GEORGES GRAFF,35000,RENNES,30549267000024,35,Ille-et-Vilaine,2018-06-27,VALIDE,,,
2025-01-24,2025-01-24,3848,PARAPENTE,,Activé,5083,ROLE_DECLARANT1,79913195800024,35000,RENNES,Ille-et-Vilaine,Bretagne,65071,PLATESV-D-2021-001233,360698,,2024-12-11,CLOTURE,,false,,,,,,,,,,,,,,17101,COMIC ODEON MONTPELLIER,,ZONE DU FENOUILLET,34470,PEROLS,84366362600029,34,Hérault,2023-03-02,VALIDE,1886,,
2024-04-12,2024-05-12,1521,MJC BREQUIGNY,MJC Bréquigny,Activé,1928,ROLE_DECLARANT1,30549267000016,35200,RENNES,Ille-et-Vilaine,Bretagne,DOS20192213,1-1119457,345701,,2024-09-11,CLOTURE,,false,1609,Jazz à l'Ouest,264,Jazz à l'Ouest,CESSON-SÉVIGNÉ,35510,2018-06-27,FUSIONNE,,,,,,2670,MJC BREQUIGNY,,15  AV  GEORGES GRAFF,35000,RENNES,30549267000024,35,Ille-et-Vilaine,2018-06-27,VALIDE,,,
2024-09-01,2024-09-01,58,THEATRE NATIONAL DE BRETAGNE - T.N.B. CENTRE EUROPEEN DE PRODUCTION THEATRALE ET CHOREGRAPHIQUE,THEATRE NATIONAL DE BRETAGNE - T.N.B.,Activé,53,ROLE_DECLARANT1,37921397800016,35000,RENNES,Ille-et-Vilaine,Bretagne,,3-1099111,260711,,2023-10-10,CLOTURE,,false,,,,,,,,,,,,,,2898,THEATRE NATIONAL DE BRETAGNE - T.N.B. CENTRE EUROPEEN DE PRODUCTION THEATRALE ET CHOREGRAPHIQUE,,1  RUE  SAINT HELIER,35000,RENNES,37921397800016,35,Ille-et-Vilaine,2018-06-27,VALIDE,,,
2024-01-20,2024-01-20,3780,LA PAILLETTE,,Activé,5001,ROLE_SIB,77774969800034,35000,RENNES,Ille-et-Vilaine,Bretagne,52745,PLATESV-R-2020-009633,266367,/event_dates/890072,2024-01-14,CLOTURE,,false,,,,,,,,,,,,2868,ASS MJC LA PAILLETTE,9054,LA PAILLETTE,,2 RUE DU PRÉ DE BRIS,35000,RENNES,,35,Ille-et-Vilaine,2020-11-30,FUSIONNE,1551,89,
2023-11-14,2023-11-14,3255,LE CARRE MAGIQUE,FESTIVAL INTERNATIONAL VIVE LA MAGIE,Activé,4271,ROLE_DECLARANT1,75367092600033,35000,RENNES,Ille-et-Vilaine,Bretagne,93877,PLATESV-R-2022-001102,247506,,2023-07-10,CLOTURE,,true,,,,,,,,,,,,7032,PALAIS DES ARTS DE VANNES,8895,PALAIS DES ARTS ET DES CONGRÈS,,PLACE DE BRETAGNE,56000,VANNES,,56,Morbihan,2020-10-11,FUSIONNE,426,,
2024-03-26,2024-03-26,1584,ORCHESTRE NATIONAL DE BRETAGNE,ORCHESTRE NATIONAL DE BRETAGNE,Activé,5671,ROLE_DECLARANT2,35010209100021,35000,RENNES,Ille-et-Vilaine,Bretagne,DOS20183137,2-1054646,282945,,2024-12-01,CLOTURE,,false,,,,,,,,,,,,,,9526,COUVENT DES JACOBINS,Couvent des Jacobins - Centre des Congrès de Rennes Métropole,20 PLACE SAINTE-ANNE,35000,RENNES,,35,Ille-et-Vilaine,2021-01-22,VALIDE,2015,,
2024-03-26,2024-03-26,1584,ORCHESTRE NATIONAL DE BRETAGNE,ORCHESTRE NATIONAL DE BRETAGNE,Activé,5671,ROLE_DECLARANT2,35010209100021,35000,RENNES,Ille-et-Vilaine,Bretagne,DOS20183137,2-1054646,282938,,2024-12-01,CLOTURE,,false,,,,,,,,,,,,,,9526,COUVENT DES JACOBINS,Couvent des Jacobins - Centre des Congrès de Rennes Métropole,20 PLACE SAINTE-ANNE,35000,RENNES,,35,Ille-et-Vilaine,2021-01-22,VALIDE,2015,,
2025-01-25,2025-01-25,2934,COMMUNE DE RENNES,OPERA DE RENNES,Activé,3842,ROLE_DECLARANT1,21350238800076,35000,RENNES,Ille-et-Vilaine,Bretagne,84250,PLATESV-R-2021-012024,360793,,2025-01-14,CLOTURE,,false,,,,,,,,,,,,,,503,COMMUNE DE RENNES,,PL  DE LA MAIRIE,35000,RENNES,21350238800019,35,Ille-et-Vilaine,2018-06-27,VALIDE,,,
2024-02-04,2024-02-04,1416,COMMUNE DE BRUZ,LE GRAND LOGIS - VILLE DE BRUZ,Activé,1831,ROLE_SIB,21350047300151,35170,BRUZ,Ille-et-Vilaine,Bretagne,DOS20187008,1-1114454,285018,286,2024-11-01,CLOTURE,,false,,,,,,,,,,,,,,2089,COMMUNE DE BRUZ,,10  AV  DU GENERAL DE GAULLE,35170,BRUZ,21350047300151,35,Ille-et-Vilaine,2018-06-27,VALIDE,,,
2024-04-15,2024-04-15,3255,LE CARRE MAGIQUE,FESTIVAL INTERNATIONAL VIVE LA MAGIE,Activé,4271,ROLE_DECLARANT1,75367092600033,35000,RENNES,Ille-et-Vilaine,Bretagne,93877,PLATESV-R-2022-001102,291493,,2024-11-01,CLOTURE,,false,,,,,,,,,,,,,,21371,LE TRIANGLE,LE TRIANGLE,BOULEVARD DE YOUGOSLAVIE,35200,RENNES,,35,Ille-et-Vilaine,2024-04-15,VALIDE,4271,,
2024-02-04,2024-02-04,1416,COMMUNE DE BRUZ,LE GRAND LOGIS - VILLE DE BRUZ,Activé,1831,ROLE_SIB,21350047300151,35170,BRUZ,Ille-et-Vilaine,Bretagne,DOS20187008,1-1114454,285009,263,2024-10-01,CLOTURE,,false,,,,,,,,,,,,,,2089,COMMUNE DE BRUZ,,10  AV  DU GENERAL DE GAULLE,35170,BRUZ,21350047300151,35,Ille-et-Vilaine,2018-06-27,VALIDE,,,
2023-10-23,2023-10-23,2761,LE GRAND SOUFFLET,Association,Activé,3559,ROLE_DECLARANT1,41896721200022,35131,CHARTRES-DE-BRETAGNE,Ille-et-Vilaine,Bretagne,DOS20197698,2-1123292,242386,,2023-04-10,CLOTURE,,false,,,705,LE GRAND SOUFFLET,RENNES,35000,2019-10-17,VALIDE,366,,,,,12654,CHAPITEAU PARC DU THABOR,,PLACE SAINT-MELAINE,35000,RENNES,,35,Ille-et-Vilaine,2021-12-13,VALIDE,3559,,
2024-01-13,2024-01-13,3284,COMEDIE DE RENNES,,Activé,4315,ROLE_SIB,90319904000010,35700,RENNES,Ille-et-Vilaine,Bretagne,,PLATESV-D-2022-003733,262921,/event_dates/822950,2024-07-01,CLOTURE,,false,,,,,,,,,,,,,,14581,COMÉDIE DE RENNES,,31 RUE XAVIER GRALL,35700,RENNES,,35,Ille-et-Vilaine,2022-06-24,VALIDE,4314,,
2025-01-25,2025-01-25,2934,COMMUNE DE RENNES,OPERA DE RENNES,Activé,3842,ROLE_DECLARANT1,21350238800076,35000,RENNES,Ille-et-Vilaine,Bretagne,84250,PLATESV-R-2021-012024,360794,,2025-10-01,CLOTURE,,false,,,,,,,,,,,,,,503,COMMUNE DE RENNES,,PL  DE LA MAIRIE,35000,RENNES,21350238800019,35,Ille-et-Vilaine,2018-06-27,VALIDE,,,
2024-12-01,2024-12-01,3780,LA PAILLETTE,,Activé,5001,ROLE_SIB,77774969800034,35000,RENNES,Ille-et-Vilaine,Bretagne,52745,PLATESV-R-2020-009633,262490,/event_dates/901930,2024-06-01,CLOTURE,,false,,,,,,,,,,,,2868,ASS MJC LA PAILLETTE,9054,LA PAILLETTE,,2 RUE DU PRÉ DE BRIS,35000,RENNES,,35,Ille-et-Vilaine,2020-11-30,FUSIONNE,1551,89,
2025-02-04,2025-02-04,1416,COMMUNE DE BRUZ,LE GRAND LOGIS - VILLE DE BRUZ,Activé,1831,ROLE_SIB,21350047300151,35170,BRUZ,Ille-et-Vilaine,Bretagne,DOS20187008,1-1114454,386752,309,2025-09-01,CLOTURE,,false,,,,,,,,,,,,,,2089,COMMUNE DE BRUZ,,10  AV  DU GENERAL DE GAULLE,35170,BRUZ,21350047300151,35,Ille-et-Vilaine,2018-06-27,VALIDE,,,
2024-10-02,2024-10-02,1529,NORTON'S,CABARET MOUSTACHE,Activé,1939,ROLE_DECLARANT1,81970612800017,35136,SAINT-JACQUES-DE-LA-LANDE,Ille-et-Vilaine,Bretagne,DOS20179333,1-1110493,271178,,2023-01-10,CLOTURE,,false,,,,,,,,,,,,,,8973,CABARET MOUSTACHE,CABARET MOUSTACHE,7 PARC D'ACTIVITÉS DE L'ECOTAY,35410,NOUVOITOU,,35,Ille-et-Vilaine,2020-11-18,VALIDE,1939,5239,Adresse
2023-10-28,2023-10-28,2934,COMMUNE DE RENNES,OPERA DE RENNES,Activé,3842,ROLE_DECLARANT1,21350238800076,35000,RENNES,Ille-et-Vilaine,Bretagne,84250,PLATESV-R-2021-012024,244447,,2023-01-10,CLOTURE,,false,,,,,,,,,,,,,,503,COMMUNE DE RENNES,,PL  DE LA MAIRIE,35000,RENNES,21350238800019,35,Ille-et-Vilaine,2018-06-27,VALIDE,,,
2023-10-24,2023-10-24,3820,THEATRE L'AIRE LIBRE,,Activé,5626,ROLE_DECLARANT1,92262510800019,35136,SAINT-JACQUES-DE-LA-LANDE,Ille-et-Vilaine,Bretagne,,PLATESV-D-2023-000211,243045,,2023-09-30,CLOTURE,,false,,,2971,VIVANT.ES,SAINT-JACQUES-DE-LA-LANDE,35136,2023-10-19,VALIDE,5047,,,2807,L'AIRE LIBRE,18263,THÉÂTRE L'AIRE LIBRE,,2 PLACE JULES VALLÈS,35136,SAINT-JACQUES-DE-LA-LANDE,,35,Ille-et-Vilaine,2023-05-22,FUSIONNE,5047,,
2025-04-15,2025-04-15,3848,PARAPENTE,,Activé,5083,ROLE_DECLARANT1,79913195800024,35000,RENNES,Ille-et-Vilaine,Bretagne,65071,PLATESV-D-2021-001233,395744,,2025-08-01,CLOTURE,,false,,,,,,,,,,,,,,7644,THÉÂTRE BO SAINT MARTIN,Théâtre Bo Saint Martin,19 BOULEVARD SAINT-MARTIN,75003,PARIS,,75,Paris,2020-03-02,VALIDE,803,,
2024-06-01,2024-06-01,3284,COMEDIE DE RENNES,,Activé,4315,ROLE_SIB,90319904000010,35700,RENNES,Ille-et-Vilaine,Bretagne,,PLATESV-D-2022-003733,260036,/event_dates/1126407,2023-12-31,CLOTURE,,false,,,,,,,,,,,,,,14581,COMÉDIE DE RENNES,,31 RUE XAVIER GRALL,35700,RENNES,,35,Ille-et-Vilaine,2022-06-24,VALIDE,4314,,
2023-10-11,2023-10-11,1429,COMMUNE DE BETTON,Salle Confluence - Betton,Activé,1776,ROLE_DECLARANT1,21350024200259,35830,Betton,Ille-et-Vilaine,Bretagne,,PLATESV-R-2020-005656,246537,,2023-09-29,CLOTURE,,false,,,,,,,,,,,,,,8489,LA CONFLUENCE,,PLACE CHARLES DE GAULLE,35830,BETTON,,35,Ille-et-Vilaine,2020-09-22,VALIDE,1780,5238,
2023-10-28,2023-10-28,2934,COMMUNE DE RENNES,OPERA DE RENNES,Activé,3842,ROLE_DECLARANT1,21350238800076,35000,RENNES,Ille-et-Vilaine,Bretagne,84250,PLATESV-R-2021-012024,244444,,2023-09-29,CLOTURE,,false,,,,,,,,,,,,,,503,COMMUNE DE RENNES,,PL  DE LA MAIRIE,35000,RENNES,21350238800019,35,Ille-et-Vilaine,2018-06-27,VALIDE,,,
2024-02-01,2024-02-01,3284,COMEDIE DE RENNES,,Activé,4315,ROLE_SIB,90319904000010,35700,RENNES,Ille-et-Vilaine,Bretagne,,PLATESV-D-2022-003733,258757,/event_dates/1116866,2023-12-27,CLOTURE,,false,,,,,,,,,,,,,,14581,COMÉDIE DE RENNES,,31 RUE XAVIER GRALL,35700,RENNES,,35,Ille-et-Vilaine,2022-06-24,VALIDE,4314,,
2023-10-19,2023-10-19,3820,THEATRE L'AIRE LIBRE,,Activé,5047,ROLE_DECLARANT2,92262510800019,35136,SAINT-JACQUES-DE-LA-LANDE,Ille-et-Vilaine,Bretagne,,PLATESV-D-2023-000211,241797,,2023-09-29,CLOTURE,,false,,,2971,VIVANT.ES,SAINT-JACQUES-DE-LA-LANDE,35136,2023-10-19,VALIDE,5047,,,2807,L'AIRE LIBRE,8902,L'AIRE LIBRE,,2 PLACE JULES VALLÈS,35136,SAINT-JACQUES-DE-LA-LANDE,,35,Ille-et-Vilaine,2020-10-11,FUSIONNE,597,,
2024-01-19,2024-01-19,1291,ASSOCIATION LILLICO,,Activé,1551,ROLE_SIB,78975485000038,35000,RENNES,Ille-et-Vilaine,Bretagne,,PLATESV-D-2020-000183,266090,2174,2023-12-21,CLOTURE,,false,,,,,,,,,,,,,,16849,SALLE GUY ROPARTZ,,14 RUE GUY ROPARTZ,35700,RENNES,,35,Ille-et-Vilaine,2023-01-16,VALIDE,1551,,
2024-11-01,2024-11-01,3780,LA PAILLETTE,,Activé,5001,ROLE_SIB,77774969800034,35000,RENNES,Ille-et-Vilaine,Bretagne,52745,PLATESV-R-2020-009633,261822,/event_dates/890016,2023-12-21,CLOTURE,,false,,,,,,,,,,,,2868,ASS MJC LA PAILLETTE,9054,LA PAILLETTE,,2 RUE DU PRÉ DE BRIS,35000,RENNES,,35,Ille-et-Vilaine,2020-11-30,FUSIONNE,1551,89,
2024-03-01,2024-03-01,1416,COMMUNE DE BRUZ,LE GRAND LOGIS - VILLE DE BRUZ,Activé,1831,ROLE_SIB,21350047300151,35170,BRUZ,Ille-et-Vilaine,Bretagne,DOS20187008,1-1114454,259140,283,2023-12-21,CLOTURE,,false,,,,,,,,,,,,,,2089,COMMUNE DE BRUZ,,10  AV  DU GENERAL DE GAULLE,35170,BRUZ,21350047300151,35,Ille-et-Vilaine,2018-06-27,VALIDE,,,
2025-01-25,2025-01-25,2934,COMMUNE DE RENNES,OPERA DE RENNES,Activé,3842,ROLE_DECLARANT1,21350238800076,35000,RENNES,Ille-et-Vilaine,Bretagne,84250,PLATESV-R-2021-012024,360777,,2024-12-29,CLOTURE,,false,,,,,,,,,,,,,,503,COMMUNE DE RENNES,,PL  DE LA MAIRIE,35000,RENNES,21350238800019,35,Ille-et-Vilaine,2018-06-27,VALIDE,,,
2023-10-17,2023-10-17,3602,DANSE A TOUS LES ETAGES,DANSE A TOUS LES ETAGES CDCN RENNES,Activé,4750,ROLE_DECLARANT1,41281004600026,35000,RENNES,Ille-et-Vilaine,Bretagne,35367,PLATESV-D-2020-001650,240226,,2023-09-23,CLOTURE,,false,,,2290,Cap Danse,CONCARNEAU,29900,2022-11-18,VALIDE,4750,,,,,16230,CARRÉ DES LARRONS,,RUE DE L'EGLISE,29900,CONCARNEAU,,29,Finistère,2022-11-21,VALIDE,4750,5238,
2024-12-29,2024-12-29,3284,COMEDIE DE RENNES,,Activé,4315,ROLE_SIB,90319904000010,35700,RENNES,Ille-et-Vilaine,Bretagne,,PLATESV-D-2022-003733,352569,/event_dates/1844197,2024-12-23,CLOTURE,,false,,,,,,,,,,,,,,14581,COMÉDIE DE RENNES,,31 RUE XAVIER GRALL,35700,RENNES,,35,Ille-et-Vilaine,2022-06-24,VALIDE,4314,,
2024-12-28,2024-12-28,3284,COMEDIE DE RENNES,,Activé,4315,ROLE_SIB,90319904000010,35700,RENNES,Ille-et-Vilaine,Bretagne,,PLATESV-D-2022-003733,352507,/event_dates/1739169,2024-12-22,CLOTURE,,false,,,,,,,,,,,,,,14581,COMÉDIE DE RENNES,,31 RUE XAVIER GRALL,35700,RENNES,,35,Ille-et-Vilaine,2022-06-24,VALIDE,4314,,
2023-12-23,2023-12-23,3284,COMEDIE DE RENNES,,Activé,4315,ROLE_SIB,90319904000010,35700,RENNES,Ille-et-Vilaine,Bretagne,,PLATESV-D-2022-003733,257930,/event_dates/1148940,2023-12-17,CLOTURE,,false,,,,,,,,,,,,,,14581,COMÉDIE DE RENNES,,31 RUE XAVIER GRALL,35700,RENNES,,35,Ille-et-Vilaine,2022-06-24,VALIDE,4314,,
2023-10-17,2023-10-17,3602,DANSE A TOUS LES ETAGES,DANSE A TOUS LES ETAGES CDCN RENNES,Activé,4750,ROLE_DECLARANT1,41281004600026,35000,RENNES,Ille-et-Vilaine,Bretagne,35367,PLATESV-D-2020-001650,240135,,2023-09-20,CLOTURE,,false,,,2290,Cap Danse,CONCARNEAU,29900,2022-11-18,VALIDE,4750,,,,,6925,CAC,,10 BOULEVARD BOUGAINVILLE,29900,CONCARNEAU,,29,Finistère,2019-12-17,VALIDE,1037,,
2023-10-17,2023-10-17,3602,DANSE A TOUS LES ETAGES,DANSE A TOUS LES ETAGES CDCN RENNES,Activé,4750,ROLE_DECLARANT1,41281004600026,35000,RENNES,Ille-et-Vilaine,Bretagne,35367,PLATESV-D-2020-001650,240132,,2023-09-20,CLOTURE,,false,,,2290,Cap Danse,CONCARNEAU,29900,2022-11-18,VALIDE,4750,,,,,19691,ALBERTINE,,5  RUE  DES ECOLES,29900,CONCARNEAU,84891744900011,29,Finistère,2023-10-17,VALIDE,4750,,
2025-06-01,2025-06-01,1416,COMMUNE DE BRUZ,LE GRAND LOGIS - VILLE DE BRUZ,Activé,1831,ROLE_SIB,21350047300151,35170,BRUZ,Ille-et-Vilaine,Bretagne,DOS20187008,1-1114454,353771,336,2024-12-19,CLOTURE,,false,,,,,,,,,,,,,,2089,COMMUNE DE BRUZ,,10  AV  DU GENERAL DE GAULLE,35170,BRUZ,21350047300151,35,Ille-et-Vilaine,2018-06-27,VALIDE,,,
2025-06-01,2025-06-01,1416,COMMUNE DE BRUZ,LE GRAND LOGIS - VILLE DE BRUZ,Activé,1831,ROLE_SIB,21350047300151,35170,BRUZ,Ille-et-Vilaine,Bretagne,DOS20187008,1-1114454,353769,334,2024-12-19,CLOTURE,,false,,,,,,,,,,,,,,2089,COMMUNE DE BRUZ,,10  AV  DU GENERAL DE GAULLE,35170,BRUZ,21350047300151,35,Ille-et-Vilaine,2018-06-27,VALIDE,,,
2025-05-02,2025-05-02,176,ANTIPODE MJC RENNES,ANTIPODE,Activé,3639,ROLE_SIB,77774999500018,35000,RENNES,Ille-et-Vilaine,Bretagne,,3-1019092,366271,declaration_275_2024_4,2024-12-18,CLOTURE,,false,,,,,,,,,,,,,,13768,ANTIPODE,Antipode - PARVIS AGNÈS VARDA,75 AVENUE JULES MANIEZ,35000,RENNES,,35,Ille-et-Vilaine,2022-05-04,VALIDE,3639,5238,
2024-12-24,2024-12-24,3284,COMEDIE DE RENNES,,Activé,4315,ROLE_SIB,90319904000010,35700,RENNES,Ille-et-Vilaine,Bretagne,,PLATESV-D-2022-003733,352126,/event_dates/1459489,2024-12-18,CLOTURE,,false,,,,,,,,,,,,,,14581,COMÉDIE DE RENNES,,31 RUE XAVIER GRALL,35700,RENNES,,35,Ille-et-Vilaine,2022-06-24,VALIDE,4314,,
2024-12-24,2024-12-24,3284,COMEDIE DE RENNES,,Activé,4315,ROLE_SIB,90319904000010,35700,RENNES,Ille-et-Vilaine,Bretagne,,PLATESV-D-2022-003733,352108,/event_dates/1816785,2024-12-18,CLOTURE,,false,,,,,,,,,,,,,,14581,COMÉDIE DE RENNES,,31 RUE XAVIER GRALL,35700,RENNES,,35,Ille-et-Vilaine,2022-06-24,VALIDE,4314,,
2024-03-14,2024-03-14,3063,LE GRAND CORDEL MAISON DES JEUNES ET DE LA CULTURE,Association,Activé,5994,ROLE_DECLARANT2,77774992000024,35700,RENNES,Ille-et-Vilaine,Bretagne,DOS20196625,1-1039842,279415,,2023-09-15,CLOTURE,,false,,,,,,,,,,,,,,3354,LE GRAND CORDEL MAISON DES JEUNES ET DE LA CULTURE,,18  RUE  DES PLANTES,35700,RENNES,77774992000024,35,Ille-et-Vilaine,2018-06-27,VALIDE,,,
2023-12-16,2023-12-16,1584,ORCHESTRE NATIONAL DE BRETAGNE,ORCHESTRE NATIONAL DE BRETAGNE,Activé,5671,ROLE_DECLARANT2,35010209100021,35000,RENNES,Ille-et-Vilaine,Bretagne,DOS20183137,2-1054646,255393,,2023-12-14,CLOTURE,,false,,,,,,,,,,,,,,9345,OPÉRA DE RENNES,Opéra de Rennes,PLACE DE LA MAIRIE,35000,RENNES,,35,Ille-et-Vilaine,2021-06-01,VALIDE,2015,89,Adresse
2025-03-31,2025-03-31,2641,MAISON DES JEUNES ET CULTURE DE PACE,,Activé,3356,ROLE_SIB,30593736900026,35740,PACE,Ille-et-Vilaine,Bretagne,31372,PLATESV-R-2020-000949,384569,224,2024-12-15,CLOTURE,,false,,,,,,,,,,,,,,11393,ESCAPADE,,6 AVENUE CHARLES LE GOFFIC,35740,PACÉ,,35,Ille-et-Vilaine,2021-09-24,VALIDE,3356,5239,
2023-12-16,2023-12-16,1584,ORCHESTRE NATIONAL DE BRETAGNE,ORCHESTRE NATIONAL DE BRETAGNE,Activé,5671,ROLE_DECLARANT2,35010209100021,35000,RENNES,Ille-et-Vilaine,Bretagne,DOS20183137,2-1054646,255390,,2023-12-13,CLOTURE,,false,,,,,,,,,,,,,,9345,OPÉRA DE RENNES,Opéra de Rennes,PLACE DE LA MAIRIE,35000,RENNES,,35,Ille-et-Vilaine,2021-06-01,VALIDE,2015,89,Adresse
2024-12-21,2024-12-21,1291,ASSOCIATION LILLICO,,Activé,6234,ROLE_SIB,78975485000038,35000,RENNES,Ille-et-Vilaine,Bretagne,,PLATESV-D-2020-000183,351732,/event_dates/1492739,2024-12-15,CLOTURE,,false,,,,,,,,,,,,,,16849,SALLE GUY ROPARTZ,,14 RUE GUY ROPARTZ,35700,RENNES,,35,Ille-et-Vilaine,2023-01-16,VALIDE,1551,,
2024-12-21,2024-12-21,1291,ASSOCIATION LILLICO,,Activé,6234,ROLE_SIB,78975485000038,35000,RENNES,Ille-et-Vilaine,Bretagne,,PLATESV-D-2020-000183,351731,/event_dates/1492732,2024-12-15,CLOTURE,,false,,,,,,,,,,,,,,16849,SALLE GUY ROPARTZ,,14 RUE GUY ROPARTZ,35700,RENNES,,35,Ille-et-Vilaine,2023-01-16,VALIDE,1551,,
2025-12-05,2025-12-05,176,ANTIPODE MJC RENNES,ANTIPODE,Activé,3639,ROLE_SIB,77774999500018,35000,RENNES,Ille-et-Vilaine,Bretagne,,3-1019092,403931,declaration_289_2024_4,2024-12-14,CLOTURE,,false,,,,,,,,,,,,,,13768,ANTIPODE,Antipode - PARVIS AGNÈS VARDA,75 AVENUE JULES MANIEZ,35000,RENNES,,35,Ille-et-Vilaine,2022-05-04,VALIDE,3639,5238,
2025-01-20,2025-01-20,654,CENTRE CHOREGRAPHIQUE NATIONAL DE RENNES ET DE BRETAGNE,FAIRE CCN RENNES,Activé,689,ROLE_DECLARANT1,31464796700020,35000,RENNES,Ille-et-Vilaine,Bretagne,DOS20181231,1-1110488,359105,,2024-08-10,CLOTURE,,false,,,,,,,,,,,,,,5794,CCNRB,,38 RUE SAINT MELAINE CS 20831,35108,RENNES CEDEX,31464796700020,35,Ille-et-Vilaine,2019-02-26,VALIDE,,,
2024-02-12,2024-02-12,2761,LE GRAND SOUFFLET,Association,Activé,3559,ROLE_DECLARANT1,41896721200022,35131,CHARTRES-DE-BRETAGNE,Ille-et-Vilaine,Bretagne,DOS20197698,2-1123292,345162,,2024-06-10,CLOTURE,,true,,,705,LE GRAND SOUFFLET,RENNES,35000,2019-10-17,VALIDE,366,,,,,12654,CHAPITEAU PARC DU THABOR,,PLACE SAINT-MELAINE,35000,RENNES,,35,Ille-et-Vilaine,2021-12-13,VALIDE,3559,,
2024-10-15,2024-10-15,3163,3 P'TIT TOUR,,Activé,4142,ROLE_DECLARANT1,41013812700015,35000,RENNES,Ille-et-Vilaine,Bretagne,DOS20196449,3-1006236,334084,,2024-04-10,CLOTURE,,false,,,,,,,,,,,,,,7843,UBU,,1 RUE SAINT-HÉLIER,35000,RENNES,,35,Ille-et-Vilaine,2020-02-26,VALIDE,597,,
2024-10-10,2024-10-10,3780,LA PAILLETTE,,Activé,5001,ROLE_SIB,77774969800034,35000,RENNES,Ille-et-Vilaine,Bretagne,52745,PLATESV-R-2020-009633,331457,/event_dates/1397245,2024-04-10,CLOTURE,,false,,,,,,,,,,,,2868,ASS MJC LA PAILLETTE,9054,LA PAILLETTE,,2 RUE DU PRÉ DE BRIS,35000,RENNES,,35,Ille-et-Vilaine,2020-11-30,FUSIONNE,1551,89,
2024-02-12,2024-02-12,2761,LE GRAND SOUFFLET,Association,Activé,3559,ROLE_DECLARANT1,41896721200022,35131,CHARTRES-DE-BRETAGNE,Ille-et-Vilaine,Bretagne,DOS20197698,2-1123292,345146,,2024-03-10,CLOTURE,,false,,,705,LE GRAND SOUFFLET,RENNES,35000,2019-10-17,VALIDE,366,,,,,12654,CHAPITEAU PARC DU THABOR,,PLACE SAINT-MELAINE,35000,RENNES,,35,Ille-et-Vilaine,2021-12-13,VALIDE,3559,,
2025-06-01,2025-06-01,572,CENTRE CULTUREL TRIANGLE,LE TRIANGLE,Activé,631,ROLE_DECLARANT1,32327735000035,35200,RENNES,Ille-et-Vilaine,Bretagne,,3-1014237,354092,,2024-03-10,CLOTURE,,false,,,,,,,,,,,,,,2390,CENTRE CULTUREL TRIANGLE,,BD  DE YOUGOSLAVIE,35200,RENNES,32327735000035,35,Ille-et-Vilaine,2018-06-27,VALIDE,,,
2024-11-26,2024-11-26,3602,DANSE A TOUS LES ETAGES,DANSE A TOUS LES ETAGES CDCN RENNES,Activé,4750,ROLE_DECLARANT1,41281004600026,35000,RENNES,Ille-et-Vilaine,Bretagne,35367,PLATESV-D-2020-001650,343913,,2024-09-29,CLOTURE,,false,,,2290,Cap Danse,CONCARNEAU,29900,2022-11-18,VALIDE,4750,,,,,13222,LE STERENN,,RUE JACQUES PRÉVERT,29910,TRÉGUNC,,29,Finistère,2022-01-24,VALIDE,1037,5238,Adresse
2025-06-27,2025-06-27,3780,LA PAILLETTE,,Activé,5001,ROLE_SIB,77774969800034,35000,RENNES,Ille-et-Vilaine,Bretagne,52745,PLATESV-R-2020-009633,415607,/event_dates/1953691,2025-06-21,CLOTURE,,false,,,,,,,,,,,,2868,ASS MJC LA PAILLETTE,9054,LA PAILLETTE,,2 RUE DU PRÉ DE BRIS,35000,RENNES,,35,Ille-et-Vilaine,2020-11-30,FUSIONNE,1551,89,
2024-05-11,2024-05-11,3820,THEATRE L'AIRE LIBRE,,Activé,5626,ROLE_DECLARANT1,92262510800019,35136,SAINT-JACQUES-DE-LA-LANDE,Ille-et-Vilaine,Bretagne,,PLATESV-D-2023-000211,339086,,2024-09-28,CLOTURE,,false,,,2971,VIVANT.ES,SAINT-JACQUES-DE-LA-LANDE,35136,2023-10-19,VALIDE,5047,,,2807,L'AIRE LIBRE,18263,THÉÂTRE L'AIRE LIBRE,,2 PLACE JULES VALLÈS,35136,SAINT-JACQUES-DE-LA-LANDE,,35,Ille-et-Vilaine,2023-05-22,FUSIONNE,5047,,
2024-05-11,2024-05-11,3820,THEATRE L'AIRE LIBRE,,Activé,5626,ROLE_DECLARANT1,92262510800019,35136,SAINT-JACQUES-DE-LA-LANDE,Ille-et-Vilaine,Bretagne,,PLATESV-D-2023-000211,339083,,2024-09-28,CLOTURE,,false,,,2971,VIVANT.ES,SAINT-JACQUES-DE-LA-LANDE,35136,2023-10-19,VALIDE,5047,,,2807,L'AIRE LIBRE,18263,THÉÂTRE L'AIRE LIBRE,,2 PLACE JULES VALLÈS,35136,SAINT-JACQUES-DE-LA-LANDE,,35,Ille-et-Vilaine,2023-05-22,FUSIONNE,5047,,
2024-10-16,2024-10-16,2934,COMMUNE DE RENNES,OPERA DE RENNES,Activé,3842,ROLE_DECLARANT1,21350238800076,35000,RENNES,Ille-et-Vilaine,Bretagne,84250,PLATESV-R-2021-012024,335694,,2024-09-28,CLOTURE,,false,,,,,,,,,,,,,,503,COMMUNE DE RENNES,,PL  DE LA MAIRIE,35000,RENNES,21350238800019,35,Ille-et-Vilaine,2018-06-27,VALIDE,,,
2024-05-11,2024-05-11,3820,THEATRE L'AIRE LIBRE,,Activé,5626,ROLE_DECLARANT1,92262510800019,35136,SAINT-JACQUES-DE-LA-LANDE,Ille-et-Vilaine,Bretagne,,PLATESV-D-2023-000211,339078,,2024-09-28,CLOTURE,,false,,,2971,VIVANT.ES,SAINT-JACQUES-DE-LA-LANDE,35136,2023-10-19,VALIDE,5047,,,2807,L'AIRE LIBRE,18263,THÉÂTRE L'AIRE LIBRE,,2 PLACE JULES VALLÈS,35136,SAINT-JACQUES-DE-LA-LANDE,,35,Ille-et-Vilaine,2023-05-22,FUSIONNE,5047,,
2025-06-23,2025-06-23,3284,COMEDIE DE RENNES,,Activé,4315,ROLE_SIB,90319904000010,35700,RENNES,Ille-et-Vilaine,Bretagne,,PLATESV-D-2022-003733,414337,/event_dates/1988414,2025-06-17,CLOTURE,,false,,,,,,,,,,,,,,14581,COMÉDIE DE RENNES,,31 RUE XAVIER GRALL,35700,RENNES,,35,Ille-et-Vilaine,2022-06-24,VALIDE,4314,,
2024-10-16,2024-10-16,542,ASSOCIATION TRANS MUSICALES,ATM,Activé,597,ROLE_DECLARANT1,33886426700020,35000,RENNES,Ille-et-Vilaine,Bretagne,,3-1032090,335499,,2024-09-27,CLOTURE,,false,,,,,,,,,,,,,,5761,UBU,,10/12 RUE JEAN GUY CS 73912,35039,RENNES CEDEX,33886426700020,35,Ille-et-Vilaine,2019-02-21,VALIDE,,,
2025-03-02,2025-03-02,1125,CARTEL CONCERTS,,Activé,1278,ROLE_DECLARANT1,80023696000038,35200,RENNES,Ille-et-Vilaine,Bretagne,DOS20168997,3-1072466,365346,,2024-09-27,CLOTURE,,false,,,,,,,,,,,,18106,LE 4 BIS,16451,LE 4BIS,,4BIS COURS DES ALLIÉS,35000,RENNES,,35,Ille-et-Vilaine,2022-12-14,FUSIONNE,967,,
2024-05-11,2024-05-11,3820,THEATRE L'AIRE LIBRE,,Activé,5626,ROLE_DECLARANT1,92262510800019,35136,SAINT-JACQUES-DE-LA-LANDE,Ille-et-Vilaine,Bretagne,,PLATESV-D-2023-000211,339021,,2024-09-27,CLOTURE,,false,,,2971,VIVANT.ES,SAINT-JACQUES-DE-LA-LANDE,35136,2023-10-19,VALIDE,5047,,,2807,L'AIRE LIBRE,18263,THÉÂTRE L'AIRE LIBRE,,2 PLACE JULES VALLÈS,35136,SAINT-JACQUES-DE-LA-LANDE,,35,Ille-et-Vilaine,2023-05-22,FUSIONNE,5047,,
2024-05-11,2024-05-11,3820,THEATRE L'AIRE LIBRE,,Activé,5626,ROLE_DECLARANT1,92262510800019,35136,SAINT-JACQUES-DE-LA-LANDE,Ille-et-Vilaine,Bretagne,,PLATESV-D-2023-000211,339076,,2024-09-27,CLOTURE,,false,,,2971,VIVANT.ES,SAINT-JACQUES-DE-LA-LANDE,35136,2023-10-19,VALIDE,5047,,,2807,L'AIRE LIBRE,18263,THÉÂTRE L'AIRE LIBRE,,2 PLACE JULES VALLÈS,35136,SAINT-JACQUES-DE-LA-LANDE,,35,Ille-et-Vilaine,2023-05-22,FUSIONNE,5047,,
2025-07-15,2025-07-15,5466,COMMUNE DE SAINT GILLES,MAIRIE,Activé,7301,ROLE_SIB,21350275000085,35590,SAINT-GILLES,Ille-et-Vilaine,Bretagne,PLATESV-R-2020-005381,PLATESV-R-2020-005381,420224,124,2024-09-24,CLOTURE,,false,,,,,,,,,,,,,,25782,LE SABOT D'OR,,LE PONT HAZARD,35590,SAINT-GILLES,,35,Ille-et-Vilaine,2025-04-29,VALIDE,7301,,
2023-12-19,2023-12-19,176,ANTIPODE MJC RENNES,ANTIPODE,Activé,3639,ROLE_SIB,77774999500018,35000,RENNES,Ille-et-Vilaine,Bretagne,,3-1019092,256380,event_534,2023-07-10,CLOTURE,,true,,,,,,,,,,,,,,13768,ANTIPODE,Antipode - PARVIS AGNÈS VARDA,75 AVENUE JULES MANIEZ,35000,RENNES,,35,Ille-et-Vilaine,2022-05-04,VALIDE,3639,5238,
2023-10-13,2023-10-13,3284,COMEDIE DE RENNES,,Activé,4315,ROLE_SIB,90319904000010,35700,RENNES,Ille-et-Vilaine,Bretagne,,PLATESV-D-2022-003733,238813,/event_dates/1050470,2023-07-10,CLOTURE,,false,,,,,,,,,,,,,,14581,COMÉDIE DE RENNES,,31 RUE XAVIER GRALL,35700,RENNES,,35,Ille-et-Vilaine,2022-06-24,VALIDE,4314,,
2024-10-16,2024-10-16,2934,COMMUNE DE RENNES,OPERA DE RENNES,Activé,3842,ROLE_DECLARANT1,21350238800076,35000,RENNES,Ille-et-Vilaine,Bretagne,84250,PLATESV-R-2021-012024,335591,,2024-09-21,CLOTURE,,false,,,,,,,,,,,,,,503,COMMUNE DE RENNES,,PL  DE LA MAIRIE,35000,RENNES,21350238800019,35,Ille-et-Vilaine,2018-06-27,VALIDE,,,
2023-10-23,2023-10-23,2761,LE GRAND SOUFFLET,Association,Activé,3559,ROLE_DECLARANT1,41896721200022,35131,CHARTRES-DE-BRETAGNE,Ille-et-Vilaine,Bretagne,DOS20197698,2-1123292,242389,,2023-06-10,CLOTURE,,false,,,705,LE GRAND SOUFFLET,RENNES,35000,2019-10-17,VALIDE,366,,,,,12654,CHAPITEAU PARC DU THABOR,,PLACE SAINT-MELAINE,35000,RENNES,,35,Ille-et-Vilaine,2021-12-13,VALIDE,3559,,
2023-10-23,2023-10-23,2761,LE GRAND SOUFFLET,Association,Activé,3559,ROLE_DECLARANT1,41896721200022,35131,CHARTRES-DE-BRETAGNE,Ille-et-Vilaine,Bretagne,DOS20197698,2-1123292,242387,,2023-05-10,CLOTURE,,false,,,705,LE GRAND SOUFFLET,RENNES,35000,2019-10-17,VALIDE,366,,,,,12654,CHAPITEAU PARC DU THABOR,,PLACE SAINT-MELAINE,35000,RENNES,,35,Ille-et-Vilaine,2021-12-13,VALIDE,3559,,
2023-10-10,2023-10-10,3284,COMEDIE DE RENNES,,Activé,4315,ROLE_SIB,90319904000010,35700,RENNES,Ille-et-Vilaine,Bretagne,,PLATESV-D-2022-003733,238073,/event_dates/755926,2023-04-10,CLOTURE,,false,,,,,,,,,,,,,,14581,COMÉDIE DE RENNES,,31 RUE XAVIER GRALL,35700,RENNES,,35,Ille-et-Vilaine,2022-06-24,VALIDE,4314,,
2024-06-21,2024-06-21,3848,PARAPENTE,,Activé,5083,ROLE_DECLARANT1,79913195800024,35000,RENNES,Ille-et-Vilaine,Bretagne,65071,PLATESV-D-2021-001233,310463,,2023-03-10,CLOTURE,,false,,,,,,,,,,,,,,14482,THÉÂTRE LE MÉTROPOLE,Théâtre le Métropole,39 RUE DU SENTIER,75002,PARIS,,75,Paris,2022-06-17,VALIDE,4286,,
2024-11-27,2024-11-27,176,ANTIPODE MJC RENNES,ANTIPODE,Activé,3639,ROLE_SIB,77774999500018,35000,RENNES,Ille-et-Vilaine,Bretagne,,3-1019092,344205,event_581,2024-12-09,CLOTURE,,false,,,,,,,,,,,,,,13768,ANTIPODE,Antipode - PARVIS AGNÈS VARDA,75 AVENUE JULES MANIEZ,35000,RENNES,,35,Ille-et-Vilaine,2022-05-04,VALIDE,3639,5238,
2023-10-19,2023-10-19,3820,THEATRE L'AIRE LIBRE,,Activé,5047,ROLE_DECLARANT2,92262510800019,35136,SAINT-JACQUES-DE-LA-LANDE,Ille-et-Vilaine,Bretagne,,PLATESV-D-2023-000211,241896,,2023-09-29,CLOTURE,,false,,,2971,VIVANT.ES,SAINT-JACQUES-DE-LA-LANDE,35136,2023-10-19,VALIDE,5047,,,2807,L'AIRE LIBRE,8902,L'AIRE LIBRE,,2 PLACE JULES VALLÈS,35136,SAINT-JACQUES-DE-LA-LANDE,,35,Ille-et-Vilaine,2020-10-11,FUSIONNE,597,,
2023-12-16,2023-12-16,1584,ORCHESTRE NATIONAL DE BRETAGNE,ORCHESTRE NATIONAL DE BRETAGNE,Activé,5671,ROLE_DECLARANT2,35010209100021,35000,RENNES,Ille-et-Vilaine,Bretagne,DOS20183137,2-1054646,255394,,2023-09-28,CLOTURE,,false,,,,,,,,,,,,,,5834,Le Triangle,,BOULEVARD DE YOUGOSLAVIE - BP 2236,35022,RENNES CEDEX 2,32327735000035,35,Ille-et-Vilaine,2019-02-27,VALIDE,,,
2024-08-28,2024-08-28,3284,COMEDIE DE RENNES,,Activé,4315,ROLE_SIB,90319904000010,35700,RENNES,Ille-et-Vilaine,Bretagne,,PLATESV-D-2022-003733,325216,/event_dates/1409894,2024-08-22,CLOTURE,,false,,,,,,,,,,,,,,14581,COMÉDIE DE RENNES,,31 RUE XAVIER GRALL,35700,RENNES,,35,Ille-et-Vilaine,2022-06-24,VALIDE,4314,,
2024-08-28,2024-08-28,4178,ASSOCIATION LA PART BELLE,,Activé,5580,ROLE_DECLARANT1,84785758800010,35000,RENNES,Ille-et-Vilaine,Bretagne,DOS20195192,2-1123243,325295,,2024-08-20,CLOTURE,,false,,,,,,,,,,,,,,19608,DOMAINE DE KERLEVENAN,,LIEU DIT KERLEVENAN,56370,SARZEAU,,56,Morbihan,2023-10-13,VALIDE,5580,,
2023-10-17,2023-10-17,3602,DANSE A TOUS LES ETAGES,DANSE A TOUS LES ETAGES CDCN RENNES,Activé,4750,ROLE_DECLARANT1,41281004600026,35000,RENNES,Ille-et-Vilaine,Bretagne,35367,PLATESV-D-2020-001650,240258,,2023-09-24,CLOTURE,,false,,,2290,Cap Danse,CONCARNEAU,29900,2022-11-18,VALIDE,4750,,,,,16234,KERSIDAN LES BRIGANTINES,,KERSIDAN LES BRIGANTINES,29910,TRÉGUNC,,29,Finistère,2022-11-21,VALIDE,4750,5238,Adresse
2023-10-17,2023-10-17,3602,DANSE A TOUS LES ETAGES,DANSE A TOUS LES ETAGES CDCN RENNES,Activé,4750,ROLE_DECLARANT1,41281004600026,35000,RENNES,Ille-et-Vilaine,Bretagne,35367,PLATESV-D-2020-001650,240143,,2023-09-22,CLOTURE,,false,,,2290,Cap Danse,CONCARNEAU,29900,2022-11-18,VALIDE,4750,,,,,6925,CAC,,10 BOULEVARD BOUGAINVILLE,29900,CONCARNEAU,,29,Finistère,2019-12-17,VALIDE,1037,,
2023-10-17,2023-10-17,3602,DANSE A TOUS LES ETAGES,DANSE A TOUS LES ETAGES CDCN RENNES,Activé,4750,ROLE_DECLARANT1,41281004600026,35000,RENNES,Ille-et-Vilaine,Bretagne,35367,PLATESV-D-2020-001650,240150,,2023-09-22,CLOTURE,,false,,,2290,Cap Danse,CONCARNEAU,29900,2022-11-18,VALIDE,4750,,,,,10299,COLLÈGE LE PORZOU,,1 COURS CHARLEMAGNE,29900,CONCARNEAU,,29,Finistère,2021-06-15,VALIDE,1037,,
2023-12-16,2023-12-16,1584,ORCHESTRE NATIONAL DE BRETAGNE,ORCHESTRE NATIONAL DE BRETAGNE,Activé,5671,ROLE_DECLARANT2,35010209100021,35000,RENNES,Ille-et-Vilaine,Bretagne,DOS20183137,2-1054646,255386,,2023-09-14,CLOTURE,,false,,,,,,,,,,,,,,9526,COUVENT DES JACOBINS,Couvent des Jacobins - Centre des Congrès de Rennes Métropole,20 PLACE SAINTE-ANNE,35000,RENNES,,35,Ille-et-Vilaine,2021-01-22,VALIDE,2015,,
2023-09-16,2023-09-16,3284,COMEDIE DE RENNES,,Activé,4315,ROLE_SIB,90319904000010,35700,RENNES,Ille-et-Vilaine,Bretagne,,PLATESV-D-2022-003733,234622,/event_dates/727380,2023-10-09,CLOTURE,,false,,,,,,,,,,,,,,14581,COMÉDIE DE RENNES,,31 RUE XAVIER GRALL,35700,RENNES,,35,Ille-et-Vilaine,2022-06-24,VALIDE,4314,,
2025-11-07,2025-11-07,1291,ASSOCIATION LILLICO,,Activé,6234,ROLE_SIB,78975485000038,35000,RENNES,Ille-et-Vilaine,Bretagne,,PLATESV-D-2020-000183,419686,/event_dates/1493222,2025-01-04,CLOTURE,,false,,,,,,,,,,,,,,23993,ESPACE SOCIAL COMMUN SIMONE IFF,Salle polyvalente,12BIS RUE GUY ROPARTZ,35700,RENNES,,35,Ille-et-Vilaine,2024-12-17,VALIDE,1544,,
2023-09-14,2023-09-14,3284,COMEDIE DE RENNES,,Activé,4315,ROLE_SIB,90319904000010,35700,RENNES,Ille-et-Vilaine,Bretagne,,PLATESV-D-2022-003733,234210,/event_dates/727366,2023-08-09,CLOTURE,,false,,,,,,,,,,,,,,14581,COMÉDIE DE RENNES,,31 RUE XAVIER GRALL,35700,RENNES,,35,Ille-et-Vilaine,2022-06-24,VALIDE,4314,,
2023-10-13,2023-12-21,4178,ASSOCIATION LA PART BELLE,,Activé,5580,ROLE_DECLARANT1,84785758800010,35000,RENNES,Ille-et-Vilaine,Bretagne,DOS20195192,2-1123243,238858,,2023-07-09,CLOTURE,,false,,,2929,FESTIVAL LA P'ART BELLE,SÉNÉ,56860,2023-10-13,VALIDE,5580,,,,,19609,THÉÂTRE DE VERDURE,,THÉÂTRE DE VERDURE,56860,SÉNÉ,,56,Morbihan,2023-10-13,VALIDE,5580,5239,Adresse
2025-07-04,2025-07-04,542,ASSOCIATION TRANS MUSICALES,ATM,Activé,597,ROLE_DECLARANT1,33886426700020,35000,RENNES,Ille-et-Vilaine,Bretagne,,3-1032090,388871,,2025-03-30,CLOTURE,,false,,,,,,,,,,,,,,7843,UBU,,1 RUE SAINT-HÉLIER,35000,RENNES,,35,Ille-et-Vilaine,2020-02-26,VALIDE,597,,
2025-09-04,2025-09-04,3063,LE GRAND CORDEL MAISON DES JEUNES ET DE LA CULTURE,Association,Activé,5994,ROLE_DECLARANT2,77774992000024,35700,RENNES,Ille-et-Vilaine,Bretagne,DOS20196625,1-1039842,389818,,2025-03-29,CLOTURE,,false,,,4283,FESTIVAL ECRIRE ET DIRE,RENNES,35700,2025-08-04,VALIDE,5994,,,,,3354,LE GRAND CORDEL MAISON DES JEUNES ET DE LA CULTURE,,18  RUE  DES PLANTES,35700,RENNES,77774992000024,35,Ille-et-Vilaine,2018-06-27,VALIDE,,,
2025-04-15,2025-04-15,3820,THEATRE L'AIRE LIBRE,,Activé,5626,ROLE_DECLARANT1,92262510800019,35136,SAINT-JACQUES-DE-LA-LANDE,Ille-et-Vilaine,Bretagne,,PLATESV-D-2023-000211,394215,,2025-03-29,CLOTURE,,false,,,3306,BAL,SAINT-JACQUES-DE-LA-LANDE,35136,2024-11-04,VALIDE,5626,,,2807,L'AIRE LIBRE,18263,THÉÂTRE L'AIRE LIBRE,,2 PLACE JULES VALLÈS,35136,SAINT-JACQUES-DE-LA-LANDE,,35,Ille-et-Vilaine,2023-05-22,FUSIONNE,5047,,
2025-03-31,2025-03-31,572,CENTRE CULTUREL TRIANGLE,LE TRIANGLE,Activé,631,ROLE_DECLARANT1,32327735000035,35200,RENNES,Ille-et-Vilaine,Bretagne,,3-1014237,384467,,2025-03-29,CLOTURE,,false,,,,,,,,,,,,,,2390,CENTRE CULTUREL TRIANGLE,,BD  DE YOUGOSLAVIE,35200,RENNES,32327735000035,35,Ille-et-Vilaine,2018-06-27,VALIDE,,,
2025-02-04,2025-02-04,1584,ORCHESTRE NATIONAL DE BRETAGNE,ORCHESTRE NATIONAL DE BRETAGNE,Activé,5671,ROLE_DECLARANT2,35010209100021,35000,RENNES,Ille-et-Vilaine,Bretagne,DOS20183137,2-1054646,386111,,2025-03-29,CLOTURE,,false,,,,,,,,,,,,,,9345,OPÉRA DE RENNES,Opéra de Rennes,PLACE DE LA MAIRIE,35000,RENNES,,35,Ille-et-Vilaine,2021-06-01,VALIDE,2015,89,Adresse
2025-02-04,2025-02-04,1202,COMMUNE DE SAINT GREGOIRE,MAIRIE,Activé,4979,ROLE_SIB,21350278400019,35760,SAINT-GREGOIRE,Ille-et-Vilaine,Bretagne,DOS20192051,3-1119456,386341,12,2025-03-28,CLOTURE,,false,,,,,,,,,,,,,,17611,IMAGE ET SON,,PLACE DU CHAMP MARQUÉ,35760,SAINT-GRÉGOIRE,,35,Ille-et-Vilaine,2023-03-15,VALIDE,4979,5238,
2025-02-04,2025-02-04,1416,COMMUNE DE BRUZ,LE GRAND LOGIS - VILLE DE BRUZ,Activé,1831,ROLE_SIB,21350047300151,35170,BRUZ,Ille-et-Vilaine,Bretagne,DOS20187008,1-1114454,386766,340,2025-03-27,CLOTURE,,false,,,,,,,,,,,,,,2089,COMMUNE DE BRUZ,,10  AV  DU GENERAL DE GAULLE,35170,BRUZ,21350047300151,35,Ille-et-Vilaine,2018-06-27,VALIDE,,,
2025-02-04,2025-02-04,2934,COMMUNE DE RENNES,OPERA DE RENNES,Activé,3842,ROLE_DECLARANT1,21350238800076,35000,RENNES,Ille-et-Vilaine,Bretagne,84250,PLATESV-R-2021-012024,386157,,2025-03-27,CLOTURE,,false,,,,,,,,,,,,,,503,COMMUNE DE RENNES,,PL  DE LA MAIRIE,35000,RENNES,21350238800019,35,Ille-et-Vilaine,2018-06-27,VALIDE,,,
2025-08-04,2025-09-04,3063,LE GRAND CORDEL MAISON DES JEUNES ET DE LA CULTURE,Association,Activé,5994,ROLE_DECLARANT2,77774992000024,35700,RENNES,Ille-et-Vilaine,Bretagne,DOS20196625,1-1039842,389418,,2025-03-26,CLOTURE,,false,,,4283,FESTIVAL ECRIRE ET DIRE,RENNES,35700,2025-08-04,VALIDE,5994,,,,,25438,LIBRAIRIE L'ASTROLABE,,20 PLACE LUCIE ET RAYMOND AUBRAC,35700,RENNES,,35,Ille-et-Vilaine,2025-09-04,VALIDE,5994,,
2025-08-04,2025-08-04,3063,LE GRAND CORDEL MAISON DES JEUNES ET DE LA CULTURE,Association,Activé,5994,ROLE_DECLARANT2,77774992000024,35700,RENNES,Ille-et-Vilaine,Bretagne,DOS20196625,1-1039842,389413,,2025-03-26,CLOTURE,,false,,,4283,FESTIVAL ECRIRE ET DIRE,RENNES,35700,2025-08-04,VALIDE,5994,,,,,25432,LIBRAIRIE LA RENCONTRE,,8 RUE GEORGES CHARPAK,35000,RENNES,,35,Ille-et-Vilaine,2025-08-04,VALIDE,5994,,
2024-06-28,2024-06-28,542,ASSOCIATION TRANS MUSICALES,ATM,Activé,597,ROLE_DECLARANT1,33886426700020,35000,RENNES,Ille-et-Vilaine,Bretagne,,3-1032090,311839,,2024-06-26,CLOTURE,,false,,,,,,,,,,,,,,5761,UBU,,10/12 RUE JEAN GUY CS 73912,35039,RENNES CEDEX,33886426700020,35,Ille-et-Vilaine,2019-02-21,VALIDE,,,
2025-03-13,2025-03-13,5328,ASSOCIATION FIGURE PROJECT,FIGURE PROJECT,Activé,7123,ROLE_DECLARANT1,50842428000032,35200,RENNES,Ille-et-Vilaine,Bretagne,PLATESV-R-2021-014531,PLATESV-R-2021-014531,378484,,2024-06-23,CLOTURE,,false,,,4222,EXTENSION SAUVAGE,COMBOURG,35270,2025-03-13,VALIDE,7123,,,,,25193,CHATEAU DE LA BALLUE,,LA BALLUE,35560,BAZOUGES-LA-PÉROUSE,,35,Ille-et-Vilaine,2025-03-13,VALIDE,7123,,
2024-06-28,2024-06-28,3284,COMEDIE DE RENNES,,Activé,4315,ROLE_SIB,90319904000010,35700,RENNES,Ille-et-Vilaine,Bretagne,,PLATESV-D-2022-003733,311576,/event_dates/1409110,2024-06-22,CLOTURE,,false,,,,,,,,,,,,,,14581,COMÉDIE DE RENNES,,31 RUE XAVIER GRALL,35700,RENNES,,35,Ille-et-Vilaine,2022-06-24,VALIDE,4314,,
2024-09-07,2024-09-07,3780,LA PAILLETTE,,Activé,5000,ROLE_DECLARANT1,77774969800034,35000,RENNES,Ille-et-Vilaine,Bretagne,52745,PLATESV-R-2020-009633,314997,,2024-06-16,CLOTURE,,false,2662,Les Envolées,3332,Festival Les Envolées,RENNES,35000,2024-04-19,FUSIONNE,5001,,,2868,ASS MJC LA PAILLETTE,9054,LA PAILLETTE,,2 RUE DU PRÉ DE BRIS,35000,RENNES,,35,Ille-et-Vilaine,2020-11-30,FUSIONNE,1551,89,
2024-06-27,2024-06-27,58,THEATRE NATIONAL DE BRETAGNE - T.N.B. CENTRE EUROPEEN DE PRODUCTION THEATRALE ET CHOREGRAPHIQUE,THEATRE NATIONAL DE BRETAGNE - T.N.B.,Activé,53,ROLE_DECLARANT1,37921397800016,35000,RENNES,Ille-et-Vilaine,Bretagne,,3-1099111,311467,,2024-12-06,CLOTURE,,false,,,,,,,,,,,,,,20426,TNB,,1 RUE SAINT-HÉLIER,35000,RENNES,,35,Ille-et-Vilaine,2024-09-01,VALIDE,53,5238,
2024-07-24,2024-07-24,176,ANTIPODE MJC RENNES,ANTIPODE,Activé,3639,ROLE_SIB,77774999500018,35000,RENNES,Ille-et-Vilaine,Bretagne,,3-1019092,320799,event_587,2024-08-06,CLOTURE,,false,,,,,,,,,,,,,,13768,ANTIPODE,Antipode - PARVIS AGNÈS VARDA,75 AVENUE JULES MANIEZ,35000,RENNES,,35,Ille-et-Vilaine,2022-05-04,VALIDE,3639,5238,
2024-09-07,2024-09-07,3780,LA PAILLETTE,,Activé,5000,ROLE_DECLARANT1,77774969800034,35000,RENNES,Ille-et-Vilaine,Bretagne,52745,PLATESV-R-2020-009633,314987,,2024-08-06,CLOTURE,,false,2662,Les Envolées,3332,Festival Les Envolées,RENNES,35000,2024-04-19,FUSIONNE,5001,,,2868,ASS MJC LA PAILLETTE,9054,LA PAILLETTE,,2 RUE DU PRÉ DE BRIS,35000,RENNES,,35,Ille-et-Vilaine,2020-11-30,FUSIONNE,1551,89,
2024-10-07,2024-10-07,3820,THEATRE L'AIRE LIBRE,,Activé,5626,ROLE_DECLARANT1,92262510800019,35136,SAINT-JACQUES-DE-LA-LANDE,Ille-et-Vilaine,Bretagne,,PLATESV-D-2023-000211,315522,,2024-07-06,CLOTURE,,false,,,3470,MONDE.S,SAINT-JACQUES-DE-LA-LANDE,35136,2024-10-07,VALIDE,5626,,,2807,L'AIRE LIBRE,18263,THÉÂTRE L'AIRE LIBRE,,2 PLACE JULES VALLÈS,35136,SAINT-JACQUES-DE-LA-LANDE,,35,Ille-et-Vilaine,2023-05-22,FUSIONNE,5047,,
2024-11-28,2024-11-28,3848,PARAPENTE,,Activé,5083,ROLE_DECLARANT1,79913195800024,35000,RENNES,Ille-et-Vilaine,Bretagne,65071,PLATESV-D-2021-001233,344515,,2024-04-24,CLOTURE,,false,,,,,,,,,,,,,,7644,THÉÂTRE BO SAINT MARTIN,Théâtre Bo Saint Martin,19 BOULEVARD SAINT-MARTIN,75003,PARIS,,75,Paris,2020-03-02,VALIDE,803,,
2024-04-26,2024-02-05,3780,LA PAILLETTE,,Activé,5000,ROLE_DECLARANT1,77774969800034,35000,RENNES,Ille-et-Vilaine,Bretagne,52745,PLATESV-R-2020-009633,296564,/event_dates/1323024,2024-04-20,CLOTURE,,false,2662,Les Envolées,3332,Festival Les Envolées,RENNES,35000,2024-04-19,FUSIONNE,5001,,,2868,ASS MJC LA PAILLETTE,9054,LA PAILLETTE,,2 RUE DU PRÉ DE BRIS,35000,RENNES,,35,Ille-et-Vilaine,2020-11-30,FUSIONNE,1551,89,
2024-04-26,2024-02-05,3780,LA PAILLETTE,,Activé,5000,ROLE_DECLARANT1,77774969800034,35000,RENNES,Ille-et-Vilaine,Bretagne,52745,PLATESV-R-2020-009633,296559,/event_dates/1322905,2024-04-20,CLOTURE,,false,2662,Les Envolées,3332,Festival Les Envolées,RENNES,35000,2024-04-19,FUSIONNE,5001,,,2868,ASS MJC LA PAILLETTE,9054,LA PAILLETTE,,2 RUE DU PRÉ DE BRIS,35000,RENNES,,35,Ille-et-Vilaine,2020-11-30,FUSIONNE,1551,89,
2024-07-13,2024-07-13,2934,COMMUNE DE RENNES,OPERA DE RENNES,Activé,3842,ROLE_DECLARANT1,21350238800076,35000,RENNES,Ille-et-Vilaine,Bretagne,84250,PLATESV-R-2021-012024,316202,,2024-04-20,CLOTURE,,false,,,,,,,,,,,,,,503,COMMUNE DE RENNES,,PL  DE LA MAIRIE,35000,RENNES,21350238800019,35,Ille-et-Vilaine,2018-06-27,VALIDE,,,
2024-07-13,2024-07-13,2934,COMMUNE DE RENNES,OPERA DE RENNES,Activé,3842,ROLE_DECLARANT1,21350238800076,35000,RENNES,Ille-et-Vilaine,Bretagne,84250,PLATESV-R-2021-012024,316198,,2024-04-20,CLOTURE,,false,,,,,,,,,,,,,,503,COMMUNE DE RENNES,,PL  DE LA MAIRIE,35000,RENNES,21350238800019,35,Ille-et-Vilaine,2018-06-27,VALIDE,,,
2024-06-28,2024-06-28,542,ASSOCIATION TRANS MUSICALES,ATM,Activé,597,ROLE_DECLARANT1,33886426700020,35000,RENNES,Ille-et-Vilaine,Bretagne,,3-1032090,311825,,2024-04-18,CLOTURE,,false,,,,,,,,,,,,,,5761,UBU,,10/12 RUE JEAN GUY CS 73912,35039,RENNES CEDEX,33886426700020,35,Ille-et-Vilaine,2019-02-21,VALIDE,,,
2024-07-16,2024-07-16,3163,3 P'TIT TOUR,,Activé,4142,ROLE_DECLARANT1,41013812700015,35000,RENNES,Ille-et-Vilaine,Bretagne,DOS20196449,3-1006236,318296,,2024-04-18,CLOTURE,,true,,,,,,,,,,,,13604,PETIT BAIN,7264,PETIT BAIN,,7 PORT DE LA GARE,75013,PARIS,,75,Paris,2020-06-01,FUSIONNE,1088,89,Adresse
2024-04-18,2024-04-18,3820,THEATRE L'AIRE LIBRE,,Activé,5626,ROLE_DECLARANT1,92262510800019,35136,SAINT-JACQUES-DE-LA-LANDE,Ille-et-Vilaine,Bretagne,,PLATESV-D-2023-000211,292230,,2024-04-16,CLOTURE,,false,,,,,,,,,,,,2807,L'AIRE LIBRE,18263,THÉÂTRE L'AIRE LIBRE,,2 PLACE JULES VALLÈS,35136,SAINT-JACQUES-DE-LA-LANDE,,35,Ille-et-Vilaine,2023-05-22,FUSIONNE,5047,,
2024-07-25,2024-07-25,2287,CENTRE DE PRODUCTION DES PAROLES CONTEMPORAINES,,Activé,3407,ROLE_SIB,41812021800049,35136,SAINT-JACQUES-DE-LA-LANDE,Ille-et-Vilaine,Bretagne,59859,PLATESV-R-2021-000431,321247,00130000000092,2024-04-14,CLOTURE,,false,,,2146,FESTIVAL MYTHOS,RENNES,35000,2022-11-10,VALIDE,3407,,,,,12004,CENTRE DE PRODUCTION DES PAROLES CONTEMPORAINES,,2  PL  JULES VALLES,35136,SAINT-JACQUES-DE-LA-LANDE,41812021800049,35,Ille-et-Vilaine,2021-10-25,VALIDE,3407,,
2024-04-20,2024-04-20,3284,COMEDIE DE RENNES,,Activé,4315,ROLE_SIB,90319904000010,35700,RENNES,Ille-et-Vilaine,Bretagne,,PLATESV-D-2022-003733,294036,/event_dates/1301296,2024-04-14,CLOTURE,,false,,,,,,,,,,,,,,14581,COMÉDIE DE RENNES,,31 RUE XAVIER GRALL,35700,RENNES,,35,Ille-et-Vilaine,2022-06-24,VALIDE,4314,,
2024-07-25,2024-07-25,2287,CENTRE DE PRODUCTION DES PAROLES CONTEMPORAINES,,Activé,3407,ROLE_SIB,41812021800049,35136,SAINT-JACQUES-DE-LA-LANDE,Ille-et-Vilaine,Bretagne,59859,PLATESV-R-2021-000431,321245,00130000000090,2024-04-13,CLOTURE,,false,,,2146,FESTIVAL MYTHOS,RENNES,35000,2022-11-10,VALIDE,3407,,,,,12004,CENTRE DE PRODUCTION DES PAROLES CONTEMPORAINES,,2  PL  JULES VALLES,35136,SAINT-JACQUES-DE-LA-LANDE,41812021800049,35,Ille-et-Vilaine,2021-10-25,VALIDE,3407,,
2024-07-25,2024-07-25,2287,CENTRE DE PRODUCTION DES PAROLES CONTEMPORAINES,,Activé,3407,ROLE_SIB,41812021800049,35136,SAINT-JACQUES-DE-LA-LANDE,Ille-et-Vilaine,Bretagne,59859,PLATESV-R-2021-000431,321236,00130000000081,2024-10-04,CLOTURE,,false,,,2146,FESTIVAL MYTHOS,RENNES,35000,2022-11-10,VALIDE,3407,,,,,12004,CENTRE DE PRODUCTION DES PAROLES CONTEMPORAINES,,2  PL  JULES VALLES,35136,SAINT-JACQUES-DE-LA-LANDE,41812021800049,35,Ille-et-Vilaine,2021-10-25,VALIDE,3407,,
2024-06-27,2024-06-27,58,THEATRE NATIONAL DE BRETAGNE - T.N.B. CENTRE EUROPEEN DE PRODUCTION THEATRALE ET CHOREGRAPHIQUE,THEATRE NATIONAL DE BRETAGNE - T.N.B.,Activé,53,ROLE_DECLARANT1,37921397800016,35000,RENNES,Ille-et-Vilaine,Bretagne,,3-1099111,311434,,2024-09-04,CLOTURE,,true,2146,FESTIVAL MYTHOS,314,Mythos,RENNES,35000,2018-06-27,FUSIONNE,,,,,,20426,TNB,,1 RUE SAINT-HÉLIER,35000,RENNES,,35,Ille-et-Vilaine,2024-09-01,VALIDE,53,5238,
2024-07-25,2024-07-25,2287,CENTRE DE PRODUCTION DES PAROLES CONTEMPORAINES,,Activé,3407,ROLE_SIB,41812021800049,35136,SAINT-JACQUES-DE-LA-LANDE,Ille-et-Vilaine,Bretagne,59859,PLATESV-R-2021-000431,321230,00130000000076,2024-08-04,CLOTURE,,false,,,2146,FESTIVAL MYTHOS,RENNES,35000,2022-11-10,VALIDE,3407,,,,,12004,CENTRE DE PRODUCTION DES PAROLES CONTEMPORAINES,,2  PL  JULES VALLES,35136,SAINT-JACQUES-DE-LA-LANDE,41812021800049,35,Ille-et-Vilaine,2021-10-25,VALIDE,3407,,
2025-12-04,2025-12-04,610,COMMUNE DE CHARTRES DE BRETAGNE,MAIRIE,Activé,638,ROLE_DECLARANT1,21350066300017,35131,CHARTRES DE BRETAGNE,Ille-et-Vilaine,Bretagne,DOS20179174,1-1107987,393073,,2025-04-04,CLOTURE,,false,,,,,,,,,,,,,,7572,CENTRE CULTUREL PÔLE SUD,,RUE DE LA CONTERIE,35131,CHARTRES-DE-BRETAGNE,,35,Ille-et-Vilaine,2020-01-22,VALIDE,638,,
2024-10-04,2024-11-04,1521,MJC BREQUIGNY,MJC Bréquigny,Activé,1928,ROLE_DECLARANT1,30549267000016,35200,RENNES,Ille-et-Vilaine,Bretagne,DOS20192213,1-1119457,289143,,2024-06-04,CLOTURE,,false,,,,,,,,,,,,,,8960,MJC BREQUIGNY,,15  AV  GEORGES GRAFF,35200,RENNES,30549267000024,35,Ille-et-Vilaine,2020-11-16,VALIDE,1928,,
2024-12-04,2024-12-04,3284,COMEDIE DE RENNES,,Activé,4315,ROLE_SIB,90319904000010,35700,RENNES,Ille-et-Vilaine,Bretagne,,PLATESV-D-2022-003733,289833,/event_dates/1301660,2024-06-04,CLOTURE,,false,,,,,,,,,,,,,,14581,COMÉDIE DE RENNES,,31 RUE XAVIER GRALL,35700,RENNES,,35,Ille-et-Vilaine,2022-06-24,VALIDE,4314,,
2025-05-28,2025-05-28,572,CENTRE CULTUREL TRIANGLE,LE TRIANGLE,Activé,631,ROLE_DECLARANT1,32327735000035,35200,RENNES,Ille-et-Vilaine,Bretagne,,3-1014237,408746,,2025-03-04,CLOTURE,,false,,,,,,,,,,,,,,2390,CENTRE CULTUREL TRIANGLE,,BD  DE YOUGOSLAVIE,35200,RENNES,32327735000035,35,Ille-et-Vilaine,2018-06-27,VALIDE,,,
2024-11-06,2024-11-06,610,COMMUNE DE CHARTRES DE BRETAGNE,MAIRIE,Activé,638,ROLE_DECLARANT1,21350066300017,35131,CHARTRES DE BRETAGNE,Ille-et-Vilaine,Bretagne,DOS20179174,1-1107987,308223,,2024-05-04,CLOTURE,,false,,,,,,,,,,,,,,7572,CENTRE CULTUREL PÔLE SUD,,RUE DE LA CONTERIE,35131,CHARTRES-DE-BRETAGNE,,35,Ille-et-Vilaine,2020-01-22,VALIDE,638,,
2025-02-24,2025-11-07,5176,ASSOCIATION AY ROOP,,Activé,6957,ROLE_DECLARANT1,48103166400032,35000,RENNES,Ille-et-Vilaine,Bretagne,PLATESV-R-2021-002953,PLATESV-R-2021-002953,372794,,2025-06-18,CLOTURE,,false,,,4084,TEMPS FORT CIRQUE,SAINT-JACQUES-DE-LA-LANDE,35136,2025-02-24,VALIDE,6957,,,6837,THÉÂTRE DU VIEUX SAINT ETIENNE,24827,THEATRE DU VIEUX SAINT-ETIENNE,,RUE D'ECHANGE,35000,RENNES,,35,Ille-et-Vilaine,2025-02-24,FUSIONNE,6957,,
2024-06-28,2024-06-28,542,ASSOCIATION TRANS MUSICALES,ATM,Activé,597,ROLE_DECLARANT1,33886426700020,35000,RENNES,Ille-et-Vilaine,Bretagne,,3-1032090,311819,,2024-03-04,CLOTURE,,false,,,,,,,,,,,,,,5761,UBU,,10/12 RUE JEAN GUY CS 73912,35039,RENNES CEDEX,33886426700020,35,Ille-et-Vilaine,2019-02-21,VALIDE,,,
2025-07-17,2025-07-17,176,ANTIPODE MJC RENNES,ANTIPODE,Activé,3639,ROLE_SIB,77774999500018,35000,RENNES,Ille-et-Vilaine,Bretagne,,3-1019092,422920,declaration_439_2025_2,2025-06-15,CLOTURE,,false,,,,,,,,,,,,,,13768,ANTIPODE,Antipode - PARVIS AGNÈS VARDA,75 AVENUE JULES MANIEZ,35000,RENNES,,35,Ille-et-Vilaine,2022-05-04,VALIDE,3639,5238,
2025-07-16,2025-07-16,2934,COMMUNE DE RENNES,OPERA DE RENNES,Activé,3842,ROLE_DECLARANT1,21350238800076,35000,RENNES,Ille-et-Vilaine,Bretagne,84250,PLATESV-R-2021-012024,422627,,2025-06-14,CLOTURE,,false,,,,,,,,,,,,,,503,COMMUNE DE RENNES,,PL  DE LA MAIRIE,35000,RENNES,21350238800019,35,Ille-et-Vilaine,2018-06-27,VALIDE,,,
2025-02-24,2025-11-07,5176,ASSOCIATION AY ROOP,,Activé,6957,ROLE_DECLARANT1,48103166400032,35000,RENNES,Ille-et-Vilaine,Bretagne,PLATESV-R-2021-002953,PLATESV-R-2021-002953,372791,,2025-06-14,CLOTURE,,false,,,4084,TEMPS FORT CIRQUE,SAINT-JACQUES-DE-LA-LANDE,35136,2025-02-24,VALIDE,6957,,,,,24835,LA BASSE-COUR,,CHEMIN ROBERT DE BORON,35000,RENNES,,35,Ille-et-Vilaine,2025-02-24,VALIDE,6957,,
2025-02-24,2025-11-07,5176,ASSOCIATION AY ROOP,,Activé,6957,ROLE_DECLARANT1,48103166400032,35000,RENNES,Ille-et-Vilaine,Bretagne,PLATESV-R-2021-002953,PLATESV-R-2021-002953,372789,,2025-06-14,CLOTURE,,false,,,4084,TEMPS FORT CIRQUE,SAINT-JACQUES-DE-LA-LANDE,35136,2025-02-24,VALIDE,6957,,,,,24822,AY-ROOP LE MILIEU,,RUE DU HAUT-BOIS,35136,SAINT-JACQUES-DE-LA-LANDE,,35,Ille-et-Vilaine,2025-02-24,VALIDE,6957,,
2025-07-18,2025-07-18,542,ASSOCIATION TRANS MUSICALES,ATM,Activé,597,ROLE_DECLARANT1,33886426700020,35000,RENNES,Ille-et-Vilaine,Bretagne,,3-1032090,423172,,2025-06-13,CLOTURE,,false,,,,,,,,,,,,,,7843,UBU,,1 RUE SAINT-HÉLIER,35000,RENNES,,35,Ille-et-Vilaine,2020-02-26,VALIDE,597,,
2024-06-04,2024-06-04,3780,LA PAILLETTE,,Activé,5001,ROLE_SIB,77774969800034,35000,RENNES,Ille-et-Vilaine,Bretagne,52745,PLATESV-R-2020-009633,287281,/event_dates/890205,2024-03-31,CLOTURE,,false,,,,,,,,,,,,2868,ASS MJC LA PAILLETTE,9054,LA PAILLETTE,,2 RUE DU PRÉ DE BRIS,35000,RENNES,,35,Ille-et-Vilaine,2020-11-30,FUSIONNE,1551,89,
2025-02-24,2025-11-07,5176,ASSOCIATION AY ROOP,,Activé,6957,ROLE_DECLARANT1,48103166400032,35000,RENNES,Ille-et-Vilaine,Bretagne,PLATESV-R-2021-002953,PLATESV-R-2021-002953,372792,,2025-06-13,CLOTURE,,false,,,4084,TEMPS FORT CIRQUE,SAINT-JACQUES-DE-LA-LANDE,35136,2025-02-24,VALIDE,6957,,,,,24822,AY-ROOP LE MILIEU,,RUE DU HAUT-BOIS,35136,SAINT-JACQUES-DE-LA-LANDE,,35,Ille-et-Vilaine,2025-02-24,VALIDE,6957,,
2025-06-18,2025-06-18,3780,LA PAILLETTE,,Activé,5001,ROLE_SIB,77774969800034,35000,RENNES,Ille-et-Vilaine,Bretagne,52745,PLATESV-R-2020-009633,413213,/event_dates/1953600,2025-12-06,CLOTURE,,false,,,,,,,,,,,,2868,ASS MJC LA PAILLETTE,9054,LA PAILLETTE,,2 RUE DU PRÉ DE BRIS,35000,RENNES,,35,Ille-et-Vilaine,2020-11-30,FUSIONNE,1551,89,
2025-06-14,2025-06-14,3780,LA PAILLETTE,,Activé,5001,ROLE_SIB,77774969800034,35000,RENNES,Ille-et-Vilaine,Bretagne,52745,PLATESV-R-2020-009633,412623,/event_dates/1949274,2025-08-06,CLOTURE,,false,,,,,,,,,,,,2868,ASS MJC LA PAILLETTE,9054,LA PAILLETTE,,2 RUE DU PRÉ DE BRIS,35000,RENNES,,35,Ille-et-Vilaine,2020-11-30,FUSIONNE,1551,89,
2025-06-13,2025-06-13,3780,LA PAILLETTE,,Activé,5001,ROLE_SIB,77774969800034,35000,RENNES,Ille-et-Vilaine,Bretagne,52745,PLATESV-R-2020-009633,412280,/event_dates/1949253,2025-07-06,CLOTURE,,false,,,,,,,,,,,,2868,ASS MJC LA PAILLETTE,9054,LA PAILLETTE,,2 RUE DU PRÉ DE BRIS,35000,RENNES,,35,Ille-et-Vilaine,2020-11-30,FUSIONNE,1551,89,
2024-05-22,2024-05-22,2641,MAISON DES JEUNES ET CULTURE DE PACE,,Activé,3356,ROLE_SIB,30593736900026,35740,PACE,Ille-et-Vilaine,Bretagne,31372,PLATESV-R-2020-000949,303013,189,2024-03-26,CLOTURE,,false,,,,,,,,,,,,,,11393,ESCAPADE,,6 AVENUE CHARLES LE GOFFIC,35740,PACÉ,,35,Ille-et-Vilaine,2021-09-24,VALIDE,3356,5239,
2024-09-04,2024-09-04,58,THEATRE NATIONAL DE BRETAGNE - T.N.B. CENTRE EUROPEEN DE PRODUCTION THEATRALE ET CHOREGRAPHIQUE,THEATRE NATIONAL DE BRETAGNE - T.N.B.,Activé,53,ROLE_DECLARANT1,37921397800016,35000,RENNES,Ille-et-Vilaine,Bretagne,,3-1099111,288465,,2024-03-26,CLOTURE,,false,,,,,,,,,,,,,,20426,TNB,,1 RUE SAINT-HÉLIER,35000,RENNES,,35,Ille-et-Vilaine,2024-09-01,VALIDE,53,5238,
2025-01-18,2025-01-18,2934,COMMUNE DE RENNES,OPERA DE RENNES,Activé,3842,ROLE_DECLARANT1,21350238800076,35000,RENNES,Ille-et-Vilaine,Bretagne,84250,PLATESV-R-2021-012024,358919,,2024-09-10,CLOTURE,,false,,,,,,,,,,,,,,503,COMMUNE DE RENNES,,PL  DE LA MAIRIE,35000,RENNES,21350238800019,35,Ille-et-Vilaine,2018-06-27,VALIDE,,,
2025-07-16,2025-07-16,2934,COMMUNE DE RENNES,OPERA DE RENNES,Activé,3842,ROLE_DECLARANT1,21350238800076,35000,RENNES,Ille-et-Vilaine,Bretagne,84250,PLATESV-R-2021-012024,422621,,2025-05-28,CLOTURE,,false,,,,,,,,,,,,,,503,COMMUNE DE RENNES,,PL  DE LA MAIRIE,35000,RENNES,21350238800019,35,Ille-et-Vilaine,2018-06-27,VALIDE,,,
2025-05-30,2025-05-30,3780,LA PAILLETTE,,Activé,5001,ROLE_SIB,77774969800034,35000,RENNES,Ille-et-Vilaine,Bretagne,52745,PLATESV-R-2020-009633,408887,/event_dates/1948539,2025-05-24,CLOTURE,,false,,,,,,,,,,,,2868,ASS MJC LA PAILLETTE,9054,LA PAILLETTE,,2 RUE DU PRÉ DE BRIS,35000,RENNES,,35,Ille-et-Vilaine,2020-11-30,FUSIONNE,1551,89,
2024-02-12,2024-02-12,2761,LE GRAND SOUFFLET,Association,Activé,3559,ROLE_DECLARANT1,41896721200022,35131,CHARTRES-DE-BRETAGNE,Ille-et-Vilaine,Bretagne,DOS20197698,2-1123292,345148,,2024-03-10,CLOTURE,,false,,,705,LE GRAND SOUFFLET,RENNES,35000,2019-10-17,VALIDE,366,,,,,12654,CHAPITEAU PARC DU THABOR,,PLACE SAINT-MELAINE,35000,RENNES,,35,Ille-et-Vilaine,2021-12-13,VALIDE,3559,,
2024-08-10,2024-08-10,3284,COMEDIE DE RENNES,,Activé,4315,ROLE_SIB,90319904000010,35700,RENNES,Ille-et-Vilaine,Bretagne,,PLATESV-D-2022-003733,330861,/event_dates/1459475,2024-02-10,CLOTURE,,false,,,,,,,,,,,,,,14581,COMÉDIE DE RENNES,,31 RUE XAVIER GRALL,35700,RENNES,,35,Ille-et-Vilaine,2022-06-24,VALIDE,4314,,
2025-06-01,2025-06-01,1416,COMMUNE DE BRUZ,LE GRAND LOGIS - VILLE DE BRUZ,Activé,1831,ROLE_SIB,21350047300151,35170,BRUZ,Ille-et-Vilaine,Bretagne,DOS20187008,1-1114454,353758,298,2024-01-10,CLOTURE,,false,,,,,,,,,,,,,,2089,COMMUNE DE BRUZ,,10  AV  DU GENERAL DE GAULLE,35170,BRUZ,21350047300151,35,Ille-et-Vilaine,2018-06-27,VALIDE,,,
2024-12-17,2024-12-17,1291,ASSOCIATION LILLICO,,Activé,6234,ROLE_SIB,78975485000038,35000,RENNES,Ille-et-Vilaine,Bretagne,,PLATESV-D-2020-000183,349341,/event_dates/1406114,2024-11-30,CLOTURE,,false,,,,,,,,,,,,,,16849,SALLE GUY ROPARTZ,,14 RUE GUY ROPARTZ,35700,RENNES,,35,Ille-et-Vilaine,2023-01-16,VALIDE,1551,,
2024-08-10,2024-08-10,58,THEATRE NATIONAL DE BRETAGNE - T.N.B. CENTRE EUROPEEN DE PRODUCTION THEATRALE ET CHOREGRAPHIQUE,THEATRE NATIONAL DE BRETAGNE - T.N.B.,Activé,53,ROLE_DECLARANT1,37921397800016,35000,RENNES,Ille-et-Vilaine,Bretagne,,3-1099111,330910,,2024-01-10,CLOTURE,,false,,,,,,,,,,,,,,20426,TNB,,1 RUE SAINT-HÉLIER,35000,RENNES,,35,Ille-et-Vilaine,2024-09-01,VALIDE,53,5238,
2024-10-16,2024-10-16,2934,COMMUNE DE RENNES,OPERA DE RENNES,Activé,3842,ROLE_DECLARANT1,21350238800076,35000,RENNES,Ille-et-Vilaine,Bretagne,84250,PLATESV-R-2021-012024,335703,,2024-09-30,CLOTURE,,false,,,,,,,,,,,,,,503,COMMUNE DE RENNES,,PL  DE LA MAIRIE,35000,RENNES,21350238800019,35,Ille-et-Vilaine,2018-06-27,VALIDE,,,
2025-01-18,2025-01-18,2934,COMMUNE DE RENNES,OPERA DE RENNES,Activé,3842,ROLE_DECLARANT1,21350238800076,35000,RENNES,Ille-et-Vilaine,Bretagne,84250,PLATESV-R-2021-012024,358921,,2024-11-29,CLOTURE,,false,,,,,,,,,,,,,,503,COMMUNE DE RENNES,,PL  DE LA MAIRIE,35000,RENNES,21350238800019,35,Ille-et-Vilaine,2018-06-27,VALIDE,,,
2024-05-11,2024-05-11,3820,THEATRE L'AIRE LIBRE,,Activé,5626,ROLE_DECLARANT1,92262510800019,35136,SAINT-JACQUES-DE-LA-LANDE,Ille-et-Vilaine,Bretagne,,PLATESV-D-2023-000211,339090,,2024-09-28,CLOTURE,,false,,,2971,VIVANT.ES,SAINT-JACQUES-DE-LA-LANDE,35136,2023-10-19,VALIDE,5047,,,2807,L'AIRE LIBRE,18263,THÉÂTRE L'AIRE LIBRE,,2 PLACE JULES VALLÈS,35136,SAINT-JACQUES-DE-LA-LANDE,,35,Ille-et-Vilaine,2023-05-22,FUSIONNE,5047,,
2025-03-02,2025-03-02,1125,CARTEL CONCERTS,,Activé,1278,ROLE_DECLARANT1,80023696000038,35200,RENNES,Ille-et-Vilaine,Bretagne,DOS20168997,3-1072466,365410,,2024-11-28,CLOTURE,,false,,,,,,,,,,,,,,7088,LE PONANT,,BOULEVARD PATRICE DUMAINE DE LA JOSSERIE,35740,PACÉ,,35,Ille-et-Vilaine,2020-02-01,VALIDE,1088,89,
2024-04-10,2024-04-10,1202,COMMUNE DE SAINT GREGOIRE,MAIRIE,Activé,4979,ROLE_SIB,21350278400019,35760,SAINT-GREGOIRE,Ille-et-Vilaine,Bretagne,DOS20192051,3-1119456,330419,9,2024-09-27,CLOTURE,,false,,,,,,,,,,,,,,17611,IMAGE ET SON,,PLACE DU CHAMP MARQUÉ,35760,SAINT-GRÉGOIRE,,35,Ille-et-Vilaine,2023-03-15,VALIDE,4979,5238,
2024-05-11,2024-05-11,3820,THEATRE L'AIRE LIBRE,,Activé,5626,ROLE_DECLARANT1,92262510800019,35136,SAINT-JACQUES-DE-LA-LANDE,Ille-et-Vilaine,Bretagne,,PLATESV-D-2023-000211,339082,,2024-09-27,CLOTURE,,false,,,2971,VIVANT.ES,SAINT-JACQUES-DE-LA-LANDE,35136,2023-10-19,VALIDE,5047,,,2807,L'AIRE LIBRE,18263,THÉÂTRE L'AIRE LIBRE,,2 PLACE JULES VALLÈS,35136,SAINT-JACQUES-DE-LA-LANDE,,35,Ille-et-Vilaine,2023-05-22,FUSIONNE,5047,,
2025-03-31,2025-03-31,2641,MAISON DES JEUNES ET CULTURE DE PACE,,Activé,3356,ROLE_SIB,30593736900026,35740,PACE,Ille-et-Vilaine,Bretagne,31372,PLATESV-R-2020-000949,384568,223,2024-11-24,CLOTURE,,false,,,,,,,,,,,,,,11393,ESCAPADE,,6 AVENUE CHARLES LE GOFFIC,35740,PACÉ,,35,Ille-et-Vilaine,2021-09-24,VALIDE,3356,5239,
2024-11-29,2024-11-29,3284,COMEDIE DE RENNES,,Activé,4315,ROLE_SIB,90319904000010,35700,RENNES,Ille-et-Vilaine,Bretagne,,PLATESV-D-2022-003733,344585,/event_dates/1410055,2024-11-23,CLOTURE,,false,,,,,,,,,,,,,,14581,COMÉDIE DE RENNES,,31 RUE XAVIER GRALL,35700,RENNES,,35,Ille-et-Vilaine,2022-06-24,VALIDE,4314,,
2025-03-02,2025-03-02,1125,CARTEL CONCERTS,,Activé,1278,ROLE_DECLARANT1,80023696000038,35200,RENNES,Ille-et-Vilaine,Bretagne,DOS20168997,3-1072466,365405,,2024-11-23,CLOTURE,,false,,,,,,,,,,,,,,7029,LE MEM,LA PIVERDIERE,ROUTE DE SAINTE-FOIX,35000,RENNES,,35,Ille-et-Vilaine,2019-12-31,VALIDE,1088,89,
2024-11-28,2024-11-28,3284,COMEDIE DE RENNES,,Activé,4315,ROLE_SIB,90319904000010,35700,RENNES,Ille-et-Vilaine,Bretagne,,PLATESV-D-2022-003733,344269,/event_dates/1410048,2024-11-22,CLOTURE,,false,,,,,,,,,,,,,,14581,COMÉDIE DE RENNES,,31 RUE XAVIER GRALL,35700,RENNES,,35,Ille-et-Vilaine,2022-06-24,VALIDE,4314,,
2025-03-02,2025-03-02,1125,CARTEL CONCERTS,,Activé,1278,ROLE_DECLARANT1,80023696000038,35200,RENNES,Ille-et-Vilaine,Bretagne,DOS20168997,3-1072466,365342,,2024-09-20,CLOTURE,,false,,,,,,,,,,,,,,22638,L'ESPACE CLUB,L'ESPACE CLUB,45 BOULEVARD DE LA TOUR D'AUVERGNE,35000,RENNES,,35,Ille-et-Vilaine,2024-07-31,VALIDE,4234,,
2025-06-01,2025-06-01,1416,COMMUNE DE BRUZ,LE GRAND LOGIS - VILLE DE BRUZ,Activé,1831,ROLE_SIB,21350047300151,35170,BRUZ,Ille-et-Vilaine,Bretagne,DOS20187008,1-1114454,353762,305,2024-11-21,CLOTURE,,false,,,,,,,,,,,,,,2089,COMMUNE DE BRUZ,,10  AV  DU GENERAL DE GAULLE,35170,BRUZ,21350047300151,35,Ille-et-Vilaine,2018-06-27,VALIDE,,,
2025-07-04,2025-07-04,542,ASSOCIATION TRANS MUSICALES,ATM,Activé,597,ROLE_DECLARANT1,33886426700020,35000,RENNES,Ille-et-Vilaine,Bretagne,,3-1032090,388803,,2024-11-21,CLOTURE,,false,,,,,,,,,,,,,,7843,UBU,,1 RUE SAINT-HÉLIER,35000,RENNES,,35,Ille-et-Vilaine,2020-02-26,VALIDE,597,,
2025-01-18,2025-01-18,2934,COMMUNE DE RENNES,OPERA DE RENNES,Activé,3842,ROLE_DECLARANT1,21350238800076,35000,RENNES,Ille-et-Vilaine,Bretagne,84250,PLATESV-R-2021-012024,358922,,2024-11-21,CLOTURE,,false,,,,,,,,,,,,,,503,COMMUNE DE RENNES,,PL  DE LA MAIRIE,35000,RENNES,21350238800019,35,Ille-et-Vilaine,2018-06-27,VALIDE,,,
2024-06-12,2024-06-12,1521,MJC BREQUIGNY,MJC Bréquigny,Activé,1928,ROLE_DECLARANT1,30549267000016,35200,RENNES,Ille-et-Vilaine,Bretagne,DOS20192213,1-1119457,346330,,2024-11-20,CLOTURE,,false,,,1609,Jazz à l'Ouest,RENNES,35200,2022-01-18,VALIDE,1928,,,,,2670,MJC BREQUIGNY,,15  AV  GEORGES GRAFF,35000,RENNES,30549267000024,35,Ille-et-Vilaine,2018-06-27,VALIDE,,,
2024-11-28,2024-11-28,3848,PARAPENTE,,Activé,5083,ROLE_DECLARANT1,79913195800024,35000,RENNES,Ille-et-Vilaine,Bretagne,65071,PLATESV-D-2021-001233,344516,,2024-12-09,CLOTURE,,true,,,,,,,,,,,,,,7644,THÉÂTRE BO SAINT MARTIN,Théâtre Bo Saint Martin,19 BOULEVARD SAINT-MARTIN,75003,PARIS,,75,Paris,2020-03-02,VALIDE,803,,
2024-11-23,2024-11-23,3284,COMEDIE DE RENNES,,Activé,4315,ROLE_SIB,90319904000010,35700,RENNES,Ille-et-Vilaine,Bretagne,,PLATESV-D-2022-003733,343477,/event_dates/1410034,2024-11-17,CLOTURE,,false,,,,,,,,,,,,,,14581,COMÉDIE DE RENNES,,31 RUE XAVIER GRALL,35700,RENNES,,35,Ille-et-Vilaine,2022-06-24,VALIDE,4314,,
2025-03-31,2025-03-31,2641,MAISON DES JEUNES ET CULTURE DE PACE,,Activé,3356,ROLE_SIB,30593736900026,35740,PACE,Ille-et-Vilaine,Bretagne,31372,PLATESV-R-2020-000949,384566,219,2024-11-17,CLOTURE,,false,,,,,,,,,,,,,,11393,ESCAPADE,,6 AVENUE CHARLES LE GOFFIC,35740,PACÉ,,35,Ille-et-Vilaine,2021-09-24,VALIDE,3356,5239,
2025-05-02,2025-05-02,176,ANTIPODE MJC RENNES,ANTIPODE,Activé,3639,ROLE_SIB,77774999500018,35000,RENNES,Ille-et-Vilaine,Bretagne,,3-1019092,366275,declaration_321_2024_4,2024-11-16,CLOTURE,,false,,,,,,,,,,,,,,13768,ANTIPODE,Antipode - PARVIS AGNÈS VARDA,75 AVENUE JULES MANIEZ,35000,RENNES,,35,Ille-et-Vilaine,2022-05-04,VALIDE,3639,5238,
2024-12-21,2024-12-21,1584,ORCHESTRE NATIONAL DE BRETAGNE,ORCHESTRE NATIONAL DE BRETAGNE,Activé,5671,ROLE_DECLARANT2,35010209100021,35000,RENNES,Ille-et-Vilaine,Bretagne,DOS20183137,2-1054646,351799,,2024-11-16,CLOTURE,,false,,,,,,,,,,,,,,9526,COUVENT DES JACOBINS,Couvent des Jacobins - Centre des Congrès de Rennes Métropole,20 PLACE SAINTE-ANNE,35000,RENNES,,35,Ille-et-Vilaine,2021-01-22,VALIDE,2015,,
2024-11-22,2024-11-22,3284,COMEDIE DE RENNES,,Activé,4315,ROLE_SIB,90319904000010,35700,RENNES,Ille-et-Vilaine,Bretagne,,PLATESV-D-2022-003733,343211,/event_dates/1739134,2024-11-16,CLOTURE,,false,,,,,,,,,,,,,,14581,COMÉDIE DE RENNES,,31 RUE XAVIER GRALL,35700,RENNES,,35,Ille-et-Vilaine,2022-06-24,VALIDE,4314,,
2025-11-02,2025-11-02,3255,LE CARRE MAGIQUE,FESTIVAL INTERNATIONAL VIVE LA MAGIE,Activé,4271,ROLE_DECLARANT1,75367092600033,35000,RENNES,Ille-et-Vilaine,Bretagne,93877,PLATESV-R-2022-001102,368336,,2024-11-16,CLOTURE,,false,,,,,,,,,,,,,,355,SPL ATLANTIA,,119  AV  MAL DE LATTRE DE TASSIGNY,44500,LA BAULE-ESCOUBLAC,79931305100010,44,Loire-Atlantique,2018-06-27,VALIDE,89,89,
2024-11-16,2024-11-16,610,COMMUNE DE CHARTRES DE BRETAGNE,MAIRIE,Activé,638,ROLE_DECLARANT1,21350066300017,35131,CHARTRES DE BRETAGNE,Ille-et-Vilaine,Bretagne,DOS20179174,1-1107987,341987,,2024-11-15,CLOTURE,,false,,,,,,,,,,,,,,7572,CENTRE CULTUREL PÔLE SUD,,RUE DE LA CONTERIE,35131,CHARTRES-DE-BRETAGNE,,35,Ille-et-Vilaine,2020-01-22,VALIDE,638,,
2024-03-09,2024-03-09,3284,COMEDIE DE RENNES,,Activé,4315,ROLE_SIB,90319904000010,35700,RENNES,Ille-et-Vilaine,Bretagne,,PLATESV-D-2022-003733,325657,/event_dates/1381963,2024-08-28,CLOTURE,,false,,,,,,,,,,,,,,14581,COMÉDIE DE RENNES,,31 RUE XAVIER GRALL,35700,RENNES,,35,Ille-et-Vilaine,2022-06-24,VALIDE,4314,,
2024-12-18,2024-12-18,3780,LA PAILLETTE,,Activé,5001,ROLE_SIB,77774969800034,35000,RENNES,Ille-et-Vilaine,Bretagne,52745,PLATESV-R-2020-009633,349815,/event_dates/1397308,2024-11-15,CLOTURE,,true,,,,,,,,,,,,2868,ASS MJC LA PAILLETTE,9054,LA PAILLETTE,,2 RUE DU PRÉ DE BRIS,35000,RENNES,,35,Ille-et-Vilaine,2020-11-30,FUSIONNE,1551,89,
2024-12-21,2024-12-21,1584,ORCHESTRE NATIONAL DE BRETAGNE,ORCHESTRE NATIONAL DE BRETAGNE,Activé,5671,ROLE_DECLARANT2,35010209100021,35000,RENNES,Ille-et-Vilaine,Bretagne,DOS20183137,2-1054646,351796,,2024-11-15,CLOTURE,,false,,,,,,,,,,,,,,9526,COUVENT DES JACOBINS,Couvent des Jacobins - Centre des Congrès de Rennes Métropole,20 PLACE SAINTE-ANNE,35000,RENNES,,35,Ille-et-Vilaine,2021-01-22,VALIDE,2015,,
2024-12-18,2024-12-18,3780,LA PAILLETTE,,Activé,5001,ROLE_SIB,77774969800034,35000,RENNES,Ille-et-Vilaine,Bretagne,52745,PLATESV-R-2020-009633,349814,/event_dates/1397301,2024-11-14,CLOTURE,,true,,,,,,,,,,,,2868,ASS MJC LA PAILLETTE,9054,LA PAILLETTE,,2 RUE DU PRÉ DE BRIS,35000,RENNES,,35,Ille-et-Vilaine,2020-11-30,FUSIONNE,1551,89,
2024-10-16,2024-10-16,2529,ROCK TYMPANS,La Route du Rock,Activé,3205,ROLE_DECLARANT1,38165849100059,35000,RENNES,Ille-et-Vilaine,Bretagne,51900,PLATESV-R-2020-009107,335510,,2024-08-16,CLOTURE,,false,,,1282,La Route du Rock,SAINT-MALO,35400,2021-09-30,VALIDE,3205,,,,,,,,,,,,,,,,,,
2024-04-12,2024-04-12,58,THEATRE NATIONAL DE BRETAGNE - T.N.B. CENTRE EUROPEEN DE PRODUCTION THEATRALE ET CHOREGRAPHIQUE,THEATRE NATIONAL DE BRETAGNE - T.N.B.,Activé,53,ROLE_DECLARANT1,37921397800016,35000,RENNES,Ille-et-Vilaine,Bretagne,,3-1099111,345695,,2024-11-14,CLOTURE,,false,,,219,Festival TNB,RENNES,35000,2018-06-27,VALIDE,,,,,,20426,TNB,,1 RUE SAINT-HÉLIER,35000,RENNES,,35,Ille-et-Vilaine,2024-09-01,VALIDE,53,5238,
2024-04-12,2024-04-12,58,THEATRE NATIONAL DE BRETAGNE - T.N.B. CENTRE EUROPEEN DE PRODUCTION THEATRALE ET CHOREGRAPHIQUE,THEATRE NATIONAL DE BRETAGNE - T.N.B.,Activé,53,ROLE_DECLARANT1,37921397800016,35000,RENNES,Ille-et-Vilaine,Bretagne,,3-1099111,345700,,2024-11-13,CLOTURE,,false,,,219,Festival TNB,RENNES,35000,2018-06-27,VALIDE,,,,,,20426,TNB,,1 RUE SAINT-HÉLIER,35000,RENNES,,35,Ille-et-Vilaine,2024-09-01,VALIDE,53,5238,
2024-04-12,2024-04-12,58,THEATRE NATIONAL DE BRETAGNE - T.N.B. CENTRE EUROPEEN DE PRODUCTION THEATRALE ET CHOREGRAPHIQUE,THEATRE NATIONAL DE BRETAGNE - T.N.B.,Activé,53,ROLE_DECLARANT1,37921397800016,35000,RENNES,Ille-et-Vilaine,Bretagne,,3-1099111,345694,,2024-11-13,CLOTURE,,false,,,219,Festival TNB,RENNES,35000,2018-06-27,VALIDE,,,,,,20426,TNB,,1 RUE SAINT-HÉLIER,35000,RENNES,,35,Ille-et-Vilaine,2024-09-01,VALIDE,53,5238,
2024-04-12,2024-04-12,58,THEATRE NATIONAL DE BRETAGNE - T.N.B. CENTRE EUROPEEN DE PRODUCTION THEATRALE ET CHOREGRAPHIQUE,THEATRE NATIONAL DE BRETAGNE - T.N.B.,Activé,53,ROLE_DECLARANT1,37921397800016,35000,RENNES,Ille-et-Vilaine,Bretagne,,3-1099111,345675,,2024-11-13,CLOTURE,,false,,,219,Festival TNB,RENNES,35000,2018-06-27,VALIDE,,,,,,20426,TNB,,1 RUE SAINT-HÉLIER,35000,RENNES,,35,Ille-et-Vilaine,2024-09-01,VALIDE,53,5238,
2024-09-07,2024-07-19,3780,LA PAILLETTE,,Activé,5000,ROLE_DECLARANT1,77774969800034,35000,RENNES,Ille-et-Vilaine,Bretagne,52745,PLATESV-R-2020-009633,314951,,2024-01-06,CLOTURE,,false,2662,Les Envolées,3332,Festival Les Envolées,RENNES,35000,2024-04-19,FUSIONNE,5001,,,2868,ASS MJC LA PAILLETTE,9054,LA PAILLETTE,,2 RUE DU PRÉ DE BRIS,35000,RENNES,,35,Ille-et-Vilaine,2020-11-30,FUSIONNE,1551,89,
2024-09-07,2024-09-07,3780,LA PAILLETTE,,Activé,5000,ROLE_DECLARANT1,77774969800034,35000,RENNES,Ille-et-Vilaine,Bretagne,52745,PLATESV-R-2020-009633,314947,,2024-01-06,CLOTURE,,false,2662,Les Envolées,3332,Festival Les Envolées,RENNES,35000,2024-04-19,FUSIONNE,5001,,,2868,ASS MJC LA PAILLETTE,9054,LA PAILLETTE,,2 RUE DU PRÉ DE BRIS,35000,RENNES,,35,Ille-et-Vilaine,2020-11-30,FUSIONNE,1551,89,
2025-11-07,2025-11-07,1291,ASSOCIATION LILLICO,,Activé,6234,ROLE_SIB,78975485000038,35000,RENNES,Ille-et-Vilaine,Bretagne,,PLATESV-D-2020-000183,419687,/event_dates/1493229,2025-01-04,CLOTURE,,false,,,,,,,,,,,,,,23993,ESPACE SOCIAL COMMUN SIMONE IFF,Salle polyvalente,12BIS RUE GUY ROPARTZ,35700,RENNES,,35,Ille-et-Vilaine,2024-12-17,VALIDE,1544,,
2025-03-04,2025-06-05,58,THEATRE NATIONAL DE BRETAGNE - T.N.B. CENTRE EUROPEEN DE PRODUCTION THEATRALE ET CHOREGRAPHIQUE,THEATRE NATIONAL DE BRETAGNE - T.N.B.,Activé,53,ROLE_DECLARANT1,37921397800016,35000,RENNES,Ille-et-Vilaine,Bretagne,,3-1099111,387571,,2025-01-04,CLOTURE,,false,,,,,,,,,,,,,,20426,TNB,,1 RUE SAINT-HÉLIER,35000,RENNES,,35,Ille-et-Vilaine,2024-09-01,VALIDE,53,5238,
2024-10-06,2024-10-06,4178,ASSOCIATION LA PART BELLE,,Activé,5580,ROLE_DECLARANT1,84785758800010,35000,RENNES,Ille-et-Vilaine,Bretagne,DOS20195192,2-1123243,307583,,2024-05-31,CLOTURE,,false,,,,,,,,,,,,,,19608,DOMAINE DE KERLEVENAN,,LIEU DIT KERLEVENAN,56370,SARZEAU,,56,Morbihan,2023-10-13,VALIDE,5580,,
2024-09-07,2024-07-19,3780,LA PAILLETTE,,Activé,5000,ROLE_DECLARANT1,77774969800034,35000,RENNES,Ille-et-Vilaine,Bretagne,52745,PLATESV-R-2020-009633,314904,,2024-05-31,CLOTURE,,false,2662,Les Envolées,3332,Festival Les Envolées,RENNES,35000,2024-04-19,FUSIONNE,5001,,,2868,ASS MJC LA PAILLETTE,9054,LA PAILLETTE,,2 RUE DU PRÉ DE BRIS,35000,RENNES,,35,Ille-et-Vilaine,2020-11-30,FUSIONNE,1551,89,
2024-01-06,2024-01-06,3284,COMEDIE DE RENNES,,Activé,4315,ROLE_SIB,90319904000010,35700,RENNES,Ille-et-Vilaine,Bretagne,,PLATESV-D-2022-003733,305343,/event_dates/1209050,2024-05-26,CLOTURE,,false,,,,,,,,,,,,,,14581,COMÉDIE DE RENNES,,31 RUE XAVIER GRALL,35700,RENNES,,35,Ille-et-Vilaine,2022-06-24,VALIDE,4314,,
2025-03-04,2025-10-04,3780,LA PAILLETTE,,Activé,5000,ROLE_DECLARANT1,77774969800034,35000,RENNES,Ille-et-Vilaine,Bretagne,52745,PLATESV-R-2020-009633,386868,/event_dates/1397455,2025-03-28,CLOTURE,,true,,,,,,,,,,,,2868,ASS MJC LA PAILLETTE,9054,LA PAILLETTE,,2 RUE DU PRÉ DE BRIS,35000,RENNES,,35,Ille-et-Vilaine,2020-11-30,FUSIONNE,1551,89,
2025-08-04,2025-08-04,3063,LE GRAND CORDEL MAISON DES JEUNES ET DE LA CULTURE,Association,Activé,5994,ROLE_DECLARANT2,77774992000024,35700,RENNES,Ille-et-Vilaine,Bretagne,DOS20196625,1-1039842,389408,,2025-03-28,CLOTURE,,false,,,4283,FESTIVAL ECRIRE ET DIRE,RENNES,35700,2025-08-04,VALIDE,5994,,,,,3354,LE GRAND CORDEL MAISON DES JEUNES ET DE LA CULTURE,,18  RUE  DES PLANTES,35700,RENNES,77774992000024,35,Ille-et-Vilaine,2018-06-27,VALIDE,,,
2025-07-15,2025-07-15,5466,COMMUNE DE SAINT GILLES,MAIRIE,Activé,7301,ROLE_SIB,21350275000085,35590,SAINT-GILLES,Ille-et-Vilaine,Bretagne,PLATESV-R-2020-005381,PLATESV-R-2020-005381,420221,133,2025-03-27,CLOTURE,,false,,,,,,,,,,,,,,25782,LE SABOT D'OR,,LE PONT HAZARD,35590,SAINT-GILLES,,35,Ille-et-Vilaine,2025-04-29,VALIDE,7301,,
2024-06-07,2024-06-07,1202,COMMUNE DE SAINT GREGOIRE,MAIRIE,Activé,1400,ROLE_DECLARANT1,21350278400019,35760,SAINT-GREGOIRE,Ille-et-Vilaine,Bretagne,DOS20192051,3-1119456,314371,8,2024-05-24,CLOTURE,,false,,,,,,,,,,,,,,17611,IMAGE ET SON,,PLACE DU CHAMP MARQUÉ,35760,SAINT-GRÉGOIRE,,35,Ille-et-Vilaine,2023-03-15,VALIDE,4979,5238,
2024-05-31,2024-05-31,1584,ORCHESTRE NATIONAL DE BRETAGNE,ORCHESTRE NATIONAL DE BRETAGNE,Activé,5671,ROLE_DECLARANT2,35010209100021,35000,RENNES,Ille-et-Vilaine,Bretagne,DOS20183137,2-1054646,305242,,2024-05-24,CLOTURE,,false,,,,,,,,,,,,,,9345,OPÉRA DE RENNES,Opéra de Rennes,PLACE DE LA MAIRIE,35000,RENNES,,35,Ille-et-Vilaine,2021-06-01,VALIDE,2015,89,Adresse
2024-06-27,2024-06-27,58,THEATRE NATIONAL DE BRETAGNE - T.N.B. CENTRE EUROPEEN DE PRODUCTION THEATRALE ET CHOREGRAPHIQUE,THEATRE NATIONAL DE BRETAGNE - T.N.B.,Activé,53,ROLE_DECLARANT1,37921397800016,35000,RENNES,Ille-et-Vilaine,Bretagne,,3-1099111,311459,,2024-05-22,CLOTURE,,false,2716,Transforme / New Settings,3440,FESTIVAL TRANSFORME,RENNES,35000,2024-06-27,FUSIONNE,53,,,,,20426,TNB,,1 RUE SAINT-HÉLIER,35000,RENNES,,35,Ille-et-Vilaine,2024-09-01,VALIDE,53,5238,
2024-06-27,2024-06-27,58,THEATRE NATIONAL DE BRETAGNE - T.N.B. CENTRE EUROPEEN DE PRODUCTION THEATRALE ET CHOREGRAPHIQUE,THEATRE NATIONAL DE BRETAGNE - T.N.B.,Activé,53,ROLE_DECLARANT1,37921397800016,35000,RENNES,Ille-et-Vilaine,Bretagne,,3-1099111,311458,,2024-05-22,CLOTURE,,false,2716,Transforme / New Settings,3440,FESTIVAL TRANSFORME,RENNES,35000,2024-06-27,FUSIONNE,53,,,,,20426,TNB,,1 RUE SAINT-HÉLIER,35000,RENNES,,35,Ille-et-Vilaine,2024-09-01,VALIDE,53,5238,
2024-06-27,2024-06-27,58,THEATRE NATIONAL DE BRETAGNE - T.N.B. CENTRE EUROPEEN DE PRODUCTION THEATRALE ET CHOREGRAPHIQUE,THEATRE NATIONAL DE BRETAGNE - T.N.B.,Activé,53,ROLE_DECLARANT1,37921397800016,35000,RENNES,Ille-et-Vilaine,Bretagne,,3-1099111,311457,,2024-05-17,CLOTURE,,false,2716,Transforme / New Settings,3440,FESTIVAL TRANSFORME,RENNES,35000,2024-06-27,FUSIONNE,53,,,,,20426,TNB,,1 RUE SAINT-HÉLIER,35000,RENNES,,35,Ille-et-Vilaine,2024-09-01,VALIDE,53,5238,
2024-05-17,2024-05-17,3284,COMEDIE DE RENNES,,Activé,4315,ROLE_SIB,90319904000010,35700,RENNES,Ille-et-Vilaine,Bretagne,,PLATESV-D-2022-003733,301836,/event_dates/940136,2024-11-05,CLOTURE,,false,,,,,,,,,,,,,,14581,COMÉDIE DE RENNES,,31 RUE XAVIER GRALL,35700,RENNES,,35,Ille-et-Vilaine,2022-06-24,VALIDE,4314,,
2024-07-16,2024-07-16,3163,3 P'TIT TOUR,,Activé,4142,ROLE_DECLARANT1,41013812700015,35000,RENNES,Ille-et-Vilaine,Bretagne,DOS20196449,3-1006236,318321,,2024-07-05,CLOTURE,,true,,,,,,,,,,,,,,5788,ROCK SCHOOL BARBEY,,18 COURS BARBEY,33800,BORDEAUX,,33,Gironde,2019-02-25,VALIDE,555,89,
2025-06-28,2025-06-28,3780,LA PAILLETTE,,Activé,5001,ROLE_SIB,77774969800034,35000,RENNES,Ille-et-Vilaine,Bretagne,52745,PLATESV-R-2020-009633,415997,/event_dates/1953677,2025-06-22,CLOTURE,,false,,,,,,,,,,,,2868,ASS MJC LA PAILLETTE,9054,LA PAILLETTE,,2 RUE DU PRÉ DE BRIS,35000,RENNES,,35,Ille-et-Vilaine,2020-11-30,FUSIONNE,1551,89,
2025-06-27,2025-06-27,3284,COMEDIE DE RENNES,,Activé,4315,ROLE_SIB,90319904000010,35700,RENNES,Ille-et-Vilaine,Bretagne,,PLATESV-D-2022-003733,415604,/event_dates/1966515,2025-06-21,CLOTURE,,false,,,,,,,,,,,,,,14581,COMÉDIE DE RENNES,,31 RUE XAVIER GRALL,35700,RENNES,,35,Ille-et-Vilaine,2022-06-24,VALIDE,4314,,
2025-04-14,2025-04-14,3284,COMEDIE DE RENNES,,Activé,4315,ROLE_SIB,90319904000010,35700,RENNES,Ille-et-Vilaine,Bretagne,,PLATESV-D-2022-003733,393172,/event_dates/1890124,2025-08-04,CLOTURE,,false,,,,,,,,,,,,,,14581,COMÉDIE DE RENNES,,31 RUE XAVIER GRALL,35700,RENNES,,35,Ille-et-Vilaine,2022-06-24,VALIDE,4314,,
2024-06-28,2024-06-28,542,ASSOCIATION TRANS MUSICALES,ATM,Activé,597,ROLE_DECLARANT1,33886426700020,35000,RENNES,Ille-et-Vilaine,Bretagne,,3-1032090,311829,,2024-04-26,CLOTURE,,false,,,,,,,,,,,,,,5761,UBU,,10/12 RUE JEAN GUY CS 73912,35039,RENNES CEDEX,33886426700020,35,Ille-et-Vilaine,2019-02-21,VALIDE,,,
2025-06-01,2025-06-01,1416,COMMUNE DE BRUZ,LE GRAND LOGIS - VILLE DE BRUZ,Activé,1831,ROLE_SIB,21350047300151,35170,BRUZ,Ille-et-Vilaine,Bretagne,DOS20187008,1-1114454,353760,303,2024-08-11,CLOTURE,,false,,,,,,,,,,,,,,2089,COMMUNE DE BRUZ,,10  AV  DU GENERAL DE GAULLE,35170,BRUZ,21350047300151,35,Ille-et-Vilaine,2018-06-27,VALIDE,,,
2025-07-17,2025-07-17,176,ANTIPODE MJC RENNES,ANTIPODE,Activé,3639,ROLE_SIB,77774999500018,35000,RENNES,Ille-et-Vilaine,Bretagne,,3-1019092,422939,declaration_295_2025_2,2025-03-04,CLOTURE,,false,,,,,,,,,,,,,,13768,ANTIPODE,Antipode - PARVIS AGNÈS VARDA,75 AVENUE JULES MANIEZ,35000,RENNES,,35,Ille-et-Vilaine,2022-05-04,VALIDE,3639,5238,
2025-01-18,2025-01-18,2934,COMMUNE DE RENNES,OPERA DE RENNES,Activé,3842,ROLE_DECLARANT1,21350238800076,35000,RENNES,Ille-et-Vilaine,Bretagne,84250,PLATESV-R-2021-012024,358917,,2024-07-11,CLOTURE,,false,,,,,,,,,,,,,,503,COMMUNE DE RENNES,,PL  DE LA MAIRIE,35000,RENNES,21350238800019,35,Ille-et-Vilaine,2018-06-27,VALIDE,,,
2024-12-11,2024-12-11,3284,COMEDIE DE RENNES,,Activé,4315,ROLE_SIB,90319904000010,35700,RENNES,Ille-et-Vilaine,Bretagne,,PLATESV-D-2022-003733,340406,/event_dates/1739603,2024-03-11,CLOTURE,,false,,,,,,,,,,,,,,14581,COMÉDIE DE RENNES,,31 RUE XAVIER GRALL,35700,RENNES,,35,Ille-et-Vilaine,2022-06-24,VALIDE,4314,,
2025-06-01,2025-06-01,923,LES ATELIERS DU VENT,ADV,Activé,1006,ROLE_DECLARANT1,45124579900023,35000,RENNES,Ille-et-Vilaine,Bretagne,DOS20197631,1-1123282,354047,,2024-02-11,CLOTURE,,true,,,,,,,,,,,,,,429,LES ATELIERS DU VENT,,59  RUE  ALEXANDRE DUVAL,35000,RENNES,45124579900023,35,Ille-et-Vilaine,2018-06-27,VALIDE,,,
2024-12-11,2024-12-11,3284,COMEDIE DE RENNES,,Activé,4315,ROLE_SIB,90319904000010,35700,RENNES,Ille-et-Vilaine,Bretagne,,PLATESV-D-2022-003733,340708,/event_dates/1662960,2024-01-11,CLOTURE,,false,,,,,,,,,,,,,,14581,COMÉDIE DE RENNES,,31 RUE XAVIER GRALL,35700,RENNES,,35,Ille-et-Vilaine,2022-06-24,VALIDE,4314,,
2025-07-15,2025-07-15,5466,COMMUNE DE SAINT GILLES,MAIRIE,Activé,7301,ROLE_SIB,21350275000085,35590,SAINT-GILLES,Ille-et-Vilaine,Bretagne,PLATESV-R-2020-005381,PLATESV-R-2020-005381,420213,123,2025-02-22,CLOTURE,,false,,,,,,,,,,,,,,25782,LE SABOT D'OR,,LE PONT HAZARD,35590,SAINT-GILLES,,35,Ille-et-Vilaine,2025-04-29,VALIDE,7301,,
2025-06-01,2025-06-01,923,LES ATELIERS DU VENT,ADV,Activé,1006,ROLE_DECLARANT1,45124579900023,35000,RENNES,Ille-et-Vilaine,Bretagne,DOS20197631,1-1123282,354034,,2024-10-31,CLOTURE,,true,,,,,,,,,,,,,,429,LES ATELIERS DU VENT,,59  RUE  ALEXANDRE DUVAL,35000,RENNES,45124579900023,35,Ille-et-Vilaine,2018-06-27,VALIDE,,,
2024-12-11,2024-12-11,3284,COMEDIE DE RENNES,,Activé,4315,ROLE_SIB,90319904000010,35700,RENNES,Ille-et-Vilaine,Bretagne,,PLATESV-D-2022-003733,340412,/event_dates/1662897,2024-10-30,CLOTURE,,false,,,,,,,,,,,,,,14581,COMÉDIE DE RENNES,,31 RUE XAVIER GRALL,35700,RENNES,,35,Ille-et-Vilaine,2022-06-24,VALIDE,4314,,
2024-12-11,2024-12-11,3284,COMEDIE DE RENNES,,Activé,4315,ROLE_SIB,90319904000010,35700,RENNES,Ille-et-Vilaine,Bretagne,,PLATESV-D-2022-003733,340410,/event_dates/1662883,2024-10-28,CLOTURE,,false,,,,,,,,,,,,,,14581,COMÉDIE DE RENNES,,31 RUE XAVIER GRALL,35700,RENNES,,35,Ille-et-Vilaine,2022-06-24,VALIDE,4314,,
2025-01-18,2025-01-18,2934,COMMUNE DE RENNES,OPERA DE RENNES,Activé,3842,ROLE_DECLARANT1,21350238800076,35000,RENNES,Ille-et-Vilaine,Bretagne,84250,PLATESV-R-2021-012024,358916,,2024-10-26,CLOTURE,,false,,,,,,,,,,,,,,503,COMMUNE DE RENNES,,PL  DE LA MAIRIE,35000,RENNES,21350238800019,35,Ille-et-Vilaine,2018-06-27,VALIDE,,,
2025-03-02,2025-03-02,1125,CARTEL CONCERTS,,Activé,1278,ROLE_DECLARANT1,80023696000038,35200,RENNES,Ille-et-Vilaine,Bretagne,DOS20168997,3-1072466,365362,,2024-10-25,CLOTURE,,false,,,,,,,,,,,,18106,LE 4 BIS,16451,LE 4BIS,,4BIS COURS DES ALLIÉS,35000,RENNES,,35,Ille-et-Vilaine,2022-12-14,FUSIONNE,967,,
2024-12-11,2024-12-11,3284,COMEDIE DE RENNES,,Activé,4315,ROLE_SIB,90319904000010,35700,RENNES,Ille-et-Vilaine,Bretagne,,PLATESV-D-2022-003733,340387,/event_dates/1743579,2024-10-24,CLOTURE,,false,,,,,,,,,,,,,,14581,COMÉDIE DE RENNES,,31 RUE XAVIER GRALL,35700,RENNES,,35,Ille-et-Vilaine,2022-06-24,VALIDE,4314,,
2024-12-17,2024-12-17,1291,ASSOCIATION LILLICO,,Activé,6234,ROLE_SIB,78975485000038,35000,RENNES,Ille-et-Vilaine,Bretagne,,PLATESV-D-2020-000183,349320,/event_dates/1405596,2024-10-23,CLOTURE,,false,,,,,,,,,,,,,,16849,SALLE GUY ROPARTZ,,14 RUE GUY ROPARTZ,35700,RENNES,,35,Ille-et-Vilaine,2023-01-16,VALIDE,1551,,
2025-04-02,2025-04-02,1125,CARTEL CONCERTS,,Activé,1278,ROLE_DECLARANT1,80023696000038,35200,RENNES,Ille-et-Vilaine,Bretagne,DOS20168997,3-1072466,365917,,2024-12-13,CLOTURE,,false,,,,,,,,,,,,,,7835,L'ETAGE,,1 ESPLANADE GÉNÉRAL DE GAULLE,35000,RENNES,,35,Ille-et-Vilaine,2020-02-25,VALIDE,1086,,
2024-12-17,2024-12-17,1291,ASSOCIATION LILLICO,,Activé,6234,ROLE_SIB,78975485000038,35000,RENNES,Ille-et-Vilaine,Bretagne,,PLATESV-D-2020-000183,349324,/event_dates/1405813,2024-10-22,CLOTURE,,false,,,,,,,,,,,,,,9051,MAISON DE QUARTIER DE LA BELLANGERAIS,,5 RUE DU MORBIHAN,35700,RENNES,,35,Ille-et-Vilaine,2020-11-30,VALIDE,1551,89,
2025-08-01,2025-08-01,1291,ASSOCIATION LILLICO,,Activé,6234,ROLE_SIB,78975485000038,35000,RENNES,Ille-et-Vilaine,Bretagne,,PLATESV-D-2020-000183,354808,/event_dates/1462737,2024-10-22,CLOTURE,,false,,,,,,,,,,,,,,23992,CENTRE CULTUREL EDOUARD GANCHE,Médiathèque municipale,4 RUE PHILIPPE,35580,BAULON,,35,Ille-et-Vilaine,2024-12-17,VALIDE,1544,,
2024-12-17,2024-12-17,1291,ASSOCIATION LILLICO,,Activé,6234,ROLE_SIB,78975485000038,35000,RENNES,Ille-et-Vilaine,Bretagne,,PLATESV-D-2020-000183,349317,/event_dates/1405561,2024-10-22,CLOTURE,,false,,,,,,,,,,,,,,16849,SALLE GUY ROPARTZ,,14 RUE GUY ROPARTZ,35700,RENNES,,35,Ille-et-Vilaine,2023-01-16,VALIDE,1551,,
2024-12-17,2024-12-17,1291,ASSOCIATION LILLICO,,Activé,6234,ROLE_SIB,78975485000038,35000,RENNES,Ille-et-Vilaine,Bretagne,,PLATESV-D-2020-000183,349315,/event_dates/1405554,2024-10-22,CLOTURE,,false,,,,,,,,,,,,,,16849,SALLE GUY ROPARTZ,,14 RUE GUY ROPARTZ,35700,RENNES,,35,Ille-et-Vilaine,2023-01-16,VALIDE,1551,,
2024-12-17,2024-12-17,1291,ASSOCIATION LILLICO,,Activé,6234,ROLE_SIB,78975485000038,35000,RENNES,Ille-et-Vilaine,Bretagne,,PLATESV-D-2020-000183,349321,/event_dates/1405351,2024-10-22,CLOTURE,,false,,,,,,,,,,,,,,16849,SALLE GUY ROPARTZ,,14 RUE GUY ROPARTZ,35700,RENNES,,35,Ille-et-Vilaine,2023-01-16,VALIDE,1551,,
2025-07-04,2025-07-04,542,ASSOCIATION TRANS MUSICALES,ATM,Activé,597,ROLE_DECLARANT1,33886426700020,35000,RENNES,Ille-et-Vilaine,Bretagne,,3-1032090,388785,,2024-10-21,CLOTURE,,false,,,,,,,,,,,,,,7843,UBU,,1 RUE SAINT-HÉLIER,35000,RENNES,,35,Ille-et-Vilaine,2020-02-26,VALIDE,597,,
2024-12-17,2024-12-17,1291,ASSOCIATION LILLICO,,Activé,6234,ROLE_SIB,78975485000038,35000,RENNES,Ille-et-Vilaine,Bretagne,,PLATESV-D-2020-000183,349311,/event_dates/1405575,2024-10-21,CLOTURE,,false,,,,,,,,,,,,,,16849,SALLE GUY ROPARTZ,,14 RUE GUY ROPARTZ,35700,RENNES,,35,Ille-et-Vilaine,2023-01-16,VALIDE,1551,,
2024-12-17,2024-12-17,1291,ASSOCIATION LILLICO,,Activé,6234,ROLE_SIB,78975485000038,35000,RENNES,Ille-et-Vilaine,Bretagne,,PLATESV-D-2020-000183,349305,/event_dates/1405337,2024-10-20,CLOTURE,,false,,,,,,,,,,,,,,16849,SALLE GUY ROPARTZ,,14 RUE GUY ROPARTZ,35700,RENNES,,35,Ille-et-Vilaine,2023-01-16,VALIDE,1551,,
2024-10-26,2024-10-26,3284,COMEDIE DE RENNES,,Activé,4315,ROLE_SIB,90319904000010,35700,RENNES,Ille-et-Vilaine,Bretagne,,PLATESV-D-2022-003733,338329,/event_dates/1516807,2024-10-20,CLOTURE,,false,,,,,,,,,,,,,,14581,COMÉDIE DE RENNES,,31 RUE XAVIER GRALL,35700,RENNES,,35,Ille-et-Vilaine,2022-06-24,VALIDE,4314,,
2025-06-01,2025-06-01,3063,LE GRAND CORDEL MAISON DES JEUNES ET DE LA CULTURE,Association,Activé,5994,ROLE_DECLARANT2,77774992000024,35700,RENNES,Ille-et-Vilaine,Bretagne,DOS20196625,1-1039842,353945,,2024-12-12,CLOTURE,,false,,,,,,,,,,,,,,3354,LE GRAND CORDEL MAISON DES JEUNES ET DE LA CULTURE,,18  RUE  DES PLANTES,35700,RENNES,77774992000024,35,Ille-et-Vilaine,2018-06-27,VALIDE,,,
2024-12-17,2024-12-17,1291,ASSOCIATION LILLICO,,Activé,6234,ROLE_SIB,78975485000038,35000,RENNES,Ille-et-Vilaine,Bretagne,,PLATESV-D-2020-000183,349301,/event_dates/1405316,2024-10-19,CLOTURE,,true,,,,,,,,,,,,,,16849,SALLE GUY ROPARTZ,,14 RUE GUY ROPARTZ,35700,RENNES,,35,Ille-et-Vilaine,2023-01-16,VALIDE,1551,,
2024-12-17,2024-12-17,1291,ASSOCIATION LILLICO,,Activé,6234,ROLE_SIB,78975485000038,35000,RENNES,Ille-et-Vilaine,Bretagne,,PLATESV-D-2020-000183,349303,/event_dates/1492256,2024-10-19,CLOTURE,,false,,,,,,,,,,,,,,12932,THEATRE DU CERCLE,,30BIS RUE DE PARIS,35000,RENNES,,35,Ille-et-Vilaine,2022-07-01,VALIDE,1551,5239,
2025-01-18,2025-01-18,2934,COMMUNE DE RENNES,OPERA DE RENNES,Activé,3842,ROLE_DECLARANT1,21350238800076,35000,RENNES,Ille-et-Vilaine,Bretagne,84250,PLATESV-R-2021-012024,358926,,2024-11-12,CLOTURE,,false,,,,,,,,,,,,,,503,COMMUNE DE RENNES,,PL  DE LA MAIRIE,35000,RENNES,21350238800019,35,Ille-et-Vilaine,2018-06-27,VALIDE,,,
2024-12-21,2024-12-21,58,THEATRE NATIONAL DE BRETAGNE - T.N.B. CENTRE EUROPEEN DE PRODUCTION THEATRALE ET CHOREGRAPHIQUE,THEATRE NATIONAL DE BRETAGNE - T.N.B.,Activé,53,ROLE_DECLARANT1,37921397800016,35000,RENNES,Ille-et-Vilaine,Bretagne,,3-1099111,351834,,2024-10-12,CLOTURE,,false,,,,,,,,,,,,,,20426,TNB,,1 RUE SAINT-HÉLIER,35000,RENNES,,35,Ille-et-Vilaine,2024-09-01,VALIDE,53,5238,
2024-12-17,2024-12-17,1291,ASSOCIATION LILLICO,,Activé,6234,ROLE_SIB,78975485000038,35000,RENNES,Ille-et-Vilaine,Bretagne,,PLATESV-D-2020-000183,349296,/event_dates/1405743,2024-10-18,CLOTURE,,false,,,,,,,,,,,,,,9051,MAISON DE QUARTIER DE LA BELLANGERAIS,,5 RUE DU MORBIHAN,35700,RENNES,,35,Ille-et-Vilaine,2020-11-30,VALIDE,1551,89,
2025-06-01,2025-06-01,1416,COMMUNE DE BRUZ,LE GRAND LOGIS - VILLE DE BRUZ,Activé,1831,ROLE_SIB,21350047300151,35170,BRUZ,Ille-et-Vilaine,Bretagne,DOS20187008,1-1114454,353759,302,2024-10-17,CLOTURE,,false,,,,,,,,,,,,,,2089,COMMUNE DE BRUZ,,10  AV  DU GENERAL DE GAULLE,35170,BRUZ,21350047300151,35,Ille-et-Vilaine,2018-06-27,VALIDE,,,
2025-05-14,2025-05-14,3163,3 P'TIT TOUR,,Activé,4142,ROLE_DECLARANT1,41013812700015,35000,RENNES,Ille-et-Vilaine,Bretagne,DOS20196449,3-1006236,405017,,2024-07-12,CLOTURE,,true,,,2619,BARS EN TRANS,RENNES,35000,2023-04-26,VALIDE,4142,,,,,18087,LA TETE DE CHOU,,14 RUE KLEBER,35000,RENNES,,35,Ille-et-Vilaine,2023-04-26,VALIDE,4142,5239,Adresse
2025-03-02,2025-03-02,1125,CARTEL CONCERTS,,Activé,1278,ROLE_DECLARANT1,80023696000038,35200,RENNES,Ille-et-Vilaine,Bretagne,DOS20168997,3-1072466,365357,,2024-10-17,CLOTURE,,false,,,,,,,,,,,,,,7835,L'ETAGE,,1 ESPLANADE GÉNÉRAL DE GAULLE,35000,RENNES,,35,Ille-et-Vilaine,2020-02-25,VALIDE,1086,,
2025-03-02,2025-03-02,1125,CARTEL CONCERTS,,Activé,1278,ROLE_DECLARANT1,80023696000038,35200,RENNES,Ille-et-Vilaine,Bretagne,DOS20168997,3-1072466,365354,,2024-10-17,CLOTURE,,false,,,,,,,,,,,,18106,LE 4 BIS,16451,LE 4BIS,,4BIS COURS DES ALLIÉS,35000,RENNES,,35,Ille-et-Vilaine,2022-12-14,FUSIONNE,967,,
2025-05-14,2025-05-14,3163,3 P'TIT TOUR,,Activé,4142,ROLE_DECLARANT1,41013812700015,35000,RENNES,Ille-et-Vilaine,Bretagne,DOS20196449,3-1006236,405001,,2024-07-12,CLOTURE,,true,,,2619,BARS EN TRANS,RENNES,35000,2023-04-26,VALIDE,4142,,,,,25918,GRABUGE,,24 AVENUE JULES MANIEZ,35000,RENNES,,35,Ille-et-Vilaine,2025-05-14,VALIDE,4142,,
2025-06-01,2025-06-01,3063,LE GRAND CORDEL MAISON DES JEUNES ET DE LA CULTURE,Association,Activé,5994,ROLE_DECLARANT2,77774992000024,35700,RENNES,Ille-et-Vilaine,Bretagne,DOS20196625,1-1039842,353901,,2024-10-17,CLOTURE,,false,,,,,,,,,,,,,,3354,LE GRAND CORDEL MAISON DES JEUNES ET DE LA CULTURE,,18  RUE  DES PLANTES,35700,RENNES,77774992000024,35,Ille-et-Vilaine,2018-06-27,VALIDE,,,
2025-05-14,2025-05-14,3163,3 P'TIT TOUR,,Activé,4142,ROLE_DECLARANT1,41013812700015,35000,RENNES,Ille-et-Vilaine,Bretagne,DOS20196449,3-1006236,405043,,2024-07-12,CLOTURE,,true,,,2619,BARS EN TRANS,RENNES,35000,2023-04-26,VALIDE,4142,,,,,2890,THEATRE DE LA PARCHEMINERIE,,23  RUE  DE LA PARCHEMINERIE,35000,RENNES,77773680200029,35,Ille-et-Vilaine,2018-06-27,VALIDE,,,
2024-12-21,2024-12-21,1584,ORCHESTRE NATIONAL DE BRETAGNE,ORCHESTRE NATIONAL DE BRETAGNE,Activé,5671,ROLE_DECLARANT2,35010209100021,35000,RENNES,Ille-et-Vilaine,Bretagne,DOS20183137,2-1054646,351802,,2024-10-17,CLOTURE,,false,,,,,,,,,,,,,,9345,OPÉRA DE RENNES,Opéra de Rennes,PLACE DE LA MAIRIE,35000,RENNES,,35,Ille-et-Vilaine,2021-06-01,VALIDE,2015,89,Adresse
2024-12-17,2024-12-17,1291,ASSOCIATION LILLICO,,Activé,6234,ROLE_SIB,78975485000038,35000,RENNES,Ille-et-Vilaine,Bretagne,,PLATESV-D-2020-000183,349289,/event_dates/1398190,2024-10-17,CLOTURE,,false,,,,,,,,,,,,,,16849,SALLE GUY ROPARTZ,,14 RUE GUY ROPARTZ,35700,RENNES,,35,Ille-et-Vilaine,2023-01-16,VALIDE,1551,,
2024-05-11,2024-05-11,3820,THEATRE L'AIRE LIBRE,,Activé,5626,ROLE_DECLARANT1,92262510800019,35136,SAINT-JACQUES-DE-LA-LANDE,Ille-et-Vilaine,Bretagne,,PLATESV-D-2023-000211,339095,,2024-10-17,CLOTURE,,true,872,FESTIVAL MARMAILLE / MARMAILLE EN FUGUE,191,Festival Marmaille / Fugue,RENNES,35000,2018-06-27,FUSIONNE,,,,2807,L'AIRE LIBRE,18263,THÉÂTRE L'AIRE LIBRE,,2 PLACE JULES VALLÈS,35136,SAINT-JACQUES-DE-LA-LANDE,,35,Ille-et-Vilaine,2023-05-22,FUSIONNE,5047,,
2025-07-04,2025-07-04,542,ASSOCIATION TRANS MUSICALES,ATM,Activé,597,ROLE_DECLARANT1,33886426700020,35000,RENNES,Ille-et-Vilaine,Bretagne,,3-1032090,388885,,2024-07-12,CLOTURE,,false,,,224,Festival Trans Musicales,RENNES,35000,2018-06-27,VALIDE,,,,,,5761,UBU,,10/12 RUE JEAN GUY CS 73912,35039,RENNES CEDEX,33886426700020,35,Ille-et-Vilaine,2019-02-21,VALIDE,,,
2025-05-14,2025-05-14,3163,3 P'TIT TOUR,,Activé,4142,ROLE_DECLARANT1,41013812700015,35000,RENNES,Ille-et-Vilaine,Bretagne,DOS20196449,3-1006236,404987,,2024-06-12,CLOTURE,,true,,,2619,BARS EN TRANS,RENNES,35000,2023-04-26,VALIDE,4142,,,,,18086,THE PENNY LANE PUB,,1 RUE DE COËTQUEN,35000,RENNES,,35,Ille-et-Vilaine,2023-04-26,VALIDE,4142,,
2025-05-13,2025-05-13,3163,3 P'TIT TOUR,,Activé,4142,ROLE_DECLARANT1,41013812700015,35000,RENNES,Ille-et-Vilaine,Bretagne,DOS20196449,3-1006236,404684,,2024-06-12,CLOTURE,,true,,,2619,BARS EN TRANS,RENNES,35000,2023-04-26,VALIDE,4142,,,,,18082,LA CAVALE,,2 RUE DE REDON,35000,RENNES,,35,Ille-et-Vilaine,2023-04-26,VALIDE,4142,,
2024-12-17,2024-12-17,1291,ASSOCIATION LILLICO,,Activé,6234,ROLE_SIB,78975485000038,35000,RENNES,Ille-et-Vilaine,Bretagne,,PLATESV-D-2020-000183,349293,/event_dates/1405694,2024-10-16,CLOTURE,,false,,,,,,,,,,,,,,9051,MAISON DE QUARTIER DE LA BELLANGERAIS,,5 RUE DU MORBIHAN,35700,RENNES,,35,Ille-et-Vilaine,2020-11-30,VALIDE,1551,89,
2024-12-17,2024-12-17,1291,ASSOCIATION LILLICO,,Activé,6234,ROLE_SIB,78975485000038,35000,RENNES,Ille-et-Vilaine,Bretagne,,PLATESV-D-2020-000183,349287,/event_dates/1398183,2024-10-16,CLOTURE,,false,,,,,,,,,,,,,,16849,SALLE GUY ROPARTZ,,14 RUE GUY ROPARTZ,35700,RENNES,,35,Ille-et-Vilaine,2023-01-16,VALIDE,1551,,
2024-12-17,2024-12-17,1291,ASSOCIATION LILLICO,,Activé,6234,ROLE_SIB,78975485000038,35000,RENNES,Ille-et-Vilaine,Bretagne,,PLATESV-D-2020-000183,349292,/event_dates/1405687,2024-10-16,CLOTURE,,false,,,,,,,,,,,,,,9051,MAISON DE QUARTIER DE LA BELLANGERAIS,,5 RUE DU MORBIHAN,35700,RENNES,,35,Ille-et-Vilaine,2020-11-30,VALIDE,1551,89,
2025-05-14,2025-05-14,3163,3 P'TIT TOUR,,Activé,4142,ROLE_DECLARANT1,41013812700015,35000,RENNES,Ille-et-Vilaine,Bretagne,DOS20196449,3-1006236,404989,,2024-06-12,CLOTURE,,true,,,2619,BARS EN TRANS,RENNES,35000,2023-04-26,VALIDE,4142,,,,,2890,THEATRE DE LA PARCHEMINERIE,,23  RUE  DE LA PARCHEMINERIE,35000,RENNES,77773680200029,35,Ille-et-Vilaine,2018-06-27,VALIDE,,,
2024-12-18,2024-12-18,1291,ASSOCIATION LILLICO,,Activé,6234,ROLE_SIB,78975485000038,35000,RENNES,Ille-et-Vilaine,Bretagne,,PLATESV-D-2020-000183,349812,/event_dates/1406058,2024-10-15,CLOTURE,,false,,,,,,,,,,,,,,429,LES ATELIERS DU VENT,,59  RUE  ALEXANDRE DUVAL,35000,RENNES,45124579900023,35,Ille-et-Vilaine,2018-06-27,VALIDE,,,
2024-05-11,2024-12-11,610,COMMUNE DE CHARTRES DE BRETAGNE,MAIRIE,Activé,638,ROLE_DECLARANT1,21350066300017,35131,CHARTRES DE BRETAGNE,Ille-et-Vilaine,Bretagne,DOS20179174,1-1107987,339168,,2024-10-15,CLOTURE,,false,,,,,,,,,,,,,,7572,CENTRE CULTUREL PÔLE SUD,,RUE DE LA CONTERIE,35131,CHARTRES-DE-BRETAGNE,,35,Ille-et-Vilaine,2020-01-22,VALIDE,638,,
2025-06-01,2025-06-01,1416,COMMUNE DE BRUZ,LE GRAND LOGIS - VILLE DE BRUZ,Activé,1831,ROLE_SIB,21350047300151,35170,BRUZ,Ille-et-Vilaine,Bretagne,DOS20187008,1-1114454,353764,307,2024-05-12,CLOTURE,,false,,,,,,,,,,,,,,2089,COMMUNE DE BRUZ,,10  AV  DU GENERAL DE GAULLE,35170,BRUZ,21350047300151,35,Ille-et-Vilaine,2018-06-27,VALIDE,,,
2025-05-13,2025-05-13,3163,3 P'TIT TOUR,,Activé,4142,ROLE_DECLARANT1,41013812700015,35000,RENNES,Ille-et-Vilaine,Bretagne,DOS20196449,3-1006236,404522,,2024-05-12,CLOTURE,,true,,,2619,BARS EN TRANS,RENNES,35000,2023-04-26,VALIDE,4142,,,,,25901,DESORDRE,,18 RUE GEORGES CHARPAK,35000,RENNES,,35,Ille-et-Vilaine,2025-05-13,VALIDE,4142,,
2024-12-18,2024-12-18,3780,LA PAILLETTE,,Activé,5001,ROLE_SIB,77774969800034,35000,RENNES,Ille-et-Vilaine,Bretagne,52745,PLATESV-R-2020-009633,349833,/event_dates/1397364,2024-05-12,CLOTURE,,false,,,,,,,,,,,,2868,ASS MJC LA PAILLETTE,9054,LA PAILLETTE,,2 RUE DU PRÉ DE BRIS,35000,RENNES,,35,Ille-et-Vilaine,2020-11-30,FUSIONNE,1551,89,
2025-07-04,2025-07-04,542,ASSOCIATION TRANS MUSICALES,ATM,Activé,597,ROLE_DECLARANT1,33886426700020,35000,RENNES,Ille-et-Vilaine,Bretagne,,3-1032090,388895,,2024-05-12,CLOTURE,,true,,,224,Festival Trans Musicales,RENNES,35000,2018-06-27,VALIDE,,,,19339,PARC DE EXPOSITIONS,2876,PARC EXPO RENNES,,LA HAIE GAUTRAIS,35170,BRUZ,55920020900026,35,Ille-et-Vilaine,2018-06-27,FUSIONNE,,,
2024-11-27,2024-11-27,176,ANTIPODE MJC RENNES,ANTIPODE,Activé,3639,ROLE_SIB,77774999500018,35000,RENNES,Ille-et-Vilaine,Bretagne,,3-1019092,344201,event_603,2024-12-10,CLOTURE,,false,,,,,,,,,,,,,,13768,ANTIPODE,Antipode - PARVIS AGNÈS VARDA,75 AVENUE JULES MANIEZ,35000,RENNES,,35,Ille-et-Vilaine,2022-05-04,VALIDE,3639,5238,
2025-03-02,2025-03-02,1125,CARTEL CONCERTS,,Activé,1278,ROLE_DECLARANT1,80023696000038,35200,RENNES,Ille-et-Vilaine,Bretagne,DOS20168997,3-1072466,365351,,2024-12-10,CLOTURE,,false,,,,,,,,,,,,,,6866,LE TRABENDO,,211 AVENUE JEAN JAURÈS,75019,PARIS,,75,Paris,2019-04-12,VALIDE,914,,
2025-04-02,2025-04-02,1125,CARTEL CONCERTS,,Activé,1278,ROLE_DECLARANT1,80023696000038,35200,RENNES,Ille-et-Vilaine,Bretagne,DOS20168997,3-1072466,365905,,2024-04-12,CLOTURE,,false,,,,,,,,,,,,,,6866,LE TRABENDO,,211 AVENUE JEAN JAURÈS,75019,PARIS,,75,Paris,2019-04-12,VALIDE,914,,
2024-03-12,2024-03-12,3842,LA COMPAGNIE PRIMITIF,,Activé,5077,ROLE_DECLARANT1,80830433100032,35000,RENNES,Ille-et-Vilaine,Bretagne,80021,PLATESV-R-2021-009953,345552,,2024-12-10,CLOTURE,,false,,,3081,Rennes Storming Festival,RENNES,35000,2023-05-12,VALIDE,5077,,,,,20145,LE CARRÉ SÉVIGNÉ,,1 RUE DU BAC,35510,CESSON-SÉVIGNÉ,,35,Ille-et-Vilaine,2023-05-12,VALIDE,5077,,
2025-11-02,2025-11-02,3255,LE CARRE MAGIQUE,FESTIVAL INTERNATIONAL VIVE LA MAGIE,Activé,4271,ROLE_DECLARANT1,75367092600033,35000,RENNES,Ille-et-Vilaine,Bretagne,93877,PLATESV-R-2022-001102,368324,,2024-12-10,CLOTURE,,false,,,,,,,,,,,,7032,PALAIS DES ARTS DE VANNES,8895,PALAIS DES ARTS ET DES CONGRÈS,,PLACE DE BRETAGNE,56000,VANNES,,56,Morbihan,2020-10-11,FUSIONNE,426,,
2025-01-28,2025-01-28,871,ELECTRONI(K),,Activé,945,ROLE_DECLARANT1,48205125700053,35000,RENNES,Ille-et-Vilaine,Bretagne,DOS20185498,2-1059025,361787,,2024-12-10,CLOTURE,,false,,,726,Maintenant,RENNES,35000,2019-11-26,VALIDE,945,,,,,1218,CENTRE CHOREGRAPHIQUE NATIONAL DE RENNES ET DE BRETAGNE,,38  RUE  SAINT MELAINE,35000,RENNES,31464796700020,35,Ille-et-Vilaine,2018-06-27,VALIDE,,,
2024-10-17,2024-10-17,3284,COMEDIE DE RENNES,,Activé,4315,ROLE_SIB,90319904000010,35700,RENNES,Ille-et-Vilaine,Bretagne,,PLATESV-D-2022-003733,335905,/event_dates/1360061,2024-11-10,CLOTURE,,false,,,,,,,,,,,,,,14581,COMÉDIE DE RENNES,,31 RUE XAVIER GRALL,35700,RENNES,,35,Ille-et-Vilaine,2022-06-24,VALIDE,4314,,
2025-11-02,2025-11-02,3255,LE CARRE MAGIQUE,FESTIVAL INTERNATIONAL VIVE LA MAGIE,Activé,4271,ROLE_DECLARANT1,75367092600033,35000,RENNES,Ille-et-Vilaine,Bretagne,93877,PLATESV-R-2022-001102,368333,,2024-06-10,CLOTURE,,false,,,,,,,,,,,,,,7116,CENTRE CULTUREL LES ANGENOISES,,55 RUE DU MAINE,53960,BONCHAMP-LÈS-LAVAL,,53,Mayenne,2020-02-01,VALIDE,1088,89,
2025-06-01,2025-06-01,572,CENTRE CULTUREL TRIANGLE,LE TRIANGLE,Activé,631,ROLE_DECLARANT1,32327735000035,35200,RENNES,Ille-et-Vilaine,Bretagne,,3-1014237,354097,,2024-10-10,CLOTURE,,false,,,,,,,,,,,,,,2390,CENTRE CULTUREL TRIANGLE,,BD  DE YOUGOSLAVIE,35200,RENNES,32327735000035,35,Ille-et-Vilaine,2018-06-27,VALIDE,,,
2024-02-12,2024-02-12,2761,LE GRAND SOUFFLET,Association,Activé,3559,ROLE_DECLARANT1,41896721200022,35131,CHARTRES-DE-BRETAGNE,Ille-et-Vilaine,Bretagne,DOS20197698,2-1123292,345153,,2024-05-10,CLOTURE,,true,,,705,LE GRAND SOUFFLET,RENNES,35000,2019-10-17,VALIDE,366,,,,,12654,CHAPITEAU PARC DU THABOR,,PLACE SAINT-MELAINE,35000,RENNES,,35,Ille-et-Vilaine,2021-12-13,VALIDE,3559,,
2025-06-01,2025-06-01,572,CENTRE CULTUREL TRIANGLE,LE TRIANGLE,Activé,631,ROLE_DECLARANT1,32327735000035,35200,RENNES,Ille-et-Vilaine,Bretagne,,3-1014237,354095,,2024-09-10,CLOTURE,,false,,,,,,,,,,,,,,2390,CENTRE CULTUREL TRIANGLE,,BD  DE YOUGOSLAVIE,35200,RENNES,32327735000035,35,Ille-et-Vilaine,2018-06-27,VALIDE,,,
2024-02-12,2024-02-12,2761,LE GRAND SOUFFLET,Association,Activé,3559,ROLE_DECLARANT1,41896721200022,35131,CHARTRES-DE-BRETAGNE,Ille-et-Vilaine,Bretagne,DOS20197698,2-1123292,345156,,2024-05-10,CLOTURE,,true,,,705,LE GRAND SOUFFLET,RENNES,35000,2019-10-17,VALIDE,366,,,,,12654,CHAPITEAU PARC DU THABOR,,PLACE SAINT-MELAINE,35000,RENNES,,35,Ille-et-Vilaine,2021-12-13,VALIDE,3559,,
2025-05-02,2025-05-02,176,ANTIPODE MJC RENNES,ANTIPODE,Activé,3639,ROLE_SIB,77774999500018,35000,RENNES,Ille-et-Vilaine,Bretagne,,3-1019092,366272,declaration_323_2024_4,2024-02-12,CLOTURE,,false,,,,,,,,,,,,,,13768,ANTIPODE,Antipode - PARVIS AGNÈS VARDA,75 AVENUE JULES MANIEZ,35000,RENNES,,35,Ille-et-Vilaine,2022-05-04,VALIDE,3639,5238,
2024-09-10,2024-09-10,3780,LA PAILLETTE,,Activé,5001,ROLE_SIB,77774969800034,35000,RENNES,Ille-et-Vilaine,Bretagne,52745,PLATESV-R-2020-009633,331246,/event_dates/1397231,2024-03-10,CLOTURE,,false,,,,,,,,,,,,2868,ASS MJC LA PAILLETTE,9054,LA PAILLETTE,,2 RUE DU PRÉ DE BRIS,35000,RENNES,,35,Ille-et-Vilaine,2020-11-30,FUSIONNE,1551,89,
2025-07-15,2025-07-15,5466,COMMUNE DE SAINT GILLES,MAIRIE,Activé,7301,ROLE_SIB,21350275000085,35590,SAINT-GILLES,Ille-et-Vilaine,Bretagne,PLATESV-R-2020-005381,PLATESV-R-2020-005381,420216,128,2024-11-30,CLOTURE,,false,,,,,,,,,,,,,,25782,LE SABOT D'OR,,LE PONT HAZARD,35590,SAINT-GILLES,,35,Ille-et-Vilaine,2025-04-29,VALIDE,7301,,
2024-10-16,2024-10-16,2934,COMMUNE DE RENNES,OPERA DE RENNES,Activé,3842,ROLE_DECLARANT1,21350238800076,35000,RENNES,Ille-et-Vilaine,Bretagne,84250,PLATESV-R-2021-012024,335718,,2024-02-10,CLOTURE,,false,,,,,,,,,,,,,,503,COMMUNE DE RENNES,,PL  DE LA MAIRIE,35000,RENNES,21350238800019,35,Ille-et-Vilaine,2018-06-27,VALIDE,,,
2025-01-24,2025-01-24,3848,PARAPENTE,,Activé,5083,ROLE_DECLARANT1,79913195800024,35000,RENNES,Ille-et-Vilaine,Bretagne,65071,PLATESV-D-2021-001233,360694,,2024-02-10,CLOTURE,,false,,,,,,,,,,,,2985,GRAND CINEMA DU PALAIS DES GLACES,7925,PALAIS DES GLACES,,37 RUE DU FAUBOURG DU TEMPLE,75010,PARIS,,75,Paris,2020-05-03,FUSIONNE,953,,
2024-06-12,2024-06-12,58,THEATRE NATIONAL DE BRETAGNE - T.N.B. CENTRE EUROPEEN DE PRODUCTION THEATRALE ET CHOREGRAPHIQUE,THEATRE NATIONAL DE BRETAGNE - T.N.B.,Activé,53,ROLE_DECLARANT1,37921397800016,35000,RENNES,Ille-et-Vilaine,Bretagne,,3-1099111,346377,,2024-11-29,CLOTURE,,false,,,,,,,,,,,,,,20426,TNB,,1 RUE SAINT-HÉLIER,35000,RENNES,,35,Ille-et-Vilaine,2024-09-01,VALIDE,53,5238,
2024-10-16,2024-10-16,542,ASSOCIATION TRANS MUSICALES,ATM,Activé,597,ROLE_DECLARANT1,33886426700020,35000,RENNES,Ille-et-Vilaine,Bretagne,,3-1032090,335503,,2024-09-28,CLOTURE,,false,,,,,,,,,,,,,,5761,UBU,,10/12 RUE JEAN GUY CS 73912,35039,RENNES CEDEX,33886426700020,35,Ille-et-Vilaine,2019-02-21,VALIDE,,,
2024-11-26,2024-11-26,3602,DANSE A TOUS LES ETAGES,DANSE A TOUS LES ETAGES CDCN RENNES,Activé,4750,ROLE_DECLARANT1,41281004600026,35000,RENNES,Ille-et-Vilaine,Bretagne,35367,PLATESV-D-2020-001650,343899,,2024-09-28,CLOTURE,,false,,,2290,Cap Danse,CONCARNEAU,29900,2022-11-18,VALIDE,4750,,,,,23811,FORT DU CABELLOU,,21 ALLÉE DU FORT,29900,CONCARNEAU,,29,Finistère,2024-11-26,VALIDE,4750,,
2024-11-26,2024-11-26,3602,DANSE A TOUS LES ETAGES,DANSE A TOUS LES ETAGES CDCN RENNES,Activé,4750,ROLE_DECLARANT1,41281004600026,35000,RENNES,Ille-et-Vilaine,Bretagne,35367,PLATESV-D-2020-001650,343882,,2024-09-27,CLOTURE,,false,,,2290,Cap Danse,CONCARNEAU,29900,2022-11-18,VALIDE,4750,,,,,6925,CAC,,10 BOULEVARD BOUGAINVILLE,29900,CONCARNEAU,,29,Finistère,2019-12-17,VALIDE,1037,,
2024-05-11,2024-05-11,3820,THEATRE L'AIRE LIBRE,,Activé,5626,ROLE_DECLARANT1,92262510800019,35136,SAINT-JACQUES-DE-LA-LANDE,Ille-et-Vilaine,Bretagne,,PLATESV-D-2023-000211,339088,,2024-09-27,CLOTURE,,false,,,2971,VIVANT.ES,SAINT-JACQUES-DE-LA-LANDE,35136,2023-10-19,VALIDE,5047,,,2807,L'AIRE LIBRE,18263,THÉÂTRE L'AIRE LIBRE,,2 PLACE JULES VALLÈS,35136,SAINT-JACQUES-DE-LA-LANDE,,35,Ille-et-Vilaine,2023-05-22,FUSIONNE,5047,,
2025-01-18,2025-01-18,2934,COMMUNE DE RENNES,OPERA DE RENNES,Activé,3842,ROLE_DECLARANT1,21350238800076,35000,RENNES,Ille-et-Vilaine,Bretagne,84250,PLATESV-R-2021-012024,358925,,2024-11-25,CLOTURE,,false,,,,,,,,,,,,,,503,COMMUNE DE RENNES,,PL  DE LA MAIRIE,35000,RENNES,21350238800019,35,Ille-et-Vilaine,2018-06-27,VALIDE,,,
2024-04-12,2024-04-12,58,THEATRE NATIONAL DE BRETAGNE - T.N.B. CENTRE EUROPEEN DE PRODUCTION THEATRALE ET CHOREGRAPHIQUE,THEATRE NATIONAL DE BRETAGNE - T.N.B.,Activé,53,ROLE_DECLARANT1,37921397800016,35000,RENNES,Ille-et-Vilaine,Bretagne,,3-1099111,345710,,2024-11-23,CLOTURE,,true,,,219,Festival TNB,RENNES,35000,2018-06-27,VALIDE,,,,2807,L'AIRE LIBRE,8902,L'AIRE LIBRE,,2 PLACE JULES VALLÈS,35136,SAINT-JACQUES-DE-LA-LANDE,,35,Ille-et-Vilaine,2020-10-11,FUSIONNE,597,,
2024-09-28,2024-09-28,3284,COMEDIE DE RENNES,,Activé,4315,ROLE_SIB,90319904000010,35700,RENNES,Ille-et-Vilaine,Bretagne,,PLATESV-D-2022-003733,328876,/event_dates/1632517,2024-09-22,CLOTURE,,false,,,,,,,,,,,,,,14581,COMÉDIE DE RENNES,,31 RUE XAVIER GRALL,35700,RENNES,,35,Ille-et-Vilaine,2022-06-24,VALIDE,4314,,
2024-09-27,2024-09-27,3284,COMEDIE DE RENNES,,Activé,4315,ROLE_SIB,90319904000010,35700,RENNES,Ille-et-Vilaine,Bretagne,,PLATESV-D-2022-003733,328751,/event_dates/1632510,2024-09-21,CLOTURE,,false,,,,,,,,,,,,,,14581,COMÉDIE DE RENNES,,31 RUE XAVIER GRALL,35700,RENNES,,35,Ille-et-Vilaine,2022-06-24,VALIDE,4314,,
2024-09-26,2024-09-26,3284,COMEDIE DE RENNES,,Activé,4315,ROLE_SIB,90319904000010,35700,RENNES,Ille-et-Vilaine,Bretagne,,PLATESV-D-2022-003733,328301,/event_dates/1632503,2024-09-20,CLOTURE,,false,,,,,,,,,,,,,,14581,COMÉDIE DE RENNES,,31 RUE XAVIER GRALL,35700,RENNES,,35,Ille-et-Vilaine,2022-06-24,VALIDE,4314,,
2024-04-12,2024-04-12,58,THEATRE NATIONAL DE BRETAGNE - T.N.B. CENTRE EUROPEEN DE PRODUCTION THEATRALE ET CHOREGRAPHIQUE,THEATRE NATIONAL DE BRETAGNE - T.N.B.,Activé,53,ROLE_DECLARANT1,37921397800016,35000,RENNES,Ille-et-Vilaine,Bretagne,,3-1099111,345708,,2024-11-22,CLOTURE,,false,,,219,Festival TNB,RENNES,35000,2018-06-27,VALIDE,,,,2868,ASS MJC LA PAILLETTE,9054,LA PAILLETTE,,2 RUE DU PRÉ DE BRIS,35000,RENNES,,35,Ille-et-Vilaine,2020-11-30,FUSIONNE,1551,89,
2024-04-12,2024-04-12,58,THEATRE NATIONAL DE BRETAGNE - T.N.B. CENTRE EUROPEEN DE PRODUCTION THEATRALE ET CHOREGRAPHIQUE,THEATRE NATIONAL DE BRETAGNE - T.N.B.,Activé,53,ROLE_DECLARANT1,37921397800016,35000,RENNES,Ille-et-Vilaine,Bretagne,,3-1099111,345677,,2024-11-21,CLOTURE,,false,,,219,Festival TNB,RENNES,35000,2018-06-27,VALIDE,,,,,,20426,TNB,,1 RUE SAINT-HÉLIER,35000,RENNES,,35,Ille-et-Vilaine,2024-09-01,VALIDE,53,5238,
2024-04-12,2024-04-12,58,THEATRE NATIONAL DE BRETAGNE - T.N.B. CENTRE EUROPEEN DE PRODUCTION THEATRALE ET CHOREGRAPHIQUE,THEATRE NATIONAL DE BRETAGNE - T.N.B.,Activé,53,ROLE_DECLARANT1,37921397800016,35000,RENNES,Ille-et-Vilaine,Bretagne,,3-1099111,345703,,2024-11-20,CLOTURE,,false,,,219,Festival TNB,RENNES,35000,2018-06-27,VALIDE,,,,,,5794,CCNRB,,38 RUE SAINT MELAINE CS 20831,35108,RENNES CEDEX,31464796700020,35,Ille-et-Vilaine,2019-02-26,VALIDE,,,
2024-11-23,2024-11-23,3284,COMEDIE DE RENNES,,Activé,4315,ROLE_SIB,90319904000010,35700,RENNES,Ille-et-Vilaine,Bretagne,,PLATESV-D-2022-003733,343447,/event_dates/1739190,2024-11-17,CLOTURE,,false,,,,,,,,,,,,,,14581,COMÉDIE DE RENNES,,31 RUE XAVIER GRALL,35700,RENNES,,35,Ille-et-Vilaine,2022-06-24,VALIDE,4314,,
2024-12-18,2024-12-18,3780,LA PAILLETTE,,Activé,5001,ROLE_SIB,77774969800034,35000,RENNES,Ille-et-Vilaine,Bretagne,52745,PLATESV-R-2020-009633,349817,/event_dates/1438769,2024-11-16,CLOTURE,,false,,,,,,,,,,,,2868,ASS MJC LA PAILLETTE,9054,LA PAILLETTE,,2 RUE DU PRÉ DE BRIS,35000,RENNES,,35,Ille-et-Vilaine,2020-11-30,FUSIONNE,1551,89,
2025-05-02,2025-05-02,176,ANTIPODE MJC RENNES,ANTIPODE,Activé,3639,ROLE_SIB,77774999500018,35000,RENNES,Ille-et-Vilaine,Bretagne,,3-1019092,366277,declaration_320_2024_4,2024-11-15,CLOTURE,,false,,,,,,,,,,,,,,13768,ANTIPODE,Antipode - PARVIS AGNÈS VARDA,75 AVENUE JULES MANIEZ,35000,RENNES,,35,Ille-et-Vilaine,2022-05-04,VALIDE,3639,5238,
2025-07-04,2025-07-04,542,ASSOCIATION TRANS MUSICALES,ATM,Activé,597,ROLE_DECLARANT1,33886426700020,35000,RENNES,Ille-et-Vilaine,Bretagne,,3-1032090,388797,,2024-11-15,CLOTURE,,false,,,,,,,,,,,,,,7843,UBU,,1 RUE SAINT-HÉLIER,35000,RENNES,,35,Ille-et-Vilaine,2020-02-26,VALIDE,597,,
2024-03-09,2024-03-09,3284,COMEDIE DE RENNES,,Activé,4315,ROLE_SIB,90319904000010,35700,RENNES,Ille-et-Vilaine,Bretagne,,PLATESV-D-2022-003733,325662,/event_dates/1301429,2024-08-28,CLOTURE,,false,,,,,,,,,,,,,,14581,COMÉDIE DE RENNES,,31 RUE XAVIER GRALL,35700,RENNES,,35,Ille-et-Vilaine,2022-06-24,VALIDE,4314,,
2024-08-30,2024-08-30,3284,COMEDIE DE RENNES,,Activé,4315,ROLE_SIB,90319904000010,35700,RENNES,Ille-et-Vilaine,Bretagne,,PLATESV-D-2022-003733,325438,/event_dates/1409908,2024-08-24,CLOTURE,,false,,,,,,,,,,,,,,14581,COMÉDIE DE RENNES,,31 RUE XAVIER GRALL,35700,RENNES,,35,Ille-et-Vilaine,2022-06-24,VALIDE,4314,,
2025-03-03,2025-03-03,4662,COLLECTIF 35 VOLTS,Ferme de Quincé,Activé,6262,ROLE_DECLARANT1,89395842100016,35000,RENNES,Ille-et-Vilaine,Bretagne,PLATESV-D-2024-002690,PLATESV-D-2024-002690,375347,,2024-08-22,CLOTURE,,false,,,,,,,,,,,,,,25016,FERME DE QUINCÉ,Ferme de Quincé,LE HAUT QUINCÉ,35000,RENNES,,35,Ille-et-Vilaine,2025-03-03,VALIDE,6262,,
2025-04-21,2025-04-21,3284,COMEDIE DE RENNES,,Activé,4315,ROLE_SIB,90319904000010,35700,RENNES,Ille-et-Vilaine,Bretagne,,PLATESV-D-2022-003733,397920,/event_dates/1888934,2025-04-15,CLOTURE,,false,,,,,,,,,,,,,,14581,COMÉDIE DE RENNES,,31 RUE XAVIER GRALL,35700,RENNES,,35,Ille-et-Vilaine,2022-06-24,VALIDE,4314,,
2025-04-15,2025-04-15,3820,THEATRE L'AIRE LIBRE,,Activé,5626,ROLE_DECLARANT1,92262510800019,35136,SAINT-JACQUES-DE-LA-LANDE,Ille-et-Vilaine,Bretagne,,PLATESV-D-2023-000211,394197,,2025-03-27,CLOTURE,,false,,,3306,BAL,SAINT-JACQUES-DE-LA-LANDE,35136,2024-11-04,VALIDE,5626,,,2807,L'AIRE LIBRE,18263,THÉÂTRE L'AIRE LIBRE,,2 PLACE JULES VALLÈS,35136,SAINT-JACQUES-DE-LA-LANDE,,35,Ille-et-Vilaine,2023-05-22,FUSIONNE,5047,,
2025-02-04,2025-02-04,2934,COMMUNE DE RENNES,OPERA DE RENNES,Activé,3842,ROLE_DECLARANT1,21350238800076,35000,RENNES,Ille-et-Vilaine,Bretagne,84250,PLATESV-R-2021-012024,386142,,2025-03-29,CLOTURE,,false,,,,,,,,,,,,,,503,COMMUNE DE RENNES,,PL  DE LA MAIRIE,35000,RENNES,21350238800019,35,Ille-et-Vilaine,2018-06-27,VALIDE,,,
2025-04-04,2025-10-04,3780,LA PAILLETTE,,Activé,5000,ROLE_DECLARANT1,77774969800034,35000,RENNES,Ille-et-Vilaine,Bretagne,52745,PLATESV-R-2020-009633,387673,/event_dates/1397462,2025-03-29,CLOTURE,,true,,,,,,,,,,,,2868,ASS MJC LA PAILLETTE,9054,LA PAILLETTE,,2 RUE DU PRÉ DE BRIS,35000,RENNES,,35,Ille-et-Vilaine,2020-11-30,FUSIONNE,1551,89,
2025-04-02,2025-04-02,1125,CARTEL CONCERTS,,Activé,1278,ROLE_DECLARANT1,80023696000038,35200,RENNES,Ille-et-Vilaine,Bretagne,DOS20168997,3-1072466,365906,,2024-07-12,CLOTURE,,false,,,,,,,,,,,,,,6866,LE TRABENDO,,211 AVENUE JEAN JAURÈS,75019,PARIS,,75,Paris,2019-04-12,VALIDE,914,,
2025-05-14,2025-05-14,3163,3 P'TIT TOUR,,Activé,4142,ROLE_DECLARANT1,41013812700015,35000,RENNES,Ille-et-Vilaine,Bretagne,DOS20196449,3-1006236,405002,,2024-07-12,CLOTURE,,true,,,2619,BARS EN TRANS,RENNES,35000,2023-04-26,VALIDE,4142,,,,,18082,LA CAVALE,,2 RUE DE REDON,35000,RENNES,,35,Ille-et-Vilaine,2023-04-26,VALIDE,4142,,
2025-05-14,2025-05-14,3163,3 P'TIT TOUR,,Activé,4142,ROLE_DECLARANT1,41013812700015,35000,RENNES,Ille-et-Vilaine,Bretagne,DOS20196449,3-1006236,404999,,2024-07-12,CLOTURE,,true,,,2619,BARS EN TRANS,RENNES,35000,2023-04-26,VALIDE,4142,,,,,18088,L'AMROK,,6G RUE DE BREST,35000,RENNES,,35,Ille-et-Vilaine,2023-04-26,VALIDE,4142,,
2025-05-14,2025-05-14,3163,3 P'TIT TOUR,,Activé,4142,ROLE_DECLARANT1,41013812700015,35000,RENNES,Ille-et-Vilaine,Bretagne,DOS20196449,3-1006236,405000,,2024-07-12,CLOTURE,,true,,,2619,BARS EN TRANS,RENNES,35000,2023-04-26,VALIDE,4142,,,,,25901,DESORDRE,,18 RUE GEORGES CHARPAK,35000,RENNES,,35,Ille-et-Vilaine,2025-05-13,VALIDE,4142,,
2025-05-14,2025-05-14,3163,3 P'TIT TOUR,,Activé,4142,ROLE_DECLARANT1,41013812700015,35000,RENNES,Ille-et-Vilaine,Bretagne,DOS20196449,3-1006236,404998,,2024-07-12,CLOTURE,,true,,,2619,BARS EN TRANS,RENNES,35000,2023-04-26,VALIDE,4142,,,,,18106,LE 4 BIS,,4BIS COURS DES ALLIÉS,35000,RENNES,,35,Ille-et-Vilaine,2023-04-27,VALIDE,4142,,
2025-05-13,2025-05-13,3163,3 P'TIT TOUR,,Activé,4142,ROLE_DECLARANT1,41013812700015,35000,RENNES,Ille-et-Vilaine,Bretagne,DOS20196449,3-1006236,404612,,2024-06-12,CLOTURE,,true,,,2619,BARS EN TRANS,RENNES,35000,2023-04-26,VALIDE,4142,,,,,18087,LA TETE DE CHOU,,14 RUE KLEBER,35000,RENNES,,35,Ille-et-Vilaine,2023-04-26,VALIDE,4142,5239,Adresse
2025-05-13,2025-05-13,3163,3 P'TIT TOUR,,Activé,4142,ROLE_DECLARANT1,41013812700015,35000,RENNES,Ille-et-Vilaine,Bretagne,DOS20196449,3-1006236,404679,,2024-06-12,CLOTURE,,true,,,2619,BARS EN TRANS,RENNES,35000,2023-04-26,VALIDE,4142,,,,,25901,DESORDRE,,18 RUE GEORGES CHARPAK,35000,RENNES,,35,Ille-et-Vilaine,2025-05-13,VALIDE,4142,,
2025-06-01,2025-06-01,1416,COMMUNE DE BRUZ,LE GRAND LOGIS - VILLE DE BRUZ,Activé,1831,ROLE_SIB,21350047300151,35170,BRUZ,Ille-et-Vilaine,Bretagne,DOS20187008,1-1114454,353773,342,2024-06-12,CLOTURE,,false,,,,,,,,,,,,,,2089,COMMUNE DE BRUZ,,10  AV  DU GENERAL DE GAULLE,35170,BRUZ,21350047300151,35,Ille-et-Vilaine,2018-06-27,VALIDE,,,
2023-10-14,2023-10-14,3284,COMEDIE DE RENNES,,Activé,4315,ROLE_SIB,90319904000010,35700,RENNES,Ille-et-Vilaine,Bretagne,,PLATESV-D-2022-003733,239019,/event_dates/1116642,2023-08-10,CLOTURE,,false,,,,,,,,,,,,,,14581,COMÉDIE DE RENNES,,31 RUE XAVIER GRALL,35700,RENNES,,35,Ille-et-Vilaine,2022-06-24,VALIDE,4314,,
2023-10-23,2023-10-23,2761,LE GRAND SOUFFLET,Association,Activé,3559,ROLE_DECLARANT1,41896721200022,35131,CHARTRES-DE-BRETAGNE,Ille-et-Vilaine,Bretagne,DOS20197698,2-1123292,242393,,2023-08-10,CLOTURE,,false,,,705,LE GRAND SOUFFLET,RENNES,35000,2019-10-17,VALIDE,366,,,,,12654,CHAPITEAU PARC DU THABOR,,PLACE SAINT-MELAINE,35000,RENNES,,35,Ille-et-Vilaine,2021-12-13,VALIDE,3559,,
2023-10-23,2023-10-23,2761,LE GRAND SOUFFLET,Association,Activé,3559,ROLE_DECLARANT1,41896721200022,35131,CHARTRES-DE-BRETAGNE,Ille-et-Vilaine,Bretagne,DOS20197698,2-1123292,242392,,2023-07-10,CLOTURE,,false,,,705,LE GRAND SOUFFLET,RENNES,35000,2019-10-17,VALIDE,366,,,,,12654,CHAPITEAU PARC DU THABOR,,PLACE SAINT-MELAINE,35000,RENNES,,35,Ille-et-Vilaine,2021-12-13,VALIDE,3559,,
2023-10-13,2023-10-13,3284,COMEDIE DE RENNES,,Activé,4315,ROLE_SIB,90319904000010,35700,RENNES,Ille-et-Vilaine,Bretagne,,PLATESV-D-2022-003733,238796,/event_dates/1116635,2023-07-10,CLOTURE,,false,,,,,,,,,,,,,,14581,COMÉDIE DE RENNES,,31 RUE XAVIER GRALL,35700,RENNES,,35,Ille-et-Vilaine,2022-06-24,VALIDE,4314,,
2023-12-10,2023-12-10,3780,LA PAILLETTE,,Activé,5001,ROLE_SIB,77774969800034,35000,RENNES,Ille-et-Vilaine,Bretagne,52745,PLATESV-R-2020-009633,238608,/event_dates/889638,2023-06-10,CLOTURE,,false,,,,,,,,,,,,2868,ASS MJC LA PAILLETTE,9054,LA PAILLETTE,,2 RUE DU PRÉ DE BRIS,35000,RENNES,,35,Ille-et-Vilaine,2020-11-30,FUSIONNE,1551,89,
2024-04-26,2024-04-26,2287,CENTRE DE PRODUCTION DES PAROLES CONTEMPORAINES,,Activé,3407,ROLE_SIB,41812021800049,35136,SAINT-JACQUES-DE-LA-LANDE,Ille-et-Vilaine,Bretagne,59859,PLATESV-R-2021-000431,296610,00130000000060,2023-06-10,CLOTURE,,false,,,,,,,,,,,,,,12004,CENTRE DE PRODUCTION DES PAROLES CONTEMPORAINES,,2  PL  JULES VALLES,35136,SAINT-JACQUES-DE-LA-LANDE,41812021800049,35,Ille-et-Vilaine,2021-10-25,VALIDE,3407,,
2024-03-14,2024-03-14,3063,LE GRAND CORDEL MAISON DES JEUNES ET DE LA CULTURE,Association,Activé,5994,ROLE_DECLARANT2,77774992000024,35700,RENNES,Ille-et-Vilaine,Bretagne,DOS20196625,1-1039842,279418,,2023-06-10,CLOTURE,,false,,,,,,,,,,,,,,3354,LE GRAND CORDEL MAISON DES JEUNES ET DE LA CULTURE,,18  RUE  DES PLANTES,35700,RENNES,77774992000024,35,Ille-et-Vilaine,2018-06-27,VALIDE,,,
2023-12-19,2023-12-19,176,ANTIPODE MJC RENNES,ANTIPODE,Activé,3639,ROLE_SIB,77774999500018,35000,RENNES,Ille-et-Vilaine,Bretagne,,3-1019092,256381,event_533,2023-05-10,CLOTURE,,true,,,,,,,,,,,,,,13768,ANTIPODE,Antipode - PARVIS AGNÈS VARDA,75 AVENUE JULES MANIEZ,35000,RENNES,,35,Ille-et-Vilaine,2022-05-04,VALIDE,3639,5238,
2025-12-02,2025-12-02,3284,COMEDIE DE RENNES,,Activé,4315,ROLE_SIB,90319904000010,35700,RENNES,Ille-et-Vilaine,Bretagne,,PLATESV-D-2022-003733,369020,/event_dates/1857301,2025-06-02,CLOTURE,,false,,,,,,,,,,,,,,14581,COMÉDIE DE RENNES,,31 RUE XAVIER GRALL,35700,RENNES,,35,Ille-et-Vilaine,2022-06-24,VALIDE,4314,,
2025-08-04,2025-08-04,3063,LE GRAND CORDEL MAISON DES JEUNES ET DE LA CULTURE,Association,Activé,5994,ROLE_DECLARANT2,77774992000024,35700,RENNES,Ille-et-Vilaine,Bretagne,DOS20196625,1-1039842,389410,,2025-03-26,CLOTURE,,false,,,4283,FESTIVAL ECRIRE ET DIRE,RENNES,35700,2025-08-04,VALIDE,5994,,,,,25433,LIBRAIRIE COMMENT DIRE,,5 RUE JULES SIMON,35000,RENNES,,35,Ille-et-Vilaine,2025-08-04,VALIDE,5994,,
2024-09-01,2024-09-01,58,THEATRE NATIONAL DE BRETAGNE - T.N.B. CENTRE EUROPEEN DE PRODUCTION THEATRALE ET CHOREGRAPHIQUE,THEATRE NATIONAL DE BRETAGNE - T.N.B.,Activé,53,ROLE_DECLARANT1,37921397800016,35000,RENNES,Ille-et-Vilaine,Bretagne,,3-1099111,260709,,2023-03-10,CLOTURE,,false,,,,,,,,,,,,,,20426,TNB,,1 RUE SAINT-HÉLIER,35000,RENNES,,35,Ille-et-Vilaine,2024-09-01,VALIDE,53,5238,
2025-02-04,2025-02-04,1416,COMMUNE DE BRUZ,LE GRAND LOGIS - VILLE DE BRUZ,Activé,1831,ROLE_SIB,21350047300151,35170,BRUZ,Ille-et-Vilaine,Bretagne,DOS20187008,1-1114454,386760,329,2025-04-02,CLOTURE,,false,,,,,,,,,,,,,,2089,COMMUNE DE BRUZ,,10  AV  DU GENERAL DE GAULLE,35170,BRUZ,21350047300151,35,Ille-et-Vilaine,2018-06-27,VALIDE,,,
2025-06-03,2025-06-03,58,THEATRE NATIONAL DE BRETAGNE - T.N.B. CENTRE EUROPEEN DE PRODUCTION THEATRALE ET CHOREGRAPHIQUE,THEATRE NATIONAL DE BRETAGNE - T.N.B.,Activé,53,ROLE_DECLARANT1,37921397800016,35000,RENNES,Ille-et-Vilaine,Bretagne,,3-1099111,376190,,2025-04-02,CLOTURE,,false,,,,,,,,,,,,,,20426,TNB,,1 RUE SAINT-HÉLIER,35000,RENNES,,35,Ille-et-Vilaine,2024-09-01,VALIDE,53,5238,
2025-05-14,2025-05-14,176,ANTIPODE MJC RENNES,ANTIPODE,Activé,3639,ROLE_SIB,77774999500018,35000,RENNES,Ille-et-Vilaine,Bretagne,,3-1019092,405033,declaration_277_2025_1,2025-02-02,CLOTURE,,false,,,4389,Festival Autres mesures,RENNES,35000,2025-05-14,VALIDE,3639,,,,,13768,ANTIPODE,Antipode - PARVIS AGNÈS VARDA,75 AVENUE JULES MANIEZ,35000,RENNES,,35,Ille-et-Vilaine,2022-05-04,VALIDE,3639,5238,
2024-06-28,2024-06-28,542,ASSOCIATION TRANS MUSICALES,ATM,Activé,597,ROLE_DECLARANT1,33886426700020,35000,RENNES,Ille-et-Vilaine,Bretagne,,3-1032090,311827,,2024-04-22,CLOTURE,,false,,,,,,,,,,,,,,5761,UBU,,10/12 RUE JEAN GUY CS 73912,35039,RENNES CEDEX,33886426700020,35,Ille-et-Vilaine,2019-02-21,VALIDE,,,
2023-12-10,2023-12-10,3780,LA PAILLETTE,,Activé,5001,ROLE_SIB,77774969800034,35000,RENNES,Ille-et-Vilaine,Bretagne,52745,PLATESV-R-2020-009633,238598,/event_dates/895651,2023-09-30,CLOTURE,,true,,,,,,,,,,,,2868,ASS MJC LA PAILLETTE,9054,LA PAILLETTE,,2 RUE DU PRÉ DE BRIS,35000,RENNES,,35,Ille-et-Vilaine,2020-11-30,FUSIONNE,1551,89,
2023-03-10,2023-03-10,1416,COMMUNE DE BRUZ,LE GRAND LOGIS - VILLE DE BRUZ,Activé,1831,ROLE_SIB,21350047300151,35170,BRUZ,Ille-et-Vilaine,Bretagne,DOS20187008,1-1114454,236758,256,2023-09-29,CLOTURE,,false,,,,,,,,,,,,,,2089,COMMUNE DE BRUZ,,10  AV  DU GENERAL DE GAULLE,35170,BRUZ,21350047300151,35,Ille-et-Vilaine,2018-06-27,VALIDE,,,
2024-07-13,2024-07-13,2934,COMMUNE DE RENNES,OPERA DE RENNES,Activé,3842,ROLE_DECLARANT1,21350238800076,35000,RENNES,Ille-et-Vilaine,Bretagne,84250,PLATESV-R-2021-012024,316199,,2024-04-20,CLOTURE,,false,,,,,,,,,,,,,,503,COMMUNE DE RENNES,,PL  DE LA MAIRIE,35000,RENNES,21350238800019,35,Ille-et-Vilaine,2018-06-27,VALIDE,,,
2024-07-13,2024-07-13,2934,COMMUNE DE RENNES,OPERA DE RENNES,Activé,3842,ROLE_DECLARANT1,21350238800076,35000,RENNES,Ille-et-Vilaine,Bretagne,84250,PLATESV-R-2021-012024,316201,,2024-04-20,CLOTURE,,false,,,,,,,,,,,,,,503,COMMUNE DE RENNES,,PL  DE LA MAIRIE,35000,RENNES,21350238800019,35,Ille-et-Vilaine,2018-06-27,VALIDE,,,
2025-02-04,2025-02-04,1416,COMMUNE DE BRUZ,LE GRAND LOGIS - VILLE DE BRUZ,Activé,1831,ROLE_SIB,21350047300151,35170,BRUZ,Ille-et-Vilaine,Bretagne,DOS20187008,1-1114454,386762,331,2025-01-31,CLOTURE,,false,,,,,,,,,,,,,,2089,COMMUNE DE BRUZ,,10  AV  DU GENERAL DE GAULLE,35170,BRUZ,21350047300151,35,Ille-et-Vilaine,2018-06-27,VALIDE,,,
2023-12-10,2023-12-10,3780,LA PAILLETTE,,Activé,5001,ROLE_SIB,77774969800034,35000,RENNES,Ille-et-Vilaine,Bretagne,52745,PLATESV-R-2020-009633,238596,/event_dates/895637,2023-09-29,CLOTURE,,true,,,,,,,,,,,,2868,ASS MJC LA PAILLETTE,9054,LA PAILLETTE,,2 RUE DU PRÉ DE BRIS,35000,RENNES,,35,Ille-et-Vilaine,2020-11-30,FUSIONNE,1551,89,
2024-07-16,2024-07-16,3163,3 P'TIT TOUR,,Activé,4142,ROLE_DECLARANT1,41013812700015,35000,RENNES,Ille-et-Vilaine,Bretagne,DOS20196449,3-1006236,318291,,2024-04-19,CLOTURE,,true,,,,,,,,,,,,,,13717,LA BULLE CAFÉ,,47-49 RUE D'ARRAS,59000,LILLE,,59,Nord,2022-01-04,VALIDE,1708,5238,Adresse
2023-10-19,2023-10-19,3820,THEATRE L'AIRE LIBRE,,Activé,5047,ROLE_DECLARANT2,92262510800019,35136,SAINT-JACQUES-DE-LA-LANDE,Ille-et-Vilaine,Bretagne,,PLATESV-D-2023-000211,241889,,2023-09-29,CLOTURE,,false,,,2971,VIVANT.ES,SAINT-JACQUES-DE-LA-LANDE,35136,2023-10-19,VALIDE,5047,,,2807,L'AIRE LIBRE,8902,L'AIRE LIBRE,,2 PLACE JULES VALLÈS,35136,SAINT-JACQUES-DE-LA-LANDE,,35,Ille-et-Vilaine,2020-10-11,FUSIONNE,597,,
2025-02-04,2025-02-04,1584,ORCHESTRE NATIONAL DE BRETAGNE,ORCHESTRE NATIONAL DE BRETAGNE,Activé,5671,ROLE_DECLARANT2,35010209100021,35000,RENNES,Ille-et-Vilaine,Bretagne,DOS20183137,2-1054646,386105,,2025-01-31,CLOTURE,,false,,,,,,,,,,,,,,9345,OPÉRA DE RENNES,Opéra de Rennes,PLACE DE LA MAIRIE,35000,RENNES,,35,Ille-et-Vilaine,2021-06-01,VALIDE,2015,89,Adresse
2023-10-19,2023-10-19,3820,THEATRE L'AIRE LIBRE,,Activé,5047,ROLE_DECLARANT2,92262510800019,35136,SAINT-JACQUES-DE-LA-LANDE,Ille-et-Vilaine,Bretagne,,PLATESV-D-2023-000211,241801,,2023-09-28,CLOTURE,,false,,,2971,VIVANT.ES,SAINT-JACQUES-DE-LA-LANDE,35136,2023-10-19,VALIDE,5047,,,2807,L'AIRE LIBRE,8902,L'AIRE LIBRE,,2 PLACE JULES VALLÈS,35136,SAINT-JACQUES-DE-LA-LANDE,,35,Ille-et-Vilaine,2020-10-11,FUSIONNE,597,,
2024-11-07,2024-11-07,1416,COMMUNE DE BRUZ,LE GRAND LOGIS - VILLE DE BRUZ,Activé,1831,ROLE_SIB,21350047300151,35170,BRUZ,Ille-et-Vilaine,Bretagne,DOS20187008,1-1114454,315878,277,2024-04-18,CLOTURE,,false,,,,,,,,,,,,,,2089,COMMUNE DE BRUZ,,10  AV  DU GENERAL DE GAULLE,35170,BRUZ,21350047300151,35,Ille-et-Vilaine,2018-06-27,VALIDE,,,
2025-05-13,2025-05-13,3163,3 P'TIT TOUR,,Activé,4142,ROLE_DECLARANT1,41013812700015,35000,RENNES,Ille-et-Vilaine,Bretagne,DOS20196449,3-1006236,404600,,2024-05-12,CLOTURE,,true,,,2619,BARS EN TRANS,RENNES,35000,2023-04-26,VALIDE,4142,,,,,18087,LA TETE DE CHOU,,14 RUE KLEBER,35000,RENNES,,35,Ille-et-Vilaine,2023-04-26,VALIDE,4142,5239,Adresse
2023-10-17,2023-10-17,3602,DANSE A TOUS LES ETAGES,DANSE A TOUS LES ETAGES CDCN RENNES,Activé,4750,ROLE_DECLARANT1,41281004600026,35000,RENNES,Ille-et-Vilaine,Bretagne,35367,PLATESV-D-2020-001650,240256,,2023-09-24,CLOTURE,,false,,,2290,Cap Danse,CONCARNEAU,29900,2022-11-18,VALIDE,4750,,,,,13222,LE STERENN,,RUE JACQUES PRÉVERT,29910,TRÉGUNC,,29,Finistère,2022-01-24,VALIDE,1037,5238,Adresse
2025-05-13,2025-05-13,3163,3 P'TIT TOUR,,Activé,4142,ROLE_DECLARANT1,41013812700015,35000,RENNES,Ille-et-Vilaine,Bretagne,DOS20196449,3-1006236,404573,,2024-05-12,CLOTURE,,true,,,2619,BARS EN TRANS,RENNES,35000,2023-04-26,VALIDE,4142,,,,,18082,LA CAVALE,,2 RUE DE REDON,35000,RENNES,,35,Ille-et-Vilaine,2023-04-26,VALIDE,4142,,
2024-07-24,2024-07-24,176,ANTIPODE MJC RENNES,ANTIPODE,Activé,3639,ROLE_SIB,77774999500018,35000,RENNES,Ille-et-Vilaine,Bretagne,,3-1019092,320805,event_571,2024-04-13,CLOTURE,,false,,,,,,,,,,,,,,13768,ANTIPODE,Antipode - PARVIS AGNÈS VARDA,75 AVENUE JULES MANIEZ,35000,RENNES,,35,Ille-et-Vilaine,2022-05-04,VALIDE,3639,5238,
2024-12-18,2024-12-18,3780,LA PAILLETTE,,Activé,5001,ROLE_SIB,77774969800034,35000,RENNES,Ille-et-Vilaine,Bretagne,52745,PLATESV-R-2020-009633,349831,/event_dates/1397350,2024-04-12,CLOTURE,,false,,,,,,,,,,,,2868,ASS MJC LA PAILLETTE,9054,LA PAILLETTE,,2 RUE DU PRÉ DE BRIS,35000,RENNES,,35,Ille-et-Vilaine,2020-11-30,FUSIONNE,1551,89,
2025-03-28,2025-03-28,3284,COMEDIE DE RENNES,,Activé,4315,ROLE_SIB,90319904000010,35700,RENNES,Ille-et-Vilaine,Bretagne,,PLATESV-D-2022-003733,383746,/event_dates/1854900,2025-03-22,CLOTURE,,false,,,,,,,,,,,,,,14581,COMÉDIE DE RENNES,,31 RUE XAVIER GRALL,35700,RENNES,,35,Ille-et-Vilaine,2022-06-24,VALIDE,4314,,
2025-02-04,2025-02-04,1416,COMMUNE DE BRUZ,LE GRAND LOGIS - VILLE DE BRUZ,Activé,1831,ROLE_SIB,21350047300151,35170,BRUZ,Ille-et-Vilaine,Bretagne,DOS20187008,1-1114454,386763,337,2025-03-21,CLOTURE,,false,,,,,,,,,,,,,,2089,COMMUNE DE BRUZ,,10  AV  DU GENERAL DE GAULLE,35170,BRUZ,21350047300151,35,Ille-et-Vilaine,2018-06-27,VALIDE,,,
2023-09-26,2023-09-26,3284,COMEDIE DE RENNES,,Activé,4315,ROLE_SIB,90319904000010,35700,RENNES,Ille-et-Vilaine,Bretagne,,PLATESV-D-2022-003733,235683,/event_dates/1050414,2023-09-20,CLOTURE,,false,,,,,,,,,,,,,,14581,COMÉDIE DE RENNES,,31 RUE XAVIER GRALL,35700,RENNES,,35,Ille-et-Vilaine,2022-06-24,VALIDE,4314,,
2024-04-19,2024-04-19,3284,COMEDIE DE RENNES,,Activé,4315,ROLE_SIB,90319904000010,35700,RENNES,Ille-et-Vilaine,Bretagne,,PLATESV-D-2022-003733,292612,/event_dates/1301289,2024-04-13,CLOTURE,,false,,,,,,,,,,,,,,14581,COMÉDIE DE RENNES,,31 RUE XAVIER GRALL,35700,RENNES,,35,Ille-et-Vilaine,2022-06-24,VALIDE,4314,,
2024-04-15,2024-04-15,3255,LE CARRE MAGIQUE,FESTIVAL INTERNATIONAL VIVE LA MAGIE,Activé,4271,ROLE_DECLARANT1,75367092600033,35000,RENNES,Ille-et-Vilaine,Bretagne,93877,PLATESV-R-2022-001102,291545,,2024-04-13,CLOTURE,,false,,,,,,,,,,,,,,7191,PALAIS DES CONGRÈS DE MONTELIMAR -CHARLES AZNAVOUR,,AVENUE DU 14 JUILLET 1789,26200,MONTÉLIMAR,,26,Drôme,2020-03-01,VALIDE,1050,,
2024-07-19,2024-07-19,1429,COMMUNE DE BETTON,Salle Confluence - Betton,Activé,1780,ROLE_SIB,21350024200259,35830,Betton,Ille-et-Vilaine,Bretagne,,PLATESV-R-2020-005656,319505,325,2024-12-04,CLOTURE,,false,,,,,,,,,,,,,,8489,LA CONFLUENCE,,PLACE CHARLES DE GAULLE,35830,BETTON,,35,Ille-et-Vilaine,2020-09-22,VALIDE,1780,5238,
2024-07-25,2024-07-25,2287,CENTRE DE PRODUCTION DES PAROLES CONTEMPORAINES,,Activé,3407,ROLE_SIB,41812021800049,35136,SAINT-JACQUES-DE-LA-LANDE,Ille-et-Vilaine,Bretagne,59859,PLATESV-R-2021-000431,321242,00130000000086,2024-12-04,CLOTURE,,false,,,2146,FESTIVAL MYTHOS,RENNES,35000,2022-11-10,VALIDE,3407,,,,,12004,CENTRE DE PRODUCTION DES PAROLES CONTEMPORAINES,,2  PL  JULES VALLES,35136,SAINT-JACQUES-DE-LA-LANDE,41812021800049,35,Ille-et-Vilaine,2021-10-25,VALIDE,3407,,
2025-06-01,2025-06-01,1416,COMMUNE DE BRUZ,LE GRAND LOGIS - VILLE DE BRUZ,Activé,1831,ROLE_SIB,21350047300151,35170,BRUZ,Ille-et-Vilaine,Bretagne,DOS20187008,1-1114454,353765,308,2024-12-13,CLOTURE,,false,,,,,,,,,,,,,,2089,COMMUNE DE BRUZ,,10  AV  DU GENERAL DE GAULLE,35170,BRUZ,21350047300151,35,Ille-et-Vilaine,2018-06-27,VALIDE,,,
2024-07-25,2024-07-25,2287,CENTRE DE PRODUCTION DES PAROLES CONTEMPORAINES,,Activé,3407,ROLE_SIB,41812021800049,35136,SAINT-JACQUES-DE-LA-LANDE,Ille-et-Vilaine,Bretagne,59859,PLATESV-R-2021-000431,321240,00130000000084,2024-11-04,CLOTURE,,false,,,2146,FESTIVAL MYTHOS,RENNES,35000,2022-11-10,VALIDE,3407,,,,,12004,CENTRE DE PRODUCTION DES PAROLES CONTEMPORAINES,,2  PL  JULES VALLES,35136,SAINT-JACQUES-DE-LA-LANDE,41812021800049,35,Ille-et-Vilaine,2021-10-25,VALIDE,3407,,
2024-07-25,2024-07-25,2287,CENTRE DE PRODUCTION DES PAROLES CONTEMPORAINES,,Activé,3407,ROLE_SIB,41812021800049,35136,SAINT-JACQUES-DE-LA-LANDE,Ille-et-Vilaine,Bretagne,59859,PLATESV-R-2021-000431,321237,00130000000082,2024-10-04,CLOTURE,,false,,,2146,FESTIVAL MYTHOS,RENNES,35000,2022-11-10,VALIDE,3407,,,,,12004,CENTRE DE PRODUCTION DES PAROLES CONTEMPORAINES,,2  PL  JULES VALLES,35136,SAINT-JACQUES-DE-LA-LANDE,41812021800049,35,Ille-et-Vilaine,2021-10-25,VALIDE,3407,,
2025-03-27,2025-03-27,3780,LA PAILLETTE,,Activé,5001,ROLE_SIB,77774969800034,35000,RENNES,Ille-et-Vilaine,Bretagne,52745,PLATESV-R-2020-009633,383413,/event_dates/1397448,2025-03-21,CLOTURE,,false,,,,,,,,,,,,2868,ASS MJC LA PAILLETTE,9054,LA PAILLETTE,,2 RUE DU PRÉ DE BRIS,35000,RENNES,,35,Ille-et-Vilaine,2020-11-30,FUSIONNE,1551,89,
2024-08-28,2024-08-28,2641,MAISON DES JEUNES ET CULTURE DE PACE,,Activé,3356,ROLE_SIB,30593736900026,35740,PACE,Ille-et-Vilaine,Bretagne,31372,PLATESV-R-2020-000949,325283,190,2024-09-04,CLOTURE,,false,,,,,,,,,,,,,,11393,ESCAPADE,,6 AVENUE CHARLES LE GOFFIC,35740,PACÉ,,35,Ille-et-Vilaine,2021-09-24,VALIDE,3356,5239,
2025-03-27,2025-03-27,3780,LA PAILLETTE,,Activé,5001,ROLE_SIB,77774969800034,35000,RENNES,Ille-et-Vilaine,Bretagne,52745,PLATESV-R-2020-009633,383412,/event_dates/1423747,2025-03-21,CLOTURE,,false,,,,,,,,,,,,2868,ASS MJC LA PAILLETTE,9054,LA PAILLETTE,,2 RUE DU PRÉ DE BRIS,35000,RENNES,,35,Ille-et-Vilaine,2020-11-30,FUSIONNE,1551,89,
2024-07-25,2024-07-25,2287,CENTRE DE PRODUCTION DES PAROLES CONTEMPORAINES,,Activé,3407,ROLE_SIB,41812021800049,35136,SAINT-JACQUES-DE-LA-LANDE,Ille-et-Vilaine,Bretagne,59859,PLATESV-R-2021-000431,321232,00130000000077,2024-08-04,CLOTURE,,false,,,2146,FESTIVAL MYTHOS,RENNES,35000,2022-11-10,VALIDE,3407,,,,,12004,CENTRE DE PRODUCTION DES PAROLES CONTEMPORAINES,,2  PL  JULES VALLES,35136,SAINT-JACQUES-DE-LA-LANDE,41812021800049,35,Ille-et-Vilaine,2021-10-25,VALIDE,3407,,
2024-05-21,2024-05-21,572,CENTRE CULTUREL TRIANGLE,LE TRIANGLE,Activé,631,ROLE_DECLARANT1,32327735000035,35200,RENNES,Ille-et-Vilaine,Bretagne,,3-1014237,302626,,2024-08-04,CLOTURE,,false,,,,,,,,,,,,,,2390,CENTRE CULTUREL TRIANGLE,,BD  DE YOUGOSLAVIE,35200,RENNES,32327735000035,35,Ille-et-Vilaine,2018-06-27,VALIDE,,,
2024-08-28,2024-08-28,2641,MAISON DES JEUNES ET CULTURE DE PACE,,Activé,3356,ROLE_SIB,30593736900026,35740,PACE,Ille-et-Vilaine,Bretagne,31372,PLATESV-R-2020-000949,325282,183,2024-07-04,CLOTURE,,false,,,,,,,,,,,,,,7088,LE PONANT,,BOULEVARD PATRICE DUMAINE DE LA JOSSERIE,35740,PACÉ,,35,Ille-et-Vilaine,2020-02-01,VALIDE,1088,89,
2025-03-04,2025-03-04,58,THEATRE NATIONAL DE BRETAGNE - T.N.B. CENTRE EUROPEEN DE PRODUCTION THEATRALE ET CHOREGRAPHIQUE,THEATRE NATIONAL DE BRETAGNE - T.N.B.,Activé,53,ROLE_DECLARANT1,37921397800016,35000,RENNES,Ille-et-Vilaine,Bretagne,,3-1099111,387568,,2025-03-19,CLOTURE,,false,,,,,,,,,,,,,,20426,TNB,,1 RUE SAINT-HÉLIER,35000,RENNES,,35,Ille-et-Vilaine,2024-09-01,VALIDE,53,5238,
2023-01-09,2023-01-09,3284,COMEDIE DE RENNES,,Activé,4315,ROLE_SIB,90319904000010,35700,RENNES,Ille-et-Vilaine,Bretagne,,PLATESV-D-2022-003733,232533,/event_dates/911856,2023-08-26,CLOTURE,,false,,,,,,,,,,,,,,14581,COMÉDIE DE RENNES,,31 RUE XAVIER GRALL,35700,RENNES,,35,Ille-et-Vilaine,2022-06-24,VALIDE,4314,,
2024-07-25,2024-07-25,2287,CENTRE DE PRODUCTION DES PAROLES CONTEMPORAINES,,Activé,3407,ROLE_SIB,41812021800049,35136,SAINT-JACQUES-DE-LA-LANDE,Ille-et-Vilaine,Bretagne,59859,PLATESV-R-2021-000431,321225,00130000000069,2024-05-04,CLOTURE,,false,,,2146,FESTIVAL MYTHOS,RENNES,35000,2022-11-10,VALIDE,3407,,,,,12004,CENTRE DE PRODUCTION DES PAROLES CONTEMPORAINES,,2  PL  JULES VALLES,35136,SAINT-JACQUES-DE-LA-LANDE,41812021800049,35,Ille-et-Vilaine,2021-10-25,VALIDE,3407,,
2023-08-31,2023-08-31,3284,COMEDIE DE RENNES,,Activé,4315,ROLE_SIB,90319904000010,35700,RENNES,Ille-et-Vilaine,Bretagne,,PLATESV-D-2022-003733,232383,/event_dates/911849,2023-08-25,CLOTURE,,false,,,,,,,,,,,,,,14581,COMÉDIE DE RENNES,,31 RUE XAVIER GRALL,35700,RENNES,,35,Ille-et-Vilaine,2022-06-24,VALIDE,4314,,
2023-08-30,2023-08-30,3284,COMEDIE DE RENNES,,Activé,4315,ROLE_SIB,90319904000010,35700,RENNES,Ille-et-Vilaine,Bretagne,,PLATESV-D-2022-003733,232286,/event_dates/911842,2023-08-24,CLOTURE,,false,,,,,,,,,,,,,,14581,COMÉDIE DE RENNES,,31 RUE XAVIER GRALL,35700,RENNES,,35,Ille-et-Vilaine,2022-06-24,VALIDE,4314,,
2025-03-28,2025-03-28,58,THEATRE NATIONAL DE BRETAGNE - T.N.B. CENTRE EUROPEEN DE PRODUCTION THEATRALE ET CHOREGRAPHIQUE,THEATRE NATIONAL DE BRETAGNE - T.N.B.,Activé,53,ROLE_DECLARANT1,37921397800016,35000,RENNES,Ille-et-Vilaine,Bretagne,,3-1099111,384157,,2025-03-18,CLOTURE,,false,,,,,,,,,,,,,,20426,TNB,,1 RUE SAINT-HÉLIER,35000,RENNES,,35,Ille-et-Vilaine,2024-09-01,VALIDE,53,5238,
2024-05-31,2024-05-31,2934,COMMUNE DE RENNES,OPERA DE RENNES,Activé,3842,ROLE_DECLARANT1,21350238800076,35000,RENNES,Ille-et-Vilaine,Bretagne,84250,PLATESV-R-2021-012024,305290,,2024-04-04,CLOTURE,,false,,,,,,,,,,,,,,503,COMMUNE DE RENNES,,PL  DE LA MAIRIE,35000,RENNES,21350238800019,35,Ille-et-Vilaine,2018-06-27,VALIDE,,,
2024-12-17,2024-12-17,176,ANTIPODE MJC RENNES,ANTIPODE,Activé,3639,ROLE_SIB,77774999500018,35000,RENNES,Ille-et-Vilaine,Bretagne,,3-1019092,349647,event_558,2024-04-04,CLOTURE,,false,,,,,,,,,,,,,,13768,ANTIPODE,Antipode - PARVIS AGNÈS VARDA,75 AVENUE JULES MANIEZ,35000,RENNES,,35,Ille-et-Vilaine,2022-05-04,VALIDE,3639,5238,
2025-07-04,2025-07-04,542,ASSOCIATION TRANS MUSICALES,ATM,Activé,597,ROLE_DECLARANT1,33886426700020,35000,RENNES,Ille-et-Vilaine,Bretagne,,3-1032090,388868,,2025-03-15,CLOTURE,,false,,,,,,,,,,,,,,7843,UBU,,1 RUE SAINT-HÉLIER,35000,RENNES,,35,Ille-et-Vilaine,2020-02-26,VALIDE,597,,
2024-11-28,2024-11-28,3848,PARAPENTE,,Activé,5083,ROLE_DECLARANT1,79913195800024,35000,RENNES,Ille-et-Vilaine,Bretagne,65071,PLATESV-D-2021-001233,344517,,2024-04-04,CLOTURE,,false,,,,,,,,,,,,,,14482,THÉÂTRE LE MÉTROPOLE,Théâtre le Métropole,39 RUE DU SENTIER,75002,PARIS,,75,Paris,2022-06-17,VALIDE,4286,,
2024-06-27,2024-06-27,58,THEATRE NATIONAL DE BRETAGNE - T.N.B. CENTRE EUROPEEN DE PRODUCTION THEATRALE ET CHOREGRAPHIQUE,THEATRE NATIONAL DE BRETAGNE - T.N.B.,Activé,53,ROLE_DECLARANT1,37921397800016,35000,RENNES,Ille-et-Vilaine,Bretagne,,3-1099111,311433,,2024-03-04,CLOTURE,,false,,,,,,,,,,,,,,20426,TNB,,1 RUE SAINT-HÉLIER,35000,RENNES,,35,Ille-et-Vilaine,2024-09-01,VALIDE,53,5238,
2025-02-04,2025-02-04,1584,ORCHESTRE NATIONAL DE BRETAGNE,ORCHESTRE NATIONAL DE BRETAGNE,Activé,5671,ROLE_DECLARANT2,35010209100021,35000,RENNES,Ille-et-Vilaine,Bretagne,DOS20183137,2-1054646,386109,,2025-03-25,CLOTURE,,false,,,,,,,,,,,,,,9345,OPÉRA DE RENNES,Opéra de Rennes,PLACE DE LA MAIRIE,35000,RENNES,,35,Ille-et-Vilaine,2021-06-01,VALIDE,2015,89,Adresse
2025-05-14,2025-05-14,176,ANTIPODE MJC RENNES,ANTIPODE,Activé,3639,ROLE_SIB,77774999500018,35000,RENNES,Ille-et-Vilaine,Bretagne,,3-1019092,405025,declaration_288_2025_1,2025-03-22,CLOTURE,,false,,,,,,,,,,,,,,13768,ANTIPODE,Antipode - PARVIS AGNÈS VARDA,75 AVENUE JULES MANIEZ,35000,RENNES,,35,Ille-et-Vilaine,2022-05-04,VALIDE,3639,5238,
2025-07-04,2025-07-04,542,ASSOCIATION TRANS MUSICALES,ATM,Activé,597,ROLE_DECLARANT1,33886426700020,35000,RENNES,Ille-et-Vilaine,Bretagne,,3-1032090,388834,,2025-01-02,CLOTURE,,false,,,,,,,,,,,,,,7843,UBU,,1 RUE SAINT-HÉLIER,35000,RENNES,,35,Ille-et-Vilaine,2020-02-26,VALIDE,597,,
2024-04-24,2024-04-24,176,ANTIPODE MJC RENNES,ANTIPODE,Activé,3639,ROLE_SIB,77774999500018,35000,RENNES,Ille-et-Vilaine,Bretagne,,3-1019092,295652,event_549,2024-03-29,CLOTURE,,false,,,,,,,,,,,,,,13768,ANTIPODE,Antipode - PARVIS AGNÈS VARDA,75 AVENUE JULES MANIEZ,35000,RENNES,,35,Ille-et-Vilaine,2022-05-04,VALIDE,3639,5238,
2024-05-04,2024-05-04,2934,COMMUNE DE RENNES,OPERA DE RENNES,Activé,3842,ROLE_DECLARANT1,21350238800076,35000,RENNES,Ille-et-Vilaine,Bretagne,84250,PLATESV-R-2021-012024,287086,,2024-03-29,CLOTURE,,false,,,,,,,,,,,,,,503,COMMUNE DE RENNES,,PL  DE LA MAIRIE,35000,RENNES,21350238800019,35,Ille-et-Vilaine,2018-06-27,VALIDE,,,
2025-07-02,2025-07-02,3284,COMEDIE DE RENNES,,Activé,4315,ROLE_SIB,90319904000010,35700,RENNES,Ille-et-Vilaine,Bretagne,,PLATESV-D-2022-003733,366811,/event_dates/1768247,2025-01-02,CLOTURE,,false,,,,,,,,,,,,,,14581,COMÉDIE DE RENNES,,31 RUE XAVIER GRALL,35700,RENNES,,35,Ille-et-Vilaine,2022-06-24,VALIDE,4314,,
2025-03-07,2025-03-07,1416,COMMUNE DE BRUZ,LE GRAND LOGIS - VILLE DE BRUZ,Activé,1831,ROLE_SIB,21350047300151,35170,BRUZ,Ille-et-Vilaine,Bretagne,DOS20187008,1-1114454,417512,333,2025-06-26,CLOTURE,,false,,,,,,,,,,,,,,2089,COMMUNE DE BRUZ,,10  AV  DU GENERAL DE GAULLE,35170,BRUZ,21350047300151,35,Ille-et-Vilaine,2018-06-27,VALIDE,,,
2025-04-17,2025-04-17,3284,COMEDIE DE RENNES,,Activé,4315,ROLE_SIB,90319904000010,35700,RENNES,Ille-et-Vilaine,Bretagne,,PLATESV-D-2022-003733,396490,/event_dates/1890145,2025-11-04,CLOTURE,,false,,,,,,,,,,,,,,14581,COMÉDIE DE RENNES,,31 RUE XAVIER GRALL,35700,RENNES,,35,Ille-et-Vilaine,2022-06-24,VALIDE,4314,,
2025-04-16,2025-04-16,3284,COMEDIE DE RENNES,,Activé,4315,ROLE_SIB,90319904000010,35700,RENNES,Ille-et-Vilaine,Bretagne,,PLATESV-D-2022-003733,395846,/event_dates/1890138,2025-10-04,CLOTURE,,false,,,,,,,,,,,,,,14581,COMÉDIE DE RENNES,,31 RUE XAVIER GRALL,35700,RENNES,,35,Ille-et-Vilaine,2022-06-24,VALIDE,4314,,
2025-04-02,2025-04-02,58,THEATRE NATIONAL DE BRETAGNE - T.N.B. CENTRE EUROPEEN DE PRODUCTION THEATRALE ET CHOREGRAPHIQUE,THEATRE NATIONAL DE BRETAGNE - T.N.B.,Activé,53,ROLE_DECLARANT1,37921397800016,35000,RENNES,Ille-et-Vilaine,Bretagne,,3-1099111,365988,,2025-01-31,CLOTURE,,false,,,,,,,,,,,,,,20426,TNB,,1 RUE SAINT-HÉLIER,35000,RENNES,,35,Ille-et-Vilaine,2024-09-01,VALIDE,53,5238,
2025-04-02,2025-04-02,3780,LA PAILLETTE,,Activé,5001,ROLE_SIB,77774969800034,35000,RENNES,Ille-et-Vilaine,Bretagne,52745,PLATESV-R-2020-009633,365715,/event_dates/1397385,2025-01-29,CLOTURE,,true,,,,,,,,,,,,2868,ASS MJC LA PAILLETTE,9054,LA PAILLETTE,,2 RUE DU PRÉ DE BRIS,35000,RENNES,,35,Ille-et-Vilaine,2020-11-30,FUSIONNE,1551,89,
2025-02-04,2025-02-04,1584,ORCHESTRE NATIONAL DE BRETAGNE,ORCHESTRE NATIONAL DE BRETAGNE,Activé,5671,ROLE_DECLARANT2,35010209100021,35000,RENNES,Ille-et-Vilaine,Bretagne,DOS20183137,2-1054646,386112,,2025-01-29,CLOTURE,,false,,,,,,,,,,,,,,9345,OPÉRA DE RENNES,Opéra de Rennes,PLACE DE LA MAIRIE,35000,RENNES,,35,Ille-et-Vilaine,2021-06-01,VALIDE,2015,89,Adresse
2025-04-02,2025-04-02,1291,ASSOCIATION LILLICO,,Activé,6234,ROLE_SIB,78975485000038,35000,RENNES,Ille-et-Vilaine,Bretagne,,PLATESV-D-2020-000183,365703,/event_dates/1492991,2025-01-29,CLOTURE,,false,,,,,,,,,,,,,,16849,SALLE GUY ROPARTZ,,14 RUE GUY ROPARTZ,35700,RENNES,,35,Ille-et-Vilaine,2023-01-16,VALIDE,1551,,
2025-03-31,2025-03-31,572,CENTRE CULTUREL TRIANGLE,LE TRIANGLE,Activé,631,ROLE_DECLARANT1,32327735000035,35200,RENNES,Ille-et-Vilaine,Bretagne,,3-1014237,384464,,2025-01-29,CLOTURE,,false,,,,,,,,,,,,,,2390,CENTRE CULTUREL TRIANGLE,,BD  DE YOUGOSLAVIE,35200,RENNES,32327735000035,35,Ille-et-Vilaine,2018-06-27,VALIDE,,,
2025-07-16,2025-07-16,5328,ASSOCIATION FIGURE PROJECT,FIGURE PROJECT,Activé,7123,ROLE_DECLARANT1,50842428000032,35200,RENNES,Ille-et-Vilaine,Bretagne,PLATESV-R-2021-014531,PLATESV-R-2021-014531,422541,,2025-06-22,CLOTURE,,true,,,4222,EXTENSION SAUVAGE,COMBOURG,35270,2025-03-13,VALIDE,7123,,,,,25193,CHATEAU DE LA BALLUE,,LA BALLUE,35560,BAZOUGES-LA-PÉROUSE,,35,Ille-et-Vilaine,2025-03-13,VALIDE,7123,,
2025-06-27,2025-06-27,3780,LA PAILLETTE,,Activé,5001,ROLE_SIB,77774969800034,35000,RENNES,Ille-et-Vilaine,Bretagne,52745,PLATESV-R-2020-009633,415603,/event_dates/1953670,2025-06-21,CLOTURE,,false,,,,,,,,,,,,2868,ASS MJC LA PAILLETTE,9054,LA PAILLETTE,,2 RUE DU PRÉ DE BRIS,35000,RENNES,,35,Ille-et-Vilaine,2020-11-30,FUSIONNE,1551,89,
2025-03-14,2025-03-14,5352,LES TOMBEES DE LA NUIT,,Activé,7147,ROLE_DECLARANT1,44761989100040,35000,RENNES,Ille-et-Vilaine,Bretagne,PLATESV-R-2021-010257,PLATESV-R-2021-010257,378876,,2025-01-26,CLOTURE,,true,1116,WATERPROOF plongez dans la danse,1726,Festival Waterproof,RENNES,35000,2022-08-04,FUSIONNE,1551,,,,,25219,HALLE SAINT HELIER,,5 MAIL LOUISE BOURGEOIS,35000,RENNES,,35,Ille-et-Vilaine,2025-03-14,VALIDE,7147,,
2024-12-14,2024-12-14,610,COMMUNE DE CHARTRES DE BRETAGNE,MAIRIE,Activé,638,ROLE_DECLARANT1,21350066300017,35131,CHARTRES DE BRETAGNE,Ille-et-Vilaine,Bretagne,DOS20179174,1-1107987,348836,,2024-12-13,CLOTURE,,false,,,,,,,,,,,,,,7572,CENTRE CULTUREL PÔLE SUD,,RUE DE LA CONTERIE,35131,CHARTRES-DE-BRETAGNE,,35,Ille-et-Vilaine,2020-01-22,VALIDE,638,,
2025-05-16,2025-05-16,3780,LA PAILLETTE,,Activé,5001,ROLE_SIB,77774969800034,35000,RENNES,Ille-et-Vilaine,Bretagne,52745,PLATESV-R-2020-009633,405593,/event_dates/1948434,2025-10-05,CLOTURE,,false,,,,,,,,,,,,2868,ASS MJC LA PAILLETTE,9054,LA PAILLETTE,,2 RUE DU PRÉ DE BRIS,35000,RENNES,,35,Ille-et-Vilaine,2020-11-30,FUSIONNE,1551,89,
2025-04-02,2025-04-02,1125,CARTEL CONCERTS,,Activé,1278,ROLE_DECLARANT1,80023696000038,35200,RENNES,Ille-et-Vilaine,Bretagne,DOS20168997,3-1072466,365911,,2024-12-12,CLOTURE,,false,,,,,,,,,,,,2057,SARL LE FERRAILLEUR,7102,LE FERRAILLEUR,,QUAI DES ANTILLES,44200,NANTES,,44,Loire-Atlantique,2020-02-01,FUSIONNE,1088,,
2025-05-15,2025-05-15,3780,LA PAILLETTE,,Activé,5001,ROLE_SIB,77774969800034,35000,RENNES,Ille-et-Vilaine,Bretagne,52745,PLATESV-R-2020-009633,405136,/event_dates/1948420,2025-09-05,CLOTURE,,false,,,,,,,,,,,,2868,ASS MJC LA PAILLETTE,9054,LA PAILLETTE,,2 RUE DU PRÉ DE BRIS,35000,RENNES,,35,Ille-et-Vilaine,2020-11-30,FUSIONNE,1551,89,
2025-01-28,2025-01-28,1291,ASSOCIATION LILLICO,,Activé,6234,ROLE_SIB,78975485000038,35000,RENNES,Ille-et-Vilaine,Bretagne,,PLATESV-D-2020-000183,361312,/event_dates/1492844,2025-01-22,CLOTURE,,false,,,,,,,,,,,,,,16849,SALLE GUY ROPARTZ,,14 RUE GUY ROPARTZ,35700,RENNES,,35,Ille-et-Vilaine,2023-01-16,VALIDE,1551,,
2025-01-27,2025-01-27,1291,ASSOCIATION LILLICO,,Activé,6234,ROLE_SIB,78975485000038,35000,RENNES,Ille-et-Vilaine,Bretagne,,PLATESV-D-2020-000183,360858,/event_dates/1492830,2025-01-21,CLOTURE,,false,,,,,,,,,,,,,,16849,SALLE GUY ROPARTZ,,14 RUE GUY ROPARTZ,35700,RENNES,,35,Ille-et-Vilaine,2023-01-16,VALIDE,1551,,
2025-10-05,2025-10-05,3284,COMEDIE DE RENNES,,Activé,4315,ROLE_SIB,90319904000010,35700,RENNES,Ille-et-Vilaine,Bretagne,,PLATESV-D-2022-003733,403137,/event_dates/1845086,2025-04-05,CLOTURE,,false,,,,,,,,,,,,,,14581,COMÉDIE DE RENNES,,31 RUE XAVIER GRALL,35700,RENNES,,35,Ille-et-Vilaine,2022-06-24,VALIDE,4314,,
2025-03-07,2025-03-07,1416,COMMUNE DE BRUZ,LE GRAND LOGIS - VILLE DE BRUZ,Activé,1831,ROLE_SIB,21350047300151,35170,BRUZ,Ille-et-Vilaine,Bretagne,DOS20187008,1-1114454,417511,322,2025-04-30,CLOTURE,,false,,,,,,,,,,,,,,2089,COMMUNE DE BRUZ,,10  AV  DU GENERAL DE GAULLE,35170,BRUZ,21350047300151,35,Ille-et-Vilaine,2018-06-27,VALIDE,,,
2025-06-05,2025-06-05,58,THEATRE NATIONAL DE BRETAGNE - T.N.B. CENTRE EUROPEEN DE PRODUCTION THEATRALE ET CHOREGRAPHIQUE,THEATRE NATIONAL DE BRETAGNE - T.N.B.,Activé,53,ROLE_DECLARANT1,37921397800016,35000,RENNES,Ille-et-Vilaine,Bretagne,,3-1099111,402177,,2025-04-29,CLOTURE,,false,,,,,,,,,,,,,,20426,TNB,,1 RUE SAINT-HÉLIER,35000,RENNES,,35,Ille-et-Vilaine,2024-09-01,VALIDE,53,5238,
2025-04-15,2025-04-15,3820,THEATRE L'AIRE LIBRE,,Activé,5626,ROLE_DECLARANT1,92262510800019,35136,SAINT-JACQUES-DE-LA-LANDE,Ille-et-Vilaine,Bretagne,,PLATESV-D-2023-000211,394146,,2025-01-17,CLOTURE,,false,1116,WATERPROOF plongez dans la danse,1703,Waterproof,RENNES,35000,2022-03-29,FUSIONNE,689,,,2807,L'AIRE LIBRE,18263,THÉÂTRE L'AIRE LIBRE,,2 PLACE JULES VALLÈS,35136,SAINT-JACQUES-DE-LA-LANDE,,35,Ille-et-Vilaine,2023-05-22,FUSIONNE,5047,,
2025-07-04,2025-07-04,542,ASSOCIATION TRANS MUSICALES,ATM,Activé,597,ROLE_DECLARANT1,33886426700020,35000,RENNES,Ille-et-Vilaine,Bretagne,,3-1032090,388888,,2024-08-12,CLOTURE,,false,,,224,Festival Trans Musicales,RENNES,35000,2018-06-27,VALIDE,,,,,,7843,UBU,,1 RUE SAINT-HÉLIER,35000,RENNES,,35,Ille-et-Vilaine,2020-02-26,VALIDE,597,,
2025-06-05,2025-06-05,58,THEATRE NATIONAL DE BRETAGNE - T.N.B. CENTRE EUROPEEN DE PRODUCTION THEATRALE ET CHOREGRAPHIQUE,THEATRE NATIONAL DE BRETAGNE - T.N.B.,Activé,53,ROLE_DECLARANT1,37921397800016,35000,RENNES,Ille-et-Vilaine,Bretagne,,3-1099111,402179,,2025-04-29,CLOTURE,,false,,,,,,,,,,,,,,20426,TNB,,1 RUE SAINT-HÉLIER,35000,RENNES,,35,Ille-et-Vilaine,2024-09-01,VALIDE,53,5238,
2025-05-14,2025-05-14,3163,3 P'TIT TOUR,,Activé,4142,ROLE_DECLARANT1,41013812700015,35000,RENNES,Ille-et-Vilaine,Bretagne,DOS20196449,3-1006236,405041,,2024-07-12,CLOTURE,,true,,,2619,BARS EN TRANS,RENNES,35000,2023-04-26,VALIDE,4142,,,,,18086,THE PENNY LANE PUB,,1 RUE DE COËTQUEN,35000,RENNES,,35,Ille-et-Vilaine,2023-04-26,VALIDE,4142,,
2025-07-15,2025-07-15,5466,COMMUNE DE SAINT GILLES,MAIRIE,Activé,7301,ROLE_SIB,21350275000085,35590,SAINT-GILLES,Ille-et-Vilaine,Bretagne,PLATESV-R-2020-005381,PLATESV-R-2020-005381,420217,129,2025-04-26,CLOTURE,,false,,,,,,,,,,,,,,25782,LE SABOT D'OR,,LE PONT HAZARD,35590,SAINT-GILLES,,35,Ille-et-Vilaine,2025-04-29,VALIDE,7301,,
2025-03-07,2025-03-07,1416,COMMUNE DE BRUZ,LE GRAND LOGIS - VILLE DE BRUZ,Activé,1831,ROLE_SIB,21350047300151,35170,BRUZ,Ille-et-Vilaine,Bretagne,DOS20187008,1-1114454,417510,318,2025-04-25,CLOTURE,,false,,,,,,,,,,,,,,2089,COMMUNE DE BRUZ,,10  AV  DU GENERAL DE GAULLE,35170,BRUZ,21350047300151,35,Ille-et-Vilaine,2018-06-27,VALIDE,,,
2025-07-22,2025-07-22,1125,CARTEL CONCERTS,,Activé,1278,ROLE_DECLARANT1,80023696000038,35200,RENNES,Ille-et-Vilaine,Bretagne,DOS20168997,3-1072466,424743,,2025-04-25,CLOTURE,,false,,,,,,,,,,,,,,6816,LA MAROQUINERIE,,23 RUE BOYER,75020,PARIS,,75,Paris,2019-11-21,VALIDE,929,,
2025-07-22,2025-07-22,1125,CARTEL CONCERTS,,Activé,1278,ROLE_DECLARANT1,80023696000038,35200,RENNES,Ille-et-Vilaine,Bretagne,DOS20168997,3-1072466,424742,,2025-04-25,CLOTURE,,false,,,,,,,,,,,,,,6555,LE LIBERTÉ,,1 ESPLANADE GÉNÉRAL DE GAULLE,35000,RENNES,,35,Ille-et-Vilaine,2019-09-25,VALIDE,716,,
2025-05-14,2025-05-14,3163,3 P'TIT TOUR,,Activé,4142,ROLE_DECLARANT1,41013812700015,35000,RENNES,Ille-et-Vilaine,Bretagne,DOS20196449,3-1006236,404997,,2024-07-12,CLOTURE,,true,,,2619,BARS EN TRANS,RENNES,35000,2023-04-26,VALIDE,4142,,,,,18085,LA PLACE,,7 RUE DU CHAMP JACQUET,35000,RENNES,,35,Ille-et-Vilaine,2023-04-26,VALIDE,4142,,
2025-07-22,2025-07-22,1125,CARTEL CONCERTS,,Activé,1278,ROLE_DECLARANT1,80023696000038,35200,RENNES,Ille-et-Vilaine,Bretagne,DOS20168997,3-1072466,424740,,2025-04-18,CLOTURE,,false,,,,,,,,,,,,18106,LE 4 BIS,16451,LE 4BIS,,4BIS COURS DES ALLIÉS,35000,RENNES,,35,Ille-et-Vilaine,2022-12-14,FUSIONNE,967,,
2025-05-14,2025-05-14,3163,3 P'TIT TOUR,,Activé,4142,ROLE_DECLARANT1,41013812700015,35000,RENNES,Ille-et-Vilaine,Bretagne,DOS20196449,3-1006236,404984,,2024-06-12,CLOTURE,,true,,,2619,BARS EN TRANS,RENNES,35000,2023-04-26,VALIDE,4142,,,,,8794,LA CITÉ,,10 RUE SAINT-LOUIS,35000,RENNES,,35,Ille-et-Vilaine,2020-10-27,VALIDE,945,,
2025-05-13,2025-05-13,3163,3 P'TIT TOUR,,Activé,4142,ROLE_DECLARANT1,41013812700015,35000,RENNES,Ille-et-Vilaine,Bretagne,DOS20196449,3-1006236,404620,,2024-06-12,CLOTURE,,true,,,2619,BARS EN TRANS,RENNES,35000,2023-04-26,VALIDE,4142,,,,,18088,L'AMROK,,6G RUE DE BREST,35000,RENNES,,35,Ille-et-Vilaine,2023-04-26,VALIDE,4142,,
2025-05-14,2025-05-14,3163,3 P'TIT TOUR,,Activé,4142,ROLE_DECLARANT1,41013812700015,35000,RENNES,Ille-et-Vilaine,Bretagne,DOS20196449,3-1006236,404978,,2024-06-12,CLOTURE,,true,,,2619,BARS EN TRANS,RENNES,35000,2023-04-26,VALIDE,4142,,,,,25906,MELODY MAKER,,14 RUE SAINT-MELAINE,35000,RENNES,,35,Ille-et-Vilaine,2025-05-13,VALIDE,4142,,
2025-04-20,2025-04-20,3284,COMEDIE DE RENNES,,Activé,4315,ROLE_SIB,90319904000010,35700,RENNES,Ille-et-Vilaine,Bretagne,,PLATESV-D-2022-003733,397887,/event_dates/1888906,2025-04-14,CLOTURE,,false,,,,,,,,,,,,,,14581,COMÉDIE DE RENNES,,31 RUE XAVIER GRALL,35700,RENNES,,35,Ille-et-Vilaine,2022-06-24,VALIDE,4314,,
2025-05-13,2025-05-13,3163,3 P'TIT TOUR,,Activé,4142,ROLE_DECLARANT1,41013812700015,35000,RENNES,Ille-et-Vilaine,Bretagne,DOS20196449,3-1006236,404597,,2024-05-12,CLOTURE,,true,,,2619,BARS EN TRANS,RENNES,35000,2023-04-26,VALIDE,4142,,,,,8794,LA CITÉ,,10 RUE SAINT-LOUIS,35000,RENNES,,35,Ille-et-Vilaine,2020-10-27,VALIDE,945,,
2025-05-13,2025-05-13,3163,3 P'TIT TOUR,,Activé,4142,ROLE_DECLARANT1,41013812700015,35000,RENNES,Ille-et-Vilaine,Bretagne,DOS20196449,3-1006236,404591,,2024-05-12,CLOTURE,,true,,,2619,BARS EN TRANS,RENNES,35000,2023-04-26,VALIDE,4142,,,,,25906,MELODY MAKER,,14 RUE SAINT-MELAINE,35000,RENNES,,35,Ille-et-Vilaine,2025-05-13,VALIDE,4142,,
2025-03-25,2025-03-25,2934,COMMUNE DE RENNES,OPERA DE RENNES,Activé,3842,ROLE_DECLARANT1,21350238800076,35000,RENNES,Ille-et-Vilaine,Bretagne,84250,PLATESV-R-2021-012024,383096,,2025-03-14,CLOTURE,,false,,,,,,,,,,,,,,503,COMMUNE DE RENNES,,PL  DE LA MAIRIE,35000,RENNES,21350238800019,35,Ille-et-Vilaine,2018-06-27,VALIDE,,,
2025-05-13,2025-05-13,3163,3 P'TIT TOUR,,Activé,4142,ROLE_DECLARANT1,41013812700015,35000,RENNES,Ille-et-Vilaine,Bretagne,DOS20196449,3-1006236,404584,,2024-05-12,CLOTURE,,true,,,2619,BARS EN TRANS,RENNES,35000,2023-04-26,VALIDE,4142,,,,,18085,LA PLACE,,7 RUE DU CHAMP JACQUET,35000,RENNES,,35,Ille-et-Vilaine,2023-04-26,VALIDE,4142,,
2025-05-13,2025-05-13,3163,3 P'TIT TOUR,,Activé,4142,ROLE_DECLARANT1,41013812700015,35000,RENNES,Ille-et-Vilaine,Bretagne,DOS20196449,3-1006236,404610,,2024-05-12,CLOTURE,,true,,,2619,BARS EN TRANS,RENNES,35000,2023-04-26,VALIDE,4142,,,,,13880,LA CHAPELLE DU CONSERVATOIRE,,26 RUE HOCHE,35000,RENNES,,35,Ille-et-Vilaine,2022-04-13,VALIDE,3205,,
2025-02-04,2025-02-04,1584,ORCHESTRE NATIONAL DE BRETAGNE,ORCHESTRE NATIONAL DE BRETAGNE,Activé,5671,ROLE_DECLARANT2,35010209100021,35000,RENNES,Ille-et-Vilaine,Bretagne,DOS20183137,2-1054646,386115,,2025-03-14,CLOTURE,,false,,,,,,,,,,,,,,9526,COUVENT DES JACOBINS,Couvent des Jacobins - Centre des Congrès de Rennes Métropole,20 PLACE SAINTE-ANNE,35000,RENNES,,35,Ille-et-Vilaine,2021-01-22,VALIDE,2015,,
2025-07-22,2025-07-22,1125,CARTEL CONCERTS,,Activé,1278,ROLE_DECLARANT1,80023696000038,35200,RENNES,Ille-et-Vilaine,Bretagne,DOS20168997,3-1072466,424681,,2025-03-13,CLOTURE,,false,,,,,,,,,,,,,,7835,L'ETAGE,,1 ESPLANADE GÉNÉRAL DE GAULLE,35000,RENNES,,35,Ille-et-Vilaine,2020-02-25,VALIDE,1086,,
2024-12-18,2024-12-18,3780,LA PAILLETTE,,Activé,5001,ROLE_SIB,77774969800034,35000,RENNES,Ille-et-Vilaine,Bretagne,52745,PLATESV-R-2020-009633,349830,/event_dates/1397343,2024-04-12,CLOTURE,,false,,,,,,,,,,,,2868,ASS MJC LA PAILLETTE,9054,LA PAILLETTE,,2 RUE DU PRÉ DE BRIS,35000,RENNES,,35,Ille-et-Vilaine,2020-11-30,FUSIONNE,1551,89,
2024-12-21,2024-12-21,1584,ORCHESTRE NATIONAL DE BRETAGNE,ORCHESTRE NATIONAL DE BRETAGNE,Activé,5671,ROLE_DECLARANT2,35010209100021,35000,RENNES,Ille-et-Vilaine,Bretagne,DOS20183137,2-1054646,351798,,2024-04-12,CLOTURE,,false,,,,,,,,,,,,,,9526,COUVENT DES JACOBINS,Couvent des Jacobins - Centre des Congrès de Rennes Métropole,20 PLACE SAINTE-ANNE,35000,RENNES,,35,Ille-et-Vilaine,2021-01-22,VALIDE,2015,,
2025-03-20,2025-03-20,58,THEATRE NATIONAL DE BRETAGNE - T.N.B. CENTRE EUROPEEN DE PRODUCTION THEATRALE ET CHOREGRAPHIQUE,THEATRE NATIONAL DE BRETAGNE - T.N.B.,Activé,53,ROLE_DECLARANT1,37921397800016,35000,RENNES,Ille-et-Vilaine,Bretagne,,3-1099111,380775,,2025-11-03,CLOTURE,,false,,,,,,,,,,,,,,20426,TNB,,1 RUE SAINT-HÉLIER,35000,RENNES,,35,Ille-et-Vilaine,2024-09-01,VALIDE,53,5238,
2025-03-13,2025-03-13,1291,ASSOCIATION LILLICO,,Activé,6234,ROLE_SIB,78975485000038,35000,RENNES,Ille-et-Vilaine,Bretagne,,PLATESV-D-2020-000183,378349,/event_dates/1493131,2025-07-03,CLOTURE,,false,,,,,,,,,,,,,,16849,SALLE GUY ROPARTZ,,14 RUE GUY ROPARTZ,35700,RENNES,,35,Ille-et-Vilaine,2023-01-16,VALIDE,1551,,
2025-03-27,2025-03-27,2934,COMMUNE DE RENNES,OPERA DE RENNES,Activé,3842,ROLE_DECLARANT1,21350238800076,35000,RENNES,Ille-et-Vilaine,Bretagne,84250,PLATESV-R-2021-012024,383573,,2025-07-03,CLOTURE,,false,,,,,,,,,,,,,,503,COMMUNE DE RENNES,,PL  DE LA MAIRIE,35000,RENNES,21350238800019,35,Ille-et-Vilaine,2018-06-27,VALIDE,,,
2025-07-22,2025-07-22,1125,CARTEL CONCERTS,,Activé,1278,ROLE_DECLARANT1,80023696000038,35200,RENNES,Ille-et-Vilaine,Bretagne,DOS20168997,3-1072466,424672,,2025-06-03,CLOTURE,,false,,,,,,,,,,,,,,13768,ANTIPODE,Antipode - PARVIS AGNÈS VARDA,75 AVENUE JULES MANIEZ,35000,RENNES,,35,Ille-et-Vilaine,2022-05-04,VALIDE,3639,5238,
2025-12-03,2025-12-03,1291,ASSOCIATION LILLICO,,Activé,6234,ROLE_SIB,78975485000038,35000,RENNES,Ille-et-Vilaine,Bretagne,,PLATESV-D-2020-000183,378022,/event_dates/1493082,2025-06-03,CLOTURE,,false,,,,,,,,,,,,,,16849,SALLE GUY ROPARTZ,,14 RUE GUY ROPARTZ,35700,RENNES,,35,Ille-et-Vilaine,2023-01-16,VALIDE,1551,,
2025-12-03,2025-12-03,1291,ASSOCIATION LILLICO,,Activé,6234,ROLE_SIB,78975485000038,35000,RENNES,Ille-et-Vilaine,Bretagne,,PLATESV-D-2020-000183,378021,/event_dates/1493075,2025-06-03,CLOTURE,,false,,,,,,,,,,,,,,16849,SALLE GUY ROPARTZ,,14 RUE GUY ROPARTZ,35700,RENNES,,35,Ille-et-Vilaine,2023-01-16,VALIDE,1551,,
2025-11-08,2025-11-08,2528,PATCHROCK,,Activé,3204,ROLE_DECLARANT1,41211000900047,35000,RENNES,Ille-et-Vilaine,Bretagne,DOS20196448,3-1010967,428784,,2025-05-03,CLOTURE,,false,,,,,,,,,,,,,,7843,UBU,,1 RUE SAINT-HÉLIER,35000,RENNES,,35,Ille-et-Vilaine,2020-02-26,VALIDE,597,,
2025-07-22,2025-07-22,1125,CARTEL CONCERTS,,Activé,1278,ROLE_DECLARANT1,80023696000038,35200,RENNES,Ille-et-Vilaine,Bretagne,DOS20168997,3-1072466,424654,,2025-05-03,CLOTURE,,false,,,,,,,,,,,,18106,LE 4 BIS,16451,LE 4BIS,,4BIS COURS DES ALLIÉS,35000,RENNES,,35,Ille-et-Vilaine,2022-12-14,FUSIONNE,967,,
2025-02-04,2025-02-04,1416,COMMUNE DE BRUZ,LE GRAND LOGIS - VILLE DE BRUZ,Activé,1831,ROLE_SIB,21350047300151,35170,BRUZ,Ille-et-Vilaine,Bretagne,DOS20187008,1-1114454,386765,339,2025-04-03,CLOTURE,,false,,,,,,,,,,,,,,2089,COMMUNE DE BRUZ,,10  AV  DU GENERAL DE GAULLE,35170,BRUZ,21350047300151,35,Ille-et-Vilaine,2018-06-27,VALIDE,,,
2025-11-03,2025-11-03,58,THEATRE NATIONAL DE BRETAGNE - T.N.B. CENTRE EUROPEEN DE PRODUCTION THEATRALE ET CHOREGRAPHIQUE,THEATRE NATIONAL DE BRETAGNE - T.N.B.,Activé,53,ROLE_DECLARANT1,37921397800016,35000,RENNES,Ille-et-Vilaine,Bretagne,,3-1099111,377925,,2025-04-03,CLOTURE,,false,,,,,,,,,,,,,,20426,TNB,,1 RUE SAINT-HÉLIER,35000,RENNES,,35,Ille-et-Vilaine,2024-09-01,VALIDE,53,5238,
2025-07-22,2025-07-22,1125,CARTEL CONCERTS,,Activé,1278,ROLE_DECLARANT1,80023696000038,35200,RENNES,Ille-et-Vilaine,Bretagne,DOS20168997,3-1072466,424633,,2025-01-03,CLOTURE,,false,,,,,,,,,,,,,,7835,L'ETAGE,,1 ESPLANADE GÉNÉRAL DE GAULLE,35000,RENNES,,35,Ille-et-Vilaine,2020-02-25,VALIDE,1086,,
2024-06-28,2024-06-28,542,ASSOCIATION TRANS MUSICALES,ATM,Activé,597,ROLE_DECLARANT1,33886426700020,35000,RENNES,Ille-et-Vilaine,Bretagne,,3-1032090,311836,,2024-05-30,CLOTURE,,false,,,,,,,,,,,,,,5761,UBU,,10/12 RUE JEAN GUY CS 73912,35039,RENNES CEDEX,33886426700020,35,Ille-et-Vilaine,2019-02-21,VALIDE,,,
2024-06-25,2024-06-25,2934,COMMUNE DE RENNES,OPERA DE RENNES,Activé,3842,ROLE_DECLARANT1,21350238800076,35000,RENNES,Ille-et-Vilaine,Bretagne,84250,PLATESV-R-2021-012024,311118,,2024-05-27,CLOTURE,,false,,,,,,,,,,,,,,503,COMMUNE DE RENNES,,PL  DE LA MAIRIE,35000,RENNES,21350238800019,35,Ille-et-Vilaine,2018-06-27,VALIDE,,,
2024-08-26,2024-08-26,3395,DANCING ROBOTS,,Activé,4472,ROLE_DECLARANT1,79230040200023,35250,SAINT-SULPICE-LA-FORET,Ille-et-Vilaine,Bretagne,52316,PLATESV-R-2020-009384,325072,,2024-05-25,CLOTURE,,true,,,2877,Made.festival,RENNES,35000,2023-09-13,VALIDE,4472,,,,,7192,GLAZ ARENA CESSON SEVIGNE,,CHEMIN DU BOIS DE LA JUSTICE,35510,CESSON-SÉVIGNÉ,,35,Ille-et-Vilaine,2020-03-01,VALIDE,1050,89,
2024-08-26,2024-08-26,3395,DANCING ROBOTS,,Activé,4472,ROLE_DECLARANT1,79230040200023,35250,SAINT-SULPICE-LA-FORET,Ille-et-Vilaine,Bretagne,52316,PLATESV-R-2020-009384,325068,,2024-05-25,CLOTURE,,true,,,2877,Made.festival,RENNES,35000,2023-09-13,VALIDE,4472,,,,,19337,PARC DES GAYEULLES,,RUE DU PROFESSEUR MAURICE AUDIN,35000,RENNES,,35,Ille-et-Vilaine,2023-09-13,VALIDE,4472,,
2024-10-07,2024-10-07,3820,THEATRE L'AIRE LIBRE,,Activé,5626,ROLE_DECLARANT1,92262510800019,35136,SAINT-JACQUES-DE-LA-LANDE,Ille-et-Vilaine,Bretagne,,PLATESV-D-2023-000211,315539,,2024-05-22,CLOTURE,,false,,,,,,,,,,,,,,22288,EPI CONDORCET,,10 RUE FRANÇOIS MITTERRAND,35136,SAINT-JACQUES-DE-LA-LANDE,,35,Ille-et-Vilaine,2024-10-07,VALIDE,5626,,
2024-05-25,2024-05-25,3284,COMEDIE DE RENNES,,Activé,4315,ROLE_SIB,90319904000010,35700,RENNES,Ille-et-Vilaine,Bretagne,,PLATESV-D-2022-003733,304017,/event_dates/1209015,2024-05-19,CLOTURE,,false,,,,,,,,,,,,,,14581,COMÉDIE DE RENNES,,31 RUE XAVIER GRALL,35700,RENNES,,35,Ille-et-Vilaine,2022-06-24,VALIDE,4314,,
2024-11-07,2024-11-07,1416,COMMUNE DE BRUZ,LE GRAND LOGIS - VILLE DE BRUZ,Activé,1831,ROLE_SIB,21350047300151,35170,BRUZ,Ille-et-Vilaine,Bretagne,DOS20187008,1-1114454,315879,278,2024-05-16,CLOTURE,,false,,,,,,,,,,,,,,2089,COMMUNE DE BRUZ,,10  AV  DU GENERAL DE GAULLE,35170,BRUZ,21350047300151,35,Ille-et-Vilaine,2018-06-27,VALIDE,,,
2024-06-28,2024-06-28,542,ASSOCIATION TRANS MUSICALES,ATM,Activé,597,ROLE_DECLARANT1,33886426700020,35000,RENNES,Ille-et-Vilaine,Bretagne,,3-1032090,311832,,2024-05-16,CLOTURE,,false,,,,,,,,,,,,,,5761,UBU,,10/12 RUE JEAN GUY CS 73912,35039,RENNES CEDEX,33886426700020,35,Ille-et-Vilaine,2019-02-21,VALIDE,,,
2024-07-13,2024-07-13,2934,COMMUNE DE RENNES,OPERA DE RENNES,Activé,3842,ROLE_DECLARANT1,21350238800076,35000,RENNES,Ille-et-Vilaine,Bretagne,84250,PLATESV-R-2021-012024,316196,,2024-05-15,CLOTURE,,false,,,,,,,,,,,,,,503,COMMUNE DE RENNES,,PL  DE LA MAIRIE,35000,RENNES,21350238800019,35,Ille-et-Vilaine,2018-06-27,VALIDE,,,
2024-06-25,2024-06-25,2934,COMMUNE DE RENNES,OPERA DE RENNES,Activé,3842,ROLE_DECLARANT1,21350238800076,35000,RENNES,Ille-et-Vilaine,Bretagne,84250,PLATESV-R-2021-012024,311083,,2024-05-14,CLOTURE,,false,,,,,,,,,,,,,,503,COMMUNE DE RENNES,,PL  DE LA MAIRIE,35000,RENNES,21350238800019,35,Ille-et-Vilaine,2018-06-27,VALIDE,,,
2025-03-22,2025-12-04,610,COMMUNE DE CHARTRES DE BRETAGNE,MAIRIE,Activé,638,ROLE_DECLARANT1,21350066300017,35131,CHARTRES DE BRETAGNE,Ille-et-Vilaine,Bretagne,DOS20179174,1-1107987,382212,,2025-03-21,CLOTURE,,false,,,,,,,,,,,,,,7572,CENTRE CULTUREL PÔLE SUD,,RUE DE LA CONTERIE,35131,CHARTRES-DE-BRETAGNE,,35,Ille-et-Vilaine,2020-01-22,VALIDE,638,,
2024-07-16,2024-07-16,4322,ELEMENTO RECORDS,,Activé,5788,ROLE_DECLARANT1,89070628600022,35000,RENNES,Ille-et-Vilaine,Bretagne,PLATESV-R-2023-003184,PLATESV-R-2023-003184,318228,,2024-08-05,CLOTURE,,true,,,,,,,,,,,,,,17164,MACADAM,,17 RUE JULES LAUNEY,44100,NANTES,,44,Loire-Atlantique,2023-10-02,VALIDE,4830,,
2025-07-22,2025-07-22,1125,CARTEL CONCERTS,,Activé,1278,ROLE_DECLARANT1,80023696000038,35200,RENNES,Ille-et-Vilaine,Bretagne,DOS20168997,3-1072466,424724,,2025-03-20,CLOTURE,,false,,,,,,,,,,,,,,7835,L'ETAGE,,1 ESPLANADE GÉNÉRAL DE GAULLE,35000,RENNES,,35,Ille-et-Vilaine,2020-02-25,VALIDE,1086,,
2025-05-14,2025-05-14,176,ANTIPODE MJC RENNES,ANTIPODE,Activé,3639,ROLE_SIB,77774999500018,35000,RENNES,Ille-et-Vilaine,Bretagne,,3-1019092,405026,declaration_271_2025_1,2025-03-19,CLOTURE,,false,,,,,,,,,,,,,,13768,ANTIPODE,Antipode - PARVIS AGNÈS VARDA,75 AVENUE JULES MANIEZ,35000,RENNES,,35,Ille-et-Vilaine,2022-05-04,VALIDE,3639,5238,
2025-02-04,2025-02-04,1416,COMMUNE DE BRUZ,LE GRAND LOGIS - VILLE DE BRUZ,Activé,1831,ROLE_SIB,21350047300151,35170,BRUZ,Ille-et-Vilaine,Bretagne,DOS20187008,1-1114454,386756,313,2025-03-18,CLOTURE,,false,,,,,,,,,,,,,,2089,COMMUNE DE BRUZ,,10  AV  DU GENERAL DE GAULLE,35170,BRUZ,21350047300151,35,Ille-et-Vilaine,2018-06-27,VALIDE,,,
2025-03-22,2025-03-22,1291,ASSOCIATION LILLICO,,Activé,6234,ROLE_SIB,78975485000038,35000,RENNES,Ille-et-Vilaine,Bretagne,,PLATESV-D-2020-000183,382175,/event_dates/1493173,2025-03-16,CLOTURE,,false,,,,,,,,,,,,,,16849,SALLE GUY ROPARTZ,,14 RUE GUY ROPARTZ,35700,RENNES,,35,Ille-et-Vilaine,2023-01-16,VALIDE,1551,,
2025-02-21,2025-02-21,3284,COMEDIE DE RENNES,,Activé,4315,ROLE_SIB,90319904000010,35700,RENNES,Ille-et-Vilaine,Bretagne,,PLATESV-D-2022-003733,372289,/event_dates/1769696,2025-02-15,CLOTURE,,false,,,,,,,,,,,,,,14581,COMÉDIE DE RENNES,,31 RUE XAVIER GRALL,35700,RENNES,,35,Ille-et-Vilaine,2022-06-24,VALIDE,4314,,
2024-05-17,2024-05-17,3255,LE CARRE MAGIQUE,FESTIVAL INTERNATIONAL VIVE LA MAGIE,Activé,4271,ROLE_DECLARANT1,75367092600033,35000,RENNES,Ille-et-Vilaine,Bretagne,93877,PLATESV-R-2022-001102,302329,,2024-04-27,CLOTURE,,false,,,,,,,,,,,,,,6269,Auditorium Jean-Pierre Dautel,,1 RUE DU CAREL,14000,CAEN,,14,Calvados,2019-03-06,VALIDE,676,89,
2025-02-18,2025-02-18,3284,COMEDIE DE RENNES,,Activé,4315,ROLE_SIB,90319904000010,35700,RENNES,Ille-et-Vilaine,Bretagne,,PLATESV-D-2022-003733,370878,/event_dates/1769528,2025-12-02,CLOTURE,,false,,,,,,,,,,,,,,14581,COMÉDIE DE RENNES,,31 RUE XAVIER GRALL,35700,RENNES,,35,Ille-et-Vilaine,2022-06-24,VALIDE,4314,,
2025-02-16,2025-02-16,3284,COMEDIE DE RENNES,,Activé,4315,ROLE_SIB,90319904000010,35700,RENNES,Ille-et-Vilaine,Bretagne,,PLATESV-D-2022-003733,370545,/event_dates/1880254,2025-10-02,CLOTURE,,false,,,,,,,,,,,,,,14581,COMÉDIE DE RENNES,,31 RUE XAVIER GRALL,35700,RENNES,,35,Ille-et-Vilaine,2022-06-24,VALIDE,4314,,
2025-02-15,2025-02-15,3284,COMEDIE DE RENNES,,Activé,4315,ROLE_SIB,90319904000010,35700,RENNES,Ille-et-Vilaine,Bretagne,,PLATESV-D-2022-003733,370482,/event_dates/1769423,2025-09-02,CLOTURE,,false,,,,,,,,,,,,,,14581,COMÉDIE DE RENNES,,31 RUE XAVIER GRALL,35700,RENNES,,35,Ille-et-Vilaine,2022-06-24,VALIDE,4314,,
2025-02-15,2025-02-15,3284,COMEDIE DE RENNES,,Activé,4315,ROLE_SIB,90319904000010,35700,RENNES,Ille-et-Vilaine,Bretagne,,PLATESV-D-2022-003733,370469,/event_dates/1844750,2025-09-02,CLOTURE,,false,,,,,,,,,,,,,,14581,COMÉDIE DE RENNES,,31 RUE XAVIER GRALL,35700,RENNES,,35,Ille-et-Vilaine,2022-06-24,VALIDE,4314,,
2025-05-14,2025-05-14,176,ANTIPODE MJC RENNES,ANTIPODE,Activé,3639,ROLE_SIB,77774999500018,35000,RENNES,Ille-et-Vilaine,Bretagne,,3-1019092,405032,declaration_278_2025_1,2025-08-02,CLOTURE,,false,,,,,,,,,,,,,,13768,ANTIPODE,Antipode - PARVIS AGNÈS VARDA,75 AVENUE JULES MANIEZ,35000,RENNES,,35,Ille-et-Vilaine,2022-05-04,VALIDE,3639,5238,
2025-02-14,2025-02-14,3284,COMEDIE DE RENNES,,Activé,4315,ROLE_SIB,90319904000010,35700,RENNES,Ille-et-Vilaine,Bretagne,,PLATESV-D-2022-003733,369903,/event_dates/1844743,2025-08-02,CLOTURE,,false,,,,,,,,,,,,,,14581,COMÉDIE DE RENNES,,31 RUE XAVIER GRALL,35700,RENNES,,35,Ille-et-Vilaine,2022-06-24,VALIDE,4314,,
2025-07-04,2025-07-04,542,ASSOCIATION TRANS MUSICALES,ATM,Activé,597,ROLE_DECLARANT1,33886426700020,35000,RENNES,Ille-et-Vilaine,Bretagne,,3-1032090,388848,,2025-08-02,CLOTURE,,false,,,,,,,,,,,,,,7843,UBU,,1 RUE SAINT-HÉLIER,35000,RENNES,,35,Ille-et-Vilaine,2020-02-26,VALIDE,597,,
2025-02-13,2025-02-13,3284,COMEDIE DE RENNES,,Activé,4315,ROLE_SIB,90319904000010,35700,RENNES,Ille-et-Vilaine,Bretagne,,PLATESV-D-2022-003733,369544,/event_dates/1769409,2025-07-02,CLOTURE,,false,,,,,,,,,,,,,,14581,COMÉDIE DE RENNES,,31 RUE XAVIER GRALL,35700,RENNES,,35,Ille-et-Vilaine,2022-06-24,VALIDE,4314,,
2025-07-04,2025-07-04,542,ASSOCIATION TRANS MUSICALES,ATM,Activé,597,ROLE_DECLARANT1,33886426700020,35000,RENNES,Ille-et-Vilaine,Bretagne,,3-1032090,388860,,2025-02-28,CLOTURE,,false,,,,,,,,,,,,,,7843,UBU,,1 RUE SAINT-HÉLIER,35000,RENNES,,35,Ille-et-Vilaine,2020-02-26,VALIDE,597,,
2025-07-04,2025-07-04,542,ASSOCIATION TRANS MUSICALES,ATM,Activé,597,ROLE_DECLARANT1,33886426700020,35000,RENNES,Ille-et-Vilaine,Bretagne,,3-1032090,388818,,2025-11-01,CLOTURE,,false,,,,,,,,,,,,,,7843,UBU,,1 RUE SAINT-HÉLIER,35000,RENNES,,35,Ille-et-Vilaine,2020-02-26,VALIDE,597,,
2024-07-16,2024-07-16,923,LES ATELIERS DU VENT,ADV,Activé,1006,ROLE_DECLARANT1,45124579900023,35000,RENNES,Ille-et-Vilaine,Bretagne,DOS20197631,1-1123282,318334,,2024-06-30,CLOTURE,,false,,,,,,,,,,,,,,429,LES ATELIERS DU VENT,,59  RUE  ALEXANDRE DUVAL,35000,RENNES,45124579900023,35,Ille-et-Vilaine,2018-06-27,VALIDE,,,
2024-07-13,2024-07-13,2934,COMMUNE DE RENNES,OPERA DE RENNES,Activé,3842,ROLE_DECLARANT1,21350238800076,35000,RENNES,Ille-et-Vilaine,Bretagne,84250,PLATESV-R-2021-012024,316197,,2024-06-28,CLOTURE,,false,,,,,,,,,,,,,,503,COMMUNE DE RENNES,,PL  DE LA MAIRIE,35000,RENNES,21350238800019,35,Ille-et-Vilaine,2018-06-27,VALIDE,,,
2024-11-07,2024-11-07,1416,COMMUNE DE BRUZ,LE GRAND LOGIS - VILLE DE BRUZ,Activé,1831,ROLE_SIB,21350047300151,35170,BRUZ,Ille-et-Vilaine,Bretagne,DOS20187008,1-1114454,315880,290,2024-06-27,CLOTURE,,false,,,,,,,,,,,,,,2089,COMMUNE DE BRUZ,,10  AV  DU GENERAL DE GAULLE,35170,BRUZ,21350047300151,35,Ille-et-Vilaine,2018-06-27,VALIDE,,,
2024-09-07,2024-07-19,3780,LA PAILLETTE,,Activé,5000,ROLE_DECLARANT1,77774969800034,35000,RENNES,Ille-et-Vilaine,Bretagne,52745,PLATESV-R-2020-009633,315002,,2024-06-22,CLOTURE,,false,2662,Les Envolées,3332,Festival Les Envolées,RENNES,35000,2024-04-19,FUSIONNE,5001,,,2868,ASS MJC LA PAILLETTE,9054,LA PAILLETTE,,2 RUE DU PRÉ DE BRIS,35000,RENNES,,35,Ille-et-Vilaine,2020-11-30,FUSIONNE,1551,89,
2024-07-18,2024-07-18,654,CENTRE CHOREGRAPHIQUE NATIONAL DE RENNES ET DE BRETAGNE,FAIRE CCN RENNES,Activé,689,ROLE_DECLARANT1,31464796700020,35000,RENNES,Ille-et-Vilaine,Bretagne,DOS20181231,1-1110488,319164,,2024-06-20,CLOTURE,,false,,,3510,(UNDER)GROUND,RENNES,35000,2024-07-18,VALIDE,689,,,,,20426,TNB,,1 RUE SAINT-HÉLIER,35000,RENNES,,35,Ille-et-Vilaine,2024-09-01,VALIDE,53,5238,
2024-07-18,2024-07-18,654,CENTRE CHOREGRAPHIQUE NATIONAL DE RENNES ET DE BRETAGNE,FAIRE CCN RENNES,Activé,689,ROLE_DECLARANT1,31464796700020,35000,RENNES,Ille-et-Vilaine,Bretagne,DOS20181231,1-1110488,319162,,2024-06-20,CLOTURE,,false,,,3510,(UNDER)GROUND,RENNES,35000,2024-07-18,VALIDE,689,,,,,20426,TNB,,1 RUE SAINT-HÉLIER,35000,RENNES,,35,Ille-et-Vilaine,2024-09-01,VALIDE,53,5238,
2024-07-18,2024-07-18,654,CENTRE CHOREGRAPHIQUE NATIONAL DE RENNES ET DE BRETAGNE,FAIRE CCN RENNES,Activé,689,ROLE_DECLARANT1,31464796700020,35000,RENNES,Ille-et-Vilaine,Bretagne,DOS20181231,1-1110488,319158,,2024-06-20,CLOTURE,,false,,,3510,(UNDER)GROUND,RENNES,35000,2024-07-18,VALIDE,689,,,,,20426,TNB,,1 RUE SAINT-HÉLIER,35000,RENNES,,35,Ille-et-Vilaine,2024-09-01,VALIDE,53,5238,
2024-07-18,2024-07-18,654,CENTRE CHOREGRAPHIQUE NATIONAL DE RENNES ET DE BRETAGNE,FAIRE CCN RENNES,Activé,689,ROLE_DECLARANT1,31464796700020,35000,RENNES,Ille-et-Vilaine,Bretagne,DOS20181231,1-1110488,319202,,2024-06-19,CLOTURE,,false,,,3510,(UNDER)GROUND,RENNES,35000,2024-07-18,VALIDE,689,,,,,5794,CCNRB,,38 RUE SAINT MELAINE CS 20831,35108,RENNES CEDEX,31464796700020,35,Ille-et-Vilaine,2019-02-26,VALIDE,,,
2024-07-18,2024-07-18,654,CENTRE CHOREGRAPHIQUE NATIONAL DE RENNES ET DE BRETAGNE,FAIRE CCN RENNES,Activé,689,ROLE_DECLARANT1,31464796700020,35000,RENNES,Ille-et-Vilaine,Bretagne,DOS20181231,1-1110488,319174,,2024-06-18,CLOTURE,,false,,,3510,(UNDER)GROUND,RENNES,35000,2024-07-18,VALIDE,689,,,,,20426,TNB,,1 RUE SAINT-HÉLIER,35000,RENNES,,35,Ille-et-Vilaine,2024-09-01,VALIDE,53,5238,
2025-05-01,2025-05-01,3284,COMEDIE DE RENNES,,Activé,4315,ROLE_SIB,90319904000010,35700,RENNES,Ille-et-Vilaine,Bretagne,,PLATESV-D-2022-003733,353572,/event_dates/1700410,2024-12-30,CLOTURE,,false,,,,,,,,,,,,,,14581,COMÉDIE DE RENNES,,31 RUE XAVIER GRALL,35700,RENNES,,35,Ille-et-Vilaine,2022-06-24,VALIDE,4314,,
2024-07-18,2024-07-18,654,CENTRE CHOREGRAPHIQUE NATIONAL DE RENNES ET DE BRETAGNE,FAIRE CCN RENNES,Activé,689,ROLE_DECLARANT1,31464796700020,35000,RENNES,Ille-et-Vilaine,Bretagne,DOS20181231,1-1110488,319185,,2024-06-18,CLOTURE,,false,,,3510,(UNDER)GROUND,RENNES,35000,2024-07-18,VALIDE,689,,,,,20426,TNB,,1 RUE SAINT-HÉLIER,35000,RENNES,,35,Ille-et-Vilaine,2024-09-01,VALIDE,53,5238,
2024-07-18,2024-07-18,654,CENTRE CHOREGRAPHIQUE NATIONAL DE RENNES ET DE BRETAGNE,FAIRE CCN RENNES,Activé,689,ROLE_DECLARANT1,31464796700020,35000,RENNES,Ille-et-Vilaine,Bretagne,DOS20181231,1-1110488,319172,,2024-06-18,CLOTURE,,false,,,3510,(UNDER)GROUND,RENNES,35000,2024-07-18,VALIDE,689,,,,,5794,CCNRB,,38 RUE SAINT MELAINE CS 20831,35108,RENNES CEDEX,31464796700020,35,Ille-et-Vilaine,2019-02-26,VALIDE,,,
2025-03-01,2025-03-01,3284,COMEDIE DE RENNES,,Activé,4315,ROLE_SIB,90319904000010,35700,RENNES,Ille-et-Vilaine,Bretagne,,PLATESV-D-2022-003733,353300,/event_dates/1700144,2024-12-28,CLOTURE,,false,,,,,,,,,,,,,,14581,COMÉDIE DE RENNES,,31 RUE XAVIER GRALL,35700,RENNES,,35,Ille-et-Vilaine,2022-06-24,VALIDE,4314,,
2024-07-16,2024-07-16,3780,LA PAILLETTE,,Activé,5001,ROLE_SIB,77774969800034,35000,RENNES,Ille-et-Vilaine,Bretagne,52745,PLATESV-R-2020-009633,318125,/event_dates/1341329,2024-06-16,CLOTURE,,false,,,,,,,,,,,,2868,ASS MJC LA PAILLETTE,9054,LA PAILLETTE,,2 RUE DU PRÉ DE BRIS,35000,RENNES,,35,Ille-et-Vilaine,2020-11-30,FUSIONNE,1551,89,
2025-04-02,2025-04-02,1125,CARTEL CONCERTS,,Activé,1278,ROLE_DECLARANT1,80023696000038,35200,RENNES,Ille-et-Vilaine,Bretagne,DOS20168997,3-1072466,365921,,2024-12-28,CLOTURE,,false,,,,,,,,,,,,20430,LE ZENITH DE PARIS,18598,LE ZENITH DE PARIS,,211 AVENUE JEAN JAURÈS,75019,PARIS,,75,Paris,2023-06-27,FUSIONNE,3749,89,
2024-08-28,2024-08-28,2641,MAISON DES JEUNES ET CULTURE DE PACE,,Activé,3356,ROLE_SIB,30593736900026,35740,PACE,Ille-et-Vilaine,Bretagne,31372,PLATESV-R-2020-000949,325288,202,2024-06-16,CLOTURE,,false,,,,,,,,,,,,,,11393,ESCAPADE,,6 AVENUE CHARLES LE GOFFIC,35740,PACÉ,,35,Ille-et-Vilaine,2021-09-24,VALIDE,3356,5239,
2024-09-07,2024-07-19,3780,LA PAILLETTE,,Activé,5000,ROLE_DECLARANT1,77774969800034,35000,RENNES,Ille-et-Vilaine,Bretagne,52745,PLATESV-R-2020-009633,314993,,2024-06-15,CLOTURE,,false,2662,Les Envolées,3332,Festival Les Envolées,RENNES,35000,2024-04-19,FUSIONNE,5001,,,2868,ASS MJC LA PAILLETTE,9054,LA PAILLETTE,,2 RUE DU PRÉ DE BRIS,35000,RENNES,,35,Ille-et-Vilaine,2020-11-30,FUSIONNE,1551,89,
2024-09-07,2024-09-07,3780,LA PAILLETTE,,Activé,5000,ROLE_DECLARANT1,77774969800034,35000,RENNES,Ille-et-Vilaine,Bretagne,52745,PLATESV-R-2020-009633,314989,,2024-06-15,CLOTURE,,false,2662,Les Envolées,3332,Festival Les Envolées,RENNES,35000,2024-04-19,FUSIONNE,5001,,,2868,ASS MJC LA PAILLETTE,9054,LA PAILLETTE,,2 RUE DU PRÉ DE BRIS,35000,RENNES,,35,Ille-et-Vilaine,2020-11-30,FUSIONNE,1551,89,
2024-08-28,2024-08-28,2641,MAISON DES JEUNES ET CULTURE DE PACE,,Activé,3356,ROLE_SIB,30593736900026,35740,PACE,Ille-et-Vilaine,Bretagne,31372,PLATESV-R-2020-000949,325289,200,2024-06-14,CLOTURE,,false,,,,,,,,,,,,,,11393,ESCAPADE,,6 AVENUE CHARLES LE GOFFIC,35740,PACÉ,,35,Ille-et-Vilaine,2021-09-24,VALIDE,3356,5239,
2024-12-27,2024-12-27,1291,ASSOCIATION LILLICO,,Activé,6234,ROLE_SIB,78975485000038,35000,RENNES,Ille-et-Vilaine,Bretagne,,PLATESV-D-2020-000183,352433,/event_dates/1492781,2024-12-21,CLOTURE,,false,,,,,,,,,,,,,,16849,SALLE GUY ROPARTZ,,14 RUE GUY ROPARTZ,35700,RENNES,,35,Ille-et-Vilaine,2023-01-16,VALIDE,1551,,
2024-12-27,2024-12-27,3284,COMEDIE DE RENNES,,Activé,4315,ROLE_SIB,90319904000010,35700,RENNES,Ille-et-Vilaine,Bretagne,,PLATESV-D-2022-003733,352423,/event_dates/1739162,2024-12-21,CLOTURE,,false,,,,,,,,,,,,,,14581,COMÉDIE DE RENNES,,31 RUE XAVIER GRALL,35700,RENNES,,35,Ille-et-Vilaine,2022-06-24,VALIDE,4314,,
2024-07-24,2024-07-24,176,ANTIPODE MJC RENNES,ANTIPODE,Activé,3639,ROLE_SIB,77774999500018,35000,RENNES,Ille-et-Vilaine,Bretagne,,3-1019092,320798,event_588,2024-09-06,CLOTURE,,false,,,,,,,,,,,,,,13768,ANTIPODE,Antipode - PARVIS AGNÈS VARDA,75 AVENUE JULES MANIEZ,35000,RENNES,,35,Ille-et-Vilaine,2022-05-04,VALIDE,3639,5238,
2024-10-07,2024-10-07,3820,THEATRE L'AIRE LIBRE,,Activé,5626,ROLE_DECLARANT1,92262510800019,35136,SAINT-JACQUES-DE-LA-LANDE,Ille-et-Vilaine,Bretagne,,PLATESV-D-2023-000211,315520,,2024-08-06,CLOTURE,,false,,,3470,MONDE.S,SAINT-JACQUES-DE-LA-LANDE,35136,2024-10-07,VALIDE,5626,,,2807,L'AIRE LIBRE,18263,THÉÂTRE L'AIRE LIBRE,,2 PLACE JULES VALLÈS,35136,SAINT-JACQUES-DE-LA-LANDE,,35,Ille-et-Vilaine,2023-05-22,FUSIONNE,5047,,
2024-06-25,2024-06-25,2934,COMMUNE DE RENNES,OPERA DE RENNES,Activé,3842,ROLE_DECLARANT1,21350238800076,35000,RENNES,Ille-et-Vilaine,Bretagne,84250,PLATESV-R-2021-012024,311080,,2024-08-06,CLOTURE,,false,,,,,,,,,,,,,,503,COMMUNE DE RENNES,,PL  DE LA MAIRIE,35000,RENNES,21350238800019,35,Ille-et-Vilaine,2018-06-27,VALIDE,,,
2025-03-31,2025-03-31,2641,MAISON DES JEUNES ET CULTURE DE PACE,,Activé,3356,ROLE_SIB,30593736900026,35740,PACE,Ille-et-Vilaine,Bretagne,31372,PLATESV-R-2020-000949,384571,230,2024-12-17,CLOTURE,,false,,,,,,,,,,,,,,11393,ESCAPADE,,6 AVENUE CHARLES LE GOFFIC,35740,PACÉ,,35,Ille-et-Vilaine,2021-09-24,VALIDE,3356,5239,
2024-12-22,2024-12-22,1291,ASSOCIATION LILLICO,,Activé,6234,ROLE_SIB,78975485000038,35000,RENNES,Ille-et-Vilaine,Bretagne,,PLATESV-D-2020-000183,351854,/event_dates/1492718,2024-12-16,CLOTURE,,false,,,,,,,,,,,,,,16849,SALLE GUY ROPARTZ,,14 RUE GUY ROPARTZ,35700,RENNES,,35,Ille-et-Vilaine,2023-01-16,VALIDE,1551,,
2024-12-11,2024-12-11,610,COMMUNE DE CHARTRES DE BRETAGNE,MAIRIE,Activé,638,ROLE_DECLARANT1,21350066300017,35131,CHARTRES DE BRETAGNE,Ille-et-Vilaine,Bretagne,DOS20179174,1-1107987,340988,,2024-08-11,CLOTURE,,false,,,,,,,,,,,,,,7572,CENTRE CULTUREL PÔLE SUD,,RUE DE LA CONTERIE,35131,CHARTRES-DE-BRETAGNE,,35,Ille-et-Vilaine,2020-01-22,VALIDE,638,,
2025-05-22,2025-05-22,610,COMMUNE DE CHARTRES DE BRETAGNE,MAIRIE,Activé,638,ROLE_DECLARANT1,21350066300017,35131,CHARTRES DE BRETAGNE,Ille-et-Vilaine,Bretagne,DOS20179174,1-1107987,407123,,2025-05-15,CLOTURE,,false,,,,,,,,,,,,,,7572,CENTRE CULTUREL PÔLE SUD,,RUE DE LA CONTERIE,35131,CHARTRES-DE-BRETAGNE,,35,Ille-et-Vilaine,2020-01-22,VALIDE,638,,
2025-06-01,2025-06-01,923,LES ATELIERS DU VENT,ADV,Activé,1006,ROLE_DECLARANT1,45124579900023,35000,RENNES,Ille-et-Vilaine,Bretagne,DOS20197631,1-1123282,354067,,2024-03-11,CLOTURE,,true,,,,,,,,,,,,,,429,LES ATELIERS DU VENT,,59  RUE  ALEXANDRE DUVAL,35000,RENNES,45124579900023,35,Ille-et-Vilaine,2018-06-27,VALIDE,,,
2024-12-11,2024-12-11,3284,COMEDIE DE RENNES,,Activé,4315,ROLE_SIB,90319904000010,35700,RENNES,Ille-et-Vilaine,Bretagne,,PLATESV-D-2022-003733,340710,/event_dates/1662974,2024-03-11,CLOTURE,,false,,,,,,,,,,,,,,14581,COMÉDIE DE RENNES,,31 RUE XAVIER GRALL,35700,RENNES,,35,Ille-et-Vilaine,2022-06-24,VALIDE,4314,,
2024-12-11,2024-12-11,3284,COMEDIE DE RENNES,,Activé,4315,ROLE_SIB,90319904000010,35700,RENNES,Ille-et-Vilaine,Bretagne,,PLATESV-D-2022-003733,340405,/event_dates/1739596,2024-02-11,CLOTURE,,false,,,,,,,,,,,,,,14581,COMÉDIE DE RENNES,,31 RUE XAVIER GRALL,35700,RENNES,,35,Ille-et-Vilaine,2022-06-24,VALIDE,4314,,
2025-10-05,2025-10-05,3284,COMEDIE DE RENNES,,Activé,4315,ROLE_SIB,90319904000010,35700,RENNES,Ille-et-Vilaine,Bretagne,,PLATESV-D-2022-003733,403130,/event_dates/1988043,2025-04-05,CLOTURE,,false,,,,,,,,,,,,,,14581,COMÉDIE DE RENNES,,31 RUE XAVIER GRALL,35700,RENNES,,35,Ille-et-Vilaine,2022-06-24,VALIDE,4314,,
2025-03-02,2025-03-02,1125,CARTEL CONCERTS,,Activé,1278,ROLE_DECLARANT1,80023696000038,35200,RENNES,Ille-et-Vilaine,Bretagne,DOS20168997,3-1072466,365364,,2024-01-11,CLOTURE,,false,,,,,,,,,,,,4447,ZENITH TOULOUSE METROPOLE,7655,ZENITH DE TOULOUSE,,11 AVENUE RAYMOND BADIOU,31300,TOULOUSE,,31,Haute-Garonne,2020-03-02,FUSIONNE,1321,,
2025-07-04,2025-07-04,542,ASSOCIATION TRANS MUSICALES,ATM,Activé,597,ROLE_DECLARANT1,33886426700020,35000,RENNES,Ille-et-Vilaine,Bretagne,,3-1032090,388791,,2024-10-30,CLOTURE,,false,,,,,,,,,,,,,,7843,UBU,,1 RUE SAINT-HÉLIER,35000,RENNES,,35,Ille-et-Vilaine,2020-02-26,VALIDE,597,,
2024-12-11,2024-12-11,3284,COMEDIE DE RENNES,,Activé,4315,ROLE_SIB,90319904000010,35700,RENNES,Ille-et-Vilaine,Bretagne,,PLATESV-D-2022-003733,340390,/event_dates/1743600,2024-10-27,CLOTURE,,false,,,,,,,,,,,,,,14581,COMÉDIE DE RENNES,,31 RUE XAVIER GRALL,35700,RENNES,,35,Ille-et-Vilaine,2022-06-24,VALIDE,4314,,
2024-12-11,2024-12-11,3284,COMEDIE DE RENNES,,Activé,4315,ROLE_SIB,90319904000010,35700,RENNES,Ille-et-Vilaine,Bretagne,,PLATESV-D-2022-003733,340595,/event_dates/1387528,2024-10-26,CLOTURE,,false,,,,,,,,,,,,,,14581,COMÉDIE DE RENNES,,31 RUE XAVIER GRALL,35700,RENNES,,35,Ille-et-Vilaine,2022-06-24,VALIDE,4314,,
2024-12-11,2024-12-11,3284,COMEDIE DE RENNES,,Activé,4315,ROLE_SIB,90319904000010,35700,RENNES,Ille-et-Vilaine,Bretagne,,PLATESV-D-2022-003733,340594,/event_dates/1387521,2024-10-25,CLOTURE,,false,,,,,,,,,,,,,,14581,COMÉDIE DE RENNES,,31 RUE XAVIER GRALL,35700,RENNES,,35,Ille-et-Vilaine,2022-06-24,VALIDE,4314,,
2025-11-08,2025-11-08,2528,PATCHROCK,,Activé,3204,ROLE_DECLARANT1,41211000900047,35000,RENNES,Ille-et-Vilaine,Bretagne,DOS20196448,3-1010967,428794,,2025-04-25,CLOTURE,,false,,,,,,,,,,,,,,8794,LA CITÉ,,10 RUE SAINT-LOUIS,35000,RENNES,,35,Ille-et-Vilaine,2020-10-27,VALIDE,945,,
2025-05-05,2025-05-05,1429,COMMUNE DE BETTON,Salle Confluence - Betton,Activé,1780,ROLE_SIB,21350024200259,35830,Betton,Ille-et-Vilaine,Bretagne,,PLATESV-R-2020-005656,401794,331,2025-04-25,CLOTURE,,false,,,,,,,,,,,,,,8489,LA CONFLUENCE,,PLACE CHARLES DE GAULLE,35830,BETTON,,35,Ille-et-Vilaine,2020-09-22,VALIDE,1780,5238,
2025-06-05,2025-06-05,58,THEATRE NATIONAL DE BRETAGNE - T.N.B. CENTRE EUROPEEN DE PRODUCTION THEATRALE ET CHOREGRAPHIQUE,THEATRE NATIONAL DE BRETAGNE - T.N.B.,Activé,53,ROLE_DECLARANT1,37921397800016,35000,RENNES,Ille-et-Vilaine,Bretagne,,3-1099111,402173,,2025-04-25,CLOTURE,,false,,,,,,,,,,,,,,20426,TNB,,1 RUE SAINT-HÉLIER,35000,RENNES,,35,Ille-et-Vilaine,2024-09-01,VALIDE,53,5238,
2024-12-17,2024-12-17,1291,ASSOCIATION LILLICO,,Activé,6234,ROLE_SIB,78975485000038,35000,RENNES,Ille-et-Vilaine,Bretagne,,PLATESV-D-2020-000183,349325,/event_dates/1405820,2024-10-23,CLOTURE,,false,,,,,,,,,,,,,,9051,MAISON DE QUARTIER DE LA BELLANGERAIS,,5 RUE DU MORBIHAN,35700,RENNES,,35,Ille-et-Vilaine,2020-11-30,VALIDE,1551,89,
2025-07-17,2025-07-17,176,ANTIPODE MJC RENNES,ANTIPODE,Activé,3639,ROLE_SIB,77774999500018,35000,RENNES,Ille-et-Vilaine,Bretagne,,3-1019092,422935,declaration_302_2025_2,2025-04-24,CLOTURE,,false,,,,,,,,,,,,,,13768,ANTIPODE,Antipode - PARVIS AGNÈS VARDA,75 AVENUE JULES MANIEZ,35000,RENNES,,35,Ille-et-Vilaine,2022-05-04,VALIDE,3639,5238,
2025-07-15,2025-07-15,5466,COMMUNE DE SAINT GILLES,MAIRIE,Activé,7301,ROLE_SIB,21350275000085,35590,SAINT-GILLES,Ille-et-Vilaine,Bretagne,PLATESV-R-2020-005381,PLATESV-R-2020-005381,420215,127,2024-10-22,CLOTURE,,false,872,FESTIVAL MARMAILLE / MARMAILLE EN FUGUE,2926,Festival Marmaille?,RENNES,35000,2023-11-10,FUSIONNE,5001,,,,,25782,LE SABOT D'OR,,LE PONT HAZARD,35590,SAINT-GILLES,,35,Ille-et-Vilaine,2025-04-29,VALIDE,7301,,
2025-07-15,2025-07-15,5466,COMMUNE DE SAINT GILLES,MAIRIE,Activé,7301,ROLE_SIB,21350275000085,35590,SAINT-GILLES,Ille-et-Vilaine,Bretagne,PLATESV-R-2020-005381,PLATESV-R-2020-005381,420214,126,2024-10-22,CLOTURE,,false,872,FESTIVAL MARMAILLE / MARMAILLE EN FUGUE,2926,Festival Marmaille?,RENNES,35000,2023-11-10,FUSIONNE,5001,,,,,25782,LE SABOT D'OR,,LE PONT HAZARD,35590,SAINT-GILLES,,35,Ille-et-Vilaine,2025-04-29,VALIDE,7301,,
2025-08-01,2025-08-01,1291,ASSOCIATION LILLICO,,Activé,6234,ROLE_SIB,78975485000038,35000,RENNES,Ille-et-Vilaine,Bretagne,,PLATESV-D-2020-000183,354807,/event_dates/1462730,2024-10-22,CLOTURE,,false,,,,,,,,,,,,,,23992,CENTRE CULTUREL EDOUARD GANCHE,Médiathèque municipale,4 RUE PHILIPPE,35580,BAULON,,35,Ille-et-Vilaine,2024-12-17,VALIDE,1544,,
2024-12-17,2024-12-17,1291,ASSOCIATION LILLICO,,Activé,6234,ROLE_SIB,78975485000038,35000,RENNES,Ille-et-Vilaine,Bretagne,,PLATESV-D-2020-000183,349310,/event_dates/1405526,2024-10-21,CLOTURE,,false,,,,,,,,,,,,,,16849,SALLE GUY ROPARTZ,,14 RUE GUY ROPARTZ,35700,RENNES,,35,Ille-et-Vilaine,2023-01-16,VALIDE,1551,,
2024-12-17,2024-12-17,1291,ASSOCIATION LILLICO,,Activé,6234,ROLE_SIB,78975485000038,35000,RENNES,Ille-et-Vilaine,Bretagne,,PLATESV-D-2020-000183,349306,/event_dates/1405323,2024-10-21,CLOTURE,,false,,,,,,,,,,,,,,16849,SALLE GUY ROPARTZ,,14 RUE GUY ROPARTZ,35700,RENNES,,35,Ille-et-Vilaine,2023-01-16,VALIDE,1551,,
2024-12-17,2024-12-17,1291,ASSOCIATION LILLICO,,Activé,6234,ROLE_SIB,78975485000038,35000,RENNES,Ille-et-Vilaine,Bretagne,,PLATESV-D-2020-000183,349308,/event_dates/1405799,2024-10-20,CLOTURE,,false,,,,,,,,,,,,,,9051,MAISON DE QUARTIER DE LA BELLANGERAIS,,5 RUE DU MORBIHAN,35700,RENNES,,35,Ille-et-Vilaine,2020-11-30,VALIDE,1551,89,
2024-12-17,2024-12-17,1291,ASSOCIATION LILLICO,,Activé,6234,ROLE_SIB,78975485000038,35000,RENNES,Ille-et-Vilaine,Bretagne,,PLATESV-D-2020-000183,349307,/event_dates/1405792,2024-10-20,CLOTURE,,false,,,,,,,,,,,,,,9051,MAISON DE QUARTIER DE LA BELLANGERAIS,,5 RUE DU MORBIHAN,35700,RENNES,,35,Ille-et-Vilaine,2020-11-30,VALIDE,1551,89,
2024-12-17,2024-12-17,1291,ASSOCIATION LILLICO,,Activé,6234,ROLE_SIB,78975485000038,35000,RENNES,Ille-et-Vilaine,Bretagne,,PLATESV-D-2020-000183,349304,/event_dates/1405330,2024-10-20,CLOTURE,,false,,,,,,,,,,,,,,16849,SALLE GUY ROPARTZ,,14 RUE GUY ROPARTZ,35700,RENNES,,35,Ille-et-Vilaine,2023-01-16,VALIDE,1551,,
2025-06-05,2025-06-05,58,THEATRE NATIONAL DE BRETAGNE - T.N.B. CENTRE EUROPEEN DE PRODUCTION THEATRALE ET CHOREGRAPHIQUE,THEATRE NATIONAL DE BRETAGNE - T.N.B.,Activé,53,ROLE_DECLARANT1,37921397800016,35000,RENNES,Ille-et-Vilaine,Bretagne,,3-1099111,402170,,2025-04-23,CLOTURE,,false,,,,,,,,,,,,,,20426,TNB,,1 RUE SAINT-HÉLIER,35000,RENNES,,35,Ille-et-Vilaine,2024-09-01,VALIDE,53,5238,
2025-04-07,2025-04-07,1584,ORCHESTRE NATIONAL DE BRETAGNE,ORCHESTRE NATIONAL DE BRETAGNE,Activé,5671,ROLE_DECLARANT2,35010209100021,35000,RENNES,Ille-et-Vilaine,Bretagne,DOS20183137,2-1054646,417734,,2025-04-22,CLOTURE,,false,,,,,,,,,,,,,,9526,COUVENT DES JACOBINS,Couvent des Jacobins - Centre des Congrès de Rennes Métropole,20 PLACE SAINTE-ANNE,35000,RENNES,,35,Ille-et-Vilaine,2021-01-22,VALIDE,2015,,
2024-10-25,2024-10-25,3284,COMEDIE DE RENNES,,Activé,4315,ROLE_SIB,90319904000010,35700,RENNES,Ille-et-Vilaine,Bretagne,,PLATESV-D-2022-003733,338095,/event_dates/1516800,2024-10-19,CLOTURE,,false,,,,,,,,,,,,,,14581,COMÉDIE DE RENNES,,31 RUE XAVIER GRALL,35700,RENNES,,35,Ille-et-Vilaine,2022-06-24,VALIDE,4314,,
2024-12-17,2024-12-17,1291,ASSOCIATION LILLICO,,Activé,6234,ROLE_SIB,78975485000038,35000,RENNES,Ille-et-Vilaine,Bretagne,,PLATESV-D-2020-000183,349298,/event_dates/1405757,2024-10-19,CLOTURE,,false,,,,,,,,,,,,,,9051,MAISON DE QUARTIER DE LA BELLANGERAIS,,5 RUE DU MORBIHAN,35700,RENNES,,35,Ille-et-Vilaine,2020-11-30,VALIDE,1551,89,
2024-12-17,2024-12-17,1291,ASSOCIATION LILLICO,,Activé,6234,ROLE_SIB,78975485000038,35000,RENNES,Ille-et-Vilaine,Bretagne,,PLATESV-D-2020-000183,349302,/event_dates/1492249,2024-10-19,CLOTURE,,false,,,,,,,,,,,,,,12932,THEATRE DU CERCLE,,30BIS RUE DE PARIS,35000,RENNES,,35,Ille-et-Vilaine,2022-07-01,VALIDE,1551,5239,
2024-12-17,2024-12-17,1291,ASSOCIATION LILLICO,,Activé,6234,ROLE_SIB,78975485000038,35000,RENNES,Ille-et-Vilaine,Bretagne,,PLATESV-D-2020-000183,349300,/event_dates/1405309,2024-10-18,CLOTURE,,true,,,,,,,,,,,,,,16849,SALLE GUY ROPARTZ,,14 RUE GUY ROPARTZ,35700,RENNES,,35,Ille-et-Vilaine,2023-01-16,VALIDE,1551,,
2024-12-17,2024-12-17,1291,ASSOCIATION LILLICO,,Activé,6234,ROLE_SIB,78975485000038,35000,RENNES,Ille-et-Vilaine,Bretagne,,PLATESV-D-2020-000183,349299,/event_dates/1405302,2024-10-18,CLOTURE,,true,,,,,,,,,,,,,,16849,SALLE GUY ROPARTZ,,14 RUE GUY ROPARTZ,35700,RENNES,,35,Ille-et-Vilaine,2023-01-16,VALIDE,1551,,
2025-07-22,2025-07-22,1125,CARTEL CONCERTS,,Activé,1278,ROLE_DECLARANT1,80023696000038,35200,RENNES,Ille-et-Vilaine,Bretagne,DOS20168997,3-1072466,424739,,2025-04-16,CLOTURE,,false,,,,,,,,,,,,,,7835,L'ETAGE,,1 ESPLANADE GÉNÉRAL DE GAULLE,35000,RENNES,,35,Ille-et-Vilaine,2020-02-25,VALIDE,1086,,
2024-10-23,2024-10-23,3780,LA PAILLETTE,,Activé,5001,ROLE_SIB,77774969800034,35000,RENNES,Ille-et-Vilaine,Bretagne,52745,PLATESV-R-2020-009633,337564,/event_dates/1397266,2024-10-17,CLOTURE,,true,,,,,,,,,,,,2868,ASS MJC LA PAILLETTE,9054,LA PAILLETTE,,2 RUE DU PRÉ DE BRIS,35000,RENNES,,35,Ille-et-Vilaine,2020-11-30,FUSIONNE,1551,89,
2025-03-07,2025-03-07,1416,COMMUNE DE BRUZ,LE GRAND LOGIS - VILLE DE BRUZ,Activé,1831,ROLE_SIB,21350047300151,35170,BRUZ,Ille-et-Vilaine,Bretagne,DOS20187008,1-1114454,417509,317,2025-05-15,CLOTURE,,false,,,,,,,,,,,,,,2089,COMMUNE DE BRUZ,,10  AV  DU GENERAL DE GAULLE,35170,BRUZ,21350047300151,35,Ille-et-Vilaine,2018-06-27,VALIDE,,,
2025-05-20,2025-03-06,58,THEATRE NATIONAL DE BRETAGNE - T.N.B. CENTRE EUROPEEN DE PRODUCTION THEATRALE ET CHOREGRAPHIQUE,THEATRE NATIONAL DE BRETAGNE - T.N.B.,Activé,53,ROLE_DECLARANT1,37921397800016,35000,RENNES,Ille-et-Vilaine,Bretagne,,3-1099111,406494,,2025-05-15,CLOTURE,,false,2716,Transforme / New Settings,3440,FESTIVAL TRANSFORME,RENNES,35000,2024-06-27,FUSIONNE,53,,,,,20426,TNB,,1 RUE SAINT-HÉLIER,35000,RENNES,,35,Ille-et-Vilaine,2024-09-01,VALIDE,53,5238,
2024-12-17,2024-12-17,1291,ASSOCIATION LILLICO,,Activé,6234,ROLE_SIB,78975485000038,35000,RENNES,Ille-et-Vilaine,Bretagne,,PLATESV-D-2020-000183,349286,/event_dates/1398176,2024-10-15,CLOTURE,,false,,,,,,,,,,,,,,16849,SALLE GUY ROPARTZ,,14 RUE GUY ROPARTZ,35700,RENNES,,35,Ille-et-Vilaine,2023-01-16,VALIDE,1551,,
2024-12-18,2024-12-18,1291,ASSOCIATION LILLICO,,Activé,6234,ROLE_SIB,78975485000038,35000,RENNES,Ille-et-Vilaine,Bretagne,,PLATESV-D-2020-000183,349811,/event_dates/1406051,2024-10-15,CLOTURE,,false,,,,,,,,,,,,,,429,LES ATELIERS DU VENT,,59  RUE  ALEXANDRE DUVAL,35000,RENNES,45124579900023,35,Ille-et-Vilaine,2018-06-27,VALIDE,,,
2025-07-16,2025-07-16,2934,COMMUNE DE RENNES,OPERA DE RENNES,Activé,3842,ROLE_DECLARANT1,21350238800076,35000,RENNES,Ille-et-Vilaine,Bretagne,84250,PLATESV-R-2021-012024,422619,,2025-05-20,CLOTURE,,false,,,,,,,,,,,,,,503,COMMUNE DE RENNES,,PL  DE LA MAIRIE,35000,RENNES,21350238800019,35,Ille-et-Vilaine,2018-06-27,VALIDE,,,
2025-05-25,2025-05-25,1291,ASSOCIATION LILLICO,,Activé,6234,ROLE_SIB,78975485000038,35000,RENNES,Ille-et-Vilaine,Bretagne,,PLATESV-D-2020-000183,407727,/event_dates/1493341,2025-05-19,CLOTURE,,false,,,,,,,,,,,,,,16849,SALLE GUY ROPARTZ,,14 RUE GUY ROPARTZ,35700,RENNES,,35,Ille-et-Vilaine,2023-01-16,VALIDE,1551,,
2025-05-28,2025-05-28,572,CENTRE CULTUREL TRIANGLE,LE TRIANGLE,Activé,631,ROLE_DECLARANT1,32327735000035,35200,RENNES,Ille-et-Vilaine,Bretagne,,3-1014237,408747,,2025-05-19,CLOTURE,,false,,,,,,,,,,,,,,2390,CENTRE CULTUREL TRIANGLE,,BD  DE YOUGOSLAVIE,35200,RENNES,32327735000035,35,Ille-et-Vilaine,2018-06-27,VALIDE,,,
2024-11-27,2024-11-27,176,ANTIPODE MJC RENNES,ANTIPODE,Activé,3639,ROLE_SIB,77774999500018,35000,RENNES,Ille-et-Vilaine,Bretagne,,3-1019092,344202,event_600,2024-09-10,CLOTURE,,false,,,,,,,,,,,,,,13768,ANTIPODE,Antipode - PARVIS AGNÈS VARDA,75 AVENUE JULES MANIEZ,35000,RENNES,,35,Ille-et-Vilaine,2022-05-04,VALIDE,3639,5238,
2025-06-01,2025-06-01,572,CENTRE CULTUREL TRIANGLE,LE TRIANGLE,Activé,631,ROLE_DECLARANT1,32327735000035,35200,RENNES,Ille-et-Vilaine,Bretagne,,3-1014237,354094,,2024-09-10,CLOTURE,,false,,,,,,,,,,,,,,2390,CENTRE CULTUREL TRIANGLE,,BD  DE YOUGOSLAVIE,35200,RENNES,32327735000035,35,Ille-et-Vilaine,2018-06-27,VALIDE,,,
2025-05-24,2025-05-24,3284,COMEDIE DE RENNES,,Activé,4315,ROLE_SIB,90319904000010,35700,RENNES,Ille-et-Vilaine,Bretagne,,PLATESV-D-2022-003733,407631,/event_dates/1824912,2025-05-17,CLOTURE,,false,,,,,,,,,,,,,,14581,COMÉDIE DE RENNES,,31 RUE XAVIER GRALL,35700,RENNES,,35,Ille-et-Vilaine,2022-06-24,VALIDE,4314,,
2025-02-04,2025-02-04,1584,ORCHESTRE NATIONAL DE BRETAGNE,ORCHESTRE NATIONAL DE BRETAGNE,Activé,5671,ROLE_DECLARANT2,35010209100021,35000,RENNES,Ille-et-Vilaine,Bretagne,DOS20183137,2-1054646,386106,,2025-02-27,CLOTURE,,false,,,,,,,,,,,,,,9526,COUVENT DES JACOBINS,Couvent des Jacobins - Centre des Congrès de Rennes Métropole,20 PLACE SAINTE-ANNE,35000,RENNES,,35,Ille-et-Vilaine,2021-01-22,VALIDE,2015,,
2025-05-03,2025-05-03,3780,LA PAILLETTE,,Activé,5001,ROLE_SIB,77774969800034,35000,RENNES,Ille-et-Vilaine,Bretagne,52745,PLATESV-R-2020-009633,375707,/event_dates/1397420,2025-02-27,CLOTURE,,true,,,,,,,,,,,,2868,ASS MJC LA PAILLETTE,9054,LA PAILLETTE,,2 RUE DU PRÉ DE BRIS,35000,RENNES,,35,Ille-et-Vilaine,2020-11-30,FUSIONNE,1551,89,
2025-04-13,2025-04-13,3284,COMEDIE DE RENNES,,Activé,4315,ROLE_SIB,90319904000010,35700,RENNES,Ille-et-Vilaine,Bretagne,,PLATESV-D-2022-003733,393148,/event_dates/1890117,2025-07-04,CLOTURE,,false,,,,,,,,,,,,,,14581,COMÉDIE DE RENNES,,31 RUE XAVIER GRALL,35700,RENNES,,35,Ille-et-Vilaine,2022-06-24,VALIDE,4314,,
2025-07-04,2025-07-04,542,ASSOCIATION TRANS MUSICALES,ATM,Activé,597,ROLE_DECLARANT1,33886426700020,35000,RENNES,Ille-et-Vilaine,Bretagne,,3-1032090,388853,,2025-02-24,CLOTURE,,false,,,,,,,,,,,,,,7843,UBU,,1 RUE SAINT-HÉLIER,35000,RENNES,,35,Ille-et-Vilaine,2020-02-26,VALIDE,597,,
2025-07-17,2025-07-17,176,ANTIPODE MJC RENNES,ANTIPODE,Activé,3639,ROLE_SIB,77774999500018,35000,RENNES,Ille-et-Vilaine,Bretagne,,3-1019092,422938,declaration_270_2025_2,2025-05-04,CLOTURE,,false,,,2146,FESTIVAL MYTHOS,RENNES,35000,2022-11-10,VALIDE,3407,,,,,13768,ANTIPODE,Antipode - PARVIS AGNÈS VARDA,75 AVENUE JULES MANIEZ,35000,RENNES,,35,Ille-et-Vilaine,2022-05-04,VALIDE,3639,5238,
2025-03-27,2025-03-27,2934,COMMUNE DE RENNES,OPERA DE RENNES,Activé,3842,ROLE_DECLARANT1,21350238800076,35000,RENNES,Ille-et-Vilaine,Bretagne,84250,PLATESV-R-2021-012024,383729,,2025-02-22,CLOTURE,,false,,,,,,,,,,,,,,503,COMMUNE DE RENNES,,PL  DE LA MAIRIE,35000,RENNES,21350238800019,35,Ille-et-Vilaine,2018-06-27,VALIDE,,,
2025-07-04,2025-07-04,542,ASSOCIATION TRANS MUSICALES,ATM,Activé,597,ROLE_DECLARANT1,33886426700020,35000,RENNES,Ille-et-Vilaine,Bretagne,,3-1032090,388850,,2025-02-22,CLOTURE,,false,,,,,,,,,,,,,,7843,UBU,,1 RUE SAINT-HÉLIER,35000,RENNES,,35,Ille-et-Vilaine,2020-02-26,VALIDE,597,,
2025-07-22,2025-07-22,1125,CARTEL CONCERTS,,Activé,1278,ROLE_DECLARANT1,80023696000038,35200,RENNES,Ille-et-Vilaine,Bretagne,DOS20168997,3-1072466,424732,,2025-03-04,CLOTURE,,false,,,,,,,,,,,,,,6844,L'ALHAMBRA,,21 RUE YVES TOUDIC,75010,PARIS,,75,Paris,2019-11-27,VALIDE,953,,
2025-04-07,2025-04-07,1584,ORCHESTRE NATIONAL DE BRETAGNE,ORCHESTRE NATIONAL DE BRETAGNE,Activé,5671,ROLE_DECLARANT2,35010209100021,35000,RENNES,Ille-et-Vilaine,Bretagne,DOS20183137,2-1054646,417736,,2025-03-04,CLOTURE,,false,,,,,,,,,,,,,,9526,COUVENT DES JACOBINS,Couvent des Jacobins - Centre des Congrès de Rennes Métropole,20 PLACE SAINTE-ANNE,35000,RENNES,,35,Ille-et-Vilaine,2021-01-22,VALIDE,2015,,
2025-07-22,2025-07-22,1125,CARTEL CONCERTS,,Activé,1278,ROLE_DECLARANT1,80023696000038,35200,RENNES,Ille-et-Vilaine,Bretagne,DOS20168997,3-1072466,424727,,2025-02-04,CLOTURE,,false,,,,,,,,,,,,18106,LE 4 BIS,16451,LE 4BIS,,4BIS COURS DES ALLIÉS,35000,RENNES,,35,Ille-et-Vilaine,2022-12-14,FUSIONNE,967,,
2025-07-18,2025-07-18,542,ASSOCIATION TRANS MUSICALES,ATM,Activé,597,ROLE_DECLARANT1,33886426700020,35000,RENNES,Ille-et-Vilaine,Bretagne,,3-1032090,423161,,2025-02-04,CLOTURE,,false,,,,,,,,,,,,,,7843,UBU,,1 RUE SAINT-HÉLIER,35000,RENNES,,35,Ille-et-Vilaine,2020-02-26,VALIDE,597,,
2025-11-07,2025-11-07,1291,ASSOCIATION LILLICO,,Activé,6234,ROLE_SIB,78975485000038,35000,RENNES,Ille-et-Vilaine,Bretagne,,PLATESV-D-2020-000183,419689,/event_dates/1493243,2025-02-04,CLOTURE,,false,,,,,,,,,,,,,,23993,ESPACE SOCIAL COMMUN SIMONE IFF,Salle polyvalente,12BIS RUE GUY ROPARTZ,35700,RENNES,,35,Ille-et-Vilaine,2024-12-17,VALIDE,1544,,
2025-07-17,2025-07-17,176,ANTIPODE MJC RENNES,ANTIPODE,Activé,3639,ROLE_SIB,77774999500018,35000,RENNES,Ille-et-Vilaine,Bretagne,,3-1019092,422940,declaration_294_2025_2,2025-02-04,CLOTURE,,false,,,,,,,,,,,,,,13768,ANTIPODE,Antipode - PARVIS AGNÈS VARDA,75 AVENUE JULES MANIEZ,35000,RENNES,,35,Ille-et-Vilaine,2022-05-04,VALIDE,3639,5238,
2025-02-21,2025-02-21,3284,COMEDIE DE RENNES,,Activé,4315,ROLE_SIB,90319904000010,35700,RENNES,Ille-et-Vilaine,Bretagne,,PLATESV-D-2022-003733,372300,/event_dates/1880464,2025-02-15,CLOTURE,,false,,,,,,,,,,,,,,14581,COMÉDIE DE RENNES,,31 RUE XAVIER GRALL,35700,RENNES,,35,Ille-et-Vilaine,2022-06-24,VALIDE,4314,,
2025-05-14,2025-05-14,176,ANTIPODE MJC RENNES,ANTIPODE,Activé,3639,ROLE_SIB,77774999500018,35000,RENNES,Ille-et-Vilaine,Bretagne,,3-1019092,405031,declaration_279_2025_1,2025-02-15,CLOTURE,,false,,,,,,,,,,,,,,13768,ANTIPODE,Antipode - PARVIS AGNÈS VARDA,75 AVENUE JULES MANIEZ,35000,RENNES,,35,Ille-et-Vilaine,2022-05-04,VALIDE,3639,5238,
2025-02-20,2025-02-20,3284,COMEDIE DE RENNES,,Activé,4315,ROLE_SIB,90319904000010,35700,RENNES,Ille-et-Vilaine,Bretagne,,PLATESV-D-2022-003733,371961,/event_dates/1880086,2025-02-14,CLOTURE,,false,,,,,,,,,,,,,,14581,COMÉDIE DE RENNES,,31 RUE XAVIER GRALL,35700,RENNES,,35,Ille-et-Vilaine,2022-06-24,VALIDE,4314,,
2025-06-19,2025-06-19,5614,UNIVERSITE RENNES  II  HAUTE BRETAGNE,,Activé,7489,ROLE_DECLARANT1,19350937900015,35000,RENNES,Ille-et-Vilaine,Bretagne,PLATESV-R-2020-004301,PLATESV-R-2020-004301,413740,20407,2025-02-14,CLOTURE,,false,,,,,,,,,,,,,,8796,LE TAMBOUR,,PLACE RECTEUR HENRI LE MOAL,35000,RENNES,,35,Ille-et-Vilaine,2020-10-27,VALIDE,945,,
2025-02-19,2025-02-19,3284,COMEDIE DE RENNES,,Activé,4315,ROLE_SIB,90319904000010,35700,RENNES,Ille-et-Vilaine,Bretagne,,PLATESV-D-2022-003733,371468,/event_dates/1880079,2025-02-13,CLOTURE,,false,,,,,,,,,,,,,,14581,COMÉDIE DE RENNES,,31 RUE XAVIER GRALL,35700,RENNES,,35,Ille-et-Vilaine,2022-06-24,VALIDE,4314,,
2025-02-18,2025-02-18,3284,COMEDIE DE RENNES,,Activé,4315,ROLE_SIB,90319904000010,35700,RENNES,Ille-et-Vilaine,Bretagne,,PLATESV-D-2022-003733,371059,/event_dates/1880268,2025-12-02,CLOTURE,,false,,,,,,,,,,,,,,14581,COMÉDIE DE RENNES,,31 RUE XAVIER GRALL,35700,RENNES,,35,Ille-et-Vilaine,2022-06-24,VALIDE,4314,,
2025-03-25,2025-03-25,2934,COMMUNE DE RENNES,OPERA DE RENNES,Activé,3842,ROLE_DECLARANT1,21350238800076,35000,RENNES,Ille-et-Vilaine,Bretagne,84250,PLATESV-R-2021-012024,383090,,2025-01-30,CLOTURE,,false,,,,,,,,,,,,,,503,COMMUNE DE RENNES,,PL  DE LA MAIRIE,35000,RENNES,21350238800019,35,Ille-et-Vilaine,2018-06-27,VALIDE,,,
2025-07-15,2025-07-15,5466,COMMUNE DE SAINT GILLES,MAIRIE,Activé,7301,ROLE_SIB,21350275000085,35590,SAINT-GILLES,Ille-et-Vilaine,Bretagne,PLATESV-R-2020-005381,PLATESV-R-2020-005381,420219,130,2025-01-28,CLOTURE,,false,,,,,,,,,,,,,,25782,LE SABOT D'OR,,LE PONT HAZARD,35590,SAINT-GILLES,,35,Ille-et-Vilaine,2025-04-29,VALIDE,7301,,
2025-06-03,2025-06-03,58,THEATRE NATIONAL DE BRETAGNE - T.N.B. CENTRE EUROPEEN DE PRODUCTION THEATRALE ET CHOREGRAPHIQUE,THEATRE NATIONAL DE BRETAGNE - T.N.B.,Activé,53,ROLE_DECLARANT1,37921397800016,35000,RENNES,Ille-et-Vilaine,Bretagne,,3-1099111,376189,,2025-01-28,CLOTURE,,false,,,,,,,,,,,,,,20426,TNB,,1 RUE SAINT-HÉLIER,35000,RENNES,,35,Ille-et-Vilaine,2024-09-01,VALIDE,53,5238,
2025-11-03,2025-11-03,4475,AUTRES MESURES,,Activé,5975,ROLE_DECLARANT1,81492564000025,35510,CESSON-SEVIGNE,Ille-et-Vilaine,Bretagne,DOS20187353,2-1117236,377709,,2025-01-25,CLOTURE,,true,,,4208,Autres Mesures,CESSON-SÉVIGNÉ,35510,2025-11-03,VALIDE,5975,,,,,13880,LA CHAPELLE DU CONSERVATOIRE,,26 RUE HOCHE,35000,RENNES,,35,Ille-et-Vilaine,2022-04-13,VALIDE,3205,,
2025-02-04,2025-02-04,1584,ORCHESTRE NATIONAL DE BRETAGNE,ORCHESTRE NATIONAL DE BRETAGNE,Activé,5671,ROLE_DECLARANT2,35010209100021,35000,RENNES,Ille-et-Vilaine,Bretagne,DOS20183137,2-1054646,386104,,2025-01-17,CLOTURE,,false,,,,,,,,,,,,,,9526,COUVENT DES JACOBINS,Couvent des Jacobins - Centre des Congrès de Rennes Métropole,20 PLACE SAINTE-ANNE,35000,RENNES,,35,Ille-et-Vilaine,2021-01-22,VALIDE,2015,,
2025-01-22,2025-01-22,3780,LA PAILLETTE,,Activé,5001,ROLE_SIB,77774969800034,35000,RENNES,Ille-et-Vilaine,Bretagne,52745,PLATESV-R-2020-009633,359913,/event_dates/1397371,2025-01-16,CLOTURE,,false,,,,,,,,,,,,2868,ASS MJC LA PAILLETTE,9054,LA PAILLETTE,,2 RUE DU PRÉ DE BRIS,35000,RENNES,,35,Ille-et-Vilaine,2020-11-30,FUSIONNE,1551,89,
2025-04-02,2025-04-02,1125,CARTEL CONCERTS,,Activé,1278,ROLE_DECLARANT1,80023696000038,35200,RENNES,Ille-et-Vilaine,Bretagne,DOS20168997,3-1072466,365907,,2024-08-12,CLOTURE,,false,,,,,,,,,,,,,,6816,LA MAROQUINERIE,,23 RUE BOYER,75020,PARIS,,75,Paris,2019-11-21,VALIDE,929,,
2025-05-14,2025-05-14,3163,3 P'TIT TOUR,,Activé,4142,ROLE_DECLARANT1,41013812700015,35000,RENNES,Ille-et-Vilaine,Bretagne,DOS20196449,3-1006236,405015,,2024-07-12,CLOTURE,,true,,,2619,BARS EN TRANS,RENNES,35000,2023-04-26,VALIDE,4142,,,,,8794,LA CITÉ,,10 RUE SAINT-LOUIS,35000,RENNES,,35,Ille-et-Vilaine,2020-10-27,VALIDE,945,,
2025-01-24,2025-01-24,3848,PARAPENTE,,Activé,5083,ROLE_DECLARANT1,79913195800024,35000,RENNES,Ille-et-Vilaine,Bretagne,65071,PLATESV-D-2021-001233,360700,,2024-06-12,CLOTURE,,false,,,,,,,,,,,,,,7321,CENTRE DES CONGRES DU CHAPEAU ROUGE,,1 RUE DU PARADIS,29000,QUIMPER,,29,Finistère,2020-07-01,VALIDE,1088,5238,Adresse
2025-01-18,2025-01-18,2934,COMMUNE DE RENNES,OPERA DE RENNES,Activé,3842,ROLE_DECLARANT1,21350238800076,35000,RENNES,Ille-et-Vilaine,Bretagne,84250,PLATESV-R-2021-012024,358927,,2024-06-12,CLOTURE,,false,,,,,,,,,,,,,,503,COMMUNE DE RENNES,,PL  DE LA MAIRIE,35000,RENNES,21350238800019,35,Ille-et-Vilaine,2018-06-27,VALIDE,,,
2025-07-01,2025-07-01,3780,LA PAILLETTE,,Activé,5000,ROLE_DECLARANT1,77774969800034,35000,RENNES,Ille-et-Vilaine,Bretagne,52745,PLATESV-R-2020-009633,354600,,2024-06-12,CLOTURE,,false,,,,,,,,,,,,8960,MJC BREQUIGNY,24121,LYCEE BREQUIGNY,,7 AVENUE GEORGES GRAFF,35200,RENNES,,35,Ille-et-Vilaine,2025-07-01,PROPOSE,5000,,
2025-11-02,2025-11-02,3255,LE CARRE MAGIQUE,FESTIVAL INTERNATIONAL VIVE LA MAGIE,Activé,4271,ROLE_DECLARANT1,75367092600033,35000,RENNES,Ille-et-Vilaine,Bretagne,93877,PLATESV-R-2022-001102,368349,,2025-08-02,CLOTURE,,false,,,,,,,,,,,,,,2024,LE CORUM,,ESP CHARLES DE GAULLE,34000,MONTPELLIER,38259188100018,34,Hérault,2018-06-27,VALIDE,,,
2025-02-04,2025-02-04,1416,COMMUNE DE BRUZ,LE GRAND LOGIS - VILLE DE BRUZ,Activé,1831,ROLE_SIB,21350047300151,35170,BRUZ,Ille-et-Vilaine,Bretagne,DOS20187008,1-1114454,386753,310,2025-07-02,CLOTURE,,false,,,,,,,,,,,,,,2089,COMMUNE DE BRUZ,,10  AV  DU GENERAL DE GAULLE,35170,BRUZ,21350047300151,35,Ille-et-Vilaine,2018-06-27,VALIDE,,,
2025-04-02,2025-04-02,1125,CARTEL CONCERTS,,Activé,1278,ROLE_DECLARANT1,80023696000038,35200,RENNES,Ille-et-Vilaine,Bretagne,DOS20168997,3-1072466,365913,,2024-12-13,CLOTURE,,false,,,,,,,,,,,,18106,LE 4 BIS,16451,LE 4BIS,,4BIS COURS DES ALLIÉS,35000,RENNES,,35,Ille-et-Vilaine,2022-12-14,FUSIONNE,967,,
2025-04-02,2025-04-02,1125,CARTEL CONCERTS,,Activé,1278,ROLE_DECLARANT1,80023696000038,35200,RENNES,Ille-et-Vilaine,Bretagne,DOS20168997,3-1072466,365910,,2024-12-12,CLOTURE,,false,,,,,,,,,,,,,,7835,L'ETAGE,,1 ESPLANADE GÉNÉRAL DE GAULLE,35000,RENNES,,35,Ille-et-Vilaine,2020-02-25,VALIDE,1086,,
2025-05-13,2025-05-13,3163,3 P'TIT TOUR,,Activé,4142,ROLE_DECLARANT1,41013812700015,35000,RENNES,Ille-et-Vilaine,Bretagne,DOS20196449,3-1006236,404603,,2024-05-12,CLOTURE,,true,,,2619,BARS EN TRANS,RENNES,35000,2023-04-26,VALIDE,4142,,,,,18086,THE PENNY LANE PUB,,1 RUE DE COËTQUEN,35000,RENNES,,35,Ille-et-Vilaine,2023-04-26,VALIDE,4142,,
2025-07-01,2025-07-01,58,THEATRE NATIONAL DE BRETAGNE - T.N.B. CENTRE EUROPEEN DE PRODUCTION THEATRALE ET CHOREGRAPHIQUE,THEATRE NATIONAL DE BRETAGNE - T.N.B.,Activé,53,ROLE_DECLARANT1,37921397800016,35000,RENNES,Ille-et-Vilaine,Bretagne,,3-1099111,354708,,2024-12-12,CLOTURE,,false,,,,,,,,,,,,,,20426,TNB,,1 RUE SAINT-HÉLIER,35000,RENNES,,35,Ille-et-Vilaine,2024-09-01,VALIDE,53,5238,
2024-12-18,2024-12-18,3780,LA PAILLETTE,,Activé,5001,ROLE_SIB,77774969800034,35000,RENNES,Ille-et-Vilaine,Bretagne,52745,PLATESV-R-2020-009633,349832,/event_dates/1397357,2024-05-12,CLOTURE,,false,,,,,,,,,,,,2868,ASS MJC LA PAILLETTE,9054,LA PAILLETTE,,2 RUE DU PRÉ DE BRIS,35000,RENNES,,35,Ille-et-Vilaine,2020-11-30,FUSIONNE,1551,89,
2025-07-04,2025-07-04,542,ASSOCIATION TRANS MUSICALES,ATM,Activé,597,ROLE_DECLARANT1,33886426700020,35000,RENNES,Ille-et-Vilaine,Bretagne,,3-1032090,388883,,2024-05-12,CLOTURE,,false,,,224,Festival Trans Musicales,RENNES,35000,2018-06-27,VALIDE,,,,,,7843,UBU,,1 RUE SAINT-HÉLIER,35000,RENNES,,35,Ille-et-Vilaine,2020-02-26,VALIDE,597,,
2025-05-14,2025-05-14,3163,3 P'TIT TOUR,,Activé,4142,ROLE_DECLARANT1,41013812700015,35000,RENNES,Ille-et-Vilaine,Bretagne,DOS20196449,3-1006236,405044,,2024-07-12,CLOTURE,,true,,,2619,BARS EN TRANS,RENNES,35000,2023-04-26,VALIDE,4142,,,,,13880,LA CHAPELLE DU CONSERVATOIRE,,26 RUE HOCHE,35000,RENNES,,35,Ille-et-Vilaine,2022-04-13,VALIDE,3205,,
2024-12-16,2024-12-16,3820,THEATRE L'AIRE LIBRE,,Activé,5626,ROLE_DECLARANT1,92262510800019,35136,SAINT-JACQUES-DE-LA-LANDE,Ille-et-Vilaine,Bretagne,,PLATESV-D-2023-000211,349119,,2024-04-12,CLOTURE,,true,,,224,Festival Trans Musicales,RENNES,35000,2018-06-27,VALIDE,,,,2807,L'AIRE LIBRE,18263,THÉÂTRE L'AIRE LIBRE,,2 PLACE JULES VALLÈS,35136,SAINT-JACQUES-DE-LA-LANDE,,35,Ille-et-Vilaine,2023-05-22,FUSIONNE,5047,,
2025-05-13,2025-05-13,3163,3 P'TIT TOUR,,Activé,4142,ROLE_DECLARANT1,41013812700015,35000,RENNES,Ille-et-Vilaine,Bretagne,DOS20196449,3-1006236,404691,,2024-06-12,CLOTURE,,true,,,2619,BARS EN TRANS,RENNES,35000,2023-04-26,VALIDE,4142,,,,,18085,LA PLACE,,7 RUE DU CHAMP JACQUET,35000,RENNES,,35,Ille-et-Vilaine,2023-04-26,VALIDE,4142,,
2025-05-14,2025-05-14,3163,3 P'TIT TOUR,,Activé,4142,ROLE_DECLARANT1,41013812700015,35000,RENNES,Ille-et-Vilaine,Bretagne,DOS20196449,3-1006236,404992,,2024-06-12,CLOTURE,,true,,,2619,BARS EN TRANS,RENNES,35000,2023-04-26,VALIDE,4142,,,,,13880,LA CHAPELLE DU CONSERVATOIRE,,26 RUE HOCHE,35000,RENNES,,35,Ille-et-Vilaine,2022-04-13,VALIDE,3205,,
2025-05-13,2025-05-13,3163,3 P'TIT TOUR,,Activé,4142,ROLE_DECLARANT1,41013812700015,35000,RENNES,Ille-et-Vilaine,Bretagne,DOS20196449,3-1006236,404607,,2024-05-12,CLOTURE,,true,,,2619,BARS EN TRANS,RENNES,35000,2023-04-26,VALIDE,4142,,,,,2890,THEATRE DE LA PARCHEMINERIE,,23  RUE  DE LA PARCHEMINERIE,35000,RENNES,77773680200029,35,Ille-et-Vilaine,2018-06-27,VALIDE,,,
2025-07-04,2025-07-04,542,ASSOCIATION TRANS MUSICALES,ATM,Activé,597,ROLE_DECLARANT1,33886426700020,35000,RENNES,Ille-et-Vilaine,Bretagne,,3-1032090,388892,,2024-04-12,CLOTURE,,true,,,224,Festival Trans Musicales,RENNES,35000,2018-06-27,VALIDE,,,,,,8794,LA CITÉ,,10 RUE SAINT-LOUIS,35000,RENNES,,35,Ille-et-Vilaine,2020-10-27,VALIDE,945,,
2025-03-02,2025-03-02,1125,CARTEL CONCERTS,,Activé,1278,ROLE_DECLARANT1,80023696000038,35200,RENNES,Ille-et-Vilaine,Bretagne,DOS20168997,3-1072466,365420,,2024-03-12,CLOTURE,,false,,,,,,,,,,,,,,7104,CABARET SAUVAGE,,59 BOULEVARD MACDONALD,75019,PARIS,,75,Paris,2020-02-01,VALIDE,1088,89,
2025-08-04,2025-08-04,3063,LE GRAND CORDEL MAISON DES JEUNES ET DE LA CULTURE,Association,Activé,5994,ROLE_DECLARANT2,77774992000024,35700,RENNES,Ille-et-Vilaine,Bretagne,DOS20196625,1-1039842,389380,,2025-06-02,CLOTURE,,false,,,,,,,,,,,,,,3354,LE GRAND CORDEL MAISON DES JEUNES ET DE LA CULTURE,,18  RUE  DES PLANTES,35700,RENNES,77774992000024,35,Ille-et-Vilaine,2018-06-27,VALIDE,,,
2025-12-02,2025-12-02,3780,LA PAILLETTE,,Activé,5001,ROLE_SIB,77774969800034,35000,RENNES,Ille-et-Vilaine,Bretagne,52745,PLATESV-R-2020-009633,369021,/event_dates/1397399,2025-06-02,CLOTURE,,true,,,,,,,,,,,,2868,ASS MJC LA PAILLETTE,9054,LA PAILLETTE,,2 RUE DU PRÉ DE BRIS,35000,RENNES,,35,Ille-et-Vilaine,2020-11-30,FUSIONNE,1551,89,
2025-02-04,2025-02-04,1416,COMMUNE DE BRUZ,LE GRAND LOGIS - VILLE DE BRUZ,Activé,1831,ROLE_SIB,21350047300151,35170,BRUZ,Ille-et-Vilaine,Bretagne,DOS20187008,1-1114454,386757,320,2025-05-02,CLOTURE,,false,,,,,,,,,,,,,,2089,COMMUNE DE BRUZ,,10  AV  DU GENERAL DE GAULLE,35170,BRUZ,21350047300151,35,Ille-et-Vilaine,2018-06-27,VALIDE,,,
2025-12-05,2025-12-05,176,ANTIPODE MJC RENNES,ANTIPODE,Activé,3640,ROLE_DECLARANT2,77774999500018,35000,RENNES,Ille-et-Vilaine,Bretagne,,3-1019092,403945,,,BROUILLON,,false,,,,,,,,,,,,,,13768,ANTIPODE,Antipode - PARVIS AGNÈS VARDA,75 AVENUE JULES MANIEZ,35000,RENNES,,35,Ille-et-Vilaine,2022-05-04,VALIDE,3639,5238,
2024-03-01,2024-03-01,1416,COMMUNE DE BRUZ,LE GRAND LOGIS - VILLE DE BRUZ,Activé,1831,ROLE_SIB,21350047300151,35170,BRUZ,Ille-et-Vilaine,Bretagne,DOS20187008,1-1114454,259138,284,2023-11-14,CLOTURE,,false,,,,,,,,,,,,,,2089,COMMUNE DE BRUZ,,10  AV  DU GENERAL DE GAULLE,35170,BRUZ,21350047300151,35,Ille-et-Vilaine,2018-06-27,VALIDE,,,
2023-11-21,2023-11-21,2934,COMMUNE DE RENNES,OPERA DE RENNES,Activé,3842,ROLE_DECLARANT1,21350238800076,35000,RENNES,Ille-et-Vilaine,Bretagne,84250,PLATESV-R-2021-012024,248982,,2023-12-11,CLOTURE,,false,,,,,,,,,,,,,,503,COMMUNE DE RENNES,,PL  DE LA MAIRIE,35000,RENNES,21350238800019,35,Ille-et-Vilaine,2018-06-27,VALIDE,,,
2025-07-16,2025-07-16,5328,ASSOCIATION FIGURE PROJECT,FIGURE PROJECT,Activé,7123,ROLE_DECLARANT1,50842428000032,35200,RENNES,Ille-et-Vilaine,Bretagne,PLATESV-R-2021-014531,PLATESV-R-2021-014531,422536,,2025-07-16,ENREGISTRE,,true,,,4222,EXTENSION SAUVAGE,COMBOURG,35270,2025-03-13,VALIDE,7123,,,,,25192,CHATEAU DE COMBOURG,,RUE DES PRINCES,35270,COMBOURG,,35,Ille-et-Vilaine,2025-03-13,VALIDE,7123,,
2023-12-19,2023-12-19,176,ANTIPODE MJC RENNES,ANTIPODE,Activé,3639,ROLE_SIB,77774999500018,35000,RENNES,Ille-et-Vilaine,Bretagne,,3-1019092,256376,event_501,2023-10-11,CLOTURE,,false,,,,,,,,,,,,,,13768,ANTIPODE,Antipode - PARVIS AGNÈS VARDA,75 AVENUE JULES MANIEZ,35000,RENNES,,35,Ille-et-Vilaine,2022-05-04,VALIDE,3639,5238,
2024-04-26,2024-04-26,2287,CENTRE DE PRODUCTION DES PAROLES CONTEMPORAINES,,Activé,3407,ROLE_SIB,41812021800049,35136,SAINT-JACQUES-DE-LA-LANDE,Ille-et-Vilaine,Bretagne,59859,PLATESV-R-2021-000431,296620,00130000000067,2023-10-11,CLOTURE,,false,,,,,,,,,,,,,,12004,CENTRE DE PRODUCTION DES PAROLES CONTEMPORAINES,,2  PL  JULES VALLES,35136,SAINT-JACQUES-DE-LA-LANDE,41812021800049,35,Ille-et-Vilaine,2021-10-25,VALIDE,3407,,
2023-11-11,2023-11-11,3284,COMEDIE DE RENNES,,Activé,4315,ROLE_SIB,90319904000010,35700,RENNES,Ille-et-Vilaine,Bretagne,,PLATESV-D-2022-003733,247040,/event_dates/734506,2023-05-11,CLOTURE,,false,,,,,,,,,,,,,,14581,COMÉDIE DE RENNES,,31 RUE XAVIER GRALL,35700,RENNES,,35,Ille-et-Vilaine,2022-06-24,VALIDE,4314,,
2023-05-12,2023-05-12,3842,LA COMPAGNIE PRIMITIF,,Activé,5077,ROLE_DECLARANT1,80830433100032,35000,RENNES,Ille-et-Vilaine,Bretagne,80021,PLATESV-R-2021-009953,252743,,2023-05-11,CLOTURE,,false,,,3081,Rennes Storming Festival,RENNES,35000,2023-05-12,VALIDE,5077,,,,,7029,LE MEM,LA PIVERDIERE,ROUTE DE SAINTE-FOIX,35000,RENNES,,35,Ille-et-Vilaine,2019-12-31,VALIDE,1088,89,
2024-02-21,2024-02-21,2641,MAISON DES JEUNES ET CULTURE DE PACE,,Activé,3356,ROLE_SIB,30593736900026,35740,PACE,Ille-et-Vilaine,Bretagne,31372,PLATESV-R-2020-000949,274664,191,2023-04-11,CLOTURE,,false,,,,,,,,,,,,,,11393,ESCAPADE,,6 AVENUE CHARLES LE GOFFIC,35740,PACÉ,,35,Ille-et-Vilaine,2021-09-24,VALIDE,3356,5239,
2024-04-26,2024-04-26,2287,CENTRE DE PRODUCTION DES PAROLES CONTEMPORAINES,,Activé,3407,ROLE_SIB,41812021800049,35136,SAINT-JACQUES-DE-LA-LANDE,Ille-et-Vilaine,Bretagne,59859,PLATESV-R-2021-000431,296616,00130000000064,2023-03-11,CLOTURE,,false,,,,,,,,,,,,,,12004,CENTRE DE PRODUCTION DES PAROLES CONTEMPORAINES,,2  PL  JULES VALLES,35136,SAINT-JACQUES-DE-LA-LANDE,41812021800049,35,Ille-et-Vilaine,2021-10-25,VALIDE,3407,,
2023-12-19,2023-12-19,176,ANTIPODE MJC RENNES,ANTIPODE,Activé,3639,ROLE_SIB,77774999500018,35000,RENNES,Ille-et-Vilaine,Bretagne,,3-1019092,256379,event_502,2023-02-11,CLOTURE,,false,,,,,,,,,,,,,,13768,ANTIPODE,Antipode - PARVIS AGNÈS VARDA,75 AVENUE JULES MANIEZ,35000,RENNES,,35,Ille-et-Vilaine,2022-05-04,VALIDE,3639,5238,
2023-07-11,2023-07-11,3284,COMEDIE DE RENNES,,Activé,4315,ROLE_SIB,90319904000010,35700,RENNES,Ille-et-Vilaine,Bretagne,,PLATESV-D-2022-003733,245690,/event_dates/1050869,2023-01-11,CLOTURE,,false,,,,,,,,,,,,,,14581,COMÉDIE DE RENNES,,31 RUE XAVIER GRALL,35700,RENNES,,35,Ille-et-Vilaine,2022-06-24,VALIDE,4314,,
2023-06-11,2023-06-11,3284,COMEDIE DE RENNES,,Activé,4315,ROLE_SIB,90319904000010,35700,RENNES,Ille-et-Vilaine,Bretagne,,PLATESV-D-2022-003733,245576,/event_dates/1050862,2023-10-31,CLOTURE,,false,,,,,,,,,,,,,,14581,COMÉDIE DE RENNES,,31 RUE XAVIER GRALL,35700,RENNES,,35,Ille-et-Vilaine,2022-06-24,VALIDE,4314,,
2024-01-16,2024-01-16,923,LES ATELIERS DU VENT,ADV,Activé,1006,ROLE_DECLARANT1,45124579900023,35000,RENNES,Ille-et-Vilaine,Bretagne,DOS20197631,1-1123282,264770,,2023-10-28,CLOTURE,,false,,,,,,,,,,,,,,429,LES ATELIERS DU VENT,,59  RUE  ALEXANDRE DUVAL,35000,RENNES,45124579900023,35,Ille-et-Vilaine,2018-06-27,VALIDE,,,
2024-01-16,2024-01-16,923,LES ATELIERS DU VENT,ADV,Activé,1006,ROLE_DECLARANT1,45124579900023,35000,RENNES,Ille-et-Vilaine,Bretagne,DOS20197631,1-1123282,264763,,2023-10-27,CLOTURE,,false,,,,,,,,,,,,,,429,LES ATELIERS DU VENT,,59  RUE  ALEXANDRE DUVAL,35000,RENNES,45124579900023,35,Ille-et-Vilaine,2018-06-27,VALIDE,,,
2024-01-19,2024-01-19,1291,ASSOCIATION LILLICO,,Activé,1551,ROLE_SIB,78975485000038,35000,RENNES,Ille-et-Vilaine,Bretagne,,PLATESV-D-2020-000183,266079,2100,2023-10-25,CLOTURE,,false,,,872,FESTIVAL MARMAILLE / MARMAILLE EN FUGUE,RENNES,35000,2020-03-04,VALIDE,1551,,,,,9051,MAISON DE QUARTIER DE LA BELLANGERAIS,,5 RUE DU MORBIHAN,35700,RENNES,,35,Ille-et-Vilaine,2020-11-30,VALIDE,1551,89,
2023-10-30,2023-10-30,3284,COMEDIE DE RENNES,,Activé,4315,ROLE_SIB,90319904000010,35700,RENNES,Ille-et-Vilaine,Bretagne,,PLATESV-D-2022-003733,244615,/event_dates/822642,2023-10-24,CLOTURE,,false,,,,,,,,,,,,,,14581,COMÉDIE DE RENNES,,31 RUE XAVIER GRALL,35700,RENNES,,35,Ille-et-Vilaine,2022-06-24,VALIDE,4314,,
2024-02-21,2024-02-21,2641,MAISON DES JEUNES ET CULTURE DE PACE,,Activé,3356,ROLE_SIB,30593736900026,35740,PACE,Ille-et-Vilaine,Bretagne,31372,PLATESV-R-2020-000949,274657,162,2023-10-21,CLOTURE,,false,,,,,,,,,,,,,,11393,ESCAPADE,,6 AVENUE CHARLES LE GOFFIC,35740,PACÉ,,35,Ille-et-Vilaine,2021-09-24,VALIDE,3356,5239,
2024-01-19,2024-01-19,1291,ASSOCIATION LILLICO,,Activé,1551,ROLE_SIB,78975485000038,35000,RENNES,Ille-et-Vilaine,Bretagne,,PLATESV-D-2020-000183,266082,2102,2023-10-20,CLOTURE,,false,,,872,FESTIVAL MARMAILLE / MARMAILLE EN FUGUE,RENNES,35000,2020-03-04,VALIDE,1551,,,,,9051,MAISON DE QUARTIER DE LA BELLANGERAIS,,5 RUE DU MORBIHAN,35700,RENNES,,35,Ille-et-Vilaine,2020-11-30,VALIDE,1551,89,
2024-03-01,2024-03-01,1416,COMMUNE DE BRUZ,LE GRAND LOGIS - VILLE DE BRUZ,Activé,1831,ROLE_SIB,21350047300151,35170,BRUZ,Ille-et-Vilaine,Bretagne,DOS20187008,1-1114454,259130,257,2023-10-19,CLOTURE,,false,,,,,,,,,,,,,,2089,COMMUNE DE BRUZ,,10  AV  DU GENERAL DE GAULLE,35170,BRUZ,21350047300151,35,Ille-et-Vilaine,2018-06-27,VALIDE,,,
2024-03-25,2024-03-25,542,ASSOCIATION TRANS MUSICALES,ATM,Activé,597,ROLE_DECLARANT1,33886426700020,35000,RENNES,Ille-et-Vilaine,Bretagne,,3-1032090,282563,,2023-10-19,CLOTURE,,false,,,,,,,,,,,,,,5761,UBU,,10/12 RUE JEAN GUY CS 73912,35039,RENNES CEDEX,33886426700020,35,Ille-et-Vilaine,2019-02-21,VALIDE,,,
2023-10-25,2023-10-11,3780,LA PAILLETTE,,Activé,5000,ROLE_DECLARANT1,77774969800034,35000,RENNES,Ille-et-Vilaine,Bretagne,52745,PLATESV-R-2020-009633,243351,/event_dates/889827,2023-10-19,CLOTURE,,true,,,872,FESTIVAL MARMAILLE / MARMAILLE EN FUGUE,RENNES,35000,2020-03-04,VALIDE,1551,,,2868,ASS MJC LA PAILLETTE,9054,LA PAILLETTE,,2 RUE DU PRÉ DE BRIS,35000,RENNES,,35,Ille-et-Vilaine,2020-11-30,FUSIONNE,1551,89,
2024-01-19,2024-01-19,1291,ASSOCIATION LILLICO,,Activé,1551,ROLE_SIB,78975485000038,35000,RENNES,Ille-et-Vilaine,Bretagne,,PLATESV-D-2020-000183,266068,2089,2023-10-19,CLOTURE,,false,,,872,FESTIVAL MARMAILLE / MARMAILLE EN FUGUE,RENNES,35000,2020-03-04,VALIDE,1551,,,,,16849,SALLE GUY ROPARTZ,,14 RUE GUY ROPARTZ,35700,RENNES,,35,Ille-et-Vilaine,2023-01-16,VALIDE,1551,,
2024-01-19,2024-01-19,1291,ASSOCIATION LILLICO,,Activé,1551,ROLE_SIB,78975485000038,35000,RENNES,Ille-et-Vilaine,Bretagne,,PLATESV-D-2020-000183,266081,2101,2023-10-19,CLOTURE,,false,,,872,FESTIVAL MARMAILLE / MARMAILLE EN FUGUE,RENNES,35000,2020-03-04,VALIDE,1551,,,,,9051,MAISON DE QUARTIER DE LA BELLANGERAIS,,5 RUE DU MORBIHAN,35700,RENNES,,35,Ille-et-Vilaine,2020-11-30,VALIDE,1551,89,
2024-01-19,2024-01-19,1291,ASSOCIATION LILLICO,,Activé,1551,ROLE_SIB,78975485000038,35000,RENNES,Ille-et-Vilaine,Bretagne,,PLATESV-D-2020-000183,266067,2087,2023-10-19,CLOTURE,,false,,,872,FESTIVAL MARMAILLE / MARMAILLE EN FUGUE,RENNES,35000,2020-03-04,VALIDE,1551,,,,,16849,SALLE GUY ROPARTZ,,14 RUE GUY ROPARTZ,35700,RENNES,,35,Ille-et-Vilaine,2023-01-16,VALIDE,1551,,
2023-12-16,2023-12-16,1584,ORCHESTRE NATIONAL DE BRETAGNE,ORCHESTRE NATIONAL DE BRETAGNE,Activé,5671,ROLE_DECLARANT2,35010209100021,35000,RENNES,Ille-et-Vilaine,Bretagne,DOS20183137,2-1054646,255385,,2023-10-19,CLOTURE,,false,,,,,,,,,,,,,,9345,OPÉRA DE RENNES,Opéra de Rennes,PLACE DE LA MAIRIE,35000,RENNES,,35,Ille-et-Vilaine,2021-06-01,VALIDE,2015,89,Adresse
2023-12-21,2023-12-21,572,CENTRE CULTUREL TRIANGLE,LE TRIANGLE,Activé,631,ROLE_DECLARANT1,32327735000035,35200,RENNES,Ille-et-Vilaine,Bretagne,,3-1014237,256918,,2023-10-18,CLOTURE,,false,,,,,,,,,,,,,,2390,CENTRE CULTUREL TRIANGLE,,BD  DE YOUGOSLAVIE,35200,RENNES,32327735000035,35,Ille-et-Vilaine,2018-06-27,VALIDE,,,
2023-10-30,2023-10-30,3820,THEATRE L'AIRE LIBRE,,Activé,5626,ROLE_DECLARANT1,92262510800019,35136,SAINT-JACQUES-DE-LA-LANDE,Ille-et-Vilaine,Bretagne,,PLATESV-D-2023-000211,244668,,2023-10-18,CLOTURE,,true,,,,,,,,,,,,2807,L'AIRE LIBRE,18263,THÉÂTRE L'AIRE LIBRE,,2 PLACE JULES VALLÈS,35136,SAINT-JACQUES-DE-LA-LANDE,,35,Ille-et-Vilaine,2023-05-22,FUSIONNE,5047,,
2023-10-18,2023-10-19,610,COMMUNE DE CHARTRES DE BRETAGNE,MAIRIE,Activé,638,ROLE_DECLARANT1,21350066300017,35131,CHARTRES DE BRETAGNE,Ille-et-Vilaine,Bretagne,DOS20179174,1-1107987,241355,,2023-10-17,CLOTURE,,false,,,,,,,,,,,,,,7572,CENTRE CULTUREL PÔLE SUD,,RUE DE LA CONTERIE,35131,CHARTRES-DE-BRETAGNE,,35,Ille-et-Vilaine,2020-01-22,VALIDE,638,,
2023-10-18,2023-10-18,610,COMMUNE DE CHARTRES DE BRETAGNE,MAIRIE,Activé,638,ROLE_DECLARANT1,21350066300017,35131,CHARTRES DE BRETAGNE,Ille-et-Vilaine,Bretagne,DOS20179174,1-1107987,241333,,2023-12-10,CLOTURE,,false,,,,,,,,,,,,,,7572,CENTRE CULTUREL PÔLE SUD,,RUE DE LA CONTERIE,35131,CHARTRES-DE-BRETAGNE,,35,Ille-et-Vilaine,2020-01-22,VALIDE,638,,
2024-12-03,2024-12-03,58,THEATRE NATIONAL DE BRETAGNE - T.N.B. CENTRE EUROPEEN DE PRODUCTION THEATRALE ET CHOREGRAPHIQUE,THEATRE NATIONAL DE BRETAGNE - T.N.B.,Activé,53,ROLE_DECLARANT1,37921397800016,35000,RENNES,Ille-et-Vilaine,Bretagne,,3-1099111,279041,,2024-01-24,CLOTURE,,false,,,,,,,,,,,,,,20426,TNB,,1 RUE SAINT-HÉLIER,35000,RENNES,,35,Ille-et-Vilaine,2024-09-01,VALIDE,53,5238,
2024-03-25,2024-03-25,542,ASSOCIATION TRANS MUSICALES,ATM,Activé,597,ROLE_DECLARANT1,33886426700020,35000,RENNES,Ille-et-Vilaine,Bretagne,,3-1032090,282622,,2024-01-18,CLOTURE,,false,,,,,,,,,,,,2674,ANTIPODE MJC RENNES,8903,ANTIPODE MJC,,2 RUE ANDRÉ TRASBOT,35000,RENNES,,35,Ille-et-Vilaine,2020-10-11,FUSIONNE,597,,
2024-01-19,2024-01-19,3284,COMEDIE DE RENNES,,Activé,4315,ROLE_SIB,90319904000010,35700,RENNES,Ille-et-Vilaine,Bretagne,,PLATESV-D-2022-003733,265948,/event_dates/1247172,2024-01-13,CLOTURE,,false,,,,,,,,,,,,,,14581,COMÉDIE DE RENNES,,31 RUE XAVIER GRALL,35700,RENNES,,35,Ille-et-Vilaine,2022-06-24,VALIDE,4314,,
2024-02-04,2024-02-04,1416,COMMUNE DE BRUZ,LE GRAND LOGIS - VILLE DE BRUZ,Activé,1831,ROLE_SIB,21350047300151,35170,BRUZ,Ille-et-Vilaine,Bretagne,DOS20187008,1-1114454,285019,291,2024-11-01,CLOTURE,,false,,,,,,,,,,,,,,2089,COMMUNE DE BRUZ,,10  AV  DU GENERAL DE GAULLE,35170,BRUZ,21350047300151,35,Ille-et-Vilaine,2018-06-27,VALIDE,,,
2024-02-29,2024-02-29,2934,COMMUNE DE RENNES,OPERA DE RENNES,Activé,3842,ROLE_DECLARANT1,21350238800076,35000,RENNES,Ille-et-Vilaine,Bretagne,84250,PLATESV-R-2021-012024,276667,,2024-10-01,CLOTURE,,false,,,,,,,,,,,,,,503,COMMUNE DE RENNES,,PL  DE LA MAIRIE,35000,RENNES,21350238800019,35,Ille-et-Vilaine,2018-06-27,VALIDE,,,
2024-12-03,2024-12-03,58,THEATRE NATIONAL DE BRETAGNE - T.N.B. CENTRE EUROPEEN DE PRODUCTION THEATRALE ET CHOREGRAPHIQUE,THEATRE NATIONAL DE BRETAGNE - T.N.B.,Activé,53,ROLE_DECLARANT1,37921397800016,35000,RENNES,Ille-et-Vilaine,Bretagne,,3-1099111,279040,,2024-10-01,CLOTURE,,false,,,,,,,,,,,,,,20426,TNB,,1 RUE SAINT-HÉLIER,35000,RENNES,,35,Ille-et-Vilaine,2024-09-01,VALIDE,53,5238,
2024-06-21,2024-06-21,3848,PARAPENTE,,Activé,5083,ROLE_DECLARANT1,79913195800024,35000,RENNES,Ille-et-Vilaine,Bretagne,65071,PLATESV-D-2021-001233,310487,,2024-10-01,CLOTURE,,false,,,,,,,,,,,,,,7644,THÉÂTRE BO SAINT MARTIN,Théâtre Bo Saint Martin,19 BOULEVARD SAINT-MARTIN,75003,PARIS,,75,Paris,2020-03-02,VALIDE,803,,
2024-01-13,2024-01-13,3284,COMEDIE DE RENNES,,Activé,4315,ROLE_SIB,90319904000010,35700,RENNES,Ille-et-Vilaine,Bretagne,,PLATESV-D-2022-003733,262919,/event_dates/822957,2024-07-01,CLOTURE,,false,,,,,,,,,,,,,,14581,COMÉDIE DE RENNES,,31 RUE XAVIER GRALL,35700,RENNES,,35,Ille-et-Vilaine,2022-06-24,VALIDE,4314,,
2024-10-01,2024-10-01,3284,COMEDIE DE RENNES,,Activé,4315,ROLE_SIB,90319904000010,35700,RENNES,Ille-et-Vilaine,Bretagne,,PLATESV-D-2022-003733,261188,/event_dates/1051051,2024-04-01,CLOTURE,,false,,,,,,,,,,,,,,14581,COMÉDIE DE RENNES,,31 RUE XAVIER GRALL,35700,RENNES,,35,Ille-et-Vilaine,2022-06-24,VALIDE,4314,,
2024-06-21,2024-06-21,3848,PARAPENTE,,Activé,5083,ROLE_DECLARANT1,79913195800024,35000,RENNES,Ille-et-Vilaine,Bretagne,65071,PLATESV-D-2021-001233,310470,,2024-02-01,CLOTURE,,false,,,,,,,,,,,,,,14482,THÉÂTRE LE MÉTROPOLE,Théâtre le Métropole,39 RUE DU SENTIER,75002,PARIS,,75,Paris,2022-06-17,VALIDE,4286,,
2024-11-01,2024-11-01,3780,LA PAILLETTE,,Activé,5001,ROLE_SIB,77774969800034,35000,RENNES,Ille-et-Vilaine,Bretagne,52745,PLATESV-R-2020-009633,261823,/event_dates/890023,2023-12-21,CLOTURE,,false,,,,,,,,,,,,2868,ASS MJC LA PAILLETTE,9054,LA PAILLETTE,,2 RUE DU PRÉ DE BRIS,35000,RENNES,,35,Ille-et-Vilaine,2020-11-30,FUSIONNE,1551,89,
2024-01-19,2024-01-19,1291,ASSOCIATION LILLICO,,Activé,1551,ROLE_SIB,78975485000038,35000,RENNES,Ille-et-Vilaine,Bretagne,,PLATESV-D-2020-000183,266088,2201,2023-12-20,CLOTURE,,false,,,,,,,,,,,,,,16849,SALLE GUY ROPARTZ,,14 RUE GUY ROPARTZ,35700,RENNES,,35,Ille-et-Vilaine,2023-01-16,VALIDE,1551,,
2024-03-01,2024-03-01,1416,COMMUNE DE BRUZ,LE GRAND LOGIS - VILLE DE BRUZ,Activé,1831,ROLE_SIB,21350047300151,35170,BRUZ,Ille-et-Vilaine,Bretagne,DOS20187008,1-1114454,259135,262,2023-12-20,CLOTURE,,false,,,,,,,,,,,,,,2089,COMMUNE DE BRUZ,,10  AV  DU GENERAL DE GAULLE,35170,BRUZ,21350047300151,35,Ille-et-Vilaine,2018-06-27,VALIDE,,,
2024-05-15,2024-05-15,3027,L'HALLALI PRODUCTION,,Activé,3981,ROLE_DECLARANT1,52971853800034,35200,RENNES,Ille-et-Vilaine,Bretagne,80294,PLATESV-R-2021-010090,301356,,2023-12-20,CLOTURE,,false,,,,,,,,,,,,,,13580,SALLE DE LA CITÉ,,10 RUE SAINT-LOUIS,35000,RENNES,,35,Ille-et-Vilaine,2022-03-15,VALIDE,3078,,
2024-02-21,2024-02-21,2641,MAISON DES JEUNES ET CULTURE DE PACE,,Activé,3356,ROLE_SIB,30593736900026,35740,PACE,Ille-et-Vilaine,Bretagne,31372,PLATESV-R-2020-000949,274663,180,2023-12-15,CLOTURE,,false,,,,,,,,,,,,,,11393,ESCAPADE,,6 AVENUE CHARLES LE GOFFIC,35740,PACÉ,,35,Ille-et-Vilaine,2021-09-24,VALIDE,3356,5239,
2025-04-15,2025-04-15,3284,COMEDIE DE RENNES,,Activé,4315,ROLE_SIB,90319904000010,35700,RENNES,Ille-et-Vilaine,Bretagne,,PLATESV-D-2022-003733,393471,/event_dates/1890131,2025-09-04,CLOTURE,,false,,,,,,,,,,,,,,14581,COMÉDIE DE RENNES,,31 RUE XAVIER GRALL,35700,RENNES,,35,Ille-et-Vilaine,2022-06-24,VALIDE,4314,,
2025-10-04,2025-10-04,1429,COMMUNE DE BETTON,Salle Confluence - Betton,Activé,1780,ROLE_SIB,21350024200259,35830,Betton,Ille-et-Vilaine,Bretagne,,PLATESV-R-2020-005656,390485,330,2025-03-28,CLOTURE,,false,,,,,,,,,,,,,,8489,LA CONFLUENCE,,PLACE CHARLES DE GAULLE,35830,BETTON,,35,Ille-et-Vilaine,2020-09-22,VALIDE,1780,5238,
2025-02-04,2025-02-04,1584,ORCHESTRE NATIONAL DE BRETAGNE,ORCHESTRE NATIONAL DE BRETAGNE,Activé,5671,ROLE_DECLARANT2,35010209100021,35000,RENNES,Ille-et-Vilaine,Bretagne,DOS20183137,2-1054646,386116,,2025-03-28,CLOTURE,,false,,,,,,,,,,,,,,9345,OPÉRA DE RENNES,Opéra de Rennes,PLACE DE LA MAIRIE,35000,RENNES,,35,Ille-et-Vilaine,2021-06-01,VALIDE,2015,89,Adresse
2025-04-15,2025-04-15,3820,THEATRE L'AIRE LIBRE,,Activé,5626,ROLE_DECLARANT1,92262510800019,35136,SAINT-JACQUES-DE-LA-LANDE,Ille-et-Vilaine,Bretagne,,PLATESV-D-2023-000211,394203,,2025-03-28,CLOTURE,,false,,,3306,BAL,SAINT-JACQUES-DE-LA-LANDE,35136,2024-11-04,VALIDE,5626,,,2807,L'AIRE LIBRE,18263,THÉÂTRE L'AIRE LIBRE,,2 PLACE JULES VALLÈS,35136,SAINT-JACQUES-DE-LA-LANDE,,35,Ille-et-Vilaine,2023-05-22,FUSIONNE,5047,,
2025-08-04,2025-08-04,3063,LE GRAND CORDEL MAISON DES JEUNES ET DE LA CULTURE,Association,Activé,5994,ROLE_DECLARANT2,77774992000024,35700,RENNES,Ille-et-Vilaine,Bretagne,DOS20196625,1-1039842,389406,,2025-03-27,CLOTURE,,false,,,4283,FESTIVAL ECRIRE ET DIRE,RENNES,35700,2025-08-04,VALIDE,5994,,,,,3354,LE GRAND CORDEL MAISON DES JEUNES ET DE LA CULTURE,,18  RUE  DES PLANTES,35700,RENNES,77774992000024,35,Ille-et-Vilaine,2018-06-27,VALIDE,,,
2025-07-18,2025-07-18,2934,COMMUNE DE RENNES,OPERA DE RENNES,Activé,3842,ROLE_DECLARANT1,21350238800076,35000,RENNES,Ille-et-Vilaine,Bretagne,84250,PLATESV-R-2021-012024,423316,,2025-03-27,CLOTURE,,false,,,,,,,,,,,,,,503,COMMUNE DE RENNES,,PL  DE LA MAIRIE,35000,RENNES,21350238800019,35,Ille-et-Vilaine,2018-06-27,VALIDE,,,
2025-07-22,2025-07-22,1125,CARTEL CONCERTS,,Activé,1278,ROLE_DECLARANT1,80023696000038,35200,RENNES,Ille-et-Vilaine,Bretagne,DOS20168997,3-1072466,424726,,2025-03-26,CLOTURE,,false,,,,,,,,,,,,,,6866,LE TRABENDO,,211 AVENUE JEAN JAURÈS,75019,PARIS,,75,Paris,2019-04-12,VALIDE,914,,
2025-03-22,2025-03-22,1291,ASSOCIATION LILLICO,,Activé,6234,ROLE_SIB,78975485000038,35000,RENNES,Ille-et-Vilaine,Bretagne,,PLATESV-D-2020-000183,382174,/event_dates/1493166,2025-03-16,CLOTURE,,false,,,,,,,,,,,,,,16849,SALLE GUY ROPARTZ,,14 RUE GUY ROPARTZ,35700,RENNES,,35,Ille-et-Vilaine,2023-01-16,VALIDE,1551,,
2025-06-03,2025-06-03,58,THEATRE NATIONAL DE BRETAGNE - T.N.B. CENTRE EUROPEEN DE PRODUCTION THEATRALE ET CHOREGRAPHIQUE,THEATRE NATIONAL DE BRETAGNE - T.N.B.,Activé,53,ROLE_DECLARANT1,37921397800016,35000,RENNES,Ille-et-Vilaine,Bretagne,,3-1099111,376196,,2025-02-26,CLOTURE,,false,,,,,,,,,,,,,,20426,TNB,,1 RUE SAINT-HÉLIER,35000,RENNES,,35,Ille-et-Vilaine,2024-09-01,VALIDE,53,5238,
2025-07-18,2025-07-18,542,ASSOCIATION TRANS MUSICALES,ATM,Activé,597,ROLE_DECLARANT1,33886426700020,35000,RENNES,Ille-et-Vilaine,Bretagne,,3-1032090,423162,,2025-11-04,CLOTURE,,false,,,,,,,,,,,,,,7843,UBU,,1 RUE SAINT-HÉLIER,35000,RENNES,,35,Ille-et-Vilaine,2020-02-26,VALIDE,597,,
2024-10-16,2024-10-16,2934,COMMUNE DE RENNES,OPERA DE RENNES,Activé,3842,ROLE_DECLARANT1,21350238800076,35000,RENNES,Ille-et-Vilaine,Bretagne,84250,PLATESV-R-2021-012024,335737,,2024-07-10,CLOTURE,,false,,,,,,,,,,,,,,503,COMMUNE DE RENNES,,PL  DE LA MAIRIE,35000,RENNES,21350238800019,35,Ille-et-Vilaine,2018-06-27,VALIDE,,,
2024-02-12,2024-02-12,2761,LE GRAND SOUFFLET,Association,Activé,3559,ROLE_DECLARANT1,41896721200022,35131,CHARTRES-DE-BRETAGNE,Ille-et-Vilaine,Bretagne,DOS20197698,2-1123292,345165,,2024-06-10,CLOTURE,,true,,,705,LE GRAND SOUFFLET,RENNES,35000,2019-10-17,VALIDE,366,,,,,23850,EGLISE SAINT AUBIN,,PLACE SAINTE-ANNE,35000,RENNES,,35,Ille-et-Vilaine,2024-02-12,VALIDE,3559,,
2024-09-10,2024-09-10,3780,LA PAILLETTE,,Activé,5001,ROLE_SIB,77774969800034,35000,RENNES,Ille-et-Vilaine,Bretagne,52745,PLATESV-R-2020-009633,331245,/event_dates/1397224,2024-03-10,CLOTURE,,false,,,,,,,,,,,,2868,ASS MJC LA PAILLETTE,9054,LA PAILLETTE,,2 RUE DU PRÉ DE BRIS,35000,RENNES,,35,Ille-et-Vilaine,2020-11-30,FUSIONNE,1551,89,
2024-05-11,2024-05-11,3820,THEATRE L'AIRE LIBRE,,Activé,5626,ROLE_DECLARANT1,92262510800019,35136,SAINT-JACQUES-DE-LA-LANDE,Ille-et-Vilaine,Bretagne,,PLATESV-D-2023-000211,339092,,2024-09-28,CLOTURE,,false,,,2971,VIVANT.ES,SAINT-JACQUES-DE-LA-LANDE,35136,2023-10-19,VALIDE,5047,,,2807,L'AIRE LIBRE,18263,THÉÂTRE L'AIRE LIBRE,,2 PLACE JULES VALLÈS,35136,SAINT-JACQUES-DE-LA-LANDE,,35,Ille-et-Vilaine,2023-05-22,FUSIONNE,5047,,
2024-05-11,2024-05-11,3820,THEATRE L'AIRE LIBRE,,Activé,5626,ROLE_DECLARANT1,92262510800019,35136,SAINT-JACQUES-DE-LA-LANDE,Ille-et-Vilaine,Bretagne,,PLATESV-D-2023-000211,339089,,2024-09-28,CLOTURE,,false,,,2971,VIVANT.ES,SAINT-JACQUES-DE-LA-LANDE,35136,2023-10-19,VALIDE,5047,,,2807,L'AIRE LIBRE,18263,THÉÂTRE L'AIRE LIBRE,,2 PLACE JULES VALLÈS,35136,SAINT-JACQUES-DE-LA-LANDE,,35,Ille-et-Vilaine,2023-05-22,FUSIONNE,5047,,
2025-03-02,2025-03-02,1125,CARTEL CONCERTS,,Activé,1278,ROLE_DECLARANT1,80023696000038,35200,RENNES,Ille-et-Vilaine,Bretagne,DOS20168997,3-1072466,365345,,2024-09-26,CLOTURE,,false,,,,,,,,,,,,18106,LE 4 BIS,16451,LE 4BIS,,4BIS COURS DES ALLIÉS,35000,RENNES,,35,Ille-et-Vilaine,2022-12-14,FUSIONNE,967,,
2024-11-26,2024-11-26,3602,DANSE A TOUS LES ETAGES,DANSE A TOUS LES ETAGES CDCN RENNES,Activé,4750,ROLE_DECLARANT1,41281004600026,35000,RENNES,Ille-et-Vilaine,Bretagne,35367,PLATESV-D-2020-001650,343879,,2024-09-25,CLOTURE,,false,,,2290,Cap Danse,CONCARNEAU,29900,2022-11-18,VALIDE,4750,,,,,,,,,,,,,,,,,,
2024-08-10,2024-08-10,58,THEATRE NATIONAL DE BRETAGNE - T.N.B. CENTRE EUROPEEN DE PRODUCTION THEATRALE ET CHOREGRAPHIQUE,THEATRE NATIONAL DE BRETAGNE - T.N.B.,Activé,53,ROLE_DECLARANT1,37921397800016,35000,RENNES,Ille-et-Vilaine,Bretagne,,3-1099111,330909,,2024-09-24,CLOTURE,,false,,,,,,,,,,,,,,20426,TNB,,1 RUE SAINT-HÉLIER,35000,RENNES,,35,Ille-et-Vilaine,2024-09-01,VALIDE,53,5238,
2024-09-27,2024-09-27,3284,COMEDIE DE RENNES,,Activé,4315,ROLE_SIB,90319904000010,35700,RENNES,Ille-et-Vilaine,Bretagne,,PLATESV-D-2022-003733,328737,/event_dates/1632531,2024-09-21,CLOTURE,,false,,,,,,,,,,,,,,14581,COMÉDIE DE RENNES,,31 RUE XAVIER GRALL,35700,RENNES,,35,Ille-et-Vilaine,2022-06-24,VALIDE,4314,,
2024-10-15,2024-10-15,1584,ORCHESTRE NATIONAL DE BRETAGNE,ORCHESTRE NATIONAL DE BRETAGNE,Activé,5671,ROLE_DECLARANT2,35010209100021,35000,RENNES,Ille-et-Vilaine,Bretagne,DOS20183137,2-1054646,334299,,2024-09-19,CLOTURE,,false,,,,,,,,,,,,,,9526,COUVENT DES JACOBINS,Couvent des Jacobins - Centre des Congrès de Rennes Métropole,20 PLACE SAINTE-ANNE,35000,RENNES,,35,Ille-et-Vilaine,2021-01-22,VALIDE,2015,,
2024-08-29,2024-08-29,3284,COMEDIE DE RENNES,,Activé,4315,ROLE_SIB,90319904000010,35700,RENNES,Ille-et-Vilaine,Bretagne,,PLATESV-D-2022-003733,325306,/event_dates/1409901,2024-08-23,CLOTURE,,false,,,,,,,,,,,,,,14581,COMÉDIE DE RENNES,,31 RUE XAVIER GRALL,35700,RENNES,,35,Ille-et-Vilaine,2022-06-24,VALIDE,4314,,
2024-11-06,2024-11-06,610,COMMUNE DE CHARTRES DE BRETAGNE,MAIRIE,Activé,638,ROLE_DECLARANT1,21350066300017,35131,CHARTRES DE BRETAGNE,Ille-et-Vilaine,Bretagne,DOS20179174,1-1107987,308226,,2024-02-06,CLOTURE,,false,,,,,,,,,,,,,,7572,CENTRE CULTUREL PÔLE SUD,,RUE DE LA CONTERIE,35131,CHARTRES-DE-BRETAGNE,,35,Ille-et-Vilaine,2020-01-22,VALIDE,638,,
2024-07-06,2024-07-06,3284,COMEDIE DE RENNES,,Activé,4315,ROLE_SIB,90319904000010,35700,RENNES,Ille-et-Vilaine,Bretagne,,PLATESV-D-2022-003733,306886,/event_dates/1284111,2024-01-06,CLOTURE,,false,,,,,,,,,,,,,,14581,COMÉDIE DE RENNES,,31 RUE XAVIER GRALL,35700,RENNES,,35,Ille-et-Vilaine,2022-06-24,VALIDE,4314,,
2024-07-24,2024-07-24,176,ANTIPODE MJC RENNES,ANTIPODE,Activé,3639,ROLE_SIB,77774999500018,35000,RENNES,Ille-et-Vilaine,Bretagne,,3-1019092,320801,event_585,2024-01-06,CLOTURE,,false,,,,,,,,,,,,,,13768,ANTIPODE,Antipode - PARVIS AGNÈS VARDA,75 AVENUE JULES MANIEZ,35000,RENNES,,35,Ille-et-Vilaine,2022-05-04,VALIDE,3639,5238,
2024-09-07,2024-07-19,3780,LA PAILLETTE,,Activé,5000,ROLE_DECLARANT1,77774969800034,35000,RENNES,Ille-et-Vilaine,Bretagne,52745,PLATESV-R-2020-009633,314927,,2024-01-06,CLOTURE,,false,2662,Les Envolées,3332,Festival Les Envolées,RENNES,35000,2024-04-19,FUSIONNE,5001,,,2868,ASS MJC LA PAILLETTE,9054,LA PAILLETTE,,2 RUE DU PRÉ DE BRIS,35000,RENNES,,35,Ille-et-Vilaine,2020-11-30,FUSIONNE,1551,89,
2024-06-06,2024-06-06,3284,COMEDIE DE RENNES,,Activé,4315,ROLE_SIB,90319904000010,35700,RENNES,Ille-et-Vilaine,Bretagne,,PLATESV-D-2022-003733,306412,/event_dates/1284097,2024-05-31,CLOTURE,,false,,,,,,,,,,,,,,14581,COMÉDIE DE RENNES,,31 RUE XAVIER GRALL,35700,RENNES,,35,Ille-et-Vilaine,2022-06-24,VALIDE,4314,,
2024-05-31,2024-05-31,3284,COMEDIE DE RENNES,,Activé,4315,ROLE_SIB,90319904000010,35700,RENNES,Ille-et-Vilaine,Bretagne,,PLATESV-D-2022-003733,305116,/event_dates/1209043,2024-05-25,CLOTURE,,false,,,,,,,,,,,,,,14581,COMÉDIE DE RENNES,,31 RUE XAVIER GRALL,35700,RENNES,,35,Ille-et-Vilaine,2022-06-24,VALIDE,4314,,
2024-05-31,2024-05-31,3284,COMEDIE DE RENNES,,Activé,4315,ROLE_SIB,90319904000010,35700,RENNES,Ille-et-Vilaine,Bretagne,,PLATESV-D-2022-003733,305103,/event_dates/1209029,2024-05-25,CLOTURE,,false,,,,,,,,,,,,,,14581,COMÉDIE DE RENNES,,31 RUE XAVIER GRALL,35700,RENNES,,35,Ille-et-Vilaine,2022-06-24,VALIDE,4314,,
2024-05-31,2024-05-31,1584,ORCHESTRE NATIONAL DE BRETAGNE,ORCHESTRE NATIONAL DE BRETAGNE,Activé,5671,ROLE_DECLARANT2,35010209100021,35000,RENNES,Ille-et-Vilaine,Bretagne,DOS20183137,2-1054646,305238,,2024-05-23,CLOTURE,,false,,,,,,,,,,,,,,9345,OPÉRA DE RENNES,Opéra de Rennes,PLACE DE LA MAIRIE,35000,RENNES,,35,Ille-et-Vilaine,2021-06-01,VALIDE,2015,89,Adresse
2024-07-15,2024-07-15,4281,JOYISSIMA,,Activé,5741,ROLE_DECLARANT1,89539474000016,35700,RENNES,Ille-et-Vilaine,Bretagne,PLATESV-D-2021-006638,PLATESV-D-2021-006638,316997,,2024-05-18,CLOTURE,,false,,,3154,Joy Connection,PORNICHET,44380,2024-01-16,VALIDE,5741,,,,,20594,HIPPODROME DE PORNICHET,,3 AVENUE DE L'HIPPODROME,44380,PORNICHET,,44,Loire-Atlantique,2024-01-16,VALIDE,5741,,
2025-01-29,2025-01-29,2528,PATCHROCK,,Activé,3204,ROLE_DECLARANT1,41211000900047,35000,RENNES,Ille-et-Vilaine,Bretagne,DOS20196448,3-1010967,363590,,2024-05-17,CLOTURE,,false,,,1820,Les Embellies,RENNES,35000,2022-05-23,VALIDE,3204,,,,,8794,LA CITÉ,,10 RUE SAINT-LOUIS,35000,RENNES,,35,Ille-et-Vilaine,2020-10-27,VALIDE,945,,
2024-05-21,2024-05-21,572,CENTRE CULTUREL TRIANGLE,LE TRIANGLE,Activé,631,ROLE_DECLARANT1,32327735000035,35200,RENNES,Ille-et-Vilaine,Bretagne,,3-1014237,302629,,2024-05-16,CLOTURE,,false,,,,,,,,,,,,,,2390,CENTRE CULTUREL TRIANGLE,,BD  DE YOUGOSLAVIE,35200,RENNES,32327735000035,35,Ille-et-Vilaine,2018-06-27,VALIDE,,,
2024-05-18,2024-05-18,3284,COMEDIE DE RENNES,,Activé,4315,ROLE_SIB,90319904000010,35700,RENNES,Ille-et-Vilaine,Bretagne,,PLATESV-D-2022-003733,302344,/event_dates/940143,2024-12-05,CLOTURE,,false,,,,,,,,,,,,,,14581,COMÉDIE DE RENNES,,31 RUE XAVIER GRALL,35700,RENNES,,35,Ille-et-Vilaine,2022-06-24,VALIDE,4314,,
2024-06-25,2024-06-25,2934,COMMUNE DE RENNES,OPERA DE RENNES,Activé,3842,ROLE_DECLARANT1,21350238800076,35000,RENNES,Ille-et-Vilaine,Bretagne,84250,PLATESV-R-2021-012024,311113,,2024-06-05,CLOTURE,,false,,,,,,,,,,,,,,503,COMMUNE DE RENNES,,PL  DE LA MAIRIE,35000,RENNES,21350238800019,35,Ille-et-Vilaine,2018-06-27,VALIDE,,,
2025-02-04,2025-02-04,1416,COMMUNE DE BRUZ,LE GRAND LOGIS - VILLE DE BRUZ,Activé,1831,ROLE_SIB,21350047300151,35170,BRUZ,Ille-et-Vilaine,Bretagne,DOS20187008,1-1114454,386754,311,2025-02-28,CLOTURE,,false,,,,,,,,,,,,,,2089,COMMUNE DE BRUZ,,10  AV  DU GENERAL DE GAULLE,35170,BRUZ,21350047300151,35,Ille-et-Vilaine,2018-06-27,VALIDE,,,
2025-05-14,2025-05-14,176,ANTIPODE MJC RENNES,ANTIPODE,Activé,3639,ROLE_SIB,77774999500018,35000,RENNES,Ille-et-Vilaine,Bretagne,,3-1019092,405030,declaration_272_2025_1,2025-02-27,CLOTURE,,false,,,,,,,,,,,,,,13768,ANTIPODE,Antipode - PARVIS AGNÈS VARDA,75 AVENUE JULES MANIEZ,35000,RENNES,,35,Ille-et-Vilaine,2022-05-04,VALIDE,3639,5238,
2025-06-03,2025-06-03,58,THEATRE NATIONAL DE BRETAGNE - T.N.B. CENTRE EUROPEEN DE PRODUCTION THEATRALE ET CHOREGRAPHIQUE,THEATRE NATIONAL DE BRETAGNE - T.N.B.,Activé,53,ROLE_DECLARANT1,37921397800016,35000,RENNES,Ille-et-Vilaine,Bretagne,,3-1099111,376192,,2025-02-26,CLOTURE,,false,,,,,,,,,,,,,,20426,TNB,,1 RUE SAINT-HÉLIER,35000,RENNES,,35,Ille-et-Vilaine,2024-09-01,VALIDE,53,5238,
2025-01-14,2025-01-14,610,COMMUNE DE CHARTRES DE BRETAGNE,MAIRIE,Activé,638,ROLE_DECLARANT1,21350066300017,35131,CHARTRES DE BRETAGNE,Ille-et-Vilaine,Bretagne,DOS20179174,1-1107987,357518,,2025-09-01,CLOTURE,,false,,,,,,,,,,,,,,7572,CENTRE CULTUREL PÔLE SUD,,RUE DE LA CONTERIE,35131,CHARTRES-DE-BRETAGNE,,35,Ille-et-Vilaine,2020-01-22,VALIDE,638,,
2025-03-27,2025-03-27,2934,COMMUNE DE RENNES,OPERA DE RENNES,Activé,3842,ROLE_DECLARANT1,21350238800076,35000,RENNES,Ille-et-Vilaine,Bretagne,84250,PLATESV-R-2021-012024,383730,,2025-02-25,CLOTURE,,false,,,,,,,,,,,,,,503,COMMUNE DE RENNES,,PL  DE LA MAIRIE,35000,RENNES,21350238800019,35,Ille-et-Vilaine,2018-06-27,VALIDE,,,
2025-07-22,2025-07-22,1125,CARTEL CONCERTS,,Activé,1278,ROLE_DECLARANT1,80023696000038,35200,RENNES,Ille-et-Vilaine,Bretagne,DOS20168997,3-1072466,424615,,2025-02-23,CLOTURE,,false,,,,,,,,,,,,,,7835,L'ETAGE,,1 ESPLANADE GÉNÉRAL DE GAULLE,35000,RENNES,,35,Ille-et-Vilaine,2020-02-25,VALIDE,1086,,
2025-06-01,2025-06-01,3284,COMEDIE DE RENNES,,Activé,4315,ROLE_SIB,90319904000010,35700,RENNES,Ille-et-Vilaine,Bretagne,,PLATESV-D-2022-003733,353752,/event_dates/1517017,2024-12-31,CLOTURE,,false,,,,,,,,,,,,,,14581,COMÉDIE DE RENNES,,31 RUE XAVIER GRALL,35700,RENNES,,35,Ille-et-Vilaine,2022-06-24,VALIDE,4314,,
2025-03-01,2025-03-01,3284,COMEDIE DE RENNES,,Activé,4315,ROLE_SIB,90319904000010,35700,RENNES,Ille-et-Vilaine,Bretagne,,PLATESV-D-2022-003733,353282,/event_dates/1700403,2024-12-28,CLOTURE,,false,,,,,,,,,,,,,,14581,COMÉDIE DE RENNES,,31 RUE XAVIER GRALL,35700,RENNES,,35,Ille-et-Vilaine,2022-06-24,VALIDE,4314,,
2025-03-01,2025-03-01,3284,COMEDIE DE RENNES,,Activé,4315,ROLE_SIB,90319904000010,35700,RENNES,Ille-et-Vilaine,Bretagne,,PLATESV-D-2022-003733,353290,/event_dates/1663065,2024-12-28,CLOTURE,,false,,,,,,,,,,,,,,14581,COMÉDIE DE RENNES,,31 RUE XAVIER GRALL,35700,RENNES,,35,Ille-et-Vilaine,2022-06-24,VALIDE,4314,,
2025-02-01,2025-02-01,3284,COMEDIE DE RENNES,,Activé,4315,ROLE_SIB,90319904000010,35700,RENNES,Ille-et-Vilaine,Bretagne,,PLATESV-D-2022-003733,352972,/event_dates/1700396,2024-12-27,CLOTURE,,false,,,,,,,,,,,,,,14581,COMÉDIE DE RENNES,,31 RUE XAVIER GRALL,35700,RENNES,,35,Ille-et-Vilaine,2022-06-24,VALIDE,4314,,
2025-02-01,2025-02-01,3284,COMEDIE DE RENNES,,Activé,4315,ROLE_SIB,90319904000010,35700,RENNES,Ille-et-Vilaine,Bretagne,,PLATESV-D-2022-003733,352968,/event_dates/1739176,2024-12-26,CLOTURE,,false,,,,,,,,,,,,,,14581,COMÉDIE DE RENNES,,31 RUE XAVIER GRALL,35700,RENNES,,35,Ille-et-Vilaine,2022-06-24,VALIDE,4314,,
2024-12-29,2024-12-29,3284,COMEDIE DE RENNES,,Activé,4315,ROLE_SIB,90319904000010,35700,RENNES,Ille-et-Vilaine,Bretagne,,PLATESV-D-2022-003733,352573,/event_dates/1768072,2024-12-23,CLOTURE,,false,,,,,,,,,,,,,,14581,COMÉDIE DE RENNES,,31 RUE XAVIER GRALL,35700,RENNES,,35,Ille-et-Vilaine,2022-06-24,VALIDE,4314,,
2024-12-28,2024-12-28,3284,COMEDIE DE RENNES,,Activé,4315,ROLE_SIB,90319904000010,35700,RENNES,Ille-et-Vilaine,Bretagne,,PLATESV-D-2022-003733,352518,/event_dates/1782506,2024-12-22,CLOTURE,,false,,,,,,,,,,,,,,14581,COMÉDIE DE RENNES,,31 RUE XAVIER GRALL,35700,RENNES,,35,Ille-et-Vilaine,2022-06-24,VALIDE,4314,,
2024-12-27,2024-12-27,3284,COMEDIE DE RENNES,,Activé,4315,ROLE_SIB,90319904000010,35700,RENNES,Ille-et-Vilaine,Bretagne,,PLATESV-D-2022-003733,352441,/event_dates/1739211,2024-12-21,CLOTURE,,false,,,,,,,,,,,,,,14581,COMÉDIE DE RENNES,,31 RUE XAVIER GRALL,35700,RENNES,,35,Ille-et-Vilaine,2022-06-24,VALIDE,4314,,
2024-12-27,2024-12-27,1291,ASSOCIATION LILLICO,,Activé,6234,ROLE_SIB,78975485000038,35000,RENNES,Ille-et-Vilaine,Bretagne,,PLATESV-D-2020-000183,352432,/event_dates/1492774,2024-12-21,CLOTURE,,false,,,,,,,,,,,,,,16849,SALLE GUY ROPARTZ,,14 RUE GUY ROPARTZ,35700,RENNES,,35,Ille-et-Vilaine,2023-01-16,VALIDE,1551,,
2024-12-26,2024-12-26,1291,ASSOCIATION LILLICO,,Activé,6234,ROLE_SIB,78975485000038,35000,RENNES,Ille-et-Vilaine,Bretagne,,PLATESV-D-2020-000183,352340,/event_dates/1492760,2024-12-20,CLOTURE,,false,,,,,,,,,,,,,,16849,SALLE GUY ROPARTZ,,14 RUE GUY ROPARTZ,35700,RENNES,,35,Ille-et-Vilaine,2023-01-16,VALIDE,1551,,
2024-12-21,2024-12-21,1584,ORCHESTRE NATIONAL DE BRETAGNE,ORCHESTRE NATIONAL DE BRETAGNE,Activé,5671,ROLE_DECLARANT2,35010209100021,35000,RENNES,Ille-et-Vilaine,Bretagne,DOS20183137,2-1054646,351800,,2024-12-18,CLOTURE,,false,,,,,,,,,,,,,,9345,OPÉRA DE RENNES,Opéra de Rennes,PLACE DE LA MAIRIE,35000,RENNES,,35,Ille-et-Vilaine,2021-06-01,VALIDE,2015,89,Adresse
2025-01-25,2025-01-25,2934,COMMUNE DE RENNES,OPERA DE RENNES,Activé,3842,ROLE_DECLARANT1,21350238800076,35000,RENNES,Ille-et-Vilaine,Bretagne,84250,PLATESV-R-2021-012024,360780,,2024-12-14,CLOTURE,,false,,,,,,,,,,,,,,503,COMMUNE DE RENNES,,PL  DE LA MAIRIE,35000,RENNES,21350238800019,35,Ille-et-Vilaine,2018-06-27,VALIDE,,,
2025-07-22,2025-07-22,1125,CARTEL CONCERTS,,Activé,1278,ROLE_DECLARANT1,80023696000038,35200,RENNES,Ille-et-Vilaine,Bretagne,DOS20168997,3-1072466,424611,,2025-02-13,CLOTURE,,false,,,,,,,,,,,,6543,LA CIGALE,18204,LA CIGALE,,124  BD  ROCHECHOUART,75018,PARIS 18,35230559300019,75,Paris,2023-11-05,FUSIONNE,3848,,
2025-01-18,2025-01-18,2934,COMMUNE DE RENNES,OPERA DE RENNES,Activé,3842,ROLE_DECLARANT1,21350238800076,35000,RENNES,Ille-et-Vilaine,Bretagne,84250,PLATESV-R-2021-012024,358918,,2024-06-11,CLOTURE,,false,,,,,,,,,,,,,,503,COMMUNE DE RENNES,,PL  DE LA MAIRIE,35000,RENNES,21350238800019,35,Ille-et-Vilaine,2018-06-27,VALIDE,,,
2025-05-02,2025-05-02,176,ANTIPODE MJC RENNES,ANTIPODE,Activé,3639,ROLE_SIB,77774999500018,35000,RENNES,Ille-et-Vilaine,Bretagne,,3-1019092,366278,declaration_315_2024_4,2024-05-11,CLOTURE,,false,,,,,,,,,,,,,,13768,ANTIPODE,Antipode - PARVIS AGNÈS VARDA,75 AVENUE JULES MANIEZ,35000,RENNES,,35,Ille-et-Vilaine,2022-05-04,VALIDE,3639,5238,
2024-12-11,2024-12-11,3284,COMEDIE DE RENNES,,Activé,4315,ROLE_SIB,90319904000010,35700,RENNES,Ille-et-Vilaine,Bretagne,,PLATESV-D-2022-003733,340391,/event_dates/1700088,2024-03-11,CLOTURE,,false,,,,,,,,,,,,,,14581,COMÉDIE DE RENNES,,31 RUE XAVIER GRALL,35700,RENNES,,35,Ille-et-Vilaine,2022-06-24,VALIDE,4314,,
2025-06-01,2025-06-01,923,LES ATELIERS DU VENT,ADV,Activé,1006,ROLE_DECLARANT1,45124579900023,35000,RENNES,Ille-et-Vilaine,Bretagne,DOS20197631,1-1123282,354060,,2024-02-11,CLOTURE,,true,,,,,,,,,,,,,,429,LES ATELIERS DU VENT,,59  RUE  ALEXANDRE DUVAL,35000,RENNES,45124579900023,35,Ille-et-Vilaine,2018-06-27,VALIDE,,,
2024-12-11,2024-12-11,3780,LA PAILLETTE,,Activé,5001,ROLE_SIB,77774969800034,35000,RENNES,Ille-et-Vilaine,Bretagne,52745,PLATESV-R-2020-009633,340728,/event_dates/1397280,2024-01-11,CLOTURE,,false,,,,,,,,,,,,2868,ASS MJC LA PAILLETTE,9054,LA PAILLETTE,,2 RUE DU PRÉ DE BRIS,35000,RENNES,,35,Ille-et-Vilaine,2020-11-30,FUSIONNE,1551,89,
2025-03-02,2025-03-02,1125,CARTEL CONCERTS,,Activé,1278,ROLE_DECLARANT1,80023696000038,35200,RENNES,Ille-et-Vilaine,Bretagne,DOS20168997,3-1072466,365363,,2024-10-31,CLOTURE,,false,,,,,,,,,,,,18590,ARKEA ARENA,6545,ARKEA ARENA DE BORDEAUX,,50 AVENUE JEAN ALFONSEA,33270,FLOIRAC,,33,Gironde,2019-09-25,FUSIONNE,716,,
2024-12-11,2024-12-11,3284,COMEDIE DE RENNES,,Activé,4315,ROLE_SIB,90319904000010,35700,RENNES,Ille-et-Vilaine,Bretagne,,PLATESV-D-2022-003733,340402,/event_dates/1700053,2024-10-30,CLOTURE,,false,,,,,,,,,,,,,,14581,COMÉDIE DE RENNES,,31 RUE XAVIER GRALL,35700,RENNES,,35,Ille-et-Vilaine,2022-06-24,VALIDE,4314,,
2024-12-11,2024-12-11,3284,COMEDIE DE RENNES,,Activé,4315,ROLE_SIB,90319904000010,35700,RENNES,Ille-et-Vilaine,Bretagne,,PLATESV-D-2022-003733,340388,/event_dates/1743586,2024-10-25,CLOTURE,,false,,,,,,,,,,,,,,14581,COMÉDIE DE RENNES,,31 RUE XAVIER GRALL,35700,RENNES,,35,Ille-et-Vilaine,2022-06-24,VALIDE,4314,,
2024-12-11,2024-12-11,3284,COMEDIE DE RENNES,,Activé,4315,ROLE_SIB,90319904000010,35700,RENNES,Ille-et-Vilaine,Bretagne,,PLATESV-D-2022-003733,340593,/event_dates/1387514,2024-10-24,CLOTURE,,false,,,,,,,,,,,,,,14581,COMÉDIE DE RENNES,,31 RUE XAVIER GRALL,35700,RENNES,,35,Ille-et-Vilaine,2022-06-24,VALIDE,4314,,
2024-12-17,2024-12-17,1291,ASSOCIATION LILLICO,,Activé,6234,ROLE_SIB,78975485000038,35000,RENNES,Ille-et-Vilaine,Bretagne,,PLATESV-D-2020-000183,349318,/event_dates/1405568,2024-10-22,CLOTURE,,false,,,,,,,,,,,,,,16849,SALLE GUY ROPARTZ,,14 RUE GUY ROPARTZ,35700,RENNES,,35,Ille-et-Vilaine,2023-01-16,VALIDE,1551,,
2024-12-17,2024-12-17,1291,ASSOCIATION LILLICO,,Activé,6234,ROLE_SIB,78975485000038,35000,RENNES,Ille-et-Vilaine,Bretagne,,PLATESV-D-2020-000183,349313,/event_dates/1405540,2024-10-21,CLOTURE,,false,,,,,,,,,,,,,,16849,SALLE GUY ROPARTZ,,14 RUE GUY ROPARTZ,35700,RENNES,,35,Ille-et-Vilaine,2023-01-16,VALIDE,1551,,
2024-11-27,2024-11-27,176,ANTIPODE MJC RENNES,ANTIPODE,Activé,3639,ROLE_SIB,77774999500018,35000,RENNES,Ille-et-Vilaine,Bretagne,,3-1019092,344200,event_594,2024-10-19,CLOTURE,,false,,,,,,,,,,,,,,13768,ANTIPODE,Antipode - PARVIS AGNÈS VARDA,75 AVENUE JULES MANIEZ,35000,RENNES,,35,Ille-et-Vilaine,2022-05-04,VALIDE,3639,5238,
2024-04-12,2024-04-12,58,THEATRE NATIONAL DE BRETAGNE - T.N.B. CENTRE EUROPEEN DE PRODUCTION THEATRALE ET CHOREGRAPHIQUE,THEATRE NATIONAL DE BRETAGNE - T.N.B.,Activé,53,ROLE_DECLARANT1,37921397800016,35000,RENNES,Ille-et-Vilaine,Bretagne,,3-1099111,345664,,2024-10-17,CLOTURE,,false,,,,,,,,,,,,,,20426,TNB,,1 RUE SAINT-HÉLIER,35000,RENNES,,35,Ille-et-Vilaine,2024-09-01,VALIDE,53,5238,
2024-10-22,2024-10-22,3780,LA PAILLETTE,,Activé,5001,ROLE_SIB,77774969800034,35000,RENNES,Ille-et-Vilaine,Bretagne,52745,PLATESV-R-2020-009633,337234,/event_dates/1397252,2024-10-16,CLOTURE,,true,,,,,,,,,,,,2868,ASS MJC LA PAILLETTE,9054,LA PAILLETTE,,2 RUE DU PRÉ DE BRIS,35000,RENNES,,35,Ille-et-Vilaine,2020-11-30,FUSIONNE,1551,89,
2024-12-17,2024-12-17,1291,ASSOCIATION LILLICO,,Activé,6234,ROLE_SIB,78975485000038,35000,RENNES,Ille-et-Vilaine,Bretagne,,PLATESV-D-2020-000183,349290,/event_dates/1405708,2024-10-15,CLOTURE,,false,,,,,,,,,,,,,,9051,MAISON DE QUARTIER DE LA BELLANGERAIS,,5 RUE DU MORBIHAN,35700,RENNES,,35,Ille-et-Vilaine,2020-11-30,VALIDE,1551,89,
2024-11-26,2024-11-26,1429,COMMUNE DE BETTON,Salle Confluence - Betton,Activé,1780,ROLE_SIB,21350024200259,35830,Betton,Ille-et-Vilaine,Bretagne,,PLATESV-R-2020-005656,343981,326,2024-12-10,CLOTURE,,false,,,,,,,,,,,,,,8489,LA CONFLUENCE,,PLACE CHARLES DE GAULLE,35830,BETTON,,35,Ille-et-Vilaine,2020-09-22,VALIDE,1780,5238,
2025-03-31,2025-03-31,2641,MAISON DES JEUNES ET CULTURE DE PACE,,Activé,3356,ROLE_SIB,30593736900026,35740,PACE,Ille-et-Vilaine,Bretagne,31372,PLATESV-R-2020-000949,384561,213,2024-11-10,CLOTURE,,false,,,,,,,,,,,,,,11393,ESCAPADE,,6 AVENUE CHARLES LE GOFFIC,35740,PACÉ,,35,Ille-et-Vilaine,2021-09-24,VALIDE,3356,5239,
2024-11-09,2024-11-09,3536,TXTR ORGANISATION,,Activé,4651,ROLE_DECLARANT1,83526820200016,35000,RENNES,Ille-et-Vilaine,Bretagne,DOS20183014,3-1114458,326797,,2024-06-07,CLOTURE,,false,,,2801,Texture Open Air Festival,RENNES,35000,2023-07-18,VALIDE,4651,,,,,18974,BASE DE PLEIN AIR ET DE LOISIRS DE LA PRÉVALAYE,,ROUTE DE SAINTE-FOIX,35000,RENNES,,35,Ille-et-Vilaine,2023-07-18,VALIDE,4651,,
2024-11-09,2024-11-09,1125,CARTEL CONCERTS,,Activé,1278,ROLE_DECLARANT1,80023696000038,35200,RENNES,Ille-et-Vilaine,Bretagne,DOS20168997,3-1072466,326509,,2024-06-27,CLOTURE,,true,,,,,,,,,,,,,,6550,ELYSEE MONTMARTRE,,80 BD DE ROCHECHOUART,75018,PARIS,,75,Paris,2019-09-25,VALIDE,716,,
2024-07-18,2024-07-18,654,CENTRE CHOREGRAPHIQUE NATIONAL DE RENNES ET DE BRETAGNE,FAIRE CCN RENNES,Activé,689,ROLE_DECLARANT1,31464796700020,35000,RENNES,Ille-et-Vilaine,Bretagne,DOS20181231,1-1110488,319207,,2024-06-22,CLOTURE,,false,,,3510,(UNDER)GROUND,RENNES,35000,2024-07-18,VALIDE,689,,,,,5794,CCNRB,,38 RUE SAINT MELAINE CS 20831,35108,RENNES CEDEX,31464796700020,35,Ille-et-Vilaine,2019-02-26,VALIDE,,,
2024-07-15,2024-07-15,3063,LE GRAND CORDEL MAISON DES JEUNES ET DE LA CULTURE,Association,Activé,5994,ROLE_DECLARANT2,77774992000024,35700,RENNES,Ille-et-Vilaine,Bretagne,DOS20196625,1-1039842,316359,,2024-06-22,CLOTURE,,false,,,,,,,,,,,,,,3354,LE GRAND CORDEL MAISON DES JEUNES ET DE LA CULTURE,,18  RUE  DES PLANTES,35700,RENNES,77774992000024,35,Ille-et-Vilaine,2018-06-27,VALIDE,,,
2024-07-18,2024-07-18,654,CENTRE CHOREGRAPHIQUE NATIONAL DE RENNES ET DE BRETAGNE,FAIRE CCN RENNES,Activé,689,ROLE_DECLARANT1,31464796700020,35000,RENNES,Ille-et-Vilaine,Bretagne,DOS20181231,1-1110488,319168,,2024-06-18,CLOTURE,,false,,,3510,(UNDER)GROUND,RENNES,35000,2024-07-18,VALIDE,689,,,,,20426,TNB,,1 RUE SAINT-HÉLIER,35000,RENNES,,35,Ille-et-Vilaine,2024-09-01,VALIDE,53,5238,
2024-09-07,2024-07-19,3780,LA PAILLETTE,,Activé,5000,ROLE_DECLARANT1,77774969800034,35000,RENNES,Ille-et-Vilaine,Bretagne,52745,PLATESV-R-2020-009633,314995,,2024-06-15,CLOTURE,,false,2662,Les Envolées,3332,Festival Les Envolées,RENNES,35000,2024-04-19,FUSIONNE,5001,,,2868,ASS MJC LA PAILLETTE,9054,LA PAILLETTE,,2 RUE DU PRÉ DE BRIS,35000,RENNES,,35,Ille-et-Vilaine,2020-11-30,FUSIONNE,1551,89,
2024-08-28,2024-08-28,2641,MAISON DES JEUNES ET CULTURE DE PACE,,Activé,3356,ROLE_SIB,30593736900026,35740,PACE,Ille-et-Vilaine,Bretagne,31372,PLATESV-R-2020-000949,325287,201,2024-06-15,CLOTURE,,false,,,,,,,,,,,,,,11393,ESCAPADE,,6 AVENUE CHARLES LE GOFFIC,35740,PACÉ,,35,Ille-et-Vilaine,2021-09-24,VALIDE,3356,5239,
2024-08-28,2024-08-28,2641,MAISON DES JEUNES ET CULTURE DE PACE,,Activé,3356,ROLE_SIB,30593736900026,35740,PACE,Ille-et-Vilaine,Bretagne,31372,PLATESV-R-2020-000949,325290,203,2024-06-15,CLOTURE,,false,,,,,,,,,,,,,,11393,ESCAPADE,,6 AVENUE CHARLES LE GOFFIC,35740,PACÉ,,35,Ille-et-Vilaine,2021-09-24,VALIDE,3356,5239,
2024-09-07,2024-07-19,3780,LA PAILLETTE,,Activé,5000,ROLE_DECLARANT1,77774969800034,35000,RENNES,Ille-et-Vilaine,Bretagne,52745,PLATESV-R-2020-009633,314988,,2024-06-15,CLOTURE,,false,2662,Les Envolées,3332,Festival Les Envolées,RENNES,35000,2024-04-19,FUSIONNE,5001,,,2868,ASS MJC LA PAILLETTE,9054,LA PAILLETTE,,2 RUE DU PRÉ DE BRIS,35000,RENNES,,35,Ille-et-Vilaine,2020-11-30,FUSIONNE,1551,89,
2024-09-07,2024-07-19,3780,LA PAILLETTE,,Activé,5000,ROLE_DECLARANT1,77774969800034,35000,RENNES,Ille-et-Vilaine,Bretagne,52745,PLATESV-R-2020-009633,314991,,2024-06-15,CLOTURE,,false,2662,Les Envolées,3332,Festival Les Envolées,RENNES,35000,2024-04-19,FUSIONNE,5001,,,2868,ASS MJC LA PAILLETTE,9054,LA PAILLETTE,,2 RUE DU PRÉ DE BRIS,35000,RENNES,,35,Ille-et-Vilaine,2020-11-30,FUSIONNE,1551,89,
2024-07-24,2024-07-24,176,ANTIPODE MJC RENNES,ANTIPODE,Activé,3639,ROLE_SIB,77774999500018,35000,RENNES,Ille-et-Vilaine,Bretagne,,3-1019092,320796,event_590,2024-06-14,CLOTURE,,false,,,,,,,,,,,,,,13768,ANTIPODE,Antipode - PARVIS AGNÈS VARDA,75 AVENUE JULES MANIEZ,35000,RENNES,,35,Ille-et-Vilaine,2022-05-04,VALIDE,3639,5238,
2024-07-24,2024-07-24,4194,SOFIA LABEL,,Activé,5601,ROLE_DECLARANT1,50089006600037,35200,RENNES,Ille-et-Vilaine,Bretagne,PLATESV-R-2021-009946,PLATESV-R-2021-009946,320716,,2024-09-06,CLOTURE,,false,,,,,,,,,,,,470,CAFE DE LA DANSE MUSIQUE ET ARTS,7395,LE CAFE DE LA DANSE,,5 PASSAGE LOUIS-PHILIPPE,75011,PARIS,,75,Paris,2020-08-01,FUSIONNE,942,89,
2024-08-28,2024-08-28,2641,MAISON DES JEUNES ET CULTURE DE PACE,,Activé,3356,ROLE_SIB,30593736900026,35740,PACE,Ille-et-Vilaine,Bretagne,31372,PLATESV-R-2020-000949,325285,197,2024-08-06,CLOTURE,,false,,,,,,,,,,,,,,7088,LE PONANT,,BOULEVARD PATRICE DUMAINE DE LA JOSSERIE,35740,PACÉ,,35,Ille-et-Vilaine,2020-02-01,VALIDE,1088,89,
2024-09-07,2024-07-19,3780,LA PAILLETTE,,Activé,5000,ROLE_DECLARANT1,77774969800034,35000,RENNES,Ille-et-Vilaine,Bretagne,52745,PLATESV-R-2020-009633,314985,,2024-07-06,CLOTURE,,false,2662,Les Envolées,3332,Festival Les Envolées,RENNES,35000,2024-04-19,FUSIONNE,5001,,,2868,ASS MJC LA PAILLETTE,9054,LA PAILLETTE,,2 RUE DU PRÉ DE BRIS,35000,RENNES,,35,Ille-et-Vilaine,2020-11-30,FUSIONNE,1551,89,
2024-07-24,2024-07-24,176,ANTIPODE MJC RENNES,ANTIPODE,Activé,3639,ROLE_SIB,77774999500018,35000,RENNES,Ille-et-Vilaine,Bretagne,,3-1019092,320800,event_586,2024-07-06,CLOTURE,,false,,,,,,,,,,,,,,13768,ANTIPODE,Antipode - PARVIS AGNÈS VARDA,75 AVENUE JULES MANIEZ,35000,RENNES,,35,Ille-et-Vilaine,2022-05-04,VALIDE,3639,5238,
2024-09-07,2024-09-07,3780,LA PAILLETTE,,Activé,5000,ROLE_DECLARANT1,77774969800034,35000,RENNES,Ille-et-Vilaine,Bretagne,52745,PLATESV-R-2020-009633,314958,,2024-05-06,CLOTURE,,false,2662,Les Envolées,3332,Festival Les Envolées,RENNES,35000,2024-04-19,FUSIONNE,5001,,,2868,ASS MJC LA PAILLETTE,9054,LA PAILLETTE,,2 RUE DU PRÉ DE BRIS,35000,RENNES,,35,Ille-et-Vilaine,2020-11-30,FUSIONNE,1551,89,
2024-06-25,2024-06-25,2934,COMMUNE DE RENNES,OPERA DE RENNES,Activé,3842,ROLE_DECLARANT1,21350238800076,35000,RENNES,Ille-et-Vilaine,Bretagne,84250,PLATESV-R-2021-012024,311102,,2024-05-06,CLOTURE,,false,,,,,,,,,,,,,,503,COMMUNE DE RENNES,,PL  DE LA MAIRIE,35000,RENNES,21350238800019,35,Ille-et-Vilaine,2018-06-27,VALIDE,,,
2024-09-07,2024-07-19,3780,LA PAILLETTE,,Activé,5000,ROLE_DECLARANT1,77774969800034,35000,RENNES,Ille-et-Vilaine,Bretagne,52745,PLATESV-R-2020-009633,314957,,2024-05-06,CLOTURE,,false,2662,Les Envolées,3332,Festival Les Envolées,RENNES,35000,2024-04-19,FUSIONNE,5001,,,2868,ASS MJC LA PAILLETTE,9054,LA PAILLETTE,,2 RUE DU PRÉ DE BRIS,35000,RENNES,,35,Ille-et-Vilaine,2020-11-30,FUSIONNE,1551,89,
2024-03-26,2024-03-26,1584,ORCHESTRE NATIONAL DE BRETAGNE,ORCHESTRE NATIONAL DE BRETAGNE,Activé,5671,ROLE_DECLARANT2,35010209100021,35000,RENNES,Ille-et-Vilaine,Bretagne,DOS20183137,2-1054646,282940,,2024-03-22,CLOTURE,,false,,,,,,,,,,,,2898,THEATRE NATIONAL DE BRETAGNE - T.N.B. CENTRE EUROPEEN DE PRODUCTION THEATRALE ET CHOREGRAPHIQUE,4558,THEATRE NATIONAL DE BRETAGNE - C.E.P.T.C.,,1 RUE SAINT HÉLIER,35000,RENNES,37921397800016,35,Ille-et-Vilaine,2018-07-19,FUSIONNE,,,
2024-03-04,2024-03-04,572,CENTRE CULTUREL TRIANGLE,LE TRIANGLE,Activé,631,ROLE_DECLARANT1,32327735000035,35200,RENNES,Ille-et-Vilaine,Bretagne,,3-1014237,285669,,2024-03-21,CLOTURE,,false,,,,,,,,,,,,,,2390,CENTRE CULTUREL TRIANGLE,,BD  DE YOUGOSLAVIE,35200,RENNES,32327735000035,35,Ille-et-Vilaine,2018-06-27,VALIDE,,,
2024-03-19,2024-03-19,3063,LE GRAND CORDEL MAISON DES JEUNES ET DE LA CULTURE,Association,Activé,5994,ROLE_DECLARANT2,77774992000024,35700,RENNES,Ille-et-Vilaine,Bretagne,DOS20196625,1-1039842,280758,,2024-03-17,CLOTURE,,false,,,,,,,,,,,,,,3354,LE GRAND CORDEL MAISON DES JEUNES ET DE LA CULTURE,,18  RUE  DES PLANTES,35700,RENNES,77774992000024,35,Ille-et-Vilaine,2018-06-27,VALIDE,,,
2024-03-22,2024-03-22,3284,COMEDIE DE RENNES,,Activé,4315,ROLE_SIB,90319904000010,35700,RENNES,Ille-et-Vilaine,Bretagne,,PLATESV-D-2022-003733,281655,/event_dates/965385,2024-03-16,CLOTURE,,false,,,,,,,,,,,,,,14581,COMÉDIE DE RENNES,,31 RUE XAVIER GRALL,35700,RENNES,,35,Ille-et-Vilaine,2022-06-24,VALIDE,4314,,
2024-04-24,2024-04-24,176,ANTIPODE MJC RENNES,ANTIPODE,Activé,3639,ROLE_SIB,77774999500018,35000,RENNES,Ille-et-Vilaine,Bretagne,,3-1019092,295656,event_552,2024-03-16,CLOTURE,,false,,,,,,,,,,,,,,13768,ANTIPODE,Antipode - PARVIS AGNÈS VARDA,75 AVENUE JULES MANIEZ,35000,RENNES,,35,Ille-et-Vilaine,2022-05-04,VALIDE,3639,5238,
2024-03-16,2024-03-16,610,COMMUNE DE CHARTRES DE BRETAGNE,MAIRIE,Activé,638,ROLE_DECLARANT1,21350066300017,35131,CHARTRES DE BRETAGNE,Ille-et-Vilaine,Bretagne,DOS20179174,1-1107987,279859,,2024-03-15,CLOTURE,,false,,,,,,,,,,,,,,7572,CENTRE CULTUREL PÔLE SUD,,RUE DE LA CONTERIE,35131,CHARTRES-DE-BRETAGNE,,35,Ille-et-Vilaine,2020-01-22,VALIDE,638,,
2024-02-04,2024-02-04,1416,COMMUNE DE BRUZ,LE GRAND LOGIS - VILLE DE BRUZ,Activé,1831,ROLE_SIB,21350047300151,35170,BRUZ,Ille-et-Vilaine,Bretagne,DOS20187008,1-1114454,285013,267,2024-03-15,CLOTURE,,false,,,,,,,,,,,,,,2089,COMMUNE DE BRUZ,,10  AV  DU GENERAL DE GAULLE,35170,BRUZ,21350047300151,35,Ille-et-Vilaine,2018-06-27,VALIDE,,,
2024-04-04,2024-04-04,2934,COMMUNE DE RENNES,OPERA DE RENNES,Activé,3842,ROLE_DECLARANT1,21350238800076,35000,RENNES,Ille-et-Vilaine,Bretagne,84250,PLATESV-R-2021-012024,286586,,2024-03-15,CLOTURE,,false,,,,,,,,,,,,,,503,COMMUNE DE RENNES,,PL  DE LA MAIRIE,35000,RENNES,21350238800019,35,Ille-et-Vilaine,2018-06-27,VALIDE,,,
2024-03-21,2024-03-21,3780,LA PAILLETTE,,Activé,5001,ROLE_SIB,77774969800034,35000,RENNES,Ille-et-Vilaine,Bretagne,52745,PLATESV-R-2020-009633,281157,/event_dates/890177,2024-03-15,CLOTURE,,false,,,,,,,,,,,,2868,ASS MJC LA PAILLETTE,9054,LA PAILLETTE,,2 RUE DU PRÉ DE BRIS,35000,RENNES,,35,Ille-et-Vilaine,2020-11-30,FUSIONNE,1551,89,
2024-04-24,2024-04-24,176,ANTIPODE MJC RENNES,ANTIPODE,Activé,3639,ROLE_SIB,77774999500018,35000,RENNES,Ille-et-Vilaine,Bretagne,,3-1019092,295658,event_540,2024-07-03,CLOTURE,,false,,,,,,,,,,,,,,13768,ANTIPODE,Antipode - PARVIS AGNÈS VARDA,75 AVENUE JULES MANIEZ,35000,RENNES,,35,Ille-et-Vilaine,2022-05-04,VALIDE,3639,5238,
2025-10-08,2025-10-08,4194,SOFIA LABEL,,Activé,5601,ROLE_DECLARANT1,50089006600037,35200,RENNES,Ille-et-Vilaine,Bretagne,PLATESV-R-2021-009946,PLATESV-R-2021-009946,428269,,2025-03-05,CLOTURE,,false,,,,,,,,,,,,,,26868,SALLE BERNARD GIRAUDEAU,,25 AVENUE DU PRÉSIDENT JOHN FITZGERALD KENNEDY,17000,LA ROCHELLE,,17,Charente-Maritime,2025-10-08,VALIDE,5601,,
2025-07-17,2025-07-17,176,ANTIPODE MJC RENNES,ANTIPODE,Activé,3639,ROLE_SIB,77774999500018,35000,RENNES,Ille-et-Vilaine,Bretagne,,3-1019092,422958,declaration_410_2025_2,2025-04-27,CLOTURE,,false,,,,,,,,,,,,,,8796,LE TAMBOUR,,PLACE RECTEUR HENRI LE MOAL,35000,RENNES,,35,Ille-et-Vilaine,2020-10-27,VALIDE,945,,
2025-07-17,2025-07-17,176,ANTIPODE MJC RENNES,ANTIPODE,Activé,3639,ROLE_SIB,77774999500018,35000,RENNES,Ille-et-Vilaine,Bretagne,,3-1019092,422933,declaration_403_2025_2,2025-04-26,CLOTURE,,false,,,,,,,,,,,,,,13768,ANTIPODE,Antipode - PARVIS AGNÈS VARDA,75 AVENUE JULES MANIEZ,35000,RENNES,,35,Ille-et-Vilaine,2022-05-04,VALIDE,3639,5238,
2025-02-05,2025-02-05,3284,COMEDIE DE RENNES,,Activé,4315,ROLE_SIB,90319904000010,35700,RENNES,Ille-et-Vilaine,Bretagne,,PLATESV-D-2022-003733,401312,/event_dates/1813194,2025-04-26,CLOTURE,,false,,,,,,,,,,,,,,14581,COMÉDIE DE RENNES,,31 RUE XAVIER GRALL,35700,RENNES,,35,Ille-et-Vilaine,2022-06-24,VALIDE,4314,,
2025-04-29,2025-04-29,1521,MJC BREQUIGNY,MJC Bréquigny,Activé,1928,ROLE_DECLARANT1,30549267000016,35200,RENNES,Ille-et-Vilaine,Bretagne,DOS20192213,1-1119457,400703,,2025-04-24,CLOTURE,,false,,,,,,,,,,,,,,8960,MJC BREQUIGNY,,15  AV  GEORGES GRAFF,35200,RENNES,30549267000024,35,Ille-et-Vilaine,2020-11-16,VALIDE,1928,,
2025-02-07,2025-02-07,3063,LE GRAND CORDEL MAISON DES JEUNES ET DE LA CULTURE,Association,Activé,5994,ROLE_DECLARANT2,77774992000024,35700,RENNES,Ille-et-Vilaine,Bretagne,DOS20196625,1-1039842,417227,,2025-04-24,CLOTURE,,false,,,,,,,,,,,,,,3354,LE GRAND CORDEL MAISON DES JEUNES ET DE LA CULTURE,,18  RUE  DES PLANTES,35700,RENNES,77774992000024,35,Ille-et-Vilaine,2018-06-27,VALIDE,,,
2024-06-21,2024-06-21,3848,PARAPENTE,,Activé,5083,ROLE_DECLARANT1,79913195800024,35000,RENNES,Ille-et-Vilaine,Bretagne,65071,PLATESV-D-2021-001233,310477,,2024-02-28,CLOTURE,,false,,,,,,,,,,,,,,8769,THÉÂTRE LE TRIANON,,6 RUE FRANKLIN,33000,BORDEAUX,,33,Gironde,2020-10-21,VALIDE,1846,,
2025-07-18,2025-07-18,542,ASSOCIATION TRANS MUSICALES,ATM,Activé,597,ROLE_DECLARANT1,33886426700020,35000,RENNES,Ille-et-Vilaine,Bretagne,,3-1032090,423163,,2025-04-23,CLOTURE,,false,,,,,,,,,,,,,,5761,UBU,,10/12 RUE JEAN GUY CS 73912,35039,RENNES CEDEX,33886426700020,35,Ille-et-Vilaine,2019-02-21,VALIDE,,,
2024-04-25,2024-04-25,2529,ROCK TYMPANS,La Route du Rock,Activé,3205,ROLE_DECLARANT1,38165849100059,35000,RENNES,Ille-et-Vilaine,Bretagne,51900,PLATESV-R-2020-009107,296518,,2024-02-28,CLOTURE,,false,,,1282,La Route du Rock,SAINT-MALO,35400,2021-09-30,VALIDE,3205,,,,,,,,,,,,,,,,,,
2024-04-24,2024-04-24,176,ANTIPODE MJC RENNES,ANTIPODE,Activé,3639,ROLE_SIB,77774999500018,35000,RENNES,Ille-et-Vilaine,Bretagne,,3-1019092,295667,event_543,2024-01-24,CLOTURE,,false,,,,,,,,,,,,,,13768,ANTIPODE,Antipode - PARVIS AGNÈS VARDA,75 AVENUE JULES MANIEZ,35000,RENNES,,35,Ille-et-Vilaine,2022-05-04,VALIDE,3639,5238,
2024-04-15,2024-04-15,3255,LE CARRE MAGIQUE,FESTIVAL INTERNATIONAL VIVE LA MAGIE,Activé,4271,ROLE_DECLARANT1,75367092600033,35000,RENNES,Ille-et-Vilaine,Bretagne,93877,PLATESV-R-2022-001102,291499,,2024-01-20,CLOTURE,,false,,,,,,,,,,,,,,7574,THEATRE FEMINA,,10 RUE DE GRASSI,33000,BORDEAUX,,33,Gironde,2020-01-22,VALIDE,716,,
2024-01-02,2024-01-02,610,COMMUNE DE CHARTRES DE BRETAGNE,MAIRIE,Activé,638,ROLE_DECLARANT1,21350066300017,35131,CHARTRES DE BRETAGNE,Ille-et-Vilaine,Bretagne,DOS20179174,1-1107987,269289,,2024-01-18,CLOTURE,,false,,,,,,,,,,,,,,7572,CENTRE CULTUREL PÔLE SUD,,RUE DE LA CONTERIE,35131,CHARTRES-DE-BRETAGNE,,35,Ille-et-Vilaine,2020-01-22,VALIDE,638,,
2024-10-04,2024-10-04,3820,THEATRE L'AIRE LIBRE,,Activé,5626,ROLE_DECLARANT1,92262510800019,35136,SAINT-JACQUES-DE-LA-LANDE,Ille-et-Vilaine,Bretagne,,PLATESV-D-2023-000211,289083,,2024-01-18,CLOTURE,,false,,,,,,,,,,,,2807,L'AIRE LIBRE,18263,THÉÂTRE L'AIRE LIBRE,,2 PLACE JULES VALLÈS,35136,SAINT-JACQUES-DE-LA-LANDE,,35,Ille-et-Vilaine,2023-05-22,FUSIONNE,5047,,
2024-01-20,2024-01-20,3284,COMEDIE DE RENNES,,Activé,4315,ROLE_SIB,90319904000010,35700,RENNES,Ille-et-Vilaine,Bretagne,,PLATESV-D-2022-003733,266364,/event_dates/1247193,2024-01-14,CLOTURE,,false,,,,,,,,,,,,,,14581,COMÉDIE DE RENNES,,31 RUE XAVIER GRALL,35700,RENNES,,35,Ille-et-Vilaine,2022-06-24,VALIDE,4314,,
2024-01-20,2024-01-20,3284,COMEDIE DE RENNES,,Activé,4315,ROLE_SIB,90319904000010,35700,RENNES,Ille-et-Vilaine,Bretagne,,PLATESV-D-2022-003733,266361,/event_dates/1247179,2024-01-14,CLOTURE,,false,,,,,,,,,,,,,,14581,COMÉDIE DE RENNES,,31 RUE XAVIER GRALL,35700,RENNES,,35,Ille-et-Vilaine,2022-06-24,VALIDE,4314,,
2024-01-19,2024-01-19,3780,LA PAILLETTE,,Activé,5001,ROLE_SIB,77774969800034,35000,RENNES,Ille-et-Vilaine,Bretagne,52745,PLATESV-R-2020-009633,265961,/event_dates/890065,2024-01-13,CLOTURE,,false,,,,,,,,,,,,2868,ASS MJC LA PAILLETTE,9054,LA PAILLETTE,,2 RUE DU PRÉ DE BRIS,35000,RENNES,,35,Ille-et-Vilaine,2020-11-30,FUSIONNE,1551,89,
2024-01-13,2024-01-13,3284,COMEDIE DE RENNES,,Activé,4315,ROLE_SIB,90319904000010,35700,RENNES,Ille-et-Vilaine,Bretagne,,PLATESV-D-2022-003733,262932,/event_dates/1051072,2024-07-01,CLOTURE,,false,,,,,,,,,,,,,,14581,COMÉDIE DE RENNES,,31 RUE XAVIER GRALL,35700,RENNES,,35,Ille-et-Vilaine,2022-06-24,VALIDE,4314,,
2024-11-01,2024-11-01,3284,COMEDIE DE RENNES,,Activé,4315,ROLE_SIB,90319904000010,35700,RENNES,Ille-et-Vilaine,Bretagne,,PLATESV-D-2022-003733,261825,/event_dates/1051058,2024-05-01,CLOTURE,,false,,,,,,,,,,,,,,14581,COMÉDIE DE RENNES,,31 RUE XAVIER GRALL,35700,RENNES,,35,Ille-et-Vilaine,2022-06-24,VALIDE,4314,,
2024-08-01,2024-08-01,3284,COMEDIE DE RENNES,,Activé,4315,ROLE_SIB,90319904000010,35700,RENNES,Ille-et-Vilaine,Bretagne,,PLATESV-D-2022-003733,260172,/event_dates/1051037,2024-02-01,CLOTURE,,false,,,,,,,,,,,,,,14581,COMÉDIE DE RENNES,,31 RUE XAVIER GRALL,35700,RENNES,,35,Ille-et-Vilaine,2022-06-24,VALIDE,4314,,
2024-01-17,2024-01-17,2934,COMMUNE DE RENNES,OPERA DE RENNES,Activé,3842,ROLE_DECLARANT1,21350238800076,35000,RENNES,Ille-et-Vilaine,Bretagne,84250,PLATESV-R-2021-012024,265296,,2023-12-29,CLOTURE,,false,,,,,,,,,,,,,,503,COMMUNE DE RENNES,,PL  DE LA MAIRIE,35000,RENNES,21350238800019,35,Ille-et-Vilaine,2018-06-27,VALIDE,,,
2024-03-01,2024-03-01,3284,COMEDIE DE RENNES,,Activé,4315,ROLE_SIB,90319904000010,35700,RENNES,Ille-et-Vilaine,Bretagne,,PLATESV-D-2022-003733,259084,/event_dates/1116873,2023-12-28,CLOTURE,,false,,,,,,,,,,,,,,14581,COMÉDIE DE RENNES,,31 RUE XAVIER GRALL,35700,RENNES,,35,Ille-et-Vilaine,2022-06-24,VALIDE,4314,,
2024-01-01,2024-01-01,3284,COMEDIE DE RENNES,,Activé,4315,ROLE_SIB,90319904000010,35700,RENNES,Ille-et-Vilaine,Bretagne,,PLATESV-D-2022-003733,258732,/event_dates/1116859,2023-12-26,CLOTURE,,false,,,,,,,,,,,,,,14581,COMÉDIE DE RENNES,,31 RUE XAVIER GRALL,35700,RENNES,,35,Ille-et-Vilaine,2022-06-24,VALIDE,4314,,
2024-01-19,2024-01-19,1291,ASSOCIATION LILLICO,,Activé,1551,ROLE_SIB,78975485000038,35000,RENNES,Ille-et-Vilaine,Bretagne,,PLATESV-D-2020-000183,266091,2173,2023-12-22,CLOTURE,,false,,,,,,,,,,,,,,16849,SALLE GUY ROPARTZ,,14 RUE GUY ROPARTZ,35700,RENNES,,35,Ille-et-Vilaine,2023-01-16,VALIDE,1551,,
2024-09-01,2024-09-01,58,THEATRE NATIONAL DE BRETAGNE - T.N.B. CENTRE EUROPEEN DE PRODUCTION THEATRALE ET CHOREGRAPHIQUE,THEATRE NATIONAL DE BRETAGNE - T.N.B.,Activé,53,ROLE_DECLARANT1,37921397800016,35000,RENNES,Ille-et-Vilaine,Bretagne,,3-1099111,260840,,2023-12-19,CLOTURE,,false,,,,,,,,,,,,,,20426,TNB,,1 RUE SAINT-HÉLIER,35000,RENNES,,35,Ille-et-Vilaine,2024-09-01,VALIDE,53,5238,
2023-12-22,2023-12-22,3284,COMEDIE DE RENNES,,Activé,4315,ROLE_SIB,90319904000010,35700,RENNES,Ille-et-Vilaine,Bretagne,,PLATESV-D-2022-003733,257380,/event_dates/1148933,2023-12-16,CLOTURE,,false,,,,,,,,,,,,,,14581,COMÉDIE DE RENNES,,31 RUE XAVIER GRALL,35700,RENNES,,35,Ille-et-Vilaine,2022-06-24,VALIDE,4314,,
2024-02-13,2024-02-13,654,CENTRE CHOREGRAPHIQUE NATIONAL DE RENNES ET DE BRETAGNE,FAIRE CCN RENNES,Activé,689,ROLE_DECLARANT1,31464796700020,35000,RENNES,Ille-et-Vilaine,Bretagne,DOS20181231,1-1110488,272471,,2023-12-14,CLOTURE,,false,,,,,,,,,,,,,,5794,CCNRB,,38 RUE SAINT MELAINE CS 20831,35108,RENNES CEDEX,31464796700020,35,Ille-et-Vilaine,2019-02-26,VALIDE,,,
2023-12-21,2023-12-21,572,CENTRE CULTUREL TRIANGLE,LE TRIANGLE,Activé,631,ROLE_DECLARANT1,32327735000035,35200,RENNES,Ille-et-Vilaine,Bretagne,,3-1014237,256927,,2023-12-13,CLOTURE,,false,,,,,,,,,,,,,,2390,CENTRE CULTUREL TRIANGLE,,BD  DE YOUGOSLAVIE,35200,RENNES,32327735000035,35,Ille-et-Vilaine,2018-06-27,VALIDE,,,
2025-07-16,2025-07-16,5328,ASSOCIATION FIGURE PROJECT,FIGURE PROJECT,Activé,7123,ROLE_DECLARANT1,50842428000032,35200,RENNES,Ille-et-Vilaine,Bretagne,PLATESV-R-2021-014531,PLATESV-R-2021-014531,422532,,2025-06-20,CLOTURE,,true,,,4222,EXTENSION SAUVAGE,COMBOURG,35270,2025-03-13,VALIDE,7123,,,,,26620,ESPACE PUBLIC DE COMBOURG,,5 RUE DE LINON,35270,COMBOURG,,35,Ille-et-Vilaine,2025-07-16,VALIDE,7123,,
2025-03-19,2025-03-19,3780,LA PAILLETTE,,Activé,5001,ROLE_SIB,77774969800034,35000,RENNES,Ille-et-Vilaine,Bretagne,52745,PLATESV-R-2020-009633,380239,/event_dates/1397434,2025-03-13,CLOTURE,,true,,,,,,,,,,,,2868,ASS MJC LA PAILLETTE,9054,LA PAILLETTE,,2 RUE DU PRÉ DE BRIS,35000,RENNES,,35,Ille-et-Vilaine,2020-11-30,FUSIONNE,1551,89,
2025-06-21,2025-06-21,58,THEATRE NATIONAL DE BRETAGNE - T.N.B. CENTRE EUROPEEN DE PRODUCTION THEATRALE ET CHOREGRAPHIQUE,THEATRE NATIONAL DE BRETAGNE - T.N.B.,Activé,53,ROLE_DECLARANT1,37921397800016,35000,RENNES,Ille-et-Vilaine,Bretagne,,3-1099111,414282,,2025-11-06,CLOTURE,,false,,,,,,,,,,,,,,20426,TNB,,1 RUE SAINT-HÉLIER,35000,RENNES,,35,Ille-et-Vilaine,2024-09-01,VALIDE,53,5238,
2025-07-17,2025-07-17,176,ANTIPODE MJC RENNES,ANTIPODE,Activé,3639,ROLE_SIB,77774999500018,35000,RENNES,Ille-et-Vilaine,Bretagne,,3-1019092,422926,declaration_433_2025_2,2025-07-06,CLOTURE,,false,,,,,,,,,,,,,,13768,ANTIPODE,Antipode - PARVIS AGNÈS VARDA,75 AVENUE JULES MANIEZ,35000,RENNES,,35,Ille-et-Vilaine,2022-05-04,VALIDE,3639,5238,
2025-06-13,2025-06-13,3780,LA PAILLETTE,,Activé,5001,ROLE_SIB,77774969800034,35000,RENNES,Ille-et-Vilaine,Bretagne,52745,PLATESV-R-2020-009633,412287,/event_dates/1949267,2025-07-06,CLOTURE,,false,,,,,,,,,,,,2868,ASS MJC LA PAILLETTE,9054,LA PAILLETTE,,2 RUE DU PRÉ DE BRIS,35000,RENNES,,35,Ille-et-Vilaine,2020-11-30,FUSIONNE,1551,89,
2025-07-04,2025-07-04,542,ASSOCIATION TRANS MUSICALES,ATM,Activé,597,ROLE_DECLARANT1,33886426700020,35000,RENNES,Ille-et-Vilaine,Bretagne,,3-1032090,388881,,2024-07-11,CLOTURE,,false,,,224,Festival Trans Musicales,RENNES,35000,2018-06-27,VALIDE,,,,,,7843,UBU,,1 RUE SAINT-HÉLIER,35000,RENNES,,35,Ille-et-Vilaine,2020-02-26,VALIDE,597,,
2025-06-01,2025-06-01,572,CENTRE CULTUREL TRIANGLE,LE TRIANGLE,Activé,631,ROLE_DECLARANT1,32327735000035,35200,RENNES,Ille-et-Vilaine,Bretagne,,3-1014237,354099,,2024-07-11,CLOTURE,,false,,,,,,,,,,,,,,2390,CENTRE CULTUREL TRIANGLE,,BD  DE YOUGOSLAVIE,35200,RENNES,32327735000035,35,Ille-et-Vilaine,2018-06-27,VALIDE,,,
2025-01-18,2025-01-18,2934,COMMUNE DE RENNES,OPERA DE RENNES,Activé,3842,ROLE_DECLARANT1,21350238800076,35000,RENNES,Ille-et-Vilaine,Bretagne,84250,PLATESV-R-2021-012024,358915,,2024-07-11,CLOTURE,,false,,,,,,,,,,,,,,503,COMMUNE DE RENNES,,PL  DE LA MAIRIE,35000,RENNES,21350238800019,35,Ille-et-Vilaine,2018-06-27,VALIDE,,,
2025-03-06,2025-03-06,58,THEATRE NATIONAL DE BRETAGNE - T.N.B. CENTRE EUROPEEN DE PRODUCTION THEATRALE ET CHOREGRAPHIQUE,THEATRE NATIONAL DE BRETAGNE - T.N.B.,Activé,53,ROLE_DECLARANT1,37921397800016,35000,RENNES,Ille-et-Vilaine,Bretagne,,3-1099111,409902,,2025-05-27,CLOTURE,,false,2716,Transforme / New Settings,3440,FESTIVAL TRANSFORME,RENNES,35000,2024-06-27,FUSIONNE,53,,,,,20426,TNB,,1 RUE SAINT-HÉLIER,35000,RENNES,,35,Ille-et-Vilaine,2024-09-01,VALIDE,53,5238,
2025-07-04,2025-07-04,542,ASSOCIATION TRANS MUSICALES,ATM,Activé,597,ROLE_DECLARANT1,33886426700020,35000,RENNES,Ille-et-Vilaine,Bretagne,,3-1032090,388794,,2024-04-11,CLOTURE,,false,,,,,,,,,,,,,,7843,UBU,,1 RUE SAINT-HÉLIER,35000,RENNES,,35,Ille-et-Vilaine,2020-02-26,VALIDE,597,,
2025-05-02,2025-05-02,176,ANTIPODE MJC RENNES,ANTIPODE,Activé,3639,ROLE_SIB,77774999500018,35000,RENNES,Ille-et-Vilaine,Bretagne,,3-1019092,366279,declaration_303_2024_4,2024-02-11,CLOTURE,,false,,,,,,,,,,,,,,13768,ANTIPODE,Antipode - PARVIS AGNÈS VARDA,75 AVENUE JULES MANIEZ,35000,RENNES,,35,Ille-et-Vilaine,2022-05-04,VALIDE,3639,5238,
2024-12-11,2024-12-11,3284,COMEDIE DE RENNES,,Activé,4315,ROLE_SIB,90319904000010,35700,RENNES,Ille-et-Vilaine,Bretagne,,PLATESV-D-2022-003733,340709,/event_dates/1662967,2024-02-11,CLOTURE,,false,,,,,,,,,,,,,,14581,COMÉDIE DE RENNES,,31 RUE XAVIER GRALL,35700,RENNES,,35,Ille-et-Vilaine,2022-06-24,VALIDE,4314,,
2025-05-30,2025-05-30,3780,LA PAILLETTE,,Activé,5001,ROLE_SIB,77774969800034,35000,RENNES,Ille-et-Vilaine,Bretagne,52745,PLATESV-R-2020-009633,408869,/event_dates/1948511,2025-05-24,CLOTURE,,false,,,,,,,,,,,,2868,ASS MJC LA PAILLETTE,9054,LA PAILLETTE,,2 RUE DU PRÉ DE BRIS,35000,RENNES,,35,Ille-et-Vilaine,2020-11-30,FUSIONNE,1551,89,
2025-05-14,2025-05-14,176,ANTIPODE MJC RENNES,ANTIPODE,Activé,3639,ROLE_SIB,77774999500018,35000,RENNES,Ille-et-Vilaine,Bretagne,,3-1019092,405028,declaration_268_2025_1,2025-08-03,CLOTURE,,false,,,,,,,,,,,,,,13768,ANTIPODE,Antipode - PARVIS AGNÈS VARDA,75 AVENUE JULES MANIEZ,35000,RENNES,,35,Ille-et-Vilaine,2022-05-04,VALIDE,3639,5238,
2024-12-11,2024-12-11,3284,COMEDIE DE RENNES,,Activé,4315,ROLE_SIB,90319904000010,35700,RENNES,Ille-et-Vilaine,Bretagne,,PLATESV-D-2022-003733,340404,/event_dates/1739589,2024-01-11,CLOTURE,,false,,,,,,,,,,,,,,14581,COMÉDIE DE RENNES,,31 RUE XAVIER GRALL,35700,RENNES,,35,Ille-et-Vilaine,2022-06-24,VALIDE,4314,,
2024-12-11,2024-12-11,3284,COMEDIE DE RENNES,,Activé,4315,ROLE_SIB,90319904000010,35700,RENNES,Ille-et-Vilaine,Bretagne,,PLATESV-D-2022-003733,340403,/event_dates/1700060,2024-10-31,CLOTURE,,false,,,,,,,,,,,,,,14581,COMÉDIE DE RENNES,,31 RUE XAVIER GRALL,35700,RENNES,,35,Ille-et-Vilaine,2022-06-24,VALIDE,4314,,
2024-12-11,2024-12-11,3284,COMEDIE DE RENNES,,Activé,4315,ROLE_SIB,90319904000010,35700,RENNES,Ille-et-Vilaine,Bretagne,,PLATESV-D-2022-003733,340657,/event_dates/1662918,2024-10-30,CLOTURE,,false,,,,,,,,,,,,,,14581,COMÉDIE DE RENNES,,31 RUE XAVIER GRALL,35700,RENNES,,35,Ille-et-Vilaine,2022-06-24,VALIDE,4314,,
2025-03-14,2025-03-14,1291,ASSOCIATION LILLICO,,Activé,6234,ROLE_SIB,78975485000038,35000,RENNES,Ille-et-Vilaine,Bretagne,,PLATESV-D-2020-000183,378752,/event_dates/1493152,2025-08-03,CLOTURE,,false,,,,,,,,,,,,,,16849,SALLE GUY ROPARTZ,,14 RUE GUY ROPARTZ,35700,RENNES,,35,Ille-et-Vilaine,2023-01-16,VALIDE,1551,,
2024-12-11,2024-12-11,3284,COMEDIE DE RENNES,,Activé,4315,ROLE_SIB,90319904000010,35700,RENNES,Ille-et-Vilaine,Bretagne,,PLATESV-D-2022-003733,340656,/event_dates/1662911,2024-10-29,CLOTURE,,false,,,,,,,,,,,,,,14581,COMÉDIE DE RENNES,,31 RUE XAVIER GRALL,35700,RENNES,,35,Ille-et-Vilaine,2022-06-24,VALIDE,4314,,
2024-12-11,2024-12-11,3284,COMEDIE DE RENNES,,Activé,4315,ROLE_SIB,90319904000010,35700,RENNES,Ille-et-Vilaine,Bretagne,,PLATESV-D-2022-003733,340411,/event_dates/1662890,2024-10-29,CLOTURE,,false,,,,,,,,,,,,,,14581,COMÉDIE DE RENNES,,31 RUE XAVIER GRALL,35700,RENNES,,35,Ille-et-Vilaine,2022-06-24,VALIDE,4314,,
2024-12-11,2024-12-11,3284,COMEDIE DE RENNES,,Activé,4315,ROLE_SIB,90319904000010,35700,RENNES,Ille-et-Vilaine,Bretagne,,PLATESV-D-2022-003733,340655,/event_dates/1662904,2024-10-28,CLOTURE,,false,,,,,,,,,,,,,,14581,COMÉDIE DE RENNES,,31 RUE XAVIER GRALL,35700,RENNES,,35,Ille-et-Vilaine,2022-06-24,VALIDE,4314,,
2025-03-06,2025-03-06,58,THEATRE NATIONAL DE BRETAGNE - T.N.B. CENTRE EUROPEEN DE PRODUCTION THEATRALE ET CHOREGRAPHIQUE,THEATRE NATIONAL DE BRETAGNE - T.N.B.,Activé,53,ROLE_DECLARANT1,37921397800016,35000,RENNES,Ille-et-Vilaine,Bretagne,,3-1099111,409898,,2025-05-21,CLOTURE,,false,2716,Transforme / New Settings,3440,FESTIVAL TRANSFORME,RENNES,35000,2024-06-27,FUSIONNE,53,,,,,20426,TNB,,1 RUE SAINT-HÉLIER,35000,RENNES,,35,Ille-et-Vilaine,2024-09-01,VALIDE,53,5238,
2025-07-04,2025-07-04,542,ASSOCIATION TRANS MUSICALES,ATM,Activé,597,ROLE_DECLARANT1,33886426700020,35000,RENNES,Ille-et-Vilaine,Bretagne,,3-1032090,388866,,2025-03-14,CLOTURE,,false,,,,,,,,,,,,,,7843,UBU,,1 RUE SAINT-HÉLIER,35000,RENNES,,35,Ille-et-Vilaine,2020-02-26,VALIDE,597,,
2024-12-11,2024-12-11,3284,COMEDIE DE RENNES,,Activé,4315,ROLE_SIB,90319904000010,35700,RENNES,Ille-et-Vilaine,Bretagne,,PLATESV-D-2022-003733,340389,/event_dates/1743593,2024-10-26,CLOTURE,,false,,,,,,,,,,,,,,14581,COMÉDIE DE RENNES,,31 RUE XAVIER GRALL,35700,RENNES,,35,Ille-et-Vilaine,2022-06-24,VALIDE,4314,,
2024-11-27,2024-11-27,176,ANTIPODE MJC RENNES,ANTIPODE,Activé,3639,ROLE_SIB,77774999500018,35000,RENNES,Ille-et-Vilaine,Bretagne,,3-1019092,344199,event_598,2024-10-25,CLOTURE,,false,,,,,,,,,,,,,,13768,ANTIPODE,Antipode - PARVIS AGNÈS VARDA,75 AVENUE JULES MANIEZ,35000,RENNES,,35,Ille-et-Vilaine,2022-05-04,VALIDE,3639,5238,
2025-03-31,2025-03-31,572,CENTRE CULTUREL TRIANGLE,LE TRIANGLE,Activé,631,ROLE_DECLARANT1,32327735000035,35200,RENNES,Ille-et-Vilaine,Bretagne,,3-1014237,384466,,2025-03-13,CLOTURE,,false,,,,,,,,,,,,,,2390,CENTRE CULTUREL TRIANGLE,,BD  DE YOUGOSLAVIE,35200,RENNES,32327735000035,35,Ille-et-Vilaine,2018-06-27,VALIDE,,,
2025-02-04,2025-02-04,1416,COMMUNE DE BRUZ,LE GRAND LOGIS - VILLE DE BRUZ,Activé,1831,ROLE_SIB,21350047300151,35170,BRUZ,Ille-et-Vilaine,Bretagne,DOS20187008,1-1114454,386755,312,2025-06-03,CLOTURE,,false,,,,,,,,,,,,,,2089,COMMUNE DE BRUZ,,10  AV  DU GENERAL DE GAULLE,35170,BRUZ,21350047300151,35,Ille-et-Vilaine,2018-06-27,VALIDE,,,
2025-02-04,2025-02-04,1416,COMMUNE DE BRUZ,LE GRAND LOGIS - VILLE DE BRUZ,Activé,1831,ROLE_SIB,21350047300151,35170,BRUZ,Ille-et-Vilaine,Bretagne,DOS20187008,1-1114454,386758,321,2025-12-03,CLOTURE,,false,,,,,,,,,,,,,,2089,COMMUNE DE BRUZ,,10  AV  DU GENERAL DE GAULLE,35170,BRUZ,21350047300151,35,Ille-et-Vilaine,2018-06-27,VALIDE,,,
2024-12-17,2024-12-17,1291,ASSOCIATION LILLICO,,Activé,6234,ROLE_SIB,78975485000038,35000,RENNES,Ille-et-Vilaine,Bretagne,,PLATESV-D-2020-000183,349319,/event_dates/1405589,2024-10-23,CLOTURE,,false,,,,,,,,,,,,,,16849,SALLE GUY ROPARTZ,,14 RUE GUY ROPARTZ,35700,RENNES,,35,Ille-et-Vilaine,2023-01-16,VALIDE,1551,,
2024-12-17,2024-12-17,1291,ASSOCIATION LILLICO,,Activé,6234,ROLE_SIB,78975485000038,35000,RENNES,Ille-et-Vilaine,Bretagne,,PLATESV-D-2020-000183,349322,/event_dates/1405358,2024-10-22,CLOTURE,,false,,,,,,,,,,,,,,16849,SALLE GUY ROPARTZ,,14 RUE GUY ROPARTZ,35700,RENNES,,35,Ille-et-Vilaine,2023-01-16,VALIDE,1551,,
2024-12-17,2024-12-17,1291,ASSOCIATION LILLICO,,Activé,6234,ROLE_SIB,78975485000038,35000,RENNES,Ille-et-Vilaine,Bretagne,,PLATESV-D-2020-000183,349323,/event_dates/1405806,2024-10-22,CLOTURE,,false,,,,,,,,,,,,,,9051,MAISON DE QUARTIER DE LA BELLANGERAIS,,5 RUE DU MORBIHAN,35700,RENNES,,35,Ille-et-Vilaine,2020-11-30,VALIDE,1551,89,
2024-12-17,2024-12-17,1291,ASSOCIATION LILLICO,,Activé,6234,ROLE_SIB,78975485000038,35000,RENNES,Ille-et-Vilaine,Bretagne,,PLATESV-D-2020-000183,349312,/event_dates/1405533,2024-10-21,CLOTURE,,false,,,,,,,,,,,,,,16849,SALLE GUY ROPARTZ,,14 RUE GUY ROPARTZ,35700,RENNES,,35,Ille-et-Vilaine,2023-01-16,VALIDE,1551,,
2024-12-17,2024-12-17,1291,ASSOCIATION LILLICO,,Activé,6234,ROLE_SIB,78975485000038,35000,RENNES,Ille-et-Vilaine,Bretagne,,PLATESV-D-2020-000183,349309,/event_dates/1405519,2024-10-21,CLOTURE,,false,,,,,,,,,,,,,,16849,SALLE GUY ROPARTZ,,14 RUE GUY ROPARTZ,35700,RENNES,,35,Ille-et-Vilaine,2023-01-16,VALIDE,1551,,
2024-03-12,2024-03-12,3842,LA COMPAGNIE PRIMITIF,,Activé,5077,ROLE_DECLARANT1,80830433100032,35000,RENNES,Ille-et-Vilaine,Bretagne,80021,PLATESV-R-2021-009953,345551,,2024-10-20,CLOTURE,,false,,,3081,Rennes Storming Festival,RENNES,35000,2023-05-12,VALIDE,5077,,,,,20144,STADE ROBERT POIRIER,,6 AVENUE DU PROFESSEUR LÉON BERNARD,35000,RENNES,,35,Ille-et-Vilaine,2023-05-12,VALIDE,5077,,
2025-03-31,2025-03-31,2641,MAISON DES JEUNES ET CULTURE DE PACE,,Activé,3356,ROLE_SIB,30593736900026,35740,PACE,Ille-et-Vilaine,Bretagne,31372,PLATESV-R-2020-000949,384564,217,2024-10-19,CLOTURE,,false,,,,,,,,,,,,,,11393,ESCAPADE,,6 AVENUE CHARLES LE GOFFIC,35740,PACÉ,,35,Ille-et-Vilaine,2021-09-24,VALIDE,3356,5239,
2025-03-25,2025-03-25,2934,COMMUNE DE RENNES,OPERA DE RENNES,Activé,3842,ROLE_DECLARANT1,21350238800076,35000,RENNES,Ille-et-Vilaine,Bretagne,84250,PLATESV-R-2021-012024,383078,,2025-08-03,CLOTURE,,false,,,,,,,,,,,,,,503,COMMUNE DE RENNES,,PL  DE LA MAIRIE,35000,RENNES,21350238800019,35,Ille-et-Vilaine,2018-06-27,VALIDE,,,
2025-07-04,2025-07-04,542,ASSOCIATION TRANS MUSICALES,ATM,Activé,597,ROLE_DECLARANT1,33886426700020,35000,RENNES,Ille-et-Vilaine,Bretagne,,3-1032090,388863,,2025-04-03,CLOTURE,,false,,,,,,,,,,,,,,7843,UBU,,1 RUE SAINT-HÉLIER,35000,RENNES,,35,Ille-et-Vilaine,2020-02-26,VALIDE,597,,
2025-03-31,2025-03-31,2641,MAISON DES JEUNES ET CULTURE DE PACE,,Activé,3356,ROLE_SIB,30593736900026,35740,PACE,Ille-et-Vilaine,Bretagne,31372,PLATESV-R-2020-000949,384563,216,2024-10-18,CLOTURE,,false,,,,,,,,,,,,,,11393,ESCAPADE,,6 AVENUE CHARLES LE GOFFIC,35740,PACÉ,,35,Ille-et-Vilaine,2021-09-24,VALIDE,3356,5239,
2025-03-02,2025-03-02,1125,CARTEL CONCERTS,,Activé,1278,ROLE_DECLARANT1,80023696000038,35200,RENNES,Ille-et-Vilaine,Bretagne,DOS20168997,3-1072466,365361,,2024-10-17,CLOTURE,,false,,,,,,,,,,,,,,2674,ANTIPODE MJC RENNES,,2  RUE  ANDRE TRASBOT,35000,RENNES,77774999500018,35,Ille-et-Vilaine,2018-06-27,VALIDE,89,89,
2024-12-17,2024-12-17,1291,ASSOCIATION LILLICO,,Activé,6234,ROLE_SIB,78975485000038,35000,RENNES,Ille-et-Vilaine,Bretagne,,PLATESV-D-2020-000183,349294,/event_dates/1405722,2024-10-17,CLOTURE,,false,,,,,,,,,,,,,,9051,MAISON DE QUARTIER DE LA BELLANGERAIS,,5 RUE DU MORBIHAN,35700,RENNES,,35,Ille-et-Vilaine,2020-11-30,VALIDE,1551,89,
2024-12-21,2024-12-21,1584,ORCHESTRE NATIONAL DE BRETAGNE,ORCHESTRE NATIONAL DE BRETAGNE,Activé,5671,ROLE_DECLARANT2,35010209100021,35000,RENNES,Ille-et-Vilaine,Bretagne,DOS20183137,2-1054646,351795,,2024-10-17,CLOTURE,,false,,,,,,,,,,,,,,9345,OPÉRA DE RENNES,Opéra de Rennes,PLACE DE LA MAIRIE,35000,RENNES,,35,Ille-et-Vilaine,2021-06-01,VALIDE,2015,89,Adresse
2025-03-02,2025-03-02,1125,CARTEL CONCERTS,,Activé,1278,ROLE_DECLARANT1,80023696000038,35200,RENNES,Ille-et-Vilaine,Bretagne,DOS20168997,3-1072466,365352,,2024-10-16,CLOTURE,,false,,,,,,,,,,,,2057,SARL LE FERRAILLEUR,7102,LE FERRAILLEUR,,QUAI DES ANTILLES,44200,NANTES,,44,Loire-Atlantique,2020-02-01,FUSIONNE,1088,,
2025-11-03,2025-11-03,1291,ASSOCIATION LILLICO,,Activé,6234,ROLE_SIB,78975485000038,35000,RENNES,Ille-et-Vilaine,Bretagne,,PLATESV-D-2020-000183,377495,/event_dates/1493068,2025-05-03,CLOTURE,,false,,,,,,,,,,,,,,16849,SALLE GUY ROPARTZ,,14 RUE GUY ROPARTZ,35700,RENNES,,35,Ille-et-Vilaine,2023-01-16,VALIDE,1551,,
2024-10-22,2024-10-22,3780,LA PAILLETTE,,Activé,5001,ROLE_SIB,77774969800034,35000,RENNES,Ille-et-Vilaine,Bretagne,52745,PLATESV-R-2020-009633,337235,/event_dates/1397259,2024-10-16,CLOTURE,,true,,,,,,,,,,,,2868,ASS MJC LA PAILLETTE,9054,LA PAILLETTE,,2 RUE DU PRÉ DE BRIS,35000,RENNES,,35,Ille-et-Vilaine,2020-11-30,FUSIONNE,1551,89,
2025-02-04,2025-02-04,1416,COMMUNE DE BRUZ,LE GRAND LOGIS - VILLE DE BRUZ,Activé,1831,ROLE_SIB,21350047300151,35170,BRUZ,Ille-et-Vilaine,Bretagne,DOS20187008,1-1114454,386764,338,2025-04-03,CLOTURE,,false,,,,,,,,,,,,,,2089,COMMUNE DE BRUZ,,10  AV  DU GENERAL DE GAULLE,35170,BRUZ,21350047300151,35,Ille-et-Vilaine,2018-06-27,VALIDE,,,
2024-12-17,2024-12-17,1291,ASSOCIATION LILLICO,,Activé,6234,ROLE_SIB,78975485000038,35000,RENNES,Ille-et-Vilaine,Bretagne,,PLATESV-D-2020-000183,349291,/event_dates/1405715,2024-10-15,CLOTURE,,false,,,,,,,,,,,,,,9051,MAISON DE QUARTIER DE LA BELLANGERAIS,,5 RUE DU MORBIHAN,35700,RENNES,,35,Ille-et-Vilaine,2020-11-30,VALIDE,1551,89,
2024-12-17,2024-12-17,1291,ASSOCIATION LILLICO,,Activé,6234,ROLE_SIB,78975485000038,35000,RENNES,Ille-et-Vilaine,Bretagne,,PLATESV-D-2020-000183,349285,/event_dates/1398169,2024-10-15,CLOTURE,,false,,,,,,,,,,,,,,16849,SALLE GUY ROPARTZ,,14 RUE GUY ROPARTZ,35700,RENNES,,35,Ille-et-Vilaine,2023-01-16,VALIDE,1551,,
2025-04-17,2025-04-17,2529,ROCK TYMPANS,La Route du Rock,Activé,3205,ROLE_DECLARANT1,38165849100059,35000,RENNES,Ille-et-Vilaine,Bretagne,51900,PLATESV-R-2020-009107,396616,,2025-01-03,CLOTURE,,false,,,1282,La Route du Rock,SAINT-MALO,35400,2021-09-30,VALIDE,3205,,,,,,,,,,,,,,,,,,
2025-07-04,2025-07-04,542,ASSOCIATION TRANS MUSICALES,ATM,Activé,597,ROLE_DECLARANT1,33886426700020,35000,RENNES,Ille-et-Vilaine,Bretagne,,3-1032090,388781,,2024-10-13,CLOTURE,,true,,,,,,,,,,,,,,7843,UBU,,1 RUE SAINT-HÉLIER,35000,RENNES,,35,Ille-et-Vilaine,2020-02-26,VALIDE,597,,
2024-05-11,2024-05-11,610,COMMUNE DE CHARTRES DE BRETAGNE,MAIRIE,Activé,638,ROLE_DECLARANT1,21350066300017,35131,CHARTRES DE BRETAGNE,Ille-et-Vilaine,Bretagne,DOS20179174,1-1107987,339167,,2024-12-10,CLOTURE,,false,,,,,,,,,,,,,,7572,CENTRE CULTUREL PÔLE SUD,,RUE DE LA CONTERIE,35131,CHARTRES-DE-BRETAGNE,,35,Ille-et-Vilaine,2020-01-22,VALIDE,638,,
2024-07-13,2024-07-13,2934,COMMUNE DE RENNES,OPERA DE RENNES,Activé,3842,ROLE_DECLARANT1,21350238800076,35000,RENNES,Ille-et-Vilaine,Bretagne,84250,PLATESV-R-2021-012024,316204,,2024-04-20,CLOTURE,,false,,,,,,,,,,,,,,503,COMMUNE DE RENNES,,PL  DE LA MAIRIE,35000,RENNES,21350238800019,35,Ille-et-Vilaine,2018-06-27,VALIDE,,,
2025-06-01,2025-06-01,572,CENTRE CULTUREL TRIANGLE,LE TRIANGLE,Activé,631,ROLE_DECLARANT1,32327735000035,35200,RENNES,Ille-et-Vilaine,Bretagne,,3-1014237,354096,,2024-10-10,CLOTURE,,false,,,,,,,,,,,,,,2390,CENTRE CULTUREL TRIANGLE,,BD  DE YOUGOSLAVIE,35200,RENNES,32327735000035,35,Ille-et-Vilaine,2018-06-27,VALIDE,,,
2024-07-18,2024-07-18,654,CENTRE CHOREGRAPHIQUE NATIONAL DE RENNES ET DE BRETAGNE,FAIRE CCN RENNES,Activé,689,ROLE_DECLARANT1,31464796700020,35000,RENNES,Ille-et-Vilaine,Bretagne,DOS20181231,1-1110488,319146,,2024-04-18,CLOTURE,,false,,,,,,,,,,,,,,5794,CCNRB,,38 RUE SAINT MELAINE CS 20831,35108,RENNES CEDEX,31464796700020,35,Ille-et-Vilaine,2019-02-26,VALIDE,,,
2024-10-16,2024-10-16,542,ASSOCIATION TRANS MUSICALES,ATM,Activé,597,ROLE_DECLARANT1,33886426700020,35000,RENNES,Ille-et-Vilaine,Bretagne,,3-1032090,335508,,2024-09-10,CLOTURE,,false,,,,,,,,,,,,,,5761,UBU,,10/12 RUE JEAN GUY CS 73912,35039,RENNES CEDEX,33886426700020,35,Ille-et-Vilaine,2019-02-21,VALIDE,,,
2024-07-13,2024-07-13,2934,COMMUNE DE RENNES,OPERA DE RENNES,Activé,3842,ROLE_DECLARANT1,21350238800076,35000,RENNES,Ille-et-Vilaine,Bretagne,84250,PLATESV-R-2021-012024,316200,,2024-04-16,CLOTURE,,false,,,,,,,,,,,,,,503,COMMUNE DE RENNES,,PL  DE LA MAIRIE,35000,RENNES,21350238800019,35,Ille-et-Vilaine,2018-06-27,VALIDE,,,
2024-07-25,2024-07-25,2287,CENTRE DE PRODUCTION DES PAROLES CONTEMPORAINES,,Activé,3407,ROLE_SIB,41812021800049,35136,SAINT-JACQUES-DE-LA-LANDE,Ille-et-Vilaine,Bretagne,59859,PLATESV-R-2021-000431,321246,00130000000091,2024-04-14,CLOTURE,,false,,,2146,FESTIVAL MYTHOS,RENNES,35000,2022-11-10,VALIDE,3407,,,,,12004,CENTRE DE PRODUCTION DES PAROLES CONTEMPORAINES,,2  PL  JULES VALLES,35136,SAINT-JACQUES-DE-LA-LANDE,41812021800049,35,Ille-et-Vilaine,2021-10-25,VALIDE,3407,,
2024-11-06,2024-11-06,610,COMMUNE DE CHARTRES DE BRETAGNE,MAIRIE,Activé,638,ROLE_DECLARANT1,21350066300017,35131,CHARTRES DE BRETAGNE,Ille-et-Vilaine,Bretagne,DOS20179174,1-1107987,308220,,2024-05-31,CLOTURE,,false,,,,,,,,,,,,,,7572,CENTRE CULTUREL PÔLE SUD,,RUE DE LA CONTERIE,35131,CHARTRES-DE-BRETAGNE,,35,Ille-et-Vilaine,2020-01-22,VALIDE,638,,
2024-09-07,2024-09-07,3780,LA PAILLETTE,,Activé,5000,ROLE_DECLARANT1,77774969800034,35000,RENNES,Ille-et-Vilaine,Bretagne,52745,PLATESV-R-2020-009633,314911,,2024-05-31,CLOTURE,,false,2662,Les Envolées,3332,Festival Les Envolées,RENNES,35000,2024-04-19,FUSIONNE,5001,,,2868,ASS MJC LA PAILLETTE,9054,LA PAILLETTE,,2 RUE DU PRÉ DE BRIS,35000,RENNES,,35,Ille-et-Vilaine,2020-11-30,FUSIONNE,1551,89,
2024-07-24,2024-07-24,176,ANTIPODE MJC RENNES,ANTIPODE,Activé,3639,ROLE_SIB,77774999500018,35000,RENNES,Ille-et-Vilaine,Bretagne,,3-1019092,320803,event_570,2024-05-31,CLOTURE,,false,,,,,,,,,,,,,,13768,ANTIPODE,Antipode - PARVIS AGNÈS VARDA,75 AVENUE JULES MANIEZ,35000,RENNES,,35,Ille-et-Vilaine,2022-05-04,VALIDE,3639,5238,
2024-04-19,2024-05-16,3780,LA PAILLETTE,,Activé,5000,ROLE_DECLARANT1,77774969800034,35000,RENNES,Ille-et-Vilaine,Bretagne,52745,PLATESV-R-2020-009633,292584,/event_dates/890247,2024-04-13,CLOTURE,,false,,,2146,FESTIVAL MYTHOS,RENNES,35000,2022-11-10,VALIDE,3407,,,2868,ASS MJC LA PAILLETTE,9054,LA PAILLETTE,,2 RUE DU PRÉ DE BRIS,35000,RENNES,,35,Ille-et-Vilaine,2020-11-30,FUSIONNE,1551,89,
2024-07-25,2024-07-25,2287,CENTRE DE PRODUCTION DES PAROLES CONTEMPORAINES,,Activé,3407,ROLE_SIB,41812021800049,35136,SAINT-JACQUES-DE-LA-LANDE,Ille-et-Vilaine,Bretagne,59859,PLATESV-R-2021-000431,321243,00130000000087,2024-12-04,CLOTURE,,false,,,2146,FESTIVAL MYTHOS,RENNES,35000,2022-11-10,VALIDE,3407,,,,,12004,CENTRE DE PRODUCTION DES PAROLES CONTEMPORAINES,,2  PL  JULES VALLES,35136,SAINT-JACQUES-DE-LA-LANDE,41812021800049,35,Ille-et-Vilaine,2021-10-25,VALIDE,3407,,
2024-04-19,2024-05-16,3780,LA PAILLETTE,,Activé,5000,ROLE_DECLARANT1,77774969800034,35000,RENNES,Ille-et-Vilaine,Bretagne,52745,PLATESV-R-2020-009633,292582,/event_dates/890240,2024-12-04,CLOTURE,,false,,,2146,FESTIVAL MYTHOS,RENNES,35000,2022-11-10,VALIDE,3407,,,2868,ASS MJC LA PAILLETTE,9054,LA PAILLETTE,,2 RUE DU PRÉ DE BRIS,35000,RENNES,,35,Ille-et-Vilaine,2020-11-30,FUSIONNE,1551,89,
2024-07-25,2024-07-25,2287,CENTRE DE PRODUCTION DES PAROLES CONTEMPORAINES,,Activé,3407,ROLE_SIB,41812021800049,35136,SAINT-JACQUES-DE-LA-LANDE,Ille-et-Vilaine,Bretagne,59859,PLATESV-R-2021-000431,321238,00130000000083,2024-11-04,CLOTURE,,false,,,2146,FESTIVAL MYTHOS,RENNES,35000,2022-11-10,VALIDE,3407,,,,,12004,CENTRE DE PRODUCTION DES PAROLES CONTEMPORAINES,,2  PL  JULES VALLES,35136,SAINT-JACQUES-DE-LA-LANDE,41812021800049,35,Ille-et-Vilaine,2021-10-25,VALIDE,3407,,
2024-06-28,2024-06-28,542,ASSOCIATION TRANS MUSICALES,ATM,Activé,597,ROLE_DECLARANT1,33886426700020,35000,RENNES,Ille-et-Vilaine,Bretagne,,3-1032090,311834,,2024-05-29,CLOTURE,,false,,,,,,,,,,,,,,5761,UBU,,10/12 RUE JEAN GUY CS 73912,35039,RENNES CEDEX,33886426700020,35,Ille-et-Vilaine,2019-02-21,VALIDE,,,
2024-06-20,2024-06-20,2934,COMMUNE DE RENNES,OPERA DE RENNES,Activé,3842,ROLE_DECLARANT1,21350238800076,35000,RENNES,Ille-et-Vilaine,Bretagne,84250,PLATESV-R-2021-012024,310229,,2024-05-29,CLOTURE,,false,,,,,,,,,,,,,,503,COMMUNE DE RENNES,,PL  DE LA MAIRIE,35000,RENNES,21350238800019,35,Ille-et-Vilaine,2018-06-27,VALIDE,,,
2024-07-24,2024-07-24,176,ANTIPODE MJC RENNES,ANTIPODE,Activé,3639,ROLE_SIB,77774999500018,35000,RENNES,Ille-et-Vilaine,Bretagne,,3-1019092,320807,event_564,2024-11-04,CLOTURE,,false,,,,,,,,,,,,,,13768,ANTIPODE,Antipode - PARVIS AGNÈS VARDA,75 AVENUE JULES MANIEZ,35000,RENNES,,35,Ille-et-Vilaine,2022-05-04,VALIDE,3639,5238,
2024-05-21,2024-05-21,572,CENTRE CULTUREL TRIANGLE,LE TRIANGLE,Activé,631,ROLE_DECLARANT1,32327735000035,35200,RENNES,Ille-et-Vilaine,Bretagne,,3-1014237,302627,,2024-09-04,CLOTURE,,false,,,,,,,,,,,,,,2390,CENTRE CULTUREL TRIANGLE,,BD  DE YOUGOSLAVIE,35200,RENNES,32327735000035,35,Ille-et-Vilaine,2018-06-27,VALIDE,,,
2024-04-13,2024-04-13,3284,COMEDIE DE RENNES,,Activé,4315,ROLE_SIB,90319904000010,35700,RENNES,Ille-et-Vilaine,Bretagne,,PLATESV-D-2022-003733,290243,/event_dates/1301667,2024-07-04,CLOTURE,,false,,,,,,,,,,,,,,14581,COMÉDIE DE RENNES,,31 RUE XAVIER GRALL,35700,RENNES,,35,Ille-et-Vilaine,2022-06-24,VALIDE,4314,,
2024-08-28,2024-08-28,2641,MAISON DES JEUNES ET CULTURE DE PACE,,Activé,3356,ROLE_SIB,30593736900026,35740,PACE,Ille-et-Vilaine,Bretagne,31372,PLATESV-R-2020-000949,325286,198,2024-05-24,CLOTURE,,false,,,,,,,,,,,,,,11393,ESCAPADE,,6 AVENUE CHARLES LE GOFFIC,35740,PACÉ,,35,Ille-et-Vilaine,2021-09-24,VALIDE,3356,5239,
2025-01-18,2025-01-18,2934,COMMUNE DE RENNES,OPERA DE RENNES,Activé,3842,ROLE_DECLARANT1,21350238800076,35000,RENNES,Ille-et-Vilaine,Bretagne,84250,PLATESV-R-2021-012024,358920,,2024-09-10,CLOTURE,,false,,,,,,,,,,,,,,503,COMMUNE DE RENNES,,PL  DE LA MAIRIE,35000,RENNES,21350238800019,35,Ille-et-Vilaine,2018-06-27,VALIDE,,,
2024-06-21,2024-06-21,3848,PARAPENTE,,Activé,5083,ROLE_DECLARANT1,79913195800024,35000,RENNES,Ille-et-Vilaine,Bretagne,65071,PLATESV-D-2021-001233,310474,,2024-05-23,CLOTURE,,false,,,,,,,,,,,,,,3951,THEATRE DE LA CITE,,3  RUE  PAGANINI,06000,NICE,39912475900016,06,Alpes-Maritimes,2018-06-27,VALIDE,,,
2024-05-21,2024-05-21,572,CENTRE CULTUREL TRIANGLE,LE TRIANGLE,Activé,631,ROLE_DECLARANT1,32327735000035,35200,RENNES,Ille-et-Vilaine,Bretagne,,3-1014237,302625,,2024-06-04,CLOTURE,,false,,,,,,,,,,,,,,2390,CENTRE CULTUREL TRIANGLE,,BD  DE YOUGOSLAVIE,35200,RENNES,32327735000035,35,Ille-et-Vilaine,2018-06-27,VALIDE,,,
2024-05-31,2024-05-31,1584,ORCHESTRE NATIONAL DE BRETAGNE,ORCHESTRE NATIONAL DE BRETAGNE,Activé,5671,ROLE_DECLARANT2,35010209100021,35000,RENNES,Ille-et-Vilaine,Bretagne,DOS20183137,2-1054646,305241,,2024-06-04,CLOTURE,,false,,,,,,,,,,,,,,9526,COUVENT DES JACOBINS,Couvent des Jacobins - Centre des Congrès de Rennes Métropole,20 PLACE SAINTE-ANNE,35000,RENNES,,35,Ille-et-Vilaine,2021-01-22,VALIDE,2015,,
2024-12-04,2024-12-04,3284,COMEDIE DE RENNES,,Activé,4315,ROLE_SIB,90319904000010,35700,RENNES,Ille-et-Vilaine,Bretagne,,PLATESV-D-2022-003733,289788,/event_dates/1301541,2024-06-04,CLOTURE,,false,,,,,,,,,,,,,,14581,COMÉDIE DE RENNES,,31 RUE XAVIER GRALL,35700,RENNES,,35,Ille-et-Vilaine,2022-06-24,VALIDE,4314,,
2024-02-12,2024-02-12,1312,COMMUNE DE CHANTEPIE,MAIRIE,Activé,1577,ROLE_DECLARANT1,21350055600013,35135,CHANTEPIE,Ille-et-Vilaine,Bretagne,DOS20187421,1-1114482,345094,,2024-06-10,CLOTURE,,false,,,705,LE GRAND SOUFFLET,RENNES,35000,2019-10-17,VALIDE,366,,,,,8950,SALLE POLYVALENTE DES 2 RUISSEAUX,,AVENUE DES DEUX RUISSEAUX,35135,CHANTEPIE,,35,Ille-et-Vilaine,2020-11-13,VALIDE,1577,89,
2025-06-01,2025-06-01,3063,LE GRAND CORDEL MAISON DES JEUNES ET DE LA CULTURE,Association,Activé,5994,ROLE_DECLARANT2,77774992000024,35700,RENNES,Ille-et-Vilaine,Bretagne,DOS20196625,1-1039842,353899,,2024-06-10,CLOTURE,,false,,,,,,,,,,,,,,3354,LE GRAND CORDEL MAISON DES JEUNES ET DE LA CULTURE,,18  RUE  DES PLANTES,35700,RENNES,77774992000024,35,Ille-et-Vilaine,2018-06-27,VALIDE,,,
2024-05-11,2024-05-11,3820,THEATRE L'AIRE LIBRE,,Activé,5626,ROLE_DECLARANT1,92262510800019,35136,SAINT-JACQUES-DE-LA-LANDE,Ille-et-Vilaine,Bretagne,,PLATESV-D-2023-000211,339098,,2024-05-10,CLOTURE,,false,,,,,,,,,,,,,,18849,ANCIENNE PRISON JACQUES CARTIER,,56 BOULEVARD JACQUES CARTIER,35000,RENNES,,35,Ille-et-Vilaine,2023-12-07,VALIDE,689,,
2024-05-24,2024-05-24,3284,COMEDIE DE RENNES,,Activé,4315,ROLE_SIB,90319904000010,35700,RENNES,Ille-et-Vilaine,Bretagne,,PLATESV-D-2022-003733,303728,/event_dates/1209008,2024-05-18,CLOTURE,,false,,,,,,,,,,,,,,14581,COMÉDIE DE RENNES,,31 RUE XAVIER GRALL,35700,RENNES,,35,Ille-et-Vilaine,2022-06-24,VALIDE,4314,,
2024-02-12,2024-02-12,2761,LE GRAND SOUFFLET,Association,Activé,3559,ROLE_DECLARANT1,41896721200022,35131,CHARTRES-DE-BRETAGNE,Ille-et-Vilaine,Bretagne,DOS20197698,2-1123292,345151,,2024-04-10,CLOTURE,,true,,,705,LE GRAND SOUFFLET,RENNES,35000,2019-10-17,VALIDE,366,,,,,12654,CHAPITEAU PARC DU THABOR,,PLACE SAINT-MELAINE,35000,RENNES,,35,Ille-et-Vilaine,2021-12-13,VALIDE,3559,,
2024-11-27,2024-11-27,176,ANTIPODE MJC RENNES,ANTIPODE,Activé,3639,ROLE_SIB,77774999500018,35000,RENNES,Ille-et-Vilaine,Bretagne,,3-1019092,344203,event_582,2024-04-10,CLOTURE,,false,,,,,,,,,,,,,,13768,ANTIPODE,Antipode - PARVIS AGNÈS VARDA,75 AVENUE JULES MANIEZ,35000,RENNES,,35,Ille-et-Vilaine,2022-05-04,VALIDE,3639,5238,
2025-07-15,2025-07-15,5466,COMMUNE DE SAINT GILLES,MAIRIE,Activé,7298,ROLE_DECLARANT1,21350275000085,35590,SAINT-GILLES,Ille-et-Vilaine,Bretagne,PLATESV-R-2020-005381,PLATESV-R-2020-005381,420201,,2024-04-10,CLOTURE,,false,,,705,LE GRAND SOUFFLET,RENNES,35000,2019-10-17,VALIDE,366,,,,,25782,LE SABOT D'OR,,LE PONT HAZARD,35590,SAINT-GILLES,,35,Ille-et-Vilaine,2025-04-29,VALIDE,7301,,
2025-11-02,2025-11-02,3255,LE CARRE MAGIQUE,FESTIVAL INTERNATIONAL VIVE LA MAGIE,Activé,4271,ROLE_DECLARANT1,75367092600033,35000,RENNES,Ille-et-Vilaine,Bretagne,93877,PLATESV-R-2022-001102,368329,,2024-04-10,CLOTURE,,false,,,,,,,,,,,,,,7045,LE PALAIS D'AURON,,7 BOULEVARD LAMARCK,18000,BOURGES,,18,Cher,2020-02-01,VALIDE,1088,,
2025-07-16,2025-07-16,2934,COMMUNE DE RENNES,OPERA DE RENNES,Activé,3842,ROLE_DECLARANT1,21350238800076,35000,RENNES,Ille-et-Vilaine,Bretagne,84250,PLATESV-R-2021-012024,422625,,2025-04-06,CLOTURE,,false,,,,,,,,,,,,,,503,COMMUNE DE RENNES,,PL  DE LA MAIRIE,35000,RENNES,21350238800019,35,Ille-et-Vilaine,2018-06-27,VALIDE,,,
2025-06-01,2025-06-01,3063,LE GRAND CORDEL MAISON DES JEUNES ET DE LA CULTURE,Association,Activé,5994,ROLE_DECLARANT2,77774992000024,35700,RENNES,Ille-et-Vilaine,Bretagne,DOS20196625,1-1039842,353896,,2024-04-10,CLOTURE,,false,,,,,,,,,,,,,,3354,LE GRAND CORDEL MAISON DES JEUNES ET DE LA CULTURE,,18  RUE  DES PLANTES,35700,RENNES,77774992000024,35,Ille-et-Vilaine,2018-06-27,VALIDE,,,
2024-10-16,2024-10-16,2934,COMMUNE DE RENNES,OPERA DE RENNES,Activé,3842,ROLE_DECLARANT1,21350238800076,35000,RENNES,Ille-et-Vilaine,Bretagne,84250,PLATESV-R-2021-012024,335760,,2024-04-10,CLOTURE,,false,,,,,,,,,,,,,,503,COMMUNE DE RENNES,,PL  DE LA MAIRIE,35000,RENNES,21350238800019,35,Ille-et-Vilaine,2018-06-27,VALIDE,,,
2025-06-26,2025-06-26,3602,DANSE A TOUS LES ETAGES,DANSE A TOUS LES ETAGES CDCN RENNES,Activé,4750,ROLE_DECLARANT1,41281004600026,35000,RENNES,Ille-et-Vilaine,Bretagne,35367,PLATESV-D-2020-001650,415294,,2025-01-06,CLOTURE,,false,2297,Nomadanse,2295,Nomadanse,CARHAIX-PLOUGUER,29270,2022-11-21,FUSIONNE,4750,,,,,26281,HAMEAU DE SAINT-ANTOINE,,SAINT ANTOINE,22480,LANRIVAIN,,22,Côtes-dArmor,2025-06-26,VALIDE,4750,,
2025-06-01,2025-06-01,572,CENTRE CULTUREL TRIANGLE,LE TRIANGLE,Activé,631,ROLE_DECLARANT1,32327735000035,35200,RENNES,Ille-et-Vilaine,Bretagne,,3-1014237,354093,,2024-03-10,CLOTURE,,false,,,,,,,,,,,,,,2390,CENTRE CULTUREL TRIANGLE,,BD  DE YOUGOSLAVIE,35200,RENNES,32327735000035,35,Ille-et-Vilaine,2018-06-27,VALIDE,,,
2024-02-12,2024-02-12,2761,LE GRAND SOUFFLET,Association,Activé,3559,ROLE_DECLARANT1,41896721200022,35131,CHARTRES-DE-BRETAGNE,Ille-et-Vilaine,Bretagne,DOS20197698,2-1123292,345145,,2024-02-10,CLOTURE,,true,,,705,LE GRAND SOUFFLET,RENNES,35000,2019-10-17,VALIDE,366,,,,,12654,CHAPITEAU PARC DU THABOR,,PLACE SAINT-MELAINE,35000,RENNES,,35,Ille-et-Vilaine,2021-12-13,VALIDE,3559,,
2024-11-26,2024-11-26,3602,DANSE A TOUS LES ETAGES,DANSE A TOUS LES ETAGES CDCN RENNES,Activé,4750,ROLE_DECLARANT1,41281004600026,35000,RENNES,Ille-et-Vilaine,Bretagne,35367,PLATESV-D-2020-001650,343912,,2024-09-29,CLOTURE,,false,,,2290,Cap Danse,CONCARNEAU,29900,2022-11-18,VALIDE,4750,,,,,13222,LE STERENN,,RUE JACQUES PRÉVERT,29910,TRÉGUNC,,29,Finistère,2022-01-24,VALIDE,1037,5238,Adresse
2024-11-26,2024-11-26,3602,DANSE A TOUS LES ETAGES,DANSE A TOUS LES ETAGES CDCN RENNES,Activé,4750,ROLE_DECLARANT1,41281004600026,35000,RENNES,Ille-et-Vilaine,Bretagne,35367,PLATESV-D-2020-001650,343908,,2024-09-28,CLOTURE,,false,,,2290,Cap Danse,CONCARNEAU,29900,2022-11-18,VALIDE,4750,,,,,6925,CAC,,10 BOULEVARD BOUGAINVILLE,29900,CONCARNEAU,,29,Finistère,2019-12-17,VALIDE,1037,,
2024-03-04,2024-03-04,572,CENTRE CULTUREL TRIANGLE,LE TRIANGLE,Activé,631,ROLE_DECLARANT1,32327735000035,35200,RENNES,Ille-et-Vilaine,Bretagne,,3-1014237,285672,,2024-03-29,CLOTURE,,false,,,,,,,,,,,,,,2390,CENTRE CULTUREL TRIANGLE,,BD  DE YOUGOSLAVIE,35200,RENNES,32327735000035,35,Ille-et-Vilaine,2018-06-27,VALIDE,,,
2024-05-16,2024-05-16,3284,COMEDIE DE RENNES,,Activé,4315,ROLE_SIB,90319904000010,35700,RENNES,Ille-et-Vilaine,Bretagne,,PLATESV-D-2022-003733,301498,/event_dates/940122,2024-10-05,CLOTURE,,false,,,,,,,,,,,,,,14581,COMÉDIE DE RENNES,,31 RUE XAVIER GRALL,35700,RENNES,,35,Ille-et-Vilaine,2022-06-24,VALIDE,4314,,
2024-05-31,2024-05-31,1584,ORCHESTRE NATIONAL DE BRETAGNE,ORCHESTRE NATIONAL DE BRETAGNE,Activé,5671,ROLE_DECLARANT2,35010209100021,35000,RENNES,Ille-et-Vilaine,Bretagne,DOS20183137,2-1054646,305237,,2024-10-05,CLOTURE,,false,,,,,,,,,,,,,,9526,COUVENT DES JACOBINS,Couvent des Jacobins - Centre des Congrès de Rennes Métropole,20 PLACE SAINTE-ANNE,35000,RENNES,,35,Ille-et-Vilaine,2021-01-22,VALIDE,2015,,
2024-05-15,2024-05-15,3284,COMEDIE DE RENNES,,Activé,4315,ROLE_SIB,90319904000010,35700,RENNES,Ille-et-Vilaine,Bretagne,,PLATESV-D-2022-003733,301186,/event_dates/940115,2024-09-05,CLOTURE,,false,,,,,,,,,,,,,,14581,COMÉDIE DE RENNES,,31 RUE XAVIER GRALL,35700,RENNES,,35,Ille-et-Vilaine,2022-06-24,VALIDE,4314,,
2024-11-26,2024-11-26,3602,DANSE A TOUS LES ETAGES,DANSE A TOUS LES ETAGES CDCN RENNES,Activé,4750,ROLE_DECLARANT1,41281004600026,35000,RENNES,Ille-et-Vilaine,Bretagne,35367,PLATESV-D-2020-001650,343896,,2024-09-28,CLOTURE,,false,,,2290,Cap Danse,CONCARNEAU,29900,2022-11-18,VALIDE,4750,,,,,23810,DOMAINE DE KERMINY,,KERMINY,29140,ROSPORDEN,,29,Finistère,2024-11-26,VALIDE,4750,,
2024-04-04,2024-06-04,2934,COMMUNE DE RENNES,OPERA DE RENNES,Activé,3842,ROLE_DECLARANT1,21350238800076,35000,RENNES,Ille-et-Vilaine,Bretagne,84250,PLATESV-R-2021-012024,286577,,2024-03-28,CLOTURE,,false,,,,,,,,,,,,,,503,COMMUNE DE RENNES,,PL  DE LA MAIRIE,35000,RENNES,21350238800019,35,Ille-et-Vilaine,2018-06-27,VALIDE,,,
2024-02-04,2024-02-04,1416,COMMUNE DE BRUZ,LE GRAND LOGIS - VILLE DE BRUZ,Activé,1831,ROLE_SIB,21350047300151,35170,BRUZ,Ille-et-Vilaine,Bretagne,DOS20187008,1-1114454,285017,276,2024-03-27,CLOTURE,,false,,,,,,,,,,,,,,2089,COMMUNE DE BRUZ,,10  AV  DU GENERAL DE GAULLE,35170,BRUZ,21350047300151,35,Ille-et-Vilaine,2018-06-27,VALIDE,,,
2025-05-31,2025-05-31,3780,LA PAILLETTE,,Activé,5001,ROLE_SIB,77774969800034,35000,RENNES,Ille-et-Vilaine,Bretagne,52745,PLATESV-R-2020-009633,409061,/event_dates/1948546,2025-05-25,CLOTURE,,false,,,,,,,,,,,,2868,ASS MJC LA PAILLETTE,9054,LA PAILLETTE,,2 RUE DU PRÉ DE BRIS,35000,RENNES,,35,Ille-et-Vilaine,2020-11-30,FUSIONNE,1551,89,
2025-05-31,2025-05-31,3780,LA PAILLETTE,,Activé,5001,ROLE_SIB,77774969800034,35000,RENNES,Ille-et-Vilaine,Bretagne,52745,PLATESV-R-2020-009633,409057,/event_dates/1948567,2025-05-25,CLOTURE,,false,,,,,,,,,,,,2868,ASS MJC LA PAILLETTE,9054,LA PAILLETTE,,2 RUE DU PRÉ DE BRIS,35000,RENNES,,35,Ille-et-Vilaine,2020-11-30,FUSIONNE,1551,89,
2024-04-24,2024-04-24,176,ANTIPODE MJC RENNES,ANTIPODE,Activé,3639,ROLE_SIB,77774999500018,35000,RENNES,Ille-et-Vilaine,Bretagne,,3-1019092,295660,event_548,2024-02-23,CLOTURE,,false,,,,,,,,,,,,,,13768,ANTIPODE,Antipode - PARVIS AGNÈS VARDA,75 AVENUE JULES MANIEZ,35000,RENNES,,35,Ille-et-Vilaine,2022-05-04,VALIDE,3639,5238,
2024-11-27,2024-11-27,176,ANTIPODE MJC RENNES,ANTIPODE,Activé,3639,ROLE_SIB,77774999500018,35000,RENNES,Ille-et-Vilaine,Bretagne,,3-1019092,344204,event_611,2024-09-21,CLOTURE,,false,,,,,,,,,,,,,,13768,ANTIPODE,Antipode - PARVIS AGNÈS VARDA,75 AVENUE JULES MANIEZ,35000,RENNES,,35,Ille-et-Vilaine,2022-05-04,VALIDE,3639,5238,
2024-11-04,2024-11-04,3820,THEATRE L'AIRE LIBRE,,Activé,5626,ROLE_DECLARANT1,92262510800019,35136,SAINT-JACQUES-DE-LA-LANDE,Ille-et-Vilaine,Bretagne,,PLATESV-D-2023-000211,289260,,2024-02-22,CLOTURE,,false,,,,,,,,,,,,2807,L'AIRE LIBRE,18263,THÉÂTRE L'AIRE LIBRE,,2 PLACE JULES VALLÈS,35136,SAINT-JACQUES-DE-LA-LANDE,,35,Ille-et-Vilaine,2023-05-22,FUSIONNE,5047,,
2024-04-04,2024-04-04,2934,COMMUNE DE RENNES,OPERA DE RENNES,Activé,3842,ROLE_DECLARANT1,21350238800076,35000,RENNES,Ille-et-Vilaine,Bretagne,84250,PLATESV-R-2021-012024,286591,,2024-02-21,CLOTURE,,false,,,,,,,,,,,,,,503,COMMUNE DE RENNES,,PL  DE LA MAIRIE,35000,RENNES,21350238800019,35,Ille-et-Vilaine,2018-06-27,VALIDE,,,
2024-05-22,2024-05-22,2641,MAISON DES JEUNES ET CULTURE DE PACE,,Activé,3356,ROLE_SIB,30593736900026,35740,PACE,Ille-et-Vilaine,Bretagne,31372,PLATESV-R-2020-000949,303011,186,2024-02-20,CLOTURE,,false,,,,,,,,,,,,,,11393,ESCAPADE,,6 AVENUE CHARLES LE GOFFIC,35740,PACÉ,,35,Ille-et-Vilaine,2021-09-24,VALIDE,3356,5239,
2024-02-27,2024-02-27,610,COMMUNE DE CHARTRES DE BRETAGNE,MAIRIE,Activé,638,ROLE_DECLARANT1,21350066300017,35131,CHARTRES DE BRETAGNE,Ille-et-Vilaine,Bretagne,DOS20179174,1-1107987,275988,,2024-02-20,CLOTURE,,false,,,,,,,,,,,,,,7572,CENTRE CULTUREL PÔLE SUD,,RUE DE LA CONTERIE,35131,CHARTRES-DE-BRETAGNE,,35,Ille-et-Vilaine,2020-01-22,VALIDE,638,,
2024-02-24,2024-02-24,3284,COMEDIE DE RENNES,,Activé,4315,ROLE_SIB,90319904000010,35700,RENNES,Ille-et-Vilaine,Bretagne,,PLATESV-D-2022-003733,275463,/event_dates/966561,2024-02-18,CLOTURE,,false,,,,,,,,,,,,,,14581,COMÉDIE DE RENNES,,31 RUE XAVIER GRALL,35700,RENNES,,35,Ille-et-Vilaine,2022-06-24,VALIDE,4314,,
2024-02-23,2024-02-23,3284,COMEDIE DE RENNES,,Activé,4315,ROLE_SIB,90319904000010,35700,RENNES,Ille-et-Vilaine,Bretagne,,PLATESV-D-2022-003733,275169,/event_dates/939898,2024-02-17,CLOTURE,,false,,,,,,,,,,,,,,14581,COMÉDIE DE RENNES,,31 RUE XAVIER GRALL,35700,RENNES,,35,Ille-et-Vilaine,2022-06-24,VALIDE,4314,,
2025-05-29,2025-05-29,3780,LA PAILLETTE,,Activé,5001,ROLE_SIB,77774969800034,35000,RENNES,Ille-et-Vilaine,Bretagne,52745,PLATESV-R-2020-009633,408784,/event_dates/1948504,2025-05-23,CLOTURE,,false,,,,,,,,,,,,2868,ASS MJC LA PAILLETTE,9054,LA PAILLETTE,,2 RUE DU PRÉ DE BRIS,35000,RENNES,,35,Ille-et-Vilaine,2020-11-30,FUSIONNE,1551,89,
2025-03-02,2025-03-02,1125,CARTEL CONCERTS,,Activé,1278,ROLE_DECLARANT1,80023696000038,35200,RENNES,Ille-et-Vilaine,Bretagne,DOS20168997,3-1072466,365341,,2024-09-14,CLOTURE,,false,,,,,,,,,,,,6816,LA MAROQUINERIE,17789,MAROQUINERIE,MAROQUINERIE,23 RUE BOYER,75020,PARIS,,75,Paris,2023-04-04,FUSIONNE,942,,
2025-05-24,2025-05-24,610,COMMUNE DE CHARTRES DE BRETAGNE,MAIRIE,Activé,638,ROLE_DECLARANT1,21350066300017,35131,CHARTRES DE BRETAGNE,Ille-et-Vilaine,Bretagne,DOS20179174,1-1107987,407673,,2025-05-23,CLOTURE,,false,,,,,,,,,,,,,,7572,CENTRE CULTUREL PÔLE SUD,,RUE DE LA CONTERIE,35131,CHARTRES-DE-BRETAGNE,,35,Ille-et-Vilaine,2020-01-22,VALIDE,638,,
2024-02-04,2024-02-04,1416,COMMUNE DE BRUZ,LE GRAND LOGIS - VILLE DE BRUZ,Activé,1831,ROLE_SIB,21350047300151,35170,BRUZ,Ille-et-Vilaine,Bretagne,DOS20187008,1-1114454,285016,275,2024-02-16,CLOTURE,,false,,,,,,,,,,,,,,2089,COMMUNE DE BRUZ,,10  AV  DU GENERAL DE GAULLE,35170,BRUZ,21350047300151,35,Ille-et-Vilaine,2018-06-27,VALIDE,,,
2024-10-16,2024-10-16,542,ASSOCIATION TRANS MUSICALES,ATM,Activé,597,ROLE_DECLARANT1,33886426700020,35000,RENNES,Ille-et-Vilaine,Bretagne,,3-1032090,335476,,2024-12-09,CLOTURE,,false,,,,,,,,,,,,,,5761,UBU,,10/12 RUE JEAN GUY CS 73912,35039,RENNES CEDEX,33886426700020,35,Ille-et-Vilaine,2019-02-21,VALIDE,,,
2024-08-04,2024-08-04,1291,ASSOCIATION LILLICO,,Activé,1551,ROLE_SIB,78975485000038,35000,RENNES,Ille-et-Vilaine,Bretagne,,PLATESV-D-2020-000183,287827,2185,2024-02-14,CLOTURE,,false,1116,WATERPROOF plongez dans la danse,1726,Festival Waterproof,RENNES,35000,2022-08-04,FUSIONNE,1551,,,,,16849,SALLE GUY ROPARTZ,,14 RUE GUY ROPARTZ,35700,RENNES,,35,Ille-et-Vilaine,2023-01-16,VALIDE,1551,,
2024-02-04,2024-02-04,1416,COMMUNE DE BRUZ,LE GRAND LOGIS - VILLE DE BRUZ,Activé,1831,ROLE_SIB,21350047300151,35170,BRUZ,Ille-et-Vilaine,Bretagne,DOS20187008,1-1114454,285015,274,2024-02-14,CLOTURE,,false,,,,,,,,,,,,,,2089,COMMUNE DE BRUZ,,10  AV  DU GENERAL DE GAULLE,35170,BRUZ,21350047300151,35,Ille-et-Vilaine,2018-06-27,VALIDE,,,
2024-03-26,2024-03-26,3602,DANSE A TOUS LES ETAGES,DANSE A TOUS LES ETAGES CDCN RENNES,Activé,4750,ROLE_DECLARANT1,41281004600026,35000,RENNES,Ille-et-Vilaine,Bretagne,35367,PLATESV-D-2020-001650,282895,,2024-02-14,CLOTURE,,true,1116,WATERPROOF plongez dans la danse,1726,Festival Waterproof,RENNES,35000,2022-08-04,FUSIONNE,1551,,,,,2353,UNIVERSITE RENNES  II  HAUTE BRETAGNE,,PL  RECTEUR HENRI LE MOAL,35700,RENNES,19350937900015,35,Ille-et-Vilaine,2018-06-27,VALIDE,,,
2024-01-11,2024-01-11,4178,ASSOCIATION LA PART BELLE,,Activé,5580,ROLE_DECLARANT1,84785758800010,35000,RENNES,Ille-et-Vilaine,Bretagne,DOS20195192,2-1123243,338612,,2024-06-09,CLOTURE,,false,,,3727,LA PART BELLE,SÉNÉ,56860,2024-01-11,VALIDE,5580,,,,,19609,THÉÂTRE DE VERDURE,,THÉÂTRE DE VERDURE,56860,SÉNÉ,,56,Morbihan,2023-10-13,VALIDE,5580,5239,Adresse
2024-08-04,2024-08-04,1291,ASSOCIATION LILLICO,,Activé,1551,ROLE_SIB,78975485000038,35000,RENNES,Ille-et-Vilaine,Bretagne,,PLATESV-D-2020-000183,287823,2181,2024-12-02,CLOTURE,,false,1116,WATERPROOF plongez dans la danse,1726,Festival Waterproof,RENNES,35000,2022-08-04,FUSIONNE,1551,,,,,16849,SALLE GUY ROPARTZ,,14 RUE GUY ROPARTZ,35700,RENNES,,35,Ille-et-Vilaine,2023-01-16,VALIDE,1551,,
2024-08-23,2024-08-23,3284,COMEDIE DE RENNES,,Activé,4315,ROLE_SIB,90319904000010,35700,RENNES,Ille-et-Vilaine,Bretagne,,PLATESV-D-2022-003733,324661,/event_dates/1352312,2024-08-17,CLOTURE,,false,,,,,,,,,,,,,,14581,COMÉDIE DE RENNES,,31 RUE XAVIER GRALL,35700,RENNES,,35,Ille-et-Vilaine,2022-06-24,VALIDE,4314,,
2024-08-22,2024-08-22,3284,COMEDIE DE RENNES,,Activé,4315,ROLE_SIB,90319904000010,35700,RENNES,Ille-et-Vilaine,Bretagne,,PLATESV-D-2022-003733,324503,/event_dates/1352305,2024-08-16,CLOTURE,,false,,,,,,,,,,,,,,14581,COMÉDIE DE RENNES,,31 RUE XAVIER GRALL,35700,RENNES,,35,Ille-et-Vilaine,2022-06-24,VALIDE,4314,,
2024-08-21,2024-08-21,3284,COMEDIE DE RENNES,,Activé,4315,ROLE_SIB,90319904000010,35700,RENNES,Ille-et-Vilaine,Bretagne,,PLATESV-D-2022-003733,324420,/event_dates/1352298,2024-08-15,CLOTURE,,false,,,,,,,,,,,,,,14581,COMÉDIE DE RENNES,,31 RUE XAVIER GRALL,35700,RENNES,,35,Ille-et-Vilaine,2022-06-24,VALIDE,4314,,
2024-03-26,2024-03-26,1584,ORCHESTRE NATIONAL DE BRETAGNE,ORCHESTRE NATIONAL DE BRETAGNE,Activé,5671,ROLE_DECLARANT2,35010209100021,35000,RENNES,Ille-et-Vilaine,Bretagne,DOS20183137,2-1054646,282943,,2024-09-02,CLOTURE,,false,,,,,,,,,,,,,,9526,COUVENT DES JACOBINS,Couvent des Jacobins - Centre des Congrès de Rennes Métropole,20 PLACE SAINTE-ANNE,35000,RENNES,,35,Ille-et-Vilaine,2021-01-22,VALIDE,2015,,
2024-03-25,2024-03-25,542,ASSOCIATION TRANS MUSICALES,ATM,Activé,597,ROLE_DECLARANT1,33886426700020,35000,RENNES,Ille-et-Vilaine,Bretagne,,3-1032090,282627,,2024-08-02,CLOTURE,,false,,,,,,,,,,,,,,5761,UBU,,10/12 RUE JEAN GUY CS 73912,35039,RENNES CEDEX,33886426700020,35,Ille-et-Vilaine,2019-02-21,VALIDE,,,
2024-09-08,2024-09-08,3284,COMEDIE DE RENNES,,Activé,4315,ROLE_SIB,90319904000010,35700,RENNES,Ille-et-Vilaine,Bretagne,,PLATESV-D-2022-003733,323178,/event_dates/1374732,2024-03-08,CLOTURE,,false,,,,,,,,,,,,,,14581,COMÉDIE DE RENNES,,31 RUE XAVIER GRALL,35700,RENNES,,35,Ille-et-Vilaine,2022-06-24,VALIDE,4314,,
2024-09-04,2024-09-04,2934,COMMUNE DE RENNES,OPERA DE RENNES,Activé,3842,ROLE_DECLARANT1,21350238800076,35000,RENNES,Ille-et-Vilaine,Bretagne,84250,PLATESV-R-2021-012024,288330,,2024-07-02,CLOTURE,,false,,,,,,,,,,,,,,503,COMMUNE DE RENNES,,PL  DE LA MAIRIE,35000,RENNES,21350238800019,35,Ille-et-Vilaine,2018-06-27,VALIDE,,,
2024-10-02,2024-10-02,3284,COMEDIE DE RENNES,,Activé,4315,ROLE_SIB,90319904000010,35700,RENNES,Ille-et-Vilaine,Bretagne,,PLATESV-D-2022-003733,271271,/event_dates/1207356,2024-04-02,CLOTURE,,false,,,,,,,,,,,,,,14581,COMÉDIE DE RENNES,,31 RUE XAVIER GRALL,35700,RENNES,,35,Ille-et-Vilaine,2022-06-24,VALIDE,4314,,
2024-07-24,2024-07-24,176,ANTIPODE MJC RENNES,ANTIPODE,Activé,3639,ROLE_SIB,77774999500018,35000,RENNES,Ille-et-Vilaine,Bretagne,,3-1019092,320802,event_584,2024-01-06,CLOTURE,,false,,,,,,,,,,,,,,13768,ANTIPODE,Antipode - PARVIS AGNÈS VARDA,75 AVENUE JULES MANIEZ,35000,RENNES,,35,Ille-et-Vilaine,2022-05-04,VALIDE,3639,5238,
2025-02-18,2025-02-18,3394,REGARDS DE MOMES,,Activé,4471,ROLE_DECLARANT1,52891493000029,35190,BECHEREL,Ille-et-Vilaine,Bretagne,91800,PLATESV-R-2022-000060,371140,,2024-06-07,CLOTURE,,false,,,2045,Ô Jardins Pestaculaires,BÉCHEREL,35190,2022-05-09,VALIDE,4471,,,,,15233,JARDINS DU THABOR,,CHEMIN DU THABOR,35190,BÉCHEREL,,35,Ille-et-Vilaine,2022-05-09,VALIDE,4471,,
2024-04-23,2024-04-23,3536,TXTR ORGANISATION,,Activé,4651,ROLE_DECLARANT1,83526820200016,35000,RENNES,Ille-et-Vilaine,Bretagne,DOS20183014,3-1114458,295449,,2024-02-02,CLOTURE,,false,,,,,,,,,,,,,,21544,L ESPACE LOISIRS,,45  BOULEVARD  DE LA TOUR D'AUVERGNE,35000,RENNES,42954655900015,35,Ille-et-Vilaine,2024-04-23,VALIDE,4651,,
2024-05-31,2024-05-31,1584,ORCHESTRE NATIONAL DE BRETAGNE,ORCHESTRE NATIONAL DE BRETAGNE,Activé,5671,ROLE_DECLARANT2,35010209100021,35000,RENNES,Ille-et-Vilaine,Bretagne,DOS20183137,2-1054646,305240,,2024-05-30,CLOTURE,,false,,,,,,,,,,,,,,9686,CHAMBRE DES METIERS DE ET DE L'ARTISANAT,,2 COURS DES ALLIÉS,35000,RENNES,,35,Ille-et-Vilaine,2021-02-16,VALIDE,2468,89,
2024-05-06,2024-05-06,3284,COMEDIE DE RENNES,,Activé,4315,ROLE_SIB,90319904000010,35700,RENNES,Ille-et-Vilaine,Bretagne,,PLATESV-D-2022-003733,306162,/event_dates/1284090,2024-05-30,CLOTURE,,false,,,,,,,,,,,,,,14581,COMÉDIE DE RENNES,,31 RUE XAVIER GRALL,35700,RENNES,,35,Ille-et-Vilaine,2022-06-24,VALIDE,4314,,
2024-10-06,2024-10-06,1448,SWAP MUSIC,,Activé,1804,ROLE_DECLARANT1,84539667000034,35700,RENNES,Ille-et-Vilaine,Bretagne,DOS2019755,2-1117234,307241,,2024-05-30,CLOTURE,,true,,,,,,,,,,,,,,13580,SALLE DE LA CITÉ,,10 RUE SAINT-LOUIS,35000,RENNES,,35,Ille-et-Vilaine,2022-03-15,VALIDE,3078,,
2024-06-27,2024-06-27,58,THEATRE NATIONAL DE BRETAGNE - T.N.B. CENTRE EUROPEEN DE PRODUCTION THEATRALE ET CHOREGRAPHIQUE,THEATRE NATIONAL DE BRETAGNE - T.N.B.,Activé,53,ROLE_DECLARANT1,37921397800016,35000,RENNES,Ille-et-Vilaine,Bretagne,,3-1099111,311461,,2024-05-29,CLOTURE,,false,2716,Transforme / New Settings,3440,FESTIVAL TRANSFORME,RENNES,35000,2024-06-27,FUSIONNE,53,,,,,20426,TNB,,1 RUE SAINT-HÉLIER,35000,RENNES,,35,Ille-et-Vilaine,2024-09-01,VALIDE,53,5238,
2024-06-27,2024-06-27,58,THEATRE NATIONAL DE BRETAGNE - T.N.B. CENTRE EUROPEEN DE PRODUCTION THEATRALE ET CHOREGRAPHIQUE,THEATRE NATIONAL DE BRETAGNE - T.N.B.,Activé,53,ROLE_DECLARANT1,37921397800016,35000,RENNES,Ille-et-Vilaine,Bretagne,,3-1099111,311462,,2024-05-29,CLOTURE,,false,2716,Transforme / New Settings,3440,FESTIVAL TRANSFORME,RENNES,35000,2024-06-27,FUSIONNE,53,,,,,20426,TNB,,1 RUE SAINT-HÉLIER,35000,RENNES,,35,Ille-et-Vilaine,2024-09-01,VALIDE,53,5238,
2024-10-04,2024-11-04,3820,THEATRE L'AIRE LIBRE,,Activé,5626,ROLE_DECLARANT1,92262510800019,35136,SAINT-JACQUES-DE-LA-LANDE,Ille-et-Vilaine,Bretagne,,PLATESV-D-2023-000211,289079,,2024-02-02,CLOTURE,,true,,,,,,,,,,,,2807,L'AIRE LIBRE,18263,THÉÂTRE L'AIRE LIBRE,,2 PLACE JULES VALLÈS,35136,SAINT-JACQUES-DE-LA-LANDE,,35,Ille-et-Vilaine,2023-05-22,FUSIONNE,5047,,
2024-03-13,2024-03-13,58,THEATRE NATIONAL DE BRETAGNE - T.N.B. CENTRE EUROPEEN DE PRODUCTION THEATRALE ET CHOREGRAPHIQUE,THEATRE NATIONAL DE BRETAGNE - T.N.B.,Activé,53,ROLE_DECLARANT1,37921397800016,35000,RENNES,Ille-et-Vilaine,Bretagne,,3-1099111,279212,,2024-01-02,CLOTURE,,false,,,,,,,,,,,,,,20426,TNB,,1 RUE SAINT-HÉLIER,35000,RENNES,,35,Ille-et-Vilaine,2024-09-01,VALIDE,53,5238,
2024-07-16,2024-07-16,923,LES ATELIERS DU VENT,ADV,Activé,1006,ROLE_DECLARANT1,45124579900023,35000,RENNES,Ille-et-Vilaine,Bretagne,DOS20197631,1-1123282,318336,,2024-06-30,CLOTURE,,false,,,,,,,,,,,,,,429,LES ATELIERS DU VENT,,59  RUE  ALEXANDRE DUVAL,35000,RENNES,45124579900023,35,Ille-et-Vilaine,2018-06-27,VALIDE,,,
2024-03-25,2024-03-25,542,ASSOCIATION TRANS MUSICALES,ATM,Activé,597,ROLE_DECLARANT1,33886426700020,35000,RENNES,Ille-et-Vilaine,Bretagne,,3-1032090,282623,,2024-01-31,CLOTURE,,false,,,,,,,,,,,,2674,ANTIPODE MJC RENNES,8903,ANTIPODE MJC,,2 RUE ANDRÉ TRASBOT,35000,RENNES,,35,Ille-et-Vilaine,2020-10-11,FUSIONNE,597,,
2024-02-29,2024-02-29,2934,COMMUNE DE RENNES,OPERA DE RENNES,Activé,3842,ROLE_DECLARANT1,21350238800076,35000,RENNES,Ille-et-Vilaine,Bretagne,84250,PLATESV-R-2021-012024,276659,,2024-01-29,CLOTURE,,false,,,,,,,,,,,,,,503,COMMUNE DE RENNES,,PL  DE LA MAIRIE,35000,RENNES,21350238800019,35,Ille-et-Vilaine,2018-06-27,VALIDE,,,
2024-06-28,2024-06-28,3284,COMEDIE DE RENNES,,Activé,4315,ROLE_SIB,90319904000010,35700,RENNES,Ille-et-Vilaine,Bretagne,,PLATESV-D-2022-003733,311611,/event_dates/1409124,2024-06-22,CLOTURE,,false,,,,,,,,,,,,,,14581,COMÉDIE DE RENNES,,31 RUE XAVIER GRALL,35700,RENNES,,35,Ille-et-Vilaine,2022-06-24,VALIDE,4314,,
2024-09-07,2024-07-19,3780,LA PAILLETTE,,Activé,5000,ROLE_DECLARANT1,77774969800034,35000,RENNES,Ille-et-Vilaine,Bretagne,52745,PLATESV-R-2020-009633,315003,,2024-06-22,CLOTURE,,false,2662,Les Envolées,3332,Festival Les Envolées,RENNES,35000,2024-04-19,FUSIONNE,5001,,,2868,ASS MJC LA PAILLETTE,9054,LA PAILLETTE,,2 RUE DU PRÉ DE BRIS,35000,RENNES,,35,Ille-et-Vilaine,2020-11-30,FUSIONNE,1551,89,
2024-05-28,2024-05-28,3284,COMEDIE DE RENNES,,Activé,4315,ROLE_SIB,90319904000010,35700,RENNES,Ille-et-Vilaine,Bretagne,,PLATESV-D-2022-003733,304379,/event_dates/1209022,2024-05-22,CLOTURE,,false,,,,,,,,,,,,,,14581,COMÉDIE DE RENNES,,31 RUE XAVIER GRALL,35700,RENNES,,35,Ille-et-Vilaine,2022-06-24,VALIDE,4314,,
2024-07-18,2024-07-18,654,CENTRE CHOREGRAPHIQUE NATIONAL DE RENNES ET DE BRETAGNE,FAIRE CCN RENNES,Activé,689,ROLE_DECLARANT1,31464796700020,35000,RENNES,Ille-et-Vilaine,Bretagne,DOS20181231,1-1110488,319205,,2024-06-19,CLOTURE,,false,,,3510,(UNDER)GROUND,RENNES,35000,2024-07-18,VALIDE,689,,,,,20426,TNB,,1 RUE SAINT-HÉLIER,35000,RENNES,,35,Ille-et-Vilaine,2024-09-01,VALIDE,53,5238,
2024-06-25,2024-06-25,2934,COMMUNE DE RENNES,OPERA DE RENNES,Activé,3842,ROLE_DECLARANT1,21350238800076,35000,RENNES,Ille-et-Vilaine,Bretagne,84250,PLATESV-R-2021-012024,311089,,2024-06-19,CLOTURE,,false,,,,,,,,,,,,,,503,COMMUNE DE RENNES,,PL  DE LA MAIRIE,35000,RENNES,21350238800019,35,Ille-et-Vilaine,2018-06-27,VALIDE,,,
2024-07-18,2024-07-18,654,CENTRE CHOREGRAPHIQUE NATIONAL DE RENNES ET DE BRETAGNE,FAIRE CCN RENNES,Activé,689,ROLE_DECLARANT1,31464796700020,35000,RENNES,Ille-et-Vilaine,Bretagne,DOS20181231,1-1110488,319199,,2024-06-19,CLOTURE,,false,,,3510,(UNDER)GROUND,RENNES,35000,2024-07-18,VALIDE,689,,,,,20426,TNB,,1 RUE SAINT-HÉLIER,35000,RENNES,,35,Ille-et-Vilaine,2024-09-01,VALIDE,53,5238,
2024-08-28,2024-08-28,2641,MAISON DES JEUNES ET CULTURE DE PACE,,Activé,3356,ROLE_SIB,30593736900026,35740,PACE,Ille-et-Vilaine,Bretagne,31372,PLATESV-R-2020-000949,325291,204,2024-06-16,CLOTURE,,false,,,,,,,,,,,,,,11393,ESCAPADE,,6 AVENUE CHARLES LE GOFFIC,35740,PACÉ,,35,Ille-et-Vilaine,2021-09-24,VALIDE,3356,5239,
2025-03-13,2025-03-13,5328,ASSOCIATION FIGURE PROJECT,FIGURE PROJECT,Activé,7123,ROLE_DECLARANT1,50842428000032,35200,RENNES,Ille-et-Vilaine,Bretagne,PLATESV-R-2021-014531,PLATESV-R-2021-014531,378479,,2024-06-16,CLOTURE,,false,,,4222,EXTENSION SAUVAGE,COMBOURG,35270,2025-03-13,VALIDE,7123,,,,,25193,CHATEAU DE LA BALLUE,,LA BALLUE,35560,BAZOUGES-LA-PÉROUSE,,35,Ille-et-Vilaine,2025-03-13,VALIDE,7123,,
2024-07-24,2024-07-24,176,ANTIPODE MJC RENNES,ANTIPODE,Activé,3639,ROLE_SIB,77774999500018,35000,RENNES,Ille-et-Vilaine,Bretagne,,3-1019092,320794,event_592,2024-06-15,CLOTURE,,false,,,,,,,,,,,,,,13768,ANTIPODE,Antipode - PARVIS AGNÈS VARDA,75 AVENUE JULES MANIEZ,35000,RENNES,,35,Ille-et-Vilaine,2022-05-04,VALIDE,3639,5238,
2025-01-29,2025-01-29,2528,PATCHROCK,,Activé,3204,ROLE_DECLARANT1,41211000900047,35000,RENNES,Ille-et-Vilaine,Bretagne,DOS20196448,3-1010967,363591,,2024-05-18,CLOTURE,,false,,,1820,Les Embellies,RENNES,35000,2022-05-23,VALIDE,3204,,,,,8794,LA CITÉ,,10 RUE SAINT-LOUIS,35000,RENNES,,35,Ille-et-Vilaine,2020-10-27,VALIDE,945,,
2024-07-24,2024-07-24,176,ANTIPODE MJC RENNES,ANTIPODE,Activé,3639,ROLE_SIB,77774999500018,35000,RENNES,Ille-et-Vilaine,Bretagne,,3-1019092,320797,event_589,2024-12-06,CLOTURE,,false,,,,,,,,,,,,,,13768,ANTIPODE,Antipode - PARVIS AGNÈS VARDA,75 AVENUE JULES MANIEZ,35000,RENNES,,35,Ille-et-Vilaine,2022-05-04,VALIDE,3639,5238,
2024-06-27,2024-06-27,58,THEATRE NATIONAL DE BRETAGNE - T.N.B. CENTRE EUROPEEN DE PRODUCTION THEATRALE ET CHOREGRAPHIQUE,THEATRE NATIONAL DE BRETAGNE - T.N.B.,Activé,53,ROLE_DECLARANT1,37921397800016,35000,RENNES,Ille-et-Vilaine,Bretagne,,3-1099111,311448,,2024-05-16,CLOTURE,,false,2716,Transforme / New Settings,3440,FESTIVAL TRANSFORME,RENNES,35000,2024-06-27,FUSIONNE,53,,,,,20426,TNB,,1 RUE SAINT-HÉLIER,35000,RENNES,,35,Ille-et-Vilaine,2024-09-01,VALIDE,53,5238,
2024-05-21,2024-05-21,572,CENTRE CULTUREL TRIANGLE,LE TRIANGLE,Activé,631,ROLE_DECLARANT1,32327735000035,35200,RENNES,Ille-et-Vilaine,Bretagne,,3-1014237,302628,,2024-05-15,CLOTURE,,false,,,,,,,,,,,,,,2390,CENTRE CULTUREL TRIANGLE,,BD  DE YOUGOSLAVIE,35200,RENNES,32327735000035,35,Ille-et-Vilaine,2018-06-27,VALIDE,,,
2024-11-06,2024-11-06,610,COMMUNE DE CHARTRES DE BRETAGNE,MAIRIE,Activé,638,ROLE_DECLARANT1,21350066300017,35131,CHARTRES DE BRETAGNE,Ille-et-Vilaine,Bretagne,DOS20179174,1-1107987,308218,,2024-05-14,CLOTURE,,false,,,,,,,,,,,,,,7572,CENTRE CULTUREL PÔLE SUD,,RUE DE LA CONTERIE,35131,CHARTRES-DE-BRETAGNE,,35,Ille-et-Vilaine,2020-01-22,VALIDE,638,,
2024-10-07,2024-10-07,3820,THEATRE L'AIRE LIBRE,,Activé,5626,ROLE_DECLARANT1,92262510800019,35136,SAINT-JACQUES-DE-LA-LANDE,Ille-et-Vilaine,Bretagne,,PLATESV-D-2023-000211,315523,,2024-08-06,CLOTURE,,false,,,3470,MONDE.S,SAINT-JACQUES-DE-LA-LANDE,35136,2024-10-07,VALIDE,5626,,,2807,L'AIRE LIBRE,18263,THÉÂTRE L'AIRE LIBRE,,2 PLACE JULES VALLÈS,35136,SAINT-JACQUES-DE-LA-LANDE,,35,Ille-et-Vilaine,2023-05-22,FUSIONNE,5047,,
2024-08-28,2024-08-28,2641,MAISON DES JEUNES ET CULTURE DE PACE,,Activé,3356,ROLE_SIB,30593736900026,35740,PACE,Ille-et-Vilaine,Bretagne,31372,PLATESV-R-2020-000949,325284,196,2024-08-06,CLOTURE,,false,,,,,,,,,,,,,,7088,LE PONANT,,BOULEVARD PATRICE DUMAINE DE LA JOSSERIE,35740,PACÉ,,35,Ille-et-Vilaine,2020-02-01,VALIDE,1088,89,
2024-09-07,2024-07-19,3780,LA PAILLETTE,,Activé,5000,ROLE_DECLARANT1,77774969800034,35000,RENNES,Ille-et-Vilaine,Bretagne,52745,PLATESV-R-2020-009633,314986,,2024-08-06,CLOTURE,,false,2662,Les Envolées,3332,Festival Les Envolées,RENNES,35000,2024-04-19,FUSIONNE,5001,,,2868,ASS MJC LA PAILLETTE,9054,LA PAILLETTE,,2 RUE DU PRÉ DE BRIS,35000,RENNES,,35,Ille-et-Vilaine,2020-11-30,FUSIONNE,1551,89,
2024-10-07,2024-10-07,3820,THEATRE L'AIRE LIBRE,,Activé,5626,ROLE_DECLARANT1,92262510800019,35136,SAINT-JACQUES-DE-LA-LANDE,Ille-et-Vilaine,Bretagne,,PLATESV-D-2023-000211,315521,,2024-07-06,CLOTURE,,false,,,3470,MONDE.S,SAINT-JACQUES-DE-LA-LANDE,35136,2024-10-07,VALIDE,5626,,,2807,L'AIRE LIBRE,18263,THÉÂTRE L'AIRE LIBRE,,2 PLACE JULES VALLÈS,35136,SAINT-JACQUES-DE-LA-LANDE,,35,Ille-et-Vilaine,2023-05-22,FUSIONNE,5047,,
2024-09-07,2024-07-19,3780,LA PAILLETTE,,Activé,5000,ROLE_DECLARANT1,77774969800034,35000,RENNES,Ille-et-Vilaine,Bretagne,52745,PLATESV-R-2020-009633,314984,,2024-07-06,CLOTURE,,false,2662,Les Envolées,3332,Festival Les Envolées,RENNES,35000,2024-04-19,FUSIONNE,5001,,,2868,ASS MJC LA PAILLETTE,9054,LA PAILLETTE,,2 RUE DU PRÉ DE BRIS,35000,RENNES,,35,Ille-et-Vilaine,2020-11-30,FUSIONNE,1551,89,
2024-10-07,2024-10-07,3820,THEATRE L'AIRE LIBRE,,Activé,5626,ROLE_DECLARANT1,92262510800019,35136,SAINT-JACQUES-DE-LA-LANDE,Ille-et-Vilaine,Bretagne,,PLATESV-D-2023-000211,315516,,2024-07-06,CLOTURE,,false,,,3470,MONDE.S,SAINT-JACQUES-DE-LA-LANDE,35136,2024-10-07,VALIDE,5626,,,2807,L'AIRE LIBRE,18263,THÉÂTRE L'AIRE LIBRE,,2 PLACE JULES VALLÈS,35136,SAINT-JACQUES-DE-LA-LANDE,,35,Ille-et-Vilaine,2023-05-22,FUSIONNE,5047,,
2024-05-31,2024-05-31,2934,COMMUNE DE RENNES,OPERA DE RENNES,Activé,3842,ROLE_DECLARANT1,21350238800076,35000,RENNES,Ille-et-Vilaine,Bretagne,84250,PLATESV-R-2021-012024,305291,,2024-11-05,CLOTURE,,false,,,,,,,,,,,,,,503,COMMUNE DE RENNES,,PL  DE LA MAIRIE,35000,RENNES,21350238800019,35,Ille-et-Vilaine,2018-06-27,VALIDE,,,
2024-09-07,2024-07-19,3780,LA PAILLETTE,,Activé,5000,ROLE_DECLARANT1,77774969800034,35000,RENNES,Ille-et-Vilaine,Bretagne,52745,PLATESV-R-2020-009633,314956,,2024-05-06,CLOTURE,,false,2662,Les Envolées,3332,Festival Les Envolées,RENNES,35000,2024-04-19,FUSIONNE,5001,,,2868,ASS MJC LA PAILLETTE,9054,LA PAILLETTE,,2 RUE DU PRÉ DE BRIS,35000,RENNES,,35,Ille-et-Vilaine,2020-11-30,FUSIONNE,1551,89,
2024-06-21,2024-06-21,3848,PARAPENTE,,Activé,5083,ROLE_DECLARANT1,79913195800024,35000,RENNES,Ille-et-Vilaine,Bretagne,65071,PLATESV-D-2021-001233,310475,,2024-07-05,CLOTURE,,false,,,,,,,,,,,,,,6929,THÉÂTRE 100 NOMS,,21 QUAI DES ANTILLES,44200,NANTES,,44,Loire-Atlantique,2019-12-17,VALIDE,764,,
2024-07-24,2024-07-24,176,ANTIPODE MJC RENNES,ANTIPODE,Activé,3639,ROLE_SIB,77774999500018,35000,RENNES,Ille-et-Vilaine,Bretagne,,3-1019092,320804,event_568,2024-07-05,CLOTURE,,false,,,,,,,,,,,,,,13768,ANTIPODE,Antipode - PARVIS AGNÈS VARDA,75 AVENUE JULES MANIEZ,35000,RENNES,,35,Ille-et-Vilaine,2022-05-04,VALIDE,3639,5238,
2024-03-30,2024-03-30,3284,COMEDIE DE RENNES,,Activé,4315,ROLE_SIB,90319904000010,35700,RENNES,Ille-et-Vilaine,Bretagne,,PLATESV-D-2022-003733,284110,/event_dates/940052,2024-03-24,CLOTURE,,false,,,,,,,,,,,,,,14581,COMÉDIE DE RENNES,,31 RUE XAVIER GRALL,35700,RENNES,,35,Ille-et-Vilaine,2022-06-24,VALIDE,4314,,
2024-08-04,2024-08-04,1291,ASSOCIATION LILLICO,,Activé,1551,ROLE_SIB,78975485000038,35000,RENNES,Ille-et-Vilaine,Bretagne,,PLATESV-D-2020-000183,287832,2205,2024-03-24,CLOTURE,,false,,,873,FIGURE,RENNES,35000,2020-03-04,VALIDE,1551,,,,,16849,SALLE GUY ROPARTZ,,14 RUE GUY ROPARTZ,35700,RENNES,,35,Ille-et-Vilaine,2023-01-16,VALIDE,1551,,
2024-06-04,2024-06-04,2934,COMMUNE DE RENNES,OPERA DE RENNES,Activé,3842,ROLE_DECLARANT1,21350238800076,35000,RENNES,Ille-et-Vilaine,Bretagne,84250,PLATESV-R-2021-012024,287365,,2024-03-21,CLOTURE,,false,,,,,,,,,,,,,,503,COMMUNE DE RENNES,,PL  DE LA MAIRIE,35000,RENNES,21350238800019,35,Ille-et-Vilaine,2018-06-27,VALIDE,,,
2024-08-04,2024-08-04,1291,ASSOCIATION LILLICO,,Activé,1551,ROLE_SIB,78975485000038,35000,RENNES,Ille-et-Vilaine,Bretagne,,PLATESV-D-2020-000183,287834,2208,2024-03-20,CLOTURE,,false,,,873,FIGURE,RENNES,35000,2020-03-04,VALIDE,1551,,,,,16849,SALLE GUY ROPARTZ,,14 RUE GUY ROPARTZ,35700,RENNES,,35,Ille-et-Vilaine,2023-01-16,VALIDE,1551,,
2024-05-22,2024-05-22,2641,MAISON DES JEUNES ET CULTURE DE PACE,,Activé,3356,ROLE_SIB,30593736900026,35740,PACE,Ille-et-Vilaine,Bretagne,31372,PLATESV-R-2020-000949,303014,195,2024-03-20,CLOTURE,,false,,,,,,,,,,,,,,11393,ESCAPADE,,6 AVENUE CHARLES LE GOFFIC,35740,PACÉ,,35,Ille-et-Vilaine,2021-09-24,VALIDE,3356,5239,
2024-09-04,2024-09-04,58,THEATRE NATIONAL DE BRETAGNE - T.N.B. CENTRE EUROPEEN DE PRODUCTION THEATRALE ET CHOREGRAPHIQUE,THEATRE NATIONAL DE BRETAGNE - T.N.B.,Activé,53,ROLE_DECLARANT1,37921397800016,35000,RENNES,Ille-et-Vilaine,Bretagne,,3-1099111,288460,,2024-03-19,CLOTURE,,false,,,,,,,,,,,,,,20426,TNB,,1 RUE SAINT-HÉLIER,35000,RENNES,,35,Ille-et-Vilaine,2024-09-01,VALIDE,53,5238,
2024-09-04,2024-09-04,58,THEATRE NATIONAL DE BRETAGNE - T.N.B. CENTRE EUROPEEN DE PRODUCTION THEATRALE ET CHOREGRAPHIQUE,THEATRE NATIONAL DE BRETAGNE - T.N.B.,Activé,53,ROLE_DECLARANT1,37921397800016,35000,RENNES,Ille-et-Vilaine,Bretagne,,3-1099111,288462,,2024-03-19,CLOTURE,,false,,,,,,,,,,,,,,20426,TNB,,1 RUE SAINT-HÉLIER,35000,RENNES,,35,Ille-et-Vilaine,2024-09-01,VALIDE,53,5238,
2024-03-23,2024-03-23,3284,COMEDIE DE RENNES,,Activé,4315,ROLE_SIB,90319904000010,35700,RENNES,Ille-et-Vilaine,Bretagne,,PLATESV-D-2022-003733,281953,/event_dates/1208112,2024-03-17,CLOTURE,,false,,,,,,,,,,,,,,14581,COMÉDIE DE RENNES,,31 RUE XAVIER GRALL,35700,RENNES,,35,Ille-et-Vilaine,2022-06-24,VALIDE,4314,,
2024-03-23,2024-03-23,3284,COMEDIE DE RENNES,,Activé,4315,ROLE_SIB,90319904000010,35700,RENNES,Ille-et-Vilaine,Bretagne,,PLATESV-D-2022-003733,281944,/event_dates/1208098,2024-03-17,CLOTURE,,false,,,,,,,,,,,,,,14581,COMÉDIE DE RENNES,,31 RUE XAVIER GRALL,35700,RENNES,,35,Ille-et-Vilaine,2022-06-24,VALIDE,4314,,
2024-05-22,2024-05-22,2641,MAISON DES JEUNES ET CULTURE DE PACE,,Activé,3356,ROLE_SIB,30593736900026,35740,PACE,Ille-et-Vilaine,Bretagne,31372,PLATESV-R-2020-000949,303012,187,2024-03-16,CLOTURE,,false,,,,,,,,,,,,,,7088,LE PONANT,,BOULEVARD PATRICE DUMAINE DE LA JOSSERIE,35740,PACÉ,,35,Ille-et-Vilaine,2020-02-01,VALIDE,1088,89,
2024-03-26,2024-03-26,1429,COMMUNE DE BETTON,Salle Confluence - Betton,Activé,1780,ROLE_SIB,21350024200259,35830,Betton,Ille-et-Vilaine,Bretagne,,PLATESV-R-2020-005656,282780,324,2024-03-23,CLOTURE,,false,,,,,,,,,,,,,,8489,LA CONFLUENCE,,PLACE CHARLES DE GAULLE,35830,BETTON,,35,Ille-et-Vilaine,2020-09-22,VALIDE,1780,5238,
2024-08-04,2024-08-04,1291,ASSOCIATION LILLICO,,Activé,1551,ROLE_SIB,78975485000038,35000,RENNES,Ille-et-Vilaine,Bretagne,,PLATESV-D-2020-000183,287830,2204,2024-03-23,CLOTURE,,false,,,873,FIGURE,RENNES,35000,2020-03-04,VALIDE,1551,,,,,16849,SALLE GUY ROPARTZ,,14 RUE GUY ROPARTZ,35700,RENNES,,35,Ille-et-Vilaine,2023-01-16,VALIDE,1551,,
2024-11-04,2024-11-04,3820,THEATRE L'AIRE LIBRE,,Activé,5626,ROLE_DECLARANT1,92262510800019,35136,SAINT-JACQUES-DE-LA-LANDE,Ille-et-Vilaine,Bretagne,,PLATESV-D-2023-000211,289321,,2024-03-22,CLOTURE,,false,3306,BAL,3308,BAL#1,SAINT-JACQUES-DE-LA-LANDE,35136,2024-11-04,FUSIONNE,5626,,,2807,L'AIRE LIBRE,18263,THÉÂTRE L'AIRE LIBRE,,2 PLACE JULES VALLÈS,35136,SAINT-JACQUES-DE-LA-LANDE,,35,Ille-et-Vilaine,2023-05-22,FUSIONNE,5047,,
2024-03-20,2024-03-20,3284,COMEDIE DE RENNES,,Activé,4315,ROLE_SIB,90319904000010,35700,RENNES,Ille-et-Vilaine,Bretagne,,PLATESV-D-2022-003733,280804,/event_dates/965371,2024-03-14,CLOTURE,,false,,,,,,,,,,,,,,14581,COMÉDIE DE RENNES,,31 RUE XAVIER GRALL,35700,RENNES,,35,Ille-et-Vilaine,2022-06-24,VALIDE,4314,,
2024-02-04,2024-02-04,1416,COMMUNE DE BRUZ,LE GRAND LOGIS - VILLE DE BRUZ,Activé,1831,ROLE_SIB,21350047300151,35170,BRUZ,Ille-et-Vilaine,Bretagne,DOS20187008,1-1114454,285014,268,2024-03-21,CLOTURE,,false,,,,,,,,,,,,,,2089,COMMUNE DE BRUZ,,10  AV  DU GENERAL DE GAULLE,35170,BRUZ,21350047300151,35,Ille-et-Vilaine,2018-06-27,VALIDE,,,
2024-03-21,2024-03-21,3284,COMEDIE DE RENNES,,Activé,4315,ROLE_SIB,90319904000010,35700,RENNES,Ille-et-Vilaine,Bretagne,,PLATESV-D-2022-003733,281191,/event_dates/965378,2024-03-15,CLOTURE,,false,,,,,,,,,,,,,,14581,COMÉDIE DE RENNES,,31 RUE XAVIER GRALL,35700,RENNES,,35,Ille-et-Vilaine,2022-06-24,VALIDE,4314,,
2025-01-29,2025-01-29,2528,PATCHROCK,,Activé,3204,ROLE_DECLARANT1,41211000900047,35000,RENNES,Ille-et-Vilaine,Bretagne,DOS20196448,3-1010967,363589,,2024-05-03,CLOTURE,,false,,,,,,,,,,,,19044,FGO-BARBARA,16490,FGO BARBARA,FGO BARBARA,1 RUE FLEURY,75018,PARIS,,75,Paris,2022-12-16,FUSIONNE,4333,,
2024-03-25,2024-03-25,542,ASSOCIATION TRANS MUSICALES,ATM,Activé,597,ROLE_DECLARANT1,33886426700020,35000,RENNES,Ille-et-Vilaine,Bretagne,,3-1032090,282633,,2024-03-13,CLOTURE,,false,,,,,,,,,,,,,,5761,UBU,,10/12 RUE JEAN GUY CS 73912,35039,RENNES CEDEX,33886426700020,35,Ille-et-Vilaine,2019-02-21,VALIDE,,,
2024-09-04,2024-09-04,58,THEATRE NATIONAL DE BRETAGNE - T.N.B. CENTRE EUROPEEN DE PRODUCTION THEATRALE ET CHOREGRAPHIQUE,THEATRE NATIONAL DE BRETAGNE - T.N.B.,Activé,53,ROLE_DECLARANT1,37921397800016,35000,RENNES,Ille-et-Vilaine,Bretagne,,3-1099111,288473,,2024-03-13,CLOTURE,,false,,,,,,,,,,,,,,20426,TNB,,1 RUE SAINT-HÉLIER,35000,RENNES,,35,Ille-et-Vilaine,2024-09-01,VALIDE,53,5238,
2024-03-25,2024-03-25,542,ASSOCIATION TRANS MUSICALES,ATM,Activé,597,ROLE_DECLARANT1,33886426700020,35000,RENNES,Ille-et-Vilaine,Bretagne,,3-1032090,282631,,2024-02-29,CLOTURE,,false,,,,,,,,,,,,,,5761,UBU,,10/12 RUE JEAN GUY CS 73912,35039,RENNES CEDEX,33886426700020,35,Ille-et-Vilaine,2019-02-21,VALIDE,,,
2024-03-25,2024-03-25,542,ASSOCIATION TRANS MUSICALES,ATM,Activé,597,ROLE_DECLARANT1,33886426700020,35000,RENNES,Ille-et-Vilaine,Bretagne,,3-1032090,282630,,2024-02-25,CLOTURE,,false,,,,,,,,,,,,,,5761,UBU,,10/12 RUE JEAN GUY CS 73912,35039,RENNES CEDEX,33886426700020,35,Ille-et-Vilaine,2019-02-21,VALIDE,,,
2024-12-03,2024-12-03,3284,COMEDIE DE RENNES,,Activé,4315,ROLE_SIB,90319904000010,35700,RENNES,Ille-et-Vilaine,Bretagne,,PLATESV-D-2022-003733,278742,/event_dates/1051135,2024-06-03,CLOTURE,,false,,,,,,,,,,,,,,14581,COMÉDIE DE RENNES,,31 RUE XAVIER GRALL,35700,RENNES,,35,Ille-et-Vilaine,2022-06-24,VALIDE,4314,,
2024-12-03,2024-12-03,3284,COMEDIE DE RENNES,,Activé,4315,ROLE_SIB,90319904000010,35700,RENNES,Ille-et-Vilaine,Bretagne,,PLATESV-D-2022-003733,278741,/event_dates/1051128,2024-05-03,CLOTURE,,false,,,,,,,,,,,,,,14581,COMÉDIE DE RENNES,,31 RUE XAVIER GRALL,35700,RENNES,,35,Ille-et-Vilaine,2022-06-24,VALIDE,4314,,
2025-03-27,2025-03-27,2934,COMMUNE DE RENNES,OPERA DE RENNES,Activé,3842,ROLE_DECLARANT1,21350238800076,35000,RENNES,Ille-et-Vilaine,Bretagne,84250,PLATESV-R-2021-012024,383572,,2025-03-14,CLOTURE,,false,,,,,,,,,,,,,,503,COMMUNE DE RENNES,,PL  DE LA MAIRIE,35000,RENNES,21350238800019,35,Ille-et-Vilaine,2018-06-27,VALIDE,,,
2025-05-14,2025-05-14,176,ANTIPODE MJC RENNES,ANTIPODE,Activé,3639,ROLE_SIB,77774999500018,35000,RENNES,Ille-et-Vilaine,Bretagne,,3-1019092,405027,declaration_274_2025_1,2025-03-13,CLOTURE,,false,,,,,,,,,,,,,,13768,ANTIPODE,Antipode - PARVIS AGNÈS VARDA,75 AVENUE JULES MANIEZ,35000,RENNES,,35,Ille-et-Vilaine,2022-05-04,VALIDE,3639,5238,
2025-06-19,2025-06-19,5614,UNIVERSITE RENNES  II  HAUTE BRETAGNE,,Activé,7489,ROLE_DECLARANT1,19350937900015,35000,RENNES,Ille-et-Vilaine,Bretagne,PLATESV-R-2020-004301,PLATESV-R-2020-004301,413739,20402,2025-03-13,CLOTURE,,false,,,,,,,,,,,,,,8796,LE TAMBOUR,,PLACE RECTEUR HENRI LE MOAL,35000,RENNES,,35,Ille-et-Vilaine,2020-10-27,VALIDE,945,,
2025-02-04,2025-02-04,1416,COMMUNE DE BRUZ,LE GRAND LOGIS - VILLE DE BRUZ,Activé,1831,ROLE_SIB,21350047300151,35170,BRUZ,Ille-et-Vilaine,Bretagne,DOS20187008,1-1114454,386759,328,2025-03-13,CLOTURE,,false,,,,,,,,,,,,,,2089,COMMUNE DE BRUZ,,10  AV  DU GENERAL DE GAULLE,35170,BRUZ,21350047300151,35,Ille-et-Vilaine,2018-06-27,VALIDE,,,
2024-04-15,2024-04-15,982,SMALL IS BEAUTIFUL PROD,,Activé,1091,ROLE_DECLARANT1,80017431000014,35135,CHANTEPIE,Ille-et-Vilaine,Bretagne,DOS20171343,3-1073587,290552,,2024-02-24,CLOTURE,,false,,,,,,,,,,,,,,8318,THÉÂTRE MUNICIPAL JEAN ALARY,,6 RUE COURTEJAIRE,11000,CARCASSONNE,,11,Aude,2020-07-15,VALIDE,193,,
2024-02-12,2024-02-12,1312,COMMUNE DE CHANTEPIE,MAIRIE,Activé,1577,ROLE_DECLARANT1,21350055600013,35135,CHANTEPIE,Ille-et-Vilaine,Bretagne,DOS20187421,1-1114482,345114,,2024-08-11,CLOTURE,,false,,,,,,,,,,,,,,8950,SALLE POLYVALENTE DES 2 RUISSEAUX,,AVENUE DES DEUX RUISSEAUX,35135,CHANTEPIE,,35,Ille-et-Vilaine,2020-11-13,VALIDE,1577,89,
2025-06-01,2025-06-01,572,CENTRE CULTUREL TRIANGLE,LE TRIANGLE,Activé,631,ROLE_DECLARANT1,32327735000035,35200,RENNES,Ille-et-Vilaine,Bretagne,,3-1014237,354100,,2024-07-11,CLOTURE,,false,,,,,,,,,,,,,,2390,CENTRE CULTUREL TRIANGLE,,BD  DE YOUGOSLAVIE,35200,RENNES,32327735000035,35,Ille-et-Vilaine,2018-06-27,VALIDE,,,
2025-03-27,2025-03-27,2934,COMMUNE DE RENNES,OPERA DE RENNES,Activé,3842,ROLE_DECLARANT1,21350238800076,35000,RENNES,Ille-et-Vilaine,Bretagne,84250,PLATESV-R-2021-012024,383570,,2025-03-19,CLOTURE,,false,,,,,,,,,,,,,,503,COMMUNE DE RENNES,,PL  DE LA MAIRIE,35000,RENNES,21350238800019,35,Ille-et-Vilaine,2018-06-27,VALIDE,,,
2025-07-04,2025-07-04,542,ASSOCIATION TRANS MUSICALES,ATM,Activé,597,ROLE_DECLARANT1,33886426700020,35000,RENNES,Ille-et-Vilaine,Bretagne,,3-1032090,388869,,2025-03-18,CLOTURE,,false,,,,,,,,,,,,,,7843,UBU,,1 RUE SAINT-HÉLIER,35000,RENNES,,35,Ille-et-Vilaine,2020-02-26,VALIDE,597,,
2025-06-01,2025-06-01,1416,COMMUNE DE BRUZ,LE GRAND LOGIS - VILLE DE BRUZ,Activé,1831,ROLE_SIB,21350047300151,35170,BRUZ,Ille-et-Vilaine,Bretagne,DOS20187008,1-1114454,353766,325,2024-05-11,CLOTURE,,false,,,,,,,,,,,,,,2089,COMMUNE DE BRUZ,,10  AV  DU GENERAL DE GAULLE,35170,BRUZ,21350047300151,35,Ille-et-Vilaine,2018-06-27,VALIDE,,,
2025-03-23,2025-03-23,1291,ASSOCIATION LILLICO,,Activé,6234,ROLE_SIB,78975485000038,35000,RENNES,Ille-et-Vilaine,Bretagne,,PLATESV-D-2020-000183,382232,/event_dates/1493187,2025-03-17,CLOTURE,,false,,,,,,,,,,,,,,16849,SALLE GUY ROPARTZ,,14 RUE GUY ROPARTZ,35700,RENNES,,35,Ille-et-Vilaine,2023-01-16,VALIDE,1551,,
2025-07-04,2025-07-04,1312,COMMUNE DE CHANTEPIE,MAIRIE,Activé,1577,ROLE_DECLARANT1,21350055600013,35135,CHANTEPIE,Ille-et-Vilaine,Bretagne,DOS20187421,1-1114482,388498,,2025-08-03,CLOTURE,,false,,,,,,,,,,,,,,8950,SALLE POLYVALENTE DES 2 RUISSEAUX,,AVENUE DES DEUX RUISSEAUX,35135,CHANTEPIE,,35,Ille-et-Vilaine,2020-11-13,VALIDE,1577,89,
2025-07-04,2025-07-04,542,ASSOCIATION TRANS MUSICALES,ATM,Activé,597,ROLE_DECLARANT1,33886426700020,35000,RENNES,Ille-et-Vilaine,Bretagne,,3-1032090,388796,,2024-02-11,CLOTURE,,false,,,,,,,,,,,,,,7843,UBU,,1 RUE SAINT-HÉLIER,35000,RENNES,,35,Ille-et-Vilaine,2020-02-26,VALIDE,597,,
2024-12-11,2024-12-11,3284,COMEDIE DE RENNES,,Activé,4315,ROLE_SIB,90319904000010,35700,RENNES,Ille-et-Vilaine,Bretagne,,PLATESV-D-2022-003733,340707,/event_dates/1662953,2024-10-31,CLOTURE,,false,,,,,,,,,,,,,,14581,COMÉDIE DE RENNES,,31 RUE XAVIER GRALL,35700,RENNES,,35,Ille-et-Vilaine,2022-06-24,VALIDE,4314,,
2024-04-12,2024-04-12,58,THEATRE NATIONAL DE BRETAGNE - T.N.B. CENTRE EUROPEEN DE PRODUCTION THEATRALE ET CHOREGRAPHIQUE,THEATRE NATIONAL DE BRETAGNE - T.N.B.,Activé,53,ROLE_DECLARANT1,37921397800016,35000,RENNES,Ille-et-Vilaine,Bretagne,,3-1099111,345667,,2024-10-30,CLOTURE,,false,,,,,,,,,,,,,,20426,TNB,,1 RUE SAINT-HÉLIER,35000,RENNES,,35,Ille-et-Vilaine,2024-09-01,VALIDE,53,5238,
2025-07-15,2025-07-15,5466,COMMUNE DE SAINT GILLES,MAIRIE,Activé,7301,ROLE_SIB,21350275000085,35590,SAINT-GILLES,Ille-et-Vilaine,Bretagne,PLATESV-R-2020-005381,PLATESV-R-2020-005381,420220,132,2025-07-03,CLOTURE,,false,,,,,,,,,,,,,,25782,LE SABOT D'OR,,LE PONT HAZARD,35590,SAINT-GILLES,,35,Ille-et-Vilaine,2025-04-29,VALIDE,7301,,
2025-03-22,2025-03-22,610,COMMUNE DE CHARTRES DE BRETAGNE,MAIRIE,Activé,638,ROLE_DECLARANT1,21350066300017,35131,CHARTRES DE BRETAGNE,Ille-et-Vilaine,Bretagne,DOS20179174,1-1107987,382213,,2025-03-14,CLOTURE,,false,,,,,,,,,,,,,,7572,CENTRE CULTUREL PÔLE SUD,,RUE DE LA CONTERIE,35131,CHARTRES-DE-BRETAGNE,,35,Ille-et-Vilaine,2020-01-22,VALIDE,638,,
2025-07-04,2025-07-04,542,ASSOCIATION TRANS MUSICALES,ATM,Activé,597,ROLE_DECLARANT1,33886426700020,35000,RENNES,Ille-et-Vilaine,Bretagne,,3-1032090,388787,,2024-10-26,CLOTURE,,false,,,,,,,,,,,,,,7843,UBU,,1 RUE SAINT-HÉLIER,35000,RENNES,,35,Ille-et-Vilaine,2020-02-26,VALIDE,597,,
2025-11-02,2025-11-02,3255,LE CARRE MAGIQUE,FESTIVAL INTERNATIONAL VIVE LA MAGIE,Activé,4271,ROLE_DECLARANT1,75367092600033,35000,RENNES,Ille-et-Vilaine,Bretagne,93877,PLATESV-R-2022-001102,368332,,2024-10-26,CLOTURE,,false,,,,,,,,,,,,7258,AUDITORIUM MICHEL CREPEAU,18637,ESPACE ENCAN - AUDITORIUM MICHEL CRÉPEAU,,QUAI LOUIS PRUNIER,17000,LA ROCHELLE,,17,Charente-Maritime,2023-06-28,FUSIONNE,5033,,
2025-03-13,2025-03-13,1291,ASSOCIATION LILLICO,,Activé,6234,ROLE_SIB,78975485000038,35000,RENNES,Ille-et-Vilaine,Bretagne,,PLATESV-D-2020-000183,378350,/event_dates/1493138,2025-07-03,CLOTURE,,false,,,,,,,,,,,,,,16849,SALLE GUY ROPARTZ,,14 RUE GUY ROPARTZ,35700,RENNES,,35,Ille-et-Vilaine,2023-01-16,VALIDE,1551,,
2025-08-04,2025-08-04,3063,LE GRAND CORDEL MAISON DES JEUNES ET DE LA CULTURE,Association,Activé,5994,ROLE_DECLARANT2,77774992000024,35700,RENNES,Ille-et-Vilaine,Bretagne,DOS20196625,1-1039842,389395,,2025-06-03,CLOTURE,,false,,,,,,,,,,,,,,3354,LE GRAND CORDEL MAISON DES JEUNES ET DE LA CULTURE,,18  RUE  DES PLANTES,35700,RENNES,77774992000024,35,Ille-et-Vilaine,2018-06-27,VALIDE,,,
2024-12-17,2024-12-17,1291,ASSOCIATION LILLICO,,Activé,6234,ROLE_SIB,78975485000038,35000,RENNES,Ille-et-Vilaine,Bretagne,,PLATESV-D-2020-000183,349326,/event_dates/1405624,2024-10-23,CLOTURE,,false,,,,,,,,,,,,,,16849,SALLE GUY ROPARTZ,,14 RUE GUY ROPARTZ,35700,RENNES,,35,Ille-et-Vilaine,2023-01-16,VALIDE,1551,,
2024-12-17,2024-12-17,1291,ASSOCIATION LILLICO,,Activé,6234,ROLE_SIB,78975485000038,35000,RENNES,Ille-et-Vilaine,Bretagne,,PLATESV-D-2020-000183,349316,/event_dates/1405582,2024-10-22,CLOTURE,,false,,,,,,,,,,,,,,16849,SALLE GUY ROPARTZ,,14 RUE GUY ROPARTZ,35700,RENNES,,35,Ille-et-Vilaine,2023-01-16,VALIDE,1551,,
2024-12-17,2024-12-17,1291,ASSOCIATION LILLICO,,Activé,6234,ROLE_SIB,78975485000038,35000,RENNES,Ille-et-Vilaine,Bretagne,,PLATESV-D-2020-000183,349314,/event_dates/1405547,2024-10-22,CLOTURE,,false,,,,,,,,,,,,,,16849,SALLE GUY ROPARTZ,,14 RUE GUY ROPARTZ,35700,RENNES,,35,Ille-et-Vilaine,2023-01-16,VALIDE,1551,,
2025-07-04,2025-07-04,542,ASSOCIATION TRANS MUSICALES,ATM,Activé,597,ROLE_DECLARANT1,33886426700020,35000,RENNES,Ille-et-Vilaine,Bretagne,,3-1032090,388782,,2024-10-19,CLOTURE,,false,,,,,,,,,,,,,,7843,UBU,,1 RUE SAINT-HÉLIER,35000,RENNES,,35,Ille-et-Vilaine,2020-02-26,VALIDE,597,,
2025-11-03,2025-11-03,1291,ASSOCIATION LILLICO,,Activé,6234,ROLE_SIB,78975485000038,35000,RENNES,Ille-et-Vilaine,Bretagne,,PLATESV-D-2020-000183,377494,/event_dates/1493061,2025-05-03,CLOTURE,,false,,,,,,,,,,,,,,16849,SALLE GUY ROPARTZ,,14 RUE GUY ROPARTZ,35700,RENNES,,35,Ille-et-Vilaine,2023-01-16,VALIDE,1551,,
2025-03-31,2025-03-31,572,CENTRE CULTUREL TRIANGLE,LE TRIANGLE,Activé,631,ROLE_DECLARANT1,32327735000035,35200,RENNES,Ille-et-Vilaine,Bretagne,,3-1014237,384465,,2025-05-03,CLOTURE,,false,,,,,,,,,,,,,,2390,CENTRE CULTUREL TRIANGLE,,BD  DE YOUGOSLAVIE,35200,RENNES,32327735000035,35,Ille-et-Vilaine,2018-06-27,VALIDE,,,
2024-12-17,2024-12-17,1291,ASSOCIATION LILLICO,,Activé,6234,ROLE_SIB,78975485000038,35000,RENNES,Ille-et-Vilaine,Bretagne,,PLATESV-D-2020-000183,349297,/event_dates/1405750,2024-10-19,CLOTURE,,false,,,,,,,,,,,,,,9051,MAISON DE QUARTIER DE LA BELLANGERAIS,,5 RUE DU MORBIHAN,35700,RENNES,,35,Ille-et-Vilaine,2020-11-30,VALIDE,1551,89,
2024-12-21,2024-12-21,1584,ORCHESTRE NATIONAL DE BRETAGNE,ORCHESTRE NATIONAL DE BRETAGNE,Activé,5671,ROLE_DECLARANT2,35010209100021,35000,RENNES,Ille-et-Vilaine,Bretagne,DOS20183137,2-1054646,351801,,2024-10-18,CLOTURE,,false,,,,,,,,,,,,,,9345,OPÉRA DE RENNES,Opéra de Rennes,PLACE DE LA MAIRIE,35000,RENNES,,35,Ille-et-Vilaine,2021-06-01,VALIDE,2015,89,Adresse
2025-03-31,2025-03-31,2641,MAISON DES JEUNES ET CULTURE DE PACE,,Activé,3356,ROLE_SIB,30593736900026,35740,PACE,Ille-et-Vilaine,Bretagne,31372,PLATESV-R-2020-000949,384562,215,2024-10-18,CLOTURE,,false,,,,,,,,,,,,,,11393,ESCAPADE,,6 AVENUE CHARLES LE GOFFIC,35740,PACÉ,,35,Ille-et-Vilaine,2021-09-24,VALIDE,3356,5239,
2024-12-17,2024-12-17,1291,ASSOCIATION LILLICO,,Activé,6234,ROLE_SIB,78975485000038,35000,RENNES,Ille-et-Vilaine,Bretagne,,PLATESV-D-2020-000183,349295,/event_dates/1405736,2024-10-18,CLOTURE,,false,,,,,,,,,,,,,,9051,MAISON DE QUARTIER DE LA BELLANGERAIS,,5 RUE DU MORBIHAN,35700,RENNES,,35,Ille-et-Vilaine,2020-11-30,VALIDE,1551,89,
2025-07-16,2025-07-16,2934,COMMUNE DE RENNES,OPERA DE RENNES,Activé,3842,ROLE_DECLARANT1,21350238800076,35000,RENNES,Ille-et-Vilaine,Bretagne,84250,PLATESV-R-2021-012024,422531,,2025-04-03,CLOTURE,,false,,,,,,,,,,,,,,503,COMMUNE DE RENNES,,PL  DE LA MAIRIE,35000,RENNES,21350238800019,35,Ille-et-Vilaine,2018-06-27,VALIDE,,,
2024-10-23,2024-10-23,3780,LA PAILLETTE,,Activé,5001,ROLE_SIB,77774969800034,35000,RENNES,Ille-et-Vilaine,Bretagne,52745,PLATESV-R-2020-009633,337565,/event_dates/1397273,2024-10-17,CLOTURE,,true,,,,,,,,,,,,2868,ASS MJC LA PAILLETTE,9054,LA PAILLETTE,,2 RUE DU PRÉ DE BRIS,35000,RENNES,,35,Ille-et-Vilaine,2020-11-30,FUSIONNE,1551,89,
2025-04-15,2025-04-15,3848,PARAPENTE,,Activé,5083,ROLE_DECLARANT1,79913195800024,35000,RENNES,Ille-et-Vilaine,Bretagne,65071,PLATESV-D-2021-001233,395740,,2024-10-17,CLOTURE,,false,,,,,,,,,,,,,,7644,THÉÂTRE BO SAINT MARTIN,Théâtre Bo Saint Martin,19 BOULEVARD SAINT-MARTIN,75003,PARIS,,75,Paris,2020-03-02,VALIDE,803,,
2024-12-17,2024-12-17,1291,ASSOCIATION LILLICO,,Activé,6234,ROLE_SIB,78975485000038,35000,RENNES,Ille-et-Vilaine,Bretagne,,PLATESV-D-2020-000183,349288,/event_dates/1398197,2024-10-16,CLOTURE,,false,,,,,,,,,,,,,,16849,SALLE GUY ROPARTZ,,14 RUE GUY ROPARTZ,35700,RENNES,,35,Ille-et-Vilaine,2023-01-16,VALIDE,1551,,
2025-06-01,2025-06-01,572,CENTRE CULTUREL TRIANGLE,LE TRIANGLE,Activé,631,ROLE_DECLARANT1,32327735000035,35200,RENNES,Ille-et-Vilaine,Bretagne,,3-1014237,354098,,2024-10-16,CLOTURE,,false,,,,,,,,,,,,,,2390,CENTRE CULTUREL TRIANGLE,,BD  DE YOUGOSLAVIE,35200,RENNES,32327735000035,35,Ille-et-Vilaine,2018-06-27,VALIDE,,,
2025-01-27,2025-01-27,982,SMALL IS BEAUTIFUL PROD,,Activé,1091,ROLE_DECLARANT1,80017431000014,35135,CHANTEPIE,Ille-et-Vilaine,Bretagne,DOS20171343,3-1073587,361220,,2024-10-15,CLOTURE,,false,,,,,,,,,,,,,,7574,THEATRE FEMINA,,10 RUE DE GRASSI,33000,BORDEAUX,,33,Gironde,2020-01-22,VALIDE,716,,
2025-03-25,2025-03-25,2934,COMMUNE DE RENNES,OPERA DE RENNES,Activé,3842,ROLE_DECLARANT1,21350238800076,35000,RENNES,Ille-et-Vilaine,Bretagne,84250,PLATESV-R-2021-012024,383094,,2025-07-02,CLOTURE,,false,,,,,,,,,,,,,,503,COMMUNE DE RENNES,,PL  DE LA MAIRIE,35000,RENNES,21350238800019,35,Ille-et-Vilaine,2018-06-27,VALIDE,,,
2025-02-13,2025-02-13,3780,LA PAILLETTE,,Activé,5001,ROLE_SIB,77774969800034,35000,RENNES,Ille-et-Vilaine,Bretagne,52745,PLATESV-R-2020-009633,369488,/event_dates/1397413,2025-07-02,CLOTURE,,true,,,,,,,,,,,,2868,ASS MJC LA PAILLETTE,9054,LA PAILLETTE,,2 RUE DU PRÉ DE BRIS,35000,RENNES,,35,Ille-et-Vilaine,2020-11-30,FUSIONNE,1551,89,
2024-10-18,2024-10-18,3284,COMEDIE DE RENNES,,Activé,4315,ROLE_SIB,90319904000010,35700,RENNES,Ille-et-Vilaine,Bretagne,,PLATESV-D-2022-003733,336317,/event_dates/1301443,2024-12-10,CLOTURE,,false,,,,,,,,,,,,,,14581,COMÉDIE DE RENNES,,31 RUE XAVIER GRALL,35700,RENNES,,35,Ille-et-Vilaine,2022-06-24,VALIDE,4314,,
2024-10-05,2024-10-05,3163,3 P'TIT TOUR,,Activé,4142,ROLE_DECLARANT1,41013812700015,35000,RENNES,Ille-et-Vilaine,Bretagne,DOS20196449,3-1006236,300274,,2023-09-12,CLOTURE,,true,,,2619,BARS EN TRANS,RENNES,35000,2023-04-26,VALIDE,4142,,,,,18083,L'ETE INDIEN,,33 RUE SAINT-MELAINE,35000,RENNES,,35,Ille-et-Vilaine,2023-04-26,VALIDE,4142,,
2024-10-05,2024-10-05,3163,3 P'TIT TOUR,,Activé,4142,ROLE_DECLARANT1,41013812700015,35000,RENNES,Ille-et-Vilaine,Bretagne,DOS20196449,3-1006236,300265,,2023-09-12,CLOTURE,,true,,,2619,BARS EN TRANS,RENNES,35000,2023-04-26,VALIDE,4142,,,,,13580,SALLE DE LA CITÉ,,10 RUE SAINT-LOUIS,35000,RENNES,,35,Ille-et-Vilaine,2022-03-15,VALIDE,3078,,
2024-10-05,2024-10-05,3163,3 P'TIT TOUR,,Activé,4142,ROLE_DECLARANT1,41013812700015,35000,RENNES,Ille-et-Vilaine,Bretagne,DOS20196449,3-1006236,300298,,2023-09-12,CLOTURE,,true,,,2619,BARS EN TRANS,RENNES,35000,2023-04-26,VALIDE,4142,,,,,18106,LE 4 BIS,,4BIS COURS DES ALLIÉS,35000,RENNES,,35,Ille-et-Vilaine,2023-04-27,VALIDE,4142,,
2023-12-15,2023-12-15,3284,COMEDIE DE RENNES,,Activé,4315,ROLE_SIB,90319904000010,35700,RENNES,Ille-et-Vilaine,Bretagne,,PLATESV-D-2022-003733,255101,/event_dates/1179475,2023-09-12,CLOTURE,,false,,,,,,,,,,,,,,14581,COMÉDIE DE RENNES,,31 RUE XAVIER GRALL,35700,RENNES,,35,Ille-et-Vilaine,2022-06-24,VALIDE,4314,,
2024-10-05,2024-10-05,3163,3 P'TIT TOUR,,Activé,4142,ROLE_DECLARANT1,41013812700015,35000,RENNES,Ille-et-Vilaine,Bretagne,DOS20196449,3-1006236,300269,,2023-08-12,CLOTURE,,true,,,2619,BARS EN TRANS,RENNES,35000,2023-04-26,VALIDE,4142,,,,,18083,L'ETE INDIEN,,33 RUE SAINT-MELAINE,35000,RENNES,,35,Ille-et-Vilaine,2023-04-26,VALIDE,4142,,
2025-03-25,2025-03-25,2934,COMMUNE DE RENNES,OPERA DE RENNES,Activé,3842,ROLE_DECLARANT1,21350238800076,35000,RENNES,Ille-et-Vilaine,Bretagne,84250,PLATESV-R-2021-012024,383095,,2025-06-02,CLOTURE,,false,,,,,,,,,,,,,,503,COMMUNE DE RENNES,,PL  DE LA MAIRIE,35000,RENNES,21350238800019,35,Ille-et-Vilaine,2018-06-27,VALIDE,,,
2024-10-05,2024-10-05,3163,3 P'TIT TOUR,,Activé,4142,ROLE_DECLARANT1,41013812700015,35000,RENNES,Ille-et-Vilaine,Bretagne,DOS20196449,3-1006236,300286,,2023-08-12,CLOTURE,,true,,,2619,BARS EN TRANS,RENNES,35000,2023-04-26,VALIDE,4142,,,,,18088,L'AMROK,,6G RUE DE BREST,35000,RENNES,,35,Ille-et-Vilaine,2023-04-26,VALIDE,4142,,
2024-10-05,2024-10-05,3163,3 P'TIT TOUR,,Activé,4142,ROLE_DECLARANT1,41013812700015,35000,RENNES,Ille-et-Vilaine,Bretagne,DOS20196449,3-1006236,300259,,2023-08-12,CLOTURE,,true,,,2619,BARS EN TRANS,RENNES,35000,2023-04-26,VALIDE,4142,,,,,13580,SALLE DE LA CITÉ,,10 RUE SAINT-LOUIS,35000,RENNES,,35,Ille-et-Vilaine,2022-03-15,VALIDE,3078,,
2024-10-05,2024-10-05,3163,3 P'TIT TOUR,,Activé,4142,ROLE_DECLARANT1,41013812700015,35000,RENNES,Ille-et-Vilaine,Bretagne,DOS20196449,3-1006236,300243,,2023-07-12,CLOTURE,,true,,,2619,BARS EN TRANS,RENNES,35000,2023-04-26,VALIDE,4142,,,,,2890,THEATRE DE LA PARCHEMINERIE,,23  RUE  DE LA PARCHEMINERIE,35000,RENNES,77773680200029,35,Ille-et-Vilaine,2018-06-27,VALIDE,,,
2023-12-15,2023-12-15,2934,COMMUNE DE RENNES,OPERA DE RENNES,Activé,3842,ROLE_DECLARANT1,21350238800076,35000,RENNES,Ille-et-Vilaine,Bretagne,84250,PLATESV-R-2021-012024,255296,,2023-07-12,CLOTURE,,false,,,,,,,,,,,,,,503,COMMUNE DE RENNES,,PL  DE LA MAIRIE,35000,RENNES,21350238800019,35,Ille-et-Vilaine,2018-06-27,VALIDE,,,
2023-12-12,2023-12-12,3284,COMEDIE DE RENNES,,Activé,4315,ROLE_SIB,90319904000010,35700,RENNES,Ille-et-Vilaine,Bretagne,,PLATESV-D-2022-003733,254007,/event_dates/756381,2023-06-12,CLOTURE,,false,,,,,,,,,,,,,,14581,COMÉDIE DE RENNES,,31 RUE XAVIER GRALL,35700,RENNES,,35,Ille-et-Vilaine,2022-06-24,VALIDE,4314,,
2025-11-02,2025-11-02,3255,LE CARRE MAGIQUE,FESTIVAL INTERNATIONAL VIVE LA MAGIE,Activé,4271,ROLE_DECLARANT1,75367092600033,35000,RENNES,Ille-et-Vilaine,Bretagne,93877,PLATESV-R-2022-001102,368348,,2025-01-02,CLOTURE,,false,,,,,,,,,,,,7042,BOURSE DU TRAVAIL,13221,LA BOURSE DU TRAVAIL,LA BOURSE DU TRAVAIL,205 PLACE GUICHARD,69003,LYON,,69,Rhône,2022-01-24,FUSIONNE,1174,5238,Adresse
2025-11-02,2025-11-02,610,COMMUNE DE CHARTRES DE BRETAGNE,MAIRIE,Activé,638,ROLE_DECLARANT1,21350066300017,35131,CHARTRES DE BRETAGNE,Ille-et-Vilaine,Bretagne,DOS20179174,1-1107987,368890,,2025-01-31,CLOTURE,,false,,,,,,,,,,,,,,7572,CENTRE CULTUREL PÔLE SUD,,RUE DE LA CONTERIE,35131,CHARTRES-DE-BRETAGNE,,35,Ille-et-Vilaine,2020-01-22,VALIDE,638,,
2023-12-19,2023-12-19,176,ANTIPODE MJC RENNES,ANTIPODE,Activé,3639,ROLE_SIB,77774999500018,35000,RENNES,Ille-et-Vilaine,Bretagne,,3-1019092,256371,event_525,2023-01-12,CLOTURE,,false,,,,,,,,,,,,,,13768,ANTIPODE,Antipode - PARVIS AGNÈS VARDA,75 AVENUE JULES MANIEZ,35000,RENNES,,35,Ille-et-Vilaine,2022-05-04,VALIDE,3639,5238,
2024-07-22,2024-07-22,3284,COMEDIE DE RENNES,,Activé,4315,ROLE_SIB,90319904000010,35700,RENNES,Ille-et-Vilaine,Bretagne,,PLATESV-D-2022-003733,319906,/event_dates/1352291,2024-07-16,CLOTURE,,false,,,,,,,,,,,,,,14581,COMÉDIE DE RENNES,,31 RUE XAVIER GRALL,35700,RENNES,,35,Ille-et-Vilaine,2022-06-24,VALIDE,4314,,
2024-07-19,2024-07-19,3284,COMEDIE DE RENNES,,Activé,4315,ROLE_SIB,90319904000010,35700,RENNES,Ille-et-Vilaine,Bretagne,,PLATESV-D-2022-003733,319423,/event_dates/1352284,2024-07-13,CLOTURE,,false,,,,,,,,,,,,,,14581,COMÉDIE DE RENNES,,31 RUE XAVIER GRALL,35700,RENNES,,35,Ille-et-Vilaine,2022-06-24,VALIDE,4314,,
2024-03-25,2024-03-25,542,ASSOCIATION TRANS MUSICALES,ATM,Activé,597,ROLE_DECLARANT1,33886426700020,35000,RENNES,Ille-et-Vilaine,Bretagne,,3-1032090,282620,,2023-11-30,CLOTURE,,false,,,,,,,,,,,,,,5761,UBU,,10/12 RUE JEAN GUY CS 73912,35039,RENNES CEDEX,33886426700020,35,Ille-et-Vilaine,2019-02-21,VALIDE,,,
2024-07-19,2024-07-19,3284,COMEDIE DE RENNES,,Activé,4315,ROLE_SIB,90319904000010,35700,RENNES,Ille-et-Vilaine,Bretagne,,PLATESV-D-2022-003733,319420,/event_dates/1409131,2024-07-13,CLOTURE,,false,,,,,,,,,,,,,,14581,COMÉDIE DE RENNES,,31 RUE XAVIER GRALL,35700,RENNES,,35,Ille-et-Vilaine,2022-06-24,VALIDE,4314,,
2024-07-19,2024-07-19,3284,COMEDIE DE RENNES,,Activé,4315,ROLE_SIB,90319904000010,35700,RENNES,Ille-et-Vilaine,Bretagne,,PLATESV-D-2022-003733,319380,/event_dates/1409117,2024-07-13,CLOTURE,,false,,,,,,,,,,,,,,14581,COMÉDIE DE RENNES,,31 RUE XAVIER GRALL,35700,RENNES,,35,Ille-et-Vilaine,2022-06-24,VALIDE,4314,,
2024-07-15,2024-07-15,3284,COMEDIE DE RENNES,,Activé,4315,ROLE_SIB,90319904000010,35700,RENNES,Ille-et-Vilaine,Bretagne,,PLATESV-D-2022-003733,316244,/event_dates/1352277,2024-09-07,CLOTURE,,false,,,,,,,,,,,,,,14581,COMÉDIE DE RENNES,,31 RUE XAVIER GRALL,35700,RENNES,,35,Ille-et-Vilaine,2022-06-24,VALIDE,4314,,
2024-03-25,2024-03-25,542,ASSOCIATION TRANS MUSICALES,ATM,Activé,597,ROLE_DECLARANT1,33886426700020,35000,RENNES,Ille-et-Vilaine,Bretagne,,3-1032090,282619,,2023-11-27,CLOTURE,,false,,,,,,,,,,,,,,5761,UBU,,10/12 RUE JEAN GUY CS 73912,35039,RENNES CEDEX,33886426700020,35,Ille-et-Vilaine,2019-02-21,VALIDE,,,
2025-06-03,2025-06-03,3780,LA PAILLETTE,,Activé,5001,ROLE_SIB,77774969800034,35000,RENNES,Ille-et-Vilaine,Bretagne,52745,PLATESV-R-2020-009633,375947,/event_dates/1397427,2025-02-28,CLOTURE,,true,,,,,,,,,,,,2868,ASS MJC LA PAILLETTE,9054,LA PAILLETTE,,2 RUE DU PRÉ DE BRIS,35000,RENNES,,35,Ille-et-Vilaine,2020-11-30,FUSIONNE,1551,89,
2023-02-12,2023-02-12,3284,COMEDIE DE RENNES,,Activé,4315,ROLE_SIB,90319904000010,35700,RENNES,Ille-et-Vilaine,Bretagne,,PLATESV-D-2022-003733,251910,/event_dates/1116719,2023-11-26,CLOTURE,,false,,,,,,,,,,,,,,14581,COMÉDIE DE RENNES,,31 RUE XAVIER GRALL,35700,RENNES,,35,Ille-et-Vilaine,2022-06-24,VALIDE,4314,,
2025-08-04,2025-09-04,3063,LE GRAND CORDEL MAISON DES JEUNES ET DE LA CULTURE,Association,Activé,5994,ROLE_DECLARANT2,77774992000024,35700,RENNES,Ille-et-Vilaine,Bretagne,DOS20196625,1-1039842,389393,,2025-02-28,CLOTURE,,false,,,,,,,,,,,,,,3354,LE GRAND CORDEL MAISON DES JEUNES ET DE LA CULTURE,,18  RUE  DES PLANTES,35700,RENNES,77774992000024,35,Ille-et-Vilaine,2018-06-27,VALIDE,,,
2024-07-25,2024-07-25,4653,ASS ON LACHE RIEN.....SAUF LES CHIENS,,Activé,6249,ROLE_DECLARANT1,47908799100010,35200,RENNES,Ille-et-Vilaine,Bretagne,PLATESV-R-2020-001025,PLATESV-R-2020-001025,321221,,2024-05-07,CLOTURE,,false,,,3521,Festival On Lâche Rien Sauf Les Chiens,POLIGNÉ,35320,2024-07-25,VALIDE,6249,,,,,22588,FESTIVAL ON LÂCHE RIEN SAUF LES CHIENS 2024,,1 RUE DE CHOISEL,35320,POLIGNÉ,,35,Ille-et-Vilaine,2024-07-25,VALIDE,6249,5238,
2023-01-12,2023-01-12,3284,COMEDIE DE RENNES,,Activé,4315,ROLE_SIB,90319904000010,35700,RENNES,Ille-et-Vilaine,Bretagne,,PLATESV-D-2022-003733,251585,/event_dates/1116712,2023-11-25,CLOTURE,,false,,,,,,,,,,,,,,14581,COMÉDIE DE RENNES,,31 RUE XAVIER GRALL,35700,RENNES,,35,Ille-et-Vilaine,2022-06-24,VALIDE,4314,,
2025-07-22,2025-07-22,1125,CARTEL CONCERTS,,Activé,1278,ROLE_DECLARANT1,80023696000038,35200,RENNES,Ille-et-Vilaine,Bretagne,DOS20168997,3-1072466,424608,,2025-11-02,CLOTURE,,false,,,,,,,,,,,,,,1446,ESPACE YOYO,,13  AV  PRESIDENT WILSON,75116,PARIS 16,79211235100020,75,Paris,2018-06-27,VALIDE,,,
2024-04-01,2024-04-01,1202,COMMUNE DE SAINT GREGOIRE,MAIRIE,Activé,4979,ROLE_SIB,21350278400019,35760,SAINT-GREGOIRE,Ille-et-Vilaine,Bretagne,DOS20192051,3-1119456,259526,5,2023-11-24,CLOTURE,,false,,,,,,,,,,,,,,17611,IMAGE ET SON,,PLACE DU CHAMP MARQUÉ,35760,SAINT-GRÉGOIRE,,35,Ille-et-Vilaine,2023-03-15,VALIDE,4979,5238,
2024-09-01,2024-09-01,58,THEATRE NATIONAL DE BRETAGNE - T.N.B. CENTRE EUROPEEN DE PRODUCTION THEATRALE ET CHOREGRAPHIQUE,THEATRE NATIONAL DE BRETAGNE - T.N.B.,Activé,53,ROLE_DECLARANT1,37921397800016,35000,RENNES,Ille-et-Vilaine,Bretagne,,3-1099111,260921,,2023-11-23,CLOTURE,,false,,,,,,,,,,,,2868,ASS MJC LA PAILLETTE,9054,LA PAILLETTE,,2 RUE DU PRÉ DE BRIS,35000,RENNES,,35,Ille-et-Vilaine,2020-11-30,FUSIONNE,1551,89,
2024-09-01,2024-09-01,58,THEATRE NATIONAL DE BRETAGNE - T.N.B. CENTRE EUROPEEN DE PRODUCTION THEATRALE ET CHOREGRAPHIQUE,THEATRE NATIONAL DE BRETAGNE - T.N.B.,Activé,53,ROLE_DECLARANT1,37921397800016,35000,RENNES,Ille-et-Vilaine,Bretagne,,3-1099111,260814,,2023-11-23,CLOTURE,,true,,,219,Festival TNB,RENNES,35000,2018-06-27,VALIDE,,,,,,16849,SALLE GUY ROPARTZ,,14 RUE GUY ROPARTZ,35700,RENNES,,35,Ille-et-Vilaine,2023-01-16,VALIDE,1551,,
2024-09-01,2024-09-01,58,THEATRE NATIONAL DE BRETAGNE - T.N.B. CENTRE EUROPEEN DE PRODUCTION THEATRALE ET CHOREGRAPHIQUE,THEATRE NATIONAL DE BRETAGNE - T.N.B.,Activé,53,ROLE_DECLARANT1,37921397800016,35000,RENNES,Ille-et-Vilaine,Bretagne,,3-1099111,260918,,2023-11-22,CLOTURE,,false,,,,,,,,,,,,,,2807,L'AIRE LIBRE,,2  PL  JULES VALLES,35136,SAINT JACQUES DE LA LANDE,39940720400011,35,Ille-et-Vilaine,2018-06-27,VALIDE,,,
2024-03-14,2024-03-14,3063,LE GRAND CORDEL MAISON DES JEUNES ET DE LA CULTURE,Association,Activé,5994,ROLE_DECLARANT2,77774992000024,35700,RENNES,Ille-et-Vilaine,Bretagne,DOS20196625,1-1039842,279423,,2023-11-19,CLOTURE,,false,,,,,,,,,,,,,,9051,MAISON DE QUARTIER DE LA BELLANGERAIS,,5 RUE DU MORBIHAN,35700,RENNES,,35,Ille-et-Vilaine,2020-11-30,VALIDE,1551,89,
2025-03-13,2025-03-13,5328,ASSOCIATION FIGURE PROJECT,FIGURE PROJECT,Activé,7123,ROLE_DECLARANT1,50842428000032,35200,RENNES,Ille-et-Vilaine,Bretagne,PLATESV-R-2021-014531,PLATESV-R-2021-014531,378487,,2024-06-23,CLOTURE,,false,,,4222,EXTENSION SAUVAGE,COMBOURG,35270,2025-03-13,VALIDE,7123,,,,,25193,CHATEAU DE LA BALLUE,,LA BALLUE,35560,BAZOUGES-LA-PÉROUSE,,35,Ille-et-Vilaine,2025-03-13,VALIDE,7123,,
2024-06-25,2024-06-25,2934,COMMUNE DE RENNES,OPERA DE RENNES,Activé,3842,ROLE_DECLARANT1,21350238800076,35000,RENNES,Ille-et-Vilaine,Bretagne,84250,PLATESV-R-2021-012024,311095,,2024-06-22,CLOTURE,,false,,,,,,,,,,,,,,503,COMMUNE DE RENNES,,PL  DE LA MAIRIE,35000,RENNES,21350238800019,35,Ille-et-Vilaine,2018-06-27,VALIDE,,,
2024-09-01,2024-09-01,58,THEATRE NATIONAL DE BRETAGNE - T.N.B. CENTRE EUROPEEN DE PRODUCTION THEATRALE ET CHOREGRAPHIQUE,THEATRE NATIONAL DE BRETAGNE - T.N.B.,Activé,53,ROLE_DECLARANT1,37921397800016,35000,RENNES,Ille-et-Vilaine,Bretagne,,3-1099111,260892,,2023-11-18,CLOTURE,,false,,,,,,,,,,,,,,12737,MUSÉE DES BEAUX ARTS DE RENNES,,20 QUAI EMILE ZOLA,35000,RENNES,,35,Ille-et-Vilaine,2021-12-20,VALIDE,53,,
2023-12-19,2023-12-19,176,ANTIPODE MJC RENNES,ANTIPODE,Activé,3639,ROLE_SIB,77774999500018,35000,RENNES,Ille-et-Vilaine,Bretagne,,3-1019092,256375,event_531,2023-11-17,CLOTURE,,false,,,,,,,,,,,,,,13768,ANTIPODE,Antipode - PARVIS AGNÈS VARDA,75 AVENUE JULES MANIEZ,35000,RENNES,,35,Ille-et-Vilaine,2022-05-04,VALIDE,3639,5238,
2024-07-18,2024-07-18,654,CENTRE CHOREGRAPHIQUE NATIONAL DE RENNES ET DE BRETAGNE,FAIRE CCN RENNES,Activé,689,ROLE_DECLARANT1,31464796700020,35000,RENNES,Ille-et-Vilaine,Bretagne,DOS20181231,1-1110488,319206,,2024-06-19,CLOTURE,,false,,,3510,(UNDER)GROUND,RENNES,35000,2024-07-18,VALIDE,689,,,,,20426,TNB,,1 RUE SAINT-HÉLIER,35000,RENNES,,35,Ille-et-Vilaine,2024-09-01,VALIDE,53,5238,
2025-05-16,2025-05-16,3780,LA PAILLETTE,,Activé,5001,ROLE_SIB,77774969800034,35000,RENNES,Ille-et-Vilaine,Bretagne,52745,PLATESV-R-2020-009633,405623,/event_dates/1948455,2025-10-05,CLOTURE,,false,,,,,,,,,,,,2868,ASS MJC LA PAILLETTE,9054,LA PAILLETTE,,2 RUE DU PRÉ DE BRIS,35000,RENNES,,35,Ille-et-Vilaine,2020-11-30,FUSIONNE,1551,89,
2025-05-16,2025-05-16,3284,COMEDIE DE RENNES,,Activé,4315,ROLE_SIB,90319904000010,35700,RENNES,Ille-et-Vilaine,Bretagne,,PLATESV-D-2022-003733,405607,/event_dates/1964128,2025-10-05,CLOTURE,,false,,,,,,,,,,,,,,14581,COMÉDIE DE RENNES,,31 RUE XAVIER GRALL,35700,RENNES,,35,Ille-et-Vilaine,2022-06-24,VALIDE,4314,,
2025-05-16,2025-05-16,3780,LA PAILLETTE,,Activé,5001,ROLE_SIB,77774969800034,35000,RENNES,Ille-et-Vilaine,Bretagne,52745,PLATESV-R-2020-009633,405600,/event_dates/1948441,2025-10-05,CLOTURE,,false,,,,,,,,,,,,2868,ASS MJC LA PAILLETTE,9054,LA PAILLETTE,,2 RUE DU PRÉ DE BRIS,35000,RENNES,,35,Ille-et-Vilaine,2020-11-30,FUSIONNE,1551,89,
2025-05-16,2025-05-16,3780,LA PAILLETTE,,Activé,5001,ROLE_SIB,77774969800034,35000,RENNES,Ille-et-Vilaine,Bretagne,52745,PLATESV-R-2020-009633,405592,/event_dates/1948427,2025-10-05,CLOTURE,,false,,,,,,,,,,,,2868,ASS MJC LA PAILLETTE,9054,LA PAILLETTE,,2 RUE DU PRÉ DE BRIS,35000,RENNES,,35,Ille-et-Vilaine,2020-11-30,FUSIONNE,1551,89,
2024-07-24,2024-07-24,176,ANTIPODE MJC RENNES,ANTIPODE,Activé,3639,ROLE_SIB,77774999500018,35000,RENNES,Ille-et-Vilaine,Bretagne,,3-1019092,320795,event_591,2024-06-15,CLOTURE,,false,,,,,,,,,,,,,,13768,ANTIPODE,Antipode - PARVIS AGNÈS VARDA,75 AVENUE JULES MANIEZ,35000,RENNES,,35,Ille-et-Vilaine,2022-05-04,VALIDE,3639,5238,
2025-03-13,2025-03-13,5328,ASSOCIATION FIGURE PROJECT,FIGURE PROJECT,Activé,7123,ROLE_DECLARANT1,50842428000032,35200,RENNES,Ille-et-Vilaine,Bretagne,PLATESV-R-2021-014531,PLATESV-R-2021-014531,378471,,2024-06-15,CLOTURE,,false,,,4222,EXTENSION SAUVAGE,COMBOURG,35270,2025-03-13,VALIDE,7123,,,,,25192,CHATEAU DE COMBOURG,,RUE DES PRINCES,35270,COMBOURG,,35,Ille-et-Vilaine,2025-03-13,VALIDE,7123,,
2024-06-25,2024-06-25,2934,COMMUNE DE RENNES,OPERA DE RENNES,Activé,3842,ROLE_DECLARANT1,21350238800076,35000,RENNES,Ille-et-Vilaine,Bretagne,84250,PLATESV-R-2021-012024,311071,,2024-06-15,CLOTURE,,false,,,,,,,,,,,,,,503,COMMUNE DE RENNES,,PL  DE LA MAIRIE,35000,RENNES,21350238800019,35,Ille-et-Vilaine,2018-06-27,VALIDE,,,
2024-09-01,2024-09-01,58,THEATRE NATIONAL DE BRETAGNE - T.N.B. CENTRE EUROPEEN DE PRODUCTION THEATRALE ET CHOREGRAPHIQUE,THEATRE NATIONAL DE BRETAGNE - T.N.B.,Activé,53,ROLE_DECLARANT1,37921397800016,35000,RENNES,Ille-et-Vilaine,Bretagne,,3-1099111,260805,,2023-11-15,CLOTURE,,false,,,219,Festival TNB,RENNES,35000,2018-06-27,VALIDE,,,,,,20426,TNB,,1 RUE SAINT-HÉLIER,35000,RENNES,,35,Ille-et-Vilaine,2024-09-01,VALIDE,53,5238,
2024-09-01,2024-09-01,58,THEATRE NATIONAL DE BRETAGNE - T.N.B. CENTRE EUROPEEN DE PRODUCTION THEATRALE ET CHOREGRAPHIQUE,THEATRE NATIONAL DE BRETAGNE - T.N.B.,Activé,53,ROLE_DECLARANT1,37921397800016,35000,RENNES,Ille-et-Vilaine,Bretagne,,3-1099111,260806,,2023-11-15,CLOTURE,,true,,,219,Festival TNB,RENNES,35000,2018-06-27,VALIDE,,,,,,5834,Le Triangle,,BOULEVARD DE YOUGOSLAVIE - BP 2236,35022,RENNES CEDEX 2,32327735000035,35,Ille-et-Vilaine,2019-02-27,VALIDE,,,
2025-05-14,2025-05-14,1521,MJC BREQUIGNY,MJC Bréquigny,Activé,1928,ROLE_DECLARANT1,30549267000016,35200,RENNES,Ille-et-Vilaine,Bretagne,DOS20192213,1-1119457,404749,,2025-07-05,CLOTURE,,false,,,,,,,,,,,,,,2670,MJC BREQUIGNY,,15  AV  GEORGES GRAFF,35000,RENNES,30549267000024,35,Ille-et-Vilaine,2018-06-27,VALIDE,,,
2024-03-01,2024-03-01,1416,COMMUNE DE BRUZ,LE GRAND LOGIS - VILLE DE BRUZ,Activé,1831,ROLE_SIB,21350047300151,35170,BRUZ,Ille-et-Vilaine,Bretagne,DOS20187008,1-1114454,259139,285,2023-11-14,CLOTURE,,false,,,,,,,,,,,,,,2089,COMMUNE DE BRUZ,,10  AV  DU GENERAL DE GAULLE,35170,BRUZ,21350047300151,35,Ille-et-Vilaine,2018-06-27,VALIDE,,,
2024-03-01,2024-03-01,1416,COMMUNE DE BRUZ,LE GRAND LOGIS - VILLE DE BRUZ,Activé,1831,ROLE_SIB,21350047300151,35170,BRUZ,Ille-et-Vilaine,Bretagne,DOS20187008,1-1114454,259137,279,2023-11-14,CLOTURE,,false,,,,,,,,,,,,,,2089,COMMUNE DE BRUZ,,10  AV  DU GENERAL DE GAULLE,35170,BRUZ,21350047300151,35,Ille-et-Vilaine,2018-06-27,VALIDE,,,
2025-07-16,2025-07-16,2934,COMMUNE DE RENNES,OPERA DE RENNES,Activé,3842,ROLE_DECLARANT1,21350238800076,35000,RENNES,Ille-et-Vilaine,Bretagne,84250,PLATESV-R-2021-012024,422623,,2025-07-05,CLOTURE,,false,,,,,,,,,,,,,,503,COMMUNE DE RENNES,,PL  DE LA MAIRIE,35000,RENNES,21350238800019,35,Ille-et-Vilaine,2018-06-27,VALIDE,,,
2024-10-07,2024-10-07,3820,THEATRE L'AIRE LIBRE,,Activé,5626,ROLE_DECLARANT1,92262510800019,35136,SAINT-JACQUES-DE-LA-LANDE,Ille-et-Vilaine,Bretagne,,PLATESV-D-2023-000211,315532,,2024-08-06,CLOTURE,,false,,,3470,MONDE.S,SAINT-JACQUES-DE-LA-LANDE,35136,2024-10-07,VALIDE,5626,,,2807,L'AIRE LIBRE,18263,THÉÂTRE L'AIRE LIBRE,,2 PLACE JULES VALLÈS,35136,SAINT-JACQUES-DE-LA-LANDE,,35,Ille-et-Vilaine,2023-05-22,FUSIONNE,5047,,
2023-11-18,2023-11-18,3284,COMEDIE DE RENNES,,Activé,4315,ROLE_SIB,90319904000010,35700,RENNES,Ille-et-Vilaine,Bretagne,,PLATESV-D-2022-003733,248470,/event_dates/1163067,2023-12-11,CLOTURE,,false,,,,,,,,,,,,,,14581,COMÉDIE DE RENNES,,31 RUE XAVIER GRALL,35700,RENNES,,35,Ille-et-Vilaine,2022-06-24,VALIDE,4314,,
2024-10-07,2024-10-07,3820,THEATRE L'AIRE LIBRE,,Activé,5626,ROLE_DECLARANT1,92262510800019,35136,SAINT-JACQUES-DE-LA-LANDE,Ille-et-Vilaine,Bretagne,,PLATESV-D-2023-000211,315530,,2024-08-06,CLOTURE,,false,,,3470,MONDE.S,SAINT-JACQUES-DE-LA-LANDE,35136,2024-10-07,VALIDE,5626,,,2807,L'AIRE LIBRE,18263,THÉÂTRE L'AIRE LIBRE,,2 PLACE JULES VALLÈS,35136,SAINT-JACQUES-DE-LA-LANDE,,35,Ille-et-Vilaine,2023-05-22,FUSIONNE,5047,,
2024-01-16,2024-01-16,1521,MJC BREQUIGNY,MJC Bréquigny,Activé,1928,ROLE_DECLARANT1,30549267000016,35200,RENNES,Ille-et-Vilaine,Bretagne,DOS20192213,1-1119457,264490,,2023-11-11,CLOTURE,,false,,,1609,Jazz à l'Ouest,RENNES,35200,2022-01-18,VALIDE,1928,,,,,2670,MJC BREQUIGNY,,15  AV  GEORGES GRAFF,35000,RENNES,30549267000024,35,Ille-et-Vilaine,2018-06-27,VALIDE,,,
2024-10-07,2024-10-07,3820,THEATRE L'AIRE LIBRE,,Activé,5626,ROLE_DECLARANT1,92262510800019,35136,SAINT-JACQUES-DE-LA-LANDE,Ille-et-Vilaine,Bretagne,,PLATESV-D-2023-000211,315527,,2024-07-06,CLOTURE,,false,,,3470,MONDE.S,SAINT-JACQUES-DE-LA-LANDE,35136,2024-10-07,VALIDE,5626,,,2807,L'AIRE LIBRE,18263,THÉÂTRE L'AIRE LIBRE,,2 PLACE JULES VALLÈS,35136,SAINT-JACQUES-DE-LA-LANDE,,35,Ille-et-Vilaine,2023-05-22,FUSIONNE,5047,,
2025-07-16,2025-07-16,2934,COMMUNE DE RENNES,OPERA DE RENNES,Activé,3842,ROLE_DECLARANT1,21350238800076,35000,RENNES,Ille-et-Vilaine,Bretagne,84250,PLATESV-R-2021-012024,422622,,2025-05-05,CLOTURE,,false,,,,,,,,,,,,,,503,COMMUNE DE RENNES,,PL  DE LA MAIRIE,35000,RENNES,21350238800019,35,Ille-et-Vilaine,2018-06-27,VALIDE,,,
2024-06-25,2024-06-25,2934,COMMUNE DE RENNES,OPERA DE RENNES,Activé,3842,ROLE_DECLARANT1,21350238800076,35000,RENNES,Ille-et-Vilaine,Bretagne,84250,PLATESV-R-2021-012024,311094,,2024-06-06,CLOTURE,,false,,,,,,,,,,,,,,503,COMMUNE DE RENNES,,PL  DE LA MAIRIE,35000,RENNES,21350238800019,35,Ille-et-Vilaine,2018-06-27,VALIDE,,,
2024-02-04,2024-02-04,1416,COMMUNE DE BRUZ,LE GRAND LOGIS - VILLE DE BRUZ,Activé,1831,ROLE_SIB,21350047300151,35170,BRUZ,Ille-et-Vilaine,Bretagne,DOS20187008,1-1114454,285012,266,2024-02-23,CLOTURE,,false,,,,,,,,,,,,,,2089,COMMUNE DE BRUZ,,10  AV  DU GENERAL DE GAULLE,35170,BRUZ,21350047300151,35,Ille-et-Vilaine,2018-06-27,VALIDE,,,
2024-02-28,2024-03-26,3780,LA PAILLETTE,,Activé,5000,ROLE_DECLARANT1,77774969800034,35000,RENNES,Ille-et-Vilaine,Bretagne,52745,PLATESV-R-2020-009633,276022,/event_dates/890163,2024-02-22,CLOTURE,,true,,,,,,,,,,,,2868,ASS MJC LA PAILLETTE,9054,LA PAILLETTE,,2 RUE DU PRÉ DE BRIS,35000,RENNES,,35,Ille-et-Vilaine,2020-11-30,FUSIONNE,1551,89,
2023-10-11,2023-10-11,3284,COMEDIE DE RENNES,,Activé,4315,ROLE_SIB,90319904000010,35700,RENNES,Ille-et-Vilaine,Bretagne,,PLATESV-D-2022-003733,246286,/event_dates/734499,2023-04-11,CLOTURE,,false,,,,,,,,,,,,,,14581,COMÉDIE DE RENNES,,31 RUE XAVIER GRALL,35700,RENNES,,35,Ille-et-Vilaine,2022-06-24,VALIDE,4314,,
2024-02-24,2024-02-24,3284,COMEDIE DE RENNES,,Activé,4315,ROLE_SIB,90319904000010,35700,RENNES,Ille-et-Vilaine,Bretagne,,PLATESV-D-2022-003733,275475,/event_dates/939905,2024-02-18,CLOTURE,,false,,,,,,,,,,,,,,14581,COMÉDIE DE RENNES,,31 RUE XAVIER GRALL,35700,RENNES,,35,Ille-et-Vilaine,2022-06-24,VALIDE,4314,,
2023-10-11,2023-10-11,3284,COMEDIE DE RENNES,,Activé,4315,ROLE_SIB,90319904000010,35700,RENNES,Ille-et-Vilaine,Bretagne,,PLATESV-D-2022-003733,246261,/event_dates/822831,2023-04-11,CLOTURE,,false,,,,,,,,,,,,,,14581,COMÉDIE DE RENNES,,31 RUE XAVIER GRALL,35700,RENNES,,35,Ille-et-Vilaine,2022-06-24,VALIDE,4314,,
2024-03-26,2024-03-26,1429,COMMUNE DE BETTON,Salle Confluence - Betton,Activé,1780,ROLE_SIB,21350024200259,35830,Betton,Ille-et-Vilaine,Bretagne,,PLATESV-R-2020-005656,282779,323,2024-02-17,CLOTURE,,false,,,,,,,,,,,,,,8489,LA CONFLUENCE,,PLACE CHARLES DE GAULLE,35830,BETTON,,35,Ille-et-Vilaine,2020-09-22,VALIDE,1780,5238,
2023-09-11,2023-09-11,3284,COMEDIE DE RENNES,,Activé,4315,ROLE_SIB,90319904000010,35700,RENNES,Ille-et-Vilaine,Bretagne,,PLATESV-D-2022-003733,246023,/event_dates/734492,2023-03-11,CLOTURE,,false,,,,,,,,,,,,,,14581,COMÉDIE DE RENNES,,31 RUE XAVIER GRALL,35700,RENNES,,35,Ille-et-Vilaine,2022-06-24,VALIDE,4314,,
2024-02-22,2024-02-22,3284,COMEDIE DE RENNES,,Activé,4315,ROLE_SIB,90319904000010,35700,RENNES,Ille-et-Vilaine,Bretagne,,PLATESV-D-2022-003733,274881,/event_dates/939891,2024-02-16,CLOTURE,,false,,,,,,,,,,,,,,14581,COMÉDIE DE RENNES,,31 RUE XAVIER GRALL,35700,RENNES,,35,Ille-et-Vilaine,2022-06-24,VALIDE,4314,,
2024-05-22,2024-05-22,2641,MAISON DES JEUNES ET CULTURE DE PACE,,Activé,3356,ROLE_SIB,30593736900026,35740,PACE,Ille-et-Vilaine,Bretagne,31372,PLATESV-R-2020-000949,303010,185,2024-02-16,CLOTURE,,false,,,,,,,,,,,,,,11393,ESCAPADE,,6 AVENUE CHARLES LE GOFFIC,35740,PACÉ,,35,Ille-et-Vilaine,2021-09-24,VALIDE,3356,5239,
2023-08-11,2023-08-11,3284,COMEDIE DE RENNES,,Activé,4315,ROLE_SIB,90319904000010,35700,RENNES,Ille-et-Vilaine,Bretagne,,PLATESV-D-2022-003733,245886,/event_dates/734478,2023-02-11,CLOTURE,,false,,,,,,,,,,,,,,14581,COMÉDIE DE RENNES,,31 RUE XAVIER GRALL,35700,RENNES,,35,Ille-et-Vilaine,2022-06-24,VALIDE,4314,,
2023-07-11,2023-07-11,3284,COMEDIE DE RENNES,,Activé,4315,ROLE_SIB,90319904000010,35700,RENNES,Ille-et-Vilaine,Bretagne,,PLATESV-D-2022-003733,245687,/event_dates/1116663,2023-01-11,CLOTURE,,false,,,,,,,,,,,,,,14581,COMÉDIE DE RENNES,,31 RUE XAVIER GRALL,35700,RENNES,,35,Ille-et-Vilaine,2022-06-24,VALIDE,4314,,
2024-02-21,2024-12-03,3780,LA PAILLETTE,,Activé,5000,ROLE_DECLARANT1,77774969800034,35000,RENNES,Ille-et-Vilaine,Bretagne,52745,PLATESV-R-2020-009633,274457,/event_dates/890149,2024-02-15,CLOTURE,,true,1116,WATERPROOF plongez dans la danse,3146,Festival Waterproof,RENNES,35200,2024-12-01,FUSIONNE,5001,,,2868,ASS MJC LA PAILLETTE,9054,LA PAILLETTE,,2 RUE DU PRÉ DE BRIS,35000,RENNES,,35,Ille-et-Vilaine,2020-11-30,FUSIONNE,1551,89,
2024-02-04,2024-02-04,1416,COMMUNE DE BRUZ,LE GRAND LOGIS - VILLE DE BRUZ,Activé,1831,ROLE_SIB,21350047300151,35170,BRUZ,Ille-et-Vilaine,Bretagne,DOS20187008,1-1114454,285020,287,2024-02-13,CLOTURE,,false,,,,,,,,,,,,,,2089,COMMUNE DE BRUZ,,10  AV  DU GENERAL DE GAULLE,35170,BRUZ,21350047300151,35,Ille-et-Vilaine,2018-06-27,VALIDE,,,
2024-03-25,2024-03-25,542,ASSOCIATION TRANS MUSICALES,ATM,Activé,597,ROLE_DECLARANT1,33886426700020,35000,RENNES,Ille-et-Vilaine,Bretagne,,3-1032090,282578,,2023-10-27,CLOTURE,,false,,,,,,,,,,,,,,5761,UBU,,10/12 RUE JEAN GUY CS 73912,35039,RENNES CEDEX,33886426700020,35,Ille-et-Vilaine,2019-02-21,VALIDE,,,
2024-01-16,2024-01-16,923,LES ATELIERS DU VENT,ADV,Activé,1006,ROLE_DECLARANT1,45124579900023,35000,RENNES,Ille-et-Vilaine,Bretagne,DOS20197631,1-1123282,264761,,2023-10-26,CLOTURE,,false,,,,,,,,,,,,,,429,LES ATELIERS DU VENT,,59  RUE  ALEXANDRE DUVAL,35000,RENNES,45124579900023,35,Ille-et-Vilaine,2018-06-27,VALIDE,,,
2024-02-16,2024-02-16,3284,COMEDIE DE RENNES,,Activé,4315,ROLE_SIB,90319904000010,35700,RENNES,Ille-et-Vilaine,Bretagne,,PLATESV-D-2022-003733,273504,/event_dates/1207510,2024-10-02,CLOTURE,,false,,,,,,,,,,,,,,14581,COMÉDIE DE RENNES,,31 RUE XAVIER GRALL,35700,RENNES,,35,Ille-et-Vilaine,2022-06-24,VALIDE,4314,,
2024-09-04,2024-09-04,2934,COMMUNE DE RENNES,OPERA DE RENNES,Activé,3842,ROLE_DECLARANT1,21350238800076,35000,RENNES,Ille-et-Vilaine,Bretagne,84250,PLATESV-R-2021-012024,288335,,2024-10-02,CLOTURE,,false,,,,,,,,,,,,,,503,COMMUNE DE RENNES,,PL  DE LA MAIRIE,35000,RENNES,21350238800019,35,Ille-et-Vilaine,2018-06-27,VALIDE,,,
2024-01-19,2024-01-19,1291,ASSOCIATION LILLICO,,Activé,1551,ROLE_SIB,78975485000038,35000,RENNES,Ille-et-Vilaine,Bretagne,,PLATESV-D-2020-000183,266077,2097,2023-10-24,CLOTURE,,false,,,872,FESTIVAL MARMAILLE / MARMAILLE EN FUGUE,RENNES,35000,2020-03-04,VALIDE,1551,,,,,9051,MAISON DE QUARTIER DE LA BELLANGERAIS,,5 RUE DU MORBIHAN,35700,RENNES,,35,Ille-et-Vilaine,2020-11-30,VALIDE,1551,89,
2024-03-25,2024-03-25,542,ASSOCIATION TRANS MUSICALES,ATM,Activé,597,ROLE_DECLARANT1,33886426700020,35000,RENNES,Ille-et-Vilaine,Bretagne,,3-1032090,282565,,2023-10-22,CLOTURE,,false,,,,,,,,,,,,,,5761,UBU,,10/12 RUE JEAN GUY CS 73912,35039,RENNES CEDEX,33886426700020,35,Ille-et-Vilaine,2019-02-21,VALIDE,,,
2025-02-05,2025-02-05,3284,COMEDIE DE RENNES,,Activé,4315,ROLE_SIB,90319904000010,35700,RENNES,Ille-et-Vilaine,Bretagne,,PLATESV-D-2022-003733,401295,/event_dates/1773952,2025-04-26,CLOTURE,,false,,,,,,,,,,,,,,14581,COMÉDIE DE RENNES,,31 RUE XAVIER GRALL,35700,RENNES,,35,Ille-et-Vilaine,2022-06-24,VALIDE,4314,,
2025-07-22,2025-07-22,1125,CARTEL CONCERTS,,Activé,1278,ROLE_DECLARANT1,80023696000038,35200,RENNES,Ille-et-Vilaine,Bretagne,DOS20168997,3-1072466,424745,,2025-04-25,CLOTURE,,false,,,,,,,,,,,,,,22638,L'ESPACE CLUB,L'ESPACE CLUB,45 BOULEVARD DE LA TOUR D'AUVERGNE,35000,RENNES,,35,Ille-et-Vilaine,2024-07-31,VALIDE,4234,,
2024-03-13,2024-03-13,58,THEATRE NATIONAL DE BRETAGNE - T.N.B. CENTRE EUROPEEN DE PRODUCTION THEATRALE ET CHOREGRAPHIQUE,THEATRE NATIONAL DE BRETAGNE - T.N.B.,Activé,53,ROLE_DECLARANT1,37921397800016,35000,RENNES,Ille-et-Vilaine,Bretagne,,3-1099111,279226,,2024-08-02,CLOTURE,,false,,,,,,,,,,,,,,20426,TNB,,1 RUE SAINT-HÉLIER,35000,RENNES,,35,Ille-et-Vilaine,2024-09-01,VALIDE,53,5238,
2024-01-19,2024-01-19,1291,ASSOCIATION LILLICO,,Activé,1551,ROLE_SIB,78975485000038,35000,RENNES,Ille-et-Vilaine,Bretagne,,PLATESV-D-2020-000183,266085,2168,2023-10-21,CLOTURE,,false,,,872,FESTIVAL MARMAILLE / MARMAILLE EN FUGUE,RENNES,35000,2020-03-04,VALIDE,1551,,,,,12932,THEATRE DU CERCLE,,30BIS RUE DE PARIS,35000,RENNES,,35,Ille-et-Vilaine,2022-07-01,VALIDE,1551,5239,
2023-10-27,2023-10-27,3284,COMEDIE DE RENNES,,Activé,4315,ROLE_SIB,90319904000010,35700,RENNES,Ille-et-Vilaine,Bretagne,,PLATESV-D-2022-003733,244068,/event_dates/1050617,2023-10-21,CLOTURE,,false,,,,,,,,,,,,,,14581,COMÉDIE DE RENNES,,31 RUE XAVIER GRALL,35700,RENNES,,35,Ille-et-Vilaine,2022-06-24,VALIDE,4314,,
2024-01-19,2024-01-19,1291,ASSOCIATION LILLICO,,Activé,1551,ROLE_SIB,78975485000038,35000,RENNES,Ille-et-Vilaine,Bretagne,,PLATESV-D-2020-000183,266083,2103,2023-10-21,CLOTURE,,false,,,872,FESTIVAL MARMAILLE / MARMAILLE EN FUGUE,RENNES,35000,2020-03-04,VALIDE,1551,,,,,9051,MAISON DE QUARTIER DE LA BELLANGERAIS,,5 RUE DU MORBIHAN,35700,RENNES,,35,Ille-et-Vilaine,2020-11-30,VALIDE,1551,89,
2023-12-21,2023-12-21,572,CENTRE CULTUREL TRIANGLE,LE TRIANGLE,Activé,631,ROLE_DECLARANT1,32327735000035,35200,RENNES,Ille-et-Vilaine,Bretagne,,3-1014237,256921,,2023-10-20,CLOTURE,,false,,,,,,,,,,,,,,2390,CENTRE CULTUREL TRIANGLE,,BD  DE YOUGOSLAVIE,35200,RENNES,32327735000035,35,Ille-et-Vilaine,2018-06-27,VALIDE,,,
2024-02-21,2024-02-21,2641,MAISON DES JEUNES ET CULTURE DE PACE,,Activé,3356,ROLE_SIB,30593736900026,35740,PACE,Ille-et-Vilaine,Bretagne,31372,PLATESV-R-2020-000949,274656,161,2023-10-20,CLOTURE,,false,,,,,,,,,,,,,,11393,ESCAPADE,,6 AVENUE CHARLES LE GOFFIC,35740,PACÉ,,35,Ille-et-Vilaine,2021-09-24,VALIDE,3356,5239,
2024-02-04,2024-02-04,1416,COMMUNE DE BRUZ,LE GRAND LOGIS - VILLE DE BRUZ,Activé,1831,ROLE_SIB,21350047300151,35170,BRUZ,Ille-et-Vilaine,Bretagne,DOS20187008,1-1114454,285011,265,2024-06-02,CLOTURE,,false,,,,,,,,,,,,,,2089,COMMUNE DE BRUZ,,10  AV  DU GENERAL DE GAULLE,35170,BRUZ,21350047300151,35,Ille-et-Vilaine,2018-06-27,VALIDE,,,
2023-12-21,2023-12-21,572,CENTRE CULTUREL TRIANGLE,LE TRIANGLE,Activé,631,ROLE_DECLARANT1,32327735000035,35200,RENNES,Ille-et-Vilaine,Bretagne,,3-1014237,256919,,2023-10-19,CLOTURE,,false,,,,,,,,,,,,,,2390,CENTRE CULTUREL TRIANGLE,,BD  DE YOUGOSLAVIE,35200,RENNES,32327735000035,35,Ille-et-Vilaine,2018-06-27,VALIDE,,,
2024-03-25,2024-03-25,542,ASSOCIATION TRANS MUSICALES,ATM,Activé,597,ROLE_DECLARANT1,33886426700020,35000,RENNES,Ille-et-Vilaine,Bretagne,,3-1032090,282626,,2024-05-02,CLOTURE,,false,,,,,,,,,,,,,,5761,UBU,,10/12 RUE JEAN GUY CS 73912,35039,RENNES CEDEX,33886426700020,35,Ille-et-Vilaine,2019-02-21,VALIDE,,,
2023-12-21,2023-12-21,572,CENTRE CULTUREL TRIANGLE,LE TRIANGLE,Activé,631,ROLE_DECLARANT1,32327735000035,35200,RENNES,Ille-et-Vilaine,Bretagne,,3-1014237,256920,,2023-10-18,CLOTURE,,false,,,,,,,,,,,,,,2390,CENTRE CULTUREL TRIANGLE,,BD  DE YOUGOSLAVIE,35200,RENNES,32327735000035,35,Ille-et-Vilaine,2018-06-27,VALIDE,,,
2024-09-02,2024-09-02,3284,COMEDIE DE RENNES,,Activé,4315,ROLE_SIB,90319904000010,35700,RENNES,Ille-et-Vilaine,Bretagne,,PLATESV-D-2022-003733,270969,/event_dates/1207349,2024-03-02,CLOTURE,,false,,,,,,,,,,,,,,14581,COMÉDIE DE RENNES,,31 RUE XAVIER GRALL,35700,RENNES,,35,Ille-et-Vilaine,2022-06-24,VALIDE,4314,,
2023-12-16,2023-12-16,3284,COMEDIE DE RENNES,,Activé,4315,ROLE_SIB,90319904000010,35700,RENNES,Ille-et-Vilaine,Bretagne,,PLATESV-D-2022-003733,255368,/event_dates/1179482,2023-10-12,CLOTURE,,false,,,,,,,,,,,,,,14581,COMÉDIE DE RENNES,,31 RUE XAVIER GRALL,35700,RENNES,,35,Ille-et-Vilaine,2022-06-24,VALIDE,4314,,
2023-12-15,2023-12-15,3284,COMEDIE DE RENNES,,Activé,4315,ROLE_SIB,90319904000010,35700,RENNES,Ille-et-Vilaine,Bretagne,,PLATESV-D-2022-003733,255129,/event_dates/1179461,2023-09-12,CLOTURE,,false,,,,,,,,,,,,,,14581,COMÉDIE DE RENNES,,31 RUE XAVIER GRALL,35700,RENNES,,35,Ille-et-Vilaine,2022-06-24,VALIDE,4314,,
2024-03-14,2024-03-14,3063,LE GRAND CORDEL MAISON DES JEUNES ET DE LA CULTURE,Association,Activé,5994,ROLE_DECLARANT2,77774992000024,35700,RENNES,Ille-et-Vilaine,Bretagne,DOS20196625,1-1039842,279424,,2023-09-12,CLOTURE,,false,,,,,,,,,,,,,,3354,LE GRAND CORDEL MAISON DES JEUNES ET DE LA CULTURE,,18  RUE  DES PLANTES,35700,RENNES,77774992000024,35,Ille-et-Vilaine,2018-06-27,VALIDE,,,
2024-07-02,2024-07-02,3780,LA PAILLETTE,,Activé,5001,ROLE_SIB,77774969800034,35000,RENNES,Ille-et-Vilaine,Bretagne,52745,PLATESV-R-2020-009633,270457,/event_dates/890100,2024-01-02,CLOTURE,,true,,,,,,,,,,,,2868,ASS MJC LA PAILLETTE,9054,LA PAILLETTE,,2 RUE DU PRÉ DE BRIS,35000,RENNES,,35,Ille-et-Vilaine,2020-11-30,FUSIONNE,1551,89,
2024-10-05,2024-10-05,3163,3 P'TIT TOUR,,Activé,4142,ROLE_DECLARANT1,41013812700015,35000,RENNES,Ille-et-Vilaine,Bretagne,DOS20196449,3-1006236,300267,,2023-07-12,CLOTURE,,true,,,2619,BARS EN TRANS,RENNES,35000,2023-04-26,VALIDE,4142,,,,,18083,L'ETE INDIEN,,33 RUE SAINT-MELAINE,35000,RENNES,,35,Ille-et-Vilaine,2023-04-26,VALIDE,4142,,
2024-10-05,2024-10-05,3163,3 P'TIT TOUR,,Activé,4142,ROLE_DECLARANT1,41013812700015,35000,RENNES,Ille-et-Vilaine,Bretagne,DOS20196449,3-1006236,300227,,2023-07-12,CLOTURE,,true,,,2619,BARS EN TRANS,RENNES,35000,2023-04-26,VALIDE,4142,,,,,18082,LA CAVALE,,2 RUE DE REDON,35000,RENNES,,35,Ille-et-Vilaine,2023-04-26,VALIDE,4142,,
2023-12-13,2023-12-13,3284,COMEDIE DE RENNES,,Activé,4315,ROLE_SIB,90319904000010,35700,RENNES,Ille-et-Vilaine,Bretagne,,PLATESV-D-2022-003733,254446,/event_dates/1179447,2023-07-12,CLOTURE,,false,,,,,,,,,,,,,,14581,COMÉDIE DE RENNES,,31 RUE XAVIER GRALL,35700,RENNES,,35,Ille-et-Vilaine,2022-06-24,VALIDE,4314,,
2024-11-01,2024-11-01,3780,LA PAILLETTE,,Activé,5001,ROLE_SIB,77774969800034,35000,RENNES,Ille-et-Vilaine,Bretagne,52745,PLATESV-R-2020-009633,261819,/event_dates/889988,2023-07-12,CLOTURE,,false,,,,,,,,,,,,2868,ASS MJC LA PAILLETTE,9054,LA PAILLETTE,,2 RUE DU PRÉ DE BRIS,35000,RENNES,,35,Ille-et-Vilaine,2020-11-30,FUSIONNE,1551,89,
2024-10-05,2024-10-05,3163,3 P'TIT TOUR,,Activé,4142,ROLE_DECLARANT1,41013812700015,35000,RENNES,Ille-et-Vilaine,Bretagne,DOS20196449,3-1006236,300257,,2023-07-12,CLOTURE,,false,,,2619,BARS EN TRANS,RENNES,35000,2023-04-26,VALIDE,4142,,,,,13580,SALLE DE LA CITÉ,,10 RUE SAINT-LOUIS,35000,RENNES,,35,Ille-et-Vilaine,2022-03-15,VALIDE,3078,,
2024-02-29,2024-02-29,2934,COMMUNE DE RENNES,OPERA DE RENNES,Activé,3842,ROLE_DECLARANT1,21350238800076,35000,RENNES,Ille-et-Vilaine,Bretagne,84250,PLATESV-R-2021-012024,276658,,2024-01-27,CLOTURE,,false,,,,,,,,,,,,,,503,COMMUNE DE RENNES,,PL  DE LA MAIRIE,35000,RENNES,21350238800019,35,Ille-et-Vilaine,2018-06-27,VALIDE,,,
2024-11-09,2024-11-09,1125,CARTEL CONCERTS,,Activé,1278,ROLE_DECLARANT1,80023696000038,35200,RENNES,Ille-et-Vilaine,Bretagne,DOS20168997,3-1072466,326511,,2024-01-26,CLOTURE,,false,,,,,,,,,,,,,,7033,EMC2,,1 AVENUE D'ALPHASIS,35760,SAINT-GRÉGOIRE,,35,Ille-et-Vilaine,2019-12-31,VALIDE,1088,89,
2024-02-02,2024-02-02,3820,THEATRE L'AIRE LIBRE,,Activé,5626,ROLE_DECLARANT1,92262510800019,35136,SAINT-JACQUES-DE-LA-LANDE,Ille-et-Vilaine,Bretagne,,PLATESV-D-2023-000211,269643,,2023-06-12,CLOTURE,,true,,,224,Festival Trans Musicales,RENNES,35000,2018-06-27,VALIDE,,,,2807,L'AIRE LIBRE,18263,THÉÂTRE L'AIRE LIBRE,,2 PLACE JULES VALLÈS,35136,SAINT-JACQUES-DE-LA-LANDE,,35,Ille-et-Vilaine,2023-05-22,FUSIONNE,5047,,
2024-09-01,2024-09-01,58,THEATRE NATIONAL DE BRETAGNE - T.N.B. CENTRE EUROPEEN DE PRODUCTION THEATRALE ET CHOREGRAPHIQUE,THEATRE NATIONAL DE BRETAGNE - T.N.B.,Activé,53,ROLE_DECLARANT1,37921397800016,35000,RENNES,Ille-et-Vilaine,Bretagne,,3-1099111,260832,,2023-05-12,CLOTURE,,false,,,,,,,,,,,,,,20426,TNB,,1 RUE SAINT-HÉLIER,35000,RENNES,,35,Ille-et-Vilaine,2024-09-01,VALIDE,53,5238,
2024-04-16,2024-04-16,1202,COMMUNE DE SAINT GREGOIRE,MAIRIE,Activé,1400,ROLE_DECLARANT1,21350278400019,35760,SAINT-GREGOIRE,Ille-et-Vilaine,Bretagne,DOS20192051,3-1119456,292127,,2024-01-26,CLOTURE,,false,,,,,,,,,,,,,,18340,MÉDIATHÈQUE PAUL RUAUDEL,,RUE DU CHAMP MARQUÉ,35760,SAINT-GRÉGOIRE,,35,Ille-et-Vilaine,2023-05-31,VALIDE,1400,,
2024-02-21,2024-02-21,2641,MAISON DES JEUNES ET CULTURE DE PACE,,Activé,3356,ROLE_SIB,30593736900026,35740,PACE,Ille-et-Vilaine,Bretagne,31372,PLATESV-R-2020-000949,274661,178,2023-05-12,CLOTURE,,false,,,,,,,,,,,,,,11393,ESCAPADE,,6 AVENUE CHARLES LE GOFFIC,35740,PACÉ,,35,Ille-et-Vilaine,2021-09-24,VALIDE,3356,5239,
2023-12-15,2023-12-15,2934,COMMUNE DE RENNES,OPERA DE RENNES,Activé,3842,ROLE_DECLARANT1,21350238800076,35000,RENNES,Ille-et-Vilaine,Bretagne,84250,PLATESV-R-2021-012024,255302,,2023-12-12,CLOTURE,,false,,,,,,,,,,,,,,503,COMMUNE DE RENNES,,PL  DE LA MAIRIE,35000,RENNES,21350238800019,35,Ille-et-Vilaine,2018-06-27,VALIDE,,,
2023-12-16,2023-12-16,3284,COMEDIE DE RENNES,,Activé,4315,ROLE_SIB,90319904000010,35700,RENNES,Ille-et-Vilaine,Bretagne,,PLATESV-D-2022-003733,255363,/event_dates/1050995,2023-10-12,CLOTURE,,false,,,,,,,,,,,,,,14581,COMÉDIE DE RENNES,,31 RUE XAVIER GRALL,35700,RENNES,,35,Ille-et-Vilaine,2022-06-24,VALIDE,4314,,
2024-10-05,2024-10-05,3163,3 P'TIT TOUR,,Activé,4142,ROLE_DECLARANT1,41013812700015,35000,RENNES,Ille-et-Vilaine,Bretagne,DOS20196449,3-1006236,300242,,2023-09-12,CLOTURE,,true,,,2619,BARS EN TRANS,RENNES,35000,2023-04-26,VALIDE,4142,,,,,18085,LA PLACE,,7 RUE DU CHAMP JACQUET,35000,RENNES,,35,Ille-et-Vilaine,2023-04-26,VALIDE,4142,,
2023-08-12,2023-08-12,3284,COMEDIE DE RENNES,,Activé,4315,ROLE_SIB,90319904000010,35700,RENNES,Ille-et-Vilaine,Bretagne,,PLATESV-D-2022-003733,253117,/event_dates/1148870,2023-02-12,CLOTURE,,false,,,,,,,,,,,,,,14581,COMÉDIE DE RENNES,,31 RUE XAVIER GRALL,35700,RENNES,,35,Ille-et-Vilaine,2022-06-24,VALIDE,4314,,
2024-10-05,2024-10-05,3163,3 P'TIT TOUR,,Activé,4142,ROLE_DECLARANT1,41013812700015,35000,RENNES,Ille-et-Vilaine,Bretagne,DOS20196449,3-1006236,300229,,2023-08-12,CLOTURE,,true,,,2619,BARS EN TRANS,RENNES,35000,2023-04-26,VALIDE,4142,,,,,18082,LA CAVALE,,2 RUE DE REDON,35000,RENNES,,35,Ille-et-Vilaine,2023-04-26,VALIDE,4142,,
2023-12-16,2023-12-16,1584,ORCHESTRE NATIONAL DE BRETAGNE,ORCHESTRE NATIONAL DE BRETAGNE,Activé,5671,ROLE_DECLARANT2,35010209100021,35000,RENNES,Ille-et-Vilaine,Bretagne,DOS20183137,2-1054646,255389,,2023-01-12,CLOTURE,,false,,,,,,,,,,,,,,9345,OPÉRA DE RENNES,Opéra de Rennes,PLACE DE LA MAIRIE,35000,RENNES,,35,Ille-et-Vilaine,2021-06-01,VALIDE,2015,89,Adresse
2024-10-05,2024-10-05,3163,3 P'TIT TOUR,,Activé,4142,ROLE_DECLARANT1,41013812700015,35000,RENNES,Ille-et-Vilaine,Bretagne,DOS20196449,3-1006236,300282,,2023-07-12,CLOTURE,,true,,,2619,BARS EN TRANS,RENNES,35000,2023-04-26,VALIDE,4142,,,,,18086,THE PENNY LANE PUB,,1 RUE DE COËTQUEN,35000,RENNES,,35,Ille-et-Vilaine,2023-04-26,VALIDE,4142,,
2024-11-01,2024-11-01,3780,LA PAILLETTE,,Activé,5001,ROLE_SIB,77774969800034,35000,RENNES,Ille-et-Vilaine,Bretagne,52745,PLATESV-R-2020-009633,261818,/event_dates/889981,2023-07-12,CLOTURE,,false,,,,,,,,,,,,2868,ASS MJC LA PAILLETTE,9054,LA PAILLETTE,,2 RUE DU PRÉ DE BRIS,35000,RENNES,,35,Ille-et-Vilaine,2020-11-30,FUSIONNE,1551,89,
2024-07-25,2024-07-25,2287,CENTRE DE PRODUCTION DES PAROLES CONTEMPORAINES,,Activé,3407,ROLE_SIB,41812021800049,35136,SAINT-JACQUES-DE-LA-LANDE,Ille-et-Vilaine,Bretagne,59859,PLATESV-R-2021-000431,321241,00130000000085,2024-12-04,CLOTURE,,false,,,2146,FESTIVAL MYTHOS,RENNES,35000,2022-11-10,VALIDE,3407,,,,,12004,CENTRE DE PRODUCTION DES PAROLES CONTEMPORAINES,,2  PL  JULES VALLES,35136,SAINT-JACQUES-DE-LA-LANDE,41812021800049,35,Ille-et-Vilaine,2021-10-25,VALIDE,3407,,
2024-04-19,2024-05-16,3780,LA PAILLETTE,,Activé,5000,ROLE_DECLARANT1,77774969800034,35000,RENNES,Ille-et-Vilaine,Bretagne,52745,PLATESV-R-2020-009633,292583,/event_dates/895665,2024-12-04,CLOTURE,,false,,,2146,FESTIVAL MYTHOS,RENNES,35000,2022-11-10,VALIDE,3407,,,2868,ASS MJC LA PAILLETTE,9054,LA PAILLETTE,,2 RUE DU PRÉ DE BRIS,35000,RENNES,,35,Ille-et-Vilaine,2020-11-30,FUSIONNE,1551,89,
2024-09-01,2024-09-01,58,THEATRE NATIONAL DE BRETAGNE - T.N.B. CENTRE EUROPEEN DE PRODUCTION THEATRALE ET CHOREGRAPHIQUE,THEATRE NATIONAL DE BRETAGNE - T.N.B.,Activé,53,ROLE_DECLARANT1,37921397800016,35000,RENNES,Ille-et-Vilaine,Bretagne,,3-1099111,260819,,2023-11-30,CLOTURE,,false,,,,,,,,,,,,,,20426,TNB,,1 RUE SAINT-HÉLIER,35000,RENNES,,35,Ille-et-Vilaine,2024-09-01,VALIDE,53,5238,
2024-11-06,2024-11-06,610,COMMUNE DE CHARTRES DE BRETAGNE,MAIRIE,Activé,638,ROLE_DECLARANT1,21350066300017,35131,CHARTRES DE BRETAGNE,Ille-et-Vilaine,Bretagne,DOS20179174,1-1107987,308216,,2024-12-04,CLOTURE,,false,,,,,,,,,,,,,,7572,CENTRE CULTUREL PÔLE SUD,,RUE DE LA CONTERIE,35131,CHARTRES-DE-BRETAGNE,,35,Ille-et-Vilaine,2020-01-22,VALIDE,638,,
2023-05-12,2023-05-12,3284,COMEDIE DE RENNES,,Activé,4315,ROLE_SIB,90319904000010,35700,RENNES,Ille-et-Vilaine,Bretagne,,PLATESV-D-2022-003733,252375,/event_dates/755919,2023-11-29,CLOTURE,,false,,,,,,,,,,,,,,14581,COMÉDIE DE RENNES,,31 RUE XAVIER GRALL,35700,RENNES,,35,Ille-et-Vilaine,2022-06-24,VALIDE,4314,,
2023-12-21,2023-12-21,572,CENTRE CULTUREL TRIANGLE,LE TRIANGLE,Activé,631,ROLE_DECLARANT1,32327735000035,35200,RENNES,Ille-et-Vilaine,Bretagne,,3-1014237,256925,,2023-05-12,CLOTURE,,false,,,,,,,,,,,,,,2390,CENTRE CULTUREL TRIANGLE,,BD  DE YOUGOSLAVIE,35200,RENNES,32327735000035,35,Ille-et-Vilaine,2018-06-27,VALIDE,,,
2024-09-01,2024-09-01,58,THEATRE NATIONAL DE BRETAGNE - T.N.B. CENTRE EUROPEEN DE PRODUCTION THEATRALE ET CHOREGRAPHIQUE,THEATRE NATIONAL DE BRETAGNE - T.N.B.,Activé,53,ROLE_DECLARANT1,37921397800016,35000,RENNES,Ille-et-Vilaine,Bretagne,,3-1099111,260821,,2023-05-12,CLOTURE,,false,,,,,,,,,,,,,,20426,TNB,,1 RUE SAINT-HÉLIER,35000,RENNES,,35,Ille-et-Vilaine,2024-09-01,VALIDE,53,5238,
2023-12-15,2023-12-15,2934,COMMUNE DE RENNES,OPERA DE RENNES,Activé,3842,ROLE_DECLARANT1,21350238800076,35000,RENNES,Ille-et-Vilaine,Bretagne,84250,PLATESV-R-2021-012024,255324,,2023-11-28,CLOTURE,,false,,,,,,,,,,,,,,503,COMMUNE DE RENNES,,PL  DE LA MAIRIE,35000,RENNES,21350238800019,35,Ille-et-Vilaine,2018-06-27,VALIDE,,,
2024-07-25,2024-07-25,2287,CENTRE DE PRODUCTION DES PAROLES CONTEMPORAINES,,Activé,3407,ROLE_SIB,41812021800049,35136,SAINT-JACQUES-DE-LA-LANDE,Ille-et-Vilaine,Bretagne,59859,PLATESV-R-2021-000431,321233,00130000000079,2024-09-04,CLOTURE,,false,,,2146,FESTIVAL MYTHOS,RENNES,35000,2022-11-10,VALIDE,3407,,,,,12004,CENTRE DE PRODUCTION DES PAROLES CONTEMPORAINES,,2  PL  JULES VALLES,35136,SAINT-JACQUES-DE-LA-LANDE,41812021800049,35,Ille-et-Vilaine,2021-10-25,VALIDE,3407,,
2024-07-25,2024-07-25,2287,CENTRE DE PRODUCTION DES PAROLES CONTEMPORAINES,,Activé,3407,ROLE_SIB,41812021800049,35136,SAINT-JACQUES-DE-LA-LANDE,Ille-et-Vilaine,Bretagne,59859,PLATESV-R-2021-000431,321234,00130000000080,2024-09-04,CLOTURE,,false,,,2146,FESTIVAL MYTHOS,RENNES,35000,2022-11-10,VALIDE,3407,,,,,12004,CENTRE DE PRODUCTION DES PAROLES CONTEMPORAINES,,2  PL  JULES VALLES,35136,SAINT-JACQUES-DE-LA-LANDE,41812021800049,35,Ille-et-Vilaine,2021-10-25,VALIDE,3407,,
2024-09-01,2024-09-01,58,THEATRE NATIONAL DE BRETAGNE - T.N.B. CENTRE EUROPEEN DE PRODUCTION THEATRALE ET CHOREGRAPHIQUE,THEATRE NATIONAL DE BRETAGNE - T.N.B.,Activé,53,ROLE_DECLARANT1,37921397800016,35000,RENNES,Ille-et-Vilaine,Bretagne,,3-1099111,260989,,2023-11-25,CLOTURE,,false,,,,,,,,,,,,,,7843,UBU,,1 RUE SAINT-HÉLIER,35000,RENNES,,35,Ille-et-Vilaine,2020-02-26,VALIDE,597,,
2024-06-27,2024-06-27,58,THEATRE NATIONAL DE BRETAGNE - T.N.B. CENTRE EUROPEEN DE PRODUCTION THEATRALE ET CHOREGRAPHIQUE,THEATRE NATIONAL DE BRETAGNE - T.N.B.,Activé,53,ROLE_DECLARANT1,37921397800016,35000,RENNES,Ille-et-Vilaine,Bretagne,,3-1099111,311441,,2024-09-04,CLOTURE,,false,,,,,,,,,,,,,,20426,TNB,,1 RUE SAINT-HÉLIER,35000,RENNES,,35,Ille-et-Vilaine,2024-09-01,VALIDE,53,5238,
2024-07-24,2024-07-24,176,ANTIPODE MJC RENNES,ANTIPODE,Activé,3639,ROLE_SIB,77774999500018,35000,RENNES,Ille-et-Vilaine,Bretagne,,3-1019092,320808,event_539,2024-07-04,CLOTURE,,false,,,,,,,,,,,,,,13768,ANTIPODE,Antipode - PARVIS AGNÈS VARDA,75 AVENUE JULES MANIEZ,35000,RENNES,,35,Ille-et-Vilaine,2022-05-04,VALIDE,3639,5238,
2024-04-26,2024-04-26,2287,CENTRE DE PRODUCTION DES PAROLES CONTEMPORAINES,,Activé,3407,ROLE_SIB,41812021800049,35136,SAINT-JACQUES-DE-LA-LANDE,Ille-et-Vilaine,Bretagne,59859,PLATESV-R-2021-000431,296621,00130000000068,2023-02-12,CLOTURE,,false,,,,,,,,,,,,,,12004,CENTRE DE PRODUCTION DES PAROLES CONTEMPORAINES,,2  PL  JULES VALLES,35136,SAINT-JACQUES-DE-LA-LANDE,41812021800049,35,Ille-et-Vilaine,2021-10-25,VALIDE,3407,,
2024-04-13,2024-04-13,3284,COMEDIE DE RENNES,,Activé,4315,ROLE_SIB,90319904000010,35700,RENNES,Ille-et-Vilaine,Bretagne,,PLATESV-D-2022-003733,290235,/event_dates/1301548,2024-07-04,CLOTURE,,false,,,,,,,,,,,,,,14581,COMÉDIE DE RENNES,,31 RUE XAVIER GRALL,35700,RENNES,,35,Ille-et-Vilaine,2022-06-24,VALIDE,4314,,
2023-01-12,2023-01-12,3284,COMEDIE DE RENNES,,Activé,4315,ROLE_SIB,90319904000010,35700,RENNES,Ille-et-Vilaine,Bretagne,,PLATESV-D-2022-003733,251590,/event_dates/1050876,2023-11-25,CLOTURE,,false,,,,,,,,,,,,,,14581,COMÉDIE DE RENNES,,31 RUE XAVIER GRALL,35700,RENNES,,35,Ille-et-Vilaine,2022-06-24,VALIDE,4314,,
2024-07-25,2024-07-25,2287,CENTRE DE PRODUCTION DES PAROLES CONTEMPORAINES,,Activé,3407,ROLE_SIB,41812021800049,35136,SAINT-JACQUES-DE-LA-LANDE,Ille-et-Vilaine,Bretagne,59859,PLATESV-R-2021-000431,321227,00130000000071,2024-06-04,CLOTURE,,false,,,2146,FESTIVAL MYTHOS,RENNES,35000,2022-11-10,VALIDE,3407,,,,,12004,CENTRE DE PRODUCTION DES PAROLES CONTEMPORAINES,,2  PL  JULES VALLES,35136,SAINT-JACQUES-DE-LA-LANDE,41812021800049,35,Ille-et-Vilaine,2021-10-25,VALIDE,3407,,
2023-06-12,2023-06-12,3602,DANSE A TOUS LES ETAGES,DANSE A TOUS LES ETAGES CDCN RENNES,Activé,4750,ROLE_DECLARANT1,41281004600026,35000,RENNES,Ille-et-Vilaine,Bretagne,35367,PLATESV-D-2020-001650,252845,,2023-01-12,CLOTURE,,false,,,,,,,,,,,,,,18688,LE GARAGE,,RUE ANDRÉ ET YVONNE MEYNIER,35000,RENNES,,35,Ille-et-Vilaine,2023-03-07,VALIDE,4750,,
2024-07-24,2024-07-24,176,ANTIPODE MJC RENNES,ANTIPODE,Activé,3639,ROLE_SIB,77774999500018,35000,RENNES,Ille-et-Vilaine,Bretagne,,3-1019092,320809,event_574,2024-05-04,CLOTURE,,false,,,,,,,,,,,,,,13768,ANTIPODE,Antipode - PARVIS AGNÈS VARDA,75 AVENUE JULES MANIEZ,35000,RENNES,,35,Ille-et-Vilaine,2022-05-04,VALIDE,3639,5238,
2024-09-01,2024-09-01,58,THEATRE NATIONAL DE BRETAGNE - T.N.B. CENTRE EUROPEEN DE PRODUCTION THEATRALE ET CHOREGRAPHIQUE,THEATRE NATIONAL DE BRETAGNE - T.N.B.,Activé,53,ROLE_DECLARANT1,37921397800016,35000,RENNES,Ille-et-Vilaine,Bretagne,,3-1099111,260924,,2023-11-23,CLOTURE,,false,,,,,,,,,,,,2868,ASS MJC LA PAILLETTE,9054,LA PAILLETTE,,2 RUE DU PRÉ DE BRIS,35000,RENNES,,35,Ille-et-Vilaine,2020-11-30,FUSIONNE,1551,89,
2024-11-07,2024-11-07,1416,COMMUNE DE BRUZ,LE GRAND LOGIS - VILLE DE BRUZ,Activé,1831,ROLE_SIB,21350047300151,35170,BRUZ,Ille-et-Vilaine,Bretagne,DOS20187008,1-1114454,315875,269,2024-04-04,CLOTURE,,false,,,,,,,,,,,,,,2089,COMMUNE DE BRUZ,,10  AV  DU GENERAL DE GAULLE,35170,BRUZ,21350047300151,35,Ille-et-Vilaine,2018-06-27,VALIDE,,,
2024-09-01,2024-09-01,58,THEATRE NATIONAL DE BRETAGNE - T.N.B. CENTRE EUROPEEN DE PRODUCTION THEATRALE ET CHOREGRAPHIQUE,THEATRE NATIONAL DE BRETAGNE - T.N.B.,Activé,53,ROLE_DECLARANT1,37921397800016,35000,RENNES,Ille-et-Vilaine,Bretagne,,3-1099111,260968,,2023-11-22,CLOTURE,,false,,,,,,,,,,,,,,20426,TNB,,1 RUE SAINT-HÉLIER,35000,RENNES,,35,Ille-et-Vilaine,2024-09-01,VALIDE,53,5238,
2023-12-15,2023-12-15,2934,COMMUNE DE RENNES,OPERA DE RENNES,Activé,3842,ROLE_DECLARANT1,21350238800076,35000,RENNES,Ille-et-Vilaine,Bretagne,84250,PLATESV-R-2021-012024,255320,,2023-11-28,CLOTURE,,false,,,,,,,,,,,,,,503,COMMUNE DE RENNES,,PL  DE LA MAIRIE,35000,RENNES,21350238800019,35,Ille-et-Vilaine,2018-06-27,VALIDE,,,
2024-05-31,2024-05-31,1584,ORCHESTRE NATIONAL DE BRETAGNE,ORCHESTRE NATIONAL DE BRETAGNE,Activé,5671,ROLE_DECLARANT2,35010209100021,35000,RENNES,Ille-et-Vilaine,Bretagne,DOS20183137,2-1054646,305236,,2024-04-04,CLOTURE,,false,,,,,,,,,,,,,,9526,COUVENT DES JACOBINS,Couvent des Jacobins - Centre des Congrès de Rennes Métropole,20 PLACE SAINTE-ANNE,35000,RENNES,,35,Ille-et-Vilaine,2021-01-22,VALIDE,2015,,
2023-02-12,2023-02-12,3284,COMEDIE DE RENNES,,Activé,4315,ROLE_SIB,90319904000010,35700,RENNES,Ille-et-Vilaine,Bretagne,,PLATESV-D-2022-003733,251896,/event_dates/1116698,2023-11-26,CLOTURE,,false,,,,,,,,,,,,,,14581,COMÉDIE DE RENNES,,31 RUE XAVIER GRALL,35700,RENNES,,35,Ille-et-Vilaine,2022-06-24,VALIDE,4314,,
2024-02-21,2024-02-21,2641,MAISON DES JEUNES ET CULTURE DE PACE,,Activé,3356,ROLE_SIB,30593736900026,35740,PACE,Ille-et-Vilaine,Bretagne,31372,PLATESV-R-2020-000949,274659,165,2023-11-19,CLOTURE,,false,,,,,,,,,,,,,,11393,ESCAPADE,,6 AVENUE CHARLES LE GOFFIC,35740,PACÉ,,35,Ille-et-Vilaine,2021-09-24,VALIDE,3356,5239,
2023-12-19,2023-12-19,176,ANTIPODE MJC RENNES,ANTIPODE,Activé,3639,ROLE_SIB,77774999500018,35000,RENNES,Ille-et-Vilaine,Bretagne,,3-1019092,256372,event_538,2023-11-25,CLOTURE,,false,,,,,,,,,,,,,,13768,ANTIPODE,Antipode - PARVIS AGNÈS VARDA,75 AVENUE JULES MANIEZ,35000,RENNES,,35,Ille-et-Vilaine,2022-05-04,VALIDE,3639,5238,
2024-11-04,2024-11-04,3820,THEATRE L'AIRE LIBRE,,Activé,5626,ROLE_DECLARANT1,92262510800019,35136,SAINT-JACQUES-DE-LA-LANDE,Ille-et-Vilaine,Bretagne,,PLATESV-D-2023-000211,289268,,2024-03-04,CLOTURE,,false,,,,,,,,,,,,2807,L'AIRE LIBRE,18263,THÉÂTRE L'AIRE LIBRE,,2 PLACE JULES VALLÈS,35136,SAINT-JACQUES-DE-LA-LANDE,,35,Ille-et-Vilaine,2023-05-22,FUSIONNE,5047,,
2024-02-21,2024-02-21,2641,MAISON DES JEUNES ET CULTURE DE PACE,,Activé,3356,ROLE_SIB,30593736900026,35740,PACE,Ille-et-Vilaine,Bretagne,31372,PLATESV-R-2020-000949,274660,166,2023-11-25,CLOTURE,,false,,,,,,,,,,,,,,11393,ESCAPADE,,6 AVENUE CHARLES LE GOFFIC,35740,PACÉ,,35,Ille-et-Vilaine,2021-09-24,VALIDE,3356,5239,
2023-12-19,2023-12-19,176,ANTIPODE MJC RENNES,ANTIPODE,Activé,3639,ROLE_SIB,77774999500018,35000,RENNES,Ille-et-Vilaine,Bretagne,,3-1019092,256374,event_507,2023-11-18,CLOTURE,,false,,,,,,,,,,,,,,13768,ANTIPODE,Antipode - PARVIS AGNÈS VARDA,75 AVENUE JULES MANIEZ,35000,RENNES,,35,Ille-et-Vilaine,2022-05-04,VALIDE,3639,5238,
2024-01-16,2024-01-16,1521,MJC BREQUIGNY,MJC Bréquigny,Activé,1928,ROLE_DECLARANT1,30549267000016,35200,RENNES,Ille-et-Vilaine,Bretagne,DOS20192213,1-1119457,264498,,2023-11-25,CLOTURE,,false,,,1609,Jazz à l'Ouest,RENNES,35200,2022-01-18,VALIDE,1928,,,,,8960,MJC BREQUIGNY,,15  AV  GEORGES GRAFF,35200,RENNES,30549267000024,35,Ille-et-Vilaine,2020-11-16,VALIDE,1928,,
2024-05-31,2024-05-31,2934,COMMUNE DE RENNES,OPERA DE RENNES,Activé,3842,ROLE_DECLARANT1,21350238800076,35000,RENNES,Ille-et-Vilaine,Bretagne,84250,PLATESV-R-2021-012024,305288,,2024-02-04,CLOTURE,,false,,,,,,,,,,,,,,503,COMMUNE DE RENNES,,PL  DE LA MAIRIE,35000,RENNES,21350238800019,35,Ille-et-Vilaine,2018-06-27,VALIDE,,,
2023-11-30,2023-11-30,3284,COMEDIE DE RENNES,,Activé,4315,ROLE_SIB,90319904000010,35700,RENNES,Ille-et-Vilaine,Bretagne,,PLATESV-D-2022-003733,251270,/event_dates/1116684,2023-11-24,CLOTURE,,false,,,,,,,,,,,,,,14581,COMÉDIE DE RENNES,,31 RUE XAVIER GRALL,35700,RENNES,,35,Ille-et-Vilaine,2022-06-24,VALIDE,4314,,
2024-05-04,2024-05-04,3284,COMEDIE DE RENNES,,Activé,4315,ROLE_SIB,90319904000010,35700,RENNES,Ille-et-Vilaine,Bretagne,,PLATESV-D-2022-003733,286638,/event_dates/1301282,2024-03-30,CLOTURE,,false,,,,,,,,,,,,,,14581,COMÉDIE DE RENNES,,31 RUE XAVIER GRALL,35700,RENNES,,35,Ille-et-Vilaine,2022-06-24,VALIDE,4314,,
2023-12-25,2023-12-25,3848,PARAPENTE,,Activé,5083,ROLE_DECLARANT1,79913195800024,35000,RENNES,Ille-et-Vilaine,Bretagne,65071,PLATESV-D-2021-001233,258050,,2023-11-24,CLOTURE,,false,,,,,,,,,,,,,,2890,THEATRE DE LA PARCHEMINERIE,,23  RUE  DE LA PARCHEMINERIE,35000,RENNES,77773680200029,35,Ille-et-Vilaine,2018-06-27,VALIDE,,,
2024-03-04,2024-03-04,572,CENTRE CULTUREL TRIANGLE,LE TRIANGLE,Activé,631,ROLE_DECLARANT1,32327735000035,35200,RENNES,Ille-et-Vilaine,Bretagne,,3-1014237,285671,,2024-03-29,CLOTURE,,false,,,,,,,,,,,,,,2390,CENTRE CULTUREL TRIANGLE,,BD  DE YOUGOSLAVIE,35200,RENNES,32327735000035,35,Ille-et-Vilaine,2018-06-27,VALIDE,,,
2024-01-29,2024-01-29,3820,THEATRE L'AIRE LIBRE,,Activé,5626,ROLE_DECLARANT1,92262510800019,35136,SAINT-JACQUES-DE-LA-LANDE,Ille-et-Vilaine,Bretagne,,PLATESV-D-2023-000211,268224,,2023-11-22,CLOTURE,,true,,,219,Festival TNB,RENNES,35000,2018-06-27,VALIDE,,,,2807,L'AIRE LIBRE,18263,THÉÂTRE L'AIRE LIBRE,,2 PLACE JULES VALLÈS,35136,SAINT-JACQUES-DE-LA-LANDE,,35,Ille-et-Vilaine,2023-05-22,FUSIONNE,5047,,
2024-09-01,2024-09-01,58,THEATRE NATIONAL DE BRETAGNE - T.N.B. CENTRE EUROPEEN DE PRODUCTION THEATRALE ET CHOREGRAPHIQUE,THEATRE NATIONAL DE BRETAGNE - T.N.B.,Activé,53,ROLE_DECLARANT1,37921397800016,35000,RENNES,Ille-et-Vilaine,Bretagne,,3-1099111,260808,,2023-11-22,CLOTURE,,false,,,219,Festival TNB,RENNES,35000,2018-06-27,VALIDE,,,,,,20426,TNB,,1 RUE SAINT-HÉLIER,35000,RENNES,,35,Ille-et-Vilaine,2024-09-01,VALIDE,53,5238,
2024-02-04,2024-02-04,1416,COMMUNE DE BRUZ,LE GRAND LOGIS - VILLE DE BRUZ,Activé,1831,ROLE_SIB,21350047300151,35170,BRUZ,Ille-et-Vilaine,Bretagne,DOS20187008,1-1114454,285022,289,2024-03-28,CLOTURE,,false,,,,,,,,,,,,,,2089,COMMUNE DE BRUZ,,10  AV  DU GENERAL DE GAULLE,35170,BRUZ,21350047300151,35,Ille-et-Vilaine,2018-06-27,VALIDE,,,
2024-09-01,2024-09-01,58,THEATRE NATIONAL DE BRETAGNE - T.N.B. CENTRE EUROPEEN DE PRODUCTION THEATRALE ET CHOREGRAPHIQUE,THEATRE NATIONAL DE BRETAGNE - T.N.B.,Activé,53,ROLE_DECLARANT1,37921397800016,35000,RENNES,Ille-et-Vilaine,Bretagne,,3-1099111,260865,,2023-11-14,CLOTURE,,false,,,,,,,,,,,,2898,THEATRE NATIONAL DE BRETAGNE - T.N.B. CENTRE EUROPEEN DE PRODUCTION THEATRALE ET CHOREGRAPHIQUE,4559,SALLE GABILY,,1 RUE SAINT HÉLIER,35000,RENNES,37921397800016,35,Ille-et-Vilaine,2018-07-19,FUSIONNE,,,
2024-02-04,2024-02-04,3284,COMEDIE DE RENNES,,Activé,4315,ROLE_SIB,90319904000010,35700,RENNES,Ille-et-Vilaine,Bretagne,,PLATESV-D-2022-003733,284526,/event_dates/1207566,2024-03-27,CLOTURE,,false,,,,,,,,,,,,,,14581,COMÉDIE DE RENNES,,31 RUE XAVIER GRALL,35700,RENNES,,35,Ille-et-Vilaine,2022-06-24,VALIDE,4314,,
2024-04-04,2024-04-04,2934,COMMUNE DE RENNES,OPERA DE RENNES,Activé,3842,ROLE_DECLARANT1,21350238800076,35000,RENNES,Ille-et-Vilaine,Bretagne,84250,PLATESV-R-2021-012024,286589,,2024-03-27,CLOTURE,,false,,,,,,,,,,,,,,503,COMMUNE DE RENNES,,PL  DE LA MAIRIE,35000,RENNES,21350238800019,35,Ille-et-Vilaine,2018-06-27,VALIDE,,,
2024-05-22,2024-05-22,2641,MAISON DES JEUNES ET CULTURE DE PACE,,Activé,3356,ROLE_SIB,30593736900026,35740,PACE,Ille-et-Vilaine,Bretagne,31372,PLATESV-R-2020-000949,303009,175,2024-03-24,CLOTURE,,false,,,,,,,,,,,,,,11393,ESCAPADE,,6 AVENUE CHARLES LE GOFFIC,35740,PACÉ,,35,Ille-et-Vilaine,2021-09-24,VALIDE,3356,5239,
2024-09-01,2024-09-01,58,THEATRE NATIONAL DE BRETAGNE - T.N.B. CENTRE EUROPEEN DE PRODUCTION THEATRALE ET CHOREGRAPHIQUE,THEATRE NATIONAL DE BRETAGNE - T.N.B.,Activé,53,ROLE_DECLARANT1,37921397800016,35000,RENNES,Ille-et-Vilaine,Bretagne,,3-1099111,260887,,2023-11-18,CLOTURE,,false,,,,,,,,,,,,12103,THEATRE DE POCHE,16839,THEATRE DE POCHE,,2 RUE SAINT-LOUIS,35630,HÉDÉ-BAZOUGES,,35,Ille-et-Vilaine,2023-01-16,FUSIONNE,1551,5238,
2024-03-01,2024-03-01,1416,COMMUNE DE BRUZ,LE GRAND LOGIS - VILLE DE BRUZ,Activé,1831,ROLE_SIB,21350047300151,35170,BRUZ,Ille-et-Vilaine,Bretagne,DOS20187008,1-1114454,259132,259,2023-11-17,CLOTURE,,false,,,,,,,,,,,,,,2089,COMMUNE DE BRUZ,,10  AV  DU GENERAL DE GAULLE,35170,BRUZ,21350047300151,35,Ille-et-Vilaine,2018-06-27,VALIDE,,,
2024-02-28,2024-03-26,3780,LA PAILLETTE,,Activé,5000,ROLE_DECLARANT1,77774969800034,35000,RENNES,Ille-et-Vilaine,Bretagne,52745,PLATESV-R-2020-009633,276021,/event_dates/890156,2024-02-22,CLOTURE,,true,,,,,,,,,,,,2868,ASS MJC LA PAILLETTE,9054,LA PAILLETTE,,2 RUE DU PRÉ DE BRIS,35000,RENNES,,35,Ille-et-Vilaine,2020-11-30,FUSIONNE,1551,89,
2024-01-16,2024-01-16,1521,MJC BREQUIGNY,MJC Bréquigny,Activé,1928,ROLE_DECLARANT1,30549267000016,35200,RENNES,Ille-et-Vilaine,Bretagne,DOS20192213,1-1119457,264493,,2023-11-15,CLOTURE,,false,,,1609,Jazz à l'Ouest,RENNES,35200,2022-01-18,VALIDE,1928,,,,,2670,MJC BREQUIGNY,,15  AV  GEORGES GRAFF,35000,RENNES,30549267000024,35,Ille-et-Vilaine,2018-06-27,VALIDE,,,
2024-04-24,2024-04-24,176,ANTIPODE MJC RENNES,ANTIPODE,Activé,3639,ROLE_SIB,77774999500018,35000,RENNES,Ille-et-Vilaine,Bretagne,,3-1019092,295661,event_562,2024-02-17,CLOTURE,,false,,,,,,,,,,,,,,13768,ANTIPODE,Antipode - PARVIS AGNÈS VARDA,75 AVENUE JULES MANIEZ,35000,RENNES,,35,Ille-et-Vilaine,2022-05-04,VALIDE,3639,5238,
2024-09-01,2024-09-01,58,THEATRE NATIONAL DE BRETAGNE - T.N.B. CENTRE EUROPEEN DE PRODUCTION THEATRALE ET CHOREGRAPHIQUE,THEATRE NATIONAL DE BRETAGNE - T.N.B.,Activé,53,ROLE_DECLARANT1,37921397800016,35000,RENNES,Ille-et-Vilaine,Bretagne,,3-1099111,260860,,2023-11-15,CLOTURE,,false,,,,,,,,,,,,,,5794,CCNRB,,38 RUE SAINT MELAINE CS 20831,35108,RENNES CEDEX,31464796700020,35,Ille-et-Vilaine,2019-02-26,VALIDE,,,
2024-02-23,2024-02-23,3284,COMEDIE DE RENNES,,Activé,4315,ROLE_SIB,90319904000010,35700,RENNES,Ille-et-Vilaine,Bretagne,,PLATESV-D-2022-003733,275138,/event_dates/966554,2024-02-17,CLOTURE,,false,,,,,,,,,,,,,,14581,COMÉDIE DE RENNES,,31 RUE XAVIER GRALL,35700,RENNES,,35,Ille-et-Vilaine,2022-06-24,VALIDE,4314,,
2024-04-24,2024-04-24,176,ANTIPODE MJC RENNES,ANTIPODE,Activé,3639,ROLE_SIB,77774999500018,35000,RENNES,Ille-et-Vilaine,Bretagne,,3-1019092,295662,event_547,2024-02-16,CLOTURE,,false,,,,,,,,,,,,,,13768,ANTIPODE,Antipode - PARVIS AGNÈS VARDA,75 AVENUE JULES MANIEZ,35000,RENNES,,35,Ille-et-Vilaine,2022-05-04,VALIDE,3639,5238,
2024-02-21,2024-02-21,3284,COMEDIE DE RENNES,,Activé,4315,ROLE_SIB,90319904000010,35700,RENNES,Ille-et-Vilaine,Bretagne,,PLATESV-D-2022-003733,274464,/event_dates/939884,2024-02-15,CLOTURE,,false,,,,,,,,,,,,,,14581,COMÉDIE DE RENNES,,31 RUE XAVIER GRALL,35700,RENNES,,35,Ille-et-Vilaine,2022-06-24,VALIDE,4314,,
2024-04-26,2024-02-05,3780,LA PAILLETTE,,Activé,5000,ROLE_DECLARANT1,77774969800034,35000,RENNES,Ille-et-Vilaine,Bretagne,52745,PLATESV-R-2020-009633,296579,/event_dates/1323087,2024-04-20,CLOTURE,,false,2662,Les Envolées,3332,Festival Les Envolées,RENNES,35000,2024-04-19,FUSIONNE,5001,,,2868,ASS MJC LA PAILLETTE,9054,LA PAILLETTE,,2 RUE DU PRÉ DE BRIS,35000,RENNES,,35,Ille-et-Vilaine,2020-11-30,FUSIONNE,1551,89,
2024-04-26,2024-02-05,3780,LA PAILLETTE,,Activé,5000,ROLE_DECLARANT1,77774969800034,35000,RENNES,Ille-et-Vilaine,Bretagne,52745,PLATESV-R-2020-009633,296560,/event_dates/1322912,2024-04-20,CLOTURE,,false,2662,Les Envolées,3332,Festival Les Envolées,RENNES,35000,2024-04-19,FUSIONNE,5001,,,2868,ASS MJC LA PAILLETTE,9054,LA PAILLETTE,,2 RUE DU PRÉ DE BRIS,35000,RENNES,,35,Ille-et-Vilaine,2020-11-30,FUSIONNE,1551,89,
2024-07-13,2024-07-13,2934,COMMUNE DE RENNES,OPERA DE RENNES,Activé,3842,ROLE_DECLARANT1,21350238800076,35000,RENNES,Ille-et-Vilaine,Bretagne,84250,PLATESV-R-2021-012024,316203,,2024-04-20,CLOTURE,,false,,,,,,,,,,,,,,503,COMMUNE DE RENNES,,PL  DE LA MAIRIE,35000,RENNES,21350238800019,35,Ille-et-Vilaine,2018-06-27,VALIDE,,,
2024-04-25,2024-02-05,3780,LA PAILLETTE,,Activé,5000,ROLE_DECLARANT1,77774969800034,35000,RENNES,Ille-et-Vilaine,Bretagne,52745,PLATESV-R-2020-009633,295983,/event_dates/1322744,2024-04-19,CLOTURE,,false,2662,Les Envolées,3332,Festival Les Envolées,RENNES,35000,2024-04-19,FUSIONNE,5001,,,2868,ASS MJC LA PAILLETTE,9054,LA PAILLETTE,,2 RUE DU PRÉ DE BRIS,35000,RENNES,,35,Ille-et-Vilaine,2020-11-30,FUSIONNE,1551,89,
2024-08-04,2024-08-04,1291,ASSOCIATION LILLICO,,Activé,1551,ROLE_SIB,78975485000038,35000,RENNES,Ille-et-Vilaine,Bretagne,,PLATESV-D-2020-000183,287824,2183,2024-12-02,CLOTURE,,false,1116,WATERPROOF plongez dans la danse,1726,Festival Waterproof,RENNES,35000,2022-08-04,FUSIONNE,1551,,,,,16849,SALLE GUY ROPARTZ,,14 RUE GUY ROPARTZ,35700,RENNES,,35,Ille-et-Vilaine,2023-01-16,VALIDE,1551,,
2024-08-04,2024-08-04,1291,ASSOCIATION LILLICO,,Activé,1551,ROLE_SIB,78975485000038,35000,RENNES,Ille-et-Vilaine,Bretagne,,PLATESV-D-2020-000183,287822,2180,2024-11-02,CLOTURE,,false,1116,WATERPROOF plongez dans la danse,1726,Festival Waterproof,RENNES,35000,2022-08-04,FUSIONNE,1551,,,,,16849,SALLE GUY ROPARTZ,,14 RUE GUY ROPARTZ,35700,RENNES,,35,Ille-et-Vilaine,2023-01-16,VALIDE,1551,,
2024-02-20,2024-02-20,3284,COMEDIE DE RENNES,,Activé,4315,ROLE_SIB,90319904000010,35700,RENNES,Ille-et-Vilaine,Bretagne,,PLATESV-D-2022-003733,274212,/event_dates/1207517,2024-11-02,CLOTURE,,false,,,,,,,,,,,,,,14581,COMÉDIE DE RENNES,,31 RUE XAVIER GRALL,35700,RENNES,,35,Ille-et-Vilaine,2022-06-24,VALIDE,4314,,
2024-02-13,2024-02-13,610,COMMUNE DE CHARTRES DE BRETAGNE,MAIRIE,Activé,638,ROLE_DECLARANT1,21350066300017,35131,CHARTRES DE BRETAGNE,Ille-et-Vilaine,Bretagne,DOS20179174,1-1107987,272352,,2024-10-02,CLOTURE,,false,,,,,,,,,,,,,,7572,CENTRE CULTUREL PÔLE SUD,,RUE DE LA CONTERIE,35131,CHARTRES-DE-BRETAGNE,,35,Ille-et-Vilaine,2020-01-22,VALIDE,638,,
2024-04-24,2024-04-24,176,ANTIPODE MJC RENNES,ANTIPODE,Activé,3639,ROLE_SIB,77774999500018,35000,RENNES,Ille-et-Vilaine,Bretagne,,3-1019092,295663,event_550,2024-09-02,CLOTURE,,false,,,,,,,,,,,,,,13768,ANTIPODE,Antipode - PARVIS AGNÈS VARDA,75 AVENUE JULES MANIEZ,35000,RENNES,,35,Ille-et-Vilaine,2022-05-04,VALIDE,3639,5238,
2024-08-04,2024-08-04,1291,ASSOCIATION LILLICO,,Activé,1551,ROLE_SIB,78975485000038,35000,RENNES,Ille-et-Vilaine,Bretagne,,PLATESV-D-2020-000183,287819,2177,2024-01-25,CLOTURE,,false,,,,,,,,,,,,,,16849,SALLE GUY ROPARTZ,,14 RUE GUY ROPARTZ,35700,RENNES,,35,Ille-et-Vilaine,2023-01-16,VALIDE,1551,,
2024-09-04,2024-09-04,2934,COMMUNE DE RENNES,OPERA DE RENNES,Activé,3842,ROLE_DECLARANT1,21350238800076,35000,RENNES,Ille-et-Vilaine,Bretagne,84250,PLATESV-R-2021-012024,288334,,2024-09-02,CLOTURE,,false,,,,,,,,,,,,,,503,COMMUNE DE RENNES,,PL  DE LA MAIRIE,35000,RENNES,21350238800019,35,Ille-et-Vilaine,2018-06-27,VALIDE,,,
2024-04-24,2024-04-24,176,ANTIPODE MJC RENNES,ANTIPODE,Activé,3639,ROLE_SIB,77774999500018,35000,RENNES,Ille-et-Vilaine,Bretagne,,3-1019092,295668,event_544,2024-01-24,CLOTURE,,false,,,,,,,,,,,,,,13768,ANTIPODE,Antipode - PARVIS AGNÈS VARDA,75 AVENUE JULES MANIEZ,35000,RENNES,,35,Ille-et-Vilaine,2022-05-04,VALIDE,3639,5238,
2024-07-25,2024-07-25,2287,CENTRE DE PRODUCTION DES PAROLES CONTEMPORAINES,,Activé,3407,ROLE_SIB,41812021800049,35136,SAINT-JACQUES-DE-LA-LANDE,Ille-et-Vilaine,Bretagne,59859,PLATESV-R-2021-000431,321244,00130000000089,2024-04-13,CLOTURE,,false,,,2146,FESTIVAL MYTHOS,RENNES,35000,2022-11-10,VALIDE,3407,,,,,12004,CENTRE DE PRODUCTION DES PAROLES CONTEMPORAINES,,2  PL  JULES VALLES,35136,SAINT-JACQUES-DE-LA-LANDE,41812021800049,35,Ille-et-Vilaine,2021-10-25,VALIDE,3407,,
2024-11-07,2024-11-07,1416,COMMUNE DE BRUZ,LE GRAND LOGIS - VILLE DE BRUZ,Activé,1831,ROLE_SIB,21350047300151,35170,BRUZ,Ille-et-Vilaine,Bretagne,DOS20187008,1-1114454,315876,270,2024-12-04,CLOTURE,,false,,,,,,,,,,,,,,2089,COMMUNE DE BRUZ,,10  AV  DU GENERAL DE GAULLE,35170,BRUZ,21350047300151,35,Ille-et-Vilaine,2018-06-27,VALIDE,,,
2024-07-24,2024-07-24,176,ANTIPODE MJC RENNES,ANTIPODE,Activé,3639,ROLE_SIB,77774999500018,35000,RENNES,Ille-et-Vilaine,Bretagne,,3-1019092,320806,event_505,2024-12-04,CLOTURE,,false,,,,,,,,,,,,,,13768,ANTIPODE,Antipode - PARVIS AGNÈS VARDA,75 AVENUE JULES MANIEZ,35000,RENNES,,35,Ille-et-Vilaine,2022-05-04,VALIDE,3639,5238,
2024-02-13,2024-02-13,3284,COMEDIE DE RENNES,,Activé,4315,ROLE_SIB,90319904000010,35700,RENNES,Ille-et-Vilaine,Bretagne,,PLATESV-D-2022-003733,271972,/event_dates/1247200,2024-07-02,CLOTURE,,false,,,,,,,,,,,,,,14581,COMÉDIE DE RENNES,,31 RUE XAVIER GRALL,35700,RENNES,,35,Ille-et-Vilaine,2022-06-24,VALIDE,4314,,
2024-05-31,2024-05-31,1584,ORCHESTRE NATIONAL DE BRETAGNE,ORCHESTRE NATIONAL DE BRETAGNE,Activé,5671,ROLE_DECLARANT2,35010209100021,35000,RENNES,Ille-et-Vilaine,Bretagne,DOS20183137,2-1054646,305239,,2024-10-04,CLOTURE,,false,,,,,,,,,,,,,,9526,COUVENT DES JACOBINS,Couvent des Jacobins - Centre des Congrès de Rennes Métropole,20 PLACE SAINTE-ANNE,35000,RENNES,,35,Ille-et-Vilaine,2021-01-22,VALIDE,2015,,
2024-03-26,2024-03-26,1584,ORCHESTRE NATIONAL DE BRETAGNE,ORCHESTRE NATIONAL DE BRETAGNE,Activé,5671,ROLE_DECLARANT2,35010209100021,35000,RENNES,Ille-et-Vilaine,Bretagne,DOS20183137,2-1054646,282941,,2024-01-19,CLOTURE,,false,,,,,,,,,,,,,,9526,COUVENT DES JACOBINS,Couvent des Jacobins - Centre des Congrès de Rennes Métropole,20 PLACE SAINTE-ANNE,35000,RENNES,,35,Ille-et-Vilaine,2021-01-22,VALIDE,2015,,
2024-06-27,2024-06-27,58,THEATRE NATIONAL DE BRETAGNE - T.N.B. CENTRE EUROPEEN DE PRODUCTION THEATRALE ET CHOREGRAPHIQUE,THEATRE NATIONAL DE BRETAGNE - T.N.B.,Activé,53,ROLE_DECLARANT1,37921397800016,35000,RENNES,Ille-et-Vilaine,Bretagne,,3-1099111,311439,,2024-09-04,CLOTURE,,false,,,2146,FESTIVAL MYTHOS,RENNES,35000,2022-11-10,VALIDE,3407,,,2898,THEATRE NATIONAL DE BRETAGNE - T.N.B. CENTRE EUROPEEN DE PRODUCTION THEATRALE ET CHOREGRAPHIQUE,4559,SALLE GABILY,,1 RUE SAINT HÉLIER,35000,RENNES,37921397800016,35,Ille-et-Vilaine,2018-07-19,FUSIONNE,,,
2024-02-29,2024-02-29,2934,COMMUNE DE RENNES,OPERA DE RENNES,Activé,3842,ROLE_DECLARANT1,21350238800076,35000,RENNES,Ille-et-Vilaine,Bretagne,84250,PLATESV-R-2021-012024,276668,,2024-03-02,CLOTURE,,false,,,,,,,,,,,,,,503,COMMUNE DE RENNES,,PL  DE LA MAIRIE,35000,RENNES,21350238800019,35,Ille-et-Vilaine,2018-06-27,VALIDE,,,
2024-04-24,2024-04-24,176,ANTIPODE MJC RENNES,ANTIPODE,Activé,3639,ROLE_SIB,77774999500018,35000,RENNES,Ille-et-Vilaine,Bretagne,,3-1019092,295664,event_508,2024-02-02,CLOTURE,,false,,,,,,,,,,,,,,13768,ANTIPODE,Antipode - PARVIS AGNÈS VARDA,75 AVENUE JULES MANIEZ,35000,RENNES,,35,Ille-et-Vilaine,2022-05-04,VALIDE,3639,5238,
2024-01-23,2024-01-23,3284,COMEDIE DE RENNES,,Activé,4315,ROLE_SIB,90319904000010,35700,RENNES,Ille-et-Vilaine,Bretagne,,PLATESV-D-2022-003733,266783,/event_dates/1238590,2024-01-17,CLOTURE,,false,,,,,,,,,,,,,,14581,COMÉDIE DE RENNES,,31 RUE XAVIER GRALL,35700,RENNES,,35,Ille-et-Vilaine,2022-06-24,VALIDE,4314,,
2024-04-22,2024-04-22,654,CENTRE CHOREGRAPHIQUE NATIONAL DE RENNES ET DE BRETAGNE,FAIRE CCN RENNES,Activé,689,ROLE_DECLARANT1,31464796700020,35000,RENNES,Ille-et-Vilaine,Bretagne,DOS20181231,1-1110488,294554,,2024-01-17,CLOTURE,,false,,,,,,,,,,,,,,5794,CCNRB,,38 RUE SAINT MELAINE CS 20831,35108,RENNES CEDEX,31464796700020,35,Ille-et-Vilaine,2019-02-26,VALIDE,,,
2024-08-02,2024-08-02,3780,LA PAILLETTE,,Activé,5001,ROLE_SIB,77774969800034,35000,RENNES,Ille-et-Vilaine,Bretagne,52745,PLATESV-R-2020-009633,270678,/event_dates/890114,2024-02-02,CLOTURE,,true,,,,,,,,,,,,2868,ASS MJC LA PAILLETTE,9054,LA PAILLETTE,,2 RUE DU PRÉ DE BRIS,35000,RENNES,,35,Ille-et-Vilaine,2020-11-30,FUSIONNE,1551,89,
2024-02-04,2024-02-04,1416,COMMUNE DE BRUZ,LE GRAND LOGIS - VILLE DE BRUZ,Activé,1831,ROLE_SIB,21350047300151,35170,BRUZ,Ille-et-Vilaine,Bretagne,DOS20187008,1-1114454,285010,264,2024-01-02,CLOTURE,,false,,,,,,,,,,,,,,2089,COMMUNE DE BRUZ,,10  AV  DU GENERAL DE GAULLE,35170,BRUZ,21350047300151,35,Ille-et-Vilaine,2018-06-27,VALIDE,,,
2024-07-02,2024-07-02,3780,LA PAILLETTE,,Activé,5001,ROLE_SIB,77774969800034,35000,RENNES,Ille-et-Vilaine,Bretagne,52745,PLATESV-R-2020-009633,270458,/event_dates/890107,2024-01-02,CLOTURE,,true,,,,,,,,,,,,2868,ASS MJC LA PAILLETTE,9054,LA PAILLETTE,,2 RUE DU PRÉ DE BRIS,35000,RENNES,,35,Ille-et-Vilaine,2020-11-30,FUSIONNE,1551,89,
2024-05-31,2024-05-31,1584,ORCHESTRE NATIONAL DE BRETAGNE,ORCHESTRE NATIONAL DE BRETAGNE,Activé,5671,ROLE_DECLARANT2,35010209100021,35000,RENNES,Ille-et-Vilaine,Bretagne,DOS20183137,2-1054646,305243,,2024-05-04,CLOTURE,,false,,,,,,,,,,,,,,9526,COUVENT DES JACOBINS,Couvent des Jacobins - Centre des Congrès de Rennes Métropole,20 PLACE SAINTE-ANNE,35000,RENNES,,35,Ille-et-Vilaine,2021-01-22,VALIDE,2015,,
2024-01-19,2024-01-19,3284,COMEDIE DE RENNES,,Activé,4315,ROLE_SIB,90319904000010,35700,RENNES,Ille-et-Vilaine,Bretagne,,PLATESV-D-2022-003733,265949,/event_dates/1247186,2024-01-13,CLOTURE,,false,,,,,,,,,,,,,,14581,COMÉDIE DE RENNES,,31 RUE XAVIER GRALL,35700,RENNES,,35,Ille-et-Vilaine,2022-06-24,VALIDE,4314,,
2024-03-25,2024-03-25,542,ASSOCIATION TRANS MUSICALES,ATM,Activé,597,ROLE_DECLARANT1,33886426700020,35000,RENNES,Ille-et-Vilaine,Bretagne,,3-1032090,282621,,2024-12-01,CLOTURE,,false,,,,,,,,,,,,,,5761,UBU,,10/12 RUE JEAN GUY CS 73912,35039,RENNES CEDEX,33886426700020,35,Ille-et-Vilaine,2019-02-21,VALIDE,,,
2024-04-24,2024-04-24,176,ANTIPODE MJC RENNES,ANTIPODE,Activé,3639,ROLE_SIB,77774999500018,35000,RENNES,Ille-et-Vilaine,Bretagne,,3-1019092,295665,event_546,2024-01-28,CLOTURE,,false,,,,,,,,,,,,,,13768,ANTIPODE,Antipode - PARVIS AGNÈS VARDA,75 AVENUE JULES MANIEZ,35000,RENNES,,35,Ille-et-Vilaine,2022-05-04,VALIDE,3639,5238,
2024-03-26,2024-03-26,1429,COMMUNE DE BETTON,Salle Confluence - Betton,Activé,1780,ROLE_SIB,21350024200259,35830,Betton,Ille-et-Vilaine,Bretagne,,PLATESV-R-2020-005656,282778,322,2024-01-28,CLOTURE,,false,,,,,,,,,,,,,,8489,LA CONFLUENCE,,PLACE CHARLES DE GAULLE,35830,BETTON,,35,Ille-et-Vilaine,2020-09-22,VALIDE,1780,5238,
2024-02-06,2024-02-06,1529,NORTON'S,CABARET MOUSTACHE,Activé,1939,ROLE_DECLARANT1,81970612800017,35136,SAINT-JACQUES-DE-LA-LANDE,Ille-et-Vilaine,Bretagne,DOS20179333,1-1110493,305458,,2024-11-01,CLOTURE,,false,,,,,,,,,,,,,,8973,CABARET MOUSTACHE,CABARET MOUSTACHE,7 PARC D'ACTIVITÉS DE L'ECOTAY,35410,NOUVOITOU,,35,Ille-et-Vilaine,2020-11-18,VALIDE,1939,5239,Adresse
2024-07-24,2024-07-24,176,ANTIPODE MJC RENNES,ANTIPODE,Activé,3639,ROLE_SIB,77774999500018,35000,RENNES,Ille-et-Vilaine,Bretagne,,3-1019092,320810,event_557,2024-03-04,CLOTURE,,false,,,,,,,,,,,,,,13768,ANTIPODE,Antipode - PARVIS AGNÈS VARDA,75 AVENUE JULES MANIEZ,35000,RENNES,,35,Ille-et-Vilaine,2022-05-04,VALIDE,3639,5238,
2024-02-29,2024-02-29,2934,COMMUNE DE RENNES,OPERA DE RENNES,Activé,3842,ROLE_DECLARANT1,21350238800076,35000,RENNES,Ille-et-Vilaine,Bretagne,84250,PLATESV-R-2021-012024,276666,,2024-09-01,CLOTURE,,false,,,,,,,,,,,,,,503,COMMUNE DE RENNES,,PL  DE LA MAIRIE,35000,RENNES,21350238800019,35,Ille-et-Vilaine,2018-06-27,VALIDE,,,
2024-12-01,2024-12-01,3284,COMEDIE DE RENNES,,Activé,4315,ROLE_SIB,90319904000010,35700,RENNES,Ille-et-Vilaine,Bretagne,,PLATESV-D-2022-003733,262451,/event_dates/822943,2024-06-01,CLOTURE,,false,,,,,,,,,,,,,,14581,COMÉDIE DE RENNES,,31 RUE XAVIER GRALL,35700,RENNES,,35,Ille-et-Vilaine,2022-06-24,VALIDE,4314,,
2024-12-01,2024-12-01,3284,COMEDIE DE RENNES,,Activé,4315,ROLE_SIB,90319904000010,35700,RENNES,Ille-et-Vilaine,Bretagne,,PLATESV-D-2022-003733,262488,/event_dates/1051065,2024-06-01,CLOTURE,,false,,,,,,,,,,,,,,14581,COMÉDIE DE RENNES,,31 RUE XAVIER GRALL,35700,RENNES,,35,Ille-et-Vilaine,2022-06-24,VALIDE,4314,,
2024-01-02,2024-01-02,3780,LA PAILLETTE,,Activé,5001,ROLE_SIB,77774969800034,35000,RENNES,Ille-et-Vilaine,Bretagne,52745,PLATESV-R-2020-009633,269195,/event_dates/890086,2024-01-26,CLOTURE,,false,,,,,,,,,,,,2868,ASS MJC LA PAILLETTE,9054,LA PAILLETTE,,2 RUE DU PRÉ DE BRIS,35000,RENNES,,35,Ille-et-Vilaine,2020-11-30,FUSIONNE,1551,89,
2024-01-02,2024-01-02,3780,LA PAILLETTE,,Activé,5001,ROLE_SIB,77774969800034,35000,RENNES,Ille-et-Vilaine,Bretagne,52745,PLATESV-R-2020-009633,269194,/event_dates/890079,2024-01-26,CLOTURE,,false,,,,,,,,,,,,2868,ASS MJC LA PAILLETTE,9054,LA PAILLETTE,,2 RUE DU PRÉ DE BRIS,35000,RENNES,,35,Ille-et-Vilaine,2020-11-30,FUSIONNE,1551,89,
2024-01-02,2024-01-02,610,COMMUNE DE CHARTRES DE BRETAGNE,MAIRIE,Activé,638,ROLE_DECLARANT1,21350066300017,35131,CHARTRES DE BRETAGNE,Ille-et-Vilaine,Bretagne,DOS20179174,1-1107987,269295,,2024-01-26,CLOTURE,,false,,,,,,,,,,,,,,7572,CENTRE CULTUREL PÔLE SUD,,RUE DE LA CONTERIE,35131,CHARTRES-DE-BRETAGNE,,35,Ille-et-Vilaine,2020-01-22,VALIDE,638,,
2024-06-01,2024-06-01,3284,COMEDIE DE RENNES,,Activé,4315,ROLE_SIB,90319904000010,35700,RENNES,Ille-et-Vilaine,Bretagne,,PLATESV-D-2022-003733,260035,/event_dates/1126400,2023-12-31,CLOTURE,,false,,,,,,,,,,,,,,14581,COMÉDIE DE RENNES,,31 RUE XAVIER GRALL,35700,RENNES,,35,Ille-et-Vilaine,2022-06-24,VALIDE,4314,,
2024-04-16,2024-04-16,1202,COMMUNE DE SAINT GREGOIRE,MAIRIE,Activé,1400,ROLE_DECLARANT1,21350278400019,35760,SAINT-GREGOIRE,Ille-et-Vilaine,Bretagne,DOS20192051,3-1119456,292154,,2024-03-29,CLOTURE,,false,,,,,,,,,,,,,,18340,MÉDIATHÈQUE PAUL RUAUDEL,,RUE DU CHAMP MARQUÉ,35760,SAINT-GRÉGOIRE,,35,Ille-et-Vilaine,2023-05-31,VALIDE,1400,,
2024-02-20,2024-02-20,2934,COMMUNE DE RENNES,OPERA DE RENNES,Activé,3842,ROLE_DECLARANT1,21350238800076,35000,RENNES,Ille-et-Vilaine,Bretagne,84250,PLATESV-R-2021-012024,274412,,2023-12-30,CLOTURE,,false,,,,,,,,,,,,,,503,COMMUNE DE RENNES,,PL  DE LA MAIRIE,35000,RENNES,21350238800019,35,Ille-et-Vilaine,2018-06-27,VALIDE,,,
2024-04-01,2024-04-01,3284,COMEDIE DE RENNES,,Activé,4315,ROLE_SIB,90319904000010,35700,RENNES,Ille-et-Vilaine,Bretagne,,PLATESV-D-2022-003733,259510,/event_dates/939352,2023-12-29,CLOTURE,,false,,,,,,,,,,,,,,14581,COMÉDIE DE RENNES,,31 RUE XAVIER GRALL,35700,RENNES,,35,Ille-et-Vilaine,2022-06-24,VALIDE,4314,,
2024-04-01,2024-04-01,3284,COMEDIE DE RENNES,,Activé,4315,ROLE_SIB,90319904000010,35700,RENNES,Ille-et-Vilaine,Bretagne,,PLATESV-D-2022-003733,259508,/event_dates/1116880,2023-12-29,CLOTURE,,false,,,,,,,,,,,,,,14581,COMÉDIE DE RENNES,,31 RUE XAVIER GRALL,35700,RENNES,,35,Ille-et-Vilaine,2022-06-24,VALIDE,4314,,
2024-03-01,2024-03-01,3284,COMEDIE DE RENNES,,Activé,4315,ROLE_SIB,90319904000010,35700,RENNES,Ille-et-Vilaine,Bretagne,,PLATESV-D-2022-003733,259088,/event_dates/939345,2023-12-28,CLOTURE,,false,,,,,,,,,,,,,,14581,COMÉDIE DE RENNES,,31 RUE XAVIER GRALL,35700,RENNES,,35,Ille-et-Vilaine,2022-06-24,VALIDE,4314,,
2024-04-24,2024-04-24,176,ANTIPODE MJC RENNES,ANTIPODE,Activé,3639,ROLE_SIB,77774999500018,35000,RENNES,Ille-et-Vilaine,Bretagne,,3-1019092,295653,event_551,2024-03-28,CLOTURE,,false,,,,,,,,,,,,,,13768,ANTIPODE,Antipode - PARVIS AGNÈS VARDA,75 AVENUE JULES MANIEZ,35000,RENNES,,35,Ille-et-Vilaine,2022-05-04,VALIDE,3639,5238,
2024-02-01,2024-02-01,3284,COMEDIE DE RENNES,,Activé,4315,ROLE_SIB,90319904000010,35700,RENNES,Ille-et-Vilaine,Bretagne,,PLATESV-D-2022-003733,258763,/event_dates/939331,2023-12-27,CLOTURE,,false,,,,,,,,,,,,,,14581,COMÉDIE DE RENNES,,31 RUE XAVIER GRALL,35700,RENNES,,35,Ille-et-Vilaine,2022-06-24,VALIDE,4314,,
2024-02-01,2024-02-01,3284,COMEDIE DE RENNES,,Activé,4315,ROLE_SIB,90319904000010,35700,RENNES,Ille-et-Vilaine,Bretagne,,PLATESV-D-2022-003733,258762,/event_dates/939324,2023-12-27,CLOTURE,,false,,,,,,,,,,,,,,14581,COMÉDIE DE RENNES,,31 RUE XAVIER GRALL,35700,RENNES,,35,Ille-et-Vilaine,2022-06-24,VALIDE,4314,,
2024-04-24,2024-04-24,176,ANTIPODE MJC RENNES,ANTIPODE,Activé,3639,ROLE_SIB,77774999500018,35000,RENNES,Ille-et-Vilaine,Bretagne,,3-1019092,295654,event_554,2024-03-27,CLOTURE,,false,,,,,,,,,,,,,,13768,ANTIPODE,Antipode - PARVIS AGNÈS VARDA,75 AVENUE JULES MANIEZ,35000,RENNES,,35,Ille-et-Vilaine,2022-05-04,VALIDE,3639,5238,
2023-12-29,2023-12-29,3284,COMEDIE DE RENNES,,Activé,4315,ROLE_SIB,90319904000010,35700,RENNES,Ille-et-Vilaine,Bretagne,,PLATESV-D-2022-003733,258505,/event_dates/1051023,2023-12-23,CLOTURE,,false,,,,,,,,,,,,,,14581,COMÉDIE DE RENNES,,31 RUE XAVIER GRALL,35700,RENNES,,35,Ille-et-Vilaine,2022-06-24,VALIDE,4314,,
2024-01-19,2024-01-19,1291,ASSOCIATION LILLICO,,Activé,1551,ROLE_SIB,78975485000038,35000,RENNES,Ille-et-Vilaine,Bretagne,,PLATESV-D-2020-000183,266092,2175,2023-12-22,CLOTURE,,false,,,,,,,,,,,,,,16849,SALLE GUY ROPARTZ,,14 RUE GUY ROPARTZ,35700,RENNES,,35,Ille-et-Vilaine,2023-01-16,VALIDE,1551,,
2024-02-29,2024-02-29,2934,COMMUNE DE RENNES,OPERA DE RENNES,Activé,3842,ROLE_DECLARANT1,21350238800076,35000,RENNES,Ille-et-Vilaine,Bretagne,84250,PLATESV-R-2021-012024,276644,,2024-01-20,CLOTURE,,false,,,,,,,,,,,,,,503,COMMUNE DE RENNES,,PL  DE LA MAIRIE,35000,RENNES,21350238800019,35,Ille-et-Vilaine,2018-06-27,VALIDE,,,
2024-01-17,2024-01-17,2934,COMMUNE DE RENNES,OPERA DE RENNES,Activé,3842,ROLE_DECLARANT1,21350238800076,35000,RENNES,Ille-et-Vilaine,Bretagne,84250,PLATESV-R-2021-012024,265251,,2023-12-20,CLOTURE,,false,,,,,,,,,,,,,,503,COMMUNE DE RENNES,,PL  DE LA MAIRIE,35000,RENNES,21350238800019,35,Ille-et-Vilaine,2018-06-27,VALIDE,,,
2025-11-02,2025-11-02,610,COMMUNE DE CHARTRES DE BRETAGNE,MAIRIE,Activé,638,ROLE_DECLARANT1,21350066300017,35131,CHARTRES DE BRETAGNE,Ille-et-Vilaine,Bretagne,DOS20179174,1-1107987,368892,,2025-05-02,CLOTURE,,false,,,,,,,,,,,,,,7572,CENTRE CULTUREL PÔLE SUD,,RUE DE LA CONTERIE,35131,CHARTRES-DE-BRETAGNE,,35,Ille-et-Vilaine,2020-01-22,VALIDE,638,,
2025-02-04,2025-02-04,1416,COMMUNE DE BRUZ,LE GRAND LOGIS - VILLE DE BRUZ,Activé,1831,ROLE_SIB,21350047300151,35170,BRUZ,Ille-et-Vilaine,Bretagne,DOS20187008,1-1114454,386761,330,2025-04-02,CLOTURE,,false,,,,,,,,,,,,,,2089,COMMUNE DE BRUZ,,10  AV  DU GENERAL DE GAULLE,35170,BRUZ,21350047300151,35,Ille-et-Vilaine,2018-06-27,VALIDE,,,
2023-12-22,2023-12-22,3284,COMEDIE DE RENNES,,Activé,4315,ROLE_SIB,90319904000010,35700,RENNES,Ille-et-Vilaine,Bretagne,,PLATESV-D-2022-003733,257383,/event_dates/1050883,2023-12-16,CLOTURE,,false,,,,,,,,,,,,,,14581,COMÉDIE DE RENNES,,31 RUE XAVIER GRALL,35700,RENNES,,35,Ille-et-Vilaine,2022-06-24,VALIDE,4314,,
2025-11-03,2025-11-03,4475,AUTRES MESURES,,Activé,5975,ROLE_DECLARANT1,81492564000025,35510,CESSON-SEVIGNE,Ille-et-Vilaine,Bretagne,DOS20187353,2-1117236,377712,,2025-02-02,CLOTURE,,false,,,4208,Autres Mesures,CESSON-SÉVIGNÉ,35510,2025-11-03,VALIDE,5975,,,,,13768,ANTIPODE,Antipode - PARVIS AGNÈS VARDA,75 AVENUE JULES MANIEZ,35000,RENNES,,35,Ille-et-Vilaine,2022-05-04,VALIDE,3639,5238,
2025-08-02,2025-08-02,1291,ASSOCIATION LILLICO,,Activé,6234,ROLE_SIB,78975485000038,35000,RENNES,Ille-et-Vilaine,Bretagne,,PLATESV-D-2020-000183,367157,/event_dates/1493026,2025-02-02,CLOTURE,,false,,,,,,,,,,,,,,16849,SALLE GUY ROPARTZ,,14 RUE GUY ROPARTZ,35700,RENNES,,35,Ille-et-Vilaine,2023-01-16,VALIDE,1551,,
2025-07-22,2025-07-22,1125,CARTEL CONCERTS,,Activé,1278,ROLE_DECLARANT1,80023696000038,35200,RENNES,Ille-et-Vilaine,Bretagne,DOS20168997,3-1072466,424604,,2025-01-02,CLOTURE,,false,,,,,,,,,,,,,,3603,PLEYEL GESTION,,4  RUE  DARU,75008,PARIS 8,81005089800016,75,Paris,2018-06-27,VALIDE,,,
2025-10-04,2025-10-04,1429,COMMUNE DE BETTON,Salle Confluence - Betton,Activé,1780,ROLE_SIB,21350024200259,35830,Betton,Ille-et-Vilaine,Bretagne,,PLATESV-R-2020-005656,390484,329,2025-01-02,CLOTURE,,false,,,,,,,,,,,,,,8489,LA CONFLUENCE,,PLACE CHARLES DE GAULLE,35830,BETTON,,35,Ille-et-Vilaine,2020-09-22,VALIDE,1780,5238,
2023-12-21,2023-12-21,572,CENTRE CULTUREL TRIANGLE,LE TRIANGLE,Activé,631,ROLE_DECLARANT1,32327735000035,35200,RENNES,Ille-et-Vilaine,Bretagne,,3-1014237,256926,,2023-12-12,CLOTURE,,false,,,,,,,,,,,,,,2390,CENTRE CULTUREL TRIANGLE,,BD  DE YOUGOSLAVIE,35200,RENNES,32327735000035,35,Ille-et-Vilaine,2018-06-27,VALIDE,,,
2024-02-29,2024-04-04,2934,COMMUNE DE RENNES,OPERA DE RENNES,Activé,3842,ROLE_DECLARANT1,21350238800076,35000,RENNES,Ille-et-Vilaine,Bretagne,84250,PLATESV-R-2021-012024,276647,,2024-12-01,CLOTURE,,false,,,,,,,,,,,,,,503,COMMUNE DE RENNES,,PL  DE LA MAIRIE,35000,RENNES,21350238800019,35,Ille-et-Vilaine,2018-06-27,VALIDE,,,
2024-03-29,2024-03-29,3284,COMEDIE DE RENNES,,Activé,4315,ROLE_SIB,90319904000010,35700,RENNES,Ille-et-Vilaine,Bretagne,,PLATESV-D-2022-003733,283786,/event_dates/940045,2024-03-23,CLOTURE,,false,,,,,,,,,,,,,,14581,COMÉDIE DE RENNES,,31 RUE XAVIER GRALL,35700,RENNES,,35,Ille-et-Vilaine,2022-06-24,VALIDE,4314,,
2024-04-15,2024-04-15,3255,LE CARRE MAGIQUE,FESTIVAL INTERNATIONAL VIVE LA MAGIE,Activé,4271,ROLE_DECLARANT1,75367092600033,35000,RENNES,Ille-et-Vilaine,Bretagne,93877,PLATESV-R-2022-001102,291542,,2024-03-23,CLOTURE,,false,,,,,,,,,,,,,,7098,L'OCEANIS,,BOULEVARD FRANÇOIS MITTERRAND,56270,PLOEMEUR,,56,Morbihan,2020-02-01,VALIDE,1088,89,
2025-03-27,2025-03-27,2934,COMMUNE DE RENNES,OPERA DE RENNES,Activé,3842,ROLE_DECLARANT1,21350238800076,35000,RENNES,Ille-et-Vilaine,Bretagne,84250,PLATESV-R-2021-012024,383736,,2025-01-02,CLOTURE,,false,,,,,,,,,,,,,,503,COMMUNE DE RENNES,,PL  DE LA MAIRIE,35000,RENNES,21350238800019,35,Ille-et-Vilaine,2018-06-27,VALIDE,,,
2024-03-04,2024-03-04,572,CENTRE CULTUREL TRIANGLE,LE TRIANGLE,Activé,631,ROLE_DECLARANT1,32327735000035,35200,RENNES,Ille-et-Vilaine,Bretagne,,3-1014237,285670,,2024-03-22,CLOTURE,,false,,,,,,,,,,,,,,2390,CENTRE CULTUREL TRIANGLE,,BD  DE YOUGOSLAVIE,35200,RENNES,32327735000035,35,Ille-et-Vilaine,2018-06-27,VALIDE,,,
2024-05-04,2024-05-04,2934,COMMUNE DE RENNES,OPERA DE RENNES,Activé,3842,ROLE_DECLARANT1,21350238800076,35000,RENNES,Ille-et-Vilaine,Bretagne,84250,PLATESV-R-2021-012024,287073,,2024-03-22,CLOTURE,,false,,,,,,,,,,,,,,503,COMMUNE DE RENNES,,PL  DE LA MAIRIE,35000,RENNES,21350238800019,35,Ille-et-Vilaine,2018-06-27,VALIDE,,,
2024-09-01,2024-09-01,3284,COMEDIE DE RENNES,,Activé,4315,ROLE_SIB,90319904000010,35700,RENNES,Ille-et-Vilaine,Bretagne,,PLATESV-D-2022-003733,260611,/event_dates/1051044,2024-03-01,CLOTURE,,false,,,,,,,,,,,,,,14581,COMÉDIE DE RENNES,,31 RUE XAVIER GRALL,35700,RENNES,,35,Ille-et-Vilaine,2022-06-24,VALIDE,4314,,
2024-11-06,2024-11-06,610,COMMUNE DE CHARTRES DE BRETAGNE,MAIRIE,Activé,638,ROLE_DECLARANT1,21350066300017,35131,CHARTRES DE BRETAGNE,Ille-et-Vilaine,Bretagne,DOS20179174,1-1107987,308214,,2024-03-22,CLOTURE,,false,,,,,,,,,,,,,,7572,CENTRE CULTUREL PÔLE SUD,,RUE DE LA CONTERIE,35131,CHARTRES-DE-BRETAGNE,,35,Ille-et-Vilaine,2020-01-22,VALIDE,638,,
2024-02-20,2024-02-20,2934,COMMUNE DE RENNES,OPERA DE RENNES,Activé,3842,ROLE_DECLARANT1,21350238800076,35000,RENNES,Ille-et-Vilaine,Bretagne,84250,PLATESV-R-2021-012024,274415,,2024-02-01,CLOTURE,,false,,,,,,,,,,,,,,503,COMMUNE DE RENNES,,PL  DE LA MAIRIE,35000,RENNES,21350238800019,35,Ille-et-Vilaine,2018-06-27,VALIDE,,,
2024-08-04,2024-08-04,1291,ASSOCIATION LILLICO,,Activé,1551,ROLE_SIB,78975485000038,35000,RENNES,Ille-et-Vilaine,Bretagne,,PLATESV-D-2020-000183,287828,2202,2024-03-21,CLOTURE,,false,,,873,FIGURE,RENNES,35000,2020-03-04,VALIDE,1551,,,,,16849,SALLE GUY ROPARTZ,,14 RUE GUY ROPARTZ,35700,RENNES,,35,Ille-et-Vilaine,2023-01-16,VALIDE,1551,,
2024-11-04,2024-11-04,3820,THEATRE L'AIRE LIBRE,,Activé,5626,ROLE_DECLARANT1,92262510800019,35136,SAINT-JACQUES-DE-LA-LANDE,Ille-et-Vilaine,Bretagne,,PLATESV-D-2023-000211,289316,,2024-03-21,CLOTURE,,false,3306,BAL,3308,BAL#1,SAINT-JACQUES-DE-LA-LANDE,35136,2024-11-04,FUSIONNE,5626,,,2807,L'AIRE LIBRE,18263,THÉÂTRE L'AIRE LIBRE,,2 PLACE JULES VALLÈS,35136,SAINT-JACQUES-DE-LA-LANDE,,35,Ille-et-Vilaine,2023-05-22,FUSIONNE,5047,,
2024-05-01,2024-05-01,3284,COMEDIE DE RENNES,,Activé,4315,ROLE_SIB,90319904000010,35700,RENNES,Ille-et-Vilaine,Bretagne,,PLATESV-D-2022-003733,259692,/event_dates/1116887,2023-12-30,CLOTURE,,false,,,,,,,,,,,,,,14581,COMÉDIE DE RENNES,,31 RUE XAVIER GRALL,35700,RENNES,,35,Ille-et-Vilaine,2022-06-24,VALIDE,4314,,
2024-03-01,2024-03-01,3284,COMEDIE DE RENNES,,Activé,4315,ROLE_SIB,90319904000010,35700,RENNES,Ille-et-Vilaine,Bretagne,,PLATESV-D-2022-003733,259087,/event_dates/939338,2023-12-28,CLOTURE,,false,,,,,,,,,,,,,,14581,COMÉDIE DE RENNES,,31 RUE XAVIER GRALL,35700,RENNES,,35,Ille-et-Vilaine,2022-06-24,VALIDE,4314,,
2023-12-30,2023-12-30,3284,COMEDIE DE RENNES,,Activé,4315,ROLE_SIB,90319904000010,35700,RENNES,Ille-et-Vilaine,Bretagne,,PLATESV-D-2022-003733,258691,/event_dates/1051030,2023-12-24,CLOTURE,,false,,,,,,,,,,,,,,14581,COMÉDIE DE RENNES,,31 RUE XAVIER GRALL,35700,RENNES,,35,Ille-et-Vilaine,2022-06-24,VALIDE,4314,,
2025-02-04,2025-02-04,1584,ORCHESTRE NATIONAL DE BRETAGNE,ORCHESTRE NATIONAL DE BRETAGNE,Activé,5671,ROLE_DECLARANT2,35010209100021,35000,RENNES,Ille-et-Vilaine,Bretagne,DOS20183137,2-1054646,386114,,2025-01-30,CLOTURE,,false,,,,,,,,,,,,,,9345,OPÉRA DE RENNES,Opéra de Rennes,PLACE DE LA MAIRIE,35000,RENNES,,35,Ille-et-Vilaine,2021-06-01,VALIDE,2015,89,Adresse
2023-12-29,2023-12-29,3284,COMEDIE DE RENNES,,Activé,4315,ROLE_SIB,90319904000010,35700,RENNES,Ille-et-Vilaine,Bretagne,,PLATESV-D-2022-003733,258513,/event_dates/1050890,2023-12-23,CLOTURE,,false,,,,,,,,,,,,,,14581,COMÉDIE DE RENNES,,31 RUE XAVIER GRALL,35700,RENNES,,35,Ille-et-Vilaine,2022-06-24,VALIDE,4314,,
2024-01-19,2024-01-19,1291,ASSOCIATION LILLICO,,Activé,1551,ROLE_SIB,78975485000038,35000,RENNES,Ille-et-Vilaine,Bretagne,,PLATESV-D-2020-000183,266089,2172,2023-12-21,CLOTURE,,false,,,,,,,,,,,,,,16849,SALLE GUY ROPARTZ,,14 RUE GUY ROPARTZ,35700,RENNES,,35,Ille-et-Vilaine,2023-01-16,VALIDE,1551,,
2024-11-01,2024-11-01,3780,LA PAILLETTE,,Activé,5001,ROLE_SIB,77774969800034,35000,RENNES,Ille-et-Vilaine,Bretagne,52745,PLATESV-R-2020-009633,261821,/event_dates/890009,2023-12-20,CLOTURE,,false,,,,,,,,,,,,2868,ASS MJC LA PAILLETTE,9054,LA PAILLETTE,,2 RUE DU PRÉ DE BRIS,35000,RENNES,,35,Ille-et-Vilaine,2020-11-30,FUSIONNE,1551,89,
2024-11-01,2024-11-01,3780,LA PAILLETTE,,Activé,5001,ROLE_SIB,77774969800034,35000,RENNES,Ille-et-Vilaine,Bretagne,52745,PLATESV-R-2020-009633,261820,/event_dates/890002,2023-12-20,CLOTURE,,false,,,,,,,,,,,,2868,ASS MJC LA PAILLETTE,9054,LA PAILLETTE,,2 RUE DU PRÉ DE BRIS,35000,RENNES,,35,Ille-et-Vilaine,2020-11-30,FUSIONNE,1551,89,
2024-03-22,2024-03-22,3284,COMEDIE DE RENNES,,Activé,4315,ROLE_SIB,90319904000010,35700,RENNES,Ille-et-Vilaine,Bretagne,,PLATESV-D-2022-003733,281614,/event_dates/1208105,2024-03-16,CLOTURE,,false,,,,,,,,,,,,,,14581,COMÉDIE DE RENNES,,31 RUE XAVIER GRALL,35700,RENNES,,35,Ille-et-Vilaine,2022-06-24,VALIDE,4314,,
2025-01-28,2025-01-28,1291,ASSOCIATION LILLICO,,Activé,6234,ROLE_SIB,78975485000038,35000,RENNES,Ille-et-Vilaine,Bretagne,,PLATESV-D-2020-000183,361315,/event_dates/1492956,2025-01-22,CLOTURE,,false,,,,,,,,,,,,,,16849,SALLE GUY ROPARTZ,,14 RUE GUY ROPARTZ,35700,RENNES,,35,Ille-et-Vilaine,2023-01-16,VALIDE,1551,,
2025-03-31,2025-03-31,572,CENTRE CULTUREL TRIANGLE,LE TRIANGLE,Activé,631,ROLE_DECLARANT1,32327735000035,35200,RENNES,Ille-et-Vilaine,Bretagne,,3-1014237,384461,,2025-01-21,CLOTURE,,false,,,,,,,,,,,,,,2390,CENTRE CULTUREL TRIANGLE,,BD  DE YOUGOSLAVIE,35200,RENNES,32327735000035,35,Ille-et-Vilaine,2018-06-27,VALIDE,,,
2024-03-21,2024-03-21,3780,LA PAILLETTE,,Activé,5001,ROLE_SIB,77774969800034,35000,RENNES,Ille-et-Vilaine,Bretagne,52745,PLATESV-R-2020-009633,281158,/event_dates/890184,2024-03-15,CLOTURE,,false,,,,,,,,,,,,2868,ASS MJC LA PAILLETTE,9054,LA PAILLETTE,,2 RUE DU PRÉ DE BRIS,35000,RENNES,,35,Ille-et-Vilaine,2020-11-30,FUSIONNE,1551,89,
2024-04-04,2024-04-04,2934,COMMUNE DE RENNES,OPERA DE RENNES,Activé,3842,ROLE_DECLARANT1,21350238800076,35000,RENNES,Ille-et-Vilaine,Bretagne,84250,PLATESV-R-2021-012024,286585,,2024-03-15,CLOTURE,,false,,,,,,,,,,,,,,503,COMMUNE DE RENNES,,PL  DE LA MAIRIE,35000,RENNES,21350238800019,35,Ille-et-Vilaine,2018-06-27,VALIDE,,,
2024-03-01,2024-03-01,610,COMMUNE DE CHARTRES DE BRETAGNE,MAIRIE,Activé,638,ROLE_DECLARANT1,21350066300017,35131,CHARTRES DE BRETAGNE,Ille-et-Vilaine,Bretagne,DOS20179174,1-1107987,259245,,2023-12-16,CLOTURE,,false,,,,,,,,,,,,,,7572,CENTRE CULTUREL PÔLE SUD,,RUE DE LA CONTERIE,35131,CHARTRES-DE-BRETAGNE,,35,Ille-et-Vilaine,2020-01-22,VALIDE,638,,
2024-03-01,2024-03-01,1416,COMMUNE DE BRUZ,LE GRAND LOGIS - VILLE DE BRUZ,Activé,1831,ROLE_SIB,21350047300151,35170,BRUZ,Ille-et-Vilaine,Bretagne,DOS20187008,1-1114454,259136,273,2023-12-15,CLOTURE,,false,,,,,,,,,,,,,,2089,COMMUNE DE BRUZ,,10  AV  DU GENERAL DE GAULLE,35170,BRUZ,21350047300151,35,Ille-et-Vilaine,2018-06-27,VALIDE,,,
2024-04-22,2024-04-22,654,CENTRE CHOREGRAPHIQUE NATIONAL DE RENNES ET DE BRETAGNE,FAIRE CCN RENNES,Activé,689,ROLE_DECLARANT1,31464796700020,35000,RENNES,Ille-et-Vilaine,Bretagne,DOS20181231,1-1110488,294583,,2024-03-14,CLOTURE,,false,,,,,,,,,,,,,,5794,CCNRB,,38 RUE SAINT MELAINE CS 20831,35108,RENNES CEDEX,31464796700020,35,Ille-et-Vilaine,2019-02-26,VALIDE,,,
2024-04-24,2024-04-24,176,ANTIPODE MJC RENNES,ANTIPODE,Activé,3639,ROLE_SIB,77774999500018,35000,RENNES,Ille-et-Vilaine,Bretagne,,3-1019092,295657,event_565,2024-09-03,CLOTURE,,false,,,,,,,,,,,,,,13768,ANTIPODE,Antipode - PARVIS AGNÈS VARDA,75 AVENUE JULES MANIEZ,35000,RENNES,,35,Ille-et-Vilaine,2022-05-04,VALIDE,3639,5238,
2025-03-14,2025-03-14,5352,LES TOMBEES DE LA NUIT,,Activé,7147,ROLE_DECLARANT1,44761989100040,35000,RENNES,Ille-et-Vilaine,Bretagne,PLATESV-R-2021-010257,PLATESV-R-2021-010257,378863,,2025-01-19,CLOTURE,,true,,,,,,,,,,,,,,9051,MAISON DE QUARTIER DE LA BELLANGERAIS,,5 RUE DU MORBIHAN,35700,RENNES,,35,Ille-et-Vilaine,2020-11-30,VALIDE,1551,89,
2024-04-23,2024-04-23,4194,SOFIA LABEL,,Activé,5601,ROLE_DECLARANT1,50089006600037,35200,RENNES,Ille-et-Vilaine,Bretagne,PLATESV-R-2021-009946,PLATESV-R-2021-009946,294841,,2024-07-03,CLOTURE,,false,,,,,,,,,,,,,,13580,SALLE DE LA CITÉ,,10 RUE SAINT-LOUIS,35000,RENNES,,35,Ille-et-Vilaine,2022-03-15,VALIDE,3078,,
2025-11-02,2025-11-02,3255,LE CARRE MAGIQUE,FESTIVAL INTERNATIONAL VIVE LA MAGIE,Activé,4271,ROLE_DECLARANT1,75367092600033,35000,RENNES,Ille-et-Vilaine,Bretagne,93877,PLATESV-R-2022-001102,368347,,2025-01-18,CLOTURE,,false,,,,,,,,,,,,,,5454,LE FEMINA,,10 RUE DE GRASSI,33000,BORDEAUX,,33,Gironde,2019-08-01,VALIDE,164,89,
2024-07-12,2024-07-12,3284,COMEDIE DE RENNES,,Activé,4315,ROLE_SIB,90319904000010,35700,RENNES,Ille-et-Vilaine,Bretagne,,PLATESV-D-2022-003733,346453,/event_dates/1721396,2024-01-12,CLOTURE,,false,,,,,,,,,,,,,,14581,COMÉDIE DE RENNES,,31 RUE XAVIER GRALL,35700,RENNES,,35,Ille-et-Vilaine,2022-06-24,VALIDE,4314,,
2024-03-25,2024-03-25,542,ASSOCIATION TRANS MUSICALES,ATM,Activé,597,ROLE_DECLARANT1,33886426700020,35000,RENNES,Ille-et-Vilaine,Bretagne,,3-1032090,282632,,2024-02-29,CLOTURE,,false,,,,,,,,,,,,,,5761,UBU,,10/12 RUE JEAN GUY CS 73912,35039,RENNES CEDEX,33886426700020,35,Ille-et-Vilaine,2019-02-21,VALIDE,,,
2025-01-24,2025-01-24,3848,PARAPENTE,,Activé,5083,ROLE_DECLARANT1,79913195800024,35000,RENNES,Ille-et-Vilaine,Bretagne,65071,PLATESV-D-2021-001233,360702,,2024-11-30,CLOTURE,,false,,,,,,,,,,,,,,22977,CAMÉO COMEDIE CLUB,,24 RUE DU PALAIS,57000,METZ,,57,Moselle,2024-01-10,VALIDE,4388,,
2025-10-01,2025-10-01,1202,COMMUNE DE SAINT GREGOIRE,MAIRIE,Activé,4979,ROLE_SIB,21350278400019,35760,SAINT-GREGOIRE,Ille-et-Vilaine,Bretagne,DOS20192051,3-1119456,356550,10,2024-11-29,CLOTURE,,false,,,,,,,,,,,,,,17611,IMAGE ET SON,,PLACE DU CHAMP MARQUÉ,35760,SAINT-GRÉGOIRE,,35,Ille-et-Vilaine,2023-03-15,VALIDE,4979,5238,
2024-12-17,2024-12-17,1291,ASSOCIATION LILLICO,,Activé,6234,ROLE_SIB,78975485000038,35000,RENNES,Ille-et-Vilaine,Bretagne,,PLATESV-D-2020-000183,349339,/event_dates/1406100,2024-11-29,CLOTURE,,false,,,,,,,,,,,,,,16849,SALLE GUY ROPARTZ,,14 RUE GUY ROPARTZ,35700,RENNES,,35,Ille-et-Vilaine,2023-01-16,VALIDE,1551,,
2024-12-18,2024-12-18,3780,LA PAILLETTE,,Activé,5001,ROLE_SIB,77774969800034,35000,RENNES,Ille-et-Vilaine,Bretagne,52745,PLATESV-R-2020-009633,349818,/event_dates/1397329,2024-11-28,CLOTURE,,true,,,,,,,,,,,,2868,ASS MJC LA PAILLETTE,9054,LA PAILLETTE,,2 RUE DU PRÉ DE BRIS,35000,RENNES,,35,Ille-et-Vilaine,2020-11-30,FUSIONNE,1551,89,
2024-07-16,2024-07-16,3163,3 P'TIT TOUR,,Activé,4142,ROLE_DECLARANT1,41013812700015,35000,RENNES,Ille-et-Vilaine,Bretagne,DOS20196449,3-1006236,318294,,2024-02-22,CLOTURE,,true,,,,,,,,,,,,2057,SARL LE FERRAILLEUR,7102,LE FERRAILLEUR,,QUAI DES ANTILLES,44200,NANTES,,44,Loire-Atlantique,2020-02-01,FUSIONNE,1088,,
2024-07-16,2024-07-16,3163,3 P'TIT TOUR,,Activé,4142,ROLE_DECLARANT1,41013812700015,35000,RENNES,Ille-et-Vilaine,Bretagne,DOS20196449,3-1006236,318322,,2024-02-21,CLOTURE,,true,,,,,,,,,,,,,,7843,UBU,,1 RUE SAINT-HÉLIER,35000,RENNES,,35,Ille-et-Vilaine,2020-02-26,VALIDE,597,,
2024-03-25,2024-03-25,542,ASSOCIATION TRANS MUSICALES,ATM,Activé,597,ROLE_DECLARANT1,33886426700020,35000,RENNES,Ille-et-Vilaine,Bretagne,,3-1032090,282629,,2024-02-19,CLOTURE,,false,,,,,,,,,,,,,,5761,UBU,,10/12 RUE JEAN GUY CS 73912,35039,RENNES CEDEX,33886426700020,35,Ille-et-Vilaine,2019-02-21,VALIDE,,,
2024-11-30,2024-11-30,3284,COMEDIE DE RENNES,,Activé,4315,ROLE_SIB,90319904000010,35700,RENNES,Ille-et-Vilaine,Bretagne,,PLATESV-D-2022-003733,344741,/event_dates/1721347,2024-11-24,CLOTURE,,false,,,,,,,,,,,,,,14581,COMÉDIE DE RENNES,,31 RUE XAVIER GRALL,35700,RENNES,,35,Ille-et-Vilaine,2022-06-24,VALIDE,4314,,
2024-06-12,2024-06-12,1521,MJC BREQUIGNY,MJC Bréquigny,Activé,1928,ROLE_DECLARANT1,30549267000016,35200,RENNES,Ille-et-Vilaine,Bretagne,DOS20192213,1-1119457,346329,,2024-11-23,CLOTURE,,false,,,1609,Jazz à l'Ouest,RENNES,35200,2022-01-18,VALIDE,1928,,,,,2670,MJC BREQUIGNY,,15  AV  GEORGES GRAFF,35000,RENNES,30549267000024,35,Ille-et-Vilaine,2018-06-27,VALIDE,,,
2024-12-16,2024-12-16,3820,THEATRE L'AIRE LIBRE,,Activé,5626,ROLE_DECLARANT1,92262510800019,35136,SAINT-JACQUES-DE-LA-LANDE,Ille-et-Vilaine,Bretagne,,PLATESV-D-2023-000211,349103,,2024-11-23,CLOTURE,,true,,,219,Festival TNB,RENNES,35000,2018-06-27,VALIDE,,,,2807,L'AIRE LIBRE,18263,THÉÂTRE L'AIRE LIBRE,,2 PLACE JULES VALLÈS,35136,SAINT-JACQUES-DE-LA-LANDE,,35,Ille-et-Vilaine,2023-05-22,FUSIONNE,5047,,
2025-03-02,2025-03-02,1125,CARTEL CONCERTS,,Activé,1278,ROLE_DECLARANT1,80023696000038,35200,RENNES,Ille-et-Vilaine,Bretagne,DOS20168997,3-1072466,365414,,2024-11-23,CLOTURE,,false,,,,,,,,,,,,,,7192,GLAZ ARENA CESSON SEVIGNE,,CHEMIN DU BOIS DE LA JUSTICE,35510,CESSON-SÉVIGNÉ,,35,Ille-et-Vilaine,2020-03-01,VALIDE,1050,89,
2025-06-01,2025-06-01,3063,LE GRAND CORDEL MAISON DES JEUNES ET DE LA CULTURE,Association,Activé,5994,ROLE_DECLARANT2,77774992000024,35700,RENNES,Ille-et-Vilaine,Bretagne,DOS20196625,1-1039842,353916,,2024-11-23,CLOTURE,,false,,,,,,,,,,,,,,3354,LE GRAND CORDEL MAISON DES JEUNES ET DE LA CULTURE,,18  RUE  DES PLANTES,35700,RENNES,77774992000024,35,Ille-et-Vilaine,2018-06-27,VALIDE,,,
2024-11-27,2024-11-27,3284,COMEDIE DE RENNES,,Activé,4315,ROLE_SIB,90319904000010,35700,RENNES,Ille-et-Vilaine,Bretagne,,PLATESV-D-2022-003733,344094,/event_dates/1410041,2024-11-21,CLOTURE,,false,,,,,,,,,,,,,,14581,COMÉDIE DE RENNES,,31 RUE XAVIER GRALL,35700,RENNES,,35,Ille-et-Vilaine,2022-06-24,VALIDE,4314,,
2024-03-26,2024-03-26,1584,ORCHESTRE NATIONAL DE BRETAGNE,ORCHESTRE NATIONAL DE BRETAGNE,Activé,5671,ROLE_DECLARANT2,35010209100021,35000,RENNES,Ille-et-Vilaine,Bretagne,DOS20183137,2-1054646,282939,,2024-02-14,CLOTURE,,false,,,,,,,,,,,,,,9526,COUVENT DES JACOBINS,Couvent des Jacobins - Centre des Congrès de Rennes Métropole,20 PLACE SAINTE-ANNE,35000,RENNES,,35,Ille-et-Vilaine,2021-01-22,VALIDE,2015,,
2024-02-20,2024-02-20,3284,COMEDIE DE RENNES,,Activé,4315,ROLE_SIB,90319904000010,35700,RENNES,Ille-et-Vilaine,Bretagne,,PLATESV-D-2022-003733,274264,/event_dates/1238597,2024-02-14,CLOTURE,,false,,,,,,,,,,,,,,14581,COMÉDIE DE RENNES,,31 RUE XAVIER GRALL,35700,RENNES,,35,Ille-et-Vilaine,2022-06-24,VALIDE,4314,,
2024-08-04,2024-08-04,1291,ASSOCIATION LILLICO,,Activé,1551,ROLE_SIB,78975485000038,35000,RENNES,Ille-et-Vilaine,Bretagne,,PLATESV-D-2020-000183,287826,2184,2024-02-13,CLOTURE,,false,1116,WATERPROOF plongez dans la danse,1726,Festival Waterproof,RENNES,35000,2022-08-04,FUSIONNE,1551,,,,,16849,SALLE GUY ROPARTZ,,14 RUE GUY ROPARTZ,35700,RENNES,,35,Ille-et-Vilaine,2023-01-16,VALIDE,1551,,
2024-04-12,2024-04-12,58,THEATRE NATIONAL DE BRETAGNE - T.N.B. CENTRE EUROPEEN DE PRODUCTION THEATRALE ET CHOREGRAPHIQUE,THEATRE NATIONAL DE BRETAGNE - T.N.B.,Activé,53,ROLE_DECLARANT1,37921397800016,35000,RENNES,Ille-et-Vilaine,Bretagne,,3-1099111,345709,,2024-11-20,CLOTURE,,false,,,219,Festival TNB,RENNES,35000,2018-06-27,VALIDE,,,,,,3354,LE GRAND CORDEL MAISON DES JEUNES ET DE LA CULTURE,,18  RUE  DES PLANTES,35700,RENNES,77774992000024,35,Ille-et-Vilaine,2018-06-27,VALIDE,,,
2024-05-04,2024-05-04,2934,COMMUNE DE RENNES,OPERA DE RENNES,Activé,3842,ROLE_DECLARANT1,21350238800076,35000,RENNES,Ille-et-Vilaine,Bretagne,84250,PLATESV-R-2021-012024,287079,,2024-02-13,CLOTURE,,false,,,,,,,,,,,,,,503,COMMUNE DE RENNES,,PL  DE LA MAIRIE,35000,RENNES,21350238800019,35,Ille-et-Vilaine,2018-06-27,VALIDE,,,
2024-04-12,2024-04-12,58,THEATRE NATIONAL DE BRETAGNE - T.N.B. CENTRE EUROPEEN DE PRODUCTION THEATRALE ET CHOREGRAPHIQUE,THEATRE NATIONAL DE BRETAGNE - T.N.B.,Activé,53,ROLE_DECLARANT1,37921397800016,35000,RENNES,Ille-et-Vilaine,Bretagne,,3-1099111,345679,,2024-11-20,CLOTURE,,false,,,219,Festival TNB,RENNES,35000,2018-06-27,VALIDE,,,,,,20426,TNB,,1 RUE SAINT-HÉLIER,35000,RENNES,,35,Ille-et-Vilaine,2024-09-01,VALIDE,53,5238,
2024-05-22,2024-05-22,2641,MAISON DES JEUNES ET CULTURE DE PACE,,Activé,3356,ROLE_SIB,30593736900026,35740,PACE,Ille-et-Vilaine,Bretagne,31372,PLATESV-R-2020-000949,303008,174,2024-11-02,CLOTURE,,false,,,,,,,,,,,,,,11393,ESCAPADE,,6 AVENUE CHARLES LE GOFFIC,35740,PACÉ,,35,Ille-et-Vilaine,2021-09-24,VALIDE,3356,5239,
2024-02-20,2024-02-20,3284,COMEDIE DE RENNES,,Activé,4315,ROLE_SIB,90319904000010,35700,RENNES,Ille-et-Vilaine,Bretagne,,PLATESV-D-2022-003733,274173,/event_dates/1207426,2024-11-02,CLOTURE,,false,,,,,,,,,,,,,,14581,COMÉDIE DE RENNES,,31 RUE XAVIER GRALL,35700,RENNES,,35,Ille-et-Vilaine,2022-06-24,VALIDE,4314,,
2024-03-25,2024-03-25,542,ASSOCIATION TRANS MUSICALES,ATM,Activé,597,ROLE_DECLARANT1,33886426700020,35000,RENNES,Ille-et-Vilaine,Bretagne,,3-1032090,282628,,2024-10-02,CLOTURE,,false,,,,,,,,,,,,,,5761,UBU,,10/12 RUE JEAN GUY CS 73912,35039,RENNES CEDEX,33886426700020,35,Ille-et-Vilaine,2019-02-21,VALIDE,,,
2024-11-23,2024-11-23,3284,COMEDIE DE RENNES,,Activé,4315,ROLE_SIB,90319904000010,35700,RENNES,Ille-et-Vilaine,Bretagne,,PLATESV-D-2022-003733,343449,/event_dates/1739141,2024-11-17,CLOTURE,,false,,,,,,,,,,,,,,14581,COMÉDIE DE RENNES,,31 RUE XAVIER GRALL,35700,RENNES,,35,Ille-et-Vilaine,2022-06-24,VALIDE,4314,,
2024-11-22,2024-11-22,3284,COMEDIE DE RENNES,,Activé,4315,ROLE_SIB,90319904000010,35700,RENNES,Ille-et-Vilaine,Bretagne,,PLATESV-D-2022-003733,343252,/event_dates/1410020,2024-11-16,CLOTURE,,false,,,,,,,,,,,,,,14581,COMÉDIE DE RENNES,,31 RUE XAVIER GRALL,35700,RENNES,,35,Ille-et-Vilaine,2022-06-24,VALIDE,4314,,
2024-02-16,2024-02-16,3284,COMEDIE DE RENNES,,Activé,4315,ROLE_SIB,90319904000010,35700,RENNES,Ille-et-Vilaine,Bretagne,,PLATESV-D-2022-003733,273460,/event_dates/1207419,2024-10-02,CLOTURE,,false,,,,,,,,,,,,,,14581,COMÉDIE DE RENNES,,31 RUE XAVIER GRALL,35700,RENNES,,35,Ille-et-Vilaine,2022-06-24,VALIDE,4314,,
2024-11-26,2024-11-26,1429,COMMUNE DE BETTON,Salle Confluence - Betton,Activé,1780,ROLE_SIB,21350024200259,35830,Betton,Ille-et-Vilaine,Bretagne,,PLATESV-R-2020-005656,343982,327,2024-11-16,CLOTURE,,false,,,,,,,,,,,,,,8489,LA CONFLUENCE,,PLACE CHARLES DE GAULLE,35830,BETTON,,35,Ille-et-Vilaine,2020-09-22,VALIDE,1780,5238,
2024-04-15,2024-04-15,3255,LE CARRE MAGIQUE,FESTIVAL INTERNATIONAL VIVE LA MAGIE,Activé,4271,ROLE_DECLARANT1,75367092600033,35000,RENNES,Ille-et-Vilaine,Bretagne,93877,PLATESV-R-2022-001102,291525,,2024-10-02,CLOTURE,,false,,,,,,,,,,,,,,2024,LE CORUM,,ESP CHARLES DE GAULLE,34000,MONTPELLIER,38259188100018,34,Hérault,2018-06-27,VALIDE,,,
2025-03-02,2025-03-02,1125,CARTEL CONCERTS,,Activé,1278,ROLE_DECLARANT1,80023696000038,35200,RENNES,Ille-et-Vilaine,Bretagne,DOS20168997,3-1072466,365412,,2024-11-15,CLOTURE,,false,,,,,,,,,,,,,,22638,L'ESPACE CLUB,L'ESPACE CLUB,45 BOULEVARD DE LA TOUR D'AUVERGNE,35000,RENNES,,35,Ille-et-Vilaine,2024-07-31,VALIDE,4234,,
2024-04-12,2024-04-12,58,THEATRE NATIONAL DE BRETAGNE - T.N.B. CENTRE EUROPEEN DE PRODUCTION THEATRALE ET CHOREGRAPHIQUE,THEATRE NATIONAL DE BRETAGNE - T.N.B.,Activé,53,ROLE_DECLARANT1,37921397800016,35000,RENNES,Ille-et-Vilaine,Bretagne,,3-1099111,345697,,2024-11-14,CLOTURE,,false,,,219,Festival TNB,RENNES,35000,2018-06-27,VALIDE,,,,,,2390,CENTRE CULTUREL TRIANGLE,,BD  DE YOUGOSLAVIE,35200,RENNES,32327735000035,35,Ille-et-Vilaine,2018-06-27,VALIDE,,,
2025-06-01,2025-06-01,572,CENTRE CULTUREL TRIANGLE,LE TRIANGLE,Activé,631,ROLE_DECLARANT1,32327735000035,35200,RENNES,Ille-et-Vilaine,Bretagne,,3-1014237,354101,,2024-11-14,CLOTURE,,false,,,,,,,,,,,,,,2390,CENTRE CULTUREL TRIANGLE,,BD  DE YOUGOSLAVIE,35200,RENNES,32327735000035,35,Ille-et-Vilaine,2018-06-27,VALIDE,,,
2024-04-12,2024-04-12,58,THEATRE NATIONAL DE BRETAGNE - T.N.B. CENTRE EUROPEEN DE PRODUCTION THEATRALE ET CHOREGRAPHIQUE,THEATRE NATIONAL DE BRETAGNE - T.N.B.,Activé,53,ROLE_DECLARANT1,37921397800016,35000,RENNES,Ille-et-Vilaine,Bretagne,,3-1099111,345696,,2024-11-14,CLOTURE,,true,,,219,Festival TNB,RENNES,35000,2018-06-27,VALIDE,,,,2868,ASS MJC LA PAILLETTE,9054,LA PAILLETTE,,2 RUE DU PRÉ DE BRIS,35000,RENNES,,35,Ille-et-Vilaine,2020-11-30,FUSIONNE,1551,89,
2024-11-22,2024-11-22,3820,THEATRE L'AIRE LIBRE,,Activé,5626,ROLE_DECLARANT1,92262510800019,35136,SAINT-JACQUES-DE-LA-LANDE,Ille-et-Vilaine,Bretagne,,PLATESV-D-2023-000211,343354,,2024-11-13,CLOTURE,,true,,,219,Festival TNB,RENNES,35000,2018-06-27,VALIDE,,,,2807,L'AIRE LIBRE,8902,L'AIRE LIBRE,,2 PLACE JULES VALLÈS,35136,SAINT-JACQUES-DE-LA-LANDE,,35,Ille-et-Vilaine,2020-10-11,FUSIONNE,597,,
2024-05-12,2024-05-12,1521,MJC BREQUIGNY,MJC Bréquigny,Activé,1928,ROLE_DECLARANT1,30549267000016,35200,RENNES,Ille-et-Vilaine,Bretagne,DOS20192213,1-1119457,345864,,2024-12-11,CLOTURE,,false,,,1609,Jazz à l'Ouest,RENNES,35200,2022-01-18,VALIDE,1928,,,,,2670,MJC BREQUIGNY,,15  AV  GEORGES GRAFF,35000,RENNES,30549267000024,35,Ille-et-Vilaine,2018-06-27,VALIDE,,,
2024-03-25,2024-03-25,542,ASSOCIATION TRANS MUSICALES,ATM,Activé,597,ROLE_DECLARANT1,33886426700020,35000,RENNES,Ille-et-Vilaine,Bretagne,,3-1032090,282625,,2024-03-02,CLOTURE,,false,,,,,,,,,,,,,,5761,UBU,,10/12 RUE JEAN GUY CS 73912,35039,RENNES CEDEX,33886426700020,35,Ille-et-Vilaine,2019-02-21,VALIDE,,,
2024-04-15,2024-04-15,3255,LE CARRE MAGIQUE,FESTIVAL INTERNATIONAL VIVE LA MAGIE,Activé,4271,ROLE_DECLARANT1,75367092600033,35000,RENNES,Ille-et-Vilaine,Bretagne,93877,PLATESV-R-2022-001102,291533,,2024-03-02,CLOTURE,,false,,,,,,,,,,,,,,8159,L'ODYSSÉE,,BOIS CESBRON,44700,ORVAULT,,44,Loire-Atlantique,2020-05-28,VALIDE,1611,5238,Adresse
2024-08-02,2024-08-02,3780,LA PAILLETTE,,Activé,5001,ROLE_SIB,77774969800034,35000,RENNES,Ille-et-Vilaine,Bretagne,52745,PLATESV-R-2020-009633,270679,/event_dates/1104448,2024-02-02,CLOTURE,,true,,,,,,,,,,,,2868,ASS MJC LA PAILLETTE,9054,LA PAILLETTE,,2 RUE DU PRÉ DE BRIS,35000,RENNES,,35,Ille-et-Vilaine,2020-11-30,FUSIONNE,1551,89,
2024-12-03,2024-12-03,58,THEATRE NATIONAL DE BRETAGNE - T.N.B. CENTRE EUROPEEN DE PRODUCTION THEATRALE ET CHOREGRAPHIQUE,THEATRE NATIONAL DE BRETAGNE - T.N.B.,Activé,53,ROLE_DECLARANT1,37921397800016,35000,RENNES,Ille-et-Vilaine,Bretagne,,3-1099111,279042,,2024-01-02,CLOTURE,,false,,,,,,,,,,,,,,20426,TNB,,1 RUE SAINT-HÉLIER,35000,RENNES,,35,Ille-et-Vilaine,2024-09-01,VALIDE,53,5238,
2024-04-24,2024-04-24,176,ANTIPODE MJC RENNES,ANTIPODE,Activé,3639,ROLE_SIB,77774999500018,35000,RENNES,Ille-et-Vilaine,Bretagne,,3-1019092,295666,event_536,2024-01-26,CLOTURE,,false,,,,,,,,,,,,,,13768,ANTIPODE,Antipode - PARVIS AGNÈS VARDA,75 AVENUE JULES MANIEZ,35000,RENNES,,35,Ille-et-Vilaine,2022-05-04,VALIDE,3639,5238,
2024-06-21,2024-06-21,3848,PARAPENTE,,Activé,5083,ROLE_DECLARANT1,79913195800024,35000,RENNES,Ille-et-Vilaine,Bretagne,65071,PLATESV-D-2021-001233,310473,,2024-01-25,CLOTURE,,false,,,,,,,,,,,,,,14067,LE BATEAU IVRE,Le Bateau Ivre,146 RUE ÉDOUARD VAILLANT,37000,TOURS,,37,Indre-et-Loire,2022-04-28,VALIDE,3385,,
2024-11-01,2024-11-01,3780,LA PAILLETTE,,Activé,5001,ROLE_SIB,77774969800034,35000,RENNES,Ille-et-Vilaine,Bretagne,52745,PLATESV-R-2020-009633,261816,/event_dates/889932,2023-10-11,CLOTURE,,false,,,,,,,,,,,,2868,ASS MJC LA PAILLETTE,9054,LA PAILLETTE,,2 RUE DU PRÉ DE BRIS,35000,RENNES,,35,Ille-et-Vilaine,2020-11-30,FUSIONNE,1551,89,
2024-04-26,2024-04-26,2287,CENTRE DE PRODUCTION DES PAROLES CONTEMPORAINES,,Activé,3407,ROLE_SIB,41812021800049,35136,SAINT-JACQUES-DE-LA-LANDE,Ille-et-Vilaine,Bretagne,59859,PLATESV-R-2021-000431,296619,00130000000066,2023-09-11,CLOTURE,,false,,,,,,,,,,,,,,12004,CENTRE DE PRODUCTION DES PAROLES CONTEMPORAINES,,2  PL  JULES VALLES,35136,SAINT-JACQUES-DE-LA-LANDE,41812021800049,35,Ille-et-Vilaine,2021-10-25,VALIDE,3407,,
2023-11-11,2023-11-11,3284,COMEDIE DE RENNES,,Activé,4315,ROLE_SIB,90319904000010,35700,RENNES,Ille-et-Vilaine,Bretagne,,PLATESV-D-2022-003733,247026,/event_dates/822866,2023-05-11,CLOTURE,,false,,,,,,,,,,,,,,14581,COMÉDIE DE RENNES,,31 RUE XAVIER GRALL,35700,RENNES,,35,Ille-et-Vilaine,2022-06-24,VALIDE,4314,,
2023-06-11,2023-06-11,3284,COMEDIE DE RENNES,,Activé,4315,ROLE_SIB,90319904000010,35700,RENNES,Ille-et-Vilaine,Bretagne,,PLATESV-D-2022-003733,245573,/event_dates/1116656,2023-10-31,CLOTURE,,false,,,,,,,,,,,,,,14581,COMÉDIE DE RENNES,,31 RUE XAVIER GRALL,35700,RENNES,,35,Ille-et-Vilaine,2022-06-24,VALIDE,4314,,
2024-01-19,2024-01-19,1291,ASSOCIATION LILLICO,,Activé,1551,ROLE_SIB,78975485000038,35000,RENNES,Ille-et-Vilaine,Bretagne,,PLATESV-D-2020-000183,266080,2098,2023-10-25,CLOTURE,,false,,,872,FESTIVAL MARMAILLE / MARMAILLE EN FUGUE,RENNES,35000,2020-03-04,VALIDE,1551,,,,,9051,MAISON DE QUARTIER DE LA BELLANGERAIS,,5 RUE DU MORBIHAN,35700,RENNES,,35,Ille-et-Vilaine,2020-11-30,VALIDE,1551,89,
2024-03-25,2024-03-25,542,ASSOCIATION TRANS MUSICALES,ATM,Activé,597,ROLE_DECLARANT1,33886426700020,35000,RENNES,Ille-et-Vilaine,Bretagne,,3-1032090,282564,,2023-10-24,CLOTURE,,false,,,,,,,,,,,,,,5761,UBU,,10/12 RUE JEAN GUY CS 73912,35039,RENNES CEDEX,33886426700020,35,Ille-et-Vilaine,2019-02-21,VALIDE,,,
2023-10-28,2023-12-15,2934,COMMUNE DE RENNES,OPERA DE RENNES,Activé,3842,ROLE_DECLARANT1,21350238800076,35000,RENNES,Ille-et-Vilaine,Bretagne,84250,PLATESV-R-2021-012024,244448,,2023-10-24,CLOTURE,,false,,,,,,,,,,,,,,503,COMMUNE DE RENNES,,PL  DE LA MAIRIE,35000,RENNES,21350238800019,35,Ille-et-Vilaine,2018-06-27,VALIDE,,,
2024-01-19,2024-01-19,1291,ASSOCIATION LILLICO,,Activé,1551,ROLE_SIB,78975485000038,35000,RENNES,Ille-et-Vilaine,Bretagne,,PLATESV-D-2020-000183,266073,2092,2023-10-23,CLOTURE,,false,,,872,FESTIVAL MARMAILLE / MARMAILLE EN FUGUE,RENNES,35000,2020-03-04,VALIDE,1551,,,,,16849,SALLE GUY ROPARTZ,,14 RUE GUY ROPARTZ,35700,RENNES,,35,Ille-et-Vilaine,2023-01-16,VALIDE,1551,,
2024-01-19,2024-01-19,1291,ASSOCIATION LILLICO,,Activé,1551,ROLE_SIB,78975485000038,35000,RENNES,Ille-et-Vilaine,Bretagne,,PLATESV-D-2020-000183,266072,2094,2023-10-22,CLOTURE,,false,,,872,FESTIVAL MARMAILLE / MARMAILLE EN FUGUE,RENNES,35000,2020-03-04,VALIDE,1551,,,,,16849,SALLE GUY ROPARTZ,,14 RUE GUY ROPARTZ,35700,RENNES,,35,Ille-et-Vilaine,2023-01-16,VALIDE,1551,,
2024-01-19,2024-01-19,1291,ASSOCIATION LILLICO,,Activé,1551,ROLE_SIB,78975485000038,35000,RENNES,Ille-et-Vilaine,Bretagne,,PLATESV-D-2020-000183,266070,2090,2023-10-20,CLOTURE,,false,,,872,FESTIVAL MARMAILLE / MARMAILLE EN FUGUE,RENNES,35000,2020-03-04,VALIDE,1551,,,,,16849,SALLE GUY ROPARTZ,,14 RUE GUY ROPARTZ,35700,RENNES,,35,Ille-et-Vilaine,2023-01-16,VALIDE,1551,,
2024-01-19,2024-01-19,1291,ASSOCIATION LILLICO,,Activé,1551,ROLE_SIB,78975485000038,35000,RENNES,Ille-et-Vilaine,Bretagne,,PLATESV-D-2020-000183,266069,2088,2023-10-20,CLOTURE,,false,,,872,FESTIVAL MARMAILLE / MARMAILLE EN FUGUE,RENNES,35000,2020-03-04,VALIDE,1551,,,,,16849,SALLE GUY ROPARTZ,,14 RUE GUY ROPARTZ,35700,RENNES,,35,Ille-et-Vilaine,2023-01-16,VALIDE,1551,,
2024-02-21,2024-02-21,2641,MAISON DES JEUNES ET CULTURE DE PACE,,Activé,3356,ROLE_SIB,30593736900026,35740,PACE,Ille-et-Vilaine,Bretagne,31372,PLATESV-R-2020-000949,274655,160,2023-10-20,CLOTURE,,false,,,,,,,,,,,,,,11393,ESCAPADE,,6 AVENUE CHARLES LE GOFFIC,35740,PACÉ,,35,Ille-et-Vilaine,2021-09-24,VALIDE,3356,5239,
2023-12-21,2023-12-21,572,CENTRE CULTUREL TRIANGLE,LE TRIANGLE,Activé,631,ROLE_DECLARANT1,32327735000035,35200,RENNES,Ille-et-Vilaine,Bretagne,,3-1014237,256922,,2023-10-19,CLOTURE,,false,,,,,,,,,,,,,,2390,CENTRE CULTUREL TRIANGLE,,BD  DE YOUGOSLAVIE,35200,RENNES,32327735000035,35,Ille-et-Vilaine,2018-06-27,VALIDE,,,
2024-01-19,2024-01-19,1291,ASSOCIATION LILLICO,,Activé,1551,ROLE_SIB,78975485000038,35000,RENNES,Ille-et-Vilaine,Bretagne,,PLATESV-D-2020-000183,266066,2086,2023-10-18,CLOTURE,,false,,,872,FESTIVAL MARMAILLE / MARMAILLE EN FUGUE,RENNES,35000,2020-03-04,VALIDE,1551,,,,,16849,SALLE GUY ROPARTZ,,14 RUE GUY ROPARTZ,35700,RENNES,,35,Ille-et-Vilaine,2023-01-16,VALIDE,1551,,
2024-09-01,2024-09-01,58,THEATRE NATIONAL DE BRETAGNE - T.N.B. CENTRE EUROPEEN DE PRODUCTION THEATRALE ET CHOREGRAPHIQUE,THEATRE NATIONAL DE BRETAGNE - T.N.B.,Activé,53,ROLE_DECLARANT1,37921397800016,35000,RENNES,Ille-et-Vilaine,Bretagne,,3-1099111,260725,,2023-10-17,CLOTURE,,false,,,,,,,,,,,,,,20426,TNB,,1 RUE SAINT-HÉLIER,35000,RENNES,,35,Ille-et-Vilaine,2024-09-01,VALIDE,53,5238,
2023-10-28,2023-10-28,2934,COMMUNE DE RENNES,OPERA DE RENNES,Activé,3842,ROLE_DECLARANT1,21350238800076,35000,RENNES,Ille-et-Vilaine,Bretagne,84250,PLATESV-R-2021-012024,244449,,2023-10-14,CLOTURE,,false,,,,,,,,,,,,,,503,COMMUNE DE RENNES,,PL  DE LA MAIRIE,35000,RENNES,21350238800019,35,Ille-et-Vilaine,2018-06-27,VALIDE,,,
2024-03-25,2024-03-25,542,ASSOCIATION TRANS MUSICALES,ATM,Activé,597,ROLE_DECLARANT1,33886426700020,35000,RENNES,Ille-et-Vilaine,Bretagne,,3-1032090,282559,,2023-10-13,CLOTURE,,false,,,,,,,,,,,,,,5761,UBU,,10/12 RUE JEAN GUY CS 73912,35039,RENNES CEDEX,33886426700020,35,Ille-et-Vilaine,2019-02-21,VALIDE,,,
2024-02-21,2024-02-21,2641,MAISON DES JEUNES ET CULTURE DE PACE,,Activé,3356,ROLE_SIB,30593736900026,35740,PACE,Ille-et-Vilaine,Bretagne,31372,PLATESV-R-2020-000949,274654,159,2023-10-13,CLOTURE,,false,,,,,,,,,,,,,,11393,ESCAPADE,,6 AVENUE CHARLES LE GOFFIC,35740,PACÉ,,35,Ille-et-Vilaine,2021-09-24,VALIDE,3356,5239,
2023-12-21,2023-12-21,572,CENTRE CULTUREL TRIANGLE,LE TRIANGLE,Activé,631,ROLE_DECLARANT1,32327735000035,35200,RENNES,Ille-et-Vilaine,Bretagne,,3-1014237,256917,,2023-07-10,CLOTURE,,false,,,,,,,,,,,,,,2390,CENTRE CULTUREL TRIANGLE,,BD  DE YOUGOSLAVIE,35200,RENNES,32327735000035,35,Ille-et-Vilaine,2018-06-27,VALIDE,,,
2023-12-10,2023-12-10,3780,LA PAILLETTE,,Activé,5001,ROLE_SIB,77774969800034,35000,RENNES,Ille-et-Vilaine,Bretagne,52745,PLATESV-R-2020-009633,238607,/event_dates/889631,2023-06-10,CLOTURE,,false,,,,,,,,,,,,2868,ASS MJC LA PAILLETTE,9054,LA PAILLETTE,,2 RUE DU PRÉ DE BRIS,35000,RENNES,,35,Ille-et-Vilaine,2020-11-30,FUSIONNE,1551,89,
2023-10-10,2023-10-10,3284,COMEDIE DE RENNES,,Activé,4315,ROLE_SIB,90319904000010,35700,RENNES,Ille-et-Vilaine,Bretagne,,PLATESV-D-2022-003733,238065,/event_dates/806451,2023-04-10,CLOTURE,,false,,,,,,,,,,,,,,14581,COMÉDIE DE RENNES,,31 RUE XAVIER GRALL,35700,RENNES,,35,Ille-et-Vilaine,2022-06-24,VALIDE,4314,,
2023-12-10,2023-12-10,3780,LA PAILLETTE,,Activé,5001,ROLE_SIB,77774969800034,35000,RENNES,Ille-et-Vilaine,Bretagne,52745,PLATESV-R-2020-009633,238599,/event_dates/895658,2023-09-30,CLOTURE,,true,,,,,,,,,,,,2868,ASS MJC LA PAILLETTE,9054,LA PAILLETTE,,2 RUE DU PRÉ DE BRIS,35000,RENNES,,35,Ille-et-Vilaine,2020-11-30,FUSIONNE,1551,89,
2023-10-30,2023-10-30,2641,MAISON DES JEUNES ET CULTURE DE PACE,,Activé,3356,ROLE_SIB,30593736900026,35740,PACE,Ille-et-Vilaine,Bretagne,31372,PLATESV-R-2020-000949,244657,157,2023-09-29,CLOTURE,,false,,,,,,,,,,,,,,11393,ESCAPADE,,6 AVENUE CHARLES LE GOFFIC,35740,PACÉ,,35,Ille-et-Vilaine,2021-09-24,VALIDE,3356,5239,
2023-12-10,2023-12-10,3780,LA PAILLETTE,,Activé,5001,ROLE_SIB,77774969800034,35000,RENNES,Ille-et-Vilaine,Bretagne,52745,PLATESV-R-2020-009633,238597,/event_dates/895644,2023-09-29,CLOTURE,,true,,,,,,,,,,,,2868,ASS MJC LA PAILLETTE,9054,LA PAILLETTE,,2 RUE DU PRÉ DE BRIS,35000,RENNES,,35,Ille-et-Vilaine,2020-11-30,FUSIONNE,1551,89,
2023-06-10,2023-06-10,610,COMMUNE DE CHARTRES DE BRETAGNE,MAIRIE,Activé,638,ROLE_DECLARANT1,21350066300017,35131,CHARTRES DE BRETAGNE,Ille-et-Vilaine,Bretagne,DOS20179174,1-1107987,237607,,2023-09-29,CLOTURE,,false,,,,,,,,,,,,,,7572,CENTRE CULTUREL PÔLE SUD,,RUE DE LA CONTERIE,35131,CHARTRES-DE-BRETAGNE,,35,Ille-et-Vilaine,2020-01-22,VALIDE,638,,
2023-12-22,2023-12-22,542,ASSOCIATION TRANS MUSICALES,ATM,Activé,597,ROLE_DECLARANT1,33886426700020,35000,RENNES,Ille-et-Vilaine,Bretagne,,3-1032090,257519,,2023-09-25,CLOTURE,,false,,,,,,,,,,,,,,5761,UBU,,10/12 RUE JEAN GUY CS 73912,35039,RENNES CEDEX,33886426700020,35,Ille-et-Vilaine,2019-02-21,VALIDE,,,
2023-10-17,2023-10-17,3602,DANSE A TOUS LES ETAGES,DANSE A TOUS LES ETAGES CDCN RENNES,Activé,4750,ROLE_DECLARANT1,41281004600026,35000,RENNES,Ille-et-Vilaine,Bretagne,35367,PLATESV-D-2020-001650,240106,,2023-09-17,CLOTURE,,false,,,2290,Cap Danse,CONCARNEAU,29900,2022-11-18,VALIDE,4750,,,,,19689,HALLE DES SPORTS COMMUNAUTAIRES DE ROZANDUC,,RUE DE CORAY,29140,ROSPORDEN,,29,Finistère,2023-10-17,VALIDE,4750,,
2023-09-15,2023-09-15,3284,COMEDIE DE RENNES,,Activé,4315,ROLE_SIB,90319904000010,35700,RENNES,Ille-et-Vilaine,Bretagne,,PLATESV-D-2022-003733,234397,/event_dates/727373,2023-09-09,CLOTURE,,false,,,,,,,,,,,,,,14581,COMÉDIE DE RENNES,,31 RUE XAVIER GRALL,35700,RENNES,,35,Ille-et-Vilaine,2022-06-24,VALIDE,4314,,
2023-09-13,2023-09-13,3284,COMEDIE DE RENNES,,Activé,4315,ROLE_SIB,90319904000010,35700,RENNES,Ille-et-Vilaine,Bretagne,,PLATESV-D-2022-003733,233928,/event_dates/727359,2023-07-09,CLOTURE,,false,,,,,,,,,,,,,,14581,COMÉDIE DE RENNES,,31 RUE XAVIER GRALL,35700,RENNES,,35,Ille-et-Vilaine,2022-06-24,VALIDE,4314,,
2025-03-31,2025-03-31,2641,MAISON DES JEUNES ET CULTURE DE PACE,,Activé,3356,ROLE_SIB,30593736900026,35740,PACE,Ille-et-Vilaine,Bretagne,31372,PLATESV-R-2020-000949,384567,220,2024-11-30,CLOTURE,,false,,,,,,,,,,,,,,11393,ESCAPADE,,6 AVENUE CHARLES LE GOFFIC,35740,PACÉ,,35,Ille-et-Vilaine,2021-09-24,VALIDE,3356,5239,
2024-12-17,2024-12-17,1291,ASSOCIATION LILLICO,,Activé,6234,ROLE_SIB,78975485000038,35000,RENNES,Ille-et-Vilaine,Bretagne,,PLATESV-D-2020-000183,349340,/event_dates/1406107,2024-11-30,CLOTURE,,false,,,,,,,,,,,,,,16849,SALLE GUY ROPARTZ,,14 RUE GUY ROPARTZ,35700,RENNES,,35,Ille-et-Vilaine,2023-01-16,VALIDE,1551,,
2025-06-01,2025-06-01,1416,COMMUNE DE BRUZ,LE GRAND LOGIS - VILLE DE BRUZ,Activé,1831,ROLE_SIB,21350047300151,35170,BRUZ,Ille-et-Vilaine,Bretagne,DOS20187008,1-1114454,353763,306,2024-11-29,CLOTURE,,false,,,,,,,,,,,,,,2089,COMMUNE DE BRUZ,,10  AV  DU GENERAL DE GAULLE,35170,BRUZ,21350047300151,35,Ille-et-Vilaine,2018-06-27,VALIDE,,,
2025-03-02,2025-03-02,1125,CARTEL CONCERTS,,Activé,1278,ROLE_DECLARANT1,80023696000038,35200,RENNES,Ille-et-Vilaine,Bretagne,DOS20168997,3-1072466,365415,,2024-11-29,CLOTURE,,false,,,,,,,,,,,,,,22638,L'ESPACE CLUB,L'ESPACE CLUB,45 BOULEVARD DE LA TOUR D'AUVERGNE,35000,RENNES,,35,Ille-et-Vilaine,2024-07-31,VALIDE,4234,,
2024-03-12,2024-03-12,3284,COMEDIE DE RENNES,,Activé,4315,ROLE_SIB,90319904000010,35700,RENNES,Ille-et-Vilaine,Bretagne,,PLATESV-D-2022-003733,345327,/event_dates/1459482,2024-11-27,CLOTURE,,false,,,,,,,,,,,,,,14581,COMÉDIE DE RENNES,,31 RUE XAVIER GRALL,35700,RENNES,,35,Ille-et-Vilaine,2022-06-24,VALIDE,4314,,
2025-06-01,2025-06-01,1416,COMMUNE DE BRUZ,LE GRAND LOGIS - VILLE DE BRUZ,Activé,1831,ROLE_SIB,21350047300151,35170,BRUZ,Ille-et-Vilaine,Bretagne,DOS20187008,1-1114454,353768,327,2024-11-26,CLOTURE,,false,,,,,,,,,,,,,,2089,COMMUNE DE BRUZ,,10  AV  DU GENERAL DE GAULLE,35170,BRUZ,21350047300151,35,Ille-et-Vilaine,2018-06-27,VALIDE,,,
2025-06-01,2025-06-01,1416,COMMUNE DE BRUZ,LE GRAND LOGIS - VILLE DE BRUZ,Activé,1831,ROLE_SIB,21350047300151,35170,BRUZ,Ille-et-Vilaine,Bretagne,DOS20187008,1-1114454,353767,326,2024-11-26,CLOTURE,,false,,,,,,,,,,,,,,2089,COMMUNE DE BRUZ,,10  AV  DU GENERAL DE GAULLE,35170,BRUZ,21350047300151,35,Ille-et-Vilaine,2018-06-27,VALIDE,,,
2024-11-30,2024-11-30,3284,COMEDIE DE RENNES,,Activé,4315,ROLE_SIB,90319904000010,35700,RENNES,Ille-et-Vilaine,Bretagne,,PLATESV-D-2022-003733,344754,/event_dates/1410062,2024-11-24,CLOTURE,,false,,,,,,,,,,,,,,14581,COMÉDIE DE RENNES,,31 RUE XAVIER GRALL,35700,RENNES,,35,Ille-et-Vilaine,2022-06-24,VALIDE,4314,,
2025-01-18,2025-01-18,2934,COMMUNE DE RENNES,OPERA DE RENNES,Activé,3842,ROLE_DECLARANT1,21350238800076,35000,RENNES,Ille-et-Vilaine,Bretagne,84250,PLATESV-R-2021-012024,358924,,2024-11-23,CLOTURE,,false,,,,,,,,,,,,,,503,COMMUNE DE RENNES,,PL  DE LA MAIRIE,35000,RENNES,21350238800019,35,Ille-et-Vilaine,2018-06-27,VALIDE,,,
2025-04-15,2025-04-15,3848,PARAPENTE,,Activé,5083,ROLE_DECLARANT1,79913195800024,35000,RENNES,Ille-et-Vilaine,Bretagne,65071,PLATESV-D-2021-001233,395736,,2024-11-22,CLOTURE,,false,,,,,,,,,,,,,,2890,THEATRE DE LA PARCHEMINERIE,,23  RUE  DE LA PARCHEMINERIE,35000,RENNES,77773680200029,35,Ille-et-Vilaine,2018-06-27,VALIDE,,,
2025-03-31,2025-03-31,2641,MAISON DES JEUNES ET CULTURE DE PACE,,Activé,3356,ROLE_SIB,30593736900026,35740,PACE,Ille-et-Vilaine,Bretagne,31372,PLATESV-R-2020-000949,384565,218,2024-11-17,CLOTURE,,false,,,,,,,,,,,,,,11393,ESCAPADE,,6 AVENUE CHARLES LE GOFFIC,35740,PACÉ,,35,Ille-et-Vilaine,2021-09-24,VALIDE,3356,5239,
2024-04-12,2024-04-12,58,THEATRE NATIONAL DE BRETAGNE - T.N.B. CENTRE EUROPEEN DE PRODUCTION THEATRALE ET CHOREGRAPHIQUE,THEATRE NATIONAL DE BRETAGNE - T.N.B.,Activé,53,ROLE_DECLARANT1,37921397800016,35000,RENNES,Ille-et-Vilaine,Bretagne,,3-1099111,345702,,2024-11-14,CLOTURE,,true,,,219,Festival TNB,RENNES,35000,2018-06-27,VALIDE,,,,12103,THEATRE DE POCHE,16839,THEATRE DE POCHE,,2 RUE SAINT-LOUIS,35630,HÉDÉ-BAZOUGES,,35,Ille-et-Vilaine,2023-01-16,FUSIONNE,1551,5238,
2025-03-02,2025-03-02,1125,CARTEL CONCERTS,,Activé,1278,ROLE_DECLARANT1,80023696000038,35200,RENNES,Ille-et-Vilaine,Bretagne,DOS20168997,3-1072466,365366,,2024-09-11,CLOTURE,,false,,,,,,,,,,,,18198,LE TRIANON,7392,LE TRIANON,,80 BOULEVARD MARGUERITE DE ROCHECHOUART,75018,PARIS,,75,Paris,2020-08-01,FUSIONNE,942,89,
