{"type": "FeatureCollection", "features": [{"type": "Feature", "id": "l_article_302_5_cch.39", "geometry": {"type": "MultiPolygon", "coordinates": [[[[-1.5676, 48.1248], [-1.5672, 48.1251], [-1.5671, 48.1255], [-1.5673, 48.126], [-1.5673, 48.1262], [-1.5667, 48.1265], [-1.567, 48.1268], [-1.5673, 48.127], [-1.5673, 48.1273], [-1.5648, 48.1295], [-1.5641, 48.13], [-1.5618, 48.1309], [-1.56, 48.1318], [-1.5596, 48.132], [-1.5589, 48.132], [-1.5588, 48.1325], [-1.5584, 48.1326], [-1.5579, 48.1327], [-1.5578, 48.1329], [-1.5579, 48.1332], [-1.5582, 48.1335], [-1.5583, 48.1343], [-1.5583, 48.136], [-1.5581, 48.1366], [-1.5582, 48.1386], [-1.5581, 48.1387], [-1.5666, 48.1404], [-1.5681, 48.1408], [-1.5694, 48.1409], [-1.5692, 48.1413], [-1.5686, 48.142], [-1.568, 48.1423], [-1.5673, 48.1425], [-1.5668, 48.143], [-1.566, 48.1441], [-1.5658, 48.1447], [-1.5652, 48.1453], [-1.5645, 48.1459], [-1.5643, 48.146], [-1.564, 48.1463], [-1.5635, 48.1466], [-1.563, 48.1469], [-1.5627, 48.1475], [-1.5625, 48.1478], [-1.562, 48.1482], [-1.5621, 48.1486], [-1.5623, 48.149], [-1.5623, 48.1495], [-1.562, 48.1503], [-1.562, 48.151], [-1.5618, 48.1516], [-1.5623, 48.1521], [-1.5624, 48.1526], [-1.5623, 48.153], [-1.5621, 48.1531], [-1.5619, 48.1547], [-1.5617, 48.1551], [-1.5613, 48.1552], [-1.5611, 48.156], [-1.5609, 48.1576], [-1.5612, 48.1585], [-1.5615, 48.159], [-1.5587, 48.1598], [-1.557, 48.1605], [-1.5563, 48.1608], [-1.5549, 48.1612], [-1.5498, 48.1625], [-1.5494, 48.1627], [-1.5492, 48.1627], [-1.5497, 48.1637], [-1.5479, 48.1636], [-1.5472, 48.1636], [-1.5432, 48.1652], [-1.5425, 48.1655], [-1.5415, 48.1659], [-1.5408, 48.1663], [-1.5391, 48.1672], [-1.5375, 48.1682], [-1.5365, 48.1689], [-1.5356, 48.1692], [-1.5339, 48.1696], [-1.5312, 48.1704], [-1.5296, 48.1708], [-1.5277, 48.1713], [-1.5234, 48.1721], [-1.523, 48.1721], [-1.5218, 48.1714], [-1.5205, 48.171], [-1.5198, 48.1704], [-1.5185, 48.1705], [-1.5174, 48.1703], [-1.5137, 48.1703], [-1.5127, 48.1702], [-1.5118, 48.1698], [-1.51, 48.1693], [-1.5082, 48.1692], [-1.507, 48.1686], [-1.5062, 48.1682], [-1.5057, 48.1681], [-1.5056, 48.1683], [-1.5052, 48.1685], [-1.5049, 48.1685], [-1.5045, 48.1689], [-1.504, 48.1691], [-1.5037, 48.1694], [-1.5035, 48.1699], [-1.5027, 48.1705], [-1.5017, 48.1707], [-1.5015, 48.1708], [-1.5012, 48.1713], [-1.5005, 48.1716], [-1.5, 48.1723], [-1.4996, 48.1726], [-1.499, 48.1727], [-1.4987, 48.173], [-1.4986, 48.173], [-1.4968, 48.1715], [-1.4965, 48.1713], [-1.4959, 48.1714], [-1.4944, 48.1698], [-1.4939, 48.1696], [-1.4923, 48.1693], [-1.4917, 48.169], [-1.4907, 48.1684], [-1.4899, 48.1688], [-1.4891, 48.1692], [-1.4885, 48.1693], [-1.4879, 48.1692], [-1.4878, 48.169], [-1.4882, 48.1684], [-1.4884, 48.1682], [-1.4886, 48.1667], [-1.4886, 48.1665], [-1.4866, 48.1659], [-1.4857, 48.1655], [-1.4854, 48.1652], [-1.485, 48.165], [-1.4837, 48.1649], [-1.4831, 48.165], [-1.4831, 48.1652], [-1.4836, 48.1657], [-1.4838, 48.1666], [-1.4839, 48.1676], [-1.482, 48.1674], [-1.4793, 48.167], [-1.4787, 48.1652], [-1.4788, 48.165], [-1.4792, 48.1648], [-1.4791, 48.1645], [-1.4782, 48.1633], [-1.4777, 48.1628], [-1.4768, 48.1625], [-1.4738, 48.1618], [-1.4719, 48.1617], [-1.4729, 48.1588], [-1.4728, 48.1584], [-1.4723, 48.1576], [-1.471, 48.1553], [-1.4694, 48.1528], [-1.4689, 48.1525], [-1.4683, 48.1515], [-1.4691, 48.1508], [-1.4697, 48.1503], [-1.4701, 48.1499], [-1.4716, 48.1493], [-1.472, 48.1491], [-1.4718, 48.1483], [-1.472, 48.148], [-1.4725, 48.148], [-1.4728, 48.1481], [-1.4742, 48.1481], [-1.4745, 48.1479], [-1.4745, 48.1476], [-1.4746, 48.1474], [-1.4757, 48.1474], [-1.4763, 48.1472], [-1.4775, 48.1462], [-1.4784, 48.1456], [-1.48, 48.1448], [-1.4811, 48.1445], [-1.4832, 48.1445], [-1.4837, 48.1444], [-1.4845, 48.1443], [-1.4846, 48.1441], [-1.4849, 48.1429], [-1.4852, 48.1424], [-1.4857, 48.1419], [-1.4863, 48.1416], [-1.4869, 48.1415], [-1.4868, 48.1409], [-1.4866, 48.1407], [-1.4865, 48.1405], [-1.4868, 48.14], [-1.4867, 48.1396], [-1.4858, 48.1386], [-1.4852, 48.1382], [-1.4851, 48.1359], [-1.4846, 48.1356], [-1.4846, 48.1355], [-1.4849, 48.1346], [-1.4848, 48.134], [-1.485, 48.1337], [-1.485, 48.1332], [-1.4851, 48.133], [-1.4838, 48.1329], [-1.482, 48.133], [-1.4825, 48.1325], [-1.4824, 48.1317], [-1.4818, 48.1316], [-1.4824, 48.1304], [-1.4825, 48.1289], [-1.4828, 48.1281], [-1.4834, 48.1272], [-1.4848, 48.1262], [-1.4853, 48.1256], [-1.4855, 48.1248], [-1.4859, 48.1248], [-1.4876, 48.1249], [-1.4885, 48.1247], [-1.4896, 48.1247], [-1.4924, 48.1252], [-1.4942, 48.1254], [-1.4959, 48.1256], [-1.497, 48.1256], [-1.4978, 48.1255], [-1.4978, 48.1254], [-1.4977, 48.1243], [-1.4971, 48.1242], [-1.4966, 48.124], [-1.4965, 48.1234], [-1.4966, 48.123], [-1.4967, 48.1227], [-1.4964, 48.1224], [-1.4963, 48.1213], [-1.4961, 48.1211], [-1.496, 48.1209], [-1.4963, 48.1207], [-1.4971, 48.1203], [-1.499, 48.12], [-1.4995, 48.1197], [-1.5006, 48.1189], [-1.5016, 48.1187], [-1.5028, 48.1186], [-1.5041, 48.1187], [-1.5051, 48.119], [-1.5058, 48.1193], [-1.5075, 48.12], [-1.5086, 48.1203], [-1.5105, 48.1202], [-1.5115, 48.12], [-1.5139, 48.1197], [-1.5149, 48.1197], [-1.5159, 48.1199], [-1.5174, 48.1205], [-1.5177, 48.1207], [-1.518, 48.1208], [-1.5185, 48.1211], [-1.5186, 48.1214], [-1.5183, 48.1217], [-1.5175, 48.1222], [-1.5175, 48.1225], [-1.5179, 48.1228], [-1.5185, 48.1229], [-1.519, 48.123], [-1.5191, 48.1231], [-1.519, 48.1234], [-1.5189, 48.1236], [-1.519, 48.1238], [-1.5198, 48.1241], [-1.5202, 48.1243], [-1.5202, 48.1249], [-1.52, 48.1254], [-1.5196, 48.1258], [-1.5195, 48.1261], [-1.5203, 48.1271], [-1.521, 48.1277], [-1.5219, 48.128], [-1.522, 48.1282], [-1.5216, 48.1286], [-1.5216, 48.1289], [-1.5227, 48.1297], [-1.5234, 48.1307], [-1.524, 48.1311], [-1.5246, 48.1313], [-1.5253, 48.1317], [-1.5258, 48.1318], [-1.5262, 48.1317], [-1.5263, 48.131], [-1.5266, 48.1306], [-1.5276, 48.1307], [-1.5287, 48.1306], [-1.5288, 48.1305], [-1.529, 48.1303], [-1.5292, 48.1301], [-1.5296, 48.1301], [-1.5305, 48.1305], [-1.5315, 48.1306], [-1.5325, 48.1312], [-1.533, 48.1313], [-1.5341, 48.1313], [-1.5347, 48.1312], [-1.5354, 48.1308], [-1.5356, 48.1308], [-1.5375, 48.1305], [-1.5391, 48.1298], [-1.54, 48.1292], [-1.5402, 48.1288], [-1.541, 48.1283], [-1.5412, 48.1281], [-1.542, 48.1276], [-1.5423, 48.1273], [-1.5423, 48.127], [-1.5421, 48.1264], [-1.5422, 48.126], [-1.5429, 48.1255], [-1.5432, 48.125], [-1.5435, 48.124], [-1.5437, 48.1236], [-1.5446, 48.1231], [-1.5451, 48.1229], [-1.5459, 48.1223], [-1.5465, 48.1215], [-1.547, 48.1213], [-1.5497, 48.1213], [-1.5503, 48.1212], [-1.5514, 48.1206], [-1.5515, 48.1205], [-1.552, 48.1203], [-1.5534, 48.1197], [-1.554, 48.1189], [-1.5545, 48.1188], [-1.5553, 48.1188], [-1.5558, 48.1189], [-1.5565, 48.1193], [-1.5569, 48.1198], [-1.557, 48.1205], [-1.556, 48.1226], [-1.5562, 48.1231], [-1.5568, 48.1235], [-1.5573, 48.1236], [-1.5585, 48.1236], [-1.5613, 48.1229], [-1.562, 48.1228], [-1.5624, 48.1229], [-1.5628, 48.1234], [-1.5634, 48.1238], [-1.565, 48.1242], [-1.5658, 48.1245], [-1.5673, 48.1247], [-1.5676, 48.1248]]]]}, "geometry_name": "the_geom", "properties": {"CODE_DEP": "35", "CODE_COM": "35001", "NOM_COM": "Acigné", "AGGLO": "Rennes Métropole", "LS_RP_SRU": 17.7, "EXEMPTION": "10 - 20%", "ANNEE": "2023/01/01"}}, {"type": "Feature", "id": "l_article_302_5_cch.41", "geometry": {"type": "MultiPolygon", "coordinates": [[[[-1.6971, 48.1811], [-1.697, 48.1823], [-1.6965, 48.1837], [-1.6955, 48.1852], [-1.6946, 48.1862], [-1.6943, 48.1865], [-1.694, 48.1872], [-1.6921, 48.1871], [-1.692, 48.1872], [-1.6905, 48.1903], [-1.69, 48.1903], [-1.6885, 48.19], [-1.6878, 48.1898], [-1.6876, 48.1898], [-1.6872, 48.1906], [-1.6869, 48.1911], [-1.6859, 48.1914], [-1.6856, 48.1922], [-1.6848, 48.1927], [-1.6825, 48.1953], [-1.6823, 48.1959], [-1.6823, 48.1961], [-1.6798, 48.197], [-1.6787, 48.1974], [-1.6784, 48.1975], [-1.6764, 48.1982], [-1.6763, 48.1985], [-1.6759, 48.2001], [-1.6758, 48.2002], [-1.6748, 48.2003], [-1.6745, 48.2006], [-1.6745, 48.2009], [-1.6729, 48.201], [-1.6721, 48.2009], [-1.671, 48.2007], [-1.67, 48.2006], [-1.6681, 48.2007], [-1.6659, 48.2003], [-1.6654, 48.2003], [-1.665, 48.1999], [-1.6639, 48.1996], [-1.6625, 48.1992], [-1.6622, 48.1992], [-1.6621, 48.1997], [-1.663, 48.1999], [-1.6633, 48.1999], [-1.6635, 48.2002], [-1.6634, 48.2007], [-1.6626, 48.2019], [-1.6619, 48.2025], [-1.6614, 48.2027], [-1.6609, 48.2032], [-1.6607, 48.2034], [-1.66, 48.2036], [-1.6581, 48.2037], [-1.6577, 48.204], [-1.6575, 48.2044], [-1.6566, 48.2067], [-1.6567, 48.2071], [-1.6574, 48.2078], [-1.6574, 48.2084], [-1.6571, 48.2092], [-1.657, 48.2098], [-1.6566, 48.2098], [-1.6498, 48.207], [-1.648, 48.2063], [-1.6473, 48.2062], [-1.6465, 48.206], [-1.646, 48.2056], [-1.6456, 48.2052], [-1.6447, 48.2046], [-1.6435, 48.2042], [-1.6424, 48.2039], [-1.6414, 48.2035], [-1.6413, 48.2034], [-1.641, 48.2032], [-1.6406, 48.203], [-1.64, 48.2028], [-1.6396, 48.2021], [-1.6385, 48.2011], [-1.638, 48.2005], [-1.6375, 48.2001], [-1.6373, 48.2001], [-1.6374, 48.1999], [-1.6381, 48.1993], [-1.6383, 48.1992], [-1.6385, 48.1989], [-1.6384, 48.1987], [-1.6375, 48.1982], [-1.6372, 48.1979], [-1.6365, 48.1977], [-1.6359, 48.1974], [-1.635, 48.1973], [-1.6342, 48.1974], [-1.6331, 48.1973], [-1.6323, 48.1971], [-1.6317, 48.1972], [-1.6313, 48.1975], [-1.6312, 48.198], [-1.631, 48.198], [-1.6305, 48.198], [-1.6301, 48.1976], [-1.6298, 48.1971], [-1.6292, 48.1968], [-1.629, 48.1965], [-1.6289, 48.196], [-1.6287, 48.196], [-1.6277, 48.1963], [-1.6267, 48.1965], [-1.6263, 48.1966], [-1.6254, 48.1967], [-1.6255, 48.1972], [-1.6268, 48.1995], [-1.6276, 48.2003], [-1.6279, 48.2009], [-1.6278, 48.2021], [-1.6274, 48.204], [-1.6273, 48.2047], [-1.6268, 48.2054], [-1.6265, 48.2056], [-1.6262, 48.206], [-1.6242, 48.2052], [-1.6235, 48.2048], [-1.623, 48.2043], [-1.6228, 48.2043], [-1.6226, 48.2044], [-1.6222, 48.2044], [-1.6219, 48.2043], [-1.6216, 48.2037], [-1.6205, 48.2031], [-1.6202, 48.2031], [-1.6192, 48.203], [-1.6184, 48.2029], [-1.6177, 48.2029], [-1.615, 48.2039], [-1.6143, 48.204], [-1.6137, 48.2044], [-1.6135, 48.2045], [-1.6133, 48.2047], [-1.6131, 48.2047], [-1.6116, 48.2033], [-1.611, 48.2023], [-1.6103, 48.2024], [-1.6096, 48.2027], [-1.6094, 48.2027], [-1.6087, 48.2022], [-1.6074, 48.2017], [-1.6071, 48.2014], [-1.6042, 48.2002], [-1.6043, 48.1998], [-1.6043, 48.1995], [-1.603, 48.1992], [-1.6023, 48.1991], [-1.602, 48.1991], [-1.6017, 48.1992], [-1.6, 48.1992], [-1.5998, 48.1992], [-1.5997, 48.1988], [-1.5994, 48.1988], [-1.5984, 48.1987], [-1.599, 48.1979], [-1.5996, 48.1971], [-1.5997, 48.197], [-1.5998, 48.197], [-1.6059, 48.1895], [-1.6105, 48.1851], [-1.6112, 48.1845], [-1.613, 48.1835], [-1.6128, 48.1834], [-1.612, 48.1828], [-1.6144, 48.1794], [-1.6144, 48.1793], [-1.6152, 48.1782], [-1.6155, 48.1778], [-1.6196, 48.1719], [-1.62, 48.1717], [-1.6216, 48.1716], [-1.6221, 48.1709], [-1.6224, 48.1704], [-1.6231, 48.1698], [-1.6231, 48.1696], [-1.623, 48.1695], [-1.623, 48.1693], [-1.6242, 48.1689], [-1.6242, 48.1689], [-1.6235, 48.1686], [-1.6229, 48.1682], [-1.6231, 48.1676], [-1.6217, 48.1675], [-1.6218, 48.1668], [-1.6217, 48.1659], [-1.6215, 48.1658], [-1.6205, 48.1657], [-1.6188, 48.1657], [-1.6187, 48.1656], [-1.6193, 48.1651], [-1.6198, 48.1649], [-1.6198, 48.1647], [-1.6194, 48.1645], [-1.6192, 48.1645], [-1.6177, 48.1652], [-1.6174, 48.1652], [-1.6159, 48.1643], [-1.6158, 48.1642], [-1.6166, 48.1632], [-1.6173, 48.1625], [-1.6174, 48.1622], [-1.6163, 48.1618], [-1.6156, 48.1615], [-1.6141, 48.161], [-1.6126, 48.1603], [-1.6125, 48.1602], [-1.6126, 48.1601], [-1.6131, 48.1598], [-1.6142, 48.1597], [-1.6149, 48.1596], [-1.6165, 48.1589], [-1.617, 48.1586], [-1.6172, 48.158], [-1.6175, 48.1579], [-1.618, 48.1574], [-1.6186, 48.156], [-1.6189, 48.1557], [-1.6195, 48.1556], [-1.6203, 48.1554], [-1.6214, 48.1554], [-1.6222, 48.1555], [-1.6232, 48.1554], [-1.6242, 48.155], [-1.6249, 48.1549], [-1.625, 48.1549], [-1.6268, 48.1548], [-1.6297, 48.1549], [-1.63, 48.1545], [-1.6301, 48.1537], [-1.6304, 48.1533], [-1.6308, 48.1531], [-1.6311, 48.1527], [-1.6313, 48.1522], [-1.6318, 48.1516], [-1.6323, 48.1507], [-1.6325, 48.1498], [-1.6336, 48.1498], [-1.6336, 48.1495], [-1.6337, 48.1493], [-1.635, 48.1492], [-1.6356, 48.1496], [-1.6367, 48.1497], [-1.6375, 48.1498], [-1.6383, 48.1497], [-1.6388, 48.1506], [-1.6393, 48.1511], [-1.6395, 48.151], [-1.6396, 48.1517], [-1.6401, 48.1521], [-1.6402, 48.1521], [-1.6415, 48.1531], [-1.6417, 48.1535], [-1.6424, 48.154], [-1.6445, 48.154], [-1.6463, 48.1543], [-1.6478, 48.1547], [-1.6497, 48.1549], [-1.6514, 48.1554], [-1.6525, 48.1558], [-1.6531, 48.1564], [-1.6536, 48.1568], [-1.6537, 48.157], [-1.6536, 48.1573], [-1.6536, 48.1583], [-1.6539, 48.1596], [-1.6542, 48.1601], [-1.6548, 48.1605], [-1.6555, 48.1606], [-1.6558, 48.1607], [-1.6568, 48.1609], [-1.6577, 48.1614], [-1.6586, 48.1617], [-1.6598, 48.1614], [-1.661, 48.161], [-1.6623, 48.1607], [-1.6647, 48.1606], [-1.6664, 48.1608], [-1.6673, 48.161], [-1.6696, 48.1611], [-1.671, 48.1615], [-1.6718, 48.1618], [-1.6722, 48.1624], [-1.6727, 48.1626], [-1.6734, 48.1625], [-1.6746, 48.1624], [-1.6758, 48.1626], [-1.6761, 48.1627], [-1.6757, 48.1636], [-1.6754, 48.1639], [-1.6754, 48.1641], [-1.6775, 48.1649], [-1.6774, 48.1663], [-1.6768, 48.1677], [-1.6767, 48.1691], [-1.6765, 48.1695], [-1.6761, 48.1704], [-1.6761, 48.1715], [-1.6759, 48.1721], [-1.6756, 48.1727], [-1.675, 48.1729], [-1.6747, 48.1733], [-1.6745, 48.1739], [-1.6745, 48.1746], [-1.674, 48.1749], [-1.674, 48.1754], [-1.6747, 48.1754], [-1.675, 48.1749], [-1.677, 48.1751], [-1.678, 48.1751], [-1.681, 48.1757], [-1.6819, 48.1757], [-1.6822, 48.1756], [-1.6839, 48.1757], [-1.6844, 48.1761], [-1.6853, 48.1764], [-1.6856, 48.1767], [-1.6857, 48.178], [-1.6864, 48.1788], [-1.6873, 48.1792], [-1.688, 48.1791], [-1.6884, 48.1791], [-1.6893, 48.1795], [-1.6897, 48.1795], [-1.6898, 48.1794], [-1.6901, 48.1794], [-1.6915, 48.1799], [-1.692, 48.1801], [-1.6925, 48.1794], [-1.6934, 48.1797], [-1.6971, 48.1811]]]]}, "geometry_name": "the_geom", "properties": {"CODE_DEP": "35", "CODE_COM": "35024", "NOM_COM": "Betton", "AGGLO": "Rennes Métropole", "LS_RP_SRU": 18.1, "EXEMPTION": "10 - 20%", "ANNEE": "2023/01/01"}}, {"type": "Feature", "id": "l_article_302_5_cch.42", "geometry": {"type": "MultiPolygon", "coordinates": [[[[-1.649, 47.9647], [-1.6482, 47.9651], [-1.6477, 47.9653], [-1.6471, 47.9656], [-1.6464, 47.9658], [-1.6444, 47.966], [-1.6442, 47.966], [-1.6432, 47.9661], [-1.6427, 47.9659], [-1.6423, 47.9657], [-1.641, 47.9655], [-1.6404, 47.9655], [-1.64, 47.9658], [-1.6408, 47.9674], [-1.6411, 47.9693], [-1.6411, 47.97], [-1.6393, 47.9704], [-1.6386, 47.971], [-1.6357, 47.9735], [-1.6351, 47.9757], [-1.6343, 47.9764], [-1.6348, 47.9766], [-1.6347, 47.9772], [-1.6342, 47.9778], [-1.6336, 47.9782], [-1.6337, 47.9795], [-1.6342, 47.9806], [-1.6349, 47.9816], [-1.6354, 47.982], [-1.6359, 47.9821], [-1.6373, 47.9822], [-1.6389, 47.9827], [-1.6391, 47.9828], [-1.639, 47.9832], [-1.6384, 47.9844], [-1.6385, 47.9845], [-1.6388, 47.9845], [-1.6392, 47.9849], [-1.6393, 47.9851], [-1.6406, 47.9848], [-1.6408, 47.9851], [-1.6415, 47.9868], [-1.6419, 47.9876], [-1.6419, 47.9877], [-1.6417, 47.9878], [-1.642, 47.9891], [-1.6418, 47.9894], [-1.6413, 47.9899], [-1.6417, 47.9899], [-1.643, 47.9897], [-1.6431, 47.9898], [-1.6441, 47.9898], [-1.6441, 47.9895], [-1.6449, 47.9895], [-1.645, 47.9891], [-1.6501, 47.9883], [-1.6505, 47.9883], [-1.6503, 47.9892], [-1.6504, 47.9898], [-1.6506, 47.9901], [-1.6509, 47.9902], [-1.6534, 47.9903], [-1.6549, 47.9905], [-1.6553, 47.9912], [-1.6559, 47.9921], [-1.6563, 47.9923], [-1.656, 47.9947], [-1.6561, 47.9948], [-1.6569, 47.9948], [-1.6569, 47.9954], [-1.6566, 47.9967], [-1.6562, 47.9972], [-1.6555, 47.9975], [-1.6548, 47.9975], [-1.6528, 47.9971], [-1.6527, 47.9965], [-1.6513, 47.9963], [-1.6499, 47.9963], [-1.6493, 47.9963], [-1.6481, 47.9967], [-1.6478, 47.9967], [-1.6474, 47.9965], [-1.6457, 47.9964], [-1.6425, 47.9965], [-1.6427, 47.9976], [-1.6427, 47.9978], [-1.6407, 47.9979], [-1.6398, 47.998], [-1.6387, 47.9981], [-1.6386, 47.9985], [-1.6387, 47.9994], [-1.6394, 48.0008], [-1.6383, 48.0011], [-1.6355, 48.0015], [-1.6354, 48.0018], [-1.6355, 48.0022], [-1.636, 48.0024], [-1.6362, 48.0027], [-1.6359, 48.0033], [-1.6343, 48.0046], [-1.6335, 48.0046], [-1.6332, 48.0045], [-1.6261, 48.0074], [-1.6252, 48.0075], [-1.6223, 48.0081], [-1.622, 48.0083], [-1.6221, 48.0086], [-1.6214, 48.0091], [-1.6208, 48.0099], [-1.6204, 48.0099], [-1.6201, 48.0099], [-1.6198, 48.0102], [-1.6196, 48.0111], [-1.6191, 48.0116], [-1.6181, 48.0123], [-1.6162, 48.0119], [-1.6158, 48.0119], [-1.6139, 48.0126], [-1.6112, 48.0125], [-1.6053, 48.0125], [-1.6029, 48.0128], [-1.6021, 48.0128], [-1.6012, 48.0149], [-1.6005, 48.0149], [-1.6003, 48.0147], [-1.5994, 48.0118], [-1.596, 48.0049], [-1.5948, 48.0019], [-1.5946, 48.0005], [-1.5939, 48.0002], [-1.5929, 48.0001], [-1.5918, 48], [-1.5904, 47.9996], [-1.5902, 47.9996], [-1.5907, 47.9986], [-1.5912, 47.9981], [-1.5921, 47.9979], [-1.5928, 47.9976], [-1.5943, 47.9972], [-1.5948, 47.9967], [-1.5956, 47.9967], [-1.5959, 47.9965], [-1.5961, 47.9965], [-1.5965, 47.9966], [-1.597, 47.9965], [-1.5974, 47.9963], [-1.5974, 47.9956], [-1.5977, 47.9954], [-1.5984, 47.9946], [-1.5983, 47.9941], [-1.5955, 47.9926], [-1.595, 47.9926], [-1.5949, 47.992], [-1.5943, 47.992], [-1.5944, 47.9896], [-1.596, 47.9895], [-1.5962, 47.989], [-1.5973, 47.9889], [-1.5973, 47.9887], [-1.5969, 47.9883], [-1.5969, 47.9882], [-1.5972, 47.9878], [-1.5972, 47.9874], [-1.5979, 47.9867], [-1.5979, 47.9865], [-1.598, 47.9861], [-1.5983, 47.9859], [-1.5985, 47.9853], [-1.5984, 47.9846], [-1.598, 47.984], [-1.5979, 47.9829], [-1.5976, 47.9827], [-1.5975, 47.9827], [-1.5974, 47.9821], [-1.5971, 47.9817], [-1.5969, 47.9812], [-1.5971, 47.981], [-1.5977, 47.9807], [-1.5985, 47.9806], [-1.5989, 47.9809], [-1.5999, 47.9808], [-1.6013, 47.9805], [-1.6016, 47.9806], [-1.6021, 47.9811], [-1.6023, 47.9811], [-1.6047, 47.9802], [-1.6056, 47.9801], [-1.6061, 47.9802], [-1.6076, 47.9806], [-1.6093, 47.9805], [-1.6113, 47.9804], [-1.6135, 47.9806], [-1.6128, 47.9793], [-1.6121, 47.9781], [-1.6118, 47.9772], [-1.6121, 47.9771], [-1.6126, 47.9771], [-1.6128, 47.9776], [-1.6129, 47.9777], [-1.6136, 47.9777], [-1.6141, 47.9775], [-1.6159, 47.9765], [-1.6161, 47.9764], [-1.6164, 47.9766], [-1.6169, 47.9768], [-1.6173, 47.9768], [-1.6176, 47.9766], [-1.6183, 47.9765], [-1.6185, 47.9765], [-1.6187, 47.9763], [-1.6195, 47.9758], [-1.6195, 47.9754], [-1.6202, 47.9754], [-1.6213, 47.975], [-1.6215, 47.9746], [-1.6224, 47.9744], [-1.6226, 47.9742], [-1.6227, 47.9742], [-1.6231, 47.9742], [-1.6237, 47.9739], [-1.6244, 47.9734], [-1.6251, 47.9732], [-1.6255, 47.973], [-1.6258, 47.9729], [-1.6264, 47.9733], [-1.6267, 47.9733], [-1.6278, 47.9728], [-1.6278, 47.9725], [-1.628, 47.9723], [-1.6294, 47.9715], [-1.6296, 47.9713], [-1.6297, 47.9703], [-1.6302, 47.9696], [-1.6306, 47.9688], [-1.6312, 47.968], [-1.6319, 47.9674], [-1.6323, 47.967], [-1.6322, 47.9667], [-1.6318, 47.9664], [-1.6313, 47.9657], [-1.6306, 47.9651], [-1.6301, 47.9649], [-1.6298, 47.9645], [-1.6285, 47.9641], [-1.6272, 47.9625], [-1.6265, 47.9619], [-1.6266, 47.9616], [-1.6266, 47.9609], [-1.6256, 47.9609], [-1.6251, 47.9611], [-1.6248, 47.9611], [-1.6244, 47.9605], [-1.6242, 47.9597], [-1.6239, 47.9591], [-1.6233, 47.9585], [-1.6233, 47.9583], [-1.6246, 47.9579], [-1.626, 47.9577], [-1.6277, 47.9572], [-1.628, 47.9574], [-1.6286, 47.9575], [-1.6296, 47.9573], [-1.6309, 47.9567], [-1.631, 47.9564], [-1.6321, 47.9563], [-1.6322, 47.9564], [-1.6334, 47.9562], [-1.6349, 47.956], [-1.6349, 47.9555], [-1.6356, 47.9553], [-1.6362, 47.955], [-1.6368, 47.9541], [-1.6381, 47.9536], [-1.6394, 47.9533], [-1.6415, 47.9516], [-1.6417, 47.9515], [-1.6417, 47.9517], [-1.6425, 47.9534], [-1.643, 47.9541], [-1.6455, 47.9577], [-1.6464, 47.9588], [-1.6469, 47.9595], [-1.6475, 47.9594], [-1.6475, 47.9595], [-1.6482, 47.9605], [-1.6485, 47.9609], [-1.6486, 47.9614], [-1.6485, 47.9618], [-1.6485, 47.9625], [-1.6487, 47.9629], [-1.6487, 47.9638], [-1.649, 47.9647]]]]}, "geometry_name": "the_geom", "properties": {"CODE_DEP": "35", "CODE_COM": "35032", "NOM_COM": "Bourgbarré", "AGGLO": "Rennes Métropole", "LS_RP_SRU": 15.92, "EXEMPTION": "10 - 20%", "ANNEE": "2023/01/01"}}, {"type": "Feature", "id": "l_article_302_5_cch.43", "geometry": {"type": "MultiPolygon", "coordinates": [[[[-1.7532, 47.9795], [-1.7538, 47.9802], [-1.7545, 47.9816], [-1.7559, 47.9834], [-1.7563, 47.9837], [-1.7573, 47.9851], [-1.7582, 47.9867], [-1.7583, 47.9876], [-1.7581, 47.9881], [-1.7571, 47.9892], [-1.7564, 47.9907], [-1.7557, 47.9917], [-1.7545, 47.9928], [-1.7532, 47.9939], [-1.7519, 47.9945], [-1.7515, 47.995], [-1.7514, 47.9954], [-1.7521, 47.9963], [-1.7529, 47.9968], [-1.754, 47.9971], [-1.7557, 47.9973], [-1.7587, 47.9972], [-1.7619, 47.9974], [-1.7641, 47.998], [-1.7648, 47.9983], [-1.765, 47.9987], [-1.765, 47.999], [-1.7647, 47.9992], [-1.7636, 47.9993], [-1.7631, 47.9996], [-1.7622, 48.0005], [-1.7619, 48.0011], [-1.7622, 48.0015], [-1.7626, 48.0018], [-1.7635, 48.002], [-1.7648, 48.002], [-1.7654, 48.0021], [-1.7668, 48.0025], [-1.7675, 48.0025], [-1.768, 48.0024], [-1.7699, 48.0023], [-1.7718, 48.0025], [-1.7749, 48.0028], [-1.7767, 48.0027], [-1.7782, 48.0029], [-1.7794, 48.0032], [-1.7803, 48.0036], [-1.7808, 48.0036], [-1.7814, 48.0034], [-1.7829, 48.0032], [-1.7838, 48.0032], [-1.7843, 48.0035], [-1.7849, 48.0042], [-1.7851, 48.0052], [-1.7852, 48.0074], [-1.785, 48.0079], [-1.7844, 48.0082], [-1.7839, 48.0088], [-1.7836, 48.0095], [-1.7831, 48.0103], [-1.783, 48.0112], [-1.7828, 48.0118], [-1.7821, 48.0129], [-1.7818, 48.0137], [-1.7822, 48.0146], [-1.7823, 48.0154], [-1.782, 48.0162], [-1.7815, 48.0167], [-1.7804, 48.0172], [-1.7792, 48.0178], [-1.7784, 48.0186], [-1.7775, 48.0197], [-1.7769, 48.0204], [-1.7761, 48.0207], [-1.7755, 48.0211], [-1.7748, 48.022], [-1.7745, 48.0234], [-1.7742, 48.0239], [-1.7739, 48.024], [-1.7735, 48.0243], [-1.7733, 48.0249], [-1.7733, 48.0259], [-1.7737, 48.0276], [-1.774, 48.0282], [-1.7747, 48.0287], [-1.7761, 48.029], [-1.7771, 48.0294], [-1.7776, 48.0297], [-1.7778, 48.0301], [-1.7775, 48.0306], [-1.777, 48.0309], [-1.7763, 48.0311], [-1.7757, 48.0311], [-1.7752, 48.0309], [-1.7744, 48.0309], [-1.7737, 48.0312], [-1.7733, 48.0315], [-1.7731, 48.0321], [-1.7733, 48.0333], [-1.7736, 48.0343], [-1.774, 48.0346], [-1.7751, 48.0352], [-1.7753, 48.0353], [-1.7753, 48.0357], [-1.7749, 48.0364], [-1.7749, 48.0368], [-1.776, 48.0382], [-1.7762, 48.0392], [-1.7762, 48.0411], [-1.7761, 48.0417], [-1.7755, 48.0422], [-1.7743, 48.0429], [-1.7735, 48.0435], [-1.7728, 48.0445], [-1.7722, 48.0448], [-1.7718, 48.0449], [-1.7711, 48.0447], [-1.7704, 48.0444], [-1.7691, 48.0442], [-1.7684, 48.0442], [-1.7679, 48.0443], [-1.767, 48.0451], [-1.7665, 48.0458], [-1.7663, 48.0474], [-1.7666, 48.0492], [-1.7665, 48.0496], [-1.7667, 48.05], [-1.7669, 48.0502], [-1.769, 48.0507], [-1.7696, 48.0511], [-1.7704, 48.0523], [-1.7711, 48.0529], [-1.7714, 48.0534], [-1.7714, 48.0541], [-1.7715, 48.0548], [-1.7715, 48.0555], [-1.771, 48.0567], [-1.7699, 48.0574], [-1.7694, 48.0576], [-1.7677, 48.0578], [-1.7671, 48.0582], [-1.7667, 48.0588], [-1.7666, 48.0599], [-1.7664, 48.0607], [-1.7662, 48.0609], [-1.7655, 48.0611], [-1.7651, 48.0615], [-1.765, 48.0617], [-1.7642, 48.0624], [-1.7641, 48.0625], [-1.7629, 48.0633], [-1.7629, 48.0637], [-1.7635, 48.0642], [-1.7634, 48.0645], [-1.7632, 48.0648], [-1.7629, 48.065], [-1.7618, 48.0658], [-1.7616, 48.0658], [-1.7611, 48.0652], [-1.7593, 48.065], [-1.7552, 48.0659], [-1.7552, 48.0661], [-1.7553, 48.0681], [-1.7543, 48.0684], [-1.7514, 48.0684], [-1.7498, 48.0683], [-1.7499, 48.0659], [-1.7497, 48.0658], [-1.7496, 48.0654], [-1.7488, 48.0654], [-1.7476, 48.0623], [-1.7468, 48.0615], [-1.7469, 48.0613], [-1.7464, 48.0604], [-1.7451, 48.0599], [-1.7442, 48.0597], [-1.7429, 48.0593], [-1.7417, 48.0591], [-1.7404, 48.0591], [-1.7399, 48.0592], [-1.7385, 48.0596], [-1.7371, 48.0597], [-1.7346, 48.0597], [-1.7332, 48.0597], [-1.732, 48.0596], [-1.7312, 48.0593], [-1.7301, 48.059], [-1.7288, 48.0587], [-1.7281, 48.0585], [-1.7272, 48.0582], [-1.7266, 48.0576], [-1.7275, 48.0574], [-1.7279, 48.0568], [-1.7274, 48.0564], [-1.7279, 48.0553], [-1.7285, 48.0551], [-1.7293, 48.0542], [-1.729, 48.0526], [-1.7289, 48.0502], [-1.7294, 48.0483], [-1.7291, 48.0475], [-1.7304, 48.0469], [-1.729, 48.0444], [-1.7287, 48.0434], [-1.7294, 48.0421], [-1.7294, 48.0417], [-1.7291, 48.0412], [-1.7286, 48.0409], [-1.728, 48.0408], [-1.7269, 48.041], [-1.7263, 48.0396], [-1.7254, 48.0397], [-1.7243, 48.0399], [-1.722, 48.0401], [-1.7199, 48.04], [-1.7185, 48.0399], [-1.7176, 48.0399], [-1.7176, 48.0392], [-1.7174, 48.0384], [-1.7172, 48.038], [-1.7169, 48.0372], [-1.7171, 48.0369], [-1.7171, 48.0364], [-1.7164, 48.0365], [-1.715, 48.0367], [-1.7149, 48.0358], [-1.7154, 48.0358], [-1.7153, 48.0353], [-1.7138, 48.0353], [-1.7141, 48.0329], [-1.7131, 48.0328], [-1.7121, 48.0325], [-1.7137, 48.0318], [-1.7147, 48.0313], [-1.7134, 48.0305], [-1.7126, 48.0302], [-1.7129, 48.03], [-1.7125, 48.0295], [-1.7117, 48.0291], [-1.7119, 48.0288], [-1.7117, 48.028], [-1.7114, 48.0278], [-1.7117, 48.0272], [-1.7114, 48.0265], [-1.7103, 48.0257], [-1.7107, 48.0254], [-1.7096, 48.0247], [-1.7088, 48.0237], [-1.7086, 48.0236], [-1.7094, 48.0235], [-1.7099, 48.0231], [-1.7108, 48.0234], [-1.7111, 48.0231], [-1.7112, 48.0227], [-1.7114, 48.0225], [-1.712, 48.0226], [-1.7127, 48.0219], [-1.7134, 48.0216], [-1.7142, 48.0211], [-1.7145, 48.0206], [-1.7146, 48.0199], [-1.7138, 48.0186], [-1.7136, 48.0177], [-1.7119, 48.0153], [-1.7115, 48.0148], [-1.7137, 48.0147], [-1.717, 48.0147], [-1.7174, 48.0138], [-1.7172, 48.0137], [-1.7171, 48.013], [-1.7174, 48.0124], [-1.7175, 48.0121], [-1.7187, 48.0113], [-1.7187, 48.0107], [-1.7188, 48.0103], [-1.7186, 48.0102], [-1.7185, 48.0099], [-1.7193, 48.0098], [-1.7194, 48.0089], [-1.7192, 48.0089], [-1.7187, 48.0086], [-1.7185, 48.0085], [-1.7183, 48.0085], [-1.7182, 48.0083], [-1.7184, 48.0081], [-1.7185, 48.0079], [-1.7188, 48.0077], [-1.7191, 48.0073], [-1.7195, 48.0072], [-1.7201, 48.0073], [-1.7218, 48.008], [-1.7221, 48.0086], [-1.7239, 48.0102], [-1.7237, 48.0105], [-1.7245, 48.0106], [-1.7248, 48.0119], [-1.7267, 48.0118], [-1.7292, 48.012], [-1.7304, 48.012], [-1.7306, 48.0104], [-1.7315, 48.0097], [-1.7319, 48.0096], [-1.7319, 48.0095], [-1.7316, 48.0088], [-1.7334, 48.0084], [-1.7338, 48.007], [-1.7341, 48.007], [-1.7357, 48.0067], [-1.7362, 48.0065], [-1.7362, 48.0057], [-1.7371, 48.0056], [-1.7375, 48.0055], [-1.7373, 48.0042], [-1.7369, 48.0031], [-1.7364, 48.0031], [-1.7357, 48.0016], [-1.7354, 48.0015], [-1.7351, 47.9999], [-1.7349, 47.9999], [-1.7347, 47.9991], [-1.7349, 47.9987], [-1.7353, 47.9948], [-1.7356, 47.9938], [-1.7361, 47.9934], [-1.7367, 47.9931], [-1.7377, 47.9929], [-1.7384, 47.9922], [-1.7384, 47.9919], [-1.7382, 47.9906], [-1.7383, 47.99], [-1.7386, 47.9897], [-1.7393, 47.9895], [-1.7394, 47.9864], [-1.7401, 47.9849], [-1.7403, 47.9841], [-1.7403, 47.9833], [-1.7398, 47.9829], [-1.7396, 47.9824], [-1.7395, 47.9822], [-1.7412, 47.9808], [-1.7426, 47.9812], [-1.7442, 47.9812], [-1.7442, 47.9822], [-1.7443, 47.9822], [-1.7459, 47.9818], [-1.7469, 47.9818], [-1.7479, 47.9816], [-1.7507, 47.9802], [-1.7532, 47.9795]]]]}, "geometry_name": "the_geom", "properties": {"CODE_DEP": "35", "CODE_COM": "35047", "NOM_COM": "Bruz", "AGGLO": "Rennes Métropole", "LS_RP_SRU": 19.12, "EXEMPTION": "10 - 20%", "ANNEE": "2023/01/01"}}, {"type": "Feature", "id": "l_article_302_5_cch.45", "geometry": {"type": "MultiPolygon", "coordinates": [[[[-1.625, 48.1549], [-1.6249, 48.1549], [-1.6242, 48.155], [-1.6232, 48.1554], [-1.6222, 48.1555], [-1.6214, 48.1554], [-1.6203, 48.1554], [-1.6195, 48.1556], [-1.6189, 48.1557], [-1.6186, 48.156], [-1.618, 48.1574], [-1.6175, 48.1579], [-1.6172, 48.158], [-1.617, 48.1586], [-1.6165, 48.1589], [-1.6149, 48.1596], [-1.6142, 48.1597], [-1.6131, 48.1598], [-1.6126, 48.1601], [-1.6125, 48.1602], [-1.6122, 48.1602], [-1.6113, 48.1597], [-1.6103, 48.1588], [-1.6094, 48.1578], [-1.6086, 48.1579], [-1.6074, 48.1581], [-1.6066, 48.1581], [-1.6063, 48.158], [-1.6054, 48.158], [-1.6049, 48.1583], [-1.6046, 48.1585], [-1.604, 48.1585], [-1.6025, 48.1581], [-1.5996, 48.158], [-1.5981, 48.1573], [-1.5964, 48.1569], [-1.595, 48.1566], [-1.5941, 48.1563], [-1.5938, 48.1561], [-1.5932, 48.1552], [-1.5926, 48.1548], [-1.5904, 48.154], [-1.5904, 48.1538], [-1.5912, 48.1533], [-1.593, 48.1527], [-1.5929, 48.1526], [-1.592, 48.1525], [-1.5917, 48.1524], [-1.5915, 48.1523], [-1.5909, 48.1516], [-1.5906, 48.1514], [-1.5902, 48.1513], [-1.589, 48.1503], [-1.5888, 48.15], [-1.5879, 48.1492], [-1.5881, 48.1491], [-1.5902, 48.148], [-1.5907, 48.1477], [-1.5931, 48.1467], [-1.5934, 48.1464], [-1.5933, 48.1462], [-1.592, 48.1453], [-1.5915, 48.1446], [-1.5912, 48.144], [-1.5905, 48.1434], [-1.5897, 48.1431], [-1.5881, 48.1429], [-1.5871, 48.1429], [-1.5864, 48.1427], [-1.5861, 48.1424], [-1.5858, 48.1418], [-1.5854, 48.1415], [-1.5858, 48.1412], [-1.5861, 48.1413], [-1.5862, 48.1414], [-1.5866, 48.1413], [-1.5874, 48.1408], [-1.5882, 48.1408], [-1.5893, 48.1404], [-1.5894, 48.1404], [-1.5896, 48.1406], [-1.5901, 48.1406], [-1.5912, 48.1402], [-1.5916, 48.1401], [-1.5915, 48.1395], [-1.5912, 48.139], [-1.5906, 48.139], [-1.5906, 48.1382], [-1.5904, 48.1378], [-1.5903, 48.1373], [-1.5902, 48.137], [-1.59, 48.1366], [-1.5908, 48.1362], [-1.595, 48.1335], [-1.5953, 48.1334], [-1.5963, 48.1327], [-1.5967, 48.1321], [-1.5971, 48.1297], [-1.5968, 48.129], [-1.5963, 48.1284], [-1.595, 48.1275], [-1.5938, 48.127], [-1.5925, 48.127], [-1.592, 48.1278], [-1.591, 48.1275], [-1.5909, 48.1278], [-1.5891, 48.1277], [-1.5889, 48.1286], [-1.5888, 48.1292], [-1.5881, 48.1303], [-1.5879, 48.1305], [-1.5877, 48.1311], [-1.5875, 48.132], [-1.5868, 48.1328], [-1.5864, 48.1338], [-1.5866, 48.1352], [-1.5867, 48.1358], [-1.5865, 48.1362], [-1.5859, 48.1368], [-1.5847, 48.1378], [-1.5826, 48.1382], [-1.5811, 48.1383], [-1.5806, 48.1386], [-1.5805, 48.1388], [-1.5802, 48.1388], [-1.5794, 48.1381], [-1.5791, 48.138], [-1.5782, 48.1381], [-1.5774, 48.1384], [-1.5771, 48.1387], [-1.5768, 48.1391], [-1.5766, 48.1392], [-1.5753, 48.1392], [-1.5742, 48.139], [-1.5732, 48.1385], [-1.5722, 48.138], [-1.5712, 48.1371], [-1.5705, 48.136], [-1.5697, 48.1344], [-1.5696, 48.1339], [-1.5699, 48.1336], [-1.5713, 48.1325], [-1.5713, 48.132], [-1.5703, 48.1306], [-1.5702, 48.1301], [-1.5704, 48.1278], [-1.5701, 48.1265], [-1.5695, 48.1259], [-1.5685, 48.1252], [-1.5678, 48.1248], [-1.5676, 48.1248], [-1.5673, 48.1247], [-1.5658, 48.1245], [-1.565, 48.1242], [-1.5634, 48.1238], [-1.5628, 48.1234], [-1.5624, 48.1229], [-1.562, 48.1228], [-1.5613, 48.1229], [-1.5585, 48.1236], [-1.5573, 48.1236], [-1.5568, 48.1235], [-1.5562, 48.1231], [-1.556, 48.1226], [-1.557, 48.1205], [-1.5569, 48.1198], [-1.5565, 48.1193], [-1.5558, 48.1189], [-1.5553, 48.1188], [-1.5545, 48.1188], [-1.554, 48.1189], [-1.5534, 48.1197], [-1.552, 48.1203], [-1.5515, 48.1205], [-1.5508, 48.1199], [-1.5504, 48.1195], [-1.5505, 48.1191], [-1.5509, 48.1185], [-1.5514, 48.1182], [-1.5515, 48.1176], [-1.5519, 48.1173], [-1.5522, 48.1168], [-1.5522, 48.1164], [-1.552, 48.1157], [-1.5517, 48.1155], [-1.5507, 48.1154], [-1.5505, 48.1152], [-1.5506, 48.1149], [-1.5508, 48.1136], [-1.5508, 48.1134], [-1.5512, 48.1134], [-1.5514, 48.1129], [-1.5514, 48.1122], [-1.5514, 48.112], [-1.5505, 48.1119], [-1.5507, 48.1108], [-1.5508, 48.1104], [-1.5518, 48.1104], [-1.5524, 48.1103], [-1.5527, 48.1099], [-1.5537, 48.1099], [-1.5541, 48.1096], [-1.554, 48.1093], [-1.5525, 48.1082], [-1.5521, 48.1077], [-1.5521, 48.1071], [-1.5524, 48.1068], [-1.5534, 48.1067], [-1.5548, 48.1068], [-1.5558, 48.1068], [-1.556, 48.1067], [-1.5567, 48.1047], [-1.5569, 48.1022], [-1.5567, 48.1021], [-1.5568, 48.1014], [-1.5566, 48.1006], [-1.5564, 48.1], [-1.5562, 48.0996], [-1.5565, 48.0986], [-1.5564, 48.0981], [-1.5569, 48.0975], [-1.5574, 48.0965], [-1.558, 48.096], [-1.5586, 48.0959], [-1.5595, 48.0955], [-1.5609, 48.0944], [-1.5616, 48.094], [-1.5627, 48.0929], [-1.5629, 48.0924], [-1.5632, 48.0922], [-1.5643, 48.0921], [-1.5665, 48.0925], [-1.5684, 48.0924], [-1.5686, 48.0924], [-1.5693, 48.0922], [-1.5697, 48.0921], [-1.5702, 48.0922], [-1.5725, 48.0924], [-1.5731, 48.0926], [-1.5735, 48.0929], [-1.5747, 48.0929], [-1.5764, 48.0927], [-1.5767, 48.0926], [-1.5776, 48.092], [-1.5825, 48.0923], [-1.5825, 48.0903], [-1.5826, 48.09], [-1.5829, 48.09], [-1.5844, 48.0901], [-1.5877, 48.09], [-1.5893, 48.0896], [-1.5897, 48.0896], [-1.5902, 48.0894], [-1.5909, 48.0893], [-1.591, 48.0899], [-1.5916, 48.0899], [-1.5918, 48.0905], [-1.5928, 48.0905], [-1.5932, 48.0905], [-1.5954, 48.0905], [-1.5968, 48.0904], [-1.5969, 48.0886], [-1.5968, 48.0874], [-1.5969, 48.0867], [-1.5973, 48.0867], [-1.6054, 48.088], [-1.6058, 48.091], [-1.606, 48.0916], [-1.6062, 48.0916], [-1.6071, 48.0937], [-1.6094, 48.095], [-1.6103, 48.0954], [-1.611, 48.0955], [-1.6134, 48.0957], [-1.6136, 48.0957], [-1.6137, 48.096], [-1.6134, 48.0965], [-1.6126, 48.0972], [-1.6125, 48.0974], [-1.6136, 48.0974], [-1.614, 48.0975], [-1.6141, 48.0979], [-1.6139, 48.0986], [-1.6136, 48.099], [-1.614, 48.099], [-1.6151, 48.0989], [-1.6154, 48.099], [-1.6163, 48.0992], [-1.6169, 48.0991], [-1.6199, 48.0992], [-1.6207, 48.0992], [-1.6207, 48.0994], [-1.6216, 48.0994], [-1.6216, 48.0998], [-1.6221, 48.0999], [-1.6222, 48.0996], [-1.6235, 48.0997], [-1.6246, 48.0998], [-1.6255, 48.1002], [-1.6283, 48.1013], [-1.6286, 48.1014], [-1.6298, 48.1016], [-1.6302, 48.1015], [-1.6312, 48.102], [-1.6321, 48.1025], [-1.6329, 48.1028], [-1.6337, 48.1043], [-1.6346, 48.1057], [-1.6347, 48.1067], [-1.6347, 48.1069], [-1.6337, 48.1072], [-1.6335, 48.1073], [-1.6339, 48.1105], [-1.6349, 48.1115], [-1.6371, 48.1139], [-1.6371, 48.114], [-1.6342, 48.114], [-1.6341, 48.114], [-1.632, 48.118], [-1.6315, 48.1201], [-1.6309, 48.1207], [-1.6291, 48.1219], [-1.6285, 48.1225], [-1.6284, 48.1239], [-1.6281, 48.1245], [-1.628, 48.1253], [-1.6286, 48.1264], [-1.6287, 48.1272], [-1.6293, 48.1281], [-1.6311, 48.13], [-1.6329, 48.1316], [-1.6332, 48.1326], [-1.6334, 48.1327], [-1.6345, 48.1322], [-1.6349, 48.1322], [-1.6351, 48.1324], [-1.6356, 48.1333], [-1.6356, 48.1339], [-1.6356, 48.1341], [-1.6358, 48.1342], [-1.6363, 48.1346], [-1.6366, 48.1353], [-1.6366, 48.1356], [-1.6338, 48.1389], [-1.633, 48.1394], [-1.632, 48.1404], [-1.6297, 48.145], [-1.6294, 48.1454], [-1.6284, 48.1457], [-1.6276, 48.1458], [-1.6267, 48.1457], [-1.625, 48.1457], [-1.6248, 48.1462], [-1.6244, 48.1484], [-1.625, 48.1549]]]]}, "geometry_name": "the_geom", "properties": {"CODE_DEP": "35", "CODE_COM": "35051", "NOM_COM": "Cesson-Sévigné", "AGGLO": "Rennes Métropole", "LS_RP_SRU": 23.07, "EXEMPTION": "> 20%", "ANNEE": "2023/01/01"}}, {"type": "Feature", "id": "l_article_302_5_cch.46", "geometry": {"type": "MultiPolygon", "coordinates": [[[[-1.6401, 48.0659], [-1.6401, 48.0659], [-1.6397, 48.0665], [-1.6427, 48.0672], [-1.6428, 48.0674], [-1.6426, 48.0682], [-1.6423, 48.0697], [-1.6418, 48.0712], [-1.6418, 48.0713], [-1.6429, 48.0714], [-1.6432, 48.0707], [-1.6479, 48.0707], [-1.6483, 48.0736], [-1.6482, 48.0741], [-1.648, 48.0743], [-1.6481, 48.0757], [-1.648, 48.0765], [-1.6481, 48.0773], [-1.6489, 48.0789], [-1.6496, 48.0799], [-1.6487, 48.08], [-1.6475, 48.0798], [-1.6468, 48.0799], [-1.6465, 48.08], [-1.6455, 48.0799], [-1.6447, 48.0803], [-1.6445, 48.0806], [-1.6446, 48.0808], [-1.6445, 48.0809], [-1.6439, 48.0811], [-1.6435, 48.0814], [-1.6431, 48.0815], [-1.6419, 48.0815], [-1.6411, 48.0814], [-1.6409, 48.0817], [-1.641, 48.0819], [-1.6412, 48.0821], [-1.6411, 48.0823], [-1.6401, 48.0826], [-1.6386, 48.0827], [-1.6381, 48.0829], [-1.6379, 48.0833], [-1.6379, 48.084], [-1.6376, 48.0843], [-1.637, 48.0844], [-1.6361, 48.084], [-1.6358, 48.084], [-1.6357, 48.0845], [-1.6357, 48.0854], [-1.6353, 48.086], [-1.6347, 48.0866], [-1.6338, 48.087], [-1.6332, 48.0871], [-1.6324, 48.0871], [-1.6313, 48.087], [-1.6307, 48.0871], [-1.6292, 48.0879], [-1.6277, 48.0888], [-1.6275, 48.0893], [-1.6278, 48.0898], [-1.6277, 48.0902], [-1.6274, 48.0906], [-1.627, 48.0908], [-1.6268, 48.0911], [-1.6266, 48.0922], [-1.6258, 48.0939], [-1.6257, 48.0964], [-1.6255, 48.0978], [-1.6249, 48.0994], [-1.6246, 48.0998], [-1.6235, 48.0997], [-1.6222, 48.0996], [-1.6221, 48.0999], [-1.6216, 48.0998], [-1.6216, 48.0994], [-1.6207, 48.0994], [-1.6207, 48.0992], [-1.6199, 48.0992], [-1.6169, 48.0991], [-1.6163, 48.0992], [-1.6154, 48.099], [-1.6151, 48.0989], [-1.614, 48.099], [-1.6136, 48.099], [-1.6139, 48.0986], [-1.6141, 48.0979], [-1.614, 48.0975], [-1.6136, 48.0974], [-1.6125, 48.0974], [-1.6126, 48.0972], [-1.6134, 48.0965], [-1.6137, 48.096], [-1.6136, 48.0957], [-1.6134, 48.0957], [-1.611, 48.0955], [-1.6103, 48.0954], [-1.6094, 48.095], [-1.6071, 48.0937], [-1.6062, 48.0916], [-1.606, 48.0916], [-1.6058, 48.091], [-1.6054, 48.088], [-1.5973, 48.0867], [-1.5969, 48.0867], [-1.5968, 48.0874], [-1.5969, 48.0886], [-1.5968, 48.0904], [-1.5954, 48.0905], [-1.5932, 48.0905], [-1.5928, 48.0905], [-1.5918, 48.0905], [-1.5916, 48.0899], [-1.591, 48.0899], [-1.5909, 48.0893], [-1.5902, 48.0894], [-1.5897, 48.0896], [-1.5893, 48.0896], [-1.5877, 48.09], [-1.5844, 48.0901], [-1.5829, 48.09], [-1.5826, 48.09], [-1.5825, 48.0903], [-1.5825, 48.0923], [-1.5776, 48.092], [-1.5767, 48.0926], [-1.5764, 48.0927], [-1.5747, 48.0929], [-1.5735, 48.0929], [-1.5731, 48.0926], [-1.5725, 48.0924], [-1.5702, 48.0922], [-1.5697, 48.0921], [-1.5693, 48.0922], [-1.5686, 48.0924], [-1.5684, 48.0924], [-1.5683, 48.0922], [-1.568, 48.0918], [-1.5681, 48.0914], [-1.5687, 48.0909], [-1.5688, 48.0904], [-1.5691, 48.09], [-1.5691, 48.0898], [-1.5686, 48.0888], [-1.5684, 48.0884], [-1.5677, 48.088], [-1.5669, 48.0878], [-1.5648, 48.0878], [-1.5641, 48.0854], [-1.5637, 48.0847], [-1.5635, 48.084], [-1.5641, 48.082], [-1.564, 48.0803], [-1.5649, 48.0803], [-1.5662, 48.0803], [-1.5669, 48.0801], [-1.5672, 48.0797], [-1.5676, 48.0789], [-1.5677, 48.0782], [-1.5675, 48.0777], [-1.5674, 48.0771], [-1.5685, 48.0764], [-1.569, 48.0758], [-1.5694, 48.0753], [-1.5694, 48.0747], [-1.5689, 48.0733], [-1.5686, 48.0713], [-1.5687, 48.0697], [-1.5689, 48.0693], [-1.5704, 48.0683], [-1.5709, 48.0681], [-1.5714, 48.0682], [-1.572, 48.0685], [-1.5727, 48.0687], [-1.5738, 48.0691], [-1.5743, 48.0691], [-1.5747, 48.0688], [-1.5749, 48.0675], [-1.5756, 48.0664], [-1.5758, 48.0664], [-1.5774, 48.0672], [-1.5788, 48.0678], [-1.5796, 48.0682], [-1.5843, 48.0695], [-1.5848, 48.0696], [-1.5857, 48.07], [-1.5864, 48.0702], [-1.5872, 48.0704], [-1.5881, 48.0709], [-1.5912, 48.072], [-1.5948, 48.0731], [-1.5951, 48.0734], [-1.5959, 48.0737], [-1.6012, 48.0765], [-1.6023, 48.0769], [-1.606, 48.0775], [-1.6064, 48.0771], [-1.6059, 48.0761], [-1.6067, 48.0757], [-1.6069, 48.0762], [-1.6108, 48.0767], [-1.6109, 48.0775], [-1.6117, 48.0776], [-1.6114, 48.0786], [-1.6129, 48.0788], [-1.6136, 48.0791], [-1.6144, 48.0786], [-1.6156, 48.0786], [-1.6161, 48.079], [-1.6181, 48.0796], [-1.619, 48.0796], [-1.6195, 48.0793], [-1.62, 48.0791], [-1.6202, 48.0786], [-1.6206, 48.0783], [-1.6207, 48.0781], [-1.6214, 48.0783], [-1.6219, 48.0782], [-1.6233, 48.0789], [-1.6239, 48.0789], [-1.6254, 48.0785], [-1.6275, 48.0781], [-1.6291, 48.0771], [-1.6304, 48.0772], [-1.6319, 48.0769], [-1.6313, 48.076], [-1.631, 48.0754], [-1.6309, 48.0742], [-1.6307, 48.0737], [-1.63, 48.0731], [-1.6299, 48.0727], [-1.6299, 48.0721], [-1.6299, 48.0712], [-1.63, 48.0703], [-1.6309, 48.0682], [-1.631, 48.068], [-1.632, 48.0678], [-1.632, 48.0674], [-1.635, 48.0673], [-1.6352, 48.0674], [-1.6358, 48.0676], [-1.6361, 48.0676], [-1.6371, 48.0667], [-1.6381, 48.0665], [-1.6392, 48.0664], [-1.6401, 48.0659]]]]}, "geometry_name": "the_geom", "properties": {"CODE_DEP": "35", "CODE_COM": "35055", "NOM_COM": "Chantepie", "AGGLO": "Rennes Métropole", "LS_RP_SRU": 26.06, "EXEMPTION": "> 20%", "ANNEE": "2023/01/01"}}, {"type": "Feature", "id": "l_article_302_5_cch.47", "geometry": {"type": "MultiPolygon", "coordinates": [[[[-1.7351, 48.1653], [-1.7357, 48.1656], [-1.7377, 48.1662], [-1.7382, 48.1663], [-1.7387, 48.1661], [-1.7407, 48.165], [-1.7418, 48.1641], [-1.7424, 48.1638], [-1.7426, 48.1631], [-1.7424, 48.162], [-1.7429, 48.1616], [-1.7442, 48.1613], [-1.7455, 48.1612], [-1.7457, 48.1614], [-1.7462, 48.1621], [-1.7465, 48.1622], [-1.7477, 48.1625], [-1.7491, 48.1624], [-1.7498, 48.1627], [-1.7508, 48.1628], [-1.7534, 48.1636], [-1.7539, 48.1636], [-1.7547, 48.1632], [-1.7554, 48.1631], [-1.7558, 48.1633], [-1.7565, 48.164], [-1.7568, 48.164], [-1.7574, 48.1642], [-1.7598, 48.166], [-1.7617, 48.1664], [-1.7611, 48.1682], [-1.7613, 48.1685], [-1.7631, 48.1695], [-1.763, 48.1698], [-1.7606, 48.1717], [-1.7601, 48.1725], [-1.7602, 48.1736], [-1.7601, 48.174], [-1.7599, 48.1741], [-1.7597, 48.1743], [-1.7596, 48.1749], [-1.76, 48.1754], [-1.7601, 48.1763], [-1.761, 48.1764], [-1.7609, 48.1767], [-1.7609, 48.1773], [-1.7615, 48.1798], [-1.7623, 48.182], [-1.7628, 48.1836], [-1.7629, 48.1838], [-1.763, 48.1842], [-1.7628, 48.1844], [-1.7624, 48.1846], [-1.7616, 48.1853], [-1.7615, 48.1857], [-1.7616, 48.1866], [-1.7599, 48.1867], [-1.7587, 48.187], [-1.7574, 48.1876], [-1.757, 48.1879], [-1.7564, 48.1879], [-1.7559, 48.189], [-1.7553, 48.1897], [-1.7547, 48.1907], [-1.7536, 48.1905], [-1.7533, 48.1903], [-1.753, 48.1904], [-1.7512, 48.1908], [-1.7511, 48.1911], [-1.7509, 48.1914], [-1.7502, 48.1913], [-1.7501, 48.1924], [-1.7488, 48.1924], [-1.7486, 48.1924], [-1.7485, 48.1928], [-1.7487, 48.1938], [-1.7482, 48.194], [-1.7472, 48.1944], [-1.7468, 48.1945], [-1.7441, 48.1928], [-1.7438, 48.1927], [-1.7403, 48.1908], [-1.7401, 48.1908], [-1.7396, 48.1914], [-1.7389, 48.1915], [-1.7377, 48.1915], [-1.7375, 48.1917], [-1.7375, 48.1923], [-1.7318, 48.1924], [-1.7298, 48.1927], [-1.7282, 48.1899], [-1.7274, 48.1885], [-1.7268, 48.1875], [-1.7249, 48.1841], [-1.7239, 48.182], [-1.7237, 48.1813], [-1.7235, 48.1808], [-1.7227, 48.1782], [-1.7223, 48.1773], [-1.7216, 48.1749], [-1.7214, 48.1739], [-1.7204, 48.172], [-1.718, 48.1683], [-1.716, 48.1659], [-1.7149, 48.1649], [-1.7133, 48.1631], [-1.7118, 48.1611], [-1.7117, 48.1608], [-1.712, 48.1607], [-1.7141, 48.1613], [-1.7143, 48.1627], [-1.7155, 48.1628], [-1.7157, 48.1633], [-1.7169, 48.1648], [-1.7166, 48.165], [-1.7171, 48.1653], [-1.7181, 48.1647], [-1.7188, 48.1645], [-1.719, 48.1651], [-1.72, 48.1646], [-1.7208, 48.1642], [-1.7213, 48.1647], [-1.7222, 48.1653], [-1.7225, 48.1653], [-1.7247, 48.1648], [-1.7249, 48.1651], [-1.7245, 48.1653], [-1.7249, 48.166], [-1.7259, 48.166], [-1.7257, 48.1656], [-1.7279, 48.1654], [-1.7286, 48.1653], [-1.7286, 48.1655], [-1.7297, 48.1662], [-1.7309, 48.1669], [-1.7314, 48.1669], [-1.7331, 48.1663], [-1.7351, 48.1653]]]]}, "geometry_name": "the_geom", "properties": {"CODE_DEP": "35", "CODE_COM": "35059", "NOM_COM": "La Chapelle-des-Fougeretz", "AGGLO": "Rennes Métropole", "LS_RP_SRU": 20.44, "EXEMPTION": "> 20%", "ANNEE": "2023/01/01"}}, {"type": "Feature", "id": "l_article_302_5_cch.48", "geometry": {"type": "MultiPolygon", "coordinates": [[[[-1.7086, 48.0236], [-1.7088, 48.0237], [-1.7096, 48.0247], [-1.7107, 48.0254], [-1.7103, 48.0257], [-1.7114, 48.0265], [-1.7117, 48.0272], [-1.7114, 48.0278], [-1.7117, 48.028], [-1.7119, 48.0288], [-1.7117, 48.0291], [-1.7125, 48.0295], [-1.7129, 48.03], [-1.7126, 48.0302], [-1.7134, 48.0305], [-1.7147, 48.0313], [-1.7137, 48.0318], [-1.7121, 48.0325], [-1.7131, 48.0328], [-1.7141, 48.0329], [-1.7138, 48.0353], [-1.7153, 48.0353], [-1.7154, 48.0358], [-1.7149, 48.0358], [-1.715, 48.0367], [-1.7164, 48.0365], [-1.7171, 48.0364], [-1.7171, 48.0369], [-1.7169, 48.0372], [-1.7172, 48.038], [-1.7174, 48.0384], [-1.7176, 48.0392], [-1.7176, 48.0399], [-1.7185, 48.0399], [-1.7199, 48.04], [-1.722, 48.0401], [-1.7243, 48.0399], [-1.7254, 48.0397], [-1.7263, 48.0396], [-1.7269, 48.041], [-1.728, 48.0408], [-1.7286, 48.0409], [-1.7291, 48.0412], [-1.7294, 48.0417], [-1.7294, 48.0421], [-1.7287, 48.0434], [-1.729, 48.0444], [-1.7304, 48.0469], [-1.7291, 48.0475], [-1.7294, 48.0483], [-1.7289, 48.0502], [-1.729, 48.0526], [-1.7293, 48.0542], [-1.7285, 48.0551], [-1.7279, 48.0553], [-1.7274, 48.0564], [-1.7279, 48.0568], [-1.7275, 48.0574], [-1.7266, 48.0576], [-1.7272, 48.0582], [-1.7281, 48.0585], [-1.7281, 48.0586], [-1.7277, 48.0589], [-1.7263, 48.0591], [-1.7252, 48.0595], [-1.7247, 48.0599], [-1.7245, 48.06], [-1.7238, 48.0603], [-1.7238, 48.0605], [-1.7213, 48.0608], [-1.7195, 48.0624], [-1.7194, 48.0625], [-1.7191, 48.0625], [-1.7183, 48.0622], [-1.7176, 48.0621], [-1.7171, 48.0627], [-1.717, 48.0634], [-1.7163, 48.0636], [-1.716, 48.0645], [-1.7152, 48.0649], [-1.7145, 48.0654], [-1.7143, 48.0655], [-1.7133, 48.0655], [-1.7121, 48.0653], [-1.7116, 48.0653], [-1.7106, 48.0658], [-1.7099, 48.0664], [-1.7097, 48.0667], [-1.7093, 48.0671], [-1.7072, 48.0659], [-1.7062, 48.0647], [-1.7037, 48.0639], [-1.7025, 48.0638], [-1.6998, 48.0626], [-1.6996, 48.0626], [-1.6997, 48.0622], [-1.7006, 48.0599], [-1.7013, 48.059], [-1.702, 48.0591], [-1.7024, 48.0587], [-1.7042, 48.0562], [-1.7049, 48.0548], [-1.705, 48.054], [-1.7054, 48.0529], [-1.705, 48.0526], [-1.7037, 48.0522], [-1.7029, 48.0521], [-1.7027, 48.0516], [-1.7011, 48.0516], [-1.7011, 48.0518], [-1.6996, 48.0519], [-1.6987, 48.0518], [-1.6976, 48.0517], [-1.6968, 48.0516], [-1.6958, 48.0515], [-1.695, 48.0509], [-1.6945, 48.0507], [-1.6889, 48.0495], [-1.684, 48.0484], [-1.6836, 48.0484], [-1.6831, 48.0486], [-1.6828, 48.0486], [-1.6806, 48.0468], [-1.6803, 48.0466], [-1.6791, 48.0458], [-1.6784, 48.0452], [-1.6781, 48.0447], [-1.6773, 48.0441], [-1.678, 48.0437], [-1.6788, 48.0429], [-1.6789, 48.0424], [-1.679, 48.0419], [-1.6793, 48.0415], [-1.6801, 48.0413], [-1.6805, 48.041], [-1.681, 48.0408], [-1.6827, 48.0408], [-1.6832, 48.0405], [-1.6844, 48.0403], [-1.6847, 48.0401], [-1.6847, 48.0397], [-1.6842, 48.0393], [-1.684, 48.0377], [-1.6838, 48.0372], [-1.6835, 48.0372], [-1.6828, 48.0362], [-1.6839, 48.0359], [-1.6832, 48.0347], [-1.6836, 48.0344], [-1.6847, 48.0339], [-1.6855, 48.0338], [-1.6858, 48.0339], [-1.6864, 48.0341], [-1.6871, 48.0341], [-1.6873, 48.0341], [-1.6886, 48.0341], [-1.6893, 48.034], [-1.6899, 48.0336], [-1.6903, 48.0333], [-1.6902, 48.0326], [-1.6903, 48.0323], [-1.691, 48.0319], [-1.6913, 48.0316], [-1.6913, 48.0313], [-1.6907, 48.0309], [-1.6907, 48.0308], [-1.6908, 48.0305], [-1.6911, 48.0303], [-1.6922, 48.0302], [-1.6926, 48.0299], [-1.6925, 48.0294], [-1.6923, 48.029], [-1.6922, 48.0287], [-1.6924, 48.0285], [-1.693, 48.0285], [-1.694, 48.0286], [-1.6941, 48.0285], [-1.6941, 48.0284], [-1.6937, 48.028], [-1.6937, 48.0277], [-1.6938, 48.0274], [-1.695, 48.0272], [-1.6969, 48.0269], [-1.6973, 48.0266], [-1.6973, 48.0257], [-1.6976, 48.0255], [-1.698, 48.0252], [-1.699, 48.0251], [-1.7009, 48.0256], [-1.7019, 48.0255], [-1.7026, 48.0254], [-1.7031, 48.0252], [-1.7039, 48.0249], [-1.7058, 48.0237], [-1.7061, 48.0234], [-1.7077, 48.0231], [-1.7082, 48.0231], [-1.7086, 48.0235], [-1.7086, 48.0236]]]]}, "geometry_name": "the_geom", "properties": {"CODE_DEP": "35", "CODE_COM": "35066", "NOM_COM": "Chartres-de-Bretagne", "AGGLO": "Rennes Métropole", "LS_RP_SRU": 22.06, "EXEMPTION": "> 20%", "ANNEE": "2023/01/01"}}, {"type": "Feature", "id": "l_article_302_5_cch.49", "geometry": {"type": "MultiPolygon", "coordinates": [[[[-1.4334, 48.0944], [-1.4339, 48.0963], [-1.434, 48.0968], [-1.4341, 48.0971], [-1.4344, 48.0983], [-1.4344, 48.0984], [-1.4356, 48.0985], [-1.4397, 48.0986], [-1.4398, 48.099], [-1.4401, 48.0991], [-1.44, 48.1015], [-1.4405, 48.1016], [-1.4405, 48.1017], [-1.4389, 48.1024], [-1.4378, 48.1028], [-1.4377, 48.1047], [-1.4377, 48.105], [-1.4379, 48.1053], [-1.438, 48.106], [-1.4385, 48.107], [-1.439, 48.1076], [-1.4393, 48.1077], [-1.4399, 48.1084], [-1.4399, 48.1088], [-1.4391, 48.1093], [-1.4384, 48.1096], [-1.4375, 48.1102], [-1.4364, 48.111], [-1.4359, 48.1112], [-1.4353, 48.1112], [-1.4347, 48.111], [-1.4329, 48.1111], [-1.4321, 48.1115], [-1.4315, 48.1117], [-1.4307, 48.1117], [-1.4306, 48.1119], [-1.4305, 48.1125], [-1.4299, 48.1129], [-1.4298, 48.1134], [-1.4301, 48.1138], [-1.4309, 48.1145], [-1.4313, 48.115], [-1.4312, 48.1154], [-1.4306, 48.1159], [-1.4303, 48.1164], [-1.4319, 48.117], [-1.4323, 48.1172], [-1.432, 48.1176], [-1.4314, 48.1179], [-1.4313, 48.1182], [-1.4317, 48.1187], [-1.4318, 48.1194], [-1.4333, 48.1199], [-1.4337, 48.1201], [-1.4333, 48.1209], [-1.433, 48.1212], [-1.4329, 48.1215], [-1.4326, 48.122], [-1.4326, 48.1225], [-1.4321, 48.1235], [-1.4321, 48.1239], [-1.4322, 48.124], [-1.432, 48.1244], [-1.4319, 48.1248], [-1.4325, 48.125], [-1.4322, 48.1253], [-1.4321, 48.1257], [-1.4324, 48.1261], [-1.4333, 48.1268], [-1.4337, 48.1278], [-1.4347, 48.1286], [-1.4351, 48.1296], [-1.4352, 48.1316], [-1.4354, 48.1319], [-1.4358, 48.1321], [-1.4357, 48.1323], [-1.4358, 48.1336], [-1.4359, 48.1354], [-1.4367, 48.1353], [-1.4371, 48.1353], [-1.4389, 48.1352], [-1.4409, 48.1353], [-1.4409, 48.1359], [-1.4407, 48.1368], [-1.4399, 48.1379], [-1.4392, 48.1379], [-1.4385, 48.1375], [-1.4379, 48.1375], [-1.4371, 48.1373], [-1.4351, 48.1373], [-1.4345, 48.1373], [-1.4346, 48.1382], [-1.4347, 48.1383], [-1.4341, 48.1383], [-1.432, 48.142], [-1.431, 48.1433], [-1.4299, 48.144], [-1.4292, 48.1442], [-1.429, 48.1442], [-1.4292, 48.1431], [-1.4286, 48.1425], [-1.428, 48.1422], [-1.427, 48.1419], [-1.4266, 48.1418], [-1.4264, 48.1418], [-1.4244, 48.1426], [-1.4239, 48.1428], [-1.4206, 48.1451], [-1.4187, 48.1459], [-1.4145, 48.1472], [-1.4139, 48.1473], [-1.412, 48.1466], [-1.4092, 48.147], [-1.4061, 48.1474], [-1.4058, 48.1474], [-1.4053, 48.1471], [-1.4046, 48.1468], [-1.4042, 48.1468], [-1.4043, 48.147], [-1.4055, 48.1486], [-1.4068, 48.1506], [-1.4081, 48.1522], [-1.4088, 48.1531], [-1.409, 48.1535], [-1.41, 48.155], [-1.4056, 48.1562], [-1.4053, 48.1562], [-1.405, 48.156], [-1.4037, 48.1555], [-1.4005, 48.1548], [-1.3952, 48.1532], [-1.3945, 48.1529], [-1.3942, 48.1524], [-1.3932, 48.1508], [-1.3924, 48.15], [-1.3918, 48.1497], [-1.3915, 48.1492], [-1.3909, 48.1489], [-1.3896, 48.1487], [-1.3891, 48.1487], [-1.386, 48.1478], [-1.3849, 48.1473], [-1.3834, 48.1461], [-1.3826, 48.1452], [-1.3818, 48.1444], [-1.3815, 48.1441], [-1.3803, 48.1435], [-1.3794, 48.1432], [-1.3787, 48.1432], [-1.3776, 48.1427], [-1.3749, 48.1414], [-1.3735, 48.1397], [-1.3725, 48.1392], [-1.3722, 48.1391], [-1.3718, 48.1392], [-1.3715, 48.1393], [-1.3712, 48.1393], [-1.371, 48.1382], [-1.3707, 48.1377], [-1.3704, 48.137], [-1.3701, 48.137], [-1.3698, 48.1362], [-1.3699, 48.1361], [-1.3708, 48.1354], [-1.371, 48.1352], [-1.3699, 48.1348], [-1.3698, 48.1346], [-1.3701, 48.1343], [-1.37, 48.1342], [-1.3691, 48.1342], [-1.3686, 48.1335], [-1.3687, 48.133], [-1.3681, 48.1317], [-1.3679, 48.1311], [-1.3672, 48.1306], [-1.3662, 48.1303], [-1.3663, 48.1276], [-1.3664, 48.1274], [-1.3668, 48.1271], [-1.3657, 48.1252], [-1.3662, 48.1245], [-1.3667, 48.1239], [-1.3671, 48.1227], [-1.367, 48.122], [-1.3668, 48.1215], [-1.3667, 48.1212], [-1.3677, 48.1213], [-1.3698, 48.1217], [-1.3703, 48.1216], [-1.3707, 48.1212], [-1.3704, 48.1209], [-1.3705, 48.1202], [-1.3709, 48.1187], [-1.371, 48.1177], [-1.3707, 48.1168], [-1.3699, 48.1158], [-1.3696, 48.1156], [-1.3686, 48.1146], [-1.3684, 48.1142], [-1.3689, 48.1139], [-1.3694, 48.1134], [-1.3695, 48.1129], [-1.3693, 48.112], [-1.3694, 48.1116], [-1.3695, 48.1106], [-1.3693, 48.1102], [-1.3694, 48.1093], [-1.3696, 48.1087], [-1.371, 48.1076], [-1.3715, 48.1071], [-1.372, 48.1066], [-1.3739, 48.1057], [-1.3752, 48.105], [-1.376, 48.1043], [-1.3762, 48.1041], [-1.3762, 48.104], [-1.3772, 48.1036], [-1.3785, 48.1034], [-1.3791, 48.1026], [-1.3798, 48.1021], [-1.381, 48.1017], [-1.382, 48.1016], [-1.3827, 48.1014], [-1.3834, 48.1015], [-1.3841, 48.1015], [-1.385, 48.1013], [-1.3859, 48.1013], [-1.3879, 48.1017], [-1.3893, 48.1016], [-1.3896, 48.1017], [-1.3905, 48.1021], [-1.3912, 48.1023], [-1.392, 48.1023], [-1.3929, 48.1021], [-1.3933, 48.1021], [-1.3942, 48.1014], [-1.3947, 48.1009], [-1.3956, 48.1009], [-1.3955, 48.1007], [-1.3954, 48.1001], [-1.3959, 48.0996], [-1.396, 48.0991], [-1.3958, 48.099], [-1.3957, 48.0987], [-1.396, 48.0984], [-1.3966, 48.0975], [-1.3966, 48.0971], [-1.3959, 48.096], [-1.3951, 48.095], [-1.3943, 48.0945], [-1.3936, 48.0944], [-1.3931, 48.0942], [-1.3927, 48.0939], [-1.3925, 48.0934], [-1.3921, 48.0931], [-1.3911, 48.0926], [-1.3891, 48.0921], [-1.3887, 48.0917], [-1.3886, 48.0914], [-1.3888, 48.0904], [-1.3902, 48.0902], [-1.3932, 48.0898], [-1.3946, 48.0898], [-1.3948, 48.0897], [-1.3958, 48.0892], [-1.3975, 48.0888], [-1.4003, 48.0885], [-1.4008, 48.0871], [-1.4012, 48.0844], [-1.4016, 48.0844], [-1.4023, 48.0845], [-1.4036, 48.0844], [-1.4053, 48.0843], [-1.4082, 48.0847], [-1.4097, 48.0847], [-1.4107, 48.0848], [-1.4124, 48.0851], [-1.4125, 48.0855], [-1.4135, 48.0857], [-1.4163, 48.0862], [-1.418, 48.0865], [-1.4189, 48.087], [-1.4214, 48.0886], [-1.4224, 48.0891], [-1.423, 48.0891], [-1.4234, 48.0896], [-1.4244, 48.0903], [-1.4248, 48.0908], [-1.425, 48.0915], [-1.4251, 48.0917], [-1.4257, 48.092], [-1.4263, 48.0921], [-1.4278, 48.0924], [-1.4284, 48.0928], [-1.4287, 48.0929], [-1.4288, 48.0927], [-1.4296, 48.0921], [-1.4307, 48.0918], [-1.431, 48.0916], [-1.4314, 48.0914], [-1.4321, 48.0928], [-1.4326, 48.0929], [-1.4333, 48.0944], [-1.4334, 48.0944]]]]}, "geometry_name": "the_geom", "properties": {"CODE_DEP": "35", "CODE_COM": "35068", "NOM_COM": "Châteaubourg", "AGGLO": "CA Vitré Communauté", "LS_RP_SRU": 14.01, "EXEMPTION": "10 - 20%", "ANNEE": "2023/01/01"}}, {"type": "Feature", "id": "l_article_302_5_cch.50", "geometry": {"type": "MultiPolygon", "coordinates": [[[[-1.8154, 48.0465], [-1.8162, 48.0484], [-1.8165, 48.0492], [-1.8168, 48.0501], [-1.8174, 48.0507], [-1.8178, 48.0509], [-1.8178, 48.0511], [-1.8176, 48.051], [-1.8173, 48.051], [-1.8166, 48.051], [-1.8151, 48.0515], [-1.815, 48.0517], [-1.815, 48.052], [-1.8134, 48.0521], [-1.8133, 48.0525], [-1.813, 48.0529], [-1.8129, 48.0533], [-1.8129, 48.0533], [-1.8133, 48.0534], [-1.8134, 48.0538], [-1.8121, 48.0539], [-1.8116, 48.0545], [-1.8113, 48.0546], [-1.8101, 48.0546], [-1.8098, 48.0548], [-1.8091, 48.0548], [-1.8086, 48.0557], [-1.8083, 48.0565], [-1.8082, 48.0568], [-1.808, 48.0574], [-1.8074, 48.0584], [-1.8057, 48.0596], [-1.8055, 48.0598], [-1.8051, 48.0601], [-1.8044, 48.0608], [-1.8037, 48.0618], [-1.8032, 48.0621], [-1.8032, 48.0627], [-1.8034, 48.0632], [-1.8036, 48.0634], [-1.8049, 48.0633], [-1.8057, 48.0636], [-1.8058, 48.0638], [-1.8051, 48.065], [-1.8049, 48.0655], [-1.8036, 48.0658], [-1.8013, 48.0663], [-1.8005, 48.0664], [-1.801, 48.0677], [-1.8009, 48.0682], [-1.8006, 48.0687], [-1.8002, 48.069], [-1.7979, 48.0694], [-1.7955, 48.0697], [-1.7946, 48.0698], [-1.7936, 48.0711], [-1.7935, 48.0731], [-1.7937, 48.0733], [-1.7938, 48.0735], [-1.7938, 48.0736], [-1.7949, 48.0737], [-1.7954, 48.0761], [-1.7964, 48.0781], [-1.7967, 48.0798], [-1.7941, 48.08], [-1.794, 48.0809], [-1.7937, 48.0811], [-1.7922, 48.0814], [-1.7895, 48.0815], [-1.7877, 48.0814], [-1.7872, 48.0813], [-1.7866, 48.0806], [-1.7863, 48.0797], [-1.7857, 48.0792], [-1.7843, 48.0786], [-1.7832, 48.0778], [-1.7827, 48.0776], [-1.7824, 48.0754], [-1.7822, 48.0749], [-1.7786, 48.074], [-1.7782, 48.074], [-1.7779, 48.0742], [-1.7772, 48.0741], [-1.7767, 48.0738], [-1.7763, 48.0735], [-1.7762, 48.0734], [-1.7726, 48.0712], [-1.771, 48.0717], [-1.7685, 48.0707], [-1.7665, 48.0715], [-1.7667, 48.0728], [-1.7658, 48.0728], [-1.7642, 48.0727], [-1.7637, 48.0727], [-1.763, 48.0735], [-1.7626, 48.0735], [-1.7612, 48.0731], [-1.7612, 48.0726], [-1.7604, 48.0725], [-1.7598, 48.0717], [-1.7595, 48.0713], [-1.7597, 48.0708], [-1.7596, 48.0701], [-1.7584, 48.0692], [-1.7581, 48.0684], [-1.7582, 48.0677], [-1.7585, 48.0673], [-1.7594, 48.0666], [-1.7603, 48.0662], [-1.761, 48.066], [-1.7617, 48.0658], [-1.7616, 48.0658], [-1.7618, 48.0658], [-1.7629, 48.065], [-1.7632, 48.0648], [-1.7634, 48.0645], [-1.7635, 48.0642], [-1.7629, 48.0637], [-1.7629, 48.0633], [-1.7641, 48.0625], [-1.7642, 48.0624], [-1.765, 48.0617], [-1.7651, 48.0615], [-1.7655, 48.0611], [-1.7662, 48.0609], [-1.7664, 48.0607], [-1.7666, 48.0599], [-1.7667, 48.0588], [-1.7671, 48.0582], [-1.7677, 48.0578], [-1.7694, 48.0576], [-1.7699, 48.0574], [-1.771, 48.0567], [-1.7715, 48.0555], [-1.7715, 48.0548], [-1.7714, 48.0541], [-1.7714, 48.0534], [-1.7711, 48.0529], [-1.7704, 48.0523], [-1.7696, 48.0511], [-1.769, 48.0507], [-1.7669, 48.0502], [-1.7667, 48.05], [-1.7665, 48.0496], [-1.7666, 48.0492], [-1.7663, 48.0474], [-1.7665, 48.0458], [-1.767, 48.0451], [-1.7679, 48.0443], [-1.7684, 48.0442], [-1.7691, 48.0442], [-1.7704, 48.0444], [-1.7711, 48.0447], [-1.7718, 48.0449], [-1.7722, 48.0448], [-1.7728, 48.0445], [-1.7735, 48.0435], [-1.7743, 48.0429], [-1.7755, 48.0422], [-1.7761, 48.0417], [-1.7762, 48.0411], [-1.7762, 48.0392], [-1.776, 48.0382], [-1.7749, 48.0368], [-1.7749, 48.0364], [-1.7753, 48.0357], [-1.7753, 48.0353], [-1.7751, 48.0352], [-1.774, 48.0346], [-1.7736, 48.0343], [-1.7733, 48.0333], [-1.7731, 48.0321], [-1.7733, 48.0315], [-1.7737, 48.0312], [-1.7744, 48.0309], [-1.7752, 48.0309], [-1.7757, 48.0311], [-1.7763, 48.0311], [-1.7763, 48.0313], [-1.7775, 48.0321], [-1.7782, 48.0329], [-1.7788, 48.0332], [-1.7799, 48.0332], [-1.7812, 48.0333], [-1.7817, 48.0332], [-1.7823, 48.0332], [-1.7828, 48.0335], [-1.7835, 48.0338], [-1.784, 48.0337], [-1.785, 48.0335], [-1.786, 48.0334], [-1.7882, 48.0337], [-1.7898, 48.0337], [-1.7903, 48.0338], [-1.7915, 48.0345], [-1.7925, 48.0353], [-1.7931, 48.0355], [-1.7937, 48.0355], [-1.7942, 48.0352], [-1.7946, 48.0352], [-1.7949, 48.0353], [-1.7954, 48.0363], [-1.7962, 48.0372], [-1.7965, 48.038], [-1.7967, 48.0384], [-1.7973, 48.0387], [-1.7977, 48.0392], [-1.7981, 48.0404], [-1.7982, 48.0411], [-1.7977, 48.0413], [-1.7975, 48.0419], [-1.7975, 48.0427], [-1.7979, 48.0435], [-1.7984, 48.044], [-1.8002, 48.0451], [-1.8024, 48.0463], [-1.8028, 48.0463], [-1.8036, 48.0461], [-1.8044, 48.0463], [-1.8054, 48.0463], [-1.8058, 48.0462], [-1.8066, 48.0457], [-1.8085, 48.0454], [-1.8095, 48.045], [-1.8112, 48.0439], [-1.8119, 48.0439], [-1.8122, 48.0439], [-1.8126, 48.0441], [-1.8128, 48.0444], [-1.8131, 48.0446], [-1.8136, 48.0451], [-1.8137, 48.0459], [-1.8139, 48.0462], [-1.8144, 48.0464], [-1.8154, 48.0465]]]]}, "geometry_name": "the_geom", "properties": {"CODE_DEP": "35", "CODE_COM": "35076", "NOM_COM": "Chavagne", "AGGLO": "Rennes Métropole", "LS_RP_SRU": 18.56, "EXEMPTION": "10 - 20%", "ANNEE": "2023/01/01"}}, {"type": "Feature", "id": "l_article_302_5_cch.51", "geometry": {"type": "MultiPolygon", "coordinates": [[[[-1.6195, 47.9754], [-1.6195, 47.9758], [-1.6187, 47.9763], [-1.6185, 47.9765], [-1.6183, 47.9765], [-1.6176, 47.9766], [-1.6173, 47.9768], [-1.6169, 47.9768], [-1.6164, 47.9766], [-1.6161, 47.9764], [-1.6159, 47.9765], [-1.6141, 47.9775], [-1.6136, 47.9777], [-1.6129, 47.9777], [-1.6128, 47.9776], [-1.6126, 47.9771], [-1.6121, 47.9771], [-1.6118, 47.9772], [-1.6121, 47.9781], [-1.6128, 47.9793], [-1.6135, 47.9806], [-1.6113, 47.9804], [-1.6093, 47.9805], [-1.6076, 47.9806], [-1.6061, 47.9802], [-1.6056, 47.9801], [-1.6047, 47.9802], [-1.6023, 47.9811], [-1.6021, 47.9811], [-1.6016, 47.9806], [-1.6013, 47.9805], [-1.5999, 47.9808], [-1.5989, 47.9809], [-1.5985, 47.9806], [-1.5977, 47.9807], [-1.5971, 47.981], [-1.5969, 47.9812], [-1.5971, 47.9817], [-1.5974, 47.9821], [-1.5975, 47.9827], [-1.5976, 47.9827], [-1.5979, 47.9829], [-1.598, 47.984], [-1.5984, 47.9846], [-1.5985, 47.9853], [-1.5983, 47.9859], [-1.598, 47.9861], [-1.5979, 47.9865], [-1.5979, 47.9867], [-1.5972, 47.9874], [-1.5972, 47.9878], [-1.5969, 47.9882], [-1.5969, 47.9883], [-1.5973, 47.9887], [-1.5973, 47.9889], [-1.5962, 47.989], [-1.596, 47.9895], [-1.5944, 47.9896], [-1.5943, 47.992], [-1.5949, 47.992], [-1.595, 47.9926], [-1.5955, 47.9926], [-1.5983, 47.9941], [-1.5984, 47.9946], [-1.5977, 47.9954], [-1.5974, 47.9956], [-1.5974, 47.9963], [-1.597, 47.9965], [-1.5965, 47.9966], [-1.5961, 47.9965], [-1.5959, 47.9965], [-1.5956, 47.9967], [-1.5948, 47.9967], [-1.5943, 47.9972], [-1.5928, 47.9976], [-1.5921, 47.9979], [-1.5912, 47.9981], [-1.5907, 47.9986], [-1.5902, 47.9996], [-1.5885, 47.9994], [-1.586, 47.9995], [-1.5857, 48.0001], [-1.5846, 47.9999], [-1.582, 47.9993], [-1.5807, 47.9989], [-1.5792, 47.9983], [-1.5782, 47.9979], [-1.5771, 47.9978], [-1.5768, 47.9978], [-1.5762, 48.0004], [-1.5758, 48.0004], [-1.5755, 48.0006], [-1.5751, 48.0007], [-1.5747, 48.0013], [-1.5734, 48.0014], [-1.5721, 48.002], [-1.5714, 48.002], [-1.5707, 48.0018], [-1.5705, 48.0019], [-1.5703, 48.0022], [-1.57, 48.0026], [-1.5697, 48.0032], [-1.5695, 48.0031], [-1.5692, 48.0031], [-1.569, 48.0032], [-1.5689, 48.0036], [-1.5692, 48.0044], [-1.569, 48.0047], [-1.5687, 48.0046], [-1.5684, 48.0044], [-1.5666, 48.0044], [-1.5662, 48.0046], [-1.5657, 48.0053], [-1.565, 48.0056], [-1.5645, 48.0056], [-1.5644, 48.0055], [-1.564, 48.0057], [-1.5632, 48.0057], [-1.562, 48.0056], [-1.5617, 48.0071], [-1.5604, 48.0074], [-1.5591, 48.0078], [-1.558, 48.0079], [-1.5561, 48.0077], [-1.5538, 48.0075], [-1.5522, 48.0074], [-1.5521, 48.0072], [-1.5506, 48.0068], [-1.55, 48.0066], [-1.5489, 48.0066], [-1.545, 48.0064], [-1.5441, 48.0062], [-1.5426, 48.0055], [-1.5401, 48.0049], [-1.5393, 48.0044], [-1.539, 48.0043], [-1.5379, 48.0036], [-1.5367, 48.0033], [-1.5365, 48.0029], [-1.5363, 48.0019], [-1.5337, 48.0019], [-1.5333, 48.0019], [-1.5327, 48.0019], [-1.5328, 48.0028], [-1.5326, 48.0031], [-1.5319, 48.0032], [-1.5313, 48.0034], [-1.5314, 48.0054], [-1.5302, 48.0061], [-1.5291, 48.0061], [-1.5285, 48.006], [-1.528, 48.0064], [-1.5263, 48.0067], [-1.5263, 48.0055], [-1.5266, 48.0031], [-1.5268, 48.0024], [-1.527, 48.0014], [-1.5268, 48.0009], [-1.5263, 48.0006], [-1.5254, 48], [-1.5227, 47.9974], [-1.5223, 47.9969], [-1.5221, 47.9952], [-1.5231, 47.995], [-1.525, 47.9933], [-1.5263, 47.993], [-1.5271, 47.993], [-1.5271, 47.9931], [-1.5276, 47.9932], [-1.5286, 47.9931], [-1.5291, 47.993], [-1.5294, 47.9936], [-1.5301, 47.9942], [-1.5315, 47.9951], [-1.5326, 47.9954], [-1.5334, 47.9953], [-1.5344, 47.9949], [-1.5347, 47.9946], [-1.5343, 47.9934], [-1.5346, 47.9931], [-1.5337, 47.9925], [-1.5328, 47.9921], [-1.5323, 47.9917], [-1.532, 47.9913], [-1.5318, 47.9909], [-1.5308, 47.9905], [-1.5302, 47.9903], [-1.5299, 47.9898], [-1.5299, 47.9892], [-1.5303, 47.9885], [-1.5304, 47.9881], [-1.531, 47.9874], [-1.531, 47.9868], [-1.5313, 47.9862], [-1.5321, 47.9857], [-1.5323, 47.9851], [-1.5348, 47.9851], [-1.5349, 47.9841], [-1.5355, 47.9841], [-1.5361, 47.9829], [-1.5364, 47.9826], [-1.5363, 47.982], [-1.5366, 47.9802], [-1.5368, 47.9798], [-1.537, 47.9788], [-1.5373, 47.9784], [-1.5376, 47.9771], [-1.5379, 47.9765], [-1.5382, 47.9759], [-1.538, 47.9751], [-1.5382, 47.9747], [-1.5382, 47.9743], [-1.5384, 47.9732], [-1.5414, 47.9735], [-1.5415, 47.9733], [-1.5419, 47.9733], [-1.5439, 47.974], [-1.546, 47.9745], [-1.5496, 47.9751], [-1.5508, 47.9756], [-1.5511, 47.9756], [-1.5515, 47.9751], [-1.5518, 47.9751], [-1.5549, 47.9754], [-1.5582, 47.9756], [-1.559, 47.9753], [-1.5597, 47.9749], [-1.5605, 47.9741], [-1.5612, 47.973], [-1.5616, 47.9724], [-1.5619, 47.9723], [-1.5619, 47.9711], [-1.5622, 47.9703], [-1.5623, 47.9695], [-1.5623, 47.9681], [-1.5638, 47.968], [-1.5637, 47.9662], [-1.5638, 47.965], [-1.5644, 47.9638], [-1.5651, 47.9626], [-1.565, 47.961], [-1.565, 47.9591], [-1.5654, 47.9585], [-1.5658, 47.9583], [-1.568, 47.9582], [-1.5684, 47.958], [-1.5684, 47.958], [-1.5689, 47.9577], [-1.571, 47.957], [-1.5733, 47.9567], [-1.5751, 47.9563], [-1.5773, 47.956], [-1.579, 47.9559], [-1.5792, 47.9558], [-1.579, 47.9545], [-1.5791, 47.9543], [-1.5807, 47.954], [-1.5825, 47.954], [-1.5833, 47.9541], [-1.5836, 47.9543], [-1.5847, 47.9547], [-1.5848, 47.9558], [-1.5851, 47.9561], [-1.5854, 47.9561], [-1.5859, 47.9563], [-1.586, 47.9571], [-1.5862, 47.9576], [-1.5872, 47.9576], [-1.5877, 47.9574], [-1.5884, 47.9574], [-1.5892, 47.9577], [-1.5898, 47.9577], [-1.5913, 47.9565], [-1.592, 47.9556], [-1.5922, 47.9556], [-1.5925, 47.9557], [-1.593, 47.9557], [-1.5936, 47.9557], [-1.5939, 47.9555], [-1.5942, 47.9555], [-1.5948, 47.9556], [-1.5952, 47.9556], [-1.5954, 47.9554], [-1.5958, 47.9553], [-1.5959, 47.955], [-1.5957, 47.9548], [-1.5958, 47.9546], [-1.5962, 47.9546], [-1.5964, 47.9542], [-1.5966, 47.9543], [-1.5977, 47.9545], [-1.5996, 47.9542], [-1.5996, 47.9545], [-1.6003, 47.9546], [-1.6021, 47.955], [-1.6032, 47.955], [-1.6038, 47.9551], [-1.6046, 47.9549], [-1.6052, 47.9548], [-1.6067, 47.9568], [-1.6072, 47.9573], [-1.6082, 47.959], [-1.6078, 47.9592], [-1.6072, 47.9593], [-1.6066, 47.9594], [-1.6054, 47.9602], [-1.6049, 47.9604], [-1.6042, 47.9608], [-1.604, 47.9611], [-1.6038, 47.9618], [-1.6044, 47.9632], [-1.6044, 47.9637], [-1.6038, 47.9642], [-1.6037, 47.9649], [-1.6035, 47.965], [-1.6024, 47.9657], [-1.6019, 47.9663], [-1.6018, 47.9671], [-1.602, 47.9698], [-1.6026, 47.9701], [-1.6028, 47.9712], [-1.6035, 47.9716], [-1.6051, 47.9717], [-1.6061, 47.972], [-1.607, 47.9726], [-1.6075, 47.9728], [-1.6089, 47.9728], [-1.6102, 47.9725], [-1.6109, 47.9724], [-1.6112, 47.9725], [-1.6119, 47.9729], [-1.6125, 47.9731], [-1.613, 47.9731], [-1.6136, 47.9729], [-1.6145, 47.9729], [-1.6158, 47.973], [-1.6159, 47.9739], [-1.6178, 47.9749], [-1.6191, 47.9754], [-1.6195, 47.9754]]]]}, "geometry_name": "the_geom", "properties": {"CODE_DEP": "35", "CODE_COM": "35088", "NOM_COM": "Corps-Nuds", "AGGLO": "Rennes Métropole", "LS_RP_SRU": 18.03, "EXEMPTION": "10 - 20%", "ANNEE": "2023/01/01"}}, {"type": "Feature", "id": "l_article_302_5_cch.53", "geometry": {"type": "MultiPolygon", "coordinates": [[[[-1.8251, 48.174], [-1.8248, 48.1742], [-1.8228, 48.1742], [-1.8226, 48.1759], [-1.8226, 48.1769], [-1.823, 48.1772], [-1.8231, 48.1774], [-1.8227, 48.1777], [-1.8223, 48.1785], [-1.8206, 48.1785], [-1.8204, 48.1792], [-1.8207, 48.1794], [-1.8209, 48.1797], [-1.8212, 48.1799], [-1.8212, 48.1801], [-1.8209, 48.1808], [-1.8201, 48.1816], [-1.8191, 48.1822], [-1.8182, 48.1826], [-1.8167, 48.1826], [-1.816, 48.183], [-1.8151, 48.1833], [-1.8137, 48.1838], [-1.8133, 48.1842], [-1.8133, 48.1846], [-1.8147, 48.1871], [-1.8147, 48.1874], [-1.8139, 48.1876], [-1.8137, 48.1877], [-1.8156, 48.1902], [-1.8162, 48.1909], [-1.8167, 48.1916], [-1.8177, 48.1927], [-1.8183, 48.1939], [-1.8184, 48.194], [-1.8192, 48.1954], [-1.8196, 48.1962], [-1.8199, 48.1967], [-1.8198, 48.1974], [-1.8202, 48.1976], [-1.82, 48.1991], [-1.8201, 48.2006], [-1.8203, 48.2015], [-1.8202, 48.2019], [-1.821, 48.2027], [-1.8216, 48.2025], [-1.8222, 48.2025], [-1.8234, 48.2028], [-1.8286, 48.2025], [-1.8294, 48.2028], [-1.8297, 48.2028], [-1.8295, 48.2045], [-1.8283, 48.2067], [-1.8279, 48.2072], [-1.8274, 48.2087], [-1.8269, 48.2107], [-1.8269, 48.2119], [-1.8265, 48.2129], [-1.8271, 48.2162], [-1.827, 48.2164], [-1.8266, 48.2167], [-1.8266, 48.2173], [-1.8254, 48.2176], [-1.8243, 48.2182], [-1.8234, 48.2188], [-1.8244, 48.2194], [-1.8243, 48.2202], [-1.8234, 48.2203], [-1.8227, 48.2213], [-1.8228, 48.222], [-1.8227, 48.2224], [-1.8212, 48.2222], [-1.8202, 48.2223], [-1.8204, 48.224], [-1.8204, 48.2251], [-1.8198, 48.2264], [-1.8195, 48.2269], [-1.8197, 48.2271], [-1.8207, 48.2281], [-1.8214, 48.2284], [-1.8222, 48.2287], [-1.8231, 48.2293], [-1.8233, 48.2298], [-1.8238, 48.2313], [-1.8242, 48.2313], [-1.8256, 48.2305], [-1.8266, 48.2302], [-1.8269, 48.2302], [-1.8268, 48.2308], [-1.8263, 48.2321], [-1.8262, 48.2324], [-1.8279, 48.2322], [-1.8286, 48.232], [-1.8292, 48.2319], [-1.8299, 48.2321], [-1.8307, 48.2355], [-1.831, 48.2355], [-1.8322, 48.2351], [-1.8326, 48.2351], [-1.8353, 48.2362], [-1.8353, 48.237], [-1.8352, 48.2378], [-1.835, 48.2382], [-1.8351, 48.2386], [-1.8354, 48.2389], [-1.8358, 48.2398], [-1.8349, 48.2409], [-1.8349, 48.2416], [-1.8339, 48.2418], [-1.8332, 48.2425], [-1.8322, 48.2433], [-1.8315, 48.2437], [-1.8314, 48.2438], [-1.8311, 48.2439], [-1.831, 48.2442], [-1.831, 48.2445], [-1.8305, 48.2445], [-1.8291, 48.2442], [-1.8281, 48.2443], [-1.8272, 48.2441], [-1.8264, 48.2441], [-1.8257, 48.2438], [-1.825, 48.2438], [-1.8246, 48.2439], [-1.8241, 48.2438], [-1.8236, 48.2436], [-1.8228, 48.2436], [-1.8226, 48.2435], [-1.8222, 48.2444], [-1.8202, 48.2444], [-1.8202, 48.2449], [-1.8205, 48.2455], [-1.8206, 48.2458], [-1.8203, 48.2463], [-1.8198, 48.246], [-1.8193, 48.246], [-1.8181, 48.2459], [-1.8177, 48.2458], [-1.8175, 48.2458], [-1.8174, 48.246], [-1.8155, 48.2459], [-1.815, 48.2459], [-1.8149, 48.2469], [-1.8067, 48.2465], [-1.8046, 48.246], [-1.8037, 48.246], [-1.7982, 48.2454], [-1.7969, 48.2451], [-1.796, 48.245], [-1.7956, 48.2451], [-1.7954, 48.2458], [-1.7946, 48.246], [-1.7942, 48.2459], [-1.7938, 48.2459], [-1.7933, 48.2454], [-1.7932, 48.2453], [-1.7898, 48.2455], [-1.7899, 48.2451], [-1.7902, 48.2448], [-1.7902, 48.2444], [-1.7902, 48.2438], [-1.7907, 48.2429], [-1.7908, 48.2423], [-1.7905, 48.2413], [-1.7898, 48.2403], [-1.7898, 48.2398], [-1.7894, 48.2396], [-1.7861, 48.2396], [-1.7853, 48.2397], [-1.785, 48.24], [-1.7842, 48.24], [-1.784, 48.2402], [-1.7835, 48.2402], [-1.7833, 48.2404], [-1.7827, 48.2405], [-1.7824, 48.2408], [-1.7823, 48.2415], [-1.782, 48.2415], [-1.7818, 48.2413], [-1.7812, 48.2412], [-1.7807, 48.2414], [-1.7806, 48.2419], [-1.78, 48.2419], [-1.779, 48.2418], [-1.7786, 48.2416], [-1.7786, 48.2413], [-1.7778, 48.241], [-1.7763, 48.2399], [-1.7771, 48.2395], [-1.7798, 48.239], [-1.7796, 48.2373], [-1.7793, 48.2361], [-1.779, 48.2357], [-1.779, 48.2355], [-1.7775, 48.2346], [-1.7744, 48.2329], [-1.7755, 48.2315], [-1.7761, 48.2306], [-1.7761, 48.2299], [-1.7758, 48.2294], [-1.7751, 48.229], [-1.775, 48.2288], [-1.7755, 48.2287], [-1.7758, 48.2286], [-1.7757, 48.2273], [-1.7749, 48.2274], [-1.7749, 48.2268], [-1.7735, 48.2267], [-1.7733, 48.2266], [-1.7733, 48.2262], [-1.7737, 48.2249], [-1.7736, 48.2241], [-1.7738, 48.2226], [-1.7726, 48.2227], [-1.7726, 48.2219], [-1.7681, 48.2214], [-1.7681, 48.221], [-1.7657, 48.2204], [-1.7659, 48.22], [-1.7664, 48.2194], [-1.7671, 48.219], [-1.7671, 48.2188], [-1.7659, 48.2185], [-1.7655, 48.2182], [-1.7648, 48.218], [-1.7638, 48.2179], [-1.7637, 48.2179], [-1.7636, 48.2174], [-1.7639, 48.2171], [-1.7645, 48.2169], [-1.7652, 48.2167], [-1.7654, 48.2163], [-1.7654, 48.2151], [-1.7658, 48.2149], [-1.7671, 48.2146], [-1.7685, 48.2145], [-1.769, 48.2144], [-1.7696, 48.2132], [-1.769, 48.2128], [-1.765, 48.2116], [-1.7629, 48.2107], [-1.7604, 48.21], [-1.7583, 48.2095], [-1.7534, 48.2077], [-1.7513, 48.2071], [-1.7481, 48.2059], [-1.7481, 48.2058], [-1.7488, 48.2054], [-1.7504, 48.2048], [-1.7511, 48.2042], [-1.7523, 48.2036], [-1.7528, 48.2038], [-1.7534, 48.2039], [-1.7545, 48.2038], [-1.7546, 48.2035], [-1.755, 48.2035], [-1.7556, 48.2034], [-1.7563, 48.2032], [-1.7564, 48.2033], [-1.7564, 48.2039], [-1.7572, 48.204], [-1.7584, 48.2042], [-1.7587, 48.2042], [-1.7592, 48.2036], [-1.7596, 48.2034], [-1.7625, 48.2028], [-1.7637, 48.2027], [-1.7639, 48.2028], [-1.7646, 48.2031], [-1.7654, 48.2031], [-1.7663, 48.2029], [-1.7671, 48.2028], [-1.7674, 48.2028], [-1.7682, 48.2028], [-1.7688, 48.2026], [-1.7691, 48.2022], [-1.7694, 48.202], [-1.7698, 48.2017], [-1.7703, 48.2015], [-1.7709, 48.2014], [-1.7713, 48.2011], [-1.7724, 48.2011], [-1.7727, 48.201], [-1.7729, 48.2007], [-1.7733, 48.2003], [-1.7736, 48.2002], [-1.7738, 48.2003], [-1.7741, 48.2003], [-1.7745, 48.1998], [-1.7754, 48.1992], [-1.7772, 48.1986], [-1.7769, 48.1976], [-1.7769, 48.1966], [-1.777, 48.1965], [-1.7784, 48.1962], [-1.7797, 48.1961], [-1.7803, 48.1963], [-1.7814, 48.1963], [-1.7817, 48.1962], [-1.7821, 48.1957], [-1.782, 48.1954], [-1.7809, 48.1945], [-1.7801, 48.1937], [-1.7801, 48.1931], [-1.7797, 48.193], [-1.7792, 48.1926], [-1.7787, 48.1925], [-1.7784, 48.1921], [-1.7781, 48.1919], [-1.7779, 48.1917], [-1.778, 48.191], [-1.7785, 48.1905], [-1.7785, 48.1898], [-1.7787, 48.1896], [-1.7794, 48.1895], [-1.78, 48.1892], [-1.78, 48.1891], [-1.7796, 48.1889], [-1.7796, 48.188], [-1.779, 48.1881], [-1.7787, 48.1879], [-1.7778, 48.188], [-1.7765, 48.1872], [-1.7764, 48.1869], [-1.7765, 48.1867], [-1.777, 48.1854], [-1.7775, 48.1851], [-1.7777, 48.1848], [-1.7785, 48.1843], [-1.779, 48.1841], [-1.7794, 48.184], [-1.7801, 48.1834], [-1.7807, 48.1834], [-1.7815, 48.1837], [-1.7822, 48.1838], [-1.7821, 48.1833], [-1.7813, 48.1824], [-1.7816, 48.1822], [-1.782, 48.1821], [-1.7821, 48.1821], [-1.7872, 48.1825], [-1.7889, 48.1829], [-1.7897, 48.183], [-1.7911, 48.1831], [-1.795, 48.1842], [-1.7961, 48.1844], [-1.7993, 48.1847], [-1.8012, 48.1847], [-1.8036, 48.1842], [-1.8053, 48.1842], [-1.8073, 48.1844], [-1.8076, 48.1859], [-1.8079, 48.1859], [-1.8115, 48.1849], [-1.8115, 48.1846], [-1.8111, 48.1841], [-1.8104, 48.1828], [-1.8096, 48.1823], [-1.8093, 48.1819], [-1.809, 48.1809], [-1.809, 48.1796], [-1.809, 48.1771], [-1.8091, 48.1758], [-1.8089, 48.1734], [-1.8094, 48.1708], [-1.8096, 48.1707], [-1.8102, 48.1708], [-1.8121, 48.1711], [-1.8123, 48.1703], [-1.8132, 48.1695], [-1.8134, 48.1695], [-1.8145, 48.1697], [-1.8151, 48.1698], [-1.8163, 48.1697], [-1.8168, 48.1698], [-1.8181, 48.1702], [-1.8188, 48.1701], [-1.8192, 48.1699], [-1.8195, 48.1695], [-1.8197, 48.1693], [-1.8201, 48.1684], [-1.8206, 48.1681], [-1.8216, 48.168], [-1.8218, 48.1679], [-1.8222, 48.1678], [-1.8228, 48.1679], [-1.8245, 48.1679], [-1.8245, 48.1684], [-1.8259, 48.1692], [-1.8257, 48.1716], [-1.825, 48.1734], [-1.8251, 48.174]]]]}, "geometry_name": "the_geom", "properties": {"CODE_DEP": "35", "CODE_COM": "35120", "NOM_COM": "Gévezé", "AGGLO": "Rennes Métropole", "LS_RP_SRU": 16.06, "EXEMPTION": "10 - 20%", "ANNEE": "2023/01/01"}}, {"type": "Feature", "id": "l_article_302_5_cch.54", "geometry": {"type": "MultiPolygon", "coordinates": [[[[-1.2692, 47.954], [-1.2689, 47.9539], [-1.2688, 47.9539], [-1.2686, 47.9539], [-1.2681, 47.9542], [-1.2678, 47.9542], [-1.2654, 47.953], [-1.265, 47.953], [-1.2642, 47.954], [-1.2641, 47.9541], [-1.264, 47.9547], [-1.2631, 47.9549], [-1.2623, 47.9553], [-1.2612, 47.9556], [-1.2604, 47.9561], [-1.2588, 47.9577], [-1.2579, 47.9591], [-1.257, 47.9589], [-1.2534, 47.9583], [-1.2532, 47.9584], [-1.2529, 47.9585], [-1.2525, 47.9585], [-1.252, 47.9583], [-1.2516, 47.9584], [-1.2507, 47.9588], [-1.2505, 47.9587], [-1.25, 47.9582], [-1.2493, 47.9583], [-1.2477, 47.9588], [-1.2472, 47.9606], [-1.2468, 47.9607], [-1.2453, 47.9609], [-1.2436, 47.9609], [-1.2406, 47.9606], [-1.2401, 47.9606], [-1.2381, 47.9605], [-1.236, 47.9603], [-1.2349, 47.96], [-1.2348, 47.9594], [-1.2349, 47.959], [-1.2349, 47.958], [-1.235, 47.9576], [-1.235, 47.9572], [-1.2343, 47.9563], [-1.234, 47.9556], [-1.2339, 47.9537], [-1.2341, 47.9533], [-1.2338, 47.9525], [-1.2338, 47.9516], [-1.2319, 47.9514], [-1.2295, 47.9514], [-1.2277, 47.951], [-1.2253, 47.9511], [-1.2244, 47.9509], [-1.224, 47.9505], [-1.2238, 47.9505], [-1.2238, 47.9504], [-1.2235, 47.9501], [-1.2235, 47.9498], [-1.2236, 47.9496], [-1.223, 47.9485], [-1.2228, 47.9482], [-1.2231, 47.9474], [-1.2228, 47.947], [-1.2206, 47.9474], [-1.2197, 47.9477], [-1.2193, 47.9477], [-1.2184, 47.9478], [-1.2159, 47.9472], [-1.2155, 47.9472], [-1.2159, 47.9458], [-1.216, 47.9457], [-1.2145, 47.9455], [-1.2137, 47.9456], [-1.2135, 47.9447], [-1.2119, 47.9439], [-1.2114, 47.944], [-1.2102, 47.9443], [-1.2099, 47.9448], [-1.2069, 47.945], [-1.2067, 47.9451], [-1.2068, 47.9459], [-1.2052, 47.9462], [-1.204, 47.9459], [-1.202, 47.9458], [-1.1969, 47.946], [-1.1971, 47.9457], [-1.1973, 47.9454], [-1.1976, 47.9452], [-1.1977, 47.9448], [-1.1976, 47.9444], [-1.1972, 47.9441], [-1.1971, 47.9438], [-1.1973, 47.9436], [-1.1976, 47.9435], [-1.1985, 47.943], [-1.1992, 47.9423], [-1.2008, 47.9422], [-1.201, 47.9421], [-1.2012, 47.941], [-1.2045, 47.9413], [-1.2084, 47.9416], [-1.2095, 47.9418], [-1.2119, 47.9425], [-1.2124, 47.9426], [-1.2124, 47.9421], [-1.2127, 47.9417], [-1.2126, 47.9403], [-1.2126, 47.9402], [-1.2132, 47.9401], [-1.2133, 47.9399], [-1.2133, 47.9388], [-1.2136, 47.938], [-1.2137, 47.9371], [-1.2143, 47.9368], [-1.2143, 47.9366], [-1.2137, 47.9355], [-1.2144, 47.935], [-1.2147, 47.9348], [-1.2158, 47.9349], [-1.2162, 47.9348], [-1.2165, 47.9337], [-1.2167, 47.9336], [-1.2177, 47.9336], [-1.2195, 47.9339], [-1.2201, 47.9317], [-1.2197, 47.9313], [-1.2202, 47.931], [-1.2202, 47.9308], [-1.2198, 47.9306], [-1.2197, 47.9304], [-1.2212, 47.9293], [-1.2219, 47.929], [-1.2241, 47.9285], [-1.2244, 47.9287], [-1.2246, 47.9288], [-1.2258, 47.9294], [-1.2268, 47.9293], [-1.2287, 47.9291], [-1.2288, 47.9292], [-1.2287, 47.9296], [-1.2293, 47.9296], [-1.2293, 47.9294], [-1.2294, 47.9293], [-1.23, 47.9293], [-1.2319, 47.9295], [-1.2324, 47.9299], [-1.2323, 47.9305], [-1.235, 47.9309], [-1.2351, 47.931], [-1.2339, 47.9326], [-1.2338, 47.9329], [-1.2354, 47.9332], [-1.2364, 47.9332], [-1.2369, 47.933], [-1.2373, 47.9326], [-1.2378, 47.9327], [-1.2383, 47.9326], [-1.2388, 47.9323], [-1.2392, 47.9323], [-1.2412, 47.9327], [-1.2422, 47.9327], [-1.2433, 47.9324], [-1.2476, 47.9316], [-1.2487, 47.9312], [-1.2501, 47.9313], [-1.2518, 47.9304], [-1.2525, 47.9304], [-1.2549, 47.9307], [-1.2554, 47.9303], [-1.2558, 47.9307], [-1.2577, 47.9332], [-1.2588, 47.9336], [-1.2598, 47.934], [-1.2605, 47.9344], [-1.2617, 47.9351], [-1.2625, 47.9352], [-1.2644, 47.9357], [-1.2657, 47.9362], [-1.2671, 47.9369], [-1.2682, 47.9372], [-1.2702, 47.9374], [-1.2719, 47.9377], [-1.2726, 47.9379], [-1.2745, 47.9385], [-1.2752, 47.9388], [-1.2764, 47.939], [-1.278, 47.9396], [-1.2802, 47.9403], [-1.2803, 47.9404], [-1.2801, 47.941], [-1.2806, 47.9414], [-1.2817, 47.9412], [-1.282, 47.9412], [-1.2822, 47.9415], [-1.2821, 47.9417], [-1.2804, 47.9424], [-1.2802, 47.9424], [-1.2794, 47.942], [-1.2786, 47.9421], [-1.2781, 47.9422], [-1.277, 47.9433], [-1.274, 47.9455], [-1.2738, 47.9457], [-1.2734, 47.946], [-1.2741, 47.947], [-1.2752, 47.9473], [-1.2752, 47.9475], [-1.2728, 47.9498], [-1.2723, 47.9505], [-1.2716, 47.9519], [-1.2697, 47.9524], [-1.2696, 47.9526], [-1.2694, 47.9536], [-1.2692, 47.954]]]]}, "geometry_name": "the_geom", "properties": {"CODE_DEP": "35", "CODE_COM": "35125", "NOM_COM": "La Guerche-de-Bretagne", "AGGLO": "CA Vitré Communauté", "LS_RP_SRU": 13.39, "EXEMPTION": "Exemptée", "ANNEE": "2023/01/01"}}, {"type": "Feature", "id": "l_article_302_5_cch.55", "geometry": {"type": "MultiPolygon", "coordinates": [[[[-1.8219, 48.1385], [-1.822, 48.1382], [-1.8223, 48.138], [-1.8224, 48.1378], [-1.823, 48.1377], [-1.8228, 48.1374], [-1.8227, 48.1374], [-1.8228, 48.1372], [-1.8232, 48.1372], [-1.823, 48.1368], [-1.8232, 48.1367], [-1.8231, 48.1365], [-1.8225, 48.1363], [-1.8216, 48.1362], [-1.8202, 48.1359], [-1.8167, 48.1364], [-1.8155, 48.1365], [-1.8152, 48.136], [-1.8125, 48.1356], [-1.8122, 48.1349], [-1.8127, 48.1346], [-1.8134, 48.1336], [-1.8143, 48.1334], [-1.8149, 48.1328], [-1.8156, 48.1321], [-1.8156, 48.1308], [-1.8134, 48.131], [-1.811, 48.1308], [-1.8079, 48.1305], [-1.8057, 48.1302], [-1.8049, 48.13], [-1.8043, 48.1298], [-1.8036, 48.1295], [-1.8031, 48.1291], [-1.8027, 48.1287], [-1.8022, 48.1281], [-1.8, 48.1285], [-1.7997, 48.1283], [-1.799, 48.1281], [-1.7983, 48.1276], [-1.7977, 48.1274], [-1.7972, 48.1271], [-1.7961, 48.127], [-1.7953, 48.1271], [-1.7948, 48.1268], [-1.7942, 48.1268], [-1.7935, 48.1263], [-1.7926, 48.1257], [-1.7921, 48.1239], [-1.793, 48.1234], [-1.7949, 48.1233], [-1.795, 48.1233], [-1.7957, 48.1225], [-1.7972, 48.1203], [-1.7975, 48.12], [-1.798, 48.12], [-1.799, 48.1207], [-1.8001, 48.1203], [-1.7999, 48.1196], [-1.7999, 48.1185], [-1.7999, 48.1181], [-1.7991, 48.1168], [-1.7989, 48.1165], [-1.799, 48.1159], [-1.7991, 48.1152], [-1.7986, 48.1152], [-1.7985, 48.1147], [-1.7982, 48.1141], [-1.7978, 48.1137], [-1.7974, 48.1134], [-1.7978, 48.112], [-1.7976, 48.1114], [-1.7966, 48.1113], [-1.7968, 48.1107], [-1.7971, 48.1097], [-1.7975, 48.1098], [-1.7984, 48.1099], [-1.7992, 48.11], [-1.8016, 48.1103], [-1.8032, 48.1104], [-1.8036, 48.1105], [-1.8045, 48.1107], [-1.8053, 48.1109], [-1.8065, 48.1116], [-1.8071, 48.1116], [-1.8075, 48.1117], [-1.8075, 48.1118], [-1.8086, 48.112], [-1.8096, 48.112], [-1.8098, 48.1114], [-1.8118, 48.1112], [-1.8121, 48.1105], [-1.8128, 48.1101], [-1.8128, 48.11], [-1.8138, 48.1094], [-1.8147, 48.1091], [-1.8155, 48.1085], [-1.8163, 48.1074], [-1.8169, 48.106], [-1.8172, 48.106], [-1.8203, 48.1064], [-1.8212, 48.1064], [-1.8213, 48.1054], [-1.8218, 48.1053], [-1.8242, 48.1054], [-1.8251, 48.1056], [-1.8268, 48.1063], [-1.8274, 48.1066], [-1.8278, 48.1068], [-1.8256, 48.1106], [-1.8257, 48.1116], [-1.8257, 48.1119], [-1.826, 48.112], [-1.8261, 48.1122], [-1.8259, 48.1128], [-1.8261, 48.1132], [-1.8262, 48.114], [-1.8259, 48.1144], [-1.8261, 48.115], [-1.8264, 48.1156], [-1.8274, 48.1166], [-1.8277, 48.1173], [-1.8284, 48.1178], [-1.8286, 48.1184], [-1.8292, 48.1184], [-1.8295, 48.1192], [-1.8304, 48.1192], [-1.8306, 48.1193], [-1.8309, 48.12], [-1.8313, 48.1204], [-1.8323, 48.1211], [-1.8327, 48.121], [-1.8335, 48.1216], [-1.8343, 48.1222], [-1.8361, 48.1234], [-1.8368, 48.1241], [-1.837, 48.1241], [-1.8371, 48.1242], [-1.8374, 48.1245], [-1.8384, 48.1246], [-1.8387, 48.1248], [-1.8386, 48.1252], [-1.8374, 48.1282], [-1.8373, 48.1285], [-1.8346, 48.1301], [-1.8346, 48.1313], [-1.833, 48.1315], [-1.833, 48.1316], [-1.833, 48.1318], [-1.8324, 48.132], [-1.8313, 48.1322], [-1.8309, 48.1323], [-1.8309, 48.1325], [-1.831, 48.1331], [-1.8299, 48.1334], [-1.8298, 48.1337], [-1.8297, 48.1345], [-1.8297, 48.1354], [-1.8294, 48.1354], [-1.8289, 48.1353], [-1.8282, 48.1354], [-1.8276, 48.1358], [-1.8274, 48.136], [-1.826, 48.1366], [-1.8263, 48.1369], [-1.8275, 48.1376], [-1.8278, 48.1381], [-1.8282, 48.1398], [-1.8271, 48.1397], [-1.8265, 48.1389], [-1.8253, 48.1389], [-1.8247, 48.1391], [-1.8244, 48.139], [-1.8237, 48.1388], [-1.8219, 48.1385]]]]}, "geometry_name": "the_geom", "properties": {"CODE_DEP": "35", "CODE_COM": "35131", "NOM_COM": "L'Hermitage", "AGGLO": "Rennes Métropole", "LS_RP_SRU": 27.44, "EXEMPTION": "> 20%", "ANNEE": "2023/01/01"}}, {"type": "Feature", "id": "l_article_302_5_cch.56", "geometry": {"type": "MultiPolygon", "coordinates": [[[[-1.7532, 47.9795], [-1.7507, 47.9802], [-1.7479, 47.9816], [-1.7469, 47.9818], [-1.7459, 47.9818], [-1.7443, 47.9822], [-1.7442, 47.9822], [-1.7442, 47.9812], [-1.7426, 47.9812], [-1.7412, 47.9808], [-1.7395, 47.9822], [-1.7396, 47.9824], [-1.7398, 47.9829], [-1.7403, 47.9833], [-1.7403, 47.9841], [-1.7401, 47.9849], [-1.7394, 47.9864], [-1.7393, 47.9895], [-1.7386, 47.9897], [-1.7383, 47.99], [-1.7382, 47.9906], [-1.7384, 47.9919], [-1.7384, 47.9922], [-1.7377, 47.9929], [-1.7367, 47.9931], [-1.7361, 47.9934], [-1.7356, 47.9938], [-1.7353, 47.9948], [-1.7349, 47.9987], [-1.7347, 47.9991], [-1.7349, 47.9999], [-1.7351, 47.9999], [-1.7354, 48.0015], [-1.7357, 48.0016], [-1.7364, 48.0031], [-1.7369, 48.0031], [-1.7373, 48.0042], [-1.7375, 48.0055], [-1.7371, 48.0056], [-1.7362, 48.0057], [-1.7362, 48.0065], [-1.7357, 48.0067], [-1.7341, 48.007], [-1.7338, 48.007], [-1.7334, 48.0084], [-1.7316, 48.0088], [-1.7319, 48.0095], [-1.7319, 48.0096], [-1.7315, 48.0097], [-1.7306, 48.0104], [-1.7304, 48.012], [-1.7292, 48.012], [-1.7267, 48.0118], [-1.7248, 48.0119], [-1.7245, 48.0106], [-1.7237, 48.0105], [-1.7239, 48.0102], [-1.7221, 48.0086], [-1.7218, 48.008], [-1.7201, 48.0073], [-1.7195, 48.0072], [-1.7191, 48.0073], [-1.7185, 48.0071], [-1.7182, 48.0069], [-1.7178, 48.0072], [-1.7168, 48.0064], [-1.7157, 48.0052], [-1.7145, 48.0046], [-1.7145, 48.0041], [-1.7144, 48.0029], [-1.7145, 48.0023], [-1.7143, 48.0017], [-1.7143, 48.0008], [-1.7133, 47.9996], [-1.7124, 47.9997], [-1.7098, 48.0005], [-1.7092, 48.0007], [-1.7069, 48.001], [-1.7054, 48.0014], [-1.7051, 48.0014], [-1.7039, 47.9989], [-1.7037, 47.9984], [-1.7019, 47.9972], [-1.7013, 47.9943], [-1.7012, 47.9929], [-1.6971, 47.9924], [-1.6964, 47.9922], [-1.6938, 47.9923], [-1.6928, 47.9926], [-1.6923, 47.9926], [-1.6913, 47.9923], [-1.6908, 47.9924], [-1.6903, 47.9906], [-1.6905, 47.9899], [-1.6907, 47.9895], [-1.6908, 47.9892], [-1.6906, 47.9889], [-1.6898, 47.9887], [-1.6893, 47.9879], [-1.6891, 47.9867], [-1.6891, 47.9862], [-1.6885, 47.9852], [-1.6886, 47.9848], [-1.6897, 47.9835], [-1.6901, 47.9818], [-1.6907, 47.9807], [-1.6909, 47.9796], [-1.6907, 47.9791], [-1.6902, 47.9786], [-1.6892, 47.9779], [-1.6888, 47.9773], [-1.6886, 47.9769], [-1.689, 47.976], [-1.6895, 47.9752], [-1.6899, 47.9745], [-1.6902, 47.9738], [-1.6903, 47.9721], [-1.6903, 47.9719], [-1.6906, 47.9718], [-1.6904, 47.9697], [-1.69, 47.9688], [-1.6896, 47.9683], [-1.6895, 47.967], [-1.6895, 47.966], [-1.691, 47.966], [-1.6908, 47.9653], [-1.6908, 47.9646], [-1.6912, 47.9633], [-1.691, 47.9628], [-1.6914, 47.9622], [-1.6918, 47.9618], [-1.6917, 47.9616], [-1.6908, 47.961], [-1.6905, 47.9604], [-1.6901, 47.9589], [-1.6901, 47.9589], [-1.6874, 47.9587], [-1.6868, 47.9585], [-1.6866, 47.9582], [-1.6863, 47.9574], [-1.6855, 47.9572], [-1.6842, 47.9571], [-1.6828, 47.9572], [-1.6803, 47.9569], [-1.6791, 47.9563], [-1.677, 47.9552], [-1.6769, 47.9552], [-1.676, 47.9547], [-1.6757, 47.9544], [-1.6749, 47.9541], [-1.6725, 47.9534], [-1.6715, 47.9533], [-1.6711, 47.953], [-1.671, 47.9527], [-1.6711, 47.9522], [-1.6721, 47.9512], [-1.6722, 47.9509], [-1.6717, 47.9506], [-1.6706, 47.9501], [-1.668, 47.9487], [-1.6674, 47.948], [-1.6682, 47.9472], [-1.6684, 47.9468], [-1.6691, 47.9456], [-1.6704, 47.9439], [-1.6706, 47.9431], [-1.6709, 47.9428], [-1.6711, 47.9418], [-1.6717, 47.9414], [-1.6716, 47.9411], [-1.6717, 47.9407], [-1.6713, 47.9399], [-1.6713, 47.9388], [-1.6715, 47.9386], [-1.6721, 47.9374], [-1.6729, 47.9362], [-1.6724, 47.9357], [-1.6725, 47.9354], [-1.6736, 47.9351], [-1.6746, 47.935], [-1.6755, 47.9351], [-1.6774, 47.9351], [-1.6784, 47.9354], [-1.6794, 47.9355], [-1.6803, 47.9357], [-1.6826, 47.9362], [-1.684, 47.9367], [-1.6844, 47.9367], [-1.6845, 47.9368], [-1.6874, 47.9367], [-1.6884, 47.9367], [-1.6888, 47.9366], [-1.6895, 47.9363], [-1.6902, 47.9362], [-1.6918, 47.9359], [-1.6927, 47.936], [-1.6938, 47.9359], [-1.6941, 47.9358], [-1.6953, 47.9357], [-1.6973, 47.9357], [-1.6984, 47.9356], [-1.6993, 47.9353], [-1.7003, 47.9351], [-1.7015, 47.9351], [-1.705, 47.9356], [-1.7057, 47.9356], [-1.7064, 47.9352], [-1.7068, 47.9352], [-1.7081, 47.9356], [-1.7087, 47.9357], [-1.7096, 47.9355], [-1.7105, 47.9354], [-1.7115, 47.9359], [-1.7122, 47.9359], [-1.7127, 47.9356], [-1.7139, 47.935], [-1.7149, 47.9347], [-1.7164, 47.9347], [-1.7168, 47.9346], [-1.7177, 47.9343], [-1.7185, 47.9342], [-1.7188, 47.9342], [-1.72, 47.9346], [-1.7206, 47.935], [-1.7212, 47.9352], [-1.7217, 47.9355], [-1.7217, 47.936], [-1.7213, 47.936], [-1.7209, 47.9367], [-1.7204, 47.9368], [-1.7201, 47.9375], [-1.7204, 47.9379], [-1.7209, 47.9381], [-1.7215, 47.9382], [-1.722, 47.9378], [-1.7228, 47.9379], [-1.7232, 47.9381], [-1.7241, 47.9389], [-1.7247, 47.9393], [-1.7257, 47.9395], [-1.7265, 47.9395], [-1.7283, 47.9394], [-1.7289, 47.9395], [-1.7296, 47.94], [-1.73, 47.9403], [-1.7309, 47.9407], [-1.7324, 47.9412], [-1.733, 47.9411], [-1.7333, 47.941], [-1.7337, 47.941], [-1.7341, 47.9411], [-1.7345, 47.9411], [-1.7347, 47.9411], [-1.7353, 47.9411], [-1.7363, 47.9417], [-1.737, 47.9418], [-1.7374, 47.942], [-1.7384, 47.9429], [-1.7391, 47.944], [-1.7398, 47.9447], [-1.7408, 47.9454], [-1.7416, 47.9459], [-1.7418, 47.9464], [-1.7422, 47.9468], [-1.7427, 47.947], [-1.7433, 47.9473], [-1.7438, 47.9478], [-1.7445, 47.9482], [-1.7451, 47.9482], [-1.7465, 47.948], [-1.7468, 47.9475], [-1.7474, 47.9475], [-1.7482, 47.9478], [-1.7486, 47.9483], [-1.7487, 47.9487], [-1.7489, 47.9493], [-1.7492, 47.9494], [-1.7499, 47.9494], [-1.7498, 47.95], [-1.7493, 47.9511], [-1.7481, 47.9528], [-1.7477, 47.9531], [-1.7469, 47.9542], [-1.7465, 47.9552], [-1.7466, 47.956], [-1.7469, 47.9578], [-1.7468, 47.9587], [-1.747, 47.9597], [-1.7469, 47.9605], [-1.7467, 47.9612], [-1.746, 47.9617], [-1.7451, 47.9627], [-1.7444, 47.9643], [-1.7445, 47.9653], [-1.7448, 47.9659], [-1.7469, 47.9677], [-1.7476, 47.9685], [-1.7481, 47.9698], [-1.7481, 47.9704], [-1.7483, 47.9715], [-1.749, 47.9731], [-1.7499, 47.9745], [-1.7501, 47.9759], [-1.7503, 47.9764], [-1.7509, 47.9768], [-1.7521, 47.9779], [-1.753, 47.9791], [-1.7532, 47.9795]]]]}, "geometry_name": "the_geom", "properties": {"CODE_DEP": "35", "CODE_COM": "35139", "NOM_COM": "Laillé", "AGGLO": "Rennes Métropole", "LS_RP_SRU": 10.83, "EXEMPTION": "10 - 20%", "ANNEE": "2023/01/01"}}, {"type": "Feature", "id": "l_article_302_5_cch.58", "geometry": {"type": "MultiPolygon", "coordinates": [[[[-1.7351, 48.1653], [-1.7331, 48.1663], [-1.7314, 48.1669], [-1.7309, 48.1669], [-1.7297, 48.1662], [-1.7286, 48.1655], [-1.7286, 48.1653], [-1.7279, 48.1654], [-1.7257, 48.1656], [-1.7259, 48.166], [-1.7249, 48.166], [-1.7245, 48.1653], [-1.7249, 48.1651], [-1.7247, 48.1648], [-1.7225, 48.1653], [-1.7222, 48.1653], [-1.7213, 48.1647], [-1.7208, 48.1642], [-1.72, 48.1646], [-1.719, 48.1651], [-1.7188, 48.1645], [-1.7181, 48.1647], [-1.7171, 48.1653], [-1.7166, 48.165], [-1.7169, 48.1648], [-1.7157, 48.1633], [-1.7155, 48.1628], [-1.7143, 48.1627], [-1.7141, 48.1613], [-1.712, 48.1607], [-1.7117, 48.1608], [-1.7115, 48.1608], [-1.7111, 48.1601], [-1.7103, 48.1601], [-1.7103, 48.161], [-1.7077, 48.1601], [-1.7063, 48.16], [-1.7007, 48.1524], [-1.7, 48.1511], [-1.6995, 48.1497], [-1.6986, 48.1444], [-1.698, 48.1432], [-1.6993, 48.1431], [-1.6999, 48.1435], [-1.7007, 48.144], [-1.7025, 48.1438], [-1.7026, 48.144], [-1.7046, 48.1439], [-1.706, 48.1441], [-1.708, 48.1441], [-1.7089, 48.144], [-1.7091, 48.1438], [-1.7108, 48.1433], [-1.711, 48.1431], [-1.7128, 48.1429], [-1.7129, 48.1431], [-1.7131, 48.1433], [-1.715, 48.1432], [-1.7161, 48.1429], [-1.7175, 48.1428], [-1.7179, 48.1425], [-1.7191, 48.1426], [-1.72, 48.1429], [-1.7216, 48.1432], [-1.725, 48.144], [-1.7247, 48.1444], [-1.7242, 48.1448], [-1.7238, 48.1457], [-1.7237, 48.1465], [-1.7238, 48.1473], [-1.7238, 48.148], [-1.7233, 48.1491], [-1.7248, 48.1495], [-1.7256, 48.1499], [-1.7253, 48.1524], [-1.7263, 48.1525], [-1.7264, 48.1531], [-1.7266, 48.1532], [-1.7283, 48.1534], [-1.7289, 48.1533], [-1.7296, 48.1531], [-1.7313, 48.153], [-1.7327, 48.1532], [-1.7356, 48.1539], [-1.7355, 48.1547], [-1.735, 48.1565], [-1.7348, 48.1568], [-1.7344, 48.1584], [-1.7344, 48.1589], [-1.7342, 48.159], [-1.7329, 48.159], [-1.7317, 48.159], [-1.7314, 48.159], [-1.7309, 48.1594], [-1.7307, 48.1597], [-1.7308, 48.1598], [-1.7311, 48.16], [-1.7318, 48.1607], [-1.7323, 48.1611], [-1.7326, 48.1615], [-1.7333, 48.1625], [-1.734, 48.1631], [-1.7342, 48.1637], [-1.7348, 48.1645], [-1.7351, 48.1653]]]]}, "geometry_name": "the_geom", "properties": {"CODE_DEP": "35", "CODE_COM": "35189", "NOM_COM": "Montgermont", "AGGLO": "Rennes Métropole", "LS_RP_SRU": 22.03, "EXEMPTION": "> 20%", "ANNEE": "2023/01/01"}}, {"type": "Feature", "id": "l_article_302_5_cch.59", "geometry": {"type": "MultiPolygon", "coordinates": [[[[-1.8757, 48.0711], [-1.8757, 48.0712], [-1.876, 48.0712], [-1.8767, 48.0712], [-1.8775, 48.0716], [-1.878, 48.072], [-1.8785, 48.0732], [-1.8788, 48.0736], [-1.8794, 48.0738], [-1.8812, 48.0737], [-1.8819, 48.0741], [-1.883, 48.0743], [-1.8842, 48.075], [-1.8847, 48.0752], [-1.8858, 48.0762], [-1.8864, 48.077], [-1.8867, 48.0777], [-1.8865, 48.0792], [-1.8866, 48.0795], [-1.887, 48.0797], [-1.8876, 48.0798], [-1.8877, 48.08], [-1.8877, 48.0809], [-1.8881, 48.0822], [-1.8888, 48.0828], [-1.8892, 48.0831], [-1.8894, 48.0838], [-1.89, 48.0842], [-1.8906, 48.0843], [-1.8916, 48.0844], [-1.8926, 48.0847], [-1.8934, 48.0847], [-1.894, 48.0845], [-1.8943, 48.0842], [-1.8945, 48.0842], [-1.895, 48.0847], [-1.8959, 48.0848], [-1.8962, 48.0851], [-1.8963, 48.0857], [-1.8967, 48.0859], [-1.8974, 48.0858], [-1.8981, 48.0861], [-1.8985, 48.0864], [-1.8985, 48.087], [-1.8989, 48.0872], [-1.8996, 48.0875], [-1.8998, 48.0878], [-1.8998, 48.0884], [-1.9001, 48.0886], [-1.9007, 48.0887], [-1.9009, 48.0889], [-1.9009, 48.0894], [-1.9014, 48.0898], [-1.9019, 48.0905], [-1.9023, 48.0906], [-1.9032, 48.0906], [-1.9035, 48.0909], [-1.9038, 48.0921], [-1.9041, 48.0926], [-1.905, 48.0929], [-1.9052, 48.0932], [-1.9052, 48.0939], [-1.9055, 48.0941], [-1.9068, 48.0945], [-1.9087, 48.0955], [-1.909, 48.0959], [-1.9094, 48.0966], [-1.9093, 48.0972], [-1.9095, 48.0975], [-1.9098, 48.098], [-1.9099, 48.0983], [-1.9058, 48.0986], [-1.9041, 48.0988], [-1.9041, 48.0982], [-1.9036, 48.0985], [-1.9032, 48.0989], [-1.9031, 48.0991], [-1.9014, 48.1001], [-1.9003, 48.1004], [-1.8999, 48.1002], [-1.8993, 48.1], [-1.899, 48.1002], [-1.898, 48.1003], [-1.8967, 48.1004], [-1.8953, 48.1001], [-1.8945, 48.0996], [-1.8941, 48.0994], [-1.8925, 48.099], [-1.8912, 48.0987], [-1.89, 48.0979], [-1.889, 48.0969], [-1.8884, 48.0966], [-1.8877, 48.0964], [-1.8866, 48.0965], [-1.8855, 48.0963], [-1.8849, 48.096], [-1.8835, 48.0951], [-1.8833, 48.0951], [-1.8829, 48.0958], [-1.8826, 48.0968], [-1.8809, 48.0981], [-1.8799, 48.0979], [-1.8786, 48.0976], [-1.8774, 48.0979], [-1.8762, 48.0981], [-1.8741, 48.0981], [-1.8742, 48.0989], [-1.8741, 48.0994], [-1.8729, 48.0994], [-1.8729, 48.0991], [-1.8719, 48.0992], [-1.8719, 48.0999], [-1.8704, 48.0999], [-1.8698, 48.1001], [-1.8694, 48.1003], [-1.868, 48.1002], [-1.865, 48.1002], [-1.8639, 48.1006], [-1.864, 48.1009], [-1.8633, 48.1016], [-1.8587, 48.1014], [-1.8583, 48.1018], [-1.8584, 48.1021], [-1.8584, 48.103], [-1.8584, 48.1036], [-1.8578, 48.1039], [-1.8561, 48.1046], [-1.8548, 48.1049], [-1.8541, 48.1057], [-1.8534, 48.1067], [-1.8524, 48.1079], [-1.8521, 48.1083], [-1.8515, 48.1083], [-1.8509, 48.1083], [-1.8503, 48.1083], [-1.8499, 48.1086], [-1.849, 48.109], [-1.8492, 48.1094], [-1.8496, 48.1103], [-1.8496, 48.111], [-1.8497, 48.1111], [-1.8496, 48.112], [-1.8504, 48.113], [-1.8515, 48.1144], [-1.8523, 48.1141], [-1.8525, 48.1145], [-1.8532, 48.1144], [-1.8534, 48.1142], [-1.8541, 48.1142], [-1.8542, 48.1144], [-1.8548, 48.1143], [-1.855, 48.1147], [-1.8556, 48.1148], [-1.8559, 48.115], [-1.8563, 48.1154], [-1.8572, 48.1151], [-1.8577, 48.1152], [-1.8577, 48.1153], [-1.8574, 48.1155], [-1.8568, 48.1159], [-1.8557, 48.1163], [-1.8553, 48.1167], [-1.8544, 48.1169], [-1.8539, 48.1171], [-1.8537, 48.117], [-1.8533, 48.117], [-1.853, 48.1174], [-1.8521, 48.1175], [-1.8519, 48.1177], [-1.8519, 48.1181], [-1.8499, 48.1182], [-1.8484, 48.118], [-1.8475, 48.1177], [-1.8472, 48.1177], [-1.847, 48.1178], [-1.8463, 48.1178], [-1.8461, 48.118], [-1.8453, 48.1181], [-1.8446, 48.1178], [-1.8434, 48.1179], [-1.8431, 48.1181], [-1.8429, 48.1184], [-1.8423, 48.1185], [-1.8418, 48.1184], [-1.8416, 48.1184], [-1.8414, 48.1188], [-1.841, 48.119], [-1.8406, 48.119], [-1.84, 48.1186], [-1.8395, 48.1187], [-1.8393, 48.1188], [-1.8386, 48.1188], [-1.8382, 48.1187], [-1.8378, 48.1191], [-1.8366, 48.1194], [-1.8363, 48.1198], [-1.8363, 48.1208], [-1.8365, 48.1213], [-1.8364, 48.1217], [-1.8365, 48.1222], [-1.8372, 48.1226], [-1.8372, 48.1229], [-1.8368, 48.1233], [-1.837, 48.1241], [-1.8368, 48.1241], [-1.8361, 48.1234], [-1.8343, 48.1222], [-1.8335, 48.1216], [-1.8327, 48.121], [-1.8323, 48.1211], [-1.8313, 48.1204], [-1.8309, 48.12], [-1.8306, 48.1193], [-1.8304, 48.1192], [-1.8295, 48.1192], [-1.8292, 48.1184], [-1.8286, 48.1184], [-1.8284, 48.1178], [-1.8277, 48.1173], [-1.8274, 48.1166], [-1.8264, 48.1156], [-1.8261, 48.115], [-1.8259, 48.1144], [-1.8262, 48.114], [-1.8261, 48.1132], [-1.8259, 48.1128], [-1.8261, 48.1122], [-1.826, 48.112], [-1.8257, 48.1119], [-1.8257, 48.1116], [-1.8256, 48.1106], [-1.8278, 48.1068], [-1.8293, 48.1066], [-1.8292, 48.1055], [-1.8293, 48.1053], [-1.8309, 48.1049], [-1.8329, 48.104], [-1.8328, 48.1037], [-1.8327, 48.1029], [-1.8321, 48.1015], [-1.8332, 48.0997], [-1.833, 48.0994], [-1.8322, 48.0995], [-1.8313, 48.1001], [-1.8306, 48.1003], [-1.8299, 48.1004], [-1.8292, 48.1001], [-1.8288, 48.1], [-1.8286, 48.1001], [-1.8274, 48.1002], [-1.8267, 48.1], [-1.8256, 48.1], [-1.8254, 48.0993], [-1.825, 48.0986], [-1.8248, 48.0986], [-1.8235, 48.0991], [-1.8231, 48.0991], [-1.8228, 48.0986], [-1.8214, 48.0987], [-1.8205, 48.0983], [-1.8192, 48.0981], [-1.8161, 48.0981], [-1.8159, 48.0981], [-1.8153, 48.0973], [-1.8152, 48.0964], [-1.8149, 48.0959], [-1.8144, 48.0956], [-1.8133, 48.0953], [-1.8129, 48.0948], [-1.8116, 48.0947], [-1.8104, 48.0944], [-1.8102, 48.0942], [-1.8098, 48.094], [-1.8096, 48.0936], [-1.809, 48.0932], [-1.8082, 48.0928], [-1.8073, 48.0924], [-1.8062, 48.0923], [-1.8058, 48.0922], [-1.8049, 48.0922], [-1.8047, 48.0923], [-1.8041, 48.0927], [-1.8036, 48.0926], [-1.8024, 48.0931], [-1.801, 48.0935], [-1.8003, 48.0937], [-1.7998, 48.0936], [-1.7993, 48.0931], [-1.7988, 48.0921], [-1.7985, 48.0919], [-1.798, 48.0919], [-1.7973, 48.0921], [-1.7969, 48.0921], [-1.7967, 48.0918], [-1.7967, 48.0913], [-1.7964, 48.0906], [-1.796, 48.0903], [-1.796, 48.0899], [-1.7962, 48.0896], [-1.7969, 48.0893], [-1.7976, 48.0878], [-1.7987, 48.0871], [-1.7985, 48.0866], [-1.7972, 48.0854], [-1.7979, 48.0847], [-1.7978, 48.0844], [-1.7964, 48.0848], [-1.7953, 48.0847], [-1.7942, 48.0845], [-1.7937, 48.0841], [-1.7938, 48.083], [-1.7938, 48.0826], [-1.7941, 48.0813], [-1.794, 48.0809], [-1.7941, 48.08], [-1.7967, 48.0798], [-1.7964, 48.0781], [-1.7954, 48.0761], [-1.7949, 48.0737], [-1.7938, 48.0736], [-1.7938, 48.0735], [-1.7937, 48.0733], [-1.7935, 48.0731], [-1.7936, 48.0711], [-1.7946, 48.0698], [-1.7955, 48.0697], [-1.7979, 48.0694], [-1.8002, 48.069], [-1.8006, 48.0687], [-1.8009, 48.0682], [-1.801, 48.0677], [-1.8005, 48.0664], [-1.8013, 48.0663], [-1.8036, 48.0658], [-1.8049, 48.0655], [-1.8051, 48.065], [-1.8058, 48.0638], [-1.8057, 48.0636], [-1.8049, 48.0633], [-1.8036, 48.0634], [-1.8034, 48.0632], [-1.8032, 48.0627], [-1.8032, 48.0621], [-1.8037, 48.0618], [-1.8044, 48.0608], [-1.8051, 48.0601], [-1.8055, 48.0598], [-1.8057, 48.0596], [-1.8074, 48.0584], [-1.808, 48.0574], [-1.8082, 48.0568], [-1.8083, 48.0565], [-1.8086, 48.0557], [-1.8091, 48.0548], [-1.8098, 48.0548], [-1.8101, 48.0546], [-1.8113, 48.0546], [-1.8116, 48.0545], [-1.8121, 48.0539], [-1.8134, 48.0538], [-1.8133, 48.0534], [-1.8129, 48.0533], [-1.8129, 48.0533], [-1.813, 48.0529], [-1.8133, 48.0525], [-1.8134, 48.0521], [-1.815, 48.052], [-1.815, 48.0517], [-1.8151, 48.0515], [-1.8166, 48.051], [-1.8173, 48.051], [-1.8176, 48.051], [-1.8178, 48.0511], [-1.8178, 48.0509], [-1.8174, 48.0507], [-1.8168, 48.0501], [-1.8165, 48.0492], [-1.8162, 48.0484], [-1.8154, 48.0465], [-1.8158, 48.0466], [-1.8165, 48.0472], [-1.8179, 48.0471], [-1.8199, 48.047], [-1.8207, 48.047], [-1.821, 48.0471], [-1.8213, 48.0471], [-1.8213, 48.0473], [-1.8215, 48.0474], [-1.8219, 48.0477], [-1.823, 48.0483], [-1.8234, 48.0487], [-1.8239, 48.0491], [-1.8242, 48.0498], [-1.8241, 48.0504], [-1.8239, 48.0507], [-1.8237, 48.0508], [-1.8229, 48.0509], [-1.8226, 48.0511], [-1.8225, 48.0517], [-1.8227, 48.0526], [-1.8229, 48.0532], [-1.8229, 48.0535], [-1.8225, 48.054], [-1.8223, 48.0543], [-1.8218, 48.0548], [-1.8218, 48.0554], [-1.8225, 48.0559], [-1.8225, 48.0562], [-1.8222, 48.0566], [-1.8211, 48.0568], [-1.8204, 48.0573], [-1.8199, 48.0579], [-1.8188, 48.0588], [-1.8186, 48.059], [-1.8182, 48.0592], [-1.8184, 48.0598], [-1.8193, 48.0604], [-1.8196, 48.061], [-1.8199, 48.0614], [-1.8209, 48.0618], [-1.8216, 48.062], [-1.8221, 48.0623], [-1.8222, 48.063], [-1.8224, 48.0631], [-1.8233, 48.0636], [-1.8234, 48.0639], [-1.8233, 48.0641], [-1.8223, 48.0644], [-1.8218, 48.0646], [-1.8218, 48.0651], [-1.822, 48.0656], [-1.8222, 48.0657], [-1.8235, 48.0656], [-1.824, 48.0657], [-1.8243, 48.066], [-1.8247, 48.0667], [-1.8253, 48.0673], [-1.826, 48.0677], [-1.8266, 48.0679], [-1.8281, 48.0677], [-1.8288, 48.0679], [-1.8295, 48.0679], [-1.8298, 48.0678], [-1.8306, 48.0674], [-1.8312, 48.0673], [-1.8325, 48.0669], [-1.8332, 48.0666], [-1.8339, 48.0665], [-1.8344, 48.0667], [-1.8348, 48.0667], [-1.8354, 48.0665], [-1.836, 48.0658], [-1.8365, 48.0656], [-1.837, 48.0652], [-1.8375, 48.0645], [-1.8381, 48.064], [-1.8385, 48.0639], [-1.8388, 48.064], [-1.8395, 48.064], [-1.8405, 48.0637], [-1.8411, 48.0636], [-1.8415, 48.0638], [-1.842, 48.0642], [-1.8426, 48.0645], [-1.8446, 48.0646], [-1.8451, 48.0649], [-1.8452, 48.0651], [-1.8448, 48.0653], [-1.8449, 48.0655], [-1.8451, 48.0657], [-1.8457, 48.0657], [-1.8459, 48.0656], [-1.8473, 48.0655], [-1.8476, 48.0656], [-1.8477, 48.0658], [-1.8475, 48.066], [-1.8473, 48.0664], [-1.8469, 48.0671], [-1.8468, 48.0678], [-1.8466, 48.0682], [-1.8466, 48.0686], [-1.8471, 48.0688], [-1.8477, 48.0689], [-1.8481, 48.0687], [-1.8483, 48.0684], [-1.8488, 48.0681], [-1.8494, 48.0681], [-1.8502, 48.0682], [-1.8517, 48.0681], [-1.8525, 48.0684], [-1.8533, 48.0684], [-1.8537, 48.0686], [-1.8545, 48.0706], [-1.8547, 48.0713], [-1.8549, 48.0718], [-1.8554, 48.0722], [-1.8563, 48.0725], [-1.857, 48.0726], [-1.858, 48.0724], [-1.8598, 48.0723], [-1.8619, 48.0727], [-1.8628, 48.0727], [-1.8631, 48.0726], [-1.8635, 48.0724], [-1.8638, 48.0719], [-1.8639, 48.0712], [-1.864, 48.0706], [-1.8644, 48.0704], [-1.8653, 48.0704], [-1.8672, 48.0705], [-1.8677, 48.0707], [-1.8682, 48.0708], [-1.869, 48.0705], [-1.8696, 48.0704], [-1.8702, 48.0705], [-1.872, 48.0705], [-1.8725, 48.0706], [-1.873, 48.071], [-1.8733, 48.0711], [-1.8741, 48.0715], [-1.8746, 48.0715], [-1.8757, 48.0711]]]]}, "geometry_name": "the_geom", "properties": {"CODE_DEP": "35", "CODE_COM": "35196", "NOM_COM": "Mordelles", "AGGLO": "Rennes Métropole", "LS_RP_SRU": 17.1, "EXEMPTION": "10 - 20%", "ANNEE": "2023/01/01"}}, {"type": "Feature", "id": "l_article_302_5_cch.60", "geometry": {"type": "MultiPolygon", "coordinates": [[[[-1.6908, 48.0305], [-1.6907, 48.0308], [-1.6907, 48.0309], [-1.6913, 48.0313], [-1.6913, 48.0316], [-1.691, 48.0319], [-1.6903, 48.0323], [-1.6902, 48.0326], [-1.6903, 48.0333], [-1.6899, 48.0336], [-1.6893, 48.034], [-1.6886, 48.0341], [-1.6873, 48.0341], [-1.6871, 48.0341], [-1.6864, 48.0341], [-1.6858, 48.0339], [-1.6855, 48.0338], [-1.6847, 48.0339], [-1.6836, 48.0344], [-1.6832, 48.0347], [-1.6839, 48.0359], [-1.6828, 48.0362], [-1.6835, 48.0372], [-1.6838, 48.0372], [-1.684, 48.0377], [-1.6842, 48.0393], [-1.6847, 48.0397], [-1.6847, 48.0401], [-1.6844, 48.0403], [-1.6832, 48.0405], [-1.6827, 48.0408], [-1.681, 48.0408], [-1.6805, 48.041], [-1.6801, 48.0413], [-1.6793, 48.0415], [-1.679, 48.0419], [-1.6789, 48.0424], [-1.6788, 48.0429], [-1.678, 48.0437], [-1.6773, 48.0441], [-1.6781, 48.0447], [-1.6784, 48.0452], [-1.6791, 48.0458], [-1.6803, 48.0466], [-1.6806, 48.0468], [-1.6828, 48.0486], [-1.6831, 48.0486], [-1.6836, 48.0484], [-1.684, 48.0484], [-1.6889, 48.0495], [-1.6945, 48.0507], [-1.695, 48.0509], [-1.6958, 48.0515], [-1.6968, 48.0516], [-1.6976, 48.0517], [-1.6987, 48.0518], [-1.6996, 48.0519], [-1.7011, 48.0518], [-1.7011, 48.0516], [-1.7027, 48.0516], [-1.7029, 48.0521], [-1.7037, 48.0522], [-1.705, 48.0526], [-1.7054, 48.0529], [-1.705, 48.054], [-1.7049, 48.0548], [-1.7042, 48.0562], [-1.7024, 48.0587], [-1.702, 48.0591], [-1.7013, 48.059], [-1.7006, 48.0599], [-1.6997, 48.0622], [-1.6996, 48.0626], [-1.6995, 48.0627], [-1.6967, 48.0715], [-1.6969, 48.072], [-1.698, 48.0745], [-1.698, 48.0751], [-1.6978, 48.076], [-1.6979, 48.0765], [-1.6982, 48.0768], [-1.6986, 48.077], [-1.6995, 48.078], [-1.6999, 48.0792], [-1.6998, 48.0797], [-1.6996, 48.0802], [-1.6986, 48.0804], [-1.6955, 48.0806], [-1.6946, 48.0807], [-1.6941, 48.0807], [-1.6939, 48.0814], [-1.6925, 48.0812], [-1.6919, 48.0811], [-1.6913, 48.0814], [-1.6906, 48.0811], [-1.6902, 48.0808], [-1.6898, 48.0805], [-1.6884, 48.0805], [-1.686, 48.0806], [-1.685, 48.0803], [-1.6844, 48.0802], [-1.6841, 48.0806], [-1.6839, 48.0807], [-1.6834, 48.0808], [-1.6823, 48.081], [-1.682, 48.0814], [-1.6815, 48.0817], [-1.6809, 48.082], [-1.6804, 48.082], [-1.68, 48.0815], [-1.6795, 48.0811], [-1.6787, 48.0772], [-1.6757, 48.0776], [-1.6747, 48.0779], [-1.6744, 48.0778], [-1.6736, 48.0774], [-1.6724, 48.0772], [-1.6714, 48.0771], [-1.6715, 48.0768], [-1.6659, 48.077], [-1.6623, 48.0777], [-1.6617, 48.0778], [-1.6617, 48.0787], [-1.662, 48.0796], [-1.6621, 48.08], [-1.6623, 48.0812], [-1.6631, 48.0826], [-1.6622, 48.0829], [-1.6607, 48.0826], [-1.6596, 48.0829], [-1.6582, 48.0823], [-1.6581, 48.0815], [-1.6578, 48.0812], [-1.6562, 48.0814], [-1.6554, 48.0817], [-1.6532, 48.0818], [-1.6529, 48.0805], [-1.6526, 48.0806], [-1.6522, 48.0809], [-1.6519, 48.0809], [-1.651, 48.0802], [-1.6509, 48.0799], [-1.6507, 48.0798], [-1.6496, 48.0799], [-1.6489, 48.0789], [-1.6481, 48.0773], [-1.648, 48.0765], [-1.6481, 48.0757], [-1.648, 48.0743], [-1.6482, 48.0741], [-1.6483, 48.0736], [-1.6479, 48.0707], [-1.6432, 48.0707], [-1.6429, 48.0714], [-1.6418, 48.0713], [-1.6418, 48.0712], [-1.6423, 48.0697], [-1.6426, 48.0682], [-1.6428, 48.0674], [-1.6427, 48.0672], [-1.6397, 48.0665], [-1.6401, 48.0659], [-1.6401, 48.0659], [-1.6402, 48.0659], [-1.6405, 48.0655], [-1.6409, 48.0651], [-1.641, 48.0649], [-1.6407, 48.0646], [-1.6401, 48.0641], [-1.6401, 48.0636], [-1.6405, 48.0631], [-1.6422, 48.0617], [-1.6424, 48.0617], [-1.6434, 48.0621], [-1.6442, 48.0624], [-1.6451, 48.0624], [-1.6456, 48.0623], [-1.6464, 48.0618], [-1.647, 48.0616], [-1.648, 48.0616], [-1.6494, 48.0619], [-1.6499, 48.0619], [-1.65, 48.0616], [-1.6498, 48.0607], [-1.6499, 48.0599], [-1.6499, 48.0595], [-1.6504, 48.0585], [-1.6504, 48.0581], [-1.6499, 48.0573], [-1.651, 48.056], [-1.6512, 48.0553], [-1.6512, 48.0549], [-1.6495, 48.0549], [-1.6483, 48.0543], [-1.6472, 48.054], [-1.6461, 48.0539], [-1.6445, 48.0539], [-1.6444, 48.054], [-1.644, 48.0551], [-1.644, 48.0559], [-1.6439, 48.0563], [-1.6435, 48.0566], [-1.643, 48.0572], [-1.6423, 48.0575], [-1.6422, 48.058], [-1.6419, 48.0581], [-1.6408, 48.0581], [-1.6405, 48.0581], [-1.6399, 48.0584], [-1.6379, 48.0584], [-1.6379, 48.0589], [-1.6369, 48.0589], [-1.6366, 48.0591], [-1.6362, 48.0591], [-1.6351, 48.0591], [-1.6349, 48.0595], [-1.6329, 48.0602], [-1.6317, 48.0604], [-1.6311, 48.0603], [-1.6302, 48.0605], [-1.63, 48.0606], [-1.6293, 48.0606], [-1.6291, 48.0603], [-1.6282, 48.0601], [-1.6282, 48.0595], [-1.6274, 48.0594], [-1.6267, 48.0598], [-1.6256, 48.0594], [-1.6252, 48.059], [-1.6252, 48.0576], [-1.6257, 48.0573], [-1.6259, 48.0568], [-1.6259, 48.0562], [-1.6251, 48.0556], [-1.625, 48.0554], [-1.6256, 48.0539], [-1.6262, 48.053], [-1.6263, 48.0526], [-1.6255, 48.0523], [-1.624, 48.0517], [-1.6241, 48.0515], [-1.6243, 48.051], [-1.6242, 48.0506], [-1.6227, 48.0501], [-1.6218, 48.0496], [-1.6222, 48.049], [-1.6232, 48.0488], [-1.6237, 48.0489], [-1.6239, 48.049], [-1.624, 48.0485], [-1.6234, 48.0483], [-1.6234, 48.0478], [-1.6251, 48.0477], [-1.6271, 48.0481], [-1.6273, 48.0476], [-1.627, 48.0474], [-1.6254, 48.047], [-1.6251, 48.0463], [-1.6245, 48.0463], [-1.6244, 48.046], [-1.623, 48.0459], [-1.6231, 48.0454], [-1.6229, 48.045], [-1.6216, 48.045], [-1.6188, 48.0448], [-1.6173, 48.0429], [-1.6169, 48.0426], [-1.6163, 48.0427], [-1.6161, 48.0424], [-1.616, 48.0421], [-1.6169, 48.0421], [-1.6172, 48.042], [-1.6178, 48.0419], [-1.6184, 48.042], [-1.6197, 48.042], [-1.6205, 48.0417], [-1.6212, 48.0411], [-1.6215, 48.0406], [-1.622, 48.0402], [-1.623, 48.0399], [-1.6237, 48.0396], [-1.624, 48.0391], [-1.6241, 48.0387], [-1.6237, 48.038], [-1.6242, 48.0371], [-1.6241, 48.0363], [-1.6242, 48.036], [-1.6244, 48.0357], [-1.6249, 48.0349], [-1.6259, 48.0342], [-1.6262, 48.0335], [-1.6265, 48.0333], [-1.6279, 48.0332], [-1.6281, 48.0331], [-1.6283, 48.0326], [-1.6292, 48.0308], [-1.6293, 48.0303], [-1.629, 48.0296], [-1.6289, 48.0295], [-1.6289, 48.0291], [-1.629, 48.0288], [-1.6295, 48.0284], [-1.63, 48.0277], [-1.6306, 48.0272], [-1.6309, 48.0266], [-1.6316, 48.0262], [-1.6327, 48.026], [-1.6344, 48.026], [-1.6347, 48.0259], [-1.6355, 48.0255], [-1.6362, 48.0256], [-1.637, 48.0257], [-1.6372, 48.0259], [-1.6372, 48.0263], [-1.637, 48.027], [-1.6377, 48.0273], [-1.639, 48.0278], [-1.6396, 48.0277], [-1.6401, 48.0275], [-1.641, 48.0275], [-1.6419, 48.0276], [-1.6425, 48.0279], [-1.643, 48.0286], [-1.6435, 48.029], [-1.6443, 48.0292], [-1.6449, 48.0293], [-1.6457, 48.0289], [-1.646, 48.0289], [-1.6474, 48.0295], [-1.6483, 48.0297], [-1.6484, 48.0296], [-1.6495, 48.0288], [-1.6496, 48.0287], [-1.6493, 48.0285], [-1.6484, 48.0278], [-1.6494, 48.0271], [-1.6494, 48.0268], [-1.6505, 48.0263], [-1.6518, 48.0254], [-1.6528, 48.0254], [-1.6529, 48.0251], [-1.6531, 48.0245], [-1.6534, 48.0244], [-1.6537, 48.0249], [-1.6543, 48.0253], [-1.6555, 48.0251], [-1.6556, 48.0246], [-1.6562, 48.0243], [-1.6571, 48.024], [-1.6586, 48.0239], [-1.6593, 48.0239], [-1.6614, 48.0233], [-1.6672, 48.0229], [-1.6685, 48.0231], [-1.6691, 48.0231], [-1.6695, 48.023], [-1.6697, 48.0229], [-1.6697, 48.0235], [-1.671, 48.0236], [-1.6712, 48.0242], [-1.6715, 48.0247], [-1.6717, 48.0252], [-1.6715, 48.0256], [-1.6707, 48.0264], [-1.6706, 48.0266], [-1.6711, 48.0265], [-1.6732, 48.0263], [-1.6741, 48.0265], [-1.6761, 48.0267], [-1.6761, 48.0269], [-1.6769, 48.0269], [-1.6775, 48.0266], [-1.6778, 48.0262], [-1.6785, 48.026], [-1.6804, 48.0257], [-1.6808, 48.0276], [-1.6811, 48.0277], [-1.6814, 48.0276], [-1.6821, 48.0275], [-1.6825, 48.0279], [-1.6845, 48.0283], [-1.686, 48.0283], [-1.6861, 48.0291], [-1.6873, 48.0299], [-1.6882, 48.0299], [-1.6884, 48.0306], [-1.6888, 48.0306], [-1.6895, 48.0304], [-1.69, 48.0302], [-1.6903, 48.0301], [-1.6908, 48.0305]]]]}, "geometry_name": "the_geom", "properties": {"CODE_DEP": "35", "CODE_COM": "35206", "NOM_COM": "Noyal-Châtillon-sur-Seiche", "AGGLO": "Rennes Métropole", "LS_RP_SRU": 25.27, "EXEMPTION": "> 20%", "ANNEE": "2023/01/01"}}, {"type": "Feature", "id": "l_article_302_5_cch.61", "geometry": {"type": "MultiPolygon", "coordinates": [[[[-1.6908, 47.9924], [-1.6905, 47.9926], [-1.6882, 47.9941], [-1.6875, 47.9944], [-1.6851, 47.9961], [-1.683, 47.9976], [-1.6827, 47.9978], [-1.6806, 47.9993], [-1.6802, 47.9997], [-1.6799, 47.9999], [-1.6788, 48.0015], [-1.6783, 48.0018], [-1.677, 48.0023], [-1.6767, 48.0035], [-1.6762, 48.0035], [-1.6756, 48.0042], [-1.6755, 48.0042], [-1.6744, 48.0053], [-1.6731, 48.0054], [-1.6735, 48.0068], [-1.6735, 48.0075], [-1.6732, 48.008], [-1.6719, 48.0088], [-1.6718, 48.0089], [-1.6725, 48.0104], [-1.6726, 48.0112], [-1.6725, 48.0123], [-1.6727, 48.0141], [-1.6726, 48.0151], [-1.671, 48.0153], [-1.6709, 48.0155], [-1.6698, 48.0155], [-1.6697, 48.0158], [-1.668, 48.0161], [-1.6669, 48.0162], [-1.667, 48.0167], [-1.6647, 48.0167], [-1.6625, 48.017], [-1.662, 48.017], [-1.6621, 48.0166], [-1.6625, 48.0159], [-1.6625, 48.0159], [-1.6615, 48.0156], [-1.6613, 48.0156], [-1.6612, 48.0151], [-1.6617, 48.015], [-1.6617, 48.0148], [-1.6612, 48.0147], [-1.6603, 48.0147], [-1.6603, 48.0136], [-1.6598, 48.0134], [-1.6596, 48.0129], [-1.6595, 48.0124], [-1.6588, 48.0123], [-1.6575, 48.0123], [-1.6564, 48.0118], [-1.6564, 48.0114], [-1.6559, 48.0111], [-1.6525, 48.0094], [-1.6523, 48.0093], [-1.6521, 48.0088], [-1.6498, 48.0078], [-1.6482, 48.0073], [-1.648, 48.0074], [-1.6478, 48.0075], [-1.6469, 48.0075], [-1.6454, 48.0073], [-1.645, 48.0062], [-1.6456, 48.0057], [-1.646, 48.0057], [-1.6461, 48.0052], [-1.6462, 48.0042], [-1.6457, 48.0035], [-1.6458, 48.0026], [-1.6452, 48.0026], [-1.6433, 47.9999], [-1.6427, 47.9984], [-1.6427, 47.9978], [-1.6427, 47.9976], [-1.6425, 47.9965], [-1.6457, 47.9964], [-1.6474, 47.9965], [-1.6478, 47.9967], [-1.6481, 47.9967], [-1.6493, 47.9963], [-1.6499, 47.9963], [-1.6513, 47.9963], [-1.6527, 47.9965], [-1.6528, 47.9971], [-1.6548, 47.9975], [-1.6555, 47.9975], [-1.6562, 47.9972], [-1.6566, 47.9967], [-1.6569, 47.9954], [-1.6569, 47.9948], [-1.6561, 47.9948], [-1.656, 47.9947], [-1.6563, 47.9923], [-1.6559, 47.9921], [-1.6553, 47.9912], [-1.6549, 47.9905], [-1.6534, 47.9903], [-1.6509, 47.9902], [-1.6506, 47.9901], [-1.6504, 47.9898], [-1.6503, 47.9892], [-1.6505, 47.9883], [-1.6501, 47.9883], [-1.645, 47.9891], [-1.6449, 47.9895], [-1.6441, 47.9895], [-1.6441, 47.9898], [-1.6431, 47.9898], [-1.643, 47.9897], [-1.6417, 47.9899], [-1.6413, 47.9899], [-1.6418, 47.9894], [-1.642, 47.9891], [-1.6417, 47.9878], [-1.6419, 47.9877], [-1.6419, 47.9876], [-1.6415, 47.9868], [-1.6408, 47.9851], [-1.6406, 47.9848], [-1.6393, 47.9851], [-1.6392, 47.9849], [-1.6388, 47.9845], [-1.6385, 47.9845], [-1.6384, 47.9844], [-1.639, 47.9832], [-1.6391, 47.9828], [-1.6389, 47.9827], [-1.6373, 47.9822], [-1.6359, 47.9821], [-1.6354, 47.982], [-1.6349, 47.9816], [-1.6342, 47.9806], [-1.6337, 47.9795], [-1.6336, 47.9782], [-1.6342, 47.9778], [-1.6347, 47.9772], [-1.6348, 47.9766], [-1.6343, 47.9764], [-1.6351, 47.9757], [-1.6357, 47.9735], [-1.6386, 47.971], [-1.6393, 47.9704], [-1.6411, 47.97], [-1.6411, 47.9693], [-1.6408, 47.9674], [-1.64, 47.9658], [-1.6404, 47.9655], [-1.641, 47.9655], [-1.6423, 47.9657], [-1.6427, 47.9659], [-1.6432, 47.9661], [-1.6442, 47.966], [-1.6444, 47.966], [-1.6464, 47.9658], [-1.6471, 47.9656], [-1.6477, 47.9653], [-1.6482, 47.9651], [-1.649, 47.9647], [-1.65, 47.9659], [-1.6508, 47.9664], [-1.6518, 47.967], [-1.653, 47.9674], [-1.6534, 47.9676], [-1.6541, 47.9686], [-1.6552, 47.9697], [-1.6564, 47.9705], [-1.6566, 47.9707], [-1.657, 47.9708], [-1.6586, 47.9705], [-1.6599, 47.97], [-1.6609, 47.9699], [-1.6616, 47.9696], [-1.6617, 47.9695], [-1.6618, 47.9694], [-1.6621, 47.9696], [-1.6624, 47.9701], [-1.6631, 47.9708], [-1.6641, 47.9714], [-1.6649, 47.9721], [-1.6656, 47.9724], [-1.6658, 47.9725], [-1.6661, 47.9724], [-1.6676, 47.9715], [-1.6696, 47.9703], [-1.6717, 47.9691], [-1.6717, 47.9681], [-1.672, 47.966], [-1.6727, 47.9643], [-1.6732, 47.963], [-1.6742, 47.9601], [-1.6744, 47.9578], [-1.6746, 47.9572], [-1.6748, 47.9569], [-1.6766, 47.956], [-1.6769, 47.9552], [-1.677, 47.9552], [-1.6791, 47.9563], [-1.6803, 47.9569], [-1.6828, 47.9572], [-1.6842, 47.9571], [-1.6855, 47.9572], [-1.6863, 47.9574], [-1.6866, 47.9582], [-1.6868, 47.9585], [-1.6874, 47.9587], [-1.6901, 47.9589], [-1.6901, 47.9589], [-1.6905, 47.9604], [-1.6908, 47.961], [-1.6917, 47.9616], [-1.6918, 47.9618], [-1.6914, 47.9622], [-1.691, 47.9628], [-1.6912, 47.9633], [-1.6908, 47.9646], [-1.6908, 47.9653], [-1.691, 47.966], [-1.6895, 47.966], [-1.6895, 47.967], [-1.6896, 47.9683], [-1.69, 47.9688], [-1.6904, 47.9697], [-1.6906, 47.9718], [-1.6903, 47.9719], [-1.6903, 47.9721], [-1.6902, 47.9738], [-1.6899, 47.9745], [-1.6895, 47.9752], [-1.689, 47.976], [-1.6886, 47.9769], [-1.6888, 47.9773], [-1.6892, 47.9779], [-1.6902, 47.9786], [-1.6907, 47.9791], [-1.6909, 47.9796], [-1.6907, 47.9807], [-1.6901, 47.9818], [-1.6897, 47.9835], [-1.6886, 47.9848], [-1.6885, 47.9852], [-1.6891, 47.9862], [-1.6891, 47.9867], [-1.6893, 47.9879], [-1.6898, 47.9887], [-1.6906, 47.9889], [-1.6908, 47.9892], [-1.6907, 47.9895], [-1.6905, 47.9899], [-1.6903, 47.9906], [-1.6908, 47.9924]]]]}, "geometry_name": "the_geom", "properties": {"CODE_DEP": "35", "CODE_COM": "35208", "NOM_COM": "Orgères", "AGGLO": "Rennes Métropole", "LS_RP_SRU": 20.68, "EXEMPTION": "> 20%", "ANNEE": "2023/01/01"}}, {"type": "Feature", "id": "l_article_302_5_cch.62", "geometry": {"type": "MultiPolygon", "coordinates": [[[[-1.8219, 48.1385], [-1.8217, 48.1387], [-1.8216, 48.1391], [-1.8211, 48.1393], [-1.8209, 48.1401], [-1.8206, 48.1407], [-1.82, 48.1408], [-1.8196, 48.1415], [-1.8193, 48.1415], [-1.8191, 48.1414], [-1.8188, 48.1415], [-1.8187, 48.1414], [-1.8185, 48.1413], [-1.8181, 48.1416], [-1.818, 48.1418], [-1.8185, 48.1421], [-1.8185, 48.1425], [-1.8179, 48.1425], [-1.8173, 48.1426], [-1.8172, 48.1439], [-1.8161, 48.1439], [-1.816, 48.1437], [-1.8141, 48.1436], [-1.8135, 48.1436], [-1.8133, 48.1443], [-1.8135, 48.1444], [-1.814, 48.145], [-1.8141, 48.1454], [-1.8156, 48.1456], [-1.8156, 48.1458], [-1.8149, 48.1462], [-1.8151, 48.1465], [-1.8158, 48.1468], [-1.8158, 48.1471], [-1.8157, 48.1472], [-1.814, 48.1474], [-1.8139, 48.1476], [-1.8139, 48.1493], [-1.8132, 48.1493], [-1.8116, 48.149], [-1.8113, 48.149], [-1.8105, 48.1493], [-1.8099, 48.1496], [-1.8094, 48.15], [-1.8089, 48.1501], [-1.8081, 48.1504], [-1.806, 48.1508], [-1.806, 48.1509], [-1.8065, 48.151], [-1.8076, 48.1517], [-1.8078, 48.1525], [-1.8083, 48.1526], [-1.8098, 48.1532], [-1.8099, 48.155], [-1.8106, 48.155], [-1.8112, 48.1551], [-1.8125, 48.1552], [-1.8131, 48.1554], [-1.8137, 48.1559], [-1.8147, 48.1561], [-1.8163, 48.1563], [-1.8163, 48.1563], [-1.8161, 48.1565], [-1.8161, 48.157], [-1.8159, 48.1575], [-1.8155, 48.1578], [-1.8156, 48.1581], [-1.816, 48.1582], [-1.816, 48.1583], [-1.8156, 48.1585], [-1.8157, 48.1588], [-1.8156, 48.1589], [-1.8156, 48.159], [-1.8164, 48.1592], [-1.8166, 48.1595], [-1.8172, 48.1598], [-1.8172, 48.16], [-1.8174, 48.1601], [-1.8175, 48.1603], [-1.8179, 48.1603], [-1.8182, 48.1603], [-1.8193, 48.1607], [-1.821, 48.1611], [-1.8218, 48.1611], [-1.8223, 48.1612], [-1.8227, 48.1616], [-1.8232, 48.1618], [-1.8233, 48.162], [-1.8235, 48.1621], [-1.8236, 48.1622], [-1.8238, 48.1623], [-1.8236, 48.1626], [-1.8239, 48.1629], [-1.8237, 48.1633], [-1.824, 48.1637], [-1.8245, 48.1638], [-1.8249, 48.1641], [-1.8249, 48.1643], [-1.825, 48.1646], [-1.8251, 48.1652], [-1.8256, 48.1656], [-1.8256, 48.1658], [-1.8253, 48.166], [-1.8254, 48.1661], [-1.8254, 48.1666], [-1.8252, 48.167], [-1.8244, 48.1675], [-1.8245, 48.1679], [-1.8228, 48.1679], [-1.8222, 48.1678], [-1.8218, 48.1679], [-1.8216, 48.168], [-1.8206, 48.1681], [-1.8201, 48.1684], [-1.8197, 48.1693], [-1.8195, 48.1695], [-1.8192, 48.1699], [-1.8188, 48.1701], [-1.8181, 48.1702], [-1.8168, 48.1698], [-1.8163, 48.1697], [-1.8151, 48.1698], [-1.8145, 48.1697], [-1.8134, 48.1695], [-1.8132, 48.1695], [-1.8123, 48.1703], [-1.8121, 48.1711], [-1.8102, 48.1708], [-1.8096, 48.1707], [-1.8094, 48.1708], [-1.8089, 48.1734], [-1.8091, 48.1758], [-1.809, 48.1771], [-1.809, 48.1796], [-1.809, 48.1809], [-1.8093, 48.1819], [-1.8096, 48.1823], [-1.8104, 48.1828], [-1.8111, 48.1841], [-1.8115, 48.1846], [-1.8115, 48.1849], [-1.8079, 48.1859], [-1.8076, 48.1859], [-1.8073, 48.1844], [-1.8053, 48.1842], [-1.8036, 48.1842], [-1.8012, 48.1847], [-1.7993, 48.1847], [-1.7961, 48.1844], [-1.795, 48.1842], [-1.7911, 48.1831], [-1.7897, 48.183], [-1.7889, 48.1829], [-1.7872, 48.1825], [-1.7821, 48.1821], [-1.782, 48.1821], [-1.7816, 48.1822], [-1.7813, 48.1824], [-1.7821, 48.1833], [-1.7822, 48.1838], [-1.7815, 48.1837], [-1.7807, 48.1834], [-1.7801, 48.1834], [-1.7794, 48.184], [-1.779, 48.1841], [-1.7785, 48.1843], [-1.7777, 48.1848], [-1.7775, 48.1851], [-1.777, 48.1854], [-1.7765, 48.1867], [-1.7764, 48.1869], [-1.7751, 48.1867], [-1.7748, 48.1871], [-1.774, 48.1872], [-1.7723, 48.187], [-1.7687, 48.1865], [-1.7679, 48.1862], [-1.7679, 48.1859], [-1.7654, 48.1857], [-1.7652, 48.1857], [-1.7651, 48.1865], [-1.7654, 48.1869], [-1.7654, 48.187], [-1.7637, 48.1868], [-1.7616, 48.1866], [-1.7615, 48.1857], [-1.7616, 48.1853], [-1.7624, 48.1846], [-1.7628, 48.1844], [-1.763, 48.1842], [-1.7629, 48.1838], [-1.7628, 48.1836], [-1.7623, 48.182], [-1.7615, 48.1798], [-1.7609, 48.1773], [-1.7609, 48.1767], [-1.761, 48.1764], [-1.7601, 48.1763], [-1.76, 48.1754], [-1.7596, 48.1749], [-1.7597, 48.1743], [-1.7599, 48.1741], [-1.7601, 48.174], [-1.7602, 48.1736], [-1.7601, 48.1725], [-1.7606, 48.1717], [-1.763, 48.1698], [-1.7631, 48.1695], [-1.7613, 48.1685], [-1.7611, 48.1682], [-1.7617, 48.1664], [-1.7598, 48.166], [-1.7574, 48.1642], [-1.7568, 48.164], [-1.7565, 48.164], [-1.7558, 48.1633], [-1.7554, 48.1631], [-1.7547, 48.1632], [-1.7539, 48.1636], [-1.7534, 48.1636], [-1.7508, 48.1628], [-1.7498, 48.1627], [-1.7491, 48.1624], [-1.7477, 48.1625], [-1.7465, 48.1622], [-1.7462, 48.1621], [-1.7457, 48.1614], [-1.7455, 48.1612], [-1.7442, 48.1613], [-1.7429, 48.1616], [-1.7424, 48.162], [-1.7426, 48.1631], [-1.7424, 48.1638], [-1.7418, 48.1641], [-1.7407, 48.165], [-1.7387, 48.1661], [-1.7382, 48.1663], [-1.7377, 48.1662], [-1.7357, 48.1656], [-1.7351, 48.1653], [-1.7348, 48.1645], [-1.7342, 48.1637], [-1.734, 48.1631], [-1.7333, 48.1625], [-1.7326, 48.1615], [-1.7323, 48.1611], [-1.7318, 48.1607], [-1.7311, 48.16], [-1.7308, 48.1598], [-1.7307, 48.1597], [-1.7309, 48.1594], [-1.7314, 48.159], [-1.7317, 48.159], [-1.7329, 48.159], [-1.7342, 48.159], [-1.7344, 48.1589], [-1.7344, 48.1584], [-1.7348, 48.1568], [-1.735, 48.1565], [-1.7355, 48.1547], [-1.7356, 48.1539], [-1.7327, 48.1532], [-1.7313, 48.153], [-1.7296, 48.1531], [-1.7289, 48.1533], [-1.7283, 48.1534], [-1.7266, 48.1532], [-1.7264, 48.1531], [-1.7263, 48.1525], [-1.7253, 48.1524], [-1.7256, 48.1499], [-1.7248, 48.1495], [-1.7233, 48.1491], [-1.7238, 48.148], [-1.7238, 48.1473], [-1.7237, 48.1465], [-1.7238, 48.1457], [-1.7242, 48.1448], [-1.7247, 48.1444], [-1.725, 48.144], [-1.725, 48.144], [-1.7271, 48.1421], [-1.7282, 48.1401], [-1.7279, 48.1384], [-1.7275, 48.1353], [-1.7276, 48.1353], [-1.7282, 48.1354], [-1.7286, 48.1357], [-1.7291, 48.1359], [-1.7296, 48.1363], [-1.73, 48.1363], [-1.7304, 48.1361], [-1.7308, 48.1361], [-1.7313, 48.1363], [-1.7323, 48.1363], [-1.7329, 48.1366], [-1.7336, 48.1366], [-1.734, 48.1362], [-1.7342, 48.1362], [-1.7345, 48.1363], [-1.7349, 48.1363], [-1.7349, 48.1362], [-1.7353, 48.1354], [-1.7363, 48.1354], [-1.7368, 48.1346], [-1.7378, 48.1347], [-1.738, 48.1343], [-1.7386, 48.1336], [-1.7389, 48.133], [-1.7396, 48.1316], [-1.7397, 48.1314], [-1.7406, 48.1314], [-1.7417, 48.1317], [-1.7422, 48.1319], [-1.7429, 48.1319], [-1.7429, 48.1319], [-1.7438, 48.1324], [-1.7453, 48.1326], [-1.7458, 48.1318], [-1.7463, 48.1307], [-1.7466, 48.1303], [-1.7472, 48.1306], [-1.7486, 48.131], [-1.7492, 48.1312], [-1.7494, 48.1311], [-1.7492, 48.13], [-1.7531, 48.1306], [-1.7533, 48.1303], [-1.7537, 48.1299], [-1.755, 48.1282], [-1.7558, 48.1276], [-1.7565, 48.1269], [-1.757, 48.127], [-1.7579, 48.1269], [-1.7587, 48.1242], [-1.7593, 48.1243], [-1.7611, 48.1241], [-1.7615, 48.1242], [-1.7621, 48.1246], [-1.7625, 48.1246], [-1.7627, 48.1245], [-1.7627, 48.1238], [-1.7628, 48.1236], [-1.7637, 48.1236], [-1.7669, 48.1241], [-1.7672, 48.1244], [-1.768, 48.1245], [-1.7688, 48.1245], [-1.7694, 48.1245], [-1.7702, 48.1244], [-1.7714, 48.1248], [-1.7724, 48.1251], [-1.7729, 48.1251], [-1.7732, 48.1242], [-1.7739, 48.1243], [-1.7761, 48.1247], [-1.7767, 48.1249], [-1.7777, 48.123], [-1.7783, 48.1225], [-1.7786, 48.1223], [-1.7789, 48.1224], [-1.7804, 48.1228], [-1.7807, 48.1228], [-1.781, 48.1219], [-1.7814, 48.121], [-1.7815, 48.1209], [-1.7816, 48.121], [-1.7822, 48.121], [-1.783, 48.1208], [-1.7843, 48.1208], [-1.7846, 48.1207], [-1.785, 48.1202], [-1.7853, 48.1201], [-1.7858, 48.1199], [-1.7867, 48.1199], [-1.7872, 48.1198], [-1.7876, 48.1197], [-1.788, 48.1202], [-1.7884, 48.1202], [-1.7885, 48.1201], [-1.7886, 48.1196], [-1.7888, 48.1195], [-1.789, 48.1197], [-1.7893, 48.1197], [-1.7897, 48.1196], [-1.7899, 48.1197], [-1.7902, 48.12], [-1.7905, 48.12], [-1.7905, 48.1199], [-1.7909, 48.1198], [-1.791, 48.1199], [-1.7909, 48.1205], [-1.7912, 48.1206], [-1.7916, 48.1206], [-1.7917, 48.1206], [-1.7918, 48.1212], [-1.7923, 48.1214], [-1.7925, 48.1216], [-1.7935, 48.122], [-1.7936, 48.1223], [-1.7931, 48.1228], [-1.793, 48.1234], [-1.7921, 48.1239], [-1.7926, 48.1257], [-1.7935, 48.1263], [-1.7942, 48.1268], [-1.7948, 48.1268], [-1.7953, 48.1271], [-1.7961, 48.127], [-1.7972, 48.1271], [-1.7977, 48.1274], [-1.7983, 48.1276], [-1.799, 48.1281], [-1.7997, 48.1283], [-1.8, 48.1285], [-1.8022, 48.1281], [-1.8027, 48.1287], [-1.8031, 48.1291], [-1.8036, 48.1295], [-1.8043, 48.1298], [-1.8049, 48.13], [-1.8057, 48.1302], [-1.8079, 48.1305], [-1.811, 48.1308], [-1.8134, 48.131], [-1.8156, 48.1308], [-1.8156, 48.1321], [-1.8149, 48.1328], [-1.8143, 48.1334], [-1.8134, 48.1336], [-1.8127, 48.1346], [-1.8122, 48.1349], [-1.8125, 48.1356], [-1.8152, 48.136], [-1.8155, 48.1365], [-1.8167, 48.1364], [-1.8202, 48.1359], [-1.8216, 48.1362], [-1.8225, 48.1363], [-1.8231, 48.1365], [-1.8232, 48.1367], [-1.823, 48.1368], [-1.8232, 48.1372], [-1.8228, 48.1372], [-1.8227, 48.1374], [-1.8228, 48.1374], [-1.823, 48.1377], [-1.8224, 48.1378], [-1.8223, 48.138], [-1.822, 48.1382], [-1.8219, 48.1385]]]]}, "geometry_name": "the_geom", "properties": {"CODE_DEP": "35", "CODE_COM": "35210", "NOM_COM": "Pacé", "AGGLO": "Rennes Métropole", "LS_RP_SRU": 17.62, "EXEMPTION": "10 - 20%", "ANNEE": "2023/01/01"}}, {"type": "Feature", "id": "l_article_302_5_cch.63", "geometry": {"type": "MultiPolygon", "coordinates": [[[[-1.6996, 48.0802], [-1.6996, 48.0804], [-1.6998, 48.0807], [-1.7001, 48.081], [-1.701, 48.081], [-1.7016, 48.0815], [-1.7022, 48.0813], [-1.7029, 48.0811], [-1.7031, 48.0811], [-1.704, 48.0816], [-1.704, 48.0819], [-1.7037, 48.0823], [-1.7029, 48.084], [-1.7022, 48.0846], [-1.7015, 48.0851], [-1.7004, 48.0855], [-1.6994, 48.0858], [-1.6989, 48.086], [-1.6985, 48.0864], [-1.6981, 48.0866], [-1.6969, 48.0867], [-1.6968, 48.0867], [-1.6963, 48.0868], [-1.6962, 48.0867], [-1.6958, 48.0863], [-1.6955, 48.0863], [-1.6948, 48.0864], [-1.6947, 48.0865], [-1.6933, 48.0868], [-1.693, 48.0869], [-1.693, 48.0885], [-1.6926, 48.0898], [-1.6928, 48.0904], [-1.6911, 48.0933], [-1.6909, 48.0936], [-1.6904, 48.0946], [-1.6893, 48.0963], [-1.6893, 48.0965], [-1.6941, 48.0971], [-1.6957, 48.0971], [-1.6981, 48.0968], [-1.7022, 48.0959], [-1.7047, 48.0957], [-1.7068, 48.0954], [-1.7097, 48.0948], [-1.7122, 48.094], [-1.714, 48.0932], [-1.7147, 48.0926], [-1.7163, 48.0922], [-1.7187, 48.0914], [-1.7207, 48.0905], [-1.7219, 48.0897], [-1.7223, 48.0893], [-1.7226, 48.0891], [-1.7243, 48.0881], [-1.7254, 48.0866], [-1.7256, 48.0866], [-1.7268, 48.0869], [-1.7275, 48.087], [-1.7289, 48.0859], [-1.729, 48.0857], [-1.7283, 48.0847], [-1.7293, 48.0843], [-1.7309, 48.0839], [-1.7315, 48.0836], [-1.7347, 48.0827], [-1.7381, 48.0814], [-1.7414, 48.0799], [-1.7418, 48.0798], [-1.7425, 48.08], [-1.7439, 48.0805], [-1.7451, 48.0807], [-1.7486, 48.0808], [-1.7502, 48.0812], [-1.7505, 48.0813], [-1.7517, 48.0816], [-1.7509, 48.0832], [-1.7507, 48.084], [-1.7499, 48.0844], [-1.7496, 48.0851], [-1.7501, 48.0855], [-1.7513, 48.0859], [-1.752, 48.0865], [-1.7525, 48.0871], [-1.7526, 48.0876], [-1.7526, 48.0877], [-1.7518, 48.0915], [-1.7513, 48.092], [-1.7495, 48.0931], [-1.7486, 48.0936], [-1.7475, 48.0945], [-1.7467, 48.0953], [-1.7464, 48.0962], [-1.7457, 48.0971], [-1.745, 48.0977], [-1.7439, 48.099], [-1.743, 48.0998], [-1.743, 48.0995], [-1.7427, 48.0994], [-1.7425, 48.0993], [-1.7421, 48.0993], [-1.742, 48.0997], [-1.7421, 48.1004], [-1.7402, 48.1013], [-1.739, 48.1015], [-1.7379, 48.1019], [-1.7365, 48.1023], [-1.7354, 48.1031], [-1.7343, 48.1038], [-1.7342, 48.1039], [-1.7347, 48.1052], [-1.7352, 48.1052], [-1.7354, 48.1054], [-1.7361, 48.1055], [-1.7363, 48.1058], [-1.7362, 48.1064], [-1.7366, 48.1071], [-1.7361, 48.1078], [-1.7364, 48.1087], [-1.7367, 48.1099], [-1.7279, 48.1108], [-1.7279, 48.1111], [-1.728, 48.1113], [-1.7284, 48.1115], [-1.7288, 48.112], [-1.7294, 48.1131], [-1.7299, 48.1138], [-1.7309, 48.1148], [-1.7309, 48.1151], [-1.7302, 48.1157], [-1.7286, 48.1166], [-1.7271, 48.1171], [-1.7265, 48.1171], [-1.7261, 48.1171], [-1.7258, 48.1171], [-1.7245, 48.119], [-1.7247, 48.1203], [-1.7246, 48.1206], [-1.7241, 48.1212], [-1.724, 48.1215], [-1.7247, 48.122], [-1.7257, 48.1224], [-1.7279, 48.1227], [-1.73, 48.1232], [-1.7301, 48.1233], [-1.7298, 48.1238], [-1.7286, 48.125], [-1.7284, 48.1254], [-1.7291, 48.1256], [-1.7298, 48.1262], [-1.7306, 48.1265], [-1.731, 48.1269], [-1.732, 48.1273], [-1.7345, 48.1281], [-1.7355, 48.1285], [-1.7359, 48.129], [-1.7365, 48.1293], [-1.737, 48.1297], [-1.7377, 48.1302], [-1.7386, 48.1304], [-1.7391, 48.1307], [-1.7394, 48.1312], [-1.7396, 48.1313], [-1.7397, 48.1314], [-1.7396, 48.1316], [-1.7389, 48.133], [-1.7386, 48.1336], [-1.738, 48.1343], [-1.7378, 48.1347], [-1.7368, 48.1346], [-1.7363, 48.1354], [-1.7353, 48.1354], [-1.7349, 48.1362], [-1.7349, 48.1363], [-1.7345, 48.1363], [-1.7342, 48.1362], [-1.734, 48.1362], [-1.7336, 48.1366], [-1.7329, 48.1366], [-1.7323, 48.1363], [-1.7313, 48.1363], [-1.7308, 48.1361], [-1.7304, 48.1361], [-1.73, 48.1363], [-1.7296, 48.1363], [-1.7291, 48.1359], [-1.7286, 48.1357], [-1.7282, 48.1354], [-1.7276, 48.1353], [-1.7275, 48.1353], [-1.7279, 48.1384], [-1.7282, 48.1401], [-1.7271, 48.1421], [-1.725, 48.144], [-1.725, 48.144], [-1.7216, 48.1432], [-1.72, 48.1429], [-1.7191, 48.1426], [-1.7179, 48.1425], [-1.7175, 48.1428], [-1.7161, 48.1429], [-1.715, 48.1432], [-1.7131, 48.1433], [-1.7129, 48.1431], [-1.7128, 48.1429], [-1.711, 48.1431], [-1.7108, 48.1433], [-1.7091, 48.1438], [-1.7089, 48.144], [-1.708, 48.1441], [-1.706, 48.1441], [-1.7046, 48.1439], [-1.7026, 48.144], [-1.7025, 48.1438], [-1.7023, 48.1432], [-1.7014, 48.1419], [-1.6997, 48.1399], [-1.6986, 48.1384], [-1.6983, 48.1381], [-1.6977, 48.1371], [-1.6974, 48.1366], [-1.6945, 48.1342], [-1.6923, 48.1326], [-1.6921, 48.1327], [-1.689, 48.1344], [-1.6868, 48.1344], [-1.6823, 48.1351], [-1.6815, 48.1349], [-1.6802, 48.1346], [-1.6793, 48.1349], [-1.6788, 48.1351], [-1.6782, 48.1353], [-1.6775, 48.1357], [-1.6771, 48.1359], [-1.6763, 48.1364], [-1.6754, 48.1376], [-1.6753, 48.1378], [-1.6751, 48.1377], [-1.674, 48.137], [-1.6737, 48.1367], [-1.6729, 48.1366], [-1.6718, 48.1366], [-1.6712, 48.1375], [-1.671, 48.1377], [-1.6706, 48.1377], [-1.6699, 48.1374], [-1.6697, 48.1374], [-1.6691, 48.1383], [-1.6677, 48.1396], [-1.6673, 48.1402], [-1.6665, 48.1403], [-1.6662, 48.1414], [-1.6663, 48.1418], [-1.6652, 48.1418], [-1.6638, 48.1417], [-1.6627, 48.143], [-1.662, 48.1427], [-1.6615, 48.1425], [-1.6599, 48.1427], [-1.6598, 48.1431], [-1.6571, 48.1429], [-1.6571, 48.1427], [-1.6557, 48.1426], [-1.6535, 48.1422], [-1.6534, 48.1421], [-1.6533, 48.1412], [-1.6511, 48.1412], [-1.6511, 48.1407], [-1.6506, 48.1408], [-1.6498, 48.1412], [-1.6494, 48.1417], [-1.649, 48.1422], [-1.6477, 48.1435], [-1.6472, 48.1443], [-1.6469, 48.1451], [-1.6428, 48.1448], [-1.6427, 48.1448], [-1.6411, 48.1462], [-1.6406, 48.1466], [-1.6402, 48.1471], [-1.6404, 48.1474], [-1.6412, 48.1484], [-1.6402, 48.1489], [-1.6394, 48.1493], [-1.6396, 48.1498], [-1.6397, 48.1505], [-1.64, 48.1508], [-1.6395, 48.151], [-1.6393, 48.1511], [-1.6388, 48.1506], [-1.6383, 48.1497], [-1.6375, 48.1498], [-1.6367, 48.1497], [-1.6356, 48.1496], [-1.635, 48.1492], [-1.6337, 48.1493], [-1.6336, 48.1495], [-1.6336, 48.1498], [-1.6325, 48.1498], [-1.6323, 48.1507], [-1.6318, 48.1516], [-1.6313, 48.1522], [-1.6311, 48.1527], [-1.6308, 48.1531], [-1.6304, 48.1533], [-1.6301, 48.1537], [-1.63, 48.1545], [-1.6297, 48.1549], [-1.6268, 48.1548], [-1.625, 48.1549], [-1.6244, 48.1484], [-1.6248, 48.1462], [-1.625, 48.1457], [-1.6267, 48.1457], [-1.6276, 48.1458], [-1.6284, 48.1457], [-1.6294, 48.1454], [-1.6297, 48.145], [-1.632, 48.1404], [-1.633, 48.1394], [-1.6338, 48.1389], [-1.6366, 48.1356], [-1.6366, 48.1353], [-1.6363, 48.1346], [-1.6358, 48.1342], [-1.6356, 48.1341], [-1.6356, 48.1339], [-1.6356, 48.1333], [-1.6351, 48.1324], [-1.6349, 48.1322], [-1.6345, 48.1322], [-1.6334, 48.1327], [-1.6332, 48.1326], [-1.6329, 48.1316], [-1.6311, 48.13], [-1.6293, 48.1281], [-1.6287, 48.1272], [-1.6286, 48.1264], [-1.628, 48.1253], [-1.6281, 48.1245], [-1.6284, 48.1239], [-1.6285, 48.1225], [-1.6291, 48.1219], [-1.6309, 48.1207], [-1.6315, 48.1201], [-1.632, 48.118], [-1.6341, 48.114], [-1.6342, 48.114], [-1.6371, 48.114], [-1.6371, 48.1139], [-1.6349, 48.1115], [-1.6339, 48.1105], [-1.6335, 48.1073], [-1.6337, 48.1072], [-1.6347, 48.1069], [-1.6347, 48.1067], [-1.6346, 48.1057], [-1.6337, 48.1043], [-1.6329, 48.1028], [-1.6321, 48.1025], [-1.6312, 48.102], [-1.6302, 48.1015], [-1.6298, 48.1016], [-1.6286, 48.1014], [-1.6283, 48.1013], [-1.6255, 48.1002], [-1.6246, 48.0998], [-1.6249, 48.0994], [-1.6255, 48.0978], [-1.6257, 48.0964], [-1.6258, 48.0939], [-1.6266, 48.0922], [-1.6268, 48.0911], [-1.627, 48.0908], [-1.6274, 48.0906], [-1.6277, 48.0902], [-1.6278, 48.0898], [-1.6275, 48.0893], [-1.6277, 48.0888], [-1.6292, 48.0879], [-1.6307, 48.0871], [-1.6313, 48.087], [-1.6324, 48.0871], [-1.6332, 48.0871], [-1.6338, 48.087], [-1.6347, 48.0866], [-1.6353, 48.086], [-1.6357, 48.0854], [-1.6357, 48.0845], [-1.6358, 48.084], [-1.6361, 48.084], [-1.637, 48.0844], [-1.6376, 48.0843], [-1.6379, 48.084], [-1.6379, 48.0833], [-1.6381, 48.0829], [-1.6386, 48.0827], [-1.6401, 48.0826], [-1.6411, 48.0823], [-1.6412, 48.0821], [-1.641, 48.0819], [-1.6409, 48.0817], [-1.6411, 48.0814], [-1.6419, 48.0815], [-1.6431, 48.0815], [-1.6435, 48.0814], [-1.6439, 48.0811], [-1.6445, 48.0809], [-1.6446, 48.0808], [-1.6445, 48.0806], [-1.6447, 48.0803], [-1.6455, 48.0799], [-1.6465, 48.08], [-1.6468, 48.0799], [-1.6475, 48.0798], [-1.6487, 48.08], [-1.6496, 48.0799], [-1.6507, 48.0798], [-1.6509, 48.0799], [-1.651, 48.0802], [-1.6519, 48.0809], [-1.6522, 48.0809], [-1.6526, 48.0806], [-1.6529, 48.0805], [-1.6532, 48.0818], [-1.6554, 48.0817], [-1.6562, 48.0814], [-1.6578, 48.0812], [-1.6581, 48.0815], [-1.6582, 48.0823], [-1.6596, 48.0829], [-1.6607, 48.0826], [-1.6622, 48.0829], [-1.6631, 48.0826], [-1.6623, 48.0812], [-1.6621, 48.08], [-1.662, 48.0796], [-1.6617, 48.0787], [-1.6617, 48.0778], [-1.6623, 48.0777], [-1.6659, 48.077], [-1.6715, 48.0768], [-1.6714, 48.0771], [-1.6724, 48.0772], [-1.6736, 48.0774], [-1.6744, 48.0778], [-1.6747, 48.0779], [-1.6757, 48.0776], [-1.6787, 48.0772], [-1.6795, 48.0811], [-1.68, 48.0815], [-1.6804, 48.082], [-1.6809, 48.082], [-1.6815, 48.0817], [-1.682, 48.0814], [-1.6823, 48.081], [-1.6834, 48.0808], [-1.6839, 48.0807], [-1.6841, 48.0806], [-1.6844, 48.0802], [-1.685, 48.0803], [-1.686, 48.0806], [-1.6884, 48.0805], [-1.6898, 48.0805], [-1.6902, 48.0808], [-1.6906, 48.0811], [-1.6913, 48.0814], [-1.6919, 48.0811], [-1.6925, 48.0812], [-1.6939, 48.0814], [-1.6941, 48.0807], [-1.6946, 48.0807], [-1.6955, 48.0806], [-1.6986, 48.0804], [-1.6996, 48.0802]]]]}, "geometry_name": "the_geom", "properties": {"CODE_DEP": "35", "CODE_COM": "35238", "NOM_COM": "Rennes", "AGGLO": "Rennes Métropole", "LS_RP_SRU": 31.95, "EXEMPTION": "> 20%", "ANNEE": "2023/01/01"}}, {"type": "Feature", "id": "l_article_302_5_cch.64", "geometry": {"type": "MultiPolygon", "coordinates": [[[[-1.7595, 48.0713], [-1.7598, 48.0717], [-1.7604, 48.0725], [-1.7612, 48.0726], [-1.7612, 48.0731], [-1.7626, 48.0735], [-1.763, 48.0735], [-1.7637, 48.0727], [-1.7642, 48.0727], [-1.7658, 48.0728], [-1.7667, 48.0728], [-1.7665, 48.0715], [-1.7685, 48.0707], [-1.771, 48.0717], [-1.7726, 48.0712], [-1.7762, 48.0734], [-1.7763, 48.0735], [-1.7767, 48.0738], [-1.7772, 48.0741], [-1.7779, 48.0742], [-1.7782, 48.074], [-1.7786, 48.074], [-1.7822, 48.0749], [-1.7824, 48.0754], [-1.7827, 48.0776], [-1.7832, 48.0778], [-1.7843, 48.0786], [-1.7857, 48.0792], [-1.7863, 48.0797], [-1.7866, 48.0806], [-1.7872, 48.0813], [-1.7877, 48.0814], [-1.7895, 48.0815], [-1.7922, 48.0814], [-1.7937, 48.0811], [-1.794, 48.0809], [-1.7941, 48.0813], [-1.7938, 48.0826], [-1.7938, 48.083], [-1.7937, 48.0841], [-1.7942, 48.0845], [-1.7953, 48.0847], [-1.7964, 48.0848], [-1.7978, 48.0844], [-1.7979, 48.0847], [-1.7972, 48.0854], [-1.7985, 48.0866], [-1.7987, 48.0871], [-1.7976, 48.0878], [-1.7969, 48.0893], [-1.7962, 48.0896], [-1.796, 48.0899], [-1.796, 48.0903], [-1.7964, 48.0906], [-1.7967, 48.0913], [-1.7967, 48.0918], [-1.7969, 48.0921], [-1.7973, 48.0921], [-1.798, 48.0919], [-1.7985, 48.0919], [-1.7988, 48.0921], [-1.7993, 48.0931], [-1.7998, 48.0936], [-1.8003, 48.0937], [-1.801, 48.0935], [-1.8024, 48.0931], [-1.8036, 48.0926], [-1.8041, 48.0927], [-1.8047, 48.0923], [-1.8049, 48.0922], [-1.8058, 48.0922], [-1.8062, 48.0923], [-1.8073, 48.0924], [-1.8082, 48.0928], [-1.809, 48.0932], [-1.8096, 48.0936], [-1.8098, 48.094], [-1.8102, 48.0942], [-1.8104, 48.0944], [-1.8116, 48.0947], [-1.8129, 48.0948], [-1.8133, 48.0953], [-1.8144, 48.0956], [-1.8149, 48.0959], [-1.8152, 48.0964], [-1.8153, 48.0973], [-1.8159, 48.0981], [-1.8161, 48.0981], [-1.8192, 48.0981], [-1.8205, 48.0983], [-1.8214, 48.0987], [-1.8228, 48.0986], [-1.8231, 48.0991], [-1.8235, 48.0991], [-1.8248, 48.0986], [-1.825, 48.0986], [-1.8254, 48.0993], [-1.8256, 48.1], [-1.8267, 48.1], [-1.8274, 48.1002], [-1.8286, 48.1001], [-1.8288, 48.1], [-1.8292, 48.1001], [-1.8299, 48.1004], [-1.8306, 48.1003], [-1.8313, 48.1001], [-1.8322, 48.0995], [-1.833, 48.0994], [-1.8332, 48.0997], [-1.8321, 48.1015], [-1.8327, 48.1029], [-1.8328, 48.1037], [-1.8329, 48.104], [-1.8309, 48.1049], [-1.8293, 48.1053], [-1.8292, 48.1055], [-1.8293, 48.1066], [-1.8278, 48.1068], [-1.8274, 48.1066], [-1.8268, 48.1063], [-1.8251, 48.1056], [-1.8242, 48.1054], [-1.8218, 48.1053], [-1.8213, 48.1054], [-1.8212, 48.1064], [-1.8203, 48.1064], [-1.8172, 48.106], [-1.8169, 48.106], [-1.8163, 48.1074], [-1.8155, 48.1085], [-1.8147, 48.1091], [-1.8138, 48.1094], [-1.8128, 48.11], [-1.8128, 48.1101], [-1.8121, 48.1105], [-1.8118, 48.1112], [-1.8098, 48.1114], [-1.8096, 48.112], [-1.8086, 48.112], [-1.8075, 48.1118], [-1.8075, 48.1117], [-1.8071, 48.1116], [-1.8065, 48.1116], [-1.8053, 48.1109], [-1.8045, 48.1107], [-1.8036, 48.1105], [-1.8032, 48.1104], [-1.8016, 48.1103], [-1.7992, 48.11], [-1.7984, 48.1099], [-1.7975, 48.1098], [-1.7971, 48.1097], [-1.7968, 48.1107], [-1.7966, 48.1113], [-1.7976, 48.1114], [-1.7978, 48.112], [-1.7974, 48.1134], [-1.7978, 48.1137], [-1.7982, 48.1141], [-1.7985, 48.1147], [-1.7986, 48.1152], [-1.7991, 48.1152], [-1.799, 48.1159], [-1.7989, 48.1165], [-1.7991, 48.1168], [-1.7999, 48.1181], [-1.7999, 48.1185], [-1.7999, 48.1196], [-1.8001, 48.1203], [-1.799, 48.1207], [-1.798, 48.12], [-1.7975, 48.12], [-1.7972, 48.1203], [-1.7957, 48.1225], [-1.795, 48.1233], [-1.7949, 48.1233], [-1.793, 48.1234], [-1.7931, 48.1228], [-1.7936, 48.1223], [-1.7935, 48.122], [-1.7925, 48.1216], [-1.7923, 48.1214], [-1.7918, 48.1212], [-1.7917, 48.1206], [-1.7916, 48.1206], [-1.7912, 48.1206], [-1.7909, 48.1205], [-1.791, 48.1199], [-1.7909, 48.1198], [-1.7905, 48.1199], [-1.7905, 48.12], [-1.7902, 48.12], [-1.7899, 48.1197], [-1.7897, 48.1196], [-1.7893, 48.1197], [-1.789, 48.1197], [-1.7888, 48.1195], [-1.7886, 48.1196], [-1.7885, 48.1201], [-1.7884, 48.1202], [-1.788, 48.1202], [-1.7876, 48.1197], [-1.7872, 48.1198], [-1.7867, 48.1199], [-1.7858, 48.1199], [-1.7853, 48.1201], [-1.785, 48.1202], [-1.7846, 48.1207], [-1.7843, 48.1208], [-1.783, 48.1208], [-1.7822, 48.121], [-1.7816, 48.121], [-1.7815, 48.1209], [-1.781, 48.1202], [-1.7801, 48.1195], [-1.7799, 48.1195], [-1.7799, 48.1191], [-1.7798, 48.1187], [-1.7799, 48.1184], [-1.7797, 48.1182], [-1.7792, 48.1179], [-1.7784, 48.1179], [-1.778, 48.1177], [-1.7773, 48.1177], [-1.7767, 48.1173], [-1.7763, 48.1173], [-1.7762, 48.1174], [-1.7758, 48.1174], [-1.7751, 48.117], [-1.775, 48.1166], [-1.7743, 48.1162], [-1.7744, 48.1159], [-1.7743, 48.1157], [-1.7739, 48.1158], [-1.7736, 48.1158], [-1.7733, 48.1154], [-1.7729, 48.1152], [-1.7727, 48.1148], [-1.7724, 48.1145], [-1.772, 48.1146], [-1.7718, 48.1149], [-1.7715, 48.115], [-1.7711, 48.115], [-1.7707, 48.1148], [-1.7705, 48.1144], [-1.77, 48.1142], [-1.7693, 48.114], [-1.7692, 48.1139], [-1.7691, 48.1134], [-1.7688, 48.1133], [-1.7681, 48.1133], [-1.7676, 48.113], [-1.7673, 48.1131], [-1.7671, 48.1132], [-1.7667, 48.1132], [-1.7663, 48.113], [-1.7654, 48.1129], [-1.7651, 48.1128], [-1.765, 48.1121], [-1.7649, 48.1118], [-1.7645, 48.1115], [-1.7635, 48.1113], [-1.7628, 48.1108], [-1.7623, 48.1108], [-1.7618, 48.1104], [-1.7615, 48.1103], [-1.7614, 48.1098], [-1.7608, 48.1092], [-1.7604, 48.109], [-1.7603, 48.1087], [-1.7599, 48.1084], [-1.76, 48.108], [-1.7598, 48.1078], [-1.7591, 48.1076], [-1.7584, 48.1072], [-1.7574, 48.1066], [-1.7565, 48.1063], [-1.7556, 48.1064], [-1.7551, 48.1066], [-1.755, 48.1068], [-1.7543, 48.1069], [-1.7539, 48.1072], [-1.7535, 48.1073], [-1.753, 48.1073], [-1.7526, 48.1068], [-1.7524, 48.1067], [-1.7516, 48.1068], [-1.7513, 48.1065], [-1.7509, 48.1066], [-1.7508, 48.1066], [-1.7505, 48.1066], [-1.7496, 48.1061], [-1.7495, 48.1059], [-1.7498, 48.1055], [-1.7495, 48.1053], [-1.7488, 48.1049], [-1.7479, 48.1044], [-1.7474, 48.1042], [-1.7471, 48.1039], [-1.746, 48.1032], [-1.7442, 48.1017], [-1.7432, 48.1002], [-1.743, 48.0998], [-1.7439, 48.099], [-1.745, 48.0977], [-1.7457, 48.0971], [-1.7464, 48.0962], [-1.7467, 48.0953], [-1.7475, 48.0945], [-1.7486, 48.0936], [-1.7495, 48.0931], [-1.7513, 48.092], [-1.7518, 48.0915], [-1.7526, 48.0877], [-1.7526, 48.0876], [-1.7525, 48.0871], [-1.752, 48.0865], [-1.7513, 48.0859], [-1.7501, 48.0855], [-1.7496, 48.0851], [-1.7499, 48.0844], [-1.7507, 48.084], [-1.7509, 48.0832], [-1.7517, 48.0816], [-1.7518, 48.0814], [-1.7518, 48.0806], [-1.752, 48.0802], [-1.7528, 48.0794], [-1.753, 48.0789], [-1.7529, 48.0773], [-1.7534, 48.0765], [-1.7537, 48.0762], [-1.7539, 48.0759], [-1.7552, 48.0747], [-1.7553, 48.0746], [-1.7556, 48.0743], [-1.7583, 48.0722], [-1.7586, 48.0721], [-1.7595, 48.0713]]]]}, "geometry_name": "the_geom", "properties": {"CODE_DEP": "35", "CODE_COM": "35240", "NOM_COM": "Le Rheu", "AGGLO": "Rennes Métropole", "LS_RP_SRU": 24.69, "EXEMPTION": "> 20%", "ANNEE": "2023/01/01"}}, {"type": "Feature", "id": "l_article_302_5_cch.65", "geometry": {"type": "MultiPolygon", "coordinates": [[[[-1.9045, 48.1993], [-1.9046, 48.1998], [-1.9049, 48.2], [-1.905, 48.201], [-1.9049, 48.2018], [-1.9056, 48.203], [-1.9063, 48.2055], [-1.907, 48.2059], [-1.9075, 48.2064], [-1.9081, 48.2069], [-1.9083, 48.2072], [-1.9088, 48.2076], [-1.9098, 48.2078], [-1.9102, 48.2081], [-1.9104, 48.2082], [-1.9112, 48.2088], [-1.9119, 48.2091], [-1.9134, 48.2093], [-1.9144, 48.2096], [-1.9155, 48.2101], [-1.9166, 48.2109], [-1.9177, 48.2121], [-1.9181, 48.2124], [-1.9187, 48.2124], [-1.9193, 48.2128], [-1.9203, 48.2129], [-1.921, 48.2132], [-1.9219, 48.2131], [-1.9221, 48.2133], [-1.9227, 48.2136], [-1.9227, 48.2142], [-1.9223, 48.2146], [-1.9214, 48.215], [-1.9203, 48.2154], [-1.9185, 48.2161], [-1.9178, 48.2165], [-1.9172, 48.218], [-1.9165, 48.219], [-1.9165, 48.2194], [-1.9168, 48.2198], [-1.9167, 48.22], [-1.9167, 48.2201], [-1.9166, 48.2208], [-1.9161, 48.2209], [-1.9158, 48.2211], [-1.9158, 48.2213], [-1.9156, 48.2214], [-1.9155, 48.2216], [-1.9149, 48.2217], [-1.9145, 48.2223], [-1.9144, 48.2226], [-1.9143, 48.223], [-1.9144, 48.2236], [-1.9149, 48.224], [-1.9151, 48.2245], [-1.9152, 48.2245], [-1.9154, 48.2249], [-1.9153, 48.2254], [-1.9155, 48.2257], [-1.9155, 48.226], [-1.9157, 48.2261], [-1.916, 48.2266], [-1.9165, 48.2267], [-1.9166, 48.2268], [-1.9169, 48.2269], [-1.9171, 48.227], [-1.9175, 48.2273], [-1.9176, 48.2277], [-1.9175, 48.2279], [-1.9175, 48.2284], [-1.9173, 48.2292], [-1.917, 48.2295], [-1.9169, 48.2299], [-1.9165, 48.2303], [-1.9167, 48.2307], [-1.9166, 48.2315], [-1.9169, 48.2317], [-1.9169, 48.2319], [-1.9168, 48.2322], [-1.9169, 48.2324], [-1.9166, 48.2325], [-1.9167, 48.233], [-1.9167, 48.233], [-1.9164, 48.2331], [-1.9163, 48.2334], [-1.9169, 48.2335], [-1.917, 48.2338], [-1.917, 48.2343], [-1.9166, 48.2346], [-1.9166, 48.2349], [-1.917, 48.2352], [-1.9171, 48.2357], [-1.9165, 48.2367], [-1.9161, 48.2369], [-1.9161, 48.2371], [-1.9164, 48.2374], [-1.9163, 48.2376], [-1.9161, 48.2378], [-1.9162, 48.2381], [-1.916, 48.2385], [-1.9158, 48.2398], [-1.9158, 48.24], [-1.9162, 48.2403], [-1.916, 48.2407], [-1.9159, 48.2409], [-1.9159, 48.2415], [-1.9157, 48.2419], [-1.9144, 48.2427], [-1.9131, 48.2439], [-1.913, 48.244], [-1.9127, 48.244], [-1.912, 48.2437], [-1.9117, 48.2439], [-1.9109, 48.2445], [-1.9106, 48.2448], [-1.9102, 48.2451], [-1.9091, 48.2454], [-1.9088, 48.2458], [-1.9088, 48.2467], [-1.909, 48.2473], [-1.9086, 48.2479], [-1.9084, 48.2481], [-1.9086, 48.2491], [-1.9084, 48.2495], [-1.9074, 48.2502], [-1.9061, 48.2507], [-1.9062, 48.2518], [-1.9063, 48.2524], [-1.9064, 48.2529], [-1.9064, 48.2535], [-1.9057, 48.2547], [-1.906, 48.2556], [-1.9065, 48.2569], [-1.9066, 48.2582], [-1.9064, 48.2589], [-1.9067, 48.2592], [-1.9081, 48.26], [-1.9083, 48.2602], [-1.908, 48.2602], [-1.9068, 48.2602], [-1.9052, 48.26], [-1.9055, 48.2594], [-1.9053, 48.2563], [-1.9043, 48.2557], [-1.9043, 48.2555], [-1.9045, 48.2549], [-1.9044, 48.2537], [-1.9041, 48.2532], [-1.9033, 48.2522], [-1.9022, 48.2513], [-1.9014, 48.2516], [-1.9, 48.2524], [-1.8984, 48.253], [-1.8976, 48.2535], [-1.8963, 48.2539], [-1.8961, 48.2539], [-1.8959, 48.2533], [-1.8956, 48.2531], [-1.8951, 48.2532], [-1.8947, 48.253], [-1.8941, 48.253], [-1.8937, 48.2528], [-1.8932, 48.2528], [-1.8925, 48.2525], [-1.892, 48.2523], [-1.8918, 48.2522], [-1.8901, 48.2517], [-1.8895, 48.2517], [-1.8889, 48.2518], [-1.8884, 48.2518], [-1.8884, 48.2516], [-1.8877, 48.2516], [-1.8868, 48.2513], [-1.8861, 48.2509], [-1.8854, 48.2507], [-1.8848, 48.2506], [-1.8844, 48.2504], [-1.8825, 48.2504], [-1.8814, 48.2502], [-1.8794, 48.2499], [-1.8779, 48.2491], [-1.8768, 48.2489], [-1.8751, 48.2485], [-1.8746, 48.2486], [-1.874, 48.2486], [-1.8736, 48.2484], [-1.8737, 48.248], [-1.8734, 48.2478], [-1.8727, 48.2477], [-1.8722, 48.2474], [-1.872, 48.2468], [-1.8715, 48.2465], [-1.8715, 48.2461], [-1.8712, 48.2455], [-1.8707, 48.245], [-1.8706, 48.2446], [-1.8704, 48.244], [-1.87, 48.2439], [-1.8698, 48.2435], [-1.8693, 48.2433], [-1.8684, 48.2432], [-1.867, 48.2429], [-1.866, 48.2428], [-1.8638, 48.2429], [-1.8628, 48.2433], [-1.8621, 48.2433], [-1.8612, 48.2432], [-1.8605, 48.2431], [-1.86, 48.2431], [-1.8595, 48.2432], [-1.8594, 48.2431], [-1.8588, 48.2431], [-1.8584, 48.2429], [-1.857, 48.243], [-1.8563, 48.2428], [-1.8558, 48.2425], [-1.8552, 48.2418], [-1.8548, 48.2411], [-1.8546, 48.2409], [-1.8543, 48.2404], [-1.8542, 48.2398], [-1.8545, 48.2392], [-1.8543, 48.2392], [-1.8541, 48.2393], [-1.8538, 48.2393], [-1.8536, 48.2392], [-1.853, 48.2384], [-1.8525, 48.2381], [-1.8525, 48.238], [-1.8528, 48.2379], [-1.8528, 48.2377], [-1.8525, 48.2374], [-1.8522, 48.2369], [-1.8516, 48.2367], [-1.8517, 48.2363], [-1.8514, 48.2361], [-1.8514, 48.2357], [-1.8512, 48.2356], [-1.8505, 48.2352], [-1.8504, 48.2345], [-1.8504, 48.2343], [-1.8503, 48.2339], [-1.8501, 48.2336], [-1.8501, 48.2333], [-1.8499, 48.233], [-1.85, 48.2329], [-1.8499, 48.2324], [-1.8503, 48.2322], [-1.8503, 48.2317], [-1.8505, 48.2315], [-1.8511, 48.2314], [-1.8516, 48.2312], [-1.852, 48.2309], [-1.8524, 48.2303], [-1.8527, 48.2298], [-1.8532, 48.2297], [-1.8534, 48.2296], [-1.8531, 48.2292], [-1.8529, 48.229], [-1.8529, 48.2288], [-1.8528, 48.2284], [-1.853, 48.2278], [-1.8528, 48.2274], [-1.8525, 48.226], [-1.8524, 48.2257], [-1.8521, 48.2254], [-1.8517, 48.2249], [-1.8512, 48.2245], [-1.851, 48.2241], [-1.8505, 48.2236], [-1.85, 48.2236], [-1.8497, 48.2234], [-1.8496, 48.2229], [-1.8494, 48.2226], [-1.8493, 48.2221], [-1.8489, 48.2217], [-1.8486, 48.2211], [-1.8483, 48.2208], [-1.8478, 48.2207], [-1.8474, 48.2204], [-1.8469, 48.2203], [-1.8468, 48.2202], [-1.8469, 48.2198], [-1.8466, 48.2196], [-1.8461, 48.2196], [-1.8457, 48.2195], [-1.845, 48.2195], [-1.8447, 48.2194], [-1.8442, 48.2194], [-1.8439, 48.2192], [-1.8435, 48.2192], [-1.8433, 48.219], [-1.8429, 48.219], [-1.8426, 48.2186], [-1.8418, 48.2186], [-1.8411, 48.2184], [-1.841, 48.2181], [-1.8408, 48.2179], [-1.8393, 48.2177], [-1.8382, 48.2178], [-1.8367, 48.2175], [-1.8362, 48.2171], [-1.8348, 48.2166], [-1.8339, 48.2165], [-1.833, 48.2166], [-1.8304, 48.217], [-1.8286, 48.2172], [-1.8274, 48.2174], [-1.8266, 48.2173], [-1.8266, 48.2167], [-1.827, 48.2164], [-1.8271, 48.2162], [-1.8265, 48.2129], [-1.8269, 48.2119], [-1.8269, 48.2107], [-1.8274, 48.2087], [-1.8279, 48.2072], [-1.8283, 48.2067], [-1.8295, 48.2045], [-1.8297, 48.2028], [-1.8298, 48.2024], [-1.8302, 48.2017], [-1.8307, 48.2006], [-1.8311, 48.2005], [-1.8337, 48.1998], [-1.8344, 48.1994], [-1.8344, 48.199], [-1.8346, 48.1976], [-1.835, 48.1964], [-1.8352, 48.1964], [-1.8375, 48.1968], [-1.8381, 48.1968], [-1.8384, 48.1957], [-1.8385, 48.1942], [-1.8386, 48.1939], [-1.8443, 48.194], [-1.8442, 48.1947], [-1.8442, 48.1963], [-1.8444, 48.1969], [-1.8443, 48.1976], [-1.8442, 48.1982], [-1.8443, 48.1985], [-1.8446, 48.1989], [-1.845, 48.1997], [-1.8457, 48.2009], [-1.846, 48.2022], [-1.847, 48.2022], [-1.8472, 48.2023], [-1.8475, 48.2024], [-1.8478, 48.2026], [-1.848, 48.2026], [-1.8485, 48.2024], [-1.8491, 48.2028], [-1.8498, 48.2029], [-1.8514, 48.2029], [-1.8538, 48.2024], [-1.8547, 48.2021], [-1.8554, 48.2013], [-1.8559, 48.2012], [-1.8574, 48.2014], [-1.8604, 48.201], [-1.8622, 48.2009], [-1.8649, 48.2013], [-1.867, 48.2012], [-1.8672, 48.2013], [-1.8679, 48.2013], [-1.8704, 48.2007], [-1.872, 48.2005], [-1.8726, 48.2004], [-1.8725, 48.1999], [-1.8727, 48.1998], [-1.8731, 48.1997], [-1.8732, 48.1998], [-1.8739, 48.1998], [-1.8743, 48.1999], [-1.875, 48.1999], [-1.8762, 48.1997], [-1.8766, 48.1998], [-1.8773, 48.1998], [-1.8778, 48.1996], [-1.8782, 48.1996], [-1.8793, 48.1999], [-1.8801, 48.1998], [-1.8809, 48.1994], [-1.8818, 48.1992], [-1.8824, 48.1992], [-1.8833, 48.1996], [-1.884, 48.1996], [-1.8848, 48.1997], [-1.8871, 48.1996], [-1.8877, 48.1998], [-1.8881, 48.1998], [-1.8883, 48.1996], [-1.889, 48.1995], [-1.8893, 48.1997], [-1.8899, 48.1995], [-1.8901, 48.1992], [-1.8904, 48.199], [-1.891, 48.1988], [-1.8913, 48.1986], [-1.8919, 48.1985], [-1.8922, 48.198], [-1.8925, 48.1978], [-1.893, 48.1977], [-1.8933, 48.1973], [-1.8934, 48.197], [-1.8935, 48.1966], [-1.8939, 48.1964], [-1.894, 48.196], [-1.8943, 48.1957], [-1.8944, 48.1951], [-1.8947, 48.1949], [-1.895, 48.1949], [-1.8954, 48.1948], [-1.8959, 48.1946], [-1.8962, 48.1953], [-1.8966, 48.1955], [-1.8969, 48.1959], [-1.8974, 48.1961], [-1.8984, 48.1968], [-1.8992, 48.1971], [-1.9003, 48.1974], [-1.9013, 48.1974], [-1.9016, 48.1976], [-1.9019, 48.1979], [-1.9026, 48.1979], [-1.9031, 48.1985], [-1.9038, 48.1984], [-1.9038, 48.1986], [-1.9038, 48.1988], [-1.9038, 48.1991], [-1.9045, 48.1993]]]]}, "geometry_name": "the_geom", "properties": {"CODE_DEP": "35", "CODE_COM": "35245", "NOM_COM": "Romillé", "AGGLO": "Rennes Métropole", "LS_RP_SRU": 9.34, "EXEMPTION": "0 - 10%", "ANNEE": "2023/01/01"}}, {"type": "Feature", "id": "l_article_302_5_cch.66", "geometry": {"type": "MultiPolygon", "coordinates": [[[[-1.8847, 48.1558], [-1.8835, 48.1561], [-1.8815, 48.1562], [-1.8813, 48.1556], [-1.8802, 48.1555], [-1.88, 48.1576], [-1.881, 48.1583], [-1.8812, 48.1589], [-1.8811, 48.1592], [-1.8817, 48.1597], [-1.8819, 48.1601], [-1.8818, 48.1605], [-1.8814, 48.1611], [-1.8801, 48.1621], [-1.88, 48.1624], [-1.88, 48.1626], [-1.8797, 48.1629], [-1.8799, 48.1631], [-1.8802, 48.1633], [-1.8803, 48.1636], [-1.8799, 48.164], [-1.8805, 48.1644], [-1.8809, 48.1646], [-1.881, 48.1652], [-1.8827, 48.1669], [-1.883, 48.1675], [-1.883, 48.168], [-1.8827, 48.1685], [-1.8815, 48.1698], [-1.8803, 48.1707], [-1.8798, 48.171], [-1.8794, 48.1717], [-1.8791, 48.1722], [-1.8787, 48.1726], [-1.878, 48.1728], [-1.8776, 48.1733], [-1.8775, 48.1734], [-1.877, 48.1736], [-1.8765, 48.1736], [-1.8763, 48.1735], [-1.8759, 48.1736], [-1.8754, 48.174], [-1.8753, 48.1741], [-1.8746, 48.1742], [-1.8741, 48.1746], [-1.8731, 48.1747], [-1.8731, 48.1746], [-1.8721, 48.1745], [-1.8717, 48.1746], [-1.8709, 48.1752], [-1.869, 48.1757], [-1.8672, 48.1757], [-1.8657, 48.1759], [-1.8619, 48.1767], [-1.8617, 48.1767], [-1.8616, 48.1756], [-1.8615, 48.1756], [-1.8607, 48.1756], [-1.8599, 48.1746], [-1.8592, 48.1746], [-1.8587, 48.1734], [-1.8588, 48.1728], [-1.859, 48.1726], [-1.859, 48.1724], [-1.8583, 48.1723], [-1.8583, 48.1713], [-1.8584, 48.1709], [-1.8582, 48.1705], [-1.8579, 48.1702], [-1.8579, 48.1699], [-1.858, 48.1696], [-1.8579, 48.169], [-1.858, 48.1687], [-1.858, 48.1681], [-1.8583, 48.1676], [-1.8584, 48.1669], [-1.8566, 48.1665], [-1.8561, 48.1667], [-1.8548, 48.1667], [-1.8531, 48.1666], [-1.8516, 48.1667], [-1.8511, 48.1678], [-1.8502, 48.1677], [-1.8501, 48.1681], [-1.8484, 48.1679], [-1.8477, 48.1679], [-1.8477, 48.1681], [-1.8479, 48.1683], [-1.848, 48.1687], [-1.8468, 48.1689], [-1.846, 48.1689], [-1.8462, 48.1694], [-1.8447, 48.1696], [-1.8441, 48.1696], [-1.8443, 48.1704], [-1.8436, 48.1711], [-1.8432, 48.1719], [-1.843, 48.172], [-1.8428, 48.1719], [-1.8416, 48.1715], [-1.8405, 48.1713], [-1.8403, 48.1713], [-1.8397, 48.1726], [-1.8394, 48.1726], [-1.838, 48.1717], [-1.8377, 48.1717], [-1.8374, 48.1714], [-1.8372, 48.1715], [-1.8372, 48.1734], [-1.834, 48.1735], [-1.8325, 48.1735], [-1.8317, 48.1737], [-1.83, 48.1738], [-1.8282, 48.174], [-1.8277, 48.1741], [-1.8263, 48.1741], [-1.8251, 48.174], [-1.825, 48.1734], [-1.8257, 48.1716], [-1.8259, 48.1692], [-1.8245, 48.1684], [-1.8245, 48.1679], [-1.8244, 48.1675], [-1.8252, 48.167], [-1.8254, 48.1666], [-1.8254, 48.1661], [-1.8253, 48.166], [-1.8256, 48.1658], [-1.8256, 48.1656], [-1.8251, 48.1652], [-1.825, 48.1646], [-1.8249, 48.1643], [-1.8249, 48.1641], [-1.8245, 48.1638], [-1.824, 48.1637], [-1.8237, 48.1633], [-1.8239, 48.1629], [-1.8236, 48.1626], [-1.8238, 48.1623], [-1.8236, 48.1622], [-1.8235, 48.1621], [-1.8233, 48.162], [-1.8232, 48.1618], [-1.8227, 48.1616], [-1.8223, 48.1612], [-1.8218, 48.1611], [-1.821, 48.1611], [-1.8193, 48.1607], [-1.8182, 48.1603], [-1.8179, 48.1603], [-1.8175, 48.1603], [-1.8174, 48.1601], [-1.8172, 48.16], [-1.8172, 48.1598], [-1.8166, 48.1595], [-1.8164, 48.1592], [-1.8156, 48.159], [-1.8156, 48.1589], [-1.8157, 48.1588], [-1.8156, 48.1585], [-1.816, 48.1583], [-1.816, 48.1582], [-1.8156, 48.1581], [-1.8155, 48.1578], [-1.8159, 48.1575], [-1.8161, 48.157], [-1.8161, 48.1565], [-1.8163, 48.1563], [-1.8163, 48.1563], [-1.8147, 48.1561], [-1.8137, 48.1559], [-1.8131, 48.1554], [-1.8125, 48.1552], [-1.8112, 48.1551], [-1.8106, 48.155], [-1.8099, 48.155], [-1.8098, 48.1532], [-1.8083, 48.1526], [-1.8078, 48.1525], [-1.8076, 48.1517], [-1.8065, 48.151], [-1.806, 48.1509], [-1.806, 48.1508], [-1.8081, 48.1504], [-1.8089, 48.1501], [-1.8094, 48.15], [-1.8099, 48.1496], [-1.8105, 48.1493], [-1.8113, 48.149], [-1.8116, 48.149], [-1.8132, 48.1493], [-1.8139, 48.1493], [-1.8139, 48.1476], [-1.814, 48.1474], [-1.8157, 48.1472], [-1.8158, 48.1471], [-1.8158, 48.1468], [-1.8151, 48.1465], [-1.8149, 48.1462], [-1.8156, 48.1458], [-1.8156, 48.1456], [-1.8141, 48.1454], [-1.814, 48.145], [-1.8135, 48.1444], [-1.8133, 48.1443], [-1.8135, 48.1436], [-1.8141, 48.1436], [-1.816, 48.1437], [-1.8161, 48.1439], [-1.8172, 48.1439], [-1.8173, 48.1426], [-1.8179, 48.1425], [-1.8185, 48.1425], [-1.8185, 48.1421], [-1.818, 48.1418], [-1.8181, 48.1416], [-1.8185, 48.1413], [-1.8187, 48.1414], [-1.8188, 48.1415], [-1.8191, 48.1414], [-1.8193, 48.1415], [-1.8196, 48.1415], [-1.82, 48.1408], [-1.8206, 48.1407], [-1.8209, 48.1401], [-1.8211, 48.1393], [-1.8216, 48.1391], [-1.8217, 48.1387], [-1.8219, 48.1385], [-1.8237, 48.1388], [-1.8244, 48.139], [-1.8247, 48.1391], [-1.8253, 48.1389], [-1.8265, 48.1389], [-1.8271, 48.1397], [-1.8282, 48.1398], [-1.8284, 48.1399], [-1.8306, 48.1405], [-1.8313, 48.142], [-1.8315, 48.1419], [-1.8323, 48.1416], [-1.8333, 48.1415], [-1.8339, 48.1413], [-1.834, 48.1411], [-1.8337, 48.1397], [-1.8338, 48.1394], [-1.8345, 48.1395], [-1.8351, 48.1394], [-1.8355, 48.1392], [-1.8354, 48.1387], [-1.8359, 48.1385], [-1.8417, 48.138], [-1.8424, 48.1379], [-1.8429, 48.1379], [-1.843, 48.1382], [-1.8434, 48.1382], [-1.844, 48.138], [-1.845, 48.1379], [-1.8451, 48.138], [-1.8456, 48.1379], [-1.847, 48.1372], [-1.8477, 48.1366], [-1.8479, 48.1362], [-1.8476, 48.136], [-1.8475, 48.1357], [-1.8478, 48.1353], [-1.8492, 48.1348], [-1.8501, 48.1345], [-1.8514, 48.1339], [-1.8516, 48.1339], [-1.8541, 48.1344], [-1.8547, 48.1345], [-1.855, 48.1344], [-1.8556, 48.1344], [-1.8559, 48.1345], [-1.8571, 48.1345], [-1.8584, 48.1342], [-1.8598, 48.1341], [-1.8608, 48.1337], [-1.8614, 48.1333], [-1.8617, 48.1333], [-1.8622, 48.1335], [-1.863, 48.1334], [-1.8634, 48.1335], [-1.8644, 48.1335], [-1.8648, 48.1337], [-1.8651, 48.1337], [-1.8653, 48.1336], [-1.8655, 48.1332], [-1.8656, 48.1331], [-1.8659, 48.1325], [-1.8665, 48.1318], [-1.8674, 48.1311], [-1.8688, 48.1304], [-1.8698, 48.1301], [-1.8713, 48.1293], [-1.8722, 48.1283], [-1.8729, 48.128], [-1.8741, 48.1278], [-1.8752, 48.1278], [-1.8756, 48.1279], [-1.8762, 48.1279], [-1.877, 48.1276], [-1.8772, 48.1274], [-1.8773, 48.1267], [-1.8786, 48.1267], [-1.8787, 48.1269], [-1.8785, 48.1273], [-1.8785, 48.1275], [-1.8797, 48.1278], [-1.8807, 48.1279], [-1.8821, 48.1284], [-1.8832, 48.1285], [-1.8843, 48.1288], [-1.8847, 48.1288], [-1.885, 48.1289], [-1.8851, 48.129], [-1.8839, 48.1299], [-1.8834, 48.1304], [-1.8849, 48.1305], [-1.8873, 48.1309], [-1.888, 48.1314], [-1.8886, 48.1315], [-1.8893, 48.1316], [-1.8895, 48.1315], [-1.8898, 48.1313], [-1.8901, 48.1312], [-1.8909, 48.1314], [-1.8911, 48.1315], [-1.8908, 48.1319], [-1.8906, 48.1325], [-1.8913, 48.1331], [-1.8926, 48.1334], [-1.8928, 48.1336], [-1.8941, 48.1345], [-1.8943, 48.1348], [-1.8933, 48.1351], [-1.8916, 48.136], [-1.8913, 48.1363], [-1.8919, 48.1365], [-1.8919, 48.1366], [-1.8918, 48.137], [-1.8915, 48.1377], [-1.8913, 48.1379], [-1.889, 48.1391], [-1.8889, 48.1393], [-1.8893, 48.1395], [-1.8894, 48.1397], [-1.8879, 48.1399], [-1.8879, 48.1401], [-1.8883, 48.1407], [-1.8888, 48.1416], [-1.8889, 48.1423], [-1.8885, 48.1436], [-1.8884, 48.1457], [-1.887, 48.1459], [-1.8868, 48.146], [-1.8872, 48.1467], [-1.8867, 48.1468], [-1.887, 48.148], [-1.8868, 48.1481], [-1.8865, 48.1479], [-1.8857, 48.1477], [-1.8857, 48.1479], [-1.886, 48.1494], [-1.8853, 48.1506], [-1.8841, 48.1529], [-1.8837, 48.1533], [-1.8847, 48.1558]]]]}, "geometry_name": "the_geom", "properties": {"CODE_DEP": "35", "CODE_COM": "35275", "NOM_COM": "Saint-Gilles", "AGGLO": "Rennes Métropole", "LS_RP_SRU": 24.25, "EXEMPTION": "> 20%", "ANNEE": "2023/01/01"}}, {"type": "Feature", "id": "l_article_302_5_cch.67", "geometry": {"type": "MultiPolygon", "coordinates": [[[[-1.7117, 48.1608], [-1.7118, 48.1611], [-1.7133, 48.1631], [-1.7149, 48.1649], [-1.716, 48.1659], [-1.718, 48.1683], [-1.7204, 48.172], [-1.7214, 48.1739], [-1.7216, 48.1749], [-1.7223, 48.1773], [-1.7227, 48.1782], [-1.7235, 48.1808], [-1.7237, 48.1813], [-1.7239, 48.182], [-1.7193, 48.1841], [-1.7191, 48.184], [-1.7181, 48.1823], [-1.7178, 48.1824], [-1.7174, 48.1825], [-1.7169, 48.1825], [-1.7162, 48.1819], [-1.7147, 48.1822], [-1.7147, 48.1823], [-1.7147, 48.1829], [-1.7128, 48.1837], [-1.7126, 48.1838], [-1.7129, 48.1852], [-1.7128, 48.1856], [-1.7111, 48.186], [-1.7101, 48.1864], [-1.7093, 48.1866], [-1.7082, 48.1867], [-1.7078, 48.187], [-1.7075, 48.187], [-1.7069, 48.1867], [-1.7072, 48.1863], [-1.7072, 48.1862], [-1.7063, 48.1857], [-1.7055, 48.1854], [-1.7051, 48.1852], [-1.705, 48.1849], [-1.7048, 48.1844], [-1.7044, 48.1839], [-1.7039, 48.1836], [-1.7024, 48.1829], [-1.7024, 48.1821], [-1.7018, 48.1819], [-1.6973, 48.181], [-1.6971, 48.1811], [-1.6934, 48.1797], [-1.6925, 48.1794], [-1.692, 48.1801], [-1.6915, 48.1799], [-1.6901, 48.1794], [-1.6898, 48.1794], [-1.6897, 48.1795], [-1.6893, 48.1795], [-1.6884, 48.1791], [-1.688, 48.1791], [-1.6873, 48.1792], [-1.6864, 48.1788], [-1.6857, 48.178], [-1.6856, 48.1767], [-1.6853, 48.1764], [-1.6844, 48.1761], [-1.6839, 48.1757], [-1.6822, 48.1756], [-1.6819, 48.1757], [-1.681, 48.1757], [-1.678, 48.1751], [-1.677, 48.1751], [-1.675, 48.1749], [-1.6747, 48.1754], [-1.674, 48.1754], [-1.674, 48.1749], [-1.6745, 48.1746], [-1.6745, 48.1739], [-1.6747, 48.1733], [-1.675, 48.1729], [-1.6756, 48.1727], [-1.6759, 48.1721], [-1.6761, 48.1715], [-1.6761, 48.1704], [-1.6765, 48.1695], [-1.6767, 48.1691], [-1.6768, 48.1677], [-1.6774, 48.1663], [-1.6775, 48.1649], [-1.6754, 48.1641], [-1.6754, 48.1639], [-1.6757, 48.1636], [-1.6761, 48.1627], [-1.6758, 48.1626], [-1.6746, 48.1624], [-1.6734, 48.1625], [-1.6727, 48.1626], [-1.6722, 48.1624], [-1.6718, 48.1618], [-1.671, 48.1615], [-1.6696, 48.1611], [-1.6673, 48.161], [-1.6664, 48.1608], [-1.6647, 48.1606], [-1.6623, 48.1607], [-1.661, 48.161], [-1.6598, 48.1614], [-1.6586, 48.1617], [-1.6577, 48.1614], [-1.6568, 48.1609], [-1.6558, 48.1607], [-1.6555, 48.1606], [-1.6548, 48.1605], [-1.6542, 48.1601], [-1.6539, 48.1596], [-1.6536, 48.1583], [-1.6536, 48.1573], [-1.6537, 48.157], [-1.6536, 48.1568], [-1.6531, 48.1564], [-1.6525, 48.1558], [-1.6514, 48.1554], [-1.6497, 48.1549], [-1.6478, 48.1547], [-1.6463, 48.1543], [-1.6445, 48.154], [-1.6424, 48.154], [-1.6417, 48.1535], [-1.6415, 48.1531], [-1.6402, 48.1521], [-1.6401, 48.1521], [-1.6396, 48.1517], [-1.6395, 48.151], [-1.64, 48.1508], [-1.6397, 48.1505], [-1.6396, 48.1498], [-1.6394, 48.1493], [-1.6402, 48.1489], [-1.6412, 48.1484], [-1.6404, 48.1474], [-1.6402, 48.1471], [-1.6406, 48.1466], [-1.6411, 48.1462], [-1.6427, 48.1448], [-1.6428, 48.1448], [-1.6469, 48.1451], [-1.6472, 48.1443], [-1.6477, 48.1435], [-1.649, 48.1422], [-1.6494, 48.1417], [-1.6498, 48.1412], [-1.6506, 48.1408], [-1.6511, 48.1407], [-1.6511, 48.1412], [-1.6533, 48.1412], [-1.6534, 48.1421], [-1.6535, 48.1422], [-1.6557, 48.1426], [-1.6571, 48.1427], [-1.6571, 48.1429], [-1.6598, 48.1431], [-1.6599, 48.1427], [-1.6615, 48.1425], [-1.662, 48.1427], [-1.6627, 48.143], [-1.6638, 48.1417], [-1.6652, 48.1418], [-1.6663, 48.1418], [-1.6662, 48.1414], [-1.6665, 48.1403], [-1.6673, 48.1402], [-1.6677, 48.1396], [-1.6691, 48.1383], [-1.6697, 48.1374], [-1.6699, 48.1374], [-1.6706, 48.1377], [-1.671, 48.1377], [-1.6712, 48.1375], [-1.6718, 48.1366], [-1.6729, 48.1366], [-1.6737, 48.1367], [-1.674, 48.137], [-1.6751, 48.1377], [-1.6753, 48.1378], [-1.6754, 48.1376], [-1.6763, 48.1364], [-1.6771, 48.1359], [-1.6775, 48.1357], [-1.6782, 48.1353], [-1.6788, 48.1351], [-1.6793, 48.1349], [-1.6802, 48.1346], [-1.6815, 48.1349], [-1.6823, 48.1351], [-1.6868, 48.1344], [-1.689, 48.1344], [-1.6921, 48.1327], [-1.6923, 48.1326], [-1.6945, 48.1342], [-1.6974, 48.1366], [-1.6977, 48.1371], [-1.6983, 48.1381], [-1.6986, 48.1384], [-1.6997, 48.1399], [-1.7014, 48.1419], [-1.7023, 48.1432], [-1.7025, 48.1438], [-1.7007, 48.144], [-1.6999, 48.1435], [-1.6993, 48.1431], [-1.698, 48.1432], [-1.6986, 48.1444], [-1.6995, 48.1497], [-1.7, 48.1511], [-1.7007, 48.1524], [-1.7063, 48.16], [-1.7077, 48.1601], [-1.7103, 48.161], [-1.7103, 48.1601], [-1.7111, 48.1601], [-1.7115, 48.1608], [-1.7117, 48.1608]]]]}, "geometry_name": "the_geom", "properties": {"CODE_DEP": "35", "CODE_COM": "35278", "NOM_COM": "Saint-Grégoire", "AGGLO": "Rennes Métropole", "LS_RP_SRU": 13.79, "EXEMPTION": "10 - 20%", "ANNEE": "2023/01/01"}}, {"type": "Feature", "id": "l_article_302_5_cch.68", "geometry": {"type": "MultiPolygon", "coordinates": [[[[-1.7616, 48.0658], [-1.7617, 48.0658], [-1.761, 48.066], [-1.7603, 48.0662], [-1.7594, 48.0666], [-1.7585, 48.0673], [-1.7582, 48.0677], [-1.7581, 48.0684], [-1.7584, 48.0692], [-1.7596, 48.0701], [-1.7597, 48.0708], [-1.7595, 48.0713], [-1.7586, 48.0721], [-1.7583, 48.0722], [-1.7556, 48.0743], [-1.7553, 48.0746], [-1.7552, 48.0747], [-1.7539, 48.0759], [-1.7537, 48.0762], [-1.7534, 48.0765], [-1.7529, 48.0773], [-1.753, 48.0789], [-1.7528, 48.0794], [-1.752, 48.0802], [-1.7518, 48.0806], [-1.7518, 48.0814], [-1.7517, 48.0816], [-1.7505, 48.0813], [-1.7502, 48.0812], [-1.7486, 48.0808], [-1.7451, 48.0807], [-1.7439, 48.0805], [-1.7425, 48.08], [-1.7418, 48.0798], [-1.7414, 48.0799], [-1.7381, 48.0814], [-1.7347, 48.0827], [-1.7315, 48.0836], [-1.7309, 48.0839], [-1.7293, 48.0843], [-1.7283, 48.0847], [-1.729, 48.0857], [-1.7289, 48.0859], [-1.7275, 48.087], [-1.7268, 48.0869], [-1.7256, 48.0866], [-1.7254, 48.0866], [-1.7243, 48.0881], [-1.7226, 48.0891], [-1.7223, 48.0893], [-1.7219, 48.0897], [-1.7207, 48.0905], [-1.7187, 48.0914], [-1.7163, 48.0922], [-1.7147, 48.0926], [-1.714, 48.0932], [-1.7122, 48.094], [-1.7097, 48.0948], [-1.7068, 48.0954], [-1.7047, 48.0957], [-1.7022, 48.0959], [-1.6981, 48.0968], [-1.6957, 48.0971], [-1.6941, 48.0971], [-1.6893, 48.0965], [-1.6893, 48.0963], [-1.6904, 48.0946], [-1.6909, 48.0936], [-1.6911, 48.0933], [-1.6928, 48.0904], [-1.6926, 48.0898], [-1.693, 48.0885], [-1.693, 48.0869], [-1.6933, 48.0868], [-1.6947, 48.0865], [-1.6948, 48.0864], [-1.6955, 48.0863], [-1.6958, 48.0863], [-1.6962, 48.0867], [-1.6963, 48.0868], [-1.6968, 48.0867], [-1.6969, 48.0867], [-1.6981, 48.0866], [-1.6985, 48.0864], [-1.6989, 48.086], [-1.6994, 48.0858], [-1.7004, 48.0855], [-1.7015, 48.0851], [-1.7022, 48.0846], [-1.7029, 48.084], [-1.7037, 48.0823], [-1.704, 48.0819], [-1.704, 48.0816], [-1.7031, 48.0811], [-1.7029, 48.0811], [-1.7022, 48.0813], [-1.7016, 48.0815], [-1.701, 48.081], [-1.7001, 48.081], [-1.6998, 48.0807], [-1.6996, 48.0804], [-1.6996, 48.0802], [-1.6998, 48.0797], [-1.6999, 48.0792], [-1.6995, 48.078], [-1.6986, 48.077], [-1.6982, 48.0768], [-1.6979, 48.0765], [-1.6978, 48.076], [-1.698, 48.0751], [-1.698, 48.0745], [-1.6969, 48.072], [-1.6967, 48.0715], [-1.6995, 48.0627], [-1.6996, 48.0626], [-1.6998, 48.0626], [-1.7025, 48.0638], [-1.7037, 48.0639], [-1.7062, 48.0647], [-1.7072, 48.0659], [-1.7093, 48.0671], [-1.7097, 48.0667], [-1.7099, 48.0664], [-1.7106, 48.0658], [-1.7116, 48.0653], [-1.7121, 48.0653], [-1.7133, 48.0655], [-1.7143, 48.0655], [-1.7145, 48.0654], [-1.7152, 48.0649], [-1.716, 48.0645], [-1.7163, 48.0636], [-1.717, 48.0634], [-1.7171, 48.0627], [-1.7176, 48.0621], [-1.7183, 48.0622], [-1.7191, 48.0625], [-1.7194, 48.0625], [-1.7195, 48.0624], [-1.7213, 48.0608], [-1.7238, 48.0605], [-1.7238, 48.0603], [-1.7245, 48.06], [-1.7247, 48.0599], [-1.7252, 48.0595], [-1.7263, 48.0591], [-1.7277, 48.0589], [-1.7281, 48.0586], [-1.7281, 48.0585], [-1.7288, 48.0587], [-1.7301, 48.059], [-1.7312, 48.0593], [-1.732, 48.0596], [-1.7332, 48.0597], [-1.7346, 48.0597], [-1.7371, 48.0597], [-1.7385, 48.0596], [-1.7399, 48.0592], [-1.7404, 48.0591], [-1.7417, 48.0591], [-1.7429, 48.0593], [-1.7442, 48.0597], [-1.7451, 48.0599], [-1.7464, 48.0604], [-1.7469, 48.0613], [-1.7468, 48.0615], [-1.7476, 48.0623], [-1.7488, 48.0654], [-1.7496, 48.0654], [-1.7497, 48.0658], [-1.7499, 48.0659], [-1.7498, 48.0683], [-1.7514, 48.0684], [-1.7543, 48.0684], [-1.7553, 48.0681], [-1.7552, 48.0661], [-1.7552, 48.0659], [-1.7593, 48.065], [-1.7611, 48.0652], [-1.7616, 48.0658]]]]}, "geometry_name": "the_geom", "properties": {"CODE_DEP": "35", "CODE_COM": "35281", "NOM_COM": "Saint-Jacques-de-la-Lande", "AGGLO": "Rennes Métropole", "LS_RP_SRU": 29.13, "EXEMPTION": "> 20%", "ANNEE": "2023/01/01"}}, {"type": "Feature", "id": "l_article_302_5_cch.71", "geometry": {"type": "MultiPolygon", "coordinates": [[[[-1.6125, 48.1602], [-1.6126, 48.1603], [-1.6141, 48.161], [-1.6156, 48.1615], [-1.6163, 48.1618], [-1.6174, 48.1622], [-1.6173, 48.1625], [-1.6166, 48.1632], [-1.6158, 48.1642], [-1.6159, 48.1643], [-1.6174, 48.1652], [-1.6177, 48.1652], [-1.6192, 48.1645], [-1.6194, 48.1645], [-1.6198, 48.1647], [-1.6198, 48.1649], [-1.6193, 48.1651], [-1.6187, 48.1656], [-1.6188, 48.1657], [-1.6205, 48.1657], [-1.6215, 48.1658], [-1.6217, 48.1659], [-1.6218, 48.1668], [-1.6217, 48.1675], [-1.6231, 48.1676], [-1.6229, 48.1682], [-1.6235, 48.1686], [-1.6242, 48.1689], [-1.6242, 48.1689], [-1.623, 48.1693], [-1.623, 48.1695], [-1.6231, 48.1696], [-1.6231, 48.1698], [-1.6224, 48.1704], [-1.6221, 48.1709], [-1.6216, 48.1716], [-1.62, 48.1717], [-1.6196, 48.1719], [-1.6155, 48.1778], [-1.6152, 48.1782], [-1.6144, 48.1793], [-1.6129, 48.1792], [-1.6112, 48.1793], [-1.6099, 48.1795], [-1.6097, 48.1796], [-1.6093, 48.1796], [-1.6088, 48.1794], [-1.6068, 48.1772], [-1.6063, 48.1773], [-1.6008, 48.1792], [-1.5973, 48.1793], [-1.5949, 48.1794], [-1.5957, 48.178], [-1.5957, 48.1779], [-1.5969, 48.1752], [-1.5963, 48.1694], [-1.5962, 48.1688], [-1.5939, 48.1663], [-1.5926, 48.1654], [-1.5923, 48.1655], [-1.59, 48.167], [-1.5881, 48.1682], [-1.5872, 48.168], [-1.5834, 48.1687], [-1.5824, 48.169], [-1.5817, 48.1669], [-1.5812, 48.167], [-1.5805, 48.1675], [-1.5802, 48.168], [-1.5793, 48.1691], [-1.578, 48.169], [-1.5759, 48.1689], [-1.5744, 48.1685], [-1.57, 48.1715], [-1.5698, 48.1715], [-1.5692, 48.1709], [-1.5686, 48.1706], [-1.5681, 48.1705], [-1.5532, 48.171], [-1.5533, 48.1708], [-1.5541, 48.1704], [-1.5555, 48.1695], [-1.5566, 48.1689], [-1.5595, 48.1671], [-1.5601, 48.1668], [-1.5602, 48.1666], [-1.5584, 48.1667], [-1.5567, 48.1665], [-1.555, 48.166], [-1.553, 48.1651], [-1.5523, 48.1648], [-1.551, 48.1639], [-1.5504, 48.1635], [-1.5499, 48.1631], [-1.5494, 48.1627], [-1.5498, 48.1625], [-1.5549, 48.1612], [-1.5563, 48.1608], [-1.557, 48.1605], [-1.5587, 48.1598], [-1.5615, 48.159], [-1.5612, 48.1585], [-1.5609, 48.1576], [-1.5611, 48.156], [-1.5613, 48.1552], [-1.5617, 48.1551], [-1.5619, 48.1547], [-1.5621, 48.1531], [-1.5623, 48.153], [-1.5624, 48.1526], [-1.5623, 48.1521], [-1.5618, 48.1516], [-1.562, 48.151], [-1.562, 48.1503], [-1.5623, 48.1495], [-1.5623, 48.149], [-1.5621, 48.1486], [-1.562, 48.1482], [-1.5625, 48.1478], [-1.5627, 48.1475], [-1.563, 48.1469], [-1.5635, 48.1466], [-1.564, 48.1463], [-1.5643, 48.146], [-1.5645, 48.1459], [-1.5652, 48.1453], [-1.5658, 48.1447], [-1.566, 48.1441], [-1.5668, 48.143], [-1.5673, 48.1425], [-1.568, 48.1423], [-1.5686, 48.142], [-1.5692, 48.1413], [-1.5694, 48.1409], [-1.5681, 48.1408], [-1.5666, 48.1404], [-1.5581, 48.1387], [-1.5582, 48.1386], [-1.5581, 48.1366], [-1.5583, 48.136], [-1.5583, 48.1343], [-1.5582, 48.1335], [-1.5579, 48.1332], [-1.5578, 48.1329], [-1.5579, 48.1327], [-1.5584, 48.1326], [-1.5588, 48.1325], [-1.5589, 48.132], [-1.5596, 48.132], [-1.56, 48.1318], [-1.5618, 48.1309], [-1.5641, 48.13], [-1.5648, 48.1295], [-1.5673, 48.1273], [-1.5673, 48.127], [-1.567, 48.1268], [-1.5667, 48.1265], [-1.5673, 48.1262], [-1.5673, 48.126], [-1.5671, 48.1255], [-1.5672, 48.1251], [-1.5676, 48.1248], [-1.5678, 48.1248], [-1.5685, 48.1252], [-1.5695, 48.1259], [-1.5701, 48.1265], [-1.5704, 48.1278], [-1.5702, 48.1301], [-1.5703, 48.1306], [-1.5713, 48.132], [-1.5713, 48.1325], [-1.5699, 48.1336], [-1.5696, 48.1339], [-1.5697, 48.1344], [-1.5705, 48.136], [-1.5712, 48.1371], [-1.5722, 48.138], [-1.5732, 48.1385], [-1.5742, 48.139], [-1.5753, 48.1392], [-1.5766, 48.1392], [-1.5768, 48.1391], [-1.5771, 48.1387], [-1.5774, 48.1384], [-1.5782, 48.1381], [-1.5791, 48.138], [-1.5794, 48.1381], [-1.5802, 48.1388], [-1.5805, 48.1388], [-1.5806, 48.1386], [-1.5811, 48.1383], [-1.5826, 48.1382], [-1.5847, 48.1378], [-1.5859, 48.1368], [-1.5865, 48.1362], [-1.5867, 48.1358], [-1.5866, 48.1352], [-1.5864, 48.1338], [-1.5868, 48.1328], [-1.5875, 48.132], [-1.5877, 48.1311], [-1.5879, 48.1305], [-1.5881, 48.1303], [-1.5888, 48.1292], [-1.5889, 48.1286], [-1.5891, 48.1277], [-1.5909, 48.1278], [-1.591, 48.1275], [-1.592, 48.1278], [-1.5925, 48.127], [-1.5938, 48.127], [-1.595, 48.1275], [-1.5963, 48.1284], [-1.5968, 48.129], [-1.5971, 48.1297], [-1.5967, 48.1321], [-1.5963, 48.1327], [-1.5953, 48.1334], [-1.595, 48.1335], [-1.5908, 48.1362], [-1.59, 48.1366], [-1.5902, 48.137], [-1.5903, 48.1373], [-1.5904, 48.1378], [-1.5906, 48.1382], [-1.5906, 48.139], [-1.5912, 48.139], [-1.5915, 48.1395], [-1.5916, 48.1401], [-1.5912, 48.1402], [-1.5901, 48.1406], [-1.5896, 48.1406], [-1.5894, 48.1404], [-1.5893, 48.1404], [-1.5882, 48.1408], [-1.5874, 48.1408], [-1.5866, 48.1413], [-1.5862, 48.1414], [-1.5861, 48.1413], [-1.5858, 48.1412], [-1.5854, 48.1415], [-1.5858, 48.1418], [-1.5861, 48.1424], [-1.5864, 48.1427], [-1.5871, 48.1429], [-1.5881, 48.1429], [-1.5897, 48.1431], [-1.5905, 48.1434], [-1.5912, 48.144], [-1.5915, 48.1446], [-1.592, 48.1453], [-1.5933, 48.1462], [-1.5934, 48.1464], [-1.5931, 48.1467], [-1.5907, 48.1477], [-1.5902, 48.148], [-1.5881, 48.1491], [-1.5879, 48.1492], [-1.5888, 48.15], [-1.589, 48.1503], [-1.5902, 48.1513], [-1.5906, 48.1514], [-1.5909, 48.1516], [-1.5915, 48.1523], [-1.5917, 48.1524], [-1.592, 48.1525], [-1.5929, 48.1526], [-1.593, 48.1527], [-1.5912, 48.1533], [-1.5904, 48.1538], [-1.5904, 48.154], [-1.5926, 48.1548], [-1.5932, 48.1552], [-1.5938, 48.1561], [-1.5941, 48.1563], [-1.595, 48.1566], [-1.5964, 48.1569], [-1.5981, 48.1573], [-1.5996, 48.158], [-1.6025, 48.1581], [-1.604, 48.1585], [-1.6046, 48.1585], [-1.6049, 48.1583], [-1.6054, 48.158], [-1.6063, 48.158], [-1.6066, 48.1581], [-1.6074, 48.1581], [-1.6086, 48.1579], [-1.6094, 48.1578], [-1.6103, 48.1588], [-1.6113, 48.1597], [-1.6122, 48.1602], [-1.6125, 48.1602]]]]}, "geometry_name": "the_geom", "properties": {"CODE_DEP": "35", "CODE_COM": "35334", "NOM_COM": "Thorigné-Fouillard", "AGGLO": "Rennes Métropole", "LS_RP_SRU": 18.33, "EXEMPTION": "10 - 20%", "ANNEE": "2023/01/01"}}, {"type": "Feature", "id": "l_article_302_5_cch.72", "geometry": {"type": "MultiPolygon", "coordinates": [[[[-1.6181, 48.0123], [-1.6175, 48.013], [-1.6173, 48.013], [-1.6166, 48.013], [-1.6163, 48.0131], [-1.6158, 48.0137], [-1.6157, 48.0141], [-1.6158, 48.0148], [-1.6163, 48.0153], [-1.616, 48.0154], [-1.6163, 48.0159], [-1.6164, 48.0165], [-1.6159, 48.0171], [-1.6159, 48.0199], [-1.6159, 48.0213], [-1.6154, 48.0232], [-1.6155, 48.0242], [-1.6161, 48.0257], [-1.6159, 48.0263], [-1.616, 48.0266], [-1.6162, 48.0268], [-1.6164, 48.0272], [-1.6162, 48.0274], [-1.6161, 48.0278], [-1.6164, 48.0281], [-1.6169, 48.0286], [-1.6174, 48.0293], [-1.6174, 48.0306], [-1.6177, 48.0306], [-1.6178, 48.0306], [-1.6176, 48.0311], [-1.617, 48.0312], [-1.6169, 48.032], [-1.6166, 48.032], [-1.6158, 48.0335], [-1.6157, 48.0338], [-1.6161, 48.0343], [-1.616, 48.0345], [-1.616, 48.0351], [-1.616, 48.0353], [-1.6152, 48.0356], [-1.6126, 48.0363], [-1.6119, 48.0366], [-1.6116, 48.0371], [-1.6104, 48.0373], [-1.6104, 48.0377], [-1.6109, 48.0383], [-1.6114, 48.0386], [-1.6124, 48.0391], [-1.613, 48.0394], [-1.6132, 48.0398], [-1.6131, 48.0409], [-1.6133, 48.0414], [-1.614, 48.0417], [-1.616, 48.0421], [-1.6161, 48.0424], [-1.6163, 48.0427], [-1.6169, 48.0426], [-1.6173, 48.0429], [-1.6188, 48.0448], [-1.6216, 48.045], [-1.6229, 48.045], [-1.6231, 48.0454], [-1.623, 48.0459], [-1.6244, 48.046], [-1.6245, 48.0463], [-1.6251, 48.0463], [-1.6254, 48.047], [-1.627, 48.0474], [-1.6273, 48.0476], [-1.6271, 48.0481], [-1.6251, 48.0477], [-1.6234, 48.0478], [-1.6234, 48.0483], [-1.624, 48.0485], [-1.6239, 48.049], [-1.6237, 48.0489], [-1.6232, 48.0488], [-1.6222, 48.049], [-1.6218, 48.0496], [-1.6227, 48.0501], [-1.6242, 48.0506], [-1.6243, 48.051], [-1.6241, 48.0515], [-1.624, 48.0517], [-1.6255, 48.0523], [-1.6263, 48.0526], [-1.6262, 48.053], [-1.6256, 48.0539], [-1.625, 48.0554], [-1.6251, 48.0556], [-1.6259, 48.0562], [-1.6259, 48.0568], [-1.6257, 48.0573], [-1.6252, 48.0576], [-1.6252, 48.059], [-1.6256, 48.0594], [-1.6267, 48.0598], [-1.6274, 48.0594], [-1.6282, 48.0595], [-1.6282, 48.0601], [-1.6291, 48.0603], [-1.6293, 48.0606], [-1.63, 48.0606], [-1.6302, 48.0605], [-1.6311, 48.0603], [-1.6317, 48.0604], [-1.6329, 48.0602], [-1.6349, 48.0595], [-1.6351, 48.0591], [-1.6362, 48.0591], [-1.6366, 48.0591], [-1.6369, 48.0589], [-1.6379, 48.0589], [-1.6379, 48.0584], [-1.6399, 48.0584], [-1.6405, 48.0581], [-1.6408, 48.0581], [-1.6419, 48.0581], [-1.6422, 48.058], [-1.6423, 48.0575], [-1.643, 48.0572], [-1.6435, 48.0566], [-1.6439, 48.0563], [-1.644, 48.0559], [-1.644, 48.0551], [-1.6444, 48.054], [-1.6445, 48.0539], [-1.6461, 48.0539], [-1.6472, 48.054], [-1.6483, 48.0543], [-1.6495, 48.0549], [-1.6512, 48.0549], [-1.6512, 48.0553], [-1.651, 48.056], [-1.6499, 48.0573], [-1.6504, 48.0581], [-1.6504, 48.0585], [-1.6499, 48.0595], [-1.6499, 48.0599], [-1.6498, 48.0607], [-1.65, 48.0616], [-1.6499, 48.0619], [-1.6494, 48.0619], [-1.648, 48.0616], [-1.647, 48.0616], [-1.6464, 48.0618], [-1.6456, 48.0623], [-1.6451, 48.0624], [-1.6442, 48.0624], [-1.6434, 48.0621], [-1.6424, 48.0617], [-1.6422, 48.0617], [-1.6405, 48.0631], [-1.6401, 48.0636], [-1.6401, 48.0641], [-1.6407, 48.0646], [-1.641, 48.0649], [-1.6409, 48.0651], [-1.6405, 48.0655], [-1.6402, 48.0659], [-1.6401, 48.0659], [-1.6392, 48.0664], [-1.6381, 48.0665], [-1.6371, 48.0667], [-1.6361, 48.0676], [-1.6358, 48.0676], [-1.6352, 48.0674], [-1.635, 48.0673], [-1.632, 48.0674], [-1.632, 48.0678], [-1.631, 48.068], [-1.6309, 48.0682], [-1.63, 48.0703], [-1.6299, 48.0712], [-1.6299, 48.0721], [-1.6299, 48.0727], [-1.63, 48.0731], [-1.6307, 48.0737], [-1.6309, 48.0742], [-1.631, 48.0754], [-1.6313, 48.076], [-1.6319, 48.0769], [-1.6304, 48.0772], [-1.6291, 48.0771], [-1.6275, 48.0781], [-1.6254, 48.0785], [-1.6239, 48.0789], [-1.6233, 48.0789], [-1.6219, 48.0782], [-1.6214, 48.0783], [-1.6207, 48.0781], [-1.6206, 48.0783], [-1.6202, 48.0786], [-1.62, 48.0791], [-1.6195, 48.0793], [-1.619, 48.0796], [-1.6181, 48.0796], [-1.6161, 48.079], [-1.6156, 48.0786], [-1.6144, 48.0786], [-1.6136, 48.0791], [-1.6129, 48.0788], [-1.6114, 48.0786], [-1.6117, 48.0776], [-1.6109, 48.0775], [-1.6108, 48.0767], [-1.6069, 48.0762], [-1.6067, 48.0757], [-1.6059, 48.0761], [-1.6064, 48.0771], [-1.606, 48.0775], [-1.6023, 48.0769], [-1.6012, 48.0765], [-1.5959, 48.0737], [-1.5951, 48.0734], [-1.5948, 48.0731], [-1.5912, 48.072], [-1.5881, 48.0709], [-1.5872, 48.0704], [-1.5864, 48.0702], [-1.5857, 48.07], [-1.5848, 48.0696], [-1.5843, 48.0695], [-1.5796, 48.0682], [-1.5788, 48.0678], [-1.5774, 48.0672], [-1.5758, 48.0664], [-1.5756, 48.0664], [-1.5755, 48.0663], [-1.5747, 48.0659], [-1.5723, 48.0647], [-1.5713, 48.0643], [-1.5696, 48.063], [-1.5687, 48.0623], [-1.5682, 48.0619], [-1.5676, 48.0614], [-1.5673, 48.0609], [-1.5673, 48.0606], [-1.5663, 48.0598], [-1.5651, 48.0596], [-1.565, 48.0593], [-1.5656, 48.0581], [-1.5657, 48.0571], [-1.5664, 48.057], [-1.5664, 48.0562], [-1.5665, 48.0559], [-1.5672, 48.0553], [-1.5671, 48.0547], [-1.5674, 48.0545], [-1.5675, 48.0537], [-1.568, 48.0537], [-1.5682, 48.0529], [-1.5683, 48.0529], [-1.5688, 48.0523], [-1.569, 48.0516], [-1.5692, 48.0515], [-1.5694, 48.0507], [-1.5707, 48.0507], [-1.5714, 48.0509], [-1.5721, 48.0509], [-1.5734, 48.0506], [-1.5736, 48.0507], [-1.574, 48.0507], [-1.5755, 48.0504], [-1.5769, 48.0504], [-1.577, 48.0502], [-1.5774, 48.0502], [-1.5783, 48.0503], [-1.5787, 48.0513], [-1.5792, 48.0513], [-1.5791, 48.0511], [-1.5789, 48.0496], [-1.579, 48.0495], [-1.5802, 48.0496], [-1.5804, 48.0498], [-1.5811, 48.0498], [-1.5816, 48.0492], [-1.582, 48.0482], [-1.5824, 48.0476], [-1.5827, 48.0475], [-1.5832, 48.0472], [-1.5833, 48.0467], [-1.5844, 48.0456], [-1.5845, 48.0456], [-1.5861, 48.0458], [-1.587, 48.0451], [-1.5874, 48.0447], [-1.5875, 48.0431], [-1.5877, 48.0428], [-1.5879, 48.0423], [-1.5881, 48.042], [-1.5885, 48.0418], [-1.589, 48.0413], [-1.5894, 48.0405], [-1.5901, 48.04], [-1.5905, 48.0392], [-1.5905, 48.0388], [-1.5905, 48.0385], [-1.5903, 48.0385], [-1.5902, 48.0377], [-1.5902, 48.0374], [-1.591, 48.0375], [-1.5913, 48.0372], [-1.5915, 48.037], [-1.5923, 48.0363], [-1.5932, 48.0358], [-1.5932, 48.0355], [-1.5929, 48.035], [-1.593, 48.0346], [-1.5933, 48.0343], [-1.5938, 48.0337], [-1.5937, 48.0332], [-1.5933, 48.0322], [-1.5931, 48.0315], [-1.5936, 48.0315], [-1.5935, 48.0306], [-1.5937, 48.0305], [-1.5939, 48.0305], [-1.5944, 48.0305], [-1.5945, 48.0298], [-1.5949, 48.0297], [-1.5958, 48.0296], [-1.5961, 48.0293], [-1.5965, 48.0282], [-1.597, 48.0278], [-1.598, 48.0276], [-1.5989, 48.0275], [-1.5991, 48.0272], [-1.5997, 48.0265], [-1.6003, 48.0255], [-1.6013, 48.0246], [-1.6019, 48.0238], [-1.6019, 48.0234], [-1.6017, 48.0229], [-1.6003, 48.0219], [-1.6, 48.0214], [-1.6002, 48.0208], [-1.6006, 48.0202], [-1.6014, 48.0196], [-1.6014, 48.0192], [-1.6014, 48.0178], [-1.6005, 48.0149], [-1.6012, 48.0149], [-1.6021, 48.0128], [-1.6029, 48.0128], [-1.6053, 48.0125], [-1.6112, 48.0125], [-1.6139, 48.0126], [-1.6158, 48.0119], [-1.6162, 48.0119], [-1.6181, 48.0123]]]]}, "geometry_name": "the_geom", "properties": {"CODE_DEP": "35", "CODE_COM": "35352", "NOM_COM": "Vern-sur-Seiche", "AGGLO": "Rennes Métropole", "LS_RP_SRU": 17.7, "EXEMPTION": "10 - 20%", "ANNEE": "2023/01/01"}}, {"type": "Feature", "id": "l_article_302_5_cch.73", "geometry": {"type": "MultiPolygon", "coordinates": [[[[-1.7815, 48.1209], [-1.7814, 48.121], [-1.781, 48.1219], [-1.7807, 48.1228], [-1.7804, 48.1228], [-1.7789, 48.1224], [-1.7786, 48.1223], [-1.7783, 48.1225], [-1.7777, 48.123], [-1.7767, 48.1249], [-1.7761, 48.1247], [-1.7739, 48.1243], [-1.7732, 48.1242], [-1.7729, 48.1251], [-1.7724, 48.1251], [-1.7714, 48.1248], [-1.7702, 48.1244], [-1.7694, 48.1245], [-1.7688, 48.1245], [-1.768, 48.1245], [-1.7672, 48.1244], [-1.7669, 48.1241], [-1.7637, 48.1236], [-1.7628, 48.1236], [-1.7627, 48.1238], [-1.7627, 48.1245], [-1.7625, 48.1246], [-1.7621, 48.1246], [-1.7615, 48.1242], [-1.7611, 48.1241], [-1.7593, 48.1243], [-1.7587, 48.1242], [-1.7579, 48.1269], [-1.757, 48.127], [-1.7565, 48.1269], [-1.7558, 48.1276], [-1.755, 48.1282], [-1.7537, 48.1299], [-1.7533, 48.1303], [-1.7531, 48.1306], [-1.7492, 48.13], [-1.7494, 48.1311], [-1.7492, 48.1312], [-1.7486, 48.131], [-1.7472, 48.1306], [-1.7466, 48.1303], [-1.7463, 48.1307], [-1.7458, 48.1318], [-1.7453, 48.1326], [-1.7438, 48.1324], [-1.7429, 48.1319], [-1.7429, 48.1319], [-1.7422, 48.1319], [-1.7417, 48.1317], [-1.7406, 48.1314], [-1.7397, 48.1314], [-1.7396, 48.1313], [-1.7394, 48.1312], [-1.7391, 48.1307], [-1.7386, 48.1304], [-1.7377, 48.1302], [-1.737, 48.1297], [-1.7365, 48.1293], [-1.7359, 48.129], [-1.7355, 48.1285], [-1.7345, 48.1281], [-1.732, 48.1273], [-1.731, 48.1269], [-1.7306, 48.1265], [-1.7298, 48.1262], [-1.7291, 48.1256], [-1.7284, 48.1254], [-1.7286, 48.125], [-1.7298, 48.1238], [-1.7301, 48.1233], [-1.73, 48.1232], [-1.7279, 48.1227], [-1.7257, 48.1224], [-1.7247, 48.122], [-1.724, 48.1215], [-1.7241, 48.1212], [-1.7246, 48.1206], [-1.7247, 48.1203], [-1.7245, 48.119], [-1.7258, 48.1171], [-1.7261, 48.1171], [-1.7265, 48.1171], [-1.7271, 48.1171], [-1.7286, 48.1166], [-1.7302, 48.1157], [-1.7309, 48.1151], [-1.7309, 48.1148], [-1.7299, 48.1138], [-1.7294, 48.1131], [-1.7288, 48.112], [-1.7284, 48.1115], [-1.728, 48.1113], [-1.7279, 48.1111], [-1.7279, 48.1108], [-1.7367, 48.1099], [-1.7364, 48.1087], [-1.7361, 48.1078], [-1.7366, 48.1071], [-1.7362, 48.1064], [-1.7363, 48.1058], [-1.7361, 48.1055], [-1.7354, 48.1054], [-1.7352, 48.1052], [-1.7347, 48.1052], [-1.7342, 48.1039], [-1.7343, 48.1038], [-1.7354, 48.1031], [-1.7365, 48.1023], [-1.7379, 48.1019], [-1.739, 48.1015], [-1.7402, 48.1013], [-1.7421, 48.1004], [-1.742, 48.0997], [-1.7421, 48.0993], [-1.7425, 48.0993], [-1.7427, 48.0994], [-1.743, 48.0995], [-1.743, 48.0998], [-1.7432, 48.1002], [-1.7442, 48.1017], [-1.746, 48.1032], [-1.7471, 48.1039], [-1.7474, 48.1042], [-1.7479, 48.1044], [-1.7488, 48.1049], [-1.7495, 48.1053], [-1.7498, 48.1055], [-1.7495, 48.1059], [-1.7496, 48.1061], [-1.7505, 48.1066], [-1.7508, 48.1066], [-1.7509, 48.1066], [-1.7513, 48.1065], [-1.7516, 48.1068], [-1.7524, 48.1067], [-1.7526, 48.1068], [-1.753, 48.1073], [-1.7535, 48.1073], [-1.7539, 48.1072], [-1.7543, 48.1069], [-1.755, 48.1068], [-1.7551, 48.1066], [-1.7556, 48.1064], [-1.7565, 48.1063], [-1.7574, 48.1066], [-1.7584, 48.1072], [-1.7591, 48.1076], [-1.7598, 48.1078], [-1.76, 48.108], [-1.7599, 48.1084], [-1.7603, 48.1087], [-1.7604, 48.109], [-1.7608, 48.1092], [-1.7614, 48.1098], [-1.7615, 48.1103], [-1.7618, 48.1104], [-1.7623, 48.1108], [-1.7628, 48.1108], [-1.7635, 48.1113], [-1.7645, 48.1115], [-1.7649, 48.1118], [-1.765, 48.1121], [-1.7651, 48.1128], [-1.7654, 48.1129], [-1.7663, 48.113], [-1.7667, 48.1132], [-1.7671, 48.1132], [-1.7673, 48.1131], [-1.7676, 48.113], [-1.7681, 48.1133], [-1.7688, 48.1133], [-1.7691, 48.1134], [-1.7692, 48.1139], [-1.7693, 48.114], [-1.77, 48.1142], [-1.7705, 48.1144], [-1.7707, 48.1148], [-1.7711, 48.115], [-1.7715, 48.115], [-1.7718, 48.1149], [-1.772, 48.1146], [-1.7724, 48.1145], [-1.7727, 48.1148], [-1.7729, 48.1152], [-1.7733, 48.1154], [-1.7736, 48.1158], [-1.7739, 48.1158], [-1.7743, 48.1157], [-1.7744, 48.1159], [-1.7743, 48.1162], [-1.775, 48.1166], [-1.7751, 48.117], [-1.7758, 48.1174], [-1.7762, 48.1174], [-1.7763, 48.1173], [-1.7767, 48.1173], [-1.7773, 48.1177], [-1.778, 48.1177], [-1.7784, 48.1179], [-1.7792, 48.1179], [-1.7797, 48.1182], [-1.7799, 48.1184], [-1.7798, 48.1187], [-1.7799, 48.1191], [-1.7799, 48.1195], [-1.7801, 48.1195], [-1.781, 48.1202], [-1.7815, 48.1209]]]]}, "geometry_name": "the_geom", "properties": {"CODE_DEP": "35", "CODE_COM": "35353", "NOM_COM": "Vezin-le-Coquet", "AGGLO": "Rennes Métropole", "LS_RP_SRU": 24.21, "EXEMPTION": "> 20%", "ANNEE": "2023/01/01"}}, {"type": "Feature", "id": "l_article_302_5_cch.75", "geometry": {"type": "MultiPolygon", "coordinates": [[[[-1.7086, 48.0236], [-1.7086, 48.0235], [-1.7082, 48.0231], [-1.7077, 48.0231], [-1.7061, 48.0234], [-1.7058, 48.0237], [-1.7039, 48.0249], [-1.7031, 48.0252], [-1.7026, 48.0254], [-1.7019, 48.0255], [-1.7009, 48.0256], [-1.699, 48.0251], [-1.698, 48.0252], [-1.6976, 48.0255], [-1.6973, 48.0257], [-1.6973, 48.0266], [-1.6969, 48.0269], [-1.695, 48.0272], [-1.6938, 48.0274], [-1.6937, 48.0277], [-1.6937, 48.028], [-1.6941, 48.0284], [-1.6941, 48.0285], [-1.694, 48.0286], [-1.693, 48.0285], [-1.6924, 48.0285], [-1.6922, 48.0287], [-1.6923, 48.029], [-1.6925, 48.0294], [-1.6926, 48.0299], [-1.6922, 48.0302], [-1.6911, 48.0303], [-1.6908, 48.0305], [-1.6903, 48.0301], [-1.69, 48.0302], [-1.6895, 48.0304], [-1.6888, 48.0306], [-1.6884, 48.0306], [-1.6882, 48.0299], [-1.6873, 48.0299], [-1.6861, 48.0291], [-1.686, 48.0283], [-1.6845, 48.0283], [-1.6825, 48.0279], [-1.6821, 48.0275], [-1.6814, 48.0276], [-1.6811, 48.0277], [-1.6808, 48.0276], [-1.6804, 48.0257], [-1.6813, 48.0256], [-1.6817, 48.0254], [-1.6819, 48.0251], [-1.6821, 48.0242], [-1.6819, 48.0226], [-1.6816, 48.0206], [-1.6816, 48.0202], [-1.6819, 48.0199], [-1.682, 48.0194], [-1.682, 48.0191], [-1.6825, 48.019], [-1.6826, 48.0189], [-1.6825, 48.0186], [-1.6819, 48.018], [-1.6817, 48.018], [-1.6813, 48.0182], [-1.6809, 48.0182], [-1.6805, 48.0169], [-1.6799, 48.0169], [-1.6797, 48.0169], [-1.68, 48.0165], [-1.68, 48.0159], [-1.6798, 48.0152], [-1.6794, 48.0148], [-1.6793, 48.0142], [-1.6797, 48.0135], [-1.68, 48.0132], [-1.6807, 48.0131], [-1.6793, 48.0072], [-1.6792, 48.007], [-1.6777, 48.0063], [-1.6773, 48.0062], [-1.677, 48.0049], [-1.6767, 48.0045], [-1.6762, 48.0043], [-1.6756, 48.0042], [-1.6762, 48.0035], [-1.6767, 48.0035], [-1.677, 48.0023], [-1.6783, 48.0018], [-1.6788, 48.0015], [-1.6799, 47.9999], [-1.6802, 47.9997], [-1.6806, 47.9993], [-1.6827, 47.9978], [-1.683, 47.9976], [-1.6851, 47.9961], [-1.6875, 47.9944], [-1.6882, 47.9941], [-1.6905, 47.9926], [-1.6908, 47.9924], [-1.6913, 47.9923], [-1.6923, 47.9926], [-1.6928, 47.9926], [-1.6938, 47.9923], [-1.6964, 47.9922], [-1.6971, 47.9924], [-1.7012, 47.9929], [-1.7013, 47.9943], [-1.7019, 47.9972], [-1.7037, 47.9984], [-1.7039, 47.9989], [-1.7051, 48.0014], [-1.7054, 48.0014], [-1.7069, 48.001], [-1.7092, 48.0007], [-1.7098, 48.0005], [-1.7124, 47.9997], [-1.7133, 47.9996], [-1.7143, 48.0008], [-1.7143, 48.0017], [-1.7145, 48.0023], [-1.7144, 48.0029], [-1.7145, 48.0041], [-1.7145, 48.0046], [-1.7157, 48.0052], [-1.7168, 48.0064], [-1.7178, 48.0072], [-1.7182, 48.0069], [-1.7185, 48.0071], [-1.7191, 48.0073], [-1.7188, 48.0077], [-1.7185, 48.0079], [-1.7184, 48.0081], [-1.7182, 48.0083], [-1.7183, 48.0085], [-1.7185, 48.0085], [-1.7187, 48.0086], [-1.7192, 48.0089], [-1.7194, 48.0089], [-1.7193, 48.0098], [-1.7185, 48.0099], [-1.7186, 48.0102], [-1.7188, 48.0103], [-1.7187, 48.0107], [-1.7187, 48.0113], [-1.7175, 48.0121], [-1.7174, 48.0124], [-1.7171, 48.013], [-1.7172, 48.0137], [-1.7174, 48.0138], [-1.717, 48.0147], [-1.7137, 48.0147], [-1.7115, 48.0148], [-1.7119, 48.0153], [-1.7136, 48.0177], [-1.7138, 48.0186], [-1.7146, 48.0199], [-1.7145, 48.0206], [-1.7142, 48.0211], [-1.7134, 48.0216], [-1.7127, 48.0219], [-1.712, 48.0226], [-1.7114, 48.0225], [-1.7112, 48.0227], [-1.7111, 48.0231], [-1.7108, 48.0234], [-1.7099, 48.0231], [-1.7094, 48.0235], [-1.7086, 48.0236]]]]}, "geometry_name": "the_geom", "properties": {"CODE_DEP": "35", "CODE_COM": "35363", "NOM_COM": "Pont-Péan", "AGGLO": "Rennes Métropole", "LS_RP_SRU": 16.81, "EXEMPTION": "10 - 20%", "ANNEE": "2023/01/01"}}], "totalFeatures": 30, "numberMatched": 30, "numberReturned": 30, "timeStamp": "2026-07-04T17:56:26.532Z", "crs": {"type": "name", "properties": {"name": "urn:ogc:def:crs:EPSG::4326"}}}